<?xml version="1.0" encoding="UTF-8"?>
<session sessioncode="5052721568">
<general>
<client_version>25.1.1.16</client_version>
<mode>real</mode>
<gametype>Holdem NL</gametype>
<tablename>Twister €100 SNG, 815540031</tablename>
<tournamentcode>815540030</tournamentcode>
<tournamentname>Twister €100 SNG</tournamentname>
<buyin>€0 + €7 + €93</buyin>
<totalbuyin>€100</totalbuyin>
<rewarddrawn>€200</rewarddrawn>
<tournamentcurrency>EUR</tournamentcurrency>
<currency>EUR</currency>
<nickname>Rakki</nickname>
<gamecount>29</gamecount>
<startdate>2025-08-10 14:50:31</startdate>
<place>2</place>
<win>€0</win>
<tablesize>3</tablesize>
</general>
<game gamecode="6449960546"><general><startdate>2025-08-10 14:50:46</startdate>
<round>1</round>
<failsafecounter/>
<players><player seat="6" name="OndaBianca1" chips="500" dealer="0" win="0" bet="50" muck="1" rebuy="0" addon="0" merge="0" rebuychips="0" reg_code="5052721299"/>
<player seat="10" name="Rakki" chips="500" dealer="1" win="0" bet="0" muck="1" rebuy="0" addon="0" merge="0" rebuychips="0" reg_code="5052721568"/>
<player seat="3" name="Sottosalpontos" chips="500" dealer="0" win="100" bet="75" muck="1" rebuy="0" addon="0" merge="0" rebuychips="0" reg_code="5052721205"/>
</players>
</general>
<round no="0"><action no="1" player="Sottosalpontos" type="1" discard="1" dealt="1" sum="10"/>
<action no="2" player="OndaBianca1" type="2" discard="1" dealt="1" sum="20"/>
</round>
<round no="1"><cards type="Pocket" player="Rakki">H3 CK</cards>
<cards type="Pocket" player="OndaBianca1">X X</cards>
<cards type="Pocket" player="Sottosalpontos">X X</cards>
<action no="3" player="Rakki" type="0" sum="0"/>
<action no="4" player="Sottosalpontos" type="23" discard="1" dealt="1" sum="50"/>
<action no="5" player="OndaBianca1" type="3" discard="1" dealt="1" sum="30"/>
</round>
<round no="2"><cards type="Flop">C3 SK C10</cards>
<action no="6" player="Sottosalpontos" type="5" discard="1" dealt="1" sum="25"/>
<action no="7" player="OndaBianca1" type="0" discard="1" dealt="1" sum="0"/>
</round>
</game>
<game gamecode="6449960570"><general><startdate>2025-08-10 14:51:04</startdate>
<round>1</round>
<failsafecounter/>
<players><player seat="10" name="Rakki" chips="500" dealer="0" win="20" bet="20" muck="1" rebuy="0" addon="0" merge="0" rebuychips="0" reg_code="5052721568"/>
<player seat="3" name="Sottosalpontos" chips="550" dealer="1" win="0" bet="0" muck="1" rebuy="0" addon="0" merge="0" rebuychips="0" reg_code="5052721205"/>
<player seat="6" name="OndaBianca1" chips="450" dealer="0" win="0" bet="10" muck="1" rebuy="0" addon="0" merge="0" rebuychips="0" reg_code="5052721299"/>
</players>
</general>
<round no="0"><action no="1" player="OndaBianca1" type="1" discard="1" dealt="1" sum="10"/>
<action no="2" player="Rakki" type="2" sum="20"/>
</round>
<round no="1"><cards type="Pocket" player="OndaBianca1">X X</cards>
<cards type="Pocket" player="Rakki">CK S2</cards>
<cards type="Pocket" player="Sottosalpontos">X X</cards>
<action no="3" player="Sottosalpontos" type="0" discard="1" dealt="1" sum="0"/>
<action no="4" player="OndaBianca1" type="0" discard="1" dealt="1" sum="0"/>
</round>
</game>
<game gamecode="6449960583"><general><startdate>2025-08-10 14:51:11</startdate>
<round>1</round>
<failsafecounter/>
<players><player seat="3" name="Sottosalpontos" chips="550" dealer="0" win="0" bet="210" muck="1" rebuy="0" addon="0" merge="0" rebuychips="0" reg_code="5052721205"/>
<player seat="6" name="OndaBianca1" chips="440" dealer="1" win="0" bet="0" muck="1" rebuy="0" addon="0" merge="0" rebuychips="0" reg_code="5052721299"/>
<player seat="10" name="Rakki" chips="510" dealer="0" win="420" bet="510" muck="1" rebuy="0" addon="0" merge="0" rebuychips="0" reg_code="5052721568"/>
</players>
</general>
<round no="0"><action no="1" player="Rakki" type="1" sum="10"/>
<action no="2" player="Sottosalpontos" type="2" discard="1" dealt="1" sum="20"/>
</round>
<round no="1"><cards type="Pocket" player="OndaBianca1">X X</cards>
<cards type="Pocket" player="Rakki">DK SA</cards>
<cards type="Pocket" player="Sottosalpontos">X X</cards>
<action no="3" player="OndaBianca1" type="0" discard="1" dealt="1" sum="0"/>
<action no="4" player="Rakki" type="23" sum="60"/>
<action no="5" player="Sottosalpontos" type="3" discard="1" dealt="1" sum="40"/>
</round>
<round no="2"><cards type="Flop">D3 HJ S3</cards>
<action no="6" player="Rakki" type="5" sum="30"/>
<action no="7" player="Sottosalpontos" type="3" discard="1" dealt="1" sum="30"/>
</round>
<round no="3"><cards type="Turn">SK</cards>
<action no="8" player="Rakki" type="5" sum="120"/>
<action no="9" player="Sottosalpontos" type="3" discard="1" dealt="1" sum="120"/>
</round>
<round no="4"><cards type="River">S4</cards>
<action no="10" player="Rakki" type="5" sum="300"/>
<action no="11" player="Sottosalpontos" type="0" discard="1" dealt="1" sum="0"/>
</round>
</game>
<game gamecode="6449960643"><general><startdate>2025-08-10 14:51:59</startdate>
<round>1</round>
<failsafecounter/>
<players><player seat="6" name="OndaBianca1" chips="440" dealer="0" win="0" bet="20" muck="1" rebuy="0" addon="0" merge="0" rebuychips="0" reg_code="5052721299"/>
<player seat="10" name="Rakki" chips="720" dealer="1" win="0" bet="0" muck="1" rebuy="0" addon="0" merge="0" rebuychips="0" reg_code="5052721568"/>
<player seat="3" name="Sottosalpontos" chips="340" dealer="0" win="40" bet="50" muck="1" rebuy="0" addon="0" merge="0" rebuychips="0" reg_code="5052721205"/>
</players>
</general>
<round no="0"><action no="1" player="Sottosalpontos" type="1" discard="1" dealt="1" sum="10"/>
<action no="2" player="OndaBianca1" type="2" discard="1" dealt="1" sum="20"/>
</round>
<round no="1"><cards type="Pocket" player="OndaBianca1">X X</cards>
<cards type="Pocket" player="Sottosalpontos">X X</cards>
<cards type="Pocket" player="Rakki">SA H2</cards>
<action no="3" player="Rakki" type="0" sum="0"/>
<action no="4" player="Sottosalpontos" type="23" discard="1" dealt="1" sum="50"/>
<action no="5" player="OndaBianca1" type="0" discard="1" dealt="1" sum="0"/>
</round>
</game>
<game gamecode="6449960658"><general><startdate>2025-08-10 14:52:09</startdate>
<round>1</round>
<failsafecounter/>
<players><player seat="10" name="Rakki" chips="720" dealer="0" win="0" bet="20" muck="1" rebuy="0" addon="0" merge="0" rebuychips="0" reg_code="5052721568"/>
<player seat="3" name="Sottosalpontos" chips="360" dealer="1" win="0" bet="0" muck="1" rebuy="0" addon="0" merge="0" rebuychips="0" reg_code="5052721205"/>
<player seat="6" name="OndaBianca1" chips="420" dealer="0" win="40" bet="20" muck="0" rebuy="0" addon="0" merge="0" rebuychips="0" reg_code="5052721299"/>
</players>
</general>
<round no="0"><action no="1" player="OndaBianca1" type="1" discard="1" dealt="1" sum="10"/>
<action no="2" player="Rakki" type="2" sum="20"/>
</round>
<round no="1"><cards type="Pocket" player="Rakki">S7 C4</cards>
<cards type="Pocket" player="Sottosalpontos">X X</cards>
<cards type="Pocket" player="OndaBianca1">DJ H10</cards>
<action no="3" player="Sottosalpontos" type="0" discard="1" dealt="1" sum="0"/>
<action no="4" player="OndaBianca1" type="3" discard="1" dealt="1" sum="10"/>
<action no="5" player="Rakki" type="4" sum="0"/>
</round>
<round no="2"><cards type="Flop">HA SJ S5</cards>
<action no="6" player="OndaBianca1" type="4" discard="1" dealt="1" sum="0"/>
<action no="7" player="Rakki" type="4" sum="0"/>
</round>
<round no="3"><cards type="Turn">H5</cards>
<action no="8" player="OndaBianca1" type="4" discard="1" dealt="1" sum="0"/>
<action no="9" player="Rakki" type="4" sum="0"/>
</round>
<round no="4"><cards type="River">SK</cards>
<action no="10" player="OndaBianca1" type="4" discard="1" dealt="1" sum="0"/>
<action no="11" player="Rakki" type="4" sum="0"/>
</round>
</game>
<game gamecode="6449960693"><general><startdate>2025-08-10 14:52:31</startdate>
<round>1</round>
<failsafecounter/>
<players><player seat="3" name="Sottosalpontos" chips="360" dealer="0" win="0" bet="35" muck="1" rebuy="0" addon="0" merge="0" rebuychips="0" reg_code="5052721205"/>
<player seat="6" name="OndaBianca1" chips="440" dealer="1" win="0" bet="5" muck="1" rebuy="0" addon="0" merge="0" rebuychips="0" reg_code="5052721299"/>
<player seat="10" name="Rakki" chips="700" dealer="0" win="75" bet="700" muck="1" rebuy="0" addon="0" merge="0" rebuychips="0" reg_code="5052721568"/>
</players>
</general>
<round no="0"><action no="1" player="Rakki" type="15" sum="5"/>
<action no="2" player="Sottosalpontos" type="15" discard="1" dealt="1" sum="5"/>
<action no="3" player="OndaBianca1" type="15" discard="1" dealt="1" sum="5"/>
<action no="4" player="Rakki" type="1" sum="15"/>
<action no="5" player="Sottosalpontos" type="2" discard="1" dealt="1" sum="30"/>
</round>
<round no="1"><cards type="Pocket" player="Rakki">CK SQ</cards>
<cards type="Pocket" player="Sottosalpontos">X X</cards>
<cards type="Pocket" player="OndaBianca1">X X</cards>
<action no="6" player="OndaBianca1" type="0" discard="1" dealt="1" sum="0"/>
<action no="7" player="Rakki" type="23" sum="695"/>
<action no="8" player="Sottosalpontos" type="0" discard="1" dealt="1" sum="0"/>
</round>
</game>
<game gamecode="6449960710"><general><startdate>2025-08-10 14:52:43</startdate>
<round>1</round>
<failsafecounter/>
<players><player seat="6" name="OndaBianca1" chips="435" dealer="0" win="0" bet="35" muck="1" rebuy="0" addon="0" merge="0" rebuychips="0" reg_code="5052721299"/>
<player seat="10" name="Rakki" chips="740" dealer="1" win="90" bet="740" muck="1" rebuy="0" addon="0" merge="0" rebuychips="0" reg_code="5052721568"/>
<player seat="3" name="Sottosalpontos" chips="325" dealer="0" win="0" bet="20" muck="1" rebuy="0" addon="0" merge="0" rebuychips="0" reg_code="5052721205"/>
</players>
</general>
<round no="0"><action no="1" player="Sottosalpontos" type="15" discard="1" dealt="1" sum="5"/>
<action no="2" player="OndaBianca1" type="15" discard="1" dealt="1" sum="5"/>
<action no="3" player="Rakki" type="15" sum="5"/>
<action no="4" player="Sottosalpontos" type="1" discard="1" dealt="1" sum="15"/>
<action no="5" player="OndaBianca1" type="2" discard="1" dealt="1" sum="30"/>
</round>
<round no="1"><cards type="Pocket" player="OndaBianca1">X X</cards>
<cards type="Pocket" player="Sottosalpontos">X X</cards>
<cards type="Pocket" player="Rakki">HK CA</cards>
<action no="6" player="Rakki" type="23" sum="735"/>
<action no="7" player="Sottosalpontos" type="0" discard="1" dealt="1" sum="0"/>
<action no="8" player="OndaBianca1" type="0" discard="1" dealt="1" sum="0"/>
</round>
</game>
<game gamecode="6449960729"><general><startdate>2025-08-10 14:52:54</startdate>
<round>1</round>
<failsafecounter/>
<players><player seat="10" name="Rakki" chips="795" dealer="0" win="45" bet="35" muck="1" rebuy="0" addon="0" merge="0" rebuychips="0" reg_code="5052721568"/>
<player seat="3" name="Sottosalpontos" chips="305" dealer="1" win="0" bet="5" muck="1" rebuy="0" addon="0" merge="0" rebuychips="0" reg_code="5052721205"/>
<player seat="6" name="OndaBianca1" chips="400" dealer="0" win="0" bet="20" muck="1" rebuy="0" addon="0" merge="0" rebuychips="0" reg_code="5052721299"/>
</players>
</general>
<round no="0"><action no="1" player="OndaBianca1" type="15" discard="1" dealt="1" sum="5"/>
<action no="2" player="Rakki" type="15" sum="5"/>
<action no="3" player="Sottosalpontos" type="15" discard="1" dealt="1" sum="5"/>
<action no="4" player="OndaBianca1" type="1" discard="1" dealt="1" sum="15"/>
<action no="5" player="Rakki" type="2" sum="30"/>
</round>
<round no="1"><cards type="Pocket" player="Sottosalpontos">X X</cards>
<cards type="Pocket" player="OndaBianca1">X X</cards>
<cards type="Pocket" player="Rakki">D9 H3</cards>
<action no="6" player="Sottosalpontos" type="0" discard="1" dealt="1" sum="0"/>
<action no="7" player="OndaBianca1" type="0" discard="1" dealt="1" sum="0"/>
</round>
</game>
<game gamecode="6449960743"><general><startdate>2025-08-10 14:53:01</startdate>
<round>1</round>
<failsafecounter/>
<players><player seat="3" name="Sottosalpontos" chips="300" dealer="0" win="620" bet="300" muck="0" rebuy="0" addon="0" merge="0" rebuychips="0" reg_code="5052721205"/>
<player seat="6" name="OndaBianca1" chips="380" dealer="1" win="0" bet="380" muck="1" rebuy="0" addon="0" merge="0" rebuychips="0" reg_code="5052721299"/>
<player seat="10" name="Rakki" chips="820" dealer="0" win="0" bet="20" muck="1" rebuy="0" addon="0" merge="0" rebuychips="0" reg_code="5052721568"/>
</players>
</general>
<round no="0"><action no="1" player="Rakki" type="15" sum="5"/>
<action no="2" player="Sottosalpontos" type="15" discard="1" dealt="1" sum="5"/>
<action no="3" player="OndaBianca1" type="15" discard="1" dealt="1" sum="5"/>
<action no="4" player="Rakki" type="1" sum="15"/>
<action no="5" player="Sottosalpontos" type="2" discard="1" dealt="1" sum="30"/>
</round>
<round no="1"><cards type="Pocket" player="Sottosalpontos">H7 SA</cards>
<cards type="Pocket" player="OndaBianca1">D6 D7</cards>
<cards type="Pocket" player="Rakki">S6 S3</cards>
<action no="6" player="OndaBianca1" type="23" discard="1" dealt="1" sum="375"/>
<action no="7" player="Rakki" type="0" sum="0"/>
<action no="8" player="Sottosalpontos" type="7" discard="1" dealt="1" sum="265"/>
</round>
<round no="2"><cards type="Flop">S9 HJ HK</cards>
</round>
<round no="3"><cards type="Turn">S2</cards>
</round>
<round no="4"><cards type="River">HA</cards>
</round>
</game>
<game gamecode="6449960774"><general><startdate>2025-08-10 14:53:21</startdate>
<round>1</round>
<failsafecounter/>
<players><player seat="6" name="OndaBianca1" chips="80" dealer="0" win="225" bet="80" muck="0" rebuy="0" addon="0" merge="0" rebuychips="0" reg_code="5052721299"/>
<player seat="10" name="Rakki" chips="800" dealer="1" win="0" bet="65" muck="1" rebuy="0" addon="0" merge="0" rebuychips="0" reg_code="5052721568"/>
<player seat="3" name="Sottosalpontos" chips="620" dealer="0" win="0" bet="620" muck="0" rebuy="0" addon="0" merge="0" rebuychips="0" reg_code="5052721205"/>
</players>
</general>
<round no="0"><action no="1" player="Sottosalpontos" type="15" discard="1" dealt="1" sum="5"/>
<action no="2" player="OndaBianca1" type="15" discard="1" dealt="1" sum="5"/>
<action no="3" player="Rakki" type="15" sum="5"/>
<action no="4" player="Sottosalpontos" type="1" discard="1" dealt="1" sum="15"/>
<action no="5" player="OndaBianca1" type="2" discard="1" dealt="1" sum="30"/>
</round>
<round no="1"><cards type="Pocket" player="OndaBianca1">CA C9</cards>
<cards type="Pocket" player="Sottosalpontos">DA SJ</cards>
<cards type="Pocket" player="Rakki">C7 SK</cards>
<action no="6" player="Rakki" type="23" sum="60"/>
<action no="7" player="Sottosalpontos" type="23" discard="1" dealt="1" sum="615"/>
<action no="8" player="OndaBianca1" type="7" discard="1" dealt="1" sum="45"/>
<action no="9" player="Rakki" type="0" sum="0"/>
</round>
<round no="2"><cards type="Flop">S10 H4 D9</cards>
</round>
<round no="3"><cards type="Turn">S4</cards>
</round>
<round no="4"><cards type="River">D5</cards>
</round>
</game>
<game gamecode="6449960801"><general><startdate>2025-08-10 14:53:40</startdate>
<round>1</round>
<failsafecounter/>
<players><player seat="10" name="Rakki" chips="735" dealer="0" win="0" bet="35" muck="1" rebuy="0" addon="0" merge="0" rebuychips="0" reg_code="5052721568"/>
<player seat="3" name="Sottosalpontos" chips="540" dealer="1" win="90" bet="65" muck="1" rebuy="0" addon="0" merge="0" rebuychips="0" reg_code="5052721205"/>
<player seat="6" name="OndaBianca1" chips="225" dealer="0" win="0" bet="20" muck="1" rebuy="0" addon="0" merge="0" rebuychips="0" reg_code="5052721299"/>
</players>
</general>
<round no="0"><action no="1" player="OndaBianca1" type="15" discard="1" dealt="1" sum="5"/>
<action no="2" player="Rakki" type="15" sum="5"/>
<action no="3" player="Sottosalpontos" type="15" discard="1" dealt="1" sum="5"/>
<action no="4" player="OndaBianca1" type="1" discard="1" dealt="1" sum="15"/>
<action no="5" player="Rakki" type="2" sum="30"/>
</round>
<round no="1"><cards type="Pocket" player="Rakki">H4 SQ</cards>
<cards type="Pocket" player="OndaBianca1">X X</cards>
<cards type="Pocket" player="Sottosalpontos">X X</cards>
<action no="6" player="Sottosalpontos" type="23" discard="1" dealt="1" sum="60"/>
<action no="7" player="OndaBianca1" type="0" discard="1" dealt="1" sum="0"/>
<action no="8" player="Rakki" type="0" sum="0"/>
</round>
</game>
<game gamecode="6449960824"><general><startdate>2025-08-10 14:53:51</startdate>
<round>1</round>
<failsafecounter/>
<players><player seat="3" name="Sottosalpontos" chips="595" dealer="0" win="0" bet="35" muck="1" rebuy="0" addon="0" merge="0" rebuychips="0" reg_code="5052721205"/>
<player seat="6" name="OndaBianca1" chips="205" dealer="1" win="0" bet="205" muck="0" rebuy="0" addon="0" merge="0" rebuychips="0" reg_code="5052721299"/>
<player seat="10" name="Rakki" chips="700" dealer="0" win="445" bet="700" muck="0" rebuy="0" addon="0" merge="0" rebuychips="0" reg_code="5052721568"/>
</players>
</general>
<round no="0"><action no="1" player="Rakki" type="15" sum="5"/>
<action no="2" player="Sottosalpontos" type="15" discard="1" dealt="1" sum="5"/>
<action no="3" player="OndaBianca1" type="15" discard="1" dealt="1" sum="5"/>
<action no="4" player="Rakki" type="1" sum="15"/>
<action no="5" player="Sottosalpontos" type="2" discard="1" dealt="1" sum="30"/>
</round>
<round no="1"><cards type="Pocket" player="OndaBianca1">H10 D10</cards>
<cards type="Pocket" player="Sottosalpontos">X X</cards>
<cards type="Pocket" player="Rakki">DK DJ</cards>
<action no="6" player="OndaBianca1" type="23" discard="1" dealt="1" sum="200"/>
<action no="7" player="Rakki" type="23" sum="695"/>
<action no="8" player="Sottosalpontos" type="0" discard="1" dealt="1" sum="0"/>
</round>
<round no="2"><cards type="Flop">D9 D8 S10</cards>
</round>
<round no="3"><cards type="Turn">S3</cards>
</round>
<round no="4"><cards type="River">D6</cards>
</round>
</game>
<game gamecode="6449960852"><general><startdate>2025-08-10 14:54:08</startdate>
<round>1</round>
<failsafecounter/>
<players><player seat="3" name="Sottosalpontos" chips="560" dealer="0" win="170" bet="165" muck="1" rebuy="0" addon="0" merge="0" rebuychips="0" reg_code="5052721205"/>
<player seat="10" name="Rakki" chips="940" dealer="1" win="0" bet="85" muck="1" rebuy="0" addon="0" merge="0" rebuychips="0" reg_code="5052721568"/>
</players>
</general>
<round no="0"><action no="1" player="Rakki" type="15" sum="5"/>
<action no="2" player="Sottosalpontos" type="15" discard="1" dealt="1" sum="5"/>
<action no="3" player="Rakki" type="1" sum="20"/>
<action no="4" player="Sottosalpontos" type="2" discard="1" dealt="1" sum="40"/>
</round>
<round no="1"><cards type="Pocket" player="Sottosalpontos">X X</cards>
<cards type="Pocket" player="Rakki">DQ H6</cards>
<action no="5" player="Rakki" type="3" sum="20"/>
<action no="6" player="Sottosalpontos" type="4" discard="1" dealt="1" sum="0"/>
</round>
<round no="2"><cards type="Flop">HA D7 D2</cards>
<action no="7" player="Sottosalpontos" type="4" discard="1" dealt="1" sum="0"/>
<action no="8" player="Rakki" type="5" sum="40"/>
<action no="9" player="Sottosalpontos" type="23" discard="1" dealt="1" sum="120"/>
<action no="10" player="Rakki" type="0" sum="0"/>
</round>
</game>
<game gamecode="6449960893"><general><startdate>2025-08-10 14:54:28</startdate>
<round>1</round>
<failsafecounter/>
<players><player seat="10" name="Rakki" chips="855" dealer="0" win="0" bet="45" muck="1" rebuy="0" addon="0" merge="0" rebuychips="0" reg_code="5052721568"/>
<player seat="3" name="Sottosalpontos" chips="645" dealer="1" win="90" bet="90" muck="1" rebuy="0" addon="0" merge="0" rebuychips="0" reg_code="5052721205"/>
</players>
</general>
<round no="0"><action no="1" player="Sottosalpontos" type="15" discard="1" dealt="1" sum="5"/>
<action no="2" player="Rakki" type="15" sum="5"/>
<action no="3" player="Sottosalpontos" type="1" discard="1" dealt="1" sum="20"/>
<action no="4" player="Rakki" type="2" sum="40"/>
</round>
<round no="1"><cards type="Pocket" player="Rakki">S2 SK</cards>
<cards type="Pocket" player="Sottosalpontos">X X</cards>
<action no="5" player="Sottosalpontos" type="3" discard="1" dealt="1" sum="20"/>
<action no="6" player="Rakki" type="4" sum="0"/>
</round>
<round no="2"><cards type="Flop">DJ D5 C6</cards>
<action no="7" player="Rakki" type="4" sum="0"/>
<action no="8" player="Sottosalpontos" type="5" discard="1" dealt="1" sum="45"/>
<action no="9" player="Rakki" type="0" sum="0"/>
</round>
</game>
<game gamecode="6449960917"><general><startdate>2025-08-10 14:54:42</startdate>
<round>1</round>
<failsafecounter/>
<players><player seat="3" name="Sottosalpontos" chips="690" dealer="0" win="90" bet="690" muck="1" rebuy="0" addon="0" merge="0" rebuychips="0" reg_code="5052721205"/>
<player seat="10" name="Rakki" chips="810" dealer="1" win="0" bet="45" muck="1" rebuy="0" addon="0" merge="0" rebuychips="0" reg_code="5052721568"/>
</players>
</general>
<round no="0"><action no="1" player="Rakki" type="15" sum="5"/>
<action no="2" player="Sottosalpontos" type="15" discard="1" dealt="1" sum="5"/>
<action no="3" player="Rakki" type="1" sum="20"/>
<action no="4" player="Sottosalpontos" type="2" discard="1" dealt="1" sum="40"/>
</round>
<round no="1"><cards type="Pocket" player="Sottosalpontos">X X</cards>
<cards type="Pocket" player="Rakki">SQ S5</cards>
<action no="5" player="Rakki" type="3" sum="20"/>
<action no="6" player="Sottosalpontos" type="23" discard="1" dealt="1" sum="685"/>
<action no="7" player="Rakki" type="0" sum="0"/>
</round>
</game>
<game gamecode="6449960939"><general><startdate>2025-08-10 14:54:52</startdate>
<round>1</round>
<failsafecounter/>
<players><player seat="10" name="Rakki" chips="765" dealer="0" win="0" bet="45" muck="1" rebuy="0" addon="0" merge="0" rebuychips="0" reg_code="5052721568"/>
<player seat="3" name="Sottosalpontos" chips="735" dealer="1" win="90" bet="85" muck="1" rebuy="0" addon="0" merge="0" rebuychips="0" reg_code="5052721205"/>
</players>
</general>
<round no="0"><action no="1" player="Sottosalpontos" type="15" discard="1" dealt="1" sum="5"/>
<action no="2" player="Rakki" type="15" sum="5"/>
<action no="3" player="Sottosalpontos" type="1" discard="1" dealt="1" sum="20"/>
<action no="4" player="Rakki" type="2" sum="40"/>
</round>
<round no="1"><cards type="Pocket" player="Rakki">S7 C4</cards>
<cards type="Pocket" player="Sottosalpontos">X X</cards>
<action no="5" player="Sottosalpontos" type="23" discard="1" dealt="1" sum="80"/>
<action no="6" player="Rakki" type="0" sum="0"/>
</round>
</game>
<game gamecode="6449960946"><general><startdate>2025-08-10 14:55:00</startdate>
<round>1</round>
<failsafecounter/>
<players><player seat="3" name="Sottosalpontos" chips="780" dealer="0" win="170" bet="205" muck="1" rebuy="0" addon="0" merge="0" rebuychips="0" reg_code="5052721205"/>
<player seat="10" name="Rakki" chips="720" dealer="1" win="0" bet="85" muck="1" rebuy="0" addon="0" merge="0" rebuychips="0" reg_code="5052721568"/>
</players>
</general>
<round no="0"><action no="1" player="Rakki" type="15" sum="5"/>
<action no="2" player="Sottosalpontos" type="15" discard="1" dealt="1" sum="5"/>
<action no="3" player="Rakki" type="1" sum="20"/>
<action no="4" player="Sottosalpontos" type="2" discard="1" dealt="1" sum="40"/>
</round>
<round no="1"><cards type="Pocket" player="Sottosalpontos">X X</cards>
<cards type="Pocket" player="Rakki">C10 D3</cards>
<action no="5" player="Rakki" type="3" sum="20"/>
<action no="6" player="Sottosalpontos" type="4" discard="1" dealt="1" sum="0"/>
</round>
<round no="2"><cards type="Flop">D7 CA SQ</cards>
<action no="7" player="Sottosalpontos" type="4" discard="1" dealt="1" sum="0"/>
<action no="8" player="Rakki" type="5" sum="40"/>
<action no="9" player="Sottosalpontos" type="3" discard="1" dealt="1" sum="40"/>
</round>
<round no="3"><cards type="Turn">H3</cards>
<action no="10" player="Sottosalpontos" type="4" discard="1" dealt="1" sum="0"/>
<action no="11" player="Rakki" type="4" sum="0"/>
</round>
<round no="4"><cards type="River">C9</cards>
<action no="12" player="Sottosalpontos" type="5" discard="1" dealt="1" sum="120"/>
<action no="13" player="Rakki" type="0" sum="0"/>
</round>
</game>
<game gamecode="6449960977"><general><startdate>2025-08-10 14:55:19</startdate>
<round>1</round>
<failsafecounter/>
<players><player seat="10" name="Rakki" chips="635" dealer="0" win="90" bet="165" muck="1" rebuy="0" addon="0" merge="0" rebuychips="0" reg_code="5052721568"/>
<player seat="3" name="Sottosalpontos" chips="865" dealer="1" win="0" bet="45" muck="1" rebuy="0" addon="0" merge="0" rebuychips="0" reg_code="5052721205"/>
</players>
</general>
<round no="0"><action no="1" player="Sottosalpontos" type="15" discard="1" dealt="1" sum="5"/>
<action no="2" player="Rakki" type="15" sum="5"/>
<action no="3" player="Sottosalpontos" type="1" discard="1" dealt="1" sum="20"/>
<action no="4" player="Rakki" type="2" sum="40"/>
</round>
<round no="1"><cards type="Pocket" player="Rakki">S9 C7</cards>
<cards type="Pocket" player="Sottosalpontos">X X</cards>
<action no="5" player="Sottosalpontos" type="3" discard="1" dealt="1" sum="20"/>
<action no="6" player="Rakki" type="4" sum="0"/>
</round>
<round no="2"><cards type="Flop">C6 S6 SK</cards>
<action no="7" player="Rakki" type="4" sum="0"/>
<action no="8" player="Sottosalpontos" type="4" discard="1" dealt="1" sum="0"/>
</round>
<round no="3"><cards type="Turn">S7</cards>
<action no="9" player="Rakki" type="4" sum="0"/>
<action no="10" player="Sottosalpontos" type="4" discard="1" dealt="1" sum="0"/>
</round>
<round no="4"><cards type="River">H7</cards>
<action no="11" player="Rakki" type="5" sum="120"/>
<action no="12" player="Sottosalpontos" type="0" discard="1" dealt="1" sum="0"/>
</round>
</game>
<game gamecode="6449961010"><general><startdate>2025-08-10 14:55:38</startdate>
<round>1</round>
<failsafecounter/>
<players><player seat="3" name="Sottosalpontos" chips="820" dealer="0" win="0" bet="45" muck="1" rebuy="0" addon="0" merge="0" rebuychips="0" reg_code="5052721205"/>
<player seat="10" name="Rakki" chips="680" dealer="1" win="90" bet="680" muck="1" rebuy="0" addon="0" merge="0" rebuychips="0" reg_code="5052721568"/>
</players>
</general>
<round no="0"><action no="1" player="Rakki" type="15" sum="5"/>
<action no="2" player="Sottosalpontos" type="15" discard="1" dealt="1" sum="5"/>
<action no="3" player="Rakki" type="1" sum="20"/>
<action no="4" player="Sottosalpontos" type="2" discard="1" dealt="1" sum="40"/>
</round>
<round no="1"><cards type="Pocket" player="Sottosalpontos">X X</cards>
<cards type="Pocket" player="Rakki">HA S6</cards>
<action no="5" player="Rakki" type="23" sum="675"/>
<action no="6" player="Sottosalpontos" type="0" discard="1" dealt="1" sum="0"/>
</round>
</game>
<game gamecode="6449961023"><general><startdate>2025-08-10 14:55:49</startdate>
<round>1</round>
<failsafecounter/>
<players><player seat="10" name="Rakki" chips="725" dealer="0" win="0" bet="65" muck="1" rebuy="0" addon="0" merge="0" rebuychips="0" reg_code="5052721568"/>
<player seat="3" name="Sottosalpontos" chips="775" dealer="1" win="130" bet="130" muck="1" rebuy="0" addon="0" merge="0" rebuychips="0" reg_code="5052721205"/>
</players>
</general>
<round no="0"><action no="1" player="Sottosalpontos" type="15" discard="1" dealt="1" sum="5"/>
<action no="2" player="Rakki" type="15" sum="5"/>
<action no="3" player="Sottosalpontos" type="1" discard="1" dealt="1" sum="30"/>
<action no="4" player="Rakki" type="2" sum="60"/>
</round>
<round no="1"><cards type="Pocket" player="Rakki">H10 C3</cards>
<cards type="Pocket" player="Sottosalpontos">X X</cards>
<action no="5" player="Sottosalpontos" type="3" discard="1" dealt="1" sum="30"/>
<action no="6" player="Rakki" type="4" sum="0"/>
</round>
<round no="2"><cards type="Flop">H7 CK S7</cards>
<action no="7" player="Rakki" type="4" sum="0"/>
<action no="8" player="Sottosalpontos" type="5" discard="1" dealt="1" sum="65"/>
<action no="9" player="Rakki" type="0" sum="0"/>
</round>
</game>
<game gamecode="6449961041"><general><startdate>2025-08-10 14:56:00</startdate>
<round>1</round>
<failsafecounter/>
<players><player seat="3" name="Sottosalpontos" chips="840" dealer="0" win="130" bet="245" muck="1" rebuy="0" addon="0" merge="0" rebuychips="0" reg_code="5052721205"/>
<player seat="10" name="Rakki" chips="660" dealer="1" win="0" bet="65" muck="1" rebuy="0" addon="0" merge="0" rebuychips="0" reg_code="5052721568"/>
</players>
</general>
<round no="0"><action no="1" player="Rakki" type="15" sum="5"/>
<action no="2" player="Sottosalpontos" type="15" discard="1" dealt="1" sum="5"/>
<action no="3" player="Rakki" type="1" sum="30"/>
<action no="4" player="Sottosalpontos" type="2" discard="1" dealt="1" sum="60"/>
</round>
<round no="1"><cards type="Pocket" player="Sottosalpontos">X X</cards>
<cards type="Pocket" player="Rakki">D9 C7</cards>
<action no="5" player="Rakki" type="3" sum="30"/>
<action no="6" player="Sottosalpontos" type="23" discard="1" dealt="1" sum="240"/>
<action no="7" player="Rakki" type="0" sum="0"/>
</round>
</game>
<game gamecode="6449961051"><general><startdate>2025-08-10 14:56:09</startdate>
<round>1</round>
<failsafecounter/>
<players><player seat="10" name="Rakki" chips="595" dealer="0" win="0" bet="130" muck="1" rebuy="0" addon="0" merge="0" rebuychips="0" reg_code="5052721568"/>
<player seat="3" name="Sottosalpontos" chips="905" dealer="1" win="260" bet="130" muck="0" rebuy="0" addon="0" merge="0" rebuychips="0" reg_code="5052721205"/>
</players>
</general>
<round no="0"><action no="1" player="Sottosalpontos" type="15" discard="1" dealt="1" sum="5"/>
<action no="2" player="Rakki" type="15" sum="5"/>
<action no="3" player="Sottosalpontos" type="1" discard="1" dealt="1" sum="30"/>
<action no="4" player="Rakki" type="2" sum="60"/>
</round>
<round no="1"><cards type="Pocket" player="Rakki">DK D5</cards>
<cards type="Pocket" player="Sottosalpontos">C7 S10</cards>
<action no="5" player="Sottosalpontos" type="3" discard="1" dealt="1" sum="30"/>
<action no="6" player="Rakki" type="4" sum="0"/>
</round>
<round no="2"><cards type="Flop">H9 SA S9</cards>
<action no="7" player="Rakki" type="4" sum="0"/>
<action no="8" player="Sottosalpontos" type="5" discard="1" dealt="1" sum="65"/>
<action no="9" player="Rakki" type="3" sum="65"/>
</round>
<round no="3"><cards type="Turn">C10</cards>
<action no="10" player="Rakki" type="4" sum="0"/>
<action no="11" player="Sottosalpontos" type="4" discard="1" dealt="1" sum="0"/>
</round>
<round no="4"><cards type="River">CJ</cards>
<action no="12" player="Rakki" type="4" sum="0"/>
<action no="13" player="Sottosalpontos" type="4" discard="1" dealt="1" sum="0"/>
</round>
</game>
<game gamecode="6449961095"><general><startdate>2025-08-10 14:56:34</startdate>
<round>1</round>
<failsafecounter/>
<players><player seat="3" name="Sottosalpontos" chips="1,035" dealer="0" win="70" bet="65" muck="1" rebuy="0" addon="0" merge="0" rebuychips="0" reg_code="5052721205"/>
<player seat="10" name="Rakki" chips="465" dealer="1" win="0" bet="35" muck="1" rebuy="0" addon="0" merge="0" rebuychips="0" reg_code="5052721568"/>
</players>
</general>
<round no="0"><action no="1" player="Rakki" type="15" sum="5"/>
<action no="2" player="Sottosalpontos" type="15" discard="1" dealt="1" sum="5"/>
<action no="3" player="Rakki" type="1" sum="30"/>
<action no="4" player="Sottosalpontos" type="2" discard="1" dealt="1" sum="60"/>
</round>
<round no="1"><cards type="Pocket" player="Sottosalpontos">X X</cards>
<cards type="Pocket" player="Rakki">S6 D5</cards>
<action no="5" player="Rakki" type="0" sum="0"/>
</round>
</game>
<game gamecode="6449961102"><general><startdate>2025-08-10 14:56:39</startdate>
<round>1</round>
<failsafecounter/>
<players><player seat="10" name="Rakki" chips="430" dealer="0" win="860" bet="430" muck="0" rebuy="0" addon="0" merge="0" rebuychips="0" reg_code="5052721568"/>
<player seat="3" name="Sottosalpontos" chips="1,070" dealer="1" win="0" bet="1,070" muck="0" rebuy="0" addon="0" merge="0" rebuychips="0" reg_code="5052721205"/>
</players>
</general>
<round no="0"><action no="1" player="Sottosalpontos" type="15" discard="1" dealt="1" sum="5"/>
<action no="2" player="Rakki" type="15" sum="5"/>
<action no="3" player="Sottosalpontos" type="1" discard="1" dealt="1" sum="30"/>
<action no="4" player="Rakki" type="2" sum="60"/>
</round>
<round no="1"><cards type="Pocket" player="Sottosalpontos">S6 D7</cards>
<cards type="Pocket" player="Rakki">C10 CQ</cards>
<action no="5" player="Sottosalpontos" type="23" discard="1" dealt="1" sum="1,065"/>
<action no="6" player="Rakki" type="7" sum="365"/>
</round>
<round no="2"><cards type="Flop">C5 H3 D2</cards>
</round>
<round no="3"><cards type="Turn">C4</cards>
</round>
<round no="4"><cards type="River">C6</cards>
</round>
</game>
<game gamecode="6449961126"><general><startdate>2025-08-10 14:56:55</startdate>
<round>1</round>
<failsafecounter/>
<players><player seat="3" name="Sottosalpontos" chips="640" dealer="0" win="130" bet="153" muck="1" rebuy="0" addon="0" merge="0" rebuychips="0" reg_code="5052721205"/>
<player seat="10" name="Rakki" chips="860" dealer="1" win="0" bet="65" muck="1" rebuy="0" addon="0" merge="0" rebuychips="0" reg_code="5052721568"/>
</players>
</general>
<round no="0"><action no="1" player="Rakki" type="15" sum="5"/>
<action no="2" player="Sottosalpontos" type="15" discard="1" dealt="1" sum="5"/>
<action no="3" player="Rakki" type="1" sum="30"/>
<action no="4" player="Sottosalpontos" type="2" discard="1" dealt="1" sum="60"/>
</round>
<round no="1"><cards type="Pocket" player="Rakki">H5 S7</cards>
<cards type="Pocket" player="Sottosalpontos">X X</cards>
<action no="5" player="Rakki" type="3" sum="30"/>
<action no="6" player="Sottosalpontos" type="4" discard="1" dealt="1" sum="0"/>
</round>
<round no="2"><cards type="Flop">HJ D5 CQ</cards>
<action no="7" player="Sottosalpontos" type="4" discard="1" dealt="1" sum="0"/>
<action no="8" player="Rakki" type="4" sum="0"/>
</round>
<round no="3"><cards type="Turn">HA</cards>
<action no="9" player="Sottosalpontos" type="4" discard="1" dealt="1" sum="0"/>
<action no="10" player="Rakki" type="4" sum="0"/>
</round>
<round no="4"><cards type="River">D3</cards>
<action no="11" player="Sottosalpontos" type="5" discard="1" dealt="1" sum="88"/>
<action no="12" player="Rakki" type="0" sum="0"/>
</round>
</game>
<game gamecode="6449961158"><general><startdate>2025-08-10 14:57:16</startdate>
<round>1</round>
<failsafecounter/>
<players><player seat="10" name="Rakki" chips="795" dealer="0" win="130" bet="795" muck="1" rebuy="0" addon="0" merge="0" rebuychips="0" reg_code="5052721568"/>
<player seat="3" name="Sottosalpontos" chips="705" dealer="1" win="0" bet="65" muck="1" rebuy="0" addon="0" merge="0" rebuychips="0" reg_code="5052721205"/>
</players>
</general>
<round no="0"><action no="1" player="Sottosalpontos" type="15" discard="1" dealt="1" sum="5"/>
<action no="2" player="Rakki" type="15" sum="5"/>
<action no="3" player="Sottosalpontos" type="1" discard="1" dealt="1" sum="30"/>
<action no="4" player="Rakki" type="2" sum="60"/>
</round>
<round no="1"><cards type="Pocket" player="Rakki">S4 HA</cards>
<cards type="Pocket" player="Sottosalpontos">X X</cards>
<action no="5" player="Sottosalpontos" type="3" discard="1" dealt="1" sum="30"/>
<action no="6" player="Rakki" type="23" sum="790"/>
<action no="7" player="Sottosalpontos" type="0" discard="1" dealt="1" sum="0"/>
</round>
</game>
<game gamecode="6449961168"><general><startdate>2025-08-10 14:57:26</startdate>
<round>1</round>
<failsafecounter/>
<players><player seat="3" name="Sottosalpontos" chips="640" dealer="0" win="0" bet="88" muck="1" rebuy="0" addon="0" merge="0" rebuychips="0" reg_code="5052721205"/>
<player seat="10" name="Rakki" chips="860" dealer="1" win="176" bet="860" muck="1" rebuy="0" addon="0" merge="0" rebuychips="0" reg_code="5052721568"/>
</players>
</general>
<round no="0"><action no="1" player="Rakki" type="15" sum="8"/>
<action no="2" player="Sottosalpontos" type="15" discard="1" dealt="1" sum="8"/>
<action no="3" player="Rakki" type="1" sum="40"/>
<action no="4" player="Sottosalpontos" type="2" discard="1" dealt="1" sum="80"/>
</round>
<round no="1"><cards type="Pocket" player="Rakki">SQ S3</cards>
<cards type="Pocket" player="Sottosalpontos">X X</cards>
<action no="5" player="Rakki" type="23" sum="852"/>
<action no="6" player="Sottosalpontos" type="0" discard="1" dealt="1" sum="0"/>
</round>
</game>
<game gamecode="6449961178"><general><startdate>2025-08-10 14:57:32</startdate>
<round>1</round>
<failsafecounter/>
<players><player seat="10" name="Rakki" chips="948" dealer="0" win="0" bet="552" muck="1" rebuy="0" addon="0" merge="0" rebuychips="0" reg_code="5052721568"/>
<player seat="3" name="Sottosalpontos" chips="552" dealer="1" win="1,104" bet="552" muck="0" rebuy="0" addon="0" merge="0" rebuychips="0" reg_code="5052721205"/>
</players>
</general>
<round no="0"><action no="1" player="Sottosalpontos" type="15" discard="1" dealt="1" sum="8"/>
<action no="2" player="Rakki" type="15" sum="8"/>
<action no="3" player="Sottosalpontos" type="1" discard="1" dealt="1" sum="40"/>
<action no="4" player="Rakki" type="2" sum="80"/>
</round>
<round no="1"><cards type="Pocket" player="Sottosalpontos">CA S10</cards>
<cards type="Pocket" player="Rakki">C8 SJ</cards>
<action no="5" player="Sottosalpontos" type="23" discard="1" dealt="1" sum="544"/>
<action no="6" player="Rakki" type="3" sum="464"/>
</round>
<round no="2"><cards type="Flop">DQ C5 S5</cards>
</round>
<round no="3"><cards type="Turn">S9</cards>
</round>
<round no="4"><cards type="River">H7</cards>
</round>
</game>
<game gamecode="6449961198"><general><startdate>2025-08-10 14:57:47</startdate>
<round>1</round>
<failsafecounter/>
<players><player seat="3" name="Sottosalpontos" chips="1,104" dealer="0" win="792" bet="396" muck="0" rebuy="0" addon="0" merge="0" rebuychips="0" reg_code="5052721205"/>
<player seat="10" name="Rakki" chips="396" dealer="1" win="0" bet="396" muck="0" rebuy="0" addon="0" merge="0" rebuychips="0" reg_code="5052721568"/>
</players>
</general>
<round no="0"><action no="1" player="Rakki" type="15" sum="8"/>
<action no="2" player="Sottosalpontos" type="15" discard="1" dealt="1" sum="8"/>
<action no="3" player="Rakki" type="1" sum="40"/>
<action no="4" player="Sottosalpontos" type="2" discard="1" dealt="1" sum="80"/>
</round>
<round no="1"><cards type="Pocket" player="Sottosalpontos">HJ S5</cards>
<cards type="Pocket" player="Rakki">S8 D6</cards>
<action no="5" player="Rakki" type="23" sum="388"/>
<action no="6" player="Sottosalpontos" type="3" discard="1" dealt="1" sum="308"/>
</round>
<round no="2"><cards type="Flop">DQ H2 DA</cards>
</round>
<round no="3"><cards type="Turn">C4</cards>
</round>
<round no="4"><cards type="River">C10</cards>
</round>
</game>
</session>
