<?xml version="1.0" encoding="UTF-8"?>
<session sessioncode="5053526825">
<general>
<client_version>25.1.1.16</client_version>
<mode>real</mode>
<gametype>Holdem NL</gametype>
<tablename>Twister €100 SNG, 815788360</tablename>
<tournamentcode>815788359</tournamentcode>
<tournamentname>Twister €100 SNG</tournamentname>
<buyin>€0 + €7 + €93</buyin>
<totalbuyin>€100</totalbuyin>
<rewarddrawn>€200</rewarddrawn>
<tournamentcurrency>EUR</tournamentcurrency>
<currency>EUR</currency>
<nickname>Rakki</nickname>
<gamecount>21</gamecount>
<startdate>2025-08-14 15:49:54</startdate>
<place>2</place>
<win>€0</win>
<tablesize>3</tablesize>
</general>
<game gamecode="6453298207"><general><startdate>2025-08-14 15:50:09</startdate>
<round>1</round>
<failsafecounter/>
<players><player seat="10" name="OndaBianca1" chips="500" dealer="0" win="0" bet="20" muck="1" rebuy="0" addon="0" merge="0" rebuychips="0" reg_code="5053526890"/>
<player seat="3" name="mi65" chips="500" dealer="1" win="50" bet="60" muck="1" rebuy="0" addon="0" merge="0" rebuychips="0" reg_code="5053526887"/>
<player seat="6" name="Rakki" chips="500" dealer="0" win="0" bet="10" muck="1" rebuy="0" addon="0" merge="0" rebuychips="0" reg_code="5053526825"/>
</players>
</general>
<round no="0"><action no="1" player="Rakki" type="1" sum="10"/>
<action no="2" player="OndaBianca1" type="2" discard="1" dealt="1" sum="20"/>
</round>
<round no="1"><cards type="Pocket" player="OndaBianca1">X X</cards>
<cards type="Pocket" player="mi65">X X</cards>
<cards type="Pocket" player="Rakki">C8 S7</cards>
<action no="3" player="mi65" type="23" discard="1" dealt="1" sum="60"/>
<action no="4" player="Rakki" type="0" sum="0"/>
<action no="5" player="OndaBianca1" type="0" discard="1" dealt="1" sum="0"/>
</round>
</game>
<game gamecode="6453298247"><general><startdate>2025-08-14 15:50:27</startdate>
<round>1</round>
<failsafecounter/>
<players><player seat="3" name="mi65" chips="530" dealer="0" win="40" bet="80" muck="1" rebuy="0" addon="0" merge="0" rebuychips="0" reg_code="5053526887"/>
<player seat="6" name="Rakki" chips="490" dealer="1" win="0" bet="0" muck="1" rebuy="0" addon="0" merge="0" rebuychips="0" reg_code="5053526825"/>
<player seat="10" name="OndaBianca1" chips="480" dealer="0" win="0" bet="20" muck="1" rebuy="0" addon="0" merge="0" rebuychips="0" reg_code="5053526890"/>
</players>
</general>
<round no="0"><action no="1" player="OndaBianca1" type="1" discard="1" dealt="1" sum="10"/>
<action no="2" player="mi65" type="2" discard="1" dealt="1" sum="20"/>
</round>
<round no="1"><cards type="Pocket" player="OndaBianca1">X X</cards>
<cards type="Pocket" player="mi65">X X</cards>
<cards type="Pocket" player="Rakki">S7 S2</cards>
<action no="3" player="Rakki" type="0" sum="0"/>
<action no="4" player="OndaBianca1" type="3" discard="1" dealt="1" sum="10"/>
<action no="5" player="mi65" type="23" discard="1" dealt="1" sum="80"/>
<action no="6" player="OndaBianca1" type="0" discard="1" dealt="1" sum="0"/>
</round>
</game>
<game gamecode="6453298277"><general><startdate>2025-08-14 15:50:41</startdate>
<round>1</round>
<failsafecounter/>
<players><player seat="6" name="Rakki" chips="490" dealer="0" win="1,020" bet="490" muck="0" rebuy="0" addon="0" merge="0" rebuychips="0" reg_code="5053526825"/>
<player seat="10" name="OndaBianca1" chips="460" dealer="1" win="0" bet="40" muck="1" rebuy="0" addon="0" merge="0" rebuychips="0" reg_code="5053526890"/>
<player seat="3" name="mi65" chips="550" dealer="0" win="0" bet="490" muck="1" rebuy="0" addon="0" merge="0" rebuychips="0" reg_code="5053526887"/>
</players>
</general>
<round no="0"><action no="1" player="mi65" type="1" discard="1" dealt="1" sum="10"/>
<action no="2" player="Rakki" type="2" sum="20"/>
</round>
<round no="1"><cards type="Pocket" player="mi65">HK DJ</cards>
<cards type="Pocket" player="Rakki">CK SK</cards>
<cards type="Pocket" player="OndaBianca1">X X</cards>
<action no="3" player="OndaBianca1" type="23" discard="1" dealt="1" sum="40"/>
<action no="4" player="mi65" type="23" discard="1" dealt="1" sum="80"/>
<action no="5" player="Rakki" type="23" sum="490"/>
<action no="6" player="OndaBianca1" type="0" discard="1" dealt="1" sum="0"/>
<action no="7" player="mi65" type="3" discard="1" dealt="1" sum="410"/>
</round>
<round no="2"><cards type="Flop">C9 H4 CQ</cards>
</round>
<round no="3"><cards type="Turn">H6</cards>
</round>
<round no="4"><cards type="River">CJ</cards>
</round>
</game>
<game gamecode="6453298325"><general><startdate>2025-08-14 15:51:04</startdate>
<round>1</round>
<failsafecounter/>
<players><player seat="10" name="OndaBianca1" chips="420" dealer="0" win="0" bet="60" muck="1" rebuy="0" addon="0" merge="0" rebuychips="0" reg_code="5053526890"/>
<player seat="3" name="mi65" chips="60" dealer="1" win="130" bet="60" muck="0" rebuy="0" addon="0" merge="0" rebuychips="0" reg_code="5053526887"/>
<player seat="6" name="Rakki" chips="1,020" dealer="0" win="0" bet="10" muck="1" rebuy="0" addon="0" merge="0" rebuychips="0" reg_code="5053526825"/>
</players>
</general>
<round no="0"><action no="1" player="Rakki" type="1" sum="10"/>
<action no="2" player="OndaBianca1" type="2" discard="1" dealt="1" sum="20"/>
</round>
<round no="1"><cards type="Pocket" player="mi65">S2 H2</cards>
<cards type="Pocket" player="OndaBianca1">HJ H10</cards>
<cards type="Pocket" player="Rakki">C6 H9</cards>
<action no="3" player="mi65" type="23" discard="1" dealt="1" sum="60"/>
<action no="4" player="Rakki" type="0" sum="0"/>
<action no="5" player="OndaBianca1" type="3" discard="1" dealt="1" sum="40"/>
</round>
<round no="2"><cards type="Flop">C9 S4 D3</cards>
</round>
<round no="3"><cards type="Turn">C5</cards>
</round>
<round no="4"><cards type="River">HA</cards>
</round>
</game>
<game gamecode="6453298374"><general><startdate>2025-08-14 15:51:24</startdate>
<round>1</round>
<failsafecounter/>
<players><player seat="3" name="mi65" chips="130" dealer="0" win="260" bet="130" muck="0" rebuy="0" addon="0" merge="0" rebuychips="0" reg_code="5053526887"/>
<player seat="6" name="Rakki" chips="1,010" dealer="1" win="0" bet="0" muck="1" rebuy="0" addon="0" merge="0" rebuychips="0" reg_code="5053526825"/>
<player seat="10" name="OndaBianca1" chips="360" dealer="0" win="0" bet="160" muck="1" rebuy="0" addon="0" merge="0" rebuychips="0" reg_code="5053526890"/>
</players>
</general>
<round no="0"><action no="1" player="OndaBianca1" type="1" discard="1" dealt="1" sum="10"/>
<action no="2" player="mi65" type="2" discard="1" dealt="1" sum="20"/>
</round>
<round no="1"><cards type="Pocket" player="OndaBianca1">D7 D8</cards>
<cards type="Pocket" player="mi65">D3 H3</cards>
<cards type="Pocket" player="Rakki">S9 C5</cards>
<action no="3" player="Rakki" type="0" sum="0"/>
<action no="4" player="OndaBianca1" type="23" discard="1" dealt="1" sum="160"/>
<action no="5" player="mi65" type="7" discard="1" dealt="1" sum="110"/>
</round>
<round no="2"><cards type="Flop">HK C3 C8</cards>
</round>
<round no="3"><cards type="Turn">C6</cards>
</round>
<round no="4"><cards type="River">DA</cards>
</round>
</game>
<game gamecode="6453298418"><general><startdate>2025-08-14 15:51:44</startdate>
<round>1</round>
<failsafecounter/>
<players><player seat="6" name="Rakki" chips="1,010" dealer="0" win="0" bet="260" muck="1" rebuy="0" addon="0" merge="0" rebuychips="0" reg_code="5053526825"/>
<player seat="10" name="OndaBianca1" chips="230" dealer="1" win="0" bet="0" muck="1" rebuy="0" addon="0" merge="0" rebuychips="0" reg_code="5053526890"/>
<player seat="3" name="mi65" chips="260" dealer="0" win="520" bet="260" muck="0" rebuy="0" addon="0" merge="0" rebuychips="0" reg_code="5053526887"/>
</players>
</general>
<round no="0"><action no="1" player="mi65" type="1" discard="1" dealt="1" sum="10"/>
<action no="2" player="Rakki" type="2" sum="20"/>
</round>
<round no="1"><cards type="Pocket" player="OndaBianca1">X X</cards>
<cards type="Pocket" player="Rakki">DQ SJ</cards>
<cards type="Pocket" player="mi65">C8 DA</cards>
<action no="3" player="OndaBianca1" type="0" discard="1" dealt="1" sum="0"/>
<action no="4" player="mi65" type="23" discard="1" dealt="1" sum="260"/>
<action no="5" player="Rakki" type="3" sum="240"/>
</round>
<round no="2"><cards type="Flop">D8 H3 S10</cards>
</round>
<round no="3"><cards type="Turn">SA</cards>
</round>
<round no="4"><cards type="River">CQ</cards>
</round>
</game>
<game gamecode="6453298469"><general><startdate>2025-08-14 15:52:09</startdate>
<round>1</round>
<failsafecounter/>
<players><player seat="10" name="OndaBianca1" chips="230" dealer="0" win="480" bet="230" muck="0" rebuy="0" addon="0" merge="0" rebuychips="0" reg_code="5053526890"/>
<player seat="3" name="mi65" chips="520" dealer="1" win="0" bet="520" muck="1" rebuy="0" addon="0" merge="0" rebuychips="0" reg_code="5053526887"/>
<player seat="6" name="Rakki" chips="750" dealer="0" win="0" bet="20" muck="1" rebuy="0" addon="0" merge="0" rebuychips="0" reg_code="5053526825"/>
</players>
</general>
<round no="0"><action no="1" player="Rakki" type="15" sum="5"/>
<action no="2" player="OndaBianca1" type="15" discard="1" dealt="1" sum="5"/>
<action no="3" player="mi65" type="15" discard="1" dealt="1" sum="5"/>
<action no="4" player="Rakki" type="1" sum="15"/>
<action no="5" player="OndaBianca1" type="2" discard="1" dealt="1" sum="30"/>
</round>
<round no="1"><cards type="Pocket" player="mi65">S8 H7</cards>
<cards type="Pocket" player="OndaBianca1">HJ D10</cards>
<cards type="Pocket" player="Rakki">H2 DK</cards>
<action no="6" player="mi65" type="23" discard="1" dealt="1" sum="515"/>
<action no="7" player="Rakki" type="0" sum="0"/>
<action no="8" player="OndaBianca1" type="7" discard="1" dealt="1" sum="195"/>
</round>
<round no="2"><cards type="Flop">C2 C8 HA</cards>
</round>
<round no="3"><cards type="Turn">SJ</cards>
</round>
<round no="4"><cards type="River">C10</cards>
</round>
</game>
<game gamecode="6453298513"><general><startdate>2025-08-14 15:52:30</startdate>
<round>1</round>
<failsafecounter/>
<players><player seat="3" name="mi65" chips="290" dealer="0" win="600" bet="290" muck="0" rebuy="0" addon="0" merge="0" rebuychips="0" reg_code="5053526887"/>
<player seat="6" name="Rakki" chips="730" dealer="1" win="0" bet="290" muck="1" rebuy="0" addon="0" merge="0" rebuychips="0" reg_code="5053526825"/>
<player seat="10" name="OndaBianca1" chips="480" dealer="0" win="0" bet="20" muck="1" rebuy="0" addon="0" merge="0" rebuychips="0" reg_code="5053526890"/>
</players>
</general>
<round no="0"><action no="1" player="OndaBianca1" type="15" discard="1" dealt="1" sum="5"/>
<action no="2" player="mi65" type="15" discard="1" dealt="1" sum="5"/>
<action no="3" player="Rakki" type="15" sum="5"/>
<action no="4" player="OndaBianca1" type="1" discard="1" dealt="1" sum="15"/>
<action no="5" player="mi65" type="2" discard="1" dealt="1" sum="30"/>
</round>
<round no="1"><cards type="Pocket" player="OndaBianca1">X X</cards>
<cards type="Pocket" player="Rakki">D10 CJ</cards>
<cards type="Pocket" player="mi65">SQ H3</cards>
<action no="6" player="Rakki" type="23" sum="60"/>
<action no="7" player="OndaBianca1" type="0" discard="1" dealt="1" sum="0"/>
<action no="8" player="mi65" type="23" discard="1" dealt="1" sum="285"/>
<action no="9" player="Rakki" type="3" sum="225"/>
</round>
<round no="2"><cards type="Flop">C5 DA H4</cards>
</round>
<round no="3"><cards type="Turn">DK</cards>
</round>
<round no="4"><cards type="River">S3</cards>
</round>
</game>
<game gamecode="6453298561"><general><startdate>2025-08-14 15:52:50</startdate>
<round>1</round>
<failsafecounter/>
<players><player seat="6" name="Rakki" chips="440" dealer="0" win="0" bet="35" muck="1" rebuy="0" addon="0" merge="0" rebuychips="0" reg_code="5053526825"/>
<player seat="10" name="OndaBianca1" chips="460" dealer="1" win="0" bet="5" muck="1" rebuy="0" addon="0" merge="0" rebuychips="0" reg_code="5053526890"/>
<player seat="3" name="mi65" chips="600" dealer="0" win="75" bet="600" muck="1" rebuy="0" addon="0" merge="0" rebuychips="0" reg_code="5053526887"/>
</players>
</general>
<round no="0"><action no="1" player="mi65" type="15" discard="1" dealt="1" sum="5"/>
<action no="2" player="Rakki" type="15" sum="5"/>
<action no="3" player="OndaBianca1" type="15" discard="1" dealt="1" sum="5"/>
<action no="4" player="mi65" type="1" discard="1" dealt="1" sum="15"/>
<action no="5" player="Rakki" type="2" sum="30"/>
</round>
<round no="1"><cards type="Pocket" player="OndaBianca1">X X</cards>
<cards type="Pocket" player="mi65">X X</cards>
<cards type="Pocket" player="Rakki">CJ H3</cards>
<action no="6" player="OndaBianca1" type="0" discard="1" dealt="1" sum="0"/>
<action no="7" player="mi65" type="23" discard="1" dealt="1" sum="595"/>
<action no="8" player="Rakki" type="0" sum="0"/>
</round>
</game>
<game gamecode="6453298594"><general><startdate>2025-08-14 15:53:04</startdate>
<round>1</round>
<failsafecounter/>
<players><player seat="10" name="OndaBianca1" chips="455" dealer="0" win="0" bet="35" muck="1" rebuy="0" addon="0" merge="0" rebuychips="0" reg_code="5053526890"/>
<player seat="3" name="mi65" chips="640" dealer="1" win="90" bet="640" muck="1" rebuy="0" addon="0" merge="0" rebuychips="0" reg_code="5053526887"/>
<player seat="6" name="Rakki" chips="405" dealer="0" win="0" bet="20" muck="1" rebuy="0" addon="0" merge="0" rebuychips="0" reg_code="5053526825"/>
</players>
</general>
<round no="0"><action no="1" player="Rakki" type="15" sum="5"/>
<action no="2" player="OndaBianca1" type="15" discard="1" dealt="1" sum="5"/>
<action no="3" player="mi65" type="15" discard="1" dealt="1" sum="5"/>
<action no="4" player="Rakki" type="1" sum="15"/>
<action no="5" player="OndaBianca1" type="2" discard="1" dealt="1" sum="30"/>
</round>
<round no="1"><cards type="Pocket" player="OndaBianca1">X X</cards>
<cards type="Pocket" player="mi65">X X</cards>
<cards type="Pocket" player="Rakki">D4 D7</cards>
<action no="6" player="mi65" type="23" discard="1" dealt="1" sum="635"/>
<action no="7" player="Rakki" type="0" sum="0"/>
<action no="8" player="OndaBianca1" type="0" discard="1" dealt="1" sum="0"/>
</round>
</game>
<game gamecode="6453298616"><general><startdate>2025-08-14 15:53:13</startdate>
<round>1</round>
<failsafecounter/>
<players><player seat="3" name="mi65" chips="695" dealer="0" win="75" bet="695" muck="1" rebuy="0" addon="0" merge="0" rebuychips="0" reg_code="5053526887"/>
<player seat="6" name="Rakki" chips="385" dealer="1" win="0" bet="5" muck="1" rebuy="0" addon="0" merge="0" rebuychips="0" reg_code="5053526825"/>
<player seat="10" name="OndaBianca1" chips="420" dealer="0" win="0" bet="35" muck="1" rebuy="0" addon="0" merge="0" rebuychips="0" reg_code="5053526890"/>
</players>
</general>
<round no="0"><action no="1" player="OndaBianca1" type="15" discard="1" dealt="1" sum="5"/>
<action no="2" player="mi65" type="15" discard="1" dealt="1" sum="5"/>
<action no="3" player="Rakki" type="15" sum="5"/>
<action no="4" player="OndaBianca1" type="1" discard="1" dealt="1" sum="15"/>
<action no="5" player="mi65" type="2" discard="1" dealt="1" sum="30"/>
</round>
<round no="1"><cards type="Pocket" player="mi65">X X</cards>
<cards type="Pocket" player="OndaBianca1">X X</cards>
<cards type="Pocket" player="Rakki">DJ C6</cards>
<action no="6" player="Rakki" type="0" sum="0"/>
<action no="7" player="OndaBianca1" type="3" discard="1" dealt="1" sum="15"/>
<action no="8" player="mi65" type="23" discard="1" dealt="1" sum="690"/>
<action no="9" player="OndaBianca1" type="0" discard="1" dealt="1" sum="0"/>
</round>
</game>
<game gamecode="6453298658"><general><startdate>2025-08-14 15:53:29</startdate>
<round>1</round>
<failsafecounter/>
<players><player seat="6" name="Rakki" chips="380" dealer="0" win="0" bet="45" muck="1" rebuy="0" addon="0" merge="0" rebuychips="0" reg_code="5053526825"/>
<player seat="10" name="OndaBianca1" chips="385" dealer="1" win="815" bet="385" muck="0" rebuy="0" addon="0" merge="0" rebuychips="0" reg_code="5053526890"/>
<player seat="3" name="mi65" chips="735" dealer="0" win="0" bet="735" muck="1" rebuy="0" addon="0" merge="0" rebuychips="0" reg_code="5053526887"/>
</players>
</general>
<round no="0"><action no="1" player="mi65" type="15" discard="1" dealt="1" sum="5"/>
<action no="2" player="Rakki" type="15" sum="5"/>
<action no="3" player="OndaBianca1" type="15" discard="1" dealt="1" sum="5"/>
<action no="4" player="mi65" type="1" discard="1" dealt="1" sum="20"/>
<action no="5" player="Rakki" type="2" sum="40"/>
</round>
<round no="1"><cards type="Pocket" player="OndaBianca1">H3 HK</cards>
<cards type="Pocket" player="mi65">C8 H9</cards>
<cards type="Pocket" player="Rakki">S5 S10</cards>
<action no="6" player="OndaBianca1" type="23" discard="1" dealt="1" sum="380"/>
<action no="7" player="mi65" type="23" discard="1" dealt="1" sum="730"/>
<action no="8" player="Rakki" type="0" sum="0"/>
</round>
<round no="2"><cards type="Flop">DQ DJ SQ</cards>
</round>
<round no="3"><cards type="Turn">D4</cards>
</round>
<round no="4"><cards type="River">D3</cards>
</round>
</game>
<game gamecode="6453298702"><general><startdate>2025-08-14 15:53:48</startdate>
<round>1</round>
<failsafecounter/>
<players><player seat="10" name="OndaBianca1" chips="815" dealer="0" win="0" bet="45" muck="1" rebuy="0" addon="0" merge="0" rebuychips="0" reg_code="5053526890"/>
<player seat="3" name="mi65" chips="350" dealer="1" win="115" bet="350" muck="1" rebuy="0" addon="0" merge="0" rebuychips="0" reg_code="5053526887"/>
<player seat="6" name="Rakki" chips="335" dealer="0" win="0" bet="25" muck="1" rebuy="0" addon="0" merge="0" rebuychips="0" reg_code="5053526825"/>
</players>
</general>
<round no="0"><action no="1" player="Rakki" type="15" sum="5"/>
<action no="2" player="OndaBianca1" type="15" discard="1" dealt="1" sum="5"/>
<action no="3" player="mi65" type="15" discard="1" dealt="1" sum="5"/>
<action no="4" player="Rakki" type="1" sum="20"/>
<action no="5" player="OndaBianca1" type="2" discard="1" dealt="1" sum="40"/>
</round>
<round no="1"><cards type="Pocket" player="OndaBianca1">X X</cards>
<cards type="Pocket" player="mi65">X X</cards>
<cards type="Pocket" player="Rakki">H2 DK</cards>
<action no="6" player="mi65" type="23" discard="1" dealt="1" sum="345"/>
<action no="7" player="Rakki" type="0" sum="0"/>
<action no="8" player="OndaBianca1" type="0" discard="1" dealt="1" sum="0"/>
</round>
</game>
<game gamecode="6453298731"><general><startdate>2025-08-14 15:53:59</startdate>
<round>1</round>
<failsafecounter/>
<players><player seat="3" name="mi65" chips="420" dealer="0" win="95" bet="420" muck="1" rebuy="0" addon="0" merge="0" rebuychips="0" reg_code="5053526887"/>
<player seat="6" name="Rakki" chips="310" dealer="1" win="0" bet="5" muck="1" rebuy="0" addon="0" merge="0" rebuychips="0" reg_code="5053526825"/>
<player seat="10" name="OndaBianca1" chips="770" dealer="0" win="0" bet="45" muck="1" rebuy="0" addon="0" merge="0" rebuychips="0" reg_code="5053526890"/>
</players>
</general>
<round no="0"><action no="1" player="OndaBianca1" type="15" discard="1" dealt="1" sum="5"/>
<action no="2" player="mi65" type="15" discard="1" dealt="1" sum="5"/>
<action no="3" player="Rakki" type="15" sum="5"/>
<action no="4" player="OndaBianca1" type="1" discard="1" dealt="1" sum="20"/>
<action no="5" player="mi65" type="2" discard="1" dealt="1" sum="40"/>
</round>
<round no="1"><cards type="Pocket" player="Rakki">H4 C9</cards>
<cards type="Pocket" player="mi65">X X</cards>
<cards type="Pocket" player="OndaBianca1">X X</cards>
<action no="6" player="Rakki" type="0" sum="0"/>
<action no="7" player="OndaBianca1" type="3" discard="1" dealt="1" sum="20"/>
<action no="8" player="mi65" type="23" discard="1" dealt="1" sum="415"/>
<action no="9" player="OndaBianca1" type="0" discard="1" dealt="1" sum="0"/>
</round>
</game>
<game gamecode="6453298773"><general><startdate>2025-08-14 15:54:17</startdate>
<round>1</round>
<failsafecounter/>
<players><player seat="6" name="Rakki" chips="305" dealer="0" win="0" bet="45" muck="1" rebuy="0" addon="0" merge="0" rebuychips="0" reg_code="5053526825"/>
<player seat="10" name="OndaBianca1" chips="725" dealer="1" win="0" bet="5" muck="1" rebuy="0" addon="0" merge="0" rebuychips="0" reg_code="5053526890"/>
<player seat="3" name="mi65" chips="470" dealer="0" win="95" bet="470" muck="1" rebuy="0" addon="0" merge="0" rebuychips="0" reg_code="5053526887"/>
</players>
</general>
<round no="0"><action no="1" player="mi65" type="15" discard="1" dealt="1" sum="5"/>
<action no="2" player="Rakki" type="15" sum="5"/>
<action no="3" player="OndaBianca1" type="15" discard="1" dealt="1" sum="5"/>
<action no="4" player="mi65" type="1" discard="1" dealt="1" sum="20"/>
<action no="5" player="Rakki" type="2" sum="40"/>
</round>
<round no="1"><cards type="Pocket" player="mi65">X X</cards>
<cards type="Pocket" player="Rakki">S2 H10</cards>
<cards type="Pocket" player="OndaBianca1">X X</cards>
<action no="6" player="OndaBianca1" type="0" discard="1" dealt="1" sum="0"/>
<action no="7" player="mi65" type="23" discard="1" dealt="1" sum="465"/>
<action no="8" player="Rakki" type="0" sum="0"/>
</round>
</game>
<game gamecode="6453298795"><general><startdate>2025-08-14 15:54:27</startdate>
<round>1</round>
<failsafecounter/>
<players><player seat="10" name="OndaBianca1" chips="720" dealer="0" win="0" bet="45" muck="1" rebuy="0" addon="0" merge="0" rebuychips="0" reg_code="5053526890"/>
<player seat="3" name="mi65" chips="520" dealer="1" win="115" bet="520" muck="1" rebuy="0" addon="0" merge="0" rebuychips="0" reg_code="5053526887"/>
<player seat="6" name="Rakki" chips="260" dealer="0" win="0" bet="25" muck="1" rebuy="0" addon="0" merge="0" rebuychips="0" reg_code="5053526825"/>
</players>
</general>
<round no="0"><action no="1" player="Rakki" type="15" sum="5"/>
<action no="2" player="OndaBianca1" type="15" discard="1" dealt="1" sum="5"/>
<action no="3" player="mi65" type="15" discard="1" dealt="1" sum="5"/>
<action no="4" player="Rakki" type="1" sum="20"/>
<action no="5" player="OndaBianca1" type="2" discard="1" dealt="1" sum="40"/>
</round>
<round no="1"><cards type="Pocket" player="OndaBianca1">X X</cards>
<cards type="Pocket" player="mi65">X X</cards>
<cards type="Pocket" player="Rakki">D5 D6</cards>
<action no="6" player="mi65" type="23" discard="1" dealt="1" sum="515"/>
<action no="7" player="Rakki" type="0" sum="0"/>
<action no="8" player="OndaBianca1" type="0" discard="1" dealt="1" sum="0"/>
</round>
</game>
<game gamecode="6453298817"><general><startdate>2025-08-14 15:54:36</startdate>
<round>1</round>
<failsafecounter/>
<players><player seat="3" name="mi65" chips="590" dealer="0" win="0" bet="45" muck="1" rebuy="0" addon="0" merge="0" rebuychips="0" reg_code="5053526887"/>
<player seat="6" name="Rakki" chips="235" dealer="1" win="115" bet="235" muck="1" rebuy="0" addon="0" merge="0" rebuychips="0" reg_code="5053526825"/>
<player seat="10" name="OndaBianca1" chips="675" dealer="0" win="0" bet="25" muck="1" rebuy="0" addon="0" merge="0" rebuychips="0" reg_code="5053526890"/>
</players>
</general>
<round no="0"><action no="1" player="OndaBianca1" type="15" discard="1" dealt="1" sum="5"/>
<action no="2" player="mi65" type="15" discard="1" dealt="1" sum="5"/>
<action no="3" player="Rakki" type="15" sum="5"/>
<action no="4" player="OndaBianca1" type="1" discard="1" dealt="1" sum="20"/>
<action no="5" player="mi65" type="2" discard="1" dealt="1" sum="40"/>
</round>
<round no="1"><cards type="Pocket" player="OndaBianca1">X X</cards>
<cards type="Pocket" player="mi65">X X</cards>
<cards type="Pocket" player="Rakki">H10 DQ</cards>
<action no="6" player="Rakki" type="23" sum="230"/>
<action no="7" player="OndaBianca1" type="0" discard="1" dealt="1" sum="0"/>
<action no="8" player="mi65" type="0" discard="1" dealt="1" sum="0"/>
</round>
</game>
<game gamecode="6453298827"><general><startdate>2025-08-14 15:54:44</startdate>
<round>1</round>
<failsafecounter/>
<players><player seat="6" name="Rakki" chips="305" dealer="0" win="0" bet="45" muck="1" rebuy="0" addon="0" merge="0" rebuychips="0" reg_code="5053526825"/>
<player seat="10" name="OndaBianca1" chips="650" dealer="1" win="1,135" bet="650" muck="0" rebuy="0" addon="0" merge="0" rebuychips="0" reg_code="5053526890"/>
<player seat="3" name="mi65" chips="545" dealer="0" win="0" bet="545" muck="1" rebuy="0" addon="0" merge="0" rebuychips="0" reg_code="5053526887"/>
</players>
</general>
<round no="0"><action no="1" player="mi65" type="15" discard="1" dealt="1" sum="5"/>
<action no="2" player="Rakki" type="15" sum="5"/>
<action no="3" player="OndaBianca1" type="15" discard="1" dealt="1" sum="5"/>
<action no="4" player="mi65" type="1" discard="1" dealt="1" sum="20"/>
<action no="5" player="Rakki" type="2" sum="40"/>
</round>
<round no="1"><cards type="Pocket" player="mi65">CK D5</cards>
<cards type="Pocket" player="Rakki">HK D2</cards>
<cards type="Pocket" player="OndaBianca1">DA H4</cards>
<action no="6" player="OndaBianca1" type="23" discard="1" dealt="1" sum="645"/>
<action no="7" player="mi65" type="7" discard="1" dealt="1" sum="520"/>
<action no="8" player="Rakki" type="0" sum="0"/>
</round>
<round no="2"><cards type="Flop">D10 SJ C10</cards>
</round>
<round no="3"><cards type="Turn">H7</cards>
</round>
<round no="4"><cards type="River">S7</cards>
</round>
</game>
<game gamecode="6453298862"><general><startdate>2025-08-14 15:55:01</startdate>
<round>1</round>
<failsafecounter/>
<players><player seat="10" name="OndaBianca1" chips="1,240" dealer="0" win="50" bet="45" muck="1" rebuy="0" addon="0" merge="0" rebuychips="0" reg_code="5053526890"/>
<player seat="6" name="Rakki" chips="260" dealer="1" win="0" bet="25" muck="1" rebuy="0" addon="0" merge="0" rebuychips="0" reg_code="5053526825"/>
</players>
</general>
<round no="0"><action no="1" player="Rakki" type="15" sum="5"/>
<action no="2" player="OndaBianca1" type="15" discard="1" dealt="1" sum="5"/>
<action no="3" player="Rakki" type="1" sum="20"/>
<action no="4" player="OndaBianca1" type="2" discard="1" dealt="1" sum="40"/>
</round>
<round no="1"><cards type="Pocket" player="OndaBianca1">X X</cards>
<cards type="Pocket" player="Rakki">D9 H3</cards>
<action no="5" player="Rakki" type="0" sum="0"/>
</round>
</game>
<game gamecode="6453298881"><general><startdate>2025-08-14 15:55:07</startdate>
<round>1</round>
<failsafecounter/>
<players><player seat="6" name="Rakki" chips="235" dealer="0" win="0" bet="45" muck="1" rebuy="0" addon="0" merge="0" rebuychips="0" reg_code="5053526825"/>
<player seat="10" name="OndaBianca1" chips="1,265" dealer="1" win="90" bet="1,265" muck="1" rebuy="0" addon="0" merge="0" rebuychips="0" reg_code="5053526890"/>
</players>
</general>
<round no="0"><action no="1" player="OndaBianca1" type="15" discard="1" dealt="1" sum="5"/>
<action no="2" player="Rakki" type="15" sum="5"/>
<action no="3" player="OndaBianca1" type="1" discard="1" dealt="1" sum="20"/>
<action no="4" player="Rakki" type="2" sum="40"/>
</round>
<round no="1"><cards type="Pocket" player="Rakki">H6 C3</cards>
<cards type="Pocket" player="OndaBianca1">X X</cards>
<action no="5" player="OndaBianca1" type="23" discard="1" dealt="1" sum="1,260"/>
<action no="6" player="Rakki" type="0" sum="0"/>
</round>
</game>
<game gamecode="6453298896"><general><startdate>2025-08-14 15:55:13</startdate>
<round>1</round>
<failsafecounter/>
<players><player seat="10" name="OndaBianca1" chips="1,310" dealer="0" win="380" bet="190" muck="0" rebuy="0" addon="0" merge="0" rebuychips="0" reg_code="5053526890"/>
<player seat="6" name="Rakki" chips="190" dealer="1" win="0" bet="190" muck="0" rebuy="0" addon="0" merge="0" rebuychips="0" reg_code="5053526825"/>
</players>
</general>
<round no="0"><action no="1" player="Rakki" type="15" sum="5"/>
<action no="2" player="OndaBianca1" type="15" discard="1" dealt="1" sum="5"/>
<action no="3" player="Rakki" type="1" sum="30"/>
<action no="4" player="OndaBianca1" type="2" discard="1" dealt="1" sum="60"/>
</round>
<round no="1"><cards type="Pocket" player="OndaBianca1">D9 H7</cards>
<cards type="Pocket" player="Rakki">S6 H9</cards>
<action no="5" player="Rakki" type="23" sum="185"/>
<action no="6" player="OndaBianca1" type="3" discard="1" dealt="1" sum="125"/>
</round>
<round no="2"><cards type="Flop">HQ S5 D3</cards>
</round>
<round no="3"><cards type="Turn">D10</cards>
</round>
<round no="4"><cards type="River">C7</cards>
</round>
</game>
</session>
