<?xml version="1.0" encoding="UTF-8"?>
<session sessioncode="5053521821">
<general>
<client_version>25.1.1.16</client_version>
<mode>real</mode>
<gametype>Holdem NL</gametype>
<tablename>Twister €100 SNG, 815786524</tablename>
<tournamentcode>815786523</tournamentcode>
<tournamentname>Twister €100 SNG</tournamentname>
<buyin>€0 + €7 + €93</buyin>
<totalbuyin>€100</totalbuyin>
<rewarddrawn>€200</rewarddrawn>
<tournamentcurrency>EUR</tournamentcurrency>
<currency>EUR</currency>
<nickname>Rakki</nickname>
<gamecount>12</gamecount>
<startdate>2025-08-14 15:24:36</startdate>
<place>3</place>
<win>€0</win>
<tablesize>3</tablesize>
</general>
<game gamecode="6453275588"><general><startdate>2025-08-14 15:24:51</startdate>
<round>1</round>
<failsafecounter/>
<players><player seat="6" name="Rakki" chips="500" dealer="0" win="120" bet="100" muck="1" rebuy="0" addon="0" merge="0" rebuychips="0" reg_code="5053521821"/>
<player seat="10" name="Tiuualex" chips="500" dealer="1" win="0" bet="0" muck="1" rebuy="0" addon="0" merge="0" rebuychips="0" reg_code="5053521857"/>
<player seat="3" name="OndaBianca1" chips="500" dealer="0" win="0" bet="60" muck="1" rebuy="0" addon="0" merge="0" rebuychips="0" reg_code="5053521803"/>
</players>
</general>
<round no="0"><action no="1" player="OndaBianca1" type="1" discard="1" dealt="1" sum="10"/>
<action no="2" player="Rakki" type="2" sum="20"/>
</round>
<round no="1"><cards type="Pocket" player="Tiuualex">X X</cards>
<cards type="Pocket" player="Rakki">S8 HQ</cards>
<cards type="Pocket" player="OndaBianca1">X X</cards>
<action no="3" player="Tiuualex" type="0" discard="1" dealt="1" sum="0"/>
<action no="4" player="OndaBianca1" type="23" discard="1" dealt="1" sum="60"/>
<action no="5" player="Rakki" type="3" sum="40"/>
</round>
<round no="2"><cards type="Flop">D5 SJ S7</cards>
<action no="6" player="OndaBianca1" type="4" discard="1" dealt="1" sum="0"/>
<action no="7" player="Rakki" type="5" sum="40"/>
<action no="8" player="OndaBianca1" type="0" discard="1" dealt="1" sum="0"/>
</round>
</game>
<game gamecode="6453275641"><general><startdate>2025-08-14 15:25:18</startdate>
<round>1</round>
<failsafecounter/>
<players><player seat="10" name="Tiuualex" chips="500" dealer="0" win="120" bet="500" muck="1" rebuy="0" addon="0" merge="0" rebuychips="0" reg_code="5053521857"/>
<player seat="3" name="OndaBianca1" chips="440" dealer="1" win="0" bet="0" muck="1" rebuy="0" addon="0" merge="0" rebuychips="0" reg_code="5053521803"/>
<player seat="6" name="Rakki" chips="560" dealer="0" win="0" bet="60" muck="1" rebuy="0" addon="0" merge="0" rebuychips="0" reg_code="5053521821"/>
</players>
</general>
<round no="0"><action no="1" player="Rakki" type="1" sum="10"/>
<action no="2" player="Tiuualex" type="2" discard="1" dealt="1" sum="20"/>
</round>
<round no="1"><cards type="Pocket" player="Rakki">HJ H3</cards>
<cards type="Pocket" player="OndaBianca1">X X</cards>
<cards type="Pocket" player="Tiuualex">X X</cards>
<action no="3" player="OndaBianca1" type="0" discard="1" dealt="1" sum="0"/>
<action no="4" player="Rakki" type="23" sum="60"/>
<action no="5" player="Tiuualex" type="23" discard="1" dealt="1" sum="500"/>
<action no="6" player="Rakki" type="0" sum="0"/>
</round>
</game>
<game gamecode="6453275663"><general><startdate>2025-08-14 15:25:31</startdate>
<round>1</round>
<failsafecounter/>
<players><player seat="3" name="OndaBianca1" chips="440" dealer="0" win="20" bet="20" muck="1" rebuy="0" addon="0" merge="0" rebuychips="0" reg_code="5053521803"/>
<player seat="6" name="Rakki" chips="500" dealer="1" win="0" bet="0" muck="1" rebuy="0" addon="0" merge="0" rebuychips="0" reg_code="5053521821"/>
<player seat="10" name="Tiuualex" chips="560" dealer="0" win="0" bet="10" muck="1" rebuy="0" addon="0" merge="0" rebuychips="0" reg_code="5053521857"/>
</players>
</general>
<round no="0"><action no="1" player="Tiuualex" type="1" discard="1" dealt="1" sum="10"/>
<action no="2" player="OndaBianca1" type="2" discard="1" dealt="1" sum="20"/>
</round>
<round no="1"><cards type="Pocket" player="OndaBianca1">X X</cards>
<cards type="Pocket" player="Tiuualex">X X</cards>
<cards type="Pocket" player="Rakki">CK S2</cards>
<action no="3" player="Rakki" type="0" sum="0"/>
<action no="4" player="Tiuualex" type="0" discard="1" dealt="1" sum="0"/>
</round>
</game>
<game gamecode="6453275682"><general><startdate>2025-08-14 15:25:39</startdate>
<round>1</round>
<failsafecounter/>
<players><player seat="6" name="Rakki" chips="500" dealer="0" win="120" bet="500" muck="1" rebuy="0" addon="0" merge="0" rebuychips="0" reg_code="5053521821"/>
<player seat="10" name="Tiuualex" chips="550" dealer="1" win="0" bet="0" muck="1" rebuy="0" addon="0" merge="0" rebuychips="0" reg_code="5053521857"/>
<player seat="3" name="OndaBianca1" chips="450" dealer="0" win="0" bet="60" muck="1" rebuy="0" addon="0" merge="0" rebuychips="0" reg_code="5053521803"/>
</players>
</general>
<round no="0"><action no="1" player="OndaBianca1" type="1" discard="1" dealt="1" sum="10"/>
<action no="2" player="Rakki" type="2" sum="20"/>
</round>
<round no="1"><cards type="Pocket" player="Rakki">S5 D5</cards>
<cards type="Pocket" player="OndaBianca1">X X</cards>
<cards type="Pocket" player="Tiuualex">X X</cards>
<action no="3" player="Tiuualex" type="0" discard="1" dealt="1" sum="0"/>
<action no="4" player="OndaBianca1" type="23" discard="1" dealt="1" sum="60"/>
<action no="5" player="Rakki" type="23" sum="500"/>
<action no="6" player="OndaBianca1" type="0" discard="1" dealt="1" sum="0"/>
</round>
</game>
<game gamecode="6453275706"><general><startdate>2025-08-14 15:25:53</startdate>
<round>1</round>
<failsafecounter/>
<players><player seat="10" name="Tiuualex" chips="550" dealer="0" win="0" bet="20" muck="1" rebuy="0" addon="0" merge="0" rebuychips="0" reg_code="5053521857"/>
<player seat="3" name="OndaBianca1" chips="390" dealer="1" win="0" bet="0" muck="1" rebuy="0" addon="0" merge="0" rebuychips="0" reg_code="5053521803"/>
<player seat="6" name="Rakki" chips="560" dealer="0" win="40" bet="40" muck="1" rebuy="0" addon="0" merge="0" rebuychips="0" reg_code="5053521821"/>
</players>
</general>
<round no="0"><action no="1" player="Rakki" type="1" sum="10"/>
<action no="2" player="Tiuualex" type="2" discard="1" dealt="1" sum="20"/>
</round>
<round no="1"><cards type="Pocket" player="OndaBianca1">X X</cards>
<cards type="Pocket" player="Rakki">S9 HA</cards>
<cards type="Pocket" player="Tiuualex">X X</cards>
<action no="3" player="OndaBianca1" type="0" discard="1" dealt="1" sum="0"/>
<action no="4" player="Rakki" type="3" sum="10"/>
<action no="5" player="Tiuualex" type="4" discard="1" dealt="1" sum="0"/>
</round>
<round no="2"><cards type="Flop">DA D6 D3</cards>
<action no="6" player="Rakki" type="5" sum="20"/>
<action no="7" player="Tiuualex" type="0" discard="1" dealt="1" sum="0"/>
</round>
</game>
<game gamecode="6453275745"><general><startdate>2025-08-14 15:26:13</startdate>
<round>1</round>
<failsafecounter/>
<players><player seat="3" name="OndaBianca1" chips="390" dealer="0" win="0" bet="20" muck="1" rebuy="0" addon="0" merge="0" rebuychips="0" reg_code="5053521803"/>
<player seat="6" name="Rakki" chips="580" dealer="1" win="50" bet="40" muck="1" rebuy="0" addon="0" merge="0" rebuychips="0" reg_code="5053521821"/>
<player seat="10" name="Tiuualex" chips="530" dealer="0" win="0" bet="10" muck="1" rebuy="0" addon="0" merge="0" rebuychips="0" reg_code="5053521857"/>
</players>
</general>
<round no="0"><action no="1" player="Tiuualex" type="1" discard="1" dealt="1" sum="10"/>
<action no="2" player="OndaBianca1" type="2" discard="1" dealt="1" sum="20"/>
</round>
<round no="1"><cards type="Pocket" player="OndaBianca1">X X</cards>
<cards type="Pocket" player="Tiuualex">X X</cards>
<cards type="Pocket" player="Rakki">C3 CA</cards>
<action no="3" player="Rakki" type="23" sum="40"/>
<action no="4" player="Tiuualex" type="0" discard="1" dealt="1" sum="0"/>
<action no="5" player="OndaBianca1" type="0" discard="1" dealt="1" sum="0"/>
</round>
</game>
<game gamecode="6453275765"><general><startdate>2025-08-14 15:26:24</startdate>
<round>1</round>
<failsafecounter/>
<players><player seat="6" name="Rakki" chips="610" dealer="0" win="0" bet="120" muck="1" rebuy="0" addon="0" merge="0" rebuychips="0" reg_code="5053521821"/>
<player seat="10" name="Tiuualex" chips="520" dealer="1" win="0" bet="0" muck="1" rebuy="0" addon="0" merge="0" rebuychips="0" reg_code="5053521857"/>
<player seat="3" name="OndaBianca1" chips="370" dealer="0" win="240" bet="240" muck="1" rebuy="0" addon="0" merge="0" rebuychips="0" reg_code="5053521803"/>
</players>
</general>
<round no="0"><action no="1" player="OndaBianca1" type="1" discard="1" dealt="1" sum="10"/>
<action no="2" player="Rakki" type="2" sum="20"/>
</round>
<round no="1"><cards type="Pocket" player="Rakki">H2 SQ</cards>
<cards type="Pocket" player="Tiuualex">X X</cards>
<cards type="Pocket" player="OndaBianca1">X X</cards>
<action no="3" player="Tiuualex" type="0" discard="1" dealt="1" sum="0"/>
<action no="4" player="OndaBianca1" type="3" discard="1" dealt="1" sum="10"/>
<action no="5" player="Rakki" type="23" sum="60"/>
<action no="6" player="OndaBianca1" type="3" discard="1" dealt="1" sum="40"/>
</round>
<round no="2"><cards type="Flop">D4 C10 S7</cards>
<action no="7" player="OndaBianca1" type="4" discard="1" dealt="1" sum="0"/>
<action no="8" player="Rakki" type="5" sum="60"/>
<action no="9" player="OndaBianca1" type="3" discard="1" dealt="1" sum="60"/>
</round>
<round no="3"><cards type="Turn">S6</cards>
<action no="10" player="OndaBianca1" type="5" discard="1" dealt="1" sum="120"/>
<action no="11" player="Rakki" type="0" sum="0"/>
</round>
</game>
<game gamecode="6453275833"><general><startdate>2025-08-14 15:26:53</startdate>
<round>1</round>
<failsafecounter/>
<players><player seat="10" name="Tiuualex" chips="520" dealer="0" win="0" bet="35" muck="1" rebuy="0" addon="0" merge="0" rebuychips="0" reg_code="5053521857"/>
<player seat="3" name="OndaBianca1" chips="490" dealer="1" win="90" bet="490" muck="1" rebuy="0" addon="0" merge="0" rebuychips="0" reg_code="5053521803"/>
<player seat="6" name="Rakki" chips="490" dealer="0" win="0" bet="20" muck="1" rebuy="0" addon="0" merge="0" rebuychips="0" reg_code="5053521821"/>
</players>
</general>
<round no="0"><action no="1" player="Rakki" type="15" sum="5"/>
<action no="2" player="Tiuualex" type="15" discard="1" dealt="1" sum="5"/>
<action no="3" player="OndaBianca1" type="15" discard="1" dealt="1" sum="5"/>
<action no="4" player="Rakki" type="1" sum="15"/>
<action no="5" player="Tiuualex" type="2" discard="1" dealt="1" sum="30"/>
</round>
<round no="1"><cards type="Pocket" player="OndaBianca1">X X</cards>
<cards type="Pocket" player="Tiuualex">X X</cards>
<cards type="Pocket" player="Rakki">H5 H10</cards>
<action no="6" player="OndaBianca1" type="23" discard="1" dealt="1" sum="485"/>
<action no="7" player="Rakki" type="0" sum="0"/>
<action no="8" player="Tiuualex" type="0" discard="1" dealt="1" sum="0"/>
</round>
</game>
<game gamecode="6453275855"><general><startdate>2025-08-14 15:27:02</startdate>
<round>1</round>
<failsafecounter/>
<players><player seat="3" name="OndaBianca1" chips="545" dealer="0" win="45" bet="35" muck="1" rebuy="0" addon="0" merge="0" rebuychips="0" reg_code="5053521803"/>
<player seat="6" name="Rakki" chips="470" dealer="1" win="0" bet="5" muck="1" rebuy="0" addon="0" merge="0" rebuychips="0" reg_code="5053521821"/>
<player seat="10" name="Tiuualex" chips="485" dealer="0" win="0" bet="20" muck="1" rebuy="0" addon="0" merge="0" rebuychips="0" reg_code="5053521857"/>
</players>
</general>
<round no="0"><action no="1" player="Tiuualex" type="15" discard="1" dealt="1" sum="5"/>
<action no="2" player="OndaBianca1" type="15" discard="1" dealt="1" sum="5"/>
<action no="3" player="Rakki" type="15" sum="5"/>
<action no="4" player="Tiuualex" type="1" discard="1" dealt="1" sum="15"/>
<action no="5" player="OndaBianca1" type="2" discard="1" dealt="1" sum="30"/>
</round>
<round no="1"><cards type="Pocket" player="Rakki">S3 S7</cards>
<cards type="Pocket" player="OndaBianca1">X X</cards>
<cards type="Pocket" player="Tiuualex">X X</cards>
<action no="6" player="Rakki" type="0" sum="0"/>
<action no="7" player="Tiuualex" type="0" discard="1" dealt="1" sum="0"/>
</round>
</game>
<game gamecode="6453275886"><general><startdate>2025-08-14 15:27:13</startdate>
<round>1</round>
<failsafecounter/>
<players><player seat="6" name="Rakki" chips="465" dealer="0" win="0" bet="65" muck="1" rebuy="0" addon="0" merge="0" rebuychips="0" reg_code="5053521821"/>
<player seat="10" name="Tiuualex" chips="465" dealer="1" win="150" bet="95" muck="1" rebuy="0" addon="0" merge="0" rebuychips="0" reg_code="5053521857"/>
<player seat="3" name="OndaBianca1" chips="570" dealer="0" win="0" bet="20" muck="1" rebuy="0" addon="0" merge="0" rebuychips="0" reg_code="5053521803"/>
</players>
</general>
<round no="0"><action no="1" player="OndaBianca1" type="15" discard="1" dealt="1" sum="5"/>
<action no="2" player="Rakki" type="15" sum="5"/>
<action no="3" player="Tiuualex" type="15" discard="1" dealt="1" sum="5"/>
<action no="4" player="OndaBianca1" type="1" discard="1" dealt="1" sum="15"/>
<action no="5" player="Rakki" type="2" sum="30"/>
</round>
<round no="1"><cards type="Pocket" player="OndaBianca1">X X</cards>
<cards type="Pocket" player="Tiuualex">X X</cards>
<cards type="Pocket" player="Rakki">H8 C7</cards>
<action no="6" player="Tiuualex" type="23" discard="1" dealt="1" sum="60"/>
<action no="7" player="OndaBianca1" type="0" discard="1" dealt="1" sum="0"/>
<action no="8" player="Rakki" type="3" sum="30"/>
</round>
<round no="2"><cards type="Flop">S9 SK C3</cards>
<action no="9" player="Rakki" type="4" sum="0"/>
<action no="10" player="Tiuualex" type="5" discard="1" dealt="1" sum="30"/>
<action no="11" player="Rakki" type="0" sum="0"/>
</round>
</game>
<game gamecode="6453275939"><general><startdate>2025-08-14 15:27:40</startdate>
<round>1</round>
<failsafecounter/>
<players><player seat="10" name="Tiuualex" chips="550" dealer="0" win="75" bet="125" muck="1" rebuy="0" addon="0" merge="0" rebuychips="0" reg_code="5053521857"/>
<player seat="3" name="OndaBianca1" chips="550" dealer="1" win="0" bet="5" muck="1" rebuy="0" addon="0" merge="0" rebuychips="0" reg_code="5053521803"/>
<player seat="6" name="Rakki" chips="400" dealer="0" win="0" bet="35" muck="1" rebuy="0" addon="0" merge="0" rebuychips="0" reg_code="5053521821"/>
</players>
</general>
<round no="0"><action no="1" player="Rakki" type="15" sum="5"/>
<action no="2" player="Tiuualex" type="15" discard="1" dealt="1" sum="5"/>
<action no="3" player="OndaBianca1" type="15" discard="1" dealt="1" sum="5"/>
<action no="4" player="Rakki" type="1" sum="15"/>
<action no="5" player="Tiuualex" type="2" discard="1" dealt="1" sum="30"/>
</round>
<round no="1"><cards type="Pocket" player="OndaBianca1">X X</cards>
<cards type="Pocket" player="Rakki">H8 SQ</cards>
<cards type="Pocket" player="Tiuualex">X X</cards>
<action no="6" player="OndaBianca1" type="0" discard="1" dealt="1" sum="0"/>
<action no="7" player="Rakki" type="3" sum="15"/>
<action no="8" player="Tiuualex" type="23" discard="1" dealt="1" sum="120"/>
<action no="9" player="Rakki" type="0" sum="0"/>
</round>
</game>
<game gamecode="6453276008"><general><startdate>2025-08-14 15:28:13</startdate>
<round>1</round>
<failsafecounter/>
<players><player seat="3" name="OndaBianca1" chips="545" dealer="0" win="0" bet="45" muck="1" rebuy="0" addon="0" merge="0" rebuychips="0" reg_code="5053521803"/>
<player seat="6" name="Rakki" chips="365" dealer="1" win="0" bet="365" muck="0" rebuy="0" addon="0" merge="0" rebuychips="0" reg_code="5053521821"/>
<player seat="10" name="Tiuualex" chips="590" dealer="0" win="775" bet="590" muck="0" rebuy="0" addon="0" merge="0" rebuychips="0" reg_code="5053521857"/>
</players>
</general>
<round no="0"><action no="1" player="Tiuualex" type="15" discard="1" dealt="1" sum="5"/>
<action no="2" player="OndaBianca1" type="15" discard="1" dealt="1" sum="5"/>
<action no="3" player="Rakki" type="15" sum="5"/>
<action no="4" player="Tiuualex" type="1" discard="1" dealt="1" sum="20"/>
<action no="5" player="OndaBianca1" type="2" discard="1" dealt="1" sum="40"/>
</round>
<round no="1"><cards type="Pocket" player="OndaBianca1">X X</cards>
<cards type="Pocket" player="Tiuualex">C6 H6</cards>
<cards type="Pocket" player="Rakki">C3 SA</cards>
<action no="6" player="Rakki" type="23" sum="360"/>
<action no="7" player="Tiuualex" type="7" discard="1" dealt="1" sum="565"/>
<action no="8" player="OndaBianca1" type="0" discard="1" dealt="1" sum="0"/>
</round>
<round no="2"><cards type="Flop">C10 HJ D3</cards>
</round>
<round no="3"><cards type="Turn">C4</cards>
</round>
<round no="4"><cards type="River">D7</cards>
</round>
</game>
</session>
