<?xml version="1.0" encoding="UTF-8"?>
<session sessioncode="5053533036">
<general>
<client_version>25.1.1.16</client_version>
<mode>real</mode>
<gametype>Holdem NL</gametype>
<tablename>Twister €100 SNG, 815789825</tablename>
<tournamentcode>815789824</tournamentcode>
<tournamentname>Twister €100 SNG</tournamentname>
<buyin>€0 + €7 + €93</buyin>
<totalbuyin>€100</totalbuyin>
<rewarddrawn>€200</rewarddrawn>
<tournamentcurrency>EUR</tournamentcurrency>
<currency>EUR</currency>
<nickname>Rakki</nickname>
<gamecount>3</gamecount>
<startdate>2025-08-14 16:26:05</startdate>
<place>3</place>
<win>€0</win>
<tablesize>3</tablesize>
</general>
<game gamecode="6453328210"><general><startdate>2025-08-14 16:26:21</startdate>
<round>1</round>
<failsafecounter/>
<players><player seat="10" name="gio993" chips="500" dealer="0" win="100" bet="110" muck="1" rebuy="0" addon="0" merge="0" rebuychips="0" reg_code="5053534318"/>
<player seat="3" name="Tiuualex" chips="500" dealer="1" win="0" bet="0" muck="1" rebuy="0" addon="0" merge="0" rebuychips="0" reg_code="5053532585"/>
<player seat="6" name="Rakki" chips="500" dealer="0" win="0" bet="50" muck="1" rebuy="0" addon="0" merge="0" rebuychips="0" reg_code="5053533036"/>
</players>
</general>
<round no="0"><action no="1" player="Rakki" type="1" sum="10"/>
<action no="2" player="gio993" type="2" discard="1" dealt="1" sum="20"/>
</round>
<round no="1"><cards type="Pocket" player="Tiuualex">X X</cards>
<cards type="Pocket" player="gio993">X X</cards>
<cards type="Pocket" player="Rakki">HA HJ</cards>
<action no="3" player="Tiuualex" type="0" discard="1" dealt="1" sum="0"/>
<action no="4" player="Rakki" type="23" sum="50"/>
<action no="5" player="gio993" type="3" discard="1" dealt="1" sum="30"/>
</round>
<round no="2"><cards type="Flop">S6 D7 H2</cards>
<action no="6" player="Rakki" type="4" sum="0"/>
<action no="7" player="gio993" type="4" discard="1" dealt="1" sum="0"/>
</round>
<round no="3"><cards type="Turn">CQ</cards>
<action no="8" player="Rakki" type="4" sum="0"/>
<action no="9" player="gio993" type="5" discard="1" dealt="1" sum="60"/>
<action no="10" player="Rakki" type="0" sum="0"/>
</round>
</game>
<game gamecode="6453328276"><general><startdate>2025-08-14 16:26:49</startdate>
<round>1</round>
<failsafecounter/>
<players><player seat="3" name="Tiuualex" chips="500" dealer="0" win="432" bet="196" muck="0" rebuy="0" addon="0" merge="0" rebuychips="0" reg_code="5053532585"/>
<player seat="6" name="Rakki" chips="450" dealer="1" win="0" bet="40" muck="1" rebuy="0" addon="0" merge="0" rebuychips="0" reg_code="5053533036"/>
<player seat="10" name="gio993" chips="550" dealer="0" win="0" bet="196" muck="1" rebuy="0" addon="0" merge="0" rebuychips="0" reg_code="5053534318"/>
</players>
</general>
<round no="0"><action no="1" player="gio993" type="1" discard="1" dealt="1" sum="10"/>
<action no="2" player="Tiuualex" type="2" discard="1" dealt="1" sum="20"/>
</round>
<round no="1"><cards type="Pocket" player="Tiuualex">C6 DQ</cards>
<cards type="Pocket" player="Rakki">S10 CQ</cards>
<cards type="Pocket" player="gio993">D2 D8</cards>
<action no="3" player="Rakki" type="23" sum="40"/>
<action no="4" player="gio993" type="3" discard="1" dealt="1" sum="30"/>
<action no="5" player="Tiuualex" type="3" discard="1" dealt="1" sum="20"/>
</round>
<round no="2"><cards type="Flop">D3 D9 DJ</cards>
<action no="6" player="gio993" type="4" discard="1" dealt="1" sum="0"/>
<action no="7" player="Tiuualex" type="4" discard="1" dealt="1" sum="0"/>
<action no="8" player="Rakki" type="4" sum="0"/>
</round>
<round no="3"><cards type="Turn">D7</cards>
<action no="9" player="gio993" type="5" discard="1" dealt="1" sum="40"/>
<action no="10" player="Tiuualex" type="3" discard="1" dealt="1" sum="40"/>
<action no="11" player="Rakki" type="0" sum="0"/>
</round>
<round no="4"><cards type="River">HJ</cards>
<action no="12" player="gio993" type="5" discard="1" dealt="1" sum="40"/>
<action no="13" player="Tiuualex" type="23" discard="1" dealt="1" sum="116"/>
<action no="14" player="gio993" type="3" discard="1" dealt="1" sum="76"/>
</round>
</game>
<game gamecode="6453328401"><general><startdate>2025-08-14 16:27:50</startdate>
<round>1</round>
<failsafecounter/>
<players><player seat="6" name="Rakki" chips="410" dealer="0" win="0" bet="410" muck="0" rebuy="0" addon="0" merge="0" rebuychips="0" reg_code="5053533036"/>
<player seat="10" name="gio993" chips="354" dealer="1" win="0" bet="20" muck="1" rebuy="0" addon="0" merge="0" rebuychips="0" reg_code="5053534318"/>
<player seat="3" name="Tiuualex" chips="736" dealer="0" win="840" bet="410" muck="0" rebuy="0" addon="0" merge="0" rebuychips="0" reg_code="5053532585"/>
</players>
</general>
<round no="0"><action no="1" player="Tiuualex" type="1" discard="1" dealt="1" sum="10"/>
<action no="2" player="Rakki" type="2" sum="20"/>
</round>
<round no="1"><cards type="Pocket" player="Rakki">CQ SQ</cards>
<cards type="Pocket" player="Tiuualex">CA CK</cards>
<cards type="Pocket" player="gio993">X X</cards>
<action no="3" player="gio993" type="3" discard="1" dealt="1" sum="20"/>
<action no="4" player="Tiuualex" type="23" discard="1" dealt="1" sum="100"/>
<action no="5" player="Rakki" type="23" sum="410"/>
<action no="6" player="gio993" type="0" discard="1" dealt="1" sum="0"/>
<action no="7" player="Tiuualex" type="3" discard="1" dealt="1" sum="310"/>
</round>
<round no="2"><cards type="Flop">SJ H7 C3</cards>
</round>
<round no="3"><cards type="Turn">SK</cards>
</round>
<round no="4"><cards type="River">D9</cards>
</round>
</game>
</session>
