<?xml version="1.0" encoding="UTF-8"?>
<session sessioncode="5053529834">
<general>
<client_version>25.1.1.16</client_version>
<mode>real</mode>
<gametype>Holdem NL</gametype>
<tablename>Twister €100 SNG, 815789436</tablename>
<tournamentcode>815789435</tournamentcode>
<tournamentname>Twister €100 SNG</tournamentname>
<buyin>€0 + €7 + €93</buyin>
<totalbuyin>€100</totalbuyin>
<rewarddrawn>€400</rewarddrawn>
<tournamentcurrency>EUR</tournamentcurrency>
<currency>EUR</currency>
<nickname>Rakki</nickname>
<gamecount>14</gamecount>
<startdate>2025-08-14 16:05:49</startdate>
<place>2</place>
<win>€0</win>
<tablesize>3</tablesize>
</general>
<game gamecode="6453312783"><general><startdate>2025-08-14 16:06:04</startdate>
<round>1</round>
<failsafecounter/>
<players><player seat="6" name="OndaBianca1" chips="500" dealer="0" win="0" bet="20" muck="1" rebuy="0" addon="0" merge="0" rebuychips="0" reg_code="5053530010"/>
<player seat="10" name="Tiuualex" chips="500" dealer="1" win="50" bet="40" muck="1" rebuy="0" addon="0" merge="0" rebuychips="0" reg_code="5053530186"/>
<player seat="3" name="Rakki" chips="500" dealer="0" win="0" bet="10" muck="1" rebuy="0" addon="0" merge="0" rebuychips="0" reg_code="5053529834"/>
</players>
</general>
<round no="0"><action no="1" player="Rakki" type="1" sum="10"/>
<action no="2" player="OndaBianca1" type="2" discard="1" dealt="1" sum="20"/>
</round>
<round no="1"><cards type="Pocket" player="OndaBianca1">X X</cards>
<cards type="Pocket" player="Tiuualex">X X</cards>
<cards type="Pocket" player="Rakki">HJ C9</cards>
<action no="3" player="Tiuualex" type="23" discard="1" dealt="1" sum="40"/>
<action no="4" player="Rakki" type="0" sum="0"/>
<action no="5" player="OndaBianca1" type="0" discard="1" dealt="1" sum="0"/>
</round>
</game>
<game gamecode="6453312817"><general><startdate>2025-08-14 16:06:16</startdate>
<round>1</round>
<failsafecounter/>
<players><player seat="10" name="Tiuualex" chips="530" dealer="0" win="0" bet="60" muck="1" rebuy="0" addon="0" merge="0" rebuychips="0" reg_code="5053530186"/>
<player seat="3" name="Rakki" chips="490" dealer="1" win="0" bet="0" muck="1" rebuy="0" addon="0" merge="0" rebuychips="0" reg_code="5053529834"/>
<player seat="6" name="OndaBianca1" chips="480" dealer="0" win="120" bet="95" muck="1" rebuy="0" addon="0" merge="0" rebuychips="0" reg_code="5053530010"/>
</players>
</general>
<round no="0"><action no="1" player="OndaBianca1" type="1" discard="1" dealt="1" sum="10"/>
<action no="2" player="Tiuualex" type="2" discard="1" dealt="1" sum="20"/>
</round>
<round no="1"><cards type="Pocket" player="Rakki">H2 S4</cards>
<cards type="Pocket" player="Tiuualex">X X</cards>
<cards type="Pocket" player="OndaBianca1">X X</cards>
<action no="3" player="Rakki" type="0" sum="0"/>
<action no="4" player="OndaBianca1" type="23" discard="1" dealt="1" sum="60"/>
<action no="5" player="Tiuualex" type="3" discard="1" dealt="1" sum="40"/>
</round>
<round no="2"><cards type="Flop">HQ DA H8</cards>
<action no="6" player="OndaBianca1" type="5" discard="1" dealt="1" sum="35"/>
<action no="7" player="Tiuualex" type="0" discard="1" dealt="1" sum="0"/>
</round>
</game>
<game gamecode="6453312870"><general><startdate>2025-08-14 16:06:36</startdate>
<round>1</round>
<failsafecounter/>
<players><player seat="3" name="Rakki" chips="490" dealer="0" win="290" bet="145" muck="0" rebuy="0" addon="0" merge="0" rebuychips="0" reg_code="5053529834"/>
<player seat="6" name="OndaBianca1" chips="540" dealer="1" win="0" bet="0" muck="1" rebuy="0" addon="0" merge="0" rebuychips="0" reg_code="5053530010"/>
<player seat="10" name="Tiuualex" chips="470" dealer="0" win="0" bet="145" muck="1" rebuy="0" addon="0" merge="0" rebuychips="0" reg_code="5053530186"/>
</players>
</general>
<round no="0"><action no="1" player="Tiuualex" type="1" discard="1" dealt="1" sum="10"/>
<action no="2" player="Rakki" type="2" sum="20"/>
</round>
<round no="1"><cards type="Pocket" player="Tiuualex">D8 CJ</cards>
<cards type="Pocket" player="OndaBianca1">X X</cards>
<cards type="Pocket" player="Rakki">SQ S2</cards>
<action no="3" player="OndaBianca1" type="0" discard="1" dealt="1" sum="0"/>
<action no="4" player="Tiuualex" type="23" discard="1" dealt="1" sum="50"/>
<action no="5" player="Rakki" type="3" sum="30"/>
</round>
<round no="2"><cards type="Flop">D4 C9 S10</cards>
<action no="6" player="Tiuualex" type="5" discard="1" dealt="1" sum="25"/>
<action no="7" player="Rakki" type="3" sum="25"/>
</round>
<round no="3"><cards type="Turn">S9</cards>
<action no="8" player="Tiuualex" type="5" discard="1" dealt="1" sum="70"/>
<action no="9" player="Rakki" type="3" sum="70"/>
</round>
<round no="4"><cards type="River">H4</cards>
<action no="10" player="Tiuualex" type="4" discard="1" dealt="1" sum="0"/>
<action no="11" player="Rakki" type="4" sum="0"/>
</round>
</game>
<game gamecode="6453312995"><general><startdate>2025-08-14 16:07:28</startdate>
<round>1</round>
<failsafecounter/>
<players><player seat="6" name="OndaBianca1" chips="540" dealer="0" win="0" bet="20" muck="1" rebuy="0" addon="0" merge="0" rebuychips="0" reg_code="5053530010"/>
<player seat="10" name="Tiuualex" chips="325" dealer="1" win="670" bet="325" muck="0" rebuy="0" addon="0" merge="0" rebuychips="0" reg_code="5053530186"/>
<player seat="3" name="Rakki" chips="635" dealer="0" win="0" bet="635" muck="1" rebuy="0" addon="0" merge="0" rebuychips="0" reg_code="5053529834"/>
</players>
</general>
<round no="0"><action no="1" player="Rakki" type="1" sum="10"/>
<action no="2" player="OndaBianca1" type="2" discard="1" dealt="1" sum="20"/>
</round>
<round no="1"><cards type="Pocket" player="Rakki">CQ HK</cards>
<cards type="Pocket" player="Tiuualex">C8 H8</cards>
<cards type="Pocket" player="OndaBianca1">X X</cards>
<action no="3" player="Tiuualex" type="23" discard="1" dealt="1" sum="40"/>
<action no="4" player="Rakki" type="23" sum="635"/>
<action no="5" player="OndaBianca1" type="0" discard="1" dealt="1" sum="0"/>
<action no="6" player="Tiuualex" type="7" discard="1" dealt="1" sum="285"/>
</round>
<round no="2"><cards type="Flop">D4 C3 D10</cards>
</round>
<round no="3"><cards type="Turn">SA</cards>
</round>
<round no="4"><cards type="River">D9</cards>
</round>
</game>
<game gamecode="6453313064"><general><startdate>2025-08-14 16:07:55</startdate>
<round>1</round>
<failsafecounter/>
<players><player seat="10" name="Tiuualex" chips="670" dealer="0" win="0" bet="20" muck="1" rebuy="0" addon="0" merge="0" rebuychips="0" reg_code="5053530186"/>
<player seat="3" name="Rakki" chips="310" dealer="1" win="0" bet="0" muck="1" rebuy="0" addon="0" merge="0" rebuychips="0" reg_code="5053529834"/>
<player seat="6" name="OndaBianca1" chips="520" dealer="0" win="40" bet="40" muck="1" rebuy="0" addon="0" merge="0" rebuychips="0" reg_code="5053530010"/>
</players>
</general>
<round no="0"><action no="1" player="OndaBianca1" type="1" discard="1" dealt="1" sum="10"/>
<action no="2" player="Tiuualex" type="2" discard="1" dealt="1" sum="20"/>
</round>
<round no="1"><cards type="Pocket" player="Tiuualex">X X</cards>
<cards type="Pocket" player="OndaBianca1">X X</cards>
<cards type="Pocket" player="Rakki">HJ C4</cards>
<action no="3" player="Rakki" type="0" sum="0"/>
<action no="4" player="OndaBianca1" type="3" discard="1" dealt="1" sum="10"/>
<action no="5" player="Tiuualex" type="4" discard="1" dealt="1" sum="0"/>
</round>
<round no="2"><cards type="Flop">C8 D4 H8</cards>
<action no="6" player="OndaBianca1" type="4" discard="1" dealt="1" sum="0"/>
<action no="7" player="Tiuualex" type="4" discard="1" dealt="1" sum="0"/>
</round>
<round no="3"><cards type="Turn">SK</cards>
<action no="8" player="OndaBianca1" type="5" discard="1" dealt="1" sum="20"/>
<action no="9" player="Tiuualex" type="0" discard="1" dealt="1" sum="0"/>
</round>
</game>
<game gamecode="6453313134"><general><startdate>2025-08-14 16:08:24</startdate>
<round>1</round>
<failsafecounter/>
<players><player seat="3" name="Rakki" chips="310" dealer="0" win="0" bet="35" muck="1" rebuy="0" addon="0" merge="0" rebuychips="0" reg_code="5053529834"/>
<player seat="6" name="OndaBianca1" chips="540" dealer="1" win="0" bet="540" muck="0" rebuy="0" addon="0" merge="0" rebuychips="0" reg_code="5053530010"/>
<player seat="10" name="Tiuualex" chips="650" dealer="0" win="1,115" bet="650" muck="0" rebuy="0" addon="0" merge="0" rebuychips="0" reg_code="5053530186"/>
</players>
</general>
<round no="0"><action no="1" player="Tiuualex" type="15" discard="1" dealt="1" sum="5"/>
<action no="2" player="Rakki" type="15" sum="5"/>
<action no="3" player="OndaBianca1" type="15" discard="1" dealt="1" sum="5"/>
<action no="4" player="Tiuualex" type="1" discard="1" dealt="1" sum="15"/>
<action no="5" player="Rakki" type="2" sum="30"/>
</round>
<round no="1"><cards type="Pocket" player="OndaBianca1">D3 H3</cards>
<cards type="Pocket" player="Tiuualex">CK CA</cards>
<cards type="Pocket" player="Rakki">HJ C6</cards>
<action no="6" player="OndaBianca1" type="23" discard="1" dealt="1" sum="535"/>
<action no="7" player="Tiuualex" type="7" discard="1" dealt="1" sum="630"/>
<action no="8" player="Rakki" type="0" sum="0"/>
</round>
<round no="2"><cards type="Flop">DQ HK S2</cards>
</round>
<round no="3"><cards type="Turn">H5</cards>
</round>
<round no="4"><cards type="River">C8</cards>
</round>
</game>
<game gamecode="6453313186"><general><startdate>2025-08-14 16:08:45</startdate>
<round>1</round>
<failsafecounter/>
<players><player seat="3" name="Rakki" chips="275" dealer="0" win="70" bet="275" muck="1" rebuy="0" addon="0" merge="0" rebuychips="0" reg_code="5053529834"/>
<player seat="10" name="Tiuualex" chips="1,225" dealer="1" win="0" bet="35" muck="1" rebuy="0" addon="0" merge="0" rebuychips="0" reg_code="5053530186"/>
</players>
</general>
<round no="0"><action no="1" player="Tiuualex" type="15" discard="1" dealt="1" sum="5"/>
<action no="2" player="Rakki" type="15" sum="5"/>
<action no="3" player="Tiuualex" type="1" discard="1" dealt="1" sum="15"/>
<action no="4" player="Rakki" type="2" sum="30"/>
</round>
<round no="1"><cards type="Pocket" player="Rakki">HK D8</cards>
<cards type="Pocket" player="Tiuualex">X X</cards>
<action no="5" player="Tiuualex" type="3" discard="1" dealt="1" sum="15"/>
<action no="6" player="Rakki" type="23" sum="270"/>
<action no="7" player="Tiuualex" type="0" discard="1" dealt="1" sum="0"/>
</round>
</game>
<game gamecode="6453313214"><general><startdate>2025-08-14 16:08:55</startdate>
<round>1</round>
<failsafecounter/>
<players><player seat="10" name="Tiuualex" chips="1,190" dealer="0" win="0" bet="35" muck="1" rebuy="0" addon="0" merge="0" rebuychips="0" reg_code="5053530186"/>
<player seat="3" name="Rakki" chips="310" dealer="1" win="70" bet="65" muck="1" rebuy="0" addon="0" merge="0" rebuychips="0" reg_code="5053529834"/>
</players>
</general>
<round no="0"><action no="1" player="Rakki" type="15" sum="5"/>
<action no="2" player="Tiuualex" type="15" discard="1" dealt="1" sum="5"/>
<action no="3" player="Rakki" type="1" sum="15"/>
<action no="4" player="Tiuualex" type="2" discard="1" dealt="1" sum="30"/>
</round>
<round no="1"><cards type="Pocket" player="Tiuualex">X X</cards>
<cards type="Pocket" player="Rakki">S6 H8</cards>
<action no="5" player="Rakki" type="3" sum="15"/>
<action no="6" player="Tiuualex" type="4" discard="1" dealt="1" sum="0"/>
</round>
<round no="2"><cards type="Flop">S10 HK C2</cards>
<action no="7" player="Tiuualex" type="4" discard="1" dealt="1" sum="0"/>
<action no="8" player="Rakki" type="5" sum="30"/>
<action no="9" player="Tiuualex" type="0" discard="1" dealt="1" sum="0"/>
</round>
</game>
<game gamecode="6453313273"><general><startdate>2025-08-14 16:09:22</startdate>
<round>1</round>
<failsafecounter/>
<players><player seat="3" name="Rakki" chips="345" dealer="0" win="0" bet="171" muck="1" rebuy="0" addon="0" merge="0" rebuychips="0" reg_code="5053529834"/>
<player seat="10" name="Tiuualex" chips="1,155" dealer="1" win="342" bet="171" muck="0" rebuy="0" addon="0" merge="0" rebuychips="0" reg_code="5053530186"/>
</players>
</general>
<round no="0"><action no="1" player="Tiuualex" type="15" discard="1" dealt="1" sum="5"/>
<action no="2" player="Rakki" type="15" sum="5"/>
<action no="3" player="Tiuualex" type="1" discard="1" dealt="1" sum="15"/>
<action no="4" player="Rakki" type="2" sum="30"/>
</round>
<round no="1"><cards type="Pocket" player="Tiuualex">H3 S8</cards>
<cards type="Pocket" player="Rakki">S4 C6</cards>
<action no="5" player="Tiuualex" type="3" discard="1" dealt="1" sum="15"/>
<action no="6" player="Rakki" type="4" sum="0"/>
</round>
<round no="2"><cards type="Flop">S10 S9 SA</cards>
<action no="7" player="Rakki" type="4" sum="0"/>
<action no="8" player="Tiuualex" type="5" discard="1" dealt="1" sum="33"/>
<action no="9" player="Rakki" type="3" sum="33"/>
</round>
<round no="3"><cards type="Turn">S3</cards>
<action no="10" player="Rakki" type="4" sum="0"/>
<action no="11" player="Tiuualex" type="5" discard="1" dealt="1" sum="50"/>
<action no="12" player="Rakki" type="3" sum="50"/>
</round>
<round no="4"><cards type="River">DQ</cards>
<action no="13" player="Rakki" type="4" sum="0"/>
<action no="14" player="Tiuualex" type="5" discard="1" dealt="1" sum="53"/>
<action no="15" player="Rakki" type="3" sum="53"/>
</round>
</game>
<game gamecode="6453313414"><general><startdate>2025-08-14 16:10:24</startdate>
<round>1</round>
<failsafecounter/>
<players><player seat="10" name="Tiuualex" chips="1,326" dealer="0" win="50" bet="45" muck="1" rebuy="0" addon="0" merge="0" rebuychips="0" reg_code="5053530186"/>
<player seat="3" name="Rakki" chips="174" dealer="1" win="0" bet="25" muck="1" rebuy="0" addon="0" merge="0" rebuychips="0" reg_code="5053529834"/>
</players>
</general>
<round no="0"><action no="1" player="Rakki" type="15" sum="5"/>
<action no="2" player="Tiuualex" type="15" discard="1" dealt="1" sum="5"/>
<action no="3" player="Rakki" type="1" sum="20"/>
<action no="4" player="Tiuualex" type="2" discard="1" dealt="1" sum="40"/>
</round>
<round no="1"><cards type="Pocket" player="Rakki">C2 S4</cards>
<cards type="Pocket" player="Tiuualex">X X</cards>
<action no="5" player="Rakki" type="0" sum="0"/>
</round>
</game>
<game gamecode="6453313432"><general><startdate>2025-08-14 16:10:30</startdate>
<round>1</round>
<failsafecounter/>
<players><player seat="3" name="Rakki" chips="149" dealer="0" win="50" bet="45" muck="1" rebuy="0" addon="0" merge="0" rebuychips="0" reg_code="5053529834"/>
<player seat="10" name="Tiuualex" chips="1,351" dealer="1" win="0" bet="25" muck="1" rebuy="0" addon="0" merge="0" rebuychips="0" reg_code="5053530186"/>
</players>
</general>
<round no="0"><action no="1" player="Tiuualex" type="15" discard="1" dealt="1" sum="5"/>
<action no="2" player="Rakki" type="15" sum="5"/>
<action no="3" player="Tiuualex" type="1" discard="1" dealt="1" sum="20"/>
<action no="4" player="Rakki" type="2" sum="40"/>
</round>
<round no="1"><cards type="Pocket" player="Rakki">DQ CK</cards>
<cards type="Pocket" player="Tiuualex">X X</cards>
<action no="5" player="Tiuualex" type="0" discard="1" dealt="1" sum="0"/>
</round>
</game>
<game gamecode="6453313448"><general><startdate>2025-08-14 16:10:36</startdate>
<round>1</round>
<failsafecounter/>
<players><player seat="10" name="Tiuualex" chips="1,326" dealer="0" win="0" bet="45" muck="1" rebuy="0" addon="0" merge="0" rebuychips="0" reg_code="5053530186"/>
<player seat="3" name="Rakki" chips="174" dealer="1" win="90" bet="174" muck="1" rebuy="0" addon="0" merge="0" rebuychips="0" reg_code="5053529834"/>
</players>
</general>
<round no="0"><action no="1" player="Rakki" type="15" sum="5"/>
<action no="2" player="Tiuualex" type="15" discard="1" dealt="1" sum="5"/>
<action no="3" player="Rakki" type="1" sum="20"/>
<action no="4" player="Tiuualex" type="2" discard="1" dealt="1" sum="40"/>
</round>
<round no="1"><cards type="Pocket" player="Tiuualex">X X</cards>
<cards type="Pocket" player="Rakki">CQ HJ</cards>
<action no="5" player="Rakki" type="23" sum="169"/>
<action no="6" player="Tiuualex" type="0" discard="1" dealt="1" sum="0"/>
</round>
</game>
<game gamecode="6453313459"><general><startdate>2025-08-14 16:10:41</startdate>
<round>1</round>
<failsafecounter/>
<players><player seat="3" name="Rakki" chips="219" dealer="0" win="438" bet="219" muck="0" rebuy="0" addon="0" merge="0" rebuychips="0" reg_code="5053529834"/>
<player seat="10" name="Tiuualex" chips="1,281" dealer="1" win="0" bet="525" muck="1" rebuy="0" addon="0" merge="0" rebuychips="0" reg_code="5053530186"/>
</players>
</general>
<round no="0"><action no="1" player="Tiuualex" type="15" discard="1" dealt="1" sum="5"/>
<action no="2" player="Rakki" type="15" sum="5"/>
<action no="3" player="Tiuualex" type="1" discard="1" dealt="1" sum="20"/>
<action no="4" player="Rakki" type="2" sum="40"/>
</round>
<round no="1"><cards type="Pocket" player="Rakki">CQ D4</cards>
<cards type="Pocket" player="Tiuualex">SA HQ</cards>
<action no="5" player="Tiuualex" type="23" discard="1" dealt="1" sum="520"/>
<action no="6" player="Rakki" type="7" sum="174"/>
</round>
<round no="2"><cards type="Flop">C4 SJ H8</cards>
</round>
<round no="3"><cards type="Turn">D5</cards>
</round>
<round no="4"><cards type="River">SK</cards>
</round>
</game>
<game gamecode="6453313499"><general><startdate>2025-08-14 16:11:00</startdate>
<round>1</round>
<failsafecounter/>
<players><player seat="10" name="Tiuualex" chips="1,062" dealer="0" win="876" bet="1,062" muck="0" rebuy="0" addon="0" merge="0" rebuychips="0" reg_code="5053530186"/>
<player seat="3" name="Rakki" chips="438" dealer="1" win="0" bet="438" muck="0" rebuy="0" addon="0" merge="0" rebuychips="0" reg_code="5053529834"/>
</players>
</general>
<round no="0"><action no="1" player="Rakki" type="15" sum="5"/>
<action no="2" player="Tiuualex" type="15" discard="1" dealt="1" sum="5"/>
<action no="3" player="Rakki" type="1" sum="20"/>
<action no="4" player="Tiuualex" type="2" discard="1" dealt="1" sum="40"/>
</round>
<round no="1"><cards type="Pocket" player="Rakki">DA HA</cards>
<cards type="Pocket" player="Tiuualex">D2 HJ</cards>
<action no="5" player="Rakki" type="3" sum="20"/>
<action no="6" player="Tiuualex" type="23" discard="1" dealt="1" sum="120"/>
<action no="7" player="Rakki" type="3" sum="80"/>
</round>
<round no="2"><cards type="Flop">SJ C10 H2</cards>
<action no="8" player="Tiuualex" type="5" discard="1" dealt="1" sum="62"/>
<action no="9" player="Rakki" type="3" sum="62"/>
</round>
<round no="3"><cards type="Turn">C5</cards>
<action no="10" player="Tiuualex" type="5" discard="1" dealt="1" sum="875"/>
<action no="11" player="Rakki" type="7" sum="251"/>
</round>
<round no="4"><cards type="River">C4</cards>
</round>
</game>
</session>
