<?xml version="1.0" encoding="UTF-8"?>
<session sessioncode="5053518498">
<general>
<client_version>25.1.1.16</client_version>
<mode>real</mode>
<gametype>Holdem NL</gametype>
<tablename>Twister €100 SNG, 815784996</tablename>
<tournamentcode>815784995</tournamentcode>
<tournamentname>Twister €100 SNG</tournamentname>
<buyin>€0 + €7 + €93</buyin>
<totalbuyin>€100</totalbuyin>
<rewarddrawn>€200</rewarddrawn>
<tournamentcurrency>EUR</tournamentcurrency>
<currency>EUR</currency>
<nickname>Rakki</nickname>
<gamecount>16</gamecount>
<startdate>2025-08-14 15:06:47</startdate>
<place>3</place>
<win>€0</win>
<tablesize>3</tablesize>
</general>
<game gamecode="6453261254"><general><startdate>2025-08-14 15:07:02</startdate>
<round>1</round>
<failsafecounter/>
<players><player seat="10" name="Rakki" chips="500" dealer="0" win="0" bet="40" muck="1" rebuy="0" addon="0" merge="0" rebuychips="0" reg_code="5053518498"/>
<player seat="3" name="OndaBianca1" chips="500" dealer="1" win="0" bet="0" muck="1" rebuy="0" addon="0" merge="0" rebuychips="0" reg_code="5053518381"/>
<player seat="6" name="susy62" chips="500" dealer="0" win="80" bet="40" muck="0" rebuy="0" addon="0" merge="0" rebuychips="0" reg_code="5053518453"/>
</players>
</general>
<round no="0"><action no="1" player="susy62" type="1" discard="1" dealt="1" sum="10"/>
<action no="2" player="Rakki" type="2" sum="20"/>
</round>
<round no="1"><cards type="Pocket" player="OndaBianca1">X X</cards>
<cards type="Pocket" player="susy62">S9 CK</cards>
<cards type="Pocket" player="Rakki">H9 D5</cards>
<action no="3" player="OndaBianca1" type="0" discard="1" dealt="1" sum="0"/>
<action no="4" player="susy62" type="3" discard="1" dealt="1" sum="10"/>
<action no="5" player="Rakki" type="4" sum="0"/>
</round>
<round no="2"><cards type="Flop">C3 S6 HA</cards>
<action no="6" player="susy62" type="4" discard="1" dealt="1" sum="0"/>
<action no="7" player="Rakki" type="4" sum="0"/>
</round>
<round no="3"><cards type="Turn">DQ</cards>
<action no="8" player="susy62" type="4" discard="1" dealt="1" sum="0"/>
<action no="9" player="Rakki" type="4" sum="0"/>
</round>
<round no="4"><cards type="River">D9</cards>
<action no="10" player="susy62" type="5" discard="1" dealt="1" sum="20"/>
<action no="11" player="Rakki" type="3" sum="20"/>
</round>
</game>
<game gamecode="6453261317"><general><startdate>2025-08-14 15:07:38</startdate>
<round>1</round>
<failsafecounter/>
<players><player seat="3" name="OndaBianca1" chips="500" dealer="0" win="50" bet="500" muck="1" rebuy="0" addon="0" merge="0" rebuychips="0" reg_code="5053518381"/>
<player seat="6" name="susy62" chips="540" dealer="1" win="0" bet="20" muck="1" rebuy="0" addon="0" merge="0" rebuychips="0" reg_code="5053518453"/>
<player seat="10" name="Rakki" chips="460" dealer="0" win="0" bet="10" muck="1" rebuy="0" addon="0" merge="0" rebuychips="0" reg_code="5053518498"/>
</players>
</general>
<round no="0"><action no="1" player="Rakki" type="1" sum="10"/>
<action no="2" player="OndaBianca1" type="2" discard="1" dealt="1" sum="20"/>
</round>
<round no="1"><cards type="Pocket" player="OndaBianca1">X X</cards>
<cards type="Pocket" player="susy62">X X</cards>
<cards type="Pocket" player="Rakki">C10 D2</cards>
<action no="3" player="susy62" type="3" discard="1" dealt="1" sum="20"/>
<action no="4" player="Rakki" type="0" sum="0"/>
<action no="5" player="OndaBianca1" type="23" discard="1" dealt="1" sum="500"/>
<action no="6" player="susy62" type="0" discard="1" dealt="1" sum="0"/>
</round>
</game>
<game gamecode="6453261353"><general><startdate>2025-08-14 15:07:56</startdate>
<round>1</round>
<failsafecounter/>
<players><player seat="6" name="susy62" chips="520" dealer="0" win="20" bet="20" muck="1" rebuy="0" addon="0" merge="0" rebuychips="0" reg_code="5053518453"/>
<player seat="10" name="Rakki" chips="450" dealer="1" win="0" bet="0" muck="1" rebuy="0" addon="0" merge="0" rebuychips="0" reg_code="5053518498"/>
<player seat="3" name="OndaBianca1" chips="530" dealer="0" win="0" bet="10" muck="1" rebuy="0" addon="0" merge="0" rebuychips="0" reg_code="5053518381"/>
</players>
</general>
<round no="0"><action no="1" player="OndaBianca1" type="1" discard="1" dealt="1" sum="10"/>
<action no="2" player="susy62" type="2" discard="1" dealt="1" sum="20"/>
</round>
<round no="1"><cards type="Pocket" player="susy62">X X</cards>
<cards type="Pocket" player="OndaBianca1">X X</cards>
<cards type="Pocket" player="Rakki">H9 C6</cards>
<action no="3" player="Rakki" type="0" sum="0"/>
<action no="4" player="OndaBianca1" type="0" discard="1" dealt="1" sum="0"/>
</round>
</game>
<game gamecode="6453261380"><general><startdate>2025-08-14 15:08:09</startdate>
<round>1</round>
<failsafecounter/>
<players><player seat="10" name="Rakki" chips="450" dealer="0" win="0" bet="20" muck="1" rebuy="0" addon="0" merge="0" rebuychips="0" reg_code="5053518498"/>
<player seat="3" name="OndaBianca1" chips="520" dealer="1" win="50" bet="40" muck="1" rebuy="0" addon="0" merge="0" rebuychips="0" reg_code="5053518381"/>
<player seat="6" name="susy62" chips="530" dealer="0" win="0" bet="10" muck="1" rebuy="0" addon="0" merge="0" rebuychips="0" reg_code="5053518453"/>
</players>
</general>
<round no="0"><action no="1" player="susy62" type="1" discard="1" dealt="1" sum="10"/>
<action no="2" player="Rakki" type="2" sum="20"/>
</round>
<round no="1"><cards type="Pocket" player="Rakki">S6 H3</cards>
<cards type="Pocket" player="susy62">X X</cards>
<cards type="Pocket" player="OndaBianca1">X X</cards>
<action no="3" player="OndaBianca1" type="23" discard="1" dealt="1" sum="40"/>
<action no="4" player="susy62" type="0" discard="1" dealt="1" sum="0"/>
<action no="5" player="Rakki" type="0" sum="0"/>
</round>
</game>
<game gamecode="6453261411"><general><startdate>2025-08-14 15:08:23</startdate>
<round>1</round>
<failsafecounter/>
<players><player seat="3" name="OndaBianca1" chips="550" dealer="0" win="0" bet="20" muck="1" rebuy="0" addon="0" merge="0" rebuychips="0" reg_code="5053518381"/>
<player seat="6" name="susy62" chips="520" dealer="1" win="0" bet="0" muck="1" rebuy="0" addon="0" merge="0" rebuychips="0" reg_code="5053518453"/>
<player seat="10" name="Rakki" chips="430" dealer="0" win="40" bet="50" muck="1" rebuy="0" addon="0" merge="0" rebuychips="0" reg_code="5053518498"/>
</players>
</general>
<round no="0"><action no="1" player="Rakki" type="1" sum="10"/>
<action no="2" player="OndaBianca1" type="2" discard="1" dealt="1" sum="20"/>
</round>
<round no="1"><cards type="Pocket" player="OndaBianca1">X X</cards>
<cards type="Pocket" player="susy62">X X</cards>
<cards type="Pocket" player="Rakki">D9 HK</cards>
<action no="3" player="susy62" type="0" discard="1" dealt="1" sum="0"/>
<action no="4" player="Rakki" type="23" sum="50"/>
<action no="5" player="OndaBianca1" type="0" discard="1" dealt="1" sum="0"/>
</round>
</game>
<game gamecode="6453261446"><general><startdate>2025-08-14 15:08:37</startdate>
<round>1</round>
<failsafecounter/>
<players><player seat="6" name="susy62" chips="520" dealer="0" win="20" bet="20" muck="1" rebuy="0" addon="0" merge="0" rebuychips="0" reg_code="5053518453"/>
<player seat="10" name="Rakki" chips="450" dealer="1" win="0" bet="0" muck="1" rebuy="0" addon="0" merge="0" rebuychips="0" reg_code="5053518498"/>
<player seat="3" name="OndaBianca1" chips="530" dealer="0" win="0" bet="10" muck="1" rebuy="0" addon="0" merge="0" rebuychips="0" reg_code="5053518381"/>
</players>
</general>
<round no="0"><action no="1" player="OndaBianca1" type="1" discard="1" dealt="1" sum="10"/>
<action no="2" player="susy62" type="2" discard="1" dealt="1" sum="20"/>
</round>
<round no="1"><cards type="Pocket" player="OndaBianca1">X X</cards>
<cards type="Pocket" player="susy62">X X</cards>
<cards type="Pocket" player="Rakki">D3 DQ</cards>
<action no="3" player="Rakki" type="0" sum="0"/>
<action no="4" player="OndaBianca1" type="0" discard="1" dealt="1" sum="0"/>
</round>
</game>
<game gamecode="6453261465"><general><startdate>2025-08-14 15:08:49</startdate>
<round>1</round>
<failsafecounter/>
<players><player seat="10" name="Rakki" chips="450" dealer="0" win="75" bet="95" muck="1" rebuy="0" addon="0" merge="0" rebuychips="0" reg_code="5053518498"/>
<player seat="3" name="OndaBianca1" chips="520" dealer="1" win="0" bet="5" muck="1" rebuy="0" addon="0" merge="0" rebuychips="0" reg_code="5053518381"/>
<player seat="6" name="susy62" chips="530" dealer="0" win="0" bet="35" muck="1" rebuy="0" addon="0" merge="0" rebuychips="0" reg_code="5053518453"/>
</players>
</general>
<round no="0"><action no="1" player="susy62" type="15" discard="1" dealt="1" sum="5"/>
<action no="2" player="Rakki" type="15" sum="5"/>
<action no="3" player="OndaBianca1" type="15" discard="1" dealt="1" sum="5"/>
<action no="4" player="susy62" type="1" discard="1" dealt="1" sum="15"/>
<action no="5" player="Rakki" type="2" sum="30"/>
</round>
<round no="1"><cards type="Pocket" player="OndaBianca1">X X</cards>
<cards type="Pocket" player="susy62">X X</cards>
<cards type="Pocket" player="Rakki">C10 S5</cards>
<action no="6" player="OndaBianca1" type="0" discard="1" dealt="1" sum="0"/>
<action no="7" player="susy62" type="3" discard="1" dealt="1" sum="15"/>
<action no="8" player="Rakki" type="4" sum="0"/>
</round>
<round no="2"><cards type="Flop">HK H8 S10</cards>
<action no="9" player="susy62" type="4" discard="1" dealt="1" sum="0"/>
<action no="10" player="Rakki" type="4" sum="0"/>
</round>
<round no="3"><cards type="Turn">S3</cards>
<action no="11" player="susy62" type="4" discard="1" dealt="1" sum="0"/>
<action no="12" player="Rakki" type="5" sum="60"/>
<action no="13" player="susy62" type="0" discard="1" dealt="1" sum="0"/>
</round>
</game>
<game gamecode="6453261554"><general><startdate>2025-08-14 15:09:27</startdate>
<round>1</round>
<failsafecounter/>
<players><player seat="3" name="OndaBianca1" chips="515" dealer="0" win="0" bet="95" muck="1" rebuy="0" addon="0" merge="0" rebuychips="0" reg_code="5053518381"/>
<player seat="6" name="susy62" chips="495" dealer="1" win="225" bet="215" muck="1" rebuy="0" addon="0" merge="0" rebuychips="0" reg_code="5053518453"/>
<player seat="10" name="Rakki" chips="490" dealer="0" win="0" bet="35" muck="1" rebuy="0" addon="0" merge="0" rebuychips="0" reg_code="5053518498"/>
</players>
</general>
<round no="0"><action no="1" player="Rakki" type="15" sum="5"/>
<action no="2" player="OndaBianca1" type="15" discard="1" dealt="1" sum="5"/>
<action no="3" player="susy62" type="15" discard="1" dealt="1" sum="5"/>
<action no="4" player="Rakki" type="1" sum="15"/>
<action no="5" player="OndaBianca1" type="2" discard="1" dealt="1" sum="30"/>
</round>
<round no="1"><cards type="Pocket" player="Rakki">SK C10</cards>
<cards type="Pocket" player="susy62">X X</cards>
<cards type="Pocket" player="OndaBianca1">X X</cards>
<action no="6" player="susy62" type="3" discard="1" dealt="1" sum="30"/>
<action no="7" player="Rakki" type="3" sum="15"/>
<action no="8" player="OndaBianca1" type="4" discard="1" dealt="1" sum="0"/>
</round>
<round no="2"><cards type="Flop">H8 D4 S2</cards>
<action no="9" player="Rakki" type="4" sum="0"/>
<action no="10" player="OndaBianca1" type="4" discard="1" dealt="1" sum="0"/>
<action no="11" player="susy62" type="5" discard="1" dealt="1" sum="60"/>
<action no="12" player="Rakki" type="0" sum="0"/>
<action no="13" player="OndaBianca1" type="3" discard="1" dealt="1" sum="60"/>
</round>
<round no="3"><cards type="Turn">CJ</cards>
<action no="14" player="OndaBianca1" type="4" discard="1" dealt="1" sum="0"/>
<action no="15" player="susy62" type="5" discard="1" dealt="1" sum="120"/>
<action no="16" player="OndaBianca1" type="0" discard="1" dealt="1" sum="0"/>
</round>
</game>
<game gamecode="6453261644"><general><startdate>2025-08-14 15:10:05</startdate>
<round>1</round>
<failsafecounter/>
<players><player seat="6" name="susy62" chips="625" dealer="0" win="0" bet="35" muck="1" rebuy="0" addon="0" merge="0" rebuychips="0" reg_code="5053518453"/>
<player seat="10" name="Rakki" chips="455" dealer="1" win="90" bet="455" muck="1" rebuy="0" addon="0" merge="0" rebuychips="0" reg_code="5053518498"/>
<player seat="3" name="OndaBianca1" chips="420" dealer="0" win="0" bet="20" muck="1" rebuy="0" addon="0" merge="0" rebuychips="0" reg_code="5053518381"/>
</players>
</general>
<round no="0"><action no="1" player="OndaBianca1" type="15" discard="1" dealt="1" sum="5"/>
<action no="2" player="susy62" type="15" discard="1" dealt="1" sum="5"/>
<action no="3" player="Rakki" type="15" sum="5"/>
<action no="4" player="OndaBianca1" type="1" discard="1" dealt="1" sum="15"/>
<action no="5" player="susy62" type="2" discard="1" dealt="1" sum="30"/>
</round>
<round no="1"><cards type="Pocket" player="susy62">X X</cards>
<cards type="Pocket" player="Rakki">SJ S10</cards>
<cards type="Pocket" player="OndaBianca1">X X</cards>
<action no="6" player="Rakki" type="23" sum="450"/>
<action no="7" player="OndaBianca1" type="0" discard="1" dealt="1" sum="0"/>
<action no="8" player="susy62" type="0" discard="1" dealt="1" sum="0"/>
</round>
</game>
<game gamecode="6453261670"><general><startdate>2025-08-14 15:10:16</startdate>
<round>1</round>
<failsafecounter/>
<players><player seat="10" name="Rakki" chips="510" dealer="0" win="0" bet="35" muck="1" rebuy="0" addon="0" merge="0" rebuychips="0" reg_code="5053518498"/>
<player seat="3" name="OndaBianca1" chips="400" dealer="1" win="90" bet="400" muck="1" rebuy="0" addon="0" merge="0" rebuychips="0" reg_code="5053518381"/>
<player seat="6" name="susy62" chips="590" dealer="0" win="0" bet="20" muck="1" rebuy="0" addon="0" merge="0" rebuychips="0" reg_code="5053518453"/>
</players>
</general>
<round no="0"><action no="1" player="susy62" type="15" discard="1" dealt="1" sum="5"/>
<action no="2" player="Rakki" type="15" sum="5"/>
<action no="3" player="OndaBianca1" type="15" discard="1" dealt="1" sum="5"/>
<action no="4" player="susy62" type="1" discard="1" dealt="1" sum="15"/>
<action no="5" player="Rakki" type="2" sum="30"/>
</round>
<round no="1"><cards type="Pocket" player="Rakki">S8 C7</cards>
<cards type="Pocket" player="OndaBianca1">X X</cards>
<cards type="Pocket" player="susy62">X X</cards>
<action no="6" player="OndaBianca1" type="23" discard="1" dealt="1" sum="395"/>
<action no="7" player="susy62" type="0" discard="1" dealt="1" sum="0"/>
<action no="8" player="Rakki" type="0" sum="0"/>
</round>
</game>
<game gamecode="6453261711"><general><startdate>2025-08-14 15:10:31</startdate>
<round>1</round>
<failsafecounter/>
<players><player seat="3" name="OndaBianca1" chips="455" dealer="0" win="135" bet="455" muck="1" rebuy="0" addon="0" merge="0" rebuychips="0" reg_code="5053518381"/>
<player seat="6" name="susy62" chips="570" dealer="1" win="0" bet="45" muck="1" rebuy="0" addon="0" merge="0" rebuychips="0" reg_code="5053518453"/>
<player seat="10" name="Rakki" chips="475" dealer="0" win="0" bet="45" muck="1" rebuy="0" addon="0" merge="0" rebuychips="0" reg_code="5053518498"/>
</players>
</general>
<round no="0"><action no="1" player="Rakki" type="15" sum="5"/>
<action no="2" player="OndaBianca1" type="15" discard="1" dealt="1" sum="5"/>
<action no="3" player="susy62" type="15" discard="1" dealt="1" sum="5"/>
<action no="4" player="Rakki" type="1" sum="20"/>
<action no="5" player="OndaBianca1" type="2" discard="1" dealt="1" sum="40"/>
</round>
<round no="1"><cards type="Pocket" player="susy62">X X</cards>
<cards type="Pocket" player="Rakki">S8 DJ</cards>
<cards type="Pocket" player="OndaBianca1">X X</cards>
<action no="6" player="susy62" type="3" discard="1" dealt="1" sum="40"/>
<action no="7" player="Rakki" type="3" sum="20"/>
<action no="8" player="OndaBianca1" type="23" discard="1" dealt="1" sum="450"/>
<action no="9" player="susy62" type="0" discard="1" dealt="1" sum="0"/>
<action no="10" player="Rakki" type="0" sum="0"/>
</round>
</game>
<game gamecode="6453261782"><general><startdate>2025-08-14 15:10:58</startdate>
<round>1</round>
<failsafecounter/>
<players><player seat="6" name="susy62" chips="525" dealer="0" win="95" bet="85" muck="1" rebuy="0" addon="0" merge="0" rebuychips="0" reg_code="5053518453"/>
<player seat="10" name="Rakki" chips="430" dealer="1" win="0" bet="5" muck="1" rebuy="0" addon="0" merge="0" rebuychips="0" reg_code="5053518498"/>
<player seat="3" name="OndaBianca1" chips="545" dealer="0" win="0" bet="45" muck="1" rebuy="0" addon="0" merge="0" rebuychips="0" reg_code="5053518381"/>
</players>
</general>
<round no="0"><action no="1" player="OndaBianca1" type="15" discard="1" dealt="1" sum="5"/>
<action no="2" player="susy62" type="15" discard="1" dealt="1" sum="5"/>
<action no="3" player="Rakki" type="15" sum="5"/>
<action no="4" player="OndaBianca1" type="1" discard="1" dealt="1" sum="20"/>
<action no="5" player="susy62" type="2" discard="1" dealt="1" sum="40"/>
</round>
<round no="1"><cards type="Pocket" player="Rakki">S4 C10</cards>
<cards type="Pocket" player="OndaBianca1">X X</cards>
<cards type="Pocket" player="susy62">X X</cards>
<action no="6" player="Rakki" type="0" sum="0"/>
<action no="7" player="OndaBianca1" type="3" discard="1" dealt="1" sum="20"/>
<action no="8" player="susy62" type="4" discard="1" dealt="1" sum="0"/>
</round>
<round no="2"><cards type="Flop">D6 SK HK</cards>
<action no="9" player="OndaBianca1" type="4" discard="1" dealt="1" sum="0"/>
<action no="10" player="susy62" type="5" discard="1" dealt="1" sum="40"/>
<action no="11" player="OndaBianca1" type="0" discard="1" dealt="1" sum="0"/>
</round>
</game>
<game gamecode="6453261850"><general><startdate>2025-08-14 15:11:27</startdate>
<round>1</round>
<failsafecounter/>
<players><player seat="10" name="Rakki" chips="425" dealer="0" win="55" bet="45" muck="1" rebuy="0" addon="0" merge="0" rebuychips="0" reg_code="5053518498"/>
<player seat="3" name="OndaBianca1" chips="500" dealer="1" win="0" bet="5" muck="1" rebuy="0" addon="0" merge="0" rebuychips="0" reg_code="5053518381"/>
<player seat="6" name="susy62" chips="575" dealer="0" win="0" bet="25" muck="1" rebuy="0" addon="0" merge="0" rebuychips="0" reg_code="5053518453"/>
</players>
</general>
<round no="0"><action no="1" player="susy62" type="15" discard="1" dealt="1" sum="5"/>
<action no="2" player="Rakki" type="15" sum="5"/>
<action no="3" player="OndaBianca1" type="15" discard="1" dealt="1" sum="5"/>
<action no="4" player="susy62" type="1" discard="1" dealt="1" sum="20"/>
<action no="5" player="Rakki" type="2" sum="40"/>
</round>
<round no="1"><cards type="Pocket" player="susy62">X X</cards>
<cards type="Pocket" player="OndaBianca1">X X</cards>
<cards type="Pocket" player="Rakki">HJ C4</cards>
<action no="6" player="OndaBianca1" type="0" discard="1" dealt="1" sum="0"/>
<action no="7" player="susy62" type="0" discard="1" dealt="1" sum="0"/>
</round>
</game>
<game gamecode="6453261868"><general><startdate>2025-08-14 15:11:34</startdate>
<round>1</round>
<failsafecounter/>
<players><player seat="3" name="OndaBianca1" chips="495" dealer="0" win="55" bet="45" muck="1" rebuy="0" addon="0" merge="0" rebuychips="0" reg_code="5053518381"/>
<player seat="6" name="susy62" chips="550" dealer="1" win="0" bet="5" muck="1" rebuy="0" addon="0" merge="0" rebuychips="0" reg_code="5053518453"/>
<player seat="10" name="Rakki" chips="455" dealer="0" win="0" bet="25" muck="1" rebuy="0" addon="0" merge="0" rebuychips="0" reg_code="5053518498"/>
</players>
</general>
<round no="0"><action no="1" player="Rakki" type="15" sum="5"/>
<action no="2" player="OndaBianca1" type="15" discard="1" dealt="1" sum="5"/>
<action no="3" player="susy62" type="15" discard="1" dealt="1" sum="5"/>
<action no="4" player="Rakki" type="1" sum="20"/>
<action no="5" player="OndaBianca1" type="2" discard="1" dealt="1" sum="40"/>
</round>
<round no="1"><cards type="Pocket" player="OndaBianca1">X X</cards>
<cards type="Pocket" player="susy62">X X</cards>
<cards type="Pocket" player="Rakki">D5 H6</cards>
<action no="6" player="susy62" type="0" discard="1" dealt="1" sum="0"/>
<action no="7" player="Rakki" type="0" sum="0"/>
</round>
</game>
<game gamecode="6453261895"><general><startdate>2025-08-14 15:11:44</startdate>
<round>1</round>
<failsafecounter/>
<players><player seat="6" name="susy62" chips="545" dealer="0" win="0" bet="45" muck="1" rebuy="0" addon="0" merge="0" rebuychips="0" reg_code="5053518453"/>
<player seat="10" name="Rakki" chips="430" dealer="1" win="0" bet="5" muck="1" rebuy="0" addon="0" merge="0" rebuychips="0" reg_code="5053518498"/>
<player seat="3" name="OndaBianca1" chips="525" dealer="0" win="95" bet="525" muck="1" rebuy="0" addon="0" merge="0" rebuychips="0" reg_code="5053518381"/>
</players>
</general>
<round no="0"><action no="1" player="OndaBianca1" type="15" discard="1" dealt="1" sum="5"/>
<action no="2" player="susy62" type="15" discard="1" dealt="1" sum="5"/>
<action no="3" player="Rakki" type="15" sum="5"/>
<action no="4" player="OndaBianca1" type="1" discard="1" dealt="1" sum="20"/>
<action no="5" player="susy62" type="2" discard="1" dealt="1" sum="40"/>
</round>
<round no="1"><cards type="Pocket" player="Rakki">H7 C5</cards>
<cards type="Pocket" player="OndaBianca1">X X</cards>
<cards type="Pocket" player="susy62">X X</cards>
<action no="6" player="Rakki" type="0" sum="0"/>
<action no="7" player="OndaBianca1" type="23" discard="1" dealt="1" sum="520"/>
<action no="8" player="susy62" type="0" discard="1" dealt="1" sum="0"/>
</round>
</game>
<game gamecode="6453261933"><general><startdate>2025-08-14 15:12:00</startdate>
<round>1</round>
<failsafecounter/>
<players><player seat="10" name="Rakki" chips="425" dealer="0" win="0" bet="425" muck="0" rebuy="0" addon="0" merge="0" rebuychips="0" reg_code="5053518498"/>
<player seat="3" name="OndaBianca1" chips="575" dealer="1" win="875" bet="575" muck="0" rebuy="0" addon="0" merge="0" rebuychips="0" reg_code="5053518381"/>
<player seat="6" name="susy62" chips="500" dealer="0" win="0" bet="25" muck="1" rebuy="0" addon="0" merge="0" rebuychips="0" reg_code="5053518453"/>
</players>
</general>
<round no="0"><action no="1" player="susy62" type="15" discard="1" dealt="1" sum="5"/>
<action no="2" player="Rakki" type="15" sum="5"/>
<action no="3" player="OndaBianca1" type="15" discard="1" dealt="1" sum="5"/>
<action no="4" player="susy62" type="1" discard="1" dealt="1" sum="20"/>
<action no="5" player="Rakki" type="2" sum="40"/>
</round>
<round no="1"><cards type="Pocket" player="Rakki">DA S7</cards>
<cards type="Pocket" player="susy62">X X</cards>
<cards type="Pocket" player="OndaBianca1">HQ SJ</cards>
<action no="6" player="OndaBianca1" type="23" discard="1" dealt="1" sum="570"/>
<action no="7" player="susy62" type="0" discard="1" dealt="1" sum="0"/>
<action no="8" player="Rakki" type="7" sum="380"/>
</round>
<round no="2"><cards type="Flop">H5 DK D3</cards>
</round>
<round no="3"><cards type="Turn">DJ</cards>
</round>
<round no="4"><cards type="River">C7</cards>
</round>
</game>
</session>
