<?xml version="1.0" encoding="UTF-8"?>
<session sessioncode="5053532949">
<general>
<client_version>25.1.1.16</client_version>
<mode>real</mode>
<gametype>Holdem NL</gametype>
<tablename>Twister €100 SNG, 815789717</tablename>
<tournamentcode>815789716</tournamentcode>
<tournamentname>Twister €100 SNG</tournamentname>
<buyin>€0 + €7 + €93</buyin>
<totalbuyin>€100</totalbuyin>
<rewarddrawn>€400</rewarddrawn>
<tournamentcurrency>EUR</tournamentcurrency>
<currency>EUR</currency>
<nickname>Rakki</nickname>
<gamecount>12</gamecount>
<startdate>2025-08-14 16:22:27</startdate>
<place>3</place>
<win>€0</win>
<tablesize>3</tablesize>
</general>
<game gamecode="6453321830"><general><startdate>2025-08-14 16:22:42</startdate>
<round>1</round>
<failsafecounter/>
<players><player seat="10" name="leone297" chips="500" dealer="0" win="0" bet="20" muck="1" rebuy="0" addon="0" merge="0" rebuychips="0" reg_code="5053533567"/>
<player seat="3" name="Tiuualex" chips="500" dealer="1" win="0" bet="0" muck="1" rebuy="0" addon="0" merge="0" rebuychips="0" reg_code="5053531704"/>
<player seat="6" name="Rakki" chips="500" dealer="0" win="40" bet="50" muck="1" rebuy="0" addon="0" merge="0" rebuychips="0" reg_code="5053532949"/>
</players>
</general>
<round no="0"><action no="1" player="Rakki" type="1" sum="10"/>
<action no="2" player="leone297" type="2" discard="1" dealt="1" sum="20"/>
</round>
<round no="1"><cards type="Pocket" player="Rakki">D8 H9</cards>
<cards type="Pocket" player="leone297">X X</cards>
<cards type="Pocket" player="Tiuualex">X X</cards>
<action no="3" player="Tiuualex" type="0" discard="1" dealt="1" sum="0"/>
<action no="4" player="Rakki" type="23" sum="50"/>
<action no="5" player="leone297" type="0" discard="1" dealt="1" sum="0"/>
</round>
</game>
<game gamecode="6453321854"><general><startdate>2025-08-14 16:22:54</startdate>
<round>1</round>
<failsafecounter/>
<players><player seat="3" name="Tiuualex" chips="500" dealer="0" win="40" bet="42" muck="1" rebuy="0" addon="0" merge="0" rebuychips="0" reg_code="5053531704"/>
<player seat="6" name="Rakki" chips="520" dealer="1" win="0" bet="0" muck="1" rebuy="0" addon="0" merge="0" rebuychips="0" reg_code="5053532949"/>
<player seat="10" name="leone297" chips="480" dealer="0" win="0" bet="20" muck="1" rebuy="0" addon="0" merge="0" rebuychips="0" reg_code="5053533567"/>
</players>
</general>
<round no="0"><action no="1" player="leone297" type="1" discard="1" dealt="1" sum="10"/>
<action no="2" player="Tiuualex" type="2" discard="1" dealt="1" sum="20"/>
</round>
<round no="1"><cards type="Pocket" player="Tiuualex">X X</cards>
<cards type="Pocket" player="leone297">X X</cards>
<cards type="Pocket" player="Rakki">D10 C5</cards>
<action no="3" player="Rakki" type="0" sum="0"/>
<action no="4" player="leone297" type="3" discard="1" dealt="1" sum="10"/>
<action no="5" player="Tiuualex" type="4" discard="1" dealt="1" sum="0"/>
</round>
<round no="2"><cards type="Flop">C10 H7 S6</cards>
<action no="6" player="leone297" type="4" discard="1" dealt="1" sum="0"/>
<action no="7" player="Tiuualex" type="4" discard="1" dealt="1" sum="0"/>
</round>
<round no="3"><cards type="Turn">C3</cards>
<action no="8" player="leone297" type="4" discard="1" dealt="1" sum="0"/>
<action no="9" player="Tiuualex" type="4" discard="1" dealt="1" sum="0"/>
</round>
<round no="4"><cards type="River">CQ</cards>
<action no="10" player="leone297" type="4" discard="1" dealt="1" sum="0"/>
<action no="11" player="Tiuualex" type="5" discard="1" dealt="1" sum="22"/>
<action no="12" player="leone297" type="0" discard="1" dealt="1" sum="0"/>
</round>
</game>
<game gamecode="6453321961"><general><startdate>2025-08-14 16:23:43</startdate>
<round>1</round>
<failsafecounter/>
<players><player seat="6" name="Rakki" chips="520" dealer="0" win="20" bet="20" muck="1" rebuy="0" addon="0" merge="0" rebuychips="0" reg_code="5053532949"/>
<player seat="10" name="leone297" chips="460" dealer="1" win="0" bet="0" muck="1" rebuy="0" addon="0" merge="0" rebuychips="0" reg_code="5053533567"/>
<player seat="3" name="Tiuualex" chips="520" dealer="0" win="0" bet="10" muck="1" rebuy="0" addon="0" merge="0" rebuychips="0" reg_code="5053531704"/>
</players>
</general>
<round no="0"><action no="1" player="Tiuualex" type="1" discard="1" dealt="1" sum="10"/>
<action no="2" player="Rakki" type="2" sum="20"/>
</round>
<round no="1"><cards type="Pocket" player="Rakki">D6 C3</cards>
<cards type="Pocket" player="leone297">X X</cards>
<cards type="Pocket" player="Tiuualex">X X</cards>
<action no="3" player="leone297" type="0" discard="1" dealt="1" sum="0"/>
<action no="4" player="Tiuualex" type="0" discard="1" dealt="1" sum="0"/>
</round>
</game>
<game gamecode="6453321973"><general><startdate>2025-08-14 16:23:49</startdate>
<round>1</round>
<failsafecounter/>
<players><player seat="10" name="leone297" chips="460" dealer="0" win="0" bet="20" muck="1" rebuy="0" addon="0" merge="0" rebuychips="0" reg_code="5053533567"/>
<player seat="3" name="Tiuualex" chips="510" dealer="1" win="0" bet="0" muck="1" rebuy="0" addon="0" merge="0" rebuychips="0" reg_code="5053531704"/>
<player seat="6" name="Rakki" chips="530" dealer="0" win="40" bet="50" muck="1" rebuy="0" addon="0" merge="0" rebuychips="0" reg_code="5053532949"/>
</players>
</general>
<round no="0"><action no="1" player="Rakki" type="1" sum="10"/>
<action no="2" player="leone297" type="2" discard="1" dealt="1" sum="20"/>
</round>
<round no="1"><cards type="Pocket" player="leone297">X X</cards>
<cards type="Pocket" player="Rakki">S9 HQ</cards>
<cards type="Pocket" player="Tiuualex">X X</cards>
<action no="3" player="Tiuualex" type="0" discard="1" dealt="1" sum="0"/>
<action no="4" player="Rakki" type="23" sum="50"/>
<action no="5" player="leone297" type="0" discard="1" dealt="1" sum="0"/>
</round>
</game>
<game gamecode="6453322001"><general><startdate>2025-08-14 16:24:00</startdate>
<round>1</round>
<failsafecounter/>
<players><player seat="3" name="Tiuualex" chips="510" dealer="0" win="40" bet="510" muck="1" rebuy="0" addon="0" merge="0" rebuychips="0" reg_code="5053531704"/>
<player seat="6" name="Rakki" chips="550" dealer="1" win="0" bet="0" muck="1" rebuy="0" addon="0" merge="0" rebuychips="0" reg_code="5053532949"/>
<player seat="10" name="leone297" chips="440" dealer="0" win="0" bet="20" muck="1" rebuy="0" addon="0" merge="0" rebuychips="0" reg_code="5053533567"/>
</players>
</general>
<round no="0"><action no="1" player="leone297" type="1" discard="1" dealt="1" sum="10"/>
<action no="2" player="Tiuualex" type="2" discard="1" dealt="1" sum="20"/>
</round>
<round no="1"><cards type="Pocket" player="Rakki">SK C5</cards>
<cards type="Pocket" player="leone297">X X</cards>
<cards type="Pocket" player="Tiuualex">X X</cards>
<action no="3" player="Rakki" type="0" sum="0"/>
<action no="4" player="leone297" type="3" discard="1" dealt="1" sum="10"/>
<action no="5" player="Tiuualex" type="23" discard="1" dealt="1" sum="510"/>
<action no="6" player="leone297" type="0" discard="1" dealt="1" sum="0"/>
</round>
</game>
<game gamecode="6453322050"><general><startdate>2025-08-14 16:24:19</startdate>
<round>1</round>
<failsafecounter/>
<players><player seat="6" name="Rakki" chips="550" dealer="0" win="40" bet="60" muck="1" rebuy="0" addon="0" merge="0" rebuychips="0" reg_code="5053532949"/>
<player seat="10" name="leone297" chips="420" dealer="1" win="0" bet="0" muck="1" rebuy="0" addon="0" merge="0" rebuychips="0" reg_code="5053533567"/>
<player seat="3" name="Tiuualex" chips="530" dealer="0" win="0" bet="20" muck="1" rebuy="0" addon="0" merge="0" rebuychips="0" reg_code="5053531704"/>
</players>
</general>
<round no="0"><action no="1" player="Tiuualex" type="1" discard="1" dealt="1" sum="10"/>
<action no="2" player="Rakki" type="2" sum="20"/>
</round>
<round no="1"><cards type="Pocket" player="Tiuualex">X X</cards>
<cards type="Pocket" player="Rakki">SK D3</cards>
<cards type="Pocket" player="leone297">X X</cards>
<action no="3" player="leone297" type="0" discard="1" dealt="1" sum="0"/>
<action no="4" player="Tiuualex" type="3" discard="1" dealt="1" sum="10"/>
<action no="5" player="Rakki" type="23" sum="60"/>
<action no="6" player="Tiuualex" type="0" discard="1" dealt="1" sum="0"/>
</round>
</game>
<game gamecode="6453322088"><general><startdate>2025-08-14 16:24:38</startdate>
<round>1</round>
<failsafecounter/>
<players><player seat="10" name="leone297" chips="420" dealer="0" win="360" bet="420" muck="1" rebuy="0" addon="0" merge="0" rebuychips="0" reg_code="5053533567"/>
<player seat="3" name="Tiuualex" chips="510" dealer="1" win="0" bet="0" muck="1" rebuy="0" addon="0" merge="0" rebuychips="0" reg_code="5053531704"/>
<player seat="6" name="Rakki" chips="570" dealer="0" win="0" bet="180" muck="1" rebuy="0" addon="0" merge="0" rebuychips="0" reg_code="5053532949"/>
</players>
</general>
<round no="0"><action no="1" player="Rakki" type="1" sum="10"/>
<action no="2" player="leone297" type="2" discard="1" dealt="1" sum="20"/>
</round>
<round no="1"><cards type="Pocket" player="Tiuualex">X X</cards>
<cards type="Pocket" player="Rakki">CK S8</cards>
<cards type="Pocket" player="leone297">X X</cards>
<action no="3" player="Tiuualex" type="0" discard="1" dealt="1" sum="0"/>
<action no="4" player="Rakki" type="23" sum="50"/>
<action no="5" player="leone297" type="3" discard="1" dealt="1" sum="30"/>
</round>
<round no="2"><cards type="Flop">SK S2 DQ</cards>
<action no="6" player="Rakki" type="5" sum="30"/>
<action no="7" player="leone297" type="3" discard="1" dealt="1" sum="30"/>
</round>
<round no="3"><cards type="Turn">CQ</cards>
<action no="8" player="Rakki" type="4" sum="0"/>
<action no="9" player="leone297" type="5" discard="1" dealt="1" sum="100"/>
<action no="10" player="Rakki" type="3" sum="100"/>
</round>
<round no="4"><cards type="River">C4</cards>
<action no="11" player="Rakki" type="4" sum="0"/>
<action no="12" player="leone297" type="5" discard="1" dealt="1" sum="240"/>
<action no="13" player="Rakki" type="0" sum="0"/>
</round>
</game>
<game gamecode="6453328081"><general><startdate>2025-08-14 16:25:20</startdate>
<round>1</round>
<failsafecounter/>
<players><player seat="3" name="Tiuualex" chips="510" dealer="0" win="75" bet="110" muck="1" rebuy="0" addon="0" merge="0" rebuychips="0" reg_code="5053531704"/>
<player seat="6" name="Rakki" chips="390" dealer="1" win="0" bet="5" muck="1" rebuy="0" addon="0" merge="0" rebuychips="0" reg_code="5053532949"/>
<player seat="10" name="leone297" chips="600" dealer="0" win="0" bet="35" muck="1" rebuy="0" addon="0" merge="0" rebuychips="0" reg_code="5053533567"/>
</players>
</general>
<round no="0"><action no="1" player="leone297" type="15" discard="1" dealt="1" sum="5"/>
<action no="2" player="Tiuualex" type="15" discard="1" dealt="1" sum="5"/>
<action no="3" player="Rakki" type="15" sum="5"/>
<action no="4" player="leone297" type="1" discard="1" dealt="1" sum="15"/>
<action no="5" player="Tiuualex" type="2" discard="1" dealt="1" sum="30"/>
</round>
<round no="1"><cards type="Pocket" player="Rakki">S5 DQ</cards>
<cards type="Pocket" player="leone297">X X</cards>
<cards type="Pocket" player="Tiuualex">X X</cards>
<action no="6" player="Rakki" type="0" sum="0"/>
<action no="7" player="leone297" type="3" discard="1" dealt="1" sum="15"/>
<action no="8" player="Tiuualex" type="23" discard="1" dealt="1" sum="105"/>
<action no="9" player="leone297" type="0" discard="1" dealt="1" sum="0"/>
</round>
</game>
<game gamecode="6453328114"><general><startdate>2025-08-14 16:25:35</startdate>
<round>1</round>
<failsafecounter/>
<players><player seat="6" name="Rakki" chips="385" dealer="0" win="45" bet="35" muck="1" rebuy="0" addon="0" merge="0" rebuychips="0" reg_code="5053532949"/>
<player seat="10" name="leone297" chips="565" dealer="1" win="0" bet="5" muck="1" rebuy="0" addon="0" merge="0" rebuychips="0" reg_code="5053533567"/>
<player seat="3" name="Tiuualex" chips="550" dealer="0" win="0" bet="20" muck="1" rebuy="0" addon="0" merge="0" rebuychips="0" reg_code="5053531704"/>
</players>
</general>
<round no="0"><action no="1" player="Tiuualex" type="15" discard="1" dealt="1" sum="5"/>
<action no="2" player="Rakki" type="15" sum="5"/>
<action no="3" player="leone297" type="15" discard="1" dealt="1" sum="5"/>
<action no="4" player="Tiuualex" type="1" discard="1" dealt="1" sum="15"/>
<action no="5" player="Rakki" type="2" sum="30"/>
</round>
<round no="1"><cards type="Pocket" player="Tiuualex">X X</cards>
<cards type="Pocket" player="Rakki">HA D8</cards>
<cards type="Pocket" player="leone297">X X</cards>
<action no="6" player="leone297" type="0" discard="1" dealt="1" sum="0"/>
<action no="7" player="Tiuualex" type="0" discard="1" dealt="1" sum="0"/>
</round>
</game>
<game gamecode="6453328147"><general><startdate>2025-08-14 16:25:47</startdate>
<round>1</round>
<failsafecounter/>
<players><player seat="10" name="leone297" chips="560" dealer="0" win="0" bet="35" muck="1" rebuy="0" addon="0" merge="0" rebuychips="0" reg_code="5053533567"/>
<player seat="3" name="Tiuualex" chips="530" dealer="1" win="90" bet="530" muck="1" rebuy="0" addon="0" merge="0" rebuychips="0" reg_code="5053531704"/>
<player seat="6" name="Rakki" chips="410" dealer="0" win="0" bet="20" muck="1" rebuy="0" addon="0" merge="0" rebuychips="0" reg_code="5053532949"/>
</players>
</general>
<round no="0"><action no="1" player="Rakki" type="15" sum="5"/>
<action no="2" player="leone297" type="15" discard="1" dealt="1" sum="5"/>
<action no="3" player="Tiuualex" type="15" discard="1" dealt="1" sum="5"/>
<action no="4" player="Rakki" type="1" sum="15"/>
<action no="5" player="leone297" type="2" discard="1" dealt="1" sum="30"/>
</round>
<round no="1"><cards type="Pocket" player="Tiuualex">X X</cards>
<cards type="Pocket" player="Rakki">HA D6</cards>
<cards type="Pocket" player="leone297">X X</cards>
<action no="6" player="Tiuualex" type="23" discard="1" dealt="1" sum="525"/>
<action no="7" player="Rakki" type="0" sum="0"/>
<action no="8" player="leone297" type="0" discard="1" dealt="1" sum="0"/>
</round>
</game>
<game gamecode="6453328177"><general><startdate>2025-08-14 16:26:01</startdate>
<round>1</round>
<failsafecounter/>
<players><player seat="3" name="Tiuualex" chips="585" dealer="0" win="0" bet="35" muck="1" rebuy="0" addon="0" merge="0" rebuychips="0" reg_code="5053531704"/>
<player seat="6" name="Rakki" chips="390" dealer="1" win="0" bet="5" muck="1" rebuy="0" addon="0" merge="0" rebuychips="0" reg_code="5053532949"/>
<player seat="10" name="leone297" chips="525" dealer="0" win="75" bet="525" muck="1" rebuy="0" addon="0" merge="0" rebuychips="0" reg_code="5053533567"/>
</players>
</general>
<round no="0"><action no="1" player="leone297" type="15" discard="1" dealt="1" sum="5"/>
<action no="2" player="Tiuualex" type="15" discard="1" dealt="1" sum="5"/>
<action no="3" player="Rakki" type="15" sum="5"/>
<action no="4" player="leone297" type="1" discard="1" dealt="1" sum="15"/>
<action no="5" player="Tiuualex" type="2" discard="1" dealt="1" sum="30"/>
</round>
<round no="1"><cards type="Pocket" player="Tiuualex">X X</cards>
<cards type="Pocket" player="leone297">X X</cards>
<cards type="Pocket" player="Rakki">D7 C10</cards>
<action no="6" player="Rakki" type="0" sum="0"/>
<action no="7" player="leone297" type="3" discard="1" dealt="1" sum="15"/>
<action no="8" player="Tiuualex" type="4" discard="1" dealt="1" sum="0"/>
</round>
<round no="2"><cards type="Flop">HA H8 SK</cards>
<action no="9" player="leone297" type="4" discard="1" dealt="1" sum="0"/>
<action no="10" player="Tiuualex" type="4" discard="1" dealt="1" sum="0"/>
</round>
<round no="3"><cards type="Turn">H4</cards>
<action no="11" player="leone297" type="5" discard="1" dealt="1" sum="490"/>
<action no="12" player="Tiuualex" type="0" discard="1" dealt="1" sum="0"/>
</round>
</game>
<game gamecode="6453328266"><general><startdate>2025-08-14 16:26:45</startdate>
<round>1</round>
<failsafecounter/>
<players><player seat="6" name="Rakki" chips="385" dealer="0" win="0" bet="385" muck="1" rebuy="0" addon="0" merge="0" rebuychips="0" reg_code="5053532949"/>
<player seat="10" name="leone297" chips="565" dealer="1" win="0" bet="5" muck="1" rebuy="0" addon="0" merge="0" rebuychips="0" reg_code="5053533567"/>
<player seat="3" name="Tiuualex" chips="550" dealer="0" win="775" bet="550" muck="0" rebuy="0" addon="0" merge="0" rebuychips="0" reg_code="5053531704"/>
</players>
</general>
<round no="0"><action no="1" player="Tiuualex" type="15" discard="1" dealt="1" sum="5"/>
<action no="2" player="Rakki" type="15" sum="5"/>
<action no="3" player="leone297" type="15" discard="1" dealt="1" sum="5"/>
<action no="4" player="Tiuualex" type="1" discard="1" dealt="1" sum="20"/>
<action no="5" player="Rakki" type="2" sum="40"/>
</round>
<round no="1"><cards type="Pocket" player="leone297">X X</cards>
<cards type="Pocket" player="Tiuualex">H9 CK</cards>
<cards type="Pocket" player="Rakki">SQ CJ</cards>
<action no="6" player="leone297" type="0" discard="1" dealt="1" sum="0"/>
<action no="7" player="Tiuualex" type="23" discard="1" dealt="1" sum="545"/>
<action no="8" player="Rakki" type="7" sum="340"/>
</round>
<round no="2"><cards type="Flop">H2 D4 SK</cards>
</round>
<round no="3"><cards type="Turn">C5</cards>
</round>
<round no="4"><cards type="River">S10</cards>
</round>
</game>
</session>
