<?xml version="1.0" encoding="UTF-8"?>
<session sessioncode="5053650016">
<general>
<client_version>25.1.1.16</client_version>
<mode>real</mode>
<gametype>Holdem NL</gametype>
<tablename>Twister €100 SNG, 815827702</tablename>
<tournamentcode>815827701</tournamentcode>
<tournamentname>Twister €100 SNG</tournamentname>
<buyin>€0 + €7 + €93</buyin>
<totalbuyin>€100</totalbuyin>
<rewarddrawn>€200</rewarddrawn>
<tournamentcurrency>EUR</tournamentcurrency>
<currency>EUR</currency>
<nickname>Rakki</nickname>
<gamecount>22</gamecount>
<startdate>2025-08-15 03:20:34</startdate>
<place>2</place>
<win>€0</win>
<tablesize>3</tablesize>
</general>
<game gamecode="6453807336"><general><startdate>2025-08-15 03:20:50</startdate>
<round>1</round>
<failsafecounter/>
<players><player seat="6" name="Zeeria" chips="500" dealer="0" win="20" bet="20" muck="1" rebuy="0" addon="0" merge="0" rebuychips="0" reg_code="5053650596"/>
<player seat="10" name="Lukaku04" chips="500" dealer="1" win="0" bet="0" muck="1" rebuy="0" addon="0" merge="0" rebuychips="0" reg_code="5053650601"/>
<player seat="3" name="Rakki" chips="500" dealer="0" win="0" bet="10" muck="1" rebuy="0" addon="0" merge="0" rebuychips="0" reg_code="5053650016"/>
</players>
</general>
<round no="0"><action no="1" player="Rakki" type="1" sum="10"/>
<action no="2" player="Zeeria" type="2" discard="1" dealt="1" sum="20"/>
</round>
<round no="1"><cards type="Pocket" player="Lukaku04">X X</cards>
<cards type="Pocket" player="Rakki">C10 S6</cards>
<cards type="Pocket" player="Zeeria">X X</cards>
<action no="3" player="Lukaku04" type="0" discard="1" dealt="1" sum="0"/>
<action no="4" player="Rakki" type="0" sum="0"/>
</round>
</game>
<game gamecode="6453807338"><general><startdate>2025-08-15 03:20:57</startdate>
<round>1</round>
<failsafecounter/>
<players><player seat="10" name="Lukaku04" chips="500" dealer="0" win="0" bet="20" muck="1" rebuy="0" addon="0" merge="0" rebuychips="0" reg_code="5053650601"/>
<player seat="3" name="Rakki" chips="490" dealer="1" win="0" bet="0" muck="1" rebuy="0" addon="0" merge="0" rebuychips="0" reg_code="5053650016"/>
<player seat="6" name="Zeeria" chips="510" dealer="0" win="40" bet="50" muck="1" rebuy="0" addon="0" merge="0" rebuychips="0" reg_code="5053650596"/>
</players>
</general>
<round no="0"><action no="1" player="Zeeria" type="1" discard="1" dealt="1" sum="10"/>
<action no="2" player="Lukaku04" type="2" discard="1" dealt="1" sum="20"/>
</round>
<round no="1"><cards type="Pocket" player="Lukaku04">X X</cards>
<cards type="Pocket" player="Zeeria">X X</cards>
<cards type="Pocket" player="Rakki">S7 D6</cards>
<action no="3" player="Rakki" type="0" sum="0"/>
<action no="4" player="Zeeria" type="23" discard="1" dealt="1" sum="50"/>
<action no="5" player="Lukaku04" type="0" discard="1" dealt="1" sum="0"/>
</round>
</game>
<game gamecode="6453807349"><general><startdate>2025-08-15 03:21:10</startdate>
<round>1</round>
<failsafecounter/>
<players><player seat="3" name="Rakki" chips="490" dealer="0" win="0" bet="40" muck="1" rebuy="0" addon="0" merge="0" rebuychips="0" reg_code="5053650016"/>
<player seat="6" name="Zeeria" chips="530" dealer="1" win="90" bet="85" muck="1" rebuy="0" addon="0" merge="0" rebuychips="0" reg_code="5053650596"/>
<player seat="10" name="Lukaku04" chips="480" dealer="0" win="0" bet="10" muck="1" rebuy="0" addon="0" merge="0" rebuychips="0" reg_code="5053650601"/>
</players>
</general>
<round no="0"><action no="1" player="Lukaku04" type="1" discard="1" dealt="1" sum="10"/>
<action no="2" player="Rakki" type="2" sum="20"/>
</round>
<round no="1"><cards type="Pocket" player="Rakki">HK S8</cards>
<cards type="Pocket" player="Zeeria">X X</cards>
<cards type="Pocket" player="Lukaku04">X X</cards>
<action no="3" player="Zeeria" type="23" discard="1" dealt="1" sum="40"/>
<action no="4" player="Lukaku04" type="0" discard="1" dealt="1" sum="0"/>
<action no="5" player="Rakki" type="3" sum="20"/>
</round>
<round no="2"><cards type="Flop">S3 S9 C3</cards>
<action no="6" player="Rakki" type="4" sum="0"/>
<action no="7" player="Zeeria" type="4" discard="1" dealt="1" sum="0"/>
</round>
<round no="3"><cards type="Turn">H3</cards>
<action no="8" player="Rakki" type="4" sum="0"/>
<action no="9" player="Zeeria" type="5" discard="1" dealt="1" sum="45"/>
<action no="10" player="Rakki" type="0" sum="0"/>
</round>
</game>
<game gamecode="6453807364"><general><startdate>2025-08-15 03:21:37</startdate>
<round>1</round>
<failsafecounter/>
<players><player seat="6" name="Zeeria" chips="580" dealer="0" win="20" bet="20" muck="1" rebuy="0" addon="0" merge="0" rebuychips="0" reg_code="5053650596"/>
<player seat="10" name="Lukaku04" chips="470" dealer="1" win="0" bet="0" muck="1" rebuy="0" addon="0" merge="0" rebuychips="0" reg_code="5053650601"/>
<player seat="3" name="Rakki" chips="450" dealer="0" win="0" bet="10" muck="1" rebuy="0" addon="0" merge="0" rebuychips="0" reg_code="5053650016"/>
</players>
</general>
<round no="0"><action no="1" player="Rakki" type="1" sum="10"/>
<action no="2" player="Zeeria" type="2" discard="1" dealt="1" sum="20"/>
</round>
<round no="1"><cards type="Pocket" player="Lukaku04">X X</cards>
<cards type="Pocket" player="Zeeria">X X</cards>
<cards type="Pocket" player="Rakki">C4 S10</cards>
<action no="3" player="Lukaku04" type="0" discard="1" dealt="1" sum="0"/>
<action no="4" player="Rakki" type="0" sum="0"/>
</round>
</game>
<game gamecode="6453807367"><general><startdate>2025-08-15 03:21:44</startdate>
<round>1</round>
<failsafecounter/>
<players><player seat="10" name="Lukaku04" chips="470" dealer="0" win="0" bet="80" muck="1" rebuy="0" addon="0" merge="0" rebuychips="0" reg_code="5053650601"/>
<player seat="3" name="Rakki" chips="440" dealer="1" win="0" bet="0" muck="1" rebuy="0" addon="0" merge="0" rebuychips="0" reg_code="5053650016"/>
<player seat="6" name="Zeeria" chips="590" dealer="0" win="160" bet="200" muck="1" rebuy="0" addon="0" merge="0" rebuychips="0" reg_code="5053650596"/>
</players>
</general>
<round no="0"><action no="1" player="Zeeria" type="1" discard="1" dealt="1" sum="10"/>
<action no="2" player="Lukaku04" type="2" discard="1" dealt="1" sum="20"/>
</round>
<round no="1"><cards type="Pocket" player="Rakki">C6 DK</cards>
<cards type="Pocket" player="Lukaku04">X X</cards>
<cards type="Pocket" player="Zeeria">X X</cards>
<action no="3" player="Rakki" type="0" sum="0"/>
<action no="4" player="Zeeria" type="23" discard="1" dealt="1" sum="50"/>
<action no="5" player="Lukaku04" type="3" discard="1" dealt="1" sum="30"/>
</round>
<round no="2"><cards type="Flop">HQ C2 CA</cards>
<action no="6" player="Zeeria" type="5" discard="1" dealt="1" sum="30"/>
<action no="7" player="Lukaku04" type="3" discard="1" dealt="1" sum="30"/>
</round>
<round no="3"><cards type="Turn">D3</cards>
<action no="8" player="Zeeria" type="5" discard="1" dealt="1" sum="120"/>
<action no="9" player="Lukaku04" type="0" discard="1" dealt="1" sum="0"/>
</round>
</game>
<game gamecode="6453807376"><general><startdate>2025-08-15 03:22:08</startdate>
<round>1</round>
<failsafecounter/>
<players><player seat="3" name="Rakki" chips="440" dealer="0" win="0" bet="40" muck="1" rebuy="0" addon="0" merge="0" rebuychips="0" reg_code="5053650016"/>
<player seat="6" name="Zeeria" chips="670" dealer="1" win="0" bet="0" muck="1" rebuy="0" addon="0" merge="0" rebuychips="0" reg_code="5053650596"/>
<player seat="10" name="Lukaku04" chips="390" dealer="0" win="80" bet="80" muck="1" rebuy="0" addon="0" merge="0" rebuychips="0" reg_code="5053650601"/>
</players>
</general>
<round no="0"><action no="1" player="Lukaku04" type="1" discard="1" dealt="1" sum="10"/>
<action no="2" player="Rakki" type="2" sum="20"/>
</round>
<round no="1"><cards type="Pocket" player="Rakki">CJ H3</cards>
<cards type="Pocket" player="Zeeria">X X</cards>
<cards type="Pocket" player="Lukaku04">X X</cards>
<action no="3" player="Zeeria" type="0" discard="1" dealt="1" sum="0"/>
<action no="4" player="Lukaku04" type="23" discard="1" dealt="1" sum="40"/>
<action no="5" player="Rakki" type="3" sum="20"/>
</round>
<round no="2"><cards type="Flop">H10 H8 D8</cards>
<action no="6" player="Lukaku04" type="5" discard="1" dealt="1" sum="40"/>
<action no="7" player="Rakki" type="0" sum="0"/>
</round>
</game>
<game gamecode="6453807385"><general><startdate>2025-08-15 03:22:26</startdate>
<round>1</round>
<failsafecounter/>
<players><player seat="6" name="Zeeria" chips="670" dealer="0" win="170" bet="670" muck="1" rebuy="0" addon="0" merge="0" rebuychips="0" reg_code="5053650596"/>
<player seat="10" name="Lukaku04" chips="430" dealer="1" win="0" bet="80" muck="1" rebuy="0" addon="0" merge="0" rebuychips="0" reg_code="5053650601"/>
<player seat="3" name="Rakki" chips="400" dealer="0" win="0" bet="10" muck="1" rebuy="0" addon="0" merge="0" rebuychips="0" reg_code="5053650016"/>
</players>
</general>
<round no="0"><action no="1" player="Rakki" type="1" sum="10"/>
<action no="2" player="Zeeria" type="2" discard="1" dealt="1" sum="20"/>
</round>
<round no="1"><cards type="Pocket" player="Rakki">S9 D8</cards>
<cards type="Pocket" player="Lukaku04">X X</cards>
<cards type="Pocket" player="Zeeria">X X</cards>
<action no="3" player="Lukaku04" type="23" discard="1" dealt="1" sum="40"/>
<action no="4" player="Rakki" type="0" sum="0"/>
<action no="5" player="Zeeria" type="3" discard="1" dealt="1" sum="20"/>
</round>
<round no="2"><cards type="Flop">D7 H4 C4</cards>
<action no="6" player="Zeeria" type="4" discard="1" dealt="1" sum="0"/>
<action no="7" player="Lukaku04" type="5" discard="1" dealt="1" sum="40"/>
<action no="8" player="Zeeria" type="3" discard="1" dealt="1" sum="40"/>
</round>
<round no="3"><cards type="Turn">H2</cards>
<action no="9" player="Zeeria" type="4" discard="1" dealt="1" sum="0"/>
<action no="10" player="Lukaku04" type="4" discard="1" dealt="1" sum="0"/>
</round>
<round no="4"><cards type="River">HJ</cards>
<action no="11" player="Zeeria" type="5" discard="1" dealt="1" sum="590"/>
<action no="12" player="Lukaku04" type="0" discard="1" dealt="1" sum="0"/>
</round>
</game>
<game gamecode="6453807398"><general><startdate>2025-08-15 03:22:53</startdate>
<round>1</round>
<failsafecounter/>
<players><player seat="10" name="Lukaku04" chips="350" dealer="0" win="0" bet="35" muck="1" rebuy="0" addon="0" merge="0" rebuychips="0" reg_code="5053650601"/>
<player seat="3" name="Rakki" chips="390" dealer="1" win="0" bet="5" muck="1" rebuy="0" addon="0" merge="0" rebuychips="0" reg_code="5053650016"/>
<player seat="6" name="Zeeria" chips="760" dealer="0" win="75" bet="760" muck="1" rebuy="0" addon="0" merge="0" rebuychips="0" reg_code="5053650596"/>
</players>
</general>
<round no="0"><action no="1" player="Zeeria" type="15" discard="1" dealt="1" sum="5"/>
<action no="2" player="Lukaku04" type="15" discard="1" dealt="1" sum="5"/>
<action no="3" player="Rakki" type="15" sum="5"/>
<action no="4" player="Zeeria" type="1" discard="1" dealt="1" sum="15"/>
<action no="5" player="Lukaku04" type="2" discard="1" dealt="1" sum="30"/>
</round>
<round no="1"><cards type="Pocket" player="Lukaku04">X X</cards>
<cards type="Pocket" player="Zeeria">X X</cards>
<cards type="Pocket" player="Rakki">H9 DK</cards>
<action no="6" player="Rakki" type="0" sum="0"/>
<action no="7" player="Zeeria" type="23" discard="1" dealt="1" sum="755"/>
<action no="8" player="Lukaku04" type="0" discard="1" dealt="1" sum="0"/>
</round>
</game>
<game gamecode="6453807405"><general><startdate>2025-08-15 03:23:05</startdate>
<round>1</round>
<failsafecounter/>
<players><player seat="3" name="Rakki" chips="385" dealer="0" win="0" bet="35" muck="1" rebuy="0" addon="0" merge="0" rebuychips="0" reg_code="5053650016"/>
<player seat="6" name="Zeeria" chips="800" dealer="1" win="665" bet="800" muck="0" rebuy="0" addon="0" merge="0" rebuychips="0" reg_code="5053650596"/>
<player seat="10" name="Lukaku04" chips="315" dealer="0" win="0" bet="315" muck="1" rebuy="0" addon="0" merge="0" rebuychips="0" reg_code="5053650601"/>
</players>
</general>
<round no="0"><action no="1" player="Lukaku04" type="15" discard="1" dealt="1" sum="5"/>
<action no="2" player="Rakki" type="15" sum="5"/>
<action no="3" player="Zeeria" type="15" discard="1" dealt="1" sum="5"/>
<action no="4" player="Lukaku04" type="1" discard="1" dealt="1" sum="15"/>
<action no="5" player="Rakki" type="2" sum="30"/>
</round>
<round no="1"><cards type="Pocket" player="Rakki">C3 D5</cards>
<cards type="Pocket" player="Lukaku04">H3 DA</cards>
<cards type="Pocket" player="Zeeria">CQ HJ</cards>
<action no="6" player="Zeeria" type="23" discard="1" dealt="1" sum="795"/>
<action no="7" player="Lukaku04" type="7" discard="1" dealt="1" sum="295"/>
<action no="8" player="Rakki" type="0" sum="0"/>
</round>
<round no="2"><cards type="Flop">C10 D6 SK</cards>
</round>
<round no="3"><cards type="Turn">S10</cards>
</round>
<round no="4"><cards type="River">C9</cards>
</round>
</game>
<game gamecode="6453807414"><general><startdate>2025-08-15 03:23:24</startdate>
<round>1</round>
<failsafecounter/>
<players><player seat="6" name="Zeeria" chips="1,150" dealer="0" win="70" bet="1,150" muck="1" rebuy="0" addon="0" merge="0" rebuychips="0" reg_code="5053650596"/>
<player seat="3" name="Rakki" chips="350" dealer="1" win="0" bet="35" muck="1" rebuy="0" addon="0" merge="0" rebuychips="0" reg_code="5053650016"/>
</players>
</general>
<round no="0"><action no="1" player="Rakki" type="15" sum="5"/>
<action no="2" player="Zeeria" type="15" discard="1" dealt="1" sum="5"/>
<action no="3" player="Rakki" type="1" sum="15"/>
<action no="4" player="Zeeria" type="2" discard="1" dealt="1" sum="30"/>
</round>
<round no="1"><cards type="Pocket" player="Zeeria">X X</cards>
<cards type="Pocket" player="Rakki">S8 D2</cards>
<action no="5" player="Rakki" type="3" sum="15"/>
<action no="6" player="Zeeria" type="23" discard="1" dealt="1" sum="1,145"/>
<action no="7" player="Rakki" type="0" sum="0"/>
</round>
</game>
<game gamecode="6453807426"><general><startdate>2025-08-15 03:23:38</startdate>
<round>1</round>
<failsafecounter/>
<players><player seat="3" name="Rakki" chips="315" dealer="0" win="0" bet="35" muck="1" rebuy="0" addon="0" merge="0" rebuychips="0" reg_code="5053650016"/>
<player seat="6" name="Zeeria" chips="1,185" dealer="1" win="70" bet="65" muck="1" rebuy="0" addon="0" merge="0" rebuychips="0" reg_code="5053650596"/>
</players>
</general>
<round no="0"><action no="1" player="Zeeria" type="15" discard="1" dealt="1" sum="5"/>
<action no="2" player="Rakki" type="15" sum="5"/>
<action no="3" player="Zeeria" type="1" discard="1" dealt="1" sum="15"/>
<action no="4" player="Rakki" type="2" sum="30"/>
</round>
<round no="1"><cards type="Pocket" player="Zeeria">X X</cards>
<cards type="Pocket" player="Rakki">C4 H2</cards>
<action no="5" player="Zeeria" type="3" discard="1" dealt="1" sum="15"/>
<action no="6" player="Rakki" type="4" sum="0"/>
</round>
<round no="2"><cards type="Flop">DQ D9 DK</cards>
<action no="7" player="Rakki" type="4" sum="0"/>
<action no="8" player="Zeeria" type="5" discard="1" dealt="1" sum="30"/>
<action no="9" player="Rakki" type="0" sum="0"/>
</round>
</game>
<game gamecode="6453807433"><general><startdate>2025-08-15 03:23:49</startdate>
<round>1</round>
<failsafecounter/>
<players><player seat="6" name="Zeeria" chips="1,220" dealer="0" win="70" bet="105" muck="1" rebuy="0" addon="0" merge="0" rebuychips="0" reg_code="5053650596"/>
<player seat="3" name="Rakki" chips="280" dealer="1" win="0" bet="35" muck="1" rebuy="0" addon="0" merge="0" rebuychips="0" reg_code="5053650016"/>
</players>
</general>
<round no="0"><action no="1" player="Rakki" type="15" sum="5"/>
<action no="2" player="Zeeria" type="15" discard="1" dealt="1" sum="5"/>
<action no="3" player="Rakki" type="1" sum="15"/>
<action no="4" player="Zeeria" type="2" discard="1" dealt="1" sum="30"/>
</round>
<round no="1"><cards type="Pocket" player="Zeeria">X X</cards>
<cards type="Pocket" player="Rakki">C5 CQ</cards>
<action no="5" player="Rakki" type="3" sum="15"/>
<action no="6" player="Zeeria" type="4" discard="1" dealt="1" sum="0"/>
</round>
<round no="2"><cards type="Flop">S2 D10 H2</cards>
<action no="7" player="Zeeria" type="4" discard="1" dealt="1" sum="0"/>
<action no="8" player="Rakki" type="4" sum="0"/>
</round>
<round no="3"><cards type="Turn">S7</cards>
<action no="9" player="Zeeria" type="5" discard="1" dealt="1" sum="70"/>
<action no="10" player="Rakki" type="0" sum="0"/>
</round>
</game>
<game gamecode="6453807449"><general><startdate>2025-08-15 03:24:11</startdate>
<round>1</round>
<failsafecounter/>
<players><player seat="3" name="Rakki" chips="245" dealer="0" win="90" bet="245" muck="1" rebuy="0" addon="0" merge="0" rebuychips="0" reg_code="5053650016"/>
<player seat="6" name="Zeeria" chips="1,255" dealer="1" win="0" bet="45" muck="1" rebuy="0" addon="0" merge="0" rebuychips="0" reg_code="5053650596"/>
</players>
</general>
<round no="0"><action no="1" player="Zeeria" type="15" discard="1" dealt="1" sum="5"/>
<action no="2" player="Rakki" type="15" sum="5"/>
<action no="3" player="Zeeria" type="1" discard="1" dealt="1" sum="20"/>
<action no="4" player="Rakki" type="2" sum="40"/>
</round>
<round no="1"><cards type="Pocket" player="Rakki">C9 SQ</cards>
<cards type="Pocket" player="Zeeria">X X</cards>
<action no="5" player="Zeeria" type="3" discard="1" dealt="1" sum="20"/>
<action no="6" player="Rakki" type="23" sum="240"/>
<action no="7" player="Zeeria" type="0" discard="1" dealt="1" sum="0"/>
</round>
</game>
<game gamecode="6453807459"><general><startdate>2025-08-15 03:24:28</startdate>
<round>1</round>
<failsafecounter/>
<players><player seat="6" name="Zeeria" chips="1,210" dealer="0" win="0" bet="45" muck="1" rebuy="0" addon="0" merge="0" rebuychips="0" reg_code="5053650596"/>
<player seat="3" name="Rakki" chips="290" dealer="1" win="90" bet="290" muck="1" rebuy="0" addon="0" merge="0" rebuychips="0" reg_code="5053650016"/>
</players>
</general>
<round no="0"><action no="1" player="Rakki" type="15" sum="5"/>
<action no="2" player="Zeeria" type="15" discard="1" dealt="1" sum="5"/>
<action no="3" player="Rakki" type="1" sum="20"/>
<action no="4" player="Zeeria" type="2" discard="1" dealt="1" sum="40"/>
</round>
<round no="1"><cards type="Pocket" player="Rakki">H7 C7</cards>
<cards type="Pocket" player="Zeeria">X X</cards>
<action no="5" player="Rakki" type="23" sum="285"/>
<action no="6" player="Zeeria" type="0" discard="1" dealt="1" sum="0"/>
</round>
</game>
<game gamecode="6453807463"><general><startdate>2025-08-15 03:24:37</startdate>
<round>1</round>
<failsafecounter/>
<players><player seat="3" name="Rakki" chips="335" dealer="0" win="50" bet="45" muck="1" rebuy="0" addon="0" merge="0" rebuychips="0" reg_code="5053650016"/>
<player seat="6" name="Zeeria" chips="1,165" dealer="1" win="0" bet="25" muck="1" rebuy="0" addon="0" merge="0" rebuychips="0" reg_code="5053650596"/>
</players>
</general>
<round no="0"><action no="1" player="Zeeria" type="15" discard="1" dealt="1" sum="5"/>
<action no="2" player="Rakki" type="15" sum="5"/>
<action no="3" player="Zeeria" type="1" discard="1" dealt="1" sum="20"/>
<action no="4" player="Rakki" type="2" sum="40"/>
</round>
<round no="1"><cards type="Pocket" player="Rakki">S4 D8</cards>
<cards type="Pocket" player="Zeeria">X X</cards>
<action no="5" player="Zeeria" type="0" discard="1" dealt="1" sum="0"/>
</round>
</game>
<game gamecode="6453807468"><general><startdate>2025-08-15 03:24:42</startdate>
<round>1</round>
<failsafecounter/>
<players><player seat="6" name="Zeeria" chips="1,140" dealer="0" win="50" bet="45" muck="1" rebuy="0" addon="0" merge="0" rebuychips="0" reg_code="5053650596"/>
<player seat="3" name="Rakki" chips="360" dealer="1" win="0" bet="25" muck="1" rebuy="0" addon="0" merge="0" rebuychips="0" reg_code="5053650016"/>
</players>
</general>
<round no="0"><action no="1" player="Rakki" type="15" sum="5"/>
<action no="2" player="Zeeria" type="15" discard="1" dealt="1" sum="5"/>
<action no="3" player="Rakki" type="1" sum="20"/>
<action no="4" player="Zeeria" type="2" discard="1" dealt="1" sum="40"/>
</round>
<round no="1"><cards type="Pocket" player="Zeeria">X X</cards>
<cards type="Pocket" player="Rakki">C10 D2</cards>
<action no="5" player="Rakki" type="0" sum="0"/>
</round>
</game>
<game gamecode="6453807473"><general><startdate>2025-08-15 03:24:50</startdate>
<round>1</round>
<failsafecounter/>
<players><player seat="3" name="Rakki" chips="335" dealer="0" win="90" bet="105" muck="1" rebuy="0" addon="0" merge="0" rebuychips="0" reg_code="5053650016"/>
<player seat="6" name="Zeeria" chips="1,165" dealer="1" win="0" bet="45" muck="1" rebuy="0" addon="0" merge="0" rebuychips="0" reg_code="5053650596"/>
</players>
</general>
<round no="0"><action no="1" player="Zeeria" type="15" discard="1" dealt="1" sum="5"/>
<action no="2" player="Rakki" type="15" sum="5"/>
<action no="3" player="Zeeria" type="1" discard="1" dealt="1" sum="20"/>
<action no="4" player="Rakki" type="2" sum="40"/>
</round>
<round no="1"><cards type="Pocket" player="Rakki">D10 C10</cards>
<cards type="Pocket" player="Zeeria">X X</cards>
<action no="5" player="Zeeria" type="3" discard="1" dealt="1" sum="20"/>
<action no="6" player="Rakki" type="23" sum="100"/>
<action no="7" player="Zeeria" type="0" discard="1" dealt="1" sum="0"/>
</round>
</game>
<game gamecode="6453807483"><general><startdate>2025-08-15 03:25:10</startdate>
<round>1</round>
<failsafecounter/>
<players><player seat="6" name="Zeeria" chips="1,120" dealer="0" win="0" bet="45" muck="1" rebuy="0" addon="0" merge="0" rebuychips="0" reg_code="5053650596"/>
<player seat="3" name="Rakki" chips="380" dealer="1" win="90" bet="380" muck="1" rebuy="0" addon="0" merge="0" rebuychips="0" reg_code="5053650016"/>
</players>
</general>
<round no="0"><action no="1" player="Rakki" type="15" sum="5"/>
<action no="2" player="Zeeria" type="15" discard="1" dealt="1" sum="5"/>
<action no="3" player="Rakki" type="1" sum="20"/>
<action no="4" player="Zeeria" type="2" discard="1" dealt="1" sum="40"/>
</round>
<round no="1"><cards type="Pocket" player="Zeeria">X X</cards>
<cards type="Pocket" player="Rakki">SA D3</cards>
<action no="5" player="Rakki" type="23" sum="375"/>
<action no="6" player="Zeeria" type="0" discard="1" dealt="1" sum="0"/>
</round>
</game>
<game gamecode="6453807490"><general><startdate>2025-08-15 03:25:21</startdate>
<round>1</round>
<failsafecounter/>
<players><player seat="3" name="Rakki" chips="425" dealer="0" win="850" bet="425" muck="0" rebuy="0" addon="0" merge="0" rebuychips="0" reg_code="5053650016"/>
<player seat="6" name="Zeeria" chips="1,075" dealer="1" win="0" bet="1,075" muck="1" rebuy="0" addon="0" merge="0" rebuychips="0" reg_code="5053650596"/>
</players>
</general>
<round no="0"><action no="1" player="Zeeria" type="15" discard="1" dealt="1" sum="5"/>
<action no="2" player="Rakki" type="15" sum="5"/>
<action no="3" player="Zeeria" type="1" discard="1" dealt="1" sum="20"/>
<action no="4" player="Rakki" type="2" sum="40"/>
</round>
<round no="1"><cards type="Pocket" player="Rakki">H6 C6</cards>
<cards type="Pocket" player="Zeeria">C3 CK</cards>
<action no="5" player="Zeeria" type="23" discard="1" dealt="1" sum="1,070"/>
<action no="6" player="Rakki" type="7" sum="380"/>
</round>
<round no="2"><cards type="Flop">DA S2 S10</cards>
</round>
<round no="3"><cards type="Turn">S5</cards>
</round>
<round no="4"><cards type="River">C9</cards>
</round>
</game>
<game gamecode="6453807498"><general><startdate>2025-08-15 03:25:38</startdate>
<round>1</round>
<failsafecounter/>
<players><player seat="6" name="Zeeria" chips="650" dealer="0" win="0" bet="45" muck="1" rebuy="0" addon="0" merge="0" rebuychips="0" reg_code="5053650596"/>
<player seat="3" name="Rakki" chips="850" dealer="1" win="90" bet="45" muck="0" rebuy="0" addon="0" merge="0" rebuychips="0" reg_code="5053650016"/>
</players>
</general>
<round no="0"><action no="1" player="Rakki" type="15" sum="5"/>
<action no="2" player="Zeeria" type="15" discard="1" dealt="1" sum="5"/>
<action no="3" player="Rakki" type="1" sum="20"/>
<action no="4" player="Zeeria" type="2" discard="1" dealt="1" sum="40"/>
</round>
<round no="1"><cards type="Pocket" player="Zeeria">H7 D4</cards>
<cards type="Pocket" player="Rakki">S8 DQ</cards>
<action no="5" player="Rakki" type="3" sum="20"/>
<action no="6" player="Zeeria" type="4" discard="1" dealt="1" sum="0"/>
</round>
<round no="2"><cards type="Flop">H2 C10 CK</cards>
<action no="7" player="Zeeria" type="4" discard="1" dealt="1" sum="0"/>
<action no="8" player="Rakki" type="4" sum="0"/>
</round>
<round no="3"><cards type="Turn">H10</cards>
<action no="9" player="Zeeria" type="4" discard="1" dealt="1" sum="0"/>
<action no="10" player="Rakki" type="4" sum="0"/>
</round>
<round no="4"><cards type="River">HJ</cards>
<action no="11" player="Zeeria" type="4" discard="1" dealt="1" sum="0"/>
<action no="12" player="Rakki" type="4" sum="0"/>
</round>
</game>
<game gamecode="6453807512"><general><startdate>2025-08-15 03:26:02</startdate>
<round>1</round>
<failsafecounter/>
<players><player seat="3" name="Rakki" chips="895" dealer="0" win="0" bet="605" muck="1" rebuy="0" addon="0" merge="0" rebuychips="0" reg_code="5053650016"/>
<player seat="6" name="Zeeria" chips="605" dealer="1" win="1,210" bet="605" muck="0" rebuy="0" addon="0" merge="0" rebuychips="0" reg_code="5053650596"/>
</players>
</general>
<round no="0"><action no="1" player="Zeeria" type="15" discard="1" dealt="1" sum="5"/>
<action no="2" player="Rakki" type="15" sum="5"/>
<action no="3" player="Zeeria" type="1" discard="1" dealt="1" sum="30"/>
<action no="4" player="Rakki" type="2" sum="60"/>
</round>
<round no="1"><cards type="Pocket" player="Rakki">D4 CA</cards>
<cards type="Pocket" player="Zeeria">D7 D6</cards>
<action no="5" player="Zeeria" type="23" discard="1" dealt="1" sum="600"/>
<action no="6" player="Rakki" type="3" sum="540"/>
</round>
<round no="2"><cards type="Flop">H7 CQ C7</cards>
</round>
<round no="3"><cards type="Turn">SQ</cards>
</round>
<round no="4"><cards type="River">H10</cards>
</round>
</game>
<game gamecode="6453807522"><general><startdate>2025-08-15 03:26:17</startdate>
<round>1</round>
<failsafecounter/>
<players><player seat="6" name="Zeeria" chips="1,210" dealer="0" win="580" bet="290" muck="0" rebuy="0" addon="0" merge="0" rebuychips="0" reg_code="5053650596"/>
<player seat="3" name="Rakki" chips="290" dealer="1" win="0" bet="290" muck="0" rebuy="0" addon="0" merge="0" rebuychips="0" reg_code="5053650016"/>
</players>
</general>
<round no="0"><action no="1" player="Rakki" type="15" sum="5"/>
<action no="2" player="Zeeria" type="15" discard="1" dealt="1" sum="5"/>
<action no="3" player="Rakki" type="1" sum="30"/>
<action no="4" player="Zeeria" type="2" discard="1" dealt="1" sum="60"/>
</round>
<round no="1"><cards type="Pocket" player="Zeeria">D8 S8</cards>
<cards type="Pocket" player="Rakki">S2 S10</cards>
<action no="5" player="Rakki" type="23" sum="285"/>
<action no="6" player="Zeeria" type="3" discard="1" dealt="1" sum="225"/>
</round>
<round no="2"><cards type="Flop">CA HK H4</cards>
</round>
<round no="3"><cards type="Turn">C2</cards>
</round>
<round no="4"><cards type="River">C5</cards>
</round>
</game>
</session>
