<?xml version="1.0" encoding="UTF-8"?>
<session sessioncode="5053435360">
<general>
<client_version>25.1.1.16</client_version>
<mode>real</mode>
<gametype>Holdem NL</gametype>
<tablename>Twister €100 SNG, 815756127</tablename>
<tournamentcode>815756126</tournamentcode>
<tournamentname>Twister €100 SNG</tournamentname>
<buyin>€0 + €7 + €93</buyin>
<totalbuyin>€100</totalbuyin>
<rewarddrawn>€200</rewarddrawn>
<tournamentcurrency>EUR</tournamentcurrency>
<currency>EUR</currency>
<nickname>Rakki</nickname>
<gamecount>12</gamecount>
<startdate>2025-08-14 00:41:41</startdate>
<place>3</place>
<win>€0</win>
<tablesize>3</tablesize>
</general>
<game gamecode="6452898328"><general><startdate>2025-08-14 00:41:56</startdate>
<round>1</round>
<failsafecounter/>
<players><player seat="6" name="L1mltless" chips="500" dealer="0" win="0" bet="20" muck="1" rebuy="0" addon="0" merge="0" rebuychips="0" reg_code="5053435956"/>
<player seat="10" name="Nonloso6" chips="500" dealer="1" win="50" bet="40" muck="1" rebuy="0" addon="0" merge="0" rebuychips="0" reg_code="5053436015"/>
<player seat="3" name="Rakki" chips="500" dealer="0" win="0" bet="10" muck="1" rebuy="0" addon="0" merge="0" rebuychips="0" reg_code="5053435360"/>
</players>
</general>
<round no="0"><action no="1" player="Rakki" type="1" sum="10"/>
<action no="2" player="L1mltless" type="2" discard="1" dealt="1" sum="20"/>
</round>
<round no="1"><cards type="Pocket" player="Rakki">D2 H6</cards>
<cards type="Pocket" player="Nonloso6">X X</cards>
<cards type="Pocket" player="L1mltless">X X</cards>
<action no="3" player="Nonloso6" type="23" discard="1" dealt="1" sum="40"/>
<action no="4" player="Rakki" type="0" sum="0"/>
<action no="5" player="L1mltless" type="0" discard="1" dealt="1" sum="0"/>
</round>
</game>
<game gamecode="6452898352"><general><startdate>2025-08-14 00:42:08</startdate>
<round>1</round>
<failsafecounter/>
<players><player seat="10" name="Nonloso6" chips="530" dealer="0" win="20" bet="20" muck="1" rebuy="0" addon="0" merge="0" rebuychips="0" reg_code="5053436015"/>
<player seat="3" name="Rakki" chips="490" dealer="1" win="0" bet="0" muck="1" rebuy="0" addon="0" merge="0" rebuychips="0" reg_code="5053435360"/>
<player seat="6" name="L1mltless" chips="480" dealer="0" win="0" bet="10" muck="1" rebuy="0" addon="0" merge="0" rebuychips="0" reg_code="5053435956"/>
</players>
</general>
<round no="0"><action no="1" player="L1mltless" type="1" discard="1" dealt="1" sum="10"/>
<action no="2" player="Nonloso6" type="2" discard="1" dealt="1" sum="20"/>
</round>
<round no="1"><cards type="Pocket" player="Nonloso6">X X</cards>
<cards type="Pocket" player="Rakki">C3 H9</cards>
<cards type="Pocket" player="L1mltless">X X</cards>
<action no="3" player="Rakki" type="0" sum="0"/>
<action no="4" player="L1mltless" type="0" discard="1" dealt="1" sum="0"/>
</round>
</game>
<game gamecode="6452898360"><general><startdate>2025-08-14 00:42:14</startdate>
<round>1</round>
<failsafecounter/>
<players><player seat="3" name="Rakki" chips="490" dealer="0" win="0" bet="20" muck="1" rebuy="0" addon="0" merge="0" rebuychips="0" reg_code="5053435360"/>
<player seat="6" name="L1mltless" chips="470" dealer="1" win="0" bet="0" muck="1" rebuy="0" addon="0" merge="0" rebuychips="0" reg_code="5053435956"/>
<player seat="10" name="Nonloso6" chips="540" dealer="0" win="40" bet="20" muck="0" rebuy="0" addon="0" merge="0" rebuychips="0" reg_code="5053436015"/>
</players>
</general>
<round no="0"><action no="1" player="Nonloso6" type="1" discard="1" dealt="1" sum="10"/>
<action no="2" player="Rakki" type="2" sum="20"/>
</round>
<round no="1"><cards type="Pocket" player="L1mltless">X X</cards>
<cards type="Pocket" player="Rakki">H4 S3</cards>
<cards type="Pocket" player="Nonloso6">H5 D5</cards>
<action no="3" player="L1mltless" type="0" discard="1" dealt="1" sum="0"/>
<action no="4" player="Nonloso6" type="3" discard="1" dealt="1" sum="10"/>
<action no="5" player="Rakki" type="4" sum="0"/>
</round>
<round no="2"><cards type="Flop">C3 S10 C7</cards>
<action no="6" player="Nonloso6" type="4" discard="1" dealt="1" sum="0"/>
<action no="7" player="Rakki" type="4" sum="0"/>
</round>
<round no="3"><cards type="Turn">SA</cards>
<action no="8" player="Nonloso6" type="4" discard="1" dealt="1" sum="0"/>
<action no="9" player="Rakki" type="4" sum="0"/>
</round>
<round no="4"><cards type="River">CJ</cards>
<action no="10" player="Nonloso6" type="4" discard="1" dealt="1" sum="0"/>
<action no="11" player="Rakki" type="4" sum="0"/>
</round>
</game>
<game gamecode="6452898420"><general><startdate>2025-08-14 00:42:54</startdate>
<round>1</round>
<failsafecounter/>
<players><player seat="6" name="L1mltless" chips="470" dealer="0" win="20" bet="20" muck="1" rebuy="0" addon="0" merge="0" rebuychips="0" reg_code="5053435956"/>
<player seat="10" name="Nonloso6" chips="560" dealer="1" win="0" bet="0" muck="1" rebuy="0" addon="0" merge="0" rebuychips="0" reg_code="5053436015"/>
<player seat="3" name="Rakki" chips="470" dealer="0" win="0" bet="10" muck="1" rebuy="0" addon="0" merge="0" rebuychips="0" reg_code="5053435360"/>
</players>
</general>
<round no="0"><action no="1" player="Rakki" type="1" sum="10"/>
<action no="2" player="L1mltless" type="2" discard="1" dealt="1" sum="20"/>
</round>
<round no="1"><cards type="Pocket" player="L1mltless">X X</cards>
<cards type="Pocket" player="Rakki">S6 C4</cards>
<cards type="Pocket" player="Nonloso6">X X</cards>
<action no="3" player="Nonloso6" type="0" discard="1" dealt="1" sum="0"/>
<action no="4" player="Rakki" type="0" sum="0"/>
</round>
</game>
<game gamecode="6452898441"><general><startdate>2025-08-14 00:43:08</startdate>
<round>1</round>
<failsafecounter/>
<players><player seat="10" name="Nonloso6" chips="560" dealer="0" win="700" bet="350" muck="0" rebuy="0" addon="0" merge="0" rebuychips="0" reg_code="5053436015"/>
<player seat="3" name="Rakki" chips="460" dealer="1" win="0" bet="0" muck="1" rebuy="0" addon="0" merge="0" rebuychips="0" reg_code="5053435360"/>
<player seat="6" name="L1mltless" chips="480" dealer="0" win="0" bet="350" muck="1" rebuy="0" addon="0" merge="0" rebuychips="0" reg_code="5053435956"/>
</players>
</general>
<round no="0"><action no="1" player="L1mltless" type="1" discard="1" dealt="1" sum="10"/>
<action no="2" player="Nonloso6" type="2" discard="1" dealt="1" sum="20"/>
</round>
<round no="1"><cards type="Pocket" player="Nonloso6">CA SA</cards>
<cards type="Pocket" player="Rakki">D3 C9</cards>
<cards type="Pocket" player="L1mltless">HJ C8</cards>
<action no="3" player="Rakki" type="0" sum="0"/>
<action no="4" player="L1mltless" type="23" discard="1" dealt="1" sum="50"/>
<action no="5" player="Nonloso6" type="3" discard="1" dealt="1" sum="30"/>
</round>
<round no="2"><cards type="Flop">CJ CQ HQ</cards>
<action no="6" player="L1mltless" type="5" discard="1" dealt="1" sum="20"/>
<action no="7" player="Nonloso6" type="3" discard="1" dealt="1" sum="20"/>
</round>
<round no="3"><cards type="Turn">D4</cards>
<action no="8" player="L1mltless" type="4" discard="1" dealt="1" sum="0"/>
<action no="9" player="Nonloso6" type="5" discard="1" dealt="1" sum="70"/>
<action no="10" player="L1mltless" type="3" discard="1" dealt="1" sum="70"/>
</round>
<round no="4"><cards type="River">D9</cards>
<action no="11" player="L1mltless" type="4" discard="1" dealt="1" sum="0"/>
<action no="12" player="Nonloso6" type="5" discard="1" dealt="1" sum="210"/>
<action no="13" player="L1mltless" type="3" discard="1" dealt="1" sum="210"/>
</round>
</game>
<game gamecode="6452898522"><general><startdate>2025-08-14 00:44:02</startdate>
<round>1</round>
<failsafecounter/>
<players><player seat="3" name="Rakki" chips="460" dealer="0" win="0" bet="130" muck="1" rebuy="0" addon="0" merge="0" rebuychips="0" reg_code="5053435360"/>
<player seat="6" name="L1mltless" chips="130" dealer="1" win="280" bet="130" muck="0" rebuy="0" addon="0" merge="0" rebuychips="0" reg_code="5053435956"/>
<player seat="10" name="Nonloso6" chips="910" dealer="0" win="0" bet="20" muck="1" rebuy="0" addon="0" merge="0" rebuychips="0" reg_code="5053436015"/>
</players>
</general>
<round no="0"><action no="1" player="Nonloso6" type="15" discard="1" dealt="1" sum="5"/>
<action no="2" player="Rakki" type="15" sum="5"/>
<action no="3" player="L1mltless" type="15" discard="1" dealt="1" sum="5"/>
<action no="4" player="Nonloso6" type="1" discard="1" dealt="1" sum="15"/>
<action no="5" player="Rakki" type="2" sum="30"/>
</round>
<round no="1"><cards type="Pocket" player="Nonloso6">X X</cards>
<cards type="Pocket" player="L1mltless">C8 SQ</cards>
<cards type="Pocket" player="Rakki">H4 DK</cards>
<action no="6" player="L1mltless" type="23" discard="1" dealt="1" sum="125"/>
<action no="7" player="Nonloso6" type="0" discard="1" dealt="1" sum="0"/>
<action no="8" player="Rakki" type="3" sum="95"/>
</round>
<round no="2"><cards type="Flop">C4 DQ S10</cards>
</round>
<round no="3"><cards type="Turn">HQ</cards>
</round>
<round no="4"><cards type="River">S5</cards>
</round>
</game>
<game gamecode="6452898555"><general><startdate>2025-08-14 00:44:24</startdate>
<round>1</round>
<failsafecounter/>
<players><player seat="6" name="L1mltless" chips="280" dealer="0" win="0" bet="35" muck="1" rebuy="0" addon="0" merge="0" rebuychips="0" reg_code="5053435956"/>
<player seat="10" name="Nonloso6" chips="890" dealer="1" win="90" bet="65" muck="1" rebuy="0" addon="0" merge="0" rebuychips="0" reg_code="5053436015"/>
<player seat="3" name="Rakki" chips="330" dealer="0" win="0" bet="20" muck="1" rebuy="0" addon="0" merge="0" rebuychips="0" reg_code="5053435360"/>
</players>
</general>
<round no="0"><action no="1" player="Rakki" type="15" sum="5"/>
<action no="2" player="L1mltless" type="15" discard="1" dealt="1" sum="5"/>
<action no="3" player="Nonloso6" type="15" discard="1" dealt="1" sum="5"/>
<action no="4" player="Rakki" type="1" sum="15"/>
<action no="5" player="L1mltless" type="2" discard="1" dealt="1" sum="30"/>
</round>
<round no="1"><cards type="Pocket" player="Nonloso6">X X</cards>
<cards type="Pocket" player="Rakki">C2 CA</cards>
<cards type="Pocket" player="L1mltless">X X</cards>
<action no="6" player="Nonloso6" type="23" discard="1" dealt="1" sum="60"/>
<action no="7" player="Rakki" type="0" sum="0"/>
<action no="8" player="L1mltless" type="0" discard="1" dealt="1" sum="0"/>
</round>
</game>
<game gamecode="6452898578"><general><startdate>2025-08-14 00:44:43</startdate>
<round>1</round>
<failsafecounter/>
<players><player seat="10" name="Nonloso6" chips="945" dealer="0" win="0" bet="245" muck="1" rebuy="0" addon="0" merge="0" rebuychips="0" reg_code="5053436015"/>
<player seat="3" name="Rakki" chips="310" dealer="1" win="0" bet="5" muck="1" rebuy="0" addon="0" merge="0" rebuychips="0" reg_code="5053435360"/>
<player seat="6" name="L1mltless" chips="245" dealer="0" win="495" bet="245" muck="0" rebuy="0" addon="0" merge="0" rebuychips="0" reg_code="5053435956"/>
</players>
</general>
<round no="0"><action no="1" player="L1mltless" type="15" discard="1" dealt="1" sum="5"/>
<action no="2" player="Nonloso6" type="15" discard="1" dealt="1" sum="5"/>
<action no="3" player="Rakki" type="15" sum="5"/>
<action no="4" player="L1mltless" type="1" discard="1" dealt="1" sum="15"/>
<action no="5" player="Nonloso6" type="2" discard="1" dealt="1" sum="30"/>
</round>
<round no="1"><cards type="Pocket" player="Rakki">DQ D3</cards>
<cards type="Pocket" player="L1mltless">C10 H10</cards>
<cards type="Pocket" player="Nonloso6">H5 CK</cards>
<action no="6" player="Rakki" type="0" sum="0"/>
<action no="7" player="L1mltless" type="23" discard="1" dealt="1" sum="240"/>
<action no="8" player="Nonloso6" type="3" discard="1" dealt="1" sum="210"/>
</round>
<round no="2"><cards type="Flop">D6 CA SA</cards>
</round>
<round no="3"><cards type="Turn">H6</cards>
</round>
<round no="4"><cards type="River">D10</cards>
</round>
</game>
<game gamecode="6452898602"><general><startdate>2025-08-14 00:45:05</startdate>
<round>1</round>
<failsafecounter/>
<players><player seat="3" name="Rakki" chips="305" dealer="0" win="0" bet="35" muck="1" rebuy="0" addon="0" merge="0" rebuychips="0" reg_code="5053435360"/>
<player seat="6" name="L1mltless" chips="495" dealer="1" win="0" bet="5" muck="1" rebuy="0" addon="0" merge="0" rebuychips="0" reg_code="5053435956"/>
<player seat="10" name="Nonloso6" chips="700" dealer="0" win="75" bet="700" muck="1" rebuy="0" addon="0" merge="0" rebuychips="0" reg_code="5053436015"/>
</players>
</general>
<round no="0"><action no="1" player="Nonloso6" type="15" discard="1" dealt="1" sum="5"/>
<action no="2" player="Rakki" type="15" sum="5"/>
<action no="3" player="L1mltless" type="15" discard="1" dealt="1" sum="5"/>
<action no="4" player="Nonloso6" type="1" discard="1" dealt="1" sum="15"/>
<action no="5" player="Rakki" type="2" sum="30"/>
</round>
<round no="1"><cards type="Pocket" player="Rakki">H2 D3</cards>
<cards type="Pocket" player="L1mltless">X X</cards>
<cards type="Pocket" player="Nonloso6">X X</cards>
<action no="6" player="L1mltless" type="0" discard="1" dealt="1" sum="0"/>
<action no="7" player="Nonloso6" type="23" discard="1" dealt="1" sum="695"/>
<action no="8" player="Rakki" type="0" sum="0"/>
</round>
</game>
<game gamecode="6452907709"><general><startdate>2025-08-14 00:45:18</startdate>
<round>1</round>
<failsafecounter/>
<players><player seat="6" name="L1mltless" chips="490" dealer="0" win="0" bet="45" muck="1" rebuy="0" addon="0" merge="0" rebuychips="0" reg_code="5053435956"/>
<player seat="10" name="Nonloso6" chips="740" dealer="1" win="115" bet="740" muck="1" rebuy="0" addon="0" merge="0" rebuychips="0" reg_code="5053436015"/>
<player seat="3" name="Rakki" chips="270" dealer="0" win="0" bet="25" muck="1" rebuy="0" addon="0" merge="0" rebuychips="0" reg_code="5053435360"/>
</players>
</general>
<round no="0"><action no="1" player="Rakki" type="15" sum="5"/>
<action no="2" player="L1mltless" type="15" discard="1" dealt="1" sum="5"/>
<action no="3" player="Nonloso6" type="15" discard="1" dealt="1" sum="5"/>
<action no="4" player="Rakki" type="1" sum="20"/>
<action no="5" player="L1mltless" type="2" discard="1" dealt="1" sum="40"/>
</round>
<round no="1"><cards type="Pocket" player="Nonloso6">X X</cards>
<cards type="Pocket" player="L1mltless">X X</cards>
<cards type="Pocket" player="Rakki">H8 C6</cards>
<action no="6" player="Nonloso6" type="23" discard="1" dealt="1" sum="735"/>
<action no="7" player="Rakki" type="0" sum="0"/>
<action no="8" player="L1mltless" type="0" discard="1" dealt="1" sum="0"/>
</round>
</game>
<game gamecode="6452907724"><general><startdate>2025-08-14 00:45:31</startdate>
<round>1</round>
<failsafecounter/>
<players><player seat="10" name="Nonloso6" chips="810" dealer="0" win="55" bet="45" muck="1" rebuy="0" addon="0" merge="0" rebuychips="0" reg_code="5053436015"/>
<player seat="3" name="Rakki" chips="245" dealer="1" win="0" bet="5" muck="1" rebuy="0" addon="0" merge="0" rebuychips="0" reg_code="5053435360"/>
<player seat="6" name="L1mltless" chips="445" dealer="0" win="0" bet="25" muck="1" rebuy="0" addon="0" merge="0" rebuychips="0" reg_code="5053435956"/>
</players>
</general>
<round no="0"><action no="1" player="L1mltless" type="15" discard="1" dealt="1" sum="5"/>
<action no="2" player="Nonloso6" type="15" discard="1" dealt="1" sum="5"/>
<action no="3" player="Rakki" type="15" sum="5"/>
<action no="4" player="L1mltless" type="1" discard="1" dealt="1" sum="20"/>
<action no="5" player="Nonloso6" type="2" discard="1" dealt="1" sum="40"/>
</round>
<round no="1"><cards type="Pocket" player="Nonloso6">X X</cards>
<cards type="Pocket" player="Rakki">D6 D10</cards>
<cards type="Pocket" player="L1mltless">X X</cards>
<action no="6" player="Rakki" type="0" sum="0"/>
<action no="7" player="L1mltless" type="0" discard="1" dealt="1" sum="0"/>
</round>
</game>
<game gamecode="6452907736"><general><startdate>2025-08-14 00:45:39</startdate>
<round>1</round>
<failsafecounter/>
<players><player seat="3" name="Rakki" chips="240" dealer="0" win="0" bet="240" muck="0" rebuy="0" addon="0" merge="0" rebuychips="0" reg_code="5053435360"/>
<player seat="6" name="L1mltless" chips="420" dealer="1" win="505" bet="420" muck="0" rebuy="0" addon="0" merge="0" rebuychips="0" reg_code="5053435956"/>
<player seat="10" name="Nonloso6" chips="840" dealer="0" win="0" bet="25" muck="1" rebuy="0" addon="0" merge="0" rebuychips="0" reg_code="5053436015"/>
</players>
</general>
<round no="0"><action no="1" player="Nonloso6" type="15" discard="1" dealt="1" sum="5"/>
<action no="2" player="Rakki" type="15" sum="5"/>
<action no="3" player="L1mltless" type="15" discard="1" dealt="1" sum="5"/>
<action no="4" player="Nonloso6" type="1" discard="1" dealt="1" sum="20"/>
<action no="5" player="Rakki" type="2" sum="40"/>
</round>
<round no="1"><cards type="Pocket" player="Rakki">SK DJ</cards>
<cards type="Pocket" player="L1mltless">SQ CA</cards>
<cards type="Pocket" player="Nonloso6">X X</cards>
<action no="6" player="L1mltless" type="23" discard="1" dealt="1" sum="415"/>
<action no="7" player="Nonloso6" type="0" discard="1" dealt="1" sum="0"/>
<action no="8" player="Rakki" type="7" sum="195"/>
</round>
<round no="2"><cards type="Flop">H7 D2 H4</cards>
</round>
<round no="3"><cards type="Turn">S5</cards>
</round>
<round no="4"><cards type="River">C10</cards>
</round>
</game>
</session>
