<?xml version="1.0" encoding="UTF-8"?>
<session sessioncode="5053528050">
<general>
<client_version>25.1.1.16</client_version>
<mode>real</mode>
<gametype>Holdem NL</gametype>
<tablename>Twister €100 SNG, 815788767</tablename>
<tournamentcode>815788766</tournamentcode>
<tournamentname>Twister €100 SNG</tournamentname>
<buyin>€0 + €7 + €93</buyin>
<totalbuyin>€100</totalbuyin>
<rewarddrawn>€200</rewarddrawn>
<tournamentcurrency>EUR</tournamentcurrency>
<currency>EUR</currency>
<nickname>Rakki</nickname>
<gamecount>16</gamecount>
<startdate>2025-08-14 15:56:13</startdate>
<place>1</place>
<win>€200</win>
<tablesize>3</tablesize>
</general>
<game gamecode="6453299068"><general><startdate>2025-08-14 15:56:28</startdate>
<round>1</round>
<failsafecounter/>
<players><player seat="6" name="Tiuualex" chips="500" dealer="0" win="0" bet="20" muck="1" rebuy="0" addon="0" merge="0" rebuychips="0" reg_code="5053528146"/>
<player seat="10" name="OndaBianca1" chips="500" dealer="1" win="0" bet="500" muck="0" rebuy="0" addon="0" merge="0" rebuychips="0" reg_code="5053528194"/>
<player seat="3" name="Rakki" chips="500" dealer="0" win="1,020" bet="500" muck="0" rebuy="0" addon="0" merge="0" rebuychips="0" reg_code="5053528050"/>
</players>
</general>
<round no="0"><action no="1" player="Rakki" type="1" sum="10"/>
<action no="2" player="Tiuualex" type="2" discard="1" dealt="1" sum="20"/>
</round>
<round no="1"><cards type="Pocket" player="OndaBianca1">C5 S5</cards>
<cards type="Pocket" player="Rakki">SQ CA</cards>
<cards type="Pocket" player="Tiuualex">X X</cards>
<action no="3" player="OndaBianca1" type="23" discard="1" dealt="1" sum="40"/>
<action no="4" player="Rakki" type="23" sum="500"/>
<action no="5" player="Tiuualex" type="0" discard="1" dealt="1" sum="0"/>
<action no="6" player="OndaBianca1" type="7" discard="1" dealt="1" sum="460"/>
</round>
<round no="2"><cards type="Flop">S7 HQ HA</cards>
</round>
<round no="3"><cards type="Turn">D4</cards>
</round>
<round no="4"><cards type="River">S2</cards>
</round>
</game>
<game gamecode="6453299115"><general><startdate>2025-08-14 15:56:51</startdate>
<round>1</round>
<failsafecounter/>
<players><player seat="6" name="Tiuualex" chips="480" dealer="0" win="0" bet="20" muck="1" rebuy="0" addon="0" merge="0" rebuychips="0" reg_code="5053528146"/>
<player seat="3" name="Rakki" chips="1,020" dealer="1" win="40" bet="40" muck="1" rebuy="0" addon="0" merge="0" rebuychips="0" reg_code="5053528050"/>
</players>
</general>
<round no="0"><action no="1" player="Rakki" type="1" sum="10"/>
<action no="2" player="Tiuualex" type="2" discard="1" dealt="1" sum="20"/>
</round>
<round no="1"><cards type="Pocket" player="Tiuualex">X X</cards>
<cards type="Pocket" player="Rakki">CA SJ</cards>
<action no="3" player="Rakki" type="23" sum="40"/>
<action no="4" player="Tiuualex" type="0" discard="1" dealt="1" sum="0"/>
</round>
</game>
<game gamecode="6453299144"><general><startdate>2025-08-14 15:57:04</startdate>
<round>1</round>
<failsafecounter/>
<players><player seat="3" name="Rakki" chips="1,040" dealer="0" win="40" bet="50" muck="1" rebuy="0" addon="0" merge="0" rebuychips="0" reg_code="5053528050"/>
<player seat="6" name="Tiuualex" chips="460" dealer="1" win="0" bet="20" muck="1" rebuy="0" addon="0" merge="0" rebuychips="0" reg_code="5053528146"/>
</players>
</general>
<round no="0"><action no="1" player="Tiuualex" type="1" discard="1" dealt="1" sum="10"/>
<action no="2" player="Rakki" type="2" sum="20"/>
</round>
<round no="1"><cards type="Pocket" player="Tiuualex">X X</cards>
<cards type="Pocket" player="Rakki">HQ C8</cards>
<action no="3" player="Tiuualex" type="3" discard="1" dealt="1" sum="10"/>
<action no="4" player="Rakki" type="4" sum="0"/>
</round>
<round no="2"><cards type="Flop">DJ D2 H7</cards>
<action no="5" player="Rakki" type="4" sum="0"/>
<action no="6" player="Tiuualex" type="4" discard="1" dealt="1" sum="0"/>
</round>
<round no="3"><cards type="Turn">H8</cards>
<action no="7" player="Rakki" type="5" sum="30"/>
<action no="8" player="Tiuualex" type="0" discard="1" dealt="1" sum="0"/>
</round>
</game>
<game gamecode="6453299203"><general><startdate>2025-08-14 15:57:33</startdate>
<round>1</round>
<failsafecounter/>
<players><player seat="6" name="Tiuualex" chips="440" dealer="0" win="304" bet="152" muck="0" rebuy="0" addon="0" merge="0" rebuychips="0" reg_code="5053528146"/>
<player seat="3" name="Rakki" chips="1,060" dealer="1" win="0" bet="152" muck="1" rebuy="0" addon="0" merge="0" rebuychips="0" reg_code="5053528050"/>
</players>
</general>
<round no="0"><action no="1" player="Rakki" type="1" sum="10"/>
<action no="2" player="Tiuualex" type="2" discard="1" dealt="1" sum="20"/>
</round>
<round no="1"><cards type="Pocket" player="Tiuualex">SQ D6</cards>
<cards type="Pocket" player="Rakki">H9 D3</cards>
<action no="3" player="Rakki" type="3" sum="10"/>
<action no="4" player="Tiuualex" type="4" discard="1" dealt="1" sum="0"/>
</round>
<round no="2"><cards type="Flop">H5 HQ H2</cards>
<action no="5" player="Tiuualex" type="4" discard="1" dealt="1" sum="0"/>
<action no="6" player="Rakki" type="5" sum="20"/>
<action no="7" player="Tiuualex" type="23" discard="1" dealt="1" sum="60"/>
<action no="8" player="Rakki" type="3" sum="40"/>
</round>
<round no="3"><cards type="Turn">S9</cards>
<action no="9" player="Tiuualex" type="5" discard="1" dealt="1" sum="72"/>
<action no="10" player="Rakki" type="3" sum="72"/>
</round>
<round no="4"><cards type="River">C4</cards>
<action no="11" player="Tiuualex" type="4" discard="1" dealt="1" sum="0"/>
<action no="12" player="Rakki" type="4" sum="0"/>
</round>
</game>
<game gamecode="6453305131"><general><startdate>2025-08-14 15:58:24</startdate>
<round>1</round>
<failsafecounter/>
<players><player seat="3" name="Rakki" chips="908" dealer="0" win="0" bet="68" muck="1" rebuy="0" addon="0" merge="0" rebuychips="0" reg_code="5053528050"/>
<player seat="6" name="Tiuualex" chips="592" dealer="1" win="136" bet="191" muck="1" rebuy="0" addon="0" merge="0" rebuychips="0" reg_code="5053528146"/>
</players>
</general>
<round no="0"><action no="1" player="Tiuualex" type="15" discard="1" dealt="1" sum="5"/>
<action no="2" player="Rakki" type="15" sum="5"/>
<action no="3" player="Tiuualex" type="1" discard="1" dealt="1" sum="15"/>
<action no="4" player="Rakki" type="2" sum="30"/>
</round>
<round no="1"><cards type="Pocket" player="Tiuualex">X X</cards>
<cards type="Pocket" player="Rakki">D4 CA</cards>
<action no="5" player="Tiuualex" type="3" discard="1" dealt="1" sum="15"/>
<action no="6" player="Rakki" type="4" sum="0"/>
</round>
<round no="2"><cards type="Flop">CJ S10 S4</cards>
<action no="7" player="Rakki" type="4" sum="0"/>
<action no="8" player="Tiuualex" type="5" discard="1" dealt="1" sum="33"/>
<action no="9" player="Rakki" type="3" sum="33"/>
</round>
<round no="3"><cards type="Turn">H8</cards>
<action no="10" player="Rakki" type="4" sum="0"/>
<action no="11" player="Tiuualex" type="5" discard="1" dealt="1" sum="123"/>
<action no="12" player="Rakki" type="0" sum="0"/>
</round>
</game>
<game gamecode="6453305230"><general><startdate>2025-08-14 15:59:08</startdate>
<round>1</round>
<failsafecounter/>
<players><player seat="6" name="Tiuualex" chips="660" dealer="0" win="40" bet="35" muck="1" rebuy="0" addon="0" merge="0" rebuychips="0" reg_code="5053528146"/>
<player seat="3" name="Rakki" chips="840" dealer="1" win="0" bet="20" muck="1" rebuy="0" addon="0" merge="0" rebuychips="0" reg_code="5053528050"/>
</players>
</general>
<round no="0"><action no="1" player="Rakki" type="15" sum="5"/>
<action no="2" player="Tiuualex" type="15" discard="1" dealt="1" sum="5"/>
<action no="3" player="Rakki" type="1" sum="15"/>
<action no="4" player="Tiuualex" type="2" discard="1" dealt="1" sum="30"/>
</round>
<round no="1"><cards type="Pocket" player="Tiuualex">X X</cards>
<cards type="Pocket" player="Rakki">S7 C2</cards>
<action no="5" player="Rakki" type="0" sum="0"/>
</round>
</game>
<game gamecode="6453305246"><general><startdate>2025-08-14 15:59:16</startdate>
<round>1</round>
<failsafecounter/>
<players><player seat="3" name="Rakki" chips="820" dealer="0" win="0" bet="68" muck="1" rebuy="0" addon="0" merge="0" rebuychips="0" reg_code="5053528050"/>
<player seat="6" name="Tiuualex" chips="680" dealer="1" win="136" bet="176" muck="1" rebuy="0" addon="0" merge="0" rebuychips="0" reg_code="5053528146"/>
</players>
</general>
<round no="0"><action no="1" player="Tiuualex" type="15" discard="1" dealt="1" sum="5"/>
<action no="2" player="Rakki" type="15" sum="5"/>
<action no="3" player="Tiuualex" type="1" discard="1" dealt="1" sum="15"/>
<action no="4" player="Rakki" type="2" sum="30"/>
</round>
<round no="1"><cards type="Pocket" player="Rakki">D6 CA</cards>
<cards type="Pocket" player="Tiuualex">X X</cards>
<action no="5" player="Tiuualex" type="3" discard="1" dealt="1" sum="15"/>
<action no="6" player="Rakki" type="4" sum="0"/>
</round>
<round no="2"><cards type="Flop">D3 SQ S7</cards>
<action no="7" player="Rakki" type="4" sum="0"/>
<action no="8" player="Tiuualex" type="5" discard="1" dealt="1" sum="33"/>
<action no="9" player="Rakki" type="3" sum="33"/>
</round>
<round no="3"><cards type="Turn">H4</cards>
<action no="10" player="Rakki" type="4" sum="0"/>
<action no="11" player="Tiuualex" type="5" discard="1" dealt="1" sum="108"/>
<action no="12" player="Rakki" type="0" sum="0"/>
</round>
</game>
<game gamecode="6453305332"><general><startdate>2025-08-14 15:59:52</startdate>
<round>1</round>
<failsafecounter/>
<players><player seat="6" name="Tiuualex" chips="748" dealer="0" win="0" bet="45" muck="1" rebuy="0" addon="0" merge="0" rebuychips="0" reg_code="5053528146"/>
<player seat="3" name="Rakki" chips="752" dealer="1" win="90" bet="105" muck="1" rebuy="0" addon="0" merge="0" rebuychips="0" reg_code="5053528050"/>
</players>
</general>
<round no="0"><action no="1" player="Rakki" type="15" sum="5"/>
<action no="2" player="Tiuualex" type="15" discard="1" dealt="1" sum="5"/>
<action no="3" player="Rakki" type="1" sum="20"/>
<action no="4" player="Tiuualex" type="2" discard="1" dealt="1" sum="40"/>
</round>
<round no="1"><cards type="Pocket" player="Tiuualex">X X</cards>
<cards type="Pocket" player="Rakki">D3 HK</cards>
<action no="5" player="Rakki" type="3" sum="20"/>
<action no="6" player="Tiuualex" type="4" discard="1" dealt="1" sum="0"/>
</round>
<round no="2"><cards type="Flop">C5 CK C2</cards>
<action no="7" player="Tiuualex" type="4" discard="1" dealt="1" sum="0"/>
<action no="8" player="Rakki" type="4" sum="0"/>
</round>
<round no="3"><cards type="Turn">S4</cards>
<action no="9" player="Tiuualex" type="4" discard="1" dealt="1" sum="0"/>
<action no="10" player="Rakki" type="5" sum="60"/>
<action no="11" player="Tiuualex" type="0" discard="1" dealt="1" sum="0"/>
</round>
</game>
<game gamecode="6453305428"><general><startdate>2025-08-14 16:00:30</startdate>
<round>1</round>
<failsafecounter/>
<players><player seat="3" name="Rakki" chips="797" dealer="0" win="90" bet="125" muck="1" rebuy="0" addon="0" merge="0" rebuychips="0" reg_code="5053528050"/>
<player seat="6" name="Tiuualex" chips="703" dealer="1" win="0" bet="45" muck="1" rebuy="0" addon="0" merge="0" rebuychips="0" reg_code="5053528146"/>
</players>
</general>
<round no="0"><action no="1" player="Tiuualex" type="15" discard="1" dealt="1" sum="5"/>
<action no="2" player="Rakki" type="15" sum="5"/>
<action no="3" player="Tiuualex" type="1" discard="1" dealt="1" sum="20"/>
<action no="4" player="Rakki" type="2" sum="40"/>
</round>
<round no="1"><cards type="Pocket" player="Rakki">DK HQ</cards>
<cards type="Pocket" player="Tiuualex">X X</cards>
<action no="5" player="Tiuualex" type="3" discard="1" dealt="1" sum="20"/>
<action no="6" player="Rakki" type="23" sum="120"/>
<action no="7" player="Tiuualex" type="0" discard="1" dealt="1" sum="0"/>
</round>
</game>
<game gamecode="6453305447"><general><startdate>2025-08-14 16:00:43</startdate>
<round>1</round>
<failsafecounter/>
<players><player seat="6" name="Tiuualex" chips="658" dealer="0" win="90" bet="145" muck="1" rebuy="0" addon="0" merge="0" rebuychips="0" reg_code="5053528146"/>
<player seat="3" name="Rakki" chips="842" dealer="1" win="0" bet="45" muck="1" rebuy="0" addon="0" merge="0" rebuychips="0" reg_code="5053528050"/>
</players>
</general>
<round no="0"><action no="1" player="Rakki" type="15" sum="5"/>
<action no="2" player="Tiuualex" type="15" discard="1" dealt="1" sum="5"/>
<action no="3" player="Rakki" type="1" sum="20"/>
<action no="4" player="Tiuualex" type="2" discard="1" dealt="1" sum="40"/>
</round>
<round no="1"><cards type="Pocket" player="Rakki">C7 HJ</cards>
<cards type="Pocket" player="Tiuualex">X X</cards>
<action no="5" player="Rakki" type="3" sum="20"/>
<action no="6" player="Tiuualex" type="23" discard="1" dealt="1" sum="140"/>
<action no="7" player="Rakki" type="0" sum="0"/>
</round>
</game>
<game gamecode="6453305499"><general><startdate>2025-08-14 16:01:02</startdate>
<round>1</round>
<failsafecounter/>
<players><player seat="3" name="Rakki" chips="797" dealer="0" win="90" bet="797" muck="1" rebuy="0" addon="0" merge="0" rebuychips="0" reg_code="5053528050"/>
<player seat="6" name="Tiuualex" chips="703" dealer="1" win="0" bet="45" muck="1" rebuy="0" addon="0" merge="0" rebuychips="0" reg_code="5053528146"/>
</players>
</general>
<round no="0"><action no="1" player="Tiuualex" type="15" discard="1" dealt="1" sum="5"/>
<action no="2" player="Rakki" type="15" sum="5"/>
<action no="3" player="Tiuualex" type="1" discard="1" dealt="1" sum="20"/>
<action no="4" player="Rakki" type="2" sum="40"/>
</round>
<round no="1"><cards type="Pocket" player="Rakki">C4 H4</cards>
<cards type="Pocket" player="Tiuualex">X X</cards>
<action no="5" player="Tiuualex" type="3" discard="1" dealt="1" sum="20"/>
<action no="6" player="Rakki" type="23" sum="792"/>
<action no="7" player="Tiuualex" type="0" discard="1" dealt="1" sum="0"/>
</round>
</game>
<game gamecode="6453305526"><general><startdate>2025-08-14 16:01:13</startdate>
<round>1</round>
<failsafecounter/>
<players><player seat="6" name="Tiuualex" chips="658" dealer="0" win="0" bet="45" muck="1" rebuy="0" addon="0" merge="0" rebuychips="0" reg_code="5053528146"/>
<player seat="3" name="Rakki" chips="842" dealer="1" win="90" bet="85" muck="1" rebuy="0" addon="0" merge="0" rebuychips="0" reg_code="5053528050"/>
</players>
</general>
<round no="0"><action no="1" player="Rakki" type="15" sum="5"/>
<action no="2" player="Tiuualex" type="15" discard="1" dealt="1" sum="5"/>
<action no="3" player="Rakki" type="1" sum="20"/>
<action no="4" player="Tiuualex" type="2" discard="1" dealt="1" sum="40"/>
</round>
<round no="1"><cards type="Pocket" player="Tiuualex">X X</cards>
<cards type="Pocket" player="Rakki">CK HA</cards>
<action no="5" player="Rakki" type="3" sum="20"/>
<action no="6" player="Tiuualex" type="4" discard="1" dealt="1" sum="0"/>
</round>
<round no="2"><cards type="Flop">CQ S6 H10</cards>
<action no="7" player="Tiuualex" type="4" discard="1" dealt="1" sum="0"/>
<action no="8" player="Rakki" type="5" sum="40"/>
<action no="9" player="Tiuualex" type="0" discard="1" dealt="1" sum="0"/>
</round>
</game>
<game gamecode="6453305556"><general><startdate>2025-08-14 16:01:25</startdate>
<round>1</round>
<failsafecounter/>
<players><player seat="3" name="Rakki" chips="887" dealer="0" win="0" bet="89" muck="1" rebuy="0" addon="0" merge="0" rebuychips="0" reg_code="5053528050"/>
<player seat="6" name="Tiuualex" chips="613" dealer="1" win="178" bet="311" muck="1" rebuy="0" addon="0" merge="0" rebuychips="0" reg_code="5053528146"/>
</players>
</general>
<round no="0"><action no="1" player="Tiuualex" type="15" discard="1" dealt="1" sum="5"/>
<action no="2" player="Rakki" type="15" sum="5"/>
<action no="3" player="Tiuualex" type="1" discard="1" dealt="1" sum="20"/>
<action no="4" player="Rakki" type="2" sum="40"/>
</round>
<round no="1"><cards type="Pocket" player="Rakki">H3 D9</cards>
<cards type="Pocket" player="Tiuualex">X X</cards>
<action no="5" player="Tiuualex" type="3" discard="1" dealt="1" sum="20"/>
<action no="6" player="Rakki" type="4" sum="0"/>
</round>
<round no="2"><cards type="Flop">HJ HA S9</cards>
<action no="7" player="Rakki" type="4" sum="0"/>
<action no="8" player="Tiuualex" type="5" discard="1" dealt="1" sum="44"/>
<action no="9" player="Rakki" type="3" sum="44"/>
</round>
<round no="3"><cards type="Turn">D8</cards>
<action no="10" player="Rakki" type="4" sum="0"/>
<action no="11" player="Tiuualex" type="4" discard="1" dealt="1" sum="0"/>
</round>
<round no="4"><cards type="River">S10</cards>
<action no="12" player="Rakki" type="4" sum="0"/>
<action no="13" player="Tiuualex" type="5" discard="1" dealt="1" sum="222"/>
<action no="14" player="Rakki" type="0" sum="0"/>
</round>
</game>
<game gamecode="6453305710"><general><startdate>2025-08-14 16:02:29</startdate>
<round>1</round>
<failsafecounter/>
<players><player seat="6" name="Tiuualex" chips="702" dealer="0" win="0" bet="65" muck="1" rebuy="0" addon="0" merge="0" rebuychips="0" reg_code="5053528146"/>
<player seat="3" name="Rakki" chips="798" dealer="1" win="130" bet="798" muck="1" rebuy="0" addon="0" merge="0" rebuychips="0" reg_code="5053528050"/>
</players>
</general>
<round no="0"><action no="1" player="Rakki" type="15" sum="5"/>
<action no="2" player="Tiuualex" type="15" discard="1" dealt="1" sum="5"/>
<action no="3" player="Rakki" type="1" sum="30"/>
<action no="4" player="Tiuualex" type="2" discard="1" dealt="1" sum="60"/>
</round>
<round no="1"><cards type="Pocket" player="Rakki">HA D2</cards>
<cards type="Pocket" player="Tiuualex">X X</cards>
<action no="5" player="Rakki" type="23" sum="793"/>
<action no="6" player="Tiuualex" type="0" discard="1" dealt="1" sum="0"/>
</round>
</game>
<game gamecode="6453305727"><general><startdate>2025-08-14 16:02:36</startdate>
<round>1</round>
<failsafecounter/>
<players><player seat="3" name="Rakki" chips="863" dealer="0" win="0" bet="65" muck="1" rebuy="0" addon="0" merge="0" rebuychips="0" reg_code="5053528050"/>
<player seat="6" name="Tiuualex" chips="637" dealer="1" win="130" bet="637" muck="1" rebuy="0" addon="0" merge="0" rebuychips="0" reg_code="5053528146"/>
</players>
</general>
<round no="0"><action no="1" player="Tiuualex" type="15" discard="1" dealt="1" sum="5"/>
<action no="2" player="Rakki" type="15" sum="5"/>
<action no="3" player="Tiuualex" type="1" discard="1" dealt="1" sum="30"/>
<action no="4" player="Rakki" type="2" sum="60"/>
</round>
<round no="1"><cards type="Pocket" player="Rakki">C9 C8</cards>
<cards type="Pocket" player="Tiuualex">X X</cards>
<action no="5" player="Tiuualex" type="23" discard="1" dealt="1" sum="632"/>
<action no="6" player="Rakki" type="0" sum="0"/>
</round>
</game>
<game gamecode="6453305799"><general><startdate>2025-08-14 16:03:00</startdate>
<round>1</round>
<failsafecounter/>
<players><player seat="6" name="Tiuualex" chips="702" dealer="0" win="0" bet="702" muck="0" rebuy="0" addon="0" merge="0" rebuychips="0" reg_code="5053528146"/>
<player seat="3" name="Rakki" chips="798" dealer="1" win="1,404" bet="702" muck="0" rebuy="0" addon="0" merge="0" rebuychips="0" reg_code="5053528050"/>
</players>
</general>
<round no="0"><action no="1" player="Rakki" type="15" sum="5"/>
<action no="2" player="Tiuualex" type="15" discard="1" dealt="1" sum="5"/>
<action no="3" player="Rakki" type="1" sum="30"/>
<action no="4" player="Tiuualex" type="2" discard="1" dealt="1" sum="60"/>
</round>
<round no="1"><cards type="Pocket" player="Rakki">DA CA</cards>
<cards type="Pocket" player="Tiuualex">H10 S3</cards>
<action no="5" player="Rakki" type="3" sum="30"/>
<action no="6" player="Tiuualex" type="23" discard="1" dealt="1" sum="150"/>
<action no="7" player="Rakki" type="3" sum="90"/>
</round>
<round no="2"><cards type="Flop">HK DJ S9</cards>
<action no="8" player="Tiuualex" type="5" discard="1" dealt="1" sum="77"/>
<action no="9" player="Rakki" type="3" sum="77"/>
</round>
<round no="3"><cards type="Turn">HA</cards>
<action no="10" player="Tiuualex" type="5" discard="1" dealt="1" sum="470"/>
<action no="11" player="Rakki" type="3" sum="470"/>
</round>
<round no="4"><cards type="River">H5</cards>
</round>
</game>
</session>
