<?xml version="1.0" encoding="UTF-8"?>
<session sessioncode="5053646817">
<general>
<client_version>25.1.1.16</client_version>
<mode>real</mode>
<gametype>Holdem NL</gametype>
<tablename>Twister €100 SNG, 815826011</tablename>
<tournamentcode>815826010</tournamentcode>
<tournamentname>Twister €100 SNG</tournamentname>
<buyin>€0 + €7 + €93</buyin>
<totalbuyin>€100</totalbuyin>
<rewarddrawn>€300</rewarddrawn>
<tournamentcurrency>EUR</tournamentcurrency>
<currency>EUR</currency>
<nickname>Rakki</nickname>
<gamecount>8</gamecount>
<startdate>2025-08-15 02:40:04</startdate>
<place>2</place>
<win>€0</win>
<tablesize>3</tablesize>
</general>
<game gamecode="6453792520"><general><startdate>2025-08-15 02:40:19</startdate>
<round>1</round>
<failsafecounter/>
<players><player seat="10" name="Rakki" chips="500" dealer="0" win="0" bet="60" muck="1" rebuy="0" addon="0" merge="0" rebuychips="0" reg_code="5053646817"/>
<player seat="3" name="zzzzzzT1" chips="500" dealer="1" win="0" bet="0" muck="1" rebuy="0" addon="0" merge="0" rebuychips="0" reg_code="5053646641"/>
<player seat="6" name="Tiuualex" chips="500" dealer="0" win="120" bet="500" muck="1" rebuy="0" addon="0" merge="0" rebuychips="0" reg_code="5053646642"/>
</players>
</general>
<round no="0"><action no="1" player="Tiuualex" type="1" discard="1" dealt="1" sum="10"/>
<action no="2" player="Rakki" type="2" sum="20"/>
</round>
<round no="1"><cards type="Pocket" player="Rakki">SJ CQ</cards>
<cards type="Pocket" player="zzzzzzT1">X X</cards>
<cards type="Pocket" player="Tiuualex">X X</cards>
<action no="3" player="zzzzzzT1" type="0" discard="1" dealt="1" sum="0"/>
<action no="4" player="Tiuualex" type="3" discard="1" dealt="1" sum="10"/>
<action no="5" player="Rakki" type="23" sum="60"/>
<action no="6" player="Tiuualex" type="23" discard="1" dealt="1" sum="500"/>
<action no="7" player="Rakki" type="0" sum="0"/>
</round>
</game>
<game gamecode="6453792542"><general><startdate>2025-08-15 02:40:44</startdate>
<round>1</round>
<failsafecounter/>
<players><player seat="3" name="zzzzzzT1" chips="500" dealer="0" win="0" bet="162" muck="1" rebuy="0" addon="0" merge="0" rebuychips="0" reg_code="5053646641"/>
<player seat="6" name="Tiuualex" chips="560" dealer="1" win="334" bet="162" muck="0" rebuy="0" addon="0" merge="0" rebuychips="0" reg_code="5053646642"/>
<player seat="10" name="Rakki" chips="440" dealer="0" win="0" bet="10" muck="1" rebuy="0" addon="0" merge="0" rebuychips="0" reg_code="5053646817"/>
</players>
</general>
<round no="0"><action no="1" player="Rakki" type="1" sum="10"/>
<action no="2" player="zzzzzzT1" type="2" discard="1" dealt="1" sum="20"/>
</round>
<round no="1"><cards type="Pocket" player="zzzzzzT1">D10 HK</cards>
<cards type="Pocket" player="Tiuualex">SJ DK</cards>
<cards type="Pocket" player="Rakki">H3 S9</cards>
<action no="3" player="Tiuualex" type="23" discard="1" dealt="1" sum="40"/>
<action no="4" player="Rakki" type="0" sum="0"/>
<action no="5" player="zzzzzzT1" type="3" discard="1" dealt="1" sum="20"/>
</round>
<round no="2"><cards type="Flop">H10 HJ DA</cards>
<action no="6" player="zzzzzzT1" type="4" discard="1" dealt="1" sum="0"/>
<action no="7" player="Tiuualex" type="5" discard="1" dealt="1" sum="22"/>
<action no="8" player="zzzzzzT1" type="3" discard="1" dealt="1" sum="22"/>
</round>
<round no="3"><cards type="Turn">C7</cards>
<action no="9" player="zzzzzzT1" type="4" discard="1" dealt="1" sum="0"/>
<action no="10" player="Tiuualex" type="4" discard="1" dealt="1" sum="0"/>
</round>
<round no="4"><cards type="River">SK</cards>
<action no="11" player="zzzzzzT1" type="4" discard="1" dealt="1" sum="0"/>
<action no="12" player="Tiuualex" type="5" discard="1" dealt="1" sum="100"/>
<action no="13" player="zzzzzzT1" type="3" discard="1" dealt="1" sum="100"/>
</round>
</game>
<game gamecode="6453792596"><general><startdate>2025-08-15 02:41:43</startdate>
<round>1</round>
<failsafecounter/>
<players><player seat="6" name="Tiuualex" chips="732" dealer="0" win="676" bet="732" muck="0" rebuy="0" addon="0" merge="0" rebuychips="0" reg_code="5053646642"/>
<player seat="10" name="Rakki" chips="430" dealer="1" win="0" bet="0" muck="1" rebuy="0" addon="0" merge="0" rebuychips="0" reg_code="5053646817"/>
<player seat="3" name="zzzzzzT1" chips="338" dealer="0" win="0" bet="338" muck="0" rebuy="0" addon="0" merge="0" rebuychips="0" reg_code="5053646641"/>
</players>
</general>
<round no="0"><action no="1" player="zzzzzzT1" type="1" discard="1" dealt="1" sum="10"/>
<action no="2" player="Tiuualex" type="2" discard="1" dealt="1" sum="20"/>
</round>
<round no="1"><cards type="Pocket" player="zzzzzzT1">SK SA</cards>
<cards type="Pocket" player="Rakki">H7 C9</cards>
<cards type="Pocket" player="Tiuualex">S4 D4</cards>
<action no="3" player="Rakki" type="0" sum="0"/>
<action no="4" player="zzzzzzT1" type="23" discard="1" dealt="1" sum="50"/>
<action no="5" player="Tiuualex" type="23" discard="1" dealt="1" sum="732"/>
<action no="6" player="zzzzzzT1" type="7" discard="1" dealt="1" sum="288"/>
</round>
<round no="2"><cards type="Flop">C6 H5 H9</cards>
</round>
<round no="3"><cards type="Turn">H2</cards>
</round>
<round no="4"><cards type="River">H3</cards>
</round>
</game>
<game gamecode="6453792627"><general><startdate>2025-08-15 02:42:17</startdate>
<round>1</round>
<failsafecounter/>
<players><player seat="10" name="Rakki" chips="430" dealer="0" win="130" bet="110" muck="1" rebuy="0" addon="0" merge="0" rebuychips="0" reg_code="5053646817"/>
<player seat="6" name="Tiuualex" chips="1,070" dealer="1" win="0" bet="65" muck="1" rebuy="0" addon="0" merge="0" rebuychips="0" reg_code="5053646642"/>
</players>
</general>
<round no="0"><action no="1" player="Tiuualex" type="15" discard="1" dealt="1" sum="5"/>
<action no="2" player="Rakki" type="15" sum="5"/>
<action no="3" player="Tiuualex" type="1" discard="1" dealt="1" sum="15"/>
<action no="4" player="Rakki" type="2" sum="30"/>
</round>
<round no="1"><cards type="Pocket" player="Rakki">CJ S7</cards>
<cards type="Pocket" player="Tiuualex">X X</cards>
<action no="5" player="Tiuualex" type="3" discard="1" dealt="1" sum="15"/>
<action no="6" player="Rakki" type="4" sum="0"/>
</round>
<round no="2"><cards type="Flop">D3 C4 S4</cards>
<action no="7" player="Rakki" type="4" sum="0"/>
<action no="8" player="Tiuualex" type="5" discard="1" dealt="1" sum="30"/>
<action no="9" player="Rakki" type="23" sum="75"/>
<action no="10" player="Tiuualex" type="0" discard="1" dealt="1" sum="0"/>
</round>
</game>
<game gamecode="6453792654"><general><startdate>2025-08-15 02:42:41</startdate>
<round>1</round>
<failsafecounter/>
<players><player seat="6" name="Tiuualex" chips="1,005" dealer="0" win="0" bet="169" muck="0" rebuy="0" addon="0" merge="0" rebuychips="0" reg_code="5053646642"/>
<player seat="10" name="Rakki" chips="495" dealer="1" win="338" bet="169" muck="0" rebuy="0" addon="0" merge="0" rebuychips="0" reg_code="5053646817"/>
</players>
</general>
<round no="0"><action no="1" player="Rakki" type="15" sum="5"/>
<action no="2" player="Tiuualex" type="15" discard="1" dealt="1" sum="5"/>
<action no="3" player="Rakki" type="1" sum="15"/>
<action no="4" player="Tiuualex" type="2" discard="1" dealt="1" sum="30"/>
</round>
<round no="1"><cards type="Pocket" player="Rakki">CK D7</cards>
<cards type="Pocket" player="Tiuualex">C2 C10</cards>
<action no="5" player="Rakki" type="3" sum="15"/>
<action no="6" player="Tiuualex" type="4" discard="1" dealt="1" sum="0"/>
</round>
<round no="2"><cards type="Flop">HQ SK HJ</cards>
<action no="7" player="Tiuualex" type="4" discard="1" dealt="1" sum="0"/>
<action no="8" player="Rakki" type="5" sum="30"/>
<action no="9" player="Tiuualex" type="3" discard="1" dealt="1" sum="30"/>
</round>
<round no="3"><cards type="Turn">CJ</cards>
<action no="10" player="Tiuualex" type="4" discard="1" dealt="1" sum="0"/>
<action no="11" player="Rakki" type="4" sum="0"/>
</round>
<round no="4"><cards type="River">H4</cards>
<action no="12" player="Tiuualex" type="5" discard="1" dealt="1" sum="104"/>
<action no="13" player="Rakki" type="3" sum="104"/>
</round>
</game>
<game gamecode="6453792694"><general><startdate>2025-08-15 02:43:21</startdate>
<round>1</round>
<failsafecounter/>
<players><player seat="10" name="Rakki" chips="664" dealer="0" win="220" bet="247" muck="1" rebuy="0" addon="0" merge="0" rebuychips="0" reg_code="5053646817"/>
<player seat="6" name="Tiuualex" chips="836" dealer="1" win="0" bet="110" muck="1" rebuy="0" addon="0" merge="0" rebuychips="0" reg_code="5053646642"/>
</players>
</general>
<round no="0"><action no="1" player="Tiuualex" type="15" discard="1" dealt="1" sum="5"/>
<action no="2" player="Rakki" type="15" sum="5"/>
<action no="3" player="Tiuualex" type="1" discard="1" dealt="1" sum="15"/>
<action no="4" player="Rakki" type="2" sum="30"/>
</round>
<round no="1"><cards type="Pocket" player="Rakki">C7 S3</cards>
<cards type="Pocket" player="Tiuualex">X X</cards>
<action no="5" player="Tiuualex" type="3" discard="1" dealt="1" sum="15"/>
<action no="6" player="Rakki" type="4" sum="0"/>
</round>
<round no="2"><cards type="Flop">S7 C5 H7</cards>
<action no="7" player="Rakki" type="4" sum="0"/>
<action no="8" player="Tiuualex" type="5" discard="1" dealt="1" sum="30"/>
<action no="9" player="Rakki" type="23" sum="75"/>
<action no="10" player="Tiuualex" type="3" discard="1" dealt="1" sum="45"/>
</round>
<round no="3"><cards type="Turn">H9</cards>
<action no="11" player="Rakki" type="5" sum="137"/>
<action no="12" player="Tiuualex" type="0" discard="1" dealt="1" sum="0"/>
</round>
</game>
<game gamecode="6453792736"><general><startdate>2025-08-15 02:44:05</startdate>
<round>1</round>
<failsafecounter/>
<players><player seat="6" name="Tiuualex" chips="726" dealer="0" win="1,452" bet="726" muck="0" rebuy="0" addon="0" merge="0" rebuychips="0" reg_code="5053646642"/>
<player seat="10" name="Rakki" chips="774" dealer="1" win="0" bet="774" muck="1" rebuy="0" addon="0" merge="0" rebuychips="0" reg_code="5053646817"/>
</players>
</general>
<round no="0"><action no="1" player="Rakki" type="15" sum="5"/>
<action no="2" player="Tiuualex" type="15" discard="1" dealt="1" sum="5"/>
<action no="3" player="Rakki" type="1" sum="20"/>
<action no="4" player="Tiuualex" type="2" discard="1" dealt="1" sum="40"/>
</round>
<round no="1"><cards type="Pocket" player="Tiuualex">HQ DJ</cards>
<cards type="Pocket" player="Rakki">D9 SA</cards>
<action no="5" player="Rakki" type="3" sum="20"/>
<action no="6" player="Tiuualex" type="23" discard="1" dealt="1" sum="160"/>
<action no="7" player="Rakki" type="23" sum="769"/>
<action no="8" player="Tiuualex" type="7" discard="1" dealt="1" sum="561"/>
</round>
<round no="2"><cards type="Flop">SQ H6 D2</cards>
</round>
<round no="3"><cards type="Turn">CQ</cards>
</round>
<round no="4"><cards type="River">D6</cards>
</round>
</game>
<game gamecode="6453792753"><general><startdate>2025-08-15 02:44:26</startdate>
<round>1</round>
<failsafecounter/>
<players><player seat="10" name="Rakki" chips="48" dealer="0" win="0" bet="48" muck="0" rebuy="0" addon="0" merge="0" rebuychips="0" reg_code="5053646817"/>
<player seat="6" name="Tiuualex" chips="1,452" dealer="1" win="96" bet="85" muck="0" rebuy="0" addon="0" merge="0" rebuychips="0" reg_code="5053646642"/>
</players>
</general>
<round no="0"><action no="1" player="Tiuualex" type="15" discard="1" dealt="1" sum="5"/>
<action no="2" player="Rakki" type="15" sum="5"/>
<action no="3" player="Tiuualex" type="1" discard="1" dealt="1" sum="20"/>
<action no="4" player="Rakki" type="2" sum="40"/>
</round>
<round no="1"><cards type="Pocket" player="Rakki">C4 S8</cards>
<cards type="Pocket" player="Tiuualex">H10 D6</cards>
<action no="5" player="Tiuualex" type="23" discard="1" dealt="1" sum="80"/>
<action no="6" player="Rakki" type="7" sum="3"/>
</round>
<round no="2"><cards type="Flop">CJ HA SJ</cards>
</round>
<round no="3"><cards type="Turn">S9</cards>
</round>
<round no="4"><cards type="River">H6</cards>
</round>
</game>
</session>
