<?xml version="1.0" encoding="UTF-8"?>
<session sessioncode="5053437608">
<general>
<client_version>25.1.1.16</client_version>
<mode>real</mode>
<gametype>Holdem NL</gametype>
<tablename>Twister €100 SNG, 815757090</tablename>
<tournamentcode>815757089</tournamentcode>
<tournamentname>Twister €100 SNG</tournamentname>
<buyin>€0 + €7 + €93</buyin>
<totalbuyin>€100</totalbuyin>
<rewarddrawn>€200</rewarddrawn>
<tournamentcurrency>EUR</tournamentcurrency>
<currency>EUR</currency>
<nickname>Rakki</nickname>
<gamecount>23</gamecount>
<startdate>2025-08-14 00:54:08</startdate>
<place>2</place>
<win>€0</win>
<tablesize>3</tablesize>
</general>
<game gamecode="6452908596"><general><startdate>2025-08-14 00:54:23</startdate>
<round>1</round>
<failsafecounter/>
<players><player seat="6" name="Rakki" chips="500" dealer="0" win="0" bet="40" muck="1" rebuy="0" addon="0" merge="0" rebuychips="0" reg_code="5053437608"/>
<player seat="10" name="OndaBianca1" chips="500" dealer="1" win="0" bet="0" muck="1" rebuy="0" addon="0" merge="0" rebuychips="0" reg_code="5053438184"/>
<player seat="3" name="Nonloso6" chips="500" dealer="0" win="80" bet="120" muck="1" rebuy="0" addon="0" merge="0" rebuychips="0" reg_code="5053437990"/>
</players>
</general>
<round no="0"><action no="1" player="Nonloso6" type="1" discard="1" dealt="1" sum="10"/>
<action no="2" player="Rakki" type="2" sum="20"/>
</round>
<round no="1"><cards type="Pocket" player="Rakki">CJ C6</cards>
<cards type="Pocket" player="OndaBianca1">X X</cards>
<cards type="Pocket" player="Nonloso6">X X</cards>
<action no="3" player="OndaBianca1" type="0" discard="1" dealt="1" sum="0"/>
<action no="4" player="Nonloso6" type="3" discard="1" dealt="1" sum="10"/>
<action no="5" player="Rakki" type="4" sum="0"/>
</round>
<round no="2"><cards type="Flop">S8 DJ SA</cards>
<action no="6" player="Nonloso6" type="5" discard="1" dealt="1" sum="20"/>
<action no="7" player="Rakki" type="3" sum="20"/>
</round>
<round no="3"><cards type="Turn">C10</cards>
<action no="8" player="Nonloso6" type="5" discard="1" dealt="1" sum="80"/>
<action no="9" player="Rakki" type="0" sum="0"/>
</round>
</game>
<game gamecode="6452908641"><general><startdate>2025-08-14 00:54:49</startdate>
<round>1</round>
<failsafecounter/>
<players><player seat="10" name="OndaBianca1" chips="500" dealer="0" win="0" bet="20" muck="1" rebuy="0" addon="0" merge="0" rebuychips="0" reg_code="5053438184"/>
<player seat="3" name="Nonloso6" chips="540" dealer="1" win="0" bet="0" muck="1" rebuy="0" addon="0" merge="0" rebuychips="0" reg_code="5053437990"/>
<player seat="6" name="Rakki" chips="460" dealer="0" win="40" bet="40" muck="1" rebuy="0" addon="0" merge="0" rebuychips="0" reg_code="5053437608"/>
</players>
</general>
<round no="0"><action no="1" player="Rakki" type="1" sum="10"/>
<action no="2" player="OndaBianca1" type="2" discard="1" dealt="1" sum="20"/>
</round>
<round no="1"><cards type="Pocket" player="Rakki">H5 C8</cards>
<cards type="Pocket" player="OndaBianca1">X X</cards>
<cards type="Pocket" player="Nonloso6">X X</cards>
<action no="3" player="Nonloso6" type="0" discard="1" dealt="1" sum="0"/>
<action no="4" player="Rakki" type="3" sum="10"/>
<action no="5" player="OndaBianca1" type="4" discard="1" dealt="1" sum="0"/>
</round>
<round no="2"><cards type="Flop">HK H8 D4</cards>
<action no="6" player="Rakki" type="4" sum="0"/>
<action no="7" player="OndaBianca1" type="4" discard="1" dealt="1" sum="0"/>
</round>
<round no="3"><cards type="Turn">S9</cards>
<action no="8" player="Rakki" type="4" sum="0"/>
<action no="9" player="OndaBianca1" type="4" discard="1" dealt="1" sum="0"/>
</round>
<round no="4"><cards type="River">SK</cards>
<action no="10" player="Rakki" type="5" sum="20"/>
<action no="11" player="OndaBianca1" type="0" discard="1" dealt="1" sum="0"/>
</round>
</game>
<game gamecode="6452908702"><general><startdate>2025-08-14 00:55:24</startdate>
<round>1</round>
<failsafecounter/>
<players><player seat="3" name="Nonloso6" chips="540" dealer="0" win="0" bet="20" muck="1" rebuy="0" addon="0" merge="0" rebuychips="0" reg_code="5053437990"/>
<player seat="6" name="Rakki" chips="480" dealer="1" win="0" bet="0" muck="1" rebuy="0" addon="0" merge="0" rebuychips="0" reg_code="5053437608"/>
<player seat="10" name="OndaBianca1" chips="480" dealer="0" win="40" bet="60" muck="1" rebuy="0" addon="0" merge="0" rebuychips="0" reg_code="5053438184"/>
</players>
</general>
<round no="0"><action no="1" player="OndaBianca1" type="1" discard="1" dealt="1" sum="10"/>
<action no="2" player="Nonloso6" type="2" discard="1" dealt="1" sum="20"/>
</round>
<round no="1"><cards type="Pocket" player="Rakki">DK C7</cards>
<cards type="Pocket" player="OndaBianca1">X X</cards>
<cards type="Pocket" player="Nonloso6">X X</cards>
<action no="3" player="Rakki" type="0" sum="0"/>
<action no="4" player="OndaBianca1" type="23" discard="1" dealt="1" sum="60"/>
<action no="5" player="Nonloso6" type="0" discard="1" dealt="1" sum="0"/>
</round>
</game>
<game gamecode="6452908738"><general><startdate>2025-08-14 00:55:45</startdate>
<round>1</round>
<failsafecounter/>
<players><player seat="6" name="Rakki" chips="480" dealer="0" win="120" bet="80" muck="1" rebuy="0" addon="0" merge="0" rebuychips="0" reg_code="5053437608"/>
<player seat="10" name="OndaBianca1" chips="500" dealer="1" win="0" bet="0" muck="1" rebuy="0" addon="0" merge="0" rebuychips="0" reg_code="5053438184"/>
<player seat="3" name="Nonloso6" chips="520" dealer="0" win="0" bet="60" muck="1" rebuy="0" addon="0" merge="0" rebuychips="0" reg_code="5053437990"/>
</players>
</general>
<round no="0"><action no="1" player="Nonloso6" type="1" discard="1" dealt="1" sum="10"/>
<action no="2" player="Rakki" type="2" sum="20"/>
</round>
<round no="1"><cards type="Pocket" player="Rakki">H10 D9</cards>
<cards type="Pocket" player="OndaBianca1">X X</cards>
<cards type="Pocket" player="Nonloso6">X X</cards>
<action no="3" player="OndaBianca1" type="0" discard="1" dealt="1" sum="0"/>
<action no="4" player="Nonloso6" type="23" discard="1" dealt="1" sum="60"/>
<action no="5" player="Rakki" type="3" sum="40"/>
</round>
<round no="2"><cards type="Flop">D7 C2 S7</cards>
<action no="6" player="Nonloso6" type="4" discard="1" dealt="1" sum="0"/>
<action no="7" player="Rakki" type="5" sum="20"/>
<action no="8" player="Nonloso6" type="0" discard="1" dealt="1" sum="0"/>
</round>
</game>
<game gamecode="6452916274"><general><startdate>2025-08-14 00:56:14</startdate>
<round>1</round>
<failsafecounter/>
<players><player seat="10" name="OndaBianca1" chips="500" dealer="0" win="940" bet="460" muck="0" rebuy="0" addon="0" merge="0" rebuychips="0" reg_code="5053438184"/>
<player seat="3" name="Nonloso6" chips="460" dealer="1" win="0" bet="460" muck="0" rebuy="0" addon="0" merge="0" rebuychips="0" reg_code="5053437990"/>
<player seat="6" name="Rakki" chips="540" dealer="0" win="0" bet="20" muck="1" rebuy="0" addon="0" merge="0" rebuychips="0" reg_code="5053437608"/>
</players>
</general>
<round no="0"><action no="1" player="Rakki" type="15" sum="5"/>
<action no="2" player="OndaBianca1" type="15" discard="1" dealt="1" sum="5"/>
<action no="3" player="Nonloso6" type="15" discard="1" dealt="1" sum="5"/>
<action no="4" player="Rakki" type="1" sum="15"/>
<action no="5" player="OndaBianca1" type="2" discard="1" dealt="1" sum="30"/>
</round>
<round no="1"><cards type="Pocket" player="Nonloso6">DK D7</cards>
<cards type="Pocket" player="Rakki">C10 C7</cards>
<cards type="Pocket" player="OndaBianca1">SA S7</cards>
<action no="6" player="Nonloso6" type="23" discard="1" dealt="1" sum="455"/>
<action no="7" player="Rakki" type="0" sum="0"/>
<action no="8" player="OndaBianca1" type="3" discard="1" dealt="1" sum="425"/>
</round>
<round no="2"><cards type="Flop">C4 C5 S3</cards>
</round>
<round no="3"><cards type="Turn">H5</cards>
</round>
<round no="4"><cards type="River">CA</cards>
</round>
</game>
<game gamecode="6452916315"><general><startdate>2025-08-14 00:56:36</startdate>
<round>1</round>
<failsafecounter/>
<players><player seat="10" name="OndaBianca1" chips="980" dealer="0" win="70" bet="980" muck="1" rebuy="0" addon="0" merge="0" rebuychips="0" reg_code="5053438184"/>
<player seat="6" name="Rakki" chips="520" dealer="1" win="0" bet="35" muck="1" rebuy="0" addon="0" merge="0" rebuychips="0" reg_code="5053437608"/>
</players>
</general>
<round no="0"><action no="1" player="Rakki" type="15" sum="5"/>
<action no="2" player="OndaBianca1" type="15" discard="1" dealt="1" sum="5"/>
<action no="3" player="Rakki" type="1" sum="15"/>
<action no="4" player="OndaBianca1" type="2" discard="1" dealt="1" sum="30"/>
</round>
<round no="1"><cards type="Pocket" player="OndaBianca1">X X</cards>
<cards type="Pocket" player="Rakki">C5 D7</cards>
<action no="5" player="Rakki" type="3" sum="15"/>
<action no="6" player="OndaBianca1" type="23" discard="1" dealt="1" sum="975"/>
<action no="7" player="Rakki" type="0" sum="0"/>
</round>
</game>
<game gamecode="6452916333"><general><startdate>2025-08-14 00:56:45</startdate>
<round>1</round>
<failsafecounter/>
<players><player seat="6" name="Rakki" chips="485" dealer="0" win="70" bet="155" muck="1" rebuy="0" addon="0" merge="0" rebuychips="0" reg_code="5053437608"/>
<player seat="10" name="OndaBianca1" chips="1,015" dealer="1" win="0" bet="35" muck="1" rebuy="0" addon="0" merge="0" rebuychips="0" reg_code="5053438184"/>
</players>
</general>
<round no="0"><action no="1" player="OndaBianca1" type="15" discard="1" dealt="1" sum="5"/>
<action no="2" player="Rakki" type="15" sum="5"/>
<action no="3" player="OndaBianca1" type="1" discard="1" dealt="1" sum="15"/>
<action no="4" player="Rakki" type="2" sum="30"/>
</round>
<round no="1"><cards type="Pocket" player="OndaBianca1">X X</cards>
<cards type="Pocket" player="Rakki">HQ D7</cards>
<action no="5" player="OndaBianca1" type="3" discard="1" dealt="1" sum="15"/>
<action no="6" player="Rakki" type="4" sum="0"/>
</round>
<round no="2"><cards type="Flop">C10 C3 C8</cards>
<action no="7" player="Rakki" type="4" sum="0"/>
<action no="8" player="OndaBianca1" type="4" discard="1" dealt="1" sum="0"/>
</round>
<round no="3"><cards type="Turn">H5</cards>
<action no="9" player="Rakki" type="4" sum="0"/>
<action no="10" player="OndaBianca1" type="4" discard="1" dealt="1" sum="0"/>
</round>
<round no="4"><cards type="River">S9</cards>
<action no="11" player="Rakki" type="5" sum="120"/>
<action no="12" player="OndaBianca1" type="0" discard="1" dealt="1" sum="0"/>
</round>
</game>
<game gamecode="6452916386"><general><startdate>2025-08-14 00:57:12</startdate>
<round>1</round>
<failsafecounter/>
<players><player seat="10" name="OndaBianca1" chips="980" dealer="0" win="0" bet="65" muck="1" rebuy="0" addon="0" merge="0" rebuychips="0" reg_code="5053438184"/>
<player seat="6" name="Rakki" chips="520" dealer="1" win="130" bet="185" muck="1" rebuy="0" addon="0" merge="0" rebuychips="0" reg_code="5053437608"/>
</players>
</general>
<round no="0"><action no="1" player="Rakki" type="15" sum="5"/>
<action no="2" player="OndaBianca1" type="15" discard="1" dealt="1" sum="5"/>
<action no="3" player="Rakki" type="1" sum="15"/>
<action no="4" player="OndaBianca1" type="2" discard="1" dealt="1" sum="30"/>
</round>
<round no="1"><cards type="Pocket" player="Rakki">SJ DA</cards>
<cards type="Pocket" player="OndaBianca1">X X</cards>
<action no="5" player="Rakki" type="3" sum="15"/>
<action no="6" player="OndaBianca1" type="4" discard="1" dealt="1" sum="0"/>
</round>
<round no="2"><cards type="Flop">S2 H8 SA</cards>
<action no="7" player="OndaBianca1" type="4" discard="1" dealt="1" sum="0"/>
<action no="8" player="Rakki" type="5" sum="30"/>
<action no="9" player="OndaBianca1" type="3" discard="1" dealt="1" sum="30"/>
</round>
<round no="3"><cards type="Turn">HJ</cards>
<action no="10" player="OndaBianca1" type="4" discard="1" dealt="1" sum="0"/>
<action no="11" player="Rakki" type="5" sum="120"/>
<action no="12" player="OndaBianca1" type="0" discard="1" dealt="1" sum="0"/>
</round>
</game>
<game gamecode="6452916457"><general><startdate>2025-08-14 00:57:57</startdate>
<round>1</round>
<failsafecounter/>
<players><player seat="6" name="Rakki" chips="585" dealer="0" win="1,170" bet="585" muck="0" rebuy="0" addon="0" merge="0" rebuychips="0" reg_code="5053437608"/>
<player seat="10" name="OndaBianca1" chips="915" dealer="1" win="0" bet="585" muck="1" rebuy="0" addon="0" merge="0" rebuychips="0" reg_code="5053438184"/>
</players>
</general>
<round no="0"><action no="1" player="OndaBianca1" type="15" discard="1" dealt="1" sum="5"/>
<action no="2" player="Rakki" type="15" sum="5"/>
<action no="3" player="OndaBianca1" type="1" discard="1" dealt="1" sum="20"/>
<action no="4" player="Rakki" type="2" sum="40"/>
</round>
<round no="1"><cards type="Pocket" player="Rakki">CK S9</cards>
<cards type="Pocket" player="OndaBianca1">H7 C7</cards>
<action no="5" player="OndaBianca1" type="3" discard="1" dealt="1" sum="20"/>
<action no="6" player="Rakki" type="23" sum="100"/>
<action no="7" player="OndaBianca1" type="3" discard="1" dealt="1" sum="60"/>
</round>
<round no="2"><cards type="Flop">D10 H9 C3</cards>
<action no="8" player="Rakki" type="5" sum="52"/>
<action no="9" player="OndaBianca1" type="3" discard="1" dealt="1" sum="52"/>
</round>
<round no="3"><cards type="Turn">D6</cards>
<action no="10" player="Rakki" type="4" sum="0"/>
<action no="11" player="OndaBianca1" type="4" discard="1" dealt="1" sum="0"/>
</round>
<round no="4"><cards type="River">H10</cards>
<action no="12" player="Rakki" type="5" sum="428"/>
<action no="13" player="OndaBianca1" type="3" discard="1" dealt="1" sum="428"/>
</round>
</game>
<game gamecode="6452916540"><general><startdate>2025-08-14 00:58:43</startdate>
<round>1</round>
<failsafecounter/>
<players><player seat="10" name="OndaBianca1" chips="330" dealer="0" win="50" bet="45" muck="1" rebuy="0" addon="0" merge="0" rebuychips="0" reg_code="5053438184"/>
<player seat="6" name="Rakki" chips="1,170" dealer="1" win="0" bet="25" muck="1" rebuy="0" addon="0" merge="0" rebuychips="0" reg_code="5053437608"/>
</players>
</general>
<round no="0"><action no="1" player="Rakki" type="15" sum="5"/>
<action no="2" player="OndaBianca1" type="15" discard="1" dealt="1" sum="5"/>
<action no="3" player="Rakki" type="1" sum="20"/>
<action no="4" player="OndaBianca1" type="2" discard="1" dealt="1" sum="40"/>
</round>
<round no="1"><cards type="Pocket" player="OndaBianca1">X X</cards>
<cards type="Pocket" player="Rakki">C6 H3</cards>
<action no="5" player="Rakki" type="0" sum="0"/>
</round>
</game>
<game gamecode="6452916553"><general><startdate>2025-08-14 00:58:49</startdate>
<round>1</round>
<failsafecounter/>
<players><player seat="6" name="Rakki" chips="1,145" dealer="0" win="0" bet="45" muck="1" rebuy="0" addon="0" merge="0" rebuychips="0" reg_code="5053437608"/>
<player seat="10" name="OndaBianca1" chips="355" dealer="1" win="90" bet="355" muck="1" rebuy="0" addon="0" merge="0" rebuychips="0" reg_code="5053438184"/>
</players>
</general>
<round no="0"><action no="1" player="OndaBianca1" type="15" discard="1" dealt="1" sum="5"/>
<action no="2" player="Rakki" type="15" sum="5"/>
<action no="3" player="OndaBianca1" type="1" discard="1" dealt="1" sum="20"/>
<action no="4" player="Rakki" type="2" sum="40"/>
</round>
<round no="1"><cards type="Pocket" player="Rakki">H4 C9</cards>
<cards type="Pocket" player="OndaBianca1">X X</cards>
<action no="5" player="OndaBianca1" type="23" discard="1" dealt="1" sum="350"/>
<action no="6" player="Rakki" type="0" sum="0"/>
</round>
</game>
<game gamecode="6452916571"><general><startdate>2025-08-14 00:58:57</startdate>
<round>1</round>
<failsafecounter/>
<players><player seat="10" name="OndaBianca1" chips="400" dealer="0" win="0" bet="45" muck="1" rebuy="0" addon="0" merge="0" rebuychips="0" reg_code="5053438184"/>
<player seat="6" name="Rakki" chips="1,100" dealer="1" win="90" bet="85" muck="1" rebuy="0" addon="0" merge="0" rebuychips="0" reg_code="5053437608"/>
</players>
</general>
<round no="0"><action no="1" player="Rakki" type="15" sum="5"/>
<action no="2" player="OndaBianca1" type="15" discard="1" dealt="1" sum="5"/>
<action no="3" player="Rakki" type="1" sum="20"/>
<action no="4" player="OndaBianca1" type="2" discard="1" dealt="1" sum="40"/>
</round>
<round no="1"><cards type="Pocket" player="OndaBianca1">X X</cards>
<cards type="Pocket" player="Rakki">HK H9</cards>
<action no="5" player="Rakki" type="3" sum="20"/>
<action no="6" player="OndaBianca1" type="4" discard="1" dealt="1" sum="0"/>
</round>
<round no="2"><cards type="Flop">S10 HA S5</cards>
<action no="7" player="OndaBianca1" type="4" discard="1" dealt="1" sum="0"/>
<action no="8" player="Rakki" type="5" sum="40"/>
<action no="9" player="OndaBianca1" type="0" discard="1" dealt="1" sum="0"/>
</round>
</game>
<game gamecode="6452916604"><general><startdate>2025-08-14 00:59:15</startdate>
<round>1</round>
<failsafecounter/>
<players><player seat="6" name="Rakki" chips="1,145" dealer="0" win="0" bet="45" muck="1" rebuy="0" addon="0" merge="0" rebuychips="0" reg_code="5053437608"/>
<player seat="10" name="OndaBianca1" chips="355" dealer="1" win="90" bet="85" muck="1" rebuy="0" addon="0" merge="0" rebuychips="0" reg_code="5053438184"/>
</players>
</general>
<round no="0"><action no="1" player="OndaBianca1" type="15" discard="1" dealt="1" sum="5"/>
<action no="2" player="Rakki" type="15" sum="5"/>
<action no="3" player="OndaBianca1" type="1" discard="1" dealt="1" sum="20"/>
<action no="4" player="Rakki" type="2" sum="40"/>
</round>
<round no="1"><cards type="Pocket" player="OndaBianca1">X X</cards>
<cards type="Pocket" player="Rakki">C6 C5</cards>
<action no="5" player="OndaBianca1" type="3" discard="1" dealt="1" sum="20"/>
<action no="6" player="Rakki" type="4" sum="0"/>
</round>
<round no="2"><cards type="Flop">SQ SA D7</cards>
<action no="7" player="Rakki" type="4" sum="0"/>
<action no="8" player="OndaBianca1" type="5" discard="1" dealt="1" sum="40"/>
<action no="9" player="Rakki" type="0" sum="0"/>
</round>
</game>
<game gamecode="6452916624"><general><startdate>2025-08-14 00:59:27</startdate>
<round>1</round>
<failsafecounter/>
<players><player seat="10" name="OndaBianca1" chips="400" dealer="0" win="0" bet="65" muck="1" rebuy="0" addon="0" merge="0" rebuychips="0" reg_code="5053438184"/>
<player seat="6" name="Rakki" chips="1,100" dealer="1" win="130" bet="1,100" muck="1" rebuy="0" addon="0" merge="0" rebuychips="0" reg_code="5053437608"/>
</players>
</general>
<round no="0"><action no="1" player="Rakki" type="15" sum="5"/>
<action no="2" player="OndaBianca1" type="15" discard="1" dealt="1" sum="5"/>
<action no="3" player="Rakki" type="1" sum="30"/>
<action no="4" player="OndaBianca1" type="2" discard="1" dealt="1" sum="60"/>
</round>
<round no="1"><cards type="Pocket" player="OndaBianca1">X X</cards>
<cards type="Pocket" player="Rakki">S7 SJ</cards>
<action no="5" player="Rakki" type="23" sum="1,095"/>
<action no="6" player="OndaBianca1" type="0" discard="1" dealt="1" sum="0"/>
</round>
</game>
<game gamecode="6452916639"><general><startdate>2025-08-14 00:59:34</startdate>
<round>1</round>
<failsafecounter/>
<players><player seat="6" name="Rakki" chips="1,165" dealer="0" win="0" bet="65" muck="1" rebuy="0" addon="0" merge="0" rebuychips="0" reg_code="5053437608"/>
<player seat="10" name="OndaBianca1" chips="335" dealer="1" win="130" bet="335" muck="1" rebuy="0" addon="0" merge="0" rebuychips="0" reg_code="5053438184"/>
</players>
</general>
<round no="0"><action no="1" player="OndaBianca1" type="15" discard="1" dealt="1" sum="5"/>
<action no="2" player="Rakki" type="15" sum="5"/>
<action no="3" player="OndaBianca1" type="1" discard="1" dealt="1" sum="30"/>
<action no="4" player="Rakki" type="2" sum="60"/>
</round>
<round no="1"><cards type="Pocket" player="OndaBianca1">X X</cards>
<cards type="Pocket" player="Rakki">S2 S3</cards>
<action no="5" player="OndaBianca1" type="23" discard="1" dealt="1" sum="330"/>
<action no="6" player="Rakki" type="0" sum="0"/>
</round>
</game>
<game gamecode="6452916651"><general><startdate>2025-08-14 00:59:41</startdate>
<round>1</round>
<failsafecounter/>
<players><player seat="10" name="OndaBianca1" chips="400" dealer="0" win="0" bet="65" muck="1" rebuy="0" addon="0" merge="0" rebuychips="0" reg_code="5053438184"/>
<player seat="6" name="Rakki" chips="1,100" dealer="1" win="130" bet="1,100" muck="1" rebuy="0" addon="0" merge="0" rebuychips="0" reg_code="5053437608"/>
</players>
</general>
<round no="0"><action no="1" player="Rakki" type="15" sum="5"/>
<action no="2" player="OndaBianca1" type="15" discard="1" dealt="1" sum="5"/>
<action no="3" player="Rakki" type="1" sum="30"/>
<action no="4" player="OndaBianca1" type="2" discard="1" dealt="1" sum="60"/>
</round>
<round no="1"><cards type="Pocket" player="Rakki">DJ C10</cards>
<cards type="Pocket" player="OndaBianca1">X X</cards>
<action no="5" player="Rakki" type="23" sum="1,095"/>
<action no="6" player="OndaBianca1" type="0" discard="1" dealt="1" sum="0"/>
</round>
</game>
<game gamecode="6452916658"><general><startdate>2025-08-14 00:59:47</startdate>
<round>1</round>
<failsafecounter/>
<players><player seat="6" name="Rakki" chips="1,165" dealer="0" win="0" bet="335" muck="1" rebuy="0" addon="0" merge="0" rebuychips="0" reg_code="5053437608"/>
<player seat="10" name="OndaBianca1" chips="335" dealer="1" win="670" bet="335" muck="0" rebuy="0" addon="0" merge="0" rebuychips="0" reg_code="5053438184"/>
</players>
</general>
<round no="0"><action no="1" player="OndaBianca1" type="15" discard="1" dealt="1" sum="5"/>
<action no="2" player="Rakki" type="15" sum="5"/>
<action no="3" player="OndaBianca1" type="1" discard="1" dealt="1" sum="30"/>
<action no="4" player="Rakki" type="2" sum="60"/>
</round>
<round no="1"><cards type="Pocket" player="Rakki">H9 DK</cards>
<cards type="Pocket" player="OndaBianca1">SQ HA</cards>
<action no="5" player="OndaBianca1" type="23" discard="1" dealt="1" sum="330"/>
<action no="6" player="Rakki" type="3" sum="270"/>
</round>
<round no="2"><cards type="Flop">SA C5 H7</cards>
</round>
<round no="3"><cards type="Turn">H4</cards>
</round>
<round no="4"><cards type="River">C9</cards>
</round>
</game>
<game gamecode="6452916680"><general><startdate>2025-08-14 01:00:02</startdate>
<round>1</round>
<failsafecounter/>
<players><player seat="10" name="OndaBianca1" chips="670" dealer="0" win="130" bet="670" muck="1" rebuy="0" addon="0" merge="0" rebuychips="0" reg_code="5053438184"/>
<player seat="6" name="Rakki" chips="830" dealer="1" win="0" bet="65" muck="1" rebuy="0" addon="0" merge="0" rebuychips="0" reg_code="5053437608"/>
</players>
</general>
<round no="0"><action no="1" player="Rakki" type="15" sum="5"/>
<action no="2" player="OndaBianca1" type="15" discard="1" dealt="1" sum="5"/>
<action no="3" player="Rakki" type="1" sum="30"/>
<action no="4" player="OndaBianca1" type="2" discard="1" dealt="1" sum="60"/>
</round>
<round no="1"><cards type="Pocket" player="OndaBianca1">X X</cards>
<cards type="Pocket" player="Rakki">H10 H2</cards>
<action no="5" player="Rakki" type="3" sum="30"/>
<action no="6" player="OndaBianca1" type="23" discard="1" dealt="1" sum="665"/>
<action no="7" player="Rakki" type="0" sum="0"/>
</round>
</game>
<game gamecode="6452916692"><general><startdate>2025-08-14 01:00:09</startdate>
<round>1</round>
<failsafecounter/>
<players><player seat="6" name="Rakki" chips="765" dealer="0" win="130" bet="765" muck="1" rebuy="0" addon="0" merge="0" rebuychips="0" reg_code="5053437608"/>
<player seat="10" name="OndaBianca1" chips="735" dealer="1" win="0" bet="65" muck="1" rebuy="0" addon="0" merge="0" rebuychips="0" reg_code="5053438184"/>
</players>
</general>
<round no="0"><action no="1" player="OndaBianca1" type="15" discard="1" dealt="1" sum="5"/>
<action no="2" player="Rakki" type="15" sum="5"/>
<action no="3" player="OndaBianca1" type="1" discard="1" dealt="1" sum="30"/>
<action no="4" player="Rakki" type="2" sum="60"/>
</round>
<round no="1"><cards type="Pocket" player="Rakki">SK CJ</cards>
<cards type="Pocket" player="OndaBianca1">X X</cards>
<action no="5" player="OndaBianca1" type="3" discard="1" dealt="1" sum="30"/>
<action no="6" player="Rakki" type="23" sum="760"/>
<action no="7" player="OndaBianca1" type="0" discard="1" dealt="1" sum="0"/>
</round>
</game>
<game gamecode="6452916716"><general><startdate>2025-08-14 01:00:26</startdate>
<round>1</round>
<failsafecounter/>
<players><player seat="10" name="OndaBianca1" chips="670" dealer="0" win="130" bet="155" muck="1" rebuy="0" addon="0" merge="0" rebuychips="0" reg_code="5053438184"/>
<player seat="6" name="Rakki" chips="830" dealer="1" win="0" bet="65" muck="1" rebuy="0" addon="0" merge="0" rebuychips="0" reg_code="5053437608"/>
</players>
</general>
<round no="0"><action no="1" player="Rakki" type="15" sum="5"/>
<action no="2" player="OndaBianca1" type="15" discard="1" dealt="1" sum="5"/>
<action no="3" player="Rakki" type="1" sum="30"/>
<action no="4" player="OndaBianca1" type="2" discard="1" dealt="1" sum="60"/>
</round>
<round no="1"><cards type="Pocket" player="OndaBianca1">X X</cards>
<cards type="Pocket" player="Rakki">D5 H8</cards>
<action no="5" player="Rakki" type="3" sum="30"/>
<action no="6" player="OndaBianca1" type="23" discard="1" dealt="1" sum="150"/>
<action no="7" player="Rakki" type="0" sum="0"/>
</round>
</game>
<game gamecode="6452916735"><general><startdate>2025-08-14 01:00:40</startdate>
<round>1</round>
<failsafecounter/>
<players><player seat="6" name="Rakki" chips="765" dealer="0" win="310" bet="232" muck="1" rebuy="0" addon="0" merge="0" rebuychips="0" reg_code="5053437608"/>
<player seat="10" name="OndaBianca1" chips="735" dealer="1" win="0" bet="155" muck="1" rebuy="0" addon="0" merge="0" rebuychips="0" reg_code="5053438184"/>
</players>
</general>
<round no="0"><action no="1" player="OndaBianca1" type="15" discard="1" dealt="1" sum="5"/>
<action no="2" player="Rakki" type="15" sum="5"/>
<action no="3" player="OndaBianca1" type="1" discard="1" dealt="1" sum="30"/>
<action no="4" player="Rakki" type="2" sum="60"/>
</round>
<round no="1"><cards type="Pocket" player="Rakki">SK C9</cards>
<cards type="Pocket" player="OndaBianca1">X X</cards>
<action no="5" player="OndaBianca1" type="3" discard="1" dealt="1" sum="30"/>
<action no="6" player="Rakki" type="23" sum="150"/>
<action no="7" player="OndaBianca1" type="3" discard="1" dealt="1" sum="90"/>
</round>
<round no="2"><cards type="Flop">H8 HQ S5</cards>
<action no="8" player="Rakki" type="5" sum="77"/>
<action no="9" player="OndaBianca1" type="0" discard="1" dealt="1" sum="0"/>
</round>
</game>
<game gamecode="6452916777"><general><startdate>2025-08-14 01:01:05</startdate>
<round>1</round>
<failsafecounter/>
<players><player seat="10" name="OndaBianca1" chips="580" dealer="0" win="1,160" bet="580" muck="0" rebuy="0" addon="0" merge="0" rebuychips="0" reg_code="5053438184"/>
<player seat="6" name="Rakki" chips="920" dealer="1" win="0" bet="920" muck="1" rebuy="0" addon="0" merge="0" rebuychips="0" reg_code="5053437608"/>
</players>
</general>
<round no="0"><action no="1" player="Rakki" type="15" sum="8"/>
<action no="2" player="OndaBianca1" type="15" discard="1" dealt="1" sum="8"/>
<action no="3" player="Rakki" type="1" sum="40"/>
<action no="4" player="OndaBianca1" type="2" discard="1" dealt="1" sum="80"/>
</round>
<round no="1"><cards type="Pocket" player="Rakki">H5 H9</cards>
<cards type="Pocket" player="OndaBianca1">D10 SQ</cards>
<action no="5" player="Rakki" type="23" sum="912"/>
<action no="6" player="OndaBianca1" type="7" discard="1" dealt="1" sum="492"/>
</round>
<round no="2"><cards type="Flop">DK HJ H3</cards>
</round>
<round no="3"><cards type="Turn">CA</cards>
</round>
<round no="4"><cards type="River">C9</cards>
</round>
</game>
<game gamecode="6452916807"><general><startdate>2025-08-14 01:01:21</startdate>
<round>1</round>
<failsafecounter/>
<players><player seat="6" name="Rakki" chips="340" dealer="0" win="0" bet="340" muck="0" rebuy="0" addon="0" merge="0" rebuychips="0" reg_code="5053437608"/>
<player seat="10" name="OndaBianca1" chips="1,160" dealer="1" win="680" bet="608" muck="0" rebuy="0" addon="0" merge="0" rebuychips="0" reg_code="5053438184"/>
</players>
</general>
<round no="0"><action no="1" player="OndaBianca1" type="15" discard="1" dealt="1" sum="8"/>
<action no="2" player="Rakki" type="15" sum="8"/>
<action no="3" player="OndaBianca1" type="1" discard="1" dealt="1" sum="40"/>
<action no="4" player="Rakki" type="2" sum="80"/>
</round>
<round no="1"><cards type="Pocket" player="Rakki">S9 SJ</cards>
<cards type="Pocket" player="OndaBianca1">SK CQ</cards>
<action no="5" player="OndaBianca1" type="23" discard="1" dealt="1" sum="600"/>
<action no="6" player="Rakki" type="7" sum="252"/>
</round>
<round no="2"><cards type="Flop">S4 H6 H8</cards>
</round>
<round no="3"><cards type="Turn">H2</cards>
</round>
<round no="4"><cards type="River">DQ</cards>
</round>
</game>
</session>
