<?xml version="1.0" encoding="UTF-8"?>
<session sessioncode="5053649267">
<general>
<client_version>25.1.1.16</client_version>
<mode>real</mode>
<gametype>Holdem NL</gametype>
<tablename>Twister €100 SNG, 815827449</tablename>
<tournamentcode>815827447</tournamentcode>
<tournamentname>Twister €100 SNG</tournamentname>
<buyin>€0 + €7 + €93</buyin>
<totalbuyin>€100</totalbuyin>
<rewarddrawn>€200</rewarddrawn>
<tournamentcurrency>EUR</tournamentcurrency>
<currency>EUR</currency>
<nickname>Rakki</nickname>
<gamecount>15</gamecount>
<startdate>2025-08-15 03:04:48</startdate>
<place>1</place>
<win>€200</win>
<tablesize>3</tablesize>
</general>
<game gamecode="6453800353"><general><startdate>2025-08-15 03:05:03</startdate>
<round>1</round>
<failsafecounter/>
<players><player seat="6" name="Redpassion96" chips="500" dealer="0" win="170" bet="140" muck="1" rebuy="0" addon="0" merge="0" rebuychips="0" reg_code="5053649175"/>
<player seat="10" name="Rakki" chips="500" dealer="1" win="0" bet="80" muck="1" rebuy="0" addon="0" merge="0" rebuychips="0" reg_code="5053649267"/>
<player seat="3" name="Tiuualex" chips="500" dealer="0" win="0" bet="10" muck="1" rebuy="0" addon="0" merge="0" rebuychips="0" reg_code="5053649112"/>
</players>
</general>
<round no="0"><action no="1" player="Tiuualex" type="1" discard="1" dealt="1" sum="10"/>
<action no="2" player="Redpassion96" type="2" discard="1" dealt="1" sum="20"/>
</round>
<round no="1"><cards type="Pocket" player="Rakki">S9 S10</cards>
<cards type="Pocket" player="Redpassion96">X X</cards>
<cards type="Pocket" player="Tiuualex">X X</cards>
<action no="3" player="Rakki" type="23" sum="40"/>
<action no="4" player="Tiuualex" type="0" discard="1" dealt="1" sum="0"/>
<action no="5" player="Redpassion96" type="23" discard="1" dealt="1" sum="80"/>
<action no="6" player="Rakki" type="3" sum="40"/>
</round>
<round no="2"><cards type="Flop">H2 SQ H6</cards>
<action no="7" player="Redpassion96" type="5" discard="1" dealt="1" sum="60"/>
<action no="8" player="Rakki" type="0" sum="0"/>
</round>
</game>
<game gamecode="6453806659"><general><startdate>2025-08-15 03:05:33</startdate>
<round>1</round>
<failsafecounter/>
<players><player seat="10" name="Rakki" chips="420" dealer="0" win="840" bet="420" muck="0" rebuy="0" addon="0" merge="0" rebuychips="0" reg_code="5053649267"/>
<player seat="3" name="Tiuualex" chips="490" dealer="1" win="0" bet="0" muck="1" rebuy="0" addon="0" merge="0" rebuychips="0" reg_code="5053649112"/>
<player seat="6" name="Redpassion96" chips="590" dealer="0" win="0" bet="590" muck="1" rebuy="0" addon="0" merge="0" rebuychips="0" reg_code="5053649175"/>
</players>
</general>
<round no="0"><action no="1" player="Redpassion96" type="1" discard="1" dealt="1" sum="10"/>
<action no="2" player="Rakki" type="2" sum="20"/>
</round>
<round no="1"><cards type="Pocket" player="Rakki">D3 D4</cards>
<cards type="Pocket" player="Tiuualex">X X</cards>
<cards type="Pocket" player="Redpassion96">S5 D7</cards>
<action no="3" player="Tiuualex" type="0" discard="1" dealt="1" sum="0"/>
<action no="4" player="Redpassion96" type="3" discard="1" dealt="1" sum="10"/>
<action no="5" player="Rakki" type="4" sum="0"/>
</round>
<round no="2"><cards type="Flop">D8 CK D6</cards>
<action no="6" player="Redpassion96" type="5" discard="1" dealt="1" sum="40"/>
<action no="7" player="Rakki" type="3" sum="40"/>
</round>
<round no="3"><cards type="Turn">D2</cards>
<action no="8" player="Redpassion96" type="5" discard="1" dealt="1" sum="80"/>
<action no="9" player="Rakki" type="3" sum="80"/>
</round>
<round no="4"><cards type="River">H2</cards>
<action no="10" player="Redpassion96" type="5" discard="1" dealt="1" sum="450"/>
<action no="11" player="Rakki" type="7" sum="280"/>
</round>
</game>
<game gamecode="6453806684"><general><startdate>2025-08-15 03:06:09</startdate>
<round>1</round>
<failsafecounter/>
<players><player seat="3" name="Tiuualex" chips="490" dealer="0" win="0" bet="170" muck="1" rebuy="0" addon="0" merge="0" rebuychips="0" reg_code="5053649112"/>
<player seat="6" name="Redpassion96" chips="170" dealer="1" win="350" bet="170" muck="0" rebuy="0" addon="0" merge="0" rebuychips="0" reg_code="5053649175"/>
<player seat="10" name="Rakki" chips="840" dealer="0" win="0" bet="10" muck="1" rebuy="0" addon="0" merge="0" rebuychips="0" reg_code="5053649267"/>
</players>
</general>
<round no="0"><action no="1" player="Rakki" type="1" sum="10"/>
<action no="2" player="Tiuualex" type="2" discard="1" dealt="1" sum="20"/>
</round>
<round no="1"><cards type="Pocket" player="Tiuualex">SA H6</cards>
<cards type="Pocket" player="Redpassion96">SJ S3</cards>
<cards type="Pocket" player="Rakki">C3 D9</cards>
<action no="3" player="Redpassion96" type="23" discard="1" dealt="1" sum="170"/>
<action no="4" player="Rakki" type="0" sum="0"/>
<action no="5" player="Tiuualex" type="3" discard="1" dealt="1" sum="150"/>
</round>
<round no="2"><cards type="Flop">D4 H10 HJ</cards>
</round>
<round no="3"><cards type="Turn">S6</cards>
</round>
<round no="4"><cards type="River">S4</cards>
</round>
</game>
<game gamecode="6453806701"><general><startdate>2025-08-15 03:06:27</startdate>
<round>1</round>
<failsafecounter/>
<players><player seat="6" name="Redpassion96" chips="350" dealer="0" win="0" bet="350" muck="1" rebuy="0" addon="0" merge="0" rebuychips="0" reg_code="5053649175"/>
<player seat="10" name="Rakki" chips="830" dealer="1" win="710" bet="830" muck="0" rebuy="0" addon="0" merge="0" rebuychips="0" reg_code="5053649267"/>
<player seat="3" name="Tiuualex" chips="320" dealer="0" win="0" bet="10" muck="1" rebuy="0" addon="0" merge="0" rebuychips="0" reg_code="5053649112"/>
</players>
</general>
<round no="0"><action no="1" player="Tiuualex" type="1" discard="1" dealt="1" sum="10"/>
<action no="2" player="Redpassion96" type="2" discard="1" dealt="1" sum="20"/>
</round>
<round no="1"><cards type="Pocket" player="Redpassion96">DJ SQ</cards>
<cards type="Pocket" player="Rakki">DQ DA</cards>
<cards type="Pocket" player="Tiuualex">X X</cards>
<action no="3" player="Rakki" type="23" sum="40"/>
<action no="4" player="Tiuualex" type="0" discard="1" dealt="1" sum="0"/>
<action no="5" player="Redpassion96" type="23" discard="1" dealt="1" sum="60"/>
<action no="6" player="Rakki" type="23" sum="830"/>
<action no="7" player="Redpassion96" type="7" discard="1" dealt="1" sum="290"/>
</round>
<round no="2"><cards type="Flop">HQ D9 D8</cards>
</round>
<round no="3"><cards type="Turn">D7</cards>
</round>
<round no="4"><cards type="River">H6</cards>
</round>
</game>
<game gamecode="6453806719"><general><startdate>2025-08-15 03:06:49</startdate>
<round>1</round>
<failsafecounter/>
<players><player seat="10" name="Rakki" chips="1,190" dealer="0" win="310" bet="310" muck="0" rebuy="0" addon="0" merge="0" rebuychips="0" reg_code="5053649267"/>
<player seat="3" name="Tiuualex" chips="310" dealer="1" win="310" bet="310" muck="0" rebuy="0" addon="0" merge="0" rebuychips="0" reg_code="5053649112"/>
</players>
</general>
<round no="0"><action no="1" player="Tiuualex" type="15" discard="1" dealt="1" sum="5"/>
<action no="2" player="Rakki" type="15" sum="5"/>
<action no="3" player="Tiuualex" type="1" discard="1" dealt="1" sum="15"/>
<action no="4" player="Rakki" type="2" sum="30"/>
</round>
<round no="1"><cards type="Pocket" player="Rakki">SK S10</cards>
<cards type="Pocket" player="Tiuualex">D4 HA</cards>
<action no="5" player="Tiuualex" type="23" discard="1" dealt="1" sum="305"/>
<action no="6" player="Rakki" type="3" sum="275"/>
</round>
<round no="2"><cards type="Flop">SJ CJ DQ</cards>
</round>
<round no="3"><cards type="Turn">SQ</cards>
</round>
<round no="4"><cards type="River">CQ</cards>
</round>
</game>
<game gamecode="6453806735"><general><startdate>2025-08-15 03:07:07</startdate>
<round>1</round>
<failsafecounter/>
<players><player seat="3" name="Tiuualex" chips="310" dealer="0" win="40" bet="35" muck="1" rebuy="0" addon="0" merge="0" rebuychips="0" reg_code="5053649112"/>
<player seat="10" name="Rakki" chips="1,190" dealer="1" win="0" bet="20" muck="1" rebuy="0" addon="0" merge="0" rebuychips="0" reg_code="5053649267"/>
</players>
</general>
<round no="0"><action no="1" player="Rakki" type="15" sum="5"/>
<action no="2" player="Tiuualex" type="15" discard="1" dealt="1" sum="5"/>
<action no="3" player="Rakki" type="1" sum="15"/>
<action no="4" player="Tiuualex" type="2" discard="1" dealt="1" sum="30"/>
</round>
<round no="1"><cards type="Pocket" player="Rakki">H2 D5</cards>
<cards type="Pocket" player="Tiuualex">X X</cards>
<action no="5" player="Rakki" type="0" sum="0"/>
</round>
</game>
<game gamecode="6453806743"><general><startdate>2025-08-15 03:07:14</startdate>
<round>1</round>
<failsafecounter/>
<players><player seat="10" name="Rakki" chips="1,170" dealer="0" win="202" bet="151" muck="1" rebuy="0" addon="0" merge="0" rebuychips="0" reg_code="5053649267"/>
<player seat="3" name="Tiuualex" chips="330" dealer="1" win="0" bet="101" muck="1" rebuy="0" addon="0" merge="0" rebuychips="0" reg_code="5053649112"/>
</players>
</general>
<round no="0"><action no="1" player="Tiuualex" type="15" discard="1" dealt="1" sum="5"/>
<action no="2" player="Rakki" type="15" sum="5"/>
<action no="3" player="Tiuualex" type="1" discard="1" dealt="1" sum="15"/>
<action no="4" player="Rakki" type="2" sum="30"/>
</round>
<round no="1"><cards type="Pocket" player="Rakki">D3 CQ</cards>
<cards type="Pocket" player="Tiuualex">X X</cards>
<action no="5" player="Tiuualex" type="3" discard="1" dealt="1" sum="15"/>
<action no="6" player="Rakki" type="4" sum="0"/>
</round>
<round no="2"><cards type="Flop">H10 SQ DQ</cards>
<action no="7" player="Rakki" type="4" sum="0"/>
<action no="8" player="Tiuualex" type="5" discard="1" dealt="1" sum="30"/>
<action no="9" player="Rakki" type="23" sum="66"/>
<action no="10" player="Tiuualex" type="3" discard="1" dealt="1" sum="36"/>
</round>
<round no="3"><cards type="Turn">DJ</cards>
<action no="11" player="Rakki" type="5" sum="50"/>
<action no="12" player="Tiuualex" type="0" discard="1" dealt="1" sum="0"/>
</round>
</game>
<game gamecode="6453806770"><general><startdate>2025-08-15 03:08:03</startdate>
<round>1</round>
<failsafecounter/>
<players><player seat="3" name="Tiuualex" chips="229" dealer="0" win="40" bet="35" muck="1" rebuy="0" addon="0" merge="0" rebuychips="0" reg_code="5053649112"/>
<player seat="10" name="Rakki" chips="1,271" dealer="1" win="0" bet="20" muck="1" rebuy="0" addon="0" merge="0" rebuychips="0" reg_code="5053649267"/>
</players>
</general>
<round no="0"><action no="1" player="Rakki" type="15" sum="5"/>
<action no="2" player="Tiuualex" type="15" discard="1" dealt="1" sum="5"/>
<action no="3" player="Rakki" type="1" sum="15"/>
<action no="4" player="Tiuualex" type="2" discard="1" dealt="1" sum="30"/>
</round>
<round no="1"><cards type="Pocket" player="Tiuualex">X X</cards>
<cards type="Pocket" player="Rakki">S9 C5</cards>
<action no="5" player="Rakki" type="0" sum="0"/>
</round>
</game>
<game gamecode="6453806776"><general><startdate>2025-08-15 03:08:11</startdate>
<round>1</round>
<failsafecounter/>
<players><player seat="10" name="Rakki" chips="1,251" dealer="0" win="0" bet="249" muck="1" rebuy="0" addon="0" merge="0" rebuychips="0" reg_code="5053649267"/>
<player seat="3" name="Tiuualex" chips="249" dealer="1" win="498" bet="249" muck="0" rebuy="0" addon="0" merge="0" rebuychips="0" reg_code="5053649112"/>
</players>
</general>
<round no="0"><action no="1" player="Tiuualex" type="15" discard="1" dealt="1" sum="5"/>
<action no="2" player="Rakki" type="15" sum="5"/>
<action no="3" player="Tiuualex" type="1" discard="1" dealt="1" sum="15"/>
<action no="4" player="Rakki" type="2" sum="30"/>
</round>
<round no="1"><cards type="Pocket" player="Tiuualex">CA S6</cards>
<cards type="Pocket" player="Rakki">C8 C7</cards>
<action no="5" player="Tiuualex" type="23" discard="1" dealt="1" sum="244"/>
<action no="6" player="Rakki" type="3" sum="214"/>
</round>
<round no="2"><cards type="Flop">C3 S3 D2</cards>
</round>
<round no="3"><cards type="Turn">C5</cards>
</round>
<round no="4"><cards type="River">SQ</cards>
</round>
</game>
<game gamecode="6453806788"><general><startdate>2025-08-15 03:08:27</startdate>
<round>1</round>
<failsafecounter/>
<players><player seat="3" name="Tiuualex" chips="498" dealer="0" win="0" bet="45" muck="1" rebuy="0" addon="0" merge="0" rebuychips="0" reg_code="5053649112"/>
<player seat="10" name="Rakki" chips="1,002" dealer="1" win="90" bet="85" muck="1" rebuy="0" addon="0" merge="0" rebuychips="0" reg_code="5053649267"/>
</players>
</general>
<round no="0"><action no="1" player="Rakki" type="15" sum="5"/>
<action no="2" player="Tiuualex" type="15" discard="1" dealt="1" sum="5"/>
<action no="3" player="Rakki" type="1" sum="20"/>
<action no="4" player="Tiuualex" type="2" discard="1" dealt="1" sum="40"/>
</round>
<round no="1"><cards type="Pocket" player="Rakki">CA CQ</cards>
<cards type="Pocket" player="Tiuualex">X X</cards>
<action no="5" player="Rakki" type="3" sum="20"/>
<action no="6" player="Tiuualex" type="4" discard="1" dealt="1" sum="0"/>
</round>
<round no="2"><cards type="Flop">S4 CK H6</cards>
<action no="7" player="Tiuualex" type="4" discard="1" dealt="1" sum="0"/>
<action no="8" player="Rakki" type="5" sum="40"/>
<action no="9" player="Tiuualex" type="0" discard="1" dealt="1" sum="0"/>
</round>
</game>
<game gamecode="6453806797"><general><startdate>2025-08-15 03:08:44</startdate>
<round>1</round>
<failsafecounter/>
<players><player seat="10" name="Rakki" chips="1,047" dealer="0" win="0" bet="45" muck="1" rebuy="0" addon="0" merge="0" rebuychips="0" reg_code="5053649267"/>
<player seat="3" name="Tiuualex" chips="453" dealer="1" win="90" bet="453" muck="1" rebuy="0" addon="0" merge="0" rebuychips="0" reg_code="5053649112"/>
</players>
</general>
<round no="0"><action no="1" player="Tiuualex" type="15" discard="1" dealt="1" sum="5"/>
<action no="2" player="Rakki" type="15" sum="5"/>
<action no="3" player="Tiuualex" type="1" discard="1" dealt="1" sum="20"/>
<action no="4" player="Rakki" type="2" sum="40"/>
</round>
<round no="1"><cards type="Pocket" player="Tiuualex">X X</cards>
<cards type="Pocket" player="Rakki">C7 H4</cards>
<action no="5" player="Tiuualex" type="23" discard="1" dealt="1" sum="448"/>
<action no="6" player="Rakki" type="0" sum="0"/>
</round>
</game>
<game gamecode="6453806806"><general><startdate>2025-08-15 03:08:51</startdate>
<round>1</round>
<failsafecounter/>
<players><player seat="3" name="Tiuualex" chips="498" dealer="0" win="0" bet="125" muck="1" rebuy="0" addon="0" merge="0" rebuychips="0" reg_code="5053649112"/>
<player seat="10" name="Rakki" chips="1,002" dealer="1" win="250" bet="1,002" muck="1" rebuy="0" addon="0" merge="0" rebuychips="0" reg_code="5053649267"/>
</players>
</general>
<round no="0"><action no="1" player="Rakki" type="15" sum="5"/>
<action no="2" player="Tiuualex" type="15" discard="1" dealt="1" sum="5"/>
<action no="3" player="Rakki" type="1" sum="20"/>
<action no="4" player="Tiuualex" type="2" discard="1" dealt="1" sum="40"/>
</round>
<round no="1"><cards type="Pocket" player="Tiuualex">X X</cards>
<cards type="Pocket" player="Rakki">HK C10</cards>
<action no="5" player="Rakki" type="3" sum="20"/>
<action no="6" player="Tiuualex" type="23" discard="1" dealt="1" sum="120"/>
<action no="7" player="Rakki" type="23" sum="997"/>
<action no="8" player="Tiuualex" type="0" discard="1" dealt="1" sum="0"/>
</round>
</game>
<game gamecode="6453806812"><general><startdate>2025-08-15 03:09:03</startdate>
<round>1</round>
<failsafecounter/>
<players><player seat="10" name="Rakki" chips="1,127" dealer="0" win="90" bet="1,127" muck="1" rebuy="0" addon="0" merge="0" rebuychips="0" reg_code="5053649267"/>
<player seat="3" name="Tiuualex" chips="373" dealer="1" win="0" bet="45" muck="1" rebuy="0" addon="0" merge="0" rebuychips="0" reg_code="5053649112"/>
</players>
</general>
<round no="0"><action no="1" player="Tiuualex" type="15" discard="1" dealt="1" sum="5"/>
<action no="2" player="Rakki" type="15" sum="5"/>
<action no="3" player="Tiuualex" type="1" discard="1" dealt="1" sum="20"/>
<action no="4" player="Rakki" type="2" sum="40"/>
</round>
<round no="1"><cards type="Pocket" player="Rakki">H8 H7</cards>
<cards type="Pocket" player="Tiuualex">X X</cards>
<action no="5" player="Tiuualex" type="3" discard="1" dealt="1" sum="20"/>
<action no="6" player="Rakki" type="23" sum="1,122"/>
<action no="7" player="Tiuualex" type="0" discard="1" dealt="1" sum="0"/>
</round>
</game>
<game gamecode="6453806815"><general><startdate>2025-08-15 03:09:11</startdate>
<round>1</round>
<failsafecounter/>
<players><player seat="3" name="Tiuualex" chips="328" dealer="0" win="0" bet="127" muck="1" rebuy="0" addon="0" merge="0" rebuychips="0" reg_code="5053649112"/>
<player seat="10" name="Rakki" chips="1,172" dealer="1" win="254" bet="127" muck="0" rebuy="0" addon="0" merge="0" rebuychips="0" reg_code="5053649267"/>
</players>
</general>
<round no="0"><action no="1" player="Rakki" type="15" sum="5"/>
<action no="2" player="Tiuualex" type="15" discard="1" dealt="1" sum="5"/>
<action no="3" player="Rakki" type="1" sum="20"/>
<action no="4" player="Tiuualex" type="2" discard="1" dealt="1" sum="40"/>
</round>
<round no="1"><cards type="Pocket" player="Tiuualex">SQ D6</cards>
<cards type="Pocket" player="Rakki">H3 DQ</cards>
<action no="5" player="Rakki" type="3" sum="20"/>
<action no="6" player="Tiuualex" type="4" discard="1" dealt="1" sum="0"/>
</round>
<round no="2"><cards type="Flop">D3 CA H7</cards>
<action no="7" player="Tiuualex" type="4" discard="1" dealt="1" sum="0"/>
<action no="8" player="Rakki" type="5" sum="40"/>
<action no="9" player="Tiuualex" type="3" discard="1" dealt="1" sum="40"/>
</round>
<round no="3"><cards type="Turn">CJ</cards>
<action no="10" player="Tiuualex" type="4" discard="1" dealt="1" sum="0"/>
<action no="11" player="Rakki" type="5" sum="42"/>
<action no="12" player="Tiuualex" type="3" discard="1" dealt="1" sum="42"/>
</round>
<round no="4"><cards type="River">S2</cards>
<action no="13" player="Tiuualex" type="4" discard="1" dealt="1" sum="0"/>
<action no="14" player="Rakki" type="4" sum="0"/>
</round>
</game>
<game gamecode="6453806839"><general><startdate>2025-08-15 03:09:49</startdate>
<round>1</round>
<failsafecounter/>
<players><player seat="10" name="Rakki" chips="1,299" dealer="0" win="402" bet="201" muck="0" rebuy="0" addon="0" merge="0" rebuychips="0" reg_code="5053649267"/>
<player seat="3" name="Tiuualex" chips="201" dealer="1" win="0" bet="201" muck="0" rebuy="0" addon="0" merge="0" rebuychips="0" reg_code="5053649112"/>
</players>
</general>
<round no="0"><action no="1" player="Tiuualex" type="15" discard="1" dealt="1" sum="5"/>
<action no="2" player="Rakki" type="15" sum="5"/>
<action no="3" player="Tiuualex" type="1" discard="1" dealt="1" sum="20"/>
<action no="4" player="Rakki" type="2" sum="40"/>
</round>
<round no="1"><cards type="Pocket" player="Rakki">C10 DQ</cards>
<cards type="Pocket" player="Tiuualex">H3 HJ</cards>
<action no="5" player="Tiuualex" type="23" discard="1" dealt="1" sum="196"/>
<action no="6" player="Rakki" type="3" sum="156"/>
</round>
<round no="2"><cards type="Flop">H9 SQ D8</cards>
</round>
<round no="3"><cards type="Turn">S2</cards>
</round>
<round no="4"><cards type="River">S3</cards>
</round>
</game>
</session>
