<?xml version="1.0" encoding="UTF-8"?>
<session sessioncode="5053651863">
<general>
<client_version>25.1.1.16</client_version>
<mode>real</mode>
<gametype>Holdem NL</gametype>
<tablename>Twister €100 SNG, 815827748</tablename>
<tournamentcode>815827747</tournamentcode>
<tournamentname>Twister €100 SNG</tournamentname>
<buyin>€0 + €7 + €93</buyin>
<totalbuyin>€100</totalbuyin>
<rewarddrawn>€400</rewarddrawn>
<tournamentcurrency>EUR</tournamentcurrency>
<currency>EUR</currency>
<nickname>Rakki</nickname>
<gamecount>39</gamecount>
<startdate>2025-08-15 03:36:05</startdate>
<place>1</place>
<win>€400</win>
<tablesize>3</tablesize>
</general>
<game gamecode="6453815119"><general><startdate>2025-08-15 03:36:20</startdate>
<round>1</round>
<failsafecounter/>
<players><player seat="3" name="Rakki" chips="500" dealer="0" win="0" bet="80" muck="1" rebuy="0" addon="0" merge="0" rebuychips="0" reg_code="5053651863"/>
<player seat="6" name="Toniotonio88" chips="500" dealer="1" win="240" bet="500" muck="1" rebuy="0" addon="0" merge="0" rebuychips="0" reg_code="5053651874"/>
<player seat="10" name="gtoonoob" chips="500" dealer="0" win="0" bet="80" muck="1" rebuy="0" addon="0" merge="0" rebuychips="0" reg_code="5053651880"/>
</players>
</general>
<round no="0"><action no="1" player="gtoonoob" type="1" discard="1" dealt="1" sum="10"/>
<action no="2" player="Rakki" type="2" sum="20"/>
</round>
<round no="1"><cards type="Pocket" player="gtoonoob">X X</cards>
<cards type="Pocket" player="Rakki">S10 DK</cards>
<cards type="Pocket" player="Toniotonio88">X X</cards>
<action no="3" player="Toniotonio88" type="3" discard="1" dealt="1" sum="20"/>
<action no="4" player="gtoonoob" type="23" discard="1" dealt="1" sum="80"/>
<action no="5" player="Rakki" type="3" sum="60"/>
<action no="6" player="Toniotonio88" type="23" discard="1" dealt="1" sum="500"/>
<action no="7" player="gtoonoob" type="0" discard="1" dealt="1" sum="0"/>
<action no="8" player="Rakki" type="0" sum="0"/>
</round>
</game>
<game gamecode="6453815135"><general><startdate>2025-08-15 03:36:43</startdate>
<round>1</round>
<failsafecounter/>
<players><player seat="6" name="Toniotonio88" chips="660" dealer="0" win="0" bet="40" muck="1" rebuy="0" addon="0" merge="0" rebuychips="0" reg_code="5053651874"/>
<player seat="10" name="gtoonoob" chips="420" dealer="1" win="120" bet="100" muck="1" rebuy="0" addon="0" merge="0" rebuychips="0" reg_code="5053651880"/>
<player seat="3" name="Rakki" chips="420" dealer="0" win="0" bet="40" muck="1" rebuy="0" addon="0" merge="0" rebuychips="0" reg_code="5053651863"/>
</players>
</general>
<round no="0"><action no="1" player="Rakki" type="1" sum="10"/>
<action no="2" player="Toniotonio88" type="2" discard="1" dealt="1" sum="20"/>
</round>
<round no="1"><cards type="Pocket" player="Rakki">C9 C8</cards>
<cards type="Pocket" player="Toniotonio88">X X</cards>
<cards type="Pocket" player="gtoonoob">X X</cards>
<action no="3" player="gtoonoob" type="23" discard="1" dealt="1" sum="40"/>
<action no="4" player="Rakki" type="3" sum="30"/>
<action no="5" player="Toniotonio88" type="3" discard="1" dealt="1" sum="20"/>
</round>
<round no="2"><cards type="Flop">DQ CJ SQ</cards>
<action no="6" player="Rakki" type="4" sum="0"/>
<action no="7" player="Toniotonio88" type="4" discard="1" dealt="1" sum="0"/>
<action no="8" player="gtoonoob" type="5" discard="1" dealt="1" sum="60"/>
<action no="9" player="Rakki" type="0" sum="0"/>
<action no="10" player="Toniotonio88" type="0" discard="1" dealt="1" sum="0"/>
</round>
</game>
<game gamecode="6453815148"><general><startdate>2025-08-15 03:36:57</startdate>
<round>1</round>
<failsafecounter/>
<players><player seat="10" name="gtoonoob" chips="500" dealer="0" win="0" bet="20" muck="1" rebuy="0" addon="0" merge="0" rebuychips="0" reg_code="5053651880"/>
<player seat="3" name="Rakki" chips="380" dealer="1" win="0" bet="0" muck="1" rebuy="0" addon="0" merge="0" rebuychips="0" reg_code="5053651863"/>
<player seat="6" name="Toniotonio88" chips="620" dealer="0" win="40" bet="40" muck="1" rebuy="0" addon="0" merge="0" rebuychips="0" reg_code="5053651874"/>
</players>
</general>
<round no="0"><action no="1" player="Toniotonio88" type="1" discard="1" dealt="1" sum="10"/>
<action no="2" player="gtoonoob" type="2" discard="1" dealt="1" sum="20"/>
</round>
<round no="1"><cards type="Pocket" player="Rakki">SK C7</cards>
<cards type="Pocket" player="gtoonoob">X X</cards>
<cards type="Pocket" player="Toniotonio88">X X</cards>
<action no="3" player="Rakki" type="0" sum="0"/>
<action no="4" player="Toniotonio88" type="3" discard="1" dealt="1" sum="10"/>
<action no="5" player="gtoonoob" type="4" discard="1" dealt="1" sum="0"/>
</round>
<round no="2"><cards type="Flop">CK S10 HK</cards>
<action no="6" player="Toniotonio88" type="4" discard="1" dealt="1" sum="0"/>
<action no="7" player="gtoonoob" type="4" discard="1" dealt="1" sum="0"/>
</round>
<round no="3"><cards type="Turn">SA</cards>
<action no="8" player="Toniotonio88" type="5" discard="1" dealt="1" sum="20"/>
<action no="9" player="gtoonoob" type="0" discard="1" dealt="1" sum="0"/>
</round>
</game>
<game gamecode="6453815162"><general><startdate>2025-08-15 03:37:16</startdate>
<round>1</round>
<failsafecounter/>
<players><player seat="3" name="Rakki" chips="380" dealer="0" win="0" bet="70" muck="0" rebuy="0" addon="0" merge="0" rebuychips="0" reg_code="5053651863"/>
<player seat="6" name="Toniotonio88" chips="640" dealer="1" win="150" bet="70" muck="0" rebuy="0" addon="0" merge="0" rebuychips="0" reg_code="5053651874"/>
<player seat="10" name="gtoonoob" chips="480" dealer="0" win="0" bet="10" muck="1" rebuy="0" addon="0" merge="0" rebuychips="0" reg_code="5053651880"/>
</players>
</general>
<round no="0"><action no="1" player="gtoonoob" type="1" discard="1" dealt="1" sum="10"/>
<action no="2" player="Rakki" type="2" sum="20"/>
</round>
<round no="1"><cards type="Pocket" player="Toniotonio88">H4 D9</cards>
<cards type="Pocket" player="gtoonoob">X X</cards>
<cards type="Pocket" player="Rakki">H6 D4</cards>
<action no="3" player="Toniotonio88" type="3" discard="1" dealt="1" sum="20"/>
<action no="4" player="gtoonoob" type="0" discard="1" dealt="1" sum="0"/>
<action no="5" player="Rakki" type="4" sum="0"/>
</round>
<round no="2"><cards type="Flop">H5 S6 HA</cards>
<action no="6" player="Rakki" type="4" sum="0"/>
<action no="7" player="Toniotonio88" type="4" discard="1" dealt="1" sum="0"/>
</round>
<round no="3"><cards type="Turn">C3</cards>
<action no="8" player="Rakki" type="5" sum="25"/>
<action no="9" player="Toniotonio88" type="3" discard="1" dealt="1" sum="25"/>
</round>
<round no="4"><cards type="River">H9</cards>
<action no="10" player="Rakki" type="5" sum="25"/>
<action no="11" player="Toniotonio88" type="3" discard="1" dealt="1" sum="25"/>
</round>
</game>
<game gamecode="6453815178"><general><startdate>2025-08-15 03:37:40</startdate>
<round>1</round>
<failsafecounter/>
<players><player seat="6" name="Toniotonio88" chips="720" dealer="0" win="0" bet="20" muck="1" rebuy="0" addon="0" merge="0" rebuychips="0" reg_code="5053651874"/>
<player seat="10" name="gtoonoob" chips="470" dealer="1" win="0" bet="0" muck="1" rebuy="0" addon="0" merge="0" rebuychips="0" reg_code="5053651880"/>
<player seat="3" name="Rakki" chips="310" dealer="0" win="40" bet="60" muck="1" rebuy="0" addon="0" merge="0" rebuychips="0" reg_code="5053651863"/>
</players>
</general>
<round no="0"><action no="1" player="Rakki" type="1" sum="10"/>
<action no="2" player="Toniotonio88" type="2" discard="1" dealt="1" sum="20"/>
</round>
<round no="1"><cards type="Pocket" player="Rakki">SA D10</cards>
<cards type="Pocket" player="gtoonoob">X X</cards>
<cards type="Pocket" player="Toniotonio88">X X</cards>
<action no="3" player="gtoonoob" type="0" discard="1" dealt="1" sum="0"/>
<action no="4" player="Rakki" type="3" sum="10"/>
<action no="5" player="Toniotonio88" type="4" discard="1" dealt="1" sum="0"/>
</round>
<round no="2"><cards type="Flop">S7 S10 C7</cards>
<action no="6" player="Rakki" type="4" sum="0"/>
<action no="7" player="Toniotonio88" type="4" discard="1" dealt="1" sum="0"/>
</round>
<round no="3"><cards type="Turn">DA</cards>
<action no="8" player="Rakki" type="4" sum="0"/>
<action no="9" player="Toniotonio88" type="4" discard="1" dealt="1" sum="0"/>
</round>
<round no="4"><cards type="River">D9</cards>
<action no="10" player="Rakki" type="5" sum="40"/>
<action no="11" player="Toniotonio88" type="0" discard="1" dealt="1" sum="0"/>
</round>
</game>
<game gamecode="6453815190"><general><startdate>2025-08-15 03:37:55</startdate>
<round>1</round>
<failsafecounter/>
<players><player seat="10" name="gtoonoob" chips="470" dealer="0" win="160" bet="160" muck="1" rebuy="0" addon="0" merge="0" rebuychips="0" reg_code="5053651880"/>
<player seat="3" name="Rakki" chips="330" dealer="1" win="0" bet="0" muck="1" rebuy="0" addon="0" merge="0" rebuychips="0" reg_code="5053651863"/>
<player seat="6" name="Toniotonio88" chips="700" dealer="0" win="0" bet="80" muck="1" rebuy="0" addon="0" merge="0" rebuychips="0" reg_code="5053651874"/>
</players>
</general>
<round no="0"><action no="1" player="Toniotonio88" type="1" discard="1" dealt="1" sum="10"/>
<action no="2" player="gtoonoob" type="2" discard="1" dealt="1" sum="20"/>
</round>
<round no="1"><cards type="Pocket" player="Toniotonio88">X X</cards>
<cards type="Pocket" player="Rakki">D5 C8</cards>
<cards type="Pocket" player="gtoonoob">X X</cards>
<action no="3" player="Rakki" type="0" sum="0"/>
<action no="4" player="Toniotonio88" type="3" discard="1" dealt="1" sum="10"/>
<action no="5" player="gtoonoob" type="23" discard="1" dealt="1" sum="80"/>
<action no="6" player="Toniotonio88" type="3" discard="1" dealt="1" sum="60"/>
</round>
<round no="2"><cards type="Flop">H9 HK C6</cards>
<action no="7" player="Toniotonio88" type="4" discard="1" dealt="1" sum="0"/>
<action no="8" player="gtoonoob" type="5" discard="1" dealt="1" sum="80"/>
<action no="9" player="Toniotonio88" type="0" discard="1" dealt="1" sum="0"/>
</round>
</game>
<game gamecode="6453815198"><general><startdate>2025-08-15 03:38:10</startdate>
<round>1</round>
<failsafecounter/>
<players><player seat="3" name="Rakki" chips="330" dealer="0" win="0" bet="20" muck="1" rebuy="0" addon="0" merge="0" rebuychips="0" reg_code="5053651863"/>
<player seat="6" name="Toniotonio88" chips="620" dealer="1" win="50" bet="40" muck="1" rebuy="0" addon="0" merge="0" rebuychips="0" reg_code="5053651874"/>
<player seat="10" name="gtoonoob" chips="550" dealer="0" win="0" bet="10" muck="1" rebuy="0" addon="0" merge="0" rebuychips="0" reg_code="5053651880"/>
</players>
</general>
<round no="0"><action no="1" player="gtoonoob" type="1" discard="1" dealt="1" sum="10"/>
<action no="2" player="Rakki" type="2" sum="20"/>
</round>
<round no="1"><cards type="Pocket" player="Toniotonio88">X X</cards>
<cards type="Pocket" player="gtoonoob">X X</cards>
<cards type="Pocket" player="Rakki">C3 S7</cards>
<action no="3" player="Toniotonio88" type="3" discard="1" dealt="1" sum="20"/>
<action no="4" player="gtoonoob" type="0" discard="1" dealt="1" sum="0"/>
<action no="5" player="Rakki" type="4" sum="0"/>
</round>
<round no="2"><cards type="Flop">DJ H9 C2</cards>
<action no="6" player="Rakki" type="4" sum="0"/>
<action no="7" player="Toniotonio88" type="5" discard="1" dealt="1" sum="20"/>
<action no="8" player="Rakki" type="0" sum="0"/>
</round>
</game>
<game gamecode="6453815215"><general><startdate>2025-08-15 03:38:33</startdate>
<round>1</round>
<failsafecounter/>
<players><player seat="6" name="Toniotonio88" chips="650" dealer="0" win="504" bet="494" muck="0" rebuy="0" addon="0" merge="0" rebuychips="0" reg_code="5053651874"/>
<player seat="10" name="gtoonoob" chips="540" dealer="1" win="0" bet="242" muck="1" rebuy="0" addon="0" merge="0" rebuychips="0" reg_code="5053651880"/>
<player seat="3" name="Rakki" chips="310" dealer="0" win="0" bet="20" muck="1" rebuy="0" addon="0" merge="0" rebuychips="0" reg_code="5053651863"/>
</players>
</general>
<round no="0"><action no="1" player="Rakki" type="15" sum="5"/>
<action no="2" player="Toniotonio88" type="15" discard="1" dealt="1" sum="5"/>
<action no="3" player="gtoonoob" type="15" discard="1" dealt="1" sum="5"/>
<action no="4" player="Rakki" type="1" sum="15"/>
<action no="5" player="Toniotonio88" type="2" discard="1" dealt="1" sum="30"/>
</round>
<round no="1"><cards type="Pocket" player="Rakki">HQ D7</cards>
<cards type="Pocket" player="gtoonoob">X X</cards>
<cards type="Pocket" player="Toniotonio88">C4 DQ</cards>
<action no="6" player="gtoonoob" type="23" discard="1" dealt="1" sum="60"/>
<action no="7" player="Rakki" type="0" sum="0"/>
<action no="8" player="Toniotonio88" type="23" discard="1" dealt="1" sum="90"/>
<action no="9" player="gtoonoob" type="3" discard="1" dealt="1" sum="30"/>
</round>
<round no="2"><cards type="Flop">SA SK S5</cards>
<action no="10" player="Toniotonio88" type="4" discard="1" dealt="1" sum="0"/>
<action no="11" player="gtoonoob" type="4" discard="1" dealt="1" sum="0"/>
</round>
<round no="3"><cards type="Turn">D9</cards>
<action no="12" player="Toniotonio88" type="5" discard="1" dealt="1" sum="147"/>
<action no="13" player="gtoonoob" type="3" discard="1" dealt="1" sum="147"/>
</round>
<round no="4"><cards type="River">HA</cards>
<action no="14" player="Toniotonio88" type="5" discard="1" dealt="1" sum="252"/>
<action no="15" player="gtoonoob" type="0" discard="1" dealt="1" sum="0"/>
</round>
</game>
<game gamecode="6453815233"><general><startdate>2025-08-15 03:38:58</startdate>
<round>1</round>
<failsafecounter/>
<players><player seat="10" name="gtoonoob" chips="298" dealer="0" win="0" bet="65" muck="1" rebuy="0" addon="0" merge="0" rebuychips="0" reg_code="5053651880"/>
<player seat="3" name="Rakki" chips="290" dealer="1" win="0" bet="5" muck="1" rebuy="0" addon="0" merge="0" rebuychips="0" reg_code="5053651863"/>
<player seat="6" name="Toniotonio88" chips="912" dealer="0" win="135" bet="95" muck="1" rebuy="0" addon="0" merge="0" rebuychips="0" reg_code="5053651874"/>
</players>
</general>
<round no="0"><action no="1" player="Toniotonio88" type="15" discard="1" dealt="1" sum="5"/>
<action no="2" player="gtoonoob" type="15" discard="1" dealt="1" sum="5"/>
<action no="3" player="Rakki" type="15" sum="5"/>
<action no="4" player="Toniotonio88" type="1" discard="1" dealt="1" sum="15"/>
<action no="5" player="gtoonoob" type="2" discard="1" dealt="1" sum="30"/>
</round>
<round no="1"><cards type="Pocket" player="Toniotonio88">X X</cards>
<cards type="Pocket" player="gtoonoob">X X</cards>
<cards type="Pocket" player="Rakki">H2 C6</cards>
<action no="6" player="Rakki" type="0" sum="0"/>
<action no="7" player="Toniotonio88" type="3" discard="1" dealt="1" sum="15"/>
<action no="8" player="gtoonoob" type="4" discard="1" dealt="1" sum="0"/>
</round>
<round no="2"><cards type="Flop">HA D5 S2</cards>
<action no="9" player="Toniotonio88" type="5" discard="1" dealt="1" sum="30"/>
<action no="10" player="gtoonoob" type="3" discard="1" dealt="1" sum="30"/>
</round>
<round no="3"><cards type="Turn">HQ</cards>
<action no="11" player="Toniotonio88" type="4" discard="1" dealt="1" sum="0"/>
<action no="12" player="gtoonoob" type="4" discard="1" dealt="1" sum="0"/>
</round>
<round no="4"><cards type="River">S9</cards>
<action no="13" player="Toniotonio88" type="5" discard="1" dealt="1" sum="30"/>
<action no="14" player="gtoonoob" type="0" discard="1" dealt="1" sum="0"/>
</round>
</game>
<game gamecode="6453815249"><general><startdate>2025-08-15 03:39:25</startdate>
<round>1</round>
<failsafecounter/>
<players><player seat="3" name="Rakki" chips="285" dealer="0" win="0" bet="35" muck="1" rebuy="0" addon="0" merge="0" rebuychips="0" reg_code="5053651863"/>
<player seat="6" name="Toniotonio88" chips="982" dealer="1" win="90" bet="65" muck="1" rebuy="0" addon="0" merge="0" rebuychips="0" reg_code="5053651874"/>
<player seat="10" name="gtoonoob" chips="233" dealer="0" win="0" bet="20" muck="1" rebuy="0" addon="0" merge="0" rebuychips="0" reg_code="5053651880"/>
</players>
</general>
<round no="0"><action no="1" player="gtoonoob" type="15" discard="1" dealt="1" sum="5"/>
<action no="2" player="Rakki" type="15" sum="5"/>
<action no="3" player="Toniotonio88" type="15" discard="1" dealt="1" sum="5"/>
<action no="4" player="gtoonoob" type="1" discard="1" dealt="1" sum="15"/>
<action no="5" player="Rakki" type="2" sum="30"/>
</round>
<round no="1"><cards type="Pocket" player="Rakki">D2 C8</cards>
<cards type="Pocket" player="gtoonoob">X X</cards>
<cards type="Pocket" player="Toniotonio88">X X</cards>
<action no="6" player="Toniotonio88" type="3" discard="1" dealt="1" sum="30"/>
<action no="7" player="gtoonoob" type="0" discard="1" dealt="1" sum="0"/>
<action no="8" player="Rakki" type="4" sum="0"/>
</round>
<round no="2"><cards type="Flop">S5 DJ SA</cards>
<action no="9" player="Rakki" type="4" sum="0"/>
<action no="10" player="Toniotonio88" type="5" discard="1" dealt="1" sum="30"/>
<action no="11" player="Rakki" type="0" sum="0"/>
</round>
</game>
<game gamecode="6453815258"><general><startdate>2025-08-15 03:39:40</startdate>
<round>1</round>
<failsafecounter/>
<players><player seat="6" name="Toniotonio88" chips="1,037" dealer="0" win="45" bet="35" muck="1" rebuy="0" addon="0" merge="0" rebuychips="0" reg_code="5053651874"/>
<player seat="10" name="gtoonoob" chips="213" dealer="1" win="0" bet="5" muck="1" rebuy="0" addon="0" merge="0" rebuychips="0" reg_code="5053651880"/>
<player seat="3" name="Rakki" chips="250" dealer="0" win="0" bet="20" muck="1" rebuy="0" addon="0" merge="0" rebuychips="0" reg_code="5053651863"/>
</players>
</general>
<round no="0"><action no="1" player="Rakki" type="15" sum="5"/>
<action no="2" player="Toniotonio88" type="15" discard="1" dealt="1" sum="5"/>
<action no="3" player="gtoonoob" type="15" discard="1" dealt="1" sum="5"/>
<action no="4" player="Rakki" type="1" sum="15"/>
<action no="5" player="Toniotonio88" type="2" discard="1" dealt="1" sum="30"/>
</round>
<round no="1"><cards type="Pocket" player="Toniotonio88">X X</cards>
<cards type="Pocket" player="Rakki">H2 S9</cards>
<cards type="Pocket" player="gtoonoob">X X</cards>
<action no="6" player="gtoonoob" type="0" discard="1" dealt="1" sum="0"/>
<action no="7" player="Rakki" type="0" sum="0"/>
</round>
</game>
<game gamecode="6453815261"><general><startdate>2025-08-15 03:39:47</startdate>
<round>1</round>
<failsafecounter/>
<players><player seat="10" name="gtoonoob" chips="208" dealer="0" win="421" bet="208" muck="0" rebuy="0" addon="0" merge="0" rebuychips="0" reg_code="5053651880"/>
<player seat="3" name="Rakki" chips="230" dealer="1" win="0" bet="5" muck="1" rebuy="0" addon="0" merge="0" rebuychips="0" reg_code="5053651863"/>
<player seat="6" name="Toniotonio88" chips="1,062" dealer="0" win="0" bet="380" muck="1" rebuy="0" addon="0" merge="0" rebuychips="0" reg_code="5053651874"/>
</players>
</general>
<round no="0"><action no="1" player="Toniotonio88" type="15" discard="1" dealt="1" sum="5"/>
<action no="2" player="gtoonoob" type="15" discard="1" dealt="1" sum="5"/>
<action no="3" player="Rakki" type="15" sum="5"/>
<action no="4" player="Toniotonio88" type="1" discard="1" dealt="1" sum="15"/>
<action no="5" player="gtoonoob" type="2" discard="1" dealt="1" sum="30"/>
</round>
<round no="1"><cards type="Pocket" player="Rakki">S6 DK</cards>
<cards type="Pocket" player="Toniotonio88">S4 H8</cards>
<cards type="Pocket" player="gtoonoob">DJ CJ</cards>
<action no="6" player="Rakki" type="0" sum="0"/>
<action no="7" player="Toniotonio88" type="3" discard="1" dealt="1" sum="15"/>
<action no="8" player="gtoonoob" type="23" discard="1" dealt="1" sum="90"/>
<action no="9" player="Toniotonio88" type="3" discard="1" dealt="1" sum="60"/>
</round>
<round no="2"><cards type="Flop">H7 HA D2</cards>
<action no="10" player="Toniotonio88" type="4" discard="1" dealt="1" sum="0"/>
<action no="11" player="gtoonoob" type="5" discard="1" dealt="1" sum="30"/>
<action no="12" player="Toniotonio88" type="23" discard="1" dealt="1" sum="285"/>
<action no="13" player="gtoonoob" type="7" discard="1" dealt="1" sum="83"/>
</round>
<round no="3"><cards type="Turn">D10</cards>
</round>
<round no="4"><cards type="River">HK</cards>
</round>
</game>
<game gamecode="6453815272"><general><startdate>2025-08-15 03:40:14</startdate>
<round>1</round>
<failsafecounter/>
<players><player seat="3" name="Rakki" chips="225" dealer="0" win="0" bet="35" muck="1" rebuy="0" addon="0" merge="0" rebuychips="0" reg_code="5053651863"/>
<player seat="6" name="Toniotonio88" chips="854" dealer="1" win="0" bet="5" muck="1" rebuy="0" addon="0" merge="0" rebuychips="0" reg_code="5053651874"/>
<player seat="10" name="gtoonoob" chips="421" dealer="0" win="75" bet="421" muck="1" rebuy="0" addon="0" merge="0" rebuychips="0" reg_code="5053651880"/>
</players>
</general>
<round no="0"><action no="1" player="gtoonoob" type="15" discard="1" dealt="1" sum="5"/>
<action no="2" player="Rakki" type="15" sum="5"/>
<action no="3" player="Toniotonio88" type="15" discard="1" dealt="1" sum="5"/>
<action no="4" player="gtoonoob" type="1" discard="1" dealt="1" sum="15"/>
<action no="5" player="Rakki" type="2" sum="30"/>
</round>
<round no="1"><cards type="Pocket" player="gtoonoob">X X</cards>
<cards type="Pocket" player="Toniotonio88">X X</cards>
<cards type="Pocket" player="Rakki">H3 SK</cards>
<action no="6" player="Toniotonio88" type="0" discard="1" dealt="1" sum="0"/>
<action no="7" player="gtoonoob" type="23" discard="1" dealt="1" sum="416"/>
<action no="8" player="Rakki" type="0" sum="0"/>
</round>
</game>
<game gamecode="6453815274"><general><startdate>2025-08-15 03:40:25</startdate>
<round>1</round>
<failsafecounter/>
<players><player seat="6" name="Toniotonio88" chips="849" dealer="0" win="0" bet="190" muck="1" rebuy="0" addon="0" merge="0" rebuychips="0" reg_code="5053651874"/>
<player seat="10" name="gtoonoob" chips="461" dealer="1" win="0" bet="5" muck="1" rebuy="0" addon="0" merge="0" rebuychips="0" reg_code="5053651880"/>
<player seat="3" name="Rakki" chips="190" dealer="0" win="385" bet="190" muck="0" rebuy="0" addon="0" merge="0" rebuychips="0" reg_code="5053651863"/>
</players>
</general>
<round no="0"><action no="1" player="Rakki" type="15" sum="5"/>
<action no="2" player="Toniotonio88" type="15" discard="1" dealt="1" sum="5"/>
<action no="3" player="gtoonoob" type="15" discard="1" dealt="1" sum="5"/>
<action no="4" player="Rakki" type="1" sum="20"/>
<action no="5" player="Toniotonio88" type="2" discard="1" dealt="1" sum="40"/>
</round>
<round no="1"><cards type="Pocket" player="Toniotonio88">C7 C4</cards>
<cards type="Pocket" player="gtoonoob">X X</cards>
<cards type="Pocket" player="Rakki">S4 SJ</cards>
<action no="6" player="gtoonoob" type="0" discard="1" dealt="1" sum="0"/>
<action no="7" player="Rakki" type="23" sum="185"/>
<action no="8" player="Toniotonio88" type="3" discard="1" dealt="1" sum="145"/>
</round>
<round no="2"><cards type="Flop">HJ H5 D9</cards>
</round>
<round no="3"><cards type="Turn">D7</cards>
</round>
<round no="4"><cards type="River">H4</cards>
</round>
</game>
<game gamecode="6453815285"><general><startdate>2025-08-15 03:40:45</startdate>
<round>1</round>
<failsafecounter/>
<players><player seat="10" name="gtoonoob" chips="456" dealer="0" win="0" bet="125" muck="1" rebuy="0" addon="0" merge="0" rebuychips="0" reg_code="5053651880"/>
<player seat="3" name="Rakki" chips="385" dealer="1" win="0" bet="5" muck="1" rebuy="0" addon="0" merge="0" rebuychips="0" reg_code="5053651863"/>
<player seat="6" name="Toniotonio88" chips="659" dealer="0" win="255" bet="125" muck="0" rebuy="0" addon="0" merge="0" rebuychips="0" reg_code="5053651874"/>
</players>
</general>
<round no="0"><action no="1" player="Toniotonio88" type="15" discard="1" dealt="1" sum="5"/>
<action no="2" player="gtoonoob" type="15" discard="1" dealt="1" sum="5"/>
<action no="3" player="Rakki" type="15" sum="5"/>
<action no="4" player="Toniotonio88" type="1" discard="1" dealt="1" sum="20"/>
<action no="5" player="gtoonoob" type="2" discard="1" dealt="1" sum="40"/>
</round>
<round no="1"><cards type="Pocket" player="gtoonoob">C5 S9</cards>
<cards type="Pocket" player="Rakki">DJ C2</cards>
<cards type="Pocket" player="Toniotonio88">C9 H8</cards>
<action no="6" player="Rakki" type="0" sum="0"/>
<action no="7" player="Toniotonio88" type="3" discard="1" dealt="1" sum="20"/>
<action no="8" player="gtoonoob" type="4" discard="1" dealt="1" sum="0"/>
</round>
<round no="2"><cards type="Flop">CK C3 CJ</cards>
<action no="9" player="Toniotonio88" type="4" discard="1" dealt="1" sum="0"/>
<action no="10" player="gtoonoob" type="4" discard="1" dealt="1" sum="0"/>
</round>
<round no="3"><cards type="Turn">CA</cards>
<action no="11" player="Toniotonio88" type="5" discard="1" dealt="1" sum="40"/>
<action no="12" player="gtoonoob" type="3" discard="1" dealt="1" sum="40"/>
</round>
<round no="4"><cards type="River">D2</cards>
<action no="13" player="Toniotonio88" type="5" discard="1" dealt="1" sum="40"/>
<action no="14" player="gtoonoob" type="3" discard="1" dealt="1" sum="40"/>
</round>
</game>
<game gamecode="6453815297"><general><startdate>2025-08-15 03:41:07</startdate>
<round>1</round>
<failsafecounter/>
<players><player seat="3" name="Rakki" chips="380" dealer="0" win="0" bet="45" muck="1" rebuy="0" addon="0" merge="0" rebuychips="0" reg_code="5053651863"/>
<player seat="6" name="Toniotonio88" chips="789" dealer="1" win="0" bet="331" muck="1" rebuy="0" addon="0" merge="0" rebuychips="0" reg_code="5053651874"/>
<player seat="10" name="gtoonoob" chips="331" dealer="0" win="707" bet="331" muck="0" rebuy="0" addon="0" merge="0" rebuychips="0" reg_code="5053651880"/>
</players>
</general>
<round no="0"><action no="1" player="gtoonoob" type="15" discard="1" dealt="1" sum="5"/>
<action no="2" player="Rakki" type="15" sum="5"/>
<action no="3" player="Toniotonio88" type="15" discard="1" dealt="1" sum="5"/>
<action no="4" player="gtoonoob" type="1" discard="1" dealt="1" sum="20"/>
<action no="5" player="Rakki" type="2" sum="40"/>
</round>
<round no="1"><cards type="Pocket" player="Toniotonio88">SJ HA</cards>
<cards type="Pocket" player="gtoonoob">D4 H4</cards>
<cards type="Pocket" player="Rakki">C3 H10</cards>
<action no="6" player="Toniotonio88" type="3" discard="1" dealt="1" sum="40"/>
<action no="7" player="gtoonoob" type="23" discard="1" dealt="1" sum="326"/>
<action no="8" player="Rakki" type="0" sum="0"/>
<action no="9" player="Toniotonio88" type="3" discard="1" dealt="1" sum="286"/>
</round>
<round no="2"><cards type="Flop">H3 S6 C6</cards>
</round>
<round no="3"><cards type="Turn">CQ</cards>
</round>
<round no="4"><cards type="River">C7</cards>
</round>
</game>
<game gamecode="6453815305"><general><startdate>2025-08-15 03:41:29</startdate>
<round>1</round>
<failsafecounter/>
<players><player seat="6" name="Toniotonio88" chips="458" dealer="0" win="0" bet="85" muck="0" rebuy="0" addon="0" merge="0" rebuychips="0" reg_code="5053651874"/>
<player seat="10" name="gtoonoob" chips="707" dealer="1" win="0" bet="5" muck="1" rebuy="0" addon="0" merge="0" rebuychips="0" reg_code="5053651880"/>
<player seat="3" name="Rakki" chips="335" dealer="0" win="175" bet="85" muck="0" rebuy="0" addon="0" merge="0" rebuychips="0" reg_code="5053651863"/>
</players>
</general>
<round no="0"><action no="1" player="Rakki" type="15" sum="5"/>
<action no="2" player="Toniotonio88" type="15" discard="1" dealt="1" sum="5"/>
<action no="3" player="gtoonoob" type="15" discard="1" dealt="1" sum="5"/>
<action no="4" player="Rakki" type="1" sum="20"/>
<action no="5" player="Toniotonio88" type="2" discard="1" dealt="1" sum="40"/>
</round>
<round no="1"><cards type="Pocket" player="gtoonoob">X X</cards>
<cards type="Pocket" player="Toniotonio88">D4 C7</cards>
<cards type="Pocket" player="Rakki">D10 D2</cards>
<action no="6" player="gtoonoob" type="0" discard="1" dealt="1" sum="0"/>
<action no="7" player="Rakki" type="3" sum="20"/>
<action no="8" player="Toniotonio88" type="4" discard="1" dealt="1" sum="0"/>
</round>
<round no="2"><cards type="Flop">D6 CJ C2</cards>
<action no="9" player="Rakki" type="4" sum="0"/>
<action no="10" player="Toniotonio88" type="4" discard="1" dealt="1" sum="0"/>
</round>
<round no="3"><cards type="Turn">S9</cards>
<action no="11" player="Rakki" type="4" sum="0"/>
<action no="12" player="Toniotonio88" type="4" discard="1" dealt="1" sum="0"/>
</round>
<round no="4"><cards type="River">DA</cards>
<action no="13" player="Rakki" type="4" sum="0"/>
<action no="14" player="Toniotonio88" type="5" discard="1" dealt="1" sum="40"/>
<action no="15" player="Rakki" type="3" sum="40"/>
</round>
</game>
<game gamecode="6453815320"><general><startdate>2025-08-15 03:41:49</startdate>
<round>1</round>
<failsafecounter/>
<players><player seat="10" name="gtoonoob" chips="702" dealer="0" win="0" bet="373" muck="1" rebuy="0" addon="0" merge="0" rebuychips="0" reg_code="5053651880"/>
<player seat="3" name="Rakki" chips="425" dealer="1" win="0" bet="5" muck="1" rebuy="0" addon="0" merge="0" rebuychips="0" reg_code="5053651863"/>
<player seat="6" name="Toniotonio88" chips="373" dealer="0" win="751" bet="373" muck="0" rebuy="0" addon="0" merge="0" rebuychips="0" reg_code="5053651874"/>
</players>
</general>
<round no="0"><action no="1" player="Toniotonio88" type="15" discard="1" dealt="1" sum="5"/>
<action no="2" player="gtoonoob" type="15" discard="1" dealt="1" sum="5"/>
<action no="3" player="Rakki" type="15" sum="5"/>
<action no="4" player="Toniotonio88" type="1" discard="1" dealt="1" sum="20"/>
<action no="5" player="gtoonoob" type="2" discard="1" dealt="1" sum="40"/>
</round>
<round no="1"><cards type="Pocket" player="gtoonoob">CJ HK</cards>
<cards type="Pocket" player="Toniotonio88">C7 HA</cards>
<cards type="Pocket" player="Rakki">SJ S2</cards>
<action no="6" player="Rakki" type="0" sum="0"/>
<action no="7" player="Toniotonio88" type="23" discard="1" dealt="1" sum="368"/>
<action no="8" player="gtoonoob" type="3" discard="1" dealt="1" sum="328"/>
</round>
<round no="2"><cards type="Flop">DK H9 CA</cards>
</round>
<round no="3"><cards type="Turn">S7</cards>
</round>
<round no="4"><cards type="River">D8</cards>
</round>
</game>
<game gamecode="6453815327"><general><startdate>2025-08-15 03:42:06</startdate>
<round>1</round>
<failsafecounter/>
<players><player seat="3" name="Rakki" chips="420" dealer="0" win="0" bet="45" muck="1" rebuy="0" addon="0" merge="0" rebuychips="0" reg_code="5053651863"/>
<player seat="6" name="Toniotonio88" chips="751" dealer="1" win="0" bet="751" muck="0" rebuy="0" addon="0" merge="0" rebuychips="0" reg_code="5053651874"/>
<player seat="10" name="gtoonoob" chips="329" dealer="0" win="703" bet="329" muck="0" rebuy="0" addon="0" merge="0" rebuychips="0" reg_code="5053651880"/>
</players>
</general>
<round no="0"><action no="1" player="gtoonoob" type="15" discard="1" dealt="1" sum="5"/>
<action no="2" player="Rakki" type="15" sum="5"/>
<action no="3" player="Toniotonio88" type="15" discard="1" dealt="1" sum="5"/>
<action no="4" player="gtoonoob" type="1" discard="1" dealt="1" sum="20"/>
<action no="5" player="Rakki" type="2" sum="40"/>
</round>
<round no="1"><cards type="Pocket" player="Toniotonio88">CQ S9</cards>
<cards type="Pocket" player="Rakki">C5 H3</cards>
<cards type="Pocket" player="gtoonoob">C7 HA</cards>
<action no="6" player="Toniotonio88" type="23" discard="1" dealt="1" sum="746"/>
<action no="7" player="gtoonoob" type="7" discard="1" dealt="1" sum="304"/>
<action no="8" player="Rakki" type="0" sum="0"/>
</round>
<round no="2"><cards type="Flop">SQ H5 CA</cards>
</round>
<round no="3"><cards type="Turn">H2</cards>
</round>
<round no="4"><cards type="River">DJ</cards>
</round>
</game>
<game gamecode="6453815342"><general><startdate>2025-08-15 03:42:29</startdate>
<round>1</round>
<failsafecounter/>
<players><player seat="6" name="Toniotonio88" chips="422" dealer="0" win="0" bet="65" muck="1" rebuy="0" addon="0" merge="0" rebuychips="0" reg_code="5053651874"/>
<player seat="10" name="gtoonoob" chips="703" dealer="1" win="0" bet="5" muck="1" rebuy="0" addon="0" merge="0" rebuychips="0" reg_code="5053651880"/>
<player seat="3" name="Rakki" chips="375" dealer="0" win="135" bet="375" muck="1" rebuy="0" addon="0" merge="0" rebuychips="0" reg_code="5053651863"/>
</players>
</general>
<round no="0"><action no="1" player="Rakki" type="15" sum="5"/>
<action no="2" player="Toniotonio88" type="15" discard="1" dealt="1" sum="5"/>
<action no="3" player="gtoonoob" type="15" discard="1" dealt="1" sum="5"/>
<action no="4" player="Rakki" type="1" sum="30"/>
<action no="5" player="Toniotonio88" type="2" discard="1" dealt="1" sum="60"/>
</round>
<round no="1"><cards type="Pocket" player="Rakki">SQ H10</cards>
<cards type="Pocket" player="Toniotonio88">X X</cards>
<cards type="Pocket" player="gtoonoob">X X</cards>
<action no="6" player="gtoonoob" type="0" discard="1" dealt="1" sum="0"/>
<action no="7" player="Rakki" type="23" sum="370"/>
<action no="8" player="Toniotonio88" type="0" discard="1" dealt="1" sum="0"/>
</round>
</game>
<game gamecode="6453815346"><general><startdate>2025-08-15 03:42:37</startdate>
<round>1</round>
<failsafecounter/>
<players><player seat="10" name="gtoonoob" chips="698" dealer="0" win="0" bet="65" muck="1" rebuy="0" addon="0" merge="0" rebuychips="0" reg_code="5053651880"/>
<player seat="3" name="Rakki" chips="445" dealer="1" win="0" bet="5" muck="1" rebuy="0" addon="0" merge="0" rebuychips="0" reg_code="5053651863"/>
<player seat="6" name="Toniotonio88" chips="357" dealer="0" win="135" bet="357" muck="1" rebuy="0" addon="0" merge="0" rebuychips="0" reg_code="5053651874"/>
</players>
</general>
<round no="0"><action no="1" player="Toniotonio88" type="15" discard="1" dealt="1" sum="5"/>
<action no="2" player="gtoonoob" type="15" discard="1" dealt="1" sum="5"/>
<action no="3" player="Rakki" type="15" sum="5"/>
<action no="4" player="Toniotonio88" type="1" discard="1" dealt="1" sum="30"/>
<action no="5" player="gtoonoob" type="2" discard="1" dealt="1" sum="60"/>
</round>
<round no="1"><cards type="Pocket" player="Toniotonio88">X X</cards>
<cards type="Pocket" player="Rakki">S5 S10</cards>
<cards type="Pocket" player="gtoonoob">X X</cards>
<action no="6" player="Rakki" type="0" sum="0"/>
<action no="7" player="Toniotonio88" type="23" discard="1" dealt="1" sum="352"/>
<action no="8" player="gtoonoob" type="0" discard="1" dealt="1" sum="0"/>
</round>
</game>
<game gamecode="6453815354"><general><startdate>2025-08-15 03:42:48</startdate>
<round>1</round>
<failsafecounter/>
<players><player seat="3" name="Rakki" chips="440" dealer="0" win="75" bet="65" muck="1" rebuy="0" addon="0" merge="0" rebuychips="0" reg_code="5053651863"/>
<player seat="6" name="Toniotonio88" chips="427" dealer="1" win="0" bet="5" muck="1" rebuy="0" addon="0" merge="0" rebuychips="0" reg_code="5053651874"/>
<player seat="10" name="gtoonoob" chips="633" dealer="0" win="0" bet="35" muck="1" rebuy="0" addon="0" merge="0" rebuychips="0" reg_code="5053651880"/>
</players>
</general>
<round no="0"><action no="1" player="gtoonoob" type="15" discard="1" dealt="1" sum="5"/>
<action no="2" player="Rakki" type="15" sum="5"/>
<action no="3" player="Toniotonio88" type="15" discard="1" dealt="1" sum="5"/>
<action no="4" player="gtoonoob" type="1" discard="1" dealt="1" sum="30"/>
<action no="5" player="Rakki" type="2" sum="60"/>
</round>
<round no="1"><cards type="Pocket" player="Toniotonio88">X X</cards>
<cards type="Pocket" player="gtoonoob">X X</cards>
<cards type="Pocket" player="Rakki">H5 SQ</cards>
<action no="6" player="Toniotonio88" type="0" discard="1" dealt="1" sum="0"/>
<action no="7" player="gtoonoob" type="0" discard="1" dealt="1" sum="0"/>
</round>
</game>
<game gamecode="6453815358"><general><startdate>2025-08-15 03:42:55</startdate>
<round>1</round>
<failsafecounter/>
<players><player seat="6" name="Toniotonio88" chips="422" dealer="0" win="0" bet="422" muck="1" rebuy="0" addon="0" merge="0" rebuychips="0" reg_code="5053651874"/>
<player seat="10" name="gtoonoob" chips="598" dealer="1" win="0" bet="5" muck="1" rebuy="0" addon="0" merge="0" rebuychips="0" reg_code="5053651880"/>
<player seat="3" name="Rakki" chips="480" dealer="0" win="849" bet="480" muck="0" rebuy="0" addon="0" merge="0" rebuychips="0" reg_code="5053651863"/>
</players>
</general>
<round no="0"><action no="1" player="Rakki" type="15" sum="5"/>
<action no="2" player="Toniotonio88" type="15" discard="1" dealt="1" sum="5"/>
<action no="3" player="gtoonoob" type="15" discard="1" dealt="1" sum="5"/>
<action no="4" player="Rakki" type="1" sum="30"/>
<action no="5" player="Toniotonio88" type="2" discard="1" dealt="1" sum="60"/>
</round>
<round no="1"><cards type="Pocket" player="Toniotonio88">H7 D7</cards>
<cards type="Pocket" player="gtoonoob">X X</cards>
<cards type="Pocket" player="Rakki">H2 DK</cards>
<action no="6" player="gtoonoob" type="0" discard="1" dealt="1" sum="0"/>
<action no="7" player="Rakki" type="23" sum="475"/>
<action no="8" player="Toniotonio88" type="7" discard="1" dealt="1" sum="357"/>
</round>
<round no="2"><cards type="Flop">D3 S3 DQ</cards>
</round>
<round no="3"><cards type="Turn">DJ</cards>
</round>
<round no="4"><cards type="River">D10</cards>
</round>
</game>
<game gamecode="6453815370"><general><startdate>2025-08-15 03:43:13</startdate>
<round>1</round>
<failsafecounter/>
<players><player seat="10" name="gtoonoob" chips="593" dealer="0" win="0" bet="65" muck="1" rebuy="0" addon="0" merge="0" rebuychips="0" reg_code="5053651880"/>
<player seat="3" name="Rakki" chips="907" dealer="1" win="130" bet="125" muck="1" rebuy="0" addon="0" merge="0" rebuychips="0" reg_code="5053651863"/>
</players>
</general>
<round no="0"><action no="1" player="Rakki" type="15" sum="5"/>
<action no="2" player="gtoonoob" type="15" discard="1" dealt="1" sum="5"/>
<action no="3" player="Rakki" type="1" sum="30"/>
<action no="4" player="gtoonoob" type="2" discard="1" dealt="1" sum="60"/>
</round>
<round no="1"><cards type="Pocket" player="gtoonoob">X X</cards>
<cards type="Pocket" player="Rakki">S10 C5</cards>
<action no="5" player="Rakki" type="3" sum="30"/>
<action no="6" player="gtoonoob" type="4" discard="1" dealt="1" sum="0"/>
</round>
<round no="2"><cards type="Flop">S4 DK C3</cards>
<action no="7" player="gtoonoob" type="4" discard="1" dealt="1" sum="0"/>
<action no="8" player="Rakki" type="5" sum="60"/>
<action no="9" player="gtoonoob" type="0" discard="1" dealt="1" sum="0"/>
</round>
</game>
<game gamecode="6453815380"><general><startdate>2025-08-15 03:43:29</startdate>
<round>1</round>
<failsafecounter/>
<players><player seat="3" name="Rakki" chips="972" dealer="0" win="130" bet="972" muck="1" rebuy="0" addon="0" merge="0" rebuychips="0" reg_code="5053651863"/>
<player seat="10" name="gtoonoob" chips="528" dealer="1" win="0" bet="65" muck="1" rebuy="0" addon="0" merge="0" rebuychips="0" reg_code="5053651880"/>
</players>
</general>
<round no="0"><action no="1" player="gtoonoob" type="15" discard="1" dealt="1" sum="5"/>
<action no="2" player="Rakki" type="15" sum="5"/>
<action no="3" player="gtoonoob" type="1" discard="1" dealt="1" sum="30"/>
<action no="4" player="Rakki" type="2" sum="60"/>
</round>
<round no="1"><cards type="Pocket" player="Rakki">HA H5</cards>
<cards type="Pocket" player="gtoonoob">X X</cards>
<action no="5" player="gtoonoob" type="3" discard="1" dealt="1" sum="30"/>
<action no="6" player="Rakki" type="23" sum="967"/>
<action no="7" player="gtoonoob" type="0" discard="1" dealt="1" sum="0"/>
</round>
</game>
<game gamecode="6453815387"><general><startdate>2025-08-15 03:43:38</startdate>
<round>1</round>
<failsafecounter/>
<players><player seat="10" name="gtoonoob" chips="463" dealer="0" win="0" bet="65" muck="1" rebuy="0" addon="0" merge="0" rebuychips="0" reg_code="5053651880"/>
<player seat="3" name="Rakki" chips="1,037" dealer="1" win="130" bet="1,037" muck="1" rebuy="0" addon="0" merge="0" rebuychips="0" reg_code="5053651863"/>
</players>
</general>
<round no="0"><action no="1" player="Rakki" type="15" sum="5"/>
<action no="2" player="gtoonoob" type="15" discard="1" dealt="1" sum="5"/>
<action no="3" player="Rakki" type="1" sum="30"/>
<action no="4" player="gtoonoob" type="2" discard="1" dealt="1" sum="60"/>
</round>
<round no="1"><cards type="Pocket" player="Rakki">SJ CK</cards>
<cards type="Pocket" player="gtoonoob">X X</cards>
<action no="5" player="Rakki" type="23" sum="1,032"/>
<action no="6" player="gtoonoob" type="0" discard="1" dealt="1" sum="0"/>
</round>
</game>
<game gamecode="6453815393"><general><startdate>2025-08-15 03:43:48</startdate>
<round>1</round>
<failsafecounter/>
<players><player seat="3" name="Rakki" chips="1,102" dealer="0" win="0" bet="65" muck="1" rebuy="0" addon="0" merge="0" rebuychips="0" reg_code="5053651863"/>
<player seat="10" name="gtoonoob" chips="398" dealer="1" win="130" bet="125" muck="1" rebuy="0" addon="0" merge="0" rebuychips="0" reg_code="5053651880"/>
</players>
</general>
<round no="0"><action no="1" player="gtoonoob" type="15" discard="1" dealt="1" sum="5"/>
<action no="2" player="Rakki" type="15" sum="5"/>
<action no="3" player="gtoonoob" type="1" discard="1" dealt="1" sum="30"/>
<action no="4" player="Rakki" type="2" sum="60"/>
</round>
<round no="1"><cards type="Pocket" player="gtoonoob">X X</cards>
<cards type="Pocket" player="Rakki">D8 C2</cards>
<action no="5" player="gtoonoob" type="3" discard="1" dealt="1" sum="30"/>
<action no="6" player="Rakki" type="4" sum="0"/>
</round>
<round no="2"><cards type="Flop">D10 H5 H10</cards>
<action no="7" player="Rakki" type="4" sum="0"/>
<action no="8" player="gtoonoob" type="5" discard="1" dealt="1" sum="60"/>
<action no="9" player="Rakki" type="0" sum="0"/>
</round>
</game>
<game gamecode="6453815408"><general><startdate>2025-08-15 03:44:08</startdate>
<round>1</round>
<failsafecounter/>
<players><player seat="10" name="gtoonoob" chips="463" dealer="0" win="70" bet="65" muck="1" rebuy="0" addon="0" merge="0" rebuychips="0" reg_code="5053651880"/>
<player seat="3" name="Rakki" chips="1,037" dealer="1" win="0" bet="35" muck="1" rebuy="0" addon="0" merge="0" rebuychips="0" reg_code="5053651863"/>
</players>
</general>
<round no="0"><action no="1" player="Rakki" type="15" sum="5"/>
<action no="2" player="gtoonoob" type="15" discard="1" dealt="1" sum="5"/>
<action no="3" player="Rakki" type="1" sum="30"/>
<action no="4" player="gtoonoob" type="2" discard="1" dealt="1" sum="60"/>
</round>
<round no="1"><cards type="Pocket" player="Rakki">H2 C7</cards>
<cards type="Pocket" player="gtoonoob">X X</cards>
<action no="5" player="Rakki" type="0" sum="0"/>
</round>
</game>
<game gamecode="6453815417"><general><startdate>2025-08-15 03:44:21</startdate>
<round>1</round>
<failsafecounter/>
<players><player seat="3" name="Rakki" chips="1,002" dealer="0" win="0" bet="88" muck="1" rebuy="0" addon="0" merge="0" rebuychips="0" reg_code="5053651863"/>
<player seat="10" name="gtoonoob" chips="498" dealer="1" win="176" bet="498" muck="1" rebuy="0" addon="0" merge="0" rebuychips="0" reg_code="5053651880"/>
</players>
</general>
<round no="0"><action no="1" player="gtoonoob" type="15" discard="1" dealt="1" sum="8"/>
<action no="2" player="Rakki" type="15" sum="8"/>
<action no="3" player="gtoonoob" type="1" discard="1" dealt="1" sum="40"/>
<action no="4" player="Rakki" type="2" sum="80"/>
</round>
<round no="1"><cards type="Pocket" player="Rakki">H8 C5</cards>
<cards type="Pocket" player="gtoonoob">X X</cards>
<action no="5" player="gtoonoob" type="23" discard="1" dealt="1" sum="490"/>
<action no="6" player="Rakki" type="0" sum="0"/>
</round>
</game>
<game gamecode="6453815427"><general><startdate>2025-08-15 03:44:35</startdate>
<round>1</round>
<failsafecounter/>
<players><player seat="10" name="gtoonoob" chips="586" dealer="0" win="96" bet="88" muck="1" rebuy="0" addon="0" merge="0" rebuychips="0" reg_code="5053651880"/>
<player seat="3" name="Rakki" chips="914" dealer="1" win="0" bet="48" muck="1" rebuy="0" addon="0" merge="0" rebuychips="0" reg_code="5053651863"/>
</players>
</general>
<round no="0"><action no="1" player="Rakki" type="15" sum="8"/>
<action no="2" player="gtoonoob" type="15" discard="1" dealt="1" sum="8"/>
<action no="3" player="Rakki" type="1" sum="40"/>
<action no="4" player="gtoonoob" type="2" discard="1" dealt="1" sum="80"/>
</round>
<round no="1"><cards type="Pocket" player="Rakki">D3 H7</cards>
<cards type="Pocket" player="gtoonoob">X X</cards>
<action no="5" player="Rakki" type="0" sum="0"/>
</round>
</game>
<game gamecode="6453815433"><general><startdate>2025-08-15 03:44:44</startdate>
<round>1</round>
<failsafecounter/>
<players><player seat="3" name="Rakki" chips="866" dealer="0" win="496" bet="368" muck="1" rebuy="0" addon="0" merge="0" rebuychips="0" reg_code="5053651863"/>
<player seat="10" name="gtoonoob" chips="634" dealer="1" win="0" bet="248" muck="1" rebuy="0" addon="0" merge="0" rebuychips="0" reg_code="5053651880"/>
</players>
</general>
<round no="0"><action no="1" player="gtoonoob" type="15" discard="1" dealt="1" sum="8"/>
<action no="2" player="Rakki" type="15" sum="8"/>
<action no="3" player="gtoonoob" type="1" discard="1" dealt="1" sum="40"/>
<action no="4" player="Rakki" type="2" sum="80"/>
</round>
<round no="1"><cards type="Pocket" player="gtoonoob">X X</cards>
<cards type="Pocket" player="Rakki">S8 C5</cards>
<action no="5" player="gtoonoob" type="3" discard="1" dealt="1" sum="40"/>
<action no="6" player="Rakki" type="4" sum="0"/>
</round>
<round no="2"><cards type="Flop">H8 D3 C2</cards>
<action no="7" player="Rakki" type="4" sum="0"/>
<action no="8" player="gtoonoob" type="5" discard="1" dealt="1" sum="80"/>
<action no="9" player="Rakki" type="23" sum="160"/>
<action no="10" player="gtoonoob" type="3" discard="1" dealt="1" sum="80"/>
</round>
<round no="3"><cards type="Turn">D8</cards>
<action no="11" player="Rakki" type="5" sum="120"/>
<action no="12" player="gtoonoob" type="0" discard="1" dealt="1" sum="0"/>
</round>
</game>
<game gamecode="6453815447"><general><startdate>2025-08-15 03:45:07</startdate>
<round>1</round>
<failsafecounter/>
<players><player seat="10" name="gtoonoob" chips="386" dealer="0" win="772" bet="386" muck="0" rebuy="0" addon="0" merge="0" rebuychips="0" reg_code="5053651880"/>
<player seat="3" name="Rakki" chips="1,114" dealer="1" win="0" bet="1,114" muck="0" rebuy="0" addon="0" merge="0" rebuychips="0" reg_code="5053651863"/>
</players>
</general>
<round no="0"><action no="1" player="Rakki" type="15" sum="8"/>
<action no="2" player="gtoonoob" type="15" discard="1" dealt="1" sum="8"/>
<action no="3" player="Rakki" type="1" sum="40"/>
<action no="4" player="gtoonoob" type="2" discard="1" dealt="1" sum="80"/>
</round>
<round no="1"><cards type="Pocket" player="gtoonoob">DK C6</cards>
<cards type="Pocket" player="Rakki">D5 HQ</cards>
<action no="5" player="Rakki" type="23" sum="1,106"/>
<action no="6" player="gtoonoob" type="7" discard="1" dealt="1" sum="298"/>
</round>
<round no="2"><cards type="Flop">S9 HA C4</cards>
</round>
<round no="3"><cards type="Turn">SK</cards>
</round>
<round no="4"><cards type="River">C8</cards>
</round>
</game>
<game gamecode="6453815459"><general><startdate>2025-08-15 03:45:21</startdate>
<round>1</round>
<failsafecounter/>
<players><player seat="3" name="Rakki" chips="728" dealer="0" win="0" bet="88" muck="1" rebuy="0" addon="0" merge="0" rebuychips="0" reg_code="5053651863"/>
<player seat="10" name="gtoonoob" chips="772" dealer="1" win="176" bet="772" muck="1" rebuy="0" addon="0" merge="0" rebuychips="0" reg_code="5053651880"/>
</players>
</general>
<round no="0"><action no="1" player="gtoonoob" type="15" discard="1" dealt="1" sum="8"/>
<action no="2" player="Rakki" type="15" sum="8"/>
<action no="3" player="gtoonoob" type="1" discard="1" dealt="1" sum="40"/>
<action no="4" player="Rakki" type="2" sum="80"/>
</round>
<round no="1"><cards type="Pocket" player="Rakki">DQ H2</cards>
<cards type="Pocket" player="gtoonoob">X X</cards>
<action no="5" player="gtoonoob" type="23" discard="1" dealt="1" sum="764"/>
<action no="6" player="Rakki" type="0" sum="0"/>
</round>
</game>
<game gamecode="6453815465"><general><startdate>2025-08-15 03:45:30</startdate>
<round>1</round>
<failsafecounter/>
<players><player seat="10" name="gtoonoob" chips="860" dealer="0" win="88" bet="88" muck="0" rebuy="0" addon="0" merge="0" rebuychips="0" reg_code="5053651880"/>
<player seat="3" name="Rakki" chips="640" dealer="1" win="88" bet="88" muck="0" rebuy="0" addon="0" merge="0" rebuychips="0" reg_code="5053651863"/>
</players>
</general>
<round no="0"><action no="1" player="Rakki" type="15" sum="8"/>
<action no="2" player="gtoonoob" type="15" discard="1" dealt="1" sum="8"/>
<action no="3" player="Rakki" type="1" sum="40"/>
<action no="4" player="gtoonoob" type="2" discard="1" dealt="1" sum="80"/>
</round>
<round no="1"><cards type="Pocket" player="gtoonoob">S8 C10</cards>
<cards type="Pocket" player="Rakki">S10 S5</cards>
<action no="5" player="Rakki" type="3" sum="40"/>
<action no="6" player="gtoonoob" type="4" discard="1" dealt="1" sum="0"/>
</round>
<round no="2"><cards type="Flop">HJ C2 H10</cards>
<action no="7" player="gtoonoob" type="4" discard="1" dealt="1" sum="0"/>
<action no="8" player="Rakki" type="4" sum="0"/>
</round>
<round no="3"><cards type="Turn">HQ</cards>
<action no="9" player="gtoonoob" type="4" discard="1" dealt="1" sum="0"/>
<action no="10" player="Rakki" type="4" sum="0"/>
</round>
<round no="4"><cards type="River">CK</cards>
<action no="11" player="gtoonoob" type="4" discard="1" dealt="1" sum="0"/>
<action no="12" player="Rakki" type="4" sum="0"/>
</round>
</game>
<game gamecode="6453815482"><general><startdate>2025-08-15 03:46:00</startdate>
<round>1</round>
<failsafecounter/>
<players><player seat="3" name="Rakki" chips="640" dealer="0" win="0" bet="88" muck="1" rebuy="0" addon="0" merge="0" rebuychips="0" reg_code="5053651863"/>
<player seat="10" name="gtoonoob" chips="860" dealer="1" win="176" bet="860" muck="1" rebuy="0" addon="0" merge="0" rebuychips="0" reg_code="5053651880"/>
</players>
</general>
<round no="0"><action no="1" player="gtoonoob" type="15" discard="1" dealt="1" sum="8"/>
<action no="2" player="Rakki" type="15" sum="8"/>
<action no="3" player="gtoonoob" type="1" discard="1" dealt="1" sum="40"/>
<action no="4" player="Rakki" type="2" sum="80"/>
</round>
<round no="1"><cards type="Pocket" player="gtoonoob">X X</cards>
<cards type="Pocket" player="Rakki">DJ H8</cards>
<action no="5" player="gtoonoob" type="23" discard="1" dealt="1" sum="852"/>
<action no="6" player="Rakki" type="0" sum="0"/>
</round>
</game>
<game gamecode="6453815489"><general><startdate>2025-08-15 03:46:07</startdate>
<round>1</round>
<failsafecounter/>
<players><player seat="10" name="gtoonoob" chips="948" dealer="0" win="176" bet="948" muck="1" rebuy="0" addon="0" merge="0" rebuychips="0" reg_code="5053651880"/>
<player seat="3" name="Rakki" chips="552" dealer="1" win="0" bet="88" muck="1" rebuy="0" addon="0" merge="0" rebuychips="0" reg_code="5053651863"/>
</players>
</general>
<round no="0"><action no="1" player="Rakki" type="15" sum="8"/>
<action no="2" player="gtoonoob" type="15" discard="1" dealt="1" sum="8"/>
<action no="3" player="Rakki" type="1" sum="40"/>
<action no="4" player="gtoonoob" type="2" discard="1" dealt="1" sum="80"/>
</round>
<round no="1"><cards type="Pocket" player="gtoonoob">X X</cards>
<cards type="Pocket" player="Rakki">S4 H5</cards>
<action no="5" player="Rakki" type="3" sum="40"/>
<action no="6" player="gtoonoob" type="23" discard="1" dealt="1" sum="940"/>
<action no="7" player="Rakki" type="0" sum="0"/>
</round>
</game>
<game gamecode="6453815492"><general><startdate>2025-08-15 03:46:16</startdate>
<round>1</round>
<failsafecounter/>
<players><player seat="3" name="Rakki" chips="464" dealer="0" win="928" bet="464" muck="0" rebuy="0" addon="0" merge="0" rebuychips="0" reg_code="5053651863"/>
<player seat="10" name="gtoonoob" chips="1,036" dealer="1" win="0" bet="464" muck="1" rebuy="0" addon="0" merge="0" rebuychips="0" reg_code="5053651880"/>
</players>
</general>
<round no="0"><action no="1" player="gtoonoob" type="15" discard="1" dealt="1" sum="8"/>
<action no="2" player="Rakki" type="15" sum="8"/>
<action no="3" player="gtoonoob" type="1" discard="1" dealt="1" sum="40"/>
<action no="4" player="Rakki" type="2" sum="80"/>
</round>
<round no="1"><cards type="Pocket" player="Rakki">SJ D10</cards>
<cards type="Pocket" player="gtoonoob">DJ SK</cards>
<action no="5" player="gtoonoob" type="3" discard="1" dealt="1" sum="40"/>
<action no="6" player="Rakki" type="23" sum="456"/>
<action no="7" player="gtoonoob" type="3" discard="1" dealt="1" sum="376"/>
</round>
<round no="2"><cards type="Flop">C10 S4 D4</cards>
</round>
<round no="3"><cards type="Turn">C8</cards>
</round>
<round no="4"><cards type="River">H10</cards>
</round>
</game>
<game gamecode="6453815500"><general><startdate>2025-08-15 03:46:32</startdate>
<round>1</round>
<failsafecounter/>
<players><player seat="10" name="gtoonoob" chips="572" dealer="0" win="0" bet="110" muck="1" rebuy="0" addon="0" merge="0" rebuychips="0" reg_code="5053651880"/>
<player seat="3" name="Rakki" chips="928" dealer="1" win="220" bet="928" muck="1" rebuy="0" addon="0" merge="0" rebuychips="0" reg_code="5053651863"/>
</players>
</general>
<round no="0"><action no="1" player="Rakki" type="15" sum="10"/>
<action no="2" player="gtoonoob" type="15" discard="1" dealt="1" sum="10"/>
<action no="3" player="Rakki" type="1" sum="50"/>
<action no="4" player="gtoonoob" type="2" discard="1" dealt="1" sum="100"/>
</round>
<round no="1"><cards type="Pocket" player="Rakki">SQ S3</cards>
<cards type="Pocket" player="gtoonoob">X X</cards>
<action no="5" player="Rakki" type="23" sum="918"/>
<action no="6" player="gtoonoob" type="0" discard="1" dealt="1" sum="0"/>
</round>
</game>
<game gamecode="6453815504"><general><startdate>2025-08-15 03:46:39</startdate>
<round>1</round>
<failsafecounter/>
<players><player seat="3" name="Rakki" chips="1,038" dealer="0" win="924" bet="462" muck="0" rebuy="0" addon="0" merge="0" rebuychips="0" reg_code="5053651863"/>
<player seat="10" name="gtoonoob" chips="462" dealer="1" win="0" bet="462" muck="0" rebuy="0" addon="0" merge="0" rebuychips="0" reg_code="5053651880"/>
</players>
</general>
<round no="0"><action no="1" player="gtoonoob" type="15" discard="1" dealt="1" sum="10"/>
<action no="2" player="Rakki" type="15" sum="10"/>
<action no="3" player="gtoonoob" type="1" discard="1" dealt="1" sum="50"/>
<action no="4" player="Rakki" type="2" sum="100"/>
</round>
<round no="1"><cards type="Pocket" player="gtoonoob">H7 D8</cards>
<cards type="Pocket" player="Rakki">DJ SJ</cards>
<action no="5" player="gtoonoob" type="23" discard="1" dealt="1" sum="452"/>
<action no="6" player="Rakki" type="3" sum="352"/>
</round>
<round no="2"><cards type="Flop">HA S9 SA</cards>
</round>
<round no="3"><cards type="Turn">D4</cards>
</round>
<round no="4"><cards type="River">S8</cards>
</round>
</game>
</session>
