<?xml version="1.0" encoding="UTF-8"?>
<session sessioncode="5053533230">
<general>
<client_version>25.1.1.16</client_version>
<mode>real</mode>
<gametype>Holdem NL</gametype>
<tablename>Twister €100 SNG, 815789847</tablename>
<tournamentcode>815789846</tournamentcode>
<tournamentname>Twister €100 SNG</tournamentname>
<buyin>€0 + €7 + €93</buyin>
<totalbuyin>€100</totalbuyin>
<rewarddrawn>€300</rewarddrawn>
<tournamentcurrency>EUR</tournamentcurrency>
<currency>EUR</currency>
<nickname>Rakki</nickname>
<gamecount>14</gamecount>
<startdate>2025-08-14 16:27:04</startdate>
<place>3</place>
<win>€0</win>
<tablesize>3</tablesize>
</general>
<game gamecode="6453328343"><general><startdate>2025-08-14 16:27:19</startdate>
<round>1</round>
<failsafecounter/>
<players><player seat="3" name="Rakki" chips="500" dealer="0" win="0" bet="20" muck="1" rebuy="0" addon="0" merge="0" rebuychips="0" reg_code="5053533230"/>
<player seat="6" name="Tiuualex" chips="500" dealer="1" win="0" bet="0" muck="1" rebuy="0" addon="0" merge="0" rebuychips="0" reg_code="5053533247"/>
<player seat="10" name="molnic01" chips="500" dealer="0" win="40" bet="60" muck="1" rebuy="0" addon="0" merge="0" rebuychips="0" reg_code="5053534487"/>
</players>
</general>
<round no="0"><action no="1" player="molnic01" type="1" discard="1" dealt="1" sum="10"/>
<action no="2" player="Rakki" type="2" sum="20"/>
</round>
<round no="1"><cards type="Pocket" player="Tiuualex">X X</cards>
<cards type="Pocket" player="Rakki">D7 H3</cards>
<cards type="Pocket" player="molnic01">X X</cards>
<action no="3" player="Tiuualex" type="0" discard="1" dealt="1" sum="0"/>
<action no="4" player="molnic01" type="3" discard="1" dealt="1" sum="10"/>
<action no="5" player="Rakki" type="4" sum="0"/>
</round>
<round no="2"><cards type="Flop">C8 DQ S8</cards>
<action no="6" player="molnic01" type="5" discard="1" dealt="1" sum="40"/>
<action no="7" player="Rakki" type="0" sum="0"/>
</round>
</game>
<game gamecode="6453328373"><general><startdate>2025-08-14 16:27:34</startdate>
<round>1</round>
<failsafecounter/>
<players><player seat="6" name="Tiuualex" chips="500" dealer="0" win="0" bet="20" muck="1" rebuy="0" addon="0" merge="0" rebuychips="0" reg_code="5053533247"/>
<player seat="10" name="molnic01" chips="520" dealer="1" win="0" bet="20" muck="1" rebuy="0" addon="0" merge="0" rebuychips="0" reg_code="5053534487"/>
<player seat="3" name="Rakki" chips="480" dealer="0" win="60" bet="60" muck="1" rebuy="0" addon="0" merge="0" rebuychips="0" reg_code="5053533230"/>
</players>
</general>
<round no="0"><action no="1" player="Rakki" type="1" sum="10"/>
<action no="2" player="Tiuualex" type="2" discard="1" dealt="1" sum="20"/>
</round>
<round no="1"><cards type="Pocket" player="Tiuualex">X X</cards>
<cards type="Pocket" player="molnic01">X X</cards>
<cards type="Pocket" player="Rakki">H5 S8</cards>
<action no="3" player="molnic01" type="3" discard="1" dealt="1" sum="20"/>
<action no="4" player="Rakki" type="3" sum="10"/>
<action no="5" player="Tiuualex" type="4" discard="1" dealt="1" sum="0"/>
</round>
<round no="2"><cards type="Flop">H9 H8 D5</cards>
<action no="6" player="Rakki" type="4" sum="0"/>
<action no="7" player="Tiuualex" type="4" discard="1" dealt="1" sum="0"/>
<action no="8" player="molnic01" type="4" discard="1" dealt="1" sum="0"/>
</round>
<round no="3"><cards type="Turn">H10</cards>
<action no="9" player="Rakki" type="5" sum="40"/>
<action no="10" player="Tiuualex" type="0" discard="1" dealt="1" sum="0"/>
<action no="11" player="molnic01" type="0" discard="1" dealt="1" sum="0"/>
</round>
</game>
<game gamecode="6453328428"><general><startdate>2025-08-14 16:28:04</startdate>
<round>1</round>
<failsafecounter/>
<players><player seat="10" name="molnic01" chips="500" dealer="0" win="170" bet="80" muck="0" rebuy="0" addon="0" merge="0" rebuychips="0" reg_code="5053534487"/>
<player seat="3" name="Rakki" chips="520" dealer="1" win="0" bet="80" muck="1" rebuy="0" addon="0" merge="0" rebuychips="0" reg_code="5053533230"/>
<player seat="6" name="Tiuualex" chips="480" dealer="0" win="0" bet="10" muck="1" rebuy="0" addon="0" merge="0" rebuychips="0" reg_code="5053533247"/>
</players>
</general>
<round no="0"><action no="1" player="Tiuualex" type="1" discard="1" dealt="1" sum="10"/>
<action no="2" player="molnic01" type="2" discard="1" dealt="1" sum="20"/>
</round>
<round no="1"><cards type="Pocket" player="Rakki">DK C9</cards>
<cards type="Pocket" player="molnic01">HJ S9</cards>
<cards type="Pocket" player="Tiuualex">X X</cards>
<action no="3" player="Rakki" type="23" sum="40"/>
<action no="4" player="Tiuualex" type="0" discard="1" dealt="1" sum="0"/>
<action no="5" player="molnic01" type="3" discard="1" dealt="1" sum="20"/>
</round>
<round no="2"><cards type="Flop">C7 H7 CJ</cards>
<action no="6" player="molnic01" type="4" discard="1" dealt="1" sum="0"/>
<action no="7" player="Rakki" type="4" sum="0"/>
</round>
<round no="3"><cards type="Turn">C8</cards>
<action no="8" player="molnic01" type="5" discard="1" dealt="1" sum="40"/>
<action no="9" player="Rakki" type="3" sum="40"/>
</round>
<round no="4"><cards type="River">D9</cards>
<action no="10" player="molnic01" type="4" discard="1" dealt="1" sum="0"/>
<action no="11" player="Rakki" type="4" sum="0"/>
</round>
</game>
<game gamecode="6453328462"><general><startdate>2025-08-14 16:28:23</startdate>
<round>1</round>
<failsafecounter/>
<players><player seat="3" name="Rakki" chips="440" dealer="0" win="880" bet="440" muck="0" rebuy="0" addon="0" merge="0" rebuychips="0" reg_code="5053533230"/>
<player seat="6" name="Tiuualex" chips="470" dealer="1" win="0" bet="0" muck="1" rebuy="0" addon="0" merge="0" rebuychips="0" reg_code="5053533247"/>
<player seat="10" name="molnic01" chips="590" dealer="0" win="0" bet="440" muck="1" rebuy="0" addon="0" merge="0" rebuychips="0" reg_code="5053534487"/>
</players>
</general>
<round no="0"><action no="1" player="molnic01" type="1" discard="1" dealt="1" sum="10"/>
<action no="2" player="Rakki" type="2" sum="20"/>
</round>
<round no="1"><cards type="Pocket" player="Tiuualex">X X</cards>
<cards type="Pocket" player="molnic01">S7 CA</cards>
<cards type="Pocket" player="Rakki">D8 HA</cards>
<action no="3" player="Tiuualex" type="0" discard="1" dealt="1" sum="0"/>
<action no="4" player="molnic01" type="3" discard="1" dealt="1" sum="10"/>
<action no="5" player="Rakki" type="23" sum="60"/>
<action no="6" player="molnic01" type="3" discard="1" dealt="1" sum="40"/>
</round>
<round no="2"><cards type="Flop">S2 H8 DQ</cards>
<action no="7" player="molnic01" type="4" discard="1" dealt="1" sum="0"/>
<action no="8" player="Rakki" type="4" sum="0"/>
</round>
<round no="3"><cards type="Turn">SA</cards>
<action no="9" player="molnic01" type="4" discard="1" dealt="1" sum="0"/>
<action no="10" player="Rakki" type="5" sum="80"/>
<action no="11" player="molnic01" type="3" discard="1" dealt="1" sum="80"/>
</round>
<round no="4"><cards type="River">C3</cards>
<action no="12" player="molnic01" type="5" discard="1" dealt="1" sum="200"/>
<action no="13" player="Rakki" type="7" sum="300"/>
<action no="14" player="molnic01" type="3" discard="1" dealt="1" sum="100"/>
</round>
</game>
<game gamecode="6453328517"><general><startdate>2025-08-14 16:28:49</startdate>
<round>1</round>
<failsafecounter/>
<players><player seat="6" name="Tiuualex" chips="470" dealer="0" win="20" bet="20" muck="1" rebuy="0" addon="0" merge="0" rebuychips="0" reg_code="5053533247"/>
<player seat="10" name="molnic01" chips="150" dealer="1" win="0" bet="0" muck="1" rebuy="0" addon="0" merge="0" rebuychips="0" reg_code="5053534487"/>
<player seat="3" name="Rakki" chips="880" dealer="0" win="0" bet="10" muck="1" rebuy="0" addon="0" merge="0" rebuychips="0" reg_code="5053533230"/>
</players>
</general>
<round no="0"><action no="1" player="Rakki" type="1" sum="10"/>
<action no="2" player="Tiuualex" type="2" discard="1" dealt="1" sum="20"/>
</round>
<round no="1"><cards type="Pocket" player="Rakki">C2 D8</cards>
<cards type="Pocket" player="Tiuualex">X X</cards>
<cards type="Pocket" player="molnic01">X X</cards>
<action no="3" player="molnic01" type="0" discard="1" dealt="1" sum="0"/>
<action no="4" player="Rakki" type="0" sum="0"/>
</round>
</game>
<game gamecode="6453328533"><general><startdate>2025-08-14 16:29:01</startdate>
<round>1</round>
<failsafecounter/>
<players><player seat="10" name="molnic01" chips="150" dealer="0" win="305" bet="150" muck="0" rebuy="0" addon="0" merge="0" rebuychips="0" reg_code="5053534487"/>
<player seat="3" name="Rakki" chips="870" dealer="1" win="0" bet="5" muck="1" rebuy="0" addon="0" merge="0" rebuychips="0" reg_code="5053533230"/>
<player seat="6" name="Tiuualex" chips="480" dealer="0" win="0" bet="480" muck="1" rebuy="0" addon="0" merge="0" rebuychips="0" reg_code="5053533247"/>
</players>
</general>
<round no="0"><action no="1" player="Tiuualex" type="15" discard="1" dealt="1" sum="5"/>
<action no="2" player="molnic01" type="15" discard="1" dealt="1" sum="5"/>
<action no="3" player="Rakki" type="15" sum="5"/>
<action no="4" player="Tiuualex" type="1" discard="1" dealt="1" sum="15"/>
<action no="5" player="molnic01" type="2" discard="1" dealt="1" sum="30"/>
</round>
<round no="1"><cards type="Pocket" player="molnic01">C10 DK</cards>
<cards type="Pocket" player="Tiuualex">D8 HJ</cards>
<cards type="Pocket" player="Rakki">H5 D3</cards>
<action no="6" player="Rakki" type="0" sum="0"/>
<action no="7" player="Tiuualex" type="23" discard="1" dealt="1" sum="475"/>
<action no="8" player="molnic01" type="7" discard="1" dealt="1" sum="115"/>
</round>
<round no="2"><cards type="Flop">DA DJ SQ</cards>
</round>
<round no="3"><cards type="Turn">S7</cards>
</round>
<round no="4"><cards type="River">H8</cards>
</round>
</game>
<game gamecode="6453328576"><general><startdate>2025-08-14 16:29:23</startdate>
<round>1</round>
<failsafecounter/>
<players><player seat="3" name="Rakki" chips="865" dealer="0" win="0" bet="305" muck="1" rebuy="0" addon="0" merge="0" rebuychips="0" reg_code="5053533230"/>
<player seat="6" name="Tiuualex" chips="330" dealer="1" win="0" bet="5" muck="1" rebuy="0" addon="0" merge="0" rebuychips="0" reg_code="5053533247"/>
<player seat="10" name="molnic01" chips="305" dealer="0" win="615" bet="305" muck="0" rebuy="0" addon="0" merge="0" rebuychips="0" reg_code="5053534487"/>
</players>
</general>
<round no="0"><action no="1" player="molnic01" type="15" discard="1" dealt="1" sum="5"/>
<action no="2" player="Rakki" type="15" sum="5"/>
<action no="3" player="Tiuualex" type="15" discard="1" dealt="1" sum="5"/>
<action no="4" player="molnic01" type="1" discard="1" dealt="1" sum="15"/>
<action no="5" player="Rakki" type="2" sum="30"/>
</round>
<round no="1"><cards type="Pocket" player="Rakki">CQ SJ</cards>
<cards type="Pocket" player="molnic01">CK S6</cards>
<cards type="Pocket" player="Tiuualex">X X</cards>
<action no="6" player="Tiuualex" type="0" discard="1" dealt="1" sum="0"/>
<action no="7" player="molnic01" type="23" discard="1" dealt="1" sum="300"/>
<action no="8" player="Rakki" type="3" sum="270"/>
</round>
<round no="2"><cards type="Flop">D4 S5 D3</cards>
</round>
<round no="3"><cards type="Turn">H3</cards>
</round>
<round no="4"><cards type="River">HK</cards>
</round>
</game>
<game gamecode="6453328613"><general><startdate>2025-08-14 16:29:42</startdate>
<round>1</round>
<failsafecounter/>
<players><player seat="6" name="Tiuualex" chips="325" dealer="0" win="0" bet="35" muck="1" rebuy="0" addon="0" merge="0" rebuychips="0" reg_code="5053533247"/>
<player seat="10" name="molnic01" chips="615" dealer="1" win="0" bet="5" muck="1" rebuy="0" addon="0" merge="0" rebuychips="0" reg_code="5053534487"/>
<player seat="3" name="Rakki" chips="560" dealer="0" win="75" bet="110" muck="1" rebuy="0" addon="0" merge="0" rebuychips="0" reg_code="5053533230"/>
</players>
</general>
<round no="0"><action no="1" player="Rakki" type="15" sum="5"/>
<action no="2" player="Tiuualex" type="15" discard="1" dealt="1" sum="5"/>
<action no="3" player="molnic01" type="15" discard="1" dealt="1" sum="5"/>
<action no="4" player="Rakki" type="1" sum="15"/>
<action no="5" player="Tiuualex" type="2" discard="1" dealt="1" sum="30"/>
</round>
<round no="1"><cards type="Pocket" player="Tiuualex">X X</cards>
<cards type="Pocket" player="molnic01">X X</cards>
<cards type="Pocket" player="Rakki">D10 C7</cards>
<action no="6" player="molnic01" type="0" discard="1" dealt="1" sum="0"/>
<action no="7" player="Rakki" type="3" sum="15"/>
<action no="8" player="Tiuualex" type="4" discard="1" dealt="1" sum="0"/>
</round>
<round no="2"><cards type="Flop">DA CK DJ</cards>
<action no="9" player="Rakki" type="4" sum="0"/>
<action no="10" player="Tiuualex" type="4" discard="1" dealt="1" sum="0"/>
</round>
<round no="3"><cards type="Turn">S4</cards>
<action no="11" player="Rakki" type="5" sum="75"/>
<action no="12" player="Tiuualex" type="0" discard="1" dealt="1" sum="0"/>
</round>
</game>
<game gamecode="6453328661"><general><startdate>2025-08-14 16:30:05</startdate>
<round>1</round>
<failsafecounter/>
<players><player seat="10" name="molnic01" chips="610" dealer="0" win="0" bet="35" muck="1" rebuy="0" addon="0" merge="0" rebuychips="0" reg_code="5053534487"/>
<player seat="3" name="Rakki" chips="600" dealer="1" win="0" bet="65" muck="1" rebuy="0" addon="0" merge="0" rebuychips="0" reg_code="5053533230"/>
<player seat="6" name="Tiuualex" chips="290" dealer="0" win="165" bet="290" muck="1" rebuy="0" addon="0" merge="0" rebuychips="0" reg_code="5053533247"/>
</players>
</general>
<round no="0"><action no="1" player="Tiuualex" type="15" discard="1" dealt="1" sum="5"/>
<action no="2" player="molnic01" type="15" discard="1" dealt="1" sum="5"/>
<action no="3" player="Rakki" type="15" sum="5"/>
<action no="4" player="Tiuualex" type="1" discard="1" dealt="1" sum="15"/>
<action no="5" player="molnic01" type="2" discard="1" dealt="1" sum="30"/>
</round>
<round no="1"><cards type="Pocket" player="molnic01">X X</cards>
<cards type="Pocket" player="Rakki">H5 HK</cards>
<cards type="Pocket" player="Tiuualex">X X</cards>
<action no="6" player="Rakki" type="23" sum="60"/>
<action no="7" player="Tiuualex" type="23" discard="1" dealt="1" sum="285"/>
<action no="8" player="molnic01" type="0" discard="1" dealt="1" sum="0"/>
<action no="9" player="Rakki" type="0" sum="0"/>
</round>
</game>
<game gamecode="6453328690"><general><startdate>2025-08-14 16:30:20</startdate>
<round>1</round>
<failsafecounter/>
<players><player seat="3" name="Rakki" chips="535" dealer="0" win="0" bet="35" muck="1" rebuy="0" addon="0" merge="0" rebuychips="0" reg_code="5053533230"/>
<player seat="6" name="Tiuualex" chips="390" dealer="1" win="0" bet="5" muck="1" rebuy="0" addon="0" merge="0" rebuychips="0" reg_code="5053533247"/>
<player seat="10" name="molnic01" chips="575" dealer="0" win="75" bet="95" muck="1" rebuy="0" addon="0" merge="0" rebuychips="0" reg_code="5053534487"/>
</players>
</general>
<round no="0"><action no="1" player="molnic01" type="15" discard="1" dealt="1" sum="5"/>
<action no="2" player="Rakki" type="15" sum="5"/>
<action no="3" player="Tiuualex" type="15" discard="1" dealt="1" sum="5"/>
<action no="4" player="molnic01" type="1" discard="1" dealt="1" sum="15"/>
<action no="5" player="Rakki" type="2" sum="30"/>
</round>
<round no="1"><cards type="Pocket" player="molnic01">X X</cards>
<cards type="Pocket" player="Rakki">D3 DJ</cards>
<cards type="Pocket" player="Tiuualex">X X</cards>
<action no="6" player="Tiuualex" type="0" discard="1" dealt="1" sum="0"/>
<action no="7" player="molnic01" type="3" discard="1" dealt="1" sum="15"/>
<action no="8" player="Rakki" type="4" sum="0"/>
</round>
<round no="2"><cards type="Flop">S8 H9 D5</cards>
<action no="9" player="molnic01" type="4" discard="1" dealt="1" sum="0"/>
<action no="10" player="Rakki" type="4" sum="0"/>
</round>
<round no="3"><cards type="Turn">CA</cards>
<action no="11" player="molnic01" type="5" discard="1" dealt="1" sum="60"/>
<action no="12" player="Rakki" type="0" sum="0"/>
</round>
</game>
<game gamecode="6453328730"><general><startdate>2025-08-14 16:30:40</startdate>
<round>1</round>
<failsafecounter/>
<players><player seat="6" name="Tiuualex" chips="385" dealer="0" win="135" bet="165" muck="1" rebuy="0" addon="0" merge="0" rebuychips="0" reg_code="5053533247"/>
<player seat="10" name="molnic01" chips="615" dealer="1" win="0" bet="45" muck="1" rebuy="0" addon="0" merge="0" rebuychips="0" reg_code="5053534487"/>
<player seat="3" name="Rakki" chips="500" dealer="0" win="0" bet="45" muck="1" rebuy="0" addon="0" merge="0" rebuychips="0" reg_code="5053533230"/>
</players>
</general>
<round no="0"><action no="1" player="Rakki" type="15" sum="5"/>
<action no="2" player="Tiuualex" type="15" discard="1" dealt="1" sum="5"/>
<action no="3" player="molnic01" type="15" discard="1" dealt="1" sum="5"/>
<action no="4" player="Rakki" type="1" sum="20"/>
<action no="5" player="Tiuualex" type="2" discard="1" dealt="1" sum="40"/>
</round>
<round no="1"><cards type="Pocket" player="Tiuualex">X X</cards>
<cards type="Pocket" player="molnic01">X X</cards>
<cards type="Pocket" player="Rakki">S4 S6</cards>
<action no="6" player="molnic01" type="3" discard="1" dealt="1" sum="40"/>
<action no="7" player="Rakki" type="3" sum="20"/>
<action no="8" player="Tiuualex" type="23" discard="1" dealt="1" sum="160"/>
<action no="9" player="molnic01" type="0" discard="1" dealt="1" sum="0"/>
<action no="10" player="Rakki" type="0" sum="0"/>
</round>
</game>
<game gamecode="6453328793"><general><startdate>2025-08-14 16:31:07</startdate>
<round>1</round>
<failsafecounter/>
<players><player seat="10" name="molnic01" chips="570" dealer="0" win="0" bet="45" muck="1" rebuy="0" addon="0" merge="0" rebuychips="0" reg_code="5053534487"/>
<player seat="3" name="Rakki" chips="455" dealer="1" win="0" bet="5" muck="1" rebuy="0" addon="0" merge="0" rebuychips="0" reg_code="5053533230"/>
<player seat="6" name="Tiuualex" chips="475" dealer="0" win="95" bet="89" muck="1" rebuy="0" addon="0" merge="0" rebuychips="0" reg_code="5053533247"/>
</players>
</general>
<round no="0"><action no="1" player="Tiuualex" type="15" discard="1" dealt="1" sum="5"/>
<action no="2" player="molnic01" type="15" discard="1" dealt="1" sum="5"/>
<action no="3" player="Rakki" type="15" sum="5"/>
<action no="4" player="Tiuualex" type="1" discard="1" dealt="1" sum="20"/>
<action no="5" player="molnic01" type="2" discard="1" dealt="1" sum="40"/>
</round>
<round no="1"><cards type="Pocket" player="Rakki">C3 C4</cards>
<cards type="Pocket" player="molnic01">X X</cards>
<cards type="Pocket" player="Tiuualex">X X</cards>
<action no="6" player="Rakki" type="0" sum="0"/>
<action no="7" player="Tiuualex" type="3" discard="1" dealt="1" sum="20"/>
<action no="8" player="molnic01" type="4" discard="1" dealt="1" sum="0"/>
</round>
<round no="2"><cards type="Flop">D5 HQ CK</cards>
<action no="9" player="Tiuualex" type="5" discard="1" dealt="1" sum="44"/>
<action no="10" player="molnic01" type="0" discard="1" dealt="1" sum="0"/>
</round>
</game>
<game gamecode="6453328848"><general><startdate>2025-08-14 16:31:33</startdate>
<round>1</round>
<failsafecounter/>
<players><player seat="3" name="Rakki" chips="450" dealer="0" win="0" bet="165" muck="0" rebuy="0" addon="0" merge="0" rebuychips="0" reg_code="5053533230"/>
<player seat="6" name="Tiuualex" chips="525" dealer="1" win="0" bet="5" muck="1" rebuy="0" addon="0" merge="0" rebuychips="0" reg_code="5053533247"/>
<player seat="10" name="molnic01" chips="525" dealer="0" win="335" bet="165" muck="0" rebuy="0" addon="0" merge="0" rebuychips="0" reg_code="5053534487"/>
</players>
</general>
<round no="0"><action no="1" player="molnic01" type="15" discard="1" dealt="1" sum="5"/>
<action no="2" player="Rakki" type="15" sum="5"/>
<action no="3" player="Tiuualex" type="15" discard="1" dealt="1" sum="5"/>
<action no="4" player="molnic01" type="1" discard="1" dealt="1" sum="20"/>
<action no="5" player="Rakki" type="2" sum="40"/>
</round>
<round no="1"><cards type="Pocket" player="molnic01">SQ S5</cards>
<cards type="Pocket" player="Tiuualex">X X</cards>
<cards type="Pocket" player="Rakki">S10 S7</cards>
<action no="6" player="Tiuualex" type="0" discard="1" dealt="1" sum="0"/>
<action no="7" player="molnic01" type="3" discard="1" dealt="1" sum="20"/>
<action no="8" player="Rakki" type="4" sum="0"/>
</round>
<round no="2"><cards type="Flop">SJ S3 C5</cards>
<action no="9" player="molnic01" type="4" discard="1" dealt="1" sum="0"/>
<action no="10" player="Rakki" type="4" sum="0"/>
</round>
<round no="3"><cards type="Turn">CA</cards>
<action no="11" player="molnic01" type="4" discard="1" dealt="1" sum="0"/>
<action no="12" player="Rakki" type="4" sum="0"/>
</round>
<round no="4"><cards type="River">C4</cards>
<action no="13" player="molnic01" type="4" discard="1" dealt="1" sum="0"/>
<action no="14" player="Rakki" type="5" sum="120"/>
<action no="15" player="molnic01" type="3" discard="1" dealt="1" sum="120"/>
</round>
</game>
<game gamecode="6453328916"><general><startdate>2025-08-14 16:32:04</startdate>
<round>1</round>
<failsafecounter/>
<players><player seat="6" name="Tiuualex" chips="520" dealer="0" win="0" bet="45" muck="1" rebuy="0" addon="0" merge="0" rebuychips="0" reg_code="5053533247"/>
<player seat="10" name="molnic01" chips="695" dealer="1" win="615" bet="285" muck="0" rebuy="0" addon="0" merge="0" rebuychips="0" reg_code="5053534487"/>
<player seat="3" name="Rakki" chips="285" dealer="0" win="0" bet="285" muck="0" rebuy="0" addon="0" merge="0" rebuychips="0" reg_code="5053533230"/>
</players>
</general>
<round no="0"><action no="1" player="Rakki" type="15" sum="5"/>
<action no="2" player="Tiuualex" type="15" discard="1" dealt="1" sum="5"/>
<action no="3" player="molnic01" type="15" discard="1" dealt="1" sum="5"/>
<action no="4" player="Rakki" type="1" sum="20"/>
<action no="5" player="Tiuualex" type="2" discard="1" dealt="1" sum="40"/>
</round>
<round no="1"><cards type="Pocket" player="Rakki">CJ DK</cards>
<cards type="Pocket" player="molnic01">SA C8</cards>
<cards type="Pocket" player="Tiuualex">X X</cards>
<action no="6" player="molnic01" type="3" discard="1" dealt="1" sum="40"/>
<action no="7" player="Rakki" type="23" sum="280"/>
<action no="8" player="Tiuualex" type="0" discard="1" dealt="1" sum="0"/>
<action no="9" player="molnic01" type="3" discard="1" dealt="1" sum="240"/>
</round>
<round no="2"><cards type="Flop">D3 C9 HA</cards>
</round>
<round no="3"><cards type="Turn">C10</cards>
</round>
<round no="4"><cards type="River">H8</cards>
</round>
</game>
</session>
