<?xml version="1.0" encoding="UTF-8"?>
<session sessioncode="5080814229">
<general>
<client_version>24.7.1.15</client_version>
<mode>real</mode>
<gametype>Holdem NL</gametype>
<tablename>Twister €200 SNG, 823913877</tablename>
<tournamentcode>823913876</tournamentcode>
<tournamentname>Twister €200 SNG</tournamentname>
<buyin>€0 + €12 + €188</buyin>
<totalbuyin>€200</totalbuyin>
<rewarddrawn>€400</rewarddrawn>
<tournamentcurrency>EUR</tournamentcurrency>
<currency>EUR</currency>
<nickname>KOPKHUNKRAP</nickname>
<gamecount>11</gamecount>
<startdate>2025-12-16 01:10:19</startdate>
<place>2</place>
<win>€0</win>
<tablesize>3</tablesize>
</general>
<game gamecode="6560272664"><general>
<startdate>2025-12-16 01:10:35</startdate>
<round>1</round>
<failsafecounter/>
<players><player seat="10" name="OndaBianca1" chips="500" dealer="0" win="100" bet="120" muck="1" rebuy="0" addon="0" merge="0" rebuychips="0" reg_code="5080814242"/>
<player seat="3" name="Zanjef" chips="500" dealer="1" win="0" bet="45" muck="1" rebuy="0" addon="0" merge="0" rebuychips="0" reg_code="5080814044"/>
<player seat="6" name="KOPKHUNKRAP" chips="500" dealer="0" win="0" bet="10" muck="1" rebuy="0" addon="0" merge="0" rebuychips="0" reg_code="5080814229"/>
</players>
</general>
<round no="0"><action no="1" player="KOPKHUNKRAP" type="1" sum="10"/>
<action no="2" player="OndaBianca1" type="2" discard="1" dealt="1" sum="20"/>
</round>
<round no="1"><cards type="Pocket" player="OndaBianca1">X X</cards>
<cards type="Pocket" player="KOPKHUNKRAP">H3 S5</cards>
<cards type="Pocket" player="Zanjef">X X</cards>
<action no="3" player="Zanjef" type="3" discard="1" dealt="1" sum="20"/>
<action no="4" player="KOPKHUNKRAP" type="0" sum="0"/>
<action no="5" player="OndaBianca1" type="4" discard="1" dealt="1" sum="0"/>
</round>
<round no="2"><cards type="Flop">SK DK C3</cards>
<action no="6" player="OndaBianca1" type="4" discard="1" dealt="1" sum="0"/>
<action no="7" player="Zanjef" type="5" discard="1" dealt="1" sum="25"/>
<action no="8" player="OndaBianca1" type="3" discard="1" dealt="1" sum="25"/>
</round>
<round no="3"><cards type="Turn">S3</cards>
<action no="9" player="OndaBianca1" type="4" discard="1" dealt="1" sum="0"/>
<action no="10" player="Zanjef" type="4" discard="1" dealt="1" sum="0"/>
</round>
<round no="4"><cards type="River">HJ</cards>
<action no="11" player="OndaBianca1" type="5" discard="1" dealt="1" sum="75"/>
<action no="12" player="Zanjef" type="0" discard="1" dealt="1" sum="0"/>
</round>
</game>
<game gamecode="6560279703"><general>
<startdate>2025-12-16 01:11:17</startdate>
<round>1</round>
<failsafecounter/>
<players><player seat="3" name="Zanjef" chips="455" dealer="0" win="0" bet="175" muck="1" rebuy="0" addon="0" merge="0" rebuychips="0" reg_code="5080814044"/>
<player seat="6" name="KOPKHUNKRAP" chips="490" dealer="1" win="360" bet="490" muck="1" rebuy="0" addon="0" merge="0" rebuychips="0" reg_code="5080814229"/>
<player seat="10" name="OndaBianca1" chips="555" dealer="0" win="0" bet="10" muck="1" rebuy="0" addon="0" merge="0" rebuychips="0" reg_code="5080814242"/>
</players>
</general>
<round no="0"><action no="1" player="OndaBianca1" type="1" discard="1" dealt="1" sum="10"/>
<action no="2" player="Zanjef" type="2" discard="1" dealt="1" sum="20"/>
</round>
<round no="1"><cards type="Pocket" player="OndaBianca1">X X</cards>
<cards type="Pocket" player="KOPKHUNKRAP">C9 DA</cards>
<cards type="Pocket" player="Zanjef">X X</cards>
<action no="3" player="KOPKHUNKRAP" type="23" sum="40"/>
<action no="4" player="OndaBianca1" type="0" discard="1" dealt="1" sum="0"/>
<action no="5" player="Zanjef" type="3" discard="1" dealt="1" sum="20"/>
</round>
<round no="2"><cards type="Flop">S6 H10 C6</cards>
<action no="6" player="Zanjef" type="4" discard="1" dealt="1" sum="0"/>
<action no="7" player="KOPKHUNKRAP" type="4" sum="0"/>
</round>
<round no="3"><cards type="Turn">D7</cards>
<action no="8" player="Zanjef" type="5" discard="1" dealt="1" sum="45"/>
<action no="9" player="KOPKHUNKRAP" type="3" sum="45"/>
</round>
<round no="4"><cards type="River">H8</cards>
<action no="10" player="Zanjef" type="5" discard="1" dealt="1" sum="90"/>
<action no="11" player="KOPKHUNKRAP" type="23" sum="405"/>
<action no="12" player="Zanjef" type="0" discard="1" dealt="1" sum="0"/>
</round>
</game>
<game gamecode="6560279818"><general>
<startdate>2025-12-16 01:12:01</startdate>
<round>1</round>
<failsafecounter/>
<players><player seat="6" name="KOPKHUNKRAP" chips="675" dealer="0" win="240" bet="675" muck="1" rebuy="0" addon="0" merge="0" rebuychips="0" reg_code="5080814229"/>
<player seat="10" name="OndaBianca1" chips="545" dealer="1" win="0" bet="0" muck="1" rebuy="0" addon="0" merge="0" rebuychips="0" reg_code="5080814242"/>
<player seat="3" name="Zanjef" chips="280" dealer="0" win="0" bet="120" muck="1" rebuy="0" addon="0" merge="0" rebuychips="0" reg_code="5080814044"/>
</players>
</general>
<round no="0"><action no="1" player="Zanjef" type="1" discard="1" dealt="1" sum="10"/>
<action no="2" player="KOPKHUNKRAP" type="2" sum="20"/>
</round>
<round no="1"><cards type="Pocket" player="Zanjef">X X</cards>
<cards type="Pocket" player="KOPKHUNKRAP">C5 DK</cards>
<cards type="Pocket" player="OndaBianca1">X X</cards>
<action no="3" player="OndaBianca1" type="0" discard="1" dealt="1" sum="0"/>
<action no="4" player="Zanjef" type="3" discard="1" dealt="1" sum="10"/>
<action no="5" player="KOPKHUNKRAP" type="4" sum="0"/>
</round>
<round no="2"><cards type="Flop">D5 H3 C2</cards>
<action no="6" player="Zanjef" type="4" discard="1" dealt="1" sum="0"/>
<action no="7" player="KOPKHUNKRAP" type="5" sum="40"/>
<action no="8" player="Zanjef" type="3" discard="1" dealt="1" sum="40"/>
</round>
<round no="3"><cards type="Turn">S3</cards>
<action no="9" player="Zanjef" type="4" discard="1" dealt="1" sum="0"/>
<action no="10" player="KOPKHUNKRAP" type="5" sum="60"/>
<action no="11" player="Zanjef" type="3" discard="1" dealt="1" sum="60"/>
</round>
<round no="4"><cards type="River">S8</cards>
<action no="12" player="Zanjef" type="4" discard="1" dealt="1" sum="0"/>
<action no="13" player="KOPKHUNKRAP" type="5" sum="555"/>
<action no="14" player="Zanjef" type="0" discard="1" dealt="1" sum="0"/>
</round>
</game>
<game gamecode="6560279910"><general>
<startdate>2025-12-16 01:12:37</startdate>
<round>1</round>
<failsafecounter/>
<players><player seat="10" name="OndaBianca1" chips="545" dealer="0" win="0" bet="160" muck="1" rebuy="0" addon="0" merge="0" rebuychips="0" reg_code="5080814242"/>
<player seat="3" name="Zanjef" chips="160" dealer="1" win="340" bet="160" muck="0" rebuy="0" addon="0" merge="0" rebuychips="0" reg_code="5080814044"/>
<player seat="6" name="KOPKHUNKRAP" chips="795" dealer="0" win="0" bet="20" muck="1" rebuy="0" addon="0" merge="0" rebuychips="0" reg_code="5080814229"/>
</players>
</general>
<round no="0"><action no="1" player="KOPKHUNKRAP" type="15" sum="5"/>
<action no="2" player="OndaBianca1" type="15" discard="1" dealt="1" sum="5"/>
<action no="3" player="Zanjef" type="15" discard="1" dealt="1" sum="5"/>
<action no="4" player="KOPKHUNKRAP" type="1" sum="15"/>
<action no="5" player="OndaBianca1" type="2" discard="1" dealt="1" sum="30"/>
</round>
<round no="1"><cards type="Pocket" player="OndaBianca1">D10 SQ</cards>
<cards type="Pocket" player="Zanjef">H9 H10</cards>
<cards type="Pocket" player="KOPKHUNKRAP">C8 S4</cards>
<action no="6" player="Zanjef" type="23" discard="1" dealt="1" sum="155"/>
<action no="7" player="KOPKHUNKRAP" type="0" sum="0"/>
<action no="8" player="OndaBianca1" type="3" discard="1" dealt="1" sum="125"/>
</round>
<round no="2"><cards type="Flop">H6 H5 HK</cards>
</round>
<round no="3"><cards type="Turn">S8</cards>
</round>
<round no="4"><cards type="River">CA</cards>
</round>
</game>
<game gamecode="6560279952"><general>
<startdate>2025-12-16 01:12:56</startdate>
<round>1</round>
<failsafecounter/>
<players><player seat="3" name="Zanjef" chips="340" dealer="0" win="0" bet="340" muck="0" rebuy="0" addon="0" merge="0" rebuychips="0" reg_code="5080814044"/>
<player seat="6" name="KOPKHUNKRAP" chips="775" dealer="1" win="0" bet="5" muck="1" rebuy="0" addon="0" merge="0" rebuychips="0" reg_code="5080814229"/>
<player seat="10" name="OndaBianca1" chips="385" dealer="0" win="685" bet="385" muck="0" rebuy="0" addon="0" merge="0" rebuychips="0" reg_code="5080814242"/>
</players>
</general>
<round no="0"><action no="1" player="OndaBianca1" type="15" discard="1" dealt="1" sum="5"/>
<action no="2" player="Zanjef" type="15" discard="1" dealt="1" sum="5"/>
<action no="3" player="KOPKHUNKRAP" type="15" sum="5"/>
<action no="4" player="OndaBianca1" type="1" discard="1" dealt="1" sum="15"/>
<action no="5" player="Zanjef" type="2" discard="1" dealt="1" sum="30"/>
</round>
<round no="1"><cards type="Pocket" player="OndaBianca1">C8 C6</cards>
<cards type="Pocket" player="KOPKHUNKRAP">DK S8</cards>
<cards type="Pocket" player="Zanjef">C7 SA</cards>
<action no="6" player="KOPKHUNKRAP" type="0" sum="0"/>
<action no="7" player="OndaBianca1" type="23" discard="1" dealt="1" sum="380"/>
<action no="8" player="Zanjef" type="7" discard="1" dealt="1" sum="305"/>
</round>
<round no="2"><cards type="Flop">H2 SJ D3</cards>
</round>
<round no="3"><cards type="Turn">D6</cards>
</round>
<round no="4"><cards type="River">C2</cards>
</round>
</game>
<game gamecode="6560279995"><general>
<startdate>2025-12-16 01:13:14</startdate>
<round>1</round>
<failsafecounter/>
<players><player seat="6" name="KOPKHUNKRAP" chips="770" dealer="0" win="0" bet="730" muck="1" rebuy="0" addon="0" merge="0" rebuychips="0" reg_code="5080814229"/>
<player seat="10" name="OndaBianca1" chips="730" dealer="1" win="1,460" bet="730" muck="0" rebuy="0" addon="0" merge="0" rebuychips="0" reg_code="5080814242"/>
</players>
</general>
<round no="0"><action no="1" player="OndaBianca1" type="15" discard="1" dealt="1" sum="5"/>
<action no="2" player="KOPKHUNKRAP" type="15" sum="5"/>
<action no="3" player="OndaBianca1" type="1" discard="1" dealt="1" sum="15"/>
<action no="4" player="KOPKHUNKRAP" type="2" sum="30"/>
</round>
<round no="1"><cards type="Pocket" player="OndaBianca1">DA CQ</cards>
<cards type="Pocket" player="KOPKHUNKRAP">DJ DK</cards>
<action no="5" player="OndaBianca1" type="23" discard="1" dealt="1" sum="60"/>
<action no="6" player="KOPKHUNKRAP" type="23" sum="150"/>
<action no="7" player="OndaBianca1" type="23" discard="1" dealt="1" sum="725"/>
<action no="8" player="KOPKHUNKRAP" type="3" sum="575"/>
</round>
<round no="2"><cards type="Flop">CA H5 S10</cards>
</round>
<round no="3"><cards type="Turn">C2</cards>
</round>
<round no="4"><cards type="River">S5</cards>
</round>
</game>
<game gamecode="6560280040"><general>
<startdate>2025-12-16 01:13:35</startdate>
<round>1</round>
<failsafecounter/>
<players><player seat="10" name="OndaBianca1" chips="1,460" dealer="0" win="0" bet="40" muck="1" rebuy="0" addon="0" merge="0" rebuychips="0" reg_code="5080814242"/>
<player seat="6" name="KOPKHUNKRAP" chips="40" dealer="1" win="80" bet="40" muck="0" rebuy="0" addon="0" merge="0" rebuychips="0" reg_code="5080814229"/>
</players>
</general>
<round no="0"><action no="1" player="KOPKHUNKRAP" type="15" sum="5"/>
<action no="2" player="OndaBianca1" type="15" discard="1" dealt="1" sum="5"/>
<action no="3" player="KOPKHUNKRAP" type="1" sum="15"/>
<action no="4" player="OndaBianca1" type="2" discard="1" dealt="1" sum="30"/>
</round>
<round no="1"><cards type="Pocket" player="KOPKHUNKRAP">S4 H3</cards>
<cards type="Pocket" player="OndaBianca1">C7 CQ</cards>
<action no="5" player="KOPKHUNKRAP" type="7" sum="20"/>
<action no="6" player="OndaBianca1" type="3" discard="1" dealt="1" sum="5"/>
</round>
<round no="2"><cards type="Flop">S8 HA SA</cards>
</round>
<round no="3"><cards type="Turn">D2</cards>
</round>
<round no="4"><cards type="River">H4</cards>
</round>
</game>
<game gamecode="6560280083"><general>
<startdate>2025-12-16 01:13:52</startdate>
<round>1</round>
<failsafecounter/>
<players><player seat="6" name="KOPKHUNKRAP" chips="80" dealer="0" win="40" bet="35" muck="1" rebuy="0" addon="0" merge="0" rebuychips="0" reg_code="5080814229"/>
<player seat="10" name="OndaBianca1" chips="1,420" dealer="1" win="0" bet="20" muck="1" rebuy="0" addon="0" merge="0" rebuychips="0" reg_code="5080814242"/>
</players>
</general>
<round no="0"><action no="1" player="OndaBianca1" type="15" discard="1" dealt="1" sum="5"/>
<action no="2" player="KOPKHUNKRAP" type="15" sum="5"/>
<action no="3" player="OndaBianca1" type="1" discard="1" dealt="1" sum="15"/>
<action no="4" player="KOPKHUNKRAP" type="2" sum="30"/>
</round>
<round no="1"><cards type="Pocket" player="OndaBianca1">X X</cards>
<cards type="Pocket" player="KOPKHUNKRAP">S4 SK</cards>
<action no="5" player="OndaBianca1" type="0" discard="1" dealt="1" sum="0"/>
</round>
</game>
<game gamecode="6560280107"><general>
<startdate>2025-12-16 01:14:02</startdate>
<round>1</round>
<failsafecounter/>
<players><player seat="10" name="OndaBianca1" chips="1,400" dealer="0" win="100" bet="100" muck="0" rebuy="0" addon="0" merge="0" rebuychips="0" reg_code="5080814242"/>
<player seat="6" name="KOPKHUNKRAP" chips="100" dealer="1" win="100" bet="100" muck="0" rebuy="0" addon="0" merge="0" rebuychips="0" reg_code="5080814229"/>
</players>
</general>
<round no="0"><action no="1" player="KOPKHUNKRAP" type="15" sum="5"/>
<action no="2" player="OndaBianca1" type="15" discard="1" dealt="1" sum="5"/>
<action no="3" player="KOPKHUNKRAP" type="1" sum="20"/>
<action no="4" player="OndaBianca1" type="2" discard="1" dealt="1" sum="40"/>
</round>
<round no="1"><cards type="Pocket" player="KOPKHUNKRAP">DA C7</cards>
<cards type="Pocket" player="OndaBianca1">D7 HA</cards>
<action no="5" player="KOPKHUNKRAP" type="23" sum="95"/>
<action no="6" player="OndaBianca1" type="3" discard="1" dealt="1" sum="55"/>
</round>
<round no="2"><cards type="Flop">C9 D5 S7</cards>
</round>
<round no="3"><cards type="Turn">CJ</cards>
</round>
<round no="4"><cards type="River">S9</cards>
</round>
</game>
<game gamecode="6560280152"><general>
<startdate>2025-12-16 01:14:20</startdate>
<round>1</round>
<failsafecounter/>
<players><player seat="6" name="KOPKHUNKRAP" chips="100" dealer="0" win="50" bet="45" muck="1" rebuy="0" addon="0" merge="0" rebuychips="0" reg_code="5080814229"/>
<player seat="10" name="OndaBianca1" chips="1,400" dealer="1" win="0" bet="25" muck="1" rebuy="0" addon="0" merge="0" rebuychips="0" reg_code="5080814242"/>
</players>
</general>
<round no="0"><action no="1" player="OndaBianca1" type="15" discard="1" dealt="1" sum="5"/>
<action no="2" player="KOPKHUNKRAP" type="15" sum="5"/>
<action no="3" player="OndaBianca1" type="1" discard="1" dealt="1" sum="20"/>
<action no="4" player="KOPKHUNKRAP" type="2" sum="40"/>
</round>
<round no="1"><cards type="Pocket" player="OndaBianca1">X X</cards>
<cards type="Pocket" player="KOPKHUNKRAP">H10 S3</cards>
<action no="5" player="OndaBianca1" type="0" discard="1" dealt="1" sum="0"/>
</round>
</game>
<game gamecode="6560280166"><general>
<startdate>2025-12-16 01:14:25</startdate>
<round>1</round>
<failsafecounter/>
<players><player seat="10" name="OndaBianca1" chips="1,375" dealer="0" win="250" bet="125" muck="0" rebuy="0" addon="0" merge="0" rebuychips="0" reg_code="5080814242"/>
<player seat="6" name="KOPKHUNKRAP" chips="125" dealer="1" win="0" bet="125" muck="0" rebuy="0" addon="0" merge="0" rebuychips="0" reg_code="5080814229"/>
</players>
</general>
<round no="0"><action no="1" player="KOPKHUNKRAP" type="15" sum="5"/>
<action no="2" player="OndaBianca1" type="15" discard="1" dealt="1" sum="5"/>
<action no="3" player="KOPKHUNKRAP" type="1" sum="20"/>
<action no="4" player="OndaBianca1" type="2" discard="1" dealt="1" sum="40"/>
</round>
<round no="1"><cards type="Pocket" player="KOPKHUNKRAP">DK C5</cards>
<cards type="Pocket" player="OndaBianca1">DJ H2</cards>
<action no="5" player="KOPKHUNKRAP" type="23" sum="120"/>
<action no="6" player="OndaBianca1" type="3" discard="1" dealt="1" sum="80"/>
</round>
<round no="2"><cards type="Flop">D4 S4 S3</cards>
</round>
<round no="3"><cards type="Turn">C9</cards>
</round>
<round no="4"><cards type="River">D2</cards>
</round>
</game>
</session>
