<?xml version="1.0" encoding="UTF-8"?>
<session sessioncode="5081649062">
<general>
<client_version>24.7.1.15</client_version>
<mode>real</mode>
<gametype>Holdem NL</gametype>
<tablename>Twister €100 SNG, 824176220</tablename>
<tournamentcode>824176219</tournamentcode>
<tournamentname>Twister €100 SNG</tournamentname>
<buyin>€0 + €7 + €93</buyin>
<totalbuyin>€100</totalbuyin>
<rewarddrawn>€200</rewarddrawn>
<tournamentcurrency>EUR</tournamentcurrency>
<currency>EUR</currency>
<nickname>KOPKHUNKRAP</nickname>
<gamecount>16</gamecount>
<startdate>2025-12-19 04:32:24</startdate>
<place>1</place>
<win>€200</win>
<tablesize>3</tablesize>
</general>
<game gamecode="6563605377"><general>
<startdate>2025-12-19 04:32:39</startdate>
<round>1</round>
<failsafecounter/>
<players><player seat="10" name="KOPKHUNKRAP" chips="500" dealer="0" win="0" bet="20" muck="1" rebuy="0" addon="0" merge="0" rebuychips="0" reg_code="5081649062"/>
<player seat="3" name="Aomanuahi" chips="500" dealer="1" win="50" bet="40" muck="1" rebuy="0" addon="0" merge="0" rebuychips="0" reg_code="5081648700"/>
<player seat="6" name="Zeeria" chips="500" dealer="0" win="0" bet="10" muck="1" rebuy="0" addon="0" merge="0" rebuychips="0" reg_code="5081648754"/>
</players>
</general>
<round no="0"><action no="1" player="Zeeria" type="1" discard="1" dealt="1" sum="10"/>
<action no="2" player="KOPKHUNKRAP" type="2" sum="20"/>
</round>
<round no="1"><cards type="Pocket" player="KOPKHUNKRAP">H3 SQ</cards>
<cards type="Pocket" player="Zeeria">X X</cards>
<cards type="Pocket" player="Aomanuahi">X X</cards>
<action no="3" player="Aomanuahi" type="23" discard="1" dealt="1" sum="40"/>
<action no="4" player="Zeeria" type="0" discard="1" dealt="1" sum="0"/>
<action no="5" player="KOPKHUNKRAP" type="0" sum="0"/>
</round>
</game>
<game gamecode="6563605395"><general>
<startdate>2025-12-19 04:32:54</startdate>
<round>1</round>
<failsafecounter/>
<players><player seat="3" name="Aomanuahi" chips="530" dealer="0" win="20" bet="20" muck="1" rebuy="0" addon="0" merge="0" rebuychips="0" reg_code="5081648700"/>
<player seat="6" name="Zeeria" chips="490" dealer="1" win="0" bet="0" muck="1" rebuy="0" addon="0" merge="0" rebuychips="0" reg_code="5081648754"/>
<player seat="10" name="KOPKHUNKRAP" chips="480" dealer="0" win="0" bet="10" muck="1" rebuy="0" addon="0" merge="0" rebuychips="0" reg_code="5081649062"/>
</players>
</general>
<round no="0"><action no="1" player="KOPKHUNKRAP" type="1" sum="10"/>
<action no="2" player="Aomanuahi" type="2" discard="1" dealt="1" sum="20"/>
</round>
<round no="1"><cards type="Pocket" player="Zeeria">X X</cards>
<cards type="Pocket" player="KOPKHUNKRAP">H5 C4</cards>
<cards type="Pocket" player="Aomanuahi">X X</cards>
<action no="3" player="Zeeria" type="0" discard="1" dealt="1" sum="0"/>
<action no="4" player="KOPKHUNKRAP" type="0" sum="0"/>
</round>
</game>
<game gamecode="6563605405"><general>
<startdate>2025-12-19 04:33:06</startdate>
<round>1</round>
<failsafecounter/>
<players><player seat="6" name="Zeeria" chips="490" dealer="0" win="90" bet="160" muck="1" rebuy="0" addon="0" merge="0" rebuychips="0" reg_code="5081648754"/>
<player seat="10" name="KOPKHUNKRAP" chips="470" dealer="1" win="0" bet="40" muck="1" rebuy="0" addon="0" merge="0" rebuychips="0" reg_code="5081649062"/>
<player seat="3" name="Aomanuahi" chips="540" dealer="0" win="0" bet="10" muck="1" rebuy="0" addon="0" merge="0" rebuychips="0" reg_code="5081648700"/>
</players>
</general>
<round no="0"><action no="1" player="Aomanuahi" type="1" discard="1" dealt="1" sum="10"/>
<action no="2" player="Zeeria" type="2" discard="1" dealt="1" sum="20"/>
</round>
<round no="1"><cards type="Pocket" player="KOPKHUNKRAP">SK SA</cards>
<cards type="Pocket" player="Zeeria">X X</cards>
<cards type="Pocket" player="Aomanuahi">X X</cards>
<action no="3" player="KOPKHUNKRAP" type="23" sum="40"/>
<action no="4" player="Aomanuahi" type="0" discard="1" dealt="1" sum="0"/>
<action no="5" player="Zeeria" type="3" discard="1" dealt="1" sum="20"/>
</round>
<round no="2"><cards type="Flop">H9 H7 C7</cards>
<action no="6" player="Zeeria" type="4" discard="1" dealt="1" sum="0"/>
<action no="7" player="KOPKHUNKRAP" type="4" sum="0"/>
</round>
<round no="3"><cards type="Turn">HJ</cards>
<action no="8" player="Zeeria" type="5" discard="1" dealt="1" sum="120"/>
<action no="9" player="KOPKHUNKRAP" type="0" sum="0"/>
</round>
</game>
<game gamecode="6563605429"><general>
<startdate>2025-12-19 04:33:32</startdate>
<round>1</round>
<failsafecounter/>
<players><player seat="10" name="KOPKHUNKRAP" chips="430" dealer="0" win="100" bet="430" muck="1" rebuy="0" addon="0" merge="0" rebuychips="0" reg_code="5081649062"/>
<player seat="3" name="Aomanuahi" chips="530" dealer="1" win="0" bet="0" muck="1" rebuy="0" addon="0" merge="0" rebuychips="0" reg_code="5081648700"/>
<player seat="6" name="Zeeria" chips="540" dealer="0" win="0" bet="50" muck="1" rebuy="0" addon="0" merge="0" rebuychips="0" reg_code="5081648754"/>
</players>
</general>
<round no="0"><action no="1" player="Zeeria" type="1" discard="1" dealt="1" sum="10"/>
<action no="2" player="KOPKHUNKRAP" type="2" sum="20"/>
</round>
<round no="1"><cards type="Pocket" player="KOPKHUNKRAP">HA CJ</cards>
<cards type="Pocket" player="Zeeria">X X</cards>
<cards type="Pocket" player="Aomanuahi">X X</cards>
<action no="3" player="Aomanuahi" type="0" discard="1" dealt="1" sum="0"/>
<action no="4" player="Zeeria" type="23" discard="1" dealt="1" sum="50"/>
<action no="5" player="KOPKHUNKRAP" type="23" sum="430"/>
<action no="6" player="Zeeria" type="0" discard="1" dealt="1" sum="0"/>
</round>
</game>
<game gamecode="6563605449"><general>
<startdate>2025-12-19 04:33:55</startdate>
<round>1</round>
<failsafecounter/>
<players><player seat="3" name="Aomanuahi" chips="530" dealer="0" win="20" bet="20" muck="1" rebuy="0" addon="0" merge="0" rebuychips="0" reg_code="5081648700"/>
<player seat="6" name="Zeeria" chips="490" dealer="1" win="0" bet="0" muck="1" rebuy="0" addon="0" merge="0" rebuychips="0" reg_code="5081648754"/>
<player seat="10" name="KOPKHUNKRAP" chips="480" dealer="0" win="0" bet="10" muck="1" rebuy="0" addon="0" merge="0" rebuychips="0" reg_code="5081649062"/>
</players>
</general>
<round no="0"><action no="1" player="KOPKHUNKRAP" type="1" sum="10"/>
<action no="2" player="Aomanuahi" type="2" discard="1" dealt="1" sum="20"/>
</round>
<round no="1"><cards type="Pocket" player="Zeeria">X X</cards>
<cards type="Pocket" player="Aomanuahi">X X</cards>
<cards type="Pocket" player="KOPKHUNKRAP">SJ C6</cards>
<action no="3" player="Zeeria" type="0" discard="1" dealt="1" sum="0"/>
<action no="4" player="KOPKHUNKRAP" type="0" sum="0"/>
</round>
</game>
<game gamecode="6563605462"><general>
<startdate>2025-12-19 04:34:06</startdate>
<round>1</round>
<failsafecounter/>
<players><player seat="6" name="Zeeria" chips="490" dealer="0" win="0" bet="20" muck="1" rebuy="0" addon="0" merge="0" rebuychips="0" reg_code="5081648754"/>
<player seat="10" name="KOPKHUNKRAP" chips="470" dealer="1" win="50" bet="40" muck="1" rebuy="0" addon="0" merge="0" rebuychips="0" reg_code="5081649062"/>
<player seat="3" name="Aomanuahi" chips="540" dealer="0" win="0" bet="10" muck="1" rebuy="0" addon="0" merge="0" rebuychips="0" reg_code="5081648700"/>
</players>
</general>
<round no="0"><action no="1" player="Aomanuahi" type="1" discard="1" dealt="1" sum="10"/>
<action no="2" player="Zeeria" type="2" discard="1" dealt="1" sum="20"/>
</round>
<round no="1"><cards type="Pocket" player="Zeeria">X X</cards>
<cards type="Pocket" player="KOPKHUNKRAP">D7 DA</cards>
<cards type="Pocket" player="Aomanuahi">X X</cards>
<action no="3" player="KOPKHUNKRAP" type="23" sum="40"/>
<action no="4" player="Aomanuahi" type="0" discard="1" dealt="1" sum="0"/>
<action no="5" player="Zeeria" type="0" discard="1" dealt="1" sum="0"/>
</round>
</game>
<game gamecode="6563605488"><general>
<startdate>2025-12-19 04:34:31</startdate>
<round>1</round>
<failsafecounter/>
<players><player seat="10" name="KOPKHUNKRAP" chips="500" dealer="0" win="0" bet="35" muck="1" rebuy="0" addon="0" merge="0" rebuychips="0" reg_code="5081649062"/>
<player seat="3" name="Aomanuahi" chips="530" dealer="1" win="0" bet="5" muck="1" rebuy="0" addon="0" merge="0" rebuychips="0" reg_code="5081648700"/>
<player seat="6" name="Zeeria" chips="470" dealer="0" win="75" bet="80" muck="1" rebuy="0" addon="0" merge="0" rebuychips="0" reg_code="5081648754"/>
</players>
</general>
<round no="0"><action no="1" player="Zeeria" type="15" discard="1" dealt="1" sum="5"/>
<action no="2" player="KOPKHUNKRAP" type="15" sum="5"/>
<action no="3" player="Aomanuahi" type="15" discard="1" dealt="1" sum="5"/>
<action no="4" player="Zeeria" type="1" discard="1" dealt="1" sum="15"/>
<action no="5" player="KOPKHUNKRAP" type="2" sum="30"/>
</round>
<round no="1"><cards type="Pocket" player="Zeeria">X X</cards>
<cards type="Pocket" player="Aomanuahi">X X</cards>
<cards type="Pocket" player="KOPKHUNKRAP">S5 DQ</cards>
<action no="6" player="Aomanuahi" type="0" discard="1" dealt="1" sum="0"/>
<action no="7" player="Zeeria" type="23" discard="1" dealt="1" sum="75"/>
<action no="8" player="KOPKHUNKRAP" type="0" sum="0"/>
</round>
</game>
<game gamecode="6563605503"><general>
<startdate>2025-12-19 04:34:48</startdate>
<round>1</round>
<failsafecounter/>
<players><player seat="3" name="Aomanuahi" chips="525" dealer="0" win="0" bet="465" muck="1" rebuy="0" addon="0" merge="0" rebuychips="0" reg_code="5081648700"/>
<player seat="6" name="Zeeria" chips="510" dealer="1" win="0" bet="5" muck="1" rebuy="0" addon="0" merge="0" rebuychips="0" reg_code="5081648754"/>
<player seat="10" name="KOPKHUNKRAP" chips="465" dealer="0" win="935" bet="465" muck="0" rebuy="0" addon="0" merge="0" rebuychips="0" reg_code="5081649062"/>
</players>
</general>
<round no="0"><action no="1" player="KOPKHUNKRAP" type="15" sum="5"/>
<action no="2" player="Aomanuahi" type="15" discard="1" dealt="1" sum="5"/>
<action no="3" player="Zeeria" type="15" discard="1" dealt="1" sum="5"/>
<action no="4" player="KOPKHUNKRAP" type="1" sum="15"/>
<action no="5" player="Aomanuahi" type="2" discard="1" dealt="1" sum="30"/>
</round>
<round no="1"><cards type="Pocket" player="Zeeria">X X</cards>
<cards type="Pocket" player="Aomanuahi">HA S5</cards>
<cards type="Pocket" player="KOPKHUNKRAP">D8 HQ</cards>
<action no="6" player="Zeeria" type="0" discard="1" dealt="1" sum="0"/>
<action no="7" player="KOPKHUNKRAP" type="23" sum="460"/>
<action no="8" player="Aomanuahi" type="3" discard="1" dealt="1" sum="430"/>
</round>
<round no="2"><cards type="Flop">S3 H9 H3</cards>
</round>
<round no="3"><cards type="Turn">S8</cards>
</round>
<round no="4"><cards type="River">H2</cards>
</round>
</game>
<game gamecode="6563605536"><general>
<startdate>2025-12-19 04:35:21</startdate>
<round>1</round>
<failsafecounter/>
<players><player seat="6" name="Zeeria" chips="505" dealer="0" win="0" bet="35" muck="1" rebuy="0" addon="0" merge="0" rebuychips="0" reg_code="5081648754"/>
<player seat="10" name="KOPKHUNKRAP" chips="935" dealer="1" win="155" bet="935" muck="0" rebuy="0" addon="0" merge="0" rebuychips="0" reg_code="5081649062"/>
<player seat="3" name="Aomanuahi" chips="60" dealer="0" win="0" bet="60" muck="1" rebuy="0" addon="0" merge="0" rebuychips="0" reg_code="5081648700"/>
</players>
</general>
<round no="0"><action no="1" player="Aomanuahi" type="15" discard="1" dealt="1" sum="5"/>
<action no="2" player="Zeeria" type="15" discard="1" dealt="1" sum="5"/>
<action no="3" player="KOPKHUNKRAP" type="15" sum="5"/>
<action no="4" player="Aomanuahi" type="1" discard="1" dealt="1" sum="15"/>
<action no="5" player="Zeeria" type="2" discard="1" dealt="1" sum="30"/>
</round>
<round no="1"><cards type="Pocket" player="KOPKHUNKRAP">C5 DA</cards>
<cards type="Pocket" player="Zeeria">X X</cards>
<cards type="Pocket" player="Aomanuahi">D2 C10</cards>
<action no="6" player="KOPKHUNKRAP" type="23" sum="930"/>
<action no="7" player="Aomanuahi" type="7" discard="1" dealt="1" sum="40"/>
<action no="8" player="Zeeria" type="0" discard="1" dealt="1" sum="0"/>
</round>
<round no="2"><cards type="Flop">D5 SJ CJ</cards>
</round>
<round no="3"><cards type="Turn">SQ</cards>
</round>
<round no="4"><cards type="River">S3</cards>
</round>
</game>
<game gamecode="6563605560"><general>
<startdate>2025-12-19 04:35:47</startdate>
<round>1</round>
<failsafecounter/>
<players><player seat="10" name="KOPKHUNKRAP" chips="1,030" dealer="0" win="0" bet="35" muck="1" rebuy="0" addon="0" merge="0" rebuychips="0" reg_code="5081649062"/>
<player seat="6" name="Zeeria" chips="470" dealer="1" win="70" bet="65" muck="1" rebuy="0" addon="0" merge="0" rebuychips="0" reg_code="5081648754"/>
</players>
</general>
<round no="0"><action no="1" player="Zeeria" type="15" discard="1" dealt="1" sum="5"/>
<action no="2" player="KOPKHUNKRAP" type="15" sum="5"/>
<action no="3" player="Zeeria" type="1" discard="1" dealt="1" sum="15"/>
<action no="4" player="KOPKHUNKRAP" type="2" sum="30"/>
</round>
<round no="1"><cards type="Pocket" player="KOPKHUNKRAP">S5 H10</cards>
<cards type="Pocket" player="Zeeria">X X</cards>
<action no="5" player="Zeeria" type="3" discard="1" dealt="1" sum="15"/>
<action no="6" player="KOPKHUNKRAP" type="4" sum="0"/>
</round>
<round no="2"><cards type="Flop">S6 C4 DA</cards>
<action no="7" player="KOPKHUNKRAP" type="4" sum="0"/>
<action no="8" player="Zeeria" type="5" discard="1" dealt="1" sum="30"/>
<action no="9" player="KOPKHUNKRAP" type="0" sum="0"/>
</round>
</game>
<game gamecode="6563605584"><general>
<startdate>2025-12-19 04:36:11</startdate>
<round>1</round>
<failsafecounter/>
<players><player seat="6" name="Zeeria" chips="505" dealer="0" win="0" bet="45" muck="1" rebuy="0" addon="0" merge="0" rebuychips="0" reg_code="5081648754"/>
<player seat="10" name="KOPKHUNKRAP" chips="995" dealer="1" win="90" bet="85" muck="1" rebuy="0" addon="0" merge="0" rebuychips="0" reg_code="5081649062"/>
</players>
</general>
<round no="0"><action no="1" player="KOPKHUNKRAP" type="15" sum="5"/>
<action no="2" player="Zeeria" type="15" discard="1" dealt="1" sum="5"/>
<action no="3" player="KOPKHUNKRAP" type="1" sum="20"/>
<action no="4" player="Zeeria" type="2" discard="1" dealt="1" sum="40"/>
</round>
<round no="1"><cards type="Pocket" player="Zeeria">X X</cards>
<cards type="Pocket" player="KOPKHUNKRAP">H6 SQ</cards>
<action no="5" player="KOPKHUNKRAP" type="3" sum="20"/>
<action no="6" player="Zeeria" type="4" discard="1" dealt="1" sum="0"/>
</round>
<round no="2"><cards type="Flop">C8 SA HA</cards>
<action no="7" player="Zeeria" type="4" discard="1" dealt="1" sum="0"/>
<action no="8" player="KOPKHUNKRAP" type="5" sum="40"/>
<action no="9" player="Zeeria" type="0" discard="1" dealt="1" sum="0"/>
</round>
</game>
<game gamecode="6563605599"><general>
<startdate>2025-12-19 04:36:27</startdate>
<round>1</round>
<failsafecounter/>
<players><player seat="10" name="KOPKHUNKRAP" chips="1,040" dealer="0" win="0" bet="45" muck="1" rebuy="0" addon="0" merge="0" rebuychips="0" reg_code="5081649062"/>
<player seat="6" name="Zeeria" chips="460" dealer="1" win="90" bet="460" muck="1" rebuy="0" addon="0" merge="0" rebuychips="0" reg_code="5081648754"/>
</players>
</general>
<round no="0"><action no="1" player="Zeeria" type="15" discard="1" dealt="1" sum="5"/>
<action no="2" player="KOPKHUNKRAP" type="15" sum="5"/>
<action no="3" player="Zeeria" type="1" discard="1" dealt="1" sum="20"/>
<action no="4" player="KOPKHUNKRAP" type="2" sum="40"/>
</round>
<round no="1"><cards type="Pocket" player="Zeeria">X X</cards>
<cards type="Pocket" player="KOPKHUNKRAP">SK D2</cards>
<action no="5" player="Zeeria" type="23" discard="1" dealt="1" sum="455"/>
<action no="6" player="KOPKHUNKRAP" type="0" sum="0"/>
</round>
</game>
<game gamecode="6563605604"><general>
<startdate>2025-12-19 04:36:35</startdate>
<round>1</round>
<failsafecounter/>
<players><player seat="6" name="Zeeria" chips="505" dealer="0" win="50" bet="45" muck="1" rebuy="0" addon="0" merge="0" rebuychips="0" reg_code="5081648754"/>
<player seat="10" name="KOPKHUNKRAP" chips="995" dealer="1" win="0" bet="25" muck="1" rebuy="0" addon="0" merge="0" rebuychips="0" reg_code="5081649062"/>
</players>
</general>
<round no="0"><action no="1" player="KOPKHUNKRAP" type="15" sum="5"/>
<action no="2" player="Zeeria" type="15" discard="1" dealt="1" sum="5"/>
<action no="3" player="KOPKHUNKRAP" type="1" sum="20"/>
<action no="4" player="Zeeria" type="2" discard="1" dealt="1" sum="40"/>
</round>
<round no="1"><cards type="Pocket" player="KOPKHUNKRAP">H8 S2</cards>
<cards type="Pocket" player="Zeeria">X X</cards>
<action no="5" player="KOPKHUNKRAP" type="0" sum="0"/>
</round>
</game>
<game gamecode="6563605612"><general>
<startdate>2025-12-19 04:36:42</startdate>
<round>1</round>
<failsafecounter/>
<players><player seat="10" name="KOPKHUNKRAP" chips="970" dealer="0" win="270" bet="135" muck="0" rebuy="0" addon="0" merge="0" rebuychips="0" reg_code="5081649062"/>
<player seat="6" name="Zeeria" chips="530" dealer="1" win="0" bet="135" muck="1" rebuy="0" addon="0" merge="0" rebuychips="0" reg_code="5081648754"/>
</players>
</general>
<round no="0"><action no="1" player="Zeeria" type="15" discard="1" dealt="1" sum="5"/>
<action no="2" player="KOPKHUNKRAP" type="15" sum="5"/>
<action no="3" player="Zeeria" type="1" discard="1" dealt="1" sum="20"/>
<action no="4" player="KOPKHUNKRAP" type="2" sum="40"/>
</round>
<round no="1"><cards type="Pocket" player="KOPKHUNKRAP">C7 H8</cards>
<cards type="Pocket" player="Zeeria">H5 S10</cards>
<action no="5" player="Zeeria" type="3" discard="1" dealt="1" sum="20"/>
<action no="6" player="KOPKHUNKRAP" type="4" sum="0"/>
</round>
<round no="2"><cards type="Flop">D3 S5 D8</cards>
<action no="7" player="KOPKHUNKRAP" type="4" sum="0"/>
<action no="8" player="Zeeria" type="4" discard="1" dealt="1" sum="0"/>
</round>
<round no="3"><cards type="Turn">CK</cards>
<action no="9" player="KOPKHUNKRAP" type="5" sum="90"/>
<action no="10" player="Zeeria" type="3" discard="1" dealt="1" sum="90"/>
</round>
<round no="4"><cards type="River">SJ</cards>
<action no="11" player="KOPKHUNKRAP" type="4" sum="0"/>
<action no="12" player="Zeeria" type="4" discard="1" dealt="1" sum="0"/>
</round>
</game>
<game gamecode="6563605635"><general>
<startdate>2025-12-19 04:37:10</startdate>
<round>1</round>
<failsafecounter/>
<players><player seat="6" name="Zeeria" chips="395" dealer="0" win="50" bet="45" muck="1" rebuy="0" addon="0" merge="0" rebuychips="0" reg_code="5081648754"/>
<player seat="10" name="KOPKHUNKRAP" chips="1,105" dealer="1" win="0" bet="25" muck="1" rebuy="0" addon="0" merge="0" rebuychips="0" reg_code="5081649062"/>
</players>
</general>
<round no="0"><action no="1" player="KOPKHUNKRAP" type="15" sum="5"/>
<action no="2" player="Zeeria" type="15" discard="1" dealt="1" sum="5"/>
<action no="3" player="KOPKHUNKRAP" type="1" sum="20"/>
<action no="4" player="Zeeria" type="2" discard="1" dealt="1" sum="40"/>
</round>
<round no="1"><cards type="Pocket" player="KOPKHUNKRAP">H7 S3</cards>
<cards type="Pocket" player="Zeeria">X X</cards>
<action no="5" player="KOPKHUNKRAP" type="0" sum="0"/>
</round>
</game>
<game gamecode="6563605640"><general>
<startdate>2025-12-19 04:37:17</startdate>
<round>1</round>
<failsafecounter/>
<players><player seat="10" name="KOPKHUNKRAP" chips="1,080" dealer="0" win="840" bet="1,080" muck="0" rebuy="0" addon="0" merge="0" rebuychips="0" reg_code="5081649062"/>
<player seat="6" name="Zeeria" chips="420" dealer="1" win="0" bet="420" muck="1" rebuy="0" addon="0" merge="0" rebuychips="0" reg_code="5081648754"/>
</players>
</general>
<round no="0"><action no="1" player="Zeeria" type="15" discard="1" dealt="1" sum="5"/>
<action no="2" player="KOPKHUNKRAP" type="15" sum="5"/>
<action no="3" player="Zeeria" type="1" discard="1" dealt="1" sum="20"/>
<action no="4" player="KOPKHUNKRAP" type="2" sum="40"/>
</round>
<round no="1"><cards type="Pocket" player="KOPKHUNKRAP">D4 H5</cards>
<cards type="Pocket" player="Zeeria">C6 S9</cards>
<action no="5" player="Zeeria" type="3" discard="1" dealt="1" sum="20"/>
<action no="6" player="KOPKHUNKRAP" type="4" sum="0"/>
</round>
<round no="2"><cards type="Flop">H6 D3 C9</cards>
<action no="7" player="KOPKHUNKRAP" type="4" sum="0"/>
<action no="8" player="Zeeria" type="5" discard="1" dealt="1" sum="40"/>
<action no="9" player="KOPKHUNKRAP" type="23" sum="120"/>
<action no="10" player="Zeeria" type="3" discard="1" dealt="1" sum="80"/>
</round>
<round no="3"><cards type="Turn">C7</cards>
<action no="11" player="KOPKHUNKRAP" type="5" sum="915"/>
<action no="12" player="Zeeria" type="7" discard="1" dealt="1" sum="255"/>
</round>
<round no="4"><cards type="River">CA</cards>
</round>
</game>
</session>
