<?xml version="1.0" encoding="UTF-8"?>
<session sessioncode="5081387663">
<general>
<client_version>24.7.1.15</client_version>
<mode>real</mode>
<gametype>Holdem NL</gametype>
<tablename>Twister €100 SNG, 824092578</tablename>
<tournamentcode>824092577</tournamentcode>
<tournamentname>Twister €100 SNG</tournamentname>
<buyin>€0 + €7 + €93</buyin>
<totalbuyin>€100</totalbuyin>
<rewarddrawn>€200</rewarddrawn>
<tournamentcurrency>EUR</tournamentcurrency>
<currency>EUR</currency>
<nickname>KOPKHUNKRAP</nickname>
<gamecount>19</gamecount>
<startdate>2025-12-18 03:54:21</startdate>
<place>1</place>
<win>€200</win>
<tablesize>3</tablesize>
</general>
<game gamecode="6562551831"><general>
<startdate>2025-12-18 03:54:37</startdate>
<round>1</round>
<failsafecounter/>
<players><player seat="10" name="Aomanuahi" chips="500" dealer="0" win="80" bet="40" muck="0" rebuy="0" addon="0" merge="0" rebuychips="0" reg_code="5081387685"/>
<player seat="3" name="lIncoerente" chips="500" dealer="1" win="0" bet="0" muck="1" rebuy="0" addon="0" merge="0" rebuychips="0" reg_code="5081387547"/>
<player seat="6" name="KOPKHUNKRAP" chips="500" dealer="0" win="0" bet="40" muck="1" rebuy="0" addon="0" merge="0" rebuychips="0" reg_code="5081387663"/>
</players>
</general>
<round no="0"><action no="1" player="KOPKHUNKRAP" type="1" sum="10"/>
<action no="2" player="Aomanuahi" type="2" discard="1" dealt="1" sum="20"/>
</round>
<round no="1"><cards type="Pocket" player="KOPKHUNKRAP">H2 D2</cards>
<cards type="Pocket" player="lIncoerente">X X</cards>
<cards type="Pocket" player="Aomanuahi">CK H8</cards>
<action no="3" player="lIncoerente" type="0" discard="1" dealt="1" sum="0"/>
<action no="4" player="KOPKHUNKRAP" type="23" sum="40"/>
<action no="5" player="Aomanuahi" type="3" discard="1" dealt="1" sum="20"/>
</round>
<round no="2"><cards type="Flop">D8 DJ H5</cards>
<action no="6" player="KOPKHUNKRAP" type="4" sum="0"/>
<action no="7" player="Aomanuahi" type="4" discard="1" dealt="1" sum="0"/>
</round>
<round no="3"><cards type="Turn">S7</cards>
<action no="8" player="KOPKHUNKRAP" type="4" sum="0"/>
<action no="9" player="Aomanuahi" type="4" discard="1" dealt="1" sum="0"/>
</round>
<round no="4"><cards type="River">DQ</cards>
<action no="10" player="KOPKHUNKRAP" type="4" sum="0"/>
<action no="11" player="Aomanuahi" type="4" discard="1" dealt="1" sum="0"/>
</round>
</game>
<game gamecode="6562551870"><general>
<startdate>2025-12-18 03:55:15</startdate>
<round>1</round>
<failsafecounter/>
<players><player seat="3" name="lIncoerente" chips="500" dealer="0" win="0" bet="120" muck="1" rebuy="0" addon="0" merge="0" rebuychips="0" reg_code="5081387547"/>
<player seat="6" name="KOPKHUNKRAP" chips="460" dealer="1" win="0" bet="0" muck="1" rebuy="0" addon="0" merge="0" rebuychips="0" reg_code="5081387663"/>
<player seat="10" name="Aomanuahi" chips="540" dealer="0" win="240" bet="290" muck="1" rebuy="0" addon="0" merge="0" rebuychips="0" reg_code="5081387685"/>
</players>
</general>
<round no="0"><action no="1" player="Aomanuahi" type="1" discard="1" dealt="1" sum="10"/>
<action no="2" player="lIncoerente" type="2" discard="1" dealt="1" sum="20"/>
</round>
<round no="1"><cards type="Pocket" player="lIncoerente">X X</cards>
<cards type="Pocket" player="Aomanuahi">X X</cards>
<cards type="Pocket" player="KOPKHUNKRAP">D3 H7</cards>
<action no="3" player="KOPKHUNKRAP" type="0" sum="0"/>
<action no="4" player="Aomanuahi" type="23" discard="1" dealt="1" sum="50"/>
<action no="5" player="lIncoerente" type="3" discard="1" dealt="1" sum="30"/>
</round>
<round no="2"><cards type="Flop">D2 SJ DQ</cards>
<action no="6" player="Aomanuahi" type="5" discard="1" dealt="1" sum="70"/>
<action no="7" player="lIncoerente" type="3" discard="1" dealt="1" sum="70"/>
</round>
<round no="3"><cards type="Turn">S6</cards>
<action no="8" player="Aomanuahi" type="5" discard="1" dealt="1" sum="170"/>
<action no="9" player="lIncoerente" type="0" discard="1" dealt="1" sum="0"/>
</round>
</game>
<game gamecode="6562551929"><general>
<startdate>2025-12-18 03:56:11</startdate>
<round>1</round>
<failsafecounter/>
<players><player seat="6" name="KOPKHUNKRAP" chips="460" dealer="0" win="144" bet="167" muck="1" rebuy="0" addon="0" merge="0" rebuychips="0" reg_code="5081387663"/>
<player seat="10" name="Aomanuahi" chips="660" dealer="1" win="0" bet="67" muck="1" rebuy="0" addon="0" merge="0" rebuychips="0" reg_code="5081387685"/>
<player seat="3" name="lIncoerente" chips="380" dealer="0" win="0" bet="10" muck="1" rebuy="0" addon="0" merge="0" rebuychips="0" reg_code="5081387547"/>
</players>
</general>
<round no="0"><action no="1" player="lIncoerente" type="1" discard="1" dealt="1" sum="10"/>
<action no="2" player="KOPKHUNKRAP" type="2" sum="20"/>
</round>
<round no="1"><cards type="Pocket" player="lIncoerente">X X</cards>
<cards type="Pocket" player="Aomanuahi">X X</cards>
<cards type="Pocket" player="KOPKHUNKRAP">H5 SA</cards>
<action no="3" player="Aomanuahi" type="23" discard="1" dealt="1" sum="40"/>
<action no="4" player="lIncoerente" type="0" discard="1" dealt="1" sum="0"/>
<action no="5" player="KOPKHUNKRAP" type="3" sum="20"/>
</round>
<round no="2"><cards type="Flop">CK HA DA</cards>
<action no="6" player="KOPKHUNKRAP" type="4" sum="0"/>
<action no="7" player="Aomanuahi" type="5" discard="1" dealt="1" sum="27"/>
<action no="8" player="KOPKHUNKRAP" type="3" sum="27"/>
</round>
<round no="3"><cards type="Turn">H9</cards>
<action no="9" player="KOPKHUNKRAP" type="4" sum="0"/>
<action no="10" player="Aomanuahi" type="4" discard="1" dealt="1" sum="0"/>
</round>
<round no="4"><cards type="River">CJ</cards>
<action no="11" player="KOPKHUNKRAP" type="5" sum="100"/>
<action no="12" player="Aomanuahi" type="0" discard="1" dealt="1" sum="0"/>
</round>
</game>
<game gamecode="6562551975"><general>
<startdate>2025-12-18 03:56:55</startdate>
<round>1</round>
<failsafecounter/>
<players><player seat="10" name="Aomanuahi" chips="593" dealer="0" win="45" bet="35" muck="1" rebuy="0" addon="0" merge="0" rebuychips="0" reg_code="5081387685"/>
<player seat="3" name="lIncoerente" chips="370" dealer="1" win="0" bet="5" muck="1" rebuy="0" addon="0" merge="0" rebuychips="0" reg_code="5081387547"/>
<player seat="6" name="KOPKHUNKRAP" chips="537" dealer="0" win="0" bet="20" muck="1" rebuy="0" addon="0" merge="0" rebuychips="0" reg_code="5081387663"/>
</players>
</general>
<round no="0"><action no="1" player="KOPKHUNKRAP" type="15" sum="5"/>
<action no="2" player="Aomanuahi" type="15" discard="1" dealt="1" sum="5"/>
<action no="3" player="lIncoerente" type="15" discard="1" dealt="1" sum="5"/>
<action no="4" player="KOPKHUNKRAP" type="1" sum="15"/>
<action no="5" player="Aomanuahi" type="2" discard="1" dealt="1" sum="30"/>
</round>
<round no="1"><cards type="Pocket" player="KOPKHUNKRAP">SJ H6</cards>
<cards type="Pocket" player="Aomanuahi">X X</cards>
<cards type="Pocket" player="lIncoerente">X X</cards>
<action no="6" player="lIncoerente" type="0" discard="1" dealt="1" sum="0"/>
<action no="7" player="KOPKHUNKRAP" type="0" sum="0"/>
</round>
</game>
<game gamecode="6562551987"><general>
<startdate>2025-12-18 03:57:03</startdate>
<round>1</round>
<failsafecounter/>
<players><player seat="3" name="lIncoerente" chips="365" dealer="0" win="45" bet="35" muck="1" rebuy="0" addon="0" merge="0" rebuychips="0" reg_code="5081387547"/>
<player seat="6" name="KOPKHUNKRAP" chips="517" dealer="1" win="0" bet="5" muck="1" rebuy="0" addon="0" merge="0" rebuychips="0" reg_code="5081387663"/>
<player seat="10" name="Aomanuahi" chips="618" dealer="0" win="0" bet="20" muck="1" rebuy="0" addon="0" merge="0" rebuychips="0" reg_code="5081387685"/>
</players>
</general>
<round no="0"><action no="1" player="Aomanuahi" type="15" discard="1" dealt="1" sum="5"/>
<action no="2" player="lIncoerente" type="15" discard="1" dealt="1" sum="5"/>
<action no="3" player="KOPKHUNKRAP" type="15" sum="5"/>
<action no="4" player="Aomanuahi" type="1" discard="1" dealt="1" sum="15"/>
<action no="5" player="lIncoerente" type="2" discard="1" dealt="1" sum="30"/>
</round>
<round no="1"><cards type="Pocket" player="lIncoerente">X X</cards>
<cards type="Pocket" player="Aomanuahi">X X</cards>
<cards type="Pocket" player="KOPKHUNKRAP">C4 SJ</cards>
<action no="6" player="KOPKHUNKRAP" type="0" sum="0"/>
<action no="7" player="Aomanuahi" type="0" discard="1" dealt="1" sum="0"/>
</round>
</game>
<game gamecode="6562551997"><general>
<startdate>2025-12-18 03:57:12</startdate>
<round>1</round>
<failsafecounter/>
<players><player seat="6" name="KOPKHUNKRAP" chips="512" dealer="0" win="0" bet="35" muck="1" rebuy="0" addon="0" merge="0" rebuychips="0" reg_code="5081387663"/>
<player seat="10" name="Aomanuahi" chips="598" dealer="1" win="0" bet="5" muck="1" rebuy="0" addon="0" merge="0" rebuychips="0" reg_code="5081387685"/>
<player seat="3" name="lIncoerente" chips="390" dealer="0" win="75" bet="390" muck="1" rebuy="0" addon="0" merge="0" rebuychips="0" reg_code="5081387547"/>
</players>
</general>
<round no="0"><action no="1" player="lIncoerente" type="15" discard="1" dealt="1" sum="5"/>
<action no="2" player="KOPKHUNKRAP" type="15" sum="5"/>
<action no="3" player="Aomanuahi" type="15" discard="1" dealt="1" sum="5"/>
<action no="4" player="lIncoerente" type="1" discard="1" dealt="1" sum="15"/>
<action no="5" player="KOPKHUNKRAP" type="2" sum="30"/>
</round>
<round no="1"><cards type="Pocket" player="lIncoerente">X X</cards>
<cards type="Pocket" player="Aomanuahi">X X</cards>
<cards type="Pocket" player="KOPKHUNKRAP">H6 DJ</cards>
<action no="6" player="Aomanuahi" type="0" discard="1" dealt="1" sum="0"/>
<action no="7" player="lIncoerente" type="23" discard="1" dealt="1" sum="385"/>
<action no="8" player="KOPKHUNKRAP" type="0" sum="0"/>
</round>
</game>
<game gamecode="6562552017"><general>
<startdate>2025-12-18 03:57:28</startdate>
<round>1</round>
<failsafecounter/>
<players><player seat="10" name="Aomanuahi" chips="593" dealer="0" win="0" bet="593" muck="0" rebuy="0" addon="0" merge="0" rebuychips="0" reg_code="5081387685"/>
<player seat="3" name="lIncoerente" chips="430" dealer="1" win="0" bet="5" muck="1" rebuy="0" addon="0" merge="0" rebuychips="0" reg_code="5081387547"/>
<player seat="6" name="KOPKHUNKRAP" chips="477" dealer="0" win="959" bet="477" muck="0" rebuy="0" addon="0" merge="0" rebuychips="0" reg_code="5081387663"/>
</players>
</general>
<round no="0"><action no="1" player="KOPKHUNKRAP" type="15" sum="5"/>
<action no="2" player="Aomanuahi" type="15" discard="1" dealt="1" sum="5"/>
<action no="3" player="lIncoerente" type="15" discard="1" dealt="1" sum="5"/>
<action no="4" player="KOPKHUNKRAP" type="1" sum="15"/>
<action no="5" player="Aomanuahi" type="2" discard="1" dealt="1" sum="30"/>
</round>
<round no="1"><cards type="Pocket" player="Aomanuahi">D8 D3</cards>
<cards type="Pocket" player="lIncoerente">X X</cards>
<cards type="Pocket" player="KOPKHUNKRAP">CA C9</cards>
<action no="6" player="lIncoerente" type="0" discard="1" dealt="1" sum="0"/>
<action no="7" player="KOPKHUNKRAP" type="3" sum="15"/>
<action no="8" player="Aomanuahi" type="4" discard="1" dealt="1" sum="0"/>
</round>
<round no="2"><cards type="Flop">H9 HA C8</cards>
<action no="9" player="KOPKHUNKRAP" type="5" sum="30"/>
<action no="10" player="Aomanuahi" type="3" discard="1" dealt="1" sum="30"/>
</round>
<round no="3"><cards type="Turn">C3</cards>
<action no="11" player="KOPKHUNKRAP" type="5" sum="90"/>
<action no="12" player="Aomanuahi" type="23" discard="1" dealt="1" sum="528"/>
<action no="13" player="KOPKHUNKRAP" type="7" sum="322"/>
</round>
<round no="4"><cards type="River">SA</cards>
</round>
</game>
<game gamecode="6562552073"><general>
<startdate>2025-12-18 03:58:16</startdate>
<round>1</round>
<failsafecounter/>
<players><player seat="3" name="lIncoerente" chips="425" dealer="0" win="0" bet="116" muck="1" rebuy="0" addon="0" merge="0" rebuychips="0" reg_code="5081387547"/>
<player seat="6" name="KOPKHUNKRAP" chips="959" dealer="1" win="0" bet="5" muck="1" rebuy="0" addon="0" merge="0" rebuychips="0" reg_code="5081387663"/>
<player seat="10" name="Aomanuahi" chips="116" dealer="0" win="237" bet="116" muck="0" rebuy="0" addon="0" merge="0" rebuychips="0" reg_code="5081387685"/>
</players>
</general>
<round no="0"><action no="1" player="Aomanuahi" type="15" discard="1" dealt="1" sum="5"/>
<action no="2" player="lIncoerente" type="15" discard="1" dealt="1" sum="5"/>
<action no="3" player="KOPKHUNKRAP" type="15" sum="5"/>
<action no="4" player="Aomanuahi" type="1" discard="1" dealt="1" sum="20"/>
<action no="5" player="lIncoerente" type="2" discard="1" dealt="1" sum="40"/>
</round>
<round no="1"><cards type="Pocket" player="Aomanuahi">S8 C10</cards>
<cards type="Pocket" player="KOPKHUNKRAP">DQ S3</cards>
<cards type="Pocket" player="lIncoerente">C6 S2</cards>
<action no="6" player="KOPKHUNKRAP" type="0" sum="0"/>
<action no="7" player="Aomanuahi" type="23" discard="1" dealt="1" sum="111"/>
<action no="8" player="lIncoerente" type="3" discard="1" dealt="1" sum="71"/>
</round>
<round no="2"><cards type="Flop">DJ D9 D4</cards>
</round>
<round no="3"><cards type="Turn">H8</cards>
</round>
<round no="4"><cards type="River">C5</cards>
</round>
</game>
<game gamecode="6562552099"><general>
<startdate>2025-12-18 03:58:42</startdate>
<round>1</round>
<failsafecounter/>
<players><player seat="6" name="KOPKHUNKRAP" chips="954" dealer="0" win="0" bet="45" muck="1" rebuy="0" addon="0" merge="0" rebuychips="0" reg_code="5081387663"/>
<player seat="10" name="Aomanuahi" chips="237" dealer="1" win="115" bet="237" muck="1" rebuy="0" addon="0" merge="0" rebuychips="0" reg_code="5081387685"/>
<player seat="3" name="lIncoerente" chips="309" dealer="0" win="0" bet="25" muck="1" rebuy="0" addon="0" merge="0" rebuychips="0" reg_code="5081387547"/>
</players>
</general>
<round no="0"><action no="1" player="lIncoerente" type="15" discard="1" dealt="1" sum="5"/>
<action no="2" player="KOPKHUNKRAP" type="15" sum="5"/>
<action no="3" player="Aomanuahi" type="15" discard="1" dealt="1" sum="5"/>
<action no="4" player="lIncoerente" type="1" discard="1" dealt="1" sum="20"/>
<action no="5" player="KOPKHUNKRAP" type="2" sum="40"/>
</round>
<round no="1"><cards type="Pocket" player="lIncoerente">X X</cards>
<cards type="Pocket" player="Aomanuahi">X X</cards>
<cards type="Pocket" player="KOPKHUNKRAP">SQ D4</cards>
<action no="6" player="Aomanuahi" type="23" discard="1" dealt="1" sum="232"/>
<action no="7" player="lIncoerente" type="0" discard="1" dealt="1" sum="0"/>
<action no="8" player="KOPKHUNKRAP" type="0" sum="0"/>
</round>
</game>
<game gamecode="6562552110"><general>
<startdate>2025-12-18 03:58:51</startdate>
<round>1</round>
<failsafecounter/>
<players><player seat="10" name="Aomanuahi" chips="307" dealer="0" win="55" bet="45" muck="1" rebuy="0" addon="0" merge="0" rebuychips="0" reg_code="5081387685"/>
<player seat="3" name="lIncoerente" chips="284" dealer="1" win="0" bet="5" muck="1" rebuy="0" addon="0" merge="0" rebuychips="0" reg_code="5081387547"/>
<player seat="6" name="KOPKHUNKRAP" chips="909" dealer="0" win="0" bet="25" muck="1" rebuy="0" addon="0" merge="0" rebuychips="0" reg_code="5081387663"/>
</players>
</general>
<round no="0"><action no="1" player="KOPKHUNKRAP" type="15" sum="5"/>
<action no="2" player="Aomanuahi" type="15" discard="1" dealt="1" sum="5"/>
<action no="3" player="lIncoerente" type="15" discard="1" dealt="1" sum="5"/>
<action no="4" player="KOPKHUNKRAP" type="1" sum="20"/>
<action no="5" player="Aomanuahi" type="2" discard="1" dealt="1" sum="40"/>
</round>
<round no="1"><cards type="Pocket" player="Aomanuahi">X X</cards>
<cards type="Pocket" player="lIncoerente">X X</cards>
<cards type="Pocket" player="KOPKHUNKRAP">S3 H6</cards>
<action no="6" player="lIncoerente" type="0" discard="1" dealt="1" sum="0"/>
<action no="7" player="KOPKHUNKRAP" type="0" sum="0"/>
</round>
</game>
<game gamecode="6562552118"><general>
<startdate>2025-12-18 03:58:58</startdate>
<round>1</round>
<failsafecounter/>
<players><player seat="3" name="lIncoerente" chips="279" dealer="0" win="0" bet="45" muck="1" rebuy="0" addon="0" merge="0" rebuychips="0" reg_code="5081387547"/>
<player seat="6" name="KOPKHUNKRAP" chips="884" dealer="1" win="0" bet="884" muck="0" rebuy="0" addon="0" merge="0" rebuychips="0" reg_code="5081387663"/>
<player seat="10" name="Aomanuahi" chips="337" dealer="0" win="719" bet="337" muck="0" rebuy="0" addon="0" merge="0" rebuychips="0" reg_code="5081387685"/>
</players>
</general>
<round no="0"><action no="1" player="Aomanuahi" type="15" discard="1" dealt="1" sum="5"/>
<action no="2" player="lIncoerente" type="15" discard="1" dealt="1" sum="5"/>
<action no="3" player="KOPKHUNKRAP" type="15" sum="5"/>
<action no="4" player="Aomanuahi" type="1" discard="1" dealt="1" sum="20"/>
<action no="5" player="lIncoerente" type="2" discard="1" dealt="1" sum="40"/>
</round>
<round no="1"><cards type="Pocket" player="lIncoerente">X X</cards>
<cards type="Pocket" player="Aomanuahi">D9 HA</cards>
<cards type="Pocket" player="KOPKHUNKRAP">DK D7</cards>
<action no="6" player="KOPKHUNKRAP" type="23" sum="879"/>
<action no="7" player="Aomanuahi" type="7" discard="1" dealt="1" sum="312"/>
<action no="8" player="lIncoerente" type="0" discard="1" dealt="1" sum="0"/>
</round>
<round no="2"><cards type="Flop">SA DA D6</cards>
</round>
<round no="3"><cards type="Turn">HK</cards>
</round>
<round no="4"><cards type="River">S6</cards>
</round>
</game>
<game gamecode="6562552144"><general>
<startdate>2025-12-18 03:59:19</startdate>
<round>1</round>
<failsafecounter/>
<players><player seat="6" name="KOPKHUNKRAP" chips="547" dealer="0" win="0" bet="234" muck="1" rebuy="0" addon="0" merge="0" rebuychips="0" reg_code="5081387663"/>
<player seat="10" name="Aomanuahi" chips="719" dealer="1" win="0" bet="5" muck="1" rebuy="0" addon="0" merge="0" rebuychips="0" reg_code="5081387685"/>
<player seat="3" name="lIncoerente" chips="234" dealer="0" win="473" bet="234" muck="0" rebuy="0" addon="0" merge="0" rebuychips="0" reg_code="5081387547"/>
</players>
</general>
<round no="0"><action no="1" player="lIncoerente" type="15" discard="1" dealt="1" sum="5"/>
<action no="2" player="KOPKHUNKRAP" type="15" sum="5"/>
<action no="3" player="Aomanuahi" type="15" discard="1" dealt="1" sum="5"/>
<action no="4" player="lIncoerente" type="1" discard="1" dealt="1" sum="20"/>
<action no="5" player="KOPKHUNKRAP" type="2" sum="40"/>
</round>
<round no="1"><cards type="Pocket" player="lIncoerente">C5 H8</cards>
<cards type="Pocket" player="KOPKHUNKRAP">CA D7</cards>
<cards type="Pocket" player="Aomanuahi">X X</cards>
<action no="6" player="Aomanuahi" type="0" discard="1" dealt="1" sum="0"/>
<action no="7" player="lIncoerente" type="23" discard="1" dealt="1" sum="229"/>
<action no="8" player="KOPKHUNKRAP" type="3" sum="189"/>
</round>
<round no="2"><cards type="Flop">HA S5 D3</cards>
</round>
<round no="3"><cards type="Turn">C8</cards>
</round>
<round no="4"><cards type="River">C6</cards>
</round>
</game>
<game gamecode="6562552170"><general>
<startdate>2025-12-18 03:59:43</startdate>
<round>1</round>
<failsafecounter/>
<players><player seat="10" name="Aomanuahi" chips="714" dealer="0" win="0" bet="65" muck="1" rebuy="0" addon="0" merge="0" rebuychips="0" reg_code="5081387685"/>
<player seat="3" name="lIncoerente" chips="473" dealer="1" win="165" bet="473" muck="1" rebuy="0" addon="0" merge="0" rebuychips="0" reg_code="5081387547"/>
<player seat="6" name="KOPKHUNKRAP" chips="313" dealer="0" win="0" bet="35" muck="1" rebuy="0" addon="0" merge="0" rebuychips="0" reg_code="5081387663"/>
</players>
</general>
<round no="0"><action no="1" player="KOPKHUNKRAP" type="15" sum="5"/>
<action no="2" player="Aomanuahi" type="15" discard="1" dealt="1" sum="5"/>
<action no="3" player="lIncoerente" type="15" discard="1" dealt="1" sum="5"/>
<action no="4" player="KOPKHUNKRAP" type="1" sum="30"/>
<action no="5" player="Aomanuahi" type="2" discard="1" dealt="1" sum="60"/>
</round>
<round no="1"><cards type="Pocket" player="KOPKHUNKRAP">C6 S5</cards>
<cards type="Pocket" player="Aomanuahi">X X</cards>
<cards type="Pocket" player="lIncoerente">X X</cards>
<action no="6" player="lIncoerente" type="23" discard="1" dealt="1" sum="468"/>
<action no="7" player="KOPKHUNKRAP" type="0" sum="0"/>
<action no="8" player="Aomanuahi" type="0" discard="1" dealt="1" sum="0"/>
</round>
</game>
<game gamecode="6562552183"><general>
<startdate>2025-12-18 03:59:53</startdate>
<round>1</round>
<failsafecounter/>
<players><player seat="3" name="lIncoerente" chips="573" dealer="0" win="75" bet="65" muck="1" rebuy="0" addon="0" merge="0" rebuychips="0" reg_code="5081387547"/>
<player seat="6" name="KOPKHUNKRAP" chips="278" dealer="1" win="0" bet="5" muck="1" rebuy="0" addon="0" merge="0" rebuychips="0" reg_code="5081387663"/>
<player seat="10" name="Aomanuahi" chips="649" dealer="0" win="0" bet="35" muck="1" rebuy="0" addon="0" merge="0" rebuychips="0" reg_code="5081387685"/>
</players>
</general>
<round no="0"><action no="1" player="Aomanuahi" type="15" discard="1" dealt="1" sum="5"/>
<action no="2" player="lIncoerente" type="15" discard="1" dealt="1" sum="5"/>
<action no="3" player="KOPKHUNKRAP" type="15" sum="5"/>
<action no="4" player="Aomanuahi" type="1" discard="1" dealt="1" sum="30"/>
<action no="5" player="lIncoerente" type="2" discard="1" dealt="1" sum="60"/>
</round>
<round no="1"><cards type="Pocket" player="KOPKHUNKRAP">C3 DJ</cards>
<cards type="Pocket" player="Aomanuahi">X X</cards>
<cards type="Pocket" player="lIncoerente">X X</cards>
<action no="6" player="KOPKHUNKRAP" type="0" sum="0"/>
<action no="7" player="Aomanuahi" type="0" discard="1" dealt="1" sum="0"/>
</round>
</game>
<game gamecode="6562552190"><general>
<startdate>2025-12-18 04:00:00</startdate>
<round>1</round>
<failsafecounter/>
<players><player seat="6" name="KOPKHUNKRAP" chips="273" dealer="0" win="581" bet="273" muck="0" rebuy="0" addon="0" merge="0" rebuychips="0" reg_code="5081387663"/>
<player seat="10" name="Aomanuahi" chips="614" dealer="1" win="0" bet="614" muck="0" rebuy="0" addon="0" merge="0" rebuychips="0" reg_code="5081387685"/>
<player seat="3" name="lIncoerente" chips="613" dealer="0" win="0" bet="35" muck="1" rebuy="0" addon="0" merge="0" rebuychips="0" reg_code="5081387547"/>
</players>
</general>
<round no="0"><action no="1" player="lIncoerente" type="15" discard="1" dealt="1" sum="5"/>
<action no="2" player="KOPKHUNKRAP" type="15" sum="5"/>
<action no="3" player="Aomanuahi" type="15" discard="1" dealt="1" sum="5"/>
<action no="4" player="lIncoerente" type="1" discard="1" dealt="1" sum="30"/>
<action no="5" player="KOPKHUNKRAP" type="2" sum="60"/>
</round>
<round no="1"><cards type="Pocket" player="lIncoerente">X X</cards>
<cards type="Pocket" player="KOPKHUNKRAP">H6 D6</cards>
<cards type="Pocket" player="Aomanuahi">D9 D8</cards>
<action no="6" player="Aomanuahi" type="23" discard="1" dealt="1" sum="609"/>
<action no="7" player="lIncoerente" type="0" discard="1" dealt="1" sum="0"/>
<action no="8" player="KOPKHUNKRAP" type="7" sum="208"/>
</round>
<round no="2"><cards type="Flop">HJ C6 CA</cards>
</round>
<round no="3"><cards type="Turn">HK</cards>
</round>
<round no="4"><cards type="River">S8</cards>
</round>
</game>
<game gamecode="6562552211"><general>
<startdate>2025-12-18 04:00:21</startdate>
<round>1</round>
<failsafecounter/>
<players><player seat="10" name="Aomanuahi" chips="341" dealer="0" win="75" bet="65" muck="1" rebuy="0" addon="0" merge="0" rebuychips="0" reg_code="5081387685"/>
<player seat="3" name="lIncoerente" chips="578" dealer="1" win="0" bet="5" muck="1" rebuy="0" addon="0" merge="0" rebuychips="0" reg_code="5081387547"/>
<player seat="6" name="KOPKHUNKRAP" chips="581" dealer="0" win="0" bet="35" muck="1" rebuy="0" addon="0" merge="0" rebuychips="0" reg_code="5081387663"/>
</players>
</general>
<round no="0"><action no="1" player="KOPKHUNKRAP" type="15" sum="5"/>
<action no="2" player="Aomanuahi" type="15" discard="1" dealt="1" sum="5"/>
<action no="3" player="lIncoerente" type="15" discard="1" dealt="1" sum="5"/>
<action no="4" player="KOPKHUNKRAP" type="1" sum="30"/>
<action no="5" player="Aomanuahi" type="2" discard="1" dealt="1" sum="60"/>
</round>
<round no="1"><cards type="Pocket" player="Aomanuahi">X X</cards>
<cards type="Pocket" player="lIncoerente">X X</cards>
<cards type="Pocket" player="KOPKHUNKRAP">H3 S10</cards>
<action no="6" player="lIncoerente" type="0" discard="1" dealt="1" sum="0"/>
<action no="7" player="KOPKHUNKRAP" type="0" sum="0"/>
</round>
</game>
<game gamecode="6562552218"><general>
<startdate>2025-12-18 04:00:27</startdate>
<round>1</round>
<failsafecounter/>
<players><player seat="3" name="lIncoerente" chips="573" dealer="0" win="0" bet="65" muck="1" rebuy="0" addon="0" merge="0" rebuychips="0" reg_code="5081387547"/>
<player seat="6" name="KOPKHUNKRAP" chips="546" dealer="1" win="0" bet="5" muck="1" rebuy="0" addon="0" merge="0" rebuychips="0" reg_code="5081387663"/>
<player seat="10" name="Aomanuahi" chips="381" dealer="0" win="135" bet="381" muck="1" rebuy="0" addon="0" merge="0" rebuychips="0" reg_code="5081387685"/>
</players>
</general>
<round no="0"><action no="1" player="Aomanuahi" type="15" discard="1" dealt="1" sum="5"/>
<action no="2" player="lIncoerente" type="15" discard="1" dealt="1" sum="5"/>
<action no="3" player="KOPKHUNKRAP" type="15" sum="5"/>
<action no="4" player="Aomanuahi" type="1" discard="1" dealt="1" sum="30"/>
<action no="5" player="lIncoerente" type="2" discard="1" dealt="1" sum="60"/>
</round>
<round no="1"><cards type="Pocket" player="Aomanuahi">X X</cards>
<cards type="Pocket" player="lIncoerente">X X</cards>
<cards type="Pocket" player="KOPKHUNKRAP">C9 S7</cards>
<action no="6" player="KOPKHUNKRAP" type="0" sum="0"/>
<action no="7" player="Aomanuahi" type="23" discard="1" dealt="1" sum="376"/>
<action no="8" player="lIncoerente" type="0" discard="1" dealt="1" sum="0"/>
</round>
</game>
<game gamecode="6562552228"><general>
<startdate>2025-12-18 04:00:36</startdate>
<round>1</round>
<failsafecounter/>
<players><player seat="6" name="KOPKHUNKRAP" chips="541" dealer="0" win="1,021" bet="508" muck="0" rebuy="0" addon="0" merge="0" rebuychips="0" reg_code="5081387663"/>
<player seat="10" name="Aomanuahi" chips="451" dealer="1" win="0" bet="5" muck="1" rebuy="0" addon="0" merge="0" rebuychips="0" reg_code="5081387685"/>
<player seat="3" name="lIncoerente" chips="508" dealer="0" win="0" bet="508" muck="0" rebuy="0" addon="0" merge="0" rebuychips="0" reg_code="5081387547"/>
</players>
</general>
<round no="0"><action no="1" player="lIncoerente" type="15" discard="1" dealt="1" sum="5"/>
<action no="2" player="KOPKHUNKRAP" type="15" sum="5"/>
<action no="3" player="Aomanuahi" type="15" discard="1" dealt="1" sum="5"/>
<action no="4" player="lIncoerente" type="1" discard="1" dealt="1" sum="30"/>
<action no="5" player="KOPKHUNKRAP" type="2" sum="60"/>
</round>
<round no="1"><cards type="Pocket" player="lIncoerente">D2 SA</cards>
<cards type="Pocket" player="KOPKHUNKRAP">S9 HA</cards>
<cards type="Pocket" player="Aomanuahi">X X</cards>
<action no="6" player="Aomanuahi" type="0" discard="1" dealt="1" sum="0"/>
<action no="7" player="lIncoerente" type="23" discard="1" dealt="1" sum="503"/>
<action no="8" player="KOPKHUNKRAP" type="3" sum="443"/>
</round>
<round no="2"><cards type="Flop">DJ D9 C8</cards>
</round>
<round no="3"><cards type="Turn">HQ</cards>
</round>
<round no="4"><cards type="River">D8</cards>
</round>
</game>
<game gamecode="6562552243"><general>
<startdate>2025-12-18 04:00:53</startdate>
<round>1</round>
<failsafecounter/>
<players><player seat="10" name="Aomanuahi" chips="446" dealer="0" win="0" bet="446" muck="0" rebuy="0" addon="0" merge="0" rebuychips="0" reg_code="5081387685"/>
<player seat="6" name="KOPKHUNKRAP" chips="1,054" dealer="1" win="892" bet="1,054" muck="0" rebuy="0" addon="0" merge="0" rebuychips="0" reg_code="5081387663"/>
</players>
</general>
<round no="0"><action no="1" player="KOPKHUNKRAP" type="15" sum="5"/>
<action no="2" player="Aomanuahi" type="15" discard="1" dealt="1" sum="5"/>
<action no="3" player="KOPKHUNKRAP" type="1" sum="30"/>
<action no="4" player="Aomanuahi" type="2" discard="1" dealt="1" sum="60"/>
</round>
<round no="1"><cards type="Pocket" player="KOPKHUNKRAP">CK CA</cards>
<cards type="Pocket" player="Aomanuahi">SK S5</cards>
<action no="5" player="KOPKHUNKRAP" type="23" sum="1,049"/>
<action no="6" player="Aomanuahi" type="7" discard="1" dealt="1" sum="381"/>
</round>
<round no="2"><cards type="Flop">C8 S7 D6</cards>
</round>
<round no="3"><cards type="Turn">S3</cards>
</round>
<round no="4"><cards type="River">HQ</cards>
</round>
</game>
</session>
