<?xml version="1.0" encoding="UTF-8"?>
<session sessioncode="5081127263">
<general>
<client_version>24.7.1.15</client_version>
<mode>real</mode>
<gametype>Holdem NL</gametype>
<tablename>Twister €100 SNG, 824008614</tablename>
<tournamentcode>824008611</tournamentcode>
<tournamentname>Twister €100 SNG</tournamentname>
<buyin>€0 + €7 + €93</buyin>
<totalbuyin>€100</totalbuyin>
<rewarddrawn>€200</rewarddrawn>
<tournamentcurrency>EUR</tournamentcurrency>
<currency>EUR</currency>
<nickname>KOPKHUNKRAP</nickname>
<gamecount>23</gamecount>
<startdate>2025-12-17 03:53:58</startdate>
<place>2</place>
<win>€0</win>
<tablesize>3</tablesize>
</general>
<game gamecode="6561476340"><general>
<startdate>2025-12-17 03:54:13</startdate>
<round>1</round>
<failsafecounter/>
<players><player seat="6" name="theMaltese" chips="500" dealer="0" win="0" bet="40" muck="1" rebuy="0" addon="0" merge="0" rebuychips="0" reg_code="5081127418"/>
<player seat="10" name="MedichamLv100" chips="500" dealer="1" win="90" bet="80" muck="1" rebuy="0" addon="0" merge="0" rebuychips="0" reg_code="5081127428"/>
<player seat="3" name="KOPKHUNKRAP" chips="500" dealer="0" win="0" bet="10" muck="1" rebuy="0" addon="0" merge="0" rebuychips="0" reg_code="5081127263"/>
</players>
</general>
<round no="0"><action no="1" player="KOPKHUNKRAP" type="1" sum="10"/>
<action no="2" player="theMaltese" type="2" discard="1" dealt="1" sum="20"/>
</round>
<round no="1"><cards type="Pocket" player="MedichamLv100">X X</cards>
<cards type="Pocket" player="KOPKHUNKRAP">S6 HJ</cards>
<cards type="Pocket" player="theMaltese">X X</cards>
<action no="3" player="MedichamLv100" type="23" discard="1" dealt="1" sum="40"/>
<action no="4" player="KOPKHUNKRAP" type="0" sum="0"/>
<action no="5" player="theMaltese" type="3" discard="1" dealt="1" sum="20"/>
</round>
<round no="2"><cards type="Flop">S3 HA S7</cards>
<action no="6" player="theMaltese" type="4" discard="1" dealt="1" sum="0"/>
<action no="7" player="MedichamLv100" type="5" discard="1" dealt="1" sum="40"/>
<action no="8" player="theMaltese" type="0" discard="1" dealt="1" sum="0"/>
</round>
</game>
<game gamecode="6561476377"><general>
<startdate>2025-12-17 03:54:31</startdate>
<round>1</round>
<failsafecounter/>
<players><player seat="10" name="MedichamLv100" chips="550" dealer="0" win="0" bet="20" muck="1" rebuy="0" addon="0" merge="0" rebuychips="0" reg_code="5081127428"/>
<player seat="3" name="KOPKHUNKRAP" chips="490" dealer="1" win="0" bet="0" muck="1" rebuy="0" addon="0" merge="0" rebuychips="0" reg_code="5081127263"/>
<player seat="6" name="theMaltese" chips="460" dealer="0" win="40" bet="40" muck="1" rebuy="0" addon="0" merge="0" rebuychips="0" reg_code="5081127418"/>
</players>
</general>
<round no="0"><action no="1" player="theMaltese" type="1" discard="1" dealt="1" sum="10"/>
<action no="2" player="MedichamLv100" type="2" discard="1" dealt="1" sum="20"/>
</round>
<round no="1"><cards type="Pocket" player="MedichamLv100">X X</cards>
<cards type="Pocket" player="KOPKHUNKRAP">SJ D5</cards>
<cards type="Pocket" player="theMaltese">X X</cards>
<action no="3" player="KOPKHUNKRAP" type="0" sum="0"/>
<action no="4" player="theMaltese" type="3" discard="1" dealt="1" sum="10"/>
<action no="5" player="MedichamLv100" type="4" discard="1" dealt="1" sum="0"/>
</round>
<round no="2"><cards type="Flop">CA HK HJ</cards>
<action no="6" player="theMaltese" type="5" discard="1" dealt="1" sum="20"/>
<action no="7" player="MedichamLv100" type="0" discard="1" dealt="1" sum="0"/>
</round>
</game>
<game gamecode="6561476398"><general>
<startdate>2025-12-17 03:54:43</startdate>
<round>1</round>
<failsafecounter/>
<players><player seat="3" name="KOPKHUNKRAP" chips="490" dealer="0" win="0" bet="20" muck="1" rebuy="0" addon="0" merge="0" rebuychips="0" reg_code="5081127263"/>
<player seat="6" name="theMaltese" chips="480" dealer="1" win="980" bet="480" muck="0" rebuy="0" addon="0" merge="0" rebuychips="0" reg_code="5081127418"/>
<player seat="10" name="MedichamLv100" chips="530" dealer="0" win="0" bet="530" muck="1" rebuy="0" addon="0" merge="0" rebuychips="0" reg_code="5081127428"/>
</players>
</general>
<round no="0"><action no="1" player="MedichamLv100" type="1" discard="1" dealt="1" sum="10"/>
<action no="2" player="KOPKHUNKRAP" type="2" sum="20"/>
</round>
<round no="1"><cards type="Pocket" player="KOPKHUNKRAP">D3 H9</cards>
<cards type="Pocket" player="theMaltese">S9 SQ</cards>
<cards type="Pocket" player="MedichamLv100">HA C8</cards>
<action no="3" player="theMaltese" type="23" discard="1" dealt="1" sum="40"/>
<action no="4" player="MedichamLv100" type="23" discard="1" dealt="1" sum="530"/>
<action no="5" player="KOPKHUNKRAP" type="0" sum="0"/>
<action no="6" player="theMaltese" type="7" discard="1" dealt="1" sum="440"/>
</round>
<round no="2"><cards type="Flop">S7 S3 HK</cards>
</round>
<round no="3"><cards type="Turn">S5</cards>
</round>
<round no="4"><cards type="River">CA</cards>
</round>
</game>
<game gamecode="6561476440"><general>
<startdate>2025-12-17 03:55:02</startdate>
<round>1</round>
<failsafecounter/>
<players><player seat="6" name="theMaltese" chips="980" dealer="0" win="0" bet="40" muck="1" rebuy="0" addon="0" merge="0" rebuychips="0" reg_code="5081127418"/>
<player seat="10" name="MedichamLv100" chips="50" dealer="1" win="0" bet="0" muck="1" rebuy="0" addon="0" merge="0" rebuychips="0" reg_code="5081127428"/>
<player seat="3" name="KOPKHUNKRAP" chips="470" dealer="0" win="80" bet="66" muck="1" rebuy="0" addon="0" merge="0" rebuychips="0" reg_code="5081127263"/>
</players>
</general>
<round no="0"><action no="1" player="KOPKHUNKRAP" type="1" sum="10"/>
<action no="2" player="theMaltese" type="2" discard="1" dealt="1" sum="20"/>
</round>
<round no="1"><cards type="Pocket" player="MedichamLv100">X X</cards>
<cards type="Pocket" player="theMaltese">X X</cards>
<cards type="Pocket" player="KOPKHUNKRAP">S9 SJ</cards>
<action no="3" player="MedichamLv100" type="0" discard="1" dealt="1" sum="0"/>
<action no="4" player="KOPKHUNKRAP" type="23" sum="40"/>
<action no="5" player="theMaltese" type="3" discard="1" dealt="1" sum="20"/>
</round>
<round no="2"><cards type="Flop">HA C2 H3</cards>
<action no="6" player="KOPKHUNKRAP" type="5" sum="26"/>
<action no="7" player="theMaltese" type="0" discard="1" dealt="1" sum="0"/>
</round>
</game>
<game gamecode="6561476461"><general>
<startdate>2025-12-17 03:55:16</startdate>
<round>1</round>
<failsafecounter/>
<players><player seat="10" name="MedichamLv100" chips="50" dealer="0" win="0" bet="50" muck="0" rebuy="0" addon="0" merge="0" rebuychips="0" reg_code="5081127428"/>
<player seat="3" name="KOPKHUNKRAP" chips="510" dealer="1" win="0" bet="70" muck="1" rebuy="0" addon="0" merge="0" rebuychips="0" reg_code="5081127263"/>
<player seat="6" name="theMaltese" chips="940" dealer="0" win="190" bet="130" muck="0" rebuy="0" addon="0" merge="0" rebuychips="0" reg_code="5081127418"/>
</players>
</general>
<round no="0"><action no="1" player="theMaltese" type="1" discard="1" dealt="1" sum="10"/>
<action no="2" player="MedichamLv100" type="2" discard="1" dealt="1" sum="20"/>
</round>
<round no="1"><cards type="Pocket" player="MedichamLv100">DJ S7</cards>
<cards type="Pocket" player="KOPKHUNKRAP">DK D4</cards>
<cards type="Pocket" player="theMaltese">S10 HA</cards>
<action no="3" player="KOPKHUNKRAP" type="23" sum="40"/>
<action no="4" player="theMaltese" type="3" discard="1" dealt="1" sum="30"/>
<action no="5" player="MedichamLv100" type="3" discard="1" dealt="1" sum="20"/>
</round>
<round no="2"><cards type="Flop">DA S3 C5</cards>
<action no="6" player="theMaltese" type="4" discard="1" dealt="1" sum="0"/>
<action no="7" player="MedichamLv100" type="7" discard="1" dealt="1" sum="10"/>
<action no="8" player="KOPKHUNKRAP" type="3" sum="10"/>
<action no="9" player="theMaltese" type="3" discard="1" dealt="1" sum="10"/>
</round>
<round no="3"><cards type="Turn">C4</cards>
<action no="10" player="theMaltese" type="5" discard="1" dealt="1" sum="20"/>
<action no="11" player="KOPKHUNKRAP" type="3" sum="20"/>
</round>
<round no="4"><cards type="River">D9</cards>
<action no="12" player="theMaltese" type="5" discard="1" dealt="1" sum="60"/>
<action no="13" player="KOPKHUNKRAP" type="0" sum="0"/>
</round>
</game>
<game gamecode="6561476507"><general>
<startdate>2025-12-17 03:55:39</startdate>
<round>1</round>
<failsafecounter/>
<players><player seat="3" name="KOPKHUNKRAP" chips="440" dealer="0" win="0" bet="80" muck="1" rebuy="0" addon="0" merge="0" rebuychips="0" reg_code="5081127263"/>
<player seat="6" name="theMaltese" chips="1,060" dealer="1" win="160" bet="80" muck="0" rebuy="0" addon="0" merge="0" rebuychips="0" reg_code="5081127418"/>
</players>
</general>
<round no="0"><action no="1" player="theMaltese" type="1" discard="1" dealt="1" sum="10"/>
<action no="2" player="KOPKHUNKRAP" type="2" sum="20"/>
</round>
<round no="1"><cards type="Pocket" player="KOPKHUNKRAP">C9 S7</cards>
<cards type="Pocket" player="theMaltese">D8 D9</cards>
<action no="3" player="theMaltese" type="3" discard="1" dealt="1" sum="10"/>
<action no="4" player="KOPKHUNKRAP" type="4" sum="0"/>
</round>
<round no="2"><cards type="Flop">C6 CQ S8</cards>
<action no="5" player="KOPKHUNKRAP" type="4" sum="0"/>
<action no="6" player="theMaltese" type="5" discard="1" dealt="1" sum="20"/>
<action no="7" player="KOPKHUNKRAP" type="3" sum="20"/>
</round>
<round no="3"><cards type="Turn">CA</cards>
<action no="8" player="KOPKHUNKRAP" type="4" sum="0"/>
<action no="9" player="theMaltese" type="5" discard="1" dealt="1" sum="40"/>
<action no="10" player="KOPKHUNKRAP" type="3" sum="40"/>
</round>
<round no="4"><cards type="River">HJ</cards>
<action no="11" player="KOPKHUNKRAP" type="4" sum="0"/>
<action no="12" player="theMaltese" type="4" discard="1" dealt="1" sum="0"/>
</round>
</game>
<game gamecode="6561476533"><general>
<startdate>2025-12-17 03:55:54</startdate>
<round>1</round>
<failsafecounter/>
<players><player seat="6" name="theMaltese" chips="1,140" dealer="0" win="130" bet="155" muck="1" rebuy="0" addon="0" merge="0" rebuychips="0" reg_code="5081127418"/>
<player seat="3" name="KOPKHUNKRAP" chips="360" dealer="1" win="0" bet="65" muck="1" rebuy="0" addon="0" merge="0" rebuychips="0" reg_code="5081127263"/>
</players>
</general>
<round no="0"><action no="1" player="KOPKHUNKRAP" type="15" sum="5"/>
<action no="2" player="theMaltese" type="15" discard="1" dealt="1" sum="5"/>
<action no="3" player="KOPKHUNKRAP" type="1" sum="15"/>
<action no="4" player="theMaltese" type="2" discard="1" dealt="1" sum="30"/>
</round>
<round no="1"><cards type="Pocket" player="theMaltese">X X</cards>
<cards type="Pocket" player="KOPKHUNKRAP">S3 DK</cards>
<action no="5" player="KOPKHUNKRAP" type="3" sum="15"/>
<action no="6" player="theMaltese" type="4" discard="1" dealt="1" sum="0"/>
</round>
<round no="2"><cards type="Flop">S5 H2 CJ</cards>
<action no="7" player="theMaltese" type="4" discard="1" dealt="1" sum="0"/>
<action no="8" player="KOPKHUNKRAP" type="4" sum="0"/>
</round>
<round no="3"><cards type="Turn">HJ</cards>
<action no="9" player="theMaltese" type="5" discard="1" dealt="1" sum="30"/>
<action no="10" player="KOPKHUNKRAP" type="3" sum="30"/>
</round>
<round no="4"><cards type="River">C8</cards>
<action no="11" player="theMaltese" type="5" discard="1" dealt="1" sum="90"/>
<action no="12" player="KOPKHUNKRAP" type="0" sum="0"/>
</round>
</game>
<game gamecode="6561476559"><general>
<startdate>2025-12-17 03:56:09</startdate>
<round>1</round>
<failsafecounter/>
<players><player seat="3" name="KOPKHUNKRAP" chips="295" dealer="0" win="0" bet="95" muck="1" rebuy="0" addon="0" merge="0" rebuychips="0" reg_code="5081127263"/>
<player seat="6" name="theMaltese" chips="1,205" dealer="1" win="190" bet="95" muck="0" rebuy="0" addon="0" merge="0" rebuychips="0" reg_code="5081127418"/>
</players>
</general>
<round no="0"><action no="1" player="theMaltese" type="15" discard="1" dealt="1" sum="5"/>
<action no="2" player="KOPKHUNKRAP" type="15" sum="5"/>
<action no="3" player="theMaltese" type="1" discard="1" dealt="1" sum="15"/>
<action no="4" player="KOPKHUNKRAP" type="2" sum="30"/>
</round>
<round no="1"><cards type="Pocket" player="theMaltese">SJ H3</cards>
<cards type="Pocket" player="KOPKHUNKRAP">S5 S7</cards>
<action no="5" player="theMaltese" type="3" discard="1" dealt="1" sum="15"/>
<action no="6" player="KOPKHUNKRAP" type="4" sum="0"/>
</round>
<round no="2"><cards type="Flop">S6 CJ SQ</cards>
<action no="7" player="KOPKHUNKRAP" type="4" sum="0"/>
<action no="8" player="theMaltese" type="5" discard="1" dealt="1" sum="30"/>
<action no="9" player="KOPKHUNKRAP" type="3" sum="30"/>
</round>
<round no="3"><cards type="Turn">C7</cards>
<action no="10" player="KOPKHUNKRAP" type="4" sum="0"/>
<action no="11" player="theMaltese" type="5" discard="1" dealt="1" sum="30"/>
<action no="12" player="KOPKHUNKRAP" type="3" sum="30"/>
</round>
<round no="4"><cards type="River">DA</cards>
<action no="13" player="KOPKHUNKRAP" type="4" sum="0"/>
<action no="14" player="theMaltese" type="4" discard="1" dealt="1" sum="0"/>
</round>
</game>
<game gamecode="6561476598"><general>
<startdate>2025-12-17 03:56:26</startdate>
<round>1</round>
<failsafecounter/>
<players><player seat="6" name="theMaltese" chips="1,300" dealer="0" win="40" bet="35" muck="1" rebuy="0" addon="0" merge="0" rebuychips="0" reg_code="5081127418"/>
<player seat="3" name="KOPKHUNKRAP" chips="200" dealer="1" win="0" bet="20" muck="1" rebuy="0" addon="0" merge="0" rebuychips="0" reg_code="5081127263"/>
</players>
</general>
<round no="0"><action no="1" player="KOPKHUNKRAP" type="15" sum="5"/>
<action no="2" player="theMaltese" type="15" discard="1" dealt="1" sum="5"/>
<action no="3" player="KOPKHUNKRAP" type="1" sum="15"/>
<action no="4" player="theMaltese" type="2" discard="1" dealt="1" sum="30"/>
</round>
<round no="1"><cards type="Pocket" player="theMaltese">X X</cards>
<cards type="Pocket" player="KOPKHUNKRAP">C5 H2</cards>
<action no="5" player="KOPKHUNKRAP" type="0" sum="0"/>
</round>
</game>
<game gamecode="6561476611"><general>
<startdate>2025-12-17 03:56:31</startdate>
<round>1</round>
<failsafecounter/>
<players><player seat="3" name="KOPKHUNKRAP" chips="180" dealer="0" win="360" bet="180" muck="0" rebuy="0" addon="0" merge="0" rebuychips="0" reg_code="5081127263"/>
<player seat="6" name="theMaltese" chips="1,320" dealer="1" win="0" bet="1,320" muck="1" rebuy="0" addon="0" merge="0" rebuychips="0" reg_code="5081127418"/>
</players>
</general>
<round no="0"><action no="1" player="theMaltese" type="15" discard="1" dealt="1" sum="5"/>
<action no="2" player="KOPKHUNKRAP" type="15" sum="5"/>
<action no="3" player="theMaltese" type="1" discard="1" dealt="1" sum="15"/>
<action no="4" player="KOPKHUNKRAP" type="2" sum="30"/>
</round>
<round no="1"><cards type="Pocket" player="KOPKHUNKRAP">D10 S9</cards>
<cards type="Pocket" player="theMaltese">D3 S6</cards>
<action no="5" player="theMaltese" type="23" discard="1" dealt="1" sum="1,315"/>
<action no="6" player="KOPKHUNKRAP" type="7" sum="145"/>
</round>
<round no="2"><cards type="Flop">SA S5 H3</cards>
</round>
<round no="3"><cards type="Turn">SQ</cards>
</round>
<round no="4"><cards type="River">C10</cards>
</round>
</game>
<game gamecode="6561476644"><general>
<startdate>2025-12-17 03:56:51</startdate>
<round>1</round>
<failsafecounter/>
<players><player seat="6" name="theMaltese" chips="1,140" dealer="0" win="40" bet="35" muck="1" rebuy="0" addon="0" merge="0" rebuychips="0" reg_code="5081127418"/>
<player seat="3" name="KOPKHUNKRAP" chips="360" dealer="1" win="0" bet="20" muck="1" rebuy="0" addon="0" merge="0" rebuychips="0" reg_code="5081127263"/>
</players>
</general>
<round no="0"><action no="1" player="KOPKHUNKRAP" type="15" sum="5"/>
<action no="2" player="theMaltese" type="15" discard="1" dealt="1" sum="5"/>
<action no="3" player="KOPKHUNKRAP" type="1" sum="15"/>
<action no="4" player="theMaltese" type="2" discard="1" dealt="1" sum="30"/>
</round>
<round no="1"><cards type="Pocket" player="theMaltese">X X</cards>
<cards type="Pocket" player="KOPKHUNKRAP">D3 S9</cards>
<action no="5" player="KOPKHUNKRAP" type="0" sum="0"/>
</round>
</game>
<game gamecode="6561476657"><general>
<startdate>2025-12-17 03:56:58</startdate>
<round>1</round>
<failsafecounter/>
<players><player seat="3" name="KOPKHUNKRAP" chips="340" dealer="0" win="160" bet="110" muck="1" rebuy="0" addon="0" merge="0" rebuychips="0" reg_code="5081127263"/>
<player seat="6" name="theMaltese" chips="1,160" dealer="1" win="0" bet="80" muck="1" rebuy="0" addon="0" merge="0" rebuychips="0" reg_code="5081127418"/>
</players>
</general>
<round no="0"><action no="1" player="theMaltese" type="15" discard="1" dealt="1" sum="5"/>
<action no="2" player="KOPKHUNKRAP" type="15" sum="5"/>
<action no="3" player="theMaltese" type="1" discard="1" dealt="1" sum="15"/>
<action no="4" player="KOPKHUNKRAP" type="2" sum="30"/>
</round>
<round no="1"><cards type="Pocket" player="KOPKHUNKRAP">DK DQ</cards>
<cards type="Pocket" player="theMaltese">X X</cards>
<action no="5" player="theMaltese" type="3" discard="1" dealt="1" sum="15"/>
<action no="6" player="KOPKHUNKRAP" type="23" sum="75"/>
<action no="7" player="theMaltese" type="3" discard="1" dealt="1" sum="45"/>
</round>
<round no="2"><cards type="Flop">D7 SA S7</cards>
<action no="8" player="KOPKHUNKRAP" type="5" sum="30"/>
<action no="9" player="theMaltese" type="0" discard="1" dealt="1" sum="0"/>
</round>
</game>
<game gamecode="6561476678"><general>
<startdate>2025-12-17 03:57:12</startdate>
<round>1</round>
<failsafecounter/>
<players><player seat="6" name="theMaltese" chips="1,080" dealer="0" win="70" bet="65" muck="1" rebuy="0" addon="0" merge="0" rebuychips="0" reg_code="5081127418"/>
<player seat="3" name="KOPKHUNKRAP" chips="420" dealer="1" win="0" bet="35" muck="1" rebuy="0" addon="0" merge="0" rebuychips="0" reg_code="5081127263"/>
</players>
</general>
<round no="0"><action no="1" player="KOPKHUNKRAP" type="15" sum="5"/>
<action no="2" player="theMaltese" type="15" discard="1" dealt="1" sum="5"/>
<action no="3" player="KOPKHUNKRAP" type="1" sum="15"/>
<action no="4" player="theMaltese" type="2" discard="1" dealt="1" sum="30"/>
</round>
<round no="1"><cards type="Pocket" player="theMaltese">X X</cards>
<cards type="Pocket" player="KOPKHUNKRAP">C4 S6</cards>
<action no="5" player="KOPKHUNKRAP" type="3" sum="15"/>
<action no="6" player="theMaltese" type="4" discard="1" dealt="1" sum="0"/>
</round>
<round no="2"><cards type="Flop">C9 D3 D9</cards>
<action no="7" player="theMaltese" type="5" discard="1" dealt="1" sum="30"/>
<action no="8" player="KOPKHUNKRAP" type="0" sum="0"/>
</round>
</game>
<game gamecode="6561476693"><general>
<startdate>2025-12-17 03:57:20</startdate>
<round>1</round>
<failsafecounter/>
<players><player seat="3" name="KOPKHUNKRAP" chips="385" dealer="0" win="0" bet="35" muck="1" rebuy="0" addon="0" merge="0" rebuychips="0" reg_code="5081127263"/>
<player seat="6" name="theMaltese" chips="1,115" dealer="1" win="70" bet="65" muck="1" rebuy="0" addon="0" merge="0" rebuychips="0" reg_code="5081127418"/>
</players>
</general>
<round no="0"><action no="1" player="theMaltese" type="15" discard="1" dealt="1" sum="5"/>
<action no="2" player="KOPKHUNKRAP" type="15" sum="5"/>
<action no="3" player="theMaltese" type="1" discard="1" dealt="1" sum="15"/>
<action no="4" player="KOPKHUNKRAP" type="2" sum="30"/>
</round>
<round no="1"><cards type="Pocket" player="KOPKHUNKRAP">C8 H5</cards>
<cards type="Pocket" player="theMaltese">X X</cards>
<action no="5" player="theMaltese" type="3" discard="1" dealt="1" sum="15"/>
<action no="6" player="KOPKHUNKRAP" type="4" sum="0"/>
</round>
<round no="2"><cards type="Flop">D3 S10 C4</cards>
<action no="7" player="KOPKHUNKRAP" type="4" sum="0"/>
<action no="8" player="theMaltese" type="5" discard="1" dealt="1" sum="30"/>
<action no="9" player="KOPKHUNKRAP" type="0" sum="0"/>
</round>
</game>
<game gamecode="6561476708"><general>
<startdate>2025-12-17 03:57:29</startdate>
<round>1</round>
<failsafecounter/>
<players><player seat="6" name="theMaltese" chips="1,150" dealer="0" win="70" bet="35" muck="0" rebuy="0" addon="0" merge="0" rebuychips="0" reg_code="5081127418"/>
<player seat="3" name="KOPKHUNKRAP" chips="350" dealer="1" win="0" bet="35" muck="1" rebuy="0" addon="0" merge="0" rebuychips="0" reg_code="5081127263"/>
</players>
</general>
<round no="0"><action no="1" player="KOPKHUNKRAP" type="15" sum="5"/>
<action no="2" player="theMaltese" type="15" discard="1" dealt="1" sum="5"/>
<action no="3" player="KOPKHUNKRAP" type="1" sum="15"/>
<action no="4" player="theMaltese" type="2" discard="1" dealt="1" sum="30"/>
</round>
<round no="1"><cards type="Pocket" player="theMaltese">SA C2</cards>
<cards type="Pocket" player="KOPKHUNKRAP">D6 CK</cards>
<action no="5" player="KOPKHUNKRAP" type="3" sum="15"/>
<action no="6" player="theMaltese" type="4" discard="1" dealt="1" sum="0"/>
</round>
<round no="2"><cards type="Flop">SQ H10 H5</cards>
<action no="7" player="theMaltese" type="4" discard="1" dealt="1" sum="0"/>
<action no="8" player="KOPKHUNKRAP" type="4" sum="0"/>
</round>
<round no="3"><cards type="Turn">S3</cards>
<action no="9" player="theMaltese" type="4" discard="1" dealt="1" sum="0"/>
<action no="10" player="KOPKHUNKRAP" type="4" sum="0"/>
</round>
<round no="4"><cards type="River">C5</cards>
<action no="11" player="theMaltese" type="4" discard="1" dealt="1" sum="0"/>
<action no="12" player="KOPKHUNKRAP" type="4" sum="0"/>
</round>
</game>
<game gamecode="6561476727"><general>
<startdate>2025-12-17 03:57:43</startdate>
<round>1</round>
<failsafecounter/>
<players><player seat="3" name="KOPKHUNKRAP" chips="315" dealer="0" win="90" bet="315" muck="1" rebuy="0" addon="0" merge="0" rebuychips="0" reg_code="5081127263"/>
<player seat="6" name="theMaltese" chips="1,185" dealer="1" win="0" bet="45" muck="1" rebuy="0" addon="0" merge="0" rebuychips="0" reg_code="5081127418"/>
</players>
</general>
<round no="0"><action no="1" player="theMaltese" type="15" discard="1" dealt="1" sum="5"/>
<action no="2" player="KOPKHUNKRAP" type="15" sum="5"/>
<action no="3" player="theMaltese" type="1" discard="1" dealt="1" sum="20"/>
<action no="4" player="KOPKHUNKRAP" type="2" sum="40"/>
</round>
<round no="1"><cards type="Pocket" player="theMaltese">X X</cards>
<cards type="Pocket" player="KOPKHUNKRAP">S8 CQ</cards>
<action no="5" player="theMaltese" type="3" discard="1" dealt="1" sum="20"/>
<action no="6" player="KOPKHUNKRAP" type="23" sum="310"/>
<action no="7" player="theMaltese" type="0" discard="1" dealt="1" sum="0"/>
</round>
</game>
<game gamecode="6561476741"><general>
<startdate>2025-12-17 03:57:51</startdate>
<round>1</round>
<failsafecounter/>
<players><player seat="6" name="theMaltese" chips="1,140" dealer="0" win="50" bet="45" muck="1" rebuy="0" addon="0" merge="0" rebuychips="0" reg_code="5081127418"/>
<player seat="3" name="KOPKHUNKRAP" chips="360" dealer="1" win="0" bet="25" muck="1" rebuy="0" addon="0" merge="0" rebuychips="0" reg_code="5081127263"/>
</players>
</general>
<round no="0"><action no="1" player="KOPKHUNKRAP" type="15" sum="5"/>
<action no="2" player="theMaltese" type="15" discard="1" dealt="1" sum="5"/>
<action no="3" player="KOPKHUNKRAP" type="1" sum="20"/>
<action no="4" player="theMaltese" type="2" discard="1" dealt="1" sum="40"/>
</round>
<round no="1"><cards type="Pocket" player="KOPKHUNKRAP">D2 S6</cards>
<cards type="Pocket" player="theMaltese">X X</cards>
<action no="5" player="KOPKHUNKRAP" type="0" sum="0"/>
</round>
</game>
<game gamecode="6561476753"><general>
<startdate>2025-12-17 03:57:56</startdate>
<round>1</round>
<failsafecounter/>
<players><player seat="3" name="KOPKHUNKRAP" chips="335" dealer="0" win="270" bet="135" muck="0" rebuy="0" addon="0" merge="0" rebuychips="0" reg_code="5081127263"/>
<player seat="6" name="theMaltese" chips="1,165" dealer="1" win="0" bet="135" muck="1" rebuy="0" addon="0" merge="0" rebuychips="0" reg_code="5081127418"/>
</players>
</general>
<round no="0"><action no="1" player="theMaltese" type="15" discard="1" dealt="1" sum="5"/>
<action no="2" player="KOPKHUNKRAP" type="15" sum="5"/>
<action no="3" player="theMaltese" type="1" discard="1" dealt="1" sum="20"/>
<action no="4" player="KOPKHUNKRAP" type="2" sum="40"/>
</round>
<round no="1"><cards type="Pocket" player="theMaltese">CJ S3</cards>
<cards type="Pocket" player="KOPKHUNKRAP">S5 C9</cards>
<action no="5" player="theMaltese" type="3" discard="1" dealt="1" sum="20"/>
<action no="6" player="KOPKHUNKRAP" type="4" sum="0"/>
</round>
<round no="2"><cards type="Flop">C8 S9 H7</cards>
<action no="7" player="KOPKHUNKRAP" type="4" sum="0"/>
<action no="8" player="theMaltese" type="4" discard="1" dealt="1" sum="0"/>
</round>
<round no="3"><cards type="Turn">H9</cards>
<action no="9" player="KOPKHUNKRAP" type="5" sum="90"/>
<action no="10" player="theMaltese" type="3" discard="1" dealt="1" sum="90"/>
</round>
<round no="4"><cards type="River">C5</cards>
<action no="11" player="KOPKHUNKRAP" type="4" sum="0"/>
<action no="12" player="theMaltese" type="4" discard="1" dealt="1" sum="0"/>
</round>
</game>
<game gamecode="6561476777"><general>
<startdate>2025-12-17 03:58:13</startdate>
<round>1</round>
<failsafecounter/>
<players><player seat="6" name="theMaltese" chips="1,030" dealer="0" win="170" bet="205" muck="1" rebuy="0" addon="0" merge="0" rebuychips="0" reg_code="5081127418"/>
<player seat="3" name="KOPKHUNKRAP" chips="470" dealer="1" win="0" bet="85" muck="1" rebuy="0" addon="0" merge="0" rebuychips="0" reg_code="5081127263"/>
</players>
</general>
<round no="0"><action no="1" player="KOPKHUNKRAP" type="15" sum="5"/>
<action no="2" player="theMaltese" type="15" discard="1" dealt="1" sum="5"/>
<action no="3" player="KOPKHUNKRAP" type="1" sum="20"/>
<action no="4" player="theMaltese" type="2" discard="1" dealt="1" sum="40"/>
</round>
<round no="1"><cards type="Pocket" player="KOPKHUNKRAP">DJ C7</cards>
<cards type="Pocket" player="theMaltese">X X</cards>
<action no="5" player="KOPKHUNKRAP" type="3" sum="20"/>
<action no="6" player="theMaltese" type="23" discard="1" dealt="1" sum="80"/>
<action no="7" player="KOPKHUNKRAP" type="3" sum="40"/>
</round>
<round no="2"><cards type="Flop">SQ H4 H2</cards>
<action no="8" player="theMaltese" type="5" discard="1" dealt="1" sum="120"/>
<action no="9" player="KOPKHUNKRAP" type="0" sum="0"/>
</round>
</game>
<game gamecode="6561476801"><general>
<startdate>2025-12-17 03:58:25</startdate>
<round>1</round>
<failsafecounter/>
<players><player seat="3" name="KOPKHUNKRAP" chips="385" dealer="0" win="0" bet="85" muck="1" rebuy="0" addon="0" merge="0" rebuychips="0" reg_code="5081127263"/>
<player seat="6" name="theMaltese" chips="1,115" dealer="1" win="170" bet="125" muck="1" rebuy="0" addon="0" merge="0" rebuychips="0" reg_code="5081127418"/>
</players>
</general>
<round no="0"><action no="1" player="theMaltese" type="15" discard="1" dealt="1" sum="5"/>
<action no="2" player="KOPKHUNKRAP" type="15" sum="5"/>
<action no="3" player="theMaltese" type="1" discard="1" dealt="1" sum="20"/>
<action no="4" player="KOPKHUNKRAP" type="2" sum="40"/>
</round>
<round no="1"><cards type="Pocket" player="KOPKHUNKRAP">H7 D8</cards>
<cards type="Pocket" player="theMaltese">X X</cards>
<action no="5" player="theMaltese" type="3" discard="1" dealt="1" sum="20"/>
<action no="6" player="KOPKHUNKRAP" type="4" sum="0"/>
</round>
<round no="2"><cards type="Flop">D5 DK S4</cards>
<action no="7" player="KOPKHUNKRAP" type="4" sum="0"/>
<action no="8" player="theMaltese" type="5" discard="1" dealt="1" sum="40"/>
<action no="9" player="KOPKHUNKRAP" type="3" sum="40"/>
</round>
<round no="3"><cards type="Turn">CJ</cards>
<action no="10" player="KOPKHUNKRAP" type="4" sum="0"/>
<action no="11" player="theMaltese" type="5" discard="1" dealt="1" sum="40"/>
<action no="12" player="KOPKHUNKRAP" type="0" sum="0"/>
</round>
</game>
<game gamecode="6561476825"><general>
<startdate>2025-12-17 03:58:40</startdate>
<round>1</round>
<failsafecounter/>
<players><player seat="6" name="theMaltese" chips="1,200" dealer="0" win="0" bet="45" muck="1" rebuy="0" addon="0" merge="0" rebuychips="0" reg_code="5081127418"/>
<player seat="3" name="KOPKHUNKRAP" chips="300" dealer="1" win="90" bet="300" muck="1" rebuy="0" addon="0" merge="0" rebuychips="0" reg_code="5081127263"/>
</players>
</general>
<round no="0"><action no="1" player="KOPKHUNKRAP" type="15" sum="5"/>
<action no="2" player="theMaltese" type="15" discard="1" dealt="1" sum="5"/>
<action no="3" player="KOPKHUNKRAP" type="1" sum="20"/>
<action no="4" player="theMaltese" type="2" discard="1" dealt="1" sum="40"/>
</round>
<round no="1"><cards type="Pocket" player="KOPKHUNKRAP">D9 HA</cards>
<cards type="Pocket" player="theMaltese">X X</cards>
<action no="5" player="KOPKHUNKRAP" type="23" sum="295"/>
<action no="6" player="theMaltese" type="0" discard="1" dealt="1" sum="0"/>
</round>
</game>
<game gamecode="6561476839"><general>
<startdate>2025-12-17 03:58:47</startdate>
<round>1</round>
<failsafecounter/>
<players><player seat="3" name="KOPKHUNKRAP" chips="345" dealer="0" win="90" bet="345" muck="1" rebuy="0" addon="0" merge="0" rebuychips="0" reg_code="5081127263"/>
<player seat="6" name="theMaltese" chips="1,155" dealer="1" win="0" bet="45" muck="1" rebuy="0" addon="0" merge="0" rebuychips="0" reg_code="5081127418"/>
</players>
</general>
<round no="0"><action no="1" player="theMaltese" type="15" discard="1" dealt="1" sum="5"/>
<action no="2" player="KOPKHUNKRAP" type="15" sum="5"/>
<action no="3" player="theMaltese" type="1" discard="1" dealt="1" sum="20"/>
<action no="4" player="KOPKHUNKRAP" type="2" sum="40"/>
</round>
<round no="1"><cards type="Pocket" player="theMaltese">X X</cards>
<cards type="Pocket" player="KOPKHUNKRAP">SK D10</cards>
<action no="5" player="theMaltese" type="3" discard="1" dealt="1" sum="20"/>
<action no="6" player="KOPKHUNKRAP" type="23" sum="340"/>
<action no="7" player="theMaltese" type="0" discard="1" dealt="1" sum="0"/>
</round>
</game>
<game gamecode="6561476861"><general>
<startdate>2025-12-17 03:58:54</startdate>
<round>1</round>
<failsafecounter/>
<players><player seat="6" name="theMaltese" chips="1,110" dealer="0" win="780" bet="1,110" muck="0" rebuy="0" addon="0" merge="0" rebuychips="0" reg_code="5081127418"/>
<player seat="3" name="KOPKHUNKRAP" chips="390" dealer="1" win="0" bet="390" muck="0" rebuy="0" addon="0" merge="0" rebuychips="0" reg_code="5081127263"/>
</players>
</general>
<round no="0"><action no="1" player="KOPKHUNKRAP" type="15" sum="5"/>
<action no="2" player="theMaltese" type="15" discard="1" dealt="1" sum="5"/>
<action no="3" player="KOPKHUNKRAP" type="1" sum="20"/>
<action no="4" player="theMaltese" type="2" discard="1" dealt="1" sum="40"/>
</round>
<round no="1"><cards type="Pocket" player="theMaltese">H4 CK</cards>
<cards type="Pocket" player="KOPKHUNKRAP">SJ SA</cards>
<action no="5" player="KOPKHUNKRAP" type="3" sum="20"/>
<action no="6" player="theMaltese" type="4" discard="1" dealt="1" sum="0"/>
</round>
<round no="2"><cards type="Flop">DK SK S5</cards>
<action no="7" player="theMaltese" type="4" discard="1" dealt="1" sum="0"/>
<action no="8" player="KOPKHUNKRAP" type="4" sum="0"/>
</round>
<round no="3"><cards type="Turn">C5</cards>
<action no="9" player="theMaltese" type="4" discard="1" dealt="1" sum="0"/>
<action no="10" player="KOPKHUNKRAP" type="5" sum="40"/>
<action no="11" player="theMaltese" type="3" discard="1" dealt="1" sum="40"/>
</round>
<round no="4"><cards type="River">CJ</cards>
<action no="12" player="theMaltese" type="4" discard="1" dealt="1" sum="0"/>
<action no="13" player="KOPKHUNKRAP" type="5" sum="80"/>
<action no="14" player="theMaltese" type="23" discard="1" dealt="1" sum="1,025"/>
<action no="15" player="KOPKHUNKRAP" type="7" sum="225"/>
</round>
</game>
</session>
