<?xml version="1.0" encoding="UTF-8"?>
<session sessioncode="5081649404">
<general>
<client_version>24.7.1.15</client_version>
<mode>real</mode>
<gametype>Holdem NL</gametype>
<tablename>Twister €200 SNG, 824175432</tablename>
<tournamentcode>824175431</tournamentcode>
<tournamentname>Twister €200 SNG</tournamentname>
<buyin>€0 + €12 + €188</buyin>
<totalbuyin>€200</totalbuyin>
<rewarddrawn>€600</rewarddrawn>
<tournamentcurrency>EUR</tournamentcurrency>
<currency>EUR</currency>
<nickname>KOPKHUNKRAP</nickname>
<gamecount>19</gamecount>
<startdate>2025-12-19 04:37:50</startdate>
<place>2</place>
<win>€0</win>
<tablesize>3</tablesize>
</general>
<game gamecode="6563605098"><general>
<startdate>2025-12-19 04:38:05</startdate>
<round>1</round>
<failsafecounter/>
<players><player seat="10" name="KOPKHUNKRAP" chips="500" dealer="0" win="0" bet="40" muck="1" rebuy="0" addon="0" merge="0" rebuychips="0" reg_code="5081649404"/>
<player seat="3" name="Frizzantino00" chips="500" dealer="1" win="90" bet="63" muck="1" rebuy="0" addon="0" merge="0" rebuychips="0" reg_code="5081649309"/>
<player seat="6" name="Zeeria" chips="500" dealer="0" win="0" bet="10" muck="1" rebuy="0" addon="0" merge="0" rebuychips="0" reg_code="5081649319"/>
</players>
</general>
<round no="0"><action no="1" player="Zeeria" type="1" discard="1" dealt="1" sum="10"/>
<action no="2" player="KOPKHUNKRAP" type="2" sum="20"/>
</round>
<round no="1"><cards type="Pocket" player="KOPKHUNKRAP">H8 CK</cards>
<cards type="Pocket" player="Frizzantino00">X X</cards>
<cards type="Pocket" player="Zeeria">X X</cards>
<action no="3" player="Frizzantino00" type="23" discard="1" dealt="1" sum="40"/>
<action no="4" player="Zeeria" type="0" discard="1" dealt="1" sum="0"/>
<action no="5" player="KOPKHUNKRAP" type="3" sum="20"/>
</round>
<round no="2"><cards type="Flop">S9 D2 CJ</cards>
<action no="6" player="KOPKHUNKRAP" type="4" sum="0"/>
<action no="7" player="Frizzantino00" type="5" discard="1" dealt="1" sum="23"/>
<action no="8" player="KOPKHUNKRAP" type="0" sum="0"/>
</round>
</game>
<game gamecode="6563605111"><general>
<startdate>2025-12-19 04:38:31</startdate>
<round>1</round>
<failsafecounter/>
<players><player seat="3" name="Frizzantino00" chips="550" dealer="0" win="40" bet="60" muck="1" rebuy="0" addon="0" merge="0" rebuychips="0" reg_code="5081649309"/>
<player seat="6" name="Zeeria" chips="490" dealer="1" win="0" bet="0" muck="1" rebuy="0" addon="0" merge="0" rebuychips="0" reg_code="5081649319"/>
<player seat="10" name="KOPKHUNKRAP" chips="460" dealer="0" win="0" bet="20" muck="1" rebuy="0" addon="0" merge="0" rebuychips="0" reg_code="5081649404"/>
</players>
</general>
<round no="0"><action no="1" player="KOPKHUNKRAP" type="1" sum="10"/>
<action no="2" player="Frizzantino00" type="2" discard="1" dealt="1" sum="20"/>
</round>
<round no="1"><cards type="Pocket" player="KOPKHUNKRAP">DK H4</cards>
<cards type="Pocket" player="Zeeria">X X</cards>
<cards type="Pocket" player="Frizzantino00">X X</cards>
<action no="3" player="Zeeria" type="0" discard="1" dealt="1" sum="0"/>
<action no="4" player="KOPKHUNKRAP" type="3" sum="10"/>
<action no="5" player="Frizzantino00" type="4" discard="1" dealt="1" sum="0"/>
</round>
<round no="2"><cards type="Flop">S9 S8 D7</cards>
<action no="6" player="KOPKHUNKRAP" type="4" sum="0"/>
<action no="7" player="Frizzantino00" type="5" discard="1" dealt="1" sum="40"/>
<action no="8" player="KOPKHUNKRAP" type="0" sum="0"/>
</round>
</game>
<game gamecode="6563605124"><general>
<startdate>2025-12-19 04:38:53</startdate>
<round>1</round>
<failsafecounter/>
<players><player seat="6" name="Zeeria" chips="490" dealer="0" win="0" bet="96" muck="1" rebuy="0" addon="0" merge="0" rebuychips="0" reg_code="5081649319"/>
<player seat="10" name="KOPKHUNKRAP" chips="440" dealer="1" win="0" bet="0" muck="1" rebuy="0" addon="0" merge="0" rebuychips="0" reg_code="5081649404"/>
<player seat="3" name="Frizzantino00" chips="570" dealer="0" win="192" bet="156" muck="1" rebuy="0" addon="0" merge="0" rebuychips="0" reg_code="5081649309"/>
</players>
</general>
<round no="0"><action no="1" player="Frizzantino00" type="1" discard="1" dealt="1" sum="10"/>
<action no="2" player="Zeeria" type="2" discard="1" dealt="1" sum="20"/>
</round>
<round no="1"><cards type="Pocket" player="KOPKHUNKRAP">D8 C2</cards>
<cards type="Pocket" player="Zeeria">X X</cards>
<cards type="Pocket" player="Frizzantino00">X X</cards>
<action no="3" player="KOPKHUNKRAP" type="0" sum="0"/>
<action no="4" player="Frizzantino00" type="3" discard="1" dealt="1" sum="10"/>
<action no="5" player="Zeeria" type="23" discard="1" dealt="1" sum="60"/>
<action no="6" player="Frizzantino00" type="3" discard="1" dealt="1" sum="40"/>
</round>
<round no="2"><cards type="Flop">S5 SJ HQ</cards>
<action no="7" player="Frizzantino00" type="4" discard="1" dealt="1" sum="0"/>
<action no="8" player="Zeeria" type="5" discard="1" dealt="1" sum="36"/>
<action no="9" player="Frizzantino00" type="3" discard="1" dealt="1" sum="36"/>
</round>
<round no="3"><cards type="Turn">S9</cards>
<action no="10" player="Frizzantino00" type="4" discard="1" dealt="1" sum="0"/>
<action no="11" player="Zeeria" type="4" discard="1" dealt="1" sum="0"/>
</round>
<round no="4"><cards type="River">H8</cards>
<action no="12" player="Frizzantino00" type="5" discard="1" dealt="1" sum="60"/>
<action no="13" player="Zeeria" type="0" discard="1" dealt="1" sum="0"/>
</round>
</game>
<game gamecode="6563605152"><general>
<startdate>2025-12-19 04:39:43</startdate>
<round>1</round>
<failsafecounter/>
<players><player seat="10" name="KOPKHUNKRAP" chips="440" dealer="0" win="20" bet="20" muck="1" rebuy="0" addon="0" merge="0" rebuychips="0" reg_code="5081649404"/>
<player seat="3" name="Frizzantino00" chips="666" dealer="1" win="0" bet="0" muck="1" rebuy="0" addon="0" merge="0" rebuychips="0" reg_code="5081649309"/>
<player seat="6" name="Zeeria" chips="394" dealer="0" win="0" bet="10" muck="1" rebuy="0" addon="0" merge="0" rebuychips="0" reg_code="5081649319"/>
</players>
</general>
<round no="0"><action no="1" player="Zeeria" type="1" discard="1" dealt="1" sum="10"/>
<action no="2" player="KOPKHUNKRAP" type="2" sum="20"/>
</round>
<round no="1"><cards type="Pocket" player="Frizzantino00">X X</cards>
<cards type="Pocket" player="KOPKHUNKRAP">D4 H3</cards>
<cards type="Pocket" player="Zeeria">X X</cards>
<action no="3" player="Frizzantino00" type="0" discard="1" dealt="1" sum="0"/>
<action no="4" player="Zeeria" type="0" discard="1" dealt="1" sum="0"/>
</round>
</game>
<game gamecode="6563605157"><general>
<startdate>2025-12-19 04:39:49</startdate>
<round>1</round>
<failsafecounter/>
<players><player seat="3" name="Frizzantino00" chips="666" dealer="0" win="0" bet="35" muck="1" rebuy="0" addon="0" merge="0" rebuychips="0" reg_code="5081649309"/>
<player seat="6" name="Zeeria" chips="384" dealer="1" win="0" bet="5" muck="1" rebuy="0" addon="0" merge="0" rebuychips="0" reg_code="5081649319"/>
<player seat="10" name="KOPKHUNKRAP" chips="450" dealer="0" win="75" bet="450" muck="1" rebuy="0" addon="0" merge="0" rebuychips="0" reg_code="5081649404"/>
</players>
</general>
<round no="0"><action no="1" player="KOPKHUNKRAP" type="15" sum="5"/>
<action no="2" player="Frizzantino00" type="15" discard="1" dealt="1" sum="5"/>
<action no="3" player="Zeeria" type="15" discard="1" dealt="1" sum="5"/>
<action no="4" player="KOPKHUNKRAP" type="1" sum="15"/>
<action no="5" player="Frizzantino00" type="2" discard="1" dealt="1" sum="30"/>
</round>
<round no="1"><cards type="Pocket" player="Zeeria">X X</cards>
<cards type="Pocket" player="Frizzantino00">X X</cards>
<cards type="Pocket" player="KOPKHUNKRAP">S5 DA</cards>
<action no="6" player="Zeeria" type="0" discard="1" dealt="1" sum="0"/>
<action no="7" player="KOPKHUNKRAP" type="23" sum="445"/>
<action no="8" player="Frizzantino00" type="0" discard="1" dealt="1" sum="0"/>
</round>
</game>
<game gamecode="6563605166"><general>
<startdate>2025-12-19 04:40:01</startdate>
<round>1</round>
<failsafecounter/>
<players><player seat="6" name="Zeeria" chips="379" dealer="0" win="0" bet="379" muck="1" rebuy="0" addon="0" merge="0" rebuychips="0" reg_code="5081649319"/>
<player seat="10" name="KOPKHUNKRAP" chips="490" dealer="1" win="0" bet="5" muck="1" rebuy="0" addon="0" merge="0" rebuychips="0" reg_code="5081649404"/>
<player seat="3" name="Frizzantino00" chips="631" dealer="0" win="763" bet="631" muck="0" rebuy="0" addon="0" merge="0" rebuychips="0" reg_code="5081649309"/>
</players>
</general>
<round no="0"><action no="1" player="Frizzantino00" type="15" discard="1" dealt="1" sum="5"/>
<action no="2" player="Zeeria" type="15" discard="1" dealt="1" sum="5"/>
<action no="3" player="KOPKHUNKRAP" type="15" sum="5"/>
<action no="4" player="Frizzantino00" type="1" discard="1" dealt="1" sum="15"/>
<action no="5" player="Zeeria" type="2" discard="1" dealt="1" sum="30"/>
</round>
<round no="1"><cards type="Pocket" player="Zeeria">SA S2</cards>
<cards type="Pocket" player="KOPKHUNKRAP">C6 H9</cards>
<cards type="Pocket" player="Frizzantino00">H3 D3</cards>
<action no="6" player="KOPKHUNKRAP" type="0" sum="0"/>
<action no="7" player="Frizzantino00" type="23" discard="1" dealt="1" sum="626"/>
<action no="8" player="Zeeria" type="7" discard="1" dealt="1" sum="344"/>
</round>
<round no="2"><cards type="Flop">C8 DK C5</cards>
</round>
<round no="3"><cards type="Turn">H8</cards>
</round>
<round no="4"><cards type="River">DJ</cards>
</round>
</game>
<game gamecode="6563605192"><general>
<startdate>2025-12-19 04:40:26</startdate>
<round>1</round>
<failsafecounter/>
<players><player seat="10" name="KOPKHUNKRAP" chips="485" dealer="0" win="40" bet="35" muck="1" rebuy="0" addon="0" merge="0" rebuychips="0" reg_code="5081649404"/>
<player seat="3" name="Frizzantino00" chips="1,015" dealer="1" win="0" bet="20" muck="1" rebuy="0" addon="0" merge="0" rebuychips="0" reg_code="5081649309"/>
</players>
</general>
<round no="0"><action no="1" player="Frizzantino00" type="15" discard="1" dealt="1" sum="5"/>
<action no="2" player="KOPKHUNKRAP" type="15" sum="5"/>
<action no="3" player="Frizzantino00" type="1" discard="1" dealt="1" sum="15"/>
<action no="4" player="KOPKHUNKRAP" type="2" sum="30"/>
</round>
<round no="1"><cards type="Pocket" player="Frizzantino00">X X</cards>
<cards type="Pocket" player="KOPKHUNKRAP">SJ S7</cards>
<action no="5" player="Frizzantino00" type="0" discard="1" dealt="1" sum="0"/>
</round>
</game>
<game gamecode="6563605199"><general>
<startdate>2025-12-19 04:40:35</startdate>
<round>1</round>
<failsafecounter/>
<players><player seat="3" name="Frizzantino00" chips="995" dealer="0" win="0" bet="35" muck="1" rebuy="0" addon="0" merge="0" rebuychips="0" reg_code="5081649309"/>
<player seat="10" name="KOPKHUNKRAP" chips="505" dealer="1" win="70" bet="65" muck="1" rebuy="0" addon="0" merge="0" rebuychips="0" reg_code="5081649404"/>
</players>
</general>
<round no="0"><action no="1" player="KOPKHUNKRAP" type="15" sum="5"/>
<action no="2" player="Frizzantino00" type="15" discard="1" dealt="1" sum="5"/>
<action no="3" player="KOPKHUNKRAP" type="1" sum="15"/>
<action no="4" player="Frizzantino00" type="2" discard="1" dealt="1" sum="30"/>
</round>
<round no="1"><cards type="Pocket" player="Frizzantino00">X X</cards>
<cards type="Pocket" player="KOPKHUNKRAP">D5 DA</cards>
<action no="5" player="KOPKHUNKRAP" type="3" sum="15"/>
<action no="6" player="Frizzantino00" type="4" discard="1" dealt="1" sum="0"/>
</round>
<round no="2"><cards type="Flop">CK S7 H7</cards>
<action no="7" player="Frizzantino00" type="4" discard="1" dealt="1" sum="0"/>
<action no="8" player="KOPKHUNKRAP" type="4" sum="0"/>
</round>
<round no="3"><cards type="Turn">DK</cards>
<action no="9" player="Frizzantino00" type="4" discard="1" dealt="1" sum="0"/>
<action no="10" player="KOPKHUNKRAP" type="5" sum="30"/>
<action no="11" player="Frizzantino00" type="0" discard="1" dealt="1" sum="0"/>
</round>
</game>
<game gamecode="6563605223"><general>
<startdate>2025-12-19 04:41:05</startdate>
<round>1</round>
<failsafecounter/>
<players><player seat="10" name="KOPKHUNKRAP" chips="540" dealer="0" win="0" bet="65" muck="1" rebuy="0" addon="0" merge="0" rebuychips="0" reg_code="5081649404"/>
<player seat="3" name="Frizzantino00" chips="960" dealer="1" win="130" bet="95" muck="1" rebuy="0" addon="0" merge="0" rebuychips="0" reg_code="5081649309"/>
</players>
</general>
<round no="0"><action no="1" player="Frizzantino00" type="15" discard="1" dealt="1" sum="5"/>
<action no="2" player="KOPKHUNKRAP" type="15" sum="5"/>
<action no="3" player="Frizzantino00" type="1" discard="1" dealt="1" sum="15"/>
<action no="4" player="KOPKHUNKRAP" type="2" sum="30"/>
</round>
<round no="1"><cards type="Pocket" player="Frizzantino00">X X</cards>
<cards type="Pocket" player="KOPKHUNKRAP">CJ C3</cards>
<action no="5" player="Frizzantino00" type="23" discard="1" dealt="1" sum="60"/>
<action no="6" player="KOPKHUNKRAP" type="3" sum="30"/>
</round>
<round no="2"><cards type="Flop">SK HK S2</cards>
<action no="7" player="KOPKHUNKRAP" type="4" sum="0"/>
<action no="8" player="Frizzantino00" type="5" discard="1" dealt="1" sum="30"/>
<action no="9" player="KOPKHUNKRAP" type="0" sum="0"/>
</round>
</game>
<game gamecode="6563608256"><general>
<startdate>2025-12-19 04:41:28</startdate>
<round>1</round>
<failsafecounter/>
<players><player seat="3" name="Frizzantino00" chips="1,025" dealer="0" win="0" bet="45" muck="1" rebuy="0" addon="0" merge="0" rebuychips="0" reg_code="5081649309"/>
<player seat="10" name="KOPKHUNKRAP" chips="475" dealer="1" win="90" bet="475" muck="1" rebuy="0" addon="0" merge="0" rebuychips="0" reg_code="5081649404"/>
</players>
</general>
<round no="0"><action no="1" player="KOPKHUNKRAP" type="15" sum="5"/>
<action no="2" player="Frizzantino00" type="15" discard="1" dealt="1" sum="5"/>
<action no="3" player="KOPKHUNKRAP" type="1" sum="20"/>
<action no="4" player="Frizzantino00" type="2" discard="1" dealt="1" sum="40"/>
</round>
<round no="1"><cards type="Pocket" player="KOPKHUNKRAP">D6 CA</cards>
<cards type="Pocket" player="Frizzantino00">X X</cards>
<action no="5" player="KOPKHUNKRAP" type="23" sum="470"/>
<action no="6" player="Frizzantino00" type="0" discard="1" dealt="1" sum="0"/>
</round>
</game>
<game gamecode="6563608267"><general>
<startdate>2025-12-19 04:41:42</startdate>
<round>1</round>
<failsafecounter/>
<players><player seat="10" name="KOPKHUNKRAP" chips="520" dealer="0" win="170" bet="125" muck="1" rebuy="0" addon="0" merge="0" rebuychips="0" reg_code="5081649404"/>
<player seat="3" name="Frizzantino00" chips="980" dealer="1" win="0" bet="85" muck="1" rebuy="0" addon="0" merge="0" rebuychips="0" reg_code="5081649309"/>
</players>
</general>
<round no="0"><action no="1" player="Frizzantino00" type="15" discard="1" dealt="1" sum="5"/>
<action no="2" player="KOPKHUNKRAP" type="15" sum="5"/>
<action no="3" player="Frizzantino00" type="1" discard="1" dealt="1" sum="20"/>
<action no="4" player="KOPKHUNKRAP" type="2" sum="40"/>
</round>
<round no="1"><cards type="Pocket" player="Frizzantino00">X X</cards>
<cards type="Pocket" player="KOPKHUNKRAP">H5 CK</cards>
<action no="5" player="Frizzantino00" type="3" discard="1" dealt="1" sum="20"/>
<action no="6" player="KOPKHUNKRAP" type="4" sum="0"/>
</round>
<round no="2"><cards type="Flop">SA DA CQ</cards>
<action no="7" player="KOPKHUNKRAP" type="4" sum="0"/>
<action no="8" player="Frizzantino00" type="5" discard="1" dealt="1" sum="40"/>
<action no="9" player="KOPKHUNKRAP" type="3" sum="40"/>
</round>
<round no="3"><cards type="Turn">HQ</cards>
<action no="10" player="KOPKHUNKRAP" type="4" sum="0"/>
<action no="11" player="Frizzantino00" type="4" discard="1" dealt="1" sum="0"/>
</round>
<round no="4"><cards type="River">H6</cards>
<action no="12" player="KOPKHUNKRAP" type="5" sum="40"/>
<action no="13" player="Frizzantino00" type="0" discard="1" dealt="1" sum="0"/>
</round>
</game>
<game gamecode="6563608302"><general>
<startdate>2025-12-19 04:42:21</startdate>
<round>1</round>
<failsafecounter/>
<players><player seat="3" name="Frizzantino00" chips="895" dealer="0" win="0" bet="205" muck="1" rebuy="0" addon="0" merge="0" rebuychips="0" reg_code="5081649309"/>
<player seat="10" name="KOPKHUNKRAP" chips="605" dealer="1" win="410" bet="605" muck="1" rebuy="0" addon="0" merge="0" rebuychips="0" reg_code="5081649404"/>
</players>
</general>
<round no="0"><action no="1" player="KOPKHUNKRAP" type="15" sum="5"/>
<action no="2" player="Frizzantino00" type="15" discard="1" dealt="1" sum="5"/>
<action no="3" player="KOPKHUNKRAP" type="1" sum="20"/>
<action no="4" player="Frizzantino00" type="2" discard="1" dealt="1" sum="40"/>
</round>
<round no="1"><cards type="Pocket" player="KOPKHUNKRAP">S6 C10</cards>
<cards type="Pocket" player="Frizzantino00">X X</cards>
<action no="5" player="KOPKHUNKRAP" type="3" sum="20"/>
<action no="6" player="Frizzantino00" type="4" discard="1" dealt="1" sum="0"/>
</round>
<round no="2"><cards type="Flop">HQ SQ S9</cards>
<action no="7" player="Frizzantino00" type="4" discard="1" dealt="1" sum="0"/>
<action no="8" player="KOPKHUNKRAP" type="5" sum="40"/>
<action no="9" player="Frizzantino00" type="3" discard="1" dealt="1" sum="40"/>
</round>
<round no="3"><cards type="Turn">C7</cards>
<action no="10" player="Frizzantino00" type="4" discard="1" dealt="1" sum="0"/>
<action no="11" player="KOPKHUNKRAP" type="4" sum="0"/>
</round>
<round no="4"><cards type="River">C8</cards>
<action no="12" player="Frizzantino00" type="5" discard="1" dealt="1" sum="120"/>
<action no="13" player="KOPKHUNKRAP" type="23" sum="520"/>
<action no="14" player="Frizzantino00" type="0" discard="1" dealt="1" sum="0"/>
</round>
</game>
<game gamecode="6563608337"><general>
<startdate>2025-12-19 04:42:54</startdate>
<round>1</round>
<failsafecounter/>
<players><player seat="10" name="KOPKHUNKRAP" chips="810" dealer="0" win="0" bet="90" muck="1" rebuy="0" addon="0" merge="0" rebuychips="0" reg_code="5081649404"/>
<player seat="3" name="Frizzantino00" chips="690" dealer="1" win="180" bet="90" muck="0" rebuy="0" addon="0" merge="0" rebuychips="0" reg_code="5081649309"/>
</players>
</general>
<round no="0"><action no="1" player="Frizzantino00" type="15" discard="1" dealt="1" sum="5"/>
<action no="2" player="KOPKHUNKRAP" type="15" sum="5"/>
<action no="3" player="Frizzantino00" type="1" discard="1" dealt="1" sum="20"/>
<action no="4" player="KOPKHUNKRAP" type="2" sum="40"/>
</round>
<round no="1"><cards type="Pocket" player="Frizzantino00">CK S4</cards>
<cards type="Pocket" player="KOPKHUNKRAP">D4 C5</cards>
<action no="5" player="Frizzantino00" type="3" discard="1" dealt="1" sum="20"/>
<action no="6" player="KOPKHUNKRAP" type="4" sum="0"/>
</round>
<round no="2"><cards type="Flop">C2 H2 D7</cards>
<action no="7" player="KOPKHUNKRAP" type="4" sum="0"/>
<action no="8" player="Frizzantino00" type="4" discard="1" dealt="1" sum="0"/>
</round>
<round no="3"><cards type="Turn">C4</cards>
<action no="9" player="KOPKHUNKRAP" type="5" sum="45"/>
<action no="10" player="Frizzantino00" type="3" discard="1" dealt="1" sum="45"/>
</round>
<round no="4"><cards type="River">C3</cards>
<action no="11" player="KOPKHUNKRAP" type="4" sum="0"/>
<action no="12" player="Frizzantino00" type="4" discard="1" dealt="1" sum="0"/>
</round>
</game>
<game gamecode="6563608376"><general>
<startdate>2025-12-19 04:43:25</startdate>
<round>1</round>
<failsafecounter/>
<players><player seat="3" name="Frizzantino00" chips="780" dealer="0" win="0" bet="125" muck="1" rebuy="0" addon="0" merge="0" rebuychips="0" reg_code="5081649309"/>
<player seat="10" name="KOPKHUNKRAP" chips="720" dealer="1" win="250" bet="125" muck="0" rebuy="0" addon="0" merge="0" rebuychips="0" reg_code="5081649404"/>
</players>
</general>
<round no="0"><action no="1" player="KOPKHUNKRAP" type="15" sum="5"/>
<action no="2" player="Frizzantino00" type="15" discard="1" dealt="1" sum="5"/>
<action no="3" player="KOPKHUNKRAP" type="1" sum="30"/>
<action no="4" player="Frizzantino00" type="2" discard="1" dealt="1" sum="60"/>
</round>
<round no="1"><cards type="Pocket" player="Frizzantino00">S8 H3</cards>
<cards type="Pocket" player="KOPKHUNKRAP">HQ H5</cards>
<action no="5" player="KOPKHUNKRAP" type="3" sum="30"/>
<action no="6" player="Frizzantino00" type="4" discard="1" dealt="1" sum="0"/>
</round>
<round no="2"><cards type="Flop">D4 S6 DK</cards>
<action no="7" player="Frizzantino00" type="4" discard="1" dealt="1" sum="0"/>
<action no="8" player="KOPKHUNKRAP" type="4" sum="0"/>
</round>
<round no="3"><cards type="Turn">D5</cards>
<action no="9" player="Frizzantino00" type="4" discard="1" dealt="1" sum="0"/>
<action no="10" player="KOPKHUNKRAP" type="5" sum="60"/>
<action no="11" player="Frizzantino00" type="3" discard="1" dealt="1" sum="60"/>
</round>
<round no="4"><cards type="River">HK</cards>
<action no="12" player="Frizzantino00" type="4" discard="1" dealt="1" sum="0"/>
<action no="13" player="KOPKHUNKRAP" type="4" sum="0"/>
</round>
</game>
<game gamecode="6563608411"><general>
<startdate>2025-12-19 04:44:00</startdate>
<round>1</round>
<failsafecounter/>
<players><player seat="10" name="KOPKHUNKRAP" chips="845" dealer="0" win="130" bet="845" muck="1" rebuy="0" addon="0" merge="0" rebuychips="0" reg_code="5081649404"/>
<player seat="3" name="Frizzantino00" chips="655" dealer="1" win="0" bet="65" muck="1" rebuy="0" addon="0" merge="0" rebuychips="0" reg_code="5081649309"/>
</players>
</general>
<round no="0"><action no="1" player="Frizzantino00" type="15" discard="1" dealt="1" sum="5"/>
<action no="2" player="KOPKHUNKRAP" type="15" sum="5"/>
<action no="3" player="Frizzantino00" type="1" discard="1" dealt="1" sum="30"/>
<action no="4" player="KOPKHUNKRAP" type="2" sum="60"/>
</round>
<round no="1"><cards type="Pocket" player="Frizzantino00">X X</cards>
<cards type="Pocket" player="KOPKHUNKRAP">D9 DK</cards>
<action no="5" player="Frizzantino00" type="3" discard="1" dealt="1" sum="30"/>
<action no="6" player="KOPKHUNKRAP" type="23" sum="840"/>
<action no="7" player="Frizzantino00" type="0" discard="1" dealt="1" sum="0"/>
</round>
</game>
<game gamecode="6563608427"><general>
<startdate>2025-12-19 04:44:15</startdate>
<round>1</round>
<failsafecounter/>
<players><player seat="3" name="Frizzantino00" chips="590" dealer="0" win="130" bet="590" muck="1" rebuy="0" addon="0" merge="0" rebuychips="0" reg_code="5081649309"/>
<player seat="10" name="KOPKHUNKRAP" chips="910" dealer="1" win="0" bet="65" muck="1" rebuy="0" addon="0" merge="0" rebuychips="0" reg_code="5081649404"/>
</players>
</general>
<round no="0"><action no="1" player="KOPKHUNKRAP" type="15" sum="5"/>
<action no="2" player="Frizzantino00" type="15" discard="1" dealt="1" sum="5"/>
<action no="3" player="KOPKHUNKRAP" type="1" sum="30"/>
<action no="4" player="Frizzantino00" type="2" discard="1" dealt="1" sum="60"/>
</round>
<round no="1"><cards type="Pocket" player="Frizzantino00">X X</cards>
<cards type="Pocket" player="KOPKHUNKRAP">H3 CJ</cards>
<action no="5" player="KOPKHUNKRAP" type="3" sum="30"/>
<action no="6" player="Frizzantino00" type="23" discard="1" dealt="1" sum="585"/>
<action no="7" player="KOPKHUNKRAP" type="0" sum="0"/>
</round>
</game>
<game gamecode="6563608443"><general>
<startdate>2025-12-19 04:44:27</startdate>
<round>1</round>
<failsafecounter/>
<players><player seat="10" name="KOPKHUNKRAP" chips="845" dealer="0" win="130" bet="155" muck="1" rebuy="0" addon="0" merge="0" rebuychips="0" reg_code="5081649404"/>
<player seat="3" name="Frizzantino00" chips="655" dealer="1" win="0" bet="65" muck="1" rebuy="0" addon="0" merge="0" rebuychips="0" reg_code="5081649309"/>
</players>
</general>
<round no="0"><action no="1" player="Frizzantino00" type="15" discard="1" dealt="1" sum="5"/>
<action no="2" player="KOPKHUNKRAP" type="15" sum="5"/>
<action no="3" player="Frizzantino00" type="1" discard="1" dealt="1" sum="30"/>
<action no="4" player="KOPKHUNKRAP" type="2" sum="60"/>
</round>
<round no="1"><cards type="Pocket" player="KOPKHUNKRAP">CJ C9</cards>
<cards type="Pocket" player="Frizzantino00">X X</cards>
<action no="5" player="Frizzantino00" type="3" discard="1" dealt="1" sum="30"/>
<action no="6" player="KOPKHUNKRAP" type="23" sum="150"/>
<action no="7" player="Frizzantino00" type="0" discard="1" dealt="1" sum="0"/>
</round>
</game>
<game gamecode="6563608461"><general>
<startdate>2025-12-19 04:44:42</startdate>
<round>1</round>
<failsafecounter/>
<players><player seat="3" name="Frizzantino00" chips="590" dealer="0" win="1,180" bet="590" muck="0" rebuy="0" addon="0" merge="0" rebuychips="0" reg_code="5081649309"/>
<player seat="10" name="KOPKHUNKRAP" chips="910" dealer="1" win="0" bet="590" muck="1" rebuy="0" addon="0" merge="0" rebuychips="0" reg_code="5081649404"/>
</players>
</general>
<round no="0"><action no="1" player="KOPKHUNKRAP" type="15" sum="5"/>
<action no="2" player="Frizzantino00" type="15" discard="1" dealt="1" sum="5"/>
<action no="3" player="KOPKHUNKRAP" type="1" sum="30"/>
<action no="4" player="Frizzantino00" type="2" discard="1" dealt="1" sum="60"/>
</round>
<round no="1"><cards type="Pocket" player="KOPKHUNKRAP">C8 H5</cards>
<cards type="Pocket" player="Frizzantino00">D3 HK</cards>
<action no="5" player="KOPKHUNKRAP" type="3" sum="30"/>
<action no="6" player="Frizzantino00" type="4" discard="1" dealt="1" sum="0"/>
</round>
<round no="2"><cards type="Flop">S6 CK S3</cards>
<action no="7" player="Frizzantino00" type="4" discard="1" dealt="1" sum="0"/>
<action no="8" player="KOPKHUNKRAP" type="5" sum="60"/>
<action no="9" player="Frizzantino00" type="3" discard="1" dealt="1" sum="60"/>
</round>
<round no="3"><cards type="Turn">C7</cards>
<action no="10" player="Frizzantino00" type="4" discard="1" dealt="1" sum="0"/>
<action no="11" player="KOPKHUNKRAP" type="5" sum="120"/>
<action no="12" player="Frizzantino00" type="23" discard="1" dealt="1" sum="465"/>
<action no="13" player="KOPKHUNKRAP" type="3" sum="345"/>
</round>
<round no="4"><cards type="River">D6</cards>
</round>
</game>
<game gamecode="6563608510"><general>
<startdate>2025-12-19 04:45:24</startdate>
<round>1</round>
<failsafecounter/>
<players><player seat="10" name="KOPKHUNKRAP" chips="320" dealer="0" win="0" bet="320" muck="1" rebuy="0" addon="0" merge="0" rebuychips="0" reg_code="5081649404"/>
<player seat="3" name="Frizzantino00" chips="1,180" dealer="1" win="640" bet="1,180" muck="0" rebuy="0" addon="0" merge="0" rebuychips="0" reg_code="5081649309"/>
</players>
</general>
<round no="0"><action no="1" player="Frizzantino00" type="15" discard="1" dealt="1" sum="8"/>
<action no="2" player="KOPKHUNKRAP" type="15" sum="8"/>
<action no="3" player="Frizzantino00" type="1" discard="1" dealt="1" sum="40"/>
<action no="4" player="KOPKHUNKRAP" type="2" sum="80"/>
</round>
<round no="1"><cards type="Pocket" player="Frizzantino00">S3 S6</cards>
<cards type="Pocket" player="KOPKHUNKRAP">C5 D10</cards>
<action no="5" player="Frizzantino00" type="23" discard="1" dealt="1" sum="1,172"/>
<action no="6" player="KOPKHUNKRAP" type="7" sum="232"/>
</round>
<round no="2"><cards type="Flop">S4 D3 D7</cards>
</round>
<round no="3"><cards type="Turn">D2</cards>
</round>
<round no="4"><cards type="River">H3</cards>
</round>
</game>
</session>
