<?xml version="1.0" encoding="UTF-8"?>
<session sessioncode="5082903801">
<general>
<client_version>25.7.1.50</client_version>
<mode>real</mode>
<gametype>Holdem NL</gametype>
<tablename>Twister €200 SNG, 824554994</tablename>
<tournamentcode>824554993</tournamentcode>
<tournamentname>Twister €200 SNG</tournamentname>
<buyin>€0 + €12 + €188</buyin>
<totalbuyin>€200</totalbuyin>
<rewarddrawn>€400</rewarddrawn>
<tournamentcurrency>EUR</tournamentcurrency>
<currency>EUR</currency>
<nickname>KOPKHUNKRAP</nickname>
<gamecount>20</gamecount>
<startdate>2025-12-23 16:55:25</startdate>
<place>1</place>
<win>€400</win>
<tablesize>3</tablesize>
</general>
<game gamecode="6568529862"><general>
<startdate>2025-12-23 16:55:40</startdate>
<round>1</round>
<failsafecounter/>
<players><player seat="3" name="Tiuualex" chips="500" dealer="0" win="120" bet="500" muck="1" rebuy="0" addon="0" merge="0" rebuychips="0" reg_code="5082901596"/>
<player seat="6" name="KOPKHUNKRAP" chips="500" dealer="1" win="0" bet="40" muck="1" rebuy="0" addon="0" merge="0" rebuychips="0" reg_code="5082903801"/>
<player seat="10" name="Pigstone" chips="500" dealer="0" win="0" bet="40" muck="1" rebuy="0" addon="0" merge="0" rebuychips="0" reg_code="5082904358"/>
</players>
</general>
<round no="0"><action no="1" player="Pigstone" type="1" discard="1" dealt="1" sum="10"/>
<action no="2" player="Tiuualex" type="2" discard="1" dealt="1" sum="20"/>
</round>
<round no="1"><cards type="Pocket" player="KOPKHUNKRAP">S8 CA</cards>
<cards type="Pocket" player="Tiuualex">X X</cards>
<cards type="Pocket" player="Pigstone">X X</cards>
<action no="3" player="KOPKHUNKRAP" type="23" sum="40"/>
<action no="4" player="Pigstone" type="3" discard="1" dealt="1" sum="30"/>
<action no="5" player="Tiuualex" type="23" discard="1" dealt="1" sum="500"/>
<action no="6" player="KOPKHUNKRAP" type="0" sum="0"/>
<action no="7" player="Pigstone" type="0" discard="1" dealt="1" sum="0"/>
</round>
</game>
<game gamecode="6568529908"><general>
<startdate>2025-12-23 16:56:02</startdate>
<round>1</round>
<failsafecounter/>
<players><player seat="6" name="KOPKHUNKRAP" chips="460" dealer="0" win="0" bet="20" muck="1" rebuy="0" addon="0" merge="0" rebuychips="0" reg_code="5082903801"/>
<player seat="10" name="Pigstone" chips="460" dealer="1" win="0" bet="120" muck="1" rebuy="0" addon="0" merge="0" rebuychips="0" reg_code="5082904358"/>
<player seat="3" name="Tiuualex" chips="580" dealer="0" win="260" bet="272" muck="1" rebuy="0" addon="0" merge="0" rebuychips="0" reg_code="5082901596"/>
</players>
</general>
<round no="0"><action no="1" player="Tiuualex" type="1" discard="1" dealt="1" sum="10"/>
<action no="2" player="KOPKHUNKRAP" type="2" sum="20"/>
</round>
<round no="1"><cards type="Pocket" player="Pigstone">X X</cards>
<cards type="Pocket" player="Tiuualex">X X</cards>
<cards type="Pocket" player="KOPKHUNKRAP">SK H3</cards>
<action no="3" player="Pigstone" type="23" discard="1" dealt="1" sum="40"/>
<action no="4" player="Tiuualex" type="3" discard="1" dealt="1" sum="30"/>
<action no="5" player="KOPKHUNKRAP" type="0" sum="0"/>
</round>
<round no="2"><cards type="Flop">SJ H8 D3</cards>
<action no="6" player="Tiuualex" type="4" discard="1" dealt="1" sum="0"/>
<action no="7" player="Pigstone" type="4" discard="1" dealt="1" sum="0"/>
</round>
<round no="3"><cards type="Turn">H7</cards>
<action no="8" player="Tiuualex" type="5" discard="1" dealt="1" sum="80"/>
<action no="9" player="Pigstone" type="3" discard="1" dealt="1" sum="80"/>
</round>
<round no="4"><cards type="River">S7</cards>
<action no="10" player="Tiuualex" type="5" discard="1" dealt="1" sum="152"/>
<action no="11" player="Pigstone" type="0" discard="1" dealt="1" sum="0"/>
</round>
</game>
<game gamecode="6568529966"><general>
<startdate>2025-12-23 16:56:31</startdate>
<round>1</round>
<failsafecounter/>
<players><player seat="10" name="Pigstone" chips="340" dealer="0" win="0" bet="180" muck="1" rebuy="0" addon="0" merge="0" rebuychips="0" reg_code="5082904358"/>
<player seat="3" name="Tiuualex" chips="720" dealer="1" win="0" bet="0" muck="1" rebuy="0" addon="0" merge="0" rebuychips="0" reg_code="5082901596"/>
<player seat="6" name="KOPKHUNKRAP" chips="440" dealer="0" win="360" bet="180" muck="0" rebuy="0" addon="0" merge="0" rebuychips="0" reg_code="5082903801"/>
</players>
</general>
<round no="0"><action no="1" player="KOPKHUNKRAP" type="1" sum="10"/>
<action no="2" player="Pigstone" type="2" discard="1" dealt="1" sum="20"/>
</round>
<round no="1"><cards type="Pocket" player="KOPKHUNKRAP">S4 SK</cards>
<cards type="Pocket" player="Tiuualex">X X</cards>
<cards type="Pocket" player="Pigstone">S10 H7</cards>
<action no="3" player="Tiuualex" type="0" discard="1" dealt="1" sum="0"/>
<action no="4" player="KOPKHUNKRAP" type="3" sum="10"/>
<action no="5" player="Pigstone" type="4" discard="1" dealt="1" sum="0"/>
</round>
<round no="2"><cards type="Flop">SJ D7 C4</cards>
<action no="6" player="KOPKHUNKRAP" type="4" sum="0"/>
<action no="7" player="Pigstone" type="4" discard="1" dealt="1" sum="0"/>
</round>
<round no="3"><cards type="Turn">D4</cards>
<action no="8" player="KOPKHUNKRAP" type="5" sum="40"/>
<action no="9" player="Pigstone" type="3" discard="1" dealt="1" sum="40"/>
</round>
<round no="4"><cards type="River">CQ</cards>
<action no="10" player="KOPKHUNKRAP" type="5" sum="120"/>
<action no="11" player="Pigstone" type="3" discard="1" dealt="1" sum="120"/>
</round>
</game>
<game gamecode="6568530055"><general>
<startdate>2025-12-23 16:57:10</startdate>
<round>1</round>
<failsafecounter/>
<players><player seat="3" name="Tiuualex" chips="720" dealer="0" win="0" bet="20" muck="1" rebuy="0" addon="0" merge="0" rebuychips="0" reg_code="5082901596"/>
<player seat="6" name="KOPKHUNKRAP" chips="620" dealer="1" win="0" bet="0" muck="1" rebuy="0" addon="0" merge="0" rebuychips="0" reg_code="5082903801"/>
<player seat="10" name="Pigstone" chips="160" dealer="0" win="40" bet="40" muck="1" rebuy="0" addon="0" merge="0" rebuychips="0" reg_code="5082904358"/>
</players>
</general>
<round no="0"><action no="1" player="Pigstone" type="1" discard="1" dealt="1" sum="10"/>
<action no="2" player="Tiuualex" type="2" discard="1" dealt="1" sum="20"/>
</round>
<round no="1"><cards type="Pocket" player="KOPKHUNKRAP">C10 H6</cards>
<cards type="Pocket" player="Tiuualex">X X</cards>
<cards type="Pocket" player="Pigstone">X X</cards>
<action no="3" player="KOPKHUNKRAP" type="0" sum="0"/>
<action no="4" player="Pigstone" type="23" discard="1" dealt="1" sum="40"/>
<action no="5" player="Tiuualex" type="0" discard="1" dealt="1" sum="0"/>
</round>
</game>
<game gamecode="6568530084"><general>
<startdate>2025-12-23 16:57:23</startdate>
<round>1</round>
<failsafecounter/>
<players><player seat="6" name="KOPKHUNKRAP" chips="620" dealer="0" win="0" bet="35" muck="1" rebuy="0" addon="0" merge="0" rebuychips="0" reg_code="5082903801"/>
<player seat="10" name="Pigstone" chips="180" dealer="1" win="0" bet="180" muck="0" rebuy="0" addon="0" merge="0" rebuychips="0" reg_code="5082904358"/>
<player seat="3" name="Tiuualex" chips="700" dealer="0" win="395" bet="325" muck="0" rebuy="0" addon="0" merge="0" rebuychips="0" reg_code="5082901596"/>
</players>
</general>
<round no="0"><action no="1" player="Tiuualex" type="15" discard="1" dealt="1" sum="5"/>
<action no="2" player="KOPKHUNKRAP" type="15" sum="5"/>
<action no="3" player="Pigstone" type="15" discard="1" dealt="1" sum="5"/>
<action no="4" player="Tiuualex" type="1" discard="1" dealt="1" sum="15"/>
<action no="5" player="KOPKHUNKRAP" type="2" sum="30"/>
</round>
<round no="1"><cards type="Pocket" player="Pigstone">DK D6</cards>
<cards type="Pocket" player="Tiuualex">CJ SJ</cards>
<cards type="Pocket" player="KOPKHUNKRAP">S7 D8</cards>
<action no="6" player="Pigstone" type="23" discard="1" dealt="1" sum="175"/>
<action no="7" player="Tiuualex" type="23" discard="1" dealt="1" sum="320"/>
<action no="8" player="KOPKHUNKRAP" type="0" sum="0"/>
</round>
<round no="2"><cards type="Flop">C9 D4 D7</cards>
</round>
<round no="3"><cards type="Turn">H10</cards>
</round>
<round no="4"><cards type="River">C10</cards>
</round>
</game>
<game gamecode="6568530133"><general>
<startdate>2025-12-23 16:57:44</startdate>
<round>1</round>
<failsafecounter/>
<players><player seat="6" name="KOPKHUNKRAP" chips="585" dealer="0" win="130" bet="585" muck="1" rebuy="0" addon="0" merge="0" rebuychips="0" reg_code="5082903801"/>
<player seat="3" name="Tiuualex" chips="915" dealer="1" win="0" bet="65" muck="1" rebuy="0" addon="0" merge="0" rebuychips="0" reg_code="5082901596"/>
</players>
</general>
<round no="0"><action no="1" player="Tiuualex" type="15" discard="1" dealt="1" sum="5"/>
<action no="2" player="KOPKHUNKRAP" type="15" sum="5"/>
<action no="3" player="Tiuualex" type="1" discard="1" dealt="1" sum="15"/>
<action no="4" player="KOPKHUNKRAP" type="2" sum="30"/>
</round>
<round no="1"><cards type="Pocket" player="KOPKHUNKRAP">H2 S2</cards>
<cards type="Pocket" player="Tiuualex">X X</cards>
<action no="5" player="Tiuualex" type="23" discard="1" dealt="1" sum="60"/>
<action no="6" player="KOPKHUNKRAP" type="23" sum="580"/>
<action no="7" player="Tiuualex" type="0" discard="1" dealt="1" sum="0"/>
</round>
</game>
<game gamecode="6568530158"><general>
<startdate>2025-12-23 16:57:54</startdate>
<round>1</round>
<failsafecounter/>
<players><player seat="3" name="Tiuualex" chips="850" dealer="0" win="0" bet="35" muck="1" rebuy="0" addon="0" merge="0" rebuychips="0" reg_code="5082901596"/>
<player seat="6" name="KOPKHUNKRAP" chips="650" dealer="1" win="70" bet="65" muck="1" rebuy="0" addon="0" merge="0" rebuychips="0" reg_code="5082903801"/>
</players>
</general>
<round no="0"><action no="1" player="KOPKHUNKRAP" type="15" sum="5"/>
<action no="2" player="Tiuualex" type="15" discard="1" dealt="1" sum="5"/>
<action no="3" player="KOPKHUNKRAP" type="1" sum="15"/>
<action no="4" player="Tiuualex" type="2" discard="1" dealt="1" sum="30"/>
</round>
<round no="1"><cards type="Pocket" player="Tiuualex">X X</cards>
<cards type="Pocket" player="KOPKHUNKRAP">SA D9</cards>
<action no="5" player="KOPKHUNKRAP" type="3" sum="15"/>
<action no="6" player="Tiuualex" type="4" discard="1" dealt="1" sum="0"/>
</round>
<round no="2"><cards type="Flop">SJ C8 H7</cards>
<action no="7" player="Tiuualex" type="4" discard="1" dealt="1" sum="0"/>
<action no="8" player="KOPKHUNKRAP" type="5" sum="30"/>
<action no="9" player="Tiuualex" type="0" discard="1" dealt="1" sum="0"/>
</round>
</game>
<game gamecode="6568530186"><general>
<startdate>2025-12-23 16:58:08</startdate>
<round>1</round>
<failsafecounter/>
<players><player seat="6" name="KOPKHUNKRAP" chips="685" dealer="0" win="0" bet="65" muck="1" rebuy="0" addon="0" merge="0" rebuychips="0" reg_code="5082903801"/>
<player seat="3" name="Tiuualex" chips="815" dealer="1" win="130" bet="97" muck="1" rebuy="0" addon="0" merge="0" rebuychips="0" reg_code="5082901596"/>
</players>
</general>
<round no="0"><action no="1" player="Tiuualex" type="15" discard="1" dealt="1" sum="5"/>
<action no="2" player="KOPKHUNKRAP" type="15" sum="5"/>
<action no="3" player="Tiuualex" type="1" discard="1" dealt="1" sum="15"/>
<action no="4" player="KOPKHUNKRAP" type="2" sum="30"/>
</round>
<round no="1"><cards type="Pocket" player="Tiuualex">X X</cards>
<cards type="Pocket" player="KOPKHUNKRAP">S7 D8</cards>
<action no="5" player="Tiuualex" type="23" discard="1" dealt="1" sum="60"/>
<action no="6" player="KOPKHUNKRAP" type="3" sum="30"/>
</round>
<round no="2"><cards type="Flop">C5 HJ S4</cards>
<action no="7" player="KOPKHUNKRAP" type="4" sum="0"/>
<action no="8" player="Tiuualex" type="4" discard="1" dealt="1" sum="0"/>
</round>
<round no="3"><cards type="Turn">C4</cards>
<action no="9" player="KOPKHUNKRAP" type="4" sum="0"/>
<action no="10" player="Tiuualex" type="5" discard="1" dealt="1" sum="32"/>
<action no="11" player="KOPKHUNKRAP" type="0" sum="0"/>
</round>
</game>
<game gamecode="6568530241"><general>
<startdate>2025-12-23 16:58:32</startdate>
<round>1</round>
<failsafecounter/>
<players><player seat="3" name="Tiuualex" chips="880" dealer="0" win="70" bet="105" muck="1" rebuy="0" addon="0" merge="0" rebuychips="0" reg_code="5082901596"/>
<player seat="6" name="KOPKHUNKRAP" chips="620" dealer="1" win="0" bet="35" muck="1" rebuy="0" addon="0" merge="0" rebuychips="0" reg_code="5082903801"/>
</players>
</general>
<round no="0"><action no="1" player="KOPKHUNKRAP" type="15" sum="5"/>
<action no="2" player="Tiuualex" type="15" discard="1" dealt="1" sum="5"/>
<action no="3" player="KOPKHUNKRAP" type="1" sum="15"/>
<action no="4" player="Tiuualex" type="2" discard="1" dealt="1" sum="30"/>
</round>
<round no="1"><cards type="Pocket" player="Tiuualex">X X</cards>
<cards type="Pocket" player="KOPKHUNKRAP">S5 C9</cards>
<action no="5" player="KOPKHUNKRAP" type="3" sum="15"/>
<action no="6" player="Tiuualex" type="4" discard="1" dealt="1" sum="0"/>
</round>
<round no="2"><cards type="Flop">HQ H4 SK</cards>
<action no="7" player="Tiuualex" type="4" discard="1" dealt="1" sum="0"/>
<action no="8" player="KOPKHUNKRAP" type="4" sum="0"/>
</round>
<round no="3"><cards type="Turn">C2</cards>
<action no="9" player="Tiuualex" type="5" discard="1" dealt="1" sum="70"/>
<action no="10" player="KOPKHUNKRAP" type="0" sum="0"/>
</round>
</game>
<game gamecode="6568530270"><general>
<startdate>2025-12-23 16:58:46</startdate>
<round>1</round>
<failsafecounter/>
<players><player seat="6" name="KOPKHUNKRAP" chips="585" dealer="0" win="130" bet="65" muck="0" rebuy="0" addon="0" merge="0" rebuychips="0" reg_code="5082903801"/>
<player seat="3" name="Tiuualex" chips="915" dealer="1" win="0" bet="65" muck="1" rebuy="0" addon="0" merge="0" rebuychips="0" reg_code="5082901596"/>
</players>
</general>
<round no="0"><action no="1" player="Tiuualex" type="15" discard="1" dealt="1" sum="5"/>
<action no="2" player="KOPKHUNKRAP" type="15" sum="5"/>
<action no="3" player="Tiuualex" type="1" discard="1" dealt="1" sum="15"/>
<action no="4" player="KOPKHUNKRAP" type="2" sum="30"/>
</round>
<round no="1"><cards type="Pocket" player="Tiuualex">HJ C2</cards>
<cards type="Pocket" player="KOPKHUNKRAP">S8 DK</cards>
<action no="5" player="Tiuualex" type="3" discard="1" dealt="1" sum="15"/>
<action no="6" player="KOPKHUNKRAP" type="4" sum="0"/>
</round>
<round no="2"><cards type="Flop">D2 HK D5</cards>
<action no="7" player="KOPKHUNKRAP" type="4" sum="0"/>
<action no="8" player="Tiuualex" type="5" discard="1" dealt="1" sum="30"/>
<action no="9" player="KOPKHUNKRAP" type="3" sum="30"/>
</round>
<round no="3"><cards type="Turn">SQ</cards>
<action no="10" player="KOPKHUNKRAP" type="4" sum="0"/>
<action no="11" player="Tiuualex" type="4" discard="1" dealt="1" sum="0"/>
</round>
<round no="4"><cards type="River">S9</cards>
<action no="12" player="KOPKHUNKRAP" type="4" sum="0"/>
<action no="13" player="Tiuualex" type="4" discard="1" dealt="1" sum="0"/>
</round>
</game>
<game gamecode="6568530328"><general>
<startdate>2025-12-23 16:59:13</startdate>
<round>1</round>
<failsafecounter/>
<players><player seat="3" name="Tiuualex" chips="850" dealer="0" win="0" bet="45" muck="1" rebuy="0" addon="0" merge="0" rebuychips="0" reg_code="5082901596"/>
<player seat="6" name="KOPKHUNKRAP" chips="650" dealer="1" win="90" bet="85" muck="1" rebuy="0" addon="0" merge="0" rebuychips="0" reg_code="5082903801"/>
</players>
</general>
<round no="0"><action no="1" player="KOPKHUNKRAP" type="15" sum="5"/>
<action no="2" player="Tiuualex" type="15" discard="1" dealt="1" sum="5"/>
<action no="3" player="KOPKHUNKRAP" type="1" sum="20"/>
<action no="4" player="Tiuualex" type="2" discard="1" dealt="1" sum="40"/>
</round>
<round no="1"><cards type="Pocket" player="KOPKHUNKRAP">CA HA</cards>
<cards type="Pocket" player="Tiuualex">X X</cards>
<action no="5" player="KOPKHUNKRAP" type="3" sum="20"/>
<action no="6" player="Tiuualex" type="4" discard="1" dealt="1" sum="0"/>
</round>
<round no="2"><cards type="Flop">D9 D7 DK</cards>
<action no="7" player="Tiuualex" type="4" discard="1" dealt="1" sum="0"/>
<action no="8" player="KOPKHUNKRAP" type="5" sum="40"/>
<action no="9" player="Tiuualex" type="0" discard="1" dealt="1" sum="0"/>
</round>
</game>
<game gamecode="6568530352"><general>
<startdate>2025-12-23 16:59:24</startdate>
<round>1</round>
<failsafecounter/>
<players><player seat="6" name="KOPKHUNKRAP" chips="695" dealer="0" win="0" bet="45" muck="1" rebuy="0" addon="0" merge="0" rebuychips="0" reg_code="5082903801"/>
<player seat="3" name="Tiuualex" chips="805" dealer="1" win="90" bet="89" muck="1" rebuy="0" addon="0" merge="0" rebuychips="0" reg_code="5082901596"/>
</players>
</general>
<round no="0"><action no="1" player="Tiuualex" type="15" discard="1" dealt="1" sum="5"/>
<action no="2" player="KOPKHUNKRAP" type="15" sum="5"/>
<action no="3" player="Tiuualex" type="1" discard="1" dealt="1" sum="20"/>
<action no="4" player="KOPKHUNKRAP" type="2" sum="40"/>
</round>
<round no="1"><cards type="Pocket" player="KOPKHUNKRAP">H8 D6</cards>
<cards type="Pocket" player="Tiuualex">X X</cards>
<action no="5" player="Tiuualex" type="3" discard="1" dealt="1" sum="20"/>
<action no="6" player="KOPKHUNKRAP" type="4" sum="0"/>
</round>
<round no="2"><cards type="Flop">SQ CA CK</cards>
<action no="7" player="KOPKHUNKRAP" type="4" sum="0"/>
<action no="8" player="Tiuualex" type="4" discard="1" dealt="1" sum="0"/>
</round>
<round no="3"><cards type="Turn">SA</cards>
<action no="9" player="KOPKHUNKRAP" type="4" sum="0"/>
<action no="10" player="Tiuualex" type="5" discard="1" dealt="1" sum="44"/>
<action no="11" player="KOPKHUNKRAP" type="0" sum="0"/>
</round>
</game>
<game gamecode="6568535371"><general>
<startdate>2025-12-23 16:59:53</startdate>
<round>1</round>
<failsafecounter/>
<players><player seat="3" name="Tiuualex" chips="850" dealer="0" win="0" bet="850" muck="0" rebuy="0" addon="0" merge="0" rebuychips="0" reg_code="5082901596"/>
<player seat="6" name="KOPKHUNKRAP" chips="650" dealer="1" win="1,300" bet="650" muck="0" rebuy="0" addon="0" merge="0" rebuychips="0" reg_code="5082903801"/>
</players>
</general>
<round no="0"><action no="1" player="KOPKHUNKRAP" type="15" sum="5"/>
<action no="2" player="Tiuualex" type="15" discard="1" dealt="1" sum="5"/>
<action no="3" player="KOPKHUNKRAP" type="1" sum="20"/>
<action no="4" player="Tiuualex" type="2" discard="1" dealt="1" sum="40"/>
</round>
<round no="1"><cards type="Pocket" player="KOPKHUNKRAP">DA HA</cards>
<cards type="Pocket" player="Tiuualex">HQ CK</cards>
<action no="5" player="KOPKHUNKRAP" type="3" sum="20"/>
<action no="6" player="Tiuualex" type="23" discard="1" dealt="1" sum="200"/>
<action no="7" player="KOPKHUNKRAP" type="3" sum="160"/>
</round>
<round no="2"><cards type="Flop">H5 CJ S8</cards>
<action no="8" player="Tiuualex" type="5" discard="1" dealt="1" sum="645"/>
<action no="9" player="KOPKHUNKRAP" type="7" sum="445"/>
</round>
<round no="3"><cards type="Turn">SK</cards>
</round>
<round no="4"><cards type="River">C9</cards>
</round>
</game>
<game gamecode="6568535430"><general>
<startdate>2025-12-23 17:00:19</startdate>
<round>1</round>
<failsafecounter/>
<players><player seat="6" name="KOPKHUNKRAP" chips="1,300" dealer="0" win="0" bet="200" muck="1" rebuy="0" addon="0" merge="0" rebuychips="0" reg_code="5082903801"/>
<player seat="3" name="Tiuualex" chips="200" dealer="1" win="400" bet="200" muck="0" rebuy="0" addon="0" merge="0" rebuychips="0" reg_code="5082901596"/>
</players>
</general>
<round no="0"><action no="1" player="Tiuualex" type="15" discard="1" dealt="1" sum="5"/>
<action no="2" player="KOPKHUNKRAP" type="15" sum="5"/>
<action no="3" player="Tiuualex" type="1" discard="1" dealt="1" sum="20"/>
<action no="4" player="KOPKHUNKRAP" type="2" sum="40"/>
</round>
<round no="1"><cards type="Pocket" player="KOPKHUNKRAP">H9 C7</cards>
<cards type="Pocket" player="Tiuualex">SQ H8</cards>
<action no="5" player="Tiuualex" type="23" discard="1" dealt="1" sum="195"/>
<action no="6" player="KOPKHUNKRAP" type="3" sum="155"/>
</round>
<round no="2"><cards type="Flop">H6 D6 CK</cards>
</round>
<round no="3"><cards type="Turn">H10</cards>
</round>
<round no="4"><cards type="River">DJ</cards>
</round>
</game>
<game gamecode="6568535471"><general>
<startdate>2025-12-23 17:00:41</startdate>
<round>1</round>
<failsafecounter/>
<players><player seat="3" name="Tiuualex" chips="400" dealer="0" win="800" bet="400" muck="0" rebuy="0" addon="0" merge="0" rebuychips="0" reg_code="5082901596"/>
<player seat="6" name="KOPKHUNKRAP" chips="1,100" dealer="1" win="0" bet="1,100" muck="1" rebuy="0" addon="0" merge="0" rebuychips="0" reg_code="5082903801"/>
</players>
</general>
<round no="0"><action no="1" player="KOPKHUNKRAP" type="15" sum="5"/>
<action no="2" player="Tiuualex" type="15" discard="1" dealt="1" sum="5"/>
<action no="3" player="KOPKHUNKRAP" type="1" sum="30"/>
<action no="4" player="Tiuualex" type="2" discard="1" dealt="1" sum="60"/>
</round>
<round no="1"><cards type="Pocket" player="KOPKHUNKRAP">S9 S6</cards>
<cards type="Pocket" player="Tiuualex">D5 DJ</cards>
<action no="5" player="KOPKHUNKRAP" type="23" sum="1,095"/>
<action no="6" player="Tiuualex" type="7" discard="1" dealt="1" sum="335"/>
</round>
<round no="2"><cards type="Flop">S7 H9 DA</cards>
</round>
<round no="3"><cards type="Turn">D9</cards>
</round>
<round no="4"><cards type="River">D10</cards>
</round>
</game>
<game gamecode="6568535515"><general>
<startdate>2025-12-23 17:00:58</startdate>
<round>1</round>
<failsafecounter/>
<players><player seat="6" name="KOPKHUNKRAP" chips="700" dealer="0" win="0" bet="125" muck="1" rebuy="0" addon="0" merge="0" rebuychips="0" reg_code="5082903801"/>
<player seat="3" name="Tiuualex" chips="800" dealer="1" win="250" bet="800" muck="1" rebuy="0" addon="0" merge="0" rebuychips="0" reg_code="5082901596"/>
</players>
</general>
<round no="0"><action no="1" player="Tiuualex" type="15" discard="1" dealt="1" sum="5"/>
<action no="2" player="KOPKHUNKRAP" type="15" sum="5"/>
<action no="3" player="Tiuualex" type="1" discard="1" dealt="1" sum="30"/>
<action no="4" player="KOPKHUNKRAP" type="2" sum="60"/>
</round>
<round no="1"><cards type="Pocket" player="KOPKHUNKRAP">S5 SK</cards>
<cards type="Pocket" player="Tiuualex">X X</cards>
<action no="5" player="Tiuualex" type="3" discard="1" dealt="1" sum="30"/>
<action no="6" player="KOPKHUNKRAP" type="4" sum="0"/>
</round>
<round no="2"><cards type="Flop">H8 SA D2</cards>
<action no="7" player="KOPKHUNKRAP" type="4" sum="0"/>
<action no="8" player="Tiuualex" type="5" discard="1" dealt="1" sum="60"/>
<action no="9" player="KOPKHUNKRAP" type="3" sum="60"/>
</round>
<round no="3"><cards type="Turn">DA</cards>
<action no="10" player="KOPKHUNKRAP" type="4" sum="0"/>
<action no="11" player="Tiuualex" type="4" discard="1" dealt="1" sum="0"/>
</round>
<round no="4"><cards type="River">H6</cards>
<action no="12" player="KOPKHUNKRAP" type="4" sum="0"/>
<action no="13" player="Tiuualex" type="5" discard="1" dealt="1" sum="675"/>
<action no="14" player="KOPKHUNKRAP" type="0" sum="0"/>
</round>
</game>
<game gamecode="6568535599"><general>
<startdate>2025-12-23 17:01:34</startdate>
<round>1</round>
<failsafecounter/>
<players><player seat="3" name="Tiuualex" chips="925" dealer="0" win="130" bet="195" muck="1" rebuy="0" addon="0" merge="0" rebuychips="0" reg_code="5082901596"/>
<player seat="6" name="KOPKHUNKRAP" chips="575" dealer="1" win="0" bet="65" muck="1" rebuy="0" addon="0" merge="0" rebuychips="0" reg_code="5082903801"/>
</players>
</general>
<round no="0"><action no="1" player="KOPKHUNKRAP" type="15" sum="5"/>
<action no="2" player="Tiuualex" type="15" discard="1" dealt="1" sum="5"/>
<action no="3" player="KOPKHUNKRAP" type="1" sum="30"/>
<action no="4" player="Tiuualex" type="2" discard="1" dealt="1" sum="60"/>
</round>
<round no="1"><cards type="Pocket" player="KOPKHUNKRAP">S7 C8</cards>
<cards type="Pocket" player="Tiuualex">X X</cards>
<action no="5" player="KOPKHUNKRAP" type="3" sum="30"/>
<action no="6" player="Tiuualex" type="4" discard="1" dealt="1" sum="0"/>
</round>
<round no="2"><cards type="Flop">SA S2 D10</cards>
<action no="7" player="Tiuualex" type="4" discard="1" dealt="1" sum="0"/>
<action no="8" player="KOPKHUNKRAP" type="4" sum="0"/>
</round>
<round no="3"><cards type="Turn">D5</cards>
<action no="9" player="Tiuualex" type="4" discard="1" dealt="1" sum="0"/>
<action no="10" player="KOPKHUNKRAP" type="4" sum="0"/>
</round>
<round no="4"><cards type="River">HJ</cards>
<action no="11" player="Tiuualex" type="5" discard="1" dealt="1" sum="130"/>
<action no="12" player="KOPKHUNKRAP" type="0" sum="0"/>
</round>
</game>
<game gamecode="6568535688"><general>
<startdate>2025-12-23 17:02:12</startdate>
<round>1</round>
<failsafecounter/>
<players><player seat="6" name="KOPKHUNKRAP" chips="510" dealer="0" win="0" bet="65" muck="1" rebuy="0" addon="0" merge="0" rebuychips="0" reg_code="5082903801"/>
<player seat="3" name="Tiuualex" chips="990" dealer="1" win="130" bet="990" muck="1" rebuy="0" addon="0" merge="0" rebuychips="0" reg_code="5082901596"/>
</players>
</general>
<round no="0"><action no="1" player="Tiuualex" type="15" discard="1" dealt="1" sum="5"/>
<action no="2" player="KOPKHUNKRAP" type="15" sum="5"/>
<action no="3" player="Tiuualex" type="1" discard="1" dealt="1" sum="30"/>
<action no="4" player="KOPKHUNKRAP" type="2" sum="60"/>
</round>
<round no="1"><cards type="Pocket" player="KOPKHUNKRAP">CJ D6</cards>
<cards type="Pocket" player="Tiuualex">X X</cards>
<action no="5" player="Tiuualex" type="23" discard="1" dealt="1" sum="985"/>
<action no="6" player="KOPKHUNKRAP" type="0" sum="0"/>
</round>
</game>
<game gamecode="6568535702"><general>
<startdate>2025-12-23 17:02:21</startdate>
<round>1</round>
<failsafecounter/>
<players><player seat="3" name="Tiuualex" chips="1,055" dealer="0" win="0" bet="445" muck="1" rebuy="0" addon="0" merge="0" rebuychips="0" reg_code="5082901596"/>
<player seat="6" name="KOPKHUNKRAP" chips="445" dealer="1" win="890" bet="445" muck="0" rebuy="0" addon="0" merge="0" rebuychips="0" reg_code="5082903801"/>
</players>
</general>
<round no="0"><action no="1" player="KOPKHUNKRAP" type="15" sum="8"/>
<action no="2" player="Tiuualex" type="15" discard="1" dealt="1" sum="8"/>
<action no="3" player="KOPKHUNKRAP" type="1" sum="40"/>
<action no="4" player="Tiuualex" type="2" discard="1" dealt="1" sum="80"/>
</round>
<round no="1"><cards type="Pocket" player="KOPKHUNKRAP">H4 SQ</cards>
<cards type="Pocket" player="Tiuualex">D7 S9</cards>
<action no="5" player="KOPKHUNKRAP" type="23" sum="437"/>
<action no="6" player="Tiuualex" type="3" discard="1" dealt="1" sum="357"/>
</round>
<round no="2"><cards type="Flop">S10 C8 SA</cards>
</round>
<round no="3"><cards type="Turn">H10</cards>
</round>
<round no="4"><cards type="River">C3</cards>
</round>
</game>
<game gamecode="6568535736"><general>
<startdate>2025-12-23 17:02:40</startdate>
<round>1</round>
<failsafecounter/>
<players><player seat="6" name="KOPKHUNKRAP" chips="890" dealer="0" win="1,220" bet="610" muck="0" rebuy="0" addon="0" merge="0" rebuychips="0" reg_code="5082903801"/>
<player seat="3" name="Tiuualex" chips="610" dealer="1" win="0" bet="610" muck="0" rebuy="0" addon="0" merge="0" rebuychips="0" reg_code="5082901596"/>
</players>
</general>
<round no="0"><action no="1" player="Tiuualex" type="15" discard="1" dealt="1" sum="8"/>
<action no="2" player="KOPKHUNKRAP" type="15" sum="8"/>
<action no="3" player="Tiuualex" type="1" discard="1" dealt="1" sum="40"/>
<action no="4" player="KOPKHUNKRAP" type="2" sum="80"/>
</round>
<round no="1"><cards type="Pocket" player="KOPKHUNKRAP">DA D7</cards>
<cards type="Pocket" player="Tiuualex">H4 H6</cards>
<action no="5" player="Tiuualex" type="23" discard="1" dealt="1" sum="602"/>
<action no="6" player="KOPKHUNKRAP" type="3" sum="522"/>
</round>
<round no="2"><cards type="Flop">D10 D4 HA</cards>
</round>
<round no="3"><cards type="Turn">C3</cards>
</round>
<round no="4"><cards type="River">D8</cards>
</round>
</game>
</session>
