<?xml version="1.0" encoding="UTF-8"?>
<session sessioncode="5082906225">
<general>
<client_version>25.7.1.50</client_version>
<mode>real</mode>
<gametype>Holdem NL</gametype>
<tablename>Twister €200 SNG, 824555866</tablename>
<tournamentcode>824555865</tournamentcode>
<tournamentname>Twister €200 SNG</tournamentname>
<buyin>€0 + €12 + €188</buyin>
<totalbuyin>€200</totalbuyin>
<rewarddrawn>€400</rewarddrawn>
<tournamentcurrency>EUR</tournamentcurrency>
<currency>EUR</currency>
<nickname>KOPKHUNKRAP</nickname>
<gamecount>32</gamecount>
<startdate>2025-12-23 17:03:44</startdate>
<place>2</place>
<win>€0</win>
<tablesize>3</tablesize>
</general>
<game gamecode="6568538342"><general>
<startdate>2025-12-23 17:04:00</startdate>
<round>1</round>
<failsafecounter/>
<players><player seat="6" name="KOPKHUNKRAP" chips="500" dealer="0" win="20" bet="20" muck="1" rebuy="0" addon="0" merge="0" rebuychips="0" reg_code="5082906225"/>
<player seat="10" name="Koci01" chips="500" dealer="1" win="0" bet="0" muck="1" rebuy="0" addon="0" merge="0" rebuychips="0" reg_code="5082906314"/>
<player seat="3" name="Tiuualex" chips="500" dealer="0" win="0" bet="10" muck="1" rebuy="0" addon="0" merge="0" rebuychips="0" reg_code="5082906150"/>
</players>
</general>
<round no="0"><action no="1" player="Tiuualex" type="1" discard="1" dealt="1" sum="10"/>
<action no="2" player="KOPKHUNKRAP" type="2" sum="20"/>
</round>
<round no="1"><cards type="Pocket" player="KOPKHUNKRAP">HJ S7</cards>
<cards type="Pocket" player="Tiuualex">X X</cards>
<cards type="Pocket" player="Koci01">X X</cards>
<action no="3" player="Koci01" type="0" discard="1" dealt="1" sum="0"/>
<action no="4" player="Tiuualex" type="0" discard="1" dealt="1" sum="0"/>
</round>
</game>
<game gamecode="6568538438"><general>
<startdate>2025-12-23 17:04:15</startdate>
<round>1</round>
<failsafecounter/>
<players><player seat="10" name="Koci01" chips="500" dealer="0" win="20" bet="20" muck="1" rebuy="0" addon="0" merge="0" rebuychips="0" reg_code="5082906314"/>
<player seat="3" name="Tiuualex" chips="490" dealer="1" win="0" bet="0" muck="1" rebuy="0" addon="0" merge="0" rebuychips="0" reg_code="5082906150"/>
<player seat="6" name="KOPKHUNKRAP" chips="510" dealer="0" win="0" bet="10" muck="1" rebuy="0" addon="0" merge="0" rebuychips="0" reg_code="5082906225"/>
</players>
</general>
<round no="0"><action no="1" player="KOPKHUNKRAP" type="1" sum="10"/>
<action no="2" player="Koci01" type="2" discard="1" dealt="1" sum="20"/>
</round>
<round no="1"><cards type="Pocket" player="KOPKHUNKRAP">C7 S5</cards>
<cards type="Pocket" player="Koci01">X X</cards>
<cards type="Pocket" player="Tiuualex">X X</cards>
<action no="3" player="Tiuualex" type="0" discard="1" dealt="1" sum="0"/>
<action no="4" player="KOPKHUNKRAP" type="0" sum="0"/>
</round>
</game>
<game gamecode="6568538505"><general>
<startdate>2025-12-23 17:04:28</startdate>
<round>1</round>
<failsafecounter/>
<players><player seat="3" name="Tiuualex" chips="490" dealer="0" win="0" bet="20" muck="1" rebuy="0" addon="0" merge="0" rebuychips="0" reg_code="5082906150"/>
<player seat="6" name="KOPKHUNKRAP" chips="500" dealer="1" win="0" bet="0" muck="1" rebuy="0" addon="0" merge="0" rebuychips="0" reg_code="5082906225"/>
<player seat="10" name="Koci01" chips="510" dealer="0" win="40" bet="40" muck="1" rebuy="0" addon="0" merge="0" rebuychips="0" reg_code="5082906314"/>
</players>
</general>
<round no="0"><action no="1" player="Koci01" type="1" discard="1" dealt="1" sum="10"/>
<action no="2" player="Tiuualex" type="2" discard="1" dealt="1" sum="20"/>
</round>
<round no="1"><cards type="Pocket" player="Tiuualex">X X</cards>
<cards type="Pocket" player="KOPKHUNKRAP">C3 H6</cards>
<cards type="Pocket" player="Koci01">X X</cards>
<action no="3" player="KOPKHUNKRAP" type="0" sum="0"/>
<action no="4" player="Koci01" type="23" discard="1" dealt="1" sum="40"/>
<action no="5" player="Tiuualex" type="0" discard="1" dealt="1" sum="0"/>
</round>
</game>
<game gamecode="6568538552"><general>
<startdate>2025-12-23 17:04:36</startdate>
<round>1</round>
<failsafecounter/>
<players><player seat="6" name="KOPKHUNKRAP" chips="500" dealer="0" win="60" bet="500" muck="1" rebuy="0" addon="0" merge="0" rebuychips="0" reg_code="5082906225"/>
<player seat="10" name="Koci01" chips="530" dealer="1" win="0" bet="20" muck="1" rebuy="0" addon="0" merge="0" rebuychips="0" reg_code="5082906314"/>
<player seat="3" name="Tiuualex" chips="470" dealer="0" win="0" bet="20" muck="1" rebuy="0" addon="0" merge="0" rebuychips="0" reg_code="5082906150"/>
</players>
</general>
<round no="0"><action no="1" player="Tiuualex" type="1" discard="1" dealt="1" sum="10"/>
<action no="2" player="KOPKHUNKRAP" type="2" sum="20"/>
</round>
<round no="1"><cards type="Pocket" player="KOPKHUNKRAP">CA D7</cards>
<cards type="Pocket" player="Koci01">X X</cards>
<cards type="Pocket" player="Tiuualex">X X</cards>
<action no="3" player="Koci01" type="3" discard="1" dealt="1" sum="20"/>
<action no="4" player="Tiuualex" type="3" discard="1" dealt="1" sum="10"/>
<action no="5" player="KOPKHUNKRAP" type="23" sum="500"/>
<action no="6" player="Koci01" type="0" discard="1" dealt="1" sum="0"/>
<action no="7" player="Tiuualex" type="0" discard="1" dealt="1" sum="0"/>
</round>
</game>
<game gamecode="6568538642"><general>
<startdate>2025-12-23 17:04:50</startdate>
<round>1</round>
<failsafecounter/>
<players><player seat="10" name="Koci01" chips="510" dealer="0" win="0" bet="20" muck="1" rebuy="0" addon="0" merge="0" rebuychips="0" reg_code="5082906314"/>
<player seat="3" name="Tiuualex" chips="450" dealer="1" win="50" bet="40" muck="1" rebuy="0" addon="0" merge="0" rebuychips="0" reg_code="5082906150"/>
<player seat="6" name="KOPKHUNKRAP" chips="540" dealer="0" win="0" bet="10" muck="1" rebuy="0" addon="0" merge="0" rebuychips="0" reg_code="5082906225"/>
</players>
</general>
<round no="0"><action no="1" player="KOPKHUNKRAP" type="1" sum="10"/>
<action no="2" player="Koci01" type="2" discard="1" dealt="1" sum="20"/>
</round>
<round no="1"><cards type="Pocket" player="Koci01">X X</cards>
<cards type="Pocket" player="Tiuualex">X X</cards>
<cards type="Pocket" player="KOPKHUNKRAP">H7 C5</cards>
<action no="3" player="Tiuualex" type="23" discard="1" dealt="1" sum="40"/>
<action no="4" player="KOPKHUNKRAP" type="0" sum="0"/>
<action no="5" player="Koci01" type="0" discard="1" dealt="1" sum="0"/>
</round>
</game>
<game gamecode="6568538686"><general>
<startdate>2025-12-23 17:04:59</startdate>
<round>1</round>
<failsafecounter/>
<players><player seat="3" name="Tiuualex" chips="480" dealer="0" win="20" bet="20" muck="1" rebuy="0" addon="0" merge="0" rebuychips="0" reg_code="5082906150"/>
<player seat="6" name="KOPKHUNKRAP" chips="530" dealer="1" win="0" bet="0" muck="1" rebuy="0" addon="0" merge="0" rebuychips="0" reg_code="5082906225"/>
<player seat="10" name="Koci01" chips="490" dealer="0" win="0" bet="10" muck="1" rebuy="0" addon="0" merge="0" rebuychips="0" reg_code="5082906314"/>
</players>
</general>
<round no="0"><action no="1" player="Koci01" type="1" discard="1" dealt="1" sum="10"/>
<action no="2" player="Tiuualex" type="2" discard="1" dealt="1" sum="20"/>
</round>
<round no="1"><cards type="Pocket" player="KOPKHUNKRAP">C5 D9</cards>
<cards type="Pocket" player="Tiuualex">X X</cards>
<cards type="Pocket" player="Koci01">X X</cards>
<action no="3" player="KOPKHUNKRAP" type="0" sum="0"/>
<action no="4" player="Koci01" type="0" discard="1" dealt="1" sum="0"/>
</round>
</game>
<game gamecode="6568538717"><general>
<startdate>2025-12-23 17:05:05</startdate>
<round>1</round>
<failsafecounter/>
<players><player seat="6" name="KOPKHUNKRAP" chips="530" dealer="0" win="0" bet="50" muck="1" rebuy="0" addon="0" merge="0" rebuychips="0" reg_code="5082906225"/>
<player seat="10" name="Koci01" chips="480" dealer="1" win="0" bet="0" muck="1" rebuy="0" addon="0" merge="0" rebuychips="0" reg_code="5082906314"/>
<player seat="3" name="Tiuualex" chips="490" dealer="0" win="100" bet="75" muck="1" rebuy="0" addon="0" merge="0" rebuychips="0" reg_code="5082906150"/>
</players>
</general>
<round no="0"><action no="1" player="Tiuualex" type="1" discard="1" dealt="1" sum="10"/>
<action no="2" player="KOPKHUNKRAP" type="2" sum="20"/>
</round>
<round no="1"><cards type="Pocket" player="KOPKHUNKRAP">S7 S4</cards>
<cards type="Pocket" player="Koci01">X X</cards>
<cards type="Pocket" player="Tiuualex">X X</cards>
<action no="3" player="Koci01" type="0" discard="1" dealt="1" sum="0"/>
<action no="4" player="Tiuualex" type="23" discard="1" dealt="1" sum="50"/>
<action no="5" player="KOPKHUNKRAP" type="3" sum="30"/>
</round>
<round no="2"><cards type="Flop">SA D8 H8</cards>
<action no="6" player="Tiuualex" type="5" discard="1" dealt="1" sum="25"/>
<action no="7" player="KOPKHUNKRAP" type="0" sum="0"/>
</round>
</game>
<game gamecode="6568538781"><general>
<startdate>2025-12-23 17:05:18</startdate>
<round>1</round>
<failsafecounter/>
<players><player seat="10" name="Koci01" chips="480" dealer="0" win="20" bet="20" muck="1" rebuy="0" addon="0" merge="0" rebuychips="0" reg_code="5082906314"/>
<player seat="3" name="Tiuualex" chips="540" dealer="1" win="0" bet="0" muck="1" rebuy="0" addon="0" merge="0" rebuychips="0" reg_code="5082906150"/>
<player seat="6" name="KOPKHUNKRAP" chips="480" dealer="0" win="0" bet="10" muck="1" rebuy="0" addon="0" merge="0" rebuychips="0" reg_code="5082906225"/>
</players>
</general>
<round no="0"><action no="1" player="KOPKHUNKRAP" type="1" sum="10"/>
<action no="2" player="Koci01" type="2" discard="1" dealt="1" sum="20"/>
</round>
<round no="1"><cards type="Pocket" player="Koci01">X X</cards>
<cards type="Pocket" player="KOPKHUNKRAP">D5 HQ</cards>
<cards type="Pocket" player="Tiuualex">X X</cards>
<action no="3" player="Tiuualex" type="0" discard="1" dealt="1" sum="0"/>
<action no="4" player="KOPKHUNKRAP" type="0" sum="0"/>
</round>
</game>
<game gamecode="6568538818"><general>
<startdate>2025-12-23 17:05:25</startdate>
<round>1</round>
<failsafecounter/>
<players><player seat="3" name="Tiuualex" chips="540" dealer="0" win="80" bet="80" muck="1" rebuy="0" addon="0" merge="0" rebuychips="0" reg_code="5082906150"/>
<player seat="6" name="KOPKHUNKRAP" chips="470" dealer="1" win="0" bet="0" muck="1" rebuy="0" addon="0" merge="0" rebuychips="0" reg_code="5082906225"/>
<player seat="10" name="Koci01" chips="490" dealer="0" win="0" bet="40" muck="1" rebuy="0" addon="0" merge="0" rebuychips="0" reg_code="5082906314"/>
</players>
</general>
<round no="0"><action no="1" player="Koci01" type="1" discard="1" dealt="1" sum="10"/>
<action no="2" player="Tiuualex" type="2" discard="1" dealt="1" sum="20"/>
</round>
<round no="1"><cards type="Pocket" player="Koci01">X X</cards>
<cards type="Pocket" player="Tiuualex">X X</cards>
<cards type="Pocket" player="KOPKHUNKRAP">C5 C3</cards>
<action no="3" player="KOPKHUNKRAP" type="0" sum="0"/>
<action no="4" player="Koci01" type="3" discard="1" dealt="1" sum="10"/>
<action no="5" player="Tiuualex" type="4" discard="1" dealt="1" sum="0"/>
</round>
<round no="2"><cards type="Flop">SK H8 H2</cards>
<action no="6" player="Koci01" type="4" discard="1" dealt="1" sum="0"/>
<action no="7" player="Tiuualex" type="4" discard="1" dealt="1" sum="0"/>
</round>
<round no="3"><cards type="Turn">DK</cards>
<action no="8" player="Koci01" type="5" discard="1" dealt="1" sum="20"/>
<action no="9" player="Tiuualex" type="3" discard="1" dealt="1" sum="20"/>
</round>
<round no="4"><cards type="River">CA</cards>
<action no="10" player="Koci01" type="4" discard="1" dealt="1" sum="0"/>
<action no="11" player="Tiuualex" type="5" discard="1" dealt="1" sum="40"/>
<action no="12" player="Koci01" type="0" discard="1" dealt="1" sum="0"/>
</round>
</game>
<game gamecode="6568538944"><general>
<startdate>2025-12-23 17:05:50</startdate>
<round>1</round>
<failsafecounter/>
<players><player seat="6" name="KOPKHUNKRAP" chips="470" dealer="0" win="45" bet="35" muck="1" rebuy="0" addon="0" merge="0" rebuychips="0" reg_code="5082906225"/>
<player seat="10" name="Koci01" chips="450" dealer="1" win="0" bet="5" muck="1" rebuy="0" addon="0" merge="0" rebuychips="0" reg_code="5082906314"/>
<player seat="3" name="Tiuualex" chips="580" dealer="0" win="0" bet="20" muck="1" rebuy="0" addon="0" merge="0" rebuychips="0" reg_code="5082906150"/>
</players>
</general>
<round no="0"><action no="1" player="Tiuualex" type="15" discard="1" dealt="1" sum="5"/>
<action no="2" player="KOPKHUNKRAP" type="15" sum="5"/>
<action no="3" player="Koci01" type="15" discard="1" dealt="1" sum="5"/>
<action no="4" player="Tiuualex" type="1" discard="1" dealt="1" sum="15"/>
<action no="5" player="KOPKHUNKRAP" type="2" sum="30"/>
</round>
<round no="1"><cards type="Pocket" player="Koci01">X X</cards>
<cards type="Pocket" player="KOPKHUNKRAP">D4 D5</cards>
<cards type="Pocket" player="Tiuualex">X X</cards>
<action no="6" player="Koci01" type="0" discard="1" dealt="1" sum="0"/>
<action no="7" player="Tiuualex" type="0" discard="1" dealt="1" sum="0"/>
</round>
</game>
<game gamecode="6568538979"><general>
<startdate>2025-12-23 17:05:57</startdate>
<round>1</round>
<failsafecounter/>
<players><player seat="10" name="Koci01" chips="445" dealer="0" win="0" bet="35" muck="1" rebuy="0" addon="0" merge="0" rebuychips="0" reg_code="5082906314"/>
<player seat="3" name="Tiuualex" chips="560" dealer="1" win="0" bet="5" muck="1" rebuy="0" addon="0" merge="0" rebuychips="0" reg_code="5082906150"/>
<player seat="6" name="KOPKHUNKRAP" chips="495" dealer="0" win="75" bet="495" muck="1" rebuy="0" addon="0" merge="0" rebuychips="0" reg_code="5082906225"/>
</players>
</general>
<round no="0"><action no="1" player="KOPKHUNKRAP" type="15" sum="5"/>
<action no="2" player="Koci01" type="15" discard="1" dealt="1" sum="5"/>
<action no="3" player="Tiuualex" type="15" discard="1" dealt="1" sum="5"/>
<action no="4" player="KOPKHUNKRAP" type="1" sum="15"/>
<action no="5" player="Koci01" type="2" discard="1" dealt="1" sum="30"/>
</round>
<round no="1"><cards type="Pocket" player="Koci01">X X</cards>
<cards type="Pocket" player="KOPKHUNKRAP">D2 S2</cards>
<cards type="Pocket" player="Tiuualex">X X</cards>
<action no="6" player="Tiuualex" type="0" discard="1" dealt="1" sum="0"/>
<action no="7" player="KOPKHUNKRAP" type="23" sum="490"/>
<action no="8" player="Koci01" type="0" discard="1" dealt="1" sum="0"/>
</round>
</game>
<game gamecode="6568539075"><general>
<startdate>2025-12-23 17:06:11</startdate>
<round>1</round>
<failsafecounter/>
<players><player seat="3" name="Tiuualex" chips="555" dealer="0" win="75" bet="555" muck="1" rebuy="0" addon="0" merge="0" rebuychips="0" reg_code="5082906150"/>
<player seat="6" name="KOPKHUNKRAP" chips="535" dealer="1" win="0" bet="5" muck="1" rebuy="0" addon="0" merge="0" rebuychips="0" reg_code="5082906225"/>
<player seat="10" name="Koci01" chips="410" dealer="0" win="0" bet="35" muck="1" rebuy="0" addon="0" merge="0" rebuychips="0" reg_code="5082906314"/>
</players>
</general>
<round no="0"><action no="1" player="Koci01" type="15" discard="1" dealt="1" sum="5"/>
<action no="2" player="Tiuualex" type="15" discard="1" dealt="1" sum="5"/>
<action no="3" player="KOPKHUNKRAP" type="15" sum="5"/>
<action no="4" player="Koci01" type="1" discard="1" dealt="1" sum="15"/>
<action no="5" player="Tiuualex" type="2" discard="1" dealt="1" sum="30"/>
</round>
<round no="1"><cards type="Pocket" player="Tiuualex">X X</cards>
<cards type="Pocket" player="KOPKHUNKRAP">S5 DK</cards>
<cards type="Pocket" player="Koci01">X X</cards>
<action no="6" player="KOPKHUNKRAP" type="0" sum="0"/>
<action no="7" player="Koci01" type="3" discard="1" dealt="1" sum="15"/>
<action no="8" player="Tiuualex" type="23" discard="1" dealt="1" sum="550"/>
<action no="9" player="Koci01" type="0" discard="1" dealt="1" sum="0"/>
</round>
</game>
<game gamecode="6568539167"><general>
<startdate>2025-12-23 17:06:29</startdate>
<round>1</round>
<failsafecounter/>
<players><player seat="6" name="KOPKHUNKRAP" chips="530" dealer="0" win="45" bet="35" muck="1" rebuy="0" addon="0" merge="0" rebuychips="0" reg_code="5082906225"/>
<player seat="10" name="Koci01" chips="375" dealer="1" win="0" bet="5" muck="1" rebuy="0" addon="0" merge="0" rebuychips="0" reg_code="5082906314"/>
<player seat="3" name="Tiuualex" chips="595" dealer="0" win="0" bet="20" muck="1" rebuy="0" addon="0" merge="0" rebuychips="0" reg_code="5082906150"/>
</players>
</general>
<round no="0"><action no="1" player="Tiuualex" type="15" discard="1" dealt="1" sum="5"/>
<action no="2" player="KOPKHUNKRAP" type="15" sum="5"/>
<action no="3" player="Koci01" type="15" discard="1" dealt="1" sum="5"/>
<action no="4" player="Tiuualex" type="1" discard="1" dealt="1" sum="15"/>
<action no="5" player="KOPKHUNKRAP" type="2" sum="30"/>
</round>
<round no="1"><cards type="Pocket" player="Koci01">X X</cards>
<cards type="Pocket" player="Tiuualex">X X</cards>
<cards type="Pocket" player="KOPKHUNKRAP">D2 S9</cards>
<action no="6" player="Koci01" type="0" discard="1" dealt="1" sum="0"/>
<action no="7" player="Tiuualex" type="0" discard="1" dealt="1" sum="0"/>
</round>
</game>
<game gamecode="6568539209"><general>
<startdate>2025-12-23 17:06:36</startdate>
<round>1</round>
<failsafecounter/>
<players><player seat="10" name="Koci01" chips="370" dealer="0" win="0" bet="35" muck="1" rebuy="0" addon="0" merge="0" rebuychips="0" reg_code="5082906314"/>
<player seat="3" name="Tiuualex" chips="575" dealer="1" win="90" bet="575" muck="1" rebuy="0" addon="0" merge="0" rebuychips="0" reg_code="5082906150"/>
<player seat="6" name="KOPKHUNKRAP" chips="555" dealer="0" win="0" bet="20" muck="1" rebuy="0" addon="0" merge="0" rebuychips="0" reg_code="5082906225"/>
</players>
</general>
<round no="0"><action no="1" player="KOPKHUNKRAP" type="15" sum="5"/>
<action no="2" player="Koci01" type="15" discard="1" dealt="1" sum="5"/>
<action no="3" player="Tiuualex" type="15" discard="1" dealt="1" sum="5"/>
<action no="4" player="KOPKHUNKRAP" type="1" sum="15"/>
<action no="5" player="Koci01" type="2" discard="1" dealt="1" sum="30"/>
</round>
<round no="1"><cards type="Pocket" player="Koci01">X X</cards>
<cards type="Pocket" player="KOPKHUNKRAP">H9 H2</cards>
<cards type="Pocket" player="Tiuualex">X X</cards>
<action no="6" player="Tiuualex" type="23" discard="1" dealt="1" sum="570"/>
<action no="7" player="KOPKHUNKRAP" type="0" sum="0"/>
<action no="8" player="Koci01" type="0" discard="1" dealt="1" sum="0"/>
</round>
</game>
<game gamecode="6568539296"><general>
<startdate>2025-12-23 17:06:52</startdate>
<round>1</round>
<failsafecounter/>
<players><player seat="3" name="Tiuualex" chips="630" dealer="0" win="0" bet="35" muck="1" rebuy="0" addon="0" merge="0" rebuychips="0" reg_code="5082906150"/>
<player seat="6" name="KOPKHUNKRAP" chips="535" dealer="1" win="0" bet="5" muck="1" rebuy="0" addon="0" merge="0" rebuychips="0" reg_code="5082906225"/>
<player seat="10" name="Koci01" chips="335" dealer="0" win="75" bet="65" muck="1" rebuy="0" addon="0" merge="0" rebuychips="0" reg_code="5082906314"/>
</players>
</general>
<round no="0"><action no="1" player="Koci01" type="15" discard="1" dealt="1" sum="5"/>
<action no="2" player="Tiuualex" type="15" discard="1" dealt="1" sum="5"/>
<action no="3" player="KOPKHUNKRAP" type="15" sum="5"/>
<action no="4" player="Koci01" type="1" discard="1" dealt="1" sum="15"/>
<action no="5" player="Tiuualex" type="2" discard="1" dealt="1" sum="30"/>
</round>
<round no="1"><cards type="Pocket" player="KOPKHUNKRAP">D6 H10</cards>
<cards type="Pocket" player="Koci01">X X</cards>
<cards type="Pocket" player="Tiuualex">X X</cards>
<action no="6" player="KOPKHUNKRAP" type="0" sum="0"/>
<action no="7" player="Koci01" type="3" discard="1" dealt="1" sum="15"/>
<action no="8" player="Tiuualex" type="4" discard="1" dealt="1" sum="0"/>
</round>
<round no="2"><cards type="Flop">H3 S6 HQ</cards>
<action no="9" player="Koci01" type="5" discard="1" dealt="1" sum="30"/>
<action no="10" player="Tiuualex" type="0" discard="1" dealt="1" sum="0"/>
</round>
</game>
<game gamecode="6568539371"><general>
<startdate>2025-12-23 17:07:06</startdate>
<round>1</round>
<failsafecounter/>
<players><player seat="6" name="KOPKHUNKRAP" chips="530" dealer="0" win="0" bet="35" muck="1" rebuy="0" addon="0" merge="0" rebuychips="0" reg_code="5082906225"/>
<player seat="10" name="Koci01" chips="375" dealer="1" win="90" bet="375" muck="1" rebuy="0" addon="0" merge="0" rebuychips="0" reg_code="5082906314"/>
<player seat="3" name="Tiuualex" chips="595" dealer="0" win="0" bet="20" muck="1" rebuy="0" addon="0" merge="0" rebuychips="0" reg_code="5082906150"/>
</players>
</general>
<round no="0"><action no="1" player="Tiuualex" type="15" discard="1" dealt="1" sum="5"/>
<action no="2" player="KOPKHUNKRAP" type="15" sum="5"/>
<action no="3" player="Koci01" type="15" discard="1" dealt="1" sum="5"/>
<action no="4" player="Tiuualex" type="1" discard="1" dealt="1" sum="15"/>
<action no="5" player="KOPKHUNKRAP" type="2" sum="30"/>
</round>
<round no="1"><cards type="Pocket" player="Koci01">X X</cards>
<cards type="Pocket" player="KOPKHUNKRAP">C7 H8</cards>
<cards type="Pocket" player="Tiuualex">X X</cards>
<action no="6" player="Koci01" type="23" discard="1" dealt="1" sum="370"/>
<action no="7" player="Tiuualex" type="0" discard="1" dealt="1" sum="0"/>
<action no="8" player="KOPKHUNKRAP" type="0" sum="0"/>
</round>
</game>
<game gamecode="6568539419"><general>
<startdate>2025-12-23 17:07:15</startdate>
<round>1</round>
<failsafecounter/>
<players><player seat="10" name="Koci01" chips="430" dealer="0" win="0" bet="35" muck="1" rebuy="0" addon="0" merge="0" rebuychips="0" reg_code="5082906314"/>
<player seat="3" name="Tiuualex" chips="575" dealer="1" win="90" bet="575" muck="1" rebuy="0" addon="0" merge="0" rebuychips="0" reg_code="5082906150"/>
<player seat="6" name="KOPKHUNKRAP" chips="495" dealer="0" win="0" bet="20" muck="1" rebuy="0" addon="0" merge="0" rebuychips="0" reg_code="5082906225"/>
</players>
</general>
<round no="0"><action no="1" player="KOPKHUNKRAP" type="15" sum="5"/>
<action no="2" player="Koci01" type="15" discard="1" dealt="1" sum="5"/>
<action no="3" player="Tiuualex" type="15" discard="1" dealt="1" sum="5"/>
<action no="4" player="KOPKHUNKRAP" type="1" sum="15"/>
<action no="5" player="Koci01" type="2" discard="1" dealt="1" sum="30"/>
</round>
<round no="1"><cards type="Pocket" player="Koci01">X X</cards>
<cards type="Pocket" player="Tiuualex">X X</cards>
<cards type="Pocket" player="KOPKHUNKRAP">H2 CJ</cards>
<action no="6" player="Tiuualex" type="23" discard="1" dealt="1" sum="570"/>
<action no="7" player="KOPKHUNKRAP" type="0" sum="0"/>
<action no="8" player="Koci01" type="0" discard="1" dealt="1" sum="0"/>
</round>
</game>
<game gamecode="6568539472"><general>
<startdate>2025-12-23 17:07:25</startdate>
<round>1</round>
<failsafecounter/>
<players><player seat="3" name="Tiuualex" chips="630" dealer="0" win="95" bet="125" muck="1" rebuy="0" addon="0" merge="0" rebuychips="0" reg_code="5082906150"/>
<player seat="6" name="KOPKHUNKRAP" chips="475" dealer="1" win="0" bet="5" muck="1" rebuy="0" addon="0" merge="0" rebuychips="0" reg_code="5082906225"/>
<player seat="10" name="Koci01" chips="395" dealer="0" win="0" bet="45" muck="1" rebuy="0" addon="0" merge="0" rebuychips="0" reg_code="5082906314"/>
</players>
</general>
<round no="0"><action no="1" player="Koci01" type="15" discard="1" dealt="1" sum="5"/>
<action no="2" player="Tiuualex" type="15" discard="1" dealt="1" sum="5"/>
<action no="3" player="KOPKHUNKRAP" type="15" sum="5"/>
<action no="4" player="Koci01" type="1" discard="1" dealt="1" sum="20"/>
<action no="5" player="Tiuualex" type="2" discard="1" dealt="1" sum="40"/>
</round>
<round no="1"><cards type="Pocket" player="Tiuualex">X X</cards>
<cards type="Pocket" player="Koci01">X X</cards>
<cards type="Pocket" player="KOPKHUNKRAP">C5 C7</cards>
<action no="6" player="KOPKHUNKRAP" type="0" sum="0"/>
<action no="7" player="Koci01" type="3" discard="1" dealt="1" sum="20"/>
<action no="8" player="Tiuualex" type="23" discard="1" dealt="1" sum="120"/>
<action no="9" player="Koci01" type="0" discard="1" dealt="1" sum="0"/>
</round>
</game>
<game gamecode="6568539535"><general>
<startdate>2025-12-23 17:07:39</startdate>
<round>1</round>
<failsafecounter/>
<players><player seat="6" name="KOPKHUNKRAP" chips="470" dealer="0" win="431" bet="470" muck="1" rebuy="0" addon="0" merge="0" rebuychips="0" reg_code="5082906225"/>
<player seat="10" name="Koci01" chips="350" dealer="1" win="0" bet="5" muck="1" rebuy="0" addon="0" merge="0" rebuychips="0" reg_code="5082906314"/>
<player seat="3" name="Tiuualex" chips="680" dealer="0" win="0" bet="213" muck="1" rebuy="0" addon="0" merge="0" rebuychips="0" reg_code="5082906150"/>
</players>
</general>
<round no="0"><action no="1" player="Tiuualex" type="15" discard="1" dealt="1" sum="5"/>
<action no="2" player="KOPKHUNKRAP" type="15" sum="5"/>
<action no="3" player="Koci01" type="15" discard="1" dealt="1" sum="5"/>
<action no="4" player="Tiuualex" type="1" discard="1" dealt="1" sum="20"/>
<action no="5" player="KOPKHUNKRAP" type="2" sum="40"/>
</round>
<round no="1"><cards type="Pocket" player="KOPKHUNKRAP">SQ D2</cards>
<cards type="Pocket" player="Koci01">X X</cards>
<cards type="Pocket" player="Tiuualex">X X</cards>
<action no="6" player="Koci01" type="0" discard="1" dealt="1" sum="0"/>
<action no="7" player="Tiuualex" type="3" discard="1" dealt="1" sum="20"/>
<action no="8" player="KOPKHUNKRAP" type="4" sum="0"/>
</round>
<round no="2"><cards type="Flop">C9 S10 DJ</cards>
<action no="9" player="Tiuualex" type="5" discard="1" dealt="1" sum="40"/>
<action no="10" player="KOPKHUNKRAP" type="3" sum="40"/>
</round>
<round no="3"><cards type="Turn">C5</cards>
<action no="11" player="Tiuualex" type="4" discard="1" dealt="1" sum="0"/>
<action no="12" player="KOPKHUNKRAP" type="4" sum="0"/>
</round>
<round no="4"><cards type="River">S8</cards>
<action no="13" player="Tiuualex" type="5" discard="1" dealt="1" sum="128"/>
<action no="14" player="KOPKHUNKRAP" type="23" sum="385"/>
<action no="15" player="Tiuualex" type="0" discard="1" dealt="1" sum="0"/>
</round>
</game>
<game gamecode="6568539719"><general>
<startdate>2025-12-23 17:08:15</startdate>
<round>1</round>
<failsafecounter/>
<players><player seat="10" name="Koci01" chips="345" dealer="0" win="0" bet="45" muck="1" rebuy="0" addon="0" merge="0" rebuychips="0" reg_code="5082906314"/>
<player seat="3" name="Tiuualex" chips="467" dealer="1" win="115" bet="467" muck="1" rebuy="0" addon="0" merge="0" rebuychips="0" reg_code="5082906150"/>
<player seat="6" name="KOPKHUNKRAP" chips="688" dealer="0" win="0" bet="25" muck="1" rebuy="0" addon="0" merge="0" rebuychips="0" reg_code="5082906225"/>
</players>
</general>
<round no="0"><action no="1" player="KOPKHUNKRAP" type="15" sum="5"/>
<action no="2" player="Koci01" type="15" discard="1" dealt="1" sum="5"/>
<action no="3" player="Tiuualex" type="15" discard="1" dealt="1" sum="5"/>
<action no="4" player="KOPKHUNKRAP" type="1" sum="20"/>
<action no="5" player="Koci01" type="2" discard="1" dealt="1" sum="40"/>
</round>
<round no="1"><cards type="Pocket" player="KOPKHUNKRAP">D5 C4</cards>
<cards type="Pocket" player="Tiuualex">X X</cards>
<cards type="Pocket" player="Koci01">X X</cards>
<action no="6" player="Tiuualex" type="23" discard="1" dealt="1" sum="462"/>
<action no="7" player="KOPKHUNKRAP" type="0" sum="0"/>
<action no="8" player="Koci01" type="0" discard="1" dealt="1" sum="0"/>
</round>
</game>
<game gamecode="6568539747"><general>
<startdate>2025-12-23 17:08:22</startdate>
<round>1</round>
<failsafecounter/>
<players><player seat="3" name="Tiuualex" chips="537" dealer="0" win="0" bet="45" muck="1" rebuy="0" addon="0" merge="0" rebuychips="0" reg_code="5082906150"/>
<player seat="6" name="KOPKHUNKRAP" chips="663" dealer="1" win="115" bet="85" muck="1" rebuy="0" addon="0" merge="0" rebuychips="0" reg_code="5082906225"/>
<player seat="10" name="Koci01" chips="300" dealer="0" win="0" bet="25" muck="1" rebuy="0" addon="0" merge="0" rebuychips="0" reg_code="5082906314"/>
</players>
</general>
<round no="0"><action no="1" player="Koci01" type="15" discard="1" dealt="1" sum="5"/>
<action no="2" player="Tiuualex" type="15" discard="1" dealt="1" sum="5"/>
<action no="3" player="KOPKHUNKRAP" type="15" sum="5"/>
<action no="4" player="Koci01" type="1" discard="1" dealt="1" sum="20"/>
<action no="5" player="Tiuualex" type="2" discard="1" dealt="1" sum="40"/>
</round>
<round no="1"><cards type="Pocket" player="Tiuualex">X X</cards>
<cards type="Pocket" player="Koci01">X X</cards>
<cards type="Pocket" player="KOPKHUNKRAP">HK HJ</cards>
<action no="6" player="KOPKHUNKRAP" type="23" sum="80"/>
<action no="7" player="Koci01" type="0" discard="1" dealt="1" sum="0"/>
<action no="8" player="Tiuualex" type="0" discard="1" dealt="1" sum="0"/>
</round>
</game>
<game gamecode="6568539810"><general>
<startdate>2025-12-23 17:08:35</startdate>
<round>1</round>
<failsafecounter/>
<players><player seat="6" name="KOPKHUNKRAP" chips="733" dealer="0" win="95" bet="85" muck="1" rebuy="0" addon="0" merge="0" rebuychips="0" reg_code="5082906225"/>
<player seat="10" name="Koci01" chips="275" dealer="1" win="0" bet="5" muck="1" rebuy="0" addon="0" merge="0" rebuychips="0" reg_code="5082906314"/>
<player seat="3" name="Tiuualex" chips="492" dealer="0" win="0" bet="45" muck="1" rebuy="0" addon="0" merge="0" rebuychips="0" reg_code="5082906150"/>
</players>
</general>
<round no="0"><action no="1" player="Tiuualex" type="15" discard="1" dealt="1" sum="5"/>
<action no="2" player="KOPKHUNKRAP" type="15" sum="5"/>
<action no="3" player="Koci01" type="15" discard="1" dealt="1" sum="5"/>
<action no="4" player="Tiuualex" type="1" discard="1" dealt="1" sum="20"/>
<action no="5" player="KOPKHUNKRAP" type="2" sum="40"/>
</round>
<round no="1"><cards type="Pocket" player="Koci01">X X</cards>
<cards type="Pocket" player="KOPKHUNKRAP">C8 SQ</cards>
<cards type="Pocket" player="Tiuualex">X X</cards>
<action no="6" player="Koci01" type="0" discard="1" dealt="1" sum="0"/>
<action no="7" player="Tiuualex" type="3" discard="1" dealt="1" sum="20"/>
<action no="8" player="KOPKHUNKRAP" type="4" sum="0"/>
</round>
<round no="2"><cards type="Flop">D8 C6 H9</cards>
<action no="9" player="Tiuualex" type="4" discard="1" dealt="1" sum="0"/>
<action no="10" player="KOPKHUNKRAP" type="5" sum="40"/>
<action no="11" player="Tiuualex" type="0" discard="1" dealt="1" sum="0"/>
</round>
</game>
<game gamecode="6568539925"><general>
<startdate>2025-12-23 17:09:01</startdate>
<round>1</round>
<failsafecounter/>
<players><player seat="10" name="Koci01" chips="270" dealer="0" win="0" bet="65" muck="1" rebuy="0" addon="0" merge="0" rebuychips="0" reg_code="5082906314"/>
<player seat="3" name="Tiuualex" chips="447" dealer="1" win="0" bet="5" muck="1" rebuy="0" addon="0" merge="0" rebuychips="0" reg_code="5082906150"/>
<player seat="6" name="KOPKHUNKRAP" chips="783" dealer="0" win="135" bet="783" muck="1" rebuy="0" addon="0" merge="0" rebuychips="0" reg_code="5082906225"/>
</players>
</general>
<round no="0"><action no="1" player="KOPKHUNKRAP" type="15" sum="5"/>
<action no="2" player="Koci01" type="15" discard="1" dealt="1" sum="5"/>
<action no="3" player="Tiuualex" type="15" discard="1" dealt="1" sum="5"/>
<action no="4" player="KOPKHUNKRAP" type="1" sum="30"/>
<action no="5" player="Koci01" type="2" discard="1" dealt="1" sum="60"/>
</round>
<round no="1"><cards type="Pocket" player="KOPKHUNKRAP">H5 HQ</cards>
<cards type="Pocket" player="Koci01">X X</cards>
<cards type="Pocket" player="Tiuualex">X X</cards>
<action no="6" player="Tiuualex" type="0" discard="1" dealt="1" sum="0"/>
<action no="7" player="KOPKHUNKRAP" type="23" sum="778"/>
<action no="8" player="Koci01" type="0" discard="1" dealt="1" sum="0"/>
</round>
</game>
<game gamecode="6568540000"><general>
<startdate>2025-12-23 17:09:15</startdate>
<round>1</round>
<failsafecounter/>
<players><player seat="3" name="Tiuualex" chips="442" dealer="0" win="0" bet="442" muck="0" rebuy="0" addon="0" merge="0" rebuychips="0" reg_code="5082906150"/>
<player seat="6" name="KOPKHUNKRAP" chips="853" dealer="1" win="474" bet="853" muck="0" rebuy="0" addon="0" merge="0" rebuychips="0" reg_code="5082906225"/>
<player seat="10" name="Koci01" chips="205" dealer="0" win="615" bet="205" muck="0" rebuy="0" addon="0" merge="0" rebuychips="0" reg_code="5082906314"/>
</players>
</general>
<round no="0"><action no="1" player="Koci01" type="15" discard="1" dealt="1" sum="5"/>
<action no="2" player="Tiuualex" type="15" discard="1" dealt="1" sum="5"/>
<action no="3" player="KOPKHUNKRAP" type="15" sum="5"/>
<action no="4" player="Koci01" type="1" discard="1" dealt="1" sum="30"/>
<action no="5" player="Tiuualex" type="2" discard="1" dealt="1" sum="60"/>
</round>
<round no="1"><cards type="Pocket" player="Tiuualex">HK H10</cards>
<cards type="Pocket" player="Koci01">HA H6</cards>
<cards type="Pocket" player="KOPKHUNKRAP">D5 DA</cards>
<action no="6" player="KOPKHUNKRAP" type="23" sum="848"/>
<action no="7" player="Koci01" type="7" discard="1" dealt="1" sum="170"/>
<action no="8" player="Tiuualex" type="7" discard="1" dealt="1" sum="377"/>
</round>
<round no="2"><cards type="Flop">SA H9 CK</cards>
</round>
<round no="3"><cards type="Turn">SJ</cards>
</round>
<round no="4"><cards type="River">C6</cards>
</round>
</game>
<game gamecode="6568540080"><general>
<startdate>2025-12-23 17:09:31</startdate>
<round>1</round>
<failsafecounter/>
<players><player seat="6" name="KOPKHUNKRAP" chips="885" dealer="0" win="130" bet="885" muck="1" rebuy="0" addon="0" merge="0" rebuychips="0" reg_code="5082906225"/>
<player seat="10" name="Koci01" chips="615" dealer="1" win="0" bet="65" muck="1" rebuy="0" addon="0" merge="0" rebuychips="0" reg_code="5082906314"/>
</players>
</general>
<round no="0"><action no="1" player="Koci01" type="15" discard="1" dealt="1" sum="5"/>
<action no="2" player="KOPKHUNKRAP" type="15" sum="5"/>
<action no="3" player="Koci01" type="1" discard="1" dealt="1" sum="30"/>
<action no="4" player="KOPKHUNKRAP" type="2" sum="60"/>
</round>
<round no="1"><cards type="Pocket" player="KOPKHUNKRAP">DK S3</cards>
<cards type="Pocket" player="Koci01">X X</cards>
<action no="5" player="Koci01" type="3" discard="1" dealt="1" sum="30"/>
<action no="6" player="KOPKHUNKRAP" type="23" sum="880"/>
<action no="7" player="Koci01" type="0" discard="1" dealt="1" sum="0"/>
</round>
</game>
<game gamecode="6568540137"><general>
<startdate>2025-12-23 17:09:41</startdate>
<round>1</round>
<failsafecounter/>
<players><player seat="10" name="Koci01" chips="550" dealer="0" win="250" bet="245" muck="1" rebuy="0" addon="0" merge="0" rebuychips="0" reg_code="5082906314"/>
<player seat="6" name="KOPKHUNKRAP" chips="950" dealer="1" win="0" bet="125" muck="1" rebuy="0" addon="0" merge="0" rebuychips="0" reg_code="5082906225"/>
</players>
</general>
<round no="0"><action no="1" player="KOPKHUNKRAP" type="15" sum="5"/>
<action no="2" player="Koci01" type="15" discard="1" dealt="1" sum="5"/>
<action no="3" player="KOPKHUNKRAP" type="1" sum="30"/>
<action no="4" player="Koci01" type="2" discard="1" dealt="1" sum="60"/>
</round>
<round no="1"><cards type="Pocket" player="Koci01">X X</cards>
<cards type="Pocket" player="KOPKHUNKRAP">H4 C7</cards>
<action no="5" player="KOPKHUNKRAP" type="3" sum="30"/>
<action no="6" player="Koci01" type="4" discard="1" dealt="1" sum="0"/>
</round>
<round no="2"><cards type="Flop">S4 D6 S5</cards>
<action no="7" player="Koci01" type="4" discard="1" dealt="1" sum="0"/>
<action no="8" player="KOPKHUNKRAP" type="4" sum="0"/>
</round>
<round no="3"><cards type="Turn">S7</cards>
<action no="9" player="Koci01" type="5" discard="1" dealt="1" sum="60"/>
<action no="10" player="KOPKHUNKRAP" type="3" sum="60"/>
</round>
<round no="4"><cards type="River">CA</cards>
<action no="11" player="Koci01" type="5" discard="1" dealt="1" sum="120"/>
<action no="12" player="KOPKHUNKRAP" type="0" sum="0"/>
</round>
</game>
<game gamecode="6568544979"><general>
<startdate>2025-12-23 17:10:19</startdate>
<round>1</round>
<failsafecounter/>
<players><player seat="6" name="KOPKHUNKRAP" chips="825" dealer="0" win="130" bet="825" muck="1" rebuy="0" addon="0" merge="0" rebuychips="0" reg_code="5082906225"/>
<player seat="10" name="Koci01" chips="675" dealer="1" win="0" bet="65" muck="1" rebuy="0" addon="0" merge="0" rebuychips="0" reg_code="5082906314"/>
</players>
</general>
<round no="0"><action no="1" player="Koci01" type="15" discard="1" dealt="1" sum="5"/>
<action no="2" player="KOPKHUNKRAP" type="15" sum="5"/>
<action no="3" player="Koci01" type="1" discard="1" dealt="1" sum="30"/>
<action no="4" player="KOPKHUNKRAP" type="2" sum="60"/>
</round>
<round no="1"><cards type="Pocket" player="KOPKHUNKRAP">CQ HA</cards>
<cards type="Pocket" player="Koci01">X X</cards>
<action no="5" player="Koci01" type="3" discard="1" dealt="1" sum="30"/>
<action no="6" player="KOPKHUNKRAP" type="23" sum="820"/>
<action no="7" player="Koci01" type="0" discard="1" dealt="1" sum="0"/>
</round>
</game>
<game gamecode="6568545032"><general>
<startdate>2025-12-23 17:10:31</startdate>
<round>1</round>
<failsafecounter/>
<players><player seat="10" name="Koci01" chips="610" dealer="0" win="130" bet="610" muck="1" rebuy="0" addon="0" merge="0" rebuychips="0" reg_code="5082906314"/>
<player seat="6" name="KOPKHUNKRAP" chips="890" dealer="1" win="0" bet="65" muck="1" rebuy="0" addon="0" merge="0" rebuychips="0" reg_code="5082906225"/>
</players>
</general>
<round no="0"><action no="1" player="KOPKHUNKRAP" type="15" sum="5"/>
<action no="2" player="Koci01" type="15" discard="1" dealt="1" sum="5"/>
<action no="3" player="KOPKHUNKRAP" type="1" sum="30"/>
<action no="4" player="Koci01" type="2" discard="1" dealt="1" sum="60"/>
</round>
<round no="1"><cards type="Pocket" player="Koci01">X X</cards>
<cards type="Pocket" player="KOPKHUNKRAP">D4 C10</cards>
<action no="5" player="KOPKHUNKRAP" type="3" sum="30"/>
<action no="6" player="Koci01" type="23" discard="1" dealt="1" sum="605"/>
<action no="7" player="KOPKHUNKRAP" type="0" sum="0"/>
</round>
</game>
<game gamecode="6568545079"><general>
<startdate>2025-12-23 17:10:39</startdate>
<round>1</round>
<failsafecounter/>
<players><player seat="6" name="KOPKHUNKRAP" chips="825" dealer="0" win="0" bet="88" muck="1" rebuy="0" addon="0" merge="0" rebuychips="0" reg_code="5082906225"/>
<player seat="10" name="Koci01" chips="675" dealer="1" win="176" bet="675" muck="1" rebuy="0" addon="0" merge="0" rebuychips="0" reg_code="5082906314"/>
</players>
</general>
<round no="0"><action no="1" player="Koci01" type="15" discard="1" dealt="1" sum="8"/>
<action no="2" player="KOPKHUNKRAP" type="15" sum="8"/>
<action no="3" player="Koci01" type="1" discard="1" dealt="1" sum="40"/>
<action no="4" player="KOPKHUNKRAP" type="2" sum="80"/>
</round>
<round no="1"><cards type="Pocket" player="KOPKHUNKRAP">DK S5</cards>
<cards type="Pocket" player="Koci01">X X</cards>
<action no="5" player="Koci01" type="23" discard="1" dealt="1" sum="667"/>
<action no="6" player="KOPKHUNKRAP" type="0" sum="0"/>
</round>
</game>
<game gamecode="6568545133"><general>
<startdate>2025-12-23 17:10:49</startdate>
<round>1</round>
<failsafecounter/>
<players><player seat="10" name="Koci01" chips="763" dealer="0" win="336" bet="168" muck="0" rebuy="0" addon="0" merge="0" rebuychips="0" reg_code="5082906314"/>
<player seat="6" name="KOPKHUNKRAP" chips="737" dealer="1" win="0" bet="168" muck="1" rebuy="0" addon="0" merge="0" rebuychips="0" reg_code="5082906225"/>
</players>
</general>
<round no="0"><action no="1" player="KOPKHUNKRAP" type="15" sum="8"/>
<action no="2" player="Koci01" type="15" discard="1" dealt="1" sum="8"/>
<action no="3" player="KOPKHUNKRAP" type="1" sum="40"/>
<action no="4" player="Koci01" type="2" discard="1" dealt="1" sum="80"/>
</round>
<round no="1"><cards type="Pocket" player="KOPKHUNKRAP">S6 H8</cards>
<cards type="Pocket" player="Koci01">D3 D7</cards>
<action no="5" player="KOPKHUNKRAP" type="3" sum="40"/>
<action no="6" player="Koci01" type="4" discard="1" dealt="1" sum="0"/>
</round>
<round no="2"><cards type="Flop">H3 D4 CK</cards>
<action no="7" player="Koci01" type="4" discard="1" dealt="1" sum="0"/>
<action no="8" player="KOPKHUNKRAP" type="5" sum="80"/>
<action no="9" player="Koci01" type="3" discard="1" dealt="1" sum="80"/>
</round>
<round no="3"><cards type="Turn">H2</cards>
<action no="10" player="Koci01" type="4" discard="1" dealt="1" sum="0"/>
<action no="11" player="KOPKHUNKRAP" type="4" sum="0"/>
</round>
<round no="4"><cards type="River">DQ</cards>
<action no="12" player="Koci01" type="4" discard="1" dealt="1" sum="0"/>
<action no="13" player="KOPKHUNKRAP" type="4" sum="0"/>
</round>
</game>
<game gamecode="6568545320"><general>
<startdate>2025-12-23 17:11:23</startdate>
<round>1</round>
<failsafecounter/>
<players><player seat="6" name="KOPKHUNKRAP" chips="569" dealer="0" win="0" bet="88" muck="1" rebuy="0" addon="0" merge="0" rebuychips="0" reg_code="5082906225"/>
<player seat="10" name="Koci01" chips="931" dealer="1" win="176" bet="168" muck="1" rebuy="0" addon="0" merge="0" rebuychips="0" reg_code="5082906314"/>
</players>
</general>
<round no="0"><action no="1" player="Koci01" type="15" discard="1" dealt="1" sum="8"/>
<action no="2" player="KOPKHUNKRAP" type="15" sum="8"/>
<action no="3" player="Koci01" type="1" discard="1" dealt="1" sum="40"/>
<action no="4" player="KOPKHUNKRAP" type="2" sum="80"/>
</round>
<round no="1"><cards type="Pocket" player="Koci01">X X</cards>
<cards type="Pocket" player="KOPKHUNKRAP">H3 D5</cards>
<action no="5" player="Koci01" type="3" discard="1" dealt="1" sum="40"/>
<action no="6" player="KOPKHUNKRAP" type="4" sum="0"/>
</round>
<round no="2"><cards type="Flop">H10 HJ D9</cards>
<action no="7" player="KOPKHUNKRAP" type="4" sum="0"/>
<action no="8" player="Koci01" type="4" discard="1" dealt="1" sum="0"/>
</round>
<round no="3"><cards type="Turn">HA</cards>
<action no="9" player="KOPKHUNKRAP" type="4" sum="0"/>
<action no="10" player="Koci01" type="5" discard="1" dealt="1" sum="80"/>
<action no="11" player="KOPKHUNKRAP" type="0" sum="0"/>
</round>
</game>
<game gamecode="6568545462"><general>
<startdate>2025-12-23 17:11:49</startdate>
<round>1</round>
<failsafecounter/>
<players><player seat="10" name="Koci01" chips="1,019" dealer="0" win="962" bet="481" muck="0" rebuy="0" addon="0" merge="0" rebuychips="0" reg_code="5082906314"/>
<player seat="6" name="KOPKHUNKRAP" chips="481" dealer="1" win="0" bet="481" muck="0" rebuy="0" addon="0" merge="0" rebuychips="0" reg_code="5082906225"/>
</players>
</general>
<round no="0"><action no="1" player="KOPKHUNKRAP" type="15" sum="8"/>
<action no="2" player="Koci01" type="15" discard="1" dealt="1" sum="8"/>
<action no="3" player="KOPKHUNKRAP" type="1" sum="40"/>
<action no="4" player="Koci01" type="2" discard="1" dealt="1" sum="80"/>
</round>
<round no="1"><cards type="Pocket" player="KOPKHUNKRAP">HA H9</cards>
<cards type="Pocket" player="Koci01">S5 DA</cards>
<action no="5" player="KOPKHUNKRAP" type="23" sum="473"/>
<action no="6" player="Koci01" type="3" discard="1" dealt="1" sum="393"/>
</round>
<round no="2"><cards type="Flop">D3 SK H4</cards>
</round>
<round no="3"><cards type="Turn">C5</cards>
</round>
<round no="4"><cards type="River">C3</cards>
</round>
</game>
</session>
