<?xml version="1.0" encoding="UTF-8"?>
<session sessioncode="5082893177">
<general>
<client_version>25.7.1.50</client_version>
<mode>real</mode>
<gametype>Holdem NL</gametype>
<tablename>Twister €200 SNG, 824551954</tablename>
<tournamentcode>824551953</tournamentcode>
<tournamentname>Twister €200 SNG</tournamentname>
<buyin>€0 + €12 + €188</buyin>
<totalbuyin>€200</totalbuyin>
<rewarddrawn>€600</rewarddrawn>
<tournamentcurrency>EUR</tournamentcurrency>
<currency>EUR</currency>
<nickname>KOPKHUNKRAP</nickname>
<gamecount>20</gamecount>
<startdate>2025-12-23 16:15:21</startdate>
<place>1</place>
<win>€600</win>
<tablesize>3</tablesize>
</general>
<game gamecode="6568487187"><general>
<startdate>2025-12-23 16:15:37</startdate>
<round>1</round>
<failsafecounter/>
<players><player seat="3" name="Tiuualex" chips="500" dealer="0" win="0" bet="40" muck="1" rebuy="0" addon="0" merge="0" rebuychips="0" reg_code="5082891990"/>
<player seat="6" name="Pigstone" chips="500" dealer="1" win="90" bet="130" muck="1" rebuy="0" addon="0" merge="0" rebuychips="0" reg_code="5082892153"/>
<player seat="10" name="KOPKHUNKRAP" chips="500" dealer="0" win="0" bet="10" muck="1" rebuy="0" addon="0" merge="0" rebuychips="0" reg_code="5082893177"/>
</players>
</general>
<round no="0"><action no="1" player="KOPKHUNKRAP" type="1" sum="10"/>
<action no="2" player="Tiuualex" type="2" discard="1" dealt="1" sum="20"/>
</round>
<round no="1"><cards type="Pocket" player="Tiuualex">X X</cards>
<cards type="Pocket" player="KOPKHUNKRAP">HJ H6</cards>
<cards type="Pocket" player="Pigstone">X X</cards>
<action no="3" player="Pigstone" type="23" discard="1" dealt="1" sum="40"/>
<action no="4" player="KOPKHUNKRAP" type="0" sum="0"/>
<action no="5" player="Tiuualex" type="3" discard="1" dealt="1" sum="20"/>
</round>
<round no="2"><cards type="Flop">S2 S10 HA</cards>
<action no="6" player="Tiuualex" type="4" discard="1" dealt="1" sum="0"/>
<action no="7" player="Pigstone" type="5" discard="1" dealt="1" sum="90"/>
<action no="8" player="Tiuualex" type="0" discard="1" dealt="1" sum="0"/>
</round>
</game>
<game gamecode="6568487236"><general>
<startdate>2025-12-23 16:15:59</startdate>
<round>1</round>
<failsafecounter/>
<players><player seat="6" name="Pigstone" chips="550" dealer="0" win="20" bet="20" muck="1" rebuy="0" addon="0" merge="0" rebuychips="0" reg_code="5082892153"/>
<player seat="10" name="KOPKHUNKRAP" chips="490" dealer="1" win="0" bet="0" muck="1" rebuy="0" addon="0" merge="0" rebuychips="0" reg_code="5082893177"/>
<player seat="3" name="Tiuualex" chips="460" dealer="0" win="0" bet="10" muck="1" rebuy="0" addon="0" merge="0" rebuychips="0" reg_code="5082891990"/>
</players>
</general>
<round no="0"><action no="1" player="Tiuualex" type="1" discard="1" dealt="1" sum="10"/>
<action no="2" player="Pigstone" type="2" discard="1" dealt="1" sum="20"/>
</round>
<round no="1"><cards type="Pocket" player="Pigstone">X X</cards>
<cards type="Pocket" player="KOPKHUNKRAP">C7 D2</cards>
<cards type="Pocket" player="Tiuualex">X X</cards>
<action no="3" player="KOPKHUNKRAP" type="0" sum="0"/>
<action no="4" player="Tiuualex" type="0" discard="1" dealt="1" sum="0"/>
</round>
</game>
<game gamecode="6568487257"><general>
<startdate>2025-12-23 16:16:06</startdate>
<round>1</round>
<failsafecounter/>
<players><player seat="10" name="KOPKHUNKRAP" chips="490" dealer="0" win="0" bet="40" muck="1" rebuy="0" addon="0" merge="0" rebuychips="0" reg_code="5082893177"/>
<player seat="3" name="Tiuualex" chips="450" dealer="1" win="90" bet="60" muck="1" rebuy="0" addon="0" merge="0" rebuychips="0" reg_code="5082891990"/>
<player seat="6" name="Pigstone" chips="560" dealer="0" win="0" bet="10" muck="1" rebuy="0" addon="0" merge="0" rebuychips="0" reg_code="5082892153"/>
</players>
</general>
<round no="0"><action no="1" player="Pigstone" type="1" discard="1" dealt="1" sum="10"/>
<action no="2" player="KOPKHUNKRAP" type="2" sum="20"/>
</round>
<round no="1"><cards type="Pocket" player="Pigstone">X X</cards>
<cards type="Pocket" player="Tiuualex">X X</cards>
<cards type="Pocket" player="KOPKHUNKRAP">C8 S6</cards>
<action no="3" player="Tiuualex" type="23" discard="1" dealt="1" sum="40"/>
<action no="4" player="Pigstone" type="0" discard="1" dealt="1" sum="0"/>
<action no="5" player="KOPKHUNKRAP" type="3" sum="20"/>
</round>
<round no="2"><cards type="Flop">HA SK S5</cards>
<action no="6" player="KOPKHUNKRAP" type="4" sum="0"/>
<action no="7" player="Tiuualex" type="5" discard="1" dealt="1" sum="20"/>
<action no="8" player="KOPKHUNKRAP" type="0" sum="0"/>
</round>
</game>
<game gamecode="6568487295"><general>
<startdate>2025-12-23 16:16:23</startdate>
<round>1</round>
<failsafecounter/>
<players><player seat="3" name="Tiuualex" chips="500" dealer="0" win="0" bet="200" muck="1" rebuy="0" addon="0" merge="0" rebuychips="0" reg_code="5082891990"/>
<player seat="6" name="Pigstone" chips="550" dealer="1" win="0" bet="0" muck="1" rebuy="0" addon="0" merge="0" rebuychips="0" reg_code="5082892153"/>
<player seat="10" name="KOPKHUNKRAP" chips="450" dealer="0" win="400" bet="200" muck="0" rebuy="0" addon="0" merge="0" rebuychips="0" reg_code="5082893177"/>
</players>
</general>
<round no="0"><action no="1" player="KOPKHUNKRAP" type="1" sum="10"/>
<action no="2" player="Tiuualex" type="2" discard="1" dealt="1" sum="20"/>
</round>
<round no="1"><cards type="Pocket" player="KOPKHUNKRAP">SK HQ</cards>
<cards type="Pocket" player="Tiuualex">CQ C2</cards>
<cards type="Pocket" player="Pigstone">X X</cards>
<action no="3" player="Pigstone" type="0" discard="1" dealt="1" sum="0"/>
<action no="4" player="KOPKHUNKRAP" type="23" sum="50"/>
<action no="5" player="Tiuualex" type="3" discard="1" dealt="1" sum="30"/>
</round>
<round no="2"><cards type="Flop">DK HK CK</cards>
<action no="6" player="KOPKHUNKRAP" type="5" sum="30"/>
<action no="7" player="Tiuualex" type="3" discard="1" dealt="1" sum="30"/>
</round>
<round no="3"><cards type="Turn">D3</cards>
<action no="8" player="KOPKHUNKRAP" type="4" sum="0"/>
<action no="9" player="Tiuualex" type="4" discard="1" dealt="1" sum="0"/>
</round>
<round no="4"><cards type="River">H4</cards>
<action no="10" player="KOPKHUNKRAP" type="5" sum="120"/>
<action no="11" player="Tiuualex" type="3" discard="1" dealt="1" sum="120"/>
</round>
</game>
<game gamecode="6568493613"><general>
<startdate>2025-12-23 16:17:15</startdate>
<round>1</round>
<failsafecounter/>
<players><player seat="6" name="Pigstone" chips="550" dealer="0" win="0" bet="20" muck="1" rebuy="0" addon="0" merge="0" rebuychips="0" reg_code="5082892153"/>
<player seat="10" name="KOPKHUNKRAP" chips="650" dealer="1" win="50" bet="40" muck="1" rebuy="0" addon="0" merge="0" rebuychips="0" reg_code="5082893177"/>
<player seat="3" name="Tiuualex" chips="300" dealer="0" win="0" bet="10" muck="1" rebuy="0" addon="0" merge="0" rebuychips="0" reg_code="5082891990"/>
</players>
</general>
<round no="0"><action no="1" player="Tiuualex" type="1" discard="1" dealt="1" sum="10"/>
<action no="2" player="Pigstone" type="2" discard="1" dealt="1" sum="20"/>
</round>
<round no="1"><cards type="Pocket" player="Pigstone">X X</cards>
<cards type="Pocket" player="Tiuualex">X X</cards>
<cards type="Pocket" player="KOPKHUNKRAP">D10 DK</cards>
<action no="3" player="KOPKHUNKRAP" type="23" sum="40"/>
<action no="4" player="Tiuualex" type="0" discard="1" dealt="1" sum="0"/>
<action no="5" player="Pigstone" type="0" discard="1" dealt="1" sum="0"/>
</round>
</game>
<game gamecode="6568493633"><general>
<startdate>2025-12-23 16:17:26</startdate>
<round>1</round>
<failsafecounter/>
<players><player seat="10" name="KOPKHUNKRAP" chips="680" dealer="0" win="0" bet="35" muck="1" rebuy="0" addon="0" merge="0" rebuychips="0" reg_code="5082893177"/>
<player seat="3" name="Tiuualex" chips="290" dealer="1" win="615" bet="290" muck="0" rebuy="0" addon="0" merge="0" rebuychips="0" reg_code="5082891990"/>
<player seat="6" name="Pigstone" chips="530" dealer="0" win="0" bet="530" muck="1" rebuy="0" addon="0" merge="0" rebuychips="0" reg_code="5082892153"/>
</players>
</general>
<round no="0"><action no="1" player="Pigstone" type="15" discard="1" dealt="1" sum="5"/>
<action no="2" player="KOPKHUNKRAP" type="15" sum="5"/>
<action no="3" player="Tiuualex" type="15" discard="1" dealt="1" sum="5"/>
<action no="4" player="Pigstone" type="1" discard="1" dealt="1" sum="15"/>
<action no="5" player="KOPKHUNKRAP" type="2" sum="30"/>
</round>
<round no="1"><cards type="Pocket" player="Pigstone">SQ CK</cards>
<cards type="Pocket" player="Tiuualex">H7 CA</cards>
<cards type="Pocket" player="KOPKHUNKRAP">D2 HK</cards>
<action no="6" player="Tiuualex" type="23" discard="1" dealt="1" sum="285"/>
<action no="7" player="Pigstone" type="7" discard="1" dealt="1" sum="510"/>
<action no="8" player="KOPKHUNKRAP" type="0" sum="0"/>
</round>
<round no="2"><cards type="Flop">H8 H3 S10</cards>
</round>
<round no="3"><cards type="Turn">C3</cards>
</round>
<round no="4"><cards type="River">DJ</cards>
</round>
</game>
<game gamecode="6568493675"><general>
<startdate>2025-12-23 16:17:45</startdate>
<round>1</round>
<failsafecounter/>
<players><player seat="3" name="Tiuualex" chips="615" dealer="0" win="0" bet="35" muck="1" rebuy="0" addon="0" merge="0" rebuychips="0" reg_code="5082891990"/>
<player seat="6" name="Pigstone" chips="240" dealer="1" win="90" bet="240" muck="1" rebuy="0" addon="0" merge="0" rebuychips="0" reg_code="5082892153"/>
<player seat="10" name="KOPKHUNKRAP" chips="645" dealer="0" win="0" bet="20" muck="1" rebuy="0" addon="0" merge="0" rebuychips="0" reg_code="5082893177"/>
</players>
</general>
<round no="0"><action no="1" player="KOPKHUNKRAP" type="15" sum="5"/>
<action no="2" player="Tiuualex" type="15" discard="1" dealt="1" sum="5"/>
<action no="3" player="Pigstone" type="15" discard="1" dealt="1" sum="5"/>
<action no="4" player="KOPKHUNKRAP" type="1" sum="15"/>
<action no="5" player="Tiuualex" type="2" discard="1" dealt="1" sum="30"/>
</round>
<round no="1"><cards type="Pocket" player="Tiuualex">X X</cards>
<cards type="Pocket" player="KOPKHUNKRAP">HK H3</cards>
<cards type="Pocket" player="Pigstone">X X</cards>
<action no="6" player="Pigstone" type="23" discard="1" dealt="1" sum="235"/>
<action no="7" player="KOPKHUNKRAP" type="0" sum="0"/>
<action no="8" player="Tiuualex" type="0" discard="1" dealt="1" sum="0"/>
</round>
</game>
<game gamecode="6568493702"><general>
<startdate>2025-12-23 16:17:55</startdate>
<round>1</round>
<failsafecounter/>
<players><player seat="6" name="Pigstone" chips="295" dealer="0" win="0" bet="35" muck="1" rebuy="0" addon="0" merge="0" rebuychips="0" reg_code="5082892153"/>
<player seat="10" name="KOPKHUNKRAP" chips="625" dealer="1" win="0" bet="5" muck="1" rebuy="0" addon="0" merge="0" rebuychips="0" reg_code="5082893177"/>
<player seat="3" name="Tiuualex" chips="580" dealer="0" win="75" bet="95" muck="1" rebuy="0" addon="0" merge="0" rebuychips="0" reg_code="5082891990"/>
</players>
</general>
<round no="0"><action no="1" player="Tiuualex" type="15" discard="1" dealt="1" sum="5"/>
<action no="2" player="Pigstone" type="15" discard="1" dealt="1" sum="5"/>
<action no="3" player="KOPKHUNKRAP" type="15" sum="5"/>
<action no="4" player="Tiuualex" type="1" discard="1" dealt="1" sum="15"/>
<action no="5" player="Pigstone" type="2" discard="1" dealt="1" sum="30"/>
</round>
<round no="1"><cards type="Pocket" player="Tiuualex">X X</cards>
<cards type="Pocket" player="KOPKHUNKRAP">D5 DQ</cards>
<cards type="Pocket" player="Pigstone">X X</cards>
<action no="6" player="KOPKHUNKRAP" type="0" sum="0"/>
<action no="7" player="Tiuualex" type="3" discard="1" dealt="1" sum="15"/>
<action no="8" player="Pigstone" type="4" discard="1" dealt="1" sum="0"/>
</round>
<round no="2"><cards type="Flop">D9 D3 H5</cards>
<action no="9" player="Tiuualex" type="4" discard="1" dealt="1" sum="0"/>
<action no="10" player="Pigstone" type="4" discard="1" dealt="1" sum="0"/>
</round>
<round no="3"><cards type="Turn">S4</cards>
<action no="11" player="Tiuualex" type="5" discard="1" dealt="1" sum="60"/>
<action no="12" player="Pigstone" type="0" discard="1" dealt="1" sum="0"/>
</round>
</game>
<game gamecode="6568493764"><general>
<startdate>2025-12-23 16:18:23</startdate>
<round>1</round>
<failsafecounter/>
<players><player seat="10" name="KOPKHUNKRAP" chips="620" dealer="0" win="0" bet="35" muck="1" rebuy="0" addon="0" merge="0" rebuychips="0" reg_code="5082893177"/>
<player seat="3" name="Tiuualex" chips="620" dealer="1" win="0" bet="5" muck="1" rebuy="0" addon="0" merge="0" rebuychips="0" reg_code="5082891990"/>
<player seat="6" name="Pigstone" chips="260" dealer="0" win="75" bet="260" muck="1" rebuy="0" addon="0" merge="0" rebuychips="0" reg_code="5082892153"/>
</players>
</general>
<round no="0"><action no="1" player="Pigstone" type="15" discard="1" dealt="1" sum="5"/>
<action no="2" player="KOPKHUNKRAP" type="15" sum="5"/>
<action no="3" player="Tiuualex" type="15" discard="1" dealt="1" sum="5"/>
<action no="4" player="Pigstone" type="1" discard="1" dealt="1" sum="15"/>
<action no="5" player="KOPKHUNKRAP" type="2" sum="30"/>
</round>
<round no="1"><cards type="Pocket" player="KOPKHUNKRAP">H3 C2</cards>
<cards type="Pocket" player="Tiuualex">X X</cards>
<cards type="Pocket" player="Pigstone">X X</cards>
<action no="6" player="Tiuualex" type="0" discard="1" dealt="1" sum="0"/>
<action no="7" player="Pigstone" type="23" discard="1" dealt="1" sum="255"/>
<action no="8" player="KOPKHUNKRAP" type="0" sum="0"/>
</round>
</game>
<game gamecode="6568493792"><general>
<startdate>2025-12-23 16:18:37</startdate>
<round>1</round>
<failsafecounter/>
<players><player seat="3" name="Tiuualex" chips="615" dealer="0" win="0" bet="35" muck="1" rebuy="0" addon="0" merge="0" rebuychips="0" reg_code="5082891990"/>
<player seat="6" name="Pigstone" chips="300" dealer="1" win="0" bet="300" muck="0" rebuy="0" addon="0" merge="0" rebuychips="0" reg_code="5082892153"/>
<player seat="10" name="KOPKHUNKRAP" chips="585" dealer="0" win="635" bet="585" muck="0" rebuy="0" addon="0" merge="0" rebuychips="0" reg_code="5082893177"/>
</players>
</general>
<round no="0"><action no="1" player="KOPKHUNKRAP" type="15" sum="5"/>
<action no="2" player="Tiuualex" type="15" discard="1" dealt="1" sum="5"/>
<action no="3" player="Pigstone" type="15" discard="1" dealt="1" sum="5"/>
<action no="4" player="KOPKHUNKRAP" type="1" sum="15"/>
<action no="5" player="Tiuualex" type="2" discard="1" dealt="1" sum="30"/>
</round>
<round no="1"><cards type="Pocket" player="Pigstone">CA HQ</cards>
<cards type="Pocket" player="Tiuualex">X X</cards>
<cards type="Pocket" player="KOPKHUNKRAP">H9 S9</cards>
<action no="6" player="Pigstone" type="23" discard="1" dealt="1" sum="295"/>
<action no="7" player="KOPKHUNKRAP" type="23" sum="580"/>
<action no="8" player="Tiuualex" type="0" discard="1" dealt="1" sum="0"/>
</round>
<round no="2"><cards type="Flop">C10 H3 H2</cards>
</round>
<round no="3"><cards type="Turn">S8</cards>
</round>
<round no="4"><cards type="River">C8</cards>
</round>
</game>
<game gamecode="6568493838"><general>
<startdate>2025-12-23 16:18:57</startdate>
<round>1</round>
<failsafecounter/>
<players><player seat="3" name="Tiuualex" chips="580" dealer="0" win="40" bet="35" muck="1" rebuy="0" addon="0" merge="0" rebuychips="0" reg_code="5082891990"/>
<player seat="10" name="KOPKHUNKRAP" chips="920" dealer="1" win="0" bet="20" muck="1" rebuy="0" addon="0" merge="0" rebuychips="0" reg_code="5082893177"/>
</players>
</general>
<round no="0"><action no="1" player="KOPKHUNKRAP" type="15" sum="5"/>
<action no="2" player="Tiuualex" type="15" discard="1" dealt="1" sum="5"/>
<action no="3" player="KOPKHUNKRAP" type="1" sum="15"/>
<action no="4" player="Tiuualex" type="2" discard="1" dealt="1" sum="30"/>
</round>
<round no="1"><cards type="Pocket" player="KOPKHUNKRAP">C9 S3</cards>
<cards type="Pocket" player="Tiuualex">X X</cards>
<action no="5" player="KOPKHUNKRAP" type="0" sum="0"/>
</round>
</game>
<game gamecode="6568493847"><general>
<startdate>2025-12-23 16:19:02</startdate>
<round>1</round>
<failsafecounter/>
<players><player seat="10" name="KOPKHUNKRAP" chips="900" dealer="0" win="170" bet="85" muck="0" rebuy="0" addon="0" merge="0" rebuychips="0" reg_code="5082893177"/>
<player seat="3" name="Tiuualex" chips="600" dealer="1" win="0" bet="85" muck="1" rebuy="0" addon="0" merge="0" rebuychips="0" reg_code="5082891990"/>
</players>
</general>
<round no="0"><action no="1" player="Tiuualex" type="15" discard="1" dealt="1" sum="5"/>
<action no="2" player="KOPKHUNKRAP" type="15" sum="5"/>
<action no="3" player="Tiuualex" type="1" discard="1" dealt="1" sum="20"/>
<action no="4" player="KOPKHUNKRAP" type="2" sum="40"/>
</round>
<round no="1"><cards type="Pocket" player="Tiuualex">C2 DK</cards>
<cards type="Pocket" player="KOPKHUNKRAP">HJ H6</cards>
<action no="5" player="Tiuualex" type="3" discard="1" dealt="1" sum="20"/>
<action no="6" player="KOPKHUNKRAP" type="4" sum="0"/>
</round>
<round no="2"><cards type="Flop">DJ C8 S8</cards>
<action no="7" player="KOPKHUNKRAP" type="4" sum="0"/>
<action no="8" player="Tiuualex" type="4" discard="1" dealt="1" sum="0"/>
</round>
<round no="3"><cards type="Turn">S3</cards>
<action no="9" player="KOPKHUNKRAP" type="4" sum="0"/>
<action no="10" player="Tiuualex" type="4" discard="1" dealt="1" sum="0"/>
</round>
<round no="4"><cards type="River">S7</cards>
<action no="11" player="KOPKHUNKRAP" type="5" sum="40"/>
<action no="12" player="Tiuualex" type="3" discard="1" dealt="1" sum="40"/>
</round>
</game>
<game gamecode="6568493913"><general>
<startdate>2025-12-23 16:19:33</startdate>
<round>1</round>
<failsafecounter/>
<players><player seat="3" name="Tiuualex" chips="515" dealer="0" win="90" bet="135" muck="1" rebuy="0" addon="0" merge="0" rebuychips="0" reg_code="5082891990"/>
<player seat="10" name="KOPKHUNKRAP" chips="985" dealer="1" win="0" bet="45" muck="1" rebuy="0" addon="0" merge="0" rebuychips="0" reg_code="5082893177"/>
</players>
</general>
<round no="0"><action no="1" player="KOPKHUNKRAP" type="15" sum="5"/>
<action no="2" player="Tiuualex" type="15" discard="1" dealt="1" sum="5"/>
<action no="3" player="KOPKHUNKRAP" type="1" sum="20"/>
<action no="4" player="Tiuualex" type="2" discard="1" dealt="1" sum="40"/>
</round>
<round no="1"><cards type="Pocket" player="Tiuualex">X X</cards>
<cards type="Pocket" player="KOPKHUNKRAP">S7 S4</cards>
<action no="5" player="KOPKHUNKRAP" type="3" sum="20"/>
<action no="6" player="Tiuualex" type="4" discard="1" dealt="1" sum="0"/>
</round>
<round no="2"><cards type="Flop">H2 CA C9</cards>
<action no="7" player="Tiuualex" type="4" discard="1" dealt="1" sum="0"/>
<action no="8" player="KOPKHUNKRAP" type="4" sum="0"/>
</round>
<round no="3"><cards type="Turn">S10</cards>
<action no="9" player="Tiuualex" type="4" discard="1" dealt="1" sum="0"/>
<action no="10" player="KOPKHUNKRAP" type="4" sum="0"/>
</round>
<round no="4"><cards type="River">S5</cards>
<action no="11" player="Tiuualex" type="5" discard="1" dealt="1" sum="90"/>
<action no="12" player="KOPKHUNKRAP" type="0" sum="0"/>
</round>
</game>
<game gamecode="6568493973"><general>
<startdate>2025-12-23 16:20:01</startdate>
<round>1</round>
<failsafecounter/>
<players><player seat="10" name="KOPKHUNKRAP" chips="940" dealer="0" win="50" bet="45" muck="1" rebuy="0" addon="0" merge="0" rebuychips="0" reg_code="5082893177"/>
<player seat="3" name="Tiuualex" chips="560" dealer="1" win="0" bet="25" muck="1" rebuy="0" addon="0" merge="0" rebuychips="0" reg_code="5082891990"/>
</players>
</general>
<round no="0"><action no="1" player="Tiuualex" type="15" discard="1" dealt="1" sum="5"/>
<action no="2" player="KOPKHUNKRAP" type="15" sum="5"/>
<action no="3" player="Tiuualex" type="1" discard="1" dealt="1" sum="20"/>
<action no="4" player="KOPKHUNKRAP" type="2" sum="40"/>
</round>
<round no="1"><cards type="Pocket" player="KOPKHUNKRAP">D7 SA</cards>
<cards type="Pocket" player="Tiuualex">X X</cards>
<action no="5" player="Tiuualex" type="0" discard="1" dealt="1" sum="0"/>
</round>
</game>
<game gamecode="6568493985"><general>
<startdate>2025-12-23 16:20:06</startdate>
<round>1</round>
<failsafecounter/>
<players><player seat="3" name="Tiuualex" chips="535" dealer="0" win="90" bet="535" muck="1" rebuy="0" addon="0" merge="0" rebuychips="0" reg_code="5082891990"/>
<player seat="10" name="KOPKHUNKRAP" chips="965" dealer="1" win="0" bet="45" muck="1" rebuy="0" addon="0" merge="0" rebuychips="0" reg_code="5082893177"/>
</players>
</general>
<round no="0"><action no="1" player="KOPKHUNKRAP" type="15" sum="5"/>
<action no="2" player="Tiuualex" type="15" discard="1" dealt="1" sum="5"/>
<action no="3" player="KOPKHUNKRAP" type="1" sum="20"/>
<action no="4" player="Tiuualex" type="2" discard="1" dealt="1" sum="40"/>
</round>
<round no="1"><cards type="Pocket" player="KOPKHUNKRAP">HJ D8</cards>
<cards type="Pocket" player="Tiuualex">X X</cards>
<action no="5" player="KOPKHUNKRAP" type="3" sum="20"/>
<action no="6" player="Tiuualex" type="23" discard="1" dealt="1" sum="530"/>
<action no="7" player="KOPKHUNKRAP" type="0" sum="0"/>
</round>
</game>
<game gamecode="6568494015"><general>
<startdate>2025-12-23 16:20:21</startdate>
<round>1</round>
<failsafecounter/>
<players><player seat="10" name="KOPKHUNKRAP" chips="920" dealer="0" win="90" bet="185" muck="1" rebuy="0" addon="0" merge="0" rebuychips="0" reg_code="5082893177"/>
<player seat="3" name="Tiuualex" chips="580" dealer="1" win="0" bet="45" muck="1" rebuy="0" addon="0" merge="0" rebuychips="0" reg_code="5082891990"/>
</players>
</general>
<round no="0"><action no="1" player="Tiuualex" type="15" discard="1" dealt="1" sum="5"/>
<action no="2" player="KOPKHUNKRAP" type="15" sum="5"/>
<action no="3" player="Tiuualex" type="1" discard="1" dealt="1" sum="20"/>
<action no="4" player="KOPKHUNKRAP" type="2" sum="40"/>
</round>
<round no="1"><cards type="Pocket" player="Tiuualex">X X</cards>
<cards type="Pocket" player="KOPKHUNKRAP">D2 H8</cards>
<action no="5" player="Tiuualex" type="3" discard="1" dealt="1" sum="20"/>
<action no="6" player="KOPKHUNKRAP" type="23" sum="180"/>
<action no="7" player="Tiuualex" type="0" discard="1" dealt="1" sum="0"/>
</round>
</game>
<game gamecode="6568494048"><general>
<startdate>2025-12-23 16:20:34</startdate>
<round>1</round>
<failsafecounter/>
<players><player seat="3" name="Tiuualex" chips="535" dealer="0" win="90" bet="105" muck="1" rebuy="0" addon="0" merge="0" rebuychips="0" reg_code="5082891990"/>
<player seat="10" name="KOPKHUNKRAP" chips="965" dealer="1" win="0" bet="45" muck="1" rebuy="0" addon="0" merge="0" rebuychips="0" reg_code="5082893177"/>
</players>
</general>
<round no="0"><action no="1" player="KOPKHUNKRAP" type="15" sum="5"/>
<action no="2" player="Tiuualex" type="15" discard="1" dealt="1" sum="5"/>
<action no="3" player="KOPKHUNKRAP" type="1" sum="20"/>
<action no="4" player="Tiuualex" type="2" discard="1" dealt="1" sum="40"/>
</round>
<round no="1"><cards type="Pocket" player="Tiuualex">X X</cards>
<cards type="Pocket" player="KOPKHUNKRAP">C8 S6</cards>
<action no="5" player="KOPKHUNKRAP" type="3" sum="20"/>
<action no="6" player="Tiuualex" type="23" discard="1" dealt="1" sum="100"/>
<action no="7" player="KOPKHUNKRAP" type="0" sum="0"/>
</round>
</game>
<game gamecode="6568494077"><general>
<startdate>2025-12-23 16:20:50</startdate>
<round>1</round>
<failsafecounter/>
<players><player seat="10" name="KOPKHUNKRAP" chips="920" dealer="0" win="0" bet="65" muck="1" rebuy="0" addon="0" merge="0" rebuychips="0" reg_code="5082893177"/>
<player seat="3" name="Tiuualex" chips="580" dealer="1" win="130" bet="195" muck="1" rebuy="0" addon="0" merge="0" rebuychips="0" reg_code="5082891990"/>
</players>
</general>
<round no="0"><action no="1" player="Tiuualex" type="15" discard="1" dealt="1" sum="5"/>
<action no="2" player="KOPKHUNKRAP" type="15" sum="5"/>
<action no="3" player="Tiuualex" type="1" discard="1" dealt="1" sum="30"/>
<action no="4" player="KOPKHUNKRAP" type="2" sum="60"/>
</round>
<round no="1"><cards type="Pocket" player="Tiuualex">X X</cards>
<cards type="Pocket" player="KOPKHUNKRAP">C8 D5</cards>
<action no="5" player="Tiuualex" type="3" discard="1" dealt="1" sum="30"/>
<action no="6" player="KOPKHUNKRAP" type="4" sum="0"/>
</round>
<round no="2"><cards type="Flop">C9 S3 H3</cards>
<action no="7" player="KOPKHUNKRAP" type="4" sum="0"/>
<action no="8" player="Tiuualex" type="4" discard="1" dealt="1" sum="0"/>
</round>
<round no="3"><cards type="Turn">S8</cards>
<action no="9" player="KOPKHUNKRAP" type="4" sum="0"/>
<action no="10" player="Tiuualex" type="5" discard="1" dealt="1" sum="130"/>
<action no="11" player="KOPKHUNKRAP" type="0" sum="0"/>
</round>
</game>
<game gamecode="6568494162"><general>
<startdate>2025-12-23 16:21:25</startdate>
<round>1</round>
<failsafecounter/>
<players><player seat="3" name="Tiuualex" chips="645" dealer="0" win="0" bet="125" muck="1" rebuy="0" addon="0" merge="0" rebuychips="0" reg_code="5082891990"/>
<player seat="10" name="KOPKHUNKRAP" chips="855" dealer="1" win="250" bet="245" muck="1" rebuy="0" addon="0" merge="0" rebuychips="0" reg_code="5082893177"/>
</players>
</general>
<round no="0"><action no="1" player="KOPKHUNKRAP" type="15" sum="5"/>
<action no="2" player="Tiuualex" type="15" discard="1" dealt="1" sum="5"/>
<action no="3" player="KOPKHUNKRAP" type="1" sum="30"/>
<action no="4" player="Tiuualex" type="2" discard="1" dealt="1" sum="60"/>
</round>
<round no="1"><cards type="Pocket" player="Tiuualex">X X</cards>
<cards type="Pocket" player="KOPKHUNKRAP">SQ SJ</cards>
<action no="5" player="KOPKHUNKRAP" type="3" sum="30"/>
<action no="6" player="Tiuualex" type="4" discard="1" dealt="1" sum="0"/>
</round>
<round no="2"><cards type="Flop">CJ D10 DQ</cards>
<action no="7" player="Tiuualex" type="4" discard="1" dealt="1" sum="0"/>
<action no="8" player="KOPKHUNKRAP" type="5" sum="60"/>
<action no="9" player="Tiuualex" type="3" discard="1" dealt="1" sum="60"/>
</round>
<round no="3"><cards type="Turn">H4</cards>
<action no="10" player="Tiuualex" type="4" discard="1" dealt="1" sum="0"/>
<action no="11" player="KOPKHUNKRAP" type="5" sum="120"/>
<action no="12" player="Tiuualex" type="0" discard="1" dealt="1" sum="0"/>
</round>
</game>
<game gamecode="6568494233"><general>
<startdate>2025-12-23 16:21:54</startdate>
<round>1</round>
<failsafecounter/>
<players><player seat="10" name="KOPKHUNKRAP" chips="980" dealer="0" win="1,040" bet="520" muck="0" rebuy="0" addon="0" merge="0" rebuychips="0" reg_code="5082893177"/>
<player seat="3" name="Tiuualex" chips="520" dealer="1" win="0" bet="520" muck="0" rebuy="0" addon="0" merge="0" rebuychips="0" reg_code="5082891990"/>
</players>
</general>
<round no="0"><action no="1" player="Tiuualex" type="15" discard="1" dealt="1" sum="5"/>
<action no="2" player="KOPKHUNKRAP" type="15" sum="5"/>
<action no="3" player="Tiuualex" type="1" discard="1" dealt="1" sum="30"/>
<action no="4" player="KOPKHUNKRAP" type="2" sum="60"/>
</round>
<round no="1"><cards type="Pocket" player="Tiuualex">H2 DK</cards>
<cards type="Pocket" player="KOPKHUNKRAP">CJ SQ</cards>
<action no="5" player="Tiuualex" type="23" discard="1" dealt="1" sum="515"/>
<action no="6" player="KOPKHUNKRAP" type="3" sum="455"/>
</round>
<round no="2"><cards type="Flop">DJ C4 S8</cards>
</round>
<round no="3"><cards type="Turn">C8</cards>
</round>
<round no="4"><cards type="River">D3</cards>
</round>
</game>
</session>
