<?xml version="1.0" encoding="UTF-8"?>
<session sessioncode="5082792406">
<general>
<client_version>24.7.1.15</client_version>
<mode>real</mode>
<gametype>Holdem NL</gametype>
<tablename>Twister €200 SNG, 824520254</tablename>
<tournamentcode>824520253</tournamentcode>
<tournamentname>Twister €200 SNG</tournamentname>
<buyin>€0 + €12 + €188</buyin>
<totalbuyin>€200</totalbuyin>
<rewarddrawn>€400</rewarddrawn>
<tournamentcurrency>EUR</tournamentcurrency>
<currency>EUR</currency>
<nickname>KOPKHUNKRAP</nickname>
<gamecount>27</gamecount>
<startdate>2025-12-23 04:09:05</startdate>
<place>1</place>
<win>€400</win>
<tablesize>3</tablesize>
</general>
<game gamecode="6568113500"><general>
<startdate>2025-12-23 04:09:20</startdate>
<round>1</round>
<failsafecounter/>
<players><player seat="3" name="KOPKHUNKRAP" chips="500" dealer="0" win="0" bet="20" muck="1" rebuy="0" addon="0" merge="0" rebuychips="0" reg_code="5082792406"/>
<player seat="6" name="Aomanuahi" chips="500" dealer="1" win="100" bet="40" muck="0" rebuy="0" addon="0" merge="0" rebuychips="0" reg_code="5082792649"/>
<player seat="10" name="mi65" chips="500" dealer="0" win="0" bet="40" muck="1" rebuy="0" addon="0" merge="0" rebuychips="0" reg_code="5082792917"/>
</players>
</general>
<round no="0"><action no="1" player="mi65" type="1" discard="1" dealt="1" sum="10"/>
<action no="2" player="KOPKHUNKRAP" type="2" sum="20"/>
</round>
<round no="1"><cards type="Pocket" player="KOPKHUNKRAP">H4 D10</cards>
<cards type="Pocket" player="mi65">D2 D7</cards>
<cards type="Pocket" player="Aomanuahi">C6 H6</cards>
<action no="3" player="Aomanuahi" type="23" discard="1" dealt="1" sum="40"/>
<action no="4" player="mi65" type="3" discard="1" dealt="1" sum="30"/>
<action no="5" player="KOPKHUNKRAP" type="0" sum="0"/>
</round>
<round no="2"><cards type="Flop">SA S4 CK</cards>
<action no="6" player="mi65" type="4" discard="1" dealt="1" sum="0"/>
<action no="7" player="Aomanuahi" type="4" discard="1" dealt="1" sum="0"/>
</round>
<round no="3"><cards type="Turn">H8</cards>
<action no="8" player="mi65" type="4" discard="1" dealt="1" sum="0"/>
<action no="9" player="Aomanuahi" type="4" discard="1" dealt="1" sum="0"/>
</round>
<round no="4"><cards type="River">HQ</cards>
<action no="10" player="mi65" type="4" discard="1" dealt="1" sum="0"/>
<action no="11" player="Aomanuahi" type="4" discard="1" dealt="1" sum="0"/>
</round>
</game>
<game gamecode="6568113540"><general>
<startdate>2025-12-23 04:09:45</startdate>
<round>1</round>
<failsafecounter/>
<players><player seat="6" name="Aomanuahi" chips="560" dealer="0" win="40" bet="50" muck="1" rebuy="0" addon="0" merge="0" rebuychips="0" reg_code="5082792649"/>
<player seat="10" name="mi65" chips="460" dealer="1" win="0" bet="0" muck="1" rebuy="0" addon="0" merge="0" rebuychips="0" reg_code="5082792917"/>
<player seat="3" name="KOPKHUNKRAP" chips="480" dealer="0" win="0" bet="20" muck="1" rebuy="0" addon="0" merge="0" rebuychips="0" reg_code="5082792406"/>
</players>
</general>
<round no="0"><action no="1" player="KOPKHUNKRAP" type="1" sum="10"/>
<action no="2" player="Aomanuahi" type="2" discard="1" dealt="1" sum="20"/>
</round>
<round no="1"><cards type="Pocket" player="Aomanuahi">X X</cards>
<cards type="Pocket" player="mi65">X X</cards>
<cards type="Pocket" player="KOPKHUNKRAP">DK H3</cards>
<action no="3" player="mi65" type="0" discard="1" dealt="1" sum="0"/>
<action no="4" player="KOPKHUNKRAP" type="3" sum="10"/>
<action no="5" player="Aomanuahi" type="4" discard="1" dealt="1" sum="0"/>
</round>
<round no="2"><cards type="Flop">S10 D10 H5</cards>
<action no="6" player="KOPKHUNKRAP" type="4" sum="0"/>
<action no="7" player="Aomanuahi" type="4" discard="1" dealt="1" sum="0"/>
</round>
<round no="3"><cards type="Turn">CQ</cards>
<action no="8" player="KOPKHUNKRAP" type="4" sum="0"/>
<action no="9" player="Aomanuahi" type="5" discard="1" dealt="1" sum="30"/>
<action no="10" player="KOPKHUNKRAP" type="0" sum="0"/>
</round>
</game>
<game gamecode="6568116683"><general>
<startdate>2025-12-23 04:10:11</startdate>
<round>1</round>
<failsafecounter/>
<players><player seat="10" name="mi65" chips="460" dealer="0" win="20" bet="20" muck="1" rebuy="0" addon="0" merge="0" rebuychips="0" reg_code="5082792917"/>
<player seat="3" name="KOPKHUNKRAP" chips="460" dealer="1" win="0" bet="0" muck="1" rebuy="0" addon="0" merge="0" rebuychips="0" reg_code="5082792406"/>
<player seat="6" name="Aomanuahi" chips="580" dealer="0" win="0" bet="10" muck="1" rebuy="0" addon="0" merge="0" rebuychips="0" reg_code="5082792649"/>
</players>
</general>
<round no="0"><action no="1" player="Aomanuahi" type="1" discard="1" dealt="1" sum="10"/>
<action no="2" player="mi65" type="2" discard="1" dealt="1" sum="20"/>
</round>
<round no="1"><cards type="Pocket" player="Aomanuahi">X X</cards>
<cards type="Pocket" player="KOPKHUNKRAP">H5 D3</cards>
<cards type="Pocket" player="mi65">X X</cards>
<action no="3" player="KOPKHUNKRAP" type="0" sum="0"/>
<action no="4" player="Aomanuahi" type="0" discard="1" dealt="1" sum="0"/>
</round>
</game>
<game gamecode="6568116706"><general>
<startdate>2025-12-23 04:10:25</startdate>
<round>1</round>
<failsafecounter/>
<players><player seat="3" name="KOPKHUNKRAP" chips="460" dealer="0" win="0" bet="20" muck="1" rebuy="0" addon="0" merge="0" rebuychips="0" reg_code="5082792406"/>
<player seat="6" name="Aomanuahi" chips="570" dealer="1" win="0" bet="40" muck="1" rebuy="0" addon="0" merge="0" rebuychips="0" reg_code="5082792649"/>
<player seat="10" name="mi65" chips="470" dealer="0" win="100" bet="470" muck="1" rebuy="0" addon="0" merge="0" rebuychips="0" reg_code="5082792917"/>
</players>
</general>
<round no="0"><action no="1" player="mi65" type="1" discard="1" dealt="1" sum="10"/>
<action no="2" player="KOPKHUNKRAP" type="2" sum="20"/>
</round>
<round no="1"><cards type="Pocket" player="Aomanuahi">X X</cards>
<cards type="Pocket" player="KOPKHUNKRAP">D8 H4</cards>
<cards type="Pocket" player="mi65">X X</cards>
<action no="3" player="Aomanuahi" type="23" discard="1" dealt="1" sum="40"/>
<action no="4" player="mi65" type="23" discard="1" dealt="1" sum="470"/>
<action no="5" player="KOPKHUNKRAP" type="0" sum="0"/>
<action no="6" player="Aomanuahi" type="0" discard="1" dealt="1" sum="0"/>
</round>
</game>
<game gamecode="6568116727"><general>
<startdate>2025-12-23 04:10:44</startdate>
<round>1</round>
<failsafecounter/>
<players><player seat="6" name="Aomanuahi" chips="530" dealer="0" win="120" bet="96" muck="1" rebuy="0" addon="0" merge="0" rebuychips="0" reg_code="5082792649"/>
<player seat="10" name="mi65" chips="530" dealer="1" win="0" bet="0" muck="1" rebuy="0" addon="0" merge="0" rebuychips="0" reg_code="5082792917"/>
<player seat="3" name="KOPKHUNKRAP" chips="440" dealer="0" win="0" bet="60" muck="1" rebuy="0" addon="0" merge="0" rebuychips="0" reg_code="5082792406"/>
</players>
</general>
<round no="0"><action no="1" player="KOPKHUNKRAP" type="1" sum="10"/>
<action no="2" player="Aomanuahi" type="2" discard="1" dealt="1" sum="20"/>
</round>
<round no="1"><cards type="Pocket" player="KOPKHUNKRAP">H3 H5</cards>
<cards type="Pocket" player="Aomanuahi">X X</cards>
<cards type="Pocket" player="mi65">X X</cards>
<action no="3" player="mi65" type="0" discard="1" dealt="1" sum="0"/>
<action no="4" player="KOPKHUNKRAP" type="3" sum="10"/>
<action no="5" player="Aomanuahi" type="23" discard="1" dealt="1" sum="60"/>
<action no="6" player="KOPKHUNKRAP" type="3" sum="40"/>
</round>
<round no="2"><cards type="Flop">SK S9 CK</cards>
<action no="7" player="KOPKHUNKRAP" type="4" sum="0"/>
<action no="8" player="Aomanuahi" type="5" discard="1" dealt="1" sum="36"/>
<action no="9" player="KOPKHUNKRAP" type="0" sum="0"/>
</round>
</game>
<game gamecode="6568116769"><general>
<startdate>2025-12-23 04:11:24</startdate>
<round>1</round>
<failsafecounter/>
<players><player seat="10" name="mi65" chips="530" dealer="0" win="0" bet="35" muck="1" rebuy="0" addon="0" merge="0" rebuychips="0" reg_code="5082792917"/>
<player seat="3" name="KOPKHUNKRAP" chips="380" dealer="1" win="0" bet="5" muck="1" rebuy="0" addon="0" merge="0" rebuychips="0" reg_code="5082792406"/>
<player seat="6" name="Aomanuahi" chips="590" dealer="0" win="75" bet="95" muck="1" rebuy="0" addon="0" merge="0" rebuychips="0" reg_code="5082792649"/>
</players>
</general>
<round no="0"><action no="1" player="Aomanuahi" type="15" discard="1" dealt="1" sum="5"/>
<action no="2" player="mi65" type="15" discard="1" dealt="1" sum="5"/>
<action no="3" player="KOPKHUNKRAP" type="15" sum="5"/>
<action no="4" player="Aomanuahi" type="1" discard="1" dealt="1" sum="15"/>
<action no="5" player="mi65" type="2" discard="1" dealt="1" sum="30"/>
</round>
<round no="1"><cards type="Pocket" player="mi65">X X</cards>
<cards type="Pocket" player="Aomanuahi">X X</cards>
<cards type="Pocket" player="KOPKHUNKRAP">CQ S6</cards>
<action no="6" player="KOPKHUNKRAP" type="0" sum="0"/>
<action no="7" player="Aomanuahi" type="3" discard="1" dealt="1" sum="15"/>
<action no="8" player="mi65" type="4" discard="1" dealt="1" sum="0"/>
</round>
<round no="2"><cards type="Flop">C8 D7 HJ</cards>
<action no="9" player="Aomanuahi" type="5" discard="1" dealt="1" sum="60"/>
<action no="10" player="mi65" type="0" discard="1" dealt="1" sum="0"/>
</round>
</game>
<game gamecode="6568116790"><general>
<startdate>2025-12-23 04:11:41</startdate>
<round>1</round>
<failsafecounter/>
<players><player seat="3" name="KOPKHUNKRAP" chips="375" dealer="0" win="0" bet="35" muck="1" rebuy="0" addon="0" merge="0" rebuychips="0" reg_code="5082792406"/>
<player seat="6" name="Aomanuahi" chips="630" dealer="1" win="0" bet="5" muck="1" rebuy="0" addon="0" merge="0" rebuychips="0" reg_code="5082792649"/>
<player seat="10" name="mi65" chips="495" dealer="0" win="75" bet="495" muck="1" rebuy="0" addon="0" merge="0" rebuychips="0" reg_code="5082792917"/>
</players>
</general>
<round no="0"><action no="1" player="mi65" type="15" discard="1" dealt="1" sum="5"/>
<action no="2" player="KOPKHUNKRAP" type="15" sum="5"/>
<action no="3" player="Aomanuahi" type="15" discard="1" dealt="1" sum="5"/>
<action no="4" player="mi65" type="1" discard="1" dealt="1" sum="15"/>
<action no="5" player="KOPKHUNKRAP" type="2" sum="30"/>
</round>
<round no="1"><cards type="Pocket" player="KOPKHUNKRAP">D2 DJ</cards>
<cards type="Pocket" player="Aomanuahi">X X</cards>
<cards type="Pocket" player="mi65">X X</cards>
<action no="6" player="Aomanuahi" type="0" discard="1" dealt="1" sum="0"/>
<action no="7" player="mi65" type="23" discard="1" dealt="1" sum="490"/>
<action no="8" player="KOPKHUNKRAP" type="0" sum="0"/>
</round>
</game>
<game gamecode="6568116808"><general>
<startdate>2025-12-23 04:11:52</startdate>
<round>1</round>
<failsafecounter/>
<players><player seat="6" name="Aomanuahi" chips="625" dealer="0" win="0" bet="35" muck="1" rebuy="0" addon="0" merge="0" rebuychips="0" reg_code="5082792649"/>
<player seat="10" name="mi65" chips="535" dealer="1" win="105" bet="110" muck="1" rebuy="0" addon="0" merge="0" rebuychips="0" reg_code="5082792917"/>
<player seat="3" name="KOPKHUNKRAP" chips="340" dealer="0" win="0" bet="35" muck="1" rebuy="0" addon="0" merge="0" rebuychips="0" reg_code="5082792406"/>
</players>
</general>
<round no="0"><action no="1" player="KOPKHUNKRAP" type="15" sum="5"/>
<action no="2" player="Aomanuahi" type="15" discard="1" dealt="1" sum="5"/>
<action no="3" player="mi65" type="15" discard="1" dealt="1" sum="5"/>
<action no="4" player="KOPKHUNKRAP" type="1" sum="15"/>
<action no="5" player="Aomanuahi" type="2" discard="1" dealt="1" sum="30"/>
</round>
<round no="1"><cards type="Pocket" player="Aomanuahi">X X</cards>
<cards type="Pocket" player="mi65">X X</cards>
<cards type="Pocket" player="KOPKHUNKRAP">DJ C8</cards>
<action no="6" player="mi65" type="3" discard="1" dealt="1" sum="30"/>
<action no="7" player="KOPKHUNKRAP" type="3" sum="15"/>
<action no="8" player="Aomanuahi" type="4" discard="1" dealt="1" sum="0"/>
</round>
<round no="2"><cards type="Flop">DK HQ CA</cards>
<action no="9" player="KOPKHUNKRAP" type="4" sum="0"/>
<action no="10" player="Aomanuahi" type="4" discard="1" dealt="1" sum="0"/>
<action no="11" player="mi65" type="4" discard="1" dealt="1" sum="0"/>
</round>
<round no="3"><cards type="Turn">CK</cards>
<action no="12" player="KOPKHUNKRAP" type="4" sum="0"/>
<action no="13" player="Aomanuahi" type="4" discard="1" dealt="1" sum="0"/>
<action no="14" player="mi65" type="5" discard="1" dealt="1" sum="75"/>
<action no="15" player="KOPKHUNKRAP" type="0" sum="0"/>
<action no="16" player="Aomanuahi" type="0" discard="1" dealt="1" sum="0"/>
</round>
</game>
<game gamecode="6568116873"><general>
<startdate>2025-12-23 04:12:40</startdate>
<round>1</round>
<failsafecounter/>
<players><player seat="10" name="mi65" chips="605" dealer="0" win="0" bet="45" muck="1" rebuy="0" addon="0" merge="0" rebuychips="0" reg_code="5082792917"/>
<player seat="3" name="KOPKHUNKRAP" chips="305" dealer="1" win="0" bet="5" muck="1" rebuy="0" addon="0" merge="0" rebuychips="0" reg_code="5082792406"/>
<player seat="6" name="Aomanuahi" chips="590" dealer="0" win="95" bet="590" muck="1" rebuy="0" addon="0" merge="0" rebuychips="0" reg_code="5082792649"/>
</players>
</general>
<round no="0"><action no="1" player="Aomanuahi" type="15" discard="1" dealt="1" sum="5"/>
<action no="2" player="mi65" type="15" discard="1" dealt="1" sum="5"/>
<action no="3" player="KOPKHUNKRAP" type="15" sum="5"/>
<action no="4" player="Aomanuahi" type="1" discard="1" dealt="1" sum="20"/>
<action no="5" player="mi65" type="2" discard="1" dealt="1" sum="40"/>
</round>
<round no="1"><cards type="Pocket" player="KOPKHUNKRAP">H2 H4</cards>
<cards type="Pocket" player="Aomanuahi">X X</cards>
<cards type="Pocket" player="mi65">X X</cards>
<action no="6" player="KOPKHUNKRAP" type="0" sum="0"/>
<action no="7" player="Aomanuahi" type="23" discard="1" dealt="1" sum="585"/>
<action no="8" player="mi65" type="0" discard="1" dealt="1" sum="0"/>
</round>
</game>
<game gamecode="6568116883"><general>
<startdate>2025-12-23 04:12:48</startdate>
<round>1</round>
<failsafecounter/>
<players><player seat="3" name="KOPKHUNKRAP" chips="300" dealer="0" win="0" bet="45" muck="1" rebuy="0" addon="0" merge="0" rebuychips="0" reg_code="5082792406"/>
<player seat="6" name="Aomanuahi" chips="640" dealer="1" win="0" bet="5" muck="1" rebuy="0" addon="0" merge="0" rebuychips="0" reg_code="5082792649"/>
<player seat="10" name="mi65" chips="560" dealer="0" win="95" bet="125" muck="1" rebuy="0" addon="0" merge="0" rebuychips="0" reg_code="5082792917"/>
</players>
</general>
<round no="0"><action no="1" player="mi65" type="15" discard="1" dealt="1" sum="5"/>
<action no="2" player="KOPKHUNKRAP" type="15" sum="5"/>
<action no="3" player="Aomanuahi" type="15" discard="1" dealt="1" sum="5"/>
<action no="4" player="mi65" type="1" discard="1" dealt="1" sum="20"/>
<action no="5" player="KOPKHUNKRAP" type="2" sum="40"/>
</round>
<round no="1"><cards type="Pocket" player="Aomanuahi">X X</cards>
<cards type="Pocket" player="KOPKHUNKRAP">S2 HQ</cards>
<cards type="Pocket" player="mi65">X X</cards>
<action no="6" player="Aomanuahi" type="0" discard="1" dealt="1" sum="0"/>
<action no="7" player="mi65" type="23" discard="1" dealt="1" sum="120"/>
<action no="8" player="KOPKHUNKRAP" type="0" sum="0"/>
</round>
</game>
<game gamecode="6568116907"><general>
<startdate>2025-12-23 04:13:07</startdate>
<round>1</round>
<failsafecounter/>
<players><player seat="6" name="Aomanuahi" chips="635" dealer="0" win="0" bet="45" muck="1" rebuy="0" addon="0" merge="0" rebuychips="0" reg_code="5082792649"/>
<player seat="10" name="mi65" chips="610" dealer="1" win="0" bet="255" muck="1" rebuy="0" addon="0" merge="0" rebuychips="0" reg_code="5082792917"/>
<player seat="3" name="KOPKHUNKRAP" chips="255" dealer="0" win="555" bet="255" muck="0" rebuy="0" addon="0" merge="0" rebuychips="0" reg_code="5082792406"/>
</players>
</general>
<round no="0"><action no="1" player="KOPKHUNKRAP" type="15" sum="5"/>
<action no="2" player="Aomanuahi" type="15" discard="1" dealt="1" sum="5"/>
<action no="3" player="mi65" type="15" discard="1" dealt="1" sum="5"/>
<action no="4" player="KOPKHUNKRAP" type="1" sum="20"/>
<action no="5" player="Aomanuahi" type="2" discard="1" dealt="1" sum="40"/>
</round>
<round no="1"><cards type="Pocket" player="Aomanuahi">X X</cards>
<cards type="Pocket" player="KOPKHUNKRAP">D4 SA</cards>
<cards type="Pocket" player="mi65">D6 D10</cards>
<action no="6" player="mi65" type="23" discard="1" dealt="1" sum="80"/>
<action no="7" player="KOPKHUNKRAP" type="23" sum="250"/>
<action no="8" player="Aomanuahi" type="0" discard="1" dealt="1" sum="0"/>
<action no="9" player="mi65" type="3" discard="1" dealt="1" sum="170"/>
</round>
<round no="2"><cards type="Flop">H8 C6 C10</cards>
</round>
<round no="3"><cards type="Turn">DA</cards>
</round>
<round no="4"><cards type="River">HA</cards>
</round>
</game>
<game gamecode="6568116930"><general>
<startdate>2025-12-23 04:13:28</startdate>
<round>1</round>
<failsafecounter/>
<players><player seat="10" name="mi65" chips="355" dealer="0" win="0" bet="45" muck="1" rebuy="0" addon="0" merge="0" rebuychips="0" reg_code="5082792917"/>
<player seat="3" name="KOPKHUNKRAP" chips="555" dealer="1" win="1,155" bet="555" muck="0" rebuy="0" addon="0" merge="0" rebuychips="0" reg_code="5082792406"/>
<player seat="6" name="Aomanuahi" chips="590" dealer="0" win="0" bet="590" muck="1" rebuy="0" addon="0" merge="0" rebuychips="0" reg_code="5082792649"/>
</players>
</general>
<round no="0"><action no="1" player="Aomanuahi" type="15" discard="1" dealt="1" sum="5"/>
<action no="2" player="mi65" type="15" discard="1" dealt="1" sum="5"/>
<action no="3" player="KOPKHUNKRAP" type="15" sum="5"/>
<action no="4" player="Aomanuahi" type="1" discard="1" dealt="1" sum="20"/>
<action no="5" player="mi65" type="2" discard="1" dealt="1" sum="40"/>
</round>
<round no="1"><cards type="Pocket" player="KOPKHUNKRAP">CJ DA</cards>
<cards type="Pocket" player="Aomanuahi">DK HJ</cards>
<cards type="Pocket" player="mi65">X X</cards>
<action no="6" player="KOPKHUNKRAP" type="23" sum="550"/>
<action no="7" player="Aomanuahi" type="7" discard="1" dealt="1" sum="565"/>
<action no="8" player="mi65" type="0" discard="1" dealt="1" sum="0"/>
</round>
<round no="2"><cards type="Flop">D5 D2 D9</cards>
</round>
<round no="3"><cards type="Turn">S8</cards>
</round>
<round no="4"><cards type="River">C3</cards>
</round>
</game>
<game gamecode="6568116951"><general>
<startdate>2025-12-23 04:13:48</startdate>
<round>1</round>
<failsafecounter/>
<players><player seat="3" name="KOPKHUNKRAP" chips="1,155" dealer="0" win="125" bet="1,155" muck="0" rebuy="0" addon="0" merge="0" rebuychips="0" reg_code="5082792406"/>
<player seat="6" name="Aomanuahi" chips="35" dealer="1" win="0" bet="35" muck="1" rebuy="0" addon="0" merge="0" rebuychips="0" reg_code="5082792649"/>
<player seat="10" name="mi65" chips="310" dealer="0" win="0" bet="45" muck="1" rebuy="0" addon="0" merge="0" rebuychips="0" reg_code="5082792917"/>
</players>
</general>
<round no="0"><action no="1" player="mi65" type="15" discard="1" dealt="1" sum="5"/>
<action no="2" player="KOPKHUNKRAP" type="15" sum="5"/>
<action no="3" player="Aomanuahi" type="15" discard="1" dealt="1" sum="5"/>
<action no="4" player="mi65" type="1" discard="1" dealt="1" sum="20"/>
<action no="5" player="KOPKHUNKRAP" type="2" sum="40"/>
</round>
<round no="1"><cards type="Pocket" player="Aomanuahi">D9 H10</cards>
<cards type="Pocket" player="KOPKHUNKRAP">SA H7</cards>
<cards type="Pocket" player="mi65">X X</cards>
<action no="6" player="Aomanuahi" type="7" discard="1" dealt="1" sum="30"/>
<action no="7" player="mi65" type="3" discard="1" dealt="1" sum="20"/>
<action no="8" player="KOPKHUNKRAP" type="23" sum="1,150"/>
<action no="9" player="mi65" type="0" discard="1" dealt="1" sum="0"/>
</round>
<round no="2"><cards type="Flop">D8 D5 C3</cards>
</round>
<round no="3"><cards type="Turn">C4</cards>
</round>
<round no="4"><cards type="River">S4</cards>
</round>
</game>
<game gamecode="6568116972"><general>
<startdate>2025-12-23 04:14:07</startdate>
<round>1</round>
<failsafecounter/>
<players><player seat="3" name="KOPKHUNKRAP" chips="1,235" dealer="0" win="0" bet="265" muck="1" rebuy="0" addon="0" merge="0" rebuychips="0" reg_code="5082792406"/>
<player seat="10" name="mi65" chips="265" dealer="1" win="530" bet="265" muck="0" rebuy="0" addon="0" merge="0" rebuychips="0" reg_code="5082792917"/>
</players>
</general>
<round no="0"><action no="1" player="mi65" type="15" discard="1" dealt="1" sum="5"/>
<action no="2" player="KOPKHUNKRAP" type="15" sum="5"/>
<action no="3" player="mi65" type="1" discard="1" dealt="1" sum="20"/>
<action no="4" player="KOPKHUNKRAP" type="2" sum="40"/>
</round>
<round no="1"><cards type="Pocket" player="mi65">DK CJ</cards>
<cards type="Pocket" player="KOPKHUNKRAP">H8 CQ</cards>
<action no="5" player="mi65" type="23" discard="1" dealt="1" sum="260"/>
<action no="6" player="KOPKHUNKRAP" type="3" sum="220"/>
</round>
<round no="2"><cards type="Flop">S3 SK S2</cards>
</round>
<round no="3"><cards type="Turn">C2</cards>
</round>
<round no="4"><cards type="River">D10</cards>
</round>
</game>
<game gamecode="6568116988"><general>
<startdate>2025-12-23 04:14:24</startdate>
<round>1</round>
<failsafecounter/>
<players><player seat="10" name="mi65" chips="530" dealer="0" win="70" bet="65" muck="1" rebuy="0" addon="0" merge="0" rebuychips="0" reg_code="5082792917"/>
<player seat="3" name="KOPKHUNKRAP" chips="970" dealer="1" win="0" bet="35" muck="1" rebuy="0" addon="0" merge="0" rebuychips="0" reg_code="5082792406"/>
</players>
</general>
<round no="0"><action no="1" player="KOPKHUNKRAP" type="15" sum="5"/>
<action no="2" player="mi65" type="15" discard="1" dealt="1" sum="5"/>
<action no="3" player="KOPKHUNKRAP" type="1" sum="30"/>
<action no="4" player="mi65" type="2" discard="1" dealt="1" sum="60"/>
</round>
<round no="1"><cards type="Pocket" player="KOPKHUNKRAP">C9 D3</cards>
<cards type="Pocket" player="mi65">X X</cards>
<action no="5" player="KOPKHUNKRAP" type="0" sum="0"/>
</round>
</game>
<game gamecode="6568116995"><general>
<startdate>2025-12-23 04:14:31</startdate>
<round>1</round>
<failsafecounter/>
<players><player seat="3" name="KOPKHUNKRAP" chips="935" dealer="0" win="0" bet="65" muck="1" rebuy="0" addon="0" merge="0" rebuychips="0" reg_code="5082792406"/>
<player seat="10" name="mi65" chips="565" dealer="1" win="130" bet="130" muck="1" rebuy="0" addon="0" merge="0" rebuychips="0" reg_code="5082792917"/>
</players>
</general>
<round no="0"><action no="1" player="mi65" type="15" discard="1" dealt="1" sum="5"/>
<action no="2" player="KOPKHUNKRAP" type="15" sum="5"/>
<action no="3" player="mi65" type="1" discard="1" dealt="1" sum="30"/>
<action no="4" player="KOPKHUNKRAP" type="2" sum="60"/>
</round>
<round no="1"><cards type="Pocket" player="mi65">X X</cards>
<cards type="Pocket" player="KOPKHUNKRAP">C7 SJ</cards>
<action no="5" player="mi65" type="3" discard="1" dealt="1" sum="30"/>
<action no="6" player="KOPKHUNKRAP" type="4" sum="0"/>
</round>
<round no="2"><cards type="Flop">DK C8 C9</cards>
<action no="7" player="KOPKHUNKRAP" type="4" sum="0"/>
<action no="8" player="mi65" type="4" discard="1" dealt="1" sum="0"/>
</round>
<round no="3"><cards type="Turn">H2</cards>
<action no="9" player="KOPKHUNKRAP" type="4" sum="0"/>
<action no="10" player="mi65" type="5" discard="1" dealt="1" sum="65"/>
<action no="11" player="KOPKHUNKRAP" type="0" sum="0"/>
</round>
</game>
<game gamecode="6568117024"><general>
<startdate>2025-12-23 04:14:53</startdate>
<round>1</round>
<failsafecounter/>
<players><player seat="10" name="mi65" chips="630" dealer="0" win="250" bet="245" muck="1" rebuy="0" addon="0" merge="0" rebuychips="0" reg_code="5082792917"/>
<player seat="3" name="KOPKHUNKRAP" chips="870" dealer="1" win="0" bet="125" muck="1" rebuy="0" addon="0" merge="0" rebuychips="0" reg_code="5082792406"/>
</players>
</general>
<round no="0"><action no="1" player="KOPKHUNKRAP" type="15" sum="5"/>
<action no="2" player="mi65" type="15" discard="1" dealt="1" sum="5"/>
<action no="3" player="KOPKHUNKRAP" type="1" sum="30"/>
<action no="4" player="mi65" type="2" discard="1" dealt="1" sum="60"/>
</round>
<round no="1"><cards type="Pocket" player="mi65">X X</cards>
<cards type="Pocket" player="KOPKHUNKRAP">C10 HQ</cards>
<action no="5" player="KOPKHUNKRAP" type="3" sum="30"/>
<action no="6" player="mi65" type="23" discard="1" dealt="1" sum="120"/>
<action no="7" player="KOPKHUNKRAP" type="3" sum="60"/>
</round>
<round no="2"><cards type="Flop">H2 CK H5</cards>
<action no="8" player="mi65" type="5" discard="1" dealt="1" sum="120"/>
<action no="9" player="KOPKHUNKRAP" type="0" sum="0"/>
</round>
</game>
<game gamecode="6568117045"><general>
<startdate>2025-12-23 04:15:15</startdate>
<round>1</round>
<failsafecounter/>
<players><player seat="3" name="KOPKHUNKRAP" chips="745" dealer="0" win="130" bet="745" muck="1" rebuy="0" addon="0" merge="0" rebuychips="0" reg_code="5082792406"/>
<player seat="10" name="mi65" chips="755" dealer="1" win="0" bet="65" muck="1" rebuy="0" addon="0" merge="0" rebuychips="0" reg_code="5082792917"/>
</players>
</general>
<round no="0"><action no="1" player="mi65" type="15" discard="1" dealt="1" sum="5"/>
<action no="2" player="KOPKHUNKRAP" type="15" sum="5"/>
<action no="3" player="mi65" type="1" discard="1" dealt="1" sum="30"/>
<action no="4" player="KOPKHUNKRAP" type="2" sum="60"/>
</round>
<round no="1"><cards type="Pocket" player="mi65">X X</cards>
<cards type="Pocket" player="KOPKHUNKRAP">CA S8</cards>
<action no="5" player="mi65" type="3" discard="1" dealt="1" sum="30"/>
<action no="6" player="KOPKHUNKRAP" type="23" sum="740"/>
<action no="7" player="mi65" type="0" discard="1" dealt="1" sum="0"/>
</round>
</game>
<game gamecode="6568117055"><general>
<startdate>2025-12-23 04:15:23</startdate>
<round>1</round>
<failsafecounter/>
<players><player seat="10" name="mi65" chips="690" dealer="0" win="0" bet="65" muck="1" rebuy="0" addon="0" merge="0" rebuychips="0" reg_code="5082792917"/>
<player seat="3" name="KOPKHUNKRAP" chips="810" dealer="1" win="130" bet="195" muck="1" rebuy="0" addon="0" merge="0" rebuychips="0" reg_code="5082792406"/>
</players>
</general>
<round no="0"><action no="1" player="KOPKHUNKRAP" type="15" sum="5"/>
<action no="2" player="mi65" type="15" discard="1" dealt="1" sum="5"/>
<action no="3" player="KOPKHUNKRAP" type="1" sum="30"/>
<action no="4" player="mi65" type="2" discard="1" dealt="1" sum="60"/>
</round>
<round no="1"><cards type="Pocket" player="mi65">X X</cards>
<cards type="Pocket" player="KOPKHUNKRAP">S9 CK</cards>
<action no="5" player="KOPKHUNKRAP" type="3" sum="30"/>
<action no="6" player="mi65" type="4" discard="1" dealt="1" sum="0"/>
</round>
<round no="2"><cards type="Flop">DQ H6 H7</cards>
<action no="7" player="mi65" type="4" discard="1" dealt="1" sum="0"/>
<action no="8" player="KOPKHUNKRAP" type="4" sum="0"/>
</round>
<round no="3"><cards type="Turn">S10</cards>
<action no="9" player="mi65" type="4" discard="1" dealt="1" sum="0"/>
<action no="10" player="KOPKHUNKRAP" type="4" sum="0"/>
</round>
<round no="4"><cards type="River">DK</cards>
<action no="11" player="mi65" type="4" discard="1" dealt="1" sum="0"/>
<action no="12" player="KOPKHUNKRAP" type="5" sum="130"/>
<action no="13" player="mi65" type="0" discard="1" dealt="1" sum="0"/>
</round>
</game>
<game gamecode="6568117079"><general>
<startdate>2025-12-23 04:15:46</startdate>
<round>1</round>
<failsafecounter/>
<players><player seat="3" name="KOPKHUNKRAP" chips="875" dealer="0" win="70" bet="65" muck="1" rebuy="0" addon="0" merge="0" rebuychips="0" reg_code="5082792406"/>
<player seat="10" name="mi65" chips="625" dealer="1" win="0" bet="35" muck="1" rebuy="0" addon="0" merge="0" rebuychips="0" reg_code="5082792917"/>
</players>
</general>
<round no="0"><action no="1" player="mi65" type="15" discard="1" dealt="1" sum="5"/>
<action no="2" player="KOPKHUNKRAP" type="15" sum="5"/>
<action no="3" player="mi65" type="1" discard="1" dealt="1" sum="30"/>
<action no="4" player="KOPKHUNKRAP" type="2" sum="60"/>
</round>
<round no="1"><cards type="Pocket" player="KOPKHUNKRAP">SQ C7</cards>
<cards type="Pocket" player="mi65">X X</cards>
<action no="5" player="mi65" type="0" discard="1" dealt="1" sum="0"/>
</round>
</game>
<game gamecode="6568117084"><general>
<startdate>2025-12-23 04:15:52</startdate>
<round>1</round>
<failsafecounter/>
<players><player seat="10" name="mi65" chips="590" dealer="0" win="70" bet="65" muck="1" rebuy="0" addon="0" merge="0" rebuychips="0" reg_code="5082792917"/>
<player seat="3" name="KOPKHUNKRAP" chips="910" dealer="1" win="0" bet="35" muck="1" rebuy="0" addon="0" merge="0" rebuychips="0" reg_code="5082792406"/>
</players>
</general>
<round no="0"><action no="1" player="KOPKHUNKRAP" type="15" sum="5"/>
<action no="2" player="mi65" type="15" discard="1" dealt="1" sum="5"/>
<action no="3" player="KOPKHUNKRAP" type="1" sum="30"/>
<action no="4" player="mi65" type="2" discard="1" dealt="1" sum="60"/>
</round>
<round no="1"><cards type="Pocket" player="KOPKHUNKRAP">S4 D3</cards>
<cards type="Pocket" player="mi65">X X</cards>
<action no="5" player="KOPKHUNKRAP" type="0" sum="0"/>
</round>
</game>
<game gamecode="6568117090"><general>
<startdate>2025-12-23 04:15:58</startdate>
<round>1</round>
<failsafecounter/>
<players><player seat="3" name="KOPKHUNKRAP" chips="875" dealer="0" win="0" bet="65" muck="1" rebuy="0" addon="0" merge="0" rebuychips="0" reg_code="5082792406"/>
<player seat="10" name="mi65" chips="625" dealer="1" win="130" bet="125" muck="1" rebuy="0" addon="0" merge="0" rebuychips="0" reg_code="5082792917"/>
</players>
</general>
<round no="0"><action no="1" player="mi65" type="15" discard="1" dealt="1" sum="5"/>
<action no="2" player="KOPKHUNKRAP" type="15" sum="5"/>
<action no="3" player="mi65" type="1" discard="1" dealt="1" sum="30"/>
<action no="4" player="KOPKHUNKRAP" type="2" sum="60"/>
</round>
<round no="1"><cards type="Pocket" player="mi65">X X</cards>
<cards type="Pocket" player="KOPKHUNKRAP">C4 D9</cards>
<action no="5" player="mi65" type="3" discard="1" dealt="1" sum="30"/>
<action no="6" player="KOPKHUNKRAP" type="4" sum="0"/>
</round>
<round no="2"><cards type="Flop">C8 H2 HQ</cards>
<action no="7" player="KOPKHUNKRAP" type="4" sum="0"/>
<action no="8" player="mi65" type="5" discard="1" dealt="1" sum="60"/>
<action no="9" player="KOPKHUNKRAP" type="0" sum="0"/>
</round>
</game>
<game gamecode="6568117099"><general>
<startdate>2025-12-23 04:16:10</startdate>
<round>1</round>
<failsafecounter/>
<players><player seat="10" name="mi65" chips="690" dealer="0" win="176" bet="248" muck="1" rebuy="0" addon="0" merge="0" rebuychips="0" reg_code="5082792917"/>
<player seat="3" name="KOPKHUNKRAP" chips="810" dealer="1" win="0" bet="88" muck="1" rebuy="0" addon="0" merge="0" rebuychips="0" reg_code="5082792406"/>
</players>
</general>
<round no="0"><action no="1" player="KOPKHUNKRAP" type="15" sum="8"/>
<action no="2" player="mi65" type="15" discard="1" dealt="1" sum="8"/>
<action no="3" player="KOPKHUNKRAP" type="1" sum="40"/>
<action no="4" player="mi65" type="2" discard="1" dealt="1" sum="80"/>
</round>
<round no="1"><cards type="Pocket" player="mi65">X X</cards>
<cards type="Pocket" player="KOPKHUNKRAP">C8 C3</cards>
<action no="5" player="KOPKHUNKRAP" type="3" sum="40"/>
<action no="6" player="mi65" type="23" discard="1" dealt="1" sum="240"/>
<action no="7" player="KOPKHUNKRAP" type="0" sum="0"/>
</round>
</game>
<game gamecode="6568117107"><general>
<startdate>2025-12-23 04:16:21</startdate>
<round>1</round>
<failsafecounter/>
<players><player seat="3" name="KOPKHUNKRAP" chips="722" dealer="0" win="176" bet="722" muck="1" rebuy="0" addon="0" merge="0" rebuychips="0" reg_code="5082792406"/>
<player seat="10" name="mi65" chips="778" dealer="1" win="0" bet="88" muck="1" rebuy="0" addon="0" merge="0" rebuychips="0" reg_code="5082792917"/>
</players>
</general>
<round no="0"><action no="1" player="mi65" type="15" discard="1" dealt="1" sum="8"/>
<action no="2" player="KOPKHUNKRAP" type="15" sum="8"/>
<action no="3" player="mi65" type="1" discard="1" dealt="1" sum="40"/>
<action no="4" player="KOPKHUNKRAP" type="2" sum="80"/>
</round>
<round no="1"><cards type="Pocket" player="mi65">X X</cards>
<cards type="Pocket" player="KOPKHUNKRAP">D9 H9</cards>
<action no="5" player="mi65" type="3" discard="1" dealt="1" sum="40"/>
<action no="6" player="KOPKHUNKRAP" type="23" sum="714"/>
<action no="7" player="mi65" type="0" discard="1" dealt="1" sum="0"/>
</round>
</game>
<game gamecode="6568117114"><general>
<startdate>2025-12-23 04:16:31</startdate>
<round>1</round>
<failsafecounter/>
<players><player seat="10" name="mi65" chips="690" dealer="0" win="0" bet="88" muck="1" rebuy="0" addon="0" merge="0" rebuychips="0" reg_code="5082792917"/>
<player seat="3" name="KOPKHUNKRAP" chips="810" dealer="1" win="176" bet="810" muck="1" rebuy="0" addon="0" merge="0" rebuychips="0" reg_code="5082792406"/>
</players>
</general>
<round no="0"><action no="1" player="KOPKHUNKRAP" type="15" sum="8"/>
<action no="2" player="mi65" type="15" discard="1" dealt="1" sum="8"/>
<action no="3" player="KOPKHUNKRAP" type="1" sum="40"/>
<action no="4" player="mi65" type="2" discard="1" dealt="1" sum="80"/>
</round>
<round no="1"><cards type="Pocket" player="KOPKHUNKRAP">S10 DQ</cards>
<cards type="Pocket" player="mi65">X X</cards>
<action no="5" player="KOPKHUNKRAP" type="23" sum="802"/>
<action no="6" player="mi65" type="0" discard="1" dealt="1" sum="0"/>
</round>
</game>
<game gamecode="6568117124"><general>
<startdate>2025-12-23 04:16:42</startdate>
<round>1</round>
<failsafecounter/>
<players><player seat="3" name="KOPKHUNKRAP" chips="898" dealer="0" win="0" bet="88" muck="1" rebuy="0" addon="0" merge="0" rebuychips="0" reg_code="5082792406"/>
<player seat="10" name="mi65" chips="602" dealer="1" win="176" bet="168" muck="1" rebuy="0" addon="0" merge="0" rebuychips="0" reg_code="5082792917"/>
</players>
</general>
<round no="0"><action no="1" player="mi65" type="15" discard="1" dealt="1" sum="8"/>
<action no="2" player="KOPKHUNKRAP" type="15" sum="8"/>
<action no="3" player="mi65" type="1" discard="1" dealt="1" sum="40"/>
<action no="4" player="KOPKHUNKRAP" type="2" sum="80"/>
</round>
<round no="1"><cards type="Pocket" player="KOPKHUNKRAP">C5 D2</cards>
<cards type="Pocket" player="mi65">X X</cards>
<action no="5" player="mi65" type="3" discard="1" dealt="1" sum="40"/>
<action no="6" player="KOPKHUNKRAP" type="4" sum="0"/>
</round>
<round no="2"><cards type="Flop">D5 DJ D9</cards>
<action no="7" player="KOPKHUNKRAP" type="4" sum="0"/>
<action no="8" player="mi65" type="4" discard="1" dealt="1" sum="0"/>
</round>
<round no="3"><cards type="Turn">HA</cards>
<action no="9" player="KOPKHUNKRAP" type="4" sum="0"/>
<action no="10" player="mi65" type="5" discard="1" dealt="1" sum="80"/>
<action no="11" player="KOPKHUNKRAP" type="0" sum="0"/>
</round>
</game>
<game gamecode="6568117147"><general>
<startdate>2025-12-23 04:17:04</startdate>
<round>1</round>
<failsafecounter/>
<players><player seat="10" name="mi65" chips="690" dealer="0" win="0" bet="690" muck="1" rebuy="0" addon="0" merge="0" rebuychips="0" reg_code="5082792917"/>
<player seat="3" name="KOPKHUNKRAP" chips="810" dealer="1" win="1,380" bet="810" muck="0" rebuy="0" addon="0" merge="0" rebuychips="0" reg_code="5082792406"/>
</players>
</general>
<round no="0"><action no="1" player="KOPKHUNKRAP" type="15" sum="8"/>
<action no="2" player="mi65" type="15" discard="1" dealt="1" sum="8"/>
<action no="3" player="KOPKHUNKRAP" type="1" sum="40"/>
<action no="4" player="mi65" type="2" discard="1" dealt="1" sum="80"/>
</round>
<round no="1"><cards type="Pocket" player="mi65">SA H9</cards>
<cards type="Pocket" player="KOPKHUNKRAP">S6 C6</cards>
<action no="5" player="KOPKHUNKRAP" type="23" sum="802"/>
<action no="6" player="mi65" type="7" discard="1" dealt="1" sum="602"/>
</round>
<round no="2"><cards type="Flop">H8 C4 D2</cards>
</round>
<round no="3"><cards type="Turn">H7</cards>
</round>
<round no="4"><cards type="River">CQ</cards>
</round>
</game>
</session>
