<?xml version="1.0" encoding="UTF-8"?>
<session sessioncode="5082900449">
<general>
<client_version>25.7.1.50</client_version>
<mode>real</mode>
<gametype>Holdem NL</gametype>
<tablename>Twister €200 SNG, 824554085</tablename>
<tournamentcode>824554084</tournamentcode>
<tournamentname>Twister €200 SNG</tournamentname>
<buyin>€0 + €12 + €188</buyin>
<totalbuyin>€200</totalbuyin>
<rewarddrawn>€1000</rewarddrawn>
<tournamentcurrency>EUR</tournamentcurrency>
<currency>EUR</currency>
<nickname>KOPKHUNKRAP</nickname>
<gamecount>27</gamecount>
<startdate>2025-12-23 16:40:52</startdate>
<place>1</place>
<win>€750</win>
<tablesize>3</tablesize>
</general>
<game gamecode="6568517185"><general>
<startdate>2025-12-23 16:41:12</startdate>
<round>1</round>
<failsafecounter/>
<players><player seat="6" name="G10P4Z" chips="500" dealer="0" win="20" bet="20" muck="1" rebuy="0" addon="0" merge="0" rebuychips="0" reg_code="5082900227"/>
<player seat="10" name="KOPKHUNKRAP" chips="500" dealer="1" win="0" bet="0" muck="1" rebuy="0" addon="0" merge="0" rebuychips="0" reg_code="5082900449"/>
<player seat="3" name="Tiuualex" chips="500" dealer="0" win="0" bet="10" muck="1" rebuy="0" addon="0" merge="0" rebuychips="0" reg_code="5082899441"/>
</players>
</general>
<round no="0"><action no="1" player="Tiuualex" type="1" discard="1" dealt="1" sum="10"/>
<action no="2" player="G10P4Z" type="2" discard="1" dealt="1" sum="20"/>
</round>
<round no="1"><cards type="Pocket" player="Tiuualex">X X</cards>
<cards type="Pocket" player="KOPKHUNKRAP">H7 C5</cards>
<cards type="Pocket" player="G10P4Z">X X</cards>
<action no="3" player="KOPKHUNKRAP" type="0" sum="0"/>
<action no="4" player="Tiuualex" type="0" discard="1" dealt="1" sum="0"/>
</round>
</game>
<game gamecode="6568517221"><general>
<startdate>2025-12-23 16:41:27</startdate>
<round>1</round>
<failsafecounter/>
<players><player seat="10" name="KOPKHUNKRAP" chips="500" dealer="0" win="384" bet="500" muck="1" rebuy="0" addon="0" merge="0" rebuychips="0" reg_code="5082900449"/>
<player seat="3" name="Tiuualex" chips="490" dealer="1" win="0" bet="0" muck="1" rebuy="0" addon="0" merge="0" rebuychips="0" reg_code="5082899441"/>
<player seat="6" name="G10P4Z" chips="510" dealer="0" win="0" bet="192" muck="1" rebuy="0" addon="0" merge="0" rebuychips="0" reg_code="5082900227"/>
</players>
</general>
<round no="0"><action no="1" player="G10P4Z" type="1" discard="1" dealt="1" sum="10"/>
<action no="2" player="KOPKHUNKRAP" type="2" sum="20"/>
</round>
<round no="1"><cards type="Pocket" player="KOPKHUNKRAP">DK DQ</cards>
<cards type="Pocket" player="Tiuualex">X X</cards>
<cards type="Pocket" player="G10P4Z">X X</cards>
<action no="3" player="Tiuualex" type="0" discard="1" dealt="1" sum="0"/>
<action no="4" player="G10P4Z" type="23" discard="1" dealt="1" sum="40"/>
<action no="5" player="KOPKHUNKRAP" type="3" sum="20"/>
</round>
<round no="2"><cards type="Flop">C6 S9 HQ</cards>
<action no="6" player="G10P4Z" type="5" discard="1" dealt="1" sum="40"/>
<action no="7" player="KOPKHUNKRAP" type="3" sum="40"/>
</round>
<round no="3"><cards type="Turn">C2</cards>
<action no="8" player="G10P4Z" type="5" discard="1" dealt="1" sum="112"/>
<action no="9" player="KOPKHUNKRAP" type="3" sum="112"/>
</round>
<round no="4"><cards type="River">S3</cards>
<action no="10" player="G10P4Z" type="4" discard="1" dealt="1" sum="0"/>
<action no="11" player="KOPKHUNKRAP" type="5" sum="308"/>
<action no="12" player="G10P4Z" type="0" discard="1" dealt="1" sum="0"/>
</round>
</game>
<game gamecode="6568517350"><general>
<startdate>2025-12-23 16:42:29</startdate>
<round>1</round>
<failsafecounter/>
<players><player seat="3" name="Tiuualex" chips="490" dealer="0" win="20" bet="20" muck="1" rebuy="0" addon="0" merge="0" rebuychips="0" reg_code="5082899441"/>
<player seat="6" name="G10P4Z" chips="318" dealer="1" win="0" bet="0" muck="1" rebuy="0" addon="0" merge="0" rebuychips="0" reg_code="5082900227"/>
<player seat="10" name="KOPKHUNKRAP" chips="692" dealer="0" win="0" bet="10" muck="1" rebuy="0" addon="0" merge="0" rebuychips="0" reg_code="5082900449"/>
</players>
</general>
<round no="0"><action no="1" player="KOPKHUNKRAP" type="1" sum="10"/>
<action no="2" player="Tiuualex" type="2" discard="1" dealt="1" sum="20"/>
</round>
<round no="1"><cards type="Pocket" player="KOPKHUNKRAP">C3 HQ</cards>
<cards type="Pocket" player="G10P4Z">X X</cards>
<cards type="Pocket" player="Tiuualex">X X</cards>
<action no="3" player="G10P4Z" type="0" discard="1" dealt="1" sum="0"/>
<action no="4" player="KOPKHUNKRAP" type="0" sum="0"/>
</round>
</game>
<game gamecode="6568517373"><general>
<startdate>2025-12-23 16:42:38</startdate>
<round>1</round>
<failsafecounter/>
<players><player seat="6" name="G10P4Z" chips="318" dealer="0" win="636" bet="318" muck="0" rebuy="0" addon="0" merge="0" rebuychips="0" reg_code="5082900227"/>
<player seat="10" name="KOPKHUNKRAP" chips="682" dealer="1" win="0" bet="0" muck="1" rebuy="0" addon="0" merge="0" rebuychips="0" reg_code="5082900449"/>
<player seat="3" name="Tiuualex" chips="500" dealer="0" win="0" bet="318" muck="1" rebuy="0" addon="0" merge="0" rebuychips="0" reg_code="5082899441"/>
</players>
</general>
<round no="0"><action no="1" player="Tiuualex" type="1" discard="1" dealt="1" sum="10"/>
<action no="2" player="G10P4Z" type="2" discard="1" dealt="1" sum="20"/>
</round>
<round no="1"><cards type="Pocket" player="KOPKHUNKRAP">C3 HQ</cards>
<cards type="Pocket" player="Tiuualex">SJ CK</cards>
<cards type="Pocket" player="G10P4Z">S8 HK</cards>
<action no="3" player="KOPKHUNKRAP" type="0" sum="0"/>
<action no="4" player="Tiuualex" type="23" discard="1" dealt="1" sum="40"/>
<action no="5" player="G10P4Z" type="23" discard="1" dealt="1" sum="318"/>
<action no="6" player="Tiuualex" type="3" discard="1" dealt="1" sum="278"/>
</round>
<round no="2"><cards type="Flop">S7 D8 D4</cards>
</round>
<round no="3"><cards type="Turn">HA</cards>
</round>
<round no="4"><cards type="River">C8</cards>
</round>
</game>
<game gamecode="6568517432"><general>
<startdate>2025-12-23 16:43:00</startdate>
<round>1</round>
<failsafecounter/>
<players><player seat="10" name="KOPKHUNKRAP" chips="682" dealer="0" win="20" bet="20" muck="1" rebuy="0" addon="0" merge="0" rebuychips="0" reg_code="5082900449"/>
<player seat="3" name="Tiuualex" chips="182" dealer="1" win="0" bet="0" muck="1" rebuy="0" addon="0" merge="0" rebuychips="0" reg_code="5082899441"/>
<player seat="6" name="G10P4Z" chips="636" dealer="0" win="0" bet="10" muck="1" rebuy="0" addon="0" merge="0" rebuychips="0" reg_code="5082900227"/>
</players>
</general>
<round no="0"><action no="1" player="G10P4Z" type="1" discard="1" dealt="1" sum="10"/>
<action no="2" player="KOPKHUNKRAP" type="2" sum="20"/>
</round>
<round no="1"><cards type="Pocket" player="G10P4Z">X X</cards>
<cards type="Pocket" player="KOPKHUNKRAP">CK D10</cards>
<cards type="Pocket" player="Tiuualex">X X</cards>
<action no="3" player="Tiuualex" type="0" discard="1" dealt="1" sum="0"/>
<action no="4" player="G10P4Z" type="0" discard="1" dealt="1" sum="0"/>
</round>
</game>
<game gamecode="6568517451"><general>
<startdate>2025-12-23 16:43:06</startdate>
<round>1</round>
<failsafecounter/>
<players><player seat="3" name="Tiuualex" chips="182" dealer="0" win="0" bet="182" muck="0" rebuy="0" addon="0" merge="0" rebuychips="0" reg_code="5082899441"/>
<player seat="6" name="G10P4Z" chips="626" dealer="1" win="0" bet="0" muck="1" rebuy="0" addon="0" merge="0" rebuychips="0" reg_code="5082900227"/>
<player seat="10" name="KOPKHUNKRAP" chips="692" dealer="0" win="364" bet="692" muck="0" rebuy="0" addon="0" merge="0" rebuychips="0" reg_code="5082900449"/>
</players>
</general>
<round no="0"><action no="1" player="KOPKHUNKRAP" type="1" sum="10"/>
<action no="2" player="Tiuualex" type="2" discard="1" dealt="1" sum="20"/>
</round>
<round no="1"><cards type="Pocket" player="KOPKHUNKRAP">CQ D10</cards>
<cards type="Pocket" player="Tiuualex">HQ H7</cards>
<cards type="Pocket" player="G10P4Z">X X</cards>
<action no="3" player="G10P4Z" type="0" discard="1" dealt="1" sum="0"/>
<action no="4" player="KOPKHUNKRAP" type="23" sum="692"/>
<action no="5" player="Tiuualex" type="7" discard="1" dealt="1" sum="162"/>
</round>
<round no="2"><cards type="Flop">SQ S8 SJ</cards>
</round>
<round no="3"><cards type="Turn">HK</cards>
</round>
<round no="4"><cards type="River">H5</cards>
</round>
</game>
<game gamecode="6568517503"><general>
<startdate>2025-12-23 16:43:27</startdate>
<round>1</round>
<failsafecounter/>
<players><player seat="6" name="G10P4Z" chips="626" dealer="0" win="214" bet="626" muck="1" rebuy="0" addon="0" merge="0" rebuychips="0" reg_code="5082900227"/>
<player seat="10" name="KOPKHUNKRAP" chips="874" dealer="1" win="0" bet="107" muck="1" rebuy="0" addon="0" merge="0" rebuychips="0" reg_code="5082900449"/>
</players>
</general>
<round no="0"><action no="1" player="KOPKHUNKRAP" type="15" sum="5"/>
<action no="2" player="G10P4Z" type="15" discard="1" dealt="1" sum="5"/>
<action no="3" player="KOPKHUNKRAP" type="1" sum="15"/>
<action no="4" player="G10P4Z" type="2" discard="1" dealt="1" sum="30"/>
</round>
<round no="1"><cards type="Pocket" player="G10P4Z">X X</cards>
<cards type="Pocket" player="KOPKHUNKRAP">D10 CA</cards>
<action no="5" player="KOPKHUNKRAP" type="23" sum="60"/>
<action no="6" player="G10P4Z" type="3" discard="1" dealt="1" sum="30"/>
</round>
<round no="2"><cards type="Flop">CQ S5 CJ</cards>
<action no="7" player="G10P4Z" type="4" discard="1" dealt="1" sum="0"/>
<action no="8" player="KOPKHUNKRAP" type="4" sum="0"/>
</round>
<round no="3"><cards type="Turn">DJ</cards>
<action no="9" player="G10P4Z" type="4" discard="1" dealt="1" sum="0"/>
<action no="10" player="KOPKHUNKRAP" type="5" sum="42"/>
<action no="11" player="G10P4Z" type="3" discard="1" dealt="1" sum="42"/>
</round>
<round no="4"><cards type="River">SJ</cards>
<action no="12" player="G10P4Z" type="5" discard="1" dealt="1" sum="519"/>
<action no="13" player="KOPKHUNKRAP" type="0" sum="0"/>
</round>
</game>
<game gamecode="6568517585"><general>
<startdate>2025-12-23 16:44:01</startdate>
<round>1</round>
<failsafecounter/>
<players><player seat="10" name="KOPKHUNKRAP" chips="767" dealer="0" win="40" bet="35" muck="1" rebuy="0" addon="0" merge="0" rebuychips="0" reg_code="5082900449"/>
<player seat="6" name="G10P4Z" chips="733" dealer="1" win="0" bet="20" muck="1" rebuy="0" addon="0" merge="0" rebuychips="0" reg_code="5082900227"/>
</players>
</general>
<round no="0"><action no="1" player="G10P4Z" type="15" discard="1" dealt="1" sum="5"/>
<action no="2" player="KOPKHUNKRAP" type="15" sum="5"/>
<action no="3" player="G10P4Z" type="1" discard="1" dealt="1" sum="15"/>
<action no="4" player="KOPKHUNKRAP" type="2" sum="30"/>
</round>
<round no="1"><cards type="Pocket" player="KOPKHUNKRAP">H5 CJ</cards>
<cards type="Pocket" player="G10P4Z">X X</cards>
<action no="5" player="G10P4Z" type="0" discard="1" dealt="1" sum="0"/>
</round>
</game>
<game gamecode="6568517609"><general>
<startdate>2025-12-23 16:44:10</startdate>
<round>1</round>
<failsafecounter/>
<players><player seat="6" name="G10P4Z" chips="713" dealer="0" win="40" bet="35" muck="1" rebuy="0" addon="0" merge="0" rebuychips="0" reg_code="5082900227"/>
<player seat="10" name="KOPKHUNKRAP" chips="787" dealer="1" win="0" bet="20" muck="1" rebuy="0" addon="0" merge="0" rebuychips="0" reg_code="5082900449"/>
</players>
</general>
<round no="0"><action no="1" player="KOPKHUNKRAP" type="15" sum="5"/>
<action no="2" player="G10P4Z" type="15" discard="1" dealt="1" sum="5"/>
<action no="3" player="KOPKHUNKRAP" type="1" sum="15"/>
<action no="4" player="G10P4Z" type="2" discard="1" dealt="1" sum="30"/>
</round>
<round no="1"><cards type="Pocket" player="G10P4Z">X X</cards>
<cards type="Pocket" player="KOPKHUNKRAP">S10 H10</cards>
<action no="5" player="KOPKHUNKRAP" type="0" sum="0"/>
</round>
</game>
<game gamecode="6568517662"><general>
<startdate>2025-12-23 16:44:31</startdate>
<round>1</round>
<failsafecounter/>
<players><player seat="10" name="KOPKHUNKRAP" chips="767" dealer="0" win="0" bet="65" muck="1" rebuy="0" addon="0" merge="0" rebuychips="0" reg_code="5082900449"/>
<player seat="6" name="G10P4Z" chips="733" dealer="1" win="130" bet="125" muck="1" rebuy="0" addon="0" merge="0" rebuychips="0" reg_code="5082900227"/>
</players>
</general>
<round no="0"><action no="1" player="G10P4Z" type="15" discard="1" dealt="1" sum="5"/>
<action no="2" player="KOPKHUNKRAP" type="15" sum="5"/>
<action no="3" player="G10P4Z" type="1" discard="1" dealt="1" sum="15"/>
<action no="4" player="KOPKHUNKRAP" type="2" sum="30"/>
</round>
<round no="1"><cards type="Pocket" player="KOPKHUNKRAP">SK H10</cards>
<cards type="Pocket" player="G10P4Z">X X</cards>
<action no="5" player="G10P4Z" type="23" discard="1" dealt="1" sum="60"/>
<action no="6" player="KOPKHUNKRAP" type="3" sum="30"/>
</round>
<round no="2"><cards type="Flop">C4 CQ D5</cards>
<action no="7" player="KOPKHUNKRAP" type="4" sum="0"/>
<action no="8" player="G10P4Z" type="5" discard="1" dealt="1" sum="60"/>
<action no="9" player="KOPKHUNKRAP" type="0" sum="0"/>
</round>
</game>
<game gamecode="6568517725"><general>
<startdate>2025-12-23 16:44:54</startdate>
<round>1</round>
<failsafecounter/>
<players><player seat="6" name="G10P4Z" chips="798" dealer="0" win="40" bet="35" muck="1" rebuy="0" addon="0" merge="0" rebuychips="0" reg_code="5082900227"/>
<player seat="10" name="KOPKHUNKRAP" chips="702" dealer="1" win="0" bet="20" muck="1" rebuy="0" addon="0" merge="0" rebuychips="0" reg_code="5082900449"/>
</players>
</general>
<round no="0"><action no="1" player="KOPKHUNKRAP" type="15" sum="5"/>
<action no="2" player="G10P4Z" type="15" discard="1" dealt="1" sum="5"/>
<action no="3" player="KOPKHUNKRAP" type="1" sum="15"/>
<action no="4" player="G10P4Z" type="2" discard="1" dealt="1" sum="30"/>
</round>
<round no="1"><cards type="Pocket" player="G10P4Z">X X</cards>
<cards type="Pocket" player="KOPKHUNKRAP">S2 C6</cards>
<action no="5" player="KOPKHUNKRAP" type="0" sum="0"/>
</round>
</game>
<game gamecode="6568517776"><general>
<startdate>2025-12-23 16:45:14</startdate>
<round>1</round>
<failsafecounter/>
<players><player seat="10" name="KOPKHUNKRAP" chips="682" dealer="0" win="90" bet="682" muck="1" rebuy="0" addon="0" merge="0" rebuychips="0" reg_code="5082900449"/>
<player seat="6" name="G10P4Z" chips="818" dealer="1" win="0" bet="45" muck="1" rebuy="0" addon="0" merge="0" rebuychips="0" reg_code="5082900227"/>
</players>
</general>
<round no="0"><action no="1" player="G10P4Z" type="15" discard="1" dealt="1" sum="5"/>
<action no="2" player="KOPKHUNKRAP" type="15" sum="5"/>
<action no="3" player="G10P4Z" type="1" discard="1" dealt="1" sum="20"/>
<action no="4" player="KOPKHUNKRAP" type="2" sum="40"/>
</round>
<round no="1"><cards type="Pocket" player="G10P4Z">X X</cards>
<cards type="Pocket" player="KOPKHUNKRAP">D7 HA</cards>
<action no="5" player="G10P4Z" type="3" discard="1" dealt="1" sum="20"/>
<action no="6" player="KOPKHUNKRAP" type="23" sum="677"/>
<action no="7" player="G10P4Z" type="0" discard="1" dealt="1" sum="0"/>
</round>
</game>
<game gamecode="6568517832"><general>
<startdate>2025-12-23 16:45:36</startdate>
<round>1</round>
<failsafecounter/>
<players><player seat="6" name="G10P4Z" chips="773" dealer="0" win="170" bet="85" muck="0" rebuy="0" addon="0" merge="0" rebuychips="0" reg_code="5082900227"/>
<player seat="10" name="KOPKHUNKRAP" chips="727" dealer="1" win="0" bet="85" muck="1" rebuy="0" addon="0" merge="0" rebuychips="0" reg_code="5082900449"/>
</players>
</general>
<round no="0"><action no="1" player="KOPKHUNKRAP" type="15" sum="5"/>
<action no="2" player="G10P4Z" type="15" discard="1" dealt="1" sum="5"/>
<action no="3" player="KOPKHUNKRAP" type="1" sum="20"/>
<action no="4" player="G10P4Z" type="2" discard="1" dealt="1" sum="40"/>
</round>
<round no="1"><cards type="Pocket" player="G10P4Z">S10 D9</cards>
<cards type="Pocket" player="KOPKHUNKRAP">C5 SA</cards>
<action no="5" player="KOPKHUNKRAP" type="3" sum="20"/>
<action no="6" player="G10P4Z" type="4" discard="1" dealt="1" sum="0"/>
</round>
<round no="2"><cards type="Flop">H7 CJ D7</cards>
<action no="7" player="G10P4Z" type="4" discard="1" dealt="1" sum="0"/>
<action no="8" player="KOPKHUNKRAP" type="4" sum="0"/>
</round>
<round no="3"><cards type="Turn">S4</cards>
<action no="9" player="G10P4Z" type="4" discard="1" dealt="1" sum="0"/>
<action no="10" player="KOPKHUNKRAP" type="4" sum="0"/>
</round>
<round no="4"><cards type="River">C10</cards>
<action no="11" player="G10P4Z" type="5" discard="1" dealt="1" sum="40"/>
<action no="12" player="KOPKHUNKRAP" type="3" sum="40"/>
</round>
</game>
<game gamecode="6568517887"><general>
<startdate>2025-12-23 16:45:58</startdate>
<round>1</round>
<failsafecounter/>
<players><player seat="10" name="KOPKHUNKRAP" chips="642" dealer="0" win="50" bet="45" muck="1" rebuy="0" addon="0" merge="0" rebuychips="0" reg_code="5082900449"/>
<player seat="6" name="G10P4Z" chips="858" dealer="1" win="0" bet="25" muck="1" rebuy="0" addon="0" merge="0" rebuychips="0" reg_code="5082900227"/>
</players>
</general>
<round no="0"><action no="1" player="G10P4Z" type="15" discard="1" dealt="1" sum="5"/>
<action no="2" player="KOPKHUNKRAP" type="15" sum="5"/>
<action no="3" player="G10P4Z" type="1" discard="1" dealt="1" sum="20"/>
<action no="4" player="KOPKHUNKRAP" type="2" sum="40"/>
</round>
<round no="1"><cards type="Pocket" player="KOPKHUNKRAP">HA D4</cards>
<cards type="Pocket" player="G10P4Z">X X</cards>
<action no="5" player="G10P4Z" type="0" discard="1" dealt="1" sum="0"/>
</round>
</game>
<game gamecode="6568517902"><general>
<startdate>2025-12-23 16:46:04</startdate>
<round>1</round>
<failsafecounter/>
<players><player seat="6" name="G10P4Z" chips="833" dealer="0" win="90" bet="90" muck="1" rebuy="0" addon="0" merge="0" rebuychips="0" reg_code="5082900227"/>
<player seat="10" name="KOPKHUNKRAP" chips="667" dealer="1" win="0" bet="45" muck="1" rebuy="0" addon="0" merge="0" rebuychips="0" reg_code="5082900449"/>
</players>
</general>
<round no="0"><action no="1" player="KOPKHUNKRAP" type="15" sum="5"/>
<action no="2" player="G10P4Z" type="15" discard="1" dealt="1" sum="5"/>
<action no="3" player="KOPKHUNKRAP" type="1" sum="20"/>
<action no="4" player="G10P4Z" type="2" discard="1" dealt="1" sum="40"/>
</round>
<round no="1"><cards type="Pocket" player="G10P4Z">X X</cards>
<cards type="Pocket" player="KOPKHUNKRAP">S4 SK</cards>
<action no="5" player="KOPKHUNKRAP" type="3" sum="20"/>
<action no="6" player="G10P4Z" type="4" discard="1" dealt="1" sum="0"/>
</round>
<round no="2"><cards type="Flop">H8 DQ S7</cards>
<action no="7" player="G10P4Z" type="4" discard="1" dealt="1" sum="0"/>
<action no="8" player="KOPKHUNKRAP" type="4" sum="0"/>
</round>
<round no="3"><cards type="Turn">C5</cards>
<action no="9" player="G10P4Z" type="5" discard="1" dealt="1" sum="45"/>
<action no="10" player="KOPKHUNKRAP" type="0" sum="0"/>
</round>
</game>
<game gamecode="6568517948"><general>
<startdate>2025-12-23 16:46:26</startdate>
<round>1</round>
<failsafecounter/>
<players><player seat="10" name="KOPKHUNKRAP" chips="622" dealer="0" win="90" bet="85" muck="1" rebuy="0" addon="0" merge="0" rebuychips="0" reg_code="5082900449"/>
<player seat="6" name="G10P4Z" chips="878" dealer="1" win="0" bet="45" muck="1" rebuy="0" addon="0" merge="0" rebuychips="0" reg_code="5082900227"/>
</players>
</general>
<round no="0"><action no="1" player="G10P4Z" type="15" discard="1" dealt="1" sum="5"/>
<action no="2" player="KOPKHUNKRAP" type="15" sum="5"/>
<action no="3" player="G10P4Z" type="1" discard="1" dealt="1" sum="20"/>
<action no="4" player="KOPKHUNKRAP" type="2" sum="40"/>
</round>
<round no="1"><cards type="Pocket" player="KOPKHUNKRAP">S8 S10</cards>
<cards type="Pocket" player="G10P4Z">X X</cards>
<action no="5" player="G10P4Z" type="3" discard="1" dealt="1" sum="20"/>
<action no="6" player="KOPKHUNKRAP" type="4" sum="0"/>
</round>
<round no="2"><cards type="Flop">S7 CQ H8</cards>
<action no="7" player="KOPKHUNKRAP" type="4" sum="0"/>
<action no="8" player="G10P4Z" type="4" discard="1" dealt="1" sum="0"/>
</round>
<round no="3"><cards type="Turn">H7</cards>
<action no="9" player="KOPKHUNKRAP" type="4" sum="0"/>
<action no="10" player="G10P4Z" type="4" discard="1" dealt="1" sum="0"/>
</round>
<round no="4"><cards type="River">C6</cards>
<action no="11" player="KOPKHUNKRAP" type="5" sum="40"/>
<action no="12" player="G10P4Z" type="0" discard="1" dealt="1" sum="0"/>
</round>
</game>
<game gamecode="6568518029"><general>
<startdate>2025-12-23 16:46:59</startdate>
<round>1</round>
<failsafecounter/>
<players><player seat="6" name="G10P4Z" chips="833" dealer="0" win="90" bet="833" muck="1" rebuy="0" addon="0" merge="0" rebuychips="0" reg_code="5082900227"/>
<player seat="10" name="KOPKHUNKRAP" chips="667" dealer="1" win="0" bet="45" muck="1" rebuy="0" addon="0" merge="0" rebuychips="0" reg_code="5082900449"/>
</players>
</general>
<round no="0"><action no="1" player="KOPKHUNKRAP" type="15" sum="5"/>
<action no="2" player="G10P4Z" type="15" discard="1" dealt="1" sum="5"/>
<action no="3" player="KOPKHUNKRAP" type="1" sum="20"/>
<action no="4" player="G10P4Z" type="2" discard="1" dealt="1" sum="40"/>
</round>
<round no="1"><cards type="Pocket" player="G10P4Z">X X</cards>
<cards type="Pocket" player="KOPKHUNKRAP">C5 D10</cards>
<action no="5" player="KOPKHUNKRAP" type="3" sum="20"/>
<action no="6" player="G10P4Z" type="23" discard="1" dealt="1" sum="828"/>
<action no="7" player="KOPKHUNKRAP" type="0" sum="0"/>
</round>
</game>
<game gamecode="6568523939"><general>
<startdate>2025-12-23 16:47:17</startdate>
<round>1</round>
<failsafecounter/>
<players><player seat="10" name="KOPKHUNKRAP" chips="622" dealer="0" win="0" bet="245" muck="1" rebuy="0" addon="0" merge="0" rebuychips="0" reg_code="5082900449"/>
<player seat="6" name="G10P4Z" chips="878" dealer="1" win="490" bet="878" muck="1" rebuy="0" addon="0" merge="0" rebuychips="0" reg_code="5082900227"/>
</players>
</general>
<round no="0"><action no="1" player="G10P4Z" type="15" discard="1" dealt="1" sum="5"/>
<action no="2" player="KOPKHUNKRAP" type="15" sum="5"/>
<action no="3" player="G10P4Z" type="1" discard="1" dealt="1" sum="30"/>
<action no="4" player="KOPKHUNKRAP" type="2" sum="60"/>
</round>
<round no="1"><cards type="Pocket" player="G10P4Z">X X</cards>
<cards type="Pocket" player="KOPKHUNKRAP">C9 S7</cards>
<action no="5" player="G10P4Z" type="3" discard="1" dealt="1" sum="30"/>
<action no="6" player="KOPKHUNKRAP" type="4" sum="0"/>
</round>
<round no="2"><cards type="Flop">H5 C10 H9</cards>
<action no="7" player="KOPKHUNKRAP" type="4" sum="0"/>
<action no="8" player="G10P4Z" type="5" discard="1" dealt="1" sum="60"/>
<action no="9" player="KOPKHUNKRAP" type="3" sum="60"/>
</round>
<round no="3"><cards type="Turn">S6</cards>
<action no="10" player="KOPKHUNKRAP" type="4" sum="0"/>
<action no="11" player="G10P4Z" type="5" discard="1" dealt="1" sum="120"/>
<action no="12" player="KOPKHUNKRAP" type="3" sum="120"/>
</round>
<round no="4"><cards type="River">C3</cards>
<action no="13" player="KOPKHUNKRAP" type="4" sum="0"/>
<action no="14" player="G10P4Z" type="5" discard="1" dealt="1" sum="633"/>
<action no="15" player="KOPKHUNKRAP" type="0" sum="0"/>
</round>
</game>
<game gamecode="6568524012"><general>
<startdate>2025-12-23 16:47:47</startdate>
<round>1</round>
<failsafecounter/>
<players><player seat="6" name="G10P4Z" chips="1,123" dealer="0" win="70" bet="65" muck="1" rebuy="0" addon="0" merge="0" rebuychips="0" reg_code="5082900227"/>
<player seat="10" name="KOPKHUNKRAP" chips="377" dealer="1" win="0" bet="35" muck="1" rebuy="0" addon="0" merge="0" rebuychips="0" reg_code="5082900449"/>
</players>
</general>
<round no="0"><action no="1" player="KOPKHUNKRAP" type="15" sum="5"/>
<action no="2" player="G10P4Z" type="15" discard="1" dealt="1" sum="5"/>
<action no="3" player="KOPKHUNKRAP" type="1" sum="30"/>
<action no="4" player="G10P4Z" type="2" discard="1" dealt="1" sum="60"/>
</round>
<round no="1"><cards type="Pocket" player="G10P4Z">X X</cards>
<cards type="Pocket" player="KOPKHUNKRAP">D3 D10</cards>
<action no="5" player="KOPKHUNKRAP" type="0" sum="0"/>
</round>
</game>
<game gamecode="6568524029"><general>
<startdate>2025-12-23 16:47:54</startdate>
<round>1</round>
<failsafecounter/>
<players><player seat="10" name="KOPKHUNKRAP" chips="342" dealer="0" win="70" bet="65" muck="1" rebuy="0" addon="0" merge="0" rebuychips="0" reg_code="5082900449"/>
<player seat="6" name="G10P4Z" chips="1,158" dealer="1" win="0" bet="35" muck="1" rebuy="0" addon="0" merge="0" rebuychips="0" reg_code="5082900227"/>
</players>
</general>
<round no="0"><action no="1" player="G10P4Z" type="15" discard="1" dealt="1" sum="5"/>
<action no="2" player="KOPKHUNKRAP" type="15" sum="5"/>
<action no="3" player="G10P4Z" type="1" discard="1" dealt="1" sum="30"/>
<action no="4" player="KOPKHUNKRAP" type="2" sum="60"/>
</round>
<round no="1"><cards type="Pocket" player="KOPKHUNKRAP">S3 D10</cards>
<cards type="Pocket" player="G10P4Z">X X</cards>
<action no="5" player="G10P4Z" type="0" discard="1" dealt="1" sum="0"/>
</round>
</game>
<game gamecode="6568524044"><general>
<startdate>2025-12-23 16:48:00</startdate>
<round>1</round>
<failsafecounter/>
<players><player seat="6" name="G10P4Z" chips="1,123" dealer="0" win="0" bet="65" muck="1" rebuy="0" addon="0" merge="0" rebuychips="0" reg_code="5082900227"/>
<player seat="10" name="KOPKHUNKRAP" chips="377" dealer="1" win="130" bet="377" muck="1" rebuy="0" addon="0" merge="0" rebuychips="0" reg_code="5082900449"/>
</players>
</general>
<round no="0"><action no="1" player="KOPKHUNKRAP" type="15" sum="5"/>
<action no="2" player="G10P4Z" type="15" discard="1" dealt="1" sum="5"/>
<action no="3" player="KOPKHUNKRAP" type="1" sum="30"/>
<action no="4" player="G10P4Z" type="2" discard="1" dealt="1" sum="60"/>
</round>
<round no="1"><cards type="Pocket" player="KOPKHUNKRAP">C9 SQ</cards>
<cards type="Pocket" player="G10P4Z">X X</cards>
<action no="5" player="KOPKHUNKRAP" type="23" sum="372"/>
<action no="6" player="G10P4Z" type="0" discard="1" dealt="1" sum="0"/>
</round>
</game>
<game gamecode="6568524067"><general>
<startdate>2025-12-23 16:48:08</startdate>
<round>1</round>
<failsafecounter/>
<players><player seat="10" name="KOPKHUNKRAP" chips="442" dealer="0" win="0" bet="65" muck="1" rebuy="0" addon="0" merge="0" rebuychips="0" reg_code="5082900449"/>
<player seat="6" name="G10P4Z" chips="1,058" dealer="1" win="130" bet="156" muck="1" rebuy="0" addon="0" merge="0" rebuychips="0" reg_code="5082900227"/>
</players>
</general>
<round no="0"><action no="1" player="G10P4Z" type="15" discard="1" dealt="1" sum="5"/>
<action no="2" player="KOPKHUNKRAP" type="15" sum="5"/>
<action no="3" player="G10P4Z" type="1" discard="1" dealt="1" sum="30"/>
<action no="4" player="KOPKHUNKRAP" type="2" sum="60"/>
</round>
<round no="1"><cards type="Pocket" player="G10P4Z">X X</cards>
<cards type="Pocket" player="KOPKHUNKRAP">C10 H6</cards>
<action no="5" player="G10P4Z" type="3" discard="1" dealt="1" sum="30"/>
<action no="6" player="KOPKHUNKRAP" type="4" sum="0"/>
</round>
<round no="2"><cards type="Flop">H7 HJ HQ</cards>
<action no="7" player="KOPKHUNKRAP" type="4" sum="0"/>
<action no="8" player="G10P4Z" type="5" discard="1" dealt="1" sum="91"/>
<action no="9" player="KOPKHUNKRAP" type="0" sum="0"/>
</round>
</game>
<game gamecode="6568524119"><general>
<startdate>2025-12-23 16:48:26</startdate>
<round>1</round>
<failsafecounter/>
<players><player seat="6" name="G10P4Z" chips="1,123" dealer="0" win="0" bet="65" muck="1" rebuy="0" addon="0" merge="0" rebuychips="0" reg_code="5082900227"/>
<player seat="10" name="KOPKHUNKRAP" chips="377" dealer="1" win="130" bet="377" muck="1" rebuy="0" addon="0" merge="0" rebuychips="0" reg_code="5082900449"/>
</players>
</general>
<round no="0"><action no="1" player="KOPKHUNKRAP" type="15" sum="5"/>
<action no="2" player="G10P4Z" type="15" discard="1" dealt="1" sum="5"/>
<action no="3" player="KOPKHUNKRAP" type="1" sum="30"/>
<action no="4" player="G10P4Z" type="2" discard="1" dealt="1" sum="60"/>
</round>
<round no="1"><cards type="Pocket" player="G10P4Z">X X</cards>
<cards type="Pocket" player="KOPKHUNKRAP">C8 H8</cards>
<action no="5" player="KOPKHUNKRAP" type="23" sum="372"/>
<action no="6" player="G10P4Z" type="0" discard="1" dealt="1" sum="0"/>
</round>
</game>
<game gamecode="6568524136"><general>
<startdate>2025-12-23 16:48:34</startdate>
<round>1</round>
<failsafecounter/>
<players><player seat="10" name="KOPKHUNKRAP" chips="442" dealer="0" win="884" bet="442" muck="0" rebuy="0" addon="0" merge="0" rebuychips="0" reg_code="5082900449"/>
<player seat="6" name="G10P4Z" chips="1,058" dealer="1" win="0" bet="1,058" muck="1" rebuy="0" addon="0" merge="0" rebuychips="0" reg_code="5082900227"/>
</players>
</general>
<round no="0"><action no="1" player="G10P4Z" type="15" discard="1" dealt="1" sum="5"/>
<action no="2" player="KOPKHUNKRAP" type="15" sum="5"/>
<action no="3" player="G10P4Z" type="1" discard="1" dealt="1" sum="30"/>
<action no="4" player="KOPKHUNKRAP" type="2" sum="60"/>
</round>
<round no="1"><cards type="Pocket" player="G10P4Z">H6 D10</cards>
<cards type="Pocket" player="KOPKHUNKRAP">C7 H7</cards>
<action no="5" player="G10P4Z" type="23" discard="1" dealt="1" sum="1,053"/>
<action no="6" player="KOPKHUNKRAP" type="7" sum="377"/>
</round>
<round no="2"><cards type="Flop">H2 SQ H4</cards>
</round>
<round no="3"><cards type="Turn">DK</cards>
</round>
<round no="4"><cards type="River">HJ</cards>
</round>
</game>
<game gamecode="6568524172"><general>
<startdate>2025-12-23 16:48:50</startdate>
<round>1</round>
<failsafecounter/>
<players><player seat="6" name="G10P4Z" chips="616" dealer="0" win="130" bet="616" muck="1" rebuy="0" addon="0" merge="0" rebuychips="0" reg_code="5082900227"/>
<player seat="10" name="KOPKHUNKRAP" chips="884" dealer="1" win="0" bet="65" muck="1" rebuy="0" addon="0" merge="0" rebuychips="0" reg_code="5082900449"/>
</players>
</general>
<round no="0"><action no="1" player="KOPKHUNKRAP" type="15" sum="5"/>
<action no="2" player="G10P4Z" type="15" discard="1" dealt="1" sum="5"/>
<action no="3" player="KOPKHUNKRAP" type="1" sum="30"/>
<action no="4" player="G10P4Z" type="2" discard="1" dealt="1" sum="60"/>
</round>
<round no="1"><cards type="Pocket" player="G10P4Z">X X</cards>
<cards type="Pocket" player="KOPKHUNKRAP">D9 D5</cards>
<action no="5" player="KOPKHUNKRAP" type="3" sum="30"/>
<action no="6" player="G10P4Z" type="23" discard="1" dealt="1" sum="611"/>
<action no="7" player="KOPKHUNKRAP" type="0" sum="0"/>
</round>
</game>
<game gamecode="6568524211"><general>
<startdate>2025-12-23 16:49:04</startdate>
<round>1</round>
<failsafecounter/>
<players><player seat="10" name="KOPKHUNKRAP" chips="819" dealer="0" win="70" bet="65" muck="1" rebuy="0" addon="0" merge="0" rebuychips="0" reg_code="5082900449"/>
<player seat="6" name="G10P4Z" chips="681" dealer="1" win="0" bet="35" muck="1" rebuy="0" addon="0" merge="0" rebuychips="0" reg_code="5082900227"/>
</players>
</general>
<round no="0"><action no="1" player="G10P4Z" type="15" discard="1" dealt="1" sum="5"/>
<action no="2" player="KOPKHUNKRAP" type="15" sum="5"/>
<action no="3" player="G10P4Z" type="1" discard="1" dealt="1" sum="30"/>
<action no="4" player="KOPKHUNKRAP" type="2" sum="60"/>
</round>
<round no="1"><cards type="Pocket" player="KOPKHUNKRAP">H2 HJ</cards>
<cards type="Pocket" player="G10P4Z">X X</cards>
<action no="5" player="G10P4Z" type="0" discard="1" dealt="1" sum="0"/>
</round>
</game>
<game gamecode="6568524229"><general>
<startdate>2025-12-23 16:49:11</startdate>
<round>1</round>
<failsafecounter/>
<players><player seat="6" name="G10P4Z" chips="646" dealer="0" win="0" bet="646" muck="0" rebuy="0" addon="0" merge="0" rebuychips="0" reg_code="5082900227"/>
<player seat="10" name="KOPKHUNKRAP" chips="854" dealer="1" win="1,292" bet="854" muck="0" rebuy="0" addon="0" merge="0" rebuychips="0" reg_code="5082900449"/>
</players>
</general>
<round no="0"><action no="1" player="KOPKHUNKRAP" type="15" sum="8"/>
<action no="2" player="G10P4Z" type="15" discard="1" dealt="1" sum="8"/>
<action no="3" player="KOPKHUNKRAP" type="1" sum="40"/>
<action no="4" player="G10P4Z" type="2" discard="1" dealt="1" sum="80"/>
</round>
<round no="1"><cards type="Pocket" player="G10P4Z">H4 S4</cards>
<cards type="Pocket" player="KOPKHUNKRAP">DQ SA</cards>
<action no="5" player="KOPKHUNKRAP" type="23" sum="846"/>
<action no="6" player="G10P4Z" type="7" discard="1" dealt="1" sum="558"/>
</round>
<round no="2"><cards type="Flop">C6 D2 C10</cards>
</round>
<round no="3"><cards type="Turn">C7</cards>
</round>
<round no="4"><cards type="River">HQ</cards>
</round>
</game>
</session>
