<?xml version="1.0" encoding="UTF-8"?>
<session sessioncode="5083904338">
<general>
<client_version>25.7.1.50</client_version>
<mode>real</mode>
<gametype>Holdem NL</gametype>
<tablename>Twister €100 SNG, 824851273</tablename>
<tournamentcode>824851272</tournamentcode>
<tournamentname>Twister €100 SNG</tournamentname>
<buyin>€0 + €7 + €93</buyin>
<totalbuyin>€100</totalbuyin>
<rewarddrawn>€300</rewarddrawn>
<tournamentcurrency>EUR</tournamentcurrency>
<currency>EUR</currency>
<nickname>KOPKHUNKRAP</nickname>
<gamecount>25</gamecount>
<startdate>2025-12-27 02:42:34</startdate>
<place>2</place>
<win>€0</win>
<tablesize>3</tablesize>
</general>
<game gamecode="6572518547"><general>
<startdate>2025-12-27 02:42:49</startdate>
<round>1</round>
<failsafecounter/>
<players><player seat="3" name="raffaellogennari" chips="500" dealer="0" win="0" bet="20" muck="1" rebuy="0" addon="0" merge="0" rebuychips="0" reg_code="5083904329"/>
<player seat="6" name="Behemot17" chips="500" dealer="1" win="0" bet="0" muck="1" rebuy="0" addon="0" merge="0" rebuychips="0" reg_code="5083904335"/>
<player seat="10" name="KOPKHUNKRAP" chips="500" dealer="0" win="40" bet="50" muck="1" rebuy="0" addon="0" merge="0" rebuychips="0" reg_code="5083904338"/>
</players>
</general>
<round no="0"><action no="1" player="KOPKHUNKRAP" type="1" sum="10"/>
<action no="2" player="raffaellogennari" type="2" discard="1" dealt="1" sum="20"/>
</round>
<round no="1"><cards type="Pocket" player="raffaellogennari">X X</cards>
<cards type="Pocket" player="KOPKHUNKRAP">S8 DA</cards>
<cards type="Pocket" player="Behemot17">X X</cards>
<action no="3" player="Behemot17" type="0" discard="1" dealt="1" sum="0"/>
<action no="4" player="KOPKHUNKRAP" type="23" sum="50"/>
<action no="5" player="raffaellogennari" type="0" discard="1" dealt="1" sum="0"/>
</round>
</game>
<game gamecode="6572518565"><general>
<startdate>2025-12-27 02:42:59</startdate>
<round>1</round>
<failsafecounter/>
<players><player seat="6" name="Behemot17" chips="500" dealer="0" win="120" bet="150" muck="1" rebuy="0" addon="0" merge="0" rebuychips="0" reg_code="5083904335"/>
<player seat="10" name="KOPKHUNKRAP" chips="520" dealer="1" win="0" bet="0" muck="1" rebuy="0" addon="0" merge="0" rebuychips="0" reg_code="5083904338"/>
<player seat="3" name="raffaellogennari" chips="480" dealer="0" win="0" bet="60" muck="1" rebuy="0" addon="0" merge="0" rebuychips="0" reg_code="5083904329"/>
</players>
</general>
<round no="0"><action no="1" player="raffaellogennari" type="1" discard="1" dealt="1" sum="10"/>
<action no="2" player="Behemot17" type="2" discard="1" dealt="1" sum="20"/>
</round>
<round no="1"><cards type="Pocket" player="Behemot17">X X</cards>
<cards type="Pocket" player="raffaellogennari">X X</cards>
<cards type="Pocket" player="KOPKHUNKRAP">C8 D2</cards>
<action no="3" player="KOPKHUNKRAP" type="0" sum="0"/>
<action no="4" player="raffaellogennari" type="23" discard="1" dealt="1" sum="60"/>
<action no="5" player="Behemot17" type="3" discard="1" dealt="1" sum="40"/>
</round>
<round no="2"><cards type="Flop">CJ SQ HQ</cards>
<action no="6" player="raffaellogennari" type="4" discard="1" dealt="1" sum="0"/>
<action no="7" player="Behemot17" type="4" discard="1" dealt="1" sum="0"/>
</round>
<round no="3"><cards type="Turn">C5</cards>
<action no="8" player="raffaellogennari" type="4" discard="1" dealt="1" sum="0"/>
<action no="9" player="Behemot17" type="5" discard="1" dealt="1" sum="90"/>
<action no="10" player="raffaellogennari" type="0" discard="1" dealt="1" sum="0"/>
</round>
</game>
<game gamecode="6572518592"><general>
<startdate>2025-12-27 02:43:20</startdate>
<round>1</round>
<failsafecounter/>
<players><player seat="10" name="KOPKHUNKRAP" chips="520" dealer="0" win="20" bet="20" muck="1" rebuy="0" addon="0" merge="0" rebuychips="0" reg_code="5083904338"/>
<player seat="3" name="raffaellogennari" chips="420" dealer="1" win="0" bet="0" muck="1" rebuy="0" addon="0" merge="0" rebuychips="0" reg_code="5083904329"/>
<player seat="6" name="Behemot17" chips="560" dealer="0" win="0" bet="10" muck="1" rebuy="0" addon="0" merge="0" rebuychips="0" reg_code="5083904335"/>
</players>
</general>
<round no="0"><action no="1" player="Behemot17" type="1" discard="1" dealt="1" sum="10"/>
<action no="2" player="KOPKHUNKRAP" type="2" sum="20"/>
</round>
<round no="1"><cards type="Pocket" player="KOPKHUNKRAP">C2 H7</cards>
<cards type="Pocket" player="raffaellogennari">X X</cards>
<cards type="Pocket" player="Behemot17">X X</cards>
<action no="3" player="raffaellogennari" type="0" discard="1" dealt="1" sum="0"/>
<action no="4" player="Behemot17" type="0" discard="1" dealt="1" sum="0"/>
</round>
</game>
<game gamecode="6572518601"><general>
<startdate>2025-12-27 02:43:27</startdate>
<round>1</round>
<failsafecounter/>
<players><player seat="3" name="raffaellogennari" chips="420" dealer="0" win="20" bet="20" muck="1" rebuy="0" addon="0" merge="0" rebuychips="0" reg_code="5083904329"/>
<player seat="6" name="Behemot17" chips="550" dealer="1" win="0" bet="0" muck="1" rebuy="0" addon="0" merge="0" rebuychips="0" reg_code="5083904335"/>
<player seat="10" name="KOPKHUNKRAP" chips="530" dealer="0" win="0" bet="10" muck="1" rebuy="0" addon="0" merge="0" rebuychips="0" reg_code="5083904338"/>
</players>
</general>
<round no="0"><action no="1" player="KOPKHUNKRAP" type="1" sum="10"/>
<action no="2" player="raffaellogennari" type="2" discard="1" dealt="1" sum="20"/>
</round>
<round no="1"><cards type="Pocket" player="Behemot17">X X</cards>
<cards type="Pocket" player="raffaellogennari">X X</cards>
<cards type="Pocket" player="KOPKHUNKRAP">CJ S2</cards>
<action no="3" player="Behemot17" type="0" discard="1" dealt="1" sum="0"/>
<action no="4" player="KOPKHUNKRAP" type="0" sum="0"/>
</round>
</game>
<game gamecode="6572518611"><general>
<startdate>2025-12-27 02:43:34</startdate>
<round>1</round>
<failsafecounter/>
<players><player seat="6" name="Behemot17" chips="550" dealer="0" win="20" bet="20" muck="1" rebuy="0" addon="0" merge="0" rebuychips="0" reg_code="5083904335"/>
<player seat="10" name="KOPKHUNKRAP" chips="520" dealer="1" win="0" bet="0" muck="1" rebuy="0" addon="0" merge="0" rebuychips="0" reg_code="5083904338"/>
<player seat="3" name="raffaellogennari" chips="430" dealer="0" win="0" bet="10" muck="1" rebuy="0" addon="0" merge="0" rebuychips="0" reg_code="5083904329"/>
</players>
</general>
<round no="0"><action no="1" player="raffaellogennari" type="1" discard="1" dealt="1" sum="10"/>
<action no="2" player="Behemot17" type="2" discard="1" dealt="1" sum="20"/>
</round>
<round no="1"><cards type="Pocket" player="raffaellogennari">X X</cards>
<cards type="Pocket" player="Behemot17">X X</cards>
<cards type="Pocket" player="KOPKHUNKRAP">C7 HQ</cards>
<action no="3" player="KOPKHUNKRAP" type="0" sum="0"/>
<action no="4" player="raffaellogennari" type="0" discard="1" dealt="1" sum="0"/>
</round>
</game>
<game gamecode="6572518627"><general>
<startdate>2025-12-27 02:43:47</startdate>
<round>1</round>
<failsafecounter/>
<players><player seat="10" name="KOPKHUNKRAP" chips="520" dealer="0" win="0" bet="40" muck="1" rebuy="0" addon="0" merge="0" rebuychips="0" reg_code="5083904338"/>
<player seat="3" name="raffaellogennari" chips="420" dealer="1" win="90" bet="69" muck="1" rebuy="0" addon="0" merge="0" rebuychips="0" reg_code="5083904329"/>
<player seat="6" name="Behemot17" chips="560" dealer="0" win="0" bet="10" muck="1" rebuy="0" addon="0" merge="0" rebuychips="0" reg_code="5083904335"/>
</players>
</general>
<round no="0"><action no="1" player="Behemot17" type="1" discard="1" dealt="1" sum="10"/>
<action no="2" player="KOPKHUNKRAP" type="2" sum="20"/>
</round>
<round no="1"><cards type="Pocket" player="raffaellogennari">X X</cards>
<cards type="Pocket" player="KOPKHUNKRAP">D10 SK</cards>
<cards type="Pocket" player="Behemot17">X X</cards>
<action no="3" player="raffaellogennari" type="23" discard="1" dealt="1" sum="40"/>
<action no="4" player="Behemot17" type="0" discard="1" dealt="1" sum="0"/>
<action no="5" player="KOPKHUNKRAP" type="3" sum="20"/>
</round>
<round no="2"><cards type="Flop">C5 D9 H4</cards>
<action no="6" player="KOPKHUNKRAP" type="4" sum="0"/>
<action no="7" player="raffaellogennari" type="5" discard="1" dealt="1" sum="29"/>
<action no="8" player="KOPKHUNKRAP" type="0" sum="0"/>
</round>
</game>
<game gamecode="6572518656"><general>
<startdate>2025-12-27 02:44:07</startdate>
<round>1</round>
<failsafecounter/>
<players><player seat="3" name="raffaellogennari" chips="470" dealer="0" win="20" bet="20" muck="1" rebuy="0" addon="0" merge="0" rebuychips="0" reg_code="5083904329"/>
<player seat="6" name="Behemot17" chips="550" dealer="1" win="0" bet="0" muck="1" rebuy="0" addon="0" merge="0" rebuychips="0" reg_code="5083904335"/>
<player seat="10" name="KOPKHUNKRAP" chips="480" dealer="0" win="0" bet="10" muck="1" rebuy="0" addon="0" merge="0" rebuychips="0" reg_code="5083904338"/>
</players>
</general>
<round no="0"><action no="1" player="KOPKHUNKRAP" type="1" sum="10"/>
<action no="2" player="raffaellogennari" type="2" discard="1" dealt="1" sum="20"/>
</round>
<round no="1"><cards type="Pocket" player="Behemot17">X X</cards>
<cards type="Pocket" player="KOPKHUNKRAP">C8 H3</cards>
<cards type="Pocket" player="raffaellogennari">X X</cards>
<action no="3" player="Behemot17" type="0" discard="1" dealt="1" sum="0"/>
<action no="4" player="KOPKHUNKRAP" type="0" sum="0"/>
</round>
</game>
<game gamecode="6572518668"><general>
<startdate>2025-12-27 02:44:15</startdate>
<round>1</round>
<failsafecounter/>
<players><player seat="6" name="Behemot17" chips="550" dealer="0" win="960" bet="550" muck="0" rebuy="0" addon="0" merge="0" rebuychips="0" reg_code="5083904335"/>
<player seat="10" name="KOPKHUNKRAP" chips="470" dealer="1" win="0" bet="0" muck="1" rebuy="0" addon="0" merge="0" rebuychips="0" reg_code="5083904338"/>
<player seat="3" name="raffaellogennari" chips="480" dealer="0" win="0" bet="480" muck="0" rebuy="0" addon="0" merge="0" rebuychips="0" reg_code="5083904329"/>
</players>
</general>
<round no="0"><action no="1" player="raffaellogennari" type="1" discard="1" dealt="1" sum="10"/>
<action no="2" player="Behemot17" type="2" discard="1" dealt="1" sum="20"/>
</round>
<round no="1"><cards type="Pocket" player="Behemot17">H5 H4</cards>
<cards type="Pocket" player="raffaellogennari">D7 S7</cards>
<cards type="Pocket" player="KOPKHUNKRAP">S6 S10</cards>
<action no="3" player="KOPKHUNKRAP" type="0" sum="0"/>
<action no="4" player="raffaellogennari" type="23" discard="1" dealt="1" sum="60"/>
<action no="5" player="Behemot17" type="23" discard="1" dealt="1" sum="550"/>
<action no="6" player="raffaellogennari" type="7" discard="1" dealt="1" sum="420"/>
</round>
<round no="2"><cards type="Flop">S4 S5 D9</cards>
</round>
<round no="3"><cards type="Turn">C6</cards>
</round>
<round no="4"><cards type="River">C5</cards>
</round>
</game>
<game gamecode="6572518710"><general>
<startdate>2025-12-27 02:44:36</startdate>
<round>1</round>
<failsafecounter/>
<players><player seat="10" name="KOPKHUNKRAP" chips="470" dealer="0" win="0" bet="35" muck="1" rebuy="0" addon="0" merge="0" rebuychips="0" reg_code="5083904338"/>
<player seat="6" name="Behemot17" chips="1,030" dealer="1" win="70" bet="65" muck="1" rebuy="0" addon="0" merge="0" rebuychips="0" reg_code="5083904335"/>
</players>
</general>
<round no="0"><action no="1" player="Behemot17" type="15" discard="1" dealt="1" sum="5"/>
<action no="2" player="KOPKHUNKRAP" type="15" sum="5"/>
<action no="3" player="Behemot17" type="1" discard="1" dealt="1" sum="15"/>
<action no="4" player="KOPKHUNKRAP" type="2" sum="30"/>
</round>
<round no="1"><cards type="Pocket" player="Behemot17">X X</cards>
<cards type="Pocket" player="KOPKHUNKRAP">D6 DK</cards>
<action no="5" player="Behemot17" type="3" discard="1" dealt="1" sum="15"/>
<action no="6" player="KOPKHUNKRAP" type="4" sum="0"/>
</round>
<round no="2"><cards type="Flop">H10 S9 S7</cards>
<action no="7" player="KOPKHUNKRAP" type="4" sum="0"/>
<action no="8" player="Behemot17" type="5" discard="1" dealt="1" sum="30"/>
<action no="9" player="KOPKHUNKRAP" type="0" sum="0"/>
</round>
</game>
<game gamecode="6572518729"><general>
<startdate>2025-12-27 02:44:47</startdate>
<round>1</round>
<failsafecounter/>
<players><player seat="6" name="Behemot17" chips="1,065" dealer="0" win="70" bet="1,065" muck="1" rebuy="0" addon="0" merge="0" rebuychips="0" reg_code="5083904335"/>
<player seat="10" name="KOPKHUNKRAP" chips="435" dealer="1" win="0" bet="35" muck="1" rebuy="0" addon="0" merge="0" rebuychips="0" reg_code="5083904338"/>
</players>
</general>
<round no="0"><action no="1" player="KOPKHUNKRAP" type="15" sum="5"/>
<action no="2" player="Behemot17" type="15" discard="1" dealt="1" sum="5"/>
<action no="3" player="KOPKHUNKRAP" type="1" sum="15"/>
<action no="4" player="Behemot17" type="2" discard="1" dealt="1" sum="30"/>
</round>
<round no="1"><cards type="Pocket" player="KOPKHUNKRAP">SJ D7</cards>
<cards type="Pocket" player="Behemot17">X X</cards>
<action no="5" player="KOPKHUNKRAP" type="3" sum="15"/>
<action no="6" player="Behemot17" type="23" discard="1" dealt="1" sum="1,060"/>
<action no="7" player="KOPKHUNKRAP" type="0" sum="0"/>
</round>
</game>
<game gamecode="6572523173"><general>
<startdate>2025-12-27 02:44:55</startdate>
<round>1</round>
<failsafecounter/>
<players><player seat="10" name="KOPKHUNKRAP" chips="400" dealer="0" win="0" bet="35" muck="1" rebuy="0" addon="0" merge="0" rebuychips="0" reg_code="5083904338"/>
<player seat="6" name="Behemot17" chips="1,100" dealer="1" win="70" bet="1,100" muck="1" rebuy="0" addon="0" merge="0" rebuychips="0" reg_code="5083904335"/>
</players>
</general>
<round no="0"><action no="1" player="Behemot17" type="15" discard="1" dealt="1" sum="5"/>
<action no="2" player="KOPKHUNKRAP" type="15" sum="5"/>
<action no="3" player="Behemot17" type="1" discard="1" dealt="1" sum="15"/>
<action no="4" player="KOPKHUNKRAP" type="2" sum="30"/>
</round>
<round no="1"><cards type="Pocket" player="KOPKHUNKRAP">H3 DQ</cards>
<cards type="Pocket" player="Behemot17">X X</cards>
<action no="5" player="Behemot17" type="23" discard="1" dealt="1" sum="1,095"/>
<action no="6" player="KOPKHUNKRAP" type="0" sum="0"/>
</round>
</game>
<game gamecode="6572523203"><general>
<startdate>2025-12-27 02:45:10</startdate>
<round>1</round>
<failsafecounter/>
<players><player seat="6" name="Behemot17" chips="1,135" dealer="0" win="70" bet="1,135" muck="1" rebuy="0" addon="0" merge="0" rebuychips="0" reg_code="5083904335"/>
<player seat="10" name="KOPKHUNKRAP" chips="365" dealer="1" win="0" bet="35" muck="1" rebuy="0" addon="0" merge="0" rebuychips="0" reg_code="5083904338"/>
</players>
</general>
<round no="0"><action no="1" player="KOPKHUNKRAP" type="15" sum="5"/>
<action no="2" player="Behemot17" type="15" discard="1" dealt="1" sum="5"/>
<action no="3" player="KOPKHUNKRAP" type="1" sum="15"/>
<action no="4" player="Behemot17" type="2" discard="1" dealt="1" sum="30"/>
</round>
<round no="1"><cards type="Pocket" player="Behemot17">X X</cards>
<cards type="Pocket" player="KOPKHUNKRAP">CJ D3</cards>
<action no="5" player="KOPKHUNKRAP" type="3" sum="15"/>
<action no="6" player="Behemot17" type="23" discard="1" dealt="1" sum="1,130"/>
<action no="7" player="KOPKHUNKRAP" type="0" sum="0"/>
</round>
</game>
<game gamecode="6572523221"><general>
<startdate>2025-12-27 02:45:19</startdate>
<round>1</round>
<failsafecounter/>
<players><player seat="10" name="KOPKHUNKRAP" chips="330" dealer="0" win="40" bet="35" muck="1" rebuy="0" addon="0" merge="0" rebuychips="0" reg_code="5083904338"/>
<player seat="6" name="Behemot17" chips="1,170" dealer="1" win="0" bet="20" muck="1" rebuy="0" addon="0" merge="0" rebuychips="0" reg_code="5083904335"/>
</players>
</general>
<round no="0"><action no="1" player="Behemot17" type="15" discard="1" dealt="1" sum="5"/>
<action no="2" player="KOPKHUNKRAP" type="15" sum="5"/>
<action no="3" player="Behemot17" type="1" discard="1" dealt="1" sum="15"/>
<action no="4" player="KOPKHUNKRAP" type="2" sum="30"/>
</round>
<round no="1"><cards type="Pocket" player="Behemot17">X X</cards>
<cards type="Pocket" player="KOPKHUNKRAP">HQ D6</cards>
<action no="5" player="Behemot17" type="0" discard="1" dealt="1" sum="0"/>
</round>
</game>
<game gamecode="6572523240"><general>
<startdate>2025-12-27 02:45:28</startdate>
<round>1</round>
<failsafecounter/>
<players><player seat="6" name="Behemot17" chips="1,150" dealer="0" win="40" bet="35" muck="1" rebuy="0" addon="0" merge="0" rebuychips="0" reg_code="5083904335"/>
<player seat="10" name="KOPKHUNKRAP" chips="350" dealer="1" win="0" bet="20" muck="1" rebuy="0" addon="0" merge="0" rebuychips="0" reg_code="5083904338"/>
</players>
</general>
<round no="0"><action no="1" player="KOPKHUNKRAP" type="15" sum="5"/>
<action no="2" player="Behemot17" type="15" discard="1" dealt="1" sum="5"/>
<action no="3" player="KOPKHUNKRAP" type="1" sum="15"/>
<action no="4" player="Behemot17" type="2" discard="1" dealt="1" sum="30"/>
</round>
<round no="1"><cards type="Pocket" player="Behemot17">X X</cards>
<cards type="Pocket" player="KOPKHUNKRAP">D3 H6</cards>
<action no="5" player="KOPKHUNKRAP" type="0" sum="0"/>
</round>
</game>
<game gamecode="6572523252"><general>
<startdate>2025-12-27 02:45:35</startdate>
<round>1</round>
<failsafecounter/>
<players><player seat="10" name="KOPKHUNKRAP" chips="330" dealer="0" win="70" bet="330" muck="1" rebuy="0" addon="0" merge="0" rebuychips="0" reg_code="5083904338"/>
<player seat="6" name="Behemot17" chips="1,170" dealer="1" win="0" bet="35" muck="1" rebuy="0" addon="0" merge="0" rebuychips="0" reg_code="5083904335"/>
</players>
</general>
<round no="0"><action no="1" player="Behemot17" type="15" discard="1" dealt="1" sum="5"/>
<action no="2" player="KOPKHUNKRAP" type="15" sum="5"/>
<action no="3" player="Behemot17" type="1" discard="1" dealt="1" sum="15"/>
<action no="4" player="KOPKHUNKRAP" type="2" sum="30"/>
</round>
<round no="1"><cards type="Pocket" player="KOPKHUNKRAP">DK H10</cards>
<cards type="Pocket" player="Behemot17">X X</cards>
<action no="5" player="Behemot17" type="3" discard="1" dealt="1" sum="15"/>
<action no="6" player="KOPKHUNKRAP" type="23" sum="325"/>
<action no="7" player="Behemot17" type="0" discard="1" dealt="1" sum="0"/>
</round>
</game>
<game gamecode="6572523278"><general>
<startdate>2025-12-27 02:45:50</startdate>
<round>1</round>
<failsafecounter/>
<players><player seat="6" name="Behemot17" chips="1,135" dealer="0" win="0" bet="95" muck="1" rebuy="0" addon="0" merge="0" rebuychips="0" reg_code="5083904335"/>
<player seat="10" name="KOPKHUNKRAP" chips="365" dealer="1" win="190" bet="155" muck="1" rebuy="0" addon="0" merge="0" rebuychips="0" reg_code="5083904338"/>
</players>
</general>
<round no="0"><action no="1" player="KOPKHUNKRAP" type="15" sum="5"/>
<action no="2" player="Behemot17" type="15" discard="1" dealt="1" sum="5"/>
<action no="3" player="KOPKHUNKRAP" type="1" sum="15"/>
<action no="4" player="Behemot17" type="2" discard="1" dealt="1" sum="30"/>
</round>
<round no="1"><cards type="Pocket" player="KOPKHUNKRAP">SK S10</cards>
<cards type="Pocket" player="Behemot17">X X</cards>
<action no="5" player="KOPKHUNKRAP" type="3" sum="15"/>
<action no="6" player="Behemot17" type="4" discard="1" dealt="1" sum="0"/>
</round>
<round no="2"><cards type="Flop">H4 CK C5</cards>
<action no="7" player="Behemot17" type="4" discard="1" dealt="1" sum="0"/>
<action no="8" player="KOPKHUNKRAP" type="5" sum="30"/>
<action no="9" player="Behemot17" type="23" discard="1" dealt="1" sum="60"/>
<action no="10" player="KOPKHUNKRAP" type="23" sum="120"/>
<action no="11" player="Behemot17" type="0" discard="1" dealt="1" sum="0"/>
</round>
</game>
<game gamecode="6572523327"><general>
<startdate>2025-12-27 02:46:23</startdate>
<round>1</round>
<failsafecounter/>
<players><player seat="10" name="KOPKHUNKRAP" chips="460" dealer="0" win="0" bet="45" muck="1" rebuy="0" addon="0" merge="0" rebuychips="0" reg_code="5083904338"/>
<player seat="6" name="Behemot17" chips="1,040" dealer="1" win="90" bet="85" muck="1" rebuy="0" addon="0" merge="0" rebuychips="0" reg_code="5083904335"/>
</players>
</general>
<round no="0"><action no="1" player="Behemot17" type="15" discard="1" dealt="1" sum="5"/>
<action no="2" player="KOPKHUNKRAP" type="15" sum="5"/>
<action no="3" player="Behemot17" type="1" discard="1" dealt="1" sum="20"/>
<action no="4" player="KOPKHUNKRAP" type="2" sum="40"/>
</round>
<round no="1"><cards type="Pocket" player="KOPKHUNKRAP">D4 D6</cards>
<cards type="Pocket" player="Behemot17">X X</cards>
<action no="5" player="Behemot17" type="3" discard="1" dealt="1" sum="20"/>
<action no="6" player="KOPKHUNKRAP" type="4" sum="0"/>
</round>
<round no="2"><cards type="Flop">DQ H8 SJ</cards>
<action no="7" player="KOPKHUNKRAP" type="4" sum="0"/>
<action no="8" player="Behemot17" type="5" discard="1" dealt="1" sum="40"/>
<action no="9" player="KOPKHUNKRAP" type="0" sum="0"/>
</round>
</game>
<game gamecode="6572523362"><general>
<startdate>2025-12-27 02:46:44</startdate>
<round>1</round>
<failsafecounter/>
<players><player seat="6" name="Behemot17" chips="1,085" dealer="0" win="90" bet="165" muck="1" rebuy="0" addon="0" merge="0" rebuychips="0" reg_code="5083904335"/>
<player seat="10" name="KOPKHUNKRAP" chips="415" dealer="1" win="0" bet="45" muck="1" rebuy="0" addon="0" merge="0" rebuychips="0" reg_code="5083904338"/>
</players>
</general>
<round no="0"><action no="1" player="KOPKHUNKRAP" type="15" sum="5"/>
<action no="2" player="Behemot17" type="15" discard="1" dealt="1" sum="5"/>
<action no="3" player="KOPKHUNKRAP" type="1" sum="20"/>
<action no="4" player="Behemot17" type="2" discard="1" dealt="1" sum="40"/>
</round>
<round no="1"><cards type="Pocket" player="Behemot17">X X</cards>
<cards type="Pocket" player="KOPKHUNKRAP">C4 DQ</cards>
<action no="5" player="KOPKHUNKRAP" type="3" sum="20"/>
<action no="6" player="Behemot17" type="23" discard="1" dealt="1" sum="160"/>
<action no="7" player="KOPKHUNKRAP" type="0" sum="0"/>
</round>
</game>
<game gamecode="6572523383"><general>
<startdate>2025-12-27 02:46:59</startdate>
<round>1</round>
<failsafecounter/>
<players><player seat="10" name="KOPKHUNKRAP" chips="370" dealer="0" win="0" bet="45" muck="1" rebuy="0" addon="0" merge="0" rebuychips="0" reg_code="5083904338"/>
<player seat="6" name="Behemot17" chips="1,130" dealer="1" win="90" bet="85" muck="1" rebuy="0" addon="0" merge="0" rebuychips="0" reg_code="5083904335"/>
</players>
</general>
<round no="0"><action no="1" player="Behemot17" type="15" discard="1" dealt="1" sum="5"/>
<action no="2" player="KOPKHUNKRAP" type="15" sum="5"/>
<action no="3" player="Behemot17" type="1" discard="1" dealt="1" sum="20"/>
<action no="4" player="KOPKHUNKRAP" type="2" sum="40"/>
</round>
<round no="1"><cards type="Pocket" player="Behemot17">X X</cards>
<cards type="Pocket" player="KOPKHUNKRAP">D2 D7</cards>
<action no="5" player="Behemot17" type="3" discard="1" dealt="1" sum="20"/>
<action no="6" player="KOPKHUNKRAP" type="4" sum="0"/>
</round>
<round no="2"><cards type="Flop">C8 S2 H5</cards>
<action no="7" player="KOPKHUNKRAP" type="4" sum="0"/>
<action no="8" player="Behemot17" type="5" discard="1" dealt="1" sum="40"/>
<action no="9" player="KOPKHUNKRAP" type="0" sum="0"/>
</round>
</game>
<game gamecode="6572523455"><general>
<startdate>2025-12-27 02:47:34</startdate>
<round>1</round>
<failsafecounter/>
<players><player seat="6" name="Behemot17" chips="1,175" dealer="0" win="0" bet="45" muck="1" rebuy="0" addon="0" merge="0" rebuychips="0" reg_code="5083904335"/>
<player seat="10" name="KOPKHUNKRAP" chips="325" dealer="1" win="90" bet="325" muck="1" rebuy="0" addon="0" merge="0" rebuychips="0" reg_code="5083904338"/>
</players>
</general>
<round no="0"><action no="1" player="KOPKHUNKRAP" type="15" sum="5"/>
<action no="2" player="Behemot17" type="15" discard="1" dealt="1" sum="5"/>
<action no="3" player="KOPKHUNKRAP" type="1" sum="20"/>
<action no="4" player="Behemot17" type="2" discard="1" dealt="1" sum="40"/>
</round>
<round no="1"><cards type="Pocket" player="Behemot17">X X</cards>
<cards type="Pocket" player="KOPKHUNKRAP">D9 SA</cards>
<action no="5" player="KOPKHUNKRAP" type="23" sum="320"/>
<action no="6" player="Behemot17" type="0" discard="1" dealt="1" sum="0"/>
</round>
</game>
<game gamecode="6572523467"><general>
<startdate>2025-12-27 02:47:42</startdate>
<round>1</round>
<failsafecounter/>
<players><player seat="10" name="KOPKHUNKRAP" chips="370" dealer="0" win="90" bet="105" muck="1" rebuy="0" addon="0" merge="0" rebuychips="0" reg_code="5083904338"/>
<player seat="6" name="Behemot17" chips="1,130" dealer="1" win="0" bet="45" muck="1" rebuy="0" addon="0" merge="0" rebuychips="0" reg_code="5083904335"/>
</players>
</general>
<round no="0"><action no="1" player="Behemot17" type="15" discard="1" dealt="1" sum="5"/>
<action no="2" player="KOPKHUNKRAP" type="15" sum="5"/>
<action no="3" player="Behemot17" type="1" discard="1" dealt="1" sum="20"/>
<action no="4" player="KOPKHUNKRAP" type="2" sum="40"/>
</round>
<round no="1"><cards type="Pocket" player="KOPKHUNKRAP">DK D10</cards>
<cards type="Pocket" player="Behemot17">X X</cards>
<action no="5" player="Behemot17" type="3" discard="1" dealt="1" sum="20"/>
<action no="6" player="KOPKHUNKRAP" type="23" sum="100"/>
<action no="7" player="Behemot17" type="0" discard="1" dealt="1" sum="0"/>
</round>
</game>
<game gamecode="6572523491"><general>
<startdate>2025-12-27 02:47:52</startdate>
<round>1</round>
<failsafecounter/>
<players><player seat="6" name="Behemot17" chips="1,085" dealer="0" win="0" bet="415" muck="1" rebuy="0" addon="0" merge="0" rebuychips="0" reg_code="5083904335"/>
<player seat="10" name="KOPKHUNKRAP" chips="415" dealer="1" win="830" bet="415" muck="0" rebuy="0" addon="0" merge="0" rebuychips="0" reg_code="5083904338"/>
</players>
</general>
<round no="0"><action no="1" player="KOPKHUNKRAP" type="15" sum="5"/>
<action no="2" player="Behemot17" type="15" discard="1" dealt="1" sum="5"/>
<action no="3" player="KOPKHUNKRAP" type="1" sum="30"/>
<action no="4" player="Behemot17" type="2" discard="1" dealt="1" sum="60"/>
</round>
<round no="1"><cards type="Pocket" player="KOPKHUNKRAP">CA S8</cards>
<cards type="Pocket" player="Behemot17">D4 CQ</cards>
<action no="5" player="KOPKHUNKRAP" type="23" sum="410"/>
<action no="6" player="Behemot17" type="3" discard="1" dealt="1" sum="350"/>
</round>
<round no="2"><cards type="Flop">S2 D7 DJ</cards>
</round>
<round no="3"><cards type="Turn">H6</cards>
</round>
<round no="4"><cards type="River">HK</cards>
</round>
</game>
<game gamecode="6572523519"><general>
<startdate>2025-12-27 02:48:09</startdate>
<round>1</round>
<failsafecounter/>
<players><player seat="10" name="KOPKHUNKRAP" chips="830" dealer="0" win="0" bet="830" muck="0" rebuy="0" addon="0" merge="0" rebuychips="0" reg_code="5083904338"/>
<player seat="6" name="Behemot17" chips="670" dealer="1" win="1,340" bet="670" muck="0" rebuy="0" addon="0" merge="0" rebuychips="0" reg_code="5083904335"/>
</players>
</general>
<round no="0"><action no="1" player="Behemot17" type="15" discard="1" dealt="1" sum="5"/>
<action no="2" player="KOPKHUNKRAP" type="15" sum="5"/>
<action no="3" player="Behemot17" type="1" discard="1" dealt="1" sum="30"/>
<action no="4" player="KOPKHUNKRAP" type="2" sum="60"/>
</round>
<round no="1"><cards type="Pocket" player="Behemot17">DQ SQ</cards>
<cards type="Pocket" player="KOPKHUNKRAP">CA SK</cards>
<action no="5" player="Behemot17" type="3" discard="1" dealt="1" sum="30"/>
<action no="6" player="KOPKHUNKRAP" type="23" sum="825"/>
<action no="7" player="Behemot17" type="7" discard="1" dealt="1" sum="605"/>
</round>
<round no="2"><cards type="Flop">S7 HJ C6</cards>
</round>
<round no="3"><cards type="Turn">D8</cards>
</round>
<round no="4"><cards type="River">H2</cards>
</round>
</game>
<game gamecode="6572523546"><general>
<startdate>2025-12-27 02:48:26</startdate>
<round>1</round>
<failsafecounter/>
<players><player seat="6" name="Behemot17" chips="1,340" dealer="0" win="0" bet="65" muck="1" rebuy="0" addon="0" merge="0" rebuychips="0" reg_code="5083904335"/>
<player seat="10" name="KOPKHUNKRAP" chips="160" dealer="1" win="130" bet="160" muck="1" rebuy="0" addon="0" merge="0" rebuychips="0" reg_code="5083904338"/>
</players>
</general>
<round no="0"><action no="1" player="KOPKHUNKRAP" type="15" sum="5"/>
<action no="2" player="Behemot17" type="15" discard="1" dealt="1" sum="5"/>
<action no="3" player="KOPKHUNKRAP" type="1" sum="30"/>
<action no="4" player="Behemot17" type="2" discard="1" dealt="1" sum="60"/>
</round>
<round no="1"><cards type="Pocket" player="Behemot17">X X</cards>
<cards type="Pocket" player="KOPKHUNKRAP">H9 H6</cards>
<action no="5" player="KOPKHUNKRAP" type="23" sum="155"/>
<action no="6" player="Behemot17" type="0" discard="1" dealt="1" sum="0"/>
</round>
</game>
<game gamecode="6572523560"><general>
<startdate>2025-12-27 02:48:35</startdate>
<round>1</round>
<failsafecounter/>
<players><player seat="10" name="KOPKHUNKRAP" chips="225" dealer="0" win="0" bet="225" muck="0" rebuy="0" addon="0" merge="0" rebuychips="0" reg_code="5083904338"/>
<player seat="6" name="Behemot17" chips="1,275" dealer="1" win="450" bet="1,275" muck="0" rebuy="0" addon="0" merge="0" rebuychips="0" reg_code="5083904335"/>
</players>
</general>
<round no="0"><action no="1" player="Behemot17" type="15" discard="1" dealt="1" sum="5"/>
<action no="2" player="KOPKHUNKRAP" type="15" sum="5"/>
<action no="3" player="Behemot17" type="1" discard="1" dealt="1" sum="30"/>
<action no="4" player="KOPKHUNKRAP" type="2" sum="60"/>
</round>
<round no="1"><cards type="Pocket" player="Behemot17">SK D6</cards>
<cards type="Pocket" player="KOPKHUNKRAP">S6 CA</cards>
<action no="5" player="Behemot17" type="23" discard="1" dealt="1" sum="1,270"/>
<action no="6" player="KOPKHUNKRAP" type="7" sum="160"/>
</round>
<round no="2"><cards type="Flop">D5 DK C6</cards>
</round>
<round no="3"><cards type="Turn">H5</cards>
</round>
<round no="4"><cards type="River">S10</cards>
</round>
</game>
</session>
