<?xml version="1.0" encoding="UTF-8"?>
<session sessioncode="5083909793">
<general>
<client_version>25.7.1.50</client_version>
<mode>real</mode>
<gametype>Holdem NL</gametype>
<tablename>Twister €100 SNG, 824855112</tablename>
<tournamentcode>824855111</tournamentcode>
<tournamentname>Twister €100 SNG</tournamentname>
<buyin>€0 + €7 + €93</buyin>
<totalbuyin>€100</totalbuyin>
<rewarddrawn>€200</rewarddrawn>
<tournamentcurrency>EUR</tournamentcurrency>
<currency>EUR</currency>
<nickname>KOPKHUNKRAP</nickname>
<gamecount>13</gamecount>
<startdate>2025-12-27 03:27:01</startdate>
<place>3</place>
<win>€0</win>
<tablesize>3</tablesize>
</general>
<game gamecode="6572545043"><general>
<startdate>2025-12-27 03:27:17</startdate>
<round>1</round>
<failsafecounter/>
<players><player seat="6" name="KOPKHUNKRAP" chips="500" dealer="0" win="0" bet="20" muck="1" rebuy="0" addon="0" merge="0" rebuychips="0" reg_code="5083909793"/>
<player seat="10" name="Assomiglio88" chips="500" dealer="1" win="50" bet="40" muck="1" rebuy="0" addon="0" merge="0" rebuychips="0" reg_code="5083909901"/>
<player seat="3" name="Behemot17" chips="500" dealer="0" win="0" bet="10" muck="1" rebuy="0" addon="0" merge="0" rebuychips="0" reg_code="5083909789"/>
</players>
</general>
<round no="0"><action no="1" player="Behemot17" type="1" discard="1" dealt="1" sum="10"/>
<action no="2" player="KOPKHUNKRAP" type="2" sum="20"/>
</round>
<round no="1"><cards type="Pocket" player="Behemot17">X X</cards>
<cards type="Pocket" player="KOPKHUNKRAP">H6 SQ</cards>
<cards type="Pocket" player="Assomiglio88">X X</cards>
<action no="3" player="Assomiglio88" type="23" discard="1" dealt="1" sum="40"/>
<action no="4" player="Behemot17" type="0" discard="1" dealt="1" sum="0"/>
<action no="5" player="KOPKHUNKRAP" type="0" sum="0"/>
</round>
</game>
<game gamecode="6572545089"><general>
<startdate>2025-12-27 03:27:28</startdate>
<round>1</round>
<failsafecounter/>
<players><player seat="10" name="Assomiglio88" chips="530" dealer="0" win="0" bet="20" muck="1" rebuy="0" addon="0" merge="0" rebuychips="0" reg_code="5083909901"/>
<player seat="3" name="Behemot17" chips="490" dealer="1" win="0" bet="0" muck="1" rebuy="0" addon="0" merge="0" rebuychips="0" reg_code="5083909789"/>
<player seat="6" name="KOPKHUNKRAP" chips="480" dealer="0" win="40" bet="480" muck="1" rebuy="0" addon="0" merge="0" rebuychips="0" reg_code="5083909793"/>
</players>
</general>
<round no="0"><action no="1" player="KOPKHUNKRAP" type="1" sum="10"/>
<action no="2" player="Assomiglio88" type="2" discard="1" dealt="1" sum="20"/>
</round>
<round no="1"><cards type="Pocket" player="Assomiglio88">X X</cards>
<cards type="Pocket" player="Behemot17">X X</cards>
<cards type="Pocket" player="KOPKHUNKRAP">D4 H4</cards>
<action no="3" player="Behemot17" type="0" discard="1" dealt="1" sum="0"/>
<action no="4" player="KOPKHUNKRAP" type="23" sum="480"/>
<action no="5" player="Assomiglio88" type="0" discard="1" dealt="1" sum="0"/>
</round>
</game>
<game gamecode="6572545125"><general>
<startdate>2025-12-27 03:27:36</startdate>
<round>1</round>
<failsafecounter/>
<players><player seat="3" name="Behemot17" chips="490" dealer="0" win="0" bet="20" muck="1" rebuy="0" addon="0" merge="0" rebuychips="0" reg_code="5083909789"/>
<player seat="6" name="KOPKHUNKRAP" chips="500" dealer="1" win="0" bet="0" muck="1" rebuy="0" addon="0" merge="0" rebuychips="0" reg_code="5083909793"/>
<player seat="10" name="Assomiglio88" chips="510" dealer="0" win="40" bet="60" muck="1" rebuy="0" addon="0" merge="0" rebuychips="0" reg_code="5083909901"/>
</players>
</general>
<round no="0"><action no="1" player="Assomiglio88" type="1" discard="1" dealt="1" sum="10"/>
<action no="2" player="Behemot17" type="2" discard="1" dealt="1" sum="20"/>
</round>
<round no="1"><cards type="Pocket" player="Assomiglio88">X X</cards>
<cards type="Pocket" player="Behemot17">X X</cards>
<cards type="Pocket" player="KOPKHUNKRAP">D9 S2</cards>
<action no="3" player="KOPKHUNKRAP" type="0" sum="0"/>
<action no="4" player="Assomiglio88" type="23" discard="1" dealt="1" sum="60"/>
<action no="5" player="Behemot17" type="0" discard="1" dealt="1" sum="0"/>
</round>
</game>
<game gamecode="6572545189"><general>
<startdate>2025-12-27 03:27:55</startdate>
<round>1</round>
<failsafecounter/>
<players><player seat="6" name="KOPKHUNKRAP" chips="500" dealer="0" win="0" bet="20" muck="1" rebuy="0" addon="0" merge="0" rebuychips="0" reg_code="5083909793"/>
<player seat="10" name="Assomiglio88" chips="530" dealer="1" win="50" bet="60" muck="1" rebuy="0" addon="0" merge="0" rebuychips="0" reg_code="5083909901"/>
<player seat="3" name="Behemot17" chips="470" dealer="0" win="0" bet="10" muck="1" rebuy="0" addon="0" merge="0" rebuychips="0" reg_code="5083909789"/>
</players>
</general>
<round no="0"><action no="1" player="Behemot17" type="1" discard="1" dealt="1" sum="10"/>
<action no="2" player="KOPKHUNKRAP" type="2" sum="20"/>
</round>
<round no="1"><cards type="Pocket" player="Assomiglio88">X X</cards>
<cards type="Pocket" player="KOPKHUNKRAP">SA D3</cards>
<cards type="Pocket" player="Behemot17">X X</cards>
<action no="3" player="Assomiglio88" type="3" discard="1" dealt="1" sum="20"/>
<action no="4" player="Behemot17" type="0" discard="1" dealt="1" sum="0"/>
<action no="5" player="KOPKHUNKRAP" type="4" sum="0"/>
</round>
<round no="2"><cards type="Flop">D9 DK H7</cards>
<action no="6" player="KOPKHUNKRAP" type="4" sum="0"/>
<action no="7" player="Assomiglio88" type="5" discard="1" dealt="1" sum="40"/>
<action no="8" player="KOPKHUNKRAP" type="0" sum="0"/>
</round>
</game>
<game gamecode="6572545247"><general>
<startdate>2025-12-27 03:28:15</startdate>
<round>1</round>
<failsafecounter/>
<players><player seat="10" name="Assomiglio88" chips="560" dealer="0" win="0" bet="20" muck="1" rebuy="0" addon="0" merge="0" rebuychips="0" reg_code="5083909901"/>
<player seat="3" name="Behemot17" chips="460" dealer="1" win="50" bet="40" muck="1" rebuy="0" addon="0" merge="0" rebuychips="0" reg_code="5083909789"/>
<player seat="6" name="KOPKHUNKRAP" chips="480" dealer="0" win="0" bet="10" muck="1" rebuy="0" addon="0" merge="0" rebuychips="0" reg_code="5083909793"/>
</players>
</general>
<round no="0"><action no="1" player="KOPKHUNKRAP" type="1" sum="10"/>
<action no="2" player="Assomiglio88" type="2" discard="1" dealt="1" sum="20"/>
</round>
<round no="1"><cards type="Pocket" player="Assomiglio88">X X</cards>
<cards type="Pocket" player="Behemot17">X X</cards>
<cards type="Pocket" player="KOPKHUNKRAP">H9 D5</cards>
<action no="3" player="Behemot17" type="23" discard="1" dealt="1" sum="40"/>
<action no="4" player="KOPKHUNKRAP" type="0" sum="0"/>
<action no="5" player="Assomiglio88" type="0" discard="1" dealt="1" sum="0"/>
</round>
</game>
<game gamecode="6572545268"><general>
<startdate>2025-12-27 03:28:23</startdate>
<round>1</round>
<failsafecounter/>
<players><player seat="3" name="Behemot17" chips="490" dealer="0" win="0" bet="20" muck="1" rebuy="0" addon="0" merge="0" rebuychips="0" reg_code="5083909789"/>
<player seat="6" name="KOPKHUNKRAP" chips="470" dealer="1" win="0" bet="40" muck="1" rebuy="0" addon="0" merge="0" rebuychips="0" reg_code="5083909793"/>
<player seat="10" name="Assomiglio88" chips="540" dealer="0" win="100" bet="80" muck="1" rebuy="0" addon="0" merge="0" rebuychips="0" reg_code="5083909901"/>
</players>
</general>
<round no="0"><action no="1" player="Assomiglio88" type="1" discard="1" dealt="1" sum="10"/>
<action no="2" player="Behemot17" type="2" discard="1" dealt="1" sum="20"/>
</round>
<round no="1"><cards type="Pocket" player="Assomiglio88">X X</cards>
<cards type="Pocket" player="Behemot17">X X</cards>
<cards type="Pocket" player="KOPKHUNKRAP">SA C6</cards>
<action no="3" player="KOPKHUNKRAP" type="23" sum="40"/>
<action no="4" player="Assomiglio88" type="3" discard="1" dealt="1" sum="30"/>
<action no="5" player="Behemot17" type="0" discard="1" dealt="1" sum="0"/>
</round>
<round no="2"><cards type="Flop">C2 C10 S8</cards>
<action no="6" player="Assomiglio88" type="4" discard="1" dealt="1" sum="0"/>
<action no="7" player="KOPKHUNKRAP" type="4" sum="0"/>
</round>
<round no="3"><cards type="Turn">D3</cards>
<action no="8" player="Assomiglio88" type="5" discard="1" dealt="1" sum="40"/>
<action no="9" player="KOPKHUNKRAP" type="0" sum="0"/>
</round>
</game>
<game gamecode="6572545329"><general>
<startdate>2025-12-27 03:28:43</startdate>
<round>1</round>
<failsafecounter/>
<players><player seat="6" name="KOPKHUNKRAP" chips="430" dealer="0" win="0" bet="60" muck="1" rebuy="0" addon="0" merge="0" rebuychips="0" reg_code="5083909793"/>
<player seat="10" name="Assomiglio88" chips="600" dealer="1" win="130" bet="100" muck="1" rebuy="0" addon="0" merge="0" rebuychips="0" reg_code="5083909901"/>
<player seat="3" name="Behemot17" chips="470" dealer="0" win="0" bet="10" muck="1" rebuy="0" addon="0" merge="0" rebuychips="0" reg_code="5083909789"/>
</players>
</general>
<round no="0"><action no="1" player="Behemot17" type="1" discard="1" dealt="1" sum="10"/>
<action no="2" player="KOPKHUNKRAP" type="2" sum="20"/>
</round>
<round no="1"><cards type="Pocket" player="Assomiglio88">X X</cards>
<cards type="Pocket" player="Behemot17">X X</cards>
<cards type="Pocket" player="KOPKHUNKRAP">C8 C5</cards>
<action no="3" player="Assomiglio88" type="3" discard="1" dealt="1" sum="20"/>
<action no="4" player="Behemot17" type="0" discard="1" dealt="1" sum="0"/>
<action no="5" player="KOPKHUNKRAP" type="4" sum="0"/>
</round>
<round no="2"><cards type="Flop">DJ CQ S8</cards>
<action no="6" player="KOPKHUNKRAP" type="4" sum="0"/>
<action no="7" player="Assomiglio88" type="5" discard="1" dealt="1" sum="40"/>
<action no="8" player="KOPKHUNKRAP" type="3" sum="40"/>
</round>
<round no="3"><cards type="Turn">D4</cards>
<action no="9" player="KOPKHUNKRAP" type="4" sum="0"/>
<action no="10" player="Assomiglio88" type="4" discard="1" dealt="1" sum="0"/>
</round>
<round no="4"><cards type="River">DK</cards>
<action no="11" player="KOPKHUNKRAP" type="4" sum="0"/>
<action no="12" player="Assomiglio88" type="5" discard="1" dealt="1" sum="40"/>
<action no="13" player="KOPKHUNKRAP" type="0" sum="0"/>
</round>
</game>
<game gamecode="6572545429"><general>
<startdate>2025-12-27 03:29:18</startdate>
<round>1</round>
<failsafecounter/>
<players><player seat="10" name="Assomiglio88" chips="670" dealer="0" win="0" bet="35" muck="1" rebuy="0" addon="0" merge="0" rebuychips="0" reg_code="5083909901"/>
<player seat="3" name="Behemot17" chips="460" dealer="1" win="90" bet="74" muck="1" rebuy="0" addon="0" merge="0" rebuychips="0" reg_code="5083909789"/>
<player seat="6" name="KOPKHUNKRAP" chips="370" dealer="0" win="0" bet="20" muck="1" rebuy="0" addon="0" merge="0" rebuychips="0" reg_code="5083909793"/>
</players>
</general>
<round no="0"><action no="1" player="KOPKHUNKRAP" type="15" sum="5"/>
<action no="2" player="Assomiglio88" type="15" discard="1" dealt="1" sum="5"/>
<action no="3" player="Behemot17" type="15" discard="1" dealt="1" sum="5"/>
<action no="4" player="KOPKHUNKRAP" type="1" sum="15"/>
<action no="5" player="Assomiglio88" type="2" discard="1" dealt="1" sum="30"/>
</round>
<round no="1"><cards type="Pocket" player="Behemot17">X X</cards>
<cards type="Pocket" player="Assomiglio88">X X</cards>
<cards type="Pocket" player="KOPKHUNKRAP">H2 H8</cards>
<action no="6" player="Behemot17" type="3" discard="1" dealt="1" sum="30"/>
<action no="7" player="KOPKHUNKRAP" type="0" sum="0"/>
<action no="8" player="Assomiglio88" type="4" discard="1" dealt="1" sum="0"/>
</round>
<round no="2"><cards type="Flop">H5 SJ D9</cards>
<action no="9" player="Assomiglio88" type="4" discard="1" dealt="1" sum="0"/>
<action no="10" player="Behemot17" type="5" discard="1" dealt="1" sum="39"/>
<action no="11" player="Assomiglio88" type="0" discard="1" dealt="1" sum="0"/>
</round>
</game>
<game gamecode="6572545472"><general>
<startdate>2025-12-27 03:29:32</startdate>
<round>1</round>
<failsafecounter/>
<players><player seat="3" name="Behemot17" chips="515" dealer="0" win="0" bet="125" muck="1" rebuy="0" addon="0" merge="0" rebuychips="0" reg_code="5083909789"/>
<player seat="6" name="KOPKHUNKRAP" chips="350" dealer="1" win="0" bet="5" muck="1" rebuy="0" addon="0" merge="0" rebuychips="0" reg_code="5083909793"/>
<player seat="10" name="Assomiglio88" chips="635" dealer="0" win="255" bet="125" muck="0" rebuy="0" addon="0" merge="0" rebuychips="0" reg_code="5083909901"/>
</players>
</general>
<round no="0"><action no="1" player="Assomiglio88" type="15" discard="1" dealt="1" sum="5"/>
<action no="2" player="Behemot17" type="15" discard="1" dealt="1" sum="5"/>
<action no="3" player="KOPKHUNKRAP" type="15" sum="5"/>
<action no="4" player="Assomiglio88" type="1" discard="1" dealt="1" sum="15"/>
<action no="5" player="Behemot17" type="2" discard="1" dealt="1" sum="30"/>
</round>
<round no="1"><cards type="Pocket" player="Behemot17">D4 CQ</cards>
<cards type="Pocket" player="KOPKHUNKRAP">D2 C6</cards>
<cards type="Pocket" player="Assomiglio88">SK HJ</cards>
<action no="6" player="KOPKHUNKRAP" type="0" sum="0"/>
<action no="7" player="Assomiglio88" type="23" discard="1" dealt="1" sum="60"/>
<action no="8" player="Behemot17" type="3" discard="1" dealt="1" sum="30"/>
</round>
<round no="2"><cards type="Flop">HK DQ H7</cards>
<action no="9" player="Assomiglio88" type="5" discard="1" dealt="1" sum="60"/>
<action no="10" player="Behemot17" type="3" discard="1" dealt="1" sum="60"/>
</round>
<round no="3"><cards type="Turn">S9</cards>
<action no="11" player="Assomiglio88" type="4" discard="1" dealt="1" sum="0"/>
<action no="12" player="Behemot17" type="4" discard="1" dealt="1" sum="0"/>
</round>
<round no="4"><cards type="River">D3</cards>
<action no="13" player="Assomiglio88" type="4" discard="1" dealt="1" sum="0"/>
<action no="14" player="Behemot17" type="4" discard="1" dealt="1" sum="0"/>
</round>
</game>
<game gamecode="6572545538"><general>
<startdate>2025-12-27 03:29:52</startdate>
<round>1</round>
<failsafecounter/>
<players><player seat="6" name="KOPKHUNKRAP" chips="345" dealer="0" win="0" bet="35" muck="1" rebuy="0" addon="0" merge="0" rebuychips="0" reg_code="5083909793"/>
<player seat="10" name="Assomiglio88" chips="765" dealer="1" win="0" bet="5" muck="1" rebuy="0" addon="0" merge="0" rebuychips="0" reg_code="5083909901"/>
<player seat="3" name="Behemot17" chips="390" dealer="0" win="75" bet="365" muck="1" rebuy="0" addon="0" merge="0" rebuychips="0" reg_code="5083909789"/>
</players>
</general>
<round no="0"><action no="1" player="Behemot17" type="15" discard="1" dealt="1" sum="5"/>
<action no="2" player="KOPKHUNKRAP" type="15" sum="5"/>
<action no="3" player="Assomiglio88" type="15" discard="1" dealt="1" sum="5"/>
<action no="4" player="Behemot17" type="1" discard="1" dealt="1" sum="15"/>
<action no="5" player="KOPKHUNKRAP" type="2" sum="30"/>
</round>
<round no="1"><cards type="Pocket" player="KOPKHUNKRAP">CJ H7</cards>
<cards type="Pocket" player="Behemot17">X X</cards>
<cards type="Pocket" player="Assomiglio88">X X</cards>
<action no="6" player="Assomiglio88" type="0" discard="1" dealt="1" sum="0"/>
<action no="7" player="Behemot17" type="23" discard="1" dealt="1" sum="360"/>
<action no="8" player="KOPKHUNKRAP" type="0" sum="0"/>
</round>
</game>
<game gamecode="6572545568"><general>
<startdate>2025-12-27 03:30:03</startdate>
<round>1</round>
<failsafecounter/>
<players><player seat="10" name="Assomiglio88" chips="760" dealer="0" win="0" bet="35" muck="1" rebuy="0" addon="0" merge="0" rebuychips="0" reg_code="5083909901"/>
<player seat="3" name="Behemot17" chips="430" dealer="1" win="0" bet="5" muck="1" rebuy="0" addon="0" merge="0" rebuychips="0" reg_code="5083909789"/>
<player seat="6" name="KOPKHUNKRAP" chips="310" dealer="0" win="75" bet="310" muck="1" rebuy="0" addon="0" merge="0" rebuychips="0" reg_code="5083909793"/>
</players>
</general>
<round no="0"><action no="1" player="KOPKHUNKRAP" type="15" sum="5"/>
<action no="2" player="Assomiglio88" type="15" discard="1" dealt="1" sum="5"/>
<action no="3" player="Behemot17" type="15" discard="1" dealt="1" sum="5"/>
<action no="4" player="KOPKHUNKRAP" type="1" sum="15"/>
<action no="5" player="Assomiglio88" type="2" discard="1" dealt="1" sum="30"/>
</round>
<round no="1"><cards type="Pocket" player="Assomiglio88">X X</cards>
<cards type="Pocket" player="Behemot17">X X</cards>
<cards type="Pocket" player="KOPKHUNKRAP">C8 DA</cards>
<action no="6" player="Behemot17" type="0" discard="1" dealt="1" sum="0"/>
<action no="7" player="KOPKHUNKRAP" type="23" sum="305"/>
<action no="8" player="Assomiglio88" type="0" discard="1" dealt="1" sum="0"/>
</round>
</game>
<game gamecode="6572545636"><general>
<startdate>2025-12-27 03:30:30</startdate>
<round>1</round>
<failsafecounter/>
<players><player seat="3" name="Behemot17" chips="425" dealer="0" win="75" bet="110" muck="1" rebuy="0" addon="0" merge="0" rebuychips="0" reg_code="5083909789"/>
<player seat="6" name="KOPKHUNKRAP" chips="350" dealer="1" win="0" bet="5" muck="1" rebuy="0" addon="0" merge="0" rebuychips="0" reg_code="5083909793"/>
<player seat="10" name="Assomiglio88" chips="725" dealer="0" win="0" bet="35" muck="1" rebuy="0" addon="0" merge="0" rebuychips="0" reg_code="5083909901"/>
</players>
</general>
<round no="0"><action no="1" player="Assomiglio88" type="15" discard="1" dealt="1" sum="5"/>
<action no="2" player="Behemot17" type="15" discard="1" dealt="1" sum="5"/>
<action no="3" player="KOPKHUNKRAP" type="15" sum="5"/>
<action no="4" player="Assomiglio88" type="1" discard="1" dealt="1" sum="15"/>
<action no="5" player="Behemot17" type="2" discard="1" dealt="1" sum="30"/>
</round>
<round no="1"><cards type="Pocket" player="Assomiglio88">X X</cards>
<cards type="Pocket" player="KOPKHUNKRAP">S6 HJ</cards>
<cards type="Pocket" player="Behemot17">X X</cards>
<action no="6" player="KOPKHUNKRAP" type="0" sum="0"/>
<action no="7" player="Assomiglio88" type="3" discard="1" dealt="1" sum="15"/>
<action no="8" player="Behemot17" type="23" discard="1" dealt="1" sum="105"/>
<action no="9" player="Assomiglio88" type="0" discard="1" dealt="1" sum="0"/>
</round>
</game>
<game gamecode="6572545678"><general>
<startdate>2025-12-27 03:30:42</startdate>
<round>1</round>
<failsafecounter/>
<players><player seat="6" name="KOPKHUNKRAP" chips="345" dealer="0" win="0" bet="345" muck="0" rebuy="0" addon="0" merge="0" rebuychips="0" reg_code="5083909793"/>
<player seat="10" name="Assomiglio88" chips="690" dealer="1" win="715" bet="345" muck="0" rebuy="0" addon="0" merge="0" rebuychips="0" reg_code="5083909901"/>
<player seat="3" name="Behemot17" chips="465" dealer="0" win="0" bet="25" muck="1" rebuy="0" addon="0" merge="0" rebuychips="0" reg_code="5083909789"/>
</players>
</general>
<round no="0"><action no="1" player="Behemot17" type="15" discard="1" dealt="1" sum="5"/>
<action no="2" player="KOPKHUNKRAP" type="15" sum="5"/>
<action no="3" player="Assomiglio88" type="15" discard="1" dealt="1" sum="5"/>
<action no="4" player="Behemot17" type="1" discard="1" dealt="1" sum="20"/>
<action no="5" player="KOPKHUNKRAP" type="2" sum="40"/>
</round>
<round no="1"><cards type="Pocket" player="Assomiglio88">C7 CA</cards>
<cards type="Pocket" player="KOPKHUNKRAP">H10 CQ</cards>
<cards type="Pocket" player="Behemot17">X X</cards>
<action no="6" player="Assomiglio88" type="3" discard="1" dealt="1" sum="40"/>
<action no="7" player="Behemot17" type="0" discard="1" dealt="1" sum="0"/>
<action no="8" player="KOPKHUNKRAP" type="23" sum="340"/>
<action no="9" player="Assomiglio88" type="3" discard="1" dealt="1" sum="300"/>
</round>
<round no="2"><cards type="Flop">CJ H8 D6</cards>
</round>
<round no="3"><cards type="Turn">DJ</cards>
</round>
<round no="4"><cards type="River">HK</cards>
</round>
</game>
</session>
