<?xml version="1.0" encoding="UTF-8"?>
<session sessioncode="5083191634">
<general>
<client_version>24.7.1.15</client_version>
<mode>real</mode>
<gametype>Holdem NL</gametype>
<tablename>Twister €200 SNG, 824639607</tablename>
<tournamentcode>824639605</tournamentcode>
<tournamentname>Twister €200 SNG</tournamentname>
<buyin>€0 + €12 + €188</buyin>
<totalbuyin>€200</totalbuyin>
<rewarddrawn>€600</rewarddrawn>
<tournamentcurrency>EUR</tournamentcurrency>
<currency>EUR</currency>
<nickname>KOPKHUNKRAP</nickname>
<gamecount>1</gamecount>
<startdate>2025-12-24 15:55:25</startdate>
<place>3</place>
<win>€0</win>
<tablesize>3</tablesize>
</general>
<game gamecode="6569668139"><general>
<startdate>2025-12-24 15:55:41</startdate>
<round>1</round>
<failsafecounter/>
<players><player seat="6" name="KOPKHUNKRAP" chips="500" dealer="0" win="0" bet="500" muck="1" rebuy="0" addon="0" merge="0" rebuychips="0" reg_code="5083191634"/>
<player seat="10" name="Pasta8" chips="500" dealer="1" win="1,010" bet="500" muck="0" rebuy="0" addon="0" merge="0" rebuychips="0" reg_code="5083191662"/>
<player seat="3" name="Tiuualex" chips="500" dealer="0" win="0" bet="10" muck="1" rebuy="0" addon="0" merge="0" rebuychips="0" reg_code="5083191522"/>
</players>
</general>
<round no="0"><action no="1" player="Tiuualex" type="1" discard="1" dealt="1" sum="10"/>
<action no="2" player="KOPKHUNKRAP" type="2" sum="20"/>
</round>
<round no="1"><cards type="Pocket" player="Tiuualex">X X</cards>
<cards type="Pocket" player="KOPKHUNKRAP">H4 C4</cards>
<cards type="Pocket" player="Pasta8">C6 HA</cards>
<action no="3" player="Pasta8" type="23" discard="1" dealt="1" sum="40"/>
<action no="4" player="Tiuualex" type="0" discard="1" dealt="1" sum="0"/>
<action no="5" player="KOPKHUNKRAP" type="23" sum="500"/>
<action no="6" player="Pasta8" type="7" discard="1" dealt="1" sum="460"/>
</round>
<round no="2"><cards type="Flop">D6 D9 S9</cards>
</round>
<round no="3"><cards type="Turn">H2</cards>
</round>
<round no="4"><cards type="River">DJ</cards>
</round>
</game>
</session>
