<?xml version="1.0" encoding="UTF-8"?>
<session sessioncode="5083902648">
<general>
<client_version>25.7.1.50</client_version>
<mode>real</mode>
<gametype>Holdem NL</gametype>
<tablename>Twister €200 SNG, 824849750</tablename>
<tournamentcode>824849749</tournamentcode>
<tournamentname>Twister €200 SNG</tournamentname>
<buyin>€0 + €12 + €188</buyin>
<totalbuyin>€200</totalbuyin>
<rewarddrawn>€400</rewarddrawn>
<tournamentcurrency>EUR</tournamentcurrency>
<currency>EUR</currency>
<nickname>KOPKHUNKRAP</nickname>
<gamecount>8</gamecount>
<startdate>2025-12-27 02:38:37</startdate>
<place>2</place>
<win>€0</win>
<tablesize>3</tablesize>
</general>
<game gamecode="6572515219"><general>
<startdate>2025-12-27 02:38:52</startdate>
<round>1</round>
<failsafecounter/>
<players><player seat="10" name="marc0marc0l1n0" chips="500" dealer="0" win="0" bet="500" muck="0" rebuy="0" addon="0" merge="0" rebuychips="0" reg_code="5083903847"/>
<player seat="3" name="KOPKHUNKRAP" chips="500" dealer="1" win="1,010" bet="500" muck="0" rebuy="0" addon="0" merge="0" rebuychips="0" reg_code="5083902648"/>
<player seat="6" name="Marcocos931" chips="500" dealer="0" win="0" bet="10" muck="1" rebuy="0" addon="0" merge="0" rebuychips="0" reg_code="5083903203"/>
</players>
</general>
<round no="0"><action no="1" player="Marcocos931" type="1" discard="1" dealt="1" sum="10"/>
<action no="2" player="marc0marc0l1n0" type="2" discard="1" dealt="1" sum="20"/>
</round>
<round no="1"><cards type="Pocket" player="KOPKHUNKRAP">C8 CA</cards>
<cards type="Pocket" player="marc0marc0l1n0">D10 D7</cards>
<cards type="Pocket" player="Marcocos931">X X</cards>
<action no="3" player="KOPKHUNKRAP" type="23" sum="40"/>
<action no="4" player="Marcocos931" type="0" discard="1" dealt="1" sum="0"/>
<action no="5" player="marc0marc0l1n0" type="3" discard="1" dealt="1" sum="20"/>
</round>
<round no="2"><cards type="Flop">DA D2 SK</cards>
<action no="6" player="marc0marc0l1n0" type="5" discard="1" dealt="1" sum="460"/>
<action no="7" player="KOPKHUNKRAP" type="7" sum="460"/>
</round>
<round no="3"><cards type="Turn">S7</cards>
</round>
<round no="4"><cards type="River">SA</cards>
</round>
</game>
<game gamecode="6572515256"><general>
<startdate>2025-12-27 02:39:15</startdate>
<round>1</round>
<failsafecounter/>
<players><player seat="3" name="KOPKHUNKRAP" chips="1,010" dealer="0" win="0" bet="20" muck="1" rebuy="0" addon="0" merge="0" rebuychips="0" reg_code="5083902648"/>
<player seat="6" name="Marcocos931" chips="490" dealer="1" win="40" bet="40" muck="1" rebuy="0" addon="0" merge="0" rebuychips="0" reg_code="5083903203"/>
</players>
</general>
<round no="0"><action no="1" player="Marcocos931" type="1" discard="1" dealt="1" sum="10"/>
<action no="2" player="KOPKHUNKRAP" type="2" sum="20"/>
</round>
<round no="1"><cards type="Pocket" player="Marcocos931">X X</cards>
<cards type="Pocket" player="KOPKHUNKRAP">CJ D7</cards>
<action no="3" player="Marcocos931" type="3" discard="1" dealt="1" sum="10"/>
<action no="4" player="KOPKHUNKRAP" type="4" sum="0"/>
</round>
<round no="2"><cards type="Flop">H5 D3 H8</cards>
<action no="5" player="KOPKHUNKRAP" type="4" sum="0"/>
<action no="6" player="Marcocos931" type="5" discard="1" dealt="1" sum="20"/>
<action no="7" player="KOPKHUNKRAP" type="0" sum="0"/>
</round>
</game>
<game gamecode="6572515293"><general>
<startdate>2025-12-27 02:39:42</startdate>
<round>1</round>
<failsafecounter/>
<players><player seat="6" name="Marcocos931" chips="510" dealer="0" win="0" bet="20" muck="1" rebuy="0" addon="0" merge="0" rebuychips="0" reg_code="5083903203"/>
<player seat="3" name="KOPKHUNKRAP" chips="990" dealer="1" win="40" bet="40" muck="1" rebuy="0" addon="0" merge="0" rebuychips="0" reg_code="5083902648"/>
</players>
</general>
<round no="0"><action no="1" player="KOPKHUNKRAP" type="1" sum="10"/>
<action no="2" player="Marcocos931" type="2" discard="1" dealt="1" sum="20"/>
</round>
<round no="1"><cards type="Pocket" player="Marcocos931">X X</cards>
<cards type="Pocket" player="KOPKHUNKRAP">H9 DJ</cards>
<action no="3" player="KOPKHUNKRAP" type="3" sum="10"/>
<action no="4" player="Marcocos931" type="4" discard="1" dealt="1" sum="0"/>
</round>
<round no="2"><cards type="Flop">C5 HA HJ</cards>
<action no="5" player="Marcocos931" type="4" discard="1" dealt="1" sum="0"/>
<action no="6" player="KOPKHUNKRAP" type="4" sum="0"/>
</round>
<round no="3"><cards type="Turn">H2</cards>
<action no="7" player="Marcocos931" type="4" discard="1" dealt="1" sum="0"/>
<action no="8" player="KOPKHUNKRAP" type="4" sum="0"/>
</round>
<round no="4"><cards type="River">SQ</cards>
<action no="9" player="Marcocos931" type="4" discard="1" dealt="1" sum="0"/>
<action no="10" player="KOPKHUNKRAP" type="5" sum="20"/>
<action no="11" player="Marcocos931" type="0" discard="1" dealt="1" sum="0"/>
</round>
</game>
<game gamecode="6572515357"><general>
<startdate>2025-12-27 02:40:24</startdate>
<round>1</round>
<failsafecounter/>
<players><player seat="3" name="KOPKHUNKRAP" chips="1,010" dealer="0" win="0" bet="40" muck="1" rebuy="0" addon="0" merge="0" rebuychips="0" reg_code="5083902648"/>
<player seat="6" name="Marcocos931" chips="490" dealer="1" win="80" bet="96" muck="1" rebuy="0" addon="0" merge="0" rebuychips="0" reg_code="5083903203"/>
</players>
</general>
<round no="0"><action no="1" player="Marcocos931" type="1" discard="1" dealt="1" sum="10"/>
<action no="2" player="KOPKHUNKRAP" type="2" sum="20"/>
</round>
<round no="1"><cards type="Pocket" player="Marcocos931">X X</cards>
<cards type="Pocket" player="KOPKHUNKRAP">H6 H2</cards>
<action no="3" player="Marcocos931" type="23" discard="1" dealt="1" sum="40"/>
<action no="4" player="KOPKHUNKRAP" type="3" sum="20"/>
</round>
<round no="2"><cards type="Flop">D5 S9 SK</cards>
<action no="5" player="KOPKHUNKRAP" type="4" sum="0"/>
<action no="6" player="Marcocos931" type="5" discard="1" dealt="1" sum="56"/>
<action no="7" player="KOPKHUNKRAP" type="0" sum="0"/>
</round>
</game>
<game gamecode="6572515386"><general>
<startdate>2025-12-27 02:40:42</startdate>
<round>1</round>
<failsafecounter/>
<players><player seat="6" name="Marcocos931" chips="530" dealer="0" win="1,060" bet="530" muck="0" rebuy="0" addon="0" merge="0" rebuychips="0" reg_code="5083903203"/>
<player seat="3" name="KOPKHUNKRAP" chips="970" dealer="1" win="0" bet="970" muck="0" rebuy="0" addon="0" merge="0" rebuychips="0" reg_code="5083902648"/>
</players>
</general>
<round no="0"><action no="1" player="KOPKHUNKRAP" type="15" sum="5"/>
<action no="2" player="Marcocos931" type="15" discard="1" dealt="1" sum="5"/>
<action no="3" player="KOPKHUNKRAP" type="1" sum="15"/>
<action no="4" player="Marcocos931" type="2" discard="1" dealt="1" sum="30"/>
</round>
<round no="1"><cards type="Pocket" player="Marcocos931">S10 DQ</cards>
<cards type="Pocket" player="KOPKHUNKRAP">CJ SA</cards>
<action no="5" player="KOPKHUNKRAP" type="23" sum="60"/>
<action no="6" player="Marcocos931" type="3" discard="1" dealt="1" sum="30"/>
</round>
<round no="2"><cards type="Flop">D2 H4 SQ</cards>
<action no="7" player="Marcocos931" type="4" discard="1" dealt="1" sum="0"/>
<action no="8" player="KOPKHUNKRAP" type="5" sum="42"/>
<action no="9" player="Marcocos931" type="23" discard="1" dealt="1" sum="114"/>
<action no="10" player="KOPKHUNKRAP" type="3" sum="72"/>
</round>
<round no="3"><cards type="Turn">CQ</cards>
<action no="11" player="Marcocos931" type="5" discard="1" dealt="1" sum="120"/>
<action no="12" player="KOPKHUNKRAP" type="23" sum="791"/>
<action no="13" player="Marcocos931" type="7" discard="1" dealt="1" sum="231"/>
</round>
<round no="4"><cards type="River">D9</cards>
</round>
</game>
<game gamecode="6572515470"><general>
<startdate>2025-12-27 02:41:34</startdate>
<round>1</round>
<failsafecounter/>
<players><player seat="3" name="KOPKHUNKRAP" chips="440" dealer="0" win="40" bet="35" muck="1" rebuy="0" addon="0" merge="0" rebuychips="0" reg_code="5083902648"/>
<player seat="6" name="Marcocos931" chips="1,060" dealer="1" win="0" bet="20" muck="1" rebuy="0" addon="0" merge="0" rebuychips="0" reg_code="5083903203"/>
</players>
</general>
<round no="0"><action no="1" player="Marcocos931" type="15" discard="1" dealt="1" sum="5"/>
<action no="2" player="KOPKHUNKRAP" type="15" sum="5"/>
<action no="3" player="Marcocos931" type="1" discard="1" dealt="1" sum="15"/>
<action no="4" player="KOPKHUNKRAP" type="2" sum="30"/>
</round>
<round no="1"><cards type="Pocket" player="Marcocos931">X X</cards>
<cards type="Pocket" player="KOPKHUNKRAP">CA H4</cards>
<action no="5" player="Marcocos931" type="0" discard="1" dealt="1" sum="0"/>
</round>
</game>
<game gamecode="6572515491"><general>
<startdate>2025-12-27 02:41:45</startdate>
<round>1</round>
<failsafecounter/>
<players><player seat="6" name="Marcocos931" chips="1,040" dealer="0" win="40" bet="35" muck="1" rebuy="0" addon="0" merge="0" rebuychips="0" reg_code="5083903203"/>
<player seat="3" name="KOPKHUNKRAP" chips="460" dealer="1" win="0" bet="20" muck="1" rebuy="0" addon="0" merge="0" rebuychips="0" reg_code="5083902648"/>
</players>
</general>
<round no="0"><action no="1" player="KOPKHUNKRAP" type="15" sum="5"/>
<action no="2" player="Marcocos931" type="15" discard="1" dealt="1" sum="5"/>
<action no="3" player="KOPKHUNKRAP" type="1" sum="15"/>
<action no="4" player="Marcocos931" type="2" discard="1" dealt="1" sum="30"/>
</round>
<round no="1"><cards type="Pocket" player="Marcocos931">X X</cards>
<cards type="Pocket" player="KOPKHUNKRAP">H6 S2</cards>
<action no="5" player="KOPKHUNKRAP" type="0" sum="0"/>
</round>
</game>
<game gamecode="6572520173"><general>
<startdate>2025-12-27 02:41:54</startdate>
<round>1</round>
<failsafecounter/>
<players><player seat="3" name="KOPKHUNKRAP" chips="440" dealer="0" win="0" bet="440" muck="0" rebuy="0" addon="0" merge="0" rebuychips="0" reg_code="5083902648"/>
<player seat="6" name="Marcocos931" chips="1,060" dealer="1" win="880" bet="440" muck="0" rebuy="0" addon="0" merge="0" rebuychips="0" reg_code="5083903203"/>
</players>
</general>
<round no="0"><action no="1" player="Marcocos931" type="15" discard="1" dealt="1" sum="5"/>
<action no="2" player="KOPKHUNKRAP" type="15" sum="5"/>
<action no="3" player="Marcocos931" type="1" discard="1" dealt="1" sum="15"/>
<action no="4" player="KOPKHUNKRAP" type="2" sum="30"/>
</round>
<round no="1"><cards type="Pocket" player="KOPKHUNKRAP">D3 H3</cards>
<cards type="Pocket" player="Marcocos931">SK C9</cards>
<action no="5" player="Marcocos931" type="23" discard="1" dealt="1" sum="90"/>
<action no="6" player="KOPKHUNKRAP" type="23" sum="435"/>
<action no="7" player="Marcocos931" type="3" discard="1" dealt="1" sum="345"/>
</round>
<round no="2"><cards type="Flop">C8 HK DK</cards>
</round>
<round no="3"><cards type="Turn">SJ</cards>
</round>
<round no="4"><cards type="River">D10</cards>
</round>
</game>
</session>
