<?xml version="1.0" encoding="UTF-8"?>
<session sessioncode="5083625038">
<general>
<client_version>25.7.1.50</client_version>
<mode>real</mode>
<gametype>Holdem NL</gametype>
<tablename>Twister €100 SNG, 824768952</tablename>
<tournamentcode>824768951</tournamentcode>
<tournamentname>Twister €100 SNG</tournamentname>
<buyin>€0 + €7 + €93</buyin>
<totalbuyin>€100</totalbuyin>
<rewarddrawn>€200</rewarddrawn>
<tournamentcurrency>EUR</tournamentcurrency>
<currency>EUR</currency>
<nickname>KOPKHUNKRAP</nickname>
<gamecount>20</gamecount>
<startdate>2025-12-26 06:04:01</startdate>
<place>1</place>
<win>€200</win>
<tablesize>3</tablesize>
</general>
<game gamecode="6571397277"><general>
<startdate>2025-12-26 06:04:16</startdate>
<round>1</round>
<failsafecounter/>
<players><player seat="6" name="Zeeria" chips="500" dealer="0" win="0" bet="20" muck="1" rebuy="0" addon="0" merge="0" rebuychips="0" reg_code="5083627891"/>
<player seat="10" name="Giulio0812" chips="500" dealer="1" win="0" bet="20" muck="1" rebuy="0" addon="0" merge="0" rebuychips="0" reg_code="5083627909"/>
<player seat="3" name="KOPKHUNKRAP" chips="500" dealer="0" win="60" bet="20" muck="0" rebuy="0" addon="0" merge="0" rebuychips="0" reg_code="5083625038"/>
</players>
</general>
<round no="0"><action no="1" player="KOPKHUNKRAP" type="1" sum="10"/>
<action no="2" player="Zeeria" type="2" discard="1" dealt="1" sum="20"/>
</round>
<round no="1"><cards type="Pocket" player="KOPKHUNKRAP">C9 HQ</cards>
<cards type="Pocket" player="Zeeria">S7 H4</cards>
<cards type="Pocket" player="Giulio0812">H7 SJ</cards>
<action no="3" player="Giulio0812" type="3" discard="1" dealt="1" sum="20"/>
<action no="4" player="KOPKHUNKRAP" type="3" sum="10"/>
<action no="5" player="Zeeria" type="4" discard="1" dealt="1" sum="0"/>
</round>
<round no="2"><cards type="Flop">H8 HA H10</cards>
<action no="6" player="KOPKHUNKRAP" type="4" sum="0"/>
<action no="7" player="Zeeria" type="4" discard="1" dealt="1" sum="0"/>
<action no="8" player="Giulio0812" type="4" discard="1" dealt="1" sum="0"/>
</round>
<round no="3"><cards type="Turn">S3</cards>
<action no="9" player="KOPKHUNKRAP" type="4" sum="0"/>
<action no="10" player="Zeeria" type="4" discard="1" dealt="1" sum="0"/>
<action no="11" player="Giulio0812" type="4" discard="1" dealt="1" sum="0"/>
</round>
<round no="4"><cards type="River">C3</cards>
<action no="12" player="KOPKHUNKRAP" type="4" sum="0"/>
<action no="13" player="Zeeria" type="4" discard="1" dealt="1" sum="0"/>
<action no="14" player="Giulio0812" type="4" discard="1" dealt="1" sum="0"/>
</round>
</game>
<game gamecode="6571397304"><general>
<startdate>2025-12-26 06:05:03</startdate>
<round>1</round>
<failsafecounter/>
<players><player seat="10" name="Giulio0812" chips="480" dealer="0" win="0" bet="190" muck="1" rebuy="0" addon="0" merge="0" rebuychips="0" reg_code="5083627909"/>
<player seat="3" name="KOPKHUNKRAP" chips="540" dealer="1" win="0" bet="0" muck="1" rebuy="0" addon="0" merge="0" rebuychips="0" reg_code="5083625038"/>
<player seat="6" name="Zeeria" chips="480" dealer="0" win="380" bet="480" muck="1" rebuy="0" addon="0" merge="0" rebuychips="0" reg_code="5083627891"/>
</players>
</general>
<round no="0"><action no="1" player="Zeeria" type="1" discard="1" dealt="1" sum="10"/>
<action no="2" player="Giulio0812" type="2" discard="1" dealt="1" sum="20"/>
</round>
<round no="1"><cards type="Pocket" player="Zeeria">X X</cards>
<cards type="Pocket" player="Giulio0812">X X</cards>
<cards type="Pocket" player="KOPKHUNKRAP">H6 SQ</cards>
<action no="3" player="KOPKHUNKRAP" type="0" sum="0"/>
<action no="4" player="Zeeria" type="23" discard="1" dealt="1" sum="50"/>
<action no="5" player="Giulio0812" type="3" discard="1" dealt="1" sum="30"/>
</round>
<round no="2"><cards type="Flop">S4 H10 SJ</cards>
<action no="6" player="Zeeria" type="4" discard="1" dealt="1" sum="0"/>
<action no="7" player="Giulio0812" type="5" discard="1" dealt="1" sum="60"/>
<action no="8" player="Zeeria" type="3" discard="1" dealt="1" sum="60"/>
</round>
<round no="3"><cards type="Turn">DK</cards>
<action no="9" player="Zeeria" type="4" discard="1" dealt="1" sum="0"/>
<action no="10" player="Giulio0812" type="5" discard="1" dealt="1" sum="80"/>
<action no="11" player="Zeeria" type="23" discard="1" dealt="1" sum="370"/>
<action no="12" player="Giulio0812" type="0" discard="1" dealt="1" sum="0"/>
</round>
</game>
<game gamecode="6571397316"><general>
<startdate>2025-12-26 06:05:31</startdate>
<round>1</round>
<failsafecounter/>
<players><player seat="3" name="KOPKHUNKRAP" chips="540" dealer="0" win="80" bet="100" muck="1" rebuy="0" addon="0" merge="0" rebuychips="0" reg_code="5083625038"/>
<player seat="6" name="Zeeria" chips="670" dealer="1" win="0" bet="0" muck="1" rebuy="0" addon="0" merge="0" rebuychips="0" reg_code="5083627891"/>
<player seat="10" name="Giulio0812" chips="290" dealer="0" win="0" bet="40" muck="1" rebuy="0" addon="0" merge="0" rebuychips="0" reg_code="5083627909"/>
</players>
</general>
<round no="0"><action no="1" player="Giulio0812" type="1" discard="1" dealt="1" sum="10"/>
<action no="2" player="KOPKHUNKRAP" type="2" sum="20"/>
</round>
<round no="1"><cards type="Pocket" player="KOPKHUNKRAP">C6 S8</cards>
<cards type="Pocket" player="Giulio0812">X X</cards>
<cards type="Pocket" player="Zeeria">X X</cards>
<action no="3" player="Zeeria" type="0" discard="1" dealt="1" sum="0"/>
<action no="4" player="Giulio0812" type="3" discard="1" dealt="1" sum="10"/>
<action no="5" player="KOPKHUNKRAP" type="4" sum="0"/>
</round>
<round no="2"><cards type="Flop">H6 D8 S4</cards>
<action no="6" player="Giulio0812" type="4" discard="1" dealt="1" sum="0"/>
<action no="7" player="KOPKHUNKRAP" type="5" sum="20"/>
<action no="8" player="Giulio0812" type="3" discard="1" dealt="1" sum="20"/>
</round>
<round no="3"><cards type="Turn">CQ</cards>
<action no="9" player="Giulio0812" type="4" discard="1" dealt="1" sum="0"/>
<action no="10" player="KOPKHUNKRAP" type="5" sum="60"/>
<action no="11" player="Giulio0812" type="0" discard="1" dealt="1" sum="0"/>
</round>
</game>
<game gamecode="6571397323"><general>
<startdate>2025-12-26 06:05:47</startdate>
<round>1</round>
<failsafecounter/>
<players><player seat="6" name="Zeeria" chips="670" dealer="0" win="0" bet="20" muck="1" rebuy="0" addon="0" merge="0" rebuychips="0" reg_code="5083627891"/>
<player seat="10" name="Giulio0812" chips="250" dealer="1" win="0" bet="20" muck="1" rebuy="0" addon="0" merge="0" rebuychips="0" reg_code="5083627909"/>
<player seat="3" name="KOPKHUNKRAP" chips="580" dealer="0" win="60" bet="20" muck="0" rebuy="0" addon="0" merge="0" rebuychips="0" reg_code="5083625038"/>
</players>
</general>
<round no="0"><action no="1" player="KOPKHUNKRAP" type="1" sum="10"/>
<action no="2" player="Zeeria" type="2" discard="1" dealt="1" sum="20"/>
</round>
<round no="1"><cards type="Pocket" player="Giulio0812">H8 C10</cards>
<cards type="Pocket" player="KOPKHUNKRAP">SQ C9</cards>
<cards type="Pocket" player="Zeeria">C8 C5</cards>
<action no="3" player="Giulio0812" type="3" discard="1" dealt="1" sum="20"/>
<action no="4" player="KOPKHUNKRAP" type="3" sum="10"/>
<action no="5" player="Zeeria" type="4" discard="1" dealt="1" sum="0"/>
</round>
<round no="2"><cards type="Flop">S2 CA S6</cards>
<action no="6" player="KOPKHUNKRAP" type="4" sum="0"/>
<action no="7" player="Zeeria" type="4" discard="1" dealt="1" sum="0"/>
<action no="8" player="Giulio0812" type="4" discard="1" dealt="1" sum="0"/>
</round>
<round no="3"><cards type="Turn">SK</cards>
<action no="9" player="KOPKHUNKRAP" type="4" sum="0"/>
<action no="10" player="Zeeria" type="4" discard="1" dealt="1" sum="0"/>
<action no="11" player="Giulio0812" type="4" discard="1" dealt="1" sum="0"/>
</round>
<round no="4"><cards type="River">D2</cards>
<action no="12" player="KOPKHUNKRAP" type="4" sum="0"/>
<action no="13" player="Zeeria" type="4" discard="1" dealt="1" sum="0"/>
<action no="14" player="Giulio0812" type="4" discard="1" dealt="1" sum="0"/>
</round>
</game>
<game gamecode="6571397348"><general>
<startdate>2025-12-26 06:06:40</startdate>
<round>1</round>
<failsafecounter/>
<players><player seat="10" name="Giulio0812" chips="230" dealer="0" win="45" bet="35" muck="1" rebuy="0" addon="0" merge="0" rebuychips="0" reg_code="5083627909"/>
<player seat="3" name="KOPKHUNKRAP" chips="620" dealer="1" win="0" bet="5" muck="1" rebuy="0" addon="0" merge="0" rebuychips="0" reg_code="5083625038"/>
<player seat="6" name="Zeeria" chips="650" dealer="0" win="0" bet="20" muck="1" rebuy="0" addon="0" merge="0" rebuychips="0" reg_code="5083627891"/>
</players>
</general>
<round no="0"><action no="1" player="Zeeria" type="15" discard="1" dealt="1" sum="5"/>
<action no="2" player="Giulio0812" type="15" discard="1" dealt="1" sum="5"/>
<action no="3" player="KOPKHUNKRAP" type="15" sum="5"/>
<action no="4" player="Zeeria" type="1" discard="1" dealt="1" sum="15"/>
<action no="5" player="Giulio0812" type="2" discard="1" dealt="1" sum="30"/>
</round>
<round no="1"><cards type="Pocket" player="KOPKHUNKRAP">C6 S8</cards>
<cards type="Pocket" player="Giulio0812">X X</cards>
<cards type="Pocket" player="Zeeria">X X</cards>
<action no="6" player="KOPKHUNKRAP" type="0" sum="0"/>
<action no="7" player="Zeeria" type="0" discard="1" dealt="1" sum="0"/>
</round>
</game>
<game gamecode="6571397353"><general>
<startdate>2025-12-26 06:06:48</startdate>
<round>1</round>
<failsafecounter/>
<players><player seat="3" name="KOPKHUNKRAP" chips="615" dealer="0" win="0" bet="35" muck="1" rebuy="0" addon="0" merge="0" rebuychips="0" reg_code="5083625038"/>
<player seat="6" name="Zeeria" chips="630" dealer="1" win="0" bet="5" muck="1" rebuy="0" addon="0" merge="0" rebuychips="0" reg_code="5083627891"/>
<player seat="10" name="Giulio0812" chips="255" dealer="0" win="75" bet="95" muck="1" rebuy="0" addon="0" merge="0" rebuychips="0" reg_code="5083627909"/>
</players>
</general>
<round no="0"><action no="1" player="Giulio0812" type="15" discard="1" dealt="1" sum="5"/>
<action no="2" player="KOPKHUNKRAP" type="15" sum="5"/>
<action no="3" player="Zeeria" type="15" discard="1" dealt="1" sum="5"/>
<action no="4" player="Giulio0812" type="1" discard="1" dealt="1" sum="15"/>
<action no="5" player="KOPKHUNKRAP" type="2" sum="30"/>
</round>
<round no="1"><cards type="Pocket" player="KOPKHUNKRAP">D5 CJ</cards>
<cards type="Pocket" player="Giulio0812">X X</cards>
<cards type="Pocket" player="Zeeria">X X</cards>
<action no="6" player="Zeeria" type="0" discard="1" dealt="1" sum="0"/>
<action no="7" player="Giulio0812" type="23" discard="1" dealt="1" sum="90"/>
<action no="8" player="KOPKHUNKRAP" type="0" sum="0"/>
</round>
</game>
<game gamecode="6571397357"><general>
<startdate>2025-12-26 06:07:01</startdate>
<round>1</round>
<failsafecounter/>
<players><player seat="6" name="Zeeria" chips="625" dealer="0" win="0" bet="35" muck="1" rebuy="0" addon="0" merge="0" rebuychips="0" reg_code="5083627891"/>
<player seat="10" name="Giulio0812" chips="295" dealer="1" win="105" bet="65" muck="1" rebuy="0" addon="0" merge="0" rebuychips="0" reg_code="5083627909"/>
<player seat="3" name="KOPKHUNKRAP" chips="580" dealer="0" win="0" bet="35" muck="1" rebuy="0" addon="0" merge="0" rebuychips="0" reg_code="5083625038"/>
</players>
</general>
<round no="0"><action no="1" player="KOPKHUNKRAP" type="15" sum="5"/>
<action no="2" player="Zeeria" type="15" discard="1" dealt="1" sum="5"/>
<action no="3" player="Giulio0812" type="15" discard="1" dealt="1" sum="5"/>
<action no="4" player="KOPKHUNKRAP" type="1" sum="15"/>
<action no="5" player="Zeeria" type="2" discard="1" dealt="1" sum="30"/>
</round>
<round no="1"><cards type="Pocket" player="Giulio0812">X X</cards>
<cards type="Pocket" player="KOPKHUNKRAP">S5 H6</cards>
<cards type="Pocket" player="Zeeria">X X</cards>
<action no="6" player="Giulio0812" type="3" discard="1" dealt="1" sum="30"/>
<action no="7" player="KOPKHUNKRAP" type="3" sum="15"/>
<action no="8" player="Zeeria" type="4" discard="1" dealt="1" sum="0"/>
</round>
<round no="2"><cards type="Flop">C4 DA C10</cards>
<action no="9" player="KOPKHUNKRAP" type="4" sum="0"/>
<action no="10" player="Zeeria" type="4" discard="1" dealt="1" sum="0"/>
<action no="11" player="Giulio0812" type="5" discard="1" dealt="1" sum="30"/>
<action no="12" player="KOPKHUNKRAP" type="0" sum="0"/>
<action no="13" player="Zeeria" type="0" discard="1" dealt="1" sum="0"/>
</round>
</game>
<game gamecode="6571397374"><general>
<startdate>2025-12-26 06:07:34</startdate>
<round>1</round>
<failsafecounter/>
<players><player seat="10" name="Giulio0812" chips="365" dealer="0" win="0" bet="35" muck="1" rebuy="0" addon="0" merge="0" rebuychips="0" reg_code="5083627909"/>
<player seat="3" name="KOPKHUNKRAP" chips="545" dealer="1" win="0" bet="65" muck="1" rebuy="0" addon="0" merge="0" rebuychips="0" reg_code="5083625038"/>
<player seat="6" name="Zeeria" chips="590" dealer="0" win="165" bet="590" muck="1" rebuy="0" addon="0" merge="0" rebuychips="0" reg_code="5083627891"/>
</players>
</general>
<round no="0"><action no="1" player="Zeeria" type="15" discard="1" dealt="1" sum="5"/>
<action no="2" player="Giulio0812" type="15" discard="1" dealt="1" sum="5"/>
<action no="3" player="KOPKHUNKRAP" type="15" sum="5"/>
<action no="4" player="Zeeria" type="1" discard="1" dealt="1" sum="15"/>
<action no="5" player="Giulio0812" type="2" discard="1" dealt="1" sum="30"/>
</round>
<round no="1"><cards type="Pocket" player="Giulio0812">X X</cards>
<cards type="Pocket" player="KOPKHUNKRAP">SJ S9</cards>
<cards type="Pocket" player="Zeeria">X X</cards>
<action no="6" player="KOPKHUNKRAP" type="23" sum="60"/>
<action no="7" player="Zeeria" type="23" discard="1" dealt="1" sum="585"/>
<action no="8" player="Giulio0812" type="0" discard="1" dealt="1" sum="0"/>
<action no="9" player="KOPKHUNKRAP" type="0" sum="0"/>
</round>
</game>
<game gamecode="6571397386"><general>
<startdate>2025-12-26 06:08:03</startdate>
<round>1</round>
<failsafecounter/>
<players><player seat="3" name="KOPKHUNKRAP" chips="480" dealer="0" win="0" bet="45" muck="1" rebuy="0" addon="0" merge="0" rebuychips="0" reg_code="5083625038"/>
<player seat="6" name="Zeeria" chips="690" dealer="1" win="0" bet="5" muck="1" rebuy="0" addon="0" merge="0" rebuychips="0" reg_code="5083627891"/>
<player seat="10" name="Giulio0812" chips="330" dealer="0" win="95" bet="85" muck="1" rebuy="0" addon="0" merge="0" rebuychips="0" reg_code="5083627909"/>
</players>
</general>
<round no="0"><action no="1" player="Giulio0812" type="15" discard="1" dealt="1" sum="5"/>
<action no="2" player="KOPKHUNKRAP" type="15" sum="5"/>
<action no="3" player="Zeeria" type="15" discard="1" dealt="1" sum="5"/>
<action no="4" player="Giulio0812" type="1" discard="1" dealt="1" sum="20"/>
<action no="5" player="KOPKHUNKRAP" type="2" sum="40"/>
</round>
<round no="1"><cards type="Pocket" player="Zeeria">X X</cards>
<cards type="Pocket" player="KOPKHUNKRAP">H10 H2</cards>
<cards type="Pocket" player="Giulio0812">X X</cards>
<action no="6" player="Zeeria" type="0" discard="1" dealt="1" sum="0"/>
<action no="7" player="Giulio0812" type="3" discard="1" dealt="1" sum="20"/>
<action no="8" player="KOPKHUNKRAP" type="4" sum="0"/>
</round>
<round no="2"><cards type="Flop">S9 CA C8</cards>
<action no="9" player="Giulio0812" type="5" discard="1" dealt="1" sum="40"/>
<action no="10" player="KOPKHUNKRAP" type="0" sum="0"/>
</round>
</game>
<game gamecode="6571397397"><general>
<startdate>2025-12-26 06:08:29</startdate>
<round>1</round>
<failsafecounter/>
<players><player seat="6" name="Zeeria" chips="685" dealer="0" win="55" bet="45" muck="1" rebuy="0" addon="0" merge="0" rebuychips="0" reg_code="5083627891"/>
<player seat="10" name="Giulio0812" chips="380" dealer="1" win="0" bet="5" muck="1" rebuy="0" addon="0" merge="0" rebuychips="0" reg_code="5083627909"/>
<player seat="3" name="KOPKHUNKRAP" chips="435" dealer="0" win="0" bet="25" muck="1" rebuy="0" addon="0" merge="0" rebuychips="0" reg_code="5083625038"/>
</players>
</general>
<round no="0"><action no="1" player="KOPKHUNKRAP" type="15" sum="5"/>
<action no="2" player="Zeeria" type="15" discard="1" dealt="1" sum="5"/>
<action no="3" player="Giulio0812" type="15" discard="1" dealt="1" sum="5"/>
<action no="4" player="KOPKHUNKRAP" type="1" sum="20"/>
<action no="5" player="Zeeria" type="2" discard="1" dealt="1" sum="40"/>
</round>
<round no="1"><cards type="Pocket" player="KOPKHUNKRAP">D6 H4</cards>
<cards type="Pocket" player="Zeeria">X X</cards>
<cards type="Pocket" player="Giulio0812">X X</cards>
<action no="6" player="Giulio0812" type="0" discard="1" dealt="1" sum="0"/>
<action no="7" player="KOPKHUNKRAP" type="0" sum="0"/>
</round>
</game>
<game gamecode="6571397400"><general>
<startdate>2025-12-26 06:08:40</startdate>
<round>1</round>
<failsafecounter/>
<players><player seat="10" name="Giulio0812" chips="375" dealer="0" win="0" bet="45" muck="1" rebuy="0" addon="0" merge="0" rebuychips="0" reg_code="5083627909"/>
<player seat="3" name="KOPKHUNKRAP" chips="410" dealer="1" win="0" bet="5" muck="1" rebuy="0" addon="0" merge="0" rebuychips="0" reg_code="5083625038"/>
<player seat="6" name="Zeeria" chips="715" dealer="0" win="95" bet="85" muck="1" rebuy="0" addon="0" merge="0" rebuychips="0" reg_code="5083627891"/>
</players>
</general>
<round no="0"><action no="1" player="Zeeria" type="15" discard="1" dealt="1" sum="5"/>
<action no="2" player="Giulio0812" type="15" discard="1" dealt="1" sum="5"/>
<action no="3" player="KOPKHUNKRAP" type="15" sum="5"/>
<action no="4" player="Zeeria" type="1" discard="1" dealt="1" sum="20"/>
<action no="5" player="Giulio0812" type="2" discard="1" dealt="1" sum="40"/>
</round>
<round no="1"><cards type="Pocket" player="KOPKHUNKRAP">D4 D3</cards>
<cards type="Pocket" player="Zeeria">X X</cards>
<cards type="Pocket" player="Giulio0812">X X</cards>
<action no="6" player="KOPKHUNKRAP" type="0" sum="0"/>
<action no="7" player="Zeeria" type="23" discard="1" dealt="1" sum="80"/>
<action no="8" player="Giulio0812" type="0" discard="1" dealt="1" sum="0"/>
</round>
</game>
<game gamecode="6571397401"><general>
<startdate>2025-12-26 06:08:52</startdate>
<round>1</round>
<failsafecounter/>
<players><player seat="3" name="KOPKHUNKRAP" chips="405" dealer="0" win="0" bet="45" muck="1" rebuy="0" addon="0" merge="0" rebuychips="0" reg_code="5083625038"/>
<player seat="6" name="Zeeria" chips="765" dealer="1" win="0" bet="5" muck="1" rebuy="0" addon="0" merge="0" rebuychips="0" reg_code="5083627891"/>
<player seat="10" name="Giulio0812" chips="330" dealer="0" win="95" bet="85" muck="1" rebuy="0" addon="0" merge="0" rebuychips="0" reg_code="5083627909"/>
</players>
</general>
<round no="0"><action no="1" player="Giulio0812" type="15" discard="1" dealt="1" sum="5"/>
<action no="2" player="KOPKHUNKRAP" type="15" sum="5"/>
<action no="3" player="Zeeria" type="15" discard="1" dealt="1" sum="5"/>
<action no="4" player="Giulio0812" type="1" discard="1" dealt="1" sum="20"/>
<action no="5" player="KOPKHUNKRAP" type="2" sum="40"/>
</round>
<round no="1"><cards type="Pocket" player="KOPKHUNKRAP">D10 C7</cards>
<cards type="Pocket" player="Giulio0812">X X</cards>
<cards type="Pocket" player="Zeeria">X X</cards>
<action no="6" player="Zeeria" type="0" discard="1" dealt="1" sum="0"/>
<action no="7" player="Giulio0812" type="3" discard="1" dealt="1" sum="20"/>
<action no="8" player="KOPKHUNKRAP" type="4" sum="0"/>
</round>
<round no="2"><cards type="Flop">HJ H3 SA</cards>
<action no="9" player="Giulio0812" type="4" discard="1" dealt="1" sum="0"/>
<action no="10" player="KOPKHUNKRAP" type="4" sum="0"/>
</round>
<round no="3"><cards type="Turn">CJ</cards>
<action no="11" player="Giulio0812" type="5" discard="1" dealt="1" sum="40"/>
<action no="12" player="KOPKHUNKRAP" type="0" sum="0"/>
</round>
</game>
<game gamecode="6571397410"><general>
<startdate>2025-12-26 06:09:08</startdate>
<round>1</round>
<failsafecounter/>
<players><player seat="6" name="Zeeria" chips="760" dealer="0" win="0" bet="85" muck="1" rebuy="0" addon="0" merge="0" rebuychips="0" reg_code="5083627891"/>
<player seat="10" name="Giulio0812" chips="380" dealer="1" win="195" bet="85" muck="0" rebuy="0" addon="0" merge="0" rebuychips="0" reg_code="5083627909"/>
<player seat="3" name="KOPKHUNKRAP" chips="360" dealer="0" win="0" bet="25" muck="1" rebuy="0" addon="0" merge="0" rebuychips="0" reg_code="5083625038"/>
</players>
</general>
<round no="0"><action no="1" player="KOPKHUNKRAP" type="15" sum="5"/>
<action no="2" player="Zeeria" type="15" discard="1" dealt="1" sum="5"/>
<action no="3" player="Giulio0812" type="15" discard="1" dealt="1" sum="5"/>
<action no="4" player="KOPKHUNKRAP" type="1" sum="20"/>
<action no="5" player="Zeeria" type="2" discard="1" dealt="1" sum="40"/>
</round>
<round no="1"><cards type="Pocket" player="KOPKHUNKRAP">S3 DQ</cards>
<cards type="Pocket" player="Zeeria">DJ C4</cards>
<cards type="Pocket" player="Giulio0812">HA CK</cards>
<action no="6" player="Giulio0812" type="3" discard="1" dealt="1" sum="40"/>
<action no="7" player="KOPKHUNKRAP" type="0" sum="0"/>
<action no="8" player="Zeeria" type="4" discard="1" dealt="1" sum="0"/>
</round>
<round no="2"><cards type="Flop">H2 SJ C9</cards>
<action no="9" player="Zeeria" type="4" discard="1" dealt="1" sum="0"/>
<action no="10" player="Giulio0812" type="4" discard="1" dealt="1" sum="0"/>
</round>
<round no="3"><cards type="Turn">CA</cards>
<action no="11" player="Zeeria" type="4" discard="1" dealt="1" sum="0"/>
<action no="12" player="Giulio0812" type="5" discard="1" dealt="1" sum="40"/>
<action no="13" player="Zeeria" type="3" discard="1" dealt="1" sum="40"/>
</round>
<round no="4"><cards type="River">D9</cards>
<action no="14" player="Zeeria" type="4" discard="1" dealt="1" sum="0"/>
<action no="15" player="Giulio0812" type="4" discard="1" dealt="1" sum="0"/>
</round>
</game>
<game gamecode="6571397418"><general>
<startdate>2025-12-26 06:09:31</startdate>
<round>1</round>
<failsafecounter/>
<players><player seat="10" name="Giulio0812" chips="490" dealer="0" win="75" bet="65" muck="1" rebuy="0" addon="0" merge="0" rebuychips="0" reg_code="5083627909"/>
<player seat="3" name="KOPKHUNKRAP" chips="335" dealer="1" win="0" bet="5" muck="1" rebuy="0" addon="0" merge="0" rebuychips="0" reg_code="5083625038"/>
<player seat="6" name="Zeeria" chips="675" dealer="0" win="0" bet="35" muck="1" rebuy="0" addon="0" merge="0" rebuychips="0" reg_code="5083627891"/>
</players>
</general>
<round no="0"><action no="1" player="Zeeria" type="15" discard="1" dealt="1" sum="5"/>
<action no="2" player="Giulio0812" type="15" discard="1" dealt="1" sum="5"/>
<action no="3" player="KOPKHUNKRAP" type="15" sum="5"/>
<action no="4" player="Zeeria" type="1" discard="1" dealt="1" sum="30"/>
<action no="5" player="Giulio0812" type="2" discard="1" dealt="1" sum="60"/>
</round>
<round no="1"><cards type="Pocket" player="KOPKHUNKRAP">D2 D10</cards>
<cards type="Pocket" player="Zeeria">X X</cards>
<cards type="Pocket" player="Giulio0812">X X</cards>
<action no="6" player="KOPKHUNKRAP" type="0" sum="0"/>
<action no="7" player="Zeeria" type="0" discard="1" dealt="1" sum="0"/>
</round>
</game>
<game gamecode="6571397422"><general>
<startdate>2025-12-26 06:09:41</startdate>
<round>1</round>
<failsafecounter/>
<players><player seat="3" name="KOPKHUNKRAP" chips="330" dealer="0" win="135" bet="330" muck="1" rebuy="0" addon="0" merge="0" rebuychips="0" reg_code="5083625038"/>
<player seat="6" name="Zeeria" chips="640" dealer="1" win="0" bet="5" muck="1" rebuy="0" addon="0" merge="0" rebuychips="0" reg_code="5083627891"/>
<player seat="10" name="Giulio0812" chips="530" dealer="0" win="0" bet="65" muck="1" rebuy="0" addon="0" merge="0" rebuychips="0" reg_code="5083627909"/>
</players>
</general>
<round no="0"><action no="1" player="Giulio0812" type="15" discard="1" dealt="1" sum="5"/>
<action no="2" player="KOPKHUNKRAP" type="15" sum="5"/>
<action no="3" player="Zeeria" type="15" discard="1" dealt="1" sum="5"/>
<action no="4" player="Giulio0812" type="1" discard="1" dealt="1" sum="30"/>
<action no="5" player="KOPKHUNKRAP" type="2" sum="60"/>
</round>
<round no="1"><cards type="Pocket" player="Giulio0812">X X</cards>
<cards type="Pocket" player="Zeeria">X X</cards>
<cards type="Pocket" player="KOPKHUNKRAP">H9 CA</cards>
<action no="6" player="Zeeria" type="0" discard="1" dealt="1" sum="0"/>
<action no="7" player="Giulio0812" type="3" discard="1" dealt="1" sum="30"/>
<action no="8" player="KOPKHUNKRAP" type="23" sum="325"/>
<action no="9" player="Giulio0812" type="0" discard="1" dealt="1" sum="0"/>
</round>
</game>
<game gamecode="6571397429"><general>
<startdate>2025-12-26 06:09:53</startdate>
<round>1</round>
<failsafecounter/>
<players><player seat="6" name="Zeeria" chips="635" dealer="0" win="0" bet="400" muck="1" rebuy="0" addon="0" merge="0" rebuychips="0" reg_code="5083627891"/>
<player seat="10" name="Giulio0812" chips="465" dealer="1" win="0" bet="5" muck="1" rebuy="0" addon="0" merge="0" rebuychips="0" reg_code="5083627909"/>
<player seat="3" name="KOPKHUNKRAP" chips="400" dealer="0" win="805" bet="400" muck="0" rebuy="0" addon="0" merge="0" rebuychips="0" reg_code="5083625038"/>
</players>
</general>
<round no="0"><action no="1" player="KOPKHUNKRAP" type="15" sum="5"/>
<action no="2" player="Zeeria" type="15" discard="1" dealt="1" sum="5"/>
<action no="3" player="Giulio0812" type="15" discard="1" dealt="1" sum="5"/>
<action no="4" player="KOPKHUNKRAP" type="1" sum="30"/>
<action no="5" player="Zeeria" type="2" discard="1" dealt="1" sum="60"/>
</round>
<round no="1"><cards type="Pocket" player="Zeeria">C10 HK</cards>
<cards type="Pocket" player="KOPKHUNKRAP">H5 H4</cards>
<cards type="Pocket" player="Giulio0812">X X</cards>
<action no="6" player="Giulio0812" type="0" discard="1" dealt="1" sum="0"/>
<action no="7" player="KOPKHUNKRAP" type="23" sum="395"/>
<action no="8" player="Zeeria" type="3" discard="1" dealt="1" sum="335"/>
</round>
<round no="2"><cards type="Flop">HA S7 S4</cards>
</round>
<round no="3"><cards type="Turn">D2</cards>
</round>
<round no="4"><cards type="River">CA</cards>
</round>
</game>
<game gamecode="6571397434"><general>
<startdate>2025-12-26 06:10:12</startdate>
<round>1</round>
<failsafecounter/>
<players><player seat="10" name="Giulio0812" chips="460" dealer="0" win="0" bet="65" muck="1" rebuy="0" addon="0" merge="0" rebuychips="0" reg_code="5083627909"/>
<player seat="3" name="KOPKHUNKRAP" chips="805" dealer="1" win="535" bet="805" muck="0" rebuy="0" addon="0" merge="0" rebuychips="0" reg_code="5083625038"/>
<player seat="6" name="Zeeria" chips="235" dealer="0" win="0" bet="235" muck="1" rebuy="0" addon="0" merge="0" rebuychips="0" reg_code="5083627891"/>
</players>
</general>
<round no="0"><action no="1" player="Zeeria" type="15" discard="1" dealt="1" sum="5"/>
<action no="2" player="Giulio0812" type="15" discard="1" dealt="1" sum="5"/>
<action no="3" player="KOPKHUNKRAP" type="15" sum="5"/>
<action no="4" player="Zeeria" type="1" discard="1" dealt="1" sum="30"/>
<action no="5" player="Giulio0812" type="2" discard="1" dealt="1" sum="60"/>
</round>
<round no="1"><cards type="Pocket" player="Zeeria">C7 C6</cards>
<cards type="Pocket" player="Giulio0812">X X</cards>
<cards type="Pocket" player="KOPKHUNKRAP">DA C3</cards>
<action no="6" player="KOPKHUNKRAP" type="23" sum="800"/>
<action no="7" player="Zeeria" type="7" discard="1" dealt="1" sum="200"/>
<action no="8" player="Giulio0812" type="0" discard="1" dealt="1" sum="0"/>
</round>
<round no="2"><cards type="Flop">HQ DJ D2</cards>
</round>
<round no="3"><cards type="Turn">CQ</cards>
</round>
<round no="4"><cards type="River">H5</cards>
</round>
</game>
<game gamecode="6571397441"><general>
<startdate>2025-12-26 06:10:29</startdate>
<round>1</round>
<failsafecounter/>
<players><player seat="3" name="KOPKHUNKRAP" chips="1,105" dealer="0" win="0" bet="65" muck="1" rebuy="0" addon="0" merge="0" rebuychips="0" reg_code="5083625038"/>
<player seat="10" name="Giulio0812" chips="395" dealer="1" win="130" bet="245" muck="1" rebuy="0" addon="0" merge="0" rebuychips="0" reg_code="5083627909"/>
</players>
</general>
<round no="0"><action no="1" player="Giulio0812" type="15" discard="1" dealt="1" sum="5"/>
<action no="2" player="KOPKHUNKRAP" type="15" sum="5"/>
<action no="3" player="Giulio0812" type="1" discard="1" dealt="1" sum="30"/>
<action no="4" player="KOPKHUNKRAP" type="2" sum="60"/>
</round>
<round no="1"><cards type="Pocket" player="Giulio0812">X X</cards>
<cards type="Pocket" player="KOPKHUNKRAP">H3 D7</cards>
<action no="5" player="Giulio0812" type="3" discard="1" dealt="1" sum="30"/>
<action no="6" player="KOPKHUNKRAP" type="4" sum="0"/>
</round>
<round no="2"><cards type="Flop">H6 C3 D4</cards>
<action no="7" player="KOPKHUNKRAP" type="4" sum="0"/>
<action no="8" player="Giulio0812" type="4" discard="1" dealt="1" sum="0"/>
</round>
<round no="3"><cards type="Turn">D10</cards>
<action no="9" player="KOPKHUNKRAP" type="4" sum="0"/>
<action no="10" player="Giulio0812" type="4" discard="1" dealt="1" sum="0"/>
</round>
<round no="4"><cards type="River">S8</cards>
<action no="11" player="KOPKHUNKRAP" type="4" sum="0"/>
<action no="12" player="Giulio0812" type="5" discard="1" dealt="1" sum="180"/>
<action no="13" player="KOPKHUNKRAP" type="0" sum="0"/>
</round>
</game>
<game gamecode="6571397459"><general>
<startdate>2025-12-26 06:11:19</startdate>
<round>1</round>
<failsafecounter/>
<players><player seat="10" name="Giulio0812" chips="460" dealer="0" win="0" bet="88" muck="1" rebuy="0" addon="0" merge="0" rebuychips="0" reg_code="5083627909"/>
<player seat="3" name="KOPKHUNKRAP" chips="1,040" dealer="1" win="176" bet="1,040" muck="1" rebuy="0" addon="0" merge="0" rebuychips="0" reg_code="5083625038"/>
</players>
</general>
<round no="0"><action no="1" player="KOPKHUNKRAP" type="15" sum="8"/>
<action no="2" player="Giulio0812" type="15" discard="1" dealt="1" sum="8"/>
<action no="3" player="KOPKHUNKRAP" type="1" sum="40"/>
<action no="4" player="Giulio0812" type="2" discard="1" dealt="1" sum="80"/>
</round>
<round no="1"><cards type="Pocket" player="KOPKHUNKRAP">C4 SK</cards>
<cards type="Pocket" player="Giulio0812">X X</cards>
<action no="5" player="KOPKHUNKRAP" type="23" sum="1,032"/>
<action no="6" player="Giulio0812" type="0" discard="1" dealt="1" sum="0"/>
</round>
</game>
<game gamecode="6571397462"><general>
<startdate>2025-12-26 06:11:26</startdate>
<round>1</round>
<failsafecounter/>
<players><player seat="3" name="KOPKHUNKRAP" chips="1,128" dealer="0" win="744" bet="1,128" muck="0" rebuy="0" addon="0" merge="0" rebuychips="0" reg_code="5083625038"/>
<player seat="10" name="Giulio0812" chips="372" dealer="1" win="0" bet="372" muck="1" rebuy="0" addon="0" merge="0" rebuychips="0" reg_code="5083627909"/>
</players>
</general>
<round no="0"><action no="1" player="Giulio0812" type="15" discard="1" dealt="1" sum="8"/>
<action no="2" player="KOPKHUNKRAP" type="15" sum="8"/>
<action no="3" player="Giulio0812" type="1" discard="1" dealt="1" sum="40"/>
<action no="4" player="KOPKHUNKRAP" type="2" sum="80"/>
</round>
<round no="1"><cards type="Pocket" player="Giulio0812">CJ HK</cards>
<cards type="Pocket" player="KOPKHUNKRAP">SK DQ</cards>
<action no="5" player="Giulio0812" type="3" discard="1" dealt="1" sum="40"/>
<action no="6" player="KOPKHUNKRAP" type="23" sum="1,120"/>
<action no="7" player="Giulio0812" type="7" discard="1" dealt="1" sum="284"/>
</round>
<round no="2"><cards type="Flop">C2 C4 D8</cards>
</round>
<round no="3"><cards type="Turn">D2</cards>
</round>
<round no="4"><cards type="River">D6</cards>
</round>
</game>
</session>
