<?xml version="1.0" encoding="UTF-8"?>
<session sessioncode="5083917720">
<general>
<client_version>24.7.1.15</client_version>
<mode>real</mode>
<gametype>Holdem NL</gametype>
<tablename>Twister €2 SNG, 824858505</tablename>
<tournamentcode>824858504</tournamentcode>
<tournamentname>Twister €2 SNG</tournamentname>
<buyin>Token</buyin>
<totalbuyin>€2</totalbuyin>
<rewarddrawn>€8</rewarddrawn>
<tournamentcurrency>EUR</tournamentcurrency>
<currency>EUR</currency>
<nickname>KOPKHUNKRAP</nickname>
<gamecount>1</gamecount>
<startdate>2025-12-27 04:50:02</startdate>
<place>3</place>
<win>€0</win>
<tablesize>3</tablesize>
</general>
<game gamecode="6572579364"><general>
<startdate>2025-12-27 04:50:18</startdate>
<round>1</round>
<failsafecounter/>
<players><player seat="3" name="ciccioctsc" chips="500" dealer="0" win="0" bet="20" muck="1" rebuy="0" addon="0" merge="0" rebuychips="0" reg_code="5083917696"/>
<player seat="6" name="KOPKHUNKRAP" chips="500" dealer="1" win="0" bet="500" muck="0" rebuy="0" addon="0" merge="0" rebuychips="0" reg_code="5083917720"/>
<player seat="10" name="Vale8990" chips="500" dealer="0" win="1,020" bet="500" muck="0" rebuy="0" addon="0" merge="0" rebuychips="0" reg_code="5083917727"/>
</players>
</general>
<round no="0"><action no="1" player="Vale8990" type="1" discard="1" dealt="1" sum="10"/>
<action no="2" player="ciccioctsc" type="2" discard="1" dealt="1" sum="20"/>
</round>
<round no="1"><cards type="Pocket" player="ciccioctsc">X X</cards>
<cards type="Pocket" player="KOPKHUNKRAP">S10 SQ</cards>
<cards type="Pocket" player="Vale8990">H6 D6</cards>
<action no="3" player="KOPKHUNKRAP" type="23" sum="500"/>
<action no="4" player="Vale8990" type="7" discard="1" dealt="1" sum="490"/>
<action no="5" player="ciccioctsc" type="0" discard="1" dealt="1" sum="0"/>
</round>
<round no="2"><cards type="Flop">H9 C5 HK</cards>
</round>
<round no="3"><cards type="Turn">C10</cards>
</round>
<round no="4"><cards type="River">C6</cards>
</round>
</game>
</session>
