<?xml version="1.0" encoding="UTF-8"?>
<session sessioncode="5083898191">
<general>
<client_version>24.7.1.15</client_version>
<mode>real</mode>
<gametype>Holdem NL</gametype>
<tablename>Twister €200 SNG, 824846972</tablename>
<tournamentcode>824846971</tournamentcode>
<tournamentname>Twister €200 SNG</tournamentname>
<buyin>€0 + €12 + €188</buyin>
<totalbuyin>€200</totalbuyin>
<rewarddrawn>€400</rewarddrawn>
<tournamentcurrency>EUR</tournamentcurrency>
<currency>EUR</currency>
<nickname>KOPKHUNKRAP</nickname>
<gamecount>10</gamecount>
<startdate>2025-12-27 02:03:23</startdate>
<place>3</place>
<win>€0</win>
<tablesize>3</tablesize>
</general>
<game gamecode="6572491972"><general>
<startdate>2025-12-27 02:03:39</startdate>
<round>1</round>
<failsafecounter/>
<players><player seat="10" name="Mikeinthebike" chips="500" dealer="0" win="80" bet="100" muck="1" rebuy="0" addon="0" merge="0" rebuychips="0" reg_code="5083898699"/>
<player seat="3" name="OndaBianca1" chips="500" dealer="1" win="0" bet="0" muck="1" rebuy="0" addon="0" merge="0" rebuychips="0" reg_code="5083897660"/>
<player seat="6" name="KOPKHUNKRAP" chips="500" dealer="0" win="0" bet="40" muck="1" rebuy="0" addon="0" merge="0" rebuychips="0" reg_code="5083898191"/>
</players>
</general>
<round no="0"><action no="1" player="KOPKHUNKRAP" type="1" sum="10"/>
<action no="2" player="Mikeinthebike" type="2" discard="1" dealt="1" sum="20"/>
</round>
<round no="1"><cards type="Pocket" player="Mikeinthebike">X X</cards>
<cards type="Pocket" player="OndaBianca1">X X</cards>
<cards type="Pocket" player="KOPKHUNKRAP">HA S4</cards>
<action no="3" player="OndaBianca1" type="0" discard="1" dealt="1" sum="0"/>
<action no="4" player="KOPKHUNKRAP" type="23" sum="40"/>
<action no="5" player="Mikeinthebike" type="23" discard="1" dealt="1" sum="100"/>
<action no="6" player="KOPKHUNKRAP" type="0" sum="0"/>
</round>
</game>
<game gamecode="6572492005"><general>
<startdate>2025-12-27 02:03:56</startdate>
<round>1</round>
<failsafecounter/>
<players><player seat="3" name="OndaBianca1" chips="500" dealer="0" win="0" bet="20" muck="1" rebuy="0" addon="0" merge="0" rebuychips="0" reg_code="5083897660"/>
<player seat="6" name="KOPKHUNKRAP" chips="460" dealer="1" win="0" bet="0" muck="1" rebuy="0" addon="0" merge="0" rebuychips="0" reg_code="5083898191"/>
<player seat="10" name="Mikeinthebike" chips="540" dealer="0" win="40" bet="60" muck="1" rebuy="0" addon="0" merge="0" rebuychips="0" reg_code="5083898699"/>
</players>
</general>
<round no="0"><action no="1" player="Mikeinthebike" type="1" discard="1" dealt="1" sum="10"/>
<action no="2" player="OndaBianca1" type="2" discard="1" dealt="1" sum="20"/>
</round>
<round no="1"><cards type="Pocket" player="Mikeinthebike">X X</cards>
<cards type="Pocket" player="KOPKHUNKRAP">D5 C9</cards>
<cards type="Pocket" player="OndaBianca1">X X</cards>
<action no="3" player="KOPKHUNKRAP" type="0" sum="0"/>
<action no="4" player="Mikeinthebike" type="23" discard="1" dealt="1" sum="60"/>
<action no="5" player="OndaBianca1" type="0" discard="1" dealt="1" sum="0"/>
</round>
</game>
<game gamecode="6572492027"><general>
<startdate>2025-12-27 02:04:08</startdate>
<round>1</round>
<failsafecounter/>
<players><player seat="6" name="KOPKHUNKRAP" chips="460" dealer="0" win="20" bet="20" muck="1" rebuy="0" addon="0" merge="0" rebuychips="0" reg_code="5083898191"/>
<player seat="10" name="Mikeinthebike" chips="560" dealer="1" win="0" bet="0" muck="1" rebuy="0" addon="0" merge="0" rebuychips="0" reg_code="5083898699"/>
<player seat="3" name="OndaBianca1" chips="480" dealer="0" win="0" bet="10" muck="1" rebuy="0" addon="0" merge="0" rebuychips="0" reg_code="5083897660"/>
</players>
</general>
<round no="0"><action no="1" player="OndaBianca1" type="1" discard="1" dealt="1" sum="10"/>
<action no="2" player="KOPKHUNKRAP" type="2" sum="20"/>
</round>
<round no="1"><cards type="Pocket" player="Mikeinthebike">X X</cards>
<cards type="Pocket" player="KOPKHUNKRAP">H4 CJ</cards>
<cards type="Pocket" player="OndaBianca1">X X</cards>
<action no="3" player="Mikeinthebike" type="0" discard="1" dealt="1" sum="0"/>
<action no="4" player="OndaBianca1" type="0" discard="1" dealt="1" sum="0"/>
</round>
</game>
<game gamecode="6572492040"><general>
<startdate>2025-12-27 02:04:17</startdate>
<round>1</round>
<failsafecounter/>
<players><player seat="10" name="Mikeinthebike" chips="560" dealer="0" win="200" bet="200" muck="1" rebuy="0" addon="0" merge="0" rebuychips="0" reg_code="5083898699"/>
<player seat="3" name="OndaBianca1" chips="470" dealer="1" win="0" bet="0" muck="1" rebuy="0" addon="0" merge="0" rebuychips="0" reg_code="5083897660"/>
<player seat="6" name="KOPKHUNKRAP" chips="470" dealer="0" win="0" bet="100" muck="1" rebuy="0" addon="0" merge="0" rebuychips="0" reg_code="5083898191"/>
</players>
</general>
<round no="0"><action no="1" player="KOPKHUNKRAP" type="1" sum="10"/>
<action no="2" player="Mikeinthebike" type="2" discard="1" dealt="1" sum="20"/>
</round>
<round no="1"><cards type="Pocket" player="OndaBianca1">X X</cards>
<cards type="Pocket" player="KOPKHUNKRAP">S4 S6</cards>
<cards type="Pocket" player="Mikeinthebike">X X</cards>
<action no="3" player="OndaBianca1" type="0" discard="1" dealt="1" sum="0"/>
<action no="4" player="KOPKHUNKRAP" type="3" sum="10"/>
<action no="5" player="Mikeinthebike" type="23" discard="1" dealt="1" sum="60"/>
<action no="6" player="KOPKHUNKRAP" type="3" sum="40"/>
</round>
<round no="2"><cards type="Flop">HJ D6 SA</cards>
<action no="7" player="KOPKHUNKRAP" type="4" sum="0"/>
<action no="8" player="Mikeinthebike" type="5" discard="1" dealt="1" sum="40"/>
<action no="9" player="KOPKHUNKRAP" type="3" sum="40"/>
</round>
<round no="3"><cards type="Turn">DK</cards>
<action no="10" player="KOPKHUNKRAP" type="4" sum="0"/>
<action no="11" player="Mikeinthebike" type="5" discard="1" dealt="1" sum="100"/>
<action no="12" player="KOPKHUNKRAP" type="0" sum="0"/>
</round>
</game>
<game gamecode="6572492098"><general>
<startdate>2025-12-27 02:04:51</startdate>
<round>1</round>
<failsafecounter/>
<players><player seat="3" name="OndaBianca1" chips="470" dealer="0" win="0" bet="20" muck="1" rebuy="0" addon="0" merge="0" rebuychips="0" reg_code="5083897660"/>
<player seat="6" name="KOPKHUNKRAP" chips="370" dealer="1" win="0" bet="0" muck="1" rebuy="0" addon="0" merge="0" rebuychips="0" reg_code="5083898191"/>
<player seat="10" name="Mikeinthebike" chips="660" dealer="0" win="40" bet="50" muck="1" rebuy="0" addon="0" merge="0" rebuychips="0" reg_code="5083898699"/>
</players>
</general>
<round no="0"><action no="1" player="Mikeinthebike" type="1" discard="1" dealt="1" sum="10"/>
<action no="2" player="OndaBianca1" type="2" discard="1" dealt="1" sum="20"/>
</round>
<round no="1"><cards type="Pocket" player="OndaBianca1">X X</cards>
<cards type="Pocket" player="Mikeinthebike">X X</cards>
<cards type="Pocket" player="KOPKHUNKRAP">H4 SK</cards>
<action no="3" player="KOPKHUNKRAP" type="0" sum="0"/>
<action no="4" player="Mikeinthebike" type="23" discard="1" dealt="1" sum="50"/>
<action no="5" player="OndaBianca1" type="0" discard="1" dealt="1" sum="0"/>
</round>
</game>
<game gamecode="6572492114"><general>
<startdate>2025-12-27 02:05:00</startdate>
<round>1</round>
<failsafecounter/>
<players><player seat="6" name="KOPKHUNKRAP" chips="370" dealer="0" win="0" bet="20" muck="1" rebuy="0" addon="0" merge="0" rebuychips="0" reg_code="5083898191"/>
<player seat="10" name="Mikeinthebike" chips="680" dealer="1" win="0" bet="40" muck="1" rebuy="0" addon="0" merge="0" rebuychips="0" reg_code="5083898699"/>
<player seat="3" name="OndaBianca1" chips="450" dealer="0" win="100" bet="450" muck="1" rebuy="0" addon="0" merge="0" rebuychips="0" reg_code="5083897660"/>
</players>
</general>
<round no="0"><action no="1" player="OndaBianca1" type="1" discard="1" dealt="1" sum="10"/>
<action no="2" player="KOPKHUNKRAP" type="2" sum="20"/>
</round>
<round no="1"><cards type="Pocket" player="Mikeinthebike">X X</cards>
<cards type="Pocket" player="OndaBianca1">X X</cards>
<cards type="Pocket" player="KOPKHUNKRAP">C7 D8</cards>
<action no="3" player="Mikeinthebike" type="23" discard="1" dealt="1" sum="40"/>
<action no="4" player="OndaBianca1" type="23" discard="1" dealt="1" sum="450"/>
<action no="5" player="KOPKHUNKRAP" type="0" sum="0"/>
<action no="6" player="Mikeinthebike" type="0" discard="1" dealt="1" sum="0"/>
</round>
</game>
<game gamecode="6572492144"><general>
<startdate>2025-12-27 02:05:14</startdate>
<round>1</round>
<failsafecounter/>
<players><player seat="10" name="Mikeinthebike" chips="640" dealer="0" win="252" bet="441" muck="1" rebuy="0" addon="0" merge="0" rebuychips="0" reg_code="5083898699"/>
<player seat="3" name="OndaBianca1" chips="510" dealer="1" win="0" bet="0" muck="1" rebuy="0" addon="0" merge="0" rebuychips="0" reg_code="5083897660"/>
<player seat="6" name="KOPKHUNKRAP" chips="350" dealer="0" win="0" bet="126" muck="1" rebuy="0" addon="0" merge="0" rebuychips="0" reg_code="5083898191"/>
</players>
</general>
<round no="0"><action no="1" player="KOPKHUNKRAP" type="1" sum="10"/>
<action no="2" player="Mikeinthebike" type="2" discard="1" dealt="1" sum="20"/>
</round>
<round no="1"><cards type="Pocket" player="OndaBianca1">X X</cards>
<cards type="Pocket" player="Mikeinthebike">X X</cards>
<cards type="Pocket" player="KOPKHUNKRAP">D4 CA</cards>
<action no="3" player="OndaBianca1" type="0" discard="1" dealt="1" sum="0"/>
<action no="4" player="KOPKHUNKRAP" type="3" sum="10"/>
<action no="5" player="Mikeinthebike" type="4" discard="1" dealt="1" sum="0"/>
</round>
<round no="2"><cards type="Flop">H5 HA HQ</cards>
<action no="6" player="KOPKHUNKRAP" type="5" sum="40"/>
<action no="7" player="Mikeinthebike" type="3" discard="1" dealt="1" sum="40"/>
</round>
<round no="3"><cards type="Turn">CQ</cards>
<action no="8" player="KOPKHUNKRAP" type="4" sum="0"/>
<action no="9" player="Mikeinthebike" type="5" discard="1" dealt="1" sum="66"/>
<action no="10" player="KOPKHUNKRAP" type="3" sum="66"/>
</round>
<round no="4"><cards type="River">H4</cards>
<action no="11" player="KOPKHUNKRAP" type="4" sum="0"/>
<action no="12" player="Mikeinthebike" type="5" discard="1" dealt="1" sum="315"/>
<action no="13" player="KOPKHUNKRAP" type="0" sum="0"/>
</round>
</game>
<game gamecode="6572496316"><general>
<startdate>2025-12-27 02:05:47</startdate>
<round>1</round>
<failsafecounter/>
<players><player seat="3" name="OndaBianca1" chips="510" dealer="0" win="0" bet="35" muck="1" rebuy="0" addon="0" merge="0" rebuychips="0" reg_code="5083897660"/>
<player seat="6" name="KOPKHUNKRAP" chips="224" dealer="1" win="0" bet="5" muck="1" rebuy="0" addon="0" merge="0" rebuychips="0" reg_code="5083898191"/>
<player seat="10" name="Mikeinthebike" chips="766" dealer="0" win="75" bet="766" muck="1" rebuy="0" addon="0" merge="0" rebuychips="0" reg_code="5083898699"/>
</players>
</general>
<round no="0"><action no="1" player="Mikeinthebike" type="15" discard="1" dealt="1" sum="5"/>
<action no="2" player="OndaBianca1" type="15" discard="1" dealt="1" sum="5"/>
<action no="3" player="KOPKHUNKRAP" type="15" sum="5"/>
<action no="4" player="Mikeinthebike" type="1" discard="1" dealt="1" sum="15"/>
<action no="5" player="OndaBianca1" type="2" discard="1" dealt="1" sum="30"/>
</round>
<round no="1"><cards type="Pocket" player="OndaBianca1">X X</cards>
<cards type="Pocket" player="KOPKHUNKRAP">C4 HJ</cards>
<cards type="Pocket" player="Mikeinthebike">X X</cards>
<action no="6" player="KOPKHUNKRAP" type="0" sum="0"/>
<action no="7" player="Mikeinthebike" type="23" discard="1" dealt="1" sum="761"/>
<action no="8" player="OndaBianca1" type="0" discard="1" dealt="1" sum="0"/>
</round>
</game>
<game gamecode="6572496340"><general>
<startdate>2025-12-27 02:06:00</startdate>
<round>1</round>
<failsafecounter/>
<players><player seat="6" name="KOPKHUNKRAP" chips="219" dealer="0" win="0" bet="65" muck="1" rebuy="0" addon="0" merge="0" rebuychips="0" reg_code="5083898191"/>
<player seat="10" name="Mikeinthebike" chips="806" dealer="1" win="150" bet="252" muck="1" rebuy="0" addon="0" merge="0" rebuychips="0" reg_code="5083898699"/>
<player seat="3" name="OndaBianca1" chips="475" dealer="0" win="0" bet="20" muck="1" rebuy="0" addon="0" merge="0" rebuychips="0" reg_code="5083897660"/>
</players>
</general>
<round no="0"><action no="1" player="OndaBianca1" type="15" discard="1" dealt="1" sum="5"/>
<action no="2" player="KOPKHUNKRAP" type="15" sum="5"/>
<action no="3" player="Mikeinthebike" type="15" discard="1" dealt="1" sum="5"/>
<action no="4" player="OndaBianca1" type="1" discard="1" dealt="1" sum="15"/>
<action no="5" player="KOPKHUNKRAP" type="2" sum="30"/>
</round>
<round no="1"><cards type="Pocket" player="Mikeinthebike">X X</cards>
<cards type="Pocket" player="OndaBianca1">X X</cards>
<cards type="Pocket" player="KOPKHUNKRAP">S9 S7</cards>
<action no="6" player="Mikeinthebike" type="23" discard="1" dealt="1" sum="60"/>
<action no="7" player="OndaBianca1" type="0" discard="1" dealt="1" sum="0"/>
<action no="8" player="KOPKHUNKRAP" type="3" sum="30"/>
</round>
<round no="2"><cards type="Flop">D4 H3 DK</cards>
<action no="9" player="KOPKHUNKRAP" type="4" sum="0"/>
<action no="10" player="Mikeinthebike" type="4" discard="1" dealt="1" sum="0"/>
</round>
<round no="3"><cards type="Turn">S2</cards>
<action no="11" player="KOPKHUNKRAP" type="4" sum="0"/>
<action no="12" player="Mikeinthebike" type="5" discard="1" dealt="1" sum="187"/>
<action no="13" player="KOPKHUNKRAP" type="0" sum="0"/>
</round>
</game>
<game gamecode="6572496380"><general>
<startdate>2025-12-27 02:06:26</startdate>
<round>1</round>
<failsafecounter/>
<players><player seat="10" name="Mikeinthebike" chips="891" dealer="0" win="0" bet="35" muck="1" rebuy="0" addon="0" merge="0" rebuychips="0" reg_code="5083898699"/>
<player seat="3" name="OndaBianca1" chips="455" dealer="1" win="343" bet="154" muck="0" rebuy="0" addon="0" merge="0" rebuychips="0" reg_code="5083897660"/>
<player seat="6" name="KOPKHUNKRAP" chips="154" dealer="0" win="0" bet="154" muck="0" rebuy="0" addon="0" merge="0" rebuychips="0" reg_code="5083898191"/>
</players>
</general>
<round no="0"><action no="1" player="KOPKHUNKRAP" type="15" sum="5"/>
<action no="2" player="Mikeinthebike" type="15" discard="1" dealt="1" sum="5"/>
<action no="3" player="OndaBianca1" type="15" discard="1" dealt="1" sum="5"/>
<action no="4" player="KOPKHUNKRAP" type="1" sum="15"/>
<action no="5" player="Mikeinthebike" type="2" discard="1" dealt="1" sum="30"/>
</round>
<round no="1"><cards type="Pocket" player="Mikeinthebike">X X</cards>
<cards type="Pocket" player="KOPKHUNKRAP">CA S9</cards>
<cards type="Pocket" player="OndaBianca1">C7 D7</cards>
<action no="6" player="OndaBianca1" type="23" discard="1" dealt="1" sum="60"/>
<action no="7" player="KOPKHUNKRAP" type="23" sum="149"/>
<action no="8" player="Mikeinthebike" type="0" discard="1" dealt="1" sum="0"/>
<action no="9" player="OndaBianca1" type="3" discard="1" dealt="1" sum="89"/>
</round>
<round no="2"><cards type="Flop">S8 DQ C2</cards>
</round>
<round no="3"><cards type="Turn">C10</cards>
</round>
<round no="4"><cards type="River">HK</cards>
</round>
</game>
</session>
