<?xml version="1.0" encoding="UTF-8"?>
<session sessioncode="5083899915">
<general>
<client_version>25.7.1.50</client_version>
<mode>real</mode>
<gametype>Holdem NL</gametype>
<tablename>Twister €200 SNG, 824848803</tablename>
<tournamentcode>824848802</tournamentcode>
<tournamentname>Twister €200 SNG</tournamentname>
<buyin>€0 + €12 + €188</buyin>
<totalbuyin>€200</totalbuyin>
<rewarddrawn>€600</rewarddrawn>
<tournamentcurrency>EUR</tournamentcurrency>
<currency>EUR</currency>
<nickname>KOPKHUNKRAP</nickname>
<gamecount>23</gamecount>
<startdate>2025-12-27 02:13:26</startdate>
<place>2</place>
<win>€0</win>
<tablesize>3</tablesize>
</general>
<game gamecode="6572500319"><general>
<startdate>2025-12-27 02:13:42</startdate>
<round>1</round>
<failsafecounter/>
<players><player seat="3" name="OndaBianca1" chips="500" dealer="0" win="0" bet="20" muck="1" rebuy="0" addon="0" merge="0" rebuychips="0" reg_code="5083899727"/>
<player seat="6" name="KOPKHUNKRAP" chips="500" dealer="1" win="100" bet="73" muck="1" rebuy="0" addon="0" merge="0" rebuychips="0" reg_code="5083899915"/>
<player seat="10" name="Marcocos931" chips="500" dealer="0" win="0" bet="40" muck="1" rebuy="0" addon="0" merge="0" rebuychips="0" reg_code="5083900257"/>
</players>
</general>
<round no="0"><action no="1" player="Marcocos931" type="1" discard="1" dealt="1" sum="10"/>
<action no="2" player="OndaBianca1" type="2" discard="1" dealt="1" sum="20"/>
</round>
<round no="1"><cards type="Pocket" player="KOPKHUNKRAP">C6 CJ</cards>
<cards type="Pocket" player="OndaBianca1">X X</cards>
<cards type="Pocket" player="Marcocos931">X X</cards>
<action no="3" player="KOPKHUNKRAP" type="23" sum="40"/>
<action no="4" player="Marcocos931" type="3" discard="1" dealt="1" sum="30"/>
<action no="5" player="OndaBianca1" type="0" discard="1" dealt="1" sum="0"/>
</round>
<round no="2"><cards type="Flop">DA C2 C10</cards>
<action no="6" player="Marcocos931" type="4" discard="1" dealt="1" sum="0"/>
<action no="7" player="KOPKHUNKRAP" type="5" sum="33"/>
<action no="8" player="Marcocos931" type="0" discard="1" dealt="1" sum="0"/>
</round>
</game>
<game gamecode="6572500375"><general>
<startdate>2025-12-27 02:14:01</startdate>
<round>1</round>
<failsafecounter/>
<players><player seat="6" name="KOPKHUNKRAP" chips="560" dealer="0" win="0" bet="20" muck="1" rebuy="0" addon="0" merge="0" rebuychips="0" reg_code="5083899915"/>
<player seat="10" name="Marcocos931" chips="460" dealer="1" win="50" bet="40" muck="1" rebuy="0" addon="0" merge="0" rebuychips="0" reg_code="5083900257"/>
<player seat="3" name="OndaBianca1" chips="480" dealer="0" win="0" bet="10" muck="1" rebuy="0" addon="0" merge="0" rebuychips="0" reg_code="5083899727"/>
</players>
</general>
<round no="0"><action no="1" player="OndaBianca1" type="1" discard="1" dealt="1" sum="10"/>
<action no="2" player="KOPKHUNKRAP" type="2" sum="20"/>
</round>
<round no="1"><cards type="Pocket" player="KOPKHUNKRAP">DJ D6</cards>
<cards type="Pocket" player="OndaBianca1">X X</cards>
<cards type="Pocket" player="Marcocos931">X X</cards>
<action no="3" player="Marcocos931" type="3" discard="1" dealt="1" sum="20"/>
<action no="4" player="OndaBianca1" type="0" discard="1" dealt="1" sum="0"/>
<action no="5" player="KOPKHUNKRAP" type="4" sum="0"/>
</round>
<round no="2"><cards type="Flop">C8 S4 HA</cards>
<action no="6" player="KOPKHUNKRAP" type="4" sum="0"/>
<action no="7" player="Marcocos931" type="5" discard="1" dealt="1" sum="20"/>
<action no="8" player="KOPKHUNKRAP" type="0" sum="0"/>
</round>
</game>
<game gamecode="6572500458"><general>
<startdate>2025-12-27 02:14:20</startdate>
<round>1</round>
<failsafecounter/>
<players><player seat="10" name="Marcocos931" chips="490" dealer="0" win="200" bet="200" muck="1" rebuy="0" addon="0" merge="0" rebuychips="0" reg_code="5083900257"/>
<player seat="3" name="OndaBianca1" chips="470" dealer="1" win="0" bet="0" muck="1" rebuy="0" addon="0" merge="0" rebuychips="0" reg_code="5083899727"/>
<player seat="6" name="KOPKHUNKRAP" chips="540" dealer="0" win="0" bet="100" muck="1" rebuy="0" addon="0" merge="0" rebuychips="0" reg_code="5083899915"/>
</players>
</general>
<round no="0"><action no="1" player="KOPKHUNKRAP" type="1" sum="10"/>
<action no="2" player="Marcocos931" type="2" discard="1" dealt="1" sum="20"/>
</round>
<round no="1"><cards type="Pocket" player="OndaBianca1">X X</cards>
<cards type="Pocket" player="KOPKHUNKRAP">HA HJ</cards>
<cards type="Pocket" player="Marcocos931">X X</cards>
<action no="3" player="OndaBianca1" type="0" discard="1" dealt="1" sum="0"/>
<action no="4" player="KOPKHUNKRAP" type="23" sum="50"/>
<action no="5" player="Marcocos931" type="3" discard="1" dealt="1" sum="30"/>
</round>
<round no="2"><cards type="Flop">C6 H7 C10</cards>
<action no="6" player="KOPKHUNKRAP" type="4" sum="0"/>
<action no="7" player="Marcocos931" type="5" discard="1" dealt="1" sum="50"/>
<action no="8" player="KOPKHUNKRAP" type="3" sum="50"/>
</round>
<round no="3"><cards type="Turn">DQ</cards>
<action no="9" player="KOPKHUNKRAP" type="4" sum="0"/>
<action no="10" player="Marcocos931" type="5" discard="1" dealt="1" sum="100"/>
<action no="11" player="KOPKHUNKRAP" type="0" sum="0"/>
</round>
</game>
<game gamecode="6572500578"><general>
<startdate>2025-12-27 02:14:43</startdate>
<round>1</round>
<failsafecounter/>
<players><player seat="3" name="OndaBianca1" chips="470" dealer="0" win="0" bet="20" muck="1" rebuy="0" addon="0" merge="0" rebuychips="0" reg_code="5083899727"/>
<player seat="6" name="KOPKHUNKRAP" chips="440" dealer="1" win="0" bet="0" muck="1" rebuy="0" addon="0" merge="0" rebuychips="0" reg_code="5083899915"/>
<player seat="10" name="Marcocos931" chips="590" dealer="0" win="40" bet="40" muck="1" rebuy="0" addon="0" merge="0" rebuychips="0" reg_code="5083900257"/>
</players>
</general>
<round no="0"><action no="1" player="Marcocos931" type="1" discard="1" dealt="1" sum="10"/>
<action no="2" player="OndaBianca1" type="2" discard="1" dealt="1" sum="20"/>
</round>
<round no="1"><cards type="Pocket" player="KOPKHUNKRAP">HK S4</cards>
<cards type="Pocket" player="Marcocos931">X X</cards>
<cards type="Pocket" player="OndaBianca1">X X</cards>
<action no="3" player="KOPKHUNKRAP" type="0" sum="0"/>
<action no="4" player="Marcocos931" type="3" discard="1" dealt="1" sum="10"/>
<action no="5" player="OndaBianca1" type="4" discard="1" dealt="1" sum="0"/>
</round>
<round no="2"><cards type="Flop">S6 S8 CA</cards>
<action no="6" player="Marcocos931" type="4" discard="1" dealt="1" sum="0"/>
<action no="7" player="OndaBianca1" type="4" discard="1" dealt="1" sum="0"/>
</round>
<round no="3"><cards type="Turn">D4</cards>
<action no="8" player="Marcocos931" type="5" discard="1" dealt="1" sum="20"/>
<action no="9" player="OndaBianca1" type="0" discard="1" dealt="1" sum="0"/>
</round>
</game>
<game gamecode="6572500663"><general>
<startdate>2025-12-27 02:15:07</startdate>
<round>1</round>
<failsafecounter/>
<players><player seat="6" name="KOPKHUNKRAP" chips="440" dealer="0" win="180" bet="90" muck="0" rebuy="0" addon="0" merge="0" rebuychips="0" reg_code="5083899915"/>
<player seat="10" name="Marcocos931" chips="610" dealer="1" win="0" bet="0" muck="1" rebuy="0" addon="0" merge="0" rebuychips="0" reg_code="5083900257"/>
<player seat="3" name="OndaBianca1" chips="450" dealer="0" win="0" bet="90" muck="1" rebuy="0" addon="0" merge="0" rebuychips="0" reg_code="5083899727"/>
</players>
</general>
<round no="0"><action no="1" player="OndaBianca1" type="1" discard="1" dealt="1" sum="10"/>
<action no="2" player="KOPKHUNKRAP" type="2" sum="20"/>
</round>
<round no="1"><cards type="Pocket" player="KOPKHUNKRAP">D10 DQ</cards>
<cards type="Pocket" player="Marcocos931">X X</cards>
<cards type="Pocket" player="OndaBianca1">CA CJ</cards>
<action no="3" player="Marcocos931" type="0" discard="1" dealt="1" sum="0"/>
<action no="4" player="OndaBianca1" type="23" discard="1" dealt="1" sum="60"/>
<action no="5" player="KOPKHUNKRAP" type="3" sum="40"/>
</round>
<round no="2"><cards type="Flop">CK H10 S4</cards>
<action no="6" player="OndaBianca1" type="5" discard="1" dealt="1" sum="30"/>
<action no="7" player="KOPKHUNKRAP" type="3" sum="30"/>
</round>
<round no="3"><cards type="Turn">D4</cards>
<action no="8" player="OndaBianca1" type="4" discard="1" dealt="1" sum="0"/>
<action no="9" player="KOPKHUNKRAP" type="4" sum="0"/>
</round>
<round no="4"><cards type="River">S5</cards>
<action no="10" player="OndaBianca1" type="4" discard="1" dealt="1" sum="0"/>
<action no="11" player="KOPKHUNKRAP" type="4" sum="0"/>
</round>
</game>
<game gamecode="6572500746"><general>
<startdate>2025-12-27 02:15:34</startdate>
<round>1</round>
<failsafecounter/>
<players><player seat="10" name="Marcocos931" chips="610" dealer="0" win="0" bet="35" muck="1" rebuy="0" addon="0" merge="0" rebuychips="0" reg_code="5083900257"/>
<player seat="3" name="OndaBianca1" chips="360" dealer="1" win="90" bet="360" muck="1" rebuy="0" addon="0" merge="0" rebuychips="0" reg_code="5083899727"/>
<player seat="6" name="KOPKHUNKRAP" chips="530" dealer="0" win="0" bet="20" muck="1" rebuy="0" addon="0" merge="0" rebuychips="0" reg_code="5083899915"/>
</players>
</general>
<round no="0"><action no="1" player="KOPKHUNKRAP" type="15" sum="5"/>
<action no="2" player="Marcocos931" type="15" discard="1" dealt="1" sum="5"/>
<action no="3" player="OndaBianca1" type="15" discard="1" dealt="1" sum="5"/>
<action no="4" player="KOPKHUNKRAP" type="1" sum="15"/>
<action no="5" player="Marcocos931" type="2" discard="1" dealt="1" sum="30"/>
</round>
<round no="1"><cards type="Pocket" player="KOPKHUNKRAP">C2 DK</cards>
<cards type="Pocket" player="OndaBianca1">X X</cards>
<cards type="Pocket" player="Marcocos931">X X</cards>
<action no="6" player="OndaBianca1" type="23" discard="1" dealt="1" sum="355"/>
<action no="7" player="KOPKHUNKRAP" type="0" sum="0"/>
<action no="8" player="Marcocos931" type="0" discard="1" dealt="1" sum="0"/>
</round>
</game>
<game gamecode="6572500781"><general>
<startdate>2025-12-27 02:15:44</startdate>
<round>1</round>
<failsafecounter/>
<players><player seat="3" name="OndaBianca1" chips="415" dealer="0" win="573" bet="284" muck="0" rebuy="0" addon="0" merge="0" rebuychips="0" reg_code="5083899727"/>
<player seat="6" name="KOPKHUNKRAP" chips="510" dealer="1" win="0" bet="5" muck="1" rebuy="0" addon="0" merge="0" rebuychips="0" reg_code="5083899915"/>
<player seat="10" name="Marcocos931" chips="575" dealer="0" win="0" bet="284" muck="1" rebuy="0" addon="0" merge="0" rebuychips="0" reg_code="5083900257"/>
</players>
</general>
<round no="0"><action no="1" player="Marcocos931" type="15" discard="1" dealt="1" sum="5"/>
<action no="2" player="OndaBianca1" type="15" discard="1" dealt="1" sum="5"/>
<action no="3" player="KOPKHUNKRAP" type="15" sum="5"/>
<action no="4" player="Marcocos931" type="1" discard="1" dealt="1" sum="15"/>
<action no="5" player="OndaBianca1" type="2" discard="1" dealt="1" sum="30"/>
</round>
<round no="1"><cards type="Pocket" player="KOPKHUNKRAP">SJ D3</cards>
<cards type="Pocket" player="Marcocos931">S6 H2</cards>
<cards type="Pocket" player="OndaBianca1">S4 CK</cards>
<action no="6" player="KOPKHUNKRAP" type="0" sum="0"/>
<action no="7" player="Marcocos931" type="3" discard="1" dealt="1" sum="15"/>
<action no="8" player="OndaBianca1" type="4" discard="1" dealt="1" sum="0"/>
</round>
<round no="2"><cards type="Flop">S7 C2 DJ</cards>
<action no="9" player="Marcocos931" type="4" discard="1" dealt="1" sum="0"/>
<action no="10" player="OndaBianca1" type="5" discard="1" dealt="1" sum="30"/>
<action no="11" player="Marcocos931" type="3" discard="1" dealt="1" sum="30"/>
</round>
<round no="3"><cards type="Turn">DK</cards>
<action no="12" player="Marcocos931" type="4" discard="1" dealt="1" sum="0"/>
<action no="13" player="OndaBianca1" type="5" discard="1" dealt="1" sum="47"/>
<action no="14" player="Marcocos931" type="3" discard="1" dealt="1" sum="47"/>
</round>
<round no="4"><cards type="River">H9</cards>
<action no="15" player="Marcocos931" type="4" discard="1" dealt="1" sum="0"/>
<action no="16" player="OndaBianca1" type="5" discard="1" dealt="1" sum="172"/>
<action no="17" player="Marcocos931" type="3" discard="1" dealt="1" sum="172"/>
</round>
</game>
<game gamecode="6572500886"><general>
<startdate>2025-12-27 02:16:15</startdate>
<round>1</round>
<failsafecounter/>
<players><player seat="6" name="KOPKHUNKRAP" chips="505" dealer="0" win="0" bet="35" muck="1" rebuy="0" addon="0" merge="0" rebuychips="0" reg_code="5083899915"/>
<player seat="10" name="Marcocos931" chips="291" dealer="1" win="617" bet="291" muck="0" rebuy="0" addon="0" merge="0" rebuychips="0" reg_code="5083900257"/>
<player seat="3" name="OndaBianca1" chips="704" dealer="0" win="0" bet="704" muck="1" rebuy="0" addon="0" merge="0" rebuychips="0" reg_code="5083899727"/>
</players>
</general>
<round no="0"><action no="1" player="OndaBianca1" type="15" discard="1" dealt="1" sum="5"/>
<action no="2" player="KOPKHUNKRAP" type="15" sum="5"/>
<action no="3" player="Marcocos931" type="15" discard="1" dealt="1" sum="5"/>
<action no="4" player="OndaBianca1" type="1" discard="1" dealt="1" sum="15"/>
<action no="5" player="KOPKHUNKRAP" type="2" sum="30"/>
</round>
<round no="1"><cards type="Pocket" player="OndaBianca1">DK HA</cards>
<cards type="Pocket" player="Marcocos931">S10 DA</cards>
<cards type="Pocket" player="KOPKHUNKRAP">S5 H2</cards>
<action no="6" player="Marcocos931" type="3" discard="1" dealt="1" sum="30"/>
<action no="7" player="OndaBianca1" type="23" discard="1" dealt="1" sum="699"/>
<action no="8" player="KOPKHUNKRAP" type="0" sum="0"/>
<action no="9" player="Marcocos931" type="7" discard="1" dealt="1" sum="256"/>
</round>
<round no="2"><cards type="Flop">H8 D9 C7</cards>
</round>
<round no="3"><cards type="Turn">CJ</cards>
</round>
<round no="4"><cards type="River">D7</cards>
</round>
</game>
<game gamecode="6572500959"><general>
<startdate>2025-12-27 02:16:35</startdate>
<round>1</round>
<failsafecounter/>
<players><player seat="10" name="Marcocos931" chips="617" dealer="0" win="45" bet="35" muck="1" rebuy="0" addon="0" merge="0" rebuychips="0" reg_code="5083900257"/>
<player seat="3" name="OndaBianca1" chips="413" dealer="1" win="0" bet="5" muck="1" rebuy="0" addon="0" merge="0" rebuychips="0" reg_code="5083899727"/>
<player seat="6" name="KOPKHUNKRAP" chips="470" dealer="0" win="0" bet="20" muck="1" rebuy="0" addon="0" merge="0" rebuychips="0" reg_code="5083899915"/>
</players>
</general>
<round no="0"><action no="1" player="KOPKHUNKRAP" type="15" sum="5"/>
<action no="2" player="Marcocos931" type="15" discard="1" dealt="1" sum="5"/>
<action no="3" player="OndaBianca1" type="15" discard="1" dealt="1" sum="5"/>
<action no="4" player="KOPKHUNKRAP" type="1" sum="15"/>
<action no="5" player="Marcocos931" type="2" discard="1" dealt="1" sum="30"/>
</round>
<round no="1"><cards type="Pocket" player="OndaBianca1">X X</cards>
<cards type="Pocket" player="KOPKHUNKRAP">CQ S4</cards>
<cards type="Pocket" player="Marcocos931">X X</cards>
<action no="6" player="OndaBianca1" type="0" discard="1" dealt="1" sum="0"/>
<action no="7" player="KOPKHUNKRAP" type="0" sum="0"/>
</round>
</game>
<game gamecode="6572501003"><general>
<startdate>2025-12-27 02:16:47</startdate>
<round>1</round>
<failsafecounter/>
<players><player seat="3" name="OndaBianca1" chips="408" dealer="0" win="0" bet="35" muck="1" rebuy="0" addon="0" merge="0" rebuychips="0" reg_code="5083899727"/>
<player seat="6" name="KOPKHUNKRAP" chips="450" dealer="1" win="90" bet="450" muck="1" rebuy="0" addon="0" merge="0" rebuychips="0" reg_code="5083899915"/>
<player seat="10" name="Marcocos931" chips="642" dealer="0" win="0" bet="20" muck="1" rebuy="0" addon="0" merge="0" rebuychips="0" reg_code="5083900257"/>
</players>
</general>
<round no="0"><action no="1" player="Marcocos931" type="15" discard="1" dealt="1" sum="5"/>
<action no="2" player="OndaBianca1" type="15" discard="1" dealt="1" sum="5"/>
<action no="3" player="KOPKHUNKRAP" type="15" sum="5"/>
<action no="4" player="Marcocos931" type="1" discard="1" dealt="1" sum="15"/>
<action no="5" player="OndaBianca1" type="2" discard="1" dealt="1" sum="30"/>
</round>
<round no="1"><cards type="Pocket" player="KOPKHUNKRAP">H7 S7</cards>
<cards type="Pocket" player="OndaBianca1">X X</cards>
<cards type="Pocket" player="Marcocos931">X X</cards>
<action no="6" player="KOPKHUNKRAP" type="23" sum="445"/>
<action no="7" player="Marcocos931" type="0" discard="1" dealt="1" sum="0"/>
<action no="8" player="OndaBianca1" type="0" discard="1" dealt="1" sum="0"/>
</round>
</game>
<game gamecode="6572501032"><general>
<startdate>2025-12-27 02:16:55</startdate>
<round>1</round>
<failsafecounter/>
<players><player seat="6" name="KOPKHUNKRAP" chips="505" dealer="0" win="1,045" bet="505" muck="0" rebuy="0" addon="0" merge="0" rebuychips="0" reg_code="5083899915"/>
<player seat="10" name="Marcocos931" chips="622" dealer="1" win="0" bet="505" muck="1" rebuy="0" addon="0" merge="0" rebuychips="0" reg_code="5083900257"/>
<player seat="3" name="OndaBianca1" chips="373" dealer="0" win="0" bet="35" muck="1" rebuy="0" addon="0" merge="0" rebuychips="0" reg_code="5083899727"/>
</players>
</general>
<round no="0"><action no="1" player="OndaBianca1" type="15" discard="1" dealt="1" sum="5"/>
<action no="2" player="KOPKHUNKRAP" type="15" sum="5"/>
<action no="3" player="Marcocos931" type="15" discard="1" dealt="1" sum="5"/>
<action no="4" player="OndaBianca1" type="1" discard="1" dealt="1" sum="15"/>
<action no="5" player="KOPKHUNKRAP" type="2" sum="30"/>
</round>
<round no="1"><cards type="Pocket" player="OndaBianca1">X X</cards>
<cards type="Pocket" player="Marcocos931">DJ HK</cards>
<cards type="Pocket" player="KOPKHUNKRAP">D8 SA</cards>
<action no="6" player="Marcocos931" type="3" discard="1" dealt="1" sum="30"/>
<action no="7" player="OndaBianca1" type="3" discard="1" dealt="1" sum="15"/>
<action no="8" player="KOPKHUNKRAP" type="23" sum="500"/>
<action no="9" player="Marcocos931" type="3" discard="1" dealt="1" sum="470"/>
<action no="10" player="OndaBianca1" type="0" discard="1" dealt="1" sum="0"/>
</round>
<round no="2"><cards type="Flop">S4 S3 C4</cards>
</round>
<round no="3"><cards type="Turn">C8</cards>
</round>
<round no="4"><cards type="River">C6</cards>
</round>
</game>
<game gamecode="6572501115"><general>
<startdate>2025-12-27 02:17:17</startdate>
<round>1</round>
<failsafecounter/>
<players><player seat="10" name="Marcocos931" chips="117" dealer="0" win="0" bet="117" muck="0" rebuy="0" addon="0" merge="0" rebuychips="0" reg_code="5083900257"/>
<player seat="3" name="OndaBianca1" chips="338" dealer="1" win="0" bet="5" muck="1" rebuy="0" addon="0" merge="0" rebuychips="0" reg_code="5083899727"/>
<player seat="6" name="KOPKHUNKRAP" chips="1,045" dealer="0" win="239" bet="1,045" muck="0" rebuy="0" addon="0" merge="0" rebuychips="0" reg_code="5083899915"/>
</players>
</general>
<round no="0"><action no="1" player="KOPKHUNKRAP" type="15" sum="5"/>
<action no="2" player="Marcocos931" type="15" discard="1" dealt="1" sum="5"/>
<action no="3" player="OndaBianca1" type="15" discard="1" dealt="1" sum="5"/>
<action no="4" player="KOPKHUNKRAP" type="1" sum="20"/>
<action no="5" player="Marcocos931" type="2" discard="1" dealt="1" sum="40"/>
</round>
<round no="1"><cards type="Pocket" player="OndaBianca1">X X</cards>
<cards type="Pocket" player="Marcocos931">C8 SJ</cards>
<cards type="Pocket" player="KOPKHUNKRAP">CQ S6</cards>
<action no="6" player="OndaBianca1" type="0" discard="1" dealt="1" sum="0"/>
<action no="7" player="KOPKHUNKRAP" type="23" sum="1,040"/>
<action no="8" player="Marcocos931" type="7" discard="1" dealt="1" sum="72"/>
</round>
<round no="2"><cards type="Flop">C10 DA HA</cards>
</round>
<round no="3"><cards type="Turn">D4</cards>
</round>
<round no="4"><cards type="River">C2</cards>
</round>
</game>
<game gamecode="6572501195"><general>
<startdate>2025-12-27 02:17:34</startdate>
<round>1</round>
<failsafecounter/>
<players><player seat="3" name="OndaBianca1" chips="333" dealer="0" win="50" bet="45" muck="1" rebuy="0" addon="0" merge="0" rebuychips="0" reg_code="5083899727"/>
<player seat="6" name="KOPKHUNKRAP" chips="1,167" dealer="1" win="0" bet="25" muck="1" rebuy="0" addon="0" merge="0" rebuychips="0" reg_code="5083899915"/>
</players>
</general>
<round no="0"><action no="1" player="KOPKHUNKRAP" type="15" sum="5"/>
<action no="2" player="OndaBianca1" type="15" discard="1" dealt="1" sum="5"/>
<action no="3" player="KOPKHUNKRAP" type="1" sum="20"/>
<action no="4" player="OndaBianca1" type="2" discard="1" dealt="1" sum="40"/>
</round>
<round no="1"><cards type="Pocket" player="OndaBianca1">X X</cards>
<cards type="Pocket" player="KOPKHUNKRAP">D3 C8</cards>
<action no="5" player="KOPKHUNKRAP" type="0" sum="0"/>
</round>
</game>
<game gamecode="6572501231"><general>
<startdate>2025-12-27 02:17:43</startdate>
<round>1</round>
<failsafecounter/>
<players><player seat="6" name="KOPKHUNKRAP" chips="1,142" dealer="0" win="50" bet="45" muck="1" rebuy="0" addon="0" merge="0" rebuychips="0" reg_code="5083899915"/>
<player seat="3" name="OndaBianca1" chips="358" dealer="1" win="0" bet="25" muck="1" rebuy="0" addon="0" merge="0" rebuychips="0" reg_code="5083899727"/>
</players>
</general>
<round no="0"><action no="1" player="OndaBianca1" type="15" discard="1" dealt="1" sum="5"/>
<action no="2" player="KOPKHUNKRAP" type="15" sum="5"/>
<action no="3" player="OndaBianca1" type="1" discard="1" dealt="1" sum="20"/>
<action no="4" player="KOPKHUNKRAP" type="2" sum="40"/>
</round>
<round no="1"><cards type="Pocket" player="KOPKHUNKRAP">H10 HQ</cards>
<cards type="Pocket" player="OndaBianca1">X X</cards>
<action no="5" player="OndaBianca1" type="0" discard="1" dealt="1" sum="0"/>
</round>
</game>
<game gamecode="6572501260"><general>
<startdate>2025-12-27 02:17:49</startdate>
<round>1</round>
<failsafecounter/>
<players><player seat="3" name="OndaBianca1" chips="333" dealer="0" win="50" bet="45" muck="1" rebuy="0" addon="0" merge="0" rebuychips="0" reg_code="5083899727"/>
<player seat="6" name="KOPKHUNKRAP" chips="1,167" dealer="1" win="0" bet="25" muck="1" rebuy="0" addon="0" merge="0" rebuychips="0" reg_code="5083899915"/>
</players>
</general>
<round no="0"><action no="1" player="KOPKHUNKRAP" type="15" sum="5"/>
<action no="2" player="OndaBianca1" type="15" discard="1" dealt="1" sum="5"/>
<action no="3" player="KOPKHUNKRAP" type="1" sum="20"/>
<action no="4" player="OndaBianca1" type="2" discard="1" dealt="1" sum="40"/>
</round>
<round no="1"><cards type="Pocket" player="OndaBianca1">X X</cards>
<cards type="Pocket" player="KOPKHUNKRAP">H9 C4</cards>
<action no="5" player="KOPKHUNKRAP" type="0" sum="0"/>
</round>
</game>
<game gamecode="6572501285"><general>
<startdate>2025-12-27 02:17:54</startdate>
<round>1</round>
<failsafecounter/>
<players><player seat="6" name="KOPKHUNKRAP" chips="1,142" dealer="0" win="90" bet="1,142" muck="1" rebuy="0" addon="0" merge="0" rebuychips="0" reg_code="5083899915"/>
<player seat="3" name="OndaBianca1" chips="358" dealer="1" win="0" bet="45" muck="1" rebuy="0" addon="0" merge="0" rebuychips="0" reg_code="5083899727"/>
</players>
</general>
<round no="0"><action no="1" player="OndaBianca1" type="15" discard="1" dealt="1" sum="5"/>
<action no="2" player="KOPKHUNKRAP" type="15" sum="5"/>
<action no="3" player="OndaBianca1" type="1" discard="1" dealt="1" sum="20"/>
<action no="4" player="KOPKHUNKRAP" type="2" sum="40"/>
</round>
<round no="1"><cards type="Pocket" player="OndaBianca1">X X</cards>
<cards type="Pocket" player="KOPKHUNKRAP">SQ HJ</cards>
<action no="5" player="OndaBianca1" type="3" discard="1" dealt="1" sum="20"/>
<action no="6" player="KOPKHUNKRAP" type="23" sum="1,137"/>
<action no="7" player="OndaBianca1" type="0" discard="1" dealt="1" sum="0"/>
</round>
</game>
<game gamecode="6572501324"><general>
<startdate>2025-12-27 02:18:03</startdate>
<round>1</round>
<failsafecounter/>
<players><player seat="3" name="OndaBianca1" chips="313" dealer="0" win="90" bet="135" muck="1" rebuy="0" addon="0" merge="0" rebuychips="0" reg_code="5083899727"/>
<player seat="6" name="KOPKHUNKRAP" chips="1,187" dealer="1" win="0" bet="45" muck="1" rebuy="0" addon="0" merge="0" rebuychips="0" reg_code="5083899915"/>
</players>
</general>
<round no="0"><action no="1" player="KOPKHUNKRAP" type="15" sum="5"/>
<action no="2" player="OndaBianca1" type="15" discard="1" dealt="1" sum="5"/>
<action no="3" player="KOPKHUNKRAP" type="1" sum="20"/>
<action no="4" player="OndaBianca1" type="2" discard="1" dealt="1" sum="40"/>
</round>
<round no="1"><cards type="Pocket" player="KOPKHUNKRAP">SJ H6</cards>
<cards type="Pocket" player="OndaBianca1">X X</cards>
<action no="5" player="KOPKHUNKRAP" type="3" sum="20"/>
<action no="6" player="OndaBianca1" type="4" discard="1" dealt="1" sum="0"/>
</round>
<round no="2"><cards type="Flop">H7 HK SK</cards>
<action no="7" player="OndaBianca1" type="4" discard="1" dealt="1" sum="0"/>
<action no="8" player="KOPKHUNKRAP" type="4" sum="0"/>
</round>
<round no="3"><cards type="Turn">C7</cards>
<action no="9" player="OndaBianca1" type="5" discard="1" dealt="1" sum="90"/>
<action no="10" player="KOPKHUNKRAP" type="0" sum="0"/>
</round>
</game>
<game gamecode="6572501442"><general>
<startdate>2025-12-27 02:18:33</startdate>
<round>1</round>
<failsafecounter/>
<players><player seat="6" name="KOPKHUNKRAP" chips="1,142" dealer="0" win="0" bet="358" muck="1" rebuy="0" addon="0" merge="0" rebuychips="0" reg_code="5083899915"/>
<player seat="3" name="OndaBianca1" chips="358" dealer="1" win="716" bet="358" muck="0" rebuy="0" addon="0" merge="0" rebuychips="0" reg_code="5083899727"/>
</players>
</general>
<round no="0"><action no="1" player="OndaBianca1" type="15" discard="1" dealt="1" sum="5"/>
<action no="2" player="KOPKHUNKRAP" type="15" sum="5"/>
<action no="3" player="OndaBianca1" type="1" discard="1" dealt="1" sum="20"/>
<action no="4" player="KOPKHUNKRAP" type="2" sum="40"/>
</round>
<round no="1"><cards type="Pocket" player="KOPKHUNKRAP">S9 HJ</cards>
<cards type="Pocket" player="OndaBianca1">HK D2</cards>
<action no="5" player="OndaBianca1" type="23" discard="1" dealt="1" sum="353"/>
<action no="6" player="KOPKHUNKRAP" type="3" sum="313"/>
</round>
<round no="2"><cards type="Flop">C5 D10 SA</cards>
</round>
<round no="3"><cards type="Turn">DA</cards>
</round>
<round no="4"><cards type="River">HQ</cards>
</round>
</game>
<game gamecode="6572501500"><general>
<startdate>2025-12-27 02:18:48</startdate>
<round>1</round>
<failsafecounter/>
<players><player seat="3" name="OndaBianca1" chips="716" dealer="0" win="260" bet="305" muck="1" rebuy="0" addon="0" merge="0" rebuychips="0" reg_code="5083899727"/>
<player seat="6" name="KOPKHUNKRAP" chips="784" dealer="1" win="0" bet="130" muck="1" rebuy="0" addon="0" merge="0" rebuychips="0" reg_code="5083899915"/>
</players>
</general>
<round no="0"><action no="1" player="KOPKHUNKRAP" type="15" sum="5"/>
<action no="2" player="OndaBianca1" type="15" discard="1" dealt="1" sum="5"/>
<action no="3" player="KOPKHUNKRAP" type="1" sum="30"/>
<action no="4" player="OndaBianca1" type="2" discard="1" dealt="1" sum="60"/>
</round>
<round no="1"><cards type="Pocket" player="KOPKHUNKRAP">CQ C6</cards>
<cards type="Pocket" player="OndaBianca1">X X</cards>
<action no="5" player="KOPKHUNKRAP" type="3" sum="30"/>
<action no="6" player="OndaBianca1" type="4" discard="1" dealt="1" sum="0"/>
</round>
<round no="2"><cards type="Flop">DA C4 H7</cards>
<action no="7" player="OndaBianca1" type="4" discard="1" dealt="1" sum="0"/>
<action no="8" player="KOPKHUNKRAP" type="4" sum="0"/>
</round>
<round no="3"><cards type="Turn">C10</cards>
<action no="9" player="OndaBianca1" type="5" discard="1" dealt="1" sum="65"/>
<action no="10" player="KOPKHUNKRAP" type="3" sum="65"/>
</round>
<round no="4"><cards type="River">D9</cards>
<action no="11" player="OndaBianca1" type="5" discard="1" dealt="1" sum="175"/>
<action no="12" player="KOPKHUNKRAP" type="0" sum="0"/>
</round>
</game>
<game gamecode="6572501616"><general>
<startdate>2025-12-27 02:19:18</startdate>
<round>1</round>
<failsafecounter/>
<players><player seat="6" name="KOPKHUNKRAP" chips="654" dealer="0" win="70" bet="65" muck="1" rebuy="0" addon="0" merge="0" rebuychips="0" reg_code="5083899915"/>
<player seat="3" name="OndaBianca1" chips="846" dealer="1" win="0" bet="35" muck="1" rebuy="0" addon="0" merge="0" rebuychips="0" reg_code="5083899727"/>
</players>
</general>
<round no="0"><action no="1" player="OndaBianca1" type="15" discard="1" dealt="1" sum="5"/>
<action no="2" player="KOPKHUNKRAP" type="15" sum="5"/>
<action no="3" player="OndaBianca1" type="1" discard="1" dealt="1" sum="30"/>
<action no="4" player="KOPKHUNKRAP" type="2" sum="60"/>
</round>
<round no="1"><cards type="Pocket" player="KOPKHUNKRAP">CQ HQ</cards>
<cards type="Pocket" player="OndaBianca1">X X</cards>
<action no="5" player="OndaBianca1" type="0" discard="1" dealt="1" sum="0"/>
</round>
</game>
<game gamecode="6572501637"><general>
<startdate>2025-12-27 02:19:23</startdate>
<round>1</round>
<failsafecounter/>
<players><player seat="3" name="OndaBianca1" chips="811" dealer="0" win="356" bet="178" muck="0" rebuy="0" addon="0" merge="0" rebuychips="0" reg_code="5083899727"/>
<player seat="6" name="KOPKHUNKRAP" chips="689" dealer="1" win="0" bet="178" muck="1" rebuy="0" addon="0" merge="0" rebuychips="0" reg_code="5083899915"/>
</players>
</general>
<round no="0"><action no="1" player="KOPKHUNKRAP" type="15" sum="5"/>
<action no="2" player="OndaBianca1" type="15" discard="1" dealt="1" sum="5"/>
<action no="3" player="KOPKHUNKRAP" type="1" sum="30"/>
<action no="4" player="OndaBianca1" type="2" discard="1" dealt="1" sum="60"/>
</round>
<round no="1"><cards type="Pocket" player="KOPKHUNKRAP">D6 DQ</cards>
<cards type="Pocket" player="OndaBianca1">H4 C3</cards>
<action no="5" player="KOPKHUNKRAP" type="3" sum="30"/>
<action no="6" player="OndaBianca1" type="4" discard="1" dealt="1" sum="0"/>
</round>
<round no="2"><cards type="Flop">HJ D3 S5</cards>
<action no="7" player="OndaBianca1" type="4" discard="1" dealt="1" sum="0"/>
<action no="8" player="KOPKHUNKRAP" type="4" sum="0"/>
</round>
<round no="3"><cards type="Turn">SK</cards>
<action no="9" player="OndaBianca1" type="4" discard="1" dealt="1" sum="0"/>
<action no="10" player="KOPKHUNKRAP" type="4" sum="0"/>
</round>
<round no="4"><cards type="River">S3</cards>
<action no="11" player="OndaBianca1" type="5" discard="1" dealt="1" sum="113"/>
<action no="12" player="KOPKHUNKRAP" type="3" sum="113"/>
</round>
</game>
<game gamecode="6572504925"><general>
<startdate>2025-12-27 02:20:16</startdate>
<round>1</round>
<failsafecounter/>
<players><player seat="6" name="KOPKHUNKRAP" chips="511" dealer="0" win="0" bet="65" muck="1" rebuy="0" addon="0" merge="0" rebuychips="0" reg_code="5083899915"/>
<player seat="3" name="OndaBianca1" chips="989" dealer="1" win="130" bet="989" muck="1" rebuy="0" addon="0" merge="0" rebuychips="0" reg_code="5083899727"/>
</players>
</general>
<round no="0"><action no="1" player="OndaBianca1" type="15" discard="1" dealt="1" sum="5"/>
<action no="2" player="KOPKHUNKRAP" type="15" sum="5"/>
<action no="3" player="OndaBianca1" type="1" discard="1" dealt="1" sum="30"/>
<action no="4" player="KOPKHUNKRAP" type="2" sum="60"/>
</round>
<round no="1"><cards type="Pocket" player="OndaBianca1">X X</cards>
<cards type="Pocket" player="KOPKHUNKRAP">H3 D6</cards>
<action no="5" player="OndaBianca1" type="23" discard="1" dealt="1" sum="984"/>
<action no="6" player="KOPKHUNKRAP" type="0" sum="0"/>
</round>
</game>
<game gamecode="6572504963"><general>
<startdate>2025-12-27 02:20:27</startdate>
<round>1</round>
<failsafecounter/>
<players><player seat="3" name="OndaBianca1" chips="1,054" dealer="0" win="892" bet="446" muck="0" rebuy="0" addon="0" merge="0" rebuychips="0" reg_code="5083899727"/>
<player seat="6" name="KOPKHUNKRAP" chips="446" dealer="1" win="0" bet="446" muck="0" rebuy="0" addon="0" merge="0" rebuychips="0" reg_code="5083899915"/>
</players>
</general>
<round no="0"><action no="1" player="KOPKHUNKRAP" type="15" sum="8"/>
<action no="2" player="OndaBianca1" type="15" discard="1" dealt="1" sum="8"/>
<action no="3" player="KOPKHUNKRAP" type="1" sum="40"/>
<action no="4" player="OndaBianca1" type="2" discard="1" dealt="1" sum="80"/>
</round>
<round no="1"><cards type="Pocket" player="OndaBianca1">DA H6</cards>
<cards type="Pocket" player="KOPKHUNKRAP">SJ S8</cards>
<action no="5" player="KOPKHUNKRAP" type="23" sum="438"/>
<action no="6" player="OndaBianca1" type="3" discard="1" dealt="1" sum="358"/>
</round>
<round no="2"><cards type="Flop">H10 S4 C3</cards>
</round>
<round no="3"><cards type="Turn">C5</cards>
</round>
<round no="4"><cards type="River">S10</cards>
</round>
</game>
</session>
