<?xml version="1.0" encoding="UTF-8"?>
<session sessioncode="5083530219">
<general>
<client_version>25.7.1.50</client_version>
<mode>real</mode>
<gametype>Holdem NL</gametype>
<tablename>Twister €200 SNG, 824738405</tablename>
<tournamentcode>824738404</tournamentcode>
<tournamentname>Twister €200 SNG</tournamentname>
<buyin>€0 + €12 + €188</buyin>
<totalbuyin>€200</totalbuyin>
<rewarddrawn>€400</rewarddrawn>
<tournamentcurrency>EUR</tournamentcurrency>
<currency>EUR</currency>
<nickname>KOPKHUNKRAP</nickname>
<gamecount>35</gamecount>
<startdate>2025-12-25 21:28:50</startdate>
<place>1</place>
<win>€400</win>
<tablesize>3</tablesize>
</general>
<game gamecode="6570973777"><general>
<startdate>2025-12-25 21:29:05</startdate>
<round>1</round>
<failsafecounter/>
<players><player seat="10" name="OndaBianca1" chips="500" dealer="0" win="148" bet="129" muck="1" rebuy="0" addon="0" merge="0" rebuychips="0" reg_code="5083530765"/>
<player seat="3" name="StackEngineer1" chips="500" dealer="1" win="0" bet="69" muck="1" rebuy="0" addon="0" merge="0" rebuychips="0" reg_code="5083530215"/>
<player seat="6" name="KOPKHUNKRAP" chips="500" dealer="0" win="0" bet="10" muck="1" rebuy="0" addon="0" merge="0" rebuychips="0" reg_code="5083530219"/>
</players>
</general>
<round no="0"><action no="1" player="KOPKHUNKRAP" type="1" sum="10"/>
<action no="2" player="OndaBianca1" type="2" discard="1" dealt="1" sum="20"/>
</round>
<round no="1"><cards type="Pocket" player="StackEngineer1">X X</cards>
<cards type="Pocket" player="KOPKHUNKRAP">D8 D9</cards>
<cards type="Pocket" player="OndaBianca1">X X</cards>
<action no="3" player="StackEngineer1" type="23" discard="1" dealt="1" sum="40"/>
<action no="4" player="KOPKHUNKRAP" type="0" sum="0"/>
<action no="5" player="OndaBianca1" type="3" discard="1" dealt="1" sum="20"/>
</round>
<round no="2"><cards type="Flop">H9 S4 D4</cards>
<action no="6" player="OndaBianca1" type="4" discard="1" dealt="1" sum="0"/>
<action no="7" player="StackEngineer1" type="5" discard="1" dealt="1" sum="29"/>
<action no="8" player="OndaBianca1" type="23" discard="1" dealt="1" sum="89"/>
<action no="9" player="StackEngineer1" type="0" discard="1" dealt="1" sum="0"/>
</round>
</game>
<game gamecode="6570973846"><general>
<startdate>2025-12-25 21:29:29</startdate>
<round>1</round>
<failsafecounter/>
<players><player seat="3" name="StackEngineer1" chips="431" dealer="0" win="0" bet="20" muck="1" rebuy="0" addon="0" merge="0" rebuychips="0" reg_code="5083530215"/>
<player seat="6" name="KOPKHUNKRAP" chips="490" dealer="1" win="50" bet="40" muck="1" rebuy="0" addon="0" merge="0" rebuychips="0" reg_code="5083530219"/>
<player seat="10" name="OndaBianca1" chips="579" dealer="0" win="0" bet="10" muck="1" rebuy="0" addon="0" merge="0" rebuychips="0" reg_code="5083530765"/>
</players>
</general>
<round no="0"><action no="1" player="OndaBianca1" type="1" discard="1" dealt="1" sum="10"/>
<action no="2" player="StackEngineer1" type="2" discard="1" dealt="1" sum="20"/>
</round>
<round no="1"><cards type="Pocket" player="OndaBianca1">X X</cards>
<cards type="Pocket" player="KOPKHUNKRAP">H3 HK</cards>
<cards type="Pocket" player="StackEngineer1">X X</cards>
<action no="3" player="KOPKHUNKRAP" type="23" sum="40"/>
<action no="4" player="OndaBianca1" type="0" discard="1" dealt="1" sum="0"/>
<action no="5" player="StackEngineer1" type="0" discard="1" dealt="1" sum="0"/>
</round>
</game>
<game gamecode="6570973876"><general>
<startdate>2025-12-25 21:29:37</startdate>
<round>1</round>
<failsafecounter/>
<players><player seat="6" name="KOPKHUNKRAP" chips="520" dealer="0" win="80" bet="100" muck="1" rebuy="0" addon="0" merge="0" rebuychips="0" reg_code="5083530219"/>
<player seat="10" name="OndaBianca1" chips="569" dealer="1" win="0" bet="0" muck="1" rebuy="0" addon="0" merge="0" rebuychips="0" reg_code="5083530765"/>
<player seat="3" name="StackEngineer1" chips="411" dealer="0" win="0" bet="40" muck="1" rebuy="0" addon="0" merge="0" rebuychips="0" reg_code="5083530215"/>
</players>
</general>
<round no="0"><action no="1" player="StackEngineer1" type="1" discard="1" dealt="1" sum="10"/>
<action no="2" player="KOPKHUNKRAP" type="2" sum="20"/>
</round>
<round no="1"><cards type="Pocket" player="StackEngineer1">X X</cards>
<cards type="Pocket" player="OndaBianca1">X X</cards>
<cards type="Pocket" player="KOPKHUNKRAP">DQ HQ</cards>
<action no="3" player="OndaBianca1" type="0" discard="1" dealt="1" sum="0"/>
<action no="4" player="StackEngineer1" type="23" discard="1" dealt="1" sum="40"/>
<action no="5" player="KOPKHUNKRAP" type="23" sum="100"/>
<action no="6" player="StackEngineer1" type="0" discard="1" dealt="1" sum="0"/>
</round>
</game>
<game gamecode="6570973911"><general>
<startdate>2025-12-25 21:29:47</startdate>
<round>1</round>
<failsafecounter/>
<players><player seat="10" name="OndaBianca1" chips="569" dealer="0" win="0" bet="20" muck="1" rebuy="0" addon="0" merge="0" rebuychips="0" reg_code="5083530765"/>
<player seat="3" name="StackEngineer1" chips="371" dealer="1" win="0" bet="0" muck="1" rebuy="0" addon="0" merge="0" rebuychips="0" reg_code="5083530215"/>
<player seat="6" name="KOPKHUNKRAP" chips="560" dealer="0" win="40" bet="40" muck="1" rebuy="0" addon="0" merge="0" rebuychips="0" reg_code="5083530219"/>
</players>
</general>
<round no="0"><action no="1" player="KOPKHUNKRAP" type="1" sum="10"/>
<action no="2" player="OndaBianca1" type="2" discard="1" dealt="1" sum="20"/>
</round>
<round no="1"><cards type="Pocket" player="OndaBianca1">X X</cards>
<cards type="Pocket" player="StackEngineer1">X X</cards>
<cards type="Pocket" player="KOPKHUNKRAP">C5 C3</cards>
<action no="3" player="StackEngineer1" type="0" discard="1" dealt="1" sum="0"/>
<action no="4" player="KOPKHUNKRAP" type="3" sum="10"/>
<action no="5" player="OndaBianca1" type="4" discard="1" dealt="1" sum="0"/>
</round>
<round no="2"><cards type="Flop">HK S9 S10</cards>
<action no="6" player="KOPKHUNKRAP" type="5" sum="20"/>
<action no="7" player="OndaBianca1" type="0" discard="1" dealt="1" sum="0"/>
</round>
</game>
<game gamecode="6570973960"><general>
<startdate>2025-12-25 21:30:04</startdate>
<round>1</round>
<failsafecounter/>
<players><player seat="3" name="StackEngineer1" chips="371" dealer="0" win="400" bet="200" muck="0" rebuy="0" addon="0" merge="0" rebuychips="0" reg_code="5083530215"/>
<player seat="6" name="KOPKHUNKRAP" chips="580" dealer="1" win="0" bet="0" muck="1" rebuy="0" addon="0" merge="0" rebuychips="0" reg_code="5083530219"/>
<player seat="10" name="OndaBianca1" chips="549" dealer="0" win="0" bet="200" muck="1" rebuy="0" addon="0" merge="0" rebuychips="0" reg_code="5083530765"/>
</players>
</general>
<round no="0"><action no="1" player="OndaBianca1" type="1" discard="1" dealt="1" sum="10"/>
<action no="2" player="StackEngineer1" type="2" discard="1" dealt="1" sum="20"/>
</round>
<round no="1"><cards type="Pocket" player="OndaBianca1">SQ HA</cards>
<cards type="Pocket" player="KOPKHUNKRAP">C3 H10</cards>
<cards type="Pocket" player="StackEngineer1">S9 S5</cards>
<action no="3" player="KOPKHUNKRAP" type="0" sum="0"/>
<action no="4" player="OndaBianca1" type="3" discard="1" dealt="1" sum="10"/>
<action no="5" player="StackEngineer1" type="4" discard="1" dealt="1" sum="0"/>
</round>
<round no="2"><cards type="Flop">C7 D3 H9</cards>
<action no="6" player="OndaBianca1" type="4" discard="1" dealt="1" sum="0"/>
<action no="7" player="StackEngineer1" type="5" discard="1" dealt="1" sum="20"/>
<action no="8" player="OndaBianca1" type="3" discard="1" dealt="1" sum="20"/>
</round>
<round no="3"><cards type="Turn">D7</cards>
<action no="9" player="OndaBianca1" type="4" discard="1" dealt="1" sum="0"/>
<action no="10" player="StackEngineer1" type="5" discard="1" dealt="1" sum="40"/>
<action no="11" player="OndaBianca1" type="3" discard="1" dealt="1" sum="40"/>
</round>
<round no="4"><cards type="River">S7</cards>
<action no="12" player="OndaBianca1" type="4" discard="1" dealt="1" sum="0"/>
<action no="13" player="StackEngineer1" type="5" discard="1" dealt="1" sum="120"/>
<action no="14" player="OndaBianca1" type="3" discard="1" dealt="1" sum="120"/>
</round>
</game>
<game gamecode="6570974051"><general>
<startdate>2025-12-25 21:30:38</startdate>
<round>1</round>
<failsafecounter/>
<players><player seat="6" name="KOPKHUNKRAP" chips="580" dealer="0" win="0" bet="20" muck="1" rebuy="0" addon="0" merge="0" rebuychips="0" reg_code="5083530219"/>
<player seat="10" name="OndaBianca1" chips="349" dealer="1" win="0" bet="0" muck="1" rebuy="0" addon="0" merge="0" rebuychips="0" reg_code="5083530765"/>
<player seat="3" name="StackEngineer1" chips="571" dealer="0" win="40" bet="40" muck="1" rebuy="0" addon="0" merge="0" rebuychips="0" reg_code="5083530215"/>
</players>
</general>
<round no="0"><action no="1" player="StackEngineer1" type="1" discard="1" dealt="1" sum="10"/>
<action no="2" player="KOPKHUNKRAP" type="2" sum="20"/>
</round>
<round no="1"><cards type="Pocket" player="KOPKHUNKRAP">D4 H7</cards>
<cards type="Pocket" player="OndaBianca1">X X</cards>
<cards type="Pocket" player="StackEngineer1">X X</cards>
<action no="3" player="OndaBianca1" type="0" discard="1" dealt="1" sum="0"/>
<action no="4" player="StackEngineer1" type="3" discard="1" dealt="1" sum="10"/>
<action no="5" player="KOPKHUNKRAP" type="4" sum="0"/>
</round>
<round no="2"><cards type="Flop">HA S5 C9</cards>
<action no="6" player="StackEngineer1" type="5" discard="1" dealt="1" sum="20"/>
<action no="7" player="KOPKHUNKRAP" type="0" sum="0"/>
</round>
</game>
<game gamecode="6570974087"><general>
<startdate>2025-12-25 21:30:51</startdate>
<round>1</round>
<failsafecounter/>
<players><player seat="10" name="OndaBianca1" chips="349" dealer="0" win="0" bet="349" muck="0" rebuy="0" addon="0" merge="0" rebuychips="0" reg_code="5083530765"/>
<player seat="3" name="StackEngineer1" chips="591" dealer="1" win="0" bet="5" muck="1" rebuy="0" addon="0" merge="0" rebuychips="0" reg_code="5083530215"/>
<player seat="6" name="KOPKHUNKRAP" chips="560" dealer="0" win="703" bet="560" muck="0" rebuy="0" addon="0" merge="0" rebuychips="0" reg_code="5083530219"/>
</players>
</general>
<round no="0"><action no="1" player="KOPKHUNKRAP" type="15" sum="5"/>
<action no="2" player="OndaBianca1" type="15" discard="1" dealt="1" sum="5"/>
<action no="3" player="StackEngineer1" type="15" discard="1" dealt="1" sum="5"/>
<action no="4" player="KOPKHUNKRAP" type="1" sum="15"/>
<action no="5" player="OndaBianca1" type="2" discard="1" dealt="1" sum="30"/>
</round>
<round no="1"><cards type="Pocket" player="StackEngineer1">X X</cards>
<cards type="Pocket" player="OndaBianca1">CA DJ</cards>
<cards type="Pocket" player="KOPKHUNKRAP">S10 H9</cards>
<action no="6" player="StackEngineer1" type="0" discard="1" dealt="1" sum="0"/>
<action no="7" player="KOPKHUNKRAP" type="23" sum="555"/>
<action no="8" player="OndaBianca1" type="7" discard="1" dealt="1" sum="314"/>
</round>
<round no="2"><cards type="Flop">D10 D5 C3</cards>
</round>
<round no="3"><cards type="Turn">C6</cards>
</round>
<round no="4"><cards type="River">HQ</cards>
</round>
</game>
<game gamecode="6570974130"><general>
<startdate>2025-12-25 21:31:07</startdate>
<round>1</round>
<failsafecounter/>
<players><player seat="3" name="StackEngineer1" chips="586" dealer="0" win="0" bet="35" muck="1" rebuy="0" addon="0" merge="0" rebuychips="0" reg_code="5083530215"/>
<player seat="6" name="KOPKHUNKRAP" chips="914" dealer="1" win="70" bet="65" muck="1" rebuy="0" addon="0" merge="0" rebuychips="0" reg_code="5083530219"/>
</players>
</general>
<round no="0"><action no="1" player="KOPKHUNKRAP" type="15" sum="5"/>
<action no="2" player="StackEngineer1" type="15" discard="1" dealt="1" sum="5"/>
<action no="3" player="KOPKHUNKRAP" type="1" sum="15"/>
<action no="4" player="StackEngineer1" type="2" discard="1" dealt="1" sum="30"/>
</round>
<round no="1"><cards type="Pocket" player="StackEngineer1">X X</cards>
<cards type="Pocket" player="KOPKHUNKRAP">C10 D7</cards>
<action no="5" player="KOPKHUNKRAP" type="3" sum="15"/>
<action no="6" player="StackEngineer1" type="4" discard="1" dealt="1" sum="0"/>
</round>
<round no="2"><cards type="Flop">S4 HA S2</cards>
<action no="7" player="StackEngineer1" type="4" discard="1" dealt="1" sum="0"/>
<action no="8" player="KOPKHUNKRAP" type="5" sum="30"/>
<action no="9" player="StackEngineer1" type="0" discard="1" dealt="1" sum="0"/>
</round>
</game>
<game gamecode="6570974184"><general>
<startdate>2025-12-25 21:31:25</startdate>
<round>1</round>
<failsafecounter/>
<players><player seat="6" name="KOPKHUNKRAP" chips="949" dealer="0" win="0" bet="35" muck="1" rebuy="0" addon="0" merge="0" rebuychips="0" reg_code="5083530219"/>
<player seat="3" name="StackEngineer1" chips="551" dealer="1" win="70" bet="65" muck="1" rebuy="0" addon="0" merge="0" rebuychips="0" reg_code="5083530215"/>
</players>
</general>
<round no="0"><action no="1" player="StackEngineer1" type="15" discard="1" dealt="1" sum="5"/>
<action no="2" player="KOPKHUNKRAP" type="15" sum="5"/>
<action no="3" player="StackEngineer1" type="1" discard="1" dealt="1" sum="15"/>
<action no="4" player="KOPKHUNKRAP" type="2" sum="30"/>
</round>
<round no="1"><cards type="Pocket" player="KOPKHUNKRAP">S5 CJ</cards>
<cards type="Pocket" player="StackEngineer1">X X</cards>
<action no="5" player="StackEngineer1" type="3" discard="1" dealt="1" sum="15"/>
<action no="6" player="KOPKHUNKRAP" type="4" sum="0"/>
</round>
<round no="2"><cards type="Flop">DQ H9 HK</cards>
<action no="7" player="KOPKHUNKRAP" type="4" sum="0"/>
<action no="8" player="StackEngineer1" type="5" discard="1" dealt="1" sum="30"/>
<action no="9" player="KOPKHUNKRAP" type="0" sum="0"/>
</round>
</game>
<game gamecode="6570974212"><general>
<startdate>2025-12-25 21:31:35</startdate>
<round>1</round>
<failsafecounter/>
<players><player seat="3" name="StackEngineer1" chips="586" dealer="0" win="130" bet="586" muck="1" rebuy="0" addon="0" merge="0" rebuychips="0" reg_code="5083530215"/>
<player seat="6" name="KOPKHUNKRAP" chips="914" dealer="1" win="0" bet="65" muck="1" rebuy="0" addon="0" merge="0" rebuychips="0" reg_code="5083530219"/>
</players>
</general>
<round no="0"><action no="1" player="KOPKHUNKRAP" type="15" sum="5"/>
<action no="2" player="StackEngineer1" type="15" discard="1" dealt="1" sum="5"/>
<action no="3" player="KOPKHUNKRAP" type="1" sum="15"/>
<action no="4" player="StackEngineer1" type="2" discard="1" dealt="1" sum="30"/>
</round>
<round no="1"><cards type="Pocket" player="StackEngineer1">X X</cards>
<cards type="Pocket" player="KOPKHUNKRAP">CK C9</cards>
<action no="5" player="KOPKHUNKRAP" type="23" sum="60"/>
<action no="6" player="StackEngineer1" type="23" discard="1" dealt="1" sum="581"/>
<action no="7" player="KOPKHUNKRAP" type="0" sum="0"/>
</round>
</game>
<game gamecode="6570974243"><general>
<startdate>2025-12-25 21:31:46</startdate>
<round>1</round>
<failsafecounter/>
<players><player seat="6" name="KOPKHUNKRAP" chips="849" dealer="0" win="40" bet="35" muck="1" rebuy="0" addon="0" merge="0" rebuychips="0" reg_code="5083530219"/>
<player seat="3" name="StackEngineer1" chips="651" dealer="1" win="0" bet="20" muck="1" rebuy="0" addon="0" merge="0" rebuychips="0" reg_code="5083530215"/>
</players>
</general>
<round no="0"><action no="1" player="StackEngineer1" type="15" discard="1" dealt="1" sum="5"/>
<action no="2" player="KOPKHUNKRAP" type="15" sum="5"/>
<action no="3" player="StackEngineer1" type="1" discard="1" dealt="1" sum="15"/>
<action no="4" player="KOPKHUNKRAP" type="2" sum="30"/>
</round>
<round no="1"><cards type="Pocket" player="StackEngineer1">X X</cards>
<cards type="Pocket" player="KOPKHUNKRAP">HK H10</cards>
<action no="5" player="StackEngineer1" type="0" discard="1" dealt="1" sum="0"/>
</round>
</game>
<game gamecode="6570974261"><general>
<startdate>2025-12-25 21:31:52</startdate>
<round>1</round>
<failsafecounter/>
<players><player seat="3" name="StackEngineer1" chips="631" dealer="0" win="0" bet="35" muck="1" rebuy="0" addon="0" merge="0" rebuychips="0" reg_code="5083530215"/>
<player seat="6" name="KOPKHUNKRAP" chips="869" dealer="1" win="70" bet="65" muck="1" rebuy="0" addon="0" merge="0" rebuychips="0" reg_code="5083530219"/>
</players>
</general>
<round no="0"><action no="1" player="KOPKHUNKRAP" type="15" sum="5"/>
<action no="2" player="StackEngineer1" type="15" discard="1" dealt="1" sum="5"/>
<action no="3" player="KOPKHUNKRAP" type="1" sum="15"/>
<action no="4" player="StackEngineer1" type="2" discard="1" dealt="1" sum="30"/>
</round>
<round no="1"><cards type="Pocket" player="KOPKHUNKRAP">S10 C3</cards>
<cards type="Pocket" player="StackEngineer1">X X</cards>
<action no="5" player="KOPKHUNKRAP" type="3" sum="15"/>
<action no="6" player="StackEngineer1" type="4" discard="1" dealt="1" sum="0"/>
</round>
<round no="2"><cards type="Flop">SA C6 H6</cards>
<action no="7" player="StackEngineer1" type="4" discard="1" dealt="1" sum="0"/>
<action no="8" player="KOPKHUNKRAP" type="5" sum="30"/>
<action no="9" player="StackEngineer1" type="0" discard="1" dealt="1" sum="0"/>
</round>
</game>
<game gamecode="6570974289"><general>
<startdate>2025-12-25 21:32:05</startdate>
<round>1</round>
<failsafecounter/>
<players><player seat="6" name="KOPKHUNKRAP" chips="904" dealer="0" win="190" bet="155" muck="1" rebuy="0" addon="0" merge="0" rebuychips="0" reg_code="5083530219"/>
<player seat="3" name="StackEngineer1" chips="596" dealer="1" win="0" bet="95" muck="1" rebuy="0" addon="0" merge="0" rebuychips="0" reg_code="5083530215"/>
</players>
</general>
<round no="0"><action no="1" player="StackEngineer1" type="15" discard="1" dealt="1" sum="5"/>
<action no="2" player="KOPKHUNKRAP" type="15" sum="5"/>
<action no="3" player="StackEngineer1" type="1" discard="1" dealt="1" sum="15"/>
<action no="4" player="KOPKHUNKRAP" type="2" sum="30"/>
</round>
<round no="1"><cards type="Pocket" player="StackEngineer1">X X</cards>
<cards type="Pocket" player="KOPKHUNKRAP">S9 S8</cards>
<action no="5" player="StackEngineer1" type="3" discard="1" dealt="1" sum="15"/>
<action no="6" player="KOPKHUNKRAP" type="23" sum="90"/>
<action no="7" player="StackEngineer1" type="3" discard="1" dealt="1" sum="60"/>
</round>
<round no="2"><cards type="Flop">H4 D3 HQ</cards>
<action no="8" player="KOPKHUNKRAP" type="5" sum="60"/>
<action no="9" player="StackEngineer1" type="0" discard="1" dealt="1" sum="0"/>
</round>
</game>
<game gamecode="6570974348"><general>
<startdate>2025-12-25 21:32:25</startdate>
<round>1</round>
<failsafecounter/>
<players><player seat="3" name="StackEngineer1" chips="501" dealer="0" win="90" bet="501" muck="1" rebuy="0" addon="0" merge="0" rebuychips="0" reg_code="5083530215"/>
<player seat="6" name="KOPKHUNKRAP" chips="999" dealer="1" win="0" bet="45" muck="1" rebuy="0" addon="0" merge="0" rebuychips="0" reg_code="5083530219"/>
</players>
</general>
<round no="0"><action no="1" player="KOPKHUNKRAP" type="15" sum="5"/>
<action no="2" player="StackEngineer1" type="15" discard="1" dealt="1" sum="5"/>
<action no="3" player="KOPKHUNKRAP" type="1" sum="20"/>
<action no="4" player="StackEngineer1" type="2" discard="1" dealt="1" sum="40"/>
</round>
<round no="1"><cards type="Pocket" player="StackEngineer1">X X</cards>
<cards type="Pocket" player="KOPKHUNKRAP">S3 H10</cards>
<action no="5" player="KOPKHUNKRAP" type="3" sum="20"/>
<action no="6" player="StackEngineer1" type="23" discard="1" dealt="1" sum="496"/>
<action no="7" player="KOPKHUNKRAP" type="0" sum="0"/>
</round>
</game>
<game gamecode="6570978763"><general>
<startdate>2025-12-25 21:32:35</startdate>
<round>1</round>
<failsafecounter/>
<players><player seat="6" name="KOPKHUNKRAP" chips="954" dealer="0" win="90" bet="954" muck="1" rebuy="0" addon="0" merge="0" rebuychips="0" reg_code="5083530219"/>
<player seat="3" name="StackEngineer1" chips="546" dealer="1" win="0" bet="45" muck="1" rebuy="0" addon="0" merge="0" rebuychips="0" reg_code="5083530215"/>
</players>
</general>
<round no="0"><action no="1" player="StackEngineer1" type="15" discard="1" dealt="1" sum="5"/>
<action no="2" player="KOPKHUNKRAP" type="15" sum="5"/>
<action no="3" player="StackEngineer1" type="1" discard="1" dealt="1" sum="20"/>
<action no="4" player="KOPKHUNKRAP" type="2" sum="40"/>
</round>
<round no="1"><cards type="Pocket" player="KOPKHUNKRAP">C3 H3</cards>
<cards type="Pocket" player="StackEngineer1">X X</cards>
<action no="5" player="StackEngineer1" type="3" discard="1" dealt="1" sum="20"/>
<action no="6" player="KOPKHUNKRAP" type="23" sum="949"/>
<action no="7" player="StackEngineer1" type="0" discard="1" dealt="1" sum="0"/>
</round>
</game>
<game gamecode="6570978796"><general>
<startdate>2025-12-25 21:32:46</startdate>
<round>1</round>
<failsafecounter/>
<players><player seat="3" name="StackEngineer1" chips="501" dealer="0" win="0" bet="85" muck="1" rebuy="0" addon="0" merge="0" rebuychips="0" reg_code="5083530215"/>
<player seat="6" name="KOPKHUNKRAP" chips="999" dealer="1" win="170" bet="165" muck="1" rebuy="0" addon="0" merge="0" rebuychips="0" reg_code="5083530219"/>
</players>
</general>
<round no="0"><action no="1" player="KOPKHUNKRAP" type="15" sum="5"/>
<action no="2" player="StackEngineer1" type="15" discard="1" dealt="1" sum="5"/>
<action no="3" player="KOPKHUNKRAP" type="1" sum="20"/>
<action no="4" player="StackEngineer1" type="2" discard="1" dealt="1" sum="40"/>
</round>
<round no="1"><cards type="Pocket" player="KOPKHUNKRAP">SJ H3</cards>
<cards type="Pocket" player="StackEngineer1">X X</cards>
<action no="5" player="KOPKHUNKRAP" type="3" sum="20"/>
<action no="6" player="StackEngineer1" type="4" discard="1" dealt="1" sum="0"/>
</round>
<round no="2"><cards type="Flop">C7 H9 C6</cards>
<action no="7" player="StackEngineer1" type="4" discard="1" dealt="1" sum="0"/>
<action no="8" player="KOPKHUNKRAP" type="4" sum="0"/>
</round>
<round no="3"><cards type="Turn">D8</cards>
<action no="9" player="StackEngineer1" type="4" discard="1" dealt="1" sum="0"/>
<action no="10" player="KOPKHUNKRAP" type="5" sum="40"/>
<action no="11" player="StackEngineer1" type="3" discard="1" dealt="1" sum="40"/>
</round>
<round no="4"><cards type="River">S7</cards>
<action no="12" player="StackEngineer1" type="4" discard="1" dealt="1" sum="0"/>
<action no="13" player="KOPKHUNKRAP" type="5" sum="80"/>
<action no="14" player="StackEngineer1" type="0" discard="1" dealt="1" sum="0"/>
</round>
</game>
<game gamecode="6570978891"><general>
<startdate>2025-12-25 21:33:17</startdate>
<round>1</round>
<failsafecounter/>
<players><player seat="6" name="KOPKHUNKRAP" chips="1,084" dealer="0" win="50" bet="45" muck="1" rebuy="0" addon="0" merge="0" rebuychips="0" reg_code="5083530219"/>
<player seat="3" name="StackEngineer1" chips="416" dealer="1" win="0" bet="25" muck="1" rebuy="0" addon="0" merge="0" rebuychips="0" reg_code="5083530215"/>
</players>
</general>
<round no="0"><action no="1" player="StackEngineer1" type="15" discard="1" dealt="1" sum="5"/>
<action no="2" player="KOPKHUNKRAP" type="15" sum="5"/>
<action no="3" player="StackEngineer1" type="1" discard="1" dealt="1" sum="20"/>
<action no="4" player="KOPKHUNKRAP" type="2" sum="40"/>
</round>
<round no="1"><cards type="Pocket" player="KOPKHUNKRAP">D10 D7</cards>
<cards type="Pocket" player="StackEngineer1">X X</cards>
<action no="5" player="StackEngineer1" type="0" discard="1" dealt="1" sum="0"/>
</round>
</game>
<game gamecode="6570978906"><general>
<startdate>2025-12-25 21:33:22</startdate>
<round>1</round>
<failsafecounter/>
<players><player seat="3" name="StackEngineer1" chips="391" dealer="0" win="0" bet="45" muck="1" rebuy="0" addon="0" merge="0" rebuychips="0" reg_code="5083530215"/>
<player seat="6" name="KOPKHUNKRAP" chips="1,109" dealer="1" win="90" bet="1,109" muck="1" rebuy="0" addon="0" merge="0" rebuychips="0" reg_code="5083530219"/>
</players>
</general>
<round no="0"><action no="1" player="KOPKHUNKRAP" type="15" sum="5"/>
<action no="2" player="StackEngineer1" type="15" discard="1" dealt="1" sum="5"/>
<action no="3" player="KOPKHUNKRAP" type="1" sum="20"/>
<action no="4" player="StackEngineer1" type="2" discard="1" dealt="1" sum="40"/>
</round>
<round no="1"><cards type="Pocket" player="StackEngineer1">X X</cards>
<cards type="Pocket" player="KOPKHUNKRAP">SK CQ</cards>
<action no="5" player="KOPKHUNKRAP" type="23" sum="1,104"/>
<action no="6" player="StackEngineer1" type="0" discard="1" dealt="1" sum="0"/>
</round>
</game>
<game gamecode="6570978933"><general>
<startdate>2025-12-25 21:33:30</startdate>
<round>1</round>
<failsafecounter/>
<players><player seat="6" name="KOPKHUNKRAP" chips="1,154" dealer="0" win="0" bet="346" muck="1" rebuy="0" addon="0" merge="0" rebuychips="0" reg_code="5083530219"/>
<player seat="3" name="StackEngineer1" chips="346" dealer="1" win="692" bet="346" muck="0" rebuy="0" addon="0" merge="0" rebuychips="0" reg_code="5083530215"/>
</players>
</general>
<round no="0"><action no="1" player="StackEngineer1" type="15" discard="1" dealt="1" sum="5"/>
<action no="2" player="KOPKHUNKRAP" type="15" sum="5"/>
<action no="3" player="StackEngineer1" type="1" discard="1" dealt="1" sum="20"/>
<action no="4" player="KOPKHUNKRAP" type="2" sum="40"/>
</round>
<round no="1"><cards type="Pocket" player="KOPKHUNKRAP">DA D10</cards>
<cards type="Pocket" player="StackEngineer1">SJ S9</cards>
<action no="5" player="StackEngineer1" type="23" discard="1" dealt="1" sum="341"/>
<action no="6" player="KOPKHUNKRAP" type="3" sum="301"/>
</round>
<round no="2"><cards type="Flop">HQ SA S10</cards>
</round>
<round no="3"><cards type="Turn">S4</cards>
</round>
<round no="4"><cards type="River">S8</cards>
</round>
</game>
<game gamecode="6570978973"><general>
<startdate>2025-12-25 21:33:45</startdate>
<round>1</round>
<failsafecounter/>
<players><player seat="3" name="StackEngineer1" chips="692" dealer="0" win="0" bet="45" muck="1" rebuy="0" addon="0" merge="0" rebuychips="0" reg_code="5083530215"/>
<player seat="6" name="KOPKHUNKRAP" chips="808" dealer="1" win="90" bet="85" muck="1" rebuy="0" addon="0" merge="0" rebuychips="0" reg_code="5083530219"/>
</players>
</general>
<round no="0"><action no="1" player="KOPKHUNKRAP" type="15" sum="5"/>
<action no="2" player="StackEngineer1" type="15" discard="1" dealt="1" sum="5"/>
<action no="3" player="KOPKHUNKRAP" type="1" sum="20"/>
<action no="4" player="StackEngineer1" type="2" discard="1" dealt="1" sum="40"/>
</round>
<round no="1"><cards type="Pocket" player="KOPKHUNKRAP">CJ C3</cards>
<cards type="Pocket" player="StackEngineer1">X X</cards>
<action no="5" player="KOPKHUNKRAP" type="3" sum="20"/>
<action no="6" player="StackEngineer1" type="4" discard="1" dealt="1" sum="0"/>
</round>
<round no="2"><cards type="Flop">S2 HQ D8</cards>
<action no="7" player="StackEngineer1" type="4" discard="1" dealt="1" sum="0"/>
<action no="8" player="KOPKHUNKRAP" type="5" sum="40"/>
<action no="9" player="StackEngineer1" type="0" discard="1" dealt="1" sum="0"/>
</round>
</game>
<game gamecode="6570979009"><general>
<startdate>2025-12-25 21:33:58</startdate>
<round>1</round>
<failsafecounter/>
<players><player seat="6" name="KOPKHUNKRAP" chips="853" dealer="0" win="170" bet="85" muck="0" rebuy="0" addon="0" merge="0" rebuychips="0" reg_code="5083530219"/>
<player seat="3" name="StackEngineer1" chips="647" dealer="1" win="0" bet="85" muck="1" rebuy="0" addon="0" merge="0" rebuychips="0" reg_code="5083530215"/>
</players>
</general>
<round no="0"><action no="1" player="StackEngineer1" type="15" discard="1" dealt="1" sum="5"/>
<action no="2" player="KOPKHUNKRAP" type="15" sum="5"/>
<action no="3" player="StackEngineer1" type="1" discard="1" dealt="1" sum="20"/>
<action no="4" player="KOPKHUNKRAP" type="2" sum="40"/>
</round>
<round no="1"><cards type="Pocket" player="StackEngineer1">D6 D4</cards>
<cards type="Pocket" player="KOPKHUNKRAP">HJ S5</cards>
<action no="5" player="StackEngineer1" type="3" discard="1" dealt="1" sum="20"/>
<action no="6" player="KOPKHUNKRAP" type="4" sum="0"/>
</round>
<round no="2"><cards type="Flop">C5 D3 C10</cards>
<action no="7" player="KOPKHUNKRAP" type="4" sum="0"/>
<action no="8" player="StackEngineer1" type="5" discard="1" dealt="1" sum="40"/>
<action no="9" player="KOPKHUNKRAP" type="3" sum="40"/>
</round>
<round no="3"><cards type="Turn">C4</cards>
<action no="10" player="KOPKHUNKRAP" type="4" sum="0"/>
<action no="11" player="StackEngineer1" type="4" discard="1" dealt="1" sum="0"/>
</round>
<round no="4"><cards type="River">H3</cards>
<action no="12" player="KOPKHUNKRAP" type="4" sum="0"/>
<action no="13" player="StackEngineer1" type="4" discard="1" dealt="1" sum="0"/>
</round>
</game>
<game gamecode="6570979088"><general>
<startdate>2025-12-25 21:34:27</startdate>
<round>1</round>
<failsafecounter/>
<players><player seat="3" name="StackEngineer1" chips="562" dealer="0" win="0" bet="65" muck="1" rebuy="0" addon="0" merge="0" rebuychips="0" reg_code="5083530215"/>
<player seat="6" name="KOPKHUNKRAP" chips="938" dealer="1" win="130" bet="938" muck="1" rebuy="0" addon="0" merge="0" rebuychips="0" reg_code="5083530219"/>
</players>
</general>
<round no="0"><action no="1" player="KOPKHUNKRAP" type="15" sum="5"/>
<action no="2" player="StackEngineer1" type="15" discard="1" dealt="1" sum="5"/>
<action no="3" player="KOPKHUNKRAP" type="1" sum="30"/>
<action no="4" player="StackEngineer1" type="2" discard="1" dealt="1" sum="60"/>
</round>
<round no="1"><cards type="Pocket" player="StackEngineer1">X X</cards>
<cards type="Pocket" player="KOPKHUNKRAP">D9 CA</cards>
<action no="5" player="KOPKHUNKRAP" type="23" sum="933"/>
<action no="6" player="StackEngineer1" type="0" discard="1" dealt="1" sum="0"/>
</round>
</game>
<game gamecode="6570979108"><general>
<startdate>2025-12-25 21:34:34</startdate>
<round>1</round>
<failsafecounter/>
<players><player seat="6" name="KOPKHUNKRAP" chips="1,003" dealer="0" win="0" bet="1,003" muck="1" rebuy="0" addon="0" merge="0" rebuychips="0" reg_code="5083530219"/>
<player seat="3" name="StackEngineer1" chips="497" dealer="1" win="994" bet="497" muck="0" rebuy="0" addon="0" merge="0" rebuychips="0" reg_code="5083530215"/>
</players>
</general>
<round no="0"><action no="1" player="StackEngineer1" type="15" discard="1" dealt="1" sum="5"/>
<action no="2" player="KOPKHUNKRAP" type="15" sum="5"/>
<action no="3" player="StackEngineer1" type="1" discard="1" dealt="1" sum="30"/>
<action no="4" player="KOPKHUNKRAP" type="2" sum="60"/>
</round>
<round no="1"><cards type="Pocket" player="KOPKHUNKRAP">HK D2</cards>
<cards type="Pocket" player="StackEngineer1">DA HA</cards>
<action no="5" player="StackEngineer1" type="3" discard="1" dealt="1" sum="30"/>
<action no="6" player="KOPKHUNKRAP" type="23" sum="998"/>
<action no="7" player="StackEngineer1" type="7" discard="1" dealt="1" sum="432"/>
</round>
<round no="2"><cards type="Flop">CJ S2 SQ</cards>
</round>
<round no="3"><cards type="Turn">DK</cards>
</round>
<round no="4"><cards type="River">HJ</cards>
</round>
</game>
<game gamecode="6570979165"><general>
<startdate>2025-12-25 21:34:53</startdate>
<round>1</round>
<failsafecounter/>
<players><player seat="3" name="StackEngineer1" chips="994" dealer="0" win="0" bet="65" muck="1" rebuy="0" addon="0" merge="0" rebuychips="0" reg_code="5083530215"/>
<player seat="6" name="KOPKHUNKRAP" chips="506" dealer="1" win="130" bet="506" muck="1" rebuy="0" addon="0" merge="0" rebuychips="0" reg_code="5083530219"/>
</players>
</general>
<round no="0"><action no="1" player="KOPKHUNKRAP" type="15" sum="5"/>
<action no="2" player="StackEngineer1" type="15" discard="1" dealt="1" sum="5"/>
<action no="3" player="KOPKHUNKRAP" type="1" sum="30"/>
<action no="4" player="StackEngineer1" type="2" discard="1" dealt="1" sum="60"/>
</round>
<round no="1"><cards type="Pocket" player="KOPKHUNKRAP">SQ D9</cards>
<cards type="Pocket" player="StackEngineer1">X X</cards>
<action no="5" player="KOPKHUNKRAP" type="23" sum="501"/>
<action no="6" player="StackEngineer1" type="0" discard="1" dealt="1" sum="0"/>
</round>
</game>
<game gamecode="6570979195"><general>
<startdate>2025-12-25 21:35:01</startdate>
<round>1</round>
<failsafecounter/>
<players><player seat="6" name="KOPKHUNKRAP" chips="571" dealer="0" win="0" bet="65" muck="1" rebuy="0" addon="0" merge="0" rebuychips="0" reg_code="5083530219"/>
<player seat="3" name="StackEngineer1" chips="929" dealer="1" win="130" bet="929" muck="1" rebuy="0" addon="0" merge="0" rebuychips="0" reg_code="5083530215"/>
</players>
</general>
<round no="0"><action no="1" player="StackEngineer1" type="15" discard="1" dealt="1" sum="5"/>
<action no="2" player="KOPKHUNKRAP" type="15" sum="5"/>
<action no="3" player="StackEngineer1" type="1" discard="1" dealt="1" sum="30"/>
<action no="4" player="KOPKHUNKRAP" type="2" sum="60"/>
</round>
<round no="1"><cards type="Pocket" player="StackEngineer1">X X</cards>
<cards type="Pocket" player="KOPKHUNKRAP">C2 SQ</cards>
<action no="5" player="StackEngineer1" type="23" discard="1" dealt="1" sum="924"/>
<action no="6" player="KOPKHUNKRAP" type="0" sum="0"/>
</round>
</game>
<game gamecode="6570979227"><general>
<startdate>2025-12-25 21:35:12</startdate>
<round>1</round>
<failsafecounter/>
<players><player seat="3" name="StackEngineer1" chips="994" dealer="0" win="0" bet="65" muck="1" rebuy="0" addon="0" merge="0" rebuychips="0" reg_code="5083530215"/>
<player seat="6" name="KOPKHUNKRAP" chips="506" dealer="1" win="130" bet="506" muck="1" rebuy="0" addon="0" merge="0" rebuychips="0" reg_code="5083530219"/>
</players>
</general>
<round no="0"><action no="1" player="KOPKHUNKRAP" type="15" sum="5"/>
<action no="2" player="StackEngineer1" type="15" discard="1" dealt="1" sum="5"/>
<action no="3" player="KOPKHUNKRAP" type="1" sum="30"/>
<action no="4" player="StackEngineer1" type="2" discard="1" dealt="1" sum="60"/>
</round>
<round no="1"><cards type="Pocket" player="StackEngineer1">X X</cards>
<cards type="Pocket" player="KOPKHUNKRAP">DQ D7</cards>
<action no="5" player="KOPKHUNKRAP" type="23" sum="501"/>
<action no="6" player="StackEngineer1" type="0" discard="1" dealt="1" sum="0"/>
</round>
</game>
<game gamecode="6570979260"><general>
<startdate>2025-12-25 21:35:24</startdate>
<round>1</round>
<failsafecounter/>
<players><player seat="6" name="KOPKHUNKRAP" chips="571" dealer="0" win="1,142" bet="571" muck="0" rebuy="0" addon="0" merge="0" rebuychips="0" reg_code="5083530219"/>
<player seat="3" name="StackEngineer1" chips="929" dealer="1" win="0" bet="929" muck="0" rebuy="0" addon="0" merge="0" rebuychips="0" reg_code="5083530215"/>
</players>
</general>
<round no="0"><action no="1" player="StackEngineer1" type="15" discard="1" dealt="1" sum="5"/>
<action no="2" player="KOPKHUNKRAP" type="15" sum="5"/>
<action no="3" player="StackEngineer1" type="1" discard="1" dealt="1" sum="30"/>
<action no="4" player="KOPKHUNKRAP" type="2" sum="60"/>
</round>
<round no="1"><cards type="Pocket" player="StackEngineer1">H7 HK</cards>
<cards type="Pocket" player="KOPKHUNKRAP">CJ D9</cards>
<action no="5" player="StackEngineer1" type="23" discard="1" dealt="1" sum="924"/>
<action no="6" player="KOPKHUNKRAP" type="7" sum="506"/>
</round>
<round no="2"><cards type="Flop">S8 H8 S9</cards>
</round>
<round no="3"><cards type="Turn">D10</cards>
</round>
<round no="4"><cards type="River">C8</cards>
</round>
</game>
<game gamecode="6570979314"><general>
<startdate>2025-12-25 21:35:42</startdate>
<round>1</round>
<failsafecounter/>
<players><player seat="3" name="StackEngineer1" chips="358" dealer="0" win="716" bet="358" muck="0" rebuy="0" addon="0" merge="0" rebuychips="0" reg_code="5083530215"/>
<player seat="6" name="KOPKHUNKRAP" chips="1,142" dealer="1" win="0" bet="1,142" muck="1" rebuy="0" addon="0" merge="0" rebuychips="0" reg_code="5083530219"/>
</players>
</general>
<round no="0"><action no="1" player="KOPKHUNKRAP" type="15" sum="5"/>
<action no="2" player="StackEngineer1" type="15" discard="1" dealt="1" sum="5"/>
<action no="3" player="KOPKHUNKRAP" type="1" sum="30"/>
<action no="4" player="StackEngineer1" type="2" discard="1" dealt="1" sum="60"/>
</round>
<round no="1"><cards type="Pocket" player="StackEngineer1">C9 D10</cards>
<cards type="Pocket" player="KOPKHUNKRAP">S6 S8</cards>
<action no="5" player="KOPKHUNKRAP" type="23" sum="1,137"/>
<action no="6" player="StackEngineer1" type="7" discard="1" dealt="1" sum="293"/>
</round>
<round no="2"><cards type="Flop">C6 H4 S9</cards>
</round>
<round no="3"><cards type="Turn">S3</cards>
</round>
<round no="4"><cards type="River">CQ</cards>
</round>
</game>
<game gamecode="6570979362"><general>
<startdate>2025-12-25 21:35:57</startdate>
<round>1</round>
<failsafecounter/>
<players><player seat="6" name="KOPKHUNKRAP" chips="784" dealer="0" win="0" bet="168" muck="1" rebuy="0" addon="0" merge="0" rebuychips="0" reg_code="5083530219"/>
<player seat="3" name="StackEngineer1" chips="716" dealer="1" win="336" bet="393" muck="1" rebuy="0" addon="0" merge="0" rebuychips="0" reg_code="5083530215"/>
</players>
</general>
<round no="0"><action no="1" player="StackEngineer1" type="15" discard="1" dealt="1" sum="8"/>
<action no="2" player="KOPKHUNKRAP" type="15" sum="8"/>
<action no="3" player="StackEngineer1" type="1" discard="1" dealt="1" sum="40"/>
<action no="4" player="KOPKHUNKRAP" type="2" sum="80"/>
</round>
<round no="1"><cards type="Pocket" player="KOPKHUNKRAP">SJ H2</cards>
<cards type="Pocket" player="StackEngineer1">X X</cards>
<action no="5" player="StackEngineer1" type="3" discard="1" dealt="1" sum="40"/>
<action no="6" player="KOPKHUNKRAP" type="4" sum="0"/>
</round>
<round no="2"><cards type="Flop">CK HJ D5</cards>
<action no="7" player="KOPKHUNKRAP" type="4" sum="0"/>
<action no="8" player="StackEngineer1" type="5" discard="1" dealt="1" sum="80"/>
<action no="9" player="KOPKHUNKRAP" type="3" sum="80"/>
</round>
<round no="3"><cards type="Turn">H4</cards>
<action no="10" player="KOPKHUNKRAP" type="4" sum="0"/>
<action no="11" player="StackEngineer1" type="5" discard="1" dealt="1" sum="225"/>
<action no="12" player="KOPKHUNKRAP" type="0" sum="0"/>
</round>
</game>
<game gamecode="6570979427"><general>
<startdate>2025-12-25 21:36:23</startdate>
<round>1</round>
<failsafecounter/>
<players><player seat="3" name="StackEngineer1" chips="884" dealer="0" win="0" bet="88" muck="1" rebuy="0" addon="0" merge="0" rebuychips="0" reg_code="5083530215"/>
<player seat="6" name="KOPKHUNKRAP" chips="616" dealer="1" win="176" bet="616" muck="1" rebuy="0" addon="0" merge="0" rebuychips="0" reg_code="5083530219"/>
</players>
</general>
<round no="0"><action no="1" player="KOPKHUNKRAP" type="15" sum="8"/>
<action no="2" player="StackEngineer1" type="15" discard="1" dealt="1" sum="8"/>
<action no="3" player="KOPKHUNKRAP" type="1" sum="40"/>
<action no="4" player="StackEngineer1" type="2" discard="1" dealt="1" sum="80"/>
</round>
<round no="1"><cards type="Pocket" player="KOPKHUNKRAP">H4 CK</cards>
<cards type="Pocket" player="StackEngineer1">X X</cards>
<action no="5" player="KOPKHUNKRAP" type="23" sum="608"/>
<action no="6" player="StackEngineer1" type="0" discard="1" dealt="1" sum="0"/>
</round>
</game>
<game gamecode="6570979459"><general>
<startdate>2025-12-25 21:36:31</startdate>
<round>1</round>
<failsafecounter/>
<players><player seat="6" name="KOPKHUNKRAP" chips="704" dealer="0" win="0" bet="88" muck="1" rebuy="0" addon="0" merge="0" rebuychips="0" reg_code="5083530219"/>
<player seat="3" name="StackEngineer1" chips="796" dealer="1" win="176" bet="168" muck="1" rebuy="0" addon="0" merge="0" rebuychips="0" reg_code="5083530215"/>
</players>
</general>
<round no="0"><action no="1" player="StackEngineer1" type="15" discard="1" dealt="1" sum="8"/>
<action no="2" player="KOPKHUNKRAP" type="15" sum="8"/>
<action no="3" player="StackEngineer1" type="1" discard="1" dealt="1" sum="40"/>
<action no="4" player="KOPKHUNKRAP" type="2" sum="80"/>
</round>
<round no="1"><cards type="Pocket" player="StackEngineer1">X X</cards>
<cards type="Pocket" player="KOPKHUNKRAP">DJ H3</cards>
<action no="5" player="StackEngineer1" type="3" discard="1" dealt="1" sum="40"/>
<action no="6" player="KOPKHUNKRAP" type="4" sum="0"/>
</round>
<round no="2"><cards type="Flop">CQ S4 C10</cards>
<action no="7" player="KOPKHUNKRAP" type="4" sum="0"/>
<action no="8" player="StackEngineer1" type="5" discard="1" dealt="1" sum="80"/>
<action no="9" player="KOPKHUNKRAP" type="0" sum="0"/>
</round>
</game>
<game gamecode="6570979527"><general>
<startdate>2025-12-25 21:36:57</startdate>
<round>1</round>
<failsafecounter/>
<players><player seat="3" name="StackEngineer1" chips="884" dealer="0" win="0" bet="616" muck="1" rebuy="0" addon="0" merge="0" rebuychips="0" reg_code="5083530215"/>
<player seat="6" name="KOPKHUNKRAP" chips="616" dealer="1" win="1,232" bet="616" muck="0" rebuy="0" addon="0" merge="0" rebuychips="0" reg_code="5083530219"/>
</players>
</general>
<round no="0"><action no="1" player="KOPKHUNKRAP" type="15" sum="8"/>
<action no="2" player="StackEngineer1" type="15" discard="1" dealt="1" sum="8"/>
<action no="3" player="KOPKHUNKRAP" type="1" sum="40"/>
<action no="4" player="StackEngineer1" type="2" discard="1" dealt="1" sum="80"/>
</round>
<round no="1"><cards type="Pocket" player="StackEngineer1">H2 D2</cards>
<cards type="Pocket" player="KOPKHUNKRAP">HQ D9</cards>
<action no="5" player="KOPKHUNKRAP" type="23" sum="608"/>
<action no="6" player="StackEngineer1" type="3" discard="1" dealt="1" sum="528"/>
</round>
<round no="2"><cards type="Flop">H8 H6 S4</cards>
</round>
<round no="3"><cards type="Turn">SQ</cards>
</round>
<round no="4"><cards type="River">H4</cards>
</round>
</game>
<game gamecode="6570979567"><general>
<startdate>2025-12-25 21:37:13</startdate>
<round>1</round>
<failsafecounter/>
<players><player seat="6" name="KOPKHUNKRAP" chips="1,232" dealer="0" win="96" bet="88" muck="1" rebuy="0" addon="0" merge="0" rebuychips="0" reg_code="5083530219"/>
<player seat="3" name="StackEngineer1" chips="268" dealer="1" win="0" bet="48" muck="1" rebuy="0" addon="0" merge="0" rebuychips="0" reg_code="5083530215"/>
</players>
</general>
<round no="0"><action no="1" player="StackEngineer1" type="15" discard="1" dealt="1" sum="8"/>
<action no="2" player="KOPKHUNKRAP" type="15" sum="8"/>
<action no="3" player="StackEngineer1" type="1" discard="1" dealt="1" sum="40"/>
<action no="4" player="KOPKHUNKRAP" type="2" sum="80"/>
</round>
<round no="1"><cards type="Pocket" player="StackEngineer1">X X</cards>
<cards type="Pocket" player="KOPKHUNKRAP">SJ H2</cards>
<action no="5" player="StackEngineer1" type="0" discard="1" dealt="1" sum="0"/>
</round>
</game>
<game gamecode="6570979590"><general>
<startdate>2025-12-25 21:37:19</startdate>
<round>1</round>
<failsafecounter/>
<players><player seat="3" name="StackEngineer1" chips="220" dealer="0" win="440" bet="220" muck="0" rebuy="0" addon="0" merge="0" rebuychips="0" reg_code="5083530215"/>
<player seat="6" name="KOPKHUNKRAP" chips="1,280" dealer="1" win="0" bet="248" muck="1" rebuy="0" addon="0" merge="0" rebuychips="0" reg_code="5083530219"/>
</players>
</general>
<round no="0"><action no="1" player="KOPKHUNKRAP" type="15" sum="8"/>
<action no="2" player="StackEngineer1" type="15" discard="1" dealt="1" sum="8"/>
<action no="3" player="KOPKHUNKRAP" type="1" sum="40"/>
<action no="4" player="StackEngineer1" type="2" discard="1" dealt="1" sum="80"/>
</round>
<round no="1"><cards type="Pocket" player="KOPKHUNKRAP">C7 S5</cards>
<cards type="Pocket" player="StackEngineer1">H6 H9</cards>
<action no="5" player="KOPKHUNKRAP" type="23" sum="240"/>
<action no="6" player="StackEngineer1" type="7" discard="1" dealt="1" sum="132"/>
</round>
<round no="2"><cards type="Flop">D8 DJ S2</cards>
</round>
<round no="3"><cards type="Turn">CQ</cards>
</round>
<round no="4"><cards type="River">HJ</cards>
</round>
</game>
<game gamecode="6570979628"><general>
<startdate>2025-12-25 21:37:35</startdate>
<round>1</round>
<failsafecounter/>
<players><player seat="6" name="KOPKHUNKRAP" chips="1,060" dealer="0" win="880" bet="440" muck="0" rebuy="0" addon="0" merge="0" rebuychips="0" reg_code="5083530219"/>
<player seat="3" name="StackEngineer1" chips="440" dealer="1" win="0" bet="440" muck="0" rebuy="0" addon="0" merge="0" rebuychips="0" reg_code="5083530215"/>
</players>
</general>
<round no="0"><action no="1" player="StackEngineer1" type="15" discard="1" dealt="1" sum="10"/>
<action no="2" player="KOPKHUNKRAP" type="15" sum="10"/>
<action no="3" player="StackEngineer1" type="1" discard="1" dealt="1" sum="50"/>
<action no="4" player="KOPKHUNKRAP" type="2" sum="100"/>
</round>
<round no="1"><cards type="Pocket" player="KOPKHUNKRAP">C7 S7</cards>
<cards type="Pocket" player="StackEngineer1">H3 D3</cards>
<action no="5" player="StackEngineer1" type="23" discard="1" dealt="1" sum="430"/>
<action no="6" player="KOPKHUNKRAP" type="3" sum="330"/>
</round>
<round no="2"><cards type="Flop">C5 S10 H2</cards>
</round>
<round no="3"><cards type="Turn">H9</cards>
</round>
<round no="4"><cards type="River">HQ</cards>
</round>
</game>
</session>
