<?xml version="1.0" encoding="UTF-8"?>
<session sessioncode="5083095848">
<general>
<client_version>24.7.1.15</client_version>
<mode>real</mode>
<gametype>Holdem NL</gametype>
<tablename>Twister €200 SNG, 824604964</tablename>
<tournamentcode>824604963</tournamentcode>
<tournamentname>Twister €200 SNG</tournamentname>
<buyin>€0 + €12 + €188</buyin>
<totalbuyin>€200</totalbuyin>
<rewarddrawn>€800</rewarddrawn>
<tournamentcurrency>EUR</tournamentcurrency>
<currency>EUR</currency>
<nickname>KOPKHUNKRAP</nickname>
<gamecount>11</gamecount>
<startdate>2025-12-24 04:33:35</startdate>
<place>1</place>
<win>€800</win>
<tablesize>3</tablesize>
</general>
<game gamecode="6569282277"><general>
<startdate>2025-12-24 04:33:51</startdate>
<round>1</round>
<failsafecounter/>
<players><player seat="6" name="Libanese977" chips="500" dealer="0" win="480" bet="240" muck="0" rebuy="0" addon="0" merge="0" rebuychips="0" reg_code="5083095693"/>
<player seat="10" name="KOPKHUNKRAP" chips="500" dealer="1" win="0" bet="0" muck="1" rebuy="0" addon="0" merge="0" rebuychips="0" reg_code="5083095848"/>
<player seat="3" name="DottRise" chips="500" dealer="0" win="0" bet="240" muck="1" rebuy="0" addon="0" merge="0" rebuychips="0" reg_code="5083095781"/>
</players>
</general>
<round no="0"><action no="1" player="DottRise" type="1" discard="1" dealt="1" sum="10"/>
<action no="2" player="Libanese977" type="2" discard="1" dealt="1" sum="20"/>
</round>
<round no="1"><cards type="Pocket" player="KOPKHUNKRAP">C4 S2</cards>
<cards type="Pocket" player="Libanese977">C5 SQ</cards>
<cards type="Pocket" player="DottRise">H9 C10</cards>
<action no="3" player="KOPKHUNKRAP" type="0" sum="0"/>
<action no="4" player="DottRise" type="23" discard="1" dealt="1" sum="40"/>
<action no="5" player="Libanese977" type="3" discard="1" dealt="1" sum="20"/>
</round>
<round no="2"><cards type="Flop">S4 DA D10</cards>
<action no="6" player="DottRise" type="4" discard="1" dealt="1" sum="0"/>
<action no="7" player="Libanese977" type="5" discard="1" dealt="1" sum="40"/>
<action no="8" player="DottRise" type="3" discard="1" dealt="1" sum="40"/>
</round>
<round no="3"><cards type="Turn">C3</cards>
<action no="9" player="DottRise" type="4" discard="1" dealt="1" sum="0"/>
<action no="10" player="Libanese977" type="4" discard="1" dealt="1" sum="0"/>
</round>
<round no="4"><cards type="River">CQ</cards>
<action no="11" player="DottRise" type="4" discard="1" dealt="1" sum="0"/>
<action no="12" player="Libanese977" type="5" discard="1" dealt="1" sum="160"/>
<action no="13" player="DottRise" type="3" discard="1" dealt="1" sum="160"/>
</round>
</game>
<game gamecode="6569282314"><general>
<startdate>2025-12-24 04:34:20</startdate>
<round>1</round>
<failsafecounter/>
<players><player seat="10" name="KOPKHUNKRAP" chips="500" dealer="0" win="0" bet="60" muck="1" rebuy="0" addon="0" merge="0" rebuychips="0" reg_code="5083095848"/>
<player seat="3" name="DottRise" chips="260" dealer="1" win="140" bet="60" muck="0" rebuy="0" addon="0" merge="0" rebuychips="0" reg_code="5083095781"/>
<player seat="6" name="Libanese977" chips="740" dealer="0" win="0" bet="20" muck="1" rebuy="0" addon="0" merge="0" rebuychips="0" reg_code="5083095693"/>
</players>
</general>
<round no="0"><action no="1" player="Libanese977" type="1" discard="1" dealt="1" sum="10"/>
<action no="2" player="KOPKHUNKRAP" type="2" sum="20"/>
</round>
<round no="1"><cards type="Pocket" player="Libanese977">X X</cards>
<cards type="Pocket" player="KOPKHUNKRAP">C4 C6</cards>
<cards type="Pocket" player="DottRise">C5 S10</cards>
<action no="3" player="DottRise" type="3" discard="1" dealt="1" sum="20"/>
<action no="4" player="Libanese977" type="3" discard="1" dealt="1" sum="10"/>
<action no="5" player="KOPKHUNKRAP" type="4" sum="0"/>
</round>
<round no="2"><cards type="Flop">S4 CK DJ</cards>
<action no="6" player="Libanese977" type="4" discard="1" dealt="1" sum="0"/>
<action no="7" player="KOPKHUNKRAP" type="4" sum="0"/>
<action no="8" player="DottRise" type="5" discard="1" dealt="1" sum="40"/>
<action no="9" player="Libanese977" type="0" discard="1" dealt="1" sum="0"/>
<action no="10" player="KOPKHUNKRAP" type="3" sum="40"/>
</round>
<round no="3"><cards type="Turn">D7</cards>
<action no="11" player="KOPKHUNKRAP" type="4" sum="0"/>
<action no="12" player="DottRise" type="4" discard="1" dealt="1" sum="0"/>
</round>
<round no="4"><cards type="River">D10</cards>
<action no="13" player="KOPKHUNKRAP" type="4" sum="0"/>
<action no="14" player="DottRise" type="4" discard="1" dealt="1" sum="0"/>
</round>
</game>
<game gamecode="6569282368"><general>
<startdate>2025-12-24 04:35:05</startdate>
<round>1</round>
<failsafecounter/>
<players><player seat="3" name="DottRise" chips="340" dealer="0" win="0" bet="120" muck="0" rebuy="0" addon="0" merge="0" rebuychips="0" reg_code="5083095781"/>
<player seat="6" name="Libanese977" chips="720" dealer="1" win="0" bet="0" muck="1" rebuy="0" addon="0" merge="0" rebuychips="0" reg_code="5083095693"/>
<player seat="10" name="KOPKHUNKRAP" chips="440" dealer="0" win="240" bet="120" muck="0" rebuy="0" addon="0" merge="0" rebuychips="0" reg_code="5083095848"/>
</players>
</general>
<round no="0"><action no="1" player="KOPKHUNKRAP" type="1" sum="10"/>
<action no="2" player="DottRise" type="2" discard="1" dealt="1" sum="20"/>
</round>
<round no="1"><cards type="Pocket" player="KOPKHUNKRAP">S5 S2</cards>
<cards type="Pocket" player="DottRise">CJ D5</cards>
<cards type="Pocket" player="Libanese977">X X</cards>
<action no="3" player="Libanese977" type="0" discard="1" dealt="1" sum="0"/>
<action no="4" player="KOPKHUNKRAP" type="3" sum="10"/>
<action no="5" player="DottRise" type="4" discard="1" dealt="1" sum="0"/>
</round>
<round no="2"><cards type="Flop">HJ D4 D2</cards>
<action no="6" player="KOPKHUNKRAP" type="4" sum="0"/>
<action no="7" player="DottRise" type="4" discard="1" dealt="1" sum="0"/>
</round>
<round no="3"><cards type="Turn">H2</cards>
<action no="8" player="KOPKHUNKRAP" type="5" sum="20"/>
<action no="9" player="DottRise" type="3" discard="1" dealt="1" sum="20"/>
</round>
<round no="4"><cards type="River">S7</cards>
<action no="10" player="KOPKHUNKRAP" type="4" sum="0"/>
<action no="11" player="DottRise" type="5" discard="1" dealt="1" sum="80"/>
<action no="12" player="KOPKHUNKRAP" type="3" sum="80"/>
</round>
</game>
<game gamecode="6569282418"><general>
<startdate>2025-12-24 04:35:43</startdate>
<round>1</round>
<failsafecounter/>
<players><player seat="6" name="Libanese977" chips="720" dealer="0" win="440" bet="220" muck="0" rebuy="0" addon="0" merge="0" rebuychips="0" reg_code="5083095693"/>
<player seat="10" name="KOPKHUNKRAP" chips="560" dealer="1" win="0" bet="0" muck="1" rebuy="0" addon="0" merge="0" rebuychips="0" reg_code="5083095848"/>
<player seat="3" name="DottRise" chips="220" dealer="0" win="0" bet="220" muck="0" rebuy="0" addon="0" merge="0" rebuychips="0" reg_code="5083095781"/>
</players>
</general>
<round no="0"><action no="1" player="DottRise" type="1" discard="1" dealt="1" sum="10"/>
<action no="2" player="Libanese977" type="2" discard="1" dealt="1" sum="20"/>
</round>
<round no="1"><cards type="Pocket" player="Libanese977">C6 D7</cards>
<cards type="Pocket" player="DottRise">H3 C4</cards>
<cards type="Pocket" player="KOPKHUNKRAP">S7 CQ</cards>
<action no="3" player="KOPKHUNKRAP" type="0" sum="0"/>
<action no="4" player="DottRise" type="3" discard="1" dealt="1" sum="10"/>
<action no="5" player="Libanese977" type="4" discard="1" dealt="1" sum="0"/>
</round>
<round no="2"><cards type="Flop">DA S3 H7</cards>
<action no="6" player="DottRise" type="4" discard="1" dealt="1" sum="0"/>
<action no="7" player="Libanese977" type="5" discard="1" dealt="1" sum="40"/>
<action no="8" player="DottRise" type="23" discard="1" dealt="1" sum="200"/>
<action no="9" player="Libanese977" type="3" discard="1" dealt="1" sum="160"/>
</round>
<round no="3"><cards type="Turn">S5</cards>
</round>
<round no="4"><cards type="River">H9</cards>
</round>
</game>
<game gamecode="6569282446"><general>
<startdate>2025-12-24 04:36:08</startdate>
<round>1</round>
<failsafecounter/>
<players><player seat="10" name="KOPKHUNKRAP" chips="560" dealer="0" win="0" bet="35" muck="1" rebuy="0" addon="0" merge="0" rebuychips="0" reg_code="5083095848"/>
<player seat="6" name="Libanese977" chips="940" dealer="1" win="70" bet="65" muck="1" rebuy="0" addon="0" merge="0" rebuychips="0" reg_code="5083095693"/>
</players>
</general>
<round no="0"><action no="1" player="Libanese977" type="15" discard="1" dealt="1" sum="5"/>
<action no="2" player="KOPKHUNKRAP" type="15" sum="5"/>
<action no="3" player="Libanese977" type="1" discard="1" dealt="1" sum="15"/>
<action no="4" player="KOPKHUNKRAP" type="2" sum="30"/>
</round>
<round no="1"><cards type="Pocket" player="KOPKHUNKRAP">H2 CJ</cards>
<cards type="Pocket" player="Libanese977">X X</cards>
<action no="5" player="Libanese977" type="3" discard="1" dealt="1" sum="15"/>
<action no="6" player="KOPKHUNKRAP" type="4" sum="0"/>
</round>
<round no="2"><cards type="Flop">SQ S4 D9</cards>
<action no="7" player="KOPKHUNKRAP" type="4" sum="0"/>
<action no="8" player="Libanese977" type="5" discard="1" dealt="1" sum="30"/>
<action no="9" player="KOPKHUNKRAP" type="0" sum="0"/>
</round>
</game>
<game gamecode="6569282474"><general>
<startdate>2025-12-24 04:36:32</startdate>
<round>1</round>
<failsafecounter/>
<players><player seat="6" name="Libanese977" chips="975" dealer="0" win="0" bet="65" muck="1" rebuy="0" addon="0" merge="0" rebuychips="0" reg_code="5083095693"/>
<player seat="10" name="KOPKHUNKRAP" chips="525" dealer="1" win="130" bet="125" muck="1" rebuy="0" addon="0" merge="0" rebuychips="0" reg_code="5083095848"/>
</players>
</general>
<round no="0"><action no="1" player="KOPKHUNKRAP" type="15" sum="5"/>
<action no="2" player="Libanese977" type="15" discard="1" dealt="1" sum="5"/>
<action no="3" player="KOPKHUNKRAP" type="1" sum="15"/>
<action no="4" player="Libanese977" type="2" discard="1" dealt="1" sum="30"/>
</round>
<round no="1"><cards type="Pocket" player="KOPKHUNKRAP">S10 SA</cards>
<cards type="Pocket" player="Libanese977">X X</cards>
<action no="5" player="KOPKHUNKRAP" type="23" sum="60"/>
<action no="6" player="Libanese977" type="3" discard="1" dealt="1" sum="30"/>
</round>
<round no="2"><cards type="Flop">S2 H7 C3</cards>
<action no="7" player="Libanese977" type="4" discard="1" dealt="1" sum="0"/>
<action no="8" player="KOPKHUNKRAP" type="4" sum="0"/>
</round>
<round no="3"><cards type="Turn">DA</cards>
<action no="9" player="Libanese977" type="4" discard="1" dealt="1" sum="0"/>
<action no="10" player="KOPKHUNKRAP" type="5" sum="60"/>
<action no="11" player="Libanese977" type="0" discard="1" dealt="1" sum="0"/>
</round>
</game>
<game gamecode="6569282498"><general>
<startdate>2025-12-24 04:36:51</startdate>
<round>1</round>
<failsafecounter/>
<players><player seat="10" name="KOPKHUNKRAP" chips="590" dealer="0" win="1,180" bet="590" muck="0" rebuy="0" addon="0" merge="0" rebuychips="0" reg_code="5083095848"/>
<player seat="6" name="Libanese977" chips="910" dealer="1" win="0" bet="590" muck="1" rebuy="0" addon="0" merge="0" rebuychips="0" reg_code="5083095693"/>
</players>
</general>
<round no="0"><action no="1" player="Libanese977" type="15" discard="1" dealt="1" sum="5"/>
<action no="2" player="KOPKHUNKRAP" type="15" sum="5"/>
<action no="3" player="Libanese977" type="1" discard="1" dealt="1" sum="15"/>
<action no="4" player="KOPKHUNKRAP" type="2" sum="30"/>
</round>
<round no="1"><cards type="Pocket" player="Libanese977">SK D6</cards>
<cards type="Pocket" player="KOPKHUNKRAP">CK S4</cards>
<action no="5" player="Libanese977" type="3" discard="1" dealt="1" sum="15"/>
<action no="6" player="KOPKHUNKRAP" type="4" sum="0"/>
</round>
<round no="2"><cards type="Flop">DK C4 D7</cards>
<action no="7" player="KOPKHUNKRAP" type="4" sum="0"/>
<action no="8" player="Libanese977" type="5" discard="1" dealt="1" sum="60"/>
<action no="9" player="KOPKHUNKRAP" type="3" sum="60"/>
</round>
<round no="3"><cards type="Turn">C2</cards>
<action no="10" player="KOPKHUNKRAP" type="4" sum="0"/>
<action no="11" player="Libanese977" type="5" discard="1" dealt="1" sum="190"/>
<action no="12" player="KOPKHUNKRAP" type="23" sum="495"/>
<action no="13" player="Libanese977" type="3" discard="1" dealt="1" sum="305"/>
</round>
<round no="4"><cards type="River">HK</cards>
</round>
</game>
<game gamecode="6569282544"><general>
<startdate>2025-12-24 04:37:23</startdate>
<round>1</round>
<failsafecounter/>
<players><player seat="6" name="Libanese977" chips="320" dealer="0" win="40" bet="35" muck="1" rebuy="0" addon="0" merge="0" rebuychips="0" reg_code="5083095693"/>
<player seat="10" name="KOPKHUNKRAP" chips="1,180" dealer="1" win="0" bet="20" muck="1" rebuy="0" addon="0" merge="0" rebuychips="0" reg_code="5083095848"/>
</players>
</general>
<round no="0"><action no="1" player="KOPKHUNKRAP" type="15" sum="5"/>
<action no="2" player="Libanese977" type="15" discard="1" dealt="1" sum="5"/>
<action no="3" player="KOPKHUNKRAP" type="1" sum="15"/>
<action no="4" player="Libanese977" type="2" discard="1" dealt="1" sum="30"/>
</round>
<round no="1"><cards type="Pocket" player="Libanese977">X X</cards>
<cards type="Pocket" player="KOPKHUNKRAP">S9 H4</cards>
<action no="5" player="KOPKHUNKRAP" type="0" sum="0"/>
</round>
</game>
<game gamecode="6569282549"><general>
<startdate>2025-12-24 04:37:32</startdate>
<round>1</round>
<failsafecounter/>
<players><player seat="10" name="KOPKHUNKRAP" chips="1,160" dealer="0" win="40" bet="35" muck="1" rebuy="0" addon="0" merge="0" rebuychips="0" reg_code="5083095848"/>
<player seat="6" name="Libanese977" chips="340" dealer="1" win="0" bet="20" muck="1" rebuy="0" addon="0" merge="0" rebuychips="0" reg_code="5083095693"/>
</players>
</general>
<round no="0"><action no="1" player="Libanese977" type="15" discard="1" dealt="1" sum="5"/>
<action no="2" player="KOPKHUNKRAP" type="15" sum="5"/>
<action no="3" player="Libanese977" type="1" discard="1" dealt="1" sum="15"/>
<action no="4" player="KOPKHUNKRAP" type="2" sum="30"/>
</round>
<round no="1"><cards type="Pocket" player="KOPKHUNKRAP">S5 CJ</cards>
<cards type="Pocket" player="Libanese977">X X</cards>
<action no="5" player="Libanese977" type="0" discard="1" dealt="1" sum="0"/>
</round>
</game>
<game gamecode="6569282566"><general>
<startdate>2025-12-24 04:37:40</startdate>
<round>1</round>
<failsafecounter/>
<players><player seat="6" name="Libanese977" chips="320" dealer="0" win="70" bet="105" muck="1" rebuy="0" addon="0" merge="0" rebuychips="0" reg_code="5083095693"/>
<player seat="10" name="KOPKHUNKRAP" chips="1,180" dealer="1" win="0" bet="35" muck="1" rebuy="0" addon="0" merge="0" rebuychips="0" reg_code="5083095848"/>
</players>
</general>
<round no="0"><action no="1" player="KOPKHUNKRAP" type="15" sum="5"/>
<action no="2" player="Libanese977" type="15" discard="1" dealt="1" sum="5"/>
<action no="3" player="KOPKHUNKRAP" type="1" sum="15"/>
<action no="4" player="Libanese977" type="2" discard="1" dealt="1" sum="30"/>
</round>
<round no="1"><cards type="Pocket" player="Libanese977">X X</cards>
<cards type="Pocket" player="KOPKHUNKRAP">D6 D5</cards>
<action no="5" player="KOPKHUNKRAP" type="3" sum="15"/>
<action no="6" player="Libanese977" type="4" discard="1" dealt="1" sum="0"/>
</round>
<round no="2"><cards type="Flop">S7 S8 H3</cards>
<action no="7" player="Libanese977" type="4" discard="1" dealt="1" sum="0"/>
<action no="8" player="KOPKHUNKRAP" type="4" sum="0"/>
</round>
<round no="3"><cards type="Turn">S5</cards>
<action no="9" player="Libanese977" type="5" discard="1" dealt="1" sum="70"/>
<action no="10" player="KOPKHUNKRAP" type="0" sum="0"/>
</round>
</game>
<game gamecode="6569282596"><general>
<startdate>2025-12-24 04:38:06</startdate>
<round>1</round>
<failsafecounter/>
<players><player seat="10" name="KOPKHUNKRAP" chips="1,145" dealer="0" win="710" bet="1,145" muck="0" rebuy="0" addon="0" merge="0" rebuychips="0" reg_code="5083095848"/>
<player seat="6" name="Libanese977" chips="355" dealer="1" win="0" bet="355" muck="1" rebuy="0" addon="0" merge="0" rebuychips="0" reg_code="5083095693"/>
</players>
</general>
<round no="0"><action no="1" player="Libanese977" type="15" discard="1" dealt="1" sum="5"/>
<action no="2" player="KOPKHUNKRAP" type="15" sum="5"/>
<action no="3" player="Libanese977" type="1" discard="1" dealt="1" sum="20"/>
<action no="4" player="KOPKHUNKRAP" type="2" sum="40"/>
</round>
<round no="1"><cards type="Pocket" player="KOPKHUNKRAP">HK CJ</cards>
<cards type="Pocket" player="Libanese977">HQ C9</cards>
<action no="5" player="Libanese977" type="23" discard="1" dealt="1" sum="80"/>
<action no="6" player="KOPKHUNKRAP" type="23" sum="1,140"/>
<action no="7" player="Libanese977" type="7" discard="1" dealt="1" sum="270"/>
</round>
<round no="2"><cards type="Flop">S10 H4 D7</cards>
</round>
<round no="3"><cards type="Turn">H10</cards>
</round>
<round no="4"><cards type="River">DK</cards>
</round>
</game>
</session>
