<?xml version="1.0" encoding="UTF-8"?>
<session sessioncode="5083625155">
<general>
<client_version>25.7.1.50</client_version>
<mode>real</mode>
<gametype>Holdem NL</gametype>
<tablename>Twister €100 SNG, 824769108</tablename>
<tournamentcode>824769107</tournamentcode>
<tournamentname>Twister €100 SNG</tournamentname>
<buyin>€0 + €7 + €93</buyin>
<totalbuyin>€100</totalbuyin>
<rewarddrawn>€200</rewarddrawn>
<tournamentcurrency>EUR</tournamentcurrency>
<currency>EUR</currency>
<nickname>KOPKHUNKRAP</nickname>
<gamecount>7</gamecount>
<startdate>2025-12-26 06:09:43</startdate>
<place>3</place>
<win>€0</win>
<tablesize>3</tablesize>
</general>
<game gamecode="6571400818"><general>
<startdate>2025-12-26 06:09:58</startdate>
<round>1</round>
<failsafecounter/>
<players><player seat="10" name="Titto6" chips="500" dealer="0" win="100" bet="500" muck="1" rebuy="0" addon="0" merge="0" rebuychips="0" reg_code="5083628109"/>
<player seat="3" name="KOPKHUNKRAP" chips="500" dealer="1" win="0" bet="0" muck="1" rebuy="0" addon="0" merge="0" rebuychips="0" reg_code="5083625155"/>
<player seat="6" name="Zeeria" chips="500" dealer="0" win="0" bet="50" muck="1" rebuy="0" addon="0" merge="0" rebuychips="0" reg_code="5083627897"/>
</players>
</general>
<round no="0"><action no="1" player="Zeeria" type="1" discard="1" dealt="1" sum="10"/>
<action no="2" player="Titto6" type="2" discard="1" dealt="1" sum="20"/>
</round>
<round no="1"><cards type="Pocket" player="Titto6">X X</cards>
<cards type="Pocket" player="Zeeria">X X</cards>
<cards type="Pocket" player="KOPKHUNKRAP">S4 S6</cards>
<action no="3" player="KOPKHUNKRAP" type="0" sum="0"/>
<action no="4" player="Zeeria" type="23" discard="1" dealt="1" sum="50"/>
<action no="5" player="Titto6" type="23" discard="1" dealt="1" sum="500"/>
<action no="6" player="Zeeria" type="0" discard="1" dealt="1" sum="0"/>
</round>
</game>
<game gamecode="6571400838"><general>
<startdate>2025-12-26 06:10:13</startdate>
<round>1</round>
<failsafecounter/>
<players><player seat="3" name="KOPKHUNKRAP" chips="500" dealer="0" win="120" bet="100" muck="1" rebuy="0" addon="0" merge="0" rebuychips="0" reg_code="5083625155"/>
<player seat="6" name="Zeeria" chips="450" dealer="1" win="0" bet="0" muck="1" rebuy="0" addon="0" merge="0" rebuychips="0" reg_code="5083627897"/>
<player seat="10" name="Titto6" chips="550" dealer="0" win="0" bet="60" muck="1" rebuy="0" addon="0" merge="0" rebuychips="0" reg_code="5083628109"/>
</players>
</general>
<round no="0"><action no="1" player="Titto6" type="1" discard="1" dealt="1" sum="10"/>
<action no="2" player="KOPKHUNKRAP" type="2" sum="20"/>
</round>
<round no="1"><cards type="Pocket" player="KOPKHUNKRAP">HJ CA</cards>
<cards type="Pocket" player="Zeeria">X X</cards>
<cards type="Pocket" player="Titto6">X X</cards>
<action no="3" player="Zeeria" type="0" discard="1" dealt="1" sum="0"/>
<action no="4" player="Titto6" type="3" discard="1" dealt="1" sum="10"/>
<action no="5" player="KOPKHUNKRAP" type="23" sum="60"/>
<action no="6" player="Titto6" type="3" discard="1" dealt="1" sum="40"/>
</round>
<round no="2"><cards type="Flop">S4 D4 HA</cards>
<action no="7" player="Titto6" type="4" discard="1" dealt="1" sum="0"/>
<action no="8" player="KOPKHUNKRAP" type="5" sum="40"/>
<action no="9" player="Titto6" type="0" discard="1" dealt="1" sum="0"/>
</round>
</game>
<game gamecode="6571400867"><general>
<startdate>2025-12-26 06:10:42</startdate>
<round>1</round>
<failsafecounter/>
<players><player seat="6" name="Zeeria" chips="450" dealer="0" win="166" bet="83" muck="0" rebuy="0" addon="0" merge="0" rebuychips="0" reg_code="5083627897"/>
<player seat="10" name="Titto6" chips="490" dealer="1" win="0" bet="0" muck="1" rebuy="0" addon="0" merge="0" rebuychips="0" reg_code="5083628109"/>
<player seat="3" name="KOPKHUNKRAP" chips="560" dealer="0" win="0" bet="83" muck="1" rebuy="0" addon="0" merge="0" rebuychips="0" reg_code="5083625155"/>
</players>
</general>
<round no="0"><action no="1" player="KOPKHUNKRAP" type="1" sum="10"/>
<action no="2" player="Zeeria" type="2" discard="1" dealt="1" sum="20"/>
</round>
<round no="1"><cards type="Pocket" player="KOPKHUNKRAP">SK S7</cards>
<cards type="Pocket" player="Titto6">X X</cards>
<cards type="Pocket" player="Zeeria">D9 CK</cards>
<action no="3" player="Titto6" type="0" discard="1" dealt="1" sum="0"/>
<action no="4" player="KOPKHUNKRAP" type="23" sum="50"/>
<action no="5" player="Zeeria" type="3" discard="1" dealt="1" sum="30"/>
</round>
<round no="2"><cards type="Flop">D10 CA S9</cards>
<action no="6" player="KOPKHUNKRAP" type="5" sum="33"/>
<action no="7" player="Zeeria" type="3" discard="1" dealt="1" sum="33"/>
</round>
<round no="3"><cards type="Turn">C4</cards>
<action no="8" player="KOPKHUNKRAP" type="4" sum="0"/>
<action no="9" player="Zeeria" type="4" discard="1" dealt="1" sum="0"/>
</round>
<round no="4"><cards type="River">DJ</cards>
<action no="10" player="KOPKHUNKRAP" type="4" sum="0"/>
<action no="11" player="Zeeria" type="4" discard="1" dealt="1" sum="0"/>
</round>
</game>
<game gamecode="6571400932"><general>
<startdate>2025-12-26 06:11:37</startdate>
<round>1</round>
<failsafecounter/>
<players><player seat="10" name="Titto6" chips="490" dealer="0" win="0" bet="80" muck="1" rebuy="0" addon="0" merge="0" rebuychips="0" reg_code="5083628109"/>
<player seat="3" name="KOPKHUNKRAP" chips="477" dealer="1" win="0" bet="0" muck="1" rebuy="0" addon="0" merge="0" rebuychips="0" reg_code="5083625155"/>
<player seat="6" name="Zeeria" chips="533" dealer="0" win="160" bet="180" muck="1" rebuy="0" addon="0" merge="0" rebuychips="0" reg_code="5083627897"/>
</players>
</general>
<round no="0"><action no="1" player="Zeeria" type="1" discard="1" dealt="1" sum="10"/>
<action no="2" player="Titto6" type="2" discard="1" dealt="1" sum="20"/>
</round>
<round no="1"><cards type="Pocket" player="Titto6">X X</cards>
<cards type="Pocket" player="KOPKHUNKRAP">D5 D6</cards>
<cards type="Pocket" player="Zeeria">X X</cards>
<action no="3" player="KOPKHUNKRAP" type="0" sum="0"/>
<action no="4" player="Zeeria" type="23" discard="1" dealt="1" sum="50"/>
<action no="5" player="Titto6" type="3" discard="1" dealt="1" sum="30"/>
</round>
<round no="2"><cards type="Flop">S4 H3 C3</cards>
<action no="6" player="Zeeria" type="5" discard="1" dealt="1" sum="30"/>
<action no="7" player="Titto6" type="3" discard="1" dealt="1" sum="30"/>
</round>
<round no="3"><cards type="Turn">S9</cards>
<action no="8" player="Zeeria" type="5" discard="1" dealt="1" sum="100"/>
<action no="9" player="Titto6" type="0" discard="1" dealt="1" sum="0"/>
</round>
</game>
<game gamecode="6571400957"><general>
<startdate>2025-12-26 06:11:58</startdate>
<round>1</round>
<failsafecounter/>
<players><player seat="3" name="KOPKHUNKRAP" chips="477" dealer="0" win="0" bet="35" muck="1" rebuy="0" addon="0" merge="0" rebuychips="0" reg_code="5083625155"/>
<player seat="6" name="Zeeria" chips="613" dealer="1" win="0" bet="65" muck="1" rebuy="0" addon="0" merge="0" rebuychips="0" reg_code="5083627897"/>
<player seat="10" name="Titto6" chips="410" dealer="0" win="165" bet="410" muck="1" rebuy="0" addon="0" merge="0" rebuychips="0" reg_code="5083628109"/>
</players>
</general>
<round no="0"><action no="1" player="Titto6" type="15" discard="1" dealt="1" sum="5"/>
<action no="2" player="KOPKHUNKRAP" type="15" sum="5"/>
<action no="3" player="Zeeria" type="15" discard="1" dealt="1" sum="5"/>
<action no="4" player="Titto6" type="1" discard="1" dealt="1" sum="15"/>
<action no="5" player="KOPKHUNKRAP" type="2" sum="30"/>
</round>
<round no="1"><cards type="Pocket" player="KOPKHUNKRAP">HQ C9</cards>
<cards type="Pocket" player="Zeeria">X X</cards>
<cards type="Pocket" player="Titto6">X X</cards>
<action no="6" player="Zeeria" type="23" discard="1" dealt="1" sum="60"/>
<action no="7" player="Titto6" type="23" discard="1" dealt="1" sum="405"/>
<action no="8" player="KOPKHUNKRAP" type="0" sum="0"/>
<action no="9" player="Zeeria" type="0" discard="1" dealt="1" sum="0"/>
</round>
</game>
<game gamecode="6571400972"><general>
<startdate>2025-12-26 06:12:14</startdate>
<round>1</round>
<failsafecounter/>
<players><player seat="6" name="Zeeria" chips="548" dealer="0" win="0" bet="35" muck="1" rebuy="0" addon="0" merge="0" rebuychips="0" reg_code="5083627897"/>
<player seat="10" name="Titto6" chips="510" dealer="1" win="90" bet="95" muck="1" rebuy="0" addon="0" merge="0" rebuychips="0" reg_code="5083628109"/>
<player seat="3" name="KOPKHUNKRAP" chips="442" dealer="0" win="0" bet="20" muck="1" rebuy="0" addon="0" merge="0" rebuychips="0" reg_code="5083625155"/>
</players>
</general>
<round no="0"><action no="1" player="KOPKHUNKRAP" type="15" sum="5"/>
<action no="2" player="Zeeria" type="15" discard="1" dealt="1" sum="5"/>
<action no="3" player="Titto6" type="15" discard="1" dealt="1" sum="5"/>
<action no="4" player="KOPKHUNKRAP" type="1" sum="15"/>
<action no="5" player="Zeeria" type="2" discard="1" dealt="1" sum="30"/>
</round>
<round no="1"><cards type="Pocket" player="Zeeria">X X</cards>
<cards type="Pocket" player="Titto6">X X</cards>
<cards type="Pocket" player="KOPKHUNKRAP">D2 D4</cards>
<action no="6" player="Titto6" type="23" discard="1" dealt="1" sum="90"/>
<action no="7" player="KOPKHUNKRAP" type="0" sum="0"/>
<action no="8" player="Zeeria" type="0" discard="1" dealt="1" sum="0"/>
</round>
</game>
<game gamecode="6571400991"><general>
<startdate>2025-12-26 06:12:28</startdate>
<round>1</round>
<failsafecounter/>
<players><player seat="10" name="Titto6" chips="565" dealer="0" win="864" bet="422" muck="0" rebuy="0" addon="0" merge="0" rebuychips="0" reg_code="5083628109"/>
<player seat="3" name="KOPKHUNKRAP" chips="422" dealer="1" win="0" bet="422" muck="0" rebuy="0" addon="0" merge="0" rebuychips="0" reg_code="5083625155"/>
<player seat="6" name="Zeeria" chips="513" dealer="0" win="0" bet="20" muck="1" rebuy="0" addon="0" merge="0" rebuychips="0" reg_code="5083627897"/>
</players>
</general>
<round no="0"><action no="1" player="Zeeria" type="15" discard="1" dealt="1" sum="5"/>
<action no="2" player="Titto6" type="15" discard="1" dealt="1" sum="5"/>
<action no="3" player="KOPKHUNKRAP" type="15" sum="5"/>
<action no="4" player="Zeeria" type="1" discard="1" dealt="1" sum="15"/>
<action no="5" player="Titto6" type="2" discard="1" dealt="1" sum="30"/>
</round>
<round no="1"><cards type="Pocket" player="Titto6">CA CJ</cards>
<cards type="Pocket" player="Zeeria">X X</cards>
<cards type="Pocket" player="KOPKHUNKRAP">HK SJ</cards>
<action no="6" player="KOPKHUNKRAP" type="23" sum="417"/>
<action no="7" player="Zeeria" type="0" discard="1" dealt="1" sum="0"/>
<action no="8" player="Titto6" type="3" discard="1" dealt="1" sum="387"/>
</round>
<round no="2"><cards type="Flop">DJ C10 S9</cards>
</round>
<round no="3"><cards type="Turn">H9</cards>
</round>
<round no="4"><cards type="River">D8</cards>
</round>
</game>
</session>
