<?xml version="1.0" encoding="UTF-8"?>
<session sessioncode="5083624977">
<general>
<client_version>25.7.1.50</client_version>
<mode>real</mode>
<gametype>Holdem NL</gametype>
<tablename>Twister €100 SNG, 824768842</tablename>
<tournamentcode>824768841</tournamentcode>
<tournamentname>Twister €100 SNG</tournamentname>
<buyin>€0 + €7 + €93</buyin>
<totalbuyin>€100</totalbuyin>
<rewarddrawn>€300</rewarddrawn>
<tournamentcurrency>EUR</tournamentcurrency>
<currency>EUR</currency>
<nickname>KOPKHUNKRAP</nickname>
<gamecount>33</gamecount>
<startdate>2025-12-26 05:02:22</startdate>
<place>2</place>
<win>€0</win>
<tablesize>3</tablesize>
</general>
<game gamecode="6571384925"><general>
<startdate>2025-12-26 05:02:38</startdate>
<round>1</round>
<failsafecounter/>
<players><player seat="6" name="Marcocos931" chips="500" dealer="0" win="20" bet="20" muck="1" rebuy="0" addon="0" merge="0" rebuychips="0" reg_code="5083624930"/>
<player seat="10" name="KOPKHUNKRAP" chips="500" dealer="1" win="0" bet="0" muck="1" rebuy="0" addon="0" merge="0" rebuychips="0" reg_code="5083624977"/>
<player seat="3" name="Behemot17" chips="500" dealer="0" win="0" bet="10" muck="1" rebuy="0" addon="0" merge="0" rebuychips="0" reg_code="5083624838"/>
</players>
</general>
<round no="0"><action no="1" player="Behemot17" type="1" discard="1" dealt="1" sum="10"/>
<action no="2" player="Marcocos931" type="2" discard="1" dealt="1" sum="20"/>
</round>
<round no="1"><cards type="Pocket" player="KOPKHUNKRAP">C7 H5</cards>
<cards type="Pocket" player="Behemot17">X X</cards>
<cards type="Pocket" player="Marcocos931">X X</cards>
<action no="3" player="KOPKHUNKRAP" type="0" sum="0"/>
<action no="4" player="Behemot17" type="0" discard="1" dealt="1" sum="0"/>
</round>
</game>
<game gamecode="6571384942"><general>
<startdate>2025-12-26 05:02:49</startdate>
<round>1</round>
<failsafecounter/>
<players><player seat="10" name="KOPKHUNKRAP" chips="500" dealer="0" win="474" bet="237" muck="0" rebuy="0" addon="0" merge="0" rebuychips="0" reg_code="5083624977"/>
<player seat="3" name="Behemot17" chips="490" dealer="1" win="0" bet="0" muck="1" rebuy="0" addon="0" merge="0" rebuychips="0" reg_code="5083624838"/>
<player seat="6" name="Marcocos931" chips="510" dealer="0" win="0" bet="237" muck="0" rebuy="0" addon="0" merge="0" rebuychips="0" reg_code="5083624930"/>
</players>
</general>
<round no="0"><action no="1" player="Marcocos931" type="1" discard="1" dealt="1" sum="10"/>
<action no="2" player="KOPKHUNKRAP" type="2" sum="20"/>
</round>
<round no="1"><cards type="Pocket" player="Behemot17">X X</cards>
<cards type="Pocket" player="KOPKHUNKRAP">S8 DA</cards>
<cards type="Pocket" player="Marcocos931">C9 D8</cards>
<action no="3" player="Behemot17" type="0" discard="1" dealt="1" sum="0"/>
<action no="4" player="Marcocos931" type="3" discard="1" dealt="1" sum="10"/>
<action no="5" player="KOPKHUNKRAP" type="23" sum="60"/>
<action no="6" player="Marcocos931" type="3" discard="1" dealt="1" sum="40"/>
</round>
<round no="2"><cards type="Flop">C4 H4 C5</cards>
<action no="7" player="Marcocos931" type="4" discard="1" dealt="1" sum="0"/>
<action no="8" player="KOPKHUNKRAP" type="5" sum="39"/>
<action no="9" player="Marcocos931" type="3" discard="1" dealt="1" sum="39"/>
</round>
<round no="3"><cards type="Turn">DK</cards>
<action no="10" player="Marcocos931" type="4" discard="1" dealt="1" sum="0"/>
<action no="11" player="KOPKHUNKRAP" type="4" sum="0"/>
</round>
<round no="4"><cards type="River">S5</cards>
<action no="12" player="Marcocos931" type="5" discard="1" dealt="1" sum="138"/>
<action no="13" player="KOPKHUNKRAP" type="3" sum="138"/>
</round>
</game>
<game gamecode="6571385012"><general>
<startdate>2025-12-26 05:03:33</startdate>
<round>1</round>
<failsafecounter/>
<players><player seat="3" name="Behemot17" chips="490" dealer="0" win="0" bet="20" muck="1" rebuy="0" addon="0" merge="0" rebuychips="0" reg_code="5083624838"/>
<player seat="6" name="Marcocos931" chips="273" dealer="1" win="0" bet="60" muck="1" rebuy="0" addon="0" merge="0" rebuychips="0" reg_code="5083624930"/>
<player seat="10" name="KOPKHUNKRAP" chips="737" dealer="0" win="140" bet="100" muck="1" rebuy="0" addon="0" merge="0" rebuychips="0" reg_code="5083624977"/>
</players>
</general>
<round no="0"><action no="1" player="KOPKHUNKRAP" type="1" sum="10"/>
<action no="2" player="Behemot17" type="2" discard="1" dealt="1" sum="20"/>
</round>
<round no="1"><cards type="Pocket" player="Marcocos931">X X</cards>
<cards type="Pocket" player="Behemot17">X X</cards>
<cards type="Pocket" player="KOPKHUNKRAP">SK CK</cards>
<action no="3" player="Marcocos931" type="3" discard="1" dealt="1" sum="20"/>
<action no="4" player="KOPKHUNKRAP" type="23" sum="60"/>
<action no="5" player="Behemot17" type="0" discard="1" dealt="1" sum="0"/>
<action no="6" player="Marcocos931" type="3" discard="1" dealt="1" sum="40"/>
</round>
<round no="2"><cards type="Flop">SQ C7 H9</cards>
<action no="7" player="KOPKHUNKRAP" type="5" sum="40"/>
<action no="8" player="Marcocos931" type="0" discard="1" dealt="1" sum="0"/>
</round>
</game>
<game gamecode="6571385029"><general>
<startdate>2025-12-26 05:03:48</startdate>
<round>1</round>
<failsafecounter/>
<players><player seat="6" name="Marcocos931" chips="213" dealer="0" win="466" bet="213" muck="0" rebuy="0" addon="0" merge="0" rebuychips="0" reg_code="5083624930"/>
<player seat="10" name="KOPKHUNKRAP" chips="817" dealer="1" win="0" bet="40" muck="1" rebuy="0" addon="0" merge="0" rebuychips="0" reg_code="5083624977"/>
<player seat="3" name="Behemot17" chips="470" dealer="0" win="0" bet="340" muck="0" rebuy="0" addon="0" merge="0" rebuychips="0" reg_code="5083624838"/>
</players>
</general>
<round no="0"><action no="1" player="Behemot17" type="1" discard="1" dealt="1" sum="10"/>
<action no="2" player="Marcocos931" type="2" discard="1" dealt="1" sum="20"/>
</round>
<round no="1"><cards type="Pocket" player="Behemot17">DA H5</cards>
<cards type="Pocket" player="KOPKHUNKRAP">CA S5</cards>
<cards type="Pocket" player="Marcocos931">HA D8</cards>
<action no="3" player="KOPKHUNKRAP" type="23" sum="40"/>
<action no="4" player="Behemot17" type="23" discard="1" dealt="1" sum="100"/>
<action no="5" player="Marcocos931" type="3" discard="1" dealt="1" sum="80"/>
<action no="6" player="KOPKHUNKRAP" type="0" sum="0"/>
</round>
<round no="2"><cards type="Flop">S8 DJ HJ</cards>
<action no="7" player="Behemot17" type="5" discard="1" dealt="1" sum="240"/>
<action no="8" player="Marcocos931" type="7" discard="1" dealt="1" sum="113"/>
</round>
<round no="3"><cards type="Turn">H4</cards>
</round>
<round no="4"><cards type="River">CQ</cards>
</round>
</game>
<game gamecode="6571385068"><general>
<startdate>2025-12-26 05:04:12</startdate>
<round>1</round>
<failsafecounter/>
<players><player seat="10" name="KOPKHUNKRAP" chips="777" dealer="0" win="0" bet="20" muck="1" rebuy="0" addon="0" merge="0" rebuychips="0" reg_code="5083624977"/>
<player seat="3" name="Behemot17" chips="257" dealer="1" win="50" bet="257" muck="1" rebuy="0" addon="0" merge="0" rebuychips="0" reg_code="5083624838"/>
<player seat="6" name="Marcocos931" chips="466" dealer="0" win="0" bet="10" muck="1" rebuy="0" addon="0" merge="0" rebuychips="0" reg_code="5083624930"/>
</players>
</general>
<round no="0"><action no="1" player="Marcocos931" type="1" discard="1" dealt="1" sum="10"/>
<action no="2" player="KOPKHUNKRAP" type="2" sum="20"/>
</round>
<round no="1"><cards type="Pocket" player="Marcocos931">X X</cards>
<cards type="Pocket" player="KOPKHUNKRAP">S9 C4</cards>
<cards type="Pocket" player="Behemot17">X X</cards>
<action no="3" player="Behemot17" type="23" discard="1" dealt="1" sum="257"/>
<action no="4" player="Marcocos931" type="0" discard="1" dealt="1" sum="0"/>
<action no="5" player="KOPKHUNKRAP" type="0" sum="0"/>
</round>
</game>
<game gamecode="6571385087"><general>
<startdate>2025-12-26 05:04:25</startdate>
<round>1</round>
<failsafecounter/>
<players><player seat="3" name="Behemot17" chips="287" dealer="0" win="90" bet="287" muck="1" rebuy="0" addon="0" merge="0" rebuychips="0" reg_code="5083624838"/>
<player seat="6" name="Marcocos931" chips="456" dealer="1" win="0" bet="35" muck="1" rebuy="0" addon="0" merge="0" rebuychips="0" reg_code="5083624930"/>
<player seat="10" name="KOPKHUNKRAP" chips="757" dealer="0" win="0" bet="20" muck="1" rebuy="0" addon="0" merge="0" rebuychips="0" reg_code="5083624977"/>
</players>
</general>
<round no="0"><action no="1" player="KOPKHUNKRAP" type="15" sum="5"/>
<action no="2" player="Behemot17" type="15" discard="1" dealt="1" sum="5"/>
<action no="3" player="Marcocos931" type="15" discard="1" dealt="1" sum="5"/>
<action no="4" player="KOPKHUNKRAP" type="1" sum="15"/>
<action no="5" player="Behemot17" type="2" discard="1" dealt="1" sum="30"/>
</round>
<round no="1"><cards type="Pocket" player="Marcocos931">X X</cards>
<cards type="Pocket" player="Behemot17">X X</cards>
<cards type="Pocket" player="KOPKHUNKRAP">S2 S7</cards>
<action no="6" player="Marcocos931" type="3" discard="1" dealt="1" sum="30"/>
<action no="7" player="KOPKHUNKRAP" type="0" sum="0"/>
<action no="8" player="Behemot17" type="23" discard="1" dealt="1" sum="282"/>
<action no="9" player="Marcocos931" type="0" discard="1" dealt="1" sum="0"/>
</round>
</game>
<game gamecode="6571385107"><general>
<startdate>2025-12-26 05:04:38</startdate>
<round>1</round>
<failsafecounter/>
<players><player seat="6" name="Marcocos931" chips="421" dealer="0" win="0" bet="65" muck="1" rebuy="0" addon="0" merge="0" rebuychips="0" reg_code="5083624930"/>
<player seat="10" name="KOPKHUNKRAP" chips="737" dealer="1" win="150" bet="114" muck="1" rebuy="0" addon="0" merge="0" rebuychips="0" reg_code="5083624977"/>
<player seat="3" name="Behemot17" chips="342" dealer="0" win="0" bet="20" muck="1" rebuy="0" addon="0" merge="0" rebuychips="0" reg_code="5083624838"/>
</players>
</general>
<round no="0"><action no="1" player="Behemot17" type="15" discard="1" dealt="1" sum="5"/>
<action no="2" player="Marcocos931" type="15" discard="1" dealt="1" sum="5"/>
<action no="3" player="KOPKHUNKRAP" type="15" sum="5"/>
<action no="4" player="Behemot17" type="1" discard="1" dealt="1" sum="15"/>
<action no="5" player="Marcocos931" type="2" discard="1" dealt="1" sum="30"/>
</round>
<round no="1"><cards type="Pocket" player="Marcocos931">X X</cards>
<cards type="Pocket" player="KOPKHUNKRAP">HK HA</cards>
<cards type="Pocket" player="Behemot17">X X</cards>
<action no="6" player="KOPKHUNKRAP" type="23" sum="60"/>
<action no="7" player="Behemot17" type="0" discard="1" dealt="1" sum="0"/>
<action no="8" player="Marcocos931" type="3" discard="1" dealt="1" sum="30"/>
</round>
<round no="2"><cards type="Flop">DA S10 C9</cards>
<action no="9" player="Marcocos931" type="4" discard="1" dealt="1" sum="0"/>
<action no="10" player="KOPKHUNKRAP" type="5" sum="49"/>
<action no="11" player="Marcocos931" type="0" discard="1" dealt="1" sum="0"/>
</round>
</game>
<game gamecode="6571385128"><general>
<startdate>2025-12-26 05:04:52</startdate>
<round>1</round>
<failsafecounter/>
<players><player seat="10" name="KOPKHUNKRAP" chips="822" dealer="0" win="255" bet="125" muck="0" rebuy="0" addon="0" merge="0" rebuychips="0" reg_code="5083624977"/>
<player seat="3" name="Behemot17" chips="322" dealer="1" win="0" bet="5" muck="1" rebuy="0" addon="0" merge="0" rebuychips="0" reg_code="5083624838"/>
<player seat="6" name="Marcocos931" chips="356" dealer="0" win="0" bet="125" muck="0" rebuy="0" addon="0" merge="0" rebuychips="0" reg_code="5083624930"/>
</players>
</general>
<round no="0"><action no="1" player="Marcocos931" type="15" discard="1" dealt="1" sum="5"/>
<action no="2" player="KOPKHUNKRAP" type="15" sum="5"/>
<action no="3" player="Behemot17" type="15" discard="1" dealt="1" sum="5"/>
<action no="4" player="Marcocos931" type="1" discard="1" dealt="1" sum="15"/>
<action no="5" player="KOPKHUNKRAP" type="2" sum="30"/>
</round>
<round no="1"><cards type="Pocket" player="Marcocos931">D9 D4</cards>
<cards type="Pocket" player="Behemot17">X X</cards>
<cards type="Pocket" player="KOPKHUNKRAP">HK C5</cards>
<action no="6" player="Behemot17" type="0" discard="1" dealt="1" sum="0"/>
<action no="7" player="Marcocos931" type="3" discard="1" dealt="1" sum="15"/>
<action no="8" player="KOPKHUNKRAP" type="4" sum="0"/>
</round>
<round no="2"><cards type="Flop">H8 H2 H6</cards>
<action no="9" player="Marcocos931" type="4" discard="1" dealt="1" sum="0"/>
<action no="10" player="KOPKHUNKRAP" type="4" sum="0"/>
</round>
<round no="3"><cards type="Turn">DA</cards>
<action no="11" player="Marcocos931" type="5" discard="1" dealt="1" sum="30"/>
<action no="12" player="KOPKHUNKRAP" type="3" sum="30"/>
</round>
<round no="4"><cards type="River">S8</cards>
<action no="13" player="Marcocos931" type="5" discard="1" dealt="1" sum="60"/>
<action no="14" player="KOPKHUNKRAP" type="3" sum="60"/>
</round>
</game>
<game gamecode="6571385188"><general>
<startdate>2025-12-26 05:05:28</startdate>
<round>1</round>
<failsafecounter/>
<players><player seat="3" name="Behemot17" chips="317" dealer="0" win="0" bet="231" muck="1" rebuy="0" addon="0" merge="0" rebuychips="0" reg_code="5083624838"/>
<player seat="6" name="Marcocos931" chips="231" dealer="1" win="482" bet="231" muck="0" rebuy="0" addon="0" merge="0" rebuychips="0" reg_code="5083624930"/>
<player seat="10" name="KOPKHUNKRAP" chips="952" dealer="0" win="0" bet="20" muck="1" rebuy="0" addon="0" merge="0" rebuychips="0" reg_code="5083624977"/>
</players>
</general>
<round no="0"><action no="1" player="KOPKHUNKRAP" type="15" sum="5"/>
<action no="2" player="Behemot17" type="15" discard="1" dealt="1" sum="5"/>
<action no="3" player="Marcocos931" type="15" discard="1" dealt="1" sum="5"/>
<action no="4" player="KOPKHUNKRAP" type="1" sum="15"/>
<action no="5" player="Behemot17" type="2" discard="1" dealt="1" sum="30"/>
</round>
<round no="1"><cards type="Pocket" player="Marcocos931">HK C4</cards>
<cards type="Pocket" player="Behemot17">C7 H7</cards>
<cards type="Pocket" player="KOPKHUNKRAP">S8 DJ</cards>
<action no="6" player="Marcocos931" type="23" discard="1" dealt="1" sum="226"/>
<action no="7" player="KOPKHUNKRAP" type="0" sum="0"/>
<action no="8" player="Behemot17" type="3" discard="1" dealt="1" sum="196"/>
</round>
<round no="2"><cards type="Flop">CK S3 HJ</cards>
</round>
<round no="3"><cards type="Turn">H9</cards>
</round>
<round no="4"><cards type="River">C2</cards>
</round>
</game>
<game gamecode="6571385218"><general>
<startdate>2025-12-26 05:05:47</startdate>
<round>1</round>
<failsafecounter/>
<players><player seat="6" name="Marcocos931" chips="482" dealer="0" win="0" bet="65" muck="1" rebuy="0" addon="0" merge="0" rebuychips="0" reg_code="5083624930"/>
<player seat="10" name="KOPKHUNKRAP" chips="932" dealer="1" win="150" bet="114" muck="1" rebuy="0" addon="0" merge="0" rebuychips="0" reg_code="5083624977"/>
<player seat="3" name="Behemot17" chips="86" dealer="0" win="0" bet="20" muck="1" rebuy="0" addon="0" merge="0" rebuychips="0" reg_code="5083624838"/>
</players>
</general>
<round no="0"><action no="1" player="Behemot17" type="15" discard="1" dealt="1" sum="5"/>
<action no="2" player="Marcocos931" type="15" discard="1" dealt="1" sum="5"/>
<action no="3" player="KOPKHUNKRAP" type="15" sum="5"/>
<action no="4" player="Behemot17" type="1" discard="1" dealt="1" sum="15"/>
<action no="5" player="Marcocos931" type="2" discard="1" dealt="1" sum="30"/>
</round>
<round no="1"><cards type="Pocket" player="Marcocos931">X X</cards>
<cards type="Pocket" player="Behemot17">X X</cards>
<cards type="Pocket" player="KOPKHUNKRAP">CK D9</cards>
<action no="6" player="KOPKHUNKRAP" type="23" sum="60"/>
<action no="7" player="Behemot17" type="0" discard="1" dealt="1" sum="0"/>
<action no="8" player="Marcocos931" type="3" discard="1" dealt="1" sum="30"/>
</round>
<round no="2"><cards type="Flop">C4 S4 C10</cards>
<action no="9" player="Marcocos931" type="4" discard="1" dealt="1" sum="0"/>
<action no="10" player="KOPKHUNKRAP" type="5" sum="49"/>
<action no="11" player="Marcocos931" type="0" discard="1" dealt="1" sum="0"/>
</round>
</game>
<game gamecode="6571385250"><general>
<startdate>2025-12-26 05:06:07</startdate>
<round>1</round>
<failsafecounter/>
<players><player seat="10" name="KOPKHUNKRAP" chips="1,017" dealer="0" win="198" bet="186" muck="0" rebuy="0" addon="0" merge="0" rebuychips="0" reg_code="5083624977"/>
<player seat="3" name="Behemot17" chips="66" dealer="1" win="0" bet="66" muck="1" rebuy="0" addon="0" merge="0" rebuychips="0" reg_code="5083624838"/>
<player seat="6" name="Marcocos931" chips="417" dealer="0" win="0" bet="66" muck="1" rebuy="0" addon="0" merge="0" rebuychips="0" reg_code="5083624930"/>
</players>
</general>
<round no="0"><action no="1" player="Marcocos931" type="15" discard="1" dealt="1" sum="5"/>
<action no="2" player="KOPKHUNKRAP" type="15" sum="5"/>
<action no="3" player="Behemot17" type="15" discard="1" dealt="1" sum="5"/>
<action no="4" player="Marcocos931" type="1" discard="1" dealt="1" sum="20"/>
<action no="5" player="KOPKHUNKRAP" type="2" sum="40"/>
</round>
<round no="1"><cards type="Pocket" player="KOPKHUNKRAP">C9 C6</cards>
<cards type="Pocket" player="Behemot17">S6 HK</cards>
<cards type="Pocket" player="Marcocos931">X X</cards>
<action no="6" player="Behemot17" type="7" discard="1" dealt="1" sum="61"/>
<action no="7" player="Marcocos931" type="3" discard="1" dealt="1" sum="41"/>
<action no="8" player="KOPKHUNKRAP" type="3" sum="21"/>
</round>
<round no="2"><cards type="Flop">D2 D3 D10</cards>
<action no="9" player="Marcocos931" type="4" discard="1" dealt="1" sum="0"/>
<action no="10" player="KOPKHUNKRAP" type="4" sum="0"/>
</round>
<round no="3"><cards type="Turn">H9</cards>
<action no="11" player="Marcocos931" type="4" discard="1" dealt="1" sum="0"/>
<action no="12" player="KOPKHUNKRAP" type="5" sum="120"/>
<action no="13" player="Marcocos931" type="0" discard="1" dealt="1" sum="0"/>
</round>
<round no="4"><cards type="River">S4</cards>
</round>
</game>
<game gamecode="6571385290"><general>
<startdate>2025-12-26 05:06:33</startdate>
<round>1</round>
<failsafecounter/>
<players><player seat="10" name="KOPKHUNKRAP" chips="1,149" dealer="0" win="0" bet="45" muck="1" rebuy="0" addon="0" merge="0" rebuychips="0" reg_code="5083624977"/>
<player seat="6" name="Marcocos931" chips="351" dealer="1" win="90" bet="85" muck="1" rebuy="0" addon="0" merge="0" rebuychips="0" reg_code="5083624930"/>
</players>
</general>
<round no="0"><action no="1" player="Marcocos931" type="15" discard="1" dealt="1" sum="5"/>
<action no="2" player="KOPKHUNKRAP" type="15" sum="5"/>
<action no="3" player="Marcocos931" type="1" discard="1" dealt="1" sum="20"/>
<action no="4" player="KOPKHUNKRAP" type="2" sum="40"/>
</round>
<round no="1"><cards type="Pocket" player="Marcocos931">X X</cards>
<cards type="Pocket" player="KOPKHUNKRAP">D6 HJ</cards>
<action no="5" player="Marcocos931" type="3" discard="1" dealt="1" sum="20"/>
<action no="6" player="KOPKHUNKRAP" type="4" sum="0"/>
</round>
<round no="2"><cards type="Flop">D7 DK CK</cards>
<action no="7" player="KOPKHUNKRAP" type="4" sum="0"/>
<action no="8" player="Marcocos931" type="5" discard="1" dealt="1" sum="40"/>
<action no="9" player="KOPKHUNKRAP" type="0" sum="0"/>
</round>
</game>
<game gamecode="6571385325"><general>
<startdate>2025-12-26 05:06:49</startdate>
<round>1</round>
<failsafecounter/>
<players><player seat="6" name="Marcocos931" chips="396" dealer="0" win="50" bet="45" muck="1" rebuy="0" addon="0" merge="0" rebuychips="0" reg_code="5083624930"/>
<player seat="10" name="KOPKHUNKRAP" chips="1,104" dealer="1" win="0" bet="25" muck="1" rebuy="0" addon="0" merge="0" rebuychips="0" reg_code="5083624977"/>
</players>
</general>
<round no="0"><action no="1" player="KOPKHUNKRAP" type="15" sum="5"/>
<action no="2" player="Marcocos931" type="15" discard="1" dealt="1" sum="5"/>
<action no="3" player="KOPKHUNKRAP" type="1" sum="20"/>
<action no="4" player="Marcocos931" type="2" discard="1" dealt="1" sum="40"/>
</round>
<round no="1"><cards type="Pocket" player="Marcocos931">X X</cards>
<cards type="Pocket" player="KOPKHUNKRAP">S5 D3</cards>
<action no="5" player="KOPKHUNKRAP" type="0" sum="0"/>
</round>
</game>
<game gamecode="6571385339"><general>
<startdate>2025-12-26 05:06:56</startdate>
<round>1</round>
<failsafecounter/>
<players><player seat="10" name="KOPKHUNKRAP" chips="1,079" dealer="0" win="90" bet="105" muck="1" rebuy="0" addon="0" merge="0" rebuychips="0" reg_code="5083624977"/>
<player seat="6" name="Marcocos931" chips="421" dealer="1" win="0" bet="45" muck="1" rebuy="0" addon="0" merge="0" rebuychips="0" reg_code="5083624930"/>
</players>
</general>
<round no="0"><action no="1" player="Marcocos931" type="15" discard="1" dealt="1" sum="5"/>
<action no="2" player="KOPKHUNKRAP" type="15" sum="5"/>
<action no="3" player="Marcocos931" type="1" discard="1" dealt="1" sum="20"/>
<action no="4" player="KOPKHUNKRAP" type="2" sum="40"/>
</round>
<round no="1"><cards type="Pocket" player="Marcocos931">X X</cards>
<cards type="Pocket" player="KOPKHUNKRAP">DQ DJ</cards>
<action no="5" player="Marcocos931" type="3" discard="1" dealt="1" sum="20"/>
<action no="6" player="KOPKHUNKRAP" type="23" sum="100"/>
<action no="7" player="Marcocos931" type="0" discard="1" dealt="1" sum="0"/>
</round>
</game>
<game gamecode="6571385361"><general>
<startdate>2025-12-26 05:07:09</startdate>
<round>1</round>
<failsafecounter/>
<players><player seat="6" name="Marcocos931" chips="376" dealer="0" win="90" bet="85" muck="1" rebuy="0" addon="0" merge="0" rebuychips="0" reg_code="5083624930"/>
<player seat="10" name="KOPKHUNKRAP" chips="1,124" dealer="1" win="0" bet="45" muck="1" rebuy="0" addon="0" merge="0" rebuychips="0" reg_code="5083624977"/>
</players>
</general>
<round no="0"><action no="1" player="KOPKHUNKRAP" type="15" sum="5"/>
<action no="2" player="Marcocos931" type="15" discard="1" dealt="1" sum="5"/>
<action no="3" player="KOPKHUNKRAP" type="1" sum="20"/>
<action no="4" player="Marcocos931" type="2" discard="1" dealt="1" sum="40"/>
</round>
<round no="1"><cards type="Pocket" player="Marcocos931">X X</cards>
<cards type="Pocket" player="KOPKHUNKRAP">S3 CQ</cards>
<action no="5" player="KOPKHUNKRAP" type="3" sum="20"/>
<action no="6" player="Marcocos931" type="23" discard="1" dealt="1" sum="80"/>
<action no="7" player="KOPKHUNKRAP" type="0" sum="0"/>
</round>
</game>
<game gamecode="6571385382"><general>
<startdate>2025-12-26 05:07:19</startdate>
<round>1</round>
<failsafecounter/>
<players><player seat="10" name="KOPKHUNKRAP" chips="1,079" dealer="0" win="170" bet="85" muck="0" rebuy="0" addon="0" merge="0" rebuychips="0" reg_code="5083624977"/>
<player seat="6" name="Marcocos931" chips="421" dealer="1" win="0" bet="85" muck="1" rebuy="0" addon="0" merge="0" rebuychips="0" reg_code="5083624930"/>
</players>
</general>
<round no="0"><action no="1" player="Marcocos931" type="15" discard="1" dealt="1" sum="5"/>
<action no="2" player="KOPKHUNKRAP" type="15" sum="5"/>
<action no="3" player="Marcocos931" type="1" discard="1" dealt="1" sum="20"/>
<action no="4" player="KOPKHUNKRAP" type="2" sum="40"/>
</round>
<round no="1"><cards type="Pocket" player="Marcocos931">HA D3</cards>
<cards type="Pocket" player="KOPKHUNKRAP">H5 S3</cards>
<action no="5" player="Marcocos931" type="3" discard="1" dealt="1" sum="20"/>
<action no="6" player="KOPKHUNKRAP" type="4" sum="0"/>
</round>
<round no="2"><cards type="Flop">C9 DK H10</cards>
<action no="7" player="KOPKHUNKRAP" type="4" sum="0"/>
<action no="8" player="Marcocos931" type="4" discard="1" dealt="1" sum="0"/>
</round>
<round no="3"><cards type="Turn">C5</cards>
<action no="9" player="KOPKHUNKRAP" type="4" sum="0"/>
<action no="10" player="Marcocos931" type="5" discard="1" dealt="1" sum="40"/>
<action no="11" player="KOPKHUNKRAP" type="3" sum="40"/>
</round>
<round no="4"><cards type="River">S6</cards>
<action no="12" player="KOPKHUNKRAP" type="4" sum="0"/>
<action no="13" player="Marcocos931" type="4" discard="1" dealt="1" sum="0"/>
</round>
</game>
<game gamecode="6571385426"><general>
<startdate>2025-12-26 05:07:45</startdate>
<round>1</round>
<failsafecounter/>
<players><player seat="6" name="Marcocos931" chips="336" dealer="0" win="0" bet="65" muck="1" rebuy="0" addon="0" merge="0" rebuychips="0" reg_code="5083624930"/>
<player seat="10" name="KOPKHUNKRAP" chips="1,164" dealer="1" win="130" bet="1,164" muck="1" rebuy="0" addon="0" merge="0" rebuychips="0" reg_code="5083624977"/>
</players>
</general>
<round no="0"><action no="1" player="KOPKHUNKRAP" type="15" sum="5"/>
<action no="2" player="Marcocos931" type="15" discard="1" dealt="1" sum="5"/>
<action no="3" player="KOPKHUNKRAP" type="1" sum="30"/>
<action no="4" player="Marcocos931" type="2" discard="1" dealt="1" sum="60"/>
</round>
<round no="1"><cards type="Pocket" player="KOPKHUNKRAP">SQ CA</cards>
<cards type="Pocket" player="Marcocos931">X X</cards>
<action no="5" player="KOPKHUNKRAP" type="23" sum="1,159"/>
<action no="6" player="Marcocos931" type="0" discard="1" dealt="1" sum="0"/>
</round>
</game>
<game gamecode="6571385443"><general>
<startdate>2025-12-26 05:07:52</startdate>
<round>1</round>
<failsafecounter/>
<players><player seat="10" name="KOPKHUNKRAP" chips="1,229" dealer="0" win="0" bet="65" muck="1" rebuy="0" addon="0" merge="0" rebuychips="0" reg_code="5083624977"/>
<player seat="6" name="Marcocos931" chips="271" dealer="1" win="130" bet="271" muck="1" rebuy="0" addon="0" merge="0" rebuychips="0" reg_code="5083624930"/>
</players>
</general>
<round no="0"><action no="1" player="Marcocos931" type="15" discard="1" dealt="1" sum="5"/>
<action no="2" player="KOPKHUNKRAP" type="15" sum="5"/>
<action no="3" player="Marcocos931" type="1" discard="1" dealt="1" sum="30"/>
<action no="4" player="KOPKHUNKRAP" type="2" sum="60"/>
</round>
<round no="1"><cards type="Pocket" player="Marcocos931">X X</cards>
<cards type="Pocket" player="KOPKHUNKRAP">H8 C3</cards>
<action no="5" player="Marcocos931" type="23" discard="1" dealt="1" sum="266"/>
<action no="6" player="KOPKHUNKRAP" type="0" sum="0"/>
</round>
</game>
<game gamecode="6571385456"><general>
<startdate>2025-12-26 05:08:01</startdate>
<round>1</round>
<failsafecounter/>
<players><player seat="6" name="Marcocos931" chips="336" dealer="0" win="70" bet="65" muck="1" rebuy="0" addon="0" merge="0" rebuychips="0" reg_code="5083624930"/>
<player seat="10" name="KOPKHUNKRAP" chips="1,164" dealer="1" win="0" bet="35" muck="1" rebuy="0" addon="0" merge="0" rebuychips="0" reg_code="5083624977"/>
</players>
</general>
<round no="0"><action no="1" player="KOPKHUNKRAP" type="15" sum="5"/>
<action no="2" player="Marcocos931" type="15" discard="1" dealt="1" sum="5"/>
<action no="3" player="KOPKHUNKRAP" type="1" sum="30"/>
<action no="4" player="Marcocos931" type="2" discard="1" dealt="1" sum="60"/>
</round>
<round no="1"><cards type="Pocket" player="Marcocos931">X X</cards>
<cards type="Pocket" player="KOPKHUNKRAP">H2 C4</cards>
<action no="5" player="KOPKHUNKRAP" type="0" sum="0"/>
</round>
</game>
<game gamecode="6571385466"><general>
<startdate>2025-12-26 05:08:06</startdate>
<round>1</round>
<failsafecounter/>
<players><player seat="10" name="KOPKHUNKRAP" chips="1,129" dealer="0" win="70" bet="65" muck="1" rebuy="0" addon="0" merge="0" rebuychips="0" reg_code="5083624977"/>
<player seat="6" name="Marcocos931" chips="371" dealer="1" win="0" bet="35" muck="1" rebuy="0" addon="0" merge="0" rebuychips="0" reg_code="5083624930"/>
</players>
</general>
<round no="0"><action no="1" player="Marcocos931" type="15" discard="1" dealt="1" sum="5"/>
<action no="2" player="KOPKHUNKRAP" type="15" sum="5"/>
<action no="3" player="Marcocos931" type="1" discard="1" dealt="1" sum="30"/>
<action no="4" player="KOPKHUNKRAP" type="2" sum="60"/>
</round>
<round no="1"><cards type="Pocket" player="KOPKHUNKRAP">C5 D9</cards>
<cards type="Pocket" player="Marcocos931">X X</cards>
<action no="5" player="Marcocos931" type="0" discard="1" dealt="1" sum="0"/>
</round>
</game>
<game gamecode="6571385475"><general>
<startdate>2025-12-26 05:08:13</startdate>
<round>1</round>
<failsafecounter/>
<players><player seat="6" name="Marcocos931" chips="336" dealer="0" win="0" bet="65" muck="1" rebuy="0" addon="0" merge="0" rebuychips="0" reg_code="5083624930"/>
<player seat="10" name="KOPKHUNKRAP" chips="1,164" dealer="1" win="130" bet="1,164" muck="1" rebuy="0" addon="0" merge="0" rebuychips="0" reg_code="5083624977"/>
</players>
</general>
<round no="0"><action no="1" player="KOPKHUNKRAP" type="15" sum="5"/>
<action no="2" player="Marcocos931" type="15" discard="1" dealt="1" sum="5"/>
<action no="3" player="KOPKHUNKRAP" type="1" sum="30"/>
<action no="4" player="Marcocos931" type="2" discard="1" dealt="1" sum="60"/>
</round>
<round no="1"><cards type="Pocket" player="Marcocos931">X X</cards>
<cards type="Pocket" player="KOPKHUNKRAP">D6 HK</cards>
<action no="5" player="KOPKHUNKRAP" type="23" sum="1,159"/>
<action no="6" player="Marcocos931" type="0" discard="1" dealt="1" sum="0"/>
</round>
</game>
<game gamecode="6571385489"><general>
<startdate>2025-12-26 05:08:23</startdate>
<round>1</round>
<failsafecounter/>
<players><player seat="10" name="KOPKHUNKRAP" chips="1,229" dealer="0" win="0" bet="1,229" muck="0" rebuy="0" addon="0" merge="0" rebuychips="0" reg_code="5083624977"/>
<player seat="6" name="Marcocos931" chips="271" dealer="1" win="542" bet="271" muck="0" rebuy="0" addon="0" merge="0" rebuychips="0" reg_code="5083624930"/>
</players>
</general>
<round no="0"><action no="1" player="Marcocos931" type="15" discard="1" dealt="1" sum="5"/>
<action no="2" player="KOPKHUNKRAP" type="15" sum="5"/>
<action no="3" player="Marcocos931" type="1" discard="1" dealt="1" sum="30"/>
<action no="4" player="KOPKHUNKRAP" type="2" sum="60"/>
</round>
<round no="1"><cards type="Pocket" player="Marcocos931">C8 D10</cards>
<cards type="Pocket" player="KOPKHUNKRAP">C10 SK</cards>
<action no="5" player="Marcocos931" type="3" discard="1" dealt="1" sum="30"/>
<action no="6" player="KOPKHUNKRAP" type="23" sum="1,224"/>
<action no="7" player="Marcocos931" type="7" discard="1" dealt="1" sum="206"/>
</round>
<round no="2"><cards type="Flop">H7 H10 C9</cards>
</round>
<round no="3"><cards type="Turn">CJ</cards>
</round>
<round no="4"><cards type="River">HA</cards>
</round>
</game>
<game gamecode="6571385518"><general>
<startdate>2025-12-26 05:08:39</startdate>
<round>1</round>
<failsafecounter/>
<players><player seat="6" name="Marcocos931" chips="542" dealer="0" win="542" bet="542" muck="0" rebuy="0" addon="0" merge="0" rebuychips="0" reg_code="5083624930"/>
<player seat="10" name="KOPKHUNKRAP" chips="958" dealer="1" win="542" bet="958" muck="0" rebuy="0" addon="0" merge="0" rebuychips="0" reg_code="5083624977"/>
</players>
</general>
<round no="0"><action no="1" player="KOPKHUNKRAP" type="15" sum="5"/>
<action no="2" player="Marcocos931" type="15" discard="1" dealt="1" sum="5"/>
<action no="3" player="KOPKHUNKRAP" type="1" sum="30"/>
<action no="4" player="Marcocos931" type="2" discard="1" dealt="1" sum="60"/>
</round>
<round no="1"><cards type="Pocket" player="Marcocos931">S8 HK</cards>
<cards type="Pocket" player="KOPKHUNKRAP">D9 DK</cards>
<action no="5" player="KOPKHUNKRAP" type="23" sum="953"/>
<action no="6" player="Marcocos931" type="7" discard="1" dealt="1" sum="477"/>
</round>
<round no="2"><cards type="Flop">H10 S10 S7</cards>
</round>
<round no="3"><cards type="Turn">D7</cards>
</round>
<round no="4"><cards type="River">H7</cards>
</round>
</game>
<game gamecode="6571385555"><general>
<startdate>2025-12-26 05:08:57</startdate>
<round>1</round>
<failsafecounter/>
<players><player seat="10" name="KOPKHUNKRAP" chips="958" dealer="0" win="70" bet="65" muck="1" rebuy="0" addon="0" merge="0" rebuychips="0" reg_code="5083624977"/>
<player seat="6" name="Marcocos931" chips="542" dealer="1" win="0" bet="35" muck="1" rebuy="0" addon="0" merge="0" rebuychips="0" reg_code="5083624930"/>
</players>
</general>
<round no="0"><action no="1" player="Marcocos931" type="15" discard="1" dealt="1" sum="5"/>
<action no="2" player="KOPKHUNKRAP" type="15" sum="5"/>
<action no="3" player="Marcocos931" type="1" discard="1" dealt="1" sum="30"/>
<action no="4" player="KOPKHUNKRAP" type="2" sum="60"/>
</round>
<round no="1"><cards type="Pocket" player="KOPKHUNKRAP">D8 SK</cards>
<cards type="Pocket" player="Marcocos931">X X</cards>
<action no="5" player="Marcocos931" type="0" discard="1" dealt="1" sum="0"/>
</round>
</game>
<game gamecode="6571385565"><general>
<startdate>2025-12-26 05:09:03</startdate>
<round>1</round>
<failsafecounter/>
<players><player seat="6" name="Marcocos931" chips="507" dealer="0" win="70" bet="65" muck="1" rebuy="0" addon="0" merge="0" rebuychips="0" reg_code="5083624930"/>
<player seat="10" name="KOPKHUNKRAP" chips="993" dealer="1" win="0" bet="35" muck="1" rebuy="0" addon="0" merge="0" rebuychips="0" reg_code="5083624977"/>
</players>
</general>
<round no="0"><action no="1" player="KOPKHUNKRAP" type="15" sum="5"/>
<action no="2" player="Marcocos931" type="15" discard="1" dealt="1" sum="5"/>
<action no="3" player="KOPKHUNKRAP" type="1" sum="30"/>
<action no="4" player="Marcocos931" type="2" discard="1" dealt="1" sum="60"/>
</round>
<round no="1"><cards type="Pocket" player="KOPKHUNKRAP">C3 SJ</cards>
<cards type="Pocket" player="Marcocos931">X X</cards>
<action no="5" player="KOPKHUNKRAP" type="0" sum="0"/>
</round>
</game>
<game gamecode="6571385581"><general>
<startdate>2025-12-26 05:09:10</startdate>
<round>1</round>
<failsafecounter/>
<players><player seat="10" name="KOPKHUNKRAP" chips="958" dealer="0" win="250" bet="305" muck="1" rebuy="0" addon="0" merge="0" rebuychips="0" reg_code="5083624977"/>
<player seat="6" name="Marcocos931" chips="542" dealer="1" win="0" bet="125" muck="1" rebuy="0" addon="0" merge="0" rebuychips="0" reg_code="5083624930"/>
</players>
</general>
<round no="0"><action no="1" player="Marcocos931" type="15" discard="1" dealt="1" sum="5"/>
<action no="2" player="KOPKHUNKRAP" type="15" sum="5"/>
<action no="3" player="Marcocos931" type="1" discard="1" dealt="1" sum="30"/>
<action no="4" player="KOPKHUNKRAP" type="2" sum="60"/>
</round>
<round no="1"><cards type="Pocket" player="Marcocos931">X X</cards>
<cards type="Pocket" player="KOPKHUNKRAP">C10 D2</cards>
<action no="5" player="Marcocos931" type="3" discard="1" dealt="1" sum="30"/>
<action no="6" player="KOPKHUNKRAP" type="4" sum="0"/>
</round>
<round no="2"><cards type="Flop">CK C9 CJ</cards>
<action no="7" player="KOPKHUNKRAP" type="4" sum="0"/>
<action no="8" player="Marcocos931" type="5" discard="1" dealt="1" sum="60"/>
<action no="9" player="KOPKHUNKRAP" type="3" sum="60"/>
</round>
<round no="3"><cards type="Turn">CA</cards>
<action no="10" player="KOPKHUNKRAP" type="4" sum="0"/>
<action no="11" player="Marcocos931" type="4" discard="1" dealt="1" sum="0"/>
</round>
<round no="4"><cards type="River">S10</cards>
<action no="12" player="KOPKHUNKRAP" type="5" sum="180"/>
<action no="13" player="Marcocos931" type="0" discard="1" dealt="1" sum="0"/>
</round>
</game>
<game gamecode="6571385619"><general>
<startdate>2025-12-26 05:09:33</startdate>
<round>1</round>
<failsafecounter/>
<players><player seat="6" name="Marcocos931" chips="417" dealer="0" win="96" bet="88" muck="1" rebuy="0" addon="0" merge="0" rebuychips="0" reg_code="5083624930"/>
<player seat="10" name="KOPKHUNKRAP" chips="1,083" dealer="1" win="0" bet="48" muck="1" rebuy="0" addon="0" merge="0" rebuychips="0" reg_code="5083624977"/>
</players>
</general>
<round no="0"><action no="1" player="KOPKHUNKRAP" type="15" sum="8"/>
<action no="2" player="Marcocos931" type="15" discard="1" dealt="1" sum="8"/>
<action no="3" player="KOPKHUNKRAP" type="1" sum="40"/>
<action no="4" player="Marcocos931" type="2" discard="1" dealt="1" sum="80"/>
</round>
<round no="1"><cards type="Pocket" player="KOPKHUNKRAP">H2 H5</cards>
<cards type="Pocket" player="Marcocos931">X X</cards>
<action no="5" player="KOPKHUNKRAP" type="0" sum="0"/>
</round>
</game>
<game gamecode="6571385628"><general>
<startdate>2025-12-26 05:09:40</startdate>
<round>1</round>
<failsafecounter/>
<players><player seat="10" name="KOPKHUNKRAP" chips="1,035" dealer="0" win="96" bet="88" muck="1" rebuy="0" addon="0" merge="0" rebuychips="0" reg_code="5083624977"/>
<player seat="6" name="Marcocos931" chips="465" dealer="1" win="0" bet="48" muck="1" rebuy="0" addon="0" merge="0" rebuychips="0" reg_code="5083624930"/>
</players>
</general>
<round no="0"><action no="1" player="Marcocos931" type="15" discard="1" dealt="1" sum="8"/>
<action no="2" player="KOPKHUNKRAP" type="15" sum="8"/>
<action no="3" player="Marcocos931" type="1" discard="1" dealt="1" sum="40"/>
<action no="4" player="KOPKHUNKRAP" type="2" sum="80"/>
</round>
<round no="1"><cards type="Pocket" player="KOPKHUNKRAP">C2 SJ</cards>
<cards type="Pocket" player="Marcocos931">X X</cards>
<action no="5" player="Marcocos931" type="0" discard="1" dealt="1" sum="0"/>
</round>
</game>
<game gamecode="6571385645"><general>
<startdate>2025-12-26 05:09:45</startdate>
<round>1</round>
<failsafecounter/>
<players><player seat="6" name="Marcocos931" chips="417" dealer="0" win="834" bet="417" muck="0" rebuy="0" addon="0" merge="0" rebuychips="0" reg_code="5083624930"/>
<player seat="10" name="KOPKHUNKRAP" chips="1,083" dealer="1" win="0" bet="1,083" muck="1" rebuy="0" addon="0" merge="0" rebuychips="0" reg_code="5083624977"/>
</players>
</general>
<round no="0"><action no="1" player="KOPKHUNKRAP" type="15" sum="8"/>
<action no="2" player="Marcocos931" type="15" discard="1" dealt="1" sum="8"/>
<action no="3" player="KOPKHUNKRAP" type="1" sum="40"/>
<action no="4" player="Marcocos931" type="2" discard="1" dealt="1" sum="80"/>
</round>
<round no="1"><cards type="Pocket" player="Marcocos931">H10 HA</cards>
<cards type="Pocket" player="KOPKHUNKRAP">HK SA</cards>
<action no="5" player="KOPKHUNKRAP" type="23" sum="1,075"/>
<action no="6" player="Marcocos931" type="7" discard="1" dealt="1" sum="329"/>
</round>
<round no="2"><cards type="Flop">S10 D5 SQ</cards>
</round>
<round no="3"><cards type="Turn">D9</cards>
</round>
<round no="4"><cards type="River">S4</cards>
</round>
</game>
<game gamecode="6571385671"><general>
<startdate>2025-12-26 05:10:00</startdate>
<round>1</round>
<failsafecounter/>
<players><player seat="10" name="KOPKHUNKRAP" chips="666" dealer="0" win="0" bet="168" muck="1" rebuy="0" addon="0" merge="0" rebuychips="0" reg_code="5083624977"/>
<player seat="6" name="Marcocos931" chips="834" dealer="1" win="336" bet="248" muck="1" rebuy="0" addon="0" merge="0" rebuychips="0" reg_code="5083624930"/>
</players>
</general>
<round no="0"><action no="1" player="Marcocos931" type="15" discard="1" dealt="1" sum="8"/>
<action no="2" player="KOPKHUNKRAP" type="15" sum="8"/>
<action no="3" player="Marcocos931" type="1" discard="1" dealt="1" sum="40"/>
<action no="4" player="KOPKHUNKRAP" type="2" sum="80"/>
</round>
<round no="1"><cards type="Pocket" player="Marcocos931">X X</cards>
<cards type="Pocket" player="KOPKHUNKRAP">S8 S4</cards>
<action no="5" player="Marcocos931" type="3" discard="1" dealt="1" sum="40"/>
<action no="6" player="KOPKHUNKRAP" type="4" sum="0"/>
</round>
<round no="2"><cards type="Flop">H4 CK C6</cards>
<action no="7" player="KOPKHUNKRAP" type="4" sum="0"/>
<action no="8" player="Marcocos931" type="5" discard="1" dealt="1" sum="80"/>
<action no="9" player="KOPKHUNKRAP" type="3" sum="80"/>
</round>
<round no="3"><cards type="Turn">H10</cards>
<action no="10" player="KOPKHUNKRAP" type="4" sum="0"/>
<action no="11" player="Marcocos931" type="5" discard="1" dealt="1" sum="80"/>
<action no="12" player="KOPKHUNKRAP" type="0" sum="0"/>
</round>
</game>
<game gamecode="6571385698"><general>
<startdate>2025-12-26 05:10:16</startdate>
<round>1</round>
<failsafecounter/>
<players><player seat="6" name="Marcocos931" chips="1,002" dealer="0" win="96" bet="88" muck="1" rebuy="0" addon="0" merge="0" rebuychips="0" reg_code="5083624930"/>
<player seat="10" name="KOPKHUNKRAP" chips="498" dealer="1" win="0" bet="48" muck="1" rebuy="0" addon="0" merge="0" rebuychips="0" reg_code="5083624977"/>
</players>
</general>
<round no="0"><action no="1" player="KOPKHUNKRAP" type="15" sum="8"/>
<action no="2" player="Marcocos931" type="15" discard="1" dealt="1" sum="8"/>
<action no="3" player="KOPKHUNKRAP" type="1" sum="40"/>
<action no="4" player="Marcocos931" type="2" discard="1" dealt="1" sum="80"/>
</round>
<round no="1"><cards type="Pocket" player="KOPKHUNKRAP">C5 S10</cards>
<cards type="Pocket" player="Marcocos931">X X</cards>
<action no="5" player="KOPKHUNKRAP" type="0" sum="0"/>
</round>
</game>
<game gamecode="6571385707"><general>
<startdate>2025-12-26 05:10:21</startdate>
<round>1</round>
<failsafecounter/>
<players><player seat="10" name="KOPKHUNKRAP" chips="450" dealer="0" win="450" bet="450" muck="0" rebuy="0" addon="0" merge="0" rebuychips="0" reg_code="5083624977"/>
<player seat="6" name="Marcocos931" chips="1,050" dealer="1" win="450" bet="1,050" muck="0" rebuy="0" addon="0" merge="0" rebuychips="0" reg_code="5083624930"/>
</players>
</general>
<round no="0"><action no="1" player="Marcocos931" type="15" discard="1" dealt="1" sum="8"/>
<action no="2" player="KOPKHUNKRAP" type="15" sum="8"/>
<action no="3" player="Marcocos931" type="1" discard="1" dealt="1" sum="40"/>
<action no="4" player="KOPKHUNKRAP" type="2" sum="80"/>
</round>
<round no="1"><cards type="Pocket" player="Marcocos931">C5 HA</cards>
<cards type="Pocket" player="KOPKHUNKRAP">DA S2</cards>
<action no="5" player="Marcocos931" type="23" discard="1" dealt="1" sum="1,042"/>
<action no="6" player="KOPKHUNKRAP" type="7" sum="362"/>
</round>
<round no="2"><cards type="Flop">CK S4 S3</cards>
</round>
<round no="3"><cards type="Turn">D4</cards>
</round>
<round no="4"><cards type="River">D9</cards>
</round>
</game>
<game gamecode="6571387839"><general>
<startdate>2025-12-26 05:10:38</startdate>
<round>1</round>
<failsafecounter/>
<players><player seat="6" name="Marcocos931" chips="1,050" dealer="0" win="900" bet="450" muck="0" rebuy="0" addon="0" merge="0" rebuychips="0" reg_code="5083624930"/>
<player seat="10" name="KOPKHUNKRAP" chips="450" dealer="1" win="0" bet="450" muck="0" rebuy="0" addon="0" merge="0" rebuychips="0" reg_code="5083624977"/>
</players>
</general>
<round no="0"><action no="1" player="KOPKHUNKRAP" type="15" sum="8"/>
<action no="2" player="Marcocos931" type="15" discard="1" dealt="1" sum="8"/>
<action no="3" player="KOPKHUNKRAP" type="1" sum="40"/>
<action no="4" player="Marcocos931" type="2" discard="1" dealt="1" sum="80"/>
</round>
<round no="1"><cards type="Pocket" player="Marcocos931">D10 C9</cards>
<cards type="Pocket" player="KOPKHUNKRAP">C8 D8</cards>
<action no="5" player="KOPKHUNKRAP" type="23" sum="442"/>
<action no="6" player="Marcocos931" type="3" discard="1" dealt="1" sum="362"/>
</round>
<round no="2"><cards type="Flop">H4 H9 S3</cards>
</round>
<round no="3"><cards type="Turn">CK</cards>
</round>
<round no="4"><cards type="River">C5</cards>
</round>
</game>
</session>
