<?xml version="1.0" encoding="UTF-8"?>
<session sessioncode="5083201863">
<general>
<client_version>25.7.1.50</client_version>
<mode>real</mode>
<gametype>Holdem NL</gametype>
<tablename>Twister €200 SNG, 824644025</tablename>
<tournamentcode>824644024</tournamentcode>
<tournamentname>Twister €200 SNG</tournamentname>
<buyin>€0 + €12 + €188</buyin>
<totalbuyin>€200</totalbuyin>
<rewarddrawn>€600</rewarddrawn>
<tournamentcurrency>EUR</tournamentcurrency>
<currency>EUR</currency>
<nickname>KOPKHUNKRAP</nickname>
<gamecount>11</gamecount>
<startdate>2025-12-24 16:25:26</startdate>
<place>1</place>
<win>€600</win>
<tablesize>3</tablesize>
</general>
<game gamecode="6569703777"><general>
<startdate>2025-12-24 16:25:41</startdate>
<round>1</round>
<failsafecounter/>
<players><player seat="3" name="iiioooo" chips="500" dealer="0" win="84" bet="84" muck="1" rebuy="0" addon="0" merge="0" rebuychips="0" reg_code="5083201832"/>
<player seat="6" name="KOPKHUNKRAP" chips="500" dealer="1" win="0" bet="0" muck="1" rebuy="0" addon="0" merge="0" rebuychips="0" reg_code="5083201863"/>
<player seat="10" name="Tiuualex" chips="500" dealer="0" win="0" bet="42" muck="1" rebuy="0" addon="0" merge="0" rebuychips="0" reg_code="5083201921"/>
</players>
</general>
<round no="0"><action no="1" player="Tiuualex" type="1" discard="1" dealt="1" sum="10"/>
<action no="2" player="iiioooo" type="2" discard="1" dealt="1" sum="20"/>
</round>
<round no="1"><cards type="Pocket" player="iiioooo">X X</cards>
<cards type="Pocket" player="KOPKHUNKRAP">SK D3</cards>
<cards type="Pocket" player="Tiuualex">X X</cards>
<action no="3" player="KOPKHUNKRAP" type="0" sum="0"/>
<action no="4" player="Tiuualex" type="23" discard="1" dealt="1" sum="42"/>
<action no="5" player="iiioooo" type="3" discard="1" dealt="1" sum="22"/>
</round>
<round no="2"><cards type="Flop">S9 S2 H5</cards>
<action no="6" player="Tiuualex" type="4" discard="1" dealt="1" sum="0"/>
<action no="7" player="iiioooo" type="5" discard="1" dealt="1" sum="42"/>
<action no="8" player="Tiuualex" type="0" discard="1" dealt="1" sum="0"/>
</round>
</game>
<game gamecode="6569703954"><general>
<startdate>2025-12-24 16:26:08</startdate>
<round>1</round>
<failsafecounter/>
<players><player seat="6" name="KOPKHUNKRAP" chips="500" dealer="0" win="20" bet="20" muck="1" rebuy="0" addon="0" merge="0" rebuychips="0" reg_code="5083201863"/>
<player seat="10" name="Tiuualex" chips="458" dealer="1" win="0" bet="0" muck="1" rebuy="0" addon="0" merge="0" rebuychips="0" reg_code="5083201921"/>
<player seat="3" name="iiioooo" chips="542" dealer="0" win="0" bet="10" muck="1" rebuy="0" addon="0" merge="0" rebuychips="0" reg_code="5083201832"/>
</players>
</general>
<round no="0"><action no="1" player="iiioooo" type="1" discard="1" dealt="1" sum="10"/>
<action no="2" player="KOPKHUNKRAP" type="2" sum="20"/>
</round>
<round no="1"><cards type="Pocket" player="Tiuualex">X X</cards>
<cards type="Pocket" player="iiioooo">X X</cards>
<cards type="Pocket" player="KOPKHUNKRAP">H2 H4</cards>
<action no="3" player="Tiuualex" type="0" discard="1" dealt="1" sum="0"/>
<action no="4" player="iiioooo" type="0" discard="1" dealt="1" sum="0"/>
</round>
</game>
<game gamecode="6569704000"><general>
<startdate>2025-12-24 16:26:15</startdate>
<round>1</round>
<failsafecounter/>
<players><player seat="10" name="Tiuualex" chips="458" dealer="0" win="40" bet="60" muck="1" rebuy="0" addon="0" merge="0" rebuychips="0" reg_code="5083201921"/>
<player seat="3" name="iiioooo" chips="532" dealer="1" win="0" bet="0" muck="1" rebuy="0" addon="0" merge="0" rebuychips="0" reg_code="5083201832"/>
<player seat="6" name="KOPKHUNKRAP" chips="510" dealer="0" win="0" bet="20" muck="1" rebuy="0" addon="0" merge="0" rebuychips="0" reg_code="5083201863"/>
</players>
</general>
<round no="0"><action no="1" player="KOPKHUNKRAP" type="1" sum="10"/>
<action no="2" player="Tiuualex" type="2" discard="1" dealt="1" sum="20"/>
</round>
<round no="1"><cards type="Pocket" player="iiioooo">X X</cards>
<cards type="Pocket" player="KOPKHUNKRAP">S10 D8</cards>
<cards type="Pocket" player="Tiuualex">X X</cards>
<action no="3" player="iiioooo" type="0" discard="1" dealt="1" sum="0"/>
<action no="4" player="KOPKHUNKRAP" type="3" sum="10"/>
<action no="5" player="Tiuualex" type="23" discard="1" dealt="1" sum="60"/>
<action no="6" player="KOPKHUNKRAP" type="0" sum="0"/>
</round>
</game>
<game gamecode="6569704092"><general>
<startdate>2025-12-24 16:26:30</startdate>
<round>1</round>
<failsafecounter/>
<players><player seat="3" name="iiioooo" chips="532" dealer="0" win="40" bet="60" muck="1" rebuy="0" addon="0" merge="0" rebuychips="0" reg_code="5083201832"/>
<player seat="6" name="KOPKHUNKRAP" chips="490" dealer="1" win="0" bet="0" muck="1" rebuy="0" addon="0" merge="0" rebuychips="0" reg_code="5083201863"/>
<player seat="10" name="Tiuualex" chips="478" dealer="0" win="0" bet="20" muck="1" rebuy="0" addon="0" merge="0" rebuychips="0" reg_code="5083201921"/>
</players>
</general>
<round no="0"><action no="1" player="Tiuualex" type="1" discard="1" dealt="1" sum="10"/>
<action no="2" player="iiioooo" type="2" discard="1" dealt="1" sum="20"/>
</round>
<round no="1"><cards type="Pocket" player="Tiuualex">X X</cards>
<cards type="Pocket" player="iiioooo">X X</cards>
<cards type="Pocket" player="KOPKHUNKRAP">C10 C4</cards>
<action no="3" player="KOPKHUNKRAP" type="0" sum="0"/>
<action no="4" player="Tiuualex" type="3" discard="1" dealt="1" sum="10"/>
<action no="5" player="iiioooo" type="4" discard="1" dealt="1" sum="0"/>
</round>
<round no="2"><cards type="Flop">S5 HJ S9</cards>
<action no="6" player="Tiuualex" type="4" discard="1" dealt="1" sum="0"/>
<action no="7" player="iiioooo" type="4" discard="1" dealt="1" sum="0"/>
</round>
<round no="3"><cards type="Turn">S4</cards>
<action no="8" player="Tiuualex" type="4" discard="1" dealt="1" sum="0"/>
<action no="9" player="iiioooo" type="4" discard="1" dealt="1" sum="0"/>
</round>
<round no="4"><cards type="River">C3</cards>
<action no="10" player="Tiuualex" type="4" discard="1" dealt="1" sum="0"/>
<action no="11" player="iiioooo" type="5" discard="1" dealt="1" sum="40"/>
<action no="12" player="Tiuualex" type="0" discard="1" dealt="1" sum="0"/>
</round>
</game>
<game gamecode="6569704332"><general>
<startdate>2025-12-24 16:27:06</startdate>
<round>1</round>
<failsafecounter/>
<players><player seat="6" name="KOPKHUNKRAP" chips="490" dealer="0" win="490" bet="490" muck="0" rebuy="0" addon="0" merge="0" rebuychips="0" reg_code="5083201863"/>
<player seat="10" name="Tiuualex" chips="458" dealer="1" win="0" bet="0" muck="1" rebuy="0" addon="0" merge="0" rebuychips="0" reg_code="5083201921"/>
<player seat="3" name="iiioooo" chips="552" dealer="0" win="490" bet="552" muck="0" rebuy="0" addon="0" merge="0" rebuychips="0" reg_code="5083201832"/>
</players>
</general>
<round no="0"><action no="1" player="iiioooo" type="1" discard="1" dealt="1" sum="10"/>
<action no="2" player="KOPKHUNKRAP" type="2" sum="20"/>
</round>
<round no="1"><cards type="Pocket" player="KOPKHUNKRAP">SA H6</cards>
<cards type="Pocket" player="iiioooo">D6 DA</cards>
<cards type="Pocket" player="Tiuualex">X X</cards>
<action no="3" player="Tiuualex" type="0" discard="1" dealt="1" sum="0"/>
<action no="4" player="iiioooo" type="3" discard="1" dealt="1" sum="10"/>
<action no="5" player="KOPKHUNKRAP" type="23" sum="60"/>
<action no="6" player="iiioooo" type="3" discard="1" dealt="1" sum="40"/>
</round>
<round no="2"><cards type="Flop">C8 H2 CA</cards>
<action no="7" player="iiioooo" type="4" discard="1" dealt="1" sum="0"/>
<action no="8" player="KOPKHUNKRAP" type="5" sum="60"/>
<action no="9" player="iiioooo" type="23" discard="1" dealt="1" sum="492"/>
<action no="10" player="KOPKHUNKRAP" type="7" sum="370"/>
</round>
<round no="3"><cards type="Turn">D4</cards>
</round>
<round no="4"><cards type="River">C5</cards>
</round>
</game>
<game gamecode="6569708470"><general>
<startdate>2025-12-24 16:27:35</startdate>
<round>1</round>
<failsafecounter/>
<players><player seat="10" name="Tiuualex" chips="458" dealer="0" win="0" bet="35" muck="1" rebuy="0" addon="0" merge="0" rebuychips="0" reg_code="5083201921"/>
<player seat="3" name="iiioooo" chips="552" dealer="1" win="0" bet="35" muck="1" rebuy="0" addon="0" merge="0" rebuychips="0" reg_code="5083201832"/>
<player seat="6" name="KOPKHUNKRAP" chips="490" dealer="0" win="105" bet="490" muck="1" rebuy="0" addon="0" merge="0" rebuychips="0" reg_code="5083201863"/>
</players>
</general>
<round no="0"><action no="1" player="KOPKHUNKRAP" type="15" sum="5"/>
<action no="2" player="Tiuualex" type="15" discard="1" dealt="1" sum="5"/>
<action no="3" player="iiioooo" type="15" discard="1" dealt="1" sum="5"/>
<action no="4" player="KOPKHUNKRAP" type="1" sum="15"/>
<action no="5" player="Tiuualex" type="2" discard="1" dealt="1" sum="30"/>
</round>
<round no="1"><cards type="Pocket" player="KOPKHUNKRAP">SQ CA</cards>
<cards type="Pocket" player="iiioooo">X X</cards>
<cards type="Pocket" player="Tiuualex">X X</cards>
<action no="6" player="iiioooo" type="3" discard="1" dealt="1" sum="30"/>
<action no="7" player="KOPKHUNKRAP" type="23" sum="485"/>
<action no="8" player="Tiuualex" type="0" discard="1" dealt="1" sum="0"/>
<action no="9" player="iiioooo" type="0" discard="1" dealt="1" sum="0"/>
</round>
</game>
<game gamecode="6569708553"><general>
<startdate>2025-12-24 16:27:48</startdate>
<round>1</round>
<failsafecounter/>
<players><player seat="3" name="iiioooo" chips="517" dealer="0" win="0" bet="35" muck="1" rebuy="0" addon="0" merge="0" rebuychips="0" reg_code="5083201832"/>
<player seat="6" name="KOPKHUNKRAP" chips="560" dealer="1" win="90" bet="560" muck="1" rebuy="0" addon="0" merge="0" rebuychips="0" reg_code="5083201863"/>
<player seat="10" name="Tiuualex" chips="423" dealer="0" win="0" bet="20" muck="1" rebuy="0" addon="0" merge="0" rebuychips="0" reg_code="5083201921"/>
</players>
</general>
<round no="0"><action no="1" player="Tiuualex" type="15" discard="1" dealt="1" sum="5"/>
<action no="2" player="iiioooo" type="15" discard="1" dealt="1" sum="5"/>
<action no="3" player="KOPKHUNKRAP" type="15" sum="5"/>
<action no="4" player="Tiuualex" type="1" discard="1" dealt="1" sum="15"/>
<action no="5" player="iiioooo" type="2" discard="1" dealt="1" sum="30"/>
</round>
<round no="1"><cards type="Pocket" player="KOPKHUNKRAP">DA S10</cards>
<cards type="Pocket" player="iiioooo">X X</cards>
<cards type="Pocket" player="Tiuualex">X X</cards>
<action no="6" player="KOPKHUNKRAP" type="23" sum="555"/>
<action no="7" player="Tiuualex" type="0" discard="1" dealt="1" sum="0"/>
<action no="8" player="iiioooo" type="0" discard="1" dealt="1" sum="0"/>
</round>
</game>
<game gamecode="6569708613"><general>
<startdate>2025-12-24 16:27:56</startdate>
<round>1</round>
<failsafecounter/>
<players><player seat="6" name="KOPKHUNKRAP" chips="615" dealer="0" win="969" bet="482" muck="0" rebuy="0" addon="0" merge="0" rebuychips="0" reg_code="5083201863"/>
<player seat="10" name="Tiuualex" chips="403" dealer="1" win="0" bet="5" muck="1" rebuy="0" addon="0" merge="0" rebuychips="0" reg_code="5083201921"/>
<player seat="3" name="iiioooo" chips="482" dealer="0" win="0" bet="482" muck="0" rebuy="0" addon="0" merge="0" rebuychips="0" reg_code="5083201832"/>
</players>
</general>
<round no="0"><action no="1" player="iiioooo" type="15" discard="1" dealt="1" sum="5"/>
<action no="2" player="KOPKHUNKRAP" type="15" sum="5"/>
<action no="3" player="Tiuualex" type="15" discard="1" dealt="1" sum="5"/>
<action no="4" player="iiioooo" type="1" discard="1" dealt="1" sum="15"/>
<action no="5" player="KOPKHUNKRAP" type="2" sum="30"/>
</round>
<round no="1"><cards type="Pocket" player="iiioooo">SA D5</cards>
<cards type="Pocket" player="KOPKHUNKRAP">C8 H8</cards>
<cards type="Pocket" player="Tiuualex">X X</cards>
<action no="6" player="Tiuualex" type="0" discard="1" dealt="1" sum="0"/>
<action no="7" player="iiioooo" type="23" discard="1" dealt="1" sum="477"/>
<action no="8" player="KOPKHUNKRAP" type="3" sum="447"/>
</round>
<round no="2"><cards type="Flop">SJ C10 S8</cards>
</round>
<round no="3"><cards type="Turn">C6</cards>
</round>
<round no="4"><cards type="River">C3</cards>
</round>
</game>
<game gamecode="6569708729"><general>
<startdate>2025-12-24 16:28:14</startdate>
<round>1</round>
<failsafecounter/>
<players><player seat="10" name="Tiuualex" chips="398" dealer="0" win="0" bet="35" muck="1" rebuy="0" addon="0" merge="0" rebuychips="0" reg_code="5083201921"/>
<player seat="6" name="KOPKHUNKRAP" chips="1,102" dealer="1" win="70" bet="35" muck="0" rebuy="0" addon="0" merge="0" rebuychips="0" reg_code="5083201863"/>
</players>
</general>
<round no="0"><action no="1" player="KOPKHUNKRAP" type="15" sum="5"/>
<action no="2" player="Tiuualex" type="15" discard="1" dealt="1" sum="5"/>
<action no="3" player="KOPKHUNKRAP" type="1" sum="15"/>
<action no="4" player="Tiuualex" type="2" discard="1" dealt="1" sum="30"/>
</round>
<round no="1"><cards type="Pocket" player="Tiuualex">H7 D8</cards>
<cards type="Pocket" player="KOPKHUNKRAP">S6 SK</cards>
<action no="5" player="KOPKHUNKRAP" type="3" sum="15"/>
<action no="6" player="Tiuualex" type="4" discard="1" dealt="1" sum="0"/>
</round>
<round no="2"><cards type="Flop">D3 CQ HA</cards>
<action no="7" player="Tiuualex" type="4" discard="1" dealt="1" sum="0"/>
<action no="8" player="KOPKHUNKRAP" type="4" sum="0"/>
</round>
<round no="3"><cards type="Turn">D2</cards>
<action no="9" player="Tiuualex" type="4" discard="1" dealt="1" sum="0"/>
<action no="10" player="KOPKHUNKRAP" type="4" sum="0"/>
</round>
<round no="4"><cards type="River">CJ</cards>
<action no="11" player="Tiuualex" type="4" discard="1" dealt="1" sum="0"/>
<action no="12" player="KOPKHUNKRAP" type="4" sum="0"/>
</round>
</game>
<game gamecode="6569708988"><general>
<startdate>2025-12-24 16:28:51</startdate>
<round>1</round>
<failsafecounter/>
<players><player seat="6" name="KOPKHUNKRAP" chips="1,137" dealer="0" win="40" bet="35" muck="1" rebuy="0" addon="0" merge="0" rebuychips="0" reg_code="5083201863"/>
<player seat="10" name="Tiuualex" chips="363" dealer="1" win="0" bet="20" muck="1" rebuy="0" addon="0" merge="0" rebuychips="0" reg_code="5083201921"/>
</players>
</general>
<round no="0"><action no="1" player="Tiuualex" type="15" discard="1" dealt="1" sum="5"/>
<action no="2" player="KOPKHUNKRAP" type="15" sum="5"/>
<action no="3" player="Tiuualex" type="1" discard="1" dealt="1" sum="15"/>
<action no="4" player="KOPKHUNKRAP" type="2" sum="30"/>
</round>
<round no="1"><cards type="Pocket" player="Tiuualex">X X</cards>
<cards type="Pocket" player="KOPKHUNKRAP">SJ H8</cards>
<action no="5" player="Tiuualex" type="0" discard="1" dealt="1" sum="0"/>
</round>
</game>
<game gamecode="6569709028"><general>
<startdate>2025-12-24 16:28:57</startdate>
<round>1</round>
<failsafecounter/>
<players><player seat="10" name="Tiuualex" chips="343" dealer="0" win="0" bet="343" muck="0" rebuy="0" addon="0" merge="0" rebuychips="0" reg_code="5083201921"/>
<player seat="6" name="KOPKHUNKRAP" chips="1,157" dealer="1" win="686" bet="343" muck="0" rebuy="0" addon="0" merge="0" rebuychips="0" reg_code="5083201863"/>
</players>
</general>
<round no="0"><action no="1" player="KOPKHUNKRAP" type="15" sum="5"/>
<action no="2" player="Tiuualex" type="15" discard="1" dealt="1" sum="5"/>
<action no="3" player="KOPKHUNKRAP" type="1" sum="15"/>
<action no="4" player="Tiuualex" type="2" discard="1" dealt="1" sum="30"/>
</round>
<round no="1"><cards type="Pocket" player="KOPKHUNKRAP">DA SA</cards>
<cards type="Pocket" player="Tiuualex">S5 HA</cards>
<action no="5" player="KOPKHUNKRAP" type="3" sum="15"/>
<action no="6" player="Tiuualex" type="23" discard="1" dealt="1" sum="338"/>
<action no="7" player="KOPKHUNKRAP" type="3" sum="308"/>
</round>
<round no="2"><cards type="Flop">HK CQ DQ</cards>
</round>
<round no="3"><cards type="Turn">SQ</cards>
</round>
<round no="4"><cards type="River">D3</cards>
</round>
</game>
</session>
