<?xml version="1.0" encoding="UTF-8"?>
<session sessioncode="5083906243">
<general>
<client_version>25.7.1.50</client_version>
<mode>real</mode>
<gametype>Holdem NL</gametype>
<tablename>Twister €100 SNG, 824854091</tablename>
<tournamentcode>824854090</tournamentcode>
<tournamentname>Twister €100 SNG</tournamentname>
<buyin>€0 + €7 + €93</buyin>
<totalbuyin>€100</totalbuyin>
<rewarddrawn>€200</rewarddrawn>
<tournamentcurrency>EUR</tournamentcurrency>
<currency>EUR</currency>
<nickname>KOPKHUNKRAP</nickname>
<gamecount>19</gamecount>
<startdate>2025-12-27 02:58:02</startdate>
<place>1</place>
<win>€200</win>
<tablesize>3</tablesize>
</general>
<game gamecode="6572528606"><general>
<startdate>2025-12-27 02:58:17</startdate>
<round>1</round>
<failsafecounter/>
<players><player seat="3" name="KOPKHUNKRAP" chips="500" dealer="0" win="0" bet="20" muck="1" rebuy="0" addon="0" merge="0" rebuychips="0" reg_code="5083906243"/>
<player seat="6" name="Aomanuahi" chips="500" dealer="1" win="180" bet="80" muck="0" rebuy="0" addon="0" merge="0" rebuychips="0" reg_code="5083906266"/>
<player seat="10" name="Marcocos931" chips="500" dealer="0" win="0" bet="80" muck="1" rebuy="0" addon="0" merge="0" rebuychips="0" reg_code="5083906387"/>
</players>
</general>
<round no="0"><action no="1" player="Marcocos931" type="1" discard="1" dealt="1" sum="10"/>
<action no="2" player="KOPKHUNKRAP" type="2" sum="20"/>
</round>
<round no="1"><cards type="Pocket" player="Aomanuahi">D10 SJ</cards>
<cards type="Pocket" player="Marcocos931">HA C4</cards>
<cards type="Pocket" player="KOPKHUNKRAP">H4 S10</cards>
<action no="3" player="Aomanuahi" type="23" discard="1" dealt="1" sum="40"/>
<action no="4" player="Marcocos931" type="3" discard="1" dealt="1" sum="30"/>
<action no="5" player="KOPKHUNKRAP" type="0" sum="0"/>
</round>
<round no="2"><cards type="Flop">H10 H7 D8</cards>
<action no="6" player="Marcocos931" type="4" discard="1" dealt="1" sum="0"/>
<action no="7" player="Aomanuahi" type="5" discard="1" dealt="1" sum="40"/>
<action no="8" player="Marcocos931" type="3" discard="1" dealt="1" sum="40"/>
</round>
<round no="3"><cards type="Turn">H8</cards>
<action no="9" player="Marcocos931" type="4" discard="1" dealt="1" sum="0"/>
<action no="10" player="Aomanuahi" type="4" discard="1" dealt="1" sum="0"/>
</round>
<round no="4"><cards type="River">C5</cards>
<action no="11" player="Marcocos931" type="4" discard="1" dealt="1" sum="0"/>
<action no="12" player="Aomanuahi" type="4" discard="1" dealt="1" sum="0"/>
</round>
</game>
<game gamecode="6572528645"><general>
<startdate>2025-12-27 02:58:51</startdate>
<round>1</round>
<failsafecounter/>
<players><player seat="6" name="Aomanuahi" chips="600" dealer="0" win="180" bet="135" muck="1" rebuy="0" addon="0" merge="0" rebuychips="0" reg_code="5083906266"/>
<player seat="10" name="Marcocos931" chips="420" dealer="1" win="0" bet="85" muck="1" rebuy="0" addon="0" merge="0" rebuychips="0" reg_code="5083906387"/>
<player seat="3" name="KOPKHUNKRAP" chips="480" dealer="0" win="0" bet="10" muck="1" rebuy="0" addon="0" merge="0" rebuychips="0" reg_code="5083906243"/>
</players>
</general>
<round no="0"><action no="1" player="KOPKHUNKRAP" type="1" sum="10"/>
<action no="2" player="Aomanuahi" type="2" discard="1" dealt="1" sum="20"/>
</round>
<round no="1"><cards type="Pocket" player="Aomanuahi">X X</cards>
<cards type="Pocket" player="KOPKHUNKRAP">H9 H2</cards>
<cards type="Pocket" player="Marcocos931">X X</cards>
<action no="3" player="Marcocos931" type="23" discard="1" dealt="1" sum="40"/>
<action no="4" player="KOPKHUNKRAP" type="0" sum="0"/>
<action no="5" player="Aomanuahi" type="3" discard="1" dealt="1" sum="20"/>
</round>
<round no="2"><cards type="Flop">H4 SA CA</cards>
<action no="6" player="Aomanuahi" type="4" discard="1" dealt="1" sum="0"/>
<action no="7" player="Marcocos931" type="5" discard="1" dealt="1" sum="45"/>
<action no="8" player="Aomanuahi" type="23" discard="1" dealt="1" sum="95"/>
<action no="9" player="Marcocos931" type="0" discard="1" dealt="1" sum="0"/>
</round>
</game>
<game gamecode="6572528675"><general>
<startdate>2025-12-27 02:59:18</startdate>
<round>1</round>
<failsafecounter/>
<players><player seat="10" name="Marcocos931" chips="335" dealer="0" win="0" bet="80" muck="1" rebuy="0" addon="0" merge="0" rebuychips="0" reg_code="5083906387"/>
<player seat="3" name="KOPKHUNKRAP" chips="470" dealer="1" win="170" bet="470" muck="1" rebuy="0" addon="0" merge="0" rebuychips="0" reg_code="5083906243"/>
<player seat="6" name="Aomanuahi" chips="695" dealer="0" win="0" bet="10" muck="1" rebuy="0" addon="0" merge="0" rebuychips="0" reg_code="5083906266"/>
</players>
</general>
<round no="0"><action no="1" player="Aomanuahi" type="1" discard="1" dealt="1" sum="10"/>
<action no="2" player="Marcocos931" type="2" discard="1" dealt="1" sum="20"/>
</round>
<round no="1"><cards type="Pocket" player="Aomanuahi">X X</cards>
<cards type="Pocket" player="KOPKHUNKRAP">HJ SQ</cards>
<cards type="Pocket" player="Marcocos931">X X</cards>
<action no="3" player="KOPKHUNKRAP" type="23" sum="40"/>
<action no="4" player="Aomanuahi" type="0" discard="1" dealt="1" sum="0"/>
<action no="5" player="Marcocos931" type="23" discard="1" dealt="1" sum="80"/>
<action no="6" player="KOPKHUNKRAP" type="3" sum="40"/>
</round>
<round no="2"><cards type="Flop">DQ D6 D10</cards>
<action no="7" player="Marcocos931" type="4" discard="1" dealt="1" sum="0"/>
<action no="8" player="KOPKHUNKRAP" type="5" sum="390"/>
<action no="9" player="Marcocos931" type="0" discard="1" dealt="1" sum="0"/>
</round>
</game>
<game gamecode="6572528710"><general>
<startdate>2025-12-27 02:59:48</startdate>
<round>1</round>
<failsafecounter/>
<players><player seat="3" name="KOPKHUNKRAP" chips="560" dealer="0" win="0" bet="20" muck="1" rebuy="0" addon="0" merge="0" rebuychips="0" reg_code="5083906243"/>
<player seat="6" name="Aomanuahi" chips="685" dealer="1" win="50" bet="40" muck="1" rebuy="0" addon="0" merge="0" rebuychips="0" reg_code="5083906266"/>
<player seat="10" name="Marcocos931" chips="255" dealer="0" win="0" bet="10" muck="1" rebuy="0" addon="0" merge="0" rebuychips="0" reg_code="5083906387"/>
</players>
</general>
<round no="0"><action no="1" player="Marcocos931" type="1" discard="1" dealt="1" sum="10"/>
<action no="2" player="KOPKHUNKRAP" type="2" sum="20"/>
</round>
<round no="1"><cards type="Pocket" player="KOPKHUNKRAP">D2 C3</cards>
<cards type="Pocket" player="Aomanuahi">X X</cards>
<cards type="Pocket" player="Marcocos931">X X</cards>
<action no="3" player="Aomanuahi" type="23" discard="1" dealt="1" sum="40"/>
<action no="4" player="Marcocos931" type="0" discard="1" dealt="1" sum="0"/>
<action no="5" player="KOPKHUNKRAP" type="0" sum="0"/>
</round>
</game>
<game gamecode="6572528729"><general>
<startdate>2025-12-27 03:00:04</startdate>
<round>1</round>
<failsafecounter/>
<players><player seat="6" name="Aomanuahi" chips="715" dealer="0" win="150" bet="155" muck="1" rebuy="0" addon="0" merge="0" rebuychips="0" reg_code="5083906266"/>
<player seat="10" name="Marcocos931" chips="245" dealer="1" win="0" bet="65" muck="1" rebuy="0" addon="0" merge="0" rebuychips="0" reg_code="5083906387"/>
<player seat="3" name="KOPKHUNKRAP" chips="540" dealer="0" win="0" bet="20" muck="1" rebuy="0" addon="0" merge="0" rebuychips="0" reg_code="5083906243"/>
</players>
</general>
<round no="0"><action no="1" player="KOPKHUNKRAP" type="15" sum="5"/>
<action no="2" player="Aomanuahi" type="15" discard="1" dealt="1" sum="5"/>
<action no="3" player="Marcocos931" type="15" discard="1" dealt="1" sum="5"/>
<action no="4" player="KOPKHUNKRAP" type="1" sum="15"/>
<action no="5" player="Aomanuahi" type="2" discard="1" dealt="1" sum="30"/>
</round>
<round no="1"><cards type="Pocket" player="Aomanuahi">X X</cards>
<cards type="Pocket" player="KOPKHUNKRAP">H9 C2</cards>
<cards type="Pocket" player="Marcocos931">X X</cards>
<action no="6" player="Marcocos931" type="23" discard="1" dealt="1" sum="60"/>
<action no="7" player="KOPKHUNKRAP" type="0" sum="0"/>
<action no="8" player="Aomanuahi" type="3" discard="1" dealt="1" sum="30"/>
</round>
<round no="2"><cards type="Flop">DA D6 CA</cards>
<action no="9" player="Aomanuahi" type="4" discard="1" dealt="1" sum="0"/>
<action no="10" player="Marcocos931" type="4" discard="1" dealt="1" sum="0"/>
</round>
<round no="3"><cards type="Turn">DK</cards>
<action no="11" player="Aomanuahi" type="4" discard="1" dealt="1" sum="0"/>
<action no="12" player="Marcocos931" type="4" discard="1" dealt="1" sum="0"/>
</round>
<round no="4"><cards type="River">C7</cards>
<action no="13" player="Aomanuahi" type="5" discard="1" dealt="1" sum="90"/>
<action no="14" player="Marcocos931" type="0" discard="1" dealt="1" sum="0"/>
</round>
</game>
<game gamecode="6572528775"><general>
<startdate>2025-12-27 03:00:35</startdate>
<round>1</round>
<failsafecounter/>
<players><player seat="10" name="Marcocos931" chips="180" dealer="0" win="45" bet="35" muck="1" rebuy="0" addon="0" merge="0" rebuychips="0" reg_code="5083906387"/>
<player seat="3" name="KOPKHUNKRAP" chips="520" dealer="1" win="0" bet="5" muck="1" rebuy="0" addon="0" merge="0" rebuychips="0" reg_code="5083906243"/>
<player seat="6" name="Aomanuahi" chips="800" dealer="0" win="0" bet="20" muck="1" rebuy="0" addon="0" merge="0" rebuychips="0" reg_code="5083906266"/>
</players>
</general>
<round no="0"><action no="1" player="Aomanuahi" type="15" discard="1" dealt="1" sum="5"/>
<action no="2" player="Marcocos931" type="15" discard="1" dealt="1" sum="5"/>
<action no="3" player="KOPKHUNKRAP" type="15" sum="5"/>
<action no="4" player="Aomanuahi" type="1" discard="1" dealt="1" sum="15"/>
<action no="5" player="Marcocos931" type="2" discard="1" dealt="1" sum="30"/>
</round>
<round no="1"><cards type="Pocket" player="KOPKHUNKRAP">H7 CJ</cards>
<cards type="Pocket" player="Marcocos931">X X</cards>
<cards type="Pocket" player="Aomanuahi">X X</cards>
<action no="6" player="KOPKHUNKRAP" type="0" sum="0"/>
<action no="7" player="Aomanuahi" type="0" discard="1" dealt="1" sum="0"/>
</round>
</game>
<game gamecode="6572528796"><general>
<startdate>2025-12-27 03:00:50</startdate>
<round>1</round>
<failsafecounter/>
<players><player seat="3" name="KOPKHUNKRAP" chips="515" dealer="0" win="45" bet="35" muck="1" rebuy="0" addon="0" merge="0" rebuychips="0" reg_code="5083906243"/>
<player seat="6" name="Aomanuahi" chips="780" dealer="1" win="0" bet="5" muck="1" rebuy="0" addon="0" merge="0" rebuychips="0" reg_code="5083906266"/>
<player seat="10" name="Marcocos931" chips="205" dealer="0" win="0" bet="20" muck="1" rebuy="0" addon="0" merge="0" rebuychips="0" reg_code="5083906387"/>
</players>
</general>
<round no="0"><action no="1" player="Marcocos931" type="15" discard="1" dealt="1" sum="5"/>
<action no="2" player="KOPKHUNKRAP" type="15" sum="5"/>
<action no="3" player="Aomanuahi" type="15" discard="1" dealt="1" sum="5"/>
<action no="4" player="Marcocos931" type="1" discard="1" dealt="1" sum="15"/>
<action no="5" player="KOPKHUNKRAP" type="2" sum="30"/>
</round>
<round no="1"><cards type="Pocket" player="KOPKHUNKRAP">D4 H7</cards>
<cards type="Pocket" player="Aomanuahi">X X</cards>
<cards type="Pocket" player="Marcocos931">X X</cards>
<action no="6" player="Aomanuahi" type="0" discard="1" dealt="1" sum="0"/>
<action no="7" player="Marcocos931" type="0" discard="1" dealt="1" sum="0"/>
</round>
</game>
<game gamecode="6572532716"><general>
<startdate>2025-12-27 03:00:59</startdate>
<round>1</round>
<failsafecounter/>
<players><player seat="6" name="Aomanuahi" chips="775" dealer="0" win="45" bet="35" muck="1" rebuy="0" addon="0" merge="0" rebuychips="0" reg_code="5083906266"/>
<player seat="10" name="Marcocos931" chips="185" dealer="1" win="0" bet="5" muck="1" rebuy="0" addon="0" merge="0" rebuychips="0" reg_code="5083906387"/>
<player seat="3" name="KOPKHUNKRAP" chips="540" dealer="0" win="0" bet="20" muck="1" rebuy="0" addon="0" merge="0" rebuychips="0" reg_code="5083906243"/>
</players>
</general>
<round no="0"><action no="1" player="KOPKHUNKRAP" type="15" sum="5"/>
<action no="2" player="Aomanuahi" type="15" discard="1" dealt="1" sum="5"/>
<action no="3" player="Marcocos931" type="15" discard="1" dealt="1" sum="5"/>
<action no="4" player="KOPKHUNKRAP" type="1" sum="15"/>
<action no="5" player="Aomanuahi" type="2" discard="1" dealt="1" sum="30"/>
</round>
<round no="1"><cards type="Pocket" player="Marcocos931">X X</cards>
<cards type="Pocket" player="KOPKHUNKRAP">S6 D2</cards>
<cards type="Pocket" player="Aomanuahi">X X</cards>
<action no="6" player="Marcocos931" type="0" discard="1" dealt="1" sum="0"/>
<action no="7" player="KOPKHUNKRAP" type="0" sum="0"/>
</round>
</game>
<game gamecode="6572532727"><general>
<startdate>2025-12-27 03:01:08</startdate>
<round>1</round>
<failsafecounter/>
<players><player seat="10" name="Marcocos931" chips="180" dealer="0" win="0" bet="35" muck="1" rebuy="0" addon="0" merge="0" rebuychips="0" reg_code="5083906387"/>
<player seat="3" name="KOPKHUNKRAP" chips="520" dealer="1" win="0" bet="5" muck="1" rebuy="0" addon="0" merge="0" rebuychips="0" reg_code="5083906243"/>
<player seat="6" name="Aomanuahi" chips="800" dealer="0" win="75" bet="800" muck="1" rebuy="0" addon="0" merge="0" rebuychips="0" reg_code="5083906266"/>
</players>
</general>
<round no="0"><action no="1" player="Aomanuahi" type="15" discard="1" dealt="1" sum="5"/>
<action no="2" player="Marcocos931" type="15" discard="1" dealt="1" sum="5"/>
<action no="3" player="KOPKHUNKRAP" type="15" sum="5"/>
<action no="4" player="Aomanuahi" type="1" discard="1" dealt="1" sum="15"/>
<action no="5" player="Marcocos931" type="2" discard="1" dealt="1" sum="30"/>
</round>
<round no="1"><cards type="Pocket" player="Aomanuahi">X X</cards>
<cards type="Pocket" player="Marcocos931">X X</cards>
<cards type="Pocket" player="KOPKHUNKRAP">C4 C3</cards>
<action no="6" player="KOPKHUNKRAP" type="0" sum="0"/>
<action no="7" player="Aomanuahi" type="23" discard="1" dealt="1" sum="795"/>
<action no="8" player="Marcocos931" type="0" discard="1" dealt="1" sum="0"/>
</round>
</game>
<game gamecode="6572532750"><general>
<startdate>2025-12-27 03:01:22</startdate>
<round>1</round>
<failsafecounter/>
<players><player seat="3" name="KOPKHUNKRAP" chips="515" dealer="0" win="295" bet="515" muck="0" rebuy="0" addon="0" merge="0" rebuychips="0" reg_code="5083906243"/>
<player seat="6" name="Aomanuahi" chips="840" dealer="1" win="0" bet="5" muck="1" rebuy="0" addon="0" merge="0" rebuychips="0" reg_code="5083906266"/>
<player seat="10" name="Marcocos931" chips="145" dealer="0" win="0" bet="145" muck="1" rebuy="0" addon="0" merge="0" rebuychips="0" reg_code="5083906387"/>
</players>
</general>
<round no="0"><action no="1" player="Marcocos931" type="15" discard="1" dealt="1" sum="5"/>
<action no="2" player="KOPKHUNKRAP" type="15" sum="5"/>
<action no="3" player="Aomanuahi" type="15" discard="1" dealt="1" sum="5"/>
<action no="4" player="Marcocos931" type="1" discard="1" dealt="1" sum="15"/>
<action no="5" player="KOPKHUNKRAP" type="2" sum="30"/>
</round>
<round no="1"><cards type="Pocket" player="KOPKHUNKRAP">S4 D2</cards>
<cards type="Pocket" player="Marcocos931">D6 H7</cards>
<cards type="Pocket" player="Aomanuahi">X X</cards>
<action no="6" player="Aomanuahi" type="0" discard="1" dealt="1" sum="0"/>
<action no="7" player="Marcocos931" type="3" discard="1" dealt="1" sum="15"/>
<action no="8" player="KOPKHUNKRAP" type="4" sum="0"/>
</round>
<round no="2"><cards type="Flop">D9 S10 D4</cards>
<action no="9" player="Marcocos931" type="4" discard="1" dealt="1" sum="0"/>
<action no="10" player="KOPKHUNKRAP" type="5" sum="480"/>
<action no="11" player="Marcocos931" type="7" discard="1" dealt="1" sum="110"/>
</round>
<round no="3"><cards type="Turn">C2</cards>
</round>
<round no="4"><cards type="River">SQ</cards>
</round>
</game>
<game gamecode="6572532802"><general>
<startdate>2025-12-27 03:01:56</startdate>
<round>1</round>
<failsafecounter/>
<players><player seat="6" name="Aomanuahi" chips="835" dealer="0" win="90" bet="45" muck="0" rebuy="0" addon="0" merge="0" rebuychips="0" reg_code="5083906266"/>
<player seat="3" name="KOPKHUNKRAP" chips="665" dealer="1" win="0" bet="45" muck="1" rebuy="0" addon="0" merge="0" rebuychips="0" reg_code="5083906243"/>
</players>
</general>
<round no="0"><action no="1" player="KOPKHUNKRAP" type="15" sum="5"/>
<action no="2" player="Aomanuahi" type="15" discard="1" dealt="1" sum="5"/>
<action no="3" player="KOPKHUNKRAP" type="1" sum="20"/>
<action no="4" player="Aomanuahi" type="2" discard="1" dealt="1" sum="40"/>
</round>
<round no="1"><cards type="Pocket" player="Aomanuahi">C2 C3</cards>
<cards type="Pocket" player="KOPKHUNKRAP">HA S9</cards>
<action no="5" player="KOPKHUNKRAP" type="3" sum="20"/>
<action no="6" player="Aomanuahi" type="4" discard="1" dealt="1" sum="0"/>
</round>
<round no="2"><cards type="Flop">H6 D5 C5</cards>
<action no="7" player="Aomanuahi" type="4" discard="1" dealt="1" sum="0"/>
<action no="8" player="KOPKHUNKRAP" type="4" sum="0"/>
</round>
<round no="3"><cards type="Turn">HQ</cards>
<action no="9" player="Aomanuahi" type="4" discard="1" dealt="1" sum="0"/>
<action no="10" player="KOPKHUNKRAP" type="4" sum="0"/>
</round>
<round no="4"><cards type="River">H3</cards>
<action no="11" player="Aomanuahi" type="4" discard="1" dealt="1" sum="0"/>
<action no="12" player="KOPKHUNKRAP" type="4" sum="0"/>
</round>
</game>
<game gamecode="6572532842"><general>
<startdate>2025-12-27 03:02:29</startdate>
<round>1</round>
<failsafecounter/>
<players><player seat="3" name="KOPKHUNKRAP" chips="620" dealer="0" win="0" bet="45" muck="1" rebuy="0" addon="0" merge="0" rebuychips="0" reg_code="5083906243"/>
<player seat="6" name="Aomanuahi" chips="880" dealer="1" win="90" bet="85" muck="1" rebuy="0" addon="0" merge="0" rebuychips="0" reg_code="5083906266"/>
</players>
</general>
<round no="0"><action no="1" player="Aomanuahi" type="15" discard="1" dealt="1" sum="5"/>
<action no="2" player="KOPKHUNKRAP" type="15" sum="5"/>
<action no="3" player="Aomanuahi" type="1" discard="1" dealt="1" sum="20"/>
<action no="4" player="KOPKHUNKRAP" type="2" sum="40"/>
</round>
<round no="1"><cards type="Pocket" player="Aomanuahi">X X</cards>
<cards type="Pocket" player="KOPKHUNKRAP">S2 D3</cards>
<action no="5" player="Aomanuahi" type="3" discard="1" dealt="1" sum="20"/>
<action no="6" player="KOPKHUNKRAP" type="4" sum="0"/>
</round>
<round no="2"><cards type="Flop">D9 C9 S5</cards>
<action no="7" player="KOPKHUNKRAP" type="4" sum="0"/>
<action no="8" player="Aomanuahi" type="5" discard="1" dealt="1" sum="40"/>
<action no="9" player="KOPKHUNKRAP" type="0" sum="0"/>
</round>
</game>
<game gamecode="6572532863"><general>
<startdate>2025-12-27 03:02:43</startdate>
<round>1</round>
<failsafecounter/>
<players><player seat="6" name="Aomanuahi" chips="925" dealer="0" win="90" bet="925" muck="1" rebuy="0" addon="0" merge="0" rebuychips="0" reg_code="5083906266"/>
<player seat="3" name="KOPKHUNKRAP" chips="575" dealer="1" win="0" bet="45" muck="1" rebuy="0" addon="0" merge="0" rebuychips="0" reg_code="5083906243"/>
</players>
</general>
<round no="0"><action no="1" player="KOPKHUNKRAP" type="15" sum="5"/>
<action no="2" player="Aomanuahi" type="15" discard="1" dealt="1" sum="5"/>
<action no="3" player="KOPKHUNKRAP" type="1" sum="20"/>
<action no="4" player="Aomanuahi" type="2" discard="1" dealt="1" sum="40"/>
</round>
<round no="1"><cards type="Pocket" player="KOPKHUNKRAP">SQ C3</cards>
<cards type="Pocket" player="Aomanuahi">X X</cards>
<action no="5" player="KOPKHUNKRAP" type="3" sum="20"/>
<action no="6" player="Aomanuahi" type="23" discard="1" dealt="1" sum="920"/>
<action no="7" player="KOPKHUNKRAP" type="0" sum="0"/>
</round>
</game>
<game gamecode="6572532890"><general>
<startdate>2025-12-27 03:02:59</startdate>
<round>1</round>
<failsafecounter/>
<players><player seat="3" name="KOPKHUNKRAP" chips="530" dealer="0" win="0" bet="45" muck="1" rebuy="0" addon="0" merge="0" rebuychips="0" reg_code="5083906243"/>
<player seat="6" name="Aomanuahi" chips="970" dealer="1" win="90" bet="105" muck="1" rebuy="0" addon="0" merge="0" rebuychips="0" reg_code="5083906266"/>
</players>
</general>
<round no="0"><action no="1" player="Aomanuahi" type="15" discard="1" dealt="1" sum="5"/>
<action no="2" player="KOPKHUNKRAP" type="15" sum="5"/>
<action no="3" player="Aomanuahi" type="1" discard="1" dealt="1" sum="20"/>
<action no="4" player="KOPKHUNKRAP" type="2" sum="40"/>
</round>
<round no="1"><cards type="Pocket" player="Aomanuahi">X X</cards>
<cards type="Pocket" player="KOPKHUNKRAP">CQ H6</cards>
<action no="5" player="Aomanuahi" type="3" discard="1" dealt="1" sum="20"/>
<action no="6" player="KOPKHUNKRAP" type="4" sum="0"/>
</round>
<round no="2"><cards type="Flop">S4 S8 C3</cards>
<action no="7" player="KOPKHUNKRAP" type="4" sum="0"/>
<action no="8" player="Aomanuahi" type="5" discard="1" dealt="1" sum="60"/>
<action no="9" player="KOPKHUNKRAP" type="0" sum="0"/>
</round>
</game>
<game gamecode="6572532940"><general>
<startdate>2025-12-27 03:03:32</startdate>
<round>1</round>
<failsafecounter/>
<players><player seat="6" name="Aomanuahi" chips="1,015" dealer="0" win="0" bet="485" muck="1" rebuy="0" addon="0" merge="0" rebuychips="0" reg_code="5083906266"/>
<player seat="3" name="KOPKHUNKRAP" chips="485" dealer="1" win="970" bet="485" muck="0" rebuy="0" addon="0" merge="0" rebuychips="0" reg_code="5083906243"/>
</players>
</general>
<round no="0"><action no="1" player="KOPKHUNKRAP" type="15" sum="5"/>
<action no="2" player="Aomanuahi" type="15" discard="1" dealt="1" sum="5"/>
<action no="3" player="KOPKHUNKRAP" type="1" sum="30"/>
<action no="4" player="Aomanuahi" type="2" discard="1" dealt="1" sum="60"/>
</round>
<round no="1"><cards type="Pocket" player="KOPKHUNKRAP">CK S8</cards>
<cards type="Pocket" player="Aomanuahi">C4 CA</cards>
<action no="5" player="KOPKHUNKRAP" type="23" sum="480"/>
<action no="6" player="Aomanuahi" type="3" discard="1" dealt="1" sum="420"/>
</round>
<round no="2"><cards type="Flop">H4 H6 C2</cards>
</round>
<round no="3"><cards type="Turn">C5</cards>
</round>
<round no="4"><cards type="River">SK</cards>
</round>
</game>
<game gamecode="6572532975"><general>
<startdate>2025-12-27 03:03:55</startdate>
<round>1</round>
<failsafecounter/>
<players><player seat="3" name="KOPKHUNKRAP" chips="970" dealer="0" win="0" bet="65" muck="1" rebuy="0" addon="0" merge="0" rebuychips="0" reg_code="5083906243"/>
<player seat="6" name="Aomanuahi" chips="530" dealer="1" win="130" bet="530" muck="1" rebuy="0" addon="0" merge="0" rebuychips="0" reg_code="5083906266"/>
</players>
</general>
<round no="0"><action no="1" player="Aomanuahi" type="15" discard="1" dealt="1" sum="5"/>
<action no="2" player="KOPKHUNKRAP" type="15" sum="5"/>
<action no="3" player="Aomanuahi" type="1" discard="1" dealt="1" sum="30"/>
<action no="4" player="KOPKHUNKRAP" type="2" sum="60"/>
</round>
<round no="1"><cards type="Pocket" player="Aomanuahi">X X</cards>
<cards type="Pocket" player="KOPKHUNKRAP">S10 D6</cards>
<action no="5" player="Aomanuahi" type="23" discard="1" dealt="1" sum="525"/>
<action no="6" player="KOPKHUNKRAP" type="0" sum="0"/>
</round>
</game>
<game gamecode="6572532987"><general>
<startdate>2025-12-27 03:04:04</startdate>
<round>1</round>
<failsafecounter/>
<players><player seat="6" name="Aomanuahi" chips="595" dealer="0" win="130" bet="125" muck="1" rebuy="0" addon="0" merge="0" rebuychips="0" reg_code="5083906266"/>
<player seat="3" name="KOPKHUNKRAP" chips="905" dealer="1" win="0" bet="65" muck="1" rebuy="0" addon="0" merge="0" rebuychips="0" reg_code="5083906243"/>
</players>
</general>
<round no="0"><action no="1" player="KOPKHUNKRAP" type="15" sum="5"/>
<action no="2" player="Aomanuahi" type="15" discard="1" dealt="1" sum="5"/>
<action no="3" player="KOPKHUNKRAP" type="1" sum="30"/>
<action no="4" player="Aomanuahi" type="2" discard="1" dealt="1" sum="60"/>
</round>
<round no="1"><cards type="Pocket" player="KOPKHUNKRAP">C10 CJ</cards>
<cards type="Pocket" player="Aomanuahi">X X</cards>
<action no="5" player="KOPKHUNKRAP" type="3" sum="30"/>
<action no="6" player="Aomanuahi" type="4" discard="1" dealt="1" sum="0"/>
</round>
<round no="2"><cards type="Flop">SA H8 HA</cards>
<action no="7" player="Aomanuahi" type="4" discard="1" dealt="1" sum="0"/>
<action no="8" player="KOPKHUNKRAP" type="4" sum="0"/>
</round>
<round no="3"><cards type="Turn">H4</cards>
<action no="9" player="Aomanuahi" type="5" discard="1" dealt="1" sum="60"/>
<action no="10" player="KOPKHUNKRAP" type="0" sum="0"/>
</round>
</game>
<game gamecode="6572533034"><general>
<startdate>2025-12-27 03:04:36</startdate>
<round>1</round>
<failsafecounter/>
<players><player seat="3" name="KOPKHUNKRAP" chips="840" dealer="0" win="660" bet="660" muck="0" rebuy="0" addon="0" merge="0" rebuychips="0" reg_code="5083906243"/>
<player seat="6" name="Aomanuahi" chips="660" dealer="1" win="660" bet="660" muck="0" rebuy="0" addon="0" merge="0" rebuychips="0" reg_code="5083906266"/>
</players>
</general>
<round no="0"><action no="1" player="Aomanuahi" type="15" discard="1" dealt="1" sum="5"/>
<action no="2" player="KOPKHUNKRAP" type="15" sum="5"/>
<action no="3" player="Aomanuahi" type="1" discard="1" dealt="1" sum="30"/>
<action no="4" player="KOPKHUNKRAP" type="2" sum="60"/>
</round>
<round no="1"><cards type="Pocket" player="KOPKHUNKRAP">SQ SJ</cards>
<cards type="Pocket" player="Aomanuahi">HQ C7</cards>
<action no="5" player="Aomanuahi" type="3" discard="1" dealt="1" sum="30"/>
<action no="6" player="KOPKHUNKRAP" type="23" sum="150"/>
<action no="7" player="Aomanuahi" type="3" discard="1" dealt="1" sum="90"/>
</round>
<round no="2"><cards type="Flop">CK S6 DQ</cards>
<action no="8" player="KOPKHUNKRAP" type="5" sum="90"/>
<action no="9" player="Aomanuahi" type="3" discard="1" dealt="1" sum="90"/>
</round>
<round no="3"><cards type="Turn">H10</cards>
<action no="10" player="KOPKHUNKRAP" type="5" sum="180"/>
<action no="11" player="Aomanuahi" type="23" discard="1" dealt="1" sum="415"/>
<action no="12" player="KOPKHUNKRAP" type="3" sum="235"/>
</round>
<round no="4"><cards type="River">D10</cards>
</round>
</game>
<game gamecode="6572533107"><general>
<startdate>2025-12-27 03:05:21</startdate>
<round>1</round>
<failsafecounter/>
<players><player seat="6" name="Aomanuahi" chips="660" dealer="0" win="0" bet="660" muck="1" rebuy="0" addon="0" merge="0" rebuychips="0" reg_code="5083906266"/>
<player seat="3" name="KOPKHUNKRAP" chips="840" dealer="1" win="1,320" bet="840" muck="0" rebuy="0" addon="0" merge="0" rebuychips="0" reg_code="5083906243"/>
</players>
</general>
<round no="0"><action no="1" player="KOPKHUNKRAP" type="15" sum="8"/>
<action no="2" player="Aomanuahi" type="15" discard="1" dealt="1" sum="8"/>
<action no="3" player="KOPKHUNKRAP" type="1" sum="40"/>
<action no="4" player="Aomanuahi" type="2" discard="1" dealt="1" sum="80"/>
</round>
<round no="1"><cards type="Pocket" player="Aomanuahi">CQ S9</cards>
<cards type="Pocket" player="KOPKHUNKRAP">C10 H10</cards>
<action no="5" player="KOPKHUNKRAP" type="3" sum="40"/>
<action no="6" player="Aomanuahi" type="23" discard="1" dealt="1" sum="280"/>
<action no="7" player="KOPKHUNKRAP" type="23" sum="832"/>
<action no="8" player="Aomanuahi" type="7" discard="1" dealt="1" sum="372"/>
</round>
<round no="2"><cards type="Flop">HA H6 D10</cards>
</round>
<round no="3"><cards type="Turn">D7</cards>
</round>
<round no="4"><cards type="River">S5</cards>
</round>
</game>
</session>
