<?xml version="1.0" encoding="UTF-8"?>
<session sessioncode="5083624532">
<general>
<client_version>25.7.1.50</client_version>
<mode>real</mode>
<gametype>Holdem NL</gametype>
<tablename>Twister €100 SNG, 824768522</tablename>
<tournamentcode>824768519</tournamentcode>
<tournamentname>Twister €100 SNG</tournamentname>
<buyin>€0 + €7 + €93</buyin>
<totalbuyin>€100</totalbuyin>
<rewarddrawn>€200</rewarddrawn>
<tournamentcurrency>EUR</tournamentcurrency>
<currency>EUR</currency>
<nickname>KOPKHUNKRAP</nickname>
<gamecount>11</gamecount>
<startdate>2025-12-26 04:53:19</startdate>
<place>1</place>
<win>€200</win>
<tablesize>3</tablesize>
</general>
<game gamecode="6571381569"><general>
<startdate>2025-12-26 04:53:35</startdate>
<round>1</round>
<failsafecounter/>
<players><player seat="6" name="Behemot17" chips="500" dealer="0" win="0" bet="100" muck="1" rebuy="0" addon="0" merge="0" rebuychips="0" reg_code="5083624327"/>
<player seat="10" name="KOPKHUNKRAP" chips="500" dealer="1" win="0" bet="0" muck="1" rebuy="0" addon="0" merge="0" rebuychips="0" reg_code="5083624532"/>
<player seat="3" name="hahah1123" chips="500" dealer="0" win="200" bet="100" muck="0" rebuy="0" addon="0" merge="0" rebuychips="0" reg_code="5083624320"/>
</players>
</general>
<round no="0"><action no="1" player="hahah1123" type="1" discard="1" dealt="1" sum="10"/>
<action no="2" player="Behemot17" type="2" discard="1" dealt="1" sum="20"/>
</round>
<round no="1"><cards type="Pocket" player="KOPKHUNKRAP">H10 D4</cards>
<cards type="Pocket" player="hahah1123">S9 DA</cards>
<cards type="Pocket" player="Behemot17">CK H6</cards>
<action no="3" player="KOPKHUNKRAP" type="0" sum="0"/>
<action no="4" player="hahah1123" type="23" discard="1" dealt="1" sum="50"/>
<action no="5" player="Behemot17" type="3" discard="1" dealt="1" sum="30"/>
</round>
<round no="2"><cards type="Flop">D8 SJ S6</cards>
<action no="6" player="hahah1123" type="4" discard="1" dealt="1" sum="0"/>
<action no="7" player="Behemot17" type="4" discard="1" dealt="1" sum="0"/>
</round>
<round no="3"><cards type="Turn">CJ</cards>
<action no="8" player="hahah1123" type="5" discard="1" dealt="1" sum="50"/>
<action no="9" player="Behemot17" type="3" discard="1" dealt="1" sum="50"/>
</round>
<round no="4"><cards type="River">D9</cards>
<action no="10" player="hahah1123" type="4" discard="1" dealt="1" sum="0"/>
<action no="11" player="Behemot17" type="4" discard="1" dealt="1" sum="0"/>
</round>
</game>
<game gamecode="6571381621"><general>
<startdate>2025-12-26 04:54:02</startdate>
<round>1</round>
<failsafecounter/>
<players><player seat="10" name="KOPKHUNKRAP" chips="500" dealer="0" win="20" bet="20" muck="1" rebuy="0" addon="0" merge="0" rebuychips="0" reg_code="5083624532"/>
<player seat="3" name="hahah1123" chips="600" dealer="1" win="0" bet="0" muck="1" rebuy="0" addon="0" merge="0" rebuychips="0" reg_code="5083624320"/>
<player seat="6" name="Behemot17" chips="400" dealer="0" win="0" bet="10" muck="1" rebuy="0" addon="0" merge="0" rebuychips="0" reg_code="5083624327"/>
</players>
</general>
<round no="0"><action no="1" player="Behemot17" type="1" discard="1" dealt="1" sum="10"/>
<action no="2" player="KOPKHUNKRAP" type="2" sum="20"/>
</round>
<round no="1"><cards type="Pocket" player="Behemot17">X X</cards>
<cards type="Pocket" player="KOPKHUNKRAP">C5 S5</cards>
<cards type="Pocket" player="hahah1123">X X</cards>
<action no="3" player="hahah1123" type="0" discard="1" dealt="1" sum="0"/>
<action no="4" player="Behemot17" type="0" discard="1" dealt="1" sum="0"/>
</round>
</game>
<game gamecode="6571381633"><general>
<startdate>2025-12-26 04:54:08</startdate>
<round>1</round>
<failsafecounter/>
<players><player seat="3" name="hahah1123" chips="600" dealer="0" win="100" bet="130" muck="1" rebuy="0" addon="0" merge="0" rebuychips="0" reg_code="5083624320"/>
<player seat="6" name="Behemot17" chips="390" dealer="1" win="0" bet="0" muck="1" rebuy="0" addon="0" merge="0" rebuychips="0" reg_code="5083624327"/>
<player seat="10" name="KOPKHUNKRAP" chips="510" dealer="0" win="0" bet="50" muck="1" rebuy="0" addon="0" merge="0" rebuychips="0" reg_code="5083624532"/>
</players>
</general>
<round no="0"><action no="1" player="KOPKHUNKRAP" type="1" sum="10"/>
<action no="2" player="hahah1123" type="2" discard="1" dealt="1" sum="20"/>
</round>
<round no="1"><cards type="Pocket" player="KOPKHUNKRAP">C4 C10</cards>
<cards type="Pocket" player="hahah1123">X X</cards>
<cards type="Pocket" player="Behemot17">X X</cards>
<action no="3" player="Behemot17" type="0" discard="1" dealt="1" sum="0"/>
<action no="4" player="KOPKHUNKRAP" type="3" sum="10"/>
<action no="5" player="hahah1123" type="23" discard="1" dealt="1" sum="50"/>
<action no="6" player="KOPKHUNKRAP" type="3" sum="30"/>
</round>
<round no="2"><cards type="Flop">SA D6 CJ</cards>
<action no="7" player="KOPKHUNKRAP" type="4" sum="0"/>
<action no="8" player="hahah1123" type="4" discard="1" dealt="1" sum="0"/>
</round>
<round no="3"><cards type="Turn">C3</cards>
<action no="9" player="KOPKHUNKRAP" type="4" sum="0"/>
<action no="10" player="hahah1123" type="5" discard="1" dealt="1" sum="80"/>
<action no="11" player="KOPKHUNKRAP" type="0" sum="0"/>
</round>
</game>
<game gamecode="6571381684"><general>
<startdate>2025-12-26 04:54:35</startdate>
<round>1</round>
<failsafecounter/>
<players><player seat="6" name="Behemot17" chips="390" dealer="0" win="40" bet="70" muck="1" rebuy="0" addon="0" merge="0" rebuychips="0" reg_code="5083624327"/>
<player seat="10" name="KOPKHUNKRAP" chips="460" dealer="1" win="0" bet="0" muck="1" rebuy="0" addon="0" merge="0" rebuychips="0" reg_code="5083624532"/>
<player seat="3" name="hahah1123" chips="650" dealer="0" win="0" bet="20" muck="1" rebuy="0" addon="0" merge="0" rebuychips="0" reg_code="5083624320"/>
</players>
</general>
<round no="0"><action no="1" player="hahah1123" type="1" discard="1" dealt="1" sum="10"/>
<action no="2" player="Behemot17" type="2" discard="1" dealt="1" sum="20"/>
</round>
<round no="1"><cards type="Pocket" player="KOPKHUNKRAP">C3 H7</cards>
<cards type="Pocket" player="Behemot17">X X</cards>
<cards type="Pocket" player="hahah1123">X X</cards>
<action no="3" player="KOPKHUNKRAP" type="0" sum="0"/>
<action no="4" player="hahah1123" type="3" discard="1" dealt="1" sum="10"/>
<action no="5" player="Behemot17" type="23" discard="1" dealt="1" sum="70"/>
<action no="6" player="hahah1123" type="0" discard="1" dealt="1" sum="0"/>
</round>
</game>
<game gamecode="6571381704"><general>
<startdate>2025-12-26 04:54:50</startdate>
<round>1</round>
<failsafecounter/>
<players><player seat="10" name="KOPKHUNKRAP" chips="460" dealer="0" win="20" bet="20" muck="1" rebuy="0" addon="0" merge="0" rebuychips="0" reg_code="5083624532"/>
<player seat="3" name="hahah1123" chips="630" dealer="1" win="0" bet="0" muck="1" rebuy="0" addon="0" merge="0" rebuychips="0" reg_code="5083624320"/>
<player seat="6" name="Behemot17" chips="410" dealer="0" win="0" bet="10" muck="1" rebuy="0" addon="0" merge="0" rebuychips="0" reg_code="5083624327"/>
</players>
</general>
<round no="0"><action no="1" player="Behemot17" type="1" discard="1" dealt="1" sum="10"/>
<action no="2" player="KOPKHUNKRAP" type="2" sum="20"/>
</round>
<round no="1"><cards type="Pocket" player="hahah1123">X X</cards>
<cards type="Pocket" player="Behemot17">X X</cards>
<cards type="Pocket" player="KOPKHUNKRAP">CJ D7</cards>
<action no="3" player="hahah1123" type="0" discard="1" dealt="1" sum="0"/>
<action no="4" player="Behemot17" type="0" discard="1" dealt="1" sum="0"/>
</round>
</game>
<game gamecode="6571381726"><general>
<startdate>2025-12-26 04:55:00</startdate>
<round>1</round>
<failsafecounter/>
<players><player seat="3" name="hahah1123" chips="630" dealer="0" win="0" bet="130" muck="1" rebuy="0" addon="0" merge="0" rebuychips="0" reg_code="5083624320"/>
<player seat="6" name="Behemot17" chips="400" dealer="1" win="270" bet="400" muck="1" rebuy="0" addon="0" merge="0" rebuychips="0" reg_code="5083624327"/>
<player seat="10" name="KOPKHUNKRAP" chips="470" dealer="0" win="0" bet="10" muck="1" rebuy="0" addon="0" merge="0" rebuychips="0" reg_code="5083624532"/>
</players>
</general>
<round no="0"><action no="1" player="KOPKHUNKRAP" type="1" sum="10"/>
<action no="2" player="hahah1123" type="2" discard="1" dealt="1" sum="20"/>
</round>
<round no="1"><cards type="Pocket" player="Behemot17">X X</cards>
<cards type="Pocket" player="hahah1123">X X</cards>
<cards type="Pocket" player="KOPKHUNKRAP">H2 S8</cards>
<action no="3" player="Behemot17" type="23" discard="1" dealt="1" sum="40"/>
<action no="4" player="KOPKHUNKRAP" type="0" sum="0"/>
<action no="5" player="hahah1123" type="3" discard="1" dealt="1" sum="20"/>
</round>
<round no="2"><cards type="Flop">C8 S9 S7</cards>
<action no="6" player="hahah1123" type="4" discard="1" dealt="1" sum="0"/>
<action no="7" player="Behemot17" type="4" discard="1" dealt="1" sum="0"/>
</round>
<round no="3"><cards type="Turn">S10</cards>
<action no="8" player="hahah1123" type="5" discard="1" dealt="1" sum="45"/>
<action no="9" player="Behemot17" type="23" discard="1" dealt="1" sum="90"/>
<action no="10" player="hahah1123" type="3" discard="1" dealt="1" sum="45"/>
</round>
<round no="4"><cards type="River">SQ</cards>
<action no="11" player="hahah1123" type="4" discard="1" dealt="1" sum="0"/>
<action no="12" player="Behemot17" type="5" discard="1" dealt="1" sum="270"/>
<action no="13" player="hahah1123" type="0" discard="1" dealt="1" sum="0"/>
</round>
</game>
<game gamecode="6571381764"><general>
<startdate>2025-12-26 04:55:22</startdate>
<round>1</round>
<failsafecounter/>
<players><player seat="6" name="Behemot17" chips="540" dealer="0" win="0" bet="35" muck="1" rebuy="0" addon="0" merge="0" rebuychips="0" reg_code="5083624327"/>
<player seat="10" name="KOPKHUNKRAP" chips="460" dealer="1" win="90" bet="65" muck="1" rebuy="0" addon="0" merge="0" rebuychips="0" reg_code="5083624532"/>
<player seat="3" name="hahah1123" chips="500" dealer="0" win="0" bet="20" muck="1" rebuy="0" addon="0" merge="0" rebuychips="0" reg_code="5083624320"/>
</players>
</general>
<round no="0"><action no="1" player="hahah1123" type="15" discard="1" dealt="1" sum="5"/>
<action no="2" player="Behemot17" type="15" discard="1" dealt="1" sum="5"/>
<action no="3" player="KOPKHUNKRAP" type="15" sum="5"/>
<action no="4" player="hahah1123" type="1" discard="1" dealt="1" sum="15"/>
<action no="5" player="Behemot17" type="2" discard="1" dealt="1" sum="30"/>
</round>
<round no="1"><cards type="Pocket" player="KOPKHUNKRAP">S10 S8</cards>
<cards type="Pocket" player="Behemot17">X X</cards>
<cards type="Pocket" player="hahah1123">X X</cards>
<action no="6" player="KOPKHUNKRAP" type="23" sum="60"/>
<action no="7" player="hahah1123" type="0" discard="1" dealt="1" sum="0"/>
<action no="8" player="Behemot17" type="0" discard="1" dealt="1" sum="0"/>
</round>
</game>
<game gamecode="6571381805"><general>
<startdate>2025-12-26 04:55:42</startdate>
<round>1</round>
<failsafecounter/>
<players><player seat="10" name="KOPKHUNKRAP" chips="515" dealer="0" win="1,015" bet="505" muck="0" rebuy="0" addon="0" merge="0" rebuychips="0" reg_code="5083624532"/>
<player seat="3" name="hahah1123" chips="480" dealer="1" win="0" bet="5" muck="1" rebuy="0" addon="0" merge="0" rebuychips="0" reg_code="5083624320"/>
<player seat="6" name="Behemot17" chips="505" dealer="0" win="0" bet="505" muck="0" rebuy="0" addon="0" merge="0" rebuychips="0" reg_code="5083624327"/>
</players>
</general>
<round no="0"><action no="1" player="Behemot17" type="15" discard="1" dealt="1" sum="5"/>
<action no="2" player="KOPKHUNKRAP" type="15" sum="5"/>
<action no="3" player="hahah1123" type="15" discard="1" dealt="1" sum="5"/>
<action no="4" player="Behemot17" type="1" discard="1" dealt="1" sum="15"/>
<action no="5" player="KOPKHUNKRAP" type="2" sum="30"/>
</round>
<round no="1"><cards type="Pocket" player="Behemot17">D5 D8</cards>
<cards type="Pocket" player="KOPKHUNKRAP">DJ CJ</cards>
<cards type="Pocket" player="hahah1123">X X</cards>
<action no="6" player="hahah1123" type="0" discard="1" dealt="1" sum="0"/>
<action no="7" player="Behemot17" type="23" discard="1" dealt="1" sum="500"/>
<action no="8" player="KOPKHUNKRAP" type="3" sum="470"/>
</round>
<round no="2"><cards type="Flop">H9 HA D4</cards>
</round>
<round no="3"><cards type="Turn">C5</cards>
</round>
<round no="4"><cards type="River">S9</cards>
</round>
</game>
<game gamecode="6571381845"><general>
<startdate>2025-12-26 04:56:02</startdate>
<round>1</round>
<failsafecounter/>
<players><player seat="3" name="hahah1123" chips="475" dealer="0" win="0" bet="155" muck="1" rebuy="0" addon="0" merge="0" rebuychips="0" reg_code="5083624320"/>
<player seat="10" name="KOPKHUNKRAP" chips="1,025" dealer="1" win="310" bet="155" muck="0" rebuy="0" addon="0" merge="0" rebuychips="0" reg_code="5083624532"/>
</players>
</general>
<round no="0"><action no="1" player="KOPKHUNKRAP" type="15" sum="5"/>
<action no="2" player="hahah1123" type="15" discard="1" dealt="1" sum="5"/>
<action no="3" player="KOPKHUNKRAP" type="1" sum="15"/>
<action no="4" player="hahah1123" type="2" discard="1" dealt="1" sum="30"/>
</round>
<round no="1"><cards type="Pocket" player="KOPKHUNKRAP">CQ DQ</cards>
<cards type="Pocket" player="hahah1123">C5 D7</cards>
<action no="5" player="KOPKHUNKRAP" type="3" sum="15"/>
<action no="6" player="hahah1123" type="4" discard="1" dealt="1" sum="0"/>
</round>
<round no="2"><cards type="Flop">D2 S6 C3</cards>
<action no="7" player="hahah1123" type="4" discard="1" dealt="1" sum="0"/>
<action no="8" player="KOPKHUNKRAP" type="5" sum="30"/>
<action no="9" player="hahah1123" type="3" discard="1" dealt="1" sum="30"/>
</round>
<round no="3"><cards type="Turn">D10</cards>
<action no="10" player="hahah1123" type="4" discard="1" dealt="1" sum="0"/>
<action no="11" player="KOPKHUNKRAP" type="5" sum="90"/>
<action no="12" player="hahah1123" type="3" discard="1" dealt="1" sum="90"/>
</round>
<round no="4"><cards type="River">D5</cards>
<action no="13" player="hahah1123" type="4" discard="1" dealt="1" sum="0"/>
<action no="14" player="KOPKHUNKRAP" type="4" sum="0"/>
</round>
</game>
<game gamecode="6571381911"><general>
<startdate>2025-12-26 04:56:31</startdate>
<round>1</round>
<failsafecounter/>
<players><player seat="10" name="KOPKHUNKRAP" chips="1,180" dealer="0" win="0" bet="35" muck="1" rebuy="0" addon="0" merge="0" rebuychips="0" reg_code="5083624532"/>
<player seat="3" name="hahah1123" chips="320" dealer="1" win="70" bet="65" muck="1" rebuy="0" addon="0" merge="0" rebuychips="0" reg_code="5083624320"/>
</players>
</general>
<round no="0"><action no="1" player="hahah1123" type="15" discard="1" dealt="1" sum="5"/>
<action no="2" player="KOPKHUNKRAP" type="15" sum="5"/>
<action no="3" player="hahah1123" type="1" discard="1" dealt="1" sum="15"/>
<action no="4" player="KOPKHUNKRAP" type="2" sum="30"/>
</round>
<round no="1"><cards type="Pocket" player="hahah1123">X X</cards>
<cards type="Pocket" player="KOPKHUNKRAP">D3 CQ</cards>
<action no="5" player="hahah1123" type="3" discard="1" dealt="1" sum="15"/>
<action no="6" player="KOPKHUNKRAP" type="4" sum="0"/>
</round>
<round no="2"><cards type="Flop">D10 DA H4</cards>
<action no="7" player="KOPKHUNKRAP" type="4" sum="0"/>
<action no="8" player="hahah1123" type="5" discard="1" dealt="1" sum="30"/>
<action no="9" player="KOPKHUNKRAP" type="0" sum="0"/>
</round>
</game>
<game gamecode="6571381948"><general>
<startdate>2025-12-26 04:56:51</startdate>
<round>1</round>
<failsafecounter/>
<players><player seat="3" name="hahah1123" chips="355" dealer="0" win="0" bet="355" muck="0" rebuy="0" addon="0" merge="0" rebuychips="0" reg_code="5083624320"/>
<player seat="10" name="KOPKHUNKRAP" chips="1,145" dealer="1" win="710" bet="355" muck="0" rebuy="0" addon="0" merge="0" rebuychips="0" reg_code="5083624532"/>
</players>
</general>
<round no="0"><action no="1" player="KOPKHUNKRAP" type="15" sum="5"/>
<action no="2" player="hahah1123" type="15" discard="1" dealt="1" sum="5"/>
<action no="3" player="KOPKHUNKRAP" type="1" sum="15"/>
<action no="4" player="hahah1123" type="2" discard="1" dealt="1" sum="30"/>
</round>
<round no="1"><cards type="Pocket" player="hahah1123">CA DQ</cards>
<cards type="Pocket" player="KOPKHUNKRAP">DA HA</cards>
<action no="5" player="KOPKHUNKRAP" type="3" sum="15"/>
<action no="6" player="hahah1123" type="23" discard="1" dealt="1" sum="90"/>
<action no="7" player="KOPKHUNKRAP" type="3" sum="60"/>
</round>
<round no="2"><cards type="Flop">C4 H4 DK</cards>
<action no="8" player="hahah1123" type="5" discard="1" dealt="1" sum="95"/>
<action no="9" player="KOPKHUNKRAP" type="3" sum="95"/>
</round>
<round no="3"><cards type="Turn">D3</cards>
<action no="10" player="hahah1123" type="5" discard="1" dealt="1" sum="165"/>
<action no="11" player="KOPKHUNKRAP" type="3" sum="165"/>
</round>
<round no="4"><cards type="River">D10</cards>
</round>
</game>
</session>
