<?xml version="1.0" encoding="UTF-8"?>
<session sessioncode="5083221054">
<general>
<client_version>24.7.1.15</client_version>
<mode>real</mode>
<gametype>Holdem NL</gametype>
<tablename>Twister €200 SNG, 824649397</tablename>
<tournamentcode>824649396</tournamentcode>
<tournamentname>Twister €200 SNG</tournamentname>
<buyin>€0 + €12 + €188</buyin>
<totalbuyin>€200</totalbuyin>
<rewarddrawn>€400</rewarddrawn>
<tournamentcurrency>EUR</tournamentcurrency>
<currency>EUR</currency>
<nickname>KOPKHUNKRAP</nickname>
<gamecount>21</gamecount>
<startdate>2025-12-24 17:29:24</startdate>
<place>1</place>
<win>€400</win>
<tablesize>3</tablesize>
</general>
<game gamecode="6569782931"><general>
<startdate>2025-12-24 17:29:39</startdate>
<round>1</round>
<failsafecounter/>
<players><player seat="6" name="SuBandiduu" chips="500" dealer="0" win="580" bet="500" muck="1" rebuy="0" addon="0" merge="0" rebuychips="0" reg_code="5083221065"/>
<player seat="10" name="SVmariolinos" chips="500" dealer="1" win="0" bet="285" muck="1" rebuy="0" addon="0" merge="0" rebuychips="0" reg_code="5083221174"/>
<player seat="3" name="KOPKHUNKRAP" chips="500" dealer="0" win="0" bet="10" muck="1" rebuy="0" addon="0" merge="0" rebuychips="0" reg_code="5083221054"/>
</players>
</general>
<round no="0"><action no="1" player="KOPKHUNKRAP" type="1" sum="10"/>
<action no="2" player="SuBandiduu" type="2" discard="1" dealt="1" sum="20"/>
</round>
<round no="1"><cards type="Pocket" player="SVmariolinos">X X</cards>
<cards type="Pocket" player="KOPKHUNKRAP">C4 CJ</cards>
<cards type="Pocket" player="SuBandiduu">X X</cards>
<action no="3" player="SVmariolinos" type="23" discard="1" dealt="1" sum="80"/>
<action no="4" player="KOPKHUNKRAP" type="0" sum="0"/>
<action no="5" player="SuBandiduu" type="3" discard="1" dealt="1" sum="60"/>
</round>
<round no="2"><cards type="Flop">HQ H5 S9</cards>
<action no="6" player="SuBandiduu" type="4" discard="1" dealt="1" sum="0"/>
<action no="7" player="SVmariolinos" type="5" discard="1" dealt="1" sum="85"/>
<action no="8" player="SuBandiduu" type="3" discard="1" dealt="1" sum="85"/>
</round>
<round no="3"><cards type="Turn">H6</cards>
<action no="9" player="SuBandiduu" type="4" discard="1" dealt="1" sum="0"/>
<action no="10" player="SVmariolinos" type="5" discard="1" dealt="1" sum="120"/>
<action no="11" player="SuBandiduu" type="23" discard="1" dealt="1" sum="335"/>
<action no="12" player="SVmariolinos" type="0" discard="1" dealt="1" sum="0"/>
</round>
</game>
<game gamecode="6569783406"><general>
<startdate>2025-12-24 17:30:41</startdate>
<round>1</round>
<failsafecounter/>
<players><player seat="10" name="SVmariolinos" chips="215" dealer="0" win="0" bet="215" muck="0" rebuy="0" addon="0" merge="0" rebuychips="0" reg_code="5083221174"/>
<player seat="3" name="KOPKHUNKRAP" chips="490" dealer="1" win="0" bet="0" muck="1" rebuy="0" addon="0" merge="0" rebuychips="0" reg_code="5083221054"/>
<player seat="6" name="SuBandiduu" chips="795" dealer="0" win="430" bet="215" muck="0" rebuy="0" addon="0" merge="0" rebuychips="0" reg_code="5083221065"/>
</players>
</general>
<round no="0"><action no="1" player="SuBandiduu" type="1" discard="1" dealt="1" sum="10"/>
<action no="2" player="SVmariolinos" type="2" discard="1" dealt="1" sum="20"/>
</round>
<round no="1"><cards type="Pocket" player="KOPKHUNKRAP">H10 H3</cards>
<cards type="Pocket" player="SVmariolinos">D8 D9</cards>
<cards type="Pocket" player="SuBandiduu">CK CQ</cards>
<action no="3" player="KOPKHUNKRAP" type="0" sum="0"/>
<action no="4" player="SuBandiduu" type="3" discard="1" dealt="1" sum="10"/>
<action no="5" player="SVmariolinos" type="23" discard="1" dealt="1" sum="215"/>
<action no="6" player="SuBandiduu" type="3" discard="1" dealt="1" sum="195"/>
</round>
<round no="2"><cards type="Flop">HA DK H5</cards>
</round>
<round no="3"><cards type="Turn">HJ</cards>
</round>
<round no="4"><cards type="River">D3</cards>
</round>
</game>
<game gamecode="6569783575"><general>
<startdate>2025-12-24 17:31:01</startdate>
<round>1</round>
<failsafecounter/>
<players><player seat="3" name="KOPKHUNKRAP" chips="490" dealer="0" win="200" bet="220" muck="1" rebuy="0" addon="0" merge="0" rebuychips="0" reg_code="5083221054"/>
<player seat="6" name="SuBandiduu" chips="1,010" dealer="1" win="0" bet="100" muck="1" rebuy="0" addon="0" merge="0" rebuychips="0" reg_code="5083221065"/>
</players>
</general>
<round no="0"><action no="1" player="SuBandiduu" type="1" discard="1" dealt="1" sum="10"/>
<action no="2" player="KOPKHUNKRAP" type="2" sum="20"/>
</round>
<round no="1"><cards type="Pocket" player="SuBandiduu">X X</cards>
<cards type="Pocket" player="KOPKHUNKRAP">C3 DQ</cards>
<action no="3" player="SuBandiduu" type="3" discard="1" dealt="1" sum="10"/>
<action no="4" player="KOPKHUNKRAP" type="4" sum="0"/>
</round>
<round no="2"><cards type="Flop">SQ H7 D5</cards>
<action no="5" player="KOPKHUNKRAP" type="4" sum="0"/>
<action no="6" player="SuBandiduu" type="5" discard="1" dealt="1" sum="20"/>
<action no="7" player="KOPKHUNKRAP" type="3" sum="20"/>
</round>
<round no="3"><cards type="Turn">S3</cards>
<action no="8" player="KOPKHUNKRAP" type="4" sum="0"/>
<action no="9" player="SuBandiduu" type="4" discard="1" dealt="1" sum="0"/>
</round>
<round no="4"><cards type="River">CK</cards>
<action no="10" player="KOPKHUNKRAP" type="4" sum="0"/>
<action no="11" player="SuBandiduu" type="5" discard="1" dealt="1" sum="60"/>
<action no="12" player="KOPKHUNKRAP" type="23" sum="180"/>
<action no="13" player="SuBandiduu" type="0" discard="1" dealt="1" sum="0"/>
</round>
</game>
<game gamecode="6569783963"><general>
<startdate>2025-12-24 17:31:53</startdate>
<round>1</round>
<failsafecounter/>
<players><player seat="6" name="SuBandiduu" chips="910" dealer="0" win="0" bet="170" muck="0" rebuy="0" addon="0" merge="0" rebuychips="0" reg_code="5083221065"/>
<player seat="3" name="KOPKHUNKRAP" chips="590" dealer="1" win="340" bet="170" muck="0" rebuy="0" addon="0" merge="0" rebuychips="0" reg_code="5083221054"/>
</players>
</general>
<round no="0"><action no="1" player="KOPKHUNKRAP" type="15" sum="5"/>
<action no="2" player="SuBandiduu" type="15" discard="1" dealt="1" sum="5"/>
<action no="3" player="KOPKHUNKRAP" type="1" sum="15"/>
<action no="4" player="SuBandiduu" type="2" discard="1" dealt="1" sum="30"/>
</round>
<round no="1"><cards type="Pocket" player="KOPKHUNKRAP">D5 HJ</cards>
<cards type="Pocket" player="SuBandiduu">S7 C10</cards>
<action no="5" player="KOPKHUNKRAP" type="3" sum="15"/>
<action no="6" player="SuBandiduu" type="4" discard="1" dealt="1" sum="0"/>
</round>
<round no="2"><cards type="Flop">H10 CQ C5</cards>
<action no="7" player="SuBandiduu" type="4" discard="1" dealt="1" sum="0"/>
<action no="8" player="KOPKHUNKRAP" type="5" sum="30"/>
<action no="9" player="SuBandiduu" type="3" discard="1" dealt="1" sum="30"/>
</round>
<round no="3"><cards type="Turn">D7</cards>
<action no="10" player="SuBandiduu" type="4" discard="1" dealt="1" sum="0"/>
<action no="11" player="KOPKHUNKRAP" type="4" sum="0"/>
</round>
<round no="4"><cards type="River">CJ</cards>
<action no="12" player="SuBandiduu" type="5" discard="1" dealt="1" sum="105"/>
<action no="13" player="KOPKHUNKRAP" type="3" sum="105"/>
</round>
</game>
<game gamecode="6569784154"><general>
<startdate>2025-12-24 17:32:18</startdate>
<round>1</round>
<failsafecounter/>
<players><player seat="3" name="KOPKHUNKRAP" chips="760" dealer="0" win="130" bet="125" muck="1" rebuy="0" addon="0" merge="0" rebuychips="0" reg_code="5083221054"/>
<player seat="6" name="SuBandiduu" chips="740" dealer="1" win="0" bet="65" muck="1" rebuy="0" addon="0" merge="0" rebuychips="0" reg_code="5083221065"/>
</players>
</general>
<round no="0"><action no="1" player="SuBandiduu" type="15" discard="1" dealt="1" sum="5"/>
<action no="2" player="KOPKHUNKRAP" type="15" sum="5"/>
<action no="3" player="SuBandiduu" type="1" discard="1" dealt="1" sum="15"/>
<action no="4" player="KOPKHUNKRAP" type="2" sum="30"/>
</round>
<round no="1"><cards type="Pocket" player="SuBandiduu">X X</cards>
<cards type="Pocket" player="KOPKHUNKRAP">D7 CA</cards>
<action no="5" player="SuBandiduu" type="23" discard="1" dealt="1" sum="60"/>
<action no="6" player="KOPKHUNKRAP" type="3" sum="30"/>
</round>
<round no="2"><cards type="Flop">D2 S7 D6</cards>
<action no="7" player="KOPKHUNKRAP" type="4" sum="0"/>
<action no="8" player="SuBandiduu" type="4" discard="1" dealt="1" sum="0"/>
</round>
<round no="3"><cards type="Turn">DK</cards>
<action no="9" player="KOPKHUNKRAP" type="4" sum="0"/>
<action no="10" player="SuBandiduu" type="4" discard="1" dealt="1" sum="0"/>
</round>
<round no="4"><cards type="River">SQ</cards>
<action no="11" player="KOPKHUNKRAP" type="5" sum="60"/>
<action no="12" player="SuBandiduu" type="0" discard="1" dealt="1" sum="0"/>
</round>
</game>
<game gamecode="6569784375"><general>
<startdate>2025-12-24 17:32:46</startdate>
<round>1</round>
<failsafecounter/>
<players><player seat="6" name="SuBandiduu" chips="675" dealer="0" win="550" bet="275" muck="0" rebuy="0" addon="0" merge="0" rebuychips="0" reg_code="5083221065"/>
<player seat="3" name="KOPKHUNKRAP" chips="825" dealer="1" win="0" bet="275" muck="1" rebuy="0" addon="0" merge="0" rebuychips="0" reg_code="5083221054"/>
</players>
</general>
<round no="0"><action no="1" player="KOPKHUNKRAP" type="15" sum="5"/>
<action no="2" player="SuBandiduu" type="15" discard="1" dealt="1" sum="5"/>
<action no="3" player="KOPKHUNKRAP" type="1" sum="15"/>
<action no="4" player="SuBandiduu" type="2" discard="1" dealt="1" sum="30"/>
</round>
<round no="1"><cards type="Pocket" player="SuBandiduu">CJ C10</cards>
<cards type="Pocket" player="KOPKHUNKRAP">C6 SA</cards>
<action no="5" player="KOPKHUNKRAP" type="3" sum="15"/>
<action no="6" player="SuBandiduu" type="23" discard="1" dealt="1" sum="90"/>
<action no="7" player="KOPKHUNKRAP" type="3" sum="60"/>
</round>
<round no="2"><cards type="Flop">CK HJ S4</cards>
<action no="8" player="SuBandiduu" type="4" discard="1" dealt="1" sum="0"/>
<action no="9" player="KOPKHUNKRAP" type="4" sum="0"/>
</round>
<round no="3"><cards type="Turn">D7</cards>
<action no="10" player="SuBandiduu" type="4" discard="1" dealt="1" sum="0"/>
<action no="11" player="KOPKHUNKRAP" type="4" sum="0"/>
</round>
<round no="4"><cards type="River">SK</cards>
<action no="12" player="SuBandiduu" type="5" discard="1" dealt="1" sum="180"/>
<action no="13" player="KOPKHUNKRAP" type="3" sum="180"/>
</round>
</game>
<game gamecode="6569784594"><general>
<startdate>2025-12-24 17:33:16</startdate>
<round>1</round>
<failsafecounter/>
<players><player seat="3" name="KOPKHUNKRAP" chips="550" dealer="0" win="0" bet="90" muck="1" rebuy="0" addon="0" merge="0" rebuychips="0" reg_code="5083221054"/>
<player seat="6" name="SuBandiduu" chips="950" dealer="1" win="180" bet="226" muck="1" rebuy="0" addon="0" merge="0" rebuychips="0" reg_code="5083221065"/>
</players>
</general>
<round no="0"><action no="1" player="SuBandiduu" type="15" discard="1" dealt="1" sum="5"/>
<action no="2" player="KOPKHUNKRAP" type="15" sum="5"/>
<action no="3" player="SuBandiduu" type="1" discard="1" dealt="1" sum="20"/>
<action no="4" player="KOPKHUNKRAP" type="2" sum="40"/>
</round>
<round no="1"><cards type="Pocket" player="KOPKHUNKRAP">HQ C4</cards>
<cards type="Pocket" player="SuBandiduu">X X</cards>
<action no="5" player="SuBandiduu" type="3" discard="1" dealt="1" sum="20"/>
<action no="6" player="KOPKHUNKRAP" type="4" sum="0"/>
</round>
<round no="2"><cards type="Flop">D4 D6 C9</cards>
<action no="7" player="KOPKHUNKRAP" type="4" sum="0"/>
<action no="8" player="SuBandiduu" type="5" discard="1" dealt="1" sum="45"/>
<action no="9" player="KOPKHUNKRAP" type="3" sum="45"/>
</round>
<round no="3"><cards type="Turn">D3</cards>
<action no="10" player="KOPKHUNKRAP" type="4" sum="0"/>
<action no="11" player="SuBandiduu" type="5" discard="1" dealt="1" sum="136"/>
<action no="12" player="KOPKHUNKRAP" type="0" sum="0"/>
</round>
</game>
<game gamecode="6569784816"><general>
<startdate>2025-12-24 17:33:47</startdate>
<round>1</round>
<failsafecounter/>
<players><player seat="6" name="SuBandiduu" chips="1,040" dealer="0" win="0" bet="45" muck="1" rebuy="0" addon="0" merge="0" rebuychips="0" reg_code="5083221065"/>
<player seat="3" name="KOPKHUNKRAP" chips="460" dealer="1" win="90" bet="135" muck="1" rebuy="0" addon="0" merge="0" rebuychips="0" reg_code="5083221054"/>
</players>
</general>
<round no="0"><action no="1" player="KOPKHUNKRAP" type="15" sum="5"/>
<action no="2" player="SuBandiduu" type="15" discard="1" dealt="1" sum="5"/>
<action no="3" player="KOPKHUNKRAP" type="1" sum="20"/>
<action no="4" player="SuBandiduu" type="2" discard="1" dealt="1" sum="40"/>
</round>
<round no="1"><cards type="Pocket" player="KOPKHUNKRAP">DJ C3</cards>
<cards type="Pocket" player="SuBandiduu">X X</cards>
<action no="5" player="KOPKHUNKRAP" type="3" sum="20"/>
<action no="6" player="SuBandiduu" type="4" discard="1" dealt="1" sum="0"/>
</round>
<round no="2"><cards type="Flop">D7 C9 C10</cards>
<action no="7" player="SuBandiduu" type="4" discard="1" dealt="1" sum="0"/>
<action no="8" player="KOPKHUNKRAP" type="4" sum="0"/>
</round>
<round no="3"><cards type="Turn">DA</cards>
<action no="9" player="SuBandiduu" type="4" discard="1" dealt="1" sum="0"/>
<action no="10" player="KOPKHUNKRAP" type="4" sum="0"/>
</round>
<round no="4"><cards type="River">H8</cards>
<action no="11" player="SuBandiduu" type="4" discard="1" dealt="1" sum="0"/>
<action no="12" player="KOPKHUNKRAP" type="5" sum="90"/>
<action no="13" player="SuBandiduu" type="0" discard="1" dealt="1" sum="0"/>
</round>
</game>
<game gamecode="6569784977"><general>
<startdate>2025-12-24 17:34:10</startdate>
<round>1</round>
<failsafecounter/>
<players><player seat="3" name="KOPKHUNKRAP" chips="505" dealer="0" win="90" bet="505" muck="1" rebuy="0" addon="0" merge="0" rebuychips="0" reg_code="5083221054"/>
<player seat="6" name="SuBandiduu" chips="995" dealer="1" win="0" bet="45" muck="1" rebuy="0" addon="0" merge="0" rebuychips="0" reg_code="5083221065"/>
</players>
</general>
<round no="0"><action no="1" player="SuBandiduu" type="15" discard="1" dealt="1" sum="5"/>
<action no="2" player="KOPKHUNKRAP" type="15" sum="5"/>
<action no="3" player="SuBandiduu" type="1" discard="1" dealt="1" sum="20"/>
<action no="4" player="KOPKHUNKRAP" type="2" sum="40"/>
</round>
<round no="1"><cards type="Pocket" player="SuBandiduu">X X</cards>
<cards type="Pocket" player="KOPKHUNKRAP">HA C6</cards>
<action no="5" player="SuBandiduu" type="3" discard="1" dealt="1" sum="20"/>
<action no="6" player="KOPKHUNKRAP" type="23" sum="500"/>
<action no="7" player="SuBandiduu" type="0" discard="1" dealt="1" sum="0"/>
</round>
</game>
<game gamecode="6569785033"><general>
<startdate>2025-12-24 17:34:18</startdate>
<round>1</round>
<failsafecounter/>
<players><player seat="6" name="SuBandiduu" chips="950" dealer="0" win="0" bet="45" muck="1" rebuy="0" addon="0" merge="0" rebuychips="0" reg_code="5083221065"/>
<player seat="3" name="KOPKHUNKRAP" chips="550" dealer="1" win="90" bet="550" muck="1" rebuy="0" addon="0" merge="0" rebuychips="0" reg_code="5083221054"/>
</players>
</general>
<round no="0"><action no="1" player="KOPKHUNKRAP" type="15" sum="5"/>
<action no="2" player="SuBandiduu" type="15" discard="1" dealt="1" sum="5"/>
<action no="3" player="KOPKHUNKRAP" type="1" sum="20"/>
<action no="4" player="SuBandiduu" type="2" discard="1" dealt="1" sum="40"/>
</round>
<round no="1"><cards type="Pocket" player="KOPKHUNKRAP">CJ HQ</cards>
<cards type="Pocket" player="SuBandiduu">X X</cards>
<action no="5" player="KOPKHUNKRAP" type="23" sum="545"/>
<action no="6" player="SuBandiduu" type="0" discard="1" dealt="1" sum="0"/>
</round>
</game>
<game gamecode="6569785091"><general>
<startdate>2025-12-24 17:34:26</startdate>
<round>1</round>
<failsafecounter/>
<players><player seat="3" name="KOPKHUNKRAP" chips="595" dealer="0" win="0" bet="45" muck="1" rebuy="0" addon="0" merge="0" rebuychips="0" reg_code="5083221054"/>
<player seat="6" name="SuBandiduu" chips="905" dealer="1" win="90" bet="90" muck="1" rebuy="0" addon="0" merge="0" rebuychips="0" reg_code="5083221065"/>
</players>
</general>
<round no="0"><action no="1" player="SuBandiduu" type="15" discard="1" dealt="1" sum="5"/>
<action no="2" player="KOPKHUNKRAP" type="15" sum="5"/>
<action no="3" player="SuBandiduu" type="1" discard="1" dealt="1" sum="20"/>
<action no="4" player="KOPKHUNKRAP" type="2" sum="40"/>
</round>
<round no="1"><cards type="Pocket" player="SuBandiduu">X X</cards>
<cards type="Pocket" player="KOPKHUNKRAP">S7 H2</cards>
<action no="5" player="SuBandiduu" type="3" discard="1" dealt="1" sum="20"/>
<action no="6" player="KOPKHUNKRAP" type="4" sum="0"/>
</round>
<round no="2"><cards type="Flop">D8 HK S10</cards>
<action no="7" player="KOPKHUNKRAP" type="4" sum="0"/>
<action no="8" player="SuBandiduu" type="5" discard="1" dealt="1" sum="45"/>
<action no="9" player="KOPKHUNKRAP" type="0" sum="0"/>
</round>
</game>
<game gamecode="6569785198"><general>
<startdate>2025-12-24 17:34:41</startdate>
<round>1</round>
<failsafecounter/>
<players><player seat="6" name="SuBandiduu" chips="950" dealer="0" win="310" bet="390" muck="1" rebuy="0" addon="0" merge="0" rebuychips="0" reg_code="5083221065"/>
<player seat="3" name="KOPKHUNKRAP" chips="550" dealer="1" win="0" bet="155" muck="1" rebuy="0" addon="0" merge="0" rebuychips="0" reg_code="5083221054"/>
</players>
</general>
<round no="0"><action no="1" player="KOPKHUNKRAP" type="15" sum="5"/>
<action no="2" player="SuBandiduu" type="15" discard="1" dealt="1" sum="5"/>
<action no="3" player="KOPKHUNKRAP" type="1" sum="30"/>
<action no="4" player="SuBandiduu" type="2" discard="1" dealt="1" sum="60"/>
</round>
<round no="1"><cards type="Pocket" player="KOPKHUNKRAP">SK S10</cards>
<cards type="Pocket" player="SuBandiduu">X X</cards>
<action no="5" player="KOPKHUNKRAP" type="3" sum="30"/>
<action no="6" player="SuBandiduu" type="23" discard="1" dealt="1" sum="150"/>
<action no="7" player="KOPKHUNKRAP" type="3" sum="90"/>
</round>
<round no="2"><cards type="Flop">C9 C6 C5</cards>
<action no="8" player="SuBandiduu" type="4" discard="1" dealt="1" sum="0"/>
<action no="9" player="KOPKHUNKRAP" type="4" sum="0"/>
</round>
<round no="3"><cards type="Turn">DA</cards>
<action no="10" player="SuBandiduu" type="5" discard="1" dealt="1" sum="235"/>
<action no="11" player="KOPKHUNKRAP" type="0" sum="0"/>
</round>
</game>
<game gamecode="6569791284"><general>
<startdate>2025-12-24 17:35:04</startdate>
<round>1</round>
<failsafecounter/>
<players><player seat="3" name="KOPKHUNKRAP" chips="395" dealer="0" win="70" bet="65" muck="1" rebuy="0" addon="0" merge="0" rebuychips="0" reg_code="5083221054"/>
<player seat="6" name="SuBandiduu" chips="1,105" dealer="1" win="0" bet="35" muck="1" rebuy="0" addon="0" merge="0" rebuychips="0" reg_code="5083221065"/>
</players>
</general>
<round no="0"><action no="1" player="SuBandiduu" type="15" discard="1" dealt="1" sum="5"/>
<action no="2" player="KOPKHUNKRAP" type="15" sum="5"/>
<action no="3" player="SuBandiduu" type="1" discard="1" dealt="1" sum="30"/>
<action no="4" player="KOPKHUNKRAP" type="2" sum="60"/>
</round>
<round no="1"><cards type="Pocket" player="KOPKHUNKRAP">SJ DA</cards>
<cards type="Pocket" player="SuBandiduu">X X</cards>
<action no="5" player="SuBandiduu" type="0" discard="1" dealt="1" sum="0"/>
</round>
</game>
<game gamecode="6569791324"><general>
<startdate>2025-12-24 17:35:10</startdate>
<round>1</round>
<failsafecounter/>
<players><player seat="6" name="SuBandiduu" chips="1,070" dealer="0" win="0" bet="430" muck="1" rebuy="0" addon="0" merge="0" rebuychips="0" reg_code="5083221065"/>
<player seat="3" name="KOPKHUNKRAP" chips="430" dealer="1" win="860" bet="430" muck="0" rebuy="0" addon="0" merge="0" rebuychips="0" reg_code="5083221054"/>
</players>
</general>
<round no="0"><action no="1" player="KOPKHUNKRAP" type="15" sum="5"/>
<action no="2" player="SuBandiduu" type="15" discard="1" dealt="1" sum="5"/>
<action no="3" player="KOPKHUNKRAP" type="1" sum="30"/>
<action no="4" player="SuBandiduu" type="2" discard="1" dealt="1" sum="60"/>
</round>
<round no="1"><cards type="Pocket" player="SuBandiduu">HK D7</cards>
<cards type="Pocket" player="KOPKHUNKRAP">DQ D5</cards>
<action no="5" player="KOPKHUNKRAP" type="23" sum="425"/>
<action no="6" player="SuBandiduu" type="3" discard="1" dealt="1" sum="365"/>
</round>
<round no="2"><cards type="Flop">CQ D4 D3</cards>
</round>
<round no="3"><cards type="Turn">D6</cards>
</round>
<round no="4"><cards type="River">DK</cards>
</round>
</game>
<game gamecode="6569791431"><general>
<startdate>2025-12-24 17:35:26</startdate>
<round>1</round>
<failsafecounter/>
<players><player seat="3" name="KOPKHUNKRAP" chips="860" dealer="0" win="0" bet="65" muck="1" rebuy="0" addon="0" merge="0" rebuychips="0" reg_code="5083221054"/>
<player seat="6" name="SuBandiduu" chips="640" dealer="1" win="130" bet="125" muck="1" rebuy="0" addon="0" merge="0" rebuychips="0" reg_code="5083221065"/>
</players>
</general>
<round no="0"><action no="1" player="SuBandiduu" type="15" discard="1" dealt="1" sum="5"/>
<action no="2" player="KOPKHUNKRAP" type="15" sum="5"/>
<action no="3" player="SuBandiduu" type="1" discard="1" dealt="1" sum="30"/>
<action no="4" player="KOPKHUNKRAP" type="2" sum="60"/>
</round>
<round no="1"><cards type="Pocket" player="KOPKHUNKRAP">S7 D8</cards>
<cards type="Pocket" player="SuBandiduu">X X</cards>
<action no="5" player="SuBandiduu" type="3" discard="1" dealt="1" sum="30"/>
<action no="6" player="KOPKHUNKRAP" type="4" sum="0"/>
</round>
<round no="2"><cards type="Flop">H4 S2 CK</cards>
<action no="7" player="KOPKHUNKRAP" type="4" sum="0"/>
<action no="8" player="SuBandiduu" type="5" discard="1" dealt="1" sum="60"/>
<action no="9" player="KOPKHUNKRAP" type="0" sum="0"/>
</round>
</game>
<game gamecode="6569791505"><general>
<startdate>2025-12-24 17:35:38</startdate>
<round>1</round>
<failsafecounter/>
<players><player seat="6" name="SuBandiduu" chips="705" dealer="0" win="0" bet="65" muck="1" rebuy="0" addon="0" merge="0" rebuychips="0" reg_code="5083221065"/>
<player seat="3" name="KOPKHUNKRAP" chips="795" dealer="1" win="130" bet="125" muck="1" rebuy="0" addon="0" merge="0" rebuychips="0" reg_code="5083221054"/>
</players>
</general>
<round no="0"><action no="1" player="KOPKHUNKRAP" type="15" sum="5"/>
<action no="2" player="SuBandiduu" type="15" discard="1" dealt="1" sum="5"/>
<action no="3" player="KOPKHUNKRAP" type="1" sum="30"/>
<action no="4" player="SuBandiduu" type="2" discard="1" dealt="1" sum="60"/>
</round>
<round no="1"><cards type="Pocket" player="KOPKHUNKRAP">D6 S5</cards>
<cards type="Pocket" player="SuBandiduu">X X</cards>
<action no="5" player="KOPKHUNKRAP" type="3" sum="30"/>
<action no="6" player="SuBandiduu" type="4" discard="1" dealt="1" sum="0"/>
</round>
<round no="2"><cards type="Flop">DA SK D8</cards>
<action no="7" player="SuBandiduu" type="4" discard="1" dealt="1" sum="0"/>
<action no="8" player="KOPKHUNKRAP" type="5" sum="60"/>
<action no="9" player="SuBandiduu" type="0" discard="1" dealt="1" sum="0"/>
</round>
</game>
<game gamecode="6569791593"><general>
<startdate>2025-12-24 17:35:52</startdate>
<round>1</round>
<failsafecounter/>
<players><player seat="3" name="KOPKHUNKRAP" chips="860" dealer="0" win="0" bet="65" muck="1" rebuy="0" addon="0" merge="0" rebuychips="0" reg_code="5083221054"/>
<player seat="6" name="SuBandiduu" chips="640" dealer="1" win="130" bet="640" muck="1" rebuy="0" addon="0" merge="0" rebuychips="0" reg_code="5083221065"/>
</players>
</general>
<round no="0"><action no="1" player="SuBandiduu" type="15" discard="1" dealt="1" sum="5"/>
<action no="2" player="KOPKHUNKRAP" type="15" sum="5"/>
<action no="3" player="SuBandiduu" type="1" discard="1" dealt="1" sum="30"/>
<action no="4" player="KOPKHUNKRAP" type="2" sum="60"/>
</round>
<round no="1"><cards type="Pocket" player="SuBandiduu">X X</cards>
<cards type="Pocket" player="KOPKHUNKRAP">H2 S4</cards>
<action no="5" player="SuBandiduu" type="23" discard="1" dealt="1" sum="635"/>
<action no="6" player="KOPKHUNKRAP" type="0" sum="0"/>
</round>
</game>
<game gamecode="6569791647"><general>
<startdate>2025-12-24 17:36:00</startdate>
<round>1</round>
<failsafecounter/>
<players><player seat="6" name="SuBandiduu" chips="705" dealer="0" win="0" bet="227" muck="1" rebuy="0" addon="0" merge="0" rebuychips="0" reg_code="5083221065"/>
<player seat="3" name="KOPKHUNKRAP" chips="795" dealer="1" win="454" bet="795" muck="1" rebuy="0" addon="0" merge="0" rebuychips="0" reg_code="5083221054"/>
</players>
</general>
<round no="0"><action no="1" player="KOPKHUNKRAP" type="15" sum="5"/>
<action no="2" player="SuBandiduu" type="15" discard="1" dealt="1" sum="5"/>
<action no="3" player="KOPKHUNKRAP" type="1" sum="30"/>
<action no="4" player="SuBandiduu" type="2" discard="1" dealt="1" sum="60"/>
</round>
<round no="1"><cards type="Pocket" player="SuBandiduu">X X</cards>
<cards type="Pocket" player="KOPKHUNKRAP">DQ C10</cards>
<action no="5" player="KOPKHUNKRAP" type="3" sum="30"/>
<action no="6" player="SuBandiduu" type="23" discard="1" dealt="1" sum="150"/>
<action no="7" player="KOPKHUNKRAP" type="3" sum="90"/>
</round>
<round no="2"><cards type="Flop">D2 HK CA</cards>
<action no="8" player="SuBandiduu" type="5" discard="1" dealt="1" sum="72"/>
<action no="9" player="KOPKHUNKRAP" type="3" sum="72"/>
</round>
<round no="3"><cards type="Turn">HJ</cards>
<action no="10" player="SuBandiduu" type="4" discard="1" dealt="1" sum="0"/>
<action no="11" player="KOPKHUNKRAP" type="4" sum="0"/>
</round>
<round no="4"><cards type="River">S2</cards>
<action no="12" player="SuBandiduu" type="4" discard="1" dealt="1" sum="0"/>
<action no="13" player="KOPKHUNKRAP" type="5" sum="568"/>
<action no="14" player="SuBandiduu" type="0" discard="1" dealt="1" sum="0"/>
</round>
</game>
<game gamecode="6569791881"><general>
<startdate>2025-12-24 17:36:35</startdate>
<round>1</round>
<failsafecounter/>
<players><player seat="3" name="KOPKHUNKRAP" chips="1,022" dealer="0" win="0" bet="88" muck="1" rebuy="0" addon="0" merge="0" rebuychips="0" reg_code="5083221054"/>
<player seat="6" name="SuBandiduu" chips="478" dealer="1" win="176" bet="478" muck="1" rebuy="0" addon="0" merge="0" rebuychips="0" reg_code="5083221065"/>
</players>
</general>
<round no="0"><action no="1" player="SuBandiduu" type="15" discard="1" dealt="1" sum="8"/>
<action no="2" player="KOPKHUNKRAP" type="15" sum="8"/>
<action no="3" player="SuBandiduu" type="1" discard="1" dealt="1" sum="40"/>
<action no="4" player="KOPKHUNKRAP" type="2" sum="80"/>
</round>
<round no="1"><cards type="Pocket" player="SuBandiduu">X X</cards>
<cards type="Pocket" player="KOPKHUNKRAP">H3 C6</cards>
<action no="5" player="SuBandiduu" type="23" discard="1" dealt="1" sum="470"/>
<action no="6" player="KOPKHUNKRAP" type="0" sum="0"/>
</round>
</game>
<game gamecode="6569791918"><general>
<startdate>2025-12-24 17:36:41</startdate>
<round>1</round>
<failsafecounter/>
<players><player seat="6" name="SuBandiduu" chips="566" dealer="0" win="0" bet="88" muck="1" rebuy="0" addon="0" merge="0" rebuychips="0" reg_code="5083221065"/>
<player seat="3" name="KOPKHUNKRAP" chips="934" dealer="1" win="176" bet="934" muck="1" rebuy="0" addon="0" merge="0" rebuychips="0" reg_code="5083221054"/>
</players>
</general>
<round no="0"><action no="1" player="KOPKHUNKRAP" type="15" sum="8"/>
<action no="2" player="SuBandiduu" type="15" discard="1" dealt="1" sum="8"/>
<action no="3" player="KOPKHUNKRAP" type="1" sum="40"/>
<action no="4" player="SuBandiduu" type="2" discard="1" dealt="1" sum="80"/>
</round>
<round no="1"><cards type="Pocket" player="KOPKHUNKRAP">D7 C10</cards>
<cards type="Pocket" player="SuBandiduu">X X</cards>
<action no="5" player="KOPKHUNKRAP" type="23" sum="926"/>
<action no="6" player="SuBandiduu" type="0" discard="1" dealt="1" sum="0"/>
</round>
</game>
<game gamecode="6569792005"><general>
<startdate>2025-12-24 17:36:53</startdate>
<round>1</round>
<failsafecounter/>
<players><player seat="3" name="KOPKHUNKRAP" chips="1,022" dealer="0" win="956" bet="478" muck="0" rebuy="0" addon="0" merge="0" rebuychips="0" reg_code="5083221054"/>
<player seat="6" name="SuBandiduu" chips="478" dealer="1" win="0" bet="478" muck="0" rebuy="0" addon="0" merge="0" rebuychips="0" reg_code="5083221065"/>
</players>
</general>
<round no="0"><action no="1" player="SuBandiduu" type="15" discard="1" dealt="1" sum="8"/>
<action no="2" player="KOPKHUNKRAP" type="15" sum="8"/>
<action no="3" player="SuBandiduu" type="1" discard="1" dealt="1" sum="40"/>
<action no="4" player="KOPKHUNKRAP" type="2" sum="80"/>
</round>
<round no="1"><cards type="Pocket" player="KOPKHUNKRAP">SQ CK</cards>
<cards type="Pocket" player="SuBandiduu">C5 HJ</cards>
<action no="5" player="SuBandiduu" type="23" discard="1" dealt="1" sum="470"/>
<action no="6" player="KOPKHUNKRAP" type="3" sum="390"/>
</round>
<round no="2"><cards type="Flop">S8 S9 DQ</cards>
</round>
<round no="3"><cards type="Turn">HA</cards>
</round>
<round no="4"><cards type="River">H4</cards>
</round>
</game>
</session>
