<?xml version="1.0" encoding="UTF-8"?>
<session sessioncode="5083628093">
<general>
<client_version>25.7.1.50</client_version>
<mode>real</mode>
<gametype>Holdem NL</gametype>
<tablename>Twister €200 SNG, 824769760</tablename>
<tournamentcode>824769759</tournamentcode>
<tournamentname>Twister €200 SNG</tournamentname>
<buyin>€0 + €12 + €188</buyin>
<totalbuyin>€200</totalbuyin>
<rewarddrawn>€400</rewarddrawn>
<tournamentcurrency>EUR</tournamentcurrency>
<currency>EUR</currency>
<nickname>KOPKHUNKRAP</nickname>
<gamecount>34</gamecount>
<startdate>2025-12-26 07:02:08</startdate>
<place>1</place>
<win>€400</win>
<tablesize>3</tablesize>
</general>
<game gamecode="6571408985"><general>
<startdate>2025-12-26 07:02:24</startdate>
<round>1</round>
<failsafecounter/>
<players><player seat="10" name="Balberto" chips="500" dealer="0" win="20" bet="20" muck="1" rebuy="0" addon="0" merge="0" rebuychips="0" reg_code="5083630136"/>
<player seat="3" name="Zeeria" chips="500" dealer="1" win="0" bet="0" muck="1" rebuy="0" addon="0" merge="0" rebuychips="0" reg_code="5083627903"/>
<player seat="6" name="KOPKHUNKRAP" chips="500" dealer="0" win="0" bet="10" muck="1" rebuy="0" addon="0" merge="0" rebuychips="0" reg_code="5083628093"/>
</players>
</general>
<round no="0"><action no="1" player="KOPKHUNKRAP" type="1" sum="10"/>
<action no="2" player="Balberto" type="2" discard="1" dealt="1" sum="20"/>
</round>
<round no="1"><cards type="Pocket" player="Zeeria">X X</cards>
<cards type="Pocket" player="Balberto">X X</cards>
<cards type="Pocket" player="KOPKHUNKRAP">S3 S9</cards>
<action no="3" player="Zeeria" type="0" discard="1" dealt="1" sum="0"/>
<action no="4" player="KOPKHUNKRAP" type="0" sum="0"/>
</round>
</game>
<game gamecode="6571408995"><general>
<startdate>2025-12-26 07:02:31</startdate>
<round>1</round>
<failsafecounter/>
<players><player seat="3" name="Zeeria" chips="500" dealer="0" win="20" bet="20" muck="1" rebuy="0" addon="0" merge="0" rebuychips="0" reg_code="5083627903"/>
<player seat="6" name="KOPKHUNKRAP" chips="490" dealer="1" win="0" bet="0" muck="1" rebuy="0" addon="0" merge="0" rebuychips="0" reg_code="5083628093"/>
<player seat="10" name="Balberto" chips="510" dealer="0" win="0" bet="10" muck="1" rebuy="0" addon="0" merge="0" rebuychips="0" reg_code="5083630136"/>
</players>
</general>
<round no="0"><action no="1" player="Balberto" type="1" discard="1" dealt="1" sum="10"/>
<action no="2" player="Zeeria" type="2" discard="1" dealt="1" sum="20"/>
</round>
<round no="1"><cards type="Pocket" player="Balberto">X X</cards>
<cards type="Pocket" player="KOPKHUNKRAP">CQ D3</cards>
<cards type="Pocket" player="Zeeria">X X</cards>
<action no="3" player="KOPKHUNKRAP" type="0" sum="0"/>
<action no="4" player="Balberto" type="0" discard="1" dealt="1" sum="0"/>
</round>
</game>
<game gamecode="6571409004"><general>
<startdate>2025-12-26 07:02:40</startdate>
<round>1</round>
<failsafecounter/>
<players><player seat="6" name="KOPKHUNKRAP" chips="490" dealer="0" win="0" bet="20" muck="1" rebuy="0" addon="0" merge="0" rebuychips="0" reg_code="5083628093"/>
<player seat="10" name="Balberto" chips="500" dealer="1" win="50" bet="40" muck="1" rebuy="0" addon="0" merge="0" rebuychips="0" reg_code="5083630136"/>
<player seat="3" name="Zeeria" chips="510" dealer="0" win="0" bet="10" muck="1" rebuy="0" addon="0" merge="0" rebuychips="0" reg_code="5083627903"/>
</players>
</general>
<round no="0"><action no="1" player="Zeeria" type="1" discard="1" dealt="1" sum="10"/>
<action no="2" player="KOPKHUNKRAP" type="2" sum="20"/>
</round>
<round no="1"><cards type="Pocket" player="Zeeria">X X</cards>
<cards type="Pocket" player="KOPKHUNKRAP">SQ D4</cards>
<cards type="Pocket" player="Balberto">X X</cards>
<action no="3" player="Balberto" type="23" discard="1" dealt="1" sum="40"/>
<action no="4" player="Zeeria" type="0" discard="1" dealt="1" sum="0"/>
<action no="5" player="KOPKHUNKRAP" type="0" sum="0"/>
</round>
</game>
<game gamecode="6571409021"><general>
<startdate>2025-12-26 07:02:53</startdate>
<round>1</round>
<failsafecounter/>
<players><player seat="10" name="Balberto" chips="530" dealer="0" win="0" bet="20" muck="1" rebuy="0" addon="0" merge="0" rebuychips="0" reg_code="5083630136"/>
<player seat="3" name="Zeeria" chips="500" dealer="1" win="0" bet="40" muck="1" rebuy="0" addon="0" merge="0" rebuychips="0" reg_code="5083627903"/>
<player seat="6" name="KOPKHUNKRAP" chips="470" dealer="0" win="100" bet="470" muck="1" rebuy="0" addon="0" merge="0" rebuychips="0" reg_code="5083628093"/>
</players>
</general>
<round no="0"><action no="1" player="KOPKHUNKRAP" type="1" sum="10"/>
<action no="2" player="Balberto" type="2" discard="1" dealt="1" sum="20"/>
</round>
<round no="1"><cards type="Pocket" player="Zeeria">X X</cards>
<cards type="Pocket" player="KOPKHUNKRAP">SK HA</cards>
<cards type="Pocket" player="Balberto">X X</cards>
<action no="3" player="Zeeria" type="23" discard="1" dealt="1" sum="40"/>
<action no="4" player="KOPKHUNKRAP" type="23" sum="470"/>
<action no="5" player="Balberto" type="0" discard="1" dealt="1" sum="0"/>
<action no="6" player="Zeeria" type="0" discard="1" dealt="1" sum="0"/>
</round>
</game>
<game gamecode="6571409034"><general>
<startdate>2025-12-26 07:03:03</startdate>
<round>1</round>
<failsafecounter/>
<players><player seat="3" name="Zeeria" chips="460" dealer="0" win="0" bet="40" muck="1" rebuy="0" addon="0" merge="0" rebuychips="0" reg_code="5083627903"/>
<player seat="6" name="KOPKHUNKRAP" chips="530" dealer="1" win="120" bet="70" muck="1" rebuy="0" addon="0" merge="0" rebuychips="0" reg_code="5083628093"/>
<player seat="10" name="Balberto" chips="510" dealer="0" win="0" bet="40" muck="1" rebuy="0" addon="0" merge="0" rebuychips="0" reg_code="5083630136"/>
</players>
</general>
<round no="0"><action no="1" player="Balberto" type="1" discard="1" dealt="1" sum="10"/>
<action no="2" player="Zeeria" type="2" discard="1" dealt="1" sum="20"/>
</round>
<round no="1"><cards type="Pocket" player="Zeeria">X X</cards>
<cards type="Pocket" player="Balberto">X X</cards>
<cards type="Pocket" player="KOPKHUNKRAP">H8 HA</cards>
<action no="3" player="KOPKHUNKRAP" type="23" sum="40"/>
<action no="4" player="Balberto" type="3" discard="1" dealt="1" sum="30"/>
<action no="5" player="Zeeria" type="3" discard="1" dealt="1" sum="20"/>
</round>
<round no="2"><cards type="Flop">HK SK D6</cards>
<action no="6" player="Balberto" type="4" discard="1" dealt="1" sum="0"/>
<action no="7" player="Zeeria" type="4" discard="1" dealt="1" sum="0"/>
<action no="8" player="KOPKHUNKRAP" type="5" sum="30"/>
<action no="9" player="Balberto" type="0" discard="1" dealt="1" sum="0"/>
<action no="10" player="Zeeria" type="0" discard="1" dealt="1" sum="0"/>
</round>
</game>
<game gamecode="6571409060"><general>
<startdate>2025-12-26 07:03:30</startdate>
<round>1</round>
<failsafecounter/>
<players><player seat="6" name="KOPKHUNKRAP" chips="610" dealer="0" win="440" bet="420" muck="0" rebuy="0" addon="0" merge="0" rebuychips="0" reg_code="5083628093"/>
<player seat="10" name="Balberto" chips="470" dealer="1" win="0" bet="40" muck="1" rebuy="0" addon="0" merge="0" rebuychips="0" reg_code="5083630136"/>
<player seat="3" name="Zeeria" chips="420" dealer="0" win="440" bet="420" muck="0" rebuy="0" addon="0" merge="0" rebuychips="0" reg_code="5083627903"/>
</players>
</general>
<round no="0"><action no="1" player="Zeeria" type="1" discard="1" dealt="1" sum="10"/>
<action no="2" player="KOPKHUNKRAP" type="2" sum="20"/>
</round>
<round no="1"><cards type="Pocket" player="Zeeria">SJ D10</cards>
<cards type="Pocket" player="KOPKHUNKRAP">CJ C10</cards>
<cards type="Pocket" player="Balberto">X X</cards>
<action no="3" player="Balberto" type="23" discard="1" dealt="1" sum="40"/>
<action no="4" player="Zeeria" type="3" discard="1" dealt="1" sum="30"/>
<action no="5" player="KOPKHUNKRAP" type="3" sum="20"/>
</round>
<round no="2"><cards type="Flop">H7 DA SQ</cards>
<action no="6" player="Zeeria" type="4" discard="1" dealt="1" sum="0"/>
<action no="7" player="KOPKHUNKRAP" type="4" sum="0"/>
<action no="8" player="Balberto" type="4" discard="1" dealt="1" sum="0"/>
</round>
<round no="3"><cards type="Turn">SK</cards>
<action no="9" player="Zeeria" type="5" discard="1" dealt="1" sum="100"/>
<action no="10" player="KOPKHUNKRAP" type="3" sum="100"/>
<action no="11" player="Balberto" type="0" discard="1" dealt="1" sum="0"/>
</round>
<round no="4"><cards type="River">HK</cards>
<action no="12" player="Zeeria" type="5" discard="1" dealt="1" sum="280"/>
<action no="13" player="KOPKHUNKRAP" type="3" sum="280"/>
</round>
</game>
<game gamecode="6571409114"><general>
<startdate>2025-12-26 07:04:07</startdate>
<round>1</round>
<failsafecounter/>
<players><player seat="10" name="Balberto" chips="430" dealer="0" win="0" bet="35" muck="1" rebuy="0" addon="0" merge="0" rebuychips="0" reg_code="5083630136"/>
<player seat="3" name="Zeeria" chips="440" dealer="1" win="0" bet="5" muck="1" rebuy="0" addon="0" merge="0" rebuychips="0" reg_code="5083627903"/>
<player seat="6" name="KOPKHUNKRAP" chips="630" dealer="0" win="75" bet="630" muck="1" rebuy="0" addon="0" merge="0" rebuychips="0" reg_code="5083628093"/>
</players>
</general>
<round no="0"><action no="1" player="KOPKHUNKRAP" type="15" sum="5"/>
<action no="2" player="Balberto" type="15" discard="1" dealt="1" sum="5"/>
<action no="3" player="Zeeria" type="15" discard="1" dealt="1" sum="5"/>
<action no="4" player="KOPKHUNKRAP" type="1" sum="15"/>
<action no="5" player="Balberto" type="2" discard="1" dealt="1" sum="30"/>
</round>
<round no="1"><cards type="Pocket" player="Zeeria">X X</cards>
<cards type="Pocket" player="KOPKHUNKRAP">DA D2</cards>
<cards type="Pocket" player="Balberto">X X</cards>
<action no="6" player="Zeeria" type="0" discard="1" dealt="1" sum="0"/>
<action no="7" player="KOPKHUNKRAP" type="23" sum="625"/>
<action no="8" player="Balberto" type="0" discard="1" dealt="1" sum="0"/>
</round>
</game>
<game gamecode="6571409129"><general>
<startdate>2025-12-26 07:04:19</startdate>
<round>1</round>
<failsafecounter/>
<players><player seat="3" name="Zeeria" chips="435" dealer="0" win="240" bet="185" muck="1" rebuy="0" addon="0" merge="0" rebuychips="0" reg_code="5083627903"/>
<player seat="6" name="KOPKHUNKRAP" chips="670" dealer="1" win="0" bet="110" muck="1" rebuy="0" addon="0" merge="0" rebuychips="0" reg_code="5083628093"/>
<player seat="10" name="Balberto" chips="395" dealer="0" win="0" bet="20" muck="1" rebuy="0" addon="0" merge="0" rebuychips="0" reg_code="5083630136"/>
</players>
</general>
<round no="0"><action no="1" player="Balberto" type="15" discard="1" dealt="1" sum="5"/>
<action no="2" player="Zeeria" type="15" discard="1" dealt="1" sum="5"/>
<action no="3" player="KOPKHUNKRAP" type="15" sum="5"/>
<action no="4" player="Balberto" type="1" discard="1" dealt="1" sum="15"/>
<action no="5" player="Zeeria" type="2" discard="1" dealt="1" sum="30"/>
</round>
<round no="1"><cards type="Pocket" player="KOPKHUNKRAP">D10 CQ</cards>
<cards type="Pocket" player="Balberto">X X</cards>
<cards type="Pocket" player="Zeeria">X X</cards>
<action no="6" player="KOPKHUNKRAP" type="23" sum="60"/>
<action no="7" player="Balberto" type="0" discard="1" dealt="1" sum="0"/>
<action no="8" player="Zeeria" type="3" discard="1" dealt="1" sum="30"/>
</round>
<round no="2"><cards type="Flop">H7 D4 HA</cards>
<action no="9" player="Zeeria" type="4" discard="1" dealt="1" sum="0"/>
<action no="10" player="KOPKHUNKRAP" type="5" sum="45"/>
<action no="11" player="Zeeria" type="23" discard="1" dealt="1" sum="120"/>
<action no="12" player="KOPKHUNKRAP" type="0" sum="0"/>
</round>
</game>
<game gamecode="6571409160"><general>
<startdate>2025-12-26 07:04:50</startdate>
<round>1</round>
<failsafecounter/>
<players><player seat="6" name="KOPKHUNKRAP" chips="560" dealer="0" win="300" bet="560" muck="1" rebuy="0" addon="0" merge="0" rebuychips="0" reg_code="5083628093"/>
<player seat="10" name="Balberto" chips="375" dealer="1" win="0" bet="140" muck="1" rebuy="0" addon="0" merge="0" rebuychips="0" reg_code="5083630136"/>
<player seat="3" name="Zeeria" chips="565" dealer="0" win="0" bet="20" muck="1" rebuy="0" addon="0" merge="0" rebuychips="0" reg_code="5083627903"/>
</players>
</general>
<round no="0"><action no="1" player="Zeeria" type="15" discard="1" dealt="1" sum="5"/>
<action no="2" player="KOPKHUNKRAP" type="15" sum="5"/>
<action no="3" player="Balberto" type="15" discard="1" dealt="1" sum="5"/>
<action no="4" player="Zeeria" type="1" discard="1" dealt="1" sum="15"/>
<action no="5" player="KOPKHUNKRAP" type="2" sum="30"/>
</round>
<round no="1"><cards type="Pocket" player="KOPKHUNKRAP">HA S2</cards>
<cards type="Pocket" player="Zeeria">X X</cards>
<cards type="Pocket" player="Balberto">X X</cards>
<action no="6" player="Balberto" type="23" discard="1" dealt="1" sum="60"/>
<action no="7" player="Zeeria" type="0" discard="1" dealt="1" sum="0"/>
<action no="8" player="KOPKHUNKRAP" type="3" sum="30"/>
</round>
<round no="2"><cards type="Flop">S6 SA C10</cards>
<action no="9" player="KOPKHUNKRAP" type="4" sum="0"/>
<action no="10" player="Balberto" type="4" discard="1" dealt="1" sum="0"/>
</round>
<round no="3"><cards type="Turn">C2</cards>
<action no="11" player="KOPKHUNKRAP" type="5" sum="75"/>
<action no="12" player="Balberto" type="3" discard="1" dealt="1" sum="75"/>
</round>
<round no="4"><cards type="River">S10</cards>
<action no="13" player="KOPKHUNKRAP" type="5" sum="420"/>
<action no="14" player="Balberto" type="0" discard="1" dealt="1" sum="0"/>
</round>
</game>
<game gamecode="6571409196"><general>
<startdate>2025-12-26 07:05:18</startdate>
<round>1</round>
<failsafecounter/>
<players><player seat="10" name="Balberto" chips="235" dealer="0" win="0" bet="35" muck="1" rebuy="0" addon="0" merge="0" rebuychips="0" reg_code="5083630136"/>
<player seat="3" name="Zeeria" chips="545" dealer="1" win="0" bet="5" muck="1" rebuy="0" addon="0" merge="0" rebuychips="0" reg_code="5083627903"/>
<player seat="6" name="KOPKHUNKRAP" chips="720" dealer="0" win="75" bet="720" muck="1" rebuy="0" addon="0" merge="0" rebuychips="0" reg_code="5083628093"/>
</players>
</general>
<round no="0"><action no="1" player="KOPKHUNKRAP" type="15" sum="5"/>
<action no="2" player="Balberto" type="15" discard="1" dealt="1" sum="5"/>
<action no="3" player="Zeeria" type="15" discard="1" dealt="1" sum="5"/>
<action no="4" player="KOPKHUNKRAP" type="1" sum="15"/>
<action no="5" player="Balberto" type="2" discard="1" dealt="1" sum="30"/>
</round>
<round no="1"><cards type="Pocket" player="KOPKHUNKRAP">HQ HA</cards>
<cards type="Pocket" player="Zeeria">X X</cards>
<cards type="Pocket" player="Balberto">X X</cards>
<action no="6" player="Zeeria" type="0" discard="1" dealt="1" sum="0"/>
<action no="7" player="KOPKHUNKRAP" type="23" sum="715"/>
<action no="8" player="Balberto" type="0" discard="1" dealt="1" sum="0"/>
</round>
</game>
<game gamecode="6571409214"><general>
<startdate>2025-12-26 07:05:31</startdate>
<round>1</round>
<failsafecounter/>
<players><player seat="3" name="Zeeria" chips="540" dealer="0" win="0" bet="35" muck="1" rebuy="0" addon="0" merge="0" rebuychips="0" reg_code="5083627903"/>
<player seat="6" name="KOPKHUNKRAP" chips="760" dealer="1" win="0" bet="5" muck="1" rebuy="0" addon="0" merge="0" rebuychips="0" reg_code="5083628093"/>
<player seat="10" name="Balberto" chips="200" dealer="0" win="75" bet="65" muck="1" rebuy="0" addon="0" merge="0" rebuychips="0" reg_code="5083630136"/>
</players>
</general>
<round no="0"><action no="1" player="Balberto" type="15" discard="1" dealt="1" sum="5"/>
<action no="2" player="Zeeria" type="15" discard="1" dealt="1" sum="5"/>
<action no="3" player="KOPKHUNKRAP" type="15" sum="5"/>
<action no="4" player="Balberto" type="1" discard="1" dealt="1" sum="15"/>
<action no="5" player="Zeeria" type="2" discard="1" dealt="1" sum="30"/>
</round>
<round no="1"><cards type="Pocket" player="Zeeria">X X</cards>
<cards type="Pocket" player="Balberto">X X</cards>
<cards type="Pocket" player="KOPKHUNKRAP">S6 C3</cards>
<action no="6" player="KOPKHUNKRAP" type="0" sum="0"/>
<action no="7" player="Balberto" type="23" discard="1" dealt="1" sum="60"/>
<action no="8" player="Zeeria" type="0" discard="1" dealt="1" sum="0"/>
</round>
</game>
<game gamecode="6571409229"><general>
<startdate>2025-12-26 07:05:40</startdate>
<round>1</round>
<failsafecounter/>
<players><player seat="6" name="KOPKHUNKRAP" chips="755" dealer="0" win="0" bet="35" muck="1" rebuy="0" addon="0" merge="0" rebuychips="0" reg_code="5083628093"/>
<player seat="10" name="Balberto" chips="240" dealer="1" win="0" bet="35" muck="1" rebuy="0" addon="0" merge="0" rebuychips="0" reg_code="5083630136"/>
<player seat="3" name="Zeeria" chips="505" dealer="0" win="105" bet="505" muck="1" rebuy="0" addon="0" merge="0" rebuychips="0" reg_code="5083627903"/>
</players>
</general>
<round no="0"><action no="1" player="Zeeria" type="15" discard="1" dealt="1" sum="5"/>
<action no="2" player="KOPKHUNKRAP" type="15" sum="5"/>
<action no="3" player="Balberto" type="15" discard="1" dealt="1" sum="5"/>
<action no="4" player="Zeeria" type="1" discard="1" dealt="1" sum="15"/>
<action no="5" player="KOPKHUNKRAP" type="2" sum="30"/>
</round>
<round no="1"><cards type="Pocket" player="Balberto">X X</cards>
<cards type="Pocket" player="KOPKHUNKRAP">S6 S10</cards>
<cards type="Pocket" player="Zeeria">X X</cards>
<action no="6" player="Balberto" type="3" discard="1" dealt="1" sum="30"/>
<action no="7" player="Zeeria" type="23" discard="1" dealt="1" sum="500"/>
<action no="8" player="KOPKHUNKRAP" type="0" sum="0"/>
<action no="9" player="Balberto" type="0" discard="1" dealt="1" sum="0"/>
</round>
</game>
<game gamecode="6571409244"><general>
<startdate>2025-12-26 07:05:52</startdate>
<round>1</round>
<failsafecounter/>
<players><player seat="10" name="Balberto" chips="205" dealer="0" win="0" bet="45" muck="1" rebuy="0" addon="0" merge="0" rebuychips="0" reg_code="5083630136"/>
<player seat="3" name="Zeeria" chips="575" dealer="1" win="0" bet="5" muck="1" rebuy="0" addon="0" merge="0" rebuychips="0" reg_code="5083627903"/>
<player seat="6" name="KOPKHUNKRAP" chips="720" dealer="0" win="95" bet="720" muck="1" rebuy="0" addon="0" merge="0" rebuychips="0" reg_code="5083628093"/>
</players>
</general>
<round no="0"><action no="1" player="KOPKHUNKRAP" type="15" sum="5"/>
<action no="2" player="Balberto" type="15" discard="1" dealt="1" sum="5"/>
<action no="3" player="Zeeria" type="15" discard="1" dealt="1" sum="5"/>
<action no="4" player="KOPKHUNKRAP" type="1" sum="20"/>
<action no="5" player="Balberto" type="2" discard="1" dealt="1" sum="40"/>
</round>
<round no="1"><cards type="Pocket" player="Zeeria">X X</cards>
<cards type="Pocket" player="Balberto">X X</cards>
<cards type="Pocket" player="KOPKHUNKRAP">H8 CA</cards>
<action no="6" player="Zeeria" type="0" discard="1" dealt="1" sum="0"/>
<action no="7" player="KOPKHUNKRAP" type="23" sum="715"/>
<action no="8" player="Balberto" type="0" discard="1" dealt="1" sum="0"/>
</round>
</game>
<game gamecode="6571409255"><general>
<startdate>2025-12-26 07:06:01</startdate>
<round>1</round>
<failsafecounter/>
<players><player seat="3" name="Zeeria" chips="570" dealer="0" win="95" bet="165" muck="1" rebuy="0" addon="0" merge="0" rebuychips="0" reg_code="5083627903"/>
<player seat="6" name="KOPKHUNKRAP" chips="770" dealer="1" win="0" bet="5" muck="1" rebuy="0" addon="0" merge="0" rebuychips="0" reg_code="5083628093"/>
<player seat="10" name="Balberto" chips="160" dealer="0" win="0" bet="45" muck="1" rebuy="0" addon="0" merge="0" rebuychips="0" reg_code="5083630136"/>
</players>
</general>
<round no="0"><action no="1" player="Balberto" type="15" discard="1" dealt="1" sum="5"/>
<action no="2" player="Zeeria" type="15" discard="1" dealt="1" sum="5"/>
<action no="3" player="KOPKHUNKRAP" type="15" sum="5"/>
<action no="4" player="Balberto" type="1" discard="1" dealt="1" sum="20"/>
<action no="5" player="Zeeria" type="2" discard="1" dealt="1" sum="40"/>
</round>
<round no="1"><cards type="Pocket" player="Zeeria">X X</cards>
<cards type="Pocket" player="KOPKHUNKRAP">S9 S3</cards>
<cards type="Pocket" player="Balberto">X X</cards>
<action no="6" player="KOPKHUNKRAP" type="0" sum="0"/>
<action no="7" player="Balberto" type="3" discard="1" dealt="1" sum="20"/>
<action no="8" player="Zeeria" type="23" discard="1" dealt="1" sum="160"/>
<action no="9" player="Balberto" type="0" discard="1" dealt="1" sum="0"/>
</round>
</game>
<game gamecode="6571409272"><general>
<startdate>2025-12-26 07:06:14</startdate>
<round>1</round>
<failsafecounter/>
<players><player seat="6" name="KOPKHUNKRAP" chips="765" dealer="0" win="0" bet="45" muck="1" rebuy="0" addon="0" merge="0" rebuychips="0" reg_code="5083628093"/>
<player seat="10" name="Balberto" chips="115" dealer="1" win="0" bet="5" muck="1" rebuy="0" addon="0" merge="0" rebuychips="0" reg_code="5083630136"/>
<player seat="3" name="Zeeria" chips="620" dealer="0" win="95" bet="620" muck="1" rebuy="0" addon="0" merge="0" rebuychips="0" reg_code="5083627903"/>
</players>
</general>
<round no="0"><action no="1" player="Zeeria" type="15" discard="1" dealt="1" sum="5"/>
<action no="2" player="KOPKHUNKRAP" type="15" sum="5"/>
<action no="3" player="Balberto" type="15" discard="1" dealt="1" sum="5"/>
<action no="4" player="Zeeria" type="1" discard="1" dealt="1" sum="20"/>
<action no="5" player="KOPKHUNKRAP" type="2" sum="40"/>
</round>
<round no="1"><cards type="Pocket" player="KOPKHUNKRAP">HJ D4</cards>
<cards type="Pocket" player="Zeeria">X X</cards>
<cards type="Pocket" player="Balberto">X X</cards>
<action no="6" player="Balberto" type="0" discard="1" dealt="1" sum="0"/>
<action no="7" player="Zeeria" type="23" discard="1" dealt="1" sum="615"/>
<action no="8" player="KOPKHUNKRAP" type="0" sum="0"/>
</round>
</game>
<game gamecode="6571409289"><general>
<startdate>2025-12-26 07:06:30</startdate>
<round>1</round>
<failsafecounter/>
<players><player seat="10" name="Balberto" chips="110" dealer="0" win="245" bet="110" muck="0" rebuy="0" addon="0" merge="0" rebuychips="0" reg_code="5083630136"/>
<player seat="3" name="Zeeria" chips="670" dealer="1" win="0" bet="110" muck="1" rebuy="0" addon="0" merge="0" rebuychips="0" reg_code="5083627903"/>
<player seat="6" name="KOPKHUNKRAP" chips="720" dealer="0" win="0" bet="25" muck="1" rebuy="0" addon="0" merge="0" rebuychips="0" reg_code="5083628093"/>
</players>
</general>
<round no="0"><action no="1" player="KOPKHUNKRAP" type="15" sum="5"/>
<action no="2" player="Balberto" type="15" discard="1" dealt="1" sum="5"/>
<action no="3" player="Zeeria" type="15" discard="1" dealt="1" sum="5"/>
<action no="4" player="KOPKHUNKRAP" type="1" sum="20"/>
<action no="5" player="Balberto" type="2" discard="1" dealt="1" sum="40"/>
</round>
<round no="1"><cards type="Pocket" player="Zeeria">DQ SK</cards>
<cards type="Pocket" player="KOPKHUNKRAP">C9 C6</cards>
<cards type="Pocket" player="Balberto">HJ CQ</cards>
<action no="6" player="Zeeria" type="23" discard="1" dealt="1" sum="80"/>
<action no="7" player="KOPKHUNKRAP" type="0" sum="0"/>
<action no="8" player="Balberto" type="7" discard="1" dealt="1" sum="65"/>
<action no="9" player="Zeeria" type="3" discard="1" dealt="1" sum="25"/>
</round>
<round no="2"><cards type="Flop">D9 SQ D3</cards>
</round>
<round no="3"><cards type="Turn">C8</cards>
</round>
<round no="4"><cards type="River">SJ</cards>
</round>
</game>
<game gamecode="6571409324"><general>
<startdate>2025-12-26 07:06:51</startdate>
<round>1</round>
<failsafecounter/>
<players><player seat="3" name="Zeeria" chips="560" dealer="0" win="0" bet="45" muck="1" rebuy="0" addon="0" merge="0" rebuychips="0" reg_code="5083627903"/>
<player seat="6" name="KOPKHUNKRAP" chips="695" dealer="1" win="115" bet="695" muck="1" rebuy="0" addon="0" merge="0" rebuychips="0" reg_code="5083628093"/>
<player seat="10" name="Balberto" chips="245" dealer="0" win="0" bet="25" muck="1" rebuy="0" addon="0" merge="0" rebuychips="0" reg_code="5083630136"/>
</players>
</general>
<round no="0"><action no="1" player="Balberto" type="15" discard="1" dealt="1" sum="5"/>
<action no="2" player="Zeeria" type="15" discard="1" dealt="1" sum="5"/>
<action no="3" player="KOPKHUNKRAP" type="15" sum="5"/>
<action no="4" player="Balberto" type="1" discard="1" dealt="1" sum="20"/>
<action no="5" player="Zeeria" type="2" discard="1" dealt="1" sum="40"/>
</round>
<round no="1"><cards type="Pocket" player="Balberto">X X</cards>
<cards type="Pocket" player="KOPKHUNKRAP">DQ SJ</cards>
<cards type="Pocket" player="Zeeria">X X</cards>
<action no="6" player="KOPKHUNKRAP" type="23" sum="690"/>
<action no="7" player="Balberto" type="0" discard="1" dealt="1" sum="0"/>
<action no="8" player="Zeeria" type="0" discard="1" dealt="1" sum="0"/>
</round>
</game>
<game gamecode="6571409341"><general>
<startdate>2025-12-26 07:07:04</startdate>
<round>1</round>
<failsafecounter/>
<players><player seat="6" name="KOPKHUNKRAP" chips="765" dealer="0" win="0" bet="45" muck="1" rebuy="0" addon="0" merge="0" rebuychips="0" reg_code="5083628093"/>
<player seat="10" name="Balberto" chips="220" dealer="1" win="0" bet="5" muck="1" rebuy="0" addon="0" merge="0" rebuychips="0" reg_code="5083630136"/>
<player seat="3" name="Zeeria" chips="515" dealer="0" win="95" bet="85" muck="1" rebuy="0" addon="0" merge="0" rebuychips="0" reg_code="5083627903"/>
</players>
</general>
<round no="0"><action no="1" player="Zeeria" type="15" discard="1" dealt="1" sum="5"/>
<action no="2" player="KOPKHUNKRAP" type="15" sum="5"/>
<action no="3" player="Balberto" type="15" discard="1" dealt="1" sum="5"/>
<action no="4" player="Zeeria" type="1" discard="1" dealt="1" sum="20"/>
<action no="5" player="KOPKHUNKRAP" type="2" sum="40"/>
</round>
<round no="1"><cards type="Pocket" player="KOPKHUNKRAP">C4 S10</cards>
<cards type="Pocket" player="Balberto">X X</cards>
<cards type="Pocket" player="Zeeria">X X</cards>
<action no="6" player="Balberto" type="0" discard="1" dealt="1" sum="0"/>
<action no="7" player="Zeeria" type="23" discard="1" dealt="1" sum="80"/>
<action no="8" player="KOPKHUNKRAP" type="0" sum="0"/>
</round>
</game>
<game gamecode="6571409354"><general>
<startdate>2025-12-26 07:07:13</startdate>
<round>1</round>
<failsafecounter/>
<players><player seat="10" name="Balberto" chips="215" dealer="0" win="0" bet="45" muck="1" rebuy="0" addon="0" merge="0" rebuychips="0" reg_code="5083630136"/>
<player seat="3" name="Zeeria" chips="565" dealer="1" win="0" bet="5" muck="1" rebuy="0" addon="0" merge="0" rebuychips="0" reg_code="5083627903"/>
<player seat="6" name="KOPKHUNKRAP" chips="720" dealer="0" win="95" bet="720" muck="1" rebuy="0" addon="0" merge="0" rebuychips="0" reg_code="5083628093"/>
</players>
</general>
<round no="0"><action no="1" player="KOPKHUNKRAP" type="15" sum="5"/>
<action no="2" player="Balberto" type="15" discard="1" dealt="1" sum="5"/>
<action no="3" player="Zeeria" type="15" discard="1" dealt="1" sum="5"/>
<action no="4" player="KOPKHUNKRAP" type="1" sum="20"/>
<action no="5" player="Balberto" type="2" discard="1" dealt="1" sum="40"/>
</round>
<round no="1"><cards type="Pocket" player="Balberto">X X</cards>
<cards type="Pocket" player="KOPKHUNKRAP">CQ H9</cards>
<cards type="Pocket" player="Zeeria">X X</cards>
<action no="6" player="Zeeria" type="0" discard="1" dealt="1" sum="0"/>
<action no="7" player="KOPKHUNKRAP" type="23" sum="715"/>
<action no="8" player="Balberto" type="0" discard="1" dealt="1" sum="0"/>
</round>
</game>
<game gamecode="6571409365"><general>
<startdate>2025-12-26 07:07:22</startdate>
<round>1</round>
<failsafecounter/>
<players><player seat="3" name="Zeeria" chips="560" dealer="0" win="75" bet="65" muck="1" rebuy="0" addon="0" merge="0" rebuychips="0" reg_code="5083627903"/>
<player seat="6" name="KOPKHUNKRAP" chips="770" dealer="1" win="0" bet="5" muck="1" rebuy="0" addon="0" merge="0" rebuychips="0" reg_code="5083628093"/>
<player seat="10" name="Balberto" chips="170" dealer="0" win="0" bet="35" muck="1" rebuy="0" addon="0" merge="0" rebuychips="0" reg_code="5083630136"/>
</players>
</general>
<round no="0"><action no="1" player="Balberto" type="15" discard="1" dealt="1" sum="5"/>
<action no="2" player="Zeeria" type="15" discard="1" dealt="1" sum="5"/>
<action no="3" player="KOPKHUNKRAP" type="15" sum="5"/>
<action no="4" player="Balberto" type="1" discard="1" dealt="1" sum="30"/>
<action no="5" player="Zeeria" type="2" discard="1" dealt="1" sum="60"/>
</round>
<round no="1"><cards type="Pocket" player="Zeeria">X X</cards>
<cards type="Pocket" player="KOPKHUNKRAP">S3 HK</cards>
<cards type="Pocket" player="Balberto">X X</cards>
<action no="6" player="KOPKHUNKRAP" type="0" sum="0"/>
<action no="7" player="Balberto" type="0" discard="1" dealt="1" sum="0"/>
</round>
</game>
<game gamecode="6571409376"><general>
<startdate>2025-12-26 07:07:30</startdate>
<round>1</round>
<failsafecounter/>
<players><player seat="6" name="KOPKHUNKRAP" chips="765" dealer="0" win="0" bet="135" muck="1" rebuy="0" addon="0" merge="0" rebuychips="0" reg_code="5083628093"/>
<player seat="10" name="Balberto" chips="135" dealer="1" win="305" bet="135" muck="0" rebuy="0" addon="0" merge="0" rebuychips="0" reg_code="5083630136"/>
<player seat="3" name="Zeeria" chips="600" dealer="0" win="0" bet="35" muck="1" rebuy="0" addon="0" merge="0" rebuychips="0" reg_code="5083627903"/>
</players>
</general>
<round no="0"><action no="1" player="Zeeria" type="15" discard="1" dealt="1" sum="5"/>
<action no="2" player="KOPKHUNKRAP" type="15" sum="5"/>
<action no="3" player="Balberto" type="15" discard="1" dealt="1" sum="5"/>
<action no="4" player="Zeeria" type="1" discard="1" dealt="1" sum="30"/>
<action no="5" player="KOPKHUNKRAP" type="2" sum="60"/>
</round>
<round no="1"><cards type="Pocket" player="Balberto">D9 DJ</cards>
<cards type="Pocket" player="KOPKHUNKRAP">DQ C10</cards>
<cards type="Pocket" player="Zeeria">X X</cards>
<action no="6" player="Balberto" type="23" discard="1" dealt="1" sum="130"/>
<action no="7" player="Zeeria" type="0" discard="1" dealt="1" sum="0"/>
<action no="8" player="KOPKHUNKRAP" type="3" sum="70"/>
</round>
<round no="2"><cards type="Flop">CJ HA H2</cards>
</round>
<round no="3"><cards type="Turn">D2</cards>
</round>
<round no="4"><cards type="River">C6</cards>
</round>
</game>
<game gamecode="6571409408"><general>
<startdate>2025-12-26 07:07:56</startdate>
<round>1</round>
<failsafecounter/>
<players><player seat="10" name="Balberto" chips="305" dealer="0" win="0" bet="65" muck="1" rebuy="0" addon="0" merge="0" rebuychips="0" reg_code="5083630136"/>
<player seat="3" name="Zeeria" chips="565" dealer="1" win="0" bet="5" muck="1" rebuy="0" addon="0" merge="0" rebuychips="0" reg_code="5083627903"/>
<player seat="6" name="KOPKHUNKRAP" chips="630" dealer="0" win="135" bet="630" muck="1" rebuy="0" addon="0" merge="0" rebuychips="0" reg_code="5083628093"/>
</players>
</general>
<round no="0"><action no="1" player="KOPKHUNKRAP" type="15" sum="5"/>
<action no="2" player="Balberto" type="15" discard="1" dealt="1" sum="5"/>
<action no="3" player="Zeeria" type="15" discard="1" dealt="1" sum="5"/>
<action no="4" player="KOPKHUNKRAP" type="1" sum="30"/>
<action no="5" player="Balberto" type="2" discard="1" dealt="1" sum="60"/>
</round>
<round no="1"><cards type="Pocket" player="KOPKHUNKRAP">S8 D7</cards>
<cards type="Pocket" player="Balberto">X X</cards>
<cards type="Pocket" player="Zeeria">X X</cards>
<action no="6" player="Zeeria" type="0" discard="1" dealt="1" sum="0"/>
<action no="7" player="KOPKHUNKRAP" type="23" sum="625"/>
<action no="8" player="Balberto" type="0" discard="1" dealt="1" sum="0"/>
</round>
</game>
<game gamecode="6571409423"><general>
<startdate>2025-12-26 07:08:08</startdate>
<round>1</round>
<failsafecounter/>
<players><player seat="3" name="Zeeria" chips="560" dealer="0" win="0" bet="65" muck="1" rebuy="0" addon="0" merge="0" rebuychips="0" reg_code="5083627903"/>
<player seat="6" name="KOPKHUNKRAP" chips="700" dealer="1" win="0" bet="5" muck="1" rebuy="0" addon="0" merge="0" rebuychips="0" reg_code="5083628093"/>
<player seat="10" name="Balberto" chips="240" dealer="0" win="135" bet="240" muck="1" rebuy="0" addon="0" merge="0" rebuychips="0" reg_code="5083630136"/>
</players>
</general>
<round no="0"><action no="1" player="Balberto" type="15" discard="1" dealt="1" sum="5"/>
<action no="2" player="Zeeria" type="15" discard="1" dealt="1" sum="5"/>
<action no="3" player="KOPKHUNKRAP" type="15" sum="5"/>
<action no="4" player="Balberto" type="1" discard="1" dealt="1" sum="30"/>
<action no="5" player="Zeeria" type="2" discard="1" dealt="1" sum="60"/>
</round>
<round no="1"><cards type="Pocket" player="Balberto">X X</cards>
<cards type="Pocket" player="Zeeria">X X</cards>
<cards type="Pocket" player="KOPKHUNKRAP">S6 C2</cards>
<action no="6" player="KOPKHUNKRAP" type="0" sum="0"/>
<action no="7" player="Balberto" type="23" discard="1" dealt="1" sum="235"/>
<action no="8" player="Zeeria" type="0" discard="1" dealt="1" sum="0"/>
</round>
</game>
<game gamecode="6571409443"><general>
<startdate>2025-12-26 07:08:26</startdate>
<round>1</round>
<failsafecounter/>
<players><player seat="6" name="KOPKHUNKRAP" chips="695" dealer="0" win="0" bet="65" muck="1" rebuy="0" addon="0" merge="0" rebuychips="0" reg_code="5083628093"/>
<player seat="10" name="Balberto" chips="310" dealer="1" win="0" bet="5" muck="1" rebuy="0" addon="0" merge="0" rebuychips="0" reg_code="5083630136"/>
<player seat="3" name="Zeeria" chips="495" dealer="0" win="135" bet="495" muck="1" rebuy="0" addon="0" merge="0" rebuychips="0" reg_code="5083627903"/>
</players>
</general>
<round no="0"><action no="1" player="Zeeria" type="15" discard="1" dealt="1" sum="5"/>
<action no="2" player="KOPKHUNKRAP" type="15" sum="5"/>
<action no="3" player="Balberto" type="15" discard="1" dealt="1" sum="5"/>
<action no="4" player="Zeeria" type="1" discard="1" dealt="1" sum="30"/>
<action no="5" player="KOPKHUNKRAP" type="2" sum="60"/>
</round>
<round no="1"><cards type="Pocket" player="KOPKHUNKRAP">S2 C5</cards>
<cards type="Pocket" player="Balberto">X X</cards>
<cards type="Pocket" player="Zeeria">X X</cards>
<action no="6" player="Balberto" type="0" discard="1" dealt="1" sum="0"/>
<action no="7" player="Zeeria" type="23" discard="1" dealt="1" sum="490"/>
<action no="8" player="KOPKHUNKRAP" type="0" sum="0"/>
</round>
</game>
<game gamecode="6571409457"><general>
<startdate>2025-12-26 07:08:37</startdate>
<round>1</round>
<failsafecounter/>
<players><player seat="10" name="Balberto" chips="305" dealer="0" win="0" bet="65" muck="1" rebuy="0" addon="0" merge="0" rebuychips="0" reg_code="5083630136"/>
<player seat="3" name="Zeeria" chips="565" dealer="1" win="0" bet="5" muck="1" rebuy="0" addon="0" merge="0" rebuychips="0" reg_code="5083627903"/>
<player seat="6" name="KOPKHUNKRAP" chips="630" dealer="0" win="135" bet="630" muck="1" rebuy="0" addon="0" merge="0" rebuychips="0" reg_code="5083628093"/>
</players>
</general>
<round no="0"><action no="1" player="KOPKHUNKRAP" type="15" sum="5"/>
<action no="2" player="Balberto" type="15" discard="1" dealt="1" sum="5"/>
<action no="3" player="Zeeria" type="15" discard="1" dealt="1" sum="5"/>
<action no="4" player="KOPKHUNKRAP" type="1" sum="30"/>
<action no="5" player="Balberto" type="2" discard="1" dealt="1" sum="60"/>
</round>
<round no="1"><cards type="Pocket" player="Zeeria">X X</cards>
<cards type="Pocket" player="Balberto">X X</cards>
<cards type="Pocket" player="KOPKHUNKRAP">C3 CK</cards>
<action no="6" player="Zeeria" type="0" discard="1" dealt="1" sum="0"/>
<action no="7" player="KOPKHUNKRAP" type="23" sum="625"/>
<action no="8" player="Balberto" type="0" discard="1" dealt="1" sum="0"/>
</round>
</game>
<game gamecode="6571409476"><general>
<startdate>2025-12-26 07:08:51</startdate>
<round>1</round>
<failsafecounter/>
<players><player seat="3" name="Zeeria" chips="560" dealer="0" win="0" bet="240" muck="1" rebuy="0" addon="0" merge="0" rebuychips="0" reg_code="5083627903"/>
<player seat="6" name="KOPKHUNKRAP" chips="700" dealer="1" win="0" bet="5" muck="1" rebuy="0" addon="0" merge="0" rebuychips="0" reg_code="5083628093"/>
<player seat="10" name="Balberto" chips="240" dealer="0" win="485" bet="240" muck="0" rebuy="0" addon="0" merge="0" rebuychips="0" reg_code="5083630136"/>
</players>
</general>
<round no="0"><action no="1" player="Balberto" type="15" discard="1" dealt="1" sum="5"/>
<action no="2" player="Zeeria" type="15" discard="1" dealt="1" sum="5"/>
<action no="3" player="KOPKHUNKRAP" type="15" sum="5"/>
<action no="4" player="Balberto" type="1" discard="1" dealt="1" sum="30"/>
<action no="5" player="Zeeria" type="2" discard="1" dealt="1" sum="60"/>
</round>
<round no="1"><cards type="Pocket" player="KOPKHUNKRAP">D3 D10</cards>
<cards type="Pocket" player="Balberto">D9 HA</cards>
<cards type="Pocket" player="Zeeria">H8 SJ</cards>
<action no="6" player="KOPKHUNKRAP" type="0" sum="0"/>
<action no="7" player="Balberto" type="23" discard="1" dealt="1" sum="235"/>
<action no="8" player="Zeeria" type="3" discard="1" dealt="1" sum="175"/>
</round>
<round no="2"><cards type="Flop">HQ HK DA</cards>
</round>
<round no="3"><cards type="Turn">C5</cards>
</round>
<round no="4"><cards type="River">S4</cards>
</round>
</game>
<game gamecode="6571409497"><general>
<startdate>2025-12-26 07:09:08</startdate>
<round>1</round>
<failsafecounter/>
<players><player seat="6" name="KOPKHUNKRAP" chips="695" dealer="0" win="648" bet="320" muck="0" rebuy="0" addon="0" merge="0" rebuychips="0" reg_code="5083628093"/>
<player seat="10" name="Balberto" chips="485" dealer="1" win="0" bet="8" muck="1" rebuy="0" addon="0" merge="0" rebuychips="0" reg_code="5083630136"/>
<player seat="3" name="Zeeria" chips="320" dealer="0" win="0" bet="320" muck="0" rebuy="0" addon="0" merge="0" rebuychips="0" reg_code="5083627903"/>
</players>
</general>
<round no="0"><action no="1" player="Zeeria" type="15" discard="1" dealt="1" sum="8"/>
<action no="2" player="KOPKHUNKRAP" type="15" sum="8"/>
<action no="3" player="Balberto" type="15" discard="1" dealt="1" sum="8"/>
<action no="4" player="Zeeria" type="1" discard="1" dealt="1" sum="40"/>
<action no="5" player="KOPKHUNKRAP" type="2" sum="80"/>
</round>
<round no="1"><cards type="Pocket" player="KOPKHUNKRAP">D5 DK</cards>
<cards type="Pocket" player="Balberto">X X</cards>
<cards type="Pocket" player="Zeeria">S6 S7</cards>
<action no="6" player="Balberto" type="0" discard="1" dealt="1" sum="0"/>
<action no="7" player="Zeeria" type="23" discard="1" dealt="1" sum="312"/>
<action no="8" player="KOPKHUNKRAP" type="3" sum="232"/>
</round>
<round no="2"><cards type="Flop">SA S10 C3</cards>
</round>
<round no="3"><cards type="Turn">C2</cards>
</round>
<round no="4"><cards type="River">DA</cards>
</round>
</game>
<game gamecode="6571409522"><general>
<startdate>2025-12-26 07:09:24</startdate>
<round>1</round>
<failsafecounter/>
<players><player seat="10" name="Balberto" chips="477" dealer="0" win="0" bet="88" muck="1" rebuy="0" addon="0" merge="0" rebuychips="0" reg_code="5083630136"/>
<player seat="6" name="KOPKHUNKRAP" chips="1,023" dealer="1" win="176" bet="1,023" muck="1" rebuy="0" addon="0" merge="0" rebuychips="0" reg_code="5083628093"/>
</players>
</general>
<round no="0"><action no="1" player="KOPKHUNKRAP" type="15" sum="8"/>
<action no="2" player="Balberto" type="15" discard="1" dealt="1" sum="8"/>
<action no="3" player="KOPKHUNKRAP" type="1" sum="40"/>
<action no="4" player="Balberto" type="2" discard="1" dealt="1" sum="80"/>
</round>
<round no="1"><cards type="Pocket" player="Balberto">X X</cards>
<cards type="Pocket" player="KOPKHUNKRAP">DQ S2</cards>
<action no="5" player="KOPKHUNKRAP" type="23" sum="1,015"/>
<action no="6" player="Balberto" type="0" discard="1" dealt="1" sum="0"/>
</round>
</game>
<game gamecode="6571409536"><general>
<startdate>2025-12-26 07:09:32</startdate>
<round>1</round>
<failsafecounter/>
<players><player seat="6" name="KOPKHUNKRAP" chips="1,111" dealer="0" win="176" bet="1,111" muck="1" rebuy="0" addon="0" merge="0" rebuychips="0" reg_code="5083628093"/>
<player seat="10" name="Balberto" chips="389" dealer="1" win="0" bet="88" muck="1" rebuy="0" addon="0" merge="0" rebuychips="0" reg_code="5083630136"/>
</players>
</general>
<round no="0"><action no="1" player="Balberto" type="15" discard="1" dealt="1" sum="8"/>
<action no="2" player="KOPKHUNKRAP" type="15" sum="8"/>
<action no="3" player="Balberto" type="1" discard="1" dealt="1" sum="40"/>
<action no="4" player="KOPKHUNKRAP" type="2" sum="80"/>
</round>
<round no="1"><cards type="Pocket" player="Balberto">X X</cards>
<cards type="Pocket" player="KOPKHUNKRAP">H9 SQ</cards>
<action no="5" player="Balberto" type="3" discard="1" dealt="1" sum="40"/>
<action no="6" player="KOPKHUNKRAP" type="23" sum="1,103"/>
<action no="7" player="Balberto" type="0" discard="1" dealt="1" sum="0"/>
</round>
</game>
<game gamecode="6571409549"><general>
<startdate>2025-12-26 07:09:40</startdate>
<round>1</round>
<failsafecounter/>
<players><player seat="10" name="Balberto" chips="301" dealer="0" win="96" bet="88" muck="1" rebuy="0" addon="0" merge="0" rebuychips="0" reg_code="5083630136"/>
<player seat="6" name="KOPKHUNKRAP" chips="1,199" dealer="1" win="0" bet="48" muck="1" rebuy="0" addon="0" merge="0" rebuychips="0" reg_code="5083628093"/>
</players>
</general>
<round no="0"><action no="1" player="KOPKHUNKRAP" type="15" sum="8"/>
<action no="2" player="Balberto" type="15" discard="1" dealt="1" sum="8"/>
<action no="3" player="KOPKHUNKRAP" type="1" sum="40"/>
<action no="4" player="Balberto" type="2" discard="1" dealt="1" sum="80"/>
</round>
<round no="1"><cards type="Pocket" player="Balberto">X X</cards>
<cards type="Pocket" player="KOPKHUNKRAP">C3 D10</cards>
<action no="5" player="KOPKHUNKRAP" type="0" sum="0"/>
</round>
</game>
<game gamecode="6571409558"><general>
<startdate>2025-12-26 07:09:46</startdate>
<round>1</round>
<failsafecounter/>
<players><player seat="6" name="KOPKHUNKRAP" chips="1,151" dealer="0" win="176" bet="1,151" muck="1" rebuy="0" addon="0" merge="0" rebuychips="0" reg_code="5083628093"/>
<player seat="10" name="Balberto" chips="349" dealer="1" win="0" bet="88" muck="1" rebuy="0" addon="0" merge="0" rebuychips="0" reg_code="5083630136"/>
</players>
</general>
<round no="0"><action no="1" player="Balberto" type="15" discard="1" dealt="1" sum="8"/>
<action no="2" player="KOPKHUNKRAP" type="15" sum="8"/>
<action no="3" player="Balberto" type="1" discard="1" dealt="1" sum="40"/>
<action no="4" player="KOPKHUNKRAP" type="2" sum="80"/>
</round>
<round no="1"><cards type="Pocket" player="KOPKHUNKRAP">D7 S6</cards>
<cards type="Pocket" player="Balberto">X X</cards>
<action no="5" player="Balberto" type="3" discard="1" dealt="1" sum="40"/>
<action no="6" player="KOPKHUNKRAP" type="4" sum="0"/>
</round>
<round no="2"><cards type="Flop">C9 SK C6</cards>
<action no="7" player="KOPKHUNKRAP" type="5" sum="1,063"/>
<action no="8" player="Balberto" type="0" discard="1" dealt="1" sum="0"/>
</round>
</game>
<game gamecode="6571409574"><general>
<startdate>2025-12-26 07:09:57</startdate>
<round>1</round>
<failsafecounter/>
<players><player seat="10" name="Balberto" chips="261" dealer="0" win="522" bet="261" muck="0" rebuy="0" addon="0" merge="0" rebuychips="0" reg_code="5083630136"/>
<player seat="6" name="KOPKHUNKRAP" chips="1,239" dealer="1" win="0" bet="1,239" muck="1" rebuy="0" addon="0" merge="0" rebuychips="0" reg_code="5083628093"/>
</players>
</general>
<round no="0"><action no="1" player="KOPKHUNKRAP" type="15" sum="8"/>
<action no="2" player="Balberto" type="15" discard="1" dealt="1" sum="8"/>
<action no="3" player="KOPKHUNKRAP" type="1" sum="40"/>
<action no="4" player="Balberto" type="2" discard="1" dealt="1" sum="80"/>
</round>
<round no="1"><cards type="Pocket" player="KOPKHUNKRAP">SA S8</cards>
<cards type="Pocket" player="Balberto">HA C2</cards>
<action no="5" player="KOPKHUNKRAP" type="23" sum="1,231"/>
<action no="6" player="Balberto" type="7" discard="1" dealt="1" sum="173"/>
</round>
<round no="2"><cards type="Flop">S2 S3 D10</cards>
</round>
<round no="3"><cards type="Turn">C7</cards>
</round>
<round no="4"><cards type="River">D3</cards>
</round>
</game>
<game gamecode="6571409600"><general>
<startdate>2025-12-26 07:10:12</startdate>
<round>1</round>
<failsafecounter/>
<players><player seat="6" name="KOPKHUNKRAP" chips="978" dealer="0" win="96" bet="88" muck="1" rebuy="0" addon="0" merge="0" rebuychips="0" reg_code="5083628093"/>
<player seat="10" name="Balberto" chips="522" dealer="1" win="0" bet="48" muck="1" rebuy="0" addon="0" merge="0" rebuychips="0" reg_code="5083630136"/>
</players>
</general>
<round no="0"><action no="1" player="Balberto" type="15" discard="1" dealt="1" sum="8"/>
<action no="2" player="KOPKHUNKRAP" type="15" sum="8"/>
<action no="3" player="Balberto" type="1" discard="1" dealt="1" sum="40"/>
<action no="4" player="KOPKHUNKRAP" type="2" sum="80"/>
</round>
<round no="1"><cards type="Pocket" player="Balberto">X X</cards>
<cards type="Pocket" player="KOPKHUNKRAP">C3 H10</cards>
<action no="5" player="Balberto" type="0" discard="1" dealt="1" sum="0"/>
</round>
</game>
<game gamecode="6571409609"><general>
<startdate>2025-12-26 07:10:18</startdate>
<round>1</round>
<failsafecounter/>
<players><player seat="10" name="Balberto" chips="474" dealer="0" win="0" bet="474" muck="0" rebuy="0" addon="0" merge="0" rebuychips="0" reg_code="5083630136"/>
<player seat="6" name="KOPKHUNKRAP" chips="1,026" dealer="1" win="948" bet="1,026" muck="0" rebuy="0" addon="0" merge="0" rebuychips="0" reg_code="5083628093"/>
</players>
</general>
<round no="0"><action no="1" player="KOPKHUNKRAP" type="15" sum="8"/>
<action no="2" player="Balberto" type="15" discard="1" dealt="1" sum="8"/>
<action no="3" player="KOPKHUNKRAP" type="1" sum="40"/>
<action no="4" player="Balberto" type="2" discard="1" dealt="1" sum="80"/>
</round>
<round no="1"><cards type="Pocket" player="KOPKHUNKRAP">C6 DQ</cards>
<cards type="Pocket" player="Balberto">SA H6</cards>
<action no="5" player="KOPKHUNKRAP" type="23" sum="1,018"/>
<action no="6" player="Balberto" type="7" discard="1" dealt="1" sum="386"/>
</round>
<round no="2"><cards type="Flop">D3 HQ S8</cards>
</round>
<round no="3"><cards type="Turn">CQ</cards>
</round>
<round no="4"><cards type="River">D8</cards>
</round>
</game>
</session>
