<?xml version="1.0" encoding="UTF-8"?>
<session sessioncode="5083909095">
<general>
<client_version>25.7.1.50</client_version>
<mode>real</mode>
<gametype>Holdem NL</gametype>
<tablename>Twister €100 SNG, 824854925</tablename>
<tournamentcode>824854924</tournamentcode>
<tournamentname>Twister €100 SNG</tournamentname>
<buyin>€0 + €7 + €93</buyin>
<totalbuyin>€100</totalbuyin>
<rewarddrawn>€200</rewarddrawn>
<tournamentcurrency>EUR</tournamentcurrency>
<currency>EUR</currency>
<nickname>KOPKHUNKRAP</nickname>
<gamecount>23</gamecount>
<startdate>2025-12-27 03:19:54</startdate>
<place>1</place>
<win>€200</win>
<tablesize>3</tablesize>
</general>
<game gamecode="6572542016"><general>
<startdate>2025-12-27 03:20:09</startdate>
<round>1</round>
<failsafecounter/>
<players><player seat="6" name="Behemot17" chips="500" dealer="0" win="0" bet="40" muck="1" rebuy="0" addon="0" merge="0" rebuychips="0" reg_code="5083909040"/>
<player seat="10" name="KOPKHUNKRAP" chips="500" dealer="1" win="90" bet="69" muck="1" rebuy="0" addon="0" merge="0" rebuychips="0" reg_code="5083909095"/>
<player seat="3" name="Aomanuahi" chips="500" dealer="0" win="0" bet="10" muck="1" rebuy="0" addon="0" merge="0" rebuychips="0" reg_code="5083908487"/>
</players>
</general>
<round no="0"><action no="1" player="Aomanuahi" type="1" discard="1" dealt="1" sum="10"/>
<action no="2" player="Behemot17" type="2" discard="1" dealt="1" sum="20"/>
</round>
<round no="1"><cards type="Pocket" player="Behemot17">X X</cards>
<cards type="Pocket" player="Aomanuahi">X X</cards>
<cards type="Pocket" player="KOPKHUNKRAP">H9 S10</cards>
<action no="3" player="KOPKHUNKRAP" type="23" sum="40"/>
<action no="4" player="Aomanuahi" type="0" discard="1" dealt="1" sum="0"/>
<action no="5" player="Behemot17" type="3" discard="1" dealt="1" sum="20"/>
</round>
<round no="2"><cards type="Flop">D10 D3 H3</cards>
<action no="6" player="Behemot17" type="4" discard="1" dealt="1" sum="0"/>
<action no="7" player="KOPKHUNKRAP" type="5" sum="29"/>
<action no="8" player="Behemot17" type="0" discard="1" dealt="1" sum="0"/>
</round>
</game>
<game gamecode="6572542049"><general>
<startdate>2025-12-27 03:20:30</startdate>
<round>1</round>
<failsafecounter/>
<players><player seat="10" name="KOPKHUNKRAP" chips="550" dealer="0" win="20" bet="20" muck="1" rebuy="0" addon="0" merge="0" rebuychips="0" reg_code="5083909095"/>
<player seat="3" name="Aomanuahi" chips="490" dealer="1" win="0" bet="0" muck="1" rebuy="0" addon="0" merge="0" rebuychips="0" reg_code="5083908487"/>
<player seat="6" name="Behemot17" chips="460" dealer="0" win="0" bet="10" muck="1" rebuy="0" addon="0" merge="0" rebuychips="0" reg_code="5083909040"/>
</players>
</general>
<round no="0"><action no="1" player="Behemot17" type="1" discard="1" dealt="1" sum="10"/>
<action no="2" player="KOPKHUNKRAP" type="2" sum="20"/>
</round>
<round no="1"><cards type="Pocket" player="KOPKHUNKRAP">H4 C3</cards>
<cards type="Pocket" player="Behemot17">X X</cards>
<cards type="Pocket" player="Aomanuahi">X X</cards>
<action no="3" player="Aomanuahi" type="0" discard="1" dealt="1" sum="0"/>
<action no="4" player="Behemot17" type="0" discard="1" dealt="1" sum="0"/>
</round>
</game>
<game gamecode="6572542063"><general>
<startdate>2025-12-27 03:20:38</startdate>
<round>1</round>
<failsafecounter/>
<players><player seat="3" name="Aomanuahi" chips="490" dealer="0" win="0" bet="20" muck="1" rebuy="0" addon="0" merge="0" rebuychips="0" reg_code="5083908487"/>
<player seat="6" name="Behemot17" chips="450" dealer="1" win="50" bet="40" muck="1" rebuy="0" addon="0" merge="0" rebuychips="0" reg_code="5083909040"/>
<player seat="10" name="KOPKHUNKRAP" chips="560" dealer="0" win="0" bet="10" muck="1" rebuy="0" addon="0" merge="0" rebuychips="0" reg_code="5083909095"/>
</players>
</general>
<round no="0"><action no="1" player="KOPKHUNKRAP" type="1" sum="10"/>
<action no="2" player="Aomanuahi" type="2" discard="1" dealt="1" sum="20"/>
</round>
<round no="1"><cards type="Pocket" player="Behemot17">X X</cards>
<cards type="Pocket" player="KOPKHUNKRAP">S3 DA</cards>
<cards type="Pocket" player="Aomanuahi">X X</cards>
<action no="3" player="Behemot17" type="23" discard="1" dealt="1" sum="40"/>
<action no="4" player="KOPKHUNKRAP" type="0" sum="0"/>
<action no="5" player="Aomanuahi" type="0" discard="1" dealt="1" sum="0"/>
</round>
</game>
<game gamecode="6572542078"><general>
<startdate>2025-12-27 03:20:48</startdate>
<round>1</round>
<failsafecounter/>
<players><player seat="6" name="Behemot17" chips="480" dealer="0" win="0" bet="20" muck="1" rebuy="0" addon="0" merge="0" rebuychips="0" reg_code="5083909040"/>
<player seat="10" name="KOPKHUNKRAP" chips="550" dealer="1" win="0" bet="0" muck="1" rebuy="0" addon="0" merge="0" rebuychips="0" reg_code="5083909095"/>
<player seat="3" name="Aomanuahi" chips="470" dealer="0" win="40" bet="470" muck="1" rebuy="0" addon="0" merge="0" rebuychips="0" reg_code="5083908487"/>
</players>
</general>
<round no="0"><action no="1" player="Aomanuahi" type="1" discard="1" dealt="1" sum="10"/>
<action no="2" player="Behemot17" type="2" discard="1" dealt="1" sum="20"/>
</round>
<round no="1"><cards type="Pocket" player="KOPKHUNKRAP">S10 S4</cards>
<cards type="Pocket" player="Aomanuahi">X X</cards>
<cards type="Pocket" player="Behemot17">X X</cards>
<action no="3" player="KOPKHUNKRAP" type="0" sum="0"/>
<action no="4" player="Aomanuahi" type="23" discard="1" dealt="1" sum="470"/>
<action no="5" player="Behemot17" type="0" discard="1" dealt="1" sum="0"/>
</round>
</game>
<game gamecode="6572542100"><general>
<startdate>2025-12-27 03:20:58</startdate>
<round>1</round>
<failsafecounter/>
<players><player seat="10" name="KOPKHUNKRAP" chips="550" dealer="0" win="0" bet="20" muck="1" rebuy="0" addon="0" merge="0" rebuychips="0" reg_code="5083909095"/>
<player seat="3" name="Aomanuahi" chips="490" dealer="1" win="0" bet="40" muck="1" rebuy="0" addon="0" merge="0" rebuychips="0" reg_code="5083908487"/>
<player seat="6" name="Behemot17" chips="460" dealer="0" win="100" bet="460" muck="1" rebuy="0" addon="0" merge="0" rebuychips="0" reg_code="5083909040"/>
</players>
</general>
<round no="0"><action no="1" player="Behemot17" type="1" discard="1" dealt="1" sum="10"/>
<action no="2" player="KOPKHUNKRAP" type="2" sum="20"/>
</round>
<round no="1"><cards type="Pocket" player="Aomanuahi">X X</cards>
<cards type="Pocket" player="Behemot17">X X</cards>
<cards type="Pocket" player="KOPKHUNKRAP">HK C9</cards>
<action no="3" player="Aomanuahi" type="23" discard="1" dealt="1" sum="40"/>
<action no="4" player="Behemot17" type="23" discard="1" dealt="1" sum="460"/>
<action no="5" player="KOPKHUNKRAP" type="0" sum="0"/>
<action no="6" player="Aomanuahi" type="0" discard="1" dealt="1" sum="0"/>
</round>
</game>
<game gamecode="6572542136"><general>
<startdate>2025-12-27 03:21:19</startdate>
<round>1</round>
<failsafecounter/>
<players><player seat="3" name="Aomanuahi" chips="450" dealer="0" win="20" bet="20" muck="1" rebuy="0" addon="0" merge="0" rebuychips="0" reg_code="5083908487"/>
<player seat="6" name="Behemot17" chips="520" dealer="1" win="0" bet="0" muck="1" rebuy="0" addon="0" merge="0" rebuychips="0" reg_code="5083909040"/>
<player seat="10" name="KOPKHUNKRAP" chips="530" dealer="0" win="0" bet="10" muck="1" rebuy="0" addon="0" merge="0" rebuychips="0" reg_code="5083909095"/>
</players>
</general>
<round no="0"><action no="1" player="KOPKHUNKRAP" type="1" sum="10"/>
<action no="2" player="Aomanuahi" type="2" discard="1" dealt="1" sum="20"/>
</round>
<round no="1"><cards type="Pocket" player="Behemot17">X X</cards>
<cards type="Pocket" player="Aomanuahi">X X</cards>
<cards type="Pocket" player="KOPKHUNKRAP">C4 S9</cards>
<action no="3" player="Behemot17" type="0" discard="1" dealt="1" sum="0"/>
<action no="4" player="KOPKHUNKRAP" type="0" sum="0"/>
</round>
</game>
<game gamecode="6572542153"><general>
<startdate>2025-12-27 03:21:28</startdate>
<round>1</round>
<failsafecounter/>
<players><player seat="6" name="Behemot17" chips="520" dealer="0" win="20" bet="20" muck="1" rebuy="0" addon="0" merge="0" rebuychips="0" reg_code="5083909040"/>
<player seat="10" name="KOPKHUNKRAP" chips="520" dealer="1" win="0" bet="0" muck="1" rebuy="0" addon="0" merge="0" rebuychips="0" reg_code="5083909095"/>
<player seat="3" name="Aomanuahi" chips="460" dealer="0" win="0" bet="10" muck="1" rebuy="0" addon="0" merge="0" rebuychips="0" reg_code="5083908487"/>
</players>
</general>
<round no="0"><action no="1" player="Aomanuahi" type="1" discard="1" dealt="1" sum="10"/>
<action no="2" player="Behemot17" type="2" discard="1" dealt="1" sum="20"/>
</round>
<round no="1"><cards type="Pocket" player="Aomanuahi">X X</cards>
<cards type="Pocket" player="Behemot17">X X</cards>
<cards type="Pocket" player="KOPKHUNKRAP">S10 H5</cards>
<action no="3" player="KOPKHUNKRAP" type="0" sum="0"/>
<action no="4" player="Aomanuahi" type="0" discard="1" dealt="1" sum="0"/>
</round>
</game>
<game gamecode="6572542167"><general>
<startdate>2025-12-27 03:21:35</startdate>
<round>1</round>
<failsafecounter/>
<players><player seat="10" name="KOPKHUNKRAP" chips="520" dealer="0" win="20" bet="20" muck="1" rebuy="0" addon="0" merge="0" rebuychips="0" reg_code="5083909095"/>
<player seat="3" name="Aomanuahi" chips="450" dealer="1" win="0" bet="0" muck="1" rebuy="0" addon="0" merge="0" rebuychips="0" reg_code="5083908487"/>
<player seat="6" name="Behemot17" chips="530" dealer="0" win="0" bet="10" muck="1" rebuy="0" addon="0" merge="0" rebuychips="0" reg_code="5083909040"/>
</players>
</general>
<round no="0"><action no="1" player="Behemot17" type="1" discard="1" dealt="1" sum="10"/>
<action no="2" player="KOPKHUNKRAP" type="2" sum="20"/>
</round>
<round no="1"><cards type="Pocket" player="KOPKHUNKRAP">DA DK</cards>
<cards type="Pocket" player="Aomanuahi">X X</cards>
<cards type="Pocket" player="Behemot17">X X</cards>
<action no="3" player="Aomanuahi" type="0" discard="1" dealt="1" sum="0"/>
<action no="4" player="Behemot17" type="0" discard="1" dealt="1" sum="0"/>
</round>
</game>
<game gamecode="6572542190"><general>
<startdate>2025-12-27 03:21:51</startdate>
<round>1</round>
<failsafecounter/>
<players><player seat="3" name="Aomanuahi" chips="450" dealer="0" win="0" bet="35" muck="1" rebuy="0" addon="0" merge="0" rebuychips="0" reg_code="5083908487"/>
<player seat="6" name="Behemot17" chips="520" dealer="1" win="0" bet="5" muck="1" rebuy="0" addon="0" merge="0" rebuychips="0" reg_code="5083909040"/>
<player seat="10" name="KOPKHUNKRAP" chips="530" dealer="0" win="75" bet="530" muck="1" rebuy="0" addon="0" merge="0" rebuychips="0" reg_code="5083909095"/>
</players>
</general>
<round no="0"><action no="1" player="KOPKHUNKRAP" type="15" sum="5"/>
<action no="2" player="Aomanuahi" type="15" discard="1" dealt="1" sum="5"/>
<action no="3" player="Behemot17" type="15" discard="1" dealt="1" sum="5"/>
<action no="4" player="KOPKHUNKRAP" type="1" sum="15"/>
<action no="5" player="Aomanuahi" type="2" discard="1" dealt="1" sum="30"/>
</round>
<round no="1"><cards type="Pocket" player="Behemot17">X X</cards>
<cards type="Pocket" player="KOPKHUNKRAP">SA DJ</cards>
<cards type="Pocket" player="Aomanuahi">X X</cards>
<action no="6" player="Behemot17" type="0" discard="1" dealt="1" sum="0"/>
<action no="7" player="KOPKHUNKRAP" type="23" sum="525"/>
<action no="8" player="Aomanuahi" type="0" discard="1" dealt="1" sum="0"/>
</round>
</game>
<game gamecode="6572542218"><general>
<startdate>2025-12-27 03:22:05</startdate>
<round>1</round>
<failsafecounter/>
<players><player seat="6" name="Behemot17" chips="515" dealer="0" win="75" bet="80" muck="1" rebuy="0" addon="0" merge="0" rebuychips="0" reg_code="5083909040"/>
<player seat="10" name="KOPKHUNKRAP" chips="570" dealer="1" win="0" bet="5" muck="1" rebuy="0" addon="0" merge="0" rebuychips="0" reg_code="5083909095"/>
<player seat="3" name="Aomanuahi" chips="415" dealer="0" win="0" bet="35" muck="1" rebuy="0" addon="0" merge="0" rebuychips="0" reg_code="5083908487"/>
</players>
</general>
<round no="0"><action no="1" player="Aomanuahi" type="15" discard="1" dealt="1" sum="5"/>
<action no="2" player="Behemot17" type="15" discard="1" dealt="1" sum="5"/>
<action no="3" player="KOPKHUNKRAP" type="15" sum="5"/>
<action no="4" player="Aomanuahi" type="1" discard="1" dealt="1" sum="15"/>
<action no="5" player="Behemot17" type="2" discard="1" dealt="1" sum="30"/>
</round>
<round no="1"><cards type="Pocket" player="Aomanuahi">X X</cards>
<cards type="Pocket" player="Behemot17">X X</cards>
<cards type="Pocket" player="KOPKHUNKRAP">H5 DK</cards>
<action no="6" player="KOPKHUNKRAP" type="0" sum="0"/>
<action no="7" player="Aomanuahi" type="3" discard="1" dealt="1" sum="15"/>
<action no="8" player="Behemot17" type="23" discard="1" dealt="1" sum="75"/>
<action no="9" player="Aomanuahi" type="0" discard="1" dealt="1" sum="0"/>
</round>
</game>
<game gamecode="6572542235"><general>
<startdate>2025-12-27 03:22:20</startdate>
<round>1</round>
<failsafecounter/>
<players><player seat="10" name="KOPKHUNKRAP" chips="565" dealer="0" win="0" bet="35" muck="1" rebuy="0" addon="0" merge="0" rebuychips="0" reg_code="5083909095"/>
<player seat="3" name="Aomanuahi" chips="380" dealer="1" win="0" bet="5" muck="1" rebuy="0" addon="0" merge="0" rebuychips="0" reg_code="5083908487"/>
<player seat="6" name="Behemot17" chips="555" dealer="0" win="75" bet="555" muck="1" rebuy="0" addon="0" merge="0" rebuychips="0" reg_code="5083909040"/>
</players>
</general>
<round no="0"><action no="1" player="Behemot17" type="15" discard="1" dealt="1" sum="5"/>
<action no="2" player="KOPKHUNKRAP" type="15" sum="5"/>
<action no="3" player="Aomanuahi" type="15" discard="1" dealt="1" sum="5"/>
<action no="4" player="Behemot17" type="1" discard="1" dealt="1" sum="15"/>
<action no="5" player="KOPKHUNKRAP" type="2" sum="30"/>
</round>
<round no="1"><cards type="Pocket" player="Aomanuahi">X X</cards>
<cards type="Pocket" player="KOPKHUNKRAP">D8 D7</cards>
<cards type="Pocket" player="Behemot17">X X</cards>
<action no="6" player="Aomanuahi" type="0" discard="1" dealt="1" sum="0"/>
<action no="7" player="Behemot17" type="23" discard="1" dealt="1" sum="550"/>
<action no="8" player="KOPKHUNKRAP" type="0" sum="0"/>
</round>
</game>
<game gamecode="6572542253"><general>
<startdate>2025-12-27 03:22:31</startdate>
<round>1</round>
<failsafecounter/>
<players><player seat="3" name="Aomanuahi" chips="375" dealer="0" win="0" bet="375" muck="0" rebuy="0" addon="0" merge="0" rebuychips="0" reg_code="5083908487"/>
<player seat="6" name="Behemot17" chips="595" dealer="1" win="0" bet="5" muck="1" rebuy="0" addon="0" merge="0" rebuychips="0" reg_code="5083909040"/>
<player seat="10" name="KOPKHUNKRAP" chips="530" dealer="0" win="755" bet="530" muck="0" rebuy="0" addon="0" merge="0" rebuychips="0" reg_code="5083909095"/>
</players>
</general>
<round no="0"><action no="1" player="KOPKHUNKRAP" type="15" sum="5"/>
<action no="2" player="Aomanuahi" type="15" discard="1" dealt="1" sum="5"/>
<action no="3" player="Behemot17" type="15" discard="1" dealt="1" sum="5"/>
<action no="4" player="KOPKHUNKRAP" type="1" sum="15"/>
<action no="5" player="Aomanuahi" type="2" discard="1" dealt="1" sum="30"/>
</round>
<round no="1"><cards type="Pocket" player="Behemot17">X X</cards>
<cards type="Pocket" player="Aomanuahi">HA C2</cards>
<cards type="Pocket" player="KOPKHUNKRAP">H5 HK</cards>
<action no="6" player="Behemot17" type="0" discard="1" dealt="1" sum="0"/>
<action no="7" player="KOPKHUNKRAP" type="23" sum="525"/>
<action no="8" player="Aomanuahi" type="7" discard="1" dealt="1" sum="340"/>
</round>
<round no="2"><cards type="Flop">C5 CK S10</cards>
</round>
<round no="3"><cards type="Turn">CA</cards>
</round>
<round no="4"><cards type="River">SJ</cards>
</round>
</game>
<game gamecode="6572542279"><general>
<startdate>2025-12-27 03:22:52</startdate>
<round>1</round>
<failsafecounter/>
<players><player seat="6" name="Behemot17" chips="590" dealer="0" win="0" bet="35" muck="1" rebuy="0" addon="0" merge="0" rebuychips="0" reg_code="5083909040"/>
<player seat="10" name="KOPKHUNKRAP" chips="910" dealer="1" win="70" bet="65" muck="1" rebuy="0" addon="0" merge="0" rebuychips="0" reg_code="5083909095"/>
</players>
</general>
<round no="0"><action no="1" player="KOPKHUNKRAP" type="15" sum="5"/>
<action no="2" player="Behemot17" type="15" discard="1" dealt="1" sum="5"/>
<action no="3" player="KOPKHUNKRAP" type="1" sum="15"/>
<action no="4" player="Behemot17" type="2" discard="1" dealt="1" sum="30"/>
</round>
<round no="1"><cards type="Pocket" player="KOPKHUNKRAP">SA CJ</cards>
<cards type="Pocket" player="Behemot17">X X</cards>
<action no="5" player="KOPKHUNKRAP" type="23" sum="60"/>
<action no="6" player="Behemot17" type="0" discard="1" dealt="1" sum="0"/>
</round>
</game>
<game gamecode="6572542290"><general>
<startdate>2025-12-27 03:23:00</startdate>
<round>1</round>
<failsafecounter/>
<players><player seat="10" name="KOPKHUNKRAP" chips="945" dealer="0" win="0" bet="35" muck="1" rebuy="0" addon="0" merge="0" rebuychips="0" reg_code="5083909095"/>
<player seat="6" name="Behemot17" chips="555" dealer="1" win="70" bet="65" muck="1" rebuy="0" addon="0" merge="0" rebuychips="0" reg_code="5083909040"/>
</players>
</general>
<round no="0"><action no="1" player="Behemot17" type="15" discard="1" dealt="1" sum="5"/>
<action no="2" player="KOPKHUNKRAP" type="15" sum="5"/>
<action no="3" player="Behemot17" type="1" discard="1" dealt="1" sum="15"/>
<action no="4" player="KOPKHUNKRAP" type="2" sum="30"/>
</round>
<round no="1"><cards type="Pocket" player="Behemot17">X X</cards>
<cards type="Pocket" player="KOPKHUNKRAP">C5 D3</cards>
<action no="5" player="Behemot17" type="3" discard="1" dealt="1" sum="15"/>
<action no="6" player="KOPKHUNKRAP" type="4" sum="0"/>
</round>
<round no="2"><cards type="Flop">DJ C9 H2</cards>
<action no="7" player="KOPKHUNKRAP" type="4" sum="0"/>
<action no="8" player="Behemot17" type="5" discard="1" dealt="1" sum="30"/>
<action no="9" player="KOPKHUNKRAP" type="0" sum="0"/>
</round>
</game>
<game gamecode="6572542301"><general>
<startdate>2025-12-27 03:23:11</startdate>
<round>1</round>
<failsafecounter/>
<players><player seat="6" name="Behemot17" chips="590" dealer="0" win="140" bet="70" muck="0" rebuy="0" addon="0" merge="0" rebuychips="0" reg_code="5083909040"/>
<player seat="10" name="KOPKHUNKRAP" chips="910" dealer="1" win="0" bet="70" muck="1" rebuy="0" addon="0" merge="0" rebuychips="0" reg_code="5083909095"/>
</players>
</general>
<round no="0"><action no="1" player="KOPKHUNKRAP" type="15" sum="5"/>
<action no="2" player="Behemot17" type="15" discard="1" dealt="1" sum="5"/>
<action no="3" player="KOPKHUNKRAP" type="1" sum="15"/>
<action no="4" player="Behemot17" type="2" discard="1" dealt="1" sum="30"/>
</round>
<round no="1"><cards type="Pocket" player="KOPKHUNKRAP">S3 SJ</cards>
<cards type="Pocket" player="Behemot17">D2 DQ</cards>
<action no="5" player="KOPKHUNKRAP" type="3" sum="15"/>
<action no="6" player="Behemot17" type="4" discard="1" dealt="1" sum="0"/>
</round>
<round no="2"><cards type="Flop">C5 D4 S2</cards>
<action no="7" player="Behemot17" type="4" discard="1" dealt="1" sum="0"/>
<action no="8" player="KOPKHUNKRAP" type="4" sum="0"/>
</round>
<round no="3"><cards type="Turn">H5</cards>
<action no="9" player="Behemot17" type="5" discard="1" dealt="1" sum="35"/>
<action no="10" player="KOPKHUNKRAP" type="3" sum="35"/>
</round>
<round no="4"><cards type="River">H8</cards>
<action no="11" player="Behemot17" type="4" discard="1" dealt="1" sum="0"/>
<action no="12" player="KOPKHUNKRAP" type="4" sum="0"/>
</round>
</game>
<game gamecode="6572542328"><general>
<startdate>2025-12-27 03:23:33</startdate>
<round>1</round>
<failsafecounter/>
<players><player seat="10" name="KOPKHUNKRAP" chips="840" dealer="0" win="170" bet="85" muck="0" rebuy="0" addon="0" merge="0" rebuychips="0" reg_code="5083909095"/>
<player seat="6" name="Behemot17" chips="660" dealer="1" win="0" bet="85" muck="1" rebuy="0" addon="0" merge="0" rebuychips="0" reg_code="5083909040"/>
</players>
</general>
<round no="0"><action no="1" player="Behemot17" type="15" discard="1" dealt="1" sum="5"/>
<action no="2" player="KOPKHUNKRAP" type="15" sum="5"/>
<action no="3" player="Behemot17" type="1" discard="1" dealt="1" sum="20"/>
<action no="4" player="KOPKHUNKRAP" type="2" sum="40"/>
</round>
<round no="1"><cards type="Pocket" player="KOPKHUNKRAP">C6 S8</cards>
<cards type="Pocket" player="Behemot17">C7 CK</cards>
<action no="5" player="Behemot17" type="3" discard="1" dealt="1" sum="20"/>
<action no="6" player="KOPKHUNKRAP" type="4" sum="0"/>
</round>
<round no="2"><cards type="Flop">H6 D2 HA</cards>
<action no="7" player="KOPKHUNKRAP" type="4" sum="0"/>
<action no="8" player="Behemot17" type="5" discard="1" dealt="1" sum="40"/>
<action no="9" player="KOPKHUNKRAP" type="3" sum="40"/>
</round>
<round no="3"><cards type="Turn">S3</cards>
<action no="10" player="KOPKHUNKRAP" type="4" sum="0"/>
<action no="11" player="Behemot17" type="4" discard="1" dealt="1" sum="0"/>
</round>
<round no="4"><cards type="River">D10</cards>
<action no="12" player="KOPKHUNKRAP" type="4" sum="0"/>
<action no="13" player="Behemot17" type="4" discard="1" dealt="1" sum="0"/>
</round>
</game>
<game gamecode="6572542358"><general>
<startdate>2025-12-27 03:23:57</startdate>
<round>1</round>
<failsafecounter/>
<players><player seat="6" name="Behemot17" chips="575" dealer="0" win="0" bet="45" muck="1" rebuy="0" addon="0" merge="0" rebuychips="0" reg_code="5083909040"/>
<player seat="10" name="KOPKHUNKRAP" chips="925" dealer="1" win="90" bet="85" muck="1" rebuy="0" addon="0" merge="0" rebuychips="0" reg_code="5083909095"/>
</players>
</general>
<round no="0"><action no="1" player="KOPKHUNKRAP" type="15" sum="5"/>
<action no="2" player="Behemot17" type="15" discard="1" dealt="1" sum="5"/>
<action no="3" player="KOPKHUNKRAP" type="1" sum="20"/>
<action no="4" player="Behemot17" type="2" discard="1" dealt="1" sum="40"/>
</round>
<round no="1"><cards type="Pocket" player="Behemot17">X X</cards>
<cards type="Pocket" player="KOPKHUNKRAP">H10 D7</cards>
<action no="5" player="KOPKHUNKRAP" type="3" sum="20"/>
<action no="6" player="Behemot17" type="4" discard="1" dealt="1" sum="0"/>
</round>
<round no="2"><cards type="Flop">C8 CK D10</cards>
<action no="7" player="Behemot17" type="4" discard="1" dealt="1" sum="0"/>
<action no="8" player="KOPKHUNKRAP" type="5" sum="40"/>
<action no="9" player="Behemot17" type="0" discard="1" dealt="1" sum="0"/>
</round>
</game>
<game gamecode="6572542388"><general>
<startdate>2025-12-27 03:24:21</startdate>
<round>1</round>
<failsafecounter/>
<players><player seat="10" name="KOPKHUNKRAP" chips="970" dealer="0" win="0" bet="85" muck="1" rebuy="0" addon="0" merge="0" rebuychips="0" reg_code="5083909095"/>
<player seat="6" name="Behemot17" chips="530" dealer="1" win="170" bet="213" muck="1" rebuy="0" addon="0" merge="0" rebuychips="0" reg_code="5083909040"/>
</players>
</general>
<round no="0"><action no="1" player="Behemot17" type="15" discard="1" dealt="1" sum="5"/>
<action no="2" player="KOPKHUNKRAP" type="15" sum="5"/>
<action no="3" player="Behemot17" type="1" discard="1" dealt="1" sum="20"/>
<action no="4" player="KOPKHUNKRAP" type="2" sum="40"/>
</round>
<round no="1"><cards type="Pocket" player="KOPKHUNKRAP">D8 CQ</cards>
<cards type="Pocket" player="Behemot17">X X</cards>
<action no="5" player="Behemot17" type="3" discard="1" dealt="1" sum="20"/>
<action no="6" player="KOPKHUNKRAP" type="4" sum="0"/>
</round>
<round no="2"><cards type="Flop">D3 H4 DJ</cards>
<action no="7" player="KOPKHUNKRAP" type="4" sum="0"/>
<action no="8" player="Behemot17" type="5" discard="1" dealt="1" sum="40"/>
<action no="9" player="KOPKHUNKRAP" type="3" sum="40"/>
</round>
<round no="3"><cards type="Turn">SJ</cards>
<action no="10" player="KOPKHUNKRAP" type="4" sum="0"/>
<action no="11" player="Behemot17" type="5" discard="1" dealt="1" sum="128"/>
<action no="12" player="KOPKHUNKRAP" type="0" sum="0"/>
</round>
</game>
<game gamecode="6572542438"><general>
<startdate>2025-12-27 03:24:51</startdate>
<round>1</round>
<failsafecounter/>
<players><player seat="6" name="Behemot17" chips="615" dealer="0" win="90" bet="615" muck="1" rebuy="0" addon="0" merge="0" rebuychips="0" reg_code="5083909040"/>
<player seat="10" name="KOPKHUNKRAP" chips="885" dealer="1" win="0" bet="45" muck="1" rebuy="0" addon="0" merge="0" rebuychips="0" reg_code="5083909095"/>
</players>
</general>
<round no="0"><action no="1" player="KOPKHUNKRAP" type="15" sum="5"/>
<action no="2" player="Behemot17" type="15" discard="1" dealt="1" sum="5"/>
<action no="3" player="KOPKHUNKRAP" type="1" sum="20"/>
<action no="4" player="Behemot17" type="2" discard="1" dealt="1" sum="40"/>
</round>
<round no="1"><cards type="Pocket" player="KOPKHUNKRAP">D5 D4</cards>
<cards type="Pocket" player="Behemot17">X X</cards>
<action no="5" player="KOPKHUNKRAP" type="3" sum="20"/>
<action no="6" player="Behemot17" type="23" discard="1" dealt="1" sum="610"/>
<action no="7" player="KOPKHUNKRAP" type="0" sum="0"/>
</round>
</game>
<game gamecode="6572542447"><general>
<startdate>2025-12-27 03:25:00</startdate>
<round>1</round>
<failsafecounter/>
<players><player seat="10" name="KOPKHUNKRAP" chips="840" dealer="0" win="50" bet="45" muck="1" rebuy="0" addon="0" merge="0" rebuychips="0" reg_code="5083909095"/>
<player seat="6" name="Behemot17" chips="660" dealer="1" win="0" bet="25" muck="1" rebuy="0" addon="0" merge="0" rebuychips="0" reg_code="5083909040"/>
</players>
</general>
<round no="0"><action no="1" player="Behemot17" type="15" discard="1" dealt="1" sum="5"/>
<action no="2" player="KOPKHUNKRAP" type="15" sum="5"/>
<action no="3" player="Behemot17" type="1" discard="1" dealt="1" sum="20"/>
<action no="4" player="KOPKHUNKRAP" type="2" sum="40"/>
</round>
<round no="1"><cards type="Pocket" player="KOPKHUNKRAP">HQ DQ</cards>
<cards type="Pocket" player="Behemot17">X X</cards>
<action no="5" player="Behemot17" type="0" discard="1" dealt="1" sum="0"/>
</round>
</game>
<game gamecode="6572542463"><general>
<startdate>2025-12-27 03:25:07</startdate>
<round>1</round>
<failsafecounter/>
<players><player seat="6" name="Behemot17" chips="635" dealer="0" win="0" bet="65" muck="1" rebuy="0" addon="0" merge="0" rebuychips="0" reg_code="5083909040"/>
<player seat="10" name="KOPKHUNKRAP" chips="865" dealer="1" win="130" bet="865" muck="1" rebuy="0" addon="0" merge="0" rebuychips="0" reg_code="5083909095"/>
</players>
</general>
<round no="0"><action no="1" player="KOPKHUNKRAP" type="15" sum="5"/>
<action no="2" player="Behemot17" type="15" discard="1" dealt="1" sum="5"/>
<action no="3" player="KOPKHUNKRAP" type="1" sum="30"/>
<action no="4" player="Behemot17" type="2" discard="1" dealt="1" sum="60"/>
</round>
<round no="1"><cards type="Pocket" player="Behemot17">X X</cards>
<cards type="Pocket" player="KOPKHUNKRAP">CK D7</cards>
<action no="5" player="KOPKHUNKRAP" type="23" sum="860"/>
<action no="6" player="Behemot17" type="0" discard="1" dealt="1" sum="0"/>
</round>
</game>
<game gamecode="6572542477"><general>
<startdate>2025-12-27 03:25:17</startdate>
<round>1</round>
<failsafecounter/>
<players><player seat="10" name="KOPKHUNKRAP" chips="930" dealer="0" win="0" bet="65" muck="1" rebuy="0" addon="0" merge="0" rebuychips="0" reg_code="5083909095"/>
<player seat="6" name="Behemot17" chips="570" dealer="1" win="130" bet="161" muck="1" rebuy="0" addon="0" merge="0" rebuychips="0" reg_code="5083909040"/>
</players>
</general>
<round no="0"><action no="1" player="Behemot17" type="15" discard="1" dealt="1" sum="5"/>
<action no="2" player="KOPKHUNKRAP" type="15" sum="5"/>
<action no="3" player="Behemot17" type="1" discard="1" dealt="1" sum="30"/>
<action no="4" player="KOPKHUNKRAP" type="2" sum="60"/>
</round>
<round no="1"><cards type="Pocket" player="Behemot17">X X</cards>
<cards type="Pocket" player="KOPKHUNKRAP">H3 H9</cards>
<action no="5" player="Behemot17" type="3" discard="1" dealt="1" sum="30"/>
<action no="6" player="KOPKHUNKRAP" type="4" sum="0"/>
</round>
<round no="2"><cards type="Flop">S8 C2 H5</cards>
<action no="7" player="KOPKHUNKRAP" type="4" sum="0"/>
<action no="8" player="Behemot17" type="5" discard="1" dealt="1" sum="96"/>
<action no="9" player="KOPKHUNKRAP" type="0" sum="0"/>
</round>
</game>
<game gamecode="6572542499"><general>
<startdate>2025-12-27 03:25:30</startdate>
<round>1</round>
<failsafecounter/>
<players><player seat="6" name="Behemot17" chips="635" dealer="0" win="0" bet="635" muck="0" rebuy="0" addon="0" merge="0" rebuychips="0" reg_code="5083909040"/>
<player seat="10" name="KOPKHUNKRAP" chips="865" dealer="1" win="1,270" bet="635" muck="0" rebuy="0" addon="0" merge="0" rebuychips="0" reg_code="5083909095"/>
</players>
</general>
<round no="0"><action no="1" player="KOPKHUNKRAP" type="15" sum="5"/>
<action no="2" player="Behemot17" type="15" discard="1" dealt="1" sum="5"/>
<action no="3" player="KOPKHUNKRAP" type="1" sum="30"/>
<action no="4" player="Behemot17" type="2" discard="1" dealt="1" sum="60"/>
</round>
<round no="1"><cards type="Pocket" player="Behemot17">HQ D8</cards>
<cards type="Pocket" player="KOPKHUNKRAP">HA H6</cards>
<action no="5" player="KOPKHUNKRAP" type="3" sum="30"/>
<action no="6" player="Behemot17" type="23" discard="1" dealt="1" sum="630"/>
<action no="7" player="KOPKHUNKRAP" type="3" sum="570"/>
</round>
<round no="2"><cards type="Flop">C7 C3 H10</cards>
</round>
<round no="3"><cards type="Turn">D4</cards>
</round>
<round no="4"><cards type="River">DA</cards>
</round>
</game>
</session>
