<?xml version="1.0" encoding="UTF-8"?>
<session sessioncode="5084040110">
<general>
<client_version>25.7.1.50</client_version>
<mode>real</mode>
<gametype>Holdem NL</gametype>
<tablename>Twister €200 SNG, 824882400</tablename>
<tournamentcode>824882399</tournamentcode>
<tournamentname>Twister €200 SNG</tournamentname>
<buyin>€0 + €12 + €188</buyin>
<totalbuyin>€200</totalbuyin>
<rewarddrawn>€400</rewarddrawn>
<tournamentcurrency>EUR</tournamentcurrency>
<currency>EUR</currency>
<nickname>KOPKHUNKRAP</nickname>
<gamecount>10</gamecount>
<startdate>2025-12-27 18:08:38</startdate>
<place>2</place>
<win>€0</win>
<tablesize>3</tablesize>
</general>
<game gamecode="6573081271"><general>
<startdate>2025-12-27 18:08:53</startdate>
<round>1</round>
<failsafecounter/>
<players><player seat="6" name="plutobetfair" chips="500" dealer="0" win="100" bet="100" muck="1" rebuy="0" addon="0" merge="0" rebuychips="0" reg_code="5084039953"/>
<player seat="10" name="KOPKHUNKRAP" chips="500" dealer="1" win="0" bet="0" muck="1" rebuy="0" addon="0" merge="0" rebuychips="0" reg_code="5084040110"/>
<player seat="3" name="SuBandiduu" chips="500" dealer="0" win="0" bet="50" muck="1" rebuy="0" addon="0" merge="0" rebuychips="0" reg_code="5084030140"/>
</players>
</general>
<round no="0"><action no="1" player="SuBandiduu" type="1" discard="1" dealt="1" sum="10"/>
<action no="2" player="plutobetfair" type="2" discard="1" dealt="1" sum="20"/>
</round>
<round no="1"><cards type="Pocket" player="plutobetfair">X X</cards>
<cards type="Pocket" player="SuBandiduu">X X</cards>
<cards type="Pocket" player="KOPKHUNKRAP">D6 S9</cards>
<action no="3" player="KOPKHUNKRAP" type="0" sum="0"/>
<action no="4" player="SuBandiduu" type="23" discard="1" dealt="1" sum="50"/>
<action no="5" player="plutobetfair" type="3" discard="1" dealt="1" sum="30"/>
</round>
<round no="2"><cards type="Flop">D7 C6 D3</cards>
<action no="6" player="SuBandiduu" type="4" discard="1" dealt="1" sum="0"/>
<action no="7" player="plutobetfair" type="5" discard="1" dealt="1" sum="50"/>
<action no="8" player="SuBandiduu" type="0" discard="1" dealt="1" sum="0"/>
</round>
</game>
<game gamecode="6573081381"><general>
<startdate>2025-12-27 18:09:07</startdate>
<round>1</round>
<failsafecounter/>
<players><player seat="10" name="KOPKHUNKRAP" chips="500" dealer="0" win="0" bet="20" muck="1" rebuy="0" addon="0" merge="0" rebuychips="0" reg_code="5084040110"/>
<player seat="3" name="SuBandiduu" chips="450" dealer="1" win="0" bet="450" muck="0" rebuy="0" addon="0" merge="0" rebuychips="0" reg_code="5084030140"/>
<player seat="6" name="plutobetfair" chips="550" dealer="0" win="920" bet="450" muck="0" rebuy="0" addon="0" merge="0" rebuychips="0" reg_code="5084039953"/>
</players>
</general>
<round no="0"><action no="1" player="plutobetfair" type="1" discard="1" dealt="1" sum="10"/>
<action no="2" player="KOPKHUNKRAP" type="2" sum="20"/>
</round>
<round no="1"><cards type="Pocket" player="plutobetfair">CK C2</cards>
<cards type="Pocket" player="KOPKHUNKRAP">H8 H3</cards>
<cards type="Pocket" player="SuBandiduu">H9 DA</cards>
<action no="3" player="SuBandiduu" type="23" discard="1" dealt="1" sum="40"/>
<action no="4" player="plutobetfair" type="23" discard="1" dealt="1" sum="100"/>
<action no="5" player="KOPKHUNKRAP" type="0" sum="0"/>
<action no="6" player="SuBandiduu" type="23" discard="1" dealt="1" sum="450"/>
<action no="7" player="plutobetfair" type="3" discard="1" dealt="1" sum="350"/>
</round>
<round no="2"><cards type="Flop">H2 H10 D9</cards>
</round>
<round no="3"><cards type="Turn">CQ</cards>
</round>
<round no="4"><cards type="River">S2</cards>
</round>
</game>
<game gamecode="6573081574"><general>
<startdate>2025-12-27 18:09:33</startdate>
<round>1</round>
<failsafecounter/>
<players><player seat="10" name="KOPKHUNKRAP" chips="480" dealer="0" win="0" bet="80" muck="1" rebuy="0" addon="0" merge="0" rebuychips="0" reg_code="5084040110"/>
<player seat="6" name="plutobetfair" chips="1,020" dealer="1" win="160" bet="192" muck="1" rebuy="0" addon="0" merge="0" rebuychips="0" reg_code="5084039953"/>
</players>
</general>
<round no="0"><action no="1" player="plutobetfair" type="1" discard="1" dealt="1" sum="10"/>
<action no="2" player="KOPKHUNKRAP" type="2" sum="20"/>
</round>
<round no="1"><cards type="Pocket" player="KOPKHUNKRAP">S10 D8</cards>
<cards type="Pocket" player="plutobetfair">X X</cards>
<action no="3" player="plutobetfair" type="23" discard="1" dealt="1" sum="40"/>
<action no="4" player="KOPKHUNKRAP" type="3" sum="20"/>
</round>
<round no="2"><cards type="Flop">S2 D9 S8</cards>
<action no="5" player="KOPKHUNKRAP" type="4" sum="0"/>
<action no="6" player="plutobetfair" type="5" discard="1" dealt="1" sum="40"/>
<action no="7" player="KOPKHUNKRAP" type="3" sum="40"/>
</round>
<round no="3"><cards type="Turn">C5</cards>
<action no="8" player="KOPKHUNKRAP" type="4" sum="0"/>
<action no="9" player="plutobetfair" type="5" discard="1" dealt="1" sum="112"/>
<action no="10" player="KOPKHUNKRAP" type="0" sum="0"/>
</round>
</game>
<game gamecode="6573081785"><general>
<startdate>2025-12-27 18:10:03</startdate>
<round>1</round>
<failsafecounter/>
<players><player seat="6" name="plutobetfair" chips="1,100" dealer="0" win="40" bet="90" muck="1" rebuy="0" addon="0" merge="0" rebuychips="0" reg_code="5084039953"/>
<player seat="10" name="KOPKHUNKRAP" chips="400" dealer="1" win="0" bet="20" muck="1" rebuy="0" addon="0" merge="0" rebuychips="0" reg_code="5084040110"/>
</players>
</general>
<round no="0"><action no="1" player="KOPKHUNKRAP" type="1" sum="10"/>
<action no="2" player="plutobetfair" type="2" discard="1" dealt="1" sum="20"/>
</round>
<round no="1"><cards type="Pocket" player="KOPKHUNKRAP">S7 D10</cards>
<cards type="Pocket" player="plutobetfair">X X</cards>
<action no="3" player="KOPKHUNKRAP" type="3" sum="10"/>
<action no="4" player="plutobetfair" type="23" discard="1" dealt="1" sum="90"/>
<action no="5" player="KOPKHUNKRAP" type="0" sum="0"/>
</round>
</game>
<game gamecode="6573081931"><general>
<startdate>2025-12-27 18:10:24</startdate>
<round>1</round>
<failsafecounter/>
<players><player seat="10" name="KOPKHUNKRAP" chips="380" dealer="0" win="0" bet="20" muck="1" rebuy="0" addon="0" merge="0" rebuychips="0" reg_code="5084040110"/>
<player seat="6" name="plutobetfair" chips="1,120" dealer="1" win="40" bet="40" muck="1" rebuy="0" addon="0" merge="0" rebuychips="0" reg_code="5084039953"/>
</players>
</general>
<round no="0"><action no="1" player="plutobetfair" type="1" discard="1" dealt="1" sum="10"/>
<action no="2" player="KOPKHUNKRAP" type="2" sum="20"/>
</round>
<round no="1"><cards type="Pocket" player="KOPKHUNKRAP">SJ S4</cards>
<cards type="Pocket" player="plutobetfair">X X</cards>
<action no="3" player="plutobetfair" type="23" discard="1" dealt="1" sum="40"/>
<action no="4" player="KOPKHUNKRAP" type="0" sum="0"/>
</round>
</game>
<game gamecode="6573082013"><general>
<startdate>2025-12-27 18:10:37</startdate>
<round>1</round>
<failsafecounter/>
<players><player seat="6" name="plutobetfair" chips="1,140" dealer="0" win="0" bet="35" muck="1" rebuy="0" addon="0" merge="0" rebuychips="0" reg_code="5084039953"/>
<player seat="10" name="KOPKHUNKRAP" chips="360" dealer="1" win="70" bet="360" muck="1" rebuy="0" addon="0" merge="0" rebuychips="0" reg_code="5084040110"/>
</players>
</general>
<round no="0"><action no="1" player="KOPKHUNKRAP" type="15" sum="5"/>
<action no="2" player="plutobetfair" type="15" discard="1" dealt="1" sum="5"/>
<action no="3" player="KOPKHUNKRAP" type="1" sum="15"/>
<action no="4" player="plutobetfair" type="2" discard="1" dealt="1" sum="30"/>
</round>
<round no="1"><cards type="Pocket" player="KOPKHUNKRAP">H6 SA</cards>
<cards type="Pocket" player="plutobetfair">X X</cards>
<action no="5" player="KOPKHUNKRAP" type="23" sum="355"/>
<action no="6" player="plutobetfair" type="0" discard="1" dealt="1" sum="0"/>
</round>
</game>
<game gamecode="6573082100"><general>
<startdate>2025-12-27 18:10:50</startdate>
<round>1</round>
<failsafecounter/>
<players><player seat="10" name="KOPKHUNKRAP" chips="395" dealer="0" win="0" bet="35" muck="1" rebuy="0" addon="0" merge="0" rebuychips="0" reg_code="5084040110"/>
<player seat="6" name="plutobetfair" chips="1,105" dealer="1" win="70" bet="65" muck="1" rebuy="0" addon="0" merge="0" rebuychips="0" reg_code="5084039953"/>
</players>
</general>
<round no="0"><action no="1" player="plutobetfair" type="15" discard="1" dealt="1" sum="5"/>
<action no="2" player="KOPKHUNKRAP" type="15" sum="5"/>
<action no="3" player="plutobetfair" type="1" discard="1" dealt="1" sum="15"/>
<action no="4" player="KOPKHUNKRAP" type="2" sum="30"/>
</round>
<round no="1"><cards type="Pocket" player="KOPKHUNKRAP">H3 H9</cards>
<cards type="Pocket" player="plutobetfair">X X</cards>
<action no="5" player="plutobetfair" type="23" discard="1" dealt="1" sum="60"/>
<action no="6" player="KOPKHUNKRAP" type="0" sum="0"/>
</round>
</game>
<game gamecode="6573082173"><general>
<startdate>2025-12-27 18:11:00</startdate>
<round>1</round>
<failsafecounter/>
<players><player seat="6" name="plutobetfair" chips="1,140" dealer="0" win="70" bet="95" muck="1" rebuy="0" addon="0" merge="0" rebuychips="0" reg_code="5084039953"/>
<player seat="10" name="KOPKHUNKRAP" chips="360" dealer="1" win="0" bet="35" muck="1" rebuy="0" addon="0" merge="0" rebuychips="0" reg_code="5084040110"/>
</players>
</general>
<round no="0"><action no="1" player="KOPKHUNKRAP" type="15" sum="5"/>
<action no="2" player="plutobetfair" type="15" discard="1" dealt="1" sum="5"/>
<action no="3" player="KOPKHUNKRAP" type="1" sum="15"/>
<action no="4" player="plutobetfair" type="2" discard="1" dealt="1" sum="30"/>
</round>
<round no="1"><cards type="Pocket" player="KOPKHUNKRAP">H7 C6</cards>
<cards type="Pocket" player="plutobetfair">X X</cards>
<action no="5" player="KOPKHUNKRAP" type="3" sum="15"/>
<action no="6" player="plutobetfair" type="23" discard="1" dealt="1" sum="90"/>
<action no="7" player="KOPKHUNKRAP" type="0" sum="0"/>
</round>
</game>
<game gamecode="6573082241"><general>
<startdate>2025-12-27 18:11:09</startdate>
<round>1</round>
<failsafecounter/>
<players><player seat="10" name="KOPKHUNKRAP" chips="325" dealer="0" win="40" bet="35" muck="1" rebuy="0" addon="0" merge="0" rebuychips="0" reg_code="5084040110"/>
<player seat="6" name="plutobetfair" chips="1,175" dealer="1" win="0" bet="20" muck="1" rebuy="0" addon="0" merge="0" rebuychips="0" reg_code="5084039953"/>
</players>
</general>
<round no="0"><action no="1" player="plutobetfair" type="15" discard="1" dealt="1" sum="5"/>
<action no="2" player="KOPKHUNKRAP" type="15" sum="5"/>
<action no="3" player="plutobetfair" type="1" discard="1" dealt="1" sum="15"/>
<action no="4" player="KOPKHUNKRAP" type="2" sum="30"/>
</round>
<round no="1"><cards type="Pocket" player="plutobetfair">X X</cards>
<cards type="Pocket" player="KOPKHUNKRAP">CA D9</cards>
<action no="5" player="plutobetfair" type="0" discard="1" dealt="1" sum="0"/>
</round>
</game>
<game gamecode="6573082379"><general>
<startdate>2025-12-27 18:11:28</startdate>
<round>1</round>
<failsafecounter/>
<players><player seat="6" name="plutobetfair" chips="1,155" dealer="0" win="690" bet="345" muck="0" rebuy="0" addon="0" merge="0" rebuychips="0" reg_code="5084039953"/>
<player seat="10" name="KOPKHUNKRAP" chips="345" dealer="1" win="0" bet="345" muck="0" rebuy="0" addon="0" merge="0" rebuychips="0" reg_code="5084040110"/>
</players>
</general>
<round no="0"><action no="1" player="KOPKHUNKRAP" type="15" sum="5"/>
<action no="2" player="plutobetfair" type="15" discard="1" dealt="1" sum="5"/>
<action no="3" player="KOPKHUNKRAP" type="1" sum="15"/>
<action no="4" player="plutobetfair" type="2" discard="1" dealt="1" sum="30"/>
</round>
<round no="1"><cards type="Pocket" player="KOPKHUNKRAP">CK CA</cards>
<cards type="Pocket" player="plutobetfair">D8 DQ</cards>
<action no="5" player="KOPKHUNKRAP" type="3" sum="15"/>
<action no="6" player="plutobetfair" type="23" discard="1" dealt="1" sum="90"/>
<action no="7" player="KOPKHUNKRAP" type="23" sum="340"/>
<action no="8" player="plutobetfair" type="3" discard="1" dealt="1" sum="250"/>
</round>
<round no="2"><cards type="Flop">H10 SJ C10</cards>
</round>
<round no="3"><cards type="Turn">S9</cards>
</round>
<round no="4"><cards type="River">H3</cards>
</round>
</game>
</session>
