<?xml version="1.0" encoding="UTF-8"?>
<session sessioncode="5084798169">
<general>
<client_version>25.7.1.50</client_version>
<mode>real</mode>
<gametype>Holdem NL</gametype>
<tablename>Twister €200 SNG, 825130225</tablename>
<tournamentcode>825130224</tournamentcode>
<tournamentname>Twister €200 SNG</tournamentname>
<buyin>€0 + €12 + €188</buyin>
<totalbuyin>€200</totalbuyin>
<rewarddrawn>€800</rewarddrawn>
<tournamentcurrency>EUR</tournamentcurrency>
<currency>EUR</currency>
<nickname>KOPKHUNKRAP</nickname>
<gamecount>15</gamecount>
<startdate>2025-12-30 04:40:02</startdate>
<place>2</place>
<win>€0</win>
<tablesize>3</tablesize>
</general>
<game gamecode="6576256402"><general>
<startdate>2025-12-30 04:40:17</startdate>
<round>1</round>
<failsafecounter/>
<players><player seat="10" name="BadMinuc" chips="500" dealer="0" win="240" bet="235" muck="1" rebuy="0" addon="0" merge="0" rebuychips="0" reg_code="5084798171"/>
<player seat="3" name="Zeeria" chips="500" dealer="1" win="0" bet="115" muck="1" rebuy="0" addon="0" merge="0" rebuychips="0" reg_code="5084797838"/>
<player seat="6" name="KOPKHUNKRAP" chips="500" dealer="0" win="0" bet="10" muck="1" rebuy="0" addon="0" merge="0" rebuychips="0" reg_code="5084798169"/>
</players>
</general>
<round no="0"><action no="1" player="KOPKHUNKRAP" type="1" sum="10"/>
<action no="2" player="BadMinuc" type="2" discard="1" dealt="1" sum="20"/>
</round>
<round no="1"><cards type="Pocket" player="Zeeria">X X</cards>
<cards type="Pocket" player="KOPKHUNKRAP">H5 D9</cards>
<cards type="Pocket" player="BadMinuc">X X</cards>
<action no="3" player="Zeeria" type="23" discard="1" dealt="1" sum="40"/>
<action no="4" player="KOPKHUNKRAP" type="0" sum="0"/>
<action no="5" player="BadMinuc" type="3" discard="1" dealt="1" sum="20"/>
</round>
<round no="2"><cards type="Flop">H4 S10 D5</cards>
<action no="6" player="BadMinuc" type="4" discard="1" dealt="1" sum="0"/>
<action no="7" player="Zeeria" type="5" discard="1" dealt="1" sum="20"/>
<action no="8" player="BadMinuc" type="23" discard="1" dealt="1" sum="75"/>
<action no="9" player="Zeeria" type="3" discard="1" dealt="1" sum="55"/>
</round>
<round no="3"><cards type="Turn">C7</cards>
<action no="10" player="BadMinuc" type="5" discard="1" dealt="1" sum="120"/>
<action no="11" player="Zeeria" type="0" discard="1" dealt="1" sum="0"/>
</round>
</game>
<game gamecode="6576256441"><general>
<startdate>2025-12-30 04:40:52</startdate>
<round>1</round>
<failsafecounter/>
<players><player seat="3" name="Zeeria" chips="385" dealer="0" win="0" bet="40" muck="1" rebuy="0" addon="0" merge="0" rebuychips="0" reg_code="5084797838"/>
<player seat="6" name="KOPKHUNKRAP" chips="490" dealer="1" win="0" bet="0" muck="1" rebuy="0" addon="0" merge="0" rebuychips="0" reg_code="5084798169"/>
<player seat="10" name="BadMinuc" chips="625" dealer="0" win="80" bet="60" muck="1" rebuy="0" addon="0" merge="0" rebuychips="0" reg_code="5084798171"/>
</players>
</general>
<round no="0"><action no="1" player="BadMinuc" type="1" discard="1" dealt="1" sum="10"/>
<action no="2" player="Zeeria" type="2" discard="1" dealt="1" sum="20"/>
</round>
<round no="1"><cards type="Pocket" player="BadMinuc">X X</cards>
<cards type="Pocket" player="Zeeria">X X</cards>
<cards type="Pocket" player="KOPKHUNKRAP">DJ C6</cards>
<action no="3" player="KOPKHUNKRAP" type="0" sum="0"/>
<action no="4" player="BadMinuc" type="23" discard="1" dealt="1" sum="40"/>
<action no="5" player="Zeeria" type="3" discard="1" dealt="1" sum="20"/>
</round>
<round no="2"><cards type="Flop">DQ HA S8</cards>
<action no="6" player="BadMinuc" type="5" discard="1" dealt="1" sum="20"/>
<action no="7" player="Zeeria" type="0" discard="1" dealt="1" sum="0"/>
</round>
</game>
<game gamecode="6576256457"><general>
<startdate>2025-12-30 04:41:04</startdate>
<round>1</round>
<failsafecounter/>
<players><player seat="6" name="KOPKHUNKRAP" chips="490" dealer="0" win="0" bet="20" muck="1" rebuy="0" addon="0" merge="0" rebuychips="0" reg_code="5084798169"/>
<player seat="10" name="BadMinuc" chips="665" dealer="1" win="0" bet="40" muck="1" rebuy="0" addon="0" merge="0" rebuychips="0" reg_code="5084798171"/>
<player seat="3" name="Zeeria" chips="345" dealer="0" win="100" bet="345" muck="1" rebuy="0" addon="0" merge="0" rebuychips="0" reg_code="5084797838"/>
</players>
</general>
<round no="0"><action no="1" player="Zeeria" type="1" discard="1" dealt="1" sum="10"/>
<action no="2" player="KOPKHUNKRAP" type="2" sum="20"/>
</round>
<round no="1"><cards type="Pocket" player="Zeeria">X X</cards>
<cards type="Pocket" player="KOPKHUNKRAP">C3 S8</cards>
<cards type="Pocket" player="BadMinuc">X X</cards>
<action no="3" player="BadMinuc" type="23" discard="1" dealt="1" sum="40"/>
<action no="4" player="Zeeria" type="23" discard="1" dealt="1" sum="345"/>
<action no="5" player="KOPKHUNKRAP" type="0" sum="0"/>
<action no="6" player="BadMinuc" type="0" discard="1" dealt="1" sum="0"/>
</round>
</game>
<game gamecode="6576256471"><general>
<startdate>2025-12-30 04:41:15</startdate>
<round>1</round>
<failsafecounter/>
<players><player seat="10" name="BadMinuc" chips="625" dealer="0" win="20" bet="20" muck="1" rebuy="0" addon="0" merge="0" rebuychips="0" reg_code="5084798171"/>
<player seat="3" name="Zeeria" chips="405" dealer="1" win="0" bet="0" muck="1" rebuy="0" addon="0" merge="0" rebuychips="0" reg_code="5084797838"/>
<player seat="6" name="KOPKHUNKRAP" chips="470" dealer="0" win="0" bet="10" muck="1" rebuy="0" addon="0" merge="0" rebuychips="0" reg_code="5084798169"/>
</players>
</general>
<round no="0"><action no="1" player="KOPKHUNKRAP" type="1" sum="10"/>
<action no="2" player="BadMinuc" type="2" discard="1" dealt="1" sum="20"/>
</round>
<round no="1"><cards type="Pocket" player="KOPKHUNKRAP">C10 S3</cards>
<cards type="Pocket" player="BadMinuc">X X</cards>
<cards type="Pocket" player="Zeeria">X X</cards>
<action no="3" player="Zeeria" type="0" discard="1" dealt="1" sum="0"/>
<action no="4" player="KOPKHUNKRAP" type="0" sum="0"/>
</round>
</game>
<game gamecode="6576256482"><general>
<startdate>2025-12-30 04:41:24</startdate>
<round>1</round>
<failsafecounter/>
<players><player seat="3" name="Zeeria" chips="405" dealer="0" win="0" bet="20" muck="1" rebuy="0" addon="0" merge="0" rebuychips="0" reg_code="5084797838"/>
<player seat="6" name="KOPKHUNKRAP" chips="460" dealer="1" win="0" bet="40" muck="1" rebuy="0" addon="0" merge="0" rebuychips="0" reg_code="5084798169"/>
<player seat="10" name="BadMinuc" chips="635" dealer="0" win="100" bet="635" muck="1" rebuy="0" addon="0" merge="0" rebuychips="0" reg_code="5084798171"/>
</players>
</general>
<round no="0"><action no="1" player="BadMinuc" type="1" discard="1" dealt="1" sum="10"/>
<action no="2" player="Zeeria" type="2" discard="1" dealt="1" sum="20"/>
</round>
<round no="1"><cards type="Pocket" player="BadMinuc">X X</cards>
<cards type="Pocket" player="Zeeria">X X</cards>
<cards type="Pocket" player="KOPKHUNKRAP">HA D4</cards>
<action no="3" player="KOPKHUNKRAP" type="23" sum="40"/>
<action no="4" player="BadMinuc" type="23" discard="1" dealt="1" sum="635"/>
<action no="5" player="Zeeria" type="0" discard="1" dealt="1" sum="0"/>
<action no="6" player="KOPKHUNKRAP" type="0" sum="0"/>
</round>
</game>
<game gamecode="6576256499"><general>
<startdate>2025-12-30 04:41:37</startdate>
<round>1</round>
<failsafecounter/>
<players><player seat="6" name="KOPKHUNKRAP" chips="420" dealer="0" win="0" bet="120" muck="1" rebuy="0" addon="0" merge="0" rebuychips="0" reg_code="5084798169"/>
<player seat="10" name="BadMinuc" chips="695" dealer="1" win="0" bet="0" muck="1" rebuy="0" addon="0" merge="0" rebuychips="0" reg_code="5084798171"/>
<player seat="3" name="Zeeria" chips="385" dealer="0" win="240" bet="120" muck="0" rebuy="0" addon="0" merge="0" rebuychips="0" reg_code="5084797838"/>
</players>
</general>
<round no="0"><action no="1" player="Zeeria" type="1" discard="1" dealt="1" sum="10"/>
<action no="2" player="KOPKHUNKRAP" type="2" sum="20"/>
</round>
<round no="1"><cards type="Pocket" player="KOPKHUNKRAP">H5 H2</cards>
<cards type="Pocket" player="BadMinuc">X X</cards>
<cards type="Pocket" player="Zeeria">SQ C2</cards>
<action no="3" player="BadMinuc" type="0" discard="1" dealt="1" sum="0"/>
<action no="4" player="Zeeria" type="23" discard="1" dealt="1" sum="50"/>
<action no="5" player="KOPKHUNKRAP" type="3" sum="30"/>
</round>
<round no="2"><cards type="Flop">SA HA DQ</cards>
<action no="6" player="Zeeria" type="5" discard="1" dealt="1" sum="30"/>
<action no="7" player="KOPKHUNKRAP" type="3" sum="30"/>
</round>
<round no="3"><cards type="Turn">S5</cards>
<action no="8" player="Zeeria" type="4" discard="1" dealt="1" sum="0"/>
<action no="9" player="KOPKHUNKRAP" type="5" sum="40"/>
<action no="10" player="Zeeria" type="3" discard="1" dealt="1" sum="40"/>
</round>
<round no="4"><cards type="River">DJ</cards>
<action no="11" player="Zeeria" type="4" discard="1" dealt="1" sum="0"/>
<action no="12" player="KOPKHUNKRAP" type="4" sum="0"/>
</round>
</game>
<game gamecode="6576259419"><general>
<startdate>2025-12-30 04:42:17</startdate>
<round>1</round>
<failsafecounter/>
<players><player seat="10" name="BadMinuc" chips="695" dealer="0" win="0" bet="20" muck="1" rebuy="0" addon="0" merge="0" rebuychips="0" reg_code="5084798171"/>
<player seat="3" name="Zeeria" chips="505" dealer="1" win="0" bet="0" muck="1" rebuy="0" addon="0" merge="0" rebuychips="0" reg_code="5084797838"/>
<player seat="6" name="KOPKHUNKRAP" chips="300" dealer="0" win="40" bet="300" muck="1" rebuy="0" addon="0" merge="0" rebuychips="0" reg_code="5084798169"/>
</players>
</general>
<round no="0"><action no="1" player="KOPKHUNKRAP" type="1" sum="10"/>
<action no="2" player="BadMinuc" type="2" discard="1" dealt="1" sum="20"/>
</round>
<round no="1"><cards type="Pocket" player="Zeeria">X X</cards>
<cards type="Pocket" player="BadMinuc">X X</cards>
<cards type="Pocket" player="KOPKHUNKRAP">SA C10</cards>
<action no="3" player="Zeeria" type="0" discard="1" dealt="1" sum="0"/>
<action no="4" player="KOPKHUNKRAP" type="23" sum="300"/>
<action no="5" player="BadMinuc" type="0" discard="1" dealt="1" sum="0"/>
</round>
</game>
<game gamecode="6576259430"><general>
<startdate>2025-12-30 04:42:27</startdate>
<round>1</round>
<failsafecounter/>
<players><player seat="3" name="Zeeria" chips="505" dealer="0" win="45" bet="35" muck="1" rebuy="0" addon="0" merge="0" rebuychips="0" reg_code="5084797838"/>
<player seat="6" name="KOPKHUNKRAP" chips="320" dealer="1" win="0" bet="5" muck="1" rebuy="0" addon="0" merge="0" rebuychips="0" reg_code="5084798169"/>
<player seat="10" name="BadMinuc" chips="675" dealer="0" win="0" bet="20" muck="1" rebuy="0" addon="0" merge="0" rebuychips="0" reg_code="5084798171"/>
</players>
</general>
<round no="0"><action no="1" player="BadMinuc" type="15" discard="1" dealt="1" sum="5"/>
<action no="2" player="Zeeria" type="15" discard="1" dealt="1" sum="5"/>
<action no="3" player="KOPKHUNKRAP" type="15" sum="5"/>
<action no="4" player="BadMinuc" type="1" discard="1" dealt="1" sum="15"/>
<action no="5" player="Zeeria" type="2" discard="1" dealt="1" sum="30"/>
</round>
<round no="1"><cards type="Pocket" player="KOPKHUNKRAP">C3 D2</cards>
<cards type="Pocket" player="BadMinuc">X X</cards>
<cards type="Pocket" player="Zeeria">X X</cards>
<action no="6" player="KOPKHUNKRAP" type="0" sum="0"/>
<action no="7" player="BadMinuc" type="0" discard="1" dealt="1" sum="0"/>
</round>
</game>
<game gamecode="6576259437"><general>
<startdate>2025-12-30 04:42:34</startdate>
<round>1</round>
<failsafecounter/>
<players><player seat="6" name="KOPKHUNKRAP" chips="315" dealer="0" win="635" bet="315" muck="0" rebuy="0" addon="0" merge="0" rebuychips="0" reg_code="5084798169"/>
<player seat="10" name="BadMinuc" chips="655" dealer="1" win="0" bet="5" muck="1" rebuy="0" addon="0" merge="0" rebuychips="0" reg_code="5084798171"/>
<player seat="3" name="Zeeria" chips="530" dealer="0" win="0" bet="315" muck="1" rebuy="0" addon="0" merge="0" rebuychips="0" reg_code="5084797838"/>
</players>
</general>
<round no="0"><action no="1" player="Zeeria" type="15" discard="1" dealt="1" sum="5"/>
<action no="2" player="KOPKHUNKRAP" type="15" sum="5"/>
<action no="3" player="BadMinuc" type="15" discard="1" dealt="1" sum="5"/>
<action no="4" player="Zeeria" type="1" discard="1" dealt="1" sum="15"/>
<action no="5" player="KOPKHUNKRAP" type="2" sum="30"/>
</round>
<round no="1"><cards type="Pocket" player="Zeeria">S4 HQ</cards>
<cards type="Pocket" player="BadMinuc">X X</cards>
<cards type="Pocket" player="KOPKHUNKRAP">C8 HK</cards>
<action no="6" player="BadMinuc" type="0" discard="1" dealt="1" sum="0"/>
<action no="7" player="Zeeria" type="23" discard="1" dealt="1" sum="60"/>
<action no="8" player="KOPKHUNKRAP" type="3" sum="30"/>
</round>
<round no="2"><cards type="Flop">SK S9 DQ</cards>
<action no="9" player="Zeeria" type="4" discard="1" dealt="1" sum="0"/>
<action no="10" player="KOPKHUNKRAP" type="5" sum="60"/>
<action no="11" player="Zeeria" type="3" discard="1" dealt="1" sum="60"/>
</round>
<round no="3"><cards type="Turn">S3</cards>
<action no="12" player="Zeeria" type="4" discard="1" dealt="1" sum="0"/>
<action no="13" player="KOPKHUNKRAP" type="5" sum="190"/>
<action no="14" player="Zeeria" type="3" discard="1" dealt="1" sum="190"/>
</round>
<round no="4"><cards type="River">D2</cards>
</round>
</game>
<game gamecode="6576259475"><general>
<startdate>2025-12-30 04:43:16</startdate>
<round>1</round>
<failsafecounter/>
<players><player seat="10" name="BadMinuc" chips="650" dealer="0" win="45" bet="35" muck="1" rebuy="0" addon="0" merge="0" rebuychips="0" reg_code="5084798171"/>
<player seat="3" name="Zeeria" chips="215" dealer="1" win="0" bet="5" muck="1" rebuy="0" addon="0" merge="0" rebuychips="0" reg_code="5084797838"/>
<player seat="6" name="KOPKHUNKRAP" chips="635" dealer="0" win="0" bet="20" muck="1" rebuy="0" addon="0" merge="0" rebuychips="0" reg_code="5084798169"/>
</players>
</general>
<round no="0"><action no="1" player="KOPKHUNKRAP" type="15" sum="5"/>
<action no="2" player="BadMinuc" type="15" discard="1" dealt="1" sum="5"/>
<action no="3" player="Zeeria" type="15" discard="1" dealt="1" sum="5"/>
<action no="4" player="KOPKHUNKRAP" type="1" sum="15"/>
<action no="5" player="BadMinuc" type="2" discard="1" dealt="1" sum="30"/>
</round>
<round no="1"><cards type="Pocket" player="KOPKHUNKRAP">D6 C4</cards>
<cards type="Pocket" player="BadMinuc">X X</cards>
<cards type="Pocket" player="Zeeria">X X</cards>
<action no="6" player="Zeeria" type="0" discard="1" dealt="1" sum="0"/>
<action no="7" player="KOPKHUNKRAP" type="0" sum="0"/>
</round>
</game>
<game gamecode="6576259480"><general>
<startdate>2025-12-30 04:43:23</startdate>
<round>1</round>
<failsafecounter/>
<players><player seat="3" name="Zeeria" chips="210" dealer="0" win="0" bet="35" muck="1" rebuy="0" addon="0" merge="0" rebuychips="0" reg_code="5084797838"/>
<player seat="6" name="KOPKHUNKRAP" chips="615" dealer="1" win="90" bet="65" muck="1" rebuy="0" addon="0" merge="0" rebuychips="0" reg_code="5084798169"/>
<player seat="10" name="BadMinuc" chips="675" dealer="0" win="0" bet="20" muck="1" rebuy="0" addon="0" merge="0" rebuychips="0" reg_code="5084798171"/>
</players>
</general>
<round no="0"><action no="1" player="BadMinuc" type="15" discard="1" dealt="1" sum="5"/>
<action no="2" player="Zeeria" type="15" discard="1" dealt="1" sum="5"/>
<action no="3" player="KOPKHUNKRAP" type="15" sum="5"/>
<action no="4" player="BadMinuc" type="1" discard="1" dealt="1" sum="15"/>
<action no="5" player="Zeeria" type="2" discard="1" dealt="1" sum="30"/>
</round>
<round no="1"><cards type="Pocket" player="Zeeria">X X</cards>
<cards type="Pocket" player="BadMinuc">X X</cards>
<cards type="Pocket" player="KOPKHUNKRAP">CA S10</cards>
<action no="6" player="KOPKHUNKRAP" type="23" sum="60"/>
<action no="7" player="BadMinuc" type="0" discard="1" dealt="1" sum="0"/>
<action no="8" player="Zeeria" type="0" discard="1" dealt="1" sum="0"/>
</round>
</game>
<game gamecode="6576259493"><general>
<startdate>2025-12-30 04:43:34</startdate>
<round>1</round>
<failsafecounter/>
<players><player seat="6" name="KOPKHUNKRAP" chips="670" dealer="0" win="0" bet="35" muck="1" rebuy="0" addon="0" merge="0" rebuychips="0" reg_code="5084798169"/>
<player seat="10" name="BadMinuc" chips="655" dealer="1" win="385" bet="185" muck="0" rebuy="0" addon="0" merge="0" rebuychips="0" reg_code="5084798171"/>
<player seat="3" name="Zeeria" chips="175" dealer="0" win="0" bet="175" muck="1" rebuy="0" addon="0" merge="0" rebuychips="0" reg_code="5084797838"/>
</players>
</general>
<round no="0"><action no="1" player="Zeeria" type="15" discard="1" dealt="1" sum="5"/>
<action no="2" player="KOPKHUNKRAP" type="15" sum="5"/>
<action no="3" player="BadMinuc" type="15" discard="1" dealt="1" sum="5"/>
<action no="4" player="Zeeria" type="1" discard="1" dealt="1" sum="15"/>
<action no="5" player="KOPKHUNKRAP" type="2" sum="30"/>
</round>
<round no="1"><cards type="Pocket" player="KOPKHUNKRAP">DJ H8</cards>
<cards type="Pocket" player="Zeeria">DA D3</cards>
<cards type="Pocket" player="BadMinuc">D7 H10</cards>
<action no="6" player="BadMinuc" type="23" discard="1" dealt="1" sum="60"/>
<action no="7" player="Zeeria" type="23" discard="1" dealt="1" sum="150"/>
<action no="8" player="KOPKHUNKRAP" type="0" sum="0"/>
<action no="9" player="BadMinuc" type="3" discard="1" dealt="1" sum="90"/>
</round>
<round no="2"><cards type="Flop">DQ SK S9</cards>
<action no="10" player="Zeeria" type="4" discard="1" dealt="1" sum="0"/>
<action no="11" player="BadMinuc" type="5" discard="1" dealt="1" sum="30"/>
<action no="12" player="Zeeria" type="7" discard="1" dealt="1" sum="20"/>
</round>
<round no="3"><cards type="Turn">S7</cards>
</round>
<round no="4"><cards type="River">DK</cards>
</round>
</game>
<game gamecode="6576259511"><general>
<startdate>2025-12-30 04:44:00</startdate>
<round>1</round>
<failsafecounter/>
<players><player seat="10" name="BadMinuc" chips="865" dealer="0" win="520" bet="410" muck="1" rebuy="0" addon="0" merge="0" rebuychips="0" reg_code="5084798171"/>
<player seat="6" name="KOPKHUNKRAP" chips="635" dealer="1" win="0" bet="260" muck="1" rebuy="0" addon="0" merge="0" rebuychips="0" reg_code="5084798169"/>
</players>
</general>
<round no="0"><action no="1" player="KOPKHUNKRAP" type="15" sum="5"/>
<action no="2" player="BadMinuc" type="15" discard="1" dealt="1" sum="5"/>
<action no="3" player="KOPKHUNKRAP" type="1" sum="15"/>
<action no="4" player="BadMinuc" type="2" discard="1" dealt="1" sum="30"/>
</round>
<round no="1"><cards type="Pocket" player="KOPKHUNKRAP">S7 S8</cards>
<cards type="Pocket" player="BadMinuc">X X</cards>
<action no="5" player="KOPKHUNKRAP" type="3" sum="15"/>
<action no="6" player="BadMinuc" type="23" discard="1" dealt="1" sum="60"/>
<action no="7" player="KOPKHUNKRAP" type="3" sum="30"/>
</round>
<round no="2"><cards type="Flop">DK S10 SJ</cards>
<action no="8" player="BadMinuc" type="5" discard="1" dealt="1" sum="65"/>
<action no="9" player="KOPKHUNKRAP" type="3" sum="65"/>
</round>
<round no="3"><cards type="Turn">D6</cards>
<action no="10" player="BadMinuc" type="5" discard="1" dealt="1" sum="130"/>
<action no="11" player="KOPKHUNKRAP" type="3" sum="130"/>
</round>
<round no="4"><cards type="River">H10</cards>
<action no="12" player="BadMinuc" type="5" discard="1" dealt="1" sum="150"/>
<action no="13" player="KOPKHUNKRAP" type="0" sum="0"/>
</round>
</game>
<game gamecode="6576259532"><general>
<startdate>2025-12-30 04:44:32</startdate>
<round>1</round>
<failsafecounter/>
<players><player seat="6" name="KOPKHUNKRAP" chips="375" dealer="0" win="50" bet="45" muck="1" rebuy="0" addon="0" merge="0" rebuychips="0" reg_code="5084798169"/>
<player seat="10" name="BadMinuc" chips="1,125" dealer="1" win="0" bet="25" muck="1" rebuy="0" addon="0" merge="0" rebuychips="0" reg_code="5084798171"/>
</players>
</general>
<round no="0"><action no="1" player="BadMinuc" type="15" discard="1" dealt="1" sum="5"/>
<action no="2" player="KOPKHUNKRAP" type="15" sum="5"/>
<action no="3" player="BadMinuc" type="1" discard="1" dealt="1" sum="20"/>
<action no="4" player="KOPKHUNKRAP" type="2" sum="40"/>
</round>
<round no="1"><cards type="Pocket" player="KOPKHUNKRAP">S5 DQ</cards>
<cards type="Pocket" player="BadMinuc">X X</cards>
<action no="5" player="BadMinuc" type="0" discard="1" dealt="1" sum="0"/>
</round>
</game>
<game gamecode="6576259541"><general>
<startdate>2025-12-30 04:44:38</startdate>
<round>1</round>
<failsafecounter/>
<players><player seat="10" name="BadMinuc" chips="1,100" dealer="0" win="800" bet="1,100" muck="0" rebuy="0" addon="0" merge="0" rebuychips="0" reg_code="5084798171"/>
<player seat="6" name="KOPKHUNKRAP" chips="400" dealer="1" win="0" bet="400" muck="1" rebuy="0" addon="0" merge="0" rebuychips="0" reg_code="5084798169"/>
</players>
</general>
<round no="0"><action no="1" player="KOPKHUNKRAP" type="15" sum="5"/>
<action no="2" player="BadMinuc" type="15" discard="1" dealt="1" sum="5"/>
<action no="3" player="KOPKHUNKRAP" type="1" sum="20"/>
<action no="4" player="BadMinuc" type="2" discard="1" dealt="1" sum="40"/>
</round>
<round no="1"><cards type="Pocket" player="BadMinuc">S8 H9</cards>
<cards type="Pocket" player="KOPKHUNKRAP">DK D4</cards>
<action no="5" player="KOPKHUNKRAP" type="3" sum="20"/>
<action no="6" player="BadMinuc" type="23" discard="1" dealt="1" sum="1,095"/>
<action no="7" player="KOPKHUNKRAP" type="7" sum="355"/>
</round>
<round no="2"><cards type="Flop">C2 D8 CQ</cards>
</round>
<round no="3"><cards type="Turn">S4</cards>
</round>
<round no="4"><cards type="River">DA</cards>
</round>
</game>
</session>
