<?xml version="1.0" encoding="UTF-8"?>
<session sessioncode="5084407154">
<general>
<client_version>25.7.1.50</client_version>
<mode>real</mode>
<gametype>Holdem NL</gametype>
<tablename>Twister €200 SNG, 824994364</tablename>
<tournamentcode>824994363</tournamentcode>
<tournamentname>Twister €200 SNG</tournamentname>
<buyin>€0 + €12 + €188</buyin>
<totalbuyin>€200</totalbuyin>
<rewarddrawn>€1000</rewarddrawn>
<tournamentcurrency>EUR</tournamentcurrency>
<currency>EUR</currency>
<nickname>KOPKHUNKRAP</nickname>
<gamecount>10</gamecount>
<startdate>2025-12-28 22:02:30</startdate>
<place>3</place>
<win>€100</win>
<tablesize>3</tablesize>
</general>
<game gamecode="6574619082"><general>
<startdate>2025-12-28 22:02:50</startdate>
<round>1</round>
<failsafecounter/>
<players><player seat="6" name="ilcuci" chips="500" dealer="0" win="120" bet="180" muck="1" rebuy="0" addon="0" merge="0" rebuychips="0" reg_code="5084406287"/>
<player seat="10" name="KOPKHUNKRAP" chips="500" dealer="1" win="0" bet="0" muck="1" rebuy="0" addon="0" merge="0" rebuychips="0" reg_code="5084407154"/>
<player seat="3" name="Tiuualex" chips="500" dealer="0" win="0" bet="60" muck="1" rebuy="0" addon="0" merge="0" rebuychips="0" reg_code="5084404566"/>
</players>
</general>
<round no="0"><action no="1" player="Tiuualex" type="1" discard="1" dealt="1" sum="10"/>
<action no="2" player="ilcuci" type="2" discard="1" dealt="1" sum="20"/>
</round>
<round no="1"><cards type="Pocket" player="ilcuci">X X</cards>
<cards type="Pocket" player="Tiuualex">X X</cards>
<cards type="Pocket" player="KOPKHUNKRAP">S8 C9</cards>
<action no="3" player="KOPKHUNKRAP" type="0" sum="0"/>
<action no="4" player="Tiuualex" type="23" discard="1" dealt="1" sum="40"/>
<action no="5" player="ilcuci" type="3" discard="1" dealt="1" sum="20"/>
</round>
<round no="2"><cards type="Flop">D4 C3 H2</cards>
<action no="6" player="Tiuualex" type="4" discard="1" dealt="1" sum="0"/>
<action no="7" player="ilcuci" type="5" discard="1" dealt="1" sum="20"/>
<action no="8" player="Tiuualex" type="3" discard="1" dealt="1" sum="20"/>
</round>
<round no="3"><cards type="Turn">CJ</cards>
<action no="9" player="Tiuualex" type="4" discard="1" dealt="1" sum="0"/>
<action no="10" player="ilcuci" type="5" discard="1" dealt="1" sum="120"/>
<action no="11" player="Tiuualex" type="0" discard="1" dealt="1" sum="0"/>
</round>
</game>
<game gamecode="6574619148"><general>
<startdate>2025-12-28 22:03:13</startdate>
<round>1</round>
<failsafecounter/>
<players><player seat="10" name="KOPKHUNKRAP" chips="500" dealer="0" win="0" bet="40" muck="1" rebuy="0" addon="0" merge="0" rebuychips="0" reg_code="5084407154"/>
<player seat="3" name="Tiuualex" chips="440" dealer="1" win="90" bet="125" muck="1" rebuy="0" addon="0" merge="0" rebuychips="0" reg_code="5084404566"/>
<player seat="6" name="ilcuci" chips="560" dealer="0" win="0" bet="10" muck="1" rebuy="0" addon="0" merge="0" rebuychips="0" reg_code="5084406287"/>
</players>
</general>
<round no="0"><action no="1" player="ilcuci" type="1" discard="1" dealt="1" sum="10"/>
<action no="2" player="KOPKHUNKRAP" type="2" sum="20"/>
</round>
<round no="1"><cards type="Pocket" player="KOPKHUNKRAP">HK C3</cards>
<cards type="Pocket" player="ilcuci">X X</cards>
<cards type="Pocket" player="Tiuualex">X X</cards>
<action no="3" player="Tiuualex" type="23" discard="1" dealt="1" sum="40"/>
<action no="4" player="ilcuci" type="0" discard="1" dealt="1" sum="0"/>
<action no="5" player="KOPKHUNKRAP" type="3" sum="20"/>
</round>
<round no="2"><cards type="Flop">S9 D8 C10</cards>
<action no="6" player="KOPKHUNKRAP" type="4" sum="0"/>
<action no="7" player="Tiuualex" type="4" discard="1" dealt="1" sum="0"/>
</round>
<round no="3"><cards type="Turn">SA</cards>
<action no="8" player="KOPKHUNKRAP" type="4" sum="0"/>
<action no="9" player="Tiuualex" type="5" discard="1" dealt="1" sum="85"/>
<action no="10" player="KOPKHUNKRAP" type="0" sum="0"/>
</round>
</game>
<game gamecode="6574619234"><general>
<startdate>2025-12-28 22:03:39</startdate>
<round>1</round>
<failsafecounter/>
<players><player seat="3" name="Tiuualex" chips="490" dealer="0" win="200" bet="490" muck="1" rebuy="0" addon="0" merge="0" rebuychips="0" reg_code="5084404566"/>
<player seat="6" name="ilcuci" chips="550" dealer="1" win="0" bet="95" muck="1" rebuy="0" addon="0" merge="0" rebuychips="0" reg_code="5084406287"/>
<player seat="10" name="KOPKHUNKRAP" chips="460" dealer="0" win="0" bet="10" muck="1" rebuy="0" addon="0" merge="0" rebuychips="0" reg_code="5084407154"/>
</players>
</general>
<round no="0"><action no="1" player="KOPKHUNKRAP" type="1" sum="10"/>
<action no="2" player="Tiuualex" type="2" discard="1" dealt="1" sum="20"/>
</round>
<round no="1"><cards type="Pocket" player="Tiuualex">X X</cards>
<cards type="Pocket" player="KOPKHUNKRAP">D2 S7</cards>
<cards type="Pocket" player="ilcuci">X X</cards>
<action no="3" player="ilcuci" type="3" discard="1" dealt="1" sum="20"/>
<action no="4" player="KOPKHUNKRAP" type="0" sum="0"/>
<action no="5" player="Tiuualex" type="4" discard="1" dealt="1" sum="0"/>
</round>
<round no="2"><cards type="Flop">HK S4 H6</cards>
<action no="6" player="Tiuualex" type="4" discard="1" dealt="1" sum="0"/>
<action no="7" player="ilcuci" type="4" discard="1" dealt="1" sum="0"/>
</round>
<round no="3"><cards type="Turn">SA</cards>
<action no="8" player="Tiuualex" type="5" discard="1" dealt="1" sum="25"/>
<action no="9" player="ilcuci" type="3" discard="1" dealt="1" sum="25"/>
</round>
<round no="4"><cards type="River">DJ</cards>
<action no="10" player="Tiuualex" type="4" discard="1" dealt="1" sum="0"/>
<action no="11" player="ilcuci" type="5" discard="1" dealt="1" sum="50"/>
<action no="12" player="Tiuualex" type="23" discard="1" dealt="1" sum="445"/>
<action no="13" player="ilcuci" type="0" discard="1" dealt="1" sum="0"/>
</round>
</game>
<game gamecode="6574619303"><general>
<startdate>2025-12-28 22:04:03</startdate>
<round>1</round>
<failsafecounter/>
<players><player seat="6" name="ilcuci" chips="455" dealer="0" win="0" bet="40" muck="1" rebuy="0" addon="0" merge="0" rebuychips="0" reg_code="5084406287"/>
<player seat="10" name="KOPKHUNKRAP" chips="450" dealer="1" win="0" bet="0" muck="1" rebuy="0" addon="0" merge="0" rebuychips="0" reg_code="5084407154"/>
<player seat="3" name="Tiuualex" chips="595" dealer="0" win="80" bet="220" muck="1" rebuy="0" addon="0" merge="0" rebuychips="0" reg_code="5084404566"/>
</players>
</general>
<round no="0"><action no="1" player="Tiuualex" type="1" discard="1" dealt="1" sum="10"/>
<action no="2" player="ilcuci" type="2" discard="1" dealt="1" sum="20"/>
</round>
<round no="1"><cards type="Pocket" player="Tiuualex">X X</cards>
<cards type="Pocket" player="KOPKHUNKRAP">SK H6</cards>
<cards type="Pocket" player="ilcuci">X X</cards>
<action no="3" player="KOPKHUNKRAP" type="0" sum="0"/>
<action no="4" player="Tiuualex" type="23" discard="1" dealt="1" sum="40"/>
<action no="5" player="ilcuci" type="3" discard="1" dealt="1" sum="20"/>
</round>
<round no="2"><cards type="Flop">S6 HJ H7</cards>
<action no="6" player="Tiuualex" type="4" discard="1" dealt="1" sum="0"/>
<action no="7" player="ilcuci" type="4" discard="1" dealt="1" sum="0"/>
</round>
<round no="3"><cards type="Turn">SQ</cards>
<action no="8" player="Tiuualex" type="4" discard="1" dealt="1" sum="0"/>
<action no="9" player="ilcuci" type="4" discard="1" dealt="1" sum="0"/>
</round>
<round no="4"><cards type="River">D8</cards>
<action no="10" player="Tiuualex" type="5" discard="1" dealt="1" sum="180"/>
<action no="11" player="ilcuci" type="0" discard="1" dealt="1" sum="0"/>
</round>
</game>
<game gamecode="6574619355"><general>
<startdate>2025-12-28 22:04:21</startdate>
<round>1</round>
<failsafecounter/>
<players><player seat="10" name="KOPKHUNKRAP" chips="450" dealer="0" win="0" bet="20" muck="1" rebuy="0" addon="0" merge="0" rebuychips="0" reg_code="5084407154"/>
<player seat="3" name="Tiuualex" chips="635" dealer="1" win="0" bet="40" muck="1" rebuy="0" addon="0" merge="0" rebuychips="0" reg_code="5084404566"/>
<player seat="6" name="ilcuci" chips="415" dealer="0" win="100" bet="415" muck="1" rebuy="0" addon="0" merge="0" rebuychips="0" reg_code="5084406287"/>
</players>
</general>
<round no="0"><action no="1" player="ilcuci" type="1" discard="1" dealt="1" sum="10"/>
<action no="2" player="KOPKHUNKRAP" type="2" sum="20"/>
</round>
<round no="1"><cards type="Pocket" player="ilcuci">X X</cards>
<cards type="Pocket" player="Tiuualex">X X</cards>
<cards type="Pocket" player="KOPKHUNKRAP">HA S6</cards>
<action no="3" player="Tiuualex" type="23" discard="1" dealt="1" sum="40"/>
<action no="4" player="ilcuci" type="23" discard="1" dealt="1" sum="415"/>
<action no="5" player="KOPKHUNKRAP" type="0" sum="0"/>
<action no="6" player="Tiuualex" type="0" discard="1" dealt="1" sum="0"/>
</round>
</game>
<game gamecode="6574624790"><general>
<startdate>2025-12-28 22:04:38</startdate>
<round>1</round>
<failsafecounter/>
<players><player seat="3" name="Tiuualex" chips="595" dealer="0" win="20" bet="20" muck="1" rebuy="0" addon="0" merge="0" rebuychips="0" reg_code="5084404566"/>
<player seat="6" name="ilcuci" chips="475" dealer="1" win="0" bet="0" muck="1" rebuy="0" addon="0" merge="0" rebuychips="0" reg_code="5084406287"/>
<player seat="10" name="KOPKHUNKRAP" chips="430" dealer="0" win="0" bet="10" muck="1" rebuy="0" addon="0" merge="0" rebuychips="0" reg_code="5084407154"/>
</players>
</general>
<round no="0"><action no="1" player="KOPKHUNKRAP" type="1" sum="10"/>
<action no="2" player="Tiuualex" type="2" discard="1" dealt="1" sum="20"/>
</round>
<round no="1"><cards type="Pocket" player="KOPKHUNKRAP">C5 H4</cards>
<cards type="Pocket" player="ilcuci">X X</cards>
<cards type="Pocket" player="Tiuualex">X X</cards>
<action no="3" player="ilcuci" type="0" discard="1" dealt="1" sum="0"/>
<action no="4" player="KOPKHUNKRAP" type="0" sum="0"/>
</round>
</game>
<game gamecode="6574624811"><general>
<startdate>2025-12-28 22:04:45</startdate>
<round>1</round>
<failsafecounter/>
<players><player seat="6" name="ilcuci" chips="475" dealer="0" win="180" bet="475" muck="1" rebuy="0" addon="0" merge="0" rebuychips="0" reg_code="5084406287"/>
<player seat="10" name="KOPKHUNKRAP" chips="420" dealer="1" win="0" bet="0" muck="1" rebuy="0" addon="0" merge="0" rebuychips="0" reg_code="5084407154"/>
<player seat="3" name="Tiuualex" chips="605" dealer="0" win="0" bet="90" muck="1" rebuy="0" addon="0" merge="0" rebuychips="0" reg_code="5084404566"/>
</players>
</general>
<round no="0"><action no="1" player="Tiuualex" type="1" discard="1" dealt="1" sum="10"/>
<action no="2" player="ilcuci" type="2" discard="1" dealt="1" sum="20"/>
</round>
<round no="1"><cards type="Pocket" player="KOPKHUNKRAP">C3 D9</cards>
<cards type="Pocket" player="Tiuualex">X X</cards>
<cards type="Pocket" player="ilcuci">X X</cards>
<action no="3" player="KOPKHUNKRAP" type="0" sum="0"/>
<action no="4" player="Tiuualex" type="23" discard="1" dealt="1" sum="40"/>
<action no="5" player="ilcuci" type="3" discard="1" dealt="1" sum="20"/>
</round>
<round no="2"><cards type="Flop">HJ H4 DQ</cards>
<action no="6" player="Tiuualex" type="5" discard="1" dealt="1" sum="20"/>
<action no="7" player="ilcuci" type="3" discard="1" dealt="1" sum="20"/>
</round>
<round no="3"><cards type="Turn">D3</cards>
<action no="8" player="Tiuualex" type="5" discard="1" dealt="1" sum="30"/>
<action no="9" player="ilcuci" type="23" discard="1" dealt="1" sum="415"/>
<action no="10" player="Tiuualex" type="0" discard="1" dealt="1" sum="0"/>
</round>
</game>
<game gamecode="6574624883"><general>
<startdate>2025-12-28 22:05:09</startdate>
<round>1</round>
<failsafecounter/>
<players><player seat="10" name="KOPKHUNKRAP" chips="420" dealer="0" win="75" bet="420" muck="1" rebuy="0" addon="0" merge="0" rebuychips="0" reg_code="5084407154"/>
<player seat="3" name="Tiuualex" chips="515" dealer="1" win="0" bet="5" muck="1" rebuy="0" addon="0" merge="0" rebuychips="0" reg_code="5084404566"/>
<player seat="6" name="ilcuci" chips="565" dealer="0" win="0" bet="35" muck="1" rebuy="0" addon="0" merge="0" rebuychips="0" reg_code="5084406287"/>
</players>
</general>
<round no="0"><action no="1" player="ilcuci" type="15" discard="1" dealt="1" sum="5"/>
<action no="2" player="KOPKHUNKRAP" type="15" sum="5"/>
<action no="3" player="Tiuualex" type="15" discard="1" dealt="1" sum="5"/>
<action no="4" player="ilcuci" type="1" discard="1" dealt="1" sum="15"/>
<action no="5" player="KOPKHUNKRAP" type="2" sum="30"/>
</round>
<round no="1"><cards type="Pocket" player="KOPKHUNKRAP">C6 D6</cards>
<cards type="Pocket" player="ilcuci">X X</cards>
<cards type="Pocket" player="Tiuualex">X X</cards>
<action no="6" player="Tiuualex" type="0" discard="1" dealt="1" sum="0"/>
<action no="7" player="ilcuci" type="3" discard="1" dealt="1" sum="15"/>
<action no="8" player="KOPKHUNKRAP" type="23" sum="415"/>
<action no="9" player="ilcuci" type="0" discard="1" dealt="1" sum="0"/>
</round>
</game>
<game gamecode="6574624915"><general>
<startdate>2025-12-28 22:05:21</startdate>
<round>1</round>
<failsafecounter/>
<players><player seat="3" name="Tiuualex" chips="510" dealer="0" win="105" bet="485" muck="1" rebuy="0" addon="0" merge="0" rebuychips="0" reg_code="5084404566"/>
<player seat="6" name="ilcuci" chips="530" dealer="1" win="0" bet="35" muck="1" rebuy="0" addon="0" merge="0" rebuychips="0" reg_code="5084406287"/>
<player seat="10" name="KOPKHUNKRAP" chips="460" dealer="0" win="0" bet="35" muck="1" rebuy="0" addon="0" merge="0" rebuychips="0" reg_code="5084407154"/>
</players>
</general>
<round no="0"><action no="1" player="KOPKHUNKRAP" type="15" sum="5"/>
<action no="2" player="Tiuualex" type="15" discard="1" dealt="1" sum="5"/>
<action no="3" player="ilcuci" type="15" discard="1" dealt="1" sum="5"/>
<action no="4" player="KOPKHUNKRAP" type="1" sum="15"/>
<action no="5" player="Tiuualex" type="2" discard="1" dealt="1" sum="30"/>
</round>
<round no="1"><cards type="Pocket" player="KOPKHUNKRAP">S7 SJ</cards>
<cards type="Pocket" player="Tiuualex">X X</cards>
<cards type="Pocket" player="ilcuci">X X</cards>
<action no="6" player="ilcuci" type="3" discard="1" dealt="1" sum="30"/>
<action no="7" player="KOPKHUNKRAP" type="3" sum="15"/>
<action no="8" player="Tiuualex" type="23" discard="1" dealt="1" sum="480"/>
<action no="9" player="ilcuci" type="0" discard="1" dealt="1" sum="0"/>
<action no="10" player="KOPKHUNKRAP" type="0" sum="0"/>
</round>
</game>
<game gamecode="6574624953"><general>
<startdate>2025-12-28 22:05:35</startdate>
<round>1</round>
<failsafecounter/>
<players><player seat="6" name="ilcuci" chips="495" dealer="0" win="0" bet="35" muck="1" rebuy="0" addon="0" merge="0" rebuychips="0" reg_code="5084406287"/>
<player seat="10" name="KOPKHUNKRAP" chips="425" dealer="1" win="0" bet="425" muck="0" rebuy="0" addon="0" merge="0" rebuychips="0" reg_code="5084407154"/>
<player seat="3" name="Tiuualex" chips="580" dealer="0" win="885" bet="580" muck="0" rebuy="0" addon="0" merge="0" rebuychips="0" reg_code="5084404566"/>
</players>
</general>
<round no="0"><action no="1" player="Tiuualex" type="15" discard="1" dealt="1" sum="5"/>
<action no="2" player="ilcuci" type="15" discard="1" dealt="1" sum="5"/>
<action no="3" player="KOPKHUNKRAP" type="15" sum="5"/>
<action no="4" player="Tiuualex" type="1" discard="1" dealt="1" sum="15"/>
<action no="5" player="ilcuci" type="2" discard="1" dealt="1" sum="30"/>
</round>
<round no="1"><cards type="Pocket" player="ilcuci">X X</cards>
<cards type="Pocket" player="Tiuualex">SA HQ</cards>
<cards type="Pocket" player="KOPKHUNKRAP">H9 S9</cards>
<action no="6" player="KOPKHUNKRAP" type="23" sum="60"/>
<action no="7" player="Tiuualex" type="23" discard="1" dealt="1" sum="575"/>
<action no="8" player="ilcuci" type="0" discard="1" dealt="1" sum="0"/>
<action no="9" player="KOPKHUNKRAP" type="7" sum="360"/>
</round>
<round no="2"><cards type="Flop">CJ C8 DQ</cards>
</round>
<round no="3"><cards type="Turn">C4</cards>
</round>
<round no="4"><cards type="River">CA</cards>
</round>
</game>
</session>
