<?xml version="1.0" encoding="UTF-8"?>
<session sessioncode="5084502879">
<general>
<client_version>24.7.1.15</client_version>
<mode>real</mode>
<gametype>Holdem NL</gametype>
<tablename>Twister €100 SNG, 825032488</tablename>
<tournamentcode>825032487</tournamentcode>
<tournamentname>Twister €100 SNG</tournamentname>
<buyin>€0 + €7 + €93</buyin>
<totalbuyin>€100</totalbuyin>
<rewarddrawn>€400</rewarddrawn>
<tournamentcurrency>EUR</tournamentcurrency>
<currency>EUR</currency>
<nickname>KOPKHUNKRAP</nickname>
<gamecount>12</gamecount>
<startdate>2025-12-29 07:10:16</startdate>
<place>3</place>
<win>€0</win>
<tablesize>3</tablesize>
</general>
<game gamecode="6575030851"><general>
<startdate>2025-12-29 07:10:31</startdate>
<round>1</round>
<failsafecounter/>
<players><player seat="3" name="Exivezzz2323" chips="500" dealer="0" win="0" bet="20" muck="1" rebuy="0" addon="0" merge="0" rebuychips="0" reg_code="5084503056"/>
<player seat="6" name="KOPKHUNKRAP" chips="500" dealer="1" win="0" bet="40" muck="1" rebuy="0" addon="0" merge="0" rebuychips="0" reg_code="5084502879"/>
<player seat="10" name="Mbsqual" chips="500" dealer="0" win="100" bet="40" muck="0" rebuy="0" addon="0" merge="0" rebuychips="0" reg_code="5084503071"/>
</players>
</general>
<round no="0"><action no="1" player="Mbsqual" type="1" discard="1" dealt="1" sum="10"/>
<action no="2" player="Exivezzz2323" type="2" discard="1" dealt="1" sum="20"/>
</round>
<round no="1"><cards type="Pocket" player="KOPKHUNKRAP">SA DQ</cards>
<cards type="Pocket" player="Exivezzz2323">X X</cards>
<cards type="Pocket" player="Mbsqual">DA D2</cards>
<action no="3" player="KOPKHUNKRAP" type="23" sum="40"/>
<action no="4" player="Mbsqual" type="3" discard="1" dealt="1" sum="30"/>
<action no="5" player="Exivezzz2323" type="0" discard="1" dealt="1" sum="0"/>
</round>
<round no="2"><cards type="Flop">S2 C8 C9</cards>
<action no="6" player="Mbsqual" type="4" discard="1" dealt="1" sum="0"/>
<action no="7" player="KOPKHUNKRAP" type="4" sum="0"/>
</round>
<round no="3"><cards type="Turn">H10</cards>
<action no="8" player="Mbsqual" type="4" discard="1" dealt="1" sum="0"/>
<action no="9" player="KOPKHUNKRAP" type="4" sum="0"/>
</round>
<round no="4"><cards type="River">D6</cards>
<action no="10" player="Mbsqual" type="4" discard="1" dealt="1" sum="0"/>
<action no="11" player="KOPKHUNKRAP" type="4" sum="0"/>
</round>
</game>
<game gamecode="6575030891"><general>
<startdate>2025-12-29 07:10:59</startdate>
<round>1</round>
<failsafecounter/>
<players><player seat="6" name="KOPKHUNKRAP" chips="460" dealer="0" win="0" bet="80" muck="1" rebuy="0" addon="0" merge="0" rebuychips="0" reg_code="5084502879"/>
<player seat="10" name="Mbsqual" chips="560" dealer="1" win="0" bet="0" muck="1" rebuy="0" addon="0" merge="0" rebuychips="0" reg_code="5084503071"/>
<player seat="3" name="Exivezzz2323" chips="480" dealer="0" win="160" bet="200" muck="1" rebuy="0" addon="0" merge="0" rebuychips="0" reg_code="5084503056"/>
</players>
</general>
<round no="0"><action no="1" player="Exivezzz2323" type="1" discard="1" dealt="1" sum="10"/>
<action no="2" player="KOPKHUNKRAP" type="2" sum="20"/>
</round>
<round no="1"><cards type="Pocket" player="KOPKHUNKRAP">S7 DA</cards>
<cards type="Pocket" player="Exivezzz2323">X X</cards>
<cards type="Pocket" player="Mbsqual">X X</cards>
<action no="3" player="Mbsqual" type="0" discard="1" dealt="1" sum="0"/>
<action no="4" player="Exivezzz2323" type="23" discard="1" dealt="1" sum="50"/>
<action no="5" player="KOPKHUNKRAP" type="3" sum="30"/>
</round>
<round no="2"><cards type="Flop">D5 H8 D3</cards>
<action no="6" player="Exivezzz2323" type="4" discard="1" dealt="1" sum="0"/>
<action no="7" player="KOPKHUNKRAP" type="4" sum="0"/>
</round>
<round no="3"><cards type="Turn">S3</cards>
<action no="8" player="Exivezzz2323" type="5" discard="1" dealt="1" sum="30"/>
<action no="9" player="KOPKHUNKRAP" type="3" sum="30"/>
</round>
<round no="4"><cards type="River">SK</cards>
<action no="10" player="Exivezzz2323" type="5" discard="1" dealt="1" sum="120"/>
<action no="11" player="KOPKHUNKRAP" type="0" sum="0"/>
</round>
</game>
<game gamecode="6575030944"><general>
<startdate>2025-12-29 07:11:40</startdate>
<round>1</round>
<failsafecounter/>
<players><player seat="10" name="Mbsqual" chips="560" dealer="0" win="20" bet="20" muck="1" rebuy="0" addon="0" merge="0" rebuychips="0" reg_code="5084503071"/>
<player seat="3" name="Exivezzz2323" chips="560" dealer="1" win="0" bet="0" muck="1" rebuy="0" addon="0" merge="0" rebuychips="0" reg_code="5084503056"/>
<player seat="6" name="KOPKHUNKRAP" chips="380" dealer="0" win="0" bet="10" muck="1" rebuy="0" addon="0" merge="0" rebuychips="0" reg_code="5084502879"/>
</players>
</general>
<round no="0"><action no="1" player="KOPKHUNKRAP" type="1" sum="10"/>
<action no="2" player="Mbsqual" type="2" discard="1" dealt="1" sum="20"/>
</round>
<round no="1"><cards type="Pocket" player="KOPKHUNKRAP">D2 S3</cards>
<cards type="Pocket" player="Exivezzz2323">X X</cards>
<cards type="Pocket" player="Mbsqual">X X</cards>
<action no="3" player="Exivezzz2323" type="0" discard="1" dealt="1" sum="0"/>
<action no="4" player="KOPKHUNKRAP" type="0" sum="0"/>
</round>
</game>
<game gamecode="6575030955"><general>
<startdate>2025-12-29 07:11:51</startdate>
<round>1</round>
<failsafecounter/>
<players><player seat="3" name="Exivezzz2323" chips="560" dealer="0" win="0" bet="20" muck="1" rebuy="0" addon="0" merge="0" rebuychips="0" reg_code="5084503056"/>
<player seat="6" name="KOPKHUNKRAP" chips="370" dealer="1" win="50" bet="370" muck="1" rebuy="0" addon="0" merge="0" rebuychips="0" reg_code="5084502879"/>
<player seat="10" name="Mbsqual" chips="570" dealer="0" win="0" bet="10" muck="1" rebuy="0" addon="0" merge="0" rebuychips="0" reg_code="5084503071"/>
</players>
</general>
<round no="0"><action no="1" player="Mbsqual" type="1" discard="1" dealt="1" sum="10"/>
<action no="2" player="Exivezzz2323" type="2" discard="1" dealt="1" sum="20"/>
</round>
<round no="1"><cards type="Pocket" player="Exivezzz2323">X X</cards>
<cards type="Pocket" player="KOPKHUNKRAP">C6 S6</cards>
<cards type="Pocket" player="Mbsqual">X X</cards>
<action no="3" player="KOPKHUNKRAP" type="23" sum="370"/>
<action no="4" player="Mbsqual" type="0" discard="1" dealt="1" sum="0"/>
<action no="5" player="Exivezzz2323" type="0" discard="1" dealt="1" sum="0"/>
</round>
</game>
<game gamecode="6575030977"><general>
<startdate>2025-12-29 07:12:05</startdate>
<round>1</round>
<failsafecounter/>
<players><player seat="6" name="KOPKHUNKRAP" chips="400" dealer="0" win="0" bet="20" muck="1" rebuy="0" addon="0" merge="0" rebuychips="0" reg_code="5084502879"/>
<player seat="10" name="Mbsqual" chips="560" dealer="1" win="70" bet="60" muck="0" rebuy="0" addon="0" merge="0" rebuychips="0" reg_code="5084503071"/>
<player seat="3" name="Exivezzz2323" chips="540" dealer="0" win="70" bet="60" muck="0" rebuy="0" addon="0" merge="0" rebuychips="0" reg_code="5084503056"/>
</players>
</general>
<round no="0"><action no="1" player="Exivezzz2323" type="1" discard="1" dealt="1" sum="10"/>
<action no="2" player="KOPKHUNKRAP" type="2" sum="20"/>
</round>
<round no="1"><cards type="Pocket" player="Mbsqual">D2 CK</cards>
<cards type="Pocket" player="Exivezzz2323">C5 DK</cards>
<cards type="Pocket" player="KOPKHUNKRAP">HQ D9</cards>
<action no="3" player="Mbsqual" type="3" discard="1" dealt="1" sum="20"/>
<action no="4" player="Exivezzz2323" type="3" discard="1" dealt="1" sum="10"/>
<action no="5" player="KOPKHUNKRAP" type="4" sum="0"/>
</round>
<round no="2"><cards type="Flop">D6 CA SK</cards>
<action no="6" player="Exivezzz2323" type="4" discard="1" dealt="1" sum="0"/>
<action no="7" player="KOPKHUNKRAP" type="4" sum="0"/>
<action no="8" player="Mbsqual" type="4" discard="1" dealt="1" sum="0"/>
</round>
<round no="3"><cards type="Turn">H5</cards>
<action no="9" player="Exivezzz2323" type="5" discard="1" dealt="1" sum="20"/>
<action no="10" player="KOPKHUNKRAP" type="0" sum="0"/>
<action no="11" player="Mbsqual" type="3" discard="1" dealt="1" sum="20"/>
</round>
<round no="4"><cards type="River">SA</cards>
<action no="12" player="Exivezzz2323" type="5" discard="1" dealt="1" sum="20"/>
<action no="13" player="Mbsqual" type="3" discard="1" dealt="1" sum="20"/>
</round>
</game>
<game gamecode="6575031026"><general>
<startdate>2025-12-29 07:12:45</startdate>
<round>1</round>
<failsafecounter/>
<players><player seat="10" name="Mbsqual" chips="570" dealer="0" win="45" bet="35" muck="1" rebuy="0" addon="0" merge="0" rebuychips="0" reg_code="5084503071"/>
<player seat="3" name="Exivezzz2323" chips="550" dealer="1" win="0" bet="5" muck="1" rebuy="0" addon="0" merge="0" rebuychips="0" reg_code="5084503056"/>
<player seat="6" name="KOPKHUNKRAP" chips="380" dealer="0" win="0" bet="20" muck="1" rebuy="0" addon="0" merge="0" rebuychips="0" reg_code="5084502879"/>
</players>
</general>
<round no="0"><action no="1" player="KOPKHUNKRAP" type="15" sum="5"/>
<action no="2" player="Mbsqual" type="15" discard="1" dealt="1" sum="5"/>
<action no="3" player="Exivezzz2323" type="15" discard="1" dealt="1" sum="5"/>
<action no="4" player="KOPKHUNKRAP" type="1" sum="15"/>
<action no="5" player="Mbsqual" type="2" discard="1" dealt="1" sum="30"/>
</round>
<round no="1"><cards type="Pocket" player="Exivezzz2323">X X</cards>
<cards type="Pocket" player="KOPKHUNKRAP">SJ C6</cards>
<cards type="Pocket" player="Mbsqual">X X</cards>
<action no="6" player="Exivezzz2323" type="0" discard="1" dealt="1" sum="0"/>
<action no="7" player="KOPKHUNKRAP" type="0" sum="0"/>
</round>
</game>
<game gamecode="6575031055"><general>
<startdate>2025-12-29 07:13:01</startdate>
<round>1</round>
<failsafecounter/>
<players><player seat="3" name="Exivezzz2323" chips="545" dealer="0" win="0" bet="35" muck="1" rebuy="0" addon="0" merge="0" rebuychips="0" reg_code="5084503056"/>
<player seat="6" name="KOPKHUNKRAP" chips="360" dealer="1" win="0" bet="5" muck="1" rebuy="0" addon="0" merge="0" rebuychips="0" reg_code="5084502879"/>
<player seat="10" name="Mbsqual" chips="595" dealer="0" win="75" bet="95" muck="1" rebuy="0" addon="0" merge="0" rebuychips="0" reg_code="5084503071"/>
</players>
</general>
<round no="0"><action no="1" player="Mbsqual" type="15" discard="1" dealt="1" sum="5"/>
<action no="2" player="Exivezzz2323" type="15" discard="1" dealt="1" sum="5"/>
<action no="3" player="KOPKHUNKRAP" type="15" sum="5"/>
<action no="4" player="Mbsqual" type="1" discard="1" dealt="1" sum="15"/>
<action no="5" player="Exivezzz2323" type="2" discard="1" dealt="1" sum="30"/>
</round>
<round no="1"><cards type="Pocket" player="Mbsqual">X X</cards>
<cards type="Pocket" player="KOPKHUNKRAP">C5 DJ</cards>
<cards type="Pocket" player="Exivezzz2323">X X</cards>
<action no="6" player="KOPKHUNKRAP" type="0" sum="0"/>
<action no="7" player="Mbsqual" type="23" discard="1" dealt="1" sum="90"/>
<action no="8" player="Exivezzz2323" type="0" discard="1" dealt="1" sum="0"/>
</round>
</game>
<game gamecode="6575031077"><general>
<startdate>2025-12-29 07:13:16</startdate>
<round>1</round>
<failsafecounter/>
<players><player seat="6" name="KOPKHUNKRAP" chips="355" dealer="0" win="0" bet="35" muck="1" rebuy="0" addon="0" merge="0" rebuychips="0" reg_code="5084502879"/>
<player seat="10" name="Mbsqual" chips="635" dealer="1" win="90" bet="95" muck="1" rebuy="0" addon="0" merge="0" rebuychips="0" reg_code="5084503071"/>
<player seat="3" name="Exivezzz2323" chips="510" dealer="0" win="0" bet="20" muck="1" rebuy="0" addon="0" merge="0" rebuychips="0" reg_code="5084503056"/>
</players>
</general>
<round no="0"><action no="1" player="Exivezzz2323" type="15" discard="1" dealt="1" sum="5"/>
<action no="2" player="KOPKHUNKRAP" type="15" sum="5"/>
<action no="3" player="Mbsqual" type="15" discard="1" dealt="1" sum="5"/>
<action no="4" player="Exivezzz2323" type="1" discard="1" dealt="1" sum="15"/>
<action no="5" player="KOPKHUNKRAP" type="2" sum="30"/>
</round>
<round no="1"><cards type="Pocket" player="Exivezzz2323">X X</cards>
<cards type="Pocket" player="Mbsqual">X X</cards>
<cards type="Pocket" player="KOPKHUNKRAP">D2 D7</cards>
<action no="6" player="Mbsqual" type="23" discard="1" dealt="1" sum="90"/>
<action no="7" player="Exivezzz2323" type="0" discard="1" dealt="1" sum="0"/>
<action no="8" player="KOPKHUNKRAP" type="0" sum="0"/>
</round>
</game>
<game gamecode="6575031102"><general>
<startdate>2025-12-29 07:13:31</startdate>
<round>1</round>
<failsafecounter/>
<players><player seat="10" name="Mbsqual" chips="690" dealer="0" win="0" bet="35" muck="1" rebuy="0" addon="0" merge="0" rebuychips="0" reg_code="5084503071"/>
<player seat="3" name="Exivezzz2323" chips="490" dealer="1" win="90" bet="490" muck="1" rebuy="0" addon="0" merge="0" rebuychips="0" reg_code="5084503056"/>
<player seat="6" name="KOPKHUNKRAP" chips="320" dealer="0" win="0" bet="20" muck="1" rebuy="0" addon="0" merge="0" rebuychips="0" reg_code="5084502879"/>
</players>
</general>
<round no="0"><action no="1" player="KOPKHUNKRAP" type="15" sum="5"/>
<action no="2" player="Mbsqual" type="15" discard="1" dealt="1" sum="5"/>
<action no="3" player="Exivezzz2323" type="15" discard="1" dealt="1" sum="5"/>
<action no="4" player="KOPKHUNKRAP" type="1" sum="15"/>
<action no="5" player="Mbsqual" type="2" discard="1" dealt="1" sum="30"/>
</round>
<round no="1"><cards type="Pocket" player="Mbsqual">X X</cards>
<cards type="Pocket" player="KOPKHUNKRAP">S7 D9</cards>
<cards type="Pocket" player="Exivezzz2323">X X</cards>
<action no="6" player="Exivezzz2323" type="23" discard="1" dealt="1" sum="485"/>
<action no="7" player="KOPKHUNKRAP" type="0" sum="0"/>
<action no="8" player="Mbsqual" type="0" discard="1" dealt="1" sum="0"/>
</round>
</game>
<game gamecode="6575031113"><general>
<startdate>2025-12-29 07:13:40</startdate>
<round>1</round>
<failsafecounter/>
<players><player seat="3" name="Exivezzz2323" chips="545" dealer="0" win="0" bet="95" muck="1" rebuy="0" addon="0" merge="0" rebuychips="0" reg_code="5084503056"/>
<player seat="6" name="KOPKHUNKRAP" chips="300" dealer="1" win="0" bet="5" muck="1" rebuy="0" addon="0" merge="0" rebuychips="0" reg_code="5084502879"/>
<player seat="10" name="Mbsqual" chips="655" dealer="0" win="195" bet="655" muck="1" rebuy="0" addon="0" merge="0" rebuychips="0" reg_code="5084503071"/>
</players>
</general>
<round no="0"><action no="1" player="Mbsqual" type="15" discard="1" dealt="1" sum="5"/>
<action no="2" player="Exivezzz2323" type="15" discard="1" dealt="1" sum="5"/>
<action no="3" player="KOPKHUNKRAP" type="15" sum="5"/>
<action no="4" player="Mbsqual" type="1" discard="1" dealt="1" sum="15"/>
<action no="5" player="Exivezzz2323" type="2" discard="1" dealt="1" sum="30"/>
</round>
<round no="1"><cards type="Pocket" player="Exivezzz2323">X X</cards>
<cards type="Pocket" player="KOPKHUNKRAP">H3 SK</cards>
<cards type="Pocket" player="Mbsqual">X X</cards>
<action no="6" player="KOPKHUNKRAP" type="0" sum="0"/>
<action no="7" player="Mbsqual" type="23" discard="1" dealt="1" sum="90"/>
<action no="8" player="Exivezzz2323" type="3" discard="1" dealt="1" sum="60"/>
</round>
<round no="2"><cards type="Flop">CA CK DK</cards>
<action no="9" player="Mbsqual" type="5" discard="1" dealt="1" sum="560"/>
<action no="10" player="Exivezzz2323" type="0" discard="1" dealt="1" sum="0"/>
</round>
</game>
<game gamecode="6575031138"><general>
<startdate>2025-12-29 07:14:03</startdate>
<round>1</round>
<failsafecounter/>
<players><player seat="6" name="KOPKHUNKRAP" chips="295" dealer="0" win="0" bet="35" muck="1" rebuy="0" addon="0" merge="0" rebuychips="0" reg_code="5084502879"/>
<player seat="10" name="Mbsqual" chips="755" dealer="1" win="90" bet="95" muck="1" rebuy="0" addon="0" merge="0" rebuychips="0" reg_code="5084503071"/>
<player seat="3" name="Exivezzz2323" chips="450" dealer="0" win="0" bet="20" muck="1" rebuy="0" addon="0" merge="0" rebuychips="0" reg_code="5084503056"/>
</players>
</general>
<round no="0"><action no="1" player="Exivezzz2323" type="15" discard="1" dealt="1" sum="5"/>
<action no="2" player="KOPKHUNKRAP" type="15" sum="5"/>
<action no="3" player="Mbsqual" type="15" discard="1" dealt="1" sum="5"/>
<action no="4" player="Exivezzz2323" type="1" discard="1" dealt="1" sum="15"/>
<action no="5" player="KOPKHUNKRAP" type="2" sum="30"/>
</round>
<round no="1"><cards type="Pocket" player="Mbsqual">X X</cards>
<cards type="Pocket" player="Exivezzz2323">X X</cards>
<cards type="Pocket" player="KOPKHUNKRAP">DA C7</cards>
<action no="6" player="Mbsqual" type="23" discard="1" dealt="1" sum="90"/>
<action no="7" player="Exivezzz2323" type="0" discard="1" dealt="1" sum="0"/>
<action no="8" player="KOPKHUNKRAP" type="0" sum="0"/>
</round>
</game>
<game gamecode="6575031158"><general>
<startdate>2025-12-29 07:14:17</startdate>
<round>1</round>
<failsafecounter/>
<players><player seat="10" name="Mbsqual" chips="810" dealer="0" win="525" bet="260" muck="0" rebuy="0" addon="0" merge="0" rebuychips="0" reg_code="5084503071"/>
<player seat="3" name="Exivezzz2323" chips="430" dealer="1" win="0" bet="5" muck="1" rebuy="0" addon="0" merge="0" rebuychips="0" reg_code="5084503056"/>
<player seat="6" name="KOPKHUNKRAP" chips="260" dealer="0" win="0" bet="260" muck="0" rebuy="0" addon="0" merge="0" rebuychips="0" reg_code="5084502879"/>
</players>
</general>
<round no="0"><action no="1" player="KOPKHUNKRAP" type="15" sum="5"/>
<action no="2" player="Mbsqual" type="15" discard="1" dealt="1" sum="5"/>
<action no="3" player="Exivezzz2323" type="15" discard="1" dealt="1" sum="5"/>
<action no="4" player="KOPKHUNKRAP" type="1" sum="15"/>
<action no="5" player="Mbsqual" type="2" discard="1" dealt="1" sum="30"/>
</round>
<round no="1"><cards type="Pocket" player="Exivezzz2323">X X</cards>
<cards type="Pocket" player="KOPKHUNKRAP">S5 S6</cards>
<cards type="Pocket" player="Mbsqual">H10 C10</cards>
<action no="6" player="Exivezzz2323" type="0" discard="1" dealt="1" sum="0"/>
<action no="7" player="KOPKHUNKRAP" type="23" sum="255"/>
<action no="8" player="Mbsqual" type="3" discard="1" dealt="1" sum="225"/>
</round>
<round no="2"><cards type="Flop">HA HQ S9</cards>
</round>
<round no="3"><cards type="Turn">CJ</cards>
</round>
<round no="4"><cards type="River">DQ</cards>
</round>
</game>
</session>
