<?xml version="1.0" encoding="UTF-8"?>
<session sessioncode="5084038625">
<general>
<client_version>24.7.1.15</client_version>
<mode>real</mode>
<gametype>Holdem NL</gametype>
<tablename>Twister €200 SNG, 824881725</tablename>
<tournamentcode>824881723</tournamentcode>
<tournamentname>Twister €200 SNG</tournamentname>
<buyin>€0 + €12 + €188</buyin>
<totalbuyin>€200</totalbuyin>
<rewarddrawn>€600</rewarddrawn>
<tournamentcurrency>EUR</tournamentcurrency>
<currency>EUR</currency>
<nickname>KOPKHUNKRAP</nickname>
<gamecount>14</gamecount>
<startdate>2025-12-27 18:03:50</startdate>
<place>2</place>
<win>€0</win>
<tablesize>3</tablesize>
</general>
<game gamecode="6573073649"><general>
<startdate>2025-12-27 18:04:06</startdate>
<round>1</round>
<failsafecounter/>
<players><player seat="10" name="KOPKHUNKRAP" chips="500" dealer="0" win="0" bet="20" muck="1" rebuy="0" addon="0" merge="0" rebuychips="0" reg_code="5084038625"/>
<player seat="3" name="SuBandiduu" chips="500" dealer="1" win="0" bet="140" muck="1" rebuy="0" addon="0" merge="0" rebuychips="0" reg_code="5084026430"/>
<player seat="6" name="plutobetfair" chips="500" dealer="0" win="300" bet="140" muck="0" rebuy="0" addon="0" merge="0" rebuychips="0" reg_code="5084037636"/>
</players>
</general>
<round no="0"><action no="1" player="plutobetfair" type="1" discard="1" dealt="1" sum="10"/>
<action no="2" player="KOPKHUNKRAP" type="2" sum="20"/>
</round>
<round no="1"><cards type="Pocket" player="SuBandiduu">H3 C3</cards>
<cards type="Pocket" player="plutobetfair">SQ SA</cards>
<cards type="Pocket" player="KOPKHUNKRAP">D5 D9</cards>
<action no="3" player="SuBandiduu" type="23" discard="1" dealt="1" sum="40"/>
<action no="4" player="plutobetfair" type="23" discard="1" dealt="1" sum="100"/>
<action no="5" player="KOPKHUNKRAP" type="0" sum="0"/>
<action no="6" player="SuBandiduu" type="3" discard="1" dealt="1" sum="60"/>
</round>
<round no="2"><cards type="Flop">S8 S7 HQ</cards>
<action no="7" player="plutobetfair" type="4" discard="1" dealt="1" sum="0"/>
<action no="8" player="SuBandiduu" type="4" discard="1" dealt="1" sum="0"/>
</round>
<round no="3"><cards type="Turn">CQ</cards>
<action no="9" player="plutobetfair" type="4" discard="1" dealt="1" sum="0"/>
<action no="10" player="SuBandiduu" type="5" discard="1" dealt="1" sum="40"/>
<action no="11" player="plutobetfair" type="3" discard="1" dealt="1" sum="40"/>
</round>
<round no="4"><cards type="River">HA</cards>
<action no="12" player="plutobetfair" type="4" discard="1" dealt="1" sum="0"/>
<action no="13" player="SuBandiduu" type="4" discard="1" dealt="1" sum="0"/>
</round>
</game>
<game gamecode="6573073721"><general>
<startdate>2025-12-27 18:04:29</startdate>
<round>1</round>
<failsafecounter/>
<players><player seat="3" name="SuBandiduu" chips="360" dealer="0" win="90" bet="85" muck="1" rebuy="0" addon="0" merge="0" rebuychips="0" reg_code="5084026430"/>
<player seat="6" name="plutobetfair" chips="660" dealer="1" win="0" bet="40" muck="1" rebuy="0" addon="0" merge="0" rebuychips="0" reg_code="5084037636"/>
<player seat="10" name="KOPKHUNKRAP" chips="480" dealer="0" win="0" bet="10" muck="1" rebuy="0" addon="0" merge="0" rebuychips="0" reg_code="5084038625"/>
</players>
</general>
<round no="0"><action no="1" player="KOPKHUNKRAP" type="1" sum="10"/>
<action no="2" player="SuBandiduu" type="2" discard="1" dealt="1" sum="20"/>
</round>
<round no="1"><cards type="Pocket" player="SuBandiduu">X X</cards>
<cards type="Pocket" player="KOPKHUNKRAP">H2 S3</cards>
<cards type="Pocket" player="plutobetfair">X X</cards>
<action no="3" player="plutobetfair" type="23" discard="1" dealt="1" sum="40"/>
<action no="4" player="KOPKHUNKRAP" type="0" sum="0"/>
<action no="5" player="SuBandiduu" type="3" discard="1" dealt="1" sum="20"/>
</round>
<round no="2"><cards type="Flop">H6 CK SQ</cards>
<action no="6" player="SuBandiduu" type="4" discard="1" dealt="1" sum="0"/>
<action no="7" player="plutobetfair" type="4" discard="1" dealt="1" sum="0"/>
</round>
<round no="3"><cards type="Turn">C8</cards>
<action no="8" player="SuBandiduu" type="5" discard="1" dealt="1" sum="45"/>
<action no="9" player="plutobetfair" type="0" discard="1" dealt="1" sum="0"/>
</round>
</game>
<game gamecode="6573073807"><general>
<startdate>2025-12-27 18:04:56</startdate>
<round>1</round>
<failsafecounter/>
<players><player seat="6" name="plutobetfair" chips="620" dealer="0" win="20" bet="20" muck="1" rebuy="0" addon="0" merge="0" rebuychips="0" reg_code="5084037636"/>
<player seat="10" name="KOPKHUNKRAP" chips="470" dealer="1" win="0" bet="0" muck="1" rebuy="0" addon="0" merge="0" rebuychips="0" reg_code="5084038625"/>
<player seat="3" name="SuBandiduu" chips="410" dealer="0" win="0" bet="10" muck="1" rebuy="0" addon="0" merge="0" rebuychips="0" reg_code="5084026430"/>
</players>
</general>
<round no="0"><action no="1" player="SuBandiduu" type="1" discard="1" dealt="1" sum="10"/>
<action no="2" player="plutobetfair" type="2" discard="1" dealt="1" sum="20"/>
</round>
<round no="1"><cards type="Pocket" player="KOPKHUNKRAP">D4 DJ</cards>
<cards type="Pocket" player="SuBandiduu">X X</cards>
<cards type="Pocket" player="plutobetfair">X X</cards>
<action no="3" player="KOPKHUNKRAP" type="0" sum="0"/>
<action no="4" player="SuBandiduu" type="0" discard="1" dealt="1" sum="0"/>
</round>
</game>
<game gamecode="6573073828"><general>
<startdate>2025-12-27 18:05:03</startdate>
<round>1</round>
<failsafecounter/>
<players><player seat="10" name="KOPKHUNKRAP" chips="470" dealer="0" win="20" bet="20" muck="1" rebuy="0" addon="0" merge="0" rebuychips="0" reg_code="5084038625"/>
<player seat="3" name="SuBandiduu" chips="400" dealer="1" win="0" bet="0" muck="1" rebuy="0" addon="0" merge="0" rebuychips="0" reg_code="5084026430"/>
<player seat="6" name="plutobetfair" chips="630" dealer="0" win="0" bet="10" muck="1" rebuy="0" addon="0" merge="0" rebuychips="0" reg_code="5084037636"/>
</players>
</general>
<round no="0"><action no="1" player="plutobetfair" type="1" discard="1" dealt="1" sum="10"/>
<action no="2" player="KOPKHUNKRAP" type="2" sum="20"/>
</round>
<round no="1"><cards type="Pocket" player="plutobetfair">X X</cards>
<cards type="Pocket" player="KOPKHUNKRAP">D10 H4</cards>
<cards type="Pocket" player="SuBandiduu">X X</cards>
<action no="3" player="SuBandiduu" type="0" discard="1" dealt="1" sum="0"/>
<action no="4" player="plutobetfair" type="0" discard="1" dealt="1" sum="0"/>
</round>
</game>
<game gamecode="6573073874"><general>
<startdate>2025-12-27 18:05:16</startdate>
<round>1</round>
<failsafecounter/>
<players><player seat="3" name="SuBandiduu" chips="400" dealer="0" win="170" bet="400" muck="1" rebuy="0" addon="0" merge="0" rebuychips="0" reg_code="5084026430"/>
<player seat="6" name="plutobetfair" chips="620" dealer="1" win="0" bet="80" muck="1" rebuy="0" addon="0" merge="0" rebuychips="0" reg_code="5084037636"/>
<player seat="10" name="KOPKHUNKRAP" chips="480" dealer="0" win="0" bet="10" muck="1" rebuy="0" addon="0" merge="0" rebuychips="0" reg_code="5084038625"/>
</players>
</general>
<round no="0"><action no="1" player="KOPKHUNKRAP" type="1" sum="10"/>
<action no="2" player="SuBandiduu" type="2" discard="1" dealt="1" sum="20"/>
</round>
<round no="1"><cards type="Pocket" player="KOPKHUNKRAP">C7 C9</cards>
<cards type="Pocket" player="plutobetfair">X X</cards>
<cards type="Pocket" player="SuBandiduu">X X</cards>
<action no="3" player="plutobetfair" type="23" discard="1" dealt="1" sum="40"/>
<action no="4" player="KOPKHUNKRAP" type="0" sum="0"/>
<action no="5" player="SuBandiduu" type="3" discard="1" dealt="1" sum="20"/>
</round>
<round no="2"><cards type="Flop">C4 H5 D2</cards>
<action no="6" player="SuBandiduu" type="4" discard="1" dealt="1" sum="0"/>
<action no="7" player="plutobetfair" type="5" discard="1" dealt="1" sum="40"/>
<action no="8" player="SuBandiduu" type="3" discard="1" dealt="1" sum="40"/>
</round>
<round no="3"><cards type="Turn">H9</cards>
<action no="9" player="SuBandiduu" type="4" discard="1" dealt="1" sum="0"/>
<action no="10" player="plutobetfair" type="4" discard="1" dealt="1" sum="0"/>
</round>
<round no="4"><cards type="River">H10</cards>
<action no="11" player="SuBandiduu" type="5" discard="1" dealt="1" sum="320"/>
<action no="12" player="plutobetfair" type="0" discard="1" dealt="1" sum="0"/>
</round>
</game>
<game gamecode="6573073998"><general>
<startdate>2025-12-27 18:05:55</startdate>
<round>1</round>
<failsafecounter/>
<players><player seat="6" name="plutobetfair" chips="540" dealer="0" win="45" bet="35" muck="1" rebuy="0" addon="0" merge="0" rebuychips="0" reg_code="5084037636"/>
<player seat="10" name="KOPKHUNKRAP" chips="470" dealer="1" win="0" bet="5" muck="1" rebuy="0" addon="0" merge="0" rebuychips="0" reg_code="5084038625"/>
<player seat="3" name="SuBandiduu" chips="490" dealer="0" win="0" bet="20" muck="1" rebuy="0" addon="0" merge="0" rebuychips="0" reg_code="5084026430"/>
</players>
</general>
<round no="0"><action no="1" player="SuBandiduu" type="15" discard="1" dealt="1" sum="5"/>
<action no="2" player="plutobetfair" type="15" discard="1" dealt="1" sum="5"/>
<action no="3" player="KOPKHUNKRAP" type="15" sum="5"/>
<action no="4" player="SuBandiduu" type="1" discard="1" dealt="1" sum="15"/>
<action no="5" player="plutobetfair" type="2" discard="1" dealt="1" sum="30"/>
</round>
<round no="1"><cards type="Pocket" player="SuBandiduu">X X</cards>
<cards type="Pocket" player="plutobetfair">X X</cards>
<cards type="Pocket" player="KOPKHUNKRAP">H8 SJ</cards>
<action no="6" player="KOPKHUNKRAP" type="0" sum="0"/>
<action no="7" player="SuBandiduu" type="0" discard="1" dealt="1" sum="0"/>
</round>
</game>
<game gamecode="6573074038"><general>
<startdate>2025-12-27 18:06:07</startdate>
<round>1</round>
<failsafecounter/>
<players><player seat="10" name="KOPKHUNKRAP" chips="465" dealer="0" win="0" bet="35" muck="1" rebuy="0" addon="0" merge="0" rebuychips="0" reg_code="5084038625"/>
<player seat="3" name="SuBandiduu" chips="470" dealer="1" win="90" bet="470" muck="1" rebuy="0" addon="0" merge="0" rebuychips="0" reg_code="5084026430"/>
<player seat="6" name="plutobetfair" chips="565" dealer="0" win="0" bet="20" muck="1" rebuy="0" addon="0" merge="0" rebuychips="0" reg_code="5084037636"/>
</players>
</general>
<round no="0"><action no="1" player="plutobetfair" type="15" discard="1" dealt="1" sum="5"/>
<action no="2" player="KOPKHUNKRAP" type="15" sum="5"/>
<action no="3" player="SuBandiduu" type="15" discard="1" dealt="1" sum="5"/>
<action no="4" player="plutobetfair" type="1" discard="1" dealt="1" sum="15"/>
<action no="5" player="KOPKHUNKRAP" type="2" sum="30"/>
</round>
<round no="1"><cards type="Pocket" player="KOPKHUNKRAP">C6 C2</cards>
<cards type="Pocket" player="SuBandiduu">X X</cards>
<cards type="Pocket" player="plutobetfair">X X</cards>
<action no="6" player="SuBandiduu" type="23" discard="1" dealt="1" sum="465"/>
<action no="7" player="plutobetfair" type="0" discard="1" dealt="1" sum="0"/>
<action no="8" player="KOPKHUNKRAP" type="0" sum="0"/>
</round>
</game>
<game gamecode="6573074078"><general>
<startdate>2025-12-27 18:06:19</startdate>
<round>1</round>
<failsafecounter/>
<players><player seat="3" name="SuBandiduu" chips="525" dealer="0" win="1,070" bet="525" muck="0" rebuy="0" addon="0" merge="0" rebuychips="0" reg_code="5084026430"/>
<player seat="6" name="plutobetfair" chips="545" dealer="1" win="0" bet="525" muck="1" rebuy="0" addon="0" merge="0" rebuychips="0" reg_code="5084037636"/>
<player seat="10" name="KOPKHUNKRAP" chips="430" dealer="0" win="0" bet="20" muck="1" rebuy="0" addon="0" merge="0" rebuychips="0" reg_code="5084038625"/>
</players>
</general>
<round no="0"><action no="1" player="KOPKHUNKRAP" type="15" sum="5"/>
<action no="2" player="SuBandiduu" type="15" discard="1" dealt="1" sum="5"/>
<action no="3" player="plutobetfair" type="15" discard="1" dealt="1" sum="5"/>
<action no="4" player="KOPKHUNKRAP" type="1" sum="15"/>
<action no="5" player="SuBandiduu" type="2" discard="1" dealt="1" sum="30"/>
</round>
<round no="1"><cards type="Pocket" player="SuBandiduu">D5 S6</cards>
<cards type="Pocket" player="plutobetfair">DQ CA</cards>
<cards type="Pocket" player="KOPKHUNKRAP">DK S5</cards>
<action no="6" player="plutobetfair" type="23" discard="1" dealt="1" sum="60"/>
<action no="7" player="KOPKHUNKRAP" type="0" sum="0"/>
<action no="8" player="SuBandiduu" type="3" discard="1" dealt="1" sum="30"/>
</round>
<round no="2"><cards type="Flop">H4 CK D6</cards>
<action no="9" player="SuBandiduu" type="4" discard="1" dealt="1" sum="0"/>
<action no="10" player="plutobetfair" type="4" discard="1" dealt="1" sum="0"/>
</round>
<round no="3"><cards type="Turn">H5</cards>
<action no="11" player="SuBandiduu" type="5" discard="1" dealt="1" sum="114"/>
<action no="12" player="plutobetfair" type="3" discard="1" dealt="1" sum="114"/>
</round>
<round no="4"><cards type="River">DA</cards>
<action no="13" player="SuBandiduu" type="5" discard="1" dealt="1" sum="346"/>
<action no="14" player="plutobetfair" type="3" discard="1" dealt="1" sum="346"/>
</round>
</game>
<game gamecode="6573074171"><general>
<startdate>2025-12-27 18:06:44</startdate>
<round>1</round>
<failsafecounter/>
<players><player seat="6" name="plutobetfair" chips="20" dealer="0" win="45" bet="20" muck="0" rebuy="0" addon="0" merge="0" rebuychips="0" reg_code="5084037636"/>
<player seat="10" name="KOPKHUNKRAP" chips="410" dealer="1" win="0" bet="5" muck="1" rebuy="0" addon="0" merge="0" rebuychips="0" reg_code="5084038625"/>
<player seat="3" name="SuBandiduu" chips="1,070" dealer="0" win="0" bet="20" muck="0" rebuy="0" addon="0" merge="0" rebuychips="0" reg_code="5084026430"/>
</players>
</general>
<round no="0"><action no="1" player="SuBandiduu" type="15" discard="1" dealt="1" sum="5"/>
<action no="2" player="plutobetfair" type="15" discard="1" dealt="1" sum="5"/>
<action no="3" player="KOPKHUNKRAP" type="15" sum="5"/>
<action no="4" player="SuBandiduu" type="1" discard="1" dealt="1" sum="15"/>
<action no="5" player="plutobetfair" type="2" discard="1" dealt="1" sum="15"/>
</round>
<round no="1"><cards type="Pocket" player="SuBandiduu">S10 DQ</cards>
<cards type="Pocket" player="KOPKHUNKRAP">D5 H3</cards>
<cards type="Pocket" player="plutobetfair">H6 CA</cards>
<action no="6" player="KOPKHUNKRAP" type="0" sum="0"/>
</round>
<round no="2"><cards type="Flop">H8 SK C4</cards>
</round>
<round no="3"><cards type="Turn">H7</cards>
</round>
<round no="4"><cards type="River">C8</cards>
</round>
</game>
<game gamecode="6573074221"><general>
<startdate>2025-12-27 18:06:59</startdate>
<round>1</round>
<failsafecounter/>
<players><player seat="10" name="KOPKHUNKRAP" chips="405" dealer="0" win="0" bet="35" muck="1" rebuy="0" addon="0" merge="0" rebuychips="0" reg_code="5084038625"/>
<player seat="3" name="SuBandiduu" chips="1,050" dealer="1" win="0" bet="1,050" muck="0" rebuy="0" addon="0" merge="0" rebuychips="0" reg_code="5084026430"/>
<player seat="6" name="plutobetfair" chips="45" dealer="0" win="125" bet="45" muck="0" rebuy="0" addon="0" merge="0" rebuychips="0" reg_code="5084037636"/>
</players>
</general>
<round no="0"><action no="1" player="plutobetfair" type="15" discard="1" dealt="1" sum="5"/>
<action no="2" player="KOPKHUNKRAP" type="15" sum="5"/>
<action no="3" player="SuBandiduu" type="15" discard="1" dealt="1" sum="5"/>
<action no="4" player="plutobetfair" type="1" discard="1" dealt="1" sum="15"/>
<action no="5" player="KOPKHUNKRAP" type="2" sum="30"/>
</round>
<round no="1"><cards type="Pocket" player="plutobetfair">HK H2</cards>
<cards type="Pocket" player="KOPKHUNKRAP">H5 D10</cards>
<cards type="Pocket" player="SuBandiduu">S8 CA</cards>
<action no="6" player="SuBandiduu" type="23" discard="1" dealt="1" sum="1,045"/>
<action no="7" player="plutobetfair" type="7" discard="1" dealt="1" sum="25"/>
<action no="8" player="KOPKHUNKRAP" type="0" sum="0"/>
</round>
<round no="2"><cards type="Flop">C7 S4 SK</cards>
</round>
<round no="3"><cards type="Turn">D5</cards>
</round>
<round no="4"><cards type="River">C4</cards>
</round>
</game>
<game gamecode="6573079916"><general>
<startdate>2025-12-27 18:07:17</startdate>
<round>1</round>
<failsafecounter/>
<players><player seat="3" name="SuBandiduu" chips="1,005" dealer="0" win="0" bet="35" muck="1" rebuy="0" addon="0" merge="0" rebuychips="0" reg_code="5084026430"/>
<player seat="6" name="plutobetfair" chips="125" dealer="1" win="0" bet="5" muck="1" rebuy="0" addon="0" merge="0" rebuychips="0" reg_code="5084037636"/>
<player seat="10" name="KOPKHUNKRAP" chips="370" dealer="0" win="75" bet="370" muck="1" rebuy="0" addon="0" merge="0" rebuychips="0" reg_code="5084038625"/>
</players>
</general>
<round no="0"><action no="1" player="KOPKHUNKRAP" type="15" sum="5"/>
<action no="2" player="SuBandiduu" type="15" discard="1" dealt="1" sum="5"/>
<action no="3" player="plutobetfair" type="15" discard="1" dealt="1" sum="5"/>
<action no="4" player="KOPKHUNKRAP" type="1" sum="15"/>
<action no="5" player="SuBandiduu" type="2" discard="1" dealt="1" sum="30"/>
</round>
<round no="1"><cards type="Pocket" player="SuBandiduu">X X</cards>
<cards type="Pocket" player="plutobetfair">X X</cards>
<cards type="Pocket" player="KOPKHUNKRAP">H5 SA</cards>
<action no="6" player="plutobetfair" type="0" discard="1" dealt="1" sum="0"/>
<action no="7" player="KOPKHUNKRAP" type="23" sum="365"/>
<action no="8" player="SuBandiduu" type="0" discard="1" dealt="1" sum="0"/>
</round>
</game>
<game gamecode="6573079947"><general>
<startdate>2025-12-27 18:07:27</startdate>
<round>1</round>
<failsafecounter/>
<players><player seat="6" name="plutobetfair" chips="120" dealer="0" win="0" bet="120" muck="1" rebuy="0" addon="0" merge="0" rebuychips="0" reg_code="5084037636"/>
<player seat="10" name="KOPKHUNKRAP" chips="410" dealer="1" win="0" bet="5" muck="1" rebuy="0" addon="0" merge="0" rebuychips="0" reg_code="5084038625"/>
<player seat="3" name="SuBandiduu" chips="970" dealer="0" win="245" bet="165" muck="0" rebuy="0" addon="0" merge="0" rebuychips="0" reg_code="5084026430"/>
</players>
</general>
<round no="0"><action no="1" player="SuBandiduu" type="15" discard="1" dealt="1" sum="5"/>
<action no="2" player="plutobetfair" type="15" discard="1" dealt="1" sum="5"/>
<action no="3" player="KOPKHUNKRAP" type="15" sum="5"/>
<action no="4" player="SuBandiduu" type="1" discard="1" dealt="1" sum="20"/>
<action no="5" player="plutobetfair" type="2" discard="1" dealt="1" sum="40"/>
</round>
<round no="1"><cards type="Pocket" player="plutobetfair">D7 C3</cards>
<cards type="Pocket" player="SuBandiduu">C10 HQ</cards>
<cards type="Pocket" player="KOPKHUNKRAP">S6 S2</cards>
<action no="6" player="KOPKHUNKRAP" type="0" sum="0"/>
<action no="7" player="SuBandiduu" type="23" discard="1" dealt="1" sum="160"/>
<action no="8" player="plutobetfair" type="7" discard="1" dealt="1" sum="75"/>
</round>
<round no="2"><cards type="Flop">CJ SK CK</cards>
</round>
<round no="3"><cards type="Turn">DQ</cards>
</round>
<round no="4"><cards type="River">D6</cards>
</round>
</game>
<game gamecode="6573080013"><general>
<startdate>2025-12-27 18:07:46</startdate>
<round>1</round>
<failsafecounter/>
<players><player seat="10" name="KOPKHUNKRAP" chips="405" dealer="0" win="0" bet="45" muck="1" rebuy="0" addon="0" merge="0" rebuychips="0" reg_code="5084038625"/>
<player seat="3" name="SuBandiduu" chips="1,095" dealer="1" win="90" bet="125" muck="1" rebuy="0" addon="0" merge="0" rebuychips="0" reg_code="5084026430"/>
</players>
</general>
<round no="0"><action no="1" player="SuBandiduu" type="15" discard="1" dealt="1" sum="5"/>
<action no="2" player="KOPKHUNKRAP" type="15" sum="5"/>
<action no="3" player="SuBandiduu" type="1" discard="1" dealt="1" sum="20"/>
<action no="4" player="KOPKHUNKRAP" type="2" sum="40"/>
</round>
<round no="1"><cards type="Pocket" player="SuBandiduu">X X</cards>
<cards type="Pocket" player="KOPKHUNKRAP">S8 C9</cards>
<action no="5" player="SuBandiduu" type="3" discard="1" dealt="1" sum="20"/>
<action no="6" player="KOPKHUNKRAP" type="4" sum="0"/>
</round>
<round no="2"><cards type="Flop">SQ D2 S10</cards>
<action no="7" player="KOPKHUNKRAP" type="4" sum="0"/>
<action no="8" player="SuBandiduu" type="4" discard="1" dealt="1" sum="0"/>
</round>
<round no="3"><cards type="Turn">D6</cards>
<action no="9" player="KOPKHUNKRAP" type="4" sum="0"/>
<action no="10" player="SuBandiduu" type="5" discard="1" dealt="1" sum="80"/>
<action no="11" player="KOPKHUNKRAP" type="0" sum="0"/>
</round>
</game>
<game gamecode="6573080107"><general>
<startdate>2025-12-27 18:08:15</startdate>
<round>1</round>
<failsafecounter/>
<players><player seat="3" name="SuBandiduu" chips="1,140" dealer="0" win="720" bet="360" muck="0" rebuy="0" addon="0" merge="0" rebuychips="0" reg_code="5084026430"/>
<player seat="10" name="KOPKHUNKRAP" chips="360" dealer="1" win="0" bet="360" muck="0" rebuy="0" addon="0" merge="0" rebuychips="0" reg_code="5084038625"/>
</players>
</general>
<round no="0"><action no="1" player="KOPKHUNKRAP" type="15" sum="5"/>
<action no="2" player="SuBandiduu" type="15" discard="1" dealt="1" sum="5"/>
<action no="3" player="KOPKHUNKRAP" type="1" sum="20"/>
<action no="4" player="SuBandiduu" type="2" discard="1" dealt="1" sum="40"/>
</round>
<round no="1"><cards type="Pocket" player="SuBandiduu">H10 H9</cards>
<cards type="Pocket" player="KOPKHUNKRAP">DQ S8</cards>
<action no="5" player="KOPKHUNKRAP" type="23" sum="355"/>
<action no="6" player="SuBandiduu" type="3" discard="1" dealt="1" sum="315"/>
</round>
<round no="2"><cards type="Flop">D4 C9 SA</cards>
</round>
<round no="3"><cards type="Turn">SK</cards>
</round>
<round no="4"><cards type="River">D3</cards>
</round>
</game>
</session>
