<?xml version="1.0" encoding="UTF-8"?>
<session sessioncode="5084800716">
<general>
<client_version>25.7.1.50</client_version>
<mode>real</mode>
<gametype>Holdem NL</gametype>
<tablename>Twister €200 SNG, 825131486</tablename>
<tournamentcode>825131485</tournamentcode>
<tournamentname>Twister €200 SNG</tournamentname>
<buyin>€0 + €12 + €188</buyin>
<totalbuyin>€200</totalbuyin>
<rewarddrawn>€600</rewarddrawn>
<tournamentcurrency>EUR</tournamentcurrency>
<currency>EUR</currency>
<nickname>KOPKHUNKRAP</nickname>
<gamecount>24</gamecount>
<startdate>2025-12-30 05:21:02</startdate>
<place>2</place>
<win>€0</win>
<tablesize>3</tablesize>
</general>
<game gamecode="6576267331"><general>
<startdate>2025-12-30 05:21:18</startdate>
<round>1</round>
<failsafecounter/>
<players><player seat="10" name="laramblaa" chips="500" dealer="0" win="90" bet="103" muck="1" rebuy="0" addon="0" merge="0" rebuychips="0" reg_code="5084800809"/>
<player seat="3" name="Zeeria" chips="500" dealer="1" win="0" bet="40" muck="1" rebuy="0" addon="0" merge="0" rebuychips="0" reg_code="5084800164"/>
<player seat="6" name="KOPKHUNKRAP" chips="500" dealer="0" win="0" bet="10" muck="1" rebuy="0" addon="0" merge="0" rebuychips="0" reg_code="5084800716"/>
</players>
</general>
<round no="0"><action no="1" player="KOPKHUNKRAP" type="1" sum="10"/>
<action no="2" player="laramblaa" type="2" discard="1" dealt="1" sum="20"/>
</round>
<round no="1"><cards type="Pocket" player="laramblaa">X X</cards>
<cards type="Pocket" player="KOPKHUNKRAP">C2 S8</cards>
<cards type="Pocket" player="Zeeria">X X</cards>
<action no="3" player="Zeeria" type="23" discard="1" dealt="1" sum="40"/>
<action no="4" player="KOPKHUNKRAP" type="0" sum="0"/>
<action no="5" player="laramblaa" type="3" discard="1" dealt="1" sum="20"/>
</round>
<round no="2"><cards type="Flop">HQ S10 D6</cards>
<action no="6" player="laramblaa" type="4" discard="1" dealt="1" sum="0"/>
<action no="7" player="Zeeria" type="4" discard="1" dealt="1" sum="0"/>
</round>
<round no="3"><cards type="Turn">D9</cards>
<action no="8" player="laramblaa" type="5" discard="1" dealt="1" sum="63"/>
<action no="9" player="Zeeria" type="0" discard="1" dealt="1" sum="0"/>
</round>
</game>
<game gamecode="6576267355"><general>
<startdate>2025-12-30 05:21:47</startdate>
<round>1</round>
<failsafecounter/>
<players><player seat="3" name="Zeeria" chips="460" dealer="0" win="0" bet="60" muck="1" rebuy="0" addon="0" merge="0" rebuychips="0" reg_code="5084800164"/>
<player seat="6" name="KOPKHUNKRAP" chips="490" dealer="1" win="0" bet="0" muck="1" rebuy="0" addon="0" merge="0" rebuychips="0" reg_code="5084800716"/>
<player seat="10" name="laramblaa" chips="550" dealer="0" win="120" bet="550" muck="1" rebuy="0" addon="0" merge="0" rebuychips="0" reg_code="5084800809"/>
</players>
</general>
<round no="0"><action no="1" player="laramblaa" type="1" discard="1" dealt="1" sum="10"/>
<action no="2" player="Zeeria" type="2" discard="1" dealt="1" sum="20"/>
</round>
<round no="1"><cards type="Pocket" player="KOPKHUNKRAP">D5 SJ</cards>
<cards type="Pocket" player="Zeeria">X X</cards>
<cards type="Pocket" player="laramblaa">X X</cards>
<action no="3" player="KOPKHUNKRAP" type="0" sum="0"/>
<action no="4" player="laramblaa" type="3" discard="1" dealt="1" sum="10"/>
<action no="5" player="Zeeria" type="23" discard="1" dealt="1" sum="60"/>
<action no="6" player="laramblaa" type="23" discard="1" dealt="1" sum="550"/>
<action no="7" player="Zeeria" type="0" discard="1" dealt="1" sum="0"/>
</round>
</game>
<game gamecode="6576267360"><general>
<startdate>2025-12-30 05:22:02</startdate>
<round>1</round>
<failsafecounter/>
<players><player seat="6" name="KOPKHUNKRAP" chips="490" dealer="0" win="0" bet="40" muck="1" rebuy="0" addon="0" merge="0" rebuychips="0" reg_code="5084800716"/>
<player seat="10" name="laramblaa" chips="610" dealer="1" win="90" bet="60" muck="1" rebuy="0" addon="0" merge="0" rebuychips="0" reg_code="5084800809"/>
<player seat="3" name="Zeeria" chips="400" dealer="0" win="0" bet="10" muck="1" rebuy="0" addon="0" merge="0" rebuychips="0" reg_code="5084800164"/>
</players>
</general>
<round no="0"><action no="1" player="Zeeria" type="1" discard="1" dealt="1" sum="10"/>
<action no="2" player="KOPKHUNKRAP" type="2" sum="20"/>
</round>
<round no="1"><cards type="Pocket" player="KOPKHUNKRAP">HJ S10</cards>
<cards type="Pocket" player="laramblaa">X X</cards>
<cards type="Pocket" player="Zeeria">X X</cards>
<action no="3" player="laramblaa" type="23" discard="1" dealt="1" sum="40"/>
<action no="4" player="Zeeria" type="0" discard="1" dealt="1" sum="0"/>
<action no="5" player="KOPKHUNKRAP" type="3" sum="20"/>
</round>
<round no="2"><cards type="Flop">SA C6 S2</cards>
<action no="6" player="KOPKHUNKRAP" type="4" sum="0"/>
<action no="7" player="laramblaa" type="5" discard="1" dealt="1" sum="20"/>
<action no="8" player="KOPKHUNKRAP" type="0" sum="0"/>
</round>
</game>
<game gamecode="6576267373"><general>
<startdate>2025-12-30 05:22:22</startdate>
<round>1</round>
<failsafecounter/>
<players><player seat="10" name="laramblaa" chips="660" dealer="0" win="20" bet="20" muck="1" rebuy="0" addon="0" merge="0" rebuychips="0" reg_code="5084800809"/>
<player seat="3" name="Zeeria" chips="390" dealer="1" win="0" bet="0" muck="1" rebuy="0" addon="0" merge="0" rebuychips="0" reg_code="5084800164"/>
<player seat="6" name="KOPKHUNKRAP" chips="450" dealer="0" win="0" bet="10" muck="1" rebuy="0" addon="0" merge="0" rebuychips="0" reg_code="5084800716"/>
</players>
</general>
<round no="0"><action no="1" player="KOPKHUNKRAP" type="1" sum="10"/>
<action no="2" player="laramblaa" type="2" discard="1" dealt="1" sum="20"/>
</round>
<round no="1"><cards type="Pocket" player="laramblaa">X X</cards>
<cards type="Pocket" player="Zeeria">X X</cards>
<cards type="Pocket" player="KOPKHUNKRAP">HQ D2</cards>
<action no="3" player="Zeeria" type="0" discard="1" dealt="1" sum="0"/>
<action no="4" player="KOPKHUNKRAP" type="0" sum="0"/>
</round>
</game>
<game gamecode="6576267379"><general>
<startdate>2025-12-30 05:22:30</startdate>
<round>1</round>
<failsafecounter/>
<players><player seat="3" name="Zeeria" chips="390" dealer="0" win="40" bet="60" muck="1" rebuy="0" addon="0" merge="0" rebuychips="0" reg_code="5084800164"/>
<player seat="6" name="KOPKHUNKRAP" chips="440" dealer="1" win="0" bet="0" muck="1" rebuy="0" addon="0" merge="0" rebuychips="0" reg_code="5084800716"/>
<player seat="10" name="laramblaa" chips="670" dealer="0" win="0" bet="20" muck="1" rebuy="0" addon="0" merge="0" rebuychips="0" reg_code="5084800809"/>
</players>
</general>
<round no="0"><action no="1" player="laramblaa" type="1" discard="1" dealt="1" sum="10"/>
<action no="2" player="Zeeria" type="2" discard="1" dealt="1" sum="20"/>
</round>
<round no="1"><cards type="Pocket" player="Zeeria">X X</cards>
<cards type="Pocket" player="laramblaa">X X</cards>
<cards type="Pocket" player="KOPKHUNKRAP">C4 D9</cards>
<action no="3" player="KOPKHUNKRAP" type="0" sum="0"/>
<action no="4" player="laramblaa" type="3" discard="1" dealt="1" sum="10"/>
<action no="5" player="Zeeria" type="23" discard="1" dealt="1" sum="60"/>
<action no="6" player="laramblaa" type="0" discard="1" dealt="1" sum="0"/>
</round>
</game>
<game gamecode="6576267385"><general>
<startdate>2025-12-30 05:22:43</startdate>
<round>1</round>
<failsafecounter/>
<players><player seat="6" name="KOPKHUNKRAP" chips="440" dealer="0" win="0" bet="20" muck="1" rebuy="0" addon="0" merge="0" rebuychips="0" reg_code="5084800716"/>
<player seat="10" name="laramblaa" chips="650" dealer="1" win="0" bet="0" muck="1" rebuy="0" addon="0" merge="0" rebuychips="0" reg_code="5084800809"/>
<player seat="3" name="Zeeria" chips="410" dealer="0" win="40" bet="410" muck="1" rebuy="0" addon="0" merge="0" rebuychips="0" reg_code="5084800164"/>
</players>
</general>
<round no="0"><action no="1" player="Zeeria" type="1" discard="1" dealt="1" sum="10"/>
<action no="2" player="KOPKHUNKRAP" type="2" sum="20"/>
</round>
<round no="1"><cards type="Pocket" player="KOPKHUNKRAP">H5 S3</cards>
<cards type="Pocket" player="laramblaa">X X</cards>
<cards type="Pocket" player="Zeeria">X X</cards>
<action no="3" player="laramblaa" type="0" discard="1" dealt="1" sum="0"/>
<action no="4" player="Zeeria" type="23" discard="1" dealt="1" sum="410"/>
<action no="5" player="KOPKHUNKRAP" type="0" sum="0"/>
</round>
</game>
<game gamecode="6576267390"><general>
<startdate>2025-12-30 05:22:52</startdate>
<round>1</round>
<failsafecounter/>
<players><player seat="10" name="laramblaa" chips="650" dealer="0" win="0" bet="20" muck="1" rebuy="0" addon="0" merge="0" rebuychips="0" reg_code="5084800809"/>
<player seat="3" name="Zeeria" chips="430" dealer="1" win="0" bet="0" muck="1" rebuy="0" addon="0" merge="0" rebuychips="0" reg_code="5084800164"/>
<player seat="6" name="KOPKHUNKRAP" chips="420" dealer="0" win="40" bet="60" muck="1" rebuy="0" addon="0" merge="0" rebuychips="0" reg_code="5084800716"/>
</players>
</general>
<round no="0"><action no="1" player="KOPKHUNKRAP" type="1" sum="10"/>
<action no="2" player="laramblaa" type="2" discard="1" dealt="1" sum="20"/>
</round>
<round no="1"><cards type="Pocket" player="KOPKHUNKRAP">D9 H8</cards>
<cards type="Pocket" player="laramblaa">X X</cards>
<cards type="Pocket" player="Zeeria">X X</cards>
<action no="3" player="Zeeria" type="0" discard="1" dealt="1" sum="0"/>
<action no="4" player="KOPKHUNKRAP" type="3" sum="10"/>
<action no="5" player="laramblaa" type="4" discard="1" dealt="1" sum="0"/>
</round>
<round no="2"><cards type="Flop">S8 H6 S10</cards>
<action no="6" player="KOPKHUNKRAP" type="4" sum="0"/>
<action no="7" player="laramblaa" type="4" discard="1" dealt="1" sum="0"/>
</round>
<round no="3"><cards type="Turn">S2</cards>
<action no="8" player="KOPKHUNKRAP" type="5" sum="40"/>
<action no="9" player="laramblaa" type="0" discard="1" dealt="1" sum="0"/>
</round>
</game>
<game gamecode="6576270085"><general>
<startdate>2025-12-30 05:23:13</startdate>
<round>1</round>
<failsafecounter/>
<players><player seat="3" name="Zeeria" chips="430" dealer="0" win="45" bet="35" muck="1" rebuy="0" addon="0" merge="0" rebuychips="0" reg_code="5084800164"/>
<player seat="6" name="KOPKHUNKRAP" chips="440" dealer="1" win="0" bet="5" muck="1" rebuy="0" addon="0" merge="0" rebuychips="0" reg_code="5084800716"/>
<player seat="10" name="laramblaa" chips="630" dealer="0" win="0" bet="20" muck="1" rebuy="0" addon="0" merge="0" rebuychips="0" reg_code="5084800809"/>
</players>
</general>
<round no="0"><action no="1" player="laramblaa" type="15" discard="1" dealt="1" sum="5"/>
<action no="2" player="Zeeria" type="15" discard="1" dealt="1" sum="5"/>
<action no="3" player="KOPKHUNKRAP" type="15" sum="5"/>
<action no="4" player="laramblaa" type="1" discard="1" dealt="1" sum="15"/>
<action no="5" player="Zeeria" type="2" discard="1" dealt="1" sum="30"/>
</round>
<round no="1"><cards type="Pocket" player="laramblaa">X X</cards>
<cards type="Pocket" player="KOPKHUNKRAP">C10 S6</cards>
<cards type="Pocket" player="Zeeria">X X</cards>
<action no="6" player="KOPKHUNKRAP" type="0" sum="0"/>
<action no="7" player="laramblaa" type="0" discard="1" dealt="1" sum="0"/>
</round>
</game>
<game gamecode="6576270091"><general>
<startdate>2025-12-30 05:23:20</startdate>
<round>1</round>
<failsafecounter/>
<players><player seat="6" name="KOPKHUNKRAP" chips="435" dealer="0" win="0" bet="35" muck="1" rebuy="0" addon="0" merge="0" rebuychips="0" reg_code="5084800716"/>
<player seat="10" name="laramblaa" chips="610" dealer="1" win="0" bet="455" muck="1" rebuy="0" addon="0" merge="0" rebuychips="0" reg_code="5084800809"/>
<player seat="3" name="Zeeria" chips="455" dealer="0" win="945" bet="455" muck="0" rebuy="0" addon="0" merge="0" rebuychips="0" reg_code="5084800164"/>
</players>
</general>
<round no="0"><action no="1" player="Zeeria" type="15" discard="1" dealt="1" sum="5"/>
<action no="2" player="KOPKHUNKRAP" type="15" sum="5"/>
<action no="3" player="laramblaa" type="15" discard="1" dealt="1" sum="5"/>
<action no="4" player="Zeeria" type="1" discard="1" dealt="1" sum="15"/>
<action no="5" player="KOPKHUNKRAP" type="2" sum="30"/>
</round>
<round no="1"><cards type="Pocket" player="KOPKHUNKRAP">CQ C9</cards>
<cards type="Pocket" player="laramblaa">SA S7</cards>
<cards type="Pocket" player="Zeeria">HA S4</cards>
<action no="6" player="laramblaa" type="23" discard="1" dealt="1" sum="60"/>
<action no="7" player="Zeeria" type="23" discard="1" dealt="1" sum="450"/>
<action no="8" player="KOPKHUNKRAP" type="0" sum="0"/>
<action no="9" player="laramblaa" type="3" discard="1" dealt="1" sum="390"/>
</round>
<round no="2"><cards type="Flop">C4 C2 D3</cards>
</round>
<round no="3"><cards type="Turn">S9</cards>
</round>
<round no="4"><cards type="River">D10</cards>
</round>
</game>
<game gamecode="6576270105"><general>
<startdate>2025-12-30 05:23:43</startdate>
<round>1</round>
<failsafecounter/>
<players><player seat="10" name="laramblaa" chips="155" dealer="0" win="0" bet="155" muck="0" rebuy="0" addon="0" merge="0" rebuychips="0" reg_code="5084800809"/>
<player seat="3" name="Zeeria" chips="945" dealer="1" win="330" bet="945" muck="0" rebuy="0" addon="0" merge="0" rebuychips="0" reg_code="5084800164"/>
<player seat="6" name="KOPKHUNKRAP" chips="400" dealer="0" win="0" bet="20" muck="1" rebuy="0" addon="0" merge="0" rebuychips="0" reg_code="5084800716"/>
</players>
</general>
<round no="0"><action no="1" player="KOPKHUNKRAP" type="15" sum="5"/>
<action no="2" player="laramblaa" type="15" discard="1" dealt="1" sum="5"/>
<action no="3" player="Zeeria" type="15" discard="1" dealt="1" sum="5"/>
<action no="4" player="KOPKHUNKRAP" type="1" sum="15"/>
<action no="5" player="laramblaa" type="2" discard="1" dealt="1" sum="30"/>
</round>
<round no="1"><cards type="Pocket" player="Zeeria">D2 S2</cards>
<cards type="Pocket" player="laramblaa">S6 HA</cards>
<cards type="Pocket" player="KOPKHUNKRAP">S3 H10</cards>
<action no="6" player="Zeeria" type="23" discard="1" dealt="1" sum="940"/>
<action no="7" player="KOPKHUNKRAP" type="0" sum="0"/>
<action no="8" player="laramblaa" type="7" discard="1" dealt="1" sum="120"/>
</round>
<round no="2"><cards type="Flop">D9 DQ S5</cards>
</round>
<round no="3"><cards type="Turn">C3</cards>
</round>
<round no="4"><cards type="River">H3</cards>
</round>
</game>
<game gamecode="6576270114"><general>
<startdate>2025-12-30 05:24:00</startdate>
<round>1</round>
<failsafecounter/>
<players><player seat="3" name="Zeeria" chips="1,120" dealer="0" win="40" bet="35" muck="1" rebuy="0" addon="0" merge="0" rebuychips="0" reg_code="5084800164"/>
<player seat="6" name="KOPKHUNKRAP" chips="380" dealer="1" win="0" bet="20" muck="1" rebuy="0" addon="0" merge="0" rebuychips="0" reg_code="5084800716"/>
</players>
</general>
<round no="0"><action no="1" player="KOPKHUNKRAP" type="15" sum="5"/>
<action no="2" player="Zeeria" type="15" discard="1" dealt="1" sum="5"/>
<action no="3" player="KOPKHUNKRAP" type="1" sum="15"/>
<action no="4" player="Zeeria" type="2" discard="1" dealt="1" sum="30"/>
</round>
<round no="1"><cards type="Pocket" player="Zeeria">X X</cards>
<cards type="Pocket" player="KOPKHUNKRAP">H7 D3</cards>
<action no="5" player="KOPKHUNKRAP" type="0" sum="0"/>
</round>
</game>
<game gamecode="6576270118"><general>
<startdate>2025-12-30 05:24:06</startdate>
<round>1</round>
<failsafecounter/>
<players><player seat="6" name="KOPKHUNKRAP" chips="360" dealer="0" win="0" bet="35" muck="1" rebuy="0" addon="0" merge="0" rebuychips="0" reg_code="5084800716"/>
<player seat="3" name="Zeeria" chips="1,140" dealer="1" win="70" bet="86" muck="1" rebuy="0" addon="0" merge="0" rebuychips="0" reg_code="5084800164"/>
</players>
</general>
<round no="0"><action no="1" player="Zeeria" type="15" discard="1" dealt="1" sum="5"/>
<action no="2" player="KOPKHUNKRAP" type="15" sum="5"/>
<action no="3" player="Zeeria" type="1" discard="1" dealt="1" sum="15"/>
<action no="4" player="KOPKHUNKRAP" type="2" sum="30"/>
</round>
<round no="1"><cards type="Pocket" player="KOPKHUNKRAP">SQ C2</cards>
<cards type="Pocket" player="Zeeria">X X</cards>
<action no="5" player="Zeeria" type="3" discard="1" dealt="1" sum="15"/>
<action no="6" player="KOPKHUNKRAP" type="4" sum="0"/>
</round>
<round no="2"><cards type="Flop">S5 D8 D3</cards>
<action no="7" player="KOPKHUNKRAP" type="4" sum="0"/>
<action no="8" player="Zeeria" type="4" discard="1" dealt="1" sum="0"/>
</round>
<round no="3"><cards type="Turn">CJ</cards>
<action no="9" player="KOPKHUNKRAP" type="4" sum="0"/>
<action no="10" player="Zeeria" type="5" discard="1" dealt="1" sum="51"/>
<action no="11" player="KOPKHUNKRAP" type="0" sum="0"/>
</round>
</game>
<game gamecode="6576270130"><general>
<startdate>2025-12-30 05:24:22</startdate>
<round>1</round>
<failsafecounter/>
<players><player seat="3" name="Zeeria" chips="1,175" dealer="0" win="70" bet="80" muck="1" rebuy="0" addon="0" merge="0" rebuychips="0" reg_code="5084800164"/>
<player seat="6" name="KOPKHUNKRAP" chips="325" dealer="1" win="0" bet="35" muck="1" rebuy="0" addon="0" merge="0" rebuychips="0" reg_code="5084800716"/>
</players>
</general>
<round no="0"><action no="1" player="KOPKHUNKRAP" type="15" sum="5"/>
<action no="2" player="Zeeria" type="15" discard="1" dealt="1" sum="5"/>
<action no="3" player="KOPKHUNKRAP" type="1" sum="15"/>
<action no="4" player="Zeeria" type="2" discard="1" dealt="1" sum="30"/>
</round>
<round no="1"><cards type="Pocket" player="Zeeria">X X</cards>
<cards type="Pocket" player="KOPKHUNKRAP">H6 C5</cards>
<action no="5" player="KOPKHUNKRAP" type="3" sum="15"/>
<action no="6" player="Zeeria" type="23" discard="1" dealt="1" sum="75"/>
<action no="7" player="KOPKHUNKRAP" type="0" sum="0"/>
</round>
</game>
<game gamecode="6576270138"><general>
<startdate>2025-12-30 05:24:31</startdate>
<round>1</round>
<failsafecounter/>
<players><player seat="6" name="KOPKHUNKRAP" chips="290" dealer="0" win="70" bet="290" muck="1" rebuy="0" addon="0" merge="0" rebuychips="0" reg_code="5084800716"/>
<player seat="3" name="Zeeria" chips="1,210" dealer="1" win="0" bet="35" muck="1" rebuy="0" addon="0" merge="0" rebuychips="0" reg_code="5084800164"/>
</players>
</general>
<round no="0"><action no="1" player="Zeeria" type="15" discard="1" dealt="1" sum="5"/>
<action no="2" player="KOPKHUNKRAP" type="15" sum="5"/>
<action no="3" player="Zeeria" type="1" discard="1" dealt="1" sum="15"/>
<action no="4" player="KOPKHUNKRAP" type="2" sum="30"/>
</round>
<round no="1"><cards type="Pocket" player="Zeeria">X X</cards>
<cards type="Pocket" player="KOPKHUNKRAP">H5 SK</cards>
<action no="5" player="Zeeria" type="3" discard="1" dealt="1" sum="15"/>
<action no="6" player="KOPKHUNKRAP" type="23" sum="285"/>
<action no="7" player="Zeeria" type="0" discard="1" dealt="1" sum="0"/>
</round>
</game>
<game gamecode="6576270151"><general>
<startdate>2025-12-30 05:24:46</startdate>
<round>1</round>
<failsafecounter/>
<players><player seat="3" name="Zeeria" chips="1,175" dealer="0" win="50" bet="45" muck="1" rebuy="0" addon="0" merge="0" rebuychips="0" reg_code="5084800164"/>
<player seat="6" name="KOPKHUNKRAP" chips="325" dealer="1" win="0" bet="25" muck="1" rebuy="0" addon="0" merge="0" rebuychips="0" reg_code="5084800716"/>
</players>
</general>
<round no="0"><action no="1" player="KOPKHUNKRAP" type="15" sum="5"/>
<action no="2" player="Zeeria" type="15" discard="1" dealt="1" sum="5"/>
<action no="3" player="KOPKHUNKRAP" type="1" sum="20"/>
<action no="4" player="Zeeria" type="2" discard="1" dealt="1" sum="40"/>
</round>
<round no="1"><cards type="Pocket" player="KOPKHUNKRAP">D2 S3</cards>
<cards type="Pocket" player="Zeeria">X X</cards>
<action no="5" player="KOPKHUNKRAP" type="0" sum="0"/>
</round>
</game>
<game gamecode="6576270157"><general>
<startdate>2025-12-30 05:24:51</startdate>
<round>1</round>
<failsafecounter/>
<players><player seat="6" name="KOPKHUNKRAP" chips="300" dealer="0" win="0" bet="45" muck="1" rebuy="0" addon="0" merge="0" rebuychips="0" reg_code="5084800716"/>
<player seat="3" name="Zeeria" chips="1,200" dealer="1" win="90" bet="1,200" muck="1" rebuy="0" addon="0" merge="0" rebuychips="0" reg_code="5084800164"/>
</players>
</general>
<round no="0"><action no="1" player="Zeeria" type="15" discard="1" dealt="1" sum="5"/>
<action no="2" player="KOPKHUNKRAP" type="15" sum="5"/>
<action no="3" player="Zeeria" type="1" discard="1" dealt="1" sum="20"/>
<action no="4" player="KOPKHUNKRAP" type="2" sum="40"/>
</round>
<round no="1"><cards type="Pocket" player="KOPKHUNKRAP">D4 S8</cards>
<cards type="Pocket" player="Zeeria">X X</cards>
<action no="5" player="Zeeria" type="23" discard="1" dealt="1" sum="1,195"/>
<action no="6" player="KOPKHUNKRAP" type="0" sum="0"/>
</round>
</game>
<game gamecode="6576270163"><general>
<startdate>2025-12-30 05:24:58</startdate>
<round>1</round>
<failsafecounter/>
<players><player seat="3" name="Zeeria" chips="1,245" dealer="0" win="0" bet="255" muck="1" rebuy="0" addon="0" merge="0" rebuychips="0" reg_code="5084800164"/>
<player seat="6" name="KOPKHUNKRAP" chips="255" dealer="1" win="510" bet="255" muck="0" rebuy="0" addon="0" merge="0" rebuychips="0" reg_code="5084800716"/>
</players>
</general>
<round no="0"><action no="1" player="KOPKHUNKRAP" type="15" sum="5"/>
<action no="2" player="Zeeria" type="15" discard="1" dealt="1" sum="5"/>
<action no="3" player="KOPKHUNKRAP" type="1" sum="20"/>
<action no="4" player="Zeeria" type="2" discard="1" dealt="1" sum="40"/>
</round>
<round no="1"><cards type="Pocket" player="Zeeria">SJ C9</cards>
<cards type="Pocket" player="KOPKHUNKRAP">DQ C4</cards>
<action no="5" player="KOPKHUNKRAP" type="23" sum="250"/>
<action no="6" player="Zeeria" type="3" discard="1" dealt="1" sum="210"/>
</round>
<round no="2"><cards type="Flop">DA C6 D6</cards>
</round>
<round no="3"><cards type="Turn">DK</cards>
</round>
<round no="4"><cards type="River">S4</cards>
</round>
</game>
<game gamecode="6576270174"><general>
<startdate>2025-12-30 05:25:13</startdate>
<round>1</round>
<failsafecounter/>
<players><player seat="6" name="KOPKHUNKRAP" chips="510" dealer="0" win="0" bet="85" muck="1" rebuy="0" addon="0" merge="0" rebuychips="0" reg_code="5084800716"/>
<player seat="3" name="Zeeria" chips="990" dealer="1" win="170" bet="205" muck="1" rebuy="0" addon="0" merge="0" rebuychips="0" reg_code="5084800164"/>
</players>
</general>
<round no="0"><action no="1" player="Zeeria" type="15" discard="1" dealt="1" sum="5"/>
<action no="2" player="KOPKHUNKRAP" type="15" sum="5"/>
<action no="3" player="Zeeria" type="1" discard="1" dealt="1" sum="20"/>
<action no="4" player="KOPKHUNKRAP" type="2" sum="40"/>
</round>
<round no="1"><cards type="Pocket" player="KOPKHUNKRAP">D3 DK</cards>
<cards type="Pocket" player="Zeeria">X X</cards>
<action no="5" player="Zeeria" type="3" discard="1" dealt="1" sum="20"/>
<action no="6" player="KOPKHUNKRAP" type="4" sum="0"/>
</round>
<round no="2"><cards type="Flop">H7 CJ D4</cards>
<action no="7" player="KOPKHUNKRAP" type="4" sum="0"/>
<action no="8" player="Zeeria" type="5" discard="1" dealt="1" sum="40"/>
<action no="9" player="KOPKHUNKRAP" type="3" sum="40"/>
</round>
<round no="3"><cards type="Turn">C9</cards>
<action no="10" player="KOPKHUNKRAP" type="4" sum="0"/>
<action no="11" player="Zeeria" type="5" discard="1" dealt="1" sum="120"/>
<action no="12" player="KOPKHUNKRAP" type="0" sum="0"/>
</round>
</game>
<game gamecode="6576270193"><general>
<startdate>2025-12-30 05:25:40</startdate>
<round>1</round>
<failsafecounter/>
<players><player seat="3" name="Zeeria" chips="1,075" dealer="0" win="50" bet="45" muck="1" rebuy="0" addon="0" merge="0" rebuychips="0" reg_code="5084800164"/>
<player seat="6" name="KOPKHUNKRAP" chips="425" dealer="1" win="0" bet="25" muck="1" rebuy="0" addon="0" merge="0" rebuychips="0" reg_code="5084800716"/>
</players>
</general>
<round no="0"><action no="1" player="KOPKHUNKRAP" type="15" sum="5"/>
<action no="2" player="Zeeria" type="15" discard="1" dealt="1" sum="5"/>
<action no="3" player="KOPKHUNKRAP" type="1" sum="20"/>
<action no="4" player="Zeeria" type="2" discard="1" dealt="1" sum="40"/>
</round>
<round no="1"><cards type="Pocket" player="Zeeria">X X</cards>
<cards type="Pocket" player="KOPKHUNKRAP">H5 S9</cards>
<action no="5" player="KOPKHUNKRAP" type="0" sum="0"/>
</round>
</game>
<game gamecode="6576270197"><general>
<startdate>2025-12-30 05:25:45</startdate>
<round>1</round>
<failsafecounter/>
<players><player seat="6" name="KOPKHUNKRAP" chips="400" dealer="0" win="90" bet="400" muck="1" rebuy="0" addon="0" merge="0" rebuychips="0" reg_code="5084800716"/>
<player seat="3" name="Zeeria" chips="1,100" dealer="1" win="0" bet="45" muck="1" rebuy="0" addon="0" merge="0" rebuychips="0" reg_code="5084800164"/>
</players>
</general>
<round no="0"><action no="1" player="Zeeria" type="15" discard="1" dealt="1" sum="5"/>
<action no="2" player="KOPKHUNKRAP" type="15" sum="5"/>
<action no="3" player="Zeeria" type="1" discard="1" dealt="1" sum="20"/>
<action no="4" player="KOPKHUNKRAP" type="2" sum="40"/>
</round>
<round no="1"><cards type="Pocket" player="KOPKHUNKRAP">C4 DQ</cards>
<cards type="Pocket" player="Zeeria">X X</cards>
<action no="5" player="Zeeria" type="3" discard="1" dealt="1" sum="20"/>
<action no="6" player="KOPKHUNKRAP" type="23" sum="395"/>
<action no="7" player="Zeeria" type="0" discard="1" dealt="1" sum="0"/>
</round>
</game>
<game gamecode="6576270207"><general>
<startdate>2025-12-30 05:25:55</startdate>
<round>1</round>
<failsafecounter/>
<players><player seat="3" name="Zeeria" chips="1,055" dealer="0" win="270" bet="135" muck="0" rebuy="0" addon="0" merge="0" rebuychips="0" reg_code="5084800164"/>
<player seat="6" name="KOPKHUNKRAP" chips="445" dealer="1" win="0" bet="135" muck="1" rebuy="0" addon="0" merge="0" rebuychips="0" reg_code="5084800716"/>
</players>
</general>
<round no="0"><action no="1" player="KOPKHUNKRAP" type="15" sum="5"/>
<action no="2" player="Zeeria" type="15" discard="1" dealt="1" sum="5"/>
<action no="3" player="KOPKHUNKRAP" type="1" sum="20"/>
<action no="4" player="Zeeria" type="2" discard="1" dealt="1" sum="40"/>
</round>
<round no="1"><cards type="Pocket" player="Zeeria">S2 SK</cards>
<cards type="Pocket" player="KOPKHUNKRAP">CJ SA</cards>
<action no="5" player="KOPKHUNKRAP" type="3" sum="20"/>
<action no="6" player="Zeeria" type="4" discard="1" dealt="1" sum="0"/>
</round>
<round no="2"><cards type="Flop">S10 H2 H7</cards>
<action no="7" player="Zeeria" type="4" discard="1" dealt="1" sum="0"/>
<action no="8" player="KOPKHUNKRAP" type="4" sum="0"/>
</round>
<round no="3"><cards type="Turn">DQ</cards>
<action no="9" player="Zeeria" type="4" discard="1" dealt="1" sum="0"/>
<action no="10" player="KOPKHUNKRAP" type="4" sum="0"/>
</round>
<round no="4"><cards type="River">C2</cards>
<action no="11" player="Zeeria" type="5" discard="1" dealt="1" sum="90"/>
<action no="12" player="KOPKHUNKRAP" type="3" sum="90"/>
</round>
</game>
<game gamecode="6576270224"><general>
<startdate>2025-12-30 05:26:21</startdate>
<round>1</round>
<failsafecounter/>
<players><player seat="6" name="KOPKHUNKRAP" chips="310" dealer="0" win="70" bet="65" muck="1" rebuy="0" addon="0" merge="0" rebuychips="0" reg_code="5084800716"/>
<player seat="3" name="Zeeria" chips="1,190" dealer="1" win="0" bet="35" muck="1" rebuy="0" addon="0" merge="0" rebuychips="0" reg_code="5084800164"/>
</players>
</general>
<round no="0"><action no="1" player="Zeeria" type="15" discard="1" dealt="1" sum="5"/>
<action no="2" player="KOPKHUNKRAP" type="15" sum="5"/>
<action no="3" player="Zeeria" type="1" discard="1" dealt="1" sum="30"/>
<action no="4" player="KOPKHUNKRAP" type="2" sum="60"/>
</round>
<round no="1"><cards type="Pocket" player="Zeeria">X X</cards>
<cards type="Pocket" player="KOPKHUNKRAP">S9 D9</cards>
<action no="5" player="Zeeria" type="0" discard="1" dealt="1" sum="0"/>
</round>
</game>
<game gamecode="6576270231"><general>
<startdate>2025-12-30 05:26:29</startdate>
<round>1</round>
<failsafecounter/>
<players><player seat="3" name="Zeeria" chips="1,155" dealer="0" win="0" bet="65" muck="1" rebuy="0" addon="0" merge="0" rebuychips="0" reg_code="5084800164"/>
<player seat="6" name="KOPKHUNKRAP" chips="345" dealer="1" win="130" bet="345" muck="1" rebuy="0" addon="0" merge="0" rebuychips="0" reg_code="5084800716"/>
</players>
</general>
<round no="0"><action no="1" player="KOPKHUNKRAP" type="15" sum="5"/>
<action no="2" player="Zeeria" type="15" discard="1" dealt="1" sum="5"/>
<action no="3" player="KOPKHUNKRAP" type="1" sum="30"/>
<action no="4" player="Zeeria" type="2" discard="1" dealt="1" sum="60"/>
</round>
<round no="1"><cards type="Pocket" player="Zeeria">X X</cards>
<cards type="Pocket" player="KOPKHUNKRAP">DQ C6</cards>
<action no="5" player="KOPKHUNKRAP" type="23" sum="340"/>
<action no="6" player="Zeeria" type="0" discard="1" dealt="1" sum="0"/>
</round>
</game>
<game gamecode="6576270236"><general>
<startdate>2025-12-30 05:26:38</startdate>
<round>1</round>
<failsafecounter/>
<players><player seat="6" name="KOPKHUNKRAP" chips="410" dealer="0" win="0" bet="410" muck="1" rebuy="0" addon="0" merge="0" rebuychips="0" reg_code="5084800716"/>
<player seat="3" name="Zeeria" chips="1,090" dealer="1" win="820" bet="1,090" muck="0" rebuy="0" addon="0" merge="0" rebuychips="0" reg_code="5084800164"/>
</players>
</general>
<round no="0"><action no="1" player="Zeeria" type="15" discard="1" dealt="1" sum="5"/>
<action no="2" player="KOPKHUNKRAP" type="15" sum="5"/>
<action no="3" player="Zeeria" type="1" discard="1" dealt="1" sum="30"/>
<action no="4" player="KOPKHUNKRAP" type="2" sum="60"/>
</round>
<round no="1"><cards type="Pocket" player="KOPKHUNKRAP">DK D2</cards>
<cards type="Pocket" player="Zeeria">CQ H8</cards>
<action no="5" player="Zeeria" type="23" discard="1" dealt="1" sum="1,085"/>
<action no="6" player="KOPKHUNKRAP" type="7" sum="345"/>
</round>
<round no="2"><cards type="Flop">D9 S7 SJ</cards>
</round>
<round no="3"><cards type="Turn">S9</cards>
</round>
<round no="4"><cards type="River">H10</cards>
</round>
</game>
</session>
