<?xml version="1.0" encoding="UTF-8"?>
<session sessioncode="5084423945">
<general>
<client_version>25.7.1.50</client_version>
<mode>real</mode>
<gametype>Holdem NL</gametype>
<tablename>Twister €200 SNG, 825000858</tablename>
<tournamentcode>825000856</tournamentcode>
<tournamentname>Twister €200 SNG</tournamentname>
<buyin>€0 + €12 + €188</buyin>
<totalbuyin>€200</totalbuyin>
<rewarddrawn>€400</rewarddrawn>
<tournamentcurrency>EUR</tournamentcurrency>
<currency>EUR</currency>
<nickname>KOPKHUNKRAP</nickname>
<gamecount>24</gamecount>
<startdate>2025-12-28 22:53:19</startdate>
<place>2</place>
<win>€0</win>
<tablesize>3</tablesize>
</general>
<game gamecode="6574686865"><general>
<startdate>2025-12-28 22:53:35</startdate>
<round>1</round>
<failsafecounter/>
<players><player seat="10" name="Agos110" chips="500" dealer="0" win="0" bet="20" muck="1" rebuy="0" addon="0" merge="0" rebuychips="0" reg_code="5084424763"/>
<player seat="3" name="KOPKHUNKRAP" chips="500" dealer="1" win="0" bet="0" muck="1" rebuy="0" addon="0" merge="0" rebuychips="0" reg_code="5084423945"/>
<player seat="6" name="Exivezzz2323" chips="500" dealer="0" win="40" bet="40" muck="1" rebuy="0" addon="0" merge="0" rebuychips="0" reg_code="5084424722"/>
</players>
</general>
<round no="0"><action no="1" player="Exivezzz2323" type="1" discard="1" dealt="1" sum="10"/>
<action no="2" player="Agos110" type="2" discard="1" dealt="1" sum="20"/>
</round>
<round no="1"><cards type="Pocket" player="KOPKHUNKRAP">HQ C8</cards>
<cards type="Pocket" player="Agos110">X X</cards>
<cards type="Pocket" player="Exivezzz2323">X X</cards>
<action no="3" player="KOPKHUNKRAP" type="0" sum="0"/>
<action no="4" player="Exivezzz2323" type="3" discard="1" dealt="1" sum="10"/>
<action no="5" player="Agos110" type="4" discard="1" dealt="1" sum="0"/>
</round>
<round no="2"><cards type="Flop">S5 S8 CQ</cards>
<action no="6" player="Exivezzz2323" type="5" discard="1" dealt="1" sum="20"/>
<action no="7" player="Agos110" type="0" discard="1" dealt="1" sum="0"/>
</round>
</game>
<game gamecode="6574687092"><general>
<startdate>2025-12-28 22:54:03</startdate>
<round>1</round>
<failsafecounter/>
<players><player seat="3" name="KOPKHUNKRAP" chips="500" dealer="0" win="0" bet="40" muck="1" rebuy="0" addon="0" merge="0" rebuychips="0" reg_code="5084423945"/>
<player seat="6" name="Exivezzz2323" chips="520" dealer="1" win="0" bet="60" muck="1" rebuy="0" addon="0" merge="0" rebuychips="0" reg_code="5084424722"/>
<player seat="10" name="Agos110" chips="480" dealer="0" win="160" bet="80" muck="1" rebuy="0" addon="0" merge="0" rebuychips="0" reg_code="5084424763"/>
</players>
</general>
<round no="0"><action no="1" player="Agos110" type="1" discard="1" dealt="1" sum="10"/>
<action no="2" player="KOPKHUNKRAP" type="2" sum="20"/>
</round>
<round no="1"><cards type="Pocket" player="Exivezzz2323">X X</cards>
<cards type="Pocket" player="KOPKHUNKRAP">SQ H8</cards>
<cards type="Pocket" player="Agos110">X X</cards>
<action no="3" player="Exivezzz2323" type="23" discard="1" dealt="1" sum="40"/>
<action no="4" player="Agos110" type="3" discard="1" dealt="1" sum="30"/>
<action no="5" player="KOPKHUNKRAP" type="3" sum="20"/>
</round>
<round no="2"><cards type="Flop">HJ C2 C7</cards>
<action no="6" player="Agos110" type="4" discard="1" dealt="1" sum="0"/>
<action no="7" player="KOPKHUNKRAP" type="4" sum="0"/>
<action no="8" player="Exivezzz2323" type="4" discard="1" dealt="1" sum="0"/>
</round>
<round no="3"><cards type="Turn">SJ</cards>
<action no="9" player="Agos110" type="5" discard="1" dealt="1" sum="20"/>
<action no="10" player="KOPKHUNKRAP" type="0" sum="0"/>
<action no="11" player="Exivezzz2323" type="3" discard="1" dealt="1" sum="20"/>
</round>
<round no="4"><cards type="River">C3</cards>
<action no="12" player="Agos110" type="5" discard="1" dealt="1" sum="20"/>
<action no="13" player="Exivezzz2323" type="0" discard="1" dealt="1" sum="0"/>
</round>
</game>
<game gamecode="6574692997"><general>
<startdate>2025-12-28 22:54:44</startdate>
<round>1</round>
<failsafecounter/>
<players><player seat="6" name="Exivezzz2323" chips="460" dealer="0" win="0" bet="20" muck="1" rebuy="0" addon="0" merge="0" rebuychips="0" reg_code="5084424722"/>
<player seat="10" name="Agos110" chips="580" dealer="1" win="60" bet="40" muck="1" rebuy="0" addon="0" merge="0" rebuychips="0" reg_code="5084424763"/>
<player seat="3" name="KOPKHUNKRAP" chips="460" dealer="0" win="0" bet="20" muck="1" rebuy="0" addon="0" merge="0" rebuychips="0" reg_code="5084423945"/>
</players>
</general>
<round no="0"><action no="1" player="KOPKHUNKRAP" type="1" sum="10"/>
<action no="2" player="Exivezzz2323" type="2" discard="1" dealt="1" sum="20"/>
</round>
<round no="1"><cards type="Pocket" player="Exivezzz2323">X X</cards>
<cards type="Pocket" player="Agos110">X X</cards>
<cards type="Pocket" player="KOPKHUNKRAP">H6 H2</cards>
<action no="3" player="Agos110" type="3" discard="1" dealt="1" sum="20"/>
<action no="4" player="KOPKHUNKRAP" type="3" sum="10"/>
<action no="5" player="Exivezzz2323" type="4" discard="1" dealt="1" sum="0"/>
</round>
<round no="2"><cards type="Flop">DA C9 CK</cards>
<action no="6" player="KOPKHUNKRAP" type="4" sum="0"/>
<action no="7" player="Exivezzz2323" type="4" discard="1" dealt="1" sum="0"/>
<action no="8" player="Agos110" type="5" discard="1" dealt="1" sum="20"/>
<action no="9" player="KOPKHUNKRAP" type="0" sum="0"/>
<action no="10" player="Exivezzz2323" type="0" discard="1" dealt="1" sum="0"/>
</round>
</game>
<game gamecode="6574693278"><general>
<startdate>2025-12-28 22:55:21</startdate>
<round>1</round>
<failsafecounter/>
<players><player seat="10" name="Agos110" chips="620" dealer="0" win="0" bet="105" muck="1" rebuy="0" addon="0" merge="0" rebuychips="0" reg_code="5084424763"/>
<player seat="3" name="KOPKHUNKRAP" chips="440" dealer="1" win="0" bet="5" muck="1" rebuy="0" addon="0" merge="0" rebuychips="0" reg_code="5084423945"/>
<player seat="6" name="Exivezzz2323" chips="440" dealer="0" win="215" bet="195" muck="1" rebuy="0" addon="0" merge="0" rebuychips="0" reg_code="5084424722"/>
</players>
</general>
<round no="0"><action no="1" player="Exivezzz2323" type="15" discard="1" dealt="1" sum="5"/>
<action no="2" player="Agos110" type="15" discard="1" dealt="1" sum="5"/>
<action no="3" player="KOPKHUNKRAP" type="15" sum="5"/>
<action no="4" player="Exivezzz2323" type="1" discard="1" dealt="1" sum="15"/>
<action no="5" player="Agos110" type="2" discard="1" dealt="1" sum="30"/>
</round>
<round no="1"><cards type="Pocket" player="KOPKHUNKRAP">C8 H4</cards>
<cards type="Pocket" player="Exivezzz2323">X X</cards>
<cards type="Pocket" player="Agos110">X X</cards>
<action no="6" player="KOPKHUNKRAP" type="0" sum="0"/>
<action no="7" player="Exivezzz2323" type="23" discard="1" dealt="1" sum="60"/>
<action no="8" player="Agos110" type="3" discard="1" dealt="1" sum="30"/>
</round>
<round no="2"><cards type="Flop">S5 D5 S2</cards>
<action no="9" player="Exivezzz2323" type="5" discard="1" dealt="1" sum="40"/>
<action no="10" player="Agos110" type="3" discard="1" dealt="1" sum="40"/>
</round>
<round no="3"><cards type="Turn">HK</cards>
<action no="11" player="Exivezzz2323" type="5" discard="1" dealt="1" sum="90"/>
<action no="12" player="Agos110" type="0" discard="1" dealt="1" sum="0"/>
</round>
</game>
<game gamecode="6574693408"><general>
<startdate>2025-12-28 22:55:39</startdate>
<round>1</round>
<failsafecounter/>
<players><player seat="3" name="KOPKHUNKRAP" chips="435" dealer="0" win="75" bet="435" muck="1" rebuy="0" addon="0" merge="0" rebuychips="0" reg_code="5084423945"/>
<player seat="6" name="Exivezzz2323" chips="550" dealer="1" win="0" bet="5" muck="1" rebuy="0" addon="0" merge="0" rebuychips="0" reg_code="5084424722"/>
<player seat="10" name="Agos110" chips="515" dealer="0" win="0" bet="35" muck="1" rebuy="0" addon="0" merge="0" rebuychips="0" reg_code="5084424763"/>
</players>
</general>
<round no="0"><action no="1" player="Agos110" type="15" discard="1" dealt="1" sum="5"/>
<action no="2" player="KOPKHUNKRAP" type="15" sum="5"/>
<action no="3" player="Exivezzz2323" type="15" discard="1" dealt="1" sum="5"/>
<action no="4" player="Agos110" type="1" discard="1" dealt="1" sum="15"/>
<action no="5" player="KOPKHUNKRAP" type="2" sum="30"/>
</round>
<round no="1"><cards type="Pocket" player="Exivezzz2323">X X</cards>
<cards type="Pocket" player="Agos110">X X</cards>
<cards type="Pocket" player="KOPKHUNKRAP">CK SJ</cards>
<action no="6" player="Exivezzz2323" type="0" discard="1" dealt="1" sum="0"/>
<action no="7" player="Agos110" type="3" discard="1" dealt="1" sum="15"/>
<action no="8" player="KOPKHUNKRAP" type="23" sum="430"/>
<action no="9" player="Agos110" type="0" discard="1" dealt="1" sum="0"/>
</round>
</game>
<game gamecode="6574693480"><general>
<startdate>2025-12-28 22:55:48</startdate>
<round>1</round>
<failsafecounter/>
<players><player seat="6" name="Exivezzz2323" chips="545" dealer="0" win="90" bet="545" muck="1" rebuy="0" addon="0" merge="0" rebuychips="0" reg_code="5084424722"/>
<player seat="10" name="Agos110" chips="480" dealer="1" win="0" bet="35" muck="1" rebuy="0" addon="0" merge="0" rebuychips="0" reg_code="5084424763"/>
<player seat="3" name="KOPKHUNKRAP" chips="475" dealer="0" win="0" bet="20" muck="1" rebuy="0" addon="0" merge="0" rebuychips="0" reg_code="5084423945"/>
</players>
</general>
<round no="0"><action no="1" player="KOPKHUNKRAP" type="15" sum="5"/>
<action no="2" player="Exivezzz2323" type="15" discard="1" dealt="1" sum="5"/>
<action no="3" player="Agos110" type="15" discard="1" dealt="1" sum="5"/>
<action no="4" player="KOPKHUNKRAP" type="1" sum="15"/>
<action no="5" player="Exivezzz2323" type="2" discard="1" dealt="1" sum="30"/>
</round>
<round no="1"><cards type="Pocket" player="KOPKHUNKRAP">D7 H5</cards>
<cards type="Pocket" player="Exivezzz2323">X X</cards>
<cards type="Pocket" player="Agos110">X X</cards>
<action no="6" player="Agos110" type="3" discard="1" dealt="1" sum="30"/>
<action no="7" player="KOPKHUNKRAP" type="0" sum="0"/>
<action no="8" player="Exivezzz2323" type="23" discard="1" dealt="1" sum="540"/>
<action no="9" player="Agos110" type="0" discard="1" dealt="1" sum="0"/>
</round>
</game>
<game gamecode="6574693555"><general>
<startdate>2025-12-28 22:55:57</startdate>
<round>1</round>
<failsafecounter/>
<players><player seat="10" name="Agos110" chips="445" dealer="0" win="0" bet="161" muck="1" rebuy="0" addon="0" merge="0" rebuychips="0" reg_code="5084424763"/>
<player seat="3" name="KOPKHUNKRAP" chips="455" dealer="1" win="0" bet="5" muck="1" rebuy="0" addon="0" merge="0" rebuychips="0" reg_code="5084423945"/>
<player seat="6" name="Exivezzz2323" chips="600" dealer="0" win="327" bet="161" muck="0" rebuy="0" addon="0" merge="0" rebuychips="0" reg_code="5084424722"/>
</players>
</general>
<round no="0"><action no="1" player="Exivezzz2323" type="15" discard="1" dealt="1" sum="5"/>
<action no="2" player="Agos110" type="15" discard="1" dealt="1" sum="5"/>
<action no="3" player="KOPKHUNKRAP" type="15" sum="5"/>
<action no="4" player="Exivezzz2323" type="1" discard="1" dealt="1" sum="15"/>
<action no="5" player="Agos110" type="2" discard="1" dealt="1" sum="30"/>
</round>
<round no="1"><cards type="Pocket" player="Agos110">DJ H9</cards>
<cards type="Pocket" player="Exivezzz2323">C9 S8</cards>
<cards type="Pocket" player="KOPKHUNKRAP">S9 H3</cards>
<action no="6" player="KOPKHUNKRAP" type="0" sum="0"/>
<action no="7" player="Exivezzz2323" type="3" discard="1" dealt="1" sum="15"/>
<action no="8" player="Agos110" type="4" discard="1" dealt="1" sum="0"/>
</round>
<round no="2"><cards type="Flop">SJ HK H10</cards>
<action no="9" player="Exivezzz2323" type="4" discard="1" dealt="1" sum="0"/>
<action no="10" player="Agos110" type="4" discard="1" dealt="1" sum="0"/>
</round>
<round no="3"><cards type="Turn">C7</cards>
<action no="11" player="Exivezzz2323" type="5" discard="1" dealt="1" sum="36"/>
<action no="12" player="Agos110" type="3" discard="1" dealt="1" sum="36"/>
</round>
<round no="4"><cards type="River">H7</cards>
<action no="13" player="Exivezzz2323" type="5" discard="1" dealt="1" sum="90"/>
<action no="14" player="Agos110" type="3" discard="1" dealt="1" sum="90"/>
</round>
</game>
<game gamecode="6574693726"><general>
<startdate>2025-12-28 22:56:22</startdate>
<round>1</round>
<failsafecounter/>
<players><player seat="3" name="KOPKHUNKRAP" chips="450" dealer="0" win="920" bet="450" muck="0" rebuy="0" addon="0" merge="0" rebuychips="0" reg_code="5084423945"/>
<player seat="6" name="Exivezzz2323" chips="766" dealer="1" win="0" bet="766" muck="1" rebuy="0" addon="0" merge="0" rebuychips="0" reg_code="5084424722"/>
<player seat="10" name="Agos110" chips="284" dealer="0" win="0" bet="20" muck="1" rebuy="0" addon="0" merge="0" rebuychips="0" reg_code="5084424763"/>
</players>
</general>
<round no="0"><action no="1" player="Agos110" type="15" discard="1" dealt="1" sum="5"/>
<action no="2" player="KOPKHUNKRAP" type="15" sum="5"/>
<action no="3" player="Exivezzz2323" type="15" discard="1" dealt="1" sum="5"/>
<action no="4" player="Agos110" type="1" discard="1" dealt="1" sum="15"/>
<action no="5" player="KOPKHUNKRAP" type="2" sum="30"/>
</round>
<round no="1"><cards type="Pocket" player="Exivezzz2323">CA C6</cards>
<cards type="Pocket" player="Agos110">X X</cards>
<cards type="Pocket" player="KOPKHUNKRAP">C2 D2</cards>
<action no="6" player="Exivezzz2323" type="23" discard="1" dealt="1" sum="761"/>
<action no="7" player="Agos110" type="0" discard="1" dealt="1" sum="0"/>
<action no="8" player="KOPKHUNKRAP" type="7" sum="415"/>
</round>
<round no="2"><cards type="Flop">DA S3 H2</cards>
</round>
<round no="3"><cards type="Turn">H6</cards>
</round>
<round no="4"><cards type="River">SK</cards>
</round>
</game>
<game gamecode="6574693882"><general>
<startdate>2025-12-28 22:56:41</startdate>
<round>1</round>
<failsafecounter/>
<players><player seat="6" name="Exivezzz2323" chips="316" dealer="0" win="0" bet="35" muck="1" rebuy="0" addon="0" merge="0" rebuychips="0" reg_code="5084424722"/>
<player seat="10" name="Agos110" chips="264" dealer="1" win="90" bet="264" muck="1" rebuy="0" addon="0" merge="0" rebuychips="0" reg_code="5084424763"/>
<player seat="3" name="KOPKHUNKRAP" chips="920" dealer="0" win="0" bet="20" muck="1" rebuy="0" addon="0" merge="0" rebuychips="0" reg_code="5084423945"/>
</players>
</general>
<round no="0"><action no="1" player="KOPKHUNKRAP" type="15" sum="5"/>
<action no="2" player="Exivezzz2323" type="15" discard="1" dealt="1" sum="5"/>
<action no="3" player="Agos110" type="15" discard="1" dealt="1" sum="5"/>
<action no="4" player="KOPKHUNKRAP" type="1" sum="15"/>
<action no="5" player="Exivezzz2323" type="2" discard="1" dealt="1" sum="30"/>
</round>
<round no="1"><cards type="Pocket" player="Agos110">X X</cards>
<cards type="Pocket" player="KOPKHUNKRAP">C9 D10</cards>
<cards type="Pocket" player="Exivezzz2323">X X</cards>
<action no="6" player="Agos110" type="23" discard="1" dealt="1" sum="259"/>
<action no="7" player="KOPKHUNKRAP" type="0" sum="0"/>
<action no="8" player="Exivezzz2323" type="0" discard="1" dealt="1" sum="0"/>
</round>
</game>
<game gamecode="6574693980"><general>
<startdate>2025-12-28 22:56:54</startdate>
<round>1</round>
<failsafecounter/>
<players><player seat="10" name="Agos110" chips="319" dealer="0" win="0" bet="45" muck="1" rebuy="0" addon="0" merge="0" rebuychips="0" reg_code="5084424763"/>
<player seat="3" name="KOPKHUNKRAP" chips="900" dealer="1" win="0" bet="5" muck="1" rebuy="0" addon="0" merge="0" rebuychips="0" reg_code="5084423945"/>
<player seat="6" name="Exivezzz2323" chips="281" dealer="0" win="95" bet="281" muck="1" rebuy="0" addon="0" merge="0" rebuychips="0" reg_code="5084424722"/>
</players>
</general>
<round no="0"><action no="1" player="Exivezzz2323" type="15" discard="1" dealt="1" sum="5"/>
<action no="2" player="Agos110" type="15" discard="1" dealt="1" sum="5"/>
<action no="3" player="KOPKHUNKRAP" type="15" sum="5"/>
<action no="4" player="Exivezzz2323" type="1" discard="1" dealt="1" sum="20"/>
<action no="5" player="Agos110" type="2" discard="1" dealt="1" sum="40"/>
</round>
<round no="1"><cards type="Pocket" player="Exivezzz2323">X X</cards>
<cards type="Pocket" player="Agos110">X X</cards>
<cards type="Pocket" player="KOPKHUNKRAP">D2 S5</cards>
<action no="6" player="KOPKHUNKRAP" type="0" sum="0"/>
<action no="7" player="Exivezzz2323" type="23" discard="1" dealt="1" sum="276"/>
<action no="8" player="Agos110" type="0" discard="1" dealt="1" sum="0"/>
</round>
</game>
<game gamecode="6574694036"><general>
<startdate>2025-12-28 22:57:03</startdate>
<round>1</round>
<failsafecounter/>
<players><player seat="3" name="KOPKHUNKRAP" chips="895" dealer="0" win="0" bet="45" muck="1" rebuy="0" addon="0" merge="0" rebuychips="0" reg_code="5084423945"/>
<player seat="6" name="Exivezzz2323" chips="331" dealer="1" win="0" bet="5" muck="1" rebuy="0" addon="0" merge="0" rebuychips="0" reg_code="5084424722"/>
<player seat="10" name="Agos110" chips="274" dealer="0" win="95" bet="85" muck="1" rebuy="0" addon="0" merge="0" rebuychips="0" reg_code="5084424763"/>
</players>
</general>
<round no="0"><action no="1" player="Agos110" type="15" discard="1" dealt="1" sum="5"/>
<action no="2" player="KOPKHUNKRAP" type="15" sum="5"/>
<action no="3" player="Exivezzz2323" type="15" discard="1" dealt="1" sum="5"/>
<action no="4" player="Agos110" type="1" discard="1" dealt="1" sum="20"/>
<action no="5" player="KOPKHUNKRAP" type="2" sum="40"/>
</round>
<round no="1"><cards type="Pocket" player="KOPKHUNKRAP">S3 H7</cards>
<cards type="Pocket" player="Agos110">X X</cards>
<cards type="Pocket" player="Exivezzz2323">X X</cards>
<action no="6" player="Exivezzz2323" type="0" discard="1" dealt="1" sum="0"/>
<action no="7" player="Agos110" type="23" discard="1" dealt="1" sum="80"/>
<action no="8" player="KOPKHUNKRAP" type="0" sum="0"/>
</round>
</game>
<game gamecode="6574694192"><general>
<startdate>2025-12-28 22:57:22</startdate>
<round>1</round>
<failsafecounter/>
<players><player seat="6" name="Exivezzz2323" chips="326" dealer="0" win="0" bet="45" muck="1" rebuy="0" addon="0" merge="0" rebuychips="0" reg_code="5084424722"/>
<player seat="10" name="Agos110" chips="324" dealer="1" win="115" bet="324" muck="1" rebuy="0" addon="0" merge="0" rebuychips="0" reg_code="5084424763"/>
<player seat="3" name="KOPKHUNKRAP" chips="850" dealer="0" win="0" bet="25" muck="1" rebuy="0" addon="0" merge="0" rebuychips="0" reg_code="5084423945"/>
</players>
</general>
<round no="0"><action no="1" player="KOPKHUNKRAP" type="15" sum="5"/>
<action no="2" player="Exivezzz2323" type="15" discard="1" dealt="1" sum="5"/>
<action no="3" player="Agos110" type="15" discard="1" dealt="1" sum="5"/>
<action no="4" player="KOPKHUNKRAP" type="1" sum="20"/>
<action no="5" player="Exivezzz2323" type="2" discard="1" dealt="1" sum="40"/>
</round>
<round no="1"><cards type="Pocket" player="KOPKHUNKRAP">CK D6</cards>
<cards type="Pocket" player="Agos110">X X</cards>
<cards type="Pocket" player="Exivezzz2323">X X</cards>
<action no="6" player="Agos110" type="23" discard="1" dealt="1" sum="319"/>
<action no="7" player="KOPKHUNKRAP" type="0" sum="0"/>
<action no="8" player="Exivezzz2323" type="0" discard="1" dealt="1" sum="0"/>
</round>
</game>
<game gamecode="6574694322"><general>
<startdate>2025-12-28 22:57:37</startdate>
<round>1</round>
<failsafecounter/>
<players><player seat="10" name="Agos110" chips="394" dealer="0" win="283" bet="281" muck="0" rebuy="0" addon="0" merge="0" rebuychips="0" reg_code="5084424763"/>
<player seat="3" name="KOPKHUNKRAP" chips="825" dealer="1" win="0" bet="5" muck="1" rebuy="0" addon="0" merge="0" rebuychips="0" reg_code="5084423945"/>
<player seat="6" name="Exivezzz2323" chips="281" dealer="0" win="284" bet="281" muck="0" rebuy="0" addon="0" merge="0" rebuychips="0" reg_code="5084424722"/>
</players>
</general>
<round no="0"><action no="1" player="Exivezzz2323" type="15" discard="1" dealt="1" sum="5"/>
<action no="2" player="Agos110" type="15" discard="1" dealt="1" sum="5"/>
<action no="3" player="KOPKHUNKRAP" type="15" sum="5"/>
<action no="4" player="Exivezzz2323" type="1" discard="1" dealt="1" sum="20"/>
<action no="5" player="Agos110" type="2" discard="1" dealt="1" sum="40"/>
</round>
<round no="1"><cards type="Pocket" player="KOPKHUNKRAP">D4 HJ</cards>
<cards type="Pocket" player="Exivezzz2323">S4 S8</cards>
<cards type="Pocket" player="Agos110">C10 SK</cards>
<action no="6" player="KOPKHUNKRAP" type="0" sum="0"/>
<action no="7" player="Exivezzz2323" type="23" discard="1" dealt="1" sum="276"/>
<action no="8" player="Agos110" type="3" discard="1" dealt="1" sum="236"/>
</round>
<round no="2"><cards type="Flop">S9 DA D6</cards>
</round>
<round no="3"><cards type="Turn">S6</cards>
</round>
<round no="4"><cards type="River">C9</cards>
</round>
</game>
<game gamecode="6574694471"><general>
<startdate>2025-12-28 22:57:58</startdate>
<round>1</round>
<failsafecounter/>
<players><player seat="3" name="KOPKHUNKRAP" chips="820" dealer="0" win="0" bet="45" muck="1" rebuy="0" addon="0" merge="0" rebuychips="0" reg_code="5084423945"/>
<player seat="6" name="Exivezzz2323" chips="284" dealer="1" win="115" bet="284" muck="1" rebuy="0" addon="0" merge="0" rebuychips="0" reg_code="5084424722"/>
<player seat="10" name="Agos110" chips="396" dealer="0" win="0" bet="25" muck="1" rebuy="0" addon="0" merge="0" rebuychips="0" reg_code="5084424763"/>
</players>
</general>
<round no="0"><action no="1" player="Agos110" type="15" discard="1" dealt="1" sum="5"/>
<action no="2" player="KOPKHUNKRAP" type="15" sum="5"/>
<action no="3" player="Exivezzz2323" type="15" discard="1" dealt="1" sum="5"/>
<action no="4" player="Agos110" type="1" discard="1" dealt="1" sum="20"/>
<action no="5" player="KOPKHUNKRAP" type="2" sum="40"/>
</round>
<round no="1"><cards type="Pocket" player="Exivezzz2323">X X</cards>
<cards type="Pocket" player="KOPKHUNKRAP">S2 DQ</cards>
<cards type="Pocket" player="Agos110">X X</cards>
<action no="6" player="Exivezzz2323" type="23" discard="1" dealt="1" sum="279"/>
<action no="7" player="Agos110" type="0" discard="1" dealt="1" sum="0"/>
<action no="8" player="KOPKHUNKRAP" type="0" sum="0"/>
</round>
</game>
<game gamecode="6574694604"><general>
<startdate>2025-12-28 22:58:14</startdate>
<round>1</round>
<failsafecounter/>
<players><player seat="6" name="Exivezzz2323" chips="354" dealer="0" win="55" bet="45" muck="1" rebuy="0" addon="0" merge="0" rebuychips="0" reg_code="5084424722"/>
<player seat="10" name="Agos110" chips="371" dealer="1" win="0" bet="5" muck="1" rebuy="0" addon="0" merge="0" rebuychips="0" reg_code="5084424763"/>
<player seat="3" name="KOPKHUNKRAP" chips="775" dealer="0" win="0" bet="25" muck="1" rebuy="0" addon="0" merge="0" rebuychips="0" reg_code="5084423945"/>
</players>
</general>
<round no="0"><action no="1" player="KOPKHUNKRAP" type="15" sum="5"/>
<action no="2" player="Exivezzz2323" type="15" discard="1" dealt="1" sum="5"/>
<action no="3" player="Agos110" type="15" discard="1" dealt="1" sum="5"/>
<action no="4" player="KOPKHUNKRAP" type="1" sum="20"/>
<action no="5" player="Exivezzz2323" type="2" discard="1" dealt="1" sum="40"/>
</round>
<round no="1"><cards type="Pocket" player="Exivezzz2323">X X</cards>
<cards type="Pocket" player="Agos110">X X</cards>
<cards type="Pocket" player="KOPKHUNKRAP">H2 CQ</cards>
<action no="6" player="Agos110" type="0" discard="1" dealt="1" sum="0"/>
<action no="7" player="KOPKHUNKRAP" type="0" sum="0"/>
</round>
</game>
<game gamecode="6574694650"><general>
<startdate>2025-12-28 22:58:19</startdate>
<round>1</round>
<failsafecounter/>
<players><player seat="10" name="Agos110" chips="366" dealer="0" win="0" bet="45" muck="1" rebuy="0" addon="0" merge="0" rebuychips="0" reg_code="5084424763"/>
<player seat="3" name="KOPKHUNKRAP" chips="750" dealer="1" win="0" bet="5" muck="1" rebuy="0" addon="0" merge="0" rebuychips="0" reg_code="5084423945"/>
<player seat="6" name="Exivezzz2323" chips="384" dealer="0" win="95" bet="384" muck="1" rebuy="0" addon="0" merge="0" rebuychips="0" reg_code="5084424722"/>
</players>
</general>
<round no="0"><action no="1" player="Exivezzz2323" type="15" discard="1" dealt="1" sum="5"/>
<action no="2" player="Agos110" type="15" discard="1" dealt="1" sum="5"/>
<action no="3" player="KOPKHUNKRAP" type="15" sum="5"/>
<action no="4" player="Exivezzz2323" type="1" discard="1" dealt="1" sum="20"/>
<action no="5" player="Agos110" type="2" discard="1" dealt="1" sum="40"/>
</round>
<round no="1"><cards type="Pocket" player="Agos110">X X</cards>
<cards type="Pocket" player="Exivezzz2323">X X</cards>
<cards type="Pocket" player="KOPKHUNKRAP">D7 D3</cards>
<action no="6" player="KOPKHUNKRAP" type="0" sum="0"/>
<action no="7" player="Exivezzz2323" type="23" discard="1" dealt="1" sum="379"/>
<action no="8" player="Agos110" type="0" discard="1" dealt="1" sum="0"/>
</round>
</game>
<game gamecode="6574694756"><general>
<startdate>2025-12-28 22:58:34</startdate>
<round>1</round>
<failsafecounter/>
<players><player seat="3" name="KOPKHUNKRAP" chips="745" dealer="0" win="255" bet="125" muck="0" rebuy="0" addon="0" merge="0" rebuychips="0" reg_code="5084423945"/>
<player seat="6" name="Exivezzz2323" chips="434" dealer="1" win="0" bet="5" muck="1" rebuy="0" addon="0" merge="0" rebuychips="0" reg_code="5084424722"/>
<player seat="10" name="Agos110" chips="321" dealer="0" win="0" bet="125" muck="1" rebuy="0" addon="0" merge="0" rebuychips="0" reg_code="5084424763"/>
</players>
</general>
<round no="0"><action no="1" player="Agos110" type="15" discard="1" dealt="1" sum="5"/>
<action no="2" player="KOPKHUNKRAP" type="15" sum="5"/>
<action no="3" player="Exivezzz2323" type="15" discard="1" dealt="1" sum="5"/>
<action no="4" player="Agos110" type="1" discard="1" dealt="1" sum="30"/>
<action no="5" player="KOPKHUNKRAP" type="2" sum="60"/>
</round>
<round no="1"><cards type="Pocket" player="Exivezzz2323">X X</cards>
<cards type="Pocket" player="KOPKHUNKRAP">C10 S6</cards>
<cards type="Pocket" player="Agos110">SA HJ</cards>
<action no="6" player="Exivezzz2323" type="0" discard="1" dealt="1" sum="0"/>
<action no="7" player="Agos110" type="3" discard="1" dealt="1" sum="30"/>
<action no="8" player="KOPKHUNKRAP" type="4" sum="0"/>
</round>
<round no="2"><cards type="Flop">C6 H5 C5</cards>
<action no="9" player="Agos110" type="4" discard="1" dealt="1" sum="0"/>
<action no="10" player="KOPKHUNKRAP" type="4" sum="0"/>
</round>
<round no="3"><cards type="Turn">C7</cards>
<action no="11" player="Agos110" type="4" discard="1" dealt="1" sum="0"/>
<action no="12" player="KOPKHUNKRAP" type="5" sum="60"/>
<action no="13" player="Agos110" type="3" discard="1" dealt="1" sum="60"/>
</round>
<round no="4"><cards type="River">S3</cards>
<action no="14" player="Agos110" type="4" discard="1" dealt="1" sum="0"/>
<action no="15" player="KOPKHUNKRAP" type="4" sum="0"/>
</round>
</game>
<game gamecode="6574695113"><general>
<startdate>2025-12-28 22:59:21</startdate>
<round>1</round>
<failsafecounter/>
<players><player seat="6" name="Exivezzz2323" chips="429" dealer="0" win="0" bet="65" muck="1" rebuy="0" addon="0" merge="0" rebuychips="0" reg_code="5084424722"/>
<player seat="10" name="Agos110" chips="196" dealer="1" win="0" bet="5" muck="1" rebuy="0" addon="0" merge="0" rebuychips="0" reg_code="5084424763"/>
<player seat="3" name="KOPKHUNKRAP" chips="875" dealer="0" win="135" bet="875" muck="1" rebuy="0" addon="0" merge="0" rebuychips="0" reg_code="5084423945"/>
</players>
</general>
<round no="0"><action no="1" player="KOPKHUNKRAP" type="15" sum="5"/>
<action no="2" player="Exivezzz2323" type="15" discard="1" dealt="1" sum="5"/>
<action no="3" player="Agos110" type="15" discard="1" dealt="1" sum="5"/>
<action no="4" player="KOPKHUNKRAP" type="1" sum="30"/>
<action no="5" player="Exivezzz2323" type="2" discard="1" dealt="1" sum="60"/>
</round>
<round no="1"><cards type="Pocket" player="Agos110">X X</cards>
<cards type="Pocket" player="KOPKHUNKRAP">C10 SJ</cards>
<cards type="Pocket" player="Exivezzz2323">X X</cards>
<action no="6" player="Agos110" type="0" discard="1" dealt="1" sum="0"/>
<action no="7" player="KOPKHUNKRAP" type="23" sum="870"/>
<action no="8" player="Exivezzz2323" type="0" discard="1" dealt="1" sum="0"/>
</round>
</game>
<game gamecode="6574695204"><general>
<startdate>2025-12-28 22:59:32</startdate>
<round>1</round>
<failsafecounter/>
<players><player seat="10" name="Agos110" chips="191" dealer="0" win="387" bet="191" muck="0" rebuy="0" addon="0" merge="0" rebuychips="0" reg_code="5084424763"/>
<player seat="3" name="KOPKHUNKRAP" chips="945" dealer="1" win="0" bet="5" muck="1" rebuy="0" addon="0" merge="0" rebuychips="0" reg_code="5084423945"/>
<player seat="6" name="Exivezzz2323" chips="364" dealer="0" win="0" bet="364" muck="1" rebuy="0" addon="0" merge="0" rebuychips="0" reg_code="5084424722"/>
</players>
</general>
<round no="0"><action no="1" player="Exivezzz2323" type="15" discard="1" dealt="1" sum="5"/>
<action no="2" player="Agos110" type="15" discard="1" dealt="1" sum="5"/>
<action no="3" player="KOPKHUNKRAP" type="15" sum="5"/>
<action no="4" player="Exivezzz2323" type="1" discard="1" dealt="1" sum="30"/>
<action no="5" player="Agos110" type="2" discard="1" dealt="1" sum="60"/>
</round>
<round no="1"><cards type="Pocket" player="KOPKHUNKRAP">C8 D2</cards>
<cards type="Pocket" player="Agos110">D4 SK</cards>
<cards type="Pocket" player="Exivezzz2323">C2 HJ</cards>
<action no="6" player="KOPKHUNKRAP" type="0" sum="0"/>
<action no="7" player="Exivezzz2323" type="23" discard="1" dealt="1" sum="359"/>
<action no="8" player="Agos110" type="7" discard="1" dealt="1" sum="126"/>
</round>
<round no="2"><cards type="Flop">C10 C9 DA</cards>
</round>
<round no="3"><cards type="Turn">SQ</cards>
</round>
<round no="4"><cards type="River">H3</cards>
</round>
</game>
<game gamecode="6574695340"><general>
<startdate>2025-12-28 22:59:50</startdate>
<round>1</round>
<failsafecounter/>
<players><player seat="3" name="KOPKHUNKRAP" chips="940" dealer="0" win="0" bet="173" muck="1" rebuy="0" addon="0" merge="0" rebuychips="0" reg_code="5084423945"/>
<player seat="6" name="Exivezzz2323" chips="173" dealer="1" win="381" bet="173" muck="0" rebuy="0" addon="0" merge="0" rebuychips="0" reg_code="5084424722"/>
<player seat="10" name="Agos110" chips="387" dealer="0" win="0" bet="35" muck="1" rebuy="0" addon="0" merge="0" rebuychips="0" reg_code="5084424763"/>
</players>
</general>
<round no="0"><action no="1" player="Agos110" type="15" discard="1" dealt="1" sum="5"/>
<action no="2" player="KOPKHUNKRAP" type="15" sum="5"/>
<action no="3" player="Exivezzz2323" type="15" discard="1" dealt="1" sum="5"/>
<action no="4" player="Agos110" type="1" discard="1" dealt="1" sum="30"/>
<action no="5" player="KOPKHUNKRAP" type="2" sum="60"/>
</round>
<round no="1"><cards type="Pocket" player="KOPKHUNKRAP">C3 H6</cards>
<cards type="Pocket" player="Exivezzz2323">DJ CQ</cards>
<cards type="Pocket" player="Agos110">X X</cards>
<action no="6" player="Exivezzz2323" type="23" discard="1" dealt="1" sum="168"/>
<action no="7" player="Agos110" type="0" discard="1" dealt="1" sum="0"/>
<action no="8" player="KOPKHUNKRAP" type="3" sum="108"/>
</round>
<round no="2"><cards type="Flop">CJ D3 S5</cards>
</round>
<round no="3"><cards type="Turn">DQ</cards>
</round>
<round no="4"><cards type="River">C5</cards>
</round>
</game>
<game gamecode="6574698634"><general>
<startdate>2025-12-28 23:00:11</startdate>
<round>1</round>
<failsafecounter/>
<players><player seat="6" name="Exivezzz2323" chips="381" dealer="0" win="1,114" bet="381" muck="0" rebuy="0" addon="0" merge="0" rebuychips="0" reg_code="5084424722"/>
<player seat="10" name="Agos110" chips="352" dealer="1" win="0" bet="352" muck="0" rebuy="0" addon="0" merge="0" rebuychips="0" reg_code="5084424763"/>
<player seat="3" name="KOPKHUNKRAP" chips="767" dealer="0" win="0" bet="639" muck="1" rebuy="0" addon="0" merge="0" rebuychips="0" reg_code="5084423945"/>
</players>
</general>
<round no="0"><action no="1" player="KOPKHUNKRAP" type="15" sum="5"/>
<action no="2" player="Exivezzz2323" type="15" discard="1" dealt="1" sum="5"/>
<action no="3" player="Agos110" type="15" discard="1" dealt="1" sum="5"/>
<action no="4" player="KOPKHUNKRAP" type="1" sum="30"/>
<action no="5" player="Exivezzz2323" type="2" discard="1" dealt="1" sum="60"/>
</round>
<round no="1"><cards type="Pocket" player="Exivezzz2323">SK SA</cards>
<cards type="Pocket" player="KOPKHUNKRAP">HA D5</cards>
<cards type="Pocket" player="Agos110">C9 D8</cards>
<action no="6" player="Agos110" type="23" discard="1" dealt="1" sum="347"/>
<action no="7" player="KOPKHUNKRAP" type="23" sum="634"/>
<action no="8" player="Exivezzz2323" type="7" discard="1" dealt="1" sum="316"/>
</round>
<round no="2"><cards type="Flop">H8 HQ H6</cards>
</round>
<round no="3"><cards type="Turn">CK</cards>
</round>
<round no="4"><cards type="River">C5</cards>
</round>
</game>
<game gamecode="6574698776"><general>
<startdate>2025-12-28 23:00:30</startdate>
<round>1</round>
<failsafecounter/>
<players><player seat="6" name="Exivezzz2323" chips="1,114" dealer="0" win="0" bet="386" muck="1" rebuy="0" addon="0" merge="0" rebuychips="0" reg_code="5084424722"/>
<player seat="3" name="KOPKHUNKRAP" chips="386" dealer="1" win="772" bet="386" muck="0" rebuy="0" addon="0" merge="0" rebuychips="0" reg_code="5084423945"/>
</players>
</general>
<round no="0"><action no="1" player="KOPKHUNKRAP" type="15" sum="8"/>
<action no="2" player="Exivezzz2323" type="15" discard="1" dealt="1" sum="8"/>
<action no="3" player="KOPKHUNKRAP" type="1" sum="40"/>
<action no="4" player="Exivezzz2323" type="2" discard="1" dealt="1" sum="80"/>
</round>
<round no="1"><cards type="Pocket" player="KOPKHUNKRAP">SJ HQ</cards>
<cards type="Pocket" player="Exivezzz2323">DQ CQ</cards>
<action no="5" player="KOPKHUNKRAP" type="23" sum="378"/>
<action no="6" player="Exivezzz2323" type="3" discard="1" dealt="1" sum="298"/>
</round>
<round no="2"><cards type="Flop">H8 C7 H3</cards>
</round>
<round no="3"><cards type="Turn">H5</cards>
</round>
<round no="4"><cards type="River">HK</cards>
</round>
</game>
<game gamecode="6574698922"><general>
<startdate>2025-12-28 23:00:47</startdate>
<round>1</round>
<failsafecounter/>
<players><player seat="3" name="KOPKHUNKRAP" chips="772" dealer="0" win="0" bet="88" muck="1" rebuy="0" addon="0" merge="0" rebuychips="0" reg_code="5084423945"/>
<player seat="6" name="Exivezzz2323" chips="728" dealer="1" win="176" bet="88" muck="0" rebuy="0" addon="0" merge="0" rebuychips="0" reg_code="5084424722"/>
</players>
</general>
<round no="0"><action no="1" player="Exivezzz2323" type="15" discard="1" dealt="1" sum="8"/>
<action no="2" player="KOPKHUNKRAP" type="15" sum="8"/>
<action no="3" player="Exivezzz2323" type="1" discard="1" dealt="1" sum="40"/>
<action no="4" player="KOPKHUNKRAP" type="2" sum="80"/>
</round>
<round no="1"><cards type="Pocket" player="Exivezzz2323">SQ C3</cards>
<cards type="Pocket" player="KOPKHUNKRAP">SJ D4</cards>
<action no="5" player="Exivezzz2323" type="3" discard="1" dealt="1" sum="40"/>
<action no="6" player="KOPKHUNKRAP" type="4" sum="0"/>
</round>
<round no="2"><cards type="Flop">DQ HK S8</cards>
<action no="7" player="KOPKHUNKRAP" type="4" sum="0"/>
<action no="8" player="Exivezzz2323" type="4" discard="1" dealt="1" sum="0"/>
</round>
<round no="3"><cards type="Turn">DA</cards>
<action no="9" player="KOPKHUNKRAP" type="4" sum="0"/>
<action no="10" player="Exivezzz2323" type="4" discard="1" dealt="1" sum="0"/>
</round>
<round no="4"><cards type="River">HJ</cards>
<action no="11" player="KOPKHUNKRAP" type="4" sum="0"/>
<action no="12" player="Exivezzz2323" type="4" discard="1" dealt="1" sum="0"/>
</round>
</game>
<game gamecode="6574699202"><general>
<startdate>2025-12-28 23:01:23</startdate>
<round>1</round>
<failsafecounter/>
<players><player seat="6" name="Exivezzz2323" chips="816" dealer="0" win="1,368" bet="684" muck="0" rebuy="0" addon="0" merge="0" rebuychips="0" reg_code="5084424722"/>
<player seat="3" name="KOPKHUNKRAP" chips="684" dealer="1" win="0" bet="684" muck="0" rebuy="0" addon="0" merge="0" rebuychips="0" reg_code="5084423945"/>
</players>
</general>
<round no="0"><action no="1" player="KOPKHUNKRAP" type="15" sum="8"/>
<action no="2" player="Exivezzz2323" type="15" discard="1" dealt="1" sum="8"/>
<action no="3" player="KOPKHUNKRAP" type="1" sum="40"/>
<action no="4" player="Exivezzz2323" type="2" discard="1" dealt="1" sum="80"/>
</round>
<round no="1"><cards type="Pocket" player="Exivezzz2323">S5 DK</cards>
<cards type="Pocket" player="KOPKHUNKRAP">S8 HK</cards>
<action no="5" player="KOPKHUNKRAP" type="23" sum="676"/>
<action no="6" player="Exivezzz2323" type="3" discard="1" dealt="1" sum="596"/>
</round>
<round no="2"><cards type="Flop">S6 H6 S3</cards>
</round>
<round no="3"><cards type="Turn">C7</cards>
</round>
<round no="4"><cards type="River">S4</cards>
</round>
</game>
</session>
