<?xml version="1.0" encoding="UTF-8"?>
<session sessioncode="5089489066">
<general>
<client_version>24.7.1.15</client_version>
<mode>real</mode>
<gametype>Holdem NL</gametype>
<tablename>Twister €200 SNG, 826501790</tablename>
<tournamentcode>826501789</tournamentcode>
<tournamentname>Twister €200 SNG</tournamentname>
<buyin>€0 + €12 + €188</buyin>
<totalbuyin>€200</totalbuyin>
<rewarddrawn>€400</rewarddrawn>
<tournamentcurrency>EUR</tournamentcurrency>
<currency>EUR</currency>
<nickname>22vidi22</nickname>
<gamecount>14</gamecount>
<startdate>2026-01-15 08:08:21</startdate>
<place>2</place>
<win>€0</win>
<tablesize>3</tablesize>
</general>
<game gamecode="6595380104"><general>
<startdate>2026-01-15 08:08:37</startdate>
<round>1</round>
<failsafecounter/>
<players><player seat="10" name="Primeape" chips="500" dealer="0" win="0" bet="20" muck="1" rebuy="0" addon="0" merge="0" rebuychips="0" reg_code="5089489076"/>
<player seat="3" name="22vidi22" chips="500" dealer="1" win="0" bet="0" muck="1" rebuy="0" addon="0" merge="0" rebuychips="0" reg_code="5089489066"/>
<player seat="6" name="Ankalaev" chips="500" dealer="0" win="40" bet="47" muck="1" rebuy="0" addon="0" merge="0" rebuychips="0" reg_code="5089487330"/>
</players>
</general>
<round no="0"><action no="1" player="Ankalaev" type="1" discard="1" dealt="1" sum="10"/>
<action no="2" player="Primeape" type="2" discard="1" dealt="1" sum="20"/>
</round>
<round no="1"><cards type="Pocket" player="22vidi22">D3 H2</cards>
<cards type="Pocket" player="Primeape">X X</cards>
<cards type="Pocket" player="Ankalaev">X X</cards>
<action no="3" player="22vidi22" type="0" sum="0"/>
<action no="4" player="Ankalaev" type="3" discard="1" dealt="1" sum="10"/>
<action no="5" player="Primeape" type="4" discard="1" dealt="1" sum="0"/>
</round>
<round no="2"><cards type="Flop">C6 D10 D6</cards>
<action no="6" player="Ankalaev" type="4" discard="1" dealt="1" sum="0"/>
<action no="7" player="Primeape" type="4" discard="1" dealt="1" sum="0"/>
</round>
<round no="3"><cards type="Turn">SQ</cards>
<action no="8" player="Ankalaev" type="4" discard="1" dealt="1" sum="0"/>
<action no="9" player="Primeape" type="4" discard="1" dealt="1" sum="0"/>
</round>
<round no="4"><cards type="River">S9</cards>
<action no="10" player="Ankalaev" type="5" discard="1" dealt="1" sum="27"/>
<action no="11" player="Primeape" type="0" discard="1" dealt="1" sum="0"/>
</round>
</game>
<game gamecode="6595380138"><general>
<startdate>2026-01-15 08:09:19</startdate>
<round>1</round>
<failsafecounter/>
<players><player seat="3" name="22vidi22" chips="500" dealer="0" win="960" bet="500" muck="0" rebuy="0" addon="0" merge="0" rebuychips="0" reg_code="5089489066"/>
<player seat="6" name="Ankalaev" chips="520" dealer="1" win="0" bet="0" muck="1" rebuy="0" addon="0" merge="0" rebuychips="0" reg_code="5089487330"/>
<player seat="10" name="Primeape" chips="480" dealer="0" win="0" bet="480" muck="1" rebuy="0" addon="0" merge="0" rebuychips="0" reg_code="5089489076"/>
</players>
</general>
<round no="0"><action no="1" player="Primeape" type="1" discard="1" dealt="1" sum="10"/>
<action no="2" player="22vidi22" type="2" sum="20"/>
</round>
<round no="1"><cards type="Pocket" player="22vidi22">C7 C6</cards>
<cards type="Pocket" player="Primeape">D5 SJ</cards>
<cards type="Pocket" player="Ankalaev">X X</cards>
<action no="3" player="Ankalaev" type="0" discard="1" dealt="1" sum="0"/>
<action no="4" player="Primeape" type="3" discard="1" dealt="1" sum="10"/>
<action no="5" player="22vidi22" type="23" sum="60"/>
<action no="6" player="Primeape" type="3" discard="1" dealt="1" sum="40"/>
</round>
<round no="2"><cards type="Flop">C4 CJ C8</cards>
<action no="7" player="Primeape" type="4" discard="1" dealt="1" sum="0"/>
<action no="8" player="22vidi22" type="5" sum="40"/>
<action no="9" player="Primeape" type="3" discard="1" dealt="1" sum="40"/>
</round>
<round no="3"><cards type="Turn">H9</cards>
<action no="10" player="Primeape" type="4" discard="1" dealt="1" sum="0"/>
<action no="11" player="22vidi22" type="5" sum="100"/>
<action no="12" player="Primeape" type="3" discard="1" dealt="1" sum="100"/>
</round>
<round no="4"><cards type="River">D6</cards>
<action no="13" player="Primeape" type="4" discard="1" dealt="1" sum="0"/>
<action no="14" player="22vidi22" type="5" sum="300"/>
<action no="15" player="Primeape" type="7" discard="1" dealt="1" sum="280"/>
</round>
</game>
<game gamecode="6595380172"><general>
<startdate>2026-01-15 08:10:01</startdate>
<round>1</round>
<failsafecounter/>
<players><player seat="6" name="Ankalaev" chips="520" dealer="0" win="0" bet="20" muck="1" rebuy="0" addon="0" merge="0" rebuychips="0" reg_code="5089487330"/>
<player seat="3" name="22vidi22" chips="980" dealer="1" win="40" bet="40" muck="1" rebuy="0" addon="0" merge="0" rebuychips="0" reg_code="5089489066"/>
</players>
</general>
<round no="0"><action no="1" player="22vidi22" type="1" sum="10"/>
<action no="2" player="Ankalaev" type="2" discard="1" dealt="1" sum="20"/>
</round>
<round no="1"><cards type="Pocket" player="Ankalaev">X X</cards>
<cards type="Pocket" player="22vidi22">C3 C5</cards>
<action no="3" player="22vidi22" type="3" sum="10"/>
<action no="4" player="Ankalaev" type="4" discard="1" dealt="1" sum="0"/>
</round>
<round no="2"><cards type="Flop">DJ H4 D4</cards>
<action no="5" player="Ankalaev" type="4" discard="1" dealt="1" sum="0"/>
<action no="6" player="22vidi22" type="5" sum="20"/>
<action no="7" player="Ankalaev" type="0" discard="1" dealt="1" sum="0"/>
</round>
</game>
<game gamecode="6595380194"><general>
<startdate>2026-01-15 08:10:22</startdate>
<round>1</round>
<failsafecounter/>
<players><player seat="3" name="22vidi22" chips="1,000" dealer="0" win="0" bet="70" muck="1" rebuy="0" addon="0" merge="0" rebuychips="0" reg_code="5089489066"/>
<player seat="6" name="Ankalaev" chips="500" dealer="1" win="140" bet="140" muck="1" rebuy="0" addon="0" merge="0" rebuychips="0" reg_code="5089487330"/>
</players>
</general>
<round no="0"><action no="1" player="Ankalaev" type="15" discard="1" dealt="1" sum="5"/>
<action no="2" player="22vidi22" type="15" sum="5"/>
<action no="3" player="Ankalaev" type="1" discard="1" dealt="1" sum="15"/>
<action no="4" player="22vidi22" type="2" sum="30"/>
</round>
<round no="1"><cards type="Pocket" player="22vidi22">H7 S9</cards>
<cards type="Pocket" player="Ankalaev">X X</cards>
<action no="5" player="Ankalaev" type="3" discard="1" dealt="1" sum="15"/>
<action no="6" player="22vidi22" type="4" sum="0"/>
</round>
<round no="2"><cards type="Flop">D6 D8 C8</cards>
<action no="7" player="22vidi22" type="4" sum="0"/>
<action no="8" player="Ankalaev" type="5" discard="1" dealt="1" sum="35"/>
<action no="9" player="22vidi22" type="3" sum="35"/>
</round>
<round no="3"><cards type="Turn">DJ</cards>
<action no="10" player="22vidi22" type="4" sum="0"/>
<action no="11" player="Ankalaev" type="5" discard="1" dealt="1" sum="70"/>
<action no="12" player="22vidi22" type="0" sum="0"/>
</round>
</game>
<game gamecode="6595380223"><general>
<startdate>2026-01-15 08:10:53</startdate>
<round>1</round>
<failsafecounter/>
<players><player seat="6" name="Ankalaev" chips="570" dealer="0" win="0" bet="65" muck="1" rebuy="0" addon="0" merge="0" rebuychips="0" reg_code="5089487330"/>
<player seat="3" name="22vidi22" chips="930" dealer="1" win="130" bet="156" muck="1" rebuy="0" addon="0" merge="0" rebuychips="0" reg_code="5089489066"/>
</players>
</general>
<round no="0"><action no="1" player="22vidi22" type="15" sum="5"/>
<action no="2" player="Ankalaev" type="15" discard="1" dealt="1" sum="5"/>
<action no="3" player="22vidi22" type="1" sum="15"/>
<action no="4" player="Ankalaev" type="2" discard="1" dealt="1" sum="30"/>
</round>
<round no="1"><cards type="Pocket" player="22vidi22">D10 HA</cards>
<cards type="Pocket" player="Ankalaev">X X</cards>
<action no="5" player="22vidi22" type="3" sum="15"/>
<action no="6" player="Ankalaev" type="4" discard="1" dealt="1" sum="0"/>
</round>
<round no="2"><cards type="Flop">H9 D9 H8</cards>
<action no="7" player="Ankalaev" type="4" discard="1" dealt="1" sum="0"/>
<action no="8" player="22vidi22" type="4" sum="0"/>
</round>
<round no="3"><cards type="Turn">SA</cards>
<action no="9" player="Ankalaev" type="4" discard="1" dealt="1" sum="0"/>
<action no="10" player="22vidi22" type="5" sum="30"/>
<action no="11" player="Ankalaev" type="3" discard="1" dealt="1" sum="30"/>
</round>
<round no="4"><cards type="River">D6</cards>
<action no="12" player="Ankalaev" type="4" discard="1" dealt="1" sum="0"/>
<action no="13" player="22vidi22" type="5" sum="91"/>
<action no="14" player="Ankalaev" type="0" discard="1" dealt="1" sum="0"/>
</round>
</game>
<game gamecode="6595380266"><general>
<startdate>2026-01-15 08:11:33</startdate>
<round>1</round>
<failsafecounter/>
<players><player seat="3" name="22vidi22" chips="995" dealer="0" win="0" bet="576" muck="0" rebuy="0" addon="0" merge="0" rebuychips="0" reg_code="5089489066"/>
<player seat="6" name="Ankalaev" chips="505" dealer="1" win="1,010" bet="505" muck="0" rebuy="0" addon="0" merge="0" rebuychips="0" reg_code="5089487330"/>
</players>
</general>
<round no="0"><action no="1" player="Ankalaev" type="15" discard="1" dealt="1" sum="5"/>
<action no="2" player="22vidi22" type="15" sum="5"/>
<action no="3" player="Ankalaev" type="1" discard="1" dealt="1" sum="15"/>
<action no="4" player="22vidi22" type="2" sum="30"/>
</round>
<round no="1"><cards type="Pocket" player="22vidi22">DA SA</cards>
<cards type="Pocket" player="Ankalaev">H6 D7</cards>
<action no="5" player="Ankalaev" type="3" discard="1" dealt="1" sum="15"/>
<action no="6" player="22vidi22" type="23" sum="75"/>
<action no="7" player="Ankalaev" type="3" discard="1" dealt="1" sum="45"/>
</round>
<round no="2"><cards type="Flop">H10 C9 S8</cards>
<action no="8" player="22vidi22" type="5" sum="112"/>
<action no="9" player="Ankalaev" type="3" discard="1" dealt="1" sum="112"/>
</round>
<round no="3"><cards type="Turn">C5</cards>
<action no="10" player="22vidi22" type="5" sum="384"/>
<action no="11" player="Ankalaev" type="7" discard="1" dealt="1" sum="313"/>
</round>
<round no="4"><cards type="River">C7</cards>
</round>
</game>
<game gamecode="6595380297"><general>
<startdate>2026-01-15 08:12:08</startdate>
<round>1</round>
<failsafecounter/>
<players><player seat="6" name="Ankalaev" chips="1,010" dealer="0" win="402" bet="201" muck="0" rebuy="0" addon="0" merge="0" rebuychips="0" reg_code="5089487330"/>
<player seat="3" name="22vidi22" chips="490" dealer="1" win="0" bet="201" muck="1" rebuy="0" addon="0" merge="0" rebuychips="0" reg_code="5089489066"/>
</players>
</general>
<round no="0"><action no="1" player="22vidi22" type="15" sum="5"/>
<action no="2" player="Ankalaev" type="15" discard="1" dealt="1" sum="5"/>
<action no="3" player="22vidi22" type="1" sum="20"/>
<action no="4" player="Ankalaev" type="2" discard="1" dealt="1" sum="40"/>
</round>
<round no="1"><cards type="Pocket" player="22vidi22">C9 C2</cards>
<cards type="Pocket" player="Ankalaev">CQ C8</cards>
<action no="5" player="22vidi22" type="3" sum="20"/>
<action no="6" player="Ankalaev" type="4" discard="1" dealt="1" sum="0"/>
</round>
<round no="2"><cards type="Flop">D8 S9 D7</cards>
<action no="7" player="Ankalaev" type="4" discard="1" dealt="1" sum="0"/>
<action no="8" player="22vidi22" type="5" sum="40"/>
<action no="9" player="Ankalaev" type="3" discard="1" dealt="1" sum="40"/>
</round>
<round no="3"><cards type="Turn">DA</cards>
<action no="10" player="Ankalaev" type="4" discard="1" dealt="1" sum="0"/>
<action no="11" player="22vidi22" type="4" sum="0"/>
</round>
<round no="4"><cards type="River">H8</cards>
<action no="12" player="Ankalaev" type="5" discard="1" dealt="1" sum="116"/>
<action no="13" player="22vidi22" type="3" sum="116"/>
</round>
</game>
<game gamecode="6595380322"><general>
<startdate>2026-01-15 08:12:42</startdate>
<round>1</round>
<failsafecounter/>
<players><player seat="3" name="22vidi22" chips="289" dealer="0" win="50" bet="45" muck="1" rebuy="0" addon="0" merge="0" rebuychips="0" reg_code="5089489066"/>
<player seat="6" name="Ankalaev" chips="1,211" dealer="1" win="0" bet="25" muck="1" rebuy="0" addon="0" merge="0" rebuychips="0" reg_code="5089487330"/>
</players>
</general>
<round no="0"><action no="1" player="Ankalaev" type="15" discard="1" dealt="1" sum="5"/>
<action no="2" player="22vidi22" type="15" sum="5"/>
<action no="3" player="Ankalaev" type="1" discard="1" dealt="1" sum="20"/>
<action no="4" player="22vidi22" type="2" sum="40"/>
</round>
<round no="1"><cards type="Pocket" player="Ankalaev">X X</cards>
<cards type="Pocket" player="22vidi22">S4 H7</cards>
<action no="5" player="Ankalaev" type="0" discard="1" dealt="1" sum="0"/>
</round>
</game>
<game gamecode="6595380331"><general>
<startdate>2026-01-15 08:12:53</startdate>
<round>1</round>
<failsafecounter/>
<players><player seat="6" name="Ankalaev" chips="1,186" dealer="0" win="0" bet="45" muck="1" rebuy="0" addon="0" merge="0" rebuychips="0" reg_code="5089487330"/>
<player seat="3" name="22vidi22" chips="314" dealer="1" win="90" bet="314" muck="1" rebuy="0" addon="0" merge="0" rebuychips="0" reg_code="5089489066"/>
</players>
</general>
<round no="0"><action no="1" player="22vidi22" type="15" sum="5"/>
<action no="2" player="Ankalaev" type="15" discard="1" dealt="1" sum="5"/>
<action no="3" player="22vidi22" type="1" sum="20"/>
<action no="4" player="Ankalaev" type="2" discard="1" dealt="1" sum="40"/>
</round>
<round no="1"><cards type="Pocket" player="22vidi22">S6 HQ</cards>
<cards type="Pocket" player="Ankalaev">X X</cards>
<action no="5" player="22vidi22" type="23" sum="309"/>
<action no="6" player="Ankalaev" type="0" discard="1" dealt="1" sum="0"/>
</round>
</game>
<game gamecode="6595380340"><general>
<startdate>2026-01-15 08:13:02</startdate>
<round>1</round>
<failsafecounter/>
<players><player seat="3" name="22vidi22" chips="359" dealer="0" win="50" bet="45" muck="1" rebuy="0" addon="0" merge="0" rebuychips="0" reg_code="5089489066"/>
<player seat="6" name="Ankalaev" chips="1,141" dealer="1" win="0" bet="25" muck="1" rebuy="0" addon="0" merge="0" rebuychips="0" reg_code="5089487330"/>
</players>
</general>
<round no="0"><action no="1" player="Ankalaev" type="15" discard="1" dealt="1" sum="5"/>
<action no="2" player="22vidi22" type="15" sum="5"/>
<action no="3" player="Ankalaev" type="1" discard="1" dealt="1" sum="20"/>
<action no="4" player="22vidi22" type="2" sum="40"/>
</round>
<round no="1"><cards type="Pocket" player="22vidi22">S7 S9</cards>
<cards type="Pocket" player="Ankalaev">X X</cards>
<action no="5" player="Ankalaev" type="0" discard="1" dealt="1" sum="0"/>
</round>
</game>
<game gamecode="6595380347"><general>
<startdate>2026-01-15 08:13:09</startdate>
<round>1</round>
<failsafecounter/>
<players><player seat="6" name="Ankalaev" chips="1,116" dealer="0" win="0" bet="85" muck="0" rebuy="0" addon="0" merge="0" rebuychips="0" reg_code="5089487330"/>
<player seat="3" name="22vidi22" chips="384" dealer="1" win="170" bet="85" muck="0" rebuy="0" addon="0" merge="0" rebuychips="0" reg_code="5089489066"/>
</players>
</general>
<round no="0"><action no="1" player="22vidi22" type="15" sum="5"/>
<action no="2" player="Ankalaev" type="15" discard="1" dealt="1" sum="5"/>
<action no="3" player="22vidi22" type="1" sum="20"/>
<action no="4" player="Ankalaev" type="2" discard="1" dealt="1" sum="40"/>
</round>
<round no="1"><cards type="Pocket" player="Ankalaev">S8 S10</cards>
<cards type="Pocket" player="22vidi22">SA DK</cards>
<action no="5" player="22vidi22" type="3" sum="20"/>
<action no="6" player="Ankalaev" type="4" discard="1" dealt="1" sum="0"/>
</round>
<round no="2"><cards type="Flop">H8 C9 C3</cards>
<action no="7" player="Ankalaev" type="4" discard="1" dealt="1" sum="0"/>
<action no="8" player="22vidi22" type="4" sum="0"/>
</round>
<round no="3"><cards type="Turn">H2</cards>
<action no="9" player="Ankalaev" type="4" discard="1" dealt="1" sum="0"/>
<action no="10" player="22vidi22" type="4" sum="0"/>
</round>
<round no="4"><cards type="River">SK</cards>
<action no="11" player="Ankalaev" type="5" discard="1" dealt="1" sum="40"/>
<action no="12" player="22vidi22" type="3" sum="40"/>
</round>
</game>
<game gamecode="6595380369"><general>
<startdate>2026-01-15 08:13:42</startdate>
<round>1</round>
<failsafecounter/>
<players><player seat="3" name="22vidi22" chips="469" dealer="0" win="0" bet="65" muck="1" rebuy="0" addon="0" merge="0" rebuychips="0" reg_code="5089489066"/>
<player seat="6" name="Ankalaev" chips="1,031" dealer="1" win="130" bet="1,031" muck="1" rebuy="0" addon="0" merge="0" rebuychips="0" reg_code="5089487330"/>
</players>
</general>
<round no="0"><action no="1" player="Ankalaev" type="15" discard="1" dealt="1" sum="5"/>
<action no="2" player="22vidi22" type="15" sum="5"/>
<action no="3" player="Ankalaev" type="1" discard="1" dealt="1" sum="30"/>
<action no="4" player="22vidi22" type="2" sum="60"/>
</round>
<round no="1"><cards type="Pocket" player="22vidi22">S2 H4</cards>
<cards type="Pocket" player="Ankalaev">X X</cards>
<action no="5" player="Ankalaev" type="23" discard="1" dealt="1" sum="1,026"/>
<action no="6" player="22vidi22" type="0" sum="0"/>
</round>
</game>
<game gamecode="6595380377"><general>
<startdate>2026-01-15 08:13:49</startdate>
<round>1</round>
<failsafecounter/>
<players><player seat="6" name="Ankalaev" chips="1,096" dealer="0" win="0" bet="220" muck="1" rebuy="0" addon="0" merge="0" rebuychips="0" reg_code="5089487330"/>
<player seat="3" name="22vidi22" chips="404" dealer="1" win="440" bet="280" muck="1" rebuy="0" addon="0" merge="0" rebuychips="0" reg_code="5089489066"/>
</players>
</general>
<round no="0"><action no="1" player="22vidi22" type="15" sum="5"/>
<action no="2" player="Ankalaev" type="15" discard="1" dealt="1" sum="5"/>
<action no="3" player="22vidi22" type="1" sum="30"/>
<action no="4" player="Ankalaev" type="2" discard="1" dealt="1" sum="60"/>
</round>
<round no="1"><cards type="Pocket" player="Ankalaev">X X</cards>
<cards type="Pocket" player="22vidi22">S7 H6</cards>
<action no="5" player="22vidi22" type="3" sum="30"/>
<action no="6" player="Ankalaev" type="4" discard="1" dealt="1" sum="0"/>
</round>
<round no="2"><cards type="Flop">SK C6 HQ</cards>
<action no="7" player="Ankalaev" type="4" discard="1" dealt="1" sum="0"/>
<action no="8" player="22vidi22" type="5" sum="60"/>
<action no="9" player="Ankalaev" type="23" discard="1" dealt="1" sum="155"/>
<action no="10" player="22vidi22" type="3" sum="95"/>
</round>
<round no="3"><cards type="Turn">D6</cards>
<action no="11" player="Ankalaev" type="4" discard="1" dealt="1" sum="0"/>
<action no="12" player="22vidi22" type="4" sum="0"/>
</round>
<round no="4"><cards type="River">HA</cards>
<action no="13" player="Ankalaev" type="4" discard="1" dealt="1" sum="0"/>
<action no="14" player="22vidi22" type="5" sum="60"/>
<action no="15" player="Ankalaev" type="0" discard="1" dealt="1" sum="0"/>
</round>
</game>
<game gamecode="6595382743"><general>
<startdate>2026-01-15 08:14:25</startdate>
<round>1</round>
<failsafecounter/>
<players><player seat="3" name="22vidi22" chips="624" dealer="0" win="0" bet="624" muck="0" rebuy="0" addon="0" merge="0" rebuychips="0" reg_code="5089489066"/>
<player seat="6" name="Ankalaev" chips="876" dealer="1" win="1,248" bet="624" muck="0" rebuy="0" addon="0" merge="0" rebuychips="0" reg_code="5089487330"/>
</players>
</general>
<round no="0"><action no="1" player="Ankalaev" type="15" discard="1" dealt="1" sum="5"/>
<action no="2" player="22vidi22" type="15" sum="5"/>
<action no="3" player="Ankalaev" type="1" discard="1" dealt="1" sum="30"/>
<action no="4" player="22vidi22" type="2" sum="60"/>
</round>
<round no="1"><cards type="Pocket" player="Ankalaev">S10 SA</cards>
<cards type="Pocket" player="22vidi22">HK S5</cards>
<action no="5" player="Ankalaev" type="3" discard="1" dealt="1" sum="30"/>
<action no="6" player="22vidi22" type="23" sum="619"/>
<action no="7" player="Ankalaev" type="3" discard="1" dealt="1" sum="559"/>
</round>
<round no="2"><cards type="Flop">C7 SQ S9</cards>
</round>
<round no="3"><cards type="Turn">HJ</cards>
</round>
<round no="4"><cards type="River">C9</cards>
</round>
</game>
</session>
