<?xml version="1.0" encoding="UTF-8"?>
<session sessioncode="5089427122">
<general>
<client_version>24.7.1.15</client_version>
<mode>real</mode>
<gametype>Holdem NL</gametype>
<tablename>Twister €200 SNG, 826483059</tablename>
<tournamentcode>826483057</tournamentcode>
<tournamentname>Twister €200 SNG</tournamentname>
<buyin>€0 + €12 + €188</buyin>
<totalbuyin>€200</totalbuyin>
<rewarddrawn>€400</rewarddrawn>
<tournamentcurrency>EUR</tournamentcurrency>
<currency>EUR</currency>
<nickname>22vidi22</nickname>
<gamecount>17</gamecount>
<startdate>2026-01-14 23:18:20</startdate>
<place>1</place>
<win>€400</win>
<tablesize>3</tablesize>
</general>
<game gamecode="6595095653"><general>
<startdate>2026-01-14 23:18:36</startdate>
<round>1</round>
<failsafecounter/>
<players><player seat="6" name="SuBandiduu" chips="500" dealer="0" win="0" bet="20" muck="1" rebuy="0" addon="0" merge="0" rebuychips="0" reg_code="5089421909"/>
<player seat="10" name="22vidi22" chips="500" dealer="1" win="50" bet="40" muck="1" rebuy="0" addon="0" merge="0" rebuychips="0" reg_code="5089427122"/>
<player seat="3" name="Exivezzz2323" chips="500" dealer="0" win="0" bet="10" muck="1" rebuy="0" addon="0" merge="0" rebuychips="0" reg_code="5089421793"/>
</players>
</general>
<round no="0"><action no="1" player="Exivezzz2323" type="1" discard="1" dealt="1" sum="10"/>
<action no="2" player="SuBandiduu" type="2" discard="1" dealt="1" sum="20"/>
</round>
<round no="1"><cards type="Pocket" player="SuBandiduu">X X</cards>
<cards type="Pocket" player="22vidi22">D8 C8</cards>
<cards type="Pocket" player="Exivezzz2323">X X</cards>
<action no="3" player="22vidi22" type="23" sum="40"/>
<action no="4" player="Exivezzz2323" type="0" discard="1" dealt="1" sum="0"/>
<action no="5" player="SuBandiduu" type="0" discard="1" dealt="1" sum="0"/>
</round>
</game>
<game gamecode="6595095694"><general>
<startdate>2026-01-14 23:18:45</startdate>
<round>1</round>
<failsafecounter/>
<players><player seat="10" name="22vidi22" chips="530" dealer="0" win="200" bet="100" muck="0" rebuy="0" addon="0" merge="0" rebuychips="0" reg_code="5089427122"/>
<player seat="3" name="Exivezzz2323" chips="490" dealer="1" win="0" bet="0" muck="1" rebuy="0" addon="0" merge="0" rebuychips="0" reg_code="5089421793"/>
<player seat="6" name="SuBandiduu" chips="480" dealer="0" win="0" bet="100" muck="1" rebuy="0" addon="0" merge="0" rebuychips="0" reg_code="5089421909"/>
</players>
</general>
<round no="0"><action no="1" player="SuBandiduu" type="1" discard="1" dealt="1" sum="10"/>
<action no="2" player="22vidi22" type="2" sum="20"/>
</round>
<round no="1"><cards type="Pocket" player="22vidi22">HA H4</cards>
<cards type="Pocket" player="SuBandiduu">DK HQ</cards>
<cards type="Pocket" player="Exivezzz2323">X X</cards>
<action no="3" player="Exivezzz2323" type="0" discard="1" dealt="1" sum="0"/>
<action no="4" player="SuBandiduu" type="23" discard="1" dealt="1" sum="50"/>
<action no="5" player="22vidi22" type="3" sum="30"/>
</round>
<round no="2"><cards type="Flop">S5 H2 D5</cards>
<action no="6" player="SuBandiduu" type="4" discard="1" dealt="1" sum="0"/>
<action no="7" player="22vidi22" type="4" sum="0"/>
</round>
<round no="3"><cards type="Turn">C4</cards>
<action no="8" player="SuBandiduu" type="4" discard="1" dealt="1" sum="0"/>
<action no="9" player="22vidi22" type="5" sum="50"/>
<action no="10" player="SuBandiduu" type="3" discard="1" dealt="1" sum="50"/>
</round>
<round no="4"><cards type="River">H6</cards>
<action no="11" player="SuBandiduu" type="4" discard="1" dealt="1" sum="0"/>
<action no="12" player="22vidi22" type="4" sum="0"/>
</round>
</game>
<game gamecode="6595101783"><general>
<startdate>2026-01-14 23:19:32</startdate>
<round>1</round>
<failsafecounter/>
<players><player seat="3" name="Exivezzz2323" chips="490" dealer="0" win="0" bet="20" muck="1" rebuy="0" addon="0" merge="0" rebuychips="0" reg_code="5089421793"/>
<player seat="6" name="SuBandiduu" chips="380" dealer="1" win="0" bet="0" muck="1" rebuy="0" addon="0" merge="0" rebuychips="0" reg_code="5089421909"/>
<player seat="10" name="22vidi22" chips="630" dealer="0" win="40" bet="40" muck="1" rebuy="0" addon="0" merge="0" rebuychips="0" reg_code="5089427122"/>
</players>
</general>
<round no="0"><action no="1" player="22vidi22" type="1" sum="10"/>
<action no="2" player="Exivezzz2323" type="2" discard="1" dealt="1" sum="20"/>
</round>
<round no="1"><cards type="Pocket" player="22vidi22">HA S4</cards>
<cards type="Pocket" player="Exivezzz2323">X X</cards>
<cards type="Pocket" player="SuBandiduu">X X</cards>
<action no="3" player="SuBandiduu" type="0" discard="1" dealt="1" sum="0"/>
<action no="4" player="22vidi22" type="3" sum="10"/>
<action no="5" player="Exivezzz2323" type="4" discard="1" dealt="1" sum="0"/>
</round>
<round no="2"><cards type="Flop">S3 H2 H4</cards>
<action no="6" player="22vidi22" type="5" sum="20"/>
<action no="7" player="Exivezzz2323" type="0" discard="1" dealt="1" sum="0"/>
</round>
</game>
<game gamecode="6595101859"><general>
<startdate>2026-01-14 23:19:54</startdate>
<round>1</round>
<failsafecounter/>
<players><player seat="6" name="SuBandiduu" chips="380" dealer="0" win="40" bet="380" muck="1" rebuy="0" addon="0" merge="0" rebuychips="0" reg_code="5089421909"/>
<player seat="10" name="22vidi22" chips="650" dealer="1" win="0" bet="0" muck="1" rebuy="0" addon="0" merge="0" rebuychips="0" reg_code="5089427122"/>
<player seat="3" name="Exivezzz2323" chips="470" dealer="0" win="0" bet="20" muck="1" rebuy="0" addon="0" merge="0" rebuychips="0" reg_code="5089421793"/>
</players>
</general>
<round no="0"><action no="1" player="Exivezzz2323" type="1" discard="1" dealt="1" sum="10"/>
<action no="2" player="SuBandiduu" type="2" discard="1" dealt="1" sum="20"/>
</round>
<round no="1"><cards type="Pocket" player="SuBandiduu">X X</cards>
<cards type="Pocket" player="22vidi22">HQ S9</cards>
<cards type="Pocket" player="Exivezzz2323">X X</cards>
<action no="3" player="22vidi22" type="0" sum="0"/>
<action no="4" player="Exivezzz2323" type="3" discard="1" dealt="1" sum="10"/>
<action no="5" player="SuBandiduu" type="23" discard="1" dealt="1" sum="380"/>
<action no="6" player="Exivezzz2323" type="0" discard="1" dealt="1" sum="0"/>
</round>
</game>
<game gamecode="6595101937"><general>
<startdate>2026-01-14 23:20:12</startdate>
<round>1</round>
<failsafecounter/>
<players><player seat="10" name="22vidi22" chips="650" dealer="0" win="0" bet="20" muck="1" rebuy="0" addon="0" merge="0" rebuychips="0" reg_code="5089427122"/>
<player seat="3" name="Exivezzz2323" chips="450" dealer="1" win="50" bet="40" muck="1" rebuy="0" addon="0" merge="0" rebuychips="0" reg_code="5089421793"/>
<player seat="6" name="SuBandiduu" chips="400" dealer="0" win="0" bet="10" muck="1" rebuy="0" addon="0" merge="0" rebuychips="0" reg_code="5089421909"/>
</players>
</general>
<round no="0"><action no="1" player="SuBandiduu" type="1" discard="1" dealt="1" sum="10"/>
<action no="2" player="22vidi22" type="2" sum="20"/>
</round>
<round no="1"><cards type="Pocket" player="22vidi22">HK C2</cards>
<cards type="Pocket" player="SuBandiduu">X X</cards>
<cards type="Pocket" player="Exivezzz2323">X X</cards>
<action no="3" player="Exivezzz2323" type="23" discard="1" dealt="1" sum="40"/>
<action no="4" player="SuBandiduu" type="0" discard="1" dealt="1" sum="0"/>
<action no="5" player="22vidi22" type="0" sum="0"/>
</round>
</game>
<game gamecode="6595102007"><general>
<startdate>2026-01-14 23:20:30</startdate>
<round>1</round>
<failsafecounter/>
<players><player seat="3" name="Exivezzz2323" chips="480" dealer="0" win="45" bet="35" muck="1" rebuy="0" addon="0" merge="0" rebuychips="0" reg_code="5089421793"/>
<player seat="6" name="SuBandiduu" chips="390" dealer="1" win="0" bet="5" muck="1" rebuy="0" addon="0" merge="0" rebuychips="0" reg_code="5089421909"/>
<player seat="10" name="22vidi22" chips="630" dealer="0" win="0" bet="20" muck="1" rebuy="0" addon="0" merge="0" rebuychips="0" reg_code="5089427122"/>
</players>
</general>
<round no="0"><action no="1" player="22vidi22" type="15" sum="5"/>
<action no="2" player="Exivezzz2323" type="15" discard="1" dealt="1" sum="5"/>
<action no="3" player="SuBandiduu" type="15" discard="1" dealt="1" sum="5"/>
<action no="4" player="22vidi22" type="1" sum="15"/>
<action no="5" player="Exivezzz2323" type="2" discard="1" dealt="1" sum="30"/>
</round>
<round no="1"><cards type="Pocket" player="SuBandiduu">X X</cards>
<cards type="Pocket" player="Exivezzz2323">X X</cards>
<cards type="Pocket" player="22vidi22">D4 H9</cards>
<action no="6" player="SuBandiduu" type="0" discard="1" dealt="1" sum="0"/>
<action no="7" player="22vidi22" type="0" sum="0"/>
</round>
</game>
<game gamecode="6595102037"><general>
<startdate>2026-01-14 23:20:37</startdate>
<round>1</round>
<failsafecounter/>
<players><player seat="6" name="SuBandiduu" chips="385" dealer="0" win="45" bet="35" muck="1" rebuy="0" addon="0" merge="0" rebuychips="0" reg_code="5089421909"/>
<player seat="10" name="22vidi22" chips="610" dealer="1" win="0" bet="5" muck="1" rebuy="0" addon="0" merge="0" rebuychips="0" reg_code="5089427122"/>
<player seat="3" name="Exivezzz2323" chips="505" dealer="0" win="0" bet="20" muck="1" rebuy="0" addon="0" merge="0" rebuychips="0" reg_code="5089421793"/>
</players>
</general>
<round no="0"><action no="1" player="Exivezzz2323" type="15" discard="1" dealt="1" sum="5"/>
<action no="2" player="SuBandiduu" type="15" discard="1" dealt="1" sum="5"/>
<action no="3" player="22vidi22" type="15" sum="5"/>
<action no="4" player="Exivezzz2323" type="1" discard="1" dealt="1" sum="15"/>
<action no="5" player="SuBandiduu" type="2" discard="1" dealt="1" sum="30"/>
</round>
<round no="1"><cards type="Pocket" player="Exivezzz2323">X X</cards>
<cards type="Pocket" player="SuBandiduu">X X</cards>
<cards type="Pocket" player="22vidi22">S8 S4</cards>
<action no="6" player="22vidi22" type="0" sum="0"/>
<action no="7" player="Exivezzz2323" type="0" discard="1" dealt="1" sum="0"/>
</round>
</game>
<game gamecode="6595102085"><general>
<startdate>2026-01-14 23:20:49</startdate>
<round>1</round>
<failsafecounter/>
<players><player seat="10" name="22vidi22" chips="605" dealer="0" win="45" bet="35" muck="1" rebuy="0" addon="0" merge="0" rebuychips="0" reg_code="5089427122"/>
<player seat="3" name="Exivezzz2323" chips="485" dealer="1" win="0" bet="5" muck="1" rebuy="0" addon="0" merge="0" rebuychips="0" reg_code="5089421793"/>
<player seat="6" name="SuBandiduu" chips="410" dealer="0" win="0" bet="20" muck="1" rebuy="0" addon="0" merge="0" rebuychips="0" reg_code="5089421909"/>
</players>
</general>
<round no="0"><action no="1" player="SuBandiduu" type="15" discard="1" dealt="1" sum="5"/>
<action no="2" player="22vidi22" type="15" sum="5"/>
<action no="3" player="Exivezzz2323" type="15" discard="1" dealt="1" sum="5"/>
<action no="4" player="SuBandiduu" type="1" discard="1" dealt="1" sum="15"/>
<action no="5" player="22vidi22" type="2" sum="30"/>
</round>
<round no="1"><cards type="Pocket" player="Exivezzz2323">X X</cards>
<cards type="Pocket" player="SuBandiduu">X X</cards>
<cards type="Pocket" player="22vidi22">D3 C9</cards>
<action no="6" player="Exivezzz2323" type="0" discard="1" dealt="1" sum="0"/>
<action no="7" player="SuBandiduu" type="0" discard="1" dealt="1" sum="0"/>
</round>
</game>
<game gamecode="6595102173"><general>
<startdate>2026-01-14 23:21:12</startdate>
<round>1</round>
<failsafecounter/>
<players><player seat="3" name="Exivezzz2323" chips="480" dealer="0" win="0" bet="35" muck="1" rebuy="0" addon="0" merge="0" rebuychips="0" reg_code="5089421793"/>
<player seat="6" name="SuBandiduu" chips="390" dealer="1" win="0" bet="5" muck="1" rebuy="0" addon="0" merge="0" rebuychips="0" reg_code="5089421909"/>
<player seat="10" name="22vidi22" chips="630" dealer="0" win="75" bet="630" muck="1" rebuy="0" addon="0" merge="0" rebuychips="0" reg_code="5089427122"/>
</players>
</general>
<round no="0"><action no="1" player="22vidi22" type="15" sum="5"/>
<action no="2" player="Exivezzz2323" type="15" discard="1" dealt="1" sum="5"/>
<action no="3" player="SuBandiduu" type="15" discard="1" dealt="1" sum="5"/>
<action no="4" player="22vidi22" type="1" sum="15"/>
<action no="5" player="Exivezzz2323" type="2" discard="1" dealt="1" sum="30"/>
</round>
<round no="1"><cards type="Pocket" player="Exivezzz2323">X X</cards>
<cards type="Pocket" player="22vidi22">H10 DK</cards>
<cards type="Pocket" player="SuBandiduu">X X</cards>
<action no="6" player="SuBandiduu" type="0" discard="1" dealt="1" sum="0"/>
<action no="7" player="22vidi22" type="23" sum="625"/>
<action no="8" player="Exivezzz2323" type="0" discard="1" dealt="1" sum="0"/>
</round>
</game>
<game gamecode="6595102232"><general>
<startdate>2026-01-14 23:21:29</startdate>
<round>1</round>
<failsafecounter/>
<players><player seat="6" name="SuBandiduu" chips="385" dealer="0" win="45" bet="35" muck="1" rebuy="0" addon="0" merge="0" rebuychips="0" reg_code="5089421909"/>
<player seat="10" name="22vidi22" chips="670" dealer="1" win="0" bet="5" muck="1" rebuy="0" addon="0" merge="0" rebuychips="0" reg_code="5089427122"/>
<player seat="3" name="Exivezzz2323" chips="445" dealer="0" win="0" bet="20" muck="1" rebuy="0" addon="0" merge="0" rebuychips="0" reg_code="5089421793"/>
</players>
</general>
<round no="0"><action no="1" player="Exivezzz2323" type="15" discard="1" dealt="1" sum="5"/>
<action no="2" player="SuBandiduu" type="15" discard="1" dealt="1" sum="5"/>
<action no="3" player="22vidi22" type="15" sum="5"/>
<action no="4" player="Exivezzz2323" type="1" discard="1" dealt="1" sum="15"/>
<action no="5" player="SuBandiduu" type="2" discard="1" dealt="1" sum="30"/>
</round>
<round no="1"><cards type="Pocket" player="22vidi22">D2 DQ</cards>
<cards type="Pocket" player="SuBandiduu">X X</cards>
<cards type="Pocket" player="Exivezzz2323">X X</cards>
<action no="6" player="22vidi22" type="0" sum="0"/>
<action no="7" player="Exivezzz2323" type="0" discard="1" dealt="1" sum="0"/>
</round>
</game>
<game gamecode="6595102271"><general>
<startdate>2026-01-14 23:21:43</startdate>
<round>1</round>
<failsafecounter/>
<players><player seat="10" name="22vidi22" chips="665" dealer="0" win="0" bet="35" muck="1" rebuy="0" addon="0" merge="0" rebuychips="0" reg_code="5089427122"/>
<player seat="3" name="Exivezzz2323" chips="425" dealer="1" win="90" bet="425" muck="1" rebuy="0" addon="0" merge="0" rebuychips="0" reg_code="5089421793"/>
<player seat="6" name="SuBandiduu" chips="410" dealer="0" win="0" bet="20" muck="1" rebuy="0" addon="0" merge="0" rebuychips="0" reg_code="5089421909"/>
</players>
</general>
<round no="0"><action no="1" player="SuBandiduu" type="15" discard="1" dealt="1" sum="5"/>
<action no="2" player="22vidi22" type="15" sum="5"/>
<action no="3" player="Exivezzz2323" type="15" discard="1" dealt="1" sum="5"/>
<action no="4" player="SuBandiduu" type="1" discard="1" dealt="1" sum="15"/>
<action no="5" player="22vidi22" type="2" sum="30"/>
</round>
<round no="1"><cards type="Pocket" player="22vidi22">SA C5</cards>
<cards type="Pocket" player="SuBandiduu">X X</cards>
<cards type="Pocket" player="Exivezzz2323">X X</cards>
<action no="6" player="Exivezzz2323" type="23" discard="1" dealt="1" sum="420"/>
<action no="7" player="SuBandiduu" type="0" discard="1" dealt="1" sum="0"/>
<action no="8" player="22vidi22" type="0" sum="0"/>
</round>
</game>
<game gamecode="6595102332"><general>
<startdate>2026-01-14 23:22:02</startdate>
<round>1</round>
<failsafecounter/>
<players><player seat="3" name="Exivezzz2323" chips="480" dealer="0" win="0" bet="109" muck="0" rebuy="0" addon="0" merge="0" rebuychips="0" reg_code="5089421793"/>
<player seat="6" name="SuBandiduu" chips="390" dealer="1" win="0" bet="5" muck="1" rebuy="0" addon="0" merge="0" rebuychips="0" reg_code="5089421909"/>
<player seat="10" name="22vidi22" chips="630" dealer="0" win="223" bet="109" muck="0" rebuy="0" addon="0" merge="0" rebuychips="0" reg_code="5089427122"/>
</players>
</general>
<round no="0"><action no="1" player="22vidi22" type="15" sum="5"/>
<action no="2" player="Exivezzz2323" type="15" discard="1" dealt="1" sum="5"/>
<action no="3" player="SuBandiduu" type="15" discard="1" dealt="1" sum="5"/>
<action no="4" player="22vidi22" type="1" sum="20"/>
<action no="5" player="Exivezzz2323" type="2" discard="1" dealt="1" sum="40"/>
</round>
<round no="1"><cards type="Pocket" player="SuBandiduu">X X</cards>
<cards type="Pocket" player="Exivezzz2323">C7 S4</cards>
<cards type="Pocket" player="22vidi22">CA H9</cards>
<action no="6" player="SuBandiduu" type="0" discard="1" dealt="1" sum="0"/>
<action no="7" player="22vidi22" type="3" sum="20"/>
<action no="8" player="Exivezzz2323" type="4" discard="1" dealt="1" sum="0"/>
</round>
<round no="2"><cards type="Flop">S2 H6 C6</cards>
<action no="9" player="22vidi22" type="4" sum="0"/>
<action no="10" player="Exivezzz2323" type="4" discard="1" dealt="1" sum="0"/>
</round>
<round no="3"><cards type="Turn">D8</cards>
<action no="11" player="22vidi22" type="4" sum="0"/>
<action no="12" player="Exivezzz2323" type="4" discard="1" dealt="1" sum="0"/>
</round>
<round no="4"><cards type="River">C3</cards>
<action no="13" player="22vidi22" type="4" sum="0"/>
<action no="14" player="Exivezzz2323" type="5" discard="1" dealt="1" sum="64"/>
<action no="15" player="22vidi22" type="3" sum="64"/>
</round>
</game>
<game gamecode="6595102548"><general>
<startdate>2026-01-14 23:23:06</startdate>
<round>1</round>
<failsafecounter/>
<players><player seat="6" name="SuBandiduu" chips="385" dealer="0" win="0" bet="45" muck="1" rebuy="0" addon="0" merge="0" rebuychips="0" reg_code="5089421909"/>
<player seat="10" name="22vidi22" chips="744" dealer="1" win="787" bet="744" muck="0" rebuy="0" addon="0" merge="0" rebuychips="0" reg_code="5089427122"/>
<player seat="3" name="Exivezzz2323" chips="371" dealer="0" win="0" bet="371" muck="1" rebuy="0" addon="0" merge="0" rebuychips="0" reg_code="5089421793"/>
</players>
</general>
<round no="0"><action no="1" player="Exivezzz2323" type="15" discard="1" dealt="1" sum="5"/>
<action no="2" player="SuBandiduu" type="15" discard="1" dealt="1" sum="5"/>
<action no="3" player="22vidi22" type="15" sum="5"/>
<action no="4" player="Exivezzz2323" type="1" discard="1" dealt="1" sum="20"/>
<action no="5" player="SuBandiduu" type="2" discard="1" dealt="1" sum="40"/>
</round>
<round no="1"><cards type="Pocket" player="SuBandiduu">X X</cards>
<cards type="Pocket" player="Exivezzz2323">H9 H8</cards>
<cards type="Pocket" player="22vidi22">D10 SA</cards>
<action no="6" player="22vidi22" type="23" sum="739"/>
<action no="7" player="Exivezzz2323" type="7" discard="1" dealt="1" sum="346"/>
<action no="8" player="SuBandiduu" type="0" discard="1" dealt="1" sum="0"/>
</round>
<round no="2"><cards type="Flop">C8 C3 CA</cards>
</round>
<round no="3"><cards type="Turn">H6</cards>
</round>
<round no="4"><cards type="River">H7</cards>
</round>
</game>
<game gamecode="6595102625"><general>
<startdate>2026-01-14 23:23:28</startdate>
<round>1</round>
<failsafecounter/>
<players><player seat="10" name="22vidi22" chips="1,160" dealer="0" win="0" bet="45" muck="1" rebuy="0" addon="0" merge="0" rebuychips="0" reg_code="5089427122"/>
<player seat="6" name="SuBandiduu" chips="340" dealer="1" win="90" bet="85" muck="1" rebuy="0" addon="0" merge="0" rebuychips="0" reg_code="5089421909"/>
</players>
</general>
<round no="0"><action no="1" player="SuBandiduu" type="15" discard="1" dealt="1" sum="5"/>
<action no="2" player="22vidi22" type="15" sum="5"/>
<action no="3" player="SuBandiduu" type="1" discard="1" dealt="1" sum="20"/>
<action no="4" player="22vidi22" type="2" sum="40"/>
</round>
<round no="1"><cards type="Pocket" player="22vidi22">S4 DQ</cards>
<cards type="Pocket" player="SuBandiduu">X X</cards>
<action no="5" player="SuBandiduu" type="3" discard="1" dealt="1" sum="20"/>
<action no="6" player="22vidi22" type="4" sum="0"/>
</round>
<round no="2"><cards type="Flop">S8 D8 D10</cards>
<action no="7" player="22vidi22" type="4" sum="0"/>
<action no="8" player="SuBandiduu" type="5" discard="1" dealt="1" sum="40"/>
<action no="9" player="22vidi22" type="0" sum="0"/>
</round>
</game>
<game gamecode="6595102673"><general>
<startdate>2026-01-14 23:23:44</startdate>
<round>1</round>
<failsafecounter/>
<players><player seat="6" name="SuBandiduu" chips="385" dealer="0" win="70" bet="65" muck="1" rebuy="0" addon="0" merge="0" rebuychips="0" reg_code="5089421909"/>
<player seat="10" name="22vidi22" chips="1,115" dealer="1" win="0" bet="35" muck="1" rebuy="0" addon="0" merge="0" rebuychips="0" reg_code="5089427122"/>
</players>
</general>
<round no="0"><action no="1" player="22vidi22" type="15" sum="5"/>
<action no="2" player="SuBandiduu" type="15" discard="1" dealt="1" sum="5"/>
<action no="3" player="22vidi22" type="1" sum="30"/>
<action no="4" player="SuBandiduu" type="2" discard="1" dealt="1" sum="60"/>
</round>
<round no="1"><cards type="Pocket" player="22vidi22">S10 D2</cards>
<cards type="Pocket" player="SuBandiduu">X X</cards>
<action no="5" player="22vidi22" type="0" sum="0"/>
</round>
</game>
<game gamecode="6595102690"><general>
<startdate>2026-01-14 23:23:51</startdate>
<round>1</round>
<failsafecounter/>
<players><player seat="10" name="22vidi22" chips="1,080" dealer="0" win="0" bet="65" muck="1" rebuy="0" addon="0" merge="0" rebuychips="0" reg_code="5089427122"/>
<player seat="6" name="SuBandiduu" chips="420" dealer="1" win="130" bet="420" muck="1" rebuy="0" addon="0" merge="0" rebuychips="0" reg_code="5089421909"/>
</players>
</general>
<round no="0"><action no="1" player="SuBandiduu" type="15" discard="1" dealt="1" sum="5"/>
<action no="2" player="22vidi22" type="15" sum="5"/>
<action no="3" player="SuBandiduu" type="1" discard="1" dealt="1" sum="30"/>
<action no="4" player="22vidi22" type="2" sum="60"/>
</round>
<round no="1"><cards type="Pocket" player="SuBandiduu">X X</cards>
<cards type="Pocket" player="22vidi22">D5 S4</cards>
<action no="5" player="SuBandiduu" type="23" discard="1" dealt="1" sum="415"/>
<action no="6" player="22vidi22" type="0" sum="0"/>
</round>
</game>
<game gamecode="6595102728"><general>
<startdate>2026-01-14 23:23:59</startdate>
<round>1</round>
<failsafecounter/>
<players><player seat="6" name="SuBandiduu" chips="485" dealer="0" win="0" bet="485" muck="0" rebuy="0" addon="0" merge="0" rebuychips="0" reg_code="5089421909"/>
<player seat="10" name="22vidi22" chips="1,015" dealer="1" win="970" bet="1,015" muck="0" rebuy="0" addon="0" merge="0" rebuychips="0" reg_code="5089427122"/>
</players>
</general>
<round no="0"><action no="1" player="22vidi22" type="15" sum="5"/>
<action no="2" player="SuBandiduu" type="15" discard="1" dealt="1" sum="5"/>
<action no="3" player="22vidi22" type="1" sum="30"/>
<action no="4" player="SuBandiduu" type="2" discard="1" dealt="1" sum="60"/>
</round>
<round no="1"><cards type="Pocket" player="22vidi22">H8 HA</cards>
<cards type="Pocket" player="SuBandiduu">HJ S10</cards>
<action no="5" player="22vidi22" type="23" sum="1,010"/>
<action no="6" player="SuBandiduu" type="7" discard="1" dealt="1" sum="420"/>
</round>
<round no="2"><cards type="Flop">HK C3 D9</cards>
</round>
<round no="3"><cards type="Turn">SK</cards>
</round>
<round no="4"><cards type="River">C7</cards>
</round>
</game>
</session>
