<?xml version="1.0" encoding="UTF-8"?>
<session sessioncode="5089974894">
<general>
<client_version>24.7.1.15</client_version>
<mode>real</mode>
<gametype>Holdem NL</gametype>
<tablename>Twister €100 SNG, 826654820</tablename>
<tournamentcode>826654819</tournamentcode>
<tournamentname>Twister €100 SNG</tournamentname>
<buyin>€0 + €7 + €93</buyin>
<totalbuyin>€100</totalbuyin>
<rewarddrawn>€200</rewarddrawn>
<tournamentcurrency>EUR</tournamentcurrency>
<currency>EUR</currency>
<nickname>22vidi22</nickname>
<gamecount>4</gamecount>
<startdate>2026-01-16 23:02:25</startdate>
<place>3</place>
<win>€0</win>
<tablesize>3</tablesize>
</general>
<game gamecode="6597361974"><general>
<startdate>2026-01-16 23:02:41</startdate>
<round>1</round>
<failsafecounter/>
<players><player seat="10" name="22vidi22" chips="500" dealer="0" win="0" bet="101" muck="1" rebuy="0" addon="0" merge="0" rebuychips="0" reg_code="5089974894"/>
<player seat="3" name="OndaBianca1" chips="500" dealer="1" win="0" bet="0" muck="1" rebuy="0" addon="0" merge="0" rebuychips="0" reg_code="5089973819"/>
<player seat="6" name="LolloCausto" chips="500" dealer="0" win="202" bet="230" muck="1" rebuy="0" addon="0" merge="0" rebuychips="0" reg_code="5089974218"/>
</players>
</general>
<round no="0"><action no="1" player="LolloCausto" type="1" discard="1" dealt="1" sum="10"/>
<action no="2" player="22vidi22" type="2" sum="20"/>
</round>
<round no="1"><cards type="Pocket" player="OndaBianca1">X X</cards>
<cards type="Pocket" player="22vidi22">SK H6</cards>
<cards type="Pocket" player="LolloCausto">X X</cards>
<action no="3" player="OndaBianca1" type="0" discard="1" dealt="1" sum="0"/>
<action no="4" player="LolloCausto" type="23" discard="1" dealt="1" sum="40"/>
<action no="5" player="22vidi22" type="3" sum="20"/>
</round>
<round no="2"><cards type="Flop">H10 D8 C6</cards>
<action no="6" player="LolloCausto" type="5" discard="1" dealt="1" sum="21"/>
<action no="7" player="22vidi22" type="3" sum="21"/>
</round>
<round no="3"><cards type="Turn">D10</cards>
<action no="8" player="LolloCausto" type="4" discard="1" dealt="1" sum="0"/>
<action no="9" player="22vidi22" type="5" sum="40"/>
<action no="10" player="LolloCausto" type="3" discard="1" dealt="1" sum="40"/>
</round>
<round no="4"><cards type="River">CJ</cards>
<action no="11" player="LolloCausto" type="5" discard="1" dealt="1" sum="129"/>
<action no="12" player="22vidi22" type="0" sum="0"/>
</round>
</game>
<game gamecode="6597362290"><general>
<startdate>2026-01-16 23:03:22</startdate>
<round>1</round>
<failsafecounter/>
<players><player seat="3" name="OndaBianca1" chips="500" dealer="0" win="0" bet="20" muck="1" rebuy="0" addon="0" merge="0" rebuychips="0" reg_code="5089973819"/>
<player seat="6" name="LolloCausto" chips="601" dealer="1" win="0" bet="0" muck="1" rebuy="0" addon="0" merge="0" rebuychips="0" reg_code="5089974218"/>
<player seat="10" name="22vidi22" chips="399" dealer="0" win="40" bet="40" muck="1" rebuy="0" addon="0" merge="0" rebuychips="0" reg_code="5089974894"/>
</players>
</general>
<round no="0"><action no="1" player="22vidi22" type="1" sum="10"/>
<action no="2" player="OndaBianca1" type="2" discard="1" dealt="1" sum="20"/>
</round>
<round no="1"><cards type="Pocket" player="LolloCausto">X X</cards>
<cards type="Pocket" player="22vidi22">DJ CK</cards>
<cards type="Pocket" player="OndaBianca1">X X</cards>
<action no="3" player="LolloCausto" type="0" discard="1" dealt="1" sum="0"/>
<action no="4" player="22vidi22" type="3" sum="10"/>
<action no="5" player="OndaBianca1" type="4" discard="1" dealt="1" sum="0"/>
</round>
<round no="2"><cards type="Flop">HQ C2 C8</cards>
<action no="6" player="22vidi22" type="5" sum="20"/>
<action no="7" player="OndaBianca1" type="0" discard="1" dealt="1" sum="0"/>
</round>
</game>
<game gamecode="6597362504"><general>
<startdate>2026-01-16 23:03:46</startdate>
<round>1</round>
<failsafecounter/>
<players><player seat="6" name="LolloCausto" chips="601" dealer="0" win="104" bet="118" muck="1" rebuy="0" addon="0" merge="0" rebuychips="0" reg_code="5089974218"/>
<player seat="10" name="22vidi22" chips="419" dealer="1" win="0" bet="0" muck="1" rebuy="0" addon="0" merge="0" rebuychips="0" reg_code="5089974894"/>
<player seat="3" name="OndaBianca1" chips="480" dealer="0" win="0" bet="52" muck="1" rebuy="0" addon="0" merge="0" rebuychips="0" reg_code="5089973819"/>
</players>
</general>
<round no="0"><action no="1" player="OndaBianca1" type="1" discard="1" dealt="1" sum="10"/>
<action no="2" player="LolloCausto" type="2" discard="1" dealt="1" sum="20"/>
</round>
<round no="1"><cards type="Pocket" player="22vidi22">H6 CJ</cards>
<cards type="Pocket" player="LolloCausto">X X</cards>
<cards type="Pocket" player="OndaBianca1">X X</cards>
<action no="3" player="22vidi22" type="0" sum="0"/>
<action no="4" player="OndaBianca1" type="3" discard="1" dealt="1" sum="10"/>
<action no="5" player="LolloCausto" type="4" discard="1" dealt="1" sum="0"/>
</round>
<round no="2"><cards type="Flop">S9 DQ H7</cards>
<action no="6" player="OndaBianca1" type="4" discard="1" dealt="1" sum="0"/>
<action no="7" player="LolloCausto" type="4" discard="1" dealt="1" sum="0"/>
</round>
<round no="3"><cards type="Turn">C5</cards>
<action no="8" player="OndaBianca1" type="4" discard="1" dealt="1" sum="0"/>
<action no="9" player="LolloCausto" type="5" discard="1" dealt="1" sum="32"/>
<action no="10" player="OndaBianca1" type="3" discard="1" dealt="1" sum="32"/>
</round>
<round no="4"><cards type="River">S3</cards>
<action no="11" player="OndaBianca1" type="4" discard="1" dealt="1" sum="0"/>
<action no="12" player="LolloCausto" type="5" discard="1" dealt="1" sum="66"/>
<action no="13" player="OndaBianca1" type="0" discard="1" dealt="1" sum="0"/>
</round>
</game>
<game gamecode="6597366636"><general>
<startdate>2026-01-16 23:04:40</startdate>
<round>1</round>
<failsafecounter/>
<players><player seat="10" name="22vidi22" chips="419" dealer="0" win="0" bet="419" muck="0" rebuy="0" addon="0" merge="0" rebuychips="0" reg_code="5089974894"/>
<player seat="3" name="OndaBianca1" chips="428" dealer="1" win="0" bet="5" muck="1" rebuy="0" addon="0" merge="0" rebuychips="0" reg_code="5089973819"/>
<player seat="6" name="LolloCausto" chips="653" dealer="0" win="843" bet="653" muck="0" rebuy="0" addon="0" merge="0" rebuychips="0" reg_code="5089974218"/>
</players>
</general>
<round no="0"><action no="1" player="LolloCausto" type="15" discard="1" dealt="1" sum="5"/>
<action no="2" player="22vidi22" type="15" sum="5"/>
<action no="3" player="OndaBianca1" type="15" discard="1" dealt="1" sum="5"/>
<action no="4" player="LolloCausto" type="1" discard="1" dealt="1" sum="15"/>
<action no="5" player="22vidi22" type="2" sum="30"/>
</round>
<round no="1"><cards type="Pocket" player="OndaBianca1">X X</cards>
<cards type="Pocket" player="22vidi22">H8 HA</cards>
<cards type="Pocket" player="LolloCausto">S8 S5</cards>
<action no="6" player="OndaBianca1" type="0" discard="1" dealt="1" sum="0"/>
<action no="7" player="LolloCausto" type="23" discard="1" dealt="1" sum="648"/>
<action no="8" player="22vidi22" type="7" sum="384"/>
</round>
<round no="2"><cards type="Flop">S7 H4 H6</cards>
</round>
<round no="3"><cards type="Turn">SA</cards>
</round>
<round no="4"><cards type="River">D2</cards>
</round>
</game>
</session>
