<?xml version="1.0" encoding="UTF-8"?>
<session sessioncode="5089489528">
<general>
<client_version>24.7.1.15</client_version>
<mode>real</mode>
<gametype>Holdem NL</gametype>
<tablename>Twister €100 SNG, 826503442</tablename>
<tournamentcode>826503441</tournamentcode>
<tournamentname>Twister €100 SNG</tournamentname>
<buyin>€0 + €7 + €93</buyin>
<totalbuyin>€100</totalbuyin>
<rewarddrawn>€400</rewarddrawn>
<tournamentcurrency>EUR</tournamentcurrency>
<currency>EUR</currency>
<nickname>22vidi22</nickname>
<gamecount>21</gamecount>
<startdate>2026-01-15 08:16:14</startdate>
<place>2</place>
<win>€0</win>
<tablesize>3</tablesize>
</general>
<game gamecode="6595381692"><general>
<startdate>2026-01-15 08:16:29</startdate>
<round>1</round>
<failsafecounter/>
<players><player seat="10" name="22vidi22" chips="500" dealer="0" win="0" bet="60" muck="1" rebuy="0" addon="0" merge="0" rebuychips="0" reg_code="5089489528"/>
<player seat="3" name="Zeeria" chips="500" dealer="1" win="0" bet="0" muck="1" rebuy="0" addon="0" merge="0" rebuychips="0" reg_code="5089489359"/>
<player seat="6" name="Ankalaev" chips="500" dealer="0" win="120" bet="500" muck="1" rebuy="0" addon="0" merge="0" rebuychips="0" reg_code="5089489377"/>
</players>
</general>
<round no="0"><action no="1" player="Ankalaev" type="1" discard="1" dealt="1" sum="10"/>
<action no="2" player="22vidi22" type="2" sum="20"/>
</round>
<round no="1"><cards type="Pocket" player="22vidi22">DQ D9</cards>
<cards type="Pocket" player="Zeeria">X X</cards>
<cards type="Pocket" player="Ankalaev">X X</cards>
<action no="3" player="Zeeria" type="0" discard="1" dealt="1" sum="0"/>
<action no="4" player="Ankalaev" type="3" discard="1" dealt="1" sum="10"/>
<action no="5" player="22vidi22" type="23" sum="60"/>
<action no="6" player="Ankalaev" type="23" discard="1" dealt="1" sum="500"/>
<action no="7" player="22vidi22" type="0" sum="0"/>
</round>
</game>
<game gamecode="6595381725"><general>
<startdate>2026-01-15 08:16:45</startdate>
<round>1</round>
<failsafecounter/>
<players><player seat="3" name="Zeeria" chips="500" dealer="0" win="0" bet="40" muck="1" rebuy="0" addon="0" merge="0" rebuychips="0" reg_code="5089489359"/>
<player seat="6" name="Ankalaev" chips="560" dealer="1" win="90" bet="103" muck="1" rebuy="0" addon="0" merge="0" rebuychips="0" reg_code="5089489377"/>
<player seat="10" name="22vidi22" chips="440" dealer="0" win="0" bet="10" muck="1" rebuy="0" addon="0" merge="0" rebuychips="0" reg_code="5089489528"/>
</players>
</general>
<round no="0"><action no="1" player="22vidi22" type="1" sum="10"/>
<action no="2" player="Zeeria" type="2" discard="1" dealt="1" sum="20"/>
</round>
<round no="1"><cards type="Pocket" player="Ankalaev">X X</cards>
<cards type="Pocket" player="22vidi22">D2 H4</cards>
<cards type="Pocket" player="Zeeria">X X</cards>
<action no="3" player="Ankalaev" type="23" discard="1" dealt="1" sum="40"/>
<action no="4" player="22vidi22" type="0" sum="0"/>
<action no="5" player="Zeeria" type="3" discard="1" dealt="1" sum="20"/>
</round>
<round no="2"><cards type="Flop">C3 H2 H8</cards>
<action no="6" player="Zeeria" type="4" discard="1" dealt="1" sum="0"/>
<action no="7" player="Ankalaev" type="5" discard="1" dealt="1" sum="63"/>
<action no="8" player="Zeeria" type="0" discard="1" dealt="1" sum="0"/>
</round>
</game>
<game gamecode="6595381761"><general>
<startdate>2026-01-15 08:17:06</startdate>
<round>1</round>
<failsafecounter/>
<players><player seat="6" name="Ankalaev" chips="610" dealer="0" win="0" bet="60" muck="1" rebuy="0" addon="0" merge="0" rebuychips="0" reg_code="5089489377"/>
<player seat="10" name="22vidi22" chips="430" dealer="1" win="130" bet="220" muck="1" rebuy="0" addon="0" merge="0" rebuychips="0" reg_code="5089489528"/>
<player seat="3" name="Zeeria" chips="460" dealer="0" win="0" bet="10" muck="1" rebuy="0" addon="0" merge="0" rebuychips="0" reg_code="5089489359"/>
</players>
</general>
<round no="0"><action no="1" player="Zeeria" type="1" discard="1" dealt="1" sum="10"/>
<action no="2" player="Ankalaev" type="2" discard="1" dealt="1" sum="20"/>
</round>
<round no="1"><cards type="Pocket" player="22vidi22">HK H10</cards>
<cards type="Pocket" player="Zeeria">X X</cards>
<cards type="Pocket" player="Ankalaev">X X</cards>
<action no="3" player="22vidi22" type="23" sum="40"/>
<action no="4" player="Zeeria" type="0" discard="1" dealt="1" sum="0"/>
<action no="5" player="Ankalaev" type="3" discard="1" dealt="1" sum="20"/>
</round>
<round no="2"><cards type="Flop">H8 SJ S7</cards>
<action no="6" player="Ankalaev" type="4" discard="1" dealt="1" sum="0"/>
<action no="7" player="22vidi22" type="5" sum="20"/>
<action no="8" player="Ankalaev" type="3" discard="1" dealt="1" sum="20"/>
</round>
<round no="3"><cards type="Turn">HQ</cards>
<action no="9" player="Ankalaev" type="4" discard="1" dealt="1" sum="0"/>
<action no="10" player="22vidi22" type="5" sum="160"/>
<action no="11" player="Ankalaev" type="0" discard="1" dealt="1" sum="0"/>
</round>
</game>
<game gamecode="6595381797"><general>
<startdate>2026-01-15 08:17:27</startdate>
<round>1</round>
<failsafecounter/>
<players><player seat="10" name="22vidi22" chips="500" dealer="0" win="314" bet="500" muck="1" rebuy="0" addon="0" merge="0" rebuychips="0" reg_code="5089489528"/>
<player seat="3" name="Zeeria" chips="450" dealer="1" win="0" bet="152" muck="1" rebuy="0" addon="0" merge="0" rebuychips="0" reg_code="5089489359"/>
<player seat="6" name="Ankalaev" chips="550" dealer="0" win="0" bet="10" muck="1" rebuy="0" addon="0" merge="0" rebuychips="0" reg_code="5089489377"/>
</players>
</general>
<round no="0"><action no="1" player="Ankalaev" type="1" discard="1" dealt="1" sum="10"/>
<action no="2" player="22vidi22" type="2" sum="20"/>
</round>
<round no="1"><cards type="Pocket" player="22vidi22">CK DJ</cards>
<cards type="Pocket" player="Ankalaev">X X</cards>
<cards type="Pocket" player="Zeeria">X X</cards>
<action no="3" player="Zeeria" type="23" discard="1" dealt="1" sum="40"/>
<action no="4" player="Ankalaev" type="0" discard="1" dealt="1" sum="0"/>
<action no="5" player="22vidi22" type="3" sum="20"/>
</round>
<round no="2"><cards type="Flop">SA D2 D8</cards>
<action no="6" player="22vidi22" type="4" sum="0"/>
<action no="7" player="Zeeria" type="5" discard="1" dealt="1" sum="20"/>
<action no="8" player="22vidi22" type="3" sum="20"/>
</round>
<round no="3"><cards type="Turn">D7</cards>
<action no="9" player="22vidi22" type="4" sum="0"/>
<action no="10" player="Zeeria" type="4" discard="1" dealt="1" sum="0"/>
</round>
<round no="4"><cards type="River">S3</cards>
<action no="11" player="22vidi22" type="4" sum="0"/>
<action no="12" player="Zeeria" type="5" discard="1" dealt="1" sum="92"/>
<action no="13" player="22vidi22" type="23" sum="440"/>
<action no="14" player="Zeeria" type="0" discard="1" dealt="1" sum="0"/>
</round>
</game>
<game gamecode="6595381870"><general>
<startdate>2026-01-15 08:18:12</startdate>
<round>1</round>
<failsafecounter/>
<players><player seat="3" name="Zeeria" chips="298" dealer="0" win="0" bet="20" muck="1" rebuy="0" addon="0" merge="0" rebuychips="0" reg_code="5089489359"/>
<player seat="6" name="Ankalaev" chips="540" dealer="1" win="0" bet="0" muck="1" rebuy="0" addon="0" merge="0" rebuychips="0" reg_code="5089489377"/>
<player seat="10" name="22vidi22" chips="662" dealer="0" win="40" bet="662" muck="1" rebuy="0" addon="0" merge="0" rebuychips="0" reg_code="5089489528"/>
</players>
</general>
<round no="0"><action no="1" player="22vidi22" type="1" sum="10"/>
<action no="2" player="Zeeria" type="2" discard="1" dealt="1" sum="20"/>
</round>
<round no="1"><cards type="Pocket" player="Ankalaev">X X</cards>
<cards type="Pocket" player="Zeeria">X X</cards>
<cards type="Pocket" player="22vidi22">H9 CK</cards>
<action no="3" player="Ankalaev" type="0" discard="1" dealt="1" sum="0"/>
<action no="4" player="22vidi22" type="23" sum="662"/>
<action no="5" player="Zeeria" type="0" discard="1" dealt="1" sum="0"/>
</round>
</game>
<game gamecode="6595381885"><general>
<startdate>2026-01-15 08:18:21</startdate>
<round>1</round>
<failsafecounter/>
<players><player seat="6" name="Ankalaev" chips="540" dealer="0" win="20" bet="20" muck="1" rebuy="0" addon="0" merge="0" rebuychips="0" reg_code="5089489377"/>
<player seat="10" name="22vidi22" chips="682" dealer="1" win="0" bet="0" muck="1" rebuy="0" addon="0" merge="0" rebuychips="0" reg_code="5089489528"/>
<player seat="3" name="Zeeria" chips="278" dealer="0" win="0" bet="10" muck="1" rebuy="0" addon="0" merge="0" rebuychips="0" reg_code="5089489359"/>
</players>
</general>
<round no="0"><action no="1" player="Zeeria" type="1" discard="1" dealt="1" sum="10"/>
<action no="2" player="Ankalaev" type="2" discard="1" dealt="1" sum="20"/>
</round>
<round no="1"><cards type="Pocket" player="Ankalaev">X X</cards>
<cards type="Pocket" player="Zeeria">X X</cards>
<cards type="Pocket" player="22vidi22">C5 DQ</cards>
<action no="3" player="22vidi22" type="0" sum="0"/>
<action no="4" player="Zeeria" type="0" discard="1" dealt="1" sum="0"/>
</round>
</game>
<game gamecode="6595381895"><general>
<startdate>2026-01-15 08:18:29</startdate>
<round>1</round>
<failsafecounter/>
<players><player seat="10" name="22vidi22" chips="682" dealer="0" win="0" bet="35" muck="1" rebuy="0" addon="0" merge="0" rebuychips="0" reg_code="5089489528"/>
<player seat="3" name="Zeeria" chips="268" dealer="1" win="90" bet="268" muck="1" rebuy="0" addon="0" merge="0" rebuychips="0" reg_code="5089489359"/>
<player seat="6" name="Ankalaev" chips="550" dealer="0" win="0" bet="20" muck="1" rebuy="0" addon="0" merge="0" rebuychips="0" reg_code="5089489377"/>
</players>
</general>
<round no="0"><action no="1" player="Ankalaev" type="15" discard="1" dealt="1" sum="5"/>
<action no="2" player="22vidi22" type="15" sum="5"/>
<action no="3" player="Zeeria" type="15" discard="1" dealt="1" sum="5"/>
<action no="4" player="Ankalaev" type="1" discard="1" dealt="1" sum="15"/>
<action no="5" player="22vidi22" type="2" sum="30"/>
</round>
<round no="1"><cards type="Pocket" player="Ankalaev">X X</cards>
<cards type="Pocket" player="Zeeria">X X</cards>
<cards type="Pocket" player="22vidi22">H3 CQ</cards>
<action no="6" player="Zeeria" type="23" discard="1" dealt="1" sum="263"/>
<action no="7" player="Ankalaev" type="0" discard="1" dealt="1" sum="0"/>
<action no="8" player="22vidi22" type="0" sum="0"/>
</round>
</game>
<game gamecode="6595381909"><general>
<startdate>2026-01-15 08:18:39</startdate>
<round>1</round>
<failsafecounter/>
<players><player seat="3" name="Zeeria" chips="323" dealer="0" win="0" bet="35" muck="1" rebuy="0" addon="0" merge="0" rebuychips="0" reg_code="5089489359"/>
<player seat="6" name="Ankalaev" chips="530" dealer="1" win="0" bet="5" muck="1" rebuy="0" addon="0" merge="0" rebuychips="0" reg_code="5089489377"/>
<player seat="10" name="22vidi22" chips="647" dealer="0" win="75" bet="65" muck="1" rebuy="0" addon="0" merge="0" rebuychips="0" reg_code="5089489528"/>
</players>
</general>
<round no="0"><action no="1" player="22vidi22" type="15" sum="5"/>
<action no="2" player="Zeeria" type="15" discard="1" dealt="1" sum="5"/>
<action no="3" player="Ankalaev" type="15" discard="1" dealt="1" sum="5"/>
<action no="4" player="22vidi22" type="1" sum="15"/>
<action no="5" player="Zeeria" type="2" discard="1" dealt="1" sum="30"/>
</round>
<round no="1"><cards type="Pocket" player="Ankalaev">X X</cards>
<cards type="Pocket" player="22vidi22">C7 SJ</cards>
<cards type="Pocket" player="Zeeria">X X</cards>
<action no="6" player="Ankalaev" type="0" discard="1" dealt="1" sum="0"/>
<action no="7" player="22vidi22" type="3" sum="15"/>
<action no="8" player="Zeeria" type="4" discard="1" dealt="1" sum="0"/>
</round>
<round no="2"><cards type="Flop">DA C3 SA</cards>
<action no="9" player="22vidi22" type="5" sum="30"/>
<action no="10" player="Zeeria" type="0" discard="1" dealt="1" sum="0"/>
</round>
</game>
<game gamecode="6595381938"><general>
<startdate>2026-01-15 08:18:55</startdate>
<round>1</round>
<failsafecounter/>
<players><player seat="6" name="Ankalaev" chips="525" dealer="0" win="581" bet="288" muck="0" rebuy="0" addon="0" merge="0" rebuychips="0" reg_code="5089489377"/>
<player seat="10" name="22vidi22" chips="687" dealer="1" win="0" bet="5" muck="1" rebuy="0" addon="0" merge="0" rebuychips="0" reg_code="5089489528"/>
<player seat="3" name="Zeeria" chips="288" dealer="0" win="0" bet="288" muck="0" rebuy="0" addon="0" merge="0" rebuychips="0" reg_code="5089489359"/>
</players>
</general>
<round no="0"><action no="1" player="Zeeria" type="15" discard="1" dealt="1" sum="5"/>
<action no="2" player="Ankalaev" type="15" discard="1" dealt="1" sum="5"/>
<action no="3" player="22vidi22" type="15" sum="5"/>
<action no="4" player="Zeeria" type="1" discard="1" dealt="1" sum="15"/>
<action no="5" player="Ankalaev" type="2" discard="1" dealt="1" sum="30"/>
</round>
<round no="1"><cards type="Pocket" player="Zeeria">S2 SA</cards>
<cards type="Pocket" player="22vidi22">D6 C3</cards>
<cards type="Pocket" player="Ankalaev">DK CK</cards>
<action no="6" player="22vidi22" type="0" sum="0"/>
<action no="7" player="Zeeria" type="23" discard="1" dealt="1" sum="283"/>
<action no="8" player="Ankalaev" type="3" discard="1" dealt="1" sum="253"/>
</round>
<round no="2"><cards type="Flop">H3 HQ CJ</cards>
</round>
<round no="3"><cards type="Turn">D2</cards>
</round>
<round no="4"><cards type="River">H10</cards>
</round>
</game>
<game gamecode="6595381975"><general>
<startdate>2026-01-15 08:19:14</startdate>
<round>1</round>
<failsafecounter/>
<players><player seat="10" name="22vidi22" chips="682" dealer="0" win="0" bet="97" muck="1" rebuy="0" addon="0" merge="0" rebuychips="0" reg_code="5089489528"/>
<player seat="6" name="Ankalaev" chips="818" dealer="1" win="194" bet="194" muck="1" rebuy="0" addon="0" merge="0" rebuychips="0" reg_code="5089489377"/>
</players>
</general>
<round no="0"><action no="1" player="Ankalaev" type="15" discard="1" dealt="1" sum="5"/>
<action no="2" player="22vidi22" type="15" sum="5"/>
<action no="3" player="Ankalaev" type="1" discard="1" dealt="1" sum="15"/>
<action no="4" player="22vidi22" type="2" sum="30"/>
</round>
<round no="1"><cards type="Pocket" player="Ankalaev">X X</cards>
<cards type="Pocket" player="22vidi22">D7 S8</cards>
<action no="5" player="Ankalaev" type="23" discard="1" dealt="1" sum="60"/>
<action no="6" player="22vidi22" type="3" sum="30"/>
</round>
<round no="2"><cards type="Flop">S6 D2 SA</cards>
<action no="7" player="22vidi22" type="4" sum="0"/>
<action no="8" player="Ankalaev" type="5" discard="1" dealt="1" sum="32"/>
<action no="9" player="22vidi22" type="3" sum="32"/>
</round>
<round no="3"><cards type="Turn">SJ</cards>
<action no="10" player="22vidi22" type="4" sum="0"/>
<action no="11" player="Ankalaev" type="5" discard="1" dealt="1" sum="97"/>
<action no="12" player="22vidi22" type="0" sum="0"/>
</round>
</game>
<game gamecode="6595381996"><general>
<startdate>2026-01-15 08:19:29</startdate>
<round>1</round>
<failsafecounter/>
<players><player seat="6" name="Ankalaev" chips="915" dealer="0" win="0" bet="35" muck="1" rebuy="0" addon="0" merge="0" rebuychips="0" reg_code="5089489377"/>
<player seat="10" name="22vidi22" chips="585" dealer="1" win="70" bet="65" muck="1" rebuy="0" addon="0" merge="0" rebuychips="0" reg_code="5089489528"/>
</players>
</general>
<round no="0"><action no="1" player="22vidi22" type="15" sum="5"/>
<action no="2" player="Ankalaev" type="15" discard="1" dealt="1" sum="5"/>
<action no="3" player="22vidi22" type="1" sum="15"/>
<action no="4" player="Ankalaev" type="2" discard="1" dealt="1" sum="30"/>
</round>
<round no="1"><cards type="Pocket" player="Ankalaev">X X</cards>
<cards type="Pocket" player="22vidi22">H5 S5</cards>
<action no="5" player="22vidi22" type="3" sum="15"/>
<action no="6" player="Ankalaev" type="4" discard="1" dealt="1" sum="0"/>
</round>
<round no="2"><cards type="Flop">H2 C10 D5</cards>
<action no="7" player="Ankalaev" type="4" discard="1" dealt="1" sum="0"/>
<action no="8" player="22vidi22" type="5" sum="30"/>
<action no="9" player="Ankalaev" type="0" discard="1" dealt="1" sum="0"/>
</round>
</game>
<game gamecode="6595382029"><general>
<startdate>2026-01-15 08:19:45</startdate>
<round>1</round>
<failsafecounter/>
<players><player seat="10" name="22vidi22" chips="620" dealer="0" win="0" bet="35" muck="1" rebuy="0" addon="0" merge="0" rebuychips="0" reg_code="5089489528"/>
<player seat="6" name="Ankalaev" chips="880" dealer="1" win="70" bet="70" muck="1" rebuy="0" addon="0" merge="0" rebuychips="0" reg_code="5089489377"/>
</players>
</general>
<round no="0"><action no="1" player="Ankalaev" type="15" discard="1" dealt="1" sum="5"/>
<action no="2" player="22vidi22" type="15" sum="5"/>
<action no="3" player="Ankalaev" type="1" discard="1" dealt="1" sum="15"/>
<action no="4" player="22vidi22" type="2" sum="30"/>
</round>
<round no="1"><cards type="Pocket" player="Ankalaev">X X</cards>
<cards type="Pocket" player="22vidi22">D2 S5</cards>
<action no="5" player="Ankalaev" type="3" discard="1" dealt="1" sum="15"/>
<action no="6" player="22vidi22" type="4" sum="0"/>
</round>
<round no="2"><cards type="Flop">CJ C7 S6</cards>
<action no="7" player="22vidi22" type="4" sum="0"/>
<action no="8" player="Ankalaev" type="5" discard="1" dealt="1" sum="35"/>
<action no="9" player="22vidi22" type="0" sum="0"/>
</round>
</game>
<game gamecode="6595382044"><general>
<startdate>2026-01-15 08:19:55</startdate>
<round>1</round>
<failsafecounter/>
<players><player seat="6" name="Ankalaev" chips="915" dealer="0" win="40" bet="35" muck="1" rebuy="0" addon="0" merge="0" rebuychips="0" reg_code="5089489377"/>
<player seat="10" name="22vidi22" chips="585" dealer="1" win="0" bet="20" muck="1" rebuy="0" addon="0" merge="0" rebuychips="0" reg_code="5089489528"/>
</players>
</general>
<round no="0"><action no="1" player="22vidi22" type="15" sum="5"/>
<action no="2" player="Ankalaev" type="15" discard="1" dealt="1" sum="5"/>
<action no="3" player="22vidi22" type="1" sum="15"/>
<action no="4" player="Ankalaev" type="2" discard="1" dealt="1" sum="30"/>
</round>
<round no="1"><cards type="Pocket" player="Ankalaev">X X</cards>
<cards type="Pocket" player="22vidi22">C3 S6</cards>
<action no="5" player="22vidi22" type="0" sum="0"/>
</round>
</game>
<game gamecode="6595382054"><general>
<startdate>2026-01-15 08:20:00</startdate>
<round>1</round>
<failsafecounter/>
<players><player seat="10" name="22vidi22" chips="565" dealer="0" win="0" bet="122" muck="1" rebuy="0" addon="0" merge="0" rebuychips="0" reg_code="5089489528"/>
<player seat="6" name="Ankalaev" chips="935" dealer="1" win="244" bet="362" muck="1" rebuy="0" addon="0" merge="0" rebuychips="0" reg_code="5089489377"/>
</players>
</general>
<round no="0"><action no="1" player="Ankalaev" type="15" discard="1" dealt="1" sum="5"/>
<action no="2" player="22vidi22" type="15" sum="5"/>
<action no="3" player="Ankalaev" type="1" discard="1" dealt="1" sum="15"/>
<action no="4" player="22vidi22" type="2" sum="30"/>
</round>
<round no="1"><cards type="Pocket" player="22vidi22">H2 S6</cards>
<cards type="Pocket" player="Ankalaev">X X</cards>
<action no="5" player="Ankalaev" type="3" discard="1" dealt="1" sum="15"/>
<action no="6" player="22vidi22" type="4" sum="0"/>
</round>
<round no="2"><cards type="Flop">SK D8 CK</cards>
<action no="7" player="22vidi22" type="4" sum="0"/>
<action no="8" player="Ankalaev" type="5" discard="1" dealt="1" sum="35"/>
<action no="9" player="22vidi22" type="23" sum="87"/>
<action no="10" player="Ankalaev" type="3" discard="1" dealt="1" sum="52"/>
</round>
<round no="3"><cards type="Turn">D6</cards>
<action no="11" player="22vidi22" type="4" sum="0"/>
<action no="12" player="Ankalaev" type="4" discard="1" dealt="1" sum="0"/>
</round>
<round no="4"><cards type="River">C8</cards>
<action no="13" player="22vidi22" type="4" sum="0"/>
<action no="14" player="Ankalaev" type="5" discard="1" dealt="1" sum="240"/>
<action no="15" player="22vidi22" type="0" sum="0"/>
</round>
</game>
<game gamecode="6595382134"><general>
<startdate>2026-01-15 08:20:47</startdate>
<round>1</round>
<failsafecounter/>
<players><player seat="6" name="Ankalaev" chips="1,057" dealer="0" win="410" bet="205" muck="0" rebuy="0" addon="0" merge="0" rebuychips="0" reg_code="5089489377"/>
<player seat="10" name="22vidi22" chips="443" dealer="1" win="0" bet="205" muck="1" rebuy="0" addon="0" merge="0" rebuychips="0" reg_code="5089489528"/>
</players>
</general>
<round no="0"><action no="1" player="22vidi22" type="15" sum="5"/>
<action no="2" player="Ankalaev" type="15" discard="1" dealt="1" sum="5"/>
<action no="3" player="22vidi22" type="1" sum="20"/>
<action no="4" player="Ankalaev" type="2" discard="1" dealt="1" sum="40"/>
</round>
<round no="1"><cards type="Pocket" player="Ankalaev">H7 H5</cards>
<cards type="Pocket" player="22vidi22">D8 D5</cards>
<action no="5" player="22vidi22" type="3" sum="20"/>
<action no="6" player="Ankalaev" type="4" discard="1" dealt="1" sum="0"/>
</round>
<round no="2"><cards type="Flop">H8 H2 S6</cards>
<action no="7" player="Ankalaev" type="4" discard="1" dealt="1" sum="0"/>
<action no="8" player="22vidi22" type="5" sum="40"/>
<action no="9" player="Ankalaev" type="3" discard="1" dealt="1" sum="40"/>
</round>
<round no="3"><cards type="Turn">H4</cards>
<action no="10" player="Ankalaev" type="4" discard="1" dealt="1" sum="0"/>
<action no="11" player="22vidi22" type="4" sum="0"/>
</round>
<round no="4"><cards type="River">D7</cards>
<action no="12" player="Ankalaev" type="5" discard="1" dealt="1" sum="120"/>
<action no="13" player="22vidi22" type="3" sum="120"/>
</round>
</game>
<game gamecode="6595382174"><general>
<startdate>2026-01-15 08:21:10</startdate>
<round>1</round>
<failsafecounter/>
<players><player seat="10" name="22vidi22" chips="238" dealer="0" win="476" bet="238" muck="0" rebuy="0" addon="0" merge="0" rebuychips="0" reg_code="5089489528"/>
<player seat="6" name="Ankalaev" chips="1,262" dealer="1" win="0" bet="1,262" muck="1" rebuy="0" addon="0" merge="0" rebuychips="0" reg_code="5089489377"/>
</players>
</general>
<round no="0"><action no="1" player="Ankalaev" type="15" discard="1" dealt="1" sum="5"/>
<action no="2" player="22vidi22" type="15" sum="5"/>
<action no="3" player="Ankalaev" type="1" discard="1" dealt="1" sum="20"/>
<action no="4" player="22vidi22" type="2" sum="40"/>
</round>
<round no="1"><cards type="Pocket" player="22vidi22">CA C9</cards>
<cards type="Pocket" player="Ankalaev">D8 HK</cards>
<action no="5" player="Ankalaev" type="23" discard="1" dealt="1" sum="1,257"/>
<action no="6" player="22vidi22" type="7" sum="193"/>
</round>
<round no="2"><cards type="Flop">C2 D7 SA</cards>
</round>
<round no="3"><cards type="Turn">H8</cards>
</round>
<round no="4"><cards type="River">H4</cards>
</round>
</game>
<game gamecode="6595382203"><general>
<startdate>2026-01-15 08:21:26</startdate>
<round>1</round>
<failsafecounter/>
<players><player seat="6" name="Ankalaev" chips="1,024" dealer="0" win="50" bet="45" muck="1" rebuy="0" addon="0" merge="0" rebuychips="0" reg_code="5089489377"/>
<player seat="10" name="22vidi22" chips="476" dealer="1" win="0" bet="25" muck="1" rebuy="0" addon="0" merge="0" rebuychips="0" reg_code="5089489528"/>
</players>
</general>
<round no="0"><action no="1" player="22vidi22" type="15" sum="5"/>
<action no="2" player="Ankalaev" type="15" discard="1" dealt="1" sum="5"/>
<action no="3" player="22vidi22" type="1" sum="20"/>
<action no="4" player="Ankalaev" type="2" discard="1" dealt="1" sum="40"/>
</round>
<round no="1"><cards type="Pocket" player="Ankalaev">X X</cards>
<cards type="Pocket" player="22vidi22">S3 C2</cards>
<action no="5" player="22vidi22" type="0" sum="0"/>
</round>
</game>
<game gamecode="6595382212"><general>
<startdate>2026-01-15 08:21:31</startdate>
<round>1</round>
<failsafecounter/>
<players><player seat="10" name="22vidi22" chips="451" dealer="0" win="90" bet="451" muck="1" rebuy="0" addon="0" merge="0" rebuychips="0" reg_code="5089489528"/>
<player seat="6" name="Ankalaev" chips="1,049" dealer="1" win="0" bet="45" muck="1" rebuy="0" addon="0" merge="0" rebuychips="0" reg_code="5089489377"/>
</players>
</general>
<round no="0"><action no="1" player="Ankalaev" type="15" discard="1" dealt="1" sum="5"/>
<action no="2" player="22vidi22" type="15" sum="5"/>
<action no="3" player="Ankalaev" type="1" discard="1" dealt="1" sum="20"/>
<action no="4" player="22vidi22" type="2" sum="40"/>
</round>
<round no="1"><cards type="Pocket" player="Ankalaev">X X</cards>
<cards type="Pocket" player="22vidi22">S10 DA</cards>
<action no="5" player="Ankalaev" type="3" discard="1" dealt="1" sum="20"/>
<action no="6" player="22vidi22" type="23" sum="446"/>
<action no="7" player="Ankalaev" type="0" discard="1" dealt="1" sum="0"/>
</round>
</game>
<game gamecode="6595382242"><general>
<startdate>2026-01-15 08:21:46</startdate>
<round>1</round>
<failsafecounter/>
<players><player seat="6" name="Ankalaev" chips="1,004" dealer="0" win="130" bet="130" muck="0" rebuy="0" addon="0" merge="0" rebuychips="0" reg_code="5089489377"/>
<player seat="10" name="22vidi22" chips="496" dealer="1" win="130" bet="130" muck="0" rebuy="0" addon="0" merge="0" rebuychips="0" reg_code="5089489528"/>
</players>
</general>
<round no="0"><action no="1" player="22vidi22" type="15" sum="5"/>
<action no="2" player="Ankalaev" type="15" discard="1" dealt="1" sum="5"/>
<action no="3" player="22vidi22" type="1" sum="20"/>
<action no="4" player="Ankalaev" type="2" discard="1" dealt="1" sum="40"/>
</round>
<round no="1"><cards type="Pocket" player="22vidi22">DJ DK</cards>
<cards type="Pocket" player="Ankalaev">HK H2</cards>
<action no="5" player="22vidi22" type="3" sum="20"/>
<action no="6" player="Ankalaev" type="4" discard="1" dealt="1" sum="0"/>
</round>
<round no="2"><cards type="Flop">SQ H10 S10</cards>
<action no="7" player="Ankalaev" type="4" discard="1" dealt="1" sum="0"/>
<action no="8" player="22vidi22" type="5" sum="40"/>
<action no="9" player="Ankalaev" type="3" discard="1" dealt="1" sum="40"/>
</round>
<round no="3"><cards type="Turn">H3</cards>
<action no="10" player="Ankalaev" type="5" discard="1" dealt="1" sum="45"/>
<action no="11" player="22vidi22" type="3" sum="45"/>
</round>
<round no="4"><cards type="River">D3</cards>
<action no="12" player="Ankalaev" type="4" discard="1" dealt="1" sum="0"/>
<action no="13" player="22vidi22" type="4" sum="0"/>
</round>
</game>
<game gamecode="6595382289"><general>
<startdate>2026-01-15 08:22:12</startdate>
<round>1</round>
<failsafecounter/>
<players><player seat="10" name="22vidi22" chips="496" dealer="0" win="0" bet="45" muck="1" rebuy="0" addon="0" merge="0" rebuychips="0" reg_code="5089489528"/>
<player seat="6" name="Ankalaev" chips="1,004" dealer="1" win="90" bet="90" muck="1" rebuy="0" addon="0" merge="0" rebuychips="0" reg_code="5089489377"/>
</players>
</general>
<round no="0"><action no="1" player="Ankalaev" type="15" discard="1" dealt="1" sum="5"/>
<action no="2" player="22vidi22" type="15" sum="5"/>
<action no="3" player="Ankalaev" type="1" discard="1" dealt="1" sum="20"/>
<action no="4" player="22vidi22" type="2" sum="40"/>
</round>
<round no="1"><cards type="Pocket" player="Ankalaev">X X</cards>
<cards type="Pocket" player="22vidi22">S3 CQ</cards>
<action no="5" player="Ankalaev" type="3" discard="1" dealt="1" sum="20"/>
<action no="6" player="22vidi22" type="4" sum="0"/>
</round>
<round no="2"><cards type="Flop">D8 SK S5</cards>
<action no="7" player="22vidi22" type="4" sum="0"/>
<action no="8" player="Ankalaev" type="5" discard="1" dealt="1" sum="45"/>
<action no="9" player="22vidi22" type="0" sum="0"/>
</round>
</game>
<game gamecode="6595382336"><general>
<startdate>2026-01-15 08:22:33</startdate>
<round>1</round>
<failsafecounter/>
<players><player seat="6" name="Ankalaev" chips="1,049" dealer="0" win="902" bet="451" muck="0" rebuy="0" addon="0" merge="0" rebuychips="0" reg_code="5089489377"/>
<player seat="10" name="22vidi22" chips="451" dealer="1" win="0" bet="451" muck="0" rebuy="0" addon="0" merge="0" rebuychips="0" reg_code="5089489528"/>
</players>
</general>
<round no="0"><action no="1" player="22vidi22" type="15" sum="5"/>
<action no="2" player="Ankalaev" type="15" discard="1" dealt="1" sum="5"/>
<action no="3" player="22vidi22" type="1" sum="30"/>
<action no="4" player="Ankalaev" type="2" discard="1" dealt="1" sum="60"/>
</round>
<round no="1"><cards type="Pocket" player="22vidi22">SK C5</cards>
<cards type="Pocket" player="Ankalaev">S8 HA</cards>
<action no="5" player="22vidi22" type="23" sum="446"/>
<action no="6" player="Ankalaev" type="3" discard="1" dealt="1" sum="386"/>
</round>
<round no="2"><cards type="Flop">D2 S2 H6</cards>
</round>
<round no="3"><cards type="Turn">D3</cards>
</round>
<round no="4"><cards type="River">S3</cards>
</round>
</game>
</session>
