<?xml version="1.0" encoding="UTF-8"?>
<session sessioncode="5089543802">
<general>
<client_version>24.7.1.15</client_version>
<mode>real</mode>
<gametype>Holdem NL</gametype>
<tablename>Twister €100 SNG, 826523355</tablename>
<tournamentcode>826523354</tournamentcode>
<tournamentname>Twister €100 SNG</tournamentname>
<buyin>€0 + €7 + €93</buyin>
<totalbuyin>€100</totalbuyin>
<rewarddrawn>€500</rewarddrawn>
<tournamentcurrency>EUR</tournamentcurrency>
<currency>EUR</currency>
<nickname>22vidi22</nickname>
<gamecount>15</gamecount>
<startdate>2026-01-15 14:30:48</startdate>
<place>2</place>
<win>€0</win>
<tablesize>3</tablesize>
</general>
<game gamecode="6595605682"><general>
<startdate>2026-01-15 14:31:04</startdate>
<round>1</round>
<failsafecounter/>
<players><player seat="3" name="Cornodimucca" chips="500" dealer="0" win="0" bet="20" muck="1" rebuy="0" addon="0" merge="0" rebuychips="0" reg_code="5089543284"/>
<player seat="6" name="Gigisz91" chips="500" dealer="1" win="50" bet="80" muck="1" rebuy="0" addon="0" merge="0" rebuychips="0" reg_code="5089543696"/>
<player seat="10" name="22vidi22" chips="500" dealer="0" win="0" bet="10" muck="1" rebuy="0" addon="0" merge="0" rebuychips="0" reg_code="5089543802"/>
</players>
</general>
<round no="0"><action no="1" player="22vidi22" type="1" sum="10"/>
<action no="2" player="Cornodimucca" type="2" discard="1" dealt="1" sum="20"/>
</round>
<round no="1"><cards type="Pocket" player="Gigisz91">X X</cards>
<cards type="Pocket" player="Cornodimucca">X X</cards>
<cards type="Pocket" player="22vidi22">D2 D5</cards>
<action no="3" player="Gigisz91" type="23" discard="1" dealt="1" sum="80"/>
<action no="4" player="22vidi22" type="0" sum="0"/>
<action no="5" player="Cornodimucca" type="0" discard="1" dealt="1" sum="0"/>
</round>
</game>
<game gamecode="6595605762"><general>
<startdate>2026-01-15 14:31:17</startdate>
<round>1</round>
<failsafecounter/>
<players><player seat="6" name="Gigisz91" chips="530" dealer="0" win="0" bet="20" muck="1" rebuy="0" addon="0" merge="0" rebuychips="0" reg_code="5089543696"/>
<player seat="10" name="22vidi22" chips="490" dealer="1" win="0" bet="0" muck="1" rebuy="0" addon="0" merge="0" rebuychips="0" reg_code="5089543802"/>
<player seat="3" name="Cornodimucca" chips="480" dealer="0" win="40" bet="60" muck="1" rebuy="0" addon="0" merge="0" rebuychips="0" reg_code="5089543284"/>
</players>
</general>
<round no="0"><action no="1" player="Cornodimucca" type="1" discard="1" dealt="1" sum="10"/>
<action no="2" player="Gigisz91" type="2" discard="1" dealt="1" sum="20"/>
</round>
<round no="1"><cards type="Pocket" player="22vidi22">HJ D8</cards>
<cards type="Pocket" player="Gigisz91">X X</cards>
<cards type="Pocket" player="Cornodimucca">X X</cards>
<action no="3" player="22vidi22" type="0" sum="0"/>
<action no="4" player="Cornodimucca" type="23" discard="1" dealt="1" sum="60"/>
<action no="5" player="Gigisz91" type="0" discard="1" dealt="1" sum="0"/>
</round>
</game>
<game gamecode="6595605828"><general>
<startdate>2026-01-15 14:31:30</startdate>
<round>1</round>
<failsafecounter/>
<players><player seat="10" name="22vidi22" chips="490" dealer="0" win="20" bet="20" muck="1" rebuy="0" addon="0" merge="0" rebuychips="0" reg_code="5089543802"/>
<player seat="3" name="Cornodimucca" chips="500" dealer="1" win="0" bet="0" muck="1" rebuy="0" addon="0" merge="0" rebuychips="0" reg_code="5089543284"/>
<player seat="6" name="Gigisz91" chips="510" dealer="0" win="0" bet="10" muck="1" rebuy="0" addon="0" merge="0" rebuychips="0" reg_code="5089543696"/>
</players>
</general>
<round no="0"><action no="1" player="Gigisz91" type="1" discard="1" dealt="1" sum="10"/>
<action no="2" player="22vidi22" type="2" sum="20"/>
</round>
<round no="1"><cards type="Pocket" player="Cornodimucca">X X</cards>
<cards type="Pocket" player="22vidi22">DK S7</cards>
<cards type="Pocket" player="Gigisz91">X X</cards>
<action no="3" player="Cornodimucca" type="0" discard="1" dealt="1" sum="0"/>
<action no="4" player="Gigisz91" type="0" discard="1" dealt="1" sum="0"/>
</round>
</game>
<game gamecode="6595605873"><general>
<startdate>2026-01-15 14:31:36</startdate>
<round>1</round>
<failsafecounter/>
<players><player seat="3" name="Cornodimucca" chips="500" dealer="0" win="40" bet="50" muck="1" rebuy="0" addon="0" merge="0" rebuychips="0" reg_code="5089543284"/>
<player seat="6" name="Gigisz91" chips="500" dealer="1" win="0" bet="0" muck="1" rebuy="0" addon="0" merge="0" rebuychips="0" reg_code="5089543696"/>
<player seat="10" name="22vidi22" chips="500" dealer="0" win="0" bet="20" muck="1" rebuy="0" addon="0" merge="0" rebuychips="0" reg_code="5089543802"/>
</players>
</general>
<round no="0"><action no="1" player="22vidi22" type="1" sum="10"/>
<action no="2" player="Cornodimucca" type="2" discard="1" dealt="1" sum="20"/>
</round>
<round no="1"><cards type="Pocket" player="Cornodimucca">X X</cards>
<cards type="Pocket" player="Gigisz91">X X</cards>
<cards type="Pocket" player="22vidi22">SA C7</cards>
<action no="3" player="Gigisz91" type="0" discard="1" dealt="1" sum="0"/>
<action no="4" player="22vidi22" type="3" sum="10"/>
<action no="5" player="Cornodimucca" type="4" discard="1" dealt="1" sum="0"/>
</round>
<round no="2"><cards type="Flop">DJ D10 HJ</cards>
<action no="6" player="22vidi22" type="4" sum="0"/>
<action no="7" player="Cornodimucca" type="5" discard="1" dealt="1" sum="30"/>
<action no="8" player="22vidi22" type="0" sum="0"/>
</round>
</game>
<game gamecode="6595605967"><general>
<startdate>2026-01-15 14:31:55</startdate>
<round>1</round>
<failsafecounter/>
<players><player seat="6" name="Gigisz91" chips="500" dealer="0" win="20" bet="20" muck="1" rebuy="0" addon="0" merge="0" rebuychips="0" reg_code="5089543696"/>
<player seat="10" name="22vidi22" chips="480" dealer="1" win="0" bet="0" muck="1" rebuy="0" addon="0" merge="0" rebuychips="0" reg_code="5089543802"/>
<player seat="3" name="Cornodimucca" chips="520" dealer="0" win="0" bet="10" muck="1" rebuy="0" addon="0" merge="0" rebuychips="0" reg_code="5089543284"/>
</players>
</general>
<round no="0"><action no="1" player="Cornodimucca" type="1" discard="1" dealt="1" sum="10"/>
<action no="2" player="Gigisz91" type="2" discard="1" dealt="1" sum="20"/>
</round>
<round no="1"><cards type="Pocket" player="22vidi22">D7 SK</cards>
<cards type="Pocket" player="Cornodimucca">X X</cards>
<cards type="Pocket" player="Gigisz91">X X</cards>
<action no="3" player="22vidi22" type="0" sum="0"/>
<action no="4" player="Cornodimucca" type="0" discard="1" dealt="1" sum="0"/>
</round>
</game>
<game gamecode="6595606030"><general>
<startdate>2026-01-15 14:32:04</startdate>
<round>1</round>
<failsafecounter/>
<players><player seat="10" name="22vidi22" chips="480" dealer="0" win="0" bet="20" muck="1" rebuy="0" addon="0" merge="0" rebuychips="0" reg_code="5089543802"/>
<player seat="3" name="Cornodimucca" chips="510" dealer="1" win="50" bet="40" muck="1" rebuy="0" addon="0" merge="0" rebuychips="0" reg_code="5089543284"/>
<player seat="6" name="Gigisz91" chips="510" dealer="0" win="0" bet="10" muck="1" rebuy="0" addon="0" merge="0" rebuychips="0" reg_code="5089543696"/>
</players>
</general>
<round no="0"><action no="1" player="Gigisz91" type="1" discard="1" dealt="1" sum="10"/>
<action no="2" player="22vidi22" type="2" sum="20"/>
</round>
<round no="1"><cards type="Pocket" player="Gigisz91">X X</cards>
<cards type="Pocket" player="Cornodimucca">X X</cards>
<cards type="Pocket" player="22vidi22">CQ S5</cards>
<action no="3" player="Cornodimucca" type="23" discard="1" dealt="1" sum="40"/>
<action no="4" player="Gigisz91" type="0" discard="1" dealt="1" sum="0"/>
<action no="5" player="22vidi22" type="0" sum="0"/>
</round>
</game>
<game gamecode="6595606091"><general>
<startdate>2026-01-15 14:32:14</startdate>
<round>1</round>
<failsafecounter/>
<players><player seat="3" name="Cornodimucca" chips="540" dealer="0" win="20" bet="20" muck="1" rebuy="0" addon="0" merge="0" rebuychips="0" reg_code="5089543284"/>
<player seat="6" name="Gigisz91" chips="500" dealer="1" win="0" bet="0" muck="1" rebuy="0" addon="0" merge="0" rebuychips="0" reg_code="5089543696"/>
<player seat="10" name="22vidi22" chips="460" dealer="0" win="0" bet="10" muck="1" rebuy="0" addon="0" merge="0" rebuychips="0" reg_code="5089543802"/>
</players>
</general>
<round no="0"><action no="1" player="22vidi22" type="1" sum="10"/>
<action no="2" player="Cornodimucca" type="2" discard="1" dealt="1" sum="20"/>
</round>
<round no="1"><cards type="Pocket" player="Cornodimucca">X X</cards>
<cards type="Pocket" player="Gigisz91">X X</cards>
<cards type="Pocket" player="22vidi22">C10 S2</cards>
<action no="3" player="Gigisz91" type="0" discard="1" dealt="1" sum="0"/>
<action no="4" player="22vidi22" type="0" sum="0"/>
</round>
</game>
<game gamecode="6595606126"><general>
<startdate>2026-01-15 14:32:20</startdate>
<round>1</round>
<failsafecounter/>
<players><player seat="6" name="Gigisz91" chips="500" dealer="0" win="0" bet="60" muck="1" rebuy="0" addon="0" merge="0" rebuychips="0" reg_code="5089543696"/>
<player seat="10" name="22vidi22" chips="450" dealer="1" win="130" bet="190" muck="1" rebuy="0" addon="0" merge="0" rebuychips="0" reg_code="5089543802"/>
<player seat="3" name="Cornodimucca" chips="550" dealer="0" win="0" bet="10" muck="1" rebuy="0" addon="0" merge="0" rebuychips="0" reg_code="5089543284"/>
</players>
</general>
<round no="0"><action no="1" player="Cornodimucca" type="1" discard="1" dealt="1" sum="10"/>
<action no="2" player="Gigisz91" type="2" discard="1" dealt="1" sum="20"/>
</round>
<round no="1"><cards type="Pocket" player="Cornodimucca">X X</cards>
<cards type="Pocket" player="22vidi22">D4 S4</cards>
<cards type="Pocket" player="Gigisz91">X X</cards>
<action no="3" player="22vidi22" type="23" sum="40"/>
<action no="4" player="Cornodimucca" type="0" discard="1" dealt="1" sum="0"/>
<action no="5" player="Gigisz91" type="3" discard="1" dealt="1" sum="20"/>
</round>
<round no="2"><cards type="Flop">H10 HA D7</cards>
<action no="6" player="Gigisz91" type="4" discard="1" dealt="1" sum="0"/>
<action no="7" player="22vidi22" type="5" sum="20"/>
<action no="8" player="Gigisz91" type="3" discard="1" dealt="1" sum="20"/>
</round>
<round no="3"><cards type="Turn">DJ</cards>
<action no="9" player="Gigisz91" type="4" discard="1" dealt="1" sum="0"/>
<action no="10" player="22vidi22" type="5" sum="130"/>
<action no="11" player="Gigisz91" type="0" discard="1" dealt="1" sum="0"/>
</round>
</game>
<game gamecode="6595606262"><general>
<startdate>2026-01-15 14:32:42</startdate>
<round>1</round>
<failsafecounter/>
<players><player seat="10" name="22vidi22" chips="520" dealer="0" win="0" bet="20" muck="1" rebuy="0" addon="0" merge="0" rebuychips="0" reg_code="5089543802"/>
<player seat="3" name="Cornodimucca" chips="540" dealer="1" win="0" bet="0" muck="1" rebuy="0" addon="0" merge="0" rebuychips="0" reg_code="5089543284"/>
<player seat="6" name="Gigisz91" chips="440" dealer="0" win="40" bet="80" muck="1" rebuy="0" addon="0" merge="0" rebuychips="0" reg_code="5089543696"/>
</players>
</general>
<round no="0"><action no="1" player="Gigisz91" type="1" discard="1" dealt="1" sum="10"/>
<action no="2" player="22vidi22" type="2" sum="20"/>
</round>
<round no="1"><cards type="Pocket" player="Cornodimucca">X X</cards>
<cards type="Pocket" player="Gigisz91">X X</cards>
<cards type="Pocket" player="22vidi22">DQ D6</cards>
<action no="3" player="Cornodimucca" type="0" discard="1" dealt="1" sum="0"/>
<action no="4" player="Gigisz91" type="23" discard="1" dealt="1" sum="80"/>
<action no="5" player="22vidi22" type="0" sum="0"/>
</round>
</game>
<game gamecode="6595606322"><general>
<startdate>2026-01-15 14:32:50</startdate>
<round>1</round>
<failsafecounter/>
<players><player seat="3" name="Cornodimucca" chips="540" dealer="0" win="80" bet="80" muck="1" rebuy="0" addon="0" merge="0" rebuychips="0" reg_code="5089543284"/>
<player seat="6" name="Gigisz91" chips="460" dealer="1" win="0" bet="0" muck="1" rebuy="0" addon="0" merge="0" rebuychips="0" reg_code="5089543696"/>
<player seat="10" name="22vidi22" chips="500" dealer="0" win="0" bet="40" muck="1" rebuy="0" addon="0" merge="0" rebuychips="0" reg_code="5089543802"/>
</players>
</general>
<round no="0"><action no="1" player="22vidi22" type="1" sum="10"/>
<action no="2" player="Cornodimucca" type="2" discard="1" dealt="1" sum="20"/>
</round>
<round no="1"><cards type="Pocket" player="Gigisz91">X X</cards>
<cards type="Pocket" player="22vidi22">CQ C10</cards>
<cards type="Pocket" player="Cornodimucca">X X</cards>
<action no="3" player="Gigisz91" type="0" discard="1" dealt="1" sum="0"/>
<action no="4" player="22vidi22" type="3" sum="10"/>
<action no="5" player="Cornodimucca" type="4" discard="1" dealt="1" sum="0"/>
</round>
<round no="2"><cards type="Flop">D2 C8 HA</cards>
<action no="6" player="22vidi22" type="4" sum="0"/>
<action no="7" player="Cornodimucca" type="5" discard="1" dealt="1" sum="20"/>
<action no="8" player="22vidi22" type="3" sum="20"/>
</round>
<round no="3"><cards type="Turn">H9</cards>
<action no="9" player="22vidi22" type="4" sum="0"/>
<action no="10" player="Cornodimucca" type="5" discard="1" dealt="1" sum="40"/>
<action no="11" player="22vidi22" type="0" sum="0"/>
</round>
</game>
<game gamecode="6595606442"><general>
<startdate>2026-01-15 14:33:09</startdate>
<round>1</round>
<failsafecounter/>
<players><player seat="6" name="Gigisz91" chips="460" dealer="0" win="0" bet="460" muck="0" rebuy="0" addon="0" merge="0" rebuychips="0" reg_code="5089543696"/>
<player seat="10" name="22vidi22" chips="460" dealer="1" win="0" bet="5" muck="1" rebuy="0" addon="0" merge="0" rebuychips="0" reg_code="5089543802"/>
<player seat="3" name="Cornodimucca" chips="580" dealer="0" win="925" bet="460" muck="0" rebuy="0" addon="0" merge="0" rebuychips="0" reg_code="5089543284"/>
</players>
</general>
<round no="0"><action no="1" player="Cornodimucca" type="15" discard="1" dealt="1" sum="5"/>
<action no="2" player="Gigisz91" type="15" discard="1" dealt="1" sum="5"/>
<action no="3" player="22vidi22" type="15" sum="5"/>
<action no="4" player="Cornodimucca" type="1" discard="1" dealt="1" sum="15"/>
<action no="5" player="Gigisz91" type="2" discard="1" dealt="1" sum="30"/>
</round>
<round no="1"><cards type="Pocket" player="Gigisz91">S5 C5</cards>
<cards type="Pocket" player="22vidi22">D6 C9</cards>
<cards type="Pocket" player="Cornodimucca">S10 H10</cards>
<action no="6" player="22vidi22" type="0" sum="0"/>
<action no="7" player="Cornodimucca" type="23" discard="1" dealt="1" sum="75"/>
<action no="8" player="Gigisz91" type="23" discard="1" dealt="1" sum="455"/>
<action no="9" player="Cornodimucca" type="3" discard="1" dealt="1" sum="380"/>
</round>
<round no="2"><cards type="Flop">SA CA D8</cards>
</round>
<round no="3"><cards type="Turn">H4</cards>
</round>
<round no="4"><cards type="River">DQ</cards>
</round>
</game>
<game gamecode="6595606607"><general>
<startdate>2026-01-15 14:33:38</startdate>
<round>1</round>
<failsafecounter/>
<players><player seat="10" name="22vidi22" chips="455" dealer="0" win="70" bet="95" muck="1" rebuy="0" addon="0" merge="0" rebuychips="0" reg_code="5089543802"/>
<player seat="3" name="Cornodimucca" chips="1,045" dealer="1" win="0" bet="35" muck="1" rebuy="0" addon="0" merge="0" rebuychips="0" reg_code="5089543284"/>
</players>
</general>
<round no="0"><action no="1" player="Cornodimucca" type="15" discard="1" dealt="1" sum="5"/>
<action no="2" player="22vidi22" type="15" sum="5"/>
<action no="3" player="Cornodimucca" type="1" discard="1" dealt="1" sum="15"/>
<action no="4" player="22vidi22" type="2" sum="30"/>
</round>
<round no="1"><cards type="Pocket" player="22vidi22">CK C10</cards>
<cards type="Pocket" player="Cornodimucca">X X</cards>
<action no="5" player="Cornodimucca" type="3" discard="1" dealt="1" sum="15"/>
<action no="6" player="22vidi22" type="23" sum="90"/>
<action no="7" player="Cornodimucca" type="0" discard="1" dealt="1" sum="0"/>
</round>
</game>
<game gamecode="6595606694"><general>
<startdate>2026-01-15 14:33:52</startdate>
<round>1</round>
<failsafecounter/>
<players><player seat="3" name="Cornodimucca" chips="1,010" dealer="0" win="70" bet="65" muck="1" rebuy="0" addon="0" merge="0" rebuychips="0" reg_code="5089543284"/>
<player seat="10" name="22vidi22" chips="490" dealer="1" win="0" bet="35" muck="1" rebuy="0" addon="0" merge="0" rebuychips="0" reg_code="5089543802"/>
</players>
</general>
<round no="0"><action no="1" player="22vidi22" type="15" sum="5"/>
<action no="2" player="Cornodimucca" type="15" discard="1" dealt="1" sum="5"/>
<action no="3" player="22vidi22" type="1" sum="15"/>
<action no="4" player="Cornodimucca" type="2" discard="1" dealt="1" sum="30"/>
</round>
<round no="1"><cards type="Pocket" player="22vidi22">C3 C6</cards>
<cards type="Pocket" player="Cornodimucca">X X</cards>
<action no="5" player="22vidi22" type="3" sum="15"/>
<action no="6" player="Cornodimucca" type="4" discard="1" dealt="1" sum="0"/>
</round>
<round no="2"><cards type="Flop">CJ H10 S8</cards>
<action no="7" player="Cornodimucca" type="4" discard="1" dealt="1" sum="0"/>
<action no="8" player="22vidi22" type="4" sum="0"/>
</round>
<round no="3"><cards type="Turn">SA</cards>
<action no="9" player="Cornodimucca" type="5" discard="1" dealt="1" sum="30"/>
<action no="10" player="22vidi22" type="0" sum="0"/>
</round>
</game>
<game gamecode="6595606878"><general>
<startdate>2026-01-15 14:34:24</startdate>
<round>1</round>
<failsafecounter/>
<players><player seat="10" name="22vidi22" chips="455" dealer="0" win="550" bet="455" muck="1" rebuy="0" addon="0" merge="0" rebuychips="0" reg_code="5089543802"/>
<player seat="3" name="Cornodimucca" chips="1,045" dealer="1" win="0" bet="275" muck="1" rebuy="0" addon="0" merge="0" rebuychips="0" reg_code="5089543284"/>
</players>
</general>
<round no="0"><action no="1" player="Cornodimucca" type="15" discard="1" dealt="1" sum="5"/>
<action no="2" player="22vidi22" type="15" sum="5"/>
<action no="3" player="Cornodimucca" type="1" discard="1" dealt="1" sum="15"/>
<action no="4" player="22vidi22" type="2" sum="30"/>
</round>
<round no="1"><cards type="Pocket" player="22vidi22">SA SQ</cards>
<cards type="Pocket" player="Cornodimucca">X X</cards>
<action no="5" player="Cornodimucca" type="3" discard="1" dealt="1" sum="15"/>
<action no="6" player="22vidi22" type="23" sum="90"/>
<action no="7" player="Cornodimucca" type="3" discard="1" dealt="1" sum="60"/>
</round>
<round no="2"><cards type="Flop">DQ S8 S5</cards>
<action no="8" player="22vidi22" type="5" sum="60"/>
<action no="9" player="Cornodimucca" type="3" discard="1" dealt="1" sum="60"/>
</round>
<round no="3"><cards type="Turn">DJ</cards>
<action no="10" player="22vidi22" type="5" sum="120"/>
<action no="11" player="Cornodimucca" type="3" discard="1" dealt="1" sum="120"/>
</round>
<round no="4"><cards type="River">HJ</cards>
<action no="12" player="22vidi22" type="5" sum="180"/>
<action no="13" player="Cornodimucca" type="0" discard="1" dealt="1" sum="0"/>
</round>
</game>
<game gamecode="6595607086"><general>
<startdate>2026-01-15 14:35:03</startdate>
<round>1</round>
<failsafecounter/>
<players><player seat="3" name="Cornodimucca" chips="770" dealer="0" win="1,460" bet="770" muck="0" rebuy="0" addon="0" merge="0" rebuychips="0" reg_code="5089543284"/>
<player seat="10" name="22vidi22" chips="730" dealer="1" win="0" bet="730" muck="1" rebuy="0" addon="0" merge="0" rebuychips="0" reg_code="5089543802"/>
</players>
</general>
<round no="0"><action no="1" player="22vidi22" type="15" sum="5"/>
<action no="2" player="Cornodimucca" type="15" discard="1" dealt="1" sum="5"/>
<action no="3" player="22vidi22" type="1" sum="20"/>
<action no="4" player="Cornodimucca" type="2" discard="1" dealt="1" sum="40"/>
</round>
<round no="1"><cards type="Pocket" player="22vidi22">SK SJ</cards>
<cards type="Pocket" player="Cornodimucca">C10 DA</cards>
<action no="5" player="22vidi22" type="23" sum="80"/>
<action no="6" player="Cornodimucca" type="23" discard="1" dealt="1" sum="765"/>
<action no="7" player="22vidi22" type="7" sum="645"/>
</round>
<round no="2"><cards type="Flop">HA H8 CA</cards>
</round>
<round no="3"><cards type="Turn">D5</cards>
</round>
<round no="4"><cards type="River">S2</cards>
</round>
</game>
</session>
