<?xml version="1.0" encoding="UTF-8"?>
<session sessioncode="5089934225">
<general>
<client_version>24.7.1.15</client_version>
<mode>real</mode>
<gametype>Holdem NL</gametype>
<tablename>Twister €100 SNG, 826642903</tablename>
<tournamentcode>826642900</tournamentcode>
<tournamentname>Twister €100 SNG</tournamentname>
<buyin>€0 + €7 + €93</buyin>
<totalbuyin>€100</totalbuyin>
<rewarddrawn>€200</rewarddrawn>
<tournamentcurrency>EUR</tournamentcurrency>
<currency>EUR</currency>
<nickname>22vidi22</nickname>
<gamecount>18</gamecount>
<startdate>2026-01-16 21:10:19</startdate>
<place>1</place>
<win>€200</win>
<tablesize>3</tablesize>
</general>
<game gamecode="6597202688"><general>
<startdate>2026-01-16 21:10:35</startdate>
<round>1</round>
<failsafecounter/>
<players><player seat="10" name="22vidi22" chips="500" dealer="0" win="20" bet="20" muck="1" rebuy="0" addon="0" merge="0" rebuychips="0" reg_code="5089934225"/>
<player seat="3" name="xiuder0nn17" chips="500" dealer="1" win="0" bet="0" muck="1" rebuy="0" addon="0" merge="0" rebuychips="0" reg_code="5089933587"/>
<player seat="6" name="gagry" chips="500" dealer="0" win="0" bet="10" muck="1" rebuy="0" addon="0" merge="0" rebuychips="0" reg_code="5089933931"/>
</players>
</general>
<round no="0"><action no="1" player="gagry" type="1" discard="1" dealt="1" sum="10"/>
<action no="2" player="22vidi22" type="2" sum="20"/>
</round>
<round no="1"><cards type="Pocket" player="xiuder0nn17">X X</cards>
<cards type="Pocket" player="gagry">X X</cards>
<cards type="Pocket" player="22vidi22">SK DQ</cards>
<action no="3" player="xiuder0nn17" type="0" discard="1" dealt="1" sum="0"/>
<action no="4" player="gagry" type="0" discard="1" dealt="1" sum="0"/>
</round>
</game>
<game gamecode="6597202831"><general>
<startdate>2026-01-16 21:10:53</startdate>
<round>1</round>
<failsafecounter/>
<players><player seat="3" name="xiuder0nn17" chips="500" dealer="0" win="0" bet="490" muck="1" rebuy="0" addon="0" merge="0" rebuychips="0" reg_code="5089933587"/>
<player seat="6" name="gagry" chips="490" dealer="1" win="1,000" bet="490" muck="0" rebuy="0" addon="0" merge="0" rebuychips="0" reg_code="5089933931"/>
<player seat="10" name="22vidi22" chips="510" dealer="0" win="0" bet="20" muck="1" rebuy="0" addon="0" merge="0" rebuychips="0" reg_code="5089934225"/>
</players>
</general>
<round no="0"><action no="1" player="22vidi22" type="1" sum="10"/>
<action no="2" player="xiuder0nn17" type="2" discard="1" dealt="1" sum="20"/>
</round>
<round no="1"><cards type="Pocket" player="xiuder0nn17">C9 DJ</cards>
<cards type="Pocket" player="gagry">D7 HK</cards>
<cards type="Pocket" player="22vidi22">H10 SQ</cards>
<action no="3" player="gagry" type="3" discard="1" dealt="1" sum="20"/>
<action no="4" player="22vidi22" type="3" sum="10"/>
<action no="5" player="xiuder0nn17" type="4" discard="1" dealt="1" sum="0"/>
</round>
<round no="2"><cards type="Flop">H7 CJ C4</cards>
<action no="6" player="22vidi22" type="4" sum="0"/>
<action no="7" player="xiuder0nn17" type="4" discard="1" dealt="1" sum="0"/>
<action no="8" player="gagry" type="5" discard="1" dealt="1" sum="40"/>
<action no="9" player="22vidi22" type="0" sum="0"/>
<action no="10" player="xiuder0nn17" type="23" discard="1" dealt="1" sum="124"/>
<action no="11" player="gagry" type="3" discard="1" dealt="1" sum="84"/>
</round>
<round no="3"><cards type="Turn">H2</cards>
<action no="12" player="xiuder0nn17" type="5" discard="1" dealt="1" sum="154"/>
<action no="13" player="gagry" type="23" discard="1" dealt="1" sum="346"/>
<action no="14" player="xiuder0nn17" type="3" discard="1" dealt="1" sum="192"/>
</round>
<round no="4"><cards type="River">C7</cards>
</round>
</game>
<game gamecode="6597203170"><general>
<startdate>2026-01-16 21:11:39</startdate>
<round>1</round>
<failsafecounter/>
<players><player seat="6" name="gagry" chips="1,000" dealer="0" win="0" bet="20" muck="1" rebuy="0" addon="0" merge="0" rebuychips="0" reg_code="5089933931"/>
<player seat="10" name="22vidi22" chips="490" dealer="1" win="0" bet="0" muck="1" rebuy="0" addon="0" merge="0" rebuychips="0" reg_code="5089934225"/>
<player seat="3" name="xiuder0nn17" chips="10" dealer="0" win="20" bet="10" muck="0" rebuy="0" addon="0" merge="0" rebuychips="0" reg_code="5089933587"/>
</players>
</general>
<round no="0"><action no="1" player="xiuder0nn17" type="1" discard="1" dealt="1" sum="10"/>
<action no="2" player="gagry" type="2" discard="1" dealt="1" sum="20"/>
</round>
<round no="1"><cards type="Pocket" player="22vidi22">C10 H8</cards>
<cards type="Pocket" player="xiuder0nn17">CK SJ</cards>
<cards type="Pocket" player="gagry">C2 H2</cards>
<action no="3" player="22vidi22" type="0" sum="0"/>
</round>
<round no="2"><cards type="Flop">SK S6 SA</cards>
</round>
<round no="3"><cards type="Turn">H6</cards>
</round>
<round no="4"><cards type="River">DA</cards>
</round>
</game>
<game gamecode="6597203269"><general>
<startdate>2026-01-16 21:11:54</startdate>
<round>1</round>
<failsafecounter/>
<players><player seat="10" name="22vidi22" chips="490" dealer="0" win="0" bet="80" muck="0" rebuy="0" addon="0" merge="0" rebuychips="0" reg_code="5089934225"/>
<player seat="3" name="xiuder0nn17" chips="20" dealer="1" win="60" bet="20" muck="0" rebuy="0" addon="0" merge="0" rebuychips="0" reg_code="5089933587"/>
<player seat="6" name="gagry" chips="990" dealer="0" win="0" bet="20" muck="1" rebuy="0" addon="0" merge="0" rebuychips="0" reg_code="5089933931"/>
</players>
</general>
<round no="0"><action no="1" player="gagry" type="1" discard="1" dealt="1" sum="10"/>
<action no="2" player="22vidi22" type="2" sum="20"/>
</round>
<round no="1"><cards type="Pocket" player="xiuder0nn17">HQ DA</cards>
<cards type="Pocket" player="22vidi22">CA H10</cards>
<cards type="Pocket" player="gagry">X X</cards>
<action no="3" player="xiuder0nn17" type="7" discard="1" dealt="1" sum="20"/>
<action no="4" player="gagry" type="3" discard="1" dealt="1" sum="10"/>
<action no="5" player="22vidi22" type="23" sum="80"/>
<action no="6" player="gagry" type="0" discard="1" dealt="1" sum="0"/>
</round>
<round no="2"><cards type="Flop">C5 HK H2</cards>
</round>
<round no="3"><cards type="Turn">S2</cards>
</round>
<round no="4"><cards type="River">H9</cards>
</round>
</game>
<game gamecode="6597203466"><general>
<startdate>2026-01-16 21:12:19</startdate>
<round>1</round>
<failsafecounter/>
<players><player seat="3" name="xiuder0nn17" chips="60" dealer="0" win="0" bet="60" muck="0" rebuy="0" addon="0" merge="0" rebuychips="0" reg_code="5089933587"/>
<player seat="6" name="gagry" chips="970" dealer="1" win="0" bet="35" muck="1" rebuy="0" addon="0" merge="0" rebuychips="0" reg_code="5089933931"/>
<player seat="10" name="22vidi22" chips="470" dealer="0" win="155" bet="470" muck="0" rebuy="0" addon="0" merge="0" rebuychips="0" reg_code="5089934225"/>
</players>
</general>
<round no="0"><action no="1" player="22vidi22" type="15" sum="5"/>
<action no="2" player="xiuder0nn17" type="15" discard="1" dealt="1" sum="5"/>
<action no="3" player="gagry" type="15" discard="1" dealt="1" sum="5"/>
<action no="4" player="22vidi22" type="1" sum="15"/>
<action no="5" player="xiuder0nn17" type="2" discard="1" dealt="1" sum="30"/>
</round>
<round no="1"><cards type="Pocket" player="xiuder0nn17">DA D7</cards>
<cards type="Pocket" player="22vidi22">SJ SA</cards>
<cards type="Pocket" player="gagry">X X</cards>
<action no="6" player="gagry" type="3" discard="1" dealt="1" sum="30"/>
<action no="7" player="22vidi22" type="23" sum="465"/>
<action no="8" player="xiuder0nn17" type="7" discard="1" dealt="1" sum="25"/>
<action no="9" player="gagry" type="0" discard="1" dealt="1" sum="0"/>
</round>
<round no="2"><cards type="Flop">C6 S9 DJ</cards>
</round>
<round no="3"><cards type="Turn">D6</cards>
</round>
<round no="4"><cards type="River">S2</cards>
</round>
</game>
<game gamecode="6597203683"><general>
<startdate>2026-01-16 21:12:47</startdate>
<round>1</round>
<failsafecounter/>
<players><player seat="6" name="gagry" chips="935" dealer="0" win="0" bet="65" muck="1" rebuy="0" addon="0" merge="0" rebuychips="0" reg_code="5089933931"/>
<player seat="10" name="22vidi22" chips="565" dealer="1" win="130" bet="195" muck="1" rebuy="0" addon="0" merge="0" rebuychips="0" reg_code="5089934225"/>
</players>
</general>
<round no="0"><action no="1" player="22vidi22" type="15" sum="5"/>
<action no="2" player="gagry" type="15" discard="1" dealt="1" sum="5"/>
<action no="3" player="22vidi22" type="1" sum="15"/>
<action no="4" player="gagry" type="2" discard="1" dealt="1" sum="30"/>
</round>
<round no="1"><cards type="Pocket" player="gagry">X X</cards>
<cards type="Pocket" player="22vidi22">H7 S10</cards>
<action no="5" player="22vidi22" type="3" sum="15"/>
<action no="6" player="gagry" type="4" discard="1" dealt="1" sum="0"/>
</round>
<round no="2"><cards type="Flop">CJ CQ H10</cards>
<action no="7" player="gagry" type="5" discard="1" dealt="1" sum="30"/>
<action no="8" player="22vidi22" type="3" sum="30"/>
</round>
<round no="3"><cards type="Turn">D4</cards>
<action no="9" player="gagry" type="4" discard="1" dealt="1" sum="0"/>
<action no="10" player="22vidi22" type="4" sum="0"/>
</round>
<round no="4"><cards type="River">S7</cards>
<action no="11" player="gagry" type="4" discard="1" dealt="1" sum="0"/>
<action no="12" player="22vidi22" type="5" sum="130"/>
<action no="13" player="gagry" type="0" discard="1" dealt="1" sum="0"/>
</round>
</game>
<game gamecode="6597210043"><general>
<startdate>2026-01-16 21:13:06</startdate>
<round>1</round>
<failsafecounter/>
<players><player seat="10" name="22vidi22" chips="630" dealer="0" win="40" bet="35" muck="1" rebuy="0" addon="0" merge="0" rebuychips="0" reg_code="5089934225"/>
<player seat="6" name="gagry" chips="870" dealer="1" win="0" bet="20" muck="1" rebuy="0" addon="0" merge="0" rebuychips="0" reg_code="5089933931"/>
</players>
</general>
<round no="0"><action no="1" player="gagry" type="15" discard="1" dealt="1" sum="5"/>
<action no="2" player="22vidi22" type="15" sum="5"/>
<action no="3" player="gagry" type="1" discard="1" dealt="1" sum="15"/>
<action no="4" player="22vidi22" type="2" sum="30"/>
</round>
<round no="1"><cards type="Pocket" player="22vidi22">H10 HA</cards>
<cards type="Pocket" player="gagry">X X</cards>
<action no="5" player="gagry" type="0" discard="1" dealt="1" sum="0"/>
</round>
</game>
<game gamecode="6597210132"><general>
<startdate>2026-01-16 21:13:16</startdate>
<round>1</round>
<failsafecounter/>
<players><player seat="6" name="gagry" chips="850" dealer="0" win="70" bet="850" muck="1" rebuy="0" addon="0" merge="0" rebuychips="0" reg_code="5089933931"/>
<player seat="10" name="22vidi22" chips="650" dealer="1" win="0" bet="35" muck="1" rebuy="0" addon="0" merge="0" rebuychips="0" reg_code="5089934225"/>
</players>
</general>
<round no="0"><action no="1" player="22vidi22" type="15" sum="5"/>
<action no="2" player="gagry" type="15" discard="1" dealt="1" sum="5"/>
<action no="3" player="22vidi22" type="1" sum="15"/>
<action no="4" player="gagry" type="2" discard="1" dealt="1" sum="30"/>
</round>
<round no="1"><cards type="Pocket" player="gagry">X X</cards>
<cards type="Pocket" player="22vidi22">S10 C6</cards>
<action no="5" player="22vidi22" type="3" sum="15"/>
<action no="6" player="gagry" type="23" discard="1" dealt="1" sum="845"/>
<action no="7" player="22vidi22" type="0" sum="0"/>
</round>
</game>
<game gamecode="6597210195"><general>
<startdate>2026-01-16 21:13:26</startdate>
<round>1</round>
<failsafecounter/>
<players><player seat="10" name="22vidi22" chips="615" dealer="0" win="0" bet="35" muck="1" rebuy="0" addon="0" merge="0" rebuychips="0" reg_code="5089934225"/>
<player seat="6" name="gagry" chips="885" dealer="1" win="70" bet="65" muck="1" rebuy="0" addon="0" merge="0" rebuychips="0" reg_code="5089933931"/>
</players>
</general>
<round no="0"><action no="1" player="gagry" type="15" discard="1" dealt="1" sum="5"/>
<action no="2" player="22vidi22" type="15" sum="5"/>
<action no="3" player="gagry" type="1" discard="1" dealt="1" sum="15"/>
<action no="4" player="22vidi22" type="2" sum="30"/>
</round>
<round no="1"><cards type="Pocket" player="gagry">X X</cards>
<cards type="Pocket" player="22vidi22">H7 DQ</cards>
<action no="5" player="gagry" type="3" discard="1" dealt="1" sum="15"/>
<action no="6" player="22vidi22" type="4" sum="0"/>
</round>
<round no="2"><cards type="Flop">H5 H3 C5</cards>
<action no="7" player="22vidi22" type="4" sum="0"/>
<action no="8" player="gagry" type="5" discard="1" dealt="1" sum="30"/>
<action no="9" player="22vidi22" type="0" sum="0"/>
</round>
</game>
<game gamecode="6597210371"><general>
<startdate>2026-01-16 21:13:51</startdate>
<round>1</round>
<failsafecounter/>
<players><player seat="6" name="gagry" chips="920" dealer="0" win="70" bet="65" muck="1" rebuy="0" addon="0" merge="0" rebuychips="0" reg_code="5089933931"/>
<player seat="10" name="22vidi22" chips="580" dealer="1" win="0" bet="35" muck="1" rebuy="0" addon="0" merge="0" rebuychips="0" reg_code="5089934225"/>
</players>
</general>
<round no="0"><action no="1" player="22vidi22" type="15" sum="5"/>
<action no="2" player="gagry" type="15" discard="1" dealt="1" sum="5"/>
<action no="3" player="22vidi22" type="1" sum="15"/>
<action no="4" player="gagry" type="2" discard="1" dealt="1" sum="30"/>
</round>
<round no="1"><cards type="Pocket" player="gagry">X X</cards>
<cards type="Pocket" player="22vidi22">CK H4</cards>
<action no="5" player="22vidi22" type="3" sum="15"/>
<action no="6" player="gagry" type="4" discard="1" dealt="1" sum="0"/>
</round>
<round no="2"><cards type="Flop">H8 D7 C8</cards>
<action no="7" player="gagry" type="4" discard="1" dealt="1" sum="0"/>
<action no="8" player="22vidi22" type="4" sum="0"/>
</round>
<round no="3"><cards type="Turn">D3</cards>
<action no="9" player="gagry" type="5" discard="1" dealt="1" sum="30"/>
<action no="10" player="22vidi22" type="0" sum="0"/>
</round>
</game>
<game gamecode="6597210504"><general>
<startdate>2026-01-16 21:14:08</startdate>
<round>1</round>
<failsafecounter/>
<players><player seat="10" name="22vidi22" chips="545" dealer="0" win="50" bet="45" muck="1" rebuy="0" addon="0" merge="0" rebuychips="0" reg_code="5089934225"/>
<player seat="6" name="gagry" chips="955" dealer="1" win="0" bet="25" muck="1" rebuy="0" addon="0" merge="0" rebuychips="0" reg_code="5089933931"/>
</players>
</general>
<round no="0"><action no="1" player="gagry" type="15" discard="1" dealt="1" sum="5"/>
<action no="2" player="22vidi22" type="15" sum="5"/>
<action no="3" player="gagry" type="1" discard="1" dealt="1" sum="20"/>
<action no="4" player="22vidi22" type="2" sum="40"/>
</round>
<round no="1"><cards type="Pocket" player="gagry">X X</cards>
<cards type="Pocket" player="22vidi22">S5 HA</cards>
<action no="5" player="gagry" type="0" discard="1" dealt="1" sum="0"/>
</round>
</game>
<game gamecode="6597210544"><general>
<startdate>2026-01-16 21:14:14</startdate>
<round>1</round>
<failsafecounter/>
<players><player seat="6" name="gagry" chips="930" dealer="0" win="0" bet="570" muck="1" rebuy="0" addon="0" merge="0" rebuychips="0" reg_code="5089933931"/>
<player seat="10" name="22vidi22" chips="570" dealer="1" win="1,140" bet="570" muck="0" rebuy="0" addon="0" merge="0" rebuychips="0" reg_code="5089934225"/>
</players>
</general>
<round no="0"><action no="1" player="22vidi22" type="15" sum="5"/>
<action no="2" player="gagry" type="15" discard="1" dealt="1" sum="5"/>
<action no="3" player="22vidi22" type="1" sum="20"/>
<action no="4" player="gagry" type="2" discard="1" dealt="1" sum="40"/>
</round>
<round no="1"><cards type="Pocket" player="gagry">S8 C8</cards>
<cards type="Pocket" player="22vidi22">SK HK</cards>
<action no="5" player="22vidi22" type="3" sum="20"/>
<action no="6" player="gagry" type="23" discard="1" dealt="1" sum="120"/>
<action no="7" player="22vidi22" type="3" sum="80"/>
</round>
<round no="2"><cards type="Flop">D8 H3 DK</cards>
<action no="8" player="gagry" type="4" discard="1" dealt="1" sum="0"/>
<action no="9" player="22vidi22" type="4" sum="0"/>
</round>
<round no="3"><cards type="Turn">D7</cards>
<action no="10" player="gagry" type="4" discard="1" dealt="1" sum="0"/>
<action no="11" player="22vidi22" type="5" sum="125"/>
<action no="12" player="gagry" type="23" discard="1" dealt="1" sum="290"/>
<action no="13" player="22vidi22" type="7" sum="320"/>
<action no="14" player="gagry" type="3" discard="1" dealt="1" sum="155"/>
</round>
<round no="4"><cards type="River">S3</cards>
</round>
</game>
<game gamecode="6597210820"><general>
<startdate>2026-01-16 21:14:51</startdate>
<round>1</round>
<failsafecounter/>
<players><player seat="10" name="22vidi22" chips="1,140" dealer="0" win="0" bet="45" muck="1" rebuy="0" addon="0" merge="0" rebuychips="0" reg_code="5089934225"/>
<player seat="6" name="gagry" chips="360" dealer="1" win="90" bet="360" muck="1" rebuy="0" addon="0" merge="0" rebuychips="0" reg_code="5089933931"/>
</players>
</general>
<round no="0"><action no="1" player="gagry" type="15" discard="1" dealt="1" sum="5"/>
<action no="2" player="22vidi22" type="15" sum="5"/>
<action no="3" player="gagry" type="1" discard="1" dealt="1" sum="20"/>
<action no="4" player="22vidi22" type="2" sum="40"/>
</round>
<round no="1"><cards type="Pocket" player="22vidi22">H3 C5</cards>
<cards type="Pocket" player="gagry">X X</cards>
<action no="5" player="gagry" type="23" discard="1" dealt="1" sum="355"/>
<action no="6" player="22vidi22" type="0" sum="0"/>
</round>
</game>
<game gamecode="6597210868"><general>
<startdate>2026-01-16 21:14:57</startdate>
<round>1</round>
<failsafecounter/>
<players><player seat="6" name="gagry" chips="405" dealer="0" win="410" bet="285" muck="1" rebuy="0" addon="0" merge="0" rebuychips="0" reg_code="5089933931"/>
<player seat="10" name="22vidi22" chips="1,095" dealer="1" win="0" bet="205" muck="1" rebuy="0" addon="0" merge="0" rebuychips="0" reg_code="5089934225"/>
</players>
</general>
<round no="0"><action no="1" player="22vidi22" type="15" sum="5"/>
<action no="2" player="gagry" type="15" discard="1" dealt="1" sum="5"/>
<action no="3" player="22vidi22" type="1" sum="20"/>
<action no="4" player="gagry" type="2" discard="1" dealt="1" sum="40"/>
</round>
<round no="1"><cards type="Pocket" player="22vidi22">S8 S3</cards>
<cards type="Pocket" player="gagry">X X</cards>
<action no="5" player="22vidi22" type="3" sum="20"/>
<action no="6" player="gagry" type="4" discard="1" dealt="1" sum="0"/>
</round>
<round no="2"><cards type="Flop">HQ C6 CK</cards>
<action no="7" player="gagry" type="4" discard="1" dealt="1" sum="0"/>
<action no="8" player="22vidi22" type="5" sum="40"/>
<action no="9" player="gagry" type="23" discard="1" dealt="1" sum="80"/>
<action no="10" player="22vidi22" type="3" sum="40"/>
</round>
<round no="3"><cards type="Turn">H2</cards>
<action no="11" player="gagry" type="4" discard="1" dealt="1" sum="0"/>
<action no="12" player="22vidi22" type="5" sum="80"/>
<action no="13" player="gagry" type="23" discard="1" dealt="1" sum="160"/>
<action no="14" player="22vidi22" type="0" sum="0"/>
</round>
</game>
<game gamecode="6597210997"><general>
<startdate>2026-01-16 21:15:15</startdate>
<round>1</round>
<failsafecounter/>
<players><player seat="10" name="22vidi22" chips="890" dealer="0" win="730" bet="365" muck="0" rebuy="0" addon="0" merge="0" rebuychips="0" reg_code="5089934225"/>
<player seat="6" name="gagry" chips="610" dealer="1" win="0" bet="365" muck="1" rebuy="0" addon="0" merge="0" rebuychips="0" reg_code="5089933931"/>
</players>
</general>
<round no="0"><action no="1" player="gagry" type="15" discard="1" dealt="1" sum="5"/>
<action no="2" player="22vidi22" type="15" sum="5"/>
<action no="3" player="gagry" type="1" discard="1" dealt="1" sum="20"/>
<action no="4" player="22vidi22" type="2" sum="40"/>
</round>
<round no="1"><cards type="Pocket" player="22vidi22">SQ HQ</cards>
<cards type="Pocket" player="gagry">SK H9</cards>
<action no="5" player="gagry" type="23" discard="1" dealt="1" sum="80"/>
<action no="6" player="22vidi22" type="3" sum="40"/>
</round>
<round no="2"><cards type="Flop">D5 DA S6</cards>
<action no="7" player="22vidi22" type="4" sum="0"/>
<action no="8" player="gagry" type="5" discard="1" dealt="1" sum="80"/>
<action no="9" player="22vidi22" type="3" sum="80"/>
</round>
<round no="3"><cards type="Turn">HA</cards>
<action no="10" player="22vidi22" type="4" sum="0"/>
<action no="11" player="gagry" type="5" discard="1" dealt="1" sum="200"/>
<action no="12" player="22vidi22" type="3" sum="200"/>
</round>
<round no="4"><cards type="River">D10</cards>
<action no="13" player="22vidi22" type="4" sum="0"/>
<action no="14" player="gagry" type="4" discard="1" dealt="1" sum="0"/>
</round>
</game>
<game gamecode="6597211126"><general>
<startdate>2026-01-16 21:15:35</startdate>
<round>1</round>
<failsafecounter/>
<players><player seat="6" name="gagry" chips="245" dealer="0" win="50" bet="45" muck="1" rebuy="0" addon="0" merge="0" rebuychips="0" reg_code="5089933931"/>
<player seat="10" name="22vidi22" chips="1,255" dealer="1" win="0" bet="25" muck="1" rebuy="0" addon="0" merge="0" rebuychips="0" reg_code="5089934225"/>
</players>
</general>
<round no="0"><action no="1" player="22vidi22" type="15" sum="5"/>
<action no="2" player="gagry" type="15" discard="1" dealt="1" sum="5"/>
<action no="3" player="22vidi22" type="1" sum="20"/>
<action no="4" player="gagry" type="2" discard="1" dealt="1" sum="40"/>
</round>
<round no="1"><cards type="Pocket" player="gagry">X X</cards>
<cards type="Pocket" player="22vidi22">D3 H6</cards>
<action no="5" player="22vidi22" type="0" sum="0"/>
</round>
</game>
<game gamecode="6597211200"><general>
<startdate>2026-01-16 21:15:44</startdate>
<round>1</round>
<failsafecounter/>
<players><player seat="10" name="22vidi22" chips="1,230" dealer="0" win="0" bet="65" muck="1" rebuy="0" addon="0" merge="0" rebuychips="0" reg_code="5089934225"/>
<player seat="6" name="gagry" chips="270" dealer="1" win="130" bet="270" muck="1" rebuy="0" addon="0" merge="0" rebuychips="0" reg_code="5089933931"/>
</players>
</general>
<round no="0"><action no="1" player="gagry" type="15" discard="1" dealt="1" sum="5"/>
<action no="2" player="22vidi22" type="15" sum="5"/>
<action no="3" player="gagry" type="1" discard="1" dealt="1" sum="30"/>
<action no="4" player="22vidi22" type="2" sum="60"/>
</round>
<round no="1"><cards type="Pocket" player="22vidi22">S7 C5</cards>
<cards type="Pocket" player="gagry">X X</cards>
<action no="5" player="gagry" type="23" discard="1" dealt="1" sum="265"/>
<action no="6" player="22vidi22" type="0" sum="0"/>
</round>
</game>
<game gamecode="6597211268"><general>
<startdate>2026-01-16 21:15:56</startdate>
<round>1</round>
<failsafecounter/>
<players><player seat="6" name="gagry" chips="335" dealer="0" win="0" bet="335" muck="0" rebuy="0" addon="0" merge="0" rebuychips="0" reg_code="5089933931"/>
<player seat="10" name="22vidi22" chips="1,165" dealer="1" win="670" bet="1,165" muck="0" rebuy="0" addon="0" merge="0" rebuychips="0" reg_code="5089934225"/>
</players>
</general>
<round no="0"><action no="1" player="22vidi22" type="15" sum="5"/>
<action no="2" player="gagry" type="15" discard="1" dealt="1" sum="5"/>
<action no="3" player="22vidi22" type="1" sum="30"/>
<action no="4" player="gagry" type="2" discard="1" dealt="1" sum="60"/>
</round>
<round no="1"><cards type="Pocket" player="gagry">HJ C7</cards>
<cards type="Pocket" player="22vidi22">CK H6</cards>
<action no="5" player="22vidi22" type="23" sum="1,160"/>
<action no="6" player="gagry" type="7" discard="1" dealt="1" sum="270"/>
</round>
<round no="2"><cards type="Flop">D9 S8 D3</cards>
</round>
<round no="3"><cards type="Turn">DQ</cards>
</round>
<round no="4"><cards type="River">H3</cards>
</round>
</game>
</session>
