<?xml version="1.0" encoding="UTF-8"?>
<session sessioncode="5089839585">
<general>
<client_version>24.7.1.15</client_version>
<mode>real</mode>
<gametype>Holdem NL</gametype>
<tablename>Twister €200 SNG, 826604118</tablename>
<tournamentcode>826604117</tournamentcode>
<tournamentname>Twister €200 SNG</tournamentname>
<buyin>€0 + €12 + €188</buyin>
<totalbuyin>€200</totalbuyin>
<rewarddrawn>€800</rewarddrawn>
<tournamentcurrency>EUR</tournamentcurrency>
<currency>EUR</currency>
<nickname>22vidi22</nickname>
<gamecount>5</gamecount>
<startdate>2026-01-16 16:03:26</startdate>
<place>3</place>
<win>€0</win>
<tablesize>3</tablesize>
</general>
<game gamecode="6596842856"><general>
<startdate>2026-01-16 16:03:41</startdate>
<round>1</round>
<failsafecounter/>
<players><player seat="10" name="22vidi22" chips="500" dealer="0" win="0" bet="40" muck="1" rebuy="0" addon="0" merge="0" rebuychips="0" reg_code="5089839585"/>
<player seat="3" name="SuBandiduu" chips="500" dealer="1" win="0" bet="0" muck="1" rebuy="0" addon="0" merge="0" rebuychips="0" reg_code="5089836749"/>
<player seat="6" name="ilCapo6" chips="500" dealer="0" win="80" bet="160" muck="1" rebuy="0" addon="0" merge="0" rebuychips="0" reg_code="5089839118"/>
</players>
</general>
<round no="0"><action no="1" player="ilCapo6" type="1" discard="1" dealt="1" sum="10"/>
<action no="2" player="22vidi22" type="2" sum="20"/>
</round>
<round no="1"><cards type="Pocket" player="SuBandiduu">X X</cards>
<cards type="Pocket" player="ilCapo6">X X</cards>
<cards type="Pocket" player="22vidi22">D10 H3</cards>
<action no="3" player="SuBandiduu" type="0" discard="1" dealt="1" sum="0"/>
<action no="4" player="ilCapo6" type="3" discard="1" dealt="1" sum="10"/>
<action no="5" player="22vidi22" type="4" sum="0"/>
</round>
<round no="2"><cards type="Flop">HK DJ S10</cards>
<action no="6" player="ilCapo6" type="5" discard="1" dealt="1" sum="20"/>
<action no="7" player="22vidi22" type="3" sum="20"/>
</round>
<round no="3"><cards type="Turn">H5</cards>
<action no="8" player="ilCapo6" type="5" discard="1" dealt="1" sum="120"/>
<action no="9" player="22vidi22" type="0" sum="0"/>
</round>
</game>
<game gamecode="6596842982"><general>
<startdate>2026-01-16 16:04:03</startdate>
<round>1</round>
<failsafecounter/>
<players><player seat="3" name="SuBandiduu" chips="500" dealer="0" win="80" bet="90" muck="1" rebuy="0" addon="0" merge="0" rebuychips="0" reg_code="5089836749"/>
<player seat="6" name="ilCapo6" chips="540" dealer="1" win="0" bet="0" muck="1" rebuy="0" addon="0" merge="0" rebuychips="0" reg_code="5089839118"/>
<player seat="10" name="22vidi22" chips="460" dealer="0" win="0" bet="40" muck="1" rebuy="0" addon="0" merge="0" rebuychips="0" reg_code="5089839585"/>
</players>
</general>
<round no="0"><action no="1" player="22vidi22" type="1" sum="10"/>
<action no="2" player="SuBandiduu" type="2" discard="1" dealt="1" sum="20"/>
</round>
<round no="1"><cards type="Pocket" player="ilCapo6">X X</cards>
<cards type="Pocket" player="22vidi22">S6 C9</cards>
<cards type="Pocket" player="SuBandiduu">X X</cards>
<action no="3" player="ilCapo6" type="0" discard="1" dealt="1" sum="0"/>
<action no="4" player="22vidi22" type="3" sum="10"/>
<action no="5" player="SuBandiduu" type="4" discard="1" dealt="1" sum="0"/>
</round>
<round no="2"><cards type="Flop">H9 CJ SQ</cards>
<action no="6" player="22vidi22" type="5" sum="20"/>
<action no="7" player="SuBandiduu" type="23" discard="1" dealt="1" sum="70"/>
<action no="8" player="22vidi22" type="0" sum="0"/>
</round>
</game>
<game gamecode="6596843068"><general>
<startdate>2026-01-16 16:04:18</startdate>
<round>1</round>
<failsafecounter/>
<players><player seat="6" name="ilCapo6" chips="540" dealer="0" win="20" bet="20" muck="1" rebuy="0" addon="0" merge="0" rebuychips="0" reg_code="5089839118"/>
<player seat="10" name="22vidi22" chips="420" dealer="1" win="0" bet="0" muck="1" rebuy="0" addon="0" merge="0" rebuychips="0" reg_code="5089839585"/>
<player seat="3" name="SuBandiduu" chips="540" dealer="0" win="0" bet="10" muck="1" rebuy="0" addon="0" merge="0" rebuychips="0" reg_code="5089836749"/>
</players>
</general>
<round no="0"><action no="1" player="SuBandiduu" type="1" discard="1" dealt="1" sum="10"/>
<action no="2" player="ilCapo6" type="2" discard="1" dealt="1" sum="20"/>
</round>
<round no="1"><cards type="Pocket" player="ilCapo6">X X</cards>
<cards type="Pocket" player="22vidi22">D7 S5</cards>
<cards type="Pocket" player="SuBandiduu">X X</cards>
<action no="3" player="22vidi22" type="0" sum="0"/>
<action no="4" player="SuBandiduu" type="0" discard="1" dealt="1" sum="0"/>
</round>
</game>
<game gamecode="6596843102"><general>
<startdate>2026-01-16 16:04:25</startdate>
<round>1</round>
<failsafecounter/>
<players><player seat="10" name="22vidi22" chips="420" dealer="0" win="0" bet="20" muck="1" rebuy="0" addon="0" merge="0" rebuychips="0" reg_code="5089839585"/>
<player seat="3" name="SuBandiduu" chips="530" dealer="1" win="0" bet="0" muck="1" rebuy="0" addon="0" merge="0" rebuychips="0" reg_code="5089836749"/>
<player seat="6" name="ilCapo6" chips="550" dealer="0" win="40" bet="50" muck="1" rebuy="0" addon="0" merge="0" rebuychips="0" reg_code="5089839118"/>
</players>
</general>
<round no="0"><action no="1" player="ilCapo6" type="1" discard="1" dealt="1" sum="10"/>
<action no="2" player="22vidi22" type="2" sum="20"/>
</round>
<round no="1"><cards type="Pocket" player="SuBandiduu">X X</cards>
<cards type="Pocket" player="ilCapo6">X X</cards>
<cards type="Pocket" player="22vidi22">D6 SK</cards>
<action no="3" player="SuBandiduu" type="0" discard="1" dealt="1" sum="0"/>
<action no="4" player="ilCapo6" type="23" discard="1" dealt="1" sum="50"/>
<action no="5" player="22vidi22" type="0" sum="0"/>
</round>
</game>
<game gamecode="6596843156"><general>
<startdate>2026-01-16 16:04:36</startdate>
<round>1</round>
<failsafecounter/>
<players><player seat="3" name="SuBandiduu" chips="530" dealer="0" win="800" bet="530" muck="0" rebuy="0" addon="0" merge="0" rebuychips="0" reg_code="5089836749"/>
<player seat="6" name="ilCapo6" chips="570" dealer="1" win="0" bet="0" muck="1" rebuy="0" addon="0" merge="0" rebuychips="0" reg_code="5089839118"/>
<player seat="10" name="22vidi22" chips="400" dealer="0" win="0" bet="400" muck="1" rebuy="0" addon="0" merge="0" rebuychips="0" reg_code="5089839585"/>
</players>
</general>
<round no="0"><action no="1" player="22vidi22" type="1" sum="10"/>
<action no="2" player="SuBandiduu" type="2" discard="1" dealt="1" sum="20"/>
</round>
<round no="1"><cards type="Pocket" player="SuBandiduu">DA CJ</cards>
<cards type="Pocket" player="22vidi22">CK HK</cards>
<cards type="Pocket" player="ilCapo6">X X</cards>
<action no="3" player="ilCapo6" type="0" discard="1" dealt="1" sum="0"/>
<action no="4" player="22vidi22" type="3" sum="10"/>
<action no="5" player="SuBandiduu" type="23" discard="1" dealt="1" sum="70"/>
<action no="6" player="22vidi22" type="3" sum="50"/>
</round>
<round no="2"><cards type="Flop">HA S5 D9</cards>
<action no="7" player="22vidi22" type="4" sum="0"/>
<action no="8" player="SuBandiduu" type="5" discard="1" dealt="1" sum="50"/>
<action no="9" player="22vidi22" type="3" sum="50"/>
</round>
<round no="3"><cards type="Turn">DJ</cards>
<action no="10" player="22vidi22" type="4" sum="0"/>
<action no="11" player="SuBandiduu" type="5" discard="1" dealt="1" sum="80"/>
<action no="12" player="22vidi22" type="3" sum="80"/>
</round>
<round no="4"><cards type="River">D5</cards>
<action no="13" player="22vidi22" type="4" sum="0"/>
<action no="14" player="SuBandiduu" type="5" discard="1" dealt="1" sum="330"/>
<action no="15" player="22vidi22" type="7" sum="200"/>
</round>
</game>
</session>
