<?xml version="1.0" encoding="UTF-8"?>
<session sessioncode="5089235923">
<general>
<client_version>24.7.1.15</client_version>
<mode>real</mode>
<gametype>Holdem NL</gametype>
<tablename>Twister €100 SNG, 826428486</tablename>
<tournamentcode>826428484</tournamentcode>
<tournamentname>Twister €100 SNG</tournamentname>
<buyin>€0 + €7 + €93</buyin>
<totalbuyin>€100</totalbuyin>
<rewarddrawn>€200</rewarddrawn>
<tournamentcurrency>EUR</tournamentcurrency>
<currency>EUR</currency>
<nickname>22vidi22</nickname>
<gamecount>28</gamecount>
<startdate>2026-01-14 11:33:39</startdate>
<place>1</place>
<win>€200</win>
<tablesize>3</tablesize>
</general>
<game gamecode="6594236063"><general>
<startdate>2026-01-14 11:33:54</startdate>
<round>1</round>
<failsafecounter/>
<players><player seat="3" name="22vidi22" chips="500" dealer="0" win="0" bet="20" muck="1" rebuy="0" addon="0" merge="0" rebuychips="0" reg_code="5089235923"/>
<player seat="6" name="Ankalaev" chips="500" dealer="1" win="50" bet="40" muck="1" rebuy="0" addon="0" merge="0" rebuychips="0" reg_code="5089235925"/>
<player seat="10" name="FanteDiDenari" chips="500" dealer="0" win="0" bet="10" muck="1" rebuy="0" addon="0" merge="0" rebuychips="0" reg_code="5089236011"/>
</players>
</general>
<round no="0"><action no="1" player="FanteDiDenari" type="1" discard="1" dealt="1" sum="10"/>
<action no="2" player="22vidi22" type="2" sum="20"/>
</round>
<round no="1"><cards type="Pocket" player="Ankalaev">X X</cards>
<cards type="Pocket" player="22vidi22">S9 D4</cards>
<cards type="Pocket" player="FanteDiDenari">X X</cards>
<action no="3" player="Ankalaev" type="23" discard="1" dealt="1" sum="40"/>
<action no="4" player="FanteDiDenari" type="0" discard="1" dealt="1" sum="0"/>
<action no="5" player="22vidi22" type="0" sum="0"/>
</round>
</game>
<game gamecode="6594240012"><general>
<startdate>2026-01-14 11:34:03</startdate>
<round>1</round>
<failsafecounter/>
<players><player seat="6" name="Ankalaev" chips="530" dealer="0" win="0" bet="20" muck="1" rebuy="0" addon="0" merge="0" rebuychips="0" reg_code="5089235925"/>
<player seat="10" name="FanteDiDenari" chips="490" dealer="1" win="0" bet="0" muck="1" rebuy="0" addon="0" merge="0" rebuychips="0" reg_code="5089236011"/>
<player seat="3" name="22vidi22" chips="480" dealer="0" win="40" bet="60" muck="1" rebuy="0" addon="0" merge="0" rebuychips="0" reg_code="5089235923"/>
</players>
</general>
<round no="0"><action no="1" player="22vidi22" type="1" sum="10"/>
<action no="2" player="Ankalaev" type="2" discard="1" dealt="1" sum="20"/>
</round>
<round no="1"><cards type="Pocket" player="FanteDiDenari">X X</cards>
<cards type="Pocket" player="Ankalaev">X X</cards>
<cards type="Pocket" player="22vidi22">D6 DQ</cards>
<action no="3" player="FanteDiDenari" type="0" discard="1" dealt="1" sum="0"/>
<action no="4" player="22vidi22" type="23" sum="60"/>
<action no="5" player="Ankalaev" type="0" discard="1" dealt="1" sum="0"/>
</round>
</game>
<game gamecode="6594240070"><general>
<startdate>2026-01-14 11:34:15</startdate>
<round>1</round>
<failsafecounter/>
<players><player seat="10" name="FanteDiDenari" chips="490" dealer="0" win="20" bet="20" muck="1" rebuy="0" addon="0" merge="0" rebuychips="0" reg_code="5089236011"/>
<player seat="3" name="22vidi22" chips="500" dealer="1" win="0" bet="0" muck="1" rebuy="0" addon="0" merge="0" rebuychips="0" reg_code="5089235923"/>
<player seat="6" name="Ankalaev" chips="510" dealer="0" win="0" bet="10" muck="1" rebuy="0" addon="0" merge="0" rebuychips="0" reg_code="5089235925"/>
</players>
</general>
<round no="0"><action no="1" player="Ankalaev" type="1" discard="1" dealt="1" sum="10"/>
<action no="2" player="FanteDiDenari" type="2" discard="1" dealt="1" sum="20"/>
</round>
<round no="1"><cards type="Pocket" player="FanteDiDenari">X X</cards>
<cards type="Pocket" player="Ankalaev">X X</cards>
<cards type="Pocket" player="22vidi22">H10 S6</cards>
<action no="3" player="22vidi22" type="0" sum="0"/>
<action no="4" player="Ankalaev" type="0" discard="1" dealt="1" sum="0"/>
</round>
</game>
<game gamecode="6594240112"><general>
<startdate>2026-01-14 11:34:25</startdate>
<round>1</round>
<failsafecounter/>
<players><player seat="3" name="22vidi22" chips="500" dealer="0" win="40" bet="100" muck="1" rebuy="0" addon="0" merge="0" rebuychips="0" reg_code="5089235923"/>
<player seat="6" name="Ankalaev" chips="500" dealer="1" win="0" bet="0" muck="1" rebuy="0" addon="0" merge="0" rebuychips="0" reg_code="5089235925"/>
<player seat="10" name="FanteDiDenari" chips="500" dealer="0" win="0" bet="20" muck="1" rebuy="0" addon="0" merge="0" rebuychips="0" reg_code="5089236011"/>
</players>
</general>
<round no="0"><action no="1" player="FanteDiDenari" type="1" discard="1" dealt="1" sum="10"/>
<action no="2" player="22vidi22" type="2" sum="20"/>
</round>
<round no="1"><cards type="Pocket" player="22vidi22">HJ HA</cards>
<cards type="Pocket" player="Ankalaev">X X</cards>
<cards type="Pocket" player="FanteDiDenari">X X</cards>
<action no="3" player="Ankalaev" type="0" discard="1" dealt="1" sum="0"/>
<action no="4" player="FanteDiDenari" type="3" discard="1" dealt="1" sum="10"/>
<action no="5" player="22vidi22" type="23" sum="100"/>
<action no="6" player="FanteDiDenari" type="0" discard="1" dealt="1" sum="0"/>
</round>
</game>
<game gamecode="6594240190"><general>
<startdate>2026-01-14 11:34:41</startdate>
<round>1</round>
<failsafecounter/>
<players><player seat="6" name="Ankalaev" chips="500" dealer="0" win="120" bet="160" muck="1" rebuy="0" addon="0" merge="0" rebuychips="0" reg_code="5089235925"/>
<player seat="10" name="FanteDiDenari" chips="480" dealer="1" win="0" bet="0" muck="1" rebuy="0" addon="0" merge="0" rebuychips="0" reg_code="5089236011"/>
<player seat="3" name="22vidi22" chips="520" dealer="0" win="0" bet="60" muck="1" rebuy="0" addon="0" merge="0" rebuychips="0" reg_code="5089235923"/>
</players>
</general>
<round no="0"><action no="1" player="22vidi22" type="1" sum="10"/>
<action no="2" player="Ankalaev" type="2" discard="1" dealt="1" sum="20"/>
</round>
<round no="1"><cards type="Pocket" player="Ankalaev">X X</cards>
<cards type="Pocket" player="22vidi22">DJ HQ</cards>
<cards type="Pocket" player="FanteDiDenari">X X</cards>
<action no="3" player="FanteDiDenari" type="0" discard="1" dealt="1" sum="0"/>
<action no="4" player="22vidi22" type="23" sum="60"/>
<action no="5" player="Ankalaev" type="23" discard="1" dealt="1" sum="160"/>
<action no="6" player="22vidi22" type="0" sum="0"/>
</round>
</game>
<game gamecode="6594240257"><general>
<startdate>2026-01-14 11:34:57</startdate>
<round>1</round>
<failsafecounter/>
<players><player seat="10" name="FanteDiDenari" chips="480" dealer="0" win="0" bet="20" muck="1" rebuy="0" addon="0" merge="0" rebuychips="0" reg_code="5089236011"/>
<player seat="3" name="22vidi22" chips="460" dealer="1" win="0" bet="40" muck="1" rebuy="0" addon="0" merge="0" rebuychips="0" reg_code="5089235923"/>
<player seat="6" name="Ankalaev" chips="560" dealer="0" win="100" bet="560" muck="1" rebuy="0" addon="0" merge="0" rebuychips="0" reg_code="5089235925"/>
</players>
</general>
<round no="0"><action no="1" player="Ankalaev" type="1" discard="1" dealt="1" sum="10"/>
<action no="2" player="FanteDiDenari" type="2" discard="1" dealt="1" sum="20"/>
</round>
<round no="1"><cards type="Pocket" player="Ankalaev">X X</cards>
<cards type="Pocket" player="FanteDiDenari">X X</cards>
<cards type="Pocket" player="22vidi22">H10 S9</cards>
<action no="3" player="22vidi22" type="23" sum="40"/>
<action no="4" player="Ankalaev" type="23" discard="1" dealt="1" sum="560"/>
<action no="5" player="FanteDiDenari" type="0" discard="1" dealt="1" sum="0"/>
<action no="6" player="22vidi22" type="0" sum="0"/>
</round>
</game>
<game gamecode="6594240298"><general>
<startdate>2026-01-14 11:35:08</startdate>
<round>1</round>
<failsafecounter/>
<players><player seat="3" name="22vidi22" chips="420" dealer="0" win="20" bet="20" muck="1" rebuy="0" addon="0" merge="0" rebuychips="0" reg_code="5089235923"/>
<player seat="6" name="Ankalaev" chips="620" dealer="1" win="0" bet="0" muck="1" rebuy="0" addon="0" merge="0" rebuychips="0" reg_code="5089235925"/>
<player seat="10" name="FanteDiDenari" chips="460" dealer="0" win="0" bet="10" muck="1" rebuy="0" addon="0" merge="0" rebuychips="0" reg_code="5089236011"/>
</players>
</general>
<round no="0"><action no="1" player="FanteDiDenari" type="1" discard="1" dealt="1" sum="10"/>
<action no="2" player="22vidi22" type="2" sum="20"/>
</round>
<round no="1"><cards type="Pocket" player="FanteDiDenari">X X</cards>
<cards type="Pocket" player="Ankalaev">X X</cards>
<cards type="Pocket" player="22vidi22">D9 C4</cards>
<action no="3" player="Ankalaev" type="0" discard="1" dealt="1" sum="0"/>
<action no="4" player="FanteDiDenari" type="0" discard="1" dealt="1" sum="0"/>
</round>
</game>
<game gamecode="6594240332"><general>
<startdate>2026-01-14 11:35:15</startdate>
<round>1</round>
<failsafecounter/>
<players><player seat="6" name="Ankalaev" chips="620" dealer="0" win="20" bet="20" muck="1" rebuy="0" addon="0" merge="0" rebuychips="0" reg_code="5089235925"/>
<player seat="10" name="FanteDiDenari" chips="450" dealer="1" win="0" bet="0" muck="1" rebuy="0" addon="0" merge="0" rebuychips="0" reg_code="5089236011"/>
<player seat="3" name="22vidi22" chips="430" dealer="0" win="0" bet="10" muck="1" rebuy="0" addon="0" merge="0" rebuychips="0" reg_code="5089235923"/>
</players>
</general>
<round no="0"><action no="1" player="22vidi22" type="1" sum="10"/>
<action no="2" player="Ankalaev" type="2" discard="1" dealt="1" sum="20"/>
</round>
<round no="1"><cards type="Pocket" player="Ankalaev">X X</cards>
<cards type="Pocket" player="22vidi22">S4 H2</cards>
<cards type="Pocket" player="FanteDiDenari">X X</cards>
<action no="3" player="FanteDiDenari" type="0" discard="1" dealt="1" sum="0"/>
<action no="4" player="22vidi22" type="0" sum="0"/>
</round>
</game>
<game gamecode="6594240362"><general>
<startdate>2026-01-14 11:35:21</startdate>
<round>1</round>
<failsafecounter/>
<players><player seat="10" name="FanteDiDenari" chips="450" dealer="0" win="0" bet="20" muck="1" rebuy="0" addon="0" merge="0" rebuychips="0" reg_code="5089236011"/>
<player seat="3" name="22vidi22" chips="420" dealer="1" win="0" bet="0" muck="1" rebuy="0" addon="0" merge="0" rebuychips="0" reg_code="5089235923"/>
<player seat="6" name="Ankalaev" chips="630" dealer="0" win="40" bet="40" muck="1" rebuy="0" addon="0" merge="0" rebuychips="0" reg_code="5089235925"/>
</players>
</general>
<round no="0"><action no="1" player="Ankalaev" type="1" discard="1" dealt="1" sum="10"/>
<action no="2" player="FanteDiDenari" type="2" discard="1" dealt="1" sum="20"/>
</round>
<round no="1"><cards type="Pocket" player="Ankalaev">X X</cards>
<cards type="Pocket" player="22vidi22">SK H8</cards>
<cards type="Pocket" player="FanteDiDenari">X X</cards>
<action no="3" player="22vidi22" type="0" sum="0"/>
<action no="4" player="Ankalaev" type="3" discard="1" dealt="1" sum="10"/>
<action no="5" player="FanteDiDenari" type="4" discard="1" dealt="1" sum="0"/>
</round>
<round no="2"><cards type="Flop">D10 S6 SA</cards>
<action no="6" player="Ankalaev" type="5" discard="1" dealt="1" sum="20"/>
<action no="7" player="FanteDiDenari" type="0" discard="1" dealt="1" sum="0"/>
</round>
</game>
<game gamecode="6594240449"><general>
<startdate>2026-01-14 11:35:41</startdate>
<round>1</round>
<failsafecounter/>
<players><player seat="3" name="22vidi22" chips="420" dealer="0" win="135" bet="95" muck="1" rebuy="0" addon="0" merge="0" rebuychips="0" reg_code="5089235923"/>
<player seat="6" name="Ankalaev" chips="650" dealer="1" win="0" bet="5" muck="1" rebuy="0" addon="0" merge="0" rebuychips="0" reg_code="5089235925"/>
<player seat="10" name="FanteDiDenari" chips="430" dealer="0" win="0" bet="65" muck="1" rebuy="0" addon="0" merge="0" rebuychips="0" reg_code="5089236011"/>
</players>
</general>
<round no="0"><action no="1" player="FanteDiDenari" type="15" discard="1" dealt="1" sum="5"/>
<action no="2" player="22vidi22" type="15" sum="5"/>
<action no="3" player="Ankalaev" type="15" discard="1" dealt="1" sum="5"/>
<action no="4" player="FanteDiDenari" type="1" discard="1" dealt="1" sum="15"/>
<action no="5" player="22vidi22" type="2" sum="30"/>
</round>
<round no="1"><cards type="Pocket" player="Ankalaev">X X</cards>
<cards type="Pocket" player="FanteDiDenari">X X</cards>
<cards type="Pocket" player="22vidi22">D8 D6</cards>
<action no="6" player="Ankalaev" type="0" discard="1" dealt="1" sum="0"/>
<action no="7" player="FanteDiDenari" type="3" discard="1" dealt="1" sum="15"/>
<action no="8" player="22vidi22" type="4" sum="0"/>
</round>
<round no="2"><cards type="Flop">S5 C8 CK</cards>
<action no="9" player="FanteDiDenari" type="5" discard="1" dealt="1" sum="30"/>
<action no="10" player="22vidi22" type="3" sum="30"/>
</round>
<round no="3"><cards type="Turn">D3</cards>
<action no="11" player="FanteDiDenari" type="4" discard="1" dealt="1" sum="0"/>
<action no="12" player="22vidi22" type="4" sum="0"/>
</round>
<round no="4"><cards type="River">S2</cards>
<action no="13" player="FanteDiDenari" type="4" discard="1" dealt="1" sum="0"/>
<action no="14" player="22vidi22" type="5" sum="30"/>
<action no="15" player="FanteDiDenari" type="0" discard="1" dealt="1" sum="0"/>
</round>
</game>
<game gamecode="6594240574"><general>
<startdate>2026-01-14 11:36:10</startdate>
<round>1</round>
<failsafecounter/>
<players><player seat="6" name="Ankalaev" chips="645" dealer="0" win="0" bet="35" muck="1" rebuy="0" addon="0" merge="0" rebuychips="0" reg_code="5089235925"/>
<player seat="10" name="FanteDiDenari" chips="365" dealer="1" win="90" bet="365" muck="1" rebuy="0" addon="0" merge="0" rebuychips="0" reg_code="5089236011"/>
<player seat="3" name="22vidi22" chips="490" dealer="0" win="0" bet="20" muck="1" rebuy="0" addon="0" merge="0" rebuychips="0" reg_code="5089235923"/>
</players>
</general>
<round no="0"><action no="1" player="22vidi22" type="15" sum="5"/>
<action no="2" player="Ankalaev" type="15" discard="1" dealt="1" sum="5"/>
<action no="3" player="FanteDiDenari" type="15" discard="1" dealt="1" sum="5"/>
<action no="4" player="22vidi22" type="1" sum="15"/>
<action no="5" player="Ankalaev" type="2" discard="1" dealt="1" sum="30"/>
</round>
<round no="1"><cards type="Pocket" player="22vidi22">C4 S6</cards>
<cards type="Pocket" player="FanteDiDenari">X X</cards>
<cards type="Pocket" player="Ankalaev">X X</cards>
<action no="6" player="FanteDiDenari" type="23" discard="1" dealt="1" sum="360"/>
<action no="7" player="22vidi22" type="0" sum="0"/>
<action no="8" player="Ankalaev" type="0" discard="1" dealt="1" sum="0"/>
</round>
</game>
<game gamecode="6594240610"><general>
<startdate>2026-01-14 11:36:17</startdate>
<round>1</round>
<failsafecounter/>
<players><player seat="10" name="FanteDiDenari" chips="420" dealer="0" win="45" bet="35" muck="1" rebuy="0" addon="0" merge="0" rebuychips="0" reg_code="5089236011"/>
<player seat="3" name="22vidi22" chips="470" dealer="1" win="0" bet="5" muck="1" rebuy="0" addon="0" merge="0" rebuychips="0" reg_code="5089235923"/>
<player seat="6" name="Ankalaev" chips="610" dealer="0" win="0" bet="20" muck="1" rebuy="0" addon="0" merge="0" rebuychips="0" reg_code="5089235925"/>
</players>
</general>
<round no="0"><action no="1" player="Ankalaev" type="15" discard="1" dealt="1" sum="5"/>
<action no="2" player="FanteDiDenari" type="15" discard="1" dealt="1" sum="5"/>
<action no="3" player="22vidi22" type="15" sum="5"/>
<action no="4" player="Ankalaev" type="1" discard="1" dealt="1" sum="15"/>
<action no="5" player="FanteDiDenari" type="2" discard="1" dealt="1" sum="30"/>
</round>
<round no="1"><cards type="Pocket" player="FanteDiDenari">X X</cards>
<cards type="Pocket" player="22vidi22">H8 S5</cards>
<cards type="Pocket" player="Ankalaev">X X</cards>
<action no="6" player="22vidi22" type="0" sum="0"/>
<action no="7" player="Ankalaev" type="0" discard="1" dealt="1" sum="0"/>
</round>
</game>
<game gamecode="6594240649"><general>
<startdate>2026-01-14 11:36:24</startdate>
<round>1</round>
<failsafecounter/>
<players><player seat="3" name="22vidi22" chips="465" dealer="0" win="0" bet="35" muck="1" rebuy="0" addon="0" merge="0" rebuychips="0" reg_code="5089235923"/>
<player seat="6" name="Ankalaev" chips="590" dealer="1" win="0" bet="5" muck="1" rebuy="0" addon="0" merge="0" rebuychips="0" reg_code="5089235925"/>
<player seat="10" name="FanteDiDenari" chips="445" dealer="0" win="75" bet="445" muck="1" rebuy="0" addon="0" merge="0" rebuychips="0" reg_code="5089236011"/>
</players>
</general>
<round no="0"><action no="1" player="FanteDiDenari" type="15" discard="1" dealt="1" sum="5"/>
<action no="2" player="22vidi22" type="15" sum="5"/>
<action no="3" player="Ankalaev" type="15" discard="1" dealt="1" sum="5"/>
<action no="4" player="FanteDiDenari" type="1" discard="1" dealt="1" sum="15"/>
<action no="5" player="22vidi22" type="2" sum="30"/>
</round>
<round no="1"><cards type="Pocket" player="Ankalaev">X X</cards>
<cards type="Pocket" player="22vidi22">HQ D5</cards>
<cards type="Pocket" player="FanteDiDenari">X X</cards>
<action no="6" player="Ankalaev" type="0" discard="1" dealt="1" sum="0"/>
<action no="7" player="FanteDiDenari" type="23" discard="1" dealt="1" sum="440"/>
<action no="8" player="22vidi22" type="0" sum="0"/>
</round>
</game>
<game gamecode="6594240669"><general>
<startdate>2026-01-14 11:36:31</startdate>
<round>1</round>
<failsafecounter/>
<players><player seat="6" name="Ankalaev" chips="585" dealer="0" win="0" bet="35" muck="1" rebuy="0" addon="0" merge="0" rebuychips="0" reg_code="5089235925"/>
<player seat="10" name="FanteDiDenari" chips="485" dealer="1" win="0" bet="5" muck="1" rebuy="0" addon="0" merge="0" rebuychips="0" reg_code="5089236011"/>
<player seat="3" name="22vidi22" chips="430" dealer="0" win="75" bet="65" muck="1" rebuy="0" addon="0" merge="0" rebuychips="0" reg_code="5089235923"/>
</players>
</general>
<round no="0"><action no="1" player="22vidi22" type="15" sum="5"/>
<action no="2" player="Ankalaev" type="15" discard="1" dealt="1" sum="5"/>
<action no="3" player="FanteDiDenari" type="15" discard="1" dealt="1" sum="5"/>
<action no="4" player="22vidi22" type="1" sum="15"/>
<action no="5" player="Ankalaev" type="2" discard="1" dealt="1" sum="30"/>
</round>
<round no="1"><cards type="Pocket" player="FanteDiDenari">X X</cards>
<cards type="Pocket" player="22vidi22">D9 H8</cards>
<cards type="Pocket" player="Ankalaev">X X</cards>
<action no="6" player="FanteDiDenari" type="0" discard="1" dealt="1" sum="0"/>
<action no="7" player="22vidi22" type="23" sum="60"/>
<action no="8" player="Ankalaev" type="0" discard="1" dealt="1" sum="0"/>
</round>
</game>
<game gamecode="6594240713"><general>
<startdate>2026-01-14 11:36:40</startdate>
<round>1</round>
<failsafecounter/>
<players><player seat="10" name="FanteDiDenari" chips="480" dealer="0" win="0" bet="35" muck="1" rebuy="0" addon="0" merge="0" rebuychips="0" reg_code="5089236011"/>
<player seat="3" name="22vidi22" chips="470" dealer="1" win="90" bet="470" muck="1" rebuy="0" addon="0" merge="0" rebuychips="0" reg_code="5089235923"/>
<player seat="6" name="Ankalaev" chips="550" dealer="0" win="0" bet="20" muck="1" rebuy="0" addon="0" merge="0" rebuychips="0" reg_code="5089235925"/>
</players>
</general>
<round no="0"><action no="1" player="Ankalaev" type="15" discard="1" dealt="1" sum="5"/>
<action no="2" player="FanteDiDenari" type="15" discard="1" dealt="1" sum="5"/>
<action no="3" player="22vidi22" type="15" sum="5"/>
<action no="4" player="Ankalaev" type="1" discard="1" dealt="1" sum="15"/>
<action no="5" player="FanteDiDenari" type="2" discard="1" dealt="1" sum="30"/>
</round>
<round no="1"><cards type="Pocket" player="FanteDiDenari">X X</cards>
<cards type="Pocket" player="22vidi22">S8 DK</cards>
<cards type="Pocket" player="Ankalaev">X X</cards>
<action no="6" player="22vidi22" type="23" sum="465"/>
<action no="7" player="Ankalaev" type="0" discard="1" dealt="1" sum="0"/>
<action no="8" player="FanteDiDenari" type="0" discard="1" dealt="1" sum="0"/>
</round>
</game>
<game gamecode="6594240768"><general>
<startdate>2026-01-14 11:36:52</startdate>
<round>1</round>
<failsafecounter/>
<players><player seat="3" name="22vidi22" chips="525" dealer="0" win="0" bet="35" muck="1" rebuy="0" addon="0" merge="0" rebuychips="0" reg_code="5089235923"/>
<player seat="6" name="Ankalaev" chips="530" dealer="1" win="0" bet="5" muck="1" rebuy="0" addon="0" merge="0" rebuychips="0" reg_code="5089235925"/>
<player seat="10" name="FanteDiDenari" chips="445" dealer="0" win="75" bet="445" muck="1" rebuy="0" addon="0" merge="0" rebuychips="0" reg_code="5089236011"/>
</players>
</general>
<round no="0"><action no="1" player="FanteDiDenari" type="15" discard="1" dealt="1" sum="5"/>
<action no="2" player="22vidi22" type="15" sum="5"/>
<action no="3" player="Ankalaev" type="15" discard="1" dealt="1" sum="5"/>
<action no="4" player="FanteDiDenari" type="1" discard="1" dealt="1" sum="15"/>
<action no="5" player="22vidi22" type="2" sum="30"/>
</round>
<round no="1"><cards type="Pocket" player="22vidi22">S2 S7</cards>
<cards type="Pocket" player="FanteDiDenari">X X</cards>
<cards type="Pocket" player="Ankalaev">X X</cards>
<action no="6" player="Ankalaev" type="0" discard="1" dealt="1" sum="0"/>
<action no="7" player="FanteDiDenari" type="23" discard="1" dealt="1" sum="440"/>
<action no="8" player="22vidi22" type="0" sum="0"/>
</round>
</game>
<game gamecode="6594240822"><general>
<startdate>2026-01-14 11:37:07</startdate>
<round>1</round>
<failsafecounter/>
<players><player seat="6" name="Ankalaev" chips="525" dealer="0" win="0" bet="35" muck="1" rebuy="0" addon="0" merge="0" rebuychips="0" reg_code="5089235925"/>
<player seat="10" name="FanteDiDenari" chips="485" dealer="1" win="90" bet="65" muck="1" rebuy="0" addon="0" merge="0" rebuychips="0" reg_code="5089236011"/>
<player seat="3" name="22vidi22" chips="490" dealer="0" win="0" bet="20" muck="1" rebuy="0" addon="0" merge="0" rebuychips="0" reg_code="5089235923"/>
</players>
</general>
<round no="0"><action no="1" player="22vidi22" type="15" sum="5"/>
<action no="2" player="Ankalaev" type="15" discard="1" dealt="1" sum="5"/>
<action no="3" player="FanteDiDenari" type="15" discard="1" dealt="1" sum="5"/>
<action no="4" player="22vidi22" type="1" sum="15"/>
<action no="5" player="Ankalaev" type="2" discard="1" dealt="1" sum="30"/>
</round>
<round no="1"><cards type="Pocket" player="22vidi22">CK H8</cards>
<cards type="Pocket" player="Ankalaev">X X</cards>
<cards type="Pocket" player="FanteDiDenari">X X</cards>
<action no="6" player="FanteDiDenari" type="23" discard="1" dealt="1" sum="60"/>
<action no="7" player="22vidi22" type="0" sum="0"/>
<action no="8" player="Ankalaev" type="0" discard="1" dealt="1" sum="0"/>
</round>
</game>
<game gamecode="6594240894"><general>
<startdate>2026-01-14 11:37:25</startdate>
<round>1</round>
<failsafecounter/>
<players><player seat="10" name="FanteDiDenari" chips="540" dealer="0" win="55" bet="45" muck="1" rebuy="0" addon="0" merge="0" rebuychips="0" reg_code="5089236011"/>
<player seat="3" name="22vidi22" chips="470" dealer="1" win="0" bet="5" muck="1" rebuy="0" addon="0" merge="0" rebuychips="0" reg_code="5089235923"/>
<player seat="6" name="Ankalaev" chips="490" dealer="0" win="0" bet="25" muck="1" rebuy="0" addon="0" merge="0" rebuychips="0" reg_code="5089235925"/>
</players>
</general>
<round no="0"><action no="1" player="Ankalaev" type="15" discard="1" dealt="1" sum="5"/>
<action no="2" player="FanteDiDenari" type="15" discard="1" dealt="1" sum="5"/>
<action no="3" player="22vidi22" type="15" sum="5"/>
<action no="4" player="Ankalaev" type="1" discard="1" dealt="1" sum="20"/>
<action no="5" player="FanteDiDenari" type="2" discard="1" dealt="1" sum="40"/>
</round>
<round no="1"><cards type="Pocket" player="Ankalaev">X X</cards>
<cards type="Pocket" player="FanteDiDenari">X X</cards>
<cards type="Pocket" player="22vidi22">S4 HQ</cards>
<action no="6" player="22vidi22" type="0" sum="0"/>
<action no="7" player="Ankalaev" type="0" discard="1" dealt="1" sum="0"/>
</round>
</game>
<game gamecode="6594240935"><general>
<startdate>2026-01-14 11:37:38</startdate>
<round>1</round>
<failsafecounter/>
<players><player seat="3" name="22vidi22" chips="465" dealer="0" win="55" bet="45" muck="1" rebuy="0" addon="0" merge="0" rebuychips="0" reg_code="5089235923"/>
<player seat="6" name="Ankalaev" chips="465" dealer="1" win="0" bet="5" muck="1" rebuy="0" addon="0" merge="0" rebuychips="0" reg_code="5089235925"/>
<player seat="10" name="FanteDiDenari" chips="570" dealer="0" win="0" bet="25" muck="1" rebuy="0" addon="0" merge="0" rebuychips="0" reg_code="5089236011"/>
</players>
</general>
<round no="0"><action no="1" player="FanteDiDenari" type="15" discard="1" dealt="1" sum="5"/>
<action no="2" player="22vidi22" type="15" sum="5"/>
<action no="3" player="Ankalaev" type="15" discard="1" dealt="1" sum="5"/>
<action no="4" player="FanteDiDenari" type="1" discard="1" dealt="1" sum="20"/>
<action no="5" player="22vidi22" type="2" sum="40"/>
</round>
<round no="1"><cards type="Pocket" player="FanteDiDenari">X X</cards>
<cards type="Pocket" player="Ankalaev">X X</cards>
<cards type="Pocket" player="22vidi22">C10 H7</cards>
<action no="6" player="Ankalaev" type="0" discard="1" dealt="1" sum="0"/>
<action no="7" player="FanteDiDenari" type="0" discard="1" dealt="1" sum="0"/>
</round>
</game>
<game gamecode="6594240996"><general>
<startdate>2026-01-14 11:37:53</startdate>
<round>1</round>
<failsafecounter/>
<players><player seat="6" name="Ankalaev" chips="460" dealer="0" win="0" bet="45" muck="1" rebuy="0" addon="0" merge="0" rebuychips="0" reg_code="5089235925"/>
<player seat="10" name="FanteDiDenari" chips="545" dealer="1" win="0" bet="5" muck="1" rebuy="0" addon="0" merge="0" rebuychips="0" reg_code="5089236011"/>
<player seat="3" name="22vidi22" chips="495" dealer="0" win="95" bet="495" muck="1" rebuy="0" addon="0" merge="0" rebuychips="0" reg_code="5089235923"/>
</players>
</general>
<round no="0"><action no="1" player="22vidi22" type="15" sum="5"/>
<action no="2" player="Ankalaev" type="15" discard="1" dealt="1" sum="5"/>
<action no="3" player="FanteDiDenari" type="15" discard="1" dealt="1" sum="5"/>
<action no="4" player="22vidi22" type="1" sum="20"/>
<action no="5" player="Ankalaev" type="2" discard="1" dealt="1" sum="40"/>
</round>
<round no="1"><cards type="Pocket" player="Ankalaev">X X</cards>
<cards type="Pocket" player="FanteDiDenari">X X</cards>
<cards type="Pocket" player="22vidi22">HK S3</cards>
<action no="6" player="FanteDiDenari" type="0" discard="1" dealt="1" sum="0"/>
<action no="7" player="22vidi22" type="23" sum="490"/>
<action no="8" player="Ankalaev" type="0" discard="1" dealt="1" sum="0"/>
</round>
</game>
<game gamecode="6594241035"><general>
<startdate>2026-01-14 11:38:04</startdate>
<round>1</round>
<failsafecounter/>
<players><player seat="10" name="FanteDiDenari" chips="540" dealer="0" win="55" bet="45" muck="1" rebuy="0" addon="0" merge="0" rebuychips="0" reg_code="5089236011"/>
<player seat="3" name="22vidi22" chips="545" dealer="1" win="0" bet="5" muck="1" rebuy="0" addon="0" merge="0" rebuychips="0" reg_code="5089235923"/>
<player seat="6" name="Ankalaev" chips="415" dealer="0" win="0" bet="25" muck="1" rebuy="0" addon="0" merge="0" rebuychips="0" reg_code="5089235925"/>
</players>
</general>
<round no="0"><action no="1" player="Ankalaev" type="15" discard="1" dealt="1" sum="5"/>
<action no="2" player="FanteDiDenari" type="15" discard="1" dealt="1" sum="5"/>
<action no="3" player="22vidi22" type="15" sum="5"/>
<action no="4" player="Ankalaev" type="1" discard="1" dealt="1" sum="20"/>
<action no="5" player="FanteDiDenari" type="2" discard="1" dealt="1" sum="40"/>
</round>
<round no="1"><cards type="Pocket" player="22vidi22">CQ C4</cards>
<cards type="Pocket" player="FanteDiDenari">X X</cards>
<cards type="Pocket" player="Ankalaev">X X</cards>
<action no="6" player="22vidi22" type="0" sum="0"/>
<action no="7" player="Ankalaev" type="0" discard="1" dealt="1" sum="0"/>
</round>
</game>
<game gamecode="6594241075"><general>
<startdate>2026-01-14 11:38:13</startdate>
<round>1</round>
<failsafecounter/>
<players><player seat="3" name="22vidi22" chips="540" dealer="0" win="0" bet="45" muck="1" rebuy="0" addon="0" merge="0" rebuychips="0" reg_code="5089235923"/>
<player seat="6" name="Ankalaev" chips="390" dealer="1" win="825" bet="390" muck="0" rebuy="0" addon="0" merge="0" rebuychips="0" reg_code="5089235925"/>
<player seat="10" name="FanteDiDenari" chips="570" dealer="0" win="0" bet="570" muck="1" rebuy="0" addon="0" merge="0" rebuychips="0" reg_code="5089236011"/>
</players>
</general>
<round no="0"><action no="1" player="FanteDiDenari" type="15" discard="1" dealt="1" sum="5"/>
<action no="2" player="22vidi22" type="15" sum="5"/>
<action no="3" player="Ankalaev" type="15" discard="1" dealt="1" sum="5"/>
<action no="4" player="FanteDiDenari" type="1" discard="1" dealt="1" sum="20"/>
<action no="5" player="22vidi22" type="2" sum="40"/>
</round>
<round no="1"><cards type="Pocket" player="22vidi22">C2 D9</cards>
<cards type="Pocket" player="FanteDiDenari">S7 HA</cards>
<cards type="Pocket" player="Ankalaev">C6 H6</cards>
<action no="6" player="Ankalaev" type="23" discard="1" dealt="1" sum="385"/>
<action no="7" player="FanteDiDenari" type="7" discard="1" dealt="1" sum="545"/>
<action no="8" player="22vidi22" type="0" sum="0"/>
</round>
<round no="2"><cards type="Flop">S3 CQ DA</cards>
</round>
<round no="3"><cards type="Turn">D6</cards>
</round>
<round no="4"><cards type="River">C4</cards>
</round>
</game>
<game gamecode="6594241177"><general>
<startdate>2026-01-14 11:38:35</startdate>
<round>1</round>
<failsafecounter/>
<players><player seat="6" name="Ankalaev" chips="825" dealer="0" win="0" bet="85" muck="1" rebuy="0" addon="0" merge="0" rebuychips="0" reg_code="5089235925"/>
<player seat="10" name="FanteDiDenari" chips="180" dealer="1" win="0" bet="5" muck="1" rebuy="0" addon="0" merge="0" rebuychips="0" reg_code="5089236011"/>
<player seat="3" name="22vidi22" chips="495" dealer="0" win="175" bet="165" muck="1" rebuy="0" addon="0" merge="0" rebuychips="0" reg_code="5089235923"/>
</players>
</general>
<round no="0"><action no="1" player="22vidi22" type="15" sum="5"/>
<action no="2" player="Ankalaev" type="15" discard="1" dealt="1" sum="5"/>
<action no="3" player="FanteDiDenari" type="15" discard="1" dealt="1" sum="5"/>
<action no="4" player="22vidi22" type="1" sum="20"/>
<action no="5" player="Ankalaev" type="2" discard="1" dealt="1" sum="40"/>
</round>
<round no="1"><cards type="Pocket" player="FanteDiDenari">X X</cards>
<cards type="Pocket" player="22vidi22">D4 S3</cards>
<cards type="Pocket" player="Ankalaev">X X</cards>
<action no="6" player="FanteDiDenari" type="0" discard="1" dealt="1" sum="0"/>
<action no="7" player="22vidi22" type="3" sum="20"/>
<action no="8" player="Ankalaev" type="4" discard="1" dealt="1" sum="0"/>
</round>
<round no="2"><cards type="Flop">S9 D8 C9</cards>
<action no="9" player="22vidi22" type="5" sum="40"/>
<action no="10" player="Ankalaev" type="3" discard="1" dealt="1" sum="40"/>
</round>
<round no="3"><cards type="Turn">C6</cards>
<action no="11" player="22vidi22" type="4" sum="0"/>
<action no="12" player="Ankalaev" type="4" discard="1" dealt="1" sum="0"/>
</round>
<round no="4"><cards type="River">D9</cards>
<action no="13" player="22vidi22" type="5" sum="80"/>
<action no="14" player="Ankalaev" type="0" discard="1" dealt="1" sum="0"/>
</round>
</game>
<game gamecode="6594241412"><general>
<startdate>2026-01-14 11:39:33</startdate>
<round>1</round>
<failsafecounter/>
<players><player seat="10" name="FanteDiDenari" chips="175" dealer="0" win="355" bet="175" muck="0" rebuy="0" addon="0" merge="0" rebuychips="0" reg_code="5089236011"/>
<player seat="3" name="22vidi22" chips="585" dealer="1" win="0" bet="5" muck="1" rebuy="0" addon="0" merge="0" rebuychips="0" reg_code="5089235923"/>
<player seat="6" name="Ankalaev" chips="740" dealer="0" win="0" bet="740" muck="1" rebuy="0" addon="0" merge="0" rebuychips="0" reg_code="5089235925"/>
</players>
</general>
<round no="0"><action no="1" player="Ankalaev" type="15" discard="1" dealt="1" sum="5"/>
<action no="2" player="FanteDiDenari" type="15" discard="1" dealt="1" sum="5"/>
<action no="3" player="22vidi22" type="15" sum="5"/>
<action no="4" player="Ankalaev" type="1" discard="1" dealt="1" sum="30"/>
<action no="5" player="FanteDiDenari" type="2" discard="1" dealt="1" sum="60"/>
</round>
<round no="1"><cards type="Pocket" player="Ankalaev">HQ S2</cards>
<cards type="Pocket" player="FanteDiDenari">H9 H6</cards>
<cards type="Pocket" player="22vidi22">SJ C4</cards>
<action no="6" player="22vidi22" type="0" sum="0"/>
<action no="7" player="Ankalaev" type="23" discard="1" dealt="1" sum="735"/>
<action no="8" player="FanteDiDenari" type="7" discard="1" dealt="1" sum="110"/>
</round>
<round no="2"><cards type="Flop">S10 CA S6</cards>
</round>
<round no="3"><cards type="Turn">C8</cards>
</round>
<round no="4"><cards type="River">D3</cards>
</round>
</game>
<game gamecode="6594241501"><general>
<startdate>2026-01-14 11:39:56</startdate>
<round>1</round>
<failsafecounter/>
<players><player seat="3" name="22vidi22" chips="580" dealer="0" win="0" bet="65" muck="1" rebuy="0" addon="0" merge="0" rebuychips="0" reg_code="5089235923"/>
<player seat="6" name="Ankalaev" chips="565" dealer="1" win="165" bet="565" muck="1" rebuy="0" addon="0" merge="0" rebuychips="0" reg_code="5089235925"/>
<player seat="10" name="FanteDiDenari" chips="355" dealer="0" win="0" bet="35" muck="1" rebuy="0" addon="0" merge="0" rebuychips="0" reg_code="5089236011"/>
</players>
</general>
<round no="0"><action no="1" player="FanteDiDenari" type="15" discard="1" dealt="1" sum="5"/>
<action no="2" player="22vidi22" type="15" sum="5"/>
<action no="3" player="Ankalaev" type="15" discard="1" dealt="1" sum="5"/>
<action no="4" player="FanteDiDenari" type="1" discard="1" dealt="1" sum="30"/>
<action no="5" player="22vidi22" type="2" sum="60"/>
</round>
<round no="1"><cards type="Pocket" player="Ankalaev">X X</cards>
<cards type="Pocket" player="FanteDiDenari">X X</cards>
<cards type="Pocket" player="22vidi22">H2 S5</cards>
<action no="6" player="Ankalaev" type="23" discard="1" dealt="1" sum="560"/>
<action no="7" player="FanteDiDenari" type="0" discard="1" dealt="1" sum="0"/>
<action no="8" player="22vidi22" type="0" sum="0"/>
</round>
</game>
<game gamecode="6594241541"><general>
<startdate>2026-01-14 11:40:06</startdate>
<round>1</round>
<failsafecounter/>
<players><player seat="6" name="Ankalaev" chips="665" dealer="0" win="0" bet="65" muck="1" rebuy="0" addon="0" merge="0" rebuychips="0" reg_code="5089235925"/>
<player seat="10" name="FanteDiDenari" chips="320" dealer="1" win="0" bet="5" muck="1" rebuy="0" addon="0" merge="0" rebuychips="0" reg_code="5089236011"/>
<player seat="3" name="22vidi22" chips="515" dealer="0" win="135" bet="515" muck="1" rebuy="0" addon="0" merge="0" rebuychips="0" reg_code="5089235923"/>
</players>
</general>
<round no="0"><action no="1" player="22vidi22" type="15" sum="5"/>
<action no="2" player="Ankalaev" type="15" discard="1" dealt="1" sum="5"/>
<action no="3" player="FanteDiDenari" type="15" discard="1" dealt="1" sum="5"/>
<action no="4" player="22vidi22" type="1" sum="30"/>
<action no="5" player="Ankalaev" type="2" discard="1" dealt="1" sum="60"/>
</round>
<round no="1"><cards type="Pocket" player="FanteDiDenari">X X</cards>
<cards type="Pocket" player="Ankalaev">X X</cards>
<cards type="Pocket" player="22vidi22">H6 S6</cards>
<action no="6" player="FanteDiDenari" type="0" discard="1" dealt="1" sum="0"/>
<action no="7" player="22vidi22" type="23" sum="510"/>
<action no="8" player="Ankalaev" type="0" discard="1" dealt="1" sum="0"/>
</round>
</game>
<game gamecode="6594241605"><general>
<startdate>2026-01-14 11:40:21</startdate>
<round>1</round>
<failsafecounter/>
<players><player seat="10" name="FanteDiDenari" chips="315" dealer="0" win="0" bet="315" muck="0" rebuy="0" addon="0" merge="0" rebuychips="0" reg_code="5089236011"/>
<player seat="3" name="22vidi22" chips="585" dealer="1" win="665" bet="585" muck="0" rebuy="0" addon="0" merge="0" rebuychips="0" reg_code="5089235923"/>
<player seat="6" name="Ankalaev" chips="600" dealer="0" win="0" bet="35" muck="1" rebuy="0" addon="0" merge="0" rebuychips="0" reg_code="5089235925"/>
</players>
</general>
<round no="0"><action no="1" player="Ankalaev" type="15" discard="1" dealt="1" sum="5"/>
<action no="2" player="FanteDiDenari" type="15" discard="1" dealt="1" sum="5"/>
<action no="3" player="22vidi22" type="15" sum="5"/>
<action no="4" player="Ankalaev" type="1" discard="1" dealt="1" sum="30"/>
<action no="5" player="FanteDiDenari" type="2" discard="1" dealt="1" sum="60"/>
</round>
<round no="1"><cards type="Pocket" player="22vidi22">SQ SK</cards>
<cards type="Pocket" player="FanteDiDenari">H10 H7</cards>
<cards type="Pocket" player="Ankalaev">X X</cards>
<action no="6" player="22vidi22" type="23" sum="580"/>
<action no="7" player="Ankalaev" type="0" discard="1" dealt="1" sum="0"/>
<action no="8" player="FanteDiDenari" type="7" discard="1" dealt="1" sum="250"/>
</round>
<round no="2"><cards type="Flop">SJ C3 D3</cards>
</round>
<round no="3"><cards type="Turn">S8</cards>
</round>
<round no="4"><cards type="River">CJ</cards>
</round>
</game>
<game gamecode="6594241679"><general>
<startdate>2026-01-14 11:40:40</startdate>
<round>1</round>
<failsafecounter/>
<players><player seat="3" name="22vidi22" chips="935" dealer="0" win="1,130" bet="565" muck="0" rebuy="0" addon="0" merge="0" rebuychips="0" reg_code="5089235923"/>
<player seat="6" name="Ankalaev" chips="565" dealer="1" win="0" bet="565" muck="0" rebuy="0" addon="0" merge="0" rebuychips="0" reg_code="5089235925"/>
</players>
</general>
<round no="0"><action no="1" player="Ankalaev" type="15" discard="1" dealt="1" sum="8"/>
<action no="2" player="22vidi22" type="15" sum="8"/>
<action no="3" player="Ankalaev" type="1" discard="1" dealt="1" sum="40"/>
<action no="4" player="22vidi22" type="2" sum="80"/>
</round>
<round no="1"><cards type="Pocket" player="22vidi22">SA S7</cards>
<cards type="Pocket" player="Ankalaev">S9 S8</cards>
<action no="5" player="Ankalaev" type="23" discard="1" dealt="1" sum="557"/>
<action no="6" player="22vidi22" type="3" sum="477"/>
</round>
<round no="2"><cards type="Flop">C2 H6 C4</cards>
</round>
<round no="3"><cards type="Turn">HA</cards>
</round>
<round no="4"><cards type="River">D7</cards>
</round>
</game>
</session>
