<?xml version="1.0" encoding="UTF-8"?>
<session sessioncode="5089222638">
<general>
<client_version>25.7.1.50</client_version>
<mode>real</mode>
<gametype>Holdem NL</gametype>
<tablename>Twister €100 SNG, 826424989</tablename>
<tournamentcode>826424988</tournamentcode>
<tournamentname>Twister €100 SNG</tournamentname>
<buyin>€0 + €7 + €93</buyin>
<totalbuyin>€100</totalbuyin>
<rewarddrawn>€200</rewarddrawn>
<tournamentcurrency>EUR</tournamentcurrency>
<currency>EUR</currency>
<nickname>22vidi22</nickname>
<gamecount>31</gamecount>
<startdate>2026-01-14 09:48:53</startdate>
<place>1</place>
<win>€200</win>
<tablesize>3</tablesize>
</general>
<game gamecode="6594183669"><general>
<startdate>2026-01-14 09:49:09</startdate>
<round>1</round>
<failsafecounter/>
<players><player seat="6" name="Ankalaev" chips="500" dealer="0" win="20" bet="20" muck="1" rebuy="0" addon="0" merge="0" rebuychips="0" reg_code="5089222523"/>
<player seat="10" name="22vidi22" chips="500" dealer="1" win="0" bet="0" muck="1" rebuy="0" addon="0" merge="0" rebuychips="0" reg_code="5089222638"/>
<player seat="3" name="L1mltless" chips="500" dealer="0" win="0" bet="10" muck="1" rebuy="0" addon="0" merge="0" rebuychips="0" reg_code="5089222515"/>
</players>
</general>
<round no="0"><action no="1" player="L1mltless" type="1" discard="1" dealt="1" sum="10"/>
<action no="2" player="Ankalaev" type="2" discard="1" dealt="1" sum="20"/>
</round>
<round no="1"><cards type="Pocket" player="Ankalaev">X X</cards>
<cards type="Pocket" player="22vidi22">DJ C8</cards>
<cards type="Pocket" player="L1mltless">X X</cards>
<action no="3" player="22vidi22" type="0" sum="0"/>
<action no="4" player="L1mltless" type="0" discard="1" dealt="1" sum="0"/>
</round>
</game>
<game gamecode="6594183686"><general>
<startdate>2026-01-14 09:49:18</startdate>
<round>1</round>
<failsafecounter/>
<players><player seat="10" name="22vidi22" chips="500" dealer="0" win="20" bet="20" muck="1" rebuy="0" addon="0" merge="0" rebuychips="0" reg_code="5089222638"/>
<player seat="3" name="L1mltless" chips="490" dealer="1" win="0" bet="0" muck="1" rebuy="0" addon="0" merge="0" rebuychips="0" reg_code="5089222515"/>
<player seat="6" name="Ankalaev" chips="510" dealer="0" win="0" bet="10" muck="1" rebuy="0" addon="0" merge="0" rebuychips="0" reg_code="5089222523"/>
</players>
</general>
<round no="0"><action no="1" player="Ankalaev" type="1" discard="1" dealt="1" sum="10"/>
<action no="2" player="22vidi22" type="2" sum="20"/>
</round>
<round no="1"><cards type="Pocket" player="22vidi22">H7 SA</cards>
<cards type="Pocket" player="Ankalaev">X X</cards>
<cards type="Pocket" player="L1mltless">X X</cards>
<action no="3" player="L1mltless" type="0" discard="1" dealt="1" sum="0"/>
<action no="4" player="Ankalaev" type="0" discard="1" dealt="1" sum="0"/>
</round>
</game>
<game gamecode="6594183695"><general>
<startdate>2026-01-14 09:49:25</startdate>
<round>1</round>
<failsafecounter/>
<players><player seat="3" name="L1mltless" chips="490" dealer="0" win="20" bet="20" muck="1" rebuy="0" addon="0" merge="0" rebuychips="0" reg_code="5089222515"/>
<player seat="6" name="Ankalaev" chips="500" dealer="1" win="0" bet="0" muck="1" rebuy="0" addon="0" merge="0" rebuychips="0" reg_code="5089222523"/>
<player seat="10" name="22vidi22" chips="510" dealer="0" win="0" bet="10" muck="1" rebuy="0" addon="0" merge="0" rebuychips="0" reg_code="5089222638"/>
</players>
</general>
<round no="0"><action no="1" player="22vidi22" type="1" sum="10"/>
<action no="2" player="L1mltless" type="2" discard="1" dealt="1" sum="20"/>
</round>
<round no="1"><cards type="Pocket" player="22vidi22">S5 C7</cards>
<cards type="Pocket" player="L1mltless">X X</cards>
<cards type="Pocket" player="Ankalaev">X X</cards>
<action no="3" player="Ankalaev" type="0" discard="1" dealt="1" sum="0"/>
<action no="4" player="22vidi22" type="0" sum="0"/>
</round>
</game>
<game gamecode="6594183705"><general>
<startdate>2026-01-14 09:49:31</startdate>
<round>1</round>
<failsafecounter/>
<players><player seat="6" name="Ankalaev" chips="500" dealer="0" win="20" bet="20" muck="1" rebuy="0" addon="0" merge="0" rebuychips="0" reg_code="5089222523"/>
<player seat="10" name="22vidi22" chips="500" dealer="1" win="0" bet="0" muck="1" rebuy="0" addon="0" merge="0" rebuychips="0" reg_code="5089222638"/>
<player seat="3" name="L1mltless" chips="500" dealer="0" win="0" bet="10" muck="1" rebuy="0" addon="0" merge="0" rebuychips="0" reg_code="5089222515"/>
</players>
</general>
<round no="0"><action no="1" player="L1mltless" type="1" discard="1" dealt="1" sum="10"/>
<action no="2" player="Ankalaev" type="2" discard="1" dealt="1" sum="20"/>
</round>
<round no="1"><cards type="Pocket" player="L1mltless">X X</cards>
<cards type="Pocket" player="Ankalaev">X X</cards>
<cards type="Pocket" player="22vidi22">D4 D9</cards>
<action no="3" player="22vidi22" type="0" sum="0"/>
<action no="4" player="L1mltless" type="0" discard="1" dealt="1" sum="0"/>
</round>
</game>
<game gamecode="6594183717"><general>
<startdate>2026-01-14 09:49:40</startdate>
<round>1</round>
<failsafecounter/>
<players><player seat="10" name="22vidi22" chips="500" dealer="0" win="20" bet="20" muck="1" rebuy="0" addon="0" merge="0" rebuychips="0" reg_code="5089222638"/>
<player seat="3" name="L1mltless" chips="490" dealer="1" win="0" bet="0" muck="1" rebuy="0" addon="0" merge="0" rebuychips="0" reg_code="5089222515"/>
<player seat="6" name="Ankalaev" chips="510" dealer="0" win="0" bet="10" muck="1" rebuy="0" addon="0" merge="0" rebuychips="0" reg_code="5089222523"/>
</players>
</general>
<round no="0"><action no="1" player="Ankalaev" type="1" discard="1" dealt="1" sum="10"/>
<action no="2" player="22vidi22" type="2" sum="20"/>
</round>
<round no="1"><cards type="Pocket" player="L1mltless">X X</cards>
<cards type="Pocket" player="22vidi22">H5 SK</cards>
<cards type="Pocket" player="Ankalaev">X X</cards>
<action no="3" player="L1mltless" type="0" discard="1" dealt="1" sum="0"/>
<action no="4" player="Ankalaev" type="0" discard="1" dealt="1" sum="0"/>
</round>
</game>
<game gamecode="6594183724"><general>
<startdate>2026-01-14 09:49:46</startdate>
<round>1</round>
<failsafecounter/>
<players><player seat="3" name="L1mltless" chips="490" dealer="0" win="20" bet="20" muck="1" rebuy="0" addon="0" merge="0" rebuychips="0" reg_code="5089222515"/>
<player seat="6" name="Ankalaev" chips="500" dealer="1" win="0" bet="0" muck="1" rebuy="0" addon="0" merge="0" rebuychips="0" reg_code="5089222523"/>
<player seat="10" name="22vidi22" chips="510" dealer="0" win="0" bet="10" muck="1" rebuy="0" addon="0" merge="0" rebuychips="0" reg_code="5089222638"/>
</players>
</general>
<round no="0"><action no="1" player="22vidi22" type="1" sum="10"/>
<action no="2" player="L1mltless" type="2" discard="1" dealt="1" sum="20"/>
</round>
<round no="1"><cards type="Pocket" player="L1mltless">X X</cards>
<cards type="Pocket" player="Ankalaev">X X</cards>
<cards type="Pocket" player="22vidi22">H8 S4</cards>
<action no="3" player="Ankalaev" type="0" discard="1" dealt="1" sum="0"/>
<action no="4" player="22vidi22" type="0" sum="0"/>
</round>
</game>
<game gamecode="6594183735"><general>
<startdate>2026-01-14 09:49:53</startdate>
<round>1</round>
<failsafecounter/>
<players><player seat="6" name="Ankalaev" chips="500" dealer="0" win="0" bet="20" muck="1" rebuy="0" addon="0" merge="0" rebuychips="0" reg_code="5089222523"/>
<player seat="10" name="22vidi22" chips="500" dealer="1" win="50" bet="40" muck="1" rebuy="0" addon="0" merge="0" rebuychips="0" reg_code="5089222638"/>
<player seat="3" name="L1mltless" chips="500" dealer="0" win="0" bet="10" muck="1" rebuy="0" addon="0" merge="0" rebuychips="0" reg_code="5089222515"/>
</players>
</general>
<round no="0"><action no="1" player="L1mltless" type="1" discard="1" dealt="1" sum="10"/>
<action no="2" player="Ankalaev" type="2" discard="1" dealt="1" sum="20"/>
</round>
<round no="1"><cards type="Pocket" player="Ankalaev">X X</cards>
<cards type="Pocket" player="22vidi22">S8 S7</cards>
<cards type="Pocket" player="L1mltless">X X</cards>
<action no="3" player="22vidi22" type="23" sum="40"/>
<action no="4" player="L1mltless" type="0" discard="1" dealt="1" sum="0"/>
<action no="5" player="Ankalaev" type="0" discard="1" dealt="1" sum="0"/>
</round>
</game>
<game gamecode="6594183753"><general>
<startdate>2026-01-14 09:50:05</startdate>
<round>1</round>
<failsafecounter/>
<players><player seat="10" name="22vidi22" chips="530" dealer="0" win="160" bet="80" muck="0" rebuy="0" addon="0" merge="0" rebuychips="0" reg_code="5089222638"/>
<player seat="3" name="L1mltless" chips="490" dealer="1" win="0" bet="0" muck="1" rebuy="0" addon="0" merge="0" rebuychips="0" reg_code="5089222515"/>
<player seat="6" name="Ankalaev" chips="480" dealer="0" win="0" bet="80" muck="1" rebuy="0" addon="0" merge="0" rebuychips="0" reg_code="5089222523"/>
</players>
</general>
<round no="0"><action no="1" player="Ankalaev" type="1" discard="1" dealt="1" sum="10"/>
<action no="2" player="22vidi22" type="2" sum="20"/>
</round>
<round no="1"><cards type="Pocket" player="22vidi22">HK H5</cards>
<cards type="Pocket" player="L1mltless">X X</cards>
<cards type="Pocket" player="Ankalaev">C4 SA</cards>
<action no="3" player="L1mltless" type="0" discard="1" dealt="1" sum="0"/>
<action no="4" player="Ankalaev" type="3" discard="1" dealt="1" sum="10"/>
<action no="5" player="22vidi22" type="4" sum="0"/>
</round>
<round no="2"><cards type="Flop">D4 DQ H3</cards>
<action no="6" player="Ankalaev" type="5" discard="1" dealt="1" sum="20"/>
<action no="7" player="22vidi22" type="3" sum="20"/>
</round>
<round no="3"><cards type="Turn">CK</cards>
<action no="8" player="Ankalaev" type="4" discard="1" dealt="1" sum="0"/>
<action no="9" player="22vidi22" type="4" sum="0"/>
</round>
<round no="4"><cards type="River">C3</cards>
<action no="10" player="Ankalaev" type="4" discard="1" dealt="1" sum="0"/>
<action no="11" player="22vidi22" type="5" sum="40"/>
<action no="12" player="Ankalaev" type="3" discard="1" dealt="1" sum="40"/>
</round>
</game>
<game gamecode="6594183786"><general>
<startdate>2026-01-14 09:50:32</startdate>
<round>1</round>
<failsafecounter/>
<players><player seat="3" name="L1mltless" chips="490" dealer="0" win="20" bet="20" muck="1" rebuy="0" addon="0" merge="0" rebuychips="0" reg_code="5089222515"/>
<player seat="6" name="Ankalaev" chips="400" dealer="1" win="0" bet="0" muck="1" rebuy="0" addon="0" merge="0" rebuychips="0" reg_code="5089222523"/>
<player seat="10" name="22vidi22" chips="610" dealer="0" win="0" bet="10" muck="1" rebuy="0" addon="0" merge="0" rebuychips="0" reg_code="5089222638"/>
</players>
</general>
<round no="0"><action no="1" player="22vidi22" type="1" sum="10"/>
<action no="2" player="L1mltless" type="2" discard="1" dealt="1" sum="20"/>
</round>
<round no="1"><cards type="Pocket" player="Ankalaev">X X</cards>
<cards type="Pocket" player="22vidi22">H2 H4</cards>
<cards type="Pocket" player="L1mltless">X X</cards>
<action no="3" player="Ankalaev" type="0" discard="1" dealt="1" sum="0"/>
<action no="4" player="22vidi22" type="0" sum="0"/>
</round>
</game>
<game gamecode="6594183795"><general>
<startdate>2026-01-14 09:50:41</startdate>
<round>1</round>
<failsafecounter/>
<players><player seat="6" name="Ankalaev" chips="400" dealer="0" win="0" bet="20" muck="1" rebuy="0" addon="0" merge="0" rebuychips="0" reg_code="5089222523"/>
<player seat="10" name="22vidi22" chips="600" dealer="1" win="0" bet="0" muck="1" rebuy="0" addon="0" merge="0" rebuychips="0" reg_code="5089222638"/>
<player seat="3" name="L1mltless" chips="500" dealer="0" win="40" bet="500" muck="1" rebuy="0" addon="0" merge="0" rebuychips="0" reg_code="5089222515"/>
</players>
</general>
<round no="0"><action no="1" player="L1mltless" type="1" discard="1" dealt="1" sum="10"/>
<action no="2" player="Ankalaev" type="2" discard="1" dealt="1" sum="20"/>
</round>
<round no="1"><cards type="Pocket" player="L1mltless">X X</cards>
<cards type="Pocket" player="22vidi22">SJ S5</cards>
<cards type="Pocket" player="Ankalaev">X X</cards>
<action no="3" player="22vidi22" type="0" sum="0"/>
<action no="4" player="L1mltless" type="23" discard="1" dealt="1" sum="500"/>
<action no="5" player="Ankalaev" type="0" discard="1" dealt="1" sum="0"/>
</round>
</game>
<game gamecode="6594183804"><general>
<startdate>2026-01-14 09:50:49</startdate>
<round>1</round>
<failsafecounter/>
<players><player seat="10" name="22vidi22" chips="600" dealer="0" win="45" bet="35" muck="1" rebuy="0" addon="0" merge="0" rebuychips="0" reg_code="5089222638"/>
<player seat="3" name="L1mltless" chips="520" dealer="1" win="0" bet="5" muck="1" rebuy="0" addon="0" merge="0" rebuychips="0" reg_code="5089222515"/>
<player seat="6" name="Ankalaev" chips="380" dealer="0" win="0" bet="20" muck="1" rebuy="0" addon="0" merge="0" rebuychips="0" reg_code="5089222523"/>
</players>
</general>
<round no="0"><action no="1" player="Ankalaev" type="15" discard="1" dealt="1" sum="5"/>
<action no="2" player="22vidi22" type="15" sum="5"/>
<action no="3" player="L1mltless" type="15" discard="1" dealt="1" sum="5"/>
<action no="4" player="Ankalaev" type="1" discard="1" dealt="1" sum="15"/>
<action no="5" player="22vidi22" type="2" sum="30"/>
</round>
<round no="1"><cards type="Pocket" player="Ankalaev">X X</cards>
<cards type="Pocket" player="L1mltless">X X</cards>
<cards type="Pocket" player="22vidi22">D5 H3</cards>
<action no="6" player="L1mltless" type="0" discard="1" dealt="1" sum="0"/>
<action no="7" player="Ankalaev" type="0" discard="1" dealt="1" sum="0"/>
</round>
</game>
<game gamecode="6594183814"><general>
<startdate>2026-01-14 09:50:57</startdate>
<round>1</round>
<failsafecounter/>
<players><player seat="3" name="L1mltless" chips="515" dealer="0" win="0" bet="35" muck="1" rebuy="0" addon="0" merge="0" rebuychips="0" reg_code="5089222515"/>
<player seat="6" name="Ankalaev" chips="360" dealer="1" win="90" bet="360" muck="1" rebuy="0" addon="0" merge="0" rebuychips="0" reg_code="5089222523"/>
<player seat="10" name="22vidi22" chips="625" dealer="0" win="0" bet="20" muck="1" rebuy="0" addon="0" merge="0" rebuychips="0" reg_code="5089222638"/>
</players>
</general>
<round no="0"><action no="1" player="22vidi22" type="15" sum="5"/>
<action no="2" player="L1mltless" type="15" discard="1" dealt="1" sum="5"/>
<action no="3" player="Ankalaev" type="15" discard="1" dealt="1" sum="5"/>
<action no="4" player="22vidi22" type="1" sum="15"/>
<action no="5" player="L1mltless" type="2" discard="1" dealt="1" sum="30"/>
</round>
<round no="1"><cards type="Pocket" player="L1mltless">X X</cards>
<cards type="Pocket" player="Ankalaev">X X</cards>
<cards type="Pocket" player="22vidi22">H8 D5</cards>
<action no="6" player="Ankalaev" type="23" discard="1" dealt="1" sum="355"/>
<action no="7" player="22vidi22" type="0" sum="0"/>
<action no="8" player="L1mltless" type="0" discard="1" dealt="1" sum="0"/>
</round>
</game>
<game gamecode="6594183826"><general>
<startdate>2026-01-14 09:51:06</startdate>
<round>1</round>
<failsafecounter/>
<players><player seat="6" name="Ankalaev" chips="415" dealer="0" win="0" bet="415" muck="0" rebuy="0" addon="0" merge="0" rebuychips="0" reg_code="5089222523"/>
<player seat="10" name="22vidi22" chips="605" dealer="1" win="850" bet="415" muck="0" rebuy="0" addon="0" merge="0" rebuychips="0" reg_code="5089222638"/>
<player seat="3" name="L1mltless" chips="480" dealer="0" win="0" bet="20" muck="1" rebuy="0" addon="0" merge="0" rebuychips="0" reg_code="5089222515"/>
</players>
</general>
<round no="0"><action no="1" player="L1mltless" type="15" discard="1" dealt="1" sum="5"/>
<action no="2" player="Ankalaev" type="15" discard="1" dealt="1" sum="5"/>
<action no="3" player="22vidi22" type="15" sum="5"/>
<action no="4" player="L1mltless" type="1" discard="1" dealt="1" sum="15"/>
<action no="5" player="Ankalaev" type="2" discard="1" dealt="1" sum="30"/>
</round>
<round no="1"><cards type="Pocket" player="Ankalaev">SA DJ</cards>
<cards type="Pocket" player="22vidi22">S9 C9</cards>
<cards type="Pocket" player="L1mltless">X X</cards>
<action no="6" player="22vidi22" type="23" sum="60"/>
<action no="7" player="L1mltless" type="0" discard="1" dealt="1" sum="0"/>
<action no="8" player="Ankalaev" type="23" discard="1" dealt="1" sum="410"/>
<action no="9" player="22vidi22" type="3" sum="350"/>
</round>
<round no="2"><cards type="Flop">S10 SK D4</cards>
</round>
<round no="3"><cards type="Turn">C2</cards>
</round>
<round no="4"><cards type="River">S2</cards>
</round>
</game>
<game gamecode="6594183847"><general>
<startdate>2026-01-14 09:51:23</startdate>
<round>1</round>
<failsafecounter/>
<players><player seat="10" name="22vidi22" chips="1,040" dealer="0" win="230" bet="475" muck="1" rebuy="0" addon="0" merge="0" rebuychips="0" reg_code="5089222638"/>
<player seat="3" name="L1mltless" chips="460" dealer="1" win="0" bet="115" muck="1" rebuy="0" addon="0" merge="0" rebuychips="0" reg_code="5089222515"/>
</players>
</general>
<round no="0"><action no="1" player="L1mltless" type="15" discard="1" dealt="1" sum="5"/>
<action no="2" player="22vidi22" type="15" sum="5"/>
<action no="3" player="L1mltless" type="1" discard="1" dealt="1" sum="15"/>
<action no="4" player="22vidi22" type="2" sum="30"/>
</round>
<round no="1"><cards type="Pocket" player="L1mltless">X X</cards>
<cards type="Pocket" player="22vidi22">C8 H9</cards>
<action no="5" player="L1mltless" type="3" discard="1" dealt="1" sum="15"/>
<action no="6" player="22vidi22" type="4" sum="0"/>
</round>
<round no="2"><cards type="Flop">H7 H8 C2</cards>
<action no="7" player="22vidi22" type="4" sum="0"/>
<action no="8" player="L1mltless" type="5" discard="1" dealt="1" sum="30"/>
<action no="9" player="22vidi22" type="23" sum="80"/>
<action no="10" player="L1mltless" type="3" discard="1" dealt="1" sum="50"/>
</round>
<round no="3"><cards type="Turn">D5</cards>
<action no="11" player="22vidi22" type="5" sum="360"/>
<action no="12" player="L1mltless" type="0" discard="1" dealt="1" sum="0"/>
</round>
</game>
<game gamecode="6594183891"><general>
<startdate>2026-01-14 09:52:02</startdate>
<round>1</round>
<failsafecounter/>
<players><player seat="3" name="L1mltless" chips="345" dealer="0" win="70" bet="80" muck="1" rebuy="0" addon="0" merge="0" rebuychips="0" reg_code="5089222515"/>
<player seat="10" name="22vidi22" chips="1,155" dealer="1" win="0" bet="35" muck="1" rebuy="0" addon="0" merge="0" rebuychips="0" reg_code="5089222638"/>
</players>
</general>
<round no="0"><action no="1" player="22vidi22" type="15" sum="5"/>
<action no="2" player="L1mltless" type="15" discard="1" dealt="1" sum="5"/>
<action no="3" player="22vidi22" type="1" sum="15"/>
<action no="4" player="L1mltless" type="2" discard="1" dealt="1" sum="30"/>
</round>
<round no="1"><cards type="Pocket" player="L1mltless">X X</cards>
<cards type="Pocket" player="22vidi22">CJ S5</cards>
<action no="5" player="22vidi22" type="3" sum="15"/>
<action no="6" player="L1mltless" type="23" discard="1" dealt="1" sum="75"/>
<action no="7" player="22vidi22" type="0" sum="0"/>
</round>
</game>
<game gamecode="6594183906"><general>
<startdate>2026-01-14 09:52:12</startdate>
<round>1</round>
<failsafecounter/>
<players><player seat="10" name="22vidi22" chips="1,120" dealer="0" win="0" bet="380" muck="1" rebuy="0" addon="0" merge="0" rebuychips="0" reg_code="5089222638"/>
<player seat="3" name="L1mltless" chips="380" dealer="1" win="760" bet="380" muck="0" rebuy="0" addon="0" merge="0" rebuychips="0" reg_code="5089222515"/>
</players>
</general>
<round no="0"><action no="1" player="L1mltless" type="15" discard="1" dealt="1" sum="5"/>
<action no="2" player="22vidi22" type="15" sum="5"/>
<action no="3" player="L1mltless" type="1" discard="1" dealt="1" sum="15"/>
<action no="4" player="22vidi22" type="2" sum="30"/>
</round>
<round no="1"><cards type="Pocket" player="22vidi22">HK H10</cards>
<cards type="Pocket" player="L1mltless">DQ CK</cards>
<action no="5" player="L1mltless" type="3" discard="1" dealt="1" sum="15"/>
<action no="6" player="22vidi22" type="23" sum="90"/>
<action no="7" player="L1mltless" type="23" discard="1" dealt="1" sum="375"/>
<action no="8" player="22vidi22" type="3" sum="285"/>
</round>
<round no="2"><cards type="Flop">DK CJ D10</cards>
</round>
<round no="3"><cards type="Turn">SQ</cards>
</round>
<round no="4"><cards type="River">S6</cards>
</round>
</game>
<game gamecode="6594183939"><general>
<startdate>2026-01-14 09:52:32</startdate>
<round>1</round>
<failsafecounter/>
<players><player seat="3" name="L1mltless" chips="760" dealer="0" win="740" bet="760" muck="0" rebuy="0" addon="0" merge="0" rebuychips="0" reg_code="5089222515"/>
<player seat="10" name="22vidi22" chips="740" dealer="1" win="740" bet="740" muck="0" rebuy="0" addon="0" merge="0" rebuychips="0" reg_code="5089222638"/>
</players>
</general>
<round no="0"><action no="1" player="22vidi22" type="15" sum="5"/>
<action no="2" player="L1mltless" type="15" discard="1" dealt="1" sum="5"/>
<action no="3" player="22vidi22" type="1" sum="20"/>
<action no="4" player="L1mltless" type="2" discard="1" dealt="1" sum="40"/>
</round>
<round no="1"><cards type="Pocket" player="22vidi22">S3 SQ</cards>
<cards type="Pocket" player="L1mltless">H10 S8</cards>
<action no="5" player="22vidi22" type="3" sum="20"/>
<action no="6" player="L1mltless" type="4" discard="1" dealt="1" sum="0"/>
</round>
<round no="2"><cards type="Flop">S9 HA SA</cards>
<action no="7" player="L1mltless" type="4" discard="1" dealt="1" sum="0"/>
<action no="8" player="22vidi22" type="5" sum="40"/>
<action no="9" player="L1mltless" type="23" discard="1" dealt="1" sum="120"/>
<action no="10" player="22vidi22" type="3" sum="80"/>
</round>
<round no="3"><cards type="Turn">C9</cards>
<action no="11" player="L1mltless" type="4" discard="1" dealt="1" sum="0"/>
<action no="12" player="22vidi22" type="4" sum="0"/>
</round>
<round no="4"><cards type="River">D9</cards>
<action no="13" player="L1mltless" type="5" discard="1" dealt="1" sum="595"/>
<action no="14" player="22vidi22" type="7" sum="575"/>
</round>
</game>
<game gamecode="6594183975"><general>
<startdate>2026-01-14 09:53:04</startdate>
<round>1</round>
<failsafecounter/>
<players><player seat="10" name="22vidi22" chips="740" dealer="0" win="0" bet="45" muck="1" rebuy="0" addon="0" merge="0" rebuychips="0" reg_code="5089222638"/>
<player seat="3" name="L1mltless" chips="760" dealer="1" win="90" bet="145" muck="1" rebuy="0" addon="0" merge="0" rebuychips="0" reg_code="5089222515"/>
</players>
</general>
<round no="0"><action no="1" player="L1mltless" type="15" discard="1" dealt="1" sum="5"/>
<action no="2" player="22vidi22" type="15" sum="5"/>
<action no="3" player="L1mltless" type="1" discard="1" dealt="1" sum="20"/>
<action no="4" player="22vidi22" type="2" sum="40"/>
</round>
<round no="1"><cards type="Pocket" player="22vidi22">C9 C3</cards>
<cards type="Pocket" player="L1mltless">X X</cards>
<action no="5" player="L1mltless" type="3" discard="1" dealt="1" sum="20"/>
<action no="6" player="22vidi22" type="4" sum="0"/>
</round>
<round no="2"><cards type="Flop">D8 HJ C10</cards>
<action no="7" player="22vidi22" type="4" sum="0"/>
<action no="8" player="L1mltless" type="4" discard="1" dealt="1" sum="0"/>
</round>
<round no="3"><cards type="Turn">H6</cards>
<action no="9" player="22vidi22" type="4" sum="0"/>
<action no="10" player="L1mltless" type="4" discard="1" dealt="1" sum="0"/>
</round>
<round no="4"><cards type="River">S8</cards>
<action no="11" player="22vidi22" type="4" sum="0"/>
<action no="12" player="L1mltless" type="5" discard="1" dealt="1" sum="100"/>
<action no="13" player="22vidi22" type="0" sum="0"/>
</round>
</game>
<game gamecode="6594186991"><general>
<startdate>2026-01-14 09:53:29</startdate>
<round>1</round>
<failsafecounter/>
<players><player seat="3" name="L1mltless" chips="805" dealer="0" win="0" bet="45" muck="1" rebuy="0" addon="0" merge="0" rebuychips="0" reg_code="5089222515"/>
<player seat="10" name="22vidi22" chips="695" dealer="1" win="90" bet="85" muck="1" rebuy="0" addon="0" merge="0" rebuychips="0" reg_code="5089222638"/>
</players>
</general>
<round no="0"><action no="1" player="22vidi22" type="15" sum="5"/>
<action no="2" player="L1mltless" type="15" discard="1" dealt="1" sum="5"/>
<action no="3" player="22vidi22" type="1" sum="20"/>
<action no="4" player="L1mltless" type="2" discard="1" dealt="1" sum="40"/>
</round>
<round no="1"><cards type="Pocket" player="22vidi22">H10 D10</cards>
<cards type="Pocket" player="L1mltless">X X</cards>
<action no="5" player="22vidi22" type="3" sum="20"/>
<action no="6" player="L1mltless" type="4" discard="1" dealt="1" sum="0"/>
</round>
<round no="2"><cards type="Flop">D5 S4 C2</cards>
<action no="7" player="L1mltless" type="4" discard="1" dealt="1" sum="0"/>
<action no="8" player="22vidi22" type="5" sum="40"/>
<action no="9" player="L1mltless" type="0" discard="1" dealt="1" sum="0"/>
</round>
</game>
<game gamecode="6594187004"><general>
<startdate>2026-01-14 09:53:42</startdate>
<round>1</round>
<failsafecounter/>
<players><player seat="10" name="22vidi22" chips="740" dealer="0" win="90" bet="125" muck="1" rebuy="0" addon="0" merge="0" rebuychips="0" reg_code="5089222638"/>
<player seat="3" name="L1mltless" chips="760" dealer="1" win="0" bet="45" muck="1" rebuy="0" addon="0" merge="0" rebuychips="0" reg_code="5089222515"/>
</players>
</general>
<round no="0"><action no="1" player="L1mltless" type="15" discard="1" dealt="1" sum="5"/>
<action no="2" player="22vidi22" type="15" sum="5"/>
<action no="3" player="L1mltless" type="1" discard="1" dealt="1" sum="20"/>
<action no="4" player="22vidi22" type="2" sum="40"/>
</round>
<round no="1"><cards type="Pocket" player="L1mltless">X X</cards>
<cards type="Pocket" player="22vidi22">DJ SQ</cards>
<action no="5" player="L1mltless" type="3" discard="1" dealt="1" sum="20"/>
<action no="6" player="22vidi22" type="23" sum="120"/>
<action no="7" player="L1mltless" type="0" discard="1" dealt="1" sum="0"/>
</round>
</game>
<game gamecode="6594187022"><general>
<startdate>2026-01-14 09:53:55</startdate>
<round>1</round>
<failsafecounter/>
<players><player seat="3" name="L1mltless" chips="715" dealer="0" win="0" bet="127" muck="1" rebuy="0" addon="0" merge="0" rebuychips="0" reg_code="5089222515"/>
<player seat="10" name="22vidi22" chips="785" dealer="1" win="254" bet="254" muck="1" rebuy="0" addon="0" merge="0" rebuychips="0" reg_code="5089222638"/>
</players>
</general>
<round no="0"><action no="1" player="22vidi22" type="15" sum="5"/>
<action no="2" player="L1mltless" type="15" discard="1" dealt="1" sum="5"/>
<action no="3" player="22vidi22" type="1" sum="20"/>
<action no="4" player="L1mltless" type="2" discard="1" dealt="1" sum="40"/>
</round>
<round no="1"><cards type="Pocket" player="22vidi22">HK SQ</cards>
<cards type="Pocket" player="L1mltless">X X</cards>
<action no="5" player="22vidi22" type="23" sum="80"/>
<action no="6" player="L1mltless" type="3" discard="1" dealt="1" sum="40"/>
</round>
<round no="2"><cards type="Flop">D7 SK S5</cards>
<action no="7" player="L1mltless" type="4" discard="1" dealt="1" sum="0"/>
<action no="8" player="22vidi22" type="5" sum="42"/>
<action no="9" player="L1mltless" type="3" discard="1" dealt="1" sum="42"/>
</round>
<round no="3"><cards type="Turn">S10</cards>
<action no="10" player="L1mltless" type="4" discard="1" dealt="1" sum="0"/>
<action no="11" player="22vidi22" type="5" sum="127"/>
<action no="12" player="L1mltless" type="0" discard="1" dealt="1" sum="0"/>
</round>
</game>
<game gamecode="6594187059"><general>
<startdate>2026-01-14 09:54:20</startdate>
<round>1</round>
<failsafecounter/>
<players><player seat="10" name="22vidi22" chips="912" dealer="0" win="70" bet="65" muck="1" rebuy="0" addon="0" merge="0" rebuychips="0" reg_code="5089222638"/>
<player seat="3" name="L1mltless" chips="588" dealer="1" win="0" bet="35" muck="1" rebuy="0" addon="0" merge="0" rebuychips="0" reg_code="5089222515"/>
</players>
</general>
<round no="0"><action no="1" player="L1mltless" type="15" discard="1" dealt="1" sum="5"/>
<action no="2" player="22vidi22" type="15" sum="5"/>
<action no="3" player="L1mltless" type="1" discard="1" dealt="1" sum="30"/>
<action no="4" player="22vidi22" type="2" sum="60"/>
</round>
<round no="1"><cards type="Pocket" player="22vidi22">D10 C9</cards>
<cards type="Pocket" player="L1mltless">X X</cards>
<action no="5" player="L1mltless" type="0" discard="1" dealt="1" sum="0"/>
</round>
</game>
<game gamecode="6594187093"><general>
<startdate>2026-01-14 09:54:41</startdate>
<round>1</round>
<failsafecounter/>
<players><player seat="3" name="L1mltless" chips="553" dealer="0" win="370" bet="553" muck="1" rebuy="0" addon="0" merge="0" rebuychips="0" reg_code="5089222515"/>
<player seat="10" name="22vidi22" chips="947" dealer="1" win="0" bet="185" muck="1" rebuy="0" addon="0" merge="0" rebuychips="0" reg_code="5089222638"/>
</players>
</general>
<round no="0"><action no="1" player="22vidi22" type="15" sum="5"/>
<action no="2" player="L1mltless" type="15" discard="1" dealt="1" sum="5"/>
<action no="3" player="22vidi22" type="1" sum="30"/>
<action no="4" player="L1mltless" type="2" discard="1" dealt="1" sum="60"/>
</round>
<round no="1"><cards type="Pocket" player="22vidi22">CK H6</cards>
<cards type="Pocket" player="L1mltless">X X</cards>
<action no="5" player="22vidi22" type="3" sum="30"/>
<action no="6" player="L1mltless" type="4" discard="1" dealt="1" sum="0"/>
</round>
<round no="2"><cards type="Flop">S6 D5 S7</cards>
<action no="7" player="L1mltless" type="4" discard="1" dealt="1" sum="0"/>
<action no="8" player="22vidi22" type="4" sum="0"/>
</round>
<round no="3"><cards type="Turn">H7</cards>
<action no="9" player="L1mltless" type="5" discard="1" dealt="1" sum="120"/>
<action no="10" player="22vidi22" type="3" sum="120"/>
</round>
<round no="4"><cards type="River">C8</cards>
<action no="11" player="L1mltless" type="5" discard="1" dealt="1" sum="368"/>
<action no="12" player="22vidi22" type="0" sum="0"/>
</round>
</game>
<game gamecode="6594187128"><general>
<startdate>2026-01-14 09:55:10</startdate>
<round>1</round>
<failsafecounter/>
<players><player seat="10" name="22vidi22" chips="762" dealer="0" win="250" bet="125" muck="0" rebuy="0" addon="0" merge="0" rebuychips="0" reg_code="5089222638"/>
<player seat="3" name="L1mltless" chips="738" dealer="1" win="0" bet="125" muck="1" rebuy="0" addon="0" merge="0" rebuychips="0" reg_code="5089222515"/>
</players>
</general>
<round no="0"><action no="1" player="L1mltless" type="15" discard="1" dealt="1" sum="5"/>
<action no="2" player="22vidi22" type="15" sum="5"/>
<action no="3" player="L1mltless" type="1" discard="1" dealt="1" sum="30"/>
<action no="4" player="22vidi22" type="2" sum="60"/>
</round>
<round no="1"><cards type="Pocket" player="L1mltless">DJ SK</cards>
<cards type="Pocket" player="22vidi22">S4 H7</cards>
<action no="5" player="L1mltless" type="3" discard="1" dealt="1" sum="30"/>
<action no="6" player="22vidi22" type="4" sum="0"/>
</round>
<round no="2"><cards type="Flop">H2 D7 DA</cards>
<action no="7" player="22vidi22" type="4" sum="0"/>
<action no="8" player="L1mltless" type="5" discard="1" dealt="1" sum="60"/>
<action no="9" player="22vidi22" type="3" sum="60"/>
</round>
<round no="3"><cards type="Turn">SQ</cards>
<action no="10" player="22vidi22" type="4" sum="0"/>
<action no="11" player="L1mltless" type="4" discard="1" dealt="1" sum="0"/>
</round>
<round no="4"><cards type="River">S8</cards>
<action no="12" player="22vidi22" type="4" sum="0"/>
<action no="13" player="L1mltless" type="4" discard="1" dealt="1" sum="0"/>
</round>
</game>
<game gamecode="6594187164"><general>
<startdate>2026-01-14 09:55:33</startdate>
<round>1</round>
<failsafecounter/>
<players><player seat="3" name="L1mltless" chips="613" dealer="0" win="610" bet="613" muck="1" rebuy="0" addon="0" merge="0" rebuychips="0" reg_code="5089222515"/>
<player seat="10" name="22vidi22" chips="887" dealer="1" win="0" bet="305" muck="1" rebuy="0" addon="0" merge="0" rebuychips="0" reg_code="5089222638"/>
</players>
</general>
<round no="0"><action no="1" player="22vidi22" type="15" sum="5"/>
<action no="2" player="L1mltless" type="15" discard="1" dealt="1" sum="5"/>
<action no="3" player="22vidi22" type="1" sum="30"/>
<action no="4" player="L1mltless" type="2" discard="1" dealt="1" sum="60"/>
</round>
<round no="1"><cards type="Pocket" player="L1mltless">X X</cards>
<cards type="Pocket" player="22vidi22">H4 H10</cards>
<action no="5" player="22vidi22" type="3" sum="30"/>
<action no="6" player="L1mltless" type="4" discard="1" dealt="1" sum="0"/>
</round>
<round no="2"><cards type="Flop">H8 SA HJ</cards>
<action no="7" player="L1mltless" type="4" discard="1" dealt="1" sum="0"/>
<action no="8" player="22vidi22" type="5" sum="60"/>
<action no="9" player="L1mltless" type="23" discard="1" dealt="1" sum="120"/>
<action no="10" player="22vidi22" type="3" sum="60"/>
</round>
<round no="3"><cards type="Turn">DJ</cards>
<action no="11" player="L1mltless" type="5" discard="1" dealt="1" sum="120"/>
<action no="12" player="22vidi22" type="3" sum="120"/>
</round>
<round no="4"><cards type="River">D5</cards>
<action no="13" player="L1mltless" type="5" discard="1" dealt="1" sum="308"/>
<action no="14" player="22vidi22" type="0" sum="0"/>
</round>
</game>
<game gamecode="6594187220"><general>
<startdate>2026-01-14 09:56:15</startdate>
<round>1</round>
<failsafecounter/>
<players><player seat="10" name="22vidi22" chips="582" dealer="0" win="0" bet="88" muck="1" rebuy="0" addon="0" merge="0" rebuychips="0" reg_code="5089222638"/>
<player seat="3" name="L1mltless" chips="918" dealer="1" win="176" bet="918" muck="1" rebuy="0" addon="0" merge="0" rebuychips="0" reg_code="5089222515"/>
</players>
</general>
<round no="0"><action no="1" player="L1mltless" type="15" discard="1" dealt="1" sum="8"/>
<action no="2" player="22vidi22" type="15" sum="8"/>
<action no="3" player="L1mltless" type="1" discard="1" dealt="1" sum="40"/>
<action no="4" player="22vidi22" type="2" sum="80"/>
</round>
<round no="1"><cards type="Pocket" player="L1mltless">X X</cards>
<cards type="Pocket" player="22vidi22">C8 C6</cards>
<action no="5" player="L1mltless" type="23" discard="1" dealt="1" sum="910"/>
<action no="6" player="22vidi22" type="0" sum="0"/>
</round>
</game>
<game gamecode="6594187232"><general>
<startdate>2026-01-14 09:56:24</startdate>
<round>1</round>
<failsafecounter/>
<players><player seat="3" name="L1mltless" chips="1,006" dealer="0" win="0" bet="88" muck="1" rebuy="0" addon="0" merge="0" rebuychips="0" reg_code="5089222515"/>
<player seat="10" name="22vidi22" chips="494" dealer="1" win="176" bet="494" muck="1" rebuy="0" addon="0" merge="0" rebuychips="0" reg_code="5089222638"/>
</players>
</general>
<round no="0"><action no="1" player="22vidi22" type="15" sum="8"/>
<action no="2" player="L1mltless" type="15" discard="1" dealt="1" sum="8"/>
<action no="3" player="22vidi22" type="1" sum="40"/>
<action no="4" player="L1mltless" type="2" discard="1" dealt="1" sum="80"/>
</round>
<round no="1"><cards type="Pocket" player="22vidi22">C6 HA</cards>
<cards type="Pocket" player="L1mltless">X X</cards>
<action no="5" player="22vidi22" type="23" sum="486"/>
<action no="6" player="L1mltless" type="0" discard="1" dealt="1" sum="0"/>
</round>
</game>
<game gamecode="6594187245"><general>
<startdate>2026-01-14 09:56:31</startdate>
<round>1</round>
<failsafecounter/>
<players><player seat="10" name="22vidi22" chips="582" dealer="0" win="0" bet="88" muck="1" rebuy="0" addon="0" merge="0" rebuychips="0" reg_code="5089222638"/>
<player seat="3" name="L1mltless" chips="918" dealer="1" win="176" bet="918" muck="1" rebuy="0" addon="0" merge="0" rebuychips="0" reg_code="5089222515"/>
</players>
</general>
<round no="0"><action no="1" player="L1mltless" type="15" discard="1" dealt="1" sum="8"/>
<action no="2" player="22vidi22" type="15" sum="8"/>
<action no="3" player="L1mltless" type="1" discard="1" dealt="1" sum="40"/>
<action no="4" player="22vidi22" type="2" sum="80"/>
</round>
<round no="1"><cards type="Pocket" player="L1mltless">X X</cards>
<cards type="Pocket" player="22vidi22">D4 C10</cards>
<action no="5" player="L1mltless" type="23" discard="1" dealt="1" sum="910"/>
<action no="6" player="22vidi22" type="0" sum="0"/>
</round>
</game>
<game gamecode="6594187274"><general>
<startdate>2026-01-14 09:56:50</startdate>
<round>1</round>
<failsafecounter/>
<players><player seat="3" name="L1mltless" chips="1,006" dealer="0" win="96" bet="88" muck="1" rebuy="0" addon="0" merge="0" rebuychips="0" reg_code="5089222515"/>
<player seat="10" name="22vidi22" chips="494" dealer="1" win="0" bet="48" muck="1" rebuy="0" addon="0" merge="0" rebuychips="0" reg_code="5089222638"/>
</players>
</general>
<round no="0"><action no="1" player="22vidi22" type="15" sum="8"/>
<action no="2" player="L1mltless" type="15" discard="1" dealt="1" sum="8"/>
<action no="3" player="22vidi22" type="1" sum="40"/>
<action no="4" player="L1mltless" type="2" discard="1" dealt="1" sum="80"/>
</round>
<round no="1"><cards type="Pocket" player="L1mltless">X X</cards>
<cards type="Pocket" player="22vidi22">D10 C4</cards>
<action no="5" player="22vidi22" type="0" sum="0"/>
</round>
</game>
<game gamecode="6594187285"><general>
<startdate>2026-01-14 09:56:55</startdate>
<round>1</round>
<failsafecounter/>
<players><player seat="10" name="22vidi22" chips="446" dealer="0" win="892" bet="446" muck="0" rebuy="0" addon="0" merge="0" rebuychips="0" reg_code="5089222638"/>
<player seat="3" name="L1mltless" chips="1,054" dealer="1" win="0" bet="1,054" muck="0" rebuy="0" addon="0" merge="0" rebuychips="0" reg_code="5089222515"/>
</players>
</general>
<round no="0"><action no="1" player="L1mltless" type="15" discard="1" dealt="1" sum="8"/>
<action no="2" player="22vidi22" type="15" sum="8"/>
<action no="3" player="L1mltless" type="1" discard="1" dealt="1" sum="40"/>
<action no="4" player="22vidi22" type="2" sum="80"/>
</round>
<round no="1"><cards type="Pocket" player="22vidi22">HJ C9</cards>
<cards type="Pocket" player="L1mltless">D8 D5</cards>
<action no="5" player="L1mltless" type="23" discard="1" dealt="1" sum="1,046"/>
<action no="6" player="22vidi22" type="7" sum="358"/>
</round>
<round no="2"><cards type="Flop">S5 C3 D9</cards>
</round>
<round no="3"><cards type="Turn">H9</cards>
</round>
<round no="4"><cards type="River">S7</cards>
</round>
</game>
<game gamecode="6594187303"><general>
<startdate>2026-01-14 09:57:10</startdate>
<round>1</round>
<failsafecounter/>
<players><player seat="3" name="L1mltless" chips="608" dealer="0" win="0" bet="608" muck="0" rebuy="0" addon="0" merge="0" rebuychips="0" reg_code="5089222515"/>
<player seat="10" name="22vidi22" chips="892" dealer="1" win="1,216" bet="892" muck="0" rebuy="0" addon="0" merge="0" rebuychips="0" reg_code="5089222638"/>
</players>
</general>
<round no="0"><action no="1" player="22vidi22" type="15" sum="8"/>
<action no="2" player="L1mltless" type="15" discard="1" dealt="1" sum="8"/>
<action no="3" player="22vidi22" type="1" sum="40"/>
<action no="4" player="L1mltless" type="2" discard="1" dealt="1" sum="80"/>
</round>
<round no="1"><cards type="Pocket" player="22vidi22">SQ H5</cards>
<cards type="Pocket" player="L1mltless">S6 SJ</cards>
<action no="5" player="22vidi22" type="23" sum="884"/>
<action no="6" player="L1mltless" type="7" discard="1" dealt="1" sum="520"/>
</round>
<round no="2"><cards type="Flop">SA CQ H9</cards>
</round>
<round no="3"><cards type="Turn">C3</cards>
</round>
<round no="4"><cards type="River">H6</cards>
</round>
</game>
</session>
