<?xml version="1.0" encoding="UTF-8"?>
<session sessioncode="5089841695">
<general>
<client_version>24.7.1.15</client_version>
<mode>real</mode>
<gametype>Holdem NL</gametype>
<tablename>Twister €100 SNG, 826616141</tablename>
<tournamentcode>826616137</tournamentcode>
<tournamentname>Twister €100 SNG</tournamentname>
<buyin>€0 + €7 + €93</buyin>
<totalbuyin>€100</totalbuyin>
<rewarddrawn>€300</rewarddrawn>
<tournamentcurrency>EUR</tournamentcurrency>
<currency>EUR</currency>
<nickname>22vidi22</nickname>
<gamecount>8</gamecount>
<startdate>2026-01-16 16:10:59</startdate>
<place>2</place>
<win>€0</win>
<tablesize>3</tablesize>
</general>
<game gamecode="6596850704"><general>
<startdate>2026-01-16 16:11:14</startdate>
<round>1</round>
<failsafecounter/>
<players><player seat="10" name="22vidi22" chips="500" dealer="0" win="0" bet="211" muck="0" rebuy="0" addon="0" merge="0" rebuychips="0" reg_code="5089841695"/>
<player seat="3" name="hubner11" chips="500" dealer="1" win="432" bet="211" muck="0" rebuy="0" addon="0" merge="0" rebuychips="0" reg_code="5089841533"/>
<player seat="6" name="ilCapo6" chips="500" dealer="0" win="0" bet="10" muck="1" rebuy="0" addon="0" merge="0" rebuychips="0" reg_code="5089839380"/>
</players>
</general>
<round no="0"><action no="1" player="ilCapo6" type="1" discard="1" dealt="1" sum="10"/>
<action no="2" player="22vidi22" type="2" sum="20"/>
</round>
<round no="1"><cards type="Pocket" player="hubner11">HQ S10</cards>
<cards type="Pocket" player="ilCapo6">X X</cards>
<cards type="Pocket" player="22vidi22">D5 DJ</cards>
<action no="3" player="hubner11" type="23" discard="1" dealt="1" sum="40"/>
<action no="4" player="ilCapo6" type="0" discard="1" dealt="1" sum="0"/>
<action no="5" player="22vidi22" type="3" sum="20"/>
</round>
<round no="2"><cards type="Flop">D2 SK DQ</cards>
<action no="6" player="22vidi22" type="4" sum="0"/>
<action no="7" player="hubner11" type="4" discard="1" dealt="1" sum="0"/>
</round>
<round no="3"><cards type="Turn">C8</cards>
<action no="8" player="22vidi22" type="5" sum="63"/>
<action no="9" player="hubner11" type="3" discard="1" dealt="1" sum="63"/>
</round>
<round no="4"><cards type="River">S8</cards>
<action no="10" player="22vidi22" type="5" sum="108"/>
<action no="11" player="hubner11" type="3" discard="1" dealt="1" sum="108"/>
</round>
</game>
<game gamecode="6596850889"><general>
<startdate>2026-01-16 16:11:48</startdate>
<round>1</round>
<failsafecounter/>
<players><player seat="3" name="hubner11" chips="721" dealer="0" win="990" bet="490" muck="0" rebuy="0" addon="0" merge="0" rebuychips="0" reg_code="5089841533"/>
<player seat="6" name="ilCapo6" chips="490" dealer="1" win="0" bet="490" muck="0" rebuy="0" addon="0" merge="0" rebuychips="0" reg_code="5089839380"/>
<player seat="10" name="22vidi22" chips="289" dealer="0" win="0" bet="10" muck="1" rebuy="0" addon="0" merge="0" rebuychips="0" reg_code="5089841695"/>
</players>
</general>
<round no="0"><action no="1" player="22vidi22" type="1" sum="10"/>
<action no="2" player="hubner11" type="2" discard="1" dealt="1" sum="20"/>
</round>
<round no="1"><cards type="Pocket" player="hubner11">H7 H9</cards>
<cards type="Pocket" player="ilCapo6">HA D6</cards>
<cards type="Pocket" player="22vidi22">C8 H2</cards>
<action no="3" player="ilCapo6" type="23" discard="1" dealt="1" sum="40"/>
<action no="4" player="22vidi22" type="0" sum="0"/>
<action no="5" player="hubner11" type="3" discard="1" dealt="1" sum="20"/>
</round>
<round no="2"><cards type="Flop">C6 H6 S8</cards>
<action no="6" player="hubner11" type="4" discard="1" dealt="1" sum="0"/>
<action no="7" player="ilCapo6" type="5" discard="1" dealt="1" sum="20"/>
<action no="8" player="hubner11" type="23" discard="1" dealt="1" sum="80"/>
<action no="9" player="ilCapo6" type="3" discard="1" dealt="1" sum="60"/>
</round>
<round no="3"><cards type="Turn">S10</cards>
<action no="10" player="hubner11" type="5" discard="1" dealt="1" sum="87"/>
<action no="11" player="ilCapo6" type="3" discard="1" dealt="1" sum="87"/>
</round>
<round no="4"><cards type="River">D7</cards>
<action no="12" player="hubner11" type="4" discard="1" dealt="1" sum="0"/>
<action no="13" player="ilCapo6" type="5" discard="1" dealt="1" sum="283"/>
<action no="14" player="hubner11" type="3" discard="1" dealt="1" sum="283"/>
</round>
</game>
<game gamecode="6596851172"><general>
<startdate>2026-01-16 16:12:39</startdate>
<round>1</round>
<failsafecounter/>
<players><player seat="3" name="hubner11" chips="1,221" dealer="0" win="20" bet="20" muck="1" rebuy="0" addon="0" merge="0" rebuychips="0" reg_code="5089841533"/>
<player seat="10" name="22vidi22" chips="279" dealer="1" win="0" bet="10" muck="1" rebuy="0" addon="0" merge="0" rebuychips="0" reg_code="5089841695"/>
</players>
</general>
<round no="0"><action no="1" player="22vidi22" type="1" sum="10"/>
<action no="2" player="hubner11" type="2" discard="1" dealt="1" sum="20"/>
</round>
<round no="1"><cards type="Pocket" player="hubner11">X X</cards>
<cards type="Pocket" player="22vidi22">C2 S10</cards>
<action no="3" player="22vidi22" type="0" sum="0"/>
</round>
</game>
<game gamecode="6596851195"><general>
<startdate>2026-01-16 16:12:44</startdate>
<round>1</round>
<failsafecounter/>
<players><player seat="10" name="22vidi22" chips="269" dealer="0" win="80" bet="40" muck="0" rebuy="0" addon="0" merge="0" rebuychips="0" reg_code="5089841695"/>
<player seat="3" name="hubner11" chips="1,231" dealer="1" win="0" bet="40" muck="0" rebuy="0" addon="0" merge="0" rebuychips="0" reg_code="5089841533"/>
</players>
</general>
<round no="0"><action no="1" player="hubner11" type="1" discard="1" dealt="1" sum="10"/>
<action no="2" player="22vidi22" type="2" sum="20"/>
</round>
<round no="1"><cards type="Pocket" player="hubner11">D4 D2</cards>
<cards type="Pocket" player="22vidi22">D3 S10</cards>
<action no="3" player="hubner11" type="3" discard="1" dealt="1" sum="10"/>
<action no="4" player="22vidi22" type="4" sum="0"/>
</round>
<round no="2"><cards type="Flop">C3 CA H8</cards>
<action no="5" player="22vidi22" type="4" sum="0"/>
<action no="6" player="hubner11" type="4" discard="1" dealt="1" sum="0"/>
</round>
<round no="3"><cards type="Turn">CQ</cards>
<action no="7" player="22vidi22" type="4" sum="0"/>
<action no="8" player="hubner11" type="4" discard="1" dealt="1" sum="0"/>
</round>
<round no="4"><cards type="River">SJ</cards>
<action no="9" player="22vidi22" type="4" sum="0"/>
<action no="10" player="hubner11" type="5" discard="1" dealt="1" sum="20"/>
<action no="11" player="22vidi22" type="3" sum="20"/>
</round>
</game>
<game gamecode="6596851361"><general>
<startdate>2026-01-16 16:13:14</startdate>
<round>1</round>
<failsafecounter/>
<players><player seat="3" name="hubner11" chips="1,191" dealer="0" win="0" bet="35" muck="1" rebuy="0" addon="0" merge="0" rebuychips="0" reg_code="5089841533"/>
<player seat="10" name="22vidi22" chips="309" dealer="1" win="70" bet="65" muck="1" rebuy="0" addon="0" merge="0" rebuychips="0" reg_code="5089841695"/>
</players>
</general>
<round no="0"><action no="1" player="22vidi22" type="15" sum="5"/>
<action no="2" player="hubner11" type="15" discard="1" dealt="1" sum="5"/>
<action no="3" player="22vidi22" type="1" sum="15"/>
<action no="4" player="hubner11" type="2" discard="1" dealt="1" sum="30"/>
</round>
<round no="1"><cards type="Pocket" player="hubner11">X X</cards>
<cards type="Pocket" player="22vidi22">C6 S5</cards>
<action no="5" player="22vidi22" type="3" sum="15"/>
<action no="6" player="hubner11" type="4" discard="1" dealt="1" sum="0"/>
</round>
<round no="2"><cards type="Flop">H5 SJ D2</cards>
<action no="7" player="hubner11" type="4" discard="1" dealt="1" sum="0"/>
<action no="8" player="22vidi22" type="5" sum="30"/>
<action no="9" player="hubner11" type="0" discard="1" dealt="1" sum="0"/>
</round>
</game>
<game gamecode="6596851418"><general>
<startdate>2026-01-16 16:13:27</startdate>
<round>1</round>
<failsafecounter/>
<players><player seat="10" name="22vidi22" chips="344" dealer="0" win="0" bet="35" muck="1" rebuy="0" addon="0" merge="0" rebuychips="0" reg_code="5089841695"/>
<player seat="3" name="hubner11" chips="1,156" dealer="1" win="70" bet="1,156" muck="1" rebuy="0" addon="0" merge="0" rebuychips="0" reg_code="5089841533"/>
</players>
</general>
<round no="0"><action no="1" player="hubner11" type="15" discard="1" dealt="1" sum="5"/>
<action no="2" player="22vidi22" type="15" sum="5"/>
<action no="3" player="hubner11" type="1" discard="1" dealt="1" sum="15"/>
<action no="4" player="22vidi22" type="2" sum="30"/>
</round>
<round no="1"><cards type="Pocket" player="hubner11">X X</cards>
<cards type="Pocket" player="22vidi22">H9 S3</cards>
<action no="5" player="hubner11" type="23" discard="1" dealt="1" sum="1,151"/>
<action no="6" player="22vidi22" type="0" sum="0"/>
</round>
</game>
<game gamecode="6596851468"><general>
<startdate>2026-01-16 16:13:34</startdate>
<round>1</round>
<failsafecounter/>
<players><player seat="3" name="hubner11" chips="1,191" dealer="0" win="40" bet="35" muck="1" rebuy="0" addon="0" merge="0" rebuychips="0" reg_code="5089841533"/>
<player seat="10" name="22vidi22" chips="309" dealer="1" win="0" bet="20" muck="1" rebuy="0" addon="0" merge="0" rebuychips="0" reg_code="5089841695"/>
</players>
</general>
<round no="0"><action no="1" player="22vidi22" type="15" sum="5"/>
<action no="2" player="hubner11" type="15" discard="1" dealt="1" sum="5"/>
<action no="3" player="22vidi22" type="1" sum="15"/>
<action no="4" player="hubner11" type="2" discard="1" dealt="1" sum="30"/>
</round>
<round no="1"><cards type="Pocket" player="22vidi22">H5 C9</cards>
<cards type="Pocket" player="hubner11">X X</cards>
<action no="5" player="22vidi22" type="0" sum="0"/>
</round>
</game>
<game gamecode="6596851498"><general>
<startdate>2026-01-16 16:13:40</startdate>
<round>1</round>
<failsafecounter/>
<players><player seat="10" name="22vidi22" chips="289" dealer="0" win="0" bet="289" muck="1" rebuy="0" addon="0" merge="0" rebuychips="0" reg_code="5089841695"/>
<player seat="3" name="hubner11" chips="1,211" dealer="1" win="578" bet="1,211" muck="0" rebuy="0" addon="0" merge="0" rebuychips="0" reg_code="5089841533"/>
</players>
</general>
<round no="0"><action no="1" player="hubner11" type="15" discard="1" dealt="1" sum="5"/>
<action no="2" player="22vidi22" type="15" sum="5"/>
<action no="3" player="hubner11" type="1" discard="1" dealt="1" sum="15"/>
<action no="4" player="22vidi22" type="2" sum="30"/>
</round>
<round no="1"><cards type="Pocket" player="hubner11">CA S3</cards>
<cards type="Pocket" player="22vidi22">D8 CK</cards>
<action no="5" player="hubner11" type="23" discard="1" dealt="1" sum="1,206"/>
<action no="6" player="22vidi22" type="7" sum="254"/>
</round>
<round no="2"><cards type="Flop">SA C2 HA</cards>
</round>
<round no="3"><cards type="Turn">H2</cards>
</round>
<round no="4"><cards type="River">C7</cards>
</round>
</game>
</session>
