<?xml version="1.0" encoding="UTF-8"?>
<session sessioncode="5089441315">
<general>
<client_version>24.7.1.15</client_version>
<mode>real</mode>
<gametype>Holdem NL</gametype>
<tablename>Twister €100 SNG, 826491879</tablename>
<tournamentcode>826491878</tournamentcode>
<tournamentname>Twister €100 SNG</tournamentname>
<buyin>€0 + €7 + €93</buyin>
<totalbuyin>€100</totalbuyin>
<rewarddrawn>€200</rewarddrawn>
<tournamentcurrency>EUR</tournamentcurrency>
<currency>EUR</currency>
<nickname>22vidi22</nickname>
<gamecount>5</gamecount>
<startdate>2026-01-15 00:02:41</startdate>
<place>3</place>
<win>€0</win>
<tablesize>3</tablesize>
</general>
<game gamecode="6595156928"><general>
<startdate>2026-01-15 00:02:56</startdate>
<round>1</round>
<failsafecounter/>
<players><player seat="6" name="Jojofiona" chips="500" dealer="0" win="0" bet="20" muck="1" rebuy="0" addon="0" merge="0" rebuychips="0" reg_code="5089440764"/>
<player seat="10" name="22vidi22" chips="500" dealer="1" win="50" bet="40" muck="1" rebuy="0" addon="0" merge="0" rebuychips="0" reg_code="5089441315"/>
<player seat="3" name="Thechosenoonee" chips="500" dealer="0" win="0" bet="10" muck="1" rebuy="0" addon="0" merge="0" rebuychips="0" reg_code="5089439755"/>
</players>
</general>
<round no="0"><action no="1" player="Thechosenoonee" type="1" discard="1" dealt="1" sum="10"/>
<action no="2" player="Jojofiona" type="2" discard="1" dealt="1" sum="20"/>
</round>
<round no="1"><cards type="Pocket" player="Jojofiona">X X</cards>
<cards type="Pocket" player="Thechosenoonee">X X</cards>
<cards type="Pocket" player="22vidi22">DJ SK</cards>
<action no="3" player="22vidi22" type="23" sum="40"/>
<action no="4" player="Thechosenoonee" type="0" discard="1" dealt="1" sum="0"/>
<action no="5" player="Jojofiona" type="0" discard="1" dealt="1" sum="0"/>
</round>
</game>
<game gamecode="6595157022"><general>
<startdate>2026-01-15 00:03:11</startdate>
<round>1</round>
<failsafecounter/>
<players><player seat="10" name="22vidi22" chips="530" dealer="0" win="0" bet="260" muck="0" rebuy="0" addon="0" merge="0" rebuychips="0" reg_code="5089441315"/>
<player seat="3" name="Thechosenoonee" chips="490" dealer="1" win="0" bet="0" muck="1" rebuy="0" addon="0" merge="0" rebuychips="0" reg_code="5089439755"/>
<player seat="6" name="Jojofiona" chips="480" dealer="0" win="520" bet="260" muck="0" rebuy="0" addon="0" merge="0" rebuychips="0" reg_code="5089440764"/>
</players>
</general>
<round no="0"><action no="1" player="Jojofiona" type="1" discard="1" dealt="1" sum="10"/>
<action no="2" player="22vidi22" type="2" sum="20"/>
</round>
<round no="1"><cards type="Pocket" player="Thechosenoonee">X X</cards>
<cards type="Pocket" player="22vidi22">HA D6</cards>
<cards type="Pocket" player="Jojofiona">D5 C6</cards>
<action no="3" player="Thechosenoonee" type="0" discard="1" dealt="1" sum="0"/>
<action no="4" player="Jojofiona" type="3" discard="1" dealt="1" sum="10"/>
<action no="5" player="22vidi22" type="23" sum="60"/>
<action no="6" player="Jojofiona" type="3" discard="1" dealt="1" sum="40"/>
</round>
<round no="2"><cards type="Flop">D7 C9 C3</cards>
<action no="7" player="Jojofiona" type="4" discard="1" dealt="1" sum="0"/>
<action no="8" player="22vidi22" type="4" sum="0"/>
</round>
<round no="3"><cards type="Turn">S8</cards>
<action no="9" player="Jojofiona" type="5" discard="1" dealt="1" sum="20"/>
<action no="10" player="22vidi22" type="3" sum="20"/>
</round>
<round no="4"><cards type="River">CK</cards>
<action no="11" player="Jojofiona" type="5" discard="1" dealt="1" sum="60"/>
<action no="12" player="22vidi22" type="23" sum="180"/>
<action no="13" player="Jojofiona" type="3" discard="1" dealt="1" sum="120"/>
</round>
</game>
<game gamecode="6595162442"><general>
<startdate>2026-01-15 00:03:43</startdate>
<round>1</round>
<failsafecounter/>
<players><player seat="3" name="Thechosenoonee" chips="490" dealer="0" win="0" bet="40" muck="1" rebuy="0" addon="0" merge="0" rebuychips="0" reg_code="5089439755"/>
<player seat="6" name="Jojofiona" chips="740" dealer="1" win="0" bet="0" muck="1" rebuy="0" addon="0" merge="0" rebuychips="0" reg_code="5089440764"/>
<player seat="10" name="22vidi22" chips="270" dealer="0" win="80" bet="96" muck="1" rebuy="0" addon="0" merge="0" rebuychips="0" reg_code="5089441315"/>
</players>
</general>
<round no="0"><action no="1" player="22vidi22" type="1" sum="10"/>
<action no="2" player="Thechosenoonee" type="2" discard="1" dealt="1" sum="20"/>
</round>
<round no="1"><cards type="Pocket" player="Jojofiona">X X</cards>
<cards type="Pocket" player="22vidi22">DA CQ</cards>
<cards type="Pocket" player="Thechosenoonee">X X</cards>
<action no="3" player="Jojofiona" type="0" discard="1" dealt="1" sum="0"/>
<action no="4" player="22vidi22" type="23" sum="40"/>
<action no="5" player="Thechosenoonee" type="3" discard="1" dealt="1" sum="20"/>
</round>
<round no="2"><cards type="Flop">C9 H7 H4</cards>
<action no="6" player="22vidi22" type="4" sum="0"/>
<action no="7" player="Thechosenoonee" type="4" discard="1" dealt="1" sum="0"/>
</round>
<round no="3"><cards type="Turn">SJ</cards>
<action no="8" player="22vidi22" type="4" sum="0"/>
<action no="9" player="Thechosenoonee" type="4" discard="1" dealt="1" sum="0"/>
</round>
<round no="4"><cards type="River">SA</cards>
<action no="10" player="22vidi22" type="5" sum="56"/>
<action no="11" player="Thechosenoonee" type="0" discard="1" dealt="1" sum="0"/>
</round>
</game>
<game gamecode="6595162758"><general>
<startdate>2026-01-15 00:04:18</startdate>
<round>1</round>
<failsafecounter/>
<players><player seat="6" name="Jojofiona" chips="740" dealer="0" win="0" bet="185" muck="1" rebuy="0" addon="0" merge="0" rebuychips="0" reg_code="5089440764"/>
<player seat="10" name="22vidi22" chips="310" dealer="1" win="380" bet="185" muck="0" rebuy="0" addon="0" merge="0" rebuychips="0" reg_code="5089441315"/>
<player seat="3" name="Thechosenoonee" chips="450" dealer="0" win="0" bet="10" muck="1" rebuy="0" addon="0" merge="0" rebuychips="0" reg_code="5089439755"/>
</players>
</general>
<round no="0"><action no="1" player="Thechosenoonee" type="1" discard="1" dealt="1" sum="10"/>
<action no="2" player="Jojofiona" type="2" discard="1" dealt="1" sum="20"/>
</round>
<round no="1"><cards type="Pocket" player="Thechosenoonee">X X</cards>
<cards type="Pocket" player="Jojofiona">D10 CK</cards>
<cards type="Pocket" player="22vidi22">HJ H3</cards>
<action no="3" player="22vidi22" type="23" sum="40"/>
<action no="4" player="Thechosenoonee" type="0" discard="1" dealt="1" sum="0"/>
<action no="5" player="Jojofiona" type="3" discard="1" dealt="1" sum="20"/>
</round>
<round no="2"><cards type="Flop">CQ D9 S6</cards>
<action no="6" player="Jojofiona" type="4" discard="1" dealt="1" sum="0"/>
<action no="7" player="22vidi22" type="4" sum="0"/>
</round>
<round no="3"><cards type="Turn">H10</cards>
<action no="8" player="Jojofiona" type="5" discard="1" dealt="1" sum="20"/>
<action no="9" player="22vidi22" type="3" sum="20"/>
</round>
<round no="4"><cards type="River">S8</cards>
<action no="10" player="Jojofiona" type="5" discard="1" dealt="1" sum="40"/>
<action no="11" player="22vidi22" type="23" sum="125"/>
<action no="12" player="Jojofiona" type="3" discard="1" dealt="1" sum="85"/>
</round>
</game>
<game gamecode="6595163095"><general>
<startdate>2026-01-15 00:04:55</startdate>
<round>1</round>
<failsafecounter/>
<players><player seat="10" name="22vidi22" chips="505" dealer="0" win="0" bet="505" muck="0" rebuy="0" addon="0" merge="0" rebuychips="0" reg_code="5089441315"/>
<player seat="3" name="Thechosenoonee" chips="440" dealer="1" win="0" bet="5" muck="1" rebuy="0" addon="0" merge="0" rebuychips="0" reg_code="5089439755"/>
<player seat="6" name="Jojofiona" chips="555" dealer="0" win="1,015" bet="505" muck="0" rebuy="0" addon="0" merge="0" rebuychips="0" reg_code="5089440764"/>
</players>
</general>
<round no="0"><action no="1" player="Jojofiona" type="15" discard="1" dealt="1" sum="5"/>
<action no="2" player="22vidi22" type="15" sum="5"/>
<action no="3" player="Thechosenoonee" type="15" discard="1" dealt="1" sum="5"/>
<action no="4" player="Jojofiona" type="1" discard="1" dealt="1" sum="15"/>
<action no="5" player="22vidi22" type="2" sum="30"/>
</round>
<round no="1"><cards type="Pocket" player="Thechosenoonee">X X</cards>
<cards type="Pocket" player="22vidi22">CA D8</cards>
<cards type="Pocket" player="Jojofiona">CK H7</cards>
<action no="6" player="Thechosenoonee" type="0" discard="1" dealt="1" sum="0"/>
<action no="7" player="Jojofiona" type="3" discard="1" dealt="1" sum="15"/>
<action no="8" player="22vidi22" type="23" sum="500"/>
<action no="9" player="Jojofiona" type="3" discard="1" dealt="1" sum="470"/>
</round>
<round no="2"><cards type="Flop">C7 D5 D6</cards>
</round>
<round no="3"><cards type="Turn">S6</cards>
</round>
<round no="4"><cards type="River">S7</cards>
</round>
</game>
</session>
