<?xml version="1.0" encoding="UTF-8"?>
<session sessioncode="5089845179">
<general>
<client_version>24.7.1.15</client_version>
<mode>real</mode>
<gametype>Holdem NL</gametype>
<tablename>Twister €100 SNG, 826617050</tablename>
<tournamentcode>826617049</tournamentcode>
<tournamentname>Twister €100 SNG</tournamentname>
<buyin>€0 + €7 + €93</buyin>
<totalbuyin>€100</totalbuyin>
<rewarddrawn>€200</rewarddrawn>
<tournamentcurrency>EUR</tournamentcurrency>
<currency>EUR</currency>
<nickname>22vidi22</nickname>
<gamecount>7</gamecount>
<startdate>2026-01-16 16:24:05</startdate>
<place>1</place>
<win>€200</win>
<tablesize>3</tablesize>
</general>
<game gamecode="6596866906"><general>
<startdate>2026-01-16 16:24:20</startdate>
<round>1</round>
<failsafecounter/>
<players><player seat="3" name="ilCapo6" chips="500" dealer="0" win="80" bet="500" muck="1" rebuy="0" addon="0" merge="0" rebuychips="0" reg_code="5089844712"/>
<player seat="6" name="Thechosenoonee" chips="500" dealer="1" win="0" bet="0" muck="1" rebuy="0" addon="0" merge="0" rebuychips="0" reg_code="5089844978"/>
<player seat="10" name="22vidi22" chips="500" dealer="0" win="0" bet="40" muck="1" rebuy="0" addon="0" merge="0" rebuychips="0" reg_code="5089845179"/>
</players>
</general>
<round no="0"><action no="1" player="22vidi22" type="1" sum="10"/>
<action no="2" player="ilCapo6" type="2" discard="1" dealt="1" sum="20"/>
</round>
<round no="1"><cards type="Pocket" player="22vidi22">S7 S10</cards>
<cards type="Pocket" player="ilCapo6">X X</cards>
<cards type="Pocket" player="Thechosenoonee">X X</cards>
<action no="3" player="Thechosenoonee" type="0" discard="1" dealt="1" sum="0"/>
<action no="4" player="22vidi22" type="23" sum="40"/>
<action no="5" player="ilCapo6" type="23" discard="1" dealt="1" sum="500"/>
<action no="6" player="22vidi22" type="0" sum="0"/>
</round>
</game>
<game gamecode="6596866937"><general>
<startdate>2026-01-16 16:24:32</startdate>
<round>1</round>
<failsafecounter/>
<players><player seat="6" name="Thechosenoonee" chips="500" dealer="0" win="0" bet="260" muck="0" rebuy="0" addon="0" merge="0" rebuychips="0" reg_code="5089844978"/>
<player seat="10" name="22vidi22" chips="460" dealer="1" win="530" bet="260" muck="0" rebuy="0" addon="0" merge="0" rebuychips="0" reg_code="5089845179"/>
<player seat="3" name="ilCapo6" chips="540" dealer="0" win="0" bet="10" muck="1" rebuy="0" addon="0" merge="0" rebuychips="0" reg_code="5089844712"/>
</players>
</general>
<round no="0"><action no="1" player="ilCapo6" type="1" discard="1" dealt="1" sum="10"/>
<action no="2" player="Thechosenoonee" type="2" discard="1" dealt="1" sum="20"/>
</round>
<round no="1"><cards type="Pocket" player="22vidi22">HA C5</cards>
<cards type="Pocket" player="Thechosenoonee">S8 HK</cards>
<cards type="Pocket" player="ilCapo6">X X</cards>
<action no="3" player="22vidi22" type="23" sum="40"/>
<action no="4" player="ilCapo6" type="0" discard="1" dealt="1" sum="0"/>
<action no="5" player="Thechosenoonee" type="3" discard="1" dealt="1" sum="20"/>
</round>
<round no="2"><cards type="Flop">DA C10 HJ</cards>
<action no="6" player="Thechosenoonee" type="4" discard="1" dealt="1" sum="0"/>
<action no="7" player="22vidi22" type="5" sum="20"/>
<action no="8" player="Thechosenoonee" type="3" discard="1" dealt="1" sum="20"/>
</round>
<round no="3"><cards type="Turn">H9</cards>
<action no="9" player="Thechosenoonee" type="4" discard="1" dealt="1" sum="0"/>
<action no="10" player="22vidi22" type="4" sum="0"/>
</round>
<round no="4"><cards type="River">C3</cards>
<action no="11" player="Thechosenoonee" type="5" discard="1" dealt="1" sum="200"/>
<action no="12" player="22vidi22" type="3" sum="200"/>
</round>
</game>
<game gamecode="6596867055"><general>
<startdate>2026-01-16 16:25:13</startdate>
<round>1</round>
<failsafecounter/>
<players><player seat="10" name="22vidi22" chips="730" dealer="0" win="20" bet="20" muck="1" rebuy="0" addon="0" merge="0" rebuychips="0" reg_code="5089845179"/>
<player seat="3" name="ilCapo6" chips="530" dealer="1" win="0" bet="0" muck="1" rebuy="0" addon="0" merge="0" rebuychips="0" reg_code="5089844712"/>
<player seat="6" name="Thechosenoonee" chips="240" dealer="0" win="0" bet="10" muck="1" rebuy="0" addon="0" merge="0" rebuychips="0" reg_code="5089844978"/>
</players>
</general>
<round no="0"><action no="1" player="Thechosenoonee" type="1" discard="1" dealt="1" sum="10"/>
<action no="2" player="22vidi22" type="2" sum="20"/>
</round>
<round no="1"><cards type="Pocket" player="ilCapo6">X X</cards>
<cards type="Pocket" player="22vidi22">C7 S3</cards>
<cards type="Pocket" player="Thechosenoonee">X X</cards>
<action no="3" player="ilCapo6" type="0" discard="1" dealt="1" sum="0"/>
<action no="4" player="Thechosenoonee" type="0" discard="1" dealt="1" sum="0"/>
</round>
</game>
<game gamecode="6596867078"><general>
<startdate>2026-01-16 16:25:23</startdate>
<round>1</round>
<failsafecounter/>
<players><player seat="3" name="ilCapo6" chips="530" dealer="0" win="0" bet="40" muck="1" rebuy="0" addon="0" merge="0" rebuychips="0" reg_code="5089844712"/>
<player seat="6" name="Thechosenoonee" chips="230" dealer="1" win="0" bet="0" muck="1" rebuy="0" addon="0" merge="0" rebuychips="0" reg_code="5089844978"/>
<player seat="10" name="22vidi22" chips="740" dealer="0" win="80" bet="40" muck="0" rebuy="0" addon="0" merge="0" rebuychips="0" reg_code="5089845179"/>
</players>
</general>
<round no="0"><action no="1" player="22vidi22" type="1" sum="10"/>
<action no="2" player="ilCapo6" type="2" discard="1" dealt="1" sum="20"/>
</round>
<round no="1"><cards type="Pocket" player="Thechosenoonee">X X</cards>
<cards type="Pocket" player="22vidi22">D5 DA</cards>
<cards type="Pocket" player="ilCapo6">S4 C5</cards>
<action no="3" player="Thechosenoonee" type="0" discard="1" dealt="1" sum="0"/>
<action no="4" player="22vidi22" type="3" sum="10"/>
<action no="5" player="ilCapo6" type="4" discard="1" dealt="1" sum="0"/>
</round>
<round no="2"><cards type="Flop">S10 S5 D7</cards>
<action no="6" player="22vidi22" type="4" sum="0"/>
<action no="7" player="ilCapo6" type="4" discard="1" dealt="1" sum="0"/>
</round>
<round no="3"><cards type="Turn">C3</cards>
<action no="8" player="22vidi22" type="4" sum="0"/>
<action no="9" player="ilCapo6" type="5" discard="1" dealt="1" sum="20"/>
<action no="10" player="22vidi22" type="3" sum="20"/>
</round>
<round no="4"><cards type="River">D8</cards>
<action no="11" player="22vidi22" type="4" sum="0"/>
<action no="12" player="ilCapo6" type="4" discard="1" dealt="1" sum="0"/>
</round>
</game>
<game gamecode="6596867162"><general>
<startdate>2026-01-16 16:25:58</startdate>
<round>1</round>
<failsafecounter/>
<players><player seat="6" name="Thechosenoonee" chips="230" dealer="0" win="20" bet="20" muck="1" rebuy="0" addon="0" merge="0" rebuychips="0" reg_code="5089844978"/>
<player seat="10" name="22vidi22" chips="780" dealer="1" win="0" bet="0" muck="1" rebuy="0" addon="0" merge="0" rebuychips="0" reg_code="5089845179"/>
<player seat="3" name="ilCapo6" chips="490" dealer="0" win="0" bet="10" muck="1" rebuy="0" addon="0" merge="0" rebuychips="0" reg_code="5089844712"/>
</players>
</general>
<round no="0"><action no="1" player="ilCapo6" type="1" discard="1" dealt="1" sum="10"/>
<action no="2" player="Thechosenoonee" type="2" discard="1" dealt="1" sum="20"/>
</round>
<round no="1"><cards type="Pocket" player="Thechosenoonee">X X</cards>
<cards type="Pocket" player="22vidi22">C8 D3</cards>
<cards type="Pocket" player="ilCapo6">X X</cards>
<action no="3" player="22vidi22" type="0" sum="0"/>
<action no="4" player="ilCapo6" type="0" discard="1" dealt="1" sum="0"/>
</round>
</game>
<game gamecode="6596867177"><general>
<startdate>2026-01-16 16:26:06</startdate>
<round>1</round>
<failsafecounter/>
<players><player seat="10" name="22vidi22" chips="780" dealer="0" win="980" bet="480" muck="0" rebuy="0" addon="0" merge="0" rebuychips="0" reg_code="5089845179"/>
<player seat="3" name="ilCapo6" chips="480" dealer="1" win="0" bet="480" muck="0" rebuy="0" addon="0" merge="0" rebuychips="0" reg_code="5089844712"/>
<player seat="6" name="Thechosenoonee" chips="240" dealer="0" win="0" bet="20" muck="1" rebuy="0" addon="0" merge="0" rebuychips="0" reg_code="5089844978"/>
</players>
</general>
<round no="0"><action no="1" player="Thechosenoonee" type="15" discard="1" dealt="1" sum="5"/>
<action no="2" player="22vidi22" type="15" sum="5"/>
<action no="3" player="ilCapo6" type="15" discard="1" dealt="1" sum="5"/>
<action no="4" player="Thechosenoonee" type="1" discard="1" dealt="1" sum="15"/>
<action no="5" player="22vidi22" type="2" sum="30"/>
</round>
<round no="1"><cards type="Pocket" player="ilCapo6">H4 C4</cards>
<cards type="Pocket" player="Thechosenoonee">X X</cards>
<cards type="Pocket" player="22vidi22">HA HK</cards>
<action no="6" player="ilCapo6" type="23" discard="1" dealt="1" sum="475"/>
<action no="7" player="Thechosenoonee" type="0" discard="1" dealt="1" sum="0"/>
<action no="8" player="22vidi22" type="3" sum="445"/>
</round>
<round no="2"><cards type="Flop">SJ H7 C7</cards>
</round>
<round no="3"><cards type="Turn">S10</cards>
</round>
<round no="4"><cards type="River">CA</cards>
</round>
</game>
<game gamecode="6596867216"><general>
<startdate>2026-01-16 16:26:22</startdate>
<round>1</round>
<failsafecounter/>
<players><player seat="10" name="22vidi22" chips="1,280" dealer="0" win="440" bet="220" muck="0" rebuy="0" addon="0" merge="0" rebuychips="0" reg_code="5089845179"/>
<player seat="6" name="Thechosenoonee" chips="220" dealer="1" win="0" bet="220" muck="0" rebuy="0" addon="0" merge="0" rebuychips="0" reg_code="5089844978"/>
</players>
</general>
<round no="0"><action no="1" player="Thechosenoonee" type="15" discard="1" dealt="1" sum="5"/>
<action no="2" player="22vidi22" type="15" sum="5"/>
<action no="3" player="Thechosenoonee" type="1" discard="1" dealt="1" sum="15"/>
<action no="4" player="22vidi22" type="2" sum="30"/>
</round>
<round no="1"><cards type="Pocket" player="22vidi22">HQ CA</cards>
<cards type="Pocket" player="Thechosenoonee">C7 DQ</cards>
<action no="5" player="Thechosenoonee" type="23" discard="1" dealt="1" sum="215"/>
<action no="6" player="22vidi22" type="3" sum="185"/>
</round>
<round no="2"><cards type="Flop">C10 HJ D3</cards>
</round>
<round no="3"><cards type="Turn">C6</cards>
</round>
<round no="4"><cards type="River">HA</cards>
</round>
</game>
</session>
