<?xml version="1.0" encoding="UTF-8"?>
<session sessioncode="5089313540">
<general>
<client_version>24.7.1.15</client_version>
<mode>real</mode>
<gametype>Holdem NL</gametype>
<tablename>Twister €100 SNG, 826453394</tablename>
<tournamentcode>826453392</tournamentcode>
<tournamentname>Twister €100 SNG</tournamentname>
<buyin>€0 + €7 + €93</buyin>
<totalbuyin>€100</totalbuyin>
<rewarddrawn>€400</rewarddrawn>
<tournamentcurrency>EUR</tournamentcurrency>
<currency>EUR</currency>
<nickname>22vidi22</nickname>
<gamecount>33</gamecount>
<startdate>2026-01-14 17:24:39</startdate>
<place>1</place>
<win>€400</win>
<tablesize>3</tablesize>
</general>
<game gamecode="6594554380"><general>
<startdate>2026-01-14 17:24:54</startdate>
<round>1</round>
<failsafecounter/>
<players><player seat="3" name="Tiuualex" chips="500" dealer="0" win="0" bet="20" muck="1" rebuy="0" addon="0" merge="0" rebuychips="0" reg_code="5089311583"/>
<player seat="6" name="ilCapo6" chips="500" dealer="1" win="0" bet="0" muck="1" rebuy="0" addon="0" merge="0" rebuychips="0" reg_code="5089311700"/>
<player seat="10" name="22vidi22" chips="500" dealer="0" win="40" bet="60" muck="1" rebuy="0" addon="0" merge="0" rebuychips="0" reg_code="5089313540"/>
</players>
</general>
<round no="0"><action no="1" player="22vidi22" type="1" sum="10"/>
<action no="2" player="Tiuualex" type="2" discard="1" dealt="1" sum="20"/>
</round>
<round no="1"><cards type="Pocket" player="22vidi22">S9 SA</cards>
<cards type="Pocket" player="Tiuualex">X X</cards>
<cards type="Pocket" player="ilCapo6">X X</cards>
<action no="3" player="ilCapo6" type="0" discard="1" dealt="1" sum="0"/>
<action no="4" player="22vidi22" type="23" sum="60"/>
<action no="5" player="Tiuualex" type="0" discard="1" dealt="1" sum="0"/>
</round>
</game>
<game gamecode="6594554474"><general>
<startdate>2026-01-14 17:25:08</startdate>
<round>1</round>
<failsafecounter/>
<players><player seat="6" name="ilCapo6" chips="500" dealer="0" win="20" bet="20" muck="1" rebuy="0" addon="0" merge="0" rebuychips="0" reg_code="5089311700"/>
<player seat="10" name="22vidi22" chips="520" dealer="1" win="0" bet="0" muck="1" rebuy="0" addon="0" merge="0" rebuychips="0" reg_code="5089313540"/>
<player seat="3" name="Tiuualex" chips="480" dealer="0" win="0" bet="10" muck="1" rebuy="0" addon="0" merge="0" rebuychips="0" reg_code="5089311583"/>
</players>
</general>
<round no="0"><action no="1" player="Tiuualex" type="1" discard="1" dealt="1" sum="10"/>
<action no="2" player="ilCapo6" type="2" discard="1" dealt="1" sum="20"/>
</round>
<round no="1"><cards type="Pocket" player="ilCapo6">X X</cards>
<cards type="Pocket" player="22vidi22">S2 S7</cards>
<cards type="Pocket" player="Tiuualex">X X</cards>
<action no="3" player="22vidi22" type="0" sum="0"/>
<action no="4" player="Tiuualex" type="0" discard="1" dealt="1" sum="0"/>
</round>
</game>
<game gamecode="6594554522"><general>
<startdate>2026-01-14 17:25:17</startdate>
<round>1</round>
<failsafecounter/>
<players><player seat="10" name="22vidi22" chips="520" dealer="0" win="20" bet="20" muck="1" rebuy="0" addon="0" merge="0" rebuychips="0" reg_code="5089313540"/>
<player seat="3" name="Tiuualex" chips="470" dealer="1" win="0" bet="0" muck="1" rebuy="0" addon="0" merge="0" rebuychips="0" reg_code="5089311583"/>
<player seat="6" name="ilCapo6" chips="510" dealer="0" win="0" bet="10" muck="1" rebuy="0" addon="0" merge="0" rebuychips="0" reg_code="5089311700"/>
</players>
</general>
<round no="0"><action no="1" player="ilCapo6" type="1" discard="1" dealt="1" sum="10"/>
<action no="2" player="22vidi22" type="2" sum="20"/>
</round>
<round no="1"><cards type="Pocket" player="Tiuualex">X X</cards>
<cards type="Pocket" player="ilCapo6">X X</cards>
<cards type="Pocket" player="22vidi22">H3 DJ</cards>
<action no="3" player="Tiuualex" type="0" discard="1" dealt="1" sum="0"/>
<action no="4" player="ilCapo6" type="0" discard="1" dealt="1" sum="0"/>
</round>
</game>
<game gamecode="6594554561"><general>
<startdate>2026-01-14 17:25:24</startdate>
<round>1</round>
<failsafecounter/>
<players><player seat="3" name="Tiuualex" chips="470" dealer="0" win="0" bet="20" muck="1" rebuy="0" addon="0" merge="0" rebuychips="0" reg_code="5089311583"/>
<player seat="6" name="ilCapo6" chips="500" dealer="1" win="50" bet="40" muck="1" rebuy="0" addon="0" merge="0" rebuychips="0" reg_code="5089311700"/>
<player seat="10" name="22vidi22" chips="530" dealer="0" win="0" bet="10" muck="1" rebuy="0" addon="0" merge="0" rebuychips="0" reg_code="5089313540"/>
</players>
</general>
<round no="0"><action no="1" player="22vidi22" type="1" sum="10"/>
<action no="2" player="Tiuualex" type="2" discard="1" dealt="1" sum="20"/>
</round>
<round no="1"><cards type="Pocket" player="Tiuualex">X X</cards>
<cards type="Pocket" player="22vidi22">C2 C5</cards>
<cards type="Pocket" player="ilCapo6">X X</cards>
<action no="3" player="ilCapo6" type="23" discard="1" dealt="1" sum="40"/>
<action no="4" player="22vidi22" type="0" sum="0"/>
<action no="5" player="Tiuualex" type="0" discard="1" dealt="1" sum="0"/>
</round>
</game>
<game gamecode="6594554676"><general>
<startdate>2026-01-14 17:25:45</startdate>
<round>1</round>
<failsafecounter/>
<players><player seat="6" name="ilCapo6" chips="530" dealer="0" win="20" bet="20" muck="1" rebuy="0" addon="0" merge="0" rebuychips="0" reg_code="5089311700"/>
<player seat="10" name="22vidi22" chips="520" dealer="1" win="0" bet="0" muck="1" rebuy="0" addon="0" merge="0" rebuychips="0" reg_code="5089313540"/>
<player seat="3" name="Tiuualex" chips="450" dealer="0" win="0" bet="10" muck="1" rebuy="0" addon="0" merge="0" rebuychips="0" reg_code="5089311583"/>
</players>
</general>
<round no="0"><action no="1" player="Tiuualex" type="1" discard="1" dealt="1" sum="10"/>
<action no="2" player="ilCapo6" type="2" discard="1" dealt="1" sum="20"/>
</round>
<round no="1"><cards type="Pocket" player="Tiuualex">X X</cards>
<cards type="Pocket" player="ilCapo6">X X</cards>
<cards type="Pocket" player="22vidi22">D5 SK</cards>
<action no="3" player="22vidi22" type="0" sum="0"/>
<action no="4" player="Tiuualex" type="0" discard="1" dealt="1" sum="0"/>
</round>
</game>
<game gamecode="6594554725"><general>
<startdate>2026-01-14 17:25:53</startdate>
<round>1</round>
<failsafecounter/>
<players><player seat="10" name="22vidi22" chips="520" dealer="0" win="0" bet="70" muck="1" rebuy="0" addon="0" merge="0" rebuychips="0" reg_code="5089313540"/>
<player seat="3" name="Tiuualex" chips="440" dealer="1" win="0" bet="0" muck="1" rebuy="0" addon="0" merge="0" rebuychips="0" reg_code="5089311583"/>
<player seat="6" name="ilCapo6" chips="540" dealer="0" win="140" bet="140" muck="1" rebuy="0" addon="0" merge="0" rebuychips="0" reg_code="5089311700"/>
</players>
</general>
<round no="0"><action no="1" player="ilCapo6" type="1" discard="1" dealt="1" sum="10"/>
<action no="2" player="22vidi22" type="2" sum="20"/>
</round>
<round no="1"><cards type="Pocket" player="22vidi22">DK H3</cards>
<cards type="Pocket" player="Tiuualex">X X</cards>
<cards type="Pocket" player="ilCapo6">X X</cards>
<action no="3" player="Tiuualex" type="0" discard="1" dealt="1" sum="0"/>
<action no="4" player="ilCapo6" type="23" discard="1" dealt="1" sum="40"/>
<action no="5" player="22vidi22" type="3" sum="20"/>
</round>
<round no="2"><cards type="Flop">SQ H2 D5</cards>
<action no="6" player="ilCapo6" type="5" discard="1" dealt="1" sum="30"/>
<action no="7" player="22vidi22" type="3" sum="30"/>
</round>
<round no="3"><cards type="Turn">D7</cards>
<action no="8" player="ilCapo6" type="5" discard="1" dealt="1" sum="70"/>
<action no="9" player="22vidi22" type="0" sum="0"/>
</round>
</game>
<game gamecode="6594554909"><general>
<startdate>2026-01-14 17:26:27</startdate>
<round>1</round>
<failsafecounter/>
<players><player seat="3" name="Tiuualex" chips="440" dealer="0" win="20" bet="20" muck="1" rebuy="0" addon="0" merge="0" rebuychips="0" reg_code="5089311583"/>
<player seat="6" name="ilCapo6" chips="610" dealer="1" win="0" bet="0" muck="1" rebuy="0" addon="0" merge="0" rebuychips="0" reg_code="5089311700"/>
<player seat="10" name="22vidi22" chips="450" dealer="0" win="0" bet="10" muck="1" rebuy="0" addon="0" merge="0" rebuychips="0" reg_code="5089313540"/>
</players>
</general>
<round no="0"><action no="1" player="22vidi22" type="1" sum="10"/>
<action no="2" player="Tiuualex" type="2" discard="1" dealt="1" sum="20"/>
</round>
<round no="1"><cards type="Pocket" player="22vidi22">S8 C3</cards>
<cards type="Pocket" player="Tiuualex">X X</cards>
<cards type="Pocket" player="ilCapo6">X X</cards>
<action no="3" player="ilCapo6" type="0" discard="1" dealt="1" sum="0"/>
<action no="4" player="22vidi22" type="0" sum="0"/>
</round>
</game>
<game gamecode="6594554988"><general>
<startdate>2026-01-14 17:26:41</startdate>
<round>1</round>
<failsafecounter/>
<players><player seat="6" name="ilCapo6" chips="610" dealer="0" win="20" bet="20" muck="1" rebuy="0" addon="0" merge="0" rebuychips="0" reg_code="5089311700"/>
<player seat="10" name="22vidi22" chips="440" dealer="1" win="0" bet="0" muck="1" rebuy="0" addon="0" merge="0" rebuychips="0" reg_code="5089313540"/>
<player seat="3" name="Tiuualex" chips="450" dealer="0" win="0" bet="10" muck="1" rebuy="0" addon="0" merge="0" rebuychips="0" reg_code="5089311583"/>
</players>
</general>
<round no="0"><action no="1" player="Tiuualex" type="1" discard="1" dealt="1" sum="10"/>
<action no="2" player="ilCapo6" type="2" discard="1" dealt="1" sum="20"/>
</round>
<round no="1"><cards type="Pocket" player="ilCapo6">X X</cards>
<cards type="Pocket" player="22vidi22">C4 C7</cards>
<cards type="Pocket" player="Tiuualex">X X</cards>
<action no="3" player="22vidi22" type="0" sum="0"/>
<action no="4" player="Tiuualex" type="0" discard="1" dealt="1" sum="0"/>
</round>
</game>
<game gamecode="6594555046"><general>
<startdate>2026-01-14 17:26:49</startdate>
<round>1</round>
<failsafecounter/>
<players><player seat="10" name="22vidi22" chips="440" dealer="0" win="0" bet="40" muck="1" rebuy="0" addon="0" merge="0" rebuychips="0" reg_code="5089313540"/>
<player seat="3" name="Tiuualex" chips="440" dealer="1" win="90" bet="112" muck="1" rebuy="0" addon="0" merge="0" rebuychips="0" reg_code="5089311583"/>
<player seat="6" name="ilCapo6" chips="620" dealer="0" win="0" bet="10" muck="1" rebuy="0" addon="0" merge="0" rebuychips="0" reg_code="5089311700"/>
</players>
</general>
<round no="0"><action no="1" player="ilCapo6" type="1" discard="1" dealt="1" sum="10"/>
<action no="2" player="22vidi22" type="2" sum="20"/>
</round>
<round no="1"><cards type="Pocket" player="ilCapo6">X X</cards>
<cards type="Pocket" player="22vidi22">H3 HJ</cards>
<cards type="Pocket" player="Tiuualex">X X</cards>
<action no="3" player="Tiuualex" type="23" discard="1" dealt="1" sum="40"/>
<action no="4" player="ilCapo6" type="0" discard="1" dealt="1" sum="0"/>
<action no="5" player="22vidi22" type="3" sum="20"/>
</round>
<round no="2"><cards type="Flop">D7 D4 DA</cards>
<action no="6" player="22vidi22" type="4" sum="0"/>
<action no="7" player="Tiuualex" type="5" discard="1" dealt="1" sum="72"/>
<action no="8" player="22vidi22" type="0" sum="0"/>
</round>
</game>
<game gamecode="6594555159"><general>
<startdate>2026-01-14 17:27:11</startdate>
<round>1</round>
<failsafecounter/>
<players><player seat="3" name="Tiuualex" chips="490" dealer="0" win="0" bet="35" muck="1" rebuy="0" addon="0" merge="0" rebuychips="0" reg_code="5089311583"/>
<player seat="6" name="ilCapo6" chips="610" dealer="1" win="0" bet="5" muck="1" rebuy="0" addon="0" merge="0" rebuychips="0" reg_code="5089311700"/>
<player seat="10" name="22vidi22" chips="400" dealer="0" win="75" bet="65" muck="1" rebuy="0" addon="0" merge="0" rebuychips="0" reg_code="5089313540"/>
</players>
</general>
<round no="0"><action no="1" player="22vidi22" type="15" sum="5"/>
<action no="2" player="Tiuualex" type="15" discard="1" dealt="1" sum="5"/>
<action no="3" player="ilCapo6" type="15" discard="1" dealt="1" sum="5"/>
<action no="4" player="22vidi22" type="1" sum="15"/>
<action no="5" player="Tiuualex" type="2" discard="1" dealt="1" sum="30"/>
</round>
<round no="1"><cards type="Pocket" player="22vidi22">DQ CK</cards>
<cards type="Pocket" player="Tiuualex">X X</cards>
<cards type="Pocket" player="ilCapo6">X X</cards>
<action no="6" player="ilCapo6" type="0" discard="1" dealt="1" sum="0"/>
<action no="7" player="22vidi22" type="3" sum="15"/>
<action no="8" player="Tiuualex" type="4" discard="1" dealt="1" sum="0"/>
</round>
<round no="2"><cards type="Flop">D3 D5 D9</cards>
<action no="9" player="22vidi22" type="5" sum="30"/>
<action no="10" player="Tiuualex" type="0" discard="1" dealt="1" sum="0"/>
</round>
</game>
<game gamecode="6594555228"><general>
<startdate>2026-01-14 17:27:24</startdate>
<round>1</round>
<failsafecounter/>
<players><player seat="6" name="ilCapo6" chips="605" dealer="0" win="915" bet="455" muck="0" rebuy="0" addon="0" merge="0" rebuychips="0" reg_code="5089311700"/>
<player seat="10" name="22vidi22" chips="440" dealer="1" win="0" bet="5" muck="1" rebuy="0" addon="0" merge="0" rebuychips="0" reg_code="5089313540"/>
<player seat="3" name="Tiuualex" chips="455" dealer="0" win="0" bet="455" muck="0" rebuy="0" addon="0" merge="0" rebuychips="0" reg_code="5089311583"/>
</players>
</general>
<round no="0"><action no="1" player="Tiuualex" type="15" discard="1" dealt="1" sum="5"/>
<action no="2" player="ilCapo6" type="15" discard="1" dealt="1" sum="5"/>
<action no="3" player="22vidi22" type="15" sum="5"/>
<action no="4" player="Tiuualex" type="1" discard="1" dealt="1" sum="15"/>
<action no="5" player="ilCapo6" type="2" discard="1" dealt="1" sum="30"/>
</round>
<round no="1"><cards type="Pocket" player="ilCapo6">D2 C2</cards>
<cards type="Pocket" player="22vidi22">D7 S2</cards>
<cards type="Pocket" player="Tiuualex">HJ S10</cards>
<action no="6" player="22vidi22" type="0" sum="0"/>
<action no="7" player="Tiuualex" type="23" discard="1" dealt="1" sum="450"/>
<action no="8" player="ilCapo6" type="3" discard="1" dealt="1" sum="420"/>
</round>
<round no="2"><cards type="Flop">S5 DK H2</cards>
</round>
<round no="3"><cards type="Turn">CQ</cards>
</round>
<round no="4"><cards type="River">C7</cards>
</round>
</game>
<game gamecode="6594555403"><general>
<startdate>2026-01-14 17:27:54</startdate>
<round>1</round>
<failsafecounter/>
<players><player seat="10" name="22vidi22" chips="435" dealer="0" win="0" bet="35" muck="1" rebuy="0" addon="0" merge="0" rebuychips="0" reg_code="5089313540"/>
<player seat="6" name="ilCapo6" chips="1,065" dealer="1" win="70" bet="1,065" muck="1" rebuy="0" addon="0" merge="0" rebuychips="0" reg_code="5089311700"/>
</players>
</general>
<round no="0"><action no="1" player="ilCapo6" type="15" discard="1" dealt="1" sum="5"/>
<action no="2" player="22vidi22" type="15" sum="5"/>
<action no="3" player="ilCapo6" type="1" discard="1" dealt="1" sum="15"/>
<action no="4" player="22vidi22" type="2" sum="30"/>
</round>
<round no="1"><cards type="Pocket" player="22vidi22">H10 D7</cards>
<cards type="Pocket" player="ilCapo6">X X</cards>
<action no="5" player="ilCapo6" type="23" discard="1" dealt="1" sum="1,060"/>
<action no="6" player="22vidi22" type="0" sum="0"/>
</round>
</game>
<game gamecode="6594555486"><general>
<startdate>2026-01-14 17:28:07</startdate>
<round>1</round>
<failsafecounter/>
<players><player seat="6" name="ilCapo6" chips="1,100" dealer="0" win="130" bet="125" muck="1" rebuy="0" addon="0" merge="0" rebuychips="0" reg_code="5089311700"/>
<player seat="10" name="22vidi22" chips="400" dealer="1" win="0" bet="65" muck="1" rebuy="0" addon="0" merge="0" rebuychips="0" reg_code="5089313540"/>
</players>
</general>
<round no="0"><action no="1" player="22vidi22" type="15" sum="5"/>
<action no="2" player="ilCapo6" type="15" discard="1" dealt="1" sum="5"/>
<action no="3" player="22vidi22" type="1" sum="15"/>
<action no="4" player="ilCapo6" type="2" discard="1" dealt="1" sum="30"/>
</round>
<round no="1"><cards type="Pocket" player="ilCapo6">X X</cards>
<cards type="Pocket" player="22vidi22">H10 H5</cards>
<action no="5" player="22vidi22" type="3" sum="15"/>
<action no="6" player="ilCapo6" type="4" discard="1" dealt="1" sum="0"/>
</round>
<round no="2"><cards type="Flop">CJ D3 D8</cards>
<action no="7" player="ilCapo6" type="4" discard="1" dealt="1" sum="0"/>
<action no="8" player="22vidi22" type="5" sum="30"/>
<action no="9" player="ilCapo6" type="23" discard="1" dealt="1" sum="90"/>
<action no="10" player="22vidi22" type="0" sum="0"/>
</round>
</game>
<game gamecode="6594560063"><general>
<startdate>2026-01-14 17:28:35</startdate>
<round>1</round>
<failsafecounter/>
<players><player seat="10" name="22vidi22" chips="335" dealer="0" win="0" bet="70" muck="1" rebuy="0" addon="0" merge="0" rebuychips="0" reg_code="5089313540"/>
<player seat="6" name="ilCapo6" chips="1,165" dealer="1" win="140" bet="1,165" muck="1" rebuy="0" addon="0" merge="0" rebuychips="0" reg_code="5089311700"/>
</players>
</general>
<round no="0"><action no="1" player="ilCapo6" type="15" discard="1" dealt="1" sum="5"/>
<action no="2" player="22vidi22" type="15" sum="5"/>
<action no="3" player="ilCapo6" type="1" discard="1" dealt="1" sum="15"/>
<action no="4" player="22vidi22" type="2" sum="30"/>
</round>
<round no="1"><cards type="Pocket" player="ilCapo6">X X</cards>
<cards type="Pocket" player="22vidi22">H2 H8</cards>
<action no="5" player="ilCapo6" type="3" discard="1" dealt="1" sum="15"/>
<action no="6" player="22vidi22" type="4" sum="0"/>
</round>
<round no="2"><cards type="Flop">S2 CA S6</cards>
<action no="7" player="22vidi22" type="4" sum="0"/>
<action no="8" player="ilCapo6" type="5" discard="1" dealt="1" sum="35"/>
<action no="9" player="22vidi22" type="3" sum="35"/>
</round>
<round no="3"><cards type="Turn">DA</cards>
<action no="10" player="22vidi22" type="4" sum="0"/>
<action no="11" player="ilCapo6" type="4" discard="1" dealt="1" sum="0"/>
</round>
<round no="4"><cards type="River">D3</cards>
<action no="12" player="22vidi22" type="4" sum="0"/>
<action no="13" player="ilCapo6" type="5" discard="1" dealt="1" sum="1,095"/>
<action no="14" player="22vidi22" type="0" sum="0"/>
</round>
</game>
<game gamecode="6594560162"><general>
<startdate>2026-01-14 17:28:53</startdate>
<round>1</round>
<failsafecounter/>
<players><player seat="6" name="ilCapo6" chips="1,235" dealer="0" win="0" bet="45" muck="1" rebuy="0" addon="0" merge="0" rebuychips="0" reg_code="5089311700"/>
<player seat="10" name="22vidi22" chips="265" dealer="1" win="90" bet="265" muck="1" rebuy="0" addon="0" merge="0" rebuychips="0" reg_code="5089313540"/>
</players>
</general>
<round no="0"><action no="1" player="22vidi22" type="15" sum="5"/>
<action no="2" player="ilCapo6" type="15" discard="1" dealt="1" sum="5"/>
<action no="3" player="22vidi22" type="1" sum="20"/>
<action no="4" player="ilCapo6" type="2" discard="1" dealt="1" sum="40"/>
</round>
<round no="1"><cards type="Pocket" player="ilCapo6">X X</cards>
<cards type="Pocket" player="22vidi22">SK C7</cards>
<action no="5" player="22vidi22" type="23" sum="260"/>
<action no="6" player="ilCapo6" type="0" discard="1" dealt="1" sum="0"/>
</round>
</game>
<game gamecode="6594560206"><general>
<startdate>2026-01-14 17:29:01</startdate>
<round>1</round>
<failsafecounter/>
<players><player seat="10" name="22vidi22" chips="310" dealer="0" win="0" bet="45" muck="1" rebuy="0" addon="0" merge="0" rebuychips="0" reg_code="5089313540"/>
<player seat="6" name="ilCapo6" chips="1,190" dealer="1" win="90" bet="90" muck="1" rebuy="0" addon="0" merge="0" rebuychips="0" reg_code="5089311700"/>
</players>
</general>
<round no="0"><action no="1" player="ilCapo6" type="15" discard="1" dealt="1" sum="5"/>
<action no="2" player="22vidi22" type="15" sum="5"/>
<action no="3" player="ilCapo6" type="1" discard="1" dealt="1" sum="20"/>
<action no="4" player="22vidi22" type="2" sum="40"/>
</round>
<round no="1"><cards type="Pocket" player="22vidi22">S9 C5</cards>
<cards type="Pocket" player="ilCapo6">X X</cards>
<action no="5" player="ilCapo6" type="3" discard="1" dealt="1" sum="20"/>
<action no="6" player="22vidi22" type="4" sum="0"/>
</round>
<round no="2"><cards type="Flop">C7 H3 DQ</cards>
<action no="7" player="22vidi22" type="4" sum="0"/>
<action no="8" player="ilCapo6" type="5" discard="1" dealt="1" sum="45"/>
<action no="9" player="22vidi22" type="0" sum="0"/>
</round>
</game>
<game gamecode="6594560260"><general>
<startdate>2026-01-14 17:29:12</startdate>
<round>1</round>
<failsafecounter/>
<players><player seat="6" name="ilCapo6" chips="1,235" dealer="0" win="0" bet="45" muck="1" rebuy="0" addon="0" merge="0" rebuychips="0" reg_code="5089311700"/>
<player seat="10" name="22vidi22" chips="265" dealer="1" win="90" bet="265" muck="1" rebuy="0" addon="0" merge="0" rebuychips="0" reg_code="5089313540"/>
</players>
</general>
<round no="0"><action no="1" player="22vidi22" type="15" sum="5"/>
<action no="2" player="ilCapo6" type="15" discard="1" dealt="1" sum="5"/>
<action no="3" player="22vidi22" type="1" sum="20"/>
<action no="4" player="ilCapo6" type="2" discard="1" dealt="1" sum="40"/>
</round>
<round no="1"><cards type="Pocket" player="ilCapo6">X X</cards>
<cards type="Pocket" player="22vidi22">D9 DJ</cards>
<action no="5" player="22vidi22" type="23" sum="260"/>
<action no="6" player="ilCapo6" type="0" discard="1" dealt="1" sum="0"/>
</round>
</game>
<game gamecode="6594560319"><general>
<startdate>2026-01-14 17:29:21</startdate>
<round>1</round>
<failsafecounter/>
<players><player seat="10" name="22vidi22" chips="310" dealer="0" win="90" bet="105" muck="1" rebuy="0" addon="0" merge="0" rebuychips="0" reg_code="5089313540"/>
<player seat="6" name="ilCapo6" chips="1,190" dealer="1" win="0" bet="45" muck="1" rebuy="0" addon="0" merge="0" rebuychips="0" reg_code="5089311700"/>
</players>
</general>
<round no="0"><action no="1" player="ilCapo6" type="15" discard="1" dealt="1" sum="5"/>
<action no="2" player="22vidi22" type="15" sum="5"/>
<action no="3" player="ilCapo6" type="1" discard="1" dealt="1" sum="20"/>
<action no="4" player="22vidi22" type="2" sum="40"/>
</round>
<round no="1"><cards type="Pocket" player="22vidi22">SJ DK</cards>
<cards type="Pocket" player="ilCapo6">X X</cards>
<action no="5" player="ilCapo6" type="3" discard="1" dealt="1" sum="20"/>
<action no="6" player="22vidi22" type="23" sum="100"/>
<action no="7" player="ilCapo6" type="0" discard="1" dealt="1" sum="0"/>
</round>
</game>
<game gamecode="6594560403"><general>
<startdate>2026-01-14 17:29:35</startdate>
<round>1</round>
<failsafecounter/>
<players><player seat="6" name="ilCapo6" chips="1,145" dealer="0" win="0" bet="355" muck="1" rebuy="0" addon="0" merge="0" rebuychips="0" reg_code="5089311700"/>
<player seat="10" name="22vidi22" chips="355" dealer="1" win="710" bet="355" muck="0" rebuy="0" addon="0" merge="0" rebuychips="0" reg_code="5089313540"/>
</players>
</general>
<round no="0"><action no="1" player="22vidi22" type="15" sum="5"/>
<action no="2" player="ilCapo6" type="15" discard="1" dealt="1" sum="5"/>
<action no="3" player="22vidi22" type="1" sum="20"/>
<action no="4" player="ilCapo6" type="2" discard="1" dealt="1" sum="40"/>
</round>
<round no="1"><cards type="Pocket" player="ilCapo6">S9 CK</cards>
<cards type="Pocket" player="22vidi22">S2 DA</cards>
<action no="5" player="22vidi22" type="23" sum="350"/>
<action no="6" player="ilCapo6" type="3" discard="1" dealt="1" sum="310"/>
</round>
<round no="2"><cards type="Flop">H10 C4 DJ</cards>
</round>
<round no="3"><cards type="Turn">CA</cards>
</round>
<round no="4"><cards type="River">D10</cards>
</round>
</game>
<game gamecode="6594560502"><general>
<startdate>2026-01-14 17:29:52</startdate>
<round>1</round>
<failsafecounter/>
<players><player seat="10" name="22vidi22" chips="710" dealer="0" win="0" bet="45" muck="1" rebuy="0" addon="0" merge="0" rebuychips="0" reg_code="5089313540"/>
<player seat="6" name="ilCapo6" chips="790" dealer="1" win="90" bet="85" muck="1" rebuy="0" addon="0" merge="0" rebuychips="0" reg_code="5089311700"/>
</players>
</general>
<round no="0"><action no="1" player="ilCapo6" type="15" discard="1" dealt="1" sum="5"/>
<action no="2" player="22vidi22" type="15" sum="5"/>
<action no="3" player="ilCapo6" type="1" discard="1" dealt="1" sum="20"/>
<action no="4" player="22vidi22" type="2" sum="40"/>
</round>
<round no="1"><cards type="Pocket" player="22vidi22">H3 D7</cards>
<cards type="Pocket" player="ilCapo6">X X</cards>
<action no="5" player="ilCapo6" type="23" discard="1" dealt="1" sum="80"/>
<action no="6" player="22vidi22" type="0" sum="0"/>
</round>
</game>
<game gamecode="6594560567"><general>
<startdate>2026-01-14 17:30:02</startdate>
<round>1</round>
<failsafecounter/>
<players><player seat="6" name="ilCapo6" chips="835" dealer="0" win="90" bet="835" muck="1" rebuy="0" addon="0" merge="0" rebuychips="0" reg_code="5089311700"/>
<player seat="10" name="22vidi22" chips="665" dealer="1" win="0" bet="45" muck="1" rebuy="0" addon="0" merge="0" rebuychips="0" reg_code="5089313540"/>
</players>
</general>
<round no="0"><action no="1" player="22vidi22" type="15" sum="5"/>
<action no="2" player="ilCapo6" type="15" discard="1" dealt="1" sum="5"/>
<action no="3" player="22vidi22" type="1" sum="20"/>
<action no="4" player="ilCapo6" type="2" discard="1" dealt="1" sum="40"/>
</round>
<round no="1"><cards type="Pocket" player="ilCapo6">X X</cards>
<cards type="Pocket" player="22vidi22">SQ D7</cards>
<action no="5" player="22vidi22" type="3" sum="20"/>
<action no="6" player="ilCapo6" type="23" discard="1" dealt="1" sum="830"/>
<action no="7" player="22vidi22" type="0" sum="0"/>
</round>
</game>
<game gamecode="6594560722"><general>
<startdate>2026-01-14 17:30:29</startdate>
<round>1</round>
<failsafecounter/>
<players><player seat="10" name="22vidi22" chips="620" dealer="0" win="0" bet="85" muck="1" rebuy="0" addon="0" merge="0" rebuychips="0" reg_code="5089313540"/>
<player seat="6" name="ilCapo6" chips="880" dealer="1" win="170" bet="170" muck="1" rebuy="0" addon="0" merge="0" rebuychips="0" reg_code="5089311700"/>
</players>
</general>
<round no="0"><action no="1" player="ilCapo6" type="15" discard="1" dealt="1" sum="5"/>
<action no="2" player="22vidi22" type="15" sum="5"/>
<action no="3" player="ilCapo6" type="1" discard="1" dealt="1" sum="20"/>
<action no="4" player="22vidi22" type="2" sum="40"/>
</round>
<round no="1"><cards type="Pocket" player="ilCapo6">X X</cards>
<cards type="Pocket" player="22vidi22">H8 C7</cards>
<action no="5" player="ilCapo6" type="23" discard="1" dealt="1" sum="80"/>
<action no="6" player="22vidi22" type="3" sum="40"/>
</round>
<round no="2"><cards type="Flop">S5 S4 HQ</cards>
<action no="7" player="22vidi22" type="4" sum="0"/>
<action no="8" player="ilCapo6" type="5" discard="1" dealt="1" sum="85"/>
<action no="9" player="22vidi22" type="0" sum="0"/>
</round>
</game>
<game gamecode="6594560797"><general>
<startdate>2026-01-14 17:30:40</startdate>
<round>1</round>
<failsafecounter/>
<players><player seat="6" name="ilCapo6" chips="965" dealer="0" win="0" bet="85" muck="1" rebuy="0" addon="0" merge="0" rebuychips="0" reg_code="5089311700"/>
<player seat="10" name="22vidi22" chips="535" dealer="1" win="170" bet="170" muck="1" rebuy="0" addon="0" merge="0" rebuychips="0" reg_code="5089313540"/>
</players>
</general>
<round no="0"><action no="1" player="22vidi22" type="15" sum="5"/>
<action no="2" player="ilCapo6" type="15" discard="1" dealt="1" sum="5"/>
<action no="3" player="22vidi22" type="1" sum="20"/>
<action no="4" player="ilCapo6" type="2" discard="1" dealt="1" sum="40"/>
</round>
<round no="1"><cards type="Pocket" player="22vidi22">CJ C8</cards>
<cards type="Pocket" player="ilCapo6">X X</cards>
<action no="5" player="22vidi22" type="3" sum="20"/>
<action no="6" player="ilCapo6" type="4" discard="1" dealt="1" sum="0"/>
</round>
<round no="2"><cards type="Flop">SJ H5 H8</cards>
<action no="7" player="ilCapo6" type="4" discard="1" dealt="1" sum="0"/>
<action no="8" player="22vidi22" type="5" sum="40"/>
<action no="9" player="ilCapo6" type="3" discard="1" dealt="1" sum="40"/>
</round>
<round no="3"><cards type="Turn">SQ</cards>
<action no="10" player="ilCapo6" type="4" discard="1" dealt="1" sum="0"/>
<action no="11" player="22vidi22" type="5" sum="85"/>
<action no="12" player="ilCapo6" type="0" discard="1" dealt="1" sum="0"/>
</round>
</game>
<game gamecode="6594561149"><general>
<startdate>2026-01-14 17:31:34</startdate>
<round>1</round>
<failsafecounter/>
<players><player seat="10" name="22vidi22" chips="620" dealer="0" win="0" bet="65" muck="1" rebuy="0" addon="0" merge="0" rebuychips="0" reg_code="5089313540"/>
<player seat="6" name="ilCapo6" chips="880" dealer="1" win="130" bet="880" muck="1" rebuy="0" addon="0" merge="0" rebuychips="0" reg_code="5089311700"/>
</players>
</general>
<round no="0"><action no="1" player="ilCapo6" type="15" discard="1" dealt="1" sum="5"/>
<action no="2" player="22vidi22" type="15" sum="5"/>
<action no="3" player="ilCapo6" type="1" discard="1" dealt="1" sum="30"/>
<action no="4" player="22vidi22" type="2" sum="60"/>
</round>
<round no="1"><cards type="Pocket" player="ilCapo6">X X</cards>
<cards type="Pocket" player="22vidi22">H6 SQ</cards>
<action no="5" player="ilCapo6" type="23" discard="1" dealt="1" sum="875"/>
<action no="6" player="22vidi22" type="0" sum="0"/>
</round>
</game>
<game gamecode="6594561323"><general>
<startdate>2026-01-14 17:31:59</startdate>
<round>1</round>
<failsafecounter/>
<players><player seat="6" name="ilCapo6" chips="945" dealer="0" win="0" bet="65" muck="1" rebuy="0" addon="0" merge="0" rebuychips="0" reg_code="5089311700"/>
<player seat="10" name="22vidi22" chips="555" dealer="1" win="130" bet="555" muck="1" rebuy="0" addon="0" merge="0" rebuychips="0" reg_code="5089313540"/>
</players>
</general>
<round no="0"><action no="1" player="22vidi22" type="15" sum="5"/>
<action no="2" player="ilCapo6" type="15" discard="1" dealt="1" sum="5"/>
<action no="3" player="22vidi22" type="1" sum="30"/>
<action no="4" player="ilCapo6" type="2" discard="1" dealt="1" sum="60"/>
</round>
<round no="1"><cards type="Pocket" player="ilCapo6">X X</cards>
<cards type="Pocket" player="22vidi22">HQ S6</cards>
<action no="5" player="22vidi22" type="23" sum="550"/>
<action no="6" player="ilCapo6" type="0" discard="1" dealt="1" sum="0"/>
</round>
</game>
<game gamecode="6594561369"><general>
<startdate>2026-01-14 17:32:07</startdate>
<round>1</round>
<failsafecounter/>
<players><player seat="10" name="22vidi22" chips="620" dealer="0" win="0" bet="125" muck="1" rebuy="0" addon="0" merge="0" rebuychips="0" reg_code="5089313540"/>
<player seat="6" name="ilCapo6" chips="880" dealer="1" win="250" bet="250" muck="1" rebuy="0" addon="0" merge="0" rebuychips="0" reg_code="5089311700"/>
</players>
</general>
<round no="0"><action no="1" player="ilCapo6" type="15" discard="1" dealt="1" sum="5"/>
<action no="2" player="22vidi22" type="15" sum="5"/>
<action no="3" player="ilCapo6" type="1" discard="1" dealt="1" sum="30"/>
<action no="4" player="22vidi22" type="2" sum="60"/>
</round>
<round no="1"><cards type="Pocket" player="ilCapo6">X X</cards>
<cards type="Pocket" player="22vidi22">HQ H5</cards>
<action no="5" player="ilCapo6" type="23" discard="1" dealt="1" sum="120"/>
<action no="6" player="22vidi22" type="3" sum="60"/>
</round>
<round no="2"><cards type="Flop">S6 HK SJ</cards>
<action no="7" player="22vidi22" type="4" sum="0"/>
<action no="8" player="ilCapo6" type="5" discard="1" dealt="1" sum="125"/>
<action no="9" player="22vidi22" type="0" sum="0"/>
</round>
</game>
<game gamecode="6594561445"><general>
<startdate>2026-01-14 17:32:18</startdate>
<round>1</round>
<failsafecounter/>
<players><player seat="6" name="ilCapo6" chips="1,005" dealer="0" win="70" bet="65" muck="1" rebuy="0" addon="0" merge="0" rebuychips="0" reg_code="5089311700"/>
<player seat="10" name="22vidi22" chips="495" dealer="1" win="0" bet="35" muck="1" rebuy="0" addon="0" merge="0" rebuychips="0" reg_code="5089313540"/>
</players>
</general>
<round no="0"><action no="1" player="22vidi22" type="15" sum="5"/>
<action no="2" player="ilCapo6" type="15" discard="1" dealt="1" sum="5"/>
<action no="3" player="22vidi22" type="1" sum="30"/>
<action no="4" player="ilCapo6" type="2" discard="1" dealt="1" sum="60"/>
</round>
<round no="1"><cards type="Pocket" player="ilCapo6">X X</cards>
<cards type="Pocket" player="22vidi22">S5 D2</cards>
<action no="5" player="22vidi22" type="0" sum="0"/>
</round>
</game>
<game gamecode="6594561508"><general>
<startdate>2026-01-14 17:32:28</startdate>
<round>1</round>
<failsafecounter/>
<players><player seat="10" name="22vidi22" chips="460" dealer="0" win="0" bet="65" muck="1" rebuy="0" addon="0" merge="0" rebuychips="0" reg_code="5089313540"/>
<player seat="6" name="ilCapo6" chips="1,040" dealer="1" win="130" bet="1,040" muck="1" rebuy="0" addon="0" merge="0" rebuychips="0" reg_code="5089311700"/>
</players>
</general>
<round no="0"><action no="1" player="ilCapo6" type="15" discard="1" dealt="1" sum="5"/>
<action no="2" player="22vidi22" type="15" sum="5"/>
<action no="3" player="ilCapo6" type="1" discard="1" dealt="1" sum="30"/>
<action no="4" player="22vidi22" type="2" sum="60"/>
</round>
<round no="1"><cards type="Pocket" player="22vidi22">C6 DJ</cards>
<cards type="Pocket" player="ilCapo6">X X</cards>
<action no="5" player="ilCapo6" type="23" discard="1" dealt="1" sum="1,035"/>
<action no="6" player="22vidi22" type="0" sum="0"/>
</round>
</game>
<game gamecode="6594561566"><general>
<startdate>2026-01-14 17:32:35</startdate>
<round>1</round>
<failsafecounter/>
<players><player seat="6" name="ilCapo6" chips="1,105" dealer="0" win="130" bet="1,105" muck="1" rebuy="0" addon="0" merge="0" rebuychips="0" reg_code="5089311700"/>
<player seat="10" name="22vidi22" chips="395" dealer="1" win="0" bet="65" muck="1" rebuy="0" addon="0" merge="0" rebuychips="0" reg_code="5089313540"/>
</players>
</general>
<round no="0"><action no="1" player="22vidi22" type="15" sum="5"/>
<action no="2" player="ilCapo6" type="15" discard="1" dealt="1" sum="5"/>
<action no="3" player="22vidi22" type="1" sum="30"/>
<action no="4" player="ilCapo6" type="2" discard="1" dealt="1" sum="60"/>
</round>
<round no="1"><cards type="Pocket" player="ilCapo6">X X</cards>
<cards type="Pocket" player="22vidi22">H9 H2</cards>
<action no="5" player="22vidi22" type="3" sum="30"/>
<action no="6" player="ilCapo6" type="23" discard="1" dealt="1" sum="1,100"/>
<action no="7" player="22vidi22" type="0" sum="0"/>
</round>
</game>
<game gamecode="6594561640"><general>
<startdate>2026-01-14 17:32:47</startdate>
<round>1</round>
<failsafecounter/>
<players><player seat="10" name="22vidi22" chips="330" dealer="0" win="660" bet="330" muck="0" rebuy="0" addon="0" merge="0" rebuychips="0" reg_code="5089313540"/>
<player seat="6" name="ilCapo6" chips="1,170" dealer="1" win="0" bet="1,170" muck="1" rebuy="0" addon="0" merge="0" rebuychips="0" reg_code="5089311700"/>
</players>
</general>
<round no="0"><action no="1" player="ilCapo6" type="15" discard="1" dealt="1" sum="5"/>
<action no="2" player="22vidi22" type="15" sum="5"/>
<action no="3" player="ilCapo6" type="1" discard="1" dealt="1" sum="30"/>
<action no="4" player="22vidi22" type="2" sum="60"/>
</round>
<round no="1"><cards type="Pocket" player="22vidi22">D2 CK</cards>
<cards type="Pocket" player="ilCapo6">DJ S7</cards>
<action no="5" player="ilCapo6" type="23" discard="1" dealt="1" sum="1,165"/>
<action no="6" player="22vidi22" type="7" sum="265"/>
</round>
<round no="2"><cards type="Flop">H3 C10 H6</cards>
</round>
<round no="3"><cards type="Turn">DQ</cards>
</round>
<round no="4"><cards type="River">S8</cards>
</round>
</game>
<game gamecode="6594561755"><general>
<startdate>2026-01-14 17:33:06</startdate>
<round>1</round>
<failsafecounter/>
<players><player seat="6" name="ilCapo6" chips="840" dealer="0" win="0" bet="88" muck="1" rebuy="0" addon="0" merge="0" rebuychips="0" reg_code="5089311700"/>
<player seat="10" name="22vidi22" chips="660" dealer="1" win="176" bet="660" muck="1" rebuy="0" addon="0" merge="0" rebuychips="0" reg_code="5089313540"/>
</players>
</general>
<round no="0"><action no="1" player="22vidi22" type="15" sum="8"/>
<action no="2" player="ilCapo6" type="15" discard="1" dealt="1" sum="8"/>
<action no="3" player="22vidi22" type="1" sum="40"/>
<action no="4" player="ilCapo6" type="2" discard="1" dealt="1" sum="80"/>
</round>
<round no="1"><cards type="Pocket" player="ilCapo6">X X</cards>
<cards type="Pocket" player="22vidi22">D3 SQ</cards>
<action no="5" player="22vidi22" type="23" sum="652"/>
<action no="6" player="ilCapo6" type="0" discard="1" dealt="1" sum="0"/>
</round>
</game>
<game gamecode="6594561823"><general>
<startdate>2026-01-14 17:33:17</startdate>
<round>1</round>
<failsafecounter/>
<players><player seat="10" name="22vidi22" chips="748" dealer="0" win="1,496" bet="748" muck="0" rebuy="0" addon="0" merge="0" rebuychips="0" reg_code="5089313540"/>
<player seat="6" name="ilCapo6" chips="752" dealer="1" win="0" bet="748" muck="1" rebuy="0" addon="0" merge="0" rebuychips="0" reg_code="5089311700"/>
</players>
</general>
<round no="0"><action no="1" player="ilCapo6" type="15" discard="1" dealt="1" sum="8"/>
<action no="2" player="22vidi22" type="15" sum="8"/>
<action no="3" player="ilCapo6" type="1" discard="1" dealt="1" sum="40"/>
<action no="4" player="22vidi22" type="2" sum="80"/>
</round>
<round no="1"><cards type="Pocket" player="22vidi22">HA H4</cards>
<cards type="Pocket" player="ilCapo6">S9 C9</cards>
<action no="5" player="ilCapo6" type="3" discard="1" dealt="1" sum="40"/>
<action no="6" player="22vidi22" type="23" sum="740"/>
<action no="7" player="ilCapo6" type="3" discard="1" dealt="1" sum="660"/>
</round>
<round no="2"><cards type="Flop">H7 D9 H8</cards>
</round>
<round no="3"><cards type="Turn">CK</cards>
</round>
<round no="4"><cards type="River">H5</cards>
</round>
</game>
<game gamecode="6594561937"><general>
<startdate>2026-01-14 17:33:37</startdate>
<round>1</round>
<failsafecounter/>
<players><player seat="6" name="ilCapo6" chips="4" dealer="0" win="0" bet="4" muck="0" rebuy="0" addon="0" merge="0" rebuychips="0" reg_code="5089311700"/>
<player seat="10" name="22vidi22" chips="1,496" dealer="1" win="8" bet="8" muck="0" rebuy="0" addon="0" merge="0" rebuychips="0" reg_code="5089313540"/>
</players>
</general>
<round no="0"><action no="1" player="22vidi22" type="15" sum="8"/>
<action no="2" player="ilCapo6" type="15" discard="1" dealt="1" sum="4"/>
</round>
<round no="1"><cards type="Pocket" player="22vidi22">S8 D10</cards>
<cards type="Pocket" player="ilCapo6">SJ DA</cards>
</round>
<round no="2"><cards type="Flop">C6 S3 C4</cards>
</round>
<round no="3"><cards type="Turn">C8</cards>
</round>
<round no="4"><cards type="River">D3</cards>
</round>
</game>
</session>
