<?xml version="1.0" encoding="UTF-8"?>
<session sessioncode="5089221982">
<general>
<client_version>25.7.1.50</client_version>
<mode>real</mode>
<gametype>Holdem NL</gametype>
<tablename>Twister €100 SNG, 826424770</tablename>
<tournamentcode>826424769</tournamentcode>
<tournamentname>Twister €100 SNG</tournamentname>
<buyin>€0 + €7 + €93</buyin>
<totalbuyin>€100</totalbuyin>
<rewarddrawn>€400</rewarddrawn>
<tournamentcurrency>EUR</tournamentcurrency>
<currency>EUR</currency>
<nickname>22vidi22</nickname>
<gamecount>17</gamecount>
<startdate>2026-01-14 09:41:36</startdate>
<place>2</place>
<win>€0</win>
<tablesize>3</tablesize>
</general>
<game gamecode="6594180232"><general>
<startdate>2026-01-14 09:41:51</startdate>
<round>1</round>
<failsafecounter/>
<players><player seat="6" name="22vidi22" chips="500" dealer="0" win="20" bet="20" muck="1" rebuy="0" addon="0" merge="0" rebuychips="0" reg_code="5089221982"/>
<player seat="10" name="Ankalaev" chips="500" dealer="1" win="0" bet="0" muck="1" rebuy="0" addon="0" merge="0" rebuychips="0" reg_code="5089221988"/>
<player seat="3" name="L1mltless" chips="500" dealer="0" win="0" bet="10" muck="1" rebuy="0" addon="0" merge="0" rebuychips="0" reg_code="5089221867"/>
</players>
</general>
<round no="0"><action no="1" player="L1mltless" type="1" discard="1" dealt="1" sum="10"/>
<action no="2" player="22vidi22" type="2" sum="20"/>
</round>
<round no="1"><cards type="Pocket" player="22vidi22">DQ C9</cards>
<cards type="Pocket" player="L1mltless">X X</cards>
<cards type="Pocket" player="Ankalaev">X X</cards>
<action no="3" player="Ankalaev" type="0" discard="1" dealt="1" sum="0"/>
<action no="4" player="L1mltless" type="0" discard="1" dealt="1" sum="0"/>
</round>
</game>
<game gamecode="6594180246"><general>
<startdate>2026-01-14 09:42:00</startdate>
<round>1</round>
<failsafecounter/>
<players><player seat="10" name="Ankalaev" chips="500" dealer="0" win="0" bet="500" muck="0" rebuy="0" addon="0" merge="0" rebuychips="0" reg_code="5089221988"/>
<player seat="3" name="L1mltless" chips="490" dealer="1" win="1,020" bet="490" muck="0" rebuy="0" addon="0" merge="0" rebuychips="0" reg_code="5089221867"/>
<player seat="6" name="22vidi22" chips="510" dealer="0" win="0" bet="40" muck="1" rebuy="0" addon="0" merge="0" rebuychips="0" reg_code="5089221982"/>
</players>
</general>
<round no="0"><action no="1" player="22vidi22" type="1" sum="10"/>
<action no="2" player="Ankalaev" type="2" discard="1" dealt="1" sum="20"/>
</round>
<round no="1"><cards type="Pocket" player="Ankalaev">SJ HA</cards>
<cards type="Pocket" player="L1mltless">HK HQ</cards>
<cards type="Pocket" player="22vidi22">C4 C5</cards>
<action no="3" player="L1mltless" type="23" discard="1" dealt="1" sum="40"/>
<action no="4" player="22vidi22" type="3" sum="30"/>
<action no="5" player="Ankalaev" type="23" discard="1" dealt="1" sum="500"/>
<action no="6" player="L1mltless" type="7" discard="1" dealt="1" sum="450"/>
<action no="7" player="22vidi22" type="0" sum="0"/>
</round>
<round no="2"><cards type="Flop">S4 C9 CQ</cards>
</round>
<round no="3"><cards type="Turn">H6</cards>
</round>
<round no="4"><cards type="River">D2</cards>
</round>
</game>
<game gamecode="6594180274"><general>
<startdate>2026-01-14 09:42:18</startdate>
<round>1</round>
<failsafecounter/>
<players><player seat="3" name="L1mltless" chips="1,020" dealer="0" win="0" bet="20" muck="0" rebuy="0" addon="0" merge="0" rebuychips="0" reg_code="5089221867"/>
<player seat="6" name="22vidi22" chips="470" dealer="1" win="0" bet="0" muck="1" rebuy="0" addon="0" merge="0" rebuychips="0" reg_code="5089221982"/>
<player seat="10" name="Ankalaev" chips="10" dealer="0" win="20" bet="10" muck="0" rebuy="0" addon="0" merge="0" rebuychips="0" reg_code="5089221988"/>
</players>
</general>
<round no="0"><action no="1" player="Ankalaev" type="1" discard="1" dealt="1" sum="10"/>
<action no="2" player="L1mltless" type="2" discard="1" dealt="1" sum="20"/>
</round>
<round no="1"><cards type="Pocket" player="Ankalaev">C8 DA</cards>
<cards type="Pocket" player="22vidi22">D5 S10</cards>
<cards type="Pocket" player="L1mltless">S6 S5</cards>
<action no="3" player="22vidi22" type="0" sum="0"/>
</round>
<round no="2"><cards type="Flop">D8 C6 H5</cards>
</round>
<round no="3"><cards type="Turn">H8</cards>
</round>
<round no="4"><cards type="River">HJ</cards>
</round>
</game>
<game gamecode="6594180290"><general>
<startdate>2026-01-14 09:42:31</startdate>
<round>1</round>
<failsafecounter/>
<players><player seat="6" name="22vidi22" chips="470" dealer="0" win="0" bet="50" muck="1" rebuy="0" addon="0" merge="0" rebuychips="0" reg_code="5089221982"/>
<player seat="10" name="Ankalaev" chips="20" dealer="1" win="0" bet="0" muck="1" rebuy="0" addon="0" merge="0" rebuychips="0" reg_code="5089221988"/>
<player seat="3" name="L1mltless" chips="1,010" dealer="0" win="100" bet="150" muck="1" rebuy="0" addon="0" merge="0" rebuychips="0" reg_code="5089221867"/>
</players>
</general>
<round no="0"><action no="1" player="L1mltless" type="1" discard="1" dealt="1" sum="10"/>
<action no="2" player="22vidi22" type="2" sum="20"/>
</round>
<round no="1"><cards type="Pocket" player="22vidi22">SJ D8</cards>
<cards type="Pocket" player="L1mltless">X X</cards>
<cards type="Pocket" player="Ankalaev">X X</cards>
<action no="3" player="Ankalaev" type="0" discard="1" dealt="1" sum="0"/>
<action no="4" player="L1mltless" type="23" discard="1" dealt="1" sum="50"/>
<action no="5" player="22vidi22" type="3" sum="30"/>
</round>
<round no="2"><cards type="Flop">C7 C3 D5</cards>
<action no="6" player="L1mltless" type="4" discard="1" dealt="1" sum="0"/>
<action no="7" player="22vidi22" type="4" sum="0"/>
</round>
<round no="3"><cards type="Turn">C8</cards>
<action no="8" player="L1mltless" type="5" discard="1" dealt="1" sum="100"/>
<action no="9" player="22vidi22" type="0" sum="0"/>
</round>
</game>
<game gamecode="6594180342"><general>
<startdate>2026-01-14 09:43:06</startdate>
<round>1</round>
<failsafecounter/>
<players><player seat="10" name="Ankalaev" chips="20" dealer="0" win="20" bet="20" muck="1" rebuy="0" addon="0" merge="0" rebuychips="0" reg_code="5089221988"/>
<player seat="3" name="L1mltless" chips="1,060" dealer="1" win="0" bet="0" muck="1" rebuy="0" addon="0" merge="0" rebuychips="0" reg_code="5089221867"/>
<player seat="6" name="22vidi22" chips="420" dealer="0" win="0" bet="10" muck="1" rebuy="0" addon="0" merge="0" rebuychips="0" reg_code="5089221982"/>
</players>
</general>
<round no="0"><action no="1" player="22vidi22" type="1" sum="10"/>
<action no="2" player="Ankalaev" type="2" discard="1" dealt="1" sum="20"/>
</round>
<round no="1"><cards type="Pocket" player="22vidi22">S9 D5</cards>
<cards type="Pocket" player="L1mltless">X X</cards>
<cards type="Pocket" player="Ankalaev">X X</cards>
<action no="3" player="L1mltless" type="0" discard="1" dealt="1" sum="0"/>
<action no="4" player="22vidi22" type="0" sum="0"/>
</round>
</game>
<game gamecode="6594180349"><general>
<startdate>2026-01-14 09:43:12</startdate>
<round>1</round>
<failsafecounter/>
<players><player seat="3" name="L1mltless" chips="1,060" dealer="0" win="60" bet="30" muck="0" rebuy="0" addon="0" merge="0" rebuychips="0" reg_code="5089221867"/>
<player seat="6" name="22vidi22" chips="410" dealer="1" win="0" bet="0" muck="1" rebuy="0" addon="0" merge="0" rebuychips="0" reg_code="5089221982"/>
<player seat="10" name="Ankalaev" chips="30" dealer="0" win="0" bet="30" muck="0" rebuy="0" addon="0" merge="0" rebuychips="0" reg_code="5089221988"/>
</players>
</general>
<round no="0"><action no="1" player="Ankalaev" type="1" discard="1" dealt="1" sum="10"/>
<action no="2" player="L1mltless" type="2" discard="1" dealt="1" sum="20"/>
</round>
<round no="1"><cards type="Pocket" player="Ankalaev">S7 D7</cards>
<cards type="Pocket" player="L1mltless">CK C5</cards>
<cards type="Pocket" player="22vidi22">S8 H4</cards>
<action no="3" player="22vidi22" type="0" sum="0"/>
<action no="4" player="Ankalaev" type="7" discard="1" dealt="1" sum="20"/>
<action no="5" player="L1mltless" type="3" discard="1" dealt="1" sum="10"/>
</round>
<round no="2"><cards type="Flop">CA DA C10</cards>
</round>
<round no="3"><cards type="Turn">C3</cards>
</round>
<round no="4"><cards type="River">SQ</cards>
</round>
</game>
<game gamecode="6594180373"><general>
<startdate>2026-01-14 09:43:30</startdate>
<round>1</round>
<failsafecounter/>
<players><player seat="6" name="22vidi22" chips="410" dealer="0" win="240" bet="410" muck="1" rebuy="0" addon="0" merge="0" rebuychips="0" reg_code="5089221982"/>
<player seat="3" name="L1mltless" chips="1,090" dealer="1" win="0" bet="120" muck="1" rebuy="0" addon="0" merge="0" rebuychips="0" reg_code="5089221867"/>
</players>
</general>
<round no="0"><action no="1" player="L1mltless" type="1" discard="1" dealt="1" sum="10"/>
<action no="2" player="22vidi22" type="2" sum="20"/>
</round>
<round no="1"><cards type="Pocket" player="22vidi22">CJ CQ</cards>
<cards type="Pocket" player="L1mltless">X X</cards>
<action no="3" player="L1mltless" type="3" discard="1" dealt="1" sum="10"/>
<action no="4" player="22vidi22" type="23" sum="80"/>
<action no="5" player="L1mltless" type="3" discard="1" dealt="1" sum="60"/>
</round>
<round no="2"><cards type="Flop">C5 S5 DQ</cards>
<action no="6" player="22vidi22" type="5" sum="40"/>
<action no="7" player="L1mltless" type="3" discard="1" dealt="1" sum="40"/>
</round>
<round no="3"><cards type="Turn">H10</cards>
<action no="8" player="22vidi22" type="5" sum="290"/>
<action no="9" player="L1mltless" type="0" discard="1" dealt="1" sum="0"/>
</round>
</game>
<game gamecode="6594183317"><general>
<startdate>2026-01-14 09:43:58</startdate>
<round>1</round>
<failsafecounter/>
<players><player seat="3" name="L1mltless" chips="970" dealer="0" win="40" bet="35" muck="1" rebuy="0" addon="0" merge="0" rebuychips="0" reg_code="5089221867"/>
<player seat="6" name="22vidi22" chips="530" dealer="1" win="0" bet="20" muck="1" rebuy="0" addon="0" merge="0" rebuychips="0" reg_code="5089221982"/>
</players>
</general>
<round no="0"><action no="1" player="22vidi22" type="15" sum="5"/>
<action no="2" player="L1mltless" type="15" discard="1" dealt="1" sum="5"/>
<action no="3" player="22vidi22" type="1" sum="15"/>
<action no="4" player="L1mltless" type="2" discard="1" dealt="1" sum="30"/>
</round>
<round no="1"><cards type="Pocket" player="22vidi22">D10 S5</cards>
<cards type="Pocket" player="L1mltless">X X</cards>
<action no="5" player="22vidi22" type="0" sum="0"/>
</round>
</game>
<game gamecode="6594183323"><general>
<startdate>2026-01-14 09:44:03</startdate>
<round>1</round>
<failsafecounter/>
<players><player seat="6" name="22vidi22" chips="510" dealer="0" win="0" bet="162" muck="1" rebuy="0" addon="0" merge="0" rebuychips="0" reg_code="5089221982"/>
<player seat="3" name="L1mltless" chips="990" dealer="1" win="324" bet="162" muck="0" rebuy="0" addon="0" merge="0" rebuychips="0" reg_code="5089221867"/>
</players>
</general>
<round no="0"><action no="1" player="L1mltless" type="15" discard="1" dealt="1" sum="5"/>
<action no="2" player="22vidi22" type="15" sum="5"/>
<action no="3" player="L1mltless" type="1" discard="1" dealt="1" sum="15"/>
<action no="4" player="22vidi22" type="2" sum="30"/>
</round>
<round no="1"><cards type="Pocket" player="L1mltless">HA CJ</cards>
<cards type="Pocket" player="22vidi22">S7 H8</cards>
<action no="5" player="L1mltless" type="3" discard="1" dealt="1" sum="15"/>
<action no="6" player="22vidi22" type="4" sum="0"/>
</round>
<round no="2"><cards type="Flop">DK S8 D2</cards>
<action no="7" player="22vidi22" type="4" sum="0"/>
<action no="8" player="L1mltless" type="5" discard="1" dealt="1" sum="30"/>
<action no="9" player="22vidi22" type="3" sum="30"/>
</round>
<round no="3"><cards type="Turn">S2</cards>
<action no="10" player="22vidi22" type="4" sum="0"/>
<action no="11" player="L1mltless" type="4" discard="1" dealt="1" sum="0"/>
</round>
<round no="4"><cards type="River">DA</cards>
<action no="12" player="22vidi22" type="4" sum="0"/>
<action no="13" player="L1mltless" type="5" discard="1" dealt="1" sum="97"/>
<action no="14" player="22vidi22" type="3" sum="97"/>
</round>
</game>
<game gamecode="6594183357"><general>
<startdate>2026-01-14 09:44:31</startdate>
<round>1</round>
<failsafecounter/>
<players><player seat="3" name="L1mltless" chips="1,152" dealer="0" win="0" bet="35" muck="1" rebuy="0" addon="0" merge="0" rebuychips="0" reg_code="5089221867"/>
<player seat="6" name="22vidi22" chips="348" dealer="1" win="70" bet="348" muck="1" rebuy="0" addon="0" merge="0" rebuychips="0" reg_code="5089221982"/>
</players>
</general>
<round no="0"><action no="1" player="22vidi22" type="15" sum="5"/>
<action no="2" player="L1mltless" type="15" discard="1" dealt="1" sum="5"/>
<action no="3" player="22vidi22" type="1" sum="15"/>
<action no="4" player="L1mltless" type="2" discard="1" dealt="1" sum="30"/>
</round>
<round no="1"><cards type="Pocket" player="L1mltless">X X</cards>
<cards type="Pocket" player="22vidi22">DA H5</cards>
<action no="5" player="22vidi22" type="23" sum="343"/>
<action no="6" player="L1mltless" type="0" discard="1" dealt="1" sum="0"/>
</round>
</game>
<game gamecode="6594183375"><general>
<startdate>2026-01-14 09:44:43</startdate>
<round>1</round>
<failsafecounter/>
<players><player seat="6" name="22vidi22" chips="383" dealer="0" win="0" bet="115" muck="1" rebuy="0" addon="0" merge="0" rebuychips="0" reg_code="5089221982"/>
<player seat="3" name="L1mltless" chips="1,117" dealer="1" win="230" bet="205" muck="1" rebuy="0" addon="0" merge="0" rebuychips="0" reg_code="5089221867"/>
</players>
</general>
<round no="0"><action no="1" player="L1mltless" type="15" discard="1" dealt="1" sum="5"/>
<action no="2" player="22vidi22" type="15" sum="5"/>
<action no="3" player="L1mltless" type="1" discard="1" dealt="1" sum="15"/>
<action no="4" player="22vidi22" type="2" sum="30"/>
</round>
<round no="1"><cards type="Pocket" player="22vidi22">HK D3</cards>
<cards type="Pocket" player="L1mltless">X X</cards>
<action no="5" player="L1mltless" type="3" discard="1" dealt="1" sum="15"/>
<action no="6" player="22vidi22" type="4" sum="0"/>
</round>
<round no="2"><cards type="Flop">DQ C4 CQ</cards>
<action no="7" player="22vidi22" type="4" sum="0"/>
<action no="8" player="L1mltless" type="5" discard="1" dealt="1" sum="30"/>
<action no="9" player="22vidi22" type="23" sum="80"/>
<action no="10" player="L1mltless" type="3" discard="1" dealt="1" sum="50"/>
</round>
<round no="3"><cards type="Turn">D6</cards>
<action no="11" player="22vidi22" type="4" sum="0"/>
<action no="12" player="L1mltless" type="5" discard="1" dealt="1" sum="90"/>
<action no="13" player="22vidi22" type="0" sum="0"/>
</round>
</game>
<game gamecode="6594183405"><general>
<startdate>2026-01-14 09:45:11</startdate>
<round>1</round>
<failsafecounter/>
<players><player seat="3" name="L1mltless" chips="1,232" dealer="0" win="40" bet="35" muck="1" rebuy="0" addon="0" merge="0" rebuychips="0" reg_code="5089221867"/>
<player seat="6" name="22vidi22" chips="268" dealer="1" win="0" bet="20" muck="1" rebuy="0" addon="0" merge="0" rebuychips="0" reg_code="5089221982"/>
</players>
</general>
<round no="0"><action no="1" player="22vidi22" type="15" sum="5"/>
<action no="2" player="L1mltless" type="15" discard="1" dealt="1" sum="5"/>
<action no="3" player="22vidi22" type="1" sum="15"/>
<action no="4" player="L1mltless" type="2" discard="1" dealt="1" sum="30"/>
</round>
<round no="1"><cards type="Pocket" player="22vidi22">S7 H4</cards>
<cards type="Pocket" player="L1mltless">X X</cards>
<action no="5" player="22vidi22" type="0" sum="0"/>
</round>
</game>
<game gamecode="6594183414"><general>
<startdate>2026-01-14 09:45:17</startdate>
<round>1</round>
<failsafecounter/>
<players><player seat="6" name="22vidi22" chips="248" dealer="0" win="0" bet="35" muck="1" rebuy="0" addon="0" merge="0" rebuychips="0" reg_code="5089221982"/>
<player seat="3" name="L1mltless" chips="1,252" dealer="1" win="70" bet="1,252" muck="1" rebuy="0" addon="0" merge="0" rebuychips="0" reg_code="5089221867"/>
</players>
</general>
<round no="0"><action no="1" player="L1mltless" type="15" discard="1" dealt="1" sum="5"/>
<action no="2" player="22vidi22" type="15" sum="5"/>
<action no="3" player="L1mltless" type="1" discard="1" dealt="1" sum="15"/>
<action no="4" player="22vidi22" type="2" sum="30"/>
</round>
<round no="1"><cards type="Pocket" player="22vidi22">H2 C7</cards>
<cards type="Pocket" player="L1mltless">X X</cards>
<action no="5" player="L1mltless" type="23" discard="1" dealt="1" sum="1,247"/>
<action no="6" player="22vidi22" type="0" sum="0"/>
</round>
</game>
<game gamecode="6594183423"><general>
<startdate>2026-01-14 09:45:23</startdate>
<round>1</round>
<failsafecounter/>
<players><player seat="3" name="L1mltless" chips="1,287" dealer="0" win="70" bet="1,287" muck="1" rebuy="0" addon="0" merge="0" rebuychips="0" reg_code="5089221867"/>
<player seat="6" name="22vidi22" chips="213" dealer="1" win="0" bet="35" muck="1" rebuy="0" addon="0" merge="0" rebuychips="0" reg_code="5089221982"/>
</players>
</general>
<round no="0"><action no="1" player="22vidi22" type="15" sum="5"/>
<action no="2" player="L1mltless" type="15" discard="1" dealt="1" sum="5"/>
<action no="3" player="22vidi22" type="1" sum="15"/>
<action no="4" player="L1mltless" type="2" discard="1" dealt="1" sum="30"/>
</round>
<round no="1"><cards type="Pocket" player="22vidi22">H5 SJ</cards>
<cards type="Pocket" player="L1mltless">X X</cards>
<action no="5" player="22vidi22" type="3" sum="15"/>
<action no="6" player="L1mltless" type="23" discard="1" dealt="1" sum="1,282"/>
<action no="7" player="22vidi22" type="0" sum="0"/>
</round>
</game>
<game gamecode="6594183428"><general>
<startdate>2026-01-14 09:45:31</startdate>
<round>1</round>
<failsafecounter/>
<players><player seat="6" name="22vidi22" chips="178" dealer="0" win="0" bet="35" muck="1" rebuy="0" addon="0" merge="0" rebuychips="0" reg_code="5089221982"/>
<player seat="3" name="L1mltless" chips="1,322" dealer="1" win="70" bet="1,322" muck="1" rebuy="0" addon="0" merge="0" rebuychips="0" reg_code="5089221867"/>
</players>
</general>
<round no="0"><action no="1" player="L1mltless" type="15" discard="1" dealt="1" sum="5"/>
<action no="2" player="22vidi22" type="15" sum="5"/>
<action no="3" player="L1mltless" type="1" discard="1" dealt="1" sum="15"/>
<action no="4" player="22vidi22" type="2" sum="30"/>
</round>
<round no="1"><cards type="Pocket" player="L1mltless">X X</cards>
<cards type="Pocket" player="22vidi22">D5 H10</cards>
<action no="5" player="L1mltless" type="23" discard="1" dealt="1" sum="1,317"/>
<action no="6" player="22vidi22" type="0" sum="0"/>
</round>
</game>
<game gamecode="6594183437"><general>
<startdate>2026-01-14 09:45:38</startdate>
<round>1</round>
<failsafecounter/>
<players><player seat="3" name="L1mltless" chips="1,357" dealer="0" win="40" bet="35" muck="1" rebuy="0" addon="0" merge="0" rebuychips="0" reg_code="5089221867"/>
<player seat="6" name="22vidi22" chips="143" dealer="1" win="0" bet="20" muck="1" rebuy="0" addon="0" merge="0" rebuychips="0" reg_code="5089221982"/>
</players>
</general>
<round no="0"><action no="1" player="22vidi22" type="15" sum="5"/>
<action no="2" player="L1mltless" type="15" discard="1" dealt="1" sum="5"/>
<action no="3" player="22vidi22" type="1" sum="15"/>
<action no="4" player="L1mltless" type="2" discard="1" dealt="1" sum="30"/>
</round>
<round no="1"><cards type="Pocket" player="22vidi22">D2 C7</cards>
<cards type="Pocket" player="L1mltless">X X</cards>
<action no="5" player="22vidi22" type="0" sum="0"/>
</round>
</game>
<game gamecode="6594183445"><general>
<startdate>2026-01-14 09:45:43</startdate>
<round>1</round>
<failsafecounter/>
<players><player seat="6" name="22vidi22" chips="123" dealer="0" win="0" bet="123" muck="1" rebuy="0" addon="0" merge="0" rebuychips="0" reg_code="5089221982"/>
<player seat="3" name="L1mltless" chips="1,377" dealer="1" win="246" bet="1,377" muck="0" rebuy="0" addon="0" merge="0" rebuychips="0" reg_code="5089221867"/>
</players>
</general>
<round no="0"><action no="1" player="L1mltless" type="15" discard="1" dealt="1" sum="5"/>
<action no="2" player="22vidi22" type="15" sum="5"/>
<action no="3" player="L1mltless" type="1" discard="1" dealt="1" sum="15"/>
<action no="4" player="22vidi22" type="2" sum="30"/>
</round>
<round no="1"><cards type="Pocket" player="22vidi22">CK DQ</cards>
<cards type="Pocket" player="L1mltless">S2 S9</cards>
<action no="5" player="L1mltless" type="23" discard="1" dealt="1" sum="1,372"/>
<action no="6" player="22vidi22" type="7" sum="88"/>
</round>
<round no="2"><cards type="Flop">H4 HJ D5</cards>
</round>
<round no="3"><cards type="Turn">D7</cards>
</round>
<round no="4"><cards type="River">C2</cards>
</round>
</game>
</session>
