<?xml version="1.0" encoding="UTF-8"?>
<session sessioncode="5090097525">
<general>
<client_version>24.7.1.15</client_version>
<mode>real</mode>
<gametype>Holdem NL</gametype>
<tablename>Twister €100 SNG, 826697433</tablename>
<tournamentcode>826697432</tournamentcode>
<tournamentname>Twister €100 SNG</tournamentname>
<buyin>€0 + €7 + €93</buyin>
<totalbuyin>€100</totalbuyin>
<rewarddrawn>€200</rewarddrawn>
<tournamentcurrency>EUR</tournamentcurrency>
<currency>EUR</currency>
<nickname>22vidi22</nickname>
<gamecount>21</gamecount>
<startdate>2026-01-17 13:27:06</startdate>
<place>2</place>
<win>€0</win>
<tablesize>3</tablesize>
</general>
<game gamecode="6597893721"><general>
<startdate>2026-01-17 13:27:21</startdate>
<round>1</round>
<failsafecounter/>
<players><player seat="6" name="cracka23" chips="500" dealer="0" win="130" bet="125" muck="1" rebuy="0" addon="0" merge="0" rebuychips="0" reg_code="5090097304"/>
<player seat="10" name="22vidi22" chips="500" dealer="1" win="0" bet="60" muck="1" rebuy="0" addon="0" merge="0" rebuychips="0" reg_code="5090097525"/>
<player seat="3" name="Ankalaev" chips="500" dealer="0" win="0" bet="10" muck="1" rebuy="0" addon="0" merge="0" rebuychips="0" reg_code="5090096657"/>
</players>
</general>
<round no="0"><action no="1" player="Ankalaev" type="1" discard="1" dealt="1" sum="10"/>
<action no="2" player="cracka23" type="2" discard="1" dealt="1" sum="20"/>
</round>
<round no="1"><cards type="Pocket" player="22vidi22">DJ S10</cards>
<cards type="Pocket" player="cracka23">X X</cards>
<cards type="Pocket" player="Ankalaev">X X</cards>
<action no="3" player="22vidi22" type="23" sum="40"/>
<action no="4" player="Ankalaev" type="0" discard="1" dealt="1" sum="0"/>
<action no="5" player="cracka23" type="3" discard="1" dealt="1" sum="20"/>
</round>
<round no="2"><cards type="Flop">D2 C9 H6</cards>
<action no="6" player="cracka23" type="4" discard="1" dealt="1" sum="0"/>
<action no="7" player="22vidi22" type="5" sum="20"/>
<action no="8" player="cracka23" type="3" discard="1" dealt="1" sum="20"/>
</round>
<round no="3"><cards type="Turn">D3</cards>
<action no="9" player="cracka23" type="4" discard="1" dealt="1" sum="0"/>
<action no="10" player="22vidi22" type="4" sum="0"/>
</round>
<round no="4"><cards type="River">HQ</cards>
<action no="11" player="cracka23" type="5" discard="1" dealt="1" sum="65"/>
<action no="12" player="22vidi22" type="0" sum="0"/>
</round>
</game>
<game gamecode="6597893869"><general>
<startdate>2026-01-17 13:27:50</startdate>
<round>1</round>
<failsafecounter/>
<players><player seat="10" name="22vidi22" chips="440" dealer="0" win="0" bet="20" muck="1" rebuy="0" addon="0" merge="0" rebuychips="0" reg_code="5090097525"/>
<player seat="3" name="Ankalaev" chips="490" dealer="1" win="0" bet="0" muck="1" rebuy="0" addon="0" merge="0" rebuychips="0" reg_code="5090096657"/>
<player seat="6" name="cracka23" chips="570" dealer="0" win="40" bet="40" muck="1" rebuy="0" addon="0" merge="0" rebuychips="0" reg_code="5090097304"/>
</players>
</general>
<round no="0"><action no="1" player="cracka23" type="1" discard="1" dealt="1" sum="10"/>
<action no="2" player="22vidi22" type="2" sum="20"/>
</round>
<round no="1"><cards type="Pocket" player="Ankalaev">X X</cards>
<cards type="Pocket" player="cracka23">X X</cards>
<cards type="Pocket" player="22vidi22">D8 H7</cards>
<action no="3" player="Ankalaev" type="0" discard="1" dealt="1" sum="0"/>
<action no="4" player="cracka23" type="3" discard="1" dealt="1" sum="10"/>
<action no="5" player="22vidi22" type="4" sum="0"/>
</round>
<round no="2"><cards type="Flop">SA CA S3</cards>
<action no="6" player="cracka23" type="5" discard="1" dealt="1" sum="20"/>
<action no="7" player="22vidi22" type="0" sum="0"/>
</round>
</game>
<game gamecode="6597893932"><general>
<startdate>2026-01-17 13:28:02</startdate>
<round>1</round>
<failsafecounter/>
<players><player seat="3" name="Ankalaev" chips="490" dealer="0" win="0" bet="490" muck="0" rebuy="0" addon="0" merge="0" rebuychips="0" reg_code="5090096657"/>
<player seat="6" name="cracka23" chips="590" dealer="1" win="990" bet="490" muck="0" rebuy="0" addon="0" merge="0" rebuychips="0" reg_code="5090097304"/>
<player seat="10" name="22vidi22" chips="420" dealer="0" win="0" bet="10" muck="1" rebuy="0" addon="0" merge="0" rebuychips="0" reg_code="5090097525"/>
</players>
</general>
<round no="0"><action no="1" player="22vidi22" type="1" sum="10"/>
<action no="2" player="Ankalaev" type="2" discard="1" dealt="1" sum="20"/>
</round>
<round no="1"><cards type="Pocket" player="22vidi22">D2 CQ</cards>
<cards type="Pocket" player="cracka23">HA D7</cards>
<cards type="Pocket" player="Ankalaev">HJ S10</cards>
<action no="3" player="cracka23" type="23" discard="1" dealt="1" sum="40"/>
<action no="4" player="22vidi22" type="0" sum="0"/>
<action no="5" player="Ankalaev" type="3" discard="1" dealt="1" sum="20"/>
</round>
<round no="2"><cards type="Flop">H4 S7 C9</cards>
<action no="6" player="Ankalaev" type="4" discard="1" dealt="1" sum="0"/>
<action no="7" player="cracka23" type="5" discard="1" dealt="1" sum="45"/>
<action no="8" player="Ankalaev" type="3" discard="1" dealt="1" sum="45"/>
</round>
<round no="3"><cards type="Turn">S5</cards>
<action no="9" player="Ankalaev" type="5" discard="1" dealt="1" sum="90"/>
<action no="10" player="cracka23" type="3" discard="1" dealt="1" sum="90"/>
</round>
<round no="4"><cards type="River">H9</cards>
<action no="11" player="Ankalaev" type="5" discard="1" dealt="1" sum="315"/>
<action no="12" player="cracka23" type="3" discard="1" dealt="1" sum="315"/>
</round>
</game>
<game gamecode="6597894109"><general>
<startdate>2026-01-17 13:28:34</startdate>
<round>1</round>
<failsafecounter/>
<players><player seat="6" name="cracka23" chips="1,090" dealer="0" win="0" bet="96" muck="1" rebuy="0" addon="0" merge="0" rebuychips="0" reg_code="5090097304"/>
<player seat="10" name="22vidi22" chips="410" dealer="1" win="192" bet="96" muck="0" rebuy="0" addon="0" merge="0" rebuychips="0" reg_code="5090097525"/>
</players>
</general>
<round no="0"><action no="1" player="22vidi22" type="1" sum="10"/>
<action no="2" player="cracka23" type="2" discard="1" dealt="1" sum="20"/>
</round>
<round no="1"><cards type="Pocket" player="cracka23">S6 D8</cards>
<cards type="Pocket" player="22vidi22">C10 CJ</cards>
<action no="3" player="22vidi22" type="3" sum="10"/>
<action no="4" player="cracka23" type="4" discard="1" dealt="1" sum="0"/>
</round>
<round no="2"><cards type="Flop">H5 H6 H10</cards>
<action no="5" player="cracka23" type="4" discard="1" dealt="1" sum="0"/>
<action no="6" player="22vidi22" type="5" sum="20"/>
<action no="7" player="cracka23" type="3" discard="1" dealt="1" sum="20"/>
</round>
<round no="3"><cards type="Turn">S3</cards>
<action no="8" player="cracka23" type="4" discard="1" dealt="1" sum="0"/>
<action no="9" player="22vidi22" type="5" sum="56"/>
<action no="10" player="cracka23" type="3" discard="1" dealt="1" sum="56"/>
</round>
<round no="4"><cards type="River">H9</cards>
<action no="11" player="cracka23" type="4" discard="1" dealt="1" sum="0"/>
<action no="12" player="22vidi22" type="4" sum="0"/>
</round>
</game>
<game gamecode="6597894212"><general>
<startdate>2026-01-17 13:28:54</startdate>
<round>1</round>
<failsafecounter/>
<players><player seat="10" name="22vidi22" chips="506" dealer="0" win="0" bet="20" muck="1" rebuy="0" addon="0" merge="0" rebuychips="0" reg_code="5090097525"/>
<player seat="6" name="cracka23" chips="994" dealer="1" win="40" bet="40" muck="1" rebuy="0" addon="0" merge="0" rebuychips="0" reg_code="5090097304"/>
</players>
</general>
<round no="0"><action no="1" player="cracka23" type="1" discard="1" dealt="1" sum="10"/>
<action no="2" player="22vidi22" type="2" sum="20"/>
</round>
<round no="1"><cards type="Pocket" player="cracka23">X X</cards>
<cards type="Pocket" player="22vidi22">H3 D9</cards>
<action no="3" player="cracka23" type="23" discard="1" dealt="1" sum="40"/>
<action no="4" player="22vidi22" type="0" sum="0"/>
</round>
</game>
<game gamecode="6597894264"><general>
<startdate>2026-01-17 13:29:04</startdate>
<round>1</round>
<failsafecounter/>
<players><player seat="6" name="cracka23" chips="1,014" dealer="0" win="0" bet="35" muck="1" rebuy="0" addon="0" merge="0" rebuychips="0" reg_code="5090097304"/>
<player seat="10" name="22vidi22" chips="486" dealer="1" win="70" bet="65" muck="1" rebuy="0" addon="0" merge="0" rebuychips="0" reg_code="5090097525"/>
</players>
</general>
<round no="0"><action no="1" player="22vidi22" type="15" sum="5"/>
<action no="2" player="cracka23" type="15" discard="1" dealt="1" sum="5"/>
<action no="3" player="22vidi22" type="1" sum="15"/>
<action no="4" player="cracka23" type="2" discard="1" dealt="1" sum="30"/>
</round>
<round no="1"><cards type="Pocket" player="cracka23">X X</cards>
<cards type="Pocket" player="22vidi22">C3 HK</cards>
<action no="5" player="22vidi22" type="3" sum="15"/>
<action no="6" player="cracka23" type="4" discard="1" dealt="1" sum="0"/>
</round>
<round no="2"><cards type="Flop">DA S5 D9</cards>
<action no="7" player="cracka23" type="4" discard="1" dealt="1" sum="0"/>
<action no="8" player="22vidi22" type="5" sum="30"/>
<action no="9" player="cracka23" type="0" discard="1" dealt="1" sum="0"/>
</round>
</game>
<game gamecode="6597894320"><general>
<startdate>2026-01-17 13:29:14</startdate>
<round>1</round>
<failsafecounter/>
<players><player seat="10" name="22vidi22" chips="521" dealer="0" win="310" bet="155" muck="0" rebuy="0" addon="0" merge="0" rebuychips="0" reg_code="5090097525"/>
<player seat="6" name="cracka23" chips="979" dealer="1" win="0" bet="155" muck="1" rebuy="0" addon="0" merge="0" rebuychips="0" reg_code="5090097304"/>
</players>
</general>
<round no="0"><action no="1" player="cracka23" type="15" discard="1" dealt="1" sum="5"/>
<action no="2" player="22vidi22" type="15" sum="5"/>
<action no="3" player="cracka23" type="1" discard="1" dealt="1" sum="15"/>
<action no="4" player="22vidi22" type="2" sum="30"/>
</round>
<round no="1"><cards type="Pocket" player="cracka23">C7 H7</cards>
<cards type="Pocket" player="22vidi22">SQ S6</cards>
<action no="5" player="cracka23" type="23" discard="1" dealt="1" sum="60"/>
<action no="6" player="22vidi22" type="3" sum="30"/>
</round>
<round no="2"><cards type="Flop">HJ C10 DK</cards>
<action no="7" player="22vidi22" type="4" sum="0"/>
<action no="8" player="cracka23" type="4" discard="1" dealt="1" sum="0"/>
</round>
<round no="3"><cards type="Turn">HA</cards>
<action no="9" player="22vidi22" type="4" sum="0"/>
<action no="10" player="cracka23" type="5" discard="1" dealt="1" sum="90"/>
<action no="11" player="22vidi22" type="3" sum="90"/>
</round>
<round no="4"><cards type="River">C3</cards>
<action no="12" player="22vidi22" type="4" sum="0"/>
<action no="13" player="cracka23" type="4" discard="1" dealt="1" sum="0"/>
</round>
</game>
<game gamecode="6597894458"><general>
<startdate>2026-01-17 13:29:41</startdate>
<round>1</round>
<failsafecounter/>
<players><player seat="6" name="cracka23" chips="824" dealer="0" win="0" bet="35" muck="1" rebuy="0" addon="0" merge="0" rebuychips="0" reg_code="5090097304"/>
<player seat="10" name="22vidi22" chips="676" dealer="1" win="70" bet="105" muck="1" rebuy="0" addon="0" merge="0" rebuychips="0" reg_code="5090097525"/>
</players>
</general>
<round no="0"><action no="1" player="22vidi22" type="15" sum="5"/>
<action no="2" player="cracka23" type="15" discard="1" dealt="1" sum="5"/>
<action no="3" player="22vidi22" type="1" sum="15"/>
<action no="4" player="cracka23" type="2" discard="1" dealt="1" sum="30"/>
</round>
<round no="1"><cards type="Pocket" player="cracka23">X X</cards>
<cards type="Pocket" player="22vidi22">S3 S5</cards>
<action no="5" player="22vidi22" type="3" sum="15"/>
<action no="6" player="cracka23" type="4" discard="1" dealt="1" sum="0"/>
</round>
<round no="2"><cards type="Flop">C3 HQ H2</cards>
<action no="7" player="cracka23" type="4" discard="1" dealt="1" sum="0"/>
<action no="8" player="22vidi22" type="4" sum="0"/>
</round>
<round no="3"><cards type="Turn">CJ</cards>
<action no="9" player="cracka23" type="4" discard="1" dealt="1" sum="0"/>
<action no="10" player="22vidi22" type="4" sum="0"/>
</round>
<round no="4"><cards type="River">H5</cards>
<action no="11" player="cracka23" type="4" discard="1" dealt="1" sum="0"/>
<action no="12" player="22vidi22" type="5" sum="70"/>
<action no="13" player="cracka23" type="0" discard="1" dealt="1" sum="0"/>
</round>
</game>
<game gamecode="6597894550"><general>
<startdate>2026-01-17 13:29:59</startdate>
<round>1</round>
<failsafecounter/>
<players><player seat="10" name="22vidi22" chips="711" dealer="0" win="130" bet="156" muck="1" rebuy="0" addon="0" merge="0" rebuychips="0" reg_code="5090097525"/>
<player seat="6" name="cracka23" chips="789" dealer="1" win="0" bet="65" muck="1" rebuy="0" addon="0" merge="0" rebuychips="0" reg_code="5090097304"/>
</players>
</general>
<round no="0"><action no="1" player="cracka23" type="15" discard="1" dealt="1" sum="5"/>
<action no="2" player="22vidi22" type="15" sum="5"/>
<action no="3" player="cracka23" type="1" discard="1" dealt="1" sum="15"/>
<action no="4" player="22vidi22" type="2" sum="30"/>
</round>
<round no="1"><cards type="Pocket" player="cracka23">X X</cards>
<cards type="Pocket" player="22vidi22">D3 CQ</cards>
<action no="5" player="cracka23" type="3" discard="1" dealt="1" sum="15"/>
<action no="6" player="22vidi22" type="4" sum="0"/>
</round>
<round no="2"><cards type="Flop">H3 C5 H10</cards>
<action no="7" player="22vidi22" type="4" sum="0"/>
<action no="8" player="cracka23" type="5" discard="1" dealt="1" sum="30"/>
<action no="9" player="22vidi22" type="3" sum="30"/>
</round>
<round no="3"><cards type="Turn">S6</cards>
<action no="10" player="22vidi22" type="4" sum="0"/>
<action no="11" player="cracka23" type="4" discard="1" dealt="1" sum="0"/>
</round>
<round no="4"><cards type="River">S3</cards>
<action no="12" player="22vidi22" type="5" sum="91"/>
<action no="13" player="cracka23" type="0" discard="1" dealt="1" sum="0"/>
</round>
</game>
<game gamecode="6597894651"><general>
<startdate>2026-01-17 13:30:16</startdate>
<round>1</round>
<failsafecounter/>
<players><player seat="6" name="cracka23" chips="724" dealer="0" win="70" bet="95" muck="1" rebuy="0" addon="0" merge="0" rebuychips="0" reg_code="5090097304"/>
<player seat="10" name="22vidi22" chips="776" dealer="1" win="0" bet="35" muck="1" rebuy="0" addon="0" merge="0" rebuychips="0" reg_code="5090097525"/>
</players>
</general>
<round no="0"><action no="1" player="22vidi22" type="15" sum="5"/>
<action no="2" player="cracka23" type="15" discard="1" dealt="1" sum="5"/>
<action no="3" player="22vidi22" type="1" sum="15"/>
<action no="4" player="cracka23" type="2" discard="1" dealt="1" sum="30"/>
</round>
<round no="1"><cards type="Pocket" player="cracka23">X X</cards>
<cards type="Pocket" player="22vidi22">S6 C2</cards>
<action no="5" player="22vidi22" type="3" sum="15"/>
<action no="6" player="cracka23" type="23" discard="1" dealt="1" sum="90"/>
<action no="7" player="22vidi22" type="0" sum="0"/>
</round>
</game>
<game gamecode="6597894684"><general>
<startdate>2026-01-17 13:30:24</startdate>
<round>1</round>
<failsafecounter/>
<players><player seat="10" name="22vidi22" chips="741" dealer="0" win="0" bet="35" muck="1" rebuy="0" addon="0" merge="0" rebuychips="0" reg_code="5090097525"/>
<player seat="6" name="cracka23" chips="759" dealer="1" win="70" bet="65" muck="1" rebuy="0" addon="0" merge="0" rebuychips="0" reg_code="5090097304"/>
</players>
</general>
<round no="0"><action no="1" player="cracka23" type="15" discard="1" dealt="1" sum="5"/>
<action no="2" player="22vidi22" type="15" sum="5"/>
<action no="3" player="cracka23" type="1" discard="1" dealt="1" sum="15"/>
<action no="4" player="22vidi22" type="2" sum="30"/>
</round>
<round no="1"><cards type="Pocket" player="cracka23">X X</cards>
<cards type="Pocket" player="22vidi22">H3 DJ</cards>
<action no="5" player="cracka23" type="23" discard="1" dealt="1" sum="60"/>
<action no="6" player="22vidi22" type="0" sum="0"/>
</round>
</game>
<game gamecode="6597894720"><general>
<startdate>2026-01-17 13:30:30</startdate>
<round>1</round>
<failsafecounter/>
<players><player seat="6" name="cracka23" chips="794" dealer="0" win="40" bet="35" muck="1" rebuy="0" addon="0" merge="0" rebuychips="0" reg_code="5090097304"/>
<player seat="10" name="22vidi22" chips="706" dealer="1" win="0" bet="20" muck="1" rebuy="0" addon="0" merge="0" rebuychips="0" reg_code="5090097525"/>
</players>
</general>
<round no="0"><action no="1" player="22vidi22" type="15" sum="5"/>
<action no="2" player="cracka23" type="15" discard="1" dealt="1" sum="5"/>
<action no="3" player="22vidi22" type="1" sum="15"/>
<action no="4" player="cracka23" type="2" discard="1" dealt="1" sum="30"/>
</round>
<round no="1"><cards type="Pocket" player="cracka23">X X</cards>
<cards type="Pocket" player="22vidi22">S3 D5</cards>
<action no="5" player="22vidi22" type="0" sum="0"/>
</round>
</game>
<game gamecode="6597894745"><general>
<startdate>2026-01-17 13:30:35</startdate>
<round>1</round>
<failsafecounter/>
<players><player seat="10" name="22vidi22" chips="686" dealer="0" win="0" bet="130" muck="1" rebuy="0" addon="0" merge="0" rebuychips="0" reg_code="5090097525"/>
<player seat="6" name="cracka23" chips="814" dealer="1" win="260" bet="130" muck="0" rebuy="0" addon="0" merge="0" rebuychips="0" reg_code="5090097304"/>
</players>
</general>
<round no="0"><action no="1" player="cracka23" type="15" discard="1" dealt="1" sum="5"/>
<action no="2" player="22vidi22" type="15" sum="5"/>
<action no="3" player="cracka23" type="1" discard="1" dealt="1" sum="15"/>
<action no="4" player="22vidi22" type="2" sum="30"/>
</round>
<round no="1"><cards type="Pocket" player="cracka23">CA HQ</cards>
<cards type="Pocket" player="22vidi22">D10 S7</cards>
<action no="5" player="cracka23" type="3" discard="1" dealt="1" sum="15"/>
<action no="6" player="22vidi22" type="4" sum="0"/>
</round>
<round no="2"><cards type="Flop">D9 H10 HA</cards>
<action no="7" player="22vidi22" type="4" sum="0"/>
<action no="8" player="cracka23" type="4" discard="1" dealt="1" sum="0"/>
</round>
<round no="3"><cards type="Turn">S9</cards>
<action no="9" player="22vidi22" type="4" sum="0"/>
<action no="10" player="cracka23" type="5" discard="1" dealt="1" sum="30"/>
<action no="11" player="22vidi22" type="3" sum="30"/>
</round>
<round no="4"><cards type="River">C7</cards>
<action no="12" player="22vidi22" type="4" sum="0"/>
<action no="13" player="cracka23" type="5" discard="1" dealt="1" sum="65"/>
<action no="14" player="22vidi22" type="3" sum="65"/>
</round>
</game>
<game gamecode="6597894840"><general>
<startdate>2026-01-17 13:30:55</startdate>
<round>1</round>
<failsafecounter/>
<players><player seat="6" name="cracka23" chips="944" dealer="0" win="50" bet="45" muck="1" rebuy="0" addon="0" merge="0" rebuychips="0" reg_code="5090097304"/>
<player seat="10" name="22vidi22" chips="556" dealer="1" win="0" bet="25" muck="1" rebuy="0" addon="0" merge="0" rebuychips="0" reg_code="5090097525"/>
</players>
</general>
<round no="0"><action no="1" player="22vidi22" type="15" sum="5"/>
<action no="2" player="cracka23" type="15" discard="1" dealt="1" sum="5"/>
<action no="3" player="22vidi22" type="1" sum="20"/>
<action no="4" player="cracka23" type="2" discard="1" dealt="1" sum="40"/>
</round>
<round no="1"><cards type="Pocket" player="cracka23">X X</cards>
<cards type="Pocket" player="22vidi22">S9 D3</cards>
<action no="5" player="22vidi22" type="0" sum="0"/>
</round>
</game>
<game gamecode="6597894867"><general>
<startdate>2026-01-17 13:31:00</startdate>
<round>1</round>
<failsafecounter/>
<players><player seat="10" name="22vidi22" chips="531" dealer="0" win="0" bet="45" muck="1" rebuy="0" addon="0" merge="0" rebuychips="0" reg_code="5090097525"/>
<player seat="6" name="cracka23" chips="969" dealer="1" win="90" bet="85" muck="1" rebuy="0" addon="0" merge="0" rebuychips="0" reg_code="5090097304"/>
</players>
</general>
<round no="0"><action no="1" player="cracka23" type="15" discard="1" dealt="1" sum="5"/>
<action no="2" player="22vidi22" type="15" sum="5"/>
<action no="3" player="cracka23" type="1" discard="1" dealt="1" sum="20"/>
<action no="4" player="22vidi22" type="2" sum="40"/>
</round>
<round no="1"><cards type="Pocket" player="cracka23">X X</cards>
<cards type="Pocket" player="22vidi22">C5 DK</cards>
<action no="5" player="cracka23" type="23" discard="1" dealt="1" sum="80"/>
<action no="6" player="22vidi22" type="0" sum="0"/>
</round>
</game>
<game gamecode="6597894895"><general>
<startdate>2026-01-17 13:31:07</startdate>
<round>1</round>
<failsafecounter/>
<players><player seat="6" name="cracka23" chips="1,014" dealer="0" win="0" bet="45" muck="1" rebuy="0" addon="0" merge="0" rebuychips="0" reg_code="5090097304"/>
<player seat="10" name="22vidi22" chips="486" dealer="1" win="90" bet="486" muck="1" rebuy="0" addon="0" merge="0" rebuychips="0" reg_code="5090097525"/>
</players>
</general>
<round no="0"><action no="1" player="22vidi22" type="15" sum="5"/>
<action no="2" player="cracka23" type="15" discard="1" dealt="1" sum="5"/>
<action no="3" player="22vidi22" type="1" sum="20"/>
<action no="4" player="cracka23" type="2" discard="1" dealt="1" sum="40"/>
</round>
<round no="1"><cards type="Pocket" player="cracka23">X X</cards>
<cards type="Pocket" player="22vidi22">S5 CA</cards>
<action no="5" player="22vidi22" type="23" sum="481"/>
<action no="6" player="cracka23" type="0" discard="1" dealt="1" sum="0"/>
</round>
</game>
<game gamecode="6597894926"><general>
<startdate>2026-01-17 13:31:13</startdate>
<round>1</round>
<failsafecounter/>
<players><player seat="10" name="22vidi22" chips="531" dealer="0" win="0" bet="45" muck="1" rebuy="0" addon="0" merge="0" rebuychips="0" reg_code="5090097525"/>
<player seat="6" name="cracka23" chips="969" dealer="1" win="90" bet="85" muck="1" rebuy="0" addon="0" merge="0" rebuychips="0" reg_code="5090097304"/>
</players>
</general>
<round no="0"><action no="1" player="cracka23" type="15" discard="1" dealt="1" sum="5"/>
<action no="2" player="22vidi22" type="15" sum="5"/>
<action no="3" player="cracka23" type="1" discard="1" dealt="1" sum="20"/>
<action no="4" player="22vidi22" type="2" sum="40"/>
</round>
<round no="1"><cards type="Pocket" player="22vidi22">C2 S10</cards>
<cards type="Pocket" player="cracka23">X X</cards>
<action no="5" player="cracka23" type="23" discard="1" dealt="1" sum="80"/>
<action no="6" player="22vidi22" type="0" sum="0"/>
</round>
</game>
<game gamecode="6597894957"><general>
<startdate>2026-01-17 13:31:20</startdate>
<round>1</round>
<failsafecounter/>
<players><player seat="6" name="cracka23" chips="1,014" dealer="0" win="0" bet="45" muck="1" rebuy="0" addon="0" merge="0" rebuychips="0" reg_code="5090097304"/>
<player seat="10" name="22vidi22" chips="486" dealer="1" win="90" bet="486" muck="1" rebuy="0" addon="0" merge="0" rebuychips="0" reg_code="5090097525"/>
</players>
</general>
<round no="0"><action no="1" player="22vidi22" type="15" sum="5"/>
<action no="2" player="cracka23" type="15" discard="1" dealt="1" sum="5"/>
<action no="3" player="22vidi22" type="1" sum="20"/>
<action no="4" player="cracka23" type="2" discard="1" dealt="1" sum="40"/>
</round>
<round no="1"><cards type="Pocket" player="22vidi22">CA S7</cards>
<cards type="Pocket" player="cracka23">X X</cards>
<action no="5" player="22vidi22" type="23" sum="481"/>
<action no="6" player="cracka23" type="0" discard="1" dealt="1" sum="0"/>
</round>
</game>
<game gamecode="6597894990"><general>
<startdate>2026-01-17 13:31:28</startdate>
<round>1</round>
<failsafecounter/>
<players><player seat="10" name="22vidi22" chips="531" dealer="0" win="0" bet="170" muck="1" rebuy="0" addon="0" merge="0" rebuychips="0" reg_code="5090097525"/>
<player seat="6" name="cracka23" chips="969" dealer="1" win="340" bet="170" muck="0" rebuy="0" addon="0" merge="0" rebuychips="0" reg_code="5090097304"/>
</players>
</general>
<round no="0"><action no="1" player="cracka23" type="15" discard="1" dealt="1" sum="5"/>
<action no="2" player="22vidi22" type="15" sum="5"/>
<action no="3" player="cracka23" type="1" discard="1" dealt="1" sum="20"/>
<action no="4" player="22vidi22" type="2" sum="40"/>
</round>
<round no="1"><cards type="Pocket" player="cracka23">D5 DK</cards>
<cards type="Pocket" player="22vidi22">H10 DJ</cards>
<action no="5" player="cracka23" type="3" discard="1" dealt="1" sum="20"/>
<action no="6" player="22vidi22" type="4" sum="0"/>
</round>
<round no="2"><cards type="Flop">D4 C6 SK</cards>
<action no="7" player="22vidi22" type="4" sum="0"/>
<action no="8" player="cracka23" type="4" discard="1" dealt="1" sum="0"/>
</round>
<round no="3"><cards type="Turn">HA</cards>
<action no="9" player="22vidi22" type="4" sum="0"/>
<action no="10" player="cracka23" type="5" discard="1" dealt="1" sum="40"/>
<action no="11" player="22vidi22" type="3" sum="40"/>
</round>
<round no="4"><cards type="River">CK</cards>
<action no="12" player="22vidi22" type="4" sum="0"/>
<action no="13" player="cracka23" type="5" discard="1" dealt="1" sum="85"/>
<action no="14" player="22vidi22" type="3" sum="85"/>
</round>
</game>
<game gamecode="6597895089"><general>
<startdate>2026-01-17 13:31:47</startdate>
<round>1</round>
<failsafecounter/>
<players><player seat="6" name="cracka23" chips="1,139" dealer="0" win="0" bet="45" muck="1" rebuy="0" addon="0" merge="0" rebuychips="0" reg_code="5090097304"/>
<player seat="10" name="22vidi22" chips="361" dealer="1" win="90" bet="361" muck="1" rebuy="0" addon="0" merge="0" rebuychips="0" reg_code="5090097525"/>
</players>
</general>
<round no="0"><action no="1" player="22vidi22" type="15" sum="5"/>
<action no="2" player="cracka23" type="15" discard="1" dealt="1" sum="5"/>
<action no="3" player="22vidi22" type="1" sum="20"/>
<action no="4" player="cracka23" type="2" discard="1" dealt="1" sum="40"/>
</round>
<round no="1"><cards type="Pocket" player="cracka23">X X</cards>
<cards type="Pocket" player="22vidi22">SA C9</cards>
<action no="5" player="22vidi22" type="23" sum="356"/>
<action no="6" player="cracka23" type="0" discard="1" dealt="1" sum="0"/>
</round>
</game>
<game gamecode="6597895119"><general>
<startdate>2026-01-17 13:31:55</startdate>
<round>1</round>
<failsafecounter/>
<players><player seat="10" name="22vidi22" chips="406" dealer="0" win="0" bet="406" muck="0" rebuy="0" addon="0" merge="0" rebuychips="0" reg_code="5090097525"/>
<player seat="6" name="cracka23" chips="1,094" dealer="1" win="812" bet="406" muck="0" rebuy="0" addon="0" merge="0" rebuychips="0" reg_code="5090097304"/>
</players>
</general>
<round no="0"><action no="1" player="cracka23" type="15" discard="1" dealt="1" sum="5"/>
<action no="2" player="22vidi22" type="15" sum="5"/>
<action no="3" player="cracka23" type="1" discard="1" dealt="1" sum="20"/>
<action no="4" player="22vidi22" type="2" sum="40"/>
</round>
<round no="1"><cards type="Pocket" player="22vidi22">CK SQ</cards>
<cards type="Pocket" player="cracka23">C2 CA</cards>
<action no="5" player="cracka23" type="23" discard="1" dealt="1" sum="80"/>
<action no="6" player="22vidi22" type="23" sum="401"/>
<action no="7" player="cracka23" type="3" discard="1" dealt="1" sum="321"/>
</round>
<round no="2"><cards type="Flop">D8 SA H4</cards>
</round>
<round no="3"><cards type="Turn">D3</cards>
</round>
<round no="4"><cards type="River">C7</cards>
</round>
</game>
</session>
