<?xml version="1.0" encoding="UTF-8"?>
<session sessioncode="5090020291">
<general>
<client_version>24.7.1.15</client_version>
<mode>real</mode>
<gametype>Holdem NL</gametype>
<tablename>Twister €100 SNG, 826670631</tablename>
<tournamentcode>826670630</tournamentcode>
<tournamentname>Twister €100 SNG</tournamentname>
<buyin>€0 + €7 + €93</buyin>
<totalbuyin>€100</totalbuyin>
<rewarddrawn>€200</rewarddrawn>
<tournamentcurrency>EUR</tournamentcurrency>
<currency>EUR</currency>
<nickname>22vidi22</nickname>
<gamecount>24</gamecount>
<startdate>2026-01-17 01:53:47</startdate>
<place>2</place>
<win>€0</win>
<tablesize>3</tablesize>
</general>
<game gamecode="6597564754"><general>
<startdate>2026-01-17 01:54:03</startdate>
<round>1</round>
<failsafecounter/>
<players><player seat="6" name="Aomanuahi" chips="500" dealer="0" win="20" bet="20" muck="1" rebuy="0" addon="0" merge="0" rebuychips="0" reg_code="5090020240"/>
<player seat="10" name="22vidi22" chips="500" dealer="1" win="0" bet="0" muck="1" rebuy="0" addon="0" merge="0" rebuychips="0" reg_code="5090020291"/>
<player seat="3" name="FanteDiDenari" chips="500" dealer="0" win="0" bet="10" muck="1" rebuy="0" addon="0" merge="0" rebuychips="0" reg_code="5090019987"/>
</players>
</general>
<round no="0"><action no="1" player="FanteDiDenari" type="1" discard="1" dealt="1" sum="10"/>
<action no="2" player="Aomanuahi" type="2" discard="1" dealt="1" sum="20"/>
</round>
<round no="1"><cards type="Pocket" player="22vidi22">D3 S9</cards>
<cards type="Pocket" player="Aomanuahi">X X</cards>
<cards type="Pocket" player="FanteDiDenari">X X</cards>
<action no="3" player="22vidi22" type="0" sum="0"/>
<action no="4" player="FanteDiDenari" type="0" discard="1" dealt="1" sum="0"/>
</round>
</game>
<game gamecode="6597564803"><general>
<startdate>2026-01-17 01:54:11</startdate>
<round>1</round>
<failsafecounter/>
<players><player seat="10" name="22vidi22" chips="500" dealer="0" win="0" bet="20" muck="1" rebuy="0" addon="0" merge="0" rebuychips="0" reg_code="5090020291"/>
<player seat="3" name="FanteDiDenari" chips="490" dealer="1" win="50" bet="40" muck="1" rebuy="0" addon="0" merge="0" rebuychips="0" reg_code="5090019987"/>
<player seat="6" name="Aomanuahi" chips="510" dealer="0" win="0" bet="10" muck="1" rebuy="0" addon="0" merge="0" rebuychips="0" reg_code="5090020240"/>
</players>
</general>
<round no="0"><action no="1" player="Aomanuahi" type="1" discard="1" dealt="1" sum="10"/>
<action no="2" player="22vidi22" type="2" sum="20"/>
</round>
<round no="1"><cards type="Pocket" player="FanteDiDenari">X X</cards>
<cards type="Pocket" player="Aomanuahi">X X</cards>
<cards type="Pocket" player="22vidi22">H7 SK</cards>
<action no="3" player="FanteDiDenari" type="23" discard="1" dealt="1" sum="40"/>
<action no="4" player="Aomanuahi" type="0" discard="1" dealt="1" sum="0"/>
<action no="5" player="22vidi22" type="0" sum="0"/>
</round>
</game>
<game gamecode="6597564860"><general>
<startdate>2026-01-17 01:54:21</startdate>
<round>1</round>
<failsafecounter/>
<players><player seat="3" name="FanteDiDenari" chips="520" dealer="0" win="90" bet="63" muck="1" rebuy="0" addon="0" merge="0" rebuychips="0" reg_code="5090019987"/>
<player seat="6" name="Aomanuahi" chips="500" dealer="1" win="0" bet="40" muck="1" rebuy="0" addon="0" merge="0" rebuychips="0" reg_code="5090020240"/>
<player seat="10" name="22vidi22" chips="480" dealer="0" win="0" bet="10" muck="1" rebuy="0" addon="0" merge="0" rebuychips="0" reg_code="5090020291"/>
</players>
</general>
<round no="0"><action no="1" player="22vidi22" type="1" sum="10"/>
<action no="2" player="FanteDiDenari" type="2" discard="1" dealt="1" sum="20"/>
</round>
<round no="1"><cards type="Pocket" player="Aomanuahi">X X</cards>
<cards type="Pocket" player="FanteDiDenari">X X</cards>
<cards type="Pocket" player="22vidi22">D5 S10</cards>
<action no="3" player="Aomanuahi" type="23" discard="1" dealt="1" sum="40"/>
<action no="4" player="22vidi22" type="0" sum="0"/>
<action no="5" player="FanteDiDenari" type="3" discard="1" dealt="1" sum="20"/>
</round>
<round no="2"><cards type="Flop">H2 D6 C4</cards>
<action no="6" player="FanteDiDenari" type="4" discard="1" dealt="1" sum="0"/>
<action no="7" player="Aomanuahi" type="4" discard="1" dealt="1" sum="0"/>
</round>
<round no="3"><cards type="Turn">C10</cards>
<action no="8" player="FanteDiDenari" type="5" discard="1" dealt="1" sum="23"/>
<action no="9" player="Aomanuahi" type="0" discard="1" dealt="1" sum="0"/>
</round>
</game>
<game gamecode="6597565050"><general>
<startdate>2026-01-17 01:54:58</startdate>
<round>1</round>
<failsafecounter/>
<players><player seat="6" name="Aomanuahi" chips="460" dealer="0" win="0" bet="40" muck="1" rebuy="0" addon="0" merge="0" rebuychips="0" reg_code="5090020240"/>
<player seat="10" name="22vidi22" chips="470" dealer="1" win="90" bet="60" muck="1" rebuy="0" addon="0" merge="0" rebuychips="0" reg_code="5090020291"/>
<player seat="3" name="FanteDiDenari" chips="570" dealer="0" win="0" bet="10" muck="1" rebuy="0" addon="0" merge="0" rebuychips="0" reg_code="5090019987"/>
</players>
</general>
<round no="0"><action no="1" player="FanteDiDenari" type="1" discard="1" dealt="1" sum="10"/>
<action no="2" player="Aomanuahi" type="2" discard="1" dealt="1" sum="20"/>
</round>
<round no="1"><cards type="Pocket" player="Aomanuahi">X X</cards>
<cards type="Pocket" player="22vidi22">HJ CA</cards>
<cards type="Pocket" player="FanteDiDenari">X X</cards>
<action no="3" player="22vidi22" type="23" sum="40"/>
<action no="4" player="FanteDiDenari" type="0" discard="1" dealt="1" sum="0"/>
<action no="5" player="Aomanuahi" type="3" discard="1" dealt="1" sum="20"/>
</round>
<round no="2"><cards type="Flop">C7 HA S10</cards>
<action no="6" player="Aomanuahi" type="4" discard="1" dealt="1" sum="0"/>
<action no="7" player="22vidi22" type="5" sum="20"/>
<action no="8" player="Aomanuahi" type="0" discard="1" dealt="1" sum="0"/>
</round>
</game>
<game gamecode="6597565153"><general>
<startdate>2026-01-17 01:55:20</startdate>
<round>1</round>
<failsafecounter/>
<players><player seat="10" name="22vidi22" chips="520" dealer="0" win="0" bet="40" muck="1" rebuy="0" addon="0" merge="0" rebuychips="0" reg_code="5090020291"/>
<player seat="3" name="FanteDiDenari" chips="560" dealer="1" win="90" bet="85" muck="1" rebuy="0" addon="0" merge="0" rebuychips="0" reg_code="5090019987"/>
<player seat="6" name="Aomanuahi" chips="420" dealer="0" win="0" bet="10" muck="1" rebuy="0" addon="0" merge="0" rebuychips="0" reg_code="5090020240"/>
</players>
</general>
<round no="0"><action no="1" player="Aomanuahi" type="1" discard="1" dealt="1" sum="10"/>
<action no="2" player="22vidi22" type="2" sum="20"/>
</round>
<round no="1"><cards type="Pocket" player="22vidi22">S9 S4</cards>
<cards type="Pocket" player="FanteDiDenari">X X</cards>
<cards type="Pocket" player="Aomanuahi">X X</cards>
<action no="3" player="FanteDiDenari" type="23" discard="1" dealt="1" sum="40"/>
<action no="4" player="Aomanuahi" type="0" discard="1" dealt="1" sum="0"/>
<action no="5" player="22vidi22" type="3" sum="20"/>
</round>
<round no="2"><cards type="Flop">CK DA HJ</cards>
<action no="6" player="22vidi22" type="4" sum="0"/>
<action no="7" player="FanteDiDenari" type="4" discard="1" dealt="1" sum="0"/>
</round>
<round no="3"><cards type="Turn">C6</cards>
<action no="8" player="22vidi22" type="4" sum="0"/>
<action no="9" player="FanteDiDenari" type="5" discard="1" dealt="1" sum="45"/>
<action no="10" player="22vidi22" type="0" sum="0"/>
</round>
</game>
<game gamecode="6597565324"><general>
<startdate>2026-01-17 01:55:51</startdate>
<round>1</round>
<failsafecounter/>
<players><player seat="3" name="FanteDiDenari" chips="610" dealer="0" win="75" bet="610" muck="1" rebuy="0" addon="0" merge="0" rebuychips="0" reg_code="5090019987"/>
<player seat="6" name="Aomanuahi" chips="410" dealer="1" win="0" bet="5" muck="1" rebuy="0" addon="0" merge="0" rebuychips="0" reg_code="5090020240"/>
<player seat="10" name="22vidi22" chips="480" dealer="0" win="0" bet="35" muck="1" rebuy="0" addon="0" merge="0" rebuychips="0" reg_code="5090020291"/>
</players>
</general>
<round no="0"><action no="1" player="22vidi22" type="15" sum="5"/>
<action no="2" player="FanteDiDenari" type="15" discard="1" dealt="1" sum="5"/>
<action no="3" player="Aomanuahi" type="15" discard="1" dealt="1" sum="5"/>
<action no="4" player="22vidi22" type="1" sum="15"/>
<action no="5" player="FanteDiDenari" type="2" discard="1" dealt="1" sum="30"/>
</round>
<round no="1"><cards type="Pocket" player="FanteDiDenari">X X</cards>
<cards type="Pocket" player="Aomanuahi">X X</cards>
<cards type="Pocket" player="22vidi22">D3 D7</cards>
<action no="6" player="Aomanuahi" type="0" discard="1" dealt="1" sum="0"/>
<action no="7" player="22vidi22" type="3" sum="15"/>
<action no="8" player="FanteDiDenari" type="23" discard="1" dealt="1" sum="605"/>
<action no="9" player="22vidi22" type="0" sum="0"/>
</round>
</game>
<game gamecode="6597565425"><general>
<startdate>2026-01-17 01:56:11</startdate>
<round>1</round>
<failsafecounter/>
<players><player seat="6" name="Aomanuahi" chips="405" dealer="0" win="45" bet="35" muck="1" rebuy="0" addon="0" merge="0" rebuychips="0" reg_code="5090020240"/>
<player seat="10" name="22vidi22" chips="445" dealer="1" win="0" bet="5" muck="1" rebuy="0" addon="0" merge="0" rebuychips="0" reg_code="5090020291"/>
<player seat="3" name="FanteDiDenari" chips="650" dealer="0" win="0" bet="20" muck="1" rebuy="0" addon="0" merge="0" rebuychips="0" reg_code="5090019987"/>
</players>
</general>
<round no="0"><action no="1" player="FanteDiDenari" type="15" discard="1" dealt="1" sum="5"/>
<action no="2" player="Aomanuahi" type="15" discard="1" dealt="1" sum="5"/>
<action no="3" player="22vidi22" type="15" sum="5"/>
<action no="4" player="FanteDiDenari" type="1" discard="1" dealt="1" sum="15"/>
<action no="5" player="Aomanuahi" type="2" discard="1" dealt="1" sum="30"/>
</round>
<round no="1"><cards type="Pocket" player="Aomanuahi">X X</cards>
<cards type="Pocket" player="22vidi22">CJ D8</cards>
<cards type="Pocket" player="FanteDiDenari">X X</cards>
<action no="6" player="22vidi22" type="0" sum="0"/>
<action no="7" player="FanteDiDenari" type="0" discard="1" dealt="1" sum="0"/>
</round>
</game>
<game gamecode="6597565460"><general>
<startdate>2026-01-17 01:56:19</startdate>
<round>1</round>
<failsafecounter/>
<players><player seat="10" name="22vidi22" chips="440" dealer="0" win="150" bet="440" muck="1" rebuy="0" addon="0" merge="0" rebuychips="0" reg_code="5090020291"/>
<player seat="3" name="FanteDiDenari" chips="630" dealer="1" win="0" bet="65" muck="1" rebuy="0" addon="0" merge="0" rebuychips="0" reg_code="5090019987"/>
<player seat="6" name="Aomanuahi" chips="430" dealer="0" win="0" bet="20" muck="1" rebuy="0" addon="0" merge="0" rebuychips="0" reg_code="5090020240"/>
</players>
</general>
<round no="0"><action no="1" player="Aomanuahi" type="15" discard="1" dealt="1" sum="5"/>
<action no="2" player="22vidi22" type="15" sum="5"/>
<action no="3" player="FanteDiDenari" type="15" discard="1" dealt="1" sum="5"/>
<action no="4" player="Aomanuahi" type="1" discard="1" dealt="1" sum="15"/>
<action no="5" player="22vidi22" type="2" sum="30"/>
</round>
<round no="1"><cards type="Pocket" player="Aomanuahi">X X</cards>
<cards type="Pocket" player="22vidi22">H2 D2</cards>
<cards type="Pocket" player="FanteDiDenari">X X</cards>
<action no="6" player="FanteDiDenari" type="23" discard="1" dealt="1" sum="60"/>
<action no="7" player="Aomanuahi" type="0" discard="1" dealt="1" sum="0"/>
<action no="8" player="22vidi22" type="23" sum="435"/>
<action no="9" player="FanteDiDenari" type="0" discard="1" dealt="1" sum="0"/>
</round>
</game>
<game gamecode="6597565533"><general>
<startdate>2026-01-17 01:56:32</startdate>
<round>1</round>
<failsafecounter/>
<players><player seat="3" name="FanteDiDenari" chips="565" dealer="0" win="45" bet="35" muck="1" rebuy="0" addon="0" merge="0" rebuychips="0" reg_code="5090019987"/>
<player seat="6" name="Aomanuahi" chips="410" dealer="1" win="0" bet="5" muck="1" rebuy="0" addon="0" merge="0" rebuychips="0" reg_code="5090020240"/>
<player seat="10" name="22vidi22" chips="525" dealer="0" win="0" bet="20" muck="1" rebuy="0" addon="0" merge="0" rebuychips="0" reg_code="5090020291"/>
</players>
</general>
<round no="0"><action no="1" player="22vidi22" type="15" sum="5"/>
<action no="2" player="FanteDiDenari" type="15" discard="1" dealt="1" sum="5"/>
<action no="3" player="Aomanuahi" type="15" discard="1" dealt="1" sum="5"/>
<action no="4" player="22vidi22" type="1" sum="15"/>
<action no="5" player="FanteDiDenari" type="2" discard="1" dealt="1" sum="30"/>
</round>
<round no="1"><cards type="Pocket" player="Aomanuahi">X X</cards>
<cards type="Pocket" player="FanteDiDenari">X X</cards>
<cards type="Pocket" player="22vidi22">S3 D6</cards>
<action no="6" player="Aomanuahi" type="0" discard="1" dealt="1" sum="0"/>
<action no="7" player="22vidi22" type="0" sum="0"/>
</round>
</game>
<game gamecode="6597565579"><general>
<startdate>2026-01-17 01:56:42</startdate>
<round>1</round>
<failsafecounter/>
<players><player seat="6" name="Aomanuahi" chips="405" dealer="0" win="0" bet="35" muck="1" rebuy="0" addon="0" merge="0" rebuychips="0" reg_code="5090020240"/>
<player seat="10" name="22vidi22" chips="505" dealer="1" win="0" bet="5" muck="1" rebuy="0" addon="0" merge="0" rebuychips="0" reg_code="5090020291"/>
<player seat="3" name="FanteDiDenari" chips="590" dealer="0" win="75" bet="590" muck="1" rebuy="0" addon="0" merge="0" rebuychips="0" reg_code="5090019987"/>
</players>
</general>
<round no="0"><action no="1" player="FanteDiDenari" type="15" discard="1" dealt="1" sum="5"/>
<action no="2" player="Aomanuahi" type="15" discard="1" dealt="1" sum="5"/>
<action no="3" player="22vidi22" type="15" sum="5"/>
<action no="4" player="FanteDiDenari" type="1" discard="1" dealt="1" sum="15"/>
<action no="5" player="Aomanuahi" type="2" discard="1" dealt="1" sum="30"/>
</round>
<round no="1"><cards type="Pocket" player="FanteDiDenari">X X</cards>
<cards type="Pocket" player="Aomanuahi">X X</cards>
<cards type="Pocket" player="22vidi22">C5 C9</cards>
<action no="6" player="22vidi22" type="0" sum="0"/>
<action no="7" player="FanteDiDenari" type="23" discard="1" dealt="1" sum="585"/>
<action no="8" player="Aomanuahi" type="0" discard="1" dealt="1" sum="0"/>
</round>
</game>
<game gamecode="6597565643"><general>
<startdate>2026-01-17 01:56:56</startdate>
<round>1</round>
<failsafecounter/>
<players><player seat="10" name="22vidi22" chips="500" dealer="0" win="225" bet="500" muck="1" rebuy="0" addon="0" merge="0" rebuychips="0" reg_code="5090020291"/>
<player seat="3" name="FanteDiDenari" chips="630" dealer="1" win="0" bet="5" muck="1" rebuy="0" addon="0" merge="0" rebuychips="0" reg_code="5090019987"/>
<player seat="6" name="Aomanuahi" chips="370" dealer="0" win="0" bet="110" muck="1" rebuy="0" addon="0" merge="0" rebuychips="0" reg_code="5090020240"/>
</players>
</general>
<round no="0"><action no="1" player="Aomanuahi" type="15" discard="1" dealt="1" sum="5"/>
<action no="2" player="22vidi22" type="15" sum="5"/>
<action no="3" player="FanteDiDenari" type="15" discard="1" dealt="1" sum="5"/>
<action no="4" player="Aomanuahi" type="1" discard="1" dealt="1" sum="15"/>
<action no="5" player="22vidi22" type="2" sum="30"/>
</round>
<round no="1"><cards type="Pocket" player="FanteDiDenari">X X</cards>
<cards type="Pocket" player="Aomanuahi">X X</cards>
<cards type="Pocket" player="22vidi22">SK C5</cards>
<action no="6" player="FanteDiDenari" type="0" discard="1" dealt="1" sum="0"/>
<action no="7" player="Aomanuahi" type="3" discard="1" dealt="1" sum="15"/>
<action no="8" player="22vidi22" type="4" sum="0"/>
</round>
<round no="2"><cards type="Flop">S4 DJ S5</cards>
<action no="9" player="Aomanuahi" type="4" discard="1" dealt="1" sum="0"/>
<action no="10" player="22vidi22" type="4" sum="0"/>
</round>
<round no="3"><cards type="Turn">DK</cards>
<action no="11" player="Aomanuahi" type="5" discard="1" dealt="1" sum="75"/>
<action no="12" player="22vidi22" type="3" sum="75"/>
</round>
<round no="4"><cards type="River">S9</cards>
<action no="13" player="Aomanuahi" type="4" discard="1" dealt="1" sum="0"/>
<action no="14" player="22vidi22" type="5" sum="390"/>
<action no="15" player="Aomanuahi" type="0" discard="1" dealt="1" sum="0"/>
</round>
</game>
<game gamecode="6597568731"><general>
<startdate>2026-01-17 01:57:33</startdate>
<round>1</round>
<failsafecounter/>
<players><player seat="3" name="FanteDiDenari" chips="625" dealer="0" win="0" bet="45" muck="1" rebuy="0" addon="0" merge="0" rebuychips="0" reg_code="5090019987"/>
<player seat="6" name="Aomanuahi" chips="260" dealer="1" win="0" bet="260" muck="0" rebuy="0" addon="0" merge="0" rebuychips="0" reg_code="5090020240"/>
<player seat="10" name="22vidi22" chips="615" dealer="0" win="565" bet="615" muck="0" rebuy="0" addon="0" merge="0" rebuychips="0" reg_code="5090020291"/>
</players>
</general>
<round no="0"><action no="1" player="22vidi22" type="15" sum="5"/>
<action no="2" player="FanteDiDenari" type="15" discard="1" dealt="1" sum="5"/>
<action no="3" player="Aomanuahi" type="15" discard="1" dealt="1" sum="5"/>
<action no="4" player="22vidi22" type="1" sum="20"/>
<action no="5" player="FanteDiDenari" type="2" discard="1" dealt="1" sum="40"/>
</round>
<round no="1"><cards type="Pocket" player="FanteDiDenari">X X</cards>
<cards type="Pocket" player="22vidi22">CQ SA</cards>
<cards type="Pocket" player="Aomanuahi">S6 HK</cards>
<action no="6" player="Aomanuahi" type="23" discard="1" dealt="1" sum="255"/>
<action no="7" player="22vidi22" type="23" sum="610"/>
<action no="8" player="FanteDiDenari" type="0" discard="1" dealt="1" sum="0"/>
</round>
<round no="2"><cards type="Flop">CA D5 D9</cards>
</round>
<round no="3"><cards type="Turn">DK</cards>
</round>
<round no="4"><cards type="River">H5</cards>
</round>
</game>
<game gamecode="6597568823"><general>
<startdate>2026-01-17 01:57:52</startdate>
<round>1</round>
<failsafecounter/>
<players><player seat="3" name="FanteDiDenari" chips="580" dealer="0" win="0" bet="204" muck="1" rebuy="0" addon="0" merge="0" rebuychips="0" reg_code="5090019987"/>
<player seat="10" name="22vidi22" chips="920" dealer="1" win="408" bet="204" muck="0" rebuy="0" addon="0" merge="0" rebuychips="0" reg_code="5090020291"/>
</players>
</general>
<round no="0"><action no="1" player="22vidi22" type="15" sum="5"/>
<action no="2" player="FanteDiDenari" type="15" discard="1" dealt="1" sum="5"/>
<action no="3" player="22vidi22" type="1" sum="20"/>
<action no="4" player="FanteDiDenari" type="2" discard="1" dealt="1" sum="40"/>
</round>
<round no="1"><cards type="Pocket" player="22vidi22">HQ CQ</cards>
<cards type="Pocket" player="FanteDiDenari">H10 S8</cards>
<action no="5" player="22vidi22" type="3" sum="20"/>
<action no="6" player="FanteDiDenari" type="4" discard="1" dealt="1" sum="0"/>
</round>
<round no="2"><cards type="Flop">C9 C10 D9</cards>
<action no="7" player="FanteDiDenari" type="4" discard="1" dealt="1" sum="0"/>
<action no="8" player="22vidi22" type="5" sum="40"/>
<action no="9" player="FanteDiDenari" type="3" discard="1" dealt="1" sum="40"/>
</round>
<round no="3"><cards type="Turn">D6</cards>
<action no="10" player="FanteDiDenari" type="4" discard="1" dealt="1" sum="0"/>
<action no="11" player="22vidi22" type="4" sum="0"/>
</round>
<round no="4"><cards type="River">D2</cards>
<action no="12" player="FanteDiDenari" type="4" discard="1" dealt="1" sum="0"/>
<action no="13" player="22vidi22" type="5" sum="119"/>
<action no="14" player="FanteDiDenari" type="3" discard="1" dealt="1" sum="119"/>
</round>
</game>
<game gamecode="6597569012"><general>
<startdate>2026-01-17 01:58:33</startdate>
<round>1</round>
<failsafecounter/>
<players><player seat="10" name="22vidi22" chips="1,124" dealer="0" win="0" bet="45" muck="1" rebuy="0" addon="0" merge="0" rebuychips="0" reg_code="5090020291"/>
<player seat="3" name="FanteDiDenari" chips="376" dealer="1" win="90" bet="85" muck="1" rebuy="0" addon="0" merge="0" rebuychips="0" reg_code="5090019987"/>
</players>
</general>
<round no="0"><action no="1" player="FanteDiDenari" type="15" discard="1" dealt="1" sum="5"/>
<action no="2" player="22vidi22" type="15" sum="5"/>
<action no="3" player="FanteDiDenari" type="1" discard="1" dealt="1" sum="20"/>
<action no="4" player="22vidi22" type="2" sum="40"/>
</round>
<round no="1"><cards type="Pocket" player="FanteDiDenari">X X</cards>
<cards type="Pocket" player="22vidi22">CJ C3</cards>
<action no="5" player="FanteDiDenari" type="3" discard="1" dealt="1" sum="20"/>
<action no="6" player="22vidi22" type="4" sum="0"/>
</round>
<round no="2"><cards type="Flop">C2 H4 S10</cards>
<action no="7" player="22vidi22" type="4" sum="0"/>
<action no="8" player="FanteDiDenari" type="5" discard="1" dealt="1" sum="40"/>
<action no="9" player="22vidi22" type="0" sum="0"/>
</round>
</game>
<game gamecode="6597569081"><general>
<startdate>2026-01-17 01:58:46</startdate>
<round>1</round>
<failsafecounter/>
<players><player seat="3" name="FanteDiDenari" chips="421" dealer="0" win="90" bet="421" muck="1" rebuy="0" addon="0" merge="0" rebuychips="0" reg_code="5090019987"/>
<player seat="10" name="22vidi22" chips="1,079" dealer="1" win="0" bet="45" muck="1" rebuy="0" addon="0" merge="0" rebuychips="0" reg_code="5090020291"/>
</players>
</general>
<round no="0"><action no="1" player="22vidi22" type="15" sum="5"/>
<action no="2" player="FanteDiDenari" type="15" discard="1" dealt="1" sum="5"/>
<action no="3" player="22vidi22" type="1" sum="20"/>
<action no="4" player="FanteDiDenari" type="2" discard="1" dealt="1" sum="40"/>
</round>
<round no="1"><cards type="Pocket" player="22vidi22">SJ C8</cards>
<cards type="Pocket" player="FanteDiDenari">X X</cards>
<action no="5" player="22vidi22" type="3" sum="20"/>
<action no="6" player="FanteDiDenari" type="23" discard="1" dealt="1" sum="416"/>
<action no="7" player="22vidi22" type="0" sum="0"/>
</round>
</game>
<game gamecode="6597569127"><general>
<startdate>2026-01-17 01:58:57</startdate>
<round>1</round>
<failsafecounter/>
<players><player seat="10" name="22vidi22" chips="1,034" dealer="0" win="90" bet="1,034" muck="1" rebuy="0" addon="0" merge="0" rebuychips="0" reg_code="5090020291"/>
<player seat="3" name="FanteDiDenari" chips="466" dealer="1" win="0" bet="45" muck="1" rebuy="0" addon="0" merge="0" rebuychips="0" reg_code="5090019987"/>
</players>
</general>
<round no="0"><action no="1" player="FanteDiDenari" type="15" discard="1" dealt="1" sum="5"/>
<action no="2" player="22vidi22" type="15" sum="5"/>
<action no="3" player="FanteDiDenari" type="1" discard="1" dealt="1" sum="20"/>
<action no="4" player="22vidi22" type="2" sum="40"/>
</round>
<round no="1"><cards type="Pocket" player="FanteDiDenari">X X</cards>
<cards type="Pocket" player="22vidi22">S4 SA</cards>
<action no="5" player="FanteDiDenari" type="3" discard="1" dealt="1" sum="20"/>
<action no="6" player="22vidi22" type="23" sum="1,029"/>
<action no="7" player="FanteDiDenari" type="0" discard="1" dealt="1" sum="0"/>
</round>
</game>
<game gamecode="6597569190"><general>
<startdate>2026-01-17 01:59:09</startdate>
<round>1</round>
<failsafecounter/>
<players><player seat="3" name="FanteDiDenari" chips="421" dealer="0" win="0" bet="65" muck="1" rebuy="0" addon="0" merge="0" rebuychips="0" reg_code="5090019987"/>
<player seat="10" name="22vidi22" chips="1,079" dealer="1" win="130" bet="125" muck="1" rebuy="0" addon="0" merge="0" rebuychips="0" reg_code="5090020291"/>
</players>
</general>
<round no="0"><action no="1" player="22vidi22" type="15" sum="5"/>
<action no="2" player="FanteDiDenari" type="15" discard="1" dealt="1" sum="5"/>
<action no="3" player="22vidi22" type="1" sum="30"/>
<action no="4" player="FanteDiDenari" type="2" discard="1" dealt="1" sum="60"/>
</round>
<round no="1"><cards type="Pocket" player="22vidi22">SQ S4</cards>
<cards type="Pocket" player="FanteDiDenari">X X</cards>
<action no="5" player="22vidi22" type="3" sum="30"/>
<action no="6" player="FanteDiDenari" type="4" discard="1" dealt="1" sum="0"/>
</round>
<round no="2"><cards type="Flop">SA H7 C7</cards>
<action no="7" player="FanteDiDenari" type="4" discard="1" dealt="1" sum="0"/>
<action no="8" player="22vidi22" type="5" sum="60"/>
<action no="9" player="FanteDiDenari" type="0" discard="1" dealt="1" sum="0"/>
</round>
</game>
<game gamecode="6597569244"><general>
<startdate>2026-01-17 01:59:24</startdate>
<round>1</round>
<failsafecounter/>
<players><player seat="10" name="22vidi22" chips="1,144" dealer="0" win="0" bet="65" muck="1" rebuy="0" addon="0" merge="0" rebuychips="0" reg_code="5090020291"/>
<player seat="3" name="FanteDiDenari" chips="356" dealer="1" win="130" bet="356" muck="1" rebuy="0" addon="0" merge="0" rebuychips="0" reg_code="5090019987"/>
</players>
</general>
<round no="0"><action no="1" player="FanteDiDenari" type="15" discard="1" dealt="1" sum="5"/>
<action no="2" player="22vidi22" type="15" sum="5"/>
<action no="3" player="FanteDiDenari" type="1" discard="1" dealt="1" sum="30"/>
<action no="4" player="22vidi22" type="2" sum="60"/>
</round>
<round no="1"><cards type="Pocket" player="FanteDiDenari">X X</cards>
<cards type="Pocket" player="22vidi22">C5 S8</cards>
<action no="5" player="FanteDiDenari" type="23" discard="1" dealt="1" sum="351"/>
<action no="6" player="22vidi22" type="0" sum="0"/>
</round>
</game>
<game gamecode="6597569284"><general>
<startdate>2026-01-17 01:59:31</startdate>
<round>1</round>
<failsafecounter/>
<players><player seat="3" name="FanteDiDenari" chips="421" dealer="0" win="70" bet="65" muck="1" rebuy="0" addon="0" merge="0" rebuychips="0" reg_code="5090019987"/>
<player seat="10" name="22vidi22" chips="1,079" dealer="1" win="0" bet="35" muck="1" rebuy="0" addon="0" merge="0" rebuychips="0" reg_code="5090020291"/>
</players>
</general>
<round no="0"><action no="1" player="22vidi22" type="15" sum="5"/>
<action no="2" player="FanteDiDenari" type="15" discard="1" dealt="1" sum="5"/>
<action no="3" player="22vidi22" type="1" sum="30"/>
<action no="4" player="FanteDiDenari" type="2" discard="1" dealt="1" sum="60"/>
</round>
<round no="1"><cards type="Pocket" player="FanteDiDenari">X X</cards>
<cards type="Pocket" player="22vidi22">S9 D4</cards>
<action no="5" player="22vidi22" type="0" sum="0"/>
</round>
</game>
<game gamecode="6597569308"><general>
<startdate>2026-01-17 01:59:37</startdate>
<round>1</round>
<failsafecounter/>
<players><player seat="10" name="22vidi22" chips="1,044" dealer="0" win="250" bet="1,044" muck="1" rebuy="0" addon="0" merge="0" rebuychips="0" reg_code="5090020291"/>
<player seat="3" name="FanteDiDenari" chips="456" dealer="1" win="0" bet="125" muck="1" rebuy="0" addon="0" merge="0" rebuychips="0" reg_code="5090019987"/>
</players>
</general>
<round no="0"><action no="1" player="FanteDiDenari" type="15" discard="1" dealt="1" sum="5"/>
<action no="2" player="22vidi22" type="15" sum="5"/>
<action no="3" player="FanteDiDenari" type="1" discard="1" dealt="1" sum="30"/>
<action no="4" player="22vidi22" type="2" sum="60"/>
</round>
<round no="1"><cards type="Pocket" player="22vidi22">S4 C10</cards>
<cards type="Pocket" player="FanteDiDenari">X X</cards>
<action no="5" player="FanteDiDenari" type="3" discard="1" dealt="1" sum="30"/>
<action no="6" player="22vidi22" type="4" sum="0"/>
</round>
<round no="2"><cards type="Flop">H4 C2 D8</cards>
<action no="7" player="22vidi22" type="4" sum="0"/>
<action no="8" player="FanteDiDenari" type="5" discard="1" dealt="1" sum="60"/>
<action no="9" player="22vidi22" type="23" sum="979"/>
<action no="10" player="FanteDiDenari" type="0" discard="1" dealt="1" sum="0"/>
</round>
</game>
<game gamecode="6597569379"><general>
<startdate>2026-01-17 01:59:53</startdate>
<round>1</round>
<failsafecounter/>
<players><player seat="3" name="FanteDiDenari" chips="331" dealer="0" win="662" bet="331" muck="0" rebuy="0" addon="0" merge="0" rebuychips="0" reg_code="5090019987"/>
<player seat="10" name="22vidi22" chips="1,169" dealer="1" win="0" bet="1,169" muck="1" rebuy="0" addon="0" merge="0" rebuychips="0" reg_code="5090020291"/>
</players>
</general>
<round no="0"><action no="1" player="22vidi22" type="15" sum="5"/>
<action no="2" player="FanteDiDenari" type="15" discard="1" dealt="1" sum="5"/>
<action no="3" player="22vidi22" type="1" sum="30"/>
<action no="4" player="FanteDiDenari" type="2" discard="1" dealt="1" sum="60"/>
</round>
<round no="1"><cards type="Pocket" player="22vidi22">DJ H10</cards>
<cards type="Pocket" player="FanteDiDenari">H3 C3</cards>
<action no="5" player="22vidi22" type="23" sum="1,164"/>
<action no="6" player="FanteDiDenari" type="7" discard="1" dealt="1" sum="266"/>
</round>
<round no="2"><cards type="Flop">H5 D3 H4</cards>
</round>
<round no="3"><cards type="Turn">DK</cards>
</round>
<round no="4"><cards type="River">S4</cards>
</round>
</game>
<game gamecode="6597569454"><general>
<startdate>2026-01-17 02:00:09</startdate>
<round>1</round>
<failsafecounter/>
<players><player seat="10" name="22vidi22" chips="838" dealer="0" win="130" bet="838" muck="1" rebuy="0" addon="0" merge="0" rebuychips="0" reg_code="5090020291"/>
<player seat="3" name="FanteDiDenari" chips="662" dealer="1" win="0" bet="65" muck="1" rebuy="0" addon="0" merge="0" rebuychips="0" reg_code="5090019987"/>
</players>
</general>
<round no="0"><action no="1" player="FanteDiDenari" type="15" discard="1" dealt="1" sum="5"/>
<action no="2" player="22vidi22" type="15" sum="5"/>
<action no="3" player="FanteDiDenari" type="1" discard="1" dealt="1" sum="30"/>
<action no="4" player="22vidi22" type="2" sum="60"/>
</round>
<round no="1"><cards type="Pocket" player="22vidi22">SK C9</cards>
<cards type="Pocket" player="FanteDiDenari">X X</cards>
<action no="5" player="FanteDiDenari" type="3" discard="1" dealt="1" sum="30"/>
<action no="6" player="22vidi22" type="23" sum="833"/>
<action no="7" player="FanteDiDenari" type="0" discard="1" dealt="1" sum="0"/>
</round>
</game>
<game gamecode="6597569484"><general>
<startdate>2026-01-17 02:00:17</startdate>
<round>1</round>
<failsafecounter/>
<players><player seat="3" name="FanteDiDenari" chips="597" dealer="0" win="1,194" bet="597" muck="0" rebuy="0" addon="0" merge="0" rebuychips="0" reg_code="5090019987"/>
<player seat="10" name="22vidi22" chips="903" dealer="1" win="0" bet="903" muck="1" rebuy="0" addon="0" merge="0" rebuychips="0" reg_code="5090020291"/>
</players>
</general>
<round no="0"><action no="1" player="22vidi22" type="15" sum="5"/>
<action no="2" player="FanteDiDenari" type="15" discard="1" dealt="1" sum="5"/>
<action no="3" player="22vidi22" type="1" sum="30"/>
<action no="4" player="FanteDiDenari" type="2" discard="1" dealt="1" sum="60"/>
</round>
<round no="1"><cards type="Pocket" player="FanteDiDenari">HK C8</cards>
<cards type="Pocket" player="22vidi22">H9 DQ</cards>
<action no="5" player="22vidi22" type="23" sum="898"/>
<action no="6" player="FanteDiDenari" type="7" discard="1" dealt="1" sum="532"/>
</round>
<round no="2"><cards type="Flop">S6 S2 DK</cards>
</round>
<round no="3"><cards type="Turn">DA</cards>
</round>
<round no="4"><cards type="River">H3</cards>
</round>
</game>
<game gamecode="6597569547"><general>
<startdate>2026-01-17 02:00:32</startdate>
<round>1</round>
<failsafecounter/>
<players><player seat="10" name="22vidi22" chips="306" dealer="0" win="0" bet="306" muck="1" rebuy="0" addon="0" merge="0" rebuychips="0" reg_code="5090020291"/>
<player seat="3" name="FanteDiDenari" chips="1,194" dealer="1" win="612" bet="1,194" muck="0" rebuy="0" addon="0" merge="0" rebuychips="0" reg_code="5090019987"/>
</players>
</general>
<round no="0"><action no="1" player="FanteDiDenari" type="15" discard="1" dealt="1" sum="5"/>
<action no="2" player="22vidi22" type="15" sum="5"/>
<action no="3" player="FanteDiDenari" type="1" discard="1" dealt="1" sum="30"/>
<action no="4" player="22vidi22" type="2" sum="60"/>
</round>
<round no="1"><cards type="Pocket" player="FanteDiDenari">H10 SA</cards>
<cards type="Pocket" player="22vidi22">CQ C3</cards>
<action no="5" player="FanteDiDenari" type="23" discard="1" dealt="1" sum="1,189"/>
<action no="6" player="22vidi22" type="7" sum="241"/>
</round>
<round no="2"><cards type="Flop">D7 H5 DA</cards>
</round>
<round no="3"><cards type="Turn">S2</cards>
</round>
<round no="4"><cards type="River">D9</cards>
</round>
</game>
</session>
