<?xml version="1.0" encoding="UTF-8"?>
<session sessioncode="5090087898">
<general>
<client_version>24.7.1.15</client_version>
<mode>real</mode>
<gametype>Holdem NL</gametype>
<tablename>Twister €100 SNG, 826689716</tablename>
<tournamentcode>826689715</tournamentcode>
<tournamentname>Twister €100 SNG</tournamentname>
<buyin>€0 + €7 + €93</buyin>
<totalbuyin>€100</totalbuyin>
<rewarddrawn>€200</rewarddrawn>
<tournamentcurrency>EUR</tournamentcurrency>
<currency>EUR</currency>
<nickname>22vidi22</nickname>
<gamecount>8</gamecount>
<startdate>2026-01-17 12:35:02</startdate>
<place>3</place>
<win>€0</win>
<tablesize>3</tablesize>
</general>
<game gamecode="6597851839"><general>
<startdate>2026-01-17 12:35:17</startdate>
<round>1</round>
<failsafecounter/>
<players><player seat="10" name="LolloCausto" chips="500" dealer="0" win="20" bet="20" muck="1" rebuy="0" addon="0" merge="0" rebuychips="0" reg_code="5090087906"/>
<player seat="3" name="Ankalaev" chips="500" dealer="1" win="0" bet="0" muck="1" rebuy="0" addon="0" merge="0" rebuychips="0" reg_code="5090087284"/>
<player seat="6" name="22vidi22" chips="500" dealer="0" win="0" bet="10" muck="1" rebuy="0" addon="0" merge="0" rebuychips="0" reg_code="5090087898"/>
</players>
</general>
<round no="0"><action no="1" player="22vidi22" type="1" sum="10"/>
<action no="2" player="LolloCausto" type="2" discard="1" dealt="1" sum="20"/>
</round>
<round no="1"><cards type="Pocket" player="22vidi22">CJ H4</cards>
<cards type="Pocket" player="LolloCausto">X X</cards>
<cards type="Pocket" player="Ankalaev">X X</cards>
<action no="3" player="Ankalaev" type="0" discard="1" dealt="1" sum="0"/>
<action no="4" player="22vidi22" type="0" sum="0"/>
</round>
</game>
<game gamecode="6597851856"><general>
<startdate>2026-01-17 12:35:26</startdate>
<round>1</round>
<failsafecounter/>
<players><player seat="3" name="Ankalaev" chips="500" dealer="0" win="0" bet="145" muck="1" rebuy="0" addon="0" merge="0" rebuychips="0" reg_code="5090087284"/>
<player seat="6" name="22vidi22" chips="490" dealer="1" win="300" bet="295" muck="1" rebuy="0" addon="0" merge="0" rebuychips="0" reg_code="5090087898"/>
<player seat="10" name="LolloCausto" chips="510" dealer="0" win="0" bet="10" muck="1" rebuy="0" addon="0" merge="0" rebuychips="0" reg_code="5090087906"/>
</players>
</general>
<round no="0"><action no="1" player="LolloCausto" type="1" discard="1" dealt="1" sum="10"/>
<action no="2" player="Ankalaev" type="2" discard="1" dealt="1" sum="20"/>
</round>
<round no="1"><cards type="Pocket" player="22vidi22">H9 HQ</cards>
<cards type="Pocket" player="Ankalaev">X X</cards>
<cards type="Pocket" player="LolloCausto">X X</cards>
<action no="3" player="22vidi22" type="23" sum="40"/>
<action no="4" player="LolloCausto" type="0" discard="1" dealt="1" sum="0"/>
<action no="5" player="Ankalaev" type="3" discard="1" dealt="1" sum="20"/>
</round>
<round no="2"><cards type="Flop">H4 HJ D10</cards>
<action no="6" player="Ankalaev" type="4" discard="1" dealt="1" sum="0"/>
<action no="7" player="22vidi22" type="5" sum="30"/>
<action no="8" player="Ankalaev" type="3" discard="1" dealt="1" sum="30"/>
</round>
<round no="3"><cards type="Turn">H8</cards>
<action no="9" player="Ankalaev" type="4" discard="1" dealt="1" sum="0"/>
<action no="10" player="22vidi22" type="5" sum="75"/>
<action no="11" player="Ankalaev" type="3" discard="1" dealt="1" sum="75"/>
</round>
<round no="4"><cards type="River">C4</cards>
<action no="12" player="Ankalaev" type="4" discard="1" dealt="1" sum="0"/>
<action no="13" player="22vidi22" type="5" sum="150"/>
<action no="14" player="Ankalaev" type="0" discard="1" dealt="1" sum="0"/>
</round>
</game>
<game gamecode="6597851951"><general>
<startdate>2026-01-17 12:36:10</startdate>
<round>1</round>
<failsafecounter/>
<players><player seat="6" name="22vidi22" chips="645" dealer="0" win="0" bet="20" muck="1" rebuy="0" addon="0" merge="0" rebuychips="0" reg_code="5090087898"/>
<player seat="10" name="LolloCausto" chips="500" dealer="1" win="50" bet="40" muck="1" rebuy="0" addon="0" merge="0" rebuychips="0" reg_code="5090087906"/>
<player seat="3" name="Ankalaev" chips="355" dealer="0" win="0" bet="10" muck="1" rebuy="0" addon="0" merge="0" rebuychips="0" reg_code="5090087284"/>
</players>
</general>
<round no="0"><action no="1" player="Ankalaev" type="1" discard="1" dealt="1" sum="10"/>
<action no="2" player="22vidi22" type="2" sum="20"/>
</round>
<round no="1"><cards type="Pocket" player="LolloCausto">X X</cards>
<cards type="Pocket" player="22vidi22">SJ H6</cards>
<cards type="Pocket" player="Ankalaev">X X</cards>
<action no="3" player="LolloCausto" type="23" discard="1" dealt="1" sum="40"/>
<action no="4" player="Ankalaev" type="0" discard="1" dealt="1" sum="0"/>
<action no="5" player="22vidi22" type="0" sum="0"/>
</round>
</game>
<game gamecode="6597851980"><general>
<startdate>2026-01-17 12:36:24</startdate>
<round>1</round>
<failsafecounter/>
<players><player seat="10" name="LolloCausto" chips="530" dealer="0" win="0" bet="20" muck="1" rebuy="0" addon="0" merge="0" rebuychips="0" reg_code="5090087906"/>
<player seat="3" name="Ankalaev" chips="345" dealer="1" win="50" bet="40" muck="1" rebuy="0" addon="0" merge="0" rebuychips="0" reg_code="5090087284"/>
<player seat="6" name="22vidi22" chips="625" dealer="0" win="0" bet="10" muck="1" rebuy="0" addon="0" merge="0" rebuychips="0" reg_code="5090087898"/>
</players>
</general>
<round no="0"><action no="1" player="22vidi22" type="1" sum="10"/>
<action no="2" player="LolloCausto" type="2" discard="1" dealt="1" sum="20"/>
</round>
<round no="1"><cards type="Pocket" player="LolloCausto">X X</cards>
<cards type="Pocket" player="Ankalaev">X X</cards>
<cards type="Pocket" player="22vidi22">H4 D8</cards>
<action no="3" player="Ankalaev" type="23" discard="1" dealt="1" sum="40"/>
<action no="4" player="22vidi22" type="0" sum="0"/>
<action no="5" player="LolloCausto" type="0" discard="1" dealt="1" sum="0"/>
</round>
</game>
<game gamecode="6597852007"><general>
<startdate>2026-01-17 12:36:36</startdate>
<round>1</round>
<failsafecounter/>
<players><player seat="3" name="Ankalaev" chips="375" dealer="0" win="20" bet="20" muck="1" rebuy="0" addon="0" merge="0" rebuychips="0" reg_code="5090087284"/>
<player seat="6" name="22vidi22" chips="615" dealer="1" win="0" bet="0" muck="1" rebuy="0" addon="0" merge="0" rebuychips="0" reg_code="5090087898"/>
<player seat="10" name="LolloCausto" chips="510" dealer="0" win="0" bet="10" muck="1" rebuy="0" addon="0" merge="0" rebuychips="0" reg_code="5090087906"/>
</players>
</general>
<round no="0"><action no="1" player="LolloCausto" type="1" discard="1" dealt="1" sum="10"/>
<action no="2" player="Ankalaev" type="2" discard="1" dealt="1" sum="20"/>
</round>
<round no="1"><cards type="Pocket" player="Ankalaev">X X</cards>
<cards type="Pocket" player="LolloCausto">X X</cards>
<cards type="Pocket" player="22vidi22">S6 H4</cards>
<action no="3" player="22vidi22" type="0" sum="0"/>
<action no="4" player="LolloCausto" type="0" discard="1" dealt="1" sum="0"/>
</round>
</game>
<game gamecode="6597852050"><general>
<startdate>2026-01-17 12:36:51</startdate>
<round>1</round>
<failsafecounter/>
<players><player seat="6" name="22vidi22" chips="615" dealer="0" win="0" bet="385" muck="1" rebuy="0" addon="0" merge="0" rebuychips="0" reg_code="5090087898"/>
<player seat="10" name="LolloCausto" chips="500" dealer="1" win="0" bet="0" muck="1" rebuy="0" addon="0" merge="0" rebuychips="0" reg_code="5090087906"/>
<player seat="3" name="Ankalaev" chips="385" dealer="0" win="770" bet="385" muck="0" rebuy="0" addon="0" merge="0" rebuychips="0" reg_code="5090087284"/>
</players>
</general>
<round no="0"><action no="1" player="Ankalaev" type="1" discard="1" dealt="1" sum="10"/>
<action no="2" player="22vidi22" type="2" sum="20"/>
</round>
<round no="1"><cards type="Pocket" player="LolloCausto">X X</cards>
<cards type="Pocket" player="Ankalaev">S4 H4</cards>
<cards type="Pocket" player="22vidi22">CK SA</cards>
<action no="3" player="LolloCausto" type="0" discard="1" dealt="1" sum="0"/>
<action no="4" player="Ankalaev" type="23" discard="1" dealt="1" sum="385"/>
<action no="5" player="22vidi22" type="3" sum="365"/>
</round>
<round no="2"><cards type="Flop">HQ H5 H6</cards>
</round>
<round no="3"><cards type="Turn">H8</cards>
</round>
<round no="4"><cards type="River">C6</cards>
</round>
</game>
<game gamecode="6597856182"><general>
<startdate>2026-01-17 12:37:09</startdate>
<round>1</round>
<failsafecounter/>
<players><player seat="10" name="LolloCausto" chips="500" dealer="0" win="0" bet="35" muck="1" rebuy="0" addon="0" merge="0" rebuychips="0" reg_code="5090087906"/>
<player seat="3" name="Ankalaev" chips="770" dealer="1" win="90" bet="65" muck="1" rebuy="0" addon="0" merge="0" rebuychips="0" reg_code="5090087284"/>
<player seat="6" name="22vidi22" chips="230" dealer="0" win="0" bet="20" muck="1" rebuy="0" addon="0" merge="0" rebuychips="0" reg_code="5090087898"/>
</players>
</general>
<round no="0"><action no="1" player="22vidi22" type="15" sum="5"/>
<action no="2" player="LolloCausto" type="15" discard="1" dealt="1" sum="5"/>
<action no="3" player="Ankalaev" type="15" discard="1" dealt="1" sum="5"/>
<action no="4" player="22vidi22" type="1" sum="15"/>
<action no="5" player="LolloCausto" type="2" discard="1" dealt="1" sum="30"/>
</round>
<round no="1"><cards type="Pocket" player="LolloCausto">X X</cards>
<cards type="Pocket" player="Ankalaev">X X</cards>
<cards type="Pocket" player="22vidi22">D2 C7</cards>
<action no="6" player="Ankalaev" type="23" discard="1" dealt="1" sum="60"/>
<action no="7" player="22vidi22" type="0" sum="0"/>
<action no="8" player="LolloCausto" type="0" discard="1" dealt="1" sum="0"/>
</round>
</game>
<game gamecode="6597856215"><general>
<startdate>2026-01-17 12:37:18</startdate>
<round>1</round>
<failsafecounter/>
<players><player seat="3" name="Ankalaev" chips="825" dealer="0" win="0" bet="35" muck="1" rebuy="0" addon="0" merge="0" rebuychips="0" reg_code="5090087284"/>
<player seat="6" name="22vidi22" chips="210" dealer="1" win="0" bet="210" muck="0" rebuy="0" addon="0" merge="0" rebuychips="0" reg_code="5090087898"/>
<player seat="10" name="LolloCausto" chips="465" dealer="0" win="455" bet="465" muck="0" rebuy="0" addon="0" merge="0" rebuychips="0" reg_code="5090087906"/>
</players>
</general>
<round no="0"><action no="1" player="LolloCausto" type="15" discard="1" dealt="1" sum="5"/>
<action no="2" player="Ankalaev" type="15" discard="1" dealt="1" sum="5"/>
<action no="3" player="22vidi22" type="15" sum="5"/>
<action no="4" player="LolloCausto" type="1" discard="1" dealt="1" sum="15"/>
<action no="5" player="Ankalaev" type="2" discard="1" dealt="1" sum="30"/>
</round>
<round no="1"><cards type="Pocket" player="LolloCausto">HA C2</cards>
<cards type="Pocket" player="22vidi22">H10 CK</cards>
<cards type="Pocket" player="Ankalaev">X X</cards>
<action no="6" player="22vidi22" type="23" sum="60"/>
<action no="7" player="LolloCausto" type="23" discard="1" dealt="1" sum="460"/>
<action no="8" player="Ankalaev" type="0" discard="1" dealt="1" sum="0"/>
<action no="9" player="22vidi22" type="7" sum="145"/>
</round>
<round no="2"><cards type="Flop">H7 D3 D4</cards>
</round>
<round no="3"><cards type="Turn">C7</cards>
</round>
<round no="4"><cards type="River">S4</cards>
</round>
</game>
</session>
