<?xml version="1.0" encoding="UTF-8"?>
<session sessioncode="5091950958">
<general>
<client_version>24.7.1.15</client_version>
<mode>real</mode>
<gametype>Holdem NL</gametype>
<tablename>Twister €200 SNG, 827246584</tablename>
<tournamentcode>827246583</tournamentcode>
<tournamentname>Twister €200 SNG</tournamentname>
<buyin>€0 + €12 + €188</buyin>
<totalbuyin>€200</totalbuyin>
<rewarddrawn>€800</rewarddrawn>
<tournamentcurrency>EUR</tournamentcurrency>
<currency>EUR</currency>
<nickname>22vidi22</nickname>
<gamecount>15</gamecount>
<startdate>2026-01-24 10:57:55</startdate>
<place>2</place>
<win>€0</win>
<tablesize>3</tablesize>
</general>
<game gamecode="6605505749"><general>
<startdate>2026-01-24 10:58:10</startdate>
<round>1</round>
<failsafecounter/>
<players><player seat="3" name="Ankalaev" chips="500" dealer="0" win="0" bet="130" muck="1" rebuy="0" addon="0" merge="0" rebuychips="0" reg_code="5091947099"/>
<player seat="6" name="mocciolocaldo" chips="500" dealer="1" win="270" bet="130" muck="0" rebuy="0" addon="0" merge="0" rebuychips="0" reg_code="5091947162"/>
<player seat="10" name="22vidi22" chips="500" dealer="0" win="0" bet="10" muck="1" rebuy="0" addon="0" merge="0" rebuychips="0" reg_code="5091950958"/>
</players>
</general>
<round no="0"><action no="1" player="22vidi22" type="1" sum="10"/>
<action no="2" player="Ankalaev" type="2" discard="1" dealt="1" sum="20"/>
</round>
<round no="1"><cards type="Pocket" player="Ankalaev">DQ SJ</cards>
<cards type="Pocket" player="mocciolocaldo">DJ S10</cards>
<cards type="Pocket" player="22vidi22">D3 HJ</cards>
<action no="3" player="mocciolocaldo" type="23" discard="1" dealt="1" sum="40"/>
<action no="4" player="22vidi22" type="0" sum="0"/>
<action no="5" player="Ankalaev" type="3" discard="1" dealt="1" sum="20"/>
</round>
<round no="2"><cards type="Flop">D7 C8 S5</cards>
<action no="6" player="Ankalaev" type="4" discard="1" dealt="1" sum="0"/>
<action no="7" player="mocciolocaldo" type="4" discard="1" dealt="1" sum="0"/>
</round>
<round no="3"><cards type="Turn">D10</cards>
<action no="8" player="Ankalaev" type="5" discard="1" dealt="1" sum="90"/>
<action no="9" player="mocciolocaldo" type="3" discard="1" dealt="1" sum="90"/>
</round>
<round no="4"><cards type="River">SA</cards>
<action no="10" player="Ankalaev" type="4" discard="1" dealt="1" sum="0"/>
<action no="11" player="mocciolocaldo" type="4" discard="1" dealt="1" sum="0"/>
</round>
</game>
<game gamecode="6605505796"><general>
<startdate>2026-01-24 10:58:41</startdate>
<round>1</round>
<failsafecounter/>
<players><player seat="6" name="mocciolocaldo" chips="640" dealer="0" win="20" bet="20" muck="1" rebuy="0" addon="0" merge="0" rebuychips="0" reg_code="5091947162"/>
<player seat="10" name="22vidi22" chips="490" dealer="1" win="0" bet="0" muck="1" rebuy="0" addon="0" merge="0" rebuychips="0" reg_code="5091950958"/>
<player seat="3" name="Ankalaev" chips="370" dealer="0" win="0" bet="10" muck="1" rebuy="0" addon="0" merge="0" rebuychips="0" reg_code="5091947099"/>
</players>
</general>
<round no="0"><action no="1" player="Ankalaev" type="1" discard="1" dealt="1" sum="10"/>
<action no="2" player="mocciolocaldo" type="2" discard="1" dealt="1" sum="20"/>
</round>
<round no="1"><cards type="Pocket" player="Ankalaev">X X</cards>
<cards type="Pocket" player="22vidi22">H3 C5</cards>
<cards type="Pocket" player="mocciolocaldo">X X</cards>
<action no="3" player="22vidi22" type="0" sum="0"/>
<action no="4" player="Ankalaev" type="0" discard="1" dealt="1" sum="0"/>
</round>
</game>
<game gamecode="6605505805"><general>
<startdate>2026-01-24 10:58:48</startdate>
<round>1</round>
<failsafecounter/>
<players><player seat="10" name="22vidi22" chips="490" dealer="0" win="80" bet="80" muck="1" rebuy="0" addon="0" merge="0" rebuychips="0" reg_code="5091950958"/>
<player seat="3" name="Ankalaev" chips="360" dealer="1" win="0" bet="0" muck="1" rebuy="0" addon="0" merge="0" rebuychips="0" reg_code="5091947099"/>
<player seat="6" name="mocciolocaldo" chips="650" dealer="0" win="0" bet="40" muck="1" rebuy="0" addon="0" merge="0" rebuychips="0" reg_code="5091947162"/>
</players>
</general>
<round no="0"><action no="1" player="mocciolocaldo" type="1" discard="1" dealt="1" sum="10"/>
<action no="2" player="22vidi22" type="2" sum="20"/>
</round>
<round no="1"><cards type="Pocket" player="Ankalaev">X X</cards>
<cards type="Pocket" player="mocciolocaldo">X X</cards>
<cards type="Pocket" player="22vidi22">H3 SK</cards>
<action no="3" player="Ankalaev" type="0" discard="1" dealt="1" sum="0"/>
<action no="4" player="mocciolocaldo" type="3" discard="1" dealt="1" sum="10"/>
<action no="5" player="22vidi22" type="4" sum="0"/>
</round>
<round no="2"><cards type="Flop">SJ S9 S2</cards>
<action no="6" player="mocciolocaldo" type="5" discard="1" dealt="1" sum="20"/>
<action no="7" player="22vidi22" type="3" sum="20"/>
</round>
<round no="3"><cards type="Turn">HJ</cards>
<action no="8" player="mocciolocaldo" type="4" discard="1" dealt="1" sum="0"/>
<action no="9" player="22vidi22" type="5" sum="40"/>
<action no="10" player="mocciolocaldo" type="0" discard="1" dealt="1" sum="0"/>
</round>
</game>
<game gamecode="6605509412"><general>
<startdate>2026-01-24 10:59:28</startdate>
<round>1</round>
<failsafecounter/>
<players><player seat="3" name="Ankalaev" chips="360" dealer="0" win="0" bet="20" muck="1" rebuy="0" addon="0" merge="0" rebuychips="0" reg_code="5091947099"/>
<player seat="6" name="mocciolocaldo" chips="610" dealer="1" win="0" bet="0" muck="1" rebuy="0" addon="0" merge="0" rebuychips="0" reg_code="5091947162"/>
<player seat="10" name="22vidi22" chips="530" dealer="0" win="40" bet="40" muck="1" rebuy="0" addon="0" merge="0" rebuychips="0" reg_code="5091950958"/>
</players>
</general>
<round no="0"><action no="1" player="22vidi22" type="1" sum="10"/>
<action no="2" player="Ankalaev" type="2" discard="1" dealt="1" sum="20"/>
</round>
<round no="1"><cards type="Pocket" player="Ankalaev">X X</cards>
<cards type="Pocket" player="22vidi22">H8 HA</cards>
<cards type="Pocket" player="mocciolocaldo">X X</cards>
<action no="3" player="mocciolocaldo" type="0" discard="1" dealt="1" sum="0"/>
<action no="4" player="22vidi22" type="3" sum="10"/>
<action no="5" player="Ankalaev" type="4" discard="1" dealt="1" sum="0"/>
</round>
<round no="2"><cards type="Flop">C6 S8 CQ</cards>
<action no="6" player="22vidi22" type="4" sum="0"/>
<action no="7" player="Ankalaev" type="4" discard="1" dealt="1" sum="0"/>
</round>
<round no="3"><cards type="Turn">D3</cards>
<action no="8" player="22vidi22" type="5" sum="20"/>
<action no="9" player="Ankalaev" type="0" discard="1" dealt="1" sum="0"/>
</round>
</game>
<game gamecode="6605509428"><general>
<startdate>2026-01-24 10:59:51</startdate>
<round>1</round>
<failsafecounter/>
<players><player seat="6" name="mocciolocaldo" chips="610" dealer="0" win="0" bet="20" muck="1" rebuy="0" addon="0" merge="0" rebuychips="0" reg_code="5091947162"/>
<player seat="10" name="22vidi22" chips="550" dealer="1" win="50" bet="40" muck="1" rebuy="0" addon="0" merge="0" rebuychips="0" reg_code="5091950958"/>
<player seat="3" name="Ankalaev" chips="340" dealer="0" win="0" bet="10" muck="1" rebuy="0" addon="0" merge="0" rebuychips="0" reg_code="5091947099"/>
</players>
</general>
<round no="0"><action no="1" player="Ankalaev" type="1" discard="1" dealt="1" sum="10"/>
<action no="2" player="mocciolocaldo" type="2" discard="1" dealt="1" sum="20"/>
</round>
<round no="1"><cards type="Pocket" player="Ankalaev">X X</cards>
<cards type="Pocket" player="22vidi22">C10 SA</cards>
<cards type="Pocket" player="mocciolocaldo">X X</cards>
<action no="3" player="22vidi22" type="23" sum="40"/>
<action no="4" player="Ankalaev" type="0" discard="1" dealt="1" sum="0"/>
<action no="5" player="mocciolocaldo" type="0" discard="1" dealt="1" sum="0"/>
</round>
</game>
<game gamecode="6605509444"><general>
<startdate>2026-01-24 11:00:01</startdate>
<round>1</round>
<failsafecounter/>
<players><player seat="10" name="22vidi22" chips="580" dealer="0" win="0" bet="20" muck="1" rebuy="0" addon="0" merge="0" rebuychips="0" reg_code="5091950958"/>
<player seat="3" name="Ankalaev" chips="330" dealer="1" win="0" bet="40" muck="1" rebuy="0" addon="0" merge="0" rebuychips="0" reg_code="5091947099"/>
<player seat="6" name="mocciolocaldo" chips="590" dealer="0" win="100" bet="590" muck="1" rebuy="0" addon="0" merge="0" rebuychips="0" reg_code="5091947162"/>
</players>
</general>
<round no="0"><action no="1" player="mocciolocaldo" type="1" discard="1" dealt="1" sum="10"/>
<action no="2" player="22vidi22" type="2" sum="20"/>
</round>
<round no="1"><cards type="Pocket" player="Ankalaev">X X</cards>
<cards type="Pocket" player="22vidi22">CQ D6</cards>
<cards type="Pocket" player="mocciolocaldo">X X</cards>
<action no="3" player="Ankalaev" type="23" discard="1" dealt="1" sum="40"/>
<action no="4" player="mocciolocaldo" type="23" discard="1" dealt="1" sum="590"/>
<action no="5" player="22vidi22" type="0" sum="0"/>
<action no="6" player="Ankalaev" type="0" discard="1" dealt="1" sum="0"/>
</round>
</game>
<game gamecode="6605509459"><general>
<startdate>2026-01-24 11:00:15</startdate>
<round>1</round>
<failsafecounter/>
<players><player seat="3" name="Ankalaev" chips="290" dealer="0" win="0" bet="35" muck="1" rebuy="0" addon="0" merge="0" rebuychips="0" reg_code="5091947099"/>
<player seat="6" name="mocciolocaldo" chips="650" dealer="1" win="0" bet="5" muck="1" rebuy="0" addon="0" merge="0" rebuychips="0" reg_code="5091947162"/>
<player seat="10" name="22vidi22" chips="560" dealer="0" win="75" bet="560" muck="1" rebuy="0" addon="0" merge="0" rebuychips="0" reg_code="5091950958"/>
</players>
</general>
<round no="0"><action no="1" player="22vidi22" type="15" sum="5"/>
<action no="2" player="Ankalaev" type="15" discard="1" dealt="1" sum="5"/>
<action no="3" player="mocciolocaldo" type="15" discard="1" dealt="1" sum="5"/>
<action no="4" player="22vidi22" type="1" sum="15"/>
<action no="5" player="Ankalaev" type="2" discard="1" dealt="1" sum="30"/>
</round>
<round no="1"><cards type="Pocket" player="22vidi22">HA H8</cards>
<cards type="Pocket" player="mocciolocaldo">X X</cards>
<cards type="Pocket" player="Ankalaev">X X</cards>
<action no="6" player="mocciolocaldo" type="0" discard="1" dealt="1" sum="0"/>
<action no="7" player="22vidi22" type="23" sum="555"/>
<action no="8" player="Ankalaev" type="0" discard="1" dealt="1" sum="0"/>
</round>
</game>
<game gamecode="6605509469"><general>
<startdate>2026-01-24 11:00:24</startdate>
<round>1</round>
<failsafecounter/>
<players><player seat="6" name="mocciolocaldo" chips="645" dealer="0" win="515" bet="255" muck="0" rebuy="0" addon="0" merge="0" rebuychips="0" reg_code="5091947162"/>
<player seat="10" name="22vidi22" chips="600" dealer="1" win="0" bet="5" muck="1" rebuy="0" addon="0" merge="0" rebuychips="0" reg_code="5091950958"/>
<player seat="3" name="Ankalaev" chips="255" dealer="0" win="0" bet="255" muck="0" rebuy="0" addon="0" merge="0" rebuychips="0" reg_code="5091947099"/>
</players>
</general>
<round no="0"><action no="1" player="Ankalaev" type="15" discard="1" dealt="1" sum="5"/>
<action no="2" player="mocciolocaldo" type="15" discard="1" dealt="1" sum="5"/>
<action no="3" player="22vidi22" type="15" sum="5"/>
<action no="4" player="Ankalaev" type="1" discard="1" dealt="1" sum="15"/>
<action no="5" player="mocciolocaldo" type="2" discard="1" dealt="1" sum="30"/>
</round>
<round no="1"><cards type="Pocket" player="mocciolocaldo">DA S3</cards>
<cards type="Pocket" player="22vidi22">S4 S2</cards>
<cards type="Pocket" player="Ankalaev">DJ C7</cards>
<action no="6" player="22vidi22" type="0" sum="0"/>
<action no="7" player="Ankalaev" type="23" discard="1" dealt="1" sum="250"/>
<action no="8" player="mocciolocaldo" type="3" discard="1" dealt="1" sum="220"/>
</round>
<round no="2"><cards type="Flop">D3 C9 C2</cards>
</round>
<round no="3"><cards type="Turn">H6</cards>
</round>
<round no="4"><cards type="River">D9</cards>
</round>
</game>
<game gamecode="6605509494"><general>
<startdate>2026-01-24 11:00:46</startdate>
<round>1</round>
<failsafecounter/>
<players><player seat="10" name="22vidi22" chips="595" dealer="0" win="70" bet="125" muck="1" rebuy="0" addon="0" merge="0" rebuychips="0" reg_code="5091950958"/>
<player seat="6" name="mocciolocaldo" chips="905" dealer="1" win="0" bet="35" muck="1" rebuy="0" addon="0" merge="0" rebuychips="0" reg_code="5091947162"/>
</players>
</general>
<round no="0"><action no="1" player="mocciolocaldo" type="15" discard="1" dealt="1" sum="5"/>
<action no="2" player="22vidi22" type="15" sum="5"/>
<action no="3" player="mocciolocaldo" type="1" discard="1" dealt="1" sum="15"/>
<action no="4" player="22vidi22" type="2" sum="30"/>
</round>
<round no="1"><cards type="Pocket" player="mocciolocaldo">X X</cards>
<cards type="Pocket" player="22vidi22">C2 DA</cards>
<action no="5" player="mocciolocaldo" type="3" discard="1" dealt="1" sum="15"/>
<action no="6" player="22vidi22" type="23" sum="120"/>
<action no="7" player="mocciolocaldo" type="0" discard="1" dealt="1" sum="0"/>
</round>
</game>
<game gamecode="6605509506"><general>
<startdate>2026-01-24 11:00:55</startdate>
<round>1</round>
<failsafecounter/>
<players><player seat="6" name="mocciolocaldo" chips="870" dealer="0" win="0" bet="65" muck="1" rebuy="0" addon="0" merge="0" rebuychips="0" reg_code="5091947162"/>
<player seat="10" name="22vidi22" chips="630" dealer="1" win="130" bet="156" muck="1" rebuy="0" addon="0" merge="0" rebuychips="0" reg_code="5091950958"/>
</players>
</general>
<round no="0"><action no="1" player="22vidi22" type="15" sum="5"/>
<action no="2" player="mocciolocaldo" type="15" discard="1" dealt="1" sum="5"/>
<action no="3" player="22vidi22" type="1" sum="15"/>
<action no="4" player="mocciolocaldo" type="2" discard="1" dealt="1" sum="30"/>
</round>
<round no="1"><cards type="Pocket" player="22vidi22">CK H5</cards>
<cards type="Pocket" player="mocciolocaldo">X X</cards>
<action no="5" player="22vidi22" type="3" sum="15"/>
<action no="6" player="mocciolocaldo" type="4" discard="1" dealt="1" sum="0"/>
</round>
<round no="2"><cards type="Flop">C4 DK SJ</cards>
<action no="7" player="mocciolocaldo" type="4" discard="1" dealt="1" sum="0"/>
<action no="8" player="22vidi22" type="5" sum="30"/>
<action no="9" player="mocciolocaldo" type="3" discard="1" dealt="1" sum="30"/>
</round>
<round no="3"><cards type="Turn">S2</cards>
<action no="10" player="mocciolocaldo" type="4" discard="1" dealt="1" sum="0"/>
<action no="11" player="22vidi22" type="4" sum="0"/>
</round>
<round no="4"><cards type="River">C5</cards>
<action no="12" player="mocciolocaldo" type="4" discard="1" dealt="1" sum="0"/>
<action no="13" player="22vidi22" type="5" sum="91"/>
<action no="14" player="mocciolocaldo" type="0" discard="1" dealt="1" sum="0"/>
</round>
</game>
<game gamecode="6605509547"><general>
<startdate>2026-01-24 11:01:32</startdate>
<round>1</round>
<failsafecounter/>
<players><player seat="10" name="22vidi22" chips="695" dealer="0" win="0" bet="81" muck="1" rebuy="0" addon="0" merge="0" rebuychips="0" reg_code="5091950958"/>
<player seat="6" name="mocciolocaldo" chips="805" dealer="1" win="162" bet="190" muck="1" rebuy="0" addon="0" merge="0" rebuychips="0" reg_code="5091947162"/>
</players>
</general>
<round no="0"><action no="1" player="mocciolocaldo" type="15" discard="1" dealt="1" sum="5"/>
<action no="2" player="22vidi22" type="15" sum="5"/>
<action no="3" player="mocciolocaldo" type="1" discard="1" dealt="1" sum="15"/>
<action no="4" player="22vidi22" type="2" sum="30"/>
</round>
<round no="1"><cards type="Pocket" player="22vidi22">HQ S6</cards>
<cards type="Pocket" player="mocciolocaldo">X X</cards>
<action no="5" player="mocciolocaldo" type="3" discard="1" dealt="1" sum="15"/>
<action no="6" player="22vidi22" type="4" sum="0"/>
</round>
<round no="2"><cards type="Flop">S2 H5 C4</cards>
<action no="7" player="22vidi22" type="4" sum="0"/>
<action no="8" player="mocciolocaldo" type="5" discard="1" dealt="1" sum="46"/>
<action no="9" player="22vidi22" type="3" sum="46"/>
</round>
<round no="3"><cards type="Turn">C5</cards>
<action no="10" player="22vidi22" type="4" sum="0"/>
<action no="11" player="mocciolocaldo" type="5" discard="1" dealt="1" sum="109"/>
<action no="12" player="22vidi22" type="0" sum="0"/>
</round>
</game>
<game gamecode="6605509579"><general>
<startdate>2026-01-24 11:01:56</startdate>
<round>1</round>
<failsafecounter/>
<players><player seat="6" name="mocciolocaldo" chips="886" dealer="0" win="270" bet="270" muck="1" rebuy="0" addon="0" merge="0" rebuychips="0" reg_code="5091947162"/>
<player seat="10" name="22vidi22" chips="614" dealer="1" win="0" bet="135" muck="1" rebuy="0" addon="0" merge="0" rebuychips="0" reg_code="5091950958"/>
</players>
</general>
<round no="0"><action no="1" player="22vidi22" type="15" sum="5"/>
<action no="2" player="mocciolocaldo" type="15" discard="1" dealt="1" sum="5"/>
<action no="3" player="22vidi22" type="1" sum="15"/>
<action no="4" player="mocciolocaldo" type="2" discard="1" dealt="1" sum="30"/>
</round>
<round no="1"><cards type="Pocket" player="mocciolocaldo">X X</cards>
<cards type="Pocket" player="22vidi22">D5 C7</cards>
<action no="5" player="22vidi22" type="3" sum="15"/>
<action no="6" player="mocciolocaldo" type="4" discard="1" dealt="1" sum="0"/>
</round>
<round no="2"><cards type="Flop">C4 C10 S6</cards>
<action no="7" player="mocciolocaldo" type="4" discard="1" dealt="1" sum="0"/>
<action no="8" player="22vidi22" type="5" sum="30"/>
<action no="9" player="mocciolocaldo" type="23" discard="1" dealt="1" sum="100"/>
<action no="10" player="22vidi22" type="3" sum="70"/>
</round>
<round no="3"><cards type="Turn">H6</cards>
<action no="11" player="mocciolocaldo" type="5" discard="1" dealt="1" sum="135"/>
<action no="12" player="22vidi22" type="0" sum="0"/>
</round>
</game>
<game gamecode="6605509636"><general>
<startdate>2026-01-24 11:02:34</startdate>
<round>1</round>
<failsafecounter/>
<players><player seat="10" name="22vidi22" chips="479" dealer="0" win="0" bet="45" muck="1" rebuy="0" addon="0" merge="0" rebuychips="0" reg_code="5091950958"/>
<player seat="6" name="mocciolocaldo" chips="1,021" dealer="1" win="90" bet="85" muck="1" rebuy="0" addon="0" merge="0" rebuychips="0" reg_code="5091947162"/>
</players>
</general>
<round no="0"><action no="1" player="mocciolocaldo" type="15" discard="1" dealt="1" sum="5"/>
<action no="2" player="22vidi22" type="15" sum="5"/>
<action no="3" player="mocciolocaldo" type="1" discard="1" dealt="1" sum="20"/>
<action no="4" player="22vidi22" type="2" sum="40"/>
</round>
<round no="1"><cards type="Pocket" player="22vidi22">D8 DJ</cards>
<cards type="Pocket" player="mocciolocaldo">X X</cards>
<action no="5" player="mocciolocaldo" type="3" discard="1" dealt="1" sum="20"/>
<action no="6" player="22vidi22" type="4" sum="0"/>
</round>
<round no="2"><cards type="Flop">H7 SQ C7</cards>
<action no="7" player="22vidi22" type="4" sum="0"/>
<action no="8" player="mocciolocaldo" type="5" discard="1" dealt="1" sum="40"/>
<action no="9" player="22vidi22" type="0" sum="0"/>
</round>
</game>
<game gamecode="6605509651"><general>
<startdate>2026-01-24 11:02:45</startdate>
<round>1</round>
<failsafecounter/>
<players><player seat="6" name="mocciolocaldo" chips="1,066" dealer="0" win="50" bet="45" muck="1" rebuy="0" addon="0" merge="0" rebuychips="0" reg_code="5091947162"/>
<player seat="10" name="22vidi22" chips="434" dealer="1" win="0" bet="25" muck="1" rebuy="0" addon="0" merge="0" rebuychips="0" reg_code="5091950958"/>
</players>
</general>
<round no="0"><action no="1" player="22vidi22" type="15" sum="5"/>
<action no="2" player="mocciolocaldo" type="15" discard="1" dealt="1" sum="5"/>
<action no="3" player="22vidi22" type="1" sum="20"/>
<action no="4" player="mocciolocaldo" type="2" discard="1" dealt="1" sum="40"/>
</round>
<round no="1"><cards type="Pocket" player="mocciolocaldo">X X</cards>
<cards type="Pocket" player="22vidi22">H5 C9</cards>
<action no="5" player="22vidi22" type="0" sum="0"/>
</round>
</game>
<game gamecode="6605509661"><general>
<startdate>2026-01-24 11:02:51</startdate>
<round>1</round>
<failsafecounter/>
<players><player seat="10" name="22vidi22" chips="409" dealer="0" win="0" bet="409" muck="0" rebuy="0" addon="0" merge="0" rebuychips="0" reg_code="5091950958"/>
<player seat="6" name="mocciolocaldo" chips="1,091" dealer="1" win="818" bet="409" muck="0" rebuy="0" addon="0" merge="0" rebuychips="0" reg_code="5091947162"/>
</players>
</general>
<round no="0"><action no="1" player="mocciolocaldo" type="15" discard="1" dealt="1" sum="5"/>
<action no="2" player="22vidi22" type="15" sum="5"/>
<action no="3" player="mocciolocaldo" type="1" discard="1" dealt="1" sum="20"/>
<action no="4" player="22vidi22" type="2" sum="40"/>
</round>
<round no="1"><cards type="Pocket" player="22vidi22">D5 H5</cards>
<cards type="Pocket" player="mocciolocaldo">HJ D10</cards>
<action no="5" player="mocciolocaldo" type="3" discard="1" dealt="1" sum="20"/>
<action no="6" player="22vidi22" type="23" sum="404"/>
<action no="7" player="mocciolocaldo" type="3" discard="1" dealt="1" sum="364"/>
</round>
<round no="2"><cards type="Flop">SQ HA HK</cards>
</round>
<round no="3"><cards type="Turn">DQ</cards>
</round>
<round no="4"><cards type="River">DJ</cards>
</round>
</game>
</session>
