<?xml version="1.0" encoding="UTF-8"?>
<session sessioncode="5091682531">
<general>
<client_version>24.7.1.15</client_version>
<mode>real</mode>
<gametype>Holdem NL</gametype>
<tablename>Twister €100 SNG, 827170069</tablename>
<tournamentcode>827170068</tournamentcode>
<tournamentname>Twister €100 SNG</tournamentname>
<buyin>€0 + €7 + €93</buyin>
<totalbuyin>€100</totalbuyin>
<rewarddrawn>€200</rewarddrawn>
<tournamentcurrency>EUR</tournamentcurrency>
<currency>EUR</currency>
<nickname>22vidi22</nickname>
<gamecount>22</gamecount>
<startdate>2026-01-23 11:10:30</startdate>
<place>2</place>
<win>€0</win>
<tablesize>3</tablesize>
</general>
<game gamecode="6604419747"><general>
<startdate>2026-01-23 11:10:46</startdate>
<round>1</round>
<failsafecounter/>
<players><player seat="6" name="Ankalaev" chips="500" dealer="0" win="20" bet="20" muck="1" rebuy="0" addon="0" merge="0" rebuychips="0" reg_code="5091681980"/>
<player seat="10" name="22vidi22" chips="500" dealer="1" win="0" bet="0" muck="1" rebuy="0" addon="0" merge="0" rebuychips="0" reg_code="5091682531"/>
<player seat="3" name="xiuder0nn17" chips="500" dealer="0" win="0" bet="10" muck="1" rebuy="0" addon="0" merge="0" rebuychips="0" reg_code="5091681644"/>
</players>
</general>
<round no="0"><action no="1" player="xiuder0nn17" type="1" discard="1" dealt="1" sum="10"/>
<action no="2" player="Ankalaev" type="2" discard="1" dealt="1" sum="20"/>
</round>
<round no="1"><cards type="Pocket" player="22vidi22">C8 H7</cards>
<cards type="Pocket" player="xiuder0nn17">X X</cards>
<cards type="Pocket" player="Ankalaev">X X</cards>
<action no="3" player="22vidi22" type="0" sum="0"/>
<action no="4" player="xiuder0nn17" type="0" discard="1" dealt="1" sum="0"/>
</round>
</game>
<game gamecode="6604419755"><general>
<startdate>2026-01-23 11:10:52</startdate>
<round>1</round>
<failsafecounter/>
<players><player seat="10" name="22vidi22" chips="500" dealer="0" win="160" bet="160" muck="1" rebuy="0" addon="0" merge="0" rebuychips="0" reg_code="5091682531"/>
<player seat="3" name="xiuder0nn17" chips="490" dealer="1" win="0" bet="0" muck="1" rebuy="0" addon="0" merge="0" rebuychips="0" reg_code="5091681644"/>
<player seat="6" name="Ankalaev" chips="510" dealer="0" win="0" bet="80" muck="1" rebuy="0" addon="0" merge="0" rebuychips="0" reg_code="5091681980"/>
</players>
</general>
<round no="0"><action no="1" player="Ankalaev" type="1" discard="1" dealt="1" sum="10"/>
<action no="2" player="22vidi22" type="2" sum="20"/>
</round>
<round no="1"><cards type="Pocket" player="xiuder0nn17">X X</cards>
<cards type="Pocket" player="22vidi22">CK H10</cards>
<cards type="Pocket" player="Ankalaev">X X</cards>
<action no="3" player="xiuder0nn17" type="0" discard="1" dealt="1" sum="0"/>
<action no="4" player="Ankalaev" type="3" discard="1" dealt="1" sum="10"/>
<action no="5" player="22vidi22" type="23" sum="60"/>
<action no="6" player="Ankalaev" type="3" discard="1" dealt="1" sum="40"/>
</round>
<round no="2"><cards type="Flop">S2 SQ C10</cards>
<action no="7" player="Ankalaev" type="4" discard="1" dealt="1" sum="0"/>
<action no="8" player="22vidi22" type="5" sum="20"/>
<action no="9" player="Ankalaev" type="3" discard="1" dealt="1" sum="20"/>
</round>
<round no="3"><cards type="Turn">C5</cards>
<action no="10" player="Ankalaev" type="4" discard="1" dealt="1" sum="0"/>
<action no="11" player="22vidi22" type="4" sum="0"/>
</round>
<round no="4"><cards type="River">H8</cards>
<action no="12" player="Ankalaev" type="4" discard="1" dealt="1" sum="0"/>
<action no="13" player="22vidi22" type="5" sum="80"/>
<action no="14" player="Ankalaev" type="0" discard="1" dealt="1" sum="0"/>
</round>
</game>
<game gamecode="6604419818"><general>
<startdate>2026-01-23 11:11:38</startdate>
<round>1</round>
<failsafecounter/>
<players><player seat="3" name="xiuder0nn17" chips="490" dealer="0" win="214" bet="490" muck="1" rebuy="0" addon="0" merge="0" rebuychips="0" reg_code="5091681644"/>
<player seat="6" name="Ankalaev" chips="430" dealer="1" win="0" bet="102" muck="1" rebuy="0" addon="0" merge="0" rebuychips="0" reg_code="5091681980"/>
<player seat="10" name="22vidi22" chips="580" dealer="0" win="0" bet="10" muck="1" rebuy="0" addon="0" merge="0" rebuychips="0" reg_code="5091682531"/>
</players>
</general>
<round no="0"><action no="1" player="22vidi22" type="1" sum="10"/>
<action no="2" player="xiuder0nn17" type="2" discard="1" dealt="1" sum="20"/>
</round>
<round no="1"><cards type="Pocket" player="22vidi22">DK S7</cards>
<cards type="Pocket" player="Ankalaev">X X</cards>
<cards type="Pocket" player="xiuder0nn17">X X</cards>
<action no="3" player="Ankalaev" type="23" discard="1" dealt="1" sum="40"/>
<action no="4" player="22vidi22" type="0" sum="0"/>
<action no="5" player="xiuder0nn17" type="3" discard="1" dealt="1" sum="20"/>
</round>
<round no="2"><cards type="Flop">D10 D9 C6</cards>
<action no="6" player="xiuder0nn17" type="4" discard="1" dealt="1" sum="0"/>
<action no="7" player="Ankalaev" type="4" discard="1" dealt="1" sum="0"/>
</round>
<round no="3"><cards type="Turn">D5</cards>
<action no="8" player="xiuder0nn17" type="5" discard="1" dealt="1" sum="62"/>
<action no="9" player="Ankalaev" type="3" discard="1" dealt="1" sum="62"/>
</round>
<round no="4"><cards type="River">C9</cards>
<action no="10" player="xiuder0nn17" type="5" discard="1" dealt="1" sum="388"/>
<action no="11" player="Ankalaev" type="0" discard="1" dealt="1" sum="0"/>
</round>
</game>
<game gamecode="6604419881"><general>
<startdate>2026-01-23 11:12:18</startdate>
<round>1</round>
<failsafecounter/>
<players><player seat="6" name="Ankalaev" chips="328" dealer="0" win="0" bet="20" muck="1" rebuy="0" addon="0" merge="0" rebuychips="0" reg_code="5091681980"/>
<player seat="10" name="22vidi22" chips="570" dealer="1" win="50" bet="40" muck="1" rebuy="0" addon="0" merge="0" rebuychips="0" reg_code="5091682531"/>
<player seat="3" name="xiuder0nn17" chips="602" dealer="0" win="0" bet="10" muck="1" rebuy="0" addon="0" merge="0" rebuychips="0" reg_code="5091681644"/>
</players>
</general>
<round no="0"><action no="1" player="xiuder0nn17" type="1" discard="1" dealt="1" sum="10"/>
<action no="2" player="Ankalaev" type="2" discard="1" dealt="1" sum="20"/>
</round>
<round no="1"><cards type="Pocket" player="22vidi22">S9 HK</cards>
<cards type="Pocket" player="xiuder0nn17">X X</cards>
<cards type="Pocket" player="Ankalaev">X X</cards>
<action no="3" player="22vidi22" type="23" sum="40"/>
<action no="4" player="xiuder0nn17" type="0" discard="1" dealt="1" sum="0"/>
<action no="5" player="Ankalaev" type="0" discard="1" dealt="1" sum="0"/>
</round>
</game>
<game gamecode="6604419894"><general>
<startdate>2026-01-23 11:12:30</startdate>
<round>1</round>
<failsafecounter/>
<players><player seat="10" name="22vidi22" chips="600" dealer="0" win="0" bet="35" muck="1" rebuy="0" addon="0" merge="0" rebuychips="0" reg_code="5091682531"/>
<player seat="3" name="xiuder0nn17" chips="592" dealer="1" win="90" bet="592" muck="1" rebuy="0" addon="0" merge="0" rebuychips="0" reg_code="5091681644"/>
<player seat="6" name="Ankalaev" chips="308" dealer="0" win="0" bet="20" muck="1" rebuy="0" addon="0" merge="0" rebuychips="0" reg_code="5091681980"/>
</players>
</general>
<round no="0"><action no="1" player="Ankalaev" type="15" discard="1" dealt="1" sum="5"/>
<action no="2" player="22vidi22" type="15" sum="5"/>
<action no="3" player="xiuder0nn17" type="15" discard="1" dealt="1" sum="5"/>
<action no="4" player="Ankalaev" type="1" discard="1" dealt="1" sum="15"/>
<action no="5" player="22vidi22" type="2" sum="30"/>
</round>
<round no="1"><cards type="Pocket" player="xiuder0nn17">X X</cards>
<cards type="Pocket" player="Ankalaev">X X</cards>
<cards type="Pocket" player="22vidi22">H5 C9</cards>
<action no="6" player="xiuder0nn17" type="23" discard="1" dealt="1" sum="587"/>
<action no="7" player="Ankalaev" type="0" discard="1" dealt="1" sum="0"/>
<action no="8" player="22vidi22" type="0" sum="0"/>
</round>
</game>
<game gamecode="6604419915"><general>
<startdate>2026-01-23 11:12:41</startdate>
<round>1</round>
<failsafecounter/>
<players><player seat="3" name="xiuder0nn17" chips="647" dealer="0" win="45" bet="35" muck="1" rebuy="0" addon="0" merge="0" rebuychips="0" reg_code="5091681644"/>
<player seat="6" name="Ankalaev" chips="288" dealer="1" win="0" bet="5" muck="1" rebuy="0" addon="0" merge="0" rebuychips="0" reg_code="5091681980"/>
<player seat="10" name="22vidi22" chips="565" dealer="0" win="0" bet="20" muck="1" rebuy="0" addon="0" merge="0" rebuychips="0" reg_code="5091682531"/>
</players>
</general>
<round no="0"><action no="1" player="22vidi22" type="15" sum="5"/>
<action no="2" player="xiuder0nn17" type="15" discard="1" dealt="1" sum="5"/>
<action no="3" player="Ankalaev" type="15" discard="1" dealt="1" sum="5"/>
<action no="4" player="22vidi22" type="1" sum="15"/>
<action no="5" player="xiuder0nn17" type="2" discard="1" dealt="1" sum="30"/>
</round>
<round no="1"><cards type="Pocket" player="xiuder0nn17">X X</cards>
<cards type="Pocket" player="22vidi22">S5 D9</cards>
<cards type="Pocket" player="Ankalaev">X X</cards>
<action no="6" player="Ankalaev" type="0" discard="1" dealt="1" sum="0"/>
<action no="7" player="22vidi22" type="0" sum="0"/>
</round>
</game>
<game gamecode="6604419932"><general>
<startdate>2026-01-23 11:12:50</startdate>
<round>1</round>
<failsafecounter/>
<players><player seat="6" name="Ankalaev" chips="283" dealer="0" win="571" bet="283" muck="0" rebuy="0" addon="0" merge="0" rebuychips="0" reg_code="5091681980"/>
<player seat="10" name="22vidi22" chips="545" dealer="1" win="0" bet="5" muck="1" rebuy="0" addon="0" merge="0" rebuychips="0" reg_code="5091682531"/>
<player seat="3" name="xiuder0nn17" chips="672" dealer="0" win="0" bet="672" muck="0" rebuy="0" addon="0" merge="0" rebuychips="0" reg_code="5091681644"/>
</players>
</general>
<round no="0"><action no="1" player="xiuder0nn17" type="15" discard="1" dealt="1" sum="5"/>
<action no="2" player="Ankalaev" type="15" discard="1" dealt="1" sum="5"/>
<action no="3" player="22vidi22" type="15" sum="5"/>
<action no="4" player="xiuder0nn17" type="1" discard="1" dealt="1" sum="15"/>
<action no="5" player="Ankalaev" type="2" discard="1" dealt="1" sum="30"/>
</round>
<round no="1"><cards type="Pocket" player="xiuder0nn17">CQ DQ</cards>
<cards type="Pocket" player="Ankalaev">H9 S2</cards>
<cards type="Pocket" player="22vidi22">H8 C10</cards>
<action no="6" player="22vidi22" type="0" sum="0"/>
<action no="7" player="xiuder0nn17" type="3" discard="1" dealt="1" sum="15"/>
<action no="8" player="Ankalaev" type="4" discard="1" dealt="1" sum="0"/>
</round>
<round no="2"><cards type="Flop">S6 C7 C9</cards>
<action no="9" player="xiuder0nn17" type="5" discard="1" dealt="1" sum="51"/>
<action no="10" player="Ankalaev" type="3" discard="1" dealt="1" sum="51"/>
</round>
<round no="3"><cards type="Turn">D9</cards>
<action no="11" player="xiuder0nn17" type="4" discard="1" dealt="1" sum="0"/>
<action no="12" player="Ankalaev" type="5" discard="1" dealt="1" sum="88"/>
<action no="13" player="xiuder0nn17" type="23" discard="1" dealt="1" sum="586"/>
<action no="14" player="Ankalaev" type="7" discard="1" dealt="1" sum="109"/>
</round>
<round no="4"><cards type="River">H7</cards>
</round>
</game>
<game gamecode="6604420010"><general>
<startdate>2026-01-23 11:13:39</startdate>
<round>1</round>
<failsafecounter/>
<players><player seat="10" name="22vidi22" chips="540" dealer="0" win="75" bet="35" muck="0" rebuy="0" addon="0" merge="0" rebuychips="0" reg_code="5091682531"/>
<player seat="3" name="xiuder0nn17" chips="389" dealer="1" win="0" bet="5" muck="1" rebuy="0" addon="0" merge="0" rebuychips="0" reg_code="5091681644"/>
<player seat="6" name="Ankalaev" chips="571" dealer="0" win="0" bet="35" muck="1" rebuy="0" addon="0" merge="0" rebuychips="0" reg_code="5091681980"/>
</players>
</general>
<round no="0"><action no="1" player="Ankalaev" type="15" discard="1" dealt="1" sum="5"/>
<action no="2" player="22vidi22" type="15" sum="5"/>
<action no="3" player="xiuder0nn17" type="15" discard="1" dealt="1" sum="5"/>
<action no="4" player="Ankalaev" type="1" discard="1" dealt="1" sum="15"/>
<action no="5" player="22vidi22" type="2" sum="30"/>
</round>
<round no="1"><cards type="Pocket" player="22vidi22">C4 SA</cards>
<cards type="Pocket" player="Ankalaev">SQ C2</cards>
<cards type="Pocket" player="xiuder0nn17">X X</cards>
<action no="6" player="xiuder0nn17" type="0" discard="1" dealt="1" sum="0"/>
<action no="7" player="Ankalaev" type="3" discard="1" dealt="1" sum="15"/>
<action no="8" player="22vidi22" type="4" sum="0"/>
</round>
<round no="2"><cards type="Flop">H5 HK DK</cards>
<action no="9" player="Ankalaev" type="4" discard="1" dealt="1" sum="0"/>
<action no="10" player="22vidi22" type="4" sum="0"/>
</round>
<round no="3"><cards type="Turn">H8</cards>
<action no="11" player="Ankalaev" type="4" discard="1" dealt="1" sum="0"/>
<action no="12" player="22vidi22" type="4" sum="0"/>
</round>
<round no="4"><cards type="River">C3</cards>
<action no="13" player="Ankalaev" type="4" discard="1" dealt="1" sum="0"/>
<action no="14" player="22vidi22" type="4" sum="0"/>
</round>
</game>
<game gamecode="6604420058"><general>
<startdate>2026-01-23 11:14:14</startdate>
<round>1</round>
<failsafecounter/>
<players><player seat="3" name="xiuder0nn17" chips="384" dealer="0" win="55" bet="45" muck="1" rebuy="0" addon="0" merge="0" rebuychips="0" reg_code="5091681644"/>
<player seat="6" name="Ankalaev" chips="536" dealer="1" win="0" bet="5" muck="1" rebuy="0" addon="0" merge="0" rebuychips="0" reg_code="5091681980"/>
<player seat="10" name="22vidi22" chips="580" dealer="0" win="0" bet="25" muck="1" rebuy="0" addon="0" merge="0" rebuychips="0" reg_code="5091682531"/>
</players>
</general>
<round no="0"><action no="1" player="22vidi22" type="15" sum="5"/>
<action no="2" player="xiuder0nn17" type="15" discard="1" dealt="1" sum="5"/>
<action no="3" player="Ankalaev" type="15" discard="1" dealt="1" sum="5"/>
<action no="4" player="22vidi22" type="1" sum="20"/>
<action no="5" player="xiuder0nn17" type="2" discard="1" dealt="1" sum="40"/>
</round>
<round no="1"><cards type="Pocket" player="Ankalaev">X X</cards>
<cards type="Pocket" player="xiuder0nn17">X X</cards>
<cards type="Pocket" player="22vidi22">C4 D7</cards>
<action no="6" player="Ankalaev" type="0" discard="1" dealt="1" sum="0"/>
<action no="7" player="22vidi22" type="0" sum="0"/>
</round>
</game>
<game gamecode="6604420071"><general>
<startdate>2026-01-23 11:14:21</startdate>
<round>1</round>
<failsafecounter/>
<players><player seat="6" name="Ankalaev" chips="531" dealer="0" win="833" bet="414" muck="0" rebuy="0" addon="0" merge="0" rebuychips="0" reg_code="5091681980"/>
<player seat="10" name="22vidi22" chips="555" dealer="1" win="0" bet="5" muck="1" rebuy="0" addon="0" merge="0" rebuychips="0" reg_code="5091682531"/>
<player seat="3" name="xiuder0nn17" chips="414" dealer="0" win="0" bet="414" muck="0" rebuy="0" addon="0" merge="0" rebuychips="0" reg_code="5091681644"/>
</players>
</general>
<round no="0"><action no="1" player="xiuder0nn17" type="15" discard="1" dealt="1" sum="5"/>
<action no="2" player="Ankalaev" type="15" discard="1" dealt="1" sum="5"/>
<action no="3" player="22vidi22" type="15" sum="5"/>
<action no="4" player="xiuder0nn17" type="1" discard="1" dealt="1" sum="20"/>
<action no="5" player="Ankalaev" type="2" discard="1" dealt="1" sum="40"/>
</round>
<round no="1"><cards type="Pocket" player="Ankalaev">H3 S3</cards>
<cards type="Pocket" player="xiuder0nn17">CJ S8</cards>
<cards type="Pocket" player="22vidi22">C4 H9</cards>
<action no="6" player="22vidi22" type="0" sum="0"/>
<action no="7" player="xiuder0nn17" type="23" discard="1" dealt="1" sum="409"/>
<action no="8" player="Ankalaev" type="3" discard="1" dealt="1" sum="369"/>
</round>
<round no="2"><cards type="Flop">D4 D7 D5</cards>
</round>
<round no="3"><cards type="Turn">SK</cards>
</round>
<round no="4"><cards type="River">C9</cards>
</round>
</game>
<game gamecode="6604420094"><general>
<startdate>2026-01-23 11:14:38</startdate>
<round>1</round>
<failsafecounter/>
<players><player seat="10" name="22vidi22" chips="550" dealer="0" win="0" bet="45" muck="1" rebuy="0" addon="0" merge="0" rebuychips="0" reg_code="5091682531"/>
<player seat="6" name="Ankalaev" chips="950" dealer="1" win="90" bet="90" muck="1" rebuy="0" addon="0" merge="0" rebuychips="0" reg_code="5091681980"/>
</players>
</general>
<round no="0"><action no="1" player="Ankalaev" type="15" discard="1" dealt="1" sum="5"/>
<action no="2" player="22vidi22" type="15" sum="5"/>
<action no="3" player="Ankalaev" type="1" discard="1" dealt="1" sum="20"/>
<action no="4" player="22vidi22" type="2" sum="40"/>
</round>
<round no="1"><cards type="Pocket" player="22vidi22">S8 H7</cards>
<cards type="Pocket" player="Ankalaev">X X</cards>
<action no="5" player="Ankalaev" type="3" discard="1" dealt="1" sum="20"/>
<action no="6" player="22vidi22" type="4" sum="0"/>
</round>
<round no="2"><cards type="Flop">CQ D2 HQ</cards>
<action no="7" player="22vidi22" type="4" sum="0"/>
<action no="8" player="Ankalaev" type="5" discard="1" dealt="1" sum="45"/>
<action no="9" player="22vidi22" type="0" sum="0"/>
</round>
</game>
<game gamecode="6604420113"><general>
<startdate>2026-01-23 11:14:49</startdate>
<round>1</round>
<failsafecounter/>
<players><player seat="6" name="Ankalaev" chips="995" dealer="0" win="330" bet="995" muck="1" rebuy="0" addon="0" merge="0" rebuychips="0" reg_code="5091681980"/>
<player seat="10" name="22vidi22" chips="505" dealer="1" win="0" bet="165" muck="1" rebuy="0" addon="0" merge="0" rebuychips="0" reg_code="5091682531"/>
</players>
</general>
<round no="0"><action no="1" player="22vidi22" type="15" sum="5"/>
<action no="2" player="Ankalaev" type="15" discard="1" dealt="1" sum="5"/>
<action no="3" player="22vidi22" type="1" sum="20"/>
<action no="4" player="Ankalaev" type="2" discard="1" dealt="1" sum="40"/>
</round>
<round no="1"><cards type="Pocket" player="Ankalaev">X X</cards>
<cards type="Pocket" player="22vidi22">HA S9</cards>
<action no="5" player="22vidi22" type="3" sum="20"/>
<action no="6" player="Ankalaev" type="4" discard="1" dealt="1" sum="0"/>
</round>
<round no="2"><cards type="Flop">D4 DA D2</cards>
<action no="7" player="Ankalaev" type="4" discard="1" dealt="1" sum="0"/>
<action no="8" player="22vidi22" type="5" sum="40"/>
<action no="9" player="Ankalaev" type="23" discard="1" dealt="1" sum="120"/>
<action no="10" player="22vidi22" type="3" sum="80"/>
</round>
<round no="3"><cards type="Turn">CQ</cards>
<action no="11" player="Ankalaev" type="4" discard="1" dealt="1" sum="0"/>
<action no="12" player="22vidi22" type="4" sum="0"/>
</round>
<round no="4"><cards type="River">D3</cards>
<action no="13" player="Ankalaev" type="5" discard="1" dealt="1" sum="830"/>
<action no="14" player="22vidi22" type="0" sum="0"/>
</round>
</game>
<game gamecode="6604420177"><general>
<startdate>2026-01-23 11:15:27</startdate>
<round>1</round>
<failsafecounter/>
<players><player seat="10" name="22vidi22" chips="340" dealer="0" win="680" bet="340" muck="0" rebuy="0" addon="0" merge="0" rebuychips="0" reg_code="5091682531"/>
<player seat="6" name="Ankalaev" chips="1,160" dealer="1" win="0" bet="1,160" muck="1" rebuy="0" addon="0" merge="0" rebuychips="0" reg_code="5091681980"/>
</players>
</general>
<round no="0"><action no="1" player="Ankalaev" type="15" discard="1" dealt="1" sum="5"/>
<action no="2" player="22vidi22" type="15" sum="5"/>
<action no="3" player="Ankalaev" type="1" discard="1" dealt="1" sum="20"/>
<action no="4" player="22vidi22" type="2" sum="40"/>
</round>
<round no="1"><cards type="Pocket" player="22vidi22">S7 S10</cards>
<cards type="Pocket" player="Ankalaev">C10 DK</cards>
<action no="5" player="Ankalaev" type="23" discard="1" dealt="1" sum="1,155"/>
<action no="6" player="22vidi22" type="7" sum="295"/>
</round>
<round no="2"><cards type="Flop">D7 CJ HA</cards>
</round>
<round no="3"><cards type="Turn">C6</cards>
</round>
<round no="4"><cards type="River">H3</cards>
</round>
</game>
<game gamecode="6604420203"><general>
<startdate>2026-01-23 11:15:46</startdate>
<round>1</round>
<failsafecounter/>
<players><player seat="6" name="Ankalaev" chips="820" dealer="0" win="466" bet="466" muck="1" rebuy="0" addon="0" merge="0" rebuychips="0" reg_code="5091681980"/>
<player seat="10" name="22vidi22" chips="680" dealer="1" win="0" bet="233" muck="1" rebuy="0" addon="0" merge="0" rebuychips="0" reg_code="5091682531"/>
</players>
</general>
<round no="0"><action no="1" player="22vidi22" type="15" sum="5"/>
<action no="2" player="Ankalaev" type="15" discard="1" dealt="1" sum="5"/>
<action no="3" player="22vidi22" type="1" sum="30"/>
<action no="4" player="Ankalaev" type="2" discard="1" dealt="1" sum="60"/>
</round>
<round no="1"><cards type="Pocket" player="22vidi22">S9 DQ</cards>
<cards type="Pocket" player="Ankalaev">X X</cards>
<action no="5" player="22vidi22" type="3" sum="30"/>
<action no="6" player="Ankalaev" type="23" discard="1" dealt="1" sum="150"/>
<action no="7" player="22vidi22" type="3" sum="90"/>
</round>
<round no="2"><cards type="Flop">HK DK C6</cards>
<action no="8" player="Ankalaev" type="5" discard="1" dealt="1" sum="78"/>
<action no="9" player="22vidi22" type="3" sum="78"/>
</round>
<round no="3"><cards type="Turn">S7</cards>
<action no="10" player="Ankalaev" type="5" discard="1" dealt="1" sum="233"/>
<action no="11" player="22vidi22" type="0" sum="0"/>
</round>
</game>
<game gamecode="6604420233"><general>
<startdate>2026-01-23 11:16:13</startdate>
<round>1</round>
<failsafecounter/>
<players><player seat="10" name="22vidi22" chips="447" dealer="0" win="130" bet="447" muck="1" rebuy="0" addon="0" merge="0" rebuychips="0" reg_code="5091682531"/>
<player seat="6" name="Ankalaev" chips="1,053" dealer="1" win="0" bet="65" muck="1" rebuy="0" addon="0" merge="0" rebuychips="0" reg_code="5091681980"/>
</players>
</general>
<round no="0"><action no="1" player="Ankalaev" type="15" discard="1" dealt="1" sum="5"/>
<action no="2" player="22vidi22" type="15" sum="5"/>
<action no="3" player="Ankalaev" type="1" discard="1" dealt="1" sum="30"/>
<action no="4" player="22vidi22" type="2" sum="60"/>
</round>
<round no="1"><cards type="Pocket" player="22vidi22">DJ CQ</cards>
<cards type="Pocket" player="Ankalaev">X X</cards>
<action no="5" player="Ankalaev" type="3" discard="1" dealt="1" sum="30"/>
<action no="6" player="22vidi22" type="23" sum="442"/>
<action no="7" player="Ankalaev" type="0" discard="1" dealt="1" sum="0"/>
</round>
</game>
<game gamecode="6604420250"><general>
<startdate>2026-01-23 11:16:24</startdate>
<round>1</round>
<failsafecounter/>
<players><player seat="6" name="Ankalaev" chips="988" dealer="0" win="0" bet="65" muck="1" rebuy="0" addon="0" merge="0" rebuychips="0" reg_code="5091681980"/>
<player seat="10" name="22vidi22" chips="512" dealer="1" win="130" bet="512" muck="1" rebuy="0" addon="0" merge="0" rebuychips="0" reg_code="5091682531"/>
</players>
</general>
<round no="0"><action no="1" player="22vidi22" type="15" sum="5"/>
<action no="2" player="Ankalaev" type="15" discard="1" dealt="1" sum="5"/>
<action no="3" player="22vidi22" type="1" sum="30"/>
<action no="4" player="Ankalaev" type="2" discard="1" dealt="1" sum="60"/>
</round>
<round no="1"><cards type="Pocket" player="Ankalaev">X X</cards>
<cards type="Pocket" player="22vidi22">S3 D3</cards>
<action no="5" player="22vidi22" type="23" sum="507"/>
<action no="6" player="Ankalaev" type="0" discard="1" dealt="1" sum="0"/>
</round>
</game>
<game gamecode="6604420262"><general>
<startdate>2026-01-23 11:16:32</startdate>
<round>1</round>
<failsafecounter/>
<players><player seat="10" name="22vidi22" chips="577" dealer="0" win="0" bet="65" muck="1" rebuy="0" addon="0" merge="0" rebuychips="0" reg_code="5091682531"/>
<player seat="6" name="Ankalaev" chips="923" dealer="1" win="130" bet="130" muck="1" rebuy="0" addon="0" merge="0" rebuychips="0" reg_code="5091681980"/>
</players>
</general>
<round no="0"><action no="1" player="Ankalaev" type="15" discard="1" dealt="1" sum="5"/>
<action no="2" player="22vidi22" type="15" sum="5"/>
<action no="3" player="Ankalaev" type="1" discard="1" dealt="1" sum="30"/>
<action no="4" player="22vidi22" type="2" sum="60"/>
</round>
<round no="1"><cards type="Pocket" player="Ankalaev">X X</cards>
<cards type="Pocket" player="22vidi22">D4 H9</cards>
<action no="5" player="Ankalaev" type="3" discard="1" dealt="1" sum="30"/>
<action no="6" player="22vidi22" type="4" sum="0"/>
</round>
<round no="2"><cards type="Flop">CA S10 CQ</cards>
<action no="7" player="22vidi22" type="4" sum="0"/>
<action no="8" player="Ankalaev" type="5" discard="1" dealt="1" sum="65"/>
<action no="9" player="22vidi22" type="0" sum="0"/>
</round>
</game>
<game gamecode="6604420281"><general>
<startdate>2026-01-23 11:16:44</startdate>
<round>1</round>
<failsafecounter/>
<players><player seat="6" name="Ankalaev" chips="988" dealer="0" win="130" bet="988" muck="1" rebuy="0" addon="0" merge="0" rebuychips="0" reg_code="5091681980"/>
<player seat="10" name="22vidi22" chips="512" dealer="1" win="0" bet="65" muck="1" rebuy="0" addon="0" merge="0" rebuychips="0" reg_code="5091682531"/>
</players>
</general>
<round no="0"><action no="1" player="22vidi22" type="15" sum="5"/>
<action no="2" player="Ankalaev" type="15" discard="1" dealt="1" sum="5"/>
<action no="3" player="22vidi22" type="1" sum="30"/>
<action no="4" player="Ankalaev" type="2" discard="1" dealt="1" sum="60"/>
</round>
<round no="1"><cards type="Pocket" player="Ankalaev">X X</cards>
<cards type="Pocket" player="22vidi22">C9 C6</cards>
<action no="5" player="22vidi22" type="3" sum="30"/>
<action no="6" player="Ankalaev" type="23" discard="1" dealt="1" sum="983"/>
<action no="7" player="22vidi22" type="0" sum="0"/>
</round>
</game>
<game gamecode="6604420302"><general>
<startdate>2026-01-23 11:16:59</startdate>
<round>1</round>
<failsafecounter/>
<players><player seat="10" name="22vidi22" chips="447" dealer="0" win="70" bet="65" muck="1" rebuy="0" addon="0" merge="0" rebuychips="0" reg_code="5091682531"/>
<player seat="6" name="Ankalaev" chips="1,053" dealer="1" win="0" bet="35" muck="1" rebuy="0" addon="0" merge="0" rebuychips="0" reg_code="5091681980"/>
</players>
</general>
<round no="0"><action no="1" player="Ankalaev" type="15" discard="1" dealt="1" sum="5"/>
<action no="2" player="22vidi22" type="15" sum="5"/>
<action no="3" player="Ankalaev" type="1" discard="1" dealt="1" sum="30"/>
<action no="4" player="22vidi22" type="2" sum="60"/>
</round>
<round no="1"><cards type="Pocket" player="22vidi22">S9 S7</cards>
<cards type="Pocket" player="Ankalaev">X X</cards>
<action no="5" player="Ankalaev" type="0" discard="1" dealt="1" sum="0"/>
</round>
</game>
<game gamecode="6604420319"><general>
<startdate>2026-01-23 11:17:06</startdate>
<round>1</round>
<failsafecounter/>
<players><player seat="6" name="Ankalaev" chips="1,018" dealer="0" win="0" bet="185" muck="0" rebuy="0" addon="0" merge="0" rebuychips="0" reg_code="5091681980"/>
<player seat="10" name="22vidi22" chips="482" dealer="1" win="370" bet="185" muck="0" rebuy="0" addon="0" merge="0" rebuychips="0" reg_code="5091682531"/>
</players>
</general>
<round no="0"><action no="1" player="22vidi22" type="15" sum="5"/>
<action no="2" player="Ankalaev" type="15" discard="1" dealt="1" sum="5"/>
<action no="3" player="22vidi22" type="1" sum="30"/>
<action no="4" player="Ankalaev" type="2" discard="1" dealt="1" sum="60"/>
</round>
<round no="1"><cards type="Pocket" player="22vidi22">C8 H9</cards>
<cards type="Pocket" player="Ankalaev">H6 HQ</cards>
<action no="5" player="22vidi22" type="3" sum="30"/>
<action no="6" player="Ankalaev" type="4" discard="1" dealt="1" sum="0"/>
</round>
<round no="2"><cards type="Flop">DJ DQ CK</cards>
<action no="7" player="Ankalaev" type="4" discard="1" dealt="1" sum="0"/>
<action no="8" player="22vidi22" type="5" sum="60"/>
<action no="9" player="Ankalaev" type="3" discard="1" dealt="1" sum="60"/>
</round>
<round no="3"><cards type="Turn">D10</cards>
<action no="10" player="Ankalaev" type="4" discard="1" dealt="1" sum="0"/>
<action no="11" player="22vidi22" type="4" sum="0"/>
</round>
<round no="4"><cards type="River">H8</cards>
<action no="12" player="Ankalaev" type="5" discard="1" dealt="1" sum="60"/>
<action no="13" player="22vidi22" type="3" sum="60"/>
</round>
</game>
<game gamecode="6604420367"><general>
<startdate>2026-01-23 11:17:36</startdate>
<round>1</round>
<failsafecounter/>
<players><player seat="10" name="22vidi22" chips="667" dealer="0" win="0" bet="88" muck="1" rebuy="0" addon="0" merge="0" rebuychips="0" reg_code="5091682531"/>
<player seat="6" name="Ankalaev" chips="833" dealer="1" win="176" bet="833" muck="1" rebuy="0" addon="0" merge="0" rebuychips="0" reg_code="5091681980"/>
</players>
</general>
<round no="0"><action no="1" player="Ankalaev" type="15" discard="1" dealt="1" sum="8"/>
<action no="2" player="22vidi22" type="15" sum="8"/>
<action no="3" player="Ankalaev" type="1" discard="1" dealt="1" sum="40"/>
<action no="4" player="22vidi22" type="2" sum="80"/>
</round>
<round no="1"><cards type="Pocket" player="22vidi22">C4 C3</cards>
<cards type="Pocket" player="Ankalaev">X X</cards>
<action no="5" player="Ankalaev" type="23" discard="1" dealt="1" sum="825"/>
<action no="6" player="22vidi22" type="0" sum="0"/>
</round>
</game>
<game gamecode="6604420381"><general>
<startdate>2026-01-23 11:17:44</startdate>
<round>1</round>
<failsafecounter/>
<players><player seat="6" name="Ankalaev" chips="921" dealer="0" win="1,158" bet="579" muck="0" rebuy="0" addon="0" merge="0" rebuychips="0" reg_code="5091681980"/>
<player seat="10" name="22vidi22" chips="579" dealer="1" win="0" bet="579" muck="0" rebuy="0" addon="0" merge="0" rebuychips="0" reg_code="5091682531"/>
</players>
</general>
<round no="0"><action no="1" player="22vidi22" type="15" sum="8"/>
<action no="2" player="Ankalaev" type="15" discard="1" dealt="1" sum="8"/>
<action no="3" player="22vidi22" type="1" sum="40"/>
<action no="4" player="Ankalaev" type="2" discard="1" dealt="1" sum="80"/>
</round>
<round no="1"><cards type="Pocket" player="22vidi22">H9 H6</cards>
<cards type="Pocket" player="Ankalaev">CJ CA</cards>
<action no="5" player="22vidi22" type="23" sum="571"/>
<action no="6" player="Ankalaev" type="3" discard="1" dealt="1" sum="491"/>
</round>
<round no="2"><cards type="Flop">D3 C5 S4</cards>
</round>
<round no="3"><cards type="Turn">D4</cards>
</round>
<round no="4"><cards type="River">DJ</cards>
</round>
</game>
</session>
