<?xml version="1.0" encoding="UTF-8"?>
<session sessioncode="5093356696">
<general>
<client_version>25.7.1.50</client_version>
<mode>real</mode>
<gametype>Holdem NL</gametype>
<tablename>Twister €100 SNG, 827661763</tablename>
<tournamentcode>827661762</tournamentcode>
<tournamentname>Twister €100 SNG</tournamentname>
<buyin>€0 + €7 + €93</buyin>
<totalbuyin>€100</totalbuyin>
<rewarddrawn>€400</rewarddrawn>
<tournamentcurrency>EUR</tournamentcurrency>
<currency>EUR</currency>
<nickname>22vidi22</nickname>
<gamecount>17</gamecount>
<startdate>2026-01-29 11:49:25</startdate>
<place>3</place>
<win>€0</win>
<tablesize>3</tablesize>
</general>
<game gamecode="6611090469"><general>
<startdate>2026-01-29 11:49:40</startdate>
<round>1</round>
<failsafecounter/>
<players><player seat="10" name="22vidi22" chips="500" dealer="0" win="0" bet="40" muck="1" rebuy="0" addon="0" merge="0" rebuychips="0" reg_code="5093356696"/>
<player seat="3" name="mocciolocaldo" chips="500" dealer="1" win="90" bet="40" muck="0" rebuy="0" addon="0" merge="0" rebuychips="0" reg_code="5093355923"/>
<player seat="6" name="Ankalaev" chips="500" dealer="0" win="0" bet="10" muck="1" rebuy="0" addon="0" merge="0" rebuychips="0" reg_code="5093356092"/>
</players>
</general>
<round no="0"><action no="1" player="Ankalaev" type="1" discard="1" dealt="1" sum="10"/>
<action no="2" player="22vidi22" type="2" sum="20"/>
</round>
<round no="1"><cards type="Pocket" player="22vidi22">CK H8</cards>
<cards type="Pocket" player="Ankalaev">X X</cards>
<cards type="Pocket" player="mocciolocaldo">HJ CA</cards>
<action no="3" player="mocciolocaldo" type="23" discard="1" dealt="1" sum="40"/>
<action no="4" player="Ankalaev" type="0" discard="1" dealt="1" sum="0"/>
<action no="5" player="22vidi22" type="3" sum="20"/>
</round>
<round no="2"><cards type="Flop">S5 C6 D6</cards>
<action no="6" player="22vidi22" type="4" sum="0"/>
<action no="7" player="mocciolocaldo" type="4" discard="1" dealt="1" sum="0"/>
</round>
<round no="3"><cards type="Turn">C2</cards>
<action no="8" player="22vidi22" type="4" sum="0"/>
<action no="9" player="mocciolocaldo" type="4" discard="1" dealt="1" sum="0"/>
</round>
<round no="4"><cards type="River">C4</cards>
<action no="10" player="22vidi22" type="4" sum="0"/>
<action no="11" player="mocciolocaldo" type="4" discard="1" dealt="1" sum="0"/>
</round>
</game>
<game gamecode="6611090576"><general>
<startdate>2026-01-29 11:50:15</startdate>
<round>1</round>
<failsafecounter/>
<players><player seat="3" name="mocciolocaldo" chips="550" dealer="0" win="0" bet="60" muck="1" rebuy="0" addon="0" merge="0" rebuychips="0" reg_code="5093355923"/>
<player seat="6" name="Ankalaev" chips="490" dealer="1" win="0" bet="0" muck="1" rebuy="0" addon="0" merge="0" rebuychips="0" reg_code="5093356092"/>
<player seat="10" name="22vidi22" chips="460" dealer="0" win="120" bet="160" muck="1" rebuy="0" addon="0" merge="0" rebuychips="0" reg_code="5093356696"/>
</players>
</general>
<round no="0"><action no="1" player="22vidi22" type="1" sum="10"/>
<action no="2" player="mocciolocaldo" type="2" discard="1" dealt="1" sum="20"/>
</round>
<round no="1"><cards type="Pocket" player="mocciolocaldo">X X</cards>
<cards type="Pocket" player="Ankalaev">X X</cards>
<cards type="Pocket" player="22vidi22">CK DA</cards>
<action no="3" player="Ankalaev" type="0" discard="1" dealt="1" sum="0"/>
<action no="4" player="22vidi22" type="23" sum="60"/>
<action no="5" player="mocciolocaldo" type="3" discard="1" dealt="1" sum="40"/>
</round>
<round no="2"><cards type="Flop">SQ DQ C7</cards>
<action no="6" player="22vidi22" type="4" sum="0"/>
<action no="7" player="mocciolocaldo" type="4" discard="1" dealt="1" sum="0"/>
</round>
<round no="3"><cards type="Turn">HA</cards>
<action no="8" player="22vidi22" type="5" sum="100"/>
<action no="9" player="mocciolocaldo" type="0" discard="1" dealt="1" sum="0"/>
</round>
</game>
<game gamecode="6611090659"><general>
<startdate>2026-01-29 11:50:47</startdate>
<round>1</round>
<failsafecounter/>
<players><player seat="6" name="Ankalaev" chips="490" dealer="0" win="0" bet="40" muck="1" rebuy="0" addon="0" merge="0" rebuychips="0" reg_code="5093356092"/>
<player seat="10" name="22vidi22" chips="520" dealer="1" win="0" bet="0" muck="1" rebuy="0" addon="0" merge="0" rebuychips="0" reg_code="5093356696"/>
<player seat="3" name="mocciolocaldo" chips="490" dealer="0" win="80" bet="100" muck="1" rebuy="0" addon="0" merge="0" rebuychips="0" reg_code="5093355923"/>
</players>
</general>
<round no="0"><action no="1" player="mocciolocaldo" type="1" discard="1" dealt="1" sum="10"/>
<action no="2" player="Ankalaev" type="2" discard="1" dealt="1" sum="20"/>
</round>
<round no="1"><cards type="Pocket" player="Ankalaev">X X</cards>
<cards type="Pocket" player="mocciolocaldo">X X</cards>
<cards type="Pocket" player="22vidi22">D6 CK</cards>
<action no="3" player="22vidi22" type="0" sum="0"/>
<action no="4" player="mocciolocaldo" type="3" discard="1" dealt="1" sum="10"/>
<action no="5" player="Ankalaev" type="4" discard="1" dealt="1" sum="0"/>
</round>
<round no="2"><cards type="Flop">H2 S5 C2</cards>
<action no="6" player="mocciolocaldo" type="4" discard="1" dealt="1" sum="0"/>
<action no="7" player="Ankalaev" type="4" discard="1" dealt="1" sum="0"/>
</round>
<round no="3"><cards type="Turn">H4</cards>
<action no="8" player="mocciolocaldo" type="5" discard="1" dealt="1" sum="20"/>
<action no="9" player="Ankalaev" type="3" discard="1" dealt="1" sum="20"/>
</round>
<round no="4"><cards type="River">S9</cards>
<action no="10" player="mocciolocaldo" type="5" discard="1" dealt="1" sum="60"/>
<action no="11" player="Ankalaev" type="0" discard="1" dealt="1" sum="0"/>
</round>
</game>
<game gamecode="6611090767"><general>
<startdate>2026-01-29 11:51:25</startdate>
<round>1</round>
<failsafecounter/>
<players><player seat="10" name="22vidi22" chips="520" dealer="0" win="0" bet="20" muck="1" rebuy="0" addon="0" merge="0" rebuychips="0" reg_code="5093356696"/>
<player seat="3" name="mocciolocaldo" chips="530" dealer="1" win="50" bet="40" muck="1" rebuy="0" addon="0" merge="0" rebuychips="0" reg_code="5093355923"/>
<player seat="6" name="Ankalaev" chips="450" dealer="0" win="0" bet="10" muck="1" rebuy="0" addon="0" merge="0" rebuychips="0" reg_code="5093356092"/>
</players>
</general>
<round no="0"><action no="1" player="Ankalaev" type="1" discard="1" dealt="1" sum="10"/>
<action no="2" player="22vidi22" type="2" sum="20"/>
</round>
<round no="1"><cards type="Pocket" player="mocciolocaldo">X X</cards>
<cards type="Pocket" player="22vidi22">S2 H4</cards>
<cards type="Pocket" player="Ankalaev">X X</cards>
<action no="3" player="mocciolocaldo" type="23" discard="1" dealt="1" sum="40"/>
<action no="4" player="Ankalaev" type="0" discard="1" dealt="1" sum="0"/>
<action no="5" player="22vidi22" type="0" sum="0"/>
</round>
</game>
<game gamecode="6611090797"><general>
<startdate>2026-01-29 11:51:35</startdate>
<round>1</round>
<failsafecounter/>
<players><player seat="3" name="mocciolocaldo" chips="560" dealer="0" win="134" bet="258" muck="1" rebuy="0" addon="0" merge="0" rebuychips="0" reg_code="5093355923"/>
<player seat="6" name="Ankalaev" chips="440" dealer="1" win="0" bet="62" muck="1" rebuy="0" addon="0" merge="0" rebuychips="0" reg_code="5093356092"/>
<player seat="10" name="22vidi22" chips="500" dealer="0" win="0" bet="10" muck="1" rebuy="0" addon="0" merge="0" rebuychips="0" reg_code="5093356696"/>
</players>
</general>
<round no="0"><action no="1" player="22vidi22" type="1" sum="10"/>
<action no="2" player="mocciolocaldo" type="2" discard="1" dealt="1" sum="20"/>
</round>
<round no="1"><cards type="Pocket" player="Ankalaev">X X</cards>
<cards type="Pocket" player="22vidi22">C7 H10</cards>
<cards type="Pocket" player="mocciolocaldo">X X</cards>
<action no="3" player="Ankalaev" type="23" discard="1" dealt="1" sum="40"/>
<action no="4" player="22vidi22" type="0" sum="0"/>
<action no="5" player="mocciolocaldo" type="3" discard="1" dealt="1" sum="20"/>
</round>
<round no="2"><cards type="Flop">D3 S4 CQ</cards>
<action no="6" player="mocciolocaldo" type="4" discard="1" dealt="1" sum="0"/>
<action no="7" player="Ankalaev" type="5" discard="1" dealt="1" sum="22"/>
<action no="8" player="mocciolocaldo" type="3" discard="1" dealt="1" sum="22"/>
</round>
<round no="3"><cards type="Turn">S9</cards>
<action no="9" player="mocciolocaldo" type="4" discard="1" dealt="1" sum="0"/>
<action no="10" player="Ankalaev" type="4" discard="1" dealt="1" sum="0"/>
</round>
<round no="4"><cards type="River">C5</cards>
<action no="11" player="mocciolocaldo" type="5" discard="1" dealt="1" sum="196"/>
<action no="12" player="Ankalaev" type="0" discard="1" dealt="1" sum="0"/>
</round>
</game>
<game gamecode="6611094416"><general>
<startdate>2026-01-29 11:52:30</startdate>
<round>1</round>
<failsafecounter/>
<players><player seat="6" name="Ankalaev" chips="378" dealer="0" win="0" bet="35" muck="1" rebuy="0" addon="0" merge="0" rebuychips="0" reg_code="5093356092"/>
<player seat="10" name="22vidi22" chips="490" dealer="1" win="90" bet="490" muck="1" rebuy="0" addon="0" merge="0" rebuychips="0" reg_code="5093356696"/>
<player seat="3" name="mocciolocaldo" chips="632" dealer="0" win="0" bet="20" muck="1" rebuy="0" addon="0" merge="0" rebuychips="0" reg_code="5093355923"/>
</players>
</general>
<round no="0"><action no="1" player="mocciolocaldo" type="15" discard="1" dealt="1" sum="5"/>
<action no="2" player="Ankalaev" type="15" discard="1" dealt="1" sum="5"/>
<action no="3" player="22vidi22" type="15" sum="5"/>
<action no="4" player="mocciolocaldo" type="1" discard="1" dealt="1" sum="15"/>
<action no="5" player="Ankalaev" type="2" discard="1" dealt="1" sum="30"/>
</round>
<round no="1"><cards type="Pocket" player="Ankalaev">X X</cards>
<cards type="Pocket" player="mocciolocaldo">X X</cards>
<cards type="Pocket" player="22vidi22">C3 D3</cards>
<action no="6" player="22vidi22" type="23" sum="485"/>
<action no="7" player="mocciolocaldo" type="0" discard="1" dealt="1" sum="0"/>
<action no="8" player="Ankalaev" type="0" discard="1" dealt="1" sum="0"/>
</round>
</game>
<game gamecode="6611094458"><general>
<startdate>2026-01-29 11:52:43</startdate>
<round>1</round>
<failsafecounter/>
<players><player seat="10" name="22vidi22" chips="545" dealer="0" win="0" bet="35" muck="1" rebuy="0" addon="0" merge="0" rebuychips="0" reg_code="5093356696"/>
<player seat="3" name="mocciolocaldo" chips="612" dealer="1" win="90" bet="65" muck="1" rebuy="0" addon="0" merge="0" rebuychips="0" reg_code="5093355923"/>
<player seat="6" name="Ankalaev" chips="343" dealer="0" win="0" bet="20" muck="1" rebuy="0" addon="0" merge="0" rebuychips="0" reg_code="5093356092"/>
</players>
</general>
<round no="0"><action no="1" player="Ankalaev" type="15" discard="1" dealt="1" sum="5"/>
<action no="2" player="22vidi22" type="15" sum="5"/>
<action no="3" player="mocciolocaldo" type="15" discard="1" dealt="1" sum="5"/>
<action no="4" player="Ankalaev" type="1" discard="1" dealt="1" sum="15"/>
<action no="5" player="22vidi22" type="2" sum="30"/>
</round>
<round no="1"><cards type="Pocket" player="Ankalaev">X X</cards>
<cards type="Pocket" player="22vidi22">H3 CJ</cards>
<cards type="Pocket" player="mocciolocaldo">X X</cards>
<action no="6" player="mocciolocaldo" type="23" discard="1" dealt="1" sum="60"/>
<action no="7" player="Ankalaev" type="0" discard="1" dealt="1" sum="0"/>
<action no="8" player="22vidi22" type="0" sum="0"/>
</round>
</game>
<game gamecode="6611094500"><general>
<startdate>2026-01-29 11:52:53</startdate>
<round>1</round>
<failsafecounter/>
<players><player seat="3" name="mocciolocaldo" chips="667" dealer="0" win="0" bet="323" muck="1" rebuy="0" addon="0" merge="0" rebuychips="0" reg_code="5093355923"/>
<player seat="6" name="Ankalaev" chips="323" dealer="1" win="666" bet="323" muck="0" rebuy="0" addon="0" merge="0" rebuychips="0" reg_code="5093356092"/>
<player seat="10" name="22vidi22" chips="510" dealer="0" win="0" bet="20" muck="1" rebuy="0" addon="0" merge="0" rebuychips="0" reg_code="5093356696"/>
</players>
</general>
<round no="0"><action no="1" player="22vidi22" type="15" sum="5"/>
<action no="2" player="mocciolocaldo" type="15" discard="1" dealt="1" sum="5"/>
<action no="3" player="Ankalaev" type="15" discard="1" dealt="1" sum="5"/>
<action no="4" player="22vidi22" type="1" sum="15"/>
<action no="5" player="mocciolocaldo" type="2" discard="1" dealt="1" sum="30"/>
</round>
<round no="1"><cards type="Pocket" player="mocciolocaldo">HA H7</cards>
<cards type="Pocket" player="22vidi22">H6 D2</cards>
<cards type="Pocket" player="Ankalaev">D8 S8</cards>
<action no="6" player="Ankalaev" type="23" discard="1" dealt="1" sum="318"/>
<action no="7" player="22vidi22" type="0" sum="0"/>
<action no="8" player="mocciolocaldo" type="3" discard="1" dealt="1" sum="288"/>
</round>
<round no="2"><cards type="Flop">DQ C2 SQ</cards>
</round>
<round no="3"><cards type="Turn">H4</cards>
</round>
<round no="4"><cards type="River">D5</cards>
</round>
</game>
<game gamecode="6611094564"><general>
<startdate>2026-01-29 11:53:12</startdate>
<round>1</round>
<failsafecounter/>
<players><player seat="6" name="Ankalaev" chips="666" dealer="0" win="135" bet="117" muck="1" rebuy="0" addon="0" merge="0" rebuychips="0" reg_code="5093356092"/>
<player seat="10" name="22vidi22" chips="490" dealer="1" win="0" bet="5" muck="1" rebuy="0" addon="0" merge="0" rebuychips="0" reg_code="5093356696"/>
<player seat="3" name="mocciolocaldo" chips="344" dealer="0" win="0" bet="65" muck="1" rebuy="0" addon="0" merge="0" rebuychips="0" reg_code="5093355923"/>
</players>
</general>
<round no="0"><action no="1" player="mocciolocaldo" type="15" discard="1" dealt="1" sum="5"/>
<action no="2" player="Ankalaev" type="15" discard="1" dealt="1" sum="5"/>
<action no="3" player="22vidi22" type="15" sum="5"/>
<action no="4" player="mocciolocaldo" type="1" discard="1" dealt="1" sum="15"/>
<action no="5" player="Ankalaev" type="2" discard="1" dealt="1" sum="30"/>
</round>
<round no="1"><cards type="Pocket" player="22vidi22">S2 H10</cards>
<cards type="Pocket" player="mocciolocaldo">X X</cards>
<cards type="Pocket" player="Ankalaev">X X</cards>
<action no="6" player="22vidi22" type="0" sum="0"/>
<action no="7" player="mocciolocaldo" type="3" discard="1" dealt="1" sum="15"/>
<action no="8" player="Ankalaev" type="4" discard="1" dealt="1" sum="0"/>
</round>
<round no="2"><cards type="Flop">SQ HA D4</cards>
<action no="9" player="mocciolocaldo" type="5" discard="1" dealt="1" sum="30"/>
<action no="10" player="Ankalaev" type="23" discard="1" dealt="1" sum="82"/>
<action no="11" player="mocciolocaldo" type="0" discard="1" dealt="1" sum="0"/>
</round>
</game>
<game gamecode="6611094640"><general>
<startdate>2026-01-29 11:53:38</startdate>
<round>1</round>
<failsafecounter/>
<players><player seat="10" name="22vidi22" chips="485" dealer="0" win="0" bet="35" muck="1" rebuy="0" addon="0" merge="0" rebuychips="0" reg_code="5093356696"/>
<player seat="3" name="mocciolocaldo" chips="279" dealer="1" win="593" bet="279" muck="0" rebuy="0" addon="0" merge="0" rebuychips="0" reg_code="5093355923"/>
<player seat="6" name="Ankalaev" chips="736" dealer="0" win="0" bet="736" muck="1" rebuy="0" addon="0" merge="0" rebuychips="0" reg_code="5093356092"/>
</players>
</general>
<round no="0"><action no="1" player="Ankalaev" type="15" discard="1" dealt="1" sum="5"/>
<action no="2" player="22vidi22" type="15" sum="5"/>
<action no="3" player="mocciolocaldo" type="15" discard="1" dealt="1" sum="5"/>
<action no="4" player="Ankalaev" type="1" discard="1" dealt="1" sum="15"/>
<action no="5" player="22vidi22" type="2" sum="30"/>
</round>
<round no="1"><cards type="Pocket" player="22vidi22">D3 HJ</cards>
<cards type="Pocket" player="mocciolocaldo">HA S7</cards>
<cards type="Pocket" player="Ankalaev">H3 CA</cards>
<action no="6" player="mocciolocaldo" type="23" discard="1" dealt="1" sum="274"/>
<action no="7" player="Ankalaev" type="23" discard="1" dealt="1" sum="731"/>
<action no="8" player="22vidi22" type="0" sum="0"/>
</round>
<round no="2"><cards type="Flop">CQ D2 HK</cards>
</round>
<round no="3"><cards type="Turn">H10</cards>
</round>
<round no="4"><cards type="River">H4</cards>
</round>
</game>
<game gamecode="6611094696"><general>
<startdate>2026-01-29 11:53:54</startdate>
<round>1</round>
<failsafecounter/>
<players><player seat="3" name="mocciolocaldo" chips="593" dealer="0" win="0" bet="45" muck="1" rebuy="0" addon="0" merge="0" rebuychips="0" reg_code="5093355923"/>
<player seat="6" name="Ankalaev" chips="457" dealer="1" win="0" bet="5" muck="1" rebuy="0" addon="0" merge="0" rebuychips="0" reg_code="5093356092"/>
<player seat="10" name="22vidi22" chips="450" dealer="0" win="95" bet="45" muck="0" rebuy="0" addon="0" merge="0" rebuychips="0" reg_code="5093356696"/>
</players>
</general>
<round no="0"><action no="1" player="22vidi22" type="15" sum="5"/>
<action no="2" player="mocciolocaldo" type="15" discard="1" dealt="1" sum="5"/>
<action no="3" player="Ankalaev" type="15" discard="1" dealt="1" sum="5"/>
<action no="4" player="22vidi22" type="1" sum="20"/>
<action no="5" player="mocciolocaldo" type="2" discard="1" dealt="1" sum="40"/>
</round>
<round no="1"><cards type="Pocket" player="22vidi22">S7 C9</cards>
<cards type="Pocket" player="mocciolocaldo">D4 S8</cards>
<cards type="Pocket" player="Ankalaev">X X</cards>
<action no="6" player="Ankalaev" type="0" discard="1" dealt="1" sum="0"/>
<action no="7" player="22vidi22" type="3" sum="20"/>
<action no="8" player="mocciolocaldo" type="4" discard="1" dealt="1" sum="0"/>
</round>
<round no="2"><cards type="Flop">S9 H10 DQ</cards>
<action no="9" player="22vidi22" type="4" sum="0"/>
<action no="10" player="mocciolocaldo" type="4" discard="1" dealt="1" sum="0"/>
</round>
<round no="3"><cards type="Turn">H8</cards>
<action no="11" player="22vidi22" type="4" sum="0"/>
<action no="12" player="mocciolocaldo" type="4" discard="1" dealt="1" sum="0"/>
</round>
<round no="4"><cards type="River">S6</cards>
<action no="13" player="22vidi22" type="4" sum="0"/>
<action no="14" player="mocciolocaldo" type="4" discard="1" dealt="1" sum="0"/>
</round>
</game>
<game gamecode="6611094823"><general>
<startdate>2026-01-29 11:54:32</startdate>
<round>1</round>
<failsafecounter/>
<players><player seat="6" name="Ankalaev" chips="452" dealer="0" win="0" bet="45" muck="1" rebuy="0" addon="0" merge="0" rebuychips="0" reg_code="5093356092"/>
<player seat="10" name="22vidi22" chips="500" dealer="1" win="115" bet="500" muck="1" rebuy="0" addon="0" merge="0" rebuychips="0" reg_code="5093356696"/>
<player seat="3" name="mocciolocaldo" chips="548" dealer="0" win="0" bet="25" muck="1" rebuy="0" addon="0" merge="0" rebuychips="0" reg_code="5093355923"/>
</players>
</general>
<round no="0"><action no="1" player="mocciolocaldo" type="15" discard="1" dealt="1" sum="5"/>
<action no="2" player="Ankalaev" type="15" discard="1" dealt="1" sum="5"/>
<action no="3" player="22vidi22" type="15" sum="5"/>
<action no="4" player="mocciolocaldo" type="1" discard="1" dealt="1" sum="20"/>
<action no="5" player="Ankalaev" type="2" discard="1" dealt="1" sum="40"/>
</round>
<round no="1"><cards type="Pocket" player="Ankalaev">X X</cards>
<cards type="Pocket" player="mocciolocaldo">X X</cards>
<cards type="Pocket" player="22vidi22">D10 CA</cards>
<action no="6" player="22vidi22" type="23" sum="495"/>
<action no="7" player="mocciolocaldo" type="0" discard="1" dealt="1" sum="0"/>
<action no="8" player="Ankalaev" type="0" discard="1" dealt="1" sum="0"/>
</round>
</game>
<game gamecode="6611094855"><general>
<startdate>2026-01-29 11:54:42</startdate>
<round>1</round>
<failsafecounter/>
<players><player seat="10" name="22vidi22" chips="570" dealer="0" win="0" bet="45" muck="1" rebuy="0" addon="0" merge="0" rebuychips="0" reg_code="5093356696"/>
<player seat="3" name="mocciolocaldo" chips="523" dealer="1" win="0" bet="5" muck="1" rebuy="0" addon="0" merge="0" rebuychips="0" reg_code="5093355923"/>
<player seat="6" name="Ankalaev" chips="407" dealer="0" win="95" bet="407" muck="1" rebuy="0" addon="0" merge="0" rebuychips="0" reg_code="5093356092"/>
</players>
</general>
<round no="0"><action no="1" player="Ankalaev" type="15" discard="1" dealt="1" sum="5"/>
<action no="2" player="22vidi22" type="15" sum="5"/>
<action no="3" player="mocciolocaldo" type="15" discard="1" dealt="1" sum="5"/>
<action no="4" player="Ankalaev" type="1" discard="1" dealt="1" sum="20"/>
<action no="5" player="22vidi22" type="2" sum="40"/>
</round>
<round no="1"><cards type="Pocket" player="mocciolocaldo">X X</cards>
<cards type="Pocket" player="Ankalaev">X X</cards>
<cards type="Pocket" player="22vidi22">C2 C4</cards>
<action no="6" player="mocciolocaldo" type="0" discard="1" dealt="1" sum="0"/>
<action no="7" player="Ankalaev" type="23" discard="1" dealt="1" sum="402"/>
<action no="8" player="22vidi22" type="0" sum="0"/>
</round>
</game>
<game gamecode="6611094894"><general>
<startdate>2026-01-29 11:54:51</startdate>
<round>1</round>
<failsafecounter/>
<players><player seat="3" name="mocciolocaldo" chips="518" dealer="0" win="55" bet="45" muck="1" rebuy="0" addon="0" merge="0" rebuychips="0" reg_code="5093355923"/>
<player seat="6" name="Ankalaev" chips="457" dealer="1" win="0" bet="5" muck="1" rebuy="0" addon="0" merge="0" rebuychips="0" reg_code="5093356092"/>
<player seat="10" name="22vidi22" chips="525" dealer="0" win="0" bet="25" muck="1" rebuy="0" addon="0" merge="0" rebuychips="0" reg_code="5093356696"/>
</players>
</general>
<round no="0"><action no="1" player="22vidi22" type="15" sum="5"/>
<action no="2" player="mocciolocaldo" type="15" discard="1" dealt="1" sum="5"/>
<action no="3" player="Ankalaev" type="15" discard="1" dealt="1" sum="5"/>
<action no="4" player="22vidi22" type="1" sum="20"/>
<action no="5" player="mocciolocaldo" type="2" discard="1" dealt="1" sum="40"/>
</round>
<round no="1"><cards type="Pocket" player="Ankalaev">X X</cards>
<cards type="Pocket" player="22vidi22">H7 H2</cards>
<cards type="Pocket" player="mocciolocaldo">X X</cards>
<action no="6" player="Ankalaev" type="0" discard="1" dealt="1" sum="0"/>
<action no="7" player="22vidi22" type="0" sum="0"/>
</round>
</game>
<game gamecode="6611094919"><general>
<startdate>2026-01-29 11:54:58</startdate>
<round>1</round>
<failsafecounter/>
<players><player seat="6" name="Ankalaev" chips="452" dealer="0" win="55" bet="45" muck="1" rebuy="0" addon="0" merge="0" rebuychips="0" reg_code="5093356092"/>
<player seat="10" name="22vidi22" chips="500" dealer="1" win="0" bet="5" muck="1" rebuy="0" addon="0" merge="0" rebuychips="0" reg_code="5093356696"/>
<player seat="3" name="mocciolocaldo" chips="548" dealer="0" win="0" bet="25" muck="1" rebuy="0" addon="0" merge="0" rebuychips="0" reg_code="5093355923"/>
</players>
</general>
<round no="0"><action no="1" player="mocciolocaldo" type="15" discard="1" dealt="1" sum="5"/>
<action no="2" player="Ankalaev" type="15" discard="1" dealt="1" sum="5"/>
<action no="3" player="22vidi22" type="15" sum="5"/>
<action no="4" player="mocciolocaldo" type="1" discard="1" dealt="1" sum="20"/>
<action no="5" player="Ankalaev" type="2" discard="1" dealt="1" sum="40"/>
</round>
<round no="1"><cards type="Pocket" player="Ankalaev">X X</cards>
<cards type="Pocket" player="22vidi22">C6 CQ</cards>
<cards type="Pocket" player="mocciolocaldo">X X</cards>
<action no="6" player="22vidi22" type="0" sum="0"/>
<action no="7" player="mocciolocaldo" type="0" discard="1" dealt="1" sum="0"/>
</round>
</game>
<game gamecode="6611094952"><general>
<startdate>2026-01-29 11:55:06</startdate>
<round>1</round>
<failsafecounter/>
<players><player seat="10" name="22vidi22" chips="495" dealer="0" win="0" bet="482" muck="1" rebuy="0" addon="0" merge="0" rebuychips="0" reg_code="5093356696"/>
<player seat="3" name="mocciolocaldo" chips="523" dealer="1" win="0" bet="5" muck="1" rebuy="0" addon="0" merge="0" rebuychips="0" reg_code="5093355923"/>
<player seat="6" name="Ankalaev" chips="482" dealer="0" win="969" bet="482" muck="0" rebuy="0" addon="0" merge="0" rebuychips="0" reg_code="5093356092"/>
</players>
</general>
<round no="0"><action no="1" player="Ankalaev" type="15" discard="1" dealt="1" sum="5"/>
<action no="2" player="22vidi22" type="15" sum="5"/>
<action no="3" player="mocciolocaldo" type="15" discard="1" dealt="1" sum="5"/>
<action no="4" player="Ankalaev" type="1" discard="1" dealt="1" sum="20"/>
<action no="5" player="22vidi22" type="2" sum="40"/>
</round>
<round no="1"><cards type="Pocket" player="22vidi22">HA CA</cards>
<cards type="Pocket" player="mocciolocaldo">X X</cards>
<cards type="Pocket" player="Ankalaev">S6 D7</cards>
<action no="6" player="mocciolocaldo" type="0" discard="1" dealt="1" sum="0"/>
<action no="7" player="Ankalaev" type="23" discard="1" dealt="1" sum="477"/>
<action no="8" player="22vidi22" type="3" sum="437"/>
</round>
<round no="2"><cards type="Flop">D4 H4 C8</cards>
</round>
<round no="3"><cards type="Turn">C5</cards>
</round>
<round no="4"><cards type="River">HK</cards>
</round>
</game>
<game gamecode="6611095008"><general>
<startdate>2026-01-29 11:55:23</startdate>
<round>1</round>
<failsafecounter/>
<players><player seat="3" name="mocciolocaldo" chips="518" dealer="0" win="31" bet="45" muck="0" rebuy="0" addon="0" merge="0" rebuychips="0" reg_code="5093355923"/>
<player seat="6" name="Ankalaev" chips="969" dealer="1" win="0" bet="5" muck="1" rebuy="0" addon="0" merge="0" rebuychips="0" reg_code="5093356092"/>
<player seat="10" name="22vidi22" chips="13" dealer="0" win="0" bet="13" muck="1" rebuy="0" addon="0" merge="0" rebuychips="0" reg_code="5093356696"/>
</players>
</general>
<round no="0"><action no="1" player="22vidi22" type="15" sum="5"/>
<action no="2" player="mocciolocaldo" type="15" discard="1" dealt="1" sum="5"/>
<action no="3" player="Ankalaev" type="15" discard="1" dealt="1" sum="5"/>
<action no="4" player="22vidi22" type="1" sum="8"/>
<action no="5" player="mocciolocaldo" type="2" discard="1" dealt="1" sum="40"/>
</round>
<round no="1"><cards type="Pocket" player="22vidi22">DA HK</cards>
<cards type="Pocket" player="mocciolocaldo">SQ D8</cards>
<cards type="Pocket" player="Ankalaev">X X</cards>
<action no="6" player="Ankalaev" type="0" discard="1" dealt="1" sum="0"/>
</round>
<round no="2"><cards type="Flop">H3 S8 H9</cards>
</round>
<round no="3"><cards type="Turn">D5</cards>
</round>
<round no="4"><cards type="River">C2</cards>
</round>
</game>
</session>
