<?xml version="1.0" encoding="UTF-8"?>
<session sessioncode="5093350827">
<general>
<client_version>25.7.1.50</client_version>
<mode>real</mode>
<gametype>Holdem NL</gametype>
<tablename>Twister €100 SNG, 827661334</tablename>
<tournamentcode>827661333</tournamentcode>
<tournamentname>Twister €100 SNG</tournamentname>
<buyin>€0 + €7 + €93</buyin>
<totalbuyin>€100</totalbuyin>
<rewarddrawn>€200</rewarddrawn>
<tournamentcurrency>EUR</tournamentcurrency>
<currency>EUR</currency>
<nickname>22vidi22</nickname>
<gamecount>11</gamecount>
<startdate>2026-01-29 11:21:26</startdate>
<place>2</place>
<win>€0</win>
<tablesize>3</tablesize>
</general>
<game gamecode="6611077904"><general>
<startdate>2026-01-29 11:21:42</startdate>
<round>1</round>
<failsafecounter/>
<players><player seat="3" name="mocciolocaldo" chips="500" dealer="0" win="20" bet="20" muck="1" rebuy="0" addon="0" merge="0" rebuychips="0" reg_code="5093350753"/>
<player seat="6" name="Ankalaev" chips="500" dealer="1" win="0" bet="0" muck="1" rebuy="0" addon="0" merge="0" rebuychips="0" reg_code="5093350807"/>
<player seat="10" name="22vidi22" chips="500" dealer="0" win="0" bet="10" muck="1" rebuy="0" addon="0" merge="0" rebuychips="0" reg_code="5093350827"/>
</players>
</general>
<round no="0"><action no="1" player="22vidi22" type="1" sum="10"/>
<action no="2" player="mocciolocaldo" type="2" discard="1" dealt="1" sum="20"/>
</round>
<round no="1"><cards type="Pocket" player="mocciolocaldo">X X</cards>
<cards type="Pocket" player="22vidi22">C8 D5</cards>
<cards type="Pocket" player="Ankalaev">X X</cards>
<action no="3" player="Ankalaev" type="0" discard="1" dealt="1" sum="0"/>
<action no="4" player="22vidi22" type="0" sum="0"/>
</round>
</game>
<game gamecode="6611077926"><general>
<startdate>2026-01-29 11:21:55</startdate>
<round>1</round>
<failsafecounter/>
<players><player seat="6" name="Ankalaev" chips="500" dealer="0" win="1,000" bet="500" muck="0" rebuy="0" addon="0" merge="0" rebuychips="0" reg_code="5093350807"/>
<player seat="10" name="22vidi22" chips="490" dealer="1" win="0" bet="0" muck="1" rebuy="0" addon="0" merge="0" rebuychips="0" reg_code="5093350827"/>
<player seat="3" name="mocciolocaldo" chips="510" dealer="0" win="0" bet="500" muck="1" rebuy="0" addon="0" merge="0" rebuychips="0" reg_code="5093350753"/>
</players>
</general>
<round no="0"><action no="1" player="mocciolocaldo" type="1" discard="1" dealt="1" sum="10"/>
<action no="2" player="Ankalaev" type="2" discard="1" dealt="1" sum="20"/>
</round>
<round no="1"><cards type="Pocket" player="22vidi22">C10 C3</cards>
<cards type="Pocket" player="mocciolocaldo">HK DA</cards>
<cards type="Pocket" player="Ankalaev">D6 D4</cards>
<action no="3" player="22vidi22" type="0" sum="0"/>
<action no="4" player="mocciolocaldo" type="23" discard="1" dealt="1" sum="60"/>
<action no="5" player="Ankalaev" type="3" discard="1" dealt="1" sum="40"/>
</round>
<round no="2"><cards type="Flop">D5 S4 CK</cards>
<action no="6" player="mocciolocaldo" type="5" discard="1" dealt="1" sum="30"/>
<action no="7" player="Ankalaev" type="3" discard="1" dealt="1" sum="30"/>
</round>
<round no="3"><cards type="Turn">S3</cards>
<action no="8" player="mocciolocaldo" type="5" discard="1" dealt="1" sum="121"/>
<action no="9" player="Ankalaev" type="3" discard="1" dealt="1" sum="121"/>
</round>
<round no="4"><cards type="River">C2</cards>
<action no="10" player="mocciolocaldo" type="4" discard="1" dealt="1" sum="0"/>
<action no="11" player="Ankalaev" type="5" discard="1" dealt="1" sum="289"/>
<action no="12" player="mocciolocaldo" type="3" discard="1" dealt="1" sum="289"/>
</round>
</game>
<game gamecode="6611077982"><general>
<startdate>2026-01-29 11:22:35</startdate>
<round>1</round>
<failsafecounter/>
<players><player seat="10" name="22vidi22" chips="490" dealer="0" win="100" bet="100" muck="0" rebuy="0" addon="0" merge="0" rebuychips="0" reg_code="5093350827"/>
<player seat="3" name="mocciolocaldo" chips="10" dealer="1" win="30" bet="10" muck="0" rebuy="0" addon="0" merge="0" rebuychips="0" reg_code="5093350753"/>
<player seat="6" name="Ankalaev" chips="1,000" dealer="0" win="0" bet="60" muck="1" rebuy="0" addon="0" merge="0" rebuychips="0" reg_code="5093350807"/>
</players>
</general>
<round no="0"><action no="1" player="Ankalaev" type="1" discard="1" dealt="1" sum="10"/>
<action no="2" player="22vidi22" type="2" sum="20"/>
</round>
<round no="1"><cards type="Pocket" player="22vidi22">HK C2</cards>
<cards type="Pocket" player="Ankalaev">X X</cards>
<cards type="Pocket" player="mocciolocaldo">SK SJ</cards>
<action no="3" player="mocciolocaldo" type="7" discard="1" dealt="1" sum="10"/>
<action no="4" player="Ankalaev" type="3" discard="1" dealt="1" sum="10"/>
<action no="5" player="22vidi22" type="23" sum="60"/>
<action no="6" player="Ankalaev" type="3" discard="1" dealt="1" sum="40"/>
</round>
<round no="2"><cards type="Flop">HJ H3 S10</cards>
<action no="7" player="Ankalaev" type="4" discard="1" dealt="1" sum="0"/>
<action no="8" player="22vidi22" type="5" sum="40"/>
<action no="9" player="Ankalaev" type="0" discard="1" dealt="1" sum="0"/>
</round>
<round no="3"><cards type="Turn">D10</cards>
</round>
<round no="4"><cards type="River">HA</cards>
</round>
</game>
<game gamecode="6611078024"><general>
<startdate>2026-01-29 11:23:02</startdate>
<round>1</round>
<failsafecounter/>
<players><player seat="3" name="mocciolocaldo" chips="30" dealer="0" win="30" bet="30" muck="0" rebuy="0" addon="0" merge="0" rebuychips="0" reg_code="5093350753"/>
<player seat="6" name="Ankalaev" chips="940" dealer="1" win="0" bet="0" muck="1" rebuy="0" addon="0" merge="0" rebuychips="0" reg_code="5093350807"/>
<player seat="10" name="22vidi22" chips="530" dealer="0" win="30" bet="40" muck="0" rebuy="0" addon="0" merge="0" rebuychips="0" reg_code="5093350827"/>
</players>
</general>
<round no="0"><action no="1" player="22vidi22" type="1" sum="10"/>
<action no="2" player="mocciolocaldo" type="2" discard="1" dealt="1" sum="20"/>
</round>
<round no="1"><cards type="Pocket" player="Ankalaev">X X</cards>
<cards type="Pocket" player="mocciolocaldo">H5 S3</cards>
<cards type="Pocket" player="22vidi22">C2 D5</cards>
<action no="3" player="Ankalaev" type="0" discard="1" dealt="1" sum="0"/>
<action no="4" player="22vidi22" type="23" sum="40"/>
<action no="5" player="mocciolocaldo" type="7" discard="1" dealt="1" sum="10"/>
</round>
<round no="2"><cards type="Flop">C7 D4 DK</cards>
</round>
<round no="3"><cards type="Turn">SQ</cards>
</round>
<round no="4"><cards type="River">D10</cards>
</round>
</game>
<game gamecode="6611078060"><general>
<startdate>2026-01-29 11:23:27</startdate>
<round>1</round>
<failsafecounter/>
<players><player seat="6" name="Ankalaev" chips="940" dealer="0" win="0" bet="35" muck="1" rebuy="0" addon="0" merge="0" rebuychips="0" reg_code="5093350807"/>
<player seat="10" name="22vidi22" chips="530" dealer="1" win="100" bet="530" muck="0" rebuy="0" addon="0" merge="0" rebuychips="0" reg_code="5093350827"/>
<player seat="3" name="mocciolocaldo" chips="30" dealer="0" win="0" bet="30" muck="1" rebuy="0" addon="0" merge="0" rebuychips="0" reg_code="5093350753"/>
</players>
</general>
<round no="0"><action no="1" player="mocciolocaldo" type="15" discard="1" dealt="1" sum="5"/>
<action no="2" player="Ankalaev" type="15" discard="1" dealt="1" sum="5"/>
<action no="3" player="22vidi22" type="15" sum="5"/>
<action no="4" player="mocciolocaldo" type="1" discard="1" dealt="1" sum="15"/>
<action no="5" player="Ankalaev" type="2" discard="1" dealt="1" sum="30"/>
</round>
<round no="1"><cards type="Pocket" player="22vidi22">D7 HA</cards>
<cards type="Pocket" player="mocciolocaldo">S6 S5</cards>
<cards type="Pocket" player="Ankalaev">X X</cards>
<action no="6" player="22vidi22" type="23" sum="525"/>
<action no="7" player="mocciolocaldo" type="7" discard="1" dealt="1" sum="10"/>
<action no="8" player="Ankalaev" type="0" discard="1" dealt="1" sum="0"/>
</round>
<round no="2"><cards type="Flop">DA D9 CA</cards>
</round>
<round no="3"><cards type="Turn">HK</cards>
</round>
<round no="4"><cards type="River">C2</cards>
</round>
</game>
<game gamecode="6611078091"><general>
<startdate>2026-01-29 11:23:50</startdate>
<round>1</round>
<failsafecounter/>
<players><player seat="10" name="22vidi22" chips="595" dealer="0" win="0" bet="35" muck="1" rebuy="0" addon="0" merge="0" rebuychips="0" reg_code="5093350827"/>
<player seat="6" name="Ankalaev" chips="905" dealer="1" win="70" bet="70" muck="1" rebuy="0" addon="0" merge="0" rebuychips="0" reg_code="5093350807"/>
</players>
</general>
<round no="0"><action no="1" player="Ankalaev" type="15" discard="1" dealt="1" sum="5"/>
<action no="2" player="22vidi22" type="15" sum="5"/>
<action no="3" player="Ankalaev" type="1" discard="1" dealt="1" sum="15"/>
<action no="4" player="22vidi22" type="2" sum="30"/>
</round>
<round no="1"><cards type="Pocket" player="22vidi22">H7 S4</cards>
<cards type="Pocket" player="Ankalaev">X X</cards>
<action no="5" player="Ankalaev" type="3" discard="1" dealt="1" sum="15"/>
<action no="6" player="22vidi22" type="4" sum="0"/>
</round>
<round no="2"><cards type="Flop">DJ HQ C3</cards>
<action no="7" player="22vidi22" type="4" sum="0"/>
<action no="8" player="Ankalaev" type="5" discard="1" dealt="1" sum="35"/>
<action no="9" player="22vidi22" type="0" sum="0"/>
</round>
</game>
<game gamecode="6611078125"><general>
<startdate>2026-01-29 11:24:11</startdate>
<round>1</round>
<failsafecounter/>
<players><player seat="6" name="Ankalaev" chips="940" dealer="0" win="0" bet="35" muck="1" rebuy="0" addon="0" merge="0" rebuychips="0" reg_code="5093350807"/>
<player seat="10" name="22vidi22" chips="560" dealer="1" win="70" bet="65" muck="1" rebuy="0" addon="0" merge="0" rebuychips="0" reg_code="5093350827"/>
</players>
</general>
<round no="0"><action no="1" player="22vidi22" type="15" sum="5"/>
<action no="2" player="Ankalaev" type="15" discard="1" dealt="1" sum="5"/>
<action no="3" player="22vidi22" type="1" sum="15"/>
<action no="4" player="Ankalaev" type="2" discard="1" dealt="1" sum="30"/>
</round>
<round no="1"><cards type="Pocket" player="22vidi22">CQ HQ</cards>
<cards type="Pocket" player="Ankalaev">X X</cards>
<action no="5" player="22vidi22" type="23" sum="60"/>
<action no="6" player="Ankalaev" type="0" discard="1" dealt="1" sum="0"/>
</round>
</game>
<game gamecode="6611078133"><general>
<startdate>2026-01-29 11:24:18</startdate>
<round>1</round>
<failsafecounter/>
<players><player seat="10" name="22vidi22" chips="595" dealer="0" win="130" bet="595" muck="1" rebuy="0" addon="0" merge="0" rebuychips="0" reg_code="5093350827"/>
<player seat="6" name="Ankalaev" chips="905" dealer="1" win="0" bet="65" muck="1" rebuy="0" addon="0" merge="0" rebuychips="0" reg_code="5093350807"/>
</players>
</general>
<round no="0"><action no="1" player="Ankalaev" type="15" discard="1" dealt="1" sum="5"/>
<action no="2" player="22vidi22" type="15" sum="5"/>
<action no="3" player="Ankalaev" type="1" discard="1" dealt="1" sum="15"/>
<action no="4" player="22vidi22" type="2" sum="30"/>
</round>
<round no="1"><cards type="Pocket" player="Ankalaev">X X</cards>
<cards type="Pocket" player="22vidi22">CA S7</cards>
<action no="5" player="Ankalaev" type="23" discard="1" dealt="1" sum="60"/>
<action no="6" player="22vidi22" type="23" sum="590"/>
<action no="7" player="Ankalaev" type="0" discard="1" dealt="1" sum="0"/>
</round>
</game>
<game gamecode="6611078143"><general>
<startdate>2026-01-29 11:24:26</startdate>
<round>1</round>
<failsafecounter/>
<players><player seat="6" name="Ankalaev" chips="840" dealer="0" win="40" bet="35" muck="1" rebuy="0" addon="0" merge="0" rebuychips="0" reg_code="5093350807"/>
<player seat="10" name="22vidi22" chips="660" dealer="1" win="0" bet="20" muck="1" rebuy="0" addon="0" merge="0" rebuychips="0" reg_code="5093350827"/>
</players>
</general>
<round no="0"><action no="1" player="22vidi22" type="15" sum="5"/>
<action no="2" player="Ankalaev" type="15" discard="1" dealt="1" sum="5"/>
<action no="3" player="22vidi22" type="1" sum="15"/>
<action no="4" player="Ankalaev" type="2" discard="1" dealt="1" sum="30"/>
</round>
<round no="1"><cards type="Pocket" player="Ankalaev">X X</cards>
<cards type="Pocket" player="22vidi22">D5 S3</cards>
<action no="5" player="22vidi22" type="0" sum="0"/>
</round>
</game>
<game gamecode="6611078151"><general>
<startdate>2026-01-29 11:24:32</startdate>
<round>1</round>
<failsafecounter/>
<players><player seat="10" name="22vidi22" chips="640" dealer="0" win="0" bet="70" muck="1" rebuy="0" addon="0" merge="0" rebuychips="0" reg_code="5093350827"/>
<player seat="6" name="Ankalaev" chips="860" dealer="1" win="140" bet="70" muck="0" rebuy="0" addon="0" merge="0" rebuychips="0" reg_code="5093350807"/>
</players>
</general>
<round no="0"><action no="1" player="Ankalaev" type="15" discard="1" dealt="1" sum="5"/>
<action no="2" player="22vidi22" type="15" sum="5"/>
<action no="3" player="Ankalaev" type="1" discard="1" dealt="1" sum="15"/>
<action no="4" player="22vidi22" type="2" sum="30"/>
</round>
<round no="1"><cards type="Pocket" player="22vidi22">S2 CK</cards>
<cards type="Pocket" player="Ankalaev">C7 D4</cards>
<action no="5" player="Ankalaev" type="3" discard="1" dealt="1" sum="15"/>
<action no="6" player="22vidi22" type="4" sum="0"/>
</round>
<round no="2"><cards type="Flop">HJ D5 H4</cards>
<action no="7" player="22vidi22" type="4" sum="0"/>
<action no="8" player="Ankalaev" type="4" discard="1" dealt="1" sum="0"/>
</round>
<round no="3"><cards type="Turn">S3</cards>
<action no="9" player="22vidi22" type="4" sum="0"/>
<action no="10" player="Ankalaev" type="5" discard="1" dealt="1" sum="35"/>
<action no="11" player="22vidi22" type="3" sum="35"/>
</round>
<round no="4"><cards type="River">S9</cards>
<action no="12" player="22vidi22" type="4" sum="0"/>
<action no="13" player="Ankalaev" type="4" discard="1" dealt="1" sum="0"/>
</round>
</game>
<game gamecode="6611078199"><general>
<startdate>2026-01-29 11:25:01</startdate>
<round>1</round>
<failsafecounter/>
<players><player seat="6" name="Ankalaev" chips="930" dealer="0" win="1,140" bet="570" muck="0" rebuy="0" addon="0" merge="0" rebuychips="0" reg_code="5093350807"/>
<player seat="10" name="22vidi22" chips="570" dealer="1" win="0" bet="570" muck="0" rebuy="0" addon="0" merge="0" rebuychips="0" reg_code="5093350827"/>
</players>
</general>
<round no="0"><action no="1" player="22vidi22" type="15" sum="5"/>
<action no="2" player="Ankalaev" type="15" discard="1" dealt="1" sum="5"/>
<action no="3" player="22vidi22" type="1" sum="15"/>
<action no="4" player="Ankalaev" type="2" discard="1" dealt="1" sum="30"/>
</round>
<round no="1"><cards type="Pocket" player="22vidi22">HJ S10</cards>
<cards type="Pocket" player="Ankalaev">HK D3</cards>
<action no="5" player="22vidi22" type="3" sum="15"/>
<action no="6" player="Ankalaev" type="4" discard="1" dealt="1" sum="0"/>
</round>
<round no="2"><cards type="Flop">S6 SK D4</cards>
<action no="7" player="Ankalaev" type="4" discard="1" dealt="1" sum="0"/>
<action no="8" player="22vidi22" type="5" sum="30"/>
<action no="9" player="Ankalaev" type="3" discard="1" dealt="1" sum="30"/>
</round>
<round no="3"><cards type="Turn">HQ</cards>
<action no="10" player="Ankalaev" type="4" discard="1" dealt="1" sum="0"/>
<action no="11" player="22vidi22" type="5" sum="90"/>
<action no="12" player="Ankalaev" type="3" discard="1" dealt="1" sum="90"/>
</round>
<round no="4"><cards type="River">H5</cards>
<action no="13" player="Ankalaev" type="4" discard="1" dealt="1" sum="0"/>
<action no="14" player="22vidi22" type="5" sum="415"/>
<action no="15" player="Ankalaev" type="3" discard="1" dealt="1" sum="415"/>
</round>
</game>
</session>
