<?xml version="1.0" encoding="UTF-8"?>
<session sessioncode="5077065999">
<general>
<client_version>25.7.1.34</client_version>
<mode>real</mode>
<gametype>Holdem NL</gametype>
<tablename>Twister €1 SNG, 822825766</tablename>
<tournamentcode>822825765</tournamentcode>
<tournamentname>Twister €1 SNG</tournamentname>
<buyin>€0 + €0.07 + €0.93</buyin>
<totalbuyin>€1</totalbuyin>
<rewarddrawn>€3</rewarddrawn>
<tournamentcurrency>EUR</tournamentcurrency>
<currency>EUR</currency>
<nickname>KOPKHUNKRAP</nickname>
<gamecount>6</gamecount>
<startdate>2025-12-01 18:21:27</startdate>
<place>2</place>
<win>€0</win>
<tablesize>3</tablesize>
</general>
<game gamecode="6546230156"><general>
<startdate>2025-12-01 18:21:42</startdate>
<round>1</round>
<failsafecounter/>
<players><player seat="10" name="KOPKHUNKRAP" chips="500" dealer="0" win="20" bet="20" muck="1" rebuy="0" addon="0" merge="0" rebuychips="0" reg_code="5077065999"/>
<player seat="3" name="CheeMohawk" chips="500" dealer="1" win="0" bet="0" muck="1" rebuy="0" addon="0" merge="0" rebuychips="0" reg_code="5077065958"/>
<player seat="6" name="delcort1" chips="500" dealer="0" win="0" bet="10" muck="1" rebuy="0" addon="0" merge="0" rebuychips="0" reg_code="5077065979"/>
</players>
</general>
<round no="0"><action no="1" player="delcort1" type="1" discard="1" dealt="1" sum="10"/>
<action no="2" player="KOPKHUNKRAP" type="2" sum="20"/>
</round>
<round no="1"><cards type="Pocket" player="CheeMohawk">X X</cards>
<cards type="Pocket" player="delcort1">X X</cards>
<cards type="Pocket" player="KOPKHUNKRAP">D4 C8</cards>
<action no="3" player="CheeMohawk" type="0" discard="1" dealt="1" sum="0"/>
<action no="4" player="delcort1" type="0" discard="1" dealt="1" sum="0"/>
</round>
</game>
<game gamecode="6546230224"><general>
<startdate>2025-12-01 18:21:54</startdate>
<round>1</round>
<failsafecounter/>
<players><player seat="3" name="CheeMohawk" chips="500" dealer="0" win="0" bet="20" muck="1" rebuy="0" addon="0" merge="0" rebuychips="0" reg_code="5077065958"/>
<player seat="6" name="delcort1" chips="490" dealer="1" win="0" bet="490" muck="0" rebuy="0" addon="0" merge="0" rebuychips="0" reg_code="5077065979"/>
<player seat="10" name="KOPKHUNKRAP" chips="510" dealer="0" win="1,000" bet="510" muck="0" rebuy="0" addon="0" merge="0" rebuychips="0" reg_code="5077065999"/>
</players>
</general>
<round no="0"><action no="1" player="KOPKHUNKRAP" type="1" sum="10"/>
<action no="2" player="CheeMohawk" type="2" discard="1" dealt="1" sum="20"/>
</round>
<round no="1"><cards type="Pocket" player="delcort1">CQ SJ</cards>
<cards type="Pocket" player="KOPKHUNKRAP">H6 HK</cards>
<cards type="Pocket" player="CheeMohawk">X X</cards>
<action no="3" player="delcort1" type="23" discard="1" dealt="1" sum="40"/>
<action no="4" player="KOPKHUNKRAP" type="23" sum="510"/>
<action no="5" player="CheeMohawk" type="0" discard="1" dealt="1" sum="0"/>
<action no="6" player="delcort1" type="7" discard="1" dealt="1" sum="450"/>
</round>
<round no="2"><cards type="Flop">H10 H8 D6</cards>
</round>
<round no="3"><cards type="Turn">SA</cards>
</round>
<round no="4"><cards type="River">C5</cards>
</round>
</game>
<game gamecode="6546230374"><general>
<startdate>2025-12-01 18:22:24</startdate>
<round>1</round>
<failsafecounter/>
<players><player seat="3" name="CheeMohawk" chips="480" dealer="0" win="960" bet="480" muck="0" rebuy="0" addon="0" merge="0" rebuychips="0" reg_code="5077065958"/>
<player seat="10" name="KOPKHUNKRAP" chips="1,020" dealer="1" win="0" bet="480" muck="1" rebuy="0" addon="0" merge="0" rebuychips="0" reg_code="5077065999"/>
</players>
</general>
<round no="0"><action no="1" player="KOPKHUNKRAP" type="1" sum="10"/>
<action no="2" player="CheeMohawk" type="2" discard="1" dealt="1" sum="20"/>
</round>
<round no="1"><cards type="Pocket" player="CheeMohawk">S6 C6</cards>
<cards type="Pocket" player="KOPKHUNKRAP">H8 DJ</cards>
<action no="3" player="KOPKHUNKRAP" type="23" sum="40"/>
<action no="4" player="CheeMohawk" type="23" discard="1" dealt="1" sum="480"/>
<action no="5" player="KOPKHUNKRAP" type="3" sum="440"/>
</round>
<round no="2"><cards type="Flop">D5 SA H2</cards>
</round>
<round no="3"><cards type="Turn">C10</cards>
</round>
<round no="4"><cards type="River">D9</cards>
</round>
</game>
<game gamecode="6546230464"><general>
<startdate>2025-12-01 18:22:41</startdate>
<round>1</round>
<failsafecounter/>
<players><player seat="10" name="KOPKHUNKRAP" chips="540" dealer="0" win="80" bet="540" muck="1" rebuy="0" addon="0" merge="0" rebuychips="0" reg_code="5077065999"/>
<player seat="3" name="CheeMohawk" chips="960" dealer="1" win="0" bet="40" muck="1" rebuy="0" addon="0" merge="0" rebuychips="0" reg_code="5077065958"/>
</players>
</general>
<round no="0"><action no="1" player="CheeMohawk" type="1" discard="1" dealt="1" sum="10"/>
<action no="2" player="KOPKHUNKRAP" type="2" sum="20"/>
</round>
<round no="1"><cards type="Pocket" player="KOPKHUNKRAP">H5 D5</cards>
<cards type="Pocket" player="CheeMohawk">X X</cards>
<action no="3" player="CheeMohawk" type="23" discard="1" dealt="1" sum="40"/>
<action no="4" player="KOPKHUNKRAP" type="23" sum="540"/>
<action no="5" player="CheeMohawk" type="0" discard="1" dealt="1" sum="0"/>
</round>
</game>
<game gamecode="6546230514"><general>
<startdate>2025-12-01 18:22:50</startdate>
<round>1</round>
<failsafecounter/>
<players><player seat="3" name="CheeMohawk" chips="920" dealer="0" win="0" bet="20" muck="1" rebuy="0" addon="0" merge="0" rebuychips="0" reg_code="5077065958"/>
<player seat="10" name="KOPKHUNKRAP" chips="580" dealer="1" win="40" bet="580" muck="1" rebuy="0" addon="0" merge="0" rebuychips="0" reg_code="5077065999"/>
</players>
</general>
<round no="0"><action no="1" player="KOPKHUNKRAP" type="1" sum="10"/>
<action no="2" player="CheeMohawk" type="2" discard="1" dealt="1" sum="20"/>
</round>
<round no="1"><cards type="Pocket" player="KOPKHUNKRAP">D7 SA</cards>
<cards type="Pocket" player="CheeMohawk">X X</cards>
<action no="3" player="KOPKHUNKRAP" type="23" sum="580"/>
<action no="4" player="CheeMohawk" type="0" discard="1" dealt="1" sum="0"/>
</round>
</game>
<game gamecode="6546230561"><general>
<startdate>2025-12-01 18:22:58</startdate>
<round>1</round>
<failsafecounter/>
<players><player seat="10" name="KOPKHUNKRAP" chips="600" dealer="0" win="0" bet="600" muck="0" rebuy="0" addon="0" merge="0" rebuychips="0" reg_code="5077065999"/>
<player seat="3" name="CheeMohawk" chips="900" dealer="1" win="1,200" bet="600" muck="0" rebuy="0" addon="0" merge="0" rebuychips="0" reg_code="5077065958"/>
</players>
</general>
<round no="0"><action no="1" player="CheeMohawk" type="1" discard="1" dealt="1" sum="10"/>
<action no="2" player="KOPKHUNKRAP" type="2" sum="20"/>
</round>
<round no="1"><cards type="Pocket" player="KOPKHUNKRAP">CQ H4</cards>
<cards type="Pocket" player="CheeMohawk">SK HA</cards>
<action no="3" player="CheeMohawk" type="23" discard="1" dealt="1" sum="40"/>
<action no="4" player="KOPKHUNKRAP" type="23" sum="600"/>
<action no="5" player="CheeMohawk" type="3" discard="1" dealt="1" sum="560"/>
</round>
<round no="2"><cards type="Flop">H7 HK H2</cards>
</round>
<round no="3"><cards type="Turn">DQ</cards>
</round>
<round no="4"><cards type="River">DK</cards>
</round>
</game>
</session>
