<?xml version="1.0" encoding="UTF-8"?>
<session sessioncode="5078173451">
<general>
<client_version>24.7.1.15</client_version>
<mode>real</mode>
<gametype>Holdem NL</gametype>
<tablename>Twister €200 SNG, 823128775</tablename>
<tournamentcode>823128773</tournamentcode>
<tournamentname>Twister €200 SNG</tournamentname>
<buyin>€0 + €12 + €188</buyin>
<totalbuyin>€200</totalbuyin>
<rewarddrawn>€400</rewarddrawn>
<tournamentcurrency>EUR</tournamentcurrency>
<currency>EUR</currency>
<nickname>KOPKHUNKRAP</nickname>
<gamecount>9</gamecount>
<startdate>2025-12-06 01:10:47</startdate>
<place>3</place>
<win>€0</win>
<tablesize>3</tablesize>
</general>
<game gamecode="6550325097"><general>
<startdate>2025-12-06 01:11:02</startdate>
<round>1</round>
<failsafecounter/>
<players><player seat="3" name="Lollomoro" chips="500" dealer="0" win="20" bet="20" muck="1" rebuy="0" addon="0" merge="0" rebuychips="0" reg_code="5078173386"/>
<player seat="6" name="OndaBianca1" chips="500" dealer="1" win="0" bet="0" muck="1" rebuy="0" addon="0" merge="0" rebuychips="0" reg_code="5078170765"/>
<player seat="10" name="KOPKHUNKRAP" chips="500" dealer="0" win="0" bet="10" muck="1" rebuy="0" addon="0" merge="0" rebuychips="0" reg_code="5078173451"/>
</players>
</general>
<round no="0"><action no="1" player="KOPKHUNKRAP" type="1" sum="10"/>
<action no="2" player="Lollomoro" type="2" discard="1" dealt="1" sum="20"/>
</round>
<round no="1"><cards type="Pocket" player="Lollomoro">X X</cards>
<cards type="Pocket" player="OndaBianca1">X X</cards>
<cards type="Pocket" player="KOPKHUNKRAP">HJ D4</cards>
<action no="3" player="OndaBianca1" type="0" discard="1" dealt="1" sum="0"/>
<action no="4" player="KOPKHUNKRAP" type="0" sum="0"/>
</round>
</game>
<game gamecode="6550325141"><general>
<startdate>2025-12-06 01:11:23</startdate>
<round>1</round>
<failsafecounter/>
<players><player seat="6" name="OndaBianca1" chips="500" dealer="0" win="0" bet="148" muck="1" rebuy="0" addon="0" merge="0" rebuychips="0" reg_code="5078170765"/>
<player seat="10" name="KOPKHUNKRAP" chips="490" dealer="1" win="0" bet="0" muck="1" rebuy="0" addon="0" merge="0" rebuychips="0" reg_code="5078173451"/>
<player seat="3" name="Lollomoro" chips="510" dealer="0" win="296" bet="148" muck="0" rebuy="0" addon="0" merge="0" rebuychips="0" reg_code="5078173386"/>
</players>
</general>
<round no="0"><action no="1" player="Lollomoro" type="1" discard="1" dealt="1" sum="10"/>
<action no="2" player="OndaBianca1" type="2" discard="1" dealt="1" sum="20"/>
</round>
<round no="1"><cards type="Pocket" player="KOPKHUNKRAP">D2 C3</cards>
<cards type="Pocket" player="Lollomoro">DQ H8</cards>
<cards type="Pocket" player="OndaBianca1">DK HA</cards>
<action no="3" player="KOPKHUNKRAP" type="0" sum="0"/>
<action no="4" player="Lollomoro" type="3" discard="1" dealt="1" sum="10"/>
<action no="5" player="OndaBianca1" type="23" discard="1" dealt="1" sum="60"/>
<action no="6" player="Lollomoro" type="3" discard="1" dealt="1" sum="40"/>
</round>
<round no="2"><cards type="Flop">H6 D8 H7</cards>
<action no="7" player="Lollomoro" type="4" discard="1" dealt="1" sum="0"/>
<action no="8" player="OndaBianca1" type="4" discard="1" dealt="1" sum="0"/>
</round>
<round no="3"><cards type="Turn">SQ</cards>
<action no="9" player="Lollomoro" type="5" discard="1" dealt="1" sum="88"/>
<action no="10" player="OndaBianca1" type="3" discard="1" dealt="1" sum="88"/>
</round>
<round no="4"><cards type="River">D7</cards>
<action no="11" player="Lollomoro" type="4" discard="1" dealt="1" sum="0"/>
<action no="12" player="OndaBianca1" type="4" discard="1" dealt="1" sum="0"/>
</round>
</game>
<game gamecode="6550325201"><general>
<startdate>2025-12-06 01:11:47</startdate>
<round>1</round>
<failsafecounter/>
<players><player seat="10" name="KOPKHUNKRAP" chips="490" dealer="0" win="20" bet="20" muck="1" rebuy="0" addon="0" merge="0" rebuychips="0" reg_code="5078173451"/>
<player seat="3" name="Lollomoro" chips="658" dealer="1" win="0" bet="0" muck="1" rebuy="0" addon="0" merge="0" rebuychips="0" reg_code="5078173386"/>
<player seat="6" name="OndaBianca1" chips="352" dealer="0" win="0" bet="10" muck="1" rebuy="0" addon="0" merge="0" rebuychips="0" reg_code="5078170765"/>
</players>
</general>
<round no="0"><action no="1" player="OndaBianca1" type="1" discard="1" dealt="1" sum="10"/>
<action no="2" player="KOPKHUNKRAP" type="2" sum="20"/>
</round>
<round no="1"><cards type="Pocket" player="Lollomoro">X X</cards>
<cards type="Pocket" player="OndaBianca1">X X</cards>
<cards type="Pocket" player="KOPKHUNKRAP">S6 S3</cards>
<action no="3" player="Lollomoro" type="0" discard="1" dealt="1" sum="0"/>
<action no="4" player="OndaBianca1" type="0" discard="1" dealt="1" sum="0"/>
</round>
</game>
<game gamecode="6550325228"><general>
<startdate>2025-12-06 01:11:56</startdate>
<round>1</round>
<failsafecounter/>
<players><player seat="3" name="Lollomoro" chips="658" dealer="0" win="20" bet="20" muck="1" rebuy="0" addon="0" merge="0" rebuychips="0" reg_code="5078173386"/>
<player seat="6" name="OndaBianca1" chips="342" dealer="1" win="0" bet="0" muck="1" rebuy="0" addon="0" merge="0" rebuychips="0" reg_code="5078170765"/>
<player seat="10" name="KOPKHUNKRAP" chips="500" dealer="0" win="0" bet="10" muck="1" rebuy="0" addon="0" merge="0" rebuychips="0" reg_code="5078173451"/>
</players>
</general>
<round no="0"><action no="1" player="KOPKHUNKRAP" type="1" sum="10"/>
<action no="2" player="Lollomoro" type="2" discard="1" dealt="1" sum="20"/>
</round>
<round no="1"><cards type="Pocket" player="Lollomoro">X X</cards>
<cards type="Pocket" player="OndaBianca1">X X</cards>
<cards type="Pocket" player="KOPKHUNKRAP">CJ S4</cards>
<action no="3" player="OndaBianca1" type="0" discard="1" dealt="1" sum="0"/>
<action no="4" player="KOPKHUNKRAP" type="0" sum="0"/>
</round>
</game>
<game gamecode="6550325262"><general>
<startdate>2025-12-06 01:12:07</startdate>
<round>1</round>
<failsafecounter/>
<players><player seat="6" name="OndaBianca1" chips="342" dealer="0" win="694" bet="342" muck="0" rebuy="0" addon="0" merge="0" rebuychips="0" reg_code="5078170765"/>
<player seat="10" name="KOPKHUNKRAP" chips="490" dealer="1" win="0" bet="342" muck="1" rebuy="0" addon="0" merge="0" rebuychips="0" reg_code="5078173451"/>
<player seat="3" name="Lollomoro" chips="668" dealer="0" win="0" bet="10" muck="1" rebuy="0" addon="0" merge="0" rebuychips="0" reg_code="5078173386"/>
</players>
</general>
<round no="0"><action no="1" player="Lollomoro" type="1" discard="1" dealt="1" sum="10"/>
<action no="2" player="OndaBianca1" type="2" discard="1" dealt="1" sum="20"/>
</round>
<round no="1"><cards type="Pocket" player="Lollomoro">X X</cards>
<cards type="Pocket" player="OndaBianca1">H8 DQ</cards>
<cards type="Pocket" player="KOPKHUNKRAP">S7 S8</cards>
<action no="3" player="KOPKHUNKRAP" type="23" sum="40"/>
<action no="4" player="Lollomoro" type="0" discard="1" dealt="1" sum="0"/>
<action no="5" player="OndaBianca1" type="3" discard="1" dealt="1" sum="20"/>
</round>
<round no="2"><cards type="Flop">S4 CJ SQ</cards>
<action no="6" player="OndaBianca1" type="4" discard="1" dealt="1" sum="0"/>
<action no="7" player="KOPKHUNKRAP" type="5" sum="29"/>
<action no="8" player="OndaBianca1" type="23" discard="1" dealt="1" sum="119"/>
<action no="9" player="KOPKHUNKRAP" type="3" sum="90"/>
</round>
<round no="3"><cards type="Turn">H7</cards>
<action no="10" player="OndaBianca1" type="5" discard="1" dealt="1" sum="183"/>
<action no="11" player="KOPKHUNKRAP" type="3" sum="183"/>
</round>
<round no="4"><cards type="River">D3</cards>
</round>
</game>
<game gamecode="6550325350"><general>
<startdate>2025-12-06 01:12:42</startdate>
<round>1</round>
<failsafecounter/>
<players><player seat="10" name="KOPKHUNKRAP" chips="148" dealer="0" win="20" bet="20" muck="1" rebuy="0" addon="0" merge="0" rebuychips="0" reg_code="5078173451"/>
<player seat="3" name="Lollomoro" chips="658" dealer="1" win="0" bet="0" muck="1" rebuy="0" addon="0" merge="0" rebuychips="0" reg_code="5078173386"/>
<player seat="6" name="OndaBianca1" chips="694" dealer="0" win="0" bet="10" muck="1" rebuy="0" addon="0" merge="0" rebuychips="0" reg_code="5078170765"/>
</players>
</general>
<round no="0"><action no="1" player="OndaBianca1" type="1" discard="1" dealt="1" sum="10"/>
<action no="2" player="KOPKHUNKRAP" type="2" sum="20"/>
</round>
<round no="1"><cards type="Pocket" player="Lollomoro">X X</cards>
<cards type="Pocket" player="KOPKHUNKRAP">S7 H4</cards>
<cards type="Pocket" player="OndaBianca1">X X</cards>
<action no="3" player="Lollomoro" type="0" discard="1" dealt="1" sum="0"/>
<action no="4" player="OndaBianca1" type="0" discard="1" dealt="1" sum="0"/>
</round>
</game>
<game gamecode="6550325369"><general>
<startdate>2025-12-06 01:12:50</startdate>
<round>1</round>
<failsafecounter/>
<players><player seat="3" name="Lollomoro" chips="658" dealer="0" win="150" bet="176" muck="1" rebuy="0" addon="0" merge="0" rebuychips="0" reg_code="5078173386"/>
<player seat="6" name="OndaBianca1" chips="684" dealer="1" win="0" bet="65" muck="1" rebuy="0" addon="0" merge="0" rebuychips="0" reg_code="5078170765"/>
<player seat="10" name="KOPKHUNKRAP" chips="158" dealer="0" win="0" bet="20" muck="1" rebuy="0" addon="0" merge="0" rebuychips="0" reg_code="5078173451"/>
</players>
</general>
<round no="0"><action no="1" player="KOPKHUNKRAP" type="15" sum="5"/>
<action no="2" player="Lollomoro" type="15" discard="1" dealt="1" sum="5"/>
<action no="3" player="OndaBianca1" type="15" discard="1" dealt="1" sum="5"/>
<action no="4" player="KOPKHUNKRAP" type="1" sum="15"/>
<action no="5" player="Lollomoro" type="2" discard="1" dealt="1" sum="30"/>
</round>
<round no="1"><cards type="Pocket" player="Lollomoro">X X</cards>
<cards type="Pocket" player="KOPKHUNKRAP">C4 S5</cards>
<cards type="Pocket" player="OndaBianca1">X X</cards>
<action no="6" player="OndaBianca1" type="23" discard="1" dealt="1" sum="60"/>
<action no="7" player="KOPKHUNKRAP" type="0" sum="0"/>
<action no="8" player="Lollomoro" type="3" discard="1" dealt="1" sum="30"/>
</round>
<round no="2"><cards type="Flop">C5 D7 S4</cards>
<action no="9" player="Lollomoro" type="4" discard="1" dealt="1" sum="0"/>
<action no="10" player="OndaBianca1" type="4" discard="1" dealt="1" sum="0"/>
</round>
<round no="3"><cards type="Turn">D3</cards>
<action no="11" player="Lollomoro" type="5" discard="1" dealt="1" sum="111"/>
<action no="12" player="OndaBianca1" type="0" discard="1" dealt="1" sum="0"/>
</round>
</game>
<game gamecode="6550325446"><general>
<startdate>2025-12-06 01:13:18</startdate>
<round>1</round>
<failsafecounter/>
<players><player seat="6" name="OndaBianca1" chips="619" dealer="0" win="0" bet="35" muck="1" rebuy="0" addon="0" merge="0" rebuychips="0" reg_code="5078170765"/>
<player seat="10" name="KOPKHUNKRAP" chips="138" dealer="1" win="0" bet="5" muck="1" rebuy="0" addon="0" merge="0" rebuychips="0" reg_code="5078173451"/>
<player seat="3" name="Lollomoro" chips="743" dealer="0" win="75" bet="743" muck="1" rebuy="0" addon="0" merge="0" rebuychips="0" reg_code="5078173386"/>
</players>
</general>
<round no="0"><action no="1" player="Lollomoro" type="15" discard="1" dealt="1" sum="5"/>
<action no="2" player="OndaBianca1" type="15" discard="1" dealt="1" sum="5"/>
<action no="3" player="KOPKHUNKRAP" type="15" sum="5"/>
<action no="4" player="Lollomoro" type="1" discard="1" dealt="1" sum="15"/>
<action no="5" player="OndaBianca1" type="2" discard="1" dealt="1" sum="30"/>
</round>
<round no="1"><cards type="Pocket" player="OndaBianca1">X X</cards>
<cards type="Pocket" player="KOPKHUNKRAP">CJ D3</cards>
<cards type="Pocket" player="Lollomoro">X X</cards>
<action no="6" player="KOPKHUNKRAP" type="0" sum="0"/>
<action no="7" player="Lollomoro" type="23" discard="1" dealt="1" sum="738"/>
<action no="8" player="OndaBianca1" type="0" discard="1" dealt="1" sum="0"/>
</round>
</game>
<game gamecode="6550325466"><general>
<startdate>2025-12-06 01:13:26</startdate>
<round>1</round>
<failsafecounter/>
<players><player seat="10" name="KOPKHUNKRAP" chips="133" dealer="0" win="0" bet="133" muck="0" rebuy="0" addon="0" merge="0" rebuychips="0" reg_code="5078173451"/>
<player seat="3" name="Lollomoro" chips="783" dealer="1" win="286" bet="133" muck="0" rebuy="0" addon="0" merge="0" rebuychips="0" reg_code="5078173386"/>
<player seat="6" name="OndaBianca1" chips="584" dealer="0" win="0" bet="20" muck="1" rebuy="0" addon="0" merge="0" rebuychips="0" reg_code="5078170765"/>
</players>
</general>
<round no="0"><action no="1" player="OndaBianca1" type="15" discard="1" dealt="1" sum="5"/>
<action no="2" player="KOPKHUNKRAP" type="15" sum="5"/>
<action no="3" player="Lollomoro" type="15" discard="1" dealt="1" sum="5"/>
<action no="4" player="OndaBianca1" type="1" discard="1" dealt="1" sum="15"/>
<action no="5" player="KOPKHUNKRAP" type="2" sum="30"/>
</round>
<round no="1"><cards type="Pocket" player="OndaBianca1">X X</cards>
<cards type="Pocket" player="Lollomoro">DJ DK</cards>
<cards type="Pocket" player="KOPKHUNKRAP">CQ S6</cards>
<action no="6" player="Lollomoro" type="3" discard="1" dealt="1" sum="30"/>
<action no="7" player="OndaBianca1" type="0" discard="1" dealt="1" sum="0"/>
<action no="8" player="KOPKHUNKRAP" type="4" sum="0"/>
</round>
<round no="2"><cards type="Flop">HK SK S10</cards>
<action no="9" player="KOPKHUNKRAP" type="4" sum="0"/>
<action no="10" player="Lollomoro" type="4" discard="1" dealt="1" sum="0"/>
</round>
<round no="3"><cards type="Turn">HJ</cards>
<action no="11" player="KOPKHUNKRAP" type="5" sum="98"/>
<action no="12" player="Lollomoro" type="3" discard="1" dealt="1" sum="98"/>
</round>
<round no="4"><cards type="River">S7</cards>
</round>
</game>
</session>
