<?xml version="1.0" encoding="UTF-8"?>
<session sessioncode="5078174063">
<general>
<client_version>24.7.1.15</client_version>
<mode>real</mode>
<gametype>Holdem NL</gametype>
<tablename>Twister €200 SNG, 823128907</tablename>
<tournamentcode>823128906</tournamentcode>
<tournamentname>Twister €200 SNG</tournamentname>
<buyin>€0 + €12 + €188</buyin>
<totalbuyin>€200</totalbuyin>
<rewarddrawn>€400</rewarddrawn>
<tournamentcurrency>EUR</tournamentcurrency>
<currency>EUR</currency>
<nickname>KOPKHUNKRAP</nickname>
<gamecount>29</gamecount>
<startdate>2025-12-06 01:16:32</startdate>
<place>2</place>
<win>€0</win>
<tablesize>3</tablesize>
</general>
<game gamecode="6550324393"><general>
<startdate>2025-12-06 01:16:47</startdate>
<round>1</round>
<failsafecounter/>
<players><player seat="3" name="KOPKHUNKRAP" chips="500" dealer="0" win="0" bet="20" muck="1" rebuy="0" addon="0" merge="0" rebuychips="0" reg_code="5078174063"/>
<player seat="6" name="OndaBianca1" chips="500" dealer="1" win="0" bet="0" muck="1" rebuy="0" addon="0" merge="0" rebuychips="0" reg_code="5078174370"/>
<player seat="10" name="Eddyfelson75" chips="500" dealer="0" win="40" bet="40" muck="1" rebuy="0" addon="0" merge="0" rebuychips="0" reg_code="5078174639"/>
</players>
</general>
<round no="0"><action no="1" player="Eddyfelson75" type="1" discard="1" dealt="1" sum="10"/>
<action no="2" player="KOPKHUNKRAP" type="2" sum="20"/>
</round>
<round no="1"><cards type="Pocket" player="Eddyfelson75">X X</cards>
<cards type="Pocket" player="KOPKHUNKRAP">S5 S9</cards>
<cards type="Pocket" player="OndaBianca1">X X</cards>
<action no="3" player="OndaBianca1" type="0" discard="1" dealt="1" sum="0"/>
<action no="4" player="Eddyfelson75" type="23" discard="1" dealt="1" sum="40"/>
<action no="5" player="KOPKHUNKRAP" type="0" sum="0"/>
</round>
</game>
<game gamecode="6550324447"><general>
<startdate>2025-12-06 01:17:01</startdate>
<round>1</round>
<failsafecounter/>
<players><player seat="6" name="OndaBianca1" chips="500" dealer="0" win="0" bet="20" muck="1" rebuy="0" addon="0" merge="0" rebuychips="0" reg_code="5078174370"/>
<player seat="10" name="Eddyfelson75" chips="520" dealer="1" win="50" bet="60" muck="1" rebuy="0" addon="0" merge="0" rebuychips="0" reg_code="5078174639"/>
<player seat="3" name="KOPKHUNKRAP" chips="480" dealer="0" win="0" bet="10" muck="1" rebuy="0" addon="0" merge="0" rebuychips="0" reg_code="5078174063"/>
</players>
</general>
<round no="0"><action no="1" player="KOPKHUNKRAP" type="1" sum="10"/>
<action no="2" player="OndaBianca1" type="2" discard="1" dealt="1" sum="20"/>
</round>
<round no="1"><cards type="Pocket" player="OndaBianca1">X X</cards>
<cards type="Pocket" player="Eddyfelson75">X X</cards>
<cards type="Pocket" player="KOPKHUNKRAP">D5 S5</cards>
<action no="3" player="Eddyfelson75" type="3" discard="1" dealt="1" sum="20"/>
<action no="4" player="KOPKHUNKRAP" type="0" sum="0"/>
<action no="5" player="OndaBianca1" type="4" discard="1" dealt="1" sum="0"/>
</round>
<round no="2"><cards type="Flop">H10 S6 C7</cards>
<action no="6" player="OndaBianca1" type="4" discard="1" dealt="1" sum="0"/>
<action no="7" player="Eddyfelson75" type="5" discard="1" dealt="1" sum="40"/>
<action no="8" player="OndaBianca1" type="0" discard="1" dealt="1" sum="0"/>
</round>
</game>
<game gamecode="6550324526"><general>
<startdate>2025-12-06 01:17:20</startdate>
<round>1</round>
<failsafecounter/>
<players><player seat="10" name="Eddyfelson75" chips="550" dealer="0" win="40" bet="40" muck="1" rebuy="0" addon="0" merge="0" rebuychips="0" reg_code="5078174639"/>
<player seat="3" name="KOPKHUNKRAP" chips="470" dealer="1" win="0" bet="0" muck="1" rebuy="0" addon="0" merge="0" rebuychips="0" reg_code="5078174063"/>
<player seat="6" name="OndaBianca1" chips="480" dealer="0" win="0" bet="20" muck="1" rebuy="0" addon="0" merge="0" rebuychips="0" reg_code="5078174370"/>
</players>
</general>
<round no="0"><action no="1" player="OndaBianca1" type="1" discard="1" dealt="1" sum="10"/>
<action no="2" player="Eddyfelson75" type="2" discard="1" dealt="1" sum="20"/>
</round>
<round no="1"><cards type="Pocket" player="KOPKHUNKRAP">SJ CA</cards>
<cards type="Pocket" player="OndaBianca1">X X</cards>
<cards type="Pocket" player="Eddyfelson75">X X</cards>
<action no="3" player="KOPKHUNKRAP" type="0" sum="0"/>
<action no="4" player="OndaBianca1" type="3" discard="1" dealt="1" sum="10"/>
<action no="5" player="Eddyfelson75" type="23" discard="1" dealt="1" sum="40"/>
<action no="6" player="OndaBianca1" type="0" discard="1" dealt="1" sum="0"/>
</round>
</game>
<game gamecode="6550329820"><general>
<startdate>2025-12-06 01:17:32</startdate>
<round>1</round>
<failsafecounter/>
<players><player seat="3" name="KOPKHUNKRAP" chips="470" dealer="0" win="0" bet="20" muck="1" rebuy="0" addon="0" merge="0" rebuychips="0" reg_code="5078174063"/>
<player seat="6" name="OndaBianca1" chips="460" dealer="1" win="0" bet="0" muck="1" rebuy="0" addon="0" merge="0" rebuychips="0" reg_code="5078174370"/>
<player seat="10" name="Eddyfelson75" chips="570" dealer="0" win="40" bet="40" muck="1" rebuy="0" addon="0" merge="0" rebuychips="0" reg_code="5078174639"/>
</players>
</general>
<round no="0"><action no="1" player="Eddyfelson75" type="1" discard="1" dealt="1" sum="10"/>
<action no="2" player="KOPKHUNKRAP" type="2" sum="20"/>
</round>
<round no="1"><cards type="Pocket" player="Eddyfelson75">X X</cards>
<cards type="Pocket" player="KOPKHUNKRAP">S5 H10</cards>
<cards type="Pocket" player="OndaBianca1">X X</cards>
<action no="3" player="OndaBianca1" type="0" discard="1" dealt="1" sum="0"/>
<action no="4" player="Eddyfelson75" type="23" discard="1" dealt="1" sum="40"/>
<action no="5" player="KOPKHUNKRAP" type="0" sum="0"/>
</round>
</game>
<game gamecode="6550329864"><general>
<startdate>2025-12-06 01:17:42</startdate>
<round>1</round>
<failsafecounter/>
<players><player seat="6" name="OndaBianca1" chips="460" dealer="0" win="0" bet="40" muck="1" rebuy="0" addon="0" merge="0" rebuychips="0" reg_code="5078174370"/>
<player seat="10" name="Eddyfelson75" chips="590" dealer="1" win="90" bet="40" muck="0" rebuy="0" addon="0" merge="0" rebuychips="0" reg_code="5078174639"/>
<player seat="3" name="KOPKHUNKRAP" chips="450" dealer="0" win="0" bet="10" muck="1" rebuy="0" addon="0" merge="0" rebuychips="0" reg_code="5078174063"/>
</players>
</general>
<round no="0"><action no="1" player="KOPKHUNKRAP" type="1" sum="10"/>
<action no="2" player="OndaBianca1" type="2" discard="1" dealt="1" sum="20"/>
</round>
<round no="1"><cards type="Pocket" player="KOPKHUNKRAP">H8 H10</cards>
<cards type="Pocket" player="OndaBianca1">D10 C7</cards>
<cards type="Pocket" player="Eddyfelson75">DQ D2</cards>
<action no="3" player="Eddyfelson75" type="23" discard="1" dealt="1" sum="40"/>
<action no="4" player="KOPKHUNKRAP" type="0" sum="0"/>
<action no="5" player="OndaBianca1" type="3" discard="1" dealt="1" sum="20"/>
</round>
<round no="2"><cards type="Flop">SK S3 DJ</cards>
<action no="6" player="OndaBianca1" type="4" discard="1" dealt="1" sum="0"/>
<action no="7" player="Eddyfelson75" type="4" discard="1" dealt="1" sum="0"/>
</round>
<round no="3"><cards type="Turn">S2</cards>
<action no="8" player="OndaBianca1" type="4" discard="1" dealt="1" sum="0"/>
<action no="9" player="Eddyfelson75" type="4" discard="1" dealt="1" sum="0"/>
</round>
<round no="4"><cards type="River">D3</cards>
<action no="10" player="OndaBianca1" type="4" discard="1" dealt="1" sum="0"/>
<action no="11" player="Eddyfelson75" type="4" discard="1" dealt="1" sum="0"/>
</round>
</game>
<game gamecode="6550329981"><general>
<startdate>2025-12-06 01:18:13</startdate>
<round>1</round>
<failsafecounter/>
<players><player seat="10" name="Eddyfelson75" chips="640" dealer="0" win="0" bet="20" muck="1" rebuy="0" addon="0" merge="0" rebuychips="0" reg_code="5078174639"/>
<player seat="3" name="KOPKHUNKRAP" chips="440" dealer="1" win="50" bet="40" muck="1" rebuy="0" addon="0" merge="0" rebuychips="0" reg_code="5078174063"/>
<player seat="6" name="OndaBianca1" chips="420" dealer="0" win="0" bet="10" muck="1" rebuy="0" addon="0" merge="0" rebuychips="0" reg_code="5078174370"/>
</players>
</general>
<round no="0"><action no="1" player="OndaBianca1" type="1" discard="1" dealt="1" sum="10"/>
<action no="2" player="Eddyfelson75" type="2" discard="1" dealt="1" sum="20"/>
</round>
<round no="1"><cards type="Pocket" player="KOPKHUNKRAP">C9 C8</cards>
<cards type="Pocket" player="Eddyfelson75">X X</cards>
<cards type="Pocket" player="OndaBianca1">X X</cards>
<action no="3" player="KOPKHUNKRAP" type="23" sum="40"/>
<action no="4" player="OndaBianca1" type="0" discard="1" dealt="1" sum="0"/>
<action no="5" player="Eddyfelson75" type="0" discard="1" dealt="1" sum="0"/>
</round>
</game>
<game gamecode="6550330048"><general>
<startdate>2025-12-06 01:18:31</startdate>
<round>1</round>
<failsafecounter/>
<players><player seat="3" name="KOPKHUNKRAP" chips="470" dealer="0" win="195" bet="146" muck="1" rebuy="0" addon="0" merge="0" rebuychips="0" reg_code="5078174063"/>
<player seat="6" name="OndaBianca1" chips="410" dealer="1" win="0" bet="5" muck="1" rebuy="0" addon="0" merge="0" rebuychips="0" reg_code="5078174370"/>
<player seat="10" name="Eddyfelson75" chips="620" dealer="0" win="0" bet="95" muck="1" rebuy="0" addon="0" merge="0" rebuychips="0" reg_code="5078174639"/>
</players>
</general>
<round no="0"><action no="1" player="Eddyfelson75" type="15" discard="1" dealt="1" sum="5"/>
<action no="2" player="KOPKHUNKRAP" type="15" sum="5"/>
<action no="3" player="OndaBianca1" type="15" discard="1" dealt="1" sum="5"/>
<action no="4" player="Eddyfelson75" type="1" discard="1" dealt="1" sum="15"/>
<action no="5" player="KOPKHUNKRAP" type="2" sum="30"/>
</round>
<round no="1"><cards type="Pocket" player="OndaBianca1">X X</cards>
<cards type="Pocket" player="KOPKHUNKRAP">SA HK</cards>
<cards type="Pocket" player="Eddyfelson75">X X</cards>
<action no="6" player="OndaBianca1" type="0" discard="1" dealt="1" sum="0"/>
<action no="7" player="Eddyfelson75" type="3" discard="1" dealt="1" sum="15"/>
<action no="8" player="KOPKHUNKRAP" type="23" sum="90"/>
<action no="9" player="Eddyfelson75" type="3" discard="1" dealt="1" sum="60"/>
</round>
<round no="2"><cards type="Flop">DQ HA H2</cards>
<action no="10" player="Eddyfelson75" type="4" discard="1" dealt="1" sum="0"/>
<action no="11" player="KOPKHUNKRAP" type="5" sum="51"/>
<action no="12" player="Eddyfelson75" type="0" discard="1" dealt="1" sum="0"/>
</round>
</game>
<game gamecode="6550330174"><general>
<startdate>2025-12-06 01:19:01</startdate>
<round>1</round>
<failsafecounter/>
<players><player seat="6" name="OndaBianca1" chips="405" dealer="0" win="0" bet="35" muck="1" rebuy="0" addon="0" merge="0" rebuychips="0" reg_code="5078174370"/>
<player seat="10" name="Eddyfelson75" chips="525" dealer="1" win="90" bet="95" muck="1" rebuy="0" addon="0" merge="0" rebuychips="0" reg_code="5078174639"/>
<player seat="3" name="KOPKHUNKRAP" chips="570" dealer="0" win="0" bet="20" muck="1" rebuy="0" addon="0" merge="0" rebuychips="0" reg_code="5078174063"/>
</players>
</general>
<round no="0"><action no="1" player="KOPKHUNKRAP" type="15" sum="5"/>
<action no="2" player="OndaBianca1" type="15" discard="1" dealt="1" sum="5"/>
<action no="3" player="Eddyfelson75" type="15" discard="1" dealt="1" sum="5"/>
<action no="4" player="KOPKHUNKRAP" type="1" sum="15"/>
<action no="5" player="OndaBianca1" type="2" discard="1" dealt="1" sum="30"/>
</round>
<round no="1"><cards type="Pocket" player="Eddyfelson75">X X</cards>
<cards type="Pocket" player="KOPKHUNKRAP">DQ DJ</cards>
<cards type="Pocket" player="OndaBianca1">X X</cards>
<action no="6" player="Eddyfelson75" type="23" discard="1" dealt="1" sum="90"/>
<action no="7" player="KOPKHUNKRAP" type="0" sum="0"/>
<action no="8" player="OndaBianca1" type="0" discard="1" dealt="1" sum="0"/>
</round>
</game>
<game gamecode="6550330211"><general>
<startdate>2025-12-06 01:19:12</startdate>
<round>1</round>
<failsafecounter/>
<players><player seat="10" name="Eddyfelson75" chips="580" dealer="0" win="0" bet="125" muck="0" rebuy="0" addon="0" merge="0" rebuychips="0" reg_code="5078174639"/>
<player seat="3" name="KOPKHUNKRAP" chips="550" dealer="1" win="270" bet="125" muck="0" rebuy="0" addon="0" merge="0" rebuychips="0" reg_code="5078174063"/>
<player seat="6" name="OndaBianca1" chips="370" dealer="0" win="0" bet="20" muck="1" rebuy="0" addon="0" merge="0" rebuychips="0" reg_code="5078174370"/>
</players>
</general>
<round no="0"><action no="1" player="OndaBianca1" type="15" discard="1" dealt="1" sum="5"/>
<action no="2" player="Eddyfelson75" type="15" discard="1" dealt="1" sum="5"/>
<action no="3" player="KOPKHUNKRAP" type="15" sum="5"/>
<action no="4" player="OndaBianca1" type="1" discard="1" dealt="1" sum="15"/>
<action no="5" player="Eddyfelson75" type="2" discard="1" dealt="1" sum="30"/>
</round>
<round no="1"><cards type="Pocket" player="KOPKHUNKRAP">C8 HA</cards>
<cards type="Pocket" player="OndaBianca1">X X</cards>
<cards type="Pocket" player="Eddyfelson75">H7 CK</cards>
<action no="6" player="KOPKHUNKRAP" type="23" sum="60"/>
<action no="7" player="OndaBianca1" type="0" discard="1" dealt="1" sum="0"/>
<action no="8" player="Eddyfelson75" type="3" discard="1" dealt="1" sum="30"/>
</round>
<round no="2"><cards type="Flop">H9 H8 C10</cards>
<action no="9" player="Eddyfelson75" type="4" discard="1" dealt="1" sum="0"/>
<action no="10" player="KOPKHUNKRAP" type="4" sum="0"/>
</round>
<round no="3"><cards type="Turn">SQ</cards>
<action no="11" player="Eddyfelson75" type="4" discard="1" dealt="1" sum="0"/>
<action no="12" player="KOPKHUNKRAP" type="4" sum="0"/>
</round>
<round no="4"><cards type="River">D8</cards>
<action no="13" player="Eddyfelson75" type="5" discard="1" dealt="1" sum="60"/>
<action no="14" player="KOPKHUNKRAP" type="3" sum="60"/>
</round>
</game>
<game gamecode="6550330319"><general>
<startdate>2025-12-06 01:19:36</startdate>
<round>1</round>
<failsafecounter/>
<players><player seat="3" name="KOPKHUNKRAP" chips="695" dealer="0" win="359" bet="177" muck="0" rebuy="0" addon="0" merge="0" rebuychips="0" reg_code="5078174063"/>
<player seat="6" name="OndaBianca1" chips="350" dealer="1" win="0" bet="5" muck="1" rebuy="0" addon="0" merge="0" rebuychips="0" reg_code="5078174370"/>
<player seat="10" name="Eddyfelson75" chips="455" dealer="0" win="0" bet="177" muck="1" rebuy="0" addon="0" merge="0" rebuychips="0" reg_code="5078174639"/>
</players>
</general>
<round no="0"><action no="1" player="Eddyfelson75" type="15" discard="1" dealt="1" sum="5"/>
<action no="2" player="KOPKHUNKRAP" type="15" sum="5"/>
<action no="3" player="OndaBianca1" type="15" discard="1" dealt="1" sum="5"/>
<action no="4" player="Eddyfelson75" type="1" discard="1" dealt="1" sum="15"/>
<action no="5" player="KOPKHUNKRAP" type="2" sum="30"/>
</round>
<round no="1"><cards type="Pocket" player="Eddyfelson75">SA SJ</cards>
<cards type="Pocket" player="KOPKHUNKRAP">S8 HJ</cards>
<cards type="Pocket" player="OndaBianca1">X X</cards>
<action no="6" player="OndaBianca1" type="0" discard="1" dealt="1" sum="0"/>
<action no="7" player="Eddyfelson75" type="23" discard="1" dealt="1" sum="60"/>
<action no="8" player="KOPKHUNKRAP" type="3" sum="30"/>
</round>
<round no="2"><cards type="Flop">C8 C9 D5</cards>
<action no="9" player="Eddyfelson75" type="4" discard="1" dealt="1" sum="0"/>
<action no="10" player="KOPKHUNKRAP" type="5" sum="67"/>
<action no="11" player="Eddyfelson75" type="3" discard="1" dealt="1" sum="67"/>
</round>
<round no="3"><cards type="Turn">D6</cards>
<action no="12" player="Eddyfelson75" type="4" discard="1" dealt="1" sum="0"/>
<action no="13" player="KOPKHUNKRAP" type="5" sum="45"/>
<action no="14" player="Eddyfelson75" type="3" discard="1" dealt="1" sum="45"/>
</round>
<round no="4"><cards type="River">S3</cards>
<action no="15" player="Eddyfelson75" type="4" discard="1" dealt="1" sum="0"/>
<action no="16" player="KOPKHUNKRAP" type="4" sum="0"/>
</round>
</game>
<game gamecode="6550330501"><general>
<startdate>2025-12-06 01:20:16</startdate>
<round>1</round>
<failsafecounter/>
<players><player seat="6" name="OndaBianca1" chips="345" dealer="0" win="695" bet="345" muck="0" rebuy="0" addon="0" merge="0" rebuychips="0" reg_code="5078174370"/>
<player seat="10" name="Eddyfelson75" chips="278" dealer="1" win="0" bet="5" muck="1" rebuy="0" addon="0" merge="0" rebuychips="0" reg_code="5078174639"/>
<player seat="3" name="KOPKHUNKRAP" chips="877" dealer="0" win="0" bet="877" muck="0" rebuy="0" addon="0" merge="0" rebuychips="0" reg_code="5078174063"/>
</players>
</general>
<round no="0"><action no="1" player="KOPKHUNKRAP" type="15" sum="5"/>
<action no="2" player="OndaBianca1" type="15" discard="1" dealt="1" sum="5"/>
<action no="3" player="Eddyfelson75" type="15" discard="1" dealt="1" sum="5"/>
<action no="4" player="KOPKHUNKRAP" type="1" sum="20"/>
<action no="5" player="OndaBianca1" type="2" discard="1" dealt="1" sum="40"/>
</round>
<round no="1"><cards type="Pocket" player="KOPKHUNKRAP">SK C3</cards>
<cards type="Pocket" player="Eddyfelson75">X X</cards>
<cards type="Pocket" player="OndaBianca1">SQ HK</cards>
<action no="6" player="Eddyfelson75" type="0" discard="1" dealt="1" sum="0"/>
<action no="7" player="KOPKHUNKRAP" type="23" sum="872"/>
<action no="8" player="OndaBianca1" type="7" discard="1" dealt="1" sum="300"/>
</round>
<round no="2"><cards type="Flop">DJ S3 S7</cards>
</round>
<round no="3"><cards type="Turn">S2</cards>
</round>
<round no="4"><cards type="River">DQ</cards>
</round>
</game>
<game gamecode="6550330586"><general>
<startdate>2025-12-06 01:20:39</startdate>
<round>1</round>
<failsafecounter/>
<players><player seat="10" name="Eddyfelson75" chips="273" dealer="0" win="0" bet="45" muck="1" rebuy="0" addon="0" merge="0" rebuychips="0" reg_code="5078174639"/>
<player seat="3" name="KOPKHUNKRAP" chips="532" dealer="1" win="1,109" bet="532" muck="0" rebuy="0" addon="0" merge="0" rebuychips="0" reg_code="5078174063"/>
<player seat="6" name="OndaBianca1" chips="695" dealer="0" win="0" bet="695" muck="1" rebuy="0" addon="0" merge="0" rebuychips="0" reg_code="5078174370"/>
</players>
</general>
<round no="0"><action no="1" player="OndaBianca1" type="15" discard="1" dealt="1" sum="5"/>
<action no="2" player="Eddyfelson75" type="15" discard="1" dealt="1" sum="5"/>
<action no="3" player="KOPKHUNKRAP" type="15" sum="5"/>
<action no="4" player="OndaBianca1" type="1" discard="1" dealt="1" sum="20"/>
<action no="5" player="Eddyfelson75" type="2" discard="1" dealt="1" sum="40"/>
</round>
<round no="1"><cards type="Pocket" player="KOPKHUNKRAP">D10 HJ</cards>
<cards type="Pocket" player="Eddyfelson75">X X</cards>
<cards type="Pocket" player="OndaBianca1">D4 H4</cards>
<action no="6" player="KOPKHUNKRAP" type="23" sum="527"/>
<action no="7" player="OndaBianca1" type="7" discard="1" dealt="1" sum="670"/>
<action no="8" player="Eddyfelson75" type="0" discard="1" dealt="1" sum="0"/>
</round>
<round no="2"><cards type="Flop">SQ D6 DQ</cards>
</round>
<round no="3"><cards type="Turn">H10</cards>
</round>
<round no="4"><cards type="River">C10</cards>
</round>
</game>
<game gamecode="6550330674"><general>
<startdate>2025-12-06 01:21:03</startdate>
<round>1</round>
<failsafecounter/>
<players><player seat="3" name="KOPKHUNKRAP" chips="1,109" dealer="0" win="0" bet="45" muck="1" rebuy="0" addon="0" merge="0" rebuychips="0" reg_code="5078174063"/>
<player seat="6" name="OndaBianca1" chips="163" dealer="1" win="0" bet="5" muck="1" rebuy="0" addon="0" merge="0" rebuychips="0" reg_code="5078174370"/>
<player seat="10" name="Eddyfelson75" chips="228" dealer="0" win="95" bet="85" muck="1" rebuy="0" addon="0" merge="0" rebuychips="0" reg_code="5078174639"/>
</players>
</general>
<round no="0"><action no="1" player="Eddyfelson75" type="15" discard="1" dealt="1" sum="5"/>
<action no="2" player="KOPKHUNKRAP" type="15" sum="5"/>
<action no="3" player="OndaBianca1" type="15" discard="1" dealt="1" sum="5"/>
<action no="4" player="Eddyfelson75" type="1" discard="1" dealt="1" sum="20"/>
<action no="5" player="KOPKHUNKRAP" type="2" sum="40"/>
</round>
<round no="1"><cards type="Pocket" player="Eddyfelson75">X X</cards>
<cards type="Pocket" player="KOPKHUNKRAP">H6 D8</cards>
<cards type="Pocket" player="OndaBianca1">X X</cards>
<action no="6" player="OndaBianca1" type="0" discard="1" dealt="1" sum="0"/>
<action no="7" player="Eddyfelson75" type="23" discard="1" dealt="1" sum="80"/>
<action no="8" player="KOPKHUNKRAP" type="0" sum="0"/>
</round>
</game>
<game gamecode="6550330724"><general>
<startdate>2025-12-06 01:21:17</startdate>
<round>1</round>
<failsafecounter/>
<players><player seat="6" name="OndaBianca1" chips="158" dealer="0" win="0" bet="45" muck="1" rebuy="0" addon="0" merge="0" rebuychips="0" reg_code="5078174370"/>
<player seat="10" name="Eddyfelson75" chips="278" dealer="1" win="135" bet="278" muck="1" rebuy="0" addon="0" merge="0" rebuychips="0" reg_code="5078174639"/>
<player seat="3" name="KOPKHUNKRAP" chips="1,064" dealer="0" win="0" bet="45" muck="1" rebuy="0" addon="0" merge="0" rebuychips="0" reg_code="5078174063"/>
</players>
</general>
<round no="0"><action no="1" player="KOPKHUNKRAP" type="15" sum="5"/>
<action no="2" player="OndaBianca1" type="15" discard="1" dealt="1" sum="5"/>
<action no="3" player="Eddyfelson75" type="15" discard="1" dealt="1" sum="5"/>
<action no="4" player="KOPKHUNKRAP" type="1" sum="20"/>
<action no="5" player="OndaBianca1" type="2" discard="1" dealt="1" sum="40"/>
</round>
<round no="1"><cards type="Pocket" player="KOPKHUNKRAP">CQ D10</cards>
<cards type="Pocket" player="Eddyfelson75">X X</cards>
<cards type="Pocket" player="OndaBianca1">X X</cards>
<action no="6" player="Eddyfelson75" type="3" discard="1" dealt="1" sum="40"/>
<action no="7" player="KOPKHUNKRAP" type="3" sum="20"/>
<action no="8" player="OndaBianca1" type="4" discard="1" dealt="1" sum="0"/>
</round>
<round no="2"><cards type="Flop">D5 CJ C5</cards>
<action no="9" player="KOPKHUNKRAP" type="4" sum="0"/>
<action no="10" player="OndaBianca1" type="4" discard="1" dealt="1" sum="0"/>
<action no="11" player="Eddyfelson75" type="5" discard="1" dealt="1" sum="233"/>
<action no="12" player="KOPKHUNKRAP" type="0" sum="0"/>
<action no="13" player="OndaBianca1" type="0" discard="1" dealt="1" sum="0"/>
</round>
</game>
<game gamecode="6550330802"><general>
<startdate>2025-12-06 01:21:37</startdate>
<round>1</round>
<failsafecounter/>
<players><player seat="10" name="Eddyfelson75" chips="368" dealer="0" win="55" bet="45" muck="1" rebuy="0" addon="0" merge="0" rebuychips="0" reg_code="5078174639"/>
<player seat="3" name="KOPKHUNKRAP" chips="1,019" dealer="1" win="0" bet="5" muck="1" rebuy="0" addon="0" merge="0" rebuychips="0" reg_code="5078174063"/>
<player seat="6" name="OndaBianca1" chips="113" dealer="0" win="0" bet="25" muck="1" rebuy="0" addon="0" merge="0" rebuychips="0" reg_code="5078174370"/>
</players>
</general>
<round no="0"><action no="1" player="OndaBianca1" type="15" discard="1" dealt="1" sum="5"/>
<action no="2" player="Eddyfelson75" type="15" discard="1" dealt="1" sum="5"/>
<action no="3" player="KOPKHUNKRAP" type="15" sum="5"/>
<action no="4" player="OndaBianca1" type="1" discard="1" dealt="1" sum="20"/>
<action no="5" player="Eddyfelson75" type="2" discard="1" dealt="1" sum="40"/>
</round>
<round no="1"><cards type="Pocket" player="KOPKHUNKRAP">CK D3</cards>
<cards type="Pocket" player="Eddyfelson75">X X</cards>
<cards type="Pocket" player="OndaBianca1">X X</cards>
<action no="6" player="KOPKHUNKRAP" type="0" sum="0"/>
<action no="7" player="OndaBianca1" type="0" discard="1" dealt="1" sum="0"/>
</round>
</game>
<game gamecode="6550330836"><general>
<startdate>2025-12-06 01:21:45</startdate>
<round>1</round>
<failsafecounter/>
<players><player seat="3" name="KOPKHUNKRAP" chips="1,014" dealer="0" win="201" bet="88" muck="0" rebuy="0" addon="0" merge="0" rebuychips="0" reg_code="5078174063"/>
<player seat="6" name="OndaBianca1" chips="88" dealer="1" win="0" bet="88" muck="0" rebuy="0" addon="0" merge="0" rebuychips="0" reg_code="5078174370"/>
<player seat="10" name="Eddyfelson75" chips="398" dealer="0" win="0" bet="25" muck="1" rebuy="0" addon="0" merge="0" rebuychips="0" reg_code="5078174639"/>
</players>
</general>
<round no="0"><action no="1" player="Eddyfelson75" type="15" discard="1" dealt="1" sum="5"/>
<action no="2" player="KOPKHUNKRAP" type="15" sum="5"/>
<action no="3" player="OndaBianca1" type="15" discard="1" dealt="1" sum="5"/>
<action no="4" player="Eddyfelson75" type="1" discard="1" dealt="1" sum="20"/>
<action no="5" player="KOPKHUNKRAP" type="2" sum="40"/>
</round>
<round no="1"><cards type="Pocket" player="KOPKHUNKRAP">H8 H7</cards>
<cards type="Pocket" player="Eddyfelson75">X X</cards>
<cards type="Pocket" player="OndaBianca1">SK D7</cards>
<action no="6" player="OndaBianca1" type="23" discard="1" dealt="1" sum="83"/>
<action no="7" player="Eddyfelson75" type="0" discard="1" dealt="1" sum="0"/>
<action no="8" player="KOPKHUNKRAP" type="3" sum="43"/>
</round>
<round no="2"><cards type="Flop">D2 D6 S8</cards>
</round>
<round no="3"><cards type="Turn">C9</cards>
</round>
<round no="4"><cards type="River">S2</cards>
</round>
</game>
<game gamecode="6550330907"><general>
<startdate>2025-12-06 01:22:04</startdate>
<round>1</round>
<failsafecounter/>
<players><player seat="3" name="KOPKHUNKRAP" chips="1,127" dealer="0" win="70" bet="65" muck="1" rebuy="0" addon="0" merge="0" rebuychips="0" reg_code="5078174063"/>
<player seat="10" name="Eddyfelson75" chips="373" dealer="1" win="0" bet="35" muck="1" rebuy="0" addon="0" merge="0" rebuychips="0" reg_code="5078174639"/>
</players>
</general>
<round no="0"><action no="1" player="Eddyfelson75" type="15" discard="1" dealt="1" sum="5"/>
<action no="2" player="KOPKHUNKRAP" type="15" sum="5"/>
<action no="3" player="Eddyfelson75" type="1" discard="1" dealt="1" sum="30"/>
<action no="4" player="KOPKHUNKRAP" type="2" sum="60"/>
</round>
<round no="1"><cards type="Pocket" player="KOPKHUNKRAP">C9 H8</cards>
<cards type="Pocket" player="Eddyfelson75">X X</cards>
<action no="5" player="Eddyfelson75" type="0" discard="1" dealt="1" sum="0"/>
</round>
</game>
<game gamecode="6550330938"><general>
<startdate>2025-12-06 01:22:10</startdate>
<round>1</round>
<failsafecounter/>
<players><player seat="10" name="Eddyfelson75" chips="338" dealer="0" win="70" bet="65" muck="1" rebuy="0" addon="0" merge="0" rebuychips="0" reg_code="5078174639"/>
<player seat="3" name="KOPKHUNKRAP" chips="1,162" dealer="1" win="0" bet="35" muck="1" rebuy="0" addon="0" merge="0" rebuychips="0" reg_code="5078174063"/>
</players>
</general>
<round no="0"><action no="1" player="KOPKHUNKRAP" type="15" sum="5"/>
<action no="2" player="Eddyfelson75" type="15" discard="1" dealt="1" sum="5"/>
<action no="3" player="KOPKHUNKRAP" type="1" sum="30"/>
<action no="4" player="Eddyfelson75" type="2" discard="1" dealt="1" sum="60"/>
</round>
<round no="1"><cards type="Pocket" player="Eddyfelson75">X X</cards>
<cards type="Pocket" player="KOPKHUNKRAP">S5 D8</cards>
<action no="5" player="KOPKHUNKRAP" type="0" sum="0"/>
</round>
</game>
<game gamecode="6550330957"><general>
<startdate>2025-12-06 01:22:16</startdate>
<round>1</round>
<failsafecounter/>
<players><player seat="3" name="KOPKHUNKRAP" chips="1,127" dealer="0" win="70" bet="65" muck="1" rebuy="0" addon="0" merge="0" rebuychips="0" reg_code="5078174063"/>
<player seat="10" name="Eddyfelson75" chips="373" dealer="1" win="0" bet="35" muck="1" rebuy="0" addon="0" merge="0" rebuychips="0" reg_code="5078174639"/>
</players>
</general>
<round no="0"><action no="1" player="Eddyfelson75" type="15" discard="1" dealt="1" sum="5"/>
<action no="2" player="KOPKHUNKRAP" type="15" sum="5"/>
<action no="3" player="Eddyfelson75" type="1" discard="1" dealt="1" sum="30"/>
<action no="4" player="KOPKHUNKRAP" type="2" sum="60"/>
</round>
<round no="1"><cards type="Pocket" player="KOPKHUNKRAP">CA CJ</cards>
<cards type="Pocket" player="Eddyfelson75">X X</cards>
<action no="5" player="Eddyfelson75" type="0" discard="1" dealt="1" sum="0"/>
</round>
</game>
<game gamecode="6550330979"><general>
<startdate>2025-12-06 01:22:22</startdate>
<round>1</round>
<failsafecounter/>
<players><player seat="10" name="Eddyfelson75" chips="338" dealer="0" win="70" bet="65" muck="1" rebuy="0" addon="0" merge="0" rebuychips="0" reg_code="5078174639"/>
<player seat="3" name="KOPKHUNKRAP" chips="1,162" dealer="1" win="0" bet="35" muck="1" rebuy="0" addon="0" merge="0" rebuychips="0" reg_code="5078174063"/>
</players>
</general>
<round no="0"><action no="1" player="KOPKHUNKRAP" type="15" sum="5"/>
<action no="2" player="Eddyfelson75" type="15" discard="1" dealt="1" sum="5"/>
<action no="3" player="KOPKHUNKRAP" type="1" sum="30"/>
<action no="4" player="Eddyfelson75" type="2" discard="1" dealt="1" sum="60"/>
</round>
<round no="1"><cards type="Pocket" player="Eddyfelson75">X X</cards>
<cards type="Pocket" player="KOPKHUNKRAP">D7 C4</cards>
<action no="5" player="KOPKHUNKRAP" type="0" sum="0"/>
</round>
</game>
<game gamecode="6550330998"><general>
<startdate>2025-12-06 01:22:27</startdate>
<round>1</round>
<failsafecounter/>
<players><player seat="3" name="KOPKHUNKRAP" chips="1,127" dealer="0" win="0" bet="373" muck="1" rebuy="0" addon="0" merge="0" rebuychips="0" reg_code="5078174063"/>
<player seat="10" name="Eddyfelson75" chips="373" dealer="1" win="746" bet="373" muck="0" rebuy="0" addon="0" merge="0" rebuychips="0" reg_code="5078174639"/>
</players>
</general>
<round no="0"><action no="1" player="Eddyfelson75" type="15" discard="1" dealt="1" sum="5"/>
<action no="2" player="KOPKHUNKRAP" type="15" sum="5"/>
<action no="3" player="Eddyfelson75" type="1" discard="1" dealt="1" sum="30"/>
<action no="4" player="KOPKHUNKRAP" type="2" sum="60"/>
</round>
<round no="1"><cards type="Pocket" player="KOPKHUNKRAP">CJ S8</cards>
<cards type="Pocket" player="Eddyfelson75">HJ HK</cards>
<action no="5" player="Eddyfelson75" type="23" discard="1" dealt="1" sum="368"/>
<action no="6" player="KOPKHUNKRAP" type="3" sum="308"/>
</round>
<round no="2"><cards type="Flop">D2 C6 S5</cards>
</round>
<round no="3"><cards type="Turn">DK</cards>
</round>
<round no="4"><cards type="River">S3</cards>
</round>
</game>
<game gamecode="6550331088"><general>
<startdate>2025-12-06 01:22:51</startdate>
<round>1</round>
<failsafecounter/>
<players><player seat="10" name="Eddyfelson75" chips="746" dealer="0" win="130" bet="185" muck="1" rebuy="0" addon="0" merge="0" rebuychips="0" reg_code="5078174639"/>
<player seat="3" name="KOPKHUNKRAP" chips="754" dealer="1" win="0" bet="65" muck="1" rebuy="0" addon="0" merge="0" rebuychips="0" reg_code="5078174063"/>
</players>
</general>
<round no="0"><action no="1" player="KOPKHUNKRAP" type="15" sum="5"/>
<action no="2" player="Eddyfelson75" type="15" discard="1" dealt="1" sum="5"/>
<action no="3" player="KOPKHUNKRAP" type="1" sum="30"/>
<action no="4" player="Eddyfelson75" type="2" discard="1" dealt="1" sum="60"/>
</round>
<round no="1"><cards type="Pocket" player="KOPKHUNKRAP">DQ C9</cards>
<cards type="Pocket" player="Eddyfelson75">X X</cards>
<action no="5" player="KOPKHUNKRAP" type="3" sum="30"/>
<action no="6" player="Eddyfelson75" type="4" discard="1" dealt="1" sum="0"/>
</round>
<round no="2"><cards type="Flop">D6 C2 C3</cards>
<action no="7" player="Eddyfelson75" type="4" discard="1" dealt="1" sum="0"/>
<action no="8" player="KOPKHUNKRAP" type="4" sum="0"/>
</round>
<round no="3"><cards type="Turn">C8</cards>
<action no="9" player="Eddyfelson75" type="4" discard="1" dealt="1" sum="0"/>
<action no="10" player="KOPKHUNKRAP" type="4" sum="0"/>
</round>
<round no="4"><cards type="River">DJ</cards>
<action no="11" player="Eddyfelson75" type="5" discard="1" dealt="1" sum="120"/>
<action no="12" player="KOPKHUNKRAP" type="0" sum="0"/>
</round>
</game>
<game gamecode="6550331181"><general>
<startdate>2025-12-06 01:23:17</startdate>
<round>1</round>
<failsafecounter/>
<players><player seat="3" name="KOPKHUNKRAP" chips="689" dealer="0" win="390" bet="195" muck="0" rebuy="0" addon="0" merge="0" rebuychips="0" reg_code="5078174063"/>
<player seat="10" name="Eddyfelson75" chips="811" dealer="1" win="0" bet="195" muck="1" rebuy="0" addon="0" merge="0" rebuychips="0" reg_code="5078174639"/>
</players>
</general>
<round no="0"><action no="1" player="Eddyfelson75" type="15" discard="1" dealt="1" sum="5"/>
<action no="2" player="KOPKHUNKRAP" type="15" sum="5"/>
<action no="3" player="Eddyfelson75" type="1" discard="1" dealt="1" sum="30"/>
<action no="4" player="KOPKHUNKRAP" type="2" sum="60"/>
</round>
<round no="1"><cards type="Pocket" player="Eddyfelson75">HK HA</cards>
<cards type="Pocket" player="KOPKHUNKRAP">D7 D9</cards>
<action no="5" player="Eddyfelson75" type="3" discard="1" dealt="1" sum="30"/>
<action no="6" player="KOPKHUNKRAP" type="4" sum="0"/>
</round>
<round no="2"><cards type="Flop">H10 C5 D8</cards>
<action no="7" player="KOPKHUNKRAP" type="4" sum="0"/>
<action no="8" player="Eddyfelson75" type="4" discard="1" dealt="1" sum="0"/>
</round>
<round no="3"><cards type="Turn">C9</cards>
<action no="9" player="KOPKHUNKRAP" type="4" sum="0"/>
<action no="10" player="Eddyfelson75" type="4" discard="1" dealt="1" sum="0"/>
</round>
<round no="4"><cards type="River">C10</cards>
<action no="11" player="KOPKHUNKRAP" type="5" sum="130"/>
<action no="12" player="Eddyfelson75" type="3" discard="1" dealt="1" sum="130"/>
</round>
</game>
<game gamecode="6550331315"><general>
<startdate>2025-12-06 01:23:52</startdate>
<round>1</round>
<failsafecounter/>
<players><player seat="10" name="Eddyfelson75" chips="616" dealer="0" win="0" bet="88" muck="1" rebuy="0" addon="0" merge="0" rebuychips="0" reg_code="5078174639"/>
<player seat="3" name="KOPKHUNKRAP" chips="884" dealer="1" win="176" bet="168" muck="1" rebuy="0" addon="0" merge="0" rebuychips="0" reg_code="5078174063"/>
</players>
</general>
<round no="0"><action no="1" player="KOPKHUNKRAP" type="15" sum="8"/>
<action no="2" player="Eddyfelson75" type="15" discard="1" dealt="1" sum="8"/>
<action no="3" player="KOPKHUNKRAP" type="1" sum="40"/>
<action no="4" player="Eddyfelson75" type="2" discard="1" dealt="1" sum="80"/>
</round>
<round no="1"><cards type="Pocket" player="Eddyfelson75">X X</cards>
<cards type="Pocket" player="KOPKHUNKRAP">S7 D4</cards>
<action no="5" player="KOPKHUNKRAP" type="3" sum="40"/>
<action no="6" player="Eddyfelson75" type="4" discard="1" dealt="1" sum="0"/>
</round>
<round no="2"><cards type="Flop">H9 SK D6</cards>
<action no="7" player="Eddyfelson75" type="4" discard="1" dealt="1" sum="0"/>
<action no="8" player="KOPKHUNKRAP" type="5" sum="80"/>
<action no="9" player="Eddyfelson75" type="0" discard="1" dealt="1" sum="0"/>
</round>
</game>
<game gamecode="6550331420"><general>
<startdate>2025-12-06 01:24:22</startdate>
<round>1</round>
<failsafecounter/>
<players><player seat="3" name="KOPKHUNKRAP" chips="972" dealer="0" win="176" bet="168" muck="1" rebuy="0" addon="0" merge="0" rebuychips="0" reg_code="5078174063"/>
<player seat="10" name="Eddyfelson75" chips="528" dealer="1" win="0" bet="88" muck="1" rebuy="0" addon="0" merge="0" rebuychips="0" reg_code="5078174639"/>
</players>
</general>
<round no="0"><action no="1" player="Eddyfelson75" type="15" discard="1" dealt="1" sum="8"/>
<action no="2" player="KOPKHUNKRAP" type="15" sum="8"/>
<action no="3" player="Eddyfelson75" type="1" discard="1" dealt="1" sum="40"/>
<action no="4" player="KOPKHUNKRAP" type="2" sum="80"/>
</round>
<round no="1"><cards type="Pocket" player="Eddyfelson75">X X</cards>
<cards type="Pocket" player="KOPKHUNKRAP">C9 S3</cards>
<action no="5" player="Eddyfelson75" type="3" discard="1" dealt="1" sum="40"/>
<action no="6" player="KOPKHUNKRAP" type="4" sum="0"/>
</round>
<round no="2"><cards type="Flop">D8 H5 H2</cards>
<action no="7" player="KOPKHUNKRAP" type="4" sum="0"/>
<action no="8" player="Eddyfelson75" type="4" discard="1" dealt="1" sum="0"/>
</round>
<round no="3"><cards type="Turn">HK</cards>
<action no="9" player="KOPKHUNKRAP" type="4" sum="0"/>
<action no="10" player="Eddyfelson75" type="4" discard="1" dealt="1" sum="0"/>
</round>
<round no="4"><cards type="River">CQ</cards>
<action no="11" player="KOPKHUNKRAP" type="5" sum="80"/>
<action no="12" player="Eddyfelson75" type="0" discard="1" dealt="1" sum="0"/>
</round>
</game>
<game gamecode="6550331517"><general>
<startdate>2025-12-06 01:24:47</startdate>
<round>1</round>
<failsafecounter/>
<players><player seat="10" name="Eddyfelson75" chips="440" dealer="0" win="0" bet="88" muck="1" rebuy="0" addon="0" merge="0" rebuychips="0" reg_code="5078174639"/>
<player seat="3" name="KOPKHUNKRAP" chips="1,060" dealer="1" win="176" bet="1,060" muck="1" rebuy="0" addon="0" merge="0" rebuychips="0" reg_code="5078174063"/>
</players>
</general>
<round no="0"><action no="1" player="KOPKHUNKRAP" type="15" sum="8"/>
<action no="2" player="Eddyfelson75" type="15" discard="1" dealt="1" sum="8"/>
<action no="3" player="KOPKHUNKRAP" type="1" sum="40"/>
<action no="4" player="Eddyfelson75" type="2" discard="1" dealt="1" sum="80"/>
</round>
<round no="1"><cards type="Pocket" player="KOPKHUNKRAP">S5 D5</cards>
<cards type="Pocket" player="Eddyfelson75">X X</cards>
<action no="5" player="KOPKHUNKRAP" type="23" sum="1,052"/>
<action no="6" player="Eddyfelson75" type="0" discard="1" dealt="1" sum="0"/>
</round>
</game>
<game gamecode="6550331565"><general>
<startdate>2025-12-06 01:24:56</startdate>
<round>1</round>
<failsafecounter/>
<players><player seat="3" name="KOPKHUNKRAP" chips="1,148" dealer="0" win="0" bet="88" muck="1" rebuy="0" addon="0" merge="0" rebuychips="0" reg_code="5078174063"/>
<player seat="10" name="Eddyfelson75" chips="352" dealer="1" win="176" bet="168" muck="1" rebuy="0" addon="0" merge="0" rebuychips="0" reg_code="5078174639"/>
</players>
</general>
<round no="0"><action no="1" player="Eddyfelson75" type="15" discard="1" dealt="1" sum="8"/>
<action no="2" player="KOPKHUNKRAP" type="15" sum="8"/>
<action no="3" player="Eddyfelson75" type="1" discard="1" dealt="1" sum="40"/>
<action no="4" player="KOPKHUNKRAP" type="2" sum="80"/>
</round>
<round no="1"><cards type="Pocket" player="Eddyfelson75">X X</cards>
<cards type="Pocket" player="KOPKHUNKRAP">D2 H9</cards>
<action no="5" player="Eddyfelson75" type="23" discard="1" dealt="1" sum="160"/>
<action no="6" player="KOPKHUNKRAP" type="0" sum="0"/>
</round>
</game>
<game gamecode="6550331612"><general>
<startdate>2025-12-06 01:25:08</startdate>
<round>1</round>
<failsafecounter/>
<players><player seat="10" name="Eddyfelson75" chips="440" dealer="0" win="880" bet="440" muck="0" rebuy="0" addon="0" merge="0" rebuychips="0" reg_code="5078174639"/>
<player seat="3" name="KOPKHUNKRAP" chips="1,060" dealer="1" win="0" bet="1,060" muck="0" rebuy="0" addon="0" merge="0" rebuychips="0" reg_code="5078174063"/>
</players>
</general>
<round no="0"><action no="1" player="KOPKHUNKRAP" type="15" sum="10"/>
<action no="2" player="Eddyfelson75" type="15" discard="1" dealt="1" sum="10"/>
<action no="3" player="KOPKHUNKRAP" type="1" sum="50"/>
<action no="4" player="Eddyfelson75" type="2" discard="1" dealt="1" sum="100"/>
</round>
<round no="1"><cards type="Pocket" player="KOPKHUNKRAP">S7 SQ</cards>
<cards type="Pocket" player="Eddyfelson75">C10 D9</cards>
<action no="5" player="KOPKHUNKRAP" type="23" sum="1,050"/>
<action no="6" player="Eddyfelson75" type="7" discard="1" dealt="1" sum="330"/>
</round>
<round no="2"><cards type="Flop">S9 HA SK</cards>
</round>
<round no="3"><cards type="Turn">C7</cards>
</round>
<round no="4"><cards type="River">C4</cards>
</round>
</game>
<game gamecode="6550331676"><general>
<startdate>2025-12-06 01:25:26</startdate>
<round>1</round>
<failsafecounter/>
<players><player seat="3" name="KOPKHUNKRAP" chips="620" dealer="0" win="0" bet="620" muck="0" rebuy="0" addon="0" merge="0" rebuychips="0" reg_code="5078174063"/>
<player seat="10" name="Eddyfelson75" chips="880" dealer="1" win="1,240" bet="880" muck="0" rebuy="0" addon="0" merge="0" rebuychips="0" reg_code="5078174639"/>
</players>
</general>
<round no="0"><action no="1" player="Eddyfelson75" type="15" discard="1" dealt="1" sum="10"/>
<action no="2" player="KOPKHUNKRAP" type="15" sum="10"/>
<action no="3" player="Eddyfelson75" type="1" discard="1" dealt="1" sum="50"/>
<action no="4" player="KOPKHUNKRAP" type="2" sum="100"/>
</round>
<round no="1"><cards type="Pocket" player="KOPKHUNKRAP">DQ SJ</cards>
<cards type="Pocket" player="Eddyfelson75">DK S10</cards>
<action no="5" player="Eddyfelson75" type="23" discard="1" dealt="1" sum="870"/>
<action no="6" player="KOPKHUNKRAP" type="7" sum="510"/>
</round>
<round no="2"><cards type="Flop">H5 D6 C10</cards>
</round>
<round no="3"><cards type="Turn">C5</cards>
</round>
<round no="4"><cards type="River">S8</cards>
</round>
</game>
</session>
