<?xml version="1.0" encoding="UTF-8"?>
<session sessioncode="5078619281">
<general>
<client_version>24.7.1.15</client_version>
<mode>real</mode>
<gametype>Holdem NL</gametype>
<tablename>Twister €200 SNG, 823258473</tablename>
<tournamentcode>823258472</tournamentcode>
<tournamentname>Twister €200 SNG</tournamentname>
<buyin>€0 + €12 + €188</buyin>
<totalbuyin>€200</totalbuyin>
<rewarddrawn>€400</rewarddrawn>
<tournamentcurrency>EUR</tournamentcurrency>
<currency>EUR</currency>
<nickname>KOPKHUNKRAP</nickname>
<gamecount>27</gamecount>
<startdate>2025-12-07 21:46:18</startdate>
<place>2</place>
<win>€0</win>
<tablesize>3</tablesize>
</general>
<game gamecode="6551990970"><general>
<startdate>2025-12-07 21:46:33</startdate>
<round>1</round>
<failsafecounter/>
<players><player seat="6" name="KOPKHUNKRAP" chips="500" dealer="0" win="0" bet="20" muck="1" rebuy="0" addon="0" merge="0" rebuychips="0" reg_code="5078619281"/>
<player seat="10" name="Tigro2015" chips="500" dealer="1" win="50" bet="20" muck="0" rebuy="0" addon="0" merge="0" rebuychips="0" reg_code="5078619379"/>
<player seat="3" name="Ankalaev" chips="500" dealer="0" win="0" bet="10" muck="1" rebuy="0" addon="0" merge="0" rebuychips="0" reg_code="5078617787"/>
</players>
</general>
<round no="0"><action no="1" player="Ankalaev" type="1" discard="1" dealt="1" sum="10"/>
<action no="2" player="KOPKHUNKRAP" type="2" sum="20"/>
</round>
<round no="1"><cards type="Pocket" player="Ankalaev">X X</cards>
<cards type="Pocket" player="Tigro2015">SQ SJ</cards>
<cards type="Pocket" player="KOPKHUNKRAP">C3 H8</cards>
<action no="3" player="Tigro2015" type="3" discard="1" dealt="1" sum="20"/>
<action no="4" player="Ankalaev" type="0" discard="1" dealt="1" sum="0"/>
<action no="5" player="KOPKHUNKRAP" type="4" sum="0"/>
</round>
<round no="2"><cards type="Flop">HK H6 S2</cards>
<action no="6" player="KOPKHUNKRAP" type="4" sum="0"/>
<action no="7" player="Tigro2015" type="4" discard="1" dealt="1" sum="0"/>
</round>
<round no="3"><cards type="Turn">C2</cards>
<action no="8" player="KOPKHUNKRAP" type="4" sum="0"/>
<action no="9" player="Tigro2015" type="4" discard="1" dealt="1" sum="0"/>
</round>
<round no="4"><cards type="River">C10</cards>
<action no="10" player="KOPKHUNKRAP" type="4" sum="0"/>
<action no="11" player="Tigro2015" type="4" discard="1" dealt="1" sum="0"/>
</round>
</game>
<game gamecode="6551991237"><general>
<startdate>2025-12-07 21:47:21</startdate>
<round>1</round>
<failsafecounter/>
<players><player seat="10" name="Tigro2015" chips="530" dealer="0" win="20" bet="20" muck="1" rebuy="0" addon="0" merge="0" rebuychips="0" reg_code="5078619379"/>
<player seat="3" name="Ankalaev" chips="490" dealer="1" win="0" bet="0" muck="1" rebuy="0" addon="0" merge="0" rebuychips="0" reg_code="5078617787"/>
<player seat="6" name="KOPKHUNKRAP" chips="480" dealer="0" win="0" bet="10" muck="1" rebuy="0" addon="0" merge="0" rebuychips="0" reg_code="5078619281"/>
</players>
</general>
<round no="0"><action no="1" player="KOPKHUNKRAP" type="1" sum="10"/>
<action no="2" player="Tigro2015" type="2" discard="1" dealt="1" sum="20"/>
</round>
<round no="1"><cards type="Pocket" player="Tigro2015">X X</cards>
<cards type="Pocket" player="Ankalaev">X X</cards>
<cards type="Pocket" player="KOPKHUNKRAP">H5 D7</cards>
<action no="3" player="Ankalaev" type="0" discard="1" dealt="1" sum="0"/>
<action no="4" player="KOPKHUNKRAP" type="0" sum="0"/>
</round>
</game>
<game gamecode="6551991298"><general>
<startdate>2025-12-07 21:47:33</startdate>
<round>1</round>
<failsafecounter/>
<players><player seat="3" name="Ankalaev" chips="490" dealer="0" win="20" bet="20" muck="1" rebuy="0" addon="0" merge="0" rebuychips="0" reg_code="5078617787"/>
<player seat="6" name="KOPKHUNKRAP" chips="470" dealer="1" win="0" bet="0" muck="1" rebuy="0" addon="0" merge="0" rebuychips="0" reg_code="5078619281"/>
<player seat="10" name="Tigro2015" chips="540" dealer="0" win="0" bet="10" muck="1" rebuy="0" addon="0" merge="0" rebuychips="0" reg_code="5078619379"/>
</players>
</general>
<round no="0"><action no="1" player="Tigro2015" type="1" discard="1" dealt="1" sum="10"/>
<action no="2" player="Ankalaev" type="2" discard="1" dealt="1" sum="20"/>
</round>
<round no="1"><cards type="Pocket" player="Ankalaev">X X</cards>
<cards type="Pocket" player="KOPKHUNKRAP">CK H5</cards>
<cards type="Pocket" player="Tigro2015">X X</cards>
<action no="3" player="KOPKHUNKRAP" type="0" sum="0"/>
<action no="4" player="Tigro2015" type="0" discard="1" dealt="1" sum="0"/>
</round>
</game>
<game gamecode="6551991372"><general>
<startdate>2025-12-07 21:47:50</startdate>
<round>1</round>
<failsafecounter/>
<players><player seat="6" name="KOPKHUNKRAP" chips="470" dealer="0" win="0" bet="20" muck="1" rebuy="0" addon="0" merge="0" rebuychips="0" reg_code="5078619281"/>
<player seat="10" name="Tigro2015" chips="530" dealer="1" win="0" bet="0" muck="1" rebuy="0" addon="0" merge="0" rebuychips="0" reg_code="5078619379"/>
<player seat="3" name="Ankalaev" chips="500" dealer="0" win="40" bet="50" muck="1" rebuy="0" addon="0" merge="0" rebuychips="0" reg_code="5078617787"/>
</players>
</general>
<round no="0"><action no="1" player="Ankalaev" type="1" discard="1" dealt="1" sum="10"/>
<action no="2" player="KOPKHUNKRAP" type="2" sum="20"/>
</round>
<round no="1"><cards type="Pocket" player="KOPKHUNKRAP">S9 H5</cards>
<cards type="Pocket" player="Tigro2015">X X</cards>
<cards type="Pocket" player="Ankalaev">X X</cards>
<action no="3" player="Tigro2015" type="0" discard="1" dealt="1" sum="0"/>
<action no="4" player="Ankalaev" type="23" discard="1" dealt="1" sum="50"/>
<action no="5" player="KOPKHUNKRAP" type="0" sum="0"/>
</round>
</game>
<game gamecode="6551991433"><general>
<startdate>2025-12-07 21:48:00</startdate>
<round>1</round>
<failsafecounter/>
<players><player seat="10" name="Tigro2015" chips="530" dealer="0" win="316" bet="244" muck="1" rebuy="0" addon="0" merge="0" rebuychips="0" reg_code="5078619379"/>
<player seat="3" name="Ankalaev" chips="520" dealer="1" win="0" bet="153" muck="1" rebuy="0" addon="0" merge="0" rebuychips="0" reg_code="5078617787"/>
<player seat="6" name="KOPKHUNKRAP" chips="450" dealer="0" win="0" bet="10" muck="1" rebuy="0" addon="0" merge="0" rebuychips="0" reg_code="5078619281"/>
</players>
</general>
<round no="0"><action no="1" player="KOPKHUNKRAP" type="1" sum="10"/>
<action no="2" player="Tigro2015" type="2" discard="1" dealt="1" sum="20"/>
</round>
<round no="1"><cards type="Pocket" player="Ankalaev">X X</cards>
<cards type="Pocket" player="KOPKHUNKRAP">HA D2</cards>
<cards type="Pocket" player="Tigro2015">X X</cards>
<action no="3" player="Ankalaev" type="23" discard="1" dealt="1" sum="40"/>
<action no="4" player="KOPKHUNKRAP" type="0" sum="0"/>
<action no="5" player="Tigro2015" type="3" discard="1" dealt="1" sum="20"/>
</round>
<round no="2"><cards type="Flop">CK D3 S7</cards>
<action no="6" player="Tigro2015" type="4" discard="1" dealt="1" sum="0"/>
<action no="7" player="Ankalaev" type="5" discard="1" dealt="1" sum="22"/>
<action no="8" player="Tigro2015" type="3" discard="1" dealt="1" sum="22"/>
</round>
<round no="3"><cards type="Turn">S10</cards>
<action no="9" player="Tigro2015" type="4" discard="1" dealt="1" sum="0"/>
<action no="10" player="Ankalaev" type="5" discard="1" dealt="1" sum="91"/>
<action no="11" player="Tigro2015" type="23" discard="1" dealt="1" sum="182"/>
<action no="12" player="Ankalaev" type="0" discard="1" dealt="1" sum="0"/>
</round>
</game>
<game gamecode="6551991563"><general>
<startdate>2025-12-07 21:48:27</startdate>
<round>1</round>
<failsafecounter/>
<players><player seat="3" name="Ankalaev" chips="367" dealer="0" win="0" bet="35" muck="1" rebuy="0" addon="0" merge="0" rebuychips="0" reg_code="5078617787"/>
<player seat="6" name="KOPKHUNKRAP" chips="440" dealer="1" win="0" bet="5" muck="1" rebuy="0" addon="0" merge="0" rebuychips="0" reg_code="5078619281"/>
<player seat="10" name="Tigro2015" chips="693" dealer="0" win="75" bet="65" muck="1" rebuy="0" addon="0" merge="0" rebuychips="0" reg_code="5078619379"/>
</players>
</general>
<round no="0"><action no="1" player="Tigro2015" type="15" discard="1" dealt="1" sum="5"/>
<action no="2" player="Ankalaev" type="15" discard="1" dealt="1" sum="5"/>
<action no="3" player="KOPKHUNKRAP" type="15" sum="5"/>
<action no="4" player="Tigro2015" type="1" discard="1" dealt="1" sum="15"/>
<action no="5" player="Ankalaev" type="2" discard="1" dealt="1" sum="30"/>
</round>
<round no="1"><cards type="Pocket" player="KOPKHUNKRAP">S7 HQ</cards>
<cards type="Pocket" player="Tigro2015">X X</cards>
<cards type="Pocket" player="Ankalaev">X X</cards>
<action no="6" player="KOPKHUNKRAP" type="0" sum="0"/>
<action no="7" player="Tigro2015" type="3" discard="1" dealt="1" sum="15"/>
<action no="8" player="Ankalaev" type="4" discard="1" dealt="1" sum="0"/>
</round>
<round no="2"><cards type="Flop">HJ S5 H7</cards>
<action no="9" player="Tigro2015" type="4" discard="1" dealt="1" sum="0"/>
<action no="10" player="Ankalaev" type="4" discard="1" dealt="1" sum="0"/>
</round>
<round no="3"><cards type="Turn">CA</cards>
<action no="11" player="Tigro2015" type="5" discard="1" dealt="1" sum="30"/>
<action no="12" player="Ankalaev" type="0" discard="1" dealt="1" sum="0"/>
</round>
</game>
<game gamecode="6551991680"><general>
<startdate>2025-12-07 21:48:50</startdate>
<round>1</round>
<failsafecounter/>
<players><player seat="6" name="KOPKHUNKRAP" chips="435" dealer="0" win="45" bet="35" muck="1" rebuy="0" addon="0" merge="0" rebuychips="0" reg_code="5078619281"/>
<player seat="10" name="Tigro2015" chips="733" dealer="1" win="0" bet="5" muck="1" rebuy="0" addon="0" merge="0" rebuychips="0" reg_code="5078619379"/>
<player seat="3" name="Ankalaev" chips="332" dealer="0" win="0" bet="20" muck="1" rebuy="0" addon="0" merge="0" rebuychips="0" reg_code="5078617787"/>
</players>
</general>
<round no="0"><action no="1" player="Ankalaev" type="15" discard="1" dealt="1" sum="5"/>
<action no="2" player="KOPKHUNKRAP" type="15" sum="5"/>
<action no="3" player="Tigro2015" type="15" discard="1" dealt="1" sum="5"/>
<action no="4" player="Ankalaev" type="1" discard="1" dealt="1" sum="15"/>
<action no="5" player="KOPKHUNKRAP" type="2" sum="30"/>
</round>
<round no="1"><cards type="Pocket" player="Tigro2015">X X</cards>
<cards type="Pocket" player="KOPKHUNKRAP">SA H2</cards>
<cards type="Pocket" player="Ankalaev">X X</cards>
<action no="6" player="Tigro2015" type="0" discard="1" dealt="1" sum="0"/>
<action no="7" player="Ankalaev" type="0" discard="1" dealt="1" sum="0"/>
</round>
</game>
<game gamecode="6551991743"><general>
<startdate>2025-12-07 21:49:00</startdate>
<round>1</round>
<failsafecounter/>
<players><player seat="10" name="Tigro2015" chips="728" dealer="0" win="0" bet="35" muck="1" rebuy="0" addon="0" merge="0" rebuychips="0" reg_code="5078619379"/>
<player seat="3" name="Ankalaev" chips="312" dealer="1" win="0" bet="5" muck="1" rebuy="0" addon="0" merge="0" rebuychips="0" reg_code="5078617787"/>
<player seat="6" name="KOPKHUNKRAP" chips="460" dealer="0" win="75" bet="460" muck="1" rebuy="0" addon="0" merge="0" rebuychips="0" reg_code="5078619281"/>
</players>
</general>
<round no="0"><action no="1" player="KOPKHUNKRAP" type="15" sum="5"/>
<action no="2" player="Tigro2015" type="15" discard="1" dealt="1" sum="5"/>
<action no="3" player="Ankalaev" type="15" discard="1" dealt="1" sum="5"/>
<action no="4" player="KOPKHUNKRAP" type="1" sum="15"/>
<action no="5" player="Tigro2015" type="2" discard="1" dealt="1" sum="30"/>
</round>
<round no="1"><cards type="Pocket" player="Tigro2015">X X</cards>
<cards type="Pocket" player="KOPKHUNKRAP">SA D7</cards>
<cards type="Pocket" player="Ankalaev">X X</cards>
<action no="6" player="Ankalaev" type="0" discard="1" dealt="1" sum="0"/>
<action no="7" player="KOPKHUNKRAP" type="23" sum="455"/>
<action no="8" player="Tigro2015" type="0" discard="1" dealt="1" sum="0"/>
</round>
</game>
<game gamecode="6551991798"><general>
<startdate>2025-12-07 21:49:09</startdate>
<round>1</round>
<failsafecounter/>
<players><player seat="3" name="Ankalaev" chips="307" dealer="0" win="45" bet="35" muck="1" rebuy="0" addon="0" merge="0" rebuychips="0" reg_code="5078617787"/>
<player seat="6" name="KOPKHUNKRAP" chips="500" dealer="1" win="0" bet="5" muck="1" rebuy="0" addon="0" merge="0" rebuychips="0" reg_code="5078619281"/>
<player seat="10" name="Tigro2015" chips="693" dealer="0" win="0" bet="20" muck="1" rebuy="0" addon="0" merge="0" rebuychips="0" reg_code="5078619379"/>
</players>
</general>
<round no="0"><action no="1" player="Tigro2015" type="15" discard="1" dealt="1" sum="5"/>
<action no="2" player="Ankalaev" type="15" discard="1" dealt="1" sum="5"/>
<action no="3" player="KOPKHUNKRAP" type="15" sum="5"/>
<action no="4" player="Tigro2015" type="1" discard="1" dealt="1" sum="15"/>
<action no="5" player="Ankalaev" type="2" discard="1" dealt="1" sum="30"/>
</round>
<round no="1"><cards type="Pocket" player="KOPKHUNKRAP">H6 SQ</cards>
<cards type="Pocket" player="Tigro2015">X X</cards>
<cards type="Pocket" player="Ankalaev">X X</cards>
<action no="6" player="KOPKHUNKRAP" type="0" sum="0"/>
<action no="7" player="Tigro2015" type="0" discard="1" dealt="1" sum="0"/>
</round>
</game>
<game gamecode="6551997388"><general>
<startdate>2025-12-07 21:49:15</startdate>
<round>1</round>
<failsafecounter/>
<players><player seat="6" name="KOPKHUNKRAP" chips="495" dealer="0" win="0" bet="35" muck="1" rebuy="0" addon="0" merge="0" rebuychips="0" reg_code="5078619281"/>
<player seat="10" name="Tigro2015" chips="673" dealer="1" win="0" bet="5" muck="1" rebuy="0" addon="0" merge="0" rebuychips="0" reg_code="5078619379"/>
<player seat="3" name="Ankalaev" chips="332" dealer="0" win="75" bet="332" muck="1" rebuy="0" addon="0" merge="0" rebuychips="0" reg_code="5078617787"/>
</players>
</general>
<round no="0"><action no="1" player="Ankalaev" type="15" discard="1" dealt="1" sum="5"/>
<action no="2" player="KOPKHUNKRAP" type="15" sum="5"/>
<action no="3" player="Tigro2015" type="15" discard="1" dealt="1" sum="5"/>
<action no="4" player="Ankalaev" type="1" discard="1" dealt="1" sum="15"/>
<action no="5" player="KOPKHUNKRAP" type="2" sum="30"/>
</round>
<round no="1"><cards type="Pocket" player="Ankalaev">X X</cards>
<cards type="Pocket" player="Tigro2015">X X</cards>
<cards type="Pocket" player="KOPKHUNKRAP">SJ H7</cards>
<action no="6" player="Tigro2015" type="0" discard="1" dealt="1" sum="0"/>
<action no="7" player="Ankalaev" type="23" discard="1" dealt="1" sum="327"/>
<action no="8" player="KOPKHUNKRAP" type="0" sum="0"/>
</round>
</game>
<game gamecode="6551997443"><general>
<startdate>2025-12-07 21:49:26</startdate>
<round>1</round>
<failsafecounter/>
<players><player seat="10" name="Tigro2015" chips="668" dealer="0" win="382" bet="372" muck="0" rebuy="0" addon="0" merge="0" rebuychips="0" reg_code="5078619379"/>
<player seat="3" name="Ankalaev" chips="372" dealer="1" win="382" bet="372" muck="0" rebuy="0" addon="0" merge="0" rebuychips="0" reg_code="5078617787"/>
<player seat="6" name="KOPKHUNKRAP" chips="460" dealer="0" win="0" bet="20" muck="1" rebuy="0" addon="0" merge="0" rebuychips="0" reg_code="5078619281"/>
</players>
</general>
<round no="0"><action no="1" player="KOPKHUNKRAP" type="15" sum="5"/>
<action no="2" player="Tigro2015" type="15" discard="1" dealt="1" sum="5"/>
<action no="3" player="Ankalaev" type="15" discard="1" dealt="1" sum="5"/>
<action no="4" player="KOPKHUNKRAP" type="1" sum="15"/>
<action no="5" player="Tigro2015" type="2" discard="1" dealt="1" sum="30"/>
</round>
<round no="1"><cards type="Pocket" player="KOPKHUNKRAP">C4 HJ</cards>
<cards type="Pocket" player="Tigro2015">C9 SA</cards>
<cards type="Pocket" player="Ankalaev">H9 DA</cards>
<action no="6" player="Ankalaev" type="23" discard="1" dealt="1" sum="367"/>
<action no="7" player="KOPKHUNKRAP" type="0" sum="0"/>
<action no="8" player="Tigro2015" type="3" discard="1" dealt="1" sum="337"/>
</round>
<round no="2"><cards type="Flop">SK C2 C7</cards>
</round>
<round no="3"><cards type="Turn">S4</cards>
</round>
<round no="4"><cards type="River">D2</cards>
</round>
</game>
<game gamecode="6551997560"><general>
<startdate>2025-12-07 21:49:45</startdate>
<round>1</round>
<failsafecounter/>
<players><player seat="3" name="Ankalaev" chips="382" dealer="0" win="0" bet="35" muck="1" rebuy="0" addon="0" merge="0" rebuychips="0" reg_code="5078617787"/>
<player seat="6" name="KOPKHUNKRAP" chips="440" dealer="1" win="0" bet="5" muck="1" rebuy="0" addon="0" merge="0" rebuychips="0" reg_code="5078619281"/>
<player seat="10" name="Tigro2015" chips="678" dealer="0" win="75" bet="678" muck="1" rebuy="0" addon="0" merge="0" rebuychips="0" reg_code="5078619379"/>
</players>
</general>
<round no="0"><action no="1" player="Tigro2015" type="15" discard="1" dealt="1" sum="5"/>
<action no="2" player="Ankalaev" type="15" discard="1" dealt="1" sum="5"/>
<action no="3" player="KOPKHUNKRAP" type="15" sum="5"/>
<action no="4" player="Tigro2015" type="1" discard="1" dealt="1" sum="15"/>
<action no="5" player="Ankalaev" type="2" discard="1" dealt="1" sum="30"/>
</round>
<round no="1"><cards type="Pocket" player="Tigro2015">X X</cards>
<cards type="Pocket" player="Ankalaev">X X</cards>
<cards type="Pocket" player="KOPKHUNKRAP">D7 SJ</cards>
<action no="6" player="KOPKHUNKRAP" type="0" sum="0"/>
<action no="7" player="Tigro2015" type="23" discard="1" dealt="1" sum="673"/>
<action no="8" player="Ankalaev" type="0" discard="1" dealt="1" sum="0"/>
</round>
</game>
<game gamecode="6551997621"><general>
<startdate>2025-12-07 21:49:56</startdate>
<round>1</round>
<failsafecounter/>
<players><player seat="6" name="KOPKHUNKRAP" chips="435" dealer="0" win="0" bet="45" muck="1" rebuy="0" addon="0" merge="0" rebuychips="0" reg_code="5078619281"/>
<player seat="10" name="Tigro2015" chips="718" dealer="1" win="369" bet="718" muck="0" rebuy="0" addon="0" merge="0" rebuychips="0" reg_code="5078619379"/>
<player seat="3" name="Ankalaev" chips="347" dealer="0" win="370" bet="347" muck="0" rebuy="0" addon="0" merge="0" rebuychips="0" reg_code="5078617787"/>
</players>
</general>
<round no="0"><action no="1" player="Ankalaev" type="15" discard="1" dealt="1" sum="5"/>
<action no="2" player="KOPKHUNKRAP" type="15" sum="5"/>
<action no="3" player="Tigro2015" type="15" discard="1" dealt="1" sum="5"/>
<action no="4" player="Ankalaev" type="1" discard="1" dealt="1" sum="20"/>
<action no="5" player="KOPKHUNKRAP" type="2" sum="40"/>
</round>
<round no="1"><cards type="Pocket" player="Tigro2015">DA S3</cards>
<cards type="Pocket" player="KOPKHUNKRAP">DJ H2</cards>
<cards type="Pocket" player="Ankalaev">HA H5</cards>
<action no="6" player="Tigro2015" type="23" discard="1" dealt="1" sum="713"/>
<action no="7" player="Ankalaev" type="7" discard="1" dealt="1" sum="322"/>
<action no="8" player="KOPKHUNKRAP" type="0" sum="0"/>
</round>
<round no="2"><cards type="Flop">H10 D8 H9</cards>
</round>
<round no="3"><cards type="Turn">S2</cards>
</round>
<round no="4"><cards type="River">C2</cards>
</round>
</game>
<game gamecode="6551997731"><general>
<startdate>2025-12-07 21:50:17</startdate>
<round>1</round>
<failsafecounter/>
<players><player seat="10" name="Tigro2015" chips="740" dealer="0" win="0" bet="45" muck="1" rebuy="0" addon="0" merge="0" rebuychips="0" reg_code="5078619379"/>
<player seat="3" name="Ankalaev" chips="370" dealer="1" win="115" bet="370" muck="1" rebuy="0" addon="0" merge="0" rebuychips="0" reg_code="5078617787"/>
<player seat="6" name="KOPKHUNKRAP" chips="390" dealer="0" win="0" bet="25" muck="1" rebuy="0" addon="0" merge="0" rebuychips="0" reg_code="5078619281"/>
</players>
</general>
<round no="0"><action no="1" player="KOPKHUNKRAP" type="15" sum="5"/>
<action no="2" player="Tigro2015" type="15" discard="1" dealt="1" sum="5"/>
<action no="3" player="Ankalaev" type="15" discard="1" dealt="1" sum="5"/>
<action no="4" player="KOPKHUNKRAP" type="1" sum="20"/>
<action no="5" player="Tigro2015" type="2" discard="1" dealt="1" sum="40"/>
</round>
<round no="1"><cards type="Pocket" player="Tigro2015">X X</cards>
<cards type="Pocket" player="Ankalaev">X X</cards>
<cards type="Pocket" player="KOPKHUNKRAP">S2 SK</cards>
<action no="6" player="Ankalaev" type="23" discard="1" dealt="1" sum="365"/>
<action no="7" player="KOPKHUNKRAP" type="0" sum="0"/>
<action no="8" player="Tigro2015" type="0" discard="1" dealt="1" sum="0"/>
</round>
</game>
<game gamecode="6551997777"><general>
<startdate>2025-12-07 21:50:24</startdate>
<round>1</round>
<failsafecounter/>
<players><player seat="3" name="Ankalaev" chips="440" dealer="0" win="0" bet="45" muck="1" rebuy="0" addon="0" merge="0" rebuychips="0" reg_code="5078617787"/>
<player seat="6" name="KOPKHUNKRAP" chips="365" dealer="1" win="0" bet="5" muck="1" rebuy="0" addon="0" merge="0" rebuychips="0" reg_code="5078619281"/>
<player seat="10" name="Tigro2015" chips="695" dealer="0" win="95" bet="695" muck="1" rebuy="0" addon="0" merge="0" rebuychips="0" reg_code="5078619379"/>
</players>
</general>
<round no="0"><action no="1" player="Tigro2015" type="15" discard="1" dealt="1" sum="5"/>
<action no="2" player="Ankalaev" type="15" discard="1" dealt="1" sum="5"/>
<action no="3" player="KOPKHUNKRAP" type="15" sum="5"/>
<action no="4" player="Tigro2015" type="1" discard="1" dealt="1" sum="20"/>
<action no="5" player="Ankalaev" type="2" discard="1" dealt="1" sum="40"/>
</round>
<round no="1"><cards type="Pocket" player="Tigro2015">X X</cards>
<cards type="Pocket" player="Ankalaev">X X</cards>
<cards type="Pocket" player="KOPKHUNKRAP">C9 S3</cards>
<action no="6" player="KOPKHUNKRAP" type="0" sum="0"/>
<action no="7" player="Tigro2015" type="23" discard="1" dealt="1" sum="690"/>
<action no="8" player="Ankalaev" type="0" discard="1" dealt="1" sum="0"/>
</round>
</game>
<game gamecode="6551997839"><general>
<startdate>2025-12-07 21:50:36</startdate>
<round>1</round>
<failsafecounter/>
<players><player seat="6" name="KOPKHUNKRAP" chips="360" dealer="0" win="0" bet="45" muck="1" rebuy="0" addon="0" merge="0" rebuychips="0" reg_code="5078619281"/>
<player seat="10" name="Tigro2015" chips="745" dealer="1" win="0" bet="5" muck="1" rebuy="0" addon="0" merge="0" rebuychips="0" reg_code="5078619379"/>
<player seat="3" name="Ankalaev" chips="395" dealer="0" win="95" bet="395" muck="1" rebuy="0" addon="0" merge="0" rebuychips="0" reg_code="5078617787"/>
</players>
</general>
<round no="0"><action no="1" player="Ankalaev" type="15" discard="1" dealt="1" sum="5"/>
<action no="2" player="KOPKHUNKRAP" type="15" sum="5"/>
<action no="3" player="Tigro2015" type="15" discard="1" dealt="1" sum="5"/>
<action no="4" player="Ankalaev" type="1" discard="1" dealt="1" sum="20"/>
<action no="5" player="KOPKHUNKRAP" type="2" sum="40"/>
</round>
<round no="1"><cards type="Pocket" player="Ankalaev">X X</cards>
<cards type="Pocket" player="Tigro2015">X X</cards>
<cards type="Pocket" player="KOPKHUNKRAP">H5 S9</cards>
<action no="6" player="Tigro2015" type="0" discard="1" dealt="1" sum="0"/>
<action no="7" player="Ankalaev" type="23" discard="1" dealt="1" sum="390"/>
<action no="8" player="KOPKHUNKRAP" type="0" sum="0"/>
</round>
</game>
<game gamecode="6551997938"><general>
<startdate>2025-12-07 21:50:55</startdate>
<round>1</round>
<failsafecounter/>
<players><player seat="10" name="Tigro2015" chips="740" dealer="0" win="55" bet="45" muck="1" rebuy="0" addon="0" merge="0" rebuychips="0" reg_code="5078619379"/>
<player seat="3" name="Ankalaev" chips="445" dealer="1" win="0" bet="5" muck="1" rebuy="0" addon="0" merge="0" rebuychips="0" reg_code="5078617787"/>
<player seat="6" name="KOPKHUNKRAP" chips="315" dealer="0" win="0" bet="25" muck="1" rebuy="0" addon="0" merge="0" rebuychips="0" reg_code="5078619281"/>
</players>
</general>
<round no="0"><action no="1" player="KOPKHUNKRAP" type="15" sum="5"/>
<action no="2" player="Tigro2015" type="15" discard="1" dealt="1" sum="5"/>
<action no="3" player="Ankalaev" type="15" discard="1" dealt="1" sum="5"/>
<action no="4" player="KOPKHUNKRAP" type="1" sum="20"/>
<action no="5" player="Tigro2015" type="2" discard="1" dealt="1" sum="40"/>
</round>
<round no="1"><cards type="Pocket" player="Ankalaev">X X</cards>
<cards type="Pocket" player="Tigro2015">X X</cards>
<cards type="Pocket" player="KOPKHUNKRAP">S4 H6</cards>
<action no="6" player="Ankalaev" type="0" discard="1" dealt="1" sum="0"/>
<action no="7" player="KOPKHUNKRAP" type="0" sum="0"/>
</round>
</game>
<game gamecode="6551998004"><general>
<startdate>2025-12-07 21:51:08</startdate>
<round>1</round>
<failsafecounter/>
<players><player seat="3" name="Ankalaev" chips="440" dealer="0" win="0" bet="45" muck="1" rebuy="0" addon="0" merge="0" rebuychips="0" reg_code="5078617787"/>
<player seat="6" name="KOPKHUNKRAP" chips="290" dealer="1" win="115" bet="290" muck="1" rebuy="0" addon="0" merge="0" rebuychips="0" reg_code="5078619281"/>
<player seat="10" name="Tigro2015" chips="770" dealer="0" win="0" bet="25" muck="1" rebuy="0" addon="0" merge="0" rebuychips="0" reg_code="5078619379"/>
</players>
</general>
<round no="0"><action no="1" player="Tigro2015" type="15" discard="1" dealt="1" sum="5"/>
<action no="2" player="Ankalaev" type="15" discard="1" dealt="1" sum="5"/>
<action no="3" player="KOPKHUNKRAP" type="15" sum="5"/>
<action no="4" player="Tigro2015" type="1" discard="1" dealt="1" sum="20"/>
<action no="5" player="Ankalaev" type="2" discard="1" dealt="1" sum="40"/>
</round>
<round no="1"><cards type="Pocket" player="Ankalaev">X X</cards>
<cards type="Pocket" player="KOPKHUNKRAP">HK SK</cards>
<cards type="Pocket" player="Tigro2015">X X</cards>
<action no="6" player="KOPKHUNKRAP" type="23" sum="285"/>
<action no="7" player="Tigro2015" type="0" discard="1" dealt="1" sum="0"/>
<action no="8" player="Ankalaev" type="0" discard="1" dealt="1" sum="0"/>
</round>
</game>
<game gamecode="6551998061"><general>
<startdate>2025-12-07 21:51:18</startdate>
<round>1</round>
<failsafecounter/>
<players><player seat="6" name="KOPKHUNKRAP" chips="360" dealer="0" win="0" bet="45" muck="1" rebuy="0" addon="0" merge="0" rebuychips="0" reg_code="5078619281"/>
<player seat="10" name="Tigro2015" chips="745" dealer="1" win="0" bet="5" muck="1" rebuy="0" addon="0" merge="0" rebuychips="0" reg_code="5078619379"/>
<player seat="3" name="Ankalaev" chips="395" dealer="0" win="95" bet="395" muck="1" rebuy="0" addon="0" merge="0" rebuychips="0" reg_code="5078617787"/>
</players>
</general>
<round no="0"><action no="1" player="Ankalaev" type="15" discard="1" dealt="1" sum="5"/>
<action no="2" player="KOPKHUNKRAP" type="15" sum="5"/>
<action no="3" player="Tigro2015" type="15" discard="1" dealt="1" sum="5"/>
<action no="4" player="Ankalaev" type="1" discard="1" dealt="1" sum="20"/>
<action no="5" player="KOPKHUNKRAP" type="2" sum="40"/>
</round>
<round no="1"><cards type="Pocket" player="Tigro2015">X X</cards>
<cards type="Pocket" player="Ankalaev">X X</cards>
<cards type="Pocket" player="KOPKHUNKRAP">D3 DQ</cards>
<action no="6" player="Tigro2015" type="0" discard="1" dealt="1" sum="0"/>
<action no="7" player="Ankalaev" type="23" discard="1" dealt="1" sum="390"/>
<action no="8" player="KOPKHUNKRAP" type="0" sum="0"/>
</round>
</game>
<game gamecode="6551998129"><general>
<startdate>2025-12-07 21:51:31</startdate>
<round>1</round>
<failsafecounter/>
<players><player seat="10" name="Tigro2015" chips="740" dealer="0" win="75" bet="65" muck="1" rebuy="0" addon="0" merge="0" rebuychips="0" reg_code="5078619379"/>
<player seat="3" name="Ankalaev" chips="445" dealer="1" win="0" bet="5" muck="1" rebuy="0" addon="0" merge="0" rebuychips="0" reg_code="5078617787"/>
<player seat="6" name="KOPKHUNKRAP" chips="315" dealer="0" win="0" bet="35" muck="1" rebuy="0" addon="0" merge="0" rebuychips="0" reg_code="5078619281"/>
</players>
</general>
<round no="0"><action no="1" player="KOPKHUNKRAP" type="15" sum="5"/>
<action no="2" player="Tigro2015" type="15" discard="1" dealt="1" sum="5"/>
<action no="3" player="Ankalaev" type="15" discard="1" dealt="1" sum="5"/>
<action no="4" player="KOPKHUNKRAP" type="1" sum="30"/>
<action no="5" player="Tigro2015" type="2" discard="1" dealt="1" sum="60"/>
</round>
<round no="1"><cards type="Pocket" player="Ankalaev">X X</cards>
<cards type="Pocket" player="KOPKHUNKRAP">H10 H3</cards>
<cards type="Pocket" player="Tigro2015">X X</cards>
<action no="6" player="Ankalaev" type="0" discard="1" dealt="1" sum="0"/>
<action no="7" player="KOPKHUNKRAP" type="0" sum="0"/>
</round>
</game>
<game gamecode="6551998191"><general>
<startdate>2025-12-07 21:51:44</startdate>
<round>1</round>
<failsafecounter/>
<players><player seat="3" name="Ankalaev" chips="440" dealer="0" win="0" bet="65" muck="1" rebuy="0" addon="0" merge="0" rebuychips="0" reg_code="5078617787"/>
<player seat="6" name="KOPKHUNKRAP" chips="280" dealer="1" win="165" bet="280" muck="1" rebuy="0" addon="0" merge="0" rebuychips="0" reg_code="5078619281"/>
<player seat="10" name="Tigro2015" chips="780" dealer="0" win="0" bet="35" muck="1" rebuy="0" addon="0" merge="0" rebuychips="0" reg_code="5078619379"/>
</players>
</general>
<round no="0"><action no="1" player="Tigro2015" type="15" discard="1" dealt="1" sum="5"/>
<action no="2" player="Ankalaev" type="15" discard="1" dealt="1" sum="5"/>
<action no="3" player="KOPKHUNKRAP" type="15" sum="5"/>
<action no="4" player="Tigro2015" type="1" discard="1" dealt="1" sum="30"/>
<action no="5" player="Ankalaev" type="2" discard="1" dealt="1" sum="60"/>
</round>
<round no="1"><cards type="Pocket" player="KOPKHUNKRAP">S6 CA</cards>
<cards type="Pocket" player="Ankalaev">X X</cards>
<cards type="Pocket" player="Tigro2015">X X</cards>
<action no="6" player="KOPKHUNKRAP" type="23" sum="275"/>
<action no="7" player="Tigro2015" type="0" discard="1" dealt="1" sum="0"/>
<action no="8" player="Ankalaev" type="0" discard="1" dealt="1" sum="0"/>
</round>
</game>
<game gamecode="6551998256"><general>
<startdate>2025-12-07 21:51:59</startdate>
<round>1</round>
<failsafecounter/>
<players><player seat="6" name="KOPKHUNKRAP" chips="380" dealer="0" win="0" bet="65" muck="1" rebuy="0" addon="0" merge="0" rebuychips="0" reg_code="5078619281"/>
<player seat="10" name="Tigro2015" chips="745" dealer="1" win="815" bet="745" muck="0" rebuy="0" addon="0" merge="0" rebuychips="0" reg_code="5078619379"/>
<player seat="3" name="Ankalaev" chips="375" dealer="0" win="0" bet="375" muck="1" rebuy="0" addon="0" merge="0" rebuychips="0" reg_code="5078617787"/>
</players>
</general>
<round no="0"><action no="1" player="Ankalaev" type="15" discard="1" dealt="1" sum="5"/>
<action no="2" player="KOPKHUNKRAP" type="15" sum="5"/>
<action no="3" player="Tigro2015" type="15" discard="1" dealt="1" sum="5"/>
<action no="4" player="Ankalaev" type="1" discard="1" dealt="1" sum="30"/>
<action no="5" player="KOPKHUNKRAP" type="2" sum="60"/>
</round>
<round no="1"><cards type="Pocket" player="Tigro2015">S6 DK</cards>
<cards type="Pocket" player="Ankalaev">D7 CA</cards>
<cards type="Pocket" player="KOPKHUNKRAP">D5 SJ</cards>
<action no="6" player="Tigro2015" type="23" discard="1" dealt="1" sum="740"/>
<action no="7" player="Ankalaev" type="7" discard="1" dealt="1" sum="340"/>
<action no="8" player="KOPKHUNKRAP" type="0" sum="0"/>
</round>
<round no="2"><cards type="Flop">C10 SQ D10</cards>
</round>
<round no="3"><cards type="Turn">C9</cards>
</round>
<round no="4"><cards type="River">D6</cards>
</round>
</game>
<game gamecode="6551998341"><general>
<startdate>2025-12-07 21:52:17</startdate>
<round>1</round>
<failsafecounter/>
<players><player seat="10" name="Tigro2015" chips="1,185" dealer="0" win="0" bet="65" muck="1" rebuy="0" addon="0" merge="0" rebuychips="0" reg_code="5078619379"/>
<player seat="6" name="KOPKHUNKRAP" chips="315" dealer="1" win="130" bet="315" muck="1" rebuy="0" addon="0" merge="0" rebuychips="0" reg_code="5078619281"/>
</players>
</general>
<round no="0"><action no="1" player="KOPKHUNKRAP" type="15" sum="5"/>
<action no="2" player="Tigro2015" type="15" discard="1" dealt="1" sum="5"/>
<action no="3" player="KOPKHUNKRAP" type="1" sum="30"/>
<action no="4" player="Tigro2015" type="2" discard="1" dealt="1" sum="60"/>
</round>
<round no="1"><cards type="Pocket" player="KOPKHUNKRAP">H6 SA</cards>
<cards type="Pocket" player="Tigro2015">X X</cards>
<action no="5" player="KOPKHUNKRAP" type="23" sum="310"/>
<action no="6" player="Tigro2015" type="0" discard="1" dealt="1" sum="0"/>
</round>
</game>
<game gamecode="6551998394"><general>
<startdate>2025-12-07 21:52:29</startdate>
<round>1</round>
<failsafecounter/>
<players><player seat="6" name="KOPKHUNKRAP" chips="380" dealer="0" win="130" bet="380" muck="1" rebuy="0" addon="0" merge="0" rebuychips="0" reg_code="5078619281"/>
<player seat="10" name="Tigro2015" chips="1,120" dealer="1" win="0" bet="65" muck="1" rebuy="0" addon="0" merge="0" rebuychips="0" reg_code="5078619379"/>
</players>
</general>
<round no="0"><action no="1" player="Tigro2015" type="15" discard="1" dealt="1" sum="5"/>
<action no="2" player="KOPKHUNKRAP" type="15" sum="5"/>
<action no="3" player="Tigro2015" type="1" discard="1" dealt="1" sum="30"/>
<action no="4" player="KOPKHUNKRAP" type="2" sum="60"/>
</round>
<round no="1"><cards type="Pocket" player="KOPKHUNKRAP">D10 C10</cards>
<cards type="Pocket" player="Tigro2015">X X</cards>
<action no="5" player="Tigro2015" type="3" discard="1" dealt="1" sum="30"/>
<action no="6" player="KOPKHUNKRAP" type="23" sum="375"/>
<action no="7" player="Tigro2015" type="0" discard="1" dealt="1" sum="0"/>
</round>
</game>
<game gamecode="6551998520"><general>
<startdate>2025-12-07 21:52:56</startdate>
<round>1</round>
<failsafecounter/>
<players><player seat="10" name="Tigro2015" chips="1,055" dealer="0" win="0" bet="445" muck="1" rebuy="0" addon="0" merge="0" rebuychips="0" reg_code="5078619379"/>
<player seat="6" name="KOPKHUNKRAP" chips="445" dealer="1" win="890" bet="445" muck="0" rebuy="0" addon="0" merge="0" rebuychips="0" reg_code="5078619281"/>
</players>
</general>
<round no="0"><action no="1" player="KOPKHUNKRAP" type="15" sum="5"/>
<action no="2" player="Tigro2015" type="15" discard="1" dealt="1" sum="5"/>
<action no="3" player="KOPKHUNKRAP" type="1" sum="30"/>
<action no="4" player="Tigro2015" type="2" discard="1" dealt="1" sum="60"/>
</round>
<round no="1"><cards type="Pocket" player="Tigro2015">S9 SJ</cards>
<cards type="Pocket" player="KOPKHUNKRAP">D5 CK</cards>
<action no="5" player="KOPKHUNKRAP" type="23" sum="440"/>
<action no="6" player="Tigro2015" type="3" discard="1" dealt="1" sum="380"/>
</round>
<round no="2"><cards type="Flop">D7 C10 HQ</cards>
</round>
<round no="3"><cards type="Turn">H6</cards>
</round>
<round no="4"><cards type="River">S10</cards>
</round>
</game>
<game gamecode="6551998611"><general>
<startdate>2025-12-07 21:53:15</startdate>
<round>1</round>
<failsafecounter/>
<players><player seat="6" name="KOPKHUNKRAP" chips="890" dealer="0" win="0" bet="176" muck="1" rebuy="0" addon="0" merge="0" rebuychips="0" reg_code="5078619281"/>
<player seat="10" name="Tigro2015" chips="610" dealer="1" win="352" bet="256" muck="1" rebuy="0" addon="0" merge="0" rebuychips="0" reg_code="5078619379"/>
</players>
</general>
<round no="0"><action no="1" player="Tigro2015" type="15" discard="1" dealt="1" sum="8"/>
<action no="2" player="KOPKHUNKRAP" type="15" sum="8"/>
<action no="3" player="Tigro2015" type="1" discard="1" dealt="1" sum="40"/>
<action no="4" player="KOPKHUNKRAP" type="2" sum="80"/>
</round>
<round no="1"><cards type="Pocket" player="Tigro2015">X X</cards>
<cards type="Pocket" player="KOPKHUNKRAP">C6 C5</cards>
<action no="5" player="Tigro2015" type="3" discard="1" dealt="1" sum="40"/>
<action no="6" player="KOPKHUNKRAP" type="4" sum="0"/>
</round>
<round no="2"><cards type="Flop">DJ SJ D3</cards>
<action no="7" player="KOPKHUNKRAP" type="4" sum="0"/>
<action no="8" player="Tigro2015" type="4" discard="1" dealt="1" sum="0"/>
</round>
<round no="3"><cards type="Turn">S10</cards>
<action no="9" player="KOPKHUNKRAP" type="5" sum="88"/>
<action no="10" player="Tigro2015" type="3" discard="1" dealt="1" sum="88"/>
</round>
<round no="4"><cards type="River">HJ</cards>
<action no="11" player="KOPKHUNKRAP" type="4" sum="0"/>
<action no="12" player="Tigro2015" type="5" discard="1" dealt="1" sum="80"/>
<action no="13" player="KOPKHUNKRAP" type="0" sum="0"/>
</round>
</game>
<game gamecode="6551998738"><general>
<startdate>2025-12-07 21:53:40</startdate>
<round>1</round>
<failsafecounter/>
<players><player seat="10" name="Tigro2015" chips="786" dealer="0" win="1,428" bet="786" muck="0" rebuy="0" addon="0" merge="0" rebuychips="0" reg_code="5078619379"/>
<player seat="6" name="KOPKHUNKRAP" chips="714" dealer="1" win="0" bet="714" muck="1" rebuy="0" addon="0" merge="0" rebuychips="0" reg_code="5078619281"/>
</players>
</general>
<round no="0"><action no="1" player="KOPKHUNKRAP" type="15" sum="8"/>
<action no="2" player="Tigro2015" type="15" discard="1" dealt="1" sum="8"/>
<action no="3" player="KOPKHUNKRAP" type="1" sum="40"/>
<action no="4" player="Tigro2015" type="2" discard="1" dealt="1" sum="80"/>
</round>
<round no="1"><cards type="Pocket" player="KOPKHUNKRAP">H7 D7</cards>
<cards type="Pocket" player="Tigro2015">SA C7</cards>
<action no="5" player="KOPKHUNKRAP" type="3" sum="40"/>
<action no="6" player="Tigro2015" type="23" discard="1" dealt="1" sum="778"/>
<action no="7" player="KOPKHUNKRAP" type="7" sum="626"/>
</round>
<round no="2"><cards type="Flop">DK DA C4</cards>
</round>
<round no="3"><cards type="Turn">C8</cards>
</round>
<round no="4"><cards type="River">HA</cards>
</round>
</game>
</session>
