<?xml version="1.0" encoding="UTF-8"?>
<session sessioncode="5078619710">
<general>
<client_version>24.7.1.15</client_version>
<mode>real</mode>
<gametype>Holdem NL</gametype>
<tablename>Twister €200 SNG, 823258543</tablename>
<tournamentcode>823258542</tournamentcode>
<tournamentname>Twister €200 SNG</tournamentname>
<buyin>€0 + €12 + €188</buyin>
<totalbuyin>€200</totalbuyin>
<rewarddrawn>€600</rewarddrawn>
<tournamentcurrency>EUR</tournamentcurrency>
<currency>EUR</currency>
<nickname>KOPKHUNKRAP</nickname>
<gamecount>8</gamecount>
<startdate>2025-12-07 22:01:51</startdate>
<place>3</place>
<win>€0</win>
<tablesize>3</tablesize>
</general>
<game gamecode="6552005172"><general>
<startdate>2025-12-07 22:02:07</startdate>
<round>1</round>
<failsafecounter/>
<players><player seat="10" name="Minnypacho" chips="500" dealer="0" win="134" bet="122" muck="1" rebuy="0" addon="0" merge="0" rebuychips="0" reg_code="5078623365"/>
<player seat="3" name="Ankalaev" chips="500" dealer="1" win="0" bet="62" muck="1" rebuy="0" addon="0" merge="0" rebuychips="0" reg_code="5078618576"/>
<player seat="6" name="KOPKHUNKRAP" chips="500" dealer="0" win="0" bet="10" muck="1" rebuy="0" addon="0" merge="0" rebuychips="0" reg_code="5078619710"/>
</players>
</general>
<round no="0"><action no="1" player="KOPKHUNKRAP" type="1" sum="10"/>
<action no="2" player="Minnypacho" type="2" discard="1" dealt="1" sum="20"/>
</round>
<round no="1"><cards type="Pocket" player="Minnypacho">X X</cards>
<cards type="Pocket" player="KOPKHUNKRAP">H4 S9</cards>
<cards type="Pocket" player="Ankalaev">X X</cards>
<action no="3" player="Ankalaev" type="23" discard="1" dealt="1" sum="40"/>
<action no="4" player="KOPKHUNKRAP" type="0" sum="0"/>
<action no="5" player="Minnypacho" type="3" discard="1" dealt="1" sum="20"/>
</round>
<round no="2"><cards type="Flop">HK S5 D8</cards>
<action no="6" player="Minnypacho" type="4" discard="1" dealt="1" sum="0"/>
<action no="7" player="Ankalaev" type="5" discard="1" dealt="1" sum="22"/>
<action no="8" player="Minnypacho" type="3" discard="1" dealt="1" sum="22"/>
</round>
<round no="3"><cards type="Turn">H7</cards>
<action no="9" player="Minnypacho" type="4" discard="1" dealt="1" sum="0"/>
<action no="10" player="Ankalaev" type="4" discard="1" dealt="1" sum="0"/>
</round>
<round no="4"><cards type="River">S3</cards>
<action no="11" player="Minnypacho" type="5" discard="1" dealt="1" sum="60"/>
<action no="12" player="Ankalaev" type="0" discard="1" dealt="1" sum="0"/>
</round>
</game>
<game gamecode="6552005231"><general>
<startdate>2025-12-07 22:02:41</startdate>
<round>1</round>
<failsafecounter/>
<players><player seat="3" name="Ankalaev" chips="438" dealer="0" win="0" bet="60" muck="1" rebuy="0" addon="0" merge="0" rebuychips="0" reg_code="5078618576"/>
<player seat="6" name="KOPKHUNKRAP" chips="490" dealer="1" win="0" bet="0" muck="1" rebuy="0" addon="0" merge="0" rebuychips="0" reg_code="5078619710"/>
<player seat="10" name="Minnypacho" chips="572" dealer="0" win="120" bet="140" muck="1" rebuy="0" addon="0" merge="0" rebuychips="0" reg_code="5078623365"/>
</players>
</general>
<round no="0"><action no="1" player="Minnypacho" type="1" discard="1" dealt="1" sum="10"/>
<action no="2" player="Ankalaev" type="2" discard="1" dealt="1" sum="20"/>
</round>
<round no="1"><cards type="Pocket" player="KOPKHUNKRAP">D6 H7</cards>
<cards type="Pocket" player="Minnypacho">X X</cards>
<cards type="Pocket" player="Ankalaev">X X</cards>
<action no="3" player="KOPKHUNKRAP" type="0" sum="0"/>
<action no="4" player="Minnypacho" type="3" discard="1" dealt="1" sum="10"/>
<action no="5" player="Ankalaev" type="23" discard="1" dealt="1" sum="60"/>
<action no="6" player="Minnypacho" type="3" discard="1" dealt="1" sum="40"/>
</round>
<round no="2"><cards type="Flop">H10 C6 S7</cards>
<action no="7" player="Minnypacho" type="4" discard="1" dealt="1" sum="0"/>
<action no="8" player="Ankalaev" type="4" discard="1" dealt="1" sum="0"/>
</round>
<round no="3"><cards type="Turn">D10</cards>
<action no="9" player="Minnypacho" type="5" discard="1" dealt="1" sum="80"/>
<action no="10" player="Ankalaev" type="0" discard="1" dealt="1" sum="0"/>
</round>
</game>
<game gamecode="6552010996"><general>
<startdate>2025-12-07 22:03:17</startdate>
<round>1</round>
<failsafecounter/>
<players><player seat="6" name="KOPKHUNKRAP" chips="490" dealer="0" win="0" bet="20" muck="1" rebuy="0" addon="0" merge="0" rebuychips="0" reg_code="5078619710"/>
<player seat="10" name="Minnypacho" chips="632" dealer="1" win="0" bet="0" muck="1" rebuy="0" addon="0" merge="0" rebuychips="0" reg_code="5078623365"/>
<player seat="3" name="Ankalaev" chips="378" dealer="0" win="40" bet="40" muck="1" rebuy="0" addon="0" merge="0" rebuychips="0" reg_code="5078618576"/>
</players>
</general>
<round no="0"><action no="1" player="Ankalaev" type="1" discard="1" dealt="1" sum="10"/>
<action no="2" player="KOPKHUNKRAP" type="2" sum="20"/>
</round>
<round no="1"><cards type="Pocket" player="KOPKHUNKRAP">D4 SQ</cards>
<cards type="Pocket" player="Ankalaev">X X</cards>
<cards type="Pocket" player="Minnypacho">X X</cards>
<action no="3" player="Minnypacho" type="0" discard="1" dealt="1" sum="0"/>
<action no="4" player="Ankalaev" type="3" discard="1" dealt="1" sum="10"/>
<action no="5" player="KOPKHUNKRAP" type="4" sum="0"/>
</round>
<round no="2"><cards type="Flop">CK D10 D6</cards>
<action no="6" player="Ankalaev" type="5" discard="1" dealt="1" sum="20"/>
<action no="7" player="KOPKHUNKRAP" type="0" sum="0"/>
</round>
</game>
<game gamecode="6552011044"><general>
<startdate>2025-12-07 22:03:49</startdate>
<round>1</round>
<failsafecounter/>
<players><player seat="10" name="Minnypacho" chips="632" dealer="0" win="0" bet="35" muck="1" rebuy="0" addon="0" merge="0" rebuychips="0" reg_code="5078623365"/>
<player seat="3" name="Ankalaev" chips="398" dealer="1" win="90" bet="398" muck="1" rebuy="0" addon="0" merge="0" rebuychips="0" reg_code="5078618576"/>
<player seat="6" name="KOPKHUNKRAP" chips="470" dealer="0" win="0" bet="20" muck="1" rebuy="0" addon="0" merge="0" rebuychips="0" reg_code="5078619710"/>
</players>
</general>
<round no="0"><action no="1" player="KOPKHUNKRAP" type="15" sum="5"/>
<action no="2" player="Minnypacho" type="15" discard="1" dealt="1" sum="5"/>
<action no="3" player="Ankalaev" type="15" discard="1" dealt="1" sum="5"/>
<action no="4" player="KOPKHUNKRAP" type="1" sum="15"/>
<action no="5" player="Minnypacho" type="2" discard="1" dealt="1" sum="30"/>
</round>
<round no="1"><cards type="Pocket" player="KOPKHUNKRAP">DK C6</cards>
<cards type="Pocket" player="Minnypacho">X X</cards>
<cards type="Pocket" player="Ankalaev">X X</cards>
<action no="6" player="Ankalaev" type="23" discard="1" dealt="1" sum="393"/>
<action no="7" player="KOPKHUNKRAP" type="0" sum="0"/>
<action no="8" player="Minnypacho" type="0" discard="1" dealt="1" sum="0"/>
</round>
</game>
<game gamecode="6552011074"><general>
<startdate>2025-12-07 22:04:08</startdate>
<round>1</round>
<failsafecounter/>
<players><player seat="3" name="Ankalaev" chips="453" dealer="0" win="435" bet="215" muck="0" rebuy="0" addon="0" merge="0" rebuychips="0" reg_code="5078618576"/>
<player seat="6" name="KOPKHUNKRAP" chips="450" dealer="1" win="0" bet="5" muck="1" rebuy="0" addon="0" merge="0" rebuychips="0" reg_code="5078619710"/>
<player seat="10" name="Minnypacho" chips="597" dealer="0" win="0" bet="215" muck="0" rebuy="0" addon="0" merge="0" rebuychips="0" reg_code="5078623365"/>
</players>
</general>
<round no="0"><action no="1" player="Minnypacho" type="15" discard="1" dealt="1" sum="5"/>
<action no="2" player="Ankalaev" type="15" discard="1" dealt="1" sum="5"/>
<action no="3" player="KOPKHUNKRAP" type="15" sum="5"/>
<action no="4" player="Minnypacho" type="1" discard="1" dealt="1" sum="15"/>
<action no="5" player="Ankalaev" type="2" discard="1" dealt="1" sum="30"/>
</round>
<round no="1"><cards type="Pocket" player="Minnypacho">H4 H10</cards>
<cards type="Pocket" player="KOPKHUNKRAP">H7 D8</cards>
<cards type="Pocket" player="Ankalaev">D7 CK</cards>
<action no="6" player="KOPKHUNKRAP" type="0" sum="0"/>
<action no="7" player="Minnypacho" type="3" discard="1" dealt="1" sum="15"/>
<action no="8" player="Ankalaev" type="23" discard="1" dealt="1" sum="90"/>
<action no="9" player="Minnypacho" type="3" discard="1" dealt="1" sum="60"/>
</round>
<round no="2"><cards type="Flop">C6 H9 S2</cards>
<action no="10" player="Minnypacho" type="4" discard="1" dealt="1" sum="0"/>
<action no="11" player="Ankalaev" type="4" discard="1" dealt="1" sum="0"/>
</round>
<round no="3"><cards type="Turn">C8</cards>
<action no="12" player="Minnypacho" type="4" discard="1" dealt="1" sum="0"/>
<action no="13" player="Ankalaev" type="4" discard="1" dealt="1" sum="0"/>
</round>
<round no="4"><cards type="River">C5</cards>
<action no="14" player="Minnypacho" type="5" discard="1" dealt="1" sum="120"/>
<action no="15" player="Ankalaev" type="3" discard="1" dealt="1" sum="120"/>
</round>
</game>
<game gamecode="6552011193"><general>
<startdate>2025-12-07 22:05:18</startdate>
<round>1</round>
<failsafecounter/>
<players><player seat="6" name="KOPKHUNKRAP" chips="445" dealer="0" win="0" bet="35" muck="1" rebuy="0" addon="0" merge="0" rebuychips="0" reg_code="5078619710"/>
<player seat="10" name="Minnypacho" chips="382" dealer="1" win="0" bet="5" muck="1" rebuy="0" addon="0" merge="0" rebuychips="0" reg_code="5078623365"/>
<player seat="3" name="Ankalaev" chips="673" dealer="0" win="75" bet="673" muck="1" rebuy="0" addon="0" merge="0" rebuychips="0" reg_code="5078618576"/>
</players>
</general>
<round no="0"><action no="1" player="Ankalaev" type="15" discard="1" dealt="1" sum="5"/>
<action no="2" player="KOPKHUNKRAP" type="15" sum="5"/>
<action no="3" player="Minnypacho" type="15" discard="1" dealt="1" sum="5"/>
<action no="4" player="Ankalaev" type="1" discard="1" dealt="1" sum="15"/>
<action no="5" player="KOPKHUNKRAP" type="2" sum="30"/>
</round>
<round no="1"><cards type="Pocket" player="KOPKHUNKRAP">S8 C4</cards>
<cards type="Pocket" player="Minnypacho">X X</cards>
<cards type="Pocket" player="Ankalaev">X X</cards>
<action no="6" player="Minnypacho" type="0" discard="1" dealt="1" sum="0"/>
<action no="7" player="Ankalaev" type="23" discard="1" dealt="1" sum="668"/>
<action no="8" player="KOPKHUNKRAP" type="0" sum="0"/>
</round>
</game>
<game gamecode="6552011218"><general>
<startdate>2025-12-07 22:05:31</startdate>
<round>1</round>
<failsafecounter/>
<players><player seat="10" name="Minnypacho" chips="377" dealer="0" win="0" bet="45" muck="1" rebuy="0" addon="0" merge="0" rebuychips="0" reg_code="5078623365"/>
<player seat="3" name="Ankalaev" chips="713" dealer="1" win="0" bet="5" muck="1" rebuy="0" addon="0" merge="0" rebuychips="0" reg_code="5078618576"/>
<player seat="6" name="KOPKHUNKRAP" chips="410" dealer="0" win="95" bet="410" muck="1" rebuy="0" addon="0" merge="0" rebuychips="0" reg_code="5078619710"/>
</players>
</general>
<round no="0"><action no="1" player="KOPKHUNKRAP" type="15" sum="5"/>
<action no="2" player="Minnypacho" type="15" discard="1" dealt="1" sum="5"/>
<action no="3" player="Ankalaev" type="15" discard="1" dealt="1" sum="5"/>
<action no="4" player="KOPKHUNKRAP" type="1" sum="20"/>
<action no="5" player="Minnypacho" type="2" discard="1" dealt="1" sum="40"/>
</round>
<round no="1"><cards type="Pocket" player="Minnypacho">X X</cards>
<cards type="Pocket" player="Ankalaev">X X</cards>
<cards type="Pocket" player="KOPKHUNKRAP">SK CJ</cards>
<action no="6" player="Ankalaev" type="0" discard="1" dealt="1" sum="0"/>
<action no="7" player="KOPKHUNKRAP" type="23" sum="405"/>
<action no="8" player="Minnypacho" type="0" discard="1" dealt="1" sum="0"/>
</round>
</game>
<game gamecode="6552011251"><general>
<startdate>2025-12-07 22:05:49</startdate>
<round>1</round>
<failsafecounter/>
<players><player seat="3" name="Ankalaev" chips="708" dealer="0" win="945" bet="460" muck="0" rebuy="0" addon="0" merge="0" rebuychips="0" reg_code="5078618576"/>
<player seat="6" name="KOPKHUNKRAP" chips="460" dealer="1" win="0" bet="460" muck="0" rebuy="0" addon="0" merge="0" rebuychips="0" reg_code="5078619710"/>
<player seat="10" name="Minnypacho" chips="332" dealer="0" win="0" bet="25" muck="1" rebuy="0" addon="0" merge="0" rebuychips="0" reg_code="5078623365"/>
</players>
</general>
<round no="0"><action no="1" player="Minnypacho" type="15" discard="1" dealt="1" sum="5"/>
<action no="2" player="Ankalaev" type="15" discard="1" dealt="1" sum="5"/>
<action no="3" player="KOPKHUNKRAP" type="15" sum="5"/>
<action no="4" player="Minnypacho" type="1" discard="1" dealt="1" sum="20"/>
<action no="5" player="Ankalaev" type="2" discard="1" dealt="1" sum="40"/>
</round>
<round no="1"><cards type="Pocket" player="Minnypacho">X X</cards>
<cards type="Pocket" player="Ankalaev">S9 H9</cards>
<cards type="Pocket" player="KOPKHUNKRAP">SJ CK</cards>
<action no="6" player="KOPKHUNKRAP" type="23" sum="455"/>
<action no="7" player="Minnypacho" type="0" discard="1" dealt="1" sum="0"/>
<action no="8" player="Ankalaev" type="3" discard="1" dealt="1" sum="415"/>
</round>
<round no="2"><cards type="Flop">HJ S8 HQ</cards>
</round>
<round no="3"><cards type="Turn">SK</cards>
</round>
<round no="4"><cards type="River">C9</cards>
</round>
</game>
</session>
