<?xml version="1.0" encoding="UTF-8"?>
<session sessioncode="5078178261">
<general>
<client_version>24.7.1.15</client_version>
<mode>real</mode>
<gametype>Holdem NL</gametype>
<tablename>Twister €200 SNG, 823129329</tablename>
<tournamentcode>823129328</tournamentcode>
<tournamentname>Twister €200 SNG</tournamentname>
<buyin>€0 + €12 + €188</buyin>
<totalbuyin>€200</totalbuyin>
<rewarddrawn>€400</rewarddrawn>
<tournamentcurrency>EUR</tournamentcurrency>
<currency>EUR</currency>
<nickname>KOPKHUNKRAP</nickname>
<gamecount>11</gamecount>
<startdate>2025-12-06 01:36:29</startdate>
<place>2</place>
<win>€0</win>
<tablesize>3</tablesize>
</general>
<game gamecode="6550342101"><general>
<startdate>2025-12-06 01:36:44</startdate>
<round>1</round>
<failsafecounter/>
<players><player seat="3" name="OndaBianca1" chips="500" dealer="0" win="20" bet="20" muck="1" rebuy="0" addon="0" merge="0" rebuychips="0" reg_code="5078177862"/>
<player seat="6" name="KOPKHUNKRAP" chips="500" dealer="1" win="0" bet="0" muck="1" rebuy="0" addon="0" merge="0" rebuychips="0" reg_code="5078178261"/>
<player seat="10" name="Lucapizza" chips="500" dealer="0" win="0" bet="10" muck="1" rebuy="0" addon="0" merge="0" rebuychips="0" reg_code="5078178738"/>
</players>
</general>
<round no="0"><action no="1" player="Lucapizza" type="1" discard="1" dealt="1" sum="10"/>
<action no="2" player="OndaBianca1" type="2" discard="1" dealt="1" sum="20"/>
</round>
<round no="1"><cards type="Pocket" player="OndaBianca1">X X</cards>
<cards type="Pocket" player="KOPKHUNKRAP">C8 SJ</cards>
<cards type="Pocket" player="Lucapizza">X X</cards>
<action no="3" player="KOPKHUNKRAP" type="0" sum="0"/>
<action no="4" player="Lucapizza" type="0" discard="1" dealt="1" sum="0"/>
</round>
</game>
<game gamecode="6550342114"><general>
<startdate>2025-12-06 01:36:52</startdate>
<round>1</round>
<failsafecounter/>
<players><player seat="6" name="KOPKHUNKRAP" chips="500" dealer="0" win="0" bet="20" muck="1" rebuy="0" addon="0" merge="0" rebuychips="0" reg_code="5078178261"/>
<player seat="10" name="Lucapizza" chips="490" dealer="1" win="0" bet="0" muck="1" rebuy="0" addon="0" merge="0" rebuychips="0" reg_code="5078178738"/>
<player seat="3" name="OndaBianca1" chips="510" dealer="0" win="40" bet="60" muck="1" rebuy="0" addon="0" merge="0" rebuychips="0" reg_code="5078177862"/>
</players>
</general>
<round no="0"><action no="1" player="OndaBianca1" type="1" discard="1" dealt="1" sum="10"/>
<action no="2" player="KOPKHUNKRAP" type="2" sum="20"/>
</round>
<round no="1"><cards type="Pocket" player="OndaBianca1">X X</cards>
<cards type="Pocket" player="KOPKHUNKRAP">S5 HK</cards>
<cards type="Pocket" player="Lucapizza">X X</cards>
<action no="3" player="Lucapizza" type="0" discard="1" dealt="1" sum="0"/>
<action no="4" player="OndaBianca1" type="23" discard="1" dealt="1" sum="60"/>
<action no="5" player="KOPKHUNKRAP" type="0" sum="0"/>
</round>
</game>
<game gamecode="6550342141"><general>
<startdate>2025-12-06 01:37:03</startdate>
<round>1</round>
<failsafecounter/>
<players><player seat="10" name="Lucapizza" chips="490" dealer="0" win="0" bet="20" muck="1" rebuy="0" addon="0" merge="0" rebuychips="0" reg_code="5078178738"/>
<player seat="3" name="OndaBianca1" chips="530" dealer="1" win="50" bet="40" muck="1" rebuy="0" addon="0" merge="0" rebuychips="0" reg_code="5078177862"/>
<player seat="6" name="KOPKHUNKRAP" chips="480" dealer="0" win="0" bet="10" muck="1" rebuy="0" addon="0" merge="0" rebuychips="0" reg_code="5078178261"/>
</players>
</general>
<round no="0"><action no="1" player="KOPKHUNKRAP" type="1" sum="10"/>
<action no="2" player="Lucapizza" type="2" discard="1" dealt="1" sum="20"/>
</round>
<round no="1"><cards type="Pocket" player="Lucapizza">X X</cards>
<cards type="Pocket" player="OndaBianca1">X X</cards>
<cards type="Pocket" player="KOPKHUNKRAP">C10 H7</cards>
<action no="3" player="OndaBianca1" type="23" discard="1" dealt="1" sum="40"/>
<action no="4" player="KOPKHUNKRAP" type="0" sum="0"/>
<action no="5" player="Lucapizza" type="0" discard="1" dealt="1" sum="0"/>
</round>
</game>
<game gamecode="6550342165"><general>
<startdate>2025-12-06 01:37:12</startdate>
<round>1</round>
<failsafecounter/>
<players><player seat="3" name="OndaBianca1" chips="560" dealer="0" win="0" bet="560" muck="0" rebuy="0" addon="0" merge="0" rebuychips="0" reg_code="5078177862"/>
<player seat="6" name="KOPKHUNKRAP" chips="470" dealer="1" win="0" bet="0" muck="1" rebuy="0" addon="0" merge="0" rebuychips="0" reg_code="5078178261"/>
<player seat="10" name="Lucapizza" chips="470" dealer="0" win="940" bet="470" muck="0" rebuy="0" addon="0" merge="0" rebuychips="0" reg_code="5078178738"/>
</players>
</general>
<round no="0"><action no="1" player="Lucapizza" type="1" discard="1" dealt="1" sum="10"/>
<action no="2" player="OndaBianca1" type="2" discard="1" dealt="1" sum="20"/>
</round>
<round no="1"><cards type="Pocket" player="KOPKHUNKRAP">H4 D2</cards>
<cards type="Pocket" player="OndaBianca1">H5 S9</cards>
<cards type="Pocket" player="Lucapizza">C9 S10</cards>
<action no="3" player="KOPKHUNKRAP" type="0" sum="0"/>
<action no="4" player="Lucapizza" type="3" discard="1" dealt="1" sum="10"/>
<action no="5" player="OndaBianca1" type="4" discard="1" dealt="1" sum="0"/>
</round>
<round no="2"><cards type="Flop">D5 D9 C4</cards>
<action no="6" player="Lucapizza" type="4" discard="1" dealt="1" sum="0"/>
<action no="7" player="OndaBianca1" type="5" discard="1" dealt="1" sum="40"/>
<action no="8" player="Lucapizza" type="3" discard="1" dealt="1" sum="40"/>
</round>
<round no="3"><cards type="Turn">H10</cards>
<action no="9" player="Lucapizza" type="4" discard="1" dealt="1" sum="0"/>
<action no="10" player="OndaBianca1" type="5" discard="1" dealt="1" sum="90"/>
<action no="11" player="Lucapizza" type="23" discard="1" dealt="1" sum="180"/>
<action no="12" player="OndaBianca1" type="23" discard="1" dealt="1" sum="500"/>
<action no="13" player="Lucapizza" type="7" discard="1" dealt="1" sum="230"/>
</round>
<round no="4"><cards type="River">CK</cards>
</round>
</game>
<game gamecode="6550342231"><general>
<startdate>2025-12-06 01:37:47</startdate>
<round>1</round>
<failsafecounter/>
<players><player seat="6" name="KOPKHUNKRAP" chips="470" dealer="0" win="0" bet="20" muck="1" rebuy="0" addon="0" merge="0" rebuychips="0" reg_code="5078178261"/>
<player seat="10" name="Lucapizza" chips="940" dealer="1" win="200" bet="90" muck="0" rebuy="0" addon="0" merge="0" rebuychips="0" reg_code="5078178738"/>
<player seat="3" name="OndaBianca1" chips="90" dealer="0" win="0" bet="90" muck="0" rebuy="0" addon="0" merge="0" rebuychips="0" reg_code="5078177862"/>
</players>
</general>
<round no="0"><action no="1" player="OndaBianca1" type="1" discard="1" dealt="1" sum="10"/>
<action no="2" player="KOPKHUNKRAP" type="2" sum="20"/>
</round>
<round no="1"><cards type="Pocket" player="KOPKHUNKRAP">DK D3</cards>
<cards type="Pocket" player="OndaBianca1">SK C4</cards>
<cards type="Pocket" player="Lucapizza">SA S3</cards>
<action no="3" player="Lucapizza" type="3" discard="1" dealt="1" sum="20"/>
<action no="4" player="OndaBianca1" type="23" discard="1" dealt="1" sum="90"/>
<action no="5" player="KOPKHUNKRAP" type="0" sum="0"/>
<action no="6" player="Lucapizza" type="3" discard="1" dealt="1" sum="70"/>
</round>
<round no="2"><cards type="Flop">D10 SQ S7</cards>
</round>
<round no="3"><cards type="Turn">C10</cards>
</round>
<round no="4"><cards type="River">D6</cards>
</round>
</game>
<game gamecode="6550342262"><general>
<startdate>2025-12-06 01:38:05</startdate>
<round>1</round>
<failsafecounter/>
<players><player seat="10" name="Lucapizza" chips="1,050" dealer="0" win="0" bet="40" muck="1" rebuy="0" addon="0" merge="0" rebuychips="0" reg_code="5078178738"/>
<player seat="6" name="KOPKHUNKRAP" chips="450" dealer="1" win="80" bet="60" muck="1" rebuy="0" addon="0" merge="0" rebuychips="0" reg_code="5078178261"/>
</players>
</general>
<round no="0"><action no="1" player="KOPKHUNKRAP" type="1" sum="10"/>
<action no="2" player="Lucapizza" type="2" discard="1" dealt="1" sum="20"/>
</round>
<round no="1"><cards type="Pocket" player="Lucapizza">X X</cards>
<cards type="Pocket" player="KOPKHUNKRAP">SA CJ</cards>
<action no="3" player="KOPKHUNKRAP" type="23" sum="40"/>
<action no="4" player="Lucapizza" type="3" discard="1" dealt="1" sum="20"/>
</round>
<round no="2"><cards type="Flop">H8 C8 H10</cards>
<action no="5" player="Lucapizza" type="4" discard="1" dealt="1" sum="0"/>
<action no="6" player="KOPKHUNKRAP" type="5" sum="20"/>
<action no="7" player="Lucapizza" type="0" discard="1" dealt="1" sum="0"/>
</round>
</game>
<game gamecode="6550342289"><general>
<startdate>2025-12-06 01:38:17</startdate>
<round>1</round>
<failsafecounter/>
<players><player seat="6" name="KOPKHUNKRAP" chips="490" dealer="0" win="0" bet="20" muck="1" rebuy="0" addon="0" merge="0" rebuychips="0" reg_code="5078178261"/>
<player seat="10" name="Lucapizza" chips="1,010" dealer="1" win="40" bet="60" muck="1" rebuy="0" addon="0" merge="0" rebuychips="0" reg_code="5078178738"/>
</players>
</general>
<round no="0"><action no="1" player="Lucapizza" type="1" discard="1" dealt="1" sum="10"/>
<action no="2" player="KOPKHUNKRAP" type="2" sum="20"/>
</round>
<round no="1"><cards type="Pocket" player="Lucapizza">X X</cards>
<cards type="Pocket" player="KOPKHUNKRAP">S2 C3</cards>
<action no="3" player="Lucapizza" type="3" discard="1" dealt="1" sum="10"/>
<action no="4" player="KOPKHUNKRAP" type="4" sum="0"/>
</round>
<round no="2"><cards type="Flop">S10 D2 D4</cards>
<action no="5" player="KOPKHUNKRAP" type="4" sum="0"/>
<action no="6" player="Lucapizza" type="4" discard="1" dealt="1" sum="0"/>
</round>
<round no="3"><cards type="Turn">H6</cards>
<action no="7" player="KOPKHUNKRAP" type="4" sum="0"/>
<action no="8" player="Lucapizza" type="4" discard="1" dealt="1" sum="0"/>
</round>
<round no="4"><cards type="River">DK</cards>
<action no="9" player="KOPKHUNKRAP" type="4" sum="0"/>
<action no="10" player="Lucapizza" type="5" discard="1" dealt="1" sum="40"/>
<action no="11" player="KOPKHUNKRAP" type="0" sum="0"/>
</round>
</game>
<game gamecode="6550347027"><general>
<startdate>2025-12-06 01:38:33</startdate>
<round>1</round>
<failsafecounter/>
<players><player seat="10" name="Lucapizza" chips="1,030" dealer="0" win="0" bet="35" muck="1" rebuy="0" addon="0" merge="0" rebuychips="0" reg_code="5078178738"/>
<player seat="6" name="KOPKHUNKRAP" chips="470" dealer="1" win="70" bet="65" muck="1" rebuy="0" addon="0" merge="0" rebuychips="0" reg_code="5078178261"/>
</players>
</general>
<round no="0"><action no="1" player="KOPKHUNKRAP" type="15" sum="5"/>
<action no="2" player="Lucapizza" type="15" discard="1" dealt="1" sum="5"/>
<action no="3" player="KOPKHUNKRAP" type="1" sum="15"/>
<action no="4" player="Lucapizza" type="2" discard="1" dealt="1" sum="30"/>
</round>
<round no="1"><cards type="Pocket" player="KOPKHUNKRAP">C8 SK</cards>
<cards type="Pocket" player="Lucapizza">X X</cards>
<action no="5" player="KOPKHUNKRAP" type="23" sum="60"/>
<action no="6" player="Lucapizza" type="0" discard="1" dealt="1" sum="0"/>
</round>
</game>
<game gamecode="6550347047"><general>
<startdate>2025-12-06 01:38:42</startdate>
<round>1</round>
<failsafecounter/>
<players><player seat="6" name="KOPKHUNKRAP" chips="505" dealer="0" win="0" bet="35" muck="1" rebuy="0" addon="0" merge="0" rebuychips="0" reg_code="5078178261"/>
<player seat="10" name="Lucapizza" chips="995" dealer="1" win="70" bet="65" muck="1" rebuy="0" addon="0" merge="0" rebuychips="0" reg_code="5078178738"/>
</players>
</general>
<round no="0"><action no="1" player="Lucapizza" type="15" discard="1" dealt="1" sum="5"/>
<action no="2" player="KOPKHUNKRAP" type="15" sum="5"/>
<action no="3" player="Lucapizza" type="1" discard="1" dealt="1" sum="15"/>
<action no="4" player="KOPKHUNKRAP" type="2" sum="30"/>
</round>
<round no="1"><cards type="Pocket" player="KOPKHUNKRAP">S2 SK</cards>
<cards type="Pocket" player="Lucapizza">X X</cards>
<action no="5" player="Lucapizza" type="3" discard="1" dealt="1" sum="15"/>
<action no="6" player="KOPKHUNKRAP" type="4" sum="0"/>
</round>
<round no="2"><cards type="Flop">HJ CJ C10</cards>
<action no="7" player="KOPKHUNKRAP" type="4" sum="0"/>
<action no="8" player="Lucapizza" type="4" discard="1" dealt="1" sum="0"/>
</round>
<round no="3"><cards type="Turn">H6</cards>
<action no="9" player="KOPKHUNKRAP" type="4" sum="0"/>
<action no="10" player="Lucapizza" type="5" discard="1" dealt="1" sum="30"/>
<action no="11" player="KOPKHUNKRAP" type="0" sum="0"/>
</round>
</game>
<game gamecode="6550347076"><general>
<startdate>2025-12-06 01:38:55</startdate>
<round>1</round>
<failsafecounter/>
<players><player seat="10" name="Lucapizza" chips="1,030" dealer="0" win="250" bet="125" muck="0" rebuy="0" addon="0" merge="0" rebuychips="0" reg_code="5078178738"/>
<player seat="6" name="KOPKHUNKRAP" chips="470" dealer="1" win="0" bet="125" muck="1" rebuy="0" addon="0" merge="0" rebuychips="0" reg_code="5078178261"/>
</players>
</general>
<round no="0"><action no="1" player="KOPKHUNKRAP" type="15" sum="5"/>
<action no="2" player="Lucapizza" type="15" discard="1" dealt="1" sum="5"/>
<action no="3" player="KOPKHUNKRAP" type="1" sum="15"/>
<action no="4" player="Lucapizza" type="2" discard="1" dealt="1" sum="30"/>
</round>
<round no="1"><cards type="Pocket" player="KOPKHUNKRAP">H4 C6</cards>
<cards type="Pocket" player="Lucapizza">C5 C10</cards>
<action no="5" player="KOPKHUNKRAP" type="3" sum="15"/>
<action no="6" player="Lucapizza" type="4" discard="1" dealt="1" sum="0"/>
</round>
<round no="2"><cards type="Flop">D5 DQ S5</cards>
<action no="7" player="Lucapizza" type="4" discard="1" dealt="1" sum="0"/>
<action no="8" player="KOPKHUNKRAP" type="5" sum="30"/>
<action no="9" player="Lucapizza" type="3" discard="1" dealt="1" sum="30"/>
</round>
<round no="3"><cards type="Turn">H7</cards>
<action no="10" player="Lucapizza" type="4" discard="1" dealt="1" sum="0"/>
<action no="11" player="KOPKHUNKRAP" type="5" sum="60"/>
<action no="12" player="Lucapizza" type="3" discard="1" dealt="1" sum="60"/>
</round>
<round no="4"><cards type="River">CA</cards>
<action no="13" player="Lucapizza" type="4" discard="1" dealt="1" sum="0"/>
<action no="14" player="KOPKHUNKRAP" type="4" sum="0"/>
</round>
</game>
<game gamecode="6550347119"><general>
<startdate>2025-12-06 01:39:19</startdate>
<round>1</round>
<failsafecounter/>
<players><player seat="6" name="KOPKHUNKRAP" chips="345" dealer="0" win="0" bet="345" muck="0" rebuy="0" addon="0" merge="0" rebuychips="0" reg_code="5078178261"/>
<player seat="10" name="Lucapizza" chips="1,155" dealer="1" win="690" bet="1,155" muck="0" rebuy="0" addon="0" merge="0" rebuychips="0" reg_code="5078178738"/>
</players>
</general>
<round no="0"><action no="1" player="Lucapizza" type="15" discard="1" dealt="1" sum="5"/>
<action no="2" player="KOPKHUNKRAP" type="15" sum="5"/>
<action no="3" player="Lucapizza" type="1" discard="1" dealt="1" sum="15"/>
<action no="4" player="KOPKHUNKRAP" type="2" sum="30"/>
</round>
<round no="1"><cards type="Pocket" player="Lucapizza">H10 C10</cards>
<cards type="Pocket" player="KOPKHUNKRAP">CQ CJ</cards>
<action no="5" player="Lucapizza" type="3" discard="1" dealt="1" sum="15"/>
<action no="6" player="KOPKHUNKRAP" type="23" sum="75"/>
<action no="7" player="Lucapizza" type="23" discard="1" dealt="1" sum="1,150"/>
<action no="8" player="KOPKHUNKRAP" type="7" sum="265"/>
</round>
<round no="2"><cards type="Flop">D7 H8 H3</cards>
</round>
<round no="3"><cards type="Turn">H9</cards>
</round>
<round no="4"><cards type="River">D2</cards>
</round>
</game>
</session>
