<?xml version="1.0" encoding="UTF-8"?>
<session sessioncode="5078226279">
<general>
<client_version>24.7.1.15</client_version>
<mode>real</mode>
<gametype>Holdem NL</gametype>
<tablename>Twister €200 SNG, 823135953</tablename>
<tournamentcode>823135952</tournamentcode>
<tournamentname>Twister €200 SNG</tournamentname>
<buyin>€0 + €12 + €188</buyin>
<totalbuyin>€200</totalbuyin>
<rewarddrawn>€600</rewarddrawn>
<tournamentcurrency>EUR</tournamentcurrency>
<currency>EUR</currency>
<nickname>KOPKHUNKRAP</nickname>
<gamecount>16</gamecount>
<startdate>2025-12-06 10:41:46</startdate>
<place>3</place>
<win>€0</win>
<tablesize>3</tablesize>
</general>
<game gamecode="6550521388"><general>
<startdate>2025-12-06 10:42:02</startdate>
<round>1</round>
<failsafecounter/>
<players><player seat="6" name="KOPKHUNKRAP" chips="500" dealer="0" win="0" bet="20" muck="1" rebuy="0" addon="0" merge="0" rebuychips="0" reg_code="5078226279"/>
<player seat="10" name="principin8" chips="500" dealer="1" win="0" bet="0" muck="1" rebuy="0" addon="0" merge="0" rebuychips="0" reg_code="5078226285"/>
<player seat="3" name="Ankalaev" chips="500" dealer="0" win="40" bet="60" muck="1" rebuy="0" addon="0" merge="0" rebuychips="0" reg_code="5078226069"/>
</players>
</general>
<round no="0"><action no="1" player="Ankalaev" type="1" discard="1" dealt="1" sum="10"/>
<action no="2" player="KOPKHUNKRAP" type="2" sum="20"/>
</round>
<round no="1"><cards type="Pocket" player="KOPKHUNKRAP">CQ H7</cards>
<cards type="Pocket" player="Ankalaev">X X</cards>
<cards type="Pocket" player="principin8">X X</cards>
<action no="3" player="principin8" type="0" discard="1" dealt="1" sum="0"/>
<action no="4" player="Ankalaev" type="3" discard="1" dealt="1" sum="10"/>
<action no="5" player="KOPKHUNKRAP" type="4" sum="0"/>
</round>
<round no="2"><cards type="Flop">S4 C9 C6</cards>
<action no="6" player="Ankalaev" type="4" discard="1" dealt="1" sum="0"/>
<action no="7" player="KOPKHUNKRAP" type="4" sum="0"/>
</round>
<round no="3"><cards type="Turn">D5</cards>
<action no="8" player="Ankalaev" type="5" discard="1" dealt="1" sum="40"/>
<action no="9" player="KOPKHUNKRAP" type="0" sum="0"/>
</round>
</game>
<game gamecode="6550521440"><general>
<startdate>2025-12-06 10:42:41</startdate>
<round>1</round>
<failsafecounter/>
<players><player seat="10" name="principin8" chips="500" dealer="0" win="0" bet="20" muck="1" rebuy="0" addon="0" merge="0" rebuychips="0" reg_code="5078226285"/>
<player seat="3" name="Ankalaev" chips="520" dealer="1" win="50" bet="40" muck="1" rebuy="0" addon="0" merge="0" rebuychips="0" reg_code="5078226069"/>
<player seat="6" name="KOPKHUNKRAP" chips="480" dealer="0" win="0" bet="10" muck="1" rebuy="0" addon="0" merge="0" rebuychips="0" reg_code="5078226279"/>
</players>
</general>
<round no="0"><action no="1" player="KOPKHUNKRAP" type="1" sum="10"/>
<action no="2" player="principin8" type="2" discard="1" dealt="1" sum="20"/>
</round>
<round no="1"><cards type="Pocket" player="Ankalaev">X X</cards>
<cards type="Pocket" player="principin8">X X</cards>
<cards type="Pocket" player="KOPKHUNKRAP">SJ C7</cards>
<action no="3" player="Ankalaev" type="23" discard="1" dealt="1" sum="40"/>
<action no="4" player="KOPKHUNKRAP" type="0" sum="0"/>
<action no="5" player="principin8" type="0" discard="1" dealt="1" sum="0"/>
</round>
</game>
<game gamecode="6550521450"><general>
<startdate>2025-12-06 10:42:51</startdate>
<round>1</round>
<failsafecounter/>
<players><player seat="3" name="Ankalaev" chips="550" dealer="0" win="0" bet="80" muck="1" rebuy="0" addon="0" merge="0" rebuychips="0" reg_code="5078226069"/>
<player seat="6" name="KOPKHUNKRAP" chips="470" dealer="1" win="0" bet="0" muck="1" rebuy="0" addon="0" merge="0" rebuychips="0" reg_code="5078226279"/>
<player seat="10" name="principin8" chips="480" dealer="0" win="160" bet="160" muck="1" rebuy="0" addon="0" merge="0" rebuychips="0" reg_code="5078226285"/>
</players>
</general>
<round no="0"><action no="1" player="principin8" type="1" discard="1" dealt="1" sum="10"/>
<action no="2" player="Ankalaev" type="2" discard="1" dealt="1" sum="20"/>
</round>
<round no="1"><cards type="Pocket" player="Ankalaev">X X</cards>
<cards type="Pocket" player="KOPKHUNKRAP">D8 CQ</cards>
<cards type="Pocket" player="principin8">X X</cards>
<action no="3" player="KOPKHUNKRAP" type="0" sum="0"/>
<action no="4" player="principin8" type="23" discard="1" dealt="1" sum="60"/>
<action no="5" player="Ankalaev" type="3" discard="1" dealt="1" sum="40"/>
</round>
<round no="2"><cards type="Flop">DQ C3 D6</cards>
<action no="6" player="principin8" type="5" discard="1" dealt="1" sum="20"/>
<action no="7" player="Ankalaev" type="3" discard="1" dealt="1" sum="20"/>
</round>
<round no="3"><cards type="Turn">H6</cards>
<action no="8" player="principin8" type="5" discard="1" dealt="1" sum="80"/>
<action no="9" player="Ankalaev" type="0" discard="1" dealt="1" sum="0"/>
</round>
</game>
<game gamecode="6550521474"><general>
<startdate>2025-12-06 10:43:09</startdate>
<round>1</round>
<failsafecounter/>
<players><player seat="6" name="KOPKHUNKRAP" chips="470" dealer="0" win="300" bet="470" muck="1" rebuy="0" addon="0" merge="0" rebuychips="0" reg_code="5078226279"/>
<player seat="10" name="principin8" chips="560" dealer="1" win="0" bet="0" muck="1" rebuy="0" addon="0" merge="0" rebuychips="0" reg_code="5078226285"/>
<player seat="3" name="Ankalaev" chips="470" dealer="0" win="0" bet="150" muck="1" rebuy="0" addon="0" merge="0" rebuychips="0" reg_code="5078226069"/>
</players>
</general>
<round no="0"><action no="1" player="Ankalaev" type="1" discard="1" dealt="1" sum="10"/>
<action no="2" player="KOPKHUNKRAP" type="2" sum="20"/>
</round>
<round no="1"><cards type="Pocket" player="principin8">X X</cards>
<cards type="Pocket" player="KOPKHUNKRAP">CK SK</cards>
<cards type="Pocket" player="Ankalaev">X X</cards>
<action no="3" player="principin8" type="0" discard="1" dealt="1" sum="0"/>
<action no="4" player="Ankalaev" type="23" discard="1" dealt="1" sum="50"/>
<action no="5" player="KOPKHUNKRAP" type="3" sum="30"/>
</round>
<round no="2"><cards type="Flop">H5 C6 C3</cards>
<action no="6" player="Ankalaev" type="5" discard="1" dealt="1" sum="100"/>
<action no="7" player="KOPKHUNKRAP" type="23" sum="420"/>
<action no="8" player="Ankalaev" type="0" discard="1" dealt="1" sum="0"/>
</round>
</game>
<game gamecode="6550521506"><general>
<startdate>2025-12-06 10:43:37</startdate>
<round>1</round>
<failsafecounter/>
<players><player seat="10" name="principin8" chips="560" dealer="0" win="0" bet="60" muck="1" rebuy="0" addon="0" merge="0" rebuychips="0" reg_code="5078226285"/>
<player seat="3" name="Ankalaev" chips="320" dealer="1" win="0" bet="0" muck="1" rebuy="0" addon="0" merge="0" rebuychips="0" reg_code="5078226069"/>
<player seat="6" name="KOPKHUNKRAP" chips="620" dealer="0" win="120" bet="60" muck="0" rebuy="0" addon="0" merge="0" rebuychips="0" reg_code="5078226279"/>
</players>
</general>
<round no="0"><action no="1" player="KOPKHUNKRAP" type="1" sum="10"/>
<action no="2" player="principin8" type="2" discard="1" dealt="1" sum="20"/>
</round>
<round no="1"><cards type="Pocket" player="principin8">SK C2</cards>
<cards type="Pocket" player="Ankalaev">X X</cards>
<cards type="Pocket" player="KOPKHUNKRAP">HA S4</cards>
<action no="3" player="Ankalaev" type="0" discard="1" dealt="1" sum="0"/>
<action no="4" player="KOPKHUNKRAP" type="23" sum="40"/>
<action no="5" player="principin8" type="3" discard="1" dealt="1" sum="20"/>
</round>
<round no="2"><cards type="Flop">C9 SQ S6</cards>
<action no="6" player="KOPKHUNKRAP" type="4" sum="0"/>
<action no="7" player="principin8" type="4" discard="1" dealt="1" sum="0"/>
</round>
<round no="3"><cards type="Turn">DA</cards>
<action no="8" player="KOPKHUNKRAP" type="4" sum="0"/>
<action no="9" player="principin8" type="5" discard="1" dealt="1" sum="20"/>
<action no="10" player="KOPKHUNKRAP" type="3" sum="20"/>
</round>
<round no="4"><cards type="River">D2</cards>
<action no="11" player="KOPKHUNKRAP" type="4" sum="0"/>
<action no="12" player="principin8" type="4" discard="1" dealt="1" sum="0"/>
</round>
</game>
<game gamecode="6550521533"><general>
<startdate>2025-12-06 10:44:00</startdate>
<round>1</round>
<failsafecounter/>
<players><player seat="3" name="Ankalaev" chips="320" dealer="0" win="75" bet="35" muck="0" rebuy="0" addon="0" merge="0" rebuychips="0" reg_code="5078226069"/>
<player seat="6" name="KOPKHUNKRAP" chips="680" dealer="1" win="0" bet="5" muck="1" rebuy="0" addon="0" merge="0" rebuychips="0" reg_code="5078226279"/>
<player seat="10" name="principin8" chips="500" dealer="0" win="0" bet="35" muck="1" rebuy="0" addon="0" merge="0" rebuychips="0" reg_code="5078226285"/>
</players>
</general>
<round no="0"><action no="1" player="principin8" type="15" discard="1" dealt="1" sum="5"/>
<action no="2" player="Ankalaev" type="15" discard="1" dealt="1" sum="5"/>
<action no="3" player="KOPKHUNKRAP" type="15" sum="5"/>
<action no="4" player="principin8" type="1" discard="1" dealt="1" sum="15"/>
<action no="5" player="Ankalaev" type="2" discard="1" dealt="1" sum="30"/>
</round>
<round no="1"><cards type="Pocket" player="Ankalaev">C4 SJ</cards>
<cards type="Pocket" player="KOPKHUNKRAP">D3 D10</cards>
<cards type="Pocket" player="principin8">HJ S10</cards>
<action no="6" player="KOPKHUNKRAP" type="0" sum="0"/>
<action no="7" player="principin8" type="3" discard="1" dealt="1" sum="15"/>
<action no="8" player="Ankalaev" type="4" discard="1" dealt="1" sum="0"/>
</round>
<round no="2"><cards type="Flop">D8 C2 DQ</cards>
<action no="9" player="principin8" type="4" discard="1" dealt="1" sum="0"/>
<action no="10" player="Ankalaev" type="4" discard="1" dealt="1" sum="0"/>
</round>
<round no="3"><cards type="Turn">D5</cards>
<action no="11" player="principin8" type="4" discard="1" dealt="1" sum="0"/>
<action no="12" player="Ankalaev" type="4" discard="1" dealt="1" sum="0"/>
</round>
<round no="4"><cards type="River">S4</cards>
<action no="13" player="principin8" type="4" discard="1" dealt="1" sum="0"/>
<action no="14" player="Ankalaev" type="4" discard="1" dealt="1" sum="0"/>
</round>
</game>
<game gamecode="6550521561"><general>
<startdate>2025-12-06 10:44:23</startdate>
<round>1</round>
<failsafecounter/>
<players><player seat="6" name="KOPKHUNKRAP" chips="675" dealer="0" win="0" bet="35" muck="1" rebuy="0" addon="0" merge="0" rebuychips="0" reg_code="5078226279"/>
<player seat="10" name="principin8" chips="465" dealer="1" win="90" bet="65" muck="1" rebuy="0" addon="0" merge="0" rebuychips="0" reg_code="5078226285"/>
<player seat="3" name="Ankalaev" chips="360" dealer="0" win="0" bet="20" muck="1" rebuy="0" addon="0" merge="0" rebuychips="0" reg_code="5078226069"/>
</players>
</general>
<round no="0"><action no="1" player="Ankalaev" type="15" discard="1" dealt="1" sum="5"/>
<action no="2" player="KOPKHUNKRAP" type="15" sum="5"/>
<action no="3" player="principin8" type="15" discard="1" dealt="1" sum="5"/>
<action no="4" player="Ankalaev" type="1" discard="1" dealt="1" sum="15"/>
<action no="5" player="KOPKHUNKRAP" type="2" sum="30"/>
</round>
<round no="1"><cards type="Pocket" player="KOPKHUNKRAP">D2 H5</cards>
<cards type="Pocket" player="principin8">X X</cards>
<cards type="Pocket" player="Ankalaev">X X</cards>
<action no="6" player="principin8" type="23" discard="1" dealt="1" sum="60"/>
<action no="7" player="Ankalaev" type="0" discard="1" dealt="1" sum="0"/>
<action no="8" player="KOPKHUNKRAP" type="0" sum="0"/>
</round>
</game>
<game gamecode="6550521575"><general>
<startdate>2025-12-06 10:44:32</startdate>
<round>1</round>
<failsafecounter/>
<players><player seat="10" name="principin8" chips="520" dealer="0" win="75" bet="95" muck="1" rebuy="0" addon="0" merge="0" rebuychips="0" reg_code="5078226285"/>
<player seat="3" name="Ankalaev" chips="340" dealer="1" win="0" bet="5" muck="1" rebuy="0" addon="0" merge="0" rebuychips="0" reg_code="5078226069"/>
<player seat="6" name="KOPKHUNKRAP" chips="640" dealer="0" win="0" bet="35" muck="1" rebuy="0" addon="0" merge="0" rebuychips="0" reg_code="5078226279"/>
</players>
</general>
<round no="0"><action no="1" player="KOPKHUNKRAP" type="15" sum="5"/>
<action no="2" player="principin8" type="15" discard="1" dealt="1" sum="5"/>
<action no="3" player="Ankalaev" type="15" discard="1" dealt="1" sum="5"/>
<action no="4" player="KOPKHUNKRAP" type="1" sum="15"/>
<action no="5" player="principin8" type="2" discard="1" dealt="1" sum="30"/>
</round>
<round no="1"><cards type="Pocket" player="principin8">X X</cards>
<cards type="Pocket" player="Ankalaev">X X</cards>
<cards type="Pocket" player="KOPKHUNKRAP">C8 S9</cards>
<action no="6" player="Ankalaev" type="0" discard="1" dealt="1" sum="0"/>
<action no="7" player="KOPKHUNKRAP" type="3" sum="15"/>
<action no="8" player="principin8" type="23" discard="1" dealt="1" sum="90"/>
<action no="9" player="KOPKHUNKRAP" type="0" sum="0"/>
</round>
</game>
<game gamecode="6550521601"><general>
<startdate>2025-12-06 10:44:50</startdate>
<round>1</round>
<failsafecounter/>
<players><player seat="3" name="Ankalaev" chips="335" dealer="0" win="675" bet="335" muck="0" rebuy="0" addon="0" merge="0" rebuychips="0" reg_code="5078226069"/>
<player seat="6" name="KOPKHUNKRAP" chips="605" dealer="1" win="0" bet="5" muck="1" rebuy="0" addon="0" merge="0" rebuychips="0" reg_code="5078226279"/>
<player seat="10" name="principin8" chips="560" dealer="0" win="0" bet="560" muck="1" rebuy="0" addon="0" merge="0" rebuychips="0" reg_code="5078226285"/>
</players>
</general>
<round no="0"><action no="1" player="principin8" type="15" discard="1" dealt="1" sum="5"/>
<action no="2" player="Ankalaev" type="15" discard="1" dealt="1" sum="5"/>
<action no="3" player="KOPKHUNKRAP" type="15" sum="5"/>
<action no="4" player="principin8" type="1" discard="1" dealt="1" sum="15"/>
<action no="5" player="Ankalaev" type="2" discard="1" dealt="1" sum="30"/>
</round>
<round no="1"><cards type="Pocket" player="Ankalaev">SJ C8</cards>
<cards type="Pocket" player="KOPKHUNKRAP">S2 C6</cards>
<cards type="Pocket" player="principin8">SA DQ</cards>
<action no="6" player="KOPKHUNKRAP" type="0" sum="0"/>
<action no="7" player="principin8" type="23" discard="1" dealt="1" sum="90"/>
<action no="8" player="Ankalaev" type="3" discard="1" dealt="1" sum="60"/>
</round>
<round no="2"><cards type="Flop">H8 D5 H2</cards>
<action no="9" player="principin8" type="5" discard="1" dealt="1" sum="465"/>
<action no="10" player="Ankalaev" type="7" discard="1" dealt="1" sum="240"/>
</round>
<round no="3"><cards type="Turn">D4</cards>
</round>
<round no="4"><cards type="River">C5</cards>
</round>
</game>
<game gamecode="6550521631"><general>
<startdate>2025-12-06 10:45:18</startdate>
<round>1</round>
<failsafecounter/>
<players><player seat="6" name="KOPKHUNKRAP" chips="600" dealer="0" win="0" bet="35" muck="1" rebuy="0" addon="0" merge="0" rebuychips="0" reg_code="5078226279"/>
<player seat="10" name="principin8" chips="225" dealer="1" win="485" bet="225" muck="0" rebuy="0" addon="0" merge="0" rebuychips="0" reg_code="5078226285"/>
<player seat="3" name="Ankalaev" chips="675" dealer="0" win="0" bet="675" muck="1" rebuy="0" addon="0" merge="0" rebuychips="0" reg_code="5078226069"/>
</players>
</general>
<round no="0"><action no="1" player="Ankalaev" type="15" discard="1" dealt="1" sum="5"/>
<action no="2" player="KOPKHUNKRAP" type="15" sum="5"/>
<action no="3" player="principin8" type="15" discard="1" dealt="1" sum="5"/>
<action no="4" player="Ankalaev" type="1" discard="1" dealt="1" sum="15"/>
<action no="5" player="KOPKHUNKRAP" type="2" sum="30"/>
</round>
<round no="1"><cards type="Pocket" player="Ankalaev">HA D7</cards>
<cards type="Pocket" player="principin8">DK C4</cards>
<cards type="Pocket" player="KOPKHUNKRAP">D5 DJ</cards>
<action no="6" player="principin8" type="23" discard="1" dealt="1" sum="220"/>
<action no="7" player="Ankalaev" type="23" discard="1" dealt="1" sum="670"/>
<action no="8" player="KOPKHUNKRAP" type="0" sum="0"/>
</round>
<round no="2"><cards type="Flop">SK D10 C2</cards>
</round>
<round no="3"><cards type="Turn">H10</cards>
</round>
<round no="4"><cards type="River">D3</cards>
</round>
</game>
<game gamecode="6550521656"><general>
<startdate>2025-12-06 10:45:35</startdate>
<round>1</round>
<failsafecounter/>
<players><player seat="10" name="principin8" chips="485" dealer="0" win="55" bet="45" muck="1" rebuy="0" addon="0" merge="0" rebuychips="0" reg_code="5078226285"/>
<player seat="3" name="Ankalaev" chips="450" dealer="1" win="0" bet="5" muck="1" rebuy="0" addon="0" merge="0" rebuychips="0" reg_code="5078226069"/>
<player seat="6" name="KOPKHUNKRAP" chips="565" dealer="0" win="0" bet="25" muck="1" rebuy="0" addon="0" merge="0" rebuychips="0" reg_code="5078226279"/>
</players>
</general>
<round no="0"><action no="1" player="KOPKHUNKRAP" type="15" sum="5"/>
<action no="2" player="principin8" type="15" discard="1" dealt="1" sum="5"/>
<action no="3" player="Ankalaev" type="15" discard="1" dealt="1" sum="5"/>
<action no="4" player="KOPKHUNKRAP" type="1" sum="20"/>
<action no="5" player="principin8" type="2" discard="1" dealt="1" sum="40"/>
</round>
<round no="1"><cards type="Pocket" player="principin8">X X</cards>
<cards type="Pocket" player="Ankalaev">X X</cards>
<cards type="Pocket" player="KOPKHUNKRAP">D2 C10</cards>
<action no="6" player="Ankalaev" type="0" discard="1" dealt="1" sum="0"/>
<action no="7" player="KOPKHUNKRAP" type="0" sum="0"/>
</round>
</game>
<game gamecode="6550521669"><general>
<startdate>2025-12-06 10:45:41</startdate>
<round>1</round>
<failsafecounter/>
<players><player seat="3" name="Ankalaev" chips="445" dealer="0" win="0" bet="45" muck="1" rebuy="0" addon="0" merge="0" rebuychips="0" reg_code="5078226069"/>
<player seat="6" name="KOPKHUNKRAP" chips="540" dealer="1" win="115" bet="540" muck="1" rebuy="0" addon="0" merge="0" rebuychips="0" reg_code="5078226279"/>
<player seat="10" name="principin8" chips="515" dealer="0" win="0" bet="25" muck="1" rebuy="0" addon="0" merge="0" rebuychips="0" reg_code="5078226285"/>
</players>
</general>
<round no="0"><action no="1" player="principin8" type="15" discard="1" dealt="1" sum="5"/>
<action no="2" player="Ankalaev" type="15" discard="1" dealt="1" sum="5"/>
<action no="3" player="KOPKHUNKRAP" type="15" sum="5"/>
<action no="4" player="principin8" type="1" discard="1" dealt="1" sum="20"/>
<action no="5" player="Ankalaev" type="2" discard="1" dealt="1" sum="40"/>
</round>
<round no="1"><cards type="Pocket" player="principin8">X X</cards>
<cards type="Pocket" player="KOPKHUNKRAP">H6 C6</cards>
<cards type="Pocket" player="Ankalaev">X X</cards>
<action no="6" player="KOPKHUNKRAP" type="23" sum="535"/>
<action no="7" player="principin8" type="0" discard="1" dealt="1" sum="0"/>
<action no="8" player="Ankalaev" type="0" discard="1" dealt="1" sum="0"/>
</round>
</game>
<game gamecode="6550521677"><general>
<startdate>2025-12-06 10:45:50</startdate>
<round>1</round>
<failsafecounter/>
<players><player seat="6" name="KOPKHUNKRAP" chips="610" dealer="0" win="0" bet="45" muck="1" rebuy="0" addon="0" merge="0" rebuychips="0" reg_code="5078226279"/>
<player seat="10" name="principin8" chips="490" dealer="1" win="115" bet="490" muck="1" rebuy="0" addon="0" merge="0" rebuychips="0" reg_code="5078226285"/>
<player seat="3" name="Ankalaev" chips="400" dealer="0" win="0" bet="25" muck="1" rebuy="0" addon="0" merge="0" rebuychips="0" reg_code="5078226069"/>
</players>
</general>
<round no="0"><action no="1" player="Ankalaev" type="15" discard="1" dealt="1" sum="5"/>
<action no="2" player="KOPKHUNKRAP" type="15" sum="5"/>
<action no="3" player="principin8" type="15" discard="1" dealt="1" sum="5"/>
<action no="4" player="Ankalaev" type="1" discard="1" dealt="1" sum="20"/>
<action no="5" player="KOPKHUNKRAP" type="2" sum="40"/>
</round>
<round no="1"><cards type="Pocket" player="principin8">X X</cards>
<cards type="Pocket" player="KOPKHUNKRAP">S6 D9</cards>
<cards type="Pocket" player="Ankalaev">X X</cards>
<action no="6" player="principin8" type="23" discard="1" dealt="1" sum="485"/>
<action no="7" player="Ankalaev" type="0" discard="1" dealt="1" sum="0"/>
<action no="8" player="KOPKHUNKRAP" type="0" sum="0"/>
</round>
</game>
<game gamecode="6550521686"><general>
<startdate>2025-12-06 10:45:58</startdate>
<round>1</round>
<failsafecounter/>
<players><player seat="10" name="principin8" chips="560" dealer="0" win="0" bet="45" muck="1" rebuy="0" addon="0" merge="0" rebuychips="0" reg_code="5078226285"/>
<player seat="3" name="Ankalaev" chips="375" dealer="1" win="0" bet="5" muck="1" rebuy="0" addon="0" merge="0" rebuychips="0" reg_code="5078226069"/>
<player seat="6" name="KOPKHUNKRAP" chips="565" dealer="0" win="95" bet="565" muck="1" rebuy="0" addon="0" merge="0" rebuychips="0" reg_code="5078226279"/>
</players>
</general>
<round no="0"><action no="1" player="KOPKHUNKRAP" type="15" sum="5"/>
<action no="2" player="principin8" type="15" discard="1" dealt="1" sum="5"/>
<action no="3" player="Ankalaev" type="15" discard="1" dealt="1" sum="5"/>
<action no="4" player="KOPKHUNKRAP" type="1" sum="20"/>
<action no="5" player="principin8" type="2" discard="1" dealt="1" sum="40"/>
</round>
<round no="1"><cards type="Pocket" player="Ankalaev">X X</cards>
<cards type="Pocket" player="KOPKHUNKRAP">DA D6</cards>
<cards type="Pocket" player="principin8">X X</cards>
<action no="6" player="Ankalaev" type="0" discard="1" dealt="1" sum="0"/>
<action no="7" player="KOPKHUNKRAP" type="23" sum="560"/>
<action no="8" player="principin8" type="0" discard="1" dealt="1" sum="0"/>
</round>
</game>
<game gamecode="6550521696"><general>
<startdate>2025-12-06 10:46:05</startdate>
<round>1</round>
<failsafecounter/>
<players><player seat="3" name="Ankalaev" chips="370" dealer="0" win="0" bet="45" muck="1" rebuy="0" addon="0" merge="0" rebuychips="0" reg_code="5078226069"/>
<player seat="6" name="KOPKHUNKRAP" chips="615" dealer="1" win="0" bet="615" muck="0" rebuy="0" addon="0" merge="0" rebuychips="0" reg_code="5078226279"/>
<player seat="10" name="principin8" chips="515" dealer="0" win="1,075" bet="515" muck="0" rebuy="0" addon="0" merge="0" rebuychips="0" reg_code="5078226285"/>
</players>
</general>
<round no="0"><action no="1" player="principin8" type="15" discard="1" dealt="1" sum="5"/>
<action no="2" player="Ankalaev" type="15" discard="1" dealt="1" sum="5"/>
<action no="3" player="KOPKHUNKRAP" type="15" sum="5"/>
<action no="4" player="principin8" type="1" discard="1" dealt="1" sum="20"/>
<action no="5" player="Ankalaev" type="2" discard="1" dealt="1" sum="40"/>
</round>
<round no="1"><cards type="Pocket" player="Ankalaev">X X</cards>
<cards type="Pocket" player="principin8">HA S9</cards>
<cards type="Pocket" player="KOPKHUNKRAP">D10 SJ</cards>
<action no="6" player="KOPKHUNKRAP" type="23" sum="610"/>
<action no="7" player="principin8" type="7" discard="1" dealt="1" sum="490"/>
<action no="8" player="Ankalaev" type="0" discard="1" dealt="1" sum="0"/>
</round>
<round no="2"><cards type="Flop">SA S6 S5</cards>
</round>
<round no="3"><cards type="Turn">HJ</cards>
</round>
<round no="4"><cards type="River">H7</cards>
</round>
</game>
<game gamecode="6550521715"><general>
<startdate>2025-12-06 10:46:23</startdate>
<round>1</round>
<failsafecounter/>
<players><player seat="6" name="KOPKHUNKRAP" chips="100" dealer="0" win="0" bet="100" muck="1" rebuy="0" addon="0" merge="0" rebuychips="0" reg_code="5078226279"/>
<player seat="10" name="principin8" chips="1,075" dealer="1" win="0" bet="5" muck="1" rebuy="0" addon="0" merge="0" rebuychips="0" reg_code="5078226285"/>
<player seat="3" name="Ankalaev" chips="325" dealer="0" win="205" bet="325" muck="0" rebuy="0" addon="0" merge="0" rebuychips="0" reg_code="5078226069"/>
</players>
</general>
<round no="0"><action no="1" player="Ankalaev" type="15" discard="1" dealt="1" sum="5"/>
<action no="2" player="KOPKHUNKRAP" type="15" sum="5"/>
<action no="3" player="principin8" type="15" discard="1" dealt="1" sum="5"/>
<action no="4" player="Ankalaev" type="1" discard="1" dealt="1" sum="20"/>
<action no="5" player="KOPKHUNKRAP" type="2" sum="40"/>
</round>
<round no="1"><cards type="Pocket" player="KOPKHUNKRAP">H3 DQ</cards>
<cards type="Pocket" player="Ankalaev">HJ D4</cards>
<cards type="Pocket" player="principin8">X X</cards>
<action no="6" player="principin8" type="0" discard="1" dealt="1" sum="0"/>
<action no="7" player="Ankalaev" type="23" discard="1" dealt="1" sum="320"/>
<action no="8" player="KOPKHUNKRAP" type="7" sum="55"/>
</round>
<round no="2"><cards type="Flop">DA H2 S3</cards>
</round>
<round no="3"><cards type="Turn">DK</cards>
</round>
<round no="4"><cards type="River">CJ</cards>
</round>
</game>
</session>
