<?xml version="1.0" encoding="UTF-8"?>
<session sessioncode="5078606528">
<general>
<client_version>24.7.1.15</client_version>
<mode>real</mode>
<gametype>Holdem NL</gametype>
<tablename>Twister €200 SNG, 823257820</tablename>
<tournamentcode>823257818</tournamentcode>
<tournamentname>Twister €200 SNG</tournamentname>
<buyin>€0 + €12 + €188</buyin>
<totalbuyin>€200</totalbuyin>
<rewarddrawn>€400</rewarddrawn>
<tournamentcurrency>EUR</tournamentcurrency>
<currency>EUR</currency>
<nickname>KOPKHUNKRAP</nickname>
<gamecount>10</gamecount>
<startdate>2025-12-07 21:01:39</startdate>
<place>1</place>
<win>€400</win>
<tablesize>3</tablesize>
</general>
<game gamecode="6551945678"><general>
<startdate>2025-12-07 21:01:55</startdate>
<round>1</round>
<failsafecounter/>
<players><player seat="10" name="282manila" chips="500" dealer="0" win="0" bet="120" muck="1" rebuy="0" addon="0" merge="0" rebuychips="0" reg_code="5078606650"/>
<player seat="3" name="Ankalaev" chips="500" dealer="1" win="0" bet="0" muck="1" rebuy="0" addon="0" merge="0" rebuychips="0" reg_code="5078598363"/>
<player seat="6" name="KOPKHUNKRAP" chips="500" dealer="0" win="240" bet="120" muck="0" rebuy="0" addon="0" merge="0" rebuychips="0" reg_code="5078606528"/>
</players>
</general>
<round no="0"><action no="1" player="KOPKHUNKRAP" type="1" sum="10"/>
<action no="2" player="282manila" type="2" discard="1" dealt="1" sum="20"/>
</round>
<round no="1"><cards type="Pocket" player="282manila">S4 H7</cards>
<cards type="Pocket" player="KOPKHUNKRAP">CK S6</cards>
<cards type="Pocket" player="Ankalaev">X X</cards>
<action no="3" player="Ankalaev" type="0" discard="1" dealt="1" sum="0"/>
<action no="4" player="KOPKHUNKRAP" type="23" sum="40"/>
<action no="5" player="282manila" type="3" discard="1" dealt="1" sum="20"/>
</round>
<round no="2"><cards type="Flop">SJ HK HQ</cards>
<action no="6" player="KOPKHUNKRAP" type="4" sum="0"/>
<action no="7" player="282manila" type="4" discard="1" dealt="1" sum="0"/>
</round>
<round no="3"><cards type="Turn">H6</cards>
<action no="8" player="KOPKHUNKRAP" type="5" sum="80"/>
<action no="9" player="282manila" type="3" discard="1" dealt="1" sum="80"/>
</round>
<round no="4"><cards type="River">C5</cards>
<action no="10" player="KOPKHUNKRAP" type="4" sum="0"/>
<action no="11" player="282manila" type="4" discard="1" dealt="1" sum="0"/>
</round>
</game>
<game gamecode="6551945730"><general>
<startdate>2025-12-07 21:02:18</startdate>
<round>1</round>
<failsafecounter/>
<players><player seat="3" name="Ankalaev" chips="500" dealer="0" win="0" bet="20" muck="1" rebuy="0" addon="0" merge="0" rebuychips="0" reg_code="5078598363"/>
<player seat="6" name="KOPKHUNKRAP" chips="620" dealer="1" win="0" bet="40" muck="1" rebuy="0" addon="0" merge="0" rebuychips="0" reg_code="5078606528"/>
<player seat="10" name="282manila" chips="380" dealer="0" win="100" bet="40" muck="0" rebuy="0" addon="0" merge="0" rebuychips="0" reg_code="5078606650"/>
</players>
</general>
<round no="0"><action no="1" player="282manila" type="1" discard="1" dealt="1" sum="10"/>
<action no="2" player="Ankalaev" type="2" discard="1" dealt="1" sum="20"/>
</round>
<round no="1"><cards type="Pocket" player="KOPKHUNKRAP">SA S4</cards>
<cards type="Pocket" player="Ankalaev">X X</cards>
<cards type="Pocket" player="282manila">S8 D6</cards>
<action no="3" player="KOPKHUNKRAP" type="23" sum="40"/>
<action no="4" player="282manila" type="3" discard="1" dealt="1" sum="30"/>
<action no="5" player="Ankalaev" type="0" discard="1" dealt="1" sum="0"/>
</round>
<round no="2"><cards type="Flop">H2 DJ S10</cards>
<action no="6" player="282manila" type="4" discard="1" dealt="1" sum="0"/>
<action no="7" player="KOPKHUNKRAP" type="4" sum="0"/>
</round>
<round no="3"><cards type="Turn">C8</cards>
<action no="8" player="282manila" type="4" discard="1" dealt="1" sum="0"/>
<action no="9" player="KOPKHUNKRAP" type="4" sum="0"/>
</round>
<round no="4"><cards type="River">S6</cards>
<action no="10" player="282manila" type="4" discard="1" dealt="1" sum="0"/>
<action no="11" player="KOPKHUNKRAP" type="4" sum="0"/>
</round>
</game>
<game gamecode="6551945780"><general>
<startdate>2025-12-07 21:02:42</startdate>
<round>1</round>
<failsafecounter/>
<players><player seat="6" name="KOPKHUNKRAP" chips="580" dealer="0" win="0" bet="20" muck="1" rebuy="0" addon="0" merge="0" rebuychips="0" reg_code="5078606528"/>
<player seat="10" name="282manila" chips="440" dealer="1" win="0" bet="155" muck="1" rebuy="0" addon="0" merge="0" rebuychips="0" reg_code="5078606650"/>
<player seat="3" name="Ankalaev" chips="480" dealer="0" win="330" bet="480" muck="1" rebuy="0" addon="0" merge="0" rebuychips="0" reg_code="5078598363"/>
</players>
</general>
<round no="0"><action no="1" player="Ankalaev" type="1" discard="1" dealt="1" sum="10"/>
<action no="2" player="KOPKHUNKRAP" type="2" sum="20"/>
</round>
<round no="1"><cards type="Pocket" player="KOPKHUNKRAP">C9 DK</cards>
<cards type="Pocket" player="282manila">X X</cards>
<cards type="Pocket" player="Ankalaev">X X</cards>
<action no="3" player="282manila" type="23" discard="1" dealt="1" sum="40"/>
<action no="4" player="Ankalaev" type="23" discard="1" dealt="1" sum="100"/>
<action no="5" player="KOPKHUNKRAP" type="0" sum="0"/>
<action no="6" player="282manila" type="3" discard="1" dealt="1" sum="60"/>
</round>
<round no="2"><cards type="Flop">H10 S3 HK</cards>
<action no="7" player="Ankalaev" type="5" discard="1" dealt="1" sum="55"/>
<action no="8" player="282manila" type="3" discard="1" dealt="1" sum="55"/>
</round>
<round no="3"><cards type="Turn">SA</cards>
<action no="9" player="Ankalaev" type="5" discard="1" dealt="1" sum="325"/>
<action no="10" player="282manila" type="0" discard="1" dealt="1" sum="0"/>
</round>
</game>
<game gamecode="6551945842"><general>
<startdate>2025-12-07 21:03:13</startdate>
<round>1</round>
<failsafecounter/>
<players><player seat="10" name="282manila" chips="285" dealer="0" win="0" bet="20" muck="1" rebuy="0" addon="0" merge="0" rebuychips="0" reg_code="5078606650"/>
<player seat="3" name="Ankalaev" chips="655" dealer="1" win="0" bet="0" muck="1" rebuy="0" addon="0" merge="0" rebuychips="0" reg_code="5078598363"/>
<player seat="6" name="KOPKHUNKRAP" chips="560" dealer="0" win="40" bet="560" muck="1" rebuy="0" addon="0" merge="0" rebuychips="0" reg_code="5078606528"/>
</players>
</general>
<round no="0"><action no="1" player="KOPKHUNKRAP" type="1" sum="10"/>
<action no="2" player="282manila" type="2" discard="1" dealt="1" sum="20"/>
</round>
<round no="1"><cards type="Pocket" player="282manila">X X</cards>
<cards type="Pocket" player="Ankalaev">X X</cards>
<cards type="Pocket" player="KOPKHUNKRAP">HA D6</cards>
<action no="3" player="Ankalaev" type="0" discard="1" dealt="1" sum="0"/>
<action no="4" player="KOPKHUNKRAP" type="23" sum="560"/>
<action no="5" player="282manila" type="0" discard="1" dealt="1" sum="0"/>
</round>
</game>
<game gamecode="6551945866"><general>
<startdate>2025-12-07 21:03:23</startdate>
<round>1</round>
<failsafecounter/>
<players><player seat="3" name="Ankalaev" chips="655" dealer="0" win="160" bet="80" muck="0" rebuy="0" addon="0" merge="0" rebuychips="0" reg_code="5078598363"/>
<player seat="6" name="KOPKHUNKRAP" chips="580" dealer="1" win="0" bet="0" muck="1" rebuy="0" addon="0" merge="0" rebuychips="0" reg_code="5078606528"/>
<player seat="10" name="282manila" chips="265" dealer="0" win="0" bet="80" muck="0" rebuy="0" addon="0" merge="0" rebuychips="0" reg_code="5078606650"/>
</players>
</general>
<round no="0"><action no="1" player="282manila" type="1" discard="1" dealt="1" sum="10"/>
<action no="2" player="Ankalaev" type="2" discard="1" dealt="1" sum="20"/>
</round>
<round no="1"><cards type="Pocket" player="KOPKHUNKRAP">H3 D2</cards>
<cards type="Pocket" player="282manila">C3 H9</cards>
<cards type="Pocket" player="Ankalaev">C5 CA</cards>
<action no="3" player="KOPKHUNKRAP" type="0" sum="0"/>
<action no="4" player="282manila" type="23" discard="1" dealt="1" sum="40"/>
<action no="5" player="Ankalaev" type="3" discard="1" dealt="1" sum="20"/>
</round>
<round no="2"><cards type="Flop">SK H4 H8</cards>
<action no="6" player="282manila" type="4" discard="1" dealt="1" sum="0"/>
<action no="7" player="Ankalaev" type="4" discard="1" dealt="1" sum="0"/>
</round>
<round no="3"><cards type="Turn">C10</cards>
<action no="8" player="282manila" type="4" discard="1" dealt="1" sum="0"/>
<action no="9" player="Ankalaev" type="4" discard="1" dealt="1" sum="0"/>
</round>
<round no="4"><cards type="River">SQ</cards>
<action no="10" player="282manila" type="5" discard="1" dealt="1" sum="40"/>
<action no="11" player="Ankalaev" type="3" discard="1" dealt="1" sum="40"/>
</round>
</game>
<game gamecode="6551945910"><general>
<startdate>2025-12-07 21:03:47</startdate>
<round>1</round>
<failsafecounter/>
<players><player seat="6" name="KOPKHUNKRAP" chips="580" dealer="0" win="390" bet="185" muck="0" rebuy="0" addon="0" merge="0" rebuychips="0" reg_code="5078606528"/>
<player seat="10" name="282manila" chips="185" dealer="1" win="0" bet="185" muck="0" rebuy="0" addon="0" merge="0" rebuychips="0" reg_code="5078606650"/>
<player seat="3" name="Ankalaev" chips="735" dealer="0" win="0" bet="20" muck="1" rebuy="0" addon="0" merge="0" rebuychips="0" reg_code="5078598363"/>
</players>
</general>
<round no="0"><action no="1" player="Ankalaev" type="15" discard="1" dealt="1" sum="5"/>
<action no="2" player="KOPKHUNKRAP" type="15" sum="5"/>
<action no="3" player="282manila" type="15" discard="1" dealt="1" sum="5"/>
<action no="4" player="Ankalaev" type="1" discard="1" dealt="1" sum="15"/>
<action no="5" player="KOPKHUNKRAP" type="2" sum="30"/>
</round>
<round no="1"><cards type="Pocket" player="282manila">D6 CJ</cards>
<cards type="Pocket" player="Ankalaev">X X</cards>
<cards type="Pocket" player="KOPKHUNKRAP">D7 SA</cards>
<action no="6" player="282manila" type="23" discard="1" dealt="1" sum="180"/>
<action no="7" player="Ankalaev" type="0" discard="1" dealt="1" sum="0"/>
<action no="8" player="KOPKHUNKRAP" type="3" sum="150"/>
</round>
<round no="2"><cards type="Flop">S6 HQ S10</cards>
</round>
<round no="3"><cards type="Turn">C10</cards>
</round>
<round no="4"><cards type="River">HA</cards>
</round>
</game>
<game gamecode="6551945951"><general>
<startdate>2025-12-07 21:04:04</startdate>
<round>1</round>
<failsafecounter/>
<players><player seat="6" name="KOPKHUNKRAP" chips="785" dealer="0" win="0" bet="35" muck="1" rebuy="0" addon="0" merge="0" rebuychips="0" reg_code="5078606528"/>
<player seat="3" name="Ankalaev" chips="715" dealer="1" win="70" bet="35" muck="0" rebuy="0" addon="0" merge="0" rebuychips="0" reg_code="5078598363"/>
</players>
</general>
<round no="0"><action no="1" player="Ankalaev" type="15" discard="1" dealt="1" sum="5"/>
<action no="2" player="KOPKHUNKRAP" type="15" sum="5"/>
<action no="3" player="Ankalaev" type="1" discard="1" dealt="1" sum="15"/>
<action no="4" player="KOPKHUNKRAP" type="2" sum="30"/>
</round>
<round no="1"><cards type="Pocket" player="Ankalaev">H6 D6</cards>
<cards type="Pocket" player="KOPKHUNKRAP">D3 S2</cards>
<action no="5" player="Ankalaev" type="3" discard="1" dealt="1" sum="15"/>
<action no="6" player="KOPKHUNKRAP" type="4" sum="0"/>
</round>
<round no="2"><cards type="Flop">SJ HA S10</cards>
<action no="7" player="KOPKHUNKRAP" type="4" sum="0"/>
<action no="8" player="Ankalaev" type="4" discard="1" dealt="1" sum="0"/>
</round>
<round no="3"><cards type="Turn">S5</cards>
<action no="9" player="KOPKHUNKRAP" type="4" sum="0"/>
<action no="10" player="Ankalaev" type="4" discard="1" dealt="1" sum="0"/>
</round>
<round no="4"><cards type="River">H10</cards>
<action no="11" player="KOPKHUNKRAP" type="4" sum="0"/>
<action no="12" player="Ankalaev" type="4" discard="1" dealt="1" sum="0"/>
</round>
</game>
<game gamecode="6551945988"><general>
<startdate>2025-12-07 21:04:24</startdate>
<round>1</round>
<failsafecounter/>
<players><player seat="3" name="Ankalaev" chips="750" dealer="0" win="0" bet="173" muck="0" rebuy="0" addon="0" merge="0" rebuychips="0" reg_code="5078598363"/>
<player seat="6" name="KOPKHUNKRAP" chips="750" dealer="1" win="346" bet="173" muck="0" rebuy="0" addon="0" merge="0" rebuychips="0" reg_code="5078606528"/>
</players>
</general>
<round no="0"><action no="1" player="KOPKHUNKRAP" type="15" sum="5"/>
<action no="2" player="Ankalaev" type="15" discard="1" dealt="1" sum="5"/>
<action no="3" player="KOPKHUNKRAP" type="1" sum="15"/>
<action no="4" player="Ankalaev" type="2" discard="1" dealt="1" sum="30"/>
</round>
<round no="1"><cards type="Pocket" player="KOPKHUNKRAP">DJ D5</cards>
<cards type="Pocket" player="Ankalaev">H9 C10</cards>
<action no="5" player="KOPKHUNKRAP" type="3" sum="15"/>
<action no="6" player="Ankalaev" type="4" discard="1" dealt="1" sum="0"/>
</round>
<round no="2"><cards type="Flop">D7 H7 S9</cards>
<action no="7" player="Ankalaev" type="4" discard="1" dealt="1" sum="0"/>
<action no="8" player="KOPKHUNKRAP" type="4" sum="0"/>
</round>
<round no="3"><cards type="Turn">S5</cards>
<action no="9" player="Ankalaev" type="5" discard="1" dealt="1" sum="48"/>
<action no="10" player="KOPKHUNKRAP" type="3" sum="48"/>
</round>
<round no="4"><cards type="River">HJ</cards>
<action no="11" player="Ankalaev" type="5" discard="1" dealt="1" sum="90"/>
<action no="12" player="KOPKHUNKRAP" type="3" sum="90"/>
</round>
</game>
<game gamecode="6551946015"><general>
<startdate>2025-12-07 21:04:44</startdate>
<round>1</round>
<failsafecounter/>
<players><player seat="6" name="KOPKHUNKRAP" chips="923" dealer="0" win="0" bet="35" muck="1" rebuy="0" addon="0" merge="0" rebuychips="0" reg_code="5078606528"/>
<player seat="3" name="Ankalaev" chips="577" dealer="1" win="70" bet="95" muck="1" rebuy="0" addon="0" merge="0" rebuychips="0" reg_code="5078598363"/>
</players>
</general>
<round no="0"><action no="1" player="Ankalaev" type="15" discard="1" dealt="1" sum="5"/>
<action no="2" player="KOPKHUNKRAP" type="15" sum="5"/>
<action no="3" player="Ankalaev" type="1" discard="1" dealt="1" sum="15"/>
<action no="4" player="KOPKHUNKRAP" type="2" sum="30"/>
</round>
<round no="1"><cards type="Pocket" player="KOPKHUNKRAP">C10 C5</cards>
<cards type="Pocket" player="Ankalaev">X X</cards>
<action no="5" player="Ankalaev" type="3" discard="1" dealt="1" sum="15"/>
<action no="6" player="KOPKHUNKRAP" type="4" sum="0"/>
</round>
<round no="2"><cards type="Flop">DQ SQ CQ</cards>
<action no="7" player="KOPKHUNKRAP" type="4" sum="0"/>
<action no="8" player="Ankalaev" type="5" discard="1" dealt="1" sum="60"/>
<action no="9" player="KOPKHUNKRAP" type="0" sum="0"/>
</round>
</game>
<game gamecode="6551946046"><general>
<startdate>2025-12-07 21:04:59</startdate>
<round>1</round>
<failsafecounter/>
<players><player seat="3" name="Ankalaev" chips="612" dealer="0" win="0" bet="612" muck="0" rebuy="0" addon="0" merge="0" rebuychips="0" reg_code="5078598363"/>
<player seat="6" name="KOPKHUNKRAP" chips="888" dealer="1" win="1,224" bet="888" muck="0" rebuy="0" addon="0" merge="0" rebuychips="0" reg_code="5078606528"/>
</players>
</general>
<round no="0"><action no="1" player="KOPKHUNKRAP" type="15" sum="5"/>
<action no="2" player="Ankalaev" type="15" discard="1" dealt="1" sum="5"/>
<action no="3" player="KOPKHUNKRAP" type="1" sum="15"/>
<action no="4" player="Ankalaev" type="2" discard="1" dealt="1" sum="30"/>
</round>
<round no="1"><cards type="Pocket" player="Ankalaev">D9 DA</cards>
<cards type="Pocket" player="KOPKHUNKRAP">HJ H10</cards>
<action no="5" player="KOPKHUNKRAP" type="3" sum="15"/>
<action no="6" player="Ankalaev" type="23" discard="1" dealt="1" sum="180"/>
<action no="7" player="KOPKHUNKRAP" type="23" sum="883"/>
<action no="8" player="Ankalaev" type="7" discard="1" dealt="1" sum="427"/>
</round>
<round no="2"><cards type="Flop">C10 H8 CA</cards>
</round>
<round no="3"><cards type="Turn">S10</cards>
</round>
<round no="4"><cards type="River">H2</cards>
</round>
</game>
</session>
