<?xml version="1.0" encoding="UTF-8"?>
<session sessioncode="5078597140">
<general>
<client_version>24.7.1.15</client_version>
<mode>real</mode>
<gametype>Holdem NL</gametype>
<tablename>Twister €200 SNG, 823257455</tablename>
<tournamentcode>823257454</tournamentcode>
<tournamentname>Twister €200 SNG</tournamentname>
<buyin>€0 + €12 + €188</buyin>
<totalbuyin>€200</totalbuyin>
<rewarddrawn>€400</rewarddrawn>
<tournamentcurrency>EUR</tournamentcurrency>
<currency>EUR</currency>
<nickname>KOPKHUNKRAP</nickname>
<gamecount>23</gamecount>
<startdate>2025-12-07 20:23:52</startdate>
<place>2</place>
<win>€0</win>
<tablesize>3</tablesize>
</general>
<game gamecode="6551912645"><general>
<startdate>2025-12-07 20:24:08</startdate>
<round>1</round>
<failsafecounter/>
<players><player seat="3" name="SuBandiduu" chips="500" dealer="0" win="40" bet="60" muck="1" rebuy="0" addon="0" merge="0" rebuychips="0" reg_code="5078595571"/>
<player seat="6" name="Ankalaev" chips="500" dealer="1" win="0" bet="0" muck="1" rebuy="0" addon="0" merge="0" rebuychips="0" reg_code="5078595839"/>
<player seat="10" name="KOPKHUNKRAP" chips="500" dealer="0" win="0" bet="20" muck="1" rebuy="0" addon="0" merge="0" rebuychips="0" reg_code="5078597140"/>
</players>
</general>
<round no="0"><action no="1" player="KOPKHUNKRAP" type="1" sum="10"/>
<action no="2" player="SuBandiduu" type="2" discard="1" dealt="1" sum="20"/>
</round>
<round no="1"><cards type="Pocket" player="SuBandiduu">X X</cards>
<cards type="Pocket" player="Ankalaev">X X</cards>
<cards type="Pocket" player="KOPKHUNKRAP">S2 SK</cards>
<action no="3" player="Ankalaev" type="0" discard="1" dealt="1" sum="0"/>
<action no="4" player="KOPKHUNKRAP" type="3" sum="10"/>
<action no="5" player="SuBandiduu" type="23" discard="1" dealt="1" sum="60"/>
<action no="6" player="KOPKHUNKRAP" type="0" sum="0"/>
</round>
</game>
<game gamecode="6551912719"><general>
<startdate>2025-12-07 20:24:22</startdate>
<round>1</round>
<failsafecounter/>
<players><player seat="6" name="Ankalaev" chips="500" dealer="0" win="0" bet="20" muck="1" rebuy="0" addon="0" merge="0" rebuychips="0" reg_code="5078595839"/>
<player seat="10" name="KOPKHUNKRAP" chips="480" dealer="1" win="0" bet="0" muck="1" rebuy="0" addon="0" merge="0" rebuychips="0" reg_code="5078597140"/>
<player seat="3" name="SuBandiduu" chips="520" dealer="0" win="40" bet="40" muck="1" rebuy="0" addon="0" merge="0" rebuychips="0" reg_code="5078595571"/>
</players>
</general>
<round no="0"><action no="1" player="SuBandiduu" type="1" discard="1" dealt="1" sum="10"/>
<action no="2" player="Ankalaev" type="2" discard="1" dealt="1" sum="20"/>
</round>
<round no="1"><cards type="Pocket" player="KOPKHUNKRAP">H4 DJ</cards>
<cards type="Pocket" player="SuBandiduu">X X</cards>
<cards type="Pocket" player="Ankalaev">X X</cards>
<action no="3" player="KOPKHUNKRAP" type="0" sum="0"/>
<action no="4" player="SuBandiduu" type="3" discard="1" dealt="1" sum="10"/>
<action no="5" player="Ankalaev" type="4" discard="1" dealt="1" sum="0"/>
</round>
<round no="2"><cards type="Flop">HQ CA S8</cards>
<action no="6" player="SuBandiduu" type="5" discard="1" dealt="1" sum="20"/>
<action no="7" player="Ankalaev" type="0" discard="1" dealt="1" sum="0"/>
</round>
</game>
<game gamecode="6551912803"><general>
<startdate>2025-12-07 20:24:39</startdate>
<round>1</round>
<failsafecounter/>
<players><player seat="10" name="KOPKHUNKRAP" chips="480" dealer="0" win="0" bet="20" muck="1" rebuy="0" addon="0" merge="0" rebuychips="0" reg_code="5078597140"/>
<player seat="3" name="SuBandiduu" chips="540" dealer="1" win="50" bet="40" muck="1" rebuy="0" addon="0" merge="0" rebuychips="0" reg_code="5078595571"/>
<player seat="6" name="Ankalaev" chips="480" dealer="0" win="0" bet="10" muck="1" rebuy="0" addon="0" merge="0" rebuychips="0" reg_code="5078595839"/>
</players>
</general>
<round no="0"><action no="1" player="Ankalaev" type="1" discard="1" dealt="1" sum="10"/>
<action no="2" player="KOPKHUNKRAP" type="2" sum="20"/>
</round>
<round no="1"><cards type="Pocket" player="Ankalaev">X X</cards>
<cards type="Pocket" player="SuBandiduu">X X</cards>
<cards type="Pocket" player="KOPKHUNKRAP">D8 D3</cards>
<action no="3" player="SuBandiduu" type="23" discard="1" dealt="1" sum="40"/>
<action no="4" player="Ankalaev" type="0" discard="1" dealt="1" sum="0"/>
<action no="5" player="KOPKHUNKRAP" type="0" sum="0"/>
</round>
</game>
<game gamecode="6551912852"><general>
<startdate>2025-12-07 20:24:47</startdate>
<round>1</round>
<failsafecounter/>
<players><player seat="3" name="SuBandiduu" chips="570" dealer="0" win="20" bet="20" muck="1" rebuy="0" addon="0" merge="0" rebuychips="0" reg_code="5078595571"/>
<player seat="6" name="Ankalaev" chips="470" dealer="1" win="0" bet="0" muck="1" rebuy="0" addon="0" merge="0" rebuychips="0" reg_code="5078595839"/>
<player seat="10" name="KOPKHUNKRAP" chips="460" dealer="0" win="0" bet="10" muck="1" rebuy="0" addon="0" merge="0" rebuychips="0" reg_code="5078597140"/>
</players>
</general>
<round no="0"><action no="1" player="KOPKHUNKRAP" type="1" sum="10"/>
<action no="2" player="SuBandiduu" type="2" discard="1" dealt="1" sum="20"/>
</round>
<round no="1"><cards type="Pocket" player="Ankalaev">X X</cards>
<cards type="Pocket" player="KOPKHUNKRAP">D7 H5</cards>
<cards type="Pocket" player="SuBandiduu">X X</cards>
<action no="3" player="Ankalaev" type="0" discard="1" dealt="1" sum="0"/>
<action no="4" player="KOPKHUNKRAP" type="0" sum="0"/>
</round>
</game>
<game gamecode="6551912886"><general>
<startdate>2025-12-07 20:24:54</startdate>
<round>1</round>
<failsafecounter/>
<players><player seat="6" name="Ankalaev" chips="470" dealer="0" win="160" bet="240" muck="1" rebuy="0" addon="0" merge="0" rebuychips="0" reg_code="5078595839"/>
<player seat="10" name="KOPKHUNKRAP" chips="450" dealer="1" win="0" bet="0" muck="1" rebuy="0" addon="0" merge="0" rebuychips="0" reg_code="5078597140"/>
<player seat="3" name="SuBandiduu" chips="580" dealer="0" win="0" bet="80" muck="1" rebuy="0" addon="0" merge="0" rebuychips="0" reg_code="5078595571"/>
</players>
</general>
<round no="0"><action no="1" player="SuBandiduu" type="1" discard="1" dealt="1" sum="10"/>
<action no="2" player="Ankalaev" type="2" discard="1" dealt="1" sum="20"/>
</round>
<round no="1"><cards type="Pocket" player="Ankalaev">X X</cards>
<cards type="Pocket" player="SuBandiduu">X X</cards>
<cards type="Pocket" player="KOPKHUNKRAP">D2 DK</cards>
<action no="3" player="KOPKHUNKRAP" type="0" sum="0"/>
<action no="4" player="SuBandiduu" type="3" discard="1" dealt="1" sum="10"/>
<action no="5" player="Ankalaev" type="4" discard="1" dealt="1" sum="0"/>
</round>
<round no="2"><cards type="Flop">H7 D9 C7</cards>
<action no="6" player="SuBandiduu" type="5" discard="1" dealt="1" sum="20"/>
<action no="7" player="Ankalaev" type="3" discard="1" dealt="1" sum="20"/>
</round>
<round no="3"><cards type="Turn">H8</cards>
<action no="8" player="SuBandiduu" type="4" discard="1" dealt="1" sum="0"/>
<action no="9" player="Ankalaev" type="5" discard="1" dealt="1" sum="40"/>
<action no="10" player="SuBandiduu" type="3" discard="1" dealt="1" sum="40"/>
</round>
<round no="4"><cards type="River">D3</cards>
<action no="11" player="SuBandiduu" type="4" discard="1" dealt="1" sum="0"/>
<action no="12" player="Ankalaev" type="5" discard="1" dealt="1" sum="160"/>
<action no="13" player="SuBandiduu" type="0" discard="1" dealt="1" sum="0"/>
</round>
</game>
<game gamecode="6551913094"><general>
<startdate>2025-12-07 20:25:36</startdate>
<round>1</round>
<failsafecounter/>
<players><player seat="10" name="KOPKHUNKRAP" chips="450" dealer="0" win="0" bet="40" muck="1" rebuy="0" addon="0" merge="0" rebuychips="0" reg_code="5078597140"/>
<player seat="3" name="SuBandiduu" chips="500" dealer="1" win="90" bet="60" muck="1" rebuy="0" addon="0" merge="0" rebuychips="0" reg_code="5078595571"/>
<player seat="6" name="Ankalaev" chips="550" dealer="0" win="0" bet="10" muck="1" rebuy="0" addon="0" merge="0" rebuychips="0" reg_code="5078595839"/>
</players>
</general>
<round no="0"><action no="1" player="Ankalaev" type="1" discard="1" dealt="1" sum="10"/>
<action no="2" player="KOPKHUNKRAP" type="2" sum="20"/>
</round>
<round no="1"><cards type="Pocket" player="Ankalaev">X X</cards>
<cards type="Pocket" player="KOPKHUNKRAP">DA D2</cards>
<cards type="Pocket" player="SuBandiduu">X X</cards>
<action no="3" player="SuBandiduu" type="23" discard="1" dealt="1" sum="40"/>
<action no="4" player="Ankalaev" type="0" discard="1" dealt="1" sum="0"/>
<action no="5" player="KOPKHUNKRAP" type="3" sum="20"/>
</round>
<round no="2"><cards type="Flop">S10 H8 C6</cards>
<action no="6" player="KOPKHUNKRAP" type="4" sum="0"/>
<action no="7" player="SuBandiduu" type="5" discard="1" dealt="1" sum="20"/>
<action no="8" player="KOPKHUNKRAP" type="0" sum="0"/>
</round>
</game>
<game gamecode="6551913185"><general>
<startdate>2025-12-07 20:25:57</startdate>
<round>1</round>
<failsafecounter/>
<players><player seat="3" name="SuBandiduu" chips="550" dealer="0" win="0" bet="155" muck="1" rebuy="0" addon="0" merge="0" rebuychips="0" reg_code="5078595571"/>
<player seat="6" name="Ankalaev" chips="540" dealer="1" win="0" bet="5" muck="1" rebuy="0" addon="0" merge="0" rebuychips="0" reg_code="5078595839"/>
<player seat="10" name="KOPKHUNKRAP" chips="410" dealer="0" win="315" bet="410" muck="1" rebuy="0" addon="0" merge="0" rebuychips="0" reg_code="5078597140"/>
</players>
</general>
<round no="0"><action no="1" player="KOPKHUNKRAP" type="15" sum="5"/>
<action no="2" player="SuBandiduu" type="15" discard="1" dealt="1" sum="5"/>
<action no="3" player="Ankalaev" type="15" discard="1" dealt="1" sum="5"/>
<action no="4" player="KOPKHUNKRAP" type="1" sum="15"/>
<action no="5" player="SuBandiduu" type="2" discard="1" dealt="1" sum="30"/>
</round>
<round no="1"><cards type="Pocket" player="Ankalaev">X X</cards>
<cards type="Pocket" player="SuBandiduu">X X</cards>
<cards type="Pocket" player="KOPKHUNKRAP">HJ H8</cards>
<action no="6" player="Ankalaev" type="0" discard="1" dealt="1" sum="0"/>
<action no="7" player="KOPKHUNKRAP" type="3" sum="15"/>
<action no="8" player="SuBandiduu" type="23" discard="1" dealt="1" sum="90"/>
<action no="9" player="KOPKHUNKRAP" type="3" sum="60"/>
</round>
<round no="2"><cards type="Flop">H9 C2 S7</cards>
<action no="10" player="KOPKHUNKRAP" type="4" sum="0"/>
<action no="11" player="SuBandiduu" type="4" discard="1" dealt="1" sum="0"/>
</round>
<round no="3"><cards type="Turn">HQ</cards>
<action no="12" player="KOPKHUNKRAP" type="5" sum="60"/>
<action no="13" player="SuBandiduu" type="3" discard="1" dealt="1" sum="60"/>
</round>
<round no="4"><cards type="River">H7</cards>
<action no="14" player="KOPKHUNKRAP" type="5" sum="255"/>
<action no="15" player="SuBandiduu" type="0" discard="1" dealt="1" sum="0"/>
</round>
</game>
<game gamecode="6551913360"><general>
<startdate>2025-12-07 20:26:34</startdate>
<round>1</round>
<failsafecounter/>
<players><player seat="6" name="Ankalaev" chips="535" dealer="0" win="0" bet="35" muck="1" rebuy="0" addon="0" merge="0" rebuychips="0" reg_code="5078595839"/>
<player seat="10" name="KOPKHUNKRAP" chips="570" dealer="1" win="0" bet="5" muck="1" rebuy="0" addon="0" merge="0" rebuychips="0" reg_code="5078597140"/>
<player seat="3" name="SuBandiduu" chips="395" dealer="0" win="75" bet="73" muck="1" rebuy="0" addon="0" merge="0" rebuychips="0" reg_code="5078595571"/>
</players>
</general>
<round no="0"><action no="1" player="SuBandiduu" type="15" discard="1" dealt="1" sum="5"/>
<action no="2" player="Ankalaev" type="15" discard="1" dealt="1" sum="5"/>
<action no="3" player="KOPKHUNKRAP" type="15" sum="5"/>
<action no="4" player="SuBandiduu" type="1" discard="1" dealt="1" sum="15"/>
<action no="5" player="Ankalaev" type="2" discard="1" dealt="1" sum="30"/>
</round>
<round no="1"><cards type="Pocket" player="KOPKHUNKRAP">H7 D3</cards>
<cards type="Pocket" player="Ankalaev">X X</cards>
<cards type="Pocket" player="SuBandiduu">X X</cards>
<action no="6" player="KOPKHUNKRAP" type="0" sum="0"/>
<action no="7" player="SuBandiduu" type="3" discard="1" dealt="1" sum="15"/>
<action no="8" player="Ankalaev" type="4" discard="1" dealt="1" sum="0"/>
</round>
<round no="2"><cards type="Flop">C7 C2 HJ</cards>
<action no="9" player="SuBandiduu" type="5" discard="1" dealt="1" sum="38"/>
<action no="10" player="Ankalaev" type="0" discard="1" dealt="1" sum="0"/>
</round>
</game>
<game gamecode="6551917065"><general>
<startdate>2025-12-07 20:26:56</startdate>
<round>1</round>
<failsafecounter/>
<players><player seat="10" name="KOPKHUNKRAP" chips="565" dealer="0" win="0" bet="35" muck="1" rebuy="0" addon="0" merge="0" rebuychips="0" reg_code="5078597140"/>
<player seat="3" name="SuBandiduu" chips="435" dealer="1" win="0" bet="5" muck="1" rebuy="0" addon="0" merge="0" rebuychips="0" reg_code="5078595571"/>
<player seat="6" name="Ankalaev" chips="500" dealer="0" win="75" bet="500" muck="1" rebuy="0" addon="0" merge="0" rebuychips="0" reg_code="5078595839"/>
</players>
</general>
<round no="0"><action no="1" player="Ankalaev" type="15" discard="1" dealt="1" sum="5"/>
<action no="2" player="KOPKHUNKRAP" type="15" sum="5"/>
<action no="3" player="SuBandiduu" type="15" discard="1" dealt="1" sum="5"/>
<action no="4" player="Ankalaev" type="1" discard="1" dealt="1" sum="15"/>
<action no="5" player="KOPKHUNKRAP" type="2" sum="30"/>
</round>
<round no="1"><cards type="Pocket" player="KOPKHUNKRAP">HJ S4</cards>
<cards type="Pocket" player="Ankalaev">X X</cards>
<cards type="Pocket" player="SuBandiduu">X X</cards>
<action no="6" player="SuBandiduu" type="0" discard="1" dealt="1" sum="0"/>
<action no="7" player="Ankalaev" type="23" discard="1" dealt="1" sum="495"/>
<action no="8" player="KOPKHUNKRAP" type="0" sum="0"/>
</round>
</game>
<game gamecode="6551917103"><general>
<startdate>2025-12-07 20:27:05</startdate>
<round>1</round>
<failsafecounter/>
<players><player seat="3" name="SuBandiduu" chips="430" dealer="0" win="0" bet="35" muck="1" rebuy="0" addon="0" merge="0" rebuychips="0" reg_code="5078595571"/>
<player seat="6" name="Ankalaev" chips="540" dealer="1" win="0" bet="65" muck="1" rebuy="0" addon="0" merge="0" rebuychips="0" reg_code="5078595839"/>
<player seat="10" name="KOPKHUNKRAP" chips="530" dealer="0" win="165" bet="530" muck="1" rebuy="0" addon="0" merge="0" rebuychips="0" reg_code="5078597140"/>
</players>
</general>
<round no="0"><action no="1" player="KOPKHUNKRAP" type="15" sum="5"/>
<action no="2" player="SuBandiduu" type="15" discard="1" dealt="1" sum="5"/>
<action no="3" player="Ankalaev" type="15" discard="1" dealt="1" sum="5"/>
<action no="4" player="KOPKHUNKRAP" type="1" sum="15"/>
<action no="5" player="SuBandiduu" type="2" discard="1" dealt="1" sum="30"/>
</round>
<round no="1"><cards type="Pocket" player="Ankalaev">X X</cards>
<cards type="Pocket" player="KOPKHUNKRAP">D10 CA</cards>
<cards type="Pocket" player="SuBandiduu">X X</cards>
<action no="6" player="Ankalaev" type="23" discard="1" dealt="1" sum="60"/>
<action no="7" player="KOPKHUNKRAP" type="23" sum="525"/>
<action no="8" player="SuBandiduu" type="0" discard="1" dealt="1" sum="0"/>
<action no="9" player="Ankalaev" type="0" discard="1" dealt="1" sum="0"/>
</round>
</game>
<game gamecode="6551917210"><general>
<startdate>2025-12-07 20:27:27</startdate>
<round>1</round>
<failsafecounter/>
<players><player seat="6" name="Ankalaev" chips="475" dealer="0" win="0" bet="395" muck="1" rebuy="0" addon="0" merge="0" rebuychips="0" reg_code="5078595839"/>
<player seat="10" name="KOPKHUNKRAP" chips="630" dealer="1" win="0" bet="5" muck="1" rebuy="0" addon="0" merge="0" rebuychips="0" reg_code="5078597140"/>
<player seat="3" name="SuBandiduu" chips="395" dealer="0" win="795" bet="395" muck="0" rebuy="0" addon="0" merge="0" rebuychips="0" reg_code="5078595571"/>
</players>
</general>
<round no="0"><action no="1" player="SuBandiduu" type="15" discard="1" dealt="1" sum="5"/>
<action no="2" player="Ankalaev" type="15" discard="1" dealt="1" sum="5"/>
<action no="3" player="KOPKHUNKRAP" type="15" sum="5"/>
<action no="4" player="SuBandiduu" type="1" discard="1" dealt="1" sum="20"/>
<action no="5" player="Ankalaev" type="2" discard="1" dealt="1" sum="40"/>
</round>
<round no="1"><cards type="Pocket" player="Ankalaev">S10 D7</cards>
<cards type="Pocket" player="SuBandiduu">H2 H10</cards>
<cards type="Pocket" player="KOPKHUNKRAP">D10 C5</cards>
<action no="6" player="KOPKHUNKRAP" type="0" sum="0"/>
<action no="7" player="SuBandiduu" type="3" discard="1" dealt="1" sum="20"/>
<action no="8" player="Ankalaev" type="4" discard="1" dealt="1" sum="0"/>
</round>
<round no="2"><cards type="Flop">C7 H7 H9</cards>
<action no="9" player="SuBandiduu" type="4" discard="1" dealt="1" sum="0"/>
<action no="10" player="Ankalaev" type="5" discard="1" dealt="1" sum="48"/>
<action no="11" player="SuBandiduu" type="3" discard="1" dealt="1" sum="48"/>
</round>
<round no="3"><cards type="Turn">D2</cards>
<action no="12" player="SuBandiduu" type="4" discard="1" dealt="1" sum="0"/>
<action no="13" player="Ankalaev" type="5" discard="1" dealt="1" sum="130"/>
<action no="14" player="SuBandiduu" type="3" discard="1" dealt="1" sum="130"/>
</round>
<round no="4"><cards type="River">HK</cards>
<action no="15" player="SuBandiduu" type="5" discard="1" dealt="1" sum="172"/>
<action no="16" player="Ankalaev" type="3" discard="1" dealt="1" sum="172"/>
</round>
</game>
<game gamecode="6551917344"><general>
<startdate>2025-12-07 20:27:58</startdate>
<round>1</round>
<failsafecounter/>
<players><player seat="10" name="KOPKHUNKRAP" chips="625" dealer="0" win="376" bet="148" muck="0" rebuy="0" addon="0" merge="0" rebuychips="0" reg_code="5078597140"/>
<player seat="3" name="SuBandiduu" chips="795" dealer="1" win="0" bet="148" muck="1" rebuy="0" addon="0" merge="0" rebuychips="0" reg_code="5078595571"/>
<player seat="6" name="Ankalaev" chips="80" dealer="0" win="0" bet="80" muck="0" rebuy="0" addon="0" merge="0" rebuychips="0" reg_code="5078595839"/>
</players>
</general>
<round no="0"><action no="1" player="Ankalaev" type="15" discard="1" dealt="1" sum="5"/>
<action no="2" player="KOPKHUNKRAP" type="15" sum="5"/>
<action no="3" player="SuBandiduu" type="15" discard="1" dealt="1" sum="5"/>
<action no="4" player="Ankalaev" type="1" discard="1" dealt="1" sum="20"/>
<action no="5" player="KOPKHUNKRAP" type="2" sum="40"/>
</round>
<round no="1"><cards type="Pocket" player="Ankalaev">D3 C3</cards>
<cards type="Pocket" player="KOPKHUNKRAP">C6 D8</cards>
<cards type="Pocket" player="SuBandiduu">H7 SK</cards>
<action no="6" player="SuBandiduu" type="3" discard="1" dealt="1" sum="40"/>
<action no="7" player="Ankalaev" type="7" discard="1" dealt="1" sum="55"/>
<action no="8" player="KOPKHUNKRAP" type="3" sum="35"/>
<action no="9" player="SuBandiduu" type="3" discard="1" dealt="1" sum="35"/>
</round>
<round no="2"><cards type="Flop">HJ S5 H8</cards>
<action no="10" player="KOPKHUNKRAP" type="4" sum="0"/>
<action no="11" player="SuBandiduu" type="4" discard="1" dealt="1" sum="0"/>
</round>
<round no="3"><cards type="Turn">H2</cards>
<action no="12" player="KOPKHUNKRAP" type="5" sum="68"/>
<action no="13" player="SuBandiduu" type="3" discard="1" dealt="1" sum="68"/>
</round>
<round no="4"><cards type="River">C5</cards>
<action no="14" player="KOPKHUNKRAP" type="4" sum="0"/>
<action no="15" player="SuBandiduu" type="4" discard="1" dealt="1" sum="0"/>
</round>
</game>
<game gamecode="6551917464"><general>
<startdate>2025-12-07 20:28:28</startdate>
<round>1</round>
<failsafecounter/>
<players><player seat="3" name="SuBandiduu" chips="647" dealer="0" win="90" bet="113" muck="1" rebuy="0" addon="0" merge="0" rebuychips="0" reg_code="5078595571"/>
<player seat="10" name="KOPKHUNKRAP" chips="853" dealer="1" win="0" bet="45" muck="1" rebuy="0" addon="0" merge="0" rebuychips="0" reg_code="5078597140"/>
</players>
</general>
<round no="0"><action no="1" player="KOPKHUNKRAP" type="15" sum="5"/>
<action no="2" player="SuBandiduu" type="15" discard="1" dealt="1" sum="5"/>
<action no="3" player="KOPKHUNKRAP" type="1" sum="20"/>
<action no="4" player="SuBandiduu" type="2" discard="1" dealt="1" sum="40"/>
</round>
<round no="1"><cards type="Pocket" player="KOPKHUNKRAP">CQ HJ</cards>
<cards type="Pocket" player="SuBandiduu">X X</cards>
<action no="5" player="KOPKHUNKRAP" type="3" sum="20"/>
<action no="6" player="SuBandiduu" type="4" discard="1" dealt="1" sum="0"/>
</round>
<round no="2"><cards type="Flop">D2 D7 D6</cards>
<action no="7" player="SuBandiduu" type="4" discard="1" dealt="1" sum="0"/>
<action no="8" player="KOPKHUNKRAP" type="4" sum="0"/>
</round>
<round no="3"><cards type="Turn">H3</cards>
<action no="9" player="SuBandiduu" type="5" discard="1" dealt="1" sum="68"/>
<action no="10" player="KOPKHUNKRAP" type="0" sum="0"/>
</round>
</game>
<game gamecode="6551917527"><general>
<startdate>2025-12-07 20:28:41</startdate>
<round>1</round>
<failsafecounter/>
<players><player seat="10" name="KOPKHUNKRAP" chips="808" dealer="0" win="180" bet="90" muck="0" rebuy="0" addon="0" merge="0" rebuychips="0" reg_code="5078597140"/>
<player seat="3" name="SuBandiduu" chips="692" dealer="1" win="0" bet="90" muck="1" rebuy="0" addon="0" merge="0" rebuychips="0" reg_code="5078595571"/>
</players>
</general>
<round no="0"><action no="1" player="SuBandiduu" type="15" discard="1" dealt="1" sum="5"/>
<action no="2" player="KOPKHUNKRAP" type="15" sum="5"/>
<action no="3" player="SuBandiduu" type="1" discard="1" dealt="1" sum="20"/>
<action no="4" player="KOPKHUNKRAP" type="2" sum="40"/>
</round>
<round no="1"><cards type="Pocket" player="SuBandiduu">CQ H3</cards>
<cards type="Pocket" player="KOPKHUNKRAP">H4 D6</cards>
<action no="5" player="SuBandiduu" type="3" discard="1" dealt="1" sum="20"/>
<action no="6" player="KOPKHUNKRAP" type="4" sum="0"/>
</round>
<round no="2"><cards type="Flop">C6 S10 CA</cards>
<action no="7" player="KOPKHUNKRAP" type="4" sum="0"/>
<action no="8" player="SuBandiduu" type="5" discard="1" dealt="1" sum="45"/>
<action no="9" player="KOPKHUNKRAP" type="3" sum="45"/>
</round>
<round no="3"><cards type="Turn">HJ</cards>
<action no="10" player="KOPKHUNKRAP" type="4" sum="0"/>
<action no="11" player="SuBandiduu" type="4" discard="1" dealt="1" sum="0"/>
</round>
<round no="4"><cards type="River">H2</cards>
<action no="12" player="KOPKHUNKRAP" type="4" sum="0"/>
<action no="13" player="SuBandiduu" type="4" discard="1" dealt="1" sum="0"/>
</round>
</game>
<game gamecode="6551917603"><general>
<startdate>2025-12-07 20:28:59</startdate>
<round>1</round>
<failsafecounter/>
<players><player seat="3" name="SuBandiduu" chips="602" dealer="0" win="0" bet="45" muck="1" rebuy="0" addon="0" merge="0" rebuychips="0" reg_code="5078595571"/>
<player seat="10" name="KOPKHUNKRAP" chips="898" dealer="1" win="90" bet="45" muck="0" rebuy="0" addon="0" merge="0" rebuychips="0" reg_code="5078597140"/>
</players>
</general>
<round no="0"><action no="1" player="KOPKHUNKRAP" type="15" sum="5"/>
<action no="2" player="SuBandiduu" type="15" discard="1" dealt="1" sum="5"/>
<action no="3" player="KOPKHUNKRAP" type="1" sum="20"/>
<action no="4" player="SuBandiduu" type="2" discard="1" dealt="1" sum="40"/>
</round>
<round no="1"><cards type="Pocket" player="SuBandiduu">C3 C2</cards>
<cards type="Pocket" player="KOPKHUNKRAP">D6 CK</cards>
<action no="5" player="KOPKHUNKRAP" type="3" sum="20"/>
<action no="6" player="SuBandiduu" type="4" discard="1" dealt="1" sum="0"/>
</round>
<round no="2"><cards type="Flop">CQ H9 S7</cards>
<action no="7" player="SuBandiduu" type="4" discard="1" dealt="1" sum="0"/>
<action no="8" player="KOPKHUNKRAP" type="4" sum="0"/>
</round>
<round no="3"><cards type="Turn">H5</cards>
<action no="9" player="SuBandiduu" type="4" discard="1" dealt="1" sum="0"/>
<action no="10" player="KOPKHUNKRAP" type="4" sum="0"/>
</round>
<round no="4"><cards type="River">SA</cards>
<action no="11" player="SuBandiduu" type="4" discard="1" dealt="1" sum="0"/>
<action no="12" player="KOPKHUNKRAP" type="4" sum="0"/>
</round>
</game>
<game gamecode="6551917710"><general>
<startdate>2025-12-07 20:29:23</startdate>
<round>1</round>
<failsafecounter/>
<players><player seat="10" name="KOPKHUNKRAP" chips="943" dealer="0" win="0" bet="65" muck="1" rebuy="0" addon="0" merge="0" rebuychips="0" reg_code="5078597140"/>
<player seat="3" name="SuBandiduu" chips="557" dealer="1" win="130" bet="557" muck="1" rebuy="0" addon="0" merge="0" rebuychips="0" reg_code="5078595571"/>
</players>
</general>
<round no="0"><action no="1" player="SuBandiduu" type="15" discard="1" dealt="1" sum="5"/>
<action no="2" player="KOPKHUNKRAP" type="15" sum="5"/>
<action no="3" player="SuBandiduu" type="1" discard="1" dealt="1" sum="30"/>
<action no="4" player="KOPKHUNKRAP" type="2" sum="60"/>
</round>
<round no="1"><cards type="Pocket" player="SuBandiduu">X X</cards>
<cards type="Pocket" player="KOPKHUNKRAP">H10 H6</cards>
<action no="5" player="SuBandiduu" type="23" discard="1" dealt="1" sum="552"/>
<action no="6" player="KOPKHUNKRAP" type="0" sum="0"/>
</round>
</game>
<game gamecode="6551917756"><general>
<startdate>2025-12-07 20:29:32</startdate>
<round>1</round>
<failsafecounter/>
<players><player seat="3" name="SuBandiduu" chips="622" dealer="0" win="130" bet="156" muck="1" rebuy="0" addon="0" merge="0" rebuychips="0" reg_code="5078595571"/>
<player seat="10" name="KOPKHUNKRAP" chips="878" dealer="1" win="0" bet="65" muck="1" rebuy="0" addon="0" merge="0" rebuychips="0" reg_code="5078597140"/>
</players>
</general>
<round no="0"><action no="1" player="KOPKHUNKRAP" type="15" sum="5"/>
<action no="2" player="SuBandiduu" type="15" discard="1" dealt="1" sum="5"/>
<action no="3" player="KOPKHUNKRAP" type="1" sum="30"/>
<action no="4" player="SuBandiduu" type="2" discard="1" dealt="1" sum="60"/>
</round>
<round no="1"><cards type="Pocket" player="KOPKHUNKRAP">S7 S4</cards>
<cards type="Pocket" player="SuBandiduu">X X</cards>
<action no="5" player="KOPKHUNKRAP" type="3" sum="30"/>
<action no="6" player="SuBandiduu" type="4" discard="1" dealt="1" sum="0"/>
</round>
<round no="2"><cards type="Flop">CK H8 D9</cards>
<action no="7" player="SuBandiduu" type="4" discard="1" dealt="1" sum="0"/>
<action no="8" player="KOPKHUNKRAP" type="4" sum="0"/>
</round>
<round no="3"><cards type="Turn">C8</cards>
<action no="9" player="SuBandiduu" type="5" discard="1" dealt="1" sum="91"/>
<action no="10" player="KOPKHUNKRAP" type="0" sum="0"/>
</round>
</game>
<game gamecode="6551917886"><general>
<startdate>2025-12-07 20:30:00</startdate>
<round>1</round>
<failsafecounter/>
<players><player seat="10" name="KOPKHUNKRAP" chips="813" dealer="0" win="130" bet="155" muck="1" rebuy="0" addon="0" merge="0" rebuychips="0" reg_code="5078597140"/>
<player seat="3" name="SuBandiduu" chips="687" dealer="1" win="0" bet="65" muck="1" rebuy="0" addon="0" merge="0" rebuychips="0" reg_code="5078595571"/>
</players>
</general>
<round no="0"><action no="1" player="SuBandiduu" type="15" discard="1" dealt="1" sum="5"/>
<action no="2" player="KOPKHUNKRAP" type="15" sum="5"/>
<action no="3" player="SuBandiduu" type="1" discard="1" dealt="1" sum="30"/>
<action no="4" player="KOPKHUNKRAP" type="2" sum="60"/>
</round>
<round no="1"><cards type="Pocket" player="KOPKHUNKRAP">S10 D10</cards>
<cards type="Pocket" player="SuBandiduu">X X</cards>
<action no="5" player="SuBandiduu" type="3" discard="1" dealt="1" sum="30"/>
<action no="6" player="KOPKHUNKRAP" type="23" sum="150"/>
<action no="7" player="SuBandiduu" type="0" discard="1" dealt="1" sum="0"/>
</round>
</game>
<game gamecode="6551917938"><general>
<startdate>2025-12-07 20:30:10</startdate>
<round>1</round>
<failsafecounter/>
<players><player seat="3" name="SuBandiduu" chips="622" dealer="0" win="490" bet="245" muck="0" rebuy="0" addon="0" merge="0" rebuychips="0" reg_code="5078595571"/>
<player seat="10" name="KOPKHUNKRAP" chips="878" dealer="1" win="0" bet="245" muck="0" rebuy="0" addon="0" merge="0" rebuychips="0" reg_code="5078597140"/>
</players>
</general>
<round no="0"><action no="1" player="KOPKHUNKRAP" type="15" sum="5"/>
<action no="2" player="SuBandiduu" type="15" discard="1" dealt="1" sum="5"/>
<action no="3" player="KOPKHUNKRAP" type="1" sum="30"/>
<action no="4" player="SuBandiduu" type="2" discard="1" dealt="1" sum="60"/>
</round>
<round no="1"><cards type="Pocket" player="KOPKHUNKRAP">S8 D8</cards>
<cards type="Pocket" player="SuBandiduu">C6 C9</cards>
<action no="5" player="KOPKHUNKRAP" type="3" sum="30"/>
<action no="6" player="SuBandiduu" type="4" discard="1" dealt="1" sum="0"/>
</round>
<round no="2"><cards type="Flop">D9 C2 S4</cards>
<action no="7" player="SuBandiduu" type="4" discard="1" dealt="1" sum="0"/>
<action no="8" player="KOPKHUNKRAP" type="4" sum="0"/>
</round>
<round no="3"><cards type="Turn">CA</cards>
<action no="9" player="SuBandiduu" type="4" discard="1" dealt="1" sum="0"/>
<action no="10" player="KOPKHUNKRAP" type="5" sum="60"/>
<action no="11" player="SuBandiduu" type="3" discard="1" dealt="1" sum="60"/>
</round>
<round no="4"><cards type="River">DA</cards>
<action no="12" player="SuBandiduu" type="4" discard="1" dealt="1" sum="0"/>
<action no="13" player="KOPKHUNKRAP" type="5" sum="120"/>
<action no="14" player="SuBandiduu" type="3" discard="1" dealt="1" sum="120"/>
</round>
</game>
<game gamecode="6551918056"><general>
<startdate>2025-12-07 20:30:37</startdate>
<round>1</round>
<failsafecounter/>
<players><player seat="10" name="KOPKHUNKRAP" chips="633" dealer="0" win="0" bet="65" muck="1" rebuy="0" addon="0" merge="0" rebuychips="0" reg_code="5078597140"/>
<player seat="3" name="SuBandiduu" chips="867" dealer="1" win="130" bet="867" muck="1" rebuy="0" addon="0" merge="0" rebuychips="0" reg_code="5078595571"/>
</players>
</general>
<round no="0"><action no="1" player="SuBandiduu" type="15" discard="1" dealt="1" sum="5"/>
<action no="2" player="KOPKHUNKRAP" type="15" sum="5"/>
<action no="3" player="SuBandiduu" type="1" discard="1" dealt="1" sum="30"/>
<action no="4" player="KOPKHUNKRAP" type="2" sum="60"/>
</round>
<round no="1"><cards type="Pocket" player="KOPKHUNKRAP">H2 C8</cards>
<cards type="Pocket" player="SuBandiduu">X X</cards>
<action no="5" player="SuBandiduu" type="23" discard="1" dealt="1" sum="862"/>
<action no="6" player="KOPKHUNKRAP" type="0" sum="0"/>
</round>
</game>
<game gamecode="6551918091"><general>
<startdate>2025-12-07 20:30:44</startdate>
<round>1</round>
<failsafecounter/>
<players><player seat="3" name="SuBandiduu" chips="932" dealer="0" win="70" bet="65" muck="1" rebuy="0" addon="0" merge="0" rebuychips="0" reg_code="5078595571"/>
<player seat="10" name="KOPKHUNKRAP" chips="568" dealer="1" win="0" bet="35" muck="1" rebuy="0" addon="0" merge="0" rebuychips="0" reg_code="5078597140"/>
</players>
</general>
<round no="0"><action no="1" player="KOPKHUNKRAP" type="15" sum="5"/>
<action no="2" player="SuBandiduu" type="15" discard="1" dealt="1" sum="5"/>
<action no="3" player="KOPKHUNKRAP" type="1" sum="30"/>
<action no="4" player="SuBandiduu" type="2" discard="1" dealt="1" sum="60"/>
</round>
<round no="1"><cards type="Pocket" player="SuBandiduu">X X</cards>
<cards type="Pocket" player="KOPKHUNKRAP">S2 C9</cards>
<action no="5" player="KOPKHUNKRAP" type="0" sum="0"/>
</round>
</game>
<game gamecode="6551918113"><general>
<startdate>2025-12-07 20:30:49</startdate>
<round>1</round>
<failsafecounter/>
<players><player seat="10" name="KOPKHUNKRAP" chips="533" dealer="0" win="96" bet="88" muck="1" rebuy="0" addon="0" merge="0" rebuychips="0" reg_code="5078597140"/>
<player seat="3" name="SuBandiduu" chips="967" dealer="1" win="0" bet="48" muck="1" rebuy="0" addon="0" merge="0" rebuychips="0" reg_code="5078595571"/>
</players>
</general>
<round no="0"><action no="1" player="SuBandiduu" type="15" discard="1" dealt="1" sum="8"/>
<action no="2" player="KOPKHUNKRAP" type="15" sum="8"/>
<action no="3" player="SuBandiduu" type="1" discard="1" dealt="1" sum="40"/>
<action no="4" player="KOPKHUNKRAP" type="2" sum="80"/>
</round>
<round no="1"><cards type="Pocket" player="KOPKHUNKRAP">SA DJ</cards>
<cards type="Pocket" player="SuBandiduu">X X</cards>
<action no="5" player="SuBandiduu" type="0" discard="1" dealt="1" sum="0"/>
</round>
</game>
<game gamecode="6551918137"><general>
<startdate>2025-12-07 20:30:53</startdate>
<round>1</round>
<failsafecounter/>
<players><player seat="3" name="SuBandiduu" chips="919" dealer="0" win="1,162" bet="919" muck="0" rebuy="0" addon="0" merge="0" rebuychips="0" reg_code="5078595571"/>
<player seat="10" name="KOPKHUNKRAP" chips="581" dealer="1" win="0" bet="581" muck="1" rebuy="0" addon="0" merge="0" rebuychips="0" reg_code="5078597140"/>
</players>
</general>
<round no="0"><action no="1" player="KOPKHUNKRAP" type="15" sum="8"/>
<action no="2" player="SuBandiduu" type="15" discard="1" dealt="1" sum="8"/>
<action no="3" player="KOPKHUNKRAP" type="1" sum="40"/>
<action no="4" player="SuBandiduu" type="2" discard="1" dealt="1" sum="80"/>
</round>
<round no="1"><cards type="Pocket" player="KOPKHUNKRAP">D9 DQ</cards>
<cards type="Pocket" player="SuBandiduu">H9 SK</cards>
<action no="5" player="KOPKHUNKRAP" type="3" sum="40"/>
<action no="6" player="SuBandiduu" type="23" discard="1" dealt="1" sum="911"/>
<action no="7" player="KOPKHUNKRAP" type="7" sum="493"/>
</round>
<round no="2"><cards type="Flop">CK C10 DK</cards>
</round>
<round no="3"><cards type="Turn">C5</cards>
</round>
<round no="4"><cards type="River">CQ</cards>
</round>
</game>
</session>
