<?xml version="1.0" encoding="UTF-8"?>
<session sessioncode="5079634175">
<general>
<client_version>25.7.1.34</client_version>
<mode>real</mode>
<gametype>Holdem NL</gametype>
<tablename>Twister €200 SNG, 823561097</tablename>
<tournamentcode>823561096</tournamentcode>
<tournamentname>Twister €200 SNG</tournamentname>
<buyin>€0 + €12 + €188</buyin>
<totalbuyin>€200</totalbuyin>
<rewarddrawn>€600</rewarddrawn>
<tournamentcurrency>EUR</tournamentcurrency>
<currency>EUR</currency>
<nickname>KOPKHUNKRAP</nickname>
<gamecount>12</gamecount>
<startdate>2025-12-11 18:20:18</startdate>
<place>3</place>
<win>€0</win>
<tablesize>3</tablesize>
</general>
<game gamecode="6555763843"><general>
<startdate>2025-12-11 18:20:34</startdate>
<round>1</round>
<failsafecounter/>
<players><player seat="6" name="ilCapo6" chips="500" dealer="0" win="40" bet="500" muck="1" rebuy="0" addon="0" merge="0" rebuychips="0" reg_code="5079633927"/>
<player seat="10" name="KOPKHUNKRAP" chips="500" dealer="1" win="0" bet="0" muck="1" rebuy="0" addon="0" merge="0" rebuychips="0" reg_code="5079634175"/>
<player seat="3" name="Exivezzz2323" chips="500" dealer="0" win="0" bet="20" muck="1" rebuy="0" addon="0" merge="0" rebuychips="0" reg_code="5079633561"/>
</players>
</general>
<round no="0"><action no="1" player="Exivezzz2323" type="1" discard="1" dealt="1" sum="10"/>
<action no="2" player="ilCapo6" type="2" discard="1" dealt="1" sum="20"/>
</round>
<round no="1"><cards type="Pocket" player="Exivezzz2323">X X</cards>
<cards type="Pocket" player="ilCapo6">X X</cards>
<cards type="Pocket" player="KOPKHUNKRAP">C2 C9</cards>
<action no="3" player="KOPKHUNKRAP" type="0" sum="0"/>
<action no="4" player="Exivezzz2323" type="3" discard="1" dealt="1" sum="10"/>
<action no="5" player="ilCapo6" type="23" discard="1" dealt="1" sum="500"/>
<action no="6" player="Exivezzz2323" type="0" discard="1" dealt="1" sum="0"/>
</round>
</game>
<game gamecode="6555763937"><general>
<startdate>2025-12-11 18:20:52</startdate>
<round>1</round>
<failsafecounter/>
<players><player seat="10" name="KOPKHUNKRAP" chips="500" dealer="0" win="20" bet="20" muck="1" rebuy="0" addon="0" merge="0" rebuychips="0" reg_code="5079634175"/>
<player seat="3" name="Exivezzz2323" chips="480" dealer="1" win="0" bet="0" muck="1" rebuy="0" addon="0" merge="0" rebuychips="0" reg_code="5079633561"/>
<player seat="6" name="ilCapo6" chips="520" dealer="0" win="0" bet="10" muck="1" rebuy="0" addon="0" merge="0" rebuychips="0" reg_code="5079633927"/>
</players>
</general>
<round no="0"><action no="1" player="ilCapo6" type="1" discard="1" dealt="1" sum="10"/>
<action no="2" player="KOPKHUNKRAP" type="2" sum="20"/>
</round>
<round no="1"><cards type="Pocket" player="ilCapo6">X X</cards>
<cards type="Pocket" player="KOPKHUNKRAP">SK D2</cards>
<cards type="Pocket" player="Exivezzz2323">X X</cards>
<action no="3" player="Exivezzz2323" type="0" discard="1" dealt="1" sum="0"/>
<action no="4" player="ilCapo6" type="0" discard="1" dealt="1" sum="0"/>
</round>
</game>
<game gamecode="6555764006"><general>
<startdate>2025-12-11 18:21:06</startdate>
<round>1</round>
<failsafecounter/>
<players><player seat="3" name="Exivezzz2323" chips="480" dealer="0" win="0" bet="20" muck="1" rebuy="0" addon="0" merge="0" rebuychips="0" reg_code="5079633561"/>
<player seat="6" name="ilCapo6" chips="510" dealer="1" win="50" bet="40" muck="1" rebuy="0" addon="0" merge="0" rebuychips="0" reg_code="5079633927"/>
<player seat="10" name="KOPKHUNKRAP" chips="510" dealer="0" win="0" bet="10" muck="1" rebuy="0" addon="0" merge="0" rebuychips="0" reg_code="5079634175"/>
</players>
</general>
<round no="0"><action no="1" player="KOPKHUNKRAP" type="1" sum="10"/>
<action no="2" player="Exivezzz2323" type="2" discard="1" dealt="1" sum="20"/>
</round>
<round no="1"><cards type="Pocket" player="Exivezzz2323">X X</cards>
<cards type="Pocket" player="KOPKHUNKRAP">H8 CA</cards>
<cards type="Pocket" player="ilCapo6">X X</cards>
<action no="3" player="ilCapo6" type="23" discard="1" dealt="1" sum="40"/>
<action no="4" player="KOPKHUNKRAP" type="0" sum="0"/>
<action no="5" player="Exivezzz2323" type="0" discard="1" dealt="1" sum="0"/>
</round>
</game>
<game gamecode="6555764081"><general>
<startdate>2025-12-11 18:21:21</startdate>
<round>1</round>
<failsafecounter/>
<players><player seat="6" name="ilCapo6" chips="540" dealer="0" win="20" bet="20" muck="1" rebuy="0" addon="0" merge="0" rebuychips="0" reg_code="5079633927"/>
<player seat="10" name="KOPKHUNKRAP" chips="500" dealer="1" win="0" bet="0" muck="1" rebuy="0" addon="0" merge="0" rebuychips="0" reg_code="5079634175"/>
<player seat="3" name="Exivezzz2323" chips="460" dealer="0" win="0" bet="10" muck="1" rebuy="0" addon="0" merge="0" rebuychips="0" reg_code="5079633561"/>
</players>
</general>
<round no="0"><action no="1" player="Exivezzz2323" type="1" discard="1" dealt="1" sum="10"/>
<action no="2" player="ilCapo6" type="2" discard="1" dealt="1" sum="20"/>
</round>
<round no="1"><cards type="Pocket" player="ilCapo6">X X</cards>
<cards type="Pocket" player="KOPKHUNKRAP">SK H2</cards>
<cards type="Pocket" player="Exivezzz2323">X X</cards>
<action no="3" player="KOPKHUNKRAP" type="0" sum="0"/>
<action no="4" player="Exivezzz2323" type="0" discard="1" dealt="1" sum="0"/>
</round>
</game>
<game gamecode="6555764158"><general>
<startdate>2025-12-11 18:21:34</startdate>
<round>1</round>
<failsafecounter/>
<players><player seat="10" name="KOPKHUNKRAP" chips="500" dealer="0" win="0" bet="40" muck="1" rebuy="0" addon="0" merge="0" rebuychips="0" reg_code="5079634175"/>
<player seat="3" name="Exivezzz2323" chips="450" dealer="1" win="90" bet="60" muck="1" rebuy="0" addon="0" merge="0" rebuychips="0" reg_code="5079633561"/>
<player seat="6" name="ilCapo6" chips="550" dealer="0" win="0" bet="10" muck="1" rebuy="0" addon="0" merge="0" rebuychips="0" reg_code="5079633927"/>
</players>
</general>
<round no="0"><action no="1" player="ilCapo6" type="1" discard="1" dealt="1" sum="10"/>
<action no="2" player="KOPKHUNKRAP" type="2" sum="20"/>
</round>
<round no="1"><cards type="Pocket" player="ilCapo6">X X</cards>
<cards type="Pocket" player="KOPKHUNKRAP">SQ C9</cards>
<cards type="Pocket" player="Exivezzz2323">X X</cards>
<action no="3" player="Exivezzz2323" type="23" discard="1" dealt="1" sum="40"/>
<action no="4" player="ilCapo6" type="0" discard="1" dealt="1" sum="0"/>
<action no="5" player="KOPKHUNKRAP" type="3" sum="20"/>
</round>
<round no="2"><cards type="Flop">H4 DA DK</cards>
<action no="6" player="KOPKHUNKRAP" type="4" sum="0"/>
<action no="7" player="Exivezzz2323" type="5" discard="1" dealt="1" sum="20"/>
<action no="8" player="KOPKHUNKRAP" type="0" sum="0"/>
</round>
</game>
<game gamecode="6555764308"><general>
<startdate>2025-12-11 18:22:05</startdate>
<round>1</round>
<failsafecounter/>
<players><player seat="3" name="Exivezzz2323" chips="500" dealer="0" win="80" bet="120" muck="1" rebuy="0" addon="0" merge="0" rebuychips="0" reg_code="5079633561"/>
<player seat="6" name="ilCapo6" chips="540" dealer="1" win="0" bet="0" muck="1" rebuy="0" addon="0" merge="0" rebuychips="0" reg_code="5079633927"/>
<player seat="10" name="KOPKHUNKRAP" chips="460" dealer="0" win="0" bet="40" muck="1" rebuy="0" addon="0" merge="0" rebuychips="0" reg_code="5079634175"/>
</players>
</general>
<round no="0"><action no="1" player="KOPKHUNKRAP" type="1" sum="10"/>
<action no="2" player="Exivezzz2323" type="2" discard="1" dealt="1" sum="20"/>
</round>
<round no="1"><cards type="Pocket" player="ilCapo6">X X</cards>
<cards type="Pocket" player="Exivezzz2323">X X</cards>
<cards type="Pocket" player="KOPKHUNKRAP">C4 C3</cards>
<action no="3" player="ilCapo6" type="0" discard="1" dealt="1" sum="0"/>
<action no="4" player="KOPKHUNKRAP" type="3" sum="10"/>
<action no="5" player="Exivezzz2323" type="4" discard="1" dealt="1" sum="0"/>
</round>
<round no="2"><cards type="Flop">S10 SA C7</cards>
<action no="6" player="KOPKHUNKRAP" type="5" sum="20"/>
<action no="7" player="Exivezzz2323" type="3" discard="1" dealt="1" sum="20"/>
</round>
<round no="3"><cards type="Turn">D4</cards>
<action no="8" player="KOPKHUNKRAP" type="4" sum="0"/>
<action no="9" player="Exivezzz2323" type="4" discard="1" dealt="1" sum="0"/>
</round>
<round no="4"><cards type="River">HK</cards>
<action no="10" player="KOPKHUNKRAP" type="4" sum="0"/>
<action no="11" player="Exivezzz2323" type="5" discard="1" dealt="1" sum="80"/>
<action no="12" player="KOPKHUNKRAP" type="0" sum="0"/>
</round>
</game>
<game gamecode="6555769163"><general>
<startdate>2025-12-11 18:23:03</startdate>
<round>1</round>
<failsafecounter/>
<players><player seat="6" name="ilCapo6" chips="540" dealer="0" win="45" bet="35" muck="1" rebuy="0" addon="0" merge="0" rebuychips="0" reg_code="5079633927"/>
<player seat="10" name="KOPKHUNKRAP" chips="420" dealer="1" win="0" bet="5" muck="1" rebuy="0" addon="0" merge="0" rebuychips="0" reg_code="5079634175"/>
<player seat="3" name="Exivezzz2323" chips="540" dealer="0" win="0" bet="20" muck="1" rebuy="0" addon="0" merge="0" rebuychips="0" reg_code="5079633561"/>
</players>
</general>
<round no="0"><action no="1" player="Exivezzz2323" type="15" discard="1" dealt="1" sum="5"/>
<action no="2" player="ilCapo6" type="15" discard="1" dealt="1" sum="5"/>
<action no="3" player="KOPKHUNKRAP" type="15" sum="5"/>
<action no="4" player="Exivezzz2323" type="1" discard="1" dealt="1" sum="15"/>
<action no="5" player="ilCapo6" type="2" discard="1" dealt="1" sum="30"/>
</round>
<round no="1"><cards type="Pocket" player="KOPKHUNKRAP">D5 SK</cards>
<cards type="Pocket" player="ilCapo6">X X</cards>
<cards type="Pocket" player="Exivezzz2323">X X</cards>
<action no="6" player="KOPKHUNKRAP" type="0" sum="0"/>
<action no="7" player="Exivezzz2323" type="0" discard="1" dealt="1" sum="0"/>
</round>
</game>
<game gamecode="6555769231"><general>
<startdate>2025-12-11 18:23:14</startdate>
<round>1</round>
<failsafecounter/>
<players><player seat="10" name="KOPKHUNKRAP" chips="415" dealer="0" win="0" bet="35" muck="1" rebuy="0" addon="0" merge="0" rebuychips="0" reg_code="5079634175"/>
<player seat="3" name="Exivezzz2323" chips="520" dealer="1" win="90" bet="65" muck="1" rebuy="0" addon="0" merge="0" rebuychips="0" reg_code="5079633561"/>
<player seat="6" name="ilCapo6" chips="565" dealer="0" win="0" bet="20" muck="1" rebuy="0" addon="0" merge="0" rebuychips="0" reg_code="5079633927"/>
</players>
</general>
<round no="0"><action no="1" player="ilCapo6" type="15" discard="1" dealt="1" sum="5"/>
<action no="2" player="KOPKHUNKRAP" type="15" sum="5"/>
<action no="3" player="Exivezzz2323" type="15" discard="1" dealt="1" sum="5"/>
<action no="4" player="ilCapo6" type="1" discard="1" dealt="1" sum="15"/>
<action no="5" player="KOPKHUNKRAP" type="2" sum="30"/>
</round>
<round no="1"><cards type="Pocket" player="KOPKHUNKRAP">C4 D6</cards>
<cards type="Pocket" player="Exivezzz2323">X X</cards>
<cards type="Pocket" player="ilCapo6">X X</cards>
<action no="6" player="Exivezzz2323" type="23" discard="1" dealt="1" sum="60"/>
<action no="7" player="ilCapo6" type="0" discard="1" dealt="1" sum="0"/>
<action no="8" player="KOPKHUNKRAP" type="0" sum="0"/>
</round>
</game>
<game gamecode="6555769320"><general>
<startdate>2025-12-11 18:23:30</startdate>
<round>1</round>
<failsafecounter/>
<players><player seat="3" name="Exivezzz2323" chips="575" dealer="0" win="45" bet="35" muck="1" rebuy="0" addon="0" merge="0" rebuychips="0" reg_code="5079633561"/>
<player seat="6" name="ilCapo6" chips="545" dealer="1" win="0" bet="5" muck="1" rebuy="0" addon="0" merge="0" rebuychips="0" reg_code="5079633927"/>
<player seat="10" name="KOPKHUNKRAP" chips="380" dealer="0" win="0" bet="20" muck="1" rebuy="0" addon="0" merge="0" rebuychips="0" reg_code="5079634175"/>
</players>
</general>
<round no="0"><action no="1" player="KOPKHUNKRAP" type="15" sum="5"/>
<action no="2" player="Exivezzz2323" type="15" discard="1" dealt="1" sum="5"/>
<action no="3" player="ilCapo6" type="15" discard="1" dealt="1" sum="5"/>
<action no="4" player="KOPKHUNKRAP" type="1" sum="15"/>
<action no="5" player="Exivezzz2323" type="2" discard="1" dealt="1" sum="30"/>
</round>
<round no="1"><cards type="Pocket" player="Exivezzz2323">X X</cards>
<cards type="Pocket" player="ilCapo6">X X</cards>
<cards type="Pocket" player="KOPKHUNKRAP">H4 S7</cards>
<action no="6" player="ilCapo6" type="0" discard="1" dealt="1" sum="0"/>
<action no="7" player="KOPKHUNKRAP" type="0" sum="0"/>
</round>
</game>
<game gamecode="6555769455"><general>
<startdate>2025-12-11 18:23:51</startdate>
<round>1</round>
<failsafecounter/>
<players><player seat="6" name="ilCapo6" chips="540" dealer="0" win="0" bet="35" muck="1" rebuy="0" addon="0" merge="0" rebuychips="0" reg_code="5079633927"/>
<player seat="10" name="KOPKHUNKRAP" chips="360" dealer="1" win="90" bet="360" muck="1" rebuy="0" addon="0" merge="0" rebuychips="0" reg_code="5079634175"/>
<player seat="3" name="Exivezzz2323" chips="600" dealer="0" win="0" bet="20" muck="1" rebuy="0" addon="0" merge="0" rebuychips="0" reg_code="5079633561"/>
</players>
</general>
<round no="0"><action no="1" player="Exivezzz2323" type="15" discard="1" dealt="1" sum="5"/>
<action no="2" player="ilCapo6" type="15" discard="1" dealt="1" sum="5"/>
<action no="3" player="KOPKHUNKRAP" type="15" sum="5"/>
<action no="4" player="Exivezzz2323" type="1" discard="1" dealt="1" sum="15"/>
<action no="5" player="ilCapo6" type="2" discard="1" dealt="1" sum="30"/>
</round>
<round no="1"><cards type="Pocket" player="Exivezzz2323">X X</cards>
<cards type="Pocket" player="ilCapo6">X X</cards>
<cards type="Pocket" player="KOPKHUNKRAP">D3 C3</cards>
<action no="6" player="KOPKHUNKRAP" type="23" sum="355"/>
<action no="7" player="Exivezzz2323" type="0" discard="1" dealt="1" sum="0"/>
<action no="8" player="ilCapo6" type="0" discard="1" dealt="1" sum="0"/>
</round>
</game>
<game gamecode="6555769560"><general>
<startdate>2025-12-11 18:24:09</startdate>
<round>1</round>
<failsafecounter/>
<players><player seat="10" name="KOPKHUNKRAP" chips="415" dealer="0" win="0" bet="45" muck="1" rebuy="0" addon="0" merge="0" rebuychips="0" reg_code="5079634175"/>
<player seat="3" name="Exivezzz2323" chips="580" dealer="1" win="115" bet="580" muck="1" rebuy="0" addon="0" merge="0" rebuychips="0" reg_code="5079633561"/>
<player seat="6" name="ilCapo6" chips="505" dealer="0" win="0" bet="25" muck="1" rebuy="0" addon="0" merge="0" rebuychips="0" reg_code="5079633927"/>
</players>
</general>
<round no="0"><action no="1" player="ilCapo6" type="15" discard="1" dealt="1" sum="5"/>
<action no="2" player="KOPKHUNKRAP" type="15" sum="5"/>
<action no="3" player="Exivezzz2323" type="15" discard="1" dealt="1" sum="5"/>
<action no="4" player="ilCapo6" type="1" discard="1" dealt="1" sum="20"/>
<action no="5" player="KOPKHUNKRAP" type="2" sum="40"/>
</round>
<round no="1"><cards type="Pocket" player="ilCapo6">X X</cards>
<cards type="Pocket" player="KOPKHUNKRAP">D4 C2</cards>
<cards type="Pocket" player="Exivezzz2323">X X</cards>
<action no="6" player="Exivezzz2323" type="23" discard="1" dealt="1" sum="575"/>
<action no="7" player="ilCapo6" type="0" discard="1" dealt="1" sum="0"/>
<action no="8" player="KOPKHUNKRAP" type="0" sum="0"/>
</round>
</game>
<game gamecode="6555769632"><general>
<startdate>2025-12-11 18:24:22</startdate>
<round>1</round>
<failsafecounter/>
<players><player seat="3" name="Exivezzz2323" chips="650" dealer="0" win="745" bet="370" muck="0" rebuy="0" addon="0" merge="0" rebuychips="0" reg_code="5079633561"/>
<player seat="6" name="ilCapo6" chips="480" dealer="1" win="0" bet="5" muck="1" rebuy="0" addon="0" merge="0" rebuychips="0" reg_code="5079633927"/>
<player seat="10" name="KOPKHUNKRAP" chips="370" dealer="0" win="0" bet="370" muck="0" rebuy="0" addon="0" merge="0" rebuychips="0" reg_code="5079634175"/>
</players>
</general>
<round no="0"><action no="1" player="KOPKHUNKRAP" type="15" sum="5"/>
<action no="2" player="Exivezzz2323" type="15" discard="1" dealt="1" sum="5"/>
<action no="3" player="ilCapo6" type="15" discard="1" dealt="1" sum="5"/>
<action no="4" player="KOPKHUNKRAP" type="1" sum="20"/>
<action no="5" player="Exivezzz2323" type="2" discard="1" dealt="1" sum="40"/>
</round>
<round no="1"><cards type="Pocket" player="Exivezzz2323">CA S5</cards>
<cards type="Pocket" player="ilCapo6">X X</cards>
<cards type="Pocket" player="KOPKHUNKRAP">H9 H5</cards>
<action no="6" player="ilCapo6" type="0" discard="1" dealt="1" sum="0"/>
<action no="7" player="KOPKHUNKRAP" type="23" sum="365"/>
<action no="8" player="Exivezzz2323" type="3" discard="1" dealt="1" sum="325"/>
</round>
<round no="2"><cards type="Flop">S2 C3 S10</cards>
</round>
<round no="3"><cards type="Turn">SK</cards>
</round>
<round no="4"><cards type="River">C2</cards>
</round>
</game>
</session>
