<?xml version="1.0" encoding="UTF-8"?>
<session sessioncode="5079141673">
<general>
<client_version>25.7.1.34</client_version>
<mode>real</mode>
<gametype>Holdem NL</gametype>
<tablename>Twister €200 SNG, 823414021</tablename>
<tournamentcode>823414020</tournamentcode>
<tournamentname>Twister €200 SNG</tournamentname>
<buyin>€0 + €12 + €188</buyin>
<totalbuyin>€200</totalbuyin>
<rewarddrawn>€800</rewarddrawn>
<tournamentcurrency>EUR</tournamentcurrency>
<currency>EUR</currency>
<nickname>KOPKHUNKRAP</nickname>
<gamecount>10</gamecount>
<startdate>2025-12-09 21:43:50</startdate>
<place>3</place>
<win>€0</win>
<tablesize>3</tablesize>
</general>
<game gamecode="6553993463"><general>
<startdate>2025-12-09 21:44:06</startdate>
<round>1</round>
<failsafecounter/>
<players><player seat="10" name="elidodo23" chips="500" dealer="0" win="40" bet="60" muck="1" rebuy="0" addon="0" merge="0" rebuychips="0" reg_code="5079145927"/>
<player seat="3" name="OFiorbe" chips="500" dealer="1" win="0" bet="0" muck="1" rebuy="0" addon="0" merge="0" rebuychips="0" reg_code="5079135005"/>
<player seat="6" name="KOPKHUNKRAP" chips="500" dealer="0" win="0" bet="20" muck="1" rebuy="0" addon="0" merge="0" rebuychips="0" reg_code="5079141673"/>
</players>
</general>
<round no="0"><action no="1" player="KOPKHUNKRAP" type="1" sum="10"/>
<action no="2" player="elidodo23" type="2" discard="1" dealt="1" sum="20"/>
</round>
<round no="1"><cards type="Pocket" player="KOPKHUNKRAP">C6 S9</cards>
<cards type="Pocket" player="elidodo23">X X</cards>
<cards type="Pocket" player="OFiorbe">X X</cards>
<action no="3" player="OFiorbe" type="0" discard="1" dealt="1" sum="0"/>
<action no="4" player="KOPKHUNKRAP" type="3" sum="10"/>
<action no="5" player="elidodo23" type="23" discard="1" dealt="1" sum="60"/>
<action no="6" player="KOPKHUNKRAP" type="0" sum="0"/>
</round>
</game>
<game gamecode="6553993512"><general>
<startdate>2025-12-09 21:44:22</startdate>
<round>1</round>
<failsafecounter/>
<players><player seat="3" name="OFiorbe" chips="500" dealer="0" win="610" bet="500" muck="1" rebuy="0" addon="0" merge="0" rebuychips="0" reg_code="5079135005"/>
<player seat="6" name="KOPKHUNKRAP" chips="480" dealer="1" win="0" bet="0" muck="1" rebuy="0" addon="0" merge="0" rebuychips="0" reg_code="5079141673"/>
<player seat="10" name="elidodo23" chips="520" dealer="0" win="0" bet="305" muck="1" rebuy="0" addon="0" merge="0" rebuychips="0" reg_code="5079145927"/>
</players>
</general>
<round no="0"><action no="1" player="elidodo23" type="1" discard="1" dealt="1" sum="10"/>
<action no="2" player="OFiorbe" type="2" discard="1" dealt="1" sum="20"/>
</round>
<round no="1"><cards type="Pocket" player="elidodo23">X X</cards>
<cards type="Pocket" player="OFiorbe">X X</cards>
<cards type="Pocket" player="KOPKHUNKRAP">H7 D2</cards>
<action no="3" player="KOPKHUNKRAP" type="0" sum="0"/>
<action no="4" player="elidodo23" type="3" discard="1" dealt="1" sum="10"/>
<action no="5" player="OFiorbe" type="23" discard="1" dealt="1" sum="60"/>
<action no="6" player="elidodo23" type="3" discard="1" dealt="1" sum="40"/>
</round>
<round no="2"><cards type="Flop">CA H8 H3</cards>
<action no="7" player="elidodo23" type="4" discard="1" dealt="1" sum="0"/>
<action no="8" player="OFiorbe" type="5" discard="1" dealt="1" sum="30"/>
<action no="9" player="elidodo23" type="3" discard="1" dealt="1" sum="30"/>
</round>
<round no="3"><cards type="Turn">C5</cards>
<action no="10" player="elidodo23" type="4" discard="1" dealt="1" sum="0"/>
<action no="11" player="OFiorbe" type="5" discard="1" dealt="1" sum="135"/>
<action no="12" player="elidodo23" type="3" discard="1" dealt="1" sum="135"/>
</round>
<round no="4"><cards type="River">CK</cards>
<action no="13" player="elidodo23" type="5" discard="1" dealt="1" sum="80"/>
<action no="14" player="OFiorbe" type="23" discard="1" dealt="1" sum="275"/>
<action no="15" player="elidodo23" type="0" discard="1" dealt="1" sum="0"/>
</round>
</game>
<game gamecode="6554002195"><general>
<startdate>2025-12-09 21:45:12</startdate>
<round>1</round>
<failsafecounter/>
<players><player seat="6" name="KOPKHUNKRAP" chips="480" dealer="0" win="0" bet="20" muck="1" rebuy="0" addon="0" merge="0" rebuychips="0" reg_code="5079141673"/>
<player seat="10" name="elidodo23" chips="215" dealer="1" win="50" bet="215" muck="1" rebuy="0" addon="0" merge="0" rebuychips="0" reg_code="5079145927"/>
<player seat="3" name="OFiorbe" chips="805" dealer="0" win="0" bet="10" muck="1" rebuy="0" addon="0" merge="0" rebuychips="0" reg_code="5079135005"/>
</players>
</general>
<round no="0"><action no="1" player="OFiorbe" type="1" discard="1" dealt="1" sum="10"/>
<action no="2" player="KOPKHUNKRAP" type="2" sum="20"/>
</round>
<round no="1"><cards type="Pocket" player="elidodo23">X X</cards>
<cards type="Pocket" player="KOPKHUNKRAP">C9 C7</cards>
<cards type="Pocket" player="OFiorbe">X X</cards>
<action no="3" player="elidodo23" type="23" discard="1" dealt="1" sum="215"/>
<action no="4" player="OFiorbe" type="0" discard="1" dealt="1" sum="0"/>
<action no="5" player="KOPKHUNKRAP" type="0" sum="0"/>
</round>
</game>
<game gamecode="6554002228"><general>
<startdate>2025-12-09 21:45:23</startdate>
<round>1</round>
<failsafecounter/>
<players><player seat="10" name="elidodo23" chips="245" dealer="0" win="40" bet="60" muck="1" rebuy="0" addon="0" merge="0" rebuychips="0" reg_code="5079145927"/>
<player seat="3" name="OFiorbe" chips="795" dealer="1" win="0" bet="0" muck="1" rebuy="0" addon="0" merge="0" rebuychips="0" reg_code="5079135005"/>
<player seat="6" name="KOPKHUNKRAP" chips="460" dealer="0" win="0" bet="20" muck="1" rebuy="0" addon="0" merge="0" rebuychips="0" reg_code="5079141673"/>
</players>
</general>
<round no="0"><action no="1" player="KOPKHUNKRAP" type="1" sum="10"/>
<action no="2" player="elidodo23" type="2" discard="1" dealt="1" sum="20"/>
</round>
<round no="1"><cards type="Pocket" player="OFiorbe">X X</cards>
<cards type="Pocket" player="elidodo23">X X</cards>
<cards type="Pocket" player="KOPKHUNKRAP">H7 D6</cards>
<action no="3" player="OFiorbe" type="0" discard="1" dealt="1" sum="0"/>
<action no="4" player="KOPKHUNKRAP" type="3" sum="10"/>
<action no="5" player="elidodo23" type="23" discard="1" dealt="1" sum="60"/>
<action no="6" player="KOPKHUNKRAP" type="0" sum="0"/>
</round>
</game>
<game gamecode="6554002252"><general>
<startdate>2025-12-09 21:45:36</startdate>
<round>1</round>
<failsafecounter/>
<players><player seat="3" name="OFiorbe" chips="795" dealer="0" win="40" bet="795" muck="1" rebuy="0" addon="0" merge="0" rebuychips="0" reg_code="5079135005"/>
<player seat="6" name="KOPKHUNKRAP" chips="440" dealer="1" win="0" bet="0" muck="1" rebuy="0" addon="0" merge="0" rebuychips="0" reg_code="5079141673"/>
<player seat="10" name="elidodo23" chips="265" dealer="0" win="0" bet="20" muck="1" rebuy="0" addon="0" merge="0" rebuychips="0" reg_code="5079145927"/>
</players>
</general>
<round no="0"><action no="1" player="elidodo23" type="1" discard="1" dealt="1" sum="10"/>
<action no="2" player="OFiorbe" type="2" discard="1" dealt="1" sum="20"/>
</round>
<round no="1"><cards type="Pocket" player="OFiorbe">X X</cards>
<cards type="Pocket" player="KOPKHUNKRAP">D3 H6</cards>
<cards type="Pocket" player="elidodo23">X X</cards>
<action no="3" player="KOPKHUNKRAP" type="0" sum="0"/>
<action no="4" player="elidodo23" type="3" discard="1" dealt="1" sum="10"/>
<action no="5" player="OFiorbe" type="23" discard="1" dealt="1" sum="795"/>
<action no="6" player="elidodo23" type="0" discard="1" dealt="1" sum="0"/>
</round>
</game>
<game gamecode="6554002284"><general>
<startdate>2025-12-09 21:45:46</startdate>
<round>1</round>
<failsafecounter/>
<players><player seat="6" name="KOPKHUNKRAP" chips="440" dealer="0" win="0" bet="20" muck="1" rebuy="0" addon="0" merge="0" rebuychips="0" reg_code="5079141673"/>
<player seat="10" name="elidodo23" chips="245" dealer="1" win="0" bet="20" muck="1" rebuy="0" addon="0" merge="0" rebuychips="0" reg_code="5079145927"/>
<player seat="3" name="OFiorbe" chips="815" dealer="0" win="60" bet="50" muck="1" rebuy="0" addon="0" merge="0" rebuychips="0" reg_code="5079135005"/>
</players>
</general>
<round no="0"><action no="1" player="OFiorbe" type="1" discard="1" dealt="1" sum="10"/>
<action no="2" player="KOPKHUNKRAP" type="2" sum="20"/>
</round>
<round no="1"><cards type="Pocket" player="OFiorbe">X X</cards>
<cards type="Pocket" player="KOPKHUNKRAP">C7 C2</cards>
<cards type="Pocket" player="elidodo23">X X</cards>
<action no="3" player="elidodo23" type="3" discard="1" dealt="1" sum="20"/>
<action no="4" player="OFiorbe" type="3" discard="1" dealt="1" sum="10"/>
<action no="5" player="KOPKHUNKRAP" type="4" sum="0"/>
</round>
<round no="2"><cards type="Flop">SJ CK SA</cards>
<action no="6" player="OFiorbe" type="5" discard="1" dealt="1" sum="30"/>
<action no="7" player="KOPKHUNKRAP" type="0" sum="0"/>
<action no="8" player="elidodo23" type="0" discard="1" dealt="1" sum="0"/>
</round>
</game>
<game gamecode="6554002370"><general>
<startdate>2025-12-09 21:46:14</startdate>
<round>1</round>
<failsafecounter/>
<players><player seat="10" name="elidodo23" chips="225" dealer="0" win="45" bet="35" muck="1" rebuy="0" addon="0" merge="0" rebuychips="0" reg_code="5079145927"/>
<player seat="3" name="OFiorbe" chips="855" dealer="1" win="0" bet="5" muck="1" rebuy="0" addon="0" merge="0" rebuychips="0" reg_code="5079135005"/>
<player seat="6" name="KOPKHUNKRAP" chips="420" dealer="0" win="0" bet="20" muck="1" rebuy="0" addon="0" merge="0" rebuychips="0" reg_code="5079141673"/>
</players>
</general>
<round no="0"><action no="1" player="KOPKHUNKRAP" type="15" sum="5"/>
<action no="2" player="elidodo23" type="15" discard="1" dealt="1" sum="5"/>
<action no="3" player="OFiorbe" type="15" discard="1" dealt="1" sum="5"/>
<action no="4" player="KOPKHUNKRAP" type="1" sum="15"/>
<action no="5" player="elidodo23" type="2" discard="1" dealt="1" sum="30"/>
</round>
<round no="1"><cards type="Pocket" player="KOPKHUNKRAP">D4 H7</cards>
<cards type="Pocket" player="elidodo23">X X</cards>
<cards type="Pocket" player="OFiorbe">X X</cards>
<action no="6" player="OFiorbe" type="0" discard="1" dealt="1" sum="0"/>
<action no="7" player="KOPKHUNKRAP" type="0" sum="0"/>
</round>
</game>
<game gamecode="6554002394"><general>
<startdate>2025-12-09 21:46:25</startdate>
<round>1</round>
<failsafecounter/>
<players><player seat="3" name="OFiorbe" chips="850" dealer="0" win="0" bet="35" muck="1" rebuy="0" addon="0" merge="0" rebuychips="0" reg_code="5079135005"/>
<player seat="6" name="KOPKHUNKRAP" chips="400" dealer="1" win="0" bet="5" muck="1" rebuy="0" addon="0" merge="0" rebuychips="0" reg_code="5079141673"/>
<player seat="10" name="elidodo23" chips="250" dealer="0" win="75" bet="65" muck="1" rebuy="0" addon="0" merge="0" rebuychips="0" reg_code="5079145927"/>
</players>
</general>
<round no="0"><action no="1" player="elidodo23" type="15" discard="1" dealt="1" sum="5"/>
<action no="2" player="OFiorbe" type="15" discard="1" dealt="1" sum="5"/>
<action no="3" player="KOPKHUNKRAP" type="15" sum="5"/>
<action no="4" player="elidodo23" type="1" discard="1" dealt="1" sum="15"/>
<action no="5" player="OFiorbe" type="2" discard="1" dealt="1" sum="30"/>
</round>
<round no="1"><cards type="Pocket" player="KOPKHUNKRAP">H4 S8</cards>
<cards type="Pocket" player="elidodo23">X X</cards>
<cards type="Pocket" player="OFiorbe">X X</cards>
<action no="6" player="KOPKHUNKRAP" type="0" sum="0"/>
<action no="7" player="elidodo23" type="3" discard="1" dealt="1" sum="15"/>
<action no="8" player="OFiorbe" type="4" discard="1" dealt="1" sum="0"/>
</round>
<round no="2"><cards type="Flop">CA S3 H2</cards>
<action no="9" player="elidodo23" type="4" discard="1" dealt="1" sum="0"/>
<action no="10" player="OFiorbe" type="4" discard="1" dealt="1" sum="0"/>
</round>
<round no="3"><cards type="Turn">DQ</cards>
<action no="11" player="elidodo23" type="5" discard="1" dealt="1" sum="30"/>
<action no="12" player="OFiorbe" type="0" discard="1" dealt="1" sum="0"/>
</round>
</game>
<game gamecode="6554002460"><general>
<startdate>2025-12-09 21:46:46</startdate>
<round>1</round>
<failsafecounter/>
<players><player seat="6" name="KOPKHUNKRAP" chips="395" dealer="0" win="0" bet="35" muck="1" rebuy="0" addon="0" merge="0" rebuychips="0" reg_code="5079141673"/>
<player seat="10" name="elidodo23" chips="290" dealer="1" win="90" bet="80" muck="1" rebuy="0" addon="0" merge="0" rebuychips="0" reg_code="5079145927"/>
<player seat="3" name="OFiorbe" chips="815" dealer="0" win="0" bet="20" muck="1" rebuy="0" addon="0" merge="0" rebuychips="0" reg_code="5079135005"/>
</players>
</general>
<round no="0"><action no="1" player="OFiorbe" type="15" discard="1" dealt="1" sum="5"/>
<action no="2" player="KOPKHUNKRAP" type="15" sum="5"/>
<action no="3" player="elidodo23" type="15" discard="1" dealt="1" sum="5"/>
<action no="4" player="OFiorbe" type="1" discard="1" dealt="1" sum="15"/>
<action no="5" player="KOPKHUNKRAP" type="2" sum="30"/>
</round>
<round no="1"><cards type="Pocket" player="KOPKHUNKRAP">HK C2</cards>
<cards type="Pocket" player="OFiorbe">X X</cards>
<cards type="Pocket" player="elidodo23">X X</cards>
<action no="6" player="elidodo23" type="3" discard="1" dealt="1" sum="30"/>
<action no="7" player="OFiorbe" type="0" discard="1" dealt="1" sum="0"/>
<action no="8" player="KOPKHUNKRAP" type="4" sum="0"/>
</round>
<round no="2"><cards type="Flop">D4 S8 D2</cards>
<action no="9" player="KOPKHUNKRAP" type="4" sum="0"/>
<action no="10" player="elidodo23" type="4" discard="1" dealt="1" sum="0"/>
</round>
<round no="3"><cards type="Turn">C3</cards>
<action no="11" player="KOPKHUNKRAP" type="4" sum="0"/>
<action no="12" player="elidodo23" type="5" discard="1" dealt="1" sum="45"/>
<action no="13" player="KOPKHUNKRAP" type="0" sum="0"/>
</round>
</game>
<game gamecode="6554002528"><general>
<startdate>2025-12-09 21:47:17</startdate>
<round>1</round>
<failsafecounter/>
<players><player seat="10" name="elidodo23" chips="345" dealer="0" win="0" bet="35" muck="1" rebuy="0" addon="0" merge="0" rebuychips="0" reg_code="5079145927"/>
<player seat="3" name="OFiorbe" chips="795" dealer="1" win="755" bet="795" muck="0" rebuy="0" addon="0" merge="0" rebuychips="0" reg_code="5079135005"/>
<player seat="6" name="KOPKHUNKRAP" chips="360" dealer="0" win="0" bet="360" muck="1" rebuy="0" addon="0" merge="0" rebuychips="0" reg_code="5079141673"/>
</players>
</general>
<round no="0"><action no="1" player="KOPKHUNKRAP" type="15" sum="5"/>
<action no="2" player="elidodo23" type="15" discard="1" dealt="1" sum="5"/>
<action no="3" player="OFiorbe" type="15" discard="1" dealt="1" sum="5"/>
<action no="4" player="KOPKHUNKRAP" type="1" sum="15"/>
<action no="5" player="elidodo23" type="2" discard="1" dealt="1" sum="30"/>
</round>
<round no="1"><cards type="Pocket" player="OFiorbe">HK SQ</cards>
<cards type="Pocket" player="KOPKHUNKRAP">D10 CA</cards>
<cards type="Pocket" player="elidodo23">X X</cards>
<action no="6" player="OFiorbe" type="23" discard="1" dealt="1" sum="790"/>
<action no="7" player="KOPKHUNKRAP" type="7" sum="340"/>
<action no="8" player="elidodo23" type="0" discard="1" dealt="1" sum="0"/>
</round>
<round no="2"><cards type="Flop">C7 SK DK</cards>
</round>
<round no="3"><cards type="Turn">C5</cards>
</round>
<round no="4"><cards type="River">C6</cards>
</round>
</game>
</session>
