<?xml version="1.0" encoding="UTF-8"?>
<session sessioncode="5079218195">
<general>
<client_version>25.7.1.34</client_version>
<mode>real</mode>
<gametype>Holdem NL</gametype>
<tablename>Twister €200 SNG, 823442106</tablename>
<tournamentcode>823442105</tournamentcode>
<tournamentname>Twister €200 SNG</tournamentname>
<buyin>€0 + €12 + €188</buyin>
<totalbuyin>€200</totalbuyin>
<rewarddrawn>€400</rewarddrawn>
<tournamentcurrency>EUR</tournamentcurrency>
<currency>EUR</currency>
<nickname>KOPKHUNKRAP</nickname>
<gamecount>21</gamecount>
<startdate>2025-12-10 01:36:37</startdate>
<place>2</place>
<win>€0</win>
<tablesize>3</tablesize>
</general>
<game gamecode="6554273872"><general>
<startdate>2025-12-10 01:36:53</startdate>
<round>1</round>
<failsafecounter/>
<players><player seat="6" name="Svlupen941" chips="500" dealer="0" win="80" bet="120" muck="1" rebuy="0" addon="0" merge="0" rebuychips="0" reg_code="5079218171"/>
<player seat="10" name="KOPKHUNKRAP" chips="500" dealer="1" win="0" bet="0" muck="1" rebuy="0" addon="0" merge="0" rebuychips="0" reg_code="5079218195"/>
<player seat="3" name="Thechosenoonee" chips="500" dealer="0" win="0" bet="40" muck="1" rebuy="0" addon="0" merge="0" rebuychips="0" reg_code="5079217616"/>
</players>
</general>
<round no="0"><action no="1" player="Thechosenoonee" type="1" discard="1" dealt="1" sum="10"/>
<action no="2" player="Svlupen941" type="2" discard="1" dealt="1" sum="20"/>
</round>
<round no="1"><cards type="Pocket" player="Thechosenoonee">X X</cards>
<cards type="Pocket" player="KOPKHUNKRAP">C3 C10</cards>
<cards type="Pocket" player="Svlupen941">X X</cards>
<action no="3" player="KOPKHUNKRAP" type="0" sum="0"/>
<action no="4" player="Thechosenoonee" type="3" discard="1" dealt="1" sum="10"/>
<action no="5" player="Svlupen941" type="4" discard="1" dealt="1" sum="0"/>
</round>
<round no="2"><cards type="Flop">H2 CQ CA</cards>
<action no="6" player="Thechosenoonee" type="5" discard="1" dealt="1" sum="20"/>
<action no="7" player="Svlupen941" type="3" discard="1" dealt="1" sum="20"/>
</round>
<round no="3"><cards type="Turn">SK</cards>
<action no="8" player="Thechosenoonee" type="4" discard="1" dealt="1" sum="0"/>
<action no="9" player="Svlupen941" type="4" discard="1" dealt="1" sum="0"/>
</round>
<round no="4"><cards type="River">C8</cards>
<action no="10" player="Thechosenoonee" type="4" discard="1" dealt="1" sum="0"/>
<action no="11" player="Svlupen941" type="5" discard="1" dealt="1" sum="80"/>
<action no="12" player="Thechosenoonee" type="0" discard="1" dealt="1" sum="0"/>
</round>
</game>
<game gamecode="6554274004"><general>
<startdate>2025-12-10 01:37:23</startdate>
<round>1</round>
<failsafecounter/>
<players><player seat="10" name="KOPKHUNKRAP" chips="500" dealer="0" win="100" bet="110" muck="1" rebuy="0" addon="0" merge="0" rebuychips="0" reg_code="5079218195"/>
<player seat="3" name="Thechosenoonee" chips="460" dealer="1" win="0" bet="0" muck="1" rebuy="0" addon="0" merge="0" rebuychips="0" reg_code="5079217616"/>
<player seat="6" name="Svlupen941" chips="540" dealer="0" win="0" bet="50" muck="1" rebuy="0" addon="0" merge="0" rebuychips="0" reg_code="5079218171"/>
</players>
</general>
<round no="0"><action no="1" player="Svlupen941" type="1" discard="1" dealt="1" sum="10"/>
<action no="2" player="KOPKHUNKRAP" type="2" sum="20"/>
</round>
<round no="1"><cards type="Pocket" player="KOPKHUNKRAP">C4 C9</cards>
<cards type="Pocket" player="Thechosenoonee">X X</cards>
<cards type="Pocket" player="Svlupen941">X X</cards>
<action no="3" player="Thechosenoonee" type="0" discard="1" dealt="1" sum="0"/>
<action no="4" player="Svlupen941" type="23" discard="1" dealt="1" sum="50"/>
<action no="5" player="KOPKHUNKRAP" type="3" sum="30"/>
</round>
<round no="2"><cards type="Flop">S5 D6 HJ</cards>
<action no="6" player="Svlupen941" type="4" discard="1" dealt="1" sum="0"/>
<action no="7" player="KOPKHUNKRAP" type="4" sum="0"/>
</round>
<round no="3"><cards type="Turn">H7</cards>
<action no="8" player="Svlupen941" type="4" discard="1" dealt="1" sum="0"/>
<action no="9" player="KOPKHUNKRAP" type="5" sum="60"/>
<action no="10" player="Svlupen941" type="0" discard="1" dealt="1" sum="0"/>
</round>
</game>
<game gamecode="6554274182"><general>
<startdate>2025-12-10 01:38:11</startdate>
<round>1</round>
<failsafecounter/>
<players><player seat="3" name="Thechosenoonee" chips="460" dealer="0" win="0" bet="20" muck="1" rebuy="0" addon="0" merge="0" rebuychips="0" reg_code="5079217616"/>
<player seat="6" name="Svlupen941" chips="490" dealer="1" win="0" bet="0" muck="1" rebuy="0" addon="0" merge="0" rebuychips="0" reg_code="5079218171"/>
<player seat="10" name="KOPKHUNKRAP" chips="550" dealer="0" win="40" bet="50" muck="1" rebuy="0" addon="0" merge="0" rebuychips="0" reg_code="5079218195"/>
</players>
</general>
<round no="0"><action no="1" player="KOPKHUNKRAP" type="1" sum="10"/>
<action no="2" player="Thechosenoonee" type="2" discard="1" dealt="1" sum="20"/>
</round>
<round no="1"><cards type="Pocket" player="Thechosenoonee">X X</cards>
<cards type="Pocket" player="KOPKHUNKRAP">DQ C8</cards>
<cards type="Pocket" player="Svlupen941">X X</cards>
<action no="3" player="Svlupen941" type="0" discard="1" dealt="1" sum="0"/>
<action no="4" player="KOPKHUNKRAP" type="23" sum="50"/>
<action no="5" player="Thechosenoonee" type="0" discard="1" dealt="1" sum="0"/>
</round>
</game>
<game gamecode="6554274227"><general>
<startdate>2025-12-10 01:38:24</startdate>
<round>1</round>
<failsafecounter/>
<players><player seat="6" name="Svlupen941" chips="490" dealer="0" win="100" bet="120" muck="1" rebuy="0" addon="0" merge="0" rebuychips="0" reg_code="5079218171"/>
<player seat="10" name="KOPKHUNKRAP" chips="570" dealer="1" win="0" bet="0" muck="1" rebuy="0" addon="0" merge="0" rebuychips="0" reg_code="5079218195"/>
<player seat="3" name="Thechosenoonee" chips="440" dealer="0" win="0" bet="50" muck="1" rebuy="0" addon="0" merge="0" rebuychips="0" reg_code="5079217616"/>
</players>
</general>
<round no="0"><action no="1" player="Thechosenoonee" type="1" discard="1" dealt="1" sum="10"/>
<action no="2" player="Svlupen941" type="2" discard="1" dealt="1" sum="20"/>
</round>
<round no="1"><cards type="Pocket" player="Svlupen941">X X</cards>
<cards type="Pocket" player="KOPKHUNKRAP">D8 H3</cards>
<cards type="Pocket" player="Thechosenoonee">X X</cards>
<action no="3" player="KOPKHUNKRAP" type="0" sum="0"/>
<action no="4" player="Thechosenoonee" type="23" discard="1" dealt="1" sum="50"/>
<action no="5" player="Svlupen941" type="23" discard="1" dealt="1" sum="120"/>
<action no="6" player="Thechosenoonee" type="0" discard="1" dealt="1" sum="0"/>
</round>
</game>
<game gamecode="6554274305"><general>
<startdate>2025-12-10 01:38:47</startdate>
<round>1</round>
<failsafecounter/>
<players><player seat="10" name="KOPKHUNKRAP" chips="570" dealer="0" win="0" bet="35" muck="1" rebuy="0" addon="0" merge="0" rebuychips="0" reg_code="5079218195"/>
<player seat="3" name="Thechosenoonee" chips="390" dealer="1" win="90" bet="65" muck="1" rebuy="0" addon="0" merge="0" rebuychips="0" reg_code="5079217616"/>
<player seat="6" name="Svlupen941" chips="540" dealer="0" win="0" bet="20" muck="1" rebuy="0" addon="0" merge="0" rebuychips="0" reg_code="5079218171"/>
</players>
</general>
<round no="0"><action no="1" player="Svlupen941" type="15" discard="1" dealt="1" sum="5"/>
<action no="2" player="KOPKHUNKRAP" type="15" sum="5"/>
<action no="3" player="Thechosenoonee" type="15" discard="1" dealt="1" sum="5"/>
<action no="4" player="Svlupen941" type="1" discard="1" dealt="1" sum="15"/>
<action no="5" player="KOPKHUNKRAP" type="2" sum="30"/>
</round>
<round no="1"><cards type="Pocket" player="Thechosenoonee">X X</cards>
<cards type="Pocket" player="Svlupen941">X X</cards>
<cards type="Pocket" player="KOPKHUNKRAP">H6 DQ</cards>
<action no="6" player="Thechosenoonee" type="23" discard="1" dealt="1" sum="60"/>
<action no="7" player="Svlupen941" type="0" discard="1" dealt="1" sum="0"/>
<action no="8" player="KOPKHUNKRAP" type="0" sum="0"/>
</round>
</game>
<game gamecode="6554274412"><general>
<startdate>2025-12-10 01:39:14</startdate>
<round>1</round>
<failsafecounter/>
<players><player seat="3" name="Thechosenoonee" chips="445" dealer="0" win="910" bet="445" muck="0" rebuy="0" addon="0" merge="0" rebuychips="0" reg_code="5079217616"/>
<player seat="6" name="Svlupen941" chips="520" dealer="1" win="0" bet="520" muck="1" rebuy="0" addon="0" merge="0" rebuychips="0" reg_code="5079218171"/>
<player seat="10" name="KOPKHUNKRAP" chips="535" dealer="0" win="0" bet="20" muck="1" rebuy="0" addon="0" merge="0" rebuychips="0" reg_code="5079218195"/>
</players>
</general>
<round no="0"><action no="1" player="KOPKHUNKRAP" type="15" sum="5"/>
<action no="2" player="Thechosenoonee" type="15" discard="1" dealt="1" sum="5"/>
<action no="3" player="Svlupen941" type="15" discard="1" dealt="1" sum="5"/>
<action no="4" player="KOPKHUNKRAP" type="1" sum="15"/>
<action no="5" player="Thechosenoonee" type="2" discard="1" dealt="1" sum="30"/>
</round>
<round no="1"><cards type="Pocket" player="Svlupen941">SA S2</cards>
<cards type="Pocket" player="KOPKHUNKRAP">C2 H10</cards>
<cards type="Pocket" player="Thechosenoonee">DA S8</cards>
<action no="6" player="Svlupen941" type="23" discard="1" dealt="1" sum="515"/>
<action no="7" player="KOPKHUNKRAP" type="0" sum="0"/>
<action no="8" player="Thechosenoonee" type="7" discard="1" dealt="1" sum="410"/>
</round>
<round no="2"><cards type="Flop">D3 HJ S6</cards>
</round>
<round no="3"><cards type="Turn">C8</cards>
</round>
<round no="4"><cards type="River">SK</cards>
</round>
</game>
<game gamecode="6554274503"><general>
<startdate>2025-12-10 01:39:36</startdate>
<round>1</round>
<failsafecounter/>
<players><player seat="6" name="Svlupen941" chips="75" dealer="0" win="155" bet="75" muck="0" rebuy="0" addon="0" merge="0" rebuychips="0" reg_code="5079218171"/>
<player seat="10" name="KOPKHUNKRAP" chips="515" dealer="1" win="0" bet="5" muck="1" rebuy="0" addon="0" merge="0" rebuychips="0" reg_code="5079218195"/>
<player seat="3" name="Thechosenoonee" chips="910" dealer="0" win="0" bet="95" muck="0" rebuy="0" addon="0" merge="0" rebuychips="0" reg_code="5079217616"/>
</players>
</general>
<round no="0"><action no="1" player="Thechosenoonee" type="15" discard="1" dealt="1" sum="5"/>
<action no="2" player="Svlupen941" type="15" discard="1" dealt="1" sum="5"/>
<action no="3" player="KOPKHUNKRAP" type="15" sum="5"/>
<action no="4" player="Thechosenoonee" type="1" discard="1" dealt="1" sum="15"/>
<action no="5" player="Svlupen941" type="2" discard="1" dealt="1" sum="30"/>
</round>
<round no="1"><cards type="Pocket" player="KOPKHUNKRAP">C7 H3</cards>
<cards type="Pocket" player="Svlupen941">HK D8</cards>
<cards type="Pocket" player="Thechosenoonee">DK H7</cards>
<action no="6" player="KOPKHUNKRAP" type="0" sum="0"/>
<action no="7" player="Thechosenoonee" type="23" discard="1" dealt="1" sum="90"/>
<action no="8" player="Svlupen941" type="7" discard="1" dealt="1" sum="40"/>
</round>
<round no="2"><cards type="Flop">D9 D10 S4</cards>
</round>
<round no="3"><cards type="Turn">SK</cards>
</round>
<round no="4"><cards type="River">S8</cards>
</round>
</game>
<game gamecode="6554274564"><general>
<startdate>2025-12-10 01:39:54</startdate>
<round>1</round>
<failsafecounter/>
<players><player seat="10" name="KOPKHUNKRAP" chips="510" dealer="0" win="45" bet="35" muck="1" rebuy="0" addon="0" merge="0" rebuychips="0" reg_code="5079218195"/>
<player seat="3" name="Thechosenoonee" chips="835" dealer="1" win="0" bet="5" muck="1" rebuy="0" addon="0" merge="0" rebuychips="0" reg_code="5079217616"/>
<player seat="6" name="Svlupen941" chips="155" dealer="0" win="0" bet="20" muck="1" rebuy="0" addon="0" merge="0" rebuychips="0" reg_code="5079218171"/>
</players>
</general>
<round no="0"><action no="1" player="Svlupen941" type="15" discard="1" dealt="1" sum="5"/>
<action no="2" player="KOPKHUNKRAP" type="15" sum="5"/>
<action no="3" player="Thechosenoonee" type="15" discard="1" dealt="1" sum="5"/>
<action no="4" player="Svlupen941" type="1" discard="1" dealt="1" sum="15"/>
<action no="5" player="KOPKHUNKRAP" type="2" sum="30"/>
</round>
<round no="1"><cards type="Pocket" player="Svlupen941">X X</cards>
<cards type="Pocket" player="KOPKHUNKRAP">S9 C3</cards>
<cards type="Pocket" player="Thechosenoonee">X X</cards>
<action no="6" player="Thechosenoonee" type="0" discard="1" dealt="1" sum="0"/>
<action no="7" player="Svlupen941" type="0" discard="1" dealt="1" sum="0"/>
</round>
</game>
<game gamecode="6554274588"><general>
<startdate>2025-12-10 01:40:01</startdate>
<round>1</round>
<failsafecounter/>
<players><player seat="3" name="Thechosenoonee" chips="830" dealer="0" win="0" bet="135" muck="1" rebuy="0" addon="0" merge="0" rebuychips="0" reg_code="5079217616"/>
<player seat="6" name="Svlupen941" chips="135" dealer="1" win="290" bet="135" muck="0" rebuy="0" addon="0" merge="0" rebuychips="0" reg_code="5079218171"/>
<player seat="10" name="KOPKHUNKRAP" chips="535" dealer="0" win="0" bet="20" muck="1" rebuy="0" addon="0" merge="0" rebuychips="0" reg_code="5079218195"/>
</players>
</general>
<round no="0"><action no="1" player="KOPKHUNKRAP" type="15" sum="5"/>
<action no="2" player="Thechosenoonee" type="15" discard="1" dealt="1" sum="5"/>
<action no="3" player="Svlupen941" type="15" discard="1" dealt="1" sum="5"/>
<action no="4" player="KOPKHUNKRAP" type="1" sum="15"/>
<action no="5" player="Thechosenoonee" type="2" discard="1" dealt="1" sum="30"/>
</round>
<round no="1"><cards type="Pocket" player="Svlupen941">HA C10</cards>
<cards type="Pocket" player="Thechosenoonee">DQ SQ</cards>
<cards type="Pocket" player="KOPKHUNKRAP">D5 DK</cards>
<action no="6" player="Svlupen941" type="23" discard="1" dealt="1" sum="130"/>
<action no="7" player="KOPKHUNKRAP" type="0" sum="0"/>
<action no="8" player="Thechosenoonee" type="3" discard="1" dealt="1" sum="100"/>
</round>
<round no="2"><cards type="Flop">H4 CJ SA</cards>
</round>
<round no="3"><cards type="Turn">D7</cards>
</round>
<round no="4"><cards type="River">D9</cards>
</round>
</game>
<game gamecode="6554274688"><general>
<startdate>2025-12-10 01:40:26</startdate>
<round>1</round>
<failsafecounter/>
<players><player seat="6" name="Svlupen941" chips="290" dealer="0" win="55" bet="45" muck="1" rebuy="0" addon="0" merge="0" rebuychips="0" reg_code="5079218171"/>
<player seat="10" name="KOPKHUNKRAP" chips="515" dealer="1" win="0" bet="5" muck="1" rebuy="0" addon="0" merge="0" rebuychips="0" reg_code="5079218195"/>
<player seat="3" name="Thechosenoonee" chips="695" dealer="0" win="0" bet="25" muck="1" rebuy="0" addon="0" merge="0" rebuychips="0" reg_code="5079217616"/>
</players>
</general>
<round no="0"><action no="1" player="Thechosenoonee" type="15" discard="1" dealt="1" sum="5"/>
<action no="2" player="Svlupen941" type="15" discard="1" dealt="1" sum="5"/>
<action no="3" player="KOPKHUNKRAP" type="15" sum="5"/>
<action no="4" player="Thechosenoonee" type="1" discard="1" dealt="1" sum="20"/>
<action no="5" player="Svlupen941" type="2" discard="1" dealt="1" sum="40"/>
</round>
<round no="1"><cards type="Pocket" player="KOPKHUNKRAP">H6 DK</cards>
<cards type="Pocket" player="Svlupen941">X X</cards>
<cards type="Pocket" player="Thechosenoonee">X X</cards>
<action no="6" player="KOPKHUNKRAP" type="0" sum="0"/>
<action no="7" player="Thechosenoonee" type="0" discard="1" dealt="1" sum="0"/>
</round>
</game>
<game gamecode="6554274734"><general>
<startdate>2025-12-10 01:40:36</startdate>
<round>1</round>
<failsafecounter/>
<players><player seat="10" name="KOPKHUNKRAP" chips="510" dealer="0" win="55" bet="45" muck="1" rebuy="0" addon="0" merge="0" rebuychips="0" reg_code="5079218195"/>
<player seat="3" name="Thechosenoonee" chips="670" dealer="1" win="0" bet="5" muck="1" rebuy="0" addon="0" merge="0" rebuychips="0" reg_code="5079217616"/>
<player seat="6" name="Svlupen941" chips="320" dealer="0" win="0" bet="25" muck="1" rebuy="0" addon="0" merge="0" rebuychips="0" reg_code="5079218171"/>
</players>
</general>
<round no="0"><action no="1" player="Svlupen941" type="15" discard="1" dealt="1" sum="5"/>
<action no="2" player="KOPKHUNKRAP" type="15" sum="5"/>
<action no="3" player="Thechosenoonee" type="15" discard="1" dealt="1" sum="5"/>
<action no="4" player="Svlupen941" type="1" discard="1" dealt="1" sum="20"/>
<action no="5" player="KOPKHUNKRAP" type="2" sum="40"/>
</round>
<round no="1"><cards type="Pocket" player="KOPKHUNKRAP">D7 C9</cards>
<cards type="Pocket" player="Thechosenoonee">X X</cards>
<cards type="Pocket" player="Svlupen941">X X</cards>
<action no="6" player="Thechosenoonee" type="0" discard="1" dealt="1" sum="0"/>
<action no="7" player="Svlupen941" type="0" discard="1" dealt="1" sum="0"/>
</round>
</game>
<game gamecode="6554274767"><general>
<startdate>2025-12-10 01:40:46</startdate>
<round>1</round>
<failsafecounter/>
<players><player seat="3" name="Thechosenoonee" chips="665" dealer="0" win="0" bet="45" muck="1" rebuy="0" addon="0" merge="0" rebuychips="0" reg_code="5079217616"/>
<player seat="6" name="Svlupen941" chips="295" dealer="1" win="0" bet="5" muck="1" rebuy="0" addon="0" merge="0" rebuychips="0" reg_code="5079218171"/>
<player seat="10" name="KOPKHUNKRAP" chips="540" dealer="0" win="95" bet="540" muck="1" rebuy="0" addon="0" merge="0" rebuychips="0" reg_code="5079218195"/>
</players>
</general>
<round no="0"><action no="1" player="KOPKHUNKRAP" type="15" sum="5"/>
<action no="2" player="Thechosenoonee" type="15" discard="1" dealt="1" sum="5"/>
<action no="3" player="Svlupen941" type="15" discard="1" dealt="1" sum="5"/>
<action no="4" player="KOPKHUNKRAP" type="1" sum="20"/>
<action no="5" player="Thechosenoonee" type="2" discard="1" dealt="1" sum="40"/>
</round>
<round no="1"><cards type="Pocket" player="Svlupen941">X X</cards>
<cards type="Pocket" player="Thechosenoonee">X X</cards>
<cards type="Pocket" player="KOPKHUNKRAP">H4 CA</cards>
<action no="6" player="Svlupen941" type="0" discard="1" dealt="1" sum="0"/>
<action no="7" player="KOPKHUNKRAP" type="23" sum="535"/>
<action no="8" player="Thechosenoonee" type="0" discard="1" dealt="1" sum="0"/>
</round>
</game>
<game gamecode="6554274814"><general>
<startdate>2025-12-10 01:40:59</startdate>
<round>1</round>
<failsafecounter/>
<players><player seat="6" name="Svlupen941" chips="290" dealer="0" win="0" bet="45" muck="1" rebuy="0" addon="0" merge="0" rebuychips="0" reg_code="5079218171"/>
<player seat="10" name="KOPKHUNKRAP" chips="590" dealer="1" win="0" bet="5" muck="1" rebuy="0" addon="0" merge="0" rebuychips="0" reg_code="5079218195"/>
<player seat="3" name="Thechosenoonee" chips="620" dealer="0" win="95" bet="620" muck="1" rebuy="0" addon="0" merge="0" rebuychips="0" reg_code="5079217616"/>
</players>
</general>
<round no="0"><action no="1" player="Thechosenoonee" type="15" discard="1" dealt="1" sum="5"/>
<action no="2" player="Svlupen941" type="15" discard="1" dealt="1" sum="5"/>
<action no="3" player="KOPKHUNKRAP" type="15" sum="5"/>
<action no="4" player="Thechosenoonee" type="1" discard="1" dealt="1" sum="20"/>
<action no="5" player="Svlupen941" type="2" discard="1" dealt="1" sum="40"/>
</round>
<round no="1"><cards type="Pocket" player="Svlupen941">X X</cards>
<cards type="Pocket" player="Thechosenoonee">X X</cards>
<cards type="Pocket" player="KOPKHUNKRAP">DJ C8</cards>
<action no="6" player="KOPKHUNKRAP" type="0" sum="0"/>
<action no="7" player="Thechosenoonee" type="23" discard="1" dealt="1" sum="615"/>
<action no="8" player="Svlupen941" type="0" discard="1" dealt="1" sum="0"/>
</round>
</game>
<game gamecode="6554274858"><general>
<startdate>2025-12-10 01:41:10</startdate>
<round>1</round>
<failsafecounter/>
<players><player seat="10" name="KOPKHUNKRAP" chips="585" dealer="0" win="0" bet="45" muck="1" rebuy="0" addon="0" merge="0" rebuychips="0" reg_code="5079218195"/>
<player seat="3" name="Thechosenoonee" chips="670" dealer="1" win="0" bet="5" muck="1" rebuy="0" addon="0" merge="0" rebuychips="0" reg_code="5079217616"/>
<player seat="6" name="Svlupen941" chips="245" dealer="0" win="95" bet="245" muck="1" rebuy="0" addon="0" merge="0" rebuychips="0" reg_code="5079218171"/>
</players>
</general>
<round no="0"><action no="1" player="Svlupen941" type="15" discard="1" dealt="1" sum="5"/>
<action no="2" player="KOPKHUNKRAP" type="15" sum="5"/>
<action no="3" player="Thechosenoonee" type="15" discard="1" dealt="1" sum="5"/>
<action no="4" player="Svlupen941" type="1" discard="1" dealt="1" sum="20"/>
<action no="5" player="KOPKHUNKRAP" type="2" sum="40"/>
</round>
<round no="1"><cards type="Pocket" player="Svlupen941">X X</cards>
<cards type="Pocket" player="Thechosenoonee">X X</cards>
<cards type="Pocket" player="KOPKHUNKRAP">D3 H8</cards>
<action no="6" player="Thechosenoonee" type="0" discard="1" dealt="1" sum="0"/>
<action no="7" player="Svlupen941" type="23" discard="1" dealt="1" sum="240"/>
<action no="8" player="KOPKHUNKRAP" type="0" sum="0"/>
</round>
</game>
<game gamecode="6554274898"><general>
<startdate>2025-12-10 01:41:20</startdate>
<round>1</round>
<failsafecounter/>
<players><player seat="3" name="Thechosenoonee" chips="665" dealer="0" win="0" bet="45" muck="1" rebuy="0" addon="0" merge="0" rebuychips="0" reg_code="5079217616"/>
<player seat="6" name="Svlupen941" chips="295" dealer="1" win="0" bet="295" muck="0" rebuy="0" addon="0" merge="0" rebuychips="0" reg_code="5079218171"/>
<player seat="10" name="KOPKHUNKRAP" chips="540" dealer="0" win="635" bet="540" muck="0" rebuy="0" addon="0" merge="0" rebuychips="0" reg_code="5079218195"/>
</players>
</general>
<round no="0"><action no="1" player="KOPKHUNKRAP" type="15" sum="5"/>
<action no="2" player="Thechosenoonee" type="15" discard="1" dealt="1" sum="5"/>
<action no="3" player="Svlupen941" type="15" discard="1" dealt="1" sum="5"/>
<action no="4" player="KOPKHUNKRAP" type="1" sum="20"/>
<action no="5" player="Thechosenoonee" type="2" discard="1" dealt="1" sum="40"/>
</round>
<round no="1"><cards type="Pocket" player="Svlupen941">H3 CA</cards>
<cards type="Pocket" player="KOPKHUNKRAP">SA HJ</cards>
<cards type="Pocket" player="Thechosenoonee">X X</cards>
<action no="6" player="Svlupen941" type="23" discard="1" dealt="1" sum="290"/>
<action no="7" player="KOPKHUNKRAP" type="7" sum="515"/>
<action no="8" player="Thechosenoonee" type="0" discard="1" dealt="1" sum="0"/>
</round>
<round no="2"><cards type="Flop">DA C8 S4</cards>
</round>
<round no="3"><cards type="Turn">H10</cards>
</round>
<round no="4"><cards type="River">S10</cards>
</round>
</game>
<game gamecode="6554274965"><general>
<startdate>2025-12-10 01:41:38</startdate>
<round>1</round>
<failsafecounter/>
<players><player seat="3" name="Thechosenoonee" chips="620" dealer="0" win="0" bet="90" muck="1" rebuy="0" addon="0" merge="0" rebuychips="0" reg_code="5079217616"/>
<player seat="10" name="KOPKHUNKRAP" chips="880" dealer="1" win="180" bet="175" muck="1" rebuy="0" addon="0" merge="0" rebuychips="0" reg_code="5079218195"/>
</players>
</general>
<round no="0"><action no="1" player="KOPKHUNKRAP" type="15" sum="5"/>
<action no="2" player="Thechosenoonee" type="15" discard="1" dealt="1" sum="5"/>
<action no="3" player="KOPKHUNKRAP" type="1" sum="20"/>
<action no="4" player="Thechosenoonee" type="2" discard="1" dealt="1" sum="40"/>
</round>
<round no="1"><cards type="Pocket" player="Thechosenoonee">X X</cards>
<cards type="Pocket" player="KOPKHUNKRAP">DQ D8</cards>
<action no="5" player="KOPKHUNKRAP" type="3" sum="20"/>
<action no="6" player="Thechosenoonee" type="4" discard="1" dealt="1" sum="0"/>
</round>
<round no="2"><cards type="Flop">S7 C7 H5</cards>
<action no="7" player="Thechosenoonee" type="4" discard="1" dealt="1" sum="0"/>
<action no="8" player="KOPKHUNKRAP" type="4" sum="0"/>
</round>
<round no="3"><cards type="Turn">H8</cards>
<action no="9" player="Thechosenoonee" type="5" discard="1" dealt="1" sum="45"/>
<action no="10" player="KOPKHUNKRAP" type="23" sum="130"/>
<action no="11" player="Thechosenoonee" type="0" discard="1" dealt="1" sum="0"/>
</round>
</game>
<game gamecode="6554275084"><general>
<startdate>2025-12-10 01:42:08</startdate>
<round>1</round>
<failsafecounter/>
<players><player seat="10" name="KOPKHUNKRAP" chips="970" dealer="0" win="0" bet="65" muck="1" rebuy="0" addon="0" merge="0" rebuychips="0" reg_code="5079218195"/>
<player seat="3" name="Thechosenoonee" chips="530" dealer="1" win="130" bet="125" muck="1" rebuy="0" addon="0" merge="0" rebuychips="0" reg_code="5079217616"/>
</players>
</general>
<round no="0"><action no="1" player="Thechosenoonee" type="15" discard="1" dealt="1" sum="5"/>
<action no="2" player="KOPKHUNKRAP" type="15" sum="5"/>
<action no="3" player="Thechosenoonee" type="1" discard="1" dealt="1" sum="30"/>
<action no="4" player="KOPKHUNKRAP" type="2" sum="60"/>
</round>
<round no="1"><cards type="Pocket" player="Thechosenoonee">X X</cards>
<cards type="Pocket" player="KOPKHUNKRAP">H2 D10</cards>
<action no="5" player="Thechosenoonee" type="3" discard="1" dealt="1" sum="30"/>
<action no="6" player="KOPKHUNKRAP" type="4" sum="0"/>
</round>
<round no="2"><cards type="Flop">CQ S3 H4</cards>
<action no="7" player="KOPKHUNKRAP" type="4" sum="0"/>
<action no="8" player="Thechosenoonee" type="5" discard="1" dealt="1" sum="60"/>
<action no="9" player="KOPKHUNKRAP" type="0" sum="0"/>
</round>
</game>
<game gamecode="6554275165"><general>
<startdate>2025-12-10 01:42:27</startdate>
<round>1</round>
<failsafecounter/>
<players><player seat="3" name="Thechosenoonee" chips="595" dealer="0" win="0" bet="65" muck="1" rebuy="0" addon="0" merge="0" rebuychips="0" reg_code="5079217616"/>
<player seat="10" name="KOPKHUNKRAP" chips="905" dealer="1" win="130" bet="905" muck="1" rebuy="0" addon="0" merge="0" rebuychips="0" reg_code="5079218195"/>
</players>
</general>
<round no="0"><action no="1" player="KOPKHUNKRAP" type="15" sum="5"/>
<action no="2" player="Thechosenoonee" type="15" discard="1" dealt="1" sum="5"/>
<action no="3" player="KOPKHUNKRAP" type="1" sum="30"/>
<action no="4" player="Thechosenoonee" type="2" discard="1" dealt="1" sum="60"/>
</round>
<round no="1"><cards type="Pocket" player="Thechosenoonee">X X</cards>
<cards type="Pocket" player="KOPKHUNKRAP">C9 SA</cards>
<action no="5" player="KOPKHUNKRAP" type="23" sum="900"/>
<action no="6" player="Thechosenoonee" type="0" discard="1" dealt="1" sum="0"/>
</round>
</game>
<game gamecode="6554275192"><general>
<startdate>2025-12-10 01:42:34</startdate>
<round>1</round>
<failsafecounter/>
<players><player seat="10" name="KOPKHUNKRAP" chips="970" dealer="0" win="0" bet="195" muck="0" rebuy="0" addon="0" merge="0" rebuychips="0" reg_code="5079218195"/>
<player seat="3" name="Thechosenoonee" chips="530" dealer="1" win="390" bet="195" muck="0" rebuy="0" addon="0" merge="0" rebuychips="0" reg_code="5079217616"/>
</players>
</general>
<round no="0"><action no="1" player="Thechosenoonee" type="15" discard="1" dealt="1" sum="5"/>
<action no="2" player="KOPKHUNKRAP" type="15" sum="5"/>
<action no="3" player="Thechosenoonee" type="1" discard="1" dealt="1" sum="30"/>
<action no="4" player="KOPKHUNKRAP" type="2" sum="60"/>
</round>
<round no="1"><cards type="Pocket" player="Thechosenoonee">C10 C3</cards>
<cards type="Pocket" player="KOPKHUNKRAP">D8 D4</cards>
<action no="5" player="Thechosenoonee" type="3" discard="1" dealt="1" sum="30"/>
<action no="6" player="KOPKHUNKRAP" type="4" sum="0"/>
</round>
<round no="2"><cards type="Flop">D5 C4 S8</cards>
<action no="7" player="KOPKHUNKRAP" type="4" sum="0"/>
<action no="8" player="Thechosenoonee" type="4" discard="1" dealt="1" sum="0"/>
</round>
<round no="3"><cards type="Turn">S6</cards>
<action no="9" player="KOPKHUNKRAP" type="4" sum="0"/>
<action no="10" player="Thechosenoonee" type="4" discard="1" dealt="1" sum="0"/>
</round>
<round no="4"><cards type="River">D2</cards>
<action no="11" player="KOPKHUNKRAP" type="5" sum="130"/>
<action no="12" player="Thechosenoonee" type="3" discard="1" dealt="1" sum="130"/>
</round>
</game>
<game gamecode="6554275319"><general>
<startdate>2025-12-10 01:43:07</startdate>
<round>1</round>
<failsafecounter/>
<players><player seat="3" name="Thechosenoonee" chips="725" dealer="0" win="1,450" bet="725" muck="0" rebuy="0" addon="0" merge="0" rebuychips="0" reg_code="5079217616"/>
<player seat="10" name="KOPKHUNKRAP" chips="775" dealer="1" win="0" bet="775" muck="1" rebuy="0" addon="0" merge="0" rebuychips="0" reg_code="5079218195"/>
</players>
</general>
<round no="0"><action no="1" player="KOPKHUNKRAP" type="15" sum="5"/>
<action no="2" player="Thechosenoonee" type="15" discard="1" dealt="1" sum="5"/>
<action no="3" player="KOPKHUNKRAP" type="1" sum="30"/>
<action no="4" player="Thechosenoonee" type="2" discard="1" dealt="1" sum="60"/>
</round>
<round no="1"><cards type="Pocket" player="KOPKHUNKRAP">C2 HA</cards>
<cards type="Pocket" player="Thechosenoonee">C9 S9</cards>
<action no="5" player="KOPKHUNKRAP" type="3" sum="30"/>
<action no="6" player="Thechosenoonee" type="23" discard="1" dealt="1" sum="150"/>
<action no="7" player="KOPKHUNKRAP" type="23" sum="770"/>
<action no="8" player="Thechosenoonee" type="7" discard="1" dealt="1" sum="570"/>
</round>
<round no="2"><cards type="Flop">D7 H4 D5</cards>
</round>
<round no="3"><cards type="Turn">SK</cards>
</round>
<round no="4"><cards type="River">D8</cards>
</round>
</game>
<game gamecode="6554275431"><general>
<startdate>2025-12-10 01:43:35</startdate>
<round>1</round>
<failsafecounter/>
<players><player seat="10" name="KOPKHUNKRAP" chips="50" dealer="0" win="0" bet="50" muck="0" rebuy="0" addon="0" merge="0" rebuychips="0" reg_code="5079218195"/>
<player seat="3" name="Thechosenoonee" chips="1,450" dealer="1" win="100" bet="50" muck="0" rebuy="0" addon="0" merge="0" rebuychips="0" reg_code="5079217616"/>
</players>
</general>
<round no="0"><action no="1" player="Thechosenoonee" type="15" discard="1" dealt="1" sum="8"/>
<action no="2" player="KOPKHUNKRAP" type="15" sum="8"/>
<action no="3" player="Thechosenoonee" type="1" discard="1" dealt="1" sum="40"/>
<action no="4" player="KOPKHUNKRAP" type="2" sum="42"/>
</round>
<round no="1"><cards type="Pocket" player="Thechosenoonee">D7 H2</cards>
<cards type="Pocket" player="KOPKHUNKRAP">S3 S7</cards>
<action no="5" player="Thechosenoonee" type="3" discard="1" dealt="1" sum="2"/>
</round>
<round no="2"><cards type="Flop">C8 D5 H10</cards>
</round>
<round no="3"><cards type="Turn">SK</cards>
</round>
<round no="4"><cards type="River">D2</cards>
</round>
</game>
</session>
