<?xml version="1.0" encoding="UTF-8"?>
<session sessioncode="5079217185">
<general>
<client_version>25.7.1.34</client_version>
<mode>real</mode>
<gametype>Holdem NL</gametype>
<tablename>Twister €200 SNG, 823441092</tablename>
<tournamentcode>823441091</tournamentcode>
<tournamentname>Twister €200 SNG</tournamentname>
<buyin>€0 + €12 + €188</buyin>
<totalbuyin>€200</totalbuyin>
<rewarddrawn>€400</rewarddrawn>
<tournamentcurrency>EUR</tournamentcurrency>
<currency>EUR</currency>
<nickname>KOPKHUNKRAP</nickname>
<gamecount>1</gamecount>
<startdate>2025-12-10 01:31:44</startdate>
<place>3</place>
<win>€0</win>
<tablesize>3</tablesize>
</general>
<game gamecode="6554270980"><general>
<startdate>2025-12-10 01:31:59</startdate>
<round>1</round>
<failsafecounter/>
<players><player seat="3" name="Zanjef" chips="500" dealer="0" win="0" bet="20" muck="1" rebuy="0" addon="0" merge="0" rebuychips="0" reg_code="5079217101"/>
<player seat="6" name="Thechosenoonee" chips="500" dealer="1" win="1,020" bet="500" muck="0" rebuy="0" addon="0" merge="0" rebuychips="0" reg_code="5079217143"/>
<player seat="10" name="KOPKHUNKRAP" chips="500" dealer="0" win="0" bet="500" muck="1" rebuy="0" addon="0" merge="0" rebuychips="0" reg_code="5079217185"/>
</players>
</general>
<round no="0"><action no="1" player="KOPKHUNKRAP" type="1" sum="10"/>
<action no="2" player="Zanjef" type="2" discard="1" dealt="1" sum="20"/>
</round>
<round no="1"><cards type="Pocket" player="Zanjef">X X</cards>
<cards type="Pocket" player="Thechosenoonee">S10 D10</cards>
<cards type="Pocket" player="KOPKHUNKRAP">C10 SA</cards>
<action no="3" player="Thechosenoonee" type="23" discard="1" dealt="1" sum="40"/>
<action no="4" player="KOPKHUNKRAP" type="23" sum="500"/>
<action no="5" player="Zanjef" type="0" discard="1" dealt="1" sum="0"/>
<action no="6" player="Thechosenoonee" type="7" discard="1" dealt="1" sum="460"/>
</round>
<round no="2"><cards type="Flop">S6 S9 HK</cards>
</round>
<round no="3"><cards type="Turn">H5</cards>
</round>
<round no="4"><cards type="River">C8</cards>
</round>
</game>
</session>
