<?xml version="1.0" encoding="UTF-8"?>
<session sessioncode="5079493281">
<general>
<client_version>24.7.1.15</client_version>
<mode>real</mode>
<gametype>Holdem NL</gametype>
<tablename>Twister €200 SNG, 823508328</tablename>
<tournamentcode>823508327</tournamentcode>
<tournamentname>Twister €200 SNG</tournamentname>
<buyin>€0 + €12 + €188</buyin>
<totalbuyin>€200</totalbuyin>
<rewarddrawn>€400</rewarddrawn>
<tournamentcurrency>EUR</tournamentcurrency>
<currency>EUR</currency>
<nickname>KOPKHUNKRAP</nickname>
<gamecount>4</gamecount>
<startdate>2025-12-11 01:10:21</startdate>
<place>3</place>
<win>€0</win>
<tablesize>3</tablesize>
</general>
<game gamecode="6555242223"><general>
<startdate>2025-12-11 01:10:36</startdate>
<round>1</round>
<failsafecounter/>
<players><player seat="6" name="OndaBianca1" chips="500" dealer="0" win="60" bet="50" muck="1" rebuy="0" addon="0" merge="0" rebuychips="0" reg_code="5079493756"/>
<player seat="10" name="Diego2299" chips="500" dealer="1" win="0" bet="20" muck="1" rebuy="0" addon="0" merge="0" rebuychips="0" reg_code="5079493850"/>
<player seat="3" name="KOPKHUNKRAP" chips="500" dealer="0" win="0" bet="20" muck="1" rebuy="0" addon="0" merge="0" rebuychips="0" reg_code="5079493281"/>
</players>
</general>
<round no="0"><action no="1" player="KOPKHUNKRAP" type="1" sum="10"/>
<action no="2" player="OndaBianca1" type="2" discard="1" dealt="1" sum="20"/>
</round>
<round no="1"><cards type="Pocket" player="KOPKHUNKRAP">HJ S9</cards>
<cards type="Pocket" player="Diego2299">X X</cards>
<cards type="Pocket" player="OndaBianca1">X X</cards>
<action no="3" player="Diego2299" type="3" discard="1" dealt="1" sum="20"/>
<action no="4" player="KOPKHUNKRAP" type="3" sum="10"/>
<action no="5" player="OndaBianca1" type="4" discard="1" dealt="1" sum="0"/>
</round>
<round no="2"><cards type="Flop">D4 D10 D2</cards>
<action no="6" player="KOPKHUNKRAP" type="4" sum="0"/>
<action no="7" player="OndaBianca1" type="4" discard="1" dealt="1" sum="0"/>
<action no="8" player="Diego2299" type="4" discard="1" dealt="1" sum="0"/>
</round>
<round no="3"><cards type="Turn">C3</cards>
<action no="9" player="KOPKHUNKRAP" type="4" sum="0"/>
<action no="10" player="OndaBianca1" type="5" discard="1" dealt="1" sum="30"/>
<action no="11" player="Diego2299" type="0" discard="1" dealt="1" sum="0"/>
<action no="12" player="KOPKHUNKRAP" type="0" sum="0"/>
</round>
</game>
<game gamecode="6555244656"><general>
<startdate>2025-12-11 01:11:33</startdate>
<round>1</round>
<failsafecounter/>
<players><player seat="10" name="Diego2299" chips="480" dealer="0" win="0" bet="80" muck="1" rebuy="0" addon="0" merge="0" rebuychips="0" reg_code="5079493850"/>
<player seat="3" name="KOPKHUNKRAP" chips="480" dealer="1" win="180" bet="100" muck="1" rebuy="0" addon="0" merge="0" rebuychips="0" reg_code="5079493281"/>
<player seat="6" name="OndaBianca1" chips="540" dealer="0" win="0" bet="20" muck="1" rebuy="0" addon="0" merge="0" rebuychips="0" reg_code="5079493756"/>
</players>
</general>
<round no="0"><action no="1" player="OndaBianca1" type="1" discard="1" dealt="1" sum="10"/>
<action no="2" player="Diego2299" type="2" discard="1" dealt="1" sum="20"/>
</round>
<round no="1"><cards type="Pocket" player="KOPKHUNKRAP">H9 S6</cards>
<cards type="Pocket" player="Diego2299">X X</cards>
<cards type="Pocket" player="OndaBianca1">X X</cards>
<action no="3" player="KOPKHUNKRAP" type="3" sum="20"/>
<action no="4" player="OndaBianca1" type="3" discard="1" dealt="1" sum="10"/>
<action no="5" player="Diego2299" type="4" discard="1" dealt="1" sum="0"/>
</round>
<round no="2"><cards type="Flop">C8 C7 DA</cards>
<action no="6" player="OndaBianca1" type="4" discard="1" dealt="1" sum="0"/>
<action no="7" player="Diego2299" type="4" discard="1" dealt="1" sum="0"/>
<action no="8" player="KOPKHUNKRAP" type="5" sum="30"/>
<action no="9" player="OndaBianca1" type="0" discard="1" dealt="1" sum="0"/>
<action no="10" player="Diego2299" type="23" discard="1" dealt="1" sum="60"/>
<action no="11" player="KOPKHUNKRAP" type="3" sum="30"/>
</round>
<round no="3"><cards type="Turn">SQ</cards>
<action no="12" player="Diego2299" type="4" discard="1" dealt="1" sum="0"/>
<action no="13" player="KOPKHUNKRAP" type="5" sum="20"/>
<action no="14" player="Diego2299" type="0" discard="1" dealt="1" sum="0"/>
</round>
</game>
<game gamecode="6555244838"><general>
<startdate>2025-12-11 01:12:37</startdate>
<round>1</round>
<failsafecounter/>
<players><player seat="3" name="KOPKHUNKRAP" chips="580" dealer="0" win="0" bet="520" muck="1" rebuy="0" addon="0" merge="0" rebuychips="0" reg_code="5079493281"/>
<player seat="6" name="OndaBianca1" chips="520" dealer="1" win="240" bet="520" muck="0" rebuy="0" addon="0" merge="0" rebuychips="0" reg_code="5079493756"/>
<player seat="10" name="Diego2299" chips="400" dealer="0" win="1,200" bet="400" muck="0" rebuy="0" addon="0" merge="0" rebuychips="0" reg_code="5079493850"/>
</players>
</general>
<round no="0"><action no="1" player="Diego2299" type="15" discard="1" dealt="1" sum="5"/>
<action no="2" player="KOPKHUNKRAP" type="15" sum="5"/>
<action no="3" player="OndaBianca1" type="15" discard="1" dealt="1" sum="5"/>
<action no="4" player="Diego2299" type="1" discard="1" dealt="1" sum="15"/>
<action no="5" player="KOPKHUNKRAP" type="2" sum="30"/>
</round>
<round no="1"><cards type="Pocket" player="OndaBianca1">CA D7</cards>
<cards type="Pocket" player="Diego2299">HQ DA</cards>
<cards type="Pocket" player="KOPKHUNKRAP">CQ CJ</cards>
<action no="6" player="OndaBianca1" type="23" discard="1" dealt="1" sum="515"/>
<action no="7" player="Diego2299" type="7" discard="1" dealt="1" sum="380"/>
<action no="8" player="KOPKHUNKRAP" type="3" sum="485"/>
</round>
<round no="2"><cards type="Flop">D3 S2 H10</cards>
</round>
<round no="3"><cards type="Turn">C2</cards>
</round>
<round no="4"><cards type="River">HA</cards>
</round>
</game>
<game gamecode="6555244895"><general>
<startdate>2025-12-11 01:12:59</startdate>
<round>1</round>
<failsafecounter/>
<players><player seat="6" name="OndaBianca1" chips="240" dealer="0" win="0" bet="35" muck="1" rebuy="0" addon="0" merge="0" rebuychips="0" reg_code="5079493756"/>
<player seat="10" name="Diego2299" chips="1,200" dealer="1" win="155" bet="60" muck="0" rebuy="0" addon="0" merge="0" rebuychips="0" reg_code="5079493850"/>
<player seat="3" name="KOPKHUNKRAP" chips="60" dealer="0" win="0" bet="60" muck="0" rebuy="0" addon="0" merge="0" rebuychips="0" reg_code="5079493281"/>
</players>
</general>
<round no="0"><action no="1" player="KOPKHUNKRAP" type="15" sum="5"/>
<action no="2" player="OndaBianca1" type="15" discard="1" dealt="1" sum="5"/>
<action no="3" player="Diego2299" type="15" discard="1" dealt="1" sum="5"/>
<action no="4" player="KOPKHUNKRAP" type="1" sum="15"/>
<action no="5" player="OndaBianca1" type="2" discard="1" dealt="1" sum="30"/>
</round>
<round no="1"><cards type="Pocket" player="OndaBianca1">X X</cards>
<cards type="Pocket" player="KOPKHUNKRAP">SA H9</cards>
<cards type="Pocket" player="Diego2299">S10 HJ</cards>
<action no="6" player="Diego2299" type="3" discard="1" dealt="1" sum="30"/>
<action no="7" player="KOPKHUNKRAP" type="7" sum="40"/>
<action no="8" player="OndaBianca1" type="0" discard="1" dealt="1" sum="0"/>
<action no="9" player="Diego2299" type="3" discard="1" dealt="1" sum="25"/>
</round>
<round no="2"><cards type="Flop">C5 C3 H10</cards>
</round>
<round no="3"><cards type="Turn">HK</cards>
</round>
<round no="4"><cards type="River">CK</cards>
</round>
</game>
</session>
