<?xml version="1.0" encoding="UTF-8"?>
<session sessioncode="5079216486">
<general>
<client_version>25.7.1.34</client_version>
<mode>real</mode>
<gametype>Holdem NL</gametype>
<tablename>Twister €200 SNG, 823440732</tablename>
<tournamentcode>823440731</tournamentcode>
<tournamentname>Twister €200 SNG</tournamentname>
<buyin>€0 + €12 + €188</buyin>
<totalbuyin>€200</totalbuyin>
<rewarddrawn>€400</rewarddrawn>
<tournamentcurrency>EUR</tournamentcurrency>
<currency>EUR</currency>
<nickname>KOPKHUNKRAP</nickname>
<gamecount>1</gamecount>
<startdate>2025-12-10 01:30:48</startdate>
<place>3</place>
<win>€0</win>
<tablesize>3</tablesize>
</general>
<game gamecode="6554268390"><general>
<startdate>2025-12-10 01:31:03</startdate>
<round>1</round>
<failsafecounter/>
<players><player seat="10" name="Pasticcino2007" chips="500" dealer="0" win="1,000" bet="500" muck="0" rebuy="0" addon="0" merge="0" rebuychips="0" reg_code="5079216988"/>
<player seat="3" name="Thechosenoonee" chips="500" dealer="1" win="0" bet="0" muck="1" rebuy="0" addon="0" merge="0" rebuychips="0" reg_code="5079216485"/>
<player seat="6" name="KOPKHUNKRAP" chips="500" dealer="0" win="0" bet="500" muck="1" rebuy="0" addon="0" merge="0" rebuychips="0" reg_code="5079216486"/>
</players>
</general>
<round no="0"><action no="1" player="KOPKHUNKRAP" type="1" sum="10"/>
<action no="2" player="Pasticcino2007" type="2" discard="1" dealt="1" sum="20"/>
</round>
<round no="1"><cards type="Pocket" player="Pasticcino2007">S6 SA</cards>
<cards type="Pocket" player="Thechosenoonee">X X</cards>
<cards type="Pocket" player="KOPKHUNKRAP">SJ C9</cards>
<action no="3" player="Thechosenoonee" type="0" discard="1" dealt="1" sum="0"/>
<action no="4" player="KOPKHUNKRAP" type="23" sum="40"/>
<action no="5" player="Pasticcino2007" type="3" discard="1" dealt="1" sum="20"/>
</round>
<round no="2"><cards type="Flop">SK S8 S10</cards>
<action no="6" player="KOPKHUNKRAP" type="5" sum="26"/>
<action no="7" player="Pasticcino2007" type="23" discard="1" dealt="1" sum="72"/>
<action no="8" player="KOPKHUNKRAP" type="23" sum="138"/>
<action no="9" player="Pasticcino2007" type="23" discard="1" dealt="1" sum="364"/>
<action no="10" player="KOPKHUNKRAP" type="7" sum="322"/>
<action no="11" player="Pasticcino2007" type="7" discard="1" dealt="1" sum="96"/>
</round>
<round no="3"><cards type="Turn">H9</cards>
</round>
<round no="4"><cards type="River">CQ</cards>
</round>
</game>
</session>
