<?xml version="1.0" encoding="UTF-8"?>
<session sessioncode="5080825386">
<general>
<client_version>24.7.1.15</client_version>
<mode>real</mode>
<gametype>Holdem NL</gametype>
<tablename>Twister €200 SNG, 823916568</tablename>
<tournamentcode>823916567</tournamentcode>
<tournamentname>Twister €200 SNG</tournamentname>
<buyin>€0 + €12 + €188</buyin>
<totalbuyin>€200</totalbuyin>
<rewarddrawn>€400</rewarddrawn>
<tournamentcurrency>EUR</tournamentcurrency>
<currency>EUR</currency>
<nickname>KOPKHUNKRAP</nickname>
<gamecount>23</gamecount>
<startdate>2025-12-16 02:03:15</startdate>
<place>2</place>
<win>€0</win>
<tablesize>3</tablesize>
</general>
<game gamecode="6560317367"><general>
<startdate>2025-12-16 02:03:30</startdate>
<round>1</round>
<failsafecounter/>
<players><player seat="3" name="Thechosenoonee" chips="500" dealer="0" win="188" bet="160" muck="1" rebuy="0" addon="0" merge="0" rebuychips="0" reg_code="5080824931"/>
<player seat="6" name="KOPKHUNKRAP" chips="500" dealer="1" win="0" bet="0" muck="1" rebuy="0" addon="0" merge="0" rebuychips="0" reg_code="5080825386"/>
<player seat="10" name="Alfiobucarest" chips="500" dealer="0" win="0" bet="94" muck="1" rebuy="0" addon="0" merge="0" rebuychips="0" reg_code="5080825509"/>
</players>
</general>
<round no="0"><action no="1" player="Alfiobucarest" type="1" discard="1" dealt="1" sum="10"/>
<action no="2" player="Thechosenoonee" type="2" discard="1" dealt="1" sum="20"/>
</round>
<round no="1"><cards type="Pocket" player="Alfiobucarest">X X</cards>
<cards type="Pocket" player="Thechosenoonee">X X</cards>
<cards type="Pocket" player="KOPKHUNKRAP">H10 D3</cards>
<action no="3" player="KOPKHUNKRAP" type="0" sum="0"/>
<action no="4" player="Alfiobucarest" type="23" discard="1" dealt="1" sum="42"/>
<action no="5" player="Thechosenoonee" type="3" discard="1" dealt="1" sum="22"/>
</round>
<round no="2"><cards type="Flop">D2 CQ HQ</cards>
<action no="6" player="Alfiobucarest" type="5" discard="1" dealt="1" sum="26"/>
<action no="7" player="Thechosenoonee" type="3" discard="1" dealt="1" sum="26"/>
</round>
<round no="3"><cards type="Turn">D9</cards>
<action no="8" player="Alfiobucarest" type="5" discard="1" dealt="1" sum="26"/>
<action no="9" player="Thechosenoonee" type="23" discard="1" dealt="1" sum="92"/>
<action no="10" player="Alfiobucarest" type="0" discard="1" dealt="1" sum="0"/>
</round>
</game>
<game gamecode="6560317468"><general>
<startdate>2025-12-16 02:04:10</startdate>
<round>1</round>
<failsafecounter/>
<players><player seat="6" name="KOPKHUNKRAP" chips="500" dealer="0" win="162" bet="147" muck="1" rebuy="0" addon="0" merge="0" rebuychips="0" reg_code="5080825386"/>
<player seat="10" name="Alfiobucarest" chips="406" dealer="1" win="0" bet="76" muck="1" rebuy="0" addon="0" merge="0" rebuychips="0" reg_code="5080825509"/>
<player seat="3" name="Thechosenoonee" chips="594" dealer="0" win="0" bet="10" muck="1" rebuy="0" addon="0" merge="0" rebuychips="0" reg_code="5080824931"/>
</players>
</general>
<round no="0"><action no="1" player="Thechosenoonee" type="1" discard="1" dealt="1" sum="10"/>
<action no="2" player="KOPKHUNKRAP" type="2" sum="20"/>
</round>
<round no="1"><cards type="Pocket" player="Thechosenoonee">X X</cards>
<cards type="Pocket" player="KOPKHUNKRAP">H6 CA</cards>
<cards type="Pocket" player="Alfiobucarest">X X</cards>
<action no="3" player="Alfiobucarest" type="23" discard="1" dealt="1" sum="56"/>
<action no="4" player="Thechosenoonee" type="0" discard="1" dealt="1" sum="0"/>
<action no="5" player="KOPKHUNKRAP" type="3" sum="36"/>
</round>
<round no="2"><cards type="Flop">SA DJ SQ</cards>
<action no="6" player="KOPKHUNKRAP" type="4" sum="0"/>
<action no="7" player="Alfiobucarest" type="5" discard="1" dealt="1" sum="20"/>
<action no="8" player="KOPKHUNKRAP" type="23" sum="91"/>
<action no="9" player="Alfiobucarest" type="0" discard="1" dealt="1" sum="0"/>
</round>
</game>
<game gamecode="6560317510"><general>
<startdate>2025-12-16 02:04:28</startdate>
<round>1</round>
<failsafecounter/>
<players><player seat="10" name="Alfiobucarest" chips="330" dealer="0" win="80" bet="80" muck="1" rebuy="0" addon="0" merge="0" rebuychips="0" reg_code="5080825509"/>
<player seat="3" name="Thechosenoonee" chips="584" dealer="1" win="0" bet="0" muck="1" rebuy="0" addon="0" merge="0" rebuychips="0" reg_code="5080824931"/>
<player seat="6" name="KOPKHUNKRAP" chips="586" dealer="0" win="0" bet="40" muck="1" rebuy="0" addon="0" merge="0" rebuychips="0" reg_code="5080825386"/>
</players>
</general>
<round no="0"><action no="1" player="KOPKHUNKRAP" type="1" sum="10"/>
<action no="2" player="Alfiobucarest" type="2" discard="1" dealt="1" sum="20"/>
</round>
<round no="1"><cards type="Pocket" player="Alfiobucarest">X X</cards>
<cards type="Pocket" player="Thechosenoonee">X X</cards>
<cards type="Pocket" player="KOPKHUNKRAP">SK S7</cards>
<action no="3" player="Thechosenoonee" type="0" discard="1" dealt="1" sum="0"/>
<action no="4" player="KOPKHUNKRAP" type="23" sum="40"/>
<action no="5" player="Alfiobucarest" type="3" discard="1" dealt="1" sum="20"/>
</round>
<round no="2"><cards type="Flop">C9 H4 HQ</cards>
<action no="6" player="KOPKHUNKRAP" type="4" sum="0"/>
<action no="7" player="Alfiobucarest" type="5" discard="1" dealt="1" sum="40"/>
<action no="8" player="KOPKHUNKRAP" type="0" sum="0"/>
</round>
</game>
<game gamecode="6560321718"><general>
<startdate>2025-12-16 02:04:44</startdate>
<round>1</round>
<failsafecounter/>
<players><player seat="3" name="Thechosenoonee" chips="584" dealer="0" win="0" bet="40" muck="1" rebuy="0" addon="0" merge="0" rebuychips="0" reg_code="5080824931"/>
<player seat="6" name="KOPKHUNKRAP" chips="546" dealer="1" win="0" bet="0" muck="1" rebuy="0" addon="0" merge="0" rebuychips="0" reg_code="5080825386"/>
<player seat="10" name="Alfiobucarest" chips="370" dealer="0" win="80" bet="60" muck="1" rebuy="0" addon="0" merge="0" rebuychips="0" reg_code="5080825509"/>
</players>
</general>
<round no="0"><action no="1" player="Alfiobucarest" type="1" discard="1" dealt="1" sum="10"/>
<action no="2" player="Thechosenoonee" type="2" discard="1" dealt="1" sum="20"/>
</round>
<round no="1"><cards type="Pocket" player="Thechosenoonee">X X</cards>
<cards type="Pocket" player="KOPKHUNKRAP">H6 DK</cards>
<cards type="Pocket" player="Alfiobucarest">X X</cards>
<action no="3" player="KOPKHUNKRAP" type="0" sum="0"/>
<action no="4" player="Alfiobucarest" type="3" discard="1" dealt="1" sum="10"/>
<action no="5" player="Thechosenoonee" type="4" discard="1" dealt="1" sum="0"/>
</round>
<round no="2"><cards type="Flop">DA H10 SQ</cards>
<action no="6" player="Alfiobucarest" type="5" discard="1" dealt="1" sum="20"/>
<action no="7" player="Thechosenoonee" type="3" discard="1" dealt="1" sum="20"/>
</round>
<round no="3"><cards type="Turn">D4</cards>
<action no="8" player="Alfiobucarest" type="5" discard="1" dealt="1" sum="20"/>
<action no="9" player="Thechosenoonee" type="0" discard="1" dealt="1" sum="0"/>
</round>
</game>
<game gamecode="6560321770"><general>
<startdate>2025-12-16 02:05:12</startdate>
<round>1</round>
<failsafecounter/>
<players><player seat="6" name="KOPKHUNKRAP" chips="546" dealer="0" win="0" bet="35" muck="1" rebuy="0" addon="0" merge="0" rebuychips="0" reg_code="5080825386"/>
<player seat="10" name="Alfiobucarest" chips="410" dealer="1" win="855" bet="410" muck="0" rebuy="0" addon="0" merge="0" rebuychips="0" reg_code="5080825509"/>
<player seat="3" name="Thechosenoonee" chips="544" dealer="0" win="0" bet="544" muck="1" rebuy="0" addon="0" merge="0" rebuychips="0" reg_code="5080824931"/>
</players>
</general>
<round no="0"><action no="1" player="Thechosenoonee" type="15" discard="1" dealt="1" sum="5"/>
<action no="2" player="KOPKHUNKRAP" type="15" sum="5"/>
<action no="3" player="Alfiobucarest" type="15" discard="1" dealt="1" sum="5"/>
<action no="4" player="Thechosenoonee" type="1" discard="1" dealt="1" sum="15"/>
<action no="5" player="KOPKHUNKRAP" type="2" sum="30"/>
</round>
<round no="1"><cards type="Pocket" player="KOPKHUNKRAP">S10 C4</cards>
<cards type="Pocket" player="Thechosenoonee">H7 D7</cards>
<cards type="Pocket" player="Alfiobucarest">DQ DK</cards>
<action no="6" player="Alfiobucarest" type="23" discard="1" dealt="1" sum="67"/>
<action no="7" player="Thechosenoonee" type="23" discard="1" dealt="1" sum="539"/>
<action no="8" player="KOPKHUNKRAP" type="0" sum="0"/>
<action no="9" player="Alfiobucarest" type="7" discard="1" dealt="1" sum="338"/>
</round>
<round no="2"><cards type="Flop">DA H2 D2</cards>
</round>
<round no="3"><cards type="Turn">D6</cards>
</round>
<round no="4"><cards type="River">C6</cards>
</round>
</game>
<game gamecode="6560321824"><general>
<startdate>2025-12-16 02:05:34</startdate>
<round>1</round>
<failsafecounter/>
<players><player seat="10" name="Alfiobucarest" chips="855" dealer="0" win="75" bet="65" muck="1" rebuy="0" addon="0" merge="0" rebuychips="0" reg_code="5080825509"/>
<player seat="3" name="Thechosenoonee" chips="134" dealer="1" win="0" bet="5" muck="1" rebuy="0" addon="0" merge="0" rebuychips="0" reg_code="5080824931"/>
<player seat="6" name="KOPKHUNKRAP" chips="511" dealer="0" win="0" bet="35" muck="1" rebuy="0" addon="0" merge="0" rebuychips="0" reg_code="5080825386"/>
</players>
</general>
<round no="0"><action no="1" player="KOPKHUNKRAP" type="15" sum="5"/>
<action no="2" player="Alfiobucarest" type="15" discard="1" dealt="1" sum="5"/>
<action no="3" player="Thechosenoonee" type="15" discard="1" dealt="1" sum="5"/>
<action no="4" player="KOPKHUNKRAP" type="1" sum="15"/>
<action no="5" player="Alfiobucarest" type="2" discard="1" dealt="1" sum="30"/>
</round>
<round no="1"><cards type="Pocket" player="KOPKHUNKRAP">C6 S7</cards>
<cards type="Pocket" player="Alfiobucarest">X X</cards>
<cards type="Pocket" player="Thechosenoonee">X X</cards>
<action no="6" player="Thechosenoonee" type="0" discard="1" dealt="1" sum="0"/>
<action no="7" player="KOPKHUNKRAP" type="3" sum="15"/>
<action no="8" player="Alfiobucarest" type="4" discard="1" dealt="1" sum="0"/>
</round>
<round no="2"><cards type="Flop">DJ D10 C9</cards>
<action no="9" player="KOPKHUNKRAP" type="4" sum="0"/>
<action no="10" player="Alfiobucarest" type="5" discard="1" dealt="1" sum="30"/>
<action no="11" player="KOPKHUNKRAP" type="0" sum="0"/>
</round>
</game>
<game gamecode="6560321890"><general>
<startdate>2025-12-16 02:06:03</startdate>
<round>1</round>
<failsafecounter/>
<players><player seat="3" name="Thechosenoonee" chips="129" dealer="0" win="75" bet="129" muck="1" rebuy="0" addon="0" merge="0" rebuychips="0" reg_code="5080824931"/>
<player seat="6" name="KOPKHUNKRAP" chips="476" dealer="1" win="0" bet="5" muck="1" rebuy="0" addon="0" merge="0" rebuychips="0" reg_code="5080825386"/>
<player seat="10" name="Alfiobucarest" chips="895" dealer="0" win="0" bet="35" muck="1" rebuy="0" addon="0" merge="0" rebuychips="0" reg_code="5080825509"/>
</players>
</general>
<round no="0"><action no="1" player="Alfiobucarest" type="15" discard="1" dealt="1" sum="5"/>
<action no="2" player="Thechosenoonee" type="15" discard="1" dealt="1" sum="5"/>
<action no="3" player="KOPKHUNKRAP" type="15" sum="5"/>
<action no="4" player="Alfiobucarest" type="1" discard="1" dealt="1" sum="15"/>
<action no="5" player="Thechosenoonee" type="2" discard="1" dealt="1" sum="30"/>
</round>
<round no="1"><cards type="Pocket" player="Thechosenoonee">X X</cards>
<cards type="Pocket" player="Alfiobucarest">X X</cards>
<cards type="Pocket" player="KOPKHUNKRAP">D10 D4</cards>
<action no="6" player="KOPKHUNKRAP" type="0" sum="0"/>
<action no="7" player="Alfiobucarest" type="3" discard="1" dealt="1" sum="15"/>
<action no="8" player="Thechosenoonee" type="23" discard="1" dealt="1" sum="124"/>
<action no="9" player="Alfiobucarest" type="0" discard="1" dealt="1" sum="0"/>
</round>
</game>
<game gamecode="6560321930"><general>
<startdate>2025-12-16 02:06:20</startdate>
<round>1</round>
<failsafecounter/>
<players><player seat="6" name="KOPKHUNKRAP" chips="471" dealer="0" win="45" bet="35" muck="1" rebuy="0" addon="0" merge="0" rebuychips="0" reg_code="5080825386"/>
<player seat="10" name="Alfiobucarest" chips="860" dealer="1" win="0" bet="5" muck="1" rebuy="0" addon="0" merge="0" rebuychips="0" reg_code="5080825509"/>
<player seat="3" name="Thechosenoonee" chips="169" dealer="0" win="0" bet="20" muck="1" rebuy="0" addon="0" merge="0" rebuychips="0" reg_code="5080824931"/>
</players>
</general>
<round no="0"><action no="1" player="Thechosenoonee" type="15" discard="1" dealt="1" sum="5"/>
<action no="2" player="KOPKHUNKRAP" type="15" sum="5"/>
<action no="3" player="Alfiobucarest" type="15" discard="1" dealt="1" sum="5"/>
<action no="4" player="Thechosenoonee" type="1" discard="1" dealt="1" sum="15"/>
<action no="5" player="KOPKHUNKRAP" type="2" sum="30"/>
</round>
<round no="1"><cards type="Pocket" player="KOPKHUNKRAP">C7 S8</cards>
<cards type="Pocket" player="Thechosenoonee">X X</cards>
<cards type="Pocket" player="Alfiobucarest">X X</cards>
<action no="6" player="Alfiobucarest" type="0" discard="1" dealt="1" sum="0"/>
<action no="7" player="Thechosenoonee" type="0" discard="1" dealt="1" sum="0"/>
</round>
</game>
<game gamecode="6560321950"><general>
<startdate>2025-12-16 02:06:30</startdate>
<round>1</round>
<failsafecounter/>
<players><player seat="10" name="Alfiobucarest" chips="855" dealer="0" win="0" bet="190" muck="1" rebuy="0" addon="0" merge="0" rebuychips="0" reg_code="5080825509"/>
<player seat="3" name="Thechosenoonee" chips="149" dealer="1" win="0" bet="5" muck="1" rebuy="0" addon="0" merge="0" rebuychips="0" reg_code="5080824931"/>
<player seat="6" name="KOPKHUNKRAP" chips="496" dealer="0" win="385" bet="496" muck="1" rebuy="0" addon="0" merge="0" rebuychips="0" reg_code="5080825386"/>
</players>
</general>
<round no="0"><action no="1" player="KOPKHUNKRAP" type="15" sum="5"/>
<action no="2" player="Alfiobucarest" type="15" discard="1" dealt="1" sum="5"/>
<action no="3" player="Thechosenoonee" type="15" discard="1" dealt="1" sum="5"/>
<action no="4" player="KOPKHUNKRAP" type="1" sum="15"/>
<action no="5" player="Alfiobucarest" type="2" discard="1" dealt="1" sum="30"/>
</round>
<round no="1"><cards type="Pocket" player="KOPKHUNKRAP">C6 C8</cards>
<cards type="Pocket" player="Thechosenoonee">X X</cards>
<cards type="Pocket" player="Alfiobucarest">X X</cards>
<action no="6" player="Thechosenoonee" type="0" discard="1" dealt="1" sum="0"/>
<action no="7" player="KOPKHUNKRAP" type="3" sum="15"/>
<action no="8" player="Alfiobucarest" type="23" discard="1" dealt="1" sum="89"/>
<action no="9" player="KOPKHUNKRAP" type="3" sum="59"/>
</round>
<round no="2"><cards type="Flop">S5 D6 H5</cards>
<action no="10" player="KOPKHUNKRAP" type="4" sum="0"/>
<action no="11" player="Alfiobucarest" type="5" discard="1" dealt="1" sum="96"/>
<action no="12" player="KOPKHUNKRAP" type="23" sum="402"/>
<action no="13" player="Alfiobucarest" type="0" discard="1" dealt="1" sum="0"/>
</round>
</game>
<game gamecode="6560321996"><general>
<startdate>2025-12-16 02:06:53</startdate>
<round>1</round>
<failsafecounter/>
<players><player seat="3" name="Thechosenoonee" chips="144" dealer="0" win="55" bet="45" muck="1" rebuy="0" addon="0" merge="0" rebuychips="0" reg_code="5080824931"/>
<player seat="6" name="KOPKHUNKRAP" chips="691" dealer="1" win="0" bet="5" muck="1" rebuy="0" addon="0" merge="0" rebuychips="0" reg_code="5080825386"/>
<player seat="10" name="Alfiobucarest" chips="665" dealer="0" win="0" bet="25" muck="1" rebuy="0" addon="0" merge="0" rebuychips="0" reg_code="5080825509"/>
</players>
</general>
<round no="0"><action no="1" player="Alfiobucarest" type="15" discard="1" dealt="1" sum="5"/>
<action no="2" player="Thechosenoonee" type="15" discard="1" dealt="1" sum="5"/>
<action no="3" player="KOPKHUNKRAP" type="15" sum="5"/>
<action no="4" player="Alfiobucarest" type="1" discard="1" dealt="1" sum="20"/>
<action no="5" player="Thechosenoonee" type="2" discard="1" dealt="1" sum="40"/>
</round>
<round no="1"><cards type="Pocket" player="KOPKHUNKRAP">H6 H9</cards>
<cards type="Pocket" player="Alfiobucarest">X X</cards>
<cards type="Pocket" player="Thechosenoonee">X X</cards>
<action no="6" player="KOPKHUNKRAP" type="0" sum="0"/>
<action no="7" player="Alfiobucarest" type="0" discard="1" dealt="1" sum="0"/>
</round>
</game>
<game gamecode="6560322014"><general>
<startdate>2025-12-16 02:07:00</startdate>
<round>1</round>
<failsafecounter/>
<players><player seat="6" name="KOPKHUNKRAP" chips="686" dealer="0" win="0" bet="85" muck="1" rebuy="0" addon="0" merge="0" rebuychips="0" reg_code="5080825386"/>
<player seat="10" name="Alfiobucarest" chips="640" dealer="1" win="195" bet="182" muck="1" rebuy="0" addon="0" merge="0" rebuychips="0" reg_code="5080825509"/>
<player seat="3" name="Thechosenoonee" chips="174" dealer="0" win="0" bet="25" muck="1" rebuy="0" addon="0" merge="0" rebuychips="0" reg_code="5080824931"/>
</players>
</general>
<round no="0"><action no="1" player="Thechosenoonee" type="15" discard="1" dealt="1" sum="5"/>
<action no="2" player="KOPKHUNKRAP" type="15" sum="5"/>
<action no="3" player="Alfiobucarest" type="15" discard="1" dealt="1" sum="5"/>
<action no="4" player="Thechosenoonee" type="1" discard="1" dealt="1" sum="20"/>
<action no="5" player="KOPKHUNKRAP" type="2" sum="40"/>
</round>
<round no="1"><cards type="Pocket" player="Alfiobucarest">X X</cards>
<cards type="Pocket" player="KOPKHUNKRAP">HK D8</cards>
<cards type="Pocket" player="Thechosenoonee">X X</cards>
<action no="6" player="Alfiobucarest" type="23" discard="1" dealt="1" sum="80"/>
<action no="7" player="Thechosenoonee" type="0" discard="1" dealt="1" sum="0"/>
<action no="8" player="KOPKHUNKRAP" type="3" sum="40"/>
</round>
<round no="2"><cards type="Flop">D6 D3 C4</cards>
<action no="9" player="KOPKHUNKRAP" type="4" sum="0"/>
<action no="10" player="Alfiobucarest" type="4" discard="1" dealt="1" sum="0"/>
</round>
<round no="3"><cards type="Turn">SQ</cards>
<action no="11" player="KOPKHUNKRAP" type="4" sum="0"/>
<action no="12" player="Alfiobucarest" type="5" discard="1" dealt="1" sum="97"/>
<action no="13" player="KOPKHUNKRAP" type="0" sum="0"/>
</round>
</game>
<game gamecode="6560322081"><general>
<startdate>2025-12-16 02:07:31</startdate>
<round>1</round>
<failsafecounter/>
<players><player seat="10" name="Alfiobucarest" chips="750" dealer="0" win="0" bet="149" muck="1" rebuy="0" addon="0" merge="0" rebuychips="0" reg_code="5080825509"/>
<player seat="3" name="Thechosenoonee" chips="149" dealer="1" win="323" bet="149" muck="0" rebuy="0" addon="0" merge="0" rebuychips="0" reg_code="5080824931"/>
<player seat="6" name="KOPKHUNKRAP" chips="601" dealer="0" win="0" bet="25" muck="1" rebuy="0" addon="0" merge="0" rebuychips="0" reg_code="5080825386"/>
</players>
</general>
<round no="0"><action no="1" player="KOPKHUNKRAP" type="15" sum="5"/>
<action no="2" player="Alfiobucarest" type="15" discard="1" dealt="1" sum="5"/>
<action no="3" player="Thechosenoonee" type="15" discard="1" dealt="1" sum="5"/>
<action no="4" player="KOPKHUNKRAP" type="1" sum="20"/>
<action no="5" player="Alfiobucarest" type="2" discard="1" dealt="1" sum="40"/>
</round>
<round no="1"><cards type="Pocket" player="Alfiobucarest">CJ C2</cards>
<cards type="Pocket" player="Thechosenoonee">SA CK</cards>
<cards type="Pocket" player="KOPKHUNKRAP">C6 HJ</cards>
<action no="6" player="Thechosenoonee" type="23" discard="1" dealt="1" sum="144"/>
<action no="7" player="KOPKHUNKRAP" type="0" sum="0"/>
<action no="8" player="Alfiobucarest" type="3" discard="1" dealt="1" sum="104"/>
</round>
<round no="2"><cards type="Flop">S3 S4 DQ</cards>
</round>
<round no="3"><cards type="Turn">C7</cards>
</round>
<round no="4"><cards type="River">C4</cards>
</round>
</game>
<game gamecode="6560322131"><general>
<startdate>2025-12-16 02:07:51</startdate>
<round>1</round>
<failsafecounter/>
<players><player seat="3" name="Thechosenoonee" chips="323" dealer="0" win="0" bet="45" muck="1" rebuy="0" addon="0" merge="0" rebuychips="0" reg_code="5080824931"/>
<player seat="6" name="KOPKHUNKRAP" chips="576" dealer="1" win="0" bet="5" muck="1" rebuy="0" addon="0" merge="0" rebuychips="0" reg_code="5080825386"/>
<player seat="10" name="Alfiobucarest" chips="601" dealer="0" win="95" bet="285" muck="1" rebuy="0" addon="0" merge="0" rebuychips="0" reg_code="5080825509"/>
</players>
</general>
<round no="0"><action no="1" player="Alfiobucarest" type="15" discard="1" dealt="1" sum="5"/>
<action no="2" player="Thechosenoonee" type="15" discard="1" dealt="1" sum="5"/>
<action no="3" player="KOPKHUNKRAP" type="15" sum="5"/>
<action no="4" player="Alfiobucarest" type="1" discard="1" dealt="1" sum="20"/>
<action no="5" player="Thechosenoonee" type="2" discard="1" dealt="1" sum="40"/>
</round>
<round no="1"><cards type="Pocket" player="KOPKHUNKRAP">D2 SA</cards>
<cards type="Pocket" player="Thechosenoonee">X X</cards>
<cards type="Pocket" player="Alfiobucarest">X X</cards>
<action no="6" player="KOPKHUNKRAP" type="0" sum="0"/>
<action no="7" player="Alfiobucarest" type="23" discard="1" dealt="1" sum="280"/>
<action no="8" player="Thechosenoonee" type="0" discard="1" dealt="1" sum="0"/>
</round>
</game>
<game gamecode="6560322166"><general>
<startdate>2025-12-16 02:08:09</startdate>
<round>1</round>
<failsafecounter/>
<players><player seat="6" name="KOPKHUNKRAP" chips="571" dealer="0" win="561" bet="278" muck="0" rebuy="0" addon="0" merge="0" rebuychips="0" reg_code="5080825386"/>
<player seat="10" name="Alfiobucarest" chips="651" dealer="1" win="0" bet="5" muck="1" rebuy="0" addon="0" merge="0" rebuychips="0" reg_code="5080825509"/>
<player seat="3" name="Thechosenoonee" chips="278" dealer="0" win="0" bet="278" muck="0" rebuy="0" addon="0" merge="0" rebuychips="0" reg_code="5080824931"/>
</players>
</general>
<round no="0"><action no="1" player="Thechosenoonee" type="15" discard="1" dealt="1" sum="5"/>
<action no="2" player="KOPKHUNKRAP" type="15" sum="5"/>
<action no="3" player="Alfiobucarest" type="15" discard="1" dealt="1" sum="5"/>
<action no="4" player="Thechosenoonee" type="1" discard="1" dealt="1" sum="20"/>
<action no="5" player="KOPKHUNKRAP" type="2" sum="40"/>
</round>
<round no="1"><cards type="Pocket" player="Alfiobucarest">X X</cards>
<cards type="Pocket" player="Thechosenoonee">H3 SK</cards>
<cards type="Pocket" player="KOPKHUNKRAP">DA D6</cards>
<action no="6" player="Alfiobucarest" type="0" discard="1" dealt="1" sum="0"/>
<action no="7" player="Thechosenoonee" type="23" discard="1" dealt="1" sum="273"/>
<action no="8" player="KOPKHUNKRAP" type="3" sum="233"/>
</round>
<round no="2"><cards type="Flop">H6 DQ C2</cards>
</round>
<round no="3"><cards type="Turn">C5</cards>
</round>
<round no="4"><cards type="River">CQ</cards>
</round>
</game>
<game gamecode="6560322217"><general>
<startdate>2025-12-16 02:08:34</startdate>
<round>1</round>
<failsafecounter/>
<players><player seat="10" name="Alfiobucarest" chips="646" dealer="0" win="0" bet="65" muck="1" rebuy="0" addon="0" merge="0" rebuychips="0" reg_code="5080825509"/>
<player seat="6" name="KOPKHUNKRAP" chips="854" dealer="1" win="130" bet="125" muck="1" rebuy="0" addon="0" merge="0" rebuychips="0" reg_code="5080825386"/>
</players>
</general>
<round no="0"><action no="1" player="KOPKHUNKRAP" type="15" sum="5"/>
<action no="2" player="Alfiobucarest" type="15" discard="1" dealt="1" sum="5"/>
<action no="3" player="KOPKHUNKRAP" type="1" sum="30"/>
<action no="4" player="Alfiobucarest" type="2" discard="1" dealt="1" sum="60"/>
</round>
<round no="1"><cards type="Pocket" player="Alfiobucarest">X X</cards>
<cards type="Pocket" player="KOPKHUNKRAP">S7 C7</cards>
<action no="5" player="KOPKHUNKRAP" type="3" sum="30"/>
<action no="6" player="Alfiobucarest" type="4" discard="1" dealt="1" sum="0"/>
</round>
<round no="2"><cards type="Flop">S4 D9 DA</cards>
<action no="7" player="Alfiobucarest" type="4" discard="1" dealt="1" sum="0"/>
<action no="8" player="KOPKHUNKRAP" type="4" sum="0"/>
</round>
<round no="3"><cards type="Turn">D10</cards>
<action no="9" player="Alfiobucarest" type="4" discard="1" dealt="1" sum="0"/>
<action no="10" player="KOPKHUNKRAP" type="5" sum="60"/>
<action no="11" player="Alfiobucarest" type="0" discard="1" dealt="1" sum="0"/>
</round>
</game>
<game gamecode="6560322267"><general>
<startdate>2025-12-16 02:08:55</startdate>
<round>1</round>
<failsafecounter/>
<players><player seat="6" name="KOPKHUNKRAP" chips="919" dealer="0" win="70" bet="65" muck="1" rebuy="0" addon="0" merge="0" rebuychips="0" reg_code="5080825386"/>
<player seat="10" name="Alfiobucarest" chips="581" dealer="1" win="0" bet="35" muck="1" rebuy="0" addon="0" merge="0" rebuychips="0" reg_code="5080825509"/>
</players>
</general>
<round no="0"><action no="1" player="Alfiobucarest" type="15" discard="1" dealt="1" sum="5"/>
<action no="2" player="KOPKHUNKRAP" type="15" sum="5"/>
<action no="3" player="Alfiobucarest" type="1" discard="1" dealt="1" sum="30"/>
<action no="4" player="KOPKHUNKRAP" type="2" sum="60"/>
</round>
<round no="1"><cards type="Pocket" player="KOPKHUNKRAP">DA DJ</cards>
<cards type="Pocket" player="Alfiobucarest">X X</cards>
<action no="5" player="Alfiobucarest" type="0" discard="1" dealt="1" sum="0"/>
</round>
</game>
<game gamecode="6560322279"><general>
<startdate>2025-12-16 02:09:01</startdate>
<round>1</round>
<failsafecounter/>
<players><player seat="10" name="Alfiobucarest" chips="546" dealer="0" win="1,092" bet="546" muck="0" rebuy="0" addon="0" merge="0" rebuychips="0" reg_code="5080825509"/>
<player seat="6" name="KOPKHUNKRAP" chips="954" dealer="1" win="0" bet="954" muck="1" rebuy="0" addon="0" merge="0" rebuychips="0" reg_code="5080825386"/>
</players>
</general>
<round no="0"><action no="1" player="KOPKHUNKRAP" type="15" sum="5"/>
<action no="2" player="Alfiobucarest" type="15" discard="1" dealt="1" sum="5"/>
<action no="3" player="KOPKHUNKRAP" type="1" sum="30"/>
<action no="4" player="Alfiobucarest" type="2" discard="1" dealt="1" sum="60"/>
</round>
<round no="1"><cards type="Pocket" player="Alfiobucarest">S5 C5</cards>
<cards type="Pocket" player="KOPKHUNKRAP">S8 SA</cards>
<action no="5" player="KOPKHUNKRAP" type="23" sum="949"/>
<action no="6" player="Alfiobucarest" type="7" discard="1" dealt="1" sum="481"/>
</round>
<round no="2"><cards type="Flop">C6 D9 HK</cards>
</round>
<round no="3"><cards type="Turn">S10</cards>
</round>
<round no="4"><cards type="River">CK</cards>
</round>
</game>
<game gamecode="6560322317"><general>
<startdate>2025-12-16 02:09:17</startdate>
<round>1</round>
<failsafecounter/>
<players><player seat="6" name="KOPKHUNKRAP" chips="408" dealer="0" win="70" bet="65" muck="1" rebuy="0" addon="0" merge="0" rebuychips="0" reg_code="5080825386"/>
<player seat="10" name="Alfiobucarest" chips="1,092" dealer="1" win="0" bet="35" muck="1" rebuy="0" addon="0" merge="0" rebuychips="0" reg_code="5080825509"/>
</players>
</general>
<round no="0"><action no="1" player="Alfiobucarest" type="15" discard="1" dealt="1" sum="5"/>
<action no="2" player="KOPKHUNKRAP" type="15" sum="5"/>
<action no="3" player="Alfiobucarest" type="1" discard="1" dealt="1" sum="30"/>
<action no="4" player="KOPKHUNKRAP" type="2" sum="60"/>
</round>
<round no="1"><cards type="Pocket" player="KOPKHUNKRAP">C5 DA</cards>
<cards type="Pocket" player="Alfiobucarest">X X</cards>
<action no="5" player="Alfiobucarest" type="0" discard="1" dealt="1" sum="0"/>
</round>
</game>
<game gamecode="6560322342"><general>
<startdate>2025-12-16 02:09:26</startdate>
<round>1</round>
<failsafecounter/>
<players><player seat="10" name="Alfiobucarest" chips="1,057" dealer="0" win="70" bet="65" muck="1" rebuy="0" addon="0" merge="0" rebuychips="0" reg_code="5080825509"/>
<player seat="6" name="KOPKHUNKRAP" chips="443" dealer="1" win="0" bet="35" muck="1" rebuy="0" addon="0" merge="0" rebuychips="0" reg_code="5080825386"/>
</players>
</general>
<round no="0"><action no="1" player="KOPKHUNKRAP" type="15" sum="5"/>
<action no="2" player="Alfiobucarest" type="15" discard="1" dealt="1" sum="5"/>
<action no="3" player="KOPKHUNKRAP" type="1" sum="30"/>
<action no="4" player="Alfiobucarest" type="2" discard="1" dealt="1" sum="60"/>
</round>
<round no="1"><cards type="Pocket" player="KOPKHUNKRAP">S2 H7</cards>
<cards type="Pocket" player="Alfiobucarest">X X</cards>
<action no="5" player="KOPKHUNKRAP" type="0" sum="0"/>
</round>
</game>
<game gamecode="6560322360"><general>
<startdate>2025-12-16 02:09:33</startdate>
<round>1</round>
<failsafecounter/>
<players><player seat="6" name="KOPKHUNKRAP" chips="408" dealer="0" win="130" bet="130" muck="1" rebuy="0" addon="0" merge="0" rebuychips="0" reg_code="5080825386"/>
<player seat="10" name="Alfiobucarest" chips="1,092" dealer="1" win="0" bet="65" muck="1" rebuy="0" addon="0" merge="0" rebuychips="0" reg_code="5080825509"/>
</players>
</general>
<round no="0"><action no="1" player="Alfiobucarest" type="15" discard="1" dealt="1" sum="5"/>
<action no="2" player="KOPKHUNKRAP" type="15" sum="5"/>
<action no="3" player="Alfiobucarest" type="1" discard="1" dealt="1" sum="30"/>
<action no="4" player="KOPKHUNKRAP" type="2" sum="60"/>
</round>
<round no="1"><cards type="Pocket" player="KOPKHUNKRAP">H5 H6</cards>
<cards type="Pocket" player="Alfiobucarest">X X</cards>
<action no="5" player="Alfiobucarest" type="3" discard="1" dealt="1" sum="30"/>
<action no="6" player="KOPKHUNKRAP" type="4" sum="0"/>
</round>
<round no="2"><cards type="Flop">S4 H3 C6</cards>
<action no="7" player="KOPKHUNKRAP" type="4" sum="0"/>
<action no="8" player="Alfiobucarest" type="4" discard="1" dealt="1" sum="0"/>
</round>
<round no="3"><cards type="Turn">DA</cards>
<action no="9" player="KOPKHUNKRAP" type="5" sum="65"/>
<action no="10" player="Alfiobucarest" type="0" discard="1" dealt="1" sum="0"/>
</round>
</game>
<game gamecode="6560322399"><general>
<startdate>2025-12-16 02:09:52</startdate>
<round>1</round>
<failsafecounter/>
<players><player seat="10" name="Alfiobucarest" chips="1,027" dealer="0" win="0" bet="65" muck="1" rebuy="0" addon="0" merge="0" rebuychips="0" reg_code="5080825509"/>
<player seat="6" name="KOPKHUNKRAP" chips="473" dealer="1" win="130" bet="473" muck="1" rebuy="0" addon="0" merge="0" rebuychips="0" reg_code="5080825386"/>
</players>
</general>
<round no="0"><action no="1" player="KOPKHUNKRAP" type="15" sum="5"/>
<action no="2" player="Alfiobucarest" type="15" discard="1" dealt="1" sum="5"/>
<action no="3" player="KOPKHUNKRAP" type="1" sum="30"/>
<action no="4" player="Alfiobucarest" type="2" discard="1" dealt="1" sum="60"/>
</round>
<round no="1"><cards type="Pocket" player="Alfiobucarest">X X</cards>
<cards type="Pocket" player="KOPKHUNKRAP">DQ C7</cards>
<action no="5" player="KOPKHUNKRAP" type="23" sum="468"/>
<action no="6" player="Alfiobucarest" type="0" discard="1" dealt="1" sum="0"/>
</round>
</game>
<game gamecode="6560322412"><general>
<startdate>2025-12-16 02:09:58</startdate>
<round>1</round>
<failsafecounter/>
<players><player seat="6" name="KOPKHUNKRAP" chips="538" dealer="0" win="0" bet="65" muck="1" rebuy="0" addon="0" merge="0" rebuychips="0" reg_code="5080825386"/>
<player seat="10" name="Alfiobucarest" chips="962" dealer="1" win="130" bet="665" muck="1" rebuy="0" addon="0" merge="0" rebuychips="0" reg_code="5080825509"/>
</players>
</general>
<round no="0"><action no="1" player="Alfiobucarest" type="15" discard="1" dealt="1" sum="5"/>
<action no="2" player="KOPKHUNKRAP" type="15" sum="5"/>
<action no="3" player="Alfiobucarest" type="1" discard="1" dealt="1" sum="30"/>
<action no="4" player="KOPKHUNKRAP" type="2" sum="60"/>
</round>
<round no="1"><cards type="Pocket" player="Alfiobucarest">X X</cards>
<cards type="Pocket" player="KOPKHUNKRAP">D7 H9</cards>
<action no="5" player="Alfiobucarest" type="23" discard="1" dealt="1" sum="660"/>
<action no="6" player="KOPKHUNKRAP" type="0" sum="0"/>
</round>
</game>
<game gamecode="6560322430"><general>
<startdate>2025-12-16 02:10:09</startdate>
<round>1</round>
<failsafecounter/>
<players><player seat="10" name="Alfiobucarest" chips="1,027" dealer="0" win="946" bet="473" muck="0" rebuy="0" addon="0" merge="0" rebuychips="0" reg_code="5080825509"/>
<player seat="6" name="KOPKHUNKRAP" chips="473" dealer="1" win="0" bet="473" muck="0" rebuy="0" addon="0" merge="0" rebuychips="0" reg_code="5080825386"/>
</players>
</general>
<round no="0"><action no="1" player="KOPKHUNKRAP" type="15" sum="8"/>
<action no="2" player="Alfiobucarest" type="15" discard="1" dealt="1" sum="8"/>
<action no="3" player="KOPKHUNKRAP" type="1" sum="40"/>
<action no="4" player="Alfiobucarest" type="2" discard="1" dealt="1" sum="80"/>
</round>
<round no="1"><cards type="Pocket" player="Alfiobucarest">HJ DK</cards>
<cards type="Pocket" player="KOPKHUNKRAP">H10 CK</cards>
<action no="5" player="KOPKHUNKRAP" type="23" sum="465"/>
<action no="6" player="Alfiobucarest" type="3" discard="1" dealt="1" sum="385"/>
</round>
<round no="2"><cards type="Flop">D9 S3 D4</cards>
</round>
<round no="3"><cards type="Turn">H7</cards>
</round>
<round no="4"><cards type="River">HA</cards>
</round>
</game>
</session>
