<?xml version="1.0" encoding="UTF-8"?>
<session sessioncode="5080815323">
<general>
<client_version>24.7.1.15</client_version>
<mode>real</mode>
<gametype>Holdem NL</gametype>
<tablename>Twister €200 SNG, 823914579</tablename>
<tournamentcode>823914578</tournamentcode>
<tournamentname>Twister €200 SNG</tournamentname>
<buyin>€0 + €12 + €188</buyin>
<totalbuyin>€200</totalbuyin>
<rewarddrawn>€600</rewarddrawn>
<tournamentcurrency>EUR</tournamentcurrency>
<currency>EUR</currency>
<nickname>KOPKHUNKRAP</nickname>
<gamecount>5</gamecount>
<startdate>2025-12-16 01:14:43</startdate>
<place>3</place>
<win>€0</win>
<tablesize>3</tablesize>
</general>
<game gamecode="6560281318"><general>
<startdate>2025-12-16 01:14:59</startdate>
<round>1</round>
<failsafecounter/>
<players><player seat="10" name="KOPKHUNKRAP" chips="500" dealer="0" win="0" bet="20" muck="1" rebuy="0" addon="0" merge="0" rebuychips="0" reg_code="5080815323"/>
<player seat="3" name="Zanjef" chips="500" dealer="1" win="0" bet="0" muck="1" rebuy="0" addon="0" merge="0" rebuychips="0" reg_code="5080815075"/>
<player seat="6" name="OndaBianca1" chips="500" dealer="0" win="40" bet="80" muck="1" rebuy="0" addon="0" merge="0" rebuychips="0" reg_code="5080815134"/>
</players>
</general>
<round no="0"><action no="1" player="OndaBianca1" type="1" discard="1" dealt="1" sum="10"/>
<action no="2" player="KOPKHUNKRAP" type="2" sum="20"/>
</round>
<round no="1"><cards type="Pocket" player="KOPKHUNKRAP">D2 H7</cards>
<cards type="Pocket" player="Zanjef">X X</cards>
<cards type="Pocket" player="OndaBianca1">X X</cards>
<action no="3" player="Zanjef" type="0" discard="1" dealt="1" sum="0"/>
<action no="4" player="OndaBianca1" type="3" discard="1" dealt="1" sum="10"/>
<action no="5" player="KOPKHUNKRAP" type="4" sum="0"/>
</round>
<round no="2"><cards type="Flop">C8 S4 S6</cards>
<action no="6" player="OndaBianca1" type="4" discard="1" dealt="1" sum="0"/>
<action no="7" player="KOPKHUNKRAP" type="4" sum="0"/>
</round>
<round no="3"><cards type="Turn">S2</cards>
<action no="8" player="OndaBianca1" type="4" discard="1" dealt="1" sum="0"/>
<action no="9" player="KOPKHUNKRAP" type="4" sum="0"/>
</round>
<round no="4"><cards type="River">CA</cards>
<action no="10" player="OndaBianca1" type="5" discard="1" dealt="1" sum="60"/>
<action no="11" player="KOPKHUNKRAP" type="0" sum="0"/>
</round>
</game>
<game gamecode="6560281431"><general>
<startdate>2025-12-16 01:15:42</startdate>
<round>1</round>
<failsafecounter/>
<players><player seat="3" name="Zanjef" chips="500" dealer="0" win="0" bet="185" muck="1" rebuy="0" addon="0" merge="0" rebuychips="0" reg_code="5080815075"/>
<player seat="6" name="OndaBianca1" chips="520" dealer="1" win="380" bet="520" muck="1" rebuy="0" addon="0" merge="0" rebuychips="0" reg_code="5080815134"/>
<player seat="10" name="KOPKHUNKRAP" chips="480" dealer="0" win="0" bet="10" muck="1" rebuy="0" addon="0" merge="0" rebuychips="0" reg_code="5080815323"/>
</players>
</general>
<round no="0"><action no="1" player="KOPKHUNKRAP" type="1" sum="10"/>
<action no="2" player="Zanjef" type="2" discard="1" dealt="1" sum="20"/>
</round>
<round no="1"><cards type="Pocket" player="Zanjef">X X</cards>
<cards type="Pocket" player="KOPKHUNKRAP">S4 CJ</cards>
<cards type="Pocket" player="OndaBianca1">X X</cards>
<action no="3" player="OndaBianca1" type="23" discard="1" dealt="1" sum="40"/>
<action no="4" player="KOPKHUNKRAP" type="0" sum="0"/>
<action no="5" player="Zanjef" type="3" discard="1" dealt="1" sum="20"/>
</round>
<round no="2"><cards type="Flop">CK D3 C6</cards>
<action no="6" player="Zanjef" type="4" discard="1" dealt="1" sum="0"/>
<action no="7" player="OndaBianca1" type="5" discard="1" dealt="1" sum="30"/>
<action no="8" player="Zanjef" type="3" discard="1" dealt="1" sum="30"/>
</round>
<round no="3"><cards type="Turn">D8</cards>
<action no="9" player="Zanjef" type="4" discard="1" dealt="1" sum="0"/>
<action no="10" player="OndaBianca1" type="5" discard="1" dealt="1" sum="115"/>
<action no="11" player="Zanjef" type="3" discard="1" dealt="1" sum="115"/>
</round>
<round no="4"><cards type="River">S7</cards>
<action no="12" player="Zanjef" type="4" discard="1" dealt="1" sum="0"/>
<action no="13" player="OndaBianca1" type="5" discard="1" dealt="1" sum="335"/>
<action no="14" player="Zanjef" type="0" discard="1" dealt="1" sum="0"/>
</round>
</game>
<game gamecode="6560281534"><general>
<startdate>2025-12-16 01:16:20</startdate>
<round>1</round>
<failsafecounter/>
<players><player seat="6" name="OndaBianca1" chips="715" dealer="0" win="148" bet="205" muck="1" rebuy="0" addon="0" merge="0" rebuychips="0" reg_code="5080815134"/>
<player seat="10" name="KOPKHUNKRAP" chips="470" dealer="1" win="0" bet="69" muck="1" rebuy="0" addon="0" merge="0" rebuychips="0" reg_code="5080815323"/>
<player seat="3" name="Zanjef" chips="315" dealer="0" win="0" bet="10" muck="1" rebuy="0" addon="0" merge="0" rebuychips="0" reg_code="5080815075"/>
</players>
</general>
<round no="0"><action no="1" player="Zanjef" type="1" discard="1" dealt="1" sum="10"/>
<action no="2" player="OndaBianca1" type="2" discard="1" dealt="1" sum="20"/>
</round>
<round no="1"><cards type="Pocket" player="OndaBianca1">X X</cards>
<cards type="Pocket" player="Zanjef">X X</cards>
<cards type="Pocket" player="KOPKHUNKRAP">C9 CQ</cards>
<action no="3" player="KOPKHUNKRAP" type="23" sum="40"/>
<action no="4" player="Zanjef" type="0" discard="1" dealt="1" sum="0"/>
<action no="5" player="OndaBianca1" type="3" discard="1" dealt="1" sum="20"/>
</round>
<round no="2"><cards type="Flop">HA CJ H7</cards>
<action no="6" player="OndaBianca1" type="4" discard="1" dealt="1" sum="0"/>
<action no="7" player="KOPKHUNKRAP" type="5" sum="29"/>
<action no="8" player="OndaBianca1" type="3" discard="1" dealt="1" sum="29"/>
</round>
<round no="3"><cards type="Turn">H3</cards>
<action no="9" player="OndaBianca1" type="4" discard="1" dealt="1" sum="0"/>
<action no="10" player="KOPKHUNKRAP" type="4" sum="0"/>
</round>
<round no="4"><cards type="River">DA</cards>
<action no="11" player="OndaBianca1" type="5" discard="1" dealt="1" sum="136"/>
<action no="12" player="KOPKHUNKRAP" type="0" sum="0"/>
</round>
</game>
<game gamecode="6560281607"><general>
<startdate>2025-12-16 01:16:46</startdate>
<round>1</round>
<failsafecounter/>
<players><player seat="10" name="KOPKHUNKRAP" chips="401" dealer="0" win="0" bet="305" muck="1" rebuy="0" addon="0" merge="0" rebuychips="0" reg_code="5080815323"/>
<player seat="3" name="Zanjef" chips="305" dealer="1" win="630" bet="305" muck="0" rebuy="0" addon="0" merge="0" rebuychips="0" reg_code="5080815075"/>
<player seat="6" name="OndaBianca1" chips="794" dealer="0" win="0" bet="20" muck="1" rebuy="0" addon="0" merge="0" rebuychips="0" reg_code="5080815134"/>
</players>
</general>
<round no="0"><action no="1" player="OndaBianca1" type="15" discard="1" dealt="1" sum="5"/>
<action no="2" player="KOPKHUNKRAP" type="15" sum="5"/>
<action no="3" player="Zanjef" type="15" discard="1" dealt="1" sum="5"/>
<action no="4" player="OndaBianca1" type="1" discard="1" dealt="1" sum="15"/>
<action no="5" player="KOPKHUNKRAP" type="2" sum="30"/>
</round>
<round no="1"><cards type="Pocket" player="Zanjef">C8 DK</cards>
<cards type="Pocket" player="KOPKHUNKRAP">SJ SA</cards>
<cards type="Pocket" player="OndaBianca1">X X</cards>
<action no="6" player="Zanjef" type="23" discard="1" dealt="1" sum="300"/>
<action no="7" player="OndaBianca1" type="0" discard="1" dealt="1" sum="0"/>
<action no="8" player="KOPKHUNKRAP" type="3" sum="270"/>
</round>
<round no="2"><cards type="Flop">HK D6 H3</cards>
</round>
<round no="3"><cards type="Turn">S7</cards>
</round>
<round no="4"><cards type="River">C4</cards>
</round>
</game>
<game gamecode="6560281661"><general>
<startdate>2025-12-16 01:17:05</startdate>
<round>1</round>
<failsafecounter/>
<players><player seat="3" name="Zanjef" chips="630" dealer="0" win="257" bet="630" muck="0" rebuy="0" addon="0" merge="0" rebuychips="0" reg_code="5080815075"/>
<player seat="6" name="OndaBianca1" chips="774" dealer="1" win="0" bet="65" muck="1" rebuy="0" addon="0" merge="0" rebuychips="0" reg_code="5080815134"/>
<player seat="10" name="KOPKHUNKRAP" chips="96" dealer="0" win="0" bet="96" muck="1" rebuy="0" addon="0" merge="0" rebuychips="0" reg_code="5080815323"/>
</players>
</general>
<round no="0"><action no="1" player="KOPKHUNKRAP" type="15" sum="5"/>
<action no="2" player="Zanjef" type="15" discard="1" dealt="1" sum="5"/>
<action no="3" player="OndaBianca1" type="15" discard="1" dealt="1" sum="5"/>
<action no="4" player="KOPKHUNKRAP" type="1" sum="15"/>
<action no="5" player="Zanjef" type="2" discard="1" dealt="1" sum="30"/>
</round>
<round no="1"><cards type="Pocket" player="Zanjef">SJ DA</cards>
<cards type="Pocket" player="KOPKHUNKRAP">SA C7</cards>
<cards type="Pocket" player="OndaBianca1">X X</cards>
<action no="6" player="OndaBianca1" type="23" discard="1" dealt="1" sum="60"/>
<action no="7" player="KOPKHUNKRAP" type="23" sum="91"/>
<action no="8" player="Zanjef" type="23" discard="1" dealt="1" sum="625"/>
<action no="9" player="OndaBianca1" type="0" discard="1" dealt="1" sum="0"/>
</round>
<round no="2"><cards type="Flop">C4 H9 C10</cards>
</round>
<round no="3"><cards type="Turn">DQ</cards>
</round>
<round no="4"><cards type="River">S5</cards>
</round>
</game>
</session>
