<?xml version="1.0" encoding="UTF-8"?>
<session sessioncode="5080825489">
<general>
<client_version>24.7.1.15</client_version>
<mode>real</mode>
<gametype>Holdem NL</gametype>
<tablename>Twister €200 SNG, 823916859</tablename>
<tournamentcode>823916858</tournamentcode>
<tournamentname>Twister €200 SNG</tournamentname>
<buyin>€0 + €12 + €188</buyin>
<totalbuyin>€200</totalbuyin>
<rewarddrawn>€400</rewarddrawn>
<tournamentcurrency>EUR</tournamentcurrency>
<currency>EUR</currency>
<nickname>KOPKHUNKRAP</nickname>
<gamecount>7</gamecount>
<startdate>2025-12-16 02:04:38</startdate>
<place>1</place>
<win>€400</win>
<tablesize>3</tablesize>
</general>
<game gamecode="6560319756"><general>
<startdate>2025-12-16 02:04:53</startdate>
<round>1</round>
<failsafecounter/>
<players><player seat="6" name="OndaBianca1" chips="500" dealer="0" win="40" bet="60" muck="1" rebuy="0" addon="0" merge="0" rebuychips="0" reg_code="5080825635"/>
<player seat="10" name="Thechosenoonee" chips="500" dealer="1" win="0" bet="0" muck="1" rebuy="0" addon="0" merge="0" rebuychips="0" reg_code="5080825710"/>
<player seat="3" name="KOPKHUNKRAP" chips="500" dealer="0" win="0" bet="20" muck="1" rebuy="0" addon="0" merge="0" rebuychips="0" reg_code="5080825489"/>
</players>
</general>
<round no="0"><action no="1" player="KOPKHUNKRAP" type="1" sum="10"/>
<action no="2" player="OndaBianca1" type="2" discard="1" dealt="1" sum="20"/>
</round>
<round no="1"><cards type="Pocket" player="Thechosenoonee">X X</cards>
<cards type="Pocket" player="OndaBianca1">X X</cards>
<cards type="Pocket" player="KOPKHUNKRAP">C4 H4</cards>
<action no="3" player="Thechosenoonee" type="0" discard="1" dealt="1" sum="0"/>
<action no="4" player="KOPKHUNKRAP" type="3" sum="10"/>
<action no="5" player="OndaBianca1" type="4" discard="1" dealt="1" sum="0"/>
</round>
<round no="2"><cards type="Flop">S5 S8 H7</cards>
<action no="6" player="KOPKHUNKRAP" type="4" sum="0"/>
<action no="7" player="OndaBianca1" type="5" discard="1" dealt="1" sum="40"/>
<action no="8" player="KOPKHUNKRAP" type="0" sum="0"/>
</round>
</game>
<game gamecode="6560319895"><general>
<startdate>2025-12-16 02:05:27</startdate>
<round>1</round>
<failsafecounter/>
<players><player seat="10" name="Thechosenoonee" chips="500" dealer="0" win="0" bet="60" muck="1" rebuy="0" addon="0" merge="0" rebuychips="0" reg_code="5080825710"/>
<player seat="3" name="KOPKHUNKRAP" chips="480" dealer="1" win="130" bet="140" muck="1" rebuy="0" addon="0" merge="0" rebuychips="0" reg_code="5080825489"/>
<player seat="6" name="OndaBianca1" chips="520" dealer="0" win="0" bet="10" muck="1" rebuy="0" addon="0" merge="0" rebuychips="0" reg_code="5080825635"/>
</players>
</general>
<round no="0"><action no="1" player="OndaBianca1" type="1" discard="1" dealt="1" sum="10"/>
<action no="2" player="Thechosenoonee" type="2" discard="1" dealt="1" sum="20"/>
</round>
<round no="1"><cards type="Pocket" player="KOPKHUNKRAP">H10 HK</cards>
<cards type="Pocket" player="Thechosenoonee">X X</cards>
<cards type="Pocket" player="OndaBianca1">X X</cards>
<action no="3" player="KOPKHUNKRAP" type="23" sum="40"/>
<action no="4" player="OndaBianca1" type="0" discard="1" dealt="1" sum="0"/>
<action no="5" player="Thechosenoonee" type="3" discard="1" dealt="1" sum="20"/>
</round>
<round no="2"><cards type="Flop">S10 C10 H6</cards>
<action no="6" player="Thechosenoonee" type="4" discard="1" dealt="1" sum="0"/>
<action no="7" player="KOPKHUNKRAP" type="5" sum="20"/>
<action no="8" player="Thechosenoonee" type="3" discard="1" dealt="1" sum="20"/>
</round>
<round no="3"><cards type="Turn">DQ</cards>
<action no="9" player="Thechosenoonee" type="4" discard="1" dealt="1" sum="0"/>
<action no="10" player="KOPKHUNKRAP" type="5" sum="80"/>
<action no="11" player="Thechosenoonee" type="0" discard="1" dealt="1" sum="0"/>
</round>
</game>
<game gamecode="6560320030"><general>
<startdate>2025-12-16 02:06:01</startdate>
<round>1</round>
<failsafecounter/>
<players><player seat="3" name="KOPKHUNKRAP" chips="550" dealer="0" win="0" bet="70" muck="1" rebuy="0" addon="0" merge="0" rebuychips="0" reg_code="5080825489"/>
<player seat="6" name="OndaBianca1" chips="510" dealer="1" win="150" bet="145" muck="1" rebuy="0" addon="0" merge="0" rebuychips="0" reg_code="5080825635"/>
<player seat="10" name="Thechosenoonee" chips="440" dealer="0" win="0" bet="10" muck="1" rebuy="0" addon="0" merge="0" rebuychips="0" reg_code="5080825710"/>
</players>
</general>
<round no="0"><action no="1" player="Thechosenoonee" type="1" discard="1" dealt="1" sum="10"/>
<action no="2" player="KOPKHUNKRAP" type="2" sum="20"/>
</round>
<round no="1"><cards type="Pocket" player="OndaBianca1">X X</cards>
<cards type="Pocket" player="Thechosenoonee">X X</cards>
<cards type="Pocket" player="KOPKHUNKRAP">C5 C7</cards>
<action no="3" player="OndaBianca1" type="23" discard="1" dealt="1" sum="40"/>
<action no="4" player="Thechosenoonee" type="0" discard="1" dealt="1" sum="0"/>
<action no="5" player="KOPKHUNKRAP" type="3" sum="20"/>
</round>
<round no="2"><cards type="Flop">D6 C4 DA</cards>
<action no="6" player="KOPKHUNKRAP" type="4" sum="0"/>
<action no="7" player="OndaBianca1" type="5" discard="1" dealt="1" sum="30"/>
<action no="8" player="KOPKHUNKRAP" type="3" sum="30"/>
</round>
<round no="3"><cards type="Turn">DQ</cards>
<action no="9" player="KOPKHUNKRAP" type="4" sum="0"/>
<action no="10" player="OndaBianca1" type="5" discard="1" dealt="1" sum="75"/>
<action no="11" player="KOPKHUNKRAP" type="0" sum="0"/>
</round>
</game>
<game gamecode="6560320130"><general>
<startdate>2025-12-16 02:06:28</startdate>
<round>1</round>
<failsafecounter/>
<players><player seat="6" name="OndaBianca1" chips="590" dealer="0" win="0" bet="20" muck="1" rebuy="0" addon="0" merge="0" rebuychips="0" reg_code="5080825635"/>
<player seat="10" name="Thechosenoonee" chips="430" dealer="1" win="50" bet="40" muck="1" rebuy="0" addon="0" merge="0" rebuychips="0" reg_code="5080825710"/>
<player seat="3" name="KOPKHUNKRAP" chips="480" dealer="0" win="0" bet="10" muck="1" rebuy="0" addon="0" merge="0" rebuychips="0" reg_code="5080825489"/>
</players>
</general>
<round no="0"><action no="1" player="KOPKHUNKRAP" type="1" sum="10"/>
<action no="2" player="OndaBianca1" type="2" discard="1" dealt="1" sum="20"/>
</round>
<round no="1"><cards type="Pocket" player="Thechosenoonee">X X</cards>
<cards type="Pocket" player="KOPKHUNKRAP">D8 CJ</cards>
<cards type="Pocket" player="OndaBianca1">X X</cards>
<action no="3" player="Thechosenoonee" type="23" discard="1" dealt="1" sum="40"/>
<action no="4" player="KOPKHUNKRAP" type="0" sum="0"/>
<action no="5" player="OndaBianca1" type="0" discard="1" dealt="1" sum="0"/>
</round>
</game>
<game gamecode="6560320172"><general>
<startdate>2025-12-16 02:06:37</startdate>
<round>1</round>
<failsafecounter/>
<players><player seat="10" name="Thechosenoonee" chips="460" dealer="0" win="0" bet="65" muck="1" rebuy="0" addon="0" merge="0" rebuychips="0" reg_code="5080825710"/>
<player seat="3" name="KOPKHUNKRAP" chips="470" dealer="1" win="150" bet="110" muck="1" rebuy="0" addon="0" merge="0" rebuychips="0" reg_code="5080825489"/>
<player seat="6" name="OndaBianca1" chips="570" dealer="0" win="0" bet="20" muck="1" rebuy="0" addon="0" merge="0" rebuychips="0" reg_code="5080825635"/>
</players>
</general>
<round no="0"><action no="1" player="OndaBianca1" type="15" discard="1" dealt="1" sum="5"/>
<action no="2" player="Thechosenoonee" type="15" discard="1" dealt="1" sum="5"/>
<action no="3" player="KOPKHUNKRAP" type="15" sum="5"/>
<action no="4" player="OndaBianca1" type="1" discard="1" dealt="1" sum="15"/>
<action no="5" player="Thechosenoonee" type="2" discard="1" dealt="1" sum="30"/>
</round>
<round no="1"><cards type="Pocket" player="Thechosenoonee">X X</cards>
<cards type="Pocket" player="KOPKHUNKRAP">SJ CJ</cards>
<cards type="Pocket" player="OndaBianca1">X X</cards>
<action no="6" player="KOPKHUNKRAP" type="23" sum="60"/>
<action no="7" player="OndaBianca1" type="0" discard="1" dealt="1" sum="0"/>
<action no="8" player="Thechosenoonee" type="3" discard="1" dealt="1" sum="30"/>
</round>
<round no="2"><cards type="Flop">C4 S6 D2</cards>
<action no="9" player="Thechosenoonee" type="4" discard="1" dealt="1" sum="0"/>
<action no="10" player="KOPKHUNKRAP" type="5" sum="45"/>
<action no="11" player="Thechosenoonee" type="0" discard="1" dealt="1" sum="0"/>
</round>
</game>
<game gamecode="6560320319"><general>
<startdate>2025-12-16 02:07:13</startdate>
<round>1</round>
<failsafecounter/>
<players><player seat="3" name="KOPKHUNKRAP" chips="555" dealer="0" win="1,120" bet="555" muck="0" rebuy="0" addon="0" merge="0" rebuychips="0" reg_code="5080825489"/>
<player seat="6" name="OndaBianca1" chips="550" dealer="1" win="0" bet="550" muck="1" rebuy="0" addon="0" merge="0" rebuychips="0" reg_code="5080825635"/>
<player seat="10" name="Thechosenoonee" chips="395" dealer="0" win="0" bet="20" muck="1" rebuy="0" addon="0" merge="0" rebuychips="0" reg_code="5080825710"/>
</players>
</general>
<round no="0"><action no="1" player="Thechosenoonee" type="15" discard="1" dealt="1" sum="5"/>
<action no="2" player="KOPKHUNKRAP" type="15" sum="5"/>
<action no="3" player="OndaBianca1" type="15" discard="1" dealt="1" sum="5"/>
<action no="4" player="Thechosenoonee" type="1" discard="1" dealt="1" sum="15"/>
<action no="5" player="KOPKHUNKRAP" type="2" sum="30"/>
</round>
<round no="1"><cards type="Pocket" player="Thechosenoonee">X X</cards>
<cards type="Pocket" player="OndaBianca1">SK SA</cards>
<cards type="Pocket" player="KOPKHUNKRAP">S3 H3</cards>
<action no="6" player="OndaBianca1" type="23" discard="1" dealt="1" sum="60"/>
<action no="7" player="Thechosenoonee" type="0" discard="1" dealt="1" sum="0"/>
<action no="8" player="KOPKHUNKRAP" type="23" sum="550"/>
<action no="9" player="OndaBianca1" type="7" discard="1" dealt="1" sum="485"/>
</round>
<round no="2"><cards type="Flop">D4 D5 D6</cards>
</round>
<round no="3"><cards type="Turn">S7</cards>
</round>
<round no="4"><cards type="River">D9</cards>
</round>
</game>
<game gamecode="6560320408"><general>
<startdate>2025-12-16 02:07:35</startdate>
<round>1</round>
<failsafecounter/>
<players><player seat="3" name="KOPKHUNKRAP" chips="1,125" dealer="0" win="750" bet="375" muck="0" rebuy="0" addon="0" merge="0" rebuychips="0" reg_code="5080825489"/>
<player seat="10" name="Thechosenoonee" chips="375" dealer="1" win="0" bet="375" muck="0" rebuy="0" addon="0" merge="0" rebuychips="0" reg_code="5080825710"/>
</players>
</general>
<round no="0"><action no="1" player="Thechosenoonee" type="15" discard="1" dealt="1" sum="5"/>
<action no="2" player="KOPKHUNKRAP" type="15" sum="5"/>
<action no="3" player="Thechosenoonee" type="1" discard="1" dealt="1" sum="15"/>
<action no="4" player="KOPKHUNKRAP" type="2" sum="30"/>
</round>
<round no="1"><cards type="Pocket" player="KOPKHUNKRAP">HA H10</cards>
<cards type="Pocket" player="Thechosenoonee">SA C6</cards>
<action no="5" player="Thechosenoonee" type="23" discard="1" dealt="1" sum="370"/>
<action no="6" player="KOPKHUNKRAP" type="3" sum="340"/>
</round>
<round no="2"><cards type="Flop">CA C2 D4</cards>
</round>
<round no="3"><cards type="Turn">H7</cards>
</round>
<round no="4"><cards type="River">DA</cards>
</round>
</game>
</session>
