<?xml version="1.0" encoding="UTF-8"?>
<session sessioncode="5080820464">
<general>
<client_version>24.7.1.15</client_version>
<mode>real</mode>
<gametype>Holdem NL</gametype>
<tablename>Twister €200 SNG, 823915711</tablename>
<tournamentcode>823915710</tournamentcode>
<tournamentname>Twister €200 SNG</tournamentname>
<buyin>€0 + €12 + €188</buyin>
<totalbuyin>€200</totalbuyin>
<rewarddrawn>€400</rewarddrawn>
<tournamentcurrency>EUR</tournamentcurrency>
<currency>EUR</currency>
<nickname>KOPKHUNKRAP</nickname>
<gamecount>10</gamecount>
<startdate>2025-12-16 01:47:39</startdate>
<place>2</place>
<win>€0</win>
<tablesize>3</tablesize>
</general>
<game gamecode="6560308168"><general>
<startdate>2025-12-16 01:47:54</startdate>
<round>1</round>
<failsafecounter/>
<players><player seat="10" name="Zanjef" chips="500" dealer="0" win="100" bet="50" muck="0" rebuy="0" addon="0" merge="0" rebuychips="0" reg_code="5080822676"/>
<player seat="3" name="OndaBianca1" chips="500" dealer="1" win="0" bet="0" muck="1" rebuy="0" addon="0" merge="0" rebuychips="0" reg_code="5080821239"/>
<player seat="6" name="KOPKHUNKRAP" chips="500" dealer="0" win="0" bet="50" muck="1" rebuy="0" addon="0" merge="0" rebuychips="0" reg_code="5080820464"/>
</players>
</general>
<round no="0"><action no="1" player="KOPKHUNKRAP" type="1" sum="10"/>
<action no="2" player="Zanjef" type="2" discard="1" dealt="1" sum="20"/>
</round>
<round no="1"><cards type="Pocket" player="OndaBianca1">X X</cards>
<cards type="Pocket" player="KOPKHUNKRAP">CA CQ</cards>
<cards type="Pocket" player="Zanjef">D5 S6</cards>
<action no="3" player="OndaBianca1" type="0" discard="1" dealt="1" sum="0"/>
<action no="4" player="KOPKHUNKRAP" type="23" sum="50"/>
<action no="5" player="Zanjef" type="3" discard="1" dealt="1" sum="30"/>
</round>
<round no="2"><cards type="Flop">S7 C8 H5</cards>
<action no="6" player="KOPKHUNKRAP" type="4" sum="0"/>
<action no="7" player="Zanjef" type="4" discard="1" dealt="1" sum="0"/>
</round>
<round no="3"><cards type="Turn">H2</cards>
<action no="8" player="KOPKHUNKRAP" type="4" sum="0"/>
<action no="9" player="Zanjef" type="4" discard="1" dealt="1" sum="0"/>
</round>
<round no="4"><cards type="River">D10</cards>
<action no="10" player="KOPKHUNKRAP" type="4" sum="0"/>
<action no="11" player="Zanjef" type="4" discard="1" dealt="1" sum="0"/>
</round>
</game>
<game gamecode="6560308208"><general>
<startdate>2025-12-16 01:48:15</startdate>
<round>1</round>
<failsafecounter/>
<players><player seat="3" name="OndaBianca1" chips="500" dealer="0" win="160" bet="160" muck="1" rebuy="0" addon="0" merge="0" rebuychips="0" reg_code="5080821239"/>
<player seat="6" name="KOPKHUNKRAP" chips="450" dealer="1" win="0" bet="0" muck="1" rebuy="0" addon="0" merge="0" rebuychips="0" reg_code="5080820464"/>
<player seat="10" name="Zanjef" chips="550" dealer="0" win="0" bet="80" muck="1" rebuy="0" addon="0" merge="0" rebuychips="0" reg_code="5080822676"/>
</players>
</general>
<round no="0"><action no="1" player="Zanjef" type="1" discard="1" dealt="1" sum="10"/>
<action no="2" player="OndaBianca1" type="2" discard="1" dealt="1" sum="20"/>
</round>
<round no="1"><cards type="Pocket" player="Zanjef">X X</cards>
<cards type="Pocket" player="OndaBianca1">X X</cards>
<cards type="Pocket" player="KOPKHUNKRAP">H6 C5</cards>
<action no="3" player="KOPKHUNKRAP" type="0" sum="0"/>
<action no="4" player="Zanjef" type="23" discard="1" dealt="1" sum="40"/>
<action no="5" player="OndaBianca1" type="3" discard="1" dealt="1" sum="20"/>
</round>
<round no="2"><cards type="Flop">DK H2 D4</cards>
<action no="6" player="Zanjef" type="5" discard="1" dealt="1" sum="20"/>
<action no="7" player="OndaBianca1" type="3" discard="1" dealt="1" sum="20"/>
</round>
<round no="3"><cards type="Turn">HK</cards>
<action no="8" player="Zanjef" type="5" discard="1" dealt="1" sum="20"/>
<action no="9" player="OndaBianca1" type="3" discard="1" dealt="1" sum="20"/>
</round>
<round no="4"><cards type="River">D6</cards>
<action no="10" player="Zanjef" type="4" discard="1" dealt="1" sum="0"/>
<action no="11" player="OndaBianca1" type="5" discard="1" dealt="1" sum="80"/>
<action no="12" player="Zanjef" type="0" discard="1" dealt="1" sum="0"/>
</round>
</game>
<game gamecode="6560308268"><general>
<startdate>2025-12-16 01:48:40</startdate>
<round>1</round>
<failsafecounter/>
<players><player seat="6" name="KOPKHUNKRAP" chips="450" dealer="0" win="0" bet="250" muck="1" rebuy="0" addon="0" merge="0" rebuychips="0" reg_code="5080820464"/>
<player seat="10" name="Zanjef" chips="470" dealer="1" win="0" bet="0" muck="1" rebuy="0" addon="0" merge="0" rebuychips="0" reg_code="5080822676"/>
<player seat="3" name="OndaBianca1" chips="580" dealer="0" win="500" bet="250" muck="0" rebuy="0" addon="0" merge="0" rebuychips="0" reg_code="5080821239"/>
</players>
</general>
<round no="0"><action no="1" player="OndaBianca1" type="1" discard="1" dealt="1" sum="10"/>
<action no="2" player="KOPKHUNKRAP" type="2" sum="20"/>
</round>
<round no="1"><cards type="Pocket" player="Zanjef">X X</cards>
<cards type="Pocket" player="OndaBianca1">CA D5</cards>
<cards type="Pocket" player="KOPKHUNKRAP">SQ H9</cards>
<action no="3" player="Zanjef" type="0" discard="1" dealt="1" sum="0"/>
<action no="4" player="OndaBianca1" type="3" discard="1" dealt="1" sum="10"/>
<action no="5" player="KOPKHUNKRAP" type="23" sum="60"/>
<action no="6" player="OndaBianca1" type="3" discard="1" dealt="1" sum="40"/>
</round>
<round no="2"><cards type="Flop">CK C6 D9</cards>
<action no="7" player="OndaBianca1" type="4" discard="1" dealt="1" sum="0"/>
<action no="8" player="KOPKHUNKRAP" type="5" sum="40"/>
<action no="9" player="OndaBianca1" type="3" discard="1" dealt="1" sum="40"/>
</round>
<round no="3"><cards type="Turn">DA</cards>
<action no="10" player="OndaBianca1" type="4" discard="1" dealt="1" sum="0"/>
<action no="11" player="KOPKHUNKRAP" type="4" sum="0"/>
</round>
<round no="4"><cards type="River">H3</cards>
<action no="12" player="OndaBianca1" type="5" discard="1" dealt="1" sum="150"/>
<action no="13" player="KOPKHUNKRAP" type="3" sum="150"/>
</round>
</game>
<game gamecode="6560308351"><general>
<startdate>2025-12-16 01:49:23</startdate>
<round>1</round>
<failsafecounter/>
<players><player seat="10" name="Zanjef" chips="470" dealer="0" win="20" bet="20" muck="1" rebuy="0" addon="0" merge="0" rebuychips="0" reg_code="5080822676"/>
<player seat="3" name="OndaBianca1" chips="830" dealer="1" win="0" bet="0" muck="1" rebuy="0" addon="0" merge="0" rebuychips="0" reg_code="5080821239"/>
<player seat="6" name="KOPKHUNKRAP" chips="200" dealer="0" win="0" bet="10" muck="1" rebuy="0" addon="0" merge="0" rebuychips="0" reg_code="5080820464"/>
</players>
</general>
<round no="0"><action no="1" player="KOPKHUNKRAP" type="1" sum="10"/>
<action no="2" player="Zanjef" type="2" discard="1" dealt="1" sum="20"/>
</round>
<round no="1"><cards type="Pocket" player="KOPKHUNKRAP">D8 D3</cards>
<cards type="Pocket" player="OndaBianca1">X X</cards>
<cards type="Pocket" player="Zanjef">X X</cards>
<action no="3" player="OndaBianca1" type="0" discard="1" dealt="1" sum="0"/>
<action no="4" player="KOPKHUNKRAP" type="0" sum="0"/>
</round>
</game>
<game gamecode="6560308367"><general>
<startdate>2025-12-16 01:49:30</startdate>
<round>1</round>
<failsafecounter/>
<players><player seat="3" name="OndaBianca1" chips="830" dealer="0" win="195" bet="190" muck="0" rebuy="0" addon="0" merge="0" rebuychips="0" reg_code="5080821239"/>
<player seat="6" name="KOPKHUNKRAP" chips="190" dealer="1" win="195" bet="190" muck="0" rebuy="0" addon="0" merge="0" rebuychips="0" reg_code="5080820464"/>
<player seat="10" name="Zanjef" chips="480" dealer="0" win="0" bet="10" muck="1" rebuy="0" addon="0" merge="0" rebuychips="0" reg_code="5080822676"/>
</players>
</general>
<round no="0"><action no="1" player="Zanjef" type="1" discard="1" dealt="1" sum="10"/>
<action no="2" player="OndaBianca1" type="2" discard="1" dealt="1" sum="20"/>
</round>
<round no="1"><cards type="Pocket" player="Zanjef">X X</cards>
<cards type="Pocket" player="OndaBianca1">S8 DA</cards>
<cards type="Pocket" player="KOPKHUNKRAP">CA D5</cards>
<action no="3" player="KOPKHUNKRAP" type="23" sum="190"/>
<action no="4" player="Zanjef" type="0" discard="1" dealt="1" sum="0"/>
<action no="5" player="OndaBianca1" type="3" discard="1" dealt="1" sum="170"/>
</round>
<round no="2"><cards type="Flop">H4 HJ D4</cards>
</round>
<round no="3"><cards type="Turn">D6</cards>
</round>
<round no="4"><cards type="River">CK</cards>
</round>
</game>
<game gamecode="6560308406"><general>
<startdate>2025-12-16 01:49:49</startdate>
<round>1</round>
<failsafecounter/>
<players><player seat="6" name="KOPKHUNKRAP" chips="195" dealer="0" win="410" bet="195" muck="0" rebuy="0" addon="0" merge="0" rebuychips="0" reg_code="5080820464"/>
<player seat="10" name="Zanjef" chips="470" dealer="1" win="0" bet="470" muck="0" rebuy="0" addon="0" merge="0" rebuychips="0" reg_code="5080822676"/>
<player seat="3" name="OndaBianca1" chips="835" dealer="0" win="0" bet="20" muck="1" rebuy="0" addon="0" merge="0" rebuychips="0" reg_code="5080821239"/>
</players>
</general>
<round no="0"><action no="1" player="OndaBianca1" type="15" discard="1" dealt="1" sum="5"/>
<action no="2" player="KOPKHUNKRAP" type="15" sum="5"/>
<action no="3" player="Zanjef" type="15" discard="1" dealt="1" sum="5"/>
<action no="4" player="OndaBianca1" type="1" discard="1" dealt="1" sum="15"/>
<action no="5" player="KOPKHUNKRAP" type="2" sum="30"/>
</round>
<round no="1"><cards type="Pocket" player="KOPKHUNKRAP">DA C3</cards>
<cards type="Pocket" player="Zanjef">S7 SK</cards>
<cards type="Pocket" player="OndaBianca1">X X</cards>
<action no="6" player="Zanjef" type="23" discard="1" dealt="1" sum="465"/>
<action no="7" player="OndaBianca1" type="0" discard="1" dealt="1" sum="0"/>
<action no="8" player="KOPKHUNKRAP" type="7" sum="160"/>
</round>
<round no="2"><cards type="Flop">H2 HK C5</cards>
</round>
<round no="3"><cards type="Turn">H4</cards>
</round>
<round no="4"><cards type="River">C10</cards>
</round>
</game>
<game gamecode="6560308457"><general>
<startdate>2025-12-16 01:50:09</startdate>
<round>1</round>
<failsafecounter/>
<players><player seat="10" name="Zanjef" chips="275" dealer="0" win="0" bet="275" muck="0" rebuy="0" addon="0" merge="0" rebuychips="0" reg_code="5080822676"/>
<player seat="3" name="OndaBianca1" chips="815" dealer="1" win="0" bet="5" muck="1" rebuy="0" addon="0" merge="0" rebuychips="0" reg_code="5080821239"/>
<player seat="6" name="KOPKHUNKRAP" chips="410" dealer="0" win="555" bet="410" muck="0" rebuy="0" addon="0" merge="0" rebuychips="0" reg_code="5080820464"/>
</players>
</general>
<round no="0"><action no="1" player="KOPKHUNKRAP" type="15" sum="5"/>
<action no="2" player="Zanjef" type="15" discard="1" dealt="1" sum="5"/>
<action no="3" player="OndaBianca1" type="15" discard="1" dealt="1" sum="5"/>
<action no="4" player="KOPKHUNKRAP" type="1" sum="15"/>
<action no="5" player="Zanjef" type="2" discard="1" dealt="1" sum="30"/>
</round>
<round no="1"><cards type="Pocket" player="Zanjef">CK H8</cards>
<cards type="Pocket" player="OndaBianca1">X X</cards>
<cards type="Pocket" player="KOPKHUNKRAP">S10 HA</cards>
<action no="6" player="OndaBianca1" type="0" discard="1" dealt="1" sum="0"/>
<action no="7" player="KOPKHUNKRAP" type="23" sum="405"/>
<action no="8" player="Zanjef" type="7" discard="1" dealt="1" sum="240"/>
</round>
<round no="2"><cards type="Flop">CA S2 C3</cards>
</round>
<round no="3"><cards type="Turn">S8</cards>
</round>
<round no="4"><cards type="River">DA</cards>
</round>
</game>
<game gamecode="6560308486"><general>
<startdate>2025-12-16 01:50:24</startdate>
<round>1</round>
<failsafecounter/>
<players><player seat="3" name="OndaBianca1" chips="810" dealer="0" win="214" bet="214" muck="1" rebuy="0" addon="0" merge="0" rebuychips="0" reg_code="5080821239"/>
<player seat="6" name="KOPKHUNKRAP" chips="690" dealer="1" win="0" bet="107" muck="1" rebuy="0" addon="0" merge="0" rebuychips="0" reg_code="5080820464"/>
</players>
</general>
<round no="0"><action no="1" player="KOPKHUNKRAP" type="15" sum="5"/>
<action no="2" player="OndaBianca1" type="15" discard="1" dealt="1" sum="5"/>
<action no="3" player="KOPKHUNKRAP" type="1" sum="15"/>
<action no="4" player="OndaBianca1" type="2" discard="1" dealt="1" sum="30"/>
</round>
<round no="1"><cards type="Pocket" player="OndaBianca1">X X</cards>
<cards type="Pocket" player="KOPKHUNKRAP">DA CK</cards>
<action no="5" player="KOPKHUNKRAP" type="23" sum="60"/>
<action no="6" player="OndaBianca1" type="3" discard="1" dealt="1" sum="30"/>
</round>
<round no="2"><cards type="Flop">H9 D10 HQ</cards>
<action no="7" player="OndaBianca1" type="4" discard="1" dealt="1" sum="0"/>
<action no="8" player="KOPKHUNKRAP" type="5" sum="42"/>
<action no="9" player="OndaBianca1" type="3" discard="1" dealt="1" sum="42"/>
</round>
<round no="3"><cards type="Turn">D8</cards>
<action no="10" player="OndaBianca1" type="4" discard="1" dealt="1" sum="0"/>
<action no="11" player="KOPKHUNKRAP" type="4" sum="0"/>
</round>
<round no="4"><cards type="River">SQ</cards>
<action no="12" player="OndaBianca1" type="5" discard="1" dealt="1" sum="107"/>
<action no="13" player="KOPKHUNKRAP" type="0" sum="0"/>
</round>
</game>
<game gamecode="6560308554"><general>
<startdate>2025-12-16 01:50:54</startdate>
<round>1</round>
<failsafecounter/>
<players><player seat="6" name="KOPKHUNKRAP" chips="583" dealer="0" win="70" bet="105" muck="1" rebuy="0" addon="0" merge="0" rebuychips="0" reg_code="5080820464"/>
<player seat="3" name="OndaBianca1" chips="917" dealer="1" win="0" bet="35" muck="1" rebuy="0" addon="0" merge="0" rebuychips="0" reg_code="5080821239"/>
</players>
</general>
<round no="0"><action no="1" player="OndaBianca1" type="15" discard="1" dealt="1" sum="5"/>
<action no="2" player="KOPKHUNKRAP" type="15" sum="5"/>
<action no="3" player="OndaBianca1" type="1" discard="1" dealt="1" sum="15"/>
<action no="4" player="KOPKHUNKRAP" type="2" sum="30"/>
</round>
<round no="1"><cards type="Pocket" player="OndaBianca1">X X</cards>
<cards type="Pocket" player="KOPKHUNKRAP">S9 CJ</cards>
<action no="5" player="OndaBianca1" type="3" discard="1" dealt="1" sum="15"/>
<action no="6" player="KOPKHUNKRAP" type="4" sum="0"/>
</round>
<round no="2"><cards type="Flop">C3 D9 D4</cards>
<action no="7" player="KOPKHUNKRAP" type="4" sum="0"/>
<action no="8" player="OndaBianca1" type="4" discard="1" dealt="1" sum="0"/>
</round>
<round no="3"><cards type="Turn">CA</cards>
<action no="9" player="KOPKHUNKRAP" type="4" sum="0"/>
<action no="10" player="OndaBianca1" type="4" discard="1" dealt="1" sum="0"/>
</round>
<round no="4"><cards type="River">H9</cards>
<action no="11" player="KOPKHUNKRAP" type="5" sum="70"/>
<action no="12" player="OndaBianca1" type="0" discard="1" dealt="1" sum="0"/>
</round>
</game>
<game gamecode="6560312790"><general>
<startdate>2025-12-16 01:51:19</startdate>
<round>1</round>
<failsafecounter/>
<players><player seat="3" name="OndaBianca1" chips="882" dealer="0" win="1,236" bet="882" muck="0" rebuy="0" addon="0" merge="0" rebuychips="0" reg_code="5080821239"/>
<player seat="6" name="KOPKHUNKRAP" chips="618" dealer="1" win="0" bet="618" muck="1" rebuy="0" addon="0" merge="0" rebuychips="0" reg_code="5080820464"/>
</players>
</general>
<round no="0"><action no="1" player="KOPKHUNKRAP" type="15" sum="5"/>
<action no="2" player="OndaBianca1" type="15" discard="1" dealt="1" sum="5"/>
<action no="3" player="KOPKHUNKRAP" type="1" sum="20"/>
<action no="4" player="OndaBianca1" type="2" discard="1" dealt="1" sum="40"/>
</round>
<round no="1"><cards type="Pocket" player="KOPKHUNKRAP">D4 HA</cards>
<cards type="Pocket" player="OndaBianca1">H6 DQ</cards>
<action no="5" player="KOPKHUNKRAP" type="3" sum="20"/>
<action no="6" player="OndaBianca1" type="23" discard="1" dealt="1" sum="877"/>
<action no="7" player="KOPKHUNKRAP" type="7" sum="573"/>
</round>
<round no="2"><cards type="Flop">D7 SJ D10</cards>
</round>
<round no="3"><cards type="Turn">H2</cards>
</round>
<round no="4"><cards type="River">SQ</cards>
</round>
</game>
</session>
