<?xml version="1.0" encoding="UTF-8"?>
<session sessioncode="5053647431">
<general>
<client_version>25.1.1.16</client_version>
<mode>real</mode>
<gametype>Holdem NL</gametype>
<tablename>Twister €100 SNG, 815826635</tablename>
<tournamentcode>815826634</tournamentcode>
<tournamentname>Twister €100 SNG</tournamentname>
<buyin>€0 + €7 + €93</buyin>
<totalbuyin>€100</totalbuyin>
<rewarddrawn>€200</rewarddrawn>
<tournamentcurrency>EUR</tournamentcurrency>
<currency>EUR</currency>
<nickname>Rakki</nickname>
<gamecount>11</gamecount>
<startdate>2025-08-15 02:46:37</startdate>
<place>2</place>
<win>€0</win>
<tablesize>3</tablesize>
</general>
<game gamecode="6453792898"><general><startdate>2025-08-15 02:46:52</startdate>
<round>1</round>
<failsafecounter/>
<players><player seat="3" name="Faaaabx" chips="500" dealer="0" win="0" bet="20" muck="1" rebuy="0" addon="0" merge="0" rebuychips="0" reg_code="5053647398"/>
<player seat="6" name="Rakki" chips="500" dealer="1" win="0" bet="0" muck="1" rebuy="0" addon="0" merge="0" rebuychips="0" reg_code="5053647431"/>
<player seat="10" name="Tiuualex" chips="500" dealer="0" win="40" bet="40" muck="1" rebuy="0" addon="0" merge="0" rebuychips="0" reg_code="5053647461"/>
</players>
</general>
<round no="0"><action no="1" player="Tiuualex" type="1" discard="1" dealt="1" sum="10"/>
<action no="2" player="Faaaabx" type="2" discard="1" dealt="1" sum="20"/>
</round>
<round no="1"><cards type="Pocket" player="Faaaabx">X X</cards>
<cards type="Pocket" player="Rakki">HQ C8</cards>
<cards type="Pocket" player="Tiuualex">X X</cards>
<action no="3" player="Rakki" type="0" sum="0"/>
<action no="4" player="Tiuualex" type="3" discard="1" dealt="1" sum="10"/>
<action no="5" player="Faaaabx" type="4" discard="1" dealt="1" sum="0"/>
</round>
<round no="2"><cards type="Flop">CQ HA D7</cards>
<action no="6" player="Tiuualex" type="4" discard="1" dealt="1" sum="0"/>
<action no="7" player="Faaaabx" type="4" discard="1" dealt="1" sum="0"/>
</round>
<round no="3"><cards type="Turn">H7</cards>
<action no="8" player="Tiuualex" type="5" discard="1" dealt="1" sum="20"/>
<action no="9" player="Faaaabx" type="0" discard="1" dealt="1" sum="0"/>
</round>
</game>
<game gamecode="6453792934"><general><startdate>2025-08-15 02:47:31</startdate>
<round>1</round>
<failsafecounter/>
<players><player seat="6" name="Rakki" chips="500" dealer="0" win="200" bet="260" muck="1" rebuy="0" addon="0" merge="0" rebuychips="0" reg_code="5053647431"/>
<player seat="10" name="Tiuualex" chips="520" dealer="1" win="0" bet="0" muck="1" rebuy="0" addon="0" merge="0" rebuychips="0" reg_code="5053647461"/>
<player seat="3" name="Faaaabx" chips="480" dealer="0" win="0" bet="100" muck="1" rebuy="0" addon="0" merge="0" rebuychips="0" reg_code="5053647398"/>
</players>
</general>
<round no="0"><action no="1" player="Faaaabx" type="1" discard="1" dealt="1" sum="10"/>
<action no="2" player="Rakki" type="2" sum="20"/>
</round>
<round no="1"><cards type="Pocket" player="Tiuualex">X X</cards>
<cards type="Pocket" player="Faaaabx">X X</cards>
<cards type="Pocket" player="Rakki">C7 S7</cards>
<action no="3" player="Tiuualex" type="0" discard="1" dealt="1" sum="0"/>
<action no="4" player="Faaaabx" type="3" discard="1" dealt="1" sum="10"/>
<action no="5" player="Rakki" type="23" sum="60"/>
<action no="6" player="Faaaabx" type="3" discard="1" dealt="1" sum="40"/>
</round>
<round no="2"><cards type="Flop">D10 H8 H6</cards>
<action no="7" player="Faaaabx" type="4" discard="1" dealt="1" sum="0"/>
<action no="8" player="Rakki" type="4" sum="0"/>
</round>
<round no="3"><cards type="Turn">S5</cards>
<action no="9" player="Faaaabx" type="5" discard="1" dealt="1" sum="40"/>
<action no="10" player="Rakki" type="3" sum="40"/>
</round>
<round no="4"><cards type="River">D4</cards>
<action no="11" player="Faaaabx" type="4" discard="1" dealt="1" sum="0"/>
<action no="12" player="Rakki" type="5" sum="160"/>
<action no="13" player="Faaaabx" type="0" discard="1" dealt="1" sum="0"/>
</round>
</game>
<game gamecode="6453792979"><general><startdate>2025-08-15 02:48:23</startdate>
<round>1</round>
<failsafecounter/>
<players><player seat="10" name="Tiuualex" chips="520" dealer="0" win="0" bet="20" muck="1" rebuy="0" addon="0" merge="0" rebuychips="0" reg_code="5053647461"/>
<player seat="3" name="Faaaabx" chips="380" dealer="1" win="0" bet="0" muck="1" rebuy="0" addon="0" merge="0" rebuychips="0" reg_code="5053647398"/>
<player seat="6" name="Rakki" chips="600" dealer="0" win="40" bet="20" muck="0" rebuy="0" addon="0" merge="0" rebuychips="0" reg_code="5053647431"/>
</players>
</general>
<round no="0"><action no="1" player="Rakki" type="1" sum="10"/>
<action no="2" player="Tiuualex" type="2" discard="1" dealt="1" sum="20"/>
</round>
<round no="1"><cards type="Pocket" player="Faaaabx">X X</cards>
<cards type="Pocket" player="Tiuualex">D4 S7</cards>
<cards type="Pocket" player="Rakki">C8 C2</cards>
<action no="3" player="Faaaabx" type="0" discard="1" dealt="1" sum="0"/>
<action no="4" player="Rakki" type="3" sum="10"/>
<action no="5" player="Tiuualex" type="4" discard="1" dealt="1" sum="0"/>
</round>
<round no="2"><cards type="Flop">HJ CA HK</cards>
<action no="6" player="Rakki" type="4" sum="0"/>
<action no="7" player="Tiuualex" type="4" discard="1" dealt="1" sum="0"/>
</round>
<round no="3"><cards type="Turn">H2</cards>
<action no="8" player="Rakki" type="4" sum="0"/>
<action no="9" player="Tiuualex" type="4" discard="1" dealt="1" sum="0"/>
</round>
<round no="4"><cards type="River">H9</cards>
<action no="10" player="Rakki" type="4" sum="0"/>
<action no="11" player="Tiuualex" type="4" discard="1" dealt="1" sum="0"/>
</round>
</game>
<game gamecode="6453799474"><general><startdate>2025-08-15 02:48:58</startdate>
<round>1</round>
<failsafecounter/>
<players><player seat="3" name="Faaaabx" chips="380" dealer="0" win="0" bet="35" muck="1" rebuy="0" addon="0" merge="0" rebuychips="0" reg_code="5053647398"/>
<player seat="6" name="Rakki" chips="620" dealer="1" win="0" bet="5" muck="1" rebuy="0" addon="0" merge="0" rebuychips="0" reg_code="5053647431"/>
<player seat="10" name="Tiuualex" chips="500" dealer="0" win="75" bet="500" muck="1" rebuy="0" addon="0" merge="0" rebuychips="0" reg_code="5053647461"/>
</players>
</general>
<round no="0"><action no="1" player="Tiuualex" type="15" discard="1" dealt="1" sum="5"/>
<action no="2" player="Faaaabx" type="15" discard="1" dealt="1" sum="5"/>
<action no="3" player="Rakki" type="15" sum="5"/>
<action no="4" player="Tiuualex" type="1" discard="1" dealt="1" sum="15"/>
<action no="5" player="Faaaabx" type="2" discard="1" dealt="1" sum="30"/>
</round>
<round no="1"><cards type="Pocket" player="Rakki">D10 C2</cards>
<cards type="Pocket" player="Faaaabx">X X</cards>
<cards type="Pocket" player="Tiuualex">X X</cards>
<action no="6" player="Rakki" type="0" sum="0"/>
<action no="7" player="Tiuualex" type="23" discard="1" dealt="1" sum="495"/>
<action no="8" player="Faaaabx" type="0" discard="1" dealt="1" sum="0"/>
</round>
</game>
<game gamecode="6453799490"><general><startdate>2025-08-15 02:49:12</startdate>
<round>1</round>
<failsafecounter/>
<players><player seat="6" name="Rakki" chips="615" dealer="0" win="45" bet="35" muck="1" rebuy="0" addon="0" merge="0" rebuychips="0" reg_code="5053647431"/>
<player seat="10" name="Tiuualex" chips="540" dealer="1" win="0" bet="5" muck="1" rebuy="0" addon="0" merge="0" rebuychips="0" reg_code="5053647461"/>
<player seat="3" name="Faaaabx" chips="345" dealer="0" win="0" bet="20" muck="1" rebuy="0" addon="0" merge="0" rebuychips="0" reg_code="5053647398"/>
</players>
</general>
<round no="0"><action no="1" player="Faaaabx" type="15" discard="1" dealt="1" sum="5"/>
<action no="2" player="Rakki" type="15" sum="5"/>
<action no="3" player="Tiuualex" type="15" discard="1" dealt="1" sum="5"/>
<action no="4" player="Faaaabx" type="1" discard="1" dealt="1" sum="15"/>
<action no="5" player="Rakki" type="2" sum="30"/>
</round>
<round no="1"><cards type="Pocket" player="Rakki">HQ D8</cards>
<cards type="Pocket" player="Tiuualex">X X</cards>
<cards type="Pocket" player="Faaaabx">X X</cards>
<action no="6" player="Tiuualex" type="0" discard="1" dealt="1" sum="0"/>
<action no="7" player="Faaaabx" type="0" discard="1" dealt="1" sum="0"/>
</round>
</game>
<game gamecode="6453799503"><general><startdate>2025-08-15 02:49:22</startdate>
<round>1</round>
<failsafecounter/>
<players><player seat="10" name="Tiuualex" chips="535" dealer="0" win="0" bet="35" muck="1" rebuy="0" addon="0" merge="0" rebuychips="0" reg_code="5053647461"/>
<player seat="3" name="Faaaabx" chips="325" dealer="1" win="90" bet="65" muck="1" rebuy="0" addon="0" merge="0" rebuychips="0" reg_code="5053647398"/>
<player seat="6" name="Rakki" chips="640" dealer="0" win="0" bet="20" muck="1" rebuy="0" addon="0" merge="0" rebuychips="0" reg_code="5053647431"/>
</players>
</general>
<round no="0"><action no="1" player="Rakki" type="15" sum="5"/>
<action no="2" player="Tiuualex" type="15" discard="1" dealt="1" sum="5"/>
<action no="3" player="Faaaabx" type="15" discard="1" dealt="1" sum="5"/>
<action no="4" player="Rakki" type="1" sum="15"/>
<action no="5" player="Tiuualex" type="2" discard="1" dealt="1" sum="30"/>
</round>
<round no="1"><cards type="Pocket" player="Rakki">CA S6</cards>
<cards type="Pocket" player="Tiuualex">X X</cards>
<cards type="Pocket" player="Faaaabx">X X</cards>
<action no="6" player="Faaaabx" type="23" discard="1" dealt="1" sum="60"/>
<action no="7" player="Rakki" type="0" sum="0"/>
<action no="8" player="Tiuualex" type="0" discard="1" dealt="1" sum="0"/>
</round>
</game>
<game gamecode="6453799514"><general><startdate>2025-08-15 02:49:35</startdate>
<round>1</round>
<failsafecounter/>
<players><player seat="3" name="Faaaabx" chips="380" dealer="0" win="0" bet="35" muck="1" rebuy="0" addon="0" merge="0" rebuychips="0" reg_code="5053647398"/>
<player seat="6" name="Rakki" chips="620" dealer="1" win="0" bet="5" muck="1" rebuy="0" addon="0" merge="0" rebuychips="0" reg_code="5053647431"/>
<player seat="10" name="Tiuualex" chips="500" dealer="0" win="75" bet="65" muck="1" rebuy="0" addon="0" merge="0" rebuychips="0" reg_code="5053647461"/>
</players>
</general>
<round no="0"><action no="1" player="Tiuualex" type="15" discard="1" dealt="1" sum="5"/>
<action no="2" player="Faaaabx" type="15" discard="1" dealt="1" sum="5"/>
<action no="3" player="Rakki" type="15" sum="5"/>
<action no="4" player="Tiuualex" type="1" discard="1" dealt="1" sum="15"/>
<action no="5" player="Faaaabx" type="2" discard="1" dealt="1" sum="30"/>
</round>
<round no="1"><cards type="Pocket" player="Tiuualex">X X</cards>
<cards type="Pocket" player="Rakki">S8 HK</cards>
<cards type="Pocket" player="Faaaabx">X X</cards>
<action no="6" player="Rakki" type="0" sum="0"/>
<action no="7" player="Tiuualex" type="3" discard="1" dealt="1" sum="15"/>
<action no="8" player="Faaaabx" type="4" discard="1" dealt="1" sum="0"/>
</round>
<round no="2"><cards type="Flop">H6 S7 DQ</cards>
<action no="9" player="Tiuualex" type="5" discard="1" dealt="1" sum="30"/>
<action no="10" player="Faaaabx" type="0" discard="1" dealt="1" sum="0"/>
</round>
</game>
<game gamecode="6453799538"><general><startdate>2025-08-15 02:49:57</startdate>
<round>1</round>
<failsafecounter/>
<players><player seat="6" name="Rakki" chips="615" dealer="0" win="0" bet="35" muck="1" rebuy="0" addon="0" merge="0" rebuychips="0" reg_code="5053647431"/>
<player seat="10" name="Tiuualex" chips="540" dealer="1" win="90" bet="540" muck="1" rebuy="0" addon="0" merge="0" rebuychips="0" reg_code="5053647461"/>
<player seat="3" name="Faaaabx" chips="345" dealer="0" win="0" bet="20" muck="1" rebuy="0" addon="0" merge="0" rebuychips="0" reg_code="5053647398"/>
</players>
</general>
<round no="0"><action no="1" player="Faaaabx" type="15" discard="1" dealt="1" sum="5"/>
<action no="2" player="Rakki" type="15" sum="5"/>
<action no="3" player="Tiuualex" type="15" discard="1" dealt="1" sum="5"/>
<action no="4" player="Faaaabx" type="1" discard="1" dealt="1" sum="15"/>
<action no="5" player="Rakki" type="2" sum="30"/>
</round>
<round no="1"><cards type="Pocket" player="Faaaabx">X X</cards>
<cards type="Pocket" player="Tiuualex">X X</cards>
<cards type="Pocket" player="Rakki">S3 D10</cards>
<action no="6" player="Tiuualex" type="23" discard="1" dealt="1" sum="535"/>
<action no="7" player="Faaaabx" type="0" discard="1" dealt="1" sum="0"/>
<action no="8" player="Rakki" type="0" sum="0"/>
</round>
</game>
<game gamecode="6453799560"><general><startdate>2025-08-15 02:50:15</startdate>
<round>1</round>
<failsafecounter/>
<players><player seat="10" name="Tiuualex" chips="595" dealer="0" win="55" bet="45" muck="1" rebuy="0" addon="0" merge="0" rebuychips="0" reg_code="5053647461"/>
<player seat="3" name="Faaaabx" chips="325" dealer="1" win="0" bet="5" muck="1" rebuy="0" addon="0" merge="0" rebuychips="0" reg_code="5053647398"/>
<player seat="6" name="Rakki" chips="580" dealer="0" win="0" bet="25" muck="1" rebuy="0" addon="0" merge="0" rebuychips="0" reg_code="5053647431"/>
</players>
</general>
<round no="0"><action no="1" player="Rakki" type="15" sum="5"/>
<action no="2" player="Tiuualex" type="15" discard="1" dealt="1" sum="5"/>
<action no="3" player="Faaaabx" type="15" discard="1" dealt="1" sum="5"/>
<action no="4" player="Rakki" type="1" sum="20"/>
<action no="5" player="Tiuualex" type="2" discard="1" dealt="1" sum="40"/>
</round>
<round no="1"><cards type="Pocket" player="Rakki">C7 H2</cards>
<cards type="Pocket" player="Tiuualex">X X</cards>
<cards type="Pocket" player="Faaaabx">X X</cards>
<action no="6" player="Faaaabx" type="0" discard="1" dealt="1" sum="0"/>
<action no="7" player="Rakki" type="0" sum="0"/>
</round>
</game>
<game gamecode="6453799565"><general><startdate>2025-08-15 02:50:21</startdate>
<round>1</round>
<failsafecounter/>
<players><player seat="3" name="Faaaabx" chips="320" dealer="0" win="0" bet="45" muck="1" rebuy="0" addon="0" merge="0" rebuychips="0" reg_code="5053647398"/>
<player seat="6" name="Rakki" chips="555" dealer="1" win="0" bet="5" muck="1" rebuy="0" addon="0" merge="0" rebuychips="0" reg_code="5053647431"/>
<player seat="10" name="Tiuualex" chips="625" dealer="0" win="95" bet="85" muck="1" rebuy="0" addon="0" merge="0" rebuychips="0" reg_code="5053647461"/>
</players>
</general>
<round no="0"><action no="1" player="Tiuualex" type="15" discard="1" dealt="1" sum="5"/>
<action no="2" player="Faaaabx" type="15" discard="1" dealt="1" sum="5"/>
<action no="3" player="Rakki" type="15" sum="5"/>
<action no="4" player="Tiuualex" type="1" discard="1" dealt="1" sum="20"/>
<action no="5" player="Faaaabx" type="2" discard="1" dealt="1" sum="40"/>
</round>
<round no="1"><cards type="Pocket" player="Faaaabx">X X</cards>
<cards type="Pocket" player="Rakki">D2 HQ</cards>
<cards type="Pocket" player="Tiuualex">X X</cards>
<action no="6" player="Rakki" type="0" sum="0"/>
<action no="7" player="Tiuualex" type="3" discard="1" dealt="1" sum="20"/>
<action no="8" player="Faaaabx" type="4" discard="1" dealt="1" sum="0"/>
</round>
<round no="2"><cards type="Flop">D10 S10 DA</cards>
<action no="9" player="Tiuualex" type="5" discard="1" dealt="1" sum="40"/>
<action no="10" player="Faaaabx" type="0" discard="1" dealt="1" sum="0"/>
</round>
</game>
<game gamecode="6453799595"><general><startdate>2025-08-15 02:50:46</startdate>
<round>1</round>
<failsafecounter/>
<players><player seat="6" name="Rakki" chips="550" dealer="0" win="0" bet="550" muck="1" rebuy="0" addon="0" merge="0" rebuychips="0" reg_code="5053647431"/>
<player seat="10" name="Tiuualex" chips="675" dealer="1" win="1,375" bet="550" muck="0" rebuy="0" addon="0" merge="0" rebuychips="0" reg_code="5053647461"/>
<player seat="3" name="Faaaabx" chips="275" dealer="0" win="0" bet="275" muck="0" rebuy="0" addon="0" merge="0" rebuychips="0" reg_code="5053647398"/>
</players>
</general>
<round no="0"><action no="1" player="Faaaabx" type="15" discard="1" dealt="1" sum="5"/>
<action no="2" player="Rakki" type="15" sum="5"/>
<action no="3" player="Tiuualex" type="15" discard="1" dealt="1" sum="5"/>
<action no="4" player="Faaaabx" type="1" discard="1" dealt="1" sum="20"/>
<action no="5" player="Rakki" type="2" sum="40"/>
</round>
<round no="1"><cards type="Pocket" player="Faaaabx">HA H9</cards>
<cards type="Pocket" player="Tiuualex">CQ CK</cards>
<cards type="Pocket" player="Rakki">C7 H7</cards>
<action no="6" player="Tiuualex" type="23" discard="1" dealt="1" sum="80"/>
<action no="7" player="Faaaabx" type="23" discard="1" dealt="1" sum="270"/>
<action no="8" player="Rakki" type="23" sum="545"/>
<action no="9" player="Tiuualex" type="3" discard="1" dealt="1" sum="465"/>
</round>
<round no="2"><cards type="Flop">S5 D9 DK</cards>
</round>
<round no="3"><cards type="Turn">S6</cards>
</round>
<round no="4"><cards type="River">HK</cards>
</round>
</game>
</session>
