<?xml version="1.0" encoding="UTF-8"?>
<session sessioncode="5053649698">
<general>
<client_version>25.1.1.16</client_version>
<mode>real</mode>
<gametype>Holdem NL</gametype>
<tablename>Twister €100 SNG, 815827678</tablename>
<tournamentcode>815827677</tournamentcode>
<tournamentname>Twister €100 SNG</tournamentname>
<buyin>€0 + €7 + €93</buyin>
<totalbuyin>€100</totalbuyin>
<rewarddrawn>€200</rewarddrawn>
<tournamentcurrency>EUR</tournamentcurrency>
<currency>EUR</currency>
<nickname>Rakki</nickname>
<gamecount>17</gamecount>
<startdate>2025-08-15 03:13:57</startdate>
<place>1</place>
<win>€200</win>
<tablesize>3</tablesize>
</general>
<game gamecode="6453807039"><general><startdate>2025-08-15 03:14:12</startdate>
<round>1</round>
<failsafecounter/>
<players><player seat="3" name="Rakki" chips="500" dealer="0" win="0" bet="85" muck="1" rebuy="0" addon="0" merge="0" rebuychips="0" reg_code="5053649698"/>
<player seat="6" name="Tiuualex" chips="500" dealer="1" win="180" bet="85" muck="0" rebuy="0" addon="0" merge="0" rebuychips="0" reg_code="5053649701"/>
<player seat="10" name="Lukaku04" chips="500" dealer="0" win="0" bet="10" muck="1" rebuy="0" addon="0" merge="0" rebuychips="0" reg_code="5053650055"/>
</players>
</general>
<round no="0"><action no="1" player="Lukaku04" type="1" discard="1" dealt="1" sum="10"/>
<action no="2" player="Rakki" type="2" sum="20"/>
</round>
<round no="1"><cards type="Pocket" player="Tiuualex">DK D9</cards>
<cards type="Pocket" player="Lukaku04">X X</cards>
<cards type="Pocket" player="Rakki">D4 S6</cards>
<action no="3" player="Tiuualex" type="23" discard="1" dealt="1" sum="40"/>
<action no="4" player="Lukaku04" type="0" discard="1" dealt="1" sum="0"/>
<action no="5" player="Rakki" type="3" sum="20"/>
</round>
<round no="2"><cards type="Flop">C4 H7 D8</cards>
<action no="6" player="Rakki" type="4" sum="0"/>
<action no="7" player="Tiuualex" type="4" discard="1" dealt="1" sum="0"/>
</round>
<round no="3"><cards type="Turn">D7</cards>
<action no="8" player="Rakki" type="5" sum="45"/>
<action no="9" player="Tiuualex" type="3" discard="1" dealt="1" sum="45"/>
</round>
<round no="4"><cards type="River">S8</cards>
<action no="10" player="Rakki" type="4" sum="0"/>
<action no="11" player="Tiuualex" type="4" discard="1" dealt="1" sum="0"/>
</round>
</game>
<game gamecode="6453807075"><general><startdate>2025-08-15 03:14:56</startdate>
<round>1</round>
<failsafecounter/>
<players><player seat="6" name="Tiuualex" chips="595" dealer="0" win="0" bet="40" muck="1" rebuy="0" addon="0" merge="0" rebuychips="0" reg_code="5053649701"/>
<player seat="10" name="Lukaku04" chips="490" dealer="1" win="90" bet="80" muck="1" rebuy="0" addon="0" merge="0" rebuychips="0" reg_code="5053650055"/>
<player seat="3" name="Rakki" chips="415" dealer="0" win="0" bet="10" muck="1" rebuy="0" addon="0" merge="0" rebuychips="0" reg_code="5053649698"/>
</players>
</general>
<round no="0"><action no="1" player="Rakki" type="1" sum="10"/>
<action no="2" player="Tiuualex" type="2" discard="1" dealt="1" sum="20"/>
</round>
<round no="1"><cards type="Pocket" player="Lukaku04">X X</cards>
<cards type="Pocket" player="Tiuualex">X X</cards>
<cards type="Pocket" player="Rakki">S7 D4</cards>
<action no="3" player="Lukaku04" type="23" discard="1" dealt="1" sum="40"/>
<action no="4" player="Rakki" type="0" sum="0"/>
<action no="5" player="Tiuualex" type="3" discard="1" dealt="1" sum="20"/>
</round>
<round no="2"><cards type="Flop">DJ CK D2</cards>
<action no="6" player="Tiuualex" type="4" discard="1" dealt="1" sum="0"/>
<action no="7" player="Lukaku04" type="5" discard="1" dealt="1" sum="40"/>
<action no="8" player="Tiuualex" type="0" discard="1" dealt="1" sum="0"/>
</round>
</game>
<game gamecode="6453807104"><general><startdate>2025-08-15 03:15:25</startdate>
<round>1</round>
<failsafecounter/>
<players><player seat="10" name="Lukaku04" chips="540" dealer="0" win="0" bet="20" muck="1" rebuy="0" addon="0" merge="0" rebuychips="0" reg_code="5053650055"/>
<player seat="3" name="Rakki" chips="405" dealer="1" win="0" bet="0" muck="1" rebuy="0" addon="0" merge="0" rebuychips="0" reg_code="5053649698"/>
<player seat="6" name="Tiuualex" chips="555" dealer="0" win="40" bet="555" muck="1" rebuy="0" addon="0" merge="0" rebuychips="0" reg_code="5053649701"/>
</players>
</general>
<round no="0"><action no="1" player="Tiuualex" type="1" discard="1" dealt="1" sum="10"/>
<action no="2" player="Lukaku04" type="2" discard="1" dealt="1" sum="20"/>
</round>
<round no="1"><cards type="Pocket" player="Lukaku04">X X</cards>
<cards type="Pocket" player="Tiuualex">X X</cards>
<cards type="Pocket" player="Rakki">H5 H10</cards>
<action no="3" player="Rakki" type="0" sum="0"/>
<action no="4" player="Tiuualex" type="23" discard="1" dealt="1" sum="555"/>
<action no="5" player="Lukaku04" type="0" discard="1" dealt="1" sum="0"/>
</round>
</game>
<game gamecode="6453807120"><general><startdate>2025-08-15 03:15:45</startdate>
<round>1</round>
<failsafecounter/>
<players><player seat="3" name="Rakki" chips="405" dealer="0" win="40" bet="60" muck="1" rebuy="0" addon="0" merge="0" rebuychips="0" reg_code="5053649698"/>
<player seat="6" name="Tiuualex" chips="575" dealer="1" win="0" bet="0" muck="1" rebuy="0" addon="0" merge="0" rebuychips="0" reg_code="5053649701"/>
<player seat="10" name="Lukaku04" chips="520" dealer="0" win="0" bet="20" muck="1" rebuy="0" addon="0" merge="0" rebuychips="0" reg_code="5053650055"/>
</players>
</general>
<round no="0"><action no="1" player="Lukaku04" type="1" discard="1" dealt="1" sum="10"/>
<action no="2" player="Rakki" type="2" sum="20"/>
</round>
<round no="1"><cards type="Pocket" player="Tiuualex">X X</cards>
<cards type="Pocket" player="Lukaku04">X X</cards>
<cards type="Pocket" player="Rakki">S8 C8</cards>
<action no="3" player="Tiuualex" type="0" discard="1" dealt="1" sum="0"/>
<action no="4" player="Lukaku04" type="3" discard="1" dealt="1" sum="10"/>
<action no="5" player="Rakki" type="23" sum="60"/>
<action no="6" player="Lukaku04" type="0" discard="1" dealt="1" sum="0"/>
</round>
</game>
<game gamecode="6453807137"><general><startdate>2025-08-15 03:15:58</startdate>
<round>1</round>
<failsafecounter/>
<players><player seat="6" name="Tiuualex" chips="575" dealer="0" win="0" bet="425" muck="1" rebuy="0" addon="0" merge="0" rebuychips="0" reg_code="5053649701"/>
<player seat="10" name="Lukaku04" chips="500" dealer="1" win="0" bet="5" muck="1" rebuy="0" addon="0" merge="0" rebuychips="0" reg_code="5053650055"/>
<player seat="3" name="Rakki" chips="425" dealer="0" win="855" bet="425" muck="0" rebuy="0" addon="0" merge="0" rebuychips="0" reg_code="5053649698"/>
</players>
</general>
<round no="0"><action no="1" player="Rakki" type="15" sum="5"/>
<action no="2" player="Tiuualex" type="15" discard="1" dealt="1" sum="5"/>
<action no="3" player="Lukaku04" type="15" discard="1" dealt="1" sum="5"/>
<action no="4" player="Rakki" type="1" sum="15"/>
<action no="5" player="Tiuualex" type="2" discard="1" dealt="1" sum="30"/>
</round>
<round no="1"><cards type="Pocket" player="Rakki">S10 H9</cards>
<cards type="Pocket" player="Tiuualex">S2 CA</cards>
<cards type="Pocket" player="Lukaku04">X X</cards>
<action no="6" player="Lukaku04" type="0" discard="1" dealt="1" sum="0"/>
<action no="7" player="Rakki" type="23" sum="420"/>
<action no="8" player="Tiuualex" type="3" discard="1" dealt="1" sum="390"/>
</round>
<round no="2"><cards type="Flop">SA D9 D10</cards>
</round>
<round no="3"><cards type="Turn">C7</cards>
</round>
<round no="4"><cards type="River">S6</cards>
</round>
</game>
<game gamecode="6453807153"><general><startdate>2025-08-15 03:16:17</startdate>
<round>1</round>
<failsafecounter/>
<players><player seat="10" name="Lukaku04" chips="495" dealer="0" win="0" bet="65" muck="1" rebuy="0" addon="0" merge="0" rebuychips="0" reg_code="5053650055"/>
<player seat="3" name="Rakki" chips="855" dealer="1" win="150" bet="102" muck="1" rebuy="0" addon="0" merge="0" rebuychips="0" reg_code="5053649698"/>
<player seat="6" name="Tiuualex" chips="150" dealer="0" win="0" bet="20" muck="1" rebuy="0" addon="0" merge="0" rebuychips="0" reg_code="5053649701"/>
</players>
</general>
<round no="0"><action no="1" player="Tiuualex" type="15" discard="1" dealt="1" sum="5"/>
<action no="2" player="Lukaku04" type="15" discard="1" dealt="1" sum="5"/>
<action no="3" player="Rakki" type="15" sum="5"/>
<action no="4" player="Tiuualex" type="1" discard="1" dealt="1" sum="15"/>
<action no="5" player="Lukaku04" type="2" discard="1" dealt="1" sum="30"/>
</round>
<round no="1"><cards type="Pocket" player="Lukaku04">X X</cards>
<cards type="Pocket" player="Rakki">H8 H10</cards>
<cards type="Pocket" player="Tiuualex">X X</cards>
<action no="6" player="Rakki" type="23" sum="60"/>
<action no="7" player="Tiuualex" type="0" discard="1" dealt="1" sum="0"/>
<action no="8" player="Lukaku04" type="3" discard="1" dealt="1" sum="30"/>
</round>
<round no="2"><cards type="Flop">S6 SA D9</cards>
<action no="9" player="Lukaku04" type="4" discard="1" dealt="1" sum="0"/>
<action no="10" player="Rakki" type="5" sum="37"/>
<action no="11" player="Lukaku04" type="0" discard="1" dealt="1" sum="0"/>
</round>
</game>
<game gamecode="6453807176"><general><startdate>2025-08-15 03:16:41</startdate>
<round>1</round>
<failsafecounter/>
<players><player seat="3" name="Rakki" chips="940" dealer="0" win="45" bet="35" muck="1" rebuy="0" addon="0" merge="0" rebuychips="0" reg_code="5053649698"/>
<player seat="6" name="Tiuualex" chips="130" dealer="1" win="0" bet="5" muck="1" rebuy="0" addon="0" merge="0" rebuychips="0" reg_code="5053649701"/>
<player seat="10" name="Lukaku04" chips="430" dealer="0" win="0" bet="20" muck="1" rebuy="0" addon="0" merge="0" rebuychips="0" reg_code="5053650055"/>
</players>
</general>
<round no="0"><action no="1" player="Lukaku04" type="15" discard="1" dealt="1" sum="5"/>
<action no="2" player="Rakki" type="15" sum="5"/>
<action no="3" player="Tiuualex" type="15" discard="1" dealt="1" sum="5"/>
<action no="4" player="Lukaku04" type="1" discard="1" dealt="1" sum="15"/>
<action no="5" player="Rakki" type="2" sum="30"/>
</round>
<round no="1"><cards type="Pocket" player="Lukaku04">X X</cards>
<cards type="Pocket" player="Rakki">S2 CK</cards>
<cards type="Pocket" player="Tiuualex">X X</cards>
<action no="6" player="Tiuualex" type="0" discard="1" dealt="1" sum="0"/>
<action no="7" player="Lukaku04" type="0" discard="1" dealt="1" sum="0"/>
</round>
</game>
<game gamecode="6453807184"><general><startdate>2025-08-15 03:16:49</startdate>
<round>1</round>
<failsafecounter/>
<players><player seat="6" name="Tiuualex" chips="125" dealer="0" win="0" bet="65" muck="1" rebuy="0" addon="0" merge="0" rebuychips="0" reg_code="5053649701"/>
<player seat="10" name="Lukaku04" chips="410" dealer="1" win="150" bet="125" muck="1" rebuy="0" addon="0" merge="0" rebuychips="0" reg_code="5053650055"/>
<player seat="3" name="Rakki" chips="965" dealer="0" win="0" bet="20" muck="1" rebuy="0" addon="0" merge="0" rebuychips="0" reg_code="5053649698"/>
</players>
</general>
<round no="0"><action no="1" player="Rakki" type="15" sum="5"/>
<action no="2" player="Tiuualex" type="15" discard="1" dealt="1" sum="5"/>
<action no="3" player="Lukaku04" type="15" discard="1" dealt="1" sum="5"/>
<action no="4" player="Rakki" type="1" sum="15"/>
<action no="5" player="Tiuualex" type="2" discard="1" dealt="1" sum="30"/>
</round>
<round no="1"><cards type="Pocket" player="Lukaku04">X X</cards>
<cards type="Pocket" player="Tiuualex">X X</cards>
<cards type="Pocket" player="Rakki">D6 H7</cards>
<action no="6" player="Lukaku04" type="23" discard="1" dealt="1" sum="60"/>
<action no="7" player="Rakki" type="0" sum="0"/>
<action no="8" player="Tiuualex" type="3" discard="1" dealt="1" sum="30"/>
</round>
<round no="2"><cards type="Flop">C6 DK DA</cards>
<action no="9" player="Tiuualex" type="4" discard="1" dealt="1" sum="0"/>
<action no="10" player="Lukaku04" type="4" discard="1" dealt="1" sum="0"/>
</round>
<round no="3"><cards type="Turn">C8</cards>
<action no="11" player="Tiuualex" type="4" discard="1" dealt="1" sum="0"/>
<action no="12" player="Lukaku04" type="5" discard="1" dealt="1" sum="60"/>
<action no="13" player="Tiuualex" type="0" discard="1" dealt="1" sum="0"/>
</round>
</game>
<game gamecode="6453807206"><general><startdate>2025-08-15 03:17:12</startdate>
<round>1</round>
<failsafecounter/>
<players><player seat="10" name="Lukaku04" chips="495" dealer="0" win="0" bet="60" muck="1" rebuy="0" addon="0" merge="0" rebuychips="0" reg_code="5053650055"/>
<player seat="3" name="Rakki" chips="945" dealer="1" win="0" bet="5" muck="1" rebuy="0" addon="0" merge="0" rebuychips="0" reg_code="5053649698"/>
<player seat="6" name="Tiuualex" chips="60" dealer="0" win="125" bet="60" muck="0" rebuy="0" addon="0" merge="0" rebuychips="0" reg_code="5053649701"/>
</players>
</general>
<round no="0"><action no="1" player="Tiuualex" type="15" discard="1" dealt="1" sum="5"/>
<action no="2" player="Lukaku04" type="15" discard="1" dealt="1" sum="5"/>
<action no="3" player="Rakki" type="15" sum="5"/>
<action no="4" player="Tiuualex" type="1" discard="1" dealt="1" sum="15"/>
<action no="5" player="Lukaku04" type="2" discard="1" dealt="1" sum="30"/>
</round>
<round no="1"><cards type="Pocket" player="Tiuualex">HQ CK</cards>
<cards type="Pocket" player="Lukaku04">H10 HK</cards>
<cards type="Pocket" player="Rakki">H5 SJ</cards>
<action no="6" player="Rakki" type="0" sum="0"/>
<action no="7" player="Tiuualex" type="7" discard="1" dealt="1" sum="40"/>
<action no="8" player="Lukaku04" type="3" discard="1" dealt="1" sum="25"/>
</round>
<round no="2"><cards type="Flop">D4 D2 H7</cards>
</round>
<round no="3"><cards type="Turn">HJ</cards>
</round>
<round no="4"><cards type="River">DA</cards>
</round>
</game>
<game gamecode="6453807234"><general><startdate>2025-08-15 03:17:43</startdate>
<round>1</round>
<failsafecounter/>
<players><player seat="3" name="Rakki" chips="940" dealer="0" win="275" bet="125" muck="0" rebuy="0" addon="0" merge="0" rebuychips="0" reg_code="5053649698"/>
<player seat="6" name="Tiuualex" chips="125" dealer="1" win="0" bet="125" muck="0" rebuy="0" addon="0" merge="0" rebuychips="0" reg_code="5053649701"/>
<player seat="10" name="Lukaku04" chips="435" dealer="0" win="0" bet="25" muck="1" rebuy="0" addon="0" merge="0" rebuychips="0" reg_code="5053650055"/>
</players>
</general>
<round no="0"><action no="1" player="Lukaku04" type="15" discard="1" dealt="1" sum="5"/>
<action no="2" player="Rakki" type="15" sum="5"/>
<action no="3" player="Tiuualex" type="15" discard="1" dealt="1" sum="5"/>
<action no="4" player="Lukaku04" type="1" discard="1" dealt="1" sum="20"/>
<action no="5" player="Rakki" type="2" sum="40"/>
</round>
<round no="1"><cards type="Pocket" player="Lukaku04">X X</cards>
<cards type="Pocket" player="Tiuualex">S9 D10</cards>
<cards type="Pocket" player="Rakki">CQ HJ</cards>
<action no="6" player="Tiuualex" type="23" discard="1" dealt="1" sum="120"/>
<action no="7" player="Lukaku04" type="0" discard="1" dealt="1" sum="0"/>
<action no="8" player="Rakki" type="3" sum="80"/>
</round>
<round no="2"><cards type="Flop">C9 CJ D6</cards>
</round>
<round no="3"><cards type="Turn">C5</cards>
</round>
<round no="4"><cards type="River">H4</cards>
</round>
</game>
<game gamecode="6453807247"><general><startdate>2025-08-15 03:18:03</startdate>
<round>1</round>
<failsafecounter/>
<players><player seat="3" name="Rakki" chips="1,090" dealer="0" win="90" bet="1,090" muck="1" rebuy="0" addon="0" merge="0" rebuychips="0" reg_code="5053649698"/>
<player seat="10" name="Lukaku04" chips="410" dealer="1" win="0" bet="45" muck="1" rebuy="0" addon="0" merge="0" rebuychips="0" reg_code="5053650055"/>
</players>
</general>
<round no="0"><action no="1" player="Lukaku04" type="15" discard="1" dealt="1" sum="5"/>
<action no="2" player="Rakki" type="15" sum="5"/>
<action no="3" player="Lukaku04" type="1" discard="1" dealt="1" sum="20"/>
<action no="4" player="Rakki" type="2" sum="40"/>
</round>
<round no="1"><cards type="Pocket" player="Lukaku04">X X</cards>
<cards type="Pocket" player="Rakki">C7 CK</cards>
<action no="5" player="Lukaku04" type="3" discard="1" dealt="1" sum="20"/>
<action no="6" player="Rakki" type="23" sum="1,085"/>
<action no="7" player="Lukaku04" type="0" discard="1" dealt="1" sum="0"/>
</round>
</game>
<game gamecode="6453807258"><general><startdate>2025-08-15 03:18:15</startdate>
<round>1</round>
<failsafecounter/>
<players><player seat="10" name="Lukaku04" chips="365" dealer="0" win="170" bet="125" muck="1" rebuy="0" addon="0" merge="0" rebuychips="0" reg_code="5053650055"/>
<player seat="3" name="Rakki" chips="1,135" dealer="1" win="0" bet="85" muck="1" rebuy="0" addon="0" merge="0" rebuychips="0" reg_code="5053649698"/>
</players>
</general>
<round no="0"><action no="1" player="Rakki" type="15" sum="5"/>
<action no="2" player="Lukaku04" type="15" discard="1" dealt="1" sum="5"/>
<action no="3" player="Rakki" type="1" sum="20"/>
<action no="4" player="Lukaku04" type="2" discard="1" dealt="1" sum="40"/>
</round>
<round no="1"><cards type="Pocket" player="Lukaku04">X X</cards>
<cards type="Pocket" player="Rakki">H10 H5</cards>
<action no="5" player="Rakki" type="3" sum="20"/>
<action no="6" player="Lukaku04" type="4" discard="1" dealt="1" sum="0"/>
</round>
<round no="2"><cards type="Flop">C7 HK C4</cards>
<action no="7" player="Lukaku04" type="4" discard="1" dealt="1" sum="0"/>
<action no="8" player="Rakki" type="5" sum="40"/>
<action no="9" player="Lukaku04" type="3" discard="1" dealt="1" sum="40"/>
</round>
<round no="3"><cards type="Turn">HQ</cards>
<action no="10" player="Lukaku04" type="4" discard="1" dealt="1" sum="0"/>
<action no="11" player="Rakki" type="4" sum="0"/>
</round>
<round no="4"><cards type="River">DQ</cards>
<action no="12" player="Lukaku04" type="5" discard="1" dealt="1" sum="40"/>
<action no="13" player="Rakki" type="0" sum="0"/>
</round>
</game>
<game gamecode="6453807280"><general><startdate>2025-08-15 03:18:48</startdate>
<round>1</round>
<failsafecounter/>
<players><player seat="3" name="Rakki" chips="1,050" dealer="0" win="0" bet="45" muck="1" rebuy="0" addon="0" merge="0" rebuychips="0" reg_code="5053649698"/>
<player seat="10" name="Lukaku04" chips="450" dealer="1" win="90" bet="90" muck="1" rebuy="0" addon="0" merge="0" rebuychips="0" reg_code="5053650055"/>
</players>
</general>
<round no="0"><action no="1" player="Lukaku04" type="15" discard="1" dealt="1" sum="5"/>
<action no="2" player="Rakki" type="15" sum="5"/>
<action no="3" player="Lukaku04" type="1" discard="1" dealt="1" sum="20"/>
<action no="4" player="Rakki" type="2" sum="40"/>
</round>
<round no="1"><cards type="Pocket" player="Lukaku04">X X</cards>
<cards type="Pocket" player="Rakki">H7 C10</cards>
<action no="5" player="Lukaku04" type="3" discard="1" dealt="1" sum="20"/>
<action no="6" player="Rakki" type="4" sum="0"/>
</round>
<round no="2"><cards type="Flop">S8 HK DJ</cards>
<action no="7" player="Rakki" type="4" sum="0"/>
<action no="8" player="Lukaku04" type="4" discard="1" dealt="1" sum="0"/>
</round>
<round no="3"><cards type="Turn">D3</cards>
<action no="9" player="Rakki" type="4" sum="0"/>
<action no="10" player="Lukaku04" type="5" discard="1" dealt="1" sum="45"/>
<action no="11" player="Rakki" type="0" sum="0"/>
</round>
</game>
<game gamecode="6453807297"><general><startdate>2025-08-15 03:19:23</startdate>
<round>1</round>
<failsafecounter/>
<players><player seat="10" name="Lukaku04" chips="495" dealer="0" win="0" bet="65" muck="1" rebuy="0" addon="0" merge="0" rebuychips="0" reg_code="5053650055"/>
<player seat="3" name="Rakki" chips="1,005" dealer="1" win="130" bet="1,005" muck="1" rebuy="0" addon="0" merge="0" rebuychips="0" reg_code="5053649698"/>
</players>
</general>
<round no="0"><action no="1" player="Rakki" type="15" sum="5"/>
<action no="2" player="Lukaku04" type="15" discard="1" dealt="1" sum="5"/>
<action no="3" player="Rakki" type="1" sum="30"/>
<action no="4" player="Lukaku04" type="2" discard="1" dealt="1" sum="60"/>
</round>
<round no="1"><cards type="Pocket" player="Lukaku04">X X</cards>
<cards type="Pocket" player="Rakki">HK D8</cards>
<action no="5" player="Rakki" type="23" sum="1,000"/>
<action no="6" player="Lukaku04" type="0" discard="1" dealt="1" sum="0"/>
</round>
</game>
<game gamecode="6453807305"><general><startdate>2025-08-15 03:19:39</startdate>
<round>1</round>
<failsafecounter/>
<players><player seat="3" name="Rakki" chips="1,070" dealer="0" win="70" bet="65" muck="1" rebuy="0" addon="0" merge="0" rebuychips="0" reg_code="5053649698"/>
<player seat="10" name="Lukaku04" chips="430" dealer="1" win="0" bet="35" muck="1" rebuy="0" addon="0" merge="0" rebuychips="0" reg_code="5053650055"/>
</players>
</general>
<round no="0"><action no="1" player="Lukaku04" type="15" discard="1" dealt="1" sum="5"/>
<action no="2" player="Rakki" type="15" sum="5"/>
<action no="3" player="Lukaku04" type="1" discard="1" dealt="1" sum="30"/>
<action no="4" player="Rakki" type="2" sum="60"/>
</round>
<round no="1"><cards type="Pocket" player="Lukaku04">X X</cards>
<cards type="Pocket" player="Rakki">C4 DQ</cards>
<action no="5" player="Lukaku04" type="0" discard="1" dealt="1" sum="0"/>
</round>
</game>
<game gamecode="6453807308"><general><startdate>2025-08-15 03:19:44</startdate>
<round>1</round>
<failsafecounter/>
<players><player seat="10" name="Lukaku04" chips="395" dealer="0" win="0" bet="65" muck="1" rebuy="0" addon="0" merge="0" rebuychips="0" reg_code="5053650055"/>
<player seat="3" name="Rakki" chips="1,105" dealer="1" win="130" bet="1,105" muck="1" rebuy="0" addon="0" merge="0" rebuychips="0" reg_code="5053649698"/>
</players>
</general>
<round no="0"><action no="1" player="Rakki" type="15" sum="5"/>
<action no="2" player="Lukaku04" type="15" discard="1" dealt="1" sum="5"/>
<action no="3" player="Rakki" type="1" sum="30"/>
<action no="4" player="Lukaku04" type="2" discard="1" dealt="1" sum="60"/>
</round>
<round no="1"><cards type="Pocket" player="Rakki">D7 H6</cards>
<cards type="Pocket" player="Lukaku04">X X</cards>
<action no="5" player="Rakki" type="23" sum="1,100"/>
<action no="6" player="Lukaku04" type="0" discard="1" dealt="1" sum="0"/>
</round>
</game>
<game gamecode="6453807313"><general><startdate>2025-08-15 03:19:56</startdate>
<round>1</round>
<failsafecounter/>
<players><player seat="3" name="Rakki" chips="1,170" dealer="0" win="660" bet="330" muck="0" rebuy="0" addon="0" merge="0" rebuychips="0" reg_code="5053649698"/>
<player seat="10" name="Lukaku04" chips="330" dealer="1" win="0" bet="330" muck="0" rebuy="0" addon="0" merge="0" rebuychips="0" reg_code="5053650055"/>
</players>
</general>
<round no="0"><action no="1" player="Lukaku04" type="15" discard="1" dealt="1" sum="5"/>
<action no="2" player="Rakki" type="15" sum="5"/>
<action no="3" player="Lukaku04" type="1" discard="1" dealt="1" sum="30"/>
<action no="4" player="Rakki" type="2" sum="60"/>
</round>
<round no="1"><cards type="Pocket" player="Rakki">CK DA</cards>
<cards type="Pocket" player="Lukaku04">HJ D8</cards>
<action no="5" player="Lukaku04" type="23" discard="1" dealt="1" sum="325"/>
<action no="6" player="Rakki" type="3" sum="265"/>
</round>
<round no="2"><cards type="Flop">DQ HA C8</cards>
</round>
<round no="3"><cards type="Turn">SK</cards>
</round>
<round no="4"><cards type="River">HK</cards>
</round>
</game>
</session>
