<?xml version="1.0" encoding="UTF-8"?>
<session sessioncode="5053648489">
<general>
<client_version>25.1.1.16</client_version>
<mode>real</mode>
<gametype>Holdem NL</gametype>
<tablename>Twister €100 SNG, 815827034</tablename>
<tournamentcode>815827033</tournamentcode>
<tournamentname>Twister €100 SNG</tournamentname>
<buyin>€0 + €7 + €93</buyin>
<totalbuyin>€100</totalbuyin>
<rewarddrawn>€200</rewarddrawn>
<tournamentcurrency>EUR</tournamentcurrency>
<currency>EUR</currency>
<nickname>Rakki</nickname>
<gamecount>9</gamecount>
<startdate>2025-08-15 02:56:38</startdate>
<place>3</place>
<win>€0</win>
<tablesize>3</tablesize>
</general>
<game gamecode="6453799936"><general><startdate>2025-08-15 02:56:53</startdate>
<round>1</round>
<failsafecounter/>
<players><player seat="10" name="Rakki" chips="500" dealer="0" win="0" bet="20" muck="1" rebuy="0" addon="0" merge="0" rebuychips="0" reg_code="5053648489"/>
<player seat="3" name="zzzzzzT1" chips="500" dealer="1" win="0" bet="0" muck="1" rebuy="0" addon="0" merge="0" rebuychips="0" reg_code="5053648432"/>
<player seat="6" name="Tiuualex" chips="500" dealer="0" win="40" bet="60" muck="1" rebuy="0" addon="0" merge="0" rebuychips="0" reg_code="5053648434"/>
</players>
</general>
<round no="0"><action no="1" player="Tiuualex" type="1" discard="1" dealt="1" sum="10"/>
<action no="2" player="Rakki" type="2" sum="20"/>
</round>
<round no="1"><cards type="Pocket" player="Rakki">D3 C10</cards>
<cards type="Pocket" player="Tiuualex">X X</cards>
<cards type="Pocket" player="zzzzzzT1">X X</cards>
<action no="3" player="zzzzzzT1" type="0" discard="1" dealt="1" sum="0"/>
<action no="4" player="Tiuualex" type="3" discard="1" dealt="1" sum="10"/>
<action no="5" player="Rakki" type="4" sum="0"/>
</round>
<round no="2"><cards type="Flop">C7 D4 C9</cards>
<action no="6" player="Tiuualex" type="4" discard="1" dealt="1" sum="0"/>
<action no="7" player="Rakki" type="4" sum="0"/>
</round>
<round no="3"><cards type="Turn">SK</cards>
<action no="8" player="Tiuualex" type="5" discard="1" dealt="1" sum="40"/>
<action no="9" player="Rakki" type="0" sum="0"/>
</round>
</game>
<game gamecode="6453799964"><general><startdate>2025-08-15 02:57:35</startdate>
<round>1</round>
<failsafecounter/>
<players><player seat="3" name="zzzzzzT1" chips="500" dealer="0" win="40" bet="500" muck="1" rebuy="0" addon="0" merge="0" rebuychips="0" reg_code="5053648432"/>
<player seat="6" name="Tiuualex" chips="520" dealer="1" win="0" bet="0" muck="1" rebuy="0" addon="0" merge="0" rebuychips="0" reg_code="5053648434"/>
<player seat="10" name="Rakki" chips="480" dealer="0" win="0" bet="20" muck="1" rebuy="0" addon="0" merge="0" rebuychips="0" reg_code="5053648489"/>
</players>
</general>
<round no="0"><action no="1" player="Rakki" type="1" sum="10"/>
<action no="2" player="zzzzzzT1" type="2" discard="1" dealt="1" sum="20"/>
</round>
<round no="1"><cards type="Pocket" player="zzzzzzT1">X X</cards>
<cards type="Pocket" player="Tiuualex">X X</cards>
<cards type="Pocket" player="Rakki">D5 D4</cards>
<action no="3" player="Tiuualex" type="0" discard="1" dealt="1" sum="0"/>
<action no="4" player="Rakki" type="3" sum="10"/>
<action no="5" player="zzzzzzT1" type="23" discard="1" dealt="1" sum="500"/>
<action no="6" player="Rakki" type="0" sum="0"/>
</round>
</game>
<game gamecode="6453799973"><general><startdate>2025-08-15 02:57:51</startdate>
<round>1</round>
<failsafecounter/>
<players><player seat="6" name="Tiuualex" chips="520" dealer="0" win="20" bet="20" muck="1" rebuy="0" addon="0" merge="0" rebuychips="0" reg_code="5053648434"/>
<player seat="10" name="Rakki" chips="460" dealer="1" win="0" bet="0" muck="1" rebuy="0" addon="0" merge="0" rebuychips="0" reg_code="5053648489"/>
<player seat="3" name="zzzzzzT1" chips="520" dealer="0" win="0" bet="10" muck="1" rebuy="0" addon="0" merge="0" rebuychips="0" reg_code="5053648432"/>
</players>
</general>
<round no="0"><action no="1" player="zzzzzzT1" type="1" discard="1" dealt="1" sum="10"/>
<action no="2" player="Tiuualex" type="2" discard="1" dealt="1" sum="20"/>
</round>
<round no="1"><cards type="Pocket" player="Tiuualex">X X</cards>
<cards type="Pocket" player="zzzzzzT1">X X</cards>
<cards type="Pocket" player="Rakki">S7 D6</cards>
<action no="3" player="Rakki" type="0" sum="0"/>
<action no="4" player="zzzzzzT1" type="0" discard="1" dealt="1" sum="0"/>
</round>
</game>
<game gamecode="6453799979"><general><startdate>2025-08-15 02:57:58</startdate>
<round>1</round>
<failsafecounter/>
<players><player seat="10" name="Rakki" chips="460" dealer="0" win="0" bet="50" muck="1" rebuy="0" addon="0" merge="0" rebuychips="0" reg_code="5053648489"/>
<player seat="3" name="zzzzzzT1" chips="510" dealer="1" win="0" bet="0" muck="1" rebuy="0" addon="0" merge="0" rebuychips="0" reg_code="5053648432"/>
<player seat="6" name="Tiuualex" chips="530" dealer="0" win="100" bet="122" muck="1" rebuy="0" addon="0" merge="0" rebuychips="0" reg_code="5053648434"/>
</players>
</general>
<round no="0"><action no="1" player="Tiuualex" type="1" discard="1" dealt="1" sum="10"/>
<action no="2" player="Rakki" type="2" sum="20"/>
</round>
<round no="1"><cards type="Pocket" player="zzzzzzT1">X X</cards>
<cards type="Pocket" player="Tiuualex">X X</cards>
<cards type="Pocket" player="Rakki">D4 H6</cards>
<action no="3" player="zzzzzzT1" type="0" discard="1" dealt="1" sum="0"/>
<action no="4" player="Tiuualex" type="23" discard="1" dealt="1" sum="50"/>
<action no="5" player="Rakki" type="3" sum="30"/>
</round>
<round no="2"><cards type="Flop">D8 S7 D2</cards>
<action no="6" player="Tiuualex" type="4" discard="1" dealt="1" sum="0"/>
<action no="7" player="Rakki" type="4" sum="0"/>
</round>
<round no="3"><cards type="Turn">DQ</cards>
<action no="8" player="Tiuualex" type="5" discard="1" dealt="1" sum="72"/>
<action no="9" player="Rakki" type="0" sum="0"/>
</round>
</game>
<game gamecode="6453800013"><general><startdate>2025-08-15 02:58:42</startdate>
<round>1</round>
<failsafecounter/>
<players><player seat="3" name="zzzzzzT1" chips="510" dealer="0" win="135" bet="95" muck="1" rebuy="0" addon="0" merge="0" rebuychips="0" reg_code="5053648432"/>
<player seat="6" name="Tiuualex" chips="580" dealer="1" win="0" bet="5" muck="1" rebuy="0" addon="0" merge="0" rebuychips="0" reg_code="5053648434"/>
<player seat="10" name="Rakki" chips="410" dealer="0" win="0" bet="65" muck="1" rebuy="0" addon="0" merge="0" rebuychips="0" reg_code="5053648489"/>
</players>
</general>
<round no="0"><action no="1" player="Rakki" type="15" sum="5"/>
<action no="2" player="zzzzzzT1" type="15" discard="1" dealt="1" sum="5"/>
<action no="3" player="Tiuualex" type="15" discard="1" dealt="1" sum="5"/>
<action no="4" player="Rakki" type="1" sum="15"/>
<action no="5" player="zzzzzzT1" type="2" discard="1" dealt="1" sum="30"/>
</round>
<round no="1"><cards type="Pocket" player="zzzzzzT1">X X</cards>
<cards type="Pocket" player="Rakki">D10 D9</cards>
<cards type="Pocket" player="Tiuualex">X X</cards>
<action no="6" player="Tiuualex" type="0" discard="1" dealt="1" sum="0"/>
<action no="7" player="Rakki" type="3" sum="15"/>
<action no="8" player="zzzzzzT1" type="4" discard="1" dealt="1" sum="0"/>
</round>
<round no="2"><cards type="Flop">C5 HJ S7</cards>
<action no="9" player="Rakki" type="4" sum="0"/>
<action no="10" player="zzzzzzT1" type="4" discard="1" dealt="1" sum="0"/>
</round>
<round no="3"><cards type="Turn">H7</cards>
<action no="11" player="Rakki" type="5" sum="30"/>
<action no="12" player="zzzzzzT1" type="23" discard="1" dealt="1" sum="60"/>
<action no="13" player="Rakki" type="0" sum="0"/>
</round>
</game>
<game gamecode="6453800039"><general><startdate>2025-08-15 02:59:12</startdate>
<round>1</round>
<failsafecounter/>
<players><player seat="6" name="Tiuualex" chips="575" dealer="0" win="0" bet="35" muck="1" rebuy="0" addon="0" merge="0" rebuychips="0" reg_code="5053648434"/>
<player seat="10" name="Rakki" chips="345" dealer="1" win="0" bet="5" muck="1" rebuy="0" addon="0" merge="0" rebuychips="0" reg_code="5053648489"/>
<player seat="3" name="zzzzzzT1" chips="580" dealer="0" win="75" bet="580" muck="1" rebuy="0" addon="0" merge="0" rebuychips="0" reg_code="5053648432"/>
</players>
</general>
<round no="0"><action no="1" player="zzzzzzT1" type="15" discard="1" dealt="1" sum="5"/>
<action no="2" player="Tiuualex" type="15" discard="1" dealt="1" sum="5"/>
<action no="3" player="Rakki" type="15" sum="5"/>
<action no="4" player="zzzzzzT1" type="1" discard="1" dealt="1" sum="15"/>
<action no="5" player="Tiuualex" type="2" discard="1" dealt="1" sum="30"/>
</round>
<round no="1"><cards type="Pocket" player="Tiuualex">X X</cards>
<cards type="Pocket" player="zzzzzzT1">X X</cards>
<cards type="Pocket" player="Rakki">C6 H3</cards>
<action no="6" player="Rakki" type="0" sum="0"/>
<action no="7" player="zzzzzzT1" type="23" discard="1" dealt="1" sum="575"/>
<action no="8" player="Tiuualex" type="0" discard="1" dealt="1" sum="0"/>
</round>
</game>
<game gamecode="6453800057"><general><startdate>2025-08-15 02:59:32</startdate>
<round>1</round>
<failsafecounter/>
<players><player seat="10" name="Rakki" chips="340" dealer="0" win="0" bet="35" muck="1" rebuy="0" addon="0" merge="0" rebuychips="0" reg_code="5053648489"/>
<player seat="3" name="zzzzzzT1" chips="620" dealer="1" win="90" bet="74" muck="1" rebuy="0" addon="0" merge="0" rebuychips="0" reg_code="5053648432"/>
<player seat="6" name="Tiuualex" chips="540" dealer="0" win="0" bet="20" muck="1" rebuy="0" addon="0" merge="0" rebuychips="0" reg_code="5053648434"/>
</players>
</general>
<round no="0"><action no="1" player="Tiuualex" type="15" discard="1" dealt="1" sum="5"/>
<action no="2" player="Rakki" type="15" sum="5"/>
<action no="3" player="zzzzzzT1" type="15" discard="1" dealt="1" sum="5"/>
<action no="4" player="Tiuualex" type="1" discard="1" dealt="1" sum="15"/>
<action no="5" player="Rakki" type="2" sum="30"/>
</round>
<round no="1"><cards type="Pocket" player="zzzzzzT1">X X</cards>
<cards type="Pocket" player="Tiuualex">X X</cards>
<cards type="Pocket" player="Rakki">C7 D5</cards>
<action no="6" player="zzzzzzT1" type="3" discard="1" dealt="1" sum="30"/>
<action no="7" player="Tiuualex" type="0" discard="1" dealt="1" sum="0"/>
<action no="8" player="Rakki" type="4" sum="0"/>
</round>
<round no="2"><cards type="Flop">SJ H2 DQ</cards>
<action no="9" player="Rakki" type="4" sum="0"/>
<action no="10" player="zzzzzzT1" type="5" discard="1" dealt="1" sum="39"/>
<action no="11" player="Rakki" type="0" sum="0"/>
</round>
</game>
<game gamecode="6453800070"><general><startdate>2025-08-15 02:59:48</startdate>
<round>1</round>
<failsafecounter/>
<players><player seat="3" name="zzzzzzT1" chips="675" dealer="0" win="0" bet="35" muck="1" rebuy="0" addon="0" merge="0" rebuychips="0" reg_code="5053648432"/>
<player seat="6" name="Tiuualex" chips="520" dealer="1" win="90" bet="520" muck="1" rebuy="0" addon="0" merge="0" rebuychips="0" reg_code="5053648434"/>
<player seat="10" name="Rakki" chips="305" dealer="0" win="0" bet="20" muck="1" rebuy="0" addon="0" merge="0" rebuychips="0" reg_code="5053648489"/>
</players>
</general>
<round no="0"><action no="1" player="Rakki" type="15" sum="5"/>
<action no="2" player="zzzzzzT1" type="15" discard="1" dealt="1" sum="5"/>
<action no="3" player="Tiuualex" type="15" discard="1" dealt="1" sum="5"/>
<action no="4" player="Rakki" type="1" sum="15"/>
<action no="5" player="zzzzzzT1" type="2" discard="1" dealt="1" sum="30"/>
</round>
<round no="1"><cards type="Pocket" player="Tiuualex">X X</cards>
<cards type="Pocket" player="Rakki">H2 DJ</cards>
<cards type="Pocket" player="zzzzzzT1">X X</cards>
<action no="6" player="Tiuualex" type="23" discard="1" dealt="1" sum="515"/>
<action no="7" player="Rakki" type="0" sum="0"/>
<action no="8" player="zzzzzzT1" type="0" discard="1" dealt="1" sum="0"/>
</round>
</game>
<game gamecode="6453800083"><general><startdate>2025-08-15 03:00:08</startdate>
<round>1</round>
<failsafecounter/>
<players><player seat="6" name="Tiuualex" chips="575" dealer="0" win="0" bet="35" muck="1" rebuy="0" addon="0" merge="0" rebuychips="0" reg_code="5053648434"/>
<player seat="10" name="Rakki" chips="285" dealer="1" win="0" bet="285" muck="0" rebuy="0" addon="0" merge="0" rebuychips="0" reg_code="5053648489"/>
<player seat="3" name="zzzzzzT1" chips="640" dealer="0" win="605" bet="640" muck="0" rebuy="0" addon="0" merge="0" rebuychips="0" reg_code="5053648432"/>
</players>
</general>
<round no="0"><action no="1" player="zzzzzzT1" type="15" discard="1" dealt="1" sum="5"/>
<action no="2" player="Tiuualex" type="15" discard="1" dealt="1" sum="5"/>
<action no="3" player="Rakki" type="15" sum="5"/>
<action no="4" player="zzzzzzT1" type="1" discard="1" dealt="1" sum="15"/>
<action no="5" player="Tiuualex" type="2" discard="1" dealt="1" sum="30"/>
</round>
<round no="1"><cards type="Pocket" player="Tiuualex">X X</cards>
<cards type="Pocket" player="Rakki">C5 CK</cards>
<cards type="Pocket" player="zzzzzzT1">H10 S10</cards>
<action no="6" player="Rakki" type="23" sum="280"/>
<action no="7" player="zzzzzzT1" type="23" discard="1" dealt="1" sum="635"/>
<action no="8" player="Tiuualex" type="0" discard="1" dealt="1" sum="0"/>
</round>
<round no="2"><cards type="Flop">C2 S9 SJ</cards>
</round>
<round no="3"><cards type="Turn">CA</cards>
</round>
<round no="4"><cards type="River">H6</cards>
</round>
</game>
</session>
