<?xml version="1.0" encoding="UTF-8"?>
<session sessioncode="5053647946">
<general>
<client_version>25.1.1.16</client_version>
<mode>real</mode>
<gametype>Holdem NL</gametype>
<tablename>Twister €100 SNG, 815826889</tablename>
<tournamentcode>815826888</tournamentcode>
<tournamentname>Twister €100 SNG</tournamentname>
<buyin>€0 + €7 + €93</buyin>
<totalbuyin>€100</totalbuyin>
<rewarddrawn>€200</rewarddrawn>
<tournamentcurrency>EUR</tournamentcurrency>
<currency>EUR</currency>
<nickname>Rakki</nickname>
<gamecount>9</gamecount>
<startdate>2025-08-15 02:52:14</startdate>
<place>3</place>
<win>€0</win>
<tablesize>3</tablesize>
</general>
<game gamecode="6453799695"><general><startdate>2025-08-15 02:52:30</startdate>
<round>1</round>
<failsafecounter/>
<players><player seat="6" name="zzzzzzT1" chips="500" dealer="0" win="0" bet="40" muck="1" rebuy="0" addon="0" merge="0" rebuychips="0" reg_code="5053647984"/>
<player seat="10" name="Tiuualex" chips="500" dealer="1" win="90" bet="112" muck="1" rebuy="0" addon="0" merge="0" rebuychips="0" reg_code="5053648077"/>
<player seat="3" name="Rakki" chips="500" dealer="0" win="0" bet="10" muck="1" rebuy="0" addon="0" merge="0" rebuychips="0" reg_code="5053647946"/>
</players>
</general>
<round no="0"><action no="1" player="Rakki" type="1" sum="10"/>
<action no="2" player="zzzzzzT1" type="2" discard="1" dealt="1" sum="20"/>
</round>
<round no="1"><cards type="Pocket" player="Rakki">C10 D6</cards>
<cards type="Pocket" player="zzzzzzT1">X X</cards>
<cards type="Pocket" player="Tiuualex">X X</cards>
<action no="3" player="Tiuualex" type="23" discard="1" dealt="1" sum="40"/>
<action no="4" player="Rakki" type="0" sum="0"/>
<action no="5" player="zzzzzzT1" type="3" discard="1" dealt="1" sum="20"/>
</round>
<round no="2"><cards type="Flop">C8 D9 D5</cards>
<action no="6" player="zzzzzzT1" type="4" discard="1" dealt="1" sum="0"/>
<action no="7" player="Tiuualex" type="4" discard="1" dealt="1" sum="0"/>
</round>
<round no="3"><cards type="Turn">D8</cards>
<action no="8" player="zzzzzzT1" type="4" discard="1" dealt="1" sum="0"/>
<action no="9" player="Tiuualex" type="4" discard="1" dealt="1" sum="0"/>
</round>
<round no="4"><cards type="River">CK</cards>
<action no="10" player="zzzzzzT1" type="4" discard="1" dealt="1" sum="0"/>
<action no="11" player="Tiuualex" type="5" discard="1" dealt="1" sum="72"/>
<action no="12" player="zzzzzzT1" type="0" discard="1" dealt="1" sum="0"/>
</round>
</game>
<game gamecode="6453799744"><general><startdate>2025-08-15 02:53:18</startdate>
<round>1</round>
<failsafecounter/>
<players><player seat="10" name="Tiuualex" chips="550" dealer="0" win="0" bet="40" muck="1" rebuy="0" addon="0" merge="0" rebuychips="0" reg_code="5053648077"/>
<player seat="3" name="Rakki" chips="490" dealer="1" win="90" bet="70" muck="1" rebuy="0" addon="0" merge="0" rebuychips="0" reg_code="5053647946"/>
<player seat="6" name="zzzzzzT1" chips="460" dealer="0" win="0" bet="10" muck="1" rebuy="0" addon="0" merge="0" rebuychips="0" reg_code="5053647984"/>
</players>
</general>
<round no="0"><action no="1" player="zzzzzzT1" type="1" discard="1" dealt="1" sum="10"/>
<action no="2" player="Tiuualex" type="2" discard="1" dealt="1" sum="20"/>
</round>
<round no="1"><cards type="Pocket" player="Rakki">DQ D8</cards>
<cards type="Pocket" player="Tiuualex">X X</cards>
<cards type="Pocket" player="zzzzzzT1">X X</cards>
<action no="3" player="Rakki" type="23" sum="40"/>
<action no="4" player="zzzzzzT1" type="0" discard="1" dealt="1" sum="0"/>
<action no="5" player="Tiuualex" type="3" discard="1" dealt="1" sum="20"/>
</round>
<round no="2"><cards type="Flop">SJ H9 H2</cards>
<action no="6" player="Tiuualex" type="4" discard="1" dealt="1" sum="0"/>
<action no="7" player="Rakki" type="5" sum="30"/>
<action no="8" player="Tiuualex" type="0" discard="1" dealt="1" sum="0"/>
</round>
</game>
<game gamecode="6453799764"><general><startdate>2025-08-15 02:53:46</startdate>
<round>1</round>
<failsafecounter/>
<players><player seat="3" name="Rakki" chips="540" dealer="0" win="0" bet="162" muck="1" rebuy="0" addon="0" merge="0" rebuychips="0" reg_code="5053647946"/>
<player seat="6" name="zzzzzzT1" chips="450" dealer="1" win="334" bet="450" muck="1" rebuy="0" addon="0" merge="0" rebuychips="0" reg_code="5053647984"/>
<player seat="10" name="Tiuualex" chips="510" dealer="0" win="0" bet="10" muck="1" rebuy="0" addon="0" merge="0" rebuychips="0" reg_code="5053648077"/>
</players>
</general>
<round no="0"><action no="1" player="Tiuualex" type="1" discard="1" dealt="1" sum="10"/>
<action no="2" player="Rakki" type="2" sum="20"/>
</round>
<round no="1"><cards type="Pocket" player="Rakki">H6 H3</cards>
<cards type="Pocket" player="Tiuualex">X X</cards>
<cards type="Pocket" player="zzzzzzT1">X X</cards>
<action no="3" player="zzzzzzT1" type="23" discard="1" dealt="1" sum="40"/>
<action no="4" player="Tiuualex" type="0" discard="1" dealt="1" sum="0"/>
<action no="5" player="Rakki" type="3" sum="20"/>
</round>
<round no="2"><cards type="Flop">D6 HJ H8</cards>
<action no="6" player="Rakki" type="4" sum="0"/>
<action no="7" player="zzzzzzT1" type="5" discard="1" dealt="1" sum="22"/>
<action no="8" player="Rakki" type="3" sum="22"/>
</round>
<round no="3"><cards type="Turn">S2</cards>
<action no="9" player="Rakki" type="4" sum="0"/>
<action no="10" player="zzzzzzT1" type="5" discard="1" dealt="1" sum="100"/>
<action no="11" player="Rakki" type="3" sum="100"/>
</round>
<round no="4"><cards type="River">C5</cards>
<action no="12" player="Rakki" type="4" sum="0"/>
<action no="13" player="zzzzzzT1" type="5" discard="1" dealt="1" sum="288"/>
<action no="14" player="Rakki" type="0" sum="0"/>
</round>
</game>
<game gamecode="6453799806"><general><startdate>2025-08-15 02:54:35</startdate>
<round>1</round>
<failsafecounter/>
<players><player seat="6" name="zzzzzzT1" chips="622" dealer="0" win="45" bet="35" muck="1" rebuy="0" addon="0" merge="0" rebuychips="0" reg_code="5053647984"/>
<player seat="10" name="Tiuualex" chips="500" dealer="1" win="0" bet="5" muck="1" rebuy="0" addon="0" merge="0" rebuychips="0" reg_code="5053648077"/>
<player seat="3" name="Rakki" chips="378" dealer="0" win="0" bet="20" muck="1" rebuy="0" addon="0" merge="0" rebuychips="0" reg_code="5053647946"/>
</players>
</general>
<round no="0"><action no="1" player="Rakki" type="15" sum="5"/>
<action no="2" player="zzzzzzT1" type="15" discard="1" dealt="1" sum="5"/>
<action no="3" player="Tiuualex" type="15" discard="1" dealt="1" sum="5"/>
<action no="4" player="Rakki" type="1" sum="15"/>
<action no="5" player="zzzzzzT1" type="2" discard="1" dealt="1" sum="30"/>
</round>
<round no="1"><cards type="Pocket" player="zzzzzzT1">X X</cards>
<cards type="Pocket" player="Rakki">D8 D2</cards>
<cards type="Pocket" player="Tiuualex">X X</cards>
<action no="6" player="Tiuualex" type="0" discard="1" dealt="1" sum="0"/>
<action no="7" player="Rakki" type="0" sum="0"/>
</round>
</game>
<game gamecode="6453799814"><general><startdate>2025-08-15 02:54:42</startdate>
<round>1</round>
<failsafecounter/>
<players><player seat="10" name="Tiuualex" chips="495" dealer="0" win="0" bet="35" muck="1" rebuy="0" addon="0" merge="0" rebuychips="0" reg_code="5053648077"/>
<player seat="3" name="Rakki" chips="358" dealer="1" win="0" bet="5" muck="1" rebuy="0" addon="0" merge="0" rebuychips="0" reg_code="5053647946"/>
<player seat="6" name="zzzzzzT1" chips="647" dealer="0" win="75" bet="647" muck="1" rebuy="0" addon="0" merge="0" rebuychips="0" reg_code="5053647984"/>
</players>
</general>
<round no="0"><action no="1" player="zzzzzzT1" type="15" discard="1" dealt="1" sum="5"/>
<action no="2" player="Tiuualex" type="15" discard="1" dealt="1" sum="5"/>
<action no="3" player="Rakki" type="15" sum="5"/>
<action no="4" player="zzzzzzT1" type="1" discard="1" dealt="1" sum="15"/>
<action no="5" player="Tiuualex" type="2" discard="1" dealt="1" sum="30"/>
</round>
<round no="1"><cards type="Pocket" player="Rakki">D8 H2</cards>
<cards type="Pocket" player="zzzzzzT1">X X</cards>
<cards type="Pocket" player="Tiuualex">X X</cards>
<action no="6" player="Rakki" type="0" sum="0"/>
<action no="7" player="zzzzzzT1" type="23" discard="1" dealt="1" sum="642"/>
<action no="8" player="Tiuualex" type="0" discard="1" dealt="1" sum="0"/>
</round>
</game>
<game gamecode="6453799826"><general><startdate>2025-08-15 02:54:52</startdate>
<round>1</round>
<failsafecounter/>
<players><player seat="3" name="Rakki" chips="353" dealer="0" win="0" bet="35" muck="1" rebuy="0" addon="0" merge="0" rebuychips="0" reg_code="5053647946"/>
<player seat="6" name="zzzzzzT1" chips="687" dealer="1" win="0" bet="5" muck="1" rebuy="0" addon="0" merge="0" rebuychips="0" reg_code="5053647984"/>
<player seat="10" name="Tiuualex" chips="460" dealer="0" win="75" bet="460" muck="1" rebuy="0" addon="0" merge="0" rebuychips="0" reg_code="5053648077"/>
</players>
</general>
<round no="0"><action no="1" player="Tiuualex" type="15" discard="1" dealt="1" sum="5"/>
<action no="2" player="Rakki" type="15" sum="5"/>
<action no="3" player="zzzzzzT1" type="15" discard="1" dealt="1" sum="5"/>
<action no="4" player="Tiuualex" type="1" discard="1" dealt="1" sum="15"/>
<action no="5" player="Rakki" type="2" sum="30"/>
</round>
<round no="1"><cards type="Pocket" player="Tiuualex">X X</cards>
<cards type="Pocket" player="zzzzzzT1">X X</cards>
<cards type="Pocket" player="Rakki">D5 C8</cards>
<action no="6" player="zzzzzzT1" type="0" discard="1" dealt="1" sum="0"/>
<action no="7" player="Tiuualex" type="23" discard="1" dealt="1" sum="455"/>
<action no="8" player="Rakki" type="0" sum="0"/>
</round>
</game>
<game gamecode="6453799841"><general><startdate>2025-08-15 02:55:09</startdate>
<round>1</round>
<failsafecounter/>
<players><player seat="6" name="zzzzzzT1" chips="682" dealer="0" win="320" bet="318" muck="0" rebuy="0" addon="0" merge="0" rebuychips="0" reg_code="5053647984"/>
<player seat="10" name="Tiuualex" chips="500" dealer="1" win="0" bet="5" muck="1" rebuy="0" addon="0" merge="0" rebuychips="0" reg_code="5053648077"/>
<player seat="3" name="Rakki" chips="318" dealer="0" win="321" bet="318" muck="0" rebuy="0" addon="0" merge="0" rebuychips="0" reg_code="5053647946"/>
</players>
</general>
<round no="0"><action no="1" player="Rakki" type="15" sum="5"/>
<action no="2" player="zzzzzzT1" type="15" discard="1" dealt="1" sum="5"/>
<action no="3" player="Tiuualex" type="15" discard="1" dealt="1" sum="5"/>
<action no="4" player="Rakki" type="1" sum="15"/>
<action no="5" player="zzzzzzT1" type="2" discard="1" dealt="1" sum="30"/>
</round>
<round no="1"><cards type="Pocket" player="Rakki">C7 HA</cards>
<cards type="Pocket" player="Tiuualex">X X</cards>
<cards type="Pocket" player="zzzzzzT1">D3 H3</cards>
<action no="6" player="Tiuualex" type="0" discard="1" dealt="1" sum="0"/>
<action no="7" player="Rakki" type="23" sum="313"/>
<action no="8" player="zzzzzzT1" type="3" discard="1" dealt="1" sum="283"/>
</round>
<round no="2"><cards type="Flop">SJ SA S8</cards>
</round>
<round no="3"><cards type="Turn">SK</cards>
</round>
<round no="4"><cards type="River">S2</cards>
</round>
</game>
<game gamecode="6453799869"><general><startdate>2025-08-15 02:55:46</startdate>
<round>1</round>
<failsafecounter/>
<players><player seat="10" name="Tiuualex" chips="495" dealer="0" win="0" bet="35" muck="1" rebuy="0" addon="0" merge="0" rebuychips="0" reg_code="5053648077"/>
<player seat="3" name="Rakki" chips="321" dealer="1" win="90" bet="65" muck="1" rebuy="0" addon="0" merge="0" rebuychips="0" reg_code="5053647946"/>
<player seat="6" name="zzzzzzT1" chips="684" dealer="0" win="0" bet="20" muck="1" rebuy="0" addon="0" merge="0" rebuychips="0" reg_code="5053647984"/>
</players>
</general>
<round no="0"><action no="1" player="zzzzzzT1" type="15" discard="1" dealt="1" sum="5"/>
<action no="2" player="Tiuualex" type="15" discard="1" dealt="1" sum="5"/>
<action no="3" player="Rakki" type="15" sum="5"/>
<action no="4" player="zzzzzzT1" type="1" discard="1" dealt="1" sum="15"/>
<action no="5" player="Tiuualex" type="2" discard="1" dealt="1" sum="30"/>
</round>
<round no="1"><cards type="Pocket" player="Rakki">C6 CK</cards>
<cards type="Pocket" player="Tiuualex">X X</cards>
<cards type="Pocket" player="zzzzzzT1">X X</cards>
<action no="6" player="Rakki" type="23" sum="60"/>
<action no="7" player="zzzzzzT1" type="0" discard="1" dealt="1" sum="0"/>
<action no="8" player="Tiuualex" type="0" discard="1" dealt="1" sum="0"/>
</round>
</game>
<game gamecode="6453799881"><general><startdate>2025-08-15 02:55:59</startdate>
<round>1</round>
<failsafecounter/>
<players><player seat="3" name="Rakki" chips="376" dealer="0" win="0" bet="376" muck="0" rebuy="0" addon="0" merge="0" rebuychips="0" reg_code="5053647946"/>
<player seat="6" name="zzzzzzT1" chips="664" dealer="1" win="0" bet="5" muck="1" rebuy="0" addon="0" merge="0" rebuychips="0" reg_code="5053647984"/>
<player seat="10" name="Tiuualex" chips="460" dealer="0" win="757" bet="460" muck="0" rebuy="0" addon="0" merge="0" rebuychips="0" reg_code="5053648077"/>
</players>
</general>
<round no="0"><action no="1" player="Tiuualex" type="15" discard="1" dealt="1" sum="5"/>
<action no="2" player="Rakki" type="15" sum="5"/>
<action no="3" player="zzzzzzT1" type="15" discard="1" dealt="1" sum="5"/>
<action no="4" player="Tiuualex" type="1" discard="1" dealt="1" sum="20"/>
<action no="5" player="Rakki" type="2" sum="40"/>
</round>
<round no="1"><cards type="Pocket" player="Rakki">HA H5</cards>
<cards type="Pocket" player="Tiuualex">HJ C9</cards>
<cards type="Pocket" player="zzzzzzT1">X X</cards>
<action no="6" player="zzzzzzT1" type="0" discard="1" dealt="1" sum="0"/>
<action no="7" player="Tiuualex" type="23" discard="1" dealt="1" sum="455"/>
<action no="8" player="Rakki" type="7" sum="331"/>
</round>
<round no="2"><cards type="Flop">C2 DQ D7</cards>
</round>
<round no="3"><cards type="Turn">S8</cards>
</round>
<round no="4"><cards type="River">SJ</cards>
</round>
</game>
</session>
