<?xml version="1.0" encoding="UTF-8"?>
<session sessioncode="5054841089">
<general>
<client_version>25.1.1.16</client_version>
<mode>real</mode>
<gametype>Holdem NL</gametype>
<tablename>Twister €100 SNG, 816189667</tablename>
<tournamentcode>816189666</tournamentcode>
<tournamentname>Twister €100 SNG</tournamentname>
<buyin>€0 + €7 + €93</buyin>
<totalbuyin>€100</totalbuyin>
<rewarddrawn>€200</rewarddrawn>
<tournamentcurrency>EUR</tournamentcurrency>
<currency>EUR</currency>
<nickname>Rakki</nickname>
<gamecount>17</gamecount>
<startdate>2025-08-21 01:44:27</startdate>
<place>1</place>
<win>€200</win>
<tablesize>3</tablesize>
</general>
<game gamecode="6458637657"><general><startdate>2025-08-21 01:44:42</startdate>
<round>1</round>
<failsafecounter/>
<players><player seat="10" name="Pancake77" chips="500" dealer="0" win="20" bet="20" muck="1" rebuy="0" addon="0" merge="0" rebuychips="0" reg_code="5054841155"/>
<player seat="3" name="Rakki" chips="500" dealer="1" win="0" bet="0" muck="1" rebuy="0" addon="0" merge="0" rebuychips="0" reg_code="5054841089"/>
<player seat="6" name="Thechosenoonee" chips="500" dealer="0" win="0" bet="10" muck="1" rebuy="0" addon="0" merge="0" rebuychips="0" reg_code="5054841111"/>
</players>
</general>
<round no="0"><action no="1" player="Thechosenoonee" type="1" discard="1" dealt="1" sum="10"/>
<action no="2" player="Pancake77" type="2" discard="1" dealt="1" sum="20"/>
</round>
<round no="1"><cards type="Pocket" player="Pancake77">X X</cards>
<cards type="Pocket" player="Thechosenoonee">X X</cards>
<cards type="Pocket" player="Rakki">H5 SK</cards>
<action no="3" player="Rakki" type="0" sum="0"/>
<action no="4" player="Thechosenoonee" type="0" discard="1" dealt="1" sum="0"/>
</round>
</game>
<game gamecode="6458637679"><general><startdate>2025-08-21 01:44:58</startdate>
<round>1</round>
<failsafecounter/>
<players><player seat="3" name="Rakki" chips="500" dealer="0" win="0" bet="20" muck="1" rebuy="0" addon="0" merge="0" rebuychips="0" reg_code="5054841089"/>
<player seat="6" name="Thechosenoonee" chips="490" dealer="1" win="50" bet="40" muck="1" rebuy="0" addon="0" merge="0" rebuychips="0" reg_code="5054841111"/>
<player seat="10" name="Pancake77" chips="510" dealer="0" win="0" bet="10" muck="1" rebuy="0" addon="0" merge="0" rebuychips="0" reg_code="5054841155"/>
</players>
</general>
<round no="0"><action no="1" player="Pancake77" type="1" discard="1" dealt="1" sum="10"/>
<action no="2" player="Rakki" type="2" sum="20"/>
</round>
<round no="1"><cards type="Pocket" player="Thechosenoonee">X X</cards>
<cards type="Pocket" player="Rakki">D2 H3</cards>
<cards type="Pocket" player="Pancake77">X X</cards>
<action no="3" player="Thechosenoonee" type="23" discard="1" dealt="1" sum="40"/>
<action no="4" player="Pancake77" type="0" discard="1" dealt="1" sum="0"/>
<action no="5" player="Rakki" type="0" sum="0"/>
</round>
</game>
<game gamecode="6458637701"><general><startdate>2025-08-21 01:45:07</startdate>
<round>1</round>
<failsafecounter/>
<players><player seat="6" name="Thechosenoonee" chips="520" dealer="0" win="0" bet="20" muck="1" rebuy="0" addon="0" merge="0" rebuychips="0" reg_code="5054841111"/>
<player seat="10" name="Pancake77" chips="500" dealer="1" win="50" bet="40" muck="1" rebuy="0" addon="0" merge="0" rebuychips="0" reg_code="5054841155"/>
<player seat="3" name="Rakki" chips="480" dealer="0" win="0" bet="10" muck="1" rebuy="0" addon="0" merge="0" rebuychips="0" reg_code="5054841089"/>
</players>
</general>
<round no="0"><action no="1" player="Rakki" type="1" sum="10"/>
<action no="2" player="Thechosenoonee" type="2" discard="1" dealt="1" sum="20"/>
</round>
<round no="1"><cards type="Pocket" player="Thechosenoonee">X X</cards>
<cards type="Pocket" player="Pancake77">X X</cards>
<cards type="Pocket" player="Rakki">S4 DJ</cards>
<action no="3" player="Pancake77" type="23" discard="1" dealt="1" sum="40"/>
<action no="4" player="Rakki" type="0" sum="0"/>
<action no="5" player="Thechosenoonee" type="0" discard="1" dealt="1" sum="0"/>
</round>
</game>
<game gamecode="6458637715"><general><startdate>2025-08-21 01:45:16</startdate>
<round>1</round>
<failsafecounter/>
<players><player seat="10" name="Pancake77" chips="530" dealer="0" win="40" bet="40" muck="1" rebuy="0" addon="0" merge="0" rebuychips="0" reg_code="5054841155"/>
<player seat="3" name="Rakki" chips="470" dealer="1" win="0" bet="0" muck="1" rebuy="0" addon="0" merge="0" rebuychips="0" reg_code="5054841089"/>
<player seat="6" name="Thechosenoonee" chips="500" dealer="0" win="0" bet="20" muck="1" rebuy="0" addon="0" merge="0" rebuychips="0" reg_code="5054841111"/>
</players>
</general>
<round no="0"><action no="1" player="Thechosenoonee" type="1" discard="1" dealt="1" sum="10"/>
<action no="2" player="Pancake77" type="2" discard="1" dealt="1" sum="20"/>
</round>
<round no="1"><cards type="Pocket" player="Pancake77">X X</cards>
<cards type="Pocket" player="Rakki">S2 H6</cards>
<cards type="Pocket" player="Thechosenoonee">X X</cards>
<action no="3" player="Rakki" type="0" sum="0"/>
<action no="4" player="Thechosenoonee" type="3" discard="1" dealt="1" sum="10"/>
<action no="5" player="Pancake77" type="4" discard="1" dealt="1" sum="0"/>
</round>
<round no="2"><cards type="Flop">S3 CQ H10</cards>
<action no="6" player="Thechosenoonee" type="4" discard="1" dealt="1" sum="0"/>
<action no="7" player="Pancake77" type="4" discard="1" dealt="1" sum="0"/>
</round>
<round no="3"><cards type="Turn">D2</cards>
<action no="8" player="Thechosenoonee" type="4" discard="1" dealt="1" sum="0"/>
<action no="9" player="Pancake77" type="5" discard="1" dealt="1" sum="20"/>
<action no="10" player="Thechosenoonee" type="0" discard="1" dealt="1" sum="0"/>
</round>
</game>
<game gamecode="6458637774"><general><startdate>2025-08-21 01:45:48</startdate>
<round>1</round>
<failsafecounter/>
<players><player seat="3" name="Rakki" chips="470" dealer="0" win="90" bet="70" muck="0" rebuy="0" addon="0" merge="0" rebuychips="0" reg_code="5054841089"/>
<player seat="6" name="Thechosenoonee" chips="480" dealer="1" win="0" bet="40" muck="1" rebuy="0" addon="0" merge="0" rebuychips="0" reg_code="5054841111"/>
<player seat="10" name="Pancake77" chips="550" dealer="0" win="90" bet="70" muck="0" rebuy="0" addon="0" merge="0" rebuychips="0" reg_code="5054841155"/>
</players>
</general>
<round no="0"><action no="1" player="Pancake77" type="1" discard="1" dealt="1" sum="10"/>
<action no="2" player="Rakki" type="2" sum="20"/>
</round>
<round no="1"><cards type="Pocket" player="Thechosenoonee">X X</cards>
<cards type="Pocket" player="Rakki">C10 C2</cards>
<cards type="Pocket" player="Pancake77">D10 HJ</cards>
<action no="3" player="Thechosenoonee" type="23" discard="1" dealt="1" sum="40"/>
<action no="4" player="Pancake77" type="3" discard="1" dealt="1" sum="30"/>
<action no="5" player="Rakki" type="3" sum="20"/>
</round>
<round no="2"><cards type="Flop">DA H7 S9</cards>
<action no="6" player="Pancake77" type="4" discard="1" dealt="1" sum="0"/>
<action no="7" player="Rakki" type="4" sum="0"/>
<action no="8" player="Thechosenoonee" type="4" discard="1" dealt="1" sum="0"/>
</round>
<round no="3"><cards type="Turn">SJ</cards>
<action no="9" player="Pancake77" type="4" discard="1" dealt="1" sum="0"/>
<action no="10" player="Rakki" type="4" sum="0"/>
<action no="11" player="Thechosenoonee" type="4" discard="1" dealt="1" sum="0"/>
</round>
<round no="4"><cards type="River">S8</cards>
<action no="12" player="Pancake77" type="4" discard="1" dealt="1" sum="0"/>
<action no="13" player="Rakki" type="5" sum="30"/>
<action no="14" player="Thechosenoonee" type="0" discard="1" dealt="1" sum="0"/>
<action no="15" player="Pancake77" type="3" discard="1" dealt="1" sum="30"/>
</round>
</game>
<game gamecode="6458637844"><general><startdate>2025-08-21 01:46:34</startdate>
<round>1</round>
<failsafecounter/>
<players><player seat="6" name="Thechosenoonee" chips="440" dealer="0" win="900" bet="440" muck="0" rebuy="0" addon="0" merge="0" rebuychips="0" reg_code="5054841111"/>
<player seat="10" name="Pancake77" chips="570" dealer="1" win="0" bet="440" muck="1" rebuy="0" addon="0" merge="0" rebuychips="0" reg_code="5054841155"/>
<player seat="3" name="Rakki" chips="490" dealer="0" win="0" bet="20" muck="1" rebuy="0" addon="0" merge="0" rebuychips="0" reg_code="5054841089"/>
</players>
</general>
<round no="0"><action no="1" player="Rakki" type="15" sum="5"/>
<action no="2" player="Thechosenoonee" type="15" discard="1" dealt="1" sum="5"/>
<action no="3" player="Pancake77" type="15" discard="1" dealt="1" sum="5"/>
<action no="4" player="Rakki" type="1" sum="15"/>
<action no="5" player="Thechosenoonee" type="2" discard="1" dealt="1" sum="30"/>
</round>
<round no="1"><cards type="Pocket" player="Thechosenoonee">DA D4</cards>
<cards type="Pocket" player="Pancake77">C9 DQ</cards>
<cards type="Pocket" player="Rakki">H7 S6</cards>
<action no="6" player="Pancake77" type="23" discard="1" dealt="1" sum="60"/>
<action no="7" player="Rakki" type="0" sum="0"/>
<action no="8" player="Thechosenoonee" type="3" discard="1" dealt="1" sum="30"/>
</round>
<round no="2"><cards type="Flop">D9 D5 DJ</cards>
<action no="9" player="Thechosenoonee" type="4" discard="1" dealt="1" sum="0"/>
<action no="10" player="Pancake77" type="5" discard="1" dealt="1" sum="60"/>
<action no="11" player="Thechosenoonee" type="3" discard="1" dealt="1" sum="60"/>
</round>
<round no="3"><cards type="Turn">C6</cards>
<action no="12" player="Thechosenoonee" type="4" discard="1" dealt="1" sum="0"/>
<action no="13" player="Pancake77" type="4" discard="1" dealt="1" sum="0"/>
</round>
<round no="4"><cards type="River">D3</cards>
<action no="14" player="Thechosenoonee" type="4" discard="1" dealt="1" sum="0"/>
<action no="15" player="Pancake77" type="5" discard="1" dealt="1" sum="135"/>
<action no="16" player="Thechosenoonee" type="23" discard="1" dealt="1" sum="315"/>
<action no="17" player="Pancake77" type="3" discard="1" dealt="1" sum="180"/>
</round>
</game>
<game gamecode="6458637911"><general><startdate>2025-08-21 01:47:10</startdate>
<round>1</round>
<failsafecounter/>
<players><player seat="10" name="Pancake77" chips="130" dealer="0" win="0" bet="130" muck="0" rebuy="0" addon="0" merge="0" rebuychips="0" reg_code="5054841155"/>
<player seat="3" name="Rakki" chips="470" dealer="1" win="0" bet="5" muck="1" rebuy="0" addon="0" merge="0" rebuychips="0" reg_code="5054841089"/>
<player seat="6" name="Thechosenoonee" chips="900" dealer="0" win="265" bet="900" muck="0" rebuy="0" addon="0" merge="0" rebuychips="0" reg_code="5054841111"/>
</players>
</general>
<round no="0"><action no="1" player="Thechosenoonee" type="15" discard="1" dealt="1" sum="5"/>
<action no="2" player="Pancake77" type="15" discard="1" dealt="1" sum="5"/>
<action no="3" player="Rakki" type="15" sum="5"/>
<action no="4" player="Thechosenoonee" type="1" discard="1" dealt="1" sum="15"/>
<action no="5" player="Pancake77" type="2" discard="1" dealt="1" sum="30"/>
</round>
<round no="1"><cards type="Pocket" player="Pancake77">S9 H10</cards>
<cards type="Pocket" player="Thechosenoonee">SA DK</cards>
<cards type="Pocket" player="Rakki">C10 D3</cards>
<action no="6" player="Rakki" type="0" sum="0"/>
<action no="7" player="Thechosenoonee" type="23" discard="1" dealt="1" sum="895"/>
<action no="8" player="Pancake77" type="7" discard="1" dealt="1" sum="95"/>
</round>
<round no="2"><cards type="Flop">H6 H4 HK</cards>
</round>
<round no="3"><cards type="Turn">D10</cards>
</round>
<round no="4"><cards type="River">D5</cards>
</round>
</game>
<game gamecode="6458637951"><general><startdate>2025-08-21 01:47:32</startdate>
<round>1</round>
<failsafecounter/>
<players><player seat="3" name="Rakki" chips="465" dealer="0" win="0" bet="65" muck="1" rebuy="0" addon="0" merge="0" rebuychips="0" reg_code="5054841089"/>
<player seat="6" name="Thechosenoonee" chips="1,035" dealer="1" win="130" bet="162" muck="1" rebuy="0" addon="0" merge="0" rebuychips="0" reg_code="5054841111"/>
</players>
</general>
<round no="0"><action no="1" player="Thechosenoonee" type="15" discard="1" dealt="1" sum="5"/>
<action no="2" player="Rakki" type="15" sum="5"/>
<action no="3" player="Thechosenoonee" type="1" discard="1" dealt="1" sum="15"/>
<action no="4" player="Rakki" type="2" sum="30"/>
</round>
<round no="1"><cards type="Pocket" player="Rakki">HK D4</cards>
<cards type="Pocket" player="Thechosenoonee">X X</cards>
<action no="5" player="Thechosenoonee" type="3" discard="1" dealt="1" sum="15"/>
<action no="6" player="Rakki" type="4" sum="0"/>
</round>
<round no="2"><cards type="Flop">S4 H10 C5</cards>
<action no="7" player="Rakki" type="4" sum="0"/>
<action no="8" player="Thechosenoonee" type="5" discard="1" dealt="1" sum="30"/>
<action no="9" player="Rakki" type="3" sum="30"/>
</round>
<round no="3"><cards type="Turn">S7</cards>
<action no="10" player="Rakki" type="4" sum="0"/>
<action no="11" player="Thechosenoonee" type="5" discard="1" dealt="1" sum="97"/>
<action no="12" player="Rakki" type="0" sum="0"/>
</round>
</game>
<game gamecode="6458638019"><general><startdate>2025-08-21 01:48:10</startdate>
<round>1</round>
<failsafecounter/>
<players><player seat="6" name="Thechosenoonee" chips="1,100" dealer="0" win="50" bet="45" muck="1" rebuy="0" addon="0" merge="0" rebuychips="0" reg_code="5054841111"/>
<player seat="3" name="Rakki" chips="400" dealer="1" win="0" bet="25" muck="1" rebuy="0" addon="0" merge="0" rebuychips="0" reg_code="5054841089"/>
</players>
</general>
<round no="0"><action no="1" player="Rakki" type="15" sum="5"/>
<action no="2" player="Thechosenoonee" type="15" discard="1" dealt="1" sum="5"/>
<action no="3" player="Rakki" type="1" sum="20"/>
<action no="4" player="Thechosenoonee" type="2" discard="1" dealt="1" sum="40"/>
</round>
<round no="1"><cards type="Pocket" player="Thechosenoonee">X X</cards>
<cards type="Pocket" player="Rakki">C7 D2</cards>
<action no="5" player="Rakki" type="0" sum="0"/>
</round>
</game>
<game gamecode="6458638032"><general><startdate>2025-08-21 01:48:18</startdate>
<round>1</round>
<failsafecounter/>
<players><player seat="3" name="Rakki" chips="375" dealer="0" win="170" bet="375" muck="1" rebuy="0" addon="0" merge="0" rebuychips="0" reg_code="5054841089"/>
<player seat="6" name="Thechosenoonee" chips="1,125" dealer="1" win="0" bet="85" muck="1" rebuy="0" addon="0" merge="0" rebuychips="0" reg_code="5054841111"/>
</players>
</general>
<round no="0"><action no="1" player="Thechosenoonee" type="15" discard="1" dealt="1" sum="5"/>
<action no="2" player="Rakki" type="15" sum="5"/>
<action no="3" player="Thechosenoonee" type="1" discard="1" dealt="1" sum="20"/>
<action no="4" player="Rakki" type="2" sum="40"/>
</round>
<round no="1"><cards type="Pocket" player="Rakki">C7 SQ</cards>
<cards type="Pocket" player="Thechosenoonee">X X</cards>
<action no="5" player="Thechosenoonee" type="3" discard="1" dealt="1" sum="20"/>
<action no="6" player="Rakki" type="4" sum="0"/>
</round>
<round no="2"><cards type="Flop">DJ H7 H5</cards>
<action no="7" player="Rakki" type="4" sum="0"/>
<action no="8" player="Thechosenoonee" type="5" discard="1" dealt="1" sum="40"/>
<action no="9" player="Rakki" type="23" sum="330"/>
<action no="10" player="Thechosenoonee" type="0" discard="1" dealt="1" sum="0"/>
</round>
</game>
<game gamecode="6458638073"><general><startdate>2025-08-21 01:48:39</startdate>
<round>1</round>
<failsafecounter/>
<players><player seat="6" name="Thechosenoonee" chips="1,040" dealer="0" win="0" bet="1,040" muck="1" rebuy="0" addon="0" merge="0" rebuychips="0" reg_code="5054841111"/>
<player seat="3" name="Rakki" chips="460" dealer="1" win="920" bet="460" muck="0" rebuy="0" addon="0" merge="0" rebuychips="0" reg_code="5054841089"/>
</players>
</general>
<round no="0"><action no="1" player="Rakki" type="15" sum="5"/>
<action no="2" player="Thechosenoonee" type="15" discard="1" dealt="1" sum="5"/>
<action no="3" player="Rakki" type="1" sum="20"/>
<action no="4" player="Thechosenoonee" type="2" discard="1" dealt="1" sum="40"/>
</round>
<round no="1"><cards type="Pocket" player="Rakki">D5 D9</cards>
<cards type="Pocket" player="Thechosenoonee">HJ C10</cards>
<action no="5" player="Rakki" type="3" sum="20"/>
<action no="6" player="Thechosenoonee" type="4" discard="1" dealt="1" sum="0"/>
</round>
<round no="2"><cards type="Flop">H8 D7 D4</cards>
<action no="7" player="Thechosenoonee" type="4" discard="1" dealt="1" sum="0"/>
<action no="8" player="Rakki" type="5" sum="40"/>
<action no="9" player="Thechosenoonee" type="3" discard="1" dealt="1" sum="40"/>
</round>
<round no="3"><cards type="Turn">H10</cards>
<action no="10" player="Thechosenoonee" type="4" discard="1" dealt="1" sum="0"/>
<action no="11" player="Rakki" type="5" sum="120"/>
<action no="12" player="Thechosenoonee" type="23" discard="1" dealt="1" sum="955"/>
<action no="13" player="Rakki" type="7" sum="255"/>
</round>
<round no="4"><cards type="River">C6</cards>
</round>
</game>
<game gamecode="6458638135"><general><startdate>2025-08-21 01:49:19</startdate>
<round>1</round>
<failsafecounter/>
<players><player seat="3" name="Rakki" chips="920" dealer="0" win="0" bet="235" muck="1" rebuy="0" addon="0" merge="0" rebuychips="0" reg_code="5054841089"/>
<player seat="6" name="Thechosenoonee" chips="580" dealer="1" win="470" bet="580" muck="1" rebuy="0" addon="0" merge="0" rebuychips="0" reg_code="5054841111"/>
</players>
</general>
<round no="0"><action no="1" player="Thechosenoonee" type="15" discard="1" dealt="1" sum="5"/>
<action no="2" player="Rakki" type="15" sum="5"/>
<action no="3" player="Thechosenoonee" type="1" discard="1" dealt="1" sum="20"/>
<action no="4" player="Rakki" type="2" sum="40"/>
</round>
<round no="1"><cards type="Pocket" player="Rakki">SK SJ</cards>
<cards type="Pocket" player="Thechosenoonee">X X</cards>
<action no="5" player="Thechosenoonee" type="3" discard="1" dealt="1" sum="20"/>
<action no="6" player="Rakki" type="23" sum="100"/>
<action no="7" player="Thechosenoonee" type="3" discard="1" dealt="1" sum="60"/>
</round>
<round no="2"><cards type="Flop">S7 D2 H6</cards>
<action no="8" player="Rakki" type="5" sum="52"/>
<action no="9" player="Thechosenoonee" type="3" discard="1" dealt="1" sum="52"/>
</round>
<round no="3"><cards type="Turn">H10</cards>
<action no="10" player="Rakki" type="4" sum="0"/>
<action no="11" player="Thechosenoonee" type="5" discard="1" dealt="1" sum="78"/>
<action no="12" player="Rakki" type="3" sum="78"/>
</round>
<round no="4"><cards type="River">S2</cards>
<action no="13" player="Rakki" type="4" sum="0"/>
<action no="14" player="Thechosenoonee" type="5" discard="1" dealt="1" sum="345"/>
<action no="15" player="Rakki" type="0" sum="0"/>
</round>
</game>
<game gamecode="6458638227"><general><startdate>2025-08-21 01:50:17</startdate>
<round>1</round>
<failsafecounter/>
<players><player seat="6" name="Thechosenoonee" chips="815" dealer="0" win="0" bet="65" muck="1" rebuy="0" addon="0" merge="0" rebuychips="0" reg_code="5054841111"/>
<player seat="3" name="Rakki" chips="685" dealer="1" win="130" bet="685" muck="1" rebuy="0" addon="0" merge="0" rebuychips="0" reg_code="5054841089"/>
</players>
</general>
<round no="0"><action no="1" player="Rakki" type="15" sum="5"/>
<action no="2" player="Thechosenoonee" type="15" discard="1" dealt="1" sum="5"/>
<action no="3" player="Rakki" type="1" sum="30"/>
<action no="4" player="Thechosenoonee" type="2" discard="1" dealt="1" sum="60"/>
</round>
<round no="1"><cards type="Pocket" player="Thechosenoonee">X X</cards>
<cards type="Pocket" player="Rakki">S3 C3</cards>
<action no="5" player="Rakki" type="23" sum="680"/>
<action no="6" player="Thechosenoonee" type="0" discard="1" dealt="1" sum="0"/>
</round>
</game>
<game gamecode="6458638249"><general><startdate>2025-08-21 01:50:28</startdate>
<round>1</round>
<failsafecounter/>
<players><player seat="3" name="Rakki" chips="750" dealer="0" win="0" bet="65" muck="1" rebuy="0" addon="0" merge="0" rebuychips="0" reg_code="5054841089"/>
<player seat="6" name="Thechosenoonee" chips="750" dealer="1" win="130" bet="750" muck="1" rebuy="0" addon="0" merge="0" rebuychips="0" reg_code="5054841111"/>
</players>
</general>
<round no="0"><action no="1" player="Thechosenoonee" type="15" discard="1" dealt="1" sum="5"/>
<action no="2" player="Rakki" type="15" sum="5"/>
<action no="3" player="Thechosenoonee" type="1" discard="1" dealt="1" sum="30"/>
<action no="4" player="Rakki" type="2" sum="60"/>
</round>
<round no="1"><cards type="Pocket" player="Thechosenoonee">X X</cards>
<cards type="Pocket" player="Rakki">H5 D9</cards>
<action no="5" player="Thechosenoonee" type="23" discard="1" dealt="1" sum="745"/>
<action no="6" player="Rakki" type="0" sum="0"/>
</round>
</game>
<game gamecode="6458638262"><general><startdate>2025-08-21 01:50:38</startdate>
<round>1</round>
<failsafecounter/>
<players><player seat="6" name="Thechosenoonee" chips="815" dealer="0" win="0" bet="65" muck="1" rebuy="0" addon="0" merge="0" rebuychips="0" reg_code="5054841111"/>
<player seat="3" name="Rakki" chips="685" dealer="1" win="130" bet="195" muck="1" rebuy="0" addon="0" merge="0" rebuychips="0" reg_code="5054841089"/>
</players>
</general>
<round no="0"><action no="1" player="Rakki" type="15" sum="5"/>
<action no="2" player="Thechosenoonee" type="15" discard="1" dealt="1" sum="5"/>
<action no="3" player="Rakki" type="1" sum="30"/>
<action no="4" player="Thechosenoonee" type="2" discard="1" dealt="1" sum="60"/>
</round>
<round no="1"><cards type="Pocket" player="Thechosenoonee">X X</cards>
<cards type="Pocket" player="Rakki">H10 D2</cards>
<action no="5" player="Rakki" type="3" sum="30"/>
<action no="6" player="Thechosenoonee" type="4" discard="1" dealt="1" sum="0"/>
</round>
<round no="2"><cards type="Flop">C7 H8 D5</cards>
<action no="7" player="Thechosenoonee" type="4" discard="1" dealt="1" sum="0"/>
<action no="8" player="Rakki" type="4" sum="0"/>
</round>
<round no="3"><cards type="Turn">DA</cards>
<action no="9" player="Thechosenoonee" type="4" discard="1" dealt="1" sum="0"/>
<action no="10" player="Rakki" type="4" sum="0"/>
</round>
<round no="4"><cards type="River">D9</cards>
<action no="11" player="Thechosenoonee" type="4" discard="1" dealt="1" sum="0"/>
<action no="12" player="Rakki" type="5" sum="130"/>
<action no="13" player="Thechosenoonee" type="0" discard="1" dealt="1" sum="0"/>
</round>
</game>
<game gamecode="6458638355"><general><startdate>2025-08-21 01:51:29</startdate>
<round>1</round>
<failsafecounter/>
<players><player seat="3" name="Rakki" chips="750" dealer="0" win="440" bet="220" muck="0" rebuy="0" addon="0" merge="0" rebuychips="0" reg_code="5054841089"/>
<player seat="6" name="Thechosenoonee" chips="750" dealer="1" win="0" bet="220" muck="1" rebuy="0" addon="0" merge="0" rebuychips="0" reg_code="5054841111"/>
</players>
</general>
<round no="0"><action no="1" player="Thechosenoonee" type="15" discard="1" dealt="1" sum="8"/>
<action no="2" player="Rakki" type="15" sum="8"/>
<action no="3" player="Thechosenoonee" type="1" discard="1" dealt="1" sum="40"/>
<action no="4" player="Rakki" type="2" sum="80"/>
</round>
<round no="1"><cards type="Pocket" player="Rakki">H4 S7</cards>
<cards type="Pocket" player="Thechosenoonee">H6 S10</cards>
<action no="5" player="Thechosenoonee" type="3" discard="1" dealt="1" sum="40"/>
<action no="6" player="Rakki" type="4" sum="0"/>
</round>
<round no="2"><cards type="Flop">D8 H7 C7</cards>
<action no="7" player="Rakki" type="4" sum="0"/>
<action no="8" player="Thechosenoonee" type="4" discard="1" dealt="1" sum="0"/>
</round>
<round no="3"><cards type="Turn">DA</cards>
<action no="9" player="Rakki" type="4" sum="0"/>
<action no="10" player="Thechosenoonee" type="5" discard="1" dealt="1" sum="132"/>
<action no="11" player="Rakki" type="3" sum="132"/>
</round>
<round no="4"><cards type="River">C2</cards>
<action no="12" player="Rakki" type="4" sum="0"/>
<action no="13" player="Thechosenoonee" type="4" discard="1" dealt="1" sum="0"/>
</round>
</game>
<game gamecode="6458638433"><general><startdate>2025-08-21 01:52:11</startdate>
<round>1</round>
<failsafecounter/>
<players><player seat="6" name="Thechosenoonee" chips="530" dealer="0" win="0" bet="530" muck="1" rebuy="0" addon="0" merge="0" rebuychips="0" reg_code="5054841111"/>
<player seat="3" name="Rakki" chips="970" dealer="1" win="1,060" bet="970" muck="0" rebuy="0" addon="0" merge="0" rebuychips="0" reg_code="5054841089"/>
</players>
</general>
<round no="0"><action no="1" player="Rakki" type="15" sum="8"/>
<action no="2" player="Thechosenoonee" type="15" discard="1" dealt="1" sum="8"/>
<action no="3" player="Rakki" type="1" sum="40"/>
<action no="4" player="Thechosenoonee" type="2" discard="1" dealt="1" sum="80"/>
</round>
<round no="1"><cards type="Pocket" player="Thechosenoonee">CK SQ</cards>
<cards type="Pocket" player="Rakki">H6 HA</cards>
<action no="5" player="Rakki" type="23" sum="962"/>
<action no="6" player="Thechosenoonee" type="7" discard="1" dealt="1" sum="442"/>
</round>
<round no="2"><cards type="Flop">D6 D4 DA</cards>
</round>
<round no="3"><cards type="Turn">S7</cards>
</round>
<round no="4"><cards type="River">HQ</cards>
</round>
</game>
</session>
