<?xml version="1.0" encoding="UTF-8"?>
<session sessioncode="5054842749">
<general>
<client_version>25.1.1.16</client_version>
<mode>real</mode>
<gametype>Holdem NL</gametype>
<tablename>Twister €100 SNG, 816190249</tablename>
<tournamentcode>816190248</tournamentcode>
<tournamentname>Twister €100 SNG</tournamentname>
<buyin>€0 + €7 + €93</buyin>
<totalbuyin>€100</totalbuyin>
<rewarddrawn>€300</rewarddrawn>
<tournamentcurrency>EUR</tournamentcurrency>
<currency>EUR</currency>
<nickname>Rakki</nickname>
<gamecount>15</gamecount>
<startdate>2025-08-21 01:57:50</startdate>
<place>2</place>
<win>€0</win>
<tablesize>3</tablesize>
</general>
<game gamecode="6458645722"><general><startdate>2025-08-21 01:58:06</startdate>
<round>1</round>
<failsafecounter/>
<players><player seat="10" name="Rakki" chips="500" dealer="0" win="20" bet="20" muck="1" rebuy="0" addon="0" merge="0" rebuychips="0" reg_code="5054842749"/>
<player seat="3" name="Tiuualex" chips="500" dealer="1" win="0" bet="0" muck="1" rebuy="0" addon="0" merge="0" rebuychips="0" reg_code="5054842653"/>
<player seat="6" name="Thechosenoonee" chips="500" dealer="0" win="0" bet="10" muck="1" rebuy="0" addon="0" merge="0" rebuychips="0" reg_code="5054842745"/>
</players>
</general>
<round no="0"><action no="1" player="Thechosenoonee" type="1" discard="1" dealt="1" sum="10"/>
<action no="2" player="Rakki" type="2" sum="20"/>
</round>
<round no="1"><cards type="Pocket" player="Tiuualex">X X</cards>
<cards type="Pocket" player="Rakki">CQ D3</cards>
<cards type="Pocket" player="Thechosenoonee">X X</cards>
<action no="3" player="Tiuualex" type="0" discard="1" dealt="1" sum="0"/>
<action no="4" player="Thechosenoonee" type="0" discard="1" dealt="1" sum="0"/>
</round>
</game>
<game gamecode="6458645752"><general><startdate>2025-08-21 01:58:29</startdate>
<round>1</round>
<failsafecounter/>
<players><player seat="3" name="Tiuualex" chips="500" dealer="0" win="20" bet="20" muck="1" rebuy="0" addon="0" merge="0" rebuychips="0" reg_code="5054842653"/>
<player seat="6" name="Thechosenoonee" chips="490" dealer="1" win="0" bet="0" muck="1" rebuy="0" addon="0" merge="0" rebuychips="0" reg_code="5054842745"/>
<player seat="10" name="Rakki" chips="510" dealer="0" win="0" bet="10" muck="1" rebuy="0" addon="0" merge="0" rebuychips="0" reg_code="5054842749"/>
</players>
</general>
<round no="0"><action no="1" player="Rakki" type="1" sum="10"/>
<action no="2" player="Tiuualex" type="2" discard="1" dealt="1" sum="20"/>
</round>
<round no="1"><cards type="Pocket" player="Thechosenoonee">X X</cards>
<cards type="Pocket" player="Tiuualex">X X</cards>
<cards type="Pocket" player="Rakki">S7 D2</cards>
<action no="3" player="Thechosenoonee" type="0" discard="1" dealt="1" sum="0"/>
<action no="4" player="Rakki" type="0" sum="0"/>
</round>
</game>
<game gamecode="6458645774"><general><startdate>2025-08-21 01:58:40</startdate>
<round>1</round>
<failsafecounter/>
<players><player seat="6" name="Thechosenoonee" chips="490" dealer="0" win="20" bet="20" muck="1" rebuy="0" addon="0" merge="0" rebuychips="0" reg_code="5054842745"/>
<player seat="10" name="Rakki" chips="500" dealer="1" win="0" bet="0" muck="1" rebuy="0" addon="0" merge="0" rebuychips="0" reg_code="5054842749"/>
<player seat="3" name="Tiuualex" chips="510" dealer="0" win="0" bet="10" muck="1" rebuy="0" addon="0" merge="0" rebuychips="0" reg_code="5054842653"/>
</players>
</general>
<round no="0"><action no="1" player="Tiuualex" type="1" discard="1" dealt="1" sum="10"/>
<action no="2" player="Thechosenoonee" type="2" discard="1" dealt="1" sum="20"/>
</round>
<round no="1"><cards type="Pocket" player="Tiuualex">X X</cards>
<cards type="Pocket" player="Thechosenoonee">X X</cards>
<cards type="Pocket" player="Rakki">S3 S9</cards>
<action no="3" player="Rakki" type="0" sum="0"/>
<action no="4" player="Tiuualex" type="0" discard="1" dealt="1" sum="0"/>
</round>
</game>
<game gamecode="6458645796"><general><startdate>2025-08-21 01:58:51</startdate>
<round>1</round>
<failsafecounter/>
<players><player seat="10" name="Rakki" chips="500" dealer="0" win="0" bet="50" muck="1" rebuy="0" addon="0" merge="0" rebuychips="0" reg_code="5054842749"/>
<player seat="3" name="Tiuualex" chips="500" dealer="1" win="0" bet="0" muck="1" rebuy="0" addon="0" merge="0" rebuychips="0" reg_code="5054842653"/>
<player seat="6" name="Thechosenoonee" chips="500" dealer="0" win="100" bet="70" muck="1" rebuy="0" addon="0" merge="0" rebuychips="0" reg_code="5054842745"/>
</players>
</general>
<round no="0"><action no="1" player="Thechosenoonee" type="1" discard="1" dealt="1" sum="10"/>
<action no="2" player="Rakki" type="2" sum="20"/>
</round>
<round no="1"><cards type="Pocket" player="Tiuualex">X X</cards>
<cards type="Pocket" player="Thechosenoonee">X X</cards>
<cards type="Pocket" player="Rakki">H5 H10</cards>
<action no="3" player="Tiuualex" type="0" discard="1" dealt="1" sum="0"/>
<action no="4" player="Thechosenoonee" type="23" discard="1" dealt="1" sum="50"/>
<action no="5" player="Rakki" type="3" sum="30"/>
</round>
<round no="2"><cards type="Flop">D2 CA H2</cards>
<action no="6" player="Thechosenoonee" type="5" discard="1" dealt="1" sum="20"/>
<action no="7" player="Rakki" type="0" sum="0"/>
</round>
</game>
<game gamecode="6458645830"><general><startdate>2025-08-21 01:59:11</startdate>
<round>1</round>
<failsafecounter/>
<players><player seat="3" name="Tiuualex" chips="500" dealer="0" win="0" bet="20" muck="1" rebuy="0" addon="0" merge="0" rebuychips="0" reg_code="5054842653"/>
<player seat="6" name="Thechosenoonee" chips="550" dealer="1" win="0" bet="40" muck="1" rebuy="0" addon="0" merge="0" rebuychips="0" reg_code="5054842745"/>
<player seat="10" name="Rakki" chips="450" dealer="0" win="100" bet="450" muck="1" rebuy="0" addon="0" merge="0" rebuychips="0" reg_code="5054842749"/>
</players>
</general>
<round no="0"><action no="1" player="Rakki" type="1" sum="10"/>
<action no="2" player="Tiuualex" type="2" discard="1" dealt="1" sum="20"/>
</round>
<round no="1"><cards type="Pocket" player="Tiuualex">X X</cards>
<cards type="Pocket" player="Thechosenoonee">X X</cards>
<cards type="Pocket" player="Rakki">C5 CA</cards>
<action no="3" player="Thechosenoonee" type="23" discard="1" dealt="1" sum="40"/>
<action no="4" player="Rakki" type="23" sum="450"/>
<action no="5" player="Tiuualex" type="0" discard="1" dealt="1" sum="0"/>
<action no="6" player="Thechosenoonee" type="0" discard="1" dealt="1" sum="0"/>
</round>
</game>
<game gamecode="6458645847"><general><startdate>2025-08-21 01:59:25</startdate>
<round>1</round>
<failsafecounter/>
<players><player seat="6" name="Thechosenoonee" chips="510" dealer="0" win="20" bet="20" muck="1" rebuy="0" addon="0" merge="0" rebuychips="0" reg_code="5054842745"/>
<player seat="10" name="Rakki" chips="510" dealer="1" win="0" bet="0" muck="1" rebuy="0" addon="0" merge="0" rebuychips="0" reg_code="5054842749"/>
<player seat="3" name="Tiuualex" chips="480" dealer="0" win="0" bet="10" muck="1" rebuy="0" addon="0" merge="0" rebuychips="0" reg_code="5054842653"/>
</players>
</general>
<round no="0"><action no="1" player="Tiuualex" type="1" discard="1" dealt="1" sum="10"/>
<action no="2" player="Thechosenoonee" type="2" discard="1" dealt="1" sum="20"/>
</round>
<round no="1"><cards type="Pocket" player="Thechosenoonee">X X</cards>
<cards type="Pocket" player="Tiuualex">X X</cards>
<cards type="Pocket" player="Rakki">HJ S4</cards>
<action no="3" player="Rakki" type="0" sum="0"/>
<action no="4" player="Tiuualex" type="0" discard="1" dealt="1" sum="0"/>
</round>
</game>
<game gamecode="6458645865"><general><startdate>2025-08-21 01:59:36</startdate>
<round>1</round>
<failsafecounter/>
<players><player seat="10" name="Rakki" chips="510" dealer="0" win="0" bet="40" muck="1" rebuy="0" addon="0" merge="0" rebuychips="0" reg_code="5054842749"/>
<player seat="3" name="Tiuualex" chips="470" dealer="1" win="90" bet="85" muck="1" rebuy="0" addon="0" merge="0" rebuychips="0" reg_code="5054842653"/>
<player seat="6" name="Thechosenoonee" chips="520" dealer="0" win="0" bet="10" muck="1" rebuy="0" addon="0" merge="0" rebuychips="0" reg_code="5054842745"/>
</players>
</general>
<round no="0"><action no="1" player="Thechosenoonee" type="1" discard="1" dealt="1" sum="10"/>
<action no="2" player="Rakki" type="2" sum="20"/>
</round>
<round no="1"><cards type="Pocket" player="Tiuualex">X X</cards>
<cards type="Pocket" player="Rakki">C8 D7</cards>
<cards type="Pocket" player="Thechosenoonee">X X</cards>
<action no="3" player="Tiuualex" type="23" discard="1" dealt="1" sum="40"/>
<action no="4" player="Thechosenoonee" type="0" discard="1" dealt="1" sum="0"/>
<action no="5" player="Rakki" type="3" sum="20"/>
</round>
<round no="2"><cards type="Flop">DJ SJ D4</cards>
<action no="6" player="Rakki" type="4" sum="0"/>
<action no="7" player="Tiuualex" type="5" discard="1" dealt="1" sum="45"/>
<action no="8" player="Rakki" type="0" sum="0"/>
</round>
</game>
<game gamecode="6458645937"><general><startdate>2025-08-21 02:00:20</startdate>
<round>1</round>
<failsafecounter/>
<players><player seat="3" name="Tiuualex" chips="520" dealer="0" win="0" bet="520" muck="0" rebuy="0" addon="0" merge="0" rebuychips="0" reg_code="5054842653"/>
<player seat="6" name="Thechosenoonee" chips="510" dealer="1" win="0" bet="5" muck="1" rebuy="0" addon="0" merge="0" rebuychips="0" reg_code="5054842745"/>
<player seat="10" name="Rakki" chips="470" dealer="0" win="945" bet="470" muck="0" rebuy="0" addon="0" merge="0" rebuychips="0" reg_code="5054842749"/>
</players>
</general>
<round no="0"><action no="1" player="Rakki" type="15" sum="5"/>
<action no="2" player="Tiuualex" type="15" discard="1" dealt="1" sum="5"/>
<action no="3" player="Thechosenoonee" type="15" discard="1" dealt="1" sum="5"/>
<action no="4" player="Rakki" type="1" sum="15"/>
<action no="5" player="Tiuualex" type="2" discard="1" dealt="1" sum="30"/>
</round>
<round no="1"><cards type="Pocket" player="Thechosenoonee">X X</cards>
<cards type="Pocket" player="Tiuualex">DA SJ</cards>
<cards type="Pocket" player="Rakki">H9 D9</cards>
<action no="6" player="Thechosenoonee" type="0" discard="1" dealt="1" sum="0"/>
<action no="7" player="Rakki" type="23" sum="75"/>
<action no="8" player="Tiuualex" type="23" discard="1" dealt="1" sum="515"/>
<action no="9" player="Rakki" type="7" sum="390"/>
</round>
<round no="2"><cards type="Flop">C9 H8 DQ</cards>
</round>
<round no="3"><cards type="Turn">H4</cards>
</round>
<round no="4"><cards type="River">SA</cards>
</round>
</game>
<game gamecode="6458645983"><general><startdate>2025-08-21 02:00:47</startdate>
<round>1</round>
<failsafecounter/>
<players><player seat="6" name="Thechosenoonee" chips="505" dealer="0" win="0" bet="50" muck="1" rebuy="0" addon="0" merge="0" rebuychips="0" reg_code="5054842745"/>
<player seat="10" name="Rakki" chips="945" dealer="1" win="0" bet="5" muck="1" rebuy="0" addon="0" merge="0" rebuychips="0" reg_code="5054842749"/>
<player seat="3" name="Tiuualex" chips="50" dealer="0" win="105" bet="50" muck="0" rebuy="0" addon="0" merge="0" rebuychips="0" reg_code="5054842653"/>
</players>
</general>
<round no="0"><action no="1" player="Tiuualex" type="15" discard="1" dealt="1" sum="5"/>
<action no="2" player="Thechosenoonee" type="15" discard="1" dealt="1" sum="5"/>
<action no="3" player="Rakki" type="15" sum="5"/>
<action no="4" player="Tiuualex" type="1" discard="1" dealt="1" sum="15"/>
<action no="5" player="Thechosenoonee" type="2" discard="1" dealt="1" sum="30"/>
</round>
<round no="1"><cards type="Pocket" player="Rakki">H3 H4</cards>
<cards type="Pocket" player="Thechosenoonee">C10 H6</cards>
<cards type="Pocket" player="Tiuualex">S7 H7</cards>
<action no="6" player="Rakki" type="0" sum="0"/>
<action no="7" player="Tiuualex" type="7" discard="1" dealt="1" sum="30"/>
<action no="8" player="Thechosenoonee" type="3" discard="1" dealt="1" sum="15"/>
</round>
<round no="2"><cards type="Flop">C7 CJ HK</cards>
</round>
<round no="3"><cards type="Turn">S8</cards>
</round>
<round no="4"><cards type="River">D2</cards>
</round>
</game>
<game gamecode="6458646011"><general><startdate>2025-08-21 02:01:08</startdate>
<round>1</round>
<failsafecounter/>
<players><player seat="10" name="Rakki" chips="940" dealer="0" win="0" bet="35" muck="1" rebuy="0" addon="0" merge="0" rebuychips="0" reg_code="5054842749"/>
<player seat="3" name="Tiuualex" chips="105" dealer="1" win="0" bet="105" muck="0" rebuy="0" addon="0" merge="0" rebuychips="0" reg_code="5054842653"/>
<player seat="6" name="Thechosenoonee" chips="455" dealer="0" win="245" bet="455" muck="0" rebuy="0" addon="0" merge="0" rebuychips="0" reg_code="5054842745"/>
</players>
</general>
<round no="0"><action no="1" player="Thechosenoonee" type="15" discard="1" dealt="1" sum="5"/>
<action no="2" player="Rakki" type="15" sum="5"/>
<action no="3" player="Tiuualex" type="15" discard="1" dealt="1" sum="5"/>
<action no="4" player="Thechosenoonee" type="1" discard="1" dealt="1" sum="15"/>
<action no="5" player="Rakki" type="2" sum="30"/>
</round>
<round no="1"><cards type="Pocket" player="Tiuualex">C8 SK</cards>
<cards type="Pocket" player="Thechosenoonee">CA H3</cards>
<cards type="Pocket" player="Rakki">DK C9</cards>
<action no="6" player="Tiuualex" type="23" discard="1" dealt="1" sum="100"/>
<action no="7" player="Thechosenoonee" type="23" discard="1" dealt="1" sum="450"/>
<action no="8" player="Rakki" type="0" sum="0"/>
</round>
<round no="2"><cards type="Flop">D7 CK C2</cards>
</round>
<round no="3"><cards type="Turn">C7</cards>
</round>
<round no="4"><cards type="River">DA</cards>
</round>
</game>
<game gamecode="6458646048"><general><startdate>2025-08-21 02:01:30</startdate>
<round>1</round>
<failsafecounter/>
<players><player seat="10" name="Rakki" chips="905" dealer="0" win="0" bet="905" muck="0" rebuy="0" addon="0" merge="0" rebuychips="0" reg_code="5054842749"/>
<player seat="6" name="Thechosenoonee" chips="595" dealer="1" win="1,190" bet="595" muck="0" rebuy="0" addon="0" merge="0" rebuychips="0" reg_code="5054842745"/>
</players>
</general>
<round no="0"><action no="1" player="Thechosenoonee" type="15" discard="1" dealt="1" sum="5"/>
<action no="2" player="Rakki" type="15" sum="5"/>
<action no="3" player="Thechosenoonee" type="1" discard="1" dealt="1" sum="20"/>
<action no="4" player="Rakki" type="2" sum="40"/>
</round>
<round no="1"><cards type="Pocket" player="Thechosenoonee">DQ D10</cards>
<cards type="Pocket" player="Rakki">C4 SA</cards>
<action no="5" player="Thechosenoonee" type="3" discard="1" dealt="1" sum="20"/>
<action no="6" player="Rakki" type="23" sum="900"/>
<action no="7" player="Thechosenoonee" type="7" discard="1" dealt="1" sum="550"/>
</round>
<round no="2"><cards type="Flop">CJ D7 S8</cards>
</round>
<round no="3"><cards type="Turn">DK</cards>
</round>
<round no="4"><cards type="River">D3</cards>
</round>
</game>
<game gamecode="6458646079"><general><startdate>2025-08-21 02:01:53</startdate>
<round>1</round>
<failsafecounter/>
<players><player seat="6" name="Thechosenoonee" chips="1,190" dealer="0" win="0" bet="310" muck="1" rebuy="0" addon="0" merge="0" rebuychips="0" reg_code="5054842745"/>
<player seat="10" name="Rakki" chips="310" dealer="1" win="620" bet="310" muck="0" rebuy="0" addon="0" merge="0" rebuychips="0" reg_code="5054842749"/>
</players>
</general>
<round no="0"><action no="1" player="Rakki" type="15" sum="5"/>
<action no="2" player="Thechosenoonee" type="15" discard="1" dealt="1" sum="5"/>
<action no="3" player="Rakki" type="1" sum="20"/>
<action no="4" player="Thechosenoonee" type="2" discard="1" dealt="1" sum="40"/>
</round>
<round no="1"><cards type="Pocket" player="Rakki">S8 H9</cards>
<cards type="Pocket" player="Thechosenoonee">S4 DA</cards>
<action no="5" player="Rakki" type="23" sum="305"/>
<action no="6" player="Thechosenoonee" type="3" discard="1" dealt="1" sum="265"/>
</round>
<round no="2"><cards type="Flop">DJ S9 H5</cards>
</round>
<round no="3"><cards type="Turn">HA</cards>
</round>
<round no="4"><cards type="River">D9</cards>
</round>
</game>
<game gamecode="6458646101"><general><startdate>2025-08-21 02:02:08</startdate>
<round>1</round>
<failsafecounter/>
<players><player seat="10" name="Rakki" chips="620" dealer="0" win="85" bet="85" muck="0" rebuy="0" addon="0" merge="0" rebuychips="0" reg_code="5054842749"/>
<player seat="6" name="Thechosenoonee" chips="880" dealer="1" win="85" bet="85" muck="0" rebuy="0" addon="0" merge="0" rebuychips="0" reg_code="5054842745"/>
</players>
</general>
<round no="0"><action no="1" player="Thechosenoonee" type="15" discard="1" dealt="1" sum="5"/>
<action no="2" player="Rakki" type="15" sum="5"/>
<action no="3" player="Thechosenoonee" type="1" discard="1" dealt="1" sum="20"/>
<action no="4" player="Rakki" type="2" sum="40"/>
</round>
<round no="1"><cards type="Pocket" player="Rakki">CK D4</cards>
<cards type="Pocket" player="Thechosenoonee">H2 SK</cards>
<action no="5" player="Thechosenoonee" type="3" discard="1" dealt="1" sum="20"/>
<action no="6" player="Rakki" type="4" sum="0"/>
</round>
<round no="2"><cards type="Flop">H10 C8 CA</cards>
<action no="7" player="Rakki" type="4" sum="0"/>
<action no="8" player="Thechosenoonee" type="5" discard="1" dealt="1" sum="40"/>
<action no="9" player="Rakki" type="3" sum="40"/>
</round>
<round no="3"><cards type="Turn">S10</cards>
<action no="10" player="Rakki" type="4" sum="0"/>
<action no="11" player="Thechosenoonee" type="4" discard="1" dealt="1" sum="0"/>
</round>
<round no="4"><cards type="River">C3</cards>
<action no="12" player="Rakki" type="4" sum="0"/>
<action no="13" player="Thechosenoonee" type="4" discard="1" dealt="1" sum="0"/>
</round>
</game>
<game gamecode="6458646159"><general><startdate>2025-08-21 02:02:45</startdate>
<round>1</round>
<failsafecounter/>
<players><player seat="6" name="Thechosenoonee" chips="880" dealer="0" win="90" bet="112" muck="1" rebuy="0" addon="0" merge="0" rebuychips="0" reg_code="5054842745"/>
<player seat="10" name="Rakki" chips="620" dealer="1" win="0" bet="45" muck="1" rebuy="0" addon="0" merge="0" rebuychips="0" reg_code="5054842749"/>
</players>
</general>
<round no="0"><action no="1" player="Rakki" type="15" sum="5"/>
<action no="2" player="Thechosenoonee" type="15" discard="1" dealt="1" sum="5"/>
<action no="3" player="Rakki" type="1" sum="20"/>
<action no="4" player="Thechosenoonee" type="2" discard="1" dealt="1" sum="40"/>
</round>
<round no="1"><cards type="Pocket" player="Thechosenoonee">X X</cards>
<cards type="Pocket" player="Rakki">D7 HQ</cards>
<action no="5" player="Rakki" type="3" sum="20"/>
<action no="6" player="Thechosenoonee" type="4" discard="1" dealt="1" sum="0"/>
</round>
<round no="2"><cards type="Flop">C8 C2 D2</cards>
<action no="7" player="Thechosenoonee" type="4" discard="1" dealt="1" sum="0"/>
<action no="8" player="Rakki" type="4" sum="0"/>
</round>
<round no="3"><cards type="Turn">S3</cards>
<action no="9" player="Thechosenoonee" type="5" discard="1" dealt="1" sum="67"/>
<action no="10" player="Rakki" type="0" sum="0"/>
</round>
</game>
<game gamecode="6458646206"><general><startdate>2025-08-21 02:03:11</startdate>
<round>1</round>
<failsafecounter/>
<players><player seat="10" name="Rakki" chips="575" dealer="0" win="0" bet="575" muck="0" rebuy="0" addon="0" merge="0" rebuychips="0" reg_code="5054842749"/>
<player seat="6" name="Thechosenoonee" chips="925" dealer="1" win="1,150" bet="575" muck="0" rebuy="0" addon="0" merge="0" rebuychips="0" reg_code="5054842745"/>
</players>
</general>
<round no="0"><action no="1" player="Thechosenoonee" type="15" discard="1" dealt="1" sum="5"/>
<action no="2" player="Rakki" type="15" sum="5"/>
<action no="3" player="Thechosenoonee" type="1" discard="1" dealt="1" sum="30"/>
<action no="4" player="Rakki" type="2" sum="60"/>
</round>
<round no="1"><cards type="Pocket" player="Thechosenoonee">C9 C8</cards>
<cards type="Pocket" player="Rakki">C5 DA</cards>
<action no="5" player="Thechosenoonee" type="3" discard="1" dealt="1" sum="30"/>
<action no="6" player="Rakki" type="23" sum="570"/>
<action no="7" player="Thechosenoonee" type="3" discard="1" dealt="1" sum="510"/>
</round>
<round no="2"><cards type="Flop">SA CJ CQ</cards>
</round>
<round no="3"><cards type="Turn">H6</cards>
</round>
<round no="4"><cards type="River">C10</cards>
</round>
</game>
</session>
