<?xml version="1.0" encoding="UTF-8"?>
<session sessioncode="5054837789">
<general>
<client_version>25.1.1.16</client_version>
<mode>real</mode>
<gametype>Holdem NL</gametype>
<tablename>Twister €100 SNG, 816188551</tablename>
<tournamentcode>816188550</tournamentcode>
<tournamentname>Twister €100 SNG</tournamentname>
<buyin>€0 + €7 + €93</buyin>
<totalbuyin>€100</totalbuyin>
<rewarddrawn>€400</rewarddrawn>
<tournamentcurrency>EUR</tournamentcurrency>
<currency>EUR</currency>
<nickname>Rakki</nickname>
<gamecount>24</gamecount>
<startdate>2025-08-21 01:21:06</startdate>
<place>2</place>
<win>€0</win>
<tablesize>3</tablesize>
</general>
<game gamecode="6458617855"><general><startdate>2025-08-21 01:21:22</startdate>
<round>1</round>
<failsafecounter/>
<players><player seat="3" name="SuBandiduu" chips="500" dealer="0" win="170" bet="500" muck="1" rebuy="0" addon="0" merge="0" rebuychips="0" reg_code="5054837734"/>
<player seat="6" name="Rakki" chips="500" dealer="1" win="0" bet="80" muck="1" rebuy="0" addon="0" merge="0" rebuychips="0" reg_code="5054837789"/>
<player seat="10" name="Sp3c7rum" chips="500" dealer="0" win="0" bet="10" muck="1" rebuy="0" addon="0" merge="0" rebuychips="0" reg_code="5054837859"/>
</players>
</general>
<round no="0"><action no="1" player="Sp3c7rum" type="1" discard="1" dealt="1" sum="10"/>
<action no="2" player="SuBandiduu" type="2" discard="1" dealt="1" sum="20"/>
</round>
<round no="1"><cards type="Pocket" player="Rakki">HA DK</cards>
<cards type="Pocket" player="SuBandiduu">X X</cards>
<cards type="Pocket" player="Sp3c7rum">X X</cards>
<action no="3" player="Rakki" type="23" sum="40"/>
<action no="4" player="Sp3c7rum" type="0" discard="1" dealt="1" sum="0"/>
<action no="5" player="SuBandiduu" type="3" discard="1" dealt="1" sum="20"/>
</round>
<round no="2"><cards type="Flop">C6 S3 H7</cards>
<action no="6" player="SuBandiduu" type="4" discard="1" dealt="1" sum="0"/>
<action no="7" player="Rakki" type="5" sum="40"/>
<action no="8" player="SuBandiduu" type="23" discard="1" dealt="1" sum="460"/>
<action no="9" player="Rakki" type="0" sum="0"/>
</round>
</game>
<game gamecode="6458617920"><general><startdate>2025-08-21 01:21:48</startdate>
<round>1</round>
<failsafecounter/>
<players><player seat="6" name="Rakki" chips="420" dealer="0" win="0" bet="20" muck="1" rebuy="0" addon="0" merge="0" rebuychips="0" reg_code="5054837789"/>
<player seat="10" name="Sp3c7rum" chips="490" dealer="1" win="0" bet="0" muck="1" rebuy="0" addon="0" merge="0" rebuychips="0" reg_code="5054837859"/>
<player seat="3" name="SuBandiduu" chips="590" dealer="0" win="40" bet="50" muck="1" rebuy="0" addon="0" merge="0" rebuychips="0" reg_code="5054837734"/>
</players>
</general>
<round no="0"><action no="1" player="SuBandiduu" type="1" discard="1" dealt="1" sum="10"/>
<action no="2" player="Rakki" type="2" sum="20"/>
</round>
<round no="1"><cards type="Pocket" player="SuBandiduu">X X</cards>
<cards type="Pocket" player="Rakki">C3 H6</cards>
<cards type="Pocket" player="Sp3c7rum">X X</cards>
<action no="3" player="Sp3c7rum" type="0" discard="1" dealt="1" sum="0"/>
<action no="4" player="SuBandiduu" type="23" discard="1" dealt="1" sum="50"/>
<action no="5" player="Rakki" type="0" sum="0"/>
</round>
</game>
<game gamecode="6458617942"><general><startdate>2025-08-21 01:21:58</startdate>
<round>1</round>
<failsafecounter/>
<players><player seat="10" name="Sp3c7rum" chips="490" dealer="0" win="20" bet="20" muck="1" rebuy="0" addon="0" merge="0" rebuychips="0" reg_code="5054837859"/>
<player seat="3" name="SuBandiduu" chips="610" dealer="1" win="0" bet="0" muck="1" rebuy="0" addon="0" merge="0" rebuychips="0" reg_code="5054837734"/>
<player seat="6" name="Rakki" chips="400" dealer="0" win="0" bet="10" muck="1" rebuy="0" addon="0" merge="0" rebuychips="0" reg_code="5054837789"/>
</players>
</general>
<round no="0"><action no="1" player="Rakki" type="1" sum="10"/>
<action no="2" player="Sp3c7rum" type="2" discard="1" dealt="1" sum="20"/>
</round>
<round no="1"><cards type="Pocket" player="Rakki">H4 C3</cards>
<cards type="Pocket" player="SuBandiduu">X X</cards>
<cards type="Pocket" player="Sp3c7rum">X X</cards>
<action no="3" player="SuBandiduu" type="0" discard="1" dealt="1" sum="0"/>
<action no="4" player="Rakki" type="0" sum="0"/>
</round>
</game>
<game gamecode="6458617963"><general><startdate>2025-08-21 01:22:08</startdate>
<round>1</round>
<failsafecounter/>
<players><player seat="3" name="SuBandiduu" chips="610" dealer="0" win="0" bet="240" muck="0" rebuy="0" addon="0" merge="0" rebuychips="0" reg_code="5054837734"/>
<player seat="6" name="Rakki" chips="390" dealer="1" win="0" bet="0" muck="1" rebuy="0" addon="0" merge="0" rebuychips="0" reg_code="5054837789"/>
<player seat="10" name="Sp3c7rum" chips="500" dealer="0" win="480" bet="240" muck="0" rebuy="0" addon="0" merge="0" rebuychips="0" reg_code="5054837859"/>
</players>
</general>
<round no="0"><action no="1" player="Sp3c7rum" type="1" discard="1" dealt="1" sum="10"/>
<action no="2" player="SuBandiduu" type="2" discard="1" dealt="1" sum="20"/>
</round>
<round no="1"><cards type="Pocket" player="Rakki">S9 D5</cards>
<cards type="Pocket" player="SuBandiduu">S4 H8</cards>
<cards type="Pocket" player="Sp3c7rum">HJ DJ</cards>
<action no="3" player="Rakki" type="0" sum="0"/>
<action no="4" player="Sp3c7rum" type="23" discard="1" dealt="1" sum="40"/>
<action no="5" player="SuBandiduu" type="3" discard="1" dealt="1" sum="20"/>
</round>
<round no="2"><cards type="Flop">H9 H3 SK</cards>
<action no="6" player="Sp3c7rum" type="4" discard="1" dealt="1" sum="0"/>
<action no="7" player="SuBandiduu" type="4" discard="1" dealt="1" sum="0"/>
</round>
<round no="3"><cards type="Turn">C9</cards>
<action no="8" player="Sp3c7rum" type="4" discard="1" dealt="1" sum="0"/>
<action no="9" player="SuBandiduu" type="5" discard="1" dealt="1" sum="80"/>
<action no="10" player="Sp3c7rum" type="3" discard="1" dealt="1" sum="80"/>
</round>
<round no="4"><cards type="River">C2</cards>
<action no="11" player="Sp3c7rum" type="4" discard="1" dealt="1" sum="0"/>
<action no="12" player="SuBandiduu" type="5" discard="1" dealt="1" sum="120"/>
<action no="13" player="Sp3c7rum" type="3" discard="1" dealt="1" sum="120"/>
</round>
</game>
<game gamecode="6458623484"><general><startdate>2025-08-21 01:22:48</startdate>
<round>1</round>
<failsafecounter/>
<players><player seat="6" name="Rakki" chips="390" dealer="0" win="0" bet="40" muck="1" rebuy="0" addon="0" merge="0" rebuychips="0" reg_code="5054837789"/>
<player seat="10" name="Sp3c7rum" chips="740" dealer="1" win="90" bet="80" muck="1" rebuy="0" addon="0" merge="0" rebuychips="0" reg_code="5054837859"/>
<player seat="3" name="SuBandiduu" chips="370" dealer="0" win="0" bet="10" muck="1" rebuy="0" addon="0" merge="0" rebuychips="0" reg_code="5054837734"/>
</players>
</general>
<round no="0"><action no="1" player="SuBandiduu" type="1" discard="1" dealt="1" sum="10"/>
<action no="2" player="Rakki" type="2" sum="20"/>
</round>
<round no="1"><cards type="Pocket" player="SuBandiduu">X X</cards>
<cards type="Pocket" player="Sp3c7rum">X X</cards>
<cards type="Pocket" player="Rakki">C6 D4</cards>
<action no="3" player="Sp3c7rum" type="23" discard="1" dealt="1" sum="40"/>
<action no="4" player="SuBandiduu" type="0" discard="1" dealt="1" sum="0"/>
<action no="5" player="Rakki" type="3" sum="20"/>
</round>
<round no="2"><cards type="Flop">D9 CK D5</cards>
<action no="6" player="Rakki" type="4" sum="0"/>
<action no="7" player="Sp3c7rum" type="5" discard="1" dealt="1" sum="40"/>
<action no="8" player="Rakki" type="0" sum="0"/>
</round>
</game>
<game gamecode="6458623530"><general><startdate>2025-08-21 01:23:12</startdate>
<round>1</round>
<failsafecounter/>
<players><player seat="10" name="Sp3c7rum" chips="790" dealer="0" win="0" bet="50" muck="1" rebuy="0" addon="0" merge="0" rebuychips="0" reg_code="5054837859"/>
<player seat="3" name="SuBandiduu" chips="360" dealer="1" win="0" bet="0" muck="1" rebuy="0" addon="0" merge="0" rebuychips="0" reg_code="5054837734"/>
<player seat="6" name="Rakki" chips="350" dealer="0" win="100" bet="110" muck="1" rebuy="0" addon="0" merge="0" rebuychips="0" reg_code="5054837789"/>
</players>
</general>
<round no="0"><action no="1" player="Rakki" type="1" sum="10"/>
<action no="2" player="Sp3c7rum" type="2" discard="1" dealt="1" sum="20"/>
</round>
<round no="1"><cards type="Pocket" player="Sp3c7rum">X X</cards>
<cards type="Pocket" player="SuBandiduu">X X</cards>
<cards type="Pocket" player="Rakki">S9 H9</cards>
<action no="3" player="SuBandiduu" type="0" discard="1" dealt="1" sum="0"/>
<action no="4" player="Rakki" type="23" sum="50"/>
<action no="5" player="Sp3c7rum" type="3" discard="1" dealt="1" sum="30"/>
</round>
<round no="2"><cards type="Flop">D2 SA S8</cards>
<action no="6" player="Rakki" type="5" sum="60"/>
<action no="7" player="Sp3c7rum" type="0" discard="1" dealt="1" sum="0"/>
</round>
</game>
<game gamecode="6458623574"><general><startdate>2025-08-21 01:23:32</startdate>
<round>1</round>
<failsafecounter/>
<players><player seat="3" name="SuBandiduu" chips="360" dealer="0" win="0" bet="35" muck="1" rebuy="0" addon="0" merge="0" rebuychips="0" reg_code="5054837734"/>
<player seat="6" name="Rakki" chips="400" dealer="1" win="0" bet="5" muck="1" rebuy="0" addon="0" merge="0" rebuychips="0" reg_code="5054837789"/>
<player seat="10" name="Sp3c7rum" chips="740" dealer="0" win="75" bet="545" muck="1" rebuy="0" addon="0" merge="0" rebuychips="0" reg_code="5054837859"/>
</players>
</general>
<round no="0"><action no="1" player="Sp3c7rum" type="15" discard="1" dealt="1" sum="5"/>
<action no="2" player="SuBandiduu" type="15" discard="1" dealt="1" sum="5"/>
<action no="3" player="Rakki" type="15" sum="5"/>
<action no="4" player="Sp3c7rum" type="1" discard="1" dealt="1" sum="15"/>
<action no="5" player="SuBandiduu" type="2" discard="1" dealt="1" sum="30"/>
</round>
<round no="1"><cards type="Pocket" player="Rakki">H8 C2</cards>
<cards type="Pocket" player="Sp3c7rum">X X</cards>
<cards type="Pocket" player="SuBandiduu">X X</cards>
<action no="6" player="Rakki" type="0" sum="0"/>
<action no="7" player="Sp3c7rum" type="23" discard="1" dealt="1" sum="540"/>
<action no="8" player="SuBandiduu" type="0" discard="1" dealt="1" sum="0"/>
</round>
</game>
<game gamecode="6458623599"><general><startdate>2025-08-21 01:23:42</startdate>
<round>1</round>
<failsafecounter/>
<players><player seat="6" name="Rakki" chips="395" dealer="0" win="0" bet="35" muck="1" rebuy="0" addon="0" merge="0" rebuychips="0" reg_code="5054837789"/>
<player seat="10" name="Sp3c7rum" chips="780" dealer="1" win="90" bet="515" muck="1" rebuy="0" addon="0" merge="0" rebuychips="0" reg_code="5054837859"/>
<player seat="3" name="SuBandiduu" chips="325" dealer="0" win="0" bet="20" muck="1" rebuy="0" addon="0" merge="0" rebuychips="0" reg_code="5054837734"/>
</players>
</general>
<round no="0"><action no="1" player="SuBandiduu" type="15" discard="1" dealt="1" sum="5"/>
<action no="2" player="Rakki" type="15" sum="5"/>
<action no="3" player="Sp3c7rum" type="15" discard="1" dealt="1" sum="5"/>
<action no="4" player="SuBandiduu" type="1" discard="1" dealt="1" sum="15"/>
<action no="5" player="Rakki" type="2" sum="30"/>
</round>
<round no="1"><cards type="Pocket" player="SuBandiduu">X X</cards>
<cards type="Pocket" player="Rakki">C6 D3</cards>
<cards type="Pocket" player="Sp3c7rum">X X</cards>
<action no="6" player="Sp3c7rum" type="23" discard="1" dealt="1" sum="510"/>
<action no="7" player="SuBandiduu" type="0" discard="1" dealt="1" sum="0"/>
<action no="8" player="Rakki" type="0" sum="0"/>
</round>
</game>
<game gamecode="6458623621"><general><startdate>2025-08-21 01:23:54</startdate>
<round>1</round>
<failsafecounter/>
<players><player seat="10" name="Sp3c7rum" chips="835" dealer="0" win="75" bet="125" muck="1" rebuy="0" addon="0" merge="0" rebuychips="0" reg_code="5054837859"/>
<player seat="3" name="SuBandiduu" chips="305" dealer="1" win="0" bet="5" muck="1" rebuy="0" addon="0" merge="0" rebuychips="0" reg_code="5054837734"/>
<player seat="6" name="Rakki" chips="360" dealer="0" win="0" bet="35" muck="1" rebuy="0" addon="0" merge="0" rebuychips="0" reg_code="5054837789"/>
</players>
</general>
<round no="0"><action no="1" player="Rakki" type="15" sum="5"/>
<action no="2" player="Sp3c7rum" type="15" discard="1" dealt="1" sum="5"/>
<action no="3" player="SuBandiduu" type="15" discard="1" dealt="1" sum="5"/>
<action no="4" player="Rakki" type="1" sum="15"/>
<action no="5" player="Sp3c7rum" type="2" discard="1" dealt="1" sum="30"/>
</round>
<round no="1"><cards type="Pocket" player="Rakki">C7 HJ</cards>
<cards type="Pocket" player="Sp3c7rum">X X</cards>
<cards type="Pocket" player="SuBandiduu">X X</cards>
<action no="6" player="SuBandiduu" type="0" discard="1" dealt="1" sum="0"/>
<action no="7" player="Rakki" type="3" sum="15"/>
<action no="8" player="Sp3c7rum" type="4" discard="1" dealt="1" sum="0"/>
</round>
<round no="2"><cards type="Flop">DK DJ C5</cards>
<action no="9" player="Rakki" type="4" sum="0"/>
<action no="10" player="Sp3c7rum" type="4" discard="1" dealt="1" sum="0"/>
</round>
<round no="3"><cards type="Turn">SQ</cards>
<action no="11" player="Rakki" type="4" sum="0"/>
<action no="12" player="Sp3c7rum" type="4" discard="1" dealt="1" sum="0"/>
</round>
<round no="4"><cards type="River">S5</cards>
<action no="13" player="Rakki" type="4" sum="0"/>
<action no="14" player="Sp3c7rum" type="5" discard="1" dealt="1" sum="90"/>
<action no="15" player="Rakki" type="0" sum="0"/>
</round>
</game>
<game gamecode="6458623684"><general><startdate>2025-08-21 01:24:30</startdate>
<round>1</round>
<failsafecounter/>
<players><player seat="3" name="SuBandiduu" chips="300" dealer="0" win="0" bet="35" muck="1" rebuy="0" addon="0" merge="0" rebuychips="0" reg_code="5054837734"/>
<player seat="6" name="Rakki" chips="325" dealer="1" win="0" bet="5" muck="1" rebuy="0" addon="0" merge="0" rebuychips="0" reg_code="5054837789"/>
<player seat="10" name="Sp3c7rum" chips="875" dealer="0" win="75" bet="365" muck="1" rebuy="0" addon="0" merge="0" rebuychips="0" reg_code="5054837859"/>
</players>
</general>
<round no="0"><action no="1" player="Sp3c7rum" type="15" discard="1" dealt="1" sum="5"/>
<action no="2" player="SuBandiduu" type="15" discard="1" dealt="1" sum="5"/>
<action no="3" player="Rakki" type="15" sum="5"/>
<action no="4" player="Sp3c7rum" type="1" discard="1" dealt="1" sum="15"/>
<action no="5" player="SuBandiduu" type="2" discard="1" dealt="1" sum="30"/>
</round>
<round no="1"><cards type="Pocket" player="SuBandiduu">X X</cards>
<cards type="Pocket" player="Rakki">H2 D9</cards>
<cards type="Pocket" player="Sp3c7rum">X X</cards>
<action no="6" player="Rakki" type="0" sum="0"/>
<action no="7" player="Sp3c7rum" type="23" discard="1" dealt="1" sum="360"/>
<action no="8" player="SuBandiduu" type="0" discard="1" dealt="1" sum="0"/>
</round>
</game>
<game gamecode="6458623710"><general><startdate>2025-08-21 01:24:42</startdate>
<round>1</round>
<failsafecounter/>
<players><player seat="6" name="Rakki" chips="320" dealer="0" win="0" bet="265" muck="1" rebuy="0" addon="0" merge="0" rebuychips="0" reg_code="5054837789"/>
<player seat="10" name="Sp3c7rum" chips="915" dealer="1" win="0" bet="5" muck="1" rebuy="0" addon="0" merge="0" rebuychips="0" reg_code="5054837859"/>
<player seat="3" name="SuBandiduu" chips="265" dealer="0" win="535" bet="265" muck="0" rebuy="0" addon="0" merge="0" rebuychips="0" reg_code="5054837734"/>
</players>
</general>
<round no="0"><action no="1" player="SuBandiduu" type="15" discard="1" dealt="1" sum="5"/>
<action no="2" player="Rakki" type="15" sum="5"/>
<action no="3" player="Sp3c7rum" type="15" discard="1" dealt="1" sum="5"/>
<action no="4" player="SuBandiduu" type="1" discard="1" dealt="1" sum="15"/>
<action no="5" player="Rakki" type="2" sum="30"/>
</round>
<round no="1"><cards type="Pocket" player="Rakki">H8 DK</cards>
<cards type="Pocket" player="Sp3c7rum">X X</cards>
<cards type="Pocket" player="SuBandiduu">DQ CA</cards>
<action no="6" player="Sp3c7rum" type="0" discard="1" dealt="1" sum="0"/>
<action no="7" player="SuBandiduu" type="23" discard="1" dealt="1" sum="260"/>
<action no="8" player="Rakki" type="3" sum="230"/>
</round>
<round no="2"><cards type="Flop">S10 SQ S8</cards>
</round>
<round no="3"><cards type="Turn">D9</cards>
</round>
<round no="4"><cards type="River">D3</cards>
</round>
</game>
<game gamecode="6458623762"><general><startdate>2025-08-21 01:25:05</startdate>
<round>1</round>
<failsafecounter/>
<players><player seat="10" name="Sp3c7rum" chips="910" dealer="0" win="0" bet="35" muck="1" rebuy="0" addon="0" merge="0" rebuychips="0" reg_code="5054837859"/>
<player seat="3" name="SuBandiduu" chips="535" dealer="1" win="0" bet="535" muck="0" rebuy="0" addon="0" merge="0" rebuychips="0" reg_code="5054837734"/>
<player seat="6" name="Rakki" chips="55" dealer="0" win="145" bet="55" muck="0" rebuy="0" addon="0" merge="0" rebuychips="0" reg_code="5054837789"/>
</players>
</general>
<round no="0"><action no="1" player="Rakki" type="15" sum="5"/>
<action no="2" player="Sp3c7rum" type="15" discard="1" dealt="1" sum="5"/>
<action no="3" player="SuBandiduu" type="15" discard="1" dealt="1" sum="5"/>
<action no="4" player="Rakki" type="1" sum="15"/>
<action no="5" player="Sp3c7rum" type="2" discard="1" dealt="1" sum="30"/>
</round>
<round no="1"><cards type="Pocket" player="Sp3c7rum">X X</cards>
<cards type="Pocket" player="Rakki">D2 D6</cards>
<cards type="Pocket" player="SuBandiduu">H8 DA</cards>
<action no="6" player="SuBandiduu" type="23" discard="1" dealt="1" sum="530"/>
<action no="7" player="Rakki" type="7" sum="35"/>
<action no="8" player="Sp3c7rum" type="0" discard="1" dealt="1" sum="0"/>
</round>
<round no="2"><cards type="Flop">CA S2 DK</cards>
</round>
<round no="3"><cards type="Turn">S4</cards>
</round>
<round no="4"><cards type="River">H2</cards>
</round>
</game>
<game gamecode="6458623799"><general><startdate>2025-08-21 01:25:23</startdate>
<round>1</round>
<failsafecounter/>
<players><player seat="3" name="SuBandiduu" chips="480" dealer="0" win="0" bet="45" muck="1" rebuy="0" addon="0" merge="0" rebuychips="0" reg_code="5054837734"/>
<player seat="6" name="Rakki" chips="145" dealer="1" win="335" bet="145" muck="0" rebuy="0" addon="0" merge="0" rebuychips="0" reg_code="5054837789"/>
<player seat="10" name="Sp3c7rum" chips="875" dealer="0" win="0" bet="245" muck="1" rebuy="0" addon="0" merge="0" rebuychips="0" reg_code="5054837859"/>
</players>
</general>
<round no="0"><action no="1" player="Sp3c7rum" type="15" discard="1" dealt="1" sum="5"/>
<action no="2" player="SuBandiduu" type="15" discard="1" dealt="1" sum="5"/>
<action no="3" player="Rakki" type="15" sum="5"/>
<action no="4" player="Sp3c7rum" type="1" discard="1" dealt="1" sum="20"/>
<action no="5" player="SuBandiduu" type="2" discard="1" dealt="1" sum="40"/>
</round>
<round no="1"><cards type="Pocket" player="SuBandiduu">X X</cards>
<cards type="Pocket" player="Rakki">DK H7</cards>
<cards type="Pocket" player="Sp3c7rum">SQ DQ</cards>
<action no="6" player="Rakki" type="23" sum="140"/>
<action no="7" player="Sp3c7rum" type="23" discard="1" dealt="1" sum="240"/>
<action no="8" player="SuBandiduu" type="0" discard="1" dealt="1" sum="0"/>
</round>
<round no="2"><cards type="Flop">C8 DA C4</cards>
</round>
<round no="3"><cards type="Turn">HA</cards>
</round>
<round no="4"><cards type="River">HK</cards>
</round>
</game>
<game gamecode="6458623843"><general><startdate>2025-08-21 01:25:42</startdate>
<round>1</round>
<failsafecounter/>
<players><player seat="6" name="Rakki" chips="335" dealer="0" win="0" bet="45" muck="1" rebuy="0" addon="0" merge="0" rebuychips="0" reg_code="5054837789"/>
<player seat="10" name="Sp3c7rum" chips="730" dealer="1" win="0" bet="5" muck="1" rebuy="0" addon="0" merge="0" rebuychips="0" reg_code="5054837859"/>
<player seat="3" name="SuBandiduu" chips="435" dealer="0" win="95" bet="435" muck="1" rebuy="0" addon="0" merge="0" rebuychips="0" reg_code="5054837734"/>
</players>
</general>
<round no="0"><action no="1" player="SuBandiduu" type="15" discard="1" dealt="1" sum="5"/>
<action no="2" player="Rakki" type="15" sum="5"/>
<action no="3" player="Sp3c7rum" type="15" discard="1" dealt="1" sum="5"/>
<action no="4" player="SuBandiduu" type="1" discard="1" dealt="1" sum="20"/>
<action no="5" player="Rakki" type="2" sum="40"/>
</round>
<round no="1"><cards type="Pocket" player="Sp3c7rum">X X</cards>
<cards type="Pocket" player="SuBandiduu">X X</cards>
<cards type="Pocket" player="Rakki">S10 S3</cards>
<action no="6" player="Sp3c7rum" type="0" discard="1" dealt="1" sum="0"/>
<action no="7" player="SuBandiduu" type="23" discard="1" dealt="1" sum="430"/>
<action no="8" player="Rakki" type="0" sum="0"/>
</round>
</game>
<game gamecode="6458623855"><general><startdate>2025-08-21 01:25:51</startdate>
<round>1</round>
<failsafecounter/>
<players><player seat="10" name="Sp3c7rum" chips="725" dealer="0" win="0" bet="45" muck="1" rebuy="0" addon="0" merge="0" rebuychips="0" reg_code="5054837859"/>
<player seat="3" name="SuBandiduu" chips="485" dealer="1" win="0" bet="5" muck="1" rebuy="0" addon="0" merge="0" rebuychips="0" reg_code="5054837734"/>
<player seat="6" name="Rakki" chips="290" dealer="0" win="95" bet="290" muck="1" rebuy="0" addon="0" merge="0" rebuychips="0" reg_code="5054837789"/>
</players>
</general>
<round no="0"><action no="1" player="Rakki" type="15" sum="5"/>
<action no="2" player="Sp3c7rum" type="15" discard="1" dealt="1" sum="5"/>
<action no="3" player="SuBandiduu" type="15" discard="1" dealt="1" sum="5"/>
<action no="4" player="Rakki" type="1" sum="20"/>
<action no="5" player="Sp3c7rum" type="2" discard="1" dealt="1" sum="40"/>
</round>
<round no="1"><cards type="Pocket" player="Rakki">HA DA</cards>
<cards type="Pocket" player="Sp3c7rum">X X</cards>
<cards type="Pocket" player="SuBandiduu">X X</cards>
<action no="6" player="SuBandiduu" type="0" discard="1" dealt="1" sum="0"/>
<action no="7" player="Rakki" type="23" sum="285"/>
<action no="8" player="Sp3c7rum" type="0" discard="1" dealt="1" sum="0"/>
</round>
</game>
<game gamecode="6458623884"><general><startdate>2025-08-21 01:26:03</startdate>
<round>1</round>
<failsafecounter/>
<players><player seat="3" name="SuBandiduu" chips="480" dealer="0" win="0" bet="45" muck="1" rebuy="0" addon="0" merge="0" rebuychips="0" reg_code="5054837734"/>
<player seat="6" name="Rakki" chips="340" dealer="1" win="0" bet="5" muck="1" rebuy="0" addon="0" merge="0" rebuychips="0" reg_code="5054837789"/>
<player seat="10" name="Sp3c7rum" chips="680" dealer="0" win="95" bet="680" muck="1" rebuy="0" addon="0" merge="0" rebuychips="0" reg_code="5054837859"/>
</players>
</general>
<round no="0"><action no="1" player="Sp3c7rum" type="15" discard="1" dealt="1" sum="5"/>
<action no="2" player="SuBandiduu" type="15" discard="1" dealt="1" sum="5"/>
<action no="3" player="Rakki" type="15" sum="5"/>
<action no="4" player="Sp3c7rum" type="1" discard="1" dealt="1" sum="20"/>
<action no="5" player="SuBandiduu" type="2" discard="1" dealt="1" sum="40"/>
</round>
<round no="1"><cards type="Pocket" player="SuBandiduu">X X</cards>
<cards type="Pocket" player="Rakki">HK S3</cards>
<cards type="Pocket" player="Sp3c7rum">X X</cards>
<action no="6" player="Rakki" type="0" sum="0"/>
<action no="7" player="Sp3c7rum" type="23" discard="1" dealt="1" sum="675"/>
<action no="8" player="SuBandiduu" type="0" discard="1" dealt="1" sum="0"/>
</round>
</game>
<game gamecode="6458623909"><general><startdate>2025-08-21 01:26:17</startdate>
<round>1</round>
<failsafecounter/>
<players><player seat="6" name="Rakki" chips="335" dealer="0" win="695" bet="335" muck="0" rebuy="0" addon="0" merge="0" rebuychips="0" reg_code="5054837789"/>
<player seat="10" name="Sp3c7rum" chips="730" dealer="1" win="0" bet="485" muck="0" rebuy="0" addon="0" merge="0" rebuychips="0" reg_code="5054837859"/>
<player seat="3" name="SuBandiduu" chips="435" dealer="0" win="0" bet="25" muck="1" rebuy="0" addon="0" merge="0" rebuychips="0" reg_code="5054837734"/>
</players>
</general>
<round no="0"><action no="1" player="SuBandiduu" type="15" discard="1" dealt="1" sum="5"/>
<action no="2" player="Rakki" type="15" sum="5"/>
<action no="3" player="Sp3c7rum" type="15" discard="1" dealt="1" sum="5"/>
<action no="4" player="SuBandiduu" type="1" discard="1" dealt="1" sum="20"/>
<action no="5" player="Rakki" type="2" sum="40"/>
</round>
<round no="1"><cards type="Pocket" player="Rakki">H10 HQ</cards>
<cards type="Pocket" player="SuBandiduu">X X</cards>
<cards type="Pocket" player="Sp3c7rum">SA S8</cards>
<action no="6" player="Sp3c7rum" type="23" discard="1" dealt="1" sum="480"/>
<action no="7" player="SuBandiduu" type="0" discard="1" dealt="1" sum="0"/>
<action no="8" player="Rakki" type="7" sum="290"/>
</round>
<round no="2"><cards type="Flop">D9 D2 D10</cards>
</round>
<round no="3"><cards type="Turn">D5</cards>
</round>
<round no="4"><cards type="River">S4</cards>
</round>
</game>
<game gamecode="6458623950"><general><startdate>2025-08-21 01:26:36</startdate>
<round>1</round>
<failsafecounter/>
<players><player seat="10" name="Sp3c7rum" chips="395" dealer="0" win="0" bet="45" muck="1" rebuy="0" addon="0" merge="0" rebuychips="0" reg_code="5054837859"/>
<player seat="3" name="SuBandiduu" chips="410" dealer="1" win="115" bet="410" muck="1" rebuy="0" addon="0" merge="0" rebuychips="0" reg_code="5054837734"/>
<player seat="6" name="Rakki" chips="695" dealer="0" win="0" bet="25" muck="1" rebuy="0" addon="0" merge="0" rebuychips="0" reg_code="5054837789"/>
</players>
</general>
<round no="0"><action no="1" player="Rakki" type="15" sum="5"/>
<action no="2" player="Sp3c7rum" type="15" discard="1" dealt="1" sum="5"/>
<action no="3" player="SuBandiduu" type="15" discard="1" dealt="1" sum="5"/>
<action no="4" player="Rakki" type="1" sum="20"/>
<action no="5" player="Sp3c7rum" type="2" discard="1" dealt="1" sum="40"/>
</round>
<round no="1"><cards type="Pocket" player="Sp3c7rum">X X</cards>
<cards type="Pocket" player="Rakki">SK D3</cards>
<cards type="Pocket" player="SuBandiduu">X X</cards>
<action no="6" player="SuBandiduu" type="23" discard="1" dealt="1" sum="405"/>
<action no="7" player="Rakki" type="0" sum="0"/>
<action no="8" player="Sp3c7rum" type="0" discard="1" dealt="1" sum="0"/>
</round>
</game>
<game gamecode="6458623976"><general><startdate>2025-08-21 01:26:51</startdate>
<round>1</round>
<failsafecounter/>
<players><player seat="3" name="SuBandiduu" chips="480" dealer="0" win="55" bet="45" muck="1" rebuy="0" addon="0" merge="0" rebuychips="0" reg_code="5054837734"/>
<player seat="6" name="Rakki" chips="670" dealer="1" win="0" bet="5" muck="1" rebuy="0" addon="0" merge="0" rebuychips="0" reg_code="5054837789"/>
<player seat="10" name="Sp3c7rum" chips="350" dealer="0" win="0" bet="25" muck="1" rebuy="0" addon="0" merge="0" rebuychips="0" reg_code="5054837859"/>
</players>
</general>
<round no="0"><action no="1" player="Sp3c7rum" type="15" discard="1" dealt="1" sum="5"/>
<action no="2" player="SuBandiduu" type="15" discard="1" dealt="1" sum="5"/>
<action no="3" player="Rakki" type="15" sum="5"/>
<action no="4" player="Sp3c7rum" type="1" discard="1" dealt="1" sum="20"/>
<action no="5" player="SuBandiduu" type="2" discard="1" dealt="1" sum="40"/>
</round>
<round no="1"><cards type="Pocket" player="Rakki">H2 C8</cards>
<cards type="Pocket" player="Sp3c7rum">X X</cards>
<cards type="Pocket" player="SuBandiduu">X X</cards>
<action no="6" player="Rakki" type="0" sum="0"/>
<action no="7" player="Sp3c7rum" type="0" discard="1" dealt="1" sum="0"/>
</round>
</game>
<game gamecode="6458623995"><general><startdate>2025-08-21 01:26:58</startdate>
<round>1</round>
<failsafecounter/>
<players><player seat="6" name="Rakki" chips="665" dealer="0" win="0" bet="125" muck="1" rebuy="0" addon="0" merge="0" rebuychips="0" reg_code="5054837789"/>
<player seat="10" name="Sp3c7rum" chips="325" dealer="1" win="0" bet="5" muck="1" rebuy="0" addon="0" merge="0" rebuychips="0" reg_code="5054837859"/>
<player seat="3" name="SuBandiduu" chips="510" dealer="0" win="255" bet="510" muck="1" rebuy="0" addon="0" merge="0" rebuychips="0" reg_code="5054837734"/>
</players>
</general>
<round no="0"><action no="1" player="SuBandiduu" type="15" discard="1" dealt="1" sum="5"/>
<action no="2" player="Rakki" type="15" sum="5"/>
<action no="3" player="Sp3c7rum" type="15" discard="1" dealt="1" sum="5"/>
<action no="4" player="SuBandiduu" type="1" discard="1" dealt="1" sum="20"/>
<action no="5" player="Rakki" type="2" sum="40"/>
</round>
<round no="1"><cards type="Pocket" player="Sp3c7rum">X X</cards>
<cards type="Pocket" player="SuBandiduu">X X</cards>
<cards type="Pocket" player="Rakki">C6 S2</cards>
<action no="6" player="Sp3c7rum" type="0" discard="1" dealt="1" sum="0"/>
<action no="7" player="SuBandiduu" type="3" discard="1" dealt="1" sum="20"/>
<action no="8" player="Rakki" type="23" sum="120"/>
<action no="9" player="SuBandiduu" type="23" discard="1" dealt="1" sum="505"/>
<action no="10" player="Rakki" type="0" sum="0"/>
</round>
</game>
<game gamecode="6458624036"><general><startdate>2025-08-21 01:27:20</startdate>
<round>1</round>
<failsafecounter/>
<players><player seat="10" name="Sp3c7rum" chips="320" dealer="0" win="675" bet="320" muck="0" rebuy="0" addon="0" merge="0" rebuychips="0" reg_code="5054837859"/>
<player seat="3" name="SuBandiduu" chips="640" dealer="1" win="0" bet="640" muck="1" rebuy="0" addon="0" merge="0" rebuychips="0" reg_code="5054837734"/>
<player seat="6" name="Rakki" chips="540" dealer="0" win="0" bet="35" muck="1" rebuy="0" addon="0" merge="0" rebuychips="0" reg_code="5054837789"/>
</players>
</general>
<round no="0"><action no="1" player="Rakki" type="15" sum="5"/>
<action no="2" player="Sp3c7rum" type="15" discard="1" dealt="1" sum="5"/>
<action no="3" player="SuBandiduu" type="15" discard="1" dealt="1" sum="5"/>
<action no="4" player="Rakki" type="1" sum="30"/>
<action no="5" player="Sp3c7rum" type="2" discard="1" dealt="1" sum="60"/>
</round>
<round no="1"><cards type="Pocket" player="Sp3c7rum">SA DQ</cards>
<cards type="Pocket" player="Rakki">S10 S3</cards>
<cards type="Pocket" player="SuBandiduu">CK H6</cards>
<action no="6" player="SuBandiduu" type="23" discard="1" dealt="1" sum="635"/>
<action no="7" player="Rakki" type="0" sum="0"/>
<action no="8" player="Sp3c7rum" type="7" discard="1" dealt="1" sum="255"/>
</round>
<round no="2"><cards type="Flop">S5 S9 C9</cards>
</round>
<round no="3"><cards type="Turn">CA</cards>
</round>
<round no="4"><cards type="River">D6</cards>
</round>
</game>
<game gamecode="6458624073"><general><startdate>2025-08-21 01:27:40</startdate>
<round>1</round>
<failsafecounter/>
<players><player seat="3" name="SuBandiduu" chips="320" dealer="0" win="0" bet="320" muck="0" rebuy="0" addon="0" merge="0" rebuychips="0" reg_code="5054837734"/>
<player seat="6" name="Rakki" chips="505" dealer="1" win="0" bet="5" muck="1" rebuy="0" addon="0" merge="0" rebuychips="0" reg_code="5054837789"/>
<player seat="10" name="Sp3c7rum" chips="675" dealer="0" win="645" bet="365" muck="0" rebuy="0" addon="0" merge="0" rebuychips="0" reg_code="5054837859"/>
</players>
</general>
<round no="0"><action no="1" player="Sp3c7rum" type="15" discard="1" dealt="1" sum="5"/>
<action no="2" player="SuBandiduu" type="15" discard="1" dealt="1" sum="5"/>
<action no="3" player="Rakki" type="15" sum="5"/>
<action no="4" player="Sp3c7rum" type="1" discard="1" dealt="1" sum="30"/>
<action no="5" player="SuBandiduu" type="2" discard="1" dealt="1" sum="60"/>
</round>
<round no="1"><cards type="Pocket" player="SuBandiduu">D7 CJ</cards>
<cards type="Pocket" player="Rakki">C2 H8</cards>
<cards type="Pocket" player="Sp3c7rum">DJ D3</cards>
<action no="6" player="Rakki" type="0" sum="0"/>
<action no="7" player="Sp3c7rum" type="23" discard="1" dealt="1" sum="360"/>
<action no="8" player="SuBandiduu" type="7" discard="1" dealt="1" sum="255"/>
</round>
<round no="2"><cards type="Flop">H3 S9 C5</cards>
</round>
<round no="3"><cards type="Turn">HK</cards>
</round>
<round no="4"><cards type="River">SJ</cards>
</round>
</game>
<game gamecode="6458624113"><general><startdate>2025-08-21 01:28:00</startdate>
<round>1</round>
<failsafecounter/>
<players><player seat="6" name="Rakki" chips="500" dealer="0" win="0" bet="65" muck="1" rebuy="0" addon="0" merge="0" rebuychips="0" reg_code="5054837789"/>
<player seat="10" name="Sp3c7rum" chips="1,000" dealer="1" win="130" bet="185" muck="1" rebuy="0" addon="0" merge="0" rebuychips="0" reg_code="5054837859"/>
</players>
</general>
<round no="0"><action no="1" player="Sp3c7rum" type="15" discard="1" dealt="1" sum="5"/>
<action no="2" player="Rakki" type="15" sum="5"/>
<action no="3" player="Sp3c7rum" type="1" discard="1" dealt="1" sum="30"/>
<action no="4" player="Rakki" type="2" sum="60"/>
</round>
<round no="1"><cards type="Pocket" player="Sp3c7rum">X X</cards>
<cards type="Pocket" player="Rakki">S6 H3</cards>
<action no="5" player="Sp3c7rum" type="3" discard="1" dealt="1" sum="30"/>
<action no="6" player="Rakki" type="4" sum="0"/>
</round>
<round no="2"><cards type="Flop">D9 CA C2</cards>
<action no="7" player="Rakki" type="4" sum="0"/>
<action no="8" player="Sp3c7rum" type="4" discard="1" dealt="1" sum="0"/>
</round>
<round no="3"><cards type="Turn">C8</cards>
<action no="9" player="Rakki" type="4" sum="0"/>
<action no="10" player="Sp3c7rum" type="5" discard="1" dealt="1" sum="120"/>
<action no="11" player="Rakki" type="0" sum="0"/>
</round>
</game>
<game gamecode="6458624170"><general><startdate>2025-08-21 01:28:30</startdate>
<round>1</round>
<failsafecounter/>
<players><player seat="10" name="Sp3c7rum" chips="1,065" dealer="0" win="870" bet="435" muck="0" rebuy="0" addon="0" merge="0" rebuychips="0" reg_code="5054837859"/>
<player seat="6" name="Rakki" chips="435" dealer="1" win="0" bet="435" muck="0" rebuy="0" addon="0" merge="0" rebuychips="0" reg_code="5054837789"/>
</players>
</general>
<round no="0"><action no="1" player="Rakki" type="15" sum="5"/>
<action no="2" player="Sp3c7rum" type="15" discard="1" dealt="1" sum="5"/>
<action no="3" player="Rakki" type="1" sum="30"/>
<action no="4" player="Sp3c7rum" type="2" discard="1" dealt="1" sum="60"/>
</round>
<round no="1"><cards type="Pocket" player="Rakki">C8 SK</cards>
<cards type="Pocket" player="Sp3c7rum">CK CA</cards>
<action no="5" player="Rakki" type="23" sum="430"/>
<action no="6" player="Sp3c7rum" type="3" discard="1" dealt="1" sum="370"/>
</round>
<round no="2"><cards type="Flop">C6 D9 DJ</cards>
</round>
<round no="3"><cards type="Turn">D7</cards>
</round>
<round no="4"><cards type="River">C4</cards>
</round>
</game>
</session>
