<?xml version="1.0" encoding="UTF-8"?>
<session sessioncode="5054840984">
<general>
<client_version>25.1.1.16</client_version>
<mode>real</mode>
<gametype>Holdem NL</gametype>
<tablename>Twister €100 SNG, 816189534</tablename>
<tournamentcode>816189533</tournamentcode>
<tournamentname>Twister €100 SNG</tournamentname>
<buyin>€0 + €7 + €93</buyin>
<totalbuyin>€100</totalbuyin>
<rewarddrawn>€300</rewarddrawn>
<tournamentcurrency>EUR</tournamentcurrency>
<currency>EUR</currency>
<nickname>Rakki</nickname>
<gamecount>18</gamecount>
<startdate>2025-08-21 01:43:15</startdate>
<place>2</place>
<win>€0</win>
<tablesize>3</tablesize>
</general>
<game gamecode="6458632069"><general><startdate>2025-08-21 01:43:30</startdate>
<round>1</round>
<failsafecounter/>
<players><player seat="6" name="Rakki" chips="500" dealer="0" win="0" bet="40" muck="1" rebuy="0" addon="0" merge="0" rebuychips="0" reg_code="5054840984"/>
<player seat="10" name="Mostri9793" chips="500" dealer="1" win="120" bet="40" muck="0" rebuy="0" addon="0" merge="0" rebuychips="0" reg_code="5054841017"/>
<player seat="3" name="vin20" chips="500" dealer="0" win="0" bet="40" muck="1" rebuy="0" addon="0" merge="0" rebuychips="0" reg_code="5054840878"/>
</players>
</general>
<round no="0"><action no="1" player="vin20" type="1" discard="1" dealt="1" sum="10"/>
<action no="2" player="Rakki" type="2" sum="20"/>
</round>
<round no="1"><cards type="Pocket" player="Rakki">C10 D8</cards>
<cards type="Pocket" player="Mostri9793">S5 SQ</cards>
<cards type="Pocket" player="vin20">C9 C3</cards>
<action no="3" player="Mostri9793" type="3" discard="1" dealt="1" sum="20"/>
<action no="4" player="vin20" type="3" discard="1" dealt="1" sum="10"/>
<action no="5" player="Rakki" type="4" sum="0"/>
</round>
<round no="2"><cards type="Flop">D2 D9 HQ</cards>
<action no="6" player="vin20" type="4" discard="1" dealt="1" sum="0"/>
<action no="7" player="Rakki" type="4" sum="0"/>
<action no="8" player="Mostri9793" type="5" discard="1" dealt="1" sum="20"/>
<action no="9" player="vin20" type="3" discard="1" dealt="1" sum="20"/>
<action no="10" player="Rakki" type="3" sum="20"/>
</round>
<round no="3"><cards type="Turn">HA</cards>
<action no="11" player="vin20" type="4" discard="1" dealt="1" sum="0"/>
<action no="12" player="Rakki" type="4" sum="0"/>
<action no="13" player="Mostri9793" type="4" discard="1" dealt="1" sum="0"/>
</round>
<round no="4"><cards type="River">S6</cards>
<action no="14" player="vin20" type="4" discard="1" dealt="1" sum="0"/>
<action no="15" player="Rakki" type="4" sum="0"/>
<action no="16" player="Mostri9793" type="4" discard="1" dealt="1" sum="0"/>
</round>
</game>
<game gamecode="6458637585"><general><startdate>2025-08-21 01:44:04</startdate>
<round>1</round>
<failsafecounter/>
<players><player seat="10" name="Mostri9793" chips="580" dealer="0" win="150" bet="100" muck="1" rebuy="0" addon="0" merge="0" rebuychips="0" reg_code="5054841017"/>
<player seat="3" name="vin20" chips="460" dealer="1" win="0" bet="0" muck="1" rebuy="0" addon="0" merge="0" rebuychips="0" reg_code="5054840878"/>
<player seat="6" name="Rakki" chips="460" dealer="0" win="0" bet="75" muck="1" rebuy="0" addon="0" merge="0" rebuychips="0" reg_code="5054840984"/>
</players>
</general>
<round no="0"><action no="1" player="Rakki" type="1" sum="10"/>
<action no="2" player="Mostri9793" type="2" discard="1" dealt="1" sum="20"/>
</round>
<round no="1"><cards type="Pocket" player="vin20">X X</cards>
<cards type="Pocket" player="Mostri9793">X X</cards>
<cards type="Pocket" player="Rakki">D9 D10</cards>
<action no="3" player="vin20" type="0" discard="1" dealt="1" sum="0"/>
<action no="4" player="Rakki" type="23" sum="50"/>
<action no="5" player="Mostri9793" type="3" discard="1" dealt="1" sum="30"/>
</round>
<round no="2"><cards type="Flop">CA SJ S4</cards>
<action no="6" player="Rakki" type="5" sum="25"/>
<action no="7" player="Mostri9793" type="23" discard="1" dealt="1" sum="50"/>
<action no="8" player="Rakki" type="0" sum="0"/>
</round>
</game>
<game gamecode="6458637619"><general><startdate>2025-08-21 01:44:21</startdate>
<round>1</round>
<failsafecounter/>
<players><player seat="3" name="vin20" chips="460" dealer="0" win="0" bet="20" muck="1" rebuy="0" addon="0" merge="0" rebuychips="0" reg_code="5054840878"/>
<player seat="6" name="Rakki" chips="385" dealer="1" win="0" bet="0" muck="1" rebuy="0" addon="0" merge="0" rebuychips="0" reg_code="5054840984"/>
<player seat="10" name="Mostri9793" chips="655" dealer="0" win="40" bet="40" muck="1" rebuy="0" addon="0" merge="0" rebuychips="0" reg_code="5054841017"/>
</players>
</general>
<round no="0"><action no="1" player="Mostri9793" type="1" discard="1" dealt="1" sum="10"/>
<action no="2" player="vin20" type="2" discard="1" dealt="1" sum="20"/>
</round>
<round no="1"><cards type="Pocket" player="Rakki">C8 SK</cards>
<cards type="Pocket" player="vin20">X X</cards>
<cards type="Pocket" player="Mostri9793">X X</cards>
<action no="3" player="Rakki" type="0" sum="0"/>
<action no="4" player="Mostri9793" type="23" discard="1" dealt="1" sum="40"/>
<action no="5" player="vin20" type="0" discard="1" dealt="1" sum="0"/>
</round>
</game>
<game gamecode="6458637632"><general><startdate>2025-08-21 01:44:30</startdate>
<round>1</round>
<failsafecounter/>
<players><player seat="6" name="Rakki" chips="385" dealer="0" win="0" bet="20" muck="1" rebuy="0" addon="0" merge="0" rebuychips="0" reg_code="5054840984"/>
<player seat="10" name="Mostri9793" chips="675" dealer="1" win="900" bet="440" muck="0" rebuy="0" addon="0" merge="0" rebuychips="0" reg_code="5054841017"/>
<player seat="3" name="vin20" chips="440" dealer="0" win="0" bet="440" muck="0" rebuy="0" addon="0" merge="0" rebuychips="0" reg_code="5054840878"/>
</players>
</general>
<round no="0"><action no="1" player="vin20" type="1" discard="1" dealt="1" sum="10"/>
<action no="2" player="Rakki" type="2" sum="20"/>
</round>
<round no="1"><cards type="Pocket" player="Rakki">C4 CQ</cards>
<cards type="Pocket" player="Mostri9793">SK C10</cards>
<cards type="Pocket" player="vin20">HA CJ</cards>
<action no="3" player="Mostri9793" type="3" discard="1" dealt="1" sum="20"/>
<action no="4" player="vin20" type="23" discard="1" dealt="1" sum="420"/>
<action no="5" player="Rakki" type="0" sum="0"/>
<action no="6" player="Mostri9793" type="3" discard="1" dealt="1" sum="400"/>
</round>
<round no="2"><cards type="Flop">H8 DK S7</cards>
<action no="7" player="vin20" type="7" discard="1" dealt="1" sum="20"/>
<action no="8" player="Mostri9793" type="3" discard="1" dealt="1" sum="20"/>
</round>
<round no="3"><cards type="Turn">HK</cards>
</round>
<round no="4"><cards type="River">D9</cards>
</round>
</game>
<game gamecode="6458637669"><general><startdate>2025-08-21 01:44:51</startdate>
<round>1</round>
<failsafecounter/>
<players><player seat="10" name="Mostri9793" chips="1,135" dealer="0" win="40" bet="1,135" muck="1" rebuy="0" addon="0" merge="0" rebuychips="0" reg_code="5054841017"/>
<player seat="6" name="Rakki" chips="365" dealer="1" win="0" bet="20" muck="1" rebuy="0" addon="0" merge="0" rebuychips="0" reg_code="5054840984"/>
</players>
</general>
<round no="0"><action no="1" player="Rakki" type="1" sum="10"/>
<action no="2" player="Mostri9793" type="2" discard="1" dealt="1" sum="20"/>
</round>
<round no="1"><cards type="Pocket" player="Rakki">CA H3</cards>
<cards type="Pocket" player="Mostri9793">X X</cards>
<action no="3" player="Rakki" type="3" sum="10"/>
<action no="4" player="Mostri9793" type="23" discard="1" dealt="1" sum="1,135"/>
<action no="5" player="Rakki" type="0" sum="0"/>
</round>
</game>
<game gamecode="6458637696"><general><startdate>2025-08-21 01:45:05</startdate>
<round>1</round>
<failsafecounter/>
<players><player seat="6" name="Rakki" chips="345" dealer="0" win="0" bet="20" muck="1" rebuy="0" addon="0" merge="0" rebuychips="0" reg_code="5054840984"/>
<player seat="10" name="Mostri9793" chips="1,155" dealer="1" win="40" bet="1,155" muck="1" rebuy="0" addon="0" merge="0" rebuychips="0" reg_code="5054841017"/>
</players>
</general>
<round no="0"><action no="1" player="Mostri9793" type="1" discard="1" dealt="1" sum="10"/>
<action no="2" player="Rakki" type="2" sum="20"/>
</round>
<round no="1"><cards type="Pocket" player="Mostri9793">X X</cards>
<cards type="Pocket" player="Rakki">H9 S7</cards>
<action no="3" player="Mostri9793" type="23" discard="1" dealt="1" sum="1,155"/>
<action no="4" player="Rakki" type="0" sum="0"/>
</round>
</game>
<game gamecode="6458637718"><general><startdate>2025-08-21 01:45:17</startdate>
<round>1</round>
<failsafecounter/>
<players><player seat="10" name="Mostri9793" chips="1,175" dealer="0" win="0" bet="35" muck="1" rebuy="0" addon="0" merge="0" rebuychips="0" reg_code="5054841017"/>
<player seat="6" name="Rakki" chips="325" dealer="1" win="70" bet="325" muck="1" rebuy="0" addon="0" merge="0" rebuychips="0" reg_code="5054840984"/>
</players>
</general>
<round no="0"><action no="1" player="Rakki" type="15" sum="5"/>
<action no="2" player="Mostri9793" type="15" discard="1" dealt="1" sum="5"/>
<action no="3" player="Rakki" type="1" sum="15"/>
<action no="4" player="Mostri9793" type="2" discard="1" dealt="1" sum="30"/>
</round>
<round no="1"><cards type="Pocket" player="Rakki">SA S3</cards>
<cards type="Pocket" player="Mostri9793">X X</cards>
<action no="5" player="Rakki" type="23" sum="320"/>
<action no="6" player="Mostri9793" type="0" discard="1" dealt="1" sum="0"/>
</round>
</game>
<game gamecode="6458637735"><general><startdate>2025-08-21 01:45:27</startdate>
<round>1</round>
<failsafecounter/>
<players><player seat="6" name="Rakki" chips="360" dealer="0" win="40" bet="35" muck="1" rebuy="0" addon="0" merge="0" rebuychips="0" reg_code="5054840984"/>
<player seat="10" name="Mostri9793" chips="1,140" dealer="1" win="0" bet="20" muck="1" rebuy="0" addon="0" merge="0" rebuychips="0" reg_code="5054841017"/>
</players>
</general>
<round no="0"><action no="1" player="Mostri9793" type="15" discard="1" dealt="1" sum="5"/>
<action no="2" player="Rakki" type="15" sum="5"/>
<action no="3" player="Mostri9793" type="1" discard="1" dealt="1" sum="15"/>
<action no="4" player="Rakki" type="2" sum="30"/>
</round>
<round no="1"><cards type="Pocket" player="Rakki">S4 C8</cards>
<cards type="Pocket" player="Mostri9793">X X</cards>
<action no="5" player="Mostri9793" type="0" discard="1" dealt="1" sum="0"/>
</round>
</game>
<game gamecode="6458637748"><general><startdate>2025-08-21 01:45:32</startdate>
<round>1</round>
<failsafecounter/>
<players><player seat="10" name="Mostri9793" chips="1,120" dealer="0" win="70" bet="1,120" muck="1" rebuy="0" addon="0" merge="0" rebuychips="0" reg_code="5054841017"/>
<player seat="6" name="Rakki" chips="380" dealer="1" win="0" bet="35" muck="1" rebuy="0" addon="0" merge="0" rebuychips="0" reg_code="5054840984"/>
</players>
</general>
<round no="0"><action no="1" player="Rakki" type="15" sum="5"/>
<action no="2" player="Mostri9793" type="15" discard="1" dealt="1" sum="5"/>
<action no="3" player="Rakki" type="1" sum="15"/>
<action no="4" player="Mostri9793" type="2" discard="1" dealt="1" sum="30"/>
</round>
<round no="1"><cards type="Pocket" player="Mostri9793">X X</cards>
<cards type="Pocket" player="Rakki">H5 HK</cards>
<action no="5" player="Rakki" type="3" sum="15"/>
<action no="6" player="Mostri9793" type="23" discard="1" dealt="1" sum="1,115"/>
<action no="7" player="Rakki" type="0" sum="0"/>
</round>
</game>
<game gamecode="6458637773"><general><startdate>2025-08-21 01:45:48</startdate>
<round>1</round>
<failsafecounter/>
<players><player seat="6" name="Rakki" chips="345" dealer="0" win="40" bet="35" muck="1" rebuy="0" addon="0" merge="0" rebuychips="0" reg_code="5054840984"/>
<player seat="10" name="Mostri9793" chips="1,155" dealer="1" win="0" bet="20" muck="1" rebuy="0" addon="0" merge="0" rebuychips="0" reg_code="5054841017"/>
</players>
</general>
<round no="0"><action no="1" player="Mostri9793" type="15" discard="1" dealt="1" sum="5"/>
<action no="2" player="Rakki" type="15" sum="5"/>
<action no="3" player="Mostri9793" type="1" discard="1" dealt="1" sum="15"/>
<action no="4" player="Rakki" type="2" sum="30"/>
</round>
<round no="1"><cards type="Pocket" player="Mostri9793">X X</cards>
<cards type="Pocket" player="Rakki">D9 CK</cards>
<action no="5" player="Mostri9793" type="0" discard="1" dealt="1" sum="0"/>
</round>
</game>
<game gamecode="6458637783"><general><startdate>2025-08-21 01:45:53</startdate>
<round>1</round>
<failsafecounter/>
<players><player seat="10" name="Mostri9793" chips="1,135" dealer="0" win="70" bet="1,135" muck="1" rebuy="0" addon="0" merge="0" rebuychips="0" reg_code="5054841017"/>
<player seat="6" name="Rakki" chips="365" dealer="1" win="0" bet="35" muck="1" rebuy="0" addon="0" merge="0" rebuychips="0" reg_code="5054840984"/>
</players>
</general>
<round no="0"><action no="1" player="Rakki" type="15" sum="5"/>
<action no="2" player="Mostri9793" type="15" discard="1" dealt="1" sum="5"/>
<action no="3" player="Rakki" type="1" sum="15"/>
<action no="4" player="Mostri9793" type="2" discard="1" dealt="1" sum="30"/>
</round>
<round no="1"><cards type="Pocket" player="Mostri9793">X X</cards>
<cards type="Pocket" player="Rakki">H2 HJ</cards>
<action no="5" player="Rakki" type="3" sum="15"/>
<action no="6" player="Mostri9793" type="23" discard="1" dealt="1" sum="1,130"/>
<action no="7" player="Rakki" type="0" sum="0"/>
</round>
</game>
<game gamecode="6458637798"><general><startdate>2025-08-21 01:46:04</startdate>
<round>1</round>
<failsafecounter/>
<players><player seat="6" name="Rakki" chips="330" dealer="0" win="0" bet="35" muck="1" rebuy="0" addon="0" merge="0" rebuychips="0" reg_code="5054840984"/>
<player seat="10" name="Mostri9793" chips="1,170" dealer="1" win="70" bet="1,170" muck="1" rebuy="0" addon="0" merge="0" rebuychips="0" reg_code="5054841017"/>
</players>
</general>
<round no="0"><action no="1" player="Mostri9793" type="15" discard="1" dealt="1" sum="5"/>
<action no="2" player="Rakki" type="15" sum="5"/>
<action no="3" player="Mostri9793" type="1" discard="1" dealt="1" sum="15"/>
<action no="4" player="Rakki" type="2" sum="30"/>
</round>
<round no="1"><cards type="Pocket" player="Rakki">C8 DJ</cards>
<cards type="Pocket" player="Mostri9793">X X</cards>
<action no="5" player="Mostri9793" type="23" discard="1" dealt="1" sum="1,165"/>
<action no="6" player="Rakki" type="0" sum="0"/>
</round>
</game>
<game gamecode="6458637813"><general><startdate>2025-08-21 01:46:12</startdate>
<round>1</round>
<failsafecounter/>
<players><player seat="10" name="Mostri9793" chips="1,205" dealer="0" win="0" bet="35" muck="1" rebuy="0" addon="0" merge="0" rebuychips="0" reg_code="5054841017"/>
<player seat="6" name="Rakki" chips="295" dealer="1" win="70" bet="295" muck="1" rebuy="0" addon="0" merge="0" rebuychips="0" reg_code="5054840984"/>
</players>
</general>
<round no="0"><action no="1" player="Rakki" type="15" sum="5"/>
<action no="2" player="Mostri9793" type="15" discard="1" dealt="1" sum="5"/>
<action no="3" player="Rakki" type="1" sum="15"/>
<action no="4" player="Mostri9793" type="2" discard="1" dealt="1" sum="30"/>
</round>
<round no="1"><cards type="Pocket" player="Mostri9793">X X</cards>
<cards type="Pocket" player="Rakki">S6 HA</cards>
<action no="5" player="Rakki" type="23" sum="290"/>
<action no="6" player="Mostri9793" type="0" discard="1" dealt="1" sum="0"/>
</round>
</game>
<game gamecode="6458637825"><general><startdate>2025-08-21 01:46:20</startdate>
<round>1</round>
<failsafecounter/>
<players><player seat="6" name="Rakki" chips="330" dealer="0" win="0" bet="35" muck="1" rebuy="0" addon="0" merge="0" rebuychips="0" reg_code="5054840984"/>
<player seat="10" name="Mostri9793" chips="1,170" dealer="1" win="70" bet="1,170" muck="1" rebuy="0" addon="0" merge="0" rebuychips="0" reg_code="5054841017"/>
</players>
</general>
<round no="0"><action no="1" player="Mostri9793" type="15" discard="1" dealt="1" sum="5"/>
<action no="2" player="Rakki" type="15" sum="5"/>
<action no="3" player="Mostri9793" type="1" discard="1" dealt="1" sum="15"/>
<action no="4" player="Rakki" type="2" sum="30"/>
</round>
<round no="1"><cards type="Pocket" player="Rakki">H7 S2</cards>
<cards type="Pocket" player="Mostri9793">X X</cards>
<action no="5" player="Mostri9793" type="3" discard="1" dealt="1" sum="15"/>
<action no="6" player="Rakki" type="4" sum="0"/>
</round>
<round no="2"><cards type="Flop">D9 C3 C7</cards>
<action no="7" player="Rakki" type="4" sum="0"/>
<action no="8" player="Mostri9793" type="5" discard="1" dealt="1" sum="1,135"/>
<action no="9" player="Rakki" type="0" sum="0"/>
</round>
</game>
<game gamecode="6458637861"><general><startdate>2025-08-21 01:46:44</startdate>
<round>1</round>
<failsafecounter/>
<players><player seat="10" name="Mostri9793" chips="1,205" dealer="0" win="0" bet="65" muck="1" rebuy="0" addon="0" merge="0" rebuychips="0" reg_code="5054841017"/>
<player seat="6" name="Rakki" chips="295" dealer="1" win="130" bet="155" muck="1" rebuy="0" addon="0" merge="0" rebuychips="0" reg_code="5054840984"/>
</players>
</general>
<round no="0"><action no="1" player="Rakki" type="15" sum="5"/>
<action no="2" player="Mostri9793" type="15" discard="1" dealt="1" sum="5"/>
<action no="3" player="Rakki" type="1" sum="15"/>
<action no="4" player="Mostri9793" type="2" discard="1" dealt="1" sum="30"/>
</round>
<round no="1"><cards type="Pocket" player="Mostri9793">X X</cards>
<cards type="Pocket" player="Rakki">S3 CQ</cards>
<action no="5" player="Rakki" type="3" sum="15"/>
<action no="6" player="Mostri9793" type="4" discard="1" dealt="1" sum="0"/>
</round>
<round no="2"><cards type="Flop">S4 HQ CA</cards>
<action no="7" player="Mostri9793" type="4" discard="1" dealt="1" sum="0"/>
<action no="8" player="Rakki" type="4" sum="0"/>
</round>
<round no="3"><cards type="Turn">SA</cards>
<action no="9" player="Mostri9793" type="4" discard="1" dealt="1" sum="0"/>
<action no="10" player="Rakki" type="5" sum="30"/>
<action no="11" player="Mostri9793" type="3" discard="1" dealt="1" sum="30"/>
</round>
<round no="4"><cards type="River">C2</cards>
<action no="12" player="Mostri9793" type="4" discard="1" dealt="1" sum="0"/>
<action no="13" player="Rakki" type="5" sum="90"/>
<action no="14" player="Mostri9793" type="0" discard="1" dealt="1" sum="0"/>
</round>
</game>
<game gamecode="6458637920"><general><startdate>2025-08-21 01:47:13</startdate>
<round>1</round>
<failsafecounter/>
<players><player seat="6" name="Rakki" chips="360" dealer="0" win="90" bet="360" muck="1" rebuy="0" addon="0" merge="0" rebuychips="0" reg_code="5054840984"/>
<player seat="10" name="Mostri9793" chips="1,140" dealer="1" win="0" bet="45" muck="1" rebuy="0" addon="0" merge="0" rebuychips="0" reg_code="5054841017"/>
</players>
</general>
<round no="0"><action no="1" player="Mostri9793" type="15" discard="1" dealt="1" sum="5"/>
<action no="2" player="Rakki" type="15" sum="5"/>
<action no="3" player="Mostri9793" type="1" discard="1" dealt="1" sum="20"/>
<action no="4" player="Rakki" type="2" sum="40"/>
</round>
<round no="1"><cards type="Pocket" player="Mostri9793">X X</cards>
<cards type="Pocket" player="Rakki">DK S3</cards>
<action no="5" player="Mostri9793" type="3" discard="1" dealt="1" sum="20"/>
<action no="6" player="Rakki" type="23" sum="355"/>
<action no="7" player="Mostri9793" type="0" discard="1" dealt="1" sum="0"/>
</round>
</game>
<game gamecode="6458637939"><general><startdate>2025-08-21 01:47:25</startdate>
<round>1</round>
<failsafecounter/>
<players><player seat="10" name="Mostri9793" chips="1,095" dealer="0" win="50" bet="45" muck="1" rebuy="0" addon="0" merge="0" rebuychips="0" reg_code="5054841017"/>
<player seat="6" name="Rakki" chips="405" dealer="1" win="0" bet="25" muck="1" rebuy="0" addon="0" merge="0" rebuychips="0" reg_code="5054840984"/>
</players>
</general>
<round no="0"><action no="1" player="Rakki" type="15" sum="5"/>
<action no="2" player="Mostri9793" type="15" discard="1" dealt="1" sum="5"/>
<action no="3" player="Rakki" type="1" sum="20"/>
<action no="4" player="Mostri9793" type="2" discard="1" dealt="1" sum="40"/>
</round>
<round no="1"><cards type="Pocket" player="Mostri9793">X X</cards>
<cards type="Pocket" player="Rakki">S2 C8</cards>
<action no="5" player="Rakki" type="0" sum="0"/>
</round>
</game>
<game gamecode="6458637952"><general><startdate>2025-08-21 01:47:32</startdate>
<round>1</round>
<failsafecounter/>
<players><player seat="6" name="Rakki" chips="380" dealer="0" win="0" bet="380" muck="0" rebuy="0" addon="0" merge="0" rebuychips="0" reg_code="5054840984"/>
<player seat="10" name="Mostri9793" chips="1,120" dealer="1" win="760" bet="1,120" muck="0" rebuy="0" addon="0" merge="0" rebuychips="0" reg_code="5054841017"/>
</players>
</general>
<round no="0"><action no="1" player="Mostri9793" type="15" discard="1" dealt="1" sum="5"/>
<action no="2" player="Rakki" type="15" sum="5"/>
<action no="3" player="Mostri9793" type="1" discard="1" dealt="1" sum="20"/>
<action no="4" player="Rakki" type="2" sum="40"/>
</round>
<round no="1"><cards type="Pocket" player="Mostri9793">SQ C8</cards>
<cards type="Pocket" player="Rakki">S9 D9</cards>
<action no="5" player="Mostri9793" type="23" discard="1" dealt="1" sum="1,115"/>
<action no="6" player="Rakki" type="7" sum="335"/>
</round>
<round no="2"><cards type="Flop">DQ S7 D6</cards>
</round>
<round no="3"><cards type="Turn">D8</cards>
</round>
<round no="4"><cards type="River">HK</cards>
</round>
</game>
</session>
