<?xml version="1.0" encoding="UTF-8"?>
<session sessioncode="5054838325">
<general>
<client_version>25.1.1.16</client_version>
<mode>real</mode>
<gametype>Holdem NL</gametype>
<tablename>Twister €100 SNG, 816188687</tablename>
<tournamentcode>816188686</tournamentcode>
<tournamentname>Twister €100 SNG</tournamentname>
<buyin>€0 + €7 + €93</buyin>
<totalbuyin>€100</totalbuyin>
<rewarddrawn>€300</rewarddrawn>
<tournamentcurrency>EUR</tournamentcurrency>
<currency>EUR</currency>
<nickname>Rakki</nickname>
<gamecount>20</gamecount>
<startdate>2025-08-21 01:24:07</startdate>
<place>1</place>
<win>€300</win>
<tablesize>3</tablesize>
</general>
<game gamecode="6458623674"><general><startdate>2025-08-21 01:24:22</startdate>
<round>1</round>
<failsafecounter/>
<players><player seat="3" name="maillive" chips="500" dealer="0" win="20" bet="20" muck="1" rebuy="0" addon="0" merge="0" rebuychips="0" reg_code="5054838251"/>
<player seat="6" name="Thechosenoonee" chips="500" dealer="1" win="0" bet="0" muck="1" rebuy="0" addon="0" merge="0" rebuychips="0" reg_code="5054838312"/>
<player seat="10" name="Rakki" chips="500" dealer="0" win="0" bet="10" muck="1" rebuy="0" addon="0" merge="0" rebuychips="0" reg_code="5054838325"/>
</players>
</general>
<round no="0"><action no="1" player="Rakki" type="1" sum="10"/>
<action no="2" player="maillive" type="2" discard="1" dealt="1" sum="20"/>
</round>
<round no="1"><cards type="Pocket" player="maillive">X X</cards>
<cards type="Pocket" player="Thechosenoonee">X X</cards>
<cards type="Pocket" player="Rakki">S6 HJ</cards>
<action no="3" player="Thechosenoonee" type="0" discard="1" dealt="1" sum="0"/>
<action no="4" player="Rakki" type="0" sum="0"/>
</round>
</game>
<game gamecode="6458623698"><general><startdate>2025-08-21 01:24:34</startdate>
<round>1</round>
<failsafecounter/>
<players><player seat="6" name="Thechosenoonee" chips="500" dealer="0" win="0" bet="20" muck="1" rebuy="0" addon="0" merge="0" rebuychips="0" reg_code="5054838312"/>
<player seat="10" name="Rakki" chips="490" dealer="1" win="230" bet="490" muck="1" rebuy="0" addon="0" merge="0" rebuychips="0" reg_code="5054838325"/>
<player seat="3" name="maillive" chips="510" dealer="0" win="0" bet="105" muck="1" rebuy="0" addon="0" merge="0" rebuychips="0" reg_code="5054838251"/>
</players>
</general>
<round no="0"><action no="1" player="maillive" type="1" discard="1" dealt="1" sum="10"/>
<action no="2" player="Thechosenoonee" type="2" discard="1" dealt="1" sum="20"/>
</round>
<round no="1"><cards type="Pocket" player="Rakki">CK D10</cards>
<cards type="Pocket" player="Thechosenoonee">X X</cards>
<cards type="Pocket" player="maillive">X X</cards>
<action no="3" player="Rakki" type="23" sum="40"/>
<action no="4" player="maillive" type="3" discard="1" dealt="1" sum="30"/>
<action no="5" player="Thechosenoonee" type="0" discard="1" dealt="1" sum="0"/>
</round>
<round no="2"><cards type="Flop">DK C4 D9</cards>
<action no="6" player="maillive" type="4" discard="1" dealt="1" sum="0"/>
<action no="7" player="Rakki" type="5" sum="25"/>
<action no="8" player="maillive" type="3" discard="1" dealt="1" sum="25"/>
</round>
<round no="3"><cards type="Turn">H9</cards>
<action no="9" player="maillive" type="4" discard="1" dealt="1" sum="0"/>
<action no="10" player="Rakki" type="4" sum="0"/>
</round>
<round no="4"><cards type="River">HK</cards>
<action no="11" player="maillive" type="5" discard="1" dealt="1" sum="40"/>
<action no="12" player="Rakki" type="23" sum="425"/>
<action no="13" player="maillive" type="0" discard="1" dealt="1" sum="0"/>
</round>
</game>
<game gamecode="6458623754"><general><startdate>2025-08-21 01:25:02</startdate>
<round>1</round>
<failsafecounter/>
<players><player seat="10" name="Rakki" chips="615" dealer="0" win="0" bet="40" muck="1" rebuy="0" addon="0" merge="0" rebuychips="0" reg_code="5054838325"/>
<player seat="3" name="maillive" chips="405" dealer="1" win="90" bet="80" muck="1" rebuy="0" addon="0" merge="0" rebuychips="0" reg_code="5054838251"/>
<player seat="6" name="Thechosenoonee" chips="480" dealer="0" win="0" bet="10" muck="1" rebuy="0" addon="0" merge="0" rebuychips="0" reg_code="5054838312"/>
</players>
</general>
<round no="0"><action no="1" player="Thechosenoonee" type="1" discard="1" dealt="1" sum="10"/>
<action no="2" player="Rakki" type="2" sum="20"/>
</round>
<round no="1"><cards type="Pocket" player="maillive">X X</cards>
<cards type="Pocket" player="Rakki">DQ D6</cards>
<cards type="Pocket" player="Thechosenoonee">X X</cards>
<action no="3" player="maillive" type="23" discard="1" dealt="1" sum="40"/>
<action no="4" player="Thechosenoonee" type="0" discard="1" dealt="1" sum="0"/>
<action no="5" player="Rakki" type="3" sum="20"/>
</round>
<round no="2"><cards type="Flop">H2 H9 H3</cards>
<action no="6" player="Rakki" type="4" sum="0"/>
<action no="7" player="maillive" type="5" discard="1" dealt="1" sum="40"/>
<action no="8" player="Rakki" type="0" sum="0"/>
</round>
</game>
<game gamecode="6458623804"><general><startdate>2025-08-21 01:25:24</startdate>
<round>1</round>
<failsafecounter/>
<players><player seat="3" name="maillive" chips="455" dealer="0" win="0" bet="60" muck="1" rebuy="0" addon="0" merge="0" rebuychips="0" reg_code="5054838251"/>
<player seat="6" name="Thechosenoonee" chips="470" dealer="1" win="130" bet="125" muck="1" rebuy="0" addon="0" merge="0" rebuychips="0" reg_code="5054838312"/>
<player seat="10" name="Rakki" chips="575" dealer="0" win="0" bet="10" muck="1" rebuy="0" addon="0" merge="0" rebuychips="0" reg_code="5054838325"/>
</players>
</general>
<round no="0"><action no="1" player="Rakki" type="1" sum="10"/>
<action no="2" player="maillive" type="2" discard="1" dealt="1" sum="20"/>
</round>
<round no="1"><cards type="Pocket" player="maillive">X X</cards>
<cards type="Pocket" player="Thechosenoonee">X X</cards>
<cards type="Pocket" player="Rakki">C3 SJ</cards>
<action no="3" player="Thechosenoonee" type="23" discard="1" dealt="1" sum="40"/>
<action no="4" player="Rakki" type="0" sum="0"/>
<action no="5" player="maillive" type="3" discard="1" dealt="1" sum="20"/>
</round>
<round no="2"><cards type="Flop">S6 H7 D6</cards>
<action no="6" player="maillive" type="4" discard="1" dealt="1" sum="0"/>
<action no="7" player="Thechosenoonee" type="5" discard="1" dealt="1" sum="20"/>
<action no="8" player="maillive" type="3" discard="1" dealt="1" sum="20"/>
</round>
<round no="3"><cards type="Turn">S7</cards>
<action no="9" player="maillive" type="4" discard="1" dealt="1" sum="0"/>
<action no="10" player="Thechosenoonee" type="5" discard="1" dealt="1" sum="65"/>
<action no="11" player="maillive" type="0" discard="1" dealt="1" sum="0"/>
</round>
</game>
<game gamecode="6458623840"><general><startdate>2025-08-21 01:25:41</startdate>
<round>1</round>
<failsafecounter/>
<players><player seat="6" name="Thechosenoonee" chips="540" dealer="0" win="40" bet="540" muck="1" rebuy="0" addon="0" merge="0" rebuychips="0" reg_code="5054838312"/>
<player seat="10" name="Rakki" chips="565" dealer="1" win="0" bet="0" muck="1" rebuy="0" addon="0" merge="0" rebuychips="0" reg_code="5054838325"/>
<player seat="3" name="maillive" chips="395" dealer="0" win="0" bet="20" muck="1" rebuy="0" addon="0" merge="0" rebuychips="0" reg_code="5054838251"/>
</players>
</general>
<round no="0"><action no="1" player="maillive" type="1" discard="1" dealt="1" sum="10"/>
<action no="2" player="Thechosenoonee" type="2" discard="1" dealt="1" sum="20"/>
</round>
<round no="1"><cards type="Pocket" player="Thechosenoonee">X X</cards>
<cards type="Pocket" player="maillive">X X</cards>
<cards type="Pocket" player="Rakki">H8 H2</cards>
<action no="3" player="Rakki" type="0" sum="0"/>
<action no="4" player="maillive" type="3" discard="1" dealt="1" sum="10"/>
<action no="5" player="Thechosenoonee" type="23" discard="1" dealt="1" sum="540"/>
<action no="6" player="maillive" type="0" discard="1" dealt="1" sum="0"/>
</round>
</game>
<game gamecode="6458623858"><general><startdate>2025-08-21 01:25:52</startdate>
<round>1</round>
<failsafecounter/>
<players><player seat="10" name="Rakki" chips="565" dealer="0" win="0" bet="20" muck="1" rebuy="0" addon="0" merge="0" rebuychips="0" reg_code="5054838325"/>
<player seat="3" name="maillive" chips="375" dealer="1" win="50" bet="60" muck="1" rebuy="0" addon="0" merge="0" rebuychips="0" reg_code="5054838251"/>
<player seat="6" name="Thechosenoonee" chips="560" dealer="0" win="0" bet="10" muck="1" rebuy="0" addon="0" merge="0" rebuychips="0" reg_code="5054838312"/>
</players>
</general>
<round no="0"><action no="1" player="Thechosenoonee" type="1" discard="1" dealt="1" sum="10"/>
<action no="2" player="Rakki" type="2" sum="20"/>
</round>
<round no="1"><cards type="Pocket" player="Thechosenoonee">X X</cards>
<cards type="Pocket" player="Rakki">D6 H3</cards>
<cards type="Pocket" player="maillive">X X</cards>
<action no="3" player="maillive" type="23" discard="1" dealt="1" sum="60"/>
<action no="4" player="Thechosenoonee" type="0" discard="1" dealt="1" sum="0"/>
<action no="5" player="Rakki" type="0" sum="0"/>
</round>
</game>
<game gamecode="6458623906"><general><startdate>2025-08-21 01:26:16</startdate>
<round>1</round>
<failsafecounter/>
<players><player seat="3" name="maillive" chips="405" dealer="0" win="45" bet="35" muck="1" rebuy="0" addon="0" merge="0" rebuychips="0" reg_code="5054838251"/>
<player seat="6" name="Thechosenoonee" chips="550" dealer="1" win="0" bet="5" muck="1" rebuy="0" addon="0" merge="0" rebuychips="0" reg_code="5054838312"/>
<player seat="10" name="Rakki" chips="545" dealer="0" win="0" bet="20" muck="1" rebuy="0" addon="0" merge="0" rebuychips="0" reg_code="5054838325"/>
</players>
</general>
<round no="0"><action no="1" player="Rakki" type="15" sum="5"/>
<action no="2" player="maillive" type="15" discard="1" dealt="1" sum="5"/>
<action no="3" player="Thechosenoonee" type="15" discard="1" dealt="1" sum="5"/>
<action no="4" player="Rakki" type="1" sum="15"/>
<action no="5" player="maillive" type="2" discard="1" dealt="1" sum="30"/>
</round>
<round no="1"><cards type="Pocket" player="maillive">X X</cards>
<cards type="Pocket" player="Thechosenoonee">X X</cards>
<cards type="Pocket" player="Rakki">C5 S10</cards>
<action no="6" player="Thechosenoonee" type="0" discard="1" dealt="1" sum="0"/>
<action no="7" player="Rakki" type="0" sum="0"/>
</round>
</game>
<game gamecode="6458623935"><general><startdate>2025-08-21 01:26:29</startdate>
<round>1</round>
<failsafecounter/>
<players><player seat="6" name="Thechosenoonee" chips="545" dealer="0" win="0" bet="545" muck="1" rebuy="0" addon="0" merge="0" rebuychips="0" reg_code="5054838312"/>
<player seat="10" name="Rakki" chips="525" dealer="1" win="0" bet="65" muck="1" rebuy="0" addon="0" merge="0" rebuychips="0" reg_code="5054838325"/>
<player seat="3" name="maillive" chips="430" dealer="0" win="925" bet="430" muck="0" rebuy="0" addon="0" merge="0" rebuychips="0" reg_code="5054838251"/>
</players>
</general>
<round no="0"><action no="1" player="maillive" type="15" discard="1" dealt="1" sum="5"/>
<action no="2" player="Thechosenoonee" type="15" discard="1" dealt="1" sum="5"/>
<action no="3" player="Rakki" type="15" sum="5"/>
<action no="4" player="maillive" type="1" discard="1" dealt="1" sum="15"/>
<action no="5" player="Thechosenoonee" type="2" discard="1" dealt="1" sum="30"/>
</round>
<round no="1"><cards type="Pocket" player="Rakki">S7 SQ</cards>
<cards type="Pocket" player="maillive">CJ H6</cards>
<cards type="Pocket" player="Thechosenoonee">C6 SA</cards>
<action no="6" player="Rakki" type="23" sum="60"/>
<action no="7" player="maillive" type="3" discard="1" dealt="1" sum="45"/>
<action no="8" player="Thechosenoonee" type="3" discard="1" dealt="1" sum="30"/>
</round>
<round no="2"><cards type="Flop">HA D10 DK</cards>
<action no="9" player="maillive" type="5" discard="1" dealt="1" sum="365"/>
<action no="10" player="Thechosenoonee" type="7" discard="1" dealt="1" sum="480"/>
<action no="11" player="Rakki" type="0" sum="0"/>
</round>
<round no="3"><cards type="Turn">HQ</cards>
</round>
<round no="4"><cards type="River">D7</cards>
</round>
</game>
<game gamecode="6458623979"><general><startdate>2025-08-21 01:26:51</startdate>
<round>1</round>
<failsafecounter/>
<players><player seat="10" name="Rakki" chips="460" dealer="0" win="235" bet="115" muck="0" rebuy="0" addon="0" merge="0" rebuychips="0" reg_code="5054838325"/>
<player seat="3" name="maillive" chips="925" dealer="1" win="0" bet="5" muck="1" rebuy="0" addon="0" merge="0" rebuychips="0" reg_code="5054838251"/>
<player seat="6" name="Thechosenoonee" chips="115" dealer="0" win="0" bet="115" muck="0" rebuy="0" addon="0" merge="0" rebuychips="0" reg_code="5054838312"/>
</players>
</general>
<round no="0"><action no="1" player="Thechosenoonee" type="15" discard="1" dealt="1" sum="5"/>
<action no="2" player="Rakki" type="15" sum="5"/>
<action no="3" player="maillive" type="15" discard="1" dealt="1" sum="5"/>
<action no="4" player="Thechosenoonee" type="1" discard="1" dealt="1" sum="15"/>
<action no="5" player="Rakki" type="2" sum="30"/>
</round>
<round no="1"><cards type="Pocket" player="maillive">X X</cards>
<cards type="Pocket" player="Thechosenoonee">CA H7</cards>
<cards type="Pocket" player="Rakki">S9 C2</cards>
<action no="6" player="maillive" type="0" discard="1" dealt="1" sum="0"/>
<action no="7" player="Thechosenoonee" type="23" discard="1" dealt="1" sum="110"/>
<action no="8" player="Rakki" type="3" sum="80"/>
</round>
<round no="2"><cards type="Flop">DJ S10 H10</cards>
</round>
<round no="3"><cards type="Turn">S2</cards>
</round>
<round no="4"><cards type="River">C5</cards>
</round>
</game>
<game gamecode="6458624021"><general><startdate>2025-08-21 01:27:13</startdate>
<round>1</round>
<failsafecounter/>
<players><player seat="3" name="maillive" chips="920" dealer="0" win="190" bet="95" muck="0" rebuy="0" addon="0" merge="0" rebuychips="0" reg_code="5054838251"/>
<player seat="10" name="Rakki" chips="580" dealer="1" win="0" bet="95" muck="1" rebuy="0" addon="0" merge="0" rebuychips="0" reg_code="5054838325"/>
</players>
</general>
<round no="0"><action no="1" player="Rakki" type="15" sum="5"/>
<action no="2" player="maillive" type="15" discard="1" dealt="1" sum="5"/>
<action no="3" player="Rakki" type="1" sum="15"/>
<action no="4" player="maillive" type="2" discard="1" dealt="1" sum="30"/>
</round>
<round no="1"><cards type="Pocket" player="maillive">H2 DA</cards>
<cards type="Pocket" player="Rakki">S3 HJ</cards>
<action no="5" player="Rakki" type="3" sum="15"/>
<action no="6" player="maillive" type="4" discard="1" dealt="1" sum="0"/>
</round>
<round no="2"><cards type="Flop">C8 SJ CA</cards>
<action no="7" player="maillive" type="4" discard="1" dealt="1" sum="0"/>
<action no="8" player="Rakki" type="5" sum="30"/>
<action no="9" player="maillive" type="3" discard="1" dealt="1" sum="30"/>
</round>
<round no="3"><cards type="Turn">CQ</cards>
<action no="10" player="maillive" type="4" discard="1" dealt="1" sum="0"/>
<action no="11" player="Rakki" type="5" sum="30"/>
<action no="12" player="maillive" type="3" discard="1" dealt="1" sum="30"/>
</round>
<round no="4"><cards type="River">C5</cards>
<action no="13" player="maillive" type="4" discard="1" dealt="1" sum="0"/>
<action no="14" player="Rakki" type="4" sum="0"/>
</round>
</game>
<game gamecode="6458624077"><general><startdate>2025-08-21 01:27:42</startdate>
<round>1</round>
<failsafecounter/>
<players><player seat="10" name="Rakki" chips="485" dealer="0" win="0" bet="95" muck="1" rebuy="0" addon="0" merge="0" rebuychips="0" reg_code="5054838325"/>
<player seat="3" name="maillive" chips="1,015" dealer="1" win="190" bet="95" muck="0" rebuy="0" addon="0" merge="0" rebuychips="0" reg_code="5054838251"/>
</players>
</general>
<round no="0"><action no="1" player="maillive" type="15" discard="1" dealt="1" sum="5"/>
<action no="2" player="Rakki" type="15" sum="5"/>
<action no="3" player="maillive" type="1" discard="1" dealt="1" sum="15"/>
<action no="4" player="Rakki" type="2" sum="30"/>
</round>
<round no="1"><cards type="Pocket" player="maillive">C7 SA</cards>
<cards type="Pocket" player="Rakki">CK C5</cards>
<action no="5" player="maillive" type="3" discard="1" dealt="1" sum="15"/>
<action no="6" player="Rakki" type="4" sum="0"/>
</round>
<round no="2"><cards type="Flop">H2 D7 CQ</cards>
<action no="7" player="Rakki" type="4" sum="0"/>
<action no="8" player="maillive" type="5" discard="1" dealt="1" sum="30"/>
<action no="9" player="Rakki" type="3" sum="30"/>
</round>
<round no="3"><cards type="Turn">C9</cards>
<action no="10" player="Rakki" type="4" sum="0"/>
<action no="11" player="maillive" type="5" discard="1" dealt="1" sum="30"/>
<action no="12" player="Rakki" type="3" sum="30"/>
</round>
<round no="4"><cards type="River">DJ</cards>
<action no="13" player="Rakki" type="4" sum="0"/>
<action no="14" player="maillive" type="4" discard="1" dealt="1" sum="0"/>
</round>
</game>
<game gamecode="6458624116"><general><startdate>2025-08-21 01:28:02</startdate>
<round>1</round>
<failsafecounter/>
<players><player seat="3" name="maillive" chips="1,110" dealer="0" win="0" bet="45" muck="1" rebuy="0" addon="0" merge="0" rebuychips="0" reg_code="5054838251"/>
<player seat="10" name="Rakki" chips="390" dealer="1" win="90" bet="85" muck="1" rebuy="0" addon="0" merge="0" rebuychips="0" reg_code="5054838325"/>
</players>
</general>
<round no="0"><action no="1" player="Rakki" type="15" sum="5"/>
<action no="2" player="maillive" type="15" discard="1" dealt="1" sum="5"/>
<action no="3" player="Rakki" type="1" sum="20"/>
<action no="4" player="maillive" type="2" discard="1" dealt="1" sum="40"/>
</round>
<round no="1"><cards type="Pocket" player="maillive">X X</cards>
<cards type="Pocket" player="Rakki">S6 S3</cards>
<action no="5" player="Rakki" type="3" sum="20"/>
<action no="6" player="maillive" type="4" discard="1" dealt="1" sum="0"/>
</round>
<round no="2"><cards type="Flop">C5 C9 S9</cards>
<action no="7" player="maillive" type="4" discard="1" dealt="1" sum="0"/>
<action no="8" player="Rakki" type="5" sum="40"/>
<action no="9" player="maillive" type="0" discard="1" dealt="1" sum="0"/>
</round>
</game>
<game gamecode="6458624133"><general><startdate>2025-08-21 01:28:12</startdate>
<round>1</round>
<failsafecounter/>
<players><player seat="10" name="Rakki" chips="435" dealer="0" win="90" bet="135" muck="1" rebuy="0" addon="0" merge="0" rebuychips="0" reg_code="5054838325"/>
<player seat="3" name="maillive" chips="1,065" dealer="1" win="0" bet="45" muck="1" rebuy="0" addon="0" merge="0" rebuychips="0" reg_code="5054838251"/>
</players>
</general>
<round no="0"><action no="1" player="maillive" type="15" discard="1" dealt="1" sum="5"/>
<action no="2" player="Rakki" type="15" sum="5"/>
<action no="3" player="maillive" type="1" discard="1" dealt="1" sum="20"/>
<action no="4" player="Rakki" type="2" sum="40"/>
</round>
<round no="1"><cards type="Pocket" player="maillive">X X</cards>
<cards type="Pocket" player="Rakki">DK D8</cards>
<action no="5" player="maillive" type="3" discard="1" dealt="1" sum="20"/>
<action no="6" player="Rakki" type="4" sum="0"/>
</round>
<round no="2"><cards type="Flop">SJ HK S3</cards>
<action no="7" player="Rakki" type="4" sum="0"/>
<action no="8" player="maillive" type="4" discard="1" dealt="1" sum="0"/>
</round>
<round no="3"><cards type="Turn">S6</cards>
<action no="9" player="Rakki" type="5" sum="90"/>
<action no="10" player="maillive" type="0" discard="1" dealt="1" sum="0"/>
</round>
</game>
<game gamecode="6458624161"><general><startdate>2025-08-21 01:28:24</startdate>
<round>1</round>
<failsafecounter/>
<players><player seat="3" name="maillive" chips="1,020" dealer="0" win="170" bet="125" muck="1" rebuy="0" addon="0" merge="0" rebuychips="0" reg_code="5054838251"/>
<player seat="10" name="Rakki" chips="480" dealer="1" win="0" bet="85" muck="1" rebuy="0" addon="0" merge="0" rebuychips="0" reg_code="5054838325"/>
</players>
</general>
<round no="0"><action no="1" player="Rakki" type="15" sum="5"/>
<action no="2" player="maillive" type="15" discard="1" dealt="1" sum="5"/>
<action no="3" player="Rakki" type="1" sum="20"/>
<action no="4" player="maillive" type="2" discard="1" dealt="1" sum="40"/>
</round>
<round no="1"><cards type="Pocket" player="Rakki">S7 C4</cards>
<cards type="Pocket" player="maillive">X X</cards>
<action no="5" player="Rakki" type="3" sum="20"/>
<action no="6" player="maillive" type="4" discard="1" dealt="1" sum="0"/>
</round>
<round no="2"><cards type="Flop">HQ DQ C9</cards>
<action no="7" player="maillive" type="4" discard="1" dealt="1" sum="0"/>
<action no="8" player="Rakki" type="5" sum="40"/>
<action no="9" player="maillive" type="23" discard="1" dealt="1" sum="80"/>
<action no="10" player="Rakki" type="0" sum="0"/>
</round>
</game>
<game gamecode="6458624191"><general><startdate>2025-08-21 01:28:38</startdate>
<round>1</round>
<failsafecounter/>
<players><player seat="10" name="Rakki" chips="395" dealer="0" win="90" bet="395" muck="1" rebuy="0" addon="0" merge="0" rebuychips="0" reg_code="5054838325"/>
<player seat="3" name="maillive" chips="1,105" dealer="1" win="0" bet="45" muck="1" rebuy="0" addon="0" merge="0" rebuychips="0" reg_code="5054838251"/>
</players>
</general>
<round no="0"><action no="1" player="maillive" type="15" discard="1" dealt="1" sum="5"/>
<action no="2" player="Rakki" type="15" sum="5"/>
<action no="3" player="maillive" type="1" discard="1" dealt="1" sum="20"/>
<action no="4" player="Rakki" type="2" sum="40"/>
</round>
<round no="1"><cards type="Pocket" player="maillive">X X</cards>
<cards type="Pocket" player="Rakki">HK S6</cards>
<action no="5" player="maillive" type="3" discard="1" dealt="1" sum="20"/>
<action no="6" player="Rakki" type="23" sum="390"/>
<action no="7" player="maillive" type="0" discard="1" dealt="1" sum="0"/>
</round>
</game>
<game gamecode="6458624205"><general><startdate>2025-08-21 01:28:46</startdate>
<round>1</round>
<failsafecounter/>
<players><player seat="3" name="maillive" chips="1,060" dealer="0" win="90" bet="1,060" muck="1" rebuy="0" addon="0" merge="0" rebuychips="0" reg_code="5054838251"/>
<player seat="10" name="Rakki" chips="440" dealer="1" win="0" bet="45" muck="1" rebuy="0" addon="0" merge="0" rebuychips="0" reg_code="5054838325"/>
</players>
</general>
<round no="0"><action no="1" player="Rakki" type="15" sum="5"/>
<action no="2" player="maillive" type="15" discard="1" dealt="1" sum="5"/>
<action no="3" player="Rakki" type="1" sum="20"/>
<action no="4" player="maillive" type="2" discard="1" dealt="1" sum="40"/>
</round>
<round no="1"><cards type="Pocket" player="Rakki">DK S2</cards>
<cards type="Pocket" player="maillive">X X</cards>
<action no="5" player="Rakki" type="3" sum="20"/>
<action no="6" player="maillive" type="23" discard="1" dealt="1" sum="1,055"/>
<action no="7" player="Rakki" type="0" sum="0"/>
</round>
</game>
<game gamecode="6458624222"><general><startdate>2025-08-21 01:28:57</startdate>
<round>1</round>
<failsafecounter/>
<players><player seat="10" name="Rakki" chips="395" dealer="0" win="790" bet="395" muck="0" rebuy="0" addon="0" merge="0" rebuychips="0" reg_code="5054838325"/>
<player seat="3" name="maillive" chips="1,105" dealer="1" win="0" bet="395" muck="1" rebuy="0" addon="0" merge="0" rebuychips="0" reg_code="5054838251"/>
</players>
</general>
<round no="0"><action no="1" player="maillive" type="15" discard="1" dealt="1" sum="5"/>
<action no="2" player="Rakki" type="15" sum="5"/>
<action no="3" player="maillive" type="1" discard="1" dealt="1" sum="20"/>
<action no="4" player="Rakki" type="2" sum="40"/>
</round>
<round no="1"><cards type="Pocket" player="Rakki">CQ S8</cards>
<cards type="Pocket" player="maillive">D6 S9</cards>
<action no="5" player="maillive" type="3" discard="1" dealt="1" sum="20"/>
<action no="6" player="Rakki" type="4" sum="0"/>
</round>
<round no="2"><cards type="Flop">C9 S3 S5</cards>
<action no="7" player="Rakki" type="4" sum="0"/>
<action no="8" player="maillive" type="5" discard="1" dealt="1" sum="40"/>
<action no="9" player="Rakki" type="3" sum="40"/>
</round>
<round no="3"><cards type="Turn">D10</cards>
<action no="10" player="Rakki" type="4" sum="0"/>
<action no="11" player="maillive" type="5" discard="1" dealt="1" sum="40"/>
<action no="12" player="Rakki" type="23" sum="310"/>
<action no="13" player="maillive" type="3" discard="1" dealt="1" sum="270"/>
</round>
<round no="4"><cards type="River">HQ</cards>
</round>
</game>
<game gamecode="6458624261"><general><startdate>2025-08-21 01:29:13</startdate>
<round>1</round>
<failsafecounter/>
<players><player seat="3" name="maillive" chips="710" dealer="0" win="90" bet="710" muck="1" rebuy="0" addon="0" merge="0" rebuychips="0" reg_code="5054838251"/>
<player seat="10" name="Rakki" chips="790" dealer="1" win="0" bet="45" muck="1" rebuy="0" addon="0" merge="0" rebuychips="0" reg_code="5054838325"/>
</players>
</general>
<round no="0"><action no="1" player="Rakki" type="15" sum="5"/>
<action no="2" player="maillive" type="15" discard="1" dealt="1" sum="5"/>
<action no="3" player="Rakki" type="1" sum="20"/>
<action no="4" player="maillive" type="2" discard="1" dealt="1" sum="40"/>
</round>
<round no="1"><cards type="Pocket" player="Rakki">H4 D6</cards>
<cards type="Pocket" player="maillive">X X</cards>
<action no="5" player="Rakki" type="3" sum="20"/>
<action no="6" player="maillive" type="23" discard="1" dealt="1" sum="705"/>
<action no="7" player="Rakki" type="0" sum="0"/>
</round>
</game>
<game gamecode="6458624282"><general><startdate>2025-08-21 01:29:25</startdate>
<round>1</round>
<failsafecounter/>
<players><player seat="10" name="Rakki" chips="745" dealer="0" win="1,490" bet="745" muck="0" rebuy="0" addon="0" merge="0" rebuychips="0" reg_code="5054838325"/>
<player seat="3" name="maillive" chips="755" dealer="1" win="0" bet="745" muck="1" rebuy="0" addon="0" merge="0" rebuychips="0" reg_code="5054838251"/>
</players>
</general>
<round no="0"><action no="1" player="maillive" type="15" discard="1" dealt="1" sum="5"/>
<action no="2" player="Rakki" type="15" sum="5"/>
<action no="3" player="maillive" type="1" discard="1" dealt="1" sum="30"/>
<action no="4" player="Rakki" type="2" sum="60"/>
</round>
<round no="1"><cards type="Pocket" player="Rakki">H2 S2</cards>
<cards type="Pocket" player="maillive">HA H4</cards>
<action no="5" player="maillive" type="3" discard="1" dealt="1" sum="30"/>
<action no="6" player="Rakki" type="23" sum="740"/>
<action no="7" player="maillive" type="3" discard="1" dealt="1" sum="680"/>
</round>
<round no="2"><cards type="Flop">S10 H3 C9</cards>
</round>
<round no="3"><cards type="Turn">D7</cards>
</round>
<round no="4"><cards type="River">CJ</cards>
</round>
</game>
<game gamecode="6458624323"><general><startdate>2025-08-21 01:29:43</startdate>
<round>1</round>
<failsafecounter/>
<players><player seat="3" name="maillive" chips="10" dealer="0" win="0" bet="10" muck="0" rebuy="0" addon="0" merge="0" rebuychips="0" reg_code="5054838251"/>
<player seat="10" name="Rakki" chips="1,490" dealer="1" win="20" bet="35" muck="0" rebuy="0" addon="0" merge="0" rebuychips="0" reg_code="5054838325"/>
</players>
</general>
<round no="0"><action no="1" player="Rakki" type="15" sum="5"/>
<action no="2" player="maillive" type="15" discard="1" dealt="1" sum="5"/>
<action no="3" player="Rakki" type="1" sum="30"/>
<action no="4" player="maillive" type="2" discard="1" dealt="1" sum="5"/>
</round>
<round no="1"><cards type="Pocket" player="maillive">C8 D6</cards>
<cards type="Pocket" player="Rakki">S7 CA</cards>
</round>
<round no="2"><cards type="Flop">D5 H2 C2</cards>
</round>
<round no="3"><cards type="Turn">DJ</cards>
</round>
<round no="4"><cards type="River">C7</cards>
</round>
</game>
</session>
