<?xml version="1.0" encoding="UTF-8"?>
<session sessioncode="5054493788">
<general>
<client_version>25.1.1.16</client_version>
<mode>real</mode>
<gametype>Holdem NL</gametype>
<tablename>Twister €100 SNG, 816088562</tablename>
<tournamentcode>816088561</tournamentcode>
<tournamentname>Twister €100 SNG</tournamentname>
<buyin>€0 + €7 + €93</buyin>
<totalbuyin>€100</totalbuyin>
<rewarddrawn>€400</rewarddrawn>
<tournamentcurrency>EUR</tournamentcurrency>
<currency>EUR</currency>
<nickname>Rakki</nickname>
<gamecount>22</gamecount>
<startdate>2025-08-19 16:04:11</startdate>
<place>2</place>
<win>€0</win>
<tablesize>3</tablesize>
</general>
<game gamecode="6457263989"><general><startdate>2025-08-19 16:04:26</startdate>
<round>1</round>
<failsafecounter/>
<players><player seat="10" name="Tiuualex" chips="500" dealer="0" win="0" bet="20" muck="1" rebuy="0" addon="0" merge="0" rebuychips="0" reg_code="5054494057"/>
<player seat="3" name="Thechosenoonee" chips="500" dealer="1" win="0" bet="40" muck="1" rebuy="0" addon="0" merge="0" rebuychips="0" reg_code="5054493576"/>
<player seat="6" name="Rakki" chips="500" dealer="0" win="100" bet="500" muck="1" rebuy="0" addon="0" merge="0" rebuychips="0" reg_code="5054493788"/>
</players>
</general>
<round no="0"><action no="1" player="Rakki" type="1" sum="10"/>
<action no="2" player="Tiuualex" type="2" discard="1" dealt="1" sum="20"/>
</round>
<round no="1"><cards type="Pocket" player="Rakki">HJ CA</cards>
<cards type="Pocket" player="Tiuualex">X X</cards>
<cards type="Pocket" player="Thechosenoonee">X X</cards>
<action no="3" player="Thechosenoonee" type="23" discard="1" dealt="1" sum="40"/>
<action no="4" player="Rakki" type="23" sum="500"/>
<action no="5" player="Tiuualex" type="0" discard="1" dealt="1" sum="0"/>
<action no="6" player="Thechosenoonee" type="0" discard="1" dealt="1" sum="0"/>
</round>
</game>
<game gamecode="6457264013"><general><startdate>2025-08-19 16:04:36</startdate>
<round>1</round>
<failsafecounter/>
<players><player seat="3" name="Thechosenoonee" chips="460" dealer="0" win="0" bet="20" muck="1" rebuy="0" addon="0" merge="0" rebuychips="0" reg_code="5054493576"/>
<player seat="6" name="Rakki" chips="560" dealer="1" win="0" bet="40" muck="1" rebuy="0" addon="0" merge="0" rebuychips="0" reg_code="5054493788"/>
<player seat="10" name="Tiuualex" chips="480" dealer="0" win="100" bet="100" muck="1" rebuy="0" addon="0" merge="0" rebuychips="0" reg_code="5054494057"/>
</players>
</general>
<round no="0"><action no="1" player="Tiuualex" type="1" discard="1" dealt="1" sum="10"/>
<action no="2" player="Thechosenoonee" type="2" discard="1" dealt="1" sum="20"/>
</round>
<round no="1"><cards type="Pocket" player="Tiuualex">X X</cards>
<cards type="Pocket" player="Rakki">CA D7</cards>
<cards type="Pocket" player="Thechosenoonee">X X</cards>
<action no="3" player="Rakki" type="23" sum="40"/>
<action no="4" player="Tiuualex" type="23" discard="1" dealt="1" sum="100"/>
<action no="5" player="Thechosenoonee" type="0" discard="1" dealt="1" sum="0"/>
<action no="6" player="Rakki" type="0" sum="0"/>
</round>
</game>
<game gamecode="6457264068"><general><startdate>2025-08-19 16:05:02</startdate>
<round>1</round>
<failsafecounter/>
<players><player seat="6" name="Rakki" chips="520" dealer="0" win="120" bet="90" muck="1" rebuy="0" addon="0" merge="0" rebuychips="0" reg_code="5054493788"/>
<player seat="10" name="Tiuualex" chips="540" dealer="1" win="0" bet="0" muck="1" rebuy="0" addon="0" merge="0" rebuychips="0" reg_code="5054494057"/>
<player seat="3" name="Thechosenoonee" chips="440" dealer="0" win="0" bet="60" muck="1" rebuy="0" addon="0" merge="0" rebuychips="0" reg_code="5054493576"/>
</players>
</general>
<round no="0"><action no="1" player="Thechosenoonee" type="1" discard="1" dealt="1" sum="10"/>
<action no="2" player="Rakki" type="2" sum="20"/>
</round>
<round no="1"><cards type="Pocket" player="Tiuualex">X X</cards>
<cards type="Pocket" player="Rakki">HA DK</cards>
<cards type="Pocket" player="Thechosenoonee">X X</cards>
<action no="3" player="Tiuualex" type="0" discard="1" dealt="1" sum="0"/>
<action no="4" player="Thechosenoonee" type="3" discard="1" dealt="1" sum="10"/>
<action no="5" player="Rakki" type="23" sum="60"/>
<action no="6" player="Thechosenoonee" type="3" discard="1" dealt="1" sum="40"/>
</round>
<round no="2"><cards type="Flop">S8 S5 HJ</cards>
<action no="7" player="Thechosenoonee" type="4" discard="1" dealt="1" sum="0"/>
<action no="8" player="Rakki" type="5" sum="30"/>
<action no="9" player="Thechosenoonee" type="0" discard="1" dealt="1" sum="0"/>
</round>
</game>
<game gamecode="6457264125"><general><startdate>2025-08-19 16:05:25</startdate>
<round>1</round>
<failsafecounter/>
<players><player seat="10" name="Tiuualex" chips="540" dealer="0" win="0" bet="165" muck="1" rebuy="0" addon="0" merge="0" rebuychips="0" reg_code="5054494057"/>
<player seat="3" name="Thechosenoonee" chips="380" dealer="1" win="340" bet="380" muck="1" rebuy="0" addon="0" merge="0" rebuychips="0" reg_code="5054493576"/>
<player seat="6" name="Rakki" chips="580" dealer="0" win="0" bet="10" muck="1" rebuy="0" addon="0" merge="0" rebuychips="0" reg_code="5054493788"/>
</players>
</general>
<round no="0"><action no="1" player="Rakki" type="1" sum="10"/>
<action no="2" player="Tiuualex" type="2" discard="1" dealt="1" sum="20"/>
</round>
<round no="1"><cards type="Pocket" player="Tiuualex">X X</cards>
<cards type="Pocket" player="Thechosenoonee">X X</cards>
<cards type="Pocket" player="Rakki">S5 C8</cards>
<action no="3" player="Thechosenoonee" type="23" discard="1" dealt="1" sum="40"/>
<action no="4" player="Rakki" type="0" sum="0"/>
<action no="5" player="Tiuualex" type="3" discard="1" dealt="1" sum="20"/>
</round>
<round no="2"><cards type="Flop">CA H8 C10</cards>
<action no="6" player="Tiuualex" type="4" discard="1" dealt="1" sum="0"/>
<action no="7" player="Thechosenoonee" type="5" discard="1" dealt="1" sum="40"/>
<action no="8" player="Tiuualex" type="3" discard="1" dealt="1" sum="40"/>
</round>
<round no="3"><cards type="Turn">S2</cards>
<action no="9" player="Tiuualex" type="4" discard="1" dealt="1" sum="0"/>
<action no="10" player="Thechosenoonee" type="5" discard="1" dealt="1" sum="85"/>
<action no="11" player="Tiuualex" type="3" discard="1" dealt="1" sum="85"/>
</round>
<round no="4"><cards type="River">DK</cards>
<action no="12" player="Tiuualex" type="4" discard="1" dealt="1" sum="0"/>
<action no="13" player="Thechosenoonee" type="5" discard="1" dealt="1" sum="215"/>
<action no="14" player="Tiuualex" type="0" discard="1" dealt="1" sum="0"/>
</round>
</game>
<game gamecode="6457264250"><general><startdate>2025-08-19 16:06:21</startdate>
<round>1</round>
<failsafecounter/>
<players><player seat="3" name="Thechosenoonee" chips="555" dealer="0" win="100" bet="555" muck="1" rebuy="0" addon="0" merge="0" rebuychips="0" reg_code="5054493576"/>
<player seat="6" name="Rakki" chips="570" dealer="1" win="0" bet="0" muck="1" rebuy="0" addon="0" merge="0" rebuychips="0" reg_code="5054493788"/>
<player seat="10" name="Tiuualex" chips="375" dealer="0" win="0" bet="50" muck="1" rebuy="0" addon="0" merge="0" rebuychips="0" reg_code="5054494057"/>
</players>
</general>
<round no="0"><action no="1" player="Tiuualex" type="1" discard="1" dealt="1" sum="10"/>
<action no="2" player="Thechosenoonee" type="2" discard="1" dealt="1" sum="20"/>
</round>
<round no="1"><cards type="Pocket" player="Tiuualex">X X</cards>
<cards type="Pocket" player="Thechosenoonee">X X</cards>
<cards type="Pocket" player="Rakki">CJ S4</cards>
<action no="3" player="Rakki" type="0" sum="0"/>
<action no="4" player="Tiuualex" type="23" discard="1" dealt="1" sum="50"/>
<action no="5" player="Thechosenoonee" type="23" discard="1" dealt="1" sum="555"/>
<action no="6" player="Tiuualex" type="0" discard="1" dealt="1" sum="0"/>
</round>
</game>
<game gamecode="6457264308"><general><startdate>2025-08-19 16:06:45</startdate>
<round>1</round>
<failsafecounter/>
<players><player seat="6" name="Rakki" chips="570" dealer="0" win="0" bet="35" muck="1" rebuy="0" addon="0" merge="0" rebuychips="0" reg_code="5054493788"/>
<player seat="10" name="Tiuualex" chips="325" dealer="1" win="0" bet="325" muck="0" rebuy="0" addon="0" merge="0" rebuychips="0" reg_code="5054494057"/>
<player seat="3" name="Thechosenoonee" chips="605" dealer="0" win="685" bet="605" muck="0" rebuy="0" addon="0" merge="0" rebuychips="0" reg_code="5054493576"/>
</players>
</general>
<round no="0"><action no="1" player="Thechosenoonee" type="15" discard="1" dealt="1" sum="5"/>
<action no="2" player="Rakki" type="15" sum="5"/>
<action no="3" player="Tiuualex" type="15" discard="1" dealt="1" sum="5"/>
<action no="4" player="Thechosenoonee" type="1" discard="1" dealt="1" sum="15"/>
<action no="5" player="Rakki" type="2" sum="30"/>
</round>
<round no="1"><cards type="Pocket" player="Tiuualex">SA H5</cards>
<cards type="Pocket" player="Thechosenoonee">HQ CQ</cards>
<cards type="Pocket" player="Rakki">H9 C6</cards>
<action no="6" player="Tiuualex" type="23" discard="1" dealt="1" sum="320"/>
<action no="7" player="Thechosenoonee" type="7" discard="1" dealt="1" sum="585"/>
<action no="8" player="Rakki" type="0" sum="0"/>
</round>
<round no="2"><cards type="Flop">D5 HJ D9</cards>
</round>
<round no="3"><cards type="Turn">S2</cards>
</round>
<round no="4"><cards type="River">H8</cards>
</round>
</game>
<game gamecode="6457271203"><general><startdate>2025-08-19 16:07:09</startdate>
<round>1</round>
<failsafecounter/>
<players><player seat="6" name="Rakki" chips="535" dealer="0" win="0" bet="95" muck="1" rebuy="0" addon="0" merge="0" rebuychips="0" reg_code="5054493788"/>
<player seat="3" name="Thechosenoonee" chips="965" dealer="1" win="190" bet="237" muck="1" rebuy="0" addon="0" merge="0" rebuychips="0" reg_code="5054493576"/>
</players>
</general>
<round no="0"><action no="1" player="Thechosenoonee" type="15" discard="1" dealt="1" sum="5"/>
<action no="2" player="Rakki" type="15" sum="5"/>
<action no="3" player="Thechosenoonee" type="1" discard="1" dealt="1" sum="15"/>
<action no="4" player="Rakki" type="2" sum="30"/>
</round>
<round no="1"><cards type="Pocket" player="Thechosenoonee">X X</cards>
<cards type="Pocket" player="Rakki">S2 SA</cards>
<action no="5" player="Thechosenoonee" type="23" discard="1" dealt="1" sum="60"/>
<action no="6" player="Rakki" type="3" sum="30"/>
</round>
<round no="2"><cards type="Flop">H2 CJ S3</cards>
<action no="7" player="Rakki" type="4" sum="0"/>
<action no="8" player="Thechosenoonee" type="5" discard="1" dealt="1" sum="30"/>
<action no="9" player="Rakki" type="3" sum="30"/>
</round>
<round no="3"><cards type="Turn">HQ</cards>
<action no="10" player="Rakki" type="4" sum="0"/>
<action no="11" player="Thechosenoonee" type="5" discard="1" dealt="1" sum="142"/>
<action no="12" player="Rakki" type="0" sum="0"/>
</round>
</game>
<game gamecode="6457271289"><general><startdate>2025-08-19 16:07:45</startdate>
<round>1</round>
<failsafecounter/>
<players><player seat="3" name="Thechosenoonee" chips="1,060" dealer="0" win="40" bet="35" muck="1" rebuy="0" addon="0" merge="0" rebuychips="0" reg_code="5054493576"/>
<player seat="6" name="Rakki" chips="440" dealer="1" win="0" bet="20" muck="1" rebuy="0" addon="0" merge="0" rebuychips="0" reg_code="5054493788"/>
</players>
</general>
<round no="0"><action no="1" player="Rakki" type="15" sum="5"/>
<action no="2" player="Thechosenoonee" type="15" discard="1" dealt="1" sum="5"/>
<action no="3" player="Rakki" type="1" sum="15"/>
<action no="4" player="Thechosenoonee" type="2" discard="1" dealt="1" sum="30"/>
</round>
<round no="1"><cards type="Pocket" player="Thechosenoonee">X X</cards>
<cards type="Pocket" player="Rakki">S2 D7</cards>
<action no="5" player="Rakki" type="0" sum="0"/>
</round>
</game>
<game gamecode="6457271296"><general><startdate>2025-08-19 16:07:50</startdate>
<round>1</round>
<failsafecounter/>
<players><player seat="6" name="Rakki" chips="420" dealer="0" win="0" bet="112" muck="0" rebuy="0" addon="0" merge="0" rebuychips="0" reg_code="5054493788"/>
<player seat="3" name="Thechosenoonee" chips="1,080" dealer="1" win="224" bet="112" muck="0" rebuy="0" addon="0" merge="0" rebuychips="0" reg_code="5054493576"/>
</players>
</general>
<round no="0"><action no="1" player="Thechosenoonee" type="15" discard="1" dealt="1" sum="5"/>
<action no="2" player="Rakki" type="15" sum="5"/>
<action no="3" player="Thechosenoonee" type="1" discard="1" dealt="1" sum="15"/>
<action no="4" player="Rakki" type="2" sum="30"/>
</round>
<round no="1"><cards type="Pocket" player="Rakki">H5 S6</cards>
<cards type="Pocket" player="Thechosenoonee">D9 H9</cards>
<action no="5" player="Thechosenoonee" type="23" discard="1" dealt="1" sum="60"/>
<action no="6" player="Rakki" type="3" sum="30"/>
</round>
<round no="2"><cards type="Flop">D6 HJ H2</cards>
<action no="7" player="Rakki" type="4" sum="0"/>
<action no="8" player="Thechosenoonee" type="4" discard="1" dealt="1" sum="0"/>
</round>
<round no="3"><cards type="Turn">CQ</cards>
<action no="9" player="Rakki" type="4" sum="0"/>
<action no="10" player="Thechosenoonee" type="4" discard="1" dealt="1" sum="0"/>
</round>
<round no="4"><cards type="River">H4</cards>
<action no="11" player="Rakki" type="5" sum="47"/>
<action no="12" player="Thechosenoonee" type="3" discard="1" dealt="1" sum="47"/>
</round>
</game>
<game gamecode="6457271377"><general><startdate>2025-08-19 16:08:25</startdate>
<round>1</round>
<failsafecounter/>
<players><player seat="3" name="Thechosenoonee" chips="1,192" dealer="0" win="0" bet="35" muck="1" rebuy="0" addon="0" merge="0" rebuychips="0" reg_code="5054493576"/>
<player seat="6" name="Rakki" chips="308" dealer="1" win="70" bet="65" muck="1" rebuy="0" addon="0" merge="0" rebuychips="0" reg_code="5054493788"/>
</players>
</general>
<round no="0"><action no="1" player="Rakki" type="15" sum="5"/>
<action no="2" player="Thechosenoonee" type="15" discard="1" dealt="1" sum="5"/>
<action no="3" player="Rakki" type="1" sum="15"/>
<action no="4" player="Thechosenoonee" type="2" discard="1" dealt="1" sum="30"/>
</round>
<round no="1"><cards type="Pocket" player="Thechosenoonee">X X</cards>
<cards type="Pocket" player="Rakki">C8 S3</cards>
<action no="5" player="Rakki" type="3" sum="15"/>
<action no="6" player="Thechosenoonee" type="4" discard="1" dealt="1" sum="0"/>
</round>
<round no="2"><cards type="Flop">DK CJ C5</cards>
<action no="7" player="Thechosenoonee" type="4" discard="1" dealt="1" sum="0"/>
<action no="8" player="Rakki" type="5" sum="30"/>
<action no="9" player="Thechosenoonee" type="0" discard="1" dealt="1" sum="0"/>
</round>
</game>
<game gamecode="6457271425"><general><startdate>2025-08-19 16:08:48</startdate>
<round>1</round>
<failsafecounter/>
<players><player seat="6" name="Rakki" chips="343" dealer="0" win="0" bet="85" muck="1" rebuy="0" addon="0" merge="0" rebuychips="0" reg_code="5054493788"/>
<player seat="3" name="Thechosenoonee" chips="1,157" dealer="1" win="170" bet="85" muck="0" rebuy="0" addon="0" merge="0" rebuychips="0" reg_code="5054493576"/>
</players>
</general>
<round no="0"><action no="1" player="Thechosenoonee" type="15" discard="1" dealt="1" sum="5"/>
<action no="2" player="Rakki" type="15" sum="5"/>
<action no="3" player="Thechosenoonee" type="1" discard="1" dealt="1" sum="20"/>
<action no="4" player="Rakki" type="2" sum="40"/>
</round>
<round no="1"><cards type="Pocket" player="Thechosenoonee">S9 C9</cards>
<cards type="Pocket" player="Rakki">C8 C4</cards>
<action no="5" player="Thechosenoonee" type="3" discard="1" dealt="1" sum="20"/>
<action no="6" player="Rakki" type="4" sum="0"/>
</round>
<round no="2"><cards type="Flop">C10 H8 S2</cards>
<action no="7" player="Rakki" type="4" sum="0"/>
<action no="8" player="Thechosenoonee" type="4" discard="1" dealt="1" sum="0"/>
</round>
<round no="3"><cards type="Turn">DJ</cards>
<action no="9" player="Rakki" type="4" sum="0"/>
<action no="10" player="Thechosenoonee" type="4" discard="1" dealt="1" sum="0"/>
</round>
<round no="4"><cards type="River">SK</cards>
<action no="11" player="Rakki" type="4" sum="0"/>
<action no="12" player="Thechosenoonee" type="5" discard="1" dealt="1" sum="40"/>
<action no="13" player="Rakki" type="3" sum="40"/>
</round>
</game>
<game gamecode="6457271497"><general><startdate>2025-08-19 16:09:19</startdate>
<round>1</round>
<failsafecounter/>
<players><player seat="3" name="Thechosenoonee" chips="1,242" dealer="0" win="50" bet="45" muck="1" rebuy="0" addon="0" merge="0" rebuychips="0" reg_code="5054493576"/>
<player seat="6" name="Rakki" chips="258" dealer="1" win="0" bet="25" muck="1" rebuy="0" addon="0" merge="0" rebuychips="0" reg_code="5054493788"/>
</players>
</general>
<round no="0"><action no="1" player="Rakki" type="15" sum="5"/>
<action no="2" player="Thechosenoonee" type="15" discard="1" dealt="1" sum="5"/>
<action no="3" player="Rakki" type="1" sum="20"/>
<action no="4" player="Thechosenoonee" type="2" discard="1" dealt="1" sum="40"/>
</round>
<round no="1"><cards type="Pocket" player="Thechosenoonee">X X</cards>
<cards type="Pocket" player="Rakki">H3 C2</cards>
<action no="5" player="Rakki" type="0" sum="0"/>
</round>
</game>
<game gamecode="6457271510"><general><startdate>2025-08-19 16:09:24</startdate>
<round>1</round>
<failsafecounter/>
<players><player seat="6" name="Rakki" chips="233" dealer="0" win="50" bet="45" muck="1" rebuy="0" addon="0" merge="0" rebuychips="0" reg_code="5054493788"/>
<player seat="3" name="Thechosenoonee" chips="1,267" dealer="1" win="0" bet="25" muck="1" rebuy="0" addon="0" merge="0" rebuychips="0" reg_code="5054493576"/>
</players>
</general>
<round no="0"><action no="1" player="Thechosenoonee" type="15" discard="1" dealt="1" sum="5"/>
<action no="2" player="Rakki" type="15" sum="5"/>
<action no="3" player="Thechosenoonee" type="1" discard="1" dealt="1" sum="20"/>
<action no="4" player="Rakki" type="2" sum="40"/>
</round>
<round no="1"><cards type="Pocket" player="Rakki">HQ C7</cards>
<cards type="Pocket" player="Thechosenoonee">X X</cards>
<action no="5" player="Thechosenoonee" type="0" discard="1" dealt="1" sum="0"/>
</round>
</game>
<game gamecode="6457271522"><general><startdate>2025-08-19 16:09:30</startdate>
<round>1</round>
<failsafecounter/>
<players><player seat="3" name="Thechosenoonee" chips="1,242" dealer="0" win="50" bet="45" muck="1" rebuy="0" addon="0" merge="0" rebuychips="0" reg_code="5054493576"/>
<player seat="6" name="Rakki" chips="258" dealer="1" win="0" bet="25" muck="1" rebuy="0" addon="0" merge="0" rebuychips="0" reg_code="5054493788"/>
</players>
</general>
<round no="0"><action no="1" player="Rakki" type="15" sum="5"/>
<action no="2" player="Thechosenoonee" type="15" discard="1" dealt="1" sum="5"/>
<action no="3" player="Rakki" type="1" sum="20"/>
<action no="4" player="Thechosenoonee" type="2" discard="1" dealt="1" sum="40"/>
</round>
<round no="1"><cards type="Pocket" player="Thechosenoonee">X X</cards>
<cards type="Pocket" player="Rakki">S8 D4</cards>
<action no="5" player="Rakki" type="0" sum="0"/>
</round>
</game>
<game gamecode="6457271533"><general><startdate>2025-08-19 16:09:35</startdate>
<round>1</round>
<failsafecounter/>
<players><player seat="6" name="Rakki" chips="233" dealer="0" win="0" bet="45" muck="1" rebuy="0" addon="0" merge="0" rebuychips="0" reg_code="5054493788"/>
<player seat="3" name="Thechosenoonee" chips="1,267" dealer="1" win="90" bet="1,267" muck="1" rebuy="0" addon="0" merge="0" rebuychips="0" reg_code="5054493576"/>
</players>
</general>
<round no="0"><action no="1" player="Thechosenoonee" type="15" discard="1" dealt="1" sum="5"/>
<action no="2" player="Rakki" type="15" sum="5"/>
<action no="3" player="Thechosenoonee" type="1" discard="1" dealt="1" sum="20"/>
<action no="4" player="Rakki" type="2" sum="40"/>
</round>
<round no="1"><cards type="Pocket" player="Thechosenoonee">X X</cards>
<cards type="Pocket" player="Rakki">C4 DJ</cards>
<action no="5" player="Thechosenoonee" type="23" discard="1" dealt="1" sum="1,262"/>
<action no="6" player="Rakki" type="0" sum="0"/>
</round>
</game>
<game gamecode="6457271548"><general><startdate>2025-08-19 16:09:41</startdate>
<round>1</round>
<failsafecounter/>
<players><player seat="3" name="Thechosenoonee" chips="1,312" dealer="0" win="0" bet="188" muck="1" rebuy="0" addon="0" merge="0" rebuychips="0" reg_code="5054493576"/>
<player seat="6" name="Rakki" chips="188" dealer="1" win="376" bet="188" muck="0" rebuy="0" addon="0" merge="0" rebuychips="0" reg_code="5054493788"/>
</players>
</general>
<round no="0"><action no="1" player="Rakki" type="15" sum="5"/>
<action no="2" player="Thechosenoonee" type="15" discard="1" dealt="1" sum="5"/>
<action no="3" player="Rakki" type="1" sum="20"/>
<action no="4" player="Thechosenoonee" type="2" discard="1" dealt="1" sum="40"/>
</round>
<round no="1"><cards type="Pocket" player="Rakki">S10 SJ</cards>
<cards type="Pocket" player="Thechosenoonee">H6 DJ</cards>
<action no="5" player="Rakki" type="23" sum="183"/>
<action no="6" player="Thechosenoonee" type="3" discard="1" dealt="1" sum="143"/>
</round>
<round no="2"><cards type="Flop">HK S7 C9</cards>
</round>
<round no="3"><cards type="Turn">S3</cards>
</round>
<round no="4"><cards type="River">CK</cards>
</round>
</game>
<game gamecode="6457271575"><general><startdate>2025-08-19 16:09:56</startdate>
<round>1</round>
<failsafecounter/>
<players><player seat="6" name="Rakki" chips="376" dealer="0" win="170" bet="125" muck="1" rebuy="0" addon="0" merge="0" rebuychips="0" reg_code="5054493788"/>
<player seat="3" name="Thechosenoonee" chips="1,124" dealer="1" win="0" bet="85" muck="1" rebuy="0" addon="0" merge="0" rebuychips="0" reg_code="5054493576"/>
</players>
</general>
<round no="0"><action no="1" player="Thechosenoonee" type="15" discard="1" dealt="1" sum="5"/>
<action no="2" player="Rakki" type="15" sum="5"/>
<action no="3" player="Thechosenoonee" type="1" discard="1" dealt="1" sum="20"/>
<action no="4" player="Rakki" type="2" sum="40"/>
</round>
<round no="1"><cards type="Pocket" player="Rakki">H5 H10</cards>
<cards type="Pocket" player="Thechosenoonee">X X</cards>
<action no="5" player="Thechosenoonee" type="3" discard="1" dealt="1" sum="20"/>
<action no="6" player="Rakki" type="4" sum="0"/>
</round>
<round no="2"><cards type="Flop">D10 CK H2</cards>
<action no="7" player="Rakki" type="4" sum="0"/>
<action no="8" player="Thechosenoonee" type="5" discard="1" dealt="1" sum="40"/>
<action no="9" player="Rakki" type="23" sum="80"/>
<action no="10" player="Thechosenoonee" type="0" discard="1" dealt="1" sum="0"/>
</round>
</game>
<game gamecode="6457271617"><general><startdate>2025-08-19 16:10:14</startdate>
<round>1</round>
<failsafecounter/>
<players><player seat="3" name="Thechosenoonee" chips="1,039" dealer="0" win="250" bet="207" muck="1" rebuy="0" addon="0" merge="0" rebuychips="0" reg_code="5054493576"/>
<player seat="6" name="Rakki" chips="461" dealer="1" win="0" bet="125" muck="1" rebuy="0" addon="0" merge="0" rebuychips="0" reg_code="5054493788"/>
</players>
</general>
<round no="0"><action no="1" player="Rakki" type="15" sum="5"/>
<action no="2" player="Thechosenoonee" type="15" discard="1" dealt="1" sum="5"/>
<action no="3" player="Rakki" type="1" sum="20"/>
<action no="4" player="Thechosenoonee" type="2" discard="1" dealt="1" sum="40"/>
</round>
<round no="1"><cards type="Pocket" player="Thechosenoonee">X X</cards>
<cards type="Pocket" player="Rakki">D6 D9</cards>
<action no="5" player="Rakki" type="3" sum="20"/>
<action no="6" player="Thechosenoonee" type="23" discard="1" dealt="1" sum="120"/>
<action no="7" player="Rakki" type="3" sum="80"/>
</round>
<round no="2"><cards type="Flop">C2 S8 DA</cards>
<action no="8" player="Thechosenoonee" type="5" discard="1" dealt="1" sum="82"/>
<action no="9" player="Rakki" type="0" sum="0"/>
</round>
</game>
<game gamecode="6457271657"><general><startdate>2025-08-19 16:10:33</startdate>
<round>1</round>
<failsafecounter/>
<players><player seat="6" name="Rakki" chips="336" dealer="0" win="70" bet="65" muck="1" rebuy="0" addon="0" merge="0" rebuychips="0" reg_code="5054493788"/>
<player seat="3" name="Thechosenoonee" chips="1,164" dealer="1" win="0" bet="35" muck="1" rebuy="0" addon="0" merge="0" rebuychips="0" reg_code="5054493576"/>
</players>
</general>
<round no="0"><action no="1" player="Thechosenoonee" type="15" discard="1" dealt="1" sum="5"/>
<action no="2" player="Rakki" type="15" sum="5"/>
<action no="3" player="Thechosenoonee" type="1" discard="1" dealt="1" sum="30"/>
<action no="4" player="Rakki" type="2" sum="60"/>
</round>
<round no="1"><cards type="Pocket" player="Rakki">S6 DQ</cards>
<cards type="Pocket" player="Thechosenoonee">X X</cards>
<action no="5" player="Thechosenoonee" type="0" discard="1" dealt="1" sum="0"/>
</round>
</game>
<game gamecode="6457271671"><general><startdate>2025-08-19 16:10:39</startdate>
<round>1</round>
<failsafecounter/>
<players><player seat="3" name="Thechosenoonee" chips="1,129" dealer="0" win="0" bet="65" muck="1" rebuy="0" addon="0" merge="0" rebuychips="0" reg_code="5054493576"/>
<player seat="6" name="Rakki" chips="371" dealer="1" win="130" bet="371" muck="1" rebuy="0" addon="0" merge="0" rebuychips="0" reg_code="5054493788"/>
</players>
</general>
<round no="0"><action no="1" player="Rakki" type="15" sum="5"/>
<action no="2" player="Thechosenoonee" type="15" discard="1" dealt="1" sum="5"/>
<action no="3" player="Rakki" type="1" sum="30"/>
<action no="4" player="Thechosenoonee" type="2" discard="1" dealt="1" sum="60"/>
</round>
<round no="1"><cards type="Pocket" player="Thechosenoonee">X X</cards>
<cards type="Pocket" player="Rakki">SK C9</cards>
<action no="5" player="Rakki" type="23" sum="366"/>
<action no="6" player="Thechosenoonee" type="0" discard="1" dealt="1" sum="0"/>
</round>
</game>
<game gamecode="6457271696"><general><startdate>2025-08-19 16:10:49</startdate>
<round>1</round>
<failsafecounter/>
<players><player seat="6" name="Rakki" chips="436" dealer="0" win="0" bet="65" muck="1" rebuy="0" addon="0" merge="0" rebuychips="0" reg_code="5054493788"/>
<player seat="3" name="Thechosenoonee" chips="1,064" dealer="1" win="130" bet="1,064" muck="1" rebuy="0" addon="0" merge="0" rebuychips="0" reg_code="5054493576"/>
</players>
</general>
<round no="0"><action no="1" player="Thechosenoonee" type="15" discard="1" dealt="1" sum="5"/>
<action no="2" player="Rakki" type="15" sum="5"/>
<action no="3" player="Thechosenoonee" type="1" discard="1" dealt="1" sum="30"/>
<action no="4" player="Rakki" type="2" sum="60"/>
</round>
<round no="1"><cards type="Pocket" player="Thechosenoonee">X X</cards>
<cards type="Pocket" player="Rakki">HJ C6</cards>
<action no="5" player="Thechosenoonee" type="23" discard="1" dealt="1" sum="1,059"/>
<action no="6" player="Rakki" type="0" sum="0"/>
</round>
</game>
<game gamecode="6457271715"><general><startdate>2025-08-19 16:10:56</startdate>
<round>1</round>
<failsafecounter/>
<players><player seat="3" name="Thechosenoonee" chips="1,129" dealer="0" win="742" bet="371" muck="0" rebuy="0" addon="0" merge="0" rebuychips="0" reg_code="5054493576"/>
<player seat="6" name="Rakki" chips="371" dealer="1" win="0" bet="371" muck="0" rebuy="0" addon="0" merge="0" rebuychips="0" reg_code="5054493788"/>
</players>
</general>
<round no="0"><action no="1" player="Rakki" type="15" sum="5"/>
<action no="2" player="Thechosenoonee" type="15" discard="1" dealt="1" sum="5"/>
<action no="3" player="Rakki" type="1" sum="30"/>
<action no="4" player="Thechosenoonee" type="2" discard="1" dealt="1" sum="60"/>
</round>
<round no="1"><cards type="Pocket" player="Thechosenoonee">D6 SQ</cards>
<cards type="Pocket" player="Rakki">H8 CQ</cards>
<action no="5" player="Rakki" type="23" sum="366"/>
<action no="6" player="Thechosenoonee" type="3" discard="1" dealt="1" sum="306"/>
</round>
<round no="2"><cards type="Flop">H2 C5 D9</cards>
</round>
<round no="3"><cards type="Turn">D5</cards>
</round>
<round no="4"><cards type="River">S6</cards>
</round>
</game>
</session>
