<?xml version="1.0" encoding="UTF-8"?>
<session sessioncode="5054497280">
<general>
<client_version>25.1.1.16</client_version>
<mode>real</mode>
<gametype>Holdem NL</gametype>
<tablename>Twister €100 SNG, 816089329</tablename>
<tournamentcode>816089327</tournamentcode>
<tournamentname>Twister €100 SNG</tournamentname>
<buyin>€0 + €7 + €93</buyin>
<totalbuyin>€100</totalbuyin>
<rewarddrawn>€200</rewarddrawn>
<tournamentcurrency>EUR</tournamentcurrency>
<currency>EUR</currency>
<nickname>Rakki</nickname>
<gamecount>7</gamecount>
<startdate>2025-08-19 16:16:43</startdate>
<place>1</place>
<win>€200</win>
<tablesize>3</tablesize>
</general>
<game gamecode="6457278774"><general><startdate>2025-08-19 16:16:58</startdate>
<round>1</round>
<failsafecounter/>
<players><player seat="6" name="Rakki" chips="500" dealer="0" win="0" bet="20" muck="1" rebuy="0" addon="0" merge="0" rebuychips="0" reg_code="5054497280"/>
<player seat="10" name="Tiuualex" chips="500" dealer="1" win="0" bet="40" muck="1" rebuy="0" addon="0" merge="0" rebuychips="0" reg_code="5054497434"/>
<player seat="3" name="diabloroma70" chips="500" dealer="0" win="100" bet="500" muck="1" rebuy="0" addon="0" merge="0" rebuychips="0" reg_code="5054497087"/>
</players>
</general>
<round no="0"><action no="1" player="diabloroma70" type="1" discard="1" dealt="1" sum="10"/>
<action no="2" player="Rakki" type="2" sum="20"/>
</round>
<round no="1"><cards type="Pocket" player="Tiuualex">X X</cards>
<cards type="Pocket" player="Rakki">H4 DJ</cards>
<cards type="Pocket" player="diabloroma70">X X</cards>
<action no="3" player="Tiuualex" type="23" discard="1" dealt="1" sum="40"/>
<action no="4" player="diabloroma70" type="23" discard="1" dealt="1" sum="500"/>
<action no="5" player="Rakki" type="0" sum="0"/>
<action no="6" player="Tiuualex" type="0" discard="1" dealt="1" sum="0"/>
</round>
</game>
<game gamecode="6457278798"><general><startdate>2025-08-19 16:17:13</startdate>
<round>1</round>
<failsafecounter/>
<players><player seat="10" name="Tiuualex" chips="460" dealer="0" win="0" bet="460" muck="0" rebuy="0" addon="0" merge="0" rebuychips="0" reg_code="5054497434"/>
<player seat="3" name="diabloroma70" chips="560" dealer="1" win="930" bet="560" muck="0" rebuy="0" addon="0" merge="0" rebuychips="0" reg_code="5054497087"/>
<player seat="6" name="Rakki" chips="480" dealer="0" win="0" bet="10" muck="1" rebuy="0" addon="0" merge="0" rebuychips="0" reg_code="5054497280"/>
</players>
</general>
<round no="0"><action no="1" player="Rakki" type="1" sum="10"/>
<action no="2" player="Tiuualex" type="2" discard="1" dealt="1" sum="20"/>
</round>
<round no="1"><cards type="Pocket" player="Tiuualex">HK H10</cards>
<cards type="Pocket" player="Rakki">S10 D4</cards>
<cards type="Pocket" player="diabloroma70">HQ DK</cards>
<action no="3" player="diabloroma70" type="23" discard="1" dealt="1" sum="40"/>
<action no="4" player="Rakki" type="0" sum="0"/>
<action no="5" player="Tiuualex" type="3" discard="1" dealt="1" sum="20"/>
</round>
<round no="2"><cards type="Flop">D5 C3 SK</cards>
<action no="6" player="Tiuualex" type="4" discard="1" dealt="1" sum="0"/>
<action no="7" player="diabloroma70" type="5" discard="1" dealt="1" sum="45"/>
<action no="8" player="Tiuualex" type="3" discard="1" dealt="1" sum="45"/>
</round>
<round no="3"><cards type="Turn">H4</cards>
<action no="9" player="Tiuualex" type="5" discard="1" dealt="1" sum="72"/>
<action no="10" player="diabloroma70" type="23" discard="1" dealt="1" sum="475"/>
<action no="11" player="Tiuualex" type="7" discard="1" dealt="1" sum="303"/>
</round>
<round no="4"><cards type="River">S4</cards>
</round>
</game>
<game gamecode="6457278920"><general><startdate>2025-08-19 16:18:23</startdate>
<round>1</round>
<failsafecounter/>
<players><player seat="3" name="diabloroma70" chips="1,030" dealer="0" win="0" bet="280" muck="1" rebuy="0" addon="0" merge="0" rebuychips="0" reg_code="5054497087"/>
<player seat="6" name="Rakki" chips="470" dealer="1" win="560" bet="280" muck="0" rebuy="0" addon="0" merge="0" rebuychips="0" reg_code="5054497280"/>
</players>
</general>
<round no="0"><action no="1" player="Rakki" type="1" sum="10"/>
<action no="2" player="diabloroma70" type="2" discard="1" dealt="1" sum="20"/>
</round>
<round no="1"><cards type="Pocket" player="Rakki">HJ CA</cards>
<cards type="Pocket" player="diabloroma70">S6 SQ</cards>
<action no="3" player="Rakki" type="23" sum="40"/>
<action no="4" player="diabloroma70" type="3" discard="1" dealt="1" sum="20"/>
</round>
<round no="2"><cards type="Flop">H7 HA HQ</cards>
<action no="5" player="diabloroma70" type="4" discard="1" dealt="1" sum="0"/>
<action no="6" player="Rakki" type="5" sum="20"/>
<action no="7" player="diabloroma70" type="3" discard="1" dealt="1" sum="20"/>
</round>
<round no="3"><cards type="Turn">D7</cards>
<action no="8" player="diabloroma70" type="4" discard="1" dealt="1" sum="0"/>
<action no="9" player="Rakki" type="5" sum="80"/>
<action no="10" player="diabloroma70" type="3" discard="1" dealt="1" sum="80"/>
</round>
<round no="4"><cards type="River">D8</cards>
<action no="11" player="diabloroma70" type="4" discard="1" dealt="1" sum="0"/>
<action no="12" player="Rakki" type="5" sum="140"/>
<action no="13" player="diabloroma70" type="3" discard="1" dealt="1" sum="140"/>
</round>
</game>
<game gamecode="6457278979"><general><startdate>2025-08-19 16:18:57</startdate>
<round>1</round>
<failsafecounter/>
<players><player seat="6" name="Rakki" chips="750" dealer="0" win="0" bet="35" muck="1" rebuy="0" addon="0" merge="0" rebuychips="0" reg_code="5054497280"/>
<player seat="3" name="diabloroma70" chips="750" dealer="1" win="70" bet="65" muck="1" rebuy="0" addon="0" merge="0" rebuychips="0" reg_code="5054497087"/>
</players>
</general>
<round no="0"><action no="1" player="diabloroma70" type="15" discard="1" dealt="1" sum="5"/>
<action no="2" player="Rakki" type="15" sum="5"/>
<action no="3" player="diabloroma70" type="1" discard="1" dealt="1" sum="15"/>
<action no="4" player="Rakki" type="2" sum="30"/>
</round>
<round no="1"><cards type="Pocket" player="diabloroma70">X X</cards>
<cards type="Pocket" player="Rakki">H8 C2</cards>
<action no="5" player="diabloroma70" type="23" discard="1" dealt="1" sum="60"/>
<action no="6" player="Rakki" type="0" sum="0"/>
</round>
</game>
<game gamecode="6457279000"><general><startdate>2025-08-19 16:19:07</startdate>
<round>1</round>
<failsafecounter/>
<players><player seat="3" name="diabloroma70" chips="785" dealer="0" win="0" bet="785" muck="0" rebuy="0" addon="0" merge="0" rebuychips="0" reg_code="5054497087"/>
<player seat="6" name="Rakki" chips="715" dealer="1" win="1,430" bet="715" muck="0" rebuy="0" addon="0" merge="0" rebuychips="0" reg_code="5054497280"/>
</players>
</general>
<round no="0"><action no="1" player="Rakki" type="15" sum="5"/>
<action no="2" player="diabloroma70" type="15" discard="1" dealt="1" sum="5"/>
<action no="3" player="Rakki" type="1" sum="15"/>
<action no="4" player="diabloroma70" type="2" discard="1" dealt="1" sum="30"/>
</round>
<round no="1"><cards type="Pocket" player="diabloroma70">H6 CA</cards>
<cards type="Pocket" player="Rakki">S3 SA</cards>
<action no="5" player="Rakki" type="23" sum="60"/>
<action no="6" player="diabloroma70" type="3" discard="1" dealt="1" sum="30"/>
</round>
<round no="2"><cards type="Flop">C2 H9 D3</cards>
<action no="7" player="diabloroma70" type="4" discard="1" dealt="1" sum="0"/>
<action no="8" player="Rakki" type="5" sum="60"/>
<action no="9" player="diabloroma70" type="23" discard="1" dealt="1" sum="155"/>
<action no="10" player="Rakki" type="3" sum="95"/>
</round>
<round no="3"><cards type="Turn">HA</cards>
<action no="11" player="diabloroma70" type="4" discard="1" dealt="1" sum="0"/>
<action no="12" player="Rakki" type="5" sum="180"/>
<action no="13" player="diabloroma70" type="23" discard="1" dealt="1" sum="565"/>
<action no="14" player="Rakki" type="7" sum="315"/>
</round>
<round no="4"><cards type="River">C8</cards>
</round>
</game>
<game gamecode="6457279069"><general><startdate>2025-08-19 16:19:39</startdate>
<round>1</round>
<failsafecounter/>
<players><player seat="6" name="Rakki" chips="1,430" dealer="0" win="0" bet="70" muck="1" rebuy="0" addon="0" merge="0" rebuychips="0" reg_code="5054497280"/>
<player seat="3" name="diabloroma70" chips="70" dealer="1" win="140" bet="70" muck="0" rebuy="0" addon="0" merge="0" rebuychips="0" reg_code="5054497087"/>
</players>
</general>
<round no="0"><action no="1" player="diabloroma70" type="15" discard="1" dealt="1" sum="5"/>
<action no="2" player="Rakki" type="15" sum="5"/>
<action no="3" player="diabloroma70" type="1" discard="1" dealt="1" sum="15"/>
<action no="4" player="Rakki" type="2" sum="30"/>
</round>
<round no="1"><cards type="Pocket" player="Rakki">C9 S2</cards>
<cards type="Pocket" player="diabloroma70">D2 HQ</cards>
<action no="5" player="diabloroma70" type="23" discard="1" dealt="1" sum="65"/>
<action no="6" player="Rakki" type="3" sum="35"/>
</round>
<round no="2"><cards type="Flop">H4 D7 SA</cards>
</round>
<round no="3"><cards type="Turn">C2</cards>
</round>
<round no="4"><cards type="River">DQ</cards>
</round>
</game>
<game gamecode="6457279104"><general><startdate>2025-08-19 16:19:57</startdate>
<round>1</round>
<failsafecounter/>
<players><player seat="3" name="diabloroma70" chips="140" dealer="0" win="0" bet="140" muck="0" rebuy="0" addon="0" merge="0" rebuychips="0" reg_code="5054497087"/>
<player seat="6" name="Rakki" chips="1,360" dealer="1" win="280" bet="1,360" muck="0" rebuy="0" addon="0" merge="0" rebuychips="0" reg_code="5054497280"/>
</players>
</general>
<round no="0"><action no="1" player="Rakki" type="15" sum="5"/>
<action no="2" player="diabloroma70" type="15" discard="1" dealt="1" sum="5"/>
<action no="3" player="Rakki" type="1" sum="15"/>
<action no="4" player="diabloroma70" type="2" discard="1" dealt="1" sum="30"/>
</round>
<round no="1"><cards type="Pocket" player="diabloroma70">S2 HK</cards>
<cards type="Pocket" player="Rakki">DJ C3</cards>
<action no="5" player="Rakki" type="23" sum="1,355"/>
<action no="6" player="diabloroma70" type="7" discard="1" dealt="1" sum="105"/>
</round>
<round no="2"><cards type="Flop">S5 S6 C5</cards>
</round>
<round no="3"><cards type="Turn">S8</cards>
</round>
<round no="4"><cards type="River">D3</cards>
</round>
</game>
</session>
