<?xml version="1.0" encoding="UTF-8"?>
<session sessioncode="5054836294">
<general>
<client_version>25.1.1.16</client_version>
<mode>real</mode>
<gametype>Holdem NL</gametype>
<tablename>Twister €100 SNG, 816187338</tablename>
<tournamentcode>816187337</tournamentcode>
<tournamentname>Twister €100 SNG</tournamentname>
<buyin>€0 + €7 + €93</buyin>
<totalbuyin>€100</totalbuyin>
<rewarddrawn>€300</rewarddrawn>
<tournamentcurrency>EUR</tournamentcurrency>
<currency>EUR</currency>
<nickname>Rakki</nickname>
<gamecount>10</gamecount>
<startdate>2025-08-21 01:11:20</startdate>
<place>2</place>
<win>€0</win>
<tablesize>3</tablesize>
</general>
<game gamecode="6458608861"><general><startdate>2025-08-21 01:11:36</startdate>
<round>1</round>
<failsafecounter/>
<players><player seat="10" name="Rakki" chips="500" dealer="0" win="0" bet="190" muck="1" rebuy="0" addon="0" merge="0" rebuychips="0" reg_code="5054836294"/>
<player seat="3" name="lusimeo" chips="500" dealer="1" win="0" bet="0" muck="1" rebuy="0" addon="0" merge="0" rebuychips="0" reg_code="5054836129"/>
<player seat="6" name="Zeeria" chips="500" dealer="0" win="380" bet="500" muck="1" rebuy="0" addon="0" merge="0" rebuychips="0" reg_code="5054836170"/>
</players>
</general>
<round no="0"><action no="1" player="Zeeria" type="1" discard="1" dealt="1" sum="10"/>
<action no="2" player="Rakki" type="2" sum="20"/>
</round>
<round no="1"><cards type="Pocket" player="Zeeria">X X</cards>
<cards type="Pocket" player="Rakki">DA D9</cards>
<cards type="Pocket" player="lusimeo">X X</cards>
<action no="3" player="lusimeo" type="0" discard="1" dealt="1" sum="0"/>
<action no="4" player="Zeeria" type="23" discard="1" dealt="1" sum="50"/>
<action no="5" player="Rakki" type="3" sum="30"/>
</round>
<round no="2"><cards type="Flop">CJ S6 H2</cards>
<action no="6" player="Zeeria" type="4" discard="1" dealt="1" sum="0"/>
<action no="7" player="Rakki" type="4" sum="0"/>
</round>
<round no="3"><cards type="Turn">S10</cards>
<action no="8" player="Zeeria" type="4" discard="1" dealt="1" sum="0"/>
<action no="9" player="Rakki" type="4" sum="0"/>
</round>
<round no="4"><cards type="River">DK</cards>
<action no="10" player="Zeeria" type="4" discard="1" dealt="1" sum="0"/>
<action no="11" player="Rakki" type="5" sum="140"/>
<action no="12" player="Zeeria" type="23" discard="1" dealt="1" sum="450"/>
<action no="13" player="Rakki" type="0" sum="0"/>
</round>
</game>
<game gamecode="6458608951"><general><startdate>2025-08-21 01:12:24</startdate>
<round>1</round>
<failsafecounter/>
<players><player seat="3" name="lusimeo" chips="500" dealer="0" win="40" bet="60" muck="1" rebuy="0" addon="0" merge="0" rebuychips="0" reg_code="5054836129"/>
<player seat="6" name="Zeeria" chips="690" dealer="1" win="0" bet="0" muck="1" rebuy="0" addon="0" merge="0" rebuychips="0" reg_code="5054836170"/>
<player seat="10" name="Rakki" chips="310" dealer="0" win="0" bet="20" muck="1" rebuy="0" addon="0" merge="0" rebuychips="0" reg_code="5054836294"/>
</players>
</general>
<round no="0"><action no="1" player="Rakki" type="1" sum="10"/>
<action no="2" player="lusimeo" type="2" discard="1" dealt="1" sum="20"/>
</round>
<round no="1"><cards type="Pocket" player="Zeeria">X X</cards>
<cards type="Pocket" player="lusimeo">X X</cards>
<cards type="Pocket" player="Rakki">H7 C10</cards>
<action no="3" player="Zeeria" type="0" discard="1" dealt="1" sum="0"/>
<action no="4" player="Rakki" type="3" sum="10"/>
<action no="5" player="lusimeo" type="23" discard="1" dealt="1" sum="60"/>
<action no="6" player="Rakki" type="0" sum="0"/>
</round>
</game>
<game gamecode="6458608967"><general><startdate>2025-08-21 01:12:35</startdate>
<round>1</round>
<failsafecounter/>
<players><player seat="6" name="Zeeria" chips="690" dealer="0" win="256" bet="256" muck="1" rebuy="0" addon="0" merge="0" rebuychips="0" reg_code="5054836170"/>
<player seat="10" name="Rakki" chips="290" dealer="1" win="0" bet="0" muck="1" rebuy="0" addon="0" merge="0" rebuychips="0" reg_code="5054836294"/>
<player seat="3" name="lusimeo" chips="520" dealer="0" win="0" bet="128" muck="1" rebuy="0" addon="0" merge="0" rebuychips="0" reg_code="5054836129"/>
</players>
</general>
<round no="0"><action no="1" player="lusimeo" type="1" discard="1" dealt="1" sum="10"/>
<action no="2" player="Zeeria" type="2" discard="1" dealt="1" sum="20"/>
</round>
<round no="1"><cards type="Pocket" player="lusimeo">X X</cards>
<cards type="Pocket" player="Zeeria">X X</cards>
<cards type="Pocket" player="Rakki">SJ S6</cards>
<action no="3" player="Rakki" type="0" sum="0"/>
<action no="4" player="lusimeo" type="3" discard="1" dealt="1" sum="10"/>
<action no="5" player="Zeeria" type="23" discard="1" dealt="1" sum="80"/>
<action no="6" player="lusimeo" type="3" discard="1" dealt="1" sum="60"/>
</round>
<round no="2"><cards type="Flop">C4 HJ D2</cards>
<action no="7" player="lusimeo" type="4" discard="1" dealt="1" sum="0"/>
<action no="8" player="Zeeria" type="5" discard="1" dealt="1" sum="48"/>
<action no="9" player="lusimeo" type="3" discard="1" dealt="1" sum="48"/>
</round>
<round no="3"><cards type="Turn">D4</cards>
<action no="10" player="lusimeo" type="4" discard="1" dealt="1" sum="0"/>
<action no="11" player="Zeeria" type="5" discard="1" dealt="1" sum="128"/>
<action no="12" player="lusimeo" type="0" discard="1" dealt="1" sum="0"/>
</round>
</game>
<game gamecode="6458609027"><general><startdate>2025-08-21 01:13:08</startdate>
<round>1</round>
<failsafecounter/>
<players><player seat="10" name="Rakki" chips="290" dealer="0" win="0" bet="20" muck="1" rebuy="0" addon="0" merge="0" rebuychips="0" reg_code="5054836294"/>
<player seat="3" name="lusimeo" chips="392" dealer="1" win="0" bet="0" muck="1" rebuy="0" addon="0" merge="0" rebuychips="0" reg_code="5054836129"/>
<player seat="6" name="Zeeria" chips="818" dealer="0" win="40" bet="50" muck="1" rebuy="0" addon="0" merge="0" rebuychips="0" reg_code="5054836170"/>
</players>
</general>
<round no="0"><action no="1" player="Zeeria" type="1" discard="1" dealt="1" sum="10"/>
<action no="2" player="Rakki" type="2" sum="20"/>
</round>
<round no="1"><cards type="Pocket" player="Rakki">D8 H2</cards>
<cards type="Pocket" player="lusimeo">X X</cards>
<cards type="Pocket" player="Zeeria">X X</cards>
<action no="3" player="lusimeo" type="0" discard="1" dealt="1" sum="0"/>
<action no="4" player="Zeeria" type="23" discard="1" dealt="1" sum="50"/>
<action no="5" player="Rakki" type="0" sum="0"/>
</round>
</game>
<game gamecode="6458609056"><general><startdate>2025-08-21 01:13:26</startdate>
<round>1</round>
<failsafecounter/>
<players><player seat="3" name="lusimeo" chips="392" dealer="0" win="0" bet="392" muck="0" rebuy="0" addon="0" merge="0" rebuychips="0" reg_code="5054836129"/>
<player seat="6" name="Zeeria" chips="838" dealer="1" win="804" bet="392" muck="0" rebuy="0" addon="0" merge="0" rebuychips="0" reg_code="5054836170"/>
<player seat="10" name="Rakki" chips="270" dealer="0" win="0" bet="20" muck="1" rebuy="0" addon="0" merge="0" rebuychips="0" reg_code="5054836294"/>
</players>
</general>
<round no="0"><action no="1" player="Rakki" type="15" sum="5"/>
<action no="2" player="lusimeo" type="15" discard="1" dealt="1" sum="5"/>
<action no="3" player="Zeeria" type="15" discard="1" dealt="1" sum="5"/>
<action no="4" player="Rakki" type="1" sum="15"/>
<action no="5" player="lusimeo" type="2" discard="1" dealt="1" sum="30"/>
</round>
<round no="1"><cards type="Pocket" player="Zeeria">DK HK</cards>
<cards type="Pocket" player="lusimeo">D6 DQ</cards>
<cards type="Pocket" player="Rakki">D2 S9</cards>
<action no="6" player="Zeeria" type="23" discard="1" dealt="1" sum="60"/>
<action no="7" player="Rakki" type="0" sum="0"/>
<action no="8" player="lusimeo" type="3" discard="1" dealt="1" sum="30"/>
</round>
<round no="2"><cards type="Flop">C5 D5 DJ</cards>
<action no="9" player="lusimeo" type="4" discard="1" dealt="1" sum="0"/>
<action no="10" player="Zeeria" type="5" discard="1" dealt="1" sum="30"/>
<action no="11" player="lusimeo" type="23" discard="1" dealt="1" sum="327"/>
<action no="12" player="Zeeria" type="3" discard="1" dealt="1" sum="297"/>
</round>
<round no="3"><cards type="Turn">C6</cards>
</round>
<round no="4"><cards type="River">C7</cards>
</round>
</game>
<game gamecode="6458609096"><general><startdate>2025-08-21 01:13:46</startdate>
<round>1</round>
<failsafecounter/>
<players><player seat="6" name="Zeeria" chips="1,250" dealer="0" win="40" bet="35" muck="1" rebuy="0" addon="0" merge="0" rebuychips="0" reg_code="5054836170"/>
<player seat="10" name="Rakki" chips="250" dealer="1" win="0" bet="20" muck="1" rebuy="0" addon="0" merge="0" rebuychips="0" reg_code="5054836294"/>
</players>
</general>
<round no="0"><action no="1" player="Rakki" type="15" sum="5"/>
<action no="2" player="Zeeria" type="15" discard="1" dealt="1" sum="5"/>
<action no="3" player="Rakki" type="1" sum="15"/>
<action no="4" player="Zeeria" type="2" discard="1" dealt="1" sum="30"/>
</round>
<round no="1"><cards type="Pocket" player="Rakki">D3 H2</cards>
<cards type="Pocket" player="Zeeria">X X</cards>
<action no="5" player="Rakki" type="0" sum="0"/>
</round>
</game>
<game gamecode="6458609109"><general><startdate>2025-08-21 01:13:52</startdate>
<round>1</round>
<failsafecounter/>
<players><player seat="10" name="Rakki" chips="230" dealer="0" win="0" bet="35" muck="1" rebuy="0" addon="0" merge="0" rebuychips="0" reg_code="5054836294"/>
<player seat="6" name="Zeeria" chips="1,270" dealer="1" win="70" bet="1,270" muck="1" rebuy="0" addon="0" merge="0" rebuychips="0" reg_code="5054836170"/>
</players>
</general>
<round no="0"><action no="1" player="Zeeria" type="15" discard="1" dealt="1" sum="5"/>
<action no="2" player="Rakki" type="15" sum="5"/>
<action no="3" player="Zeeria" type="1" discard="1" dealt="1" sum="15"/>
<action no="4" player="Rakki" type="2" sum="30"/>
</round>
<round no="1"><cards type="Pocket" player="Rakki">CJ H6</cards>
<cards type="Pocket" player="Zeeria">X X</cards>
<action no="5" player="Zeeria" type="23" discard="1" dealt="1" sum="1,265"/>
<action no="6" player="Rakki" type="0" sum="0"/>
</round>
</game>
<game gamecode="6458616908"><general><startdate>2025-08-21 01:14:06</startdate>
<round>1</round>
<failsafecounter/>
<players><player seat="6" name="Zeeria" chips="1,305" dealer="0" win="40" bet="35" muck="1" rebuy="0" addon="0" merge="0" rebuychips="0" reg_code="5054836170"/>
<player seat="10" name="Rakki" chips="195" dealer="1" win="0" bet="20" muck="1" rebuy="0" addon="0" merge="0" rebuychips="0" reg_code="5054836294"/>
</players>
</general>
<round no="0"><action no="1" player="Rakki" type="15" sum="5"/>
<action no="2" player="Zeeria" type="15" discard="1" dealt="1" sum="5"/>
<action no="3" player="Rakki" type="1" sum="15"/>
<action no="4" player="Zeeria" type="2" discard="1" dealt="1" sum="30"/>
</round>
<round no="1"><cards type="Pocket" player="Zeeria">X X</cards>
<cards type="Pocket" player="Rakki">H9 S3</cards>
<action no="5" player="Rakki" type="0" sum="0"/>
</round>
</game>
<game gamecode="6458616925"><general><startdate>2025-08-21 01:14:14</startdate>
<round>1</round>
<failsafecounter/>
<players><player seat="10" name="Rakki" chips="175" dealer="0" win="40" bet="35" muck="1" rebuy="0" addon="0" merge="0" rebuychips="0" reg_code="5054836294"/>
<player seat="6" name="Zeeria" chips="1,325" dealer="1" win="0" bet="20" muck="1" rebuy="0" addon="0" merge="0" rebuychips="0" reg_code="5054836170"/>
</players>
</general>
<round no="0"><action no="1" player="Zeeria" type="15" discard="1" dealt="1" sum="5"/>
<action no="2" player="Rakki" type="15" sum="5"/>
<action no="3" player="Zeeria" type="1" discard="1" dealt="1" sum="15"/>
<action no="4" player="Rakki" type="2" sum="30"/>
</round>
<round no="1"><cards type="Pocket" player="Zeeria">X X</cards>
<cards type="Pocket" player="Rakki">S8 S10</cards>
<action no="5" player="Zeeria" type="0" discard="1" dealt="1" sum="0"/>
</round>
</game>
<game gamecode="6458616947"><general><startdate>2025-08-21 01:14:20</startdate>
<round>1</round>
<failsafecounter/>
<players><player seat="6" name="Zeeria" chips="1,305" dealer="0" win="390" bet="195" muck="0" rebuy="0" addon="0" merge="0" rebuychips="0" reg_code="5054836170"/>
<player seat="10" name="Rakki" chips="195" dealer="1" win="0" bet="195" muck="0" rebuy="0" addon="0" merge="0" rebuychips="0" reg_code="5054836294"/>
</players>
</general>
<round no="0"><action no="1" player="Rakki" type="15" sum="5"/>
<action no="2" player="Zeeria" type="15" discard="1" dealt="1" sum="5"/>
<action no="3" player="Rakki" type="1" sum="15"/>
<action no="4" player="Zeeria" type="2" discard="1" dealt="1" sum="30"/>
</round>
<round no="1"><cards type="Pocket" player="Rakki">D8 DA</cards>
<cards type="Pocket" player="Zeeria">DK S3</cards>
<action no="5" player="Rakki" type="23" sum="190"/>
<action no="6" player="Zeeria" type="3" discard="1" dealt="1" sum="160"/>
</round>
<round no="2"><cards type="Flop">S10 C3 HK</cards>
</round>
<round no="3"><cards type="Turn">CJ</cards>
</round>
<round no="4"><cards type="River">D4</cards>
</round>
</game>
</session>
