<?xml version="1.0" encoding="UTF-8"?>
<session sessioncode="5054965434">
<general>
<client_version>25.1.1.16</client_version>
<mode>real</mode>
<gametype>Holdem NL</gametype>
<tablename>Twister €100 SNG, 816227791</tablename>
<tournamentcode>816227790</tournamentcode>
<tournamentname>Twister €100 SNG</tournamentname>
<buyin>€0 + €7 + €93</buyin>
<totalbuyin>€100</totalbuyin>
<rewarddrawn>€200</rewarddrawn>
<tournamentcurrency>EUR</tournamentcurrency>
<currency>EUR</currency>
<nickname>Rakki</nickname>
<gamecount>22</gamecount>
<startdate>2025-08-21 19:09:44</startdate>
<place>3</place>
<win>€0</win>
<tablesize>3</tablesize>
</general>
<game gamecode="6459136263"><general><startdate>2025-08-21 19:09:59</startdate>
<round>1</round>
<failsafecounter/>
<players><player seat="6" name="luigito66" chips="500" dealer="0" win="20" bet="20" muck="1" rebuy="0" addon="0" merge="0" rebuychips="0" reg_code="5054965432"/>
<player seat="10" name="Rakki" chips="500" dealer="1" win="0" bet="0" muck="1" rebuy="0" addon="0" merge="0" rebuychips="0" reg_code="5054965434"/>
<player seat="3" name="ilCapo6" chips="500" dealer="0" win="0" bet="10" muck="1" rebuy="0" addon="0" merge="0" rebuychips="0" reg_code="5054964971"/>
</players>
</general>
<round no="0"><action no="1" player="ilCapo6" type="1" discard="1" dealt="1" sum="10"/>
<action no="2" player="luigito66" type="2" discard="1" dealt="1" sum="20"/>
</round>
<round no="1"><cards type="Pocket" player="luigito66">X X</cards>
<cards type="Pocket" player="ilCapo6">X X</cards>
<cards type="Pocket" player="Rakki">D8 S4</cards>
<action no="3" player="Rakki" type="0" sum="0"/>
<action no="4" player="ilCapo6" type="0" discard="1" dealt="1" sum="0"/>
</round>
</game>
<game gamecode="6459136281"><general><startdate>2025-08-21 19:10:08</startdate>
<round>1</round>
<failsafecounter/>
<players><player seat="10" name="Rakki" chips="500" dealer="0" win="20" bet="20" muck="1" rebuy="0" addon="0" merge="0" rebuychips="0" reg_code="5054965434"/>
<player seat="3" name="ilCapo6" chips="490" dealer="1" win="0" bet="0" muck="1" rebuy="0" addon="0" merge="0" rebuychips="0" reg_code="5054964971"/>
<player seat="6" name="luigito66" chips="510" dealer="0" win="0" bet="10" muck="1" rebuy="0" addon="0" merge="0" rebuychips="0" reg_code="5054965432"/>
</players>
</general>
<round no="0"><action no="1" player="luigito66" type="1" discard="1" dealt="1" sum="10"/>
<action no="2" player="Rakki" type="2" sum="20"/>
</round>
<round no="1"><cards type="Pocket" player="Rakki">D9 H2</cards>
<cards type="Pocket" player="luigito66">X X</cards>
<cards type="Pocket" player="ilCapo6">X X</cards>
<action no="3" player="ilCapo6" type="0" discard="1" dealt="1" sum="0"/>
<action no="4" player="luigito66" type="0" discard="1" dealt="1" sum="0"/>
</round>
</game>
<game gamecode="6459136289"><general><startdate>2025-08-21 19:10:14</startdate>
<round>1</round>
<failsafecounter/>
<players><player seat="3" name="ilCapo6" chips="490" dealer="0" win="0" bet="20" muck="1" rebuy="0" addon="0" merge="0" rebuychips="0" reg_code="5054964971"/>
<player seat="6" name="luigito66" chips="500" dealer="1" win="0" bet="0" muck="1" rebuy="0" addon="0" merge="0" rebuychips="0" reg_code="5054965432"/>
<player seat="10" name="Rakki" chips="510" dealer="0" win="40" bet="60" muck="1" rebuy="0" addon="0" merge="0" rebuychips="0" reg_code="5054965434"/>
</players>
</general>
<round no="0"><action no="1" player="Rakki" type="1" sum="10"/>
<action no="2" player="ilCapo6" type="2" discard="1" dealt="1" sum="20"/>
</round>
<round no="1"><cards type="Pocket" player="Rakki">D9 D7</cards>
<cards type="Pocket" player="ilCapo6">X X</cards>
<cards type="Pocket" player="luigito66">X X</cards>
<action no="3" player="luigito66" type="0" discard="1" dealt="1" sum="0"/>
<action no="4" player="Rakki" type="23" sum="60"/>
<action no="5" player="ilCapo6" type="0" discard="1" dealt="1" sum="0"/>
</round>
</game>
<game gamecode="6459136309"><general><startdate>2025-08-21 19:10:26</startdate>
<round>1</round>
<failsafecounter/>
<players><player seat="6" name="luigito66" chips="500" dealer="0" win="0" bet="20" muck="1" rebuy="0" addon="0" merge="0" rebuychips="0" reg_code="5054965432"/>
<player seat="10" name="Rakki" chips="530" dealer="1" win="50" bet="40" muck="1" rebuy="0" addon="0" merge="0" rebuychips="0" reg_code="5054965434"/>
<player seat="3" name="ilCapo6" chips="470" dealer="0" win="0" bet="10" muck="1" rebuy="0" addon="0" merge="0" rebuychips="0" reg_code="5054964971"/>
</players>
</general>
<round no="0"><action no="1" player="ilCapo6" type="1" discard="1" dealt="1" sum="10"/>
<action no="2" player="luigito66" type="2" discard="1" dealt="1" sum="20"/>
</round>
<round no="1"><cards type="Pocket" player="luigito66">X X</cards>
<cards type="Pocket" player="Rakki">SK SJ</cards>
<cards type="Pocket" player="ilCapo6">X X</cards>
<action no="3" player="Rakki" type="23" sum="40"/>
<action no="4" player="ilCapo6" type="0" discard="1" dealt="1" sum="0"/>
<action no="5" player="luigito66" type="0" discard="1" dealt="1" sum="0"/>
</round>
</game>
<game gamecode="6459136321"><general><startdate>2025-08-21 19:10:34</startdate>
<round>1</round>
<failsafecounter/>
<players><player seat="10" name="Rakki" chips="560" dealer="0" win="20" bet="20" muck="1" rebuy="0" addon="0" merge="0" rebuychips="0" reg_code="5054965434"/>
<player seat="3" name="ilCapo6" chips="460" dealer="1" win="0" bet="0" muck="1" rebuy="0" addon="0" merge="0" rebuychips="0" reg_code="5054964971"/>
<player seat="6" name="luigito66" chips="480" dealer="0" win="0" bet="10" muck="1" rebuy="0" addon="0" merge="0" rebuychips="0" reg_code="5054965432"/>
</players>
</general>
<round no="0"><action no="1" player="luigito66" type="1" discard="1" dealt="1" sum="10"/>
<action no="2" player="Rakki" type="2" sum="20"/>
</round>
<round no="1"><cards type="Pocket" player="Rakki">H10 S3</cards>
<cards type="Pocket" player="luigito66">X X</cards>
<cards type="Pocket" player="ilCapo6">X X</cards>
<action no="3" player="ilCapo6" type="0" discard="1" dealt="1" sum="0"/>
<action no="4" player="luigito66" type="0" discard="1" dealt="1" sum="0"/>
</round>
</game>
<game gamecode="6459144409"><general><startdate>2025-08-21 19:10:40</startdate>
<round>1</round>
<failsafecounter/>
<players><player seat="3" name="ilCapo6" chips="460" dealer="0" win="0" bet="20" muck="1" rebuy="0" addon="0" merge="0" rebuychips="0" reg_code="5054964971"/>
<player seat="6" name="luigito66" chips="470" dealer="1" win="0" bet="0" muck="1" rebuy="0" addon="0" merge="0" rebuychips="0" reg_code="5054965432"/>
<player seat="10" name="Rakki" chips="570" dealer="0" win="40" bet="60" muck="1" rebuy="0" addon="0" merge="0" rebuychips="0" reg_code="5054965434"/>
</players>
</general>
<round no="0"><action no="1" player="Rakki" type="1" sum="10"/>
<action no="2" player="ilCapo6" type="2" discard="1" dealt="1" sum="20"/>
</round>
<round no="1"><cards type="Pocket" player="luigito66">X X</cards>
<cards type="Pocket" player="Rakki">HA DA</cards>
<cards type="Pocket" player="ilCapo6">X X</cards>
<action no="3" player="luigito66" type="0" discard="1" dealt="1" sum="0"/>
<action no="4" player="Rakki" type="23" sum="60"/>
<action no="5" player="ilCapo6" type="0" discard="1" dealt="1" sum="0"/>
</round>
</game>
<game gamecode="6459144432"><general><startdate>2025-08-21 19:10:54</startdate>
<round>1</round>
<failsafecounter/>
<players><player seat="6" name="luigito66" chips="470" dealer="0" win="0" bet="129" muck="1" rebuy="0" addon="0" merge="0" rebuychips="0" reg_code="5054965432"/>
<player seat="10" name="Rakki" chips="590" dealer="1" win="268" bet="129" muck="0" rebuy="0" addon="0" merge="0" rebuychips="0" reg_code="5054965434"/>
<player seat="3" name="ilCapo6" chips="440" dealer="0" win="0" bet="10" muck="1" rebuy="0" addon="0" merge="0" rebuychips="0" reg_code="5054964971"/>
</players>
</general>
<round no="0"><action no="1" player="ilCapo6" type="1" discard="1" dealt="1" sum="10"/>
<action no="2" player="luigito66" type="2" discard="1" dealt="1" sum="20"/>
</round>
<round no="1"><cards type="Pocket" player="luigito66">HQ SJ</cards>
<cards type="Pocket" player="ilCapo6">X X</cards>
<cards type="Pocket" player="Rakki">CA CQ</cards>
<action no="3" player="Rakki" type="23" sum="40"/>
<action no="4" player="ilCapo6" type="0" discard="1" dealt="1" sum="0"/>
<action no="5" player="luigito66" type="3" discard="1" dealt="1" sum="20"/>
</round>
<round no="2"><cards type="Flop">H10 S8 DK</cards>
<action no="6" player="luigito66" type="4" discard="1" dealt="1" sum="0"/>
<action no="7" player="Rakki" type="5" sum="22"/>
<action no="8" player="luigito66" type="3" discard="1" dealt="1" sum="22"/>
</round>
<round no="3"><cards type="Turn">H5</cards>
<action no="9" player="luigito66" type="4" discard="1" dealt="1" sum="0"/>
<action no="10" player="Rakki" type="4" sum="0"/>
</round>
<round no="4"><cards type="River">DJ</cards>
<action no="11" player="luigito66" type="4" discard="1" dealt="1" sum="0"/>
<action no="12" player="Rakki" type="5" sum="67"/>
<action no="13" player="luigito66" type="3" discard="1" dealt="1" sum="67"/>
</round>
</game>
<game gamecode="6459144473"><general><startdate>2025-08-21 19:11:23</startdate>
<round>1</round>
<failsafecounter/>
<players><player seat="10" name="Rakki" chips="729" dealer="0" win="0" bet="341" muck="1" rebuy="0" addon="0" merge="0" rebuychips="0" reg_code="5054965434"/>
<player seat="3" name="ilCapo6" chips="430" dealer="1" win="0" bet="0" muck="1" rebuy="0" addon="0" merge="0" rebuychips="0" reg_code="5054964971"/>
<player seat="6" name="luigito66" chips="341" dealer="0" win="682" bet="341" muck="0" rebuy="0" addon="0" merge="0" rebuychips="0" reg_code="5054965432"/>
</players>
</general>
<round no="0"><action no="1" player="luigito66" type="1" discard="1" dealt="1" sum="10"/>
<action no="2" player="Rakki" type="2" sum="20"/>
</round>
<round no="1"><cards type="Pocket" player="luigito66">CK HJ</cards>
<cards type="Pocket" player="Rakki">SA SQ</cards>
<cards type="Pocket" player="ilCapo6">X X</cards>
<action no="3" player="ilCapo6" type="0" discard="1" dealt="1" sum="0"/>
<action no="4" player="luigito66" type="23" discard="1" dealt="1" sum="341"/>
<action no="5" player="Rakki" type="3" sum="321"/>
</round>
<round no="2"><cards type="Flop">H8 DK SK</cards>
</round>
<round no="3"><cards type="Turn">D2</cards>
</round>
<round no="4"><cards type="River">S4</cards>
</round>
</game>
<game gamecode="6459144493"><general><startdate>2025-08-21 19:11:41</startdate>
<round>1</round>
<failsafecounter/>
<players><player seat="3" name="ilCapo6" chips="430" dealer="0" win="150" bet="430" muck="1" rebuy="0" addon="0" merge="0" rebuychips="0" reg_code="5054964971"/>
<player seat="6" name="luigito66" chips="682" dealer="1" win="0" bet="65" muck="1" rebuy="0" addon="0" merge="0" rebuychips="0" reg_code="5054965432"/>
<player seat="10" name="Rakki" chips="388" dealer="0" win="0" bet="20" muck="1" rebuy="0" addon="0" merge="0" rebuychips="0" reg_code="5054965434"/>
</players>
</general>
<round no="0"><action no="1" player="Rakki" type="15" sum="5"/>
<action no="2" player="ilCapo6" type="15" discard="1" dealt="1" sum="5"/>
<action no="3" player="luigito66" type="15" discard="1" dealt="1" sum="5"/>
<action no="4" player="Rakki" type="1" sum="15"/>
<action no="5" player="ilCapo6" type="2" discard="1" dealt="1" sum="30"/>
</round>
<round no="1"><cards type="Pocket" player="luigito66">X X</cards>
<cards type="Pocket" player="Rakki">S3 S10</cards>
<cards type="Pocket" player="ilCapo6">X X</cards>
<action no="6" player="luigito66" type="23" discard="1" dealt="1" sum="60"/>
<action no="7" player="Rakki" type="0" sum="0"/>
<action no="8" player="ilCapo6" type="3" discard="1" dealt="1" sum="30"/>
</round>
<round no="2"><cards type="Flop">D3 DK S2</cards>
<action no="9" player="ilCapo6" type="4" discard="1" dealt="1" sum="0"/>
<action no="10" player="luigito66" type="4" discard="1" dealt="1" sum="0"/>
</round>
<round no="3"><cards type="Turn">CQ</cards>
<action no="11" player="ilCapo6" type="5" discard="1" dealt="1" sum="365"/>
<action no="12" player="luigito66" type="0" discard="1" dealt="1" sum="0"/>
</round>
</game>
<game gamecode="6459144533"><general><startdate>2025-08-21 19:12:11</startdate>
<round>1</round>
<failsafecounter/>
<players><player seat="6" name="luigito66" chips="617" dealer="0" win="45" bet="35" muck="1" rebuy="0" addon="0" merge="0" rebuychips="0" reg_code="5054965432"/>
<player seat="10" name="Rakki" chips="368" dealer="1" win="0" bet="5" muck="1" rebuy="0" addon="0" merge="0" rebuychips="0" reg_code="5054965434"/>
<player seat="3" name="ilCapo6" chips="515" dealer="0" win="0" bet="20" muck="1" rebuy="0" addon="0" merge="0" rebuychips="0" reg_code="5054964971"/>
</players>
</general>
<round no="0"><action no="1" player="ilCapo6" type="15" discard="1" dealt="1" sum="5"/>
<action no="2" player="luigito66" type="15" discard="1" dealt="1" sum="5"/>
<action no="3" player="Rakki" type="15" sum="5"/>
<action no="4" player="ilCapo6" type="1" discard="1" dealt="1" sum="15"/>
<action no="5" player="luigito66" type="2" discard="1" dealt="1" sum="30"/>
</round>
<round no="1"><cards type="Pocket" player="Rakki">H9 SQ</cards>
<cards type="Pocket" player="luigito66">X X</cards>
<cards type="Pocket" player="ilCapo6">X X</cards>
<action no="6" player="Rakki" type="0" sum="0"/>
<action no="7" player="ilCapo6" type="0" discard="1" dealt="1" sum="0"/>
</round>
</game>
<game gamecode="6459144553"><general><startdate>2025-08-21 19:12:24</startdate>
<round>1</round>
<failsafecounter/>
<players><player seat="10" name="Rakki" chips="363" dealer="0" win="0" bet="35" muck="1" rebuy="0" addon="0" merge="0" rebuychips="0" reg_code="5054965434"/>
<player seat="3" name="ilCapo6" chips="495" dealer="1" win="0" bet="5" muck="1" rebuy="0" addon="0" merge="0" rebuychips="0" reg_code="5054964971"/>
<player seat="6" name="luigito66" chips="642" dealer="0" win="75" bet="65" muck="1" rebuy="0" addon="0" merge="0" rebuychips="0" reg_code="5054965432"/>
</players>
</general>
<round no="0"><action no="1" player="luigito66" type="15" discard="1" dealt="1" sum="5"/>
<action no="2" player="Rakki" type="15" sum="5"/>
<action no="3" player="ilCapo6" type="15" discard="1" dealt="1" sum="5"/>
<action no="4" player="luigito66" type="1" discard="1" dealt="1" sum="15"/>
<action no="5" player="Rakki" type="2" sum="30"/>
</round>
<round no="1"><cards type="Pocket" player="ilCapo6">X X</cards>
<cards type="Pocket" player="luigito66">X X</cards>
<cards type="Pocket" player="Rakki">D4 S3</cards>
<action no="6" player="ilCapo6" type="0" discard="1" dealt="1" sum="0"/>
<action no="7" player="luigito66" type="23" discard="1" dealt="1" sum="60"/>
<action no="8" player="Rakki" type="0" sum="0"/>
</round>
</game>
<game gamecode="6459144587"><general><startdate>2025-08-21 19:12:48</startdate>
<round>1</round>
<failsafecounter/>
<players><player seat="3" name="ilCapo6" chips="490" dealer="0" win="0" bet="35" muck="1" rebuy="0" addon="0" merge="0" rebuychips="0" reg_code="5054964971"/>
<player seat="6" name="luigito66" chips="682" dealer="1" win="90" bet="80" muck="1" rebuy="0" addon="0" merge="0" rebuychips="0" reg_code="5054965432"/>
<player seat="10" name="Rakki" chips="328" dealer="0" win="0" bet="20" muck="1" rebuy="0" addon="0" merge="0" rebuychips="0" reg_code="5054965434"/>
</players>
</general>
<round no="0"><action no="1" player="Rakki" type="15" sum="5"/>
<action no="2" player="ilCapo6" type="15" discard="1" dealt="1" sum="5"/>
<action no="3" player="luigito66" type="15" discard="1" dealt="1" sum="5"/>
<action no="4" player="Rakki" type="1" sum="15"/>
<action no="5" player="ilCapo6" type="2" discard="1" dealt="1" sum="30"/>
</round>
<round no="1"><cards type="Pocket" player="Rakki">S6 H9</cards>
<cards type="Pocket" player="ilCapo6">X X</cards>
<cards type="Pocket" player="luigito66">X X</cards>
<action no="6" player="luigito66" type="23" discard="1" dealt="1" sum="75"/>
<action no="7" player="Rakki" type="0" sum="0"/>
<action no="8" player="ilCapo6" type="0" discard="1" dealt="1" sum="0"/>
</round>
</game>
<game gamecode="6459144602"><general><startdate>2025-08-21 19:12:58</startdate>
<round>1</round>
<failsafecounter/>
<players><player seat="6" name="luigito66" chips="737" dealer="0" win="45" bet="35" muck="1" rebuy="0" addon="0" merge="0" rebuychips="0" reg_code="5054965432"/>
<player seat="10" name="Rakki" chips="308" dealer="1" win="0" bet="5" muck="1" rebuy="0" addon="0" merge="0" rebuychips="0" reg_code="5054965434"/>
<player seat="3" name="ilCapo6" chips="455" dealer="0" win="0" bet="20" muck="1" rebuy="0" addon="0" merge="0" rebuychips="0" reg_code="5054964971"/>
</players>
</general>
<round no="0"><action no="1" player="ilCapo6" type="15" discard="1" dealt="1" sum="5"/>
<action no="2" player="luigito66" type="15" discard="1" dealt="1" sum="5"/>
<action no="3" player="Rakki" type="15" sum="5"/>
<action no="4" player="ilCapo6" type="1" discard="1" dealt="1" sum="15"/>
<action no="5" player="luigito66" type="2" discard="1" dealt="1" sum="30"/>
</round>
<round no="1"><cards type="Pocket" player="Rakki">D4 H5</cards>
<cards type="Pocket" player="luigito66">X X</cards>
<cards type="Pocket" player="ilCapo6">X X</cards>
<action no="6" player="Rakki" type="0" sum="0"/>
<action no="7" player="ilCapo6" type="0" discard="1" dealt="1" sum="0"/>
</round>
</game>
<game gamecode="6459144616"><general><startdate>2025-08-21 19:13:08</startdate>
<round>1</round>
<failsafecounter/>
<players><player seat="10" name="Rakki" chips="303" dealer="0" win="45" bet="35" muck="1" rebuy="0" addon="0" merge="0" rebuychips="0" reg_code="5054965434"/>
<player seat="3" name="ilCapo6" chips="435" dealer="1" win="0" bet="5" muck="1" rebuy="0" addon="0" merge="0" rebuychips="0" reg_code="5054964971"/>
<player seat="6" name="luigito66" chips="762" dealer="0" win="0" bet="20" muck="1" rebuy="0" addon="0" merge="0" rebuychips="0" reg_code="5054965432"/>
</players>
</general>
<round no="0"><action no="1" player="luigito66" type="15" discard="1" dealt="1" sum="5"/>
<action no="2" player="Rakki" type="15" sum="5"/>
<action no="3" player="ilCapo6" type="15" discard="1" dealt="1" sum="5"/>
<action no="4" player="luigito66" type="1" discard="1" dealt="1" sum="15"/>
<action no="5" player="Rakki" type="2" sum="30"/>
</round>
<round no="1"><cards type="Pocket" player="Rakki">C5 HA</cards>
<cards type="Pocket" player="ilCapo6">X X</cards>
<cards type="Pocket" player="luigito66">X X</cards>
<action no="6" player="ilCapo6" type="0" discard="1" dealt="1" sum="0"/>
<action no="7" player="luigito66" type="0" discard="1" dealt="1" sum="0"/>
</round>
</game>
<game gamecode="6459144634"><general><startdate>2025-08-21 19:13:18</startdate>
<round>1</round>
<failsafecounter/>
<players><player seat="3" name="ilCapo6" chips="430" dealer="0" win="0" bet="45" muck="1" rebuy="0" addon="0" merge="0" rebuychips="0" reg_code="5054964971"/>
<player seat="6" name="luigito66" chips="742" dealer="1" win="115" bet="105" muck="1" rebuy="0" addon="0" merge="0" rebuychips="0" reg_code="5054965432"/>
<player seat="10" name="Rakki" chips="328" dealer="0" win="0" bet="25" muck="1" rebuy="0" addon="0" merge="0" rebuychips="0" reg_code="5054965434"/>
</players>
</general>
<round no="0"><action no="1" player="Rakki" type="15" sum="5"/>
<action no="2" player="ilCapo6" type="15" discard="1" dealt="1" sum="5"/>
<action no="3" player="luigito66" type="15" discard="1" dealt="1" sum="5"/>
<action no="4" player="Rakki" type="1" sum="20"/>
<action no="5" player="ilCapo6" type="2" discard="1" dealt="1" sum="40"/>
</round>
<round no="1"><cards type="Pocket" player="luigito66">X X</cards>
<cards type="Pocket" player="Rakki">S3 D6</cards>
<cards type="Pocket" player="ilCapo6">X X</cards>
<action no="6" player="luigito66" type="23" discard="1" dealt="1" sum="100"/>
<action no="7" player="Rakki" type="0" sum="0"/>
<action no="8" player="ilCapo6" type="0" discard="1" dealt="1" sum="0"/>
</round>
</game>
<game gamecode="6459144655"><general><startdate>2025-08-21 19:13:30</startdate>
<round>1</round>
<failsafecounter/>
<players><player seat="6" name="luigito66" chips="812" dealer="0" win="0" bet="45" muck="1" rebuy="0" addon="0" merge="0" rebuychips="0" reg_code="5054965432"/>
<player seat="10" name="Rakki" chips="303" dealer="1" win="115" bet="303" muck="1" rebuy="0" addon="0" merge="0" rebuychips="0" reg_code="5054965434"/>
<player seat="3" name="ilCapo6" chips="385" dealer="0" win="0" bet="25" muck="1" rebuy="0" addon="0" merge="0" rebuychips="0" reg_code="5054964971"/>
</players>
</general>
<round no="0"><action no="1" player="ilCapo6" type="15" discard="1" dealt="1" sum="5"/>
<action no="2" player="luigito66" type="15" discard="1" dealt="1" sum="5"/>
<action no="3" player="Rakki" type="15" sum="5"/>
<action no="4" player="ilCapo6" type="1" discard="1" dealt="1" sum="20"/>
<action no="5" player="luigito66" type="2" discard="1" dealt="1" sum="40"/>
</round>
<round no="1"><cards type="Pocket" player="luigito66">X X</cards>
<cards type="Pocket" player="ilCapo6">X X</cards>
<cards type="Pocket" player="Rakki">DA D10</cards>
<action no="6" player="Rakki" type="23" sum="298"/>
<action no="7" player="ilCapo6" type="0" discard="1" dealt="1" sum="0"/>
<action no="8" player="luigito66" type="0" discard="1" dealt="1" sum="0"/>
</round>
</game>
<game gamecode="6459144666"><general><startdate>2025-08-21 19:13:39</startdate>
<round>1</round>
<failsafecounter/>
<players><player seat="10" name="Rakki" chips="373" dealer="0" win="55" bet="45" muck="1" rebuy="0" addon="0" merge="0" rebuychips="0" reg_code="5054965434"/>
<player seat="3" name="ilCapo6" chips="360" dealer="1" win="0" bet="5" muck="1" rebuy="0" addon="0" merge="0" rebuychips="0" reg_code="5054964971"/>
<player seat="6" name="luigito66" chips="767" dealer="0" win="0" bet="25" muck="1" rebuy="0" addon="0" merge="0" rebuychips="0" reg_code="5054965432"/>
</players>
</general>
<round no="0"><action no="1" player="luigito66" type="15" discard="1" dealt="1" sum="5"/>
<action no="2" player="Rakki" type="15" sum="5"/>
<action no="3" player="ilCapo6" type="15" discard="1" dealt="1" sum="5"/>
<action no="4" player="luigito66" type="1" discard="1" dealt="1" sum="20"/>
<action no="5" player="Rakki" type="2" sum="40"/>
</round>
<round no="1"><cards type="Pocket" player="Rakki">C5 HK</cards>
<cards type="Pocket" player="ilCapo6">X X</cards>
<cards type="Pocket" player="luigito66">X X</cards>
<action no="6" player="ilCapo6" type="0" discard="1" dealt="1" sum="0"/>
<action no="7" player="luigito66" type="0" discard="1" dealt="1" sum="0"/>
</round>
</game>
<game gamecode="6459144676"><general><startdate>2025-08-21 19:13:46</startdate>
<round>1</round>
<failsafecounter/>
<players><player seat="3" name="ilCapo6" chips="355" dealer="0" win="0" bet="45" muck="1" rebuy="0" addon="0" merge="0" rebuychips="0" reg_code="5054964971"/>
<player seat="6" name="luigito66" chips="742" dealer="1" win="0" bet="5" muck="1" rebuy="0" addon="0" merge="0" rebuychips="0" reg_code="5054965432"/>
<player seat="10" name="Rakki" chips="403" dealer="0" win="95" bet="403" muck="1" rebuy="0" addon="0" merge="0" rebuychips="0" reg_code="5054965434"/>
</players>
</general>
<round no="0"><action no="1" player="Rakki" type="15" sum="5"/>
<action no="2" player="ilCapo6" type="15" discard="1" dealt="1" sum="5"/>
<action no="3" player="luigito66" type="15" discard="1" dealt="1" sum="5"/>
<action no="4" player="Rakki" type="1" sum="20"/>
<action no="5" player="ilCapo6" type="2" discard="1" dealt="1" sum="40"/>
</round>
<round no="1"><cards type="Pocket" player="ilCapo6">X X</cards>
<cards type="Pocket" player="luigito66">X X</cards>
<cards type="Pocket" player="Rakki">CQ D9</cards>
<action no="6" player="luigito66" type="0" discard="1" dealt="1" sum="0"/>
<action no="7" player="Rakki" type="23" sum="398"/>
<action no="8" player="ilCapo6" type="0" discard="1" dealt="1" sum="0"/>
</round>
</game>
<game gamecode="6459144697"><general><startdate>2025-08-21 19:14:01</startdate>
<round>1</round>
<failsafecounter/>
<players><player seat="6" name="luigito66" chips="737" dealer="0" win="0" bet="45" muck="1" rebuy="0" addon="0" merge="0" rebuychips="0" reg_code="5054965432"/>
<player seat="10" name="Rakki" chips="453" dealer="1" win="0" bet="453" muck="0" rebuy="0" addon="0" merge="0" rebuychips="0" reg_code="5054965434"/>
<player seat="3" name="ilCapo6" chips="310" dealer="0" win="665" bet="310" muck="0" rebuy="0" addon="0" merge="0" rebuychips="0" reg_code="5054964971"/>
</players>
</general>
<round no="0"><action no="1" player="ilCapo6" type="15" discard="1" dealt="1" sum="5"/>
<action no="2" player="luigito66" type="15" discard="1" dealt="1" sum="5"/>
<action no="3" player="Rakki" type="15" sum="5"/>
<action no="4" player="ilCapo6" type="1" discard="1" dealt="1" sum="20"/>
<action no="5" player="luigito66" type="2" discard="1" dealt="1" sum="40"/>
</round>
<round no="1"><cards type="Pocket" player="ilCapo6">SJ CA</cards>
<cards type="Pocket" player="luigito66">X X</cards>
<cards type="Pocket" player="Rakki">C4 DA</cards>
<action no="6" player="Rakki" type="23" sum="448"/>
<action no="7" player="ilCapo6" type="7" discard="1" dealt="1" sum="285"/>
<action no="8" player="luigito66" type="0" discard="1" dealt="1" sum="0"/>
</round>
<round no="2"><cards type="Flop">D7 D5 D6</cards>
</round>
<round no="3"><cards type="Turn">SQ</cards>
</round>
<round no="4"><cards type="River">CJ</cards>
</round>
</game>
<game gamecode="6459144729"><general><startdate>2025-08-21 19:14:22</startdate>
<round>1</round>
<failsafecounter/>
<players><player seat="10" name="Rakki" chips="143" dealer="0" win="55" bet="45" muck="1" rebuy="0" addon="0" merge="0" rebuychips="0" reg_code="5054965434"/>
<player seat="3" name="ilCapo6" chips="665" dealer="1" win="0" bet="5" muck="1" rebuy="0" addon="0" merge="0" rebuychips="0" reg_code="5054964971"/>
<player seat="6" name="luigito66" chips="692" dealer="0" win="0" bet="25" muck="1" rebuy="0" addon="0" merge="0" rebuychips="0" reg_code="5054965432"/>
</players>
</general>
<round no="0"><action no="1" player="luigito66" type="15" discard="1" dealt="1" sum="5"/>
<action no="2" player="Rakki" type="15" sum="5"/>
<action no="3" player="ilCapo6" type="15" discard="1" dealt="1" sum="5"/>
<action no="4" player="luigito66" type="1" discard="1" dealt="1" sum="20"/>
<action no="5" player="Rakki" type="2" sum="40"/>
</round>
<round no="1"><cards type="Pocket" player="luigito66">X X</cards>
<cards type="Pocket" player="Rakki">D10 CQ</cards>
<cards type="Pocket" player="ilCapo6">X X</cards>
<action no="6" player="ilCapo6" type="0" discard="1" dealt="1" sum="0"/>
<action no="7" player="luigito66" type="0" discard="1" dealt="1" sum="0"/>
</round>
</game>
<game gamecode="6459144740"><general><startdate>2025-08-21 19:14:29</startdate>
<round>1</round>
<failsafecounter/>
<players><player seat="3" name="ilCapo6" chips="660" dealer="0" win="389" bet="660" muck="1" rebuy="0" addon="0" merge="0" rebuychips="0" reg_code="5054964971"/>
<player seat="6" name="luigito66" chips="667" dealer="1" win="0" bet="182" muck="1" rebuy="0" addon="0" merge="0" rebuychips="0" reg_code="5054965432"/>
<player seat="10" name="Rakki" chips="173" dealer="0" win="0" bet="25" muck="1" rebuy="0" addon="0" merge="0" rebuychips="0" reg_code="5054965434"/>
</players>
</general>
<round no="0"><action no="1" player="Rakki" type="15" sum="5"/>
<action no="2" player="ilCapo6" type="15" discard="1" dealt="1" sum="5"/>
<action no="3" player="luigito66" type="15" discard="1" dealt="1" sum="5"/>
<action no="4" player="Rakki" type="1" sum="20"/>
<action no="5" player="ilCapo6" type="2" discard="1" dealt="1" sum="40"/>
</round>
<round no="1"><cards type="Pocket" player="ilCapo6">X X</cards>
<cards type="Pocket" player="Rakki">H6 D8</cards>
<cards type="Pocket" player="luigito66">X X</cards>
<action no="6" player="luigito66" type="23" discard="1" dealt="1" sum="80"/>
<action no="7" player="Rakki" type="0" sum="0"/>
<action no="8" player="ilCapo6" type="3" discard="1" dealt="1" sum="40"/>
</round>
<round no="2"><cards type="Flop">H7 C5 H2</cards>
<action no="9" player="ilCapo6" type="4" discard="1" dealt="1" sum="0"/>
<action no="10" player="luigito66" type="5" discard="1" dealt="1" sum="97"/>
<action no="11" player="ilCapo6" type="23" discard="1" dealt="1" sum="575"/>
<action no="12" player="luigito66" type="0" discard="1" dealt="1" sum="0"/>
</round>
</game>
<game gamecode="6459144785"><general><startdate>2025-08-21 19:15:04</startdate>
<round>1</round>
<failsafecounter/>
<players><player seat="6" name="luigito66" chips="485" dealer="0" win="0" bet="65" muck="1" rebuy="0" addon="0" merge="0" rebuychips="0" reg_code="5054965432"/>
<player seat="10" name="Rakki" chips="148" dealer="1" win="0" bet="148" muck="0" rebuy="0" addon="0" merge="0" rebuychips="0" reg_code="5054965434"/>
<player seat="3" name="ilCapo6" chips="867" dealer="0" win="361" bet="867" muck="0" rebuy="0" addon="0" merge="0" rebuychips="0" reg_code="5054964971"/>
</players>
</general>
<round no="0"><action no="1" player="ilCapo6" type="15" discard="1" dealt="1" sum="5"/>
<action no="2" player="luigito66" type="15" discard="1" dealt="1" sum="5"/>
<action no="3" player="Rakki" type="15" sum="5"/>
<action no="4" player="ilCapo6" type="1" discard="1" dealt="1" sum="30"/>
<action no="5" player="luigito66" type="2" discard="1" dealt="1" sum="60"/>
</round>
<round no="1"><cards type="Pocket" player="Rakki">DK C9</cards>
<cards type="Pocket" player="luigito66">X X</cards>
<cards type="Pocket" player="ilCapo6">H4 HK</cards>
<action no="6" player="Rakki" type="23" sum="143"/>
<action no="7" player="ilCapo6" type="23" discard="1" dealt="1" sum="862"/>
<action no="8" player="luigito66" type="0" discard="1" dealt="1" sum="0"/>
</round>
<round no="2"><cards type="Flop">H2 D3 H3</cards>
</round>
<round no="3"><cards type="Turn">C4</cards>
</round>
<round no="4"><cards type="River">S2</cards>
</round>
</game>
</session>
