<?xml version="1.0" encoding="UTF-8"?>
<session sessioncode="5054963252">
<general>
<client_version>25.1.1.16</client_version>
<mode>real</mode>
<gametype>Holdem NL</gametype>
<tablename>Twister €100 SNG, 816227206</tablename>
<tournamentcode>816227205</tournamentcode>
<tournamentname>Twister €100 SNG</tournamentname>
<buyin>€0 + €7 + €93</buyin>
<totalbuyin>€100</totalbuyin>
<rewarddrawn>€200</rewarddrawn>
<tournamentcurrency>EUR</tournamentcurrency>
<currency>EUR</currency>
<nickname>Rakki</nickname>
<gamecount>6</gamecount>
<startdate>2025-08-21 18:58:36</startdate>
<place>1</place>
<win>€200</win>
<tablesize>3</tablesize>
</general>
<game gamecode="6459135215"><general><startdate>2025-08-21 18:58:51</startdate>
<round>1</round>
<failsafecounter/>
<players><player seat="10" name="Rakki" chips="500" dealer="0" win="0" bet="20" muck="1" rebuy="0" addon="0" merge="0" rebuychips="0" reg_code="5054963252"/>
<player seat="3" name="Gr1nd3r1980" chips="500" dealer="1" win="50" bet="100" muck="1" rebuy="0" addon="0" merge="0" rebuychips="0" reg_code="5054963054"/>
<player seat="6" name="OndaBianca1" chips="500" dealer="0" win="0" bet="10" muck="1" rebuy="0" addon="0" merge="0" rebuychips="0" reg_code="5054963224"/>
</players>
</general>
<round no="0"><action no="1" player="OndaBianca1" type="1" discard="1" dealt="1" sum="10"/>
<action no="2" player="Rakki" type="2" sum="20"/>
</round>
<round no="1"><cards type="Pocket" player="Rakki">D9 S8</cards>
<cards type="Pocket" player="OndaBianca1">X X</cards>
<cards type="Pocket" player="Gr1nd3r1980">X X</cards>
<action no="3" player="Gr1nd3r1980" type="23" discard="1" dealt="1" sum="100"/>
<action no="4" player="OndaBianca1" type="0" discard="1" dealt="1" sum="0"/>
<action no="5" player="Rakki" type="0" sum="0"/>
</round>
</game>
<game gamecode="6459135238"><general><startdate>2025-08-21 18:59:06</startdate>
<round>1</round>
<failsafecounter/>
<players><player seat="3" name="Gr1nd3r1980" chips="530" dealer="0" win="0" bet="400" muck="0" rebuy="0" addon="0" merge="0" rebuychips="0" reg_code="5054963054"/>
<player seat="6" name="OndaBianca1" chips="490" dealer="1" win="0" bet="0" muck="1" rebuy="0" addon="0" merge="0" rebuychips="0" reg_code="5054963224"/>
<player seat="10" name="Rakki" chips="480" dealer="0" win="800" bet="400" muck="0" rebuy="0" addon="0" merge="0" rebuychips="0" reg_code="5054963252"/>
</players>
</general>
<round no="0"><action no="1" player="Rakki" type="1" sum="10"/>
<action no="2" player="Gr1nd3r1980" type="2" discard="1" dealt="1" sum="20"/>
</round>
<round no="1"><cards type="Pocket" player="Gr1nd3r1980">C6 D9</cards>
<cards type="Pocket" player="Rakki">S7 D8</cards>
<cards type="Pocket" player="OndaBianca1">X X</cards>
<action no="3" player="OndaBianca1" type="0" discard="1" dealt="1" sum="0"/>
<action no="4" player="Rakki" type="23" sum="50"/>
<action no="5" player="Gr1nd3r1980" type="3" discard="1" dealt="1" sum="30"/>
</round>
<round no="2"><cards type="Flop">DK D7 DQ</cards>
<action no="6" player="Rakki" type="4" sum="0"/>
<action no="7" player="Gr1nd3r1980" type="5" discard="1" dealt="1" sum="50"/>
<action no="8" player="Rakki" type="3" sum="50"/>
</round>
<round no="3"><cards type="Turn">H4</cards>
<action no="9" player="Rakki" type="4" sum="0"/>
<action no="10" player="Gr1nd3r1980" type="5" discard="1" dealt="1" sum="100"/>
<action no="11" player="Rakki" type="3" sum="100"/>
</round>
<round no="4"><cards type="River">CQ</cards>
<action no="12" player="Rakki" type="4" sum="0"/>
<action no="13" player="Gr1nd3r1980" type="5" discard="1" dealt="1" sum="200"/>
<action no="14" player="Rakki" type="3" sum="200"/>
</round>
</game>
<game gamecode="6459135364"><general><startdate>2025-08-21 19:00:31</startdate>
<round>1</round>
<failsafecounter/>
<players><player seat="6" name="OndaBianca1" chips="490" dealer="0" win="300" bet="490" muck="0" rebuy="0" addon="0" merge="0" rebuychips="0" reg_code="5054963224"/>
<player seat="10" name="Rakki" chips="880" dealer="1" win="0" bet="40" muck="1" rebuy="0" addon="0" merge="0" rebuychips="0" reg_code="5054963252"/>
<player seat="3" name="Gr1nd3r1980" chips="130" dealer="0" win="0" bet="130" muck="0" rebuy="0" addon="0" merge="0" rebuychips="0" reg_code="5054963054"/>
</players>
</general>
<round no="0"><action no="1" player="Gr1nd3r1980" type="1" discard="1" dealt="1" sum="10"/>
<action no="2" player="OndaBianca1" type="2" discard="1" dealt="1" sum="20"/>
</round>
<round no="1"><cards type="Pocket" player="Gr1nd3r1980">D10 CQ</cards>
<cards type="Pocket" player="OndaBianca1">CJ SJ</cards>
<cards type="Pocket" player="Rakki">S9 SK</cards>
<action no="3" player="Rakki" type="23" sum="40"/>
<action no="4" player="Gr1nd3r1980" type="23" discard="1" dealt="1" sum="130"/>
<action no="5" player="OndaBianca1" type="23" discard="1" dealt="1" sum="490"/>
<action no="6" player="Rakki" type="0" sum="0"/>
</round>
<round no="2"><cards type="Flop">D3 H6 H4</cards>
</round>
<round no="3"><cards type="Turn">D8</cards>
</round>
<round no="4"><cards type="River">DA</cards>
</round>
</game>
<game gamecode="6459135407"><general><startdate>2025-08-21 19:00:58</startdate>
<round>1</round>
<failsafecounter/>
<players><player seat="10" name="Rakki" chips="840" dealer="0" win="70" bet="95" muck="1" rebuy="0" addon="0" merge="0" rebuychips="0" reg_code="5054963252"/>
<player seat="6" name="OndaBianca1" chips="660" dealer="1" win="0" bet="35" muck="1" rebuy="0" addon="0" merge="0" rebuychips="0" reg_code="5054963224"/>
</players>
</general>
<round no="0"><action no="1" player="OndaBianca1" type="15" discard="1" dealt="1" sum="5"/>
<action no="2" player="Rakki" type="15" sum="5"/>
<action no="3" player="OndaBianca1" type="1" discard="1" dealt="1" sum="15"/>
<action no="4" player="Rakki" type="2" sum="30"/>
</round>
<round no="1"><cards type="Pocket" player="OndaBianca1">X X</cards>
<cards type="Pocket" player="Rakki">CJ SA</cards>
<action no="5" player="OndaBianca1" type="3" discard="1" dealt="1" sum="15"/>
<action no="6" player="Rakki" type="23" sum="90"/>
<action no="7" player="OndaBianca1" type="0" discard="1" dealt="1" sum="0"/>
</round>
</game>
<game gamecode="6459135438"><general><startdate>2025-08-21 19:01:18</startdate>
<round>1</round>
<failsafecounter/>
<players><player seat="6" name="OndaBianca1" chips="625" dealer="0" win="0" bet="35" muck="1" rebuy="0" addon="0" merge="0" rebuychips="0" reg_code="5054963224"/>
<player seat="10" name="Rakki" chips="875" dealer="1" win="70" bet="65" muck="1" rebuy="0" addon="0" merge="0" rebuychips="0" reg_code="5054963252"/>
</players>
</general>
<round no="0"><action no="1" player="Rakki" type="15" sum="5"/>
<action no="2" player="OndaBianca1" type="15" discard="1" dealt="1" sum="5"/>
<action no="3" player="Rakki" type="1" sum="15"/>
<action no="4" player="OndaBianca1" type="2" discard="1" dealt="1" sum="30"/>
</round>
<round no="1"><cards type="Pocket" player="Rakki">C9 S9</cards>
<cards type="Pocket" player="OndaBianca1">X X</cards>
<action no="5" player="Rakki" type="23" sum="60"/>
<action no="6" player="OndaBianca1" type="0" discard="1" dealt="1" sum="0"/>
</round>
</game>
<game gamecode="6459135457"><general><startdate>2025-08-21 19:01:32</startdate>
<round>1</round>
<failsafecounter/>
<players><player seat="10" name="Rakki" chips="910" dealer="0" win="1,180" bet="910" muck="0" rebuy="0" addon="0" merge="0" rebuychips="0" reg_code="5054963252"/>
<player seat="6" name="OndaBianca1" chips="590" dealer="1" win="0" bet="590" muck="1" rebuy="0" addon="0" merge="0" rebuychips="0" reg_code="5054963224"/>
</players>
</general>
<round no="0"><action no="1" player="OndaBianca1" type="15" discard="1" dealt="1" sum="5"/>
<action no="2" player="Rakki" type="15" sum="5"/>
<action no="3" player="OndaBianca1" type="1" discard="1" dealt="1" sum="15"/>
<action no="4" player="Rakki" type="2" sum="30"/>
</round>
<round no="1"><cards type="Pocket" player="OndaBianca1">C8 H7</cards>
<cards type="Pocket" player="Rakki">D9 S10</cards>
<action no="5" player="OndaBianca1" type="23" discard="1" dealt="1" sum="60"/>
<action no="6" player="Rakki" type="3" sum="30"/>
</round>
<round no="2"><cards type="Flop">D4 D10 D7</cards>
<action no="7" player="Rakki" type="4" sum="0"/>
<action no="8" player="OndaBianca1" type="4" discard="1" dealt="1" sum="0"/>
</round>
<round no="3"><cards type="Turn">C2</cards>
<action no="9" player="Rakki" type="5" sum="130"/>
<action no="10" player="OndaBianca1" type="3" discard="1" dealt="1" sum="130"/>
</round>
<round no="4"><cards type="River">S9</cards>
<action no="11" player="Rakki" type="5" sum="715"/>
<action no="12" player="OndaBianca1" type="7" discard="1" dealt="1" sum="395"/>
</round>
</game>
</session>
