<?xml version="1.0" encoding="UTF-8"?>
<session sessioncode="5054835073">
<general>
<client_version>25.1.1.16</client_version>
<mode>real</mode>
<gametype>Holdem NL</gametype>
<tablename>Twister €100 SNG, 816187119</tablename>
<tournamentcode>816187118</tournamentcode>
<tournamentname>Twister €100 SNG</tournamentname>
<buyin>€0 + €7 + €93</buyin>
<totalbuyin>€100</totalbuyin>
<rewarddrawn>€500</rewarddrawn>
<tournamentcurrency>EUR</tournamentcurrency>
<currency>EUR</currency>
<nickname>Rakki</nickname>
<gamecount>14</gamecount>
<startdate>2025-08-21 01:06:47</startdate>
<place>2</place>
<win>€0</win>
<tablesize>3</tablesize>
</general>
<game gamecode="6458608350"><general><startdate>2025-08-21 01:07:02</startdate>
<round>1</round>
<failsafecounter/>
<players><player seat="3" name="Zeeria" chips="500" dealer="0" win="80" bet="80" muck="1" rebuy="0" addon="0" merge="0" rebuychips="0" reg_code="5054835025"/>
<player seat="6" name="Rakki" chips="500" dealer="1" win="0" bet="0" muck="1" rebuy="0" addon="0" merge="0" rebuychips="0" reg_code="5054835073"/>
<player seat="10" name="romeeeee2000" chips="500" dealer="0" win="0" bet="40" muck="1" rebuy="0" addon="0" merge="0" rebuychips="0" reg_code="5054835477"/>
</players>
</general>
<round no="0"><action no="1" player="romeeeee2000" type="1" discard="1" dealt="1" sum="10"/>
<action no="2" player="Zeeria" type="2" discard="1" dealt="1" sum="20"/>
</round>
<round no="1"><cards type="Pocket" player="romeeeee2000">X X</cards>
<cards type="Pocket" player="Rakki">DQ S7</cards>
<cards type="Pocket" player="Zeeria">X X</cards>
<action no="3" player="Rakki" type="0" sum="0"/>
<action no="4" player="romeeeee2000" type="23" discard="1" dealt="1" sum="40"/>
<action no="5" player="Zeeria" type="3" discard="1" dealt="1" sum="20"/>
</round>
<round no="2"><cards type="Flop">DJ S5 D8</cards>
<action no="6" player="romeeeee2000" type="4" discard="1" dealt="1" sum="0"/>
<action no="7" player="Zeeria" type="5" discard="1" dealt="1" sum="40"/>
<action no="8" player="romeeeee2000" type="0" discard="1" dealt="1" sum="0"/>
</round>
</game>
<game gamecode="6458608388"><general><startdate>2025-08-21 01:07:20</startdate>
<round>1</round>
<failsafecounter/>
<players><player seat="6" name="Rakki" chips="500" dealer="0" win="20" bet="20" muck="1" rebuy="0" addon="0" merge="0" rebuychips="0" reg_code="5054835073"/>
<player seat="10" name="romeeeee2000" chips="460" dealer="1" win="0" bet="0" muck="1" rebuy="0" addon="0" merge="0" rebuychips="0" reg_code="5054835477"/>
<player seat="3" name="Zeeria" chips="540" dealer="0" win="0" bet="10" muck="1" rebuy="0" addon="0" merge="0" rebuychips="0" reg_code="5054835025"/>
</players>
</general>
<round no="0"><action no="1" player="Zeeria" type="1" discard="1" dealt="1" sum="10"/>
<action no="2" player="Rakki" type="2" sum="20"/>
</round>
<round no="1"><cards type="Pocket" player="romeeeee2000">X X</cards>
<cards type="Pocket" player="Zeeria">X X</cards>
<cards type="Pocket" player="Rakki">H10 C5</cards>
<action no="3" player="romeeeee2000" type="0" discard="1" dealt="1" sum="0"/>
<action no="4" player="Zeeria" type="0" discard="1" dealt="1" sum="0"/>
</round>
</game>
<game gamecode="6458608402"><general><startdate>2025-08-21 01:07:27</startdate>
<round>1</round>
<failsafecounter/>
<players><player seat="10" name="romeeeee2000" chips="460" dealer="0" win="20" bet="20" muck="1" rebuy="0" addon="0" merge="0" rebuychips="0" reg_code="5054835477"/>
<player seat="3" name="Zeeria" chips="530" dealer="1" win="0" bet="0" muck="1" rebuy="0" addon="0" merge="0" rebuychips="0" reg_code="5054835025"/>
<player seat="6" name="Rakki" chips="510" dealer="0" win="0" bet="10" muck="1" rebuy="0" addon="0" merge="0" rebuychips="0" reg_code="5054835073"/>
</players>
</general>
<round no="0"><action no="1" player="Rakki" type="1" sum="10"/>
<action no="2" player="romeeeee2000" type="2" discard="1" dealt="1" sum="20"/>
</round>
<round no="1"><cards type="Pocket" player="Rakki">HQ C2</cards>
<cards type="Pocket" player="Zeeria">X X</cards>
<cards type="Pocket" player="romeeeee2000">X X</cards>
<action no="3" player="Zeeria" type="0" discard="1" dealt="1" sum="0"/>
<action no="4" player="Rakki" type="0" sum="0"/>
</round>
</game>
<game gamecode="6458608426"><general><startdate>2025-08-21 01:07:42</startdate>
<round>1</round>
<failsafecounter/>
<players><player seat="3" name="Zeeria" chips="530" dealer="0" win="536" bet="268" muck="0" rebuy="0" addon="0" merge="0" rebuychips="0" reg_code="5054835025"/>
<player seat="6" name="Rakki" chips="500" dealer="1" win="0" bet="0" muck="1" rebuy="0" addon="0" merge="0" rebuychips="0" reg_code="5054835073"/>
<player seat="10" name="romeeeee2000" chips="470" dealer="0" win="0" bet="268" muck="0" rebuy="0" addon="0" merge="0" rebuychips="0" reg_code="5054835477"/>
</players>
</general>
<round no="0"><action no="1" player="romeeeee2000" type="1" discard="1" dealt="1" sum="10"/>
<action no="2" player="Zeeria" type="2" discard="1" dealt="1" sum="20"/>
</round>
<round no="1"><cards type="Pocket" player="Rakki">DK S4</cards>
<cards type="Pocket" player="Zeeria">CK D2</cards>
<cards type="Pocket" player="romeeeee2000">H4 SA</cards>
<action no="3" player="Rakki" type="0" sum="0"/>
<action no="4" player="romeeeee2000" type="3" discard="1" dealt="1" sum="10"/>
<action no="5" player="Zeeria" type="23" discard="1" dealt="1" sum="80"/>
<action no="6" player="romeeeee2000" type="3" discard="1" dealt="1" sum="60"/>
</round>
<round no="2"><cards type="Flop">C3 D3 S8</cards>
<action no="7" player="romeeeee2000" type="4" discard="1" dealt="1" sum="0"/>
<action no="8" player="Zeeria" type="5" discard="1" dealt="1" sum="48"/>
<action no="9" player="romeeeee2000" type="3" discard="1" dealt="1" sum="48"/>
</round>
<round no="3"><cards type="Turn">C9</cards>
<action no="10" player="romeeeee2000" type="4" discard="1" dealt="1" sum="0"/>
<action no="11" player="Zeeria" type="4" discard="1" dealt="1" sum="0"/>
</round>
<round no="4"><cards type="River">C2</cards>
<action no="12" player="romeeeee2000" type="5" discard="1" dealt="1" sum="140"/>
<action no="13" player="Zeeria" type="3" discard="1" dealt="1" sum="140"/>
</round>
</game>
<game gamecode="6458608498"><general><startdate>2025-08-21 01:08:19</startdate>
<round>1</round>
<failsafecounter/>
<players><player seat="6" name="Rakki" chips="500" dealer="0" win="0" bet="20" muck="1" rebuy="0" addon="0" merge="0" rebuychips="0" reg_code="5054835073"/>
<player seat="10" name="romeeeee2000" chips="202" dealer="1" win="0" bet="20" muck="1" rebuy="0" addon="0" merge="0" rebuychips="0" reg_code="5054835477"/>
<player seat="3" name="Zeeria" chips="798" dealer="0" win="60" bet="798" muck="1" rebuy="0" addon="0" merge="0" rebuychips="0" reg_code="5054835025"/>
</players>
</general>
<round no="0"><action no="1" player="Zeeria" type="1" discard="1" dealt="1" sum="10"/>
<action no="2" player="Rakki" type="2" sum="20"/>
</round>
<round no="1"><cards type="Pocket" player="Zeeria">X X</cards>
<cards type="Pocket" player="romeeeee2000">X X</cards>
<cards type="Pocket" player="Rakki">C4 H9</cards>
<action no="3" player="romeeeee2000" type="3" discard="1" dealt="1" sum="20"/>
<action no="4" player="Zeeria" type="23" discard="1" dealt="1" sum="798"/>
<action no="5" player="Rakki" type="0" sum="0"/>
<action no="6" player="romeeeee2000" type="0" discard="1" dealt="1" sum="0"/>
</round>
</game>
<game gamecode="6458608518"><general><startdate>2025-08-21 01:08:30</startdate>
<round>1</round>
<failsafecounter/>
<players><player seat="10" name="romeeeee2000" chips="182" dealer="0" win="364" bet="182" muck="0" rebuy="0" addon="0" merge="0" rebuychips="0" reg_code="5054835477"/>
<player seat="3" name="Zeeria" chips="838" dealer="1" win="0" bet="0" muck="1" rebuy="0" addon="0" merge="0" rebuychips="0" reg_code="5054835025"/>
<player seat="6" name="Rakki" chips="480" dealer="0" win="0" bet="480" muck="1" rebuy="0" addon="0" merge="0" rebuychips="0" reg_code="5054835073"/>
</players>
</general>
<round no="0"><action no="1" player="Rakki" type="1" sum="10"/>
<action no="2" player="romeeeee2000" type="2" discard="1" dealt="1" sum="20"/>
</round>
<round no="1"><cards type="Pocket" player="Rakki">C7 D7</cards>
<cards type="Pocket" player="Zeeria">X X</cards>
<cards type="Pocket" player="romeeeee2000">H8 DA</cards>
<action no="3" player="Zeeria" type="0" discard="1" dealt="1" sum="0"/>
<action no="4" player="Rakki" type="23" sum="480"/>
<action no="5" player="romeeeee2000" type="7" discard="1" dealt="1" sum="162"/>
</round>
<round no="2"><cards type="Flop">H10 CQ HK</cards>
</round>
<round no="3"><cards type="Turn">D8</cards>
</round>
<round no="4"><cards type="River">S4</cards>
</round>
</game>
<game gamecode="6458608559"><general><startdate>2025-08-21 01:08:51</startdate>
<round>1</round>
<failsafecounter/>
<players><player seat="3" name="Zeeria" chips="838" dealer="0" win="0" bet="20" muck="1" rebuy="0" addon="0" merge="0" rebuychips="0" reg_code="5054835025"/>
<player seat="6" name="Rakki" chips="298" dealer="1" win="50" bet="298" muck="1" rebuy="0" addon="0" merge="0" rebuychips="0" reg_code="5054835073"/>
<player seat="10" name="romeeeee2000" chips="364" dealer="0" win="0" bet="10" muck="1" rebuy="0" addon="0" merge="0" rebuychips="0" reg_code="5054835477"/>
</players>
</general>
<round no="0"><action no="1" player="romeeeee2000" type="1" discard="1" dealt="1" sum="10"/>
<action no="2" player="Zeeria" type="2" discard="1" dealt="1" sum="20"/>
</round>
<round no="1"><cards type="Pocket" player="Rakki">D2 C2</cards>
<cards type="Pocket" player="Zeeria">X X</cards>
<cards type="Pocket" player="romeeeee2000">X X</cards>
<action no="3" player="Rakki" type="23" sum="298"/>
<action no="4" player="romeeeee2000" type="0" discard="1" dealt="1" sum="0"/>
<action no="5" player="Zeeria" type="0" discard="1" dealt="1" sum="0"/>
</round>
</game>
<game gamecode="6458608580"><general><startdate>2025-08-21 01:09:01</startdate>
<round>1</round>
<failsafecounter/>
<players><player seat="6" name="Rakki" chips="328" dealer="0" win="0" bet="65" muck="1" rebuy="0" addon="0" merge="0" rebuychips="0" reg_code="5054835073"/>
<player seat="10" name="romeeeee2000" chips="354" dealer="1" win="0" bet="354" muck="0" rebuy="0" addon="0" merge="0" rebuychips="0" reg_code="5054835477"/>
<player seat="3" name="Zeeria" chips="818" dealer="0" win="773" bet="365" muck="0" rebuy="0" addon="0" merge="0" rebuychips="0" reg_code="5054835025"/>
</players>
</general>
<round no="0"><action no="1" player="Zeeria" type="15" discard="1" dealt="1" sum="5"/>
<action no="2" player="Rakki" type="15" sum="5"/>
<action no="3" player="romeeeee2000" type="15" discard="1" dealt="1" sum="5"/>
<action no="4" player="Zeeria" type="1" discard="1" dealt="1" sum="15"/>
<action no="5" player="Rakki" type="2" sum="30"/>
</round>
<round no="1"><cards type="Pocket" player="Zeeria">S10 HQ</cards>
<cards type="Pocket" player="Rakki">D4 D5</cards>
<cards type="Pocket" player="romeeeee2000">S8 S7</cards>
<action no="6" player="romeeeee2000" type="3" discard="1" dealt="1" sum="30"/>
<action no="7" player="Zeeria" type="3" discard="1" dealt="1" sum="15"/>
<action no="8" player="Rakki" type="4" sum="0"/>
</round>
<round no="2"><cards type="Flop">H4 SJ H8</cards>
<action no="9" player="Zeeria" type="4" discard="1" dealt="1" sum="0"/>
<action no="10" player="Rakki" type="4" sum="0"/>
<action no="11" player="romeeeee2000" type="5" discard="1" dealt="1" sum="30"/>
<action no="12" player="Zeeria" type="3" discard="1" dealt="1" sum="30"/>
<action no="13" player="Rakki" type="3" sum="30"/>
</round>
<round no="3"><cards type="Turn">D8</cards>
<action no="14" player="Zeeria" type="4" discard="1" dealt="1" sum="0"/>
<action no="15" player="Rakki" type="4" sum="0"/>
<action no="16" player="romeeeee2000" type="5" discard="1" dealt="1" sum="30"/>
<action no="17" player="Zeeria" type="3" discard="1" dealt="1" sum="30"/>
<action no="18" player="Rakki" type="0" sum="0"/>
</round>
<round no="4"><cards type="River">S9</cards>
<action no="19" player="Zeeria" type="5" discard="1" dealt="1" sum="270"/>
<action no="20" player="romeeeee2000" type="7" discard="1" dealt="1" sum="259"/>
</round>
</game>
<game gamecode="6458608687"><general><startdate>2025-08-21 01:10:05</startdate>
<round>1</round>
<failsafecounter/>
<players><player seat="6" name="Rakki" chips="263" dealer="0" win="0" bet="35" muck="1" rebuy="0" addon="0" merge="0" rebuychips="0" reg_code="5054835073"/>
<player seat="3" name="Zeeria" chips="1,237" dealer="1" win="70" bet="1,237" muck="1" rebuy="0" addon="0" merge="0" rebuychips="0" reg_code="5054835025"/>
</players>
</general>
<round no="0"><action no="1" player="Zeeria" type="15" discard="1" dealt="1" sum="5"/>
<action no="2" player="Rakki" type="15" sum="5"/>
<action no="3" player="Zeeria" type="1" discard="1" dealt="1" sum="15"/>
<action no="4" player="Rakki" type="2" sum="30"/>
</round>
<round no="1"><cards type="Pocket" player="Rakki">D6 SJ</cards>
<cards type="Pocket" player="Zeeria">X X</cards>
<action no="5" player="Zeeria" type="23" discard="1" dealt="1" sum="1,232"/>
<action no="6" player="Rakki" type="0" sum="0"/>
</round>
</game>
<game gamecode="6458608711"><general><startdate>2025-08-21 01:10:16</startdate>
<round>1</round>
<failsafecounter/>
<players><player seat="3" name="Zeeria" chips="1,272" dealer="0" win="40" bet="35" muck="1" rebuy="0" addon="0" merge="0" rebuychips="0" reg_code="5054835025"/>
<player seat="6" name="Rakki" chips="228" dealer="1" win="0" bet="20" muck="1" rebuy="0" addon="0" merge="0" rebuychips="0" reg_code="5054835073"/>
</players>
</general>
<round no="0"><action no="1" player="Rakki" type="15" sum="5"/>
<action no="2" player="Zeeria" type="15" discard="1" dealt="1" sum="5"/>
<action no="3" player="Rakki" type="1" sum="15"/>
<action no="4" player="Zeeria" type="2" discard="1" dealt="1" sum="30"/>
</round>
<round no="1"><cards type="Pocket" player="Zeeria">X X</cards>
<cards type="Pocket" player="Rakki">D2 H9</cards>
<action no="5" player="Rakki" type="0" sum="0"/>
</round>
</game>
<game gamecode="6458608721"><general><startdate>2025-08-21 01:10:21</startdate>
<round>1</round>
<failsafecounter/>
<players><player seat="6" name="Rakki" chips="208" dealer="0" win="40" bet="35" muck="1" rebuy="0" addon="0" merge="0" rebuychips="0" reg_code="5054835073"/>
<player seat="3" name="Zeeria" chips="1,292" dealer="1" win="0" bet="20" muck="1" rebuy="0" addon="0" merge="0" rebuychips="0" reg_code="5054835025"/>
</players>
</general>
<round no="0"><action no="1" player="Zeeria" type="15" discard="1" dealt="1" sum="5"/>
<action no="2" player="Rakki" type="15" sum="5"/>
<action no="3" player="Zeeria" type="1" discard="1" dealt="1" sum="15"/>
<action no="4" player="Rakki" type="2" sum="30"/>
</round>
<round no="1"><cards type="Pocket" player="Rakki">H4 HJ</cards>
<cards type="Pocket" player="Zeeria">X X</cards>
<action no="5" player="Zeeria" type="0" discard="1" dealt="1" sum="0"/>
</round>
</game>
<game gamecode="6458608734"><general><startdate>2025-08-21 01:10:29</startdate>
<round>1</round>
<failsafecounter/>
<players><player seat="3" name="Zeeria" chips="1,272" dealer="0" win="40" bet="35" muck="1" rebuy="0" addon="0" merge="0" rebuychips="0" reg_code="5054835025"/>
<player seat="6" name="Rakki" chips="228" dealer="1" win="0" bet="20" muck="1" rebuy="0" addon="0" merge="0" rebuychips="0" reg_code="5054835073"/>
</players>
</general>
<round no="0"><action no="1" player="Rakki" type="15" sum="5"/>
<action no="2" player="Zeeria" type="15" discard="1" dealt="1" sum="5"/>
<action no="3" player="Rakki" type="1" sum="15"/>
<action no="4" player="Zeeria" type="2" discard="1" dealt="1" sum="30"/>
</round>
<round no="1"><cards type="Pocket" player="Rakki">H4 S6</cards>
<cards type="Pocket" player="Zeeria">X X</cards>
<action no="5" player="Rakki" type="0" sum="0"/>
</round>
</game>
<game gamecode="6458608745"><general><startdate>2025-08-21 01:10:35</startdate>
<round>1</round>
<failsafecounter/>
<players><player seat="6" name="Rakki" chips="208" dealer="0" win="0" bet="35" muck="1" rebuy="0" addon="0" merge="0" rebuychips="0" reg_code="5054835073"/>
<player seat="3" name="Zeeria" chips="1,292" dealer="1" win="70" bet="80" muck="1" rebuy="0" addon="0" merge="0" rebuychips="0" reg_code="5054835025"/>
</players>
</general>
<round no="0"><action no="1" player="Zeeria" type="15" discard="1" dealt="1" sum="5"/>
<action no="2" player="Rakki" type="15" sum="5"/>
<action no="3" player="Zeeria" type="1" discard="1" dealt="1" sum="15"/>
<action no="4" player="Rakki" type="2" sum="30"/>
</round>
<round no="1"><cards type="Pocket" player="Zeeria">X X</cards>
<cards type="Pocket" player="Rakki">H5 D2</cards>
<action no="5" player="Zeeria" type="3" discard="1" dealt="1" sum="15"/>
<action no="6" player="Rakki" type="4" sum="0"/>
</round>
<round no="2"><cards type="Flop">S4 SK D3</cards>
<action no="7" player="Rakki" type="4" sum="0"/>
<action no="8" player="Zeeria" type="4" discard="1" dealt="1" sum="0"/>
</round>
<round no="3"><cards type="Turn">D9</cards>
<action no="9" player="Rakki" type="4" sum="0"/>
<action no="10" player="Zeeria" type="5" discard="1" dealt="1" sum="45"/>
<action no="11" player="Rakki" type="0" sum="0"/>
</round>
</game>
<game gamecode="6458608795"><general><startdate>2025-08-21 01:11:03</startdate>
<round>1</round>
<failsafecounter/>
<players><player seat="3" name="Zeeria" chips="1,327" dealer="0" win="346" bet="173" muck="0" rebuy="0" addon="0" merge="0" rebuychips="0" reg_code="5054835025"/>
<player seat="6" name="Rakki" chips="173" dealer="1" win="0" bet="173" muck="0" rebuy="0" addon="0" merge="0" rebuychips="0" reg_code="5054835073"/>
</players>
</general>
<round no="0"><action no="1" player="Rakki" type="15" sum="5"/>
<action no="2" player="Zeeria" type="15" discard="1" dealt="1" sum="5"/>
<action no="3" player="Rakki" type="1" sum="20"/>
<action no="4" player="Zeeria" type="2" discard="1" dealt="1" sum="40"/>
</round>
<round no="1"><cards type="Pocket" player="Zeeria">D6 S6</cards>
<cards type="Pocket" player="Rakki">SK C7</cards>
<action no="5" player="Rakki" type="23" sum="168"/>
<action no="6" player="Zeeria" type="3" discard="1" dealt="1" sum="128"/>
</round>
<round no="2"><cards type="Flop">HJ D3 H9</cards>
</round>
<round no="3"><cards type="Turn">DA</cards>
</round>
<round no="4"><cards type="River">D9</cards>
</round>
</game>
</session>
