<?xml version="1.0" encoding="UTF-8"?>
<session sessioncode="5054492761">
<general>
<client_version>25.1.1.16</client_version>
<mode>real</mode>
<gametype>Holdem NL</gametype>
<tablename>Twister €100 SNG, 816087798</tablename>
<tournamentcode>816087797</tournamentcode>
<tournamentname>Twister €100 SNG</tournamentname>
<buyin>€0 + €7 + €93</buyin>
<totalbuyin>€100</totalbuyin>
<rewarddrawn>€200</rewarddrawn>
<tournamentcurrency>EUR</tournamentcurrency>
<currency>EUR</currency>
<nickname>Rakki</nickname>
<gamecount>9</gamecount>
<startdate>2025-08-19 15:59:36</startdate>
<place>3</place>
<win>€0</win>
<tablesize>3</tablesize>
</general>
<game gamecode="6457263375"><general><startdate>2025-08-19 15:59:51</startdate>
<round>1</round>
<failsafecounter/>
<players><player seat="10" name="SVfabiott93" chips="500" dealer="0" win="140" bet="70" muck="0" rebuy="0" addon="0" merge="0" rebuychips="0" reg_code="5054492918"/>
<player seat="3" name="Rakki" chips="500" dealer="1" win="0" bet="0" muck="1" rebuy="0" addon="0" merge="0" rebuychips="0" reg_code="5054492761"/>
<player seat="6" name="Tiuualex" chips="500" dealer="0" win="0" bet="70" muck="1" rebuy="0" addon="0" merge="0" rebuychips="0" reg_code="5054492790"/>
</players>
</general>
<round no="0"><action no="1" player="Tiuualex" type="1" discard="1" dealt="1" sum="10"/>
<action no="2" player="SVfabiott93" type="2" discard="1" dealt="1" sum="20"/>
</round>
<round no="1"><cards type="Pocket" player="SVfabiott93">S9 SA</cards>
<cards type="Pocket" player="Tiuualex">HA C6</cards>
<cards type="Pocket" player="Rakki">S4 H7</cards>
<action no="3" player="Rakki" type="0" sum="0"/>
<action no="4" player="Tiuualex" type="23" discard="1" dealt="1" sum="50"/>
<action no="5" player="SVfabiott93" type="3" discard="1" dealt="1" sum="30"/>
</round>
<round no="2"><cards type="Flop">S3 D5 SQ</cards>
<action no="6" player="Tiuualex" type="4" discard="1" dealt="1" sum="0"/>
<action no="7" player="SVfabiott93" type="5" discard="1" dealt="1" sum="20"/>
<action no="8" player="Tiuualex" type="3" discard="1" dealt="1" sum="20"/>
</round>
<round no="3"><cards type="Turn">HQ</cards>
<action no="9" player="Tiuualex" type="4" discard="1" dealt="1" sum="0"/>
<action no="10" player="SVfabiott93" type="4" discard="1" dealt="1" sum="0"/>
</round>
<round no="4"><cards type="River">CK</cards>
<action no="11" player="Tiuualex" type="4" discard="1" dealt="1" sum="0"/>
<action no="12" player="SVfabiott93" type="4" discard="1" dealt="1" sum="0"/>
</round>
</game>
<game gamecode="6457263458"><general><startdate>2025-08-19 16:00:30</startdate>
<round>1</round>
<failsafecounter/>
<players><player seat="3" name="Rakki" chips="500" dealer="0" win="20" bet="20" muck="1" rebuy="0" addon="0" merge="0" rebuychips="0" reg_code="5054492761"/>
<player seat="6" name="Tiuualex" chips="430" dealer="1" win="0" bet="0" muck="1" rebuy="0" addon="0" merge="0" rebuychips="0" reg_code="5054492790"/>
<player seat="10" name="SVfabiott93" chips="570" dealer="0" win="0" bet="10" muck="1" rebuy="0" addon="0" merge="0" rebuychips="0" reg_code="5054492918"/>
</players>
</general>
<round no="0"><action no="1" player="SVfabiott93" type="1" discard="1" dealt="1" sum="10"/>
<action no="2" player="Rakki" type="2" sum="20"/>
</round>
<round no="1"><cards type="Pocket" player="SVfabiott93">X X</cards>
<cards type="Pocket" player="Rakki">CK CQ</cards>
<cards type="Pocket" player="Tiuualex">X X</cards>
<action no="3" player="Tiuualex" type="0" discard="1" dealt="1" sum="0"/>
<action no="4" player="SVfabiott93" type="0" discard="1" dealt="1" sum="0"/>
</round>
</game>
<game gamecode="6457263486"><general><startdate>2025-08-19 16:00:40</startdate>
<round>1</round>
<failsafecounter/>
<players><player seat="6" name="Tiuualex" chips="430" dealer="0" win="0" bet="70" muck="1" rebuy="0" addon="0" merge="0" rebuychips="0" reg_code="5054492790"/>
<player seat="10" name="SVfabiott93" chips="560" dealer="1" win="0" bet="0" muck="1" rebuy="0" addon="0" merge="0" rebuychips="0" reg_code="5054492918"/>
<player seat="3" name="Rakki" chips="510" dealer="0" win="140" bet="120" muck="1" rebuy="0" addon="0" merge="0" rebuychips="0" reg_code="5054492761"/>
</players>
</general>
<round no="0"><action no="1" player="Rakki" type="1" sum="10"/>
<action no="2" player="Tiuualex" type="2" discard="1" dealt="1" sum="20"/>
</round>
<round no="1"><cards type="Pocket" player="Tiuualex">X X</cards>
<cards type="Pocket" player="Rakki">D9 D8</cards>
<cards type="Pocket" player="SVfabiott93">X X</cards>
<action no="3" player="SVfabiott93" type="0" discard="1" dealt="1" sum="0"/>
<action no="4" player="Rakki" type="3" sum="10"/>
<action no="5" player="Tiuualex" type="4" discard="1" dealt="1" sum="0"/>
</round>
<round no="2"><cards type="Flop">H2 H6 DA</cards>
<action no="6" player="Rakki" type="5" sum="20"/>
<action no="7" player="Tiuualex" type="23" discard="1" dealt="1" sum="50"/>
<action no="8" player="Rakki" type="23" sum="100"/>
<action no="9" player="Tiuualex" type="0" discard="1" dealt="1" sum="0"/>
</round>
</game>
<game gamecode="6457263576"><general><startdate>2025-08-19 16:01:18</startdate>
<round>1</round>
<failsafecounter/>
<players><player seat="10" name="SVfabiott93" chips="560" dealer="0" win="0" bet="20" muck="1" rebuy="0" addon="0" merge="0" rebuychips="0" reg_code="5054492918"/>
<player seat="3" name="Rakki" chips="580" dealer="1" win="0" bet="40" muck="1" rebuy="0" addon="0" merge="0" rebuychips="0" reg_code="5054492761"/>
<player seat="6" name="Tiuualex" chips="360" dealer="0" win="100" bet="360" muck="1" rebuy="0" addon="0" merge="0" rebuychips="0" reg_code="5054492790"/>
</players>
</general>
<round no="0"><action no="1" player="Tiuualex" type="1" discard="1" dealt="1" sum="10"/>
<action no="2" player="SVfabiott93" type="2" discard="1" dealt="1" sum="20"/>
</round>
<round no="1"><cards type="Pocket" player="Tiuualex">X X</cards>
<cards type="Pocket" player="SVfabiott93">X X</cards>
<cards type="Pocket" player="Rakki">H10 S9</cards>
<action no="3" player="Rakki" type="23" sum="40"/>
<action no="4" player="Tiuualex" type="23" discard="1" dealt="1" sum="360"/>
<action no="5" player="SVfabiott93" type="0" discard="1" dealt="1" sum="0"/>
<action no="6" player="Rakki" type="0" sum="0"/>
</round>
</game>
<game gamecode="6457263628"><general><startdate>2025-08-19 16:01:40</startdate>
<round>1</round>
<failsafecounter/>
<players><player seat="3" name="Rakki" chips="540" dealer="0" win="45" bet="35" muck="1" rebuy="0" addon="0" merge="0" rebuychips="0" reg_code="5054492761"/>
<player seat="6" name="Tiuualex" chips="420" dealer="1" win="0" bet="5" muck="1" rebuy="0" addon="0" merge="0" rebuychips="0" reg_code="5054492790"/>
<player seat="10" name="SVfabiott93" chips="540" dealer="0" win="0" bet="20" muck="1" rebuy="0" addon="0" merge="0" rebuychips="0" reg_code="5054492918"/>
</players>
</general>
<round no="0"><action no="1" player="SVfabiott93" type="15" discard="1" dealt="1" sum="5"/>
<action no="2" player="Rakki" type="15" sum="5"/>
<action no="3" player="Tiuualex" type="15" discard="1" dealt="1" sum="5"/>
<action no="4" player="SVfabiott93" type="1" discard="1" dealt="1" sum="15"/>
<action no="5" player="Rakki" type="2" sum="30"/>
</round>
<round no="1"><cards type="Pocket" player="Rakki">CJ SQ</cards>
<cards type="Pocket" player="SVfabiott93">X X</cards>
<cards type="Pocket" player="Tiuualex">X X</cards>
<action no="6" player="Tiuualex" type="0" discard="1" dealt="1" sum="0"/>
<action no="7" player="SVfabiott93" type="0" discard="1" dealt="1" sum="0"/>
</round>
</game>
<game gamecode="6457263643"><general><startdate>2025-08-19 16:01:49</startdate>
<round>1</round>
<failsafecounter/>
<players><player seat="6" name="Tiuualex" chips="415" dealer="0" win="0" bet="35" muck="1" rebuy="0" addon="0" merge="0" rebuychips="0" reg_code="5054492790"/>
<player seat="10" name="SVfabiott93" chips="520" dealer="1" win="0" bet="5" muck="1" rebuy="0" addon="0" merge="0" rebuychips="0" reg_code="5054492918"/>
<player seat="3" name="Rakki" chips="565" dealer="0" win="75" bet="565" muck="1" rebuy="0" addon="0" merge="0" rebuychips="0" reg_code="5054492761"/>
</players>
</general>
<round no="0"><action no="1" player="Rakki" type="15" sum="5"/>
<action no="2" player="Tiuualex" type="15" discard="1" dealt="1" sum="5"/>
<action no="3" player="SVfabiott93" type="15" discard="1" dealt="1" sum="5"/>
<action no="4" player="Rakki" type="1" sum="15"/>
<action no="5" player="Tiuualex" type="2" discard="1" dealt="1" sum="30"/>
</round>
<round no="1"><cards type="Pocket" player="Rakki">DA C8</cards>
<cards type="Pocket" player="SVfabiott93">X X</cards>
<cards type="Pocket" player="Tiuualex">X X</cards>
<action no="6" player="SVfabiott93" type="0" discard="1" dealt="1" sum="0"/>
<action no="7" player="Rakki" type="23" sum="560"/>
<action no="8" player="Tiuualex" type="0" discard="1" dealt="1" sum="0"/>
</round>
</game>
<game gamecode="6457263688"><general><startdate>2025-08-19 16:02:08</startdate>
<round>1</round>
<failsafecounter/>
<players><player seat="10" name="SVfabiott93" chips="515" dealer="0" win="1,050" bet="515" muck="0" rebuy="0" addon="0" merge="0" rebuychips="0" reg_code="5054492918"/>
<player seat="3" name="Rakki" chips="605" dealer="1" win="0" bet="605" muck="1" rebuy="0" addon="0" merge="0" rebuychips="0" reg_code="5054492761"/>
<player seat="6" name="Tiuualex" chips="380" dealer="0" win="0" bet="20" muck="1" rebuy="0" addon="0" merge="0" rebuychips="0" reg_code="5054492790"/>
</players>
</general>
<round no="0"><action no="1" player="Tiuualex" type="15" discard="1" dealt="1" sum="5"/>
<action no="2" player="SVfabiott93" type="15" discard="1" dealt="1" sum="5"/>
<action no="3" player="Rakki" type="15" sum="5"/>
<action no="4" player="Tiuualex" type="1" discard="1" dealt="1" sum="15"/>
<action no="5" player="SVfabiott93" type="2" discard="1" dealt="1" sum="30"/>
</round>
<round no="1"><cards type="Pocket" player="SVfabiott93">DK HA</cards>
<cards type="Pocket" player="Rakki">CA C5</cards>
<cards type="Pocket" player="Tiuualex">X X</cards>
<action no="6" player="Rakki" type="23" sum="600"/>
<action no="7" player="Tiuualex" type="0" discard="1" dealt="1" sum="0"/>
<action no="8" player="SVfabiott93" type="7" discard="1" dealt="1" sum="480"/>
</round>
<round no="2"><cards type="Flop">HK CQ D10</cards>
</round>
<round no="3"><cards type="Turn">C6</cards>
</round>
<round no="4"><cards type="River">D3</cards>
</round>
</game>
<game gamecode="6457263728"><general><startdate>2025-08-19 16:02:29</startdate>
<round>1</round>
<failsafecounter/>
<players><player seat="3" name="Rakki" chips="90" dealer="0" win="45" bet="35" muck="1" rebuy="0" addon="0" merge="0" rebuychips="0" reg_code="5054492761"/>
<player seat="6" name="Tiuualex" chips="360" dealer="1" win="0" bet="5" muck="1" rebuy="0" addon="0" merge="0" rebuychips="0" reg_code="5054492790"/>
<player seat="10" name="SVfabiott93" chips="1,050" dealer="0" win="0" bet="20" muck="1" rebuy="0" addon="0" merge="0" rebuychips="0" reg_code="5054492918"/>
</players>
</general>
<round no="0"><action no="1" player="SVfabiott93" type="15" discard="1" dealt="1" sum="5"/>
<action no="2" player="Rakki" type="15" sum="5"/>
<action no="3" player="Tiuualex" type="15" discard="1" dealt="1" sum="5"/>
<action no="4" player="SVfabiott93" type="1" discard="1" dealt="1" sum="15"/>
<action no="5" player="Rakki" type="2" sum="30"/>
</round>
<round no="1"><cards type="Pocket" player="SVfabiott93">X X</cards>
<cards type="Pocket" player="Rakki">CA D6</cards>
<cards type="Pocket" player="Tiuualex">X X</cards>
<action no="6" player="Tiuualex" type="0" discard="1" dealt="1" sum="0"/>
<action no="7" player="SVfabiott93" type="0" discard="1" dealt="1" sum="0"/>
</round>
</game>
<game gamecode="6457263747"><general><startdate>2025-08-19 16:02:36</startdate>
<round>1</round>
<failsafecounter/>
<players><player seat="6" name="Tiuualex" chips="355" dealer="0" win="235" bet="115" muck="0" rebuy="0" addon="0" merge="0" rebuychips="0" reg_code="5054492790"/>
<player seat="10" name="SVfabiott93" chips="1,030" dealer="1" win="0" bet="5" muck="1" rebuy="0" addon="0" merge="0" rebuychips="0" reg_code="5054492918"/>
<player seat="3" name="Rakki" chips="115" dealer="0" win="0" bet="115" muck="0" rebuy="0" addon="0" merge="0" rebuychips="0" reg_code="5054492761"/>
</players>
</general>
<round no="0"><action no="1" player="Rakki" type="15" sum="5"/>
<action no="2" player="Tiuualex" type="15" discard="1" dealt="1" sum="5"/>
<action no="3" player="SVfabiott93" type="15" discard="1" dealt="1" sum="5"/>
<action no="4" player="Rakki" type="1" sum="15"/>
<action no="5" player="Tiuualex" type="2" discard="1" dealt="1" sum="30"/>
</round>
<round no="1"><cards type="Pocket" player="Tiuualex">DQ SQ</cards>
<cards type="Pocket" player="SVfabiott93">X X</cards>
<cards type="Pocket" player="Rakki">D10 D3</cards>
<action no="6" player="SVfabiott93" type="0" discard="1" dealt="1" sum="0"/>
<action no="7" player="Rakki" type="23" sum="110"/>
<action no="8" player="Tiuualex" type="3" discard="1" dealt="1" sum="80"/>
</round>
<round no="2"><cards type="Flop">S7 S8 C8</cards>
</round>
<round no="3"><cards type="Turn">H2</cards>
</round>
<round no="4"><cards type="River">D8</cards>
</round>
</game>
</session>
