<?xml version="1.0" encoding="UTF-8"?>
<session sessioncode="5054843490">
<general>
<client_version>25.1.1.16</client_version>
<mode>real</mode>
<gametype>Holdem NL</gametype>
<tablename>Twister €100 SNG, 816190542</tablename>
<tournamentcode>816190541</tournamentcode>
<tournamentname>Twister €100 SNG</tournamentname>
<buyin>€0 + €7 + €93</buyin>
<totalbuyin>€100</totalbuyin>
<rewarddrawn>€300</rewarddrawn>
<tournamentcurrency>EUR</tournamentcurrency>
<currency>EUR</currency>
<nickname>Rakki</nickname>
<gamecount>19</gamecount>
<startdate>2025-08-21 02:05:57</startdate>
<place>1</place>
<win>€300</win>
<tablesize>3</tablesize>
</general>
<game gamecode="6458652358"><general><startdate>2025-08-21 02:06:12</startdate>
<round>1</round>
<failsafecounter/>
<players><player seat="3" name="Tiuualex" chips="500" dealer="0" win="0" bet="60" muck="1" rebuy="0" addon="0" merge="0" rebuychips="0" reg_code="5054843355"/>
<player seat="6" name="Rakki" chips="500" dealer="1" win="0" bet="0" muck="1" rebuy="0" addon="0" merge="0" rebuychips="0" reg_code="5054843490"/>
<player seat="10" name="maillive" chips="500" dealer="0" win="120" bet="500" muck="1" rebuy="0" addon="0" merge="0" rebuychips="0" reg_code="5054843733"/>
</players>
</general>
<round no="0"><action no="1" player="maillive" type="1" discard="1" dealt="1" sum="10"/>
<action no="2" player="Tiuualex" type="2" discard="1" dealt="1" sum="20"/>
</round>
<round no="1"><cards type="Pocket" player="Tiuualex">X X</cards>
<cards type="Pocket" player="maillive">X X</cards>
<cards type="Pocket" player="Rakki">D7 HQ</cards>
<action no="3" player="Rakki" type="0" sum="0"/>
<action no="4" player="maillive" type="3" discard="1" dealt="1" sum="10"/>
<action no="5" player="Tiuualex" type="23" discard="1" dealt="1" sum="60"/>
<action no="6" player="maillive" type="3" discard="1" dealt="1" sum="40"/>
</round>
<round no="2"><cards type="Flop">C8 H4 H5</cards>
<action no="7" player="maillive" type="5" discard="1" dealt="1" sum="440"/>
<action no="8" player="Tiuualex" type="0" discard="1" dealt="1" sum="0"/>
</round>
</game>
<game gamecode="6458652408"><general><startdate>2025-08-21 02:06:48</startdate>
<round>1</round>
<failsafecounter/>
<players><player seat="6" name="Rakki" chips="500" dealer="0" win="0" bet="20" muck="1" rebuy="0" addon="0" merge="0" rebuychips="0" reg_code="5054843490"/>
<player seat="10" name="maillive" chips="560" dealer="1" win="0" bet="20" muck="1" rebuy="0" addon="0" merge="0" rebuychips="0" reg_code="5054843733"/>
<player seat="3" name="Tiuualex" chips="440" dealer="0" win="60" bet="140" muck="1" rebuy="0" addon="0" merge="0" rebuychips="0" reg_code="5054843355"/>
</players>
</general>
<round no="0"><action no="1" player="Tiuualex" type="1" discard="1" dealt="1" sum="10"/>
<action no="2" player="Rakki" type="2" sum="20"/>
</round>
<round no="1"><cards type="Pocket" player="Tiuualex">X X</cards>
<cards type="Pocket" player="Rakki">H2 D8</cards>
<cards type="Pocket" player="maillive">X X</cards>
<action no="3" player="maillive" type="3" discard="1" dealt="1" sum="20"/>
<action no="4" player="Tiuualex" type="23" discard="1" dealt="1" sum="140"/>
<action no="5" player="Rakki" type="0" sum="0"/>
<action no="6" player="maillive" type="0" discard="1" dealt="1" sum="0"/>
</round>
</game>
<game gamecode="6458652430"><general><startdate>2025-08-21 02:07:03</startdate>
<round>1</round>
<failsafecounter/>
<players><player seat="10" name="maillive" chips="540" dealer="0" win="100" bet="110" muck="1" rebuy="0" addon="0" merge="0" rebuychips="0" reg_code="5054843733"/>
<player seat="3" name="Tiuualex" chips="480" dealer="1" win="0" bet="0" muck="1" rebuy="0" addon="0" merge="0" rebuychips="0" reg_code="5054843355"/>
<player seat="6" name="Rakki" chips="480" dealer="0" win="0" bet="50" muck="1" rebuy="0" addon="0" merge="0" rebuychips="0" reg_code="5054843490"/>
</players>
</general>
<round no="0"><action no="1" player="Rakki" type="1" sum="10"/>
<action no="2" player="maillive" type="2" discard="1" dealt="1" sum="20"/>
</round>
<round no="1"><cards type="Pocket" player="Tiuualex">X X</cards>
<cards type="Pocket" player="Rakki">CK S9</cards>
<cards type="Pocket" player="maillive">X X</cards>
<action no="3" player="Tiuualex" type="0" discard="1" dealt="1" sum="0"/>
<action no="4" player="Rakki" type="23" sum="50"/>
<action no="5" player="maillive" type="3" discard="1" dealt="1" sum="30"/>
</round>
<round no="2"><cards type="Flop">SA D3 C5</cards>
<action no="6" player="Rakki" type="4" sum="0"/>
<action no="7" player="maillive" type="4" discard="1" dealt="1" sum="0"/>
</round>
<round no="3"><cards type="Turn">HQ</cards>
<action no="8" player="Rakki" type="4" sum="0"/>
<action no="9" player="maillive" type="5" discard="1" dealt="1" sum="60"/>
<action no="10" player="Rakki" type="0" sum="0"/>
</round>
</game>
<game gamecode="6458652467"><general><startdate>2025-08-21 02:07:24</startdate>
<round>1</round>
<failsafecounter/>
<players><player seat="3" name="Tiuualex" chips="480" dealer="0" win="120" bet="480" muck="1" rebuy="0" addon="0" merge="0" rebuychips="0" reg_code="5054843355"/>
<player seat="6" name="Rakki" chips="430" dealer="1" win="0" bet="40" muck="1" rebuy="0" addon="0" merge="0" rebuychips="0" reg_code="5054843490"/>
<player seat="10" name="maillive" chips="590" dealer="0" win="0" bet="40" muck="1" rebuy="0" addon="0" merge="0" rebuychips="0" reg_code="5054843733"/>
</players>
</general>
<round no="0"><action no="1" player="maillive" type="1" discard="1" dealt="1" sum="10"/>
<action no="2" player="Tiuualex" type="2" discard="1" dealt="1" sum="20"/>
</round>
<round no="1"><cards type="Pocket" player="Rakki">HK H2</cards>
<cards type="Pocket" player="Tiuualex">X X</cards>
<cards type="Pocket" player="maillive">X X</cards>
<action no="3" player="Rakki" type="23" sum="40"/>
<action no="4" player="maillive" type="3" discard="1" dealt="1" sum="30"/>
<action no="5" player="Tiuualex" type="23" discard="1" dealt="1" sum="480"/>
<action no="6" player="Rakki" type="0" sum="0"/>
<action no="7" player="maillive" type="0" discard="1" dealt="1" sum="0"/>
</round>
</game>
<game gamecode="6458652511"><general><startdate>2025-08-21 02:07:47</startdate>
<round>1</round>
<failsafecounter/>
<players><player seat="6" name="Rakki" chips="390" dealer="0" win="0" bet="20" muck="1" rebuy="0" addon="0" merge="0" rebuychips="0" reg_code="5054843490"/>
<player seat="10" name="maillive" chips="550" dealer="1" win="50" bet="40" muck="1" rebuy="0" addon="0" merge="0" rebuychips="0" reg_code="5054843733"/>
<player seat="3" name="Tiuualex" chips="560" dealer="0" win="0" bet="10" muck="1" rebuy="0" addon="0" merge="0" rebuychips="0" reg_code="5054843355"/>
</players>
</general>
<round no="0"><action no="1" player="Tiuualex" type="1" discard="1" dealt="1" sum="10"/>
<action no="2" player="Rakki" type="2" sum="20"/>
</round>
<round no="1"><cards type="Pocket" player="maillive">X X</cards>
<cards type="Pocket" player="Rakki">D2 H9</cards>
<cards type="Pocket" player="Tiuualex">X X</cards>
<action no="3" player="maillive" type="23" discard="1" dealt="1" sum="40"/>
<action no="4" player="Tiuualex" type="0" discard="1" dealt="1" sum="0"/>
<action no="5" player="Rakki" type="0" sum="0"/>
</round>
</game>
<game gamecode="6458652539"><general><startdate>2025-08-21 02:08:03</startdate>
<round>1</round>
<failsafecounter/>
<players><player seat="10" name="maillive" chips="580" dealer="0" win="45" bet="35" muck="1" rebuy="0" addon="0" merge="0" rebuychips="0" reg_code="5054843733"/>
<player seat="3" name="Tiuualex" chips="550" dealer="1" win="0" bet="5" muck="1" rebuy="0" addon="0" merge="0" rebuychips="0" reg_code="5054843355"/>
<player seat="6" name="Rakki" chips="370" dealer="0" win="0" bet="20" muck="1" rebuy="0" addon="0" merge="0" rebuychips="0" reg_code="5054843490"/>
</players>
</general>
<round no="0"><action no="1" player="Rakki" type="15" sum="5"/>
<action no="2" player="maillive" type="15" discard="1" dealt="1" sum="5"/>
<action no="3" player="Tiuualex" type="15" discard="1" dealt="1" sum="5"/>
<action no="4" player="Rakki" type="1" sum="15"/>
<action no="5" player="maillive" type="2" discard="1" dealt="1" sum="30"/>
</round>
<round no="1"><cards type="Pocket" player="maillive">X X</cards>
<cards type="Pocket" player="Rakki">H10 C3</cards>
<cards type="Pocket" player="Tiuualex">X X</cards>
<action no="6" player="Tiuualex" type="0" discard="1" dealt="1" sum="0"/>
<action no="7" player="Rakki" type="0" sum="0"/>
</round>
</game>
<game gamecode="6458652556"><general><startdate>2025-08-21 02:08:15</startdate>
<round>1</round>
<failsafecounter/>
<players><player seat="3" name="Tiuualex" chips="545" dealer="0" win="0" bet="35" muck="1" rebuy="0" addon="0" merge="0" rebuychips="0" reg_code="5054843355"/>
<player seat="6" name="Rakki" chips="350" dealer="1" win="90" bet="350" muck="1" rebuy="0" addon="0" merge="0" rebuychips="0" reg_code="5054843490"/>
<player seat="10" name="maillive" chips="605" dealer="0" win="0" bet="20" muck="1" rebuy="0" addon="0" merge="0" rebuychips="0" reg_code="5054843733"/>
</players>
</general>
<round no="0"><action no="1" player="maillive" type="15" discard="1" dealt="1" sum="5"/>
<action no="2" player="Tiuualex" type="15" discard="1" dealt="1" sum="5"/>
<action no="3" player="Rakki" type="15" sum="5"/>
<action no="4" player="maillive" type="1" discard="1" dealt="1" sum="15"/>
<action no="5" player="Tiuualex" type="2" discard="1" dealt="1" sum="30"/>
</round>
<round no="1"><cards type="Pocket" player="maillive">X X</cards>
<cards type="Pocket" player="Tiuualex">X X</cards>
<cards type="Pocket" player="Rakki">S5 SA</cards>
<action no="6" player="Rakki" type="23" sum="345"/>
<action no="7" player="maillive" type="0" discard="1" dealt="1" sum="0"/>
<action no="8" player="Tiuualex" type="0" discard="1" dealt="1" sum="0"/>
</round>
</game>
<game gamecode="6458652579"><general><startdate>2025-08-21 02:08:29</startdate>
<round>1</round>
<failsafecounter/>
<players><player seat="6" name="Rakki" chips="405" dealer="0" win="407" bet="405" muck="0" rebuy="0" addon="0" merge="0" rebuychips="0" reg_code="5054843490"/>
<player seat="10" name="maillive" chips="585" dealer="1" win="0" bet="5" muck="1" rebuy="0" addon="0" merge="0" rebuychips="0" reg_code="5054843733"/>
<player seat="3" name="Tiuualex" chips="510" dealer="0" win="408" bet="405" muck="0" rebuy="0" addon="0" merge="0" rebuychips="0" reg_code="5054843355"/>
</players>
</general>
<round no="0"><action no="1" player="Tiuualex" type="15" discard="1" dealt="1" sum="5"/>
<action no="2" player="Rakki" type="15" sum="5"/>
<action no="3" player="maillive" type="15" discard="1" dealt="1" sum="5"/>
<action no="4" player="Tiuualex" type="1" discard="1" dealt="1" sum="15"/>
<action no="5" player="Rakki" type="2" sum="30"/>
</round>
<round no="1"><cards type="Pocket" player="Tiuualex">HA C9</cards>
<cards type="Pocket" player="maillive">X X</cards>
<cards type="Pocket" player="Rakki">H9 SA</cards>
<action no="6" player="maillive" type="0" discard="1" dealt="1" sum="0"/>
<action no="7" player="Tiuualex" type="3" discard="1" dealt="1" sum="15"/>
<action no="8" player="Rakki" type="23" sum="400"/>
<action no="9" player="Tiuualex" type="3" discard="1" dealt="1" sum="370"/>
</round>
<round no="2"><cards type="Flop">S2 S5 CK</cards>
</round>
<round no="3"><cards type="Turn">D5</cards>
</round>
<round no="4"><cards type="River">C5</cards>
</round>
</game>
<game gamecode="6458652620"><general><startdate>2025-08-21 02:08:55</startdate>
<round>1</round>
<failsafecounter/>
<players><player seat="10" name="maillive" chips="580" dealer="0" win="225" bet="185" muck="1" rebuy="0" addon="0" merge="0" rebuychips="0" reg_code="5054843733"/>
<player seat="3" name="Tiuualex" chips="513" dealer="1" win="0" bet="5" muck="1" rebuy="0" addon="0" merge="0" rebuychips="0" reg_code="5054843355"/>
<player seat="6" name="Rakki" chips="407" dealer="0" win="0" bet="110" muck="1" rebuy="0" addon="0" merge="0" rebuychips="0" reg_code="5054843490"/>
</players>
</general>
<round no="0"><action no="1" player="Rakki" type="15" sum="5"/>
<action no="2" player="maillive" type="15" discard="1" dealt="1" sum="5"/>
<action no="3" player="Tiuualex" type="15" discard="1" dealt="1" sum="5"/>
<action no="4" player="Rakki" type="1" sum="15"/>
<action no="5" player="maillive" type="2" discard="1" dealt="1" sum="30"/>
</round>
<round no="1"><cards type="Pocket" player="maillive">X X</cards>
<cards type="Pocket" player="Tiuualex">X X</cards>
<cards type="Pocket" player="Rakki">D9 H10</cards>
<action no="6" player="Tiuualex" type="0" discard="1" dealt="1" sum="0"/>
<action no="7" player="Rakki" type="3" sum="15"/>
<action no="8" player="maillive" type="4" discard="1" dealt="1" sum="0"/>
</round>
<round no="2"><cards type="Flop">C6 C5 D4</cards>
<action no="9" player="Rakki" type="4" sum="0"/>
<action no="10" player="maillive" type="4" discard="1" dealt="1" sum="0"/>
</round>
<round no="3"><cards type="Turn">D7</cards>
<action no="11" player="Rakki" type="5" sum="75"/>
<action no="12" player="maillive" type="23" discard="1" dealt="1" sum="150"/>
<action no="13" player="Rakki" type="0" sum="0"/>
</round>
</game>
<game gamecode="6458652697"><general><startdate>2025-08-21 02:09:37</startdate>
<round>1</round>
<failsafecounter/>
<players><player seat="3" name="Tiuualex" chips="508" dealer="0" win="0" bet="297" muck="1" rebuy="0" addon="0" merge="0" rebuychips="0" reg_code="5054843355"/>
<player seat="6" name="Rakki" chips="297" dealer="1" win="619" bet="297" muck="0" rebuy="0" addon="0" merge="0" rebuychips="0" reg_code="5054843490"/>
<player seat="10" name="maillive" chips="695" dealer="0" win="0" bet="25" muck="1" rebuy="0" addon="0" merge="0" rebuychips="0" reg_code="5054843733"/>
</players>
</general>
<round no="0"><action no="1" player="maillive" type="15" discard="1" dealt="1" sum="5"/>
<action no="2" player="Tiuualex" type="15" discard="1" dealt="1" sum="5"/>
<action no="3" player="Rakki" type="15" sum="5"/>
<action no="4" player="maillive" type="1" discard="1" dealt="1" sum="20"/>
<action no="5" player="Tiuualex" type="2" discard="1" dealt="1" sum="40"/>
</round>
<round no="1"><cards type="Pocket" player="Tiuualex">DK D3</cards>
<cards type="Pocket" player="Rakki">CK S10</cards>
<cards type="Pocket" player="maillive">X X</cards>
<action no="6" player="Rakki" type="23" sum="292"/>
<action no="7" player="maillive" type="0" discard="1" dealt="1" sum="0"/>
<action no="8" player="Tiuualex" type="3" discard="1" dealt="1" sum="252"/>
</round>
<round no="2"><cards type="Flop">SA H8 D10</cards>
</round>
<round no="3"><cards type="Turn">C3</cards>
</round>
<round no="4"><cards type="River">H4</cards>
</round>
</game>
<game gamecode="6458652740"><general><startdate>2025-08-21 02:09:58</startdate>
<round>1</round>
<failsafecounter/>
<players><player seat="6" name="Rakki" chips="619" dealer="0" win="427" bet="285" muck="0" rebuy="0" addon="0" merge="0" rebuychips="0" reg_code="5054843490"/>
<player seat="10" name="maillive" chips="670" dealer="1" win="0" bet="5" muck="1" rebuy="0" addon="0" merge="0" rebuychips="0" reg_code="5054843733"/>
<player seat="3" name="Tiuualex" chips="211" dealer="0" win="0" bet="211" muck="0" rebuy="0" addon="0" merge="0" rebuychips="0" reg_code="5054843355"/>
</players>
</general>
<round no="0"><action no="1" player="Tiuualex" type="15" discard="1" dealt="1" sum="5"/>
<action no="2" player="Rakki" type="15" sum="5"/>
<action no="3" player="maillive" type="15" discard="1" dealt="1" sum="5"/>
<action no="4" player="Tiuualex" type="1" discard="1" dealt="1" sum="20"/>
<action no="5" player="Rakki" type="2" sum="40"/>
</round>
<round no="1"><cards type="Pocket" player="maillive">X X</cards>
<cards type="Pocket" player="Rakki">C6 HK</cards>
<cards type="Pocket" player="Tiuualex">S3 DJ</cards>
<action no="6" player="maillive" type="0" discard="1" dealt="1" sum="0"/>
<action no="7" player="Tiuualex" type="23" discard="1" dealt="1" sum="160"/>
<action no="8" player="Rakki" type="23" sum="280"/>
<action no="9" player="Tiuualex" type="7" discard="1" dealt="1" sum="46"/>
</round>
<round no="2"><cards type="Flop">D2 D10 D7</cards>
</round>
<round no="3"><cards type="Turn">SA</cards>
</round>
<round no="4"><cards type="River">S6</cards>
</round>
</game>
<game gamecode="6458652774"><general><startdate>2025-08-21 02:10:21</startdate>
<round>1</round>
<failsafecounter/>
<players><player seat="10" name="maillive" chips="665" dealer="0" win="340" bet="255" muck="1" rebuy="0" addon="0" merge="0" rebuychips="0" reg_code="5054843733"/>
<player seat="6" name="Rakki" chips="835" dealer="1" win="0" bet="170" muck="1" rebuy="0" addon="0" merge="0" rebuychips="0" reg_code="5054843490"/>
</players>
</general>
<round no="0"><action no="1" player="Rakki" type="15" sum="5"/>
<action no="2" player="maillive" type="15" discard="1" dealt="1" sum="5"/>
<action no="3" player="Rakki" type="1" sum="20"/>
<action no="4" player="maillive" type="2" discard="1" dealt="1" sum="40"/>
</round>
<round no="1"><cards type="Pocket" player="maillive">X X</cards>
<cards type="Pocket" player="Rakki">DK S7</cards>
<action no="5" player="Rakki" type="3" sum="20"/>
<action no="6" player="maillive" type="4" discard="1" dealt="1" sum="0"/>
</round>
<round no="2"><cards type="Flop">D7 S3 H9</cards>
<action no="7" player="maillive" type="4" discard="1" dealt="1" sum="0"/>
<action no="8" player="Rakki" type="5" sum="40"/>
<action no="9" player="maillive" type="3" discard="1" dealt="1" sum="40"/>
</round>
<round no="3"><cards type="Turn">H6</cards>
<action no="10" player="maillive" type="4" discard="1" dealt="1" sum="0"/>
<action no="11" player="Rakki" type="5" sum="85"/>
<action no="12" player="maillive" type="23" discard="1" dealt="1" sum="170"/>
<action no="13" player="Rakki" type="0" sum="0"/>
</round>
</game>
<game gamecode="6458652823"><general><startdate>2025-08-21 02:10:46</startdate>
<round>1</round>
<failsafecounter/>
<players><player seat="6" name="Rakki" chips="665" dealer="0" win="50" bet="45" muck="1" rebuy="0" addon="0" merge="0" rebuychips="0" reg_code="5054843490"/>
<player seat="10" name="maillive" chips="835" dealer="1" win="0" bet="25" muck="1" rebuy="0" addon="0" merge="0" rebuychips="0" reg_code="5054843733"/>
</players>
</general>
<round no="0"><action no="1" player="maillive" type="15" discard="1" dealt="1" sum="5"/>
<action no="2" player="Rakki" type="15" sum="5"/>
<action no="3" player="maillive" type="1" discard="1" dealt="1" sum="20"/>
<action no="4" player="Rakki" type="2" sum="40"/>
</round>
<round no="1"><cards type="Pocket" player="Rakki">D7 C7</cards>
<cards type="Pocket" player="maillive">X X</cards>
<action no="5" player="maillive" type="0" discard="1" dealt="1" sum="0"/>
</round>
</game>
<game gamecode="6458652830"><general><startdate>2025-08-21 02:10:51</startdate>
<round>1</round>
<failsafecounter/>
<players><player seat="10" name="maillive" chips="810" dealer="0" win="0" bet="45" muck="1" rebuy="0" addon="0" merge="0" rebuychips="0" reg_code="5054843733"/>
<player seat="6" name="Rakki" chips="690" dealer="1" win="90" bet="85" muck="1" rebuy="0" addon="0" merge="0" rebuychips="0" reg_code="5054843490"/>
</players>
</general>
<round no="0"><action no="1" player="Rakki" type="15" sum="5"/>
<action no="2" player="maillive" type="15" discard="1" dealt="1" sum="5"/>
<action no="3" player="Rakki" type="1" sum="20"/>
<action no="4" player="maillive" type="2" discard="1" dealt="1" sum="40"/>
</round>
<round no="1"><cards type="Pocket" player="Rakki">S4 S2</cards>
<cards type="Pocket" player="maillive">X X</cards>
<action no="5" player="Rakki" type="3" sum="20"/>
<action no="6" player="maillive" type="4" discard="1" dealt="1" sum="0"/>
</round>
<round no="2"><cards type="Flop">SK C5 C8</cards>
<action no="7" player="maillive" type="4" discard="1" dealt="1" sum="0"/>
<action no="8" player="Rakki" type="5" sum="40"/>
<action no="9" player="maillive" type="0" discard="1" dealt="1" sum="0"/>
</round>
</game>
<game gamecode="6458652856"><general><startdate>2025-08-21 02:11:03</startdate>
<round>1</round>
<failsafecounter/>
<players><player seat="6" name="Rakki" chips="735" dealer="0" win="50" bet="45" muck="1" rebuy="0" addon="0" merge="0" rebuychips="0" reg_code="5054843490"/>
<player seat="10" name="maillive" chips="765" dealer="1" win="0" bet="25" muck="1" rebuy="0" addon="0" merge="0" rebuychips="0" reg_code="5054843733"/>
</players>
</general>
<round no="0"><action no="1" player="maillive" type="15" discard="1" dealt="1" sum="5"/>
<action no="2" player="Rakki" type="15" sum="5"/>
<action no="3" player="maillive" type="1" discard="1" dealt="1" sum="20"/>
<action no="4" player="Rakki" type="2" sum="40"/>
</round>
<round no="1"><cards type="Pocket" player="Rakki">C4 H5</cards>
<cards type="Pocket" player="maillive">X X</cards>
<action no="5" player="maillive" type="0" discard="1" dealt="1" sum="0"/>
</round>
</game>
<game gamecode="6458652870"><general><startdate>2025-08-21 02:11:08</startdate>
<round>1</round>
<failsafecounter/>
<players><player seat="10" name="maillive" chips="740" dealer="0" win="170" bet="85" muck="0" rebuy="0" addon="0" merge="0" rebuychips="0" reg_code="5054843733"/>
<player seat="6" name="Rakki" chips="760" dealer="1" win="0" bet="85" muck="1" rebuy="0" addon="0" merge="0" rebuychips="0" reg_code="5054843490"/>
</players>
</general>
<round no="0"><action no="1" player="Rakki" type="15" sum="5"/>
<action no="2" player="maillive" type="15" discard="1" dealt="1" sum="5"/>
<action no="3" player="Rakki" type="1" sum="20"/>
<action no="4" player="maillive" type="2" discard="1" dealt="1" sum="40"/>
</round>
<round no="1"><cards type="Pocket" player="maillive">H8 CQ</cards>
<cards type="Pocket" player="Rakki">H4 C6</cards>
<action no="5" player="Rakki" type="3" sum="20"/>
<action no="6" player="maillive" type="4" discard="1" dealt="1" sum="0"/>
</round>
<round no="2"><cards type="Flop">HA H3 HJ</cards>
<action no="7" player="maillive" type="4" discard="1" dealt="1" sum="0"/>
<action no="8" player="Rakki" type="5" sum="40"/>
<action no="9" player="maillive" type="3" discard="1" dealt="1" sum="40"/>
</round>
<round no="3"><cards type="Turn">D8</cards>
<action no="10" player="maillive" type="4" discard="1" dealt="1" sum="0"/>
<action no="11" player="Rakki" type="4" sum="0"/>
</round>
<round no="4"><cards type="River">C9</cards>
<action no="12" player="maillive" type="4" discard="1" dealt="1" sum="0"/>
<action no="13" player="Rakki" type="4" sum="0"/>
</round>
</game>
<game gamecode="6458652897"><general><startdate>2025-08-21 02:11:26</startdate>
<round>1</round>
<failsafecounter/>
<players><player seat="6" name="Rakki" chips="675" dealer="0" win="1,350" bet="675" muck="0" rebuy="0" addon="0" merge="0" rebuychips="0" reg_code="5054843490"/>
<player seat="10" name="maillive" chips="825" dealer="1" win="0" bet="825" muck="1" rebuy="0" addon="0" merge="0" rebuychips="0" reg_code="5054843733"/>
</players>
</general>
<round no="0"><action no="1" player="maillive" type="15" discard="1" dealt="1" sum="5"/>
<action no="2" player="Rakki" type="15" sum="5"/>
<action no="3" player="maillive" type="1" discard="1" dealt="1" sum="30"/>
<action no="4" player="Rakki" type="2" sum="60"/>
</round>
<round no="1"><cards type="Pocket" player="Rakki">HA HJ</cards>
<cards type="Pocket" player="maillive">D7 SA</cards>
<action no="5" player="maillive" type="3" discard="1" dealt="1" sum="30"/>
<action no="6" player="Rakki" type="23" sum="240"/>
<action no="7" player="maillive" type="23" discard="1" dealt="1" sum="820"/>
<action no="8" player="Rakki" type="7" sum="430"/>
</round>
<round no="2"><cards type="Flop">S10 D6 CK</cards>
</round>
<round no="3"><cards type="Turn">C3</cards>
</round>
<round no="4"><cards type="River">H3</cards>
</round>
</game>
<game gamecode="6458652926"><general><startdate>2025-08-21 02:11:44</startdate>
<round>1</round>
<failsafecounter/>
<players><player seat="10" name="maillive" chips="150" dealer="0" win="300" bet="150" muck="0" rebuy="0" addon="0" merge="0" rebuychips="0" reg_code="5054843733"/>
<player seat="6" name="Rakki" chips="1,350" dealer="1" win="0" bet="1,350" muck="1" rebuy="0" addon="0" merge="0" rebuychips="0" reg_code="5054843490"/>
</players>
</general>
<round no="0"><action no="1" player="Rakki" type="15" sum="5"/>
<action no="2" player="maillive" type="15" discard="1" dealt="1" sum="5"/>
<action no="3" player="Rakki" type="1" sum="30"/>
<action no="4" player="maillive" type="2" discard="1" dealt="1" sum="60"/>
</round>
<round no="1"><cards type="Pocket" player="Rakki">D4 C10</cards>
<cards type="Pocket" player="maillive">C9 S3</cards>
<action no="5" player="Rakki" type="23" sum="1,345"/>
<action no="6" player="maillive" type="7" discard="1" dealt="1" sum="85"/>
</round>
<round no="2"><cards type="Flop">S6 D5 H9</cards>
</round>
<round no="3"><cards type="Turn">CK</cards>
</round>
<round no="4"><cards type="River">H6</cards>
</round>
</game>
<game gamecode="6458652952"><general><startdate>2025-08-21 02:12:00</startdate>
<round>1</round>
<failsafecounter/>
<players><player seat="6" name="Rakki" chips="1,200" dealer="0" win="600" bet="300" muck="0" rebuy="0" addon="0" merge="0" rebuychips="0" reg_code="5054843490"/>
<player seat="10" name="maillive" chips="300" dealer="1" win="0" bet="300" muck="0" rebuy="0" addon="0" merge="0" rebuychips="0" reg_code="5054843733"/>
</players>
</general>
<round no="0"><action no="1" player="maillive" type="15" discard="1" dealt="1" sum="5"/>
<action no="2" player="Rakki" type="15" sum="5"/>
<action no="3" player="maillive" type="1" discard="1" dealt="1" sum="30"/>
<action no="4" player="Rakki" type="2" sum="60"/>
</round>
<round no="1"><cards type="Pocket" player="maillive">HA C8</cards>
<cards type="Pocket" player="Rakki">DA CK</cards>
<action no="5" player="maillive" type="23" discard="1" dealt="1" sum="295"/>
<action no="6" player="Rakki" type="3" sum="235"/>
</round>
<round no="2"><cards type="Flop">CJ S5 S6</cards>
</round>
<round no="3"><cards type="Turn">S7</cards>
</round>
<round no="4"><cards type="River">D7</cards>
</round>
</game>
</session>
