<?xml version="1.0" encoding="UTF-8"?>
<session sessioncode="5054785266">
<general>
<client_version>25.1.1.16</client_version>
<mode>real</mode>
<gametype>Holdem NL</gametype>
<tablename>Twister €100 SNG, 816172452</tablename>
<tournamentcode>816172451</tournamentcode>
<tournamentname>Twister €100 SNG</tournamentname>
<buyin>€0 + €7 + €93</buyin>
<totalbuyin>€100</totalbuyin>
<rewarddrawn>€400</rewarddrawn>
<tournamentcurrency>EUR</tournamentcurrency>
<currency>EUR</currency>
<nickname>Rakki</nickname>
<gamecount>31</gamecount>
<startdate>2025-08-20 21:41:23</startdate>
<place>2</place>
<win>€0</win>
<tablesize>3</tablesize>
</general>
<game gamecode="6458402519"><general><startdate>2025-08-20 21:41:38</startdate>
<round>1</round>
<failsafecounter/>
<players><player seat="6" name="spaccaossa811" chips="500" dealer="0" win="0" bet="50" muck="1" rebuy="0" addon="0" merge="0" rebuychips="0" reg_code="5054785826"/>
<player seat="10" name="xiuder0nn17" chips="500" dealer="1" win="0" bet="0" muck="1" rebuy="0" addon="0" merge="0" rebuychips="0" reg_code="5054785869"/>
<player seat="3" name="Rakki" chips="500" dealer="0" win="100" bet="75" muck="1" rebuy="0" addon="0" merge="0" rebuychips="0" reg_code="5054785266"/>
</players>
</general>
<round no="0"><action no="1" player="Rakki" type="1" sum="10"/>
<action no="2" player="spaccaossa811" type="2" discard="1" dealt="1" sum="20"/>
</round>
<round no="1"><cards type="Pocket" player="spaccaossa811">X X</cards>
<cards type="Pocket" player="Rakki">S6 DK</cards>
<cards type="Pocket" player="xiuder0nn17">X X</cards>
<action no="3" player="xiuder0nn17" type="0" discard="1" dealt="1" sum="0"/>
<action no="4" player="Rakki" type="23" sum="50"/>
<action no="5" player="spaccaossa811" type="3" discard="1" dealt="1" sum="30"/>
</round>
<round no="2"><cards type="Flop">C9 S5 SK</cards>
<action no="6" player="Rakki" type="5" sum="25"/>
<action no="7" player="spaccaossa811" type="0" discard="1" dealt="1" sum="0"/>
</round>
</game>
<game gamecode="6458402561"><general><startdate>2025-08-20 21:41:55</startdate>
<round>1</round>
<failsafecounter/>
<players><player seat="10" name="xiuder0nn17" chips="500" dealer="0" win="0" bet="20" muck="1" rebuy="0" addon="0" merge="0" rebuychips="0" reg_code="5054785869"/>
<player seat="3" name="Rakki" chips="550" dealer="1" win="0" bet="0" muck="1" rebuy="0" addon="0" merge="0" rebuychips="0" reg_code="5054785266"/>
<player seat="6" name="spaccaossa811" chips="450" dealer="0" win="40" bet="40" muck="1" rebuy="0" addon="0" merge="0" rebuychips="0" reg_code="5054785826"/>
</players>
</general>
<round no="0"><action no="1" player="spaccaossa811" type="1" discard="1" dealt="1" sum="10"/>
<action no="2" player="xiuder0nn17" type="2" discard="1" dealt="1" sum="20"/>
</round>
<round no="1"><cards type="Pocket" player="spaccaossa811">X X</cards>
<cards type="Pocket" player="Rakki">D6 H8</cards>
<cards type="Pocket" player="xiuder0nn17">X X</cards>
<action no="3" player="Rakki" type="0" sum="0"/>
<action no="4" player="spaccaossa811" type="3" discard="1" dealt="1" sum="10"/>
<action no="5" player="xiuder0nn17" type="4" discard="1" dealt="1" sum="0"/>
</round>
<round no="2"><cards type="Flop">H3 D2 HQ</cards>
<action no="6" player="spaccaossa811" type="4" discard="1" dealt="1" sum="0"/>
<action no="7" player="xiuder0nn17" type="4" discard="1" dealt="1" sum="0"/>
</round>
<round no="3"><cards type="Turn">C2</cards>
<action no="8" player="spaccaossa811" type="4" discard="1" dealt="1" sum="0"/>
<action no="9" player="xiuder0nn17" type="4" discard="1" dealt="1" sum="0"/>
</round>
<round no="4"><cards type="River">CA</cards>
<action no="10" player="spaccaossa811" type="5" discard="1" dealt="1" sum="20"/>
<action no="11" player="xiuder0nn17" type="0" discard="1" dealt="1" sum="0"/>
</round>
</game>
<game gamecode="6458402622"><general><startdate>2025-08-20 21:42:21</startdate>
<round>1</round>
<failsafecounter/>
<players><player seat="3" name="Rakki" chips="550" dealer="0" win="0" bet="20" muck="1" rebuy="0" addon="0" merge="0" rebuychips="0" reg_code="5054785266"/>
<player seat="6" name="spaccaossa811" chips="470" dealer="1" win="0" bet="20" muck="1" rebuy="0" addon="0" merge="0" rebuychips="0" reg_code="5054785826"/>
<player seat="10" name="xiuder0nn17" chips="480" dealer="0" win="60" bet="90" muck="1" rebuy="0" addon="0" merge="0" rebuychips="0" reg_code="5054785869"/>
</players>
</general>
<round no="0"><action no="1" player="xiuder0nn17" type="1" discard="1" dealt="1" sum="10"/>
<action no="2" player="Rakki" type="2" sum="20"/>
</round>
<round no="1"><cards type="Pocket" player="spaccaossa811">X X</cards>
<cards type="Pocket" player="xiuder0nn17">X X</cards>
<cards type="Pocket" player="Rakki">C6 C9</cards>
<action no="3" player="spaccaossa811" type="3" discard="1" dealt="1" sum="20"/>
<action no="4" player="xiuder0nn17" type="23" discard="1" dealt="1" sum="90"/>
<action no="5" player="Rakki" type="0" sum="0"/>
<action no="6" player="spaccaossa811" type="0" discard="1" dealt="1" sum="0"/>
</round>
</game>
<game gamecode="6458402642"><general><startdate>2025-08-20 21:42:32</startdate>
<round>1</round>
<failsafecounter/>
<players><player seat="6" name="spaccaossa811" chips="450" dealer="0" win="20" bet="20" muck="1" rebuy="0" addon="0" merge="0" rebuychips="0" reg_code="5054785826"/>
<player seat="10" name="xiuder0nn17" chips="520" dealer="1" win="0" bet="0" muck="1" rebuy="0" addon="0" merge="0" rebuychips="0" reg_code="5054785869"/>
<player seat="3" name="Rakki" chips="530" dealer="0" win="0" bet="10" muck="1" rebuy="0" addon="0" merge="0" rebuychips="0" reg_code="5054785266"/>
</players>
</general>
<round no="0"><action no="1" player="Rakki" type="1" sum="10"/>
<action no="2" player="spaccaossa811" type="2" discard="1" dealt="1" sum="20"/>
</round>
<round no="1"><cards type="Pocket" player="spaccaossa811">X X</cards>
<cards type="Pocket" player="Rakki">D4 C2</cards>
<cards type="Pocket" player="xiuder0nn17">X X</cards>
<action no="3" player="xiuder0nn17" type="0" discard="1" dealt="1" sum="0"/>
<action no="4" player="Rakki" type="0" sum="0"/>
</round>
</game>
<game gamecode="6458402656"><general><startdate>2025-08-20 21:42:38</startdate>
<round>1</round>
<failsafecounter/>
<players><player seat="10" name="xiuder0nn17" chips="520" dealer="0" win="0" bet="40" muck="1" rebuy="0" addon="0" merge="0" rebuychips="0" reg_code="5054785869"/>
<player seat="3" name="Rakki" chips="520" dealer="1" win="0" bet="0" muck="1" rebuy="0" addon="0" merge="0" rebuychips="0" reg_code="5054785266"/>
<player seat="6" name="spaccaossa811" chips="460" dealer="0" win="80" bet="80" muck="1" rebuy="0" addon="0" merge="0" rebuychips="0" reg_code="5054785826"/>
</players>
</general>
<round no="0"><action no="1" player="spaccaossa811" type="1" discard="1" dealt="1" sum="10"/>
<action no="2" player="xiuder0nn17" type="2" discard="1" dealt="1" sum="20"/>
</round>
<round no="1"><cards type="Pocket" player="xiuder0nn17">X X</cards>
<cards type="Pocket" player="spaccaossa811">X X</cards>
<cards type="Pocket" player="Rakki">S2 H10</cards>
<action no="3" player="Rakki" type="0" sum="0"/>
<action no="4" player="spaccaossa811" type="3" discard="1" dealt="1" sum="10"/>
<action no="5" player="xiuder0nn17" type="4" discard="1" dealt="1" sum="0"/>
</round>
<round no="2"><cards type="Flop">HQ DQ HA</cards>
<action no="6" player="spaccaossa811" type="5" discard="1" dealt="1" sum="20"/>
<action no="7" player="xiuder0nn17" type="3" discard="1" dealt="1" sum="20"/>
</round>
<round no="3"><cards type="Turn">SQ</cards>
<action no="8" player="spaccaossa811" type="5" discard="1" dealt="1" sum="40"/>
<action no="9" player="xiuder0nn17" type="0" discard="1" dealt="1" sum="0"/>
</round>
</game>
<game gamecode="6458402689"><general><startdate>2025-08-20 21:42:54</startdate>
<round>1</round>
<failsafecounter/>
<players><player seat="3" name="Rakki" chips="520" dealer="0" win="180" bet="80" muck="0" rebuy="0" addon="0" merge="0" rebuychips="0" reg_code="5054785266"/>
<player seat="6" name="spaccaossa811" chips="500" dealer="1" win="0" bet="20" muck="1" rebuy="0" addon="0" merge="0" rebuychips="0" reg_code="5054785826"/>
<player seat="10" name="xiuder0nn17" chips="480" dealer="0" win="0" bet="80" muck="1" rebuy="0" addon="0" merge="0" rebuychips="0" reg_code="5054785869"/>
</players>
</general>
<round no="0"><action no="1" player="xiuder0nn17" type="1" discard="1" dealt="1" sum="10"/>
<action no="2" player="Rakki" type="2" sum="20"/>
</round>
<round no="1"><cards type="Pocket" player="spaccaossa811">X X</cards>
<cards type="Pocket" player="Rakki">C6 DK</cards>
<cards type="Pocket" player="xiuder0nn17">H8 D7</cards>
<action no="3" player="spaccaossa811" type="3" discard="1" dealt="1" sum="20"/>
<action no="4" player="xiuder0nn17" type="3" discard="1" dealt="1" sum="10"/>
<action no="5" player="Rakki" type="4" sum="0"/>
</round>
<round no="2"><cards type="Flop">C9 D6 H3</cards>
<action no="6" player="xiuder0nn17" type="4" discard="1" dealt="1" sum="0"/>
<action no="7" player="Rakki" type="4" sum="0"/>
<action no="8" player="spaccaossa811" type="4" discard="1" dealt="1" sum="0"/>
</round>
<round no="3"><cards type="Turn">S9</cards>
<action no="9" player="xiuder0nn17" type="5" discard="1" dealt="1" sum="60"/>
<action no="10" player="Rakki" type="3" sum="60"/>
<action no="11" player="spaccaossa811" type="0" discard="1" dealt="1" sum="0"/>
</round>
<round no="4"><cards type="River">CJ</cards>
<action no="12" player="xiuder0nn17" type="4" discard="1" dealt="1" sum="0"/>
<action no="13" player="Rakki" type="4" sum="0"/>
</round>
</game>
<game gamecode="6458402750"><general><startdate>2025-08-20 21:43:20</startdate>
<round>1</round>
<failsafecounter/>
<players><player seat="6" name="spaccaossa811" chips="480" dealer="0" win="20" bet="20" muck="1" rebuy="0" addon="0" merge="0" rebuychips="0" reg_code="5054785826"/>
<player seat="10" name="xiuder0nn17" chips="400" dealer="1" win="0" bet="0" muck="1" rebuy="0" addon="0" merge="0" rebuychips="0" reg_code="5054785869"/>
<player seat="3" name="Rakki" chips="620" dealer="0" win="0" bet="10" muck="1" rebuy="0" addon="0" merge="0" rebuychips="0" reg_code="5054785266"/>
</players>
</general>
<round no="0"><action no="1" player="Rakki" type="1" sum="10"/>
<action no="2" player="spaccaossa811" type="2" discard="1" dealt="1" sum="20"/>
</round>
<round no="1"><cards type="Pocket" player="Rakki">D3 H2</cards>
<cards type="Pocket" player="spaccaossa811">X X</cards>
<cards type="Pocket" player="xiuder0nn17">X X</cards>
<action no="3" player="xiuder0nn17" type="0" discard="1" dealt="1" sum="0"/>
<action no="4" player="Rakki" type="0" sum="0"/>
</round>
</game>
<game gamecode="6458402764"><general><startdate>2025-08-20 21:43:29</startdate>
<round>1</round>
<failsafecounter/>
<players><player seat="10" name="xiuder0nn17" chips="400" dealer="0" win="20" bet="20" muck="1" rebuy="0" addon="0" merge="0" rebuychips="0" reg_code="5054785869"/>
<player seat="3" name="Rakki" chips="610" dealer="1" win="0" bet="0" muck="1" rebuy="0" addon="0" merge="0" rebuychips="0" reg_code="5054785266"/>
<player seat="6" name="spaccaossa811" chips="490" dealer="0" win="0" bet="10" muck="1" rebuy="0" addon="0" merge="0" rebuychips="0" reg_code="5054785826"/>
</players>
</general>
<round no="0"><action no="1" player="spaccaossa811" type="1" discard="1" dealt="1" sum="10"/>
<action no="2" player="xiuder0nn17" type="2" discard="1" dealt="1" sum="20"/>
</round>
<round no="1"><cards type="Pocket" player="Rakki">D5 S2</cards>
<cards type="Pocket" player="spaccaossa811">X X</cards>
<cards type="Pocket" player="xiuder0nn17">X X</cards>
<action no="3" player="Rakki" type="0" sum="0"/>
<action no="4" player="spaccaossa811" type="0" discard="1" dealt="1" sum="0"/>
</round>
</game>
<game gamecode="6458402779"><general><startdate>2025-08-20 21:43:36</startdate>
<round>1</round>
<failsafecounter/>
<players><player seat="3" name="Rakki" chips="610" dealer="0" win="90" bet="610" muck="1" rebuy="0" addon="0" merge="0" rebuychips="0" reg_code="5054785266"/>
<player seat="6" name="spaccaossa811" chips="480" dealer="1" win="0" bet="35" muck="1" rebuy="0" addon="0" merge="0" rebuychips="0" reg_code="5054785826"/>
<player seat="10" name="xiuder0nn17" chips="410" dealer="0" win="0" bet="20" muck="1" rebuy="0" addon="0" merge="0" rebuychips="0" reg_code="5054785869"/>
</players>
</general>
<round no="0"><action no="1" player="xiuder0nn17" type="15" discard="1" dealt="1" sum="5"/>
<action no="2" player="Rakki" type="15" sum="5"/>
<action no="3" player="spaccaossa811" type="15" discard="1" dealt="1" sum="5"/>
<action no="4" player="xiuder0nn17" type="1" discard="1" dealt="1" sum="15"/>
<action no="5" player="Rakki" type="2" sum="30"/>
</round>
<round no="1"><cards type="Pocket" player="Rakki">DK HQ</cards>
<cards type="Pocket" player="spaccaossa811">X X</cards>
<cards type="Pocket" player="xiuder0nn17">X X</cards>
<action no="6" player="spaccaossa811" type="3" discard="1" dealt="1" sum="30"/>
<action no="7" player="xiuder0nn17" type="0" discard="1" dealt="1" sum="0"/>
<action no="8" player="Rakki" type="23" sum="605"/>
<action no="9" player="spaccaossa811" type="0" discard="1" dealt="1" sum="0"/>
</round>
</game>
<game gamecode="6458402832"><general><startdate>2025-08-20 21:44:00</startdate>
<round>1</round>
<failsafecounter/>
<players><player seat="6" name="spaccaossa811" chips="445" dealer="0" win="75" bet="445" muck="1" rebuy="0" addon="0" merge="0" rebuychips="0" reg_code="5054785826"/>
<player seat="10" name="xiuder0nn17" chips="390" dealer="1" win="0" bet="5" muck="1" rebuy="0" addon="0" merge="0" rebuychips="0" reg_code="5054785869"/>
<player seat="3" name="Rakki" chips="665" dealer="0" win="0" bet="35" muck="1" rebuy="0" addon="0" merge="0" rebuychips="0" reg_code="5054785266"/>
</players>
</general>
<round no="0"><action no="1" player="Rakki" type="15" sum="5"/>
<action no="2" player="spaccaossa811" type="15" discard="1" dealt="1" sum="5"/>
<action no="3" player="xiuder0nn17" type="15" discard="1" dealt="1" sum="5"/>
<action no="4" player="Rakki" type="1" sum="15"/>
<action no="5" player="spaccaossa811" type="2" discard="1" dealt="1" sum="30"/>
</round>
<round no="1"><cards type="Pocket" player="spaccaossa811">X X</cards>
<cards type="Pocket" player="xiuder0nn17">X X</cards>
<cards type="Pocket" player="Rakki">D6 D9</cards>
<action no="6" player="xiuder0nn17" type="0" discard="1" dealt="1" sum="0"/>
<action no="7" player="Rakki" type="3" sum="15"/>
<action no="8" player="spaccaossa811" type="23" discard="1" dealt="1" sum="440"/>
<action no="9" player="Rakki" type="0" sum="0"/>
</round>
</game>
<game gamecode="6458402856"><general><startdate>2025-08-20 21:44:11</startdate>
<round>1</round>
<failsafecounter/>
<players><player seat="10" name="xiuder0nn17" chips="385" dealer="0" win="135" bet="170" muck="1" rebuy="0" addon="0" merge="0" rebuychips="0" reg_code="5054785869"/>
<player seat="3" name="Rakki" chips="630" dealer="1" win="0" bet="5" muck="1" rebuy="0" addon="0" merge="0" rebuychips="0" reg_code="5054785266"/>
<player seat="6" name="spaccaossa811" chips="485" dealer="0" win="0" bet="65" muck="1" rebuy="0" addon="0" merge="0" rebuychips="0" reg_code="5054785826"/>
</players>
</general>
<round no="0"><action no="1" player="spaccaossa811" type="15" discard="1" dealt="1" sum="5"/>
<action no="2" player="xiuder0nn17" type="15" discard="1" dealt="1" sum="5"/>
<action no="3" player="Rakki" type="15" sum="5"/>
<action no="4" player="spaccaossa811" type="1" discard="1" dealt="1" sum="15"/>
<action no="5" player="xiuder0nn17" type="2" discard="1" dealt="1" sum="30"/>
</round>
<round no="1"><cards type="Pocket" player="spaccaossa811">X X</cards>
<cards type="Pocket" player="xiuder0nn17">X X</cards>
<cards type="Pocket" player="Rakki">DK C7</cards>
<action no="6" player="Rakki" type="0" sum="0"/>
<action no="7" player="spaccaossa811" type="3" discard="1" dealt="1" sum="15"/>
<action no="8" player="xiuder0nn17" type="4" discard="1" dealt="1" sum="0"/>
</round>
<round no="2"><cards type="Flop">C8 S4 H6</cards>
<action no="9" player="spaccaossa811" type="4" discard="1" dealt="1" sum="0"/>
<action no="10" player="xiuder0nn17" type="4" discard="1" dealt="1" sum="0"/>
</round>
<round no="3"><cards type="Turn">S10</cards>
<action no="11" player="spaccaossa811" type="5" discard="1" dealt="1" sum="30"/>
<action no="12" player="xiuder0nn17" type="3" discard="1" dealt="1" sum="30"/>
</round>
<round no="4"><cards type="River">D7</cards>
<action no="13" player="spaccaossa811" type="4" discard="1" dealt="1" sum="0"/>
<action no="14" player="xiuder0nn17" type="5" discard="1" dealt="1" sum="105"/>
<action no="15" player="spaccaossa811" type="0" discard="1" dealt="1" sum="0"/>
</round>
</game>
<game gamecode="6458402920"><general><startdate>2025-08-20 21:44:41</startdate>
<round>1</round>
<failsafecounter/>
<players><player seat="3" name="Rakki" chips="625" dealer="0" win="0" bet="35" muck="1" rebuy="0" addon="0" merge="0" rebuychips="0" reg_code="5054785266"/>
<player seat="6" name="spaccaossa811" chips="420" dealer="1" win="90" bet="65" muck="1" rebuy="0" addon="0" merge="0" rebuychips="0" reg_code="5054785826"/>
<player seat="10" name="xiuder0nn17" chips="455" dealer="0" win="0" bet="20" muck="1" rebuy="0" addon="0" merge="0" rebuychips="0" reg_code="5054785869"/>
</players>
</general>
<round no="0"><action no="1" player="xiuder0nn17" type="15" discard="1" dealt="1" sum="5"/>
<action no="2" player="Rakki" type="15" sum="5"/>
<action no="3" player="spaccaossa811" type="15" discard="1" dealt="1" sum="5"/>
<action no="4" player="xiuder0nn17" type="1" discard="1" dealt="1" sum="15"/>
<action no="5" player="Rakki" type="2" sum="30"/>
</round>
<round no="1"><cards type="Pocket" player="Rakki">H2 DK</cards>
<cards type="Pocket" player="xiuder0nn17">X X</cards>
<cards type="Pocket" player="spaccaossa811">X X</cards>
<action no="6" player="spaccaossa811" type="23" discard="1" dealt="1" sum="60"/>
<action no="7" player="xiuder0nn17" type="0" discard="1" dealt="1" sum="0"/>
<action no="8" player="Rakki" type="0" sum="0"/>
</round>
</game>
<game gamecode="6458402950"><general><startdate>2025-08-20 21:44:52</startdate>
<round>1</round>
<failsafecounter/>
<players><player seat="6" name="spaccaossa811" chips="475" dealer="0" win="0" bet="475" muck="1" rebuy="0" addon="0" merge="0" rebuychips="0" reg_code="5054785826"/>
<player seat="10" name="xiuder0nn17" chips="435" dealer="1" win="0" bet="5" muck="1" rebuy="0" addon="0" merge="0" rebuychips="0" reg_code="5054785869"/>
<player seat="3" name="Rakki" chips="590" dealer="0" win="955" bet="590" muck="0" rebuy="0" addon="0" merge="0" rebuychips="0" reg_code="5054785266"/>
</players>
</general>
<round no="0"><action no="1" player="Rakki" type="15" sum="5"/>
<action no="2" player="spaccaossa811" type="15" discard="1" dealt="1" sum="5"/>
<action no="3" player="xiuder0nn17" type="15" discard="1" dealt="1" sum="5"/>
<action no="4" player="Rakki" type="1" sum="15"/>
<action no="5" player="spaccaossa811" type="2" discard="1" dealt="1" sum="30"/>
</round>
<round no="1"><cards type="Pocket" player="Rakki">D9 D8</cards>
<cards type="Pocket" player="spaccaossa811">SK SA</cards>
<cards type="Pocket" player="xiuder0nn17">X X</cards>
<action no="6" player="xiuder0nn17" type="0" discard="1" dealt="1" sum="0"/>
<action no="7" player="Rakki" type="23" sum="585"/>
<action no="8" player="spaccaossa811" type="7" discard="1" dealt="1" sum="440"/>
</round>
<round no="2"><cards type="Flop">DK H5 H6</cards>
</round>
<round no="3"><cards type="Turn">D7</cards>
</round>
<round no="4"><cards type="River">SJ</cards>
</round>
</game>
<game gamecode="6458402990"><general><startdate>2025-08-20 21:45:10</startdate>
<round>1</round>
<failsafecounter/>
<players><player seat="10" name="xiuder0nn17" chips="430" dealer="0" win="130" bet="95" muck="1" rebuy="0" addon="0" merge="0" rebuychips="0" reg_code="5054785869"/>
<player seat="3" name="Rakki" chips="1,070" dealer="1" win="0" bet="65" muck="1" rebuy="0" addon="0" merge="0" rebuychips="0" reg_code="5054785266"/>
</players>
</general>
<round no="0"><action no="1" player="Rakki" type="15" sum="5"/>
<action no="2" player="xiuder0nn17" type="15" discard="1" dealt="1" sum="5"/>
<action no="3" player="Rakki" type="1" sum="15"/>
<action no="4" player="xiuder0nn17" type="2" discard="1" dealt="1" sum="30"/>
</round>
<round no="1"><cards type="Pocket" player="xiuder0nn17">X X</cards>
<cards type="Pocket" player="Rakki">C5 H2</cards>
<action no="5" player="Rakki" type="3" sum="15"/>
<action no="6" player="xiuder0nn17" type="4" discard="1" dealt="1" sum="0"/>
</round>
<round no="2"><cards type="Flop">S9 HK CK</cards>
<action no="7" player="xiuder0nn17" type="4" discard="1" dealt="1" sum="0"/>
<action no="8" player="Rakki" type="5" sum="30"/>
<action no="9" player="xiuder0nn17" type="3" discard="1" dealt="1" sum="30"/>
</round>
<round no="3"><cards type="Turn">S10</cards>
<action no="10" player="xiuder0nn17" type="4" discard="1" dealt="1" sum="0"/>
<action no="11" player="Rakki" type="4" sum="0"/>
</round>
<round no="4"><cards type="River">S6</cards>
<action no="12" player="xiuder0nn17" type="5" discard="1" dealt="1" sum="30"/>
<action no="13" player="Rakki" type="0" sum="0"/>
</round>
</game>
<game gamecode="6458403070"><general><startdate>2025-08-20 21:45:50</startdate>
<round>1</round>
<failsafecounter/>
<players><player seat="3" name="Rakki" chips="1,005" dealer="0" win="0" bet="45" muck="1" rebuy="0" addon="0" merge="0" rebuychips="0" reg_code="5054785266"/>
<player seat="10" name="xiuder0nn17" chips="495" dealer="1" win="90" bet="85" muck="1" rebuy="0" addon="0" merge="0" rebuychips="0" reg_code="5054785869"/>
</players>
</general>
<round no="0"><action no="1" player="xiuder0nn17" type="15" discard="1" dealt="1" sum="5"/>
<action no="2" player="Rakki" type="15" sum="5"/>
<action no="3" player="xiuder0nn17" type="1" discard="1" dealt="1" sum="20"/>
<action no="4" player="Rakki" type="2" sum="40"/>
</round>
<round no="1"><cards type="Pocket" player="xiuder0nn17">X X</cards>
<cards type="Pocket" player="Rakki">S7 D5</cards>
<action no="5" player="xiuder0nn17" type="3" discard="1" dealt="1" sum="20"/>
<action no="6" player="Rakki" type="4" sum="0"/>
</round>
<round no="2"><cards type="Flop">SK CJ H6</cards>
<action no="7" player="Rakki" type="4" sum="0"/>
<action no="8" player="xiuder0nn17" type="5" discard="1" dealt="1" sum="40"/>
<action no="9" player="Rakki" type="0" sum="0"/>
</round>
</game>
<game gamecode="6458403147"><general><startdate>2025-08-20 21:46:27</startdate>
<round>1</round>
<failsafecounter/>
<players><player seat="10" name="xiuder0nn17" chips="540" dealer="0" win="0" bet="45" muck="1" rebuy="0" addon="0" merge="0" rebuychips="0" reg_code="5054785869"/>
<player seat="3" name="Rakki" chips="960" dealer="1" win="90" bet="85" muck="1" rebuy="0" addon="0" merge="0" rebuychips="0" reg_code="5054785266"/>
</players>
</general>
<round no="0"><action no="1" player="Rakki" type="15" sum="5"/>
<action no="2" player="xiuder0nn17" type="15" discard="1" dealt="1" sum="5"/>
<action no="3" player="Rakki" type="1" sum="20"/>
<action no="4" player="xiuder0nn17" type="2" discard="1" dealt="1" sum="40"/>
</round>
<round no="1"><cards type="Pocket" player="Rakki">DQ SQ</cards>
<cards type="Pocket" player="xiuder0nn17">X X</cards>
<action no="5" player="Rakki" type="3" sum="20"/>
<action no="6" player="xiuder0nn17" type="4" discard="1" dealt="1" sum="0"/>
</round>
<round no="2"><cards type="Flop">SJ S4 D10</cards>
<action no="7" player="xiuder0nn17" type="4" discard="1" dealt="1" sum="0"/>
<action no="8" player="Rakki" type="5" sum="40"/>
<action no="9" player="xiuder0nn17" type="0" discard="1" dealt="1" sum="0"/>
</round>
</game>
<game gamecode="6458409139"><general><startdate>2025-08-20 21:46:40</startdate>
<round>1</round>
<failsafecounter/>
<players><player seat="3" name="Rakki" chips="1,005" dealer="0" win="0" bet="45" muck="1" rebuy="0" addon="0" merge="0" rebuychips="0" reg_code="5054785266"/>
<player seat="10" name="xiuder0nn17" chips="495" dealer="1" win="90" bet="85" muck="1" rebuy="0" addon="0" merge="0" rebuychips="0" reg_code="5054785869"/>
</players>
</general>
<round no="0"><action no="1" player="xiuder0nn17" type="15" discard="1" dealt="1" sum="5"/>
<action no="2" player="Rakki" type="15" sum="5"/>
<action no="3" player="xiuder0nn17" type="1" discard="1" dealt="1" sum="20"/>
<action no="4" player="Rakki" type="2" sum="40"/>
</round>
<round no="1"><cards type="Pocket" player="Rakki">H2 D5</cards>
<cards type="Pocket" player="xiuder0nn17">X X</cards>
<action no="5" player="xiuder0nn17" type="3" discard="1" dealt="1" sum="20"/>
<action no="6" player="Rakki" type="4" sum="0"/>
</round>
<round no="2"><cards type="Flop">SQ H8 H3</cards>
<action no="7" player="Rakki" type="4" sum="0"/>
<action no="8" player="xiuder0nn17" type="5" discard="1" dealt="1" sum="40"/>
<action no="9" player="Rakki" type="0" sum="0"/>
</round>
</game>
<game gamecode="6458409197"><general><startdate>2025-08-20 21:47:09</startdate>
<round>1</round>
<failsafecounter/>
<players><player seat="10" name="xiuder0nn17" chips="540" dealer="0" win="0" bet="45" muck="1" rebuy="0" addon="0" merge="0" rebuychips="0" reg_code="5054785869"/>
<player seat="3" name="Rakki" chips="960" dealer="1" win="90" bet="135" muck="1" rebuy="0" addon="0" merge="0" rebuychips="0" reg_code="5054785266"/>
</players>
</general>
<round no="0"><action no="1" player="Rakki" type="15" sum="5"/>
<action no="2" player="xiuder0nn17" type="15" discard="1" dealt="1" sum="5"/>
<action no="3" player="Rakki" type="1" sum="20"/>
<action no="4" player="xiuder0nn17" type="2" discard="1" dealt="1" sum="40"/>
</round>
<round no="1"><cards type="Pocket" player="Rakki">HA HQ</cards>
<cards type="Pocket" player="xiuder0nn17">X X</cards>
<action no="5" player="Rakki" type="3" sum="20"/>
<action no="6" player="xiuder0nn17" type="4" discard="1" dealt="1" sum="0"/>
</round>
<round no="2"><cards type="Flop">S6 D2 D5</cards>
<action no="7" player="xiuder0nn17" type="4" discard="1" dealt="1" sum="0"/>
<action no="8" player="Rakki" type="4" sum="0"/>
</round>
<round no="3"><cards type="Turn">HJ</cards>
<action no="9" player="xiuder0nn17" type="4" discard="1" dealt="1" sum="0"/>
<action no="10" player="Rakki" type="4" sum="0"/>
</round>
<round no="4"><cards type="River">CA</cards>
<action no="11" player="xiuder0nn17" type="4" discard="1" dealt="1" sum="0"/>
<action no="12" player="Rakki" type="5" sum="90"/>
<action no="13" player="xiuder0nn17" type="0" discard="1" dealt="1" sum="0"/>
</round>
</game>
<game gamecode="6458409267"><general><startdate>2025-08-20 21:47:43</startdate>
<round>1</round>
<failsafecounter/>
<players><player seat="3" name="Rakki" chips="1,005" dealer="0" win="130" bet="1,005" muck="1" rebuy="0" addon="0" merge="0" rebuychips="0" reg_code="5054785266"/>
<player seat="10" name="xiuder0nn17" chips="495" dealer="1" win="0" bet="65" muck="1" rebuy="0" addon="0" merge="0" rebuychips="0" reg_code="5054785869"/>
</players>
</general>
<round no="0"><action no="1" player="xiuder0nn17" type="15" discard="1" dealt="1" sum="5"/>
<action no="2" player="Rakki" type="15" sum="5"/>
<action no="3" player="xiuder0nn17" type="1" discard="1" dealt="1" sum="30"/>
<action no="4" player="Rakki" type="2" sum="60"/>
</round>
<round no="1"><cards type="Pocket" player="Rakki">C10 SQ</cards>
<cards type="Pocket" player="xiuder0nn17">X X</cards>
<action no="5" player="xiuder0nn17" type="3" discard="1" dealt="1" sum="30"/>
<action no="6" player="Rakki" type="23" sum="1,000"/>
<action no="7" player="xiuder0nn17" type="0" discard="1" dealt="1" sum="0"/>
</round>
</game>
<game gamecode="6458409282"><general><startdate>2025-08-20 21:47:51</startdate>
<round>1</round>
<failsafecounter/>
<players><player seat="10" name="xiuder0nn17" chips="430" dealer="0" win="70" bet="65" muck="1" rebuy="0" addon="0" merge="0" rebuychips="0" reg_code="5054785869"/>
<player seat="3" name="Rakki" chips="1,070" dealer="1" win="0" bet="35" muck="1" rebuy="0" addon="0" merge="0" rebuychips="0" reg_code="5054785266"/>
</players>
</general>
<round no="0"><action no="1" player="Rakki" type="15" sum="5"/>
<action no="2" player="xiuder0nn17" type="15" discard="1" dealt="1" sum="5"/>
<action no="3" player="Rakki" type="1" sum="30"/>
<action no="4" player="xiuder0nn17" type="2" discard="1" dealt="1" sum="60"/>
</round>
<round no="1"><cards type="Pocket" player="xiuder0nn17">X X</cards>
<cards type="Pocket" player="Rakki">S10 C5</cards>
<action no="5" player="Rakki" type="0" sum="0"/>
</round>
</game>
<game gamecode="6458409301"><general><startdate>2025-08-20 21:47:58</startdate>
<round>1</round>
<failsafecounter/>
<players><player seat="3" name="Rakki" chips="1,035" dealer="0" win="0" bet="65" muck="1" rebuy="0" addon="0" merge="0" rebuychips="0" reg_code="5054785266"/>
<player seat="10" name="xiuder0nn17" chips="465" dealer="1" win="130" bet="465" muck="1" rebuy="0" addon="0" merge="0" rebuychips="0" reg_code="5054785869"/>
</players>
</general>
<round no="0"><action no="1" player="xiuder0nn17" type="15" discard="1" dealt="1" sum="5"/>
<action no="2" player="Rakki" type="15" sum="5"/>
<action no="3" player="xiuder0nn17" type="1" discard="1" dealt="1" sum="30"/>
<action no="4" player="Rakki" type="2" sum="60"/>
</round>
<round no="1"><cards type="Pocket" player="xiuder0nn17">X X</cards>
<cards type="Pocket" player="Rakki">C2 D6</cards>
<action no="5" player="xiuder0nn17" type="23" discard="1" dealt="1" sum="460"/>
<action no="6" player="Rakki" type="0" sum="0"/>
</round>
</game>
<game gamecode="6458409318"><general><startdate>2025-08-20 21:48:05</startdate>
<round>1</round>
<failsafecounter/>
<players><player seat="10" name="xiuder0nn17" chips="530" dealer="0" win="0" bet="65" muck="1" rebuy="0" addon="0" merge="0" rebuychips="0" reg_code="5054785869"/>
<player seat="3" name="Rakki" chips="970" dealer="1" win="130" bet="125" muck="1" rebuy="0" addon="0" merge="0" rebuychips="0" reg_code="5054785266"/>
</players>
</general>
<round no="0"><action no="1" player="Rakki" type="15" sum="5"/>
<action no="2" player="xiuder0nn17" type="15" discard="1" dealt="1" sum="5"/>
<action no="3" player="Rakki" type="1" sum="30"/>
<action no="4" player="xiuder0nn17" type="2" discard="1" dealt="1" sum="60"/>
</round>
<round no="1"><cards type="Pocket" player="Rakki">H7 H2</cards>
<cards type="Pocket" player="xiuder0nn17">X X</cards>
<action no="5" player="Rakki" type="3" sum="30"/>
<action no="6" player="xiuder0nn17" type="4" discard="1" dealt="1" sum="0"/>
</round>
<round no="2"><cards type="Flop">HJ D10 S6</cards>
<action no="7" player="xiuder0nn17" type="4" discard="1" dealt="1" sum="0"/>
<action no="8" player="Rakki" type="5" sum="60"/>
<action no="9" player="xiuder0nn17" type="0" discard="1" dealt="1" sum="0"/>
</round>
</game>
<game gamecode="6458409341"><general><startdate>2025-08-20 21:48:17</startdate>
<round>1</round>
<failsafecounter/>
<players><player seat="3" name="Rakki" chips="1,035" dealer="0" win="0" bet="65" muck="1" rebuy="0" addon="0" merge="0" rebuychips="0" reg_code="5054785266"/>
<player seat="10" name="xiuder0nn17" chips="465" dealer="1" win="130" bet="125" muck="1" rebuy="0" addon="0" merge="0" rebuychips="0" reg_code="5054785869"/>
</players>
</general>
<round no="0"><action no="1" player="xiuder0nn17" type="15" discard="1" dealt="1" sum="5"/>
<action no="2" player="Rakki" type="15" sum="5"/>
<action no="3" player="xiuder0nn17" type="1" discard="1" dealt="1" sum="30"/>
<action no="4" player="Rakki" type="2" sum="60"/>
</round>
<round no="1"><cards type="Pocket" player="xiuder0nn17">X X</cards>
<cards type="Pocket" player="Rakki">H5 D3</cards>
<action no="5" player="xiuder0nn17" type="3" discard="1" dealt="1" sum="30"/>
<action no="6" player="Rakki" type="4" sum="0"/>
</round>
<round no="2"><cards type="Flop">C8 CA C9</cards>
<action no="7" player="Rakki" type="4" sum="0"/>
<action no="8" player="xiuder0nn17" type="5" discard="1" dealt="1" sum="60"/>
<action no="9" player="Rakki" type="0" sum="0"/>
</round>
</game>
<game gamecode="6458409386"><general><startdate>2025-08-20 21:48:39</startdate>
<round>1</round>
<failsafecounter/>
<players><player seat="10" name="xiuder0nn17" chips="530" dealer="0" win="1,060" bet="530" muck="0" rebuy="0" addon="0" merge="0" rebuychips="0" reg_code="5054785869"/>
<player seat="3" name="Rakki" chips="970" dealer="1" win="0" bet="970" muck="0" rebuy="0" addon="0" merge="0" rebuychips="0" reg_code="5054785266"/>
</players>
</general>
<round no="0"><action no="1" player="Rakki" type="15" sum="5"/>
<action no="2" player="xiuder0nn17" type="15" discard="1" dealt="1" sum="5"/>
<action no="3" player="Rakki" type="1" sum="30"/>
<action no="4" player="xiuder0nn17" type="2" discard="1" dealt="1" sum="60"/>
</round>
<round no="1"><cards type="Pocket" player="xiuder0nn17">SA HA</cards>
<cards type="Pocket" player="Rakki">S5 CA</cards>
<action no="5" player="Rakki" type="23" sum="965"/>
<action no="6" player="xiuder0nn17" type="7" discard="1" dealt="1" sum="465"/>
</round>
<round no="2"><cards type="Flop">DK C7 H2</cards>
</round>
<round no="3"><cards type="Turn">D10</cards>
</round>
<round no="4"><cards type="River">H9</cards>
</round>
</game>
<game gamecode="6458409415"><general><startdate>2025-08-20 21:48:54</startdate>
<round>1</round>
<failsafecounter/>
<players><player seat="3" name="Rakki" chips="440" dealer="0" win="70" bet="65" muck="1" rebuy="0" addon="0" merge="0" rebuychips="0" reg_code="5054785266"/>
<player seat="10" name="xiuder0nn17" chips="1,060" dealer="1" win="0" bet="35" muck="1" rebuy="0" addon="0" merge="0" rebuychips="0" reg_code="5054785869"/>
</players>
</general>
<round no="0"><action no="1" player="xiuder0nn17" type="15" discard="1" dealt="1" sum="5"/>
<action no="2" player="Rakki" type="15" sum="5"/>
<action no="3" player="xiuder0nn17" type="1" discard="1" dealt="1" sum="30"/>
<action no="4" player="Rakki" type="2" sum="60"/>
</round>
<round no="1"><cards type="Pocket" player="xiuder0nn17">X X</cards>
<cards type="Pocket" player="Rakki">H6 S5</cards>
<action no="5" player="xiuder0nn17" type="0" discard="1" dealt="1" sum="0"/>
</round>
</game>
<game gamecode="6458409426"><general><startdate>2025-08-20 21:48:59</startdate>
<round>1</round>
<failsafecounter/>
<players><player seat="10" name="xiuder0nn17" chips="1,025" dealer="0" win="0" bet="65" muck="1" rebuy="0" addon="0" merge="0" rebuychips="0" reg_code="5054785869"/>
<player seat="3" name="Rakki" chips="475" dealer="1" win="130" bet="125" muck="1" rebuy="0" addon="0" merge="0" rebuychips="0" reg_code="5054785266"/>
</players>
</general>
<round no="0"><action no="1" player="Rakki" type="15" sum="5"/>
<action no="2" player="xiuder0nn17" type="15" discard="1" dealt="1" sum="5"/>
<action no="3" player="Rakki" type="1" sum="30"/>
<action no="4" player="xiuder0nn17" type="2" discard="1" dealt="1" sum="60"/>
</round>
<round no="1"><cards type="Pocket" player="xiuder0nn17">X X</cards>
<cards type="Pocket" player="Rakki">S4 H5</cards>
<action no="5" player="Rakki" type="3" sum="30"/>
<action no="6" player="xiuder0nn17" type="4" discard="1" dealt="1" sum="0"/>
</round>
<round no="2"><cards type="Flop">C4 H9 SJ</cards>
<action no="7" player="xiuder0nn17" type="4" discard="1" dealt="1" sum="0"/>
<action no="8" player="Rakki" type="5" sum="60"/>
<action no="9" player="xiuder0nn17" type="0" discard="1" dealt="1" sum="0"/>
</round>
</game>
<game gamecode="6458409475"><general><startdate>2025-08-20 21:49:20</startdate>
<round>1</round>
<failsafecounter/>
<players><player seat="3" name="Rakki" chips="540" dealer="0" win="130" bet="540" muck="1" rebuy="0" addon="0" merge="0" rebuychips="0" reg_code="5054785266"/>
<player seat="10" name="xiuder0nn17" chips="960" dealer="1" win="0" bet="65" muck="1" rebuy="0" addon="0" merge="0" rebuychips="0" reg_code="5054785869"/>
</players>
</general>
<round no="0"><action no="1" player="xiuder0nn17" type="15" discard="1" dealt="1" sum="5"/>
<action no="2" player="Rakki" type="15" sum="5"/>
<action no="3" player="xiuder0nn17" type="1" discard="1" dealt="1" sum="30"/>
<action no="4" player="Rakki" type="2" sum="60"/>
</round>
<round no="1"><cards type="Pocket" player="Rakki">HK S10</cards>
<cards type="Pocket" player="xiuder0nn17">X X</cards>
<action no="5" player="xiuder0nn17" type="3" discard="1" dealt="1" sum="30"/>
<action no="6" player="Rakki" type="23" sum="535"/>
<action no="7" player="xiuder0nn17" type="0" discard="1" dealt="1" sum="0"/>
</round>
</game>
<game gamecode="6458409489"><general><startdate>2025-08-20 21:49:28</startdate>
<round>1</round>
<failsafecounter/>
<players><player seat="10" name="xiuder0nn17" chips="895" dealer="0" win="0" bet="65" muck="1" rebuy="0" addon="0" merge="0" rebuychips="0" reg_code="5054785869"/>
<player seat="3" name="Rakki" chips="605" dealer="1" win="130" bet="605" muck="1" rebuy="0" addon="0" merge="0" rebuychips="0" reg_code="5054785266"/>
</players>
</general>
<round no="0"><action no="1" player="Rakki" type="15" sum="5"/>
<action no="2" player="xiuder0nn17" type="15" discard="1" dealt="1" sum="5"/>
<action no="3" player="Rakki" type="1" sum="30"/>
<action no="4" player="xiuder0nn17" type="2" discard="1" dealt="1" sum="60"/>
</round>
<round no="1"><cards type="Pocket" player="Rakki">CA D3</cards>
<cards type="Pocket" player="xiuder0nn17">X X</cards>
<action no="5" player="Rakki" type="23" sum="600"/>
<action no="6" player="xiuder0nn17" type="0" discard="1" dealt="1" sum="0"/>
</round>
</game>
<game gamecode="6458409516"><general><startdate>2025-08-20 21:49:42</startdate>
<round>1</round>
<failsafecounter/>
<players><player seat="3" name="Rakki" chips="670" dealer="0" win="176" bet="670" muck="1" rebuy="0" addon="0" merge="0" rebuychips="0" reg_code="5054785266"/>
<player seat="10" name="xiuder0nn17" chips="830" dealer="1" win="0" bet="88" muck="1" rebuy="0" addon="0" merge="0" rebuychips="0" reg_code="5054785869"/>
</players>
</general>
<round no="0"><action no="1" player="xiuder0nn17" type="15" discard="1" dealt="1" sum="8"/>
<action no="2" player="Rakki" type="15" sum="8"/>
<action no="3" player="xiuder0nn17" type="1" discard="1" dealt="1" sum="40"/>
<action no="4" player="Rakki" type="2" sum="80"/>
</round>
<round no="1"><cards type="Pocket" player="xiuder0nn17">X X</cards>
<cards type="Pocket" player="Rakki">D8 D7</cards>
<action no="5" player="xiuder0nn17" type="3" discard="1" dealt="1" sum="40"/>
<action no="6" player="Rakki" type="23" sum="662"/>
<action no="7" player="xiuder0nn17" type="0" discard="1" dealt="1" sum="0"/>
</round>
</game>
<game gamecode="6458409536"><general><startdate>2025-08-20 21:49:53</startdate>
<round>1</round>
<failsafecounter/>
<players><player seat="10" name="xiuder0nn17" chips="742" dealer="0" win="1,484" bet="742" muck="0" rebuy="0" addon="0" merge="0" rebuychips="0" reg_code="5054785869"/>
<player seat="3" name="Rakki" chips="758" dealer="1" win="0" bet="758" muck="0" rebuy="0" addon="0" merge="0" rebuychips="0" reg_code="5054785266"/>
</players>
</general>
<round no="0"><action no="1" player="Rakki" type="15" sum="8"/>
<action no="2" player="xiuder0nn17" type="15" discard="1" dealt="1" sum="8"/>
<action no="3" player="Rakki" type="1" sum="40"/>
<action no="4" player="xiuder0nn17" type="2" discard="1" dealt="1" sum="80"/>
</round>
<round no="1"><cards type="Pocket" player="xiuder0nn17">SK D6</cards>
<cards type="Pocket" player="Rakki">H9 H7</cards>
<action no="5" player="Rakki" type="23" sum="750"/>
<action no="6" player="xiuder0nn17" type="7" discard="1" dealt="1" sum="654"/>
</round>
<round no="2"><cards type="Flop">S10 CQ C2</cards>
</round>
<round no="3"><cards type="Turn">D5</cards>
</round>
<round no="4"><cards type="River">S4</cards>
</round>
</game>
<game gamecode="6458409606"><general><startdate>2025-08-20 21:50:20</startdate>
<round>1</round>
<failsafecounter/>
<players><player seat="3" name="Rakki" chips="16" dealer="0" win="0" bet="16" muck="0" rebuy="0" addon="0" merge="0" rebuychips="0" reg_code="5054785266"/>
<player seat="10" name="xiuder0nn17" chips="1,484" dealer="1" win="32" bet="48" muck="0" rebuy="0" addon="0" merge="0" rebuychips="0" reg_code="5054785869"/>
</players>
</general>
<round no="0"><action no="1" player="xiuder0nn17" type="15" discard="1" dealt="1" sum="8"/>
<action no="2" player="Rakki" type="15" sum="8"/>
<action no="3" player="xiuder0nn17" type="1" discard="1" dealt="1" sum="40"/>
<action no="4" player="Rakki" type="2" sum="8"/>
</round>
<round no="1"><cards type="Pocket" player="xiuder0nn17">S5 D4</cards>
<cards type="Pocket" player="Rakki">S9 H6</cards>
</round>
<round no="2"><cards type="Flop">SK H4 C10</cards>
</round>
<round no="3"><cards type="Turn">C4</cards>
</round>
<round no="4"><cards type="River">DQ</cards>
</round>
</game>
</session>
