<?xml version="1.0" encoding="UTF-8"?>
<session sessioncode="5054841576">
<general>
<client_version>25.1.1.16</client_version>
<mode>real</mode>
<gametype>Holdem NL</gametype>
<tablename>Twister €100 SNG, 816189827</tablename>
<tournamentcode>816189825</tournamentcode>
<tournamentname>Twister €100 SNG</tournamentname>
<buyin>€0 + €7 + €93</buyin>
<totalbuyin>€100</totalbuyin>
<rewarddrawn>€300</rewarddrawn>
<tournamentcurrency>EUR</tournamentcurrency>
<currency>EUR</currency>
<nickname>Rakki</nickname>
<gamecount>23</gamecount>
<startdate>2025-08-21 01:48:17</startdate>
<place>2</place>
<win>€0</win>
<tablesize>3</tablesize>
</general>
<game gamecode="6458638057"><general><startdate>2025-08-21 01:48:32</startdate>
<round>1</round>
<failsafecounter/>
<players><player seat="3" name="Rakki" chips="500" dealer="0" win="1,010" bet="500" muck="0" rebuy="0" addon="0" merge="0" rebuychips="0" reg_code="5054841576"/>
<player seat="6" name="Vincenzo0000" chips="500" dealer="1" win="0" bet="500" muck="1" rebuy="0" addon="0" merge="0" rebuychips="0" reg_code="5054841613"/>
<player seat="10" name="OndaBianca1" chips="500" dealer="0" win="0" bet="10" muck="1" rebuy="0" addon="0" merge="0" rebuychips="0" reg_code="5054841621"/>
</players>
</general>
<round no="0"><action no="1" player="OndaBianca1" type="1" discard="1" dealt="1" sum="10"/>
<action no="2" player="Rakki" type="2" sum="20"/>
</round>
<round no="1"><cards type="Pocket" player="OndaBianca1">X X</cards>
<cards type="Pocket" player="Vincenzo0000">C7 DA</cards>
<cards type="Pocket" player="Rakki">H8 D9</cards>
<action no="3" player="Vincenzo0000" type="3" discard="1" dealt="1" sum="20"/>
<action no="4" player="OndaBianca1" type="0" discard="1" dealt="1" sum="0"/>
<action no="5" player="Rakki" type="4" sum="0"/>
</round>
<round no="2"><cards type="Flop">H9 H7 C2</cards>
<action no="6" player="Rakki" type="4" sum="0"/>
<action no="7" player="Vincenzo0000" type="5" discard="1" dealt="1" sum="20"/>
<action no="8" player="Rakki" type="23" sum="60"/>
<action no="9" player="Vincenzo0000" type="3" discard="1" dealt="1" sum="40"/>
</round>
<round no="3"><cards type="Turn">D5</cards>
<action no="10" player="Rakki" type="5" sum="120"/>
<action no="11" player="Vincenzo0000" type="3" discard="1" dealt="1" sum="120"/>
</round>
<round no="4"><cards type="River">C9</cards>
<action no="12" player="Rakki" type="5" sum="300"/>
<action no="13" player="Vincenzo0000" type="7" discard="1" dealt="1" sum="300"/>
</round>
</game>
<game gamecode="6458638108"><general><startdate>2025-08-21 01:49:04</startdate>
<round>1</round>
<failsafecounter/>
<players><player seat="3" name="Rakki" chips="1,010" dealer="0" win="0" bet="40" muck="1" rebuy="0" addon="0" merge="0" rebuychips="0" reg_code="5054841576"/>
<player seat="10" name="OndaBianca1" chips="490" dealer="1" win="80" bet="66" muck="1" rebuy="0" addon="0" merge="0" rebuychips="0" reg_code="5054841621"/>
</players>
</general>
<round no="0"><action no="1" player="OndaBianca1" type="1" discard="1" dealt="1" sum="10"/>
<action no="2" player="Rakki" type="2" sum="20"/>
</round>
<round no="1"><cards type="Pocket" player="Rakki">H10 HK</cards>
<cards type="Pocket" player="OndaBianca1">X X</cards>
<action no="3" player="OndaBianca1" type="23" discard="1" dealt="1" sum="40"/>
<action no="4" player="Rakki" type="3" sum="20"/>
</round>
<round no="2"><cards type="Flop">SA C8 D5</cards>
<action no="5" player="Rakki" type="4" sum="0"/>
<action no="6" player="OndaBianca1" type="5" discard="1" dealt="1" sum="26"/>
<action no="7" player="Rakki" type="0" sum="0"/>
</round>
</game>
<game gamecode="6458638146"><general><startdate>2025-08-21 01:49:27</startdate>
<round>1</round>
<failsafecounter/>
<players><player seat="10" name="OndaBianca1" chips="530" dealer="0" win="0" bet="20" muck="1" rebuy="0" addon="0" merge="0" rebuychips="0" reg_code="5054841621"/>
<player seat="3" name="Rakki" chips="970" dealer="1" win="40" bet="40" muck="1" rebuy="0" addon="0" merge="0" rebuychips="0" reg_code="5054841576"/>
</players>
</general>
<round no="0"><action no="1" player="Rakki" type="1" sum="10"/>
<action no="2" player="OndaBianca1" type="2" discard="1" dealt="1" sum="20"/>
</round>
<round no="1"><cards type="Pocket" player="OndaBianca1">X X</cards>
<cards type="Pocket" player="Rakki">H9 C5</cards>
<action no="3" player="Rakki" type="3" sum="10"/>
<action no="4" player="OndaBianca1" type="4" discard="1" dealt="1" sum="0"/>
</round>
<round no="2"><cards type="Flop">C4 DK DA</cards>
<action no="5" player="OndaBianca1" type="4" discard="1" dealt="1" sum="0"/>
<action no="6" player="Rakki" type="5" sum="20"/>
<action no="7" player="OndaBianca1" type="0" discard="1" dealt="1" sum="0"/>
</round>
</game>
<game gamecode="6458638176"><general><startdate>2025-08-21 01:49:43</startdate>
<round>1</round>
<failsafecounter/>
<players><player seat="3" name="Rakki" chips="990" dealer="0" win="0" bet="66" muck="1" rebuy="0" addon="0" merge="0" rebuychips="0" reg_code="5054841576"/>
<player seat="10" name="OndaBianca1" chips="510" dealer="1" win="132" bet="142" muck="1" rebuy="0" addon="0" merge="0" rebuychips="0" reg_code="5054841621"/>
</players>
</general>
<round no="0"><action no="1" player="OndaBianca1" type="1" discard="1" dealt="1" sum="10"/>
<action no="2" player="Rakki" type="2" sum="20"/>
</round>
<round no="1"><cards type="Pocket" player="OndaBianca1">X X</cards>
<cards type="Pocket" player="Rakki">H8 D9</cards>
<action no="3" player="OndaBianca1" type="23" discard="1" dealt="1" sum="40"/>
<action no="4" player="Rakki" type="3" sum="20"/>
</round>
<round no="2"><cards type="Flop">H4 H2 S3</cards>
<action no="5" player="Rakki" type="4" sum="0"/>
<action no="6" player="OndaBianca1" type="5" discard="1" dealt="1" sum="26"/>
<action no="7" player="Rakki" type="3" sum="26"/>
</round>
<round no="3"><cards type="Turn">C10</cards>
<action no="8" player="Rakki" type="4" sum="0"/>
<action no="9" player="OndaBianca1" type="5" discard="1" dealt="1" sum="76"/>
<action no="10" player="Rakki" type="0" sum="0"/>
</round>
</game>
<game gamecode="6458638237"><general><startdate>2025-08-21 01:50:22</startdate>
<round>1</round>
<failsafecounter/>
<players><player seat="10" name="OndaBianca1" chips="576" dealer="0" win="350" bet="175" muck="0" rebuy="0" addon="0" merge="0" rebuychips="0" reg_code="5054841621"/>
<player seat="3" name="Rakki" chips="924" dealer="1" win="0" bet="175" muck="1" rebuy="0" addon="0" merge="0" rebuychips="0" reg_code="5054841576"/>
</players>
</general>
<round no="0"><action no="1" player="Rakki" type="15" sum="5"/>
<action no="2" player="OndaBianca1" type="15" discard="1" dealt="1" sum="5"/>
<action no="3" player="Rakki" type="1" sum="15"/>
<action no="4" player="OndaBianca1" type="2" discard="1" dealt="1" sum="30"/>
</round>
<round no="1"><cards type="Pocket" player="OndaBianca1">C4 D7</cards>
<cards type="Pocket" player="Rakki">S9 C6</cards>
<action no="5" player="Rakki" type="3" sum="15"/>
<action no="6" player="OndaBianca1" type="4" discard="1" dealt="1" sum="0"/>
</round>
<round no="2"><cards type="Flop">C8 D6 D5</cards>
<action no="7" player="OndaBianca1" type="4" discard="1" dealt="1" sum="0"/>
<action no="8" player="Rakki" type="4" sum="0"/>
</round>
<round no="3"><cards type="Turn">C5</cards>
<action no="9" player="OndaBianca1" type="5" discard="1" dealt="1" sum="35"/>
<action no="10" player="Rakki" type="3" sum="35"/>
</round>
<round no="4"><cards type="River">C3</cards>
<action no="11" player="OndaBianca1" type="5" discard="1" dealt="1" sum="105"/>
<action no="12" player="Rakki" type="3" sum="105"/>
</round>
</game>
<game gamecode="6458638305"><general><startdate>2025-08-21 01:51:02</startdate>
<round>1</round>
<failsafecounter/>
<players><player seat="3" name="Rakki" chips="749" dealer="0" win="130" bet="749" muck="1" rebuy="0" addon="0" merge="0" rebuychips="0" reg_code="5054841576"/>
<player seat="10" name="OndaBianca1" chips="751" dealer="1" win="0" bet="65" muck="1" rebuy="0" addon="0" merge="0" rebuychips="0" reg_code="5054841621"/>
</players>
</general>
<round no="0"><action no="1" player="OndaBianca1" type="15" discard="1" dealt="1" sum="5"/>
<action no="2" player="Rakki" type="15" sum="5"/>
<action no="3" player="OndaBianca1" type="1" discard="1" dealt="1" sum="15"/>
<action no="4" player="Rakki" type="2" sum="30"/>
</round>
<round no="1"><cards type="Pocket" player="OndaBianca1">X X</cards>
<cards type="Pocket" player="Rakki">HA S2</cards>
<action no="5" player="OndaBianca1" type="23" discard="1" dealt="1" sum="60"/>
<action no="6" player="Rakki" type="23" sum="744"/>
<action no="7" player="OndaBianca1" type="0" discard="1" dealt="1" sum="0"/>
</round>
</game>
<game gamecode="6458638334"><general><startdate>2025-08-21 01:51:17</startdate>
<round>1</round>
<failsafecounter/>
<players><player seat="10" name="OndaBianca1" chips="686" dealer="0" win="70" bet="200" muck="1" rebuy="0" addon="0" merge="0" rebuychips="0" reg_code="5054841621"/>
<player seat="3" name="Rakki" chips="814" dealer="1" win="0" bet="35" muck="1" rebuy="0" addon="0" merge="0" rebuychips="0" reg_code="5054841576"/>
</players>
</general>
<round no="0"><action no="1" player="Rakki" type="15" sum="5"/>
<action no="2" player="OndaBianca1" type="15" discard="1" dealt="1" sum="5"/>
<action no="3" player="Rakki" type="1" sum="15"/>
<action no="4" player="OndaBianca1" type="2" discard="1" dealt="1" sum="30"/>
</round>
<round no="1"><cards type="Pocket" player="OndaBianca1">X X</cards>
<cards type="Pocket" player="Rakki">S10 C2</cards>
<action no="5" player="Rakki" type="3" sum="15"/>
<action no="6" player="OndaBianca1" type="23" discard="1" dealt="1" sum="195"/>
<action no="7" player="Rakki" type="0" sum="0"/>
</round>
</game>
<game gamecode="6458638356"><general><startdate>2025-08-21 01:51:29</startdate>
<round>1</round>
<failsafecounter/>
<players><player seat="3" name="Rakki" chips="779" dealer="0" win="70" bet="95" muck="1" rebuy="0" addon="0" merge="0" rebuychips="0" reg_code="5054841576"/>
<player seat="10" name="OndaBianca1" chips="721" dealer="1" win="0" bet="35" muck="1" rebuy="0" addon="0" merge="0" rebuychips="0" reg_code="5054841621"/>
</players>
</general>
<round no="0"><action no="1" player="OndaBianca1" type="15" discard="1" dealt="1" sum="5"/>
<action no="2" player="Rakki" type="15" sum="5"/>
<action no="3" player="OndaBianca1" type="1" discard="1" dealt="1" sum="15"/>
<action no="4" player="Rakki" type="2" sum="30"/>
</round>
<round no="1"><cards type="Pocket" player="OndaBianca1">X X</cards>
<cards type="Pocket" player="Rakki">CJ SJ</cards>
<action no="5" player="OndaBianca1" type="3" discard="1" dealt="1" sum="15"/>
<action no="6" player="Rakki" type="23" sum="90"/>
<action no="7" player="OndaBianca1" type="0" discard="1" dealt="1" sum="0"/>
</round>
</game>
<game gamecode="6458638376"><general><startdate>2025-08-21 01:51:40</startdate>
<round>1</round>
<failsafecounter/>
<players><player seat="10" name="OndaBianca1" chips="686" dealer="0" win="0" bet="95" muck="1" rebuy="0" addon="0" merge="0" rebuychips="0" reg_code="5054841621"/>
<player seat="3" name="Rakki" chips="814" dealer="1" win="190" bet="230" muck="1" rebuy="0" addon="0" merge="0" rebuychips="0" reg_code="5054841576"/>
</players>
</general>
<round no="0"><action no="1" player="Rakki" type="15" sum="5"/>
<action no="2" player="OndaBianca1" type="15" discard="1" dealt="1" sum="5"/>
<action no="3" player="Rakki" type="1" sum="15"/>
<action no="4" player="OndaBianca1" type="2" discard="1" dealt="1" sum="30"/>
</round>
<round no="1"><cards type="Pocket" player="OndaBianca1">X X</cards>
<cards type="Pocket" player="Rakki">C8 S5</cards>
<action no="5" player="Rakki" type="23" sum="60"/>
<action no="6" player="OndaBianca1" type="3" discard="1" dealt="1" sum="30"/>
</round>
<round no="2"><cards type="Flop">H2 HK D9</cards>
<action no="7" player="OndaBianca1" type="4" discard="1" dealt="1" sum="0"/>
<action no="8" player="Rakki" type="5" sum="30"/>
<action no="9" player="OndaBianca1" type="3" discard="1" dealt="1" sum="30"/>
</round>
<round no="3"><cards type="Turn">D7</cards>
<action no="10" player="OndaBianca1" type="4" discard="1" dealt="1" sum="0"/>
<action no="11" player="Rakki" type="5" sum="135"/>
<action no="12" player="OndaBianca1" type="0" discard="1" dealt="1" sum="0"/>
</round>
</game>
<game gamecode="6458638446"><general><startdate>2025-08-21 01:52:21</startdate>
<round>1</round>
<failsafecounter/>
<players><player seat="3" name="Rakki" chips="909" dealer="0" win="0" bet="45" muck="1" rebuy="0" addon="0" merge="0" rebuychips="0" reg_code="5054841576"/>
<player seat="10" name="OndaBianca1" chips="591" dealer="1" win="90" bet="85" muck="1" rebuy="0" addon="0" merge="0" rebuychips="0" reg_code="5054841621"/>
</players>
</general>
<round no="0"><action no="1" player="OndaBianca1" type="15" discard="1" dealt="1" sum="5"/>
<action no="2" player="Rakki" type="15" sum="5"/>
<action no="3" player="OndaBianca1" type="1" discard="1" dealt="1" sum="20"/>
<action no="4" player="Rakki" type="2" sum="40"/>
</round>
<round no="1"><cards type="Pocket" player="Rakki">C4 SQ</cards>
<cards type="Pocket" player="OndaBianca1">X X</cards>
<action no="5" player="OndaBianca1" type="3" discard="1" dealt="1" sum="20"/>
<action no="6" player="Rakki" type="4" sum="0"/>
</round>
<round no="2"><cards type="Flop">CJ DA D5</cards>
<action no="7" player="Rakki" type="4" sum="0"/>
<action no="8" player="OndaBianca1" type="5" discard="1" dealt="1" sum="40"/>
<action no="9" player="Rakki" type="0" sum="0"/>
</round>
</game>
<game gamecode="6458638477"><general><startdate>2025-08-21 01:52:40</startdate>
<round>1</round>
<failsafecounter/>
<players><player seat="10" name="OndaBianca1" chips="636" dealer="0" win="90" bet="115" muck="1" rebuy="0" addon="0" merge="0" rebuychips="0" reg_code="5054841621"/>
<player seat="3" name="Rakki" chips="864" dealer="1" win="0" bet="45" muck="1" rebuy="0" addon="0" merge="0" rebuychips="0" reg_code="5054841576"/>
</players>
</general>
<round no="0"><action no="1" player="Rakki" type="15" sum="5"/>
<action no="2" player="OndaBianca1" type="15" discard="1" dealt="1" sum="5"/>
<action no="3" player="Rakki" type="1" sum="20"/>
<action no="4" player="OndaBianca1" type="2" discard="1" dealt="1" sum="40"/>
</round>
<round no="1"><cards type="Pocket" player="OndaBianca1">X X</cards>
<cards type="Pocket" player="Rakki">D4 DK</cards>
<action no="5" player="Rakki" type="3" sum="20"/>
<action no="6" player="OndaBianca1" type="4" discard="1" dealt="1" sum="0"/>
</round>
<round no="2"><cards type="Flop">S4 H8 S5</cards>
<action no="7" player="OndaBianca1" type="4" discard="1" dealt="1" sum="0"/>
<action no="8" player="Rakki" type="4" sum="0"/>
</round>
<round no="3"><cards type="Turn">H6</cards>
<action no="9" player="OndaBianca1" type="4" discard="1" dealt="1" sum="0"/>
<action no="10" player="Rakki" type="4" sum="0"/>
</round>
<round no="4"><cards type="River">C2</cards>
<action no="11" player="OndaBianca1" type="5" discard="1" dealt="1" sum="70"/>
<action no="12" player="Rakki" type="0" sum="0"/>
</round>
</game>
<game gamecode="6458638535"><general><startdate>2025-08-21 01:53:12</startdate>
<round>1</round>
<failsafecounter/>
<players><player seat="3" name="Rakki" chips="819" dealer="0" win="90" bet="125" muck="1" rebuy="0" addon="0" merge="0" rebuychips="0" reg_code="5054841576"/>
<player seat="10" name="OndaBianca1" chips="681" dealer="1" win="0" bet="45" muck="1" rebuy="0" addon="0" merge="0" rebuychips="0" reg_code="5054841621"/>
</players>
</general>
<round no="0"><action no="1" player="OndaBianca1" type="15" discard="1" dealt="1" sum="5"/>
<action no="2" player="Rakki" type="15" sum="5"/>
<action no="3" player="OndaBianca1" type="1" discard="1" dealt="1" sum="20"/>
<action no="4" player="Rakki" type="2" sum="40"/>
</round>
<round no="1"><cards type="Pocket" player="Rakki">HA CA</cards>
<cards type="Pocket" player="OndaBianca1">X X</cards>
<action no="5" player="OndaBianca1" type="3" discard="1" dealt="1" sum="20"/>
<action no="6" player="Rakki" type="23" sum="120"/>
<action no="7" player="OndaBianca1" type="0" discard="1" dealt="1" sum="0"/>
</round>
</game>
<game gamecode="6458638565"><general><startdate>2025-08-21 01:53:28</startdate>
<round>1</round>
<failsafecounter/>
<players><player seat="10" name="OndaBianca1" chips="636" dealer="0" win="0" bet="45" muck="1" rebuy="0" addon="0" merge="0" rebuychips="0" reg_code="5054841621"/>
<player seat="3" name="Rakki" chips="864" dealer="1" win="90" bet="45" muck="0" rebuy="0" addon="0" merge="0" rebuychips="0" reg_code="5054841576"/>
</players>
</general>
<round no="0"><action no="1" player="Rakki" type="15" sum="5"/>
<action no="2" player="OndaBianca1" type="15" discard="1" dealt="1" sum="5"/>
<action no="3" player="Rakki" type="1" sum="20"/>
<action no="4" player="OndaBianca1" type="2" discard="1" dealt="1" sum="40"/>
</round>
<round no="1"><cards type="Pocket" player="OndaBianca1">C2 HK</cards>
<cards type="Pocket" player="Rakki">D10 DK</cards>
<action no="5" player="Rakki" type="3" sum="20"/>
<action no="6" player="OndaBianca1" type="4" discard="1" dealt="1" sum="0"/>
</round>
<round no="2"><cards type="Flop">H6 C8 C4</cards>
<action no="7" player="OndaBianca1" type="4" discard="1" dealt="1" sum="0"/>
<action no="8" player="Rakki" type="4" sum="0"/>
</round>
<round no="3"><cards type="Turn">H4</cards>
<action no="9" player="OndaBianca1" type="4" discard="1" dealt="1" sum="0"/>
<action no="10" player="Rakki" type="4" sum="0"/>
</round>
<round no="4"><cards type="River">CA</cards>
<action no="11" player="OndaBianca1" type="4" discard="1" dealt="1" sum="0"/>
<action no="12" player="Rakki" type="4" sum="0"/>
</round>
</game>
<game gamecode="6458638630"><general><startdate>2025-08-21 01:54:08</startdate>
<round>1</round>
<failsafecounter/>
<players><player seat="3" name="Rakki" chips="909" dealer="0" win="0" bet="65" muck="1" rebuy="0" addon="0" merge="0" rebuychips="0" reg_code="5054841576"/>
<player seat="10" name="OndaBianca1" chips="591" dealer="1" win="130" bet="591" muck="1" rebuy="0" addon="0" merge="0" rebuychips="0" reg_code="5054841621"/>
</players>
</general>
<round no="0"><action no="1" player="OndaBianca1" type="15" discard="1" dealt="1" sum="5"/>
<action no="2" player="Rakki" type="15" sum="5"/>
<action no="3" player="OndaBianca1" type="1" discard="1" dealt="1" sum="30"/>
<action no="4" player="Rakki" type="2" sum="60"/>
</round>
<round no="1"><cards type="Pocket" player="Rakki">C9 HJ</cards>
<cards type="Pocket" player="OndaBianca1">X X</cards>
<action no="5" player="OndaBianca1" type="23" discard="1" dealt="1" sum="586"/>
<action no="6" player="Rakki" type="0" sum="0"/>
</round>
</game>
<game gamecode="6458638652"><general><startdate>2025-08-21 01:54:17</startdate>
<round>1</round>
<failsafecounter/>
<players><player seat="10" name="OndaBianca1" chips="656" dealer="0" win="0" bet="65" muck="1" rebuy="0" addon="0" merge="0" rebuychips="0" reg_code="5054841621"/>
<player seat="3" name="Rakki" chips="844" dealer="1" win="130" bet="125" muck="1" rebuy="0" addon="0" merge="0" rebuychips="0" reg_code="5054841576"/>
</players>
</general>
<round no="0"><action no="1" player="Rakki" type="15" sum="5"/>
<action no="2" player="OndaBianca1" type="15" discard="1" dealt="1" sum="5"/>
<action no="3" player="Rakki" type="1" sum="30"/>
<action no="4" player="OndaBianca1" type="2" discard="1" dealt="1" sum="60"/>
</round>
<round no="1"><cards type="Pocket" player="OndaBianca1">X X</cards>
<cards type="Pocket" player="Rakki">S8 D7</cards>
<action no="5" player="Rakki" type="3" sum="30"/>
<action no="6" player="OndaBianca1" type="4" discard="1" dealt="1" sum="0"/>
</round>
<round no="2"><cards type="Flop">DA SA SJ</cards>
<action no="7" player="OndaBianca1" type="4" discard="1" dealt="1" sum="0"/>
<action no="8" player="Rakki" type="5" sum="60"/>
<action no="9" player="OndaBianca1" type="0" discard="1" dealt="1" sum="0"/>
</round>
</game>
<game gamecode="6458638682"><general><startdate>2025-08-21 01:54:33</startdate>
<round>1</round>
<failsafecounter/>
<players><player seat="3" name="Rakki" chips="909" dealer="0" win="0" bet="65" muck="1" rebuy="0" addon="0" merge="0" rebuychips="0" reg_code="5054841576"/>
<player seat="10" name="OndaBianca1" chips="591" dealer="1" win="130" bet="591" muck="1" rebuy="0" addon="0" merge="0" rebuychips="0" reg_code="5054841621"/>
</players>
</general>
<round no="0"><action no="1" player="OndaBianca1" type="15" discard="1" dealt="1" sum="5"/>
<action no="2" player="Rakki" type="15" sum="5"/>
<action no="3" player="OndaBianca1" type="1" discard="1" dealt="1" sum="30"/>
<action no="4" player="Rakki" type="2" sum="60"/>
</round>
<round no="1"><cards type="Pocket" player="Rakki">H5 S4</cards>
<cards type="Pocket" player="OndaBianca1">X X</cards>
<action no="5" player="OndaBianca1" type="23" discard="1" dealt="1" sum="586"/>
<action no="6" player="Rakki" type="0" sum="0"/>
</round>
</game>
<game gamecode="6458638697"><general><startdate>2025-08-21 01:54:42</startdate>
<round>1</round>
<failsafecounter/>
<players><player seat="10" name="OndaBianca1" chips="656" dealer="0" win="130" bet="245" muck="1" rebuy="0" addon="0" merge="0" rebuychips="0" reg_code="5054841621"/>
<player seat="3" name="Rakki" chips="844" dealer="1" win="0" bet="65" muck="1" rebuy="0" addon="0" merge="0" rebuychips="0" reg_code="5054841576"/>
</players>
</general>
<round no="0"><action no="1" player="Rakki" type="15" sum="5"/>
<action no="2" player="OndaBianca1" type="15" discard="1" dealt="1" sum="5"/>
<action no="3" player="Rakki" type="1" sum="30"/>
<action no="4" player="OndaBianca1" type="2" discard="1" dealt="1" sum="60"/>
</round>
<round no="1"><cards type="Pocket" player="OndaBianca1">X X</cards>
<cards type="Pocket" player="Rakki">C7 D3</cards>
<action no="5" player="Rakki" type="3" sum="30"/>
<action no="6" player="OndaBianca1" type="23" discard="1" dealt="1" sum="240"/>
<action no="7" player="Rakki" type="0" sum="0"/>
</round>
</game>
<game gamecode="6458645407"><general><startdate>2025-08-21 01:55:03</startdate>
<round>1</round>
<failsafecounter/>
<players><player seat="3" name="Rakki" chips="779" dealer="0" win="0" bet="125" muck="1" rebuy="0" addon="0" merge="0" rebuychips="0" reg_code="5054841576"/>
<player seat="10" name="OndaBianca1" chips="721" dealer="1" win="250" bet="250" muck="1" rebuy="0" addon="0" merge="0" rebuychips="0" reg_code="5054841621"/>
</players>
</general>
<round no="0"><action no="1" player="OndaBianca1" type="15" discard="1" dealt="1" sum="5"/>
<action no="2" player="Rakki" type="15" sum="5"/>
<action no="3" player="OndaBianca1" type="1" discard="1" dealt="1" sum="30"/>
<action no="4" player="Rakki" type="2" sum="60"/>
</round>
<round no="1"><cards type="Pocket" player="Rakki">H2 S8</cards>
<cards type="Pocket" player="OndaBianca1">X X</cards>
<action no="5" player="OndaBianca1" type="3" discard="1" dealt="1" sum="30"/>
<action no="6" player="Rakki" type="4" sum="0"/>
</round>
<round no="2"><cards type="Flop">SK C8 HA</cards>
<action no="7" player="Rakki" type="4" sum="0"/>
<action no="8" player="OndaBianca1" type="5" discard="1" dealt="1" sum="60"/>
<action no="9" player="Rakki" type="3" sum="60"/>
</round>
<round no="3"><cards type="Turn">DJ</cards>
<action no="10" player="Rakki" type="4" sum="0"/>
<action no="11" player="OndaBianca1" type="5" discard="1" dealt="1" sum="125"/>
<action no="12" player="Rakki" type="0" sum="0"/>
</round>
</game>
<game gamecode="6458645448"><general><startdate>2025-08-21 01:55:28</startdate>
<round>1</round>
<failsafecounter/>
<players><player seat="10" name="OndaBianca1" chips="846" dealer="0" win="496" bet="846" muck="1" rebuy="0" addon="0" merge="0" rebuychips="0" reg_code="5054841621"/>
<player seat="3" name="Rakki" chips="654" dealer="1" win="0" bet="248" muck="1" rebuy="0" addon="0" merge="0" rebuychips="0" reg_code="5054841576"/>
</players>
</general>
<round no="0"><action no="1" player="Rakki" type="15" sum="8"/>
<action no="2" player="OndaBianca1" type="15" discard="1" dealt="1" sum="8"/>
<action no="3" player="Rakki" type="1" sum="40"/>
<action no="4" player="OndaBianca1" type="2" discard="1" dealt="1" sum="80"/>
</round>
<round no="1"><cards type="Pocket" player="Rakki">D4 D8</cards>
<cards type="Pocket" player="OndaBianca1">X X</cards>
<action no="5" player="Rakki" type="3" sum="40"/>
<action no="6" player="OndaBianca1" type="4" discard="1" dealt="1" sum="0"/>
</round>
<round no="2"><cards type="Flop">D10 S6 S10</cards>
<action no="7" player="OndaBianca1" type="4" discard="1" dealt="1" sum="0"/>
<action no="8" player="Rakki" type="5" sum="80"/>
<action no="9" player="OndaBianca1" type="23" discard="1" dealt="1" sum="160"/>
<action no="10" player="Rakki" type="3" sum="80"/>
</round>
<round no="3"><cards type="Turn">S9</cards>
<action no="11" player="OndaBianca1" type="5" discard="1" dealt="1" sum="598"/>
<action no="12" player="Rakki" type="0" sum="0"/>
</round>
</game>
<game gamecode="6458645490"><general><startdate>2025-08-21 01:55:50</startdate>
<round>1</round>
<failsafecounter/>
<players><player seat="3" name="Rakki" chips="406" dealer="0" win="96" bet="88" muck="1" rebuy="0" addon="0" merge="0" rebuychips="0" reg_code="5054841576"/>
<player seat="10" name="OndaBianca1" chips="1,094" dealer="1" win="0" bet="48" muck="1" rebuy="0" addon="0" merge="0" rebuychips="0" reg_code="5054841621"/>
</players>
</general>
<round no="0"><action no="1" player="OndaBianca1" type="15" discard="1" dealt="1" sum="8"/>
<action no="2" player="Rakki" type="15" sum="8"/>
<action no="3" player="OndaBianca1" type="1" discard="1" dealt="1" sum="40"/>
<action no="4" player="Rakki" type="2" sum="80"/>
</round>
<round no="1"><cards type="Pocket" player="OndaBianca1">X X</cards>
<cards type="Pocket" player="Rakki">S4 HA</cards>
<action no="5" player="OndaBianca1" type="0" discard="1" dealt="1" sum="0"/>
</round>
</game>
<game gamecode="6458645499"><general><startdate>2025-08-21 01:55:55</startdate>
<round>1</round>
<failsafecounter/>
<players><player seat="10" name="OndaBianca1" chips="1,046" dealer="0" win="96" bet="88" muck="1" rebuy="0" addon="0" merge="0" rebuychips="0" reg_code="5054841621"/>
<player seat="3" name="Rakki" chips="454" dealer="1" win="0" bet="48" muck="1" rebuy="0" addon="0" merge="0" rebuychips="0" reg_code="5054841576"/>
</players>
</general>
<round no="0"><action no="1" player="Rakki" type="15" sum="8"/>
<action no="2" player="OndaBianca1" type="15" discard="1" dealt="1" sum="8"/>
<action no="3" player="Rakki" type="1" sum="40"/>
<action no="4" player="OndaBianca1" type="2" discard="1" dealt="1" sum="80"/>
</round>
<round no="1"><cards type="Pocket" player="Rakki">H6 C5</cards>
<cards type="Pocket" player="OndaBianca1">X X</cards>
<action no="5" player="Rakki" type="0" sum="0"/>
</round>
</game>
<game gamecode="6458645508"><general><startdate>2025-08-21 01:55:59</startdate>
<round>1</round>
<failsafecounter/>
<players><player seat="3" name="Rakki" chips="406" dealer="0" win="0" bet="88" muck="1" rebuy="0" addon="0" merge="0" rebuychips="0" reg_code="5054841576"/>
<player seat="10" name="OndaBianca1" chips="1,094" dealer="1" win="176" bet="648" muck="1" rebuy="0" addon="0" merge="0" rebuychips="0" reg_code="5054841621"/>
</players>
</general>
<round no="0"><action no="1" player="OndaBianca1" type="15" discard="1" dealt="1" sum="8"/>
<action no="2" player="Rakki" type="15" sum="8"/>
<action no="3" player="OndaBianca1" type="1" discard="1" dealt="1" sum="40"/>
<action no="4" player="Rakki" type="2" sum="80"/>
</round>
<round no="1"><cards type="Pocket" player="Rakki">D2 S3</cards>
<cards type="Pocket" player="OndaBianca1">X X</cards>
<action no="5" player="OndaBianca1" type="23" discard="1" dealt="1" sum="640"/>
<action no="6" player="Rakki" type="0" sum="0"/>
</round>
</game>
<game gamecode="6458645521"><general><startdate>2025-08-21 01:56:08</startdate>
<round>1</round>
<failsafecounter/>
<players><player seat="10" name="OndaBianca1" chips="1,182" dealer="0" win="636" bet="318" muck="0" rebuy="0" addon="0" merge="0" rebuychips="0" reg_code="5054841621"/>
<player seat="3" name="Rakki" chips="318" dealer="1" win="0" bet="318" muck="0" rebuy="0" addon="0" merge="0" rebuychips="0" reg_code="5054841576"/>
</players>
</general>
<round no="0"><action no="1" player="Rakki" type="15" sum="8"/>
<action no="2" player="OndaBianca1" type="15" discard="1" dealt="1" sum="8"/>
<action no="3" player="Rakki" type="1" sum="40"/>
<action no="4" player="OndaBianca1" type="2" discard="1" dealt="1" sum="80"/>
</round>
<round no="1"><cards type="Pocket" player="OndaBianca1">CK HK</cards>
<cards type="Pocket" player="Rakki">H6 D9</cards>
<action no="5" player="Rakki" type="23" sum="310"/>
<action no="6" player="OndaBianca1" type="3" discard="1" dealt="1" sum="230"/>
</round>
<round no="2"><cards type="Flop">S4 HA D5</cards>
</round>
<round no="3"><cards type="Turn">DQ</cards>
</round>
<round no="4"><cards type="River">H10</cards>
</round>
</game>
</session>
