<?xml version="1.0" encoding="UTF-8"?>
<session sessioncode="5054964100">
<general>
<client_version>25.1.1.16</client_version>
<mode>real</mode>
<gametype>Holdem NL</gametype>
<tablename>Twister €100 SNG, 816227541</tablename>
<tournamentcode>816227540</tournamentcode>
<tournamentname>Twister €100 SNG</tournamentname>
<buyin>€0 + €7 + €93</buyin>
<totalbuyin>€100</totalbuyin>
<rewarddrawn>€300</rewarddrawn>
<tournamentcurrency>EUR</tournamentcurrency>
<currency>EUR</currency>
<nickname>Rakki</nickname>
<gamecount>28</gamecount>
<startdate>2025-08-21 19:02:51</startdate>
<place>2</place>
<win>€0</win>
<tablesize>3</tablesize>
</general>
<game gamecode="6459135606"><general><startdate>2025-08-21 19:03:06</startdate>
<round>1</round>
<failsafecounter/>
<players><player seat="6" name="OndaBianca1" chips="500" dealer="0" win="130" bet="158" muck="1" rebuy="0" addon="0" merge="0" rebuychips="0" reg_code="5054964020"/>
<player seat="10" name="Rakki" chips="500" dealer="1" win="0" bet="60" muck="1" rebuy="0" addon="0" merge="0" rebuychips="0" reg_code="5054964100"/>
<player seat="3" name="Tiuualex" chips="500" dealer="0" win="0" bet="10" muck="1" rebuy="0" addon="0" merge="0" rebuychips="0" reg_code="5054963995"/>
</players>
</general>
<round no="0"><action no="1" player="Tiuualex" type="1" discard="1" dealt="1" sum="10"/>
<action no="2" player="OndaBianca1" type="2" discard="1" dealt="1" sum="20"/>
</round>
<round no="1"><cards type="Pocket" player="OndaBianca1">X X</cards>
<cards type="Pocket" player="Tiuualex">X X</cards>
<cards type="Pocket" player="Rakki">D10 D6</cards>
<action no="3" player="Rakki" type="23" sum="40"/>
<action no="4" player="Tiuualex" type="0" discard="1" dealt="1" sum="0"/>
<action no="5" player="OndaBianca1" type="3" discard="1" dealt="1" sum="20"/>
</round>
<round no="2"><cards type="Flop">SQ HK S9</cards>
<action no="6" player="OndaBianca1" type="4" discard="1" dealt="1" sum="0"/>
<action no="7" player="Rakki" type="5" sum="20"/>
<action no="8" player="OndaBianca1" type="3" discard="1" dealt="1" sum="20"/>
</round>
<round no="3"><cards type="Turn">D2</cards>
<action no="9" player="OndaBianca1" type="4" discard="1" dealt="1" sum="0"/>
<action no="10" player="Rakki" type="4" sum="0"/>
</round>
<round no="4"><cards type="River">S3</cards>
<action no="11" player="OndaBianca1" type="5" discard="1" dealt="1" sum="98"/>
<action no="12" player="Rakki" type="0" sum="0"/>
</round>
</game>
<game gamecode="6459135679"><general><startdate>2025-08-21 19:03:57</startdate>
<round>1</round>
<failsafecounter/>
<players><player seat="10" name="Rakki" chips="440" dealer="0" win="90" bet="440" muck="1" rebuy="0" addon="0" merge="0" rebuychips="0" reg_code="5054964100"/>
<player seat="3" name="Tiuualex" chips="490" dealer="1" win="0" bet="40" muck="1" rebuy="0" addon="0" merge="0" rebuychips="0" reg_code="5054963995"/>
<player seat="6" name="OndaBianca1" chips="570" dealer="0" win="0" bet="10" muck="1" rebuy="0" addon="0" merge="0" rebuychips="0" reg_code="5054964020"/>
</players>
</general>
<round no="0"><action no="1" player="OndaBianca1" type="1" discard="1" dealt="1" sum="10"/>
<action no="2" player="Rakki" type="2" sum="20"/>
</round>
<round no="1"><cards type="Pocket" player="OndaBianca1">X X</cards>
<cards type="Pocket" player="Rakki">C6 D6</cards>
<cards type="Pocket" player="Tiuualex">X X</cards>
<action no="3" player="Tiuualex" type="23" discard="1" dealt="1" sum="40"/>
<action no="4" player="OndaBianca1" type="0" discard="1" dealt="1" sum="0"/>
<action no="5" player="Rakki" type="23" sum="440"/>
<action no="6" player="Tiuualex" type="0" discard="1" dealt="1" sum="0"/>
</round>
</game>
<game gamecode="6459135694"><general><startdate>2025-08-21 19:04:08</startdate>
<round>1</round>
<failsafecounter/>
<players><player seat="3" name="Tiuualex" chips="450" dealer="0" win="0" bet="40" muck="1" rebuy="0" addon="0" merge="0" rebuychips="0" reg_code="5054963995"/>
<player seat="6" name="OndaBianca1" chips="560" dealer="1" win="90" bet="70" muck="1" rebuy="0" addon="0" merge="0" rebuychips="0" reg_code="5054964020"/>
<player seat="10" name="Rakki" chips="490" dealer="0" win="0" bet="10" muck="1" rebuy="0" addon="0" merge="0" rebuychips="0" reg_code="5054964100"/>
</players>
</general>
<round no="0"><action no="1" player="Rakki" type="1" sum="10"/>
<action no="2" player="Tiuualex" type="2" discard="1" dealt="1" sum="20"/>
</round>
<round no="1"><cards type="Pocket" player="Tiuualex">X X</cards>
<cards type="Pocket" player="OndaBianca1">X X</cards>
<cards type="Pocket" player="Rakki">DK D9</cards>
<action no="3" player="OndaBianca1" type="23" discard="1" dealt="1" sum="40"/>
<action no="4" player="Rakki" type="0" sum="0"/>
<action no="5" player="Tiuualex" type="3" discard="1" dealt="1" sum="20"/>
</round>
<round no="2"><cards type="Flop">C4 S2 CQ</cards>
<action no="6" player="Tiuualex" type="4" discard="1" dealt="1" sum="0"/>
<action no="7" player="OndaBianca1" type="5" discard="1" dealt="1" sum="30"/>
<action no="8" player="Tiuualex" type="0" discard="1" dealt="1" sum="0"/>
</round>
</game>
<game gamecode="6459135727"><general><startdate>2025-08-21 19:04:31</startdate>
<round>1</round>
<failsafecounter/>
<players><player seat="6" name="OndaBianca1" chips="610" dealer="0" win="820" bet="410" muck="0" rebuy="0" addon="0" merge="0" rebuychips="0" reg_code="5054964020"/>
<player seat="10" name="Rakki" chips="480" dealer="1" win="0" bet="0" muck="1" rebuy="0" addon="0" merge="0" rebuychips="0" reg_code="5054964100"/>
<player seat="3" name="Tiuualex" chips="410" dealer="0" win="0" bet="410" muck="0" rebuy="0" addon="0" merge="0" rebuychips="0" reg_code="5054963995"/>
</players>
</general>
<round no="0"><action no="1" player="Tiuualex" type="1" discard="1" dealt="1" sum="10"/>
<action no="2" player="OndaBianca1" type="2" discard="1" dealt="1" sum="20"/>
</round>
<round no="1"><cards type="Pocket" player="OndaBianca1">H4 C5</cards>
<cards type="Pocket" player="Tiuualex">DJ H8</cards>
<cards type="Pocket" player="Rakki">D8 H2</cards>
<action no="3" player="Rakki" type="0" sum="0"/>
<action no="4" player="Tiuualex" type="23" discard="1" dealt="1" sum="50"/>
<action no="5" player="OndaBianca1" type="3" discard="1" dealt="1" sum="30"/>
</round>
<round no="2"><cards type="Flop">CA S7 H5</cards>
<action no="6" player="Tiuualex" type="5" discard="1" dealt="1" sum="25"/>
<action no="7" player="OndaBianca1" type="3" discard="1" dealt="1" sum="25"/>
</round>
<round no="3"><cards type="Turn">H9</cards>
<action no="8" player="Tiuualex" type="5" discard="1" dealt="1" sum="120"/>
<action no="9" player="OndaBianca1" type="3" discard="1" dealt="1" sum="120"/>
</round>
<round no="4"><cards type="River">H3</cards>
<action no="10" player="Tiuualex" type="5" discard="1" dealt="1" sum="215"/>
<action no="11" player="OndaBianca1" type="3" discard="1" dealt="1" sum="215"/>
</round>
</game>
<game gamecode="6459135810"><general><startdate>2025-08-21 19:05:27</startdate>
<round>1</round>
<failsafecounter/>
<players><player seat="10" name="Rakki" chips="480" dealer="0" win="0" bet="65" muck="1" rebuy="0" addon="0" merge="0" rebuychips="0" reg_code="5054964100"/>
<player seat="6" name="OndaBianca1" chips="1,020" dealer="1" win="130" bet="130" muck="1" rebuy="0" addon="0" merge="0" rebuychips="0" reg_code="5054964020"/>
</players>
</general>
<round no="0"><action no="1" player="OndaBianca1" type="15" discard="1" dealt="1" sum="5"/>
<action no="2" player="Rakki" type="15" sum="5"/>
<action no="3" player="OndaBianca1" type="1" discard="1" dealt="1" sum="15"/>
<action no="4" player="Rakki" type="2" sum="30"/>
</round>
<round no="1"><cards type="Pocket" player="OndaBianca1">X X</cards>
<cards type="Pocket" player="Rakki">S2 S4</cards>
<action no="5" player="OndaBianca1" type="3" discard="1" dealt="1" sum="15"/>
<action no="6" player="Rakki" type="4" sum="0"/>
</round>
<round no="2"><cards type="Flop">C4 HK C6</cards>
<action no="7" player="Rakki" type="4" sum="0"/>
<action no="8" player="OndaBianca1" type="5" discard="1" dealt="1" sum="30"/>
<action no="9" player="Rakki" type="3" sum="30"/>
</round>
<round no="3"><cards type="Turn">C8</cards>
<action no="10" player="Rakki" type="4" sum="0"/>
<action no="11" player="OndaBianca1" type="5" discard="1" dealt="1" sum="65"/>
<action no="12" player="Rakki" type="0" sum="0"/>
</round>
</game>
<game gamecode="6459135851"><general><startdate>2025-08-21 19:05:54</startdate>
<round>1</round>
<failsafecounter/>
<players><player seat="6" name="OndaBianca1" chips="1,085" dealer="0" win="130" bet="65" muck="0" rebuy="0" addon="0" merge="0" rebuychips="0" reg_code="5054964020"/>
<player seat="10" name="Rakki" chips="415" dealer="1" win="0" bet="65" muck="1" rebuy="0" addon="0" merge="0" rebuychips="0" reg_code="5054964100"/>
</players>
</general>
<round no="0"><action no="1" player="Rakki" type="15" sum="5"/>
<action no="2" player="OndaBianca1" type="15" discard="1" dealt="1" sum="5"/>
<action no="3" player="Rakki" type="1" sum="15"/>
<action no="4" player="OndaBianca1" type="2" discard="1" dealt="1" sum="30"/>
</round>
<round no="1"><cards type="Pocket" player="OndaBianca1">S8 SJ</cards>
<cards type="Pocket" player="Rakki">HJ S6</cards>
<action no="5" player="Rakki" type="3" sum="15"/>
<action no="6" player="OndaBianca1" type="4" discard="1" dealt="1" sum="0"/>
</round>
<round no="2"><cards type="Flop">HK D7 C7</cards>
<action no="7" player="OndaBianca1" type="4" discard="1" dealt="1" sum="0"/>
<action no="8" player="Rakki" type="4" sum="0"/>
</round>
<round no="3"><cards type="Turn">C8</cards>
<action no="9" player="OndaBianca1" type="4" discard="1" dealt="1" sum="0"/>
<action no="10" player="Rakki" type="5" sum="30"/>
<action no="11" player="OndaBianca1" type="3" discard="1" dealt="1" sum="30"/>
</round>
<round no="4"><cards type="River">D2</cards>
<action no="12" player="OndaBianca1" type="4" discard="1" dealt="1" sum="0"/>
<action no="13" player="Rakki" type="4" sum="0"/>
</round>
</game>
<game gamecode="6459135899"><general><startdate>2025-08-21 19:06:23</startdate>
<round>1</round>
<failsafecounter/>
<players><player seat="10" name="Rakki" chips="350" dealer="0" win="700" bet="350" muck="0" rebuy="0" addon="0" merge="0" rebuychips="0" reg_code="5054964100"/>
<player seat="6" name="OndaBianca1" chips="1,150" dealer="1" win="0" bet="350" muck="1" rebuy="0" addon="0" merge="0" rebuychips="0" reg_code="5054964020"/>
</players>
</general>
<round no="0"><action no="1" player="OndaBianca1" type="15" discard="1" dealt="1" sum="5"/>
<action no="2" player="Rakki" type="15" sum="5"/>
<action no="3" player="OndaBianca1" type="1" discard="1" dealt="1" sum="15"/>
<action no="4" player="Rakki" type="2" sum="30"/>
</round>
<round no="1"><cards type="Pocket" player="OndaBianca1">CJ HK</cards>
<cards type="Pocket" player="Rakki">C5 S7</cards>
<action no="5" player="OndaBianca1" type="3" discard="1" dealt="1" sum="15"/>
<action no="6" player="Rakki" type="4" sum="0"/>
</round>
<round no="2"><cards type="Flop">S8 H9 D6</cards>
<action no="7" player="Rakki" type="4" sum="0"/>
<action no="8" player="OndaBianca1" type="4" discard="1" dealt="1" sum="0"/>
</round>
<round no="3"><cards type="Turn">H10</cards>
<action no="9" player="Rakki" type="5" sum="90"/>
<action no="10" player="OndaBianca1" type="3" discard="1" dealt="1" sum="90"/>
</round>
<round no="4"><cards type="River">DK</cards>
<action no="11" player="Rakki" type="5" sum="225"/>
<action no="12" player="OndaBianca1" type="3" discard="1" dealt="1" sum="225"/>
</round>
</game>
<game gamecode="6459135935"><general><startdate>2025-08-21 19:06:50</startdate>
<round>1</round>
<failsafecounter/>
<players><player seat="6" name="OndaBianca1" chips="800" dealer="0" win="0" bet="45" muck="1" rebuy="0" addon="0" merge="0" rebuychips="0" reg_code="5054964020"/>
<player seat="10" name="Rakki" chips="700" dealer="1" win="90" bet="85" muck="1" rebuy="0" addon="0" merge="0" rebuychips="0" reg_code="5054964100"/>
</players>
</general>
<round no="0"><action no="1" player="Rakki" type="15" sum="5"/>
<action no="2" player="OndaBianca1" type="15" discard="1" dealt="1" sum="5"/>
<action no="3" player="Rakki" type="1" sum="20"/>
<action no="4" player="OndaBianca1" type="2" discard="1" dealt="1" sum="40"/>
</round>
<round no="1"><cards type="Pocket" player="Rakki">CQ S3</cards>
<cards type="Pocket" player="OndaBianca1">X X</cards>
<action no="5" player="Rakki" type="3" sum="20"/>
<action no="6" player="OndaBianca1" type="4" discard="1" dealt="1" sum="0"/>
</round>
<round no="2"><cards type="Flop">D4 H9 CJ</cards>
<action no="7" player="OndaBianca1" type="4" discard="1" dealt="1" sum="0"/>
<action no="8" player="Rakki" type="5" sum="40"/>
<action no="9" player="OndaBianca1" type="0" discard="1" dealt="1" sum="0"/>
</round>
</game>
<game gamecode="6459135962"><general><startdate>2025-08-21 19:07:06</startdate>
<round>1</round>
<failsafecounter/>
<players><player seat="10" name="Rakki" chips="745" dealer="0" win="0" bet="45" muck="1" rebuy="0" addon="0" merge="0" rebuychips="0" reg_code="5054964100"/>
<player seat="6" name="OndaBianca1" chips="755" dealer="1" win="90" bet="85" muck="1" rebuy="0" addon="0" merge="0" rebuychips="0" reg_code="5054964020"/>
</players>
</general>
<round no="0"><action no="1" player="OndaBianca1" type="15" discard="1" dealt="1" sum="5"/>
<action no="2" player="Rakki" type="15" sum="5"/>
<action no="3" player="OndaBianca1" type="1" discard="1" dealt="1" sum="20"/>
<action no="4" player="Rakki" type="2" sum="40"/>
</round>
<round no="1"><cards type="Pocket" player="OndaBianca1">X X</cards>
<cards type="Pocket" player="Rakki">D4 S7</cards>
<action no="5" player="OndaBianca1" type="3" discard="1" dealt="1" sum="20"/>
<action no="6" player="Rakki" type="4" sum="0"/>
</round>
<round no="2"><cards type="Flop">HA S3 DJ</cards>
<action no="7" player="Rakki" type="4" sum="0"/>
<action no="8" player="OndaBianca1" type="5" discard="1" dealt="1" sum="40"/>
<action no="9" player="Rakki" type="0" sum="0"/>
</round>
</game>
<game gamecode="6459135982"><general><startdate>2025-08-21 19:07:20</startdate>
<round>1</round>
<failsafecounter/>
<players><player seat="6" name="OndaBianca1" chips="800" dealer="0" win="0" bet="315" muck="0" rebuy="0" addon="0" merge="0" rebuychips="0" reg_code="5054964020"/>
<player seat="10" name="Rakki" chips="700" dealer="1" win="630" bet="315" muck="0" rebuy="0" addon="0" merge="0" rebuychips="0" reg_code="5054964100"/>
</players>
</general>
<round no="0"><action no="1" player="Rakki" type="15" sum="5"/>
<action no="2" player="OndaBianca1" type="15" discard="1" dealt="1" sum="5"/>
<action no="3" player="Rakki" type="1" sum="20"/>
<action no="4" player="OndaBianca1" type="2" discard="1" dealt="1" sum="40"/>
</round>
<round no="1"><cards type="Pocket" player="Rakki">S6 S8</cards>
<cards type="Pocket" player="OndaBianca1">H5 C8</cards>
<action no="5" player="Rakki" type="3" sum="20"/>
<action no="6" player="OndaBianca1" type="4" discard="1" dealt="1" sum="0"/>
</round>
<round no="2"><cards type="Flop">D7 DQ C6</cards>
<action no="7" player="OndaBianca1" type="4" discard="1" dealt="1" sum="0"/>
<action no="8" player="Rakki" type="4" sum="0"/>
</round>
<round no="3"><cards type="Turn">C3</cards>
<action no="9" player="OndaBianca1" type="5" discard="1" dealt="1" sum="65"/>
<action no="10" player="Rakki" type="3" sum="65"/>
</round>
<round no="4"><cards type="River">HA</cards>
<action no="11" player="OndaBianca1" type="5" discard="1" dealt="1" sum="205"/>
<action no="12" player="Rakki" type="3" sum="205"/>
</round>
</game>
<game gamecode="6459136032"><general><startdate>2025-08-21 19:07:48</startdate>
<round>1</round>
<failsafecounter/>
<players><player seat="10" name="Rakki" chips="1,015" dealer="0" win="90" bet="1,015" muck="1" rebuy="0" addon="0" merge="0" rebuychips="0" reg_code="5054964100"/>
<player seat="6" name="OndaBianca1" chips="485" dealer="1" win="0" bet="45" muck="1" rebuy="0" addon="0" merge="0" rebuychips="0" reg_code="5054964020"/>
</players>
</general>
<round no="0"><action no="1" player="OndaBianca1" type="15" discard="1" dealt="1" sum="5"/>
<action no="2" player="Rakki" type="15" sum="5"/>
<action no="3" player="OndaBianca1" type="1" discard="1" dealt="1" sum="20"/>
<action no="4" player="Rakki" type="2" sum="40"/>
</round>
<round no="1"><cards type="Pocket" player="OndaBianca1">X X</cards>
<cards type="Pocket" player="Rakki">S9 CA</cards>
<action no="5" player="OndaBianca1" type="3" discard="1" dealt="1" sum="20"/>
<action no="6" player="Rakki" type="23" sum="1,010"/>
<action no="7" player="OndaBianca1" type="0" discard="1" dealt="1" sum="0"/>
</round>
</game>
<game gamecode="6459136045"><general><startdate>2025-08-21 19:07:58</startdate>
<round>1</round>
<failsafecounter/>
<players><player seat="6" name="OndaBianca1" chips="440" dealer="0" win="0" bet="45" muck="1" rebuy="0" addon="0" merge="0" rebuychips="0" reg_code="5054964020"/>
<player seat="10" name="Rakki" chips="1,060" dealer="1" win="90" bet="1,060" muck="1" rebuy="0" addon="0" merge="0" rebuychips="0" reg_code="5054964100"/>
</players>
</general>
<round no="0"><action no="1" player="Rakki" type="15" sum="5"/>
<action no="2" player="OndaBianca1" type="15" discard="1" dealt="1" sum="5"/>
<action no="3" player="Rakki" type="1" sum="20"/>
<action no="4" player="OndaBianca1" type="2" discard="1" dealt="1" sum="40"/>
</round>
<round no="1"><cards type="Pocket" player="OndaBianca1">X X</cards>
<cards type="Pocket" player="Rakki">H2 D2</cards>
<action no="5" player="Rakki" type="23" sum="1,055"/>
<action no="6" player="OndaBianca1" type="0" discard="1" dealt="1" sum="0"/>
</round>
</game>
<game gamecode="6459136059"><general><startdate>2025-08-21 19:08:05</startdate>
<round>1</round>
<failsafecounter/>
<players><player seat="10" name="Rakki" chips="1,105" dealer="0" win="70" bet="65" muck="1" rebuy="0" addon="0" merge="0" rebuychips="0" reg_code="5054964100"/>
<player seat="6" name="OndaBianca1" chips="395" dealer="1" win="0" bet="35" muck="1" rebuy="0" addon="0" merge="0" rebuychips="0" reg_code="5054964020"/>
</players>
</general>
<round no="0"><action no="1" player="OndaBianca1" type="15" discard="1" dealt="1" sum="5"/>
<action no="2" player="Rakki" type="15" sum="5"/>
<action no="3" player="OndaBianca1" type="1" discard="1" dealt="1" sum="30"/>
<action no="4" player="Rakki" type="2" sum="60"/>
</round>
<round no="1"><cards type="Pocket" player="Rakki">D8 C9</cards>
<cards type="Pocket" player="OndaBianca1">X X</cards>
<action no="5" player="OndaBianca1" type="0" discard="1" dealt="1" sum="0"/>
</round>
</game>
<game gamecode="6459136069"><general><startdate>2025-08-21 19:08:10</startdate>
<round>1</round>
<failsafecounter/>
<players><player seat="6" name="OndaBianca1" chips="360" dealer="0" win="70" bet="65" muck="1" rebuy="0" addon="0" merge="0" rebuychips="0" reg_code="5054964020"/>
<player seat="10" name="Rakki" chips="1,140" dealer="1" win="0" bet="35" muck="1" rebuy="0" addon="0" merge="0" rebuychips="0" reg_code="5054964100"/>
</players>
</general>
<round no="0"><action no="1" player="Rakki" type="15" sum="5"/>
<action no="2" player="OndaBianca1" type="15" discard="1" dealt="1" sum="5"/>
<action no="3" player="Rakki" type="1" sum="30"/>
<action no="4" player="OndaBianca1" type="2" discard="1" dealt="1" sum="60"/>
</round>
<round no="1"><cards type="Pocket" player="Rakki">H2 C8</cards>
<cards type="Pocket" player="OndaBianca1">X X</cards>
<action no="5" player="Rakki" type="0" sum="0"/>
</round>
</game>
<game gamecode="6459136081"><general><startdate>2025-08-21 19:08:16</startdate>
<round>1</round>
<failsafecounter/>
<players><player seat="10" name="Rakki" chips="1,105" dealer="0" win="0" bet="395" muck="1" rebuy="0" addon="0" merge="0" rebuychips="0" reg_code="5054964100"/>
<player seat="6" name="OndaBianca1" chips="395" dealer="1" win="790" bet="395" muck="0" rebuy="0" addon="0" merge="0" rebuychips="0" reg_code="5054964020"/>
</players>
</general>
<round no="0"><action no="1" player="OndaBianca1" type="15" discard="1" dealt="1" sum="5"/>
<action no="2" player="Rakki" type="15" sum="5"/>
<action no="3" player="OndaBianca1" type="1" discard="1" dealt="1" sum="30"/>
<action no="4" player="Rakki" type="2" sum="60"/>
</round>
<round no="1"><cards type="Pocket" player="OndaBianca1">HJ DA</cards>
<cards type="Pocket" player="Rakki">D5 HK</cards>
<action no="5" player="OndaBianca1" type="23" discard="1" dealt="1" sum="390"/>
<action no="6" player="Rakki" type="3" sum="330"/>
</round>
<round no="2"><cards type="Flop">S4 CA S6</cards>
</round>
<round no="3"><cards type="Turn">HQ</cards>
</round>
<round no="4"><cards type="River">CJ</cards>
</round>
</game>
<game gamecode="6459136113"><general><startdate>2025-08-21 19:08:31</startdate>
<round>1</round>
<failsafecounter/>
<players><player seat="6" name="OndaBianca1" chips="790" dealer="0" win="70" bet="65" muck="1" rebuy="0" addon="0" merge="0" rebuychips="0" reg_code="5054964020"/>
<player seat="10" name="Rakki" chips="710" dealer="1" win="0" bet="35" muck="1" rebuy="0" addon="0" merge="0" rebuychips="0" reg_code="5054964100"/>
</players>
</general>
<round no="0"><action no="1" player="Rakki" type="15" sum="5"/>
<action no="2" player="OndaBianca1" type="15" discard="1" dealt="1" sum="5"/>
<action no="3" player="Rakki" type="1" sum="30"/>
<action no="4" player="OndaBianca1" type="2" discard="1" dealt="1" sum="60"/>
</round>
<round no="1"><cards type="Pocket" player="OndaBianca1">X X</cards>
<cards type="Pocket" player="Rakki">D2 S5</cards>
<action no="5" player="Rakki" type="0" sum="0"/>
</round>
</game>
<game gamecode="6459136120"><general><startdate>2025-08-21 19:08:37</startdate>
<round>1</round>
<failsafecounter/>
<players><player seat="10" name="Rakki" chips="675" dealer="0" win="0" bet="65" muck="1" rebuy="0" addon="0" merge="0" rebuychips="0" reg_code="5054964100"/>
<player seat="6" name="OndaBianca1" chips="825" dealer="1" win="130" bet="65" muck="0" rebuy="0" addon="0" merge="0" rebuychips="0" reg_code="5054964020"/>
</players>
</general>
<round no="0"><action no="1" player="OndaBianca1" type="15" discard="1" dealt="1" sum="5"/>
<action no="2" player="Rakki" type="15" sum="5"/>
<action no="3" player="OndaBianca1" type="1" discard="1" dealt="1" sum="30"/>
<action no="4" player="Rakki" type="2" sum="60"/>
</round>
<round no="1"><cards type="Pocket" player="Rakki">C6 H3</cards>
<cards type="Pocket" player="OndaBianca1">C4 S7</cards>
<action no="5" player="OndaBianca1" type="3" discard="1" dealt="1" sum="30"/>
<action no="6" player="Rakki" type="4" sum="0"/>
</round>
<round no="2"><cards type="Flop">C5 H5 H7</cards>
<action no="7" player="Rakki" type="4" sum="0"/>
<action no="8" player="OndaBianca1" type="4" discard="1" dealt="1" sum="0"/>
</round>
<round no="3"><cards type="Turn">H10</cards>
<action no="9" player="Rakki" type="4" sum="0"/>
<action no="10" player="OndaBianca1" type="4" discard="1" dealt="1" sum="0"/>
</round>
<round no="4"><cards type="River">CK</cards>
<action no="11" player="Rakki" type="4" sum="0"/>
<action no="12" player="OndaBianca1" type="4" discard="1" dealt="1" sum="0"/>
</round>
</game>
<game gamecode="6459136163"><general><startdate>2025-08-21 19:09:03</startdate>
<round>1</round>
<failsafecounter/>
<players><player seat="6" name="OndaBianca1" chips="890" dealer="0" win="0" bet="260" muck="0" rebuy="0" addon="0" merge="0" rebuychips="0" reg_code="5054964020"/>
<player seat="10" name="Rakki" chips="610" dealer="1" win="520" bet="260" muck="0" rebuy="0" addon="0" merge="0" rebuychips="0" reg_code="5054964100"/>
</players>
</general>
<round no="0"><action no="1" player="Rakki" type="15" sum="5"/>
<action no="2" player="OndaBianca1" type="15" discard="1" dealt="1" sum="5"/>
<action no="3" player="Rakki" type="1" sum="30"/>
<action no="4" player="OndaBianca1" type="2" discard="1" dealt="1" sum="60"/>
</round>
<round no="1"><cards type="Pocket" player="Rakki">DQ D3</cards>
<cards type="Pocket" player="OndaBianca1">H10 S7</cards>
<action no="5" player="Rakki" type="3" sum="30"/>
<action no="6" player="OndaBianca1" type="4" discard="1" dealt="1" sum="0"/>
</round>
<round no="2"><cards type="Flop">S2 D5 SA</cards>
<action no="7" player="OndaBianca1" type="4" discard="1" dealt="1" sum="0"/>
<action no="8" player="Rakki" type="4" sum="0"/>
</round>
<round no="3"><cards type="Turn">H3</cards>
<action no="9" player="OndaBianca1" type="5" discard="1" dealt="1" sum="65"/>
<action no="10" player="Rakki" type="3" sum="65"/>
</round>
<round no="4"><cards type="River">H8</cards>
<action no="11" player="OndaBianca1" type="5" discard="1" dealt="1" sum="130"/>
<action no="12" player="Rakki" type="3" sum="130"/>
</round>
</game>
<game gamecode="6459136233"><general><startdate>2025-08-21 19:09:41</startdate>
<round>1</round>
<failsafecounter/>
<players><player seat="10" name="Rakki" chips="870" dealer="0" win="0" bet="65" muck="1" rebuy="0" addon="0" merge="0" rebuychips="0" reg_code="5054964100"/>
<player seat="6" name="OndaBianca1" chips="630" dealer="1" win="130" bet="125" muck="1" rebuy="0" addon="0" merge="0" rebuychips="0" reg_code="5054964020"/>
</players>
</general>
<round no="0"><action no="1" player="OndaBianca1" type="15" discard="1" dealt="1" sum="5"/>
<action no="2" player="Rakki" type="15" sum="5"/>
<action no="3" player="OndaBianca1" type="1" discard="1" dealt="1" sum="30"/>
<action no="4" player="Rakki" type="2" sum="60"/>
</round>
<round no="1"><cards type="Pocket" player="Rakki">S9 C4</cards>
<cards type="Pocket" player="OndaBianca1">X X</cards>
<action no="5" player="OndaBianca1" type="3" discard="1" dealt="1" sum="30"/>
<action no="6" player="Rakki" type="4" sum="0"/>
</round>
<round no="2"><cards type="Flop">HJ D2 HQ</cards>
<action no="7" player="Rakki" type="4" sum="0"/>
<action no="8" player="OndaBianca1" type="5" discard="1" dealt="1" sum="60"/>
<action no="9" player="Rakki" type="0" sum="0"/>
</round>
</game>
<game gamecode="6459136253"><general><startdate>2025-08-21 19:09:54</startdate>
<round>1</round>
<failsafecounter/>
<players><player seat="6" name="OndaBianca1" chips="695" dealer="0" win="0" bet="88" muck="1" rebuy="0" addon="0" merge="0" rebuychips="0" reg_code="5054964020"/>
<player seat="10" name="Rakki" chips="805" dealer="1" win="176" bet="168" muck="1" rebuy="0" addon="0" merge="0" rebuychips="0" reg_code="5054964100"/>
</players>
</general>
<round no="0"><action no="1" player="Rakki" type="15" sum="8"/>
<action no="2" player="OndaBianca1" type="15" discard="1" dealt="1" sum="8"/>
<action no="3" player="Rakki" type="1" sum="40"/>
<action no="4" player="OndaBianca1" type="2" discard="1" dealt="1" sum="80"/>
</round>
<round no="1"><cards type="Pocket" player="Rakki">C2 HJ</cards>
<cards type="Pocket" player="OndaBianca1">X X</cards>
<action no="5" player="Rakki" type="3" sum="40"/>
<action no="6" player="OndaBianca1" type="4" discard="1" dealt="1" sum="0"/>
</round>
<round no="2"><cards type="Flop">H2 D5 S5</cards>
<action no="7" player="OndaBianca1" type="4" discard="1" dealt="1" sum="0"/>
<action no="8" player="Rakki" type="5" sum="80"/>
<action no="9" player="OndaBianca1" type="0" discard="1" dealt="1" sum="0"/>
</round>
</game>
<game gamecode="6459136278"><general><startdate>2025-08-21 19:10:08</startdate>
<round>1</round>
<failsafecounter/>
<players><player seat="10" name="Rakki" chips="893" dealer="0" win="96" bet="88" muck="1" rebuy="0" addon="0" merge="0" rebuychips="0" reg_code="5054964100"/>
<player seat="6" name="OndaBianca1" chips="607" dealer="1" win="0" bet="48" muck="1" rebuy="0" addon="0" merge="0" rebuychips="0" reg_code="5054964020"/>
</players>
</general>
<round no="0"><action no="1" player="OndaBianca1" type="15" discard="1" dealt="1" sum="8"/>
<action no="2" player="Rakki" type="15" sum="8"/>
<action no="3" player="OndaBianca1" type="1" discard="1" dealt="1" sum="40"/>
<action no="4" player="Rakki" type="2" sum="80"/>
</round>
<round no="1"><cards type="Pocket" player="Rakki">H6 D8</cards>
<cards type="Pocket" player="OndaBianca1">X X</cards>
<action no="5" player="OndaBianca1" type="0" discard="1" dealt="1" sum="0"/>
</round>
</game>
<game gamecode="6459136288"><general><startdate>2025-08-21 19:10:14</startdate>
<round>1</round>
<failsafecounter/>
<players><player seat="6" name="OndaBianca1" chips="559" dealer="0" win="1,118" bet="559" muck="0" rebuy="0" addon="0" merge="0" rebuychips="0" reg_code="5054964020"/>
<player seat="10" name="Rakki" chips="941" dealer="1" win="0" bet="941" muck="1" rebuy="0" addon="0" merge="0" rebuychips="0" reg_code="5054964100"/>
</players>
</general>
<round no="0"><action no="1" player="Rakki" type="15" sum="8"/>
<action no="2" player="OndaBianca1" type="15" discard="1" dealt="1" sum="8"/>
<action no="3" player="Rakki" type="1" sum="40"/>
<action no="4" player="OndaBianca1" type="2" discard="1" dealt="1" sum="80"/>
</round>
<round no="1"><cards type="Pocket" player="Rakki">S7 S6</cards>
<cards type="Pocket" player="OndaBianca1">C9 SK</cards>
<action no="5" player="Rakki" type="23" sum="933"/>
<action no="6" player="OndaBianca1" type="7" discard="1" dealt="1" sum="471"/>
</round>
<round no="2"><cards type="Flop">HK D8 S9</cards>
</round>
<round no="3"><cards type="Turn">CQ</cards>
</round>
<round no="4"><cards type="River">H6</cards>
</round>
</game>
<game gamecode="6459136310"><general><startdate>2025-08-21 19:10:28</startdate>
<round>1</round>
<failsafecounter/>
<players><player seat="10" name="Rakki" chips="382" dealer="0" win="0" bet="88" muck="1" rebuy="0" addon="0" merge="0" rebuychips="0" reg_code="5054964100"/>
<player seat="6" name="OndaBianca1" chips="1,118" dealer="1" win="176" bet="1,118" muck="1" rebuy="0" addon="0" merge="0" rebuychips="0" reg_code="5054964020"/>
</players>
</general>
<round no="0"><action no="1" player="OndaBianca1" type="15" discard="1" dealt="1" sum="8"/>
<action no="2" player="Rakki" type="15" sum="8"/>
<action no="3" player="OndaBianca1" type="1" discard="1" dealt="1" sum="40"/>
<action no="4" player="Rakki" type="2" sum="80"/>
</round>
<round no="1"><cards type="Pocket" player="Rakki">C3 D7</cards>
<cards type="Pocket" player="OndaBianca1">X X</cards>
<action no="5" player="OndaBianca1" type="23" discard="1" dealt="1" sum="1,110"/>
<action no="6" player="Rakki" type="0" sum="0"/>
</round>
</game>
<game gamecode="6459144415"><general><startdate>2025-08-21 19:10:43</startdate>
<round>1</round>
<failsafecounter/>
<players><player seat="6" name="OndaBianca1" chips="1,206" dealer="0" win="96" bet="88" muck="1" rebuy="0" addon="0" merge="0" rebuychips="0" reg_code="5054964020"/>
<player seat="10" name="Rakki" chips="294" dealer="1" win="0" bet="48" muck="1" rebuy="0" addon="0" merge="0" rebuychips="0" reg_code="5054964100"/>
</players>
</general>
<round no="0"><action no="1" player="Rakki" type="15" sum="8"/>
<action no="2" player="OndaBianca1" type="15" discard="1" dealt="1" sum="8"/>
<action no="3" player="Rakki" type="1" sum="40"/>
<action no="4" player="OndaBianca1" type="2" discard="1" dealt="1" sum="80"/>
</round>
<round no="1"><cards type="Pocket" player="Rakki">S3 D8</cards>
<cards type="Pocket" player="OndaBianca1">X X</cards>
<action no="5" player="Rakki" type="0" sum="0"/>
</round>
</game>
<game gamecode="6459144425"><general><startdate>2025-08-21 19:10:49</startdate>
<round>1</round>
<failsafecounter/>
<players><player seat="10" name="Rakki" chips="246" dealer="0" win="492" bet="246" muck="0" rebuy="0" addon="0" merge="0" rebuychips="0" reg_code="5054964100"/>
<player seat="6" name="OndaBianca1" chips="1,254" dealer="1" win="0" bet="608" muck="1" rebuy="0" addon="0" merge="0" rebuychips="0" reg_code="5054964020"/>
</players>
</general>
<round no="0"><action no="1" player="OndaBianca1" type="15" discard="1" dealt="1" sum="8"/>
<action no="2" player="Rakki" type="15" sum="8"/>
<action no="3" player="OndaBianca1" type="1" discard="1" dealt="1" sum="40"/>
<action no="4" player="Rakki" type="2" sum="80"/>
</round>
<round no="1"><cards type="Pocket" player="Rakki">D8 H2</cards>
<cards type="Pocket" player="OndaBianca1">C7 S10</cards>
<action no="5" player="OndaBianca1" type="23" discard="1" dealt="1" sum="600"/>
<action no="6" player="Rakki" type="7" sum="158"/>
</round>
<round no="2"><cards type="Flop">D5 S4 DK</cards>
</round>
<round no="3"><cards type="Turn">C8</cards>
</round>
<round no="4"><cards type="River">C4</cards>
</round>
</game>
<game gamecode="6459144450"><general><startdate>2025-08-21 19:11:06</startdate>
<round>1</round>
<failsafecounter/>
<players><player seat="6" name="OndaBianca1" chips="1,008" dealer="0" win="0" bet="88" muck="1" rebuy="0" addon="0" merge="0" rebuychips="0" reg_code="5054964020"/>
<player seat="10" name="Rakki" chips="492" dealer="1" win="176" bet="492" muck="1" rebuy="0" addon="0" merge="0" rebuychips="0" reg_code="5054964100"/>
</players>
</general>
<round no="0"><action no="1" player="Rakki" type="15" sum="8"/>
<action no="2" player="OndaBianca1" type="15" discard="1" dealt="1" sum="8"/>
<action no="3" player="Rakki" type="1" sum="40"/>
<action no="4" player="OndaBianca1" type="2" discard="1" dealt="1" sum="80"/>
</round>
<round no="1"><cards type="Pocket" player="Rakki">H4 HA</cards>
<cards type="Pocket" player="OndaBianca1">X X</cards>
<action no="5" player="Rakki" type="23" sum="484"/>
<action no="6" player="OndaBianca1" type="0" discard="1" dealt="1" sum="0"/>
</round>
</game>
<game gamecode="6459144463"><general><startdate>2025-08-21 19:11:15</startdate>
<round>1</round>
<failsafecounter/>
<players><player seat="10" name="Rakki" chips="580" dealer="0" win="96" bet="88" muck="1" rebuy="0" addon="0" merge="0" rebuychips="0" reg_code="5054964100"/>
<player seat="6" name="OndaBianca1" chips="920" dealer="1" win="0" bet="48" muck="1" rebuy="0" addon="0" merge="0" rebuychips="0" reg_code="5054964020"/>
</players>
</general>
<round no="0"><action no="1" player="OndaBianca1" type="15" discard="1" dealt="1" sum="8"/>
<action no="2" player="Rakki" type="15" sum="8"/>
<action no="3" player="OndaBianca1" type="1" discard="1" dealt="1" sum="40"/>
<action no="4" player="Rakki" type="2" sum="80"/>
</round>
<round no="1"><cards type="Pocket" player="Rakki">H8 S5</cards>
<cards type="Pocket" player="OndaBianca1">X X</cards>
<action no="5" player="OndaBianca1" type="0" discard="1" dealt="1" sum="0"/>
</round>
</game>
<game gamecode="6459144470"><general><startdate>2025-08-21 19:11:20</startdate>
<round>1</round>
<failsafecounter/>
<players><player seat="6" name="OndaBianca1" chips="872" dealer="0" win="1,256" bet="628" muck="0" rebuy="0" addon="0" merge="0" rebuychips="0" reg_code="5054964020"/>
<player seat="10" name="Rakki" chips="628" dealer="1" win="0" bet="628" muck="0" rebuy="0" addon="0" merge="0" rebuychips="0" reg_code="5054964100"/>
</players>
</general>
<round no="0"><action no="1" player="Rakki" type="15" sum="8"/>
<action no="2" player="OndaBianca1" type="15" discard="1" dealt="1" sum="8"/>
<action no="3" player="Rakki" type="1" sum="40"/>
<action no="4" player="OndaBianca1" type="2" discard="1" dealt="1" sum="80"/>
</round>
<round no="1"><cards type="Pocket" player="Rakki">D7 S6</cards>
<cards type="Pocket" player="OndaBianca1">SK C4</cards>
<action no="5" player="Rakki" type="23" sum="620"/>
<action no="6" player="OndaBianca1" type="3" discard="1" dealt="1" sum="540"/>
</round>
<round no="2"><cards type="Flop">H7 C3 CK</cards>
</round>
<round no="3"><cards type="Turn">H4</cards>
</round>
<round no="4"><cards type="River">SA</cards>
</round>
</game>
</session>
