<?xml version="1.0" encoding="UTF-8"?>
<session sessioncode="5054489268">
<general>
<client_version>25.1.1.16</client_version>
<mode>real</mode>
<gametype>Holdem NL</gametype>
<tablename>Twister €100 SNG, 816087013</tablename>
<tournamentcode>816087012</tournamentcode>
<tournamentname>Twister €100 SNG</tournamentname>
<buyin>€0 + €7 + €93</buyin>
<totalbuyin>€100</totalbuyin>
<rewarddrawn>€200</rewarddrawn>
<tournamentcurrency>EUR</tournamentcurrency>
<currency>EUR</currency>
<nickname>Rakki</nickname>
<gamecount>6</gamecount>
<startdate>2025-08-19 15:46:50</startdate>
<place>3</place>
<win>€0</win>
<tablesize>3</tablesize>
</general>
<game gamecode="6457248050"><general><startdate>2025-08-19 15:47:05</startdate>
<round>1</round>
<failsafecounter/>
<players><player seat="10" name="Dominance" chips="500" dealer="0" win="0" bet="50" muck="1" rebuy="0" addon="0" merge="0" rebuychips="0" reg_code="5054489829"/>
<player seat="3" name="Rakki" chips="500" dealer="1" win="0" bet="0" muck="1" rebuy="0" addon="0" merge="0" rebuychips="0" reg_code="5054489268"/>
<player seat="6" name="Thechosenoonee" chips="500" dealer="0" win="100" bet="70" muck="1" rebuy="0" addon="0" merge="0" rebuychips="0" reg_code="5054489367"/>
</players>
</general>
<round no="0"><action no="1" player="Thechosenoonee" type="1" discard="1" dealt="1" sum="10"/>
<action no="2" player="Dominance" type="2" discard="1" dealt="1" sum="20"/>
</round>
<round no="1"><cards type="Pocket" player="Rakki">S5 HJ</cards>
<cards type="Pocket" player="Thechosenoonee">X X</cards>
<cards type="Pocket" player="Dominance">X X</cards>
<action no="3" player="Rakki" type="0" sum="0"/>
<action no="4" player="Thechosenoonee" type="23" discard="1" dealt="1" sum="50"/>
<action no="5" player="Dominance" type="3" discard="1" dealt="1" sum="30"/>
</round>
<round no="2"><cards type="Flop">S4 SQ CJ</cards>
<action no="6" player="Thechosenoonee" type="5" discard="1" dealt="1" sum="20"/>
<action no="7" player="Dominance" type="0" discard="1" dealt="1" sum="0"/>
</round>
</game>
<game gamecode="6457248096"><general><startdate>2025-08-19 15:47:32</startdate>
<round>1</round>
<failsafecounter/>
<players><player seat="3" name="Rakki" chips="500" dealer="0" win="0" bet="50" muck="1" rebuy="0" addon="0" merge="0" rebuychips="0" reg_code="5054489268"/>
<player seat="6" name="Thechosenoonee" chips="550" dealer="1" win="0" bet="0" muck="1" rebuy="0" addon="0" merge="0" rebuychips="0" reg_code="5054489367"/>
<player seat="10" name="Dominance" chips="450" dealer="0" win="100" bet="150" muck="1" rebuy="0" addon="0" merge="0" rebuychips="0" reg_code="5054489829"/>
</players>
</general>
<round no="0"><action no="1" player="Dominance" type="1" discard="1" dealt="1" sum="10"/>
<action no="2" player="Rakki" type="2" sum="20"/>
</round>
<round no="1"><cards type="Pocket" player="Thechosenoonee">X X</cards>
<cards type="Pocket" player="Rakki">S8 SJ</cards>
<cards type="Pocket" player="Dominance">X X</cards>
<action no="3" player="Thechosenoonee" type="0" discard="1" dealt="1" sum="0"/>
<action no="4" player="Dominance" type="23" discard="1" dealt="1" sum="50"/>
<action no="5" player="Rakki" type="3" sum="30"/>
</round>
<round no="2"><cards type="Flop">S3 C5 H4</cards>
<action no="6" player="Dominance" type="4" discard="1" dealt="1" sum="0"/>
<action no="7" player="Rakki" type="4" sum="0"/>
</round>
<round no="3"><cards type="Turn">D10</cards>
<action no="8" player="Dominance" type="5" discard="1" dealt="1" sum="100"/>
<action no="9" player="Rakki" type="0" sum="0"/>
</round>
</game>
<game gamecode="6457248176"><general><startdate>2025-08-19 15:48:07</startdate>
<round>1</round>
<failsafecounter/>
<players><player seat="6" name="Thechosenoonee" chips="550" dealer="0" win="130" bet="60" muck="0" rebuy="0" addon="0" merge="0" rebuychips="0" reg_code="5054489367"/>
<player seat="10" name="Dominance" chips="500" dealer="1" win="0" bet="60" muck="1" rebuy="0" addon="0" merge="0" rebuychips="0" reg_code="5054489829"/>
<player seat="3" name="Rakki" chips="450" dealer="0" win="0" bet="10" muck="1" rebuy="0" addon="0" merge="0" rebuychips="0" reg_code="5054489268"/>
</players>
</general>
<round no="0"><action no="1" player="Rakki" type="1" sum="10"/>
<action no="2" player="Thechosenoonee" type="2" discard="1" dealt="1" sum="20"/>
</round>
<round no="1"><cards type="Pocket" player="Thechosenoonee">DJ HQ</cards>
<cards type="Pocket" player="Dominance">D10 DQ</cards>
<cards type="Pocket" player="Rakki">C6 S9</cards>
<action no="3" player="Dominance" type="23" discard="1" dealt="1" sum="40"/>
<action no="4" player="Rakki" type="0" sum="0"/>
<action no="5" player="Thechosenoonee" type="3" discard="1" dealt="1" sum="20"/>
</round>
<round no="2"><cards type="Flop">H5 H10 DA</cards>
<action no="6" player="Thechosenoonee" type="4" discard="1" dealt="1" sum="0"/>
<action no="7" player="Dominance" type="5" discard="1" dealt="1" sum="20"/>
<action no="8" player="Thechosenoonee" type="3" discard="1" dealt="1" sum="20"/>
</round>
<round no="3"><cards type="Turn">HK</cards>
<action no="9" player="Thechosenoonee" type="4" discard="1" dealt="1" sum="0"/>
<action no="10" player="Dominance" type="4" discard="1" dealt="1" sum="0"/>
</round>
<round no="4"><cards type="River">CA</cards>
<action no="11" player="Thechosenoonee" type="4" discard="1" dealt="1" sum="0"/>
<action no="12" player="Dominance" type="4" discard="1" dealt="1" sum="0"/>
</round>
</game>
<game gamecode="6457254638"><general><startdate>2025-08-19 15:48:49</startdate>
<round>1</round>
<failsafecounter/>
<players><player seat="10" name="Dominance" chips="440" dealer="0" win="45" bet="35" muck="1" rebuy="0" addon="0" merge="0" rebuychips="0" reg_code="5054489829"/>
<player seat="3" name="Rakki" chips="440" dealer="1" win="0" bet="5" muck="1" rebuy="0" addon="0" merge="0" rebuychips="0" reg_code="5054489268"/>
<player seat="6" name="Thechosenoonee" chips="620" dealer="0" win="0" bet="20" muck="1" rebuy="0" addon="0" merge="0" rebuychips="0" reg_code="5054489367"/>
</players>
</general>
<round no="0"><action no="1" player="Thechosenoonee" type="15" discard="1" dealt="1" sum="5"/>
<action no="2" player="Dominance" type="15" discard="1" dealt="1" sum="5"/>
<action no="3" player="Rakki" type="15" sum="5"/>
<action no="4" player="Thechosenoonee" type="1" discard="1" dealt="1" sum="15"/>
<action no="5" player="Dominance" type="2" discard="1" dealt="1" sum="30"/>
</round>
<round no="1"><cards type="Pocket" player="Rakki">H6 S4</cards>
<cards type="Pocket" player="Thechosenoonee">X X</cards>
<cards type="Pocket" player="Dominance">X X</cards>
<action no="6" player="Rakki" type="0" sum="0"/>
<action no="7" player="Thechosenoonee" type="0" discard="1" dealt="1" sum="0"/>
</round>
</game>
<game gamecode="6457254656"><general><startdate>2025-08-19 15:48:57</startdate>
<round>1</round>
<failsafecounter/>
<players><player seat="3" name="Rakki" chips="435" dealer="0" win="0" bet="35" muck="1" rebuy="0" addon="0" merge="0" rebuychips="0" reg_code="5054489268"/>
<player seat="6" name="Thechosenoonee" chips="600" dealer="1" win="0" bet="5" muck="1" rebuy="0" addon="0" merge="0" rebuychips="0" reg_code="5054489367"/>
<player seat="10" name="Dominance" chips="465" dealer="0" win="75" bet="465" muck="1" rebuy="0" addon="0" merge="0" rebuychips="0" reg_code="5054489829"/>
</players>
</general>
<round no="0"><action no="1" player="Dominance" type="15" discard="1" dealt="1" sum="5"/>
<action no="2" player="Rakki" type="15" sum="5"/>
<action no="3" player="Thechosenoonee" type="15" discard="1" dealt="1" sum="5"/>
<action no="4" player="Dominance" type="1" discard="1" dealt="1" sum="15"/>
<action no="5" player="Rakki" type="2" sum="30"/>
</round>
<round no="1"><cards type="Pocket" player="Dominance">X X</cards>
<cards type="Pocket" player="Rakki">DJ C9</cards>
<cards type="Pocket" player="Thechosenoonee">X X</cards>
<action no="6" player="Thechosenoonee" type="0" discard="1" dealt="1" sum="0"/>
<action no="7" player="Dominance" type="23" discard="1" dealt="1" sum="460"/>
<action no="8" player="Rakki" type="0" sum="0"/>
</round>
</game>
<game gamecode="6457254675"><general><startdate>2025-08-19 15:49:05</startdate>
<round>1</round>
<failsafecounter/>
<players><player seat="6" name="Thechosenoonee" chips="595" dealer="0" win="805" bet="400" muck="0" rebuy="0" addon="0" merge="0" rebuychips="0" reg_code="5054489367"/>
<player seat="10" name="Dominance" chips="505" dealer="1" win="0" bet="5" muck="1" rebuy="0" addon="0" merge="0" rebuychips="0" reg_code="5054489829"/>
<player seat="3" name="Rakki" chips="400" dealer="0" win="0" bet="400" muck="0" rebuy="0" addon="0" merge="0" rebuychips="0" reg_code="5054489268"/>
</players>
</general>
<round no="0"><action no="1" player="Rakki" type="15" sum="5"/>
<action no="2" player="Thechosenoonee" type="15" discard="1" dealt="1" sum="5"/>
<action no="3" player="Dominance" type="15" discard="1" dealt="1" sum="5"/>
<action no="4" player="Rakki" type="1" sum="15"/>
<action no="5" player="Thechosenoonee" type="2" discard="1" dealt="1" sum="30"/>
</round>
<round no="1"><cards type="Pocket" player="Dominance">X X</cards>
<cards type="Pocket" player="Rakki">HK DJ</cards>
<cards type="Pocket" player="Thechosenoonee">H4 D4</cards>
<action no="6" player="Dominance" type="0" discard="1" dealt="1" sum="0"/>
<action no="7" player="Rakki" type="23" sum="395"/>
<action no="8" player="Thechosenoonee" type="3" discard="1" dealt="1" sum="365"/>
</round>
<round no="2"><cards type="Flop">S2 D6 CQ</cards>
</round>
<round no="3"><cards type="Turn">C5</cards>
</round>
<round no="4"><cards type="River">D8</cards>
</round>
</game>
</session>
