<?xml version="1.0" encoding="UTF-8"?>
<session sessioncode="5055688945">
<general>
<client_version>25.1.1.16</client_version>
<mode>real</mode>
<gametype>Holdem NL</gametype>
<tablename>Twister €100 SNG, 816437266</tablename>
<tournamentcode>816437265</tournamentcode>
<tournamentname>Twister €100 SNG</tournamentname>
<buyin>€0 + €7 + €93</buyin>
<totalbuyin>€100</totalbuyin>
<rewarddrawn>€200</rewarddrawn>
<tournamentcurrency>EUR</tournamentcurrency>
<currency>EUR</currency>
<nickname>Rakki</nickname>
<gamecount>5</gamecount>
<startdate>2025-08-25 00:31:13</startdate>
<place>3</place>
<win>€0</win>
<tablesize>3</tablesize>
</general>
<game gamecode="6461960766"><general><startdate>2025-08-25 00:31:28</startdate>
<round>1</round>
<failsafecounter/>
<players><player seat="3" name="Rakki" chips="500" dealer="0" win="0" bet="20" muck="1" rebuy="0" addon="0" merge="0" rebuychips="0" reg_code="5055688945"/>
<player seat="6" name="SVCrazydreamer94" chips="500" dealer="1" win="0" bet="0" muck="1" rebuy="0" addon="0" merge="0" rebuychips="0" reg_code="5055688958"/>
<player seat="10" name="ags20" chips="500" dealer="0" win="40" bet="40" muck="1" rebuy="0" addon="0" merge="0" rebuychips="0" reg_code="5055689352"/>
</players>
</general>
<round no="0"><action no="1" player="ags20" type="1" discard="1" dealt="1" sum="10"/>
<action no="2" player="Rakki" type="2" sum="20"/>
</round>
<round no="1"><cards type="Pocket" player="Rakki">D3 CQ</cards>
<cards type="Pocket" player="SVCrazydreamer94">X X</cards>
<cards type="Pocket" player="ags20">X X</cards>
<action no="3" player="SVCrazydreamer94" type="0" discard="1" dealt="1" sum="0"/>
<action no="4" player="ags20" type="3" discard="1" dealt="1" sum="10"/>
<action no="5" player="Rakki" type="4" sum="0"/>
</round>
<round no="2"><cards type="Flop">CA D9 SA</cards>
<action no="6" player="ags20" type="4" discard="1" dealt="1" sum="0"/>
<action no="7" player="Rakki" type="4" sum="0"/>
</round>
<round no="3"><cards type="Turn">CK</cards>
<action no="8" player="ags20" type="5" discard="1" dealt="1" sum="20"/>
<action no="9" player="Rakki" type="0" sum="0"/>
</round>
</game>
<game gamecode="6461960807"><general><startdate>2025-08-25 00:31:51</startdate>
<round>1</round>
<failsafecounter/>
<players><player seat="6" name="SVCrazydreamer94" chips="500" dealer="0" win="20" bet="20" muck="1" rebuy="0" addon="0" merge="0" rebuychips="0" reg_code="5055688958"/>
<player seat="10" name="ags20" chips="520" dealer="1" win="0" bet="0" muck="1" rebuy="0" addon="0" merge="0" rebuychips="0" reg_code="5055689352"/>
<player seat="3" name="Rakki" chips="480" dealer="0" win="0" bet="10" muck="1" rebuy="0" addon="0" merge="0" rebuychips="0" reg_code="5055688945"/>
</players>
</general>
<round no="0"><action no="1" player="Rakki" type="1" sum="10"/>
<action no="2" player="SVCrazydreamer94" type="2" discard="1" dealt="1" sum="20"/>
</round>
<round no="1"><cards type="Pocket" player="Rakki">D3 H10</cards>
<cards type="Pocket" player="ags20">X X</cards>
<cards type="Pocket" player="SVCrazydreamer94">X X</cards>
<action no="3" player="ags20" type="0" discard="1" dealt="1" sum="0"/>
<action no="4" player="Rakki" type="0" sum="0"/>
</round>
</game>
<game gamecode="6461960825"><general><startdate>2025-08-25 00:31:59</startdate>
<round>1</round>
<failsafecounter/>
<players><player seat="10" name="ags20" chips="520" dealer="0" win="0" bet="130" muck="1" rebuy="0" addon="0" merge="0" rebuychips="0" reg_code="5055689352"/>
<player seat="3" name="Rakki" chips="470" dealer="1" win="300" bet="280" muck="1" rebuy="0" addon="0" merge="0" rebuychips="0" reg_code="5055688945"/>
<player seat="6" name="SVCrazydreamer94" chips="510" dealer="0" win="0" bet="40" muck="1" rebuy="0" addon="0" merge="0" rebuychips="0" reg_code="5055688958"/>
</players>
</general>
<round no="0"><action no="1" player="SVCrazydreamer94" type="1" discard="1" dealt="1" sum="10"/>
<action no="2" player="ags20" type="2" discard="1" dealt="1" sum="20"/>
</round>
<round no="1"><cards type="Pocket" player="ags20">X X</cards>
<cards type="Pocket" player="Rakki">HA H10</cards>
<cards type="Pocket" player="SVCrazydreamer94">X X</cards>
<action no="3" player="Rakki" type="23" sum="40"/>
<action no="4" player="SVCrazydreamer94" type="3" discard="1" dealt="1" sum="30"/>
<action no="5" player="ags20" type="3" discard="1" dealt="1" sum="20"/>
</round>
<round no="2"><cards type="Flop">S2 CA S7</cards>
<action no="6" player="SVCrazydreamer94" type="4" discard="1" dealt="1" sum="0"/>
<action no="7" player="ags20" type="4" discard="1" dealt="1" sum="0"/>
<action no="8" player="Rakki" type="5" sum="90"/>
<action no="9" player="SVCrazydreamer94" type="0" discard="1" dealt="1" sum="0"/>
<action no="10" player="ags20" type="3" discard="1" dealt="1" sum="90"/>
</round>
<round no="3"><cards type="Turn">C2</cards>
<action no="11" player="ags20" type="4" discard="1" dealt="1" sum="0"/>
<action no="12" player="Rakki" type="5" sum="150"/>
<action no="13" player="ags20" type="0" discard="1" dealt="1" sum="0"/>
</round>
</game>
<game gamecode="6461960872"><general><startdate>2025-08-25 00:32:28</startdate>
<round>1</round>
<failsafecounter/>
<players><player seat="3" name="Rakki" chips="640" dealer="0" win="0" bet="40" muck="1" rebuy="0" addon="0" merge="0" rebuychips="0" reg_code="5055688945"/>
<player seat="6" name="SVCrazydreamer94" chips="470" dealer="1" win="420" bet="190" muck="0" rebuy="0" addon="0" merge="0" rebuychips="0" reg_code="5055688958"/>
<player seat="10" name="ags20" chips="390" dealer="0" win="0" bet="190" muck="1" rebuy="0" addon="0" merge="0" rebuychips="0" reg_code="5055689352"/>
</players>
</general>
<round no="0"><action no="1" player="ags20" type="1" discard="1" dealt="1" sum="10"/>
<action no="2" player="Rakki" type="2" sum="20"/>
</round>
<round no="1"><cards type="Pocket" player="Rakki">C3 CA</cards>
<cards type="Pocket" player="SVCrazydreamer94">HJ CQ</cards>
<cards type="Pocket" player="ags20">C10 DK</cards>
<action no="3" player="SVCrazydreamer94" type="23" discard="1" dealt="1" sum="40"/>
<action no="4" player="ags20" type="3" discard="1" dealt="1" sum="30"/>
<action no="5" player="Rakki" type="3" sum="20"/>
</round>
<round no="2"><cards type="Flop">S9 S2 H6</cards>
<action no="6" player="ags20" type="4" discard="1" dealt="1" sum="0"/>
<action no="7" player="Rakki" type="4" sum="0"/>
<action no="8" player="SVCrazydreamer94" type="5" discard="1" dealt="1" sum="20"/>
<action no="9" player="ags20" type="23" discard="1" dealt="1" sum="50"/>
<action no="10" player="Rakki" type="0" sum="0"/>
<action no="11" player="SVCrazydreamer94" type="3" discard="1" dealt="1" sum="30"/>
</round>
<round no="3"><cards type="Turn">SQ</cards>
<action no="12" player="ags20" type="4" discard="1" dealt="1" sum="0"/>
<action no="13" player="SVCrazydreamer94" type="5" discard="1" dealt="1" sum="40"/>
<action no="14" player="ags20" type="23" discard="1" dealt="1" sum="100"/>
<action no="15" player="SVCrazydreamer94" type="3" discard="1" dealt="1" sum="60"/>
</round>
<round no="4"><cards type="River">H10</cards>
<action no="16" player="ags20" type="4" discard="1" dealt="1" sum="0"/>
<action no="17" player="SVCrazydreamer94" type="4" discard="1" dealt="1" sum="0"/>
</round>
</game>
<game gamecode="6461969056"><general><startdate>2025-08-25 00:33:24</startdate>
<round>1</round>
<failsafecounter/>
<players><player seat="6" name="SVCrazydreamer94" chips="700" dealer="0" win="1,205" bet="700" muck="0" rebuy="0" addon="0" merge="0" rebuychips="0" reg_code="5055688958"/>
<player seat="10" name="ags20" chips="200" dealer="1" win="0" bet="5" muck="1" rebuy="0" addon="0" merge="0" rebuychips="0" reg_code="5055689352"/>
<player seat="3" name="Rakki" chips="600" dealer="0" win="0" bet="600" muck="0" rebuy="0" addon="0" merge="0" rebuychips="0" reg_code="5055688945"/>
</players>
</general>
<round no="0"><action no="1" player="Rakki" type="15" sum="5"/>
<action no="2" player="SVCrazydreamer94" type="15" discard="1" dealt="1" sum="5"/>
<action no="3" player="ags20" type="15" discard="1" dealt="1" sum="5"/>
<action no="4" player="Rakki" type="1" sum="15"/>
<action no="5" player="SVCrazydreamer94" type="2" discard="1" dealt="1" sum="30"/>
</round>
<round no="1"><cards type="Pocket" player="SVCrazydreamer94">C3 D9</cards>
<cards type="Pocket" player="Rakki">CJ HJ</cards>
<cards type="Pocket" player="ags20">X X</cards>
<action no="6" player="ags20" type="0" discard="1" dealt="1" sum="0"/>
<action no="7" player="Rakki" type="23" sum="75"/>
<action no="8" player="SVCrazydreamer94" type="3" discard="1" dealt="1" sum="45"/>
</round>
<round no="2"><cards type="Flop">H7 S3 H2</cards>
<action no="9" player="Rakki" type="5" sum="41"/>
<action no="10" player="SVCrazydreamer94" type="3" discard="1" dealt="1" sum="41"/>
</round>
<round no="3"><cards type="Turn">C7</cards>
<action no="11" player="Rakki" type="4" sum="0"/>
<action no="12" player="SVCrazydreamer94" type="5" discard="1" dealt="1" sum="60"/>
<action no="13" player="Rakki" type="23" sum="210"/>
<action no="14" player="SVCrazydreamer94" type="23" discard="1" dealt="1" sum="579"/>
<action no="15" player="Rakki" type="7" sum="269"/>
</round>
<round no="4"><cards type="River">H3</cards>
</round>
</game>
</session>
