<?xml version="1.0" encoding="UTF-8"?>
<session sessioncode="5055688475">
<general>
<client_version>25.1.1.16</client_version>
<mode>real</mode>
<gametype>Holdem NL</gametype>
<tablename>Twister €100 SNG, 816437165</tablename>
<tournamentcode>816437164</tournamentcode>
<tournamentname>Twister €100 SNG</tournamentname>
<buyin>€0 + €7 + €93</buyin>
<totalbuyin>€100</totalbuyin>
<rewarddrawn>€400</rewarddrawn>
<tournamentcurrency>EUR</tournamentcurrency>
<currency>EUR</currency>
<nickname>Rakki</nickname>
<gamecount>6</gamecount>
<startdate>2025-08-25 00:27:05</startdate>
<place>3</place>
<win>€0</win>
<tablesize>3</tablesize>
</general>
<game gamecode="6461960287"><general><startdate>2025-08-25 00:27:21</startdate>
<round>1</round>
<failsafecounter/>
<players><player seat="10" name="10Riky10" chips="500" dealer="0" win="80" bet="64" muck="1" rebuy="0" addon="0" merge="0" rebuychips="0" reg_code="5055688524"/>
<player seat="3" name="OndaBianca1" chips="500" dealer="1" win="0" bet="0" muck="1" rebuy="0" addon="0" merge="0" rebuychips="0" reg_code="5055688025"/>
<player seat="6" name="Rakki" chips="500" dealer="0" win="0" bet="40" muck="1" rebuy="0" addon="0" merge="0" rebuychips="0" reg_code="5055688475"/>
</players>
</general>
<round no="0"><action no="1" player="Rakki" type="1" sum="10"/>
<action no="2" player="10Riky10" type="2" discard="1" dealt="1" sum="20"/>
</round>
<round no="1"><cards type="Pocket" player="OndaBianca1">X X</cards>
<cards type="Pocket" player="10Riky10">X X</cards>
<cards type="Pocket" player="Rakki">H2 H9</cards>
<action no="3" player="OndaBianca1" type="0" discard="1" dealt="1" sum="0"/>
<action no="4" player="Rakki" type="3" sum="10"/>
<action no="5" player="10Riky10" type="4" discard="1" dealt="1" sum="0"/>
</round>
<round no="2"><cards type="Flop">D6 CQ D5</cards>
<action no="6" player="Rakki" type="5" sum="20"/>
<action no="7" player="10Riky10" type="3" discard="1" dealt="1" sum="20"/>
</round>
<round no="3"><cards type="Turn">SQ</cards>
<action no="8" player="Rakki" type="4" sum="0"/>
<action no="9" player="10Riky10" type="5" discard="1" dealt="1" sum="24"/>
<action no="10" player="Rakki" type="0" sum="0"/>
</round>
</game>
<game gamecode="6461960345"><general><startdate>2025-08-25 00:27:51</startdate>
<round>1</round>
<failsafecounter/>
<players><player seat="3" name="OndaBianca1" chips="500" dealer="0" win="120" bet="85" muck="1" rebuy="0" addon="0" merge="0" rebuychips="0" reg_code="5055688025"/>
<player seat="6" name="Rakki" chips="460" dealer="1" win="0" bet="0" muck="1" rebuy="0" addon="0" merge="0" rebuychips="0" reg_code="5055688475"/>
<player seat="10" name="10Riky10" chips="540" dealer="0" win="0" bet="60" muck="1" rebuy="0" addon="0" merge="0" rebuychips="0" reg_code="5055688524"/>
</players>
</general>
<round no="0"><action no="1" player="10Riky10" type="1" discard="1" dealt="1" sum="10"/>
<action no="2" player="OndaBianca1" type="2" discard="1" dealt="1" sum="20"/>
</round>
<round no="1"><cards type="Pocket" player="Rakki">C10 S7</cards>
<cards type="Pocket" player="10Riky10">X X</cards>
<cards type="Pocket" player="OndaBianca1">X X</cards>
<action no="3" player="Rakki" type="0" sum="0"/>
<action no="4" player="10Riky10" type="3" discard="1" dealt="1" sum="10"/>
<action no="5" player="OndaBianca1" type="23" discard="1" dealt="1" sum="60"/>
<action no="6" player="10Riky10" type="3" discard="1" dealt="1" sum="40"/>
</round>
<round no="2"><cards type="Flop">HA D8 S9</cards>
<action no="7" player="10Riky10" type="4" discard="1" dealt="1" sum="0"/>
<action no="8" player="OndaBianca1" type="5" discard="1" dealt="1" sum="25"/>
<action no="9" player="10Riky10" type="0" discard="1" dealt="1" sum="0"/>
</round>
</game>
<game gamecode="6461960383"><general><startdate>2025-08-25 00:28:11</startdate>
<round>1</round>
<failsafecounter/>
<players><player seat="6" name="Rakki" chips="460" dealer="0" win="20" bet="20" muck="1" rebuy="0" addon="0" merge="0" rebuychips="0" reg_code="5055688475"/>
<player seat="10" name="10Riky10" chips="480" dealer="1" win="0" bet="0" muck="1" rebuy="0" addon="0" merge="0" rebuychips="0" reg_code="5055688524"/>
<player seat="3" name="OndaBianca1" chips="560" dealer="0" win="0" bet="10" muck="1" rebuy="0" addon="0" merge="0" rebuychips="0" reg_code="5055688025"/>
</players>
</general>
<round no="0"><action no="1" player="OndaBianca1" type="1" discard="1" dealt="1" sum="10"/>
<action no="2" player="Rakki" type="2" sum="20"/>
</round>
<round no="1"><cards type="Pocket" player="10Riky10">X X</cards>
<cards type="Pocket" player="Rakki">SJ S6</cards>
<cards type="Pocket" player="OndaBianca1">X X</cards>
<action no="3" player="10Riky10" type="0" discard="1" dealt="1" sum="0"/>
<action no="4" player="OndaBianca1" type="0" discard="1" dealt="1" sum="0"/>
</round>
</game>
<game gamecode="6461960400"><general><startdate>2025-08-25 00:28:18</startdate>
<round>1</round>
<failsafecounter/>
<players><player seat="10" name="10Riky10" chips="480" dealer="0" win="20" bet="20" muck="1" rebuy="0" addon="0" merge="0" rebuychips="0" reg_code="5055688524"/>
<player seat="3" name="OndaBianca1" chips="550" dealer="1" win="0" bet="0" muck="1" rebuy="0" addon="0" merge="0" rebuychips="0" reg_code="5055688025"/>
<player seat="6" name="Rakki" chips="470" dealer="0" win="0" bet="10" muck="1" rebuy="0" addon="0" merge="0" rebuychips="0" reg_code="5055688475"/>
</players>
</general>
<round no="0"><action no="1" player="Rakki" type="1" sum="10"/>
<action no="2" player="10Riky10" type="2" discard="1" dealt="1" sum="20"/>
</round>
<round no="1"><cards type="Pocket" player="10Riky10">X X</cards>
<cards type="Pocket" player="Rakki">C10 H5</cards>
<cards type="Pocket" player="OndaBianca1">X X</cards>
<action no="3" player="OndaBianca1" type="0" discard="1" dealt="1" sum="0"/>
<action no="4" player="Rakki" type="0" sum="0"/>
</round>
</game>
<game gamecode="6461960436"><general><startdate>2025-08-25 00:28:37</startdate>
<round>1</round>
<failsafecounter/>
<players><player seat="3" name="OndaBianca1" chips="550" dealer="0" win="0" bet="20" muck="1" rebuy="0" addon="0" merge="0" rebuychips="0" reg_code="5055688025"/>
<player seat="6" name="Rakki" chips="460" dealer="1" win="0" bet="40" muck="1" rebuy="0" addon="0" merge="0" rebuychips="0" reg_code="5055688475"/>
<player seat="10" name="10Riky10" chips="490" dealer="0" win="100" bet="490" muck="1" rebuy="0" addon="0" merge="0" rebuychips="0" reg_code="5055688524"/>
</players>
</general>
<round no="0"><action no="1" player="10Riky10" type="1" discard="1" dealt="1" sum="10"/>
<action no="2" player="OndaBianca1" type="2" discard="1" dealt="1" sum="20"/>
</round>
<round no="1"><cards type="Pocket" player="Rakki">H8 D9</cards>
<cards type="Pocket" player="10Riky10">X X</cards>
<cards type="Pocket" player="OndaBianca1">X X</cards>
<action no="3" player="Rakki" type="23" sum="40"/>
<action no="4" player="10Riky10" type="23" discard="1" dealt="1" sum="490"/>
<action no="5" player="OndaBianca1" type="0" discard="1" dealt="1" sum="0"/>
<action no="6" player="Rakki" type="0" sum="0"/>
</round>
</game>
<game gamecode="6461960449"><general><startdate>2025-08-25 00:28:46</startdate>
<round>1</round>
<failsafecounter/>
<players><player seat="6" name="Rakki" chips="420" dealer="0" win="0" bet="420" muck="1" rebuy="0" addon="0" merge="0" rebuychips="0" reg_code="5055688475"/>
<player seat="10" name="10Riky10" chips="550" dealer="1" win="850" bet="550" muck="0" rebuy="0" addon="0" merge="0" rebuychips="0" reg_code="5055688524"/>
<player seat="3" name="OndaBianca1" chips="530" dealer="0" win="0" bet="10" muck="1" rebuy="0" addon="0" merge="0" rebuychips="0" reg_code="5055688025"/>
</players>
</general>
<round no="0"><action no="1" player="OndaBianca1" type="1" discard="1" dealt="1" sum="10"/>
<action no="2" player="Rakki" type="2" sum="20"/>
</round>
<round no="1"><cards type="Pocket" player="OndaBianca1">X X</cards>
<cards type="Pocket" player="10Riky10">HQ H4</cards>
<cards type="Pocket" player="Rakki">C9 SA</cards>
<action no="3" player="10Riky10" type="23" discard="1" dealt="1" sum="40"/>
<action no="4" player="OndaBianca1" type="0" discard="1" dealt="1" sum="0"/>
<action no="5" player="Rakki" type="3" sum="20"/>
</round>
<round no="2"><cards type="Flop">DA S8 DQ</cards>
<action no="6" player="Rakki" type="4" sum="0"/>
<action no="7" player="10Riky10" type="4" discard="1" dealt="1" sum="0"/>
</round>
<round no="3"><cards type="Turn">C4</cards>
<action no="8" player="Rakki" type="5" sum="90"/>
<action no="9" player="10Riky10" type="3" discard="1" dealt="1" sum="90"/>
</round>
<round no="4"><cards type="River">D3</cards>
<action no="10" player="Rakki" type="5" sum="67"/>
<action no="11" player="10Riky10" type="23" discard="1" dealt="1" sum="420"/>
<action no="12" player="Rakki" type="7" sum="223"/>
</round>
</game>
</session>
