<?xml version="1.0" encoding="UTF-8"?>
<session sessioncode="5055771039">
<general>
<client_version>25.1.1.16</client_version>
<mode>real</mode>
<gametype>Holdem NL</gametype>
<tablename>Twister €100 SNG, 816465265</tablename>
<tournamentcode>816465264</tournamentcode>
<tournamentname>Twister €100 SNG</tournamentname>
<buyin>€0 + €7 + €93</buyin>
<totalbuyin>€100</totalbuyin>
<rewarddrawn>€500</rewarddrawn>
<tournamentcurrency>EUR</tournamentcurrency>
<currency>EUR</currency>
<nickname>Rakki</nickname>
<gamecount>19</gamecount>
<startdate>2025-08-25 15:11:57</startdate>
<place>3</place>
<win>€0</win>
<tablesize>3</tablesize>
</general>
<game gamecode="6462306298"><general><startdate>2025-08-25 15:12:13</startdate>
<round>1</round>
<failsafecounter/>
<players><player seat="10" name="Sottosalpontos" chips="500" dealer="0" win="0" bet="40" muck="1" rebuy="0" addon="0" merge="0" rebuychips="0" reg_code="5055771047"/>
<player seat="3" name="OndaBianca1" chips="500" dealer="1" win="90" bet="60" muck="1" rebuy="0" addon="0" merge="0" rebuychips="0" reg_code="5055770994"/>
<player seat="6" name="Rakki" chips="500" dealer="0" win="0" bet="10" muck="1" rebuy="0" addon="0" merge="0" rebuychips="0" reg_code="5055771039"/>
</players>
</general>
<round no="0"><action no="1" player="Rakki" type="1" sum="10"/>
<action no="2" player="Sottosalpontos" type="2" discard="1" dealt="1" sum="20"/>
</round>
<round no="1"><cards type="Pocket" player="Rakki">HJ S7</cards>
<cards type="Pocket" player="OndaBianca1">X X</cards>
<cards type="Pocket" player="Sottosalpontos">X X</cards>
<action no="3" player="OndaBianca1" type="23" discard="1" dealt="1" sum="40"/>
<action no="4" player="Rakki" type="0" sum="0"/>
<action no="5" player="Sottosalpontos" type="3" discard="1" dealt="1" sum="20"/>
</round>
<round no="2"><cards type="Flop">HK C6 D6</cards>
<action no="6" player="Sottosalpontos" type="4" discard="1" dealt="1" sum="0"/>
<action no="7" player="OndaBianca1" type="5" discard="1" dealt="1" sum="20"/>
<action no="8" player="Sottosalpontos" type="0" discard="1" dealt="1" sum="0"/>
</round>
</game>
<game gamecode="6462306334"><general><startdate>2025-08-25 15:12:28</startdate>
<round>1</round>
<failsafecounter/>
<players><player seat="3" name="OndaBianca1" chips="550" dealer="0" win="20" bet="20" muck="1" rebuy="0" addon="0" merge="0" rebuychips="0" reg_code="5055770994"/>
<player seat="6" name="Rakki" chips="490" dealer="1" win="0" bet="0" muck="1" rebuy="0" addon="0" merge="0" rebuychips="0" reg_code="5055771039"/>
<player seat="10" name="Sottosalpontos" chips="460" dealer="0" win="0" bet="10" muck="1" rebuy="0" addon="0" merge="0" rebuychips="0" reg_code="5055771047"/>
</players>
</general>
<round no="0"><action no="1" player="Sottosalpontos" type="1" discard="1" dealt="1" sum="10"/>
<action no="2" player="OndaBianca1" type="2" discard="1" dealt="1" sum="20"/>
</round>
<round no="1"><cards type="Pocket" player="Sottosalpontos">X X</cards>
<cards type="Pocket" player="OndaBianca1">X X</cards>
<cards type="Pocket" player="Rakki">S2 S3</cards>
<action no="3" player="Rakki" type="0" sum="0"/>
<action no="4" player="Sottosalpontos" type="0" discard="1" dealt="1" sum="0"/>
</round>
</game>
<game gamecode="6462306380"><general><startdate>2025-08-25 15:12:49</startdate>
<round>1</round>
<failsafecounter/>
<players><player seat="6" name="Rakki" chips="490" dealer="0" win="20" bet="20" muck="1" rebuy="0" addon="0" merge="0" rebuychips="0" reg_code="5055771039"/>
<player seat="10" name="Sottosalpontos" chips="450" dealer="1" win="0" bet="0" muck="1" rebuy="0" addon="0" merge="0" rebuychips="0" reg_code="5055771047"/>
<player seat="3" name="OndaBianca1" chips="560" dealer="0" win="0" bet="10" muck="1" rebuy="0" addon="0" merge="0" rebuychips="0" reg_code="5055770994"/>
</players>
</general>
<round no="0"><action no="1" player="OndaBianca1" type="1" discard="1" dealt="1" sum="10"/>
<action no="2" player="Rakki" type="2" sum="20"/>
</round>
<round no="1"><cards type="Pocket" player="Sottosalpontos">X X</cards>
<cards type="Pocket" player="Rakki">SQ S8</cards>
<cards type="Pocket" player="OndaBianca1">X X</cards>
<action no="3" player="Sottosalpontos" type="0" discard="1" dealt="1" sum="0"/>
<action no="4" player="OndaBianca1" type="0" discard="1" dealt="1" sum="0"/>
</round>
</game>
<game gamecode="6462306393"><general><startdate>2025-08-25 15:12:54</startdate>
<round>1</round>
<failsafecounter/>
<players><player seat="10" name="Sottosalpontos" chips="450" dealer="0" win="0" bet="20" muck="1" rebuy="0" addon="0" merge="0" rebuychips="0" reg_code="5055771047"/>
<player seat="3" name="OndaBianca1" chips="550" dealer="1" win="0" bet="0" muck="1" rebuy="0" addon="0" merge="0" rebuychips="0" reg_code="5055770994"/>
<player seat="6" name="Rakki" chips="500" dealer="0" win="40" bet="60" muck="1" rebuy="0" addon="0" merge="0" rebuychips="0" reg_code="5055771039"/>
</players>
</general>
<round no="0"><action no="1" player="Rakki" type="1" sum="10"/>
<action no="2" player="Sottosalpontos" type="2" discard="1" dealt="1" sum="20"/>
</round>
<round no="1"><cards type="Pocket" player="OndaBianca1">X X</cards>
<cards type="Pocket" player="Sottosalpontos">X X</cards>
<cards type="Pocket" player="Rakki">CK DJ</cards>
<action no="3" player="OndaBianca1" type="0" discard="1" dealt="1" sum="0"/>
<action no="4" player="Rakki" type="23" sum="60"/>
<action no="5" player="Sottosalpontos" type="0" discard="1" dealt="1" sum="0"/>
</round>
</game>
<game gamecode="6462306409"><general><startdate>2025-08-25 15:13:05</startdate>
<round>1</round>
<failsafecounter/>
<players><player seat="3" name="OndaBianca1" chips="550" dealer="0" win="0" bet="20" muck="1" rebuy="0" addon="0" merge="0" rebuychips="0" reg_code="5055770994"/>
<player seat="6" name="Rakki" chips="520" dealer="1" win="0" bet="0" muck="1" rebuy="0" addon="0" merge="0" rebuychips="0" reg_code="5055771039"/>
<player seat="10" name="Sottosalpontos" chips="430" dealer="0" win="40" bet="40" muck="1" rebuy="0" addon="0" merge="0" rebuychips="0" reg_code="5055771047"/>
</players>
</general>
<round no="0"><action no="1" player="Sottosalpontos" type="1" discard="1" dealt="1" sum="10"/>
<action no="2" player="OndaBianca1" type="2" discard="1" dealt="1" sum="20"/>
</round>
<round no="1"><cards type="Pocket" player="OndaBianca1">X X</cards>
<cards type="Pocket" player="Sottosalpontos">X X</cards>
<cards type="Pocket" player="Rakki">S9 D3</cards>
<action no="3" player="Rakki" type="0" sum="0"/>
<action no="4" player="Sottosalpontos" type="3" discard="1" dealt="1" sum="10"/>
<action no="5" player="OndaBianca1" type="4" discard="1" dealt="1" sum="0"/>
</round>
<round no="2"><cards type="Flop">H10 S7 S4</cards>
<action no="6" player="Sottosalpontos" type="5" discard="1" dealt="1" sum="20"/>
<action no="7" player="OndaBianca1" type="0" discard="1" dealt="1" sum="0"/>
</round>
</game>
<game gamecode="6462306450"><general><startdate>2025-08-25 15:13:30</startdate>
<round>1</round>
<failsafecounter/>
<players><player seat="6" name="Rakki" chips="520" dealer="0" win="20" bet="20" muck="1" rebuy="0" addon="0" merge="0" rebuychips="0" reg_code="5055771039"/>
<player seat="10" name="Sottosalpontos" chips="450" dealer="1" win="0" bet="0" muck="1" rebuy="0" addon="0" merge="0" rebuychips="0" reg_code="5055771047"/>
<player seat="3" name="OndaBianca1" chips="530" dealer="0" win="0" bet="10" muck="1" rebuy="0" addon="0" merge="0" rebuychips="0" reg_code="5055770994"/>
</players>
</general>
<round no="0"><action no="1" player="OndaBianca1" type="1" discard="1" dealt="1" sum="10"/>
<action no="2" player="Rakki" type="2" sum="20"/>
</round>
<round no="1"><cards type="Pocket" player="OndaBianca1">X X</cards>
<cards type="Pocket" player="Rakki">H8 H4</cards>
<cards type="Pocket" player="Sottosalpontos">X X</cards>
<action no="3" player="Sottosalpontos" type="0" discard="1" dealt="1" sum="0"/>
<action no="4" player="OndaBianca1" type="0" discard="1" dealt="1" sum="0"/>
</round>
</game>
<game gamecode="6462306464"><general><startdate>2025-08-25 15:13:37</startdate>
<round>1</round>
<failsafecounter/>
<players><player seat="10" name="Sottosalpontos" chips="450" dealer="0" win="0" bet="20" muck="1" rebuy="0" addon="0" merge="0" rebuychips="0" reg_code="5055771047"/>
<player seat="3" name="OndaBianca1" chips="520" dealer="1" win="50" bet="40" muck="1" rebuy="0" addon="0" merge="0" rebuychips="0" reg_code="5055770994"/>
<player seat="6" name="Rakki" chips="530" dealer="0" win="0" bet="10" muck="1" rebuy="0" addon="0" merge="0" rebuychips="0" reg_code="5055771039"/>
</players>
</general>
<round no="0"><action no="1" player="Rakki" type="1" sum="10"/>
<action no="2" player="Sottosalpontos" type="2" discard="1" dealt="1" sum="20"/>
</round>
<round no="1"><cards type="Pocket" player="Rakki">H9 H5</cards>
<cards type="Pocket" player="Sottosalpontos">X X</cards>
<cards type="Pocket" player="OndaBianca1">X X</cards>
<action no="3" player="OndaBianca1" type="23" discard="1" dealt="1" sum="40"/>
<action no="4" player="Rakki" type="0" sum="0"/>
<action no="5" player="Sottosalpontos" type="0" discard="1" dealt="1" sum="0"/>
</round>
</game>
<game gamecode="6462306496"><general><startdate>2025-08-25 15:13:57</startdate>
<round>1</round>
<failsafecounter/>
<players><player seat="3" name="OndaBianca1" chips="550" dealer="0" win="0" bet="20" muck="1" rebuy="0" addon="0" merge="0" rebuychips="0" reg_code="5055770994"/>
<player seat="6" name="Rakki" chips="520" dealer="1" win="0" bet="40" muck="1" rebuy="0" addon="0" merge="0" rebuychips="0" reg_code="5055771039"/>
<player seat="10" name="Sottosalpontos" chips="430" dealer="0" win="100" bet="430" muck="1" rebuy="0" addon="0" merge="0" rebuychips="0" reg_code="5055771047"/>
</players>
</general>
<round no="0"><action no="1" player="Sottosalpontos" type="1" discard="1" dealt="1" sum="10"/>
<action no="2" player="OndaBianca1" type="2" discard="1" dealt="1" sum="20"/>
</round>
<round no="1"><cards type="Pocket" player="Sottosalpontos">X X</cards>
<cards type="Pocket" player="Rakki">H8 HQ</cards>
<cards type="Pocket" player="OndaBianca1">X X</cards>
<action no="3" player="Rakki" type="23" sum="40"/>
<action no="4" player="Sottosalpontos" type="23" discard="1" dealt="1" sum="430"/>
<action no="5" player="OndaBianca1" type="0" discard="1" dealt="1" sum="0"/>
<action no="6" player="Rakki" type="0" sum="0"/>
</round>
</game>
<game gamecode="6462306529"><general><startdate>2025-08-25 15:14:10</startdate>
<round>1</round>
<failsafecounter/>
<players><player seat="6" name="Rakki" chips="480" dealer="0" win="20" bet="20" muck="1" rebuy="0" addon="0" merge="0" rebuychips="0" reg_code="5055771039"/>
<player seat="10" name="Sottosalpontos" chips="490" dealer="1" win="0" bet="0" muck="1" rebuy="0" addon="0" merge="0" rebuychips="0" reg_code="5055771047"/>
<player seat="3" name="OndaBianca1" chips="530" dealer="0" win="0" bet="10" muck="1" rebuy="0" addon="0" merge="0" rebuychips="0" reg_code="5055770994"/>
</players>
</general>
<round no="0"><action no="1" player="OndaBianca1" type="1" discard="1" dealt="1" sum="10"/>
<action no="2" player="Rakki" type="2" sum="20"/>
</round>
<round no="1"><cards type="Pocket" player="Sottosalpontos">X X</cards>
<cards type="Pocket" player="OndaBianca1">X X</cards>
<cards type="Pocket" player="Rakki">DQ D9</cards>
<action no="3" player="Sottosalpontos" type="0" discard="1" dealt="1" sum="0"/>
<action no="4" player="OndaBianca1" type="0" discard="1" dealt="1" sum="0"/>
</round>
</game>
<game gamecode="6462306542"><general><startdate>2025-08-25 15:14:17</startdate>
<round>1</round>
<failsafecounter/>
<players><player seat="10" name="Sottosalpontos" chips="490" dealer="0" win="75" bet="35" muck="0" rebuy="0" addon="0" merge="0" rebuychips="0" reg_code="5055771047"/>
<player seat="3" name="OndaBianca1" chips="520" dealer="1" win="0" bet="5" muck="1" rebuy="0" addon="0" merge="0" rebuychips="0" reg_code="5055770994"/>
<player seat="6" name="Rakki" chips="490" dealer="0" win="0" bet="35" muck="1" rebuy="0" addon="0" merge="0" rebuychips="0" reg_code="5055771039"/>
</players>
</general>
<round no="0"><action no="1" player="Rakki" type="15" sum="5"/>
<action no="2" player="Sottosalpontos" type="15" discard="1" dealt="1" sum="5"/>
<action no="3" player="OndaBianca1" type="15" discard="1" dealt="1" sum="5"/>
<action no="4" player="Rakki" type="1" sum="15"/>
<action no="5" player="Sottosalpontos" type="2" discard="1" dealt="1" sum="30"/>
</round>
<round no="1"><cards type="Pocket" player="OndaBianca1">X X</cards>
<cards type="Pocket" player="Rakki">H2 HK</cards>
<cards type="Pocket" player="Sottosalpontos">H4 S7</cards>
<action no="6" player="OndaBianca1" type="0" discard="1" dealt="1" sum="0"/>
<action no="7" player="Rakki" type="3" sum="15"/>
<action no="8" player="Sottosalpontos" type="4" discard="1" dealt="1" sum="0"/>
</round>
<round no="2"><cards type="Flop">D4 C8 H8</cards>
<action no="9" player="Rakki" type="4" sum="0"/>
<action no="10" player="Sottosalpontos" type="4" discard="1" dealt="1" sum="0"/>
</round>
<round no="3"><cards type="Turn">SA</cards>
<action no="11" player="Rakki" type="4" sum="0"/>
<action no="12" player="Sottosalpontos" type="4" discard="1" dealt="1" sum="0"/>
</round>
<round no="4"><cards type="River">DJ</cards>
<action no="13" player="Rakki" type="4" sum="0"/>
<action no="14" player="Sottosalpontos" type="4" discard="1" dealt="1" sum="0"/>
</round>
</game>
<game gamecode="6462306630"><general><startdate>2025-08-25 15:15:05</startdate>
<round>1</round>
<failsafecounter/>
<players><player seat="3" name="OndaBianca1" chips="515" dealer="0" win="45" bet="35" muck="1" rebuy="0" addon="0" merge="0" rebuychips="0" reg_code="5055770994"/>
<player seat="6" name="Rakki" chips="455" dealer="1" win="0" bet="5" muck="1" rebuy="0" addon="0" merge="0" rebuychips="0" reg_code="5055771039"/>
<player seat="10" name="Sottosalpontos" chips="530" dealer="0" win="0" bet="20" muck="1" rebuy="0" addon="0" merge="0" rebuychips="0" reg_code="5055771047"/>
</players>
</general>
<round no="0"><action no="1" player="Sottosalpontos" type="15" discard="1" dealt="1" sum="5"/>
<action no="2" player="OndaBianca1" type="15" discard="1" dealt="1" sum="5"/>
<action no="3" player="Rakki" type="15" sum="5"/>
<action no="4" player="Sottosalpontos" type="1" discard="1" dealt="1" sum="15"/>
<action no="5" player="OndaBianca1" type="2" discard="1" dealt="1" sum="30"/>
</round>
<round no="1"><cards type="Pocket" player="Rakki">DQ C9</cards>
<cards type="Pocket" player="OndaBianca1">X X</cards>
<cards type="Pocket" player="Sottosalpontos">X X</cards>
<action no="6" player="Rakki" type="0" sum="0"/>
<action no="7" player="Sottosalpontos" type="0" discard="1" dealt="1" sum="0"/>
</round>
</game>
<game gamecode="6462306645"><general><startdate>2025-08-25 15:15:14</startdate>
<round>1</round>
<failsafecounter/>
<players><player seat="6" name="Rakki" chips="450" dealer="0" win="0" bet="35" muck="1" rebuy="0" addon="0" merge="0" rebuychips="0" reg_code="5055771039"/>
<player seat="10" name="Sottosalpontos" chips="510" dealer="1" win="0" bet="5" muck="1" rebuy="0" addon="0" merge="0" rebuychips="0" reg_code="5055771047"/>
<player seat="3" name="OndaBianca1" chips="540" dealer="0" win="75" bet="80" muck="1" rebuy="0" addon="0" merge="0" rebuychips="0" reg_code="5055770994"/>
</players>
</general>
<round no="0"><action no="1" player="OndaBianca1" type="15" discard="1" dealt="1" sum="5"/>
<action no="2" player="Rakki" type="15" sum="5"/>
<action no="3" player="Sottosalpontos" type="15" discard="1" dealt="1" sum="5"/>
<action no="4" player="OndaBianca1" type="1" discard="1" dealt="1" sum="15"/>
<action no="5" player="Rakki" type="2" sum="30"/>
</round>
<round no="1"><cards type="Pocket" player="OndaBianca1">X X</cards>
<cards type="Pocket" player="Rakki">S6 H2</cards>
<cards type="Pocket" player="Sottosalpontos">X X</cards>
<action no="6" player="Sottosalpontos" type="0" discard="1" dealt="1" sum="0"/>
<action no="7" player="OndaBianca1" type="23" discard="1" dealt="1" sum="75"/>
<action no="8" player="Rakki" type="0" sum="0"/>
</round>
</game>
<game gamecode="6462306687"><general><startdate>2025-08-25 15:15:35</startdate>
<round>1</round>
<failsafecounter/>
<players><player seat="10" name="Sottosalpontos" chips="505" dealer="0" win="0" bet="35" muck="1" rebuy="0" addon="0" merge="0" rebuychips="0" reg_code="5055771047"/>
<player seat="3" name="OndaBianca1" chips="580" dealer="1" win="90" bet="65" muck="1" rebuy="0" addon="0" merge="0" rebuychips="0" reg_code="5055770994"/>
<player seat="6" name="Rakki" chips="415" dealer="0" win="0" bet="20" muck="1" rebuy="0" addon="0" merge="0" rebuychips="0" reg_code="5055771039"/>
</players>
</general>
<round no="0"><action no="1" player="Rakki" type="15" sum="5"/>
<action no="2" player="Sottosalpontos" type="15" discard="1" dealt="1" sum="5"/>
<action no="3" player="OndaBianca1" type="15" discard="1" dealt="1" sum="5"/>
<action no="4" player="Rakki" type="1" sum="15"/>
<action no="5" player="Sottosalpontos" type="2" discard="1" dealt="1" sum="30"/>
</round>
<round no="1"><cards type="Pocket" player="Rakki">D4 S10</cards>
<cards type="Pocket" player="Sottosalpontos">X X</cards>
<cards type="Pocket" player="OndaBianca1">X X</cards>
<action no="6" player="OndaBianca1" type="23" discard="1" dealt="1" sum="60"/>
<action no="7" player="Rakki" type="0" sum="0"/>
<action no="8" player="Sottosalpontos" type="0" discard="1" dealt="1" sum="0"/>
</round>
</game>
<game gamecode="6462306709"><general><startdate>2025-08-25 15:15:46</startdate>
<round>1</round>
<failsafecounter/>
<players><player seat="3" name="OndaBianca1" chips="635" dealer="0" win="45" bet="35" muck="1" rebuy="0" addon="0" merge="0" rebuychips="0" reg_code="5055770994"/>
<player seat="6" name="Rakki" chips="395" dealer="1" win="0" bet="5" muck="1" rebuy="0" addon="0" merge="0" rebuychips="0" reg_code="5055771039"/>
<player seat="10" name="Sottosalpontos" chips="470" dealer="0" win="0" bet="20" muck="1" rebuy="0" addon="0" merge="0" rebuychips="0" reg_code="5055771047"/>
</players>
</general>
<round no="0"><action no="1" player="Sottosalpontos" type="15" discard="1" dealt="1" sum="5"/>
<action no="2" player="OndaBianca1" type="15" discard="1" dealt="1" sum="5"/>
<action no="3" player="Rakki" type="15" sum="5"/>
<action no="4" player="Sottosalpontos" type="1" discard="1" dealt="1" sum="15"/>
<action no="5" player="OndaBianca1" type="2" discard="1" dealt="1" sum="30"/>
</round>
<round no="1"><cards type="Pocket" player="Rakki">S4 D3</cards>
<cards type="Pocket" player="OndaBianca1">X X</cards>
<cards type="Pocket" player="Sottosalpontos">X X</cards>
<action no="6" player="Rakki" type="0" sum="0"/>
<action no="7" player="Sottosalpontos" type="0" discard="1" dealt="1" sum="0"/>
</round>
</game>
<game gamecode="6462306737"><general><startdate>2025-08-25 15:15:59</startdate>
<round>1</round>
<failsafecounter/>
<players><player seat="6" name="Rakki" chips="390" dealer="0" win="0" bet="35" muck="1" rebuy="0" addon="0" merge="0" rebuychips="0" reg_code="5055771039"/>
<player seat="10" name="Sottosalpontos" chips="450" dealer="1" win="90" bet="450" muck="1" rebuy="0" addon="0" merge="0" rebuychips="0" reg_code="5055771047"/>
<player seat="3" name="OndaBianca1" chips="660" dealer="0" win="0" bet="20" muck="1" rebuy="0" addon="0" merge="0" rebuychips="0" reg_code="5055770994"/>
</players>
</general>
<round no="0"><action no="1" player="OndaBianca1" type="15" discard="1" dealt="1" sum="5"/>
<action no="2" player="Rakki" type="15" sum="5"/>
<action no="3" player="Sottosalpontos" type="15" discard="1" dealt="1" sum="5"/>
<action no="4" player="OndaBianca1" type="1" discard="1" dealt="1" sum="15"/>
<action no="5" player="Rakki" type="2" sum="30"/>
</round>
<round no="1"><cards type="Pocket" player="Sottosalpontos">X X</cards>
<cards type="Pocket" player="Rakki">C9 H2</cards>
<cards type="Pocket" player="OndaBianca1">X X</cards>
<action no="6" player="Sottosalpontos" type="23" discard="1" dealt="1" sum="445"/>
<action no="7" player="OndaBianca1" type="0" discard="1" dealt="1" sum="0"/>
<action no="8" player="Rakki" type="0" sum="0"/>
</round>
</game>
<game gamecode="6462306760"><general><startdate>2025-08-25 15:16:12</startdate>
<round>1</round>
<failsafecounter/>
<players><player seat="10" name="Sottosalpontos" chips="505" dealer="0" win="55" bet="45" muck="1" rebuy="0" addon="0" merge="0" rebuychips="0" reg_code="5055771047"/>
<player seat="3" name="OndaBianca1" chips="640" dealer="1" win="0" bet="5" muck="1" rebuy="0" addon="0" merge="0" rebuychips="0" reg_code="5055770994"/>
<player seat="6" name="Rakki" chips="355" dealer="0" win="0" bet="25" muck="1" rebuy="0" addon="0" merge="0" rebuychips="0" reg_code="5055771039"/>
</players>
</general>
<round no="0"><action no="1" player="Rakki" type="15" sum="5"/>
<action no="2" player="Sottosalpontos" type="15" discard="1" dealt="1" sum="5"/>
<action no="3" player="OndaBianca1" type="15" discard="1" dealt="1" sum="5"/>
<action no="4" player="Rakki" type="1" sum="20"/>
<action no="5" player="Sottosalpontos" type="2" discard="1" dealt="1" sum="40"/>
</round>
<round no="1"><cards type="Pocket" player="Sottosalpontos">X X</cards>
<cards type="Pocket" player="Rakki">HQ S4</cards>
<cards type="Pocket" player="OndaBianca1">X X</cards>
<action no="6" player="OndaBianca1" type="0" discard="1" dealt="1" sum="0"/>
<action no="7" player="Rakki" type="0" sum="0"/>
</round>
</game>
<game gamecode="6462306787"><general><startdate>2025-08-25 15:16:26</startdate>
<round>1</round>
<failsafecounter/>
<players><player seat="3" name="OndaBianca1" chips="635" dealer="0" win="95" bet="125" muck="1" rebuy="0" addon="0" merge="0" rebuychips="0" reg_code="5055770994"/>
<player seat="6" name="Rakki" chips="330" dealer="1" win="0" bet="5" muck="1" rebuy="0" addon="0" merge="0" rebuychips="0" reg_code="5055771039"/>
<player seat="10" name="Sottosalpontos" chips="535" dealer="0" win="0" bet="45" muck="1" rebuy="0" addon="0" merge="0" rebuychips="0" reg_code="5055771047"/>
</players>
</general>
<round no="0"><action no="1" player="Sottosalpontos" type="15" discard="1" dealt="1" sum="5"/>
<action no="2" player="OndaBianca1" type="15" discard="1" dealt="1" sum="5"/>
<action no="3" player="Rakki" type="15" sum="5"/>
<action no="4" player="Sottosalpontos" type="1" discard="1" dealt="1" sum="20"/>
<action no="5" player="OndaBianca1" type="2" discard="1" dealt="1" sum="40"/>
</round>
<round no="1"><cards type="Pocket" player="Rakki">H9 D8</cards>
<cards type="Pocket" player="OndaBianca1">X X</cards>
<cards type="Pocket" player="Sottosalpontos">X X</cards>
<action no="6" player="Rakki" type="0" sum="0"/>
<action no="7" player="Sottosalpontos" type="3" discard="1" dealt="1" sum="20"/>
<action no="8" player="OndaBianca1" type="23" discard="1" dealt="1" sum="120"/>
<action no="9" player="Sottosalpontos" type="0" discard="1" dealt="1" sum="0"/>
</round>
</game>
<game gamecode="6462306843"><general><startdate>2025-08-25 15:16:54</startdate>
<round>1</round>
<failsafecounter/>
<players><player seat="6" name="Rakki" chips="325" dealer="0" win="55" bet="45" muck="1" rebuy="0" addon="0" merge="0" rebuychips="0" reg_code="5055771039"/>
<player seat="10" name="Sottosalpontos" chips="490" dealer="1" win="0" bet="5" muck="1" rebuy="0" addon="0" merge="0" rebuychips="0" reg_code="5055771047"/>
<player seat="3" name="OndaBianca1" chips="685" dealer="0" win="0" bet="25" muck="1" rebuy="0" addon="0" merge="0" rebuychips="0" reg_code="5055770994"/>
</players>
</general>
<round no="0"><action no="1" player="OndaBianca1" type="15" discard="1" dealt="1" sum="5"/>
<action no="2" player="Rakki" type="15" sum="5"/>
<action no="3" player="Sottosalpontos" type="15" discard="1" dealt="1" sum="5"/>
<action no="4" player="OndaBianca1" type="1" discard="1" dealt="1" sum="20"/>
<action no="5" player="Rakki" type="2" sum="40"/>
</round>
<round no="1"><cards type="Pocket" player="Sottosalpontos">X X</cards>
<cards type="Pocket" player="Rakki">D3 DJ</cards>
<cards type="Pocket" player="OndaBianca1">X X</cards>
<action no="6" player="Sottosalpontos" type="0" discard="1" dealt="1" sum="0"/>
<action no="7" player="OndaBianca1" type="0" discard="1" dealt="1" sum="0"/>
</round>
</game>
<game gamecode="6462306861"><general><startdate>2025-08-25 15:17:03</startdate>
<round>1</round>
<failsafecounter/>
<players><player seat="10" name="Sottosalpontos" chips="485" dealer="0" win="715" bet="355" muck="0" rebuy="0" addon="0" merge="0" rebuychips="0" reg_code="5055771047"/>
<player seat="3" name="OndaBianca1" chips="660" dealer="1" win="0" bet="5" muck="1" rebuy="0" addon="0" merge="0" rebuychips="0" reg_code="5055770994"/>
<player seat="6" name="Rakki" chips="355" dealer="0" win="0" bet="355" muck="0" rebuy="0" addon="0" merge="0" rebuychips="0" reg_code="5055771039"/>
</players>
</general>
<round no="0"><action no="1" player="Rakki" type="15" sum="5"/>
<action no="2" player="Sottosalpontos" type="15" discard="1" dealt="1" sum="5"/>
<action no="3" player="OndaBianca1" type="15" discard="1" dealt="1" sum="5"/>
<action no="4" player="Rakki" type="1" sum="20"/>
<action no="5" player="Sottosalpontos" type="2" discard="1" dealt="1" sum="40"/>
</round>
<round no="1"><cards type="Pocket" player="OndaBianca1">X X</cards>
<cards type="Pocket" player="Rakki">DJ D7</cards>
<cards type="Pocket" player="Sottosalpontos">SA DQ</cards>
<action no="6" player="OndaBianca1" type="0" discard="1" dealt="1" sum="0"/>
<action no="7" player="Rakki" type="23" sum="350"/>
<action no="8" player="Sottosalpontos" type="3" discard="1" dealt="1" sum="310"/>
</round>
<round no="2"><cards type="Flop">C9 CQ S3</cards>
</round>
<round no="3"><cards type="Turn">SQ</cards>
</round>
<round no="4"><cards type="River">CK</cards>
</round>
</game>
</session>
