<?xml version="1.0" encoding="UTF-8"?>
<session sessioncode="5055783450">
<general>
<client_version>25.1.1.16</client_version>
<mode>real</mode>
<gametype>Holdem NL</gametype>
<tablename>Twister €100 SNG, 816469574</tablename>
<tournamentcode>816469573</tournamentcode>
<tournamentname>Twister €100 SNG</tournamentname>
<buyin>€0 + €7 + €93</buyin>
<totalbuyin>€100</totalbuyin>
<rewarddrawn>€300</rewarddrawn>
<tournamentcurrency>EUR</tournamentcurrency>
<currency>EUR</currency>
<nickname>Rakki</nickname>
<gamecount>35</gamecount>
<startdate>2025-08-25 16:17:48</startdate>
<place>1</place>
<win>€300</win>
<tablesize>3</tablesize>
</general>
<game gamecode="6462358936"><general><startdate>2025-08-25 16:18:03</startdate>
<round>1</round>
<failsafecounter/>
<players><player seat="10" name="Thechosenoonee" chips="500" dealer="0" win="20" bet="20" muck="1" rebuy="0" addon="0" merge="0" rebuychips="0" reg_code="5055783644"/>
<player seat="3" name="ilCapo6" chips="500" dealer="1" win="0" bet="0" muck="1" rebuy="0" addon="0" merge="0" rebuychips="0" reg_code="5055783385"/>
<player seat="6" name="Rakki" chips="500" dealer="0" win="0" bet="10" muck="1" rebuy="0" addon="0" merge="0" rebuychips="0" reg_code="5055783450"/>
</players>
</general>
<round no="0"><action no="1" player="Rakki" type="1" sum="10"/>
<action no="2" player="Thechosenoonee" type="2" discard="1" dealt="1" sum="20"/>
</round>
<round no="1"><cards type="Pocket" player="Thechosenoonee">X X</cards>
<cards type="Pocket" player="Rakki">H8 D5</cards>
<cards type="Pocket" player="ilCapo6">X X</cards>
<action no="3" player="ilCapo6" type="0" discard="1" dealt="1" sum="0"/>
<action no="4" player="Rakki" type="0" sum="0"/>
</round>
</game>
<game gamecode="6462358960"><general><startdate>2025-08-25 16:18:13</startdate>
<round>1</round>
<failsafecounter/>
<players><player seat="3" name="ilCapo6" chips="500" dealer="0" win="300" bet="500" muck="1" rebuy="0" addon="0" merge="0" rebuychips="0" reg_code="5055783385"/>
<player seat="6" name="Rakki" chips="490" dealer="1" win="0" bet="0" muck="1" rebuy="0" addon="0" merge="0" rebuychips="0" reg_code="5055783450"/>
<player seat="10" name="Thechosenoonee" chips="510" dealer="0" win="0" bet="150" muck="1" rebuy="0" addon="0" merge="0" rebuychips="0" reg_code="5055783644"/>
</players>
</general>
<round no="0"><action no="1" player="Thechosenoonee" type="1" discard="1" dealt="1" sum="10"/>
<action no="2" player="ilCapo6" type="2" discard="1" dealt="1" sum="20"/>
</round>
<round no="1"><cards type="Pocket" player="ilCapo6">X X</cards>
<cards type="Pocket" player="Thechosenoonee">X X</cards>
<cards type="Pocket" player="Rakki">S6 H8</cards>
<action no="3" player="Rakki" type="0" sum="0"/>
<action no="4" player="Thechosenoonee" type="3" discard="1" dealt="1" sum="10"/>
<action no="5" player="ilCapo6" type="23" discard="1" dealt="1" sum="60"/>
<action no="6" player="Thechosenoonee" type="3" discard="1" dealt="1" sum="40"/>
</round>
<round no="2"><cards type="Flop">D6 D2 C2</cards>
<action no="7" player="Thechosenoonee" type="4" discard="1" dealt="1" sum="0"/>
<action no="8" player="ilCapo6" type="5" discard="1" dealt="1" sum="30"/>
<action no="9" player="Thechosenoonee" type="3" discard="1" dealt="1" sum="30"/>
</round>
<round no="3"><cards type="Turn">SJ</cards>
<action no="10" player="Thechosenoonee" type="4" discard="1" dealt="1" sum="0"/>
<action no="11" player="ilCapo6" type="5" discard="1" dealt="1" sum="60"/>
<action no="12" player="Thechosenoonee" type="3" discard="1" dealt="1" sum="60"/>
</round>
<round no="4"><cards type="River">S8</cards>
<action no="13" player="Thechosenoonee" type="4" discard="1" dealt="1" sum="0"/>
<action no="14" player="ilCapo6" type="5" discard="1" dealt="1" sum="350"/>
<action no="15" player="Thechosenoonee" type="0" discard="1" dealt="1" sum="0"/>
</round>
</game>
<game gamecode="6462359121"><general><startdate>2025-08-25 16:19:20</startdate>
<round>1</round>
<failsafecounter/>
<players><player seat="6" name="Rakki" chips="490" dealer="0" win="20" bet="20" muck="1" rebuy="0" addon="0" merge="0" rebuychips="0" reg_code="5055783450"/>
<player seat="10" name="Thechosenoonee" chips="360" dealer="1" win="0" bet="0" muck="1" rebuy="0" addon="0" merge="0" rebuychips="0" reg_code="5055783644"/>
<player seat="3" name="ilCapo6" chips="650" dealer="0" win="0" bet="10" muck="1" rebuy="0" addon="0" merge="0" rebuychips="0" reg_code="5055783385"/>
</players>
</general>
<round no="0"><action no="1" player="ilCapo6" type="1" discard="1" dealt="1" sum="10"/>
<action no="2" player="Rakki" type="2" sum="20"/>
</round>
<round no="1"><cards type="Pocket" player="ilCapo6">X X</cards>
<cards type="Pocket" player="Thechosenoonee">X X</cards>
<cards type="Pocket" player="Rakki">HA S5</cards>
<action no="3" player="Thechosenoonee" type="0" discard="1" dealt="1" sum="0"/>
<action no="4" player="ilCapo6" type="0" discard="1" dealt="1" sum="0"/>
</round>
</game>
<game gamecode="6462359150"><general><startdate>2025-08-25 16:19:31</startdate>
<round>1</round>
<failsafecounter/>
<players><player seat="10" name="Thechosenoonee" chips="360" dealer="0" win="0" bet="20" muck="1" rebuy="0" addon="0" merge="0" rebuychips="0" reg_code="5055783644"/>
<player seat="3" name="ilCapo6" chips="640" dealer="1" win="50" bet="40" muck="1" rebuy="0" addon="0" merge="0" rebuychips="0" reg_code="5055783385"/>
<player seat="6" name="Rakki" chips="500" dealer="0" win="0" bet="10" muck="1" rebuy="0" addon="0" merge="0" rebuychips="0" reg_code="5055783450"/>
</players>
</general>
<round no="0"><action no="1" player="Rakki" type="1" sum="10"/>
<action no="2" player="Thechosenoonee" type="2" discard="1" dealt="1" sum="20"/>
</round>
<round no="1"><cards type="Pocket" player="ilCapo6">X X</cards>
<cards type="Pocket" player="Thechosenoonee">X X</cards>
<cards type="Pocket" player="Rakki">C4 D3</cards>
<action no="3" player="ilCapo6" type="23" discard="1" dealt="1" sum="40"/>
<action no="4" player="Rakki" type="0" sum="0"/>
<action no="5" player="Thechosenoonee" type="0" discard="1" dealt="1" sum="0"/>
</round>
</game>
<game gamecode="6462359181"><general><startdate>2025-08-25 16:19:45</startdate>
<round>1</round>
<failsafecounter/>
<players><player seat="3" name="ilCapo6" chips="670" dealer="0" win="0" bet="35" muck="1" rebuy="0" addon="0" merge="0" rebuychips="0" reg_code="5055783385"/>
<player seat="6" name="Rakki" chips="490" dealer="1" win="0" bet="5" muck="1" rebuy="0" addon="0" merge="0" rebuychips="0" reg_code="5055783450"/>
<player seat="10" name="Thechosenoonee" chips="340" dealer="0" win="75" bet="91" muck="1" rebuy="0" addon="0" merge="0" rebuychips="0" reg_code="5055783644"/>
</players>
</general>
<round no="0"><action no="1" player="Thechosenoonee" type="15" discard="1" dealt="1" sum="5"/>
<action no="2" player="ilCapo6" type="15" discard="1" dealt="1" sum="5"/>
<action no="3" player="Rakki" type="15" sum="5"/>
<action no="4" player="Thechosenoonee" type="1" discard="1" dealt="1" sum="15"/>
<action no="5" player="ilCapo6" type="2" discard="1" dealt="1" sum="30"/>
</round>
<round no="1"><cards type="Pocket" player="ilCapo6">X X</cards>
<cards type="Pocket" player="Thechosenoonee">X X</cards>
<cards type="Pocket" player="Rakki">D2 D10</cards>
<action no="6" player="Rakki" type="0" sum="0"/>
<action no="7" player="Thechosenoonee" type="3" discard="1" dealt="1" sum="15"/>
<action no="8" player="ilCapo6" type="4" discard="1" dealt="1" sum="0"/>
</round>
<round no="2"><cards type="Flop">H9 H2 S6</cards>
<action no="9" player="Thechosenoonee" type="5" discard="1" dealt="1" sum="56"/>
<action no="10" player="ilCapo6" type="0" discard="1" dealt="1" sum="0"/>
</round>
</game>
<game gamecode="6462359265"><general><startdate>2025-08-25 16:20:20</startdate>
<round>1</round>
<failsafecounter/>
<players><player seat="6" name="Rakki" chips="485" dealer="0" win="75" bet="80" muck="1" rebuy="0" addon="0" merge="0" rebuychips="0" reg_code="5055783450"/>
<player seat="10" name="Thechosenoonee" chips="380" dealer="1" win="0" bet="5" muck="1" rebuy="0" addon="0" merge="0" rebuychips="0" reg_code="5055783644"/>
<player seat="3" name="ilCapo6" chips="635" dealer="0" win="0" bet="35" muck="1" rebuy="0" addon="0" merge="0" rebuychips="0" reg_code="5055783385"/>
</players>
</general>
<round no="0"><action no="1" player="ilCapo6" type="15" discard="1" dealt="1" sum="5"/>
<action no="2" player="Rakki" type="15" sum="5"/>
<action no="3" player="Thechosenoonee" type="15" discard="1" dealt="1" sum="5"/>
<action no="4" player="ilCapo6" type="1" discard="1" dealt="1" sum="15"/>
<action no="5" player="Rakki" type="2" sum="30"/>
</round>
<round no="1"><cards type="Pocket" player="ilCapo6">X X</cards>
<cards type="Pocket" player="Thechosenoonee">X X</cards>
<cards type="Pocket" player="Rakki">DA CA</cards>
<action no="6" player="Thechosenoonee" type="0" discard="1" dealt="1" sum="0"/>
<action no="7" player="ilCapo6" type="3" discard="1" dealt="1" sum="15"/>
<action no="8" player="Rakki" type="23" sum="75"/>
<action no="9" player="ilCapo6" type="0" discard="1" dealt="1" sum="0"/>
</round>
</game>
<game gamecode="6462359297"><general><startdate>2025-08-25 16:20:36</startdate>
<round>1</round>
<failsafecounter/>
<players><player seat="10" name="Thechosenoonee" chips="375" dealer="0" win="0" bet="35" muck="1" rebuy="0" addon="0" merge="0" rebuychips="0" reg_code="5055783644"/>
<player seat="3" name="ilCapo6" chips="600" dealer="1" win="90" bet="65" muck="1" rebuy="0" addon="0" merge="0" rebuychips="0" reg_code="5055783385"/>
<player seat="6" name="Rakki" chips="525" dealer="0" win="0" bet="20" muck="1" rebuy="0" addon="0" merge="0" rebuychips="0" reg_code="5055783450"/>
</players>
</general>
<round no="0"><action no="1" player="Rakki" type="15" sum="5"/>
<action no="2" player="Thechosenoonee" type="15" discard="1" dealt="1" sum="5"/>
<action no="3" player="ilCapo6" type="15" discard="1" dealt="1" sum="5"/>
<action no="4" player="Rakki" type="1" sum="15"/>
<action no="5" player="Thechosenoonee" type="2" discard="1" dealt="1" sum="30"/>
</round>
<round no="1"><cards type="Pocket" player="ilCapo6">X X</cards>
<cards type="Pocket" player="Thechosenoonee">X X</cards>
<cards type="Pocket" player="Rakki">H4 S2</cards>
<action no="6" player="ilCapo6" type="23" discard="1" dealt="1" sum="60"/>
<action no="7" player="Rakki" type="0" sum="0"/>
<action no="8" player="Thechosenoonee" type="0" discard="1" dealt="1" sum="0"/>
</round>
</game>
<game gamecode="6462359330"><general><startdate>2025-08-25 16:20:48</startdate>
<round>1</round>
<failsafecounter/>
<players><player seat="3" name="ilCapo6" chips="655" dealer="0" win="0" bet="112" muck="1" rebuy="0" addon="0" merge="0" rebuychips="0" reg_code="5055783385"/>
<player seat="6" name="Rakki" chips="505" dealer="1" win="244" bet="232" muck="1" rebuy="0" addon="0" merge="0" rebuychips="0" reg_code="5055783450"/>
<player seat="10" name="Thechosenoonee" chips="340" dealer="0" win="0" bet="20" muck="1" rebuy="0" addon="0" merge="0" rebuychips="0" reg_code="5055783644"/>
</players>
</general>
<round no="0"><action no="1" player="Thechosenoonee" type="15" discard="1" dealt="1" sum="5"/>
<action no="2" player="ilCapo6" type="15" discard="1" dealt="1" sum="5"/>
<action no="3" player="Rakki" type="15" sum="5"/>
<action no="4" player="Thechosenoonee" type="1" discard="1" dealt="1" sum="15"/>
<action no="5" player="ilCapo6" type="2" discard="1" dealt="1" sum="30"/>
</round>
<round no="1"><cards type="Pocket" player="Thechosenoonee">X X</cards>
<cards type="Pocket" player="Rakki">DA H5</cards>
<cards type="Pocket" player="ilCapo6">X X</cards>
<action no="6" player="Rakki" type="23" sum="60"/>
<action no="7" player="Thechosenoonee" type="0" discard="1" dealt="1" sum="0"/>
<action no="8" player="ilCapo6" type="3" discard="1" dealt="1" sum="30"/>
</round>
<round no="2"><cards type="Flop">D8 D6 SA</cards>
<action no="9" player="ilCapo6" type="4" discard="1" dealt="1" sum="0"/>
<action no="10" player="Rakki" type="5" sum="47"/>
<action no="11" player="ilCapo6" type="3" discard="1" dealt="1" sum="47"/>
</round>
<round no="3"><cards type="Turn">D9</cards>
<action no="12" player="ilCapo6" type="4" discard="1" dealt="1" sum="0"/>
<action no="13" player="Rakki" type="5" sum="120"/>
<action no="14" player="ilCapo6" type="0" discard="1" dealt="1" sum="0"/>
</round>
</game>
<game gamecode="6462359429"><general><startdate>2025-08-25 16:21:29</startdate>
<round>1</round>
<failsafecounter/>
<players><player seat="6" name="Rakki" chips="637" dealer="0" win="665" bet="320" muck="0" rebuy="0" addon="0" merge="0" rebuychips="0" reg_code="5055783450"/>
<player seat="10" name="Thechosenoonee" chips="320" dealer="1" win="0" bet="320" muck="0" rebuy="0" addon="0" merge="0" rebuychips="0" reg_code="5055783644"/>
<player seat="3" name="ilCapo6" chips="543" dealer="0" win="0" bet="25" muck="1" rebuy="0" addon="0" merge="0" rebuychips="0" reg_code="5055783385"/>
</players>
</general>
<round no="0"><action no="1" player="ilCapo6" type="15" discard="1" dealt="1" sum="5"/>
<action no="2" player="Rakki" type="15" sum="5"/>
<action no="3" player="Thechosenoonee" type="15" discard="1" dealt="1" sum="5"/>
<action no="4" player="ilCapo6" type="1" discard="1" dealt="1" sum="20"/>
<action no="5" player="Rakki" type="2" sum="40"/>
</round>
<round no="1"><cards type="Pocket" player="Thechosenoonee">H9 SQ</cards>
<cards type="Pocket" player="Rakki">DK S10</cards>
<cards type="Pocket" player="ilCapo6">X X</cards>
<action no="6" player="Thechosenoonee" type="23" discard="1" dealt="1" sum="315"/>
<action no="7" player="ilCapo6" type="0" discard="1" dealt="1" sum="0"/>
<action no="8" player="Rakki" type="3" sum="275"/>
</round>
<round no="2"><cards type="Flop">C10 D3 D7</cards>
</round>
<round no="3"><cards type="Turn">DA</cards>
</round>
<round no="4"><cards type="River">S4</cards>
</round>
</game>
<game gamecode="6462359472"><general><startdate>2025-08-25 16:21:45</startdate>
<round>1</round>
<failsafecounter/>
<players><player seat="6" name="Rakki" chips="982" dealer="0" win="0" bet="45" muck="1" rebuy="0" addon="0" merge="0" rebuychips="0" reg_code="5055783450"/>
<player seat="3" name="ilCapo6" chips="518" dealer="1" win="90" bet="518" muck="1" rebuy="0" addon="0" merge="0" rebuychips="0" reg_code="5055783385"/>
</players>
</general>
<round no="0"><action no="1" player="ilCapo6" type="15" discard="1" dealt="1" sum="5"/>
<action no="2" player="Rakki" type="15" sum="5"/>
<action no="3" player="ilCapo6" type="1" discard="1" dealt="1" sum="20"/>
<action no="4" player="Rakki" type="2" sum="40"/>
</round>
<round no="1"><cards type="Pocket" player="Rakki">D2 C9</cards>
<cards type="Pocket" player="ilCapo6">X X</cards>
<action no="5" player="ilCapo6" type="23" discard="1" dealt="1" sum="513"/>
<action no="6" player="Rakki" type="0" sum="0"/>
</round>
</game>
<game gamecode="6462359493"><general><startdate>2025-08-25 16:21:54</startdate>
<round>1</round>
<failsafecounter/>
<players><player seat="3" name="ilCapo6" chips="563" dealer="0" win="90" bet="125" muck="1" rebuy="0" addon="0" merge="0" rebuychips="0" reg_code="5055783385"/>
<player seat="6" name="Rakki" chips="937" dealer="1" win="0" bet="45" muck="1" rebuy="0" addon="0" merge="0" rebuychips="0" reg_code="5055783450"/>
</players>
</general>
<round no="0"><action no="1" player="Rakki" type="15" sum="5"/>
<action no="2" player="ilCapo6" type="15" discard="1" dealt="1" sum="5"/>
<action no="3" player="Rakki" type="1" sum="20"/>
<action no="4" player="ilCapo6" type="2" discard="1" dealt="1" sum="40"/>
</round>
<round no="1"><cards type="Pocket" player="ilCapo6">X X</cards>
<cards type="Pocket" player="Rakki">S2 C10</cards>
<action no="5" player="Rakki" type="3" sum="20"/>
<action no="6" player="ilCapo6" type="23" discard="1" dealt="1" sum="120"/>
<action no="7" player="Rakki" type="0" sum="0"/>
</round>
</game>
<game gamecode="6462359540"><general><startdate>2025-08-25 16:22:10</startdate>
<round>1</round>
<failsafecounter/>
<players><player seat="6" name="Rakki" chips="892" dealer="0" win="0" bet="85" muck="1" rebuy="0" addon="0" merge="0" rebuychips="0" reg_code="5055783450"/>
<player seat="3" name="ilCapo6" chips="608" dealer="1" win="170" bet="170" muck="1" rebuy="0" addon="0" merge="0" rebuychips="0" reg_code="5055783385"/>
</players>
</general>
<round no="0"><action no="1" player="ilCapo6" type="15" discard="1" dealt="1" sum="5"/>
<action no="2" player="Rakki" type="15" sum="5"/>
<action no="3" player="ilCapo6" type="1" discard="1" dealt="1" sum="20"/>
<action no="4" player="Rakki" type="2" sum="40"/>
</round>
<round no="1"><cards type="Pocket" player="Rakki">C3 C10</cards>
<cards type="Pocket" player="ilCapo6">X X</cards>
<action no="5" player="ilCapo6" type="23" discard="1" dealt="1" sum="80"/>
<action no="6" player="Rakki" type="3" sum="40"/>
</round>
<round no="2"><cards type="Flop">H7 C4 H2</cards>
<action no="7" player="Rakki" type="4" sum="0"/>
<action no="8" player="ilCapo6" type="5" discard="1" dealt="1" sum="85"/>
<action no="9" player="Rakki" type="0" sum="0"/>
</round>
</game>
<game gamecode="6462359601"><general><startdate>2025-08-25 16:22:35</startdate>
<round>1</round>
<failsafecounter/>
<players><player seat="3" name="ilCapo6" chips="693" dealer="0" win="0" bet="205" muck="1" rebuy="0" addon="0" merge="0" rebuychips="0" reg_code="5055783385"/>
<player seat="6" name="Rakki" chips="807" dealer="1" win="410" bet="807" muck="1" rebuy="0" addon="0" merge="0" rebuychips="0" reg_code="5055783450"/>
</players>
</general>
<round no="0"><action no="1" player="Rakki" type="15" sum="5"/>
<action no="2" player="ilCapo6" type="15" discard="1" dealt="1" sum="5"/>
<action no="3" player="Rakki" type="1" sum="20"/>
<action no="4" player="ilCapo6" type="2" discard="1" dealt="1" sum="40"/>
</round>
<round no="1"><cards type="Pocket" player="ilCapo6">X X</cards>
<cards type="Pocket" player="Rakki">HK DQ</cards>
<action no="5" player="Rakki" type="23" sum="80"/>
<action no="6" player="ilCapo6" type="23" discard="1" dealt="1" sum="200"/>
<action no="7" player="Rakki" type="23" sum="802"/>
<action no="8" player="ilCapo6" type="0" discard="1" dealt="1" sum="0"/>
</round>
</game>
<game gamecode="6462359657"><general><startdate>2025-08-25 16:22:56</startdate>
<round>1</round>
<failsafecounter/>
<players><player seat="6" name="Rakki" chips="1,012" dealer="0" win="0" bet="488" muck="1" rebuy="0" addon="0" merge="0" rebuychips="0" reg_code="5055783450"/>
<player seat="3" name="ilCapo6" chips="488" dealer="1" win="976" bet="488" muck="0" rebuy="0" addon="0" merge="0" rebuychips="0" reg_code="5055783385"/>
</players>
</general>
<round no="0"><action no="1" player="ilCapo6" type="15" discard="1" dealt="1" sum="5"/>
<action no="2" player="Rakki" type="15" sum="5"/>
<action no="3" player="ilCapo6" type="1" discard="1" dealt="1" sum="20"/>
<action no="4" player="Rakki" type="2" sum="40"/>
</round>
<round no="1"><cards type="Pocket" player="Rakki">D9 D8</cards>
<cards type="Pocket" player="ilCapo6">DA S5</cards>
<action no="5" player="ilCapo6" type="23" discard="1" dealt="1" sum="483"/>
<action no="6" player="Rakki" type="3" sum="443"/>
</round>
<round no="2"><cards type="Flop">S3 D4 S4</cards>
</round>
<round no="3"><cards type="Turn">HA</cards>
</round>
<round no="4"><cards type="River">CQ</cards>
</round>
</game>
<game gamecode="6462359698"><general><startdate>2025-08-25 16:23:11</startdate>
<round>1</round>
<failsafecounter/>
<players><player seat="3" name="ilCapo6" chips="976" dealer="0" win="0" bet="65" muck="1" rebuy="0" addon="0" merge="0" rebuychips="0" reg_code="5055783385"/>
<player seat="6" name="Rakki" chips="524" dealer="1" win="130" bet="524" muck="1" rebuy="0" addon="0" merge="0" rebuychips="0" reg_code="5055783450"/>
</players>
</general>
<round no="0"><action no="1" player="Rakki" type="15" sum="5"/>
<action no="2" player="ilCapo6" type="15" discard="1" dealt="1" sum="5"/>
<action no="3" player="Rakki" type="1" sum="30"/>
<action no="4" player="ilCapo6" type="2" discard="1" dealt="1" sum="60"/>
</round>
<round no="1"><cards type="Pocket" player="ilCapo6">X X</cards>
<cards type="Pocket" player="Rakki">D8 CJ</cards>
<action no="5" player="Rakki" type="23" sum="519"/>
<action no="6" player="ilCapo6" type="0" discard="1" dealt="1" sum="0"/>
</round>
</game>
<game gamecode="6462359716"><general><startdate>2025-08-25 16:23:18</startdate>
<round>1</round>
<failsafecounter/>
<players><player seat="6" name="Rakki" chips="589" dealer="0" win="130" bet="589" muck="1" rebuy="0" addon="0" merge="0" rebuychips="0" reg_code="5055783450"/>
<player seat="3" name="ilCapo6" chips="911" dealer="1" win="0" bet="65" muck="1" rebuy="0" addon="0" merge="0" rebuychips="0" reg_code="5055783385"/>
</players>
</general>
<round no="0"><action no="1" player="ilCapo6" type="15" discard="1" dealt="1" sum="5"/>
<action no="2" player="Rakki" type="15" sum="5"/>
<action no="3" player="ilCapo6" type="1" discard="1" dealt="1" sum="30"/>
<action no="4" player="Rakki" type="2" sum="60"/>
</round>
<round no="1"><cards type="Pocket" player="Rakki">HA D5</cards>
<cards type="Pocket" player="ilCapo6">X X</cards>
<action no="5" player="ilCapo6" type="3" discard="1" dealt="1" sum="30"/>
<action no="6" player="Rakki" type="23" sum="584"/>
<action no="7" player="ilCapo6" type="0" discard="1" dealt="1" sum="0"/>
</round>
</game>
<game gamecode="6462359747"><general><startdate>2025-08-25 16:23:31</startdate>
<round>1</round>
<failsafecounter/>
<players><player seat="3" name="ilCapo6" chips="846" dealer="0" win="130" bet="846" muck="1" rebuy="0" addon="0" merge="0" rebuychips="0" reg_code="5055783385"/>
<player seat="6" name="Rakki" chips="654" dealer="1" win="0" bet="65" muck="1" rebuy="0" addon="0" merge="0" rebuychips="0" reg_code="5055783450"/>
</players>
</general>
<round no="0"><action no="1" player="Rakki" type="15" sum="5"/>
<action no="2" player="ilCapo6" type="15" discard="1" dealt="1" sum="5"/>
<action no="3" player="Rakki" type="1" sum="30"/>
<action no="4" player="ilCapo6" type="2" discard="1" dealt="1" sum="60"/>
</round>
<round no="1"><cards type="Pocket" player="ilCapo6">X X</cards>
<cards type="Pocket" player="Rakki">D2 H10</cards>
<action no="5" player="Rakki" type="3" sum="30"/>
<action no="6" player="ilCapo6" type="23" discard="1" dealt="1" sum="841"/>
<action no="7" player="Rakki" type="0" sum="0"/>
</round>
</game>
<game gamecode="6462359789"><general><startdate>2025-08-25 16:23:45</startdate>
<round>1</round>
<failsafecounter/>
<players><player seat="6" name="Rakki" chips="589" dealer="0" win="0" bet="65" muck="1" rebuy="0" addon="0" merge="0" rebuychips="0" reg_code="5055783450"/>
<player seat="3" name="ilCapo6" chips="911" dealer="1" win="130" bet="130" muck="1" rebuy="0" addon="0" merge="0" rebuychips="0" reg_code="5055783385"/>
</players>
</general>
<round no="0"><action no="1" player="ilCapo6" type="15" discard="1" dealt="1" sum="5"/>
<action no="2" player="Rakki" type="15" sum="5"/>
<action no="3" player="ilCapo6" type="1" discard="1" dealt="1" sum="30"/>
<action no="4" player="Rakki" type="2" sum="60"/>
</round>
<round no="1"><cards type="Pocket" player="ilCapo6">X X</cards>
<cards type="Pocket" player="Rakki">S3 S5</cards>
<action no="5" player="ilCapo6" type="3" discard="1" dealt="1" sum="30"/>
<action no="6" player="Rakki" type="4" sum="0"/>
</round>
<round no="2"><cards type="Flop">DQ DK CQ</cards>
<action no="7" player="Rakki" type="4" sum="0"/>
<action no="8" player="ilCapo6" type="5" discard="1" dealt="1" sum="65"/>
<action no="9" player="Rakki" type="0" sum="0"/>
</round>
</game>
<game gamecode="6462365890"><general><startdate>2025-08-25 16:24:06</startdate>
<round>1</round>
<failsafecounter/>
<players><player seat="3" name="ilCapo6" chips="976" dealer="0" win="0" bet="524" muck="1" rebuy="0" addon="0" merge="0" rebuychips="0" reg_code="5055783385"/>
<player seat="6" name="Rakki" chips="524" dealer="1" win="1,048" bet="524" muck="0" rebuy="0" addon="0" merge="0" rebuychips="0" reg_code="5055783450"/>
</players>
</general>
<round no="0"><action no="1" player="Rakki" type="15" sum="5"/>
<action no="2" player="ilCapo6" type="15" discard="1" dealt="1" sum="5"/>
<action no="3" player="Rakki" type="1" sum="30"/>
<action no="4" player="ilCapo6" type="2" discard="1" dealt="1" sum="60"/>
</round>
<round no="1"><cards type="Pocket" player="Rakki">H4 SA</cards>
<cards type="Pocket" player="ilCapo6">S3 C3</cards>
<action no="5" player="Rakki" type="23" sum="519"/>
<action no="6" player="ilCapo6" type="3" discard="1" dealt="1" sum="459"/>
</round>
<round no="2"><cards type="Flop">DQ CQ D4</cards>
</round>
<round no="3"><cards type="Turn">H3</cards>
</round>
<round no="4"><cards type="River">SQ</cards>
</round>
</game>
<game gamecode="6462365934"><general><startdate>2025-08-25 16:24:23</startdate>
<round>1</round>
<failsafecounter/>
<players><player seat="6" name="Rakki" chips="1,048" dealer="0" win="70" bet="65" muck="1" rebuy="0" addon="0" merge="0" rebuychips="0" reg_code="5055783450"/>
<player seat="3" name="ilCapo6" chips="452" dealer="1" win="0" bet="35" muck="1" rebuy="0" addon="0" merge="0" rebuychips="0" reg_code="5055783385"/>
</players>
</general>
<round no="0"><action no="1" player="ilCapo6" type="15" discard="1" dealt="1" sum="5"/>
<action no="2" player="Rakki" type="15" sum="5"/>
<action no="3" player="ilCapo6" type="1" discard="1" dealt="1" sum="30"/>
<action no="4" player="Rakki" type="2" sum="60"/>
</round>
<round no="1"><cards type="Pocket" player="ilCapo6">X X</cards>
<cards type="Pocket" player="Rakki">CJ C10</cards>
<action no="5" player="ilCapo6" type="0" discard="1" dealt="1" sum="0"/>
</round>
</game>
<game gamecode="6462365959"><general><startdate>2025-08-25 16:24:34</startdate>
<round>1</round>
<failsafecounter/>
<players><player seat="3" name="ilCapo6" chips="417" dealer="0" win="70" bet="65" muck="1" rebuy="0" addon="0" merge="0" rebuychips="0" reg_code="5055783385"/>
<player seat="6" name="Rakki" chips="1,083" dealer="1" win="0" bet="35" muck="1" rebuy="0" addon="0" merge="0" rebuychips="0" reg_code="5055783450"/>
</players>
</general>
<round no="0"><action no="1" player="Rakki" type="15" sum="5"/>
<action no="2" player="ilCapo6" type="15" discard="1" dealt="1" sum="5"/>
<action no="3" player="Rakki" type="1" sum="30"/>
<action no="4" player="ilCapo6" type="2" discard="1" dealt="1" sum="60"/>
</round>
<round no="1"><cards type="Pocket" player="Rakki">H3 C10</cards>
<cards type="Pocket" player="ilCapo6">X X</cards>
<action no="5" player="Rakki" type="0" sum="0"/>
</round>
</game>
<game gamecode="6462365975"><general><startdate>2025-08-25 16:24:39</startdate>
<round>1</round>
<failsafecounter/>
<players><player seat="6" name="Rakki" chips="1,048" dealer="0" win="0" bet="65" muck="1" rebuy="0" addon="0" merge="0" rebuychips="0" reg_code="5055783450"/>
<player seat="3" name="ilCapo6" chips="452" dealer="1" win="130" bet="452" muck="1" rebuy="0" addon="0" merge="0" rebuychips="0" reg_code="5055783385"/>
</players>
</general>
<round no="0"><action no="1" player="ilCapo6" type="15" discard="1" dealt="1" sum="5"/>
<action no="2" player="Rakki" type="15" sum="5"/>
<action no="3" player="ilCapo6" type="1" discard="1" dealt="1" sum="30"/>
<action no="4" player="Rakki" type="2" sum="60"/>
</round>
<round no="1"><cards type="Pocket" player="Rakki">D8 H10</cards>
<cards type="Pocket" player="ilCapo6">X X</cards>
<action no="5" player="ilCapo6" type="23" discard="1" dealt="1" sum="447"/>
<action no="6" player="Rakki" type="0" sum="0"/>
</round>
</game>
<game gamecode="6462365995"><general><startdate>2025-08-25 16:24:47</startdate>
<round>1</round>
<failsafecounter/>
<players><player seat="3" name="ilCapo6" chips="517" dealer="0" win="0" bet="88" muck="1" rebuy="0" addon="0" merge="0" rebuychips="0" reg_code="5055783385"/>
<player seat="6" name="Rakki" chips="983" dealer="1" win="176" bet="983" muck="1" rebuy="0" addon="0" merge="0" rebuychips="0" reg_code="5055783450"/>
</players>
</general>
<round no="0"><action no="1" player="Rakki" type="15" sum="8"/>
<action no="2" player="ilCapo6" type="15" discard="1" dealt="1" sum="8"/>
<action no="3" player="Rakki" type="1" sum="40"/>
<action no="4" player="ilCapo6" type="2" discard="1" dealt="1" sum="80"/>
</round>
<round no="1"><cards type="Pocket" player="ilCapo6">X X</cards>
<cards type="Pocket" player="Rakki">S5 S7</cards>
<action no="5" player="Rakki" type="23" sum="975"/>
<action no="6" player="ilCapo6" type="0" discard="1" dealt="1" sum="0"/>
</round>
</game>
<game gamecode="6462366009"><general><startdate>2025-08-25 16:24:55</startdate>
<round>1</round>
<failsafecounter/>
<players><player seat="6" name="Rakki" chips="1,071" dealer="0" win="96" bet="88" muck="1" rebuy="0" addon="0" merge="0" rebuychips="0" reg_code="5055783450"/>
<player seat="3" name="ilCapo6" chips="429" dealer="1" win="0" bet="48" muck="1" rebuy="0" addon="0" merge="0" rebuychips="0" reg_code="5055783385"/>
</players>
</general>
<round no="0"><action no="1" player="ilCapo6" type="15" discard="1" dealt="1" sum="8"/>
<action no="2" player="Rakki" type="15" sum="8"/>
<action no="3" player="ilCapo6" type="1" discard="1" dealt="1" sum="40"/>
<action no="4" player="Rakki" type="2" sum="80"/>
</round>
<round no="1"><cards type="Pocket" player="Rakki">SQ C2</cards>
<cards type="Pocket" player="ilCapo6">X X</cards>
<action no="5" player="ilCapo6" type="0" discard="1" dealt="1" sum="0"/>
</round>
</game>
<game gamecode="6462366034"><general><startdate>2025-08-25 16:25:04</startdate>
<round>1</round>
<failsafecounter/>
<players><player seat="3" name="ilCapo6" chips="381" dealer="0" win="0" bet="88" muck="1" rebuy="0" addon="0" merge="0" rebuychips="0" reg_code="5055783385"/>
<player seat="6" name="Rakki" chips="1,119" dealer="1" win="176" bet="1,119" muck="1" rebuy="0" addon="0" merge="0" rebuychips="0" reg_code="5055783450"/>
</players>
</general>
<round no="0"><action no="1" player="Rakki" type="15" sum="8"/>
<action no="2" player="ilCapo6" type="15" discard="1" dealt="1" sum="8"/>
<action no="3" player="Rakki" type="1" sum="40"/>
<action no="4" player="ilCapo6" type="2" discard="1" dealt="1" sum="80"/>
</round>
<round no="1"><cards type="Pocket" player="ilCapo6">X X</cards>
<cards type="Pocket" player="Rakki">CK H3</cards>
<action no="5" player="Rakki" type="23" sum="1,111"/>
<action no="6" player="ilCapo6" type="0" discard="1" dealt="1" sum="0"/>
</round>
</game>
<game gamecode="6462366069"><general><startdate>2025-08-25 16:25:17</startdate>
<round>1</round>
<failsafecounter/>
<players><player seat="6" name="Rakki" chips="1,207" dealer="0" win="0" bet="293" muck="1" rebuy="0" addon="0" merge="0" rebuychips="0" reg_code="5055783450"/>
<player seat="3" name="ilCapo6" chips="293" dealer="1" win="586" bet="293" muck="0" rebuy="0" addon="0" merge="0" rebuychips="0" reg_code="5055783385"/>
</players>
</general>
<round no="0"><action no="1" player="ilCapo6" type="15" discard="1" dealt="1" sum="8"/>
<action no="2" player="Rakki" type="15" sum="8"/>
<action no="3" player="ilCapo6" type="1" discard="1" dealt="1" sum="40"/>
<action no="4" player="Rakki" type="2" sum="80"/>
</round>
<round no="1"><cards type="Pocket" player="ilCapo6">H7 D7</cards>
<cards type="Pocket" player="Rakki">SK D10</cards>
<action no="5" player="ilCapo6" type="23" discard="1" dealt="1" sum="285"/>
<action no="6" player="Rakki" type="3" sum="205"/>
</round>
<round no="2"><cards type="Flop">H10 H8 D9</cards>
</round>
<round no="3"><cards type="Turn">D8</cards>
</round>
<round no="4"><cards type="River">S7</cards>
</round>
</game>
<game gamecode="6462366117"><general><startdate>2025-08-25 16:25:34</startdate>
<round>1</round>
<failsafecounter/>
<players><player seat="3" name="ilCapo6" chips="586" dealer="0" win="0" bet="88" muck="1" rebuy="0" addon="0" merge="0" rebuychips="0" reg_code="5055783385"/>
<player seat="6" name="Rakki" chips="914" dealer="1" win="176" bet="914" muck="1" rebuy="0" addon="0" merge="0" rebuychips="0" reg_code="5055783450"/>
</players>
</general>
<round no="0"><action no="1" player="Rakki" type="15" sum="8"/>
<action no="2" player="ilCapo6" type="15" discard="1" dealt="1" sum="8"/>
<action no="3" player="Rakki" type="1" sum="40"/>
<action no="4" player="ilCapo6" type="2" discard="1" dealt="1" sum="80"/>
</round>
<round no="1"><cards type="Pocket" player="Rakki">H9 S8</cards>
<cards type="Pocket" player="ilCapo6">X X</cards>
<action no="5" player="Rakki" type="23" sum="906"/>
<action no="6" player="ilCapo6" type="0" discard="1" dealt="1" sum="0"/>
</round>
</game>
<game gamecode="6462366147"><general><startdate>2025-08-25 16:25:45</startdate>
<round>1</round>
<failsafecounter/>
<players><player seat="6" name="Rakki" chips="1,002" dealer="0" win="96" bet="88" muck="1" rebuy="0" addon="0" merge="0" rebuychips="0" reg_code="5055783450"/>
<player seat="3" name="ilCapo6" chips="498" dealer="1" win="0" bet="48" muck="1" rebuy="0" addon="0" merge="0" rebuychips="0" reg_code="5055783385"/>
</players>
</general>
<round no="0"><action no="1" player="ilCapo6" type="15" discard="1" dealt="1" sum="8"/>
<action no="2" player="Rakki" type="15" sum="8"/>
<action no="3" player="ilCapo6" type="1" discard="1" dealt="1" sum="40"/>
<action no="4" player="Rakki" type="2" sum="80"/>
</round>
<round no="1"><cards type="Pocket" player="Rakki">CK H6</cards>
<cards type="Pocket" player="ilCapo6">X X</cards>
<action no="5" player="ilCapo6" type="0" discard="1" dealt="1" sum="0"/>
</round>
</game>
<game gamecode="6462366168"><general><startdate>2025-08-25 16:25:52</startdate>
<round>1</round>
<failsafecounter/>
<players><player seat="3" name="ilCapo6" chips="450" dealer="0" win="96" bet="88" muck="1" rebuy="0" addon="0" merge="0" rebuychips="0" reg_code="5055783385"/>
<player seat="6" name="Rakki" chips="1,050" dealer="1" win="0" bet="48" muck="1" rebuy="0" addon="0" merge="0" rebuychips="0" reg_code="5055783450"/>
</players>
</general>
<round no="0"><action no="1" player="Rakki" type="15" sum="8"/>
<action no="2" player="ilCapo6" type="15" discard="1" dealt="1" sum="8"/>
<action no="3" player="Rakki" type="1" sum="40"/>
<action no="4" player="ilCapo6" type="2" discard="1" dealt="1" sum="80"/>
</round>
<round no="1"><cards type="Pocket" player="ilCapo6">X X</cards>
<cards type="Pocket" player="Rakki">D3 H6</cards>
<action no="5" player="Rakki" type="0" sum="0"/>
</round>
</game>
<game gamecode="6462366175"><general><startdate>2025-08-25 16:25:57</startdate>
<round>1</round>
<failsafecounter/>
<players><player seat="6" name="Rakki" chips="1,002" dealer="0" win="0" bet="498" muck="1" rebuy="0" addon="0" merge="0" rebuychips="0" reg_code="5055783450"/>
<player seat="3" name="ilCapo6" chips="498" dealer="1" win="996" bet="498" muck="0" rebuy="0" addon="0" merge="0" rebuychips="0" reg_code="5055783385"/>
</players>
</general>
<round no="0"><action no="1" player="ilCapo6" type="15" discard="1" dealt="1" sum="8"/>
<action no="2" player="Rakki" type="15" sum="8"/>
<action no="3" player="ilCapo6" type="1" discard="1" dealt="1" sum="40"/>
<action no="4" player="Rakki" type="2" sum="80"/>
</round>
<round no="1"><cards type="Pocket" player="ilCapo6">D7 C8</cards>
<cards type="Pocket" player="Rakki">CA S2</cards>
<action no="5" player="ilCapo6" type="23" discard="1" dealt="1" sum="490"/>
<action no="6" player="Rakki" type="3" sum="410"/>
</round>
<round no="2"><cards type="Flop">D8 S8 DJ</cards>
</round>
<round no="3"><cards type="Turn">DK</cards>
</round>
<round no="4"><cards type="River">D3</cards>
</round>
</game>
<game gamecode="6462366210"><general><startdate>2025-08-25 16:26:12</startdate>
<round>1</round>
<failsafecounter/>
<players><player seat="3" name="ilCapo6" chips="996" dealer="0" win="0" bet="88" muck="1" rebuy="0" addon="0" merge="0" rebuychips="0" reg_code="5055783385"/>
<player seat="6" name="Rakki" chips="504" dealer="1" win="176" bet="504" muck="1" rebuy="0" addon="0" merge="0" rebuychips="0" reg_code="5055783450"/>
</players>
</general>
<round no="0"><action no="1" player="Rakki" type="15" sum="8"/>
<action no="2" player="ilCapo6" type="15" discard="1" dealt="1" sum="8"/>
<action no="3" player="Rakki" type="1" sum="40"/>
<action no="4" player="ilCapo6" type="2" discard="1" dealt="1" sum="80"/>
</round>
<round no="1"><cards type="Pocket" player="ilCapo6">X X</cards>
<cards type="Pocket" player="Rakki">S8 HQ</cards>
<action no="5" player="Rakki" type="23" sum="496"/>
<action no="6" player="ilCapo6" type="0" discard="1" dealt="1" sum="0"/>
</round>
</game>
<game gamecode="6462366235"><general><startdate>2025-08-25 16:26:21</startdate>
<round>1</round>
<failsafecounter/>
<players><player seat="6" name="Rakki" chips="592" dealer="0" win="1,184" bet="592" muck="0" rebuy="0" addon="0" merge="0" rebuychips="0" reg_code="5055783450"/>
<player seat="3" name="ilCapo6" chips="908" dealer="1" win="0" bet="908" muck="0" rebuy="0" addon="0" merge="0" rebuychips="0" reg_code="5055783385"/>
</players>
</general>
<round no="0"><action no="1" player="ilCapo6" type="15" discard="1" dealt="1" sum="8"/>
<action no="2" player="Rakki" type="15" sum="8"/>
<action no="3" player="ilCapo6" type="1" discard="1" dealt="1" sum="40"/>
<action no="4" player="Rakki" type="2" sum="80"/>
</round>
<round no="1"><cards type="Pocket" player="ilCapo6">CK D8</cards>
<cards type="Pocket" player="Rakki">CJ D7</cards>
<action no="5" player="ilCapo6" type="23" discard="1" dealt="1" sum="900"/>
<action no="6" player="Rakki" type="7" sum="504"/>
</round>
<round no="2"><cards type="Flop">H3 HJ S8</cards>
</round>
<round no="3"><cards type="Turn">HA</cards>
</round>
<round no="4"><cards type="River">C10</cards>
</round>
</game>
<game gamecode="6462366281"><general><startdate>2025-08-25 16:26:42</startdate>
<round>1</round>
<failsafecounter/>
<players><player seat="3" name="ilCapo6" chips="316" dealer="0" win="632" bet="316" muck="0" rebuy="0" addon="0" merge="0" rebuychips="0" reg_code="5055783385"/>
<player seat="6" name="Rakki" chips="1,184" dealer="1" win="0" bet="1,184" muck="1" rebuy="0" addon="0" merge="0" rebuychips="0" reg_code="5055783450"/>
</players>
</general>
<round no="0"><action no="1" player="Rakki" type="15" sum="10"/>
<action no="2" player="ilCapo6" type="15" discard="1" dealt="1" sum="10"/>
<action no="3" player="Rakki" type="1" sum="50"/>
<action no="4" player="ilCapo6" type="2" discard="1" dealt="1" sum="100"/>
</round>
<round no="1"><cards type="Pocket" player="ilCapo6">C10 SQ</cards>
<cards type="Pocket" player="Rakki">H8 DK</cards>
<action no="5" player="Rakki" type="23" sum="1,174"/>
<action no="6" player="ilCapo6" type="7" discard="1" dealt="1" sum="206"/>
</round>
<round no="2"><cards type="Flop">D5 C2 SA</cards>
</round>
<round no="3"><cards type="Turn">DA</cards>
</round>
<round no="4"><cards type="River">H10</cards>
</round>
</game>
<game gamecode="6462366318"><general><startdate>2025-08-25 16:26:56</startdate>
<round>1</round>
<failsafecounter/>
<players><player seat="6" name="Rakki" chips="868" dealer="0" win="120" bet="110" muck="1" rebuy="0" addon="0" merge="0" rebuychips="0" reg_code="5055783450"/>
<player seat="3" name="ilCapo6" chips="632" dealer="1" win="0" bet="60" muck="1" rebuy="0" addon="0" merge="0" rebuychips="0" reg_code="5055783385"/>
</players>
</general>
<round no="0"><action no="1" player="ilCapo6" type="15" discard="1" dealt="1" sum="10"/>
<action no="2" player="Rakki" type="15" sum="10"/>
<action no="3" player="ilCapo6" type="1" discard="1" dealt="1" sum="50"/>
<action no="4" player="Rakki" type="2" sum="100"/>
</round>
<round no="1"><cards type="Pocket" player="Rakki">D5 DQ</cards>
<cards type="Pocket" player="ilCapo6">X X</cards>
<action no="5" player="ilCapo6" type="0" discard="1" dealt="1" sum="0"/>
</round>
</game>
<game gamecode="6462366337"><general><startdate>2025-08-25 16:27:03</startdate>
<round>1</round>
<failsafecounter/>
<players><player seat="3" name="ilCapo6" chips="572" dealer="0" win="0" bet="572" muck="0" rebuy="0" addon="0" merge="0" rebuychips="0" reg_code="5055783385"/>
<player seat="6" name="Rakki" chips="928" dealer="1" win="1,144" bet="928" muck="0" rebuy="0" addon="0" merge="0" rebuychips="0" reg_code="5055783450"/>
</players>
</general>
<round no="0"><action no="1" player="Rakki" type="15" sum="10"/>
<action no="2" player="ilCapo6" type="15" discard="1" dealt="1" sum="10"/>
<action no="3" player="Rakki" type="1" sum="50"/>
<action no="4" player="ilCapo6" type="2" discard="1" dealt="1" sum="100"/>
</round>
<round no="1"><cards type="Pocket" player="ilCapo6">CQ D3</cards>
<cards type="Pocket" player="Rakki">CA D9</cards>
<action no="5" player="Rakki" type="23" sum="918"/>
<action no="6" player="ilCapo6" type="7" discard="1" dealt="1" sum="462"/>
</round>
<round no="2"><cards type="Flop">H9 S5 D2</cards>
</round>
<round no="3"><cards type="Turn">CK</cards>
</round>
<round no="4"><cards type="River">S2</cards>
</round>
</game>
</session>
