<?xml version="1.0" encoding="UTF-8"?>
<session sessioncode="5055783434">
<general>
<client_version>25.1.1.16</client_version>
<mode>real</mode>
<gametype>Holdem NL</gametype>
<tablename>Twister €100 SNG, 816469520</tablename>
<tournamentcode>816469518</tournamentcode>
<tournamentname>Twister €100 SNG</tournamentname>
<buyin>€0 + €7 + €93</buyin>
<totalbuyin>€100</totalbuyin>
<rewarddrawn>€300</rewarddrawn>
<tournamentcurrency>EUR</tournamentcurrency>
<currency>EUR</currency>
<nickname>Rakki</nickname>
<gamecount>18</gamecount>
<startdate>2025-08-25 16:17:47</startdate>
<place>2</place>
<win>€0</win>
<tablesize>3</tablesize>
</general>
<game gamecode="6462358932"><general><startdate>2025-08-25 16:18:02</startdate>
<round>1</round>
<failsafecounter/>
<players><player seat="10" name="Sottosalpontos" chips="500" dealer="0" win="0" bet="20" muck="1" rebuy="0" addon="0" merge="0" rebuychips="0" reg_code="5055783632"/>
<player seat="3" name="ilCapo6" chips="500" dealer="1" win="0" bet="0" muck="1" rebuy="0" addon="0" merge="0" rebuychips="0" reg_code="5055783378"/>
<player seat="6" name="Rakki" chips="500" dealer="0" win="40" bet="80" muck="1" rebuy="0" addon="0" merge="0" rebuychips="0" reg_code="5055783434"/>
</players>
</general>
<round no="0"><action no="1" player="Rakki" type="1" sum="10"/>
<action no="2" player="Sottosalpontos" type="2" discard="1" dealt="1" sum="20"/>
</round>
<round no="1"><cards type="Pocket" player="Rakki">H5 H2</cards>
<cards type="Pocket" player="ilCapo6">X X</cards>
<cards type="Pocket" player="Sottosalpontos">X X</cards>
<action no="3" player="ilCapo6" type="0" discard="1" dealt="1" sum="0"/>
<action no="4" player="Rakki" type="3" sum="10"/>
<action no="5" player="Sottosalpontos" type="4" discard="1" dealt="1" sum="0"/>
</round>
<round no="2"><cards type="Flop">D4 CJ S10</cards>
<action no="6" player="Rakki" type="4" sum="0"/>
<action no="7" player="Sottosalpontos" type="4" discard="1" dealt="1" sum="0"/>
</round>
<round no="3"><cards type="Turn">S6</cards>
<action no="8" player="Rakki" type="4" sum="0"/>
<action no="9" player="Sottosalpontos" type="4" discard="1" dealt="1" sum="0"/>
</round>
<round no="4"><cards type="River">S8</cards>
<action no="10" player="Rakki" type="5" sum="60"/>
<action no="11" player="Sottosalpontos" type="0" discard="1" dealt="1" sum="0"/>
</round>
</game>
<game gamecode="6462359034"><general><startdate>2025-08-25 16:18:41</startdate>
<round>1</round>
<failsafecounter/>
<players><player seat="3" name="ilCapo6" chips="500" dealer="0" win="0" bet="20" muck="1" rebuy="0" addon="0" merge="0" rebuychips="0" reg_code="5055783378"/>
<player seat="6" name="Rakki" chips="520" dealer="1" win="0" bet="0" muck="1" rebuy="0" addon="0" merge="0" rebuychips="0" reg_code="5055783434"/>
<player seat="10" name="Sottosalpontos" chips="480" dealer="0" win="40" bet="20" muck="0" rebuy="0" addon="0" merge="0" rebuychips="0" reg_code="5055783632"/>
</players>
</general>
<round no="0"><action no="1" player="Sottosalpontos" type="1" discard="1" dealt="1" sum="10"/>
<action no="2" player="ilCapo6" type="2" discard="1" dealt="1" sum="20"/>
</round>
<round no="1"><cards type="Pocket" player="ilCapo6">SJ C2</cards>
<cards type="Pocket" player="Rakki">H3 SQ</cards>
<cards type="Pocket" player="Sottosalpontos">H7 D10</cards>
<action no="3" player="Rakki" type="0" sum="0"/>
<action no="4" player="Sottosalpontos" type="3" discard="1" dealt="1" sum="10"/>
<action no="5" player="ilCapo6" type="4" discard="1" dealt="1" sum="0"/>
</round>
<round no="2"><cards type="Flop">DA C8 CJ</cards>
<action no="6" player="Sottosalpontos" type="4" discard="1" dealt="1" sum="0"/>
<action no="7" player="ilCapo6" type="4" discard="1" dealt="1" sum="0"/>
</round>
<round no="3"><cards type="Turn">DQ</cards>
<action no="8" player="Sottosalpontos" type="4" discard="1" dealt="1" sum="0"/>
<action no="9" player="ilCapo6" type="4" discard="1" dealt="1" sum="0"/>
</round>
<round no="4"><cards type="River">H9</cards>
<action no="10" player="Sottosalpontos" type="4" discard="1" dealt="1" sum="0"/>
<action no="11" player="ilCapo6" type="4" discard="1" dealt="1" sum="0"/>
</round>
</game>
<game gamecode="6462359126"><general><startdate>2025-08-25 16:19:22</startdate>
<round>1</round>
<failsafecounter/>
<players><player seat="6" name="Rakki" chips="520" dealer="0" win="0" bet="200" muck="1" rebuy="0" addon="0" merge="0" rebuychips="0" reg_code="5055783434"/>
<player seat="10" name="Sottosalpontos" chips="500" dealer="1" win="0" bet="0" muck="1" rebuy="0" addon="0" merge="0" rebuychips="0" reg_code="5055783632"/>
<player seat="3" name="ilCapo6" chips="480" dealer="0" win="400" bet="480" muck="1" rebuy="0" addon="0" merge="0" rebuychips="0" reg_code="5055783378"/>
</players>
</general>
<round no="0"><action no="1" player="ilCapo6" type="1" discard="1" dealt="1" sum="10"/>
<action no="2" player="Rakki" type="2" sum="20"/>
</round>
<round no="1"><cards type="Pocket" player="Sottosalpontos">X X</cards>
<cards type="Pocket" player="Rakki">H2 SK</cards>
<cards type="Pocket" player="ilCapo6">X X</cards>
<action no="3" player="Sottosalpontos" type="0" discard="1" dealt="1" sum="0"/>
<action no="4" player="ilCapo6" type="23" discard="1" dealt="1" sum="40"/>
<action no="5" player="Rakki" type="23" sum="100"/>
<action no="6" player="ilCapo6" type="3" discard="1" dealt="1" sum="60"/>
</round>
<round no="2"><cards type="Flop">S5 SJ H10</cards>
<action no="7" player="ilCapo6" type="4" discard="1" dealt="1" sum="0"/>
<action no="8" player="Rakki" type="4" sum="0"/>
</round>
<round no="3"><cards type="Turn">S6</cards>
<action no="9" player="ilCapo6" type="5" discard="1" dealt="1" sum="100"/>
<action no="10" player="Rakki" type="3" sum="100"/>
</round>
<round no="4"><cards type="River">D2</cards>
<action no="11" player="ilCapo6" type="5" discard="1" dealt="1" sum="280"/>
<action no="12" player="Rakki" type="0" sum="0"/>
</round>
</game>
<game gamecode="6462359257"><general><startdate>2025-08-25 16:20:17</startdate>
<round>1</round>
<failsafecounter/>
<players><player seat="10" name="Sottosalpontos" chips="500" dealer="0" win="45" bet="35" muck="1" rebuy="0" addon="0" merge="0" rebuychips="0" reg_code="5055783632"/>
<player seat="3" name="ilCapo6" chips="680" dealer="1" win="0" bet="5" muck="1" rebuy="0" addon="0" merge="0" rebuychips="0" reg_code="5055783378"/>
<player seat="6" name="Rakki" chips="320" dealer="0" win="0" bet="20" muck="1" rebuy="0" addon="0" merge="0" rebuychips="0" reg_code="5055783434"/>
</players>
</general>
<round no="0"><action no="1" player="Rakki" type="15" sum="5"/>
<action no="2" player="Sottosalpontos" type="15" discard="1" dealt="1" sum="5"/>
<action no="3" player="ilCapo6" type="15" discard="1" dealt="1" sum="5"/>
<action no="4" player="Rakki" type="1" sum="15"/>
<action no="5" player="Sottosalpontos" type="2" discard="1" dealt="1" sum="30"/>
</round>
<round no="1"><cards type="Pocket" player="Sottosalpontos">X X</cards>
<cards type="Pocket" player="ilCapo6">X X</cards>
<cards type="Pocket" player="Rakki">D5 C6</cards>
<action no="6" player="ilCapo6" type="0" discard="1" dealt="1" sum="0"/>
<action no="7" player="Rakki" type="0" sum="0"/>
</round>
</game>
<game gamecode="6462359285"><general><startdate>2025-08-25 16:20:30</startdate>
<round>1</round>
<failsafecounter/>
<players><player seat="3" name="ilCapo6" chips="675" dealer="0" win="45" bet="35" muck="1" rebuy="0" addon="0" merge="0" rebuychips="0" reg_code="5055783378"/>
<player seat="6" name="Rakki" chips="300" dealer="1" win="0" bet="5" muck="1" rebuy="0" addon="0" merge="0" rebuychips="0" reg_code="5055783434"/>
<player seat="10" name="Sottosalpontos" chips="525" dealer="0" win="0" bet="20" muck="1" rebuy="0" addon="0" merge="0" rebuychips="0" reg_code="5055783632"/>
</players>
</general>
<round no="0"><action no="1" player="Sottosalpontos" type="15" discard="1" dealt="1" sum="5"/>
<action no="2" player="ilCapo6" type="15" discard="1" dealt="1" sum="5"/>
<action no="3" player="Rakki" type="15" sum="5"/>
<action no="4" player="Sottosalpontos" type="1" discard="1" dealt="1" sum="15"/>
<action no="5" player="ilCapo6" type="2" discard="1" dealt="1" sum="30"/>
</round>
<round no="1"><cards type="Pocket" player="Rakki">S4 C10</cards>
<cards type="Pocket" player="ilCapo6">X X</cards>
<cards type="Pocket" player="Sottosalpontos">X X</cards>
<action no="6" player="Rakki" type="0" sum="0"/>
<action no="7" player="Sottosalpontos" type="0" discard="1" dealt="1" sum="0"/>
</round>
</game>
<game gamecode="6462359312"><general><startdate>2025-08-25 16:20:42</startdate>
<round>1</round>
<failsafecounter/>
<players><player seat="6" name="Rakki" chips="295" dealer="0" win="0" bet="35" muck="1" rebuy="0" addon="0" merge="0" rebuychips="0" reg_code="5055783434"/>
<player seat="10" name="Sottosalpontos" chips="505" dealer="1" win="90" bet="505" muck="1" rebuy="0" addon="0" merge="0" rebuychips="0" reg_code="5055783632"/>
<player seat="3" name="ilCapo6" chips="700" dealer="0" win="0" bet="20" muck="1" rebuy="0" addon="0" merge="0" rebuychips="0" reg_code="5055783378"/>
</players>
</general>
<round no="0"><action no="1" player="ilCapo6" type="15" discard="1" dealt="1" sum="5"/>
<action no="2" player="Rakki" type="15" sum="5"/>
<action no="3" player="Sottosalpontos" type="15" discard="1" dealt="1" sum="5"/>
<action no="4" player="ilCapo6" type="1" discard="1" dealt="1" sum="15"/>
<action no="5" player="Rakki" type="2" sum="30"/>
</round>
<round no="1"><cards type="Pocket" player="ilCapo6">X X</cards>
<cards type="Pocket" player="Sottosalpontos">X X</cards>
<cards type="Pocket" player="Rakki">SK D9</cards>
<action no="6" player="Sottosalpontos" type="23" discard="1" dealt="1" sum="500"/>
<action no="7" player="ilCapo6" type="0" discard="1" dealt="1" sum="0"/>
<action no="8" player="Rakki" type="0" sum="0"/>
</round>
</game>
<game gamecode="6462359356"><general><startdate>2025-08-25 16:20:55</startdate>
<round>1</round>
<failsafecounter/>
<players><player seat="10" name="Sottosalpontos" chips="560" dealer="0" win="45" bet="35" muck="1" rebuy="0" addon="0" merge="0" rebuychips="0" reg_code="5055783632"/>
<player seat="3" name="ilCapo6" chips="680" dealer="1" win="0" bet="5" muck="1" rebuy="0" addon="0" merge="0" rebuychips="0" reg_code="5055783378"/>
<player seat="6" name="Rakki" chips="260" dealer="0" win="0" bet="20" muck="1" rebuy="0" addon="0" merge="0" rebuychips="0" reg_code="5055783434"/>
</players>
</general>
<round no="0"><action no="1" player="Rakki" type="15" sum="5"/>
<action no="2" player="Sottosalpontos" type="15" discard="1" dealt="1" sum="5"/>
<action no="3" player="ilCapo6" type="15" discard="1" dealt="1" sum="5"/>
<action no="4" player="Rakki" type="1" sum="15"/>
<action no="5" player="Sottosalpontos" type="2" discard="1" dealt="1" sum="30"/>
</round>
<round no="1"><cards type="Pocket" player="ilCapo6">X X</cards>
<cards type="Pocket" player="Sottosalpontos">X X</cards>
<cards type="Pocket" player="Rakki">D3 C4</cards>
<action no="6" player="ilCapo6" type="0" discard="1" dealt="1" sum="0"/>
<action no="7" player="Rakki" type="0" sum="0"/>
</round>
</game>
<game gamecode="6462359387"><general><startdate>2025-08-25 16:21:11</startdate>
<round>1</round>
<failsafecounter/>
<players><player seat="3" name="ilCapo6" chips="675" dealer="0" win="75" bet="95" muck="1" rebuy="0" addon="0" merge="0" rebuychips="0" reg_code="5055783378"/>
<player seat="6" name="Rakki" chips="240" dealer="1" win="0" bet="5" muck="1" rebuy="0" addon="0" merge="0" rebuychips="0" reg_code="5055783434"/>
<player seat="10" name="Sottosalpontos" chips="585" dealer="0" win="0" bet="35" muck="1" rebuy="0" addon="0" merge="0" rebuychips="0" reg_code="5055783632"/>
</players>
</general>
<round no="0"><action no="1" player="Sottosalpontos" type="15" discard="1" dealt="1" sum="5"/>
<action no="2" player="ilCapo6" type="15" discard="1" dealt="1" sum="5"/>
<action no="3" player="Rakki" type="15" sum="5"/>
<action no="4" player="Sottosalpontos" type="1" discard="1" dealt="1" sum="15"/>
<action no="5" player="ilCapo6" type="2" discard="1" dealt="1" sum="30"/>
</round>
<round no="1"><cards type="Pocket" player="Sottosalpontos">X X</cards>
<cards type="Pocket" player="ilCapo6">X X</cards>
<cards type="Pocket" player="Rakki">D8 H4</cards>
<action no="6" player="Rakki" type="0" sum="0"/>
<action no="7" player="Sottosalpontos" type="3" discard="1" dealt="1" sum="15"/>
<action no="8" player="ilCapo6" type="23" discard="1" dealt="1" sum="90"/>
<action no="9" player="Sottosalpontos" type="0" discard="1" dealt="1" sum="0"/>
</round>
</game>
<game gamecode="6462359431"><general><startdate>2025-08-25 16:21:30</startdate>
<round>1</round>
<failsafecounter/>
<players><player seat="6" name="Rakki" chips="235" dealer="0" win="475" bet="235" muck="0" rebuy="0" addon="0" merge="0" rebuychips="0" reg_code="5055783434"/>
<player seat="10" name="Sottosalpontos" chips="550" dealer="1" win="0" bet="5" muck="1" rebuy="0" addon="0" merge="0" rebuychips="0" reg_code="5055783632"/>
<player seat="3" name="ilCapo6" chips="715" dealer="0" win="0" bet="715" muck="0" rebuy="0" addon="0" merge="0" rebuychips="0" reg_code="5055783378"/>
</players>
</general>
<round no="0"><action no="1" player="ilCapo6" type="15" discard="1" dealt="1" sum="5"/>
<action no="2" player="Rakki" type="15" sum="5"/>
<action no="3" player="Sottosalpontos" type="15" discard="1" dealt="1" sum="5"/>
<action no="4" player="ilCapo6" type="1" discard="1" dealt="1" sum="20"/>
<action no="5" player="Rakki" type="2" sum="40"/>
</round>
<round no="1"><cards type="Pocket" player="Sottosalpontos">X X</cards>
<cards type="Pocket" player="ilCapo6">CA H9</cards>
<cards type="Pocket" player="Rakki">D7 CK</cards>
<action no="6" player="Sottosalpontos" type="0" discard="1" dealt="1" sum="0"/>
<action no="7" player="ilCapo6" type="23" discard="1" dealt="1" sum="710"/>
<action no="8" player="Rakki" type="7" sum="190"/>
</round>
<round no="2"><cards type="Flop">S5 D9 CJ</cards>
</round>
<round no="3"><cards type="Turn">S10</cards>
</round>
<round no="4"><cards type="River">S8</cards>
</round>
</game>
<game gamecode="6462359476"><general><startdate>2025-08-25 16:21:47</startdate>
<round>1</round>
<failsafecounter/>
<players><player seat="10" name="Sottosalpontos" chips="545" dealer="0" win="0" bet="545" muck="0" rebuy="0" addon="0" merge="0" rebuychips="0" reg_code="5055783632"/>
<player seat="3" name="ilCapo6" chips="480" dealer="1" win="0" bet="85" muck="1" rebuy="0" addon="0" merge="0" rebuychips="0" reg_code="5055783378"/>
<player seat="6" name="Rakki" chips="475" dealer="0" win="1,035" bet="475" muck="0" rebuy="0" addon="0" merge="0" rebuychips="0" reg_code="5055783434"/>
</players>
</general>
<round no="0"><action no="1" player="Rakki" type="15" sum="5"/>
<action no="2" player="Sottosalpontos" type="15" discard="1" dealt="1" sum="5"/>
<action no="3" player="ilCapo6" type="15" discard="1" dealt="1" sum="5"/>
<action no="4" player="Rakki" type="1" sum="20"/>
<action no="5" player="Sottosalpontos" type="2" discard="1" dealt="1" sum="40"/>
</round>
<round no="1"><cards type="Pocket" player="ilCapo6">X X</cards>
<cards type="Pocket" player="Rakki">HQ DQ</cards>
<cards type="Pocket" player="Sottosalpontos">CK DA</cards>
<action no="6" player="ilCapo6" type="23" discard="1" dealt="1" sum="80"/>
<action no="7" player="Rakki" type="23" sum="470"/>
<action no="8" player="Sottosalpontos" type="7" discard="1" dealt="1" sum="500"/>
<action no="9" player="ilCapo6" type="0" discard="1" dealt="1" sum="0"/>
</round>
<round no="2"><cards type="Flop">C10 H3 D3</cards>
</round>
<round no="3"><cards type="Turn">C6</cards>
</round>
<round no="4"><cards type="River">H9</cards>
</round>
</game>
<game gamecode="6462359532"><general><startdate>2025-08-25 16:22:08</startdate>
<round>1</round>
<failsafecounter/>
<players><player seat="3" name="ilCapo6" chips="395" dealer="0" win="0" bet="70" muck="1" rebuy="0" addon="0" merge="0" rebuychips="0" reg_code="5055783378"/>
<player seat="6" name="Rakki" chips="1,035" dealer="1" win="0" bet="5" muck="1" rebuy="0" addon="0" merge="0" rebuychips="0" reg_code="5055783434"/>
<player seat="10" name="Sottosalpontos" chips="70" dealer="0" win="145" bet="70" muck="0" rebuy="0" addon="0" merge="0" rebuychips="0" reg_code="5055783632"/>
</players>
</general>
<round no="0"><action no="1" player="Sottosalpontos" type="15" discard="1" dealt="1" sum="5"/>
<action no="2" player="ilCapo6" type="15" discard="1" dealt="1" sum="5"/>
<action no="3" player="Rakki" type="15" sum="5"/>
<action no="4" player="Sottosalpontos" type="1" discard="1" dealt="1" sum="20"/>
<action no="5" player="ilCapo6" type="2" discard="1" dealt="1" sum="40"/>
</round>
<round no="1"><cards type="Pocket" player="Sottosalpontos">HA D6</cards>
<cards type="Pocket" player="ilCapo6">D8 HQ</cards>
<cards type="Pocket" player="Rakki">C3 C2</cards>
<action no="6" player="Rakki" type="0" sum="0"/>
<action no="7" player="Sottosalpontos" type="7" discard="1" dealt="1" sum="45"/>
<action no="8" player="ilCapo6" type="3" discard="1" dealt="1" sum="25"/>
</round>
<round no="2"><cards type="Flop">C10 S5 D3</cards>
</round>
<round no="3"><cards type="Turn">D5</cards>
</round>
<round no="4"><cards type="River">HK</cards>
</round>
</game>
<game gamecode="6462359583"><general><startdate>2025-08-25 16:22:28</startdate>
<round>1</round>
<failsafecounter/>
<players><player seat="6" name="Rakki" chips="1,030" dealer="0" win="327" bet="325" muck="0" rebuy="0" addon="0" merge="0" rebuychips="0" reg_code="5055783434"/>
<player seat="10" name="Sottosalpontos" chips="145" dealer="1" win="0" bet="5" muck="1" rebuy="0" addon="0" merge="0" rebuychips="0" reg_code="5055783632"/>
<player seat="3" name="ilCapo6" chips="325" dealer="0" win="328" bet="325" muck="0" rebuy="0" addon="0" merge="0" rebuychips="0" reg_code="5055783378"/>
</players>
</general>
<round no="0"><action no="1" player="ilCapo6" type="15" discard="1" dealt="1" sum="5"/>
<action no="2" player="Rakki" type="15" sum="5"/>
<action no="3" player="Sottosalpontos" type="15" discard="1" dealt="1" sum="5"/>
<action no="4" player="ilCapo6" type="1" discard="1" dealt="1" sum="20"/>
<action no="5" player="Rakki" type="2" sum="40"/>
</round>
<round no="1"><cards type="Pocket" player="Sottosalpontos">X X</cards>
<cards type="Pocket" player="Rakki">HA C6</cards>
<cards type="Pocket" player="ilCapo6">SA D5</cards>
<action no="6" player="Sottosalpontos" type="0" discard="1" dealt="1" sum="0"/>
<action no="7" player="ilCapo6" type="23" discard="1" dealt="1" sum="320"/>
<action no="8" player="Rakki" type="3" sum="280"/>
</round>
<round no="2"><cards type="Flop">HK S8 SJ</cards>
</round>
<round no="3"><cards type="Turn">D8</cards>
</round>
<round no="4"><cards type="River">H9</cards>
</round>
</game>
<game gamecode="6462359622"><general><startdate>2025-08-25 16:22:45</startdate>
<round>1</round>
<failsafecounter/>
<players><player seat="10" name="Sottosalpontos" chips="140" dealer="0" win="285" bet="140" muck="0" rebuy="0" addon="0" merge="0" rebuychips="0" reg_code="5055783632"/>
<player seat="3" name="ilCapo6" chips="328" dealer="1" win="0" bet="5" muck="1" rebuy="0" addon="0" merge="0" rebuychips="0" reg_code="5055783378"/>
<player seat="6" name="Rakki" chips="1,032" dealer="0" win="0" bet="1,032" muck="1" rebuy="0" addon="0" merge="0" rebuychips="0" reg_code="5055783434"/>
</players>
</general>
<round no="0"><action no="1" player="Rakki" type="15" sum="5"/>
<action no="2" player="Sottosalpontos" type="15" discard="1" dealt="1" sum="5"/>
<action no="3" player="ilCapo6" type="15" discard="1" dealt="1" sum="5"/>
<action no="4" player="Rakki" type="1" sum="20"/>
<action no="5" player="Sottosalpontos" type="2" discard="1" dealt="1" sum="40"/>
</round>
<round no="1"><cards type="Pocket" player="Rakki">DJ H9</cards>
<cards type="Pocket" player="Sottosalpontos">D3 DA</cards>
<cards type="Pocket" player="ilCapo6">X X</cards>
<action no="6" player="ilCapo6" type="0" discard="1" dealt="1" sum="0"/>
<action no="7" player="Rakki" type="23" sum="1,027"/>
<action no="8" player="Sottosalpontos" type="7" discard="1" dealt="1" sum="95"/>
</round>
<round no="2"><cards type="Flop">D2 C3 D7</cards>
</round>
<round no="3"><cards type="Turn">D5</cards>
</round>
<round no="4"><cards type="River">C2</cards>
</round>
</game>
<game gamecode="6462359688"><general><startdate>2025-08-25 16:23:09</startdate>
<round>1</round>
<failsafecounter/>
<players><player seat="3" name="ilCapo6" chips="323" dealer="0" win="575" bet="285" muck="0" rebuy="0" addon="0" merge="0" rebuychips="0" reg_code="5055783378"/>
<player seat="6" name="Rakki" chips="892" dealer="1" win="0" bet="5" muck="1" rebuy="0" addon="0" merge="0" rebuychips="0" reg_code="5055783434"/>
<player seat="10" name="Sottosalpontos" chips="285" dealer="0" win="0" bet="285" muck="0" rebuy="0" addon="0" merge="0" rebuychips="0" reg_code="5055783632"/>
</players>
</general>
<round no="0"><action no="1" player="Sottosalpontos" type="15" discard="1" dealt="1" sum="5"/>
<action no="2" player="ilCapo6" type="15" discard="1" dealt="1" sum="5"/>
<action no="3" player="Rakki" type="15" sum="5"/>
<action no="4" player="Sottosalpontos" type="1" discard="1" dealt="1" sum="30"/>
<action no="5" player="ilCapo6" type="2" discard="1" dealt="1" sum="60"/>
</round>
<round no="1"><cards type="Pocket" player="ilCapo6">SA CA</cards>
<cards type="Pocket" player="Sottosalpontos">S10 DQ</cards>
<cards type="Pocket" player="Rakki">C2 H7</cards>
<action no="6" player="Rakki" type="0" sum="0"/>
<action no="7" player="Sottosalpontos" type="23" discard="1" dealt="1" sum="280"/>
<action no="8" player="ilCapo6" type="3" discard="1" dealt="1" sum="220"/>
</round>
<round no="2"><cards type="Flop">D6 S8 S5</cards>
</round>
<round no="3"><cards type="Turn">H8</cards>
</round>
<round no="4"><cards type="River">SQ</cards>
</round>
</game>
<game gamecode="6462359736"><general><startdate>2025-08-25 16:23:27</startdate>
<round>1</round>
<failsafecounter/>
<players><player seat="6" name="Rakki" chips="887" dealer="0" win="0" bet="613" muck="1" rebuy="0" addon="0" merge="0" rebuychips="0" reg_code="5055783434"/>
<player seat="3" name="ilCapo6" chips="613" dealer="1" win="1,226" bet="613" muck="0" rebuy="0" addon="0" merge="0" rebuychips="0" reg_code="5055783378"/>
</players>
</general>
<round no="0"><action no="1" player="ilCapo6" type="15" discard="1" dealt="1" sum="5"/>
<action no="2" player="Rakki" type="15" sum="5"/>
<action no="3" player="ilCapo6" type="1" discard="1" dealt="1" sum="30"/>
<action no="4" player="Rakki" type="2" sum="60"/>
</round>
<round no="1"><cards type="Pocket" player="ilCapo6">D9 H9</cards>
<cards type="Pocket" player="Rakki">H6 H3</cards>
<action no="5" player="ilCapo6" type="3" discard="1" dealt="1" sum="30"/>
<action no="6" player="Rakki" type="4" sum="0"/>
</round>
<round no="2"><cards type="Flop">D6 HK H5</cards>
<action no="7" player="Rakki" type="4" sum="0"/>
<action no="8" player="ilCapo6" type="5" discard="1" dealt="1" sum="97"/>
<action no="9" player="Rakki" type="3" sum="97"/>
</round>
<round no="3"><cards type="Turn">C4</cards>
<action no="10" player="Rakki" type="5" sum="81"/>
<action no="11" player="ilCapo6" type="23" discard="1" dealt="1" sum="451"/>
<action no="12" player="Rakki" type="3" sum="370"/>
</round>
<round no="4"><cards type="River">CK</cards>
</round>
</game>
<game gamecode="6462365901"><general><startdate>2025-08-25 16:24:12</startdate>
<round>1</round>
<failsafecounter/>
<players><player seat="3" name="ilCapo6" chips="1,226" dealer="0" win="70" bet="65" muck="1" rebuy="0" addon="0" merge="0" rebuychips="0" reg_code="5055783378"/>
<player seat="6" name="Rakki" chips="274" dealer="1" win="0" bet="35" muck="1" rebuy="0" addon="0" merge="0" rebuychips="0" reg_code="5055783434"/>
</players>
</general>
<round no="0"><action no="1" player="Rakki" type="15" sum="5"/>
<action no="2" player="ilCapo6" type="15" discard="1" dealt="1" sum="5"/>
<action no="3" player="Rakki" type="1" sum="30"/>
<action no="4" player="ilCapo6" type="2" discard="1" dealt="1" sum="60"/>
</round>
<round no="1"><cards type="Pocket" player="ilCapo6">X X</cards>
<cards type="Pocket" player="Rakki">S2 H3</cards>
<action no="5" player="Rakki" type="0" sum="0"/>
</round>
</game>
<game gamecode="6462365920"><general><startdate>2025-08-25 16:24:18</startdate>
<round>1</round>
<failsafecounter/>
<players><player seat="6" name="Rakki" chips="239" dealer="0" win="478" bet="239" muck="0" rebuy="0" addon="0" merge="0" rebuychips="0" reg_code="5055783434"/>
<player seat="3" name="ilCapo6" chips="1,261" dealer="1" win="0" bet="1,261" muck="0" rebuy="0" addon="0" merge="0" rebuychips="0" reg_code="5055783378"/>
</players>
</general>
<round no="0"><action no="1" player="ilCapo6" type="15" discard="1" dealt="1" sum="5"/>
<action no="2" player="Rakki" type="15" sum="5"/>
<action no="3" player="ilCapo6" type="1" discard="1" dealt="1" sum="30"/>
<action no="4" player="Rakki" type="2" sum="60"/>
</round>
<round no="1"><cards type="Pocket" player="Rakki">H3 H8</cards>
<cards type="Pocket" player="ilCapo6">DA S9</cards>
<action no="5" player="ilCapo6" type="23" discard="1" dealt="1" sum="1,256"/>
<action no="6" player="Rakki" type="7" sum="174"/>
</round>
<round no="2"><cards type="Flop">HA C5 S2</cards>
</round>
<round no="3"><cards type="Turn">S4</cards>
</round>
<round no="4"><cards type="River">D7</cards>
</round>
</game>
<game gamecode="6462365964"><general><startdate>2025-08-25 16:24:35</startdate>
<round>1</round>
<failsafecounter/>
<players><player seat="3" name="ilCapo6" chips="1,022" dealer="0" win="956" bet="478" muck="0" rebuy="0" addon="0" merge="0" rebuychips="0" reg_code="5055783378"/>
<player seat="6" name="Rakki" chips="478" dealer="1" win="0" bet="478" muck="0" rebuy="0" addon="0" merge="0" rebuychips="0" reg_code="5055783434"/>
</players>
</general>
<round no="0"><action no="1" player="Rakki" type="15" sum="5"/>
<action no="2" player="ilCapo6" type="15" discard="1" dealt="1" sum="5"/>
<action no="3" player="Rakki" type="1" sum="30"/>
<action no="4" player="ilCapo6" type="2" discard="1" dealt="1" sum="60"/>
</round>
<round no="1"><cards type="Pocket" player="ilCapo6">SJ CJ</cards>
<cards type="Pocket" player="Rakki">SQ C3</cards>
<action no="5" player="Rakki" type="23" sum="473"/>
<action no="6" player="ilCapo6" type="3" discard="1" dealt="1" sum="413"/>
</round>
<round no="2"><cards type="Flop">C7 H10 H9</cards>
</round>
<round no="3"><cards type="Turn">D10</cards>
</round>
<round no="4"><cards type="River">H5</cards>
</round>
</game>
</session>
