<?xml version="1.0" encoding="UTF-8"?>
<session sessioncode="5055678340">
<general>
<client_version>25.1.1.16</client_version>
<mode>real</mode>
<gametype>Holdem NL</gametype>
<tablename>Twister €100 SNG, 816432881</tablename>
<tournamentcode>816432880</tournamentcode>
<tournamentname>Twister €100 SNG</tournamentname>
<buyin>€0 + €7 + €93</buyin>
<totalbuyin>€100</totalbuyin>
<rewarddrawn>€300</rewarddrawn>
<tournamentcurrency>EUR</tournamentcurrency>
<currency>EUR</currency>
<nickname>Rakki</nickname>
<gamecount>30</gamecount>
<startdate>2025-08-24 23:39:05</startdate>
<place>2</place>
<win>€0</win>
<tablesize>3</tablesize>
</general>
<game gamecode="6461915404"><general><startdate>2025-08-24 23:39:20</startdate>
<round>1</round>
<failsafecounter/>
<players><player seat="6" name="Rakki" chips="500" dealer="0" win="0" bet="20" muck="1" rebuy="0" addon="0" merge="0" rebuychips="0" reg_code="5055678340"/>
<player seat="10" name="SVlucastella91" chips="500" dealer="1" win="50" bet="60" muck="1" rebuy="0" addon="0" merge="0" rebuychips="0" reg_code="5055678743"/>
<player seat="3" name="OndaBianca1" chips="500" dealer="0" win="0" bet="10" muck="1" rebuy="0" addon="0" merge="0" rebuychips="0" reg_code="5055677129"/>
</players>
</general>
<round no="0"><action no="1" player="OndaBianca1" type="1" discard="1" dealt="1" sum="10"/>
<action no="2" player="Rakki" type="2" sum="20"/>
</round>
<round no="1"><cards type="Pocket" player="OndaBianca1">X X</cards>
<cards type="Pocket" player="Rakki">HK C4</cards>
<cards type="Pocket" player="SVlucastella91">X X</cards>
<action no="3" player="SVlucastella91" type="23" discard="1" dealt="1" sum="60"/>
<action no="4" player="OndaBianca1" type="0" discard="1" dealt="1" sum="0"/>
<action no="5" player="Rakki" type="0" sum="0"/>
</round>
</game>
<game gamecode="6461915430"><general><startdate>2025-08-24 23:39:35</startdate>
<round>1</round>
<failsafecounter/>
<players><player seat="10" name="SVlucastella91" chips="530" dealer="0" win="90" bet="60" muck="1" rebuy="0" addon="0" merge="0" rebuychips="0" reg_code="5055678743"/>
<player seat="3" name="OndaBianca1" chips="490" dealer="1" win="0" bet="40" muck="1" rebuy="0" addon="0" merge="0" rebuychips="0" reg_code="5055677129"/>
<player seat="6" name="Rakki" chips="480" dealer="0" win="0" bet="10" muck="1" rebuy="0" addon="0" merge="0" rebuychips="0" reg_code="5055678340"/>
</players>
</general>
<round no="0"><action no="1" player="Rakki" type="1" sum="10"/>
<action no="2" player="SVlucastella91" type="2" discard="1" dealt="1" sum="20"/>
</round>
<round no="1"><cards type="Pocket" player="OndaBianca1">X X</cards>
<cards type="Pocket" player="Rakki">SQ H7</cards>
<cards type="Pocket" player="SVlucastella91">X X</cards>
<action no="3" player="OndaBianca1" type="23" discard="1" dealt="1" sum="40"/>
<action no="4" player="Rakki" type="0" sum="0"/>
<action no="5" player="SVlucastella91" type="3" discard="1" dealt="1" sum="20"/>
</round>
<round no="2"><cards type="Flop">S4 D4 D6</cards>
<action no="6" player="SVlucastella91" type="5" discard="1" dealt="1" sum="20"/>
<action no="7" player="OndaBianca1" type="0" discard="1" dealt="1" sum="0"/>
</round>
</game>
<game gamecode="6461915477"><general><startdate>2025-08-24 23:40:05</startdate>
<round>1</round>
<failsafecounter/>
<players><player seat="3" name="OndaBianca1" chips="450" dealer="0" win="0" bet="20" muck="1" rebuy="0" addon="0" merge="0" rebuychips="0" reg_code="5055677129"/>
<player seat="6" name="Rakki" chips="470" dealer="1" win="50" bet="40" muck="1" rebuy="0" addon="0" merge="0" rebuychips="0" reg_code="5055678340"/>
<player seat="10" name="SVlucastella91" chips="580" dealer="0" win="0" bet="10" muck="1" rebuy="0" addon="0" merge="0" rebuychips="0" reg_code="5055678743"/>
</players>
</general>
<round no="0"><action no="1" player="SVlucastella91" type="1" discard="1" dealt="1" sum="10"/>
<action no="2" player="OndaBianca1" type="2" discard="1" dealt="1" sum="20"/>
</round>
<round no="1"><cards type="Pocket" player="Rakki">D5 CA</cards>
<cards type="Pocket" player="SVlucastella91">X X</cards>
<cards type="Pocket" player="OndaBianca1">X X</cards>
<action no="3" player="Rakki" type="23" sum="40"/>
<action no="4" player="SVlucastella91" type="0" discard="1" dealt="1" sum="0"/>
<action no="5" player="OndaBianca1" type="0" discard="1" dealt="1" sum="0"/>
</round>
</game>
<game gamecode="6461915496"><general><startdate>2025-08-24 23:40:14</startdate>
<round>1</round>
<failsafecounter/>
<players><player seat="6" name="Rakki" chips="500" dealer="0" win="0" bet="220" muck="1" rebuy="0" addon="0" merge="0" rebuychips="0" reg_code="5055678340"/>
<player seat="10" name="SVlucastella91" chips="570" dealer="1" win="450" bet="220" muck="0" rebuy="0" addon="0" merge="0" rebuychips="0" reg_code="5055678743"/>
<player seat="3" name="OndaBianca1" chips="430" dealer="0" win="0" bet="10" muck="1" rebuy="0" addon="0" merge="0" rebuychips="0" reg_code="5055677129"/>
</players>
</general>
<round no="0"><action no="1" player="OndaBianca1" type="1" discard="1" dealt="1" sum="10"/>
<action no="2" player="Rakki" type="2" sum="20"/>
</round>
<round no="1"><cards type="Pocket" player="Rakki">H10 H9</cards>
<cards type="Pocket" player="OndaBianca1">X X</cards>
<cards type="Pocket" player="SVlucastella91">SJ CA</cards>
<action no="3" player="SVlucastella91" type="23" discard="1" dealt="1" sum="80"/>
<action no="4" player="OndaBianca1" type="0" discard="1" dealt="1" sum="0"/>
<action no="5" player="Rakki" type="3" sum="60"/>
</round>
<round no="2"><cards type="Flop">C9 C4 C10</cards>
<action no="6" player="Rakki" type="4" sum="0"/>
<action no="7" player="SVlucastella91" type="4" discard="1" dealt="1" sum="0"/>
</round>
<round no="3"><cards type="Turn">H8</cards>
<action no="8" player="Rakki" type="5" sum="140"/>
<action no="9" player="SVlucastella91" type="3" discard="1" dealt="1" sum="140"/>
</round>
<round no="4"><cards type="River">S7</cards>
<action no="10" player="Rakki" type="4" sum="0"/>
<action no="11" player="SVlucastella91" type="4" discard="1" dealt="1" sum="0"/>
</round>
</game>
<game gamecode="6461915532"><general><startdate>2025-08-24 23:40:38</startdate>
<round>1</round>
<failsafecounter/>
<players><player seat="10" name="SVlucastella91" chips="800" dealer="0" win="90" bet="800" muck="1" rebuy="0" addon="0" merge="0" rebuychips="0" reg_code="5055678743"/>
<player seat="3" name="OndaBianca1" chips="420" dealer="1" win="0" bet="40" muck="1" rebuy="0" addon="0" merge="0" rebuychips="0" reg_code="5055677129"/>
<player seat="6" name="Rakki" chips="280" dealer="0" win="0" bet="10" muck="1" rebuy="0" addon="0" merge="0" rebuychips="0" reg_code="5055678340"/>
</players>
</general>
<round no="0"><action no="1" player="Rakki" type="1" sum="10"/>
<action no="2" player="SVlucastella91" type="2" discard="1" dealt="1" sum="20"/>
</round>
<round no="1"><cards type="Pocket" player="OndaBianca1">X X</cards>
<cards type="Pocket" player="Rakki">D2 SA</cards>
<cards type="Pocket" player="SVlucastella91">X X</cards>
<action no="3" player="OndaBianca1" type="23" discard="1" dealt="1" sum="40"/>
<action no="4" player="Rakki" type="0" sum="0"/>
<action no="5" player="SVlucastella91" type="23" discard="1" dealt="1" sum="800"/>
<action no="6" player="OndaBianca1" type="0" discard="1" dealt="1" sum="0"/>
</round>
</game>
<game gamecode="6461915556"><general><startdate>2025-08-24 23:40:52</startdate>
<round>1</round>
<failsafecounter/>
<players><player seat="3" name="OndaBianca1" chips="380" dealer="0" win="0" bet="20" muck="1" rebuy="0" addon="0" merge="0" rebuychips="0" reg_code="5055677129"/>
<player seat="6" name="Rakki" chips="270" dealer="1" win="0" bet="0" muck="1" rebuy="0" addon="0" merge="0" rebuychips="0" reg_code="5055678340"/>
<player seat="10" name="SVlucastella91" chips="850" dealer="0" win="40" bet="80" muck="1" rebuy="0" addon="0" merge="0" rebuychips="0" reg_code="5055678743"/>
</players>
</general>
<round no="0"><action no="1" player="SVlucastella91" type="1" discard="1" dealt="1" sum="10"/>
<action no="2" player="OndaBianca1" type="2" discard="1" dealt="1" sum="20"/>
</round>
<round no="1"><cards type="Pocket" player="Rakki">DQ H7</cards>
<cards type="Pocket" player="SVlucastella91">X X</cards>
<cards type="Pocket" player="OndaBianca1">X X</cards>
<action no="3" player="Rakki" type="0" sum="0"/>
<action no="4" player="SVlucastella91" type="23" discard="1" dealt="1" sum="80"/>
<action no="5" player="OndaBianca1" type="0" discard="1" dealt="1" sum="0"/>
</round>
</game>
<game gamecode="6461915577"><general><startdate>2025-08-24 23:41:04</startdate>
<round>1</round>
<failsafecounter/>
<players><player seat="6" name="Rakki" chips="270" dealer="0" win="75" bet="65" muck="1" rebuy="0" addon="0" merge="0" rebuychips="0" reg_code="5055678340"/>
<player seat="10" name="SVlucastella91" chips="870" dealer="1" win="0" bet="5" muck="1" rebuy="0" addon="0" merge="0" rebuychips="0" reg_code="5055678743"/>
<player seat="3" name="OndaBianca1" chips="360" dealer="0" win="0" bet="35" muck="1" rebuy="0" addon="0" merge="0" rebuychips="0" reg_code="5055677129"/>
</players>
</general>
<round no="0"><action no="1" player="OndaBianca1" type="15" discard="1" dealt="1" sum="5"/>
<action no="2" player="Rakki" type="15" sum="5"/>
<action no="3" player="SVlucastella91" type="15" discard="1" dealt="1" sum="5"/>
<action no="4" player="OndaBianca1" type="1" discard="1" dealt="1" sum="15"/>
<action no="5" player="Rakki" type="2" sum="30"/>
</round>
<round no="1"><cards type="Pocket" player="SVlucastella91">X X</cards>
<cards type="Pocket" player="Rakki">H4 S8</cards>
<cards type="Pocket" player="OndaBianca1">X X</cards>
<action no="6" player="SVlucastella91" type="0" discard="1" dealt="1" sum="0"/>
<action no="7" player="OndaBianca1" type="3" discard="1" dealt="1" sum="15"/>
<action no="8" player="Rakki" type="4" sum="0"/>
</round>
<round no="2"><cards type="Flop">D8 S2 H8</cards>
<action no="9" player="OndaBianca1" type="4" discard="1" dealt="1" sum="0"/>
<action no="10" player="Rakki" type="5" sum="30"/>
<action no="11" player="OndaBianca1" type="0" discard="1" dealt="1" sum="0"/>
</round>
</game>
<game gamecode="6461915611"><general><startdate>2025-08-24 23:41:28</startdate>
<round>1</round>
<failsafecounter/>
<players><player seat="10" name="SVlucastella91" chips="865" dealer="0" win="0" bet="35" muck="1" rebuy="0" addon="0" merge="0" rebuychips="0" reg_code="5055678743"/>
<player seat="3" name="OndaBianca1" chips="325" dealer="1" win="0" bet="5" muck="1" rebuy="0" addon="0" merge="0" rebuychips="0" reg_code="5055677129"/>
<player seat="6" name="Rakki" chips="310" dealer="0" win="75" bet="310" muck="1" rebuy="0" addon="0" merge="0" rebuychips="0" reg_code="5055678340"/>
</players>
</general>
<round no="0"><action no="1" player="Rakki" type="15" sum="5"/>
<action no="2" player="SVlucastella91" type="15" discard="1" dealt="1" sum="5"/>
<action no="3" player="OndaBianca1" type="15" discard="1" dealt="1" sum="5"/>
<action no="4" player="Rakki" type="1" sum="15"/>
<action no="5" player="SVlucastella91" type="2" discard="1" dealt="1" sum="30"/>
</round>
<round no="1"><cards type="Pocket" player="Rakki">D9 CQ</cards>
<cards type="Pocket" player="SVlucastella91">X X</cards>
<cards type="Pocket" player="OndaBianca1">X X</cards>
<action no="6" player="OndaBianca1" type="0" discard="1" dealt="1" sum="0"/>
<action no="7" player="Rakki" type="23" sum="305"/>
<action no="8" player="SVlucastella91" type="0" discard="1" dealt="1" sum="0"/>
</round>
</game>
<game gamecode="6461915631"><general><startdate>2025-08-24 23:41:41</startdate>
<round>1</round>
<failsafecounter/>
<players><player seat="3" name="OndaBianca1" chips="320" dealer="0" win="0" bet="35" muck="1" rebuy="0" addon="0" merge="0" rebuychips="0" reg_code="5055677129"/>
<player seat="6" name="Rakki" chips="350" dealer="1" win="0" bet="5" muck="1" rebuy="0" addon="0" merge="0" rebuychips="0" reg_code="5055678340"/>
<player seat="10" name="SVlucastella91" chips="830" dealer="0" win="75" bet="125" muck="1" rebuy="0" addon="0" merge="0" rebuychips="0" reg_code="5055678743"/>
</players>
</general>
<round no="0"><action no="1" player="SVlucastella91" type="15" discard="1" dealt="1" sum="5"/>
<action no="2" player="OndaBianca1" type="15" discard="1" dealt="1" sum="5"/>
<action no="3" player="Rakki" type="15" sum="5"/>
<action no="4" player="SVlucastella91" type="1" discard="1" dealt="1" sum="15"/>
<action no="5" player="OndaBianca1" type="2" discard="1" dealt="1" sum="30"/>
</round>
<round no="1"><cards type="Pocket" player="Rakki">H5 D9</cards>
<cards type="Pocket" player="OndaBianca1">X X</cards>
<cards type="Pocket" player="SVlucastella91">X X</cards>
<action no="6" player="Rakki" type="0" sum="0"/>
<action no="7" player="SVlucastella91" type="23" discard="1" dealt="1" sum="120"/>
<action no="8" player="OndaBianca1" type="0" discard="1" dealt="1" sum="0"/>
</round>
</game>
<game gamecode="6461915643"><general><startdate>2025-08-24 23:41:50</startdate>
<round>1</round>
<failsafecounter/>
<players><player seat="6" name="Rakki" chips="345" dealer="0" win="45" bet="35" muck="1" rebuy="0" addon="0" merge="0" rebuychips="0" reg_code="5055678340"/>
<player seat="10" name="SVlucastella91" chips="870" dealer="1" win="0" bet="5" muck="1" rebuy="0" addon="0" merge="0" rebuychips="0" reg_code="5055678743"/>
<player seat="3" name="OndaBianca1" chips="285" dealer="0" win="0" bet="20" muck="1" rebuy="0" addon="0" merge="0" rebuychips="0" reg_code="5055677129"/>
</players>
</general>
<round no="0"><action no="1" player="OndaBianca1" type="15" discard="1" dealt="1" sum="5"/>
<action no="2" player="Rakki" type="15" sum="5"/>
<action no="3" player="SVlucastella91" type="15" discard="1" dealt="1" sum="5"/>
<action no="4" player="OndaBianca1" type="1" discard="1" dealt="1" sum="15"/>
<action no="5" player="Rakki" type="2" sum="30"/>
</round>
<round no="1"><cards type="Pocket" player="Rakki">HQ S6</cards>
<cards type="Pocket" player="OndaBianca1">X X</cards>
<cards type="Pocket" player="SVlucastella91">X X</cards>
<action no="6" player="SVlucastella91" type="0" discard="1" dealt="1" sum="0"/>
<action no="7" player="OndaBianca1" type="0" discard="1" dealt="1" sum="0"/>
</round>
</game>
<game gamecode="6461915657"><general><startdate>2025-08-24 23:41:57</startdate>
<round>1</round>
<failsafecounter/>
<players><player seat="10" name="SVlucastella91" chips="865" dealer="0" win="0" bet="35" muck="1" rebuy="0" addon="0" merge="0" rebuychips="0" reg_code="5055678743"/>
<player seat="3" name="OndaBianca1" chips="265" dealer="1" win="0" bet="5" muck="1" rebuy="0" addon="0" merge="0" rebuychips="0" reg_code="5055677129"/>
<player seat="6" name="Rakki" chips="370" dealer="0" win="75" bet="370" muck="1" rebuy="0" addon="0" merge="0" rebuychips="0" reg_code="5055678340"/>
</players>
</general>
<round no="0"><action no="1" player="Rakki" type="15" sum="5"/>
<action no="2" player="SVlucastella91" type="15" discard="1" dealt="1" sum="5"/>
<action no="3" player="OndaBianca1" type="15" discard="1" dealt="1" sum="5"/>
<action no="4" player="Rakki" type="1" sum="15"/>
<action no="5" player="SVlucastella91" type="2" discard="1" dealt="1" sum="30"/>
</round>
<round no="1"><cards type="Pocket" player="SVlucastella91">X X</cards>
<cards type="Pocket" player="OndaBianca1">X X</cards>
<cards type="Pocket" player="Rakki">D8 H10</cards>
<action no="6" player="OndaBianca1" type="0" discard="1" dealt="1" sum="0"/>
<action no="7" player="Rakki" type="23" sum="365"/>
<action no="8" player="SVlucastella91" type="0" discard="1" dealt="1" sum="0"/>
</round>
</game>
<game gamecode="6461915677"><general><startdate>2025-08-24 23:42:08</startdate>
<round>1</round>
<failsafecounter/>
<players><player seat="3" name="OndaBianca1" chips="260" dealer="0" win="45" bet="35" muck="1" rebuy="0" addon="0" merge="0" rebuychips="0" reg_code="5055677129"/>
<player seat="6" name="Rakki" chips="410" dealer="1" win="0" bet="5" muck="1" rebuy="0" addon="0" merge="0" rebuychips="0" reg_code="5055678340"/>
<player seat="10" name="SVlucastella91" chips="830" dealer="0" win="0" bet="20" muck="1" rebuy="0" addon="0" merge="0" rebuychips="0" reg_code="5055678743"/>
</players>
</general>
<round no="0"><action no="1" player="SVlucastella91" type="15" discard="1" dealt="1" sum="5"/>
<action no="2" player="OndaBianca1" type="15" discard="1" dealt="1" sum="5"/>
<action no="3" player="Rakki" type="15" sum="5"/>
<action no="4" player="SVlucastella91" type="1" discard="1" dealt="1" sum="15"/>
<action no="5" player="OndaBianca1" type="2" discard="1" dealt="1" sum="30"/>
</round>
<round no="1"><cards type="Pocket" player="Rakki">H4 SK</cards>
<cards type="Pocket" player="SVlucastella91">X X</cards>
<cards type="Pocket" player="OndaBianca1">X X</cards>
<action no="6" player="Rakki" type="0" sum="0"/>
<action no="7" player="SVlucastella91" type="0" discard="1" dealt="1" sum="0"/>
</round>
</game>
<game gamecode="6461915685"><general><startdate>2025-08-24 23:42:15</startdate>
<round>1</round>
<failsafecounter/>
<players><player seat="6" name="Rakki" chips="405" dealer="0" win="0" bet="35" muck="1" rebuy="0" addon="0" merge="0" rebuychips="0" reg_code="5055678340"/>
<player seat="10" name="SVlucastella91" chips="810" dealer="1" win="90" bet="810" muck="1" rebuy="0" addon="0" merge="0" rebuychips="0" reg_code="5055678743"/>
<player seat="3" name="OndaBianca1" chips="285" dealer="0" win="0" bet="20" muck="1" rebuy="0" addon="0" merge="0" rebuychips="0" reg_code="5055677129"/>
</players>
</general>
<round no="0"><action no="1" player="OndaBianca1" type="15" discard="1" dealt="1" sum="5"/>
<action no="2" player="Rakki" type="15" sum="5"/>
<action no="3" player="SVlucastella91" type="15" discard="1" dealt="1" sum="5"/>
<action no="4" player="OndaBianca1" type="1" discard="1" dealt="1" sum="15"/>
<action no="5" player="Rakki" type="2" sum="30"/>
</round>
<round no="1"><cards type="Pocket" player="OndaBianca1">X X</cards>
<cards type="Pocket" player="Rakki">C6 H2</cards>
<cards type="Pocket" player="SVlucastella91">X X</cards>
<action no="6" player="SVlucastella91" type="23" discard="1" dealt="1" sum="805"/>
<action no="7" player="OndaBianca1" type="0" discard="1" dealt="1" sum="0"/>
<action no="8" player="Rakki" type="0" sum="0"/>
</round>
</game>
<game gamecode="6461915702"><general><startdate>2025-08-24 23:42:26</startdate>
<round>1</round>
<failsafecounter/>
<players><player seat="10" name="SVlucastella91" chips="865" dealer="0" win="0" bet="98" muck="1" rebuy="0" addon="0" merge="0" rebuychips="0" reg_code="5055678743"/>
<player seat="3" name="OndaBianca1" chips="265" dealer="1" win="0" bet="5" muck="1" rebuy="0" addon="0" merge="0" rebuychips="0" reg_code="5055677129"/>
<player seat="6" name="Rakki" chips="370" dealer="0" win="201" bet="248" muck="1" rebuy="0" addon="0" merge="0" rebuychips="0" reg_code="5055678340"/>
</players>
</general>
<round no="0"><action no="1" player="Rakki" type="15" sum="5"/>
<action no="2" player="SVlucastella91" type="15" discard="1" dealt="1" sum="5"/>
<action no="3" player="OndaBianca1" type="15" discard="1" dealt="1" sum="5"/>
<action no="4" player="Rakki" type="1" sum="15"/>
<action no="5" player="SVlucastella91" type="2" discard="1" dealt="1" sum="30"/>
</round>
<round no="1"><cards type="Pocket" player="Rakki">SJ DJ</cards>
<cards type="Pocket" player="SVlucastella91">X X</cards>
<cards type="Pocket" player="OndaBianca1">X X</cards>
<action no="6" player="OndaBianca1" type="0" discard="1" dealt="1" sum="0"/>
<action no="7" player="Rakki" type="23" sum="60"/>
<action no="8" player="SVlucastella91" type="3" discard="1" dealt="1" sum="30"/>
</round>
<round no="2"><cards type="Flop">H3 S8 D2</cards>
<action no="9" player="Rakki" type="5" sum="33"/>
<action no="10" player="SVlucastella91" type="3" discard="1" dealt="1" sum="33"/>
</round>
<round no="3"><cards type="Turn">H10</cards>
<action no="11" player="Rakki" type="4" sum="0"/>
<action no="12" player="SVlucastella91" type="4" discard="1" dealt="1" sum="0"/>
</round>
<round no="4"><cards type="River">H9</cards>
<action no="13" player="Rakki" type="5" sum="150"/>
<action no="14" player="SVlucastella91" type="0" discard="1" dealt="1" sum="0"/>
</round>
</game>
<game gamecode="6461915727"><general><startdate>2025-08-24 23:42:44</startdate>
<round>1</round>
<failsafecounter/>
<players><player seat="3" name="OndaBianca1" chips="260" dealer="0" win="0" bet="45" muck="1" rebuy="0" addon="0" merge="0" rebuychips="0" reg_code="5055677129"/>
<player seat="6" name="Rakki" chips="473" dealer="1" win="0" bet="5" muck="1" rebuy="0" addon="0" merge="0" rebuychips="0" reg_code="5055678340"/>
<player seat="10" name="SVlucastella91" chips="767" dealer="0" win="95" bet="85" muck="1" rebuy="0" addon="0" merge="0" rebuychips="0" reg_code="5055678743"/>
</players>
</general>
<round no="0"><action no="1" player="SVlucastella91" type="15" discard="1" dealt="1" sum="5"/>
<action no="2" player="OndaBianca1" type="15" discard="1" dealt="1" sum="5"/>
<action no="3" player="Rakki" type="15" sum="5"/>
<action no="4" player="SVlucastella91" type="1" discard="1" dealt="1" sum="20"/>
<action no="5" player="OndaBianca1" type="2" discard="1" dealt="1" sum="40"/>
</round>
<round no="1"><cards type="Pocket" player="Rakki">HK C8</cards>
<cards type="Pocket" player="SVlucastella91">X X</cards>
<cards type="Pocket" player="OndaBianca1">X X</cards>
<action no="6" player="Rakki" type="0" sum="0"/>
<action no="7" player="SVlucastella91" type="3" discard="1" dealt="1" sum="20"/>
<action no="8" player="OndaBianca1" type="4" discard="1" dealt="1" sum="0"/>
</round>
<round no="2"><cards type="Flop">C7 DJ D7</cards>
<action no="9" player="SVlucastella91" type="5" discard="1" dealt="1" sum="40"/>
<action no="10" player="OndaBianca1" type="0" discard="1" dealt="1" sum="0"/>
</round>
</game>
<game gamecode="6461915756"><general><startdate>2025-08-24 23:43:09</startdate>
<round>1</round>
<failsafecounter/>
<players><player seat="6" name="Rakki" chips="468" dealer="0" win="55" bet="45" muck="1" rebuy="0" addon="0" merge="0" rebuychips="0" reg_code="5055678340"/>
<player seat="10" name="SVlucastella91" chips="817" dealer="1" win="0" bet="5" muck="1" rebuy="0" addon="0" merge="0" rebuychips="0" reg_code="5055678743"/>
<player seat="3" name="OndaBianca1" chips="215" dealer="0" win="0" bet="25" muck="1" rebuy="0" addon="0" merge="0" rebuychips="0" reg_code="5055677129"/>
</players>
</general>
<round no="0"><action no="1" player="OndaBianca1" type="15" discard="1" dealt="1" sum="5"/>
<action no="2" player="Rakki" type="15" sum="5"/>
<action no="3" player="SVlucastella91" type="15" discard="1" dealt="1" sum="5"/>
<action no="4" player="OndaBianca1" type="1" discard="1" dealt="1" sum="20"/>
<action no="5" player="Rakki" type="2" sum="40"/>
</round>
<round no="1"><cards type="Pocket" player="Rakki">D6 S7</cards>
<cards type="Pocket" player="OndaBianca1">X X</cards>
<cards type="Pocket" player="SVlucastella91">X X</cards>
<action no="6" player="SVlucastella91" type="0" discard="1" dealt="1" sum="0"/>
<action no="7" player="OndaBianca1" type="0" discard="1" dealt="1" sum="0"/>
</round>
</game>
<game gamecode="6461915760"><general><startdate>2025-08-24 23:43:15</startdate>
<round>1</round>
<failsafecounter/>
<players><player seat="10" name="SVlucastella91" chips="812" dealer="0" win="55" bet="45" muck="1" rebuy="0" addon="0" merge="0" rebuychips="0" reg_code="5055678743"/>
<player seat="3" name="OndaBianca1" chips="190" dealer="1" win="0" bet="5" muck="1" rebuy="0" addon="0" merge="0" rebuychips="0" reg_code="5055677129"/>
<player seat="6" name="Rakki" chips="498" dealer="0" win="0" bet="25" muck="1" rebuy="0" addon="0" merge="0" rebuychips="0" reg_code="5055678340"/>
</players>
</general>
<round no="0"><action no="1" player="Rakki" type="15" sum="5"/>
<action no="2" player="SVlucastella91" type="15" discard="1" dealt="1" sum="5"/>
<action no="3" player="OndaBianca1" type="15" discard="1" dealt="1" sum="5"/>
<action no="4" player="Rakki" type="1" sum="20"/>
<action no="5" player="SVlucastella91" type="2" discard="1" dealt="1" sum="40"/>
</round>
<round no="1"><cards type="Pocket" player="OndaBianca1">X X</cards>
<cards type="Pocket" player="Rakki">D8 H2</cards>
<cards type="Pocket" player="SVlucastella91">X X</cards>
<action no="6" player="OndaBianca1" type="0" discard="1" dealt="1" sum="0"/>
<action no="7" player="Rakki" type="0" sum="0"/>
</round>
</game>
<game gamecode="6461915769"><general><startdate>2025-08-24 23:43:23</startdate>
<round>1</round>
<failsafecounter/>
<players><player seat="3" name="OndaBianca1" chips="185" dealer="0" win="55" bet="45" muck="1" rebuy="0" addon="0" merge="0" rebuychips="0" reg_code="5055677129"/>
<player seat="6" name="Rakki" chips="473" dealer="1" win="0" bet="5" muck="1" rebuy="0" addon="0" merge="0" rebuychips="0" reg_code="5055678340"/>
<player seat="10" name="SVlucastella91" chips="842" dealer="0" win="0" bet="25" muck="1" rebuy="0" addon="0" merge="0" rebuychips="0" reg_code="5055678743"/>
</players>
</general>
<round no="0"><action no="1" player="SVlucastella91" type="15" discard="1" dealt="1" sum="5"/>
<action no="2" player="OndaBianca1" type="15" discard="1" dealt="1" sum="5"/>
<action no="3" player="Rakki" type="15" sum="5"/>
<action no="4" player="SVlucastella91" type="1" discard="1" dealt="1" sum="20"/>
<action no="5" player="OndaBianca1" type="2" discard="1" dealt="1" sum="40"/>
</round>
<round no="1"><cards type="Pocket" player="SVlucastella91">X X</cards>
<cards type="Pocket" player="OndaBianca1">X X</cards>
<cards type="Pocket" player="Rakki">H10 D3</cards>
<action no="6" player="Rakki" type="0" sum="0"/>
<action no="7" player="SVlucastella91" type="0" discard="1" dealt="1" sum="0"/>
</round>
</game>
<game gamecode="6461915783"><general><startdate>2025-08-24 23:43:38</startdate>
<round>1</round>
<failsafecounter/>
<players><player seat="6" name="Rakki" chips="468" dealer="0" win="0" bet="45" muck="1" rebuy="0" addon="0" merge="0" rebuychips="0" reg_code="5055678340"/>
<player seat="10" name="SVlucastella91" chips="817" dealer="1" win="0" bet="5" muck="1" rebuy="0" addon="0" merge="0" rebuychips="0" reg_code="5055678743"/>
<player seat="3" name="OndaBianca1" chips="215" dealer="0" win="95" bet="215" muck="1" rebuy="0" addon="0" merge="0" rebuychips="0" reg_code="5055677129"/>
</players>
</general>
<round no="0"><action no="1" player="OndaBianca1" type="15" discard="1" dealt="1" sum="5"/>
<action no="2" player="Rakki" type="15" sum="5"/>
<action no="3" player="SVlucastella91" type="15" discard="1" dealt="1" sum="5"/>
<action no="4" player="OndaBianca1" type="1" discard="1" dealt="1" sum="20"/>
<action no="5" player="Rakki" type="2" sum="40"/>
</round>
<round no="1"><cards type="Pocket" player="Rakki">S4 D9</cards>
<cards type="Pocket" player="SVlucastella91">X X</cards>
<cards type="Pocket" player="OndaBianca1">X X</cards>
<action no="6" player="SVlucastella91" type="0" discard="1" dealt="1" sum="0"/>
<action no="7" player="OndaBianca1" type="23" discard="1" dealt="1" sum="210"/>
<action no="8" player="Rakki" type="0" sum="0"/>
</round>
</game>
<game gamecode="6461915801"><general><startdate>2025-08-24 23:43:53</startdate>
<round>1</round>
<failsafecounter/>
<players><player seat="10" name="SVlucastella91" chips="812" dealer="0" win="95" bet="85" muck="1" rebuy="0" addon="0" merge="0" rebuychips="0" reg_code="5055678743"/>
<player seat="3" name="OndaBianca1" chips="265" dealer="1" win="0" bet="5" muck="1" rebuy="0" addon="0" merge="0" rebuychips="0" reg_code="5055677129"/>
<player seat="6" name="Rakki" chips="423" dealer="0" win="0" bet="45" muck="1" rebuy="0" addon="0" merge="0" rebuychips="0" reg_code="5055678340"/>
</players>
</general>
<round no="0"><action no="1" player="Rakki" type="15" sum="5"/>
<action no="2" player="SVlucastella91" type="15" discard="1" dealt="1" sum="5"/>
<action no="3" player="OndaBianca1" type="15" discard="1" dealt="1" sum="5"/>
<action no="4" player="Rakki" type="1" sum="20"/>
<action no="5" player="SVlucastella91" type="2" discard="1" dealt="1" sum="40"/>
</round>
<round no="1"><cards type="Pocket" player="OndaBianca1">X X</cards>
<cards type="Pocket" player="Rakki">CQ D5</cards>
<cards type="Pocket" player="SVlucastella91">X X</cards>
<action no="6" player="OndaBianca1" type="0" discard="1" dealt="1" sum="0"/>
<action no="7" player="Rakki" type="3" sum="20"/>
<action no="8" player="SVlucastella91" type="23" discard="1" dealt="1" sum="80"/>
<action no="9" player="Rakki" type="0" sum="0"/>
</round>
</game>
<game gamecode="6461915815"><general><startdate>2025-08-24 23:44:09</startdate>
<round>1</round>
<failsafecounter/>
<players><player seat="3" name="OndaBianca1" chips="260" dealer="0" win="0" bet="260" muck="0" rebuy="0" addon="0" merge="0" rebuychips="0" reg_code="5055677129"/>
<player seat="6" name="Rakki" chips="378" dealer="1" win="545" bet="378" muck="0" rebuy="0" addon="0" merge="0" rebuychips="0" reg_code="5055678340"/>
<player seat="10" name="SVlucastella91" chips="862" dealer="0" win="0" bet="25" muck="1" rebuy="0" addon="0" merge="0" rebuychips="0" reg_code="5055678743"/>
</players>
</general>
<round no="0"><action no="1" player="SVlucastella91" type="15" discard="1" dealt="1" sum="5"/>
<action no="2" player="OndaBianca1" type="15" discard="1" dealt="1" sum="5"/>
<action no="3" player="Rakki" type="15" sum="5"/>
<action no="4" player="SVlucastella91" type="1" discard="1" dealt="1" sum="20"/>
<action no="5" player="OndaBianca1" type="2" discard="1" dealt="1" sum="40"/>
</round>
<round no="1"><cards type="Pocket" player="OndaBianca1">S7 HA</cards>
<cards type="Pocket" player="Rakki">SA S4</cards>
<cards type="Pocket" player="SVlucastella91">X X</cards>
<action no="6" player="Rakki" type="23" sum="373"/>
<action no="7" player="SVlucastella91" type="0" discard="1" dealt="1" sum="0"/>
<action no="8" player="OndaBianca1" type="7" discard="1" dealt="1" sum="215"/>
</round>
<round no="2"><cards type="Flop">H4 SK DA</cards>
</round>
<round no="3"><cards type="Turn">DQ</cards>
</round>
<round no="4"><cards type="River">D2</cards>
</round>
</game>
<game gamecode="6461915840"><general><startdate>2025-08-24 23:44:28</startdate>
<round>1</round>
<failsafecounter/>
<players><player seat="6" name="Rakki" chips="663" dealer="0" win="0" bet="185" muck="1" rebuy="0" addon="0" merge="0" rebuychips="0" reg_code="5055678340"/>
<player seat="10" name="SVlucastella91" chips="837" dealer="1" win="370" bet="185" muck="0" rebuy="0" addon="0" merge="0" rebuychips="0" reg_code="5055678743"/>
</players>
</general>
<round no="0"><action no="1" player="SVlucastella91" type="15" discard="1" dealt="1" sum="5"/>
<action no="2" player="Rakki" type="15" sum="5"/>
<action no="3" player="SVlucastella91" type="1" discard="1" dealt="1" sum="30"/>
<action no="4" player="Rakki" type="2" sum="60"/>
</round>
<round no="1"><cards type="Pocket" player="Rakki">C4 SJ</cards>
<cards type="Pocket" player="SVlucastella91">SQ D6</cards>
<action no="5" player="SVlucastella91" type="3" discard="1" dealt="1" sum="30"/>
<action no="6" player="Rakki" type="4" sum="0"/>
</round>
<round no="2"><cards type="Flop">H10 DQ S9</cards>
<action no="7" player="Rakki" type="4" sum="0"/>
<action no="8" player="SVlucastella91" type="5" discard="1" dealt="1" sum="60"/>
<action no="9" player="Rakki" type="3" sum="60"/>
</round>
<round no="3"><cards type="Turn">S5</cards>
<action no="10" player="Rakki" type="4" sum="0"/>
<action no="11" player="SVlucastella91" type="5" discard="1" dealt="1" sum="60"/>
<action no="12" player="Rakki" type="3" sum="60"/>
</round>
<round no="4"><cards type="River">H2</cards>
<action no="13" player="Rakki" type="4" sum="0"/>
<action no="14" player="SVlucastella91" type="4" discard="1" dealt="1" sum="0"/>
</round>
</game>
<game gamecode="6461915872"><general><startdate>2025-08-24 23:44:56</startdate>
<round>1</round>
<failsafecounter/>
<players><player seat="10" name="SVlucastella91" chips="1,022" dealer="0" win="0" bet="65" muck="1" rebuy="0" addon="0" merge="0" rebuychips="0" reg_code="5055678743"/>
<player seat="6" name="Rakki" chips="478" dealer="1" win="130" bet="478" muck="1" rebuy="0" addon="0" merge="0" rebuychips="0" reg_code="5055678340"/>
</players>
</general>
<round no="0"><action no="1" player="Rakki" type="15" sum="5"/>
<action no="2" player="SVlucastella91" type="15" discard="1" dealt="1" sum="5"/>
<action no="3" player="Rakki" type="1" sum="30"/>
<action no="4" player="SVlucastella91" type="2" discard="1" dealt="1" sum="60"/>
</round>
<round no="1"><cards type="Pocket" player="SVlucastella91">X X</cards>
<cards type="Pocket" player="Rakki">S7 C10</cards>
<action no="5" player="Rakki" type="23" sum="473"/>
<action no="6" player="SVlucastella91" type="0" discard="1" dealt="1" sum="0"/>
</round>
</game>
<game gamecode="6461915883"><general><startdate>2025-08-24 23:45:04</startdate>
<round>1</round>
<failsafecounter/>
<players><player seat="6" name="Rakki" chips="543" dealer="0" win="0" bet="65" muck="1" rebuy="0" addon="0" merge="0" rebuychips="0" reg_code="5055678340"/>
<player seat="10" name="SVlucastella91" chips="957" dealer="1" win="130" bet="957" muck="1" rebuy="0" addon="0" merge="0" rebuychips="0" reg_code="5055678743"/>
</players>
</general>
<round no="0"><action no="1" player="SVlucastella91" type="15" discard="1" dealt="1" sum="5"/>
<action no="2" player="Rakki" type="15" sum="5"/>
<action no="3" player="SVlucastella91" type="1" discard="1" dealt="1" sum="30"/>
<action no="4" player="Rakki" type="2" sum="60"/>
</round>
<round no="1"><cards type="Pocket" player="Rakki">CJ C2</cards>
<cards type="Pocket" player="SVlucastella91">X X</cards>
<action no="5" player="SVlucastella91" type="23" discard="1" dealt="1" sum="952"/>
<action no="6" player="Rakki" type="0" sum="0"/>
</round>
</game>
<game gamecode="6461915896"><general><startdate>2025-08-24 23:45:12</startdate>
<round>1</round>
<failsafecounter/>
<players><player seat="10" name="SVlucastella91" chips="1,022" dealer="0" win="70" bet="65" muck="1" rebuy="0" addon="0" merge="0" rebuychips="0" reg_code="5055678743"/>
<player seat="6" name="Rakki" chips="478" dealer="1" win="0" bet="35" muck="1" rebuy="0" addon="0" merge="0" rebuychips="0" reg_code="5055678340"/>
</players>
</general>
<round no="0"><action no="1" player="Rakki" type="15" sum="5"/>
<action no="2" player="SVlucastella91" type="15" discard="1" dealt="1" sum="5"/>
<action no="3" player="Rakki" type="1" sum="30"/>
<action no="4" player="SVlucastella91" type="2" discard="1" dealt="1" sum="60"/>
</round>
<round no="1"><cards type="Pocket" player="SVlucastella91">X X</cards>
<cards type="Pocket" player="Rakki">C3 S8</cards>
<action no="5" player="Rakki" type="0" sum="0"/>
</round>
</game>
<game gamecode="6461915902"><general><startdate>2025-08-24 23:45:17</startdate>
<round>1</round>
<failsafecounter/>
<players><player seat="6" name="Rakki" chips="443" dealer="0" win="70" bet="65" muck="1" rebuy="0" addon="0" merge="0" rebuychips="0" reg_code="5055678340"/>
<player seat="10" name="SVlucastella91" chips="1,057" dealer="1" win="0" bet="35" muck="1" rebuy="0" addon="0" merge="0" rebuychips="0" reg_code="5055678743"/>
</players>
</general>
<round no="0"><action no="1" player="SVlucastella91" type="15" discard="1" dealt="1" sum="5"/>
<action no="2" player="Rakki" type="15" sum="5"/>
<action no="3" player="SVlucastella91" type="1" discard="1" dealt="1" sum="30"/>
<action no="4" player="Rakki" type="2" sum="60"/>
</round>
<round no="1"><cards type="Pocket" player="SVlucastella91">X X</cards>
<cards type="Pocket" player="Rakki">C2 HA</cards>
<action no="5" player="SVlucastella91" type="0" discard="1" dealt="1" sum="0"/>
</round>
</game>
<game gamecode="6461915909"><general><startdate>2025-08-24 23:45:23</startdate>
<round>1</round>
<failsafecounter/>
<players><player seat="10" name="SVlucastella91" chips="1,022" dealer="0" win="0" bet="65" muck="1" rebuy="0" addon="0" merge="0" rebuychips="0" reg_code="5055678743"/>
<player seat="6" name="Rakki" chips="478" dealer="1" win="130" bet="478" muck="1" rebuy="0" addon="0" merge="0" rebuychips="0" reg_code="5055678340"/>
</players>
</general>
<round no="0"><action no="1" player="Rakki" type="15" sum="5"/>
<action no="2" player="SVlucastella91" type="15" discard="1" dealt="1" sum="5"/>
<action no="3" player="Rakki" type="1" sum="30"/>
<action no="4" player="SVlucastella91" type="2" discard="1" dealt="1" sum="60"/>
</round>
<round no="1"><cards type="Pocket" player="SVlucastella91">X X</cards>
<cards type="Pocket" player="Rakki">S9 DQ</cards>
<action no="5" player="Rakki" type="23" sum="473"/>
<action no="6" player="SVlucastella91" type="0" discard="1" dealt="1" sum="0"/>
</round>
</game>
<game gamecode="6461915920"><general><startdate>2025-08-24 23:45:30</startdate>
<round>1</round>
<failsafecounter/>
<players><player seat="6" name="Rakki" chips="543" dealer="0" win="0" bet="65" muck="1" rebuy="0" addon="0" merge="0" rebuychips="0" reg_code="5055678340"/>
<player seat="10" name="SVlucastella91" chips="957" dealer="1" win="130" bet="957" muck="1" rebuy="0" addon="0" merge="0" rebuychips="0" reg_code="5055678743"/>
</players>
</general>
<round no="0"><action no="1" player="SVlucastella91" type="15" discard="1" dealt="1" sum="5"/>
<action no="2" player="Rakki" type="15" sum="5"/>
<action no="3" player="SVlucastella91" type="1" discard="1" dealt="1" sum="30"/>
<action no="4" player="Rakki" type="2" sum="60"/>
</round>
<round no="1"><cards type="Pocket" player="Rakki">C10 S2</cards>
<cards type="Pocket" player="SVlucastella91">X X</cards>
<action no="5" player="SVlucastella91" type="23" discard="1" dealt="1" sum="952"/>
<action no="6" player="Rakki" type="0" sum="0"/>
</round>
</game>
<game gamecode="6461915932"><general><startdate>2025-08-24 23:45:40</startdate>
<round>1</round>
<failsafecounter/>
<players><player seat="10" name="SVlucastella91" chips="1,022" dealer="0" win="70" bet="65" muck="1" rebuy="0" addon="0" merge="0" rebuychips="0" reg_code="5055678743"/>
<player seat="6" name="Rakki" chips="478" dealer="1" win="0" bet="35" muck="1" rebuy="0" addon="0" merge="0" rebuychips="0" reg_code="5055678340"/>
</players>
</general>
<round no="0"><action no="1" player="Rakki" type="15" sum="5"/>
<action no="2" player="SVlucastella91" type="15" discard="1" dealt="1" sum="5"/>
<action no="3" player="Rakki" type="1" sum="30"/>
<action no="4" player="SVlucastella91" type="2" discard="1" dealt="1" sum="60"/>
</round>
<round no="1"><cards type="Pocket" player="Rakki">C3 D7</cards>
<cards type="Pocket" player="SVlucastella91">X X</cards>
<action no="5" player="Rakki" type="0" sum="0"/>
</round>
</game>
<game gamecode="6461915943"><general><startdate>2025-08-24 23:45:48</startdate>
<round>1</round>
<failsafecounter/>
<players><player seat="6" name="Rakki" chips="443" dealer="0" win="0" bet="443" muck="0" rebuy="0" addon="0" merge="0" rebuychips="0" reg_code="5055678340"/>
<player seat="10" name="SVlucastella91" chips="1,057" dealer="1" win="886" bet="1,057" muck="0" rebuy="0" addon="0" merge="0" rebuychips="0" reg_code="5055678743"/>
</players>
</general>
<round no="0"><action no="1" player="SVlucastella91" type="15" discard="1" dealt="1" sum="5"/>
<action no="2" player="Rakki" type="15" sum="5"/>
<action no="3" player="SVlucastella91" type="1" discard="1" dealt="1" sum="30"/>
<action no="4" player="Rakki" type="2" sum="60"/>
</round>
<round no="1"><cards type="Pocket" player="Rakki">C9 HJ</cards>
<cards type="Pocket" player="SVlucastella91">C6 HQ</cards>
<action no="5" player="SVlucastella91" type="23" discard="1" dealt="1" sum="1,052"/>
<action no="6" player="Rakki" type="7" sum="378"/>
</round>
<round no="2"><cards type="Flop">SK D3 SQ</cards>
</round>
<round no="3"><cards type="Turn">C5</cards>
</round>
<round no="4"><cards type="River">DA</cards>
</round>
</game>
</session>
