<?xml version="1.0" encoding="UTF-8"?>
<session sessioncode="5055764987">
<general>
<client_version>25.1.1.16</client_version>
<mode>real</mode>
<gametype>Holdem NL</gametype>
<tablename>Twister €100 SNG, 816463729</tablename>
<tournamentcode>816463727</tournamentcode>
<tournamentname>Twister €100 SNG</tournamentname>
<buyin>€0 + €7 + €93</buyin>
<totalbuyin>€100</totalbuyin>
<rewarddrawn>€300</rewarddrawn>
<tournamentcurrency>EUR</tournamentcurrency>
<currency>EUR</currency>
<nickname>Rakki</nickname>
<gamecount>6</gamecount>
<startdate>2025-08-25 14:36:45</startdate>
<place>1</place>
<win>€300</win>
<tablesize>3</tablesize>
</general>
<game gamecode="6462278561"><general><startdate>2025-08-25 14:37:01</startdate>
<round>1</round>
<failsafecounter/>
<players><player seat="10" name="Zeeria" chips="500" dealer="0" win="0" bet="20" muck="1" rebuy="0" addon="0" merge="0" rebuychips="0" reg_code="5055764997"/>
<player seat="3" name="xiuder0nn17" chips="500" dealer="1" win="0" bet="0" muck="1" rebuy="0" addon="0" merge="0" rebuychips="0" reg_code="5055764959"/>
<player seat="6" name="Rakki" chips="500" dealer="0" win="40" bet="60" muck="1" rebuy="0" addon="0" merge="0" rebuychips="0" reg_code="5055764987"/>
</players>
</general>
<round no="0"><action no="1" player="Rakki" type="1" sum="10"/>
<action no="2" player="Zeeria" type="2" discard="1" dealt="1" sum="20"/>
</round>
<round no="1"><cards type="Pocket" player="xiuder0nn17">X X</cards>
<cards type="Pocket" player="Zeeria">X X</cards>
<cards type="Pocket" player="Rakki">CQ S10</cards>
<action no="3" player="xiuder0nn17" type="0" discard="1" dealt="1" sum="0"/>
<action no="4" player="Rakki" type="23" sum="60"/>
<action no="5" player="Zeeria" type="0" discard="1" dealt="1" sum="0"/>
</round>
</game>
<game gamecode="6462278591"><general><startdate>2025-08-25 14:37:17</startdate>
<round>1</round>
<failsafecounter/>
<players><player seat="3" name="xiuder0nn17" chips="500" dealer="0" win="0" bet="20" muck="1" rebuy="0" addon="0" merge="0" rebuychips="0" reg_code="5055764959"/>
<player seat="6" name="Rakki" chips="520" dealer="1" win="980" bet="480" muck="0" rebuy="0" addon="0" merge="0" rebuychips="0" reg_code="5055764987"/>
<player seat="10" name="Zeeria" chips="480" dealer="0" win="0" bet="480" muck="0" rebuy="0" addon="0" merge="0" rebuychips="0" reg_code="5055764997"/>
</players>
</general>
<round no="0"><action no="1" player="Zeeria" type="1" discard="1" dealt="1" sum="10"/>
<action no="2" player="xiuder0nn17" type="2" discard="1" dealt="1" sum="20"/>
</round>
<round no="1"><cards type="Pocket" player="Zeeria">HK CQ</cards>
<cards type="Pocket" player="xiuder0nn17">X X</cards>
<cards type="Pocket" player="Rakki">HQ CA</cards>
<action no="3" player="Rakki" type="23" sum="40"/>
<action no="4" player="Zeeria" type="23" discard="1" dealt="1" sum="480"/>
<action no="5" player="xiuder0nn17" type="0" discard="1" dealt="1" sum="0"/>
<action no="6" player="Rakki" type="3" sum="440"/>
</round>
<round no="2"><cards type="Flop">DA CK S10</cards>
</round>
<round no="3"><cards type="Turn">SA</cards>
</round>
<round no="4"><cards type="River">SK</cards>
</round>
</game>
<game gamecode="6462278633"><general><startdate>2025-08-25 14:37:37</startdate>
<round>1</round>
<failsafecounter/>
<players><player seat="6" name="Rakki" chips="1,020" dealer="0" win="0" bet="20" muck="1" rebuy="0" addon="0" merge="0" rebuychips="0" reg_code="5055764987"/>
<player seat="3" name="xiuder0nn17" chips="480" dealer="1" win="40" bet="40" muck="1" rebuy="0" addon="0" merge="0" rebuychips="0" reg_code="5055764959"/>
</players>
</general>
<round no="0"><action no="1" player="xiuder0nn17" type="1" discard="1" dealt="1" sum="10"/>
<action no="2" player="Rakki" type="2" sum="20"/>
</round>
<round no="1"><cards type="Pocket" player="xiuder0nn17">X X</cards>
<cards type="Pocket" player="Rakki">D9 C4</cards>
<action no="3" player="xiuder0nn17" type="23" discard="1" dealt="1" sum="40"/>
<action no="4" player="Rakki" type="0" sum="0"/>
</round>
</game>
<game gamecode="6462278644"><general><startdate>2025-08-25 14:37:43</startdate>
<round>1</round>
<failsafecounter/>
<players><player seat="3" name="xiuder0nn17" chips="500" dealer="0" win="0" bet="40" muck="1" rebuy="0" addon="0" merge="0" rebuychips="0" reg_code="5055764959"/>
<player seat="6" name="Rakki" chips="1,000" dealer="1" win="80" bet="160" muck="1" rebuy="0" addon="0" merge="0" rebuychips="0" reg_code="5055764987"/>
</players>
</general>
<round no="0"><action no="1" player="Rakki" type="1" sum="10"/>
<action no="2" player="xiuder0nn17" type="2" discard="1" dealt="1" sum="20"/>
</round>
<round no="1"><cards type="Pocket" player="Rakki">C5 DJ</cards>
<cards type="Pocket" player="xiuder0nn17">X X</cards>
<action no="3" player="Rakki" type="3" sum="10"/>
<action no="4" player="xiuder0nn17" type="4" discard="1" dealt="1" sum="0"/>
</round>
<round no="2"><cards type="Flop">C4 CK C8</cards>
<action no="5" player="xiuder0nn17" type="4" discard="1" dealt="1" sum="0"/>
<action no="6" player="Rakki" type="5" sum="20"/>
<action no="7" player="xiuder0nn17" type="3" discard="1" dealt="1" sum="20"/>
</round>
<round no="3"><cards type="Turn">S9</cards>
<action no="8" player="xiuder0nn17" type="4" discard="1" dealt="1" sum="0"/>
<action no="9" player="Rakki" type="5" sum="120"/>
<action no="10" player="xiuder0nn17" type="0" discard="1" dealt="1" sum="0"/>
</round>
</game>
<game gamecode="6462278692"><general><startdate>2025-08-25 14:38:07</startdate>
<round>1</round>
<failsafecounter/>
<players><player seat="6" name="Rakki" chips="1,040" dealer="0" win="80" bet="40" muck="0" rebuy="0" addon="0" merge="0" rebuychips="0" reg_code="5055764987"/>
<player seat="3" name="xiuder0nn17" chips="460" dealer="1" win="0" bet="40" muck="1" rebuy="0" addon="0" merge="0" rebuychips="0" reg_code="5055764959"/>
</players>
</general>
<round no="0"><action no="1" player="xiuder0nn17" type="1" discard="1" dealt="1" sum="10"/>
<action no="2" player="Rakki" type="2" sum="20"/>
</round>
<round no="1"><cards type="Pocket" player="Rakki">C10 SJ</cards>
<cards type="Pocket" player="xiuder0nn17">SQ D6</cards>
<action no="3" player="xiuder0nn17" type="3" discard="1" dealt="1" sum="10"/>
<action no="4" player="Rakki" type="4" sum="0"/>
</round>
<round no="2"><cards type="Flop">HJ H4 H2</cards>
<action no="5" player="Rakki" type="4" sum="0"/>
<action no="6" player="xiuder0nn17" type="5" discard="1" dealt="1" sum="20"/>
<action no="7" player="Rakki" type="3" sum="20"/>
</round>
<round no="3"><cards type="Turn">H3</cards>
<action no="8" player="Rakki" type="4" sum="0"/>
<action no="9" player="xiuder0nn17" type="4" discard="1" dealt="1" sum="0"/>
</round>
<round no="4"><cards type="River">D4</cards>
<action no="10" player="Rakki" type="4" sum="0"/>
<action no="11" player="xiuder0nn17" type="4" discard="1" dealt="1" sum="0"/>
</round>
</game>
<game gamecode="6462278738"><general><startdate>2025-08-25 14:38:31</startdate>
<round>1</round>
<failsafecounter/>
<players><player seat="3" name="xiuder0nn17" chips="420" dealer="0" win="0" bet="420" muck="0" rebuy="0" addon="0" merge="0" rebuychips="0" reg_code="5055764959"/>
<player seat="6" name="Rakki" chips="1,080" dealer="1" win="840" bet="420" muck="0" rebuy="0" addon="0" merge="0" rebuychips="0" reg_code="5055764987"/>
</players>
</general>
<round no="0"><action no="1" player="Rakki" type="1" sum="10"/>
<action no="2" player="xiuder0nn17" type="2" discard="1" dealt="1" sum="20"/>
</round>
<round no="1"><cards type="Pocket" player="Rakki">H7 H8</cards>
<cards type="Pocket" player="xiuder0nn17">D8 S9</cards>
<action no="3" player="Rakki" type="3" sum="10"/>
<action no="4" player="xiuder0nn17" type="4" discard="1" dealt="1" sum="0"/>
</round>
<round no="2"><cards type="Flop">H9 H5 S8</cards>
<action no="5" player="xiuder0nn17" type="4" discard="1" dealt="1" sum="0"/>
<action no="6" player="Rakki" type="5" sum="20"/>
<action no="7" player="xiuder0nn17" type="23" discard="1" dealt="1" sum="100"/>
<action no="8" player="Rakki" type="23" sum="180"/>
<action no="9" player="xiuder0nn17" type="23" discard="1" dealt="1" sum="400"/>
<action no="10" player="Rakki" type="3" sum="220"/>
</round>
<round no="3"><cards type="Turn">C7</cards>
</round>
<round no="4"><cards type="River">HA</cards>
</round>
</game>
</session>
