<?xml version="1.0" encoding="UTF-8"?>
<session sessioncode="5055768021">
<general>
<client_version>25.1.1.16</client_version>
<mode>real</mode>
<gametype>Holdem NL</gametype>
<tablename>Twister €100 SNG, 816464573</tablename>
<tournamentcode>816464572</tournamentcode>
<tournamentname>Twister €100 SNG</tournamentname>
<buyin>€0 + €7 + €93</buyin>
<totalbuyin>€100</totalbuyin>
<rewarddrawn>€200</rewarddrawn>
<tournamentcurrency>EUR</tournamentcurrency>
<currency>EUR</currency>
<nickname>Rakki</nickname>
<gamecount>18</gamecount>
<startdate>2025-08-25 14:55:54</startdate>
<place>1</place>
<win>€200</win>
<tablesize>3</tablesize>
</general>
<game gamecode="6462291044"><general><startdate>2025-08-25 14:56:09</startdate>
<round>1</round>
<failsafecounter/>
<players><player seat="3" name="xiuder0nn17" chips="500" dealer="0" win="0" bet="500" muck="0" rebuy="0" addon="0" merge="0" rebuychips="0" reg_code="5055767930"/>
<player seat="6" name="Rakki" chips="500" dealer="1" win="0" bet="0" muck="1" rebuy="0" addon="0" merge="0" rebuychips="0" reg_code="5055768021"/>
<player seat="10" name="Walterwhite10" chips="500" dealer="0" win="1,000" bet="500" muck="0" rebuy="0" addon="0" merge="0" rebuychips="0" reg_code="5055768142"/>
</players>
</general>
<round no="0"><action no="1" player="Walterwhite10" type="1" discard="1" dealt="1" sum="10"/>
<action no="2" player="xiuder0nn17" type="2" discard="1" dealt="1" sum="20"/>
</round>
<round no="1"><cards type="Pocket" player="Rakki">S10 C8</cards>
<cards type="Pocket" player="Walterwhite10">SA DA</cards>
<cards type="Pocket" player="xiuder0nn17">SQ HA</cards>
<action no="3" player="Rakki" type="0" sum="0"/>
<action no="4" player="Walterwhite10" type="23" discard="1" dealt="1" sum="50"/>
<action no="5" player="xiuder0nn17" type="23" discard="1" dealt="1" sum="500"/>
<action no="6" player="Walterwhite10" type="7" discard="1" dealt="1" sum="450"/>
</round>
<round no="2"><cards type="Flop">H3 CQ C2</cards>
</round>
<round no="3"><cards type="Turn">C6</cards>
</round>
<round no="4"><cards type="River">S3</cards>
</round>
</game>
<game gamecode="6462291083"><general><startdate>2025-08-25 14:56:30</startdate>
<round>1</round>
<failsafecounter/>
<players><player seat="6" name="Rakki" chips="500" dealer="0" win="88" bet="500" muck="1" rebuy="0" addon="0" merge="0" rebuychips="0" reg_code="5055768021"/>
<player seat="10" name="Walterwhite10" chips="1,000" dealer="1" win="0" bet="44" muck="1" rebuy="0" addon="0" merge="0" rebuychips="0" reg_code="5055768142"/>
</players>
</general>
<round no="0"><action no="1" player="Walterwhite10" type="1" discard="1" dealt="1" sum="10"/>
<action no="2" player="Rakki" type="2" sum="20"/>
</round>
<round no="1"><cards type="Pocket" player="Rakki">D9 HA</cards>
<cards type="Pocket" player="Walterwhite10">X X</cards>
<action no="3" player="Walterwhite10" type="23" discard="1" dealt="1" sum="44"/>
<action no="4" player="Rakki" type="23" sum="500"/>
<action no="5" player="Walterwhite10" type="0" discard="1" dealt="1" sum="0"/>
</round>
</game>
<game gamecode="6462291100"><general><startdate>2025-08-25 14:56:40</startdate>
<round>1</round>
<failsafecounter/>
<players><player seat="10" name="Walterwhite10" chips="956" dealer="0" win="0" bet="20" muck="1" rebuy="0" addon="0" merge="0" rebuychips="0" reg_code="5055768142"/>
<player seat="6" name="Rakki" chips="544" dealer="1" win="40" bet="40" muck="1" rebuy="0" addon="0" merge="0" rebuychips="0" reg_code="5055768021"/>
</players>
</general>
<round no="0"><action no="1" player="Rakki" type="1" sum="10"/>
<action no="2" player="Walterwhite10" type="2" discard="1" dealt="1" sum="20"/>
</round>
<round no="1"><cards type="Pocket" player="Walterwhite10">X X</cards>
<cards type="Pocket" player="Rakki">S7 H6</cards>
<action no="3" player="Rakki" type="23" sum="40"/>
<action no="4" player="Walterwhite10" type="0" discard="1" dealt="1" sum="0"/>
</round>
</game>
<game gamecode="6462291118"><general><startdate>2025-08-25 14:56:47</startdate>
<round>1</round>
<failsafecounter/>
<players><player seat="6" name="Rakki" chips="564" dealer="0" win="360" bet="564" muck="1" rebuy="0" addon="0" merge="0" rebuychips="0" reg_code="5055768021"/>
<player seat="10" name="Walterwhite10" chips="936" dealer="1" win="0" bet="180" muck="1" rebuy="0" addon="0" merge="0" rebuychips="0" reg_code="5055768142"/>
</players>
</general>
<round no="0"><action no="1" player="Walterwhite10" type="1" discard="1" dealt="1" sum="10"/>
<action no="2" player="Rakki" type="2" sum="20"/>
</round>
<round no="1"><cards type="Pocket" player="Walterwhite10">X X</cards>
<cards type="Pocket" player="Rakki">SJ DK</cards>
<action no="3" player="Walterwhite10" type="23" discard="1" dealt="1" sum="40"/>
<action no="4" player="Rakki" type="3" sum="20"/>
</round>
<round no="2"><cards type="Flop">CJ C10 D7</cards>
<action no="5" player="Rakki" type="4" sum="0"/>
<action no="6" player="Walterwhite10" type="5" discard="1" dealt="1" sum="40"/>
<action no="7" player="Rakki" type="23" sum="140"/>
<action no="8" player="Walterwhite10" type="3" discard="1" dealt="1" sum="100"/>
</round>
<round no="3"><cards type="Turn">C4</cards>
<action no="9" player="Rakki" type="5" sum="384"/>
<action no="10" player="Walterwhite10" type="0" discard="1" dealt="1" sum="0"/>
</round>
</game>
<game gamecode="6462291192"><general><startdate>2025-08-25 14:57:25</startdate>
<round>1</round>
<failsafecounter/>
<players><player seat="10" name="Walterwhite10" chips="756" dealer="0" win="0" bet="40" muck="1" rebuy="0" addon="0" merge="0" rebuychips="0" reg_code="5055768142"/>
<player seat="6" name="Rakki" chips="744" dealer="1" win="80" bet="80" muck="1" rebuy="0" addon="0" merge="0" rebuychips="0" reg_code="5055768021"/>
</players>
</general>
<round no="0"><action no="1" player="Rakki" type="1" sum="10"/>
<action no="2" player="Walterwhite10" type="2" discard="1" dealt="1" sum="20"/>
</round>
<round no="1"><cards type="Pocket" player="Rakki">S9 H9</cards>
<cards type="Pocket" player="Walterwhite10">X X</cards>
<action no="3" player="Rakki" type="23" sum="40"/>
<action no="4" player="Walterwhite10" type="3" discard="1" dealt="1" sum="20"/>
</round>
<round no="2"><cards type="Flop">CK C6 S8</cards>
<action no="5" player="Walterwhite10" type="4" discard="1" dealt="1" sum="0"/>
<action no="6" player="Rakki" type="5" sum="40"/>
<action no="7" player="Walterwhite10" type="0" discard="1" dealt="1" sum="0"/>
</round>
</game>
<game gamecode="6462291215"><general><startdate>2025-08-25 14:57:35</startdate>
<round>1</round>
<failsafecounter/>
<players><player seat="6" name="Rakki" chips="784" dealer="0" win="0" bet="20" muck="1" rebuy="0" addon="0" merge="0" rebuychips="0" reg_code="5055768021"/>
<player seat="10" name="Walterwhite10" chips="716" dealer="1" win="40" bet="40" muck="1" rebuy="0" addon="0" merge="0" rebuychips="0" reg_code="5055768142"/>
</players>
</general>
<round no="0"><action no="1" player="Walterwhite10" type="1" discard="1" dealt="1" sum="10"/>
<action no="2" player="Rakki" type="2" sum="20"/>
</round>
<round no="1"><cards type="Pocket" player="Rakki">HJ S4</cards>
<cards type="Pocket" player="Walterwhite10">X X</cards>
<action no="3" player="Walterwhite10" type="23" discard="1" dealt="1" sum="40"/>
<action no="4" player="Rakki" type="0" sum="0"/>
</round>
</game>
<game gamecode="6462291226"><general><startdate>2025-08-25 14:57:42</startdate>
<round>1</round>
<failsafecounter/>
<players><player seat="10" name="Walterwhite10" chips="736" dealer="0" win="80" bet="60" muck="1" rebuy="0" addon="0" merge="0" rebuychips="0" reg_code="5055768142"/>
<player seat="6" name="Rakki" chips="764" dealer="1" win="0" bet="40" muck="1" rebuy="0" addon="0" merge="0" rebuychips="0" reg_code="5055768021"/>
</players>
</general>
<round no="0"><action no="1" player="Rakki" type="1" sum="10"/>
<action no="2" player="Walterwhite10" type="2" discard="1" dealt="1" sum="20"/>
</round>
<round no="1"><cards type="Pocket" player="Rakki">S7 S5</cards>
<cards type="Pocket" player="Walterwhite10">X X</cards>
<action no="3" player="Rakki" type="3" sum="10"/>
<action no="4" player="Walterwhite10" type="4" discard="1" dealt="1" sum="0"/>
</round>
<round no="2"><cards type="Flop">S10 H3 DJ</cards>
<action no="5" player="Walterwhite10" type="4" discard="1" dealt="1" sum="0"/>
<action no="6" player="Rakki" type="5" sum="20"/>
<action no="7" player="Walterwhite10" type="3" discard="1" dealt="1" sum="20"/>
</round>
<round no="3"><cards type="Turn">HA</cards>
<action no="8" player="Walterwhite10" type="4" discard="1" dealt="1" sum="0"/>
<action no="9" player="Rakki" type="4" sum="0"/>
</round>
<round no="4"><cards type="River">C10</cards>
<action no="10" player="Walterwhite10" type="5" discard="1" dealt="1" sum="20"/>
<action no="11" player="Rakki" type="0" sum="0"/>
</round>
</game>
<game gamecode="6462291336"><general><startdate>2025-08-25 14:58:26</startdate>
<round>1</round>
<failsafecounter/>
<players><player seat="6" name="Rakki" chips="724" dealer="0" win="130" bet="95" muck="1" rebuy="0" addon="0" merge="0" rebuychips="0" reg_code="5055768021"/>
<player seat="10" name="Walterwhite10" chips="776" dealer="1" win="0" bet="65" muck="1" rebuy="0" addon="0" merge="0" rebuychips="0" reg_code="5055768142"/>
</players>
</general>
<round no="0"><action no="1" player="Walterwhite10" type="15" discard="1" dealt="1" sum="5"/>
<action no="2" player="Rakki" type="15" sum="5"/>
<action no="3" player="Walterwhite10" type="1" discard="1" dealt="1" sum="15"/>
<action no="4" player="Rakki" type="2" sum="30"/>
</round>
<round no="1"><cards type="Pocket" player="Rakki">S4 S5</cards>
<cards type="Pocket" player="Walterwhite10">X X</cards>
<action no="5" player="Walterwhite10" type="23" discard="1" dealt="1" sum="60"/>
<action no="6" player="Rakki" type="3" sum="30"/>
</round>
<round no="2"><cards type="Flop">DQ S2 D7</cards>
<action no="7" player="Rakki" type="4" sum="0"/>
<action no="8" player="Walterwhite10" type="4" discard="1" dealt="1" sum="0"/>
</round>
<round no="3"><cards type="Turn">D5</cards>
<action no="9" player="Rakki" type="5" sum="30"/>
<action no="10" player="Walterwhite10" type="0" discard="1" dealt="1" sum="0"/>
</round>
</game>
<game gamecode="6462291409"><general><startdate>2025-08-25 14:58:58</startdate>
<round>1</round>
<failsafecounter/>
<players><player seat="10" name="Walterwhite10" chips="711" dealer="0" win="0" bet="35" muck="1" rebuy="0" addon="0" merge="0" rebuychips="0" reg_code="5055768142"/>
<player seat="6" name="Rakki" chips="789" dealer="1" win="70" bet="65" muck="1" rebuy="0" addon="0" merge="0" rebuychips="0" reg_code="5055768021"/>
</players>
</general>
<round no="0"><action no="1" player="Rakki" type="15" sum="5"/>
<action no="2" player="Walterwhite10" type="15" discard="1" dealt="1" sum="5"/>
<action no="3" player="Rakki" type="1" sum="15"/>
<action no="4" player="Walterwhite10" type="2" discard="1" dealt="1" sum="30"/>
</round>
<round no="1"><cards type="Pocket" player="Walterwhite10">X X</cards>
<cards type="Pocket" player="Rakki">CJ H8</cards>
<action no="5" player="Rakki" type="23" sum="60"/>
<action no="6" player="Walterwhite10" type="0" discard="1" dealt="1" sum="0"/>
</round>
</game>
<game gamecode="6462291429"><general><startdate>2025-08-25 14:59:06</startdate>
<round>1</round>
<failsafecounter/>
<players><player seat="6" name="Rakki" chips="824" dealer="0" win="0" bet="35" muck="1" rebuy="0" addon="0" merge="0" rebuychips="0" reg_code="5055768021"/>
<player seat="10" name="Walterwhite10" chips="676" dealer="1" win="70" bet="65" muck="1" rebuy="0" addon="0" merge="0" rebuychips="0" reg_code="5055768142"/>
</players>
</general>
<round no="0"><action no="1" player="Walterwhite10" type="15" discard="1" dealt="1" sum="5"/>
<action no="2" player="Rakki" type="15" sum="5"/>
<action no="3" player="Walterwhite10" type="1" discard="1" dealt="1" sum="15"/>
<action no="4" player="Rakki" type="2" sum="30"/>
</round>
<round no="1"><cards type="Pocket" player="Walterwhite10">X X</cards>
<cards type="Pocket" player="Rakki">H3 D4</cards>
<action no="5" player="Walterwhite10" type="23" discard="1" dealt="1" sum="60"/>
<action no="6" player="Rakki" type="0" sum="0"/>
</round>
</game>
<game gamecode="6462291448"><general><startdate>2025-08-25 14:59:16</startdate>
<round>1</round>
<failsafecounter/>
<players><player seat="10" name="Walterwhite10" chips="711" dealer="0" win="0" bet="65" muck="1" rebuy="0" addon="0" merge="0" rebuychips="0" reg_code="5055768142"/>
<player seat="6" name="Rakki" chips="789" dealer="1" win="130" bet="125" muck="1" rebuy="0" addon="0" merge="0" rebuychips="0" reg_code="5055768021"/>
</players>
</general>
<round no="0"><action no="1" player="Rakki" type="15" sum="5"/>
<action no="2" player="Walterwhite10" type="15" discard="1" dealt="1" sum="5"/>
<action no="3" player="Rakki" type="1" sum="15"/>
<action no="4" player="Walterwhite10" type="2" discard="1" dealt="1" sum="30"/>
</round>
<round no="1"><cards type="Pocket" player="Rakki">C6 CK</cards>
<cards type="Pocket" player="Walterwhite10">X X</cards>
<action no="5" player="Rakki" type="23" sum="60"/>
<action no="6" player="Walterwhite10" type="3" discard="1" dealt="1" sum="30"/>
</round>
<round no="2"><cards type="Flop">DJ DQ D7</cards>
<action no="7" player="Walterwhite10" type="4" discard="1" dealt="1" sum="0"/>
<action no="8" player="Rakki" type="4" sum="0"/>
</round>
<round no="3"><cards type="Turn">D3</cards>
<action no="9" player="Walterwhite10" type="4" discard="1" dealt="1" sum="0"/>
<action no="10" player="Rakki" type="4" sum="0"/>
</round>
<round no="4"><cards type="River">C4</cards>
<action no="11" player="Walterwhite10" type="4" discard="1" dealt="1" sum="0"/>
<action no="12" player="Rakki" type="5" sum="60"/>
<action no="13" player="Walterwhite10" type="0" discard="1" dealt="1" sum="0"/>
</round>
</game>
<game gamecode="6462298989"><general><startdate>2025-08-25 14:59:47</startdate>
<round>1</round>
<failsafecounter/>
<players><player seat="6" name="Rakki" chips="854" dealer="0" win="0" bet="108" muck="1" rebuy="0" addon="0" merge="0" rebuychips="0" reg_code="5055768021"/>
<player seat="10" name="Walterwhite10" chips="646" dealer="1" win="216" bet="108" muck="0" rebuy="0" addon="0" merge="0" rebuychips="0" reg_code="5055768142"/>
</players>
</general>
<round no="0"><action no="1" player="Walterwhite10" type="15" discard="1" dealt="1" sum="5"/>
<action no="2" player="Rakki" type="15" sum="5"/>
<action no="3" player="Walterwhite10" type="1" discard="1" dealt="1" sum="20"/>
<action no="4" player="Rakki" type="2" sum="40"/>
</round>
<round no="1"><cards type="Pocket" player="Rakki">D9 C3</cards>
<cards type="Pocket" player="Walterwhite10">C6 S7</cards>
<action no="5" player="Walterwhite10" type="3" discard="1" dealt="1" sum="20"/>
<action no="6" player="Rakki" type="4" sum="0"/>
</round>
<round no="2"><cards type="Flop">H3 D2 H8</cards>
<action no="7" player="Rakki" type="4" sum="0"/>
<action no="8" player="Walterwhite10" type="4" discard="1" dealt="1" sum="0"/>
</round>
<round no="3"><cards type="Turn">CK</cards>
<action no="9" player="Rakki" type="4" sum="0"/>
<action no="10" player="Walterwhite10" type="5" discard="1" dealt="1" sum="63"/>
<action no="11" player="Rakki" type="3" sum="63"/>
</round>
<round no="4"><cards type="River">C7</cards>
<action no="12" player="Rakki" type="4" sum="0"/>
<action no="13" player="Walterwhite10" type="4" discard="1" dealt="1" sum="0"/>
</round>
</game>
<game gamecode="6462299079"><general><startdate>2025-08-25 15:00:25</startdate>
<round>1</round>
<failsafecounter/>
<players><player seat="10" name="Walterwhite10" chips="754" dealer="0" win="0" bet="45" muck="1" rebuy="0" addon="0" merge="0" rebuychips="0" reg_code="5055768142"/>
<player seat="6" name="Rakki" chips="746" dealer="1" win="90" bet="135" muck="1" rebuy="0" addon="0" merge="0" rebuychips="0" reg_code="5055768021"/>
</players>
</general>
<round no="0"><action no="1" player="Rakki" type="15" sum="5"/>
<action no="2" player="Walterwhite10" type="15" discard="1" dealt="1" sum="5"/>
<action no="3" player="Rakki" type="1" sum="20"/>
<action no="4" player="Walterwhite10" type="2" discard="1" dealt="1" sum="40"/>
</round>
<round no="1"><cards type="Pocket" player="Walterwhite10">X X</cards>
<cards type="Pocket" player="Rakki">C8 S3</cards>
<action no="5" player="Rakki" type="3" sum="20"/>
<action no="6" player="Walterwhite10" type="4" discard="1" dealt="1" sum="0"/>
</round>
<round no="2"><cards type="Flop">C9 CJ H10</cards>
<action no="7" player="Walterwhite10" type="4" discard="1" dealt="1" sum="0"/>
<action no="8" player="Rakki" type="4" sum="0"/>
</round>
<round no="3"><cards type="Turn">SK</cards>
<action no="9" player="Walterwhite10" type="4" discard="1" dealt="1" sum="0"/>
<action no="10" player="Rakki" type="5" sum="90"/>
<action no="11" player="Walterwhite10" type="0" discard="1" dealt="1" sum="0"/>
</round>
</game>
<game gamecode="6462299140"><general><startdate>2025-08-25 15:00:47</startdate>
<round>1</round>
<failsafecounter/>
<players><player seat="6" name="Rakki" chips="791" dealer="0" win="0" bet="45" muck="1" rebuy="0" addon="0" merge="0" rebuychips="0" reg_code="5055768021"/>
<player seat="10" name="Walterwhite10" chips="709" dealer="1" win="90" bet="108" muck="1" rebuy="0" addon="0" merge="0" rebuychips="0" reg_code="5055768142"/>
</players>
</general>
<round no="0"><action no="1" player="Walterwhite10" type="15" discard="1" dealt="1" sum="5"/>
<action no="2" player="Rakki" type="15" sum="5"/>
<action no="3" player="Walterwhite10" type="1" discard="1" dealt="1" sum="20"/>
<action no="4" player="Rakki" type="2" sum="40"/>
</round>
<round no="1"><cards type="Pocket" player="Rakki">SQ S9</cards>
<cards type="Pocket" player="Walterwhite10">X X</cards>
<action no="5" player="Walterwhite10" type="3" discard="1" dealt="1" sum="20"/>
<action no="6" player="Rakki" type="4" sum="0"/>
</round>
<round no="2"><cards type="Flop">C3 C5 D7</cards>
<action no="7" player="Rakki" type="4" sum="0"/>
<action no="8" player="Walterwhite10" type="5" discard="1" dealt="1" sum="63"/>
<action no="9" player="Rakki" type="0" sum="0"/>
</round>
</game>
<game gamecode="6462299184"><general><startdate>2025-08-25 15:01:04</startdate>
<round>1</round>
<failsafecounter/>
<players><player seat="10" name="Walterwhite10" chips="754" dealer="0" win="170" bet="165" muck="1" rebuy="0" addon="0" merge="0" rebuychips="0" reg_code="5055768142"/>
<player seat="6" name="Rakki" chips="746" dealer="1" win="0" bet="85" muck="1" rebuy="0" addon="0" merge="0" rebuychips="0" reg_code="5055768021"/>
</players>
</general>
<round no="0"><action no="1" player="Rakki" type="15" sum="5"/>
<action no="2" player="Walterwhite10" type="15" discard="1" dealt="1" sum="5"/>
<action no="3" player="Rakki" type="1" sum="20"/>
<action no="4" player="Walterwhite10" type="2" discard="1" dealt="1" sum="40"/>
</round>
<round no="1"><cards type="Pocket" player="Walterwhite10">X X</cards>
<cards type="Pocket" player="Rakki">C3 S9</cards>
<action no="5" player="Rakki" type="3" sum="20"/>
<action no="6" player="Walterwhite10" type="4" discard="1" dealt="1" sum="0"/>
</round>
<round no="2"><cards type="Flop">S6 S5 CQ</cards>
<action no="7" player="Walterwhite10" type="4" discard="1" dealt="1" sum="0"/>
<action no="8" player="Rakki" type="5" sum="40"/>
<action no="9" player="Walterwhite10" type="23" discard="1" dealt="1" sum="120"/>
<action no="10" player="Rakki" type="0" sum="0"/>
</round>
</game>
<game gamecode="6462299227"><general><startdate>2025-08-25 15:01:22</startdate>
<round>1</round>
<failsafecounter/>
<players><player seat="6" name="Rakki" chips="661" dealer="0" win="1,322" bet="661" muck="0" rebuy="0" addon="0" merge="0" rebuychips="0" reg_code="5055768021"/>
<player seat="10" name="Walterwhite10" chips="839" dealer="1" win="0" bet="665" muck="1" rebuy="0" addon="0" merge="0" rebuychips="0" reg_code="5055768142"/>
</players>
</general>
<round no="0"><action no="1" player="Walterwhite10" type="15" discard="1" dealt="1" sum="5"/>
<action no="2" player="Rakki" type="15" sum="5"/>
<action no="3" player="Walterwhite10" type="1" discard="1" dealt="1" sum="30"/>
<action no="4" player="Rakki" type="2" sum="60"/>
</round>
<round no="1"><cards type="Pocket" player="Walterwhite10">HA S9</cards>
<cards type="Pocket" player="Rakki">HQ S10</cards>
<action no="5" player="Walterwhite10" type="23" discard="1" dealt="1" sum="660"/>
<action no="6" player="Rakki" type="7" sum="596"/>
</round>
<round no="2"><cards type="Flop">C5 D9 CQ</cards>
</round>
<round no="3"><cards type="Turn">C10</cards>
</round>
<round no="4"><cards type="River">D5</cards>
</round>
</game>
<game gamecode="6462299266"><general><startdate>2025-08-25 15:01:38</startdate>
<round>1</round>
<failsafecounter/>
<players><player seat="10" name="Walterwhite10" chips="178" dealer="0" win="356" bet="178" muck="0" rebuy="0" addon="0" merge="0" rebuychips="0" reg_code="5055768142"/>
<player seat="6" name="Rakki" chips="1,322" dealer="1" win="0" bet="1,322" muck="1" rebuy="0" addon="0" merge="0" rebuychips="0" reg_code="5055768021"/>
</players>
</general>
<round no="0"><action no="1" player="Rakki" type="15" sum="5"/>
<action no="2" player="Walterwhite10" type="15" discard="1" dealt="1" sum="5"/>
<action no="3" player="Rakki" type="1" sum="30"/>
<action no="4" player="Walterwhite10" type="2" discard="1" dealt="1" sum="60"/>
</round>
<round no="1"><cards type="Pocket" player="Walterwhite10">H9 C3</cards>
<cards type="Pocket" player="Rakki">H7 H3</cards>
<action no="5" player="Rakki" type="23" sum="1,317"/>
<action no="6" player="Walterwhite10" type="7" discard="1" dealt="1" sum="113"/>
</round>
<round no="2"><cards type="Flop">DK C8 S8</cards>
</round>
<round no="3"><cards type="Turn">D6</cards>
</round>
<round no="4"><cards type="River">HA</cards>
</round>
</game>
<game gamecode="6462299300"><general><startdate>2025-08-25 15:01:54</startdate>
<round>1</round>
<failsafecounter/>
<players><player seat="6" name="Rakki" chips="1,144" dealer="0" win="712" bet="356" muck="0" rebuy="0" addon="0" merge="0" rebuychips="0" reg_code="5055768021"/>
<player seat="10" name="Walterwhite10" chips="356" dealer="1" win="0" bet="356" muck="0" rebuy="0" addon="0" merge="0" rebuychips="0" reg_code="5055768142"/>
</players>
</general>
<round no="0"><action no="1" player="Walterwhite10" type="15" discard="1" dealt="1" sum="5"/>
<action no="2" player="Rakki" type="15" sum="5"/>
<action no="3" player="Walterwhite10" type="1" discard="1" dealt="1" sum="30"/>
<action no="4" player="Rakki" type="2" sum="60"/>
</round>
<round no="1"><cards type="Pocket" player="Rakki">H9 SJ</cards>
<cards type="Pocket" player="Walterwhite10">S8 S6</cards>
<action no="5" player="Walterwhite10" type="23" discard="1" dealt="1" sum="351"/>
<action no="6" player="Rakki" type="3" sum="291"/>
</round>
<round no="2"><cards type="Flop">H6 DJ S10</cards>
</round>
<round no="3"><cards type="Turn">C5</cards>
</round>
<round no="4"><cards type="River">S4</cards>
</round>
</game>
</session>
