<?xml version="1.0" encoding="UTF-8"?>
<session sessioncode="5055692291">
<general>
<client_version>25.1.1.16</client_version>
<mode>real</mode>
<gametype>Holdem NL</gametype>
<tablename>Twister €100 SNG, 816439507</tablename>
<tournamentcode>816439505</tournamentcode>
<tournamentname>Twister €100 SNG</tournamentname>
<buyin>€0 + €7 + €93</buyin>
<totalbuyin>€100</totalbuyin>
<rewarddrawn>€200</rewarddrawn>
<tournamentcurrency>EUR</tournamentcurrency>
<currency>EUR</currency>
<nickname>Rakki</nickname>
<gamecount>21</gamecount>
<startdate>2025-08-25 00:47:48</startdate>
<place>1</place>
<win>€200</win>
<tablesize>3</tablesize>
</general>
<game gamecode="6461978451"><general><startdate>2025-08-25 00:48:04</startdate>
<round>1</round>
<failsafecounter/>
<players><player seat="10" name="LaLcy91" chips="500" dealer="0" win="90" bet="500" muck="1" rebuy="0" addon="0" merge="0" rebuychips="0" reg_code="5055692535"/>
<player seat="3" name="OndaBianca1" chips="500" dealer="1" win="0" bet="40" muck="1" rebuy="0" addon="0" merge="0" rebuychips="0" reg_code="5055692099"/>
<player seat="6" name="Rakki" chips="500" dealer="0" win="0" bet="10" muck="1" rebuy="0" addon="0" merge="0" rebuychips="0" reg_code="5055692291"/>
</players>
</general>
<round no="0"><action no="1" player="Rakki" type="1" sum="10"/>
<action no="2" player="LaLcy91" type="2" discard="1" dealt="1" sum="20"/>
</round>
<round no="1"><cards type="Pocket" player="OndaBianca1">X X</cards>
<cards type="Pocket" player="Rakki">D7 S6</cards>
<cards type="Pocket" player="LaLcy91">X X</cards>
<action no="3" player="OndaBianca1" type="23" discard="1" dealt="1" sum="40"/>
<action no="4" player="Rakki" type="0" sum="0"/>
<action no="5" player="LaLcy91" type="23" discard="1" dealt="1" sum="500"/>
<action no="6" player="OndaBianca1" type="0" discard="1" dealt="1" sum="0"/>
</round>
</game>
<game gamecode="6461978482"><general><startdate>2025-08-25 00:48:16</startdate>
<round>1</round>
<failsafecounter/>
<players><player seat="3" name="OndaBianca1" chips="460" dealer="0" win="0" bet="50" muck="1" rebuy="0" addon="0" merge="0" rebuychips="0" reg_code="5055692099"/>
<player seat="6" name="Rakki" chips="490" dealer="1" win="0" bet="0" muck="1" rebuy="0" addon="0" merge="0" rebuychips="0" reg_code="5055692291"/>
<player seat="10" name="LaLcy91" chips="550" dealer="0" win="100" bet="86" muck="1" rebuy="0" addon="0" merge="0" rebuychips="0" reg_code="5055692535"/>
</players>
</general>
<round no="0"><action no="1" player="LaLcy91" type="1" discard="1" dealt="1" sum="10"/>
<action no="2" player="OndaBianca1" type="2" discard="1" dealt="1" sum="20"/>
</round>
<round no="1"><cards type="Pocket" player="Rakki">CK D3</cards>
<cards type="Pocket" player="LaLcy91">X X</cards>
<cards type="Pocket" player="OndaBianca1">X X</cards>
<action no="3" player="Rakki" type="0" sum="0"/>
<action no="4" player="LaLcy91" type="23" discard="1" dealt="1" sum="50"/>
<action no="5" player="OndaBianca1" type="3" discard="1" dealt="1" sum="30"/>
</round>
<round no="2"><cards type="Flop">HK S8 C4</cards>
<action no="6" player="LaLcy91" type="5" discard="1" dealt="1" sum="36"/>
<action no="7" player="OndaBianca1" type="0" discard="1" dealt="1" sum="0"/>
</round>
</game>
<game gamecode="6461978518"><general><startdate>2025-08-25 00:48:33</startdate>
<round>1</round>
<failsafecounter/>
<players><player seat="6" name="Rakki" chips="490" dealer="0" win="120" bet="490" muck="1" rebuy="0" addon="0" merge="0" rebuychips="0" reg_code="5055692291"/>
<player seat="10" name="LaLcy91" chips="600" dealer="1" win="0" bet="0" muck="1" rebuy="0" addon="0" merge="0" rebuychips="0" reg_code="5055692535"/>
<player seat="3" name="OndaBianca1" chips="410" dealer="0" win="0" bet="60" muck="1" rebuy="0" addon="0" merge="0" rebuychips="0" reg_code="5055692099"/>
</players>
</general>
<round no="0"><action no="1" player="OndaBianca1" type="1" discard="1" dealt="1" sum="10"/>
<action no="2" player="Rakki" type="2" sum="20"/>
</round>
<round no="1"><cards type="Pocket" player="LaLcy91">X X</cards>
<cards type="Pocket" player="Rakki">C7 S7</cards>
<cards type="Pocket" player="OndaBianca1">X X</cards>
<action no="3" player="LaLcy91" type="0" discard="1" dealt="1" sum="0"/>
<action no="4" player="OndaBianca1" type="23" discard="1" dealt="1" sum="60"/>
<action no="5" player="Rakki" type="23" sum="490"/>
<action no="6" player="OndaBianca1" type="0" discard="1" dealt="1" sum="0"/>
</round>
</game>
<game gamecode="6461978547"><general><startdate>2025-08-25 00:48:49</startdate>
<round>1</round>
<failsafecounter/>
<players><player seat="10" name="LaLcy91" chips="600" dealer="0" win="20" bet="20" muck="1" rebuy="0" addon="0" merge="0" rebuychips="0" reg_code="5055692535"/>
<player seat="3" name="OndaBianca1" chips="350" dealer="1" win="0" bet="0" muck="1" rebuy="0" addon="0" merge="0" rebuychips="0" reg_code="5055692099"/>
<player seat="6" name="Rakki" chips="550" dealer="0" win="0" bet="10" muck="1" rebuy="0" addon="0" merge="0" rebuychips="0" reg_code="5055692291"/>
</players>
</general>
<round no="0"><action no="1" player="Rakki" type="1" sum="10"/>
<action no="2" player="LaLcy91" type="2" discard="1" dealt="1" sum="20"/>
</round>
<round no="1"><cards type="Pocket" player="LaLcy91">X X</cards>
<cards type="Pocket" player="Rakki">D2 C5</cards>
<cards type="Pocket" player="OndaBianca1">X X</cards>
<action no="3" player="OndaBianca1" type="0" discard="1" dealt="1" sum="0"/>
<action no="4" player="Rakki" type="0" sum="0"/>
</round>
</game>
<game gamecode="6461978572"><general><startdate>2025-08-25 00:48:58</startdate>
<round>1</round>
<failsafecounter/>
<players><player seat="3" name="OndaBianca1" chips="350" dealer="0" win="0" bet="120" muck="1" rebuy="0" addon="0" merge="0" rebuychips="0" reg_code="5055692099"/>
<player seat="6" name="Rakki" chips="540" dealer="1" win="0" bet="0" muck="1" rebuy="0" addon="0" merge="0" rebuychips="0" reg_code="5055692291"/>
<player seat="10" name="LaLcy91" chips="610" dealer="0" win="240" bet="360" muck="1" rebuy="0" addon="0" merge="0" rebuychips="0" reg_code="5055692535"/>
</players>
</general>
<round no="0"><action no="1" player="LaLcy91" type="1" discard="1" dealt="1" sum="10"/>
<action no="2" player="OndaBianca1" type="2" discard="1" dealt="1" sum="20"/>
</round>
<round no="1"><cards type="Pocket" player="OndaBianca1">X X</cards>
<cards type="Pocket" player="Rakki">D5 HK</cards>
<cards type="Pocket" player="LaLcy91">X X</cards>
<action no="3" player="Rakki" type="0" sum="0"/>
<action no="4" player="LaLcy91" type="3" discard="1" dealt="1" sum="10"/>
<action no="5" player="OndaBianca1" type="23" discard="1" dealt="1" sum="60"/>
<action no="6" player="LaLcy91" type="3" discard="1" dealt="1" sum="40"/>
</round>
<round no="2"><cards type="Flop">D8 H3 C7</cards>
<action no="7" player="LaLcy91" type="4" discard="1" dealt="1" sum="0"/>
<action no="8" player="OndaBianca1" type="4" discard="1" dealt="1" sum="0"/>
</round>
<round no="3"><cards type="Turn">S8</cards>
<action no="9" player="LaLcy91" type="5" discard="1" dealt="1" sum="60"/>
<action no="10" player="OndaBianca1" type="3" discard="1" dealt="1" sum="60"/>
</round>
<round no="4"><cards type="River">S2</cards>
<action no="11" player="LaLcy91" type="5" discard="1" dealt="1" sum="240"/>
<action no="12" player="OndaBianca1" type="0" discard="1" dealt="1" sum="0"/>
</round>
</game>
<game gamecode="6461978612"><general><startdate>2025-08-25 00:49:22</startdate>
<round>1</round>
<failsafecounter/>
<players><player seat="6" name="Rakki" chips="540" dealer="0" win="0" bet="20" muck="1" rebuy="0" addon="0" merge="0" rebuychips="0" reg_code="5055692291"/>
<player seat="10" name="LaLcy91" chips="730" dealer="1" win="0" bet="20" muck="1" rebuy="0" addon="0" merge="0" rebuychips="0" reg_code="5055692535"/>
<player seat="3" name="OndaBianca1" chips="230" dealer="0" win="60" bet="230" muck="1" rebuy="0" addon="0" merge="0" rebuychips="0" reg_code="5055692099"/>
</players>
</general>
<round no="0"><action no="1" player="OndaBianca1" type="1" discard="1" dealt="1" sum="10"/>
<action no="2" player="Rakki" type="2" sum="20"/>
</round>
<round no="1"><cards type="Pocket" player="LaLcy91">X X</cards>
<cards type="Pocket" player="OndaBianca1">X X</cards>
<cards type="Pocket" player="Rakki">DJ H8</cards>
<action no="3" player="LaLcy91" type="3" discard="1" dealt="1" sum="20"/>
<action no="4" player="OndaBianca1" type="23" discard="1" dealt="1" sum="230"/>
<action no="5" player="Rakki" type="0" sum="0"/>
<action no="6" player="LaLcy91" type="0" discard="1" dealt="1" sum="0"/>
</round>
</game>
<game gamecode="6461978644"><general><startdate>2025-08-25 00:49:37</startdate>
<round>1</round>
<failsafecounter/>
<players><player seat="10" name="LaLcy91" chips="710" dealer="0" win="0" bet="40" muck="1" rebuy="0" addon="0" merge="0" rebuychips="0" reg_code="5055692535"/>
<player seat="3" name="OndaBianca1" chips="270" dealer="1" win="90" bet="70" muck="1" rebuy="0" addon="0" merge="0" rebuychips="0" reg_code="5055692099"/>
<player seat="6" name="Rakki" chips="520" dealer="0" win="0" bet="10" muck="1" rebuy="0" addon="0" merge="0" rebuychips="0" reg_code="5055692291"/>
</players>
</general>
<round no="0"><action no="1" player="Rakki" type="1" sum="10"/>
<action no="2" player="LaLcy91" type="2" discard="1" dealt="1" sum="20"/>
</round>
<round no="1"><cards type="Pocket" player="Rakki">CK C4</cards>
<cards type="Pocket" player="OndaBianca1">X X</cards>
<cards type="Pocket" player="LaLcy91">X X</cards>
<action no="3" player="OndaBianca1" type="23" discard="1" dealt="1" sum="40"/>
<action no="4" player="Rakki" type="0" sum="0"/>
<action no="5" player="LaLcy91" type="3" discard="1" dealt="1" sum="20"/>
</round>
<round no="2"><cards type="Flop">S6 SA S4</cards>
<action no="6" player="LaLcy91" type="4" discard="1" dealt="1" sum="0"/>
<action no="7" player="OndaBianca1" type="5" discard="1" dealt="1" sum="30"/>
<action no="8" player="LaLcy91" type="0" discard="1" dealt="1" sum="0"/>
</round>
</game>
<game gamecode="6461978674"><general><startdate>2025-08-25 00:49:54</startdate>
<round>1</round>
<failsafecounter/>
<players><player seat="3" name="OndaBianca1" chips="320" dealer="0" win="0" bet="35" muck="1" rebuy="0" addon="0" merge="0" rebuychips="0" reg_code="5055692099"/>
<player seat="6" name="Rakki" chips="510" dealer="1" win="0" bet="5" muck="1" rebuy="0" addon="0" merge="0" rebuychips="0" reg_code="5055692291"/>
<player seat="10" name="LaLcy91" chips="670" dealer="0" win="75" bet="65" muck="1" rebuy="0" addon="0" merge="0" rebuychips="0" reg_code="5055692535"/>
</players>
</general>
<round no="0"><action no="1" player="LaLcy91" type="15" discard="1" dealt="1" sum="5"/>
<action no="2" player="OndaBianca1" type="15" discard="1" dealt="1" sum="5"/>
<action no="3" player="Rakki" type="15" sum="5"/>
<action no="4" player="LaLcy91" type="1" discard="1" dealt="1" sum="15"/>
<action no="5" player="OndaBianca1" type="2" discard="1" dealt="1" sum="30"/>
</round>
<round no="1"><cards type="Pocket" player="Rakki">C6 D10</cards>
<cards type="Pocket" player="OndaBianca1">X X</cards>
<cards type="Pocket" player="LaLcy91">X X</cards>
<action no="6" player="Rakki" type="0" sum="0"/>
<action no="7" player="LaLcy91" type="23" discard="1" dealt="1" sum="60"/>
<action no="8" player="OndaBianca1" type="0" discard="1" dealt="1" sum="0"/>
</round>
</game>
<game gamecode="6461978702"><general><startdate>2025-08-25 00:50:05</startdate>
<round>1</round>
<failsafecounter/>
<players><player seat="6" name="Rakki" chips="505" dealer="0" win="0" bet="35" muck="1" rebuy="0" addon="0" merge="0" rebuychips="0" reg_code="5055692291"/>
<player seat="10" name="LaLcy91" chips="710" dealer="1" win="0" bet="35" muck="1" rebuy="0" addon="0" merge="0" rebuychips="0" reg_code="5055692535"/>
<player seat="3" name="OndaBianca1" chips="285" dealer="0" win="105" bet="285" muck="1" rebuy="0" addon="0" merge="0" rebuychips="0" reg_code="5055692099"/>
</players>
</general>
<round no="0"><action no="1" player="OndaBianca1" type="15" discard="1" dealt="1" sum="5"/>
<action no="2" player="Rakki" type="15" sum="5"/>
<action no="3" player="LaLcy91" type="15" discard="1" dealt="1" sum="5"/>
<action no="4" player="OndaBianca1" type="1" discard="1" dealt="1" sum="15"/>
<action no="5" player="Rakki" type="2" sum="30"/>
</round>
<round no="1"><cards type="Pocket" player="LaLcy91">X X</cards>
<cards type="Pocket" player="OndaBianca1">X X</cards>
<cards type="Pocket" player="Rakki">H5 D8</cards>
<action no="6" player="LaLcy91" type="3" discard="1" dealt="1" sum="30"/>
<action no="7" player="OndaBianca1" type="23" discard="1" dealt="1" sum="280"/>
<action no="8" player="Rakki" type="0" sum="0"/>
<action no="9" player="LaLcy91" type="0" discard="1" dealt="1" sum="0"/>
</round>
</game>
<game gamecode="6461978744"><general><startdate>2025-08-25 00:50:23</startdate>
<round>1</round>
<failsafecounter/>
<players><player seat="10" name="LaLcy91" chips="675" dealer="0" win="0" bet="35" muck="1" rebuy="0" addon="0" merge="0" rebuychips="0" reg_code="5055692535"/>
<player seat="3" name="OndaBianca1" chips="355" dealer="1" win="0" bet="5" muck="1" rebuy="0" addon="0" merge="0" rebuychips="0" reg_code="5055692099"/>
<player seat="6" name="Rakki" chips="470" dealer="0" win="75" bet="470" muck="1" rebuy="0" addon="0" merge="0" rebuychips="0" reg_code="5055692291"/>
</players>
</general>
<round no="0"><action no="1" player="Rakki" type="15" sum="5"/>
<action no="2" player="LaLcy91" type="15" discard="1" dealt="1" sum="5"/>
<action no="3" player="OndaBianca1" type="15" discard="1" dealt="1" sum="5"/>
<action no="4" player="Rakki" type="1" sum="15"/>
<action no="5" player="LaLcy91" type="2" discard="1" dealt="1" sum="30"/>
</round>
<round no="1"><cards type="Pocket" player="Rakki">HK C10</cards>
<cards type="Pocket" player="OndaBianca1">X X</cards>
<cards type="Pocket" player="LaLcy91">X X</cards>
<action no="6" player="OndaBianca1" type="0" discard="1" dealt="1" sum="0"/>
<action no="7" player="Rakki" type="23" sum="465"/>
<action no="8" player="LaLcy91" type="0" discard="1" dealt="1" sum="0"/>
</round>
</game>
<game gamecode="6461978768"><general><startdate>2025-08-25 00:50:34</startdate>
<round>1</round>
<failsafecounter/>
<players><player seat="3" name="OndaBianca1" chips="350" dealer="0" win="705" bet="350" muck="0" rebuy="0" addon="0" merge="0" rebuychips="0" reg_code="5055692099"/>
<player seat="6" name="Rakki" chips="510" dealer="1" win="0" bet="5" muck="1" rebuy="0" addon="0" merge="0" rebuychips="0" reg_code="5055692291"/>
<player seat="10" name="LaLcy91" chips="640" dealer="0" win="0" bet="401" muck="1" rebuy="0" addon="0" merge="0" rebuychips="0" reg_code="5055692535"/>
</players>
</general>
<round no="0"><action no="1" player="LaLcy91" type="15" discard="1" dealt="1" sum="5"/>
<action no="2" player="OndaBianca1" type="15" discard="1" dealt="1" sum="5"/>
<action no="3" player="Rakki" type="15" sum="5"/>
<action no="4" player="LaLcy91" type="1" discard="1" dealt="1" sum="15"/>
<action no="5" player="OndaBianca1" type="2" discard="1" dealt="1" sum="30"/>
</round>
<round no="1"><cards type="Pocket" player="LaLcy91">C8 D8</cards>
<cards type="Pocket" player="Rakki">SJ C2</cards>
<cards type="Pocket" player="OndaBianca1">C10 H7</cards>
<action no="6" player="Rakki" type="0" sum="0"/>
<action no="7" player="LaLcy91" type="23" discard="1" dealt="1" sum="60"/>
<action no="8" player="OndaBianca1" type="3" discard="1" dealt="1" sum="30"/>
</round>
<round no="2"><cards type="Flop">D10 D2 SA</cards>
<action no="9" player="LaLcy91" type="5" discard="1" dealt="1" sum="67"/>
<action no="10" player="OndaBianca1" type="3" discard="1" dealt="1" sum="67"/>
</round>
<round no="3"><cards type="Turn">C7</cards>
<action no="11" player="LaLcy91" type="5" discard="1" dealt="1" sum="269"/>
<action no="12" player="OndaBianca1" type="7" discard="1" dealt="1" sum="218"/>
</round>
<round no="4"><cards type="River">HJ</cards>
</round>
</game>
<game gamecode="6461978813"><general><startdate>2025-08-25 00:50:57</startdate>
<round>1</round>
<failsafecounter/>
<players><player seat="6" name="Rakki" chips="505" dealer="0" win="45" bet="35" muck="1" rebuy="0" addon="0" merge="0" rebuychips="0" reg_code="5055692291"/>
<player seat="10" name="LaLcy91" chips="290" dealer="1" win="0" bet="5" muck="1" rebuy="0" addon="0" merge="0" rebuychips="0" reg_code="5055692535"/>
<player seat="3" name="OndaBianca1" chips="705" dealer="0" win="0" bet="20" muck="1" rebuy="0" addon="0" merge="0" rebuychips="0" reg_code="5055692099"/>
</players>
</general>
<round no="0"><action no="1" player="OndaBianca1" type="15" discard="1" dealt="1" sum="5"/>
<action no="2" player="Rakki" type="15" sum="5"/>
<action no="3" player="LaLcy91" type="15" discard="1" dealt="1" sum="5"/>
<action no="4" player="OndaBianca1" type="1" discard="1" dealt="1" sum="15"/>
<action no="5" player="Rakki" type="2" sum="30"/>
</round>
<round no="1"><cards type="Pocket" player="Rakki">H4 SQ</cards>
<cards type="Pocket" player="OndaBianca1">X X</cards>
<cards type="Pocket" player="LaLcy91">X X</cards>
<action no="6" player="LaLcy91" type="0" discard="1" dealt="1" sum="0"/>
<action no="7" player="OndaBianca1" type="0" discard="1" dealt="1" sum="0"/>
</round>
</game>
<game gamecode="6461978825"><general><startdate>2025-08-25 00:51:05</startdate>
<round>1</round>
<failsafecounter/>
<players><player seat="10" name="LaLcy91" chips="285" dealer="0" win="0" bet="65" muck="1" rebuy="0" addon="0" merge="0" rebuychips="0" reg_code="5055692535"/>
<player seat="3" name="OndaBianca1" chips="685" dealer="1" win="150" bet="440" muck="1" rebuy="0" addon="0" merge="0" rebuychips="0" reg_code="5055692099"/>
<player seat="6" name="Rakki" chips="530" dealer="0" win="0" bet="20" muck="1" rebuy="0" addon="0" merge="0" rebuychips="0" reg_code="5055692291"/>
</players>
</general>
<round no="0"><action no="1" player="Rakki" type="15" sum="5"/>
<action no="2" player="LaLcy91" type="15" discard="1" dealt="1" sum="5"/>
<action no="3" player="OndaBianca1" type="15" discard="1" dealt="1" sum="5"/>
<action no="4" player="Rakki" type="1" sum="15"/>
<action no="5" player="LaLcy91" type="2" discard="1" dealt="1" sum="30"/>
</round>
<round no="1"><cards type="Pocket" player="Rakki">D10 S8</cards>
<cards type="Pocket" player="OndaBianca1">X X</cards>
<cards type="Pocket" player="LaLcy91">X X</cards>
<action no="6" player="OndaBianca1" type="23" discard="1" dealt="1" sum="60"/>
<action no="7" player="Rakki" type="0" sum="0"/>
<action no="8" player="LaLcy91" type="3" discard="1" dealt="1" sum="30"/>
</round>
<round no="2"><cards type="Flop">CK CJ S4</cards>
<action no="9" player="LaLcy91" type="4" discard="1" dealt="1" sum="0"/>
<action no="10" player="OndaBianca1" type="5" discard="1" dealt="1" sum="375"/>
<action no="11" player="LaLcy91" type="0" discard="1" dealt="1" sum="0"/>
</round>
</game>
<game gamecode="6461978859"><general><startdate>2025-08-25 00:51:23</startdate>
<round>1</round>
<failsafecounter/>
<players><player seat="3" name="OndaBianca1" chips="770" dealer="0" win="0" bet="45" muck="1" rebuy="0" addon="0" merge="0" rebuychips="0" reg_code="5055692099"/>
<player seat="6" name="Rakki" chips="510" dealer="1" win="115" bet="510" muck="1" rebuy="0" addon="0" merge="0" rebuychips="0" reg_code="5055692291"/>
<player seat="10" name="LaLcy91" chips="220" dealer="0" win="0" bet="25" muck="1" rebuy="0" addon="0" merge="0" rebuychips="0" reg_code="5055692535"/>
</players>
</general>
<round no="0"><action no="1" player="LaLcy91" type="15" discard="1" dealt="1" sum="5"/>
<action no="2" player="OndaBianca1" type="15" discard="1" dealt="1" sum="5"/>
<action no="3" player="Rakki" type="15" sum="5"/>
<action no="4" player="LaLcy91" type="1" discard="1" dealt="1" sum="20"/>
<action no="5" player="OndaBianca1" type="2" discard="1" dealt="1" sum="40"/>
</round>
<round no="1"><cards type="Pocket" player="LaLcy91">X X</cards>
<cards type="Pocket" player="OndaBianca1">X X</cards>
<cards type="Pocket" player="Rakki">HK SA</cards>
<action no="6" player="Rakki" type="23" sum="505"/>
<action no="7" player="LaLcy91" type="0" discard="1" dealt="1" sum="0"/>
<action no="8" player="OndaBianca1" type="0" discard="1" dealt="1" sum="0"/>
</round>
</game>
<game gamecode="6461978883"><general><startdate>2025-08-25 00:51:36</startdate>
<round>1</round>
<failsafecounter/>
<players><player seat="6" name="Rakki" chips="580" dealer="0" win="415" bet="245" muck="0" rebuy="0" addon="0" merge="0" rebuychips="0" reg_code="5055692291"/>
<player seat="10" name="LaLcy91" chips="195" dealer="1" win="0" bet="195" muck="0" rebuy="0" addon="0" merge="0" rebuychips="0" reg_code="5055692535"/>
<player seat="3" name="OndaBianca1" chips="725" dealer="0" win="0" bet="25" muck="1" rebuy="0" addon="0" merge="0" rebuychips="0" reg_code="5055692099"/>
</players>
</general>
<round no="0"><action no="1" player="OndaBianca1" type="15" discard="1" dealt="1" sum="5"/>
<action no="2" player="Rakki" type="15" sum="5"/>
<action no="3" player="LaLcy91" type="15" discard="1" dealt="1" sum="5"/>
<action no="4" player="OndaBianca1" type="1" discard="1" dealt="1" sum="20"/>
<action no="5" player="Rakki" type="2" sum="40"/>
</round>
<round no="1"><cards type="Pocket" player="Rakki">DA C7</cards>
<cards type="Pocket" player="OndaBianca1">X X</cards>
<cards type="Pocket" player="LaLcy91">H6 DQ</cards>
<action no="6" player="LaLcy91" type="23" discard="1" dealt="1" sum="100"/>
<action no="7" player="OndaBianca1" type="0" discard="1" dealt="1" sum="0"/>
<action no="8" player="Rakki" type="23" sum="240"/>
<action no="9" player="LaLcy91" type="7" discard="1" dealt="1" sum="90"/>
</round>
<round no="2"><cards type="Flop">S4 SK C4</cards>
</round>
<round no="3"><cards type="Turn">D7</cards>
</round>
<round no="4"><cards type="River">D10</cards>
</round>
</game>
<game gamecode="6461978927"><general><startdate>2025-08-25 00:51:58</startdate>
<round>1</round>
<failsafecounter/>
<players><player seat="6" name="Rakki" chips="800" dealer="0" win="900" bet="800" muck="1" rebuy="0" addon="0" merge="0" rebuychips="0" reg_code="5055692291"/>
<player seat="3" name="OndaBianca1" chips="700" dealer="1" win="0" bet="450" muck="1" rebuy="0" addon="0" merge="0" rebuychips="0" reg_code="5055692099"/>
</players>
</general>
<round no="0"><action no="1" player="OndaBianca1" type="15" discard="1" dealt="1" sum="5"/>
<action no="2" player="Rakki" type="15" sum="5"/>
<action no="3" player="OndaBianca1" type="1" discard="1" dealt="1" sum="20"/>
<action no="4" player="Rakki" type="2" sum="40"/>
</round>
<round no="1"><cards type="Pocket" player="Rakki">C9 C5</cards>
<cards type="Pocket" player="OndaBianca1">X X</cards>
<action no="5" player="OndaBianca1" type="3" discard="1" dealt="1" sum="20"/>
<action no="6" player="Rakki" type="4" sum="0"/>
</round>
<round no="2"><cards type="Flop">CJ H2 S5</cards>
<action no="7" player="Rakki" type="4" sum="0"/>
<action no="8" player="OndaBianca1" type="4" discard="1" dealt="1" sum="0"/>
</round>
<round no="3"><cards type="Turn">CA</cards>
<action no="9" player="Rakki" type="4" sum="0"/>
<action no="10" player="OndaBianca1" type="5" discard="1" dealt="1" sum="135"/>
<action no="11" player="Rakki" type="3" sum="135"/>
</round>
<round no="4"><cards type="River">D5</cards>
<action no="12" player="Rakki" type="4" sum="0"/>
<action no="13" player="OndaBianca1" type="5" discard="1" dealt="1" sum="270"/>
<action no="14" player="Rakki" type="23" sum="620"/>
<action no="15" player="OndaBianca1" type="0" discard="1" dealt="1" sum="0"/>
</round>
</game>
<game gamecode="6461979001"><general><startdate>2025-08-25 00:52:39</startdate>
<round>1</round>
<failsafecounter/>
<players><player seat="3" name="OndaBianca1" chips="250" dealer="0" win="50" bet="45" muck="1" rebuy="0" addon="0" merge="0" rebuychips="0" reg_code="5055692099"/>
<player seat="6" name="Rakki" chips="1,250" dealer="1" win="0" bet="25" muck="1" rebuy="0" addon="0" merge="0" rebuychips="0" reg_code="5055692291"/>
</players>
</general>
<round no="0"><action no="1" player="Rakki" type="15" sum="5"/>
<action no="2" player="OndaBianca1" type="15" discard="1" dealt="1" sum="5"/>
<action no="3" player="Rakki" type="1" sum="20"/>
<action no="4" player="OndaBianca1" type="2" discard="1" dealt="1" sum="40"/>
</round>
<round no="1"><cards type="Pocket" player="Rakki">H9 D2</cards>
<cards type="Pocket" player="OndaBianca1">X X</cards>
<action no="5" player="Rakki" type="0" sum="0"/>
</round>
</game>
<game gamecode="6461979014"><general><startdate>2025-08-25 00:52:46</startdate>
<round>1</round>
<failsafecounter/>
<players><player seat="6" name="Rakki" chips="1,225" dealer="0" win="0" bet="45" muck="1" rebuy="0" addon="0" merge="0" rebuychips="0" reg_code="5055692291"/>
<player seat="3" name="OndaBianca1" chips="275" dealer="1" win="90" bet="275" muck="1" rebuy="0" addon="0" merge="0" rebuychips="0" reg_code="5055692099"/>
</players>
</general>
<round no="0"><action no="1" player="OndaBianca1" type="15" discard="1" dealt="1" sum="5"/>
<action no="2" player="Rakki" type="15" sum="5"/>
<action no="3" player="OndaBianca1" type="1" discard="1" dealt="1" sum="20"/>
<action no="4" player="Rakki" type="2" sum="40"/>
</round>
<round no="1"><cards type="Pocket" player="Rakki">S4 H9</cards>
<cards type="Pocket" player="OndaBianca1">X X</cards>
<action no="5" player="OndaBianca1" type="23" discard="1" dealt="1" sum="270"/>
<action no="6" player="Rakki" type="0" sum="0"/>
</round>
</game>
<game gamecode="6461979036"><general><startdate>2025-08-25 00:52:57</startdate>
<round>1</round>
<failsafecounter/>
<players><player seat="3" name="OndaBianca1" chips="320" dealer="0" win="270" bet="135" muck="0" rebuy="0" addon="0" merge="0" rebuychips="0" reg_code="5055692099"/>
<player seat="6" name="Rakki" chips="1,180" dealer="1" win="0" bet="135" muck="1" rebuy="0" addon="0" merge="0" rebuychips="0" reg_code="5055692291"/>
</players>
</general>
<round no="0"><action no="1" player="Rakki" type="15" sum="5"/>
<action no="2" player="OndaBianca1" type="15" discard="1" dealt="1" sum="5"/>
<action no="3" player="Rakki" type="1" sum="20"/>
<action no="4" player="OndaBianca1" type="2" discard="1" dealt="1" sum="40"/>
</round>
<round no="1"><cards type="Pocket" player="Rakki">H3 H6</cards>
<cards type="Pocket" player="OndaBianca1">S5 D6</cards>
<action no="5" player="Rakki" type="3" sum="20"/>
<action no="6" player="OndaBianca1" type="4" discard="1" dealt="1" sum="0"/>
</round>
<round no="2"><cards type="Flop">D5 D4 SK</cards>
<action no="7" player="OndaBianca1" type="4" discard="1" dealt="1" sum="0"/>
<action no="8" player="Rakki" type="4" sum="0"/>
</round>
<round no="3"><cards type="Turn">S3</cards>
<action no="9" player="OndaBianca1" type="5" discard="1" dealt="1" sum="90"/>
<action no="10" player="Rakki" type="3" sum="90"/>
</round>
<round no="4"><cards type="River">D8</cards>
<action no="11" player="OndaBianca1" type="4" discard="1" dealt="1" sum="0"/>
<action no="12" player="Rakki" type="4" sum="0"/>
</round>
</game>
<game gamecode="6461979073"><general><startdate>2025-08-25 00:53:19</startdate>
<round>1</round>
<failsafecounter/>
<players><player seat="6" name="Rakki" chips="1,045" dealer="0" win="0" bet="65" muck="1" rebuy="0" addon="0" merge="0" rebuychips="0" reg_code="5055692291"/>
<player seat="3" name="OndaBianca1" chips="455" dealer="1" win="130" bet="125" muck="1" rebuy="0" addon="0" merge="0" rebuychips="0" reg_code="5055692099"/>
</players>
</general>
<round no="0"><action no="1" player="OndaBianca1" type="15" discard="1" dealt="1" sum="5"/>
<action no="2" player="Rakki" type="15" sum="5"/>
<action no="3" player="OndaBianca1" type="1" discard="1" dealt="1" sum="30"/>
<action no="4" player="Rakki" type="2" sum="60"/>
</round>
<round no="1"><cards type="Pocket" player="Rakki">C2 HJ</cards>
<cards type="Pocket" player="OndaBianca1">X X</cards>
<action no="5" player="OndaBianca1" type="3" discard="1" dealt="1" sum="30"/>
<action no="6" player="Rakki" type="4" sum="0"/>
</round>
<round no="2"><cards type="Flop">H10 C10 HA</cards>
<action no="7" player="Rakki" type="4" sum="0"/>
<action no="8" player="OndaBianca1" type="5" discard="1" dealt="1" sum="60"/>
<action no="9" player="Rakki" type="0" sum="0"/>
</round>
</game>
<game gamecode="6461987312"><general><startdate>2025-08-25 00:53:30</startdate>
<round>1</round>
<failsafecounter/>
<players><player seat="3" name="OndaBianca1" chips="520" dealer="0" win="0" bet="520" muck="0" rebuy="0" addon="0" merge="0" rebuychips="0" reg_code="5055692099"/>
<player seat="6" name="Rakki" chips="980" dealer="1" win="1,040" bet="980" muck="0" rebuy="0" addon="0" merge="0" rebuychips="0" reg_code="5055692291"/>
</players>
</general>
<round no="0"><action no="1" player="Rakki" type="15" sum="5"/>
<action no="2" player="OndaBianca1" type="15" discard="1" dealt="1" sum="5"/>
<action no="3" player="Rakki" type="1" sum="30"/>
<action no="4" player="OndaBianca1" type="2" discard="1" dealt="1" sum="60"/>
</round>
<round no="1"><cards type="Pocket" player="OndaBianca1">D6 C6</cards>
<cards type="Pocket" player="Rakki">DK D2</cards>
<action no="5" player="Rakki" type="23" sum="975"/>
<action no="6" player="OndaBianca1" type="7" discard="1" dealt="1" sum="455"/>
</round>
<round no="2"><cards type="Flop">H4 C2 D8</cards>
</round>
<round no="3"><cards type="Turn">CQ</cards>
</round>
<round no="4"><cards type="River">SK</cards>
</round>
</game>
</session>
