<?xml version="1.0" encoding="UTF-8"?>
<session sessioncode="5055767035">
<general>
<client_version>25.1.1.16</client_version>
<mode>real</mode>
<gametype>Holdem NL</gametype>
<tablename>Twister €100 SNG, 816464378</tablename>
<tournamentcode>816464377</tournamentcode>
<tournamentname>Twister €100 SNG</tournamentname>
<buyin>€0 + €7 + €93</buyin>
<totalbuyin>€100</totalbuyin>
<rewarddrawn>€300</rewarddrawn>
<tournamentcurrency>EUR</tournamentcurrency>
<currency>EUR</currency>
<nickname>Rakki</nickname>
<gamecount>13</gamecount>
<startdate>2025-08-25 14:50:23</startdate>
<place>1</place>
<win>€300</win>
<tablesize>3</tablesize>
</general>
<game gamecode="6462290390"><general><startdate>2025-08-25 14:50:38</startdate>
<round>1</round>
<failsafecounter/>
<players><player seat="3" name="xiuder0nn17" chips="500" dealer="0" win="0" bet="40" muck="1" rebuy="0" addon="0" merge="0" rebuychips="0" reg_code="5055766902"/>
<player seat="6" name="Rakki" chips="500" dealer="1" win="90" bet="80" muck="1" rebuy="0" addon="0" merge="0" rebuychips="0" reg_code="5055767035"/>
<player seat="10" name="Sottosalpontos" chips="500" dealer="0" win="0" bet="10" muck="1" rebuy="0" addon="0" merge="0" rebuychips="0" reg_code="5055767263"/>
</players>
</general>
<round no="0"><action no="1" player="Sottosalpontos" type="1" discard="1" dealt="1" sum="10"/>
<action no="2" player="xiuder0nn17" type="2" discard="1" dealt="1" sum="20"/>
</round>
<round no="1"><cards type="Pocket" player="Sottosalpontos">X X</cards>
<cards type="Pocket" player="xiuder0nn17">X X</cards>
<cards type="Pocket" player="Rakki">SJ HA</cards>
<action no="3" player="Rakki" type="23" sum="40"/>
<action no="4" player="Sottosalpontos" type="0" discard="1" dealt="1" sum="0"/>
<action no="5" player="xiuder0nn17" type="3" discard="1" dealt="1" sum="20"/>
</round>
<round no="2"><cards type="Flop">D4 S5 H10</cards>
<action no="6" player="xiuder0nn17" type="4" discard="1" dealt="1" sum="0"/>
<action no="7" player="Rakki" type="5" sum="40"/>
<action no="8" player="xiuder0nn17" type="0" discard="1" dealt="1" sum="0"/>
</round>
</game>
<game gamecode="6462290424"><general><startdate>2025-08-25 14:50:57</startdate>
<round>1</round>
<failsafecounter/>
<players><player seat="6" name="Rakki" chips="550" dealer="0" win="20" bet="20" muck="1" rebuy="0" addon="0" merge="0" rebuychips="0" reg_code="5055767035"/>
<player seat="10" name="Sottosalpontos" chips="490" dealer="1" win="0" bet="0" muck="1" rebuy="0" addon="0" merge="0" rebuychips="0" reg_code="5055767263"/>
<player seat="3" name="xiuder0nn17" chips="460" dealer="0" win="0" bet="10" muck="1" rebuy="0" addon="0" merge="0" rebuychips="0" reg_code="5055766902"/>
</players>
</general>
<round no="0"><action no="1" player="xiuder0nn17" type="1" discard="1" dealt="1" sum="10"/>
<action no="2" player="Rakki" type="2" sum="20"/>
</round>
<round no="1"><cards type="Pocket" player="Rakki">C4 S10</cards>
<cards type="Pocket" player="xiuder0nn17">X X</cards>
<cards type="Pocket" player="Sottosalpontos">X X</cards>
<action no="3" player="Sottosalpontos" type="0" discard="1" dealt="1" sum="0"/>
<action no="4" player="xiuder0nn17" type="0" discard="1" dealt="1" sum="0"/>
</round>
</game>
<game gamecode="6462290444"><general><startdate>2025-08-25 14:51:10</startdate>
<round>1</round>
<failsafecounter/>
<players><player seat="10" name="Sottosalpontos" chips="490" dealer="0" win="0" bet="60" muck="1" rebuy="0" addon="0" merge="0" rebuychips="0" reg_code="5055767263"/>
<player seat="3" name="xiuder0nn17" chips="450" dealer="1" win="0" bet="0" muck="1" rebuy="0" addon="0" merge="0" rebuychips="0" reg_code="5055766902"/>
<player seat="6" name="Rakki" chips="560" dealer="0" win="120" bet="90" muck="1" rebuy="0" addon="0" merge="0" rebuychips="0" reg_code="5055767035"/>
</players>
</general>
<round no="0"><action no="1" player="Rakki" type="1" sum="10"/>
<action no="2" player="Sottosalpontos" type="2" discard="1" dealt="1" sum="20"/>
</round>
<round no="1"><cards type="Pocket" player="xiuder0nn17">X X</cards>
<cards type="Pocket" player="Sottosalpontos">X X</cards>
<cards type="Pocket" player="Rakki">CA HJ</cards>
<action no="3" player="xiuder0nn17" type="0" discard="1" dealt="1" sum="0"/>
<action no="4" player="Rakki" type="23" sum="60"/>
<action no="5" player="Sottosalpontos" type="3" discard="1" dealt="1" sum="40"/>
</round>
<round no="2"><cards type="Flop">DK H6 C8</cards>
<action no="6" player="Rakki" type="5" sum="30"/>
<action no="7" player="Sottosalpontos" type="0" discard="1" dealt="1" sum="0"/>
</round>
</game>
<game gamecode="6462290481"><general><startdate>2025-08-25 14:51:30</startdate>
<round>1</round>
<failsafecounter/>
<players><player seat="3" name="xiuder0nn17" chips="450" dealer="0" win="0" bet="20" muck="1" rebuy="0" addon="0" merge="0" rebuychips="0" reg_code="5055766902"/>
<player seat="6" name="Rakki" chips="620" dealer="1" win="0" bet="0" muck="1" rebuy="0" addon="0" merge="0" rebuychips="0" reg_code="5055767035"/>
<player seat="10" name="Sottosalpontos" chips="430" dealer="0" win="40" bet="430" muck="1" rebuy="0" addon="0" merge="0" rebuychips="0" reg_code="5055767263"/>
</players>
</general>
<round no="0"><action no="1" player="Sottosalpontos" type="1" discard="1" dealt="1" sum="10"/>
<action no="2" player="xiuder0nn17" type="2" discard="1" dealt="1" sum="20"/>
</round>
<round no="1"><cards type="Pocket" player="xiuder0nn17">X X</cards>
<cards type="Pocket" player="Rakki">D5 CQ</cards>
<cards type="Pocket" player="Sottosalpontos">X X</cards>
<action no="3" player="Rakki" type="0" sum="0"/>
<action no="4" player="Sottosalpontos" type="23" discard="1" dealt="1" sum="430"/>
<action no="5" player="xiuder0nn17" type="0" discard="1" dealt="1" sum="0"/>
</round>
</game>
<game gamecode="6462290508"><general><startdate>2025-08-25 14:51:44</startdate>
<round>1</round>
<failsafecounter/>
<players><player seat="6" name="Rakki" chips="620" dealer="0" win="0" bet="20" muck="1" rebuy="0" addon="0" merge="0" rebuychips="0" reg_code="5055767035"/>
<player seat="10" name="Sottosalpontos" chips="450" dealer="1" win="0" bet="0" muck="1" rebuy="0" addon="0" merge="0" rebuychips="0" reg_code="5055767263"/>
<player seat="3" name="xiuder0nn17" chips="430" dealer="0" win="40" bet="40" muck="1" rebuy="0" addon="0" merge="0" rebuychips="0" reg_code="5055766902"/>
</players>
</general>
<round no="0"><action no="1" player="xiuder0nn17" type="1" discard="1" dealt="1" sum="10"/>
<action no="2" player="Rakki" type="2" sum="20"/>
</round>
<round no="1"><cards type="Pocket" player="xiuder0nn17">X X</cards>
<cards type="Pocket" player="Sottosalpontos">X X</cards>
<cards type="Pocket" player="Rakki">H2 C7</cards>
<action no="3" player="Sottosalpontos" type="0" discard="1" dealt="1" sum="0"/>
<action no="4" player="xiuder0nn17" type="3" discard="1" dealt="1" sum="10"/>
<action no="5" player="Rakki" type="4" sum="0"/>
</round>
<round no="2"><cards type="Flop">DK H8 C3</cards>
<action no="6" player="xiuder0nn17" type="5" discard="1" dealt="1" sum="20"/>
<action no="7" player="Rakki" type="0" sum="0"/>
</round>
</game>
<game gamecode="6462290557"><general><startdate>2025-08-25 14:52:08</startdate>
<round>1</round>
<failsafecounter/>
<players><player seat="10" name="Sottosalpontos" chips="450" dealer="0" win="0" bet="260" muck="1" rebuy="0" addon="0" merge="0" rebuychips="0" reg_code="5055767263"/>
<player seat="3" name="xiuder0nn17" chips="450" dealer="1" win="0" bet="0" muck="1" rebuy="0" addon="0" merge="0" rebuychips="0" reg_code="5055766902"/>
<player seat="6" name="Rakki" chips="600" dealer="0" win="520" bet="260" muck="0" rebuy="0" addon="0" merge="0" rebuychips="0" reg_code="5055767035"/>
</players>
</general>
<round no="0"><action no="1" player="Rakki" type="1" sum="10"/>
<action no="2" player="Sottosalpontos" type="2" discard="1" dealt="1" sum="20"/>
</round>
<round no="1"><cards type="Pocket" player="xiuder0nn17">X X</cards>
<cards type="Pocket" player="Rakki">H10 HQ</cards>
<cards type="Pocket" player="Sottosalpontos">CA C8</cards>
<action no="3" player="xiuder0nn17" type="0" discard="1" dealt="1" sum="0"/>
<action no="4" player="Rakki" type="23" sum="60"/>
<action no="5" player="Sottosalpontos" type="3" discard="1" dealt="1" sum="40"/>
</round>
<round no="2"><cards type="Flop">S2 DJ H8</cards>
<action no="6" player="Rakki" type="5" sum="30"/>
<action no="7" player="Sottosalpontos" type="3" discard="1" dealt="1" sum="30"/>
</round>
<round no="3"><cards type="Turn">HJ</cards>
<action no="8" player="Rakki" type="5" sum="70"/>
<action no="9" player="Sottosalpontos" type="3" discard="1" dealt="1" sum="70"/>
</round>
<round no="4"><cards type="River">C10</cards>
<action no="10" player="Rakki" type="5" sum="100"/>
<action no="11" player="Sottosalpontos" type="3" discard="1" dealt="1" sum="100"/>
</round>
</game>
<game gamecode="6462290631"><general><startdate>2025-08-25 14:52:48</startdate>
<round>1</round>
<failsafecounter/>
<players><player seat="3" name="xiuder0nn17" chips="450" dealer="0" win="45" bet="35" muck="1" rebuy="0" addon="0" merge="0" rebuychips="0" reg_code="5055766902"/>
<player seat="6" name="Rakki" chips="860" dealer="1" win="0" bet="5" muck="1" rebuy="0" addon="0" merge="0" rebuychips="0" reg_code="5055767035"/>
<player seat="10" name="Sottosalpontos" chips="190" dealer="0" win="0" bet="20" muck="1" rebuy="0" addon="0" merge="0" rebuychips="0" reg_code="5055767263"/>
</players>
</general>
<round no="0"><action no="1" player="Sottosalpontos" type="15" discard="1" dealt="1" sum="5"/>
<action no="2" player="xiuder0nn17" type="15" discard="1" dealt="1" sum="5"/>
<action no="3" player="Rakki" type="15" sum="5"/>
<action no="4" player="Sottosalpontos" type="1" discard="1" dealt="1" sum="15"/>
<action no="5" player="xiuder0nn17" type="2" discard="1" dealt="1" sum="30"/>
</round>
<round no="1"><cards type="Pocket" player="Rakki">DK S9</cards>
<cards type="Pocket" player="xiuder0nn17">X X</cards>
<cards type="Pocket" player="Sottosalpontos">X X</cards>
<action no="6" player="Rakki" type="0" sum="0"/>
<action no="7" player="Sottosalpontos" type="0" discard="1" dealt="1" sum="0"/>
</round>
</game>
<game gamecode="6462290649"><general><startdate>2025-08-25 14:52:56</startdate>
<round>1</round>
<failsafecounter/>
<players><player seat="6" name="Rakki" chips="855" dealer="0" win="45" bet="35" muck="1" rebuy="0" addon="0" merge="0" rebuychips="0" reg_code="5055767035"/>
<player seat="10" name="Sottosalpontos" chips="170" dealer="1" win="0" bet="5" muck="1" rebuy="0" addon="0" merge="0" rebuychips="0" reg_code="5055767263"/>
<player seat="3" name="xiuder0nn17" chips="475" dealer="0" win="0" bet="20" muck="1" rebuy="0" addon="0" merge="0" rebuychips="0" reg_code="5055766902"/>
</players>
</general>
<round no="0"><action no="1" player="xiuder0nn17" type="15" discard="1" dealt="1" sum="5"/>
<action no="2" player="Rakki" type="15" sum="5"/>
<action no="3" player="Sottosalpontos" type="15" discard="1" dealt="1" sum="5"/>
<action no="4" player="xiuder0nn17" type="1" discard="1" dealt="1" sum="15"/>
<action no="5" player="Rakki" type="2" sum="30"/>
</round>
<round no="1"><cards type="Pocket" player="Rakki">D6 C9</cards>
<cards type="Pocket" player="Sottosalpontos">X X</cards>
<cards type="Pocket" player="xiuder0nn17">X X</cards>
<action no="6" player="Sottosalpontos" type="0" discard="1" dealt="1" sum="0"/>
<action no="7" player="xiuder0nn17" type="0" discard="1" dealt="1" sum="0"/>
</round>
</game>
<game gamecode="6462290664"><general><startdate>2025-08-25 14:53:02</startdate>
<round>1</round>
<failsafecounter/>
<players><player seat="10" name="Sottosalpontos" chips="165" dealer="0" win="0" bet="35" muck="1" rebuy="0" addon="0" merge="0" rebuychips="0" reg_code="5055767263"/>
<player seat="3" name="xiuder0nn17" chips="455" dealer="1" win="0" bet="5" muck="1" rebuy="0" addon="0" merge="0" rebuychips="0" reg_code="5055766902"/>
<player seat="6" name="Rakki" chips="880" dealer="0" win="75" bet="880" muck="1" rebuy="0" addon="0" merge="0" rebuychips="0" reg_code="5055767035"/>
</players>
</general>
<round no="0"><action no="1" player="Rakki" type="15" sum="5"/>
<action no="2" player="Sottosalpontos" type="15" discard="1" dealt="1" sum="5"/>
<action no="3" player="xiuder0nn17" type="15" discard="1" dealt="1" sum="5"/>
<action no="4" player="Rakki" type="1" sum="15"/>
<action no="5" player="Sottosalpontos" type="2" discard="1" dealt="1" sum="30"/>
</round>
<round no="1"><cards type="Pocket" player="Rakki">HK CQ</cards>
<cards type="Pocket" player="xiuder0nn17">X X</cards>
<cards type="Pocket" player="Sottosalpontos">X X</cards>
<action no="6" player="xiuder0nn17" type="0" discard="1" dealt="1" sum="0"/>
<action no="7" player="Rakki" type="23" sum="875"/>
<action no="8" player="Sottosalpontos" type="0" discard="1" dealt="1" sum="0"/>
</round>
</game>
<game gamecode="6462290686"><general><startdate>2025-08-25 14:53:12</startdate>
<round>1</round>
<failsafecounter/>
<players><player seat="3" name="xiuder0nn17" chips="450" dealer="0" win="0" bet="35" muck="1" rebuy="0" addon="0" merge="0" rebuychips="0" reg_code="5055766902"/>
<player seat="6" name="Rakki" chips="920" dealer="1" win="0" bet="5" muck="1" rebuy="0" addon="0" merge="0" rebuychips="0" reg_code="5055767035"/>
<player seat="10" name="Sottosalpontos" chips="130" dealer="0" win="75" bet="130" muck="1" rebuy="0" addon="0" merge="0" rebuychips="0" reg_code="5055767263"/>
</players>
</general>
<round no="0"><action no="1" player="Sottosalpontos" type="15" discard="1" dealt="1" sum="5"/>
<action no="2" player="xiuder0nn17" type="15" discard="1" dealt="1" sum="5"/>
<action no="3" player="Rakki" type="15" sum="5"/>
<action no="4" player="Sottosalpontos" type="1" discard="1" dealt="1" sum="15"/>
<action no="5" player="xiuder0nn17" type="2" discard="1" dealt="1" sum="30"/>
</round>
<round no="1"><cards type="Pocket" player="Rakki">S5 S10</cards>
<cards type="Pocket" player="xiuder0nn17">X X</cards>
<cards type="Pocket" player="Sottosalpontos">X X</cards>
<action no="6" player="Rakki" type="0" sum="0"/>
<action no="7" player="Sottosalpontos" type="23" discard="1" dealt="1" sum="125"/>
<action no="8" player="xiuder0nn17" type="0" discard="1" dealt="1" sum="0"/>
</round>
</game>
<game gamecode="6462290703"><general><startdate>2025-08-25 14:53:22</startdate>
<round>1</round>
<failsafecounter/>
<players><player seat="6" name="Rakki" chips="915" dealer="0" win="345" bet="170" muck="0" rebuy="0" addon="0" merge="0" rebuychips="0" reg_code="5055767035"/>
<player seat="10" name="Sottosalpontos" chips="170" dealer="1" win="0" bet="5" muck="1" rebuy="0" addon="0" merge="0" rebuychips="0" reg_code="5055767263"/>
<player seat="3" name="xiuder0nn17" chips="415" dealer="0" win="0" bet="170" muck="1" rebuy="0" addon="0" merge="0" rebuychips="0" reg_code="5055766902"/>
</players>
</general>
<round no="0"><action no="1" player="xiuder0nn17" type="15" discard="1" dealt="1" sum="5"/>
<action no="2" player="Rakki" type="15" sum="5"/>
<action no="3" player="Sottosalpontos" type="15" discard="1" dealt="1" sum="5"/>
<action no="4" player="xiuder0nn17" type="1" discard="1" dealt="1" sum="15"/>
<action no="5" player="Rakki" type="2" sum="30"/>
</round>
<round no="1"><cards type="Pocket" player="Rakki">S6 DK</cards>
<cards type="Pocket" player="xiuder0nn17">DQ C4</cards>
<cards type="Pocket" player="Sottosalpontos">X X</cards>
<action no="6" player="Sottosalpontos" type="0" discard="1" dealt="1" sum="0"/>
<action no="7" player="xiuder0nn17" type="3" discard="1" dealt="1" sum="15"/>
<action no="8" player="Rakki" type="4" sum="0"/>
</round>
<round no="2"><cards type="Flop">HJ DA D3</cards>
<action no="9" player="xiuder0nn17" type="5" discard="1" dealt="1" sum="30"/>
<action no="10" player="Rakki" type="3" sum="30"/>
</round>
<round no="3"><cards type="Turn">C6</cards>
<action no="11" player="xiuder0nn17" type="5" discard="1" dealt="1" sum="105"/>
<action no="12" player="Rakki" type="3" sum="105"/>
</round>
<round no="4"><cards type="River">H4</cards>
<action no="13" player="xiuder0nn17" type="4" discard="1" dealt="1" sum="0"/>
<action no="14" player="Rakki" type="4" sum="0"/>
</round>
</game>
<game gamecode="6462290778"><general><startdate>2025-08-25 14:53:56</startdate>
<round>1</round>
<failsafecounter/>
<players><player seat="10" name="Sottosalpontos" chips="165" dealer="0" win="0" bet="165" muck="0" rebuy="0" addon="0" merge="0" rebuychips="0" reg_code="5055767263"/>
<player seat="3" name="xiuder0nn17" chips="245" dealer="1" win="0" bet="5" muck="1" rebuy="0" addon="0" merge="0" rebuychips="0" reg_code="5055766902"/>
<player seat="6" name="Rakki" chips="1,090" dealer="0" win="335" bet="1,090" muck="0" rebuy="0" addon="0" merge="0" rebuychips="0" reg_code="5055767035"/>
</players>
</general>
<round no="0"><action no="1" player="Rakki" type="15" sum="5"/>
<action no="2" player="Sottosalpontos" type="15" discard="1" dealt="1" sum="5"/>
<action no="3" player="xiuder0nn17" type="15" discard="1" dealt="1" sum="5"/>
<action no="4" player="Rakki" type="1" sum="15"/>
<action no="5" player="Sottosalpontos" type="2" discard="1" dealt="1" sum="30"/>
</round>
<round no="1"><cards type="Pocket" player="Sottosalpontos">DA C9</cards>
<cards type="Pocket" player="Rakki">CK C8</cards>
<cards type="Pocket" player="xiuder0nn17">X X</cards>
<action no="6" player="xiuder0nn17" type="0" discard="1" dealt="1" sum="0"/>
<action no="7" player="Rakki" type="23" sum="1,085"/>
<action no="8" player="Sottosalpontos" type="7" discard="1" dealt="1" sum="130"/>
</round>
<round no="2"><cards type="Flop">H3 S10 C4</cards>
</round>
<round no="3"><cards type="Turn">HK</cards>
</round>
<round no="4"><cards type="River">H6</cards>
</round>
</game>
<game gamecode="6462290807"><general><startdate>2025-08-25 14:54:14</startdate>
<round>1</round>
<failsafecounter/>
<players><player seat="3" name="xiuder0nn17" chips="240" dealer="0" win="0" bet="240" muck="0" rebuy="0" addon="0" merge="0" rebuychips="0" reg_code="5055766902"/>
<player seat="6" name="Rakki" chips="1,260" dealer="1" win="480" bet="1,260" muck="0" rebuy="0" addon="0" merge="0" rebuychips="0" reg_code="5055767035"/>
</players>
</general>
<round no="0"><action no="1" player="Rakki" type="15" sum="5"/>
<action no="2" player="xiuder0nn17" type="15" discard="1" dealt="1" sum="5"/>
<action no="3" player="Rakki" type="1" sum="20"/>
<action no="4" player="xiuder0nn17" type="2" discard="1" dealt="1" sum="40"/>
</round>
<round no="1"><cards type="Pocket" player="Rakki">D9 D6</cards>
<cards type="Pocket" player="xiuder0nn17">SQ SK</cards>
<action no="5" player="Rakki" type="23" sum="1,255"/>
<action no="6" player="xiuder0nn17" type="7" discard="1" dealt="1" sum="195"/>
</round>
<round no="2"><cards type="Flop">H8 CA C9</cards>
</round>
<round no="3"><cards type="Turn">SA</cards>
</round>
<round no="4"><cards type="River">H9</cards>
</round>
</game>
</session>
