<?xml version="1.0" encoding="UTF-8"?>
<session sessioncode="5055782741">
<general>
<client_version>25.1.1.16</client_version>
<mode>real</mode>
<gametype>Holdem NL</gametype>
<tablename>Twister €100 SNG, 816469023</tablename>
<tournamentcode>816469021</tournamentcode>
<tournamentname>Twister €100 SNG</tournamentname>
<buyin>€0 + €7 + €93</buyin>
<totalbuyin>€100</totalbuyin>
<rewarddrawn>€200</rewarddrawn>
<tournamentcurrency>EUR</tournamentcurrency>
<currency>EUR</currency>
<nickname>Rakki</nickname>
<gamecount>5</gamecount>
<startdate>2025-08-25 16:13:52</startdate>
<place>1</place>
<win>€200</win>
<tablesize>3</tablesize>
</general>
<game gamecode="6462350875"><general><startdate>2025-08-25 16:14:08</startdate>
<round>1</round>
<failsafecounter/>
<players><player seat="3" name="Rakki" chips="500" dealer="0" win="1,000" bet="500" muck="0" rebuy="0" addon="0" merge="0" rebuychips="0" reg_code="5055782741"/>
<player seat="6" name="ilCapo6" chips="500" dealer="1" win="0" bet="0" muck="1" rebuy="0" addon="0" merge="0" rebuychips="0" reg_code="5055782753"/>
<player seat="10" name="marcosangio" chips="500" dealer="0" win="0" bet="500" muck="1" rebuy="0" addon="0" merge="0" rebuychips="0" reg_code="5055782806"/>
</players>
</general>
<round no="0"><action no="1" player="marcosangio" type="1" discard="1" dealt="1" sum="10"/>
<action no="2" player="Rakki" type="2" sum="20"/>
</round>
<round no="1"><cards type="Pocket" player="Rakki">HJ C8</cards>
<cards type="Pocket" player="ilCapo6">X X</cards>
<cards type="Pocket" player="marcosangio">DQ D10</cards>
<action no="3" player="ilCapo6" type="0" discard="1" dealt="1" sum="0"/>
<action no="4" player="marcosangio" type="23" discard="1" dealt="1" sum="50"/>
<action no="5" player="Rakki" type="3" sum="30"/>
</round>
<round no="2"><cards type="Flop">C5 S9 CJ</cards>
<action no="6" player="marcosangio" type="4" discard="1" dealt="1" sum="0"/>
<action no="7" player="Rakki" type="5" sum="50"/>
<action no="8" player="marcosangio" type="23" discard="1" dealt="1" sum="140"/>
<action no="9" player="Rakki" type="23" sum="450"/>
<action no="10" player="marcosangio" type="7" discard="1" dealt="1" sum="310"/>
</round>
<round no="3"><cards type="Turn">H9</cards>
</round>
<round no="4"><cards type="River">S10</cards>
</round>
</game>
<game gamecode="6462350995"><general><startdate>2025-08-25 16:14:58</startdate>
<round>1</round>
<failsafecounter/>
<players><player seat="6" name="ilCapo6" chips="500" dealer="0" win="0" bet="20" muck="1" rebuy="0" addon="0" merge="0" rebuychips="0" reg_code="5055782753"/>
<player seat="3" name="Rakki" chips="1,000" dealer="1" win="40" bet="40" muck="1" rebuy="0" addon="0" merge="0" rebuychips="0" reg_code="5055782741"/>
</players>
</general>
<round no="0"><action no="1" player="Rakki" type="1" sum="10"/>
<action no="2" player="ilCapo6" type="2" discard="1" dealt="1" sum="20"/>
</round>
<round no="1"><cards type="Pocket" player="Rakki">S7 CA</cards>
<cards type="Pocket" player="ilCapo6">X X</cards>
<action no="3" player="Rakki" type="23" sum="40"/>
<action no="4" player="ilCapo6" type="0" discard="1" dealt="1" sum="0"/>
</round>
</game>
<game gamecode="6462351017"><general><startdate>2025-08-25 16:15:07</startdate>
<round>1</round>
<failsafecounter/>
<players><player seat="3" name="Rakki" chips="1,020" dealer="0" win="0" bet="20" muck="1" rebuy="0" addon="0" merge="0" rebuychips="0" reg_code="5055782741"/>
<player seat="6" name="ilCapo6" chips="480" dealer="1" win="40" bet="40" muck="1" rebuy="0" addon="0" merge="0" rebuychips="0" reg_code="5055782753"/>
</players>
</general>
<round no="0"><action no="1" player="ilCapo6" type="1" discard="1" dealt="1" sum="10"/>
<action no="2" player="Rakki" type="2" sum="20"/>
</round>
<round no="1"><cards type="Pocket" player="ilCapo6">X X</cards>
<cards type="Pocket" player="Rakki">D4 C3</cards>
<action no="3" player="ilCapo6" type="23" discard="1" dealt="1" sum="40"/>
<action no="4" player="Rakki" type="0" sum="0"/>
</round>
</game>
<game gamecode="6462351039"><general><startdate>2025-08-25 16:15:17</startdate>
<round>1</round>
<failsafecounter/>
<players><player seat="6" name="ilCapo6" chips="500" dealer="0" win="0" bet="20" muck="1" rebuy="0" addon="0" merge="0" rebuychips="0" reg_code="5055782753"/>
<player seat="3" name="Rakki" chips="1,000" dealer="1" win="40" bet="40" muck="1" rebuy="0" addon="0" merge="0" rebuychips="0" reg_code="5055782741"/>
</players>
</general>
<round no="0"><action no="1" player="Rakki" type="1" sum="10"/>
<action no="2" player="ilCapo6" type="2" discard="1" dealt="1" sum="20"/>
</round>
<round no="1"><cards type="Pocket" player="ilCapo6">X X</cards>
<cards type="Pocket" player="Rakki">D4 D5</cards>
<action no="3" player="Rakki" type="23" sum="40"/>
<action no="4" player="ilCapo6" type="0" discard="1" dealt="1" sum="0"/>
</round>
</game>
<game gamecode="6462351066"><general><startdate>2025-08-25 16:15:27</startdate>
<round>1</round>
<failsafecounter/>
<players><player seat="3" name="Rakki" chips="1,020" dealer="0" win="960" bet="480" muck="0" rebuy="0" addon="0" merge="0" rebuychips="0" reg_code="5055782741"/>
<player seat="6" name="ilCapo6" chips="480" dealer="1" win="0" bet="480" muck="0" rebuy="0" addon="0" merge="0" rebuychips="0" reg_code="5055782753"/>
</players>
</general>
<round no="0"><action no="1" player="ilCapo6" type="1" discard="1" dealt="1" sum="10"/>
<action no="2" player="Rakki" type="2" sum="20"/>
</round>
<round no="1"><cards type="Pocket" player="ilCapo6">DJ SK</cards>
<cards type="Pocket" player="Rakki">CA CJ</cards>
<action no="3" player="ilCapo6" type="3" discard="1" dealt="1" sum="10"/>
<action no="4" player="Rakki" type="23" sum="60"/>
<action no="5" player="ilCapo6" type="3" discard="1" dealt="1" sum="40"/>
</round>
<round no="2"><cards type="Flop">S7 H8 C7</cards>
<action no="6" player="Rakki" type="5" sum="60"/>
<action no="7" player="ilCapo6" type="3" discard="1" dealt="1" sum="60"/>
</round>
<round no="3"><cards type="Turn">D10</cards>
<action no="8" player="Rakki" type="5" sum="80"/>
<action no="9" player="ilCapo6" type="3" discard="1" dealt="1" sum="80"/>
</round>
<round no="4"><cards type="River">H4</cards>
<action no="10" player="Rakki" type="4" sum="0"/>
<action no="11" player="ilCapo6" type="5" discard="1" dealt="1" sum="280"/>
<action no="12" player="Rakki" type="3" sum="280"/>
</round>
</game>
</session>
