<?xml version="1.0" encoding="UTF-8"?>
<session sessioncode="5055693224">
<general>
<client_version>25.1.1.16</client_version>
<mode>real</mode>
<gametype>Holdem NL</gametype>
<tablename>Twister €100 SNG, 816439611</tablename>
<tournamentcode>816439610</tournamentcode>
<tournamentname>Twister €100 SNG</tournamentname>
<buyin>€0 + €7 + €93</buyin>
<totalbuyin>€100</totalbuyin>
<rewarddrawn>€200</rewarddrawn>
<tournamentcurrency>EUR</tournamentcurrency>
<currency>EUR</currency>
<nickname>Rakki</nickname>
<gamecount>2</gamecount>
<startdate>2025-08-25 00:51:59</startdate>
<place>3</place>
<win>€0</win>
<tablesize>3</tablesize>
</general>
<game gamecode="6461978955"><general><startdate>2025-08-25 00:52:14</startdate>
<round>1</round>
<failsafecounter/>
<players><player seat="3" name="OndaBianca1" chips="500" dealer="0" win="404" bet="500" muck="1" rebuy="0" addon="0" merge="0" rebuychips="0" reg_code="5055692745"/>
<player seat="6" name="romeeeee2000" chips="500" dealer="1" win="0" bet="20" muck="1" rebuy="0" addon="0" merge="0" rebuychips="0" reg_code="5055693043"/>
<player seat="10" name="Rakki" chips="500" dealer="0" win="0" bet="192" muck="1" rebuy="0" addon="0" merge="0" rebuychips="0" reg_code="5055693224"/>
</players>
</general>
<round no="0"><action no="1" player="Rakki" type="1" sum="10"/>
<action no="2" player="OndaBianca1" type="2" discard="1" dealt="1" sum="20"/>
</round>
<round no="1"><cards type="Pocket" player="romeeeee2000">X X</cards>
<cards type="Pocket" player="Rakki">DK HQ</cards>
<cards type="Pocket" player="OndaBianca1">X X</cards>
<action no="3" player="romeeeee2000" type="3" discard="1" dealt="1" sum="20"/>
<action no="4" player="Rakki" type="23" sum="80"/>
<action no="5" player="OndaBianca1" type="3" discard="1" dealt="1" sum="60"/>
<action no="6" player="romeeeee2000" type="0" discard="1" dealt="1" sum="0"/>
</round>
<round no="2"><cards type="Flop">C3 CQ D5</cards>
<action no="7" player="Rakki" type="5" sum="45"/>
<action no="8" player="OndaBianca1" type="3" discard="1" dealt="1" sum="45"/>
</round>
<round no="3"><cards type="Turn">HA</cards>
<action no="9" player="Rakki" type="5" sum="67"/>
<action no="10" player="OndaBianca1" type="3" discard="1" dealt="1" sum="67"/>
</round>
<round no="4"><cards type="River">S5</cards>
<action no="11" player="Rakki" type="4" sum="0"/>
<action no="12" player="OndaBianca1" type="5" discard="1" dealt="1" sum="308"/>
<action no="13" player="Rakki" type="0" sum="0"/>
</round>
</game>
<game gamecode="6461979059"><general><startdate>2025-08-25 00:53:12</startdate>
<round>1</round>
<failsafecounter/>
<players><player seat="6" name="romeeeee2000" chips="480" dealer="0" win="626" bet="308" muck="0" rebuy="0" addon="0" merge="0" rebuychips="0" reg_code="5055693043"/>
<player seat="10" name="Rakki" chips="308" dealer="1" win="0" bet="308" muck="0" rebuy="0" addon="0" merge="0" rebuychips="0" reg_code="5055693224"/>
<player seat="3" name="OndaBianca1" chips="712" dealer="0" win="0" bet="10" muck="1" rebuy="0" addon="0" merge="0" rebuychips="0" reg_code="5055692745"/>
</players>
</general>
<round no="0"><action no="1" player="OndaBianca1" type="1" discard="1" dealt="1" sum="10"/>
<action no="2" player="romeeeee2000" type="2" discard="1" dealt="1" sum="20"/>
</round>
<round no="1"><cards type="Pocket" player="Rakki">DA C8</cards>
<cards type="Pocket" player="romeeeee2000">DK DQ</cards>
<cards type="Pocket" player="OndaBianca1">X X</cards>
<action no="3" player="Rakki" type="23" sum="308"/>
<action no="4" player="OndaBianca1" type="0" discard="1" dealt="1" sum="0"/>
<action no="5" player="romeeeee2000" type="3" discard="1" dealt="1" sum="288"/>
</round>
<round no="2"><cards type="Flop">S10 S4 S6</cards>
</round>
<round no="3"><cards type="Turn">HK</cards>
</round>
<round no="4"><cards type="River">CK</cards>
</round>
</game>
</session>
