<?xml version="1.0" encoding="UTF-8"?>
<session sessioncode="5055766884">
<general>
<client_version>25.1.1.16</client_version>
<mode>real</mode>
<gametype>Holdem NL</gametype>
<tablename>Twister €100 SNG, 816464346</tablename>
<tournamentcode>816464345</tournamentcode>
<tournamentname>Twister €100 SNG</tournamentname>
<buyin>€0 + €7 + €93</buyin>
<totalbuyin>€100</totalbuyin>
<rewarddrawn>€200</rewarddrawn>
<tournamentcurrency>EUR</tournamentcurrency>
<currency>EUR</currency>
<nickname>Rakki</nickname>
<gamecount>17</gamecount>
<startdate>2025-08-25 14:48:18</startdate>
<place>1</place>
<win>€200</win>
<tablesize>3</tablesize>
</general>
<game gamecode="6462284076"><general><startdate>2025-08-25 14:48:33</startdate>
<round>1</round>
<failsafecounter/>
<players><player seat="6" name="Rakki" chips="500" dealer="0" win="0" bet="106" muck="1" rebuy="0" addon="0" merge="0" rebuychips="0" reg_code="5055766884"/>
<player seat="10" name="xiuder0nn17" chips="500" dealer="1" win="222" bet="279" muck="1" rebuy="0" addon="0" merge="0" rebuychips="0" reg_code="5055766892"/>
<player seat="3" name="Sottosalpontos" chips="500" dealer="0" win="0" bet="10" muck="1" rebuy="0" addon="0" merge="0" rebuychips="0" reg_code="5055766827"/>
</players>
</general>
<round no="0"><action no="1" player="Sottosalpontos" type="1" discard="1" dealt="1" sum="10"/>
<action no="2" player="Rakki" type="2" sum="20"/>
</round>
<round no="1"><cards type="Pocket" player="Sottosalpontos">X X</cards>
<cards type="Pocket" player="Rakki">H5 H7</cards>
<cards type="Pocket" player="xiuder0nn17">X X</cards>
<action no="3" player="xiuder0nn17" type="23" discard="1" dealt="1" sum="40"/>
<action no="4" player="Sottosalpontos" type="0" discard="1" dealt="1" sum="0"/>
<action no="5" player="Rakki" type="3" sum="20"/>
</round>
<round no="2"><cards type="Flop">DJ HQ H4</cards>
<action no="6" player="Rakki" type="4" sum="0"/>
<action no="7" player="xiuder0nn17" type="5" discard="1" dealt="1" sum="22"/>
<action no="8" player="Rakki" type="3" sum="22"/>
</round>
<round no="3"><cards type="Turn">SQ</cards>
<action no="9" player="Rakki" type="4" sum="0"/>
<action no="10" player="xiuder0nn17" type="5" discard="1" dealt="1" sum="44"/>
<action no="11" player="Rakki" type="3" sum="44"/>
</round>
<round no="4"><cards type="River">CA</cards>
<action no="12" player="Rakki" type="4" sum="0"/>
<action no="13" player="xiuder0nn17" type="5" discard="1" dealt="1" sum="173"/>
<action no="14" player="Rakki" type="0" sum="0"/>
</round>
</game>
<game gamecode="6462290257"><general><startdate>2025-08-25 14:49:08</startdate>
<round>1</round>
<failsafecounter/>
<players><player seat="10" name="xiuder0nn17" chips="616" dealer="0" win="0" bet="20" muck="1" rebuy="0" addon="0" merge="0" rebuychips="0" reg_code="5055766892"/>
<player seat="3" name="Sottosalpontos" chips="490" dealer="1" win="0" bet="394" muck="1" rebuy="0" addon="0" merge="0" rebuychips="0" reg_code="5055766827"/>
<player seat="6" name="Rakki" chips="394" dealer="0" win="808" bet="394" muck="0" rebuy="0" addon="0" merge="0" rebuychips="0" reg_code="5055766884"/>
</players>
</general>
<round no="0"><action no="1" player="Rakki" type="1" sum="10"/>
<action no="2" player="xiuder0nn17" type="2" discard="1" dealt="1" sum="20"/>
</round>
<round no="1"><cards type="Pocket" player="Sottosalpontos">DA D8</cards>
<cards type="Pocket" player="xiuder0nn17">X X</cards>
<cards type="Pocket" player="Rakki">C6 H6</cards>
<action no="3" player="Sottosalpontos" type="23" discard="1" dealt="1" sum="40"/>
<action no="4" player="Rakki" type="23" sum="394"/>
<action no="5" player="xiuder0nn17" type="0" discard="1" dealt="1" sum="0"/>
<action no="6" player="Sottosalpontos" type="3" discard="1" dealt="1" sum="354"/>
</round>
<round no="2"><cards type="Flop">SJ H7 D5</cards>
</round>
<round no="3"><cards type="Turn">C7</cards>
</round>
<round no="4"><cards type="River">D6</cards>
</round>
</game>
<game gamecode="6462290289"><general><startdate>2025-08-25 14:49:32</startdate>
<round>1</round>
<failsafecounter/>
<players><player seat="3" name="Sottosalpontos" chips="96" dealer="0" win="0" bet="20" muck="1" rebuy="0" addon="0" merge="0" rebuychips="0" reg_code="5055766827"/>
<player seat="6" name="Rakki" chips="808" dealer="1" win="0" bet="0" muck="1" rebuy="0" addon="0" merge="0" rebuychips="0" reg_code="5055766884"/>
<player seat="10" name="xiuder0nn17" chips="596" dealer="0" win="40" bet="596" muck="1" rebuy="0" addon="0" merge="0" rebuychips="0" reg_code="5055766892"/>
</players>
</general>
<round no="0"><action no="1" player="xiuder0nn17" type="1" discard="1" dealt="1" sum="10"/>
<action no="2" player="Sottosalpontos" type="2" discard="1" dealt="1" sum="20"/>
</round>
<round no="1"><cards type="Pocket" player="Rakki">DQ S7</cards>
<cards type="Pocket" player="Sottosalpontos">X X</cards>
<cards type="Pocket" player="xiuder0nn17">X X</cards>
<action no="3" player="Rakki" type="0" sum="0"/>
<action no="4" player="xiuder0nn17" type="23" discard="1" dealt="1" sum="596"/>
<action no="5" player="Sottosalpontos" type="0" discard="1" dealt="1" sum="0"/>
</round>
</game>
<game gamecode="6462290315"><general><startdate>2025-08-25 14:49:49</startdate>
<round>1</round>
<failsafecounter/>
<players><player seat="6" name="Rakki" chips="808" dealer="0" win="20" bet="20" muck="1" rebuy="0" addon="0" merge="0" rebuychips="0" reg_code="5055766884"/>
<player seat="10" name="xiuder0nn17" chips="616" dealer="1" win="0" bet="0" muck="1" rebuy="0" addon="0" merge="0" rebuychips="0" reg_code="5055766892"/>
<player seat="3" name="Sottosalpontos" chips="76" dealer="0" win="0" bet="10" muck="1" rebuy="0" addon="0" merge="0" rebuychips="0" reg_code="5055766827"/>
</players>
</general>
<round no="0"><action no="1" player="Sottosalpontos" type="1" discard="1" dealt="1" sum="10"/>
<action no="2" player="Rakki" type="2" sum="20"/>
</round>
<round no="1"><cards type="Pocket" player="xiuder0nn17">X X</cards>
<cards type="Pocket" player="Rakki">H3 C4</cards>
<cards type="Pocket" player="Sottosalpontos">X X</cards>
<action no="3" player="xiuder0nn17" type="0" discard="1" dealt="1" sum="0"/>
<action no="4" player="Sottosalpontos" type="0" discard="1" dealt="1" sum="0"/>
</round>
</game>
<game gamecode="6462290331"><general><startdate>2025-08-25 14:49:58</startdate>
<round>1</round>
<failsafecounter/>
<players><player seat="10" name="xiuder0nn17" chips="616" dealer="0" win="0" bet="20" muck="1" rebuy="0" addon="0" merge="0" rebuychips="0" reg_code="5055766892"/>
<player seat="3" name="Sottosalpontos" chips="66" dealer="1" win="0" bet="0" muck="1" rebuy="0" addon="0" merge="0" rebuychips="0" reg_code="5055766827"/>
<player seat="6" name="Rakki" chips="818" dealer="0" win="40" bet="40" muck="1" rebuy="0" addon="0" merge="0" rebuychips="0" reg_code="5055766884"/>
</players>
</general>
<round no="0"><action no="1" player="Rakki" type="1" sum="10"/>
<action no="2" player="xiuder0nn17" type="2" discard="1" dealt="1" sum="20"/>
</round>
<round no="1"><cards type="Pocket" player="Rakki">S8 SQ</cards>
<cards type="Pocket" player="xiuder0nn17">X X</cards>
<cards type="Pocket" player="Sottosalpontos">X X</cards>
<action no="3" player="Sottosalpontos" type="0" discard="1" dealt="1" sum="0"/>
<action no="4" player="Rakki" type="3" sum="10"/>
<action no="5" player="xiuder0nn17" type="4" discard="1" dealt="1" sum="0"/>
</round>
<round no="2"><cards type="Flop">D9 H9 CK</cards>
<action no="6" player="Rakki" type="4" sum="0"/>
<action no="7" player="xiuder0nn17" type="4" discard="1" dealt="1" sum="0"/>
</round>
<round no="3"><cards type="Turn">S7</cards>
<action no="8" player="Rakki" type="4" sum="0"/>
<action no="9" player="xiuder0nn17" type="4" discard="1" dealt="1" sum="0"/>
</round>
<round no="4"><cards type="River">DQ</cards>
<action no="10" player="Rakki" type="5" sum="20"/>
<action no="11" player="xiuder0nn17" type="0" discard="1" dealt="1" sum="0"/>
</round>
</game>
<game gamecode="6462290369"><general><startdate>2025-08-25 14:50:22</startdate>
<round>1</round>
<failsafecounter/>
<players><player seat="3" name="Sottosalpontos" chips="66" dealer="0" win="137" bet="66" muck="0" rebuy="0" addon="0" merge="0" rebuychips="0" reg_code="5055766827"/>
<player seat="6" name="Rakki" chips="838" dealer="1" win="0" bet="5" muck="1" rebuy="0" addon="0" merge="0" rebuychips="0" reg_code="5055766884"/>
<player seat="10" name="xiuder0nn17" chips="596" dealer="0" win="0" bet="596" muck="1" rebuy="0" addon="0" merge="0" rebuychips="0" reg_code="5055766892"/>
</players>
</general>
<round no="0"><action no="1" player="xiuder0nn17" type="15" discard="1" dealt="1" sum="5"/>
<action no="2" player="Sottosalpontos" type="15" discard="1" dealt="1" sum="5"/>
<action no="3" player="Rakki" type="15" sum="5"/>
<action no="4" player="xiuder0nn17" type="1" discard="1" dealt="1" sum="15"/>
<action no="5" player="Sottosalpontos" type="2" discard="1" dealt="1" sum="30"/>
</round>
<round no="1"><cards type="Pocket" player="xiuder0nn17">DK S4</cards>
<cards type="Pocket" player="Rakki">DJ C4</cards>
<cards type="Pocket" player="Sottosalpontos">HJ C9</cards>
<action no="6" player="Rakki" type="0" sum="0"/>
<action no="7" player="xiuder0nn17" type="23" discard="1" dealt="1" sum="591"/>
<action no="8" player="Sottosalpontos" type="7" discard="1" dealt="1" sum="31"/>
</round>
<round no="2"><cards type="Flop">S7 D3 DQ</cards>
</round>
<round no="3"><cards type="Turn">HQ</cards>
</round>
<round no="4"><cards type="River">CJ</cards>
</round>
</game>
<game gamecode="6462290391"><general><startdate>2025-08-25 14:50:38</startdate>
<round>1</round>
<failsafecounter/>
<players><player seat="6" name="Rakki" chips="833" dealer="0" win="0" bet="137" muck="1" rebuy="0" addon="0" merge="0" rebuychips="0" reg_code="5055766884"/>
<player seat="10" name="xiuder0nn17" chips="530" dealer="1" win="0" bet="5" muck="1" rebuy="0" addon="0" merge="0" rebuychips="0" reg_code="5055766892"/>
<player seat="3" name="Sottosalpontos" chips="137" dealer="0" win="279" bet="137" muck="0" rebuy="0" addon="0" merge="0" rebuychips="0" reg_code="5055766827"/>
</players>
</general>
<round no="0"><action no="1" player="Sottosalpontos" type="15" discard="1" dealt="1" sum="5"/>
<action no="2" player="Rakki" type="15" sum="5"/>
<action no="3" player="xiuder0nn17" type="15" discard="1" dealt="1" sum="5"/>
<action no="4" player="Sottosalpontos" type="1" discard="1" dealt="1" sum="15"/>
<action no="5" player="Rakki" type="2" sum="30"/>
</round>
<round no="1"><cards type="Pocket" player="Rakki">S10 S3</cards>
<cards type="Pocket" player="Sottosalpontos">SA C10</cards>
<cards type="Pocket" player="xiuder0nn17">X X</cards>
<action no="6" player="xiuder0nn17" type="0" discard="1" dealt="1" sum="0"/>
<action no="7" player="Sottosalpontos" type="23" discard="1" dealt="1" sum="132"/>
<action no="8" player="Rakki" type="3" sum="102"/>
</round>
<round no="2"><cards type="Flop">S5 CJ H10</cards>
</round>
<round no="3"><cards type="Turn">C4</cards>
</round>
<round no="4"><cards type="River">C6</cards>
</round>
</game>
<game gamecode="6462290423"><general><startdate>2025-08-25 14:50:56</startdate>
<round>1</round>
<failsafecounter/>
<players><player seat="10" name="xiuder0nn17" chips="525" dealer="0" win="0" bet="279" muck="1" rebuy="0" addon="0" merge="0" rebuychips="0" reg_code="5055766892"/>
<player seat="3" name="Sottosalpontos" chips="279" dealer="1" win="578" bet="279" muck="0" rebuy="0" addon="0" merge="0" rebuychips="0" reg_code="5055766827"/>
<player seat="6" name="Rakki" chips="696" dealer="0" win="0" bet="20" muck="1" rebuy="0" addon="0" merge="0" rebuychips="0" reg_code="5055766884"/>
</players>
</general>
<round no="0"><action no="1" player="Rakki" type="15" sum="5"/>
<action no="2" player="xiuder0nn17" type="15" discard="1" dealt="1" sum="5"/>
<action no="3" player="Sottosalpontos" type="15" discard="1" dealt="1" sum="5"/>
<action no="4" player="Rakki" type="1" sum="15"/>
<action no="5" player="xiuder0nn17" type="2" discard="1" dealt="1" sum="30"/>
</round>
<round no="1"><cards type="Pocket" player="xiuder0nn17">CA DK</cards>
<cards type="Pocket" player="Rakki">D5 CQ</cards>
<cards type="Pocket" player="Sottosalpontos">S9 H9</cards>
<action no="6" player="Sottosalpontos" type="23" discard="1" dealt="1" sum="274"/>
<action no="7" player="Rakki" type="0" sum="0"/>
<action no="8" player="xiuder0nn17" type="3" discard="1" dealt="1" sum="244"/>
</round>
<round no="2"><cards type="Flop">C2 H4 S5</cards>
</round>
<round no="3"><cards type="Turn">S10</cards>
</round>
<round no="4"><cards type="River">C7</cards>
</round>
</game>
<game gamecode="6462290457"><general><startdate>2025-08-25 14:51:17</startdate>
<round>1</round>
<failsafecounter/>
<players><player seat="3" name="Sottosalpontos" chips="578" dealer="0" win="0" bet="35" muck="1" rebuy="0" addon="0" merge="0" rebuychips="0" reg_code="5055766827"/>
<player seat="6" name="Rakki" chips="676" dealer="1" win="90" bet="676" muck="1" rebuy="0" addon="0" merge="0" rebuychips="0" reg_code="5055766884"/>
<player seat="10" name="xiuder0nn17" chips="246" dealer="0" win="0" bet="20" muck="1" rebuy="0" addon="0" merge="0" rebuychips="0" reg_code="5055766892"/>
</players>
</general>
<round no="0"><action no="1" player="xiuder0nn17" type="15" discard="1" dealt="1" sum="5"/>
<action no="2" player="Sottosalpontos" type="15" discard="1" dealt="1" sum="5"/>
<action no="3" player="Rakki" type="15" sum="5"/>
<action no="4" player="xiuder0nn17" type="1" discard="1" dealt="1" sum="15"/>
<action no="5" player="Sottosalpontos" type="2" discard="1" dealt="1" sum="30"/>
</round>
<round no="1"><cards type="Pocket" player="xiuder0nn17">X X</cards>
<cards type="Pocket" player="Sottosalpontos">X X</cards>
<cards type="Pocket" player="Rakki">D5 C5</cards>
<action no="6" player="Rakki" type="23" sum="671"/>
<action no="7" player="xiuder0nn17" type="0" discard="1" dealt="1" sum="0"/>
<action no="8" player="Sottosalpontos" type="0" discard="1" dealt="1" sum="0"/>
</round>
</game>
<game gamecode="6462290477"><general><startdate>2025-08-25 14:51:28</startdate>
<round>1</round>
<failsafecounter/>
<players><player seat="6" name="Rakki" chips="731" dealer="0" win="165" bet="187" muck="1" rebuy="0" addon="0" merge="0" rebuychips="0" reg_code="5055766884"/>
<player seat="10" name="xiuder0nn17" chips="226" dealer="1" win="0" bet="5" muck="1" rebuy="0" addon="0" merge="0" rebuychips="0" reg_code="5055766892"/>
<player seat="3" name="Sottosalpontos" chips="543" dealer="0" win="0" bet="80" muck="1" rebuy="0" addon="0" merge="0" rebuychips="0" reg_code="5055766827"/>
</players>
</general>
<round no="0"><action no="1" player="Sottosalpontos" type="15" discard="1" dealt="1" sum="5"/>
<action no="2" player="Rakki" type="15" sum="5"/>
<action no="3" player="xiuder0nn17" type="15" discard="1" dealt="1" sum="5"/>
<action no="4" player="Sottosalpontos" type="1" discard="1" dealt="1" sum="15"/>
<action no="5" player="Rakki" type="2" sum="30"/>
</round>
<round no="1"><cards type="Pocket" player="xiuder0nn17">X X</cards>
<cards type="Pocket" player="Sottosalpontos">X X</cards>
<cards type="Pocket" player="Rakki">D6 H9</cards>
<action no="6" player="xiuder0nn17" type="0" discard="1" dealt="1" sum="0"/>
<action no="7" player="Sottosalpontos" type="23" discard="1" dealt="1" sum="75"/>
<action no="8" player="Rakki" type="3" sum="45"/>
</round>
<round no="2"><cards type="Flop">CQ S10 H7</cards>
<action no="9" player="Sottosalpontos" type="4" discard="1" dealt="1" sum="0"/>
<action no="10" player="Rakki" type="4" sum="0"/>
</round>
<round no="3"><cards type="Turn">S8</cards>
<action no="11" player="Sottosalpontos" type="4" discard="1" dealt="1" sum="0"/>
<action no="12" player="Rakki" type="5" sum="107"/>
<action no="13" player="Sottosalpontos" type="0" discard="1" dealt="1" sum="0"/>
</round>
</game>
<game gamecode="6462290549"><general><startdate>2025-08-25 14:52:04</startdate>
<round>1</round>
<failsafecounter/>
<players><player seat="10" name="xiuder0nn17" chips="221" dealer="0" win="0" bet="45" muck="1" rebuy="0" addon="0" merge="0" rebuychips="0" reg_code="5055766892"/>
<player seat="3" name="Sottosalpontos" chips="463" dealer="1" win="0" bet="5" muck="1" rebuy="0" addon="0" merge="0" rebuychips="0" reg_code="5055766827"/>
<player seat="6" name="Rakki" chips="816" dealer="0" win="95" bet="816" muck="1" rebuy="0" addon="0" merge="0" rebuychips="0" reg_code="5055766884"/>
</players>
</general>
<round no="0"><action no="1" player="Rakki" type="15" sum="5"/>
<action no="2" player="xiuder0nn17" type="15" discard="1" dealt="1" sum="5"/>
<action no="3" player="Sottosalpontos" type="15" discard="1" dealt="1" sum="5"/>
<action no="4" player="Rakki" type="1" sum="20"/>
<action no="5" player="xiuder0nn17" type="2" discard="1" dealt="1" sum="40"/>
</round>
<round no="1"><cards type="Pocket" player="xiuder0nn17">X X</cards>
<cards type="Pocket" player="Rakki">C10 DA</cards>
<cards type="Pocket" player="Sottosalpontos">X X</cards>
<action no="6" player="Sottosalpontos" type="0" discard="1" dealt="1" sum="0"/>
<action no="7" player="Rakki" type="23" sum="811"/>
<action no="8" player="xiuder0nn17" type="0" discard="1" dealt="1" sum="0"/>
</round>
</game>
<game gamecode="6462290567"><general><startdate>2025-08-25 14:52:13</startdate>
<round>1</round>
<failsafecounter/>
<players><player seat="3" name="Sottosalpontos" chips="458" dealer="0" win="357" bet="176" muck="0" rebuy="0" addon="0" merge="0" rebuychips="0" reg_code="5055766827"/>
<player seat="6" name="Rakki" chips="866" dealer="1" win="0" bet="5" muck="1" rebuy="0" addon="0" merge="0" rebuychips="0" reg_code="5055766884"/>
<player seat="10" name="xiuder0nn17" chips="176" dealer="0" win="0" bet="176" muck="0" rebuy="0" addon="0" merge="0" rebuychips="0" reg_code="5055766892"/>
</players>
</general>
<round no="0"><action no="1" player="xiuder0nn17" type="15" discard="1" dealt="1" sum="5"/>
<action no="2" player="Sottosalpontos" type="15" discard="1" dealt="1" sum="5"/>
<action no="3" player="Rakki" type="15" sum="5"/>
<action no="4" player="xiuder0nn17" type="1" discard="1" dealt="1" sum="20"/>
<action no="5" player="Sottosalpontos" type="2" discard="1" dealt="1" sum="40"/>
</round>
<round no="1"><cards type="Pocket" player="Sottosalpontos">CQ H9</cards>
<cards type="Pocket" player="Rakki">C6 H4</cards>
<cards type="Pocket" player="xiuder0nn17">D8 S10</cards>
<action no="6" player="Rakki" type="0" sum="0"/>
<action no="7" player="xiuder0nn17" type="23" discard="1" dealt="1" sum="171"/>
<action no="8" player="Sottosalpontos" type="3" discard="1" dealt="1" sum="131"/>
</round>
<round no="2"><cards type="Flop">C7 SK DQ</cards>
</round>
<round no="3"><cards type="Turn">S3</cards>
</round>
<round no="4"><cards type="River">H8</cards>
</round>
</game>
<game gamecode="6462290597"><general><startdate>2025-08-25 14:52:32</startdate>
<round>1</round>
<failsafecounter/>
<players><player seat="6" name="Rakki" chips="861" dealer="0" win="0" bet="45" muck="1" rebuy="0" addon="0" merge="0" rebuychips="0" reg_code="5055766884"/>
<player seat="3" name="Sottosalpontos" chips="639" dealer="1" win="90" bet="106" muck="1" rebuy="0" addon="0" merge="0" rebuychips="0" reg_code="5055766827"/>
</players>
</general>
<round no="0"><action no="1" player="Sottosalpontos" type="15" discard="1" dealt="1" sum="5"/>
<action no="2" player="Rakki" type="15" sum="5"/>
<action no="3" player="Sottosalpontos" type="1" discard="1" dealt="1" sum="20"/>
<action no="4" player="Rakki" type="2" sum="40"/>
</round>
<round no="1"><cards type="Pocket" player="Rakki">HJ C4</cards>
<cards type="Pocket" player="Sottosalpontos">X X</cards>
<action no="5" player="Sottosalpontos" type="3" discard="1" dealt="1" sum="20"/>
<action no="6" player="Rakki" type="4" sum="0"/>
</round>
<round no="2"><cards type="Flop">H6 H7 C6</cards>
<action no="7" player="Rakki" type="4" sum="0"/>
<action no="8" player="Sottosalpontos" type="4" discard="1" dealt="1" sum="0"/>
</round>
<round no="3"><cards type="Turn">DA</cards>
<action no="9" player="Rakki" type="4" sum="0"/>
<action no="10" player="Sottosalpontos" type="5" discard="1" dealt="1" sum="61"/>
<action no="11" player="Rakki" type="0" sum="0"/>
</round>
</game>
<game gamecode="6462290674"><general><startdate>2025-08-25 14:53:06</startdate>
<round>1</round>
<failsafecounter/>
<players><player seat="3" name="Sottosalpontos" chips="684" dealer="0" win="0" bet="270" muck="1" rebuy="0" addon="0" merge="0" rebuychips="0" reg_code="5055766827"/>
<player seat="6" name="Rakki" chips="816" dealer="1" win="540" bet="270" muck="0" rebuy="0" addon="0" merge="0" rebuychips="0" reg_code="5055766884"/>
</players>
</general>
<round no="0"><action no="1" player="Rakki" type="15" sum="5"/>
<action no="2" player="Sottosalpontos" type="15" discard="1" dealt="1" sum="5"/>
<action no="3" player="Rakki" type="1" sum="20"/>
<action no="4" player="Sottosalpontos" type="2" discard="1" dealt="1" sum="40"/>
</round>
<round no="1"><cards type="Pocket" player="Rakki">CQ C4</cards>
<cards type="Pocket" player="Sottosalpontos">CJ H4</cards>
<action no="5" player="Rakki" type="3" sum="20"/>
<action no="6" player="Sottosalpontos" type="4" discard="1" dealt="1" sum="0"/>
</round>
<round no="2"><cards type="Flop">SA HJ S7</cards>
<action no="7" player="Sottosalpontos" type="4" discard="1" dealt="1" sum="0"/>
<action no="8" player="Rakki" type="4" sum="0"/>
</round>
<round no="3"><cards type="Turn">DQ</cards>
<action no="9" player="Sottosalpontos" type="4" discard="1" dealt="1" sum="0"/>
<action no="10" player="Rakki" type="5" sum="90"/>
<action no="11" player="Sottosalpontos" type="3" discard="1" dealt="1" sum="90"/>
</round>
<round no="4"><cards type="River">DA</cards>
<action no="12" player="Sottosalpontos" type="4" discard="1" dealt="1" sum="0"/>
<action no="13" player="Rakki" type="5" sum="135"/>
<action no="14" player="Sottosalpontos" type="3" discard="1" dealt="1" sum="135"/>
</round>
</game>
<game gamecode="6462290760"><general><startdate>2025-08-25 14:53:47</startdate>
<round>1</round>
<failsafecounter/>
<players><player seat="6" name="Rakki" chips="1,086" dealer="0" win="70" bet="65" muck="1" rebuy="0" addon="0" merge="0" rebuychips="0" reg_code="5055766884"/>
<player seat="3" name="Sottosalpontos" chips="414" dealer="1" win="0" bet="35" muck="1" rebuy="0" addon="0" merge="0" rebuychips="0" reg_code="5055766827"/>
</players>
</general>
<round no="0"><action no="1" player="Sottosalpontos" type="15" discard="1" dealt="1" sum="5"/>
<action no="2" player="Rakki" type="15" sum="5"/>
<action no="3" player="Sottosalpontos" type="1" discard="1" dealt="1" sum="30"/>
<action no="4" player="Rakki" type="2" sum="60"/>
</round>
<round no="1"><cards type="Pocket" player="Rakki">C2 D3</cards>
<cards type="Pocket" player="Sottosalpontos">X X</cards>
<action no="5" player="Sottosalpontos" type="0" discard="1" dealt="1" sum="0"/>
</round>
</game>
<game gamecode="6462290768"><general><startdate>2025-08-25 14:53:52</startdate>
<round>1</round>
<failsafecounter/>
<players><player seat="3" name="Sottosalpontos" chips="379" dealer="0" win="70" bet="65" muck="1" rebuy="0" addon="0" merge="0" rebuychips="0" reg_code="5055766827"/>
<player seat="6" name="Rakki" chips="1,121" dealer="1" win="0" bet="35" muck="1" rebuy="0" addon="0" merge="0" rebuychips="0" reg_code="5055766884"/>
</players>
</general>
<round no="0"><action no="1" player="Rakki" type="15" sum="5"/>
<action no="2" player="Sottosalpontos" type="15" discard="1" dealt="1" sum="5"/>
<action no="3" player="Rakki" type="1" sum="30"/>
<action no="4" player="Sottosalpontos" type="2" discard="1" dealt="1" sum="60"/>
</round>
<round no="1"><cards type="Pocket" player="Sottosalpontos">X X</cards>
<cards type="Pocket" player="Rakki">D3 H6</cards>
<action no="5" player="Rakki" type="0" sum="0"/>
</round>
</game>
<game gamecode="6462290785"><general><startdate>2025-08-25 14:53:59</startdate>
<round>1</round>
<failsafecounter/>
<players><player seat="6" name="Rakki" chips="1,086" dealer="0" win="828" bet="414" muck="0" rebuy="0" addon="0" merge="0" rebuychips="0" reg_code="5055766884"/>
<player seat="3" name="Sottosalpontos" chips="414" dealer="1" win="0" bet="414" muck="0" rebuy="0" addon="0" merge="0" rebuychips="0" reg_code="5055766827"/>
</players>
</general>
<round no="0"><action no="1" player="Sottosalpontos" type="15" discard="1" dealt="1" sum="5"/>
<action no="2" player="Rakki" type="15" sum="5"/>
<action no="3" player="Sottosalpontos" type="1" discard="1" dealt="1" sum="30"/>
<action no="4" player="Rakki" type="2" sum="60"/>
</round>
<round no="1"><cards type="Pocket" player="Rakki">C9 CQ</cards>
<cards type="Pocket" player="Sottosalpontos">C5 C8</cards>
<action no="5" player="Sottosalpontos" type="23" discard="1" dealt="1" sum="409"/>
<action no="6" player="Rakki" type="3" sum="349"/>
</round>
<round no="2"><cards type="Flop">S3 DQ D7</cards>
</round>
<round no="3"><cards type="Turn">C3</cards>
</round>
<round no="4"><cards type="River">S8</cards>
</round>
</game>
</session>
