<?xml version="1.0" encoding="UTF-8"?>
<session sessioncode="5056366194">
<general>
<client_version>25.1.1.16</client_version>
<mode>real</mode>
<gametype>Holdem NL</gametype>
<tablename>Twister €100 SNG, 816649067</tablename>
<tournamentcode>816649066</tournamentcode>
<tournamentname>Twister €100 SNG</tournamentname>
<buyin>€0 + €7 + €93</buyin>
<totalbuyin>€100</totalbuyin>
<rewarddrawn>€300</rewarddrawn>
<tournamentcurrency>EUR</tournamentcurrency>
<currency>EUR</currency>
<nickname>Rakki</nickname>
<gamecount>15</gamecount>
<startdate>2025-08-28 14:54:37</startdate>
<place>3</place>
<win>€0</win>
<tablesize>3</tablesize>
</general>
<game gamecode="6464737925"><general><startdate>2025-08-28 14:54:52</startdate>
<round>1</round>
<failsafecounter/>
<players><player seat="10" name="YAO16" chips="500" dealer="0" win="0" bet="60" muck="1" rebuy="0" addon="0" merge="0" rebuychips="0" reg_code="5056366329"/>
<player seat="3" name="OndaBianca1" chips="500" dealer="1" win="130" bet="60" muck="0" rebuy="0" addon="0" merge="0" rebuychips="0" reg_code="5056365622"/>
<player seat="6" name="Rakki" chips="500" dealer="0" win="0" bet="10" muck="1" rebuy="0" addon="0" merge="0" rebuychips="0" reg_code="5056366194"/>
</players>
</general>
<round no="0"><action no="1" player="Rakki" type="1" sum="10"/>
<action no="2" player="YAO16" type="2" discard="1" dealt="1" sum="20"/>
</round>
<round no="1"><cards type="Pocket" player="YAO16">S3 D3</cards>
<cards type="Pocket" player="Rakki">D8 C5</cards>
<cards type="Pocket" player="OndaBianca1">S4 HA</cards>
<action no="3" player="OndaBianca1" type="23" discard="1" dealt="1" sum="40"/>
<action no="4" player="Rakki" type="0" sum="0"/>
<action no="5" player="YAO16" type="3" discard="1" dealt="1" sum="20"/>
</round>
<round no="2"><cards type="Flop">S7 D2 DJ</cards>
<action no="6" player="YAO16" type="4" discard="1" dealt="1" sum="0"/>
<action no="7" player="OndaBianca1" type="5" discard="1" dealt="1" sum="20"/>
<action no="8" player="YAO16" type="3" discard="1" dealt="1" sum="20"/>
</round>
<round no="3"><cards type="Turn">C4</cards>
<action no="9" player="YAO16" type="4" discard="1" dealt="1" sum="0"/>
<action no="10" player="OndaBianca1" type="4" discard="1" dealt="1" sum="0"/>
</round>
<round no="4"><cards type="River">S10</cards>
<action no="11" player="YAO16" type="4" discard="1" dealt="1" sum="0"/>
<action no="12" player="OndaBianca1" type="4" discard="1" dealt="1" sum="0"/>
</round>
</game>
<game gamecode="6464737990"><general><startdate>2025-08-28 14:55:27</startdate>
<round>1</round>
<failsafecounter/>
<players><player seat="3" name="OndaBianca1" chips="570" dealer="0" win="0" bet="80" muck="1" rebuy="0" addon="0" merge="0" rebuychips="0" reg_code="5056365622"/>
<player seat="6" name="Rakki" chips="490" dealer="1" win="170" bet="140" muck="1" rebuy="0" addon="0" merge="0" rebuychips="0" reg_code="5056366194"/>
<player seat="10" name="YAO16" chips="440" dealer="0" win="0" bet="10" muck="1" rebuy="0" addon="0" merge="0" rebuychips="0" reg_code="5056366329"/>
</players>
</general>
<round no="0"><action no="1" player="YAO16" type="1" discard="1" dealt="1" sum="10"/>
<action no="2" player="OndaBianca1" type="2" discard="1" dealt="1" sum="20"/>
</round>
<round no="1"><cards type="Pocket" player="OndaBianca1">X X</cards>
<cards type="Pocket" player="YAO16">X X</cards>
<cards type="Pocket" player="Rakki">H5 C5</cards>
<action no="3" player="Rakki" type="23" sum="40"/>
<action no="4" player="YAO16" type="0" discard="1" dealt="1" sum="0"/>
<action no="5" player="OndaBianca1" type="3" discard="1" dealt="1" sum="20"/>
</round>
<round no="2"><cards type="Flop">C2 D4 SQ</cards>
<action no="6" player="OndaBianca1" type="4" discard="1" dealt="1" sum="0"/>
<action no="7" player="Rakki" type="5" sum="40"/>
<action no="8" player="OndaBianca1" type="3" discard="1" dealt="1" sum="40"/>
</round>
<round no="3"><cards type="Turn">D7</cards>
<action no="9" player="OndaBianca1" type="4" discard="1" dealt="1" sum="0"/>
<action no="10" player="Rakki" type="5" sum="60"/>
<action no="11" player="OndaBianca1" type="0" discard="1" dealt="1" sum="0"/>
</round>
</game>
<game gamecode="6464738072"><general><startdate>2025-08-28 14:56:10</startdate>
<round>1</round>
<failsafecounter/>
<players><player seat="6" name="Rakki" chips="580" dealer="0" win="90" bet="85" muck="1" rebuy="0" addon="0" merge="0" rebuychips="0" reg_code="5056366194"/>
<player seat="10" name="YAO16" chips="430" dealer="1" win="0" bet="40" muck="1" rebuy="0" addon="0" merge="0" rebuychips="0" reg_code="5056366329"/>
<player seat="3" name="OndaBianca1" chips="490" dealer="0" win="0" bet="10" muck="1" rebuy="0" addon="0" merge="0" rebuychips="0" reg_code="5056365622"/>
</players>
</general>
<round no="0"><action no="1" player="OndaBianca1" type="1" discard="1" dealt="1" sum="10"/>
<action no="2" player="Rakki" type="2" sum="20"/>
</round>
<round no="1"><cards type="Pocket" player="YAO16">X X</cards>
<cards type="Pocket" player="Rakki">D6 S10</cards>
<cards type="Pocket" player="OndaBianca1">X X</cards>
<action no="3" player="YAO16" type="3" discard="1" dealt="1" sum="20"/>
<action no="4" player="OndaBianca1" type="0" discard="1" dealt="1" sum="0"/>
<action no="5" player="Rakki" type="4" sum="0"/>
</round>
<round no="2"><cards type="Flop">C10 D8 D4</cards>
<action no="6" player="Rakki" type="4" sum="0"/>
<action no="7" player="YAO16" type="4" discard="1" dealt="1" sum="0"/>
</round>
<round no="3"><cards type="Turn">C4</cards>
<action no="8" player="Rakki" type="5" sum="20"/>
<action no="9" player="YAO16" type="3" discard="1" dealt="1" sum="20"/>
</round>
<round no="4"><cards type="River">H6</cards>
<action no="10" player="Rakki" type="5" sum="45"/>
<action no="11" player="YAO16" type="0" discard="1" dealt="1" sum="0"/>
</round>
</game>
<game gamecode="6464738107"><general><startdate>2025-08-28 14:56:32</startdate>
<round>1</round>
<failsafecounter/>
<players><player seat="10" name="YAO16" chips="390" dealer="0" win="0" bet="35" muck="1" rebuy="0" addon="0" merge="0" rebuychips="0" reg_code="5056366329"/>
<player seat="3" name="OndaBianca1" chips="480" dealer="1" win="90" bet="480" muck="1" rebuy="0" addon="0" merge="0" rebuychips="0" reg_code="5056365622"/>
<player seat="6" name="Rakki" chips="630" dealer="0" win="0" bet="20" muck="1" rebuy="0" addon="0" merge="0" rebuychips="0" reg_code="5056366194"/>
</players>
</general>
<round no="0"><action no="1" player="Rakki" type="15" sum="5"/>
<action no="2" player="YAO16" type="15" discard="1" dealt="1" sum="5"/>
<action no="3" player="OndaBianca1" type="15" discard="1" dealt="1" sum="5"/>
<action no="4" player="Rakki" type="1" sum="15"/>
<action no="5" player="YAO16" type="2" discard="1" dealt="1" sum="30"/>
</round>
<round no="1"><cards type="Pocket" player="OndaBianca1">X X</cards>
<cards type="Pocket" player="Rakki">SQ D9</cards>
<cards type="Pocket" player="YAO16">X X</cards>
<action no="6" player="OndaBianca1" type="23" discard="1" dealt="1" sum="475"/>
<action no="7" player="Rakki" type="0" sum="0"/>
<action no="8" player="YAO16" type="0" discard="1" dealt="1" sum="0"/>
</round>
</game>
<game gamecode="6464738131"><general><startdate>2025-08-28 14:56:44</startdate>
<round>1</round>
<failsafecounter/>
<players><player seat="3" name="OndaBianca1" chips="535" dealer="0" win="0" bet="35" muck="1" rebuy="0" addon="0" merge="0" rebuychips="0" reg_code="5056365622"/>
<player seat="6" name="Rakki" chips="610" dealer="1" win="0" bet="5" muck="1" rebuy="0" addon="0" merge="0" rebuychips="0" reg_code="5056366194"/>
<player seat="10" name="YAO16" chips="355" dealer="0" win="75" bet="65" muck="1" rebuy="0" addon="0" merge="0" rebuychips="0" reg_code="5056366329"/>
</players>
</general>
<round no="0"><action no="1" player="YAO16" type="15" discard="1" dealt="1" sum="5"/>
<action no="2" player="OndaBianca1" type="15" discard="1" dealt="1" sum="5"/>
<action no="3" player="Rakki" type="15" sum="5"/>
<action no="4" player="YAO16" type="1" discard="1" dealt="1" sum="15"/>
<action no="5" player="OndaBianca1" type="2" discard="1" dealt="1" sum="30"/>
</round>
<round no="1"><cards type="Pocket" player="Rakki">DQ S5</cards>
<cards type="Pocket" player="OndaBianca1">X X</cards>
<cards type="Pocket" player="YAO16">X X</cards>
<action no="6" player="Rakki" type="0" sum="0"/>
<action no="7" player="YAO16" type="3" discard="1" dealt="1" sum="15"/>
<action no="8" player="OndaBianca1" type="4" discard="1" dealt="1" sum="0"/>
</round>
<round no="2"><cards type="Flop">D3 SA DK</cards>
<action no="9" player="YAO16" type="5" discard="1" dealt="1" sum="30"/>
<action no="10" player="OndaBianca1" type="0" discard="1" dealt="1" sum="0"/>
</round>
</game>
<game gamecode="6464738184"><general><startdate>2025-08-28 14:57:10</startdate>
<round>1</round>
<failsafecounter/>
<players><player seat="6" name="Rakki" chips="605" dealer="0" win="45" bet="35" muck="1" rebuy="0" addon="0" merge="0" rebuychips="0" reg_code="5056366194"/>
<player seat="10" name="YAO16" chips="395" dealer="1" win="0" bet="5" muck="1" rebuy="0" addon="0" merge="0" rebuychips="0" reg_code="5056366329"/>
<player seat="3" name="OndaBianca1" chips="500" dealer="0" win="0" bet="20" muck="1" rebuy="0" addon="0" merge="0" rebuychips="0" reg_code="5056365622"/>
</players>
</general>
<round no="0"><action no="1" player="OndaBianca1" type="15" discard="1" dealt="1" sum="5"/>
<action no="2" player="Rakki" type="15" sum="5"/>
<action no="3" player="YAO16" type="15" discard="1" dealt="1" sum="5"/>
<action no="4" player="OndaBianca1" type="1" discard="1" dealt="1" sum="15"/>
<action no="5" player="Rakki" type="2" sum="30"/>
</round>
<round no="1"><cards type="Pocket" player="Rakki">D10 HK</cards>
<cards type="Pocket" player="OndaBianca1">X X</cards>
<cards type="Pocket" player="YAO16">X X</cards>
<action no="6" player="YAO16" type="0" discard="1" dealt="1" sum="0"/>
<action no="7" player="OndaBianca1" type="0" discard="1" dealt="1" sum="0"/>
</round>
</game>
<game gamecode="6464738192"><general><startdate>2025-08-28 14:57:17</startdate>
<round>1</round>
<failsafecounter/>
<players><player seat="10" name="YAO16" chips="390" dealer="0" win="45" bet="35" muck="1" rebuy="0" addon="0" merge="0" rebuychips="0" reg_code="5056366329"/>
<player seat="3" name="OndaBianca1" chips="480" dealer="1" win="0" bet="5" muck="1" rebuy="0" addon="0" merge="0" rebuychips="0" reg_code="5056365622"/>
<player seat="6" name="Rakki" chips="630" dealer="0" win="0" bet="20" muck="1" rebuy="0" addon="0" merge="0" rebuychips="0" reg_code="5056366194"/>
</players>
</general>
<round no="0"><action no="1" player="Rakki" type="15" sum="5"/>
<action no="2" player="YAO16" type="15" discard="1" dealt="1" sum="5"/>
<action no="3" player="OndaBianca1" type="15" discard="1" dealt="1" sum="5"/>
<action no="4" player="Rakki" type="1" sum="15"/>
<action no="5" player="YAO16" type="2" discard="1" dealt="1" sum="30"/>
</round>
<round no="1"><cards type="Pocket" player="OndaBianca1">X X</cards>
<cards type="Pocket" player="YAO16">X X</cards>
<cards type="Pocket" player="Rakki">S2 H8</cards>
<action no="6" player="OndaBianca1" type="0" discard="1" dealt="1" sum="0"/>
<action no="7" player="Rakki" type="0" sum="0"/>
</round>
</game>
<game gamecode="6464738201"><general><startdate>2025-08-28 14:57:24</startdate>
<round>1</round>
<failsafecounter/>
<players><player seat="3" name="OndaBianca1" chips="475" dealer="0" win="0" bet="35" muck="1" rebuy="0" addon="0" merge="0" rebuychips="0" reg_code="5056365622"/>
<player seat="6" name="Rakki" chips="610" dealer="1" win="90" bet="610" muck="1" rebuy="0" addon="0" merge="0" rebuychips="0" reg_code="5056366194"/>
<player seat="10" name="YAO16" chips="415" dealer="0" win="0" bet="20" muck="1" rebuy="0" addon="0" merge="0" rebuychips="0" reg_code="5056366329"/>
</players>
</general>
<round no="0"><action no="1" player="YAO16" type="15" discard="1" dealt="1" sum="5"/>
<action no="2" player="OndaBianca1" type="15" discard="1" dealt="1" sum="5"/>
<action no="3" player="Rakki" type="15" sum="5"/>
<action no="4" player="YAO16" type="1" discard="1" dealt="1" sum="15"/>
<action no="5" player="OndaBianca1" type="2" discard="1" dealt="1" sum="30"/>
</round>
<round no="1"><cards type="Pocket" player="Rakki">DJ HA</cards>
<cards type="Pocket" player="YAO16">X X</cards>
<cards type="Pocket" player="OndaBianca1">X X</cards>
<action no="6" player="Rakki" type="23" sum="605"/>
<action no="7" player="YAO16" type="0" discard="1" dealt="1" sum="0"/>
<action no="8" player="OndaBianca1" type="0" discard="1" dealt="1" sum="0"/>
</round>
</game>
<game gamecode="6464738221"><general><startdate>2025-08-28 14:57:34</startdate>
<round>1</round>
<failsafecounter/>
<players><player seat="6" name="Rakki" chips="665" dealer="0" win="0" bet="35" muck="1" rebuy="0" addon="0" merge="0" rebuychips="0" reg_code="5056366194"/>
<player seat="10" name="YAO16" chips="395" dealer="1" win="0" bet="5" muck="1" rebuy="0" addon="0" merge="0" rebuychips="0" reg_code="5056366329"/>
<player seat="3" name="OndaBianca1" chips="440" dealer="0" win="75" bet="440" muck="1" rebuy="0" addon="0" merge="0" rebuychips="0" reg_code="5056365622"/>
</players>
</general>
<round no="0"><action no="1" player="OndaBianca1" type="15" discard="1" dealt="1" sum="5"/>
<action no="2" player="Rakki" type="15" sum="5"/>
<action no="3" player="YAO16" type="15" discard="1" dealt="1" sum="5"/>
<action no="4" player="OndaBianca1" type="1" discard="1" dealt="1" sum="15"/>
<action no="5" player="Rakki" type="2" sum="30"/>
</round>
<round no="1"><cards type="Pocket" player="Rakki">D8 SK</cards>
<cards type="Pocket" player="OndaBianca1">X X</cards>
<cards type="Pocket" player="YAO16">X X</cards>
<action no="6" player="YAO16" type="0" discard="1" dealt="1" sum="0"/>
<action no="7" player="OndaBianca1" type="23" discard="1" dealt="1" sum="435"/>
<action no="8" player="Rakki" type="0" sum="0"/>
</round>
</game>
<game gamecode="6464738236"><general><startdate>2025-08-28 14:57:45</startdate>
<round>1</round>
<failsafecounter/>
<players><player seat="10" name="YAO16" chips="390" dealer="0" win="800" bet="390" muck="0" rebuy="0" addon="0" merge="0" rebuychips="0" reg_code="5056366329"/>
<player seat="3" name="OndaBianca1" chips="480" dealer="1" win="0" bet="398" muck="1" rebuy="0" addon="0" merge="0" rebuychips="0" reg_code="5056365622"/>
<player seat="6" name="Rakki" chips="630" dealer="0" win="0" bet="20" muck="1" rebuy="0" addon="0" merge="0" rebuychips="0" reg_code="5056366194"/>
</players>
</general>
<round no="0"><action no="1" player="Rakki" type="15" sum="5"/>
<action no="2" player="YAO16" type="15" discard="1" dealt="1" sum="5"/>
<action no="3" player="OndaBianca1" type="15" discard="1" dealt="1" sum="5"/>
<action no="4" player="Rakki" type="1" sum="15"/>
<action no="5" player="YAO16" type="2" discard="1" dealt="1" sum="30"/>
</round>
<round no="1"><cards type="Pocket" player="YAO16">H10 S9</cards>
<cards type="Pocket" player="Rakki">C10 H6</cards>
<cards type="Pocket" player="OndaBianca1">SA DA</cards>
<action no="6" player="OndaBianca1" type="23" discard="1" dealt="1" sum="60"/>
<action no="7" player="Rakki" type="0" sum="0"/>
<action no="8" player="YAO16" type="3" discard="1" dealt="1" sum="30"/>
</round>
<round no="2"><cards type="Flop">H8 CK DJ</cards>
<action no="9" player="YAO16" type="4" discard="1" dealt="1" sum="0"/>
<action no="10" player="OndaBianca1" type="5" discard="1" dealt="1" sum="113"/>
<action no="11" player="YAO16" type="3" discard="1" dealt="1" sum="113"/>
</round>
<round no="3"><cards type="Turn">SQ</cards>
<action no="12" player="YAO16" type="4" discard="1" dealt="1" sum="0"/>
<action no="13" player="OndaBianca1" type="5" discard="1" dealt="1" sum="220"/>
<action no="14" player="YAO16" type="7" discard="1" dealt="1" sum="212"/>
</round>
<round no="4"><cards type="River">DQ</cards>
</round>
</game>
<game gamecode="6464738283"><general><startdate>2025-08-28 14:58:12</startdate>
<round>1</round>
<failsafecounter/>
<players><player seat="3" name="OndaBianca1" chips="90" dealer="0" win="270" bet="90" muck="0" rebuy="0" addon="0" merge="0" rebuychips="0" reg_code="5056365622"/>
<player seat="6" name="Rakki" chips="610" dealer="1" win="0" bet="157" muck="1" rebuy="0" addon="0" merge="0" rebuychips="0" reg_code="5056366194"/>
<player seat="10" name="YAO16" chips="800" dealer="0" win="0" bet="90" muck="1" rebuy="0" addon="0" merge="0" rebuychips="0" reg_code="5056366329"/>
</players>
</general>
<round no="0"><action no="1" player="YAO16" type="15" discard="1" dealt="1" sum="5"/>
<action no="2" player="OndaBianca1" type="15" discard="1" dealt="1" sum="5"/>
<action no="3" player="Rakki" type="15" sum="5"/>
<action no="4" player="YAO16" type="1" discard="1" dealt="1" sum="15"/>
<action no="5" player="OndaBianca1" type="2" discard="1" dealt="1" sum="30"/>
</round>
<round no="1"><cards type="Pocket" player="OndaBianca1">D10 DJ</cards>
<cards type="Pocket" player="Rakki">C5 HA</cards>
<cards type="Pocket" player="YAO16">X X</cards>
<action no="6" player="Rakki" type="23" sum="60"/>
<action no="7" player="YAO16" type="3" discard="1" dealt="1" sum="45"/>
<action no="8" player="OndaBianca1" type="7" discard="1" dealt="1" sum="55"/>
<action no="9" player="Rakki" type="3" sum="25"/>
<action no="10" player="YAO16" type="3" discard="1" dealt="1" sum="25"/>
</round>
<round no="2"><cards type="Flop">S7 HJ CJ</cards>
<action no="11" player="YAO16" type="4" discard="1" dealt="1" sum="0"/>
<action no="12" player="Rakki" type="4" sum="0"/>
</round>
<round no="3"><cards type="Turn">CA</cards>
<action no="13" player="YAO16" type="4" discard="1" dealt="1" sum="0"/>
<action no="14" player="Rakki" type="5" sum="67"/>
<action no="15" player="YAO16" type="0" discard="1" dealt="1" sum="0"/>
</round>
<round no="4"><cards type="River">S2</cards>
</round>
</game>
<game gamecode="6464738335"><general><startdate>2025-08-28 14:58:39</startdate>
<round>1</round>
<failsafecounter/>
<players><player seat="6" name="Rakki" chips="520" dealer="0" win="0" bet="45" muck="1" rebuy="0" addon="0" merge="0" rebuychips="0" reg_code="5056366194"/>
<player seat="10" name="YAO16" chips="710" dealer="1" win="0" bet="5" muck="1" rebuy="0" addon="0" merge="0" rebuychips="0" reg_code="5056366329"/>
<player seat="3" name="OndaBianca1" chips="270" dealer="0" win="95" bet="270" muck="1" rebuy="0" addon="0" merge="0" rebuychips="0" reg_code="5056365622"/>
</players>
</general>
<round no="0"><action no="1" player="OndaBianca1" type="15" discard="1" dealt="1" sum="5"/>
<action no="2" player="Rakki" type="15" sum="5"/>
<action no="3" player="YAO16" type="15" discard="1" dealt="1" sum="5"/>
<action no="4" player="OndaBianca1" type="1" discard="1" dealt="1" sum="20"/>
<action no="5" player="Rakki" type="2" sum="40"/>
</round>
<round no="1"><cards type="Pocket" player="OndaBianca1">X X</cards>
<cards type="Pocket" player="Rakki">C3 S6</cards>
<cards type="Pocket" player="YAO16">X X</cards>
<action no="6" player="YAO16" type="0" discard="1" dealt="1" sum="0"/>
<action no="7" player="OndaBianca1" type="23" discard="1" dealt="1" sum="265"/>
<action no="8" player="Rakki" type="0" sum="0"/>
</round>
</game>
<game gamecode="6464738352"><general><startdate>2025-08-28 14:58:50</startdate>
<round>1</round>
<failsafecounter/>
<players><player seat="10" name="YAO16" chips="705" dealer="0" win="0" bet="45" muck="1" rebuy="0" addon="0" merge="0" rebuychips="0" reg_code="5056366329"/>
<player seat="3" name="OndaBianca1" chips="320" dealer="1" win="685" bet="320" muck="0" rebuy="0" addon="0" merge="0" rebuychips="0" reg_code="5056365622"/>
<player seat="6" name="Rakki" chips="475" dealer="0" win="0" bet="475" muck="1" rebuy="0" addon="0" merge="0" rebuychips="0" reg_code="5056366194"/>
</players>
</general>
<round no="0"><action no="1" player="Rakki" type="15" sum="5"/>
<action no="2" player="YAO16" type="15" discard="1" dealt="1" sum="5"/>
<action no="3" player="OndaBianca1" type="15" discard="1" dealt="1" sum="5"/>
<action no="4" player="Rakki" type="1" sum="20"/>
<action no="5" player="YAO16" type="2" discard="1" dealt="1" sum="40"/>
</round>
<round no="1"><cards type="Pocket" player="YAO16">X X</cards>
<cards type="Pocket" player="OndaBianca1">H10 D10</cards>
<cards type="Pocket" player="Rakki">H5 SA</cards>
<action no="6" player="OndaBianca1" type="23" discard="1" dealt="1" sum="315"/>
<action no="7" player="Rakki" type="7" sum="450"/>
<action no="8" player="YAO16" type="0" discard="1" dealt="1" sum="0"/>
</round>
<round no="2"><cards type="Flop">SQ H6 DK</cards>
</round>
<round no="3"><cards type="Turn">S4</cards>
</round>
<round no="4"><cards type="River">D9</cards>
</round>
</game>
<game gamecode="6464738395"><general><startdate>2025-08-28 14:59:14</startdate>
<round>1</round>
<failsafecounter/>
<players><player seat="3" name="OndaBianca1" chips="685" dealer="0" win="0" bet="45" muck="1" rebuy="0" addon="0" merge="0" rebuychips="0" reg_code="5056365622"/>
<player seat="6" name="Rakki" chips="155" dealer="1" win="0" bet="5" muck="1" rebuy="0" addon="0" merge="0" rebuychips="0" reg_code="5056366194"/>
<player seat="10" name="YAO16" chips="660" dealer="0" win="95" bet="660" muck="1" rebuy="0" addon="0" merge="0" rebuychips="0" reg_code="5056366329"/>
</players>
</general>
<round no="0"><action no="1" player="YAO16" type="15" discard="1" dealt="1" sum="5"/>
<action no="2" player="OndaBianca1" type="15" discard="1" dealt="1" sum="5"/>
<action no="3" player="Rakki" type="15" sum="5"/>
<action no="4" player="YAO16" type="1" discard="1" dealt="1" sum="20"/>
<action no="5" player="OndaBianca1" type="2" discard="1" dealt="1" sum="40"/>
</round>
<round no="1"><cards type="Pocket" player="Rakki">D3 SJ</cards>
<cards type="Pocket" player="YAO16">X X</cards>
<cards type="Pocket" player="OndaBianca1">X X</cards>
<action no="6" player="Rakki" type="0" sum="0"/>
<action no="7" player="YAO16" type="23" discard="1" dealt="1" sum="655"/>
<action no="8" player="OndaBianca1" type="0" discard="1" dealt="1" sum="0"/>
</round>
</game>
<game gamecode="6464738418"><general><startdate>2025-08-28 14:59:25</startdate>
<round>1</round>
<failsafecounter/>
<players><player seat="6" name="Rakki" chips="150" dealer="0" win="0" bet="150" muck="1" rebuy="0" addon="0" merge="0" rebuychips="0" reg_code="5056366194"/>
<player seat="10" name="YAO16" chips="710" dealer="1" win="0" bet="5" muck="1" rebuy="0" addon="0" merge="0" rebuychips="0" reg_code="5056366329"/>
<player seat="3" name="OndaBianca1" chips="640" dealer="0" win="305" bet="640" muck="0" rebuy="0" addon="0" merge="0" rebuychips="0" reg_code="5056365622"/>
</players>
</general>
<round no="0"><action no="1" player="OndaBianca1" type="15" discard="1" dealt="1" sum="5"/>
<action no="2" player="Rakki" type="15" sum="5"/>
<action no="3" player="YAO16" type="15" discard="1" dealt="1" sum="5"/>
<action no="4" player="OndaBianca1" type="1" discard="1" dealt="1" sum="20"/>
<action no="5" player="Rakki" type="2" sum="40"/>
</round>
<round no="1"><cards type="Pocket" player="YAO16">X X</cards>
<cards type="Pocket" player="Rakki">S3 DJ</cards>
<cards type="Pocket" player="OndaBianca1">DK H5</cards>
<action no="6" player="YAO16" type="0" discard="1" dealt="1" sum="0"/>
<action no="7" player="OndaBianca1" type="23" discard="1" dealt="1" sum="635"/>
<action no="8" player="Rakki" type="7" sum="105"/>
</round>
<round no="2"><cards type="Flop">C5 C6 S9</cards>
</round>
<round no="3"><cards type="Turn">SK</cards>
</round>
<round no="4"><cards type="River">H8</cards>
</round>
</game>
</session>
