<?xml version="1.0" encoding="UTF-8"?>
<session sessioncode="5056378736">
<general>
<client_version>25.1.1.16</client_version>
<mode>real</mode>
<gametype>Holdem NL</gametype>
<tablename>Twister €100 SNG, 816651578</tablename>
<tournamentcode>816651577</tournamentcode>
<tournamentname>Twister €100 SNG</tournamentname>
<buyin>€0 + €7 + €93</buyin>
<totalbuyin>€100</totalbuyin>
<rewarddrawn>€300</rewarddrawn>
<tournamentcurrency>EUR</tournamentcurrency>
<currency>EUR</currency>
<nickname>Rakki</nickname>
<gamecount>3</gamecount>
<startdate>2025-08-28 16:08:07</startdate>
<place>3</place>
<win>€0</win>
<tablesize>3</tablesize>
</general>
<game gamecode="6464790359"><general><startdate>2025-08-28 16:08:22</startdate>
<round>1</round>
<failsafecounter/>
<players><player seat="6" name="Rakki" chips="500" dealer="0" win="20" bet="20" muck="1" rebuy="0" addon="0" merge="0" rebuychips="0" reg_code="5056378736"/>
<player seat="10" name="SVBenitosansone" chips="500" dealer="1" win="0" bet="0" muck="1" rebuy="0" addon="0" merge="0" rebuychips="0" reg_code="5056379167"/>
<player seat="3" name="Tiuualex" chips="500" dealer="0" win="0" bet="10" muck="1" rebuy="0" addon="0" merge="0" rebuychips="0" reg_code="5056378690"/>
</players>
</general>
<round no="0"><action no="1" player="Tiuualex" type="1" discard="1" dealt="1" sum="10"/>
<action no="2" player="Rakki" type="2" sum="20"/>
</round>
<round no="1"><cards type="Pocket" player="Rakki">D8 S6</cards>
<cards type="Pocket" player="SVBenitosansone">X X</cards>
<cards type="Pocket" player="Tiuualex">X X</cards>
<action no="3" player="SVBenitosansone" type="0" discard="1" dealt="1" sum="0"/>
<action no="4" player="Tiuualex" type="0" discard="1" dealt="1" sum="0"/>
</round>
</game>
<game gamecode="6464790374"><general><startdate>2025-08-28 16:08:31</startdate>
<round>1</round>
<failsafecounter/>
<players><player seat="10" name="SVBenitosansone" chips="500" dealer="0" win="1,000" bet="500" muck="0" rebuy="0" addon="0" merge="0" rebuychips="0" reg_code="5056379167"/>
<player seat="3" name="Tiuualex" chips="490" dealer="1" win="0" bet="0" muck="1" rebuy="0" addon="0" merge="0" rebuychips="0" reg_code="5056378690"/>
<player seat="6" name="Rakki" chips="510" dealer="0" win="0" bet="510" muck="1" rebuy="0" addon="0" merge="0" rebuychips="0" reg_code="5056378736"/>
</players>
</general>
<round no="0"><action no="1" player="Rakki" type="1" sum="10"/>
<action no="2" player="SVBenitosansone" type="2" discard="1" dealt="1" sum="20"/>
</round>
<round no="1"><cards type="Pocket" player="SVBenitosansone">DA S10</cards>
<cards type="Pocket" player="Tiuualex">X X</cards>
<cards type="Pocket" player="Rakki">SQ H10</cards>
<action no="3" player="Tiuualex" type="0" discard="1" dealt="1" sum="0"/>
<action no="4" player="Rakki" type="23" sum="50"/>
<action no="5" player="SVBenitosansone" type="3" discard="1" dealt="1" sum="30"/>
</round>
<round no="2"><cards type="Flop">H4 S7 D10</cards>
<action no="6" player="Rakki" type="5" sum="25"/>
<action no="7" player="SVBenitosansone" type="23" discard="1" dealt="1" sum="87"/>
<action no="8" player="Rakki" type="3" sum="62"/>
</round>
<round no="3"><cards type="Turn">S2</cards>
<action no="9" player="Rakki" type="4" sum="0"/>
<action no="10" player="SVBenitosansone" type="5" discard="1" dealt="1" sum="80"/>
<action no="11" player="Rakki" type="23" sum="160"/>
<action no="12" player="SVBenitosansone" type="3" discard="1" dealt="1" sum="80"/>
</round>
<round no="4"><cards type="River">DJ</cards>
<action no="13" player="Rakki" type="5" sum="213"/>
<action no="14" player="SVBenitosansone" type="7" discard="1" dealt="1" sum="203"/>
</round>
</game>
<game gamecode="6464790422"><general><startdate>2025-08-28 16:09:03</startdate>
<round>1</round>
<failsafecounter/>
<players><player seat="3" name="Tiuualex" chips="490" dealer="0" win="130" bet="60" muck="0" rebuy="0" addon="0" merge="0" rebuychips="0" reg_code="5056378690"/>
<player seat="6" name="Rakki" chips="10" dealer="1" win="0" bet="10" muck="1" rebuy="0" addon="0" merge="0" rebuychips="0" reg_code="5056378736"/>
<player seat="10" name="SVBenitosansone" chips="1,000" dealer="0" win="0" bet="60" muck="1" rebuy="0" addon="0" merge="0" rebuychips="0" reg_code="5056379167"/>
</players>
</general>
<round no="0"><action no="1" player="SVBenitosansone" type="1" discard="1" dealt="1" sum="10"/>
<action no="2" player="Tiuualex" type="2" discard="1" dealt="1" sum="20"/>
</round>
<round no="1"><cards type="Pocket" player="Tiuualex">H4 C10</cards>
<cards type="Pocket" player="Rakki">S3 DA</cards>
<cards type="Pocket" player="SVBenitosansone">H2 SK</cards>
<action no="3" player="Rakki" type="7" sum="10"/>
<action no="4" player="SVBenitosansone" type="3" discard="1" dealt="1" sum="10"/>
<action no="5" player="Tiuualex" type="4" discard="1" dealt="1" sum="0"/>
</round>
<round no="2"><cards type="Flop">CA C6 H3</cards>
<action no="6" player="SVBenitosansone" type="4" discard="1" dealt="1" sum="0"/>
<action no="7" player="Tiuualex" type="4" discard="1" dealt="1" sum="0"/>
</round>
<round no="3"><cards type="Turn">D2</cards>
<action no="8" player="SVBenitosansone" type="4" discard="1" dealt="1" sum="0"/>
<action no="9" player="Tiuualex" type="4" discard="1" dealt="1" sum="0"/>
</round>
<round no="4"><cards type="River">H5</cards>
<action no="10" player="SVBenitosansone" type="4" discard="1" dealt="1" sum="0"/>
<action no="11" player="Tiuualex" type="5" discard="1" dealt="1" sum="40"/>
<action no="12" player="SVBenitosansone" type="3" discard="1" dealt="1" sum="40"/>
</round>
</game>
</session>
