<?xml version="1.0" encoding="UTF-8"?>
<session sessioncode="5056176270">
<general>
<client_version>25.1.1.16</client_version>
<mode>real</mode>
<gametype>Holdem NL</gametype>
<tablename>Twister €100 SNG, 816589391</tablename>
<tournamentcode>816589390</tournamentcode>
<tournamentname>Twister €100 SNG</tournamentname>
<buyin>€0 + €7 + €93</buyin>
<totalbuyin>€100</totalbuyin>
<rewarddrawn>€400</rewarddrawn>
<tournamentcurrency>EUR</tournamentcurrency>
<currency>EUR</currency>
<nickname>Rakki</nickname>
<gamecount>21</gamecount>
<startdate>2025-08-27 15:34:51</startdate>
<place>3</place>
<win>€0</win>
<tablesize>3</tablesize>
</general>
<game gamecode="6463976309"><general><startdate>2025-08-27 15:35:06</startdate>
<round>1</round>
<failsafecounter/>
<players><player seat="6" name="IamtheGoat" chips="500" dealer="0" win="0" bet="20" muck="1" rebuy="0" addon="0" merge="0" rebuychips="0" reg_code="5056176170"/>
<player seat="10" name="Rakki" chips="500" dealer="1" win="50" bet="40" muck="1" rebuy="0" addon="0" merge="0" rebuychips="0" reg_code="5056176270"/>
<player seat="3" name="Bisciakun" chips="500" dealer="0" win="0" bet="10" muck="1" rebuy="0" addon="0" merge="0" rebuychips="0" reg_code="5056175880"/>
</players>
</general>
<round no="0"><action no="1" player="Bisciakun" type="1" discard="1" dealt="1" sum="10"/>
<action no="2" player="IamtheGoat" type="2" discard="1" dealt="1" sum="20"/>
</round>
<round no="1"><cards type="Pocket" player="IamtheGoat">X X</cards>
<cards type="Pocket" player="Rakki">DK CA</cards>
<cards type="Pocket" player="Bisciakun">X X</cards>
<action no="3" player="Rakki" type="23" sum="40"/>
<action no="4" player="Bisciakun" type="0" discard="1" dealt="1" sum="0"/>
<action no="5" player="IamtheGoat" type="0" discard="1" dealt="1" sum="0"/>
</round>
</game>
<game gamecode="6463976320"><general><startdate>2025-08-27 15:35:16</startdate>
<round>1</round>
<failsafecounter/>
<players><player seat="10" name="Rakki" chips="530" dealer="0" win="0" bet="100" muck="1" rebuy="0" addon="0" merge="0" rebuychips="0" reg_code="5056176270"/>
<player seat="3" name="Bisciakun" chips="490" dealer="1" win="210" bet="100" muck="0" rebuy="0" addon="0" merge="0" rebuychips="0" reg_code="5056175880"/>
<player seat="6" name="IamtheGoat" chips="480" dealer="0" win="0" bet="10" muck="1" rebuy="0" addon="0" merge="0" rebuychips="0" reg_code="5056176170"/>
</players>
</general>
<round no="0"><action no="1" player="IamtheGoat" type="1" discard="1" dealt="1" sum="10"/>
<action no="2" player="Rakki" type="2" sum="20"/>
</round>
<round no="1"><cards type="Pocket" player="IamtheGoat">X X</cards>
<cards type="Pocket" player="Bisciakun">HA H5</cards>
<cards type="Pocket" player="Rakki">CA S9</cards>
<action no="3" player="Bisciakun" type="23" discard="1" dealt="1" sum="40"/>
<action no="4" player="IamtheGoat" type="0" discard="1" dealt="1" sum="0"/>
<action no="5" player="Rakki" type="3" sum="20"/>
</round>
<round no="2"><cards type="Flop">DQ D5 C7</cards>
<action no="6" player="Rakki" type="4" sum="0"/>
<action no="7" player="Bisciakun" type="4" discard="1" dealt="1" sum="0"/>
</round>
<round no="3"><cards type="Turn">DK</cards>
<action no="8" player="Rakki" type="4" sum="0"/>
<action no="9" player="Bisciakun" type="4" discard="1" dealt="1" sum="0"/>
</round>
<round no="4"><cards type="River">C5</cards>
<action no="10" player="Rakki" type="4" sum="0"/>
<action no="11" player="Bisciakun" type="5" discard="1" dealt="1" sum="60"/>
<action no="12" player="Rakki" type="3" sum="60"/>
</round>
</game>
<game gamecode="6463976348"><general><startdate>2025-08-27 15:35:37</startdate>
<round>1</round>
<failsafecounter/>
<players><player seat="3" name="Bisciakun" chips="600" dealer="0" win="20" bet="20" muck="1" rebuy="0" addon="0" merge="0" rebuychips="0" reg_code="5056175880"/>
<player seat="6" name="IamtheGoat" chips="470" dealer="1" win="0" bet="0" muck="1" rebuy="0" addon="0" merge="0" rebuychips="0" reg_code="5056176170"/>
<player seat="10" name="Rakki" chips="430" dealer="0" win="0" bet="10" muck="1" rebuy="0" addon="0" merge="0" rebuychips="0" reg_code="5056176270"/>
</players>
</general>
<round no="0"><action no="1" player="Rakki" type="1" sum="10"/>
<action no="2" player="Bisciakun" type="2" discard="1" dealt="1" sum="20"/>
</round>
<round no="1"><cards type="Pocket" player="IamtheGoat">X X</cards>
<cards type="Pocket" player="Bisciakun">X X</cards>
<cards type="Pocket" player="Rakki">D4 C6</cards>
<action no="3" player="IamtheGoat" type="0" discard="1" dealt="1" sum="0"/>
<action no="4" player="Rakki" type="0" sum="0"/>
</round>
</game>
<game gamecode="6463976354"><general><startdate>2025-08-27 15:35:44</startdate>
<round>1</round>
<failsafecounter/>
<players><player seat="6" name="IamtheGoat" chips="470" dealer="0" win="120" bet="160" muck="1" rebuy="0" addon="0" merge="0" rebuychips="0" reg_code="5056176170"/>
<player seat="10" name="Rakki" chips="420" dealer="1" win="0" bet="40" muck="1" rebuy="0" addon="0" merge="0" rebuychips="0" reg_code="5056176270"/>
<player seat="3" name="Bisciakun" chips="610" dealer="0" win="0" bet="40" muck="1" rebuy="0" addon="0" merge="0" rebuychips="0" reg_code="5056175880"/>
</players>
</general>
<round no="0"><action no="1" player="Bisciakun" type="1" discard="1" dealt="1" sum="10"/>
<action no="2" player="IamtheGoat" type="2" discard="1" dealt="1" sum="20"/>
</round>
<round no="1"><cards type="Pocket" player="Bisciakun">X X</cards>
<cards type="Pocket" player="IamtheGoat">X X</cards>
<cards type="Pocket" player="Rakki">S9 CQ</cards>
<action no="3" player="Rakki" type="23" sum="40"/>
<action no="4" player="Bisciakun" type="3" discard="1" dealt="1" sum="30"/>
<action no="5" player="IamtheGoat" type="3" discard="1" dealt="1" sum="20"/>
</round>
<round no="2"><cards type="Flop">S3 H6 D4</cards>
<action no="6" player="Bisciakun" type="4" discard="1" dealt="1" sum="0"/>
<action no="7" player="IamtheGoat" type="4" discard="1" dealt="1" sum="0"/>
<action no="8" player="Rakki" type="4" sum="0"/>
</round>
<round no="3"><cards type="Turn">C7</cards>
<action no="9" player="Bisciakun" type="4" discard="1" dealt="1" sum="0"/>
<action no="10" player="IamtheGoat" type="4" discard="1" dealt="1" sum="0"/>
<action no="11" player="Rakki" type="4" sum="0"/>
</round>
<round no="4"><cards type="River">S4</cards>
<action no="12" player="Bisciakun" type="4" discard="1" dealt="1" sum="0"/>
<action no="13" player="IamtheGoat" type="5" discard="1" dealt="1" sum="120"/>
<action no="14" player="Rakki" type="0" sum="0"/>
<action no="15" player="Bisciakun" type="0" discard="1" dealt="1" sum="0"/>
</round>
</game>
<game gamecode="6463976393"><general><startdate>2025-08-27 15:36:16</startdate>
<round>1</round>
<failsafecounter/>
<players><player seat="10" name="Rakki" chips="380" dealer="0" win="90" bet="130" muck="1" rebuy="0" addon="0" merge="0" rebuychips="0" reg_code="5056176270"/>
<player seat="3" name="Bisciakun" chips="570" dealer="1" win="0" bet="40" muck="1" rebuy="0" addon="0" merge="0" rebuychips="0" reg_code="5056175880"/>
<player seat="6" name="IamtheGoat" chips="550" dealer="0" win="0" bet="10" muck="1" rebuy="0" addon="0" merge="0" rebuychips="0" reg_code="5056176170"/>
</players>
</general>
<round no="0"><action no="1" player="IamtheGoat" type="1" discard="1" dealt="1" sum="10"/>
<action no="2" player="Rakki" type="2" sum="20"/>
</round>
<round no="1"><cards type="Pocket" player="IamtheGoat">X X</cards>
<cards type="Pocket" player="Bisciakun">X X</cards>
<cards type="Pocket" player="Rakki">DK HQ</cards>
<action no="3" player="Bisciakun" type="23" discard="1" dealt="1" sum="40"/>
<action no="4" player="IamtheGoat" type="0" discard="1" dealt="1" sum="0"/>
<action no="5" player="Rakki" type="3" sum="20"/>
</round>
<round no="2"><cards type="Flop">SQ D4 C3</cards>
<action no="6" player="Rakki" type="4" sum="0"/>
<action no="7" player="Bisciakun" type="4" discard="1" dealt="1" sum="0"/>
</round>
<round no="3"><cards type="Turn">DQ</cards>
<action no="8" player="Rakki" type="4" sum="0"/>
<action no="9" player="Bisciakun" type="4" discard="1" dealt="1" sum="0"/>
</round>
<round no="4"><cards type="River">D7</cards>
<action no="10" player="Rakki" type="5" sum="90"/>
<action no="11" player="Bisciakun" type="0" discard="1" dealt="1" sum="0"/>
</round>
</game>
<game gamecode="6463976423"><general><startdate>2025-08-27 15:36:44</startdate>
<round>1</round>
<failsafecounter/>
<players><player seat="3" name="Bisciakun" chips="530" dealer="0" win="0" bet="40" muck="1" rebuy="0" addon="0" merge="0" rebuychips="0" reg_code="5056175880"/>
<player seat="6" name="IamtheGoat" chips="540" dealer="1" win="120" bet="100" muck="1" rebuy="0" addon="0" merge="0" rebuychips="0" reg_code="5056176170"/>
<player seat="10" name="Rakki" chips="430" dealer="0" win="0" bet="40" muck="1" rebuy="0" addon="0" merge="0" rebuychips="0" reg_code="5056176270"/>
</players>
</general>
<round no="0"><action no="1" player="Rakki" type="1" sum="10"/>
<action no="2" player="Bisciakun" type="2" discard="1" dealt="1" sum="20"/>
</round>
<round no="1"><cards type="Pocket" player="IamtheGoat">X X</cards>
<cards type="Pocket" player="Rakki">SQ DJ</cards>
<cards type="Pocket" player="Bisciakun">X X</cards>
<action no="3" player="IamtheGoat" type="23" discard="1" dealt="1" sum="40"/>
<action no="4" player="Rakki" type="3" sum="30"/>
<action no="5" player="Bisciakun" type="3" discard="1" dealt="1" sum="20"/>
</round>
<round no="2"><cards type="Flop">D8 CA HK</cards>
<action no="6" player="Rakki" type="4" sum="0"/>
<action no="7" player="Bisciakun" type="4" discard="1" dealt="1" sum="0"/>
<action no="8" player="IamtheGoat" type="5" discard="1" dealt="1" sum="60"/>
<action no="9" player="Rakki" type="0" sum="0"/>
<action no="10" player="Bisciakun" type="0" discard="1" dealt="1" sum="0"/>
</round>
</game>
<game gamecode="6463976447"><general><startdate>2025-08-27 15:37:00</startdate>
<round>1</round>
<failsafecounter/>
<players><player seat="6" name="IamtheGoat" chips="620" dealer="0" win="0" bet="20" muck="1" rebuy="0" addon="0" merge="0" rebuychips="0" reg_code="5056176170"/>
<player seat="10" name="Rakki" chips="390" dealer="1" win="160" bet="230" muck="1" rebuy="0" addon="0" merge="0" rebuychips="0" reg_code="5056176270"/>
<player seat="3" name="Bisciakun" chips="490" dealer="0" win="0" bet="70" muck="1" rebuy="0" addon="0" merge="0" rebuychips="0" reg_code="5056175880"/>
</players>
</general>
<round no="0"><action no="1" player="Bisciakun" type="1" discard="1" dealt="1" sum="10"/>
<action no="2" player="IamtheGoat" type="2" discard="1" dealt="1" sum="20"/>
</round>
<round no="1"><cards type="Pocket" player="Rakki">D9 H9</cards>
<cards type="Pocket" player="IamtheGoat">X X</cards>
<cards type="Pocket" player="Bisciakun">X X</cards>
<action no="3" player="Rakki" type="23" sum="40"/>
<action no="4" player="Bisciakun" type="3" discard="1" dealt="1" sum="30"/>
<action no="5" player="IamtheGoat" type="0" discard="1" dealt="1" sum="0"/>
</round>
<round no="2"><cards type="Flop">S9 CK HQ</cards>
<action no="6" player="Bisciakun" type="4" discard="1" dealt="1" sum="0"/>
<action no="7" player="Rakki" type="5" sum="30"/>
<action no="8" player="Bisciakun" type="3" discard="1" dealt="1" sum="30"/>
</round>
<round no="3"><cards type="Turn">DJ</cards>
<action no="9" player="Bisciakun" type="4" discard="1" dealt="1" sum="0"/>
<action no="10" player="Rakki" type="4" sum="0"/>
</round>
<round no="4"><cards type="River">D10</cards>
<action no="11" player="Bisciakun" type="4" discard="1" dealt="1" sum="0"/>
<action no="12" player="Rakki" type="5" sum="160"/>
<action no="13" player="Bisciakun" type="0" discard="1" dealt="1" sum="0"/>
</round>
</game>
<game gamecode="6463976486"><general><startdate>2025-08-27 15:37:29</startdate>
<round>1</round>
<failsafecounter/>
<players><player seat="10" name="Rakki" chips="480" dealer="0" win="75" bet="65" muck="1" rebuy="0" addon="0" merge="0" rebuychips="0" reg_code="5056176270"/>
<player seat="3" name="Bisciakun" chips="420" dealer="1" win="0" bet="5" muck="1" rebuy="0" addon="0" merge="0" rebuychips="0" reg_code="5056175880"/>
<player seat="6" name="IamtheGoat" chips="600" dealer="0" win="0" bet="35" muck="1" rebuy="0" addon="0" merge="0" rebuychips="0" reg_code="5056176170"/>
</players>
</general>
<round no="0"><action no="1" player="IamtheGoat" type="15" discard="1" dealt="1" sum="5"/>
<action no="2" player="Rakki" type="15" sum="5"/>
<action no="3" player="Bisciakun" type="15" discard="1" dealt="1" sum="5"/>
<action no="4" player="IamtheGoat" type="1" discard="1" dealt="1" sum="15"/>
<action no="5" player="Rakki" type="2" sum="30"/>
</round>
<round no="1"><cards type="Pocket" player="Rakki">HK H9</cards>
<cards type="Pocket" player="Bisciakun">X X</cards>
<cards type="Pocket" player="IamtheGoat">X X</cards>
<action no="6" player="Bisciakun" type="0" discard="1" dealt="1" sum="0"/>
<action no="7" player="IamtheGoat" type="3" discard="1" dealt="1" sum="15"/>
<action no="8" player="Rakki" type="4" sum="0"/>
</round>
<round no="2"><cards type="Flop">C7 DK H4</cards>
<action no="9" player="IamtheGoat" type="4" discard="1" dealt="1" sum="0"/>
<action no="10" player="Rakki" type="5" sum="30"/>
<action no="11" player="IamtheGoat" type="0" discard="1" dealt="1" sum="0"/>
</round>
</game>
<game gamecode="6463976503"><general><startdate>2025-08-27 15:37:41</startdate>
<round>1</round>
<failsafecounter/>
<players><player seat="3" name="Bisciakun" chips="415" dealer="0" win="0" bet="72" muck="1" rebuy="0" addon="0" merge="0" rebuychips="0" reg_code="5056175880"/>
<player seat="6" name="IamtheGoat" chips="565" dealer="1" win="0" bet="5" muck="1" rebuy="0" addon="0" merge="0" rebuychips="0" reg_code="5056176170"/>
<player seat="10" name="Rakki" chips="520" dealer="0" win="149" bet="132" muck="1" rebuy="0" addon="0" merge="0" rebuychips="0" reg_code="5056176270"/>
</players>
</general>
<round no="0"><action no="1" player="Rakki" type="15" sum="5"/>
<action no="2" player="Bisciakun" type="15" discard="1" dealt="1" sum="5"/>
<action no="3" player="IamtheGoat" type="15" discard="1" dealt="1" sum="5"/>
<action no="4" player="Rakki" type="1" sum="15"/>
<action no="5" player="Bisciakun" type="2" discard="1" dealt="1" sum="30"/>
</round>
<round no="1"><cards type="Pocket" player="Rakki">DK C5</cards>
<cards type="Pocket" player="IamtheGoat">X X</cards>
<cards type="Pocket" player="Bisciakun">X X</cards>
<action no="6" player="IamtheGoat" type="0" discard="1" dealt="1" sum="0"/>
<action no="7" player="Rakki" type="3" sum="15"/>
<action no="8" player="Bisciakun" type="4" discard="1" dealt="1" sum="0"/>
</round>
<round no="2"><cards type="Flop">C2 HK C7</cards>
<action no="9" player="Rakki" type="4" sum="0"/>
<action no="10" player="Bisciakun" type="4" discard="1" dealt="1" sum="0"/>
</round>
<round no="3"><cards type="Turn">D10</cards>
<action no="11" player="Rakki" type="5" sum="37"/>
<action no="12" player="Bisciakun" type="3" discard="1" dealt="1" sum="37"/>
</round>
<round no="4"><cards type="River">H7</cards>
<action no="13" player="Rakki" type="5" sum="60"/>
<action no="14" player="Bisciakun" type="0" discard="1" dealt="1" sum="0"/>
</round>
</game>
<game gamecode="6463976543"><general><startdate>2025-08-27 15:38:09</startdate>
<round>1</round>
<failsafecounter/>
<players><player seat="6" name="IamtheGoat" chips="560" dealer="0" win="1,140" bet="560" muck="0" rebuy="0" addon="0" merge="0" rebuychips="0" reg_code="5056176170"/>
<player seat="10" name="Rakki" chips="597" dealer="1" win="0" bet="560" muck="1" rebuy="0" addon="0" merge="0" rebuychips="0" reg_code="5056176270"/>
<player seat="3" name="Bisciakun" chips="343" dealer="0" win="0" bet="20" muck="1" rebuy="0" addon="0" merge="0" rebuychips="0" reg_code="5056175880"/>
</players>
</general>
<round no="0"><action no="1" player="Bisciakun" type="15" discard="1" dealt="1" sum="5"/>
<action no="2" player="IamtheGoat" type="15" discard="1" dealt="1" sum="5"/>
<action no="3" player="Rakki" type="15" sum="5"/>
<action no="4" player="Bisciakun" type="1" discard="1" dealt="1" sum="15"/>
<action no="5" player="IamtheGoat" type="2" discard="1" dealt="1" sum="30"/>
</round>
<round no="1"><cards type="Pocket" player="IamtheGoat">DA DQ</cards>
<cards type="Pocket" player="Rakki">DJ CA</cards>
<cards type="Pocket" player="Bisciakun">X X</cards>
<action no="6" player="Rakki" type="23" sum="60"/>
<action no="7" player="Bisciakun" type="0" discard="1" dealt="1" sum="0"/>
<action no="8" player="IamtheGoat" type="23" discard="1" dealt="1" sum="555"/>
<action no="9" player="Rakki" type="3" sum="495"/>
</round>
<round no="2"><cards type="Flop">SQ C8 HQ</cards>
</round>
<round no="3"><cards type="Turn">S8</cards>
</round>
<round no="4"><cards type="River">CK</cards>
</round>
</game>
<game gamecode="6463976567"><general><startdate>2025-08-27 15:38:28</startdate>
<round>1</round>
<failsafecounter/>
<players><player seat="10" name="Rakki" chips="37" dealer="0" win="79" bet="37" muck="0" rebuy="0" addon="0" merge="0" rebuychips="0" reg_code="5056176270"/>
<player seat="3" name="Bisciakun" chips="323" dealer="1" win="0" bet="5" muck="1" rebuy="0" addon="0" merge="0" rebuychips="0" reg_code="5056175880"/>
<player seat="6" name="IamtheGoat" chips="1,140" dealer="0" win="0" bet="65" muck="1" rebuy="0" addon="0" merge="0" rebuychips="0" reg_code="5056176170"/>
</players>
</general>
<round no="0"><action no="1" player="IamtheGoat" type="15" discard="1" dealt="1" sum="5"/>
<action no="2" player="Rakki" type="15" sum="5"/>
<action no="3" player="Bisciakun" type="15" discard="1" dealt="1" sum="5"/>
<action no="4" player="IamtheGoat" type="1" discard="1" dealt="1" sum="15"/>
<action no="5" player="Rakki" type="2" sum="30"/>
</round>
<round no="1"><cards type="Pocket" player="IamtheGoat">SJ H5</cards>
<cards type="Pocket" player="Bisciakun">X X</cards>
<cards type="Pocket" player="Rakki">H9 HA</cards>
<action no="6" player="Bisciakun" type="0" discard="1" dealt="1" sum="0"/>
<action no="7" player="IamtheGoat" type="23" discard="1" dealt="1" sum="60"/>
<action no="8" player="Rakki" type="7" sum="2"/>
</round>
<round no="2"><cards type="Flop">C5 H6 S9</cards>
</round>
<round no="3"><cards type="Turn">C3</cards>
</round>
<round no="4"><cards type="River">D10</cards>
</round>
</game>
<game gamecode="6463976583"><general><startdate>2025-08-27 15:38:44</startdate>
<round>1</round>
<failsafecounter/>
<players><player seat="3" name="Bisciakun" chips="318" dealer="0" win="0" bet="79" muck="1" rebuy="0" addon="0" merge="0" rebuychips="0" reg_code="5056175880"/>
<player seat="6" name="IamtheGoat" chips="1,103" dealer="1" win="0" bet="5" muck="1" rebuy="0" addon="0" merge="0" rebuychips="0" reg_code="5056176170"/>
<player seat="10" name="Rakki" chips="79" dealer="0" win="163" bet="79" muck="0" rebuy="0" addon="0" merge="0" rebuychips="0" reg_code="5056176270"/>
</players>
</general>
<round no="0"><action no="1" player="Rakki" type="15" sum="5"/>
<action no="2" player="Bisciakun" type="15" discard="1" dealt="1" sum="5"/>
<action no="3" player="IamtheGoat" type="15" discard="1" dealt="1" sum="5"/>
<action no="4" player="Rakki" type="1" sum="15"/>
<action no="5" player="Bisciakun" type="2" discard="1" dealt="1" sum="30"/>
</round>
<round no="1"><cards type="Pocket" player="IamtheGoat">X X</cards>
<cards type="Pocket" player="Rakki">HJ S8</cards>
<cards type="Pocket" player="Bisciakun">S10 H6</cards>
<action no="6" player="IamtheGoat" type="0" discard="1" dealt="1" sum="0"/>
<action no="7" player="Rakki" type="23" sum="74"/>
<action no="8" player="Bisciakun" type="3" discard="1" dealt="1" sum="44"/>
</round>
<round no="2"><cards type="Flop">H8 DJ SA</cards>
</round>
<round no="3"><cards type="Turn">H9</cards>
</round>
<round no="4"><cards type="River">D6</cards>
</round>
</game>
<game gamecode="6463976613"><general><startdate>2025-08-27 15:39:02</startdate>
<round>1</round>
<failsafecounter/>
<players><player seat="6" name="IamtheGoat" chips="1,098" dealer="0" win="0" bet="35" muck="1" rebuy="0" addon="0" merge="0" rebuychips="0" reg_code="5056176170"/>
<player seat="10" name="Rakki" chips="163" dealer="1" win="0" bet="5" muck="1" rebuy="0" addon="0" merge="0" rebuychips="0" reg_code="5056176270"/>
<player seat="3" name="Bisciakun" chips="239" dealer="0" win="75" bet="239" muck="1" rebuy="0" addon="0" merge="0" rebuychips="0" reg_code="5056175880"/>
</players>
</general>
<round no="0"><action no="1" player="Bisciakun" type="15" discard="1" dealt="1" sum="5"/>
<action no="2" player="IamtheGoat" type="15" discard="1" dealt="1" sum="5"/>
<action no="3" player="Rakki" type="15" sum="5"/>
<action no="4" player="Bisciakun" type="1" discard="1" dealt="1" sum="15"/>
<action no="5" player="IamtheGoat" type="2" discard="1" dealt="1" sum="30"/>
</round>
<round no="1"><cards type="Pocket" player="Rakki">H3 C10</cards>
<cards type="Pocket" player="IamtheGoat">X X</cards>
<cards type="Pocket" player="Bisciakun">X X</cards>
<action no="6" player="Rakki" type="0" sum="0"/>
<action no="7" player="Bisciakun" type="23" discard="1" dealt="1" sum="234"/>
<action no="8" player="IamtheGoat" type="0" discard="1" dealt="1" sum="0"/>
</round>
</game>
<game gamecode="6463976625"><general><startdate>2025-08-27 15:39:11</startdate>
<round>1</round>
<failsafecounter/>
<players><player seat="10" name="Rakki" chips="158" dealer="0" win="55" bet="45" muck="1" rebuy="0" addon="0" merge="0" rebuychips="0" reg_code="5056176270"/>
<player seat="3" name="Bisciakun" chips="279" dealer="1" win="0" bet="5" muck="1" rebuy="0" addon="0" merge="0" rebuychips="0" reg_code="5056175880"/>
<player seat="6" name="IamtheGoat" chips="1,063" dealer="0" win="0" bet="25" muck="1" rebuy="0" addon="0" merge="0" rebuychips="0" reg_code="5056176170"/>
</players>
</general>
<round no="0"><action no="1" player="IamtheGoat" type="15" discard="1" dealt="1" sum="5"/>
<action no="2" player="Rakki" type="15" sum="5"/>
<action no="3" player="Bisciakun" type="15" discard="1" dealt="1" sum="5"/>
<action no="4" player="IamtheGoat" type="1" discard="1" dealt="1" sum="20"/>
<action no="5" player="Rakki" type="2" sum="40"/>
</round>
<round no="1"><cards type="Pocket" player="Bisciakun">X X</cards>
<cards type="Pocket" player="IamtheGoat">X X</cards>
<cards type="Pocket" player="Rakki">H3 H6</cards>
<action no="6" player="Bisciakun" type="0" discard="1" dealt="1" sum="0"/>
<action no="7" player="IamtheGoat" type="0" discard="1" dealt="1" sum="0"/>
</round>
</game>
<game gamecode="6463976641"><general><startdate>2025-08-27 15:39:19</startdate>
<round>1</round>
<failsafecounter/>
<players><player seat="3" name="Bisciakun" chips="274" dealer="0" win="0" bet="45" muck="1" rebuy="0" addon="0" merge="0" rebuychips="0" reg_code="5056175880"/>
<player seat="6" name="IamtheGoat" chips="1,038" dealer="1" win="0" bet="5" muck="1" rebuy="0" addon="0" merge="0" rebuychips="0" reg_code="5056176170"/>
<player seat="10" name="Rakki" chips="188" dealer="0" win="95" bet="188" muck="1" rebuy="0" addon="0" merge="0" rebuychips="0" reg_code="5056176270"/>
</players>
</general>
<round no="0"><action no="1" player="Rakki" type="15" sum="5"/>
<action no="2" player="Bisciakun" type="15" discard="1" dealt="1" sum="5"/>
<action no="3" player="IamtheGoat" type="15" discard="1" dealt="1" sum="5"/>
<action no="4" player="Rakki" type="1" sum="20"/>
<action no="5" player="Bisciakun" type="2" discard="1" dealt="1" sum="40"/>
</round>
<round no="1"><cards type="Pocket" player="Bisciakun">X X</cards>
<cards type="Pocket" player="IamtheGoat">X X</cards>
<cards type="Pocket" player="Rakki">HA H4</cards>
<action no="6" player="IamtheGoat" type="0" discard="1" dealt="1" sum="0"/>
<action no="7" player="Rakki" type="23" sum="183"/>
<action no="8" player="Bisciakun" type="0" discard="1" dealt="1" sum="0"/>
</round>
</game>
<game gamecode="6463976655"><general><startdate>2025-08-27 15:39:27</startdate>
<round>1</round>
<failsafecounter/>
<players><player seat="6" name="IamtheGoat" chips="1,033" dealer="0" win="55" bet="45" muck="1" rebuy="0" addon="0" merge="0" rebuychips="0" reg_code="5056176170"/>
<player seat="10" name="Rakki" chips="238" dealer="1" win="0" bet="5" muck="1" rebuy="0" addon="0" merge="0" rebuychips="0" reg_code="5056176270"/>
<player seat="3" name="Bisciakun" chips="229" dealer="0" win="0" bet="25" muck="1" rebuy="0" addon="0" merge="0" rebuychips="0" reg_code="5056175880"/>
</players>
</general>
<round no="0"><action no="1" player="Bisciakun" type="15" discard="1" dealt="1" sum="5"/>
<action no="2" player="IamtheGoat" type="15" discard="1" dealt="1" sum="5"/>
<action no="3" player="Rakki" type="15" sum="5"/>
<action no="4" player="Bisciakun" type="1" discard="1" dealt="1" sum="20"/>
<action no="5" player="IamtheGoat" type="2" discard="1" dealt="1" sum="40"/>
</round>
<round no="1"><cards type="Pocket" player="Rakki">SQ H4</cards>
<cards type="Pocket" player="IamtheGoat">X X</cards>
<cards type="Pocket" player="Bisciakun">X X</cards>
<action no="6" player="Rakki" type="0" sum="0"/>
<action no="7" player="Bisciakun" type="0" discard="1" dealt="1" sum="0"/>
</round>
</game>
<game gamecode="6463976667"><general><startdate>2025-08-27 15:39:36</startdate>
<round>1</round>
<failsafecounter/>
<players><player seat="10" name="Rakki" chips="233" dealer="0" win="55" bet="45" muck="1" rebuy="0" addon="0" merge="0" rebuychips="0" reg_code="5056176270"/>
<player seat="3" name="Bisciakun" chips="204" dealer="1" win="0" bet="5" muck="1" rebuy="0" addon="0" merge="0" rebuychips="0" reg_code="5056175880"/>
<player seat="6" name="IamtheGoat" chips="1,063" dealer="0" win="0" bet="25" muck="1" rebuy="0" addon="0" merge="0" rebuychips="0" reg_code="5056176170"/>
</players>
</general>
<round no="0"><action no="1" player="IamtheGoat" type="15" discard="1" dealt="1" sum="5"/>
<action no="2" player="Rakki" type="15" sum="5"/>
<action no="3" player="Bisciakun" type="15" discard="1" dealt="1" sum="5"/>
<action no="4" player="IamtheGoat" type="1" discard="1" dealt="1" sum="20"/>
<action no="5" player="Rakki" type="2" sum="40"/>
</round>
<round no="1"><cards type="Pocket" player="Bisciakun">X X</cards>
<cards type="Pocket" player="Rakki">H8 C5</cards>
<cards type="Pocket" player="IamtheGoat">X X</cards>
<action no="6" player="Bisciakun" type="0" discard="1" dealt="1" sum="0"/>
<action no="7" player="IamtheGoat" type="0" discard="1" dealt="1" sum="0"/>
</round>
</game>
<game gamecode="6463976676"><general><startdate>2025-08-27 15:39:43</startdate>
<round>1</round>
<failsafecounter/>
<players><player seat="3" name="Bisciakun" chips="199" dealer="0" win="55" bet="45" muck="1" rebuy="0" addon="0" merge="0" rebuychips="0" reg_code="5056175880"/>
<player seat="6" name="IamtheGoat" chips="1,038" dealer="1" win="0" bet="5" muck="1" rebuy="0" addon="0" merge="0" rebuychips="0" reg_code="5056176170"/>
<player seat="10" name="Rakki" chips="263" dealer="0" win="0" bet="25" muck="1" rebuy="0" addon="0" merge="0" rebuychips="0" reg_code="5056176270"/>
</players>
</general>
<round no="0"><action no="1" player="Rakki" type="15" sum="5"/>
<action no="2" player="Bisciakun" type="15" discard="1" dealt="1" sum="5"/>
<action no="3" player="IamtheGoat" type="15" discard="1" dealt="1" sum="5"/>
<action no="4" player="Rakki" type="1" sum="20"/>
<action no="5" player="Bisciakun" type="2" discard="1" dealt="1" sum="40"/>
</round>
<round no="1"><cards type="Pocket" player="Bisciakun">X X</cards>
<cards type="Pocket" player="IamtheGoat">X X</cards>
<cards type="Pocket" player="Rakki">H9 D3</cards>
<action no="6" player="IamtheGoat" type="0" discard="1" dealt="1" sum="0"/>
<action no="7" player="Rakki" type="0" sum="0"/>
</round>
</game>
<game gamecode="6463976684"><general><startdate>2025-08-27 15:39:49</startdate>
<round>1</round>
<failsafecounter/>
<players><player seat="6" name="IamtheGoat" chips="1,033" dealer="0" win="0" bet="45" muck="1" rebuy="0" addon="0" merge="0" rebuychips="0" reg_code="5056176170"/>
<player seat="10" name="Rakki" chips="238" dealer="1" win="0" bet="5" muck="1" rebuy="0" addon="0" merge="0" rebuychips="0" reg_code="5056176270"/>
<player seat="3" name="Bisciakun" chips="229" dealer="0" win="95" bet="229" muck="1" rebuy="0" addon="0" merge="0" rebuychips="0" reg_code="5056175880"/>
</players>
</general>
<round no="0"><action no="1" player="Bisciakun" type="15" discard="1" dealt="1" sum="5"/>
<action no="2" player="IamtheGoat" type="15" discard="1" dealt="1" sum="5"/>
<action no="3" player="Rakki" type="15" sum="5"/>
<action no="4" player="Bisciakun" type="1" discard="1" dealt="1" sum="20"/>
<action no="5" player="IamtheGoat" type="2" discard="1" dealt="1" sum="40"/>
</round>
<round no="1"><cards type="Pocket" player="Bisciakun">X X</cards>
<cards type="Pocket" player="IamtheGoat">X X</cards>
<cards type="Pocket" player="Rakki">S7 D6</cards>
<action no="6" player="Rakki" type="0" sum="0"/>
<action no="7" player="Bisciakun" type="23" discard="1" dealt="1" sum="224"/>
<action no="8" player="IamtheGoat" type="0" discard="1" dealt="1" sum="0"/>
</round>
</game>
<game gamecode="6463976696"><general><startdate>2025-08-27 15:39:57</startdate>
<round>1</round>
<failsafecounter/>
<players><player seat="10" name="Rakki" chips="233" dealer="0" win="0" bet="45" muck="1" rebuy="0" addon="0" merge="0" rebuychips="0" reg_code="5056176270"/>
<player seat="3" name="Bisciakun" chips="279" dealer="1" win="0" bet="5" muck="1" rebuy="0" addon="0" merge="0" rebuychips="0" reg_code="5056175880"/>
<player seat="6" name="IamtheGoat" chips="988" dealer="0" win="95" bet="988" muck="1" rebuy="0" addon="0" merge="0" rebuychips="0" reg_code="5056176170"/>
</players>
</general>
<round no="0"><action no="1" player="IamtheGoat" type="15" discard="1" dealt="1" sum="5"/>
<action no="2" player="Rakki" type="15" sum="5"/>
<action no="3" player="Bisciakun" type="15" discard="1" dealt="1" sum="5"/>
<action no="4" player="IamtheGoat" type="1" discard="1" dealt="1" sum="20"/>
<action no="5" player="Rakki" type="2" sum="40"/>
</round>
<round no="1"><cards type="Pocket" player="Rakki">C7 S3</cards>
<cards type="Pocket" player="Bisciakun">X X</cards>
<cards type="Pocket" player="IamtheGoat">X X</cards>
<action no="6" player="Bisciakun" type="0" discard="1" dealt="1" sum="0"/>
<action no="7" player="IamtheGoat" type="23" discard="1" dealt="1" sum="983"/>
<action no="8" player="Rakki" type="0" sum="0"/>
</round>
</game>
<game gamecode="6463976715"><general><startdate>2025-08-27 15:40:09</startdate>
<round>1</round>
<failsafecounter/>
<players><player seat="3" name="Bisciakun" chips="274" dealer="0" win="381" bet="188" muck="0" rebuy="0" addon="0" merge="0" rebuychips="0" reg_code="5056175880"/>
<player seat="6" name="IamtheGoat" chips="1,038" dealer="1" win="0" bet="5" muck="1" rebuy="0" addon="0" merge="0" rebuychips="0" reg_code="5056176170"/>
<player seat="10" name="Rakki" chips="188" dealer="0" win="0" bet="188" muck="0" rebuy="0" addon="0" merge="0" rebuychips="0" reg_code="5056176270"/>
</players>
</general>
<round no="0"><action no="1" player="Rakki" type="15" sum="5"/>
<action no="2" player="Bisciakun" type="15" discard="1" dealt="1" sum="5"/>
<action no="3" player="IamtheGoat" type="15" discard="1" dealt="1" sum="5"/>
<action no="4" player="Rakki" type="1" sum="20"/>
<action no="5" player="Bisciakun" type="2" discard="1" dealt="1" sum="40"/>
</round>
<round no="1"><cards type="Pocket" player="Rakki">C6 D10</cards>
<cards type="Pocket" player="IamtheGoat">X X</cards>
<cards type="Pocket" player="Bisciakun">HJ S10</cards>
<action no="6" player="IamtheGoat" type="0" discard="1" dealt="1" sum="0"/>
<action no="7" player="Rakki" type="23" sum="183"/>
<action no="8" player="Bisciakun" type="3" discard="1" dealt="1" sum="143"/>
</round>
<round no="2"><cards type="Flop">SJ D5 H2</cards>
</round>
<round no="3"><cards type="Turn">DQ</cards>
</round>
<round no="4"><cards type="River">HQ</cards>
</round>
</game>
</session>
