<?xml version="1.0" encoding="UTF-8"?>
<session sessioncode="5056378735">
<general>
<client_version>25.1.1.16</client_version>
<mode>real</mode>
<gametype>Holdem NL</gametype>
<tablename>Twister €100 SNG, 816651514</tablename>
<tournamentcode>816651513</tournamentcode>
<tournamentname>Twister €100 SNG</tournamentname>
<buyin>€0 + €7 + €93</buyin>
<totalbuyin>€100</totalbuyin>
<rewarddrawn>€300</rewarddrawn>
<tournamentcurrency>EUR</tournamentcurrency>
<currency>EUR</currency>
<nickname>Rakki</nickname>
<gamecount>12</gamecount>
<startdate>2025-08-28 16:05:42</startdate>
<place>1</place>
<win>€300</win>
<tablesize>3</tablesize>
</general>
<game gamecode="6464781371"><general><startdate>2025-08-28 16:05:57</startdate>
<round>1</round>
<failsafecounter/>
<players><player seat="6" name="Tiuualex" chips="500" dealer="0" win="0" bet="20" muck="1" rebuy="0" addon="0" merge="0" rebuychips="0" reg_code="5056378688"/>
<player seat="10" name="Rakki" chips="500" dealer="1" win="0" bet="40" muck="1" rebuy="0" addon="0" merge="0" rebuychips="0" reg_code="5056378735"/>
<player seat="3" name="LolloCausto" chips="500" dealer="0" win="100" bet="500" muck="1" rebuy="0" addon="0" merge="0" rebuychips="0" reg_code="5056378492"/>
</players>
</general>
<round no="0"><action no="1" player="LolloCausto" type="1" discard="1" dealt="1" sum="10"/>
<action no="2" player="Tiuualex" type="2" discard="1" dealt="1" sum="20"/>
</round>
<round no="1"><cards type="Pocket" player="LolloCausto">X X</cards>
<cards type="Pocket" player="Tiuualex">X X</cards>
<cards type="Pocket" player="Rakki">SQ H9</cards>
<action no="3" player="Rakki" type="23" sum="40"/>
<action no="4" player="LolloCausto" type="23" discard="1" dealt="1" sum="500"/>
<action no="5" player="Tiuualex" type="0" discard="1" dealt="1" sum="0"/>
<action no="6" player="Rakki" type="0" sum="0"/>
</round>
</game>
<game gamecode="6464781385"><general><startdate>2025-08-28 16:06:12</startdate>
<round>1</round>
<failsafecounter/>
<players><player seat="10" name="Rakki" chips="460" dealer="0" win="0" bet="40" muck="1" rebuy="0" addon="0" merge="0" rebuychips="0" reg_code="5056378735"/>
<player seat="3" name="LolloCausto" chips="560" dealer="1" win="90" bet="64" muck="1" rebuy="0" addon="0" merge="0" rebuychips="0" reg_code="5056378492"/>
<player seat="6" name="Tiuualex" chips="480" dealer="0" win="0" bet="10" muck="1" rebuy="0" addon="0" merge="0" rebuychips="0" reg_code="5056378688"/>
</players>
</general>
<round no="0"><action no="1" player="Tiuualex" type="1" discard="1" dealt="1" sum="10"/>
<action no="2" player="Rakki" type="2" sum="20"/>
</round>
<round no="1"><cards type="Pocket" player="LolloCausto">X X</cards>
<cards type="Pocket" player="Tiuualex">X X</cards>
<cards type="Pocket" player="Rakki">CJ H8</cards>
<action no="3" player="LolloCausto" type="23" discard="1" dealt="1" sum="40"/>
<action no="4" player="Tiuualex" type="0" discard="1" dealt="1" sum="0"/>
<action no="5" player="Rakki" type="3" sum="20"/>
</round>
<round no="2"><cards type="Flop">H4 S6 HA</cards>
<action no="6" player="Rakki" type="4" sum="0"/>
<action no="7" player="LolloCausto" type="5" discard="1" dealt="1" sum="24"/>
<action no="8" player="Rakki" type="0" sum="0"/>
</round>
</game>
<game gamecode="6464781421"><general><startdate>2025-08-28 16:06:42</startdate>
<round>1</round>
<failsafecounter/>
<players><player seat="3" name="LolloCausto" chips="610" dealer="0" win="0" bet="20" muck="1" rebuy="0" addon="0" merge="0" rebuychips="0" reg_code="5056378492"/>
<player seat="6" name="Tiuualex" chips="470" dealer="1" win="0" bet="40" muck="1" rebuy="0" addon="0" merge="0" rebuychips="0" reg_code="5056378688"/>
<player seat="10" name="Rakki" chips="420" dealer="0" win="100" bet="420" muck="1" rebuy="0" addon="0" merge="0" rebuychips="0" reg_code="5056378735"/>
</players>
</general>
<round no="0"><action no="1" player="Rakki" type="1" sum="10"/>
<action no="2" player="LolloCausto" type="2" discard="1" dealt="1" sum="20"/>
</round>
<round no="1"><cards type="Pocket" player="Rakki">D9 S9</cards>
<cards type="Pocket" player="Tiuualex">X X</cards>
<cards type="Pocket" player="LolloCausto">X X</cards>
<action no="3" player="Tiuualex" type="23" discard="1" dealt="1" sum="40"/>
<action no="4" player="Rakki" type="23" sum="420"/>
<action no="5" player="LolloCausto" type="0" discard="1" dealt="1" sum="0"/>
<action no="6" player="Tiuualex" type="0" discard="1" dealt="1" sum="0"/>
</round>
</game>
<game gamecode="6464781445"><general><startdate>2025-08-28 16:06:56</startdate>
<round>1</round>
<failsafecounter/>
<players><player seat="6" name="Tiuualex" chips="430" dealer="0" win="0" bet="430" muck="0" rebuy="0" addon="0" merge="0" rebuychips="0" reg_code="5056378688"/>
<player seat="10" name="Rakki" chips="480" dealer="1" win="0" bet="0" muck="1" rebuy="0" addon="0" merge="0" rebuychips="0" reg_code="5056378735"/>
<player seat="3" name="LolloCausto" chips="590" dealer="0" win="860" bet="430" muck="0" rebuy="0" addon="0" merge="0" rebuychips="0" reg_code="5056378492"/>
</players>
</general>
<round no="0"><action no="1" player="LolloCausto" type="1" discard="1" dealt="1" sum="10"/>
<action no="2" player="Tiuualex" type="2" discard="1" dealt="1" sum="20"/>
</round>
<round no="1"><cards type="Pocket" player="Tiuualex">DA C10</cards>
<cards type="Pocket" player="Rakki">H4 D9</cards>
<cards type="Pocket" player="LolloCausto">D10 S9</cards>
<action no="3" player="Rakki" type="0" sum="0"/>
<action no="4" player="LolloCausto" type="3" discard="1" dealt="1" sum="10"/>
<action no="5" player="Tiuualex" type="23" discard="1" dealt="1" sum="60"/>
<action no="6" player="LolloCausto" type="3" discard="1" dealt="1" sum="40"/>
</round>
<round no="2"><cards type="Flop">C6 DJ D8</cards>
<action no="7" player="LolloCausto" type="4" discard="1" dealt="1" sum="0"/>
<action no="8" player="Tiuualex" type="4" discard="1" dealt="1" sum="0"/>
</round>
<round no="3"><cards type="Turn">D2</cards>
<action no="9" player="LolloCausto" type="5" discard="1" dealt="1" sum="76"/>
<action no="10" player="Tiuualex" type="23" discard="1" dealt="1" sum="370"/>
<action no="11" player="LolloCausto" type="3" discard="1" dealt="1" sum="294"/>
</round>
<round no="4"><cards type="River">CQ</cards>
</round>
</game>
<game gamecode="6464790323"><general><startdate>2025-08-28 16:07:54</startdate>
<round>1</round>
<failsafecounter/>
<players><player seat="10" name="Rakki" chips="480" dealer="0" win="70" bet="480" muck="1" rebuy="0" addon="0" merge="0" rebuychips="0" reg_code="5056378735"/>
<player seat="3" name="LolloCausto" chips="1,020" dealer="1" win="0" bet="35" muck="1" rebuy="0" addon="0" merge="0" rebuychips="0" reg_code="5056378492"/>
</players>
</general>
<round no="0"><action no="1" player="LolloCausto" type="15" discard="1" dealt="1" sum="5"/>
<action no="2" player="Rakki" type="15" sum="5"/>
<action no="3" player="LolloCausto" type="1" discard="1" dealt="1" sum="15"/>
<action no="4" player="Rakki" type="2" sum="30"/>
</round>
<round no="1"><cards type="Pocket" player="Rakki">HA D2</cards>
<cards type="Pocket" player="LolloCausto">X X</cards>
<action no="5" player="LolloCausto" type="3" discard="1" dealt="1" sum="15"/>
<action no="6" player="Rakki" type="23" sum="475"/>
<action no="7" player="LolloCausto" type="0" discard="1" dealt="1" sum="0"/>
</round>
</game>
<game gamecode="6464790330"><general><startdate>2025-08-28 16:08:05</startdate>
<round>1</round>
<failsafecounter/>
<players><player seat="3" name="LolloCausto" chips="985" dealer="0" win="70" bet="95" muck="1" rebuy="0" addon="0" merge="0" rebuychips="0" reg_code="5056378492"/>
<player seat="10" name="Rakki" chips="515" dealer="1" win="0" bet="35" muck="1" rebuy="0" addon="0" merge="0" rebuychips="0" reg_code="5056378735"/>
</players>
</general>
<round no="0"><action no="1" player="Rakki" type="15" sum="5"/>
<action no="2" player="LolloCausto" type="15" discard="1" dealt="1" sum="5"/>
<action no="3" player="Rakki" type="1" sum="15"/>
<action no="4" player="LolloCausto" type="2" discard="1" dealt="1" sum="30"/>
</round>
<round no="1"><cards type="Pocket" player="LolloCausto">X X</cards>
<cards type="Pocket" player="Rakki">S4 H7</cards>
<action no="5" player="Rakki" type="3" sum="15"/>
<action no="6" player="LolloCausto" type="23" discard="1" dealt="1" sum="90"/>
<action no="7" player="Rakki" type="0" sum="0"/>
</round>
</game>
<game gamecode="6464790349"><general><startdate>2025-08-28 16:08:16</startdate>
<round>1</round>
<failsafecounter/>
<players><player seat="10" name="Rakki" chips="480" dealer="0" win="0" bet="35" muck="1" rebuy="0" addon="0" merge="0" rebuychips="0" reg_code="5056378735"/>
<player seat="3" name="LolloCausto" chips="1,020" dealer="1" win="70" bet="1,020" muck="1" rebuy="0" addon="0" merge="0" rebuychips="0" reg_code="5056378492"/>
</players>
</general>
<round no="0"><action no="1" player="LolloCausto" type="15" discard="1" dealt="1" sum="5"/>
<action no="2" player="Rakki" type="15" sum="5"/>
<action no="3" player="LolloCausto" type="1" discard="1" dealt="1" sum="15"/>
<action no="4" player="Rakki" type="2" sum="30"/>
</round>
<round no="1"><cards type="Pocket" player="Rakki">H2 H7</cards>
<cards type="Pocket" player="LolloCausto">X X</cards>
<action no="5" player="LolloCausto" type="23" discard="1" dealt="1" sum="1,015"/>
<action no="6" player="Rakki" type="0" sum="0"/>
</round>
</game>
<game gamecode="6464790362"><general><startdate>2025-08-28 16:08:25</startdate>
<round>1</round>
<failsafecounter/>
<players><player seat="3" name="LolloCausto" chips="1,055" dealer="0" win="0" bet="445" muck="1" rebuy="0" addon="0" merge="0" rebuychips="0" reg_code="5056378492"/>
<player seat="10" name="Rakki" chips="445" dealer="1" win="890" bet="445" muck="0" rebuy="0" addon="0" merge="0" rebuychips="0" reg_code="5056378735"/>
</players>
</general>
<round no="0"><action no="1" player="Rakki" type="15" sum="5"/>
<action no="2" player="LolloCausto" type="15" discard="1" dealt="1" sum="5"/>
<action no="3" player="Rakki" type="1" sum="15"/>
<action no="4" player="LolloCausto" type="2" discard="1" dealt="1" sum="30"/>
</round>
<round no="1"><cards type="Pocket" player="Rakki">DA C2</cards>
<cards type="Pocket" player="LolloCausto">H8 C8</cards>
<action no="5" player="Rakki" type="23" sum="440"/>
<action no="6" player="LolloCausto" type="3" discard="1" dealt="1" sum="410"/>
</round>
<round no="2"><cards type="Flop">HA C7 CK</cards>
</round>
<round no="3"><cards type="Turn">S10</cards>
</round>
<round no="4"><cards type="River">C6</cards>
</round>
</game>
<game gamecode="6464790391"><general><startdate>2025-08-28 16:08:41</startdate>
<round>1</round>
<failsafecounter/>
<players><player seat="10" name="Rakki" chips="890" dealer="0" win="0" bet="35" muck="1" rebuy="0" addon="0" merge="0" rebuychips="0" reg_code="5056378735"/>
<player seat="3" name="LolloCausto" chips="610" dealer="1" win="70" bet="65" muck="1" rebuy="0" addon="0" merge="0" rebuychips="0" reg_code="5056378492"/>
</players>
</general>
<round no="0"><action no="1" player="LolloCausto" type="15" discard="1" dealt="1" sum="5"/>
<action no="2" player="Rakki" type="15" sum="5"/>
<action no="3" player="LolloCausto" type="1" discard="1" dealt="1" sum="15"/>
<action no="4" player="Rakki" type="2" sum="30"/>
</round>
<round no="1"><cards type="Pocket" player="Rakki">D9 D7</cards>
<cards type="Pocket" player="LolloCausto">X X</cards>
<action no="5" player="LolloCausto" type="3" discard="1" dealt="1" sum="15"/>
<action no="6" player="Rakki" type="4" sum="0"/>
</round>
<round no="2"><cards type="Flop">H2 H8 H3</cards>
<action no="7" player="Rakki" type="4" sum="0"/>
<action no="8" player="LolloCausto" type="5" discard="1" dealt="1" sum="30"/>
<action no="9" player="Rakki" type="0" sum="0"/>
</round>
</game>
<game gamecode="6464790429"><general><startdate>2025-08-28 16:09:07</startdate>
<round>1</round>
<failsafecounter/>
<players><player seat="3" name="LolloCausto" chips="645" dealer="0" win="0" bet="216" muck="1" rebuy="0" addon="0" merge="0" rebuychips="0" reg_code="5056378492"/>
<player seat="10" name="Rakki" chips="855" dealer="1" win="432" bet="855" muck="1" rebuy="0" addon="0" merge="0" rebuychips="0" reg_code="5056378735"/>
</players>
</general>
<round no="0"><action no="1" player="Rakki" type="15" sum="5"/>
<action no="2" player="LolloCausto" type="15" discard="1" dealt="1" sum="5"/>
<action no="3" player="Rakki" type="1" sum="15"/>
<action no="4" player="LolloCausto" type="2" discard="1" dealt="1" sum="30"/>
</round>
<round no="1"><cards type="Pocket" player="LolloCausto">X X</cards>
<cards type="Pocket" player="Rakki">C6 D6</cards>
<action no="5" player="Rakki" type="23" sum="60"/>
<action no="6" player="LolloCausto" type="3" discard="1" dealt="1" sum="30"/>
</round>
<round no="2"><cards type="Flop">HQ H8 DK</cards>
<action no="7" player="LolloCausto" type="4" discard="1" dealt="1" sum="0"/>
<action no="8" player="Rakki" type="5" sum="30"/>
<action no="9" player="LolloCausto" type="3" discard="1" dealt="1" sum="30"/>
</round>
<round no="3"><cards type="Turn">C3</cards>
<action no="10" player="LolloCausto" type="4" discard="1" dealt="1" sum="0"/>
<action no="11" player="Rakki" type="4" sum="0"/>
</round>
<round no="4"><cards type="River">S6</cards>
<action no="12" player="LolloCausto" type="5" discard="1" dealt="1" sum="121"/>
<action no="13" player="Rakki" type="23" sum="760"/>
<action no="14" player="LolloCausto" type="0" discard="1" dealt="1" sum="0"/>
</round>
</game>
<game gamecode="6464790489"><general><startdate>2025-08-28 16:09:57</startdate>
<round>1</round>
<failsafecounter/>
<players><player seat="10" name="Rakki" chips="1,071" dealer="0" win="90" bet="165" muck="1" rebuy="0" addon="0" merge="0" rebuychips="0" reg_code="5056378735"/>
<player seat="3" name="LolloCausto" chips="429" dealer="1" win="0" bet="45" muck="1" rebuy="0" addon="0" merge="0" rebuychips="0" reg_code="5056378492"/>
</players>
</general>
<round no="0"><action no="1" player="LolloCausto" type="15" discard="1" dealt="1" sum="5"/>
<action no="2" player="Rakki" type="15" sum="5"/>
<action no="3" player="LolloCausto" type="1" discard="1" dealt="1" sum="20"/>
<action no="4" player="Rakki" type="2" sum="40"/>
</round>
<round no="1"><cards type="Pocket" player="Rakki">SK CA</cards>
<cards type="Pocket" player="LolloCausto">X X</cards>
<action no="5" player="LolloCausto" type="3" discard="1" dealt="1" sum="20"/>
<action no="6" player="Rakki" type="23" sum="160"/>
<action no="7" player="LolloCausto" type="0" discard="1" dealt="1" sum="0"/>
</round>
</game>
<game gamecode="6464790505"><general><startdate>2025-08-28 16:10:09</startdate>
<round>1</round>
<failsafecounter/>
<players><player seat="3" name="LolloCausto" chips="384" dealer="0" win="0" bet="384" muck="0" rebuy="0" addon="0" merge="0" rebuychips="0" reg_code="5056378492"/>
<player seat="10" name="Rakki" chips="1,116" dealer="1" win="768" bet="384" muck="0" rebuy="0" addon="0" merge="0" rebuychips="0" reg_code="5056378735"/>
</players>
</general>
<round no="0"><action no="1" player="Rakki" type="15" sum="5"/>
<action no="2" player="LolloCausto" type="15" discard="1" dealt="1" sum="5"/>
<action no="3" player="Rakki" type="1" sum="20"/>
<action no="4" player="LolloCausto" type="2" discard="1" dealt="1" sum="40"/>
</round>
<round no="1"><cards type="Pocket" player="Rakki">C10 CJ</cards>
<cards type="Pocket" player="LolloCausto">H7 D6</cards>
<action no="5" player="Rakki" type="3" sum="20"/>
<action no="6" player="LolloCausto" type="23" discard="1" dealt="1" sum="379"/>
<action no="7" player="Rakki" type="3" sum="339"/>
</round>
<round no="2"><cards type="Flop">S3 DQ DK</cards>
</round>
<round no="3"><cards type="Turn">H2</cards>
</round>
<round no="4"><cards type="River">H10</cards>
</round>
</game>
</session>
