<?xml version="1.0" encoding="UTF-8"?>
<session sessioncode="5056367235">
<general>
<client_version>25.1.1.16</client_version>
<mode>real</mode>
<gametype>Holdem NL</gametype>
<tablename>Twister €100 SNG, 816649765</tablename>
<tournamentcode>816649764</tournamentcode>
<tournamentname>Twister €100 SNG</tournamentname>
<buyin>€0 + €7 + €93</buyin>
<totalbuyin>€100</totalbuyin>
<rewarddrawn>€200</rewarddrawn>
<tournamentcurrency>EUR</tournamentcurrency>
<currency>EUR</currency>
<nickname>Rakki</nickname>
<gamecount>15</gamecount>
<startdate>2025-08-28 14:59:40</startdate>
<place>2</place>
<win>€0</win>
<tablesize>3</tablesize>
</general>
<game gamecode="6464738468"><general><startdate>2025-08-28 14:59:56</startdate>
<round>1</round>
<failsafecounter/>
<players><player seat="3" name="OndaBianca1" chips="500" dealer="0" win="0" bet="60" muck="1" rebuy="0" addon="0" merge="0" rebuychips="0" reg_code="5056366820"/>
<player seat="6" name="Tiuualex" chips="500" dealer="1" win="0" bet="0" muck="1" rebuy="0" addon="0" merge="0" rebuychips="0" reg_code="5056366850"/>
<player seat="10" name="Rakki" chips="500" dealer="0" win="120" bet="120" muck="1" rebuy="0" addon="0" merge="0" rebuychips="0" reg_code="5056367235"/>
</players>
</general>
<round no="0"><action no="1" player="Rakki" type="1" sum="10"/>
<action no="2" player="OndaBianca1" type="2" discard="1" dealt="1" sum="20"/>
</round>
<round no="1"><cards type="Pocket" player="Tiuualex">X X</cards>
<cards type="Pocket" player="Rakki">D8 H10</cards>
<cards type="Pocket" player="OndaBianca1">X X</cards>
<action no="3" player="Tiuualex" type="0" discard="1" dealt="1" sum="0"/>
<action no="4" player="Rakki" type="23" sum="60"/>
<action no="5" player="OndaBianca1" type="3" discard="1" dealt="1" sum="40"/>
</round>
<round no="2"><cards type="Flop">HJ S9 S7</cards>
<action no="6" player="Rakki" type="5" sum="60"/>
<action no="7" player="OndaBianca1" type="0" discard="1" dealt="1" sum="0"/>
</round>
</game>
<game gamecode="6464738504"><general><startdate>2025-08-28 15:00:11</startdate>
<round>1</round>
<failsafecounter/>
<players><player seat="6" name="Tiuualex" chips="500" dealer="0" win="20" bet="20" muck="1" rebuy="0" addon="0" merge="0" rebuychips="0" reg_code="5056366850"/>
<player seat="10" name="Rakki" chips="560" dealer="1" win="0" bet="0" muck="1" rebuy="0" addon="0" merge="0" rebuychips="0" reg_code="5056367235"/>
<player seat="3" name="OndaBianca1" chips="440" dealer="0" win="0" bet="10" muck="1" rebuy="0" addon="0" merge="0" rebuychips="0" reg_code="5056366820"/>
</players>
</general>
<round no="0"><action no="1" player="OndaBianca1" type="1" discard="1" dealt="1" sum="10"/>
<action no="2" player="Tiuualex" type="2" discard="1" dealt="1" sum="20"/>
</round>
<round no="1"><cards type="Pocket" player="OndaBianca1">X X</cards>
<cards type="Pocket" player="Tiuualex">X X</cards>
<cards type="Pocket" player="Rakki">D4 S9</cards>
<action no="3" player="Rakki" type="0" sum="0"/>
<action no="4" player="OndaBianca1" type="0" discard="1" dealt="1" sum="0"/>
</round>
</game>
<game gamecode="6464745740"><general><startdate>2025-08-28 15:00:18</startdate>
<round>1</round>
<failsafecounter/>
<players><player seat="10" name="Rakki" chips="560" dealer="0" win="0" bet="20" muck="1" rebuy="0" addon="0" merge="0" rebuychips="0" reg_code="5056367235"/>
<player seat="3" name="OndaBianca1" chips="430" dealer="1" win="0" bet="0" muck="1" rebuy="0" addon="0" merge="0" rebuychips="0" reg_code="5056366820"/>
<player seat="6" name="Tiuualex" chips="510" dealer="0" win="40" bet="20" muck="0" rebuy="0" addon="0" merge="0" rebuychips="0" reg_code="5056366850"/>
</players>
</general>
<round no="0"><action no="1" player="Tiuualex" type="1" discard="1" dealt="1" sum="10"/>
<action no="2" player="Rakki" type="2" sum="20"/>
</round>
<round no="1"><cards type="Pocket" player="OndaBianca1">X X</cards>
<cards type="Pocket" player="Tiuualex">S7 H9</cards>
<cards type="Pocket" player="Rakki">C5 S2</cards>
<action no="3" player="OndaBianca1" type="0" discard="1" dealt="1" sum="0"/>
<action no="4" player="Tiuualex" type="3" discard="1" dealt="1" sum="10"/>
<action no="5" player="Rakki" type="4" sum="0"/>
</round>
<round no="2"><cards type="Flop">SK SQ D4</cards>
<action no="6" player="Tiuualex" type="4" discard="1" dealt="1" sum="0"/>
<action no="7" player="Rakki" type="4" sum="0"/>
</round>
<round no="3"><cards type="Turn">S6</cards>
<action no="8" player="Tiuualex" type="4" discard="1" dealt="1" sum="0"/>
<action no="9" player="Rakki" type="4" sum="0"/>
</round>
<round no="4"><cards type="River">C7</cards>
<action no="10" player="Tiuualex" type="4" discard="1" dealt="1" sum="0"/>
<action no="11" player="Rakki" type="4" sum="0"/>
</round>
</game>
<game gamecode="6464745813"><general><startdate>2025-08-28 15:01:02</startdate>
<round>1</round>
<failsafecounter/>
<players><player seat="3" name="OndaBianca1" chips="430" dealer="0" win="20" bet="20" muck="1" rebuy="0" addon="0" merge="0" rebuychips="0" reg_code="5056366820"/>
<player seat="6" name="Tiuualex" chips="530" dealer="1" win="0" bet="0" muck="1" rebuy="0" addon="0" merge="0" rebuychips="0" reg_code="5056366850"/>
<player seat="10" name="Rakki" chips="540" dealer="0" win="0" bet="10" muck="1" rebuy="0" addon="0" merge="0" rebuychips="0" reg_code="5056367235"/>
</players>
</general>
<round no="0"><action no="1" player="Rakki" type="1" sum="10"/>
<action no="2" player="OndaBianca1" type="2" discard="1" dealt="1" sum="20"/>
</round>
<round no="1"><cards type="Pocket" player="Tiuualex">X X</cards>
<cards type="Pocket" player="Rakki">C8 D4</cards>
<cards type="Pocket" player="OndaBianca1">X X</cards>
<action no="3" player="Tiuualex" type="0" discard="1" dealt="1" sum="0"/>
<action no="4" player="Rakki" type="0" sum="0"/>
</round>
</game>
<game gamecode="6464745833"><general><startdate>2025-08-28 15:01:12</startdate>
<round>1</round>
<failsafecounter/>
<players><player seat="6" name="Tiuualex" chips="530" dealer="0" win="0" bet="20" muck="1" rebuy="0" addon="0" merge="0" rebuychips="0" reg_code="5056366850"/>
<player seat="10" name="Rakki" chips="530" dealer="1" win="0" bet="0" muck="1" rebuy="0" addon="0" merge="0" rebuychips="0" reg_code="5056367235"/>
<player seat="3" name="OndaBianca1" chips="440" dealer="0" win="40" bet="40" muck="1" rebuy="0" addon="0" merge="0" rebuychips="0" reg_code="5056366820"/>
</players>
</general>
<round no="0"><action no="1" player="OndaBianca1" type="1" discard="1" dealt="1" sum="10"/>
<action no="2" player="Tiuualex" type="2" discard="1" dealt="1" sum="20"/>
</round>
<round no="1"><cards type="Pocket" player="Tiuualex">X X</cards>
<cards type="Pocket" player="Rakki">S3 HQ</cards>
<cards type="Pocket" player="OndaBianca1">X X</cards>
<action no="3" player="Rakki" type="0" sum="0"/>
<action no="4" player="OndaBianca1" type="3" discard="1" dealt="1" sum="10"/>
<action no="5" player="Tiuualex" type="4" discard="1" dealt="1" sum="0"/>
</round>
<round no="2"><cards type="Flop">S6 C3 S5</cards>
<action no="6" player="OndaBianca1" type="4" discard="1" dealt="1" sum="0"/>
<action no="7" player="Tiuualex" type="4" discard="1" dealt="1" sum="0"/>
</round>
<round no="3"><cards type="Turn">H8</cards>
<action no="8" player="OndaBianca1" type="5" discard="1" dealt="1" sum="20"/>
<action no="9" player="Tiuualex" type="0" discard="1" dealt="1" sum="0"/>
</round>
</game>
<game gamecode="6464745881"><general><startdate>2025-08-28 15:01:40</startdate>
<round>1</round>
<failsafecounter/>
<players><player seat="10" name="Rakki" chips="530" dealer="0" win="0" bet="35" muck="1" rebuy="0" addon="0" merge="0" rebuychips="0" reg_code="5056367235"/>
<player seat="3" name="OndaBianca1" chips="460" dealer="1" win="0" bet="5" muck="1" rebuy="0" addon="0" merge="0" rebuychips="0" reg_code="5056366820"/>
<player seat="6" name="Tiuualex" chips="510" dealer="0" win="75" bet="68" muck="1" rebuy="0" addon="0" merge="0" rebuychips="0" reg_code="5056366850"/>
</players>
</general>
<round no="0"><action no="1" player="Tiuualex" type="15" discard="1" dealt="1" sum="5"/>
<action no="2" player="Rakki" type="15" sum="5"/>
<action no="3" player="OndaBianca1" type="15" discard="1" dealt="1" sum="5"/>
<action no="4" player="Tiuualex" type="1" discard="1" dealt="1" sum="15"/>
<action no="5" player="Rakki" type="2" sum="30"/>
</round>
<round no="1"><cards type="Pocket" player="Rakki">HQ D5</cards>
<cards type="Pocket" player="Tiuualex">X X</cards>
<cards type="Pocket" player="OndaBianca1">X X</cards>
<action no="6" player="OndaBianca1" type="0" discard="1" dealt="1" sum="0"/>
<action no="7" player="Tiuualex" type="3" discard="1" dealt="1" sum="15"/>
<action no="8" player="Rakki" type="4" sum="0"/>
</round>
<round no="2"><cards type="Flop">D8 C10 CJ</cards>
<action no="9" player="Tiuualex" type="4" discard="1" dealt="1" sum="0"/>
<action no="10" player="Rakki" type="4" sum="0"/>
</round>
<round no="3"><cards type="Turn">C8</cards>
<action no="11" player="Tiuualex" type="4" discard="1" dealt="1" sum="0"/>
<action no="12" player="Rakki" type="4" sum="0"/>
</round>
<round no="4"><cards type="River">H8</cards>
<action no="13" player="Tiuualex" type="5" discard="1" dealt="1" sum="33"/>
<action no="14" player="Rakki" type="0" sum="0"/>
</round>
</game>
<game gamecode="6464745963"><general><startdate>2025-08-28 15:02:34</startdate>
<round>1</round>
<failsafecounter/>
<players><player seat="3" name="OndaBianca1" chips="455" dealer="0" win="465" bet="455" muck="0" rebuy="0" addon="0" merge="0" rebuychips="0" reg_code="5056366820"/>
<player seat="6" name="Tiuualex" chips="550" dealer="1" win="465" bet="550" muck="0" rebuy="0" addon="0" merge="0" rebuychips="0" reg_code="5056366850"/>
<player seat="10" name="Rakki" chips="495" dealer="0" win="0" bet="20" muck="1" rebuy="0" addon="0" merge="0" rebuychips="0" reg_code="5056367235"/>
</players>
</general>
<round no="0"><action no="1" player="Rakki" type="15" sum="5"/>
<action no="2" player="OndaBianca1" type="15" discard="1" dealt="1" sum="5"/>
<action no="3" player="Tiuualex" type="15" discard="1" dealt="1" sum="5"/>
<action no="4" player="Rakki" type="1" sum="15"/>
<action no="5" player="OndaBianca1" type="2" discard="1" dealt="1" sum="30"/>
</round>
<round no="1"><cards type="Pocket" player="OndaBianca1">DA D8</cards>
<cards type="Pocket" player="Tiuualex">H8 SA</cards>
<cards type="Pocket" player="Rakki">C8 HJ</cards>
<action no="6" player="Tiuualex" type="23" discard="1" dealt="1" sum="545"/>
<action no="7" player="Rakki" type="0" sum="0"/>
<action no="8" player="OndaBianca1" type="7" discard="1" dealt="1" sum="420"/>
</round>
<round no="2"><cards type="Flop">C7 H7 SJ</cards>
</round>
<round no="3"><cards type="Turn">CA</cards>
</round>
<round no="4"><cards type="River">D9</cards>
</round>
</game>
<game gamecode="6464746001"><general><startdate>2025-08-28 15:02:56</startdate>
<round>1</round>
<failsafecounter/>
<players><player seat="6" name="Tiuualex" chips="560" dealer="0" win="45" bet="35" muck="1" rebuy="0" addon="0" merge="0" rebuychips="0" reg_code="5056366850"/>
<player seat="10" name="Rakki" chips="475" dealer="1" win="0" bet="5" muck="1" rebuy="0" addon="0" merge="0" rebuychips="0" reg_code="5056367235"/>
<player seat="3" name="OndaBianca1" chips="465" dealer="0" win="0" bet="20" muck="1" rebuy="0" addon="0" merge="0" rebuychips="0" reg_code="5056366820"/>
</players>
</general>
<round no="0"><action no="1" player="OndaBianca1" type="15" discard="1" dealt="1" sum="5"/>
<action no="2" player="Tiuualex" type="15" discard="1" dealt="1" sum="5"/>
<action no="3" player="Rakki" type="15" sum="5"/>
<action no="4" player="OndaBianca1" type="1" discard="1" dealt="1" sum="15"/>
<action no="5" player="Tiuualex" type="2" discard="1" dealt="1" sum="30"/>
</round>
<round no="1"><cards type="Pocket" player="OndaBianca1">X X</cards>
<cards type="Pocket" player="Tiuualex">X X</cards>
<cards type="Pocket" player="Rakki">C6 HJ</cards>
<action no="6" player="Rakki" type="0" sum="0"/>
<action no="7" player="OndaBianca1" type="0" discard="1" dealt="1" sum="0"/>
</round>
</game>
<game gamecode="6464746010"><general><startdate>2025-08-28 15:03:01</startdate>
<round>1</round>
<failsafecounter/>
<players><player seat="10" name="Rakki" chips="470" dealer="0" win="0" bet="35" muck="1" rebuy="0" addon="0" merge="0" rebuychips="0" reg_code="5056367235"/>
<player seat="3" name="OndaBianca1" chips="445" dealer="1" win="925" bet="445" muck="0" rebuy="0" addon="0" merge="0" rebuychips="0" reg_code="5056366820"/>
<player seat="6" name="Tiuualex" chips="585" dealer="0" win="0" bet="585" muck="1" rebuy="0" addon="0" merge="0" rebuychips="0" reg_code="5056366850"/>
</players>
</general>
<round no="0"><action no="1" player="Tiuualex" type="15" discard="1" dealt="1" sum="5"/>
<action no="2" player="Rakki" type="15" sum="5"/>
<action no="3" player="OndaBianca1" type="15" discard="1" dealt="1" sum="5"/>
<action no="4" player="Tiuualex" type="1" discard="1" dealt="1" sum="15"/>
<action no="5" player="Rakki" type="2" sum="30"/>
</round>
<round no="1"><cards type="Pocket" player="Tiuualex">HJ CA</cards>
<cards type="Pocket" player="Rakki">D4 HA</cards>
<cards type="Pocket" player="OndaBianca1">SA CK</cards>
<action no="6" player="OndaBianca1" type="23" discard="1" dealt="1" sum="60"/>
<action no="7" player="Tiuualex" type="23" discard="1" dealt="1" sum="580"/>
<action no="8" player="Rakki" type="0" sum="0"/>
<action no="9" player="OndaBianca1" type="7" discard="1" dealt="1" sum="380"/>
</round>
<round no="2"><cards type="Flop">C2 C10 S7</cards>
</round>
<round no="3"><cards type="Turn">C7</cards>
</round>
<round no="4"><cards type="River">H9</cards>
</round>
</game>
<game gamecode="6464746044"><general><startdate>2025-08-28 15:03:24</startdate>
<round>1</round>
<failsafecounter/>
<players><player seat="3" name="OndaBianca1" chips="925" dealer="0" win="0" bet="45" muck="1" rebuy="0" addon="0" merge="0" rebuychips="0" reg_code="5056366820"/>
<player seat="6" name="Tiuualex" chips="140" dealer="1" win="115" bet="140" muck="1" rebuy="0" addon="0" merge="0" rebuychips="0" reg_code="5056366850"/>
<player seat="10" name="Rakki" chips="435" dealer="0" win="0" bet="25" muck="1" rebuy="0" addon="0" merge="0" rebuychips="0" reg_code="5056367235"/>
</players>
</general>
<round no="0"><action no="1" player="Rakki" type="15" sum="5"/>
<action no="2" player="OndaBianca1" type="15" discard="1" dealt="1" sum="5"/>
<action no="3" player="Tiuualex" type="15" discard="1" dealt="1" sum="5"/>
<action no="4" player="Rakki" type="1" sum="20"/>
<action no="5" player="OndaBianca1" type="2" discard="1" dealt="1" sum="40"/>
</round>
<round no="1"><cards type="Pocket" player="OndaBianca1">X X</cards>
<cards type="Pocket" player="Rakki">S5 H2</cards>
<cards type="Pocket" player="Tiuualex">X X</cards>
<action no="6" player="Tiuualex" type="23" discard="1" dealt="1" sum="135"/>
<action no="7" player="Rakki" type="0" sum="0"/>
<action no="8" player="OndaBianca1" type="0" discard="1" dealt="1" sum="0"/>
</round>
</game>
<game gamecode="6464746065"><general><startdate>2025-08-28 15:03:34</startdate>
<round>1</round>
<failsafecounter/>
<players><player seat="6" name="Tiuualex" chips="210" dealer="0" win="0" bet="45" muck="1" rebuy="0" addon="0" merge="0" rebuychips="0" reg_code="5056366850"/>
<player seat="10" name="Rakki" chips="410" dealer="1" win="0" bet="5" muck="1" rebuy="0" addon="0" merge="0" rebuychips="0" reg_code="5056367235"/>
<player seat="3" name="OndaBianca1" chips="880" dealer="0" win="95" bet="880" muck="1" rebuy="0" addon="0" merge="0" rebuychips="0" reg_code="5056366820"/>
</players>
</general>
<round no="0"><action no="1" player="OndaBianca1" type="15" discard="1" dealt="1" sum="5"/>
<action no="2" player="Tiuualex" type="15" discard="1" dealt="1" sum="5"/>
<action no="3" player="Rakki" type="15" sum="5"/>
<action no="4" player="OndaBianca1" type="1" discard="1" dealt="1" sum="20"/>
<action no="5" player="Tiuualex" type="2" discard="1" dealt="1" sum="40"/>
</round>
<round no="1"><cards type="Pocket" player="OndaBianca1">X X</cards>
<cards type="Pocket" player="Rakki">C5 C10</cards>
<cards type="Pocket" player="Tiuualex">X X</cards>
<action no="6" player="Rakki" type="0" sum="0"/>
<action no="7" player="OndaBianca1" type="23" discard="1" dealt="1" sum="875"/>
<action no="8" player="Tiuualex" type="0" discard="1" dealt="1" sum="0"/>
</round>
</game>
<game gamecode="6464746082"><general><startdate>2025-08-28 15:03:43</startdate>
<round>1</round>
<failsafecounter/>
<players><player seat="10" name="Rakki" chips="405" dealer="0" win="0" bet="165" muck="1" rebuy="0" addon="0" merge="0" rebuychips="0" reg_code="5056367235"/>
<player seat="3" name="OndaBianca1" chips="930" dealer="1" win="0" bet="5" muck="1" rebuy="0" addon="0" merge="0" rebuychips="0" reg_code="5056366820"/>
<player seat="6" name="Tiuualex" chips="165" dealer="0" win="335" bet="165" muck="0" rebuy="0" addon="0" merge="0" rebuychips="0" reg_code="5056366850"/>
</players>
</general>
<round no="0"><action no="1" player="Tiuualex" type="15" discard="1" dealt="1" sum="5"/>
<action no="2" player="Rakki" type="15" sum="5"/>
<action no="3" player="OndaBianca1" type="15" discard="1" dealt="1" sum="5"/>
<action no="4" player="Tiuualex" type="1" discard="1" dealt="1" sum="20"/>
<action no="5" player="Rakki" type="2" sum="40"/>
</round>
<round no="1"><cards type="Pocket" player="OndaBianca1">X X</cards>
<cards type="Pocket" player="Rakki">S7 DJ</cards>
<cards type="Pocket" player="Tiuualex">HQ C9</cards>
<action no="6" player="OndaBianca1" type="0" discard="1" dealt="1" sum="0"/>
<action no="7" player="Tiuualex" type="23" discard="1" dealt="1" sum="160"/>
<action no="8" player="Rakki" type="3" sum="120"/>
</round>
<round no="2"><cards type="Flop">D8 C6 S3</cards>
</round>
<round no="3"><cards type="Turn">D4</cards>
</round>
<round no="4"><cards type="River">CK</cards>
</round>
</game>
<game gamecode="6464746125"><general><startdate>2025-08-28 15:04:05</startdate>
<round>1</round>
<failsafecounter/>
<players><player seat="3" name="OndaBianca1" chips="925" dealer="0" win="0" bet="240" muck="1" rebuy="0" addon="0" merge="0" rebuychips="0" reg_code="5056366820"/>
<player seat="6" name="Tiuualex" chips="335" dealer="1" win="0" bet="5" muck="1" rebuy="0" addon="0" merge="0" rebuychips="0" reg_code="5056366850"/>
<player seat="10" name="Rakki" chips="240" dealer="0" win="485" bet="240" muck="0" rebuy="0" addon="0" merge="0" rebuychips="0" reg_code="5056367235"/>
</players>
</general>
<round no="0"><action no="1" player="Rakki" type="15" sum="5"/>
<action no="2" player="OndaBianca1" type="15" discard="1" dealt="1" sum="5"/>
<action no="3" player="Tiuualex" type="15" discard="1" dealt="1" sum="5"/>
<action no="4" player="Rakki" type="1" sum="20"/>
<action no="5" player="OndaBianca1" type="2" discard="1" dealt="1" sum="40"/>
</round>
<round no="1"><cards type="Pocket" player="OndaBianca1">H7 D7</cards>
<cards type="Pocket" player="Tiuualex">X X</cards>
<cards type="Pocket" player="Rakki">CQ S9</cards>
<action no="6" player="Tiuualex" type="0" discard="1" dealt="1" sum="0"/>
<action no="7" player="Rakki" type="23" sum="235"/>
<action no="8" player="OndaBianca1" type="3" discard="1" dealt="1" sum="195"/>
</round>
<round no="2"><cards type="Flop">HA HK SJ</cards>
</round>
<round no="3"><cards type="Turn">C10</cards>
</round>
<round no="4"><cards type="River">H8</cards>
</round>
</game>
<game gamecode="6464746173"><general><startdate>2025-08-28 15:04:29</startdate>
<round>1</round>
<failsafecounter/>
<players><player seat="6" name="Tiuualex" chips="330" dealer="0" win="0" bet="330" muck="1" rebuy="0" addon="0" merge="0" rebuychips="0" reg_code="5056366850"/>
<player seat="10" name="Rakki" chips="485" dealer="1" win="0" bet="5" muck="1" rebuy="0" addon="0" merge="0" rebuychips="0" reg_code="5056367235"/>
<player seat="3" name="OndaBianca1" chips="685" dealer="0" win="665" bet="685" muck="0" rebuy="0" addon="0" merge="0" rebuychips="0" reg_code="5056366820"/>
</players>
</general>
<round no="0"><action no="1" player="OndaBianca1" type="15" discard="1" dealt="1" sum="5"/>
<action no="2" player="Tiuualex" type="15" discard="1" dealt="1" sum="5"/>
<action no="3" player="Rakki" type="15" sum="5"/>
<action no="4" player="OndaBianca1" type="1" discard="1" dealt="1" sum="20"/>
<action no="5" player="Tiuualex" type="2" discard="1" dealt="1" sum="40"/>
</round>
<round no="1"><cards type="Pocket" player="Tiuualex">C10 H8</cards>
<cards type="Pocket" player="Rakki">S9 CJ</cards>
<cards type="Pocket" player="OndaBianca1">DA D10</cards>
<action no="6" player="Rakki" type="0" sum="0"/>
<action no="7" player="OndaBianca1" type="23" discard="1" dealt="1" sum="680"/>
<action no="8" player="Tiuualex" type="7" discard="1" dealt="1" sum="285"/>
</round>
<round no="2"><cards type="Flop">S4 H6 SQ</cards>
</round>
<round no="3"><cards type="Turn">D5</cards>
</round>
<round no="4"><cards type="River">D3</cards>
</round>
</game>
<game gamecode="6464746222"><general><startdate>2025-08-28 15:04:58</startdate>
<round>1</round>
<failsafecounter/>
<players><player seat="10" name="Rakki" chips="480" dealer="0" win="0" bet="480" muck="1" rebuy="0" addon="0" merge="0" rebuychips="0" reg_code="5056367235"/>
<player seat="3" name="OndaBianca1" chips="1,020" dealer="1" win="960" bet="1,020" muck="0" rebuy="0" addon="0" merge="0" rebuychips="0" reg_code="5056366820"/>
</players>
</general>
<round no="0"><action no="1" player="OndaBianca1" type="15" discard="1" dealt="1" sum="5"/>
<action no="2" player="Rakki" type="15" sum="5"/>
<action no="3" player="OndaBianca1" type="1" discard="1" dealt="1" sum="30"/>
<action no="4" player="Rakki" type="2" sum="60"/>
</round>
<round no="1"><cards type="Pocket" player="OndaBianca1">DK S9</cards>
<cards type="Pocket" player="Rakki">D2 SA</cards>
<action no="5" player="OndaBianca1" type="23" discard="1" dealt="1" sum="1,015"/>
<action no="6" player="Rakki" type="7" sum="415"/>
</round>
<round no="2"><cards type="Flop">S7 CQ D7</cards>
</round>
<round no="3"><cards type="Turn">D4</cards>
</round>
<round no="4"><cards type="River">D9</cards>
</round>
</game>
</session>
