<?xml version="1.0" encoding="UTF-8"?>
<session sessioncode="5056375242">
<general>
<client_version>25.1.1.16</client_version>
<mode>real</mode>
<gametype>Holdem NL</gametype>
<tablename>Twister €100 SNG, 816650950</tablename>
<tournamentcode>816650949</tournamentcode>
<tournamentname>Twister €100 SNG</tournamentname>
<buyin>€0 + €7 + €93</buyin>
<totalbuyin>€100</totalbuyin>
<rewarddrawn>€200</rewarddrawn>
<tournamentcurrency>EUR</tournamentcurrency>
<currency>EUR</currency>
<nickname>Rakki</nickname>
<gamecount>7</gamecount>
<startdate>2025-08-28 15:48:28</startdate>
<place>3</place>
<win>€0</win>
<tablesize>3</tablesize>
</general>
<game gamecode="6464772759"><general><startdate>2025-08-28 15:48:43</startdate>
<round>1</round>
<failsafecounter/>
<players><player seat="10" name="ilpietra9" chips="500" dealer="0" win="240" bet="100" muck="0" rebuy="0" addon="0" merge="0" rebuychips="0" reg_code="5056375742"/>
<player seat="3" name="Rakki" chips="500" dealer="1" win="0" bet="100" muck="1" rebuy="0" addon="0" merge="0" rebuychips="0" reg_code="5056375242"/>
<player seat="6" name="cusu221022" chips="500" dealer="0" win="0" bet="40" muck="1" rebuy="0" addon="0" merge="0" rebuychips="0" reg_code="5056375431"/>
</players>
</general>
<round no="0"><action no="1" player="cusu221022" type="1" discard="1" dealt="1" sum="10"/>
<action no="2" player="ilpietra9" type="2" discard="1" dealt="1" sum="20"/>
</round>
<round no="1"><cards type="Pocket" player="Rakki">SA S7</cards>
<cards type="Pocket" player="ilpietra9">D6 S4</cards>
<cards type="Pocket" player="cusu221022">X X</cards>
<action no="3" player="Rakki" type="23" sum="40"/>
<action no="4" player="cusu221022" type="3" discard="1" dealt="1" sum="30"/>
<action no="5" player="ilpietra9" type="3" discard="1" dealt="1" sum="20"/>
</round>
<round no="2"><cards type="Flop">SJ S10 C6</cards>
<action no="6" player="cusu221022" type="4" discard="1" dealt="1" sum="0"/>
<action no="7" player="ilpietra9" type="5" discard="1" dealt="1" sum="60"/>
<action no="8" player="Rakki" type="3" sum="60"/>
<action no="9" player="cusu221022" type="0" discard="1" dealt="1" sum="0"/>
</round>
<round no="3"><cards type="Turn">D8</cards>
<action no="10" player="ilpietra9" type="4" discard="1" dealt="1" sum="0"/>
<action no="11" player="Rakki" type="4" sum="0"/>
</round>
<round no="4"><cards type="River">H10</cards>
<action no="12" player="ilpietra9" type="4" discard="1" dealt="1" sum="0"/>
<action no="13" player="Rakki" type="4" sum="0"/>
</round>
</game>
<game gamecode="6464772796"><general><startdate>2025-08-28 15:49:21</startdate>
<round>1</round>
<failsafecounter/>
<players><player seat="3" name="Rakki" chips="400" dealer="0" win="0" bet="20" muck="1" rebuy="0" addon="0" merge="0" rebuychips="0" reg_code="5056375242"/>
<player seat="6" name="cusu221022" chips="460" dealer="1" win="0" bet="20" muck="1" rebuy="0" addon="0" merge="0" rebuychips="0" reg_code="5056375431"/>
<player seat="10" name="ilpietra9" chips="640" dealer="0" win="60" bet="50" muck="1" rebuy="0" addon="0" merge="0" rebuychips="0" reg_code="5056375742"/>
</players>
</general>
<round no="0"><action no="1" player="ilpietra9" type="1" discard="1" dealt="1" sum="10"/>
<action no="2" player="Rakki" type="2" sum="20"/>
</round>
<round no="1"><cards type="Pocket" player="Rakki">H6 D2</cards>
<cards type="Pocket" player="ilpietra9">X X</cards>
<cards type="Pocket" player="cusu221022">X X</cards>
<action no="3" player="cusu221022" type="3" discard="1" dealt="1" sum="20"/>
<action no="4" player="ilpietra9" type="3" discard="1" dealt="1" sum="10"/>
<action no="5" player="Rakki" type="4" sum="0"/>
</round>
<round no="2"><cards type="Flop">S5 C10 DQ</cards>
<action no="6" player="ilpietra9" type="4" discard="1" dealt="1" sum="0"/>
<action no="7" player="Rakki" type="4" sum="0"/>
<action no="8" player="cusu221022" type="4" discard="1" dealt="1" sum="0"/>
</round>
<round no="3"><cards type="Turn">S3</cards>
<action no="9" player="ilpietra9" type="5" discard="1" dealt="1" sum="30"/>
<action no="10" player="Rakki" type="0" sum="0"/>
<action no="11" player="cusu221022" type="0" discard="1" dealt="1" sum="0"/>
</round>
</game>
<game gamecode="6464772817"><general><startdate>2025-08-28 15:49:46</startdate>
<round>1</round>
<failsafecounter/>
<players><player seat="6" name="cusu221022" chips="440" dealer="0" win="0" bet="20" muck="1" rebuy="0" addon="0" merge="0" rebuychips="0" reg_code="5056375431"/>
<player seat="10" name="ilpietra9" chips="680" dealer="1" win="0" bet="0" muck="1" rebuy="0" addon="0" merge="0" rebuychips="0" reg_code="5056375742"/>
<player seat="3" name="Rakki" chips="380" dealer="0" win="40" bet="60" muck="1" rebuy="0" addon="0" merge="0" rebuychips="0" reg_code="5056375242"/>
</players>
</general>
<round no="0"><action no="1" player="Rakki" type="1" sum="10"/>
<action no="2" player="cusu221022" type="2" discard="1" dealt="1" sum="20"/>
</round>
<round no="1"><cards type="Pocket" player="ilpietra9">X X</cards>
<cards type="Pocket" player="cusu221022">X X</cards>
<cards type="Pocket" player="Rakki">S3 CK</cards>
<action no="3" player="ilpietra9" type="0" discard="1" dealt="1" sum="0"/>
<action no="4" player="Rakki" type="3" sum="10"/>
<action no="5" player="cusu221022" type="4" discard="1" dealt="1" sum="0"/>
</round>
<round no="2"><cards type="Flop">S8 D8 SQ</cards>
<action no="6" player="Rakki" type="4" sum="0"/>
<action no="7" player="cusu221022" type="4" discard="1" dealt="1" sum="0"/>
</round>
<round no="3"><cards type="Turn">SK</cards>
<action no="8" player="Rakki" type="5" sum="40"/>
<action no="9" player="cusu221022" type="0" discard="1" dealt="1" sum="0"/>
</round>
</game>
<game gamecode="6464772834"><general><startdate>2025-08-28 15:49:59</startdate>
<round>1</round>
<failsafecounter/>
<players><player seat="10" name="ilpietra9" chips="680" dealer="0" win="40" bet="60" muck="1" rebuy="0" addon="0" merge="0" rebuychips="0" reg_code="5056375742"/>
<player seat="3" name="Rakki" chips="400" dealer="1" win="0" bet="0" muck="1" rebuy="0" addon="0" merge="0" rebuychips="0" reg_code="5056375242"/>
<player seat="6" name="cusu221022" chips="420" dealer="0" win="0" bet="20" muck="1" rebuy="0" addon="0" merge="0" rebuychips="0" reg_code="5056375431"/>
</players>
</general>
<round no="0"><action no="1" player="cusu221022" type="1" discard="1" dealt="1" sum="10"/>
<action no="2" player="ilpietra9" type="2" discard="1" dealt="1" sum="20"/>
</round>
<round no="1"><cards type="Pocket" player="ilpietra9">X X</cards>
<cards type="Pocket" player="Rakki">S3 H10</cards>
<cards type="Pocket" player="cusu221022">X X</cards>
<action no="3" player="Rakki" type="0" sum="0"/>
<action no="4" player="cusu221022" type="3" discard="1" dealt="1" sum="10"/>
<action no="5" player="ilpietra9" type="4" discard="1" dealt="1" sum="0"/>
</round>
<round no="2"><cards type="Flop">HQ D6 D3</cards>
<action no="6" player="cusu221022" type="4" discard="1" dealt="1" sum="0"/>
<action no="7" player="ilpietra9" type="5" discard="1" dealt="1" sum="40"/>
<action no="8" player="cusu221022" type="0" discard="1" dealt="1" sum="0"/>
</round>
</game>
<game gamecode="6464772860"><general><startdate>2025-08-28 15:50:21</startdate>
<round>1</round>
<failsafecounter/>
<players><player seat="3" name="Rakki" chips="400" dealer="0" win="0" bet="60" muck="1" rebuy="0" addon="0" merge="0" rebuychips="0" reg_code="5056375242"/>
<player seat="6" name="cusu221022" chips="400" dealer="1" win="130" bet="125" muck="1" rebuy="0" addon="0" merge="0" rebuychips="0" reg_code="5056375431"/>
<player seat="10" name="ilpietra9" chips="700" dealer="0" win="0" bet="10" muck="1" rebuy="0" addon="0" merge="0" rebuychips="0" reg_code="5056375742"/>
</players>
</general>
<round no="0"><action no="1" player="ilpietra9" type="1" discard="1" dealt="1" sum="10"/>
<action no="2" player="Rakki" type="2" sum="20"/>
</round>
<round no="1"><cards type="Pocket" player="cusu221022">X X</cards>
<cards type="Pocket" player="Rakki">S2 CA</cards>
<cards type="Pocket" player="ilpietra9">X X</cards>
<action no="3" player="cusu221022" type="23" discard="1" dealt="1" sum="40"/>
<action no="4" player="ilpietra9" type="0" discard="1" dealt="1" sum="0"/>
<action no="5" player="Rakki" type="3" sum="20"/>
</round>
<round no="2"><cards type="Flop">DK C9 DQ</cards>
<action no="6" player="Rakki" type="4" sum="0"/>
<action no="7" player="cusu221022" type="5" discard="1" dealt="1" sum="20"/>
<action no="8" player="Rakki" type="3" sum="20"/>
</round>
<round no="3"><cards type="Turn">H5</cards>
<action no="9" player="Rakki" type="4" sum="0"/>
<action no="10" player="cusu221022" type="5" discard="1" dealt="1" sum="65"/>
<action no="11" player="Rakki" type="0" sum="0"/>
</round>
</game>
<game gamecode="6464772878"><general><startdate>2025-08-28 15:50:41</startdate>
<round>1</round>
<failsafecounter/>
<players><player seat="6" name="cusu221022" chips="470" dealer="0" win="0" bet="65" muck="1" rebuy="0" addon="0" merge="0" rebuychips="0" reg_code="5056375431"/>
<player seat="10" name="ilpietra9" chips="690" dealer="1" win="150" bet="125" muck="1" rebuy="0" addon="0" merge="0" rebuychips="0" reg_code="5056375742"/>
<player seat="3" name="Rakki" chips="340" dealer="0" win="0" bet="20" muck="1" rebuy="0" addon="0" merge="0" rebuychips="0" reg_code="5056375242"/>
</players>
</general>
<round no="0"><action no="1" player="Rakki" type="15" sum="5"/>
<action no="2" player="cusu221022" type="15" discard="1" dealt="1" sum="5"/>
<action no="3" player="ilpietra9" type="15" discard="1" dealt="1" sum="5"/>
<action no="4" player="Rakki" type="1" sum="15"/>
<action no="5" player="cusu221022" type="2" discard="1" dealt="1" sum="30"/>
</round>
<round no="1"><cards type="Pocket" player="ilpietra9">X X</cards>
<cards type="Pocket" player="cusu221022">X X</cards>
<cards type="Pocket" player="Rakki">H10 D4</cards>
<action no="6" player="ilpietra9" type="23" discard="1" dealt="1" sum="60"/>
<action no="7" player="Rakki" type="0" sum="0"/>
<action no="8" player="cusu221022" type="3" discard="1" dealt="1" sum="30"/>
</round>
<round no="2"><cards type="Flop">D7 C4 DA</cards>
<action no="9" player="cusu221022" type="4" discard="1" dealt="1" sum="0"/>
<action no="10" player="ilpietra9" type="5" discard="1" dealt="1" sum="60"/>
<action no="11" player="cusu221022" type="0" discard="1" dealt="1" sum="0"/>
</round>
</game>
<game gamecode="6464772896"><general><startdate>2025-08-28 15:50:54</startdate>
<round>1</round>
<failsafecounter/>
<players><player seat="10" name="ilpietra9" chips="775" dealer="0" win="0" bet="35" muck="1" rebuy="0" addon="0" merge="0" rebuychips="0" reg_code="5056375742"/>
<player seat="3" name="Rakki" chips="320" dealer="1" win="0" bet="320" muck="0" rebuy="0" addon="0" merge="0" rebuychips="0" reg_code="5056375242"/>
<player seat="6" name="cusu221022" chips="405" dealer="0" win="675" bet="405" muck="0" rebuy="0" addon="0" merge="0" rebuychips="0" reg_code="5056375431"/>
</players>
</general>
<round no="0"><action no="1" player="cusu221022" type="15" discard="1" dealt="1" sum="5"/>
<action no="2" player="ilpietra9" type="15" discard="1" dealt="1" sum="5"/>
<action no="3" player="Rakki" type="15" sum="5"/>
<action no="4" player="cusu221022" type="1" discard="1" dealt="1" sum="15"/>
<action no="5" player="ilpietra9" type="2" discard="1" dealt="1" sum="30"/>
</round>
<round no="1"><cards type="Pocket" player="Rakki">SQ SK</cards>
<cards type="Pocket" player="cusu221022">HQ DA</cards>
<cards type="Pocket" player="ilpietra9">X X</cards>
<action no="6" player="Rakki" type="23" sum="315"/>
<action no="7" player="cusu221022" type="7" discard="1" dealt="1" sum="385"/>
<action no="8" player="ilpietra9" type="0" discard="1" dealt="1" sum="0"/>
</round>
<round no="2"><cards type="Flop">HA D8 C6</cards>
</round>
<round no="3"><cards type="Turn">DK</cards>
</round>
<round no="4"><cards type="River">C2</cards>
</round>
</game>
</session>
