<?xml version="1.0" encoding="UTF-8"?>
<session sessioncode="5056675190">
<general>
<client_version>25.1.1.16</client_version>
<mode>real</mode>
<gametype>Holdem NL</gametype>
<tablename>Twister €100 SNG, 816738308</tablename>
<tournamentcode>816738307</tournamentcode>
<tournamentname>Twister €100 SNG</tournamentname>
<buyin>€0 + €7 + €93</buyin>
<totalbuyin>€100</totalbuyin>
<rewarddrawn>€200</rewarddrawn>
<tournamentcurrency>EUR</tournamentcurrency>
<currency>EUR</currency>
<nickname>Rakki</nickname>
<gamecount>24</gamecount>
<startdate>2025-08-30 01:25:32</startdate>
<place>1</place>
<win>€200</win>
<tablesize>3</tablesize>
</general>
<game gamecode="6465993384"><general><startdate>2025-08-30 01:25:47</startdate>
<round>1</round>
<failsafecounter/>
<players><player seat="3" name="OndaBianca1" chips="500" dealer="0" win="90" bet="500" muck="1" rebuy="0" addon="0" merge="0" rebuychips="0" reg_code="5056675184"/>
<player seat="6" name="Rakki" chips="500" dealer="1" win="0" bet="40" muck="1" rebuy="0" addon="0" merge="0" rebuychips="0" reg_code="5056675190"/>
<player seat="10" name="Pannocchietta" chips="500" dealer="0" win="0" bet="10" muck="1" rebuy="0" addon="0" merge="0" rebuychips="0" reg_code="5056675209"/>
</players>
</general>
<round no="0"><action no="1" player="Pannocchietta" type="1" discard="1" dealt="1" sum="10"/>
<action no="2" player="OndaBianca1" type="2" discard="1" dealt="1" sum="20"/>
</round>
<round no="1"><cards type="Pocket" player="OndaBianca1">X X</cards>
<cards type="Pocket" player="Rakki">HQ H10</cards>
<cards type="Pocket" player="Pannocchietta">X X</cards>
<action no="3" player="Rakki" type="23" sum="40"/>
<action no="4" player="Pannocchietta" type="0" discard="1" dealt="1" sum="0"/>
<action no="5" player="OndaBianca1" type="23" discard="1" dealt="1" sum="500"/>
<action no="6" player="Rakki" type="0" sum="0"/>
</round>
</game>
<game gamecode="6465993405"><general><startdate>2025-08-30 01:26:00</startdate>
<round>1</round>
<failsafecounter/>
<players><player seat="6" name="Rakki" chips="460" dealer="0" win="0" bet="20" muck="1" rebuy="0" addon="0" merge="0" rebuychips="0" reg_code="5056675190"/>
<player seat="10" name="Pannocchietta" chips="490" dealer="1" win="0" bet="0" muck="1" rebuy="0" addon="0" merge="0" rebuychips="0" reg_code="5056675209"/>
<player seat="3" name="OndaBianca1" chips="550" dealer="0" win="40" bet="60" muck="1" rebuy="0" addon="0" merge="0" rebuychips="0" reg_code="5056675184"/>
</players>
</general>
<round no="0"><action no="1" player="OndaBianca1" type="1" discard="1" dealt="1" sum="10"/>
<action no="2" player="Rakki" type="2" sum="20"/>
</round>
<round no="1"><cards type="Pocket" player="Pannocchietta">X X</cards>
<cards type="Pocket" player="Rakki">SJ H4</cards>
<cards type="Pocket" player="OndaBianca1">X X</cards>
<action no="3" player="Pannocchietta" type="0" discard="1" dealt="1" sum="0"/>
<action no="4" player="OndaBianca1" type="3" discard="1" dealt="1" sum="10"/>
<action no="5" player="Rakki" type="4" sum="0"/>
</round>
<round no="2"><cards type="Flop">DK C6 CA</cards>
<action no="6" player="OndaBianca1" type="4" discard="1" dealt="1" sum="0"/>
<action no="7" player="Rakki" type="4" sum="0"/>
</round>
<round no="3"><cards type="Turn">D9</cards>
<action no="8" player="OndaBianca1" type="5" discard="1" dealt="1" sum="40"/>
<action no="9" player="Rakki" type="0" sum="0"/>
</round>
</game>
<game gamecode="6465993435"><general><startdate>2025-08-30 01:26:20</startdate>
<round>1</round>
<failsafecounter/>
<players><player seat="10" name="Pannocchietta" chips="490" dealer="0" win="0" bet="20" muck="1" rebuy="0" addon="0" merge="0" rebuychips="0" reg_code="5056675209"/>
<player seat="3" name="OndaBianca1" chips="570" dealer="1" win="0" bet="440" muck="1" rebuy="0" addon="0" merge="0" rebuychips="0" reg_code="5056675184"/>
<player seat="6" name="Rakki" chips="440" dealer="0" win="900" bet="440" muck="0" rebuy="0" addon="0" merge="0" rebuychips="0" reg_code="5056675190"/>
</players>
</general>
<round no="0"><action no="1" player="Rakki" type="1" sum="10"/>
<action no="2" player="Pannocchietta" type="2" discard="1" dealt="1" sum="20"/>
</round>
<round no="1"><cards type="Pocket" player="OndaBianca1">H5 S5</cards>
<cards type="Pocket" player="Rakki">S10 SQ</cards>
<cards type="Pocket" player="Pannocchietta">X X</cards>
<action no="3" player="OndaBianca1" type="23" discard="1" dealt="1" sum="40"/>
<action no="4" player="Rakki" type="23" sum="440"/>
<action no="5" player="Pannocchietta" type="0" discard="1" dealt="1" sum="0"/>
<action no="6" player="OndaBianca1" type="3" discard="1" dealt="1" sum="400"/>
</round>
<round no="2"><cards type="Flop">CA CK DK</cards>
</round>
<round no="3"><cards type="Turn">S7</cards>
</round>
<round no="4"><cards type="River">CJ</cards>
</round>
</game>
<game gamecode="6465993473"><general><startdate>2025-08-30 01:26:49</startdate>
<round>1</round>
<failsafecounter/>
<players><player seat="3" name="OndaBianca1" chips="130" dealer="0" win="260" bet="130" muck="0" rebuy="0" addon="0" merge="0" rebuychips="0" reg_code="5056675184"/>
<player seat="6" name="Rakki" chips="900" dealer="1" win="0" bet="0" muck="1" rebuy="0" addon="0" merge="0" rebuychips="0" reg_code="5056675190"/>
<player seat="10" name="Pannocchietta" chips="470" dealer="0" win="0" bet="470" muck="1" rebuy="0" addon="0" merge="0" rebuychips="0" reg_code="5056675209"/>
</players>
</general>
<round no="0"><action no="1" player="Pannocchietta" type="1" discard="1" dealt="1" sum="10"/>
<action no="2" player="OndaBianca1" type="2" discard="1" dealt="1" sum="20"/>
</round>
<round no="1"><cards type="Pocket" player="OndaBianca1">DA C3</cards>
<cards type="Pocket" player="Pannocchietta">DK D6</cards>
<cards type="Pocket" player="Rakki">C6 D4</cards>
<action no="3" player="Rakki" type="0" sum="0"/>
<action no="4" player="Pannocchietta" type="23" discard="1" dealt="1" sum="470"/>
<action no="5" player="OndaBianca1" type="7" discard="1" dealt="1" sum="110"/>
</round>
<round no="2"><cards type="Flop">SQ HQ DJ</cards>
</round>
<round no="3"><cards type="Turn">H10</cards>
</round>
<round no="4"><cards type="River">D10</cards>
</round>
</game>
<game gamecode="6465993496"><general><startdate>2025-08-30 01:27:08</startdate>
<round>1</round>
<failsafecounter/>
<players><player seat="6" name="Rakki" chips="900" dealer="0" win="20" bet="20" muck="1" rebuy="0" addon="0" merge="0" rebuychips="0" reg_code="5056675190"/>
<player seat="10" name="Pannocchietta" chips="340" dealer="1" win="0" bet="0" muck="1" rebuy="0" addon="0" merge="0" rebuychips="0" reg_code="5056675209"/>
<player seat="3" name="OndaBianca1" chips="260" dealer="0" win="0" bet="10" muck="1" rebuy="0" addon="0" merge="0" rebuychips="0" reg_code="5056675184"/>
</players>
</general>
<round no="0"><action no="1" player="OndaBianca1" type="1" discard="1" dealt="1" sum="10"/>
<action no="2" player="Rakki" type="2" sum="20"/>
</round>
<round no="1"><cards type="Pocket" player="Rakki">D7 S5</cards>
<cards type="Pocket" player="Pannocchietta">X X</cards>
<cards type="Pocket" player="OndaBianca1">X X</cards>
<action no="3" player="Pannocchietta" type="0" discard="1" dealt="1" sum="0"/>
<action no="4" player="OndaBianca1" type="0" discard="1" dealt="1" sum="0"/>
</round>
</game>
<game gamecode="6465993511"><general><startdate>2025-08-30 01:27:19</startdate>
<round>1</round>
<failsafecounter/>
<players><player seat="10" name="Pannocchietta" chips="340" dealer="0" win="20" bet="20" muck="1" rebuy="0" addon="0" merge="0" rebuychips="0" reg_code="5056675209"/>
<player seat="3" name="OndaBianca1" chips="250" dealer="1" win="0" bet="0" muck="1" rebuy="0" addon="0" merge="0" rebuychips="0" reg_code="5056675184"/>
<player seat="6" name="Rakki" chips="910" dealer="0" win="0" bet="10" muck="1" rebuy="0" addon="0" merge="0" rebuychips="0" reg_code="5056675190"/>
</players>
</general>
<round no="0"><action no="1" player="Rakki" type="1" sum="10"/>
<action no="2" player="Pannocchietta" type="2" discard="1" dealt="1" sum="20"/>
</round>
<round no="1"><cards type="Pocket" player="Rakki">SQ D5</cards>
<cards type="Pocket" player="Pannocchietta">X X</cards>
<cards type="Pocket" player="OndaBianca1">X X</cards>
<action no="3" player="OndaBianca1" type="0" discard="1" dealt="1" sum="0"/>
<action no="4" player="Rakki" type="0" sum="0"/>
</round>
</game>
<game gamecode="6465993525"><general><startdate>2025-08-30 01:27:28</startdate>
<round>1</round>
<failsafecounter/>
<players><player seat="3" name="OndaBianca1" chips="250" dealer="0" win="45" bet="35" muck="1" rebuy="0" addon="0" merge="0" rebuychips="0" reg_code="5056675184"/>
<player seat="6" name="Rakki" chips="900" dealer="1" win="0" bet="5" muck="1" rebuy="0" addon="0" merge="0" rebuychips="0" reg_code="5056675190"/>
<player seat="10" name="Pannocchietta" chips="350" dealer="0" win="0" bet="20" muck="1" rebuy="0" addon="0" merge="0" rebuychips="0" reg_code="5056675209"/>
</players>
</general>
<round no="0"><action no="1" player="Pannocchietta" type="15" discard="1" dealt="1" sum="5"/>
<action no="2" player="OndaBianca1" type="15" discard="1" dealt="1" sum="5"/>
<action no="3" player="Rakki" type="15" sum="5"/>
<action no="4" player="Pannocchietta" type="1" discard="1" dealt="1" sum="15"/>
<action no="5" player="OndaBianca1" type="2" discard="1" dealt="1" sum="30"/>
</round>
<round no="1"><cards type="Pocket" player="OndaBianca1">X X</cards>
<cards type="Pocket" player="Rakki">D6 CJ</cards>
<cards type="Pocket" player="Pannocchietta">X X</cards>
<action no="6" player="Rakki" type="0" sum="0"/>
<action no="7" player="Pannocchietta" type="0" discard="1" dealt="1" sum="0"/>
</round>
</game>
<game gamecode="6465993547"><general><startdate>2025-08-30 01:27:39</startdate>
<round>1</round>
<failsafecounter/>
<players><player seat="6" name="Rakki" chips="895" dealer="0" win="45" bet="35" muck="1" rebuy="0" addon="0" merge="0" rebuychips="0" reg_code="5056675190"/>
<player seat="10" name="Pannocchietta" chips="330" dealer="1" win="0" bet="5" muck="1" rebuy="0" addon="0" merge="0" rebuychips="0" reg_code="5056675209"/>
<player seat="3" name="OndaBianca1" chips="275" dealer="0" win="0" bet="20" muck="1" rebuy="0" addon="0" merge="0" rebuychips="0" reg_code="5056675184"/>
</players>
</general>
<round no="0"><action no="1" player="OndaBianca1" type="15" discard="1" dealt="1" sum="5"/>
<action no="2" player="Rakki" type="15" sum="5"/>
<action no="3" player="Pannocchietta" type="15" discard="1" dealt="1" sum="5"/>
<action no="4" player="OndaBianca1" type="1" discard="1" dealt="1" sum="15"/>
<action no="5" player="Rakki" type="2" sum="30"/>
</round>
<round no="1"><cards type="Pocket" player="Rakki">C3 S10</cards>
<cards type="Pocket" player="OndaBianca1">X X</cards>
<cards type="Pocket" player="Pannocchietta">X X</cards>
<action no="6" player="Pannocchietta" type="0" discard="1" dealt="1" sum="0"/>
<action no="7" player="OndaBianca1" type="0" discard="1" dealt="1" sum="0"/>
</round>
</game>
<game gamecode="6465993556"><general><startdate>2025-08-30 01:27:49</startdate>
<round>1</round>
<failsafecounter/>
<players><player seat="10" name="Pannocchietta" chips="325" dealer="0" win="45" bet="35" muck="1" rebuy="0" addon="0" merge="0" rebuychips="0" reg_code="5056675209"/>
<player seat="3" name="OndaBianca1" chips="255" dealer="1" win="0" bet="5" muck="1" rebuy="0" addon="0" merge="0" rebuychips="0" reg_code="5056675184"/>
<player seat="6" name="Rakki" chips="920" dealer="0" win="0" bet="20" muck="1" rebuy="0" addon="0" merge="0" rebuychips="0" reg_code="5056675190"/>
</players>
</general>
<round no="0"><action no="1" player="Rakki" type="15" sum="5"/>
<action no="2" player="Pannocchietta" type="15" discard="1" dealt="1" sum="5"/>
<action no="3" player="OndaBianca1" type="15" discard="1" dealt="1" sum="5"/>
<action no="4" player="Rakki" type="1" sum="15"/>
<action no="5" player="Pannocchietta" type="2" discard="1" dealt="1" sum="30"/>
</round>
<round no="1"><cards type="Pocket" player="Rakki">D3 D7</cards>
<cards type="Pocket" player="Pannocchietta">X X</cards>
<cards type="Pocket" player="OndaBianca1">X X</cards>
<action no="6" player="OndaBianca1" type="0" discard="1" dealt="1" sum="0"/>
<action no="7" player="Rakki" type="0" sum="0"/>
</round>
</game>
<game gamecode="6465993571"><general><startdate>2025-08-30 01:27:57</startdate>
<round>1</round>
<failsafecounter/>
<players><player seat="3" name="OndaBianca1" chips="250" dealer="0" win="0" bet="35" muck="1" rebuy="0" addon="0" merge="0" rebuychips="0" reg_code="5056675184"/>
<player seat="6" name="Rakki" chips="900" dealer="1" win="90" bet="900" muck="1" rebuy="0" addon="0" merge="0" rebuychips="0" reg_code="5056675190"/>
<player seat="10" name="Pannocchietta" chips="350" dealer="0" win="0" bet="20" muck="1" rebuy="0" addon="0" merge="0" rebuychips="0" reg_code="5056675209"/>
</players>
</general>
<round no="0"><action no="1" player="Pannocchietta" type="15" discard="1" dealt="1" sum="5"/>
<action no="2" player="OndaBianca1" type="15" discard="1" dealt="1" sum="5"/>
<action no="3" player="Rakki" type="15" sum="5"/>
<action no="4" player="Pannocchietta" type="1" discard="1" dealt="1" sum="15"/>
<action no="5" player="OndaBianca1" type="2" discard="1" dealt="1" sum="30"/>
</round>
<round no="1"><cards type="Pocket" player="OndaBianca1">X X</cards>
<cards type="Pocket" player="Pannocchietta">X X</cards>
<cards type="Pocket" player="Rakki">HA H10</cards>
<action no="6" player="Rakki" type="23" sum="895"/>
<action no="7" player="Pannocchietta" type="0" discard="1" dealt="1" sum="0"/>
<action no="8" player="OndaBianca1" type="0" discard="1" dealt="1" sum="0"/>
</round>
</game>
<game gamecode="6465993587"><general><startdate>2025-08-30 01:28:09</startdate>
<round>1</round>
<failsafecounter/>
<players><player seat="6" name="Rakki" chips="955" dealer="0" win="0" bet="215" muck="1" rebuy="0" addon="0" merge="0" rebuychips="0" reg_code="5056675190"/>
<player seat="10" name="Pannocchietta" chips="330" dealer="1" win="0" bet="5" muck="1" rebuy="0" addon="0" merge="0" rebuychips="0" reg_code="5056675209"/>
<player seat="3" name="OndaBianca1" chips="215" dealer="0" win="435" bet="215" muck="0" rebuy="0" addon="0" merge="0" rebuychips="0" reg_code="5056675184"/>
</players>
</general>
<round no="0"><action no="1" player="OndaBianca1" type="15" discard="1" dealt="1" sum="5"/>
<action no="2" player="Rakki" type="15" sum="5"/>
<action no="3" player="Pannocchietta" type="15" discard="1" dealt="1" sum="5"/>
<action no="4" player="OndaBianca1" type="1" discard="1" dealt="1" sum="15"/>
<action no="5" player="Rakki" type="2" sum="30"/>
</round>
<round no="1"><cards type="Pocket" player="Pannocchietta">X X</cards>
<cards type="Pocket" player="Rakki">S10 S8</cards>
<cards type="Pocket" player="OndaBianca1">S5 SQ</cards>
<action no="6" player="Pannocchietta" type="0" discard="1" dealt="1" sum="0"/>
<action no="7" player="OndaBianca1" type="23" discard="1" dealt="1" sum="210"/>
<action no="8" player="Rakki" type="3" sum="180"/>
</round>
<round no="2"><cards type="Flop">C10 CA SJ</cards>
</round>
<round no="3"><cards type="Turn">SK</cards>
</round>
<round no="4"><cards type="River">H10</cards>
</round>
</game>
<game gamecode="6465993616"><general><startdate>2025-08-30 01:28:28</startdate>
<round>1</round>
<failsafecounter/>
<players><player seat="10" name="Pannocchietta" chips="325" dealer="0" win="0" bet="35" muck="1" rebuy="0" addon="0" merge="0" rebuychips="0" reg_code="5056675209"/>
<player seat="3" name="OndaBianca1" chips="435" dealer="1" win="0" bet="5" muck="1" rebuy="0" addon="0" merge="0" rebuychips="0" reg_code="5056675184"/>
<player seat="6" name="Rakki" chips="740" dealer="0" win="75" bet="740" muck="1" rebuy="0" addon="0" merge="0" rebuychips="0" reg_code="5056675190"/>
</players>
</general>
<round no="0"><action no="1" player="Rakki" type="15" sum="5"/>
<action no="2" player="Pannocchietta" type="15" discard="1" dealt="1" sum="5"/>
<action no="3" player="OndaBianca1" type="15" discard="1" dealt="1" sum="5"/>
<action no="4" player="Rakki" type="1" sum="15"/>
<action no="5" player="Pannocchietta" type="2" discard="1" dealt="1" sum="30"/>
</round>
<round no="1"><cards type="Pocket" player="Pannocchietta">X X</cards>
<cards type="Pocket" player="Rakki">DK HQ</cards>
<cards type="Pocket" player="OndaBianca1">X X</cards>
<action no="6" player="OndaBianca1" type="0" discard="1" dealt="1" sum="0"/>
<action no="7" player="Rakki" type="23" sum="735"/>
<action no="8" player="Pannocchietta" type="0" discard="1" dealt="1" sum="0"/>
</round>
</game>
<game gamecode="6465993634"><general><startdate>2025-08-30 01:28:39</startdate>
<round>1</round>
<failsafecounter/>
<players><player seat="3" name="OndaBianca1" chips="430" dealer="0" win="0" bet="65" muck="1" rebuy="0" addon="0" merge="0" rebuychips="0" reg_code="5056675184"/>
<player seat="6" name="Rakki" chips="780" dealer="1" win="0" bet="5" muck="1" rebuy="0" addon="0" merge="0" rebuychips="0" reg_code="5056675190"/>
<player seat="10" name="Pannocchietta" chips="290" dealer="0" win="135" bet="95" muck="1" rebuy="0" addon="0" merge="0" rebuychips="0" reg_code="5056675209"/>
</players>
</general>
<round no="0"><action no="1" player="Pannocchietta" type="15" discard="1" dealt="1" sum="5"/>
<action no="2" player="OndaBianca1" type="15" discard="1" dealt="1" sum="5"/>
<action no="3" player="Rakki" type="15" sum="5"/>
<action no="4" player="Pannocchietta" type="1" discard="1" dealt="1" sum="15"/>
<action no="5" player="OndaBianca1" type="2" discard="1" dealt="1" sum="30"/>
</round>
<round no="1"><cards type="Pocket" player="Rakki">SJ S5</cards>
<cards type="Pocket" player="OndaBianca1">X X</cards>
<cards type="Pocket" player="Pannocchietta">X X</cards>
<action no="6" player="Rakki" type="0" sum="0"/>
<action no="7" player="Pannocchietta" type="23" discard="1" dealt="1" sum="60"/>
<action no="8" player="OndaBianca1" type="3" discard="1" dealt="1" sum="30"/>
</round>
<round no="2"><cards type="Flop">S3 SK H3</cards>
<action no="9" player="Pannocchietta" type="5" discard="1" dealt="1" sum="30"/>
<action no="10" player="OndaBianca1" type="0" discard="1" dealt="1" sum="0"/>
</round>
</game>
<game gamecode="6465993662"><general><startdate>2025-08-30 01:28:58</startdate>
<round>1</round>
<failsafecounter/>
<players><player seat="6" name="Rakki" chips="775" dealer="0" win="45" bet="35" muck="1" rebuy="0" addon="0" merge="0" rebuychips="0" reg_code="5056675190"/>
<player seat="10" name="Pannocchietta" chips="360" dealer="1" win="0" bet="5" muck="1" rebuy="0" addon="0" merge="0" rebuychips="0" reg_code="5056675209"/>
<player seat="3" name="OndaBianca1" chips="365" dealer="0" win="0" bet="20" muck="1" rebuy="0" addon="0" merge="0" rebuychips="0" reg_code="5056675184"/>
</players>
</general>
<round no="0"><action no="1" player="OndaBianca1" type="15" discard="1" dealt="1" sum="5"/>
<action no="2" player="Rakki" type="15" sum="5"/>
<action no="3" player="Pannocchietta" type="15" discard="1" dealt="1" sum="5"/>
<action no="4" player="OndaBianca1" type="1" discard="1" dealt="1" sum="15"/>
<action no="5" player="Rakki" type="2" sum="30"/>
</round>
<round no="1"><cards type="Pocket" player="Pannocchietta">X X</cards>
<cards type="Pocket" player="OndaBianca1">X X</cards>
<cards type="Pocket" player="Rakki">SA H4</cards>
<action no="6" player="Pannocchietta" type="0" discard="1" dealt="1" sum="0"/>
<action no="7" player="OndaBianca1" type="0" discard="1" dealt="1" sum="0"/>
</round>
</game>
<game gamecode="6465993668"><general><startdate>2025-08-30 01:29:05</startdate>
<round>1</round>
<failsafecounter/>
<players><player seat="10" name="Pannocchietta" chips="355" dealer="0" win="0" bet="45" muck="1" rebuy="0" addon="0" merge="0" rebuychips="0" reg_code="5056675209"/>
<player seat="3" name="OndaBianca1" chips="345" dealer="1" win="115" bet="345" muck="1" rebuy="0" addon="0" merge="0" rebuychips="0" reg_code="5056675184"/>
<player seat="6" name="Rakki" chips="800" dealer="0" win="0" bet="25" muck="1" rebuy="0" addon="0" merge="0" rebuychips="0" reg_code="5056675190"/>
</players>
</general>
<round no="0"><action no="1" player="Rakki" type="15" sum="5"/>
<action no="2" player="Pannocchietta" type="15" discard="1" dealt="1" sum="5"/>
<action no="3" player="OndaBianca1" type="15" discard="1" dealt="1" sum="5"/>
<action no="4" player="Rakki" type="1" sum="20"/>
<action no="5" player="Pannocchietta" type="2" discard="1" dealt="1" sum="40"/>
</round>
<round no="1"><cards type="Pocket" player="OndaBianca1">X X</cards>
<cards type="Pocket" player="Rakki">H5 H8</cards>
<cards type="Pocket" player="Pannocchietta">X X</cards>
<action no="6" player="OndaBianca1" type="23" discard="1" dealt="1" sum="340"/>
<action no="7" player="Rakki" type="0" sum="0"/>
<action no="8" player="Pannocchietta" type="0" discard="1" dealt="1" sum="0"/>
</round>
</game>
<game gamecode="6465993685"><general><startdate>2025-08-30 01:29:15</startdate>
<round>1</round>
<failsafecounter/>
<players><player seat="3" name="OndaBianca1" chips="415" dealer="0" win="0" bet="310" muck="1" rebuy="0" addon="0" merge="0" rebuychips="0" reg_code="5056675184"/>
<player seat="6" name="Rakki" chips="775" dealer="1" win="0" bet="5" muck="1" rebuy="0" addon="0" merge="0" rebuychips="0" reg_code="5056675190"/>
<player seat="10" name="Pannocchietta" chips="310" dealer="0" win="625" bet="310" muck="0" rebuy="0" addon="0" merge="0" rebuychips="0" reg_code="5056675209"/>
</players>
</general>
<round no="0"><action no="1" player="Pannocchietta" type="15" discard="1" dealt="1" sum="5"/>
<action no="2" player="OndaBianca1" type="15" discard="1" dealt="1" sum="5"/>
<action no="3" player="Rakki" type="15" sum="5"/>
<action no="4" player="Pannocchietta" type="1" discard="1" dealt="1" sum="20"/>
<action no="5" player="OndaBianca1" type="2" discard="1" dealt="1" sum="40"/>
</round>
<round no="1"><cards type="Pocket" player="OndaBianca1">SA D2</cards>
<cards type="Pocket" player="Rakki">CJ S5</cards>
<cards type="Pocket" player="Pannocchietta">SQ DA</cards>
<action no="6" player="Rakki" type="0" sum="0"/>
<action no="7" player="Pannocchietta" type="23" discard="1" dealt="1" sum="305"/>
<action no="8" player="OndaBianca1" type="3" discard="1" dealt="1" sum="265"/>
</round>
<round no="2"><cards type="Flop">S3 C10 SK</cards>
</round>
<round no="3"><cards type="Turn">H3</cards>
</round>
<round no="4"><cards type="River">D8</cards>
</round>
</game>
<game gamecode="6465993712"><general><startdate>2025-08-30 01:29:34</startdate>
<round>1</round>
<failsafecounter/>
<players><player seat="6" name="Rakki" chips="770" dealer="0" win="0" bet="45" muck="1" rebuy="0" addon="0" merge="0" rebuychips="0" reg_code="5056675190"/>
<player seat="10" name="Pannocchietta" chips="625" dealer="1" win="0" bet="625" muck="0" rebuy="0" addon="0" merge="0" rebuychips="0" reg_code="5056675209"/>
<player seat="3" name="OndaBianca1" chips="105" dealer="0" win="255" bet="105" muck="0" rebuy="0" addon="0" merge="0" rebuychips="0" reg_code="5056675184"/>
</players>
</general>
<round no="0"><action no="1" player="OndaBianca1" type="15" discard="1" dealt="1" sum="5"/>
<action no="2" player="Rakki" type="15" sum="5"/>
<action no="3" player="Pannocchietta" type="15" discard="1" dealt="1" sum="5"/>
<action no="4" player="OndaBianca1" type="1" discard="1" dealt="1" sum="20"/>
<action no="5" player="Rakki" type="2" sum="40"/>
</round>
<round no="1"><cards type="Pocket" player="Pannocchietta">DA C10</cards>
<cards type="Pocket" player="Rakki">D9 C8</cards>
<cards type="Pocket" player="OndaBianca1">D7 D6</cards>
<action no="6" player="Pannocchietta" type="23" discard="1" dealt="1" sum="620"/>
<action no="7" player="OndaBianca1" type="7" discard="1" dealt="1" sum="80"/>
<action no="8" player="Rakki" type="0" sum="0"/>
</round>
<round no="2"><cards type="Flop">H3 H8 C5</cards>
</round>
<round no="3"><cards type="Turn">H6</cards>
</round>
<round no="4"><cards type="River">D5</cards>
</round>
</game>
<game gamecode="6465993747"><general><startdate>2025-08-30 01:29:58</startdate>
<round>1</round>
<failsafecounter/>
<players><player seat="10" name="Pannocchietta" chips="520" dealer="0" win="0" bet="45" muck="1" rebuy="0" addon="0" merge="0" rebuychips="0" reg_code="5056675209"/>
<player seat="3" name="OndaBianca1" chips="255" dealer="1" win="0" bet="5" muck="1" rebuy="0" addon="0" merge="0" rebuychips="0" reg_code="5056675184"/>
<player seat="6" name="Rakki" chips="725" dealer="0" win="95" bet="725" muck="1" rebuy="0" addon="0" merge="0" rebuychips="0" reg_code="5056675190"/>
</players>
</general>
<round no="0"><action no="1" player="Rakki" type="15" sum="5"/>
<action no="2" player="Pannocchietta" type="15" discard="1" dealt="1" sum="5"/>
<action no="3" player="OndaBianca1" type="15" discard="1" dealt="1" sum="5"/>
<action no="4" player="Rakki" type="1" sum="20"/>
<action no="5" player="Pannocchietta" type="2" discard="1" dealt="1" sum="40"/>
</round>
<round no="1"><cards type="Pocket" player="Pannocchietta">X X</cards>
<cards type="Pocket" player="Rakki">C8 C10</cards>
<cards type="Pocket" player="OndaBianca1">X X</cards>
<action no="6" player="OndaBianca1" type="0" discard="1" dealt="1" sum="0"/>
<action no="7" player="Rakki" type="23" sum="720"/>
<action no="8" player="Pannocchietta" type="0" discard="1" dealt="1" sum="0"/>
</round>
</game>
<game gamecode="6465993770"><general><startdate>2025-08-30 01:30:15</startdate>
<round>1</round>
<failsafecounter/>
<players><player seat="3" name="OndaBianca1" chips="250" dealer="0" win="55" bet="45" muck="1" rebuy="0" addon="0" merge="0" rebuychips="0" reg_code="5056675184"/>
<player seat="6" name="Rakki" chips="775" dealer="1" win="0" bet="5" muck="1" rebuy="0" addon="0" merge="0" rebuychips="0" reg_code="5056675190"/>
<player seat="10" name="Pannocchietta" chips="475" dealer="0" win="0" bet="25" muck="1" rebuy="0" addon="0" merge="0" rebuychips="0" reg_code="5056675209"/>
</players>
</general>
<round no="0"><action no="1" player="Pannocchietta" type="15" discard="1" dealt="1" sum="5"/>
<action no="2" player="OndaBianca1" type="15" discard="1" dealt="1" sum="5"/>
<action no="3" player="Rakki" type="15" sum="5"/>
<action no="4" player="Pannocchietta" type="1" discard="1" dealt="1" sum="20"/>
<action no="5" player="OndaBianca1" type="2" discard="1" dealt="1" sum="40"/>
</round>
<round no="1"><cards type="Pocket" player="Rakki">DQ H5</cards>
<cards type="Pocket" player="OndaBianca1">X X</cards>
<cards type="Pocket" player="Pannocchietta">X X</cards>
<action no="6" player="Rakki" type="0" sum="0"/>
<action no="7" player="Pannocchietta" type="0" discard="1" dealt="1" sum="0"/>
</round>
</game>
<game gamecode="6465993784"><general><startdate>2025-08-30 01:30:25</startdate>
<round>1</round>
<failsafecounter/>
<players><player seat="6" name="Rakki" chips="770" dealer="0" win="0" bet="45" muck="1" rebuy="0" addon="0" merge="0" rebuychips="0" reg_code="5056675190"/>
<player seat="10" name="Pannocchietta" chips="450" dealer="1" win="0" bet="5" muck="1" rebuy="0" addon="0" merge="0" rebuychips="0" reg_code="5056675209"/>
<player seat="3" name="OndaBianca1" chips="280" dealer="0" win="95" bet="280" muck="1" rebuy="0" addon="0" merge="0" rebuychips="0" reg_code="5056675184"/>
</players>
</general>
<round no="0"><action no="1" player="OndaBianca1" type="15" discard="1" dealt="1" sum="5"/>
<action no="2" player="Rakki" type="15" sum="5"/>
<action no="3" player="Pannocchietta" type="15" discard="1" dealt="1" sum="5"/>
<action no="4" player="OndaBianca1" type="1" discard="1" dealt="1" sum="20"/>
<action no="5" player="Rakki" type="2" sum="40"/>
</round>
<round no="1"><cards type="Pocket" player="Rakki">S6 H8</cards>
<cards type="Pocket" player="Pannocchietta">X X</cards>
<cards type="Pocket" player="OndaBianca1">X X</cards>
<action no="6" player="Pannocchietta" type="0" discard="1" dealt="1" sum="0"/>
<action no="7" player="OndaBianca1" type="23" discard="1" dealt="1" sum="275"/>
<action no="8" player="Rakki" type="0" sum="0"/>
</round>
</game>
<game gamecode="6465993802"><general><startdate>2025-08-30 01:30:37</startdate>
<round>1</round>
<failsafecounter/>
<players><player seat="10" name="Pannocchietta" chips="445" dealer="0" win="55" bet="45" muck="1" rebuy="0" addon="0" merge="0" rebuychips="0" reg_code="5056675209"/>
<player seat="3" name="OndaBianca1" chips="330" dealer="1" win="0" bet="5" muck="1" rebuy="0" addon="0" merge="0" rebuychips="0" reg_code="5056675184"/>
<player seat="6" name="Rakki" chips="725" dealer="0" win="0" bet="25" muck="1" rebuy="0" addon="0" merge="0" rebuychips="0" reg_code="5056675190"/>
</players>
</general>
<round no="0"><action no="1" player="Rakki" type="15" sum="5"/>
<action no="2" player="Pannocchietta" type="15" discard="1" dealt="1" sum="5"/>
<action no="3" player="OndaBianca1" type="15" discard="1" dealt="1" sum="5"/>
<action no="4" player="Rakki" type="1" sum="20"/>
<action no="5" player="Pannocchietta" type="2" discard="1" dealt="1" sum="40"/>
</round>
<round no="1"><cards type="Pocket" player="Pannocchietta">X X</cards>
<cards type="Pocket" player="Rakki">D9 S4</cards>
<cards type="Pocket" player="OndaBianca1">X X</cards>
<action no="6" player="OndaBianca1" type="0" discard="1" dealt="1" sum="0"/>
<action no="7" player="Rakki" type="0" sum="0"/>
</round>
</game>
<game gamecode="6465993815"><general><startdate>2025-08-30 01:30:46</startdate>
<round>1</round>
<failsafecounter/>
<players><player seat="3" name="OndaBianca1" chips="325" dealer="0" win="0" bet="65" muck="1" rebuy="0" addon="0" merge="0" rebuychips="0" reg_code="5056675184"/>
<player seat="6" name="Rakki" chips="700" dealer="1" win="165" bet="700" muck="1" rebuy="0" addon="0" merge="0" rebuychips="0" reg_code="5056675190"/>
<player seat="10" name="Pannocchietta" chips="475" dealer="0" win="0" bet="35" muck="1" rebuy="0" addon="0" merge="0" rebuychips="0" reg_code="5056675209"/>
</players>
</general>
<round no="0"><action no="1" player="Pannocchietta" type="15" discard="1" dealt="1" sum="5"/>
<action no="2" player="OndaBianca1" type="15" discard="1" dealt="1" sum="5"/>
<action no="3" player="Rakki" type="15" sum="5"/>
<action no="4" player="Pannocchietta" type="1" discard="1" dealt="1" sum="30"/>
<action no="5" player="OndaBianca1" type="2" discard="1" dealt="1" sum="60"/>
</round>
<round no="1"><cards type="Pocket" player="Rakki">D8 HA</cards>
<cards type="Pocket" player="Pannocchietta">X X</cards>
<cards type="Pocket" player="OndaBianca1">X X</cards>
<action no="6" player="Rakki" type="23" sum="695"/>
<action no="7" player="Pannocchietta" type="0" discard="1" dealt="1" sum="0"/>
<action no="8" player="OndaBianca1" type="0" discard="1" dealt="1" sum="0"/>
</round>
</game>
<game gamecode="6465993830"><general><startdate>2025-08-30 01:30:57</startdate>
<round>1</round>
<failsafecounter/>
<players><player seat="6" name="Rakki" chips="800" dealer="0" win="915" bet="440" muck="0" rebuy="0" addon="0" merge="0" rebuychips="0" reg_code="5056675190"/>
<player seat="10" name="Pannocchietta" chips="440" dealer="1" win="0" bet="440" muck="0" rebuy="0" addon="0" merge="0" rebuychips="0" reg_code="5056675209"/>
<player seat="3" name="OndaBianca1" chips="260" dealer="0" win="0" bet="35" muck="1" rebuy="0" addon="0" merge="0" rebuychips="0" reg_code="5056675184"/>
</players>
</general>
<round no="0"><action no="1" player="OndaBianca1" type="15" discard="1" dealt="1" sum="5"/>
<action no="2" player="Rakki" type="15" sum="5"/>
<action no="3" player="Pannocchietta" type="15" discard="1" dealt="1" sum="5"/>
<action no="4" player="OndaBianca1" type="1" discard="1" dealt="1" sum="30"/>
<action no="5" player="Rakki" type="2" sum="60"/>
</round>
<round no="1"><cards type="Pocket" player="Pannocchietta">SK S6</cards>
<cards type="Pocket" player="Rakki">D8 DA</cards>
<cards type="Pocket" player="OndaBianca1">X X</cards>
<action no="6" player="Pannocchietta" type="23" discard="1" dealt="1" sum="435"/>
<action no="7" player="OndaBianca1" type="0" discard="1" dealt="1" sum="0"/>
<action no="8" player="Rakki" type="3" sum="375"/>
</round>
<round no="2"><cards type="Flop">H9 CQ S3</cards>
</round>
<round no="3"><cards type="Turn">D7</cards>
</round>
<round no="4"><cards type="River">H5</cards>
</round>
</game>
<game gamecode="6465993860"><general><startdate>2025-08-30 01:31:17</startdate>
<round>1</round>
<failsafecounter/>
<players><player seat="6" name="Rakki" chips="1,275" dealer="0" win="450" bet="225" muck="0" rebuy="0" addon="0" merge="0" rebuychips="0" reg_code="5056675190"/>
<player seat="3" name="OndaBianca1" chips="225" dealer="1" win="0" bet="225" muck="0" rebuy="0" addon="0" merge="0" rebuychips="0" reg_code="5056675184"/>
</players>
</general>
<round no="0"><action no="1" player="OndaBianca1" type="15" discard="1" dealt="1" sum="5"/>
<action no="2" player="Rakki" type="15" sum="5"/>
<action no="3" player="OndaBianca1" type="1" discard="1" dealt="1" sum="30"/>
<action no="4" player="Rakki" type="2" sum="60"/>
</round>
<round no="1"><cards type="Pocket" player="Rakki">C9 DQ</cards>
<cards type="Pocket" player="OndaBianca1">S5 CK</cards>
<action no="5" player="OndaBianca1" type="23" discard="1" dealt="1" sum="220"/>
<action no="6" player="Rakki" type="3" sum="160"/>
</round>
<round no="2"><cards type="Flop">CA D8 S2</cards>
</round>
<round no="3"><cards type="Turn">H10</cards>
</round>
<round no="4"><cards type="River">H9</cards>
</round>
</game>
</session>
