<?xml version="1.0" encoding="UTF-8"?>
<session sessioncode="5056375773">
<general>
<client_version>25.1.1.16</client_version>
<mode>real</mode>
<gametype>Holdem NL</gametype>
<tablename>Twister €100 SNG, 816650963</tablename>
<tournamentcode>816650962</tournamentcode>
<tournamentname>Twister €100 SNG</tournamentname>
<buyin>€0 + €7 + €93</buyin>
<totalbuyin>€100</totalbuyin>
<rewarddrawn>€200</rewarddrawn>
<tournamentcurrency>EUR</tournamentcurrency>
<currency>EUR</currency>
<nickname>Rakki</nickname>
<gamecount>4</gamecount>
<startdate>2025-08-28 15:51:40</startdate>
<place>1</place>
<win>€200</win>
<tablesize>3</tablesize>
</general>
<game gamecode="6464780506"><general><startdate>2025-08-28 15:51:55</startdate>
<round>1</round>
<failsafecounter/>
<players><player seat="10" name="europeanchampion" chips="500" dealer="0" win="160" bet="80" muck="0" rebuy="0" addon="0" merge="0" rebuychips="0" reg_code="5056376393"/>
<player seat="3" name="Rakki" chips="500" dealer="1" win="0" bet="0" muck="1" rebuy="0" addon="0" merge="0" rebuychips="0" reg_code="5056375773"/>
<player seat="6" name="LolloCausto" chips="500" dealer="0" win="0" bet="80" muck="1" rebuy="0" addon="0" merge="0" rebuychips="0" reg_code="5056376138"/>
</players>
</general>
<round no="0"><action no="1" player="LolloCausto" type="1" discard="1" dealt="1" sum="10"/>
<action no="2" player="europeanchampion" type="2" discard="1" dealt="1" sum="20"/>
</round>
<round no="1"><cards type="Pocket" player="LolloCausto">C9 S9</cards>
<cards type="Pocket" player="europeanchampion">DJ S3</cards>
<cards type="Pocket" player="Rakki">H5 S7</cards>
<action no="3" player="Rakki" type="0" sum="0"/>
<action no="4" player="LolloCausto" type="3" discard="1" dealt="1" sum="10"/>
<action no="5" player="europeanchampion" type="4" discard="1" dealt="1" sum="0"/>
</round>
<round no="2"><cards type="Flop">SJ CQ C4</cards>
<action no="6" player="LolloCausto" type="5" discard="1" dealt="1" sum="20"/>
<action no="7" player="europeanchampion" type="3" discard="1" dealt="1" sum="20"/>
</round>
<round no="3"><cards type="Turn">D6</cards>
<action no="8" player="LolloCausto" type="4" discard="1" dealt="1" sum="0"/>
<action no="9" player="europeanchampion" type="4" discard="1" dealt="1" sum="0"/>
</round>
<round no="4"><cards type="River">HA</cards>
<action no="10" player="LolloCausto" type="4" discard="1" dealt="1" sum="0"/>
<action no="11" player="europeanchampion" type="5" discard="1" dealt="1" sum="40"/>
<action no="12" player="LolloCausto" type="3" discard="1" dealt="1" sum="40"/>
</round>
</game>
<game gamecode="6464780537"><general><startdate>2025-08-28 15:52:20</startdate>
<round>1</round>
<failsafecounter/>
<players><player seat="3" name="Rakki" chips="500" dealer="0" win="400" bet="200" muck="0" rebuy="0" addon="0" merge="0" rebuychips="0" reg_code="5056375773"/>
<player seat="6" name="LolloCausto" chips="420" dealer="1" win="0" bet="0" muck="1" rebuy="0" addon="0" merge="0" rebuychips="0" reg_code="5056376138"/>
<player seat="10" name="europeanchampion" chips="580" dealer="0" win="0" bet="200" muck="0" rebuy="0" addon="0" merge="0" rebuychips="0" reg_code="5056376393"/>
</players>
</general>
<round no="0"><action no="1" player="europeanchampion" type="1" discard="1" dealt="1" sum="10"/>
<action no="2" player="Rakki" type="2" sum="20"/>
</round>
<round no="1"><cards type="Pocket" player="europeanchampion">CQ C4</cards>
<cards type="Pocket" player="Rakki">H7 CA</cards>
<cards type="Pocket" player="LolloCausto">X X</cards>
<action no="3" player="LolloCausto" type="0" discard="1" dealt="1" sum="0"/>
<action no="4" player="europeanchampion" type="3" discard="1" dealt="1" sum="10"/>
<action no="5" player="Rakki" type="23" sum="60"/>
<action no="6" player="europeanchampion" type="3" discard="1" dealt="1" sum="40"/>
</round>
<round no="2"><cards type="Flop">S3 CJ D5</cards>
<action no="7" player="europeanchampion" type="4" discard="1" dealt="1" sum="0"/>
<action no="8" player="Rakki" type="4" sum="0"/>
</round>
<round no="3"><cards type="Turn">HJ</cards>
<action no="9" player="europeanchampion" type="5" discard="1" dealt="1" sum="40"/>
<action no="10" player="Rakki" type="3" sum="40"/>
</round>
<round no="4"><cards type="River">HK</cards>
<action no="11" player="europeanchampion" type="5" discard="1" dealt="1" sum="100"/>
<action no="12" player="Rakki" type="3" sum="100"/>
</round>
</game>
<game gamecode="6464780551"><general><startdate>2025-08-28 15:52:41</startdate>
<round>1</round>
<failsafecounter/>
<players><player seat="6" name="LolloCausto" chips="420" dealer="0" win="170" bet="80" muck="0" rebuy="0" addon="0" merge="0" rebuychips="0" reg_code="5056376138"/>
<player seat="10" name="europeanchampion" chips="380" dealer="1" win="0" bet="80" muck="0" rebuy="0" addon="0" merge="0" rebuychips="0" reg_code="5056376393"/>
<player seat="3" name="Rakki" chips="700" dealer="0" win="0" bet="10" muck="1" rebuy="0" addon="0" merge="0" rebuychips="0" reg_code="5056375773"/>
</players>
</general>
<round no="0"><action no="1" player="Rakki" type="1" sum="10"/>
<action no="2" player="LolloCausto" type="2" discard="1" dealt="1" sum="20"/>
</round>
<round no="1"><cards type="Pocket" player="Rakki">C10 H6</cards>
<cards type="Pocket" player="europeanchampion">SK C9</cards>
<cards type="Pocket" player="LolloCausto">C8 CJ</cards>
<action no="3" player="europeanchampion" type="23" discard="1" dealt="1" sum="40"/>
<action no="4" player="Rakki" type="0" sum="0"/>
<action no="5" player="LolloCausto" type="3" discard="1" dealt="1" sum="20"/>
</round>
<round no="2"><cards type="Flop">C2 S9 DJ</cards>
<action no="6" player="LolloCausto" type="4" discard="1" dealt="1" sum="0"/>
<action no="7" player="europeanchampion" type="4" discard="1" dealt="1" sum="0"/>
</round>
<round no="3"><cards type="Turn">DA</cards>
<action no="8" player="LolloCausto" type="4" discard="1" dealt="1" sum="0"/>
<action no="9" player="europeanchampion" type="5" discard="1" dealt="1" sum="20"/>
<action no="10" player="LolloCausto" type="3" discard="1" dealt="1" sum="20"/>
</round>
<round no="4"><cards type="River">D2</cards>
<action no="11" player="LolloCausto" type="4" discard="1" dealt="1" sum="0"/>
<action no="12" player="europeanchampion" type="5" discard="1" dealt="1" sum="20"/>
<action no="13" player="LolloCausto" type="3" discard="1" dealt="1" sum="20"/>
</round>
</game>
<game gamecode="6464780569"><general><startdate>2025-08-28 15:53:00</startdate>
<round>1</round>
<failsafecounter/>
<players><player seat="10" name="europeanchampion" chips="300" dealer="0" win="0" bet="300" muck="0" rebuy="0" addon="0" merge="0" rebuychips="0" reg_code="5056376393"/>
<player seat="3" name="Rakki" chips="690" dealer="1" win="1,320" bet="510" muck="0" rebuy="0" addon="0" merge="0" rebuychips="0" reg_code="5056375773"/>
<player seat="6" name="LolloCausto" chips="510" dealer="0" win="0" bet="510" muck="1" rebuy="0" addon="0" merge="0" rebuychips="0" reg_code="5056376138"/>
</players>
</general>
<round no="0"><action no="1" player="LolloCausto" type="1" discard="1" dealt="1" sum="10"/>
<action no="2" player="europeanchampion" type="2" discard="1" dealt="1" sum="20"/>
</round>
<round no="1"><cards type="Pocket" player="LolloCausto">DA SQ</cards>
<cards type="Pocket" player="europeanchampion">D8 H8</cards>
<cards type="Pocket" player="Rakki">C5 D5</cards>
<action no="3" player="Rakki" type="23" sum="40"/>
<action no="4" player="LolloCausto" type="23" discard="1" dealt="1" sum="510"/>
<action no="5" player="europeanchampion" type="7" discard="1" dealt="1" sum="280"/>
<action no="6" player="Rakki" type="3" sum="470"/>
</round>
<round no="2"><cards type="Flop">H5 H4 HQ</cards>
</round>
<round no="3"><cards type="Turn">C2</cards>
</round>
<round no="4"><cards type="River">D4</cards>
</round>
</game>
</session>
