<?xml version="1.0" encoding="UTF-8"?>
<session sessioncode="5056365890">
<general>
<client_version>25.1.1.16</client_version>
<mode>real</mode>
<gametype>Holdem NL</gametype>
<tablename>Twister €200 SNG, 816648798</tablename>
<tournamentcode>816648797</tournamentcode>
<tournamentname>Twister €200 SNG</tournamentname>
<buyin>€0 + €12 + €188</buyin>
<totalbuyin>€200</totalbuyin>
<rewarddrawn>€400</rewarddrawn>
<tournamentcurrency>EUR</tournamentcurrency>
<currency>EUR</currency>
<nickname>Rakki</nickname>
<gamecount>31</gamecount>
<startdate>2025-08-28 14:52:16</startdate>
<place>2</place>
<win>€0</win>
<tablesize>3</tablesize>
</general>
<game gamecode="6464737672"><general><startdate>2025-08-28 14:52:32</startdate>
<round>1</round>
<failsafecounter/>
<players><player seat="3" name="deIduKA" chips="500" dealer="0" win="0" bet="20" muck="1" rebuy="0" addon="0" merge="0" rebuychips="0" reg_code="5056365274"/>
<player seat="6" name="Exivezzz2323" chips="500" dealer="1" win="0" bet="0" muck="1" rebuy="0" addon="0" merge="0" rebuychips="0" reg_code="5056365402"/>
<player seat="10" name="Rakki" chips="500" dealer="0" win="40" bet="60" muck="1" rebuy="0" addon="0" merge="0" rebuychips="0" reg_code="5056365890"/>
</players>
</general>
<round no="0"><action no="1" player="Rakki" type="1" sum="10"/>
<action no="2" player="deIduKA" type="2" discard="1" dealt="1" sum="20"/>
</round>
<round no="1"><cards type="Pocket" player="deIduKA">X X</cards>
<cards type="Pocket" player="Rakki">D9 HA</cards>
<cards type="Pocket" player="Exivezzz2323">X X</cards>
<action no="3" player="Exivezzz2323" type="0" discard="1" dealt="1" sum="0"/>
<action no="4" player="Rakki" type="23" sum="60"/>
<action no="5" player="deIduKA" type="0" discard="1" dealt="1" sum="0"/>
</round>
</game>
<game gamecode="6464737698"><general><startdate>2025-08-28 14:52:43</startdate>
<round>1</round>
<failsafecounter/>
<players><player seat="6" name="Exivezzz2323" chips="500" dealer="0" win="80" bet="120" muck="1" rebuy="0" addon="0" merge="0" rebuychips="0" reg_code="5056365402"/>
<player seat="10" name="Rakki" chips="520" dealer="1" win="0" bet="0" muck="1" rebuy="0" addon="0" merge="0" rebuychips="0" reg_code="5056365890"/>
<player seat="3" name="deIduKA" chips="480" dealer="0" win="0" bet="40" muck="1" rebuy="0" addon="0" merge="0" rebuychips="0" reg_code="5056365274"/>
</players>
</general>
<round no="0"><action no="1" player="deIduKA" type="1" discard="1" dealt="1" sum="10"/>
<action no="2" player="Exivezzz2323" type="2" discard="1" dealt="1" sum="20"/>
</round>
<round no="1"><cards type="Pocket" player="deIduKA">X X</cards>
<cards type="Pocket" player="Rakki">C8 D7</cards>
<cards type="Pocket" player="Exivezzz2323">X X</cards>
<action no="3" player="Rakki" type="0" sum="0"/>
<action no="4" player="deIduKA" type="3" discard="1" dealt="1" sum="10"/>
<action no="5" player="Exivezzz2323" type="4" discard="1" dealt="1" sum="0"/>
</round>
<round no="2"><cards type="Flop">C7 S4 S3</cards>
<action no="6" player="deIduKA" type="5" discard="1" dealt="1" sum="20"/>
<action no="7" player="Exivezzz2323" type="3" discard="1" dealt="1" sum="20"/>
</round>
<round no="3"><cards type="Turn">S6</cards>
<action no="8" player="deIduKA" type="4" discard="1" dealt="1" sum="0"/>
<action no="9" player="Exivezzz2323" type="4" discard="1" dealt="1" sum="0"/>
</round>
<round no="4"><cards type="River">C5</cards>
<action no="10" player="deIduKA" type="4" discard="1" dealt="1" sum="0"/>
<action no="11" player="Exivezzz2323" type="5" discard="1" dealt="1" sum="80"/>
<action no="12" player="deIduKA" type="0" discard="1" dealt="1" sum="0"/>
</round>
</game>
<game gamecode="6464737749"><general><startdate>2025-08-28 14:53:12</startdate>
<round>1</round>
<failsafecounter/>
<players><player seat="10" name="Rakki" chips="520" dealer="0" win="0" bet="20" muck="1" rebuy="0" addon="0" merge="0" rebuychips="0" reg_code="5056365890"/>
<player seat="3" name="deIduKA" chips="440" dealer="1" win="50" bet="40" muck="1" rebuy="0" addon="0" merge="0" rebuychips="0" reg_code="5056365274"/>
<player seat="6" name="Exivezzz2323" chips="540" dealer="0" win="0" bet="10" muck="1" rebuy="0" addon="0" merge="0" rebuychips="0" reg_code="5056365402"/>
</players>
</general>
<round no="0"><action no="1" player="Exivezzz2323" type="1" discard="1" dealt="1" sum="10"/>
<action no="2" player="Rakki" type="2" sum="20"/>
</round>
<round no="1"><cards type="Pocket" player="Exivezzz2323">X X</cards>
<cards type="Pocket" player="Rakki">D10 H5</cards>
<cards type="Pocket" player="deIduKA">X X</cards>
<action no="3" player="deIduKA" type="23" discard="1" dealt="1" sum="40"/>
<action no="4" player="Exivezzz2323" type="0" discard="1" dealt="1" sum="0"/>
<action no="5" player="Rakki" type="0" sum="0"/>
</round>
</game>
<game gamecode="6464737762"><general><startdate>2025-08-28 14:53:20</startdate>
<round>1</round>
<failsafecounter/>
<players><player seat="3" name="deIduKA" chips="470" dealer="0" win="0" bet="40" muck="1" rebuy="0" addon="0" merge="0" rebuychips="0" reg_code="5056365274"/>
<player seat="6" name="Exivezzz2323" chips="530" dealer="1" win="90" bet="67" muck="1" rebuy="0" addon="0" merge="0" rebuychips="0" reg_code="5056365402"/>
<player seat="10" name="Rakki" chips="500" dealer="0" win="0" bet="10" muck="1" rebuy="0" addon="0" merge="0" rebuychips="0" reg_code="5056365890"/>
</players>
</general>
<round no="0"><action no="1" player="Rakki" type="1" sum="10"/>
<action no="2" player="deIduKA" type="2" discard="1" dealt="1" sum="20"/>
</round>
<round no="1"><cards type="Pocket" player="Exivezzz2323">X X</cards>
<cards type="Pocket" player="Rakki">DK S6</cards>
<cards type="Pocket" player="deIduKA">X X</cards>
<action no="3" player="Exivezzz2323" type="23" discard="1" dealt="1" sum="40"/>
<action no="4" player="Rakki" type="0" sum="0"/>
<action no="5" player="deIduKA" type="3" discard="1" dealt="1" sum="20"/>
</round>
<round no="2"><cards type="Flop">C9 S7 H9</cards>
<action no="6" player="deIduKA" type="4" discard="1" dealt="1" sum="0"/>
<action no="7" player="Exivezzz2323" type="4" discard="1" dealt="1" sum="0"/>
</round>
<round no="3"><cards type="Turn">H7</cards>
<action no="8" player="deIduKA" type="4" discard="1" dealt="1" sum="0"/>
<action no="9" player="Exivezzz2323" type="5" discard="1" dealt="1" sum="27"/>
<action no="10" player="deIduKA" type="0" discard="1" dealt="1" sum="0"/>
</round>
</game>
<game gamecode="6464737818"><general><startdate>2025-08-28 14:53:50</startdate>
<round>1</round>
<failsafecounter/>
<players><player seat="6" name="Exivezzz2323" chips="580" dealer="0" win="40" bet="580" muck="1" rebuy="0" addon="0" merge="0" rebuychips="0" reg_code="5056365402"/>
<player seat="10" name="Rakki" chips="490" dealer="1" win="0" bet="0" muck="1" rebuy="0" addon="0" merge="0" rebuychips="0" reg_code="5056365890"/>
<player seat="3" name="deIduKA" chips="430" dealer="0" win="0" bet="20" muck="1" rebuy="0" addon="0" merge="0" rebuychips="0" reg_code="5056365274"/>
</players>
</general>
<round no="0"><action no="1" player="deIduKA" type="1" discard="1" dealt="1" sum="10"/>
<action no="2" player="Exivezzz2323" type="2" discard="1" dealt="1" sum="20"/>
</round>
<round no="1"><cards type="Pocket" player="Exivezzz2323">X X</cards>
<cards type="Pocket" player="deIduKA">X X</cards>
<cards type="Pocket" player="Rakki">D2 CQ</cards>
<action no="3" player="Rakki" type="0" sum="0"/>
<action no="4" player="deIduKA" type="3" discard="1" dealt="1" sum="10"/>
<action no="5" player="Exivezzz2323" type="23" discard="1" dealt="1" sum="580"/>
<action no="6" player="deIduKA" type="0" discard="1" dealt="1" sum="0"/>
</round>
</game>
<game gamecode="6464737843"><general><startdate>2025-08-28 14:54:06</startdate>
<round>1</round>
<failsafecounter/>
<players><player seat="10" name="Rakki" chips="490" dealer="0" win="40" bet="40" muck="1" rebuy="0" addon="0" merge="0" rebuychips="0" reg_code="5056365890"/>
<player seat="3" name="deIduKA" chips="410" dealer="1" win="0" bet="0" muck="1" rebuy="0" addon="0" merge="0" rebuychips="0" reg_code="5056365274"/>
<player seat="6" name="Exivezzz2323" chips="600" dealer="0" win="0" bet="20" muck="1" rebuy="0" addon="0" merge="0" rebuychips="0" reg_code="5056365402"/>
</players>
</general>
<round no="0"><action no="1" player="Exivezzz2323" type="1" discard="1" dealt="1" sum="10"/>
<action no="2" player="Rakki" type="2" sum="20"/>
</round>
<round no="1"><cards type="Pocket" player="Rakki">C4 H8</cards>
<cards type="Pocket" player="deIduKA">X X</cards>
<cards type="Pocket" player="Exivezzz2323">X X</cards>
<action no="3" player="deIduKA" type="0" discard="1" dealt="1" sum="0"/>
<action no="4" player="Exivezzz2323" type="3" discard="1" dealt="1" sum="10"/>
<action no="5" player="Rakki" type="4" sum="0"/>
</round>
<round no="2"><cards type="Flop">C9 CQ C3</cards>
<action no="6" player="Exivezzz2323" type="4" discard="1" dealt="1" sum="0"/>
<action no="7" player="Rakki" type="4" sum="0"/>
</round>
<round no="3"><cards type="Turn">C8</cards>
<action no="8" player="Exivezzz2323" type="4" discard="1" dealt="1" sum="0"/>
<action no="9" player="Rakki" type="4" sum="0"/>
</round>
<round no="4"><cards type="River">S5</cards>
<action no="10" player="Exivezzz2323" type="4" discard="1" dealt="1" sum="0"/>
<action no="11" player="Rakki" type="5" sum="20"/>
<action no="12" player="Exivezzz2323" type="0" discard="1" dealt="1" sum="0"/>
</round>
</game>
<game gamecode="6464737913"><general><startdate>2025-08-28 14:54:47</startdate>
<round>1</round>
<failsafecounter/>
<players><player seat="3" name="deIduKA" chips="410" dealer="0" win="840" bet="410" muck="0" rebuy="0" addon="0" merge="0" rebuychips="0" reg_code="5056365274"/>
<player seat="6" name="Exivezzz2323" chips="580" dealer="1" win="0" bet="410" muck="1" rebuy="0" addon="0" merge="0" rebuychips="0" reg_code="5056365402"/>
<player seat="10" name="Rakki" chips="510" dealer="0" win="0" bet="20" muck="1" rebuy="0" addon="0" merge="0" rebuychips="0" reg_code="5056365890"/>
</players>
</general>
<round no="0"><action no="1" player="Rakki" type="15" sum="5"/>
<action no="2" player="deIduKA" type="15" discard="1" dealt="1" sum="5"/>
<action no="3" player="Exivezzz2323" type="15" discard="1" dealt="1" sum="5"/>
<action no="4" player="Rakki" type="1" sum="15"/>
<action no="5" player="deIduKA" type="2" discard="1" dealt="1" sum="30"/>
</round>
<round no="1"><cards type="Pocket" player="Rakki">D3 H8</cards>
<cards type="Pocket" player="Exivezzz2323">DK SQ</cards>
<cards type="Pocket" player="deIduKA">CA HA</cards>
<action no="6" player="Exivezzz2323" type="23" discard="1" dealt="1" sum="60"/>
<action no="7" player="Rakki" type="0" sum="0"/>
<action no="8" player="deIduKA" type="3" discard="1" dealt="1" sum="30"/>
</round>
<round no="2"><cards type="Flop">CK C3 H9</cards>
<action no="9" player="deIduKA" type="4" discard="1" dealt="1" sum="0"/>
<action no="10" player="Exivezzz2323" type="5" discard="1" dealt="1" sum="45"/>
<action no="11" player="deIduKA" type="3" discard="1" dealt="1" sum="45"/>
</round>
<round no="3"><cards type="Turn">H10</cards>
<action no="12" player="deIduKA" type="4" discard="1" dealt="1" sum="0"/>
<action no="13" player="Exivezzz2323" type="5" discard="1" dealt="1" sum="150"/>
<action no="14" player="deIduKA" type="7" discard="1" dealt="1" sum="300"/>
<action no="15" player="Exivezzz2323" type="3" discard="1" dealt="1" sum="150"/>
</round>
<round no="4"><cards type="River">H2</cards>
</round>
</game>
<game gamecode="6464738001"><general><startdate>2025-08-28 14:55:32</startdate>
<round>1</round>
<failsafecounter/>
<players><player seat="6" name="Exivezzz2323" chips="170" dealer="0" win="0" bet="35" muck="1" rebuy="0" addon="0" merge="0" rebuychips="0" reg_code="5056365402"/>
<player seat="10" name="Rakki" chips="490" dealer="1" win="0" bet="5" muck="1" rebuy="0" addon="0" merge="0" rebuychips="0" reg_code="5056365890"/>
<player seat="3" name="deIduKA" chips="840" dealer="0" win="75" bet="840" muck="1" rebuy="0" addon="0" merge="0" rebuychips="0" reg_code="5056365274"/>
</players>
</general>
<round no="0"><action no="1" player="deIduKA" type="15" discard="1" dealt="1" sum="5"/>
<action no="2" player="Exivezzz2323" type="15" discard="1" dealt="1" sum="5"/>
<action no="3" player="Rakki" type="15" sum="5"/>
<action no="4" player="deIduKA" type="1" discard="1" dealt="1" sum="15"/>
<action no="5" player="Exivezzz2323" type="2" discard="1" dealt="1" sum="30"/>
</round>
<round no="1"><cards type="Pocket" player="deIduKA">X X</cards>
<cards type="Pocket" player="Rakki">H3 C9</cards>
<cards type="Pocket" player="Exivezzz2323">X X</cards>
<action no="6" player="Rakki" type="0" sum="0"/>
<action no="7" player="deIduKA" type="23" discard="1" dealt="1" sum="835"/>
<action no="8" player="Exivezzz2323" type="0" discard="1" dealt="1" sum="0"/>
</round>
</game>
<game gamecode="6464738029"><general><startdate>2025-08-28 14:55:46</startdate>
<round>1</round>
<failsafecounter/>
<players><player seat="10" name="Rakki" chips="485" dealer="0" win="990" bet="485" muck="0" rebuy="0" addon="0" merge="0" rebuychips="0" reg_code="5056365890"/>
<player seat="3" name="deIduKA" chips="880" dealer="1" win="0" bet="880" muck="1" rebuy="0" addon="0" merge="0" rebuychips="0" reg_code="5056365274"/>
<player seat="6" name="Exivezzz2323" chips="135" dealer="0" win="0" bet="20" muck="1" rebuy="0" addon="0" merge="0" rebuychips="0" reg_code="5056365402"/>
</players>
</general>
<round no="0"><action no="1" player="Exivezzz2323" type="15" discard="1" dealt="1" sum="5"/>
<action no="2" player="Rakki" type="15" sum="5"/>
<action no="3" player="deIduKA" type="15" discard="1" dealt="1" sum="5"/>
<action no="4" player="Exivezzz2323" type="1" discard="1" dealt="1" sum="15"/>
<action no="5" player="Rakki" type="2" sum="30"/>
</round>
<round no="1"><cards type="Pocket" player="Rakki">H7 D7</cards>
<cards type="Pocket" player="Exivezzz2323">X X</cards>
<cards type="Pocket" player="deIduKA">SQ HJ</cards>
<action no="6" player="deIduKA" type="23" discard="1" dealt="1" sum="875"/>
<action no="7" player="Exivezzz2323" type="0" discard="1" dealt="1" sum="0"/>
<action no="8" player="Rakki" type="7" sum="450"/>
</round>
<round no="2"><cards type="Flop">H5 SA C3</cards>
</round>
<round no="3"><cards type="Turn">C9</cards>
</round>
<round no="4"><cards type="River">S7</cards>
</round>
</game>
<game gamecode="6464738074"><general><startdate>2025-08-28 14:56:10</startdate>
<round>1</round>
<failsafecounter/>
<players><player seat="3" name="deIduKA" chips="395" dealer="0" win="0" bet="115" muck="1" rebuy="0" addon="0" merge="0" rebuychips="0" reg_code="5056365274"/>
<player seat="6" name="Exivezzz2323" chips="115" dealer="1" win="255" bet="115" muck="0" rebuy="0" addon="0" merge="0" rebuychips="0" reg_code="5056365402"/>
<player seat="10" name="Rakki" chips="990" dealer="0" win="0" bet="25" muck="1" rebuy="0" addon="0" merge="0" rebuychips="0" reg_code="5056365890"/>
</players>
</general>
<round no="0"><action no="1" player="Rakki" type="15" sum="5"/>
<action no="2" player="deIduKA" type="15" discard="1" dealt="1" sum="5"/>
<action no="3" player="Exivezzz2323" type="15" discard="1" dealt="1" sum="5"/>
<action no="4" player="Rakki" type="1" sum="20"/>
<action no="5" player="deIduKA" type="2" discard="1" dealt="1" sum="40"/>
</round>
<round no="1"><cards type="Pocket" player="Rakki">HK D5</cards>
<cards type="Pocket" player="deIduKA">C6 D10</cards>
<cards type="Pocket" player="Exivezzz2323">SA H10</cards>
<action no="6" player="Exivezzz2323" type="23" discard="1" dealt="1" sum="110"/>
<action no="7" player="Rakki" type="0" sum="0"/>
<action no="8" player="deIduKA" type="3" discard="1" dealt="1" sum="70"/>
</round>
<round no="2"><cards type="Flop">S3 H5 C9</cards>
</round>
<round no="3"><cards type="Turn">C3</cards>
</round>
<round no="4"><cards type="River">S7</cards>
</round>
</game>
<game gamecode="6464738104"><general><startdate>2025-08-28 14:56:30</startdate>
<round>1</round>
<failsafecounter/>
<players><player seat="6" name="Exivezzz2323" chips="255" dealer="0" win="0" bet="45" muck="1" rebuy="0" addon="0" merge="0" rebuychips="0" reg_code="5056365402"/>
<player seat="10" name="Rakki" chips="965" dealer="1" win="0" bet="5" muck="1" rebuy="0" addon="0" merge="0" rebuychips="0" reg_code="5056365890"/>
<player seat="3" name="deIduKA" chips="280" dealer="0" win="95" bet="280" muck="1" rebuy="0" addon="0" merge="0" rebuychips="0" reg_code="5056365274"/>
</players>
</general>
<round no="0"><action no="1" player="deIduKA" type="15" discard="1" dealt="1" sum="5"/>
<action no="2" player="Exivezzz2323" type="15" discard="1" dealt="1" sum="5"/>
<action no="3" player="Rakki" type="15" sum="5"/>
<action no="4" player="deIduKA" type="1" discard="1" dealt="1" sum="20"/>
<action no="5" player="Exivezzz2323" type="2" discard="1" dealt="1" sum="40"/>
</round>
<round no="1"><cards type="Pocket" player="Exivezzz2323">X X</cards>
<cards type="Pocket" player="Rakki">D6 H8</cards>
<cards type="Pocket" player="deIduKA">X X</cards>
<action no="6" player="Rakki" type="0" sum="0"/>
<action no="7" player="deIduKA" type="23" discard="1" dealt="1" sum="275"/>
<action no="8" player="Exivezzz2323" type="0" discard="1" dealt="1" sum="0"/>
</round>
</game>
<game gamecode="6464738120"><general><startdate>2025-08-28 14:56:40</startdate>
<round>1</round>
<failsafecounter/>
<players><player seat="10" name="Rakki" chips="960" dealer="0" win="0" bet="45" muck="1" rebuy="0" addon="0" merge="0" rebuychips="0" reg_code="5056365890"/>
<player seat="3" name="deIduKA" chips="330" dealer="1" win="0" bet="5" muck="1" rebuy="0" addon="0" merge="0" rebuychips="0" reg_code="5056365274"/>
<player seat="6" name="Exivezzz2323" chips="210" dealer="0" win="95" bet="210" muck="1" rebuy="0" addon="0" merge="0" rebuychips="0" reg_code="5056365402"/>
</players>
</general>
<round no="0"><action no="1" player="Exivezzz2323" type="15" discard="1" dealt="1" sum="5"/>
<action no="2" player="Rakki" type="15" sum="5"/>
<action no="3" player="deIduKA" type="15" discard="1" dealt="1" sum="5"/>
<action no="4" player="Exivezzz2323" type="1" discard="1" dealt="1" sum="20"/>
<action no="5" player="Rakki" type="2" sum="40"/>
</round>
<round no="1"><cards type="Pocket" player="deIduKA">X X</cards>
<cards type="Pocket" player="Rakki">C8 D2</cards>
<cards type="Pocket" player="Exivezzz2323">X X</cards>
<action no="6" player="deIduKA" type="0" discard="1" dealt="1" sum="0"/>
<action no="7" player="Exivezzz2323" type="23" discard="1" dealt="1" sum="205"/>
<action no="8" player="Rakki" type="0" sum="0"/>
</round>
</game>
<game gamecode="6464738162"><general><startdate>2025-08-28 14:56:59</startdate>
<round>1</round>
<failsafecounter/>
<players><player seat="3" name="deIduKA" chips="325" dealer="0" win="55" bet="45" muck="1" rebuy="0" addon="0" merge="0" rebuychips="0" reg_code="5056365274"/>
<player seat="6" name="Exivezzz2323" chips="260" dealer="1" win="0" bet="5" muck="1" rebuy="0" addon="0" merge="0" rebuychips="0" reg_code="5056365402"/>
<player seat="10" name="Rakki" chips="915" dealer="0" win="0" bet="25" muck="1" rebuy="0" addon="0" merge="0" rebuychips="0" reg_code="5056365890"/>
</players>
</general>
<round no="0"><action no="1" player="Rakki" type="15" sum="5"/>
<action no="2" player="deIduKA" type="15" discard="1" dealt="1" sum="5"/>
<action no="3" player="Exivezzz2323" type="15" discard="1" dealt="1" sum="5"/>
<action no="4" player="Rakki" type="1" sum="20"/>
<action no="5" player="deIduKA" type="2" discard="1" dealt="1" sum="40"/>
</round>
<round no="1"><cards type="Pocket" player="Rakki">S2 D10</cards>
<cards type="Pocket" player="deIduKA">X X</cards>
<cards type="Pocket" player="Exivezzz2323">X X</cards>
<action no="6" player="Exivezzz2323" type="0" discard="1" dealt="1" sum="0"/>
<action no="7" player="Rakki" type="0" sum="0"/>
</round>
</game>
<game gamecode="6464738180"><general><startdate>2025-08-28 14:57:07</startdate>
<round>1</round>
<failsafecounter/>
<players><player seat="6" name="Exivezzz2323" chips="255" dealer="0" win="0" bet="45" muck="1" rebuy="0" addon="0" merge="0" rebuychips="0" reg_code="5056365402"/>
<player seat="10" name="Rakki" chips="890" dealer="1" win="0" bet="5" muck="1" rebuy="0" addon="0" merge="0" rebuychips="0" reg_code="5056365890"/>
<player seat="3" name="deIduKA" chips="355" dealer="0" win="95" bet="355" muck="1" rebuy="0" addon="0" merge="0" rebuychips="0" reg_code="5056365274"/>
</players>
</general>
<round no="0"><action no="1" player="deIduKA" type="15" discard="1" dealt="1" sum="5"/>
<action no="2" player="Exivezzz2323" type="15" discard="1" dealt="1" sum="5"/>
<action no="3" player="Rakki" type="15" sum="5"/>
<action no="4" player="deIduKA" type="1" discard="1" dealt="1" sum="20"/>
<action no="5" player="Exivezzz2323" type="2" discard="1" dealt="1" sum="40"/>
</round>
<round no="1"><cards type="Pocket" player="Exivezzz2323">X X</cards>
<cards type="Pocket" player="Rakki">C3 DJ</cards>
<cards type="Pocket" player="deIduKA">X X</cards>
<action no="6" player="Rakki" type="0" sum="0"/>
<action no="7" player="deIduKA" type="23" discard="1" dealt="1" sum="350"/>
<action no="8" player="Exivezzz2323" type="0" discard="1" dealt="1" sum="0"/>
</round>
</game>
<game gamecode="6464738211"><general><startdate>2025-08-28 14:57:30</startdate>
<round>1</round>
<failsafecounter/>
<players><player seat="10" name="Rakki" chips="885" dealer="0" win="0" bet="65" muck="1" rebuy="0" addon="0" merge="0" rebuychips="0" reg_code="5056365890"/>
<player seat="3" name="deIduKA" chips="405" dealer="1" win="165" bet="405" muck="1" rebuy="0" addon="0" merge="0" rebuychips="0" reg_code="5056365274"/>
<player seat="6" name="Exivezzz2323" chips="210" dealer="0" win="0" bet="35" muck="1" rebuy="0" addon="0" merge="0" rebuychips="0" reg_code="5056365402"/>
</players>
</general>
<round no="0"><action no="1" player="Exivezzz2323" type="15" discard="1" dealt="1" sum="5"/>
<action no="2" player="Rakki" type="15" sum="5"/>
<action no="3" player="deIduKA" type="15" discard="1" dealt="1" sum="5"/>
<action no="4" player="Exivezzz2323" type="1" discard="1" dealt="1" sum="30"/>
<action no="5" player="Rakki" type="2" sum="60"/>
</round>
<round no="1"><cards type="Pocket" player="Exivezzz2323">X X</cards>
<cards type="Pocket" player="Rakki">S9 H5</cards>
<cards type="Pocket" player="deIduKA">X X</cards>
<action no="6" player="deIduKA" type="23" discard="1" dealt="1" sum="400"/>
<action no="7" player="Exivezzz2323" type="0" discard="1" dealt="1" sum="0"/>
<action no="8" player="Rakki" type="0" sum="0"/>
</round>
</game>
<game gamecode="6464738226"><general><startdate>2025-08-28 14:57:39</startdate>
<round>1</round>
<failsafecounter/>
<players><player seat="3" name="deIduKA" chips="505" dealer="0" win="385" bet="175" muck="0" rebuy="0" addon="0" merge="0" rebuychips="0" reg_code="5056365274"/>
<player seat="6" name="Exivezzz2323" chips="175" dealer="1" win="0" bet="175" muck="0" rebuy="0" addon="0" merge="0" rebuychips="0" reg_code="5056365402"/>
<player seat="10" name="Rakki" chips="820" dealer="0" win="0" bet="35" muck="1" rebuy="0" addon="0" merge="0" rebuychips="0" reg_code="5056365890"/>
</players>
</general>
<round no="0"><action no="1" player="Rakki" type="15" sum="5"/>
<action no="2" player="deIduKA" type="15" discard="1" dealt="1" sum="5"/>
<action no="3" player="Exivezzz2323" type="15" discard="1" dealt="1" sum="5"/>
<action no="4" player="Rakki" type="1" sum="30"/>
<action no="5" player="deIduKA" type="2" discard="1" dealt="1" sum="60"/>
</round>
<round no="1"><cards type="Pocket" player="Exivezzz2323">H5 H6</cards>
<cards type="Pocket" player="deIduKA">C9 H2</cards>
<cards type="Pocket" player="Rakki">S2 H3</cards>
<action no="6" player="Exivezzz2323" type="23" discard="1" dealt="1" sum="170"/>
<action no="7" player="Rakki" type="0" sum="0"/>
<action no="8" player="deIduKA" type="3" discard="1" dealt="1" sum="110"/>
</round>
<round no="2"><cards type="Flop">DK D7 HQ</cards>
</round>
<round no="3"><cards type="Turn">HA</cards>
</round>
<round no="4"><cards type="River">SQ</cards>
</round>
</game>
<game gamecode="6464738266"><general><startdate>2025-08-28 14:58:00</startdate>
<round>1</round>
<failsafecounter/>
<players><player seat="3" name="deIduKA" chips="715" dealer="0" win="310" bet="155" muck="0" rebuy="0" addon="0" merge="0" rebuychips="0" reg_code="5056365274"/>
<player seat="10" name="Rakki" chips="785" dealer="1" win="0" bet="155" muck="1" rebuy="0" addon="0" merge="0" rebuychips="0" reg_code="5056365890"/>
</players>
</general>
<round no="0"><action no="1" player="Rakki" type="15" sum="5"/>
<action no="2" player="deIduKA" type="15" discard="1" dealt="1" sum="5"/>
<action no="3" player="Rakki" type="1" sum="30"/>
<action no="4" player="deIduKA" type="2" discard="1" dealt="1" sum="60"/>
</round>
<round no="1"><cards type="Pocket" player="deIduKA">H9 S2</cards>
<cards type="Pocket" player="Rakki">C2 DJ</cards>
<action no="5" player="Rakki" type="3" sum="30"/>
<action no="6" player="deIduKA" type="4" discard="1" dealt="1" sum="0"/>
</round>
<round no="2"><cards type="Flop">S9 C5 D10</cards>
<action no="7" player="deIduKA" type="4" discard="1" dealt="1" sum="0"/>
<action no="8" player="Rakki" type="5" sum="90"/>
<action no="9" player="deIduKA" type="3" discard="1" dealt="1" sum="90"/>
</round>
<round no="3"><cards type="Turn">H3</cards>
<action no="10" player="deIduKA" type="4" discard="1" dealt="1" sum="0"/>
<action no="11" player="Rakki" type="4" sum="0"/>
</round>
<round no="4"><cards type="River">DA</cards>
<action no="12" player="deIduKA" type="4" discard="1" dealt="1" sum="0"/>
<action no="13" player="Rakki" type="4" sum="0"/>
</round>
</game>
<game gamecode="6464738325"><general><startdate>2025-08-28 14:58:37</startdate>
<round>1</round>
<failsafecounter/>
<players><player seat="10" name="Rakki" chips="630" dealer="0" win="260" bet="310" muck="1" rebuy="0" addon="0" merge="0" rebuychips="0" reg_code="5056365890"/>
<player seat="3" name="deIduKA" chips="870" dealer="1" win="0" bet="130" muck="1" rebuy="0" addon="0" merge="0" rebuychips="0" reg_code="5056365274"/>
</players>
</general>
<round no="0"><action no="1" player="deIduKA" type="15" discard="1" dealt="1" sum="5"/>
<action no="2" player="Rakki" type="15" sum="5"/>
<action no="3" player="deIduKA" type="1" discard="1" dealt="1" sum="30"/>
<action no="4" player="Rakki" type="2" sum="60"/>
</round>
<round no="1"><cards type="Pocket" player="deIduKA">X X</cards>
<cards type="Pocket" player="Rakki">H6 H9</cards>
<action no="5" player="deIduKA" type="3" discard="1" dealt="1" sum="30"/>
<action no="6" player="Rakki" type="4" sum="0"/>
</round>
<round no="2"><cards type="Flop">D2 C9 SJ</cards>
<action no="7" player="Rakki" type="4" sum="0"/>
<action no="8" player="deIduKA" type="5" discard="1" dealt="1" sum="65"/>
<action no="9" player="Rakki" type="3" sum="65"/>
</round>
<round no="3"><cards type="Turn">C6</cards>
<action no="10" player="Rakki" type="4" sum="0"/>
<action no="11" player="deIduKA" type="4" discard="1" dealt="1" sum="0"/>
</round>
<round no="4"><cards type="River">D7</cards>
<action no="12" player="Rakki" type="5" sum="180"/>
<action no="13" player="deIduKA" type="0" discard="1" dealt="1" sum="0"/>
</round>
</game>
<game gamecode="6464738369"><general><startdate>2025-08-28 14:59:00</startdate>
<round>1</round>
<failsafecounter/>
<players><player seat="3" name="deIduKA" chips="740" dealer="0" win="0" bet="65" muck="1" rebuy="0" addon="0" merge="0" rebuychips="0" reg_code="5056365274"/>
<player seat="10" name="Rakki" chips="760" dealer="1" win="130" bet="65" muck="0" rebuy="0" addon="0" merge="0" rebuychips="0" reg_code="5056365890"/>
</players>
</general>
<round no="0"><action no="1" player="Rakki" type="15" sum="5"/>
<action no="2" player="deIduKA" type="15" discard="1" dealt="1" sum="5"/>
<action no="3" player="Rakki" type="1" sum="30"/>
<action no="4" player="deIduKA" type="2" discard="1" dealt="1" sum="60"/>
</round>
<round no="1"><cards type="Pocket" player="Rakki">D4 SJ</cards>
<cards type="Pocket" player="deIduKA">SK S3</cards>
<action no="5" player="Rakki" type="3" sum="30"/>
<action no="6" player="deIduKA" type="4" discard="1" dealt="1" sum="0"/>
</round>
<round no="2"><cards type="Flop">CQ S10 S4</cards>
<action no="7" player="deIduKA" type="4" discard="1" dealt="1" sum="0"/>
<action no="8" player="Rakki" type="4" sum="0"/>
</round>
<round no="3"><cards type="Turn">DA</cards>
<action no="9" player="deIduKA" type="4" discard="1" dealt="1" sum="0"/>
<action no="10" player="Rakki" type="4" sum="0"/>
</round>
<round no="4"><cards type="River">C5</cards>
<action no="11" player="deIduKA" type="4" discard="1" dealt="1" sum="0"/>
<action no="12" player="Rakki" type="4" sum="0"/>
</round>
</game>
<game gamecode="6464738401"><general><startdate>2025-08-28 14:59:17</startdate>
<round>1</round>
<failsafecounter/>
<players><player seat="10" name="Rakki" chips="825" dealer="0" win="176" bet="825" muck="1" rebuy="0" addon="0" merge="0" rebuychips="0" reg_code="5056365890"/>
<player seat="3" name="deIduKA" chips="675" dealer="1" win="0" bet="88" muck="1" rebuy="0" addon="0" merge="0" rebuychips="0" reg_code="5056365274"/>
</players>
</general>
<round no="0"><action no="1" player="deIduKA" type="15" discard="1" dealt="1" sum="8"/>
<action no="2" player="Rakki" type="15" sum="8"/>
<action no="3" player="deIduKA" type="1" discard="1" dealt="1" sum="40"/>
<action no="4" player="Rakki" type="2" sum="80"/>
</round>
<round no="1"><cards type="Pocket" player="deIduKA">X X</cards>
<cards type="Pocket" player="Rakki">D5 SK</cards>
<action no="5" player="deIduKA" type="3" discard="1" dealt="1" sum="40"/>
<action no="6" player="Rakki" type="23" sum="817"/>
<action no="7" player="deIduKA" type="0" discard="1" dealt="1" sum="0"/>
</round>
</game>
<game gamecode="6464738421"><general><startdate>2025-08-28 14:59:26</startdate>
<round>1</round>
<failsafecounter/>
<players><player seat="3" name="deIduKA" chips="587" dealer="0" win="176" bet="587" muck="1" rebuy="0" addon="0" merge="0" rebuychips="0" reg_code="5056365274"/>
<player seat="10" name="Rakki" chips="913" dealer="1" win="0" bet="88" muck="1" rebuy="0" addon="0" merge="0" rebuychips="0" reg_code="5056365890"/>
</players>
</general>
<round no="0"><action no="1" player="Rakki" type="15" sum="8"/>
<action no="2" player="deIduKA" type="15" discard="1" dealt="1" sum="8"/>
<action no="3" player="Rakki" type="1" sum="40"/>
<action no="4" player="deIduKA" type="2" discard="1" dealt="1" sum="80"/>
</round>
<round no="1"><cards type="Pocket" player="Rakki">H9 H2</cards>
<cards type="Pocket" player="deIduKA">X X</cards>
<action no="5" player="Rakki" type="3" sum="40"/>
<action no="6" player="deIduKA" type="23" discard="1" dealt="1" sum="579"/>
<action no="7" player="Rakki" type="0" sum="0"/>
</round>
</game>
<game gamecode="6464738435"><general><startdate>2025-08-28 14:59:35</startdate>
<round>1</round>
<failsafecounter/>
<players><player seat="10" name="Rakki" chips="825" dealer="0" win="0" bet="88" muck="1" rebuy="0" addon="0" merge="0" rebuychips="0" reg_code="5056365890"/>
<player seat="3" name="deIduKA" chips="675" dealer="1" win="176" bet="675" muck="1" rebuy="0" addon="0" merge="0" rebuychips="0" reg_code="5056365274"/>
</players>
</general>
<round no="0"><action no="1" player="deIduKA" type="15" discard="1" dealt="1" sum="8"/>
<action no="2" player="Rakki" type="15" sum="8"/>
<action no="3" player="deIduKA" type="1" discard="1" dealt="1" sum="40"/>
<action no="4" player="Rakki" type="2" sum="80"/>
</round>
<round no="1"><cards type="Pocket" player="deIduKA">X X</cards>
<cards type="Pocket" player="Rakki">S8 H6</cards>
<action no="5" player="deIduKA" type="23" discard="1" dealt="1" sum="667"/>
<action no="6" player="Rakki" type="0" sum="0"/>
</round>
</game>
<game gamecode="6464738445"><general><startdate>2025-08-28 14:59:42</startdate>
<round>1</round>
<failsafecounter/>
<players><player seat="3" name="deIduKA" chips="763" dealer="0" win="0" bet="88" muck="1" rebuy="0" addon="0" merge="0" rebuychips="0" reg_code="5056365274"/>
<player seat="10" name="Rakki" chips="737" dealer="1" win="176" bet="737" muck="1" rebuy="0" addon="0" merge="0" rebuychips="0" reg_code="5056365890"/>
</players>
</general>
<round no="0"><action no="1" player="Rakki" type="15" sum="8"/>
<action no="2" player="deIduKA" type="15" discard="1" dealt="1" sum="8"/>
<action no="3" player="Rakki" type="1" sum="40"/>
<action no="4" player="deIduKA" type="2" discard="1" dealt="1" sum="80"/>
</round>
<round no="1"><cards type="Pocket" player="deIduKA">X X</cards>
<cards type="Pocket" player="Rakki">S3 DK</cards>
<action no="5" player="Rakki" type="23" sum="729"/>
<action no="6" player="deIduKA" type="0" discard="1" dealt="1" sum="0"/>
</round>
</game>
<game gamecode="6464738461"><general><startdate>2025-08-28 14:59:49</startdate>
<round>1</round>
<failsafecounter/>
<players><player seat="10" name="Rakki" chips="825" dealer="0" win="0" bet="88" muck="1" rebuy="0" addon="0" merge="0" rebuychips="0" reg_code="5056365890"/>
<player seat="3" name="deIduKA" chips="675" dealer="1" win="176" bet="675" muck="1" rebuy="0" addon="0" merge="0" rebuychips="0" reg_code="5056365274"/>
</players>
</general>
<round no="0"><action no="1" player="deIduKA" type="15" discard="1" dealt="1" sum="8"/>
<action no="2" player="Rakki" type="15" sum="8"/>
<action no="3" player="deIduKA" type="1" discard="1" dealt="1" sum="40"/>
<action no="4" player="Rakki" type="2" sum="80"/>
</round>
<round no="1"><cards type="Pocket" player="deIduKA">X X</cards>
<cards type="Pocket" player="Rakki">CQ D3</cards>
<action no="5" player="deIduKA" type="23" discard="1" dealt="1" sum="667"/>
<action no="6" player="Rakki" type="0" sum="0"/>
</round>
</game>
<game gamecode="6464738469"><general><startdate>2025-08-28 14:59:56</startdate>
<round>1</round>
<failsafecounter/>
<players><player seat="3" name="deIduKA" chips="763" dealer="0" win="96" bet="88" muck="1" rebuy="0" addon="0" merge="0" rebuychips="0" reg_code="5056365274"/>
<player seat="10" name="Rakki" chips="737" dealer="1" win="0" bet="48" muck="1" rebuy="0" addon="0" merge="0" rebuychips="0" reg_code="5056365890"/>
</players>
</general>
<round no="0"><action no="1" player="Rakki" type="15" sum="8"/>
<action no="2" player="deIduKA" type="15" discard="1" dealt="1" sum="8"/>
<action no="3" player="Rakki" type="1" sum="40"/>
<action no="4" player="deIduKA" type="2" discard="1" dealt="1" sum="80"/>
</round>
<round no="1"><cards type="Pocket" player="deIduKA">X X</cards>
<cards type="Pocket" player="Rakki">C4 S2</cards>
<action no="5" player="Rakki" type="0" sum="0"/>
</round>
</game>
<game gamecode="6464738483"><general><startdate>2025-08-28 15:00:01</startdate>
<round>1</round>
<failsafecounter/>
<players><player seat="10" name="Rakki" chips="689" dealer="0" win="96" bet="88" muck="1" rebuy="0" addon="0" merge="0" rebuychips="0" reg_code="5056365890"/>
<player seat="3" name="deIduKA" chips="811" dealer="1" win="0" bet="48" muck="1" rebuy="0" addon="0" merge="0" rebuychips="0" reg_code="5056365274"/>
</players>
</general>
<round no="0"><action no="1" player="deIduKA" type="15" discard="1" dealt="1" sum="8"/>
<action no="2" player="Rakki" type="15" sum="8"/>
<action no="3" player="deIduKA" type="1" discard="1" dealt="1" sum="40"/>
<action no="4" player="Rakki" type="2" sum="80"/>
</round>
<round no="1"><cards type="Pocket" player="deIduKA">X X</cards>
<cards type="Pocket" player="Rakki">HA SA</cards>
<action no="5" player="deIduKA" type="0" discard="1" dealt="1" sum="0"/>
</round>
</game>
<game gamecode="6464738496"><general><startdate>2025-08-28 15:00:07</startdate>
<round>1</round>
<failsafecounter/>
<players><player seat="3" name="deIduKA" chips="763" dealer="0" win="96" bet="88" muck="1" rebuy="0" addon="0" merge="0" rebuychips="0" reg_code="5056365274"/>
<player seat="10" name="Rakki" chips="737" dealer="1" win="0" bet="48" muck="1" rebuy="0" addon="0" merge="0" rebuychips="0" reg_code="5056365890"/>
</players>
</general>
<round no="0"><action no="1" player="Rakki" type="15" sum="8"/>
<action no="2" player="deIduKA" type="15" discard="1" dealt="1" sum="8"/>
<action no="3" player="Rakki" type="1" sum="40"/>
<action no="4" player="deIduKA" type="2" discard="1" dealt="1" sum="80"/>
</round>
<round no="1"><cards type="Pocket" player="Rakki">C6 D2</cards>
<cards type="Pocket" player="deIduKA">X X</cards>
<action no="5" player="Rakki" type="0" sum="0"/>
</round>
</game>
<game gamecode="6464738506"><general><startdate>2025-08-28 15:00:11</startdate>
<round>1</round>
<failsafecounter/>
<players><player seat="10" name="Rakki" chips="689" dealer="0" win="176" bet="689" muck="1" rebuy="0" addon="0" merge="0" rebuychips="0" reg_code="5056365890"/>
<player seat="3" name="deIduKA" chips="811" dealer="1" win="0" bet="88" muck="1" rebuy="0" addon="0" merge="0" rebuychips="0" reg_code="5056365274"/>
</players>
</general>
<round no="0"><action no="1" player="deIduKA" type="15" discard="1" dealt="1" sum="8"/>
<action no="2" player="Rakki" type="15" sum="8"/>
<action no="3" player="deIduKA" type="1" discard="1" dealt="1" sum="40"/>
<action no="4" player="Rakki" type="2" sum="80"/>
</round>
<round no="1"><cards type="Pocket" player="deIduKA">X X</cards>
<cards type="Pocket" player="Rakki">C8 CK</cards>
<action no="5" player="deIduKA" type="3" discard="1" dealt="1" sum="40"/>
<action no="6" player="Rakki" type="23" sum="681"/>
<action no="7" player="deIduKA" type="0" discard="1" dealt="1" sum="0"/>
</round>
</game>
<game gamecode="6464745742"><general><startdate>2025-08-28 15:00:19</startdate>
<round>1</round>
<failsafecounter/>
<players><player seat="3" name="deIduKA" chips="723" dealer="0" win="1,446" bet="723" muck="0" rebuy="0" addon="0" merge="0" rebuychips="0" reg_code="5056365274"/>
<player seat="10" name="Rakki" chips="777" dealer="1" win="0" bet="777" muck="1" rebuy="0" addon="0" merge="0" rebuychips="0" reg_code="5056365890"/>
</players>
</general>
<round no="0"><action no="1" player="Rakki" type="15" sum="8"/>
<action no="2" player="deIduKA" type="15" discard="1" dealt="1" sum="8"/>
<action no="3" player="Rakki" type="1" sum="40"/>
<action no="4" player="deIduKA" type="2" discard="1" dealt="1" sum="80"/>
</round>
<round no="1"><cards type="Pocket" player="deIduKA">CQ HA</cards>
<cards type="Pocket" player="Rakki">D7 C7</cards>
<action no="5" player="Rakki" type="23" sum="769"/>
<action no="6" player="deIduKA" type="7" discard="1" dealt="1" sum="635"/>
</round>
<round no="2"><cards type="Flop">SK C10 D9</cards>
</round>
<round no="3"><cards type="Turn">HQ</cards>
</round>
<round no="4"><cards type="River">C5</cards>
</round>
</game>
<game gamecode="6464745766"><general><startdate>2025-08-28 15:00:34</startdate>
<round>1</round>
<failsafecounter/>
<players><player seat="10" name="Rakki" chips="54" dealer="0" win="54" bet="54" muck="0" rebuy="0" addon="0" merge="0" rebuychips="0" reg_code="5056365890"/>
<player seat="3" name="deIduKA" chips="1,446" dealer="1" win="54" bet="54" muck="0" rebuy="0" addon="0" merge="0" rebuychips="0" reg_code="5056365274"/>
</players>
</general>
<round no="0"><action no="1" player="deIduKA" type="15" discard="1" dealt="1" sum="8"/>
<action no="2" player="Rakki" type="15" sum="8"/>
<action no="3" player="deIduKA" type="1" discard="1" dealt="1" sum="40"/>
<action no="4" player="Rakki" type="2" sum="46"/>
</round>
<round no="1"><cards type="Pocket" player="Rakki">SK H10</cards>
<cards type="Pocket" player="deIduKA">C9 D10</cards>
<action no="5" player="deIduKA" type="3" discard="1" dealt="1" sum="6"/>
</round>
<round no="2"><cards type="Flop">C3 S3 S2</cards>
</round>
<round no="3"><cards type="Turn">SA</cards>
</round>
<round no="4"><cards type="River">H2</cards>
</round>
</game>
<game gamecode="6464745794"><general><startdate>2025-08-28 15:00:48</startdate>
<round>1</round>
<failsafecounter/>
<players><player seat="3" name="deIduKA" chips="1,446" dealer="0" win="108" bet="88" muck="0" rebuy="0" addon="0" merge="0" rebuychips="0" reg_code="5056365274"/>
<player seat="10" name="Rakki" chips="54" dealer="1" win="0" bet="54" muck="1" rebuy="0" addon="0" merge="0" rebuychips="0" reg_code="5056365890"/>
</players>
</general>
<round no="0"><action no="1" player="Rakki" type="15" sum="8"/>
<action no="2" player="deIduKA" type="15" discard="1" dealt="1" sum="8"/>
<action no="3" player="Rakki" type="1" sum="40"/>
<action no="4" player="deIduKA" type="2" discard="1" dealt="1" sum="80"/>
</round>
<round no="1"><cards type="Pocket" player="Rakki">HA S10</cards>
<cards type="Pocket" player="deIduKA">C10 S7</cards>
<action no="5" player="Rakki" type="7" sum="6"/>
</round>
<round no="2"><cards type="Flop">H3 C3 C2</cards>
</round>
<round no="3"><cards type="Turn">H7</cards>
</round>
<round no="4"><cards type="River">DK</cards>
</round>
</game>
</session>
