<?xml version="1.0" encoding="UTF-8"?>
<session sessioncode="5063477014">
<general>
<client_version>25.1.1.16</client_version>
<mode>real</mode>
<gametype>Holdem NL</gametype>
<tablename>Twister €200 SNG, 818868437</tablename>
<tournamentcode>818868436</tournamentcode>
<tournamentname>Twister €200 SNG</tournamentname>
<buyin>€0 + €12 + €188</buyin>
<totalbuyin>€200</totalbuyin>
<rewarddrawn>€400</rewarddrawn>
<tournamentcurrency>EUR</tournamentcurrency>
<currency>EUR</currency>
<nickname>KOPKHUNKRAP</nickname>
<gamecount>11</gamecount>
<startdate>2025-10-02 02:54:16</startdate>
<place>2</place>
<win>€0</win>
<tablesize>3</tablesize>
</general>
<game gamecode="6494015644"><general><startdate>2025-10-02 02:54:32</startdate>
<round>1</round>
<failsafecounter/>
<players><player seat="6" name="pacca13" chips="500" dealer="0" win="0" bet="265" muck="0" rebuy="0" addon="0" merge="0" rebuychips="0" reg_code="5063477084"/>
<player seat="10" name="depelvss" chips="500" dealer="1" win="540" bet="265" muck="0" rebuy="0" addon="0" merge="0" rebuychips="0" reg_code="5063477923"/>
<player seat="3" name="KOPKHUNKRAP" chips="500" dealer="0" win="0" bet="10" muck="1" rebuy="0" addon="0" merge="0" rebuychips="0" reg_code="5063477014"/>
</players>
</general>
<round no="0"><action no="1" player="KOPKHUNKRAP" type="1" sum="10"/>
<action no="2" player="pacca13" type="2" discard="1" dealt="1" sum="20"/>
</round>
<round no="1"><cards type="Pocket" player="pacca13">H9 H7</cards>
<cards type="Pocket" player="KOPKHUNKRAP">D5 D7</cards>
<cards type="Pocket" player="depelvss">HA C4</cards>
<action no="3" player="depelvss" type="23" discard="1" dealt="1" sum="40"/>
<action no="4" player="KOPKHUNKRAP" type="0" sum="0"/>
<action no="5" player="pacca13" type="3" discard="1" dealt="1" sum="20"/>
</round>
<round no="2"><cards type="Flop">H5 CQ SQ</cards>
<action no="6" player="pacca13" type="5" discard="1" dealt="1" sum="90"/>
<action no="7" player="depelvss" type="3" discard="1" dealt="1" sum="90"/>
</round>
<round no="3"><cards type="Turn">SK</cards>
<action no="8" player="pacca13" type="4" discard="1" dealt="1" sum="0"/>
<action no="9" player="depelvss" type="4" discard="1" dealt="1" sum="0"/>
</round>
<round no="4"><cards type="River">H6</cards>
<action no="10" player="pacca13" type="5" discard="1" dealt="1" sum="135"/>
<action no="11" player="depelvss" type="3" discard="1" dealt="1" sum="135"/>
</round>
</game>
<game gamecode="6494015732"><general><startdate>2025-10-02 02:55:43</startdate>
<round>1</round>
<failsafecounter/>
<players><player seat="10" name="depelvss" chips="775" dealer="0" win="0" bet="20" muck="1" rebuy="0" addon="0" merge="0" rebuychips="0" reg_code="5063477923"/>
<player seat="3" name="KOPKHUNKRAP" chips="490" dealer="1" win="0" bet="0" muck="1" rebuy="0" addon="0" merge="0" rebuychips="0" reg_code="5063477014"/>
<player seat="6" name="pacca13" chips="235" dealer="0" win="40" bet="80" muck="1" rebuy="0" addon="0" merge="0" rebuychips="0" reg_code="5063477084"/>
</players>
</general>
<round no="0"><action no="1" player="pacca13" type="1" discard="1" dealt="1" sum="10"/>
<action no="2" player="depelvss" type="2" discard="1" dealt="1" sum="20"/>
</round>
<round no="1"><cards type="Pocket" player="KOPKHUNKRAP">C3 S9</cards>
<cards type="Pocket" player="depelvss">X X</cards>
<cards type="Pocket" player="pacca13">X X</cards>
<action no="3" player="KOPKHUNKRAP" type="0" sum="0"/>
<action no="4" player="pacca13" type="23" discard="1" dealt="1" sum="80"/>
<action no="5" player="depelvss" type="0" discard="1" dealt="1" sum="0"/>
</round>
</game>
<game gamecode="6494015764"><general><startdate>2025-10-02 02:56:09</startdate>
<round>1</round>
<failsafecounter/>
<players><player seat="3" name="KOPKHUNKRAP" chips="490" dealer="0" win="0" bet="20" muck="1" rebuy="0" addon="0" merge="0" rebuychips="0" reg_code="5063477014"/>
<player seat="6" name="pacca13" chips="255" dealer="1" win="50" bet="20" muck="0" rebuy="0" addon="0" merge="0" rebuychips="0" reg_code="5063477084"/>
<player seat="10" name="depelvss" chips="755" dealer="0" win="0" bet="10" muck="1" rebuy="0" addon="0" merge="0" rebuychips="0" reg_code="5063477923"/>
</players>
</general>
<round no="0"><action no="1" player="depelvss" type="1" discard="1" dealt="1" sum="10"/>
<action no="2" player="KOPKHUNKRAP" type="2" sum="20"/>
</round>
<round no="1"><cards type="Pocket" player="pacca13">D6 H10</cards>
<cards type="Pocket" player="depelvss">X X</cards>
<cards type="Pocket" player="KOPKHUNKRAP">HK H4</cards>
<action no="3" player="pacca13" type="3" discard="1" dealt="1" sum="20"/>
<action no="4" player="depelvss" type="0" discard="1" dealt="1" sum="0"/>
<action no="5" player="KOPKHUNKRAP" type="4" sum="0"/>
</round>
<round no="2"><cards type="Flop">S10 C8 DJ</cards>
<action no="6" player="KOPKHUNKRAP" type="4" sum="0"/>
<action no="7" player="pacca13" type="4" discard="1" dealt="1" sum="0"/>
</round>
<round no="3"><cards type="Turn">DA</cards>
<action no="8" player="KOPKHUNKRAP" type="4" sum="0"/>
<action no="9" player="pacca13" type="4" discard="1" dealt="1" sum="0"/>
</round>
<round no="4"><cards type="River">S3</cards>
<action no="10" player="KOPKHUNKRAP" type="4" sum="0"/>
<action no="11" player="pacca13" type="4" discard="1" dealt="1" sum="0"/>
</round>
</game>
<game gamecode="6494015825"><general><startdate>2025-10-02 02:57:02</startdate>
<round>1</round>
<failsafecounter/>
<players><player seat="6" name="pacca13" chips="285" dealer="0" win="0" bet="35" muck="1" rebuy="0" addon="0" merge="0" rebuychips="0" reg_code="5063477084"/>
<player seat="10" name="depelvss" chips="745" dealer="1" win="90" bet="745" muck="1" rebuy="0" addon="0" merge="0" rebuychips="0" reg_code="5063477923"/>
<player seat="3" name="KOPKHUNKRAP" chips="470" dealer="0" win="0" bet="20" muck="1" rebuy="0" addon="0" merge="0" rebuychips="0" reg_code="5063477014"/>
</players>
</general>
<round no="0"><action no="1" player="KOPKHUNKRAP" type="15" sum="5"/>
<action no="2" player="pacca13" type="15" discard="1" dealt="1" sum="5"/>
<action no="3" player="depelvss" type="15" discard="1" dealt="1" sum="5"/>
<action no="4" player="KOPKHUNKRAP" type="1" sum="15"/>
<action no="5" player="pacca13" type="2" discard="1" dealt="1" sum="30"/>
</round>
<round no="1"><cards type="Pocket" player="KOPKHUNKRAP">D2 H8</cards>
<cards type="Pocket" player="depelvss">X X</cards>
<cards type="Pocket" player="pacca13">X X</cards>
<action no="6" player="depelvss" type="23" discard="1" dealt="1" sum="740"/>
<action no="7" player="KOPKHUNKRAP" type="0" sum="0"/>
<action no="8" player="pacca13" type="0" discard="1" dealt="1" sum="0"/>
</round>
</game>
<game gamecode="6494015840"><general><startdate>2025-10-02 02:57:16</startdate>
<round>1</round>
<failsafecounter/>
<players><player seat="10" name="depelvss" chips="800" dealer="0" win="75" bet="95" muck="1" rebuy="0" addon="0" merge="0" rebuychips="0" reg_code="5063477923"/>
<player seat="3" name="KOPKHUNKRAP" chips="450" dealer="1" win="0" bet="5" muck="1" rebuy="0" addon="0" merge="0" rebuychips="0" reg_code="5063477014"/>
<player seat="6" name="pacca13" chips="250" dealer="0" win="0" bet="35" muck="1" rebuy="0" addon="0" merge="0" rebuychips="0" reg_code="5063477084"/>
</players>
</general>
<round no="0"><action no="1" player="pacca13" type="15" discard="1" dealt="1" sum="5"/>
<action no="2" player="depelvss" type="15" discard="1" dealt="1" sum="5"/>
<action no="3" player="KOPKHUNKRAP" type="15" sum="5"/>
<action no="4" player="pacca13" type="1" discard="1" dealt="1" sum="15"/>
<action no="5" player="depelvss" type="2" discard="1" dealt="1" sum="30"/>
</round>
<round no="1"><cards type="Pocket" player="depelvss">X X</cards>
<cards type="Pocket" player="KOPKHUNKRAP">D8 D10</cards>
<cards type="Pocket" player="pacca13">X X</cards>
<action no="6" player="KOPKHUNKRAP" type="0" sum="0"/>
<action no="7" player="pacca13" type="3" discard="1" dealt="1" sum="15"/>
<action no="8" player="depelvss" type="4" discard="1" dealt="1" sum="0"/>
</round>
<round no="2"><cards type="Flop">C6 CA D9</cards>
<action no="9" player="pacca13" type="4" discard="1" dealt="1" sum="0"/>
<action no="10" player="depelvss" type="4" discard="1" dealt="1" sum="0"/>
</round>
<round no="3"><cards type="Turn">D7</cards>
<action no="11" player="pacca13" type="4" discard="1" dealt="1" sum="0"/>
<action no="12" player="depelvss" type="5" discard="1" dealt="1" sum="60"/>
<action no="13" player="pacca13" type="0" discard="1" dealt="1" sum="0"/>
</round>
</game>
<game gamecode="6494015897"><general><startdate>2025-10-02 02:58:04</startdate>
<round>1</round>
<failsafecounter/>
<players><player seat="3" name="KOPKHUNKRAP" chips="445" dealer="0" win="135" bet="445" muck="1" rebuy="0" addon="0" merge="0" rebuychips="0" reg_code="5063477014"/>
<player seat="6" name="pacca13" chips="215" dealer="1" win="0" bet="45" muck="1" rebuy="0" addon="0" merge="0" rebuychips="0" reg_code="5063477084"/>
<player seat="10" name="depelvss" chips="840" dealer="0" win="0" bet="45" muck="1" rebuy="0" addon="0" merge="0" rebuychips="0" reg_code="5063477923"/>
</players>
</general>
<round no="0"><action no="1" player="depelvss" type="15" discard="1" dealt="1" sum="5"/>
<action no="2" player="KOPKHUNKRAP" type="15" sum="5"/>
<action no="3" player="pacca13" type="15" discard="1" dealt="1" sum="5"/>
<action no="4" player="depelvss" type="1" discard="1" dealt="1" sum="20"/>
<action no="5" player="KOPKHUNKRAP" type="2" sum="40"/>
</round>
<round no="1"><cards type="Pocket" player="depelvss">X X</cards>
<cards type="Pocket" player="KOPKHUNKRAP">CA HA</cards>
<cards type="Pocket" player="pacca13">X X</cards>
<action no="6" player="pacca13" type="3" discard="1" dealt="1" sum="40"/>
<action no="7" player="depelvss" type="3" discard="1" dealt="1" sum="20"/>
<action no="8" player="KOPKHUNKRAP" type="23" sum="440"/>
<action no="9" player="pacca13" type="0" discard="1" dealt="1" sum="0"/>
<action no="10" player="depelvss" type="0" discard="1" dealt="1" sum="0"/>
</round>
</game>
<game gamecode="6494015926"><general><startdate>2025-10-02 02:58:31</startdate>
<round>1</round>
<failsafecounter/>
<players><player seat="6" name="pacca13" chips="170" dealer="0" win="0" bet="45" muck="1" rebuy="0" addon="0" merge="0" rebuychips="0" reg_code="5063477084"/>
<player seat="10" name="depelvss" chips="795" dealer="1" win="115" bet="795" muck="1" rebuy="0" addon="0" merge="0" rebuychips="0" reg_code="5063477923"/>
<player seat="3" name="KOPKHUNKRAP" chips="535" dealer="0" win="0" bet="25" muck="1" rebuy="0" addon="0" merge="0" rebuychips="0" reg_code="5063477014"/>
</players>
</general>
<round no="0"><action no="1" player="KOPKHUNKRAP" type="15" sum="5"/>
<action no="2" player="pacca13" type="15" discard="1" dealt="1" sum="5"/>
<action no="3" player="depelvss" type="15" discard="1" dealt="1" sum="5"/>
<action no="4" player="KOPKHUNKRAP" type="1" sum="20"/>
<action no="5" player="pacca13" type="2" discard="1" dealt="1" sum="40"/>
</round>
<round no="1"><cards type="Pocket" player="depelvss">X X</cards>
<cards type="Pocket" player="KOPKHUNKRAP">C9 SQ</cards>
<cards type="Pocket" player="pacca13">X X</cards>
<action no="6" player="depelvss" type="23" discard="1" dealt="1" sum="790"/>
<action no="7" player="KOPKHUNKRAP" type="0" sum="0"/>
<action no="8" player="pacca13" type="0" discard="1" dealt="1" sum="0"/>
</round>
</game>
<game gamecode="6494015938"><general><startdate>2025-10-02 02:58:43</startdate>
<round>1</round>
<failsafecounter/>
<players><player seat="10" name="depelvss" chips="865" dealer="0" win="0" bet="45" muck="1" rebuy="0" addon="0" merge="0" rebuychips="0" reg_code="5063477923"/>
<player seat="3" name="KOPKHUNKRAP" chips="510" dealer="1" win="295" bet="510" muck="0" rebuy="0" addon="0" merge="0" rebuychips="0" reg_code="5063477014"/>
<player seat="6" name="pacca13" chips="125" dealer="0" win="0" bet="125" muck="1" rebuy="0" addon="0" merge="0" rebuychips="0" reg_code="5063477084"/>
</players>
</general>
<round no="0"><action no="1" player="pacca13" type="15" discard="1" dealt="1" sum="5"/>
<action no="2" player="depelvss" type="15" discard="1" dealt="1" sum="5"/>
<action no="3" player="KOPKHUNKRAP" type="15" sum="5"/>
<action no="4" player="pacca13" type="1" discard="1" dealt="1" sum="20"/>
<action no="5" player="depelvss" type="2" discard="1" dealt="1" sum="40"/>
</round>
<round no="1"><cards type="Pocket" player="KOPKHUNKRAP">S2 SA</cards>
<cards type="Pocket" player="pacca13">SJ HQ</cards>
<cards type="Pocket" player="depelvss">X X</cards>
<action no="6" player="KOPKHUNKRAP" type="23" sum="505"/>
<action no="7" player="pacca13" type="7" discard="1" dealt="1" sum="100"/>
<action no="8" player="depelvss" type="0" discard="1" dealt="1" sum="0"/>
</round>
<round no="2"><cards type="Flop">D7 C4 HK</cards>
</round>
<round no="3"><cards type="Turn">SK</cards>
</round>
<round no="4"><cards type="River">H7</cards>
</round>
</game>
<game gamecode="6494015955"><general><startdate>2025-10-02 02:58:59</startdate>
<round>1</round>
<failsafecounter/>
<players><player seat="3" name="KOPKHUNKRAP" chips="680" dealer="0" win="90" bet="125" muck="1" rebuy="0" addon="0" merge="0" rebuychips="0" reg_code="5063477014"/>
<player seat="10" name="depelvss" chips="820" dealer="1" win="0" bet="45" muck="1" rebuy="0" addon="0" merge="0" rebuychips="0" reg_code="5063477923"/>
</players>
</general>
<round no="0"><action no="1" player="depelvss" type="15" discard="1" dealt="1" sum="5"/>
<action no="2" player="KOPKHUNKRAP" type="15" sum="5"/>
<action no="3" player="depelvss" type="1" discard="1" dealt="1" sum="20"/>
<action no="4" player="KOPKHUNKRAP" type="2" sum="40"/>
</round>
<round no="1"><cards type="Pocket" player="depelvss">X X</cards>
<cards type="Pocket" player="KOPKHUNKRAP">HA H10</cards>
<action no="5" player="depelvss" type="3" discard="1" dealt="1" sum="20"/>
<action no="6" player="KOPKHUNKRAP" type="23" sum="120"/>
<action no="7" player="depelvss" type="0" discard="1" dealt="1" sum="0"/>
</round>
</game>
<game gamecode="6494015967"><general><startdate>2025-10-02 02:59:10</startdate>
<round>1</round>
<failsafecounter/>
<players><player seat="10" name="depelvss" chips="775" dealer="0" win="170" bet="245" muck="1" rebuy="0" addon="0" merge="0" rebuychips="0" reg_code="5063477923"/>
<player seat="3" name="KOPKHUNKRAP" chips="725" dealer="1" win="0" bet="85" muck="1" rebuy="0" addon="0" merge="0" rebuychips="0" reg_code="5063477014"/>
</players>
</general>
<round no="0"><action no="1" player="KOPKHUNKRAP" type="15" sum="5"/>
<action no="2" player="depelvss" type="15" discard="1" dealt="1" sum="5"/>
<action no="3" player="KOPKHUNKRAP" type="1" sum="20"/>
<action no="4" player="depelvss" type="2" discard="1" dealt="1" sum="40"/>
</round>
<round no="1"><cards type="Pocket" player="KOPKHUNKRAP">H10 CQ</cards>
<cards type="Pocket" player="depelvss">X X</cards>
<action no="5" player="KOPKHUNKRAP" type="23" sum="80"/>
<action no="6" player="depelvss" type="3" discard="1" dealt="1" sum="40"/>
</round>
<round no="2"><cards type="Flop">C2 C7 D5</cards>
<action no="7" player="depelvss" type="4" discard="1" dealt="1" sum="0"/>
<action no="8" player="KOPKHUNKRAP" type="4" sum="0"/>
</round>
<round no="3"><cards type="Turn">D6</cards>
<action no="9" player="depelvss" type="4" discard="1" dealt="1" sum="0"/>
<action no="10" player="KOPKHUNKRAP" type="4" sum="0"/>
</round>
<round no="4"><cards type="River">H2</cards>
<action no="11" player="depelvss" type="5" discard="1" dealt="1" sum="160"/>
<action no="12" player="KOPKHUNKRAP" type="0" sum="0"/>
</round>
</game>
<game gamecode="6494016009"><general><startdate>2025-10-02 02:59:48</startdate>
<round>1</round>
<failsafecounter/>
<players><player seat="3" name="KOPKHUNKRAP" chips="640" dealer="0" win="0" bet="640" muck="0" rebuy="0" addon="0" merge="0" rebuychips="0" reg_code="5063477014"/>
<player seat="10" name="depelvss" chips="860" dealer="1" win="1,280" bet="860" muck="0" rebuy="0" addon="0" merge="0" rebuychips="0" reg_code="5063477923"/>
</players>
</general>
<round no="0"><action no="1" player="depelvss" type="15" discard="1" dealt="1" sum="5"/>
<action no="2" player="KOPKHUNKRAP" type="15" sum="5"/>
<action no="3" player="depelvss" type="1" discard="1" dealt="1" sum="30"/>
<action no="4" player="KOPKHUNKRAP" type="2" sum="60"/>
</round>
<round no="1"><cards type="Pocket" player="KOPKHUNKRAP">H9 SQ</cards>
<cards type="Pocket" player="depelvss">DA CA</cards>
<action no="5" player="depelvss" type="3" discard="1" dealt="1" sum="30"/>
<action no="6" player="KOPKHUNKRAP" type="4" sum="0"/>
</round>
<round no="2"><cards type="Flop">S9 C2 S4</cards>
<action no="7" player="KOPKHUNKRAP" type="4" sum="0"/>
<action no="8" player="depelvss" type="5" discard="1" dealt="1" sum="60"/>
<action no="9" player="KOPKHUNKRAP" type="23" sum="180"/>
<action no="10" player="depelvss" type="23" discard="1" dealt="1" sum="795"/>
<action no="11" player="KOPKHUNKRAP" type="7" sum="395"/>
</round>
<round no="3"><cards type="Turn">DJ</cards>
</round>
<round no="4"><cards type="River">SA</cards>
</round>
</game>
</session>
