<?xml version="1.0" encoding="UTF-8"?>
<session sessioncode="5063476225">
<general>
<client_version>25.1.1.16</client_version>
<mode>real</mode>
<gametype>Holdem NL</gametype>
<tablename>Twister €200 SNG, 818868255</tablename>
<tournamentcode>818868254</tournamentcode>
<tournamentname>Twister €200 SNG</tournamentname>
<buyin>€0 + €12 + €188</buyin>
<totalbuyin>€200</totalbuyin>
<rewarddrawn>€400</rewarddrawn>
<tournamentcurrency>EUR</tournamentcurrency>
<currency>EUR</currency>
<nickname>KOPKHUNKRAP</nickname>
<gamecount>25</gamecount>
<startdate>2025-10-02 02:36:45</startdate>
<place>1</place>
<win>€400</win>
<tablesize>3</tablesize>
</general>
<game gamecode="6494008625"><general><startdate>2025-10-02 02:37:00</startdate>
<round>1</round>
<failsafecounter/>
<players><player seat="10" name="KOPKHUNKRAP" chips="500" dealer="0" win="0" bet="20" muck="1" rebuy="0" addon="0" merge="0" rebuychips="0" reg_code="5063476225"/>
<player seat="3" name="depelvss" chips="500" dealer="1" win="214" bet="218" muck="1" rebuy="0" addon="0" merge="0" rebuychips="0" reg_code="5063475721"/>
<player seat="6" name="sbshskiw" chips="500" dealer="0" win="0" bet="97" muck="1" rebuy="0" addon="0" merge="0" rebuychips="0" reg_code="5063476217"/>
</players>
</general>
<round no="0"><action no="1" player="sbshskiw" type="1" discard="1" dealt="1" sum="10"/>
<action no="2" player="KOPKHUNKRAP" type="2" sum="20"/>
</round>
<round no="1"><cards type="Pocket" player="depelvss">X X</cards>
<cards type="Pocket" player="sbshskiw">X X</cards>
<cards type="Pocket" player="KOPKHUNKRAP">CK D4</cards>
<action no="3" player="depelvss" type="23" discard="1" dealt="1" sum="40"/>
<action no="4" player="sbshskiw" type="3" discard="1" dealt="1" sum="30"/>
<action no="5" player="KOPKHUNKRAP" type="0" sum="0"/>
</round>
<round no="2"><cards type="Flop">CA C5 H10</cards>
<action no="6" player="sbshskiw" type="4" discard="1" dealt="1" sum="0"/>
<action no="7" player="depelvss" type="5" discard="1" dealt="1" sum="57"/>
<action no="8" player="sbshskiw" type="3" discard="1" dealt="1" sum="57"/>
</round>
<round no="3"><cards type="Turn">HA</cards>
<action no="9" player="sbshskiw" type="4" discard="1" dealt="1" sum="0"/>
<action no="10" player="depelvss" type="5" discard="1" dealt="1" sum="121"/>
<action no="11" player="sbshskiw" type="0" discard="1" dealt="1" sum="0"/>
</round>
</game>
<game gamecode="6494008711"><general><startdate>2025-10-02 02:37:32</startdate>
<round>1</round>
<failsafecounter/>
<players><player seat="3" name="depelvss" chips="617" dealer="0" win="0" bet="60" muck="1" rebuy="0" addon="0" merge="0" rebuychips="0" reg_code="5063475721"/>
<player seat="6" name="sbshskiw" chips="403" dealer="1" win="130" bet="125" muck="1" rebuy="0" addon="0" merge="0" rebuychips="0" reg_code="5063476217"/>
<player seat="10" name="KOPKHUNKRAP" chips="480" dealer="0" win="0" bet="10" muck="1" rebuy="0" addon="0" merge="0" rebuychips="0" reg_code="5063476225"/>
</players>
</general>
<round no="0"><action no="1" player="KOPKHUNKRAP" type="1" sum="10"/>
<action no="2" player="depelvss" type="2" discard="1" dealt="1" sum="20"/>
</round>
<round no="1"><cards type="Pocket" player="KOPKHUNKRAP">H9 HQ</cards>
<cards type="Pocket" player="depelvss">X X</cards>
<cards type="Pocket" player="sbshskiw">X X</cards>
<action no="3" player="sbshskiw" type="23" discard="1" dealt="1" sum="60"/>
<action no="4" player="KOPKHUNKRAP" type="0" sum="0"/>
<action no="5" player="depelvss" type="3" discard="1" dealt="1" sum="40"/>
</round>
<round no="2"><cards type="Flop">DK SA D9</cards>
<action no="6" player="depelvss" type="4" discard="1" dealt="1" sum="0"/>
<action no="7" player="sbshskiw" type="5" discard="1" dealt="1" sum="65"/>
<action no="8" player="depelvss" type="0" discard="1" dealt="1" sum="0"/>
</round>
</game>
<game gamecode="6494008768"><general><startdate>2025-10-02 02:37:55</startdate>
<round>1</round>
<failsafecounter/>
<players><player seat="6" name="sbshskiw" chips="473" dealer="0" win="0" bet="70" muck="1" rebuy="0" addon="0" merge="0" rebuychips="0" reg_code="5063476217"/>
<player seat="10" name="KOPKHUNKRAP" chips="470" dealer="1" win="0" bet="0" muck="1" rebuy="0" addon="0" merge="0" rebuychips="0" reg_code="5063476225"/>
<player seat="3" name="depelvss" chips="557" dealer="0" win="140" bet="149" muck="1" rebuy="0" addon="0" merge="0" rebuychips="0" reg_code="5063475721"/>
</players>
</general>
<round no="0"><action no="1" player="depelvss" type="1" discard="1" dealt="1" sum="10"/>
<action no="2" player="sbshskiw" type="2" discard="1" dealt="1" sum="20"/>
</round>
<round no="1"><cards type="Pocket" player="depelvss">X X</cards>
<cards type="Pocket" player="sbshskiw">X X</cards>
<cards type="Pocket" player="KOPKHUNKRAP">C5 H8</cards>
<action no="3" player="KOPKHUNKRAP" type="0" sum="0"/>
<action no="4" player="depelvss" type="23" discard="1" dealt="1" sum="50"/>
<action no="5" player="sbshskiw" type="3" discard="1" dealt="1" sum="30"/>
</round>
<round no="2"><cards type="Flop">H4 S10 D3</cards>
<action no="6" player="depelvss" type="5" discard="1" dealt="1" sum="20"/>
<action no="7" player="sbshskiw" type="3" discard="1" dealt="1" sum="20"/>
</round>
<round no="3"><cards type="Turn">C10</cards>
<action no="8" player="depelvss" type="5" discard="1" dealt="1" sum="79"/>
<action no="9" player="sbshskiw" type="0" discard="1" dealt="1" sum="0"/>
</round>
</game>
<game gamecode="6494008842"><general><startdate>2025-10-02 02:38:21</startdate>
<round>1</round>
<failsafecounter/>
<players><player seat="10" name="KOPKHUNKRAP" chips="470" dealer="0" win="20" bet="20" muck="0" rebuy="0" addon="0" merge="0" rebuychips="0" reg_code="5063476225"/>
<player seat="3" name="depelvss" chips="627" dealer="1" win="0" bet="0" muck="1" rebuy="0" addon="0" merge="0" rebuychips="0" reg_code="5063475721"/>
<player seat="6" name="sbshskiw" chips="403" dealer="0" win="20" bet="20" muck="0" rebuy="0" addon="0" merge="0" rebuychips="0" reg_code="5063476217"/>
</players>
</general>
<round no="0"><action no="1" player="sbshskiw" type="1" discard="1" dealt="1" sum="10"/>
<action no="2" player="KOPKHUNKRAP" type="2" sum="20"/>
</round>
<round no="1"><cards type="Pocket" player="depelvss">X X</cards>
<cards type="Pocket" player="sbshskiw">HK S6</cards>
<cards type="Pocket" player="KOPKHUNKRAP">DK D7</cards>
<action no="3" player="depelvss" type="0" discard="1" dealt="1" sum="0"/>
<action no="4" player="sbshskiw" type="3" discard="1" dealt="1" sum="10"/>
<action no="5" player="KOPKHUNKRAP" type="4" sum="0"/>
</round>
<round no="2"><cards type="Flop">H10 CA C9</cards>
<action no="6" player="sbshskiw" type="4" discard="1" dealt="1" sum="0"/>
<action no="7" player="KOPKHUNKRAP" type="4" sum="0"/>
</round>
<round no="3"><cards type="Turn">H4</cards>
<action no="8" player="sbshskiw" type="4" discard="1" dealt="1" sum="0"/>
<action no="9" player="KOPKHUNKRAP" type="4" sum="0"/>
</round>
<round no="4"><cards type="River">D8</cards>
<action no="10" player="sbshskiw" type="4" discard="1" dealt="1" sum="0"/>
<action no="11" player="KOPKHUNKRAP" type="4" sum="0"/>
</round>
</game>
<game gamecode="6494008937"><general><startdate>2025-10-02 02:38:59</startdate>
<round>1</round>
<failsafecounter/>
<players><player seat="3" name="depelvss" chips="627" dealer="0" win="209" bet="87" muck="0" rebuy="0" addon="0" merge="0" rebuychips="0" reg_code="5063475721"/>
<player seat="6" name="sbshskiw" chips="403" dealer="1" win="0" bet="87" muck="1" rebuy="0" addon="0" merge="0" rebuychips="0" reg_code="5063476217"/>
<player seat="10" name="KOPKHUNKRAP" chips="470" dealer="0" win="0" bet="35" muck="1" rebuy="0" addon="0" merge="0" rebuychips="0" reg_code="5063476225"/>
</players>
</general>
<round no="0"><action no="1" player="KOPKHUNKRAP" type="15" sum="5"/>
<action no="2" player="depelvss" type="15" discard="1" dealt="1" sum="5"/>
<action no="3" player="sbshskiw" type="15" discard="1" dealt="1" sum="5"/>
<action no="4" player="KOPKHUNKRAP" type="1" sum="15"/>
<action no="5" player="depelvss" type="2" discard="1" dealt="1" sum="30"/>
</round>
<round no="1"><cards type="Pocket" player="KOPKHUNKRAP">H5 C4</cards>
<cards type="Pocket" player="sbshskiw">HQ D8</cards>
<cards type="Pocket" player="depelvss">C7 S2</cards>
<action no="6" player="sbshskiw" type="3" discard="1" dealt="1" sum="30"/>
<action no="7" player="KOPKHUNKRAP" type="3" sum="15"/>
<action no="8" player="depelvss" type="4" discard="1" dealt="1" sum="0"/>
</round>
<round no="2"><cards type="Flop">D7 S3 D5</cards>
<action no="9" player="KOPKHUNKRAP" type="4" sum="0"/>
<action no="10" player="depelvss" type="4" discard="1" dealt="1" sum="0"/>
<action no="11" player="sbshskiw" type="5" discard="1" dealt="1" sum="52"/>
<action no="12" player="KOPKHUNKRAP" type="0" sum="0"/>
<action no="13" player="depelvss" type="3" discard="1" dealt="1" sum="52"/>
</round>
<round no="3"><cards type="Turn">HJ</cards>
<action no="14" player="depelvss" type="4" discard="1" dealt="1" sum="0"/>
<action no="15" player="sbshskiw" type="4" discard="1" dealt="1" sum="0"/>
</round>
<round no="4"><cards type="River">S6</cards>
<action no="16" player="depelvss" type="4" discard="1" dealt="1" sum="0"/>
<action no="17" player="sbshskiw" type="4" discard="1" dealt="1" sum="0"/>
</round>
</game>
<game gamecode="6494009048"><general><startdate>2025-10-02 02:39:43</startdate>
<round>1</round>
<failsafecounter/>
<players><player seat="6" name="sbshskiw" chips="316" dealer="0" win="0" bet="95" muck="1" rebuy="0" addon="0" merge="0" rebuychips="0" reg_code="5063476217"/>
<player seat="10" name="KOPKHUNKRAP" chips="435" dealer="1" win="0" bet="5" muck="1" rebuy="0" addon="0" merge="0" rebuychips="0" reg_code="5063476225"/>
<player seat="3" name="depelvss" chips="749" dealer="0" win="195" bet="749" muck="1" rebuy="0" addon="0" merge="0" rebuychips="0" reg_code="5063475721"/>
</players>
</general>
<round no="0"><action no="1" player="depelvss" type="15" discard="1" dealt="1" sum="5"/>
<action no="2" player="sbshskiw" type="15" discard="1" dealt="1" sum="5"/>
<action no="3" player="KOPKHUNKRAP" type="15" sum="5"/>
<action no="4" player="depelvss" type="1" discard="1" dealt="1" sum="15"/>
<action no="5" player="sbshskiw" type="2" discard="1" dealt="1" sum="30"/>
</round>
<round no="1"><cards type="Pocket" player="KOPKHUNKRAP">SJ S7</cards>
<cards type="Pocket" player="sbshskiw">X X</cards>
<cards type="Pocket" player="depelvss">X X</cards>
<action no="6" player="KOPKHUNKRAP" type="0" sum="0"/>
<action no="7" player="depelvss" type="23" discard="1" dealt="1" sum="60"/>
<action no="8" player="sbshskiw" type="3" discard="1" dealt="1" sum="30"/>
</round>
<round no="2"><cards type="Flop">D2 CQ S10</cards>
<action no="9" player="depelvss" type="5" discard="1" dealt="1" sum="30"/>
<action no="10" player="sbshskiw" type="3" discard="1" dealt="1" sum="30"/>
</round>
<round no="3"><cards type="Turn">D8</cards>
<action no="11" player="depelvss" type="5" discard="1" dealt="1" sum="654"/>
<action no="12" player="sbshskiw" type="0" discard="1" dealt="1" sum="0"/>
</round>
</game>
<game gamecode="6494009108"><general><startdate>2025-10-02 02:40:09</startdate>
<round>1</round>
<failsafecounter/>
<players><player seat="10" name="KOPKHUNKRAP" chips="430" dealer="0" win="0" bet="221" muck="1" rebuy="0" addon="0" merge="0" rebuychips="0" reg_code="5063476225"/>
<player seat="3" name="depelvss" chips="849" dealer="1" win="0" bet="5" muck="1" rebuy="0" addon="0" merge="0" rebuychips="0" reg_code="5063475721"/>
<player seat="6" name="sbshskiw" chips="221" dealer="0" win="447" bet="221" muck="0" rebuy="0" addon="0" merge="0" rebuychips="0" reg_code="5063476217"/>
</players>
</general>
<round no="0"><action no="1" player="sbshskiw" type="15" discard="1" dealt="1" sum="5"/>
<action no="2" player="KOPKHUNKRAP" type="15" sum="5"/>
<action no="3" player="depelvss" type="15" discard="1" dealt="1" sum="5"/>
<action no="4" player="sbshskiw" type="1" discard="1" dealt="1" sum="15"/>
<action no="5" player="KOPKHUNKRAP" type="2" sum="30"/>
</round>
<round no="1"><cards type="Pocket" player="sbshskiw">S10 DK</cards>
<cards type="Pocket" player="KOPKHUNKRAP">D6 HK</cards>
<cards type="Pocket" player="depelvss">X X</cards>
<action no="6" player="depelvss" type="0" discard="1" dealt="1" sum="0"/>
<action no="7" player="sbshskiw" type="23" discard="1" dealt="1" sum="216"/>
<action no="8" player="KOPKHUNKRAP" type="3" sum="186"/>
</round>
<round no="2"><cards type="Flop">S9 H9 D9</cards>
</round>
<round no="3"><cards type="Turn">S7</cards>
</round>
<round no="4"><cards type="River">S4</cards>
</round>
</game>
<game gamecode="6494009190"><general><startdate>2025-10-02 02:40:39</startdate>
<round>1</round>
<failsafecounter/>
<players><player seat="3" name="depelvss" chips="844" dealer="0" win="55" bet="45" muck="1" rebuy="0" addon="0" merge="0" rebuychips="0" reg_code="5063475721"/>
<player seat="6" name="sbshskiw" chips="447" dealer="1" win="0" bet="5" muck="1" rebuy="0" addon="0" merge="0" rebuychips="0" reg_code="5063476217"/>
<player seat="10" name="KOPKHUNKRAP" chips="209" dealer="0" win="0" bet="25" muck="1" rebuy="0" addon="0" merge="0" rebuychips="0" reg_code="5063476225"/>
</players>
</general>
<round no="0"><action no="1" player="KOPKHUNKRAP" type="15" sum="5"/>
<action no="2" player="depelvss" type="15" discard="1" dealt="1" sum="5"/>
<action no="3" player="sbshskiw" type="15" discard="1" dealt="1" sum="5"/>
<action no="4" player="KOPKHUNKRAP" type="1" sum="20"/>
<action no="5" player="depelvss" type="2" discard="1" dealt="1" sum="40"/>
</round>
<round no="1"><cards type="Pocket" player="KOPKHUNKRAP">S2 H9</cards>
<cards type="Pocket" player="sbshskiw">X X</cards>
<cards type="Pocket" player="depelvss">X X</cards>
<action no="6" player="sbshskiw" type="0" discard="1" dealt="1" sum="0"/>
<action no="7" player="KOPKHUNKRAP" type="0" sum="0"/>
</round>
</game>
<game gamecode="6494009222"><general><startdate>2025-10-02 02:40:52</startdate>
<round>1</round>
<failsafecounter/>
<players><player seat="6" name="sbshskiw" chips="442" dealer="0" win="0" bet="184" muck="1" rebuy="0" addon="0" merge="0" rebuychips="0" reg_code="5063476217"/>
<player seat="10" name="KOPKHUNKRAP" chips="184" dealer="1" win="393" bet="184" muck="0" rebuy="0" addon="0" merge="0" rebuychips="0" reg_code="5063476225"/>
<player seat="3" name="depelvss" chips="874" dealer="0" win="0" bet="25" muck="1" rebuy="0" addon="0" merge="0" rebuychips="0" reg_code="5063475721"/>
</players>
</general>
<round no="0"><action no="1" player="depelvss" type="15" discard="1" dealt="1" sum="5"/>
<action no="2" player="sbshskiw" type="15" discard="1" dealt="1" sum="5"/>
<action no="3" player="KOPKHUNKRAP" type="15" sum="5"/>
<action no="4" player="depelvss" type="1" discard="1" dealt="1" sum="20"/>
<action no="5" player="sbshskiw" type="2" discard="1" dealt="1" sum="40"/>
</round>
<round no="1"><cards type="Pocket" player="sbshskiw">H9 H5</cards>
<cards type="Pocket" player="KOPKHUNKRAP">HA C8</cards>
<cards type="Pocket" player="depelvss">X X</cards>
<action no="6" player="KOPKHUNKRAP" type="23" sum="179"/>
<action no="7" player="depelvss" type="0" discard="1" dealt="1" sum="0"/>
<action no="8" player="sbshskiw" type="3" discard="1" dealt="1" sum="139"/>
</round>
<round no="2"><cards type="Flop">S8 D7 SJ</cards>
</round>
<round no="3"><cards type="Turn">HQ</cards>
</round>
<round no="4"><cards type="River">SA</cards>
</round>
</game>
<game gamecode="6494009273"><general><startdate>2025-10-02 02:41:14</startdate>
<round>1</round>
<failsafecounter/>
<players><player seat="10" name="KOPKHUNKRAP" chips="393" dealer="0" win="0" bet="45" muck="1" rebuy="0" addon="0" merge="0" rebuychips="0" reg_code="5063476225"/>
<player seat="3" name="depelvss" chips="849" dealer="1" win="0" bet="5" muck="1" rebuy="0" addon="0" merge="0" rebuychips="0" reg_code="5063475721"/>
<player seat="6" name="sbshskiw" chips="258" dealer="0" win="95" bet="258" muck="1" rebuy="0" addon="0" merge="0" rebuychips="0" reg_code="5063476217"/>
</players>
</general>
<round no="0"><action no="1" player="sbshskiw" type="15" discard="1" dealt="1" sum="5"/>
<action no="2" player="KOPKHUNKRAP" type="15" sum="5"/>
<action no="3" player="depelvss" type="15" discard="1" dealt="1" sum="5"/>
<action no="4" player="sbshskiw" type="1" discard="1" dealt="1" sum="20"/>
<action no="5" player="KOPKHUNKRAP" type="2" sum="40"/>
</round>
<round no="1"><cards type="Pocket" player="sbshskiw">X X</cards>
<cards type="Pocket" player="KOPKHUNKRAP">D3 CJ</cards>
<cards type="Pocket" player="depelvss">X X</cards>
<action no="6" player="depelvss" type="0" discard="1" dealt="1" sum="0"/>
<action no="7" player="sbshskiw" type="3" discard="1" dealt="1" sum="20"/>
<action no="8" player="KOPKHUNKRAP" type="4" sum="0"/>
</round>
<round no="2"><cards type="Flop">H9 S4 C6</cards>
<action no="9" player="sbshskiw" type="4" discard="1" dealt="1" sum="0"/>
<action no="10" player="KOPKHUNKRAP" type="4" sum="0"/>
</round>
<round no="3"><cards type="Turn">S8</cards>
<action no="11" player="sbshskiw" type="5" discard="1" dealt="1" sum="213"/>
<action no="12" player="KOPKHUNKRAP" type="0" sum="0"/>
</round>
</game>
<game gamecode="6494009350"><general><startdate>2025-10-02 02:41:45</startdate>
<round>1</round>
<failsafecounter/>
<players><player seat="3" name="depelvss" chips="844" dealer="0" win="641" bet="308" muck="0" rebuy="0" addon="0" merge="0" rebuychips="0" reg_code="5063475721"/>
<player seat="6" name="sbshskiw" chips="308" dealer="1" win="0" bet="308" muck="0" rebuy="0" addon="0" merge="0" rebuychips="0" reg_code="5063476217"/>
<player seat="10" name="KOPKHUNKRAP" chips="348" dealer="0" win="0" bet="25" muck="1" rebuy="0" addon="0" merge="0" rebuychips="0" reg_code="5063476225"/>
</players>
</general>
<round no="0"><action no="1" player="KOPKHUNKRAP" type="15" sum="5"/>
<action no="2" player="depelvss" type="15" discard="1" dealt="1" sum="5"/>
<action no="3" player="sbshskiw" type="15" discard="1" dealt="1" sum="5"/>
<action no="4" player="KOPKHUNKRAP" type="1" sum="20"/>
<action no="5" player="depelvss" type="2" discard="1" dealt="1" sum="40"/>
</round>
<round no="1"><cards type="Pocket" player="sbshskiw">D2 S2</cards>
<cards type="Pocket" player="depelvss">H4 DA</cards>
<cards type="Pocket" player="KOPKHUNKRAP">C2 S10</cards>
<action no="6" player="sbshskiw" type="23" discard="1" dealt="1" sum="303"/>
<action no="7" player="KOPKHUNKRAP" type="0" sum="0"/>
<action no="8" player="depelvss" type="3" discard="1" dealt="1" sum="263"/>
</round>
<round no="2"><cards type="Flop">HQ DK C4</cards>
</round>
<round no="3"><cards type="Turn">HA</cards>
</round>
<round no="4"><cards type="River">D10</cards>
</round>
</game>
<game gamecode="6494009406"><general><startdate>2025-10-02 02:42:05</startdate>
<round>1</round>
<failsafecounter/>
<players><player seat="3" name="depelvss" chips="1,177" dealer="0" win="0" bet="65" muck="1" rebuy="0" addon="0" merge="0" rebuychips="0" reg_code="5063475721"/>
<player seat="10" name="KOPKHUNKRAP" chips="323" dealer="1" win="130" bet="323" muck="1" rebuy="0" addon="0" merge="0" rebuychips="0" reg_code="5063476225"/>
</players>
</general>
<round no="0"><action no="1" player="KOPKHUNKRAP" type="15" sum="5"/>
<action no="2" player="depelvss" type="15" discard="1" dealt="1" sum="5"/>
<action no="3" player="KOPKHUNKRAP" type="1" sum="30"/>
<action no="4" player="depelvss" type="2" discard="1" dealt="1" sum="60"/>
</round>
<round no="1"><cards type="Pocket" player="depelvss">X X</cards>
<cards type="Pocket" player="KOPKHUNKRAP">H7 D10</cards>
<action no="5" player="KOPKHUNKRAP" type="23" sum="318"/>
<action no="6" player="depelvss" type="0" discard="1" dealt="1" sum="0"/>
</round>
</game>
<game gamecode="6494009432"><general><startdate>2025-10-02 02:42:14</startdate>
<round>1</round>
<failsafecounter/>
<players><player seat="10" name="KOPKHUNKRAP" chips="388" dealer="0" win="0" bet="65" muck="1" rebuy="0" addon="0" merge="0" rebuychips="0" reg_code="5063476225"/>
<player seat="3" name="depelvss" chips="1,112" dealer="1" win="130" bet="1,112" muck="1" rebuy="0" addon="0" merge="0" rebuychips="0" reg_code="5063475721"/>
</players>
</general>
<round no="0"><action no="1" player="depelvss" type="15" discard="1" dealt="1" sum="5"/>
<action no="2" player="KOPKHUNKRAP" type="15" sum="5"/>
<action no="3" player="depelvss" type="1" discard="1" dealt="1" sum="30"/>
<action no="4" player="KOPKHUNKRAP" type="2" sum="60"/>
</round>
<round no="1"><cards type="Pocket" player="KOPKHUNKRAP">H10 C2</cards>
<cards type="Pocket" player="depelvss">X X</cards>
<action no="5" player="depelvss" type="23" discard="1" dealt="1" sum="1,107"/>
<action no="6" player="KOPKHUNKRAP" type="0" sum="0"/>
</round>
</game>
<game gamecode="6494009456"><general><startdate>2025-10-02 02:42:25</startdate>
<round>1</round>
<failsafecounter/>
<players><player seat="3" name="depelvss" chips="1,177" dealer="0" win="0" bet="65" muck="1" rebuy="0" addon="0" merge="0" rebuychips="0" reg_code="5063475721"/>
<player seat="10" name="KOPKHUNKRAP" chips="323" dealer="1" win="130" bet="323" muck="1" rebuy="0" addon="0" merge="0" rebuychips="0" reg_code="5063476225"/>
</players>
</general>
<round no="0"><action no="1" player="KOPKHUNKRAP" type="15" sum="5"/>
<action no="2" player="depelvss" type="15" discard="1" dealt="1" sum="5"/>
<action no="3" player="KOPKHUNKRAP" type="1" sum="30"/>
<action no="4" player="depelvss" type="2" discard="1" dealt="1" sum="60"/>
</round>
<round no="1"><cards type="Pocket" player="depelvss">X X</cards>
<cards type="Pocket" player="KOPKHUNKRAP">SJ S5</cards>
<action no="5" player="KOPKHUNKRAP" type="23" sum="318"/>
<action no="6" player="depelvss" type="0" discard="1" dealt="1" sum="0"/>
</round>
</game>
<game gamecode="6494009478"><general><startdate>2025-10-02 02:42:33</startdate>
<round>1</round>
<failsafecounter/>
<players><player seat="10" name="KOPKHUNKRAP" chips="388" dealer="0" win="0" bet="65" muck="1" rebuy="0" addon="0" merge="0" rebuychips="0" reg_code="5063476225"/>
<player seat="3" name="depelvss" chips="1,112" dealer="1" win="130" bet="125" muck="1" rebuy="0" addon="0" merge="0" rebuychips="0" reg_code="5063475721"/>
</players>
</general>
<round no="0"><action no="1" player="depelvss" type="15" discard="1" dealt="1" sum="5"/>
<action no="2" player="KOPKHUNKRAP" type="15" sum="5"/>
<action no="3" player="depelvss" type="1" discard="1" dealt="1" sum="30"/>
<action no="4" player="KOPKHUNKRAP" type="2" sum="60"/>
</round>
<round no="1"><cards type="Pocket" player="depelvss">X X</cards>
<cards type="Pocket" player="KOPKHUNKRAP">SJ C9</cards>
<action no="5" player="depelvss" type="3" discard="1" dealt="1" sum="30"/>
<action no="6" player="KOPKHUNKRAP" type="4" sum="0"/>
</round>
<round no="2"><cards type="Flop">HQ CQ D2</cards>
<action no="7" player="KOPKHUNKRAP" type="4" sum="0"/>
<action no="8" player="depelvss" type="5" discard="1" dealt="1" sum="60"/>
<action no="9" player="KOPKHUNKRAP" type="0" sum="0"/>
</round>
</game>
<game gamecode="6494009554"><general><startdate>2025-10-02 02:43:00</startdate>
<round>1</round>
<failsafecounter/>
<players><player seat="3" name="depelvss" chips="1,177" dealer="0" win="0" bet="65" muck="1" rebuy="0" addon="0" merge="0" rebuychips="0" reg_code="5063475721"/>
<player seat="10" name="KOPKHUNKRAP" chips="323" dealer="1" win="130" bet="323" muck="1" rebuy="0" addon="0" merge="0" rebuychips="0" reg_code="5063476225"/>
</players>
</general>
<round no="0"><action no="1" player="KOPKHUNKRAP" type="15" sum="5"/>
<action no="2" player="depelvss" type="15" discard="1" dealt="1" sum="5"/>
<action no="3" player="KOPKHUNKRAP" type="1" sum="30"/>
<action no="4" player="depelvss" type="2" discard="1" dealt="1" sum="60"/>
</round>
<round no="1"><cards type="Pocket" player="KOPKHUNKRAP">D3 CQ</cards>
<cards type="Pocket" player="depelvss">X X</cards>
<action no="5" player="KOPKHUNKRAP" type="23" sum="318"/>
<action no="6" player="depelvss" type="0" discard="1" dealt="1" sum="0"/>
</round>
</game>
<game gamecode="6494009576"><general><startdate>2025-10-02 02:43:09</startdate>
<round>1</round>
<failsafecounter/>
<players><player seat="10" name="KOPKHUNKRAP" chips="388" dealer="0" win="130" bet="388" muck="1" rebuy="0" addon="0" merge="0" rebuychips="0" reg_code="5063476225"/>
<player seat="3" name="depelvss" chips="1,112" dealer="1" win="0" bet="65" muck="1" rebuy="0" addon="0" merge="0" rebuychips="0" reg_code="5063475721"/>
</players>
</general>
<round no="0"><action no="1" player="depelvss" type="15" discard="1" dealt="1" sum="5"/>
<action no="2" player="KOPKHUNKRAP" type="15" sum="5"/>
<action no="3" player="depelvss" type="1" discard="1" dealt="1" sum="30"/>
<action no="4" player="KOPKHUNKRAP" type="2" sum="60"/>
</round>
<round no="1"><cards type="Pocket" player="KOPKHUNKRAP">D5 DQ</cards>
<cards type="Pocket" player="depelvss">X X</cards>
<action no="5" player="depelvss" type="3" discard="1" dealt="1" sum="30"/>
<action no="6" player="KOPKHUNKRAP" type="23" sum="383"/>
<action no="7" player="depelvss" type="0" discard="1" dealt="1" sum="0"/>
</round>
</game>
<game gamecode="6494009620"><general><startdate>2025-10-02 02:43:24</startdate>
<round>1</round>
<failsafecounter/>
<players><player seat="3" name="depelvss" chips="1,047" dealer="0" win="70" bet="65" muck="1" rebuy="0" addon="0" merge="0" rebuychips="0" reg_code="5063475721"/>
<player seat="10" name="KOPKHUNKRAP" chips="453" dealer="1" win="0" bet="35" muck="1" rebuy="0" addon="0" merge="0" rebuychips="0" reg_code="5063476225"/>
</players>
</general>
<round no="0"><action no="1" player="KOPKHUNKRAP" type="15" sum="5"/>
<action no="2" player="depelvss" type="15" discard="1" dealt="1" sum="5"/>
<action no="3" player="KOPKHUNKRAP" type="1" sum="30"/>
<action no="4" player="depelvss" type="2" discard="1" dealt="1" sum="60"/>
</round>
<round no="1"><cards type="Pocket" player="depelvss">X X</cards>
<cards type="Pocket" player="KOPKHUNKRAP">H3 S5</cards>
<action no="5" player="KOPKHUNKRAP" type="0" sum="0"/>
</round>
</game>
<game gamecode="6494009633"><general><startdate>2025-10-02 02:43:30</startdate>
<round>1</round>
<failsafecounter/>
<players><player seat="10" name="KOPKHUNKRAP" chips="418" dealer="0" win="0" bet="65" muck="1" rebuy="0" addon="0" merge="0" rebuychips="0" reg_code="5063476225"/>
<player seat="3" name="depelvss" chips="1,082" dealer="1" win="130" bet="1,082" muck="1" rebuy="0" addon="0" merge="0" rebuychips="0" reg_code="5063475721"/>
</players>
</general>
<round no="0"><action no="1" player="depelvss" type="15" discard="1" dealt="1" sum="5"/>
<action no="2" player="KOPKHUNKRAP" type="15" sum="5"/>
<action no="3" player="depelvss" type="1" discard="1" dealt="1" sum="30"/>
<action no="4" player="KOPKHUNKRAP" type="2" sum="60"/>
</round>
<round no="1"><cards type="Pocket" player="KOPKHUNKRAP">D6 S9</cards>
<cards type="Pocket" player="depelvss">X X</cards>
<action no="5" player="depelvss" type="23" discard="1" dealt="1" sum="1,077"/>
<action no="6" player="KOPKHUNKRAP" type="0" sum="0"/>
</round>
</game>
<game gamecode="6494009653"><general><startdate>2025-10-02 02:43:38</startdate>
<round>1</round>
<failsafecounter/>
<players><player seat="3" name="depelvss" chips="1,147" dealer="0" win="0" bet="353" muck="1" rebuy="0" addon="0" merge="0" rebuychips="0" reg_code="5063475721"/>
<player seat="10" name="KOPKHUNKRAP" chips="353" dealer="1" win="706" bet="353" muck="0" rebuy="0" addon="0" merge="0" rebuychips="0" reg_code="5063476225"/>
</players>
</general>
<round no="0"><action no="1" player="KOPKHUNKRAP" type="15" sum="8"/>
<action no="2" player="depelvss" type="15" discard="1" dealt="1" sum="8"/>
<action no="3" player="KOPKHUNKRAP" type="1" sum="40"/>
<action no="4" player="depelvss" type="2" discard="1" dealt="1" sum="80"/>
</round>
<round no="1"><cards type="Pocket" player="KOPKHUNKRAP">S4 S3</cards>
<cards type="Pocket" player="depelvss">D5 SQ</cards>
<action no="5" player="KOPKHUNKRAP" type="23" sum="345"/>
<action no="6" player="depelvss" type="3" discard="1" dealt="1" sum="265"/>
</round>
<round no="2"><cards type="Flop">D3 H8 SK</cards>
</round>
<round no="3"><cards type="Turn">D7</cards>
</round>
<round no="4"><cards type="River">DA</cards>
</round>
</game>
<game gamecode="6494009689"><general><startdate>2025-10-02 02:43:55</startdate>
<round>1</round>
<failsafecounter/>
<players><player seat="10" name="KOPKHUNKRAP" chips="706" dealer="0" win="1,412" bet="706" muck="0" rebuy="0" addon="0" merge="0" rebuychips="0" reg_code="5063476225"/>
<player seat="3" name="depelvss" chips="794" dealer="1" win="0" bet="794" muck="0" rebuy="0" addon="0" merge="0" rebuychips="0" reg_code="5063475721"/>
</players>
</general>
<round no="0"><action no="1" player="depelvss" type="15" discard="1" dealt="1" sum="8"/>
<action no="2" player="KOPKHUNKRAP" type="15" sum="8"/>
<action no="3" player="depelvss" type="1" discard="1" dealt="1" sum="40"/>
<action no="4" player="KOPKHUNKRAP" type="2" sum="80"/>
</round>
<round no="1"><cards type="Pocket" player="depelvss">CQ D8</cards>
<cards type="Pocket" player="KOPKHUNKRAP">H10 SQ</cards>
<action no="5" player="depelvss" type="23" discard="1" dealt="1" sum="786"/>
<action no="6" player="KOPKHUNKRAP" type="7" sum="618"/>
</round>
<round no="2"><cards type="Flop">C4 S3 DQ</cards>
</round>
<round no="3"><cards type="Turn">HJ</cards>
</round>
<round no="4"><cards type="River">S2</cards>
</round>
</game>
<game gamecode="6494009736"><general><startdate>2025-10-02 02:44:14</startdate>
<round>1</round>
<failsafecounter/>
<players><player seat="3" name="depelvss" chips="88" dealer="0" win="176" bet="88" muck="0" rebuy="0" addon="0" merge="0" rebuychips="0" reg_code="5063475721"/>
<player seat="10" name="KOPKHUNKRAP" chips="1,412" dealer="1" win="0" bet="88" muck="1" rebuy="0" addon="0" merge="0" rebuychips="0" reg_code="5063476225"/>
</players>
</general>
<round no="0"><action no="1" player="KOPKHUNKRAP" type="15" sum="8"/>
<action no="2" player="depelvss" type="15" discard="1" dealt="1" sum="8"/>
<action no="3" player="KOPKHUNKRAP" type="1" sum="40"/>
<action no="4" player="depelvss" type="2" discard="1" dealt="1" sum="80"/>
</round>
<round no="1"><cards type="Pocket" player="depelvss">HJ SA</cards>
<cards type="Pocket" player="KOPKHUNKRAP">H10 C6</cards>
<action no="5" player="KOPKHUNKRAP" type="3" sum="40"/>
</round>
<round no="2"><cards type="Flop">D9 CQ H4</cards>
</round>
<round no="3"><cards type="Turn">H6</cards>
</round>
<round no="4"><cards type="River">DJ</cards>
</round>
</game>
<game gamecode="6494009774"><general><startdate>2025-10-02 02:44:30</startdate>
<round>1</round>
<failsafecounter/>
<players><player seat="10" name="KOPKHUNKRAP" chips="1,324" dealer="0" win="0" bet="176" muck="1" rebuy="0" addon="0" merge="0" rebuychips="0" reg_code="5063476225"/>
<player seat="3" name="depelvss" chips="176" dealer="1" win="352" bet="176" muck="0" rebuy="0" addon="0" merge="0" rebuychips="0" reg_code="5063475721"/>
</players>
</general>
<round no="0"><action no="1" player="depelvss" type="15" discard="1" dealt="1" sum="8"/>
<action no="2" player="KOPKHUNKRAP" type="15" sum="8"/>
<action no="3" player="depelvss" type="1" discard="1" dealt="1" sum="40"/>
<action no="4" player="KOPKHUNKRAP" type="2" sum="80"/>
</round>
<round no="1"><cards type="Pocket" player="depelvss">S5 C5</cards>
<cards type="Pocket" player="KOPKHUNKRAP">S10 H7</cards>
<action no="5" player="depelvss" type="23" discard="1" dealt="1" sum="168"/>
<action no="6" player="KOPKHUNKRAP" type="3" sum="88"/>
</round>
<round no="2"><cards type="Flop">H3 DQ D9</cards>
</round>
<round no="3"><cards type="Turn">C2</cards>
</round>
<round no="4"><cards type="River">C3</cards>
</round>
</game>
<game gamecode="6494009820"><general><startdate>2025-10-02 02:44:46</startdate>
<round>1</round>
<failsafecounter/>
<players><player seat="3" name="depelvss" chips="352" dealer="0" win="0" bet="88" muck="1" rebuy="0" addon="0" merge="0" rebuychips="0" reg_code="5063475721"/>
<player seat="10" name="KOPKHUNKRAP" chips="1,148" dealer="1" win="176" bet="1,148" muck="1" rebuy="0" addon="0" merge="0" rebuychips="0" reg_code="5063476225"/>
</players>
</general>
<round no="0"><action no="1" player="KOPKHUNKRAP" type="15" sum="8"/>
<action no="2" player="depelvss" type="15" discard="1" dealt="1" sum="8"/>
<action no="3" player="KOPKHUNKRAP" type="1" sum="40"/>
<action no="4" player="depelvss" type="2" discard="1" dealt="1" sum="80"/>
</round>
<round no="1"><cards type="Pocket" player="depelvss">X X</cards>
<cards type="Pocket" player="KOPKHUNKRAP">H7 SQ</cards>
<action no="5" player="KOPKHUNKRAP" type="23" sum="1,140"/>
<action no="6" player="depelvss" type="0" discard="1" dealt="1" sum="0"/>
</round>
</game>
<game gamecode="6494009840"><general><startdate>2025-10-02 02:44:54</startdate>
<round>1</round>
<failsafecounter/>
<players><player seat="10" name="KOPKHUNKRAP" chips="1,236" dealer="0" win="528" bet="264" muck="0" rebuy="0" addon="0" merge="0" rebuychips="0" reg_code="5063476225"/>
<player seat="3" name="depelvss" chips="264" dealer="1" win="0" bet="264" muck="0" rebuy="0" addon="0" merge="0" rebuychips="0" reg_code="5063475721"/>
</players>
</general>
<round no="0"><action no="1" player="depelvss" type="15" discard="1" dealt="1" sum="8"/>
<action no="2" player="KOPKHUNKRAP" type="15" sum="8"/>
<action no="3" player="depelvss" type="1" discard="1" dealt="1" sum="40"/>
<action no="4" player="KOPKHUNKRAP" type="2" sum="80"/>
</round>
<round no="1"><cards type="Pocket" player="depelvss">H5 SJ</cards>
<cards type="Pocket" player="KOPKHUNKRAP">DK H6</cards>
<action no="5" player="depelvss" type="23" discard="1" dealt="1" sum="256"/>
<action no="6" player="KOPKHUNKRAP" type="3" sum="176"/>
</round>
<round no="2"><cards type="Flop">C9 HK C3</cards>
</round>
<round no="3"><cards type="Turn">S8</cards>
</round>
<round no="4"><cards type="River">DQ</cards>
</round>
</game>
</session>
