<?xml version="1.0" encoding="UTF-8"?>
<session sessioncode="5063474778">
<general>
<client_version>25.1.1.16</client_version>
<mode>real</mode>
<gametype>Holdem NL</gametype>
<tablename>Twister €200 SNG, 818868105</tablename>
<tournamentcode>818868104</tournamentcode>
<tournamentname>Twister €200 SNG</tournamentname>
<buyin>€0 + €12 + €188</buyin>
<totalbuyin>€200</totalbuyin>
<rewarddrawn>€600</rewarddrawn>
<tournamentcurrency>EUR</tournamentcurrency>
<currency>EUR</currency>
<nickname>KOPKHUNKRAP</nickname>
<gamecount>18</gamecount>
<startdate>2025-10-02 02:23:48</startdate>
<place>1</place>
<win>€600</win>
<tablesize>3</tablesize>
</general>
<game gamecode="6494000414"><general><startdate>2025-10-02 02:24:03</startdate>
<round>1</round>
<failsafecounter/>
<players><player seat="3" name="Thechosenoonee" chips="500" dealer="0" win="20" bet="20" muck="1" rebuy="0" addon="0" merge="0" rebuychips="0" reg_code="5063474715"/>
<player seat="6" name="KOPKHUNKRAP" chips="500" dealer="1" win="0" bet="0" muck="1" rebuy="0" addon="0" merge="0" rebuychips="0" reg_code="5063474778"/>
<player seat="10" name="pacca13" chips="500" dealer="0" win="0" bet="10" muck="1" rebuy="0" addon="0" merge="0" rebuychips="0" reg_code="5063474791"/>
</players>
</general>
<round no="0"><action no="1" player="pacca13" type="1" discard="1" dealt="1" sum="10"/>
<action no="2" player="Thechosenoonee" type="2" discard="1" dealt="1" sum="20"/>
</round>
<round no="1"><cards type="Pocket" player="pacca13">X X</cards>
<cards type="Pocket" player="Thechosenoonee">X X</cards>
<cards type="Pocket" player="KOPKHUNKRAP">H4 CA</cards>
<action no="3" player="KOPKHUNKRAP" type="0" sum="0"/>
<action no="4" player="pacca13" type="0" discard="1" dealt="1" sum="0"/>
</round>
</game>
<game gamecode="6494000453"><general><startdate>2025-10-02 02:24:26</startdate>
<round>1</round>
<failsafecounter/>
<players><player seat="6" name="KOPKHUNKRAP" chips="500" dealer="0" win="0" bet="20" muck="1" rebuy="0" addon="0" merge="0" rebuychips="0" reg_code="5063474778"/>
<player seat="10" name="pacca13" chips="490" dealer="1" win="50" bet="80" muck="1" rebuy="0" addon="0" merge="0" rebuychips="0" reg_code="5063474791"/>
<player seat="3" name="Thechosenoonee" chips="510" dealer="0" win="0" bet="10" muck="1" rebuy="0" addon="0" merge="0" rebuychips="0" reg_code="5063474715"/>
</players>
</general>
<round no="0"><action no="1" player="Thechosenoonee" type="1" discard="1" dealt="1" sum="10"/>
<action no="2" player="KOPKHUNKRAP" type="2" sum="20"/>
</round>
<round no="1"><cards type="Pocket" player="KOPKHUNKRAP">HQ H2</cards>
<cards type="Pocket" player="pacca13">X X</cards>
<cards type="Pocket" player="Thechosenoonee">X X</cards>
<action no="3" player="pacca13" type="23" discard="1" dealt="1" sum="80"/>
<action no="4" player="Thechosenoonee" type="0" discard="1" dealt="1" sum="0"/>
<action no="5" player="KOPKHUNKRAP" type="0" sum="0"/>
</round>
</game>
<game gamecode="6494000468"><general><startdate>2025-10-02 02:24:37</startdate>
<round>1</round>
<failsafecounter/>
<players><player seat="10" name="pacca13" chips="520" dealer="0" win="40" bet="80" muck="1" rebuy="0" addon="0" merge="0" rebuychips="0" reg_code="5063474791"/>
<player seat="3" name="Thechosenoonee" chips="500" dealer="1" win="0" bet="0" muck="1" rebuy="0" addon="0" merge="0" rebuychips="0" reg_code="5063474715"/>
<player seat="6" name="KOPKHUNKRAP" chips="480" dealer="0" win="0" bet="20" muck="1" rebuy="0" addon="0" merge="0" rebuychips="0" reg_code="5063474778"/>
</players>
</general>
<round no="0"><action no="1" player="KOPKHUNKRAP" type="1" sum="10"/>
<action no="2" player="pacca13" type="2" discard="1" dealt="1" sum="20"/>
</round>
<round no="1"><cards type="Pocket" player="KOPKHUNKRAP">D9 S10</cards>
<cards type="Pocket" player="Thechosenoonee">X X</cards>
<cards type="Pocket" player="pacca13">X X</cards>
<action no="3" player="Thechosenoonee" type="0" discard="1" dealt="1" sum="0"/>
<action no="4" player="KOPKHUNKRAP" type="3" sum="10"/>
<action no="5" player="pacca13" type="23" discard="1" dealt="1" sum="80"/>
<action no="6" player="KOPKHUNKRAP" type="0" sum="0"/>
</round>
</game>
<game gamecode="6494000525"><general><startdate>2025-10-02 02:25:10</startdate>
<round>1</round>
<failsafecounter/>
<players><player seat="3" name="Thechosenoonee" chips="500" dealer="0" win="0" bet="20" muck="1" rebuy="0" addon="0" merge="0" rebuychips="0" reg_code="5063474715"/>
<player seat="6" name="KOPKHUNKRAP" chips="460" dealer="1" win="0" bet="0" muck="1" rebuy="0" addon="0" merge="0" rebuychips="0" reg_code="5063474778"/>
<player seat="10" name="pacca13" chips="540" dealer="0" win="40" bet="80" muck="1" rebuy="0" addon="0" merge="0" rebuychips="0" reg_code="5063474791"/>
</players>
</general>
<round no="0"><action no="1" player="pacca13" type="1" discard="1" dealt="1" sum="10"/>
<action no="2" player="Thechosenoonee" type="2" discard="1" dealt="1" sum="20"/>
</round>
<round no="1"><cards type="Pocket" player="pacca13">X X</cards>
<cards type="Pocket" player="Thechosenoonee">X X</cards>
<cards type="Pocket" player="KOPKHUNKRAP">H7 SJ</cards>
<action no="3" player="KOPKHUNKRAP" type="0" sum="0"/>
<action no="4" player="pacca13" type="23" discard="1" dealt="1" sum="80"/>
<action no="5" player="Thechosenoonee" type="0" discard="1" dealt="1" sum="0"/>
</round>
</game>
<game gamecode="6494000547"><general><startdate>2025-10-02 02:25:23</startdate>
<round>1</round>
<failsafecounter/>
<players><player seat="6" name="KOPKHUNKRAP" chips="460" dealer="0" win="0" bet="20" muck="1" rebuy="0" addon="0" merge="0" rebuychips="0" reg_code="5063474778"/>
<player seat="10" name="pacca13" chips="560" dealer="1" win="50" bet="80" muck="1" rebuy="0" addon="0" merge="0" rebuychips="0" reg_code="5063474791"/>
<player seat="3" name="Thechosenoonee" chips="480" dealer="0" win="0" bet="10" muck="1" rebuy="0" addon="0" merge="0" rebuychips="0" reg_code="5063474715"/>
</players>
</general>
<round no="0"><action no="1" player="Thechosenoonee" type="1" discard="1" dealt="1" sum="10"/>
<action no="2" player="KOPKHUNKRAP" type="2" sum="20"/>
</round>
<round no="1"><cards type="Pocket" player="pacca13">X X</cards>
<cards type="Pocket" player="KOPKHUNKRAP">S3 H5</cards>
<cards type="Pocket" player="Thechosenoonee">X X</cards>
<action no="3" player="pacca13" type="23" discard="1" dealt="1" sum="80"/>
<action no="4" player="Thechosenoonee" type="0" discard="1" dealt="1" sum="0"/>
<action no="5" player="KOPKHUNKRAP" type="0" sum="0"/>
</round>
</game>
<game gamecode="6494000575"><general><startdate>2025-10-02 02:25:40</startdate>
<round>1</round>
<failsafecounter/>
<players><player seat="10" name="pacca13" chips="590" dealer="0" win="80" bet="80" muck="1" rebuy="0" addon="0" merge="0" rebuychips="0" reg_code="5063474791"/>
<player seat="3" name="Thechosenoonee" chips="470" dealer="1" win="0" bet="0" muck="1" rebuy="0" addon="0" merge="0" rebuychips="0" reg_code="5063474715"/>
<player seat="6" name="KOPKHUNKRAP" chips="440" dealer="0" win="0" bet="40" muck="1" rebuy="0" addon="0" merge="0" rebuychips="0" reg_code="5063474778"/>
</players>
</general>
<round no="0"><action no="1" player="KOPKHUNKRAP" type="1" sum="10"/>
<action no="2" player="pacca13" type="2" discard="1" dealt="1" sum="20"/>
</round>
<round no="1"><cards type="Pocket" player="pacca13">X X</cards>
<cards type="Pocket" player="Thechosenoonee">X X</cards>
<cards type="Pocket" player="KOPKHUNKRAP">CK D6</cards>
<action no="3" player="Thechosenoonee" type="0" discard="1" dealt="1" sum="0"/>
<action no="4" player="KOPKHUNKRAP" type="23" sum="40"/>
<action no="5" player="pacca13" type="23" discard="1" dealt="1" sum="80"/>
<action no="6" player="KOPKHUNKRAP" type="0" sum="0"/>
</round>
</game>
<game gamecode="6494000604"><general><startdate>2025-10-02 02:25:57</startdate>
<round>1</round>
<failsafecounter/>
<players><player seat="3" name="Thechosenoonee" chips="470" dealer="0" win="0" bet="35" muck="1" rebuy="0" addon="0" merge="0" rebuychips="0" reg_code="5063474715"/>
<player seat="6" name="KOPKHUNKRAP" chips="400" dealer="1" win="0" bet="5" muck="1" rebuy="0" addon="0" merge="0" rebuychips="0" reg_code="5063474778"/>
<player seat="10" name="pacca13" chips="630" dealer="0" win="75" bet="35" muck="0" rebuy="0" addon="0" merge="0" rebuychips="0" reg_code="5063474791"/>
</players>
</general>
<round no="0"><action no="1" player="pacca13" type="15" discard="1" dealt="1" sum="5"/>
<action no="2" player="Thechosenoonee" type="15" discard="1" dealt="1" sum="5"/>
<action no="3" player="KOPKHUNKRAP" type="15" sum="5"/>
<action no="4" player="pacca13" type="1" discard="1" dealt="1" sum="15"/>
<action no="5" player="Thechosenoonee" type="2" discard="1" dealt="1" sum="30"/>
</round>
<round no="1"><cards type="Pocket" player="KOPKHUNKRAP">S5 S4</cards>
<cards type="Pocket" player="Thechosenoonee">C3 H2</cards>
<cards type="Pocket" player="pacca13">CJ C2</cards>
<action no="6" player="KOPKHUNKRAP" type="0" sum="0"/>
<action no="7" player="pacca13" type="3" discard="1" dealt="1" sum="15"/>
<action no="8" player="Thechosenoonee" type="4" discard="1" dealt="1" sum="0"/>
</round>
<round no="2"><cards type="Flop">D10 D5 H10</cards>
<action no="9" player="pacca13" type="4" discard="1" dealt="1" sum="0"/>
<action no="10" player="Thechosenoonee" type="4" discard="1" dealt="1" sum="0"/>
</round>
<round no="3"><cards type="Turn">D7</cards>
<action no="11" player="pacca13" type="4" discard="1" dealt="1" sum="0"/>
<action no="12" player="Thechosenoonee" type="4" discard="1" dealt="1" sum="0"/>
</round>
<round no="4"><cards type="River">S7</cards>
<action no="13" player="pacca13" type="4" discard="1" dealt="1" sum="0"/>
<action no="14" player="Thechosenoonee" type="4" discard="1" dealt="1" sum="0"/>
</round>
</game>
<game gamecode="6494000646"><general><startdate>2025-10-02 02:26:24</startdate>
<round>1</round>
<failsafecounter/>
<players><player seat="6" name="KOPKHUNKRAP" chips="395" dealer="0" win="810" bet="395" muck="0" rebuy="0" addon="0" merge="0" rebuychips="0" reg_code="5063474778"/>
<player seat="10" name="pacca13" chips="670" dealer="1" win="0" bet="395" muck="1" rebuy="0" addon="0" merge="0" rebuychips="0" reg_code="5063474791"/>
<player seat="3" name="Thechosenoonee" chips="435" dealer="0" win="0" bet="20" muck="1" rebuy="0" addon="0" merge="0" rebuychips="0" reg_code="5063474715"/>
</players>
</general>
<round no="0"><action no="1" player="Thechosenoonee" type="15" discard="1" dealt="1" sum="5"/>
<action no="2" player="KOPKHUNKRAP" type="15" sum="5"/>
<action no="3" player="pacca13" type="15" discard="1" dealt="1" sum="5"/>
<action no="4" player="Thechosenoonee" type="1" discard="1" dealt="1" sum="15"/>
<action no="5" player="KOPKHUNKRAP" type="2" sum="30"/>
</round>
<round no="1"><cards type="Pocket" player="KOPKHUNKRAP">C7 C3</cards>
<cards type="Pocket" player="pacca13">C2 C5</cards>
<cards type="Pocket" player="Thechosenoonee">X X</cards>
<action no="6" player="pacca13" type="23" discard="1" dealt="1" sum="60"/>
<action no="7" player="Thechosenoonee" type="0" discard="1" dealt="1" sum="0"/>
<action no="8" player="KOPKHUNKRAP" type="3" sum="30"/>
</round>
<round no="2"><cards type="Flop">D8 C4 CA</cards>
<action no="9" player="KOPKHUNKRAP" type="4" sum="0"/>
<action no="10" player="pacca13" type="5" discard="1" dealt="1" sum="150"/>
<action no="11" player="KOPKHUNKRAP" type="23" sum="330"/>
<action no="12" player="pacca13" type="3" discard="1" dealt="1" sum="180"/>
</round>
<round no="3"><cards type="Turn">SJ</cards>
</round>
<round no="4"><cards type="River">C9</cards>
</round>
</game>
<game gamecode="6494000695"><general><startdate>2025-10-02 02:26:56</startdate>
<round>1</round>
<failsafecounter/>
<players><player seat="10" name="pacca13" chips="275" dealer="0" win="0" bet="35" muck="1" rebuy="0" addon="0" merge="0" rebuychips="0" reg_code="5063474791"/>
<player seat="3" name="Thechosenoonee" chips="415" dealer="1" win="90" bet="415" muck="1" rebuy="0" addon="0" merge="0" rebuychips="0" reg_code="5063474715"/>
<player seat="6" name="KOPKHUNKRAP" chips="810" dealer="0" win="0" bet="20" muck="1" rebuy="0" addon="0" merge="0" rebuychips="0" reg_code="5063474778"/>
</players>
</general>
<round no="0"><action no="1" player="KOPKHUNKRAP" type="15" sum="5"/>
<action no="2" player="pacca13" type="15" discard="1" dealt="1" sum="5"/>
<action no="3" player="Thechosenoonee" type="15" discard="1" dealt="1" sum="5"/>
<action no="4" player="KOPKHUNKRAP" type="1" sum="15"/>
<action no="5" player="pacca13" type="2" discard="1" dealt="1" sum="30"/>
</round>
<round no="1"><cards type="Pocket" player="KOPKHUNKRAP">C5 HK</cards>
<cards type="Pocket" player="Thechosenoonee">X X</cards>
<cards type="Pocket" player="pacca13">X X</cards>
<action no="6" player="Thechosenoonee" type="23" discard="1" dealt="1" sum="410"/>
<action no="7" player="KOPKHUNKRAP" type="0" sum="0"/>
<action no="8" player="pacca13" type="0" discard="1" dealt="1" sum="0"/>
</round>
</game>
<game gamecode="6494000709"><general><startdate>2025-10-02 02:27:06</startdate>
<round>1</round>
<failsafecounter/>
<players><player seat="3" name="Thechosenoonee" chips="470" dealer="0" win="0" bet="240" muck="1" rebuy="0" addon="0" merge="0" rebuychips="0" reg_code="5063474715"/>
<player seat="6" name="KOPKHUNKRAP" chips="790" dealer="1" win="0" bet="5" muck="1" rebuy="0" addon="0" merge="0" rebuychips="0" reg_code="5063474778"/>
<player seat="10" name="pacca13" chips="240" dealer="0" win="485" bet="240" muck="0" rebuy="0" addon="0" merge="0" rebuychips="0" reg_code="5063474791"/>
</players>
</general>
<round no="0"><action no="1" player="pacca13" type="15" discard="1" dealt="1" sum="5"/>
<action no="2" player="Thechosenoonee" type="15" discard="1" dealt="1" sum="5"/>
<action no="3" player="KOPKHUNKRAP" type="15" sum="5"/>
<action no="4" player="pacca13" type="1" discard="1" dealt="1" sum="15"/>
<action no="5" player="Thechosenoonee" type="2" discard="1" dealt="1" sum="30"/>
</round>
<round no="1"><cards type="Pocket" player="KOPKHUNKRAP">S8 D7</cards>
<cards type="Pocket" player="Thechosenoonee">CQ H10</cards>
<cards type="Pocket" player="pacca13">DA SJ</cards>
<action no="6" player="KOPKHUNKRAP" type="0" sum="0"/>
<action no="7" player="pacca13" type="23" discard="1" dealt="1" sum="235"/>
<action no="8" player="Thechosenoonee" type="3" discard="1" dealt="1" sum="205"/>
</round>
<round no="2"><cards type="Flop">C2 H4 C8</cards>
</round>
<round no="3"><cards type="Turn">C4</cards>
</round>
<round no="4"><cards type="River">H6</cards>
</round>
</game>
<game gamecode="6494000746"><general><startdate>2025-10-02 02:27:32</startdate>
<round>1</round>
<failsafecounter/>
<players><player seat="6" name="KOPKHUNKRAP" chips="785" dealer="0" win="0" bet="45" muck="1" rebuy="0" addon="0" merge="0" rebuychips="0" reg_code="5063474778"/>
<player seat="10" name="pacca13" chips="485" dealer="1" win="0" bet="5" muck="1" rebuy="0" addon="0" merge="0" rebuychips="0" reg_code="5063474791"/>
<player seat="3" name="Thechosenoonee" chips="230" dealer="0" win="95" bet="230" muck="1" rebuy="0" addon="0" merge="0" rebuychips="0" reg_code="5063474715"/>
</players>
</general>
<round no="0"><action no="1" player="Thechosenoonee" type="15" discard="1" dealt="1" sum="5"/>
<action no="2" player="KOPKHUNKRAP" type="15" sum="5"/>
<action no="3" player="pacca13" type="15" discard="1" dealt="1" sum="5"/>
<action no="4" player="Thechosenoonee" type="1" discard="1" dealt="1" sum="20"/>
<action no="5" player="KOPKHUNKRAP" type="2" sum="40"/>
</round>
<round no="1"><cards type="Pocket" player="KOPKHUNKRAP">CJ D2</cards>
<cards type="Pocket" player="pacca13">X X</cards>
<cards type="Pocket" player="Thechosenoonee">X X</cards>
<action no="6" player="pacca13" type="0" discard="1" dealt="1" sum="0"/>
<action no="7" player="Thechosenoonee" type="23" discard="1" dealt="1" sum="225"/>
<action no="8" player="KOPKHUNKRAP" type="0" sum="0"/>
</round>
</game>
<game gamecode="6494000763"><general><startdate>2025-10-02 02:27:43</startdate>
<round>1</round>
<failsafecounter/>
<players><player seat="10" name="pacca13" chips="480" dealer="0" win="965" bet="480" muck="0" rebuy="0" addon="0" merge="0" rebuychips="0" reg_code="5063474791"/>
<player seat="3" name="Thechosenoonee" chips="280" dealer="1" win="0" bet="5" muck="1" rebuy="0" addon="0" merge="0" rebuychips="0" reg_code="5063474715"/>
<player seat="6" name="KOPKHUNKRAP" chips="740" dealer="0" win="0" bet="740" muck="1" rebuy="0" addon="0" merge="0" rebuychips="0" reg_code="5063474778"/>
</players>
</general>
<round no="0"><action no="1" player="KOPKHUNKRAP" type="15" sum="5"/>
<action no="2" player="pacca13" type="15" discard="1" dealt="1" sum="5"/>
<action no="3" player="Thechosenoonee" type="15" discard="1" dealt="1" sum="5"/>
<action no="4" player="KOPKHUNKRAP" type="1" sum="20"/>
<action no="5" player="pacca13" type="2" discard="1" dealt="1" sum="40"/>
</round>
<round no="1"><cards type="Pocket" player="Thechosenoonee">X X</cards>
<cards type="Pocket" player="pacca13">CA D3</cards>
<cards type="Pocket" player="KOPKHUNKRAP">DA C7</cards>
<action no="6" player="Thechosenoonee" type="0" discard="1" dealt="1" sum="0"/>
<action no="7" player="KOPKHUNKRAP" type="23" sum="735"/>
<action no="8" player="pacca13" type="7" discard="1" dealt="1" sum="435"/>
</round>
<round no="2"><cards type="Flop">HQ C6 C5</cards>
</round>
<round no="3"><cards type="Turn">CJ</cards>
</round>
<round no="4"><cards type="River">CQ</cards>
</round>
</game>
<game gamecode="6494000788"><general><startdate>2025-10-02 02:28:04</startdate>
<round>1</round>
<failsafecounter/>
<players><player seat="3" name="Thechosenoonee" chips="275" dealer="0" win="95" bet="85" muck="1" rebuy="0" addon="0" merge="0" rebuychips="0" reg_code="5063474715"/>
<player seat="6" name="KOPKHUNKRAP" chips="260" dealer="1" win="0" bet="5" muck="1" rebuy="0" addon="0" merge="0" rebuychips="0" reg_code="5063474778"/>
<player seat="10" name="pacca13" chips="965" dealer="0" win="0" bet="45" muck="1" rebuy="0" addon="0" merge="0" rebuychips="0" reg_code="5063474791"/>
</players>
</general>
<round no="0"><action no="1" player="pacca13" type="15" discard="1" dealt="1" sum="5"/>
<action no="2" player="Thechosenoonee" type="15" discard="1" dealt="1" sum="5"/>
<action no="3" player="KOPKHUNKRAP" type="15" sum="5"/>
<action no="4" player="pacca13" type="1" discard="1" dealt="1" sum="20"/>
<action no="5" player="Thechosenoonee" type="2" discard="1" dealt="1" sum="40"/>
</round>
<round no="1"><cards type="Pocket" player="Thechosenoonee">X X</cards>
<cards type="Pocket" player="KOPKHUNKRAP">S4 C5</cards>
<cards type="Pocket" player="pacca13">X X</cards>
<action no="6" player="KOPKHUNKRAP" type="0" sum="0"/>
<action no="7" player="pacca13" type="3" discard="1" dealt="1" sum="20"/>
<action no="8" player="Thechosenoonee" type="4" discard="1" dealt="1" sum="0"/>
</round>
<round no="2"><cards type="Flop">H8 D9 CA</cards>
<action no="9" player="pacca13" type="4" discard="1" dealt="1" sum="0"/>
<action no="10" player="Thechosenoonee" type="5" discard="1" dealt="1" sum="40"/>
<action no="11" player="pacca13" type="0" discard="1" dealt="1" sum="0"/>
</round>
</game>
<game gamecode="6494000835"><general><startdate>2025-10-02 02:28:33</startdate>
<round>1</round>
<failsafecounter/>
<players><player seat="6" name="KOPKHUNKRAP" chips="255" dealer="0" win="0" bet="45" muck="1" rebuy="0" addon="0" merge="0" rebuychips="0" reg_code="5063474778"/>
<player seat="10" name="pacca13" chips="920" dealer="1" win="0" bet="5" muck="1" rebuy="0" addon="0" merge="0" rebuychips="0" reg_code="5063474791"/>
<player seat="3" name="Thechosenoonee" chips="325" dealer="0" win="95" bet="325" muck="1" rebuy="0" addon="0" merge="0" rebuychips="0" reg_code="5063474715"/>
</players>
</general>
<round no="0"><action no="1" player="Thechosenoonee" type="15" discard="1" dealt="1" sum="5"/>
<action no="2" player="KOPKHUNKRAP" type="15" sum="5"/>
<action no="3" player="pacca13" type="15" discard="1" dealt="1" sum="5"/>
<action no="4" player="Thechosenoonee" type="1" discard="1" dealt="1" sum="20"/>
<action no="5" player="KOPKHUNKRAP" type="2" sum="40"/>
</round>
<round no="1"><cards type="Pocket" player="Thechosenoonee">X X</cards>
<cards type="Pocket" player="pacca13">X X</cards>
<cards type="Pocket" player="KOPKHUNKRAP">C10 H4</cards>
<action no="6" player="pacca13" type="0" discard="1" dealt="1" sum="0"/>
<action no="7" player="Thechosenoonee" type="23" discard="1" dealt="1" sum="320"/>
<action no="8" player="KOPKHUNKRAP" type="0" sum="0"/>
</round>
</game>
<game gamecode="6494006653"><general><startdate>2025-10-02 02:28:46</startdate>
<round>1</round>
<failsafecounter/>
<players><player seat="10" name="pacca13" chips="915" dealer="0" win="0" bet="210" muck="1" rebuy="0" addon="0" merge="0" rebuychips="0" reg_code="5063474791"/>
<player seat="3" name="Thechosenoonee" chips="375" dealer="1" win="0" bet="5" muck="1" rebuy="0" addon="0" merge="0" rebuychips="0" reg_code="5063474715"/>
<player seat="6" name="KOPKHUNKRAP" chips="210" dealer="0" win="425" bet="210" muck="0" rebuy="0" addon="0" merge="0" rebuychips="0" reg_code="5063474778"/>
</players>
</general>
<round no="0"><action no="1" player="KOPKHUNKRAP" type="15" sum="5"/>
<action no="2" player="pacca13" type="15" discard="1" dealt="1" sum="5"/>
<action no="3" player="Thechosenoonee" type="15" discard="1" dealt="1" sum="5"/>
<action no="4" player="KOPKHUNKRAP" type="1" sum="20"/>
<action no="5" player="pacca13" type="2" discard="1" dealt="1" sum="40"/>
</round>
<round no="1"><cards type="Pocket" player="pacca13">SK CQ</cards>
<cards type="Pocket" player="KOPKHUNKRAP">DJ D9</cards>
<cards type="Pocket" player="Thechosenoonee">X X</cards>
<action no="6" player="Thechosenoonee" type="0" discard="1" dealt="1" sum="0"/>
<action no="7" player="KOPKHUNKRAP" type="23" sum="205"/>
<action no="8" player="pacca13" type="3" discard="1" dealt="1" sum="165"/>
</round>
<round no="2"><cards type="Flop">C6 H9 S8</cards>
</round>
<round no="3"><cards type="Turn">C3</cards>
</round>
<round no="4"><cards type="River">H7</cards>
</round>
</game>
<game gamecode="6494006688"><general><startdate>2025-10-02 02:29:07</startdate>
<round>1</round>
<failsafecounter/>
<players><player seat="3" name="Thechosenoonee" chips="370" dealer="0" win="75" bet="65" muck="1" rebuy="0" addon="0" merge="0" rebuychips="0" reg_code="5063474715"/>
<player seat="6" name="KOPKHUNKRAP" chips="425" dealer="1" win="0" bet="5" muck="1" rebuy="0" addon="0" merge="0" rebuychips="0" reg_code="5063474778"/>
<player seat="10" name="pacca13" chips="705" dealer="0" win="0" bet="35" muck="1" rebuy="0" addon="0" merge="0" rebuychips="0" reg_code="5063474791"/>
</players>
</general>
<round no="0"><action no="1" player="pacca13" type="15" discard="1" dealt="1" sum="5"/>
<action no="2" player="Thechosenoonee" type="15" discard="1" dealt="1" sum="5"/>
<action no="3" player="KOPKHUNKRAP" type="15" sum="5"/>
<action no="4" player="pacca13" type="1" discard="1" dealt="1" sum="30"/>
<action no="5" player="Thechosenoonee" type="2" discard="1" dealt="1" sum="60"/>
</round>
<round no="1"><cards type="Pocket" player="KOPKHUNKRAP">DQ C7</cards>
<cards type="Pocket" player="pacca13">X X</cards>
<cards type="Pocket" player="Thechosenoonee">X X</cards>
<action no="6" player="KOPKHUNKRAP" type="0" sum="0"/>
<action no="7" player="pacca13" type="0" discard="1" dealt="1" sum="0"/>
</round>
</game>
<game gamecode="6494006701"><general><startdate>2025-10-02 02:29:16</startdate>
<round>1</round>
<failsafecounter/>
<players><player seat="6" name="KOPKHUNKRAP" chips="420" dealer="0" win="875" bet="420" muck="0" rebuy="0" addon="0" merge="0" rebuychips="0" reg_code="5063474778"/>
<player seat="10" name="pacca13" chips="670" dealer="1" win="0" bet="420" muck="1" rebuy="0" addon="0" merge="0" rebuychips="0" reg_code="5063474791"/>
<player seat="3" name="Thechosenoonee" chips="410" dealer="0" win="0" bet="35" muck="1" rebuy="0" addon="0" merge="0" rebuychips="0" reg_code="5063474715"/>
</players>
</general>
<round no="0"><action no="1" player="Thechosenoonee" type="15" discard="1" dealt="1" sum="5"/>
<action no="2" player="KOPKHUNKRAP" type="15" sum="5"/>
<action no="3" player="pacca13" type="15" discard="1" dealt="1" sum="5"/>
<action no="4" player="Thechosenoonee" type="1" discard="1" dealt="1" sum="30"/>
<action no="5" player="KOPKHUNKRAP" type="2" sum="60"/>
</round>
<round no="1"><cards type="Pocket" player="KOPKHUNKRAP">SK S2</cards>
<cards type="Pocket" player="pacca13">H9 S10</cards>
<cards type="Pocket" player="Thechosenoonee">X X</cards>
<action no="6" player="pacca13" type="3" discard="1" dealt="1" sum="60"/>
<action no="7" player="Thechosenoonee" type="0" discard="1" dealt="1" sum="0"/>
<action no="8" player="KOPKHUNKRAP" type="4" sum="0"/>
</round>
<round no="2"><cards type="Flop">C6 C10 CK</cards>
<action no="9" player="KOPKHUNKRAP" type="4" sum="0"/>
<action no="10" player="pacca13" type="5" discard="1" dealt="1" sum="165"/>
<action no="11" player="KOPKHUNKRAP" type="23" sum="355"/>
<action no="12" player="pacca13" type="3" discard="1" dealt="1" sum="190"/>
</round>
<round no="3"><cards type="Turn">C3</cards>
</round>
<round no="4"><cards type="River">H6</cards>
</round>
</game>
<game gamecode="6494006753"><general><startdate>2025-10-02 02:29:48</startdate>
<round>1</round>
<failsafecounter/>
<players><player seat="10" name="pacca13" chips="250" dealer="0" win="0" bet="250" muck="0" rebuy="0" addon="0" merge="0" rebuychips="0" reg_code="5063474791"/>
<player seat="3" name="Thechosenoonee" chips="375" dealer="1" win="0" bet="375" muck="1" rebuy="0" addon="0" merge="0" rebuychips="0" reg_code="5063474715"/>
<player seat="6" name="KOPKHUNKRAP" chips="875" dealer="0" win="1,000" bet="685" muck="0" rebuy="0" addon="0" merge="0" rebuychips="0" reg_code="5063474778"/>
</players>
</general>
<round no="0"><action no="1" player="KOPKHUNKRAP" type="15" sum="5"/>
<action no="2" player="pacca13" type="15" discard="1" dealt="1" sum="5"/>
<action no="3" player="Thechosenoonee" type="15" discard="1" dealt="1" sum="5"/>
<action no="4" player="KOPKHUNKRAP" type="1" sum="30"/>
<action no="5" player="pacca13" type="2" discard="1" dealt="1" sum="60"/>
</round>
<round no="1"><cards type="Pocket" player="KOPKHUNKRAP">SA C10</cards>
<cards type="Pocket" player="Thechosenoonee">SJ C9</cards>
<cards type="Pocket" player="pacca13">C5 HA</cards>
<action no="6" player="Thechosenoonee" type="23" discard="1" dealt="1" sum="370"/>
<action no="7" player="KOPKHUNKRAP" type="23" sum="680"/>
<action no="8" player="pacca13" type="7" discard="1" dealt="1" sum="185"/>
</round>
<round no="2"><cards type="Flop">S10 S7 D9</cards>
</round>
<round no="3"><cards type="Turn">D10</cards>
</round>
<round no="4"><cards type="River">H2</cards>
</round>
</game>
</session>
