<?xml version="1.0" encoding="UTF-8"?>
<session sessioncode="5063472442">
<general>
<client_version>25.1.1.16</client_version>
<mode>real</mode>
<gametype>Holdem NL</gametype>
<tablename>Twister €200 SNG, 818867327</tablename>
<tournamentcode>818867326</tournamentcode>
<tournamentname>Twister €200 SNG</tournamentname>
<buyin>€0 + €12 + €188</buyin>
<totalbuyin>€200</totalbuyin>
<rewarddrawn>€600</rewarddrawn>
<tournamentcurrency>EUR</tournamentcurrency>
<currency>EUR</currency>
<nickname>KOPKHUNKRAP</nickname>
<gamecount>9</gamecount>
<startdate>2025-10-02 02:03:47</startdate>
<place>3</place>
<win>€0</win>
<tablesize>3</tablesize>
</general>
<game gamecode="6493991096"><general><startdate>2025-10-02 02:04:02</startdate>
<round>1</round>
<failsafecounter/>
<players><player seat="10" name="pacca13" chips="500" dealer="0" win="132" bet="198" muck="1" rebuy="0" addon="0" merge="0" rebuychips="0" reg_code="5063472529"/>
<player seat="3" name="Thechosenoonee" chips="500" dealer="1" win="0" bet="0" muck="1" rebuy="0" addon="0" merge="0" rebuychips="0" reg_code="5063472339"/>
<player seat="6" name="KOPKHUNKRAP" chips="500" dealer="0" win="0" bet="66" muck="1" rebuy="0" addon="0" merge="0" rebuychips="0" reg_code="5063472442"/>
</players>
</general>
<round no="0"><action no="1" player="KOPKHUNKRAP" type="1" sum="10"/>
<action no="2" player="pacca13" type="2" discard="1" dealt="1" sum="20"/>
</round>
<round no="1"><cards type="Pocket" player="Thechosenoonee">X X</cards>
<cards type="Pocket" player="pacca13">X X</cards>
<cards type="Pocket" player="KOPKHUNKRAP">H6 HQ</cards>
<action no="3" player="Thechosenoonee" type="0" discard="1" dealt="1" sum="0"/>
<action no="4" player="KOPKHUNKRAP" type="23" sum="40"/>
<action no="5" player="pacca13" type="3" discard="1" dealt="1" sum="20"/>
</round>
<round no="2"><cards type="Flop">C4 HA D6</cards>
<action no="6" player="KOPKHUNKRAP" type="5" sum="26"/>
<action no="7" player="pacca13" type="23" discard="1" dealt="1" sum="158"/>
<action no="8" player="KOPKHUNKRAP" type="0" sum="0"/>
</round>
</game>
<game gamecode="6493991139"><general><startdate>2025-10-02 02:04:31</startdate>
<round>1</round>
<failsafecounter/>
<players><player seat="3" name="Thechosenoonee" chips="500" dealer="0" win="0" bet="20" muck="1" rebuy="0" addon="0" merge="0" rebuychips="0" reg_code="5063472339"/>
<player seat="6" name="KOPKHUNKRAP" chips="434" dealer="1" win="0" bet="0" muck="1" rebuy="0" addon="0" merge="0" rebuychips="0" reg_code="5063472442"/>
<player seat="10" name="pacca13" chips="566" dealer="0" win="40" bet="40" muck="1" rebuy="0" addon="0" merge="0" rebuychips="0" reg_code="5063472529"/>
</players>
</general>
<round no="0"><action no="1" player="pacca13" type="1" discard="1" dealt="1" sum="10"/>
<action no="2" player="Thechosenoonee" type="2" discard="1" dealt="1" sum="20"/>
</round>
<round no="1"><cards type="Pocket" player="Thechosenoonee">X X</cards>
<cards type="Pocket" player="KOPKHUNKRAP">H10 D9</cards>
<cards type="Pocket" player="pacca13">X X</cards>
<action no="3" player="KOPKHUNKRAP" type="0" sum="0"/>
<action no="4" player="pacca13" type="23" discard="1" dealt="1" sum="40"/>
<action no="5" player="Thechosenoonee" type="0" discard="1" dealt="1" sum="0"/>
</round>
</game>
<game gamecode="6493991157"><general><startdate>2025-10-02 02:04:42</startdate>
<round>1</round>
<failsafecounter/>
<players><player seat="6" name="KOPKHUNKRAP" chips="434" dealer="0" win="0" bet="20" muck="1" rebuy="0" addon="0" merge="0" rebuychips="0" reg_code="5063472442"/>
<player seat="10" name="pacca13" chips="586" dealer="1" win="50" bet="80" muck="1" rebuy="0" addon="0" merge="0" rebuychips="0" reg_code="5063472529"/>
<player seat="3" name="Thechosenoonee" chips="480" dealer="0" win="0" bet="10" muck="1" rebuy="0" addon="0" merge="0" rebuychips="0" reg_code="5063472339"/>
</players>
</general>
<round no="0"><action no="1" player="Thechosenoonee" type="1" discard="1" dealt="1" sum="10"/>
<action no="2" player="KOPKHUNKRAP" type="2" sum="20"/>
</round>
<round no="1"><cards type="Pocket" player="pacca13">X X</cards>
<cards type="Pocket" player="KOPKHUNKRAP">C10 D9</cards>
<cards type="Pocket" player="Thechosenoonee">X X</cards>
<action no="3" player="pacca13" type="23" discard="1" dealt="1" sum="80"/>
<action no="4" player="Thechosenoonee" type="0" discard="1" dealt="1" sum="0"/>
<action no="5" player="KOPKHUNKRAP" type="0" sum="0"/>
</round>
</game>
<game gamecode="6493991181"><general><startdate>2025-10-02 02:04:55</startdate>
<round>1</round>
<failsafecounter/>
<players><player seat="10" name="pacca13" chips="616" dealer="0" win="20" bet="20" muck="1" rebuy="0" addon="0" merge="0" rebuychips="0" reg_code="5063472529"/>
<player seat="3" name="Thechosenoonee" chips="470" dealer="1" win="0" bet="0" muck="1" rebuy="0" addon="0" merge="0" rebuychips="0" reg_code="5063472339"/>
<player seat="6" name="KOPKHUNKRAP" chips="414" dealer="0" win="0" bet="10" muck="1" rebuy="0" addon="0" merge="0" rebuychips="0" reg_code="5063472442"/>
</players>
</general>
<round no="0"><action no="1" player="KOPKHUNKRAP" type="1" sum="10"/>
<action no="2" player="pacca13" type="2" discard="1" dealt="1" sum="20"/>
</round>
<round no="1"><cards type="Pocket" player="Thechosenoonee">X X</cards>
<cards type="Pocket" player="pacca13">X X</cards>
<cards type="Pocket" player="KOPKHUNKRAP">H8 H3</cards>
<action no="3" player="Thechosenoonee" type="0" discard="1" dealt="1" sum="0"/>
<action no="4" player="KOPKHUNKRAP" type="0" sum="0"/>
</round>
</game>
<game gamecode="6493991205"><general><startdate>2025-10-02 02:05:06</startdate>
<round>1</round>
<failsafecounter/>
<players><player seat="3" name="Thechosenoonee" chips="470" dealer="0" win="0" bet="20" muck="1" rebuy="0" addon="0" merge="0" rebuychips="0" reg_code="5063472339"/>
<player seat="6" name="KOPKHUNKRAP" chips="404" dealer="1" win="760" bet="404" muck="1" rebuy="0" addon="0" merge="0" rebuychips="0" reg_code="5063472442"/>
<player seat="10" name="pacca13" chips="626" dealer="0" win="0" bet="370" muck="1" rebuy="0" addon="0" merge="0" rebuychips="0" reg_code="5063472529"/>
</players>
</general>
<round no="0"><action no="1" player="pacca13" type="1" discard="1" dealt="1" sum="10"/>
<action no="2" player="Thechosenoonee" type="2" discard="1" dealt="1" sum="20"/>
</round>
<round no="1"><cards type="Pocket" player="pacca13">X X</cards>
<cards type="Pocket" player="Thechosenoonee">X X</cards>
<cards type="Pocket" player="KOPKHUNKRAP">HJ CQ</cards>
<action no="3" player="KOPKHUNKRAP" type="23" sum="40"/>
<action no="4" player="pacca13" type="3" discard="1" dealt="1" sum="30"/>
<action no="5" player="Thechosenoonee" type="0" discard="1" dealt="1" sum="0"/>
</round>
<round no="2"><cards type="Flop">CJ DQ S3</cards>
<action no="6" player="pacca13" type="5" discard="1" dealt="1" sum="50"/>
<action no="7" player="KOPKHUNKRAP" type="3" sum="50"/>
</round>
<round no="3"><cards type="Turn">S4</cards>
<action no="8" player="pacca13" type="5" discard="1" dealt="1" sum="140"/>
<action no="9" player="KOPKHUNKRAP" type="3" sum="140"/>
</round>
<round no="4"><cards type="River">CK</cards>
<action no="10" player="pacca13" type="5" discard="1" dealt="1" sum="140"/>
<action no="11" player="KOPKHUNKRAP" type="7" sum="174"/>
<action no="12" player="pacca13" type="0" discard="1" dealt="1" sum="0"/>
</round>
</game>
<game gamecode="6493991329"><general><startdate>2025-10-02 02:06:20</startdate>
<round>1</round>
<failsafecounter/>
<players><player seat="6" name="KOPKHUNKRAP" chips="794" dealer="0" win="0" bet="794" muck="1" rebuy="0" addon="0" merge="0" rebuychips="0" reg_code="5063472442"/>
<player seat="10" name="pacca13" chips="256" dealer="1" win="0" bet="35" muck="1" rebuy="0" addon="0" merge="0" rebuychips="0" reg_code="5063472529"/>
<player seat="3" name="Thechosenoonee" chips="450" dealer="0" win="935" bet="450" muck="0" rebuy="0" addon="0" merge="0" rebuychips="0" reg_code="5063472339"/>
</players>
</general>
<round no="0"><action no="1" player="Thechosenoonee" type="15" discard="1" dealt="1" sum="5"/>
<action no="2" player="KOPKHUNKRAP" type="15" sum="5"/>
<action no="3" player="pacca13" type="15" discard="1" dealt="1" sum="5"/>
<action no="4" player="Thechosenoonee" type="1" discard="1" dealt="1" sum="15"/>
<action no="5" player="KOPKHUNKRAP" type="2" sum="30"/>
</round>
<round no="1"><cards type="Pocket" player="Thechosenoonee">HJ CQ</cards>
<cards type="Pocket" player="KOPKHUNKRAP">DQ C9</cards>
<cards type="Pocket" player="pacca13">X X</cards>
<action no="6" player="pacca13" type="3" discard="1" dealt="1" sum="30"/>
<action no="7" player="Thechosenoonee" type="3" discard="1" dealt="1" sum="15"/>
<action no="8" player="KOPKHUNKRAP" type="4" sum="0"/>
</round>
<round no="2"><cards type="Flop">S8 SQ D2</cards>
<action no="9" player="Thechosenoonee" type="4" discard="1" dealt="1" sum="0"/>
<action no="10" player="KOPKHUNKRAP" type="4" sum="0"/>
<action no="11" player="pacca13" type="4" discard="1" dealt="1" sum="0"/>
</round>
<round no="3"><cards type="Turn">SJ</cards>
<action no="12" player="Thechosenoonee" type="5" discard="1" dealt="1" sum="78"/>
<action no="13" player="KOPKHUNKRAP" type="23" sum="759"/>
<action no="14" player="pacca13" type="0" discard="1" dealt="1" sum="0"/>
<action no="15" player="Thechosenoonee" type="7" discard="1" dealt="1" sum="337"/>
</round>
<round no="4"><cards type="River">S4</cards>
</round>
</game>
<game gamecode="6493991414"><general><startdate>2025-10-02 02:07:19</startdate>
<round>1</round>
<failsafecounter/>
<players><player seat="10" name="pacca13" chips="221" dealer="0" win="0" bet="35" muck="1" rebuy="0" addon="0" merge="0" rebuychips="0" reg_code="5063472529"/>
<player seat="3" name="Thechosenoonee" chips="935" dealer="1" win="0" bet="5" muck="1" rebuy="0" addon="0" merge="0" rebuychips="0" reg_code="5063472339"/>
<player seat="6" name="KOPKHUNKRAP" chips="344" dealer="0" win="75" bet="344" muck="1" rebuy="0" addon="0" merge="0" rebuychips="0" reg_code="5063472442"/>
</players>
</general>
<round no="0"><action no="1" player="KOPKHUNKRAP" type="15" sum="5"/>
<action no="2" player="pacca13" type="15" discard="1" dealt="1" sum="5"/>
<action no="3" player="Thechosenoonee" type="15" discard="1" dealt="1" sum="5"/>
<action no="4" player="KOPKHUNKRAP" type="1" sum="15"/>
<action no="5" player="pacca13" type="2" discard="1" dealt="1" sum="30"/>
</round>
<round no="1"><cards type="Pocket" player="KOPKHUNKRAP">HQ H4</cards>
<cards type="Pocket" player="pacca13">X X</cards>
<cards type="Pocket" player="Thechosenoonee">X X</cards>
<action no="6" player="Thechosenoonee" type="0" discard="1" dealt="1" sum="0"/>
<action no="7" player="KOPKHUNKRAP" type="23" sum="339"/>
<action no="8" player="pacca13" type="0" discard="1" dealt="1" sum="0"/>
</round>
</game>
<game gamecode="6493991431"><general><startdate>2025-10-02 02:07:29</startdate>
<round>1</round>
<failsafecounter/>
<players><player seat="3" name="Thechosenoonee" chips="930" dealer="0" win="0" bet="45" muck="1" rebuy="0" addon="0" merge="0" rebuychips="0" reg_code="5063472339"/>
<player seat="6" name="KOPKHUNKRAP" chips="384" dealer="1" win="0" bet="5" muck="1" rebuy="0" addon="0" merge="0" rebuychips="0" reg_code="5063472442"/>
<player seat="10" name="pacca13" chips="186" dealer="0" win="95" bet="85" muck="1" rebuy="0" addon="0" merge="0" rebuychips="0" reg_code="5063472529"/>
</players>
</general>
<round no="0"><action no="1" player="pacca13" type="15" discard="1" dealt="1" sum="5"/>
<action no="2" player="Thechosenoonee" type="15" discard="1" dealt="1" sum="5"/>
<action no="3" player="KOPKHUNKRAP" type="15" sum="5"/>
<action no="4" player="pacca13" type="1" discard="1" dealt="1" sum="20"/>
<action no="5" player="Thechosenoonee" type="2" discard="1" dealt="1" sum="40"/>
</round>
<round no="1"><cards type="Pocket" player="pacca13">X X</cards>
<cards type="Pocket" player="Thechosenoonee">X X</cards>
<cards type="Pocket" player="KOPKHUNKRAP">H3 S9</cards>
<action no="6" player="KOPKHUNKRAP" type="0" sum="0"/>
<action no="7" player="pacca13" type="23" discard="1" dealt="1" sum="80"/>
<action no="8" player="Thechosenoonee" type="0" discard="1" dealt="1" sum="0"/>
</round>
</game>
<game gamecode="6493991448"><general><startdate>2025-10-02 02:07:40</startdate>
<round>1</round>
<failsafecounter/>
<players><player seat="6" name="KOPKHUNKRAP" chips="379" dealer="0" win="0" bet="379" muck="0" rebuy="0" addon="0" merge="0" rebuychips="0" reg_code="5063472442"/>
<player seat="10" name="pacca13" chips="236" dealer="1" win="0" bet="5" muck="1" rebuy="0" addon="0" merge="0" rebuychips="0" reg_code="5063472529"/>
<player seat="3" name="Thechosenoonee" chips="885" dealer="0" win="763" bet="379" muck="0" rebuy="0" addon="0" merge="0" rebuychips="0" reg_code="5063472339"/>
</players>
</general>
<round no="0"><action no="1" player="Thechosenoonee" type="15" discard="1" dealt="1" sum="5"/>
<action no="2" player="KOPKHUNKRAP" type="15" sum="5"/>
<action no="3" player="pacca13" type="15" discard="1" dealt="1" sum="5"/>
<action no="4" player="Thechosenoonee" type="1" discard="1" dealt="1" sum="20"/>
<action no="5" player="KOPKHUNKRAP" type="2" sum="40"/>
</round>
<round no="1"><cards type="Pocket" player="pacca13">X X</cards>
<cards type="Pocket" player="KOPKHUNKRAP">CA C3</cards>
<cards type="Pocket" player="Thechosenoonee">HA DA</cards>
<action no="6" player="pacca13" type="0" discard="1" dealt="1" sum="0"/>
<action no="7" player="Thechosenoonee" type="3" discard="1" dealt="1" sum="20"/>
<action no="8" player="KOPKHUNKRAP" type="23" sum="374"/>
<action no="9" player="Thechosenoonee" type="3" discard="1" dealt="1" sum="334"/>
</round>
<round no="2"><cards type="Flop">S5 D2 H7</cards>
</round>
<round no="3"><cards type="Turn">S9</cards>
</round>
<round no="4"><cards type="River">C8</cards>
</round>
</game>
</session>
