<?xml version="1.0" encoding="UTF-8"?>
<session sessioncode="5063477002">
<general>
<client_version>25.1.1.16</client_version>
<mode>real</mode>
<gametype>Holdem NL</gametype>
<tablename>Twister €200 SNG, 818868364</tablename>
<tournamentcode>818868363</tournamentcode>
<tournamentname>Twister €200 SNG</tournamentname>
<buyin>€0 + €12 + €188</buyin>
<totalbuyin>€200</totalbuyin>
<rewarddrawn>€800</rewarddrawn>
<tournamentcurrency>EUR</tournamentcurrency>
<currency>EUR</currency>
<nickname>KOPKHUNKRAP</nickname>
<gamecount>25</gamecount>
<startdate>2025-10-02 02:45:20</startdate>
<place>2</place>
<win>€0</win>
<tablesize>3</tablesize>
</general>
<game gamecode="6494004689"><general><startdate>2025-10-02 02:45:35</startdate>
<round>1</round>
<failsafecounter/>
<players><player seat="10" name="sbshskiw" chips="500" dealer="0" win="0" bet="80" muck="1" rebuy="0" addon="0" merge="0" rebuychips="0" reg_code="5063477015"/>
<player seat="3" name="KOPKHUNKRAP" chips="500" dealer="1" win="240" bet="200" muck="1" rebuy="0" addon="0" merge="0" rebuychips="0" reg_code="5063477002"/>
<player seat="6" name="depelvss" chips="500" dealer="0" win="0" bet="80" muck="1" rebuy="0" addon="0" merge="0" rebuychips="0" reg_code="5063477006"/>
</players>
</general>
<round no="0"><action no="1" player="depelvss" type="1" discard="1" dealt="1" sum="10"/>
<action no="2" player="sbshskiw" type="2" discard="1" dealt="1" sum="20"/>
</round>
<round no="1"><cards type="Pocket" player="KOPKHUNKRAP">C8 CQ</cards>
<cards type="Pocket" player="sbshskiw">X X</cards>
<cards type="Pocket" player="depelvss">X X</cards>
<action no="3" player="KOPKHUNKRAP" type="23" sum="40"/>
<action no="4" player="depelvss" type="3" discard="1" dealt="1" sum="30"/>
<action no="5" player="sbshskiw" type="3" discard="1" dealt="1" sum="20"/>
</round>
<round no="2"><cards type="Flop">D8 S7 S8</cards>
<action no="6" player="depelvss" type="4" discard="1" dealt="1" sum="0"/>
<action no="7" player="sbshskiw" type="4" discard="1" dealt="1" sum="0"/>
<action no="8" player="KOPKHUNKRAP" type="5" sum="40"/>
<action no="9" player="depelvss" type="3" discard="1" dealt="1" sum="40"/>
<action no="10" player="sbshskiw" type="3" discard="1" dealt="1" sum="40"/>
</round>
<round no="3"><cards type="Turn">CA</cards>
<action no="11" player="depelvss" type="4" discard="1" dealt="1" sum="0"/>
<action no="12" player="sbshskiw" type="4" discard="1" dealt="1" sum="0"/>
<action no="13" player="KOPKHUNKRAP" type="5" sum="120"/>
<action no="14" player="depelvss" type="0" discard="1" dealt="1" sum="0"/>
<action no="15" player="sbshskiw" type="0" discard="1" dealt="1" sum="0"/>
</round>
</game>
<game gamecode="6494004747"><general><startdate>2025-10-02 02:46:14</startdate>
<round>1</round>
<failsafecounter/>
<players><player seat="3" name="KOPKHUNKRAP" chips="660" dealer="0" win="90" bet="660" muck="1" rebuy="0" addon="0" merge="0" rebuychips="0" reg_code="5063477002"/>
<player seat="6" name="depelvss" chips="420" dealer="1" win="0" bet="40" muck="1" rebuy="0" addon="0" merge="0" rebuychips="0" reg_code="5063477006"/>
<player seat="10" name="sbshskiw" chips="420" dealer="0" win="0" bet="10" muck="1" rebuy="0" addon="0" merge="0" rebuychips="0" reg_code="5063477015"/>
</players>
</general>
<round no="0"><action no="1" player="sbshskiw" type="1" discard="1" dealt="1" sum="10"/>
<action no="2" player="KOPKHUNKRAP" type="2" sum="20"/>
</round>
<round no="1"><cards type="Pocket" player="KOPKHUNKRAP">C9 SA</cards>
<cards type="Pocket" player="depelvss">X X</cards>
<cards type="Pocket" player="sbshskiw">X X</cards>
<action no="3" player="depelvss" type="23" discard="1" dealt="1" sum="40"/>
<action no="4" player="sbshskiw" type="0" discard="1" dealt="1" sum="0"/>
<action no="5" player="KOPKHUNKRAP" type="23" sum="660"/>
<action no="6" player="depelvss" type="0" discard="1" dealt="1" sum="0"/>
</round>
</game>
<game gamecode="6494004767"><general><startdate>2025-10-02 02:46:27</startdate>
<round>1</round>
<failsafecounter/>
<players><player seat="6" name="depelvss" chips="380" dealer="0" win="20" bet="20" muck="1" rebuy="0" addon="0" merge="0" rebuychips="0" reg_code="5063477006"/>
<player seat="10" name="sbshskiw" chips="410" dealer="1" win="0" bet="0" muck="1" rebuy="0" addon="0" merge="0" rebuychips="0" reg_code="5063477015"/>
<player seat="3" name="KOPKHUNKRAP" chips="710" dealer="0" win="0" bet="10" muck="1" rebuy="0" addon="0" merge="0" rebuychips="0" reg_code="5063477002"/>
</players>
</general>
<round no="0"><action no="1" player="KOPKHUNKRAP" type="1" sum="10"/>
<action no="2" player="depelvss" type="2" discard="1" dealt="1" sum="20"/>
</round>
<round no="1"><cards type="Pocket" player="depelvss">X X</cards>
<cards type="Pocket" player="sbshskiw">X X</cards>
<cards type="Pocket" player="KOPKHUNKRAP">H9 S5</cards>
<action no="3" player="sbshskiw" type="0" discard="1" dealt="1" sum="0"/>
<action no="4" player="KOPKHUNKRAP" type="0" sum="0"/>
</round>
</game>
<game gamecode="6494004783"><general><startdate>2025-10-02 02:46:38</startdate>
<round>1</round>
<failsafecounter/>
<players><player seat="10" name="sbshskiw" chips="410" dealer="0" win="0" bet="390" muck="1" rebuy="0" addon="0" merge="0" rebuychips="0" reg_code="5063477015"/>
<player seat="3" name="KOPKHUNKRAP" chips="700" dealer="1" win="0" bet="0" muck="1" rebuy="0" addon="0" merge="0" rebuychips="0" reg_code="5063477002"/>
<player seat="6" name="depelvss" chips="390" dealer="0" win="780" bet="390" muck="0" rebuy="0" addon="0" merge="0" rebuychips="0" reg_code="5063477006"/>
</players>
</general>
<round no="0"><action no="1" player="depelvss" type="1" discard="1" dealt="1" sum="10"/>
<action no="2" player="sbshskiw" type="2" discard="1" dealt="1" sum="20"/>
</round>
<round no="1"><cards type="Pocket" player="KOPKHUNKRAP">SQ C6</cards>
<cards type="Pocket" player="depelvss">S10 C9</cards>
<cards type="Pocket" player="sbshskiw">S7 CQ</cards>
<action no="3" player="KOPKHUNKRAP" type="0" sum="0"/>
<action no="4" player="depelvss" type="3" discard="1" dealt="1" sum="10"/>
<action no="5" player="sbshskiw" type="4" discard="1" dealt="1" sum="0"/>
</round>
<round no="2"><cards type="Flop">D7 D8 H6</cards>
<action no="6" player="depelvss" type="4" discard="1" dealt="1" sum="0"/>
<action no="7" player="sbshskiw" type="5" discard="1" dealt="1" sum="40"/>
<action no="8" player="depelvss" type="3" discard="1" dealt="1" sum="40"/>
</round>
<round no="3"><cards type="Turn">DK</cards>
<action no="9" player="depelvss" type="4" discard="1" dealt="1" sum="0"/>
<action no="10" player="sbshskiw" type="4" discard="1" dealt="1" sum="0"/>
</round>
<round no="4"><cards type="River">C7</cards>
<action no="11" player="depelvss" type="5" discard="1" dealt="1" sum="330"/>
<action no="12" player="sbshskiw" type="3" discard="1" dealt="1" sum="330"/>
</round>
</game>
<game gamecode="6494011359"><general><startdate>2025-10-02 02:47:08</startdate>
<round>1</round>
<failsafecounter/>
<players><player seat="3" name="KOPKHUNKRAP" chips="700" dealer="0" win="40" bet="20" muck="0" rebuy="0" addon="0" merge="0" rebuychips="0" reg_code="5063477002"/>
<player seat="6" name="depelvss" chips="780" dealer="1" win="0" bet="0" muck="1" rebuy="0" addon="0" merge="0" rebuychips="0" reg_code="5063477006"/>
<player seat="10" name="sbshskiw" chips="20" dealer="0" win="0" bet="20" muck="1" rebuy="0" addon="0" merge="0" rebuychips="0" reg_code="5063477015"/>
</players>
</general>
<round no="0"><action no="1" player="sbshskiw" type="1" discard="1" dealt="1" sum="10"/>
<action no="2" player="KOPKHUNKRAP" type="2" sum="20"/>
</round>
<round no="1"><cards type="Pocket" player="sbshskiw">CK C9</cards>
<cards type="Pocket" player="KOPKHUNKRAP">CJ C8</cards>
<cards type="Pocket" player="depelvss">X X</cards>
<action no="3" player="depelvss" type="0" discard="1" dealt="1" sum="0"/>
<action no="4" player="sbshskiw" type="7" discard="1" dealt="1" sum="10"/>
</round>
<round no="2"><cards type="Flop">S10 S9 S6</cards>
</round>
<round no="3"><cards type="Turn">S2</cards>
</round>
<round no="4"><cards type="River">HQ</cards>
</round>
</game>
<game gamecode="6494011382"><general><startdate>2025-10-02 02:47:25</startdate>
<round>1</round>
<failsafecounter/>
<players><player seat="6" name="depelvss" chips="780" dealer="0" win="120" bet="120" muck="1" rebuy="0" addon="0" merge="0" rebuychips="0" reg_code="5063477006"/>
<player seat="3" name="KOPKHUNKRAP" chips="720" dealer="1" win="0" bet="60" muck="1" rebuy="0" addon="0" merge="0" rebuychips="0" reg_code="5063477002"/>
</players>
</general>
<round no="0"><action no="1" player="KOPKHUNKRAP" type="1" sum="10"/>
<action no="2" player="depelvss" type="2" discard="1" dealt="1" sum="20"/>
</round>
<round no="1"><cards type="Pocket" player="KOPKHUNKRAP">HA CJ</cards>
<cards type="Pocket" player="depelvss">X X</cards>
<action no="3" player="KOPKHUNKRAP" type="23" sum="40"/>
<action no="4" player="depelvss" type="3" discard="1" dealt="1" sum="20"/>
</round>
<round no="2"><cards type="Flop">C5 S2 H5</cards>
<action no="5" player="depelvss" type="4" discard="1" dealt="1" sum="0"/>
<action no="6" player="KOPKHUNKRAP" type="5" sum="20"/>
<action no="7" player="depelvss" type="23" discard="1" dealt="1" sum="80"/>
<action no="8" player="KOPKHUNKRAP" type="0" sum="0"/>
</round>
</game>
<game gamecode="6494011421"><general><startdate>2025-10-02 02:47:52</startdate>
<round>1</round>
<failsafecounter/>
<players><player seat="3" name="KOPKHUNKRAP" chips="660" dealer="0" win="70" bet="95" muck="1" rebuy="0" addon="0" merge="0" rebuychips="0" reg_code="5063477002"/>
<player seat="6" name="depelvss" chips="840" dealer="1" win="0" bet="35" muck="1" rebuy="0" addon="0" merge="0" rebuychips="0" reg_code="5063477006"/>
</players>
</general>
<round no="0"><action no="1" player="depelvss" type="15" discard="1" dealt="1" sum="5"/>
<action no="2" player="KOPKHUNKRAP" type="15" sum="5"/>
<action no="3" player="depelvss" type="1" discard="1" dealt="1" sum="15"/>
<action no="4" player="KOPKHUNKRAP" type="2" sum="30"/>
</round>
<round no="1"><cards type="Pocket" player="depelvss">X X</cards>
<cards type="Pocket" player="KOPKHUNKRAP">H10 HK</cards>
<action no="5" player="depelvss" type="3" discard="1" dealt="1" sum="15"/>
<action no="6" player="KOPKHUNKRAP" type="23" sum="90"/>
<action no="7" player="depelvss" type="0" discard="1" dealt="1" sum="0"/>
</round>
</game>
<game gamecode="6494011436"><general><startdate>2025-10-02 02:48:05</startdate>
<round>1</round>
<failsafecounter/>
<players><player seat="6" name="depelvss" chips="805" dealer="0" win="190" bet="95" muck="0" rebuy="0" addon="0" merge="0" rebuychips="0" reg_code="5063477006"/>
<player seat="3" name="KOPKHUNKRAP" chips="695" dealer="1" win="0" bet="95" muck="1" rebuy="0" addon="0" merge="0" rebuychips="0" reg_code="5063477002"/>
</players>
</general>
<round no="0"><action no="1" player="KOPKHUNKRAP" type="15" sum="5"/>
<action no="2" player="depelvss" type="15" discard="1" dealt="1" sum="5"/>
<action no="3" player="KOPKHUNKRAP" type="1" sum="15"/>
<action no="4" player="depelvss" type="2" discard="1" dealt="1" sum="30"/>
</round>
<round no="1"><cards type="Pocket" player="KOPKHUNKRAP">CK D10</cards>
<cards type="Pocket" player="depelvss">H7 HK</cards>
<action no="5" player="KOPKHUNKRAP" type="23" sum="60"/>
<action no="6" player="depelvss" type="3" discard="1" dealt="1" sum="30"/>
</round>
<round no="2"><cards type="Flop">C6 HJ S6</cards>
<action no="7" player="depelvss" type="4" discard="1" dealt="1" sum="0"/>
<action no="8" player="KOPKHUNKRAP" type="5" sum="30"/>
<action no="9" player="depelvss" type="3" discard="1" dealt="1" sum="30"/>
</round>
<round no="3"><cards type="Turn">H2</cards>
<action no="10" player="depelvss" type="4" discard="1" dealt="1" sum="0"/>
<action no="11" player="KOPKHUNKRAP" type="4" sum="0"/>
</round>
<round no="4"><cards type="River">S7</cards>
<action no="12" player="depelvss" type="4" discard="1" dealt="1" sum="0"/>
<action no="13" player="KOPKHUNKRAP" type="4" sum="0"/>
</round>
</game>
<game gamecode="6494011483"><general><startdate>2025-10-02 02:48:33</startdate>
<round>1</round>
<failsafecounter/>
<players><player seat="3" name="KOPKHUNKRAP" chips="600" dealer="0" win="70" bet="600" muck="1" rebuy="0" addon="0" merge="0" rebuychips="0" reg_code="5063477002"/>
<player seat="6" name="depelvss" chips="900" dealer="1" win="0" bet="35" muck="1" rebuy="0" addon="0" merge="0" rebuychips="0" reg_code="5063477006"/>
</players>
</general>
<round no="0"><action no="1" player="depelvss" type="15" discard="1" dealt="1" sum="5"/>
<action no="2" player="KOPKHUNKRAP" type="15" sum="5"/>
<action no="3" player="depelvss" type="1" discard="1" dealt="1" sum="15"/>
<action no="4" player="KOPKHUNKRAP" type="2" sum="30"/>
</round>
<round no="1"><cards type="Pocket" player="KOPKHUNKRAP">CA D10</cards>
<cards type="Pocket" player="depelvss">X X</cards>
<action no="5" player="depelvss" type="3" discard="1" dealt="1" sum="15"/>
<action no="6" player="KOPKHUNKRAP" type="23" sum="595"/>
<action no="7" player="depelvss" type="0" discard="1" dealt="1" sum="0"/>
</round>
</game>
<game gamecode="6494011503"><general><startdate>2025-10-02 02:48:46</startdate>
<round>1</round>
<failsafecounter/>
<players><player seat="6" name="depelvss" chips="865" dealer="0" win="0" bet="185" muck="1" rebuy="0" addon="0" merge="0" rebuychips="0" reg_code="5063477006"/>
<player seat="3" name="KOPKHUNKRAP" chips="635" dealer="1" win="370" bet="635" muck="1" rebuy="0" addon="0" merge="0" rebuychips="0" reg_code="5063477002"/>
</players>
</general>
<round no="0"><action no="1" player="KOPKHUNKRAP" type="15" sum="5"/>
<action no="2" player="depelvss" type="15" discard="1" dealt="1" sum="5"/>
<action no="3" player="KOPKHUNKRAP" type="1" sum="15"/>
<action no="4" player="depelvss" type="2" discard="1" dealt="1" sum="30"/>
</round>
<round no="1"><cards type="Pocket" player="KOPKHUNKRAP">C7 C8</cards>
<cards type="Pocket" player="depelvss">X X</cards>
<action no="5" player="KOPKHUNKRAP" type="3" sum="15"/>
<action no="6" player="depelvss" type="4" discard="1" dealt="1" sum="0"/>
</round>
<round no="2"><cards type="Flop">S2 S7 DJ</cards>
<action no="7" player="depelvss" type="4" discard="1" dealt="1" sum="0"/>
<action no="8" player="KOPKHUNKRAP" type="5" sum="30"/>
<action no="9" player="depelvss" type="3" discard="1" dealt="1" sum="30"/>
</round>
<round no="3"><cards type="Turn">H8</cards>
<action no="10" player="depelvss" type="4" discard="1" dealt="1" sum="0"/>
<action no="11" player="KOPKHUNKRAP" type="5" sum="120"/>
<action no="12" player="depelvss" type="3" discard="1" dealt="1" sum="120"/>
</round>
<round no="4"><cards type="River">H4</cards>
<action no="13" player="depelvss" type="4" discard="1" dealt="1" sum="0"/>
<action no="14" player="KOPKHUNKRAP" type="5" sum="450"/>
<action no="15" player="depelvss" type="0" discard="1" dealt="1" sum="0"/>
</round>
</game>
<game gamecode="6494011546"><general><startdate>2025-10-02 02:49:28</startdate>
<round>1</round>
<failsafecounter/>
<players><player seat="3" name="KOPKHUNKRAP" chips="820" dealer="0" win="70" bet="155" muck="1" rebuy="0" addon="0" merge="0" rebuychips="0" reg_code="5063477002"/>
<player seat="6" name="depelvss" chips="680" dealer="1" win="0" bet="35" muck="1" rebuy="0" addon="0" merge="0" rebuychips="0" reg_code="5063477006"/>
</players>
</general>
<round no="0"><action no="1" player="depelvss" type="15" discard="1" dealt="1" sum="5"/>
<action no="2" player="KOPKHUNKRAP" type="15" sum="5"/>
<action no="3" player="depelvss" type="1" discard="1" dealt="1" sum="15"/>
<action no="4" player="KOPKHUNKRAP" type="2" sum="30"/>
</round>
<round no="1"><cards type="Pocket" player="KOPKHUNKRAP">C9 SJ</cards>
<cards type="Pocket" player="depelvss">X X</cards>
<action no="5" player="depelvss" type="3" discard="1" dealt="1" sum="15"/>
<action no="6" player="KOPKHUNKRAP" type="4" sum="0"/>
</round>
<round no="2"><cards type="Flop">S8 S4 D3</cards>
<action no="7" player="KOPKHUNKRAP" type="4" sum="0"/>
<action no="8" player="depelvss" type="4" discard="1" dealt="1" sum="0"/>
</round>
<round no="3"><cards type="Turn">S10</cards>
<action no="9" player="KOPKHUNKRAP" type="5" sum="120"/>
<action no="10" player="depelvss" type="0" discard="1" dealt="1" sum="0"/>
</round>
</game>
<game gamecode="6494011586"><general><startdate>2025-10-02 02:50:06</startdate>
<round>1</round>
<failsafecounter/>
<players><player seat="6" name="depelvss" chips="645" dealer="0" win="50" bet="45" muck="1" rebuy="0" addon="0" merge="0" rebuychips="0" reg_code="5063477006"/>
<player seat="3" name="KOPKHUNKRAP" chips="855" dealer="1" win="0" bet="25" muck="1" rebuy="0" addon="0" merge="0" rebuychips="0" reg_code="5063477002"/>
</players>
</general>
<round no="0"><action no="1" player="KOPKHUNKRAP" type="15" sum="5"/>
<action no="2" player="depelvss" type="15" discard="1" dealt="1" sum="5"/>
<action no="3" player="KOPKHUNKRAP" type="1" sum="20"/>
<action no="4" player="depelvss" type="2" discard="1" dealt="1" sum="40"/>
</round>
<round no="1"><cards type="Pocket" player="depelvss">X X</cards>
<cards type="Pocket" player="KOPKHUNKRAP">S7 H2</cards>
<action no="5" player="KOPKHUNKRAP" type="0" sum="0"/>
</round>
</game>
<game gamecode="6494011591"><general><startdate>2025-10-02 02:50:12</startdate>
<round>1</round>
<failsafecounter/>
<players><player seat="3" name="KOPKHUNKRAP" chips="830" dealer="0" win="50" bet="45" muck="1" rebuy="0" addon="0" merge="0" rebuychips="0" reg_code="5063477002"/>
<player seat="6" name="depelvss" chips="670" dealer="1" win="0" bet="25" muck="1" rebuy="0" addon="0" merge="0" rebuychips="0" reg_code="5063477006"/>
</players>
</general>
<round no="0"><action no="1" player="depelvss" type="15" discard="1" dealt="1" sum="5"/>
<action no="2" player="KOPKHUNKRAP" type="15" sum="5"/>
<action no="3" player="depelvss" type="1" discard="1" dealt="1" sum="20"/>
<action no="4" player="KOPKHUNKRAP" type="2" sum="40"/>
</round>
<round no="1"><cards type="Pocket" player="KOPKHUNKRAP">C5 C3</cards>
<cards type="Pocket" player="depelvss">X X</cards>
<action no="5" player="depelvss" type="0" discard="1" dealt="1" sum="0"/>
</round>
</game>
<game gamecode="6494011600"><general><startdate>2025-10-02 02:50:18</startdate>
<round>1</round>
<failsafecounter/>
<players><player seat="6" name="depelvss" chips="645" dealer="0" win="90" bet="645" muck="1" rebuy="0" addon="0" merge="0" rebuychips="0" reg_code="5063477006"/>
<player seat="3" name="KOPKHUNKRAP" chips="855" dealer="1" win="0" bet="45" muck="1" rebuy="0" addon="0" merge="0" rebuychips="0" reg_code="5063477002"/>
</players>
</general>
<round no="0"><action no="1" player="KOPKHUNKRAP" type="15" sum="5"/>
<action no="2" player="depelvss" type="15" discard="1" dealt="1" sum="5"/>
<action no="3" player="KOPKHUNKRAP" type="1" sum="20"/>
<action no="4" player="depelvss" type="2" discard="1" dealt="1" sum="40"/>
</round>
<round no="1"><cards type="Pocket" player="KOPKHUNKRAP">H9 S4</cards>
<cards type="Pocket" player="depelvss">X X</cards>
<action no="5" player="KOPKHUNKRAP" type="3" sum="20"/>
<action no="6" player="depelvss" type="23" discard="1" dealt="1" sum="640"/>
<action no="7" player="KOPKHUNKRAP" type="0" sum="0"/>
</round>
</game>
<game gamecode="6494011615"><general><startdate>2025-10-02 02:50:31</startdate>
<round>1</round>
<failsafecounter/>
<players><player seat="3" name="KOPKHUNKRAP" chips="810" dealer="0" win="90" bet="125" muck="1" rebuy="0" addon="0" merge="0" rebuychips="0" reg_code="5063477002"/>
<player seat="6" name="depelvss" chips="690" dealer="1" win="0" bet="45" muck="1" rebuy="0" addon="0" merge="0" rebuychips="0" reg_code="5063477006"/>
</players>
</general>
<round no="0"><action no="1" player="depelvss" type="15" discard="1" dealt="1" sum="5"/>
<action no="2" player="KOPKHUNKRAP" type="15" sum="5"/>
<action no="3" player="depelvss" type="1" discard="1" dealt="1" sum="20"/>
<action no="4" player="KOPKHUNKRAP" type="2" sum="40"/>
</round>
<round no="1"><cards type="Pocket" player="KOPKHUNKRAP">CJ CQ</cards>
<cards type="Pocket" player="depelvss">X X</cards>
<action no="5" player="depelvss" type="3" discard="1" dealt="1" sum="20"/>
<action no="6" player="KOPKHUNKRAP" type="23" sum="120"/>
<action no="7" player="depelvss" type="0" discard="1" dealt="1" sum="0"/>
</round>
</game>
<game gamecode="6494011632"><general><startdate>2025-10-02 02:50:43</startdate>
<round>1</round>
<failsafecounter/>
<players><player seat="6" name="depelvss" chips="645" dealer="0" win="0" bet="45" muck="1" rebuy="0" addon="0" merge="0" rebuychips="0" reg_code="5063477006"/>
<player seat="3" name="KOPKHUNKRAP" chips="855" dealer="1" win="90" bet="85" muck="1" rebuy="0" addon="0" merge="0" rebuychips="0" reg_code="5063477002"/>
</players>
</general>
<round no="0"><action no="1" player="KOPKHUNKRAP" type="15" sum="5"/>
<action no="2" player="depelvss" type="15" discard="1" dealt="1" sum="5"/>
<action no="3" player="KOPKHUNKRAP" type="1" sum="20"/>
<action no="4" player="depelvss" type="2" discard="1" dealt="1" sum="40"/>
</round>
<round no="1"><cards type="Pocket" player="depelvss">X X</cards>
<cards type="Pocket" player="KOPKHUNKRAP">S3 H4</cards>
<action no="5" player="KOPKHUNKRAP" type="3" sum="20"/>
<action no="6" player="depelvss" type="4" discard="1" dealt="1" sum="0"/>
</round>
<round no="2"><cards type="Flop">DK C6 CA</cards>
<action no="7" player="depelvss" type="4" discard="1" dealt="1" sum="0"/>
<action no="8" player="KOPKHUNKRAP" type="5" sum="40"/>
<action no="9" player="depelvss" type="0" discard="1" dealt="1" sum="0"/>
</round>
</game>
<game gamecode="6494011650"><general><startdate>2025-10-02 02:51:01</startdate>
<round>1</round>
<failsafecounter/>
<players><player seat="3" name="KOPKHUNKRAP" chips="900" dealer="0" win="90" bet="165" muck="1" rebuy="0" addon="0" merge="0" rebuychips="0" reg_code="5063477002"/>
<player seat="6" name="depelvss" chips="600" dealer="1" win="0" bet="45" muck="1" rebuy="0" addon="0" merge="0" rebuychips="0" reg_code="5063477006"/>
</players>
</general>
<round no="0"><action no="1" player="depelvss" type="15" discard="1" dealt="1" sum="5"/>
<action no="2" player="KOPKHUNKRAP" type="15" sum="5"/>
<action no="3" player="depelvss" type="1" discard="1" dealt="1" sum="20"/>
<action no="4" player="KOPKHUNKRAP" type="2" sum="40"/>
</round>
<round no="1"><cards type="Pocket" player="KOPKHUNKRAP">DQ D9</cards>
<cards type="Pocket" player="depelvss">X X</cards>
<action no="5" player="depelvss" type="3" discard="1" dealt="1" sum="20"/>
<action no="6" player="KOPKHUNKRAP" type="4" sum="0"/>
</round>
<round no="2"><cards type="Flop">H7 D6 D7</cards>
<action no="7" player="KOPKHUNKRAP" type="4" sum="0"/>
<action no="8" player="depelvss" type="4" discard="1" dealt="1" sum="0"/>
</round>
<round no="3"><cards type="Turn">D4</cards>
<action no="9" player="KOPKHUNKRAP" type="4" sum="0"/>
<action no="10" player="depelvss" type="4" discard="1" dealt="1" sum="0"/>
</round>
<round no="4"><cards type="River">S8</cards>
<action no="11" player="KOPKHUNKRAP" type="5" sum="120"/>
<action no="12" player="depelvss" type="0" discard="1" dealt="1" sum="0"/>
</round>
</game>
<game gamecode="6494011682"><general><startdate>2025-10-02 02:51:32</startdate>
<round>1</round>
<failsafecounter/>
<players><player seat="6" name="depelvss" chips="555" dealer="0" win="90" bet="45" muck="0" rebuy="0" addon="0" merge="0" rebuychips="0" reg_code="5063477006"/>
<player seat="3" name="KOPKHUNKRAP" chips="945" dealer="1" win="0" bet="45" muck="1" rebuy="0" addon="0" merge="0" rebuychips="0" reg_code="5063477002"/>
</players>
</general>
<round no="0"><action no="1" player="KOPKHUNKRAP" type="15" sum="5"/>
<action no="2" player="depelvss" type="15" discard="1" dealt="1" sum="5"/>
<action no="3" player="KOPKHUNKRAP" type="1" sum="20"/>
<action no="4" player="depelvss" type="2" discard="1" dealt="1" sum="40"/>
</round>
<round no="1"><cards type="Pocket" player="depelvss">S4 CA</cards>
<cards type="Pocket" player="KOPKHUNKRAP">C6 DQ</cards>
<action no="5" player="KOPKHUNKRAP" type="3" sum="20"/>
<action no="6" player="depelvss" type="4" discard="1" dealt="1" sum="0"/>
</round>
<round no="2"><cards type="Flop">DJ H4 DA</cards>
<action no="7" player="depelvss" type="4" discard="1" dealt="1" sum="0"/>
<action no="8" player="KOPKHUNKRAP" type="4" sum="0"/>
</round>
<round no="3"><cards type="Turn">C9</cards>
<action no="9" player="depelvss" type="4" discard="1" dealt="1" sum="0"/>
<action no="10" player="KOPKHUNKRAP" type="4" sum="0"/>
</round>
<round no="4"><cards type="River">HJ</cards>
<action no="11" player="depelvss" type="4" discard="1" dealt="1" sum="0"/>
<action no="12" player="KOPKHUNKRAP" type="4" sum="0"/>
</round>
</game>
<game gamecode="6494011713"><general><startdate>2025-10-02 02:52:04</startdate>
<round>1</round>
<failsafecounter/>
<players><player seat="3" name="KOPKHUNKRAP" chips="900" dealer="0" win="0" bet="65" muck="1" rebuy="0" addon="0" merge="0" rebuychips="0" reg_code="5063477002"/>
<player seat="6" name="depelvss" chips="600" dealer="1" win="130" bet="65" muck="0" rebuy="0" addon="0" merge="0" rebuychips="0" reg_code="5063477006"/>
</players>
</general>
<round no="0"><action no="1" player="depelvss" type="15" discard="1" dealt="1" sum="5"/>
<action no="2" player="KOPKHUNKRAP" type="15" sum="5"/>
<action no="3" player="depelvss" type="1" discard="1" dealt="1" sum="30"/>
<action no="4" player="KOPKHUNKRAP" type="2" sum="60"/>
</round>
<round no="1"><cards type="Pocket" player="depelvss">C4 CA</cards>
<cards type="Pocket" player="KOPKHUNKRAP">S2 H6</cards>
<action no="5" player="depelvss" type="3" discard="1" dealt="1" sum="30"/>
<action no="6" player="KOPKHUNKRAP" type="4" sum="0"/>
</round>
<round no="2"><cards type="Flop">C9 D9 D8</cards>
<action no="7" player="KOPKHUNKRAP" type="4" sum="0"/>
<action no="8" player="depelvss" type="4" discard="1" dealt="1" sum="0"/>
</round>
<round no="3"><cards type="Turn">S7</cards>
<action no="9" player="KOPKHUNKRAP" type="4" sum="0"/>
<action no="10" player="depelvss" type="4" discard="1" dealt="1" sum="0"/>
</round>
<round no="4"><cards type="River">SQ</cards>
<action no="11" player="KOPKHUNKRAP" type="4" sum="0"/>
<action no="12" player="depelvss" type="4" discard="1" dealt="1" sum="0"/>
</round>
</game>
<game gamecode="6494011757"><general><startdate>2025-10-02 02:52:48</startdate>
<round>1</round>
<failsafecounter/>
<players><player seat="6" name="depelvss" chips="665" dealer="0" win="0" bet="125" muck="1" rebuy="0" addon="0" merge="0" rebuychips="0" reg_code="5063477006"/>
<player seat="3" name="KOPKHUNKRAP" chips="835" dealer="1" win="250" bet="245" muck="1" rebuy="0" addon="0" merge="0" rebuychips="0" reg_code="5063477002"/>
</players>
</general>
<round no="0"><action no="1" player="KOPKHUNKRAP" type="15" sum="5"/>
<action no="2" player="depelvss" type="15" discard="1" dealt="1" sum="5"/>
<action no="3" player="KOPKHUNKRAP" type="1" sum="30"/>
<action no="4" player="depelvss" type="2" discard="1" dealt="1" sum="60"/>
</round>
<round no="1"><cards type="Pocket" player="KOPKHUNKRAP">HK DJ</cards>
<cards type="Pocket" player="depelvss">X X</cards>
<action no="5" player="KOPKHUNKRAP" type="3" sum="30"/>
<action no="6" player="depelvss" type="4" discard="1" dealt="1" sum="0"/>
</round>
<round no="2"><cards type="Flop">SJ DK C4</cards>
<action no="7" player="depelvss" type="4" discard="1" dealt="1" sum="0"/>
<action no="8" player="KOPKHUNKRAP" type="5" sum="60"/>
<action no="9" player="depelvss" type="3" discard="1" dealt="1" sum="60"/>
</round>
<round no="3"><cards type="Turn">H2</cards>
<action no="10" player="depelvss" type="4" discard="1" dealt="1" sum="0"/>
<action no="11" player="KOPKHUNKRAP" type="5" sum="120"/>
<action no="12" player="depelvss" type="0" discard="1" dealt="1" sum="0"/>
</round>
</game>
<game gamecode="6494011780"><general><startdate>2025-10-02 02:53:13</startdate>
<round>1</round>
<failsafecounter/>
<players><player seat="3" name="KOPKHUNKRAP" chips="960" dealer="0" win="0" bet="65" muck="1" rebuy="0" addon="0" merge="0" rebuychips="0" reg_code="5063477002"/>
<player seat="6" name="depelvss" chips="540" dealer="1" win="130" bet="540" muck="1" rebuy="0" addon="0" merge="0" rebuychips="0" reg_code="5063477006"/>
</players>
</general>
<round no="0"><action no="1" player="depelvss" type="15" discard="1" dealt="1" sum="5"/>
<action no="2" player="KOPKHUNKRAP" type="15" sum="5"/>
<action no="3" player="depelvss" type="1" discard="1" dealt="1" sum="30"/>
<action no="4" player="KOPKHUNKRAP" type="2" sum="60"/>
</round>
<round no="1"><cards type="Pocket" player="KOPKHUNKRAP">C8 C3</cards>
<cards type="Pocket" player="depelvss">X X</cards>
<action no="5" player="depelvss" type="23" discard="1" dealt="1" sum="535"/>
<action no="6" player="KOPKHUNKRAP" type="0" sum="0"/>
</round>
</game>
<game gamecode="6494011795"><general><startdate>2025-10-02 02:53:23</startdate>
<round>1</round>
<failsafecounter/>
<players><player seat="6" name="depelvss" chips="605" dealer="0" win="0" bet="65" muck="1" rebuy="0" addon="0" merge="0" rebuychips="0" reg_code="5063477006"/>
<player seat="3" name="KOPKHUNKRAP" chips="895" dealer="1" win="130" bet="895" muck="1" rebuy="0" addon="0" merge="0" rebuychips="0" reg_code="5063477002"/>
</players>
</general>
<round no="0"><action no="1" player="KOPKHUNKRAP" type="15" sum="5"/>
<action no="2" player="depelvss" type="15" discard="1" dealt="1" sum="5"/>
<action no="3" player="KOPKHUNKRAP" type="1" sum="30"/>
<action no="4" player="depelvss" type="2" discard="1" dealt="1" sum="60"/>
</round>
<round no="1"><cards type="Pocket" player="KOPKHUNKRAP">SQ C8</cards>
<cards type="Pocket" player="depelvss">X X</cards>
<action no="5" player="KOPKHUNKRAP" type="23" sum="890"/>
<action no="6" player="depelvss" type="0" discard="1" dealt="1" sum="0"/>
</round>
</game>
<game gamecode="6494011809"><general><startdate>2025-10-02 02:53:36</startdate>
<round>1</round>
<failsafecounter/>
<players><player seat="3" name="KOPKHUNKRAP" chips="960" dealer="0" win="0" bet="540" muck="1" rebuy="0" addon="0" merge="0" rebuychips="0" reg_code="5063477002"/>
<player seat="6" name="depelvss" chips="540" dealer="1" win="1,080" bet="540" muck="0" rebuy="0" addon="0" merge="0" rebuychips="0" reg_code="5063477006"/>
</players>
</general>
<round no="0"><action no="1" player="depelvss" type="15" discard="1" dealt="1" sum="8"/>
<action no="2" player="KOPKHUNKRAP" type="15" sum="8"/>
<action no="3" player="depelvss" type="1" discard="1" dealt="1" sum="40"/>
<action no="4" player="KOPKHUNKRAP" type="2" sum="80"/>
</round>
<round no="1"><cards type="Pocket" player="depelvss">H3 DQ</cards>
<cards type="Pocket" player="KOPKHUNKRAP">H9 D10</cards>
<action no="5" player="depelvss" type="23" discard="1" dealt="1" sum="532"/>
<action no="6" player="KOPKHUNKRAP" type="3" sum="452"/>
</round>
<round no="2"><cards type="Flop">CQ D5 C6</cards>
</round>
<round no="3"><cards type="Turn">C8</cards>
</round>
<round no="4"><cards type="River">C2</cards>
</round>
</game>
<game gamecode="6494011823"><general><startdate>2025-10-02 02:53:54</startdate>
<round>1</round>
<failsafecounter/>
<players><player seat="6" name="depelvss" chips="1,080" dealer="0" win="96" bet="88" muck="1" rebuy="0" addon="0" merge="0" rebuychips="0" reg_code="5063477006"/>
<player seat="3" name="KOPKHUNKRAP" chips="420" dealer="1" win="0" bet="48" muck="1" rebuy="0" addon="0" merge="0" rebuychips="0" reg_code="5063477002"/>
</players>
</general>
<round no="0"><action no="1" player="KOPKHUNKRAP" type="15" sum="8"/>
<action no="2" player="depelvss" type="15" discard="1" dealt="1" sum="8"/>
<action no="3" player="KOPKHUNKRAP" type="1" sum="40"/>
<action no="4" player="depelvss" type="2" discard="1" dealt="1" sum="80"/>
</round>
<round no="1"><cards type="Pocket" player="depelvss">X X</cards>
<cards type="Pocket" player="KOPKHUNKRAP">C2 H10</cards>
<action no="5" player="KOPKHUNKRAP" type="0" sum="0"/>
</round>
</game>
<game gamecode="6494011830"><general><startdate>2025-10-02 02:53:59</startdate>
<round>1</round>
<failsafecounter/>
<players><player seat="3" name="KOPKHUNKRAP" chips="372" dealer="0" win="0" bet="372" muck="0" rebuy="0" addon="0" merge="0" rebuychips="0" reg_code="5063477002"/>
<player seat="6" name="depelvss" chips="1,128" dealer="1" win="744" bet="1,128" muck="0" rebuy="0" addon="0" merge="0" rebuychips="0" reg_code="5063477006"/>
</players>
</general>
<round no="0"><action no="1" player="depelvss" type="15" discard="1" dealt="1" sum="8"/>
<action no="2" player="KOPKHUNKRAP" type="15" sum="8"/>
<action no="3" player="depelvss" type="1" discard="1" dealt="1" sum="40"/>
<action no="4" player="KOPKHUNKRAP" type="2" sum="80"/>
</round>
<round no="1"><cards type="Pocket" player="KOPKHUNKRAP">CK D6</cards>
<cards type="Pocket" player="depelvss">H9 H10</cards>
<action no="5" player="depelvss" type="23" discard="1" dealt="1" sum="1,120"/>
<action no="6" player="KOPKHUNKRAP" type="7" sum="284"/>
</round>
<round no="2"><cards type="Flop">H3 C10 S4</cards>
</round>
<round no="3"><cards type="Turn">D5</cards>
</round>
<round no="4"><cards type="River">H6</cards>
</round>
</game>
</session>
