<?xml version="1.0" encoding="UTF-8"?>
<session sessioncode="5063475541">
<general>
<client_version>25.1.1.16</client_version>
<mode>real</mode>
<gametype>Holdem NL</gametype>
<tablename>Twister €200 SNG, 818868181</tablename>
<tournamentcode>818868180</tournamentcode>
<tournamentname>Twister €200 SNG</tournamentname>
<buyin>€0 + €12 + €188</buyin>
<totalbuyin>€200</totalbuyin>
<rewarddrawn>€600</rewarddrawn>
<tournamentcurrency>EUR</tournamentcurrency>
<currency>EUR</currency>
<nickname>KOPKHUNKRAP</nickname>
<gamecount>14</gamecount>
<startdate>2025-10-02 02:31:13</startdate>
<place>2</place>
<win>€0</win>
<tablesize>3</tablesize>
</general>
<game gamecode="6494006885"><general><startdate>2025-10-02 02:31:28</startdate>
<round>1</round>
<failsafecounter/>
<players><player seat="6" name="KOPKHUNKRAP" chips="500" dealer="0" win="920" bet="500" muck="1" rebuy="0" addon="0" merge="0" rebuychips="0" reg_code="5063475541"/>
<player seat="10" name="pacca13" chips="500" dealer="1" win="0" bet="450" muck="1" rebuy="0" addon="0" merge="0" rebuychips="0" reg_code="5063475617"/>
<player seat="3" name="depelvss" chips="500" dealer="0" win="0" bet="20" muck="1" rebuy="0" addon="0" merge="0" rebuychips="0" reg_code="5063475516"/>
</players>
</general>
<round no="0"><action no="1" player="depelvss" type="1" discard="1" dealt="1" sum="10"/>
<action no="2" player="KOPKHUNKRAP" type="2" sum="20"/>
</round>
<round no="1"><cards type="Pocket" player="pacca13">X X</cards>
<cards type="Pocket" player="depelvss">X X</cards>
<cards type="Pocket" player="KOPKHUNKRAP">SQ HQ</cards>
<action no="3" player="pacca13" type="3" discard="1" dealt="1" sum="20"/>
<action no="4" player="depelvss" type="3" discard="1" dealt="1" sum="10"/>
<action no="5" player="KOPKHUNKRAP" type="23" sum="80"/>
<action no="6" player="pacca13" type="3" discard="1" dealt="1" sum="60"/>
<action no="7" player="depelvss" type="0" discard="1" dealt="1" sum="0"/>
</round>
<round no="2"><cards type="Flop">DK H3 C9</cards>
<action no="8" player="KOPKHUNKRAP" type="4" sum="0"/>
<action no="9" player="pacca13" type="4" discard="1" dealt="1" sum="0"/>
</round>
<round no="3"><cards type="Turn">SJ</cards>
<action no="10" player="KOPKHUNKRAP" type="5" sum="90"/>
<action no="11" player="pacca13" type="3" discard="1" dealt="1" sum="90"/>
</round>
<round no="4"><cards type="River">H10</cards>
<action no="12" player="KOPKHUNKRAP" type="4" sum="0"/>
<action no="13" player="pacca13" type="5" discard="1" dealt="1" sum="280"/>
<action no="14" player="KOPKHUNKRAP" type="7" sum="330"/>
<action no="15" player="pacca13" type="0" discard="1" dealt="1" sum="0"/>
</round>
</game>
<game gamecode="6494006942"><general><startdate>2025-10-02 02:32:14</startdate>
<round>1</round>
<failsafecounter/>
<players><player seat="10" name="pacca13" chips="50" dealer="0" win="90" bet="50" muck="1" rebuy="0" addon="0" merge="0" rebuychips="0" reg_code="5063475617"/>
<player seat="3" name="depelvss" chips="480" dealer="1" win="0" bet="40" muck="1" rebuy="0" addon="0" merge="0" rebuychips="0" reg_code="5063475516"/>
<player seat="6" name="KOPKHUNKRAP" chips="970" dealer="0" win="0" bet="10" muck="1" rebuy="0" addon="0" merge="0" rebuychips="0" reg_code="5063475541"/>
</players>
</general>
<round no="0"><action no="1" player="KOPKHUNKRAP" type="1" sum="10"/>
<action no="2" player="pacca13" type="2" discard="1" dealt="1" sum="20"/>
</round>
<round no="1"><cards type="Pocket" player="KOPKHUNKRAP">D3 SQ</cards>
<cards type="Pocket" player="depelvss">X X</cards>
<cards type="Pocket" player="pacca13">X X</cards>
<action no="3" player="depelvss" type="23" discard="1" dealt="1" sum="40"/>
<action no="4" player="KOPKHUNKRAP" type="0" sum="0"/>
<action no="5" player="pacca13" type="7" discard="1" dealt="1" sum="30"/>
<action no="6" player="depelvss" type="0" discard="1" dealt="1" sum="0"/>
</round>
</game>
<game gamecode="6494006971"><general><startdate>2025-10-02 02:32:32</startdate>
<round>1</round>
<failsafecounter/>
<players><player seat="3" name="depelvss" chips="440" dealer="0" win="0" bet="20" muck="1" rebuy="0" addon="0" merge="0" rebuychips="0" reg_code="5063475516"/>
<player seat="6" name="KOPKHUNKRAP" chips="960" dealer="1" win="50" bet="40" muck="1" rebuy="0" addon="0" merge="0" rebuychips="0" reg_code="5063475541"/>
<player seat="10" name="pacca13" chips="100" dealer="0" win="0" bet="10" muck="1" rebuy="0" addon="0" merge="0" rebuychips="0" reg_code="5063475617"/>
</players>
</general>
<round no="0"><action no="1" player="pacca13" type="1" discard="1" dealt="1" sum="10"/>
<action no="2" player="depelvss" type="2" discard="1" dealt="1" sum="20"/>
</round>
<round no="1"><cards type="Pocket" player="pacca13">X X</cards>
<cards type="Pocket" player="depelvss">X X</cards>
<cards type="Pocket" player="KOPKHUNKRAP">DA H9</cards>
<action no="3" player="KOPKHUNKRAP" type="23" sum="40"/>
<action no="4" player="pacca13" type="0" discard="1" dealt="1" sum="0"/>
<action no="5" player="depelvss" type="0" discard="1" dealt="1" sum="0"/>
</round>
</game>
<game gamecode="6494006995"><general><startdate>2025-10-02 02:32:49</startdate>
<round>1</round>
<failsafecounter/>
<players><player seat="6" name="KOPKHUNKRAP" chips="990" dealer="0" win="0" bet="50" muck="1" rebuy="0" addon="0" merge="0" rebuychips="0" reg_code="5063475541"/>
<player seat="10" name="pacca13" chips="90" dealer="1" win="0" bet="0" muck="1" rebuy="0" addon="0" merge="0" rebuychips="0" reg_code="5063475617"/>
<player seat="3" name="depelvss" chips="420" dealer="0" win="100" bet="150" muck="1" rebuy="0" addon="0" merge="0" rebuychips="0" reg_code="5063475516"/>
</players>
</general>
<round no="0"><action no="1" player="depelvss" type="1" discard="1" dealt="1" sum="10"/>
<action no="2" player="KOPKHUNKRAP" type="2" sum="20"/>
</round>
<round no="1"><cards type="Pocket" player="KOPKHUNKRAP">C10 C4</cards>
<cards type="Pocket" player="depelvss">X X</cards>
<cards type="Pocket" player="pacca13">X X</cards>
<action no="3" player="pacca13" type="0" discard="1" dealt="1" sum="0"/>
<action no="4" player="depelvss" type="23" discard="1" dealt="1" sum="50"/>
<action no="5" player="KOPKHUNKRAP" type="3" sum="30"/>
</round>
<round no="2"><cards type="Flop">S10 H6 SJ</cards>
<action no="6" player="depelvss" type="5" discard="1" dealt="1" sum="100"/>
<action no="7" player="KOPKHUNKRAP" type="0" sum="0"/>
</round>
</game>
<game gamecode="6494007035"><general><startdate>2025-10-02 02:33:14</startdate>
<round>1</round>
<failsafecounter/>
<players><player seat="10" name="pacca13" chips="90" dealer="0" win="200" bet="90" muck="0" rebuy="0" addon="0" merge="0" rebuychips="0" reg_code="5063475617"/>
<player seat="3" name="depelvss" chips="470" dealer="1" win="0" bet="90" muck="1" rebuy="0" addon="0" merge="0" rebuychips="0" reg_code="5063475516"/>
<player seat="6" name="KOPKHUNKRAP" chips="940" dealer="0" win="0" bet="20" muck="1" rebuy="0" addon="0" merge="0" rebuychips="0" reg_code="5063475541"/>
</players>
</general>
<round no="0"><action no="1" player="KOPKHUNKRAP" type="15" sum="5"/>
<action no="2" player="pacca13" type="15" discard="1" dealt="1" sum="5"/>
<action no="3" player="depelvss" type="15" discard="1" dealt="1" sum="5"/>
<action no="4" player="KOPKHUNKRAP" type="1" sum="15"/>
<action no="5" player="pacca13" type="2" discard="1" dealt="1" sum="30"/>
</round>
<round no="1"><cards type="Pocket" player="pacca13">S8 CQ</cards>
<cards type="Pocket" player="depelvss">DK C6</cards>
<cards type="Pocket" player="KOPKHUNKRAP">H2 C7</cards>
<action no="6" player="depelvss" type="23" discard="1" dealt="1" sum="60"/>
<action no="7" player="KOPKHUNKRAP" type="0" sum="0"/>
<action no="8" player="pacca13" type="7" discard="1" dealt="1" sum="55"/>
<action no="9" player="depelvss" type="3" discard="1" dealt="1" sum="25"/>
</round>
<round no="2"><cards type="Flop">S2 D8 S9</cards>
</round>
<round no="3"><cards type="Turn">S7</cards>
</round>
<round no="4"><cards type="River">C3</cards>
</round>
</game>
<game gamecode="6494007070"><general><startdate>2025-10-02 02:33:43</startdate>
<round>1</round>
<failsafecounter/>
<players><player seat="3" name="depelvss" chips="380" dealer="0" win="45" bet="35" muck="1" rebuy="0" addon="0" merge="0" rebuychips="0" reg_code="5063475516"/>
<player seat="6" name="KOPKHUNKRAP" chips="920" dealer="1" win="0" bet="5" muck="1" rebuy="0" addon="0" merge="0" rebuychips="0" reg_code="5063475541"/>
<player seat="10" name="pacca13" chips="200" dealer="0" win="0" bet="20" muck="1" rebuy="0" addon="0" merge="0" rebuychips="0" reg_code="5063475617"/>
</players>
</general>
<round no="0"><action no="1" player="pacca13" type="15" discard="1" dealt="1" sum="5"/>
<action no="2" player="depelvss" type="15" discard="1" dealt="1" sum="5"/>
<action no="3" player="KOPKHUNKRAP" type="15" sum="5"/>
<action no="4" player="pacca13" type="1" discard="1" dealt="1" sum="15"/>
<action no="5" player="depelvss" type="2" discard="1" dealt="1" sum="30"/>
</round>
<round no="1"><cards type="Pocket" player="pacca13">X X</cards>
<cards type="Pocket" player="depelvss">X X</cards>
<cards type="Pocket" player="KOPKHUNKRAP">S7 H10</cards>
<action no="6" player="KOPKHUNKRAP" type="0" sum="0"/>
<action no="7" player="pacca13" type="0" discard="1" dealt="1" sum="0"/>
</round>
</game>
<game gamecode="6494007088"><general><startdate>2025-10-02 02:33:55</startdate>
<round>1</round>
<failsafecounter/>
<players><player seat="6" name="KOPKHUNKRAP" chips="915" dealer="0" win="815" bet="405" muck="0" rebuy="0" addon="0" merge="0" rebuychips="0" reg_code="5063475541"/>
<player seat="10" name="pacca13" chips="180" dealer="1" win="0" bet="5" muck="1" rebuy="0" addon="0" merge="0" rebuychips="0" reg_code="5063475617"/>
<player seat="3" name="depelvss" chips="405" dealer="0" win="0" bet="405" muck="0" rebuy="0" addon="0" merge="0" rebuychips="0" reg_code="5063475516"/>
</players>
</general>
<round no="0"><action no="1" player="depelvss" type="15" discard="1" dealt="1" sum="5"/>
<action no="2" player="KOPKHUNKRAP" type="15" sum="5"/>
<action no="3" player="pacca13" type="15" discard="1" dealt="1" sum="5"/>
<action no="4" player="depelvss" type="1" discard="1" dealt="1" sum="15"/>
<action no="5" player="KOPKHUNKRAP" type="2" sum="30"/>
</round>
<round no="1"><cards type="Pocket" player="KOPKHUNKRAP">SJ S10</cards>
<cards type="Pocket" player="depelvss">D7 D10</cards>
<cards type="Pocket" player="pacca13">X X</cards>
<action no="6" player="pacca13" type="0" discard="1" dealt="1" sum="0"/>
<action no="7" player="depelvss" type="23" discard="1" dealt="1" sum="400"/>
<action no="8" player="KOPKHUNKRAP" type="3" sum="370"/>
</round>
<round no="2"><cards type="Flop">CJ C10 SK</cards>
</round>
<round no="3"><cards type="Turn">H2</cards>
</round>
<round no="4"><cards type="River">DK</cards>
</round>
</game>
<game gamecode="6494007128"><general><startdate>2025-10-02 02:34:26</startdate>
<round>1</round>
<failsafecounter/>
<players><player seat="10" name="pacca13" chips="175" dealer="0" win="350" bet="175" muck="0" rebuy="0" addon="0" merge="0" rebuychips="0" reg_code="5063475617"/>
<player seat="6" name="KOPKHUNKRAP" chips="1,325" dealer="1" win="0" bet="1,325" muck="1" rebuy="0" addon="0" merge="0" rebuychips="0" reg_code="5063475541"/>
</players>
</general>
<round no="0"><action no="1" player="KOPKHUNKRAP" type="15" sum="5"/>
<action no="2" player="pacca13" type="15" discard="1" dealt="1" sum="5"/>
<action no="3" player="KOPKHUNKRAP" type="1" sum="15"/>
<action no="4" player="pacca13" type="2" discard="1" dealt="1" sum="30"/>
</round>
<round no="1"><cards type="Pocket" player="KOPKHUNKRAP">CQ S10</cards>
<cards type="Pocket" player="pacca13">D8 C6</cards>
<action no="5" player="KOPKHUNKRAP" type="23" sum="1,320"/>
<action no="6" player="pacca13" type="7" discard="1" dealt="1" sum="140"/>
</round>
<round no="2"><cards type="Flop">D2 H8 H6</cards>
</round>
<round no="3"><cards type="Turn">D9</cards>
</round>
<round no="4"><cards type="River">DA</cards>
</round>
</game>
<game gamecode="6494007155"><general><startdate>2025-10-02 02:34:49</startdate>
<round>1</round>
<failsafecounter/>
<players><player seat="6" name="KOPKHUNKRAP" chips="1,150" dealer="0" win="50" bet="45" muck="1" rebuy="0" addon="0" merge="0" rebuychips="0" reg_code="5063475541"/>
<player seat="10" name="pacca13" chips="350" dealer="1" win="0" bet="25" muck="1" rebuy="0" addon="0" merge="0" rebuychips="0" reg_code="5063475617"/>
</players>
</general>
<round no="0"><action no="1" player="pacca13" type="15" discard="1" dealt="1" sum="5"/>
<action no="2" player="KOPKHUNKRAP" type="15" sum="5"/>
<action no="3" player="pacca13" type="1" discard="1" dealt="1" sum="20"/>
<action no="4" player="KOPKHUNKRAP" type="2" sum="40"/>
</round>
<round no="1"><cards type="Pocket" player="KOPKHUNKRAP">HQ H7</cards>
<cards type="Pocket" player="pacca13">X X</cards>
<action no="5" player="pacca13" type="0" discard="1" dealt="1" sum="0"/>
</round>
</game>
<game gamecode="6494007161"><general><startdate>2025-10-02 02:34:57</startdate>
<round>1</round>
<failsafecounter/>
<players><player seat="10" name="pacca13" chips="325" dealer="0" win="50" bet="45" muck="1" rebuy="0" addon="0" merge="0" rebuychips="0" reg_code="5063475617"/>
<player seat="6" name="KOPKHUNKRAP" chips="1,175" dealer="1" win="0" bet="25" muck="1" rebuy="0" addon="0" merge="0" rebuychips="0" reg_code="5063475541"/>
</players>
</general>
<round no="0"><action no="1" player="KOPKHUNKRAP" type="15" sum="5"/>
<action no="2" player="pacca13" type="15" discard="1" dealt="1" sum="5"/>
<action no="3" player="KOPKHUNKRAP" type="1" sum="20"/>
<action no="4" player="pacca13" type="2" discard="1" dealt="1" sum="40"/>
</round>
<round no="1"><cards type="Pocket" player="KOPKHUNKRAP">D4 S10</cards>
<cards type="Pocket" player="pacca13">X X</cards>
<action no="5" player="KOPKHUNKRAP" type="0" sum="0"/>
</round>
</game>
<game gamecode="6494007169"><general><startdate>2025-10-02 02:35:06</startdate>
<round>1</round>
<failsafecounter/>
<players><player seat="6" name="KOPKHUNKRAP" chips="1,150" dealer="0" win="0" bet="350" muck="1" rebuy="0" addon="0" merge="0" rebuychips="0" reg_code="5063475541"/>
<player seat="10" name="pacca13" chips="350" dealer="1" win="700" bet="350" muck="0" rebuy="0" addon="0" merge="0" rebuychips="0" reg_code="5063475617"/>
</players>
</general>
<round no="0"><action no="1" player="pacca13" type="15" discard="1" dealt="1" sum="5"/>
<action no="2" player="KOPKHUNKRAP" type="15" sum="5"/>
<action no="3" player="pacca13" type="1" discard="1" dealt="1" sum="20"/>
<action no="4" player="KOPKHUNKRAP" type="2" sum="40"/>
</round>
<round no="1"><cards type="Pocket" player="pacca13">HA CK</cards>
<cards type="Pocket" player="KOPKHUNKRAP">HK D9</cards>
<action no="5" player="pacca13" type="23" discard="1" dealt="1" sum="345"/>
<action no="6" player="KOPKHUNKRAP" type="3" sum="305"/>
</round>
<round no="2"><cards type="Flop">C7 SJ HJ</cards>
</round>
<round no="3"><cards type="Turn">S4</cards>
</round>
<round no="4"><cards type="River">C4</cards>
</round>
</game>
<game gamecode="6494007202"><general><startdate>2025-10-02 02:35:31</startdate>
<round>1</round>
<failsafecounter/>
<players><player seat="10" name="pacca13" chips="700" dealer="0" win="90" bet="135" muck="1" rebuy="0" addon="0" merge="0" rebuychips="0" reg_code="5063475617"/>
<player seat="6" name="KOPKHUNKRAP" chips="800" dealer="1" win="0" bet="45" muck="1" rebuy="0" addon="0" merge="0" rebuychips="0" reg_code="5063475541"/>
</players>
</general>
<round no="0"><action no="1" player="KOPKHUNKRAP" type="15" sum="5"/>
<action no="2" player="pacca13" type="15" discard="1" dealt="1" sum="5"/>
<action no="3" player="KOPKHUNKRAP" type="1" sum="20"/>
<action no="4" player="pacca13" type="2" discard="1" dealt="1" sum="40"/>
</round>
<round no="1"><cards type="Pocket" player="pacca13">X X</cards>
<cards type="Pocket" player="KOPKHUNKRAP">HK H8</cards>
<action no="5" player="KOPKHUNKRAP" type="3" sum="20"/>
<action no="6" player="pacca13" type="4" discard="1" dealt="1" sum="0"/>
</round>
<round no="2"><cards type="Flop">H3 D5 S10</cards>
<action no="7" player="pacca13" type="5" discard="1" dealt="1" sum="90"/>
<action no="8" player="KOPKHUNKRAP" type="0" sum="0"/>
</round>
</game>
<game gamecode="6494007229"><general><startdate>2025-10-02 02:35:58</startdate>
<round>1</round>
<failsafecounter/>
<players><player seat="6" name="KOPKHUNKRAP" chips="755" dealer="0" win="0" bet="755" muck="0" rebuy="0" addon="0" merge="0" rebuychips="0" reg_code="5063475541"/>
<player seat="10" name="pacca13" chips="745" dealer="1" win="1,490" bet="745" muck="0" rebuy="0" addon="0" merge="0" rebuychips="0" reg_code="5063475617"/>
</players>
</general>
<round no="0"><action no="1" player="pacca13" type="15" discard="1" dealt="1" sum="5"/>
<action no="2" player="KOPKHUNKRAP" type="15" sum="5"/>
<action no="3" player="pacca13" type="1" discard="1" dealt="1" sum="20"/>
<action no="4" player="KOPKHUNKRAP" type="2" sum="40"/>
</round>
<round no="1"><cards type="Pocket" player="KOPKHUNKRAP">CA DJ</cards>
<cards type="Pocket" player="pacca13">H5 D5</cards>
<action no="5" player="pacca13" type="23" discard="1" dealt="1" sum="120"/>
<action no="6" player="KOPKHUNKRAP" type="23" sum="750"/>
<action no="7" player="pacca13" type="7" discard="1" dealt="1" sum="620"/>
</round>
<round no="2"><cards type="Flop">S6 H2 DK</cards>
</round>
<round no="3"><cards type="Turn">C10</cards>
</round>
<round no="4"><cards type="River">S5</cards>
</round>
</game>
<game gamecode="6494007272"><general><startdate>2025-10-02 02:36:30</startdate>
<round>1</round>
<failsafecounter/>
<players><player seat="10" name="pacca13" chips="1,490" dealer="0" win="20" bet="65" muck="0" rebuy="0" addon="0" merge="0" rebuychips="0" reg_code="5063475617"/>
<player seat="6" name="KOPKHUNKRAP" chips="10" dealer="1" win="0" bet="10" muck="1" rebuy="0" addon="0" merge="0" rebuychips="0" reg_code="5063475541"/>
</players>
</general>
<round no="0"><action no="1" player="KOPKHUNKRAP" type="15" sum="5"/>
<action no="2" player="pacca13" type="15" discard="1" dealt="1" sum="5"/>
<action no="3" player="KOPKHUNKRAP" type="1" sum="5"/>
<action no="4" player="pacca13" type="2" discard="1" dealt="1" sum="60"/>
</round>
<round no="1"><cards type="Pocket" player="pacca13">D9 CA</cards>
<cards type="Pocket" player="KOPKHUNKRAP">C4 D4</cards>
</round>
<round no="2"><cards type="Flop">D6 HQ S9</cards>
</round>
<round no="3"><cards type="Turn">H8</cards>
</round>
<round no="4"><cards type="River">CK</cards>
</round>
</game>
</session>
