<?xml version="1.0" encoding="UTF-8"?>
<session sessioncode="5065471819">
<general>
<client_version>24.7.1.15</client_version>
<mode>real</mode>
<gametype>Holdem NL</gametype>
<tablename>Twister €200 SNG, 819477822</tablename>
<tournamentcode>819477821</tournamentcode>
<tournamentname>Twister €200 SNG</tournamentname>
<buyin>€0 + €12 + €188</buyin>
<totalbuyin>€200</totalbuyin>
<rewarddrawn>€400</rewarddrawn>
<tournamentcurrency>EUR</tournamentcurrency>
<currency>EUR</currency>
<nickname>KOPKHUNKRAP</nickname>
<gamecount>5</gamecount>
<startdate>2025-10-11 11:46:16</startdate>
<place>3</place>
<win>€0</win>
<tablesize>3</tablesize>
</general>
<game gamecode="6502057972"><general><startdate>2025-10-11 11:46:32</startdate>
<round>1</round>
<failsafecounter/>
<players><player seat="3" name="Exivezzz2323" chips="500" dealer="0" win="100" bet="500" muck="1" rebuy="0" addon="0" merge="0" rebuychips="0" reg_code="5065471121"/>
<player seat="6" name="L3ON38" chips="500" dealer="1" win="0" bet="0" muck="1" rebuy="0" addon="0" merge="0" rebuychips="0" reg_code="5065471497"/>
<player seat="10" name="KOPKHUNKRAP" chips="500" dealer="0" win="0" bet="50" muck="1" rebuy="0" addon="0" merge="0" rebuychips="0" reg_code="5065471819"/>
</players>
</general>
<round no="0"><action no="1" player="KOPKHUNKRAP" type="1" sum="10"/>
<action no="2" player="Exivezzz2323" type="2" discard="1" dealt="1" sum="20"/>
</round>
<round no="1"><cards type="Pocket" player="KOPKHUNKRAP">CJ SQ</cards>
<cards type="Pocket" player="Exivezzz2323">X X</cards>
<cards type="Pocket" player="L3ON38">X X</cards>
<action no="3" player="L3ON38" type="0" discard="1" dealt="1" sum="0"/>
<action no="4" player="KOPKHUNKRAP" type="23" sum="50"/>
<action no="5" player="Exivezzz2323" type="23" discard="1" dealt="1" sum="500"/>
<action no="6" player="KOPKHUNKRAP" type="0" sum="0"/>
</round>
</game>
<game gamecode="6502057996"><general><startdate>2025-10-11 11:46:51</startdate>
<round>1</round>
<failsafecounter/>
<players><player seat="6" name="L3ON38" chips="500" dealer="0" win="0" bet="20" muck="1" rebuy="0" addon="0" merge="0" rebuychips="0" reg_code="5065471497"/>
<player seat="10" name="KOPKHUNKRAP" chips="450" dealer="1" win="50" bet="40" muck="1" rebuy="0" addon="0" merge="0" rebuychips="0" reg_code="5065471819"/>
<player seat="3" name="Exivezzz2323" chips="550" dealer="0" win="0" bet="10" muck="1" rebuy="0" addon="0" merge="0" rebuychips="0" reg_code="5065471121"/>
</players>
</general>
<round no="0"><action no="1" player="Exivezzz2323" type="1" discard="1" dealt="1" sum="10"/>
<action no="2" player="L3ON38" type="2" discard="1" dealt="1" sum="20"/>
</round>
<round no="1"><cards type="Pocket" player="Exivezzz2323">X X</cards>
<cards type="Pocket" player="L3ON38">X X</cards>
<cards type="Pocket" player="KOPKHUNKRAP">SQ CA</cards>
<action no="3" player="KOPKHUNKRAP" type="23" sum="40"/>
<action no="4" player="Exivezzz2323" type="0" discard="1" dealt="1" sum="0"/>
<action no="5" player="L3ON38" type="0" discard="1" dealt="1" sum="0"/>
</round>
</game>
<game gamecode="6502058018"><general><startdate>2025-10-11 11:47:09</startdate>
<round>1</round>
<failsafecounter/>
<players><player seat="10" name="KOPKHUNKRAP" chips="480" dealer="0" win="0" bet="20" muck="1" rebuy="0" addon="0" merge="0" rebuychips="0" reg_code="5065471819"/>
<player seat="3" name="Exivezzz2323" chips="540" dealer="1" win="0" bet="40" muck="1" rebuy="0" addon="0" merge="0" rebuychips="0" reg_code="5065471121"/>
<player seat="6" name="L3ON38" chips="480" dealer="0" win="100" bet="480" muck="1" rebuy="0" addon="0" merge="0" rebuychips="0" reg_code="5065471497"/>
</players>
</general>
<round no="0"><action no="1" player="L3ON38" type="1" discard="1" dealt="1" sum="10"/>
<action no="2" player="KOPKHUNKRAP" type="2" sum="20"/>
</round>
<round no="1"><cards type="Pocket" player="L3ON38">X X</cards>
<cards type="Pocket" player="KOPKHUNKRAP">H6 C10</cards>
<cards type="Pocket" player="Exivezzz2323">X X</cards>
<action no="3" player="Exivezzz2323" type="23" discard="1" dealt="1" sum="40"/>
<action no="4" player="L3ON38" type="23" discard="1" dealt="1" sum="480"/>
<action no="5" player="KOPKHUNKRAP" type="0" sum="0"/>
<action no="6" player="Exivezzz2323" type="0" discard="1" dealt="1" sum="0"/>
</round>
</game>
<game gamecode="6502058044"><general><startdate>2025-10-11 11:47:26</startdate>
<round>1</round>
<failsafecounter/>
<players><player seat="3" name="Exivezzz2323" chips="500" dealer="0" win="100" bet="80" muck="1" rebuy="0" addon="0" merge="0" rebuychips="0" reg_code="5065471121"/>
<player seat="6" name="L3ON38" chips="540" dealer="1" win="0" bet="0" muck="1" rebuy="0" addon="0" merge="0" rebuychips="0" reg_code="5065471497"/>
<player seat="10" name="KOPKHUNKRAP" chips="460" dealer="0" win="0" bet="50" muck="1" rebuy="0" addon="0" merge="0" rebuychips="0" reg_code="5065471819"/>
</players>
</general>
<round no="0"><action no="1" player="KOPKHUNKRAP" type="1" sum="10"/>
<action no="2" player="Exivezzz2323" type="2" discard="1" dealt="1" sum="20"/>
</round>
<round no="1"><cards type="Pocket" player="L3ON38">X X</cards>
<cards type="Pocket" player="Exivezzz2323">X X</cards>
<cards type="Pocket" player="KOPKHUNKRAP">SA HQ</cards>
<action no="3" player="L3ON38" type="0" discard="1" dealt="1" sum="0"/>
<action no="4" player="KOPKHUNKRAP" type="23" sum="50"/>
<action no="5" player="Exivezzz2323" type="3" discard="1" dealt="1" sum="30"/>
</round>
<round no="2"><cards type="Flop">C8 C2 H3</cards>
<action no="6" player="KOPKHUNKRAP" type="4" sum="0"/>
<action no="7" player="Exivezzz2323" type="4" discard="1" dealt="1" sum="0"/>
</round>
<round no="3"><cards type="Turn">D6</cards>
<action no="8" player="KOPKHUNKRAP" type="4" sum="0"/>
<action no="9" player="Exivezzz2323" type="5" discard="1" dealt="1" sum="30"/>
<action no="10" player="KOPKHUNKRAP" type="0" sum="0"/>
</round>
</game>
<game gamecode="6502058087"><general><startdate>2025-10-11 11:47:58</startdate>
<round>1</round>
<failsafecounter/>
<players><player seat="6" name="L3ON38" chips="540" dealer="0" win="0" bet="20" muck="1" rebuy="0" addon="0" merge="0" rebuychips="0" reg_code="5065471497"/>
<player seat="10" name="KOPKHUNKRAP" chips="410" dealer="1" win="0" bet="410" muck="0" rebuy="0" addon="0" merge="0" rebuychips="0" reg_code="5065471819"/>
<player seat="3" name="Exivezzz2323" chips="550" dealer="0" win="840" bet="550" muck="0" rebuy="0" addon="0" merge="0" rebuychips="0" reg_code="5065471121"/>
</players>
</general>
<round no="0"><action no="1" player="Exivezzz2323" type="1" discard="1" dealt="1" sum="10"/>
<action no="2" player="L3ON38" type="2" discard="1" dealt="1" sum="20"/>
</round>
<round no="1"><cards type="Pocket" player="KOPKHUNKRAP">D6 S6</cards>
<cards type="Pocket" player="Exivezzz2323">DA D10</cards>
<cards type="Pocket" player="L3ON38">X X</cards>
<action no="3" player="KOPKHUNKRAP" type="23" sum="40"/>
<action no="4" player="Exivezzz2323" type="23" discard="1" dealt="1" sum="550"/>
<action no="5" player="L3ON38" type="0" discard="1" dealt="1" sum="0"/>
<action no="6" player="KOPKHUNKRAP" type="7" sum="370"/>
</round>
<round no="2"><cards type="Flop">SK SQ HA</cards>
</round>
<round no="3"><cards type="Turn">SJ</cards>
</round>
<round no="4"><cards type="River">H6</cards>
</round>
</game>
</session>
