<?xml version="1.0" encoding="UTF-8"?>
<session sessioncode="5065480304">
<general>
<client_version>24.7.1.15</client_version>
<mode>real</mode>
<gametype>Holdem NL</gametype>
<tablename>Twister €200 SNG, 819478681</tablename>
<tournamentcode>819478680</tournamentcode>
<tournamentname>Twister €200 SNG</tournamentname>
<buyin>€0 + €12 + €188</buyin>
<totalbuyin>€200</totalbuyin>
<rewarddrawn>€400</rewarddrawn>
<tournamentcurrency>EUR</tournamentcurrency>
<currency>EUR</currency>
<nickname>KOPKHUNKRAP</nickname>
<gamecount>29</gamecount>
<startdate>2025-10-11 12:46:13</startdate>
<place>2</place>
<win>€0</win>
<tablesize>3</tablesize>
</general>
<game gamecode="6502092485"><general><startdate>2025-10-11 12:46:28</startdate>
<round>1</round>
<failsafecounter/>
<players><player seat="6" name="NagatoUzumaki" chips="500" dealer="0" win="0" bet="170" muck="1" rebuy="0" addon="0" merge="0" rebuychips="0" reg_code="5065478655"/>
<player seat="10" name="KOPKHUNKRAP" chips="500" dealer="1" win="350" bet="500" muck="1" rebuy="0" addon="0" merge="0" rebuychips="0" reg_code="5065480304"/>
<player seat="3" name="Exivezzz2323" chips="500" dealer="0" win="0" bet="10" muck="1" rebuy="0" addon="0" merge="0" rebuychips="0" reg_code="5065478509"/>
</players>
</general>
<round no="0"><action no="1" player="Exivezzz2323" type="1" discard="1" dealt="1" sum="10"/>
<action no="2" player="NagatoUzumaki" type="2" discard="1" dealt="1" sum="20"/>
</round>
<round no="1"><cards type="Pocket" player="NagatoUzumaki">X X</cards>
<cards type="Pocket" player="Exivezzz2323">X X</cards>
<cards type="Pocket" player="KOPKHUNKRAP">C7 CA</cards>
<action no="3" player="KOPKHUNKRAP" type="23" sum="40"/>
<action no="4" player="Exivezzz2323" type="0" discard="1" dealt="1" sum="0"/>
<action no="5" player="NagatoUzumaki" type="3" discard="1" dealt="1" sum="20"/>
</round>
<round no="2"><cards type="Flop">CQ CJ S8</cards>
<action no="6" player="NagatoUzumaki" type="4" discard="1" dealt="1" sum="0"/>
<action no="7" player="KOPKHUNKRAP" type="5" sum="30"/>
<action no="8" player="NagatoUzumaki" type="3" discard="1" dealt="1" sum="30"/>
</round>
<round no="3"><cards type="Turn">C8</cards>
<action no="9" player="NagatoUzumaki" type="4" discard="1" dealt="1" sum="0"/>
<action no="10" player="KOPKHUNKRAP" type="5" sum="100"/>
<action no="11" player="NagatoUzumaki" type="3" discard="1" dealt="1" sum="100"/>
</round>
<round no="4"><cards type="River">C4</cards>
<action no="12" player="NagatoUzumaki" type="4" discard="1" dealt="1" sum="0"/>
<action no="13" player="KOPKHUNKRAP" type="5" sum="330"/>
<action no="14" player="NagatoUzumaki" type="0" discard="1" dealt="1" sum="0"/>
</round>
</game>
<game gamecode="6502096509"><general><startdate>2025-10-11 12:47:35</startdate>
<round>1</round>
<failsafecounter/>
<players><player seat="10" name="KOPKHUNKRAP" chips="680" dealer="0" win="20" bet="20" muck="1" rebuy="0" addon="0" merge="0" rebuychips="0" reg_code="5065480304"/>
<player seat="3" name="Exivezzz2323" chips="490" dealer="1" win="0" bet="0" muck="1" rebuy="0" addon="0" merge="0" rebuychips="0" reg_code="5065478509"/>
<player seat="6" name="NagatoUzumaki" chips="330" dealer="0" win="0" bet="10" muck="1" rebuy="0" addon="0" merge="0" rebuychips="0" reg_code="5065478655"/>
</players>
</general>
<round no="0"><action no="1" player="NagatoUzumaki" type="1" discard="1" dealt="1" sum="10"/>
<action no="2" player="KOPKHUNKRAP" type="2" sum="20"/>
</round>
<round no="1"><cards type="Pocket" player="KOPKHUNKRAP">CK SJ</cards>
<cards type="Pocket" player="NagatoUzumaki">X X</cards>
<cards type="Pocket" player="Exivezzz2323">X X</cards>
<action no="3" player="Exivezzz2323" type="0" discard="1" dealt="1" sum="0"/>
<action no="4" player="NagatoUzumaki" type="0" discard="1" dealt="1" sum="0"/>
</round>
</game>
<game gamecode="6502096571"><general><startdate>2025-10-11 12:47:55</startdate>
<round>1</round>
<failsafecounter/>
<players><player seat="3" name="Exivezzz2323" chips="490" dealer="0" win="0" bet="20" muck="1" rebuy="0" addon="0" merge="0" rebuychips="0" reg_code="5065478509"/>
<player seat="6" name="NagatoUzumaki" chips="320" dealer="1" win="50" bet="40" muck="1" rebuy="0" addon="0" merge="0" rebuychips="0" reg_code="5065478655"/>
<player seat="10" name="KOPKHUNKRAP" chips="690" dealer="0" win="0" bet="10" muck="1" rebuy="0" addon="0" merge="0" rebuychips="0" reg_code="5065480304"/>
</players>
</general>
<round no="0"><action no="1" player="KOPKHUNKRAP" type="1" sum="10"/>
<action no="2" player="Exivezzz2323" type="2" discard="1" dealt="1" sum="20"/>
</round>
<round no="1"><cards type="Pocket" player="NagatoUzumaki">X X</cards>
<cards type="Pocket" player="KOPKHUNKRAP">H2 S3</cards>
<cards type="Pocket" player="Exivezzz2323">X X</cards>
<action no="3" player="NagatoUzumaki" type="23" discard="1" dealt="1" sum="40"/>
<action no="4" player="KOPKHUNKRAP" type="0" sum="0"/>
<action no="5" player="Exivezzz2323" type="0" discard="1" dealt="1" sum="0"/>
</round>
</game>
<game gamecode="6502096605"><general><startdate>2025-10-11 12:48:06</startdate>
<round>1</round>
<failsafecounter/>
<players><player seat="6" name="NagatoUzumaki" chips="350" dealer="0" win="0" bet="20" muck="1" rebuy="0" addon="0" merge="0" rebuychips="0" reg_code="5065478655"/>
<player seat="10" name="KOPKHUNKRAP" chips="680" dealer="1" win="0" bet="0" muck="1" rebuy="0" addon="0" merge="0" rebuychips="0" reg_code="5065480304"/>
<player seat="3" name="Exivezzz2323" chips="470" dealer="0" win="40" bet="50" muck="1" rebuy="0" addon="0" merge="0" rebuychips="0" reg_code="5065478509"/>
</players>
</general>
<round no="0"><action no="1" player="Exivezzz2323" type="1" discard="1" dealt="1" sum="10"/>
<action no="2" player="NagatoUzumaki" type="2" discard="1" dealt="1" sum="20"/>
</round>
<round no="1"><cards type="Pocket" player="NagatoUzumaki">X X</cards>
<cards type="Pocket" player="KOPKHUNKRAP">C6 D10</cards>
<cards type="Pocket" player="Exivezzz2323">X X</cards>
<action no="3" player="KOPKHUNKRAP" type="0" sum="0"/>
<action no="4" player="Exivezzz2323" type="23" discard="1" dealt="1" sum="50"/>
<action no="5" player="NagatoUzumaki" type="0" discard="1" dealt="1" sum="0"/>
</round>
</game>
<game gamecode="6502096672"><general><startdate>2025-10-11 12:48:26</startdate>
<round>1</round>
<failsafecounter/>
<players><player seat="10" name="KOPKHUNKRAP" chips="680" dealer="0" win="150" bet="680" muck="1" rebuy="0" addon="0" merge="0" rebuychips="0" reg_code="5065480304"/>
<player seat="3" name="Exivezzz2323" chips="490" dealer="1" win="0" bet="65" muck="1" rebuy="0" addon="0" merge="0" rebuychips="0" reg_code="5065478509"/>
<player seat="6" name="NagatoUzumaki" chips="330" dealer="0" win="0" bet="20" muck="1" rebuy="0" addon="0" merge="0" rebuychips="0" reg_code="5065478655"/>
</players>
</general>
<round no="0"><action no="1" player="NagatoUzumaki" type="15" discard="1" dealt="1" sum="5"/>
<action no="2" player="KOPKHUNKRAP" type="15" sum="5"/>
<action no="3" player="Exivezzz2323" type="15" discard="1" dealt="1" sum="5"/>
<action no="4" player="NagatoUzumaki" type="1" discard="1" dealt="1" sum="15"/>
<action no="5" player="KOPKHUNKRAP" type="2" sum="30"/>
</round>
<round no="1"><cards type="Pocket" player="Exivezzz2323">X X</cards>
<cards type="Pocket" player="KOPKHUNKRAP">C10 SA</cards>
<cards type="Pocket" player="NagatoUzumaki">X X</cards>
<action no="6" player="Exivezzz2323" type="23" discard="1" dealt="1" sum="60"/>
<action no="7" player="NagatoUzumaki" type="0" discard="1" dealt="1" sum="0"/>
<action no="8" player="KOPKHUNKRAP" type="23" sum="675"/>
<action no="9" player="Exivezzz2323" type="0" discard="1" dealt="1" sum="0"/>
</round>
</game>
<game gamecode="6502096722"><general><startdate>2025-10-11 12:48:42</startdate>
<round>1</round>
<failsafecounter/>
<players><player seat="3" name="Exivezzz2323" chips="425" dealer="0" win="0" bet="425" muck="0" rebuy="0" addon="0" merge="0" rebuychips="0" reg_code="5065478509"/>
<player seat="6" name="NagatoUzumaki" chips="310" dealer="1" win="0" bet="5" muck="1" rebuy="0" addon="0" merge="0" rebuychips="0" reg_code="5065478655"/>
<player seat="10" name="KOPKHUNKRAP" chips="765" dealer="0" win="855" bet="765" muck="0" rebuy="0" addon="0" merge="0" rebuychips="0" reg_code="5065480304"/>
</players>
</general>
<round no="0"><action no="1" player="KOPKHUNKRAP" type="15" sum="5"/>
<action no="2" player="Exivezzz2323" type="15" discard="1" dealt="1" sum="5"/>
<action no="3" player="NagatoUzumaki" type="15" discard="1" dealt="1" sum="5"/>
<action no="4" player="KOPKHUNKRAP" type="1" sum="15"/>
<action no="5" player="Exivezzz2323" type="2" discard="1" dealt="1" sum="30"/>
</round>
<round no="1"><cards type="Pocket" player="NagatoUzumaki">X X</cards>
<cards type="Pocket" player="KOPKHUNKRAP">HA H4</cards>
<cards type="Pocket" player="Exivezzz2323">H7 CA</cards>
<action no="6" player="NagatoUzumaki" type="0" discard="1" dealt="1" sum="0"/>
<action no="7" player="KOPKHUNKRAP" type="23" sum="760"/>
<action no="8" player="Exivezzz2323" type="7" discard="1" dealt="1" sum="390"/>
</round>
<round no="2"><cards type="Flop">C5 S3 D2</cards>
</round>
<round no="3"><cards type="Turn">CJ</cards>
</round>
<round no="4"><cards type="River">C7</cards>
</round>
</game>
<game gamecode="6502096780"><general><startdate>2025-10-11 12:49:03</startdate>
<round>1</round>
<failsafecounter/>
<players><player seat="6" name="NagatoUzumaki" chips="305" dealer="0" win="40" bet="35" muck="1" rebuy="0" addon="0" merge="0" rebuychips="0" reg_code="5065478655"/>
<player seat="10" name="KOPKHUNKRAP" chips="1,195" dealer="1" win="0" bet="20" muck="1" rebuy="0" addon="0" merge="0" rebuychips="0" reg_code="5065480304"/>
</players>
</general>
<round no="0"><action no="1" player="KOPKHUNKRAP" type="15" sum="5"/>
<action no="2" player="NagatoUzumaki" type="15" discard="1" dealt="1" sum="5"/>
<action no="3" player="KOPKHUNKRAP" type="1" sum="15"/>
<action no="4" player="NagatoUzumaki" type="2" discard="1" dealt="1" sum="30"/>
</round>
<round no="1"><cards type="Pocket" player="NagatoUzumaki">X X</cards>
<cards type="Pocket" player="KOPKHUNKRAP">C8 D4</cards>
<action no="5" player="KOPKHUNKRAP" type="0" sum="0"/>
</round>
</game>
<game gamecode="6502096800"><general><startdate>2025-10-11 12:49:09</startdate>
<round>1</round>
<failsafecounter/>
<players><player seat="10" name="KOPKHUNKRAP" chips="1,175" dealer="0" win="0" bet="35" muck="1" rebuy="0" addon="0" merge="0" rebuychips="0" reg_code="5065480304"/>
<player seat="6" name="NagatoUzumaki" chips="325" dealer="1" win="70" bet="325" muck="1" rebuy="0" addon="0" merge="0" rebuychips="0" reg_code="5065478655"/>
</players>
</general>
<round no="0"><action no="1" player="NagatoUzumaki" type="15" discard="1" dealt="1" sum="5"/>
<action no="2" player="KOPKHUNKRAP" type="15" sum="5"/>
<action no="3" player="NagatoUzumaki" type="1" discard="1" dealt="1" sum="15"/>
<action no="4" player="KOPKHUNKRAP" type="2" sum="30"/>
</round>
<round no="1"><cards type="Pocket" player="NagatoUzumaki">X X</cards>
<cards type="Pocket" player="KOPKHUNKRAP">C4 H7</cards>
<action no="5" player="NagatoUzumaki" type="23" discard="1" dealt="1" sum="320"/>
<action no="6" player="KOPKHUNKRAP" type="0" sum="0"/>
</round>
</game>
<game gamecode="6502096822"><general><startdate>2025-10-11 12:49:17</startdate>
<round>1</round>
<failsafecounter/>
<players><player seat="6" name="NagatoUzumaki" chips="360" dealer="0" win="0" bet="35" muck="1" rebuy="0" addon="0" merge="0" rebuychips="0" reg_code="5065478655"/>
<player seat="10" name="KOPKHUNKRAP" chips="1,140" dealer="1" win="70" bet="131" muck="1" rebuy="0" addon="0" merge="0" rebuychips="0" reg_code="5065480304"/>
</players>
</general>
<round no="0"><action no="1" player="KOPKHUNKRAP" type="15" sum="5"/>
<action no="2" player="NagatoUzumaki" type="15" discard="1" dealt="1" sum="5"/>
<action no="3" player="KOPKHUNKRAP" type="1" sum="15"/>
<action no="4" player="NagatoUzumaki" type="2" discard="1" dealt="1" sum="30"/>
</round>
<round no="1"><cards type="Pocket" player="KOPKHUNKRAP">C10 CJ</cards>
<cards type="Pocket" player="NagatoUzumaki">X X</cards>
<action no="5" player="KOPKHUNKRAP" type="3" sum="15"/>
<action no="6" player="NagatoUzumaki" type="4" discard="1" dealt="1" sum="0"/>
</round>
<round no="2"><cards type="Flop">C8 H9 H6</cards>
<action no="7" player="NagatoUzumaki" type="4" discard="1" dealt="1" sum="0"/>
<action no="8" player="KOPKHUNKRAP" type="5" sum="96"/>
<action no="9" player="NagatoUzumaki" type="0" discard="1" dealt="1" sum="0"/>
</round>
</game>
<game gamecode="6502096934"><general><startdate>2025-10-11 12:49:49</startdate>
<round>1</round>
<failsafecounter/>
<players><player seat="10" name="KOPKHUNKRAP" chips="1,175" dealer="0" win="50" bet="45" muck="1" rebuy="0" addon="0" merge="0" rebuychips="0" reg_code="5065480304"/>
<player seat="6" name="NagatoUzumaki" chips="325" dealer="1" win="0" bet="25" muck="1" rebuy="0" addon="0" merge="0" rebuychips="0" reg_code="5065478655"/>
</players>
</general>
<round no="0"><action no="1" player="NagatoUzumaki" type="15" discard="1" dealt="1" sum="5"/>
<action no="2" player="KOPKHUNKRAP" type="15" sum="5"/>
<action no="3" player="NagatoUzumaki" type="1" discard="1" dealt="1" sum="20"/>
<action no="4" player="KOPKHUNKRAP" type="2" sum="40"/>
</round>
<round no="1"><cards type="Pocket" player="NagatoUzumaki">X X</cards>
<cards type="Pocket" player="KOPKHUNKRAP">D4 C9</cards>
<action no="5" player="NagatoUzumaki" type="0" discard="1" dealt="1" sum="0"/>
</round>
</game>
<game gamecode="6502096970"><general><startdate>2025-10-11 12:50:00</startdate>
<round>1</round>
<failsafecounter/>
<players><player seat="6" name="NagatoUzumaki" chips="300" dealer="0" win="0" bet="45" muck="1" rebuy="0" addon="0" merge="0" rebuychips="0" reg_code="5065478655"/>
<player seat="10" name="KOPKHUNKRAP" chips="1,200" dealer="1" win="90" bet="1,200" muck="1" rebuy="0" addon="0" merge="0" rebuychips="0" reg_code="5065480304"/>
</players>
</general>
<round no="0"><action no="1" player="KOPKHUNKRAP" type="15" sum="5"/>
<action no="2" player="NagatoUzumaki" type="15" discard="1" dealt="1" sum="5"/>
<action no="3" player="KOPKHUNKRAP" type="1" sum="20"/>
<action no="4" player="NagatoUzumaki" type="2" discard="1" dealt="1" sum="40"/>
</round>
<round no="1"><cards type="Pocket" player="NagatoUzumaki">X X</cards>
<cards type="Pocket" player="KOPKHUNKRAP">CQ C3</cards>
<action no="5" player="KOPKHUNKRAP" type="23" sum="1,195"/>
<action no="6" player="NagatoUzumaki" type="0" discard="1" dealt="1" sum="0"/>
</round>
</game>
<game gamecode="6502096996"><general><startdate>2025-10-11 12:50:09</startdate>
<round>1</round>
<failsafecounter/>
<players><player seat="10" name="KOPKHUNKRAP" chips="1,245" dealer="0" win="50" bet="45" muck="1" rebuy="0" addon="0" merge="0" rebuychips="0" reg_code="5065480304"/>
<player seat="6" name="NagatoUzumaki" chips="255" dealer="1" win="0" bet="25" muck="1" rebuy="0" addon="0" merge="0" rebuychips="0" reg_code="5065478655"/>
</players>
</general>
<round no="0"><action no="1" player="NagatoUzumaki" type="15" discard="1" dealt="1" sum="5"/>
<action no="2" player="KOPKHUNKRAP" type="15" sum="5"/>
<action no="3" player="NagatoUzumaki" type="1" discard="1" dealt="1" sum="20"/>
<action no="4" player="KOPKHUNKRAP" type="2" sum="40"/>
</round>
<round no="1"><cards type="Pocket" player="KOPKHUNKRAP">D4 S3</cards>
<cards type="Pocket" player="NagatoUzumaki">X X</cards>
<action no="5" player="NagatoUzumaki" type="0" discard="1" dealt="1" sum="0"/>
</round>
</game>
<game gamecode="6502097015"><general><startdate>2025-10-11 12:50:14</startdate>
<round>1</round>
<failsafecounter/>
<players><player seat="6" name="NagatoUzumaki" chips="230" dealer="0" win="460" bet="230" muck="0" rebuy="0" addon="0" merge="0" rebuychips="0" reg_code="5065478655"/>
<player seat="10" name="KOPKHUNKRAP" chips="1,270" dealer="1" win="0" bet="1,270" muck="1" rebuy="0" addon="0" merge="0" rebuychips="0" reg_code="5065480304"/>
</players>
</general>
<round no="0"><action no="1" player="KOPKHUNKRAP" type="15" sum="5"/>
<action no="2" player="NagatoUzumaki" type="15" discard="1" dealt="1" sum="5"/>
<action no="3" player="KOPKHUNKRAP" type="1" sum="20"/>
<action no="4" player="NagatoUzumaki" type="2" discard="1" dealt="1" sum="40"/>
</round>
<round no="1"><cards type="Pocket" player="NagatoUzumaki">H9 D9</cards>
<cards type="Pocket" player="KOPKHUNKRAP">C2 SA</cards>
<action no="5" player="KOPKHUNKRAP" type="23" sum="1,265"/>
<action no="6" player="NagatoUzumaki" type="7" discard="1" dealt="1" sum="185"/>
</round>
<round no="2"><cards type="Flop">C5 D8 D4</cards>
</round>
<round no="3"><cards type="Turn">S6</cards>
</round>
<round no="4"><cards type="River">S9</cards>
</round>
</game>
<game gamecode="6502097064"><general><startdate>2025-10-11 12:50:29</startdate>
<round>1</round>
<failsafecounter/>
<players><player seat="10" name="KOPKHUNKRAP" chips="1,040" dealer="0" win="90" bet="1,040" muck="1" rebuy="0" addon="0" merge="0" rebuychips="0" reg_code="5065480304"/>
<player seat="6" name="NagatoUzumaki" chips="460" dealer="1" win="0" bet="45" muck="1" rebuy="0" addon="0" merge="0" rebuychips="0" reg_code="5065478655"/>
</players>
</general>
<round no="0"><action no="1" player="NagatoUzumaki" type="15" discard="1" dealt="1" sum="5"/>
<action no="2" player="KOPKHUNKRAP" type="15" sum="5"/>
<action no="3" player="NagatoUzumaki" type="1" discard="1" dealt="1" sum="20"/>
<action no="4" player="KOPKHUNKRAP" type="2" sum="40"/>
</round>
<round no="1"><cards type="Pocket" player="NagatoUzumaki">X X</cards>
<cards type="Pocket" player="KOPKHUNKRAP">D3 S3</cards>
<action no="5" player="NagatoUzumaki" type="3" discard="1" dealt="1" sum="20"/>
<action no="6" player="KOPKHUNKRAP" type="23" sum="1,035"/>
<action no="7" player="NagatoUzumaki" type="0" discard="1" dealt="1" sum="0"/>
</round>
</game>
<game gamecode="6502097107"><general><startdate>2025-10-11 12:50:45</startdate>
<round>1</round>
<failsafecounter/>
<players><player seat="6" name="NagatoUzumaki" chips="415" dealer="0" win="830" bet="415" muck="0" rebuy="0" addon="0" merge="0" rebuychips="0" reg_code="5065478655"/>
<player seat="10" name="KOPKHUNKRAP" chips="1,085" dealer="1" win="0" bet="1,085" muck="1" rebuy="0" addon="0" merge="0" rebuychips="0" reg_code="5065480304"/>
</players>
</general>
<round no="0"><action no="1" player="KOPKHUNKRAP" type="15" sum="5"/>
<action no="2" player="NagatoUzumaki" type="15" discard="1" dealt="1" sum="5"/>
<action no="3" player="KOPKHUNKRAP" type="1" sum="20"/>
<action no="4" player="NagatoUzumaki" type="2" discard="1" dealt="1" sum="40"/>
</round>
<round no="1"><cards type="Pocket" player="NagatoUzumaki">S7 S8</cards>
<cards type="Pocket" player="KOPKHUNKRAP">D4 HA</cards>
<action no="5" player="KOPKHUNKRAP" type="23" sum="1,080"/>
<action no="6" player="NagatoUzumaki" type="7" discard="1" dealt="1" sum="370"/>
</round>
<round no="2"><cards type="Flop">CQ H7 H10</cards>
</round>
<round no="3"><cards type="Turn">DQ</cards>
</round>
<round no="4"><cards type="River">SK</cards>
</round>
</game>
<game gamecode="6502097162"><general><startdate>2025-10-11 12:51:03</startdate>
<round>1</round>
<failsafecounter/>
<players><player seat="10" name="KOPKHUNKRAP" chips="670" dealer="0" win="0" bet="45" muck="1" rebuy="0" addon="0" merge="0" rebuychips="0" reg_code="5065480304"/>
<player seat="6" name="NagatoUzumaki" chips="830" dealer="1" win="90" bet="85" muck="1" rebuy="0" addon="0" merge="0" rebuychips="0" reg_code="5065478655"/>
</players>
</general>
<round no="0"><action no="1" player="NagatoUzumaki" type="15" discard="1" dealt="1" sum="5"/>
<action no="2" player="KOPKHUNKRAP" type="15" sum="5"/>
<action no="3" player="NagatoUzumaki" type="1" discard="1" dealt="1" sum="20"/>
<action no="4" player="KOPKHUNKRAP" type="2" sum="40"/>
</round>
<round no="1"><cards type="Pocket" player="KOPKHUNKRAP">D7 C10</cards>
<cards type="Pocket" player="NagatoUzumaki">X X</cards>
<action no="5" player="NagatoUzumaki" type="23" discard="1" dealt="1" sum="80"/>
<action no="6" player="KOPKHUNKRAP" type="0" sum="0"/>
</round>
</game>
<game gamecode="6502097189"><general><startdate>2025-10-11 12:51:14</startdate>
<round>1</round>
<failsafecounter/>
<players><player seat="6" name="NagatoUzumaki" chips="875" dealer="0" win="50" bet="45" muck="1" rebuy="0" addon="0" merge="0" rebuychips="0" reg_code="5065478655"/>
<player seat="10" name="KOPKHUNKRAP" chips="625" dealer="1" win="0" bet="25" muck="1" rebuy="0" addon="0" merge="0" rebuychips="0" reg_code="5065480304"/>
</players>
</general>
<round no="0"><action no="1" player="KOPKHUNKRAP" type="15" sum="5"/>
<action no="2" player="NagatoUzumaki" type="15" discard="1" dealt="1" sum="5"/>
<action no="3" player="KOPKHUNKRAP" type="1" sum="20"/>
<action no="4" player="NagatoUzumaki" type="2" discard="1" dealt="1" sum="40"/>
</round>
<round no="1"><cards type="Pocket" player="KOPKHUNKRAP">C3 S7</cards>
<cards type="Pocket" player="NagatoUzumaki">X X</cards>
<action no="5" player="KOPKHUNKRAP" type="0" sum="0"/>
</round>
</game>
<game gamecode="6502097211"><general><startdate>2025-10-11 12:51:21</startdate>
<round>1</round>
<failsafecounter/>
<players><player seat="10" name="KOPKHUNKRAP" chips="600" dealer="0" win="0" bet="45" muck="1" rebuy="0" addon="0" merge="0" rebuychips="0" reg_code="5065480304"/>
<player seat="6" name="NagatoUzumaki" chips="900" dealer="1" win="90" bet="900" muck="1" rebuy="0" addon="0" merge="0" rebuychips="0" reg_code="5065478655"/>
</players>
</general>
<round no="0"><action no="1" player="NagatoUzumaki" type="15" discard="1" dealt="1" sum="5"/>
<action no="2" player="KOPKHUNKRAP" type="15" sum="5"/>
<action no="3" player="NagatoUzumaki" type="1" discard="1" dealt="1" sum="20"/>
<action no="4" player="KOPKHUNKRAP" type="2" sum="40"/>
</round>
<round no="1"><cards type="Pocket" player="NagatoUzumaki">X X</cards>
<cards type="Pocket" player="KOPKHUNKRAP">H3 HQ</cards>
<action no="5" player="NagatoUzumaki" type="23" discard="1" dealt="1" sum="895"/>
<action no="6" player="KOPKHUNKRAP" type="0" sum="0"/>
</round>
</game>
<game gamecode="6502097240"><general><startdate>2025-10-11 12:51:32</startdate>
<round>1</round>
<failsafecounter/>
<players><player seat="6" name="NagatoUzumaki" chips="945" dealer="0" win="130" bet="155" muck="1" rebuy="0" addon="0" merge="0" rebuychips="0" reg_code="5065478655"/>
<player seat="10" name="KOPKHUNKRAP" chips="555" dealer="1" win="0" bet="65" muck="1" rebuy="0" addon="0" merge="0" rebuychips="0" reg_code="5065480304"/>
</players>
</general>
<round no="0"><action no="1" player="KOPKHUNKRAP" type="15" sum="5"/>
<action no="2" player="NagatoUzumaki" type="15" discard="1" dealt="1" sum="5"/>
<action no="3" player="KOPKHUNKRAP" type="1" sum="30"/>
<action no="4" player="NagatoUzumaki" type="2" discard="1" dealt="1" sum="60"/>
</round>
<round no="1"><cards type="Pocket" player="KOPKHUNKRAP">C3 C7</cards>
<cards type="Pocket" player="NagatoUzumaki">X X</cards>
<action no="5" player="KOPKHUNKRAP" type="3" sum="30"/>
<action no="6" player="NagatoUzumaki" type="23" discard="1" dealt="1" sum="150"/>
<action no="7" player="KOPKHUNKRAP" type="0" sum="0"/>
</round>
</game>
<game gamecode="6502097289"><general><startdate>2025-10-11 12:51:53</startdate>
<round>1</round>
<failsafecounter/>
<players><player seat="10" name="KOPKHUNKRAP" chips="490" dealer="0" win="0" bet="65" muck="1" rebuy="0" addon="0" merge="0" rebuychips="0" reg_code="5065480304"/>
<player seat="6" name="NagatoUzumaki" chips="1,010" dealer="1" win="130" bet="1,010" muck="1" rebuy="0" addon="0" merge="0" rebuychips="0" reg_code="5065478655"/>
</players>
</general>
<round no="0"><action no="1" player="NagatoUzumaki" type="15" discard="1" dealt="1" sum="5"/>
<action no="2" player="KOPKHUNKRAP" type="15" sum="5"/>
<action no="3" player="NagatoUzumaki" type="1" discard="1" dealt="1" sum="30"/>
<action no="4" player="KOPKHUNKRAP" type="2" sum="60"/>
</round>
<round no="1"><cards type="Pocket" player="KOPKHUNKRAP">C6 D3</cards>
<cards type="Pocket" player="NagatoUzumaki">X X</cards>
<action no="5" player="NagatoUzumaki" type="23" discard="1" dealt="1" sum="1,005"/>
<action no="6" player="KOPKHUNKRAP" type="0" sum="0"/>
</round>
</game>
<game gamecode="6502097312"><general><startdate>2025-10-11 12:52:01</startdate>
<round>1</round>
<failsafecounter/>
<players><player seat="6" name="NagatoUzumaki" chips="1,075" dealer="0" win="0" bet="425" muck="1" rebuy="0" addon="0" merge="0" rebuychips="0" reg_code="5065478655"/>
<player seat="10" name="KOPKHUNKRAP" chips="425" dealer="1" win="850" bet="425" muck="0" rebuy="0" addon="0" merge="0" rebuychips="0" reg_code="5065480304"/>
</players>
</general>
<round no="0"><action no="1" player="KOPKHUNKRAP" type="15" sum="5"/>
<action no="2" player="NagatoUzumaki" type="15" discard="1" dealt="1" sum="5"/>
<action no="3" player="KOPKHUNKRAP" type="1" sum="30"/>
<action no="4" player="NagatoUzumaki" type="2" discard="1" dealt="1" sum="60"/>
</round>
<round no="1"><cards type="Pocket" player="KOPKHUNKRAP">C6 DK</cards>
<cards type="Pocket" player="NagatoUzumaki">HA S5</cards>
<action no="5" player="KOPKHUNKRAP" type="23" sum="420"/>
<action no="6" player="NagatoUzumaki" type="3" discard="1" dealt="1" sum="360"/>
</round>
<round no="2"><cards type="Flop">D4 S8 S7</cards>
</round>
<round no="3"><cards type="Turn">C9</cards>
</round>
<round no="4"><cards type="River">C5</cards>
</round>
</game>
<game gamecode="6502097351"><general><startdate>2025-10-11 12:52:17</startdate>
<round>1</round>
<failsafecounter/>
<players><player seat="10" name="KOPKHUNKRAP" chips="850" dealer="0" win="0" bet="155" muck="1" rebuy="0" addon="0" merge="0" rebuychips="0" reg_code="5065480304"/>
<player seat="6" name="NagatoUzumaki" chips="650" dealer="1" win="310" bet="650" muck="1" rebuy="0" addon="0" merge="0" rebuychips="0" reg_code="5065478655"/>
</players>
</general>
<round no="0"><action no="1" player="NagatoUzumaki" type="15" discard="1" dealt="1" sum="5"/>
<action no="2" player="KOPKHUNKRAP" type="15" sum="5"/>
<action no="3" player="NagatoUzumaki" type="1" discard="1" dealt="1" sum="30"/>
<action no="4" player="KOPKHUNKRAP" type="2" sum="60"/>
</round>
<round no="1"><cards type="Pocket" player="NagatoUzumaki">X X</cards>
<cards type="Pocket" player="KOPKHUNKRAP">C9 H4</cards>
<action no="5" player="NagatoUzumaki" type="3" discard="1" dealt="1" sum="30"/>
<action no="6" player="KOPKHUNKRAP" type="23" sum="150"/>
<action no="7" player="NagatoUzumaki" type="23" discard="1" dealt="1" sum="645"/>
<action no="8" player="KOPKHUNKRAP" type="0" sum="0"/>
</round>
</game>
<game gamecode="6502097398"><general><startdate>2025-10-11 12:52:31</startdate>
<round>1</round>
<failsafecounter/>
<players><player seat="6" name="NagatoUzumaki" chips="805" dealer="0" win="0" bet="65" muck="1" rebuy="0" addon="0" merge="0" rebuychips="0" reg_code="5065478655"/>
<player seat="10" name="KOPKHUNKRAP" chips="695" dealer="1" win="130" bet="125" muck="1" rebuy="0" addon="0" merge="0" rebuychips="0" reg_code="5065480304"/>
</players>
</general>
<round no="0"><action no="1" player="KOPKHUNKRAP" type="15" sum="5"/>
<action no="2" player="NagatoUzumaki" type="15" discard="1" dealt="1" sum="5"/>
<action no="3" player="KOPKHUNKRAP" type="1" sum="30"/>
<action no="4" player="NagatoUzumaki" type="2" discard="1" dealt="1" sum="60"/>
</round>
<round no="1"><cards type="Pocket" player="NagatoUzumaki">X X</cards>
<cards type="Pocket" player="KOPKHUNKRAP">C6 S6</cards>
<action no="5" player="KOPKHUNKRAP" type="3" sum="30"/>
<action no="6" player="NagatoUzumaki" type="4" discard="1" dealt="1" sum="0"/>
</round>
<round no="2"><cards type="Flop">D2 H5 H3</cards>
<action no="7" player="NagatoUzumaki" type="4" discard="1" dealt="1" sum="0"/>
<action no="8" player="KOPKHUNKRAP" type="5" sum="60"/>
<action no="9" player="NagatoUzumaki" type="0" discard="1" dealt="1" sum="0"/>
</round>
</game>
<game gamecode="6502097446"><general><startdate>2025-10-11 12:52:49</startdate>
<round>1</round>
<failsafecounter/>
<players><player seat="10" name="KOPKHUNKRAP" chips="760" dealer="0" win="70" bet="65" muck="1" rebuy="0" addon="0" merge="0" rebuychips="0" reg_code="5065480304"/>
<player seat="6" name="NagatoUzumaki" chips="740" dealer="1" win="0" bet="35" muck="1" rebuy="0" addon="0" merge="0" rebuychips="0" reg_code="5065478655"/>
</players>
</general>
<round no="0"><action no="1" player="NagatoUzumaki" type="15" discard="1" dealt="1" sum="5"/>
<action no="2" player="KOPKHUNKRAP" type="15" sum="5"/>
<action no="3" player="NagatoUzumaki" type="1" discard="1" dealt="1" sum="30"/>
<action no="4" player="KOPKHUNKRAP" type="2" sum="60"/>
</round>
<round no="1"><cards type="Pocket" player="NagatoUzumaki">X X</cards>
<cards type="Pocket" player="KOPKHUNKRAP">D5 H7</cards>
<action no="5" player="NagatoUzumaki" type="0" discard="1" dealt="1" sum="0"/>
</round>
</game>
<game gamecode="6502097479"><general><startdate>2025-10-11 12:52:58</startdate>
<round>1</round>
<failsafecounter/>
<players><player seat="6" name="NagatoUzumaki" chips="705" dealer="0" win="130" bet="705" muck="1" rebuy="0" addon="0" merge="0" rebuychips="0" reg_code="5065478655"/>
<player seat="10" name="KOPKHUNKRAP" chips="795" dealer="1" win="0" bet="65" muck="1" rebuy="0" addon="0" merge="0" rebuychips="0" reg_code="5065480304"/>
</players>
</general>
<round no="0"><action no="1" player="KOPKHUNKRAP" type="15" sum="5"/>
<action no="2" player="NagatoUzumaki" type="15" discard="1" dealt="1" sum="5"/>
<action no="3" player="KOPKHUNKRAP" type="1" sum="30"/>
<action no="4" player="NagatoUzumaki" type="2" discard="1" dealt="1" sum="60"/>
</round>
<round no="1"><cards type="Pocket" player="NagatoUzumaki">X X</cards>
<cards type="Pocket" player="KOPKHUNKRAP">DJ C4</cards>
<action no="5" player="KOPKHUNKRAP" type="3" sum="30"/>
<action no="6" player="NagatoUzumaki" type="23" discard="1" dealt="1" sum="700"/>
<action no="7" player="KOPKHUNKRAP" type="0" sum="0"/>
</round>
</game>
<game gamecode="6502097512"><general><startdate>2025-10-11 12:53:11</startdate>
<round>1</round>
<failsafecounter/>
<players><player seat="10" name="KOPKHUNKRAP" chips="730" dealer="0" win="176" bet="730" muck="1" rebuy="0" addon="0" merge="0" rebuychips="0" reg_code="5065480304"/>
<player seat="6" name="NagatoUzumaki" chips="770" dealer="1" win="0" bet="88" muck="1" rebuy="0" addon="0" merge="0" rebuychips="0" reg_code="5065478655"/>
</players>
</general>
<round no="0"><action no="1" player="NagatoUzumaki" type="15" discard="1" dealt="1" sum="8"/>
<action no="2" player="KOPKHUNKRAP" type="15" sum="8"/>
<action no="3" player="NagatoUzumaki" type="1" discard="1" dealt="1" sum="40"/>
<action no="4" player="KOPKHUNKRAP" type="2" sum="80"/>
</round>
<round no="1"><cards type="Pocket" player="KOPKHUNKRAP">H5 S5</cards>
<cards type="Pocket" player="NagatoUzumaki">X X</cards>
<action no="5" player="NagatoUzumaki" type="3" discard="1" dealt="1" sum="40"/>
<action no="6" player="KOPKHUNKRAP" type="23" sum="722"/>
<action no="7" player="NagatoUzumaki" type="0" discard="1" dealt="1" sum="0"/>
</round>
</game>
<game gamecode="6502097545"><general><startdate>2025-10-11 12:53:20</startdate>
<round>1</round>
<failsafecounter/>
<players><player seat="6" name="NagatoUzumaki" chips="682" dealer="0" win="1,364" bet="682" muck="0" rebuy="0" addon="0" merge="0" rebuychips="0" reg_code="5065478655"/>
<player seat="10" name="KOPKHUNKRAP" chips="818" dealer="1" win="0" bet="818" muck="1" rebuy="0" addon="0" merge="0" rebuychips="0" reg_code="5065480304"/>
</players>
</general>
<round no="0"><action no="1" player="KOPKHUNKRAP" type="15" sum="8"/>
<action no="2" player="NagatoUzumaki" type="15" discard="1" dealt="1" sum="8"/>
<action no="3" player="KOPKHUNKRAP" type="1" sum="40"/>
<action no="4" player="NagatoUzumaki" type="2" discard="1" dealt="1" sum="80"/>
</round>
<round no="1"><cards type="Pocket" player="KOPKHUNKRAP">CA D10</cards>
<cards type="Pocket" player="NagatoUzumaki">HJ DJ</cards>
<action no="5" player="KOPKHUNKRAP" type="23" sum="810"/>
<action no="6" player="NagatoUzumaki" type="7" discard="1" dealt="1" sum="594"/>
</round>
<round no="2"><cards type="Flop">HQ H5 D7</cards>
</round>
<round no="3"><cards type="Turn">C9</cards>
</round>
<round no="4"><cards type="River">C8</cards>
</round>
</game>
<game gamecode="6502097586"><general><startdate>2025-10-11 12:53:36</startdate>
<round>1</round>
<failsafecounter/>
<players><player seat="10" name="KOPKHUNKRAP" chips="136" dealer="0" win="136" bet="136" muck="0" rebuy="0" addon="0" merge="0" rebuychips="0" reg_code="5065480304"/>
<player seat="6" name="NagatoUzumaki" chips="1,364" dealer="1" win="136" bet="168" muck="0" rebuy="0" addon="0" merge="0" rebuychips="0" reg_code="5065478655"/>
</players>
</general>
<round no="0"><action no="1" player="NagatoUzumaki" type="15" discard="1" dealt="1" sum="8"/>
<action no="2" player="KOPKHUNKRAP" type="15" sum="8"/>
<action no="3" player="NagatoUzumaki" type="1" discard="1" dealt="1" sum="40"/>
<action no="4" player="KOPKHUNKRAP" type="2" sum="80"/>
</round>
<round no="1"><cards type="Pocket" player="KOPKHUNKRAP">D2 D5</cards>
<cards type="Pocket" player="NagatoUzumaki">C5 S6</cards>
<action no="5" player="NagatoUzumaki" type="23" discard="1" dealt="1" sum="160"/>
<action no="6" player="KOPKHUNKRAP" type="7" sum="48"/>
</round>
<round no="2"><cards type="Flop">H10 DJ H8</cards>
</round>
<round no="3"><cards type="Turn">H9</cards>
</round>
<round no="4"><cards type="River">DK</cards>
</round>
</game>
<game gamecode="6502097639"><general><startdate>2025-10-11 12:53:52</startdate>
<round>1</round>
<failsafecounter/>
<players><player seat="6" name="NagatoUzumaki" chips="1,364" dealer="0" win="272" bet="136" muck="0" rebuy="0" addon="0" merge="0" rebuychips="0" reg_code="5065478655"/>
<player seat="10" name="KOPKHUNKRAP" chips="136" dealer="1" win="0" bet="136" muck="0" rebuy="0" addon="0" merge="0" rebuychips="0" reg_code="5065480304"/>
</players>
</general>
<round no="0"><action no="1" player="KOPKHUNKRAP" type="15" sum="8"/>
<action no="2" player="NagatoUzumaki" type="15" discard="1" dealt="1" sum="8"/>
<action no="3" player="KOPKHUNKRAP" type="1" sum="40"/>
<action no="4" player="NagatoUzumaki" type="2" discard="1" dealt="1" sum="80"/>
</round>
<round no="1"><cards type="Pocket" player="NagatoUzumaki">SJ C2</cards>
<cards type="Pocket" player="KOPKHUNKRAP">CA S10</cards>
<action no="5" player="KOPKHUNKRAP" type="7" sum="88"/>
<action no="6" player="NagatoUzumaki" type="3" discard="1" dealt="1" sum="48"/>
</round>
<round no="2"><cards type="Flop">H2 S6 D2</cards>
</round>
<round no="3"><cards type="Turn">CJ</cards>
</round>
<round no="4"><cards type="River">HQ</cards>
</round>
</game>
</session>
