<?xml version="1.0" encoding="UTF-8"?>
<session sessioncode="5065499284">
<general>
<client_version>24.3.1.9</client_version>
<mode>real</mode>
<gametype>Holdem NL</gametype>
<tablename>Twister €200 SNG, 819494197</tablename>
<tournamentcode>819494196</tournamentcode>
<tournamentname>Twister €200 SNG</tournamentname>
<buyin>€0 + €12 + €188</buyin>
<totalbuyin>€200</totalbuyin>
<rewarddrawn>€1000</rewarddrawn>
<tournamentcurrency>EUR</tournamentcurrency>
<currency>EUR</currency>
<nickname>KOPKHUNKRAP</nickname>
<gamecount>1</gamecount>
<startdate>2025-10-11 14:42:39</startdate>
<place>3</place>
<win>€100</win>
<tablesize>3</tablesize>
</general>
<game gamecode="6502171041"><general><startdate>2025-10-11 14:42:59</startdate>
<round>1</round>
<failsafecounter/>
<players><player seat="10" name="KOPKHUNKRAP" chips="500" dealer="0" win="0" bet="500" muck="0" rebuy="0" addon="0" merge="0" rebuychips="0" reg_code="5065499284"/>
<player seat="3" name="Ofiorbe74" chips="500" dealer="1" win="1,010" bet="500" muck="0" rebuy="0" addon="0" merge="0" rebuychips="0" reg_code="5065497922"/>
<player seat="6" name="SuBandiduu" chips="500" dealer="0" win="0" bet="10" muck="1" rebuy="0" addon="0" merge="0" rebuychips="0" reg_code="5065498463"/>
</players>
</general>
<round no="0"><action no="1" player="SuBandiduu" type="1" discard="1" dealt="1" sum="10"/>
<action no="2" player="KOPKHUNKRAP" type="2" sum="20"/>
</round>
<round no="1"><cards type="Pocket" player="SuBandiduu">X X</cards>
<cards type="Pocket" player="KOPKHUNKRAP">HQ DA</cards>
<cards type="Pocket" player="Ofiorbe74">HK HA</cards>
<action no="3" player="Ofiorbe74" type="23" discard="1" dealt="1" sum="40"/>
<action no="4" player="SuBandiduu" type="0" discard="1" dealt="1" sum="0"/>
<action no="5" player="KOPKHUNKRAP" type="23" sum="500"/>
<action no="6" player="Ofiorbe74" type="7" discard="1" dealt="1" sum="460"/>
</round>
<round no="2"><cards type="Flop">CA CK S3</cards>
</round>
<round no="3"><cards type="Turn">H6</cards>
</round>
<round no="4"><cards type="River">DQ</cards>
</round>
</game>
</session>
