<?xml version="1.0" encoding="UTF-8"?>
<session sessioncode="5065037043">
<general>
<client_version>25.1.1.16</client_version>
<mode>real</mode>
<gametype>Holdem NL</gametype>
<tablename>Twister €100 SNG, 819356926</tablename>
<tournamentcode>819356925</tournamentcode>
<tournamentname>Twister €100 SNG</tournamentname>
<buyin>€0 + €7 + €93</buyin>
<totalbuyin>€100</totalbuyin>
<rewarddrawn>€200</rewarddrawn>
<tournamentcurrency>EUR</tournamentcurrency>
<currency>EUR</currency>
<nickname>KOPKHUNKRAP</nickname>
<gamecount>3</gamecount>
<startdate>2025-10-09 12:06:30</startdate>
<place>2</place>
<win>€0</win>
<tablesize>3</tablesize>
</general>
<game gamecode="6500308099"><general><startdate>2025-10-09 12:06:46</startdate>
<round>1</round>
<failsafecounter/>
<players><player seat="6" name="Ofiorbe74" chips="500" dealer="0" win="0" bet="500" muck="1" rebuy="0" addon="0" merge="0" rebuychips="0" reg_code="5065036831"/>
<player seat="10" name="KOPKHUNKRAP" chips="500" dealer="1" win="0" bet="0" muck="1" rebuy="0" addon="0" merge="0" rebuychips="0" reg_code="5065037043"/>
<player seat="3" name="Ankalaev" chips="500" dealer="0" win="1,000" bet="500" muck="0" rebuy="0" addon="0" merge="0" rebuychips="0" reg_code="5065036826"/>
</players>
</general>
<round no="0"><action no="1" player="Ankalaev" type="1" discard="1" dealt="1" sum="10"/>
<action no="2" player="Ofiorbe74" type="2" discard="1" dealt="1" sum="20"/>
</round>
<round no="1"><cards type="Pocket" player="Ankalaev">CJ CA</cards>
<cards type="Pocket" player="Ofiorbe74">D2 DQ</cards>
<cards type="Pocket" player="KOPKHUNKRAP">HQ C8</cards>
<action no="3" player="KOPKHUNKRAP" type="0" sum="0"/>
<action no="4" player="Ankalaev" type="23" discard="1" dealt="1" sum="50"/>
<action no="5" player="Ofiorbe74" type="3" discard="1" dealt="1" sum="30"/>
</round>
<round no="2"><cards type="Flop">DJ DA HJ</cards>
<action no="6" player="Ankalaev" type="5" discard="1" dealt="1" sum="25"/>
<action no="7" player="Ofiorbe74" type="3" discard="1" dealt="1" sum="25"/>
</round>
<round no="3"><cards type="Turn">C4</cards>
<action no="8" player="Ankalaev" type="5" discard="1" dealt="1" sum="100"/>
<action no="9" player="Ofiorbe74" type="3" discard="1" dealt="1" sum="100"/>
</round>
<round no="4"><cards type="River">D5</cards>
<action no="10" player="Ankalaev" type="5" discard="1" dealt="1" sum="325"/>
<action no="11" player="Ofiorbe74" type="7" discard="1" dealt="1" sum="325"/>
</round>
</game>
<game gamecode="6500308145"><general><startdate>2025-10-09 12:07:26</startdate>
<round>1</round>
<failsafecounter/>
<players><player seat="10" name="KOPKHUNKRAP" chips="500" dealer="0" win="0" bet="100" muck="1" rebuy="0" addon="0" merge="0" rebuychips="0" reg_code="5065037043"/>
<player seat="3" name="Ankalaev" chips="1,000" dealer="1" win="200" bet="100" muck="0" rebuy="0" addon="0" merge="0" rebuychips="0" reg_code="5065036826"/>
</players>
</general>
<round no="0"><action no="1" player="Ankalaev" type="1" discard="1" dealt="1" sum="10"/>
<action no="2" player="KOPKHUNKRAP" type="2" sum="20"/>
</round>
<round no="1"><cards type="Pocket" player="KOPKHUNKRAP">D10 HQ</cards>
<cards type="Pocket" player="Ankalaev">DJ D7</cards>
<action no="3" player="Ankalaev" type="3" discard="1" dealt="1" sum="10"/>
<action no="4" player="KOPKHUNKRAP" type="4" sum="0"/>
</round>
<round no="2"><cards type="Flop">SK D5 DA</cards>
<action no="5" player="KOPKHUNKRAP" type="4" sum="0"/>
<action no="6" player="Ankalaev" type="5" discard="1" dealt="1" sum="20"/>
<action no="7" player="KOPKHUNKRAP" type="3" sum="20"/>
</round>
<round no="3"><cards type="Turn">H4</cards>
<action no="8" player="KOPKHUNKRAP" type="4" sum="0"/>
<action no="9" player="Ankalaev" type="5" discard="1" dealt="1" sum="60"/>
<action no="10" player="KOPKHUNKRAP" type="3" sum="60"/>
</round>
<round no="4"><cards type="River">H7</cards>
<action no="11" player="KOPKHUNKRAP" type="4" sum="0"/>
<action no="12" player="Ankalaev" type="4" discard="1" dealt="1" sum="0"/>
</round>
</game>
<game gamecode="6500308197"><general><startdate>2025-10-09 12:08:09</startdate>
<round>1</round>
<failsafecounter/>
<players><player seat="3" name="Ankalaev" chips="1,100" dealer="0" win="800" bet="400" muck="0" rebuy="0" addon="0" merge="0" rebuychips="0" reg_code="5065036826"/>
<player seat="10" name="KOPKHUNKRAP" chips="400" dealer="1" win="0" bet="400" muck="0" rebuy="0" addon="0" merge="0" rebuychips="0" reg_code="5065037043"/>
</players>
</general>
<round no="0"><action no="1" player="KOPKHUNKRAP" type="1" sum="10"/>
<action no="2" player="Ankalaev" type="2" discard="1" dealt="1" sum="20"/>
</round>
<round no="1"><cards type="Pocket" player="Ankalaev">S4 H10</cards>
<cards type="Pocket" player="KOPKHUNKRAP">DQ D3</cards>
<action no="3" player="KOPKHUNKRAP" type="3" sum="10"/>
<action no="4" player="Ankalaev" type="4" discard="1" dealt="1" sum="0"/>
</round>
<round no="2"><cards type="Flop">D10 H3 D2</cards>
<action no="5" player="Ankalaev" type="4" discard="1" dealt="1" sum="0"/>
<action no="6" player="KOPKHUNKRAP" type="5" sum="20"/>
<action no="7" player="Ankalaev" type="23" discard="1" dealt="1" sum="60"/>
<action no="8" player="KOPKHUNKRAP" type="23" sum="120"/>
<action no="9" player="Ankalaev" type="3" discard="1" dealt="1" sum="60"/>
</round>
<round no="3"><cards type="Turn">H8</cards>
<action no="10" player="Ankalaev" type="4" discard="1" dealt="1" sum="0"/>
<action no="11" player="KOPKHUNKRAP" type="5" sum="260"/>
<action no="12" player="Ankalaev" type="3" discard="1" dealt="1" sum="260"/>
</round>
<round no="4"><cards type="River">C5</cards>
</round>
</game>
</session>
