<?xml version="1.0" encoding="UTF-8"?>
<session sessioncode="5065037765">
<general>
<client_version>25.1.1.16</client_version>
<mode>real</mode>
<gametype>Holdem NL</gametype>
<tablename>Twister €200 SNG, 819354993</tablename>
<tournamentcode>819354992</tournamentcode>
<tournamentname>Twister €200 SNG</tournamentname>
<buyin>€0 + €12 + €188</buyin>
<totalbuyin>€200</totalbuyin>
<rewarddrawn>€400</rewarddrawn>
<tournamentcurrency>EUR</tournamentcurrency>
<currency>EUR</currency>
<nickname>KOPKHUNKRAP</nickname>
<gamecount>18</gamecount>
<startdate>2025-10-09 12:13:22</startdate>
<place>2</place>
<win>€0</win>
<tablesize>3</tablesize>
</general>
<game gamecode="6500306785"><general><startdate>2025-10-09 12:13:37</startdate>
<round>1</round>
<failsafecounter/>
<players><player seat="3" name="Ofiorbe74" chips="500" dealer="0" win="80" bet="80" muck="1" rebuy="0" addon="0" merge="0" rebuychips="0" reg_code="5065036994"/>
<player seat="6" name="Manueldesa10" chips="500" dealer="1" win="0" bet="0" muck="1" rebuy="0" addon="0" merge="0" rebuychips="0" reg_code="5065037541"/>
<player seat="10" name="KOPKHUNKRAP" chips="500" dealer="0" win="0" bet="40" muck="1" rebuy="0" addon="0" merge="0" rebuychips="0" reg_code="5065037765"/>
</players>
</general>
<round no="0"><action no="1" player="KOPKHUNKRAP" type="1" sum="10"/>
<action no="2" player="Ofiorbe74" type="2" discard="1" dealt="1" sum="20"/>
</round>
<round no="1"><cards type="Pocket" player="Ofiorbe74">X X</cards>
<cards type="Pocket" player="Manueldesa10">X X</cards>
<cards type="Pocket" player="KOPKHUNKRAP">SK C9</cards>
<action no="3" player="Manueldesa10" type="0" discard="1" dealt="1" sum="0"/>
<action no="4" player="KOPKHUNKRAP" type="23" sum="40"/>
<action no="5" player="Ofiorbe74" type="3" discard="1" dealt="1" sum="20"/>
</round>
<round no="2"><cards type="Flop">DJ C7 H3</cards>
<action no="6" player="KOPKHUNKRAP" type="4" sum="0"/>
<action no="7" player="Ofiorbe74" type="5" discard="1" dealt="1" sum="40"/>
<action no="8" player="KOPKHUNKRAP" type="0" sum="0"/>
</round>
</game>
<game gamecode="6500311228"><general><startdate>2025-10-09 12:14:18</startdate>
<round>1</round>
<failsafecounter/>
<players><player seat="6" name="Manueldesa10" chips="500" dealer="0" win="0" bet="160" muck="1" rebuy="0" addon="0" merge="0" rebuychips="0" reg_code="5065037541"/>
<player seat="10" name="KOPKHUNKRAP" chips="460" dealer="1" win="0" bet="0" muck="1" rebuy="0" addon="0" merge="0" rebuychips="0" reg_code="5065037765"/>
<player seat="3" name="Ofiorbe74" chips="540" dealer="0" win="320" bet="280" muck="1" rebuy="0" addon="0" merge="0" rebuychips="0" reg_code="5065036994"/>
</players>
</general>
<round no="0"><action no="1" player="Ofiorbe74" type="1" discard="1" dealt="1" sum="10"/>
<action no="2" player="Manueldesa10" type="2" discard="1" dealt="1" sum="20"/>
</round>
<round no="1"><cards type="Pocket" player="KOPKHUNKRAP">D8 S6</cards>
<cards type="Pocket" player="Ofiorbe74">X X</cards>
<cards type="Pocket" player="Manueldesa10">X X</cards>
<action no="3" player="KOPKHUNKRAP" type="0" sum="0"/>
<action no="4" player="Ofiorbe74" type="23" discard="1" dealt="1" sum="50"/>
<action no="5" player="Manueldesa10" type="3" discard="1" dealt="1" sum="30"/>
</round>
<round no="2"><cards type="Flop">S4 H3 CK</cards>
<action no="6" player="Ofiorbe74" type="5" discard="1" dealt="1" sum="30"/>
<action no="7" player="Manueldesa10" type="3" discard="1" dealt="1" sum="30"/>
</round>
<round no="3"><cards type="Turn">D5</cards>
<action no="8" player="Ofiorbe74" type="5" discard="1" dealt="1" sum="80"/>
<action no="9" player="Manueldesa10" type="3" discard="1" dealt="1" sum="80"/>
</round>
<round no="4"><cards type="River">S8</cards>
<action no="10" player="Ofiorbe74" type="5" discard="1" dealt="1" sum="120"/>
<action no="11" player="Manueldesa10" type="0" discard="1" dealt="1" sum="0"/>
</round>
</game>
<game gamecode="6500311268"><general><startdate>2025-10-09 12:14:40</startdate>
<round>1</round>
<failsafecounter/>
<players><player seat="10" name="KOPKHUNKRAP" chips="460" dealer="0" win="0" bet="20" muck="1" rebuy="0" addon="0" merge="0" rebuychips="0" reg_code="5065037765"/>
<player seat="3" name="Ofiorbe74" chips="700" dealer="1" win="0" bet="0" muck="1" rebuy="0" addon="0" merge="0" rebuychips="0" reg_code="5065036994"/>
<player seat="6" name="Manueldesa10" chips="340" dealer="0" win="40" bet="48" muck="1" rebuy="0" addon="0" merge="0" rebuychips="0" reg_code="5065037541"/>
</players>
</general>
<round no="0"><action no="1" player="Manueldesa10" type="1" discard="1" dealt="1" sum="10"/>
<action no="2" player="KOPKHUNKRAP" type="2" sum="20"/>
</round>
<round no="1"><cards type="Pocket" player="Manueldesa10">X X</cards>
<cards type="Pocket" player="Ofiorbe74">X X</cards>
<cards type="Pocket" player="KOPKHUNKRAP">H8 SQ</cards>
<action no="3" player="Ofiorbe74" type="0" discard="1" dealt="1" sum="0"/>
<action no="4" player="Manueldesa10" type="3" discard="1" dealt="1" sum="10"/>
<action no="5" player="KOPKHUNKRAP" type="4" sum="0"/>
</round>
<round no="2"><cards type="Flop">HK S6 D2</cards>
<action no="6" player="Manueldesa10" type="4" discard="1" dealt="1" sum="0"/>
<action no="7" player="KOPKHUNKRAP" type="4" sum="0"/>
</round>
<round no="3"><cards type="Turn">HA</cards>
<action no="8" player="Manueldesa10" type="5" discard="1" dealt="1" sum="28"/>
<action no="9" player="KOPKHUNKRAP" type="0" sum="0"/>
</round>
</game>
<game gamecode="6500311308"><general><startdate>2025-10-09 12:15:02</startdate>
<round>1</round>
<failsafecounter/>
<players><player seat="3" name="Ofiorbe74" chips="700" dealer="0" win="20" bet="20" muck="1" rebuy="0" addon="0" merge="0" rebuychips="0" reg_code="5065036994"/>
<player seat="6" name="Manueldesa10" chips="360" dealer="1" win="0" bet="0" muck="1" rebuy="0" addon="0" merge="0" rebuychips="0" reg_code="5065037541"/>
<player seat="10" name="KOPKHUNKRAP" chips="440" dealer="0" win="0" bet="10" muck="1" rebuy="0" addon="0" merge="0" rebuychips="0" reg_code="5065037765"/>
</players>
</general>
<round no="0"><action no="1" player="KOPKHUNKRAP" type="1" sum="10"/>
<action no="2" player="Ofiorbe74" type="2" discard="1" dealt="1" sum="20"/>
</round>
<round no="1"><cards type="Pocket" player="Manueldesa10">X X</cards>
<cards type="Pocket" player="Ofiorbe74">X X</cards>
<cards type="Pocket" player="KOPKHUNKRAP">SK D2</cards>
<action no="3" player="Manueldesa10" type="0" discard="1" dealt="1" sum="0"/>
<action no="4" player="KOPKHUNKRAP" type="0" sum="0"/>
</round>
</game>
<game gamecode="6500311331"><general><startdate>2025-10-09 12:15:14</startdate>
<round>1</round>
<failsafecounter/>
<players><player seat="6" name="Manueldesa10" chips="360" dealer="0" win="100" bet="360" muck="1" rebuy="0" addon="0" merge="0" rebuychips="0" reg_code="5065037541"/>
<player seat="10" name="KOPKHUNKRAP" chips="430" dealer="1" win="0" bet="0" muck="1" rebuy="0" addon="0" merge="0" rebuychips="0" reg_code="5065037765"/>
<player seat="3" name="Ofiorbe74" chips="710" dealer="0" win="0" bet="50" muck="1" rebuy="0" addon="0" merge="0" rebuychips="0" reg_code="5065036994"/>
</players>
</general>
<round no="0"><action no="1" player="Ofiorbe74" type="1" discard="1" dealt="1" sum="10"/>
<action no="2" player="Manueldesa10" type="2" discard="1" dealt="1" sum="20"/>
</round>
<round no="1"><cards type="Pocket" player="KOPKHUNKRAP">D4 HQ</cards>
<cards type="Pocket" player="Ofiorbe74">X X</cards>
<cards type="Pocket" player="Manueldesa10">X X</cards>
<action no="3" player="KOPKHUNKRAP" type="0" sum="0"/>
<action no="4" player="Ofiorbe74" type="23" discard="1" dealt="1" sum="50"/>
<action no="5" player="Manueldesa10" type="23" discard="1" dealt="1" sum="360"/>
<action no="6" player="Ofiorbe74" type="0" discard="1" dealt="1" sum="0"/>
</round>
</game>
<game gamecode="6500311360"><general><startdate>2025-10-09 12:15:35</startdate>
<round>1</round>
<failsafecounter/>
<players><player seat="10" name="KOPKHUNKRAP" chips="430" dealer="0" win="0" bet="35" muck="1" rebuy="0" addon="0" merge="0" rebuychips="0" reg_code="5065037765"/>
<player seat="3" name="Ofiorbe74" chips="660" dealer="1" win="90" bet="660" muck="1" rebuy="0" addon="0" merge="0" rebuychips="0" reg_code="5065036994"/>
<player seat="6" name="Manueldesa10" chips="410" dealer="0" win="0" bet="20" muck="1" rebuy="0" addon="0" merge="0" rebuychips="0" reg_code="5065037541"/>
</players>
</general>
<round no="0"><action no="1" player="Manueldesa10" type="15" discard="1" dealt="1" sum="5"/>
<action no="2" player="KOPKHUNKRAP" type="15" sum="5"/>
<action no="3" player="Ofiorbe74" type="15" discard="1" dealt="1" sum="5"/>
<action no="4" player="Manueldesa10" type="1" discard="1" dealt="1" sum="15"/>
<action no="5" player="KOPKHUNKRAP" type="2" sum="30"/>
</round>
<round no="1"><cards type="Pocket" player="KOPKHUNKRAP">DQ H7</cards>
<cards type="Pocket" player="Manueldesa10">X X</cards>
<cards type="Pocket" player="Ofiorbe74">X X</cards>
<action no="6" player="Ofiorbe74" type="23" discard="1" dealt="1" sum="655"/>
<action no="7" player="Manueldesa10" type="0" discard="1" dealt="1" sum="0"/>
<action no="8" player="KOPKHUNKRAP" type="0" sum="0"/>
</round>
</game>
<game gamecode="6500311374"><general><startdate>2025-10-09 12:15:45</startdate>
<round>1</round>
<failsafecounter/>
<players><player seat="3" name="Ofiorbe74" chips="715" dealer="0" win="0" bet="35" muck="1" rebuy="0" addon="0" merge="0" rebuychips="0" reg_code="5065036994"/>
<player seat="6" name="Manueldesa10" chips="390" dealer="1" win="0" bet="5" muck="1" rebuy="0" addon="0" merge="0" rebuychips="0" reg_code="5065037541"/>
<player seat="10" name="KOPKHUNKRAP" chips="395" dealer="0" win="75" bet="65" muck="1" rebuy="0" addon="0" merge="0" rebuychips="0" reg_code="5065037765"/>
</players>
</general>
<round no="0"><action no="1" player="KOPKHUNKRAP" type="15" sum="5"/>
<action no="2" player="Ofiorbe74" type="15" discard="1" dealt="1" sum="5"/>
<action no="3" player="Manueldesa10" type="15" discard="1" dealt="1" sum="5"/>
<action no="4" player="KOPKHUNKRAP" type="1" sum="15"/>
<action no="5" player="Ofiorbe74" type="2" discard="1" dealt="1" sum="30"/>
</round>
<round no="1"><cards type="Pocket" player="Manueldesa10">X X</cards>
<cards type="Pocket" player="Ofiorbe74">X X</cards>
<cards type="Pocket" player="KOPKHUNKRAP">SK SQ</cards>
<action no="6" player="Manueldesa10" type="0" discard="1" dealt="1" sum="0"/>
<action no="7" player="KOPKHUNKRAP" type="23" sum="60"/>
<action no="8" player="Ofiorbe74" type="0" discard="1" dealt="1" sum="0"/>
</round>
</game>
<game gamecode="6500311396"><general><startdate>2025-10-09 12:15:58</startdate>
<round>1</round>
<failsafecounter/>
<players><player seat="6" name="Manueldesa10" chips="385" dealer="0" win="75" bet="95" muck="1" rebuy="0" addon="0" merge="0" rebuychips="0" reg_code="5065037541"/>
<player seat="10" name="KOPKHUNKRAP" chips="435" dealer="1" win="0" bet="5" muck="1" rebuy="0" addon="0" merge="0" rebuychips="0" reg_code="5065037765"/>
<player seat="3" name="Ofiorbe74" chips="680" dealer="0" win="0" bet="35" muck="1" rebuy="0" addon="0" merge="0" rebuychips="0" reg_code="5065036994"/>
</players>
</general>
<round no="0"><action no="1" player="Ofiorbe74" type="15" discard="1" dealt="1" sum="5"/>
<action no="2" player="Manueldesa10" type="15" discard="1" dealt="1" sum="5"/>
<action no="3" player="KOPKHUNKRAP" type="15" sum="5"/>
<action no="4" player="Ofiorbe74" type="1" discard="1" dealt="1" sum="15"/>
<action no="5" player="Manueldesa10" type="2" discard="1" dealt="1" sum="30"/>
</round>
<round no="1"><cards type="Pocket" player="KOPKHUNKRAP">D10 D7</cards>
<cards type="Pocket" player="Ofiorbe74">X X</cards>
<cards type="Pocket" player="Manueldesa10">X X</cards>
<action no="6" player="KOPKHUNKRAP" type="0" sum="0"/>
<action no="7" player="Ofiorbe74" type="3" discard="1" dealt="1" sum="15"/>
<action no="8" player="Manueldesa10" type="23" discard="1" dealt="1" sum="90"/>
<action no="9" player="Ofiorbe74" type="0" discard="1" dealt="1" sum="0"/>
</round>
</game>
<game gamecode="6500311419"><general><startdate>2025-10-09 12:16:13</startdate>
<round>1</round>
<failsafecounter/>
<players><player seat="10" name="KOPKHUNKRAP" chips="430" dealer="0" win="0" bet="35" muck="1" rebuy="0" addon="0" merge="0" rebuychips="0" reg_code="5065037765"/>
<player seat="3" name="Ofiorbe74" chips="645" dealer="1" win="885" bet="645" muck="0" rebuy="0" addon="0" merge="0" rebuychips="0" reg_code="5065036994"/>
<player seat="6" name="Manueldesa10" chips="425" dealer="0" win="0" bet="425" muck="1" rebuy="0" addon="0" merge="0" rebuychips="0" reg_code="5065037541"/>
</players>
</general>
<round no="0"><action no="1" player="Manueldesa10" type="15" discard="1" dealt="1" sum="5"/>
<action no="2" player="KOPKHUNKRAP" type="15" sum="5"/>
<action no="3" player="Ofiorbe74" type="15" discard="1" dealt="1" sum="5"/>
<action no="4" player="Manueldesa10" type="1" discard="1" dealt="1" sum="15"/>
<action no="5" player="KOPKHUNKRAP" type="2" sum="30"/>
</round>
<round no="1"><cards type="Pocket" player="Ofiorbe74">D10 DJ</cards>
<cards type="Pocket" player="Manueldesa10">C5 D5</cards>
<cards type="Pocket" player="KOPKHUNKRAP">C4 HA</cards>
<action no="6" player="Ofiorbe74" type="23" discard="1" dealt="1" sum="640"/>
<action no="7" player="Manueldesa10" type="7" discard="1" dealt="1" sum="405"/>
<action no="8" player="KOPKHUNKRAP" type="0" sum="0"/>
</round>
<round no="2"><cards type="Flop">SA C8 D2</cards>
</round>
<round no="3"><cards type="Turn">S10</cards>
</round>
<round no="4"><cards type="River">S3</cards>
</round>
</game>
<game gamecode="6500311443"><general><startdate>2025-10-09 12:16:32</startdate>
<round>1</round>
<failsafecounter/>
<players><player seat="3" name="Ofiorbe74" chips="1,105" dealer="0" win="0" bet="95" muck="1" rebuy="0" addon="0" merge="0" rebuychips="0" reg_code="5065036994"/>
<player seat="10" name="KOPKHUNKRAP" chips="395" dealer="1" win="190" bet="395" muck="1" rebuy="0" addon="0" merge="0" rebuychips="0" reg_code="5065037765"/>
</players>
</general>
<round no="0"><action no="1" player="KOPKHUNKRAP" type="15" sum="5"/>
<action no="2" player="Ofiorbe74" type="15" discard="1" dealt="1" sum="5"/>
<action no="3" player="KOPKHUNKRAP" type="1" sum="15"/>
<action no="4" player="Ofiorbe74" type="2" discard="1" dealt="1" sum="30"/>
</round>
<round no="1"><cards type="Pocket" player="KOPKHUNKRAP">HK SJ</cards>
<cards type="Pocket" player="Ofiorbe74">X X</cards>
<action no="5" player="KOPKHUNKRAP" type="3" sum="15"/>
<action no="6" player="Ofiorbe74" type="23" discard="1" dealt="1" sum="90"/>
<action no="7" player="KOPKHUNKRAP" type="23" sum="390"/>
<action no="8" player="Ofiorbe74" type="0" discard="1" dealt="1" sum="0"/>
</round>
</game>
<game gamecode="6500311474"><general><startdate>2025-10-09 12:16:49</startdate>
<round>1</round>
<failsafecounter/>
<players><player seat="10" name="KOPKHUNKRAP" chips="490" dealer="0" win="0" bet="35" muck="1" rebuy="0" addon="0" merge="0" rebuychips="0" reg_code="5065037765"/>
<player seat="3" name="Ofiorbe74" chips="1,010" dealer="1" win="70" bet="1,010" muck="1" rebuy="0" addon="0" merge="0" rebuychips="0" reg_code="5065036994"/>
</players>
</general>
<round no="0"><action no="1" player="Ofiorbe74" type="15" discard="1" dealt="1" sum="5"/>
<action no="2" player="KOPKHUNKRAP" type="15" sum="5"/>
<action no="3" player="Ofiorbe74" type="1" discard="1" dealt="1" sum="15"/>
<action no="4" player="KOPKHUNKRAP" type="2" sum="30"/>
</round>
<round no="1"><cards type="Pocket" player="KOPKHUNKRAP">H2 SQ</cards>
<cards type="Pocket" player="Ofiorbe74">X X</cards>
<action no="5" player="Ofiorbe74" type="23" discard="1" dealt="1" sum="1,005"/>
<action no="6" player="KOPKHUNKRAP" type="0" sum="0"/>
</round>
</game>
<game gamecode="6500311491"><general><startdate>2025-10-09 12:17:00</startdate>
<round>1</round>
<failsafecounter/>
<players><player seat="3" name="Ofiorbe74" chips="1,045" dealer="0" win="90" bet="165" muck="1" rebuy="0" addon="0" merge="0" rebuychips="0" reg_code="5065036994"/>
<player seat="10" name="KOPKHUNKRAP" chips="455" dealer="1" win="0" bet="45" muck="1" rebuy="0" addon="0" merge="0" rebuychips="0" reg_code="5065037765"/>
</players>
</general>
<round no="0"><action no="1" player="KOPKHUNKRAP" type="15" sum="5"/>
<action no="2" player="Ofiorbe74" type="15" discard="1" dealt="1" sum="5"/>
<action no="3" player="KOPKHUNKRAP" type="1" sum="20"/>
<action no="4" player="Ofiorbe74" type="2" discard="1" dealt="1" sum="40"/>
</round>
<round no="1"><cards type="Pocket" player="KOPKHUNKRAP">HJ S5</cards>
<cards type="Pocket" player="Ofiorbe74">X X</cards>
<action no="5" player="KOPKHUNKRAP" type="3" sum="20"/>
<action no="6" player="Ofiorbe74" type="23" discard="1" dealt="1" sum="160"/>
<action no="7" player="KOPKHUNKRAP" type="0" sum="0"/>
</round>
</game>
<game gamecode="6500311516"><general><startdate>2025-10-09 12:17:18</startdate>
<round>1</round>
<failsafecounter/>
<players><player seat="10" name="KOPKHUNKRAP" chips="410" dealer="0" win="90" bet="410" muck="1" rebuy="0" addon="0" merge="0" rebuychips="0" reg_code="5065037765"/>
<player seat="3" name="Ofiorbe74" chips="1,090" dealer="1" win="0" bet="45" muck="1" rebuy="0" addon="0" merge="0" rebuychips="0" reg_code="5065036994"/>
</players>
</general>
<round no="0"><action no="1" player="Ofiorbe74" type="15" discard="1" dealt="1" sum="5"/>
<action no="2" player="KOPKHUNKRAP" type="15" sum="5"/>
<action no="3" player="Ofiorbe74" type="1" discard="1" dealt="1" sum="20"/>
<action no="4" player="KOPKHUNKRAP" type="2" sum="40"/>
</round>
<round no="1"><cards type="Pocket" player="Ofiorbe74">X X</cards>
<cards type="Pocket" player="KOPKHUNKRAP">C2 H2</cards>
<action no="5" player="Ofiorbe74" type="3" discard="1" dealt="1" sum="20"/>
<action no="6" player="KOPKHUNKRAP" type="23" sum="405"/>
<action no="7" player="Ofiorbe74" type="0" discard="1" dealt="1" sum="0"/>
</round>
</game>
<game gamecode="6500311534"><general><startdate>2025-10-09 12:17:30</startdate>
<round>1</round>
<failsafecounter/>
<players><player seat="3" name="Ofiorbe74" chips="1,045" dealer="0" win="90" bet="165" muck="1" rebuy="0" addon="0" merge="0" rebuychips="0" reg_code="5065036994"/>
<player seat="10" name="KOPKHUNKRAP" chips="455" dealer="1" win="0" bet="45" muck="1" rebuy="0" addon="0" merge="0" rebuychips="0" reg_code="5065037765"/>
</players>
</general>
<round no="0"><action no="1" player="KOPKHUNKRAP" type="15" sum="5"/>
<action no="2" player="Ofiorbe74" type="15" discard="1" dealt="1" sum="5"/>
<action no="3" player="KOPKHUNKRAP" type="1" sum="20"/>
<action no="4" player="Ofiorbe74" type="2" discard="1" dealt="1" sum="40"/>
</round>
<round no="1"><cards type="Pocket" player="KOPKHUNKRAP">H5 SQ</cards>
<cards type="Pocket" player="Ofiorbe74">X X</cards>
<action no="5" player="KOPKHUNKRAP" type="3" sum="20"/>
<action no="6" player="Ofiorbe74" type="23" discard="1" dealt="1" sum="160"/>
<action no="7" player="KOPKHUNKRAP" type="0" sum="0"/>
</round>
</game>
<game gamecode="6500311555"><general><startdate>2025-10-09 12:17:43</startdate>
<round>1</round>
<failsafecounter/>
<players><player seat="10" name="KOPKHUNKRAP" chips="410" dealer="0" win="90" bet="410" muck="1" rebuy="0" addon="0" merge="0" rebuychips="0" reg_code="5065037765"/>
<player seat="3" name="Ofiorbe74" chips="1,090" dealer="1" win="0" bet="45" muck="1" rebuy="0" addon="0" merge="0" rebuychips="0" reg_code="5065036994"/>
</players>
</general>
<round no="0"><action no="1" player="Ofiorbe74" type="15" discard="1" dealt="1" sum="5"/>
<action no="2" player="KOPKHUNKRAP" type="15" sum="5"/>
<action no="3" player="Ofiorbe74" type="1" discard="1" dealt="1" sum="20"/>
<action no="4" player="KOPKHUNKRAP" type="2" sum="40"/>
</round>
<round no="1"><cards type="Pocket" player="KOPKHUNKRAP">DA D9</cards>
<cards type="Pocket" player="Ofiorbe74">X X</cards>
<action no="5" player="Ofiorbe74" type="3" discard="1" dealt="1" sum="20"/>
<action no="6" player="KOPKHUNKRAP" type="23" sum="405"/>
<action no="7" player="Ofiorbe74" type="0" discard="1" dealt="1" sum="0"/>
</round>
</game>
<game gamecode="6500311571"><general><startdate>2025-10-09 12:17:56</startdate>
<round>1</round>
<failsafecounter/>
<players><player seat="3" name="Ofiorbe74" chips="1,045" dealer="0" win="50" bet="45" muck="1" rebuy="0" addon="0" merge="0" rebuychips="0" reg_code="5065036994"/>
<player seat="10" name="KOPKHUNKRAP" chips="455" dealer="1" win="0" bet="25" muck="1" rebuy="0" addon="0" merge="0" rebuychips="0" reg_code="5065037765"/>
</players>
</general>
<round no="0"><action no="1" player="KOPKHUNKRAP" type="15" sum="5"/>
<action no="2" player="Ofiorbe74" type="15" discard="1" dealt="1" sum="5"/>
<action no="3" player="KOPKHUNKRAP" type="1" sum="20"/>
<action no="4" player="Ofiorbe74" type="2" discard="1" dealt="1" sum="40"/>
</round>
<round no="1"><cards type="Pocket" player="Ofiorbe74">X X</cards>
<cards type="Pocket" player="KOPKHUNKRAP">H6 S2</cards>
<action no="5" player="KOPKHUNKRAP" type="0" sum="0"/>
</round>
</game>
<game gamecode="6500311586"><general><startdate>2025-10-09 12:18:05</startdate>
<round>1</round>
<failsafecounter/>
<players><player seat="10" name="KOPKHUNKRAP" chips="430" dealer="0" win="0" bet="212" muck="1" rebuy="0" addon="0" merge="0" rebuychips="0" reg_code="5065037765"/>
<player seat="3" name="Ofiorbe74" chips="1,070" dealer="1" win="424" bet="1,070" muck="1" rebuy="0" addon="0" merge="0" rebuychips="0" reg_code="5065036994"/>
</players>
</general>
<round no="0"><action no="1" player="Ofiorbe74" type="15" discard="1" dealt="1" sum="5"/>
<action no="2" player="KOPKHUNKRAP" type="15" sum="5"/>
<action no="3" player="Ofiorbe74" type="1" discard="1" dealt="1" sum="20"/>
<action no="4" player="KOPKHUNKRAP" type="2" sum="40"/>
</round>
<round no="1"><cards type="Pocket" player="KOPKHUNKRAP">D4 CQ</cards>
<cards type="Pocket" player="Ofiorbe74">X X</cards>
<action no="5" player="Ofiorbe74" type="3" discard="1" dealt="1" sum="20"/>
<action no="6" player="KOPKHUNKRAP" type="4" sum="0"/>
</round>
<round no="2"><cards type="Flop">H4 C9 SJ</cards>
<action no="7" player="KOPKHUNKRAP" type="4" sum="0"/>
<action no="8" player="Ofiorbe74" type="5" discard="1" dealt="1" sum="40"/>
<action no="9" player="KOPKHUNKRAP" type="3" sum="40"/>
</round>
<round no="3"><cards type="Turn">CA</cards>
<action no="10" player="KOPKHUNKRAP" type="4" sum="0"/>
<action no="11" player="Ofiorbe74" type="5" discard="1" dealt="1" sum="127"/>
<action no="12" player="KOPKHUNKRAP" type="3" sum="127"/>
</round>
<round no="4"><cards type="River">SA</cards>
<action no="13" player="KOPKHUNKRAP" type="4" sum="0"/>
<action no="14" player="Ofiorbe74" type="5" discard="1" dealt="1" sum="858"/>
<action no="15" player="KOPKHUNKRAP" type="0" sum="0"/>
</round>
</game>
<game gamecode="6500311664"><general><startdate>2025-10-09 12:19:00</startdate>
<round>1</round>
<failsafecounter/>
<players><player seat="3" name="Ofiorbe74" chips="1,282" dealer="0" win="436" bet="218" muck="0" rebuy="0" addon="0" merge="0" rebuychips="0" reg_code="5065036994"/>
<player seat="10" name="KOPKHUNKRAP" chips="218" dealer="1" win="0" bet="218" muck="0" rebuy="0" addon="0" merge="0" rebuychips="0" reg_code="5065037765"/>
</players>
</general>
<round no="0"><action no="1" player="KOPKHUNKRAP" type="15" sum="5"/>
<action no="2" player="Ofiorbe74" type="15" discard="1" dealt="1" sum="5"/>
<action no="3" player="KOPKHUNKRAP" type="1" sum="30"/>
<action no="4" player="Ofiorbe74" type="2" discard="1" dealt="1" sum="60"/>
</round>
<round no="1"><cards type="Pocket" player="KOPKHUNKRAP">C4 S7</cards>
<cards type="Pocket" player="Ofiorbe74">S4 DJ</cards>
<action no="5" player="KOPKHUNKRAP" type="23" sum="213"/>
<action no="6" player="Ofiorbe74" type="3" discard="1" dealt="1" sum="153"/>
</round>
<round no="2"><cards type="Flop">S2 H9 C10</cards>
</round>
<round no="3"><cards type="Turn">H10</cards>
</round>
<round no="4"><cards type="River">C6</cards>
</round>
</game>
</session>
