<?xml version="1.0" encoding="UTF-8"?>
<session sessioncode="5065495732">
<general>
<client_version>24.3.1.9</client_version>
<mode>real</mode>
<gametype>Holdem NL</gametype>
<tablename>Twister €200 SNG, 819493737</tablename>
<tournamentcode>819493734</tournamentcode>
<tournamentname>Twister €200 SNG</tournamentname>
<buyin>€0 + €12 + €188</buyin>
<totalbuyin>€200</totalbuyin>
<rewarddrawn>€400</rewarddrawn>
<tournamentcurrency>EUR</tournamentcurrency>
<currency>EUR</currency>
<nickname>KOPKHUNKRAP</nickname>
<gamecount>4</gamecount>
<startdate>2025-10-11 14:26:35</startdate>
<place>3</place>
<win>€0</win>
<tablesize>3</tablesize>
</general>
<game gamecode="6502157461"><general><startdate>2025-10-11 14:26:50</startdate>
<round>1</round>
<failsafecounter/>
<players><player seat="3" name="Ofiorbe74" chips="500" dealer="0" win="0" bet="20" muck="1" rebuy="0" addon="0" merge="0" rebuychips="0" reg_code="5065494712"/>
<player seat="6" name="KOPKHUNKRAP" chips="500" dealer="1" win="0" bet="0" muck="1" rebuy="0" addon="0" merge="0" rebuychips="0" reg_code="5065495732"/>
<player seat="10" name="SuBandiduu" chips="500" dealer="0" win="40" bet="50" muck="1" rebuy="0" addon="0" merge="0" rebuychips="0" reg_code="5065496267"/>
</players>
</general>
<round no="0"><action no="1" player="SuBandiduu" type="1" discard="1" dealt="1" sum="10"/>
<action no="2" player="Ofiorbe74" type="2" discard="1" dealt="1" sum="20"/>
</round>
<round no="1"><cards type="Pocket" player="Ofiorbe74">X X</cards>
<cards type="Pocket" player="SuBandiduu">X X</cards>
<cards type="Pocket" player="KOPKHUNKRAP">SA H4</cards>
<action no="3" player="KOPKHUNKRAP" type="0" sum="0"/>
<action no="4" player="SuBandiduu" type="23" discard="1" dealt="1" sum="50"/>
<action no="5" player="Ofiorbe74" type="0" discard="1" dealt="1" sum="0"/>
</round>
</game>
<game gamecode="6502157513"><general><startdate>2025-10-11 14:27:06</startdate>
<round>1</round>
<failsafecounter/>
<players><player seat="6" name="KOPKHUNKRAP" chips="500" dealer="0" win="0" bet="20" muck="1" rebuy="0" addon="0" merge="0" rebuychips="0" reg_code="5065495732"/>
<player seat="10" name="SuBandiduu" chips="520" dealer="1" win="50" bet="40" muck="1" rebuy="0" addon="0" merge="0" rebuychips="0" reg_code="5065496267"/>
<player seat="3" name="Ofiorbe74" chips="480" dealer="0" win="0" bet="10" muck="1" rebuy="0" addon="0" merge="0" rebuychips="0" reg_code="5065494712"/>
</players>
</general>
<round no="0"><action no="1" player="Ofiorbe74" type="1" discard="1" dealt="1" sum="10"/>
<action no="2" player="KOPKHUNKRAP" type="2" sum="20"/>
</round>
<round no="1"><cards type="Pocket" player="KOPKHUNKRAP">H5 D4</cards>
<cards type="Pocket" player="SuBandiduu">X X</cards>
<cards type="Pocket" player="Ofiorbe74">X X</cards>
<action no="3" player="SuBandiduu" type="23" discard="1" dealt="1" sum="40"/>
<action no="4" player="Ofiorbe74" type="0" discard="1" dealt="1" sum="0"/>
<action no="5" player="KOPKHUNKRAP" type="0" sum="0"/>
</round>
</game>
<game gamecode="6502157558"><general><startdate>2025-10-11 14:27:21</startdate>
<round>1</round>
<failsafecounter/>
<players><player seat="10" name="SuBandiduu" chips="550" dealer="0" win="0" bet="60" muck="1" rebuy="0" addon="0" merge="0" rebuychips="0" reg_code="5065496267"/>
<player seat="3" name="Ofiorbe74" chips="470" dealer="1" win="130" bet="60" muck="0" rebuy="0" addon="0" merge="0" rebuychips="0" reg_code="5065494712"/>
<player seat="6" name="KOPKHUNKRAP" chips="480" dealer="0" win="0" bet="10" muck="1" rebuy="0" addon="0" merge="0" rebuychips="0" reg_code="5065495732"/>
</players>
</general>
<round no="0"><action no="1" player="KOPKHUNKRAP" type="1" sum="10"/>
<action no="2" player="SuBandiduu" type="2" discard="1" dealt="1" sum="20"/>
</round>
<round no="1"><cards type="Pocket" player="SuBandiduu">D6 C7</cards>
<cards type="Pocket" player="Ofiorbe74">D8 HA</cards>
<cards type="Pocket" player="KOPKHUNKRAP">D7 C3</cards>
<action no="3" player="Ofiorbe74" type="23" discard="1" dealt="1" sum="40"/>
<action no="4" player="KOPKHUNKRAP" type="0" sum="0"/>
<action no="5" player="SuBandiduu" type="3" discard="1" dealt="1" sum="20"/>
</round>
<round no="2"><cards type="Flop">D2 S3 C2</cards>
<action no="6" player="SuBandiduu" type="4" discard="1" dealt="1" sum="0"/>
<action no="7" player="Ofiorbe74" type="5" discard="1" dealt="1" sum="20"/>
<action no="8" player="SuBandiduu" type="3" discard="1" dealt="1" sum="20"/>
</round>
<round no="3"><cards type="Turn">DK</cards>
<action no="9" player="SuBandiduu" type="4" discard="1" dealt="1" sum="0"/>
<action no="10" player="Ofiorbe74" type="4" discard="1" dealt="1" sum="0"/>
</round>
<round no="4"><cards type="River">DJ</cards>
<action no="11" player="SuBandiduu" type="4" discard="1" dealt="1" sum="0"/>
<action no="12" player="Ofiorbe74" type="4" discard="1" dealt="1" sum="0"/>
</round>
</game>
<game gamecode="6502157666"><general><startdate>2025-10-11 14:27:59</startdate>
<round>1</round>
<failsafecounter/>
<players><player seat="3" name="Ofiorbe74" chips="540" dealer="0" win="0" bet="20" muck="1" rebuy="0" addon="0" merge="0" rebuychips="0" reg_code="5065494712"/>
<player seat="6" name="KOPKHUNKRAP" chips="470" dealer="1" win="0" bet="470" muck="0" rebuy="0" addon="0" merge="0" rebuychips="0" reg_code="5065495732"/>
<player seat="10" name="SuBandiduu" chips="490" dealer="0" win="960" bet="470" muck="0" rebuy="0" addon="0" merge="0" rebuychips="0" reg_code="5065496267"/>
</players>
</general>
<round no="0"><action no="1" player="SuBandiduu" type="1" discard="1" dealt="1" sum="10"/>
<action no="2" player="Ofiorbe74" type="2" discard="1" dealt="1" sum="20"/>
</round>
<round no="1"><cards type="Pocket" player="KOPKHUNKRAP">SA HA</cards>
<cards type="Pocket" player="SuBandiduu">CJ SJ</cards>
<cards type="Pocket" player="Ofiorbe74">X X</cards>
<action no="3" player="KOPKHUNKRAP" type="23" sum="40"/>
<action no="4" player="SuBandiduu" type="23" discard="1" dealt="1" sum="120"/>
<action no="5" player="Ofiorbe74" type="0" discard="1" dealt="1" sum="0"/>
<action no="6" player="KOPKHUNKRAP" type="23" sum="470"/>
<action no="7" player="SuBandiduu" type="3" discard="1" dealt="1" sum="350"/>
</round>
<round no="2"><cards type="Flop">SQ DJ S2</cards>
</round>
<round no="3"><cards type="Turn">H3</cards>
</round>
<round no="4"><cards type="River">C2</cards>
</round>
</game>
</session>
