<?xml version="1.0" encoding="UTF-8"?>
<session sessioncode="5065471838">
<general>
<client_version>24.7.1.15</client_version>
<mode>real</mode>
<gametype>Holdem NL</gametype>
<tablename>Twister €200 SNG, 819477940</tablename>
<tournamentcode>819477937</tournamentcode>
<tournamentname>Twister €200 SNG</tournamentname>
<buyin>€0 + €12 + €188</buyin>
<totalbuyin>€200</totalbuyin>
<rewarddrawn>€400</rewarddrawn>
<tournamentcurrency>EUR</tournamentcurrency>
<currency>EUR</currency>
<nickname>KOPKHUNKRAP</nickname>
<gamecount>7</gamecount>
<startdate>2025-10-11 11:47:33</startdate>
<place>3</place>
<win>€0</win>
<tablesize>3</tablesize>
</general>
<game gamecode="6502061278"><general><startdate>2025-10-11 11:47:48</startdate>
<round>1</round>
<failsafecounter/>
<players><player seat="10" name="Exivezzz2323" chips="500" dealer="0" win="0" bet="20" muck="1" rebuy="0" addon="0" merge="0" rebuychips="0" reg_code="5065471984"/>
<player seat="3" name="L3ON38" chips="500" dealer="1" win="0" bet="0" muck="1" rebuy="0" addon="0" merge="0" rebuychips="0" reg_code="5065471787"/>
<player seat="6" name="KOPKHUNKRAP" chips="500" dealer="0" win="40" bet="50" muck="1" rebuy="0" addon="0" merge="0" rebuychips="0" reg_code="5065471838"/>
</players>
</general>
<round no="0"><action no="1" player="KOPKHUNKRAP" type="1" sum="10"/>
<action no="2" player="Exivezzz2323" type="2" discard="1" dealt="1" sum="20"/>
</round>
<round no="1"><cards type="Pocket" player="L3ON38">X X</cards>
<cards type="Pocket" player="Exivezzz2323">X X</cards>
<cards type="Pocket" player="KOPKHUNKRAP">SK HK</cards>
<action no="3" player="L3ON38" type="0" discard="1" dealt="1" sum="0"/>
<action no="4" player="KOPKHUNKRAP" type="23" sum="50"/>
<action no="5" player="Exivezzz2323" type="0" discard="1" dealt="1" sum="0"/>
</round>
</game>
<game gamecode="6502061355"><general><startdate>2025-10-11 11:48:16</startdate>
<round>1</round>
<failsafecounter/>
<players><player seat="3" name="L3ON38" chips="500" dealer="0" win="0" bet="100" muck="1" rebuy="0" addon="0" merge="0" rebuychips="0" reg_code="5065471787"/>
<player seat="6" name="KOPKHUNKRAP" chips="520" dealer="1" win="0" bet="0" muck="1" rebuy="0" addon="0" merge="0" rebuychips="0" reg_code="5065471838"/>
<player seat="10" name="Exivezzz2323" chips="480" dealer="0" win="200" bet="100" muck="0" rebuy="0" addon="0" merge="0" rebuychips="0" reg_code="5065471984"/>
</players>
</general>
<round no="0"><action no="1" player="Exivezzz2323" type="1" discard="1" dealt="1" sum="10"/>
<action no="2" player="L3ON38" type="2" discard="1" dealt="1" sum="20"/>
</round>
<round no="1"><cards type="Pocket" player="L3ON38">DJ CA</cards>
<cards type="Pocket" player="Exivezzz2323">H5 H4</cards>
<cards type="Pocket" player="KOPKHUNKRAP">C4 D2</cards>
<action no="3" player="KOPKHUNKRAP" type="0" sum="0"/>
<action no="4" player="Exivezzz2323" type="3" discard="1" dealt="1" sum="10"/>
<action no="5" player="L3ON38" type="23" discard="1" dealt="1" sum="60"/>
<action no="6" player="Exivezzz2323" type="3" discard="1" dealt="1" sum="40"/>
</round>
<round no="2"><cards type="Flop">CK S3 C6</cards>
<action no="7" player="Exivezzz2323" type="4" discard="1" dealt="1" sum="0"/>
<action no="8" player="L3ON38" type="5" discard="1" dealt="1" sum="40"/>
<action no="9" player="Exivezzz2323" type="3" discard="1" dealt="1" sum="40"/>
</round>
<round no="3"><cards type="Turn">D9</cards>
<action no="10" player="Exivezzz2323" type="4" discard="1" dealt="1" sum="0"/>
<action no="11" player="L3ON38" type="4" discard="1" dealt="1" sum="0"/>
</round>
<round no="4"><cards type="River">S4</cards>
<action no="12" player="Exivezzz2323" type="4" discard="1" dealt="1" sum="0"/>
<action no="13" player="L3ON38" type="4" discard="1" dealt="1" sum="0"/>
</round>
</game>
<game gamecode="6502061482"><general><startdate>2025-10-11 11:48:55</startdate>
<round>1</round>
<failsafecounter/>
<players><player seat="6" name="KOPKHUNKRAP" chips="520" dealer="0" win="0" bet="20" muck="1" rebuy="0" addon="0" merge="0" rebuychips="0" reg_code="5065471838"/>
<player seat="10" name="Exivezzz2323" chips="580" dealer="1" win="50" bet="40" muck="1" rebuy="0" addon="0" merge="0" rebuychips="0" reg_code="5065471984"/>
<player seat="3" name="L3ON38" chips="400" dealer="0" win="0" bet="10" muck="1" rebuy="0" addon="0" merge="0" rebuychips="0" reg_code="5065471787"/>
</players>
</general>
<round no="0"><action no="1" player="L3ON38" type="1" discard="1" dealt="1" sum="10"/>
<action no="2" player="KOPKHUNKRAP" type="2" sum="20"/>
</round>
<round no="1"><cards type="Pocket" player="Exivezzz2323">X X</cards>
<cards type="Pocket" player="KOPKHUNKRAP">D3 C8</cards>
<cards type="Pocket" player="L3ON38">X X</cards>
<action no="3" player="Exivezzz2323" type="23" discard="1" dealt="1" sum="40"/>
<action no="4" player="L3ON38" type="0" discard="1" dealt="1" sum="0"/>
<action no="5" player="KOPKHUNKRAP" type="0" sum="0"/>
</round>
</game>
<game gamecode="6502061510"><general><startdate>2025-10-11 11:49:05</startdate>
<round>1</round>
<failsafecounter/>
<players><player seat="10" name="Exivezzz2323" chips="610" dealer="0" win="0" bet="20" muck="1" rebuy="0" addon="0" merge="0" rebuychips="0" reg_code="5065471984"/>
<player seat="3" name="L3ON38" chips="390" dealer="1" win="0" bet="40" muck="1" rebuy="0" addon="0" merge="0" rebuychips="0" reg_code="5065471787"/>
<player seat="6" name="KOPKHUNKRAP" chips="500" dealer="0" win="100" bet="500" muck="1" rebuy="0" addon="0" merge="0" rebuychips="0" reg_code="5065471838"/>
</players>
</general>
<round no="0"><action no="1" player="KOPKHUNKRAP" type="1" sum="10"/>
<action no="2" player="Exivezzz2323" type="2" discard="1" dealt="1" sum="20"/>
</round>
<round no="1"><cards type="Pocket" player="L3ON38">X X</cards>
<cards type="Pocket" player="Exivezzz2323">X X</cards>
<cards type="Pocket" player="KOPKHUNKRAP">C4 D4</cards>
<action no="3" player="L3ON38" type="23" discard="1" dealt="1" sum="40"/>
<action no="4" player="KOPKHUNKRAP" type="23" sum="500"/>
<action no="5" player="Exivezzz2323" type="0" discard="1" dealt="1" sum="0"/>
<action no="6" player="L3ON38" type="0" discard="1" dealt="1" sum="0"/>
</round>
</game>
<game gamecode="6502061592"><general><startdate>2025-10-11 11:49:27</startdate>
<round>1</round>
<failsafecounter/>
<players><player seat="3" name="L3ON38" chips="350" dealer="0" win="0" bet="105" muck="1" rebuy="0" addon="0" merge="0" rebuychips="0" reg_code="5065471787"/>
<player seat="6" name="KOPKHUNKRAP" chips="560" dealer="1" win="0" bet="5" muck="1" rebuy="0" addon="0" merge="0" rebuychips="0" reg_code="5065471838"/>
<player seat="10" name="Exivezzz2323" chips="590" dealer="0" win="215" bet="590" muck="1" rebuy="0" addon="0" merge="0" rebuychips="0" reg_code="5065471984"/>
</players>
</general>
<round no="0"><action no="1" player="Exivezzz2323" type="15" discard="1" dealt="1" sum="5"/>
<action no="2" player="L3ON38" type="15" discard="1" dealt="1" sum="5"/>
<action no="3" player="KOPKHUNKRAP" type="15" sum="5"/>
<action no="4" player="Exivezzz2323" type="1" discard="1" dealt="1" sum="15"/>
<action no="5" player="L3ON38" type="2" discard="1" dealt="1" sum="30"/>
</round>
<round no="1"><cards type="Pocket" player="KOPKHUNKRAP">D4 SK</cards>
<cards type="Pocket" player="Exivezzz2323">X X</cards>
<cards type="Pocket" player="L3ON38">X X</cards>
<action no="6" player="KOPKHUNKRAP" type="0" sum="0"/>
<action no="7" player="Exivezzz2323" type="23" discard="1" dealt="1" sum="60"/>
<action no="8" player="L3ON38" type="3" discard="1" dealt="1" sum="30"/>
</round>
<round no="2"><cards type="Flop">D5 C5 D7</cards>
<action no="9" player="Exivezzz2323" type="5" discard="1" dealt="1" sum="40"/>
<action no="10" player="L3ON38" type="3" discard="1" dealt="1" sum="40"/>
</round>
<round no="3"><cards type="Turn">S5</cards>
<action no="11" player="Exivezzz2323" type="4" discard="1" dealt="1" sum="0"/>
<action no="12" player="L3ON38" type="4" discard="1" dealt="1" sum="0"/>
</round>
<round no="4"><cards type="River">D2</cards>
<action no="13" player="Exivezzz2323" type="5" discard="1" dealt="1" sum="485"/>
<action no="14" player="L3ON38" type="0" discard="1" dealt="1" sum="0"/>
</round>
</game>
<game gamecode="6502061786"><general><startdate>2025-10-11 11:50:26</startdate>
<round>1</round>
<failsafecounter/>
<players><player seat="6" name="KOPKHUNKRAP" chips="555" dealer="0" win="0" bet="35" muck="1" rebuy="0" addon="0" merge="0" rebuychips="0" reg_code="5065471838"/>
<player seat="10" name="Exivezzz2323" chips="700" dealer="1" win="90" bet="700" muck="1" rebuy="0" addon="0" merge="0" rebuychips="0" reg_code="5065471984"/>
<player seat="3" name="L3ON38" chips="245" dealer="0" win="0" bet="20" muck="1" rebuy="0" addon="0" merge="0" rebuychips="0" reg_code="5065471787"/>
</players>
</general>
<round no="0"><action no="1" player="L3ON38" type="15" discard="1" dealt="1" sum="5"/>
<action no="2" player="KOPKHUNKRAP" type="15" sum="5"/>
<action no="3" player="Exivezzz2323" type="15" discard="1" dealt="1" sum="5"/>
<action no="4" player="L3ON38" type="1" discard="1" dealt="1" sum="15"/>
<action no="5" player="KOPKHUNKRAP" type="2" sum="30"/>
</round>
<round no="1"><cards type="Pocket" player="KOPKHUNKRAP">D7 S9</cards>
<cards type="Pocket" player="L3ON38">X X</cards>
<cards type="Pocket" player="Exivezzz2323">X X</cards>
<action no="6" player="Exivezzz2323" type="23" discard="1" dealt="1" sum="695"/>
<action no="7" player="L3ON38" type="0" discard="1" dealt="1" sum="0"/>
<action no="8" player="KOPKHUNKRAP" type="0" sum="0"/>
</round>
</game>
<game gamecode="6502061832"><general><startdate>2025-10-11 11:50:40</startdate>
<round>1</round>
<failsafecounter/>
<players><player seat="10" name="Exivezzz2323" chips="755" dealer="0" win="1,045" bet="520" muck="0" rebuy="0" addon="0" merge="0" rebuychips="0" reg_code="5065471984"/>
<player seat="3" name="L3ON38" chips="225" dealer="1" win="0" bet="5" muck="1" rebuy="0" addon="0" merge="0" rebuychips="0" reg_code="5065471787"/>
<player seat="6" name="KOPKHUNKRAP" chips="520" dealer="0" win="0" bet="520" muck="0" rebuy="0" addon="0" merge="0" rebuychips="0" reg_code="5065471838"/>
</players>
</general>
<round no="0"><action no="1" player="KOPKHUNKRAP" type="15" sum="5"/>
<action no="2" player="Exivezzz2323" type="15" discard="1" dealt="1" sum="5"/>
<action no="3" player="L3ON38" type="15" discard="1" dealt="1" sum="5"/>
<action no="4" player="KOPKHUNKRAP" type="1" sum="15"/>
<action no="5" player="Exivezzz2323" type="2" discard="1" dealt="1" sum="30"/>
</round>
<round no="1"><cards type="Pocket" player="KOPKHUNKRAP">D9 DJ</cards>
<cards type="Pocket" player="Exivezzz2323">CK HA</cards>
<cards type="Pocket" player="L3ON38">X X</cards>
<action no="6" player="L3ON38" type="0" discard="1" dealt="1" sum="0"/>
<action no="7" player="KOPKHUNKRAP" type="23" sum="515"/>
<action no="8" player="Exivezzz2323" type="3" discard="1" dealt="1" sum="485"/>
</round>
<round no="2"><cards type="Flop">H10 HQ D5</cards>
</round>
<round no="3"><cards type="Turn">S2</cards>
</round>
<round no="4"><cards type="River">S3</cards>
</round>
</game>
</session>
