<?xml version="1.0" encoding="UTF-8"?>
<session sessioncode="5065956657">
<general>
<client_version>25.1.1.16</client_version>
<mode>real</mode>
<gametype>Holdem NL</gametype>
<tablename>Twister €200 SNG, 819638199</tablename>
<tournamentcode>819638198</tournamentcode>
<tournamentname>Twister €200 SNG</tournamentname>
<buyin>€0 + €12 + €188</buyin>
<totalbuyin>€200</totalbuyin>
<rewarddrawn>€400</rewarddrawn>
<tournamentcurrency>EUR</tournamentcurrency>
<currency>EUR</currency>
<nickname>KOPKHUNKRAP</nickname>
<gamecount>17</gamecount>
<startdate>2025-10-13 18:06:23</startdate>
<place>3</place>
<win>€0</win>
<tablesize>3</tablesize>
</general>
<game gamecode="6504055944"><general><startdate>2025-10-13 18:06:39</startdate>
<round>1</round>
<failsafecounter/>
<players><player seat="6" name="KOPKHUNKRAP" chips="500" dealer="0" win="0" bet="20" muck="1" rebuy="0" addon="0" merge="0" rebuychips="0" reg_code="5065956657"/>
<player seat="10" name="Exivezzz2323" chips="500" dealer="1" win="50" bet="40" muck="1" rebuy="0" addon="0" merge="0" rebuychips="0" reg_code="5065957880"/>
<player seat="3" name="ilCapo6" chips="500" dealer="0" win="0" bet="10" muck="1" rebuy="0" addon="0" merge="0" rebuychips="0" reg_code="5065956538"/>
</players>
</general>
<round no="0"><action no="1" player="ilCapo6" type="1" discard="1" dealt="1" sum="10"/>
<action no="2" player="KOPKHUNKRAP" type="2" sum="20"/>
</round>
<round no="1"><cards type="Pocket" player="ilCapo6">X X</cards>
<cards type="Pocket" player="KOPKHUNKRAP">H6 CJ</cards>
<cards type="Pocket" player="Exivezzz2323">X X</cards>
<action no="3" player="Exivezzz2323" type="23" discard="1" dealt="1" sum="40"/>
<action no="4" player="ilCapo6" type="0" discard="1" dealt="1" sum="0"/>
<action no="5" player="KOPKHUNKRAP" type="0" sum="0"/>
</round>
</game>
<game gamecode="6504055972"><general><startdate>2025-10-13 18:06:50</startdate>
<round>1</round>
<failsafecounter/>
<players><player seat="10" name="Exivezzz2323" chips="530" dealer="0" win="0" bet="40" muck="1" rebuy="0" addon="0" merge="0" rebuychips="0" reg_code="5065957880"/>
<player seat="3" name="ilCapo6" chips="490" dealer="1" win="90" bet="85" muck="1" rebuy="0" addon="0" merge="0" rebuychips="0" reg_code="5065956538"/>
<player seat="6" name="KOPKHUNKRAP" chips="480" dealer="0" win="0" bet="10" muck="1" rebuy="0" addon="0" merge="0" rebuychips="0" reg_code="5065956657"/>
</players>
</general>
<round no="0"><action no="1" player="KOPKHUNKRAP" type="1" sum="10"/>
<action no="2" player="Exivezzz2323" type="2" discard="1" dealt="1" sum="20"/>
</round>
<round no="1"><cards type="Pocket" player="KOPKHUNKRAP">S9 H10</cards>
<cards type="Pocket" player="ilCapo6">X X</cards>
<cards type="Pocket" player="Exivezzz2323">X X</cards>
<action no="3" player="ilCapo6" type="23" discard="1" dealt="1" sum="40"/>
<action no="4" player="KOPKHUNKRAP" type="0" sum="0"/>
<action no="5" player="Exivezzz2323" type="3" discard="1" dealt="1" sum="20"/>
</round>
<round no="2"><cards type="Flop">D4 H4 D9</cards>
<action no="6" player="Exivezzz2323" type="4" discard="1" dealt="1" sum="0"/>
<action no="7" player="ilCapo6" type="4" discard="1" dealt="1" sum="0"/>
</round>
<round no="3"><cards type="Turn">C7</cards>
<action no="8" player="Exivezzz2323" type="4" discard="1" dealt="1" sum="0"/>
<action no="9" player="ilCapo6" type="5" discard="1" dealt="1" sum="45"/>
<action no="10" player="Exivezzz2323" type="0" discard="1" dealt="1" sum="0"/>
</round>
</game>
<game gamecode="6504056054"><general><startdate>2025-10-13 18:07:28</startdate>
<round>1</round>
<failsafecounter/>
<players><player seat="3" name="ilCapo6" chips="540" dealer="0" win="0" bet="20" muck="1" rebuy="0" addon="0" merge="0" rebuychips="0" reg_code="5065956538"/>
<player seat="6" name="KOPKHUNKRAP" chips="470" dealer="1" win="50" bet="40" muck="1" rebuy="0" addon="0" merge="0" rebuychips="0" reg_code="5065956657"/>
<player seat="10" name="Exivezzz2323" chips="490" dealer="0" win="0" bet="10" muck="1" rebuy="0" addon="0" merge="0" rebuychips="0" reg_code="5065957880"/>
</players>
</general>
<round no="0"><action no="1" player="Exivezzz2323" type="1" discard="1" dealt="1" sum="10"/>
<action no="2" player="ilCapo6" type="2" discard="1" dealt="1" sum="20"/>
</round>
<round no="1"><cards type="Pocket" player="Exivezzz2323">X X</cards>
<cards type="Pocket" player="ilCapo6">X X</cards>
<cards type="Pocket" player="KOPKHUNKRAP">D7 D10</cards>
<action no="3" player="KOPKHUNKRAP" type="23" sum="40"/>
<action no="4" player="Exivezzz2323" type="0" discard="1" dealt="1" sum="0"/>
<action no="5" player="ilCapo6" type="0" discard="1" dealt="1" sum="0"/>
</round>
</game>
<game gamecode="6504056101"><general><startdate>2025-10-13 18:07:45</startdate>
<round>1</round>
<failsafecounter/>
<players><player seat="6" name="KOPKHUNKRAP" chips="500" dealer="0" win="0" bet="20" muck="1" rebuy="0" addon="0" merge="0" rebuychips="0" reg_code="5065956657"/>
<player seat="10" name="Exivezzz2323" chips="480" dealer="1" win="160" bet="70" muck="0" rebuy="0" addon="0" merge="0" rebuychips="0" reg_code="5065957880"/>
<player seat="3" name="ilCapo6" chips="520" dealer="0" win="0" bet="70" muck="1" rebuy="0" addon="0" merge="0" rebuychips="0" reg_code="5065956538"/>
</players>
</general>
<round no="0"><action no="1" player="ilCapo6" type="1" discard="1" dealt="1" sum="10"/>
<action no="2" player="KOPKHUNKRAP" type="2" sum="20"/>
</round>
<round no="1"><cards type="Pocket" player="ilCapo6">HK H9</cards>
<cards type="Pocket" player="Exivezzz2323">CA DK</cards>
<cards type="Pocket" player="KOPKHUNKRAP">D5 H8</cards>
<action no="3" player="Exivezzz2323" type="23" discard="1" dealt="1" sum="40"/>
<action no="4" player="ilCapo6" type="3" discard="1" dealt="1" sum="30"/>
<action no="5" player="KOPKHUNKRAP" type="0" sum="0"/>
</round>
<round no="2"><cards type="Flop">DJ C10 H3</cards>
<action no="6" player="ilCapo6" type="4" discard="1" dealt="1" sum="0"/>
<action no="7" player="Exivezzz2323" type="5" discard="1" dealt="1" sum="30"/>
<action no="8" player="ilCapo6" type="3" discard="1" dealt="1" sum="30"/>
</round>
<round no="3"><cards type="Turn">H4</cards>
<action no="9" player="ilCapo6" type="4" discard="1" dealt="1" sum="0"/>
<action no="10" player="Exivezzz2323" type="4" discard="1" dealt="1" sum="0"/>
</round>
<round no="4"><cards type="River">S5</cards>
<action no="11" player="ilCapo6" type="4" discard="1" dealt="1" sum="0"/>
<action no="12" player="Exivezzz2323" type="4" discard="1" dealt="1" sum="0"/>
</round>
</game>
<game gamecode="6504056230"><general><startdate>2025-10-13 18:08:37</startdate>
<round>1</round>
<failsafecounter/>
<players><player seat="10" name="Exivezzz2323" chips="570" dealer="0" win="0" bet="35" muck="1" rebuy="0" addon="0" merge="0" rebuychips="0" reg_code="5065957880"/>
<player seat="3" name="ilCapo6" chips="450" dealer="1" win="0" bet="5" muck="1" rebuy="0" addon="0" merge="0" rebuychips="0" reg_code="5065956538"/>
<player seat="6" name="KOPKHUNKRAP" chips="480" dealer="0" win="75" bet="480" muck="1" rebuy="0" addon="0" merge="0" rebuychips="0" reg_code="5065956657"/>
</players>
</general>
<round no="0"><action no="1" player="KOPKHUNKRAP" type="15" sum="5"/>
<action no="2" player="Exivezzz2323" type="15" discard="1" dealt="1" sum="5"/>
<action no="3" player="ilCapo6" type="15" discard="1" dealt="1" sum="5"/>
<action no="4" player="KOPKHUNKRAP" type="1" sum="15"/>
<action no="5" player="Exivezzz2323" type="2" discard="1" dealt="1" sum="30"/>
</round>
<round no="1"><cards type="Pocket" player="ilCapo6">X X</cards>
<cards type="Pocket" player="Exivezzz2323">X X</cards>
<cards type="Pocket" player="KOPKHUNKRAP">DA D3</cards>
<action no="6" player="ilCapo6" type="0" discard="1" dealt="1" sum="0"/>
<action no="7" player="KOPKHUNKRAP" type="23" sum="475"/>
<action no="8" player="Exivezzz2323" type="0" discard="1" dealt="1" sum="0"/>
</round>
</game>
<game gamecode="6504056277"><general><startdate>2025-10-13 18:08:54</startdate>
<round>1</round>
<failsafecounter/>
<players><player seat="3" name="ilCapo6" chips="445" dealer="0" win="45" bet="35" muck="1" rebuy="0" addon="0" merge="0" rebuychips="0" reg_code="5065956538"/>
<player seat="6" name="KOPKHUNKRAP" chips="520" dealer="1" win="0" bet="5" muck="1" rebuy="0" addon="0" merge="0" rebuychips="0" reg_code="5065956657"/>
<player seat="10" name="Exivezzz2323" chips="535" dealer="0" win="0" bet="20" muck="1" rebuy="0" addon="0" merge="0" rebuychips="0" reg_code="5065957880"/>
</players>
</general>
<round no="0"><action no="1" player="Exivezzz2323" type="15" discard="1" dealt="1" sum="5"/>
<action no="2" player="ilCapo6" type="15" discard="1" dealt="1" sum="5"/>
<action no="3" player="KOPKHUNKRAP" type="15" sum="5"/>
<action no="4" player="Exivezzz2323" type="1" discard="1" dealt="1" sum="15"/>
<action no="5" player="ilCapo6" type="2" discard="1" dealt="1" sum="30"/>
</round>
<round no="1"><cards type="Pocket" player="ilCapo6">X X</cards>
<cards type="Pocket" player="Exivezzz2323">X X</cards>
<cards type="Pocket" player="KOPKHUNKRAP">D7 DQ</cards>
<action no="6" player="KOPKHUNKRAP" type="0" sum="0"/>
<action no="7" player="Exivezzz2323" type="0" discard="1" dealt="1" sum="0"/>
</round>
</game>
<game gamecode="6504056303"><general><startdate>2025-10-13 18:09:06</startdate>
<round>1</round>
<failsafecounter/>
<players><player seat="6" name="KOPKHUNKRAP" chips="515" dealer="0" win="45" bet="35" muck="1" rebuy="0" addon="0" merge="0" rebuychips="0" reg_code="5065956657"/>
<player seat="10" name="Exivezzz2323" chips="515" dealer="1" win="0" bet="5" muck="1" rebuy="0" addon="0" merge="0" rebuychips="0" reg_code="5065957880"/>
<player seat="3" name="ilCapo6" chips="470" dealer="0" win="0" bet="20" muck="1" rebuy="0" addon="0" merge="0" rebuychips="0" reg_code="5065956538"/>
</players>
</general>
<round no="0"><action no="1" player="ilCapo6" type="15" discard="1" dealt="1" sum="5"/>
<action no="2" player="KOPKHUNKRAP" type="15" sum="5"/>
<action no="3" player="Exivezzz2323" type="15" discard="1" dealt="1" sum="5"/>
<action no="4" player="ilCapo6" type="1" discard="1" dealt="1" sum="15"/>
<action no="5" player="KOPKHUNKRAP" type="2" sum="30"/>
</round>
<round no="1"><cards type="Pocket" player="Exivezzz2323">X X</cards>
<cards type="Pocket" player="ilCapo6">X X</cards>
<cards type="Pocket" player="KOPKHUNKRAP">DQ H2</cards>
<action no="6" player="Exivezzz2323" type="0" discard="1" dealt="1" sum="0"/>
<action no="7" player="ilCapo6" type="0" discard="1" dealt="1" sum="0"/>
</round>
</game>
<game gamecode="6504056355"><general><startdate>2025-10-13 18:09:26</startdate>
<round>1</round>
<failsafecounter/>
<players><player seat="10" name="Exivezzz2323" chips="510" dealer="0" win="45" bet="35" muck="1" rebuy="0" addon="0" merge="0" rebuychips="0" reg_code="5065957880"/>
<player seat="3" name="ilCapo6" chips="450" dealer="1" win="0" bet="5" muck="1" rebuy="0" addon="0" merge="0" rebuychips="0" reg_code="5065956538"/>
<player seat="6" name="KOPKHUNKRAP" chips="540" dealer="0" win="0" bet="20" muck="1" rebuy="0" addon="0" merge="0" rebuychips="0" reg_code="5065956657"/>
</players>
</general>
<round no="0"><action no="1" player="KOPKHUNKRAP" type="15" sum="5"/>
<action no="2" player="Exivezzz2323" type="15" discard="1" dealt="1" sum="5"/>
<action no="3" player="ilCapo6" type="15" discard="1" dealt="1" sum="5"/>
<action no="4" player="KOPKHUNKRAP" type="1" sum="15"/>
<action no="5" player="Exivezzz2323" type="2" discard="1" dealt="1" sum="30"/>
</round>
<round no="1"><cards type="Pocket" player="KOPKHUNKRAP">D10 S4</cards>
<cards type="Pocket" player="ilCapo6">X X</cards>
<cards type="Pocket" player="Exivezzz2323">X X</cards>
<action no="6" player="ilCapo6" type="0" discard="1" dealt="1" sum="0"/>
<action no="7" player="KOPKHUNKRAP" type="0" sum="0"/>
</round>
</game>
<game gamecode="6504056382"><general><startdate>2025-10-13 18:09:37</startdate>
<round>1</round>
<failsafecounter/>
<players><player seat="3" name="ilCapo6" chips="445" dealer="0" win="0" bet="35" muck="1" rebuy="0" addon="0" merge="0" rebuychips="0" reg_code="5065956538"/>
<player seat="6" name="KOPKHUNKRAP" chips="520" dealer="1" win="90" bet="520" muck="1" rebuy="0" addon="0" merge="0" rebuychips="0" reg_code="5065956657"/>
<player seat="10" name="Exivezzz2323" chips="535" dealer="0" win="0" bet="20" muck="1" rebuy="0" addon="0" merge="0" rebuychips="0" reg_code="5065957880"/>
</players>
</general>
<round no="0"><action no="1" player="Exivezzz2323" type="15" discard="1" dealt="1" sum="5"/>
<action no="2" player="ilCapo6" type="15" discard="1" dealt="1" sum="5"/>
<action no="3" player="KOPKHUNKRAP" type="15" sum="5"/>
<action no="4" player="Exivezzz2323" type="1" discard="1" dealt="1" sum="15"/>
<action no="5" player="ilCapo6" type="2" discard="1" dealt="1" sum="30"/>
</round>
<round no="1"><cards type="Pocket" player="KOPKHUNKRAP">SA C5</cards>
<cards type="Pocket" player="Exivezzz2323">X X</cards>
<cards type="Pocket" player="ilCapo6">X X</cards>
<action no="6" player="KOPKHUNKRAP" type="23" sum="515"/>
<action no="7" player="Exivezzz2323" type="0" discard="1" dealt="1" sum="0"/>
<action no="8" player="ilCapo6" type="0" discard="1" dealt="1" sum="0"/>
</round>
</game>
<game gamecode="6504056428"><general><startdate>2025-10-13 18:09:53</startdate>
<round>1</round>
<failsafecounter/>
<players><player seat="6" name="KOPKHUNKRAP" chips="575" dealer="0" win="0" bet="35" muck="1" rebuy="0" addon="0" merge="0" rebuychips="0" reg_code="5065956657"/>
<player seat="10" name="Exivezzz2323" chips="515" dealer="1" win="90" bet="65" muck="1" rebuy="0" addon="0" merge="0" rebuychips="0" reg_code="5065957880"/>
<player seat="3" name="ilCapo6" chips="410" dealer="0" win="0" bet="20" muck="1" rebuy="0" addon="0" merge="0" rebuychips="0" reg_code="5065956538"/>
</players>
</general>
<round no="0"><action no="1" player="ilCapo6" type="15" discard="1" dealt="1" sum="5"/>
<action no="2" player="KOPKHUNKRAP" type="15" sum="5"/>
<action no="3" player="Exivezzz2323" type="15" discard="1" dealt="1" sum="5"/>
<action no="4" player="ilCapo6" type="1" discard="1" dealt="1" sum="15"/>
<action no="5" player="KOPKHUNKRAP" type="2" sum="30"/>
</round>
<round no="1"><cards type="Pocket" player="Exivezzz2323">X X</cards>
<cards type="Pocket" player="ilCapo6">X X</cards>
<cards type="Pocket" player="KOPKHUNKRAP">H6 C2</cards>
<action no="6" player="Exivezzz2323" type="23" discard="1" dealt="1" sum="60"/>
<action no="7" player="ilCapo6" type="0" discard="1" dealt="1" sum="0"/>
<action no="8" player="KOPKHUNKRAP" type="0" sum="0"/>
</round>
</game>
<game gamecode="6504056456"><general><startdate>2025-10-13 18:10:05</startdate>
<round>1</round>
<failsafecounter/>
<players><player seat="10" name="Exivezzz2323" chips="570" dealer="0" win="0" bet="45" muck="1" rebuy="0" addon="0" merge="0" rebuychips="0" reg_code="5065957880"/>
<player seat="3" name="ilCapo6" chips="390" dealer="1" win="115" bet="390" muck="1" rebuy="0" addon="0" merge="0" rebuychips="0" reg_code="5065956538"/>
<player seat="6" name="KOPKHUNKRAP" chips="540" dealer="0" win="0" bet="25" muck="1" rebuy="0" addon="0" merge="0" rebuychips="0" reg_code="5065956657"/>
</players>
</general>
<round no="0"><action no="1" player="KOPKHUNKRAP" type="15" sum="5"/>
<action no="2" player="Exivezzz2323" type="15" discard="1" dealt="1" sum="5"/>
<action no="3" player="ilCapo6" type="15" discard="1" dealt="1" sum="5"/>
<action no="4" player="KOPKHUNKRAP" type="1" sum="20"/>
<action no="5" player="Exivezzz2323" type="2" discard="1" dealt="1" sum="40"/>
</round>
<round no="1"><cards type="Pocket" player="ilCapo6">X X</cards>
<cards type="Pocket" player="Exivezzz2323">X X</cards>
<cards type="Pocket" player="KOPKHUNKRAP">S6 D10</cards>
<action no="6" player="ilCapo6" type="23" discard="1" dealt="1" sum="385"/>
<action no="7" player="KOPKHUNKRAP" type="0" sum="0"/>
<action no="8" player="Exivezzz2323" type="0" discard="1" dealt="1" sum="0"/>
</round>
</game>
<game gamecode="6504056492"><general><startdate>2025-10-13 18:10:16</startdate>
<round>1</round>
<failsafecounter/>
<players><player seat="3" name="ilCapo6" chips="460" dealer="0" win="55" bet="45" muck="1" rebuy="0" addon="0" merge="0" rebuychips="0" reg_code="5065956538"/>
<player seat="6" name="KOPKHUNKRAP" chips="515" dealer="1" win="0" bet="5" muck="1" rebuy="0" addon="0" merge="0" rebuychips="0" reg_code="5065956657"/>
<player seat="10" name="Exivezzz2323" chips="525" dealer="0" win="0" bet="25" muck="1" rebuy="0" addon="0" merge="0" rebuychips="0" reg_code="5065957880"/>
</players>
</general>
<round no="0"><action no="1" player="Exivezzz2323" type="15" discard="1" dealt="1" sum="5"/>
<action no="2" player="ilCapo6" type="15" discard="1" dealt="1" sum="5"/>
<action no="3" player="KOPKHUNKRAP" type="15" sum="5"/>
<action no="4" player="Exivezzz2323" type="1" discard="1" dealt="1" sum="20"/>
<action no="5" player="ilCapo6" type="2" discard="1" dealt="1" sum="40"/>
</round>
<round no="1"><cards type="Pocket" player="KOPKHUNKRAP">D8 SQ</cards>
<cards type="Pocket" player="Exivezzz2323">X X</cards>
<cards type="Pocket" player="ilCapo6">X X</cards>
<action no="6" player="KOPKHUNKRAP" type="0" sum="0"/>
<action no="7" player="Exivezzz2323" type="0" discard="1" dealt="1" sum="0"/>
</round>
</game>
<game gamecode="6504056530"><general><startdate>2025-10-13 18:10:33</startdate>
<round>1</round>
<failsafecounter/>
<players><player seat="6" name="KOPKHUNKRAP" chips="510" dealer="0" win="55" bet="45" muck="1" rebuy="0" addon="0" merge="0" rebuychips="0" reg_code="5065956657"/>
<player seat="10" name="Exivezzz2323" chips="500" dealer="1" win="0" bet="5" muck="1" rebuy="0" addon="0" merge="0" rebuychips="0" reg_code="5065957880"/>
<player seat="3" name="ilCapo6" chips="490" dealer="0" win="0" bet="25" muck="1" rebuy="0" addon="0" merge="0" rebuychips="0" reg_code="5065956538"/>
</players>
</general>
<round no="0"><action no="1" player="ilCapo6" type="15" discard="1" dealt="1" sum="5"/>
<action no="2" player="KOPKHUNKRAP" type="15" sum="5"/>
<action no="3" player="Exivezzz2323" type="15" discard="1" dealt="1" sum="5"/>
<action no="4" player="ilCapo6" type="1" discard="1" dealt="1" sum="20"/>
<action no="5" player="KOPKHUNKRAP" type="2" sum="40"/>
</round>
<round no="1"><cards type="Pocket" player="Exivezzz2323">X X</cards>
<cards type="Pocket" player="KOPKHUNKRAP">C9 DA</cards>
<cards type="Pocket" player="ilCapo6">X X</cards>
<action no="6" player="Exivezzz2323" type="0" discard="1" dealt="1" sum="0"/>
<action no="7" player="ilCapo6" type="0" discard="1" dealt="1" sum="0"/>
</round>
</game>
<game gamecode="6504056567"><general><startdate>2025-10-13 18:10:45</startdate>
<round>1</round>
<failsafecounter/>
<players><player seat="10" name="Exivezzz2323" chips="495" dealer="0" win="0" bet="45" muck="1" rebuy="0" addon="0" merge="0" rebuychips="0" reg_code="5065957880"/>
<player seat="3" name="ilCapo6" chips="465" dealer="1" win="0" bet="5" muck="1" rebuy="0" addon="0" merge="0" rebuychips="0" reg_code="5065956538"/>
<player seat="6" name="KOPKHUNKRAP" chips="540" dealer="0" win="95" bet="540" muck="1" rebuy="0" addon="0" merge="0" rebuychips="0" reg_code="5065956657"/>
</players>
</general>
<round no="0"><action no="1" player="KOPKHUNKRAP" type="15" sum="5"/>
<action no="2" player="Exivezzz2323" type="15" discard="1" dealt="1" sum="5"/>
<action no="3" player="ilCapo6" type="15" discard="1" dealt="1" sum="5"/>
<action no="4" player="KOPKHUNKRAP" type="1" sum="20"/>
<action no="5" player="Exivezzz2323" type="2" discard="1" dealt="1" sum="40"/>
</round>
<round no="1"><cards type="Pocket" player="Exivezzz2323">X X</cards>
<cards type="Pocket" player="ilCapo6">X X</cards>
<cards type="Pocket" player="KOPKHUNKRAP">DA S10</cards>
<action no="6" player="ilCapo6" type="0" discard="1" dealt="1" sum="0"/>
<action no="7" player="KOPKHUNKRAP" type="23" sum="535"/>
<action no="8" player="Exivezzz2323" type="0" discard="1" dealt="1" sum="0"/>
</round>
</game>
<game gamecode="6504056606"><general><startdate>2025-10-13 18:10:57</startdate>
<round>1</round>
<failsafecounter/>
<players><player seat="3" name="ilCapo6" chips="460" dealer="0" win="0" bet="45" muck="1" rebuy="0" addon="0" merge="0" rebuychips="0" reg_code="5065956538"/>
<player seat="6" name="KOPKHUNKRAP" chips="590" dealer="1" win="0" bet="590" muck="0" rebuy="0" addon="0" merge="0" rebuychips="0" reg_code="5065956657"/>
<player seat="10" name="Exivezzz2323" chips="450" dealer="0" win="945" bet="450" muck="0" rebuy="0" addon="0" merge="0" rebuychips="0" reg_code="5065957880"/>
</players>
</general>
<round no="0"><action no="1" player="Exivezzz2323" type="15" discard="1" dealt="1" sum="5"/>
<action no="2" player="ilCapo6" type="15" discard="1" dealt="1" sum="5"/>
<action no="3" player="KOPKHUNKRAP" type="15" sum="5"/>
<action no="4" player="Exivezzz2323" type="1" discard="1" dealt="1" sum="20"/>
<action no="5" player="ilCapo6" type="2" discard="1" dealt="1" sum="40"/>
</round>
<round no="1"><cards type="Pocket" player="ilCapo6">X X</cards>
<cards type="Pocket" player="Exivezzz2323">H7 C7</cards>
<cards type="Pocket" player="KOPKHUNKRAP">SJ CA</cards>
<action no="6" player="KOPKHUNKRAP" type="23" sum="585"/>
<action no="7" player="Exivezzz2323" type="7" discard="1" dealt="1" sum="425"/>
<action no="8" player="ilCapo6" type="0" discard="1" dealt="1" sum="0"/>
</round>
<round no="2"><cards type="Flop">S8 SQ D3</cards>
</round>
<round no="3"><cards type="Turn">H5</cards>
</round>
<round no="4"><cards type="River">S9</cards>
</round>
</game>
<game gamecode="6504056674"><general><startdate>2025-10-13 18:11:21</startdate>
<round>1</round>
<failsafecounter/>
<players><player seat="6" name="KOPKHUNKRAP" chips="140" dealer="0" win="0" bet="45" muck="1" rebuy="0" addon="0" merge="0" rebuychips="0" reg_code="5065956657"/>
<player seat="10" name="Exivezzz2323" chips="945" dealer="1" win="0" bet="5" muck="1" rebuy="0" addon="0" merge="0" rebuychips="0" reg_code="5065957880"/>
<player seat="3" name="ilCapo6" chips="415" dealer="0" win="95" bet="415" muck="1" rebuy="0" addon="0" merge="0" rebuychips="0" reg_code="5065956538"/>
</players>
</general>
<round no="0"><action no="1" player="ilCapo6" type="15" discard="1" dealt="1" sum="5"/>
<action no="2" player="KOPKHUNKRAP" type="15" sum="5"/>
<action no="3" player="Exivezzz2323" type="15" discard="1" dealt="1" sum="5"/>
<action no="4" player="ilCapo6" type="1" discard="1" dealt="1" sum="20"/>
<action no="5" player="KOPKHUNKRAP" type="2" sum="40"/>
</round>
<round no="1"><cards type="Pocket" player="KOPKHUNKRAP">C7 D3</cards>
<cards type="Pocket" player="ilCapo6">X X</cards>
<cards type="Pocket" player="Exivezzz2323">X X</cards>
<action no="6" player="Exivezzz2323" type="0" discard="1" dealt="1" sum="0"/>
<action no="7" player="ilCapo6" type="23" discard="1" dealt="1" sum="410"/>
<action no="8" player="KOPKHUNKRAP" type="0" sum="0"/>
</round>
</game>
<game gamecode="6504056730"><general><startdate>2025-10-13 18:11:40</startdate>
<round>1</round>
<failsafecounter/>
<players><player seat="10" name="Exivezzz2323" chips="940" dealer="0" win="195" bet="95" muck="0" rebuy="0" addon="0" merge="0" rebuychips="0" reg_code="5065957880"/>
<player seat="3" name="ilCapo6" chips="465" dealer="1" win="0" bet="5" muck="1" rebuy="0" addon="0" merge="0" rebuychips="0" reg_code="5065956538"/>
<player seat="6" name="KOPKHUNKRAP" chips="95" dealer="0" win="0" bet="95" muck="0" rebuy="0" addon="0" merge="0" rebuychips="0" reg_code="5065956657"/>
</players>
</general>
<round no="0"><action no="1" player="KOPKHUNKRAP" type="15" sum="5"/>
<action no="2" player="Exivezzz2323" type="15" discard="1" dealt="1" sum="5"/>
<action no="3" player="ilCapo6" type="15" discard="1" dealt="1" sum="5"/>
<action no="4" player="KOPKHUNKRAP" type="1" sum="30"/>
<action no="5" player="Exivezzz2323" type="2" discard="1" dealt="1" sum="60"/>
</round>
<round no="1"><cards type="Pocket" player="Exivezzz2323">DA D10</cards>
<cards type="Pocket" player="KOPKHUNKRAP">H3 S9</cards>
<cards type="Pocket" player="ilCapo6">X X</cards>
<action no="6" player="ilCapo6" type="0" discard="1" dealt="1" sum="0"/>
<action no="7" player="KOPKHUNKRAP" type="7" sum="60"/>
<action no="8" player="Exivezzz2323" type="3" discard="1" dealt="1" sum="30"/>
</round>
<round no="2"><cards type="Flop">S2 D6 DQ</cards>
</round>
<round no="3"><cards type="Turn">C8</cards>
</round>
<round no="4"><cards type="River">H10</cards>
</round>
</game>
</session>
