<?xml version="1.0" encoding="UTF-8"?>
<session sessioncode="5065474749">
<general>
<client_version>24.7.1.15</client_version>
<mode>real</mode>
<gametype>Holdem NL</gametype>
<tablename>Twister €100 SNG, 819491523</tablename>
<tournamentcode>819491522</tournamentcode>
<tournamentname>Twister €100 SNG</tournamentname>
<buyin>€0 + €7 + €93</buyin>
<totalbuyin>€100</totalbuyin>
<rewarddrawn>€200</rewarddrawn>
<tournamentcurrency>EUR</tournamentcurrency>
<currency>EUR</currency>
<nickname>KOPKHUNKRAP</nickname>
<gamecount>36</gamecount>
<startdate>2025-10-11 12:07:28</startdate>
<place>1</place>
<win>€200</win>
<tablesize>3</tablesize>
</general>
<game gamecode="6502066440"><general><startdate>2025-10-11 12:07:43</startdate>
<round>1</round>
<failsafecounter/>
<players><player seat="6" name="KOPKHUNKRAP" chips="500" dealer="0" win="390" bet="190" muck="0" rebuy="0" addon="0" merge="0" rebuychips="0" reg_code="5065474749"/>
<player seat="10" name="kawabonga84" chips="500" dealer="1" win="0" bet="190" muck="1" rebuy="0" addon="0" merge="0" rebuychips="0" reg_code="5065474788"/>
<player seat="3" name="LolloCausto" chips="500" dealer="0" win="0" bet="10" muck="1" rebuy="0" addon="0" merge="0" rebuychips="0" reg_code="5065474787"/>
</players>
</general>
<round no="0"><action no="1" player="LolloCausto" type="1" discard="1" dealt="1" sum="10"/>
<action no="2" player="KOPKHUNKRAP" type="2" sum="20"/>
</round>
<round no="1"><cards type="Pocket" player="LolloCausto">X X</cards>
<cards type="Pocket" player="KOPKHUNKRAP">C7 C4</cards>
<cards type="Pocket" player="kawabonga84">D5 C10</cards>
<action no="3" player="kawabonga84" type="23" discard="1" dealt="1" sum="60"/>
<action no="4" player="LolloCausto" type="0" discard="1" dealt="1" sum="0"/>
<action no="5" player="KOPKHUNKRAP" type="3" sum="40"/>
</round>
<round no="2"><cards type="Flop">C8 CA DQ</cards>
<action no="6" player="KOPKHUNKRAP" type="4" sum="0"/>
<action no="7" player="kawabonga84" type="4" discard="1" dealt="1" sum="0"/>
</round>
<round no="3"><cards type="Turn">CK</cards>
<action no="8" player="KOPKHUNKRAP" type="4" sum="0"/>
<action no="9" player="kawabonga84" type="5" discard="1" dealt="1" sum="130"/>
<action no="10" player="KOPKHUNKRAP" type="3" sum="130"/>
</round>
<round no="4"><cards type="River">D8</cards>
<action no="11" player="KOPKHUNKRAP" type="4" sum="0"/>
<action no="12" player="kawabonga84" type="4" discard="1" dealt="1" sum="0"/>
</round>
</game>
<game gamecode="6502066491"><general><startdate>2025-10-11 12:08:10</startdate>
<round>1</round>
<failsafecounter/>
<players><player seat="10" name="kawabonga84" chips="310" dealer="0" win="138" bet="64" muck="0" rebuy="0" addon="0" merge="0" rebuychips="0" reg_code="5065474788"/>
<player seat="3" name="LolloCausto" chips="490" dealer="1" win="0" bet="64" muck="1" rebuy="0" addon="0" merge="0" rebuychips="0" reg_code="5065474787"/>
<player seat="6" name="KOPKHUNKRAP" chips="700" dealer="0" win="0" bet="10" muck="1" rebuy="0" addon="0" merge="0" rebuychips="0" reg_code="5065474749"/>
</players>
</general>
<round no="0"><action no="1" player="KOPKHUNKRAP" type="1" sum="10"/>
<action no="2" player="kawabonga84" type="2" discard="1" dealt="1" sum="20"/>
</round>
<round no="1"><cards type="Pocket" player="LolloCausto">S4 S6</cards>
<cards type="Pocket" player="kawabonga84">C8 HJ</cards>
<cards type="Pocket" player="KOPKHUNKRAP">C4 HK</cards>
<action no="3" player="LolloCausto" type="23" discard="1" dealt="1" sum="40"/>
<action no="4" player="KOPKHUNKRAP" type="0" sum="0"/>
<action no="5" player="kawabonga84" type="3" discard="1" dealt="1" sum="20"/>
</round>
<round no="2"><cards type="Flop">HA DK S8</cards>
<action no="6" player="kawabonga84" type="4" discard="1" dealt="1" sum="0"/>
<action no="7" player="LolloCausto" type="5" discard="1" dealt="1" sum="24"/>
<action no="8" player="kawabonga84" type="3" discard="1" dealt="1" sum="24"/>
</round>
<round no="3"><cards type="Turn">SQ</cards>
<action no="9" player="kawabonga84" type="4" discard="1" dealt="1" sum="0"/>
<action no="10" player="LolloCausto" type="4" discard="1" dealt="1" sum="0"/>
</round>
<round no="4"><cards type="River">CA</cards>
<action no="11" player="kawabonga84" type="4" discard="1" dealt="1" sum="0"/>
<action no="12" player="LolloCausto" type="4" discard="1" dealt="1" sum="0"/>
</round>
</game>
<game gamecode="6502066532"><general><startdate>2025-10-11 12:08:30</startdate>
<round>1</round>
<failsafecounter/>
<players><player seat="3" name="LolloCausto" chips="426" dealer="0" win="80" bet="61" muck="1" rebuy="0" addon="0" merge="0" rebuychips="0" reg_code="5065474787"/>
<player seat="6" name="KOPKHUNKRAP" chips="690" dealer="1" win="0" bet="0" muck="1" rebuy="0" addon="0" merge="0" rebuychips="0" reg_code="5065474749"/>
<player seat="10" name="kawabonga84" chips="384" dealer="0" win="0" bet="40" muck="1" rebuy="0" addon="0" merge="0" rebuychips="0" reg_code="5065474788"/>
</players>
</general>
<round no="0"><action no="1" player="kawabonga84" type="1" discard="1" dealt="1" sum="10"/>
<action no="2" player="LolloCausto" type="2" discard="1" dealt="1" sum="20"/>
</round>
<round no="1"><cards type="Pocket" player="LolloCausto">X X</cards>
<cards type="Pocket" player="KOPKHUNKRAP">S3 D9</cards>
<cards type="Pocket" player="kawabonga84">X X</cards>
<action no="3" player="KOPKHUNKRAP" type="0" sum="0"/>
<action no="4" player="kawabonga84" type="23" discard="1" dealt="1" sum="40"/>
<action no="5" player="LolloCausto" type="3" discard="1" dealt="1" sum="20"/>
</round>
<round no="2"><cards type="Flop">DJ S9 SK</cards>
<action no="6" player="kawabonga84" type="4" discard="1" dealt="1" sum="0"/>
<action no="7" player="LolloCausto" type="5" discard="1" dealt="1" sum="21"/>
<action no="8" player="kawabonga84" type="0" discard="1" dealt="1" sum="0"/>
</round>
</game>
<game gamecode="6502066563"><general><startdate>2025-10-11 12:08:44</startdate>
<round>1</round>
<failsafecounter/>
<players><player seat="6" name="KOPKHUNKRAP" chips="690" dealer="0" win="90" bet="690" muck="1" rebuy="0" addon="0" merge="0" rebuychips="0" reg_code="5065474749"/>
<player seat="10" name="kawabonga84" chips="344" dealer="1" win="0" bet="40" muck="1" rebuy="0" addon="0" merge="0" rebuychips="0" reg_code="5065474788"/>
<player seat="3" name="LolloCausto" chips="466" dealer="0" win="0" bet="10" muck="1" rebuy="0" addon="0" merge="0" rebuychips="0" reg_code="5065474787"/>
</players>
</general>
<round no="0"><action no="1" player="LolloCausto" type="1" discard="1" dealt="1" sum="10"/>
<action no="2" player="KOPKHUNKRAP" type="2" sum="20"/>
</round>
<round no="1"><cards type="Pocket" player="KOPKHUNKRAP">H4 S4</cards>
<cards type="Pocket" player="kawabonga84">X X</cards>
<cards type="Pocket" player="LolloCausto">X X</cards>
<action no="3" player="kawabonga84" type="23" discard="1" dealt="1" sum="40"/>
<action no="4" player="LolloCausto" type="0" discard="1" dealt="1" sum="0"/>
<action no="5" player="KOPKHUNKRAP" type="23" sum="690"/>
<action no="6" player="kawabonga84" type="0" discard="1" dealt="1" sum="0"/>
</round>
</game>
<game gamecode="6502066584"><general><startdate>2025-10-11 12:08:54</startdate>
<round>1</round>
<failsafecounter/>
<players><player seat="10" name="kawabonga84" chips="304" dealer="0" win="0" bet="20" muck="1" rebuy="0" addon="0" merge="0" rebuychips="0" reg_code="5065474788"/>
<player seat="3" name="LolloCausto" chips="456" dealer="1" win="0" bet="0" muck="1" rebuy="0" addon="0" merge="0" rebuychips="0" reg_code="5065474787"/>
<player seat="6" name="KOPKHUNKRAP" chips="740" dealer="0" win="40" bet="740" muck="1" rebuy="0" addon="0" merge="0" rebuychips="0" reg_code="5065474749"/>
</players>
</general>
<round no="0"><action no="1" player="KOPKHUNKRAP" type="1" sum="10"/>
<action no="2" player="kawabonga84" type="2" discard="1" dealt="1" sum="20"/>
</round>
<round no="1"><cards type="Pocket" player="KOPKHUNKRAP">CA D7</cards>
<cards type="Pocket" player="kawabonga84">X X</cards>
<cards type="Pocket" player="LolloCausto">X X</cards>
<action no="3" player="LolloCausto" type="0" discard="1" dealt="1" sum="0"/>
<action no="4" player="KOPKHUNKRAP" type="23" sum="740"/>
<action no="5" player="kawabonga84" type="0" discard="1" dealt="1" sum="0"/>
</round>
</game>
<game gamecode="6502066601"><general><startdate>2025-10-11 12:09:03</startdate>
<round>1</round>
<failsafecounter/>
<players><player seat="3" name="LolloCausto" chips="456" dealer="0" win="80" bet="61" muck="1" rebuy="0" addon="0" merge="0" rebuychips="0" reg_code="5065474787"/>
<player seat="6" name="KOPKHUNKRAP" chips="760" dealer="1" win="0" bet="0" muck="1" rebuy="0" addon="0" merge="0" rebuychips="0" reg_code="5065474749"/>
<player seat="10" name="kawabonga84" chips="284" dealer="0" win="0" bet="40" muck="1" rebuy="0" addon="0" merge="0" rebuychips="0" reg_code="5065474788"/>
</players>
</general>
<round no="0"><action no="1" player="kawabonga84" type="1" discard="1" dealt="1" sum="10"/>
<action no="2" player="LolloCausto" type="2" discard="1" dealt="1" sum="20"/>
</round>
<round no="1"><cards type="Pocket" player="KOPKHUNKRAP">HK C8</cards>
<cards type="Pocket" player="kawabonga84">X X</cards>
<cards type="Pocket" player="LolloCausto">X X</cards>
<action no="3" player="KOPKHUNKRAP" type="0" sum="0"/>
<action no="4" player="kawabonga84" type="23" discard="1" dealt="1" sum="40"/>
<action no="5" player="LolloCausto" type="3" discard="1" dealt="1" sum="20"/>
</round>
<round no="2"><cards type="Flop">SJ H3 S2</cards>
<action no="6" player="kawabonga84" type="4" discard="1" dealt="1" sum="0"/>
<action no="7" player="LolloCausto" type="5" discard="1" dealt="1" sum="21"/>
<action no="8" player="kawabonga84" type="0" discard="1" dealt="1" sum="0"/>
</round>
</game>
<game gamecode="6502066636"><general><startdate>2025-10-11 12:09:16</startdate>
<round>1</round>
<failsafecounter/>
<players><player seat="6" name="KOPKHUNKRAP" chips="760" dealer="0" win="0" bet="20" muck="1" rebuy="0" addon="0" merge="0" rebuychips="0" reg_code="5065474749"/>
<player seat="10" name="kawabonga84" chips="244" dealer="1" win="50" bet="40" muck="1" rebuy="0" addon="0" merge="0" rebuychips="0" reg_code="5065474788"/>
<player seat="3" name="LolloCausto" chips="496" dealer="0" win="0" bet="10" muck="1" rebuy="0" addon="0" merge="0" rebuychips="0" reg_code="5065474787"/>
</players>
</general>
<round no="0"><action no="1" player="LolloCausto" type="1" discard="1" dealt="1" sum="10"/>
<action no="2" player="KOPKHUNKRAP" type="2" sum="20"/>
</round>
<round no="1"><cards type="Pocket" player="kawabonga84">X X</cards>
<cards type="Pocket" player="KOPKHUNKRAP">C9 C3</cards>
<cards type="Pocket" player="LolloCausto">X X</cards>
<action no="3" player="kawabonga84" type="23" discard="1" dealt="1" sum="40"/>
<action no="4" player="LolloCausto" type="0" discard="1" dealt="1" sum="0"/>
<action no="5" player="KOPKHUNKRAP" type="0" sum="0"/>
</round>
</game>
<game gamecode="6502066653"><general><startdate>2025-10-11 12:09:24</startdate>
<round>1</round>
<failsafecounter/>
<players><player seat="10" name="kawabonga84" chips="274" dealer="0" win="568" bet="274" muck="0" rebuy="0" addon="0" merge="0" rebuychips="0" reg_code="5065474788"/>
<player seat="3" name="LolloCausto" chips="486" dealer="1" win="0" bet="486" muck="1" rebuy="0" addon="0" merge="0" rebuychips="0" reg_code="5065474787"/>
<player seat="6" name="KOPKHUNKRAP" chips="740" dealer="0" win="0" bet="20" muck="1" rebuy="0" addon="0" merge="0" rebuychips="0" reg_code="5065474749"/>
</players>
</general>
<round no="0"><action no="1" player="KOPKHUNKRAP" type="15" sum="5"/>
<action no="2" player="kawabonga84" type="15" discard="1" dealt="1" sum="5"/>
<action no="3" player="LolloCausto" type="15" discard="1" dealt="1" sum="5"/>
<action no="4" player="KOPKHUNKRAP" type="1" sum="15"/>
<action no="5" player="kawabonga84" type="2" discard="1" dealt="1" sum="30"/>
</round>
<round no="1"><cards type="Pocket" player="KOPKHUNKRAP">S7 H8</cards>
<cards type="Pocket" player="LolloCausto">C9 C8</cards>
<cards type="Pocket" player="kawabonga84">HQ CA</cards>
<action no="6" player="LolloCausto" type="23" discard="1" dealt="1" sum="481"/>
<action no="7" player="KOPKHUNKRAP" type="0" sum="0"/>
<action no="8" player="kawabonga84" type="7" discard="1" dealt="1" sum="239"/>
</round>
<round no="2"><cards type="Flop">DA D4 SJ</cards>
</round>
<round no="3"><cards type="Turn">S4</cards>
</round>
<round no="4"><cards type="River">H2</cards>
</round>
</game>
<game gamecode="6502066671"><general><startdate>2025-10-11 12:09:42</startdate>
<round>1</round>
<failsafecounter/>
<players><player seat="3" name="LolloCausto" chips="212" dealer="0" win="0" bet="212" muck="0" rebuy="0" addon="0" merge="0" rebuychips="0" reg_code="5065474787"/>
<player seat="6" name="KOPKHUNKRAP" chips="720" dealer="1" win="444" bet="212" muck="0" rebuy="0" addon="0" merge="0" rebuychips="0" reg_code="5065474749"/>
<player seat="10" name="kawabonga84" chips="568" dealer="0" win="0" bet="20" muck="1" rebuy="0" addon="0" merge="0" rebuychips="0" reg_code="5065474788"/>
</players>
</general>
<round no="0"><action no="1" player="kawabonga84" type="15" discard="1" dealt="1" sum="5"/>
<action no="2" player="LolloCausto" type="15" discard="1" dealt="1" sum="5"/>
<action no="3" player="KOPKHUNKRAP" type="15" sum="5"/>
<action no="4" player="kawabonga84" type="1" discard="1" dealt="1" sum="15"/>
<action no="5" player="LolloCausto" type="2" discard="1" dealt="1" sum="30"/>
</round>
<round no="1"><cards type="Pocket" player="LolloCausto">H6 S7</cards>
<cards type="Pocket" player="kawabonga84">X X</cards>
<cards type="Pocket" player="KOPKHUNKRAP">CJ C9</cards>
<action no="6" player="KOPKHUNKRAP" type="23" sum="60"/>
<action no="7" player="kawabonga84" type="0" discard="1" dealt="1" sum="0"/>
<action no="8" player="LolloCausto" type="3" discard="1" dealt="1" sum="30"/>
</round>
<round no="2"><cards type="Flop">D10 H9 C2</cards>
<action no="9" player="LolloCausto" type="4" discard="1" dealt="1" sum="0"/>
<action no="10" player="KOPKHUNKRAP" type="5" sum="30"/>
<action no="11" player="LolloCausto" type="23" discard="1" dealt="1" sum="147"/>
<action no="12" player="KOPKHUNKRAP" type="3" sum="117"/>
</round>
<round no="3"><cards type="Turn">C10</cards>
</round>
<round no="4"><cards type="River">H7</cards>
</round>
</game>
<game gamecode="6502066710"><general><startdate>2025-10-11 12:10:04</startdate>
<round>1</round>
<failsafecounter/>
<players><player seat="6" name="KOPKHUNKRAP" chips="952" dealer="0" win="70" bet="952" muck="1" rebuy="0" addon="0" merge="0" rebuychips="0" reg_code="5065474749"/>
<player seat="10" name="kawabonga84" chips="548" dealer="1" win="0" bet="35" muck="1" rebuy="0" addon="0" merge="0" rebuychips="0" reg_code="5065474788"/>
</players>
</general>
<round no="0"><action no="1" player="kawabonga84" type="15" discard="1" dealt="1" sum="5"/>
<action no="2" player="KOPKHUNKRAP" type="15" sum="5"/>
<action no="3" player="kawabonga84" type="1" discard="1" dealt="1" sum="15"/>
<action no="4" player="KOPKHUNKRAP" type="2" sum="30"/>
</round>
<round no="1"><cards type="Pocket" player="kawabonga84">X X</cards>
<cards type="Pocket" player="KOPKHUNKRAP">H3 S3</cards>
<action no="5" player="kawabonga84" type="3" discard="1" dealt="1" sum="15"/>
<action no="6" player="KOPKHUNKRAP" type="23" sum="947"/>
<action no="7" player="kawabonga84" type="0" discard="1" dealt="1" sum="0"/>
</round>
</game>
<game gamecode="6502066729"><general><startdate>2025-10-11 12:10:12</startdate>
<round>1</round>
<failsafecounter/>
<players><player seat="10" name="kawabonga84" chips="513" dealer="0" win="130" bet="195" muck="1" rebuy="0" addon="0" merge="0" rebuychips="0" reg_code="5065474788"/>
<player seat="6" name="KOPKHUNKRAP" chips="987" dealer="1" win="0" bet="65" muck="1" rebuy="0" addon="0" merge="0" rebuychips="0" reg_code="5065474749"/>
</players>
</general>
<round no="0"><action no="1" player="KOPKHUNKRAP" type="15" sum="5"/>
<action no="2" player="kawabonga84" type="15" discard="1" dealt="1" sum="5"/>
<action no="3" player="KOPKHUNKRAP" type="1" sum="15"/>
<action no="4" player="kawabonga84" type="2" discard="1" dealt="1" sum="30"/>
</round>
<round no="1"><cards type="Pocket" player="kawabonga84">X X</cards>
<cards type="Pocket" player="KOPKHUNKRAP">SJ H9</cards>
<action no="5" player="KOPKHUNKRAP" type="3" sum="15"/>
<action no="6" player="kawabonga84" type="4" discard="1" dealt="1" sum="0"/>
</round>
<round no="2"><cards type="Flop">S6 S4 C4</cards>
<action no="7" player="kawabonga84" type="4" discard="1" dealt="1" sum="0"/>
<action no="8" player="KOPKHUNKRAP" type="4" sum="0"/>
</round>
<round no="3"><cards type="Turn">S10</cards>
<action no="9" player="kawabonga84" type="5" discard="1" dealt="1" sum="30"/>
<action no="10" player="KOPKHUNKRAP" type="3" sum="30"/>
</round>
<round no="4"><cards type="River">H2</cards>
<action no="11" player="kawabonga84" type="5" discard="1" dealt="1" sum="130"/>
<action no="12" player="KOPKHUNKRAP" type="0" sum="0"/>
</round>
</game>
<game gamecode="6502066751"><general><startdate>2025-10-11 12:10:26</startdate>
<round>1</round>
<failsafecounter/>
<players><player seat="6" name="KOPKHUNKRAP" chips="922" dealer="0" win="0" bet="35" muck="1" rebuy="0" addon="0" merge="0" rebuychips="0" reg_code="5065474749"/>
<player seat="10" name="kawabonga84" chips="578" dealer="1" win="70" bet="105" muck="1" rebuy="0" addon="0" merge="0" rebuychips="0" reg_code="5065474788"/>
</players>
</general>
<round no="0"><action no="1" player="kawabonga84" type="15" discard="1" dealt="1" sum="5"/>
<action no="2" player="KOPKHUNKRAP" type="15" sum="5"/>
<action no="3" player="kawabonga84" type="1" discard="1" dealt="1" sum="15"/>
<action no="4" player="KOPKHUNKRAP" type="2" sum="30"/>
</round>
<round no="1"><cards type="Pocket" player="KOPKHUNKRAP">S7 S5</cards>
<cards type="Pocket" player="kawabonga84">X X</cards>
<action no="5" player="kawabonga84" type="3" discard="1" dealt="1" sum="15"/>
<action no="6" player="KOPKHUNKRAP" type="4" sum="0"/>
</round>
<round no="2"><cards type="Flop">S8 HA DA</cards>
<action no="7" player="KOPKHUNKRAP" type="4" sum="0"/>
<action no="8" player="kawabonga84" type="5" discard="1" dealt="1" sum="70"/>
<action no="9" player="KOPKHUNKRAP" type="0" sum="0"/>
</round>
</game>
<game gamecode="6502066769"><general><startdate>2025-10-11 12:10:36</startdate>
<round>1</round>
<failsafecounter/>
<players><player seat="10" name="kawabonga84" chips="613" dealer="0" win="40" bet="35" muck="1" rebuy="0" addon="0" merge="0" rebuychips="0" reg_code="5065474788"/>
<player seat="6" name="KOPKHUNKRAP" chips="887" dealer="1" win="0" bet="20" muck="1" rebuy="0" addon="0" merge="0" rebuychips="0" reg_code="5065474749"/>
</players>
</general>
<round no="0"><action no="1" player="KOPKHUNKRAP" type="15" sum="5"/>
<action no="2" player="kawabonga84" type="15" discard="1" dealt="1" sum="5"/>
<action no="3" player="KOPKHUNKRAP" type="1" sum="15"/>
<action no="4" player="kawabonga84" type="2" discard="1" dealt="1" sum="30"/>
</round>
<round no="1"><cards type="Pocket" player="KOPKHUNKRAP">S3 C10</cards>
<cards type="Pocket" player="kawabonga84">X X</cards>
<action no="5" player="KOPKHUNKRAP" type="0" sum="0"/>
</round>
</game>
<game gamecode="6502066782"><general><startdate>2025-10-11 12:10:42</startdate>
<round>1</round>
<failsafecounter/>
<players><player seat="6" name="KOPKHUNKRAP" chips="867" dealer="0" win="70" bet="867" muck="1" rebuy="0" addon="0" merge="0" rebuychips="0" reg_code="5065474749"/>
<player seat="10" name="kawabonga84" chips="633" dealer="1" win="0" bet="35" muck="1" rebuy="0" addon="0" merge="0" rebuychips="0" reg_code="5065474788"/>
</players>
</general>
<round no="0"><action no="1" player="kawabonga84" type="15" discard="1" dealt="1" sum="5"/>
<action no="2" player="KOPKHUNKRAP" type="15" sum="5"/>
<action no="3" player="kawabonga84" type="1" discard="1" dealt="1" sum="15"/>
<action no="4" player="KOPKHUNKRAP" type="2" sum="30"/>
</round>
<round no="1"><cards type="Pocket" player="kawabonga84">X X</cards>
<cards type="Pocket" player="KOPKHUNKRAP">DA H9</cards>
<action no="5" player="kawabonga84" type="3" discard="1" dealt="1" sum="15"/>
<action no="6" player="KOPKHUNKRAP" type="23" sum="862"/>
<action no="7" player="kawabonga84" type="0" discard="1" dealt="1" sum="0"/>
</round>
</game>
<game gamecode="6502066798"><general><startdate>2025-10-11 12:10:51</startdate>
<round>1</round>
<failsafecounter/>
<players><player seat="10" name="kawabonga84" chips="598" dealer="0" win="130" bet="95" muck="1" rebuy="0" addon="0" merge="0" rebuychips="0" reg_code="5065474788"/>
<player seat="6" name="KOPKHUNKRAP" chips="902" dealer="1" win="0" bet="65" muck="1" rebuy="0" addon="0" merge="0" rebuychips="0" reg_code="5065474749"/>
</players>
</general>
<round no="0"><action no="1" player="KOPKHUNKRAP" type="15" sum="5"/>
<action no="2" player="kawabonga84" type="15" discard="1" dealt="1" sum="5"/>
<action no="3" player="KOPKHUNKRAP" type="1" sum="15"/>
<action no="4" player="kawabonga84" type="2" discard="1" dealt="1" sum="30"/>
</round>
<round no="1"><cards type="Pocket" player="kawabonga84">X X</cards>
<cards type="Pocket" player="KOPKHUNKRAP">H4 C3</cards>
<action no="5" player="KOPKHUNKRAP" type="3" sum="15"/>
<action no="6" player="kawabonga84" type="23" discard="1" dealt="1" sum="60"/>
<action no="7" player="KOPKHUNKRAP" type="3" sum="30"/>
</round>
<round no="2"><cards type="Flop">C10 DQ CJ</cards>
<action no="8" player="kawabonga84" type="5" discard="1" dealt="1" sum="30"/>
<action no="9" player="KOPKHUNKRAP" type="0" sum="0"/>
</round>
</game>
<game gamecode="6502066818"><general><startdate>2025-10-11 12:11:02</startdate>
<round>1</round>
<failsafecounter/>
<players><player seat="6" name="KOPKHUNKRAP" chips="837" dealer="0" win="0" bet="125" muck="1" rebuy="0" addon="0" merge="0" rebuychips="0" reg_code="5065474749"/>
<player seat="10" name="kawabonga84" chips="663" dealer="1" win="250" bet="375" muck="1" rebuy="0" addon="0" merge="0" rebuychips="0" reg_code="5065474788"/>
</players>
</general>
<round no="0"><action no="1" player="kawabonga84" type="15" discard="1" dealt="1" sum="5"/>
<action no="2" player="KOPKHUNKRAP" type="15" sum="5"/>
<action no="3" player="kawabonga84" type="1" discard="1" dealt="1" sum="20"/>
<action no="4" player="KOPKHUNKRAP" type="2" sum="40"/>
</round>
<round no="1"><cards type="Pocket" player="KOPKHUNKRAP">H4 HQ</cards>
<cards type="Pocket" player="kawabonga84">X X</cards>
<action no="5" player="kawabonga84" type="3" discard="1" dealt="1" sum="20"/>
<action no="6" player="KOPKHUNKRAP" type="4" sum="0"/>
</round>
<round no="2"><cards type="Flop">C2 HA DQ</cards>
<action no="7" player="KOPKHUNKRAP" type="4" sum="0"/>
<action no="8" player="kawabonga84" type="5" discard="1" dealt="1" sum="40"/>
<action no="9" player="KOPKHUNKRAP" type="3" sum="40"/>
</round>
<round no="3"><cards type="Turn">C5</cards>
<action no="10" player="KOPKHUNKRAP" type="4" sum="0"/>
<action no="11" player="kawabonga84" type="5" discard="1" dealt="1" sum="40"/>
<action no="12" player="KOPKHUNKRAP" type="3" sum="40"/>
</round>
<round no="4"><cards type="River">C9</cards>
<action no="13" player="KOPKHUNKRAP" type="4" sum="0"/>
<action no="14" player="kawabonga84" type="5" discard="1" dealt="1" sum="250"/>
<action no="15" player="KOPKHUNKRAP" type="0" sum="0"/>
</round>
</game>
<game gamecode="6502071631"><general><startdate>2025-10-11 12:11:20</startdate>
<round>1</round>
<failsafecounter/>
<players><player seat="10" name="kawabonga84" chips="788" dealer="0" win="170" bet="204" muck="1" rebuy="0" addon="0" merge="0" rebuychips="0" reg_code="5065474788"/>
<player seat="6" name="KOPKHUNKRAP" chips="712" dealer="1" win="0" bet="85" muck="1" rebuy="0" addon="0" merge="0" rebuychips="0" reg_code="5065474749"/>
</players>
</general>
<round no="0"><action no="1" player="KOPKHUNKRAP" type="15" sum="5"/>
<action no="2" player="kawabonga84" type="15" discard="1" dealt="1" sum="5"/>
<action no="3" player="KOPKHUNKRAP" type="1" sum="20"/>
<action no="4" player="kawabonga84" type="2" discard="1" dealt="1" sum="40"/>
</round>
<round no="1"><cards type="Pocket" player="kawabonga84">X X</cards>
<cards type="Pocket" player="KOPKHUNKRAP">SA C9</cards>
<action no="5" player="KOPKHUNKRAP" type="3" sum="20"/>
<action no="6" player="kawabonga84" type="4" discard="1" dealt="1" sum="0"/>
</round>
<round no="2"><cards type="Flop">D6 C2 H5</cards>
<action no="7" player="kawabonga84" type="5" discard="1" dealt="1" sum="40"/>
<action no="8" player="KOPKHUNKRAP" type="3" sum="40"/>
</round>
<round no="3"><cards type="Turn">CK</cards>
<action no="9" player="kawabonga84" type="5" discard="1" dealt="1" sum="119"/>
<action no="10" player="KOPKHUNKRAP" type="0" sum="0"/>
</round>
</game>
<game gamecode="6502071649"><general><startdate>2025-10-11 12:11:33</startdate>
<round>1</round>
<failsafecounter/>
<players><player seat="6" name="KOPKHUNKRAP" chips="627" dealer="0" win="135" bet="135" muck="0" rebuy="0" addon="0" merge="0" rebuychips="0" reg_code="5065474749"/>
<player seat="10" name="kawabonga84" chips="873" dealer="1" win="135" bet="135" muck="0" rebuy="0" addon="0" merge="0" rebuychips="0" reg_code="5065474788"/>
</players>
</general>
<round no="0"><action no="1" player="kawabonga84" type="15" discard="1" dealt="1" sum="5"/>
<action no="2" player="KOPKHUNKRAP" type="15" sum="5"/>
<action no="3" player="kawabonga84" type="1" discard="1" dealt="1" sum="20"/>
<action no="4" player="KOPKHUNKRAP" type="2" sum="40"/>
</round>
<round no="1"><cards type="Pocket" player="KOPKHUNKRAP">S9 C5</cards>
<cards type="Pocket" player="kawabonga84">S4 D4</cards>
<action no="5" player="kawabonga84" type="3" discard="1" dealt="1" sum="20"/>
<action no="6" player="KOPKHUNKRAP" type="4" sum="0"/>
</round>
<round no="2"><cards type="Flop">S5 DJ H5</cards>
<action no="7" player="KOPKHUNKRAP" type="4" sum="0"/>
<action no="8" player="kawabonga84" type="4" discard="1" dealt="1" sum="0"/>
</round>
<round no="3"><cards type="Turn">HJ</cards>
<action no="9" player="KOPKHUNKRAP" type="4" sum="0"/>
<action no="10" player="kawabonga84" type="5" discard="1" dealt="1" sum="90"/>
<action no="11" player="KOPKHUNKRAP" type="3" sum="90"/>
</round>
<round no="4"><cards type="River">SJ</cards>
<action no="12" player="KOPKHUNKRAP" type="4" sum="0"/>
<action no="13" player="kawabonga84" type="4" discard="1" dealt="1" sum="0"/>
</round>
</game>
<game gamecode="6502071688"><general><startdate>2025-10-11 12:11:52</startdate>
<round>1</round>
<failsafecounter/>
<players><player seat="10" name="kawabonga84" chips="873" dealer="0" win="50" bet="45" muck="1" rebuy="0" addon="0" merge="0" rebuychips="0" reg_code="5065474788"/>
<player seat="6" name="KOPKHUNKRAP" chips="627" dealer="1" win="0" bet="25" muck="1" rebuy="0" addon="0" merge="0" rebuychips="0" reg_code="5065474749"/>
</players>
</general>
<round no="0"><action no="1" player="KOPKHUNKRAP" type="15" sum="5"/>
<action no="2" player="kawabonga84" type="15" discard="1" dealt="1" sum="5"/>
<action no="3" player="KOPKHUNKRAP" type="1" sum="20"/>
<action no="4" player="kawabonga84" type="2" discard="1" dealt="1" sum="40"/>
</round>
<round no="1"><cards type="Pocket" player="kawabonga84">X X</cards>
<cards type="Pocket" player="KOPKHUNKRAP">H6 S3</cards>
<action no="5" player="KOPKHUNKRAP" type="0" sum="0"/>
</round>
</game>
<game gamecode="6502071702"><general><startdate>2025-10-11 12:11:57</startdate>
<round>1</round>
<failsafecounter/>
<players><player seat="6" name="KOPKHUNKRAP" chips="602" dealer="0" win="0" bet="45" muck="1" rebuy="0" addon="0" merge="0" rebuychips="0" reg_code="5065474749"/>
<player seat="10" name="kawabonga84" chips="898" dealer="1" win="90" bet="135" muck="1" rebuy="0" addon="0" merge="0" rebuychips="0" reg_code="5065474788"/>
</players>
</general>
<round no="0"><action no="1" player="kawabonga84" type="15" discard="1" dealt="1" sum="5"/>
<action no="2" player="KOPKHUNKRAP" type="15" sum="5"/>
<action no="3" player="kawabonga84" type="1" discard="1" dealt="1" sum="20"/>
<action no="4" player="KOPKHUNKRAP" type="2" sum="40"/>
</round>
<round no="1"><cards type="Pocket" player="KOPKHUNKRAP">H6 S3</cards>
<cards type="Pocket" player="kawabonga84">X X</cards>
<action no="5" player="kawabonga84" type="3" discard="1" dealt="1" sum="20"/>
<action no="6" player="KOPKHUNKRAP" type="4" sum="0"/>
</round>
<round no="2"><cards type="Flop">CJ SQ H9</cards>
<action no="7" player="KOPKHUNKRAP" type="4" sum="0"/>
<action no="8" player="kawabonga84" type="4" discard="1" dealt="1" sum="0"/>
</round>
<round no="3"><cards type="Turn">H5</cards>
<action no="9" player="KOPKHUNKRAP" type="4" sum="0"/>
<action no="10" player="kawabonga84" type="4" discard="1" dealt="1" sum="0"/>
</round>
<round no="4"><cards type="River">D10</cards>
<action no="11" player="KOPKHUNKRAP" type="4" sum="0"/>
<action no="12" player="kawabonga84" type="5" discard="1" dealt="1" sum="90"/>
<action no="13" player="KOPKHUNKRAP" type="0" sum="0"/>
</round>
</game>
<game gamecode="6502071734"><general><startdate>2025-10-11 12:12:16</startdate>
<round>1</round>
<failsafecounter/>
<players><player seat="10" name="kawabonga84" chips="943" dealer="0" win="50" bet="45" muck="1" rebuy="0" addon="0" merge="0" rebuychips="0" reg_code="5065474788"/>
<player seat="6" name="KOPKHUNKRAP" chips="557" dealer="1" win="0" bet="25" muck="1" rebuy="0" addon="0" merge="0" rebuychips="0" reg_code="5065474749"/>
</players>
</general>
<round no="0"><action no="1" player="KOPKHUNKRAP" type="15" sum="5"/>
<action no="2" player="kawabonga84" type="15" discard="1" dealt="1" sum="5"/>
<action no="3" player="KOPKHUNKRAP" type="1" sum="20"/>
<action no="4" player="kawabonga84" type="2" discard="1" dealt="1" sum="40"/>
</round>
<round no="1"><cards type="Pocket" player="kawabonga84">X X</cards>
<cards type="Pocket" player="KOPKHUNKRAP">C5 H3</cards>
<action no="5" player="KOPKHUNKRAP" type="0" sum="0"/>
</round>
</game>
<game gamecode="6502071743"><general><startdate>2025-10-11 12:12:21</startdate>
<round>1</round>
<failsafecounter/>
<players><player seat="6" name="KOPKHUNKRAP" chips="532" dealer="0" win="0" bet="85" muck="1" rebuy="0" addon="0" merge="0" rebuychips="0" reg_code="5065474749"/>
<player seat="10" name="kawabonga84" chips="968" dealer="1" win="170" bet="255" muck="1" rebuy="0" addon="0" merge="0" rebuychips="0" reg_code="5065474788"/>
</players>
</general>
<round no="0"><action no="1" player="kawabonga84" type="15" discard="1" dealt="1" sum="5"/>
<action no="2" player="KOPKHUNKRAP" type="15" sum="5"/>
<action no="3" player="kawabonga84" type="1" discard="1" dealt="1" sum="20"/>
<action no="4" player="KOPKHUNKRAP" type="2" sum="40"/>
</round>
<round no="1"><cards type="Pocket" player="kawabonga84">X X</cards>
<cards type="Pocket" player="KOPKHUNKRAP">S8 H9</cards>
<action no="5" player="kawabonga84" type="23" discard="1" dealt="1" sum="80"/>
<action no="6" player="KOPKHUNKRAP" type="3" sum="40"/>
</round>
<round no="2"><cards type="Flop">SA C4 DJ</cards>
<action no="7" player="KOPKHUNKRAP" type="4" sum="0"/>
<action no="8" player="kawabonga84" type="5" discard="1" dealt="1" sum="170"/>
<action no="9" player="KOPKHUNKRAP" type="0" sum="0"/>
</round>
</game>
<game gamecode="6502071762"><general><startdate>2025-10-11 12:12:31</startdate>
<round>1</round>
<failsafecounter/>
<players><player seat="10" name="kawabonga84" chips="1,053" dealer="0" win="50" bet="45" muck="1" rebuy="0" addon="0" merge="0" rebuychips="0" reg_code="5065474788"/>
<player seat="6" name="KOPKHUNKRAP" chips="447" dealer="1" win="0" bet="25" muck="1" rebuy="0" addon="0" merge="0" rebuychips="0" reg_code="5065474749"/>
</players>
</general>
<round no="0"><action no="1" player="KOPKHUNKRAP" type="15" sum="5"/>
<action no="2" player="kawabonga84" type="15" discard="1" dealt="1" sum="5"/>
<action no="3" player="KOPKHUNKRAP" type="1" sum="20"/>
<action no="4" player="kawabonga84" type="2" discard="1" dealt="1" sum="40"/>
</round>
<round no="1"><cards type="Pocket" player="KOPKHUNKRAP">D2 S4</cards>
<cards type="Pocket" player="kawabonga84">X X</cards>
<action no="5" player="KOPKHUNKRAP" type="0" sum="0"/>
</round>
</game>
<game gamecode="6502071770"><general><startdate>2025-10-11 12:12:36</startdate>
<round>1</round>
<failsafecounter/>
<players><player seat="6" name="KOPKHUNKRAP" chips="422" dealer="0" win="0" bet="45" muck="1" rebuy="0" addon="0" merge="0" rebuychips="0" reg_code="5065474749"/>
<player seat="10" name="kawabonga84" chips="1,078" dealer="1" win="90" bet="85" muck="1" rebuy="0" addon="0" merge="0" rebuychips="0" reg_code="5065474788"/>
</players>
</general>
<round no="0"><action no="1" player="kawabonga84" type="15" discard="1" dealt="1" sum="5"/>
<action no="2" player="KOPKHUNKRAP" type="15" sum="5"/>
<action no="3" player="kawabonga84" type="1" discard="1" dealt="1" sum="20"/>
<action no="4" player="KOPKHUNKRAP" type="2" sum="40"/>
</round>
<round no="1"><cards type="Pocket" player="kawabonga84">X X</cards>
<cards type="Pocket" player="KOPKHUNKRAP">S10 C6</cards>
<action no="5" player="kawabonga84" type="23" discard="1" dealt="1" sum="80"/>
<action no="6" player="KOPKHUNKRAP" type="0" sum="0"/>
</round>
</game>
<game gamecode="6502071778"><general><startdate>2025-10-11 12:12:43</startdate>
<round>1</round>
<failsafecounter/>
<players><player seat="10" name="kawabonga84" chips="1,123" dealer="0" win="0" bet="377" muck="1" rebuy="0" addon="0" merge="0" rebuychips="0" reg_code="5065474788"/>
<player seat="6" name="KOPKHUNKRAP" chips="377" dealer="1" win="754" bet="377" muck="0" rebuy="0" addon="0" merge="0" rebuychips="0" reg_code="5065474749"/>
</players>
</general>
<round no="0"><action no="1" player="KOPKHUNKRAP" type="15" sum="5"/>
<action no="2" player="kawabonga84" type="15" discard="1" dealt="1" sum="5"/>
<action no="3" player="KOPKHUNKRAP" type="1" sum="30"/>
<action no="4" player="kawabonga84" type="2" discard="1" dealt="1" sum="60"/>
</round>
<round no="1"><cards type="Pocket" player="kawabonga84">S9 DK</cards>
<cards type="Pocket" player="KOPKHUNKRAP">SK C6</cards>
<action no="5" player="KOPKHUNKRAP" type="23" sum="372"/>
<action no="6" player="kawabonga84" type="3" discard="1" dealt="1" sum="312"/>
</round>
<round no="2"><cards type="Flop">H6 S2 S6</cards>
</round>
<round no="3"><cards type="Turn">D6</cards>
</round>
<round no="4"><cards type="River">S10</cards>
</round>
</game>
<game gamecode="6502071810"><general><startdate>2025-10-11 12:12:58</startdate>
<round>1</round>
<failsafecounter/>
<players><player seat="6" name="KOPKHUNKRAP" chips="754" dealer="0" win="390" bet="754" muck="1" rebuy="0" addon="0" merge="0" rebuychips="0" reg_code="5065474749"/>
<player seat="10" name="kawabonga84" chips="746" dealer="1" win="0" bet="195" muck="1" rebuy="0" addon="0" merge="0" rebuychips="0" reg_code="5065474788"/>
</players>
</general>
<round no="0"><action no="1" player="kawabonga84" type="15" discard="1" dealt="1" sum="5"/>
<action no="2" player="KOPKHUNKRAP" type="15" sum="5"/>
<action no="3" player="kawabonga84" type="1" discard="1" dealt="1" sum="30"/>
<action no="4" player="KOPKHUNKRAP" type="2" sum="60"/>
</round>
<round no="1"><cards type="Pocket" player="KOPKHUNKRAP">C7 D4</cards>
<cards type="Pocket" player="kawabonga84">X X</cards>
<action no="5" player="kawabonga84" type="3" discard="1" dealt="1" sum="30"/>
<action no="6" player="KOPKHUNKRAP" type="4" sum="0"/>
</round>
<round no="2"><cards type="Flop">C3 DQ C6</cards>
<action no="7" player="KOPKHUNKRAP" type="4" sum="0"/>
<action no="8" player="kawabonga84" type="4" discard="1" dealt="1" sum="0"/>
</round>
<round no="3"><cards type="Turn">S5</cards>
<action no="9" player="KOPKHUNKRAP" type="4" sum="0"/>
<action no="10" player="kawabonga84" type="4" discard="1" dealt="1" sum="0"/>
</round>
<round no="4"><cards type="River">DJ</cards>
<action no="11" player="KOPKHUNKRAP" type="4" sum="0"/>
<action no="12" player="kawabonga84" type="5" discard="1" dealt="1" sum="130"/>
<action no="13" player="KOPKHUNKRAP" type="23" sum="689"/>
<action no="14" player="kawabonga84" type="0" discard="1" dealt="1" sum="0"/>
</round>
</game>
<game gamecode="6502071843"><general><startdate>2025-10-11 12:13:18</startdate>
<round>1</round>
<failsafecounter/>
<players><player seat="10" name="kawabonga84" chips="551" dealer="0" win="0" bet="65" muck="1" rebuy="0" addon="0" merge="0" rebuychips="0" reg_code="5065474788"/>
<player seat="6" name="KOPKHUNKRAP" chips="949" dealer="1" win="130" bet="125" muck="1" rebuy="0" addon="0" merge="0" rebuychips="0" reg_code="5065474749"/>
</players>
</general>
<round no="0"><action no="1" player="KOPKHUNKRAP" type="15" sum="5"/>
<action no="2" player="kawabonga84" type="15" discard="1" dealt="1" sum="5"/>
<action no="3" player="KOPKHUNKRAP" type="1" sum="30"/>
<action no="4" player="kawabonga84" type="2" discard="1" dealt="1" sum="60"/>
</round>
<round no="1"><cards type="Pocket" player="KOPKHUNKRAP">SJ C6</cards>
<cards type="Pocket" player="kawabonga84">X X</cards>
<action no="5" player="KOPKHUNKRAP" type="3" sum="30"/>
<action no="6" player="kawabonga84" type="4" discard="1" dealt="1" sum="0"/>
</round>
<round no="2"><cards type="Flop">DJ C3 S8</cards>
<action no="7" player="kawabonga84" type="4" discard="1" dealt="1" sum="0"/>
<action no="8" player="KOPKHUNKRAP" type="4" sum="0"/>
</round>
<round no="3"><cards type="Turn">DK</cards>
<action no="9" player="kawabonga84" type="4" discard="1" dealt="1" sum="0"/>
<action no="10" player="KOPKHUNKRAP" type="4" sum="0"/>
</round>
<round no="4"><cards type="River">D3</cards>
<action no="11" player="kawabonga84" type="4" discard="1" dealt="1" sum="0"/>
<action no="12" player="KOPKHUNKRAP" type="5" sum="60"/>
<action no="13" player="kawabonga84" type="0" discard="1" dealt="1" sum="0"/>
</round>
</game>
<game gamecode="6502071874"><general><startdate>2025-10-11 12:13:33</startdate>
<round>1</round>
<failsafecounter/>
<players><player seat="6" name="KOPKHUNKRAP" chips="1,014" dealer="0" win="130" bet="1,014" muck="1" rebuy="0" addon="0" merge="0" rebuychips="0" reg_code="5065474749"/>
<player seat="10" name="kawabonga84" chips="486" dealer="1" win="0" bet="65" muck="1" rebuy="0" addon="0" merge="0" rebuychips="0" reg_code="5065474788"/>
</players>
</general>
<round no="0"><action no="1" player="kawabonga84" type="15" discard="1" dealt="1" sum="5"/>
<action no="2" player="KOPKHUNKRAP" type="15" sum="5"/>
<action no="3" player="kawabonga84" type="1" discard="1" dealt="1" sum="30"/>
<action no="4" player="KOPKHUNKRAP" type="2" sum="60"/>
</round>
<round no="1"><cards type="Pocket" player="kawabonga84">X X</cards>
<cards type="Pocket" player="KOPKHUNKRAP">DK C5</cards>
<action no="5" player="kawabonga84" type="3" discard="1" dealt="1" sum="30"/>
<action no="6" player="KOPKHUNKRAP" type="23" sum="1,009"/>
<action no="7" player="kawabonga84" type="0" discard="1" dealt="1" sum="0"/>
</round>
</game>
<game gamecode="6502071891"><general><startdate>2025-10-11 12:13:41</startdate>
<round>1</round>
<failsafecounter/>
<players><player seat="10" name="kawabonga84" chips="421" dealer="0" win="0" bet="65" muck="1" rebuy="0" addon="0" merge="0" rebuychips="0" reg_code="5065474788"/>
<player seat="6" name="KOPKHUNKRAP" chips="1,079" dealer="1" win="130" bet="1,079" muck="1" rebuy="0" addon="0" merge="0" rebuychips="0" reg_code="5065474749"/>
</players>
</general>
<round no="0"><action no="1" player="KOPKHUNKRAP" type="15" sum="5"/>
<action no="2" player="kawabonga84" type="15" discard="1" dealt="1" sum="5"/>
<action no="3" player="KOPKHUNKRAP" type="1" sum="30"/>
<action no="4" player="kawabonga84" type="2" discard="1" dealt="1" sum="60"/>
</round>
<round no="1"><cards type="Pocket" player="kawabonga84">X X</cards>
<cards type="Pocket" player="KOPKHUNKRAP">D10 CK</cards>
<action no="5" player="KOPKHUNKRAP" type="23" sum="1,074"/>
<action no="6" player="kawabonga84" type="0" discard="1" dealt="1" sum="0"/>
</round>
</game>
<game gamecode="6502071906"><general><startdate>2025-10-11 12:13:48</startdate>
<round>1</round>
<failsafecounter/>
<players><player seat="6" name="KOPKHUNKRAP" chips="1,144" dealer="0" win="70" bet="65" muck="1" rebuy="0" addon="0" merge="0" rebuychips="0" reg_code="5065474749"/>
<player seat="10" name="kawabonga84" chips="356" dealer="1" win="0" bet="35" muck="1" rebuy="0" addon="0" merge="0" rebuychips="0" reg_code="5065474788"/>
</players>
</general>
<round no="0"><action no="1" player="kawabonga84" type="15" discard="1" dealt="1" sum="5"/>
<action no="2" player="KOPKHUNKRAP" type="15" sum="5"/>
<action no="3" player="kawabonga84" type="1" discard="1" dealt="1" sum="30"/>
<action no="4" player="KOPKHUNKRAP" type="2" sum="60"/>
</round>
<round no="1"><cards type="Pocket" player="KOPKHUNKRAP">H6 C5</cards>
<cards type="Pocket" player="kawabonga84">X X</cards>
<action no="5" player="kawabonga84" type="0" discard="1" dealt="1" sum="0"/>
</round>
</game>
<game gamecode="6502071917"><general><startdate>2025-10-11 12:13:53</startdate>
<round>1</round>
<failsafecounter/>
<players><player seat="10" name="kawabonga84" chips="321" dealer="0" win="0" bet="65" muck="1" rebuy="0" addon="0" merge="0" rebuychips="0" reg_code="5065474788"/>
<player seat="6" name="KOPKHUNKRAP" chips="1,179" dealer="1" win="130" bet="1,179" muck="1" rebuy="0" addon="0" merge="0" rebuychips="0" reg_code="5065474749"/>
</players>
</general>
<round no="0"><action no="1" player="KOPKHUNKRAP" type="15" sum="5"/>
<action no="2" player="kawabonga84" type="15" discard="1" dealt="1" sum="5"/>
<action no="3" player="KOPKHUNKRAP" type="1" sum="30"/>
<action no="4" player="kawabonga84" type="2" discard="1" dealt="1" sum="60"/>
</round>
<round no="1"><cards type="Pocket" player="kawabonga84">X X</cards>
<cards type="Pocket" player="KOPKHUNKRAP">SQ S9</cards>
<action no="5" player="KOPKHUNKRAP" type="23" sum="1,174"/>
<action no="6" player="kawabonga84" type="0" discard="1" dealt="1" sum="0"/>
</round>
</game>
<game gamecode="6502071929"><general><startdate>2025-10-11 12:14:01</startdate>
<round>1</round>
<failsafecounter/>
<players><player seat="6" name="KOPKHUNKRAP" chips="1,244" dealer="0" win="0" bet="256" muck="1" rebuy="0" addon="0" merge="0" rebuychips="0" reg_code="5065474749"/>
<player seat="10" name="kawabonga84" chips="256" dealer="1" win="512" bet="256" muck="0" rebuy="0" addon="0" merge="0" rebuychips="0" reg_code="5065474788"/>
</players>
</general>
<round no="0"><action no="1" player="kawabonga84" type="15" discard="1" dealt="1" sum="5"/>
<action no="2" player="KOPKHUNKRAP" type="15" sum="5"/>
<action no="3" player="kawabonga84" type="1" discard="1" dealt="1" sum="30"/>
<action no="4" player="KOPKHUNKRAP" type="2" sum="60"/>
</round>
<round no="1"><cards type="Pocket" player="kawabonga84">C9 S9</cards>
<cards type="Pocket" player="KOPKHUNKRAP">C5 D10</cards>
<action no="5" player="kawabonga84" type="23" discard="1" dealt="1" sum="251"/>
<action no="6" player="KOPKHUNKRAP" type="3" sum="191"/>
</round>
<round no="2"><cards type="Flop">HJ C3 CQ</cards>
</round>
<round no="3"><cards type="Turn">D3</cards>
</round>
<round no="4"><cards type="River">S3</cards>
</round>
</game>
<game gamecode="6502071964"><general><startdate>2025-10-11 12:14:19</startdate>
<round>1</round>
<failsafecounter/>
<players><player seat="10" name="kawabonga84" chips="512" dealer="0" win="0" bet="65" muck="1" rebuy="0" addon="0" merge="0" rebuychips="0" reg_code="5065474788"/>
<player seat="6" name="KOPKHUNKRAP" chips="988" dealer="1" win="130" bet="988" muck="1" rebuy="0" addon="0" merge="0" rebuychips="0" reg_code="5065474749"/>
</players>
</general>
<round no="0"><action no="1" player="KOPKHUNKRAP" type="15" sum="5"/>
<action no="2" player="kawabonga84" type="15" discard="1" dealt="1" sum="5"/>
<action no="3" player="KOPKHUNKRAP" type="1" sum="30"/>
<action no="4" player="kawabonga84" type="2" discard="1" dealt="1" sum="60"/>
</round>
<round no="1"><cards type="Pocket" player="kawabonga84">X X</cards>
<cards type="Pocket" player="KOPKHUNKRAP">S8 SA</cards>
<action no="5" player="KOPKHUNKRAP" type="23" sum="983"/>
<action no="6" player="kawabonga84" type="0" discard="1" dealt="1" sum="0"/>
</round>
</game>
<game gamecode="6502071980"><general><startdate>2025-10-11 12:14:26</startdate>
<round>1</round>
<failsafecounter/>
<players><player seat="6" name="KOPKHUNKRAP" chips="1,053" dealer="0" win="176" bet="1,053" muck="1" rebuy="0" addon="0" merge="0" rebuychips="0" reg_code="5065474749"/>
<player seat="10" name="kawabonga84" chips="447" dealer="1" win="0" bet="88" muck="1" rebuy="0" addon="0" merge="0" rebuychips="0" reg_code="5065474788"/>
</players>
</general>
<round no="0"><action no="1" player="kawabonga84" type="15" discard="1" dealt="1" sum="8"/>
<action no="2" player="KOPKHUNKRAP" type="15" sum="8"/>
<action no="3" player="kawabonga84" type="1" discard="1" dealt="1" sum="40"/>
<action no="4" player="KOPKHUNKRAP" type="2" sum="80"/>
</round>
<round no="1"><cards type="Pocket" player="kawabonga84">X X</cards>
<cards type="Pocket" player="KOPKHUNKRAP">SA C3</cards>
<action no="5" player="kawabonga84" type="3" discard="1" dealt="1" sum="40"/>
<action no="6" player="KOPKHUNKRAP" type="23" sum="1,045"/>
<action no="7" player="kawabonga84" type="0" discard="1" dealt="1" sum="0"/>
</round>
</game>
<game gamecode="6502071996"><general><startdate>2025-10-11 12:14:34</startdate>
<round>1</round>
<failsafecounter/>
<players><player seat="10" name="kawabonga84" chips="359" dealer="0" win="0" bet="88" muck="1" rebuy="0" addon="0" merge="0" rebuychips="0" reg_code="5065474788"/>
<player seat="6" name="KOPKHUNKRAP" chips="1,141" dealer="1" win="176" bet="1,141" muck="1" rebuy="0" addon="0" merge="0" rebuychips="0" reg_code="5065474749"/>
</players>
</general>
<round no="0"><action no="1" player="KOPKHUNKRAP" type="15" sum="8"/>
<action no="2" player="kawabonga84" type="15" discard="1" dealt="1" sum="8"/>
<action no="3" player="KOPKHUNKRAP" type="1" sum="40"/>
<action no="4" player="kawabonga84" type="2" discard="1" dealt="1" sum="80"/>
</round>
<round no="1"><cards type="Pocket" player="kawabonga84">X X</cards>
<cards type="Pocket" player="KOPKHUNKRAP">HA HQ</cards>
<action no="5" player="KOPKHUNKRAP" type="23" sum="1,133"/>
<action no="6" player="kawabonga84" type="0" discard="1" dealt="1" sum="0"/>
</round>
</game>
<game gamecode="6502072017"><general><startdate>2025-10-11 12:14:41</startdate>
<round>1</round>
<failsafecounter/>
<players><player seat="6" name="KOPKHUNKRAP" chips="1,229" dealer="0" win="542" bet="271" muck="0" rebuy="0" addon="0" merge="0" rebuychips="0" reg_code="5065474749"/>
<player seat="10" name="kawabonga84" chips="271" dealer="1" win="0" bet="271" muck="0" rebuy="0" addon="0" merge="0" rebuychips="0" reg_code="5065474788"/>
</players>
</general>
<round no="0"><action no="1" player="kawabonga84" type="15" discard="1" dealt="1" sum="8"/>
<action no="2" player="KOPKHUNKRAP" type="15" sum="8"/>
<action no="3" player="kawabonga84" type="1" discard="1" dealt="1" sum="40"/>
<action no="4" player="KOPKHUNKRAP" type="2" sum="80"/>
</round>
<round no="1"><cards type="Pocket" player="KOPKHUNKRAP">S5 S7</cards>
<cards type="Pocket" player="kawabonga84">DK DQ</cards>
<action no="5" player="kawabonga84" type="23" discard="1" dealt="1" sum="263"/>
<action no="6" player="KOPKHUNKRAP" type="3" sum="183"/>
</round>
<round no="2"><cards type="Flop">S2 D8 D3</cards>
</round>
<round no="3"><cards type="Turn">H9</cards>
</round>
<round no="4"><cards type="River">C7</cards>
</round>
</game>
</session>
