<?xml version="1.0" encoding="UTF-8"?>
<session sessioncode="5065496681">
<general>
<client_version>24.3.1.9</client_version>
<mode>real</mode>
<gametype>Holdem NL</gametype>
<tablename>Twister €200 SNG, 819493939</tablename>
<tournamentcode>819493938</tournamentcode>
<tournamentname>Twister €200 SNG</tournamentname>
<buyin>€0 + €12 + €188</buyin>
<totalbuyin>€200</totalbuyin>
<rewarddrawn>€600</rewarddrawn>
<tournamentcurrency>EUR</tournamentcurrency>
<currency>EUR</currency>
<nickname>KOPKHUNKRAP</nickname>
<gamecount>11</gamecount>
<startdate>2025-10-11 14:28:40</startdate>
<place>3</place>
<win>€0</win>
<tablesize>3</tablesize>
</general>
<game gamecode="6502157187"><general><startdate>2025-10-11 14:28:55</startdate>
<round>1</round>
<failsafecounter/>
<players><player seat="6" name="SuBandiduu" chips="500" dealer="0" win="0" bet="20" muck="1" rebuy="0" addon="0" merge="0" rebuychips="0" reg_code="5065496268"/>
<player seat="10" name="KOPKHUNKRAP" chips="500" dealer="1" win="50" bet="40" muck="1" rebuy="0" addon="0" merge="0" rebuychips="0" reg_code="5065496681"/>
<player seat="3" name="Ofiorbe74" chips="500" dealer="0" win="0" bet="10" muck="1" rebuy="0" addon="0" merge="0" rebuychips="0" reg_code="5065494954"/>
</players>
</general>
<round no="0"><action no="1" player="Ofiorbe74" type="1" discard="1" dealt="1" sum="10"/>
<action no="2" player="SuBandiduu" type="2" discard="1" dealt="1" sum="20"/>
</round>
<round no="1"><cards type="Pocket" player="KOPKHUNKRAP">SA C8</cards>
<cards type="Pocket" player="Ofiorbe74">X X</cards>
<cards type="Pocket" player="SuBandiduu">X X</cards>
<action no="3" player="KOPKHUNKRAP" type="23" sum="40"/>
<action no="4" player="Ofiorbe74" type="0" discard="1" dealt="1" sum="0"/>
<action no="5" player="SuBandiduu" type="0" discard="1" dealt="1" sum="0"/>
</round>
</game>
<game gamecode="6502157222"><general><startdate>2025-10-11 14:29:10</startdate>
<round>1</round>
<failsafecounter/>
<players><player seat="10" name="KOPKHUNKRAP" chips="530" dealer="0" win="0" bet="100" muck="1" rebuy="0" addon="0" merge="0" rebuychips="0" reg_code="5065496681"/>
<player seat="3" name="Ofiorbe74" chips="490" dealer="1" win="0" bet="0" muck="1" rebuy="0" addon="0" merge="0" rebuychips="0" reg_code="5065494954"/>
<player seat="6" name="SuBandiduu" chips="480" dealer="0" win="200" bet="200" muck="1" rebuy="0" addon="0" merge="0" rebuychips="0" reg_code="5065496268"/>
</players>
</general>
<round no="0"><action no="1" player="SuBandiduu" type="1" discard="1" dealt="1" sum="10"/>
<action no="2" player="KOPKHUNKRAP" type="2" sum="20"/>
</round>
<round no="1"><cards type="Pocket" player="Ofiorbe74">X X</cards>
<cards type="Pocket" player="KOPKHUNKRAP">S5 S7</cards>
<cards type="Pocket" player="SuBandiduu">X X</cards>
<action no="3" player="Ofiorbe74" type="0" discard="1" dealt="1" sum="0"/>
<action no="4" player="SuBandiduu" type="23" discard="1" dealt="1" sum="50"/>
<action no="5" player="KOPKHUNKRAP" type="3" sum="30"/>
</round>
<round no="2"><cards type="Flop">DJ SA C7</cards>
<action no="6" player="SuBandiduu" type="5" discard="1" dealt="1" sum="50"/>
<action no="7" player="KOPKHUNKRAP" type="3" sum="50"/>
</round>
<round no="3"><cards type="Turn">HA</cards>
<action no="8" player="SuBandiduu" type="5" discard="1" dealt="1" sum="100"/>
<action no="9" player="KOPKHUNKRAP" type="0" sum="0"/>
</round>
</game>
<game gamecode="6502157313"><general><startdate>2025-10-11 14:29:52</startdate>
<round>1</round>
<failsafecounter/>
<players><player seat="3" name="Ofiorbe74" chips="490" dealer="0" win="20" bet="20" muck="1" rebuy="0" addon="0" merge="0" rebuychips="0" reg_code="5065494954"/>
<player seat="6" name="SuBandiduu" chips="580" dealer="1" win="0" bet="0" muck="1" rebuy="0" addon="0" merge="0" rebuychips="0" reg_code="5065496268"/>
<player seat="10" name="KOPKHUNKRAP" chips="430" dealer="0" win="0" bet="10" muck="1" rebuy="0" addon="0" merge="0" rebuychips="0" reg_code="5065496681"/>
</players>
</general>
<round no="0"><action no="1" player="KOPKHUNKRAP" type="1" sum="10"/>
<action no="2" player="Ofiorbe74" type="2" discard="1" dealt="1" sum="20"/>
</round>
<round no="1"><cards type="Pocket" player="SuBandiduu">X X</cards>
<cards type="Pocket" player="KOPKHUNKRAP">C5 HQ</cards>
<cards type="Pocket" player="Ofiorbe74">X X</cards>
<action no="3" player="SuBandiduu" type="0" discard="1" dealt="1" sum="0"/>
<action no="4" player="KOPKHUNKRAP" type="0" sum="0"/>
</round>
</game>
<game gamecode="6502157353"><general><startdate>2025-10-11 14:30:05</startdate>
<round>1</round>
<failsafecounter/>
<players><player seat="6" name="SuBandiduu" chips="580" dealer="0" win="80" bet="100" muck="1" rebuy="0" addon="0" merge="0" rebuychips="0" reg_code="5065496268"/>
<player seat="10" name="KOPKHUNKRAP" chips="420" dealer="1" win="0" bet="0" muck="1" rebuy="0" addon="0" merge="0" rebuychips="0" reg_code="5065496681"/>
<player seat="3" name="Ofiorbe74" chips="500" dealer="0" win="0" bet="40" muck="1" rebuy="0" addon="0" merge="0" rebuychips="0" reg_code="5065494954"/>
</players>
</general>
<round no="0"><action no="1" player="Ofiorbe74" type="1" discard="1" dealt="1" sum="10"/>
<action no="2" player="SuBandiduu" type="2" discard="1" dealt="1" sum="20"/>
</round>
<round no="1"><cards type="Pocket" player="SuBandiduu">X X</cards>
<cards type="Pocket" player="KOPKHUNKRAP">SA C4</cards>
<cards type="Pocket" player="Ofiorbe74">X X</cards>
<action no="3" player="KOPKHUNKRAP" type="0" sum="0"/>
<action no="4" player="Ofiorbe74" type="3" discard="1" dealt="1" sum="10"/>
<action no="5" player="SuBandiduu" type="4" discard="1" dealt="1" sum="0"/>
</round>
<round no="2"><cards type="Flop">DQ CK DA</cards>
<action no="6" player="Ofiorbe74" type="5" discard="1" dealt="1" sum="20"/>
<action no="7" player="SuBandiduu" type="3" discard="1" dealt="1" sum="20"/>
</round>
<round no="3"><cards type="Turn">C9</cards>
<action no="8" player="Ofiorbe74" type="4" discard="1" dealt="1" sum="0"/>
<action no="9" player="SuBandiduu" type="5" discard="1" dealt="1" sum="60"/>
<action no="10" player="Ofiorbe74" type="0" discard="1" dealt="1" sum="0"/>
</round>
</game>
<game gamecode="6502162664"><general><startdate>2025-10-11 14:30:48</startdate>
<round>1</round>
<failsafecounter/>
<players><player seat="10" name="KOPKHUNKRAP" chips="420" dealer="0" win="0" bet="95" muck="1" rebuy="0" addon="0" merge="0" rebuychips="0" reg_code="5065496681"/>
<player seat="3" name="Ofiorbe74" chips="460" dealer="1" win="0" bet="5" muck="1" rebuy="0" addon="0" merge="0" rebuychips="0" reg_code="5065494954"/>
<player seat="6" name="SuBandiduu" chips="620" dealer="0" win="195" bet="241" muck="1" rebuy="0" addon="0" merge="0" rebuychips="0" reg_code="5065496268"/>
</players>
</general>
<round no="0"><action no="1" player="SuBandiduu" type="15" discard="1" dealt="1" sum="5"/>
<action no="2" player="KOPKHUNKRAP" type="15" sum="5"/>
<action no="3" player="Ofiorbe74" type="15" discard="1" dealt="1" sum="5"/>
<action no="4" player="SuBandiduu" type="1" discard="1" dealt="1" sum="15"/>
<action no="5" player="KOPKHUNKRAP" type="2" sum="30"/>
</round>
<round no="1"><cards type="Pocket" player="Ofiorbe74">X X</cards>
<cards type="Pocket" player="SuBandiduu">X X</cards>
<cards type="Pocket" player="KOPKHUNKRAP">H4 D6</cards>
<action no="6" player="Ofiorbe74" type="0" discard="1" dealt="1" sum="0"/>
<action no="7" player="SuBandiduu" type="3" discard="1" dealt="1" sum="15"/>
<action no="8" player="KOPKHUNKRAP" type="4" sum="0"/>
</round>
<round no="2"><cards type="Flop">C6 D2 S8</cards>
<action no="9" player="SuBandiduu" type="4" discard="1" dealt="1" sum="0"/>
<action no="10" player="KOPKHUNKRAP" type="4" sum="0"/>
</round>
<round no="3"><cards type="Turn">CJ</cards>
<action no="11" player="SuBandiduu" type="5" discard="1" dealt="1" sum="60"/>
<action no="12" player="KOPKHUNKRAP" type="3" sum="60"/>
</round>
<round no="4"><cards type="River">CA</cards>
<action no="13" player="SuBandiduu" type="5" discard="1" dealt="1" sum="146"/>
<action no="14" player="KOPKHUNKRAP" type="0" sum="0"/>
</round>
</game>
<game gamecode="6502162746"><general><startdate>2025-10-11 14:31:22</startdate>
<round>1</round>
<failsafecounter/>
<players><player seat="3" name="Ofiorbe74" chips="455" dealer="0" win="45" bet="35" muck="1" rebuy="0" addon="0" merge="0" rebuychips="0" reg_code="5065494954"/>
<player seat="6" name="SuBandiduu" chips="720" dealer="1" win="0" bet="5" muck="1" rebuy="0" addon="0" merge="0" rebuychips="0" reg_code="5065496268"/>
<player seat="10" name="KOPKHUNKRAP" chips="325" dealer="0" win="0" bet="20" muck="1" rebuy="0" addon="0" merge="0" rebuychips="0" reg_code="5065496681"/>
</players>
</general>
<round no="0"><action no="1" player="KOPKHUNKRAP" type="15" sum="5"/>
<action no="2" player="Ofiorbe74" type="15" discard="1" dealt="1" sum="5"/>
<action no="3" player="SuBandiduu" type="15" discard="1" dealt="1" sum="5"/>
<action no="4" player="KOPKHUNKRAP" type="1" sum="15"/>
<action no="5" player="Ofiorbe74" type="2" discard="1" dealt="1" sum="30"/>
</round>
<round no="1"><cards type="Pocket" player="KOPKHUNKRAP">H4 S10</cards>
<cards type="Pocket" player="Ofiorbe74">X X</cards>
<cards type="Pocket" player="SuBandiduu">X X</cards>
<action no="6" player="SuBandiduu" type="0" discard="1" dealt="1" sum="0"/>
<action no="7" player="KOPKHUNKRAP" type="0" sum="0"/>
</round>
</game>
<game gamecode="6502162765"><general><startdate>2025-10-11 14:31:30</startdate>
<round>1</round>
<failsafecounter/>
<players><player seat="6" name="SuBandiduu" chips="715" dealer="0" win="45" bet="35" muck="1" rebuy="0" addon="0" merge="0" rebuychips="0" reg_code="5065496268"/>
<player seat="10" name="KOPKHUNKRAP" chips="305" dealer="1" win="0" bet="5" muck="1" rebuy="0" addon="0" merge="0" rebuychips="0" reg_code="5065496681"/>
<player seat="3" name="Ofiorbe74" chips="480" dealer="0" win="0" bet="20" muck="1" rebuy="0" addon="0" merge="0" rebuychips="0" reg_code="5065494954"/>
</players>
</general>
<round no="0"><action no="1" player="Ofiorbe74" type="15" discard="1" dealt="1" sum="5"/>
<action no="2" player="SuBandiduu" type="15" discard="1" dealt="1" sum="5"/>
<action no="3" player="KOPKHUNKRAP" type="15" sum="5"/>
<action no="4" player="Ofiorbe74" type="1" discard="1" dealt="1" sum="15"/>
<action no="5" player="SuBandiduu" type="2" discard="1" dealt="1" sum="30"/>
</round>
<round no="1"><cards type="Pocket" player="Ofiorbe74">X X</cards>
<cards type="Pocket" player="SuBandiduu">X X</cards>
<cards type="Pocket" player="KOPKHUNKRAP">HJ S5</cards>
<action no="6" player="KOPKHUNKRAP" type="0" sum="0"/>
<action no="7" player="Ofiorbe74" type="0" discard="1" dealt="1" sum="0"/>
</round>
</game>
<game gamecode="6502162800"><general><startdate>2025-10-11 14:31:48</startdate>
<round>1</round>
<failsafecounter/>
<players><player seat="10" name="KOPKHUNKRAP" chips="300" dealer="0" win="0" bet="35" muck="1" rebuy="0" addon="0" merge="0" rebuychips="0" reg_code="5065496681"/>
<player seat="3" name="Ofiorbe74" chips="460" dealer="1" win="90" bet="460" muck="1" rebuy="0" addon="0" merge="0" rebuychips="0" reg_code="5065494954"/>
<player seat="6" name="SuBandiduu" chips="740" dealer="0" win="0" bet="20" muck="1" rebuy="0" addon="0" merge="0" rebuychips="0" reg_code="5065496268"/>
</players>
</general>
<round no="0"><action no="1" player="SuBandiduu" type="15" discard="1" dealt="1" sum="5"/>
<action no="2" player="KOPKHUNKRAP" type="15" sum="5"/>
<action no="3" player="Ofiorbe74" type="15" discard="1" dealt="1" sum="5"/>
<action no="4" player="SuBandiduu" type="1" discard="1" dealt="1" sum="15"/>
<action no="5" player="KOPKHUNKRAP" type="2" sum="30"/>
</round>
<round no="1"><cards type="Pocket" player="SuBandiduu">X X</cards>
<cards type="Pocket" player="Ofiorbe74">X X</cards>
<cards type="Pocket" player="KOPKHUNKRAP">S5 H7</cards>
<action no="6" player="Ofiorbe74" type="23" discard="1" dealt="1" sum="455"/>
<action no="7" player="SuBandiduu" type="0" discard="1" dealt="1" sum="0"/>
<action no="8" player="KOPKHUNKRAP" type="0" sum="0"/>
</round>
</game>
<game gamecode="6502162817"><general><startdate>2025-10-11 14:31:59</startdate>
<round>1</round>
<failsafecounter/>
<players><player seat="3" name="Ofiorbe74" chips="515" dealer="0" win="0" bet="35" muck="1" rebuy="0" addon="0" merge="0" rebuychips="0" reg_code="5065494954"/>
<player seat="6" name="SuBandiduu" chips="720" dealer="1" win="0" bet="5" muck="1" rebuy="0" addon="0" merge="0" rebuychips="0" reg_code="5065496268"/>
<player seat="10" name="KOPKHUNKRAP" chips="265" dealer="0" win="75" bet="265" muck="1" rebuy="0" addon="0" merge="0" rebuychips="0" reg_code="5065496681"/>
</players>
</general>
<round no="0"><action no="1" player="KOPKHUNKRAP" type="15" sum="5"/>
<action no="2" player="Ofiorbe74" type="15" discard="1" dealt="1" sum="5"/>
<action no="3" player="SuBandiduu" type="15" discard="1" dealt="1" sum="5"/>
<action no="4" player="KOPKHUNKRAP" type="1" sum="15"/>
<action no="5" player="Ofiorbe74" type="2" discard="1" dealt="1" sum="30"/>
</round>
<round no="1"><cards type="Pocket" player="Ofiorbe74">X X</cards>
<cards type="Pocket" player="KOPKHUNKRAP">SA HA</cards>
<cards type="Pocket" player="SuBandiduu">X X</cards>
<action no="6" player="SuBandiduu" type="0" discard="1" dealt="1" sum="0"/>
<action no="7" player="KOPKHUNKRAP" type="23" sum="260"/>
<action no="8" player="Ofiorbe74" type="0" discard="1" dealt="1" sum="0"/>
</round>
</game>
<game gamecode="6502162852"><general><startdate>2025-10-11 14:32:13</startdate>
<round>1</round>
<failsafecounter/>
<players><player seat="6" name="SuBandiduu" chips="715" dealer="0" win="45" bet="35" muck="1" rebuy="0" addon="0" merge="0" rebuychips="0" reg_code="5065496268"/>
<player seat="10" name="KOPKHUNKRAP" chips="305" dealer="1" win="0" bet="5" muck="1" rebuy="0" addon="0" merge="0" rebuychips="0" reg_code="5065496681"/>
<player seat="3" name="Ofiorbe74" chips="480" dealer="0" win="0" bet="20" muck="1" rebuy="0" addon="0" merge="0" rebuychips="0" reg_code="5065494954"/>
</players>
</general>
<round no="0"><action no="1" player="Ofiorbe74" type="15" discard="1" dealt="1" sum="5"/>
<action no="2" player="SuBandiduu" type="15" discard="1" dealt="1" sum="5"/>
<action no="3" player="KOPKHUNKRAP" type="15" sum="5"/>
<action no="4" player="Ofiorbe74" type="1" discard="1" dealt="1" sum="15"/>
<action no="5" player="SuBandiduu" type="2" discard="1" dealt="1" sum="30"/>
</round>
<round no="1"><cards type="Pocket" player="Ofiorbe74">X X</cards>
<cards type="Pocket" player="SuBandiduu">X X</cards>
<cards type="Pocket" player="KOPKHUNKRAP">S7 D5</cards>
<action no="6" player="KOPKHUNKRAP" type="0" sum="0"/>
<action no="7" player="Ofiorbe74" type="0" discard="1" dealt="1" sum="0"/>
</round>
</game>
<game gamecode="6502162868"><general><startdate>2025-10-11 14:32:20</startdate>
<round>1</round>
<failsafecounter/>
<players><player seat="10" name="KOPKHUNKRAP" chips="300" dealer="0" win="0" bet="300" muck="0" rebuy="0" addon="0" merge="0" rebuychips="0" reg_code="5065496681"/>
<player seat="3" name="Ofiorbe74" chips="460" dealer="1" win="0" bet="5" muck="1" rebuy="0" addon="0" merge="0" rebuychips="0" reg_code="5065494954"/>
<player seat="6" name="SuBandiduu" chips="740" dealer="0" win="605" bet="740" muck="0" rebuy="0" addon="0" merge="0" rebuychips="0" reg_code="5065496268"/>
</players>
</general>
<round no="0"><action no="1" player="SuBandiduu" type="15" discard="1" dealt="1" sum="5"/>
<action no="2" player="KOPKHUNKRAP" type="15" sum="5"/>
<action no="3" player="Ofiorbe74" type="15" discard="1" dealt="1" sum="5"/>
<action no="4" player="SuBandiduu" type="1" discard="1" dealt="1" sum="20"/>
<action no="5" player="KOPKHUNKRAP" type="2" sum="40"/>
</round>
<round no="1"><cards type="Pocket" player="KOPKHUNKRAP">C7 DK</cards>
<cards type="Pocket" player="SuBandiduu">CA D8</cards>
<cards type="Pocket" player="Ofiorbe74">X X</cards>
<action no="6" player="Ofiorbe74" type="0" discard="1" dealt="1" sum="0"/>
<action no="7" player="SuBandiduu" type="23" discard="1" dealt="1" sum="735"/>
<action no="8" player="KOPKHUNKRAP" type="7" sum="255"/>
</round>
<round no="2"><cards type="Flop">H5 CJ C8</cards>
</round>
<round no="3"><cards type="Turn">H6</cards>
</round>
<round no="4"><cards type="River">HQ</cards>
</round>
</game>
</session>
