<?xml version="1.0" encoding="UTF-8"?>
<session sessioncode="5065487121">
<general>
<client_version>24.3.1.9</client_version>
<mode>real</mode>
<gametype>Holdem NL</gametype>
<tablename>Twister €100 SNG, 819492838</tablename>
<tournamentcode>819492837</tournamentcode>
<tournamentname>Twister €100 SNG</tournamentname>
<buyin>€0 + €7 + €93</buyin>
<totalbuyin>€100</totalbuyin>
<rewarddrawn>€200</rewarddrawn>
<tournamentcurrency>EUR</tournamentcurrency>
<currency>EUR</currency>
<nickname>KOPKHUNKRAP</nickname>
<gamecount>25</gamecount>
<startdate>2025-10-11 13:33:46</startdate>
<place>2</place>
<win>€0</win>
<tablesize>3</tablesize>
</general>
<game gamecode="6502118120"><general><startdate>2025-10-11 13:34:02</startdate>
<round>1</round>
<failsafecounter/>
<players><player seat="3" name="Ofiorbe74" chips="500" dealer="0" win="0" bet="20" muck="1" rebuy="0" addon="0" merge="0" rebuychips="0" reg_code="5065486690"/>
<player seat="6" name="Unsenepolepiu" chips="500" dealer="1" win="50" bet="40" muck="1" rebuy="0" addon="0" merge="0" rebuychips="0" reg_code="5065486950"/>
<player seat="10" name="KOPKHUNKRAP" chips="500" dealer="0" win="0" bet="10" muck="1" rebuy="0" addon="0" merge="0" rebuychips="0" reg_code="5065487121"/>
</players>
</general>
<round no="0"><action no="1" player="KOPKHUNKRAP" type="1" sum="10"/>
<action no="2" player="Ofiorbe74" type="2" discard="1" dealt="1" sum="20"/>
</round>
<round no="1"><cards type="Pocket" player="KOPKHUNKRAP">H5 C2</cards>
<cards type="Pocket" player="Ofiorbe74">X X</cards>
<cards type="Pocket" player="Unsenepolepiu">X X</cards>
<action no="3" player="Unsenepolepiu" type="23" discard="1" dealt="1" sum="40"/>
<action no="4" player="KOPKHUNKRAP" type="0" sum="0"/>
<action no="5" player="Ofiorbe74" type="0" discard="1" dealt="1" sum="0"/>
</round>
</game>
<game gamecode="6502118150"><general><startdate>2025-10-11 13:34:16</startdate>
<round>1</round>
<failsafecounter/>
<players><player seat="6" name="Unsenepolepiu" chips="530" dealer="0" win="148" bet="143" muck="1" rebuy="0" addon="0" merge="0" rebuychips="0" reg_code="5065486950"/>
<player seat="10" name="KOPKHUNKRAP" chips="490" dealer="1" win="0" bet="69" muck="1" rebuy="0" addon="0" merge="0" rebuychips="0" reg_code="5065487121"/>
<player seat="3" name="Ofiorbe74" chips="480" dealer="0" win="0" bet="10" muck="1" rebuy="0" addon="0" merge="0" rebuychips="0" reg_code="5065486690"/>
</players>
</general>
<round no="0"><action no="1" player="Ofiorbe74" type="1" discard="1" dealt="1" sum="10"/>
<action no="2" player="Unsenepolepiu" type="2" discard="1" dealt="1" sum="20"/>
</round>
<round no="1"><cards type="Pocket" player="Unsenepolepiu">X X</cards>
<cards type="Pocket" player="Ofiorbe74">X X</cards>
<cards type="Pocket" player="KOPKHUNKRAP">SJ S10</cards>
<action no="3" player="KOPKHUNKRAP" type="23" sum="40"/>
<action no="4" player="Ofiorbe74" type="0" discard="1" dealt="1" sum="0"/>
<action no="5" player="Unsenepolepiu" type="3" discard="1" dealt="1" sum="20"/>
</round>
<round no="2"><cards type="Flop">HA DQ H5</cards>
<action no="6" player="Unsenepolepiu" type="4" discard="1" dealt="1" sum="0"/>
<action no="7" player="KOPKHUNKRAP" type="5" sum="29"/>
<action no="8" player="Unsenepolepiu" type="23" discard="1" dealt="1" sum="103"/>
<action no="9" player="KOPKHUNKRAP" type="0" sum="0"/>
</round>
</game>
<game gamecode="6502122453"><general><startdate>2025-10-11 13:34:42</startdate>
<round>1</round>
<failsafecounter/>
<players><player seat="10" name="KOPKHUNKRAP" chips="421" dealer="0" win="0" bet="180" muck="0" rebuy="0" addon="0" merge="0" rebuychips="0" reg_code="5065487121"/>
<player seat="3" name="Ofiorbe74" chips="470" dealer="1" win="370" bet="180" muck="0" rebuy="0" addon="0" merge="0" rebuychips="0" reg_code="5065486690"/>
<player seat="6" name="Unsenepolepiu" chips="609" dealer="0" win="0" bet="10" muck="1" rebuy="0" addon="0" merge="0" rebuychips="0" reg_code="5065486950"/>
</players>
</general>
<round no="0"><action no="1" player="Unsenepolepiu" type="1" discard="1" dealt="1" sum="10"/>
<action no="2" player="KOPKHUNKRAP" type="2" sum="20"/>
</round>
<round no="1"><cards type="Pocket" player="Unsenepolepiu">X X</cards>
<cards type="Pocket" player="KOPKHUNKRAP">CK CQ</cards>
<cards type="Pocket" player="Ofiorbe74">H7 H8</cards>
<action no="3" player="Ofiorbe74" type="23" discard="1" dealt="1" sum="40"/>
<action no="4" player="Unsenepolepiu" type="0" discard="1" dealt="1" sum="0"/>
<action no="5" player="KOPKHUNKRAP" type="3" sum="20"/>
</round>
<round no="2"><cards type="Flop">S10 D9 D2</cards>
<action no="6" player="KOPKHUNKRAP" type="4" sum="0"/>
<action no="7" player="Ofiorbe74" type="5" discard="1" dealt="1" sum="20"/>
<action no="8" player="KOPKHUNKRAP" type="3" sum="20"/>
</round>
<round no="3"><cards type="Turn">SQ</cards>
<action no="9" player="KOPKHUNKRAP" type="4" sum="0"/>
<action no="10" player="Ofiorbe74" type="4" discard="1" dealt="1" sum="0"/>
</round>
<round no="4"><cards type="River">S6</cards>
<action no="11" player="KOPKHUNKRAP" type="5" sum="120"/>
<action no="12" player="Ofiorbe74" type="3" discard="1" dealt="1" sum="120"/>
</round>
</game>
<game gamecode="6502122555"><general><startdate>2025-10-11 13:35:32</startdate>
<round>1</round>
<failsafecounter/>
<players><player seat="3" name="Ofiorbe74" chips="660" dealer="0" win="0" bet="20" muck="1" rebuy="0" addon="0" merge="0" rebuychips="0" reg_code="5065486690"/>
<player seat="6" name="Unsenepolepiu" chips="599" dealer="1" win="0" bet="0" muck="1" rebuy="0" addon="0" merge="0" rebuychips="0" reg_code="5065486950"/>
<player seat="10" name="KOPKHUNKRAP" chips="241" dealer="0" win="40" bet="241" muck="1" rebuy="0" addon="0" merge="0" rebuychips="0" reg_code="5065487121"/>
</players>
</general>
<round no="0"><action no="1" player="KOPKHUNKRAP" type="1" sum="10"/>
<action no="2" player="Ofiorbe74" type="2" discard="1" dealt="1" sum="20"/>
</round>
<round no="1"><cards type="Pocket" player="KOPKHUNKRAP">SA C3</cards>
<cards type="Pocket" player="Unsenepolepiu">X X</cards>
<cards type="Pocket" player="Ofiorbe74">X X</cards>
<action no="3" player="Unsenepolepiu" type="0" discard="1" dealt="1" sum="0"/>
<action no="4" player="KOPKHUNKRAP" type="23" sum="241"/>
<action no="5" player="Ofiorbe74" type="0" discard="1" dealt="1" sum="0"/>
</round>
</game>
<game gamecode="6502122583"><general><startdate>2025-10-11 13:35:47</startdate>
<round>1</round>
<failsafecounter/>
<players><player seat="6" name="Unsenepolepiu" chips="599" dealer="0" win="0" bet="35" muck="1" rebuy="0" addon="0" merge="0" rebuychips="0" reg_code="5065486950"/>
<player seat="10" name="KOPKHUNKRAP" chips="261" dealer="1" win="90" bet="261" muck="1" rebuy="0" addon="0" merge="0" rebuychips="0" reg_code="5065487121"/>
<player seat="3" name="Ofiorbe74" chips="640" dealer="0" win="0" bet="20" muck="1" rebuy="0" addon="0" merge="0" rebuychips="0" reg_code="5065486690"/>
</players>
</general>
<round no="0"><action no="1" player="Ofiorbe74" type="15" discard="1" dealt="1" sum="5"/>
<action no="2" player="Unsenepolepiu" type="15" discard="1" dealt="1" sum="5"/>
<action no="3" player="KOPKHUNKRAP" type="15" sum="5"/>
<action no="4" player="Ofiorbe74" type="1" discard="1" dealt="1" sum="15"/>
<action no="5" player="Unsenepolepiu" type="2" discard="1" dealt="1" sum="30"/>
</round>
<round no="1"><cards type="Pocket" player="Unsenepolepiu">X X</cards>
<cards type="Pocket" player="Ofiorbe74">X X</cards>
<cards type="Pocket" player="KOPKHUNKRAP">CA H4</cards>
<action no="6" player="KOPKHUNKRAP" type="23" sum="256"/>
<action no="7" player="Ofiorbe74" type="0" discard="1" dealt="1" sum="0"/>
<action no="8" player="Unsenepolepiu" type="0" discard="1" dealt="1" sum="0"/>
</round>
</game>
<game gamecode="6502122607"><general><startdate>2025-10-11 13:35:59</startdate>
<round>1</round>
<failsafecounter/>
<players><player seat="10" name="KOPKHUNKRAP" chips="316" dealer="0" win="150" bet="316" muck="1" rebuy="0" addon="0" merge="0" rebuychips="0" reg_code="5065487121"/>
<player seat="3" name="Ofiorbe74" chips="620" dealer="1" win="0" bet="65" muck="1" rebuy="0" addon="0" merge="0" rebuychips="0" reg_code="5065486690"/>
<player seat="6" name="Unsenepolepiu" chips="564" dealer="0" win="0" bet="20" muck="1" rebuy="0" addon="0" merge="0" rebuychips="0" reg_code="5065486950"/>
</players>
</general>
<round no="0"><action no="1" player="Unsenepolepiu" type="15" discard="1" dealt="1" sum="5"/>
<action no="2" player="KOPKHUNKRAP" type="15" sum="5"/>
<action no="3" player="Ofiorbe74" type="15" discard="1" dealt="1" sum="5"/>
<action no="4" player="Unsenepolepiu" type="1" discard="1" dealt="1" sum="15"/>
<action no="5" player="KOPKHUNKRAP" type="2" sum="30"/>
</round>
<round no="1"><cards type="Pocket" player="Unsenepolepiu">X X</cards>
<cards type="Pocket" player="KOPKHUNKRAP">S3 C3</cards>
<cards type="Pocket" player="Ofiorbe74">X X</cards>
<action no="6" player="Ofiorbe74" type="23" discard="1" dealt="1" sum="60"/>
<action no="7" player="Unsenepolepiu" type="0" discard="1" dealt="1" sum="0"/>
<action no="8" player="KOPKHUNKRAP" type="23" sum="311"/>
<action no="9" player="Ofiorbe74" type="0" discard="1" dealt="1" sum="0"/>
</round>
</game>
<game gamecode="6502122661"><general><startdate>2025-10-11 13:36:27</startdate>
<round>1</round>
<failsafecounter/>
<players><player seat="3" name="Ofiorbe74" chips="555" dealer="0" win="45" bet="35" muck="1" rebuy="0" addon="0" merge="0" rebuychips="0" reg_code="5065486690"/>
<player seat="6" name="Unsenepolepiu" chips="544" dealer="1" win="0" bet="5" muck="1" rebuy="0" addon="0" merge="0" rebuychips="0" reg_code="5065486950"/>
<player seat="10" name="KOPKHUNKRAP" chips="401" dealer="0" win="0" bet="20" muck="1" rebuy="0" addon="0" merge="0" rebuychips="0" reg_code="5065487121"/>
</players>
</general>
<round no="0"><action no="1" player="KOPKHUNKRAP" type="15" sum="5"/>
<action no="2" player="Ofiorbe74" type="15" discard="1" dealt="1" sum="5"/>
<action no="3" player="Unsenepolepiu" type="15" discard="1" dealt="1" sum="5"/>
<action no="4" player="KOPKHUNKRAP" type="1" sum="15"/>
<action no="5" player="Ofiorbe74" type="2" discard="1" dealt="1" sum="30"/>
</round>
<round no="1"><cards type="Pocket" player="Unsenepolepiu">X X</cards>
<cards type="Pocket" player="KOPKHUNKRAP">S7 CJ</cards>
<cards type="Pocket" player="Ofiorbe74">X X</cards>
<action no="6" player="Unsenepolepiu" type="0" discard="1" dealt="1" sum="0"/>
<action no="7" player="KOPKHUNKRAP" type="0" sum="0"/>
</round>
</game>
<game gamecode="6502122692"><general><startdate>2025-10-11 13:36:39</startdate>
<round>1</round>
<failsafecounter/>
<players><player seat="6" name="Unsenepolepiu" chips="539" dealer="0" win="0" bet="381" muck="1" rebuy="0" addon="0" merge="0" rebuychips="0" reg_code="5065486950"/>
<player seat="10" name="KOPKHUNKRAP" chips="381" dealer="1" win="782" bet="381" muck="0" rebuy="0" addon="0" merge="0" rebuychips="0" reg_code="5065487121"/>
<player seat="3" name="Ofiorbe74" chips="580" dealer="0" win="0" bet="20" muck="1" rebuy="0" addon="0" merge="0" rebuychips="0" reg_code="5065486690"/>
</players>
</general>
<round no="0"><action no="1" player="Ofiorbe74" type="15" discard="1" dealt="1" sum="5"/>
<action no="2" player="Unsenepolepiu" type="15" discard="1" dealt="1" sum="5"/>
<action no="3" player="KOPKHUNKRAP" type="15" sum="5"/>
<action no="4" player="Ofiorbe74" type="1" discard="1" dealt="1" sum="15"/>
<action no="5" player="Unsenepolepiu" type="2" discard="1" dealt="1" sum="30"/>
</round>
<round no="1"><cards type="Pocket" player="Ofiorbe74">X X</cards>
<cards type="Pocket" player="Unsenepolepiu">S7 DA</cards>
<cards type="Pocket" player="KOPKHUNKRAP">SK HA</cards>
<action no="6" player="KOPKHUNKRAP" type="23" sum="376"/>
<action no="7" player="Ofiorbe74" type="0" discard="1" dealt="1" sum="0"/>
<action no="8" player="Unsenepolepiu" type="3" discard="1" dealt="1" sum="346"/>
</round>
<round no="2"><cards type="Flop">DQ S9 SJ</cards>
</round>
<round no="3"><cards type="Turn">S5</cards>
</round>
<round no="4"><cards type="River">S3</cards>
</round>
</game>
<game gamecode="6502122729"><general><startdate>2025-10-11 13:37:00</startdate>
<round>1</round>
<failsafecounter/>
<players><player seat="10" name="KOPKHUNKRAP" chips="782" dealer="0" win="321" bet="158" muck="0" rebuy="0" addon="0" merge="0" rebuychips="0" reg_code="5065487121"/>
<player seat="3" name="Ofiorbe74" chips="560" dealer="1" win="0" bet="5" muck="1" rebuy="0" addon="0" merge="0" rebuychips="0" reg_code="5065486690"/>
<player seat="6" name="Unsenepolepiu" chips="158" dealer="0" win="0" bet="158" muck="0" rebuy="0" addon="0" merge="0" rebuychips="0" reg_code="5065486950"/>
</players>
</general>
<round no="0"><action no="1" player="Unsenepolepiu" type="15" discard="1" dealt="1" sum="5"/>
<action no="2" player="KOPKHUNKRAP" type="15" sum="5"/>
<action no="3" player="Ofiorbe74" type="15" discard="1" dealt="1" sum="5"/>
<action no="4" player="Unsenepolepiu" type="1" discard="1" dealt="1" sum="15"/>
<action no="5" player="KOPKHUNKRAP" type="2" sum="30"/>
</round>
<round no="1"><cards type="Pocket" player="KOPKHUNKRAP">DJ SJ</cards>
<cards type="Pocket" player="Ofiorbe74">X X</cards>
<cards type="Pocket" player="Unsenepolepiu">SK D2</cards>
<action no="6" player="Ofiorbe74" type="0" discard="1" dealt="1" sum="0"/>
<action no="7" player="Unsenepolepiu" type="23" discard="1" dealt="1" sum="153"/>
<action no="8" player="KOPKHUNKRAP" type="3" sum="123"/>
</round>
<round no="2"><cards type="Flop">H10 SA D5</cards>
</round>
<round no="3"><cards type="Turn">S2</cards>
</round>
<round no="4"><cards type="River">HJ</cards>
</round>
</game>
<game gamecode="6502122775"><general><startdate>2025-10-11 13:37:23</startdate>
<round>1</round>
<failsafecounter/>
<players><player seat="3" name="Ofiorbe74" chips="555" dealer="0" win="530" bet="555" muck="1" rebuy="0" addon="0" merge="0" rebuychips="0" reg_code="5065486690"/>
<player seat="10" name="KOPKHUNKRAP" chips="945" dealer="1" win="0" bet="265" muck="1" rebuy="0" addon="0" merge="0" rebuychips="0" reg_code="5065487121"/>
</players>
</general>
<round no="0"><action no="1" player="KOPKHUNKRAP" type="15" sum="5"/>
<action no="2" player="Ofiorbe74" type="15" discard="1" dealt="1" sum="5"/>
<action no="3" player="KOPKHUNKRAP" type="1" sum="20"/>
<action no="4" player="Ofiorbe74" type="2" discard="1" dealt="1" sum="40"/>
</round>
<round no="1"><cards type="Pocket" player="Ofiorbe74">X X</cards>
<cards type="Pocket" player="KOPKHUNKRAP">H10 SQ</cards>
<action no="5" player="KOPKHUNKRAP" type="3" sum="20"/>
<action no="6" player="Ofiorbe74" type="23" discard="1" dealt="1" sum="180"/>
<action no="7" player="KOPKHUNKRAP" type="3" sum="140"/>
</round>
<round no="2"><cards type="Flop">CQ DA HK</cards>
<action no="8" player="Ofiorbe74" type="5" discard="1" dealt="1" sum="80"/>
<action no="9" player="KOPKHUNKRAP" type="3" sum="80"/>
</round>
<round no="3"><cards type="Turn">CA</cards>
<action no="10" player="Ofiorbe74" type="4" discard="1" dealt="1" sum="0"/>
<action no="11" player="KOPKHUNKRAP" type="4" sum="0"/>
</round>
<round no="4"><cards type="River">C9</cards>
<action no="12" player="Ofiorbe74" type="5" discard="1" dealt="1" sum="290"/>
<action no="13" player="KOPKHUNKRAP" type="0" sum="0"/>
</round>
</game>
<game gamecode="6502122861"><general><startdate>2025-10-11 13:38:09</startdate>
<round>1</round>
<failsafecounter/>
<players><player seat="10" name="KOPKHUNKRAP" chips="680" dealer="0" win="0" bet="45" muck="1" rebuy="0" addon="0" merge="0" rebuychips="0" reg_code="5065487121"/>
<player seat="3" name="Ofiorbe74" chips="820" dealer="1" win="90" bet="85" muck="1" rebuy="0" addon="0" merge="0" rebuychips="0" reg_code="5065486690"/>
</players>
</general>
<round no="0"><action no="1" player="Ofiorbe74" type="15" discard="1" dealt="1" sum="5"/>
<action no="2" player="KOPKHUNKRAP" type="15" sum="5"/>
<action no="3" player="Ofiorbe74" type="1" discard="1" dealt="1" sum="20"/>
<action no="4" player="KOPKHUNKRAP" type="2" sum="40"/>
</round>
<round no="1"><cards type="Pocket" player="Ofiorbe74">X X</cards>
<cards type="Pocket" player="KOPKHUNKRAP">C10 D8</cards>
<action no="5" player="Ofiorbe74" type="3" discard="1" dealt="1" sum="20"/>
<action no="6" player="KOPKHUNKRAP" type="4" sum="0"/>
</round>
<round no="2"><cards type="Flop">CQ DQ HQ</cards>
<action no="7" player="KOPKHUNKRAP" type="4" sum="0"/>
<action no="8" player="Ofiorbe74" type="5" discard="1" dealt="1" sum="40"/>
<action no="9" player="KOPKHUNKRAP" type="0" sum="0"/>
</round>
</game>
<game gamecode="6502122886"><general><startdate>2025-10-11 13:38:20</startdate>
<round>1</round>
<failsafecounter/>
<players><player seat="3" name="Ofiorbe74" chips="865" dealer="0" win="0" bet="45" muck="1" rebuy="0" addon="0" merge="0" rebuychips="0" reg_code="5065486690"/>
<player seat="10" name="KOPKHUNKRAP" chips="635" dealer="1" win="90" bet="85" muck="1" rebuy="0" addon="0" merge="0" rebuychips="0" reg_code="5065487121"/>
</players>
</general>
<round no="0"><action no="1" player="KOPKHUNKRAP" type="15" sum="5"/>
<action no="2" player="Ofiorbe74" type="15" discard="1" dealt="1" sum="5"/>
<action no="3" player="KOPKHUNKRAP" type="1" sum="20"/>
<action no="4" player="Ofiorbe74" type="2" discard="1" dealt="1" sum="40"/>
</round>
<round no="1"><cards type="Pocket" player="Ofiorbe74">X X</cards>
<cards type="Pocket" player="KOPKHUNKRAP">SK H10</cards>
<action no="5" player="KOPKHUNKRAP" type="23" sum="80"/>
<action no="6" player="Ofiorbe74" type="0" discard="1" dealt="1" sum="0"/>
</round>
</game>
<game gamecode="6502122911"><general><startdate>2025-10-11 13:38:32</startdate>
<round>1</round>
<failsafecounter/>
<players><player seat="10" name="KOPKHUNKRAP" chips="680" dealer="0" win="0" bet="45" muck="1" rebuy="0" addon="0" merge="0" rebuychips="0" reg_code="5065487121"/>
<player seat="3" name="Ofiorbe74" chips="820" dealer="1" win="90" bet="85" muck="1" rebuy="0" addon="0" merge="0" rebuychips="0" reg_code="5065486690"/>
</players>
</general>
<round no="0"><action no="1" player="Ofiorbe74" type="15" discard="1" dealt="1" sum="5"/>
<action no="2" player="KOPKHUNKRAP" type="15" sum="5"/>
<action no="3" player="Ofiorbe74" type="1" discard="1" dealt="1" sum="20"/>
<action no="4" player="KOPKHUNKRAP" type="2" sum="40"/>
</round>
<round no="1"><cards type="Pocket" player="Ofiorbe74">X X</cards>
<cards type="Pocket" player="KOPKHUNKRAP">H2 S4</cards>
<action no="5" player="Ofiorbe74" type="23" discard="1" dealt="1" sum="80"/>
<action no="6" player="KOPKHUNKRAP" type="0" sum="0"/>
</round>
</game>
<game gamecode="6502122926"><general><startdate>2025-10-11 13:38:40</startdate>
<round>1</round>
<failsafecounter/>
<players><player seat="3" name="Ofiorbe74" chips="865" dealer="0" win="50" bet="45" muck="1" rebuy="0" addon="0" merge="0" rebuychips="0" reg_code="5065486690"/>
<player seat="10" name="KOPKHUNKRAP" chips="635" dealer="1" win="0" bet="25" muck="1" rebuy="0" addon="0" merge="0" rebuychips="0" reg_code="5065487121"/>
</players>
</general>
<round no="0"><action no="1" player="KOPKHUNKRAP" type="15" sum="5"/>
<action no="2" player="Ofiorbe74" type="15" discard="1" dealt="1" sum="5"/>
<action no="3" player="KOPKHUNKRAP" type="1" sum="20"/>
<action no="4" player="Ofiorbe74" type="2" discard="1" dealt="1" sum="40"/>
</round>
<round no="1"><cards type="Pocket" player="KOPKHUNKRAP">H4 D8</cards>
<cards type="Pocket" player="Ofiorbe74">X X</cards>
<action no="5" player="KOPKHUNKRAP" type="0" sum="0"/>
</round>
</game>
<game gamecode="6502122934"><general><startdate>2025-10-11 13:38:46</startdate>
<round>1</round>
<failsafecounter/>
<players><player seat="10" name="KOPKHUNKRAP" chips="610" dealer="0" win="0" bet="45" muck="1" rebuy="0" addon="0" merge="0" rebuychips="0" reg_code="5065487121"/>
<player seat="3" name="Ofiorbe74" chips="890" dealer="1" win="90" bet="85" muck="1" rebuy="0" addon="0" merge="0" rebuychips="0" reg_code="5065486690"/>
</players>
</general>
<round no="0"><action no="1" player="Ofiorbe74" type="15" discard="1" dealt="1" sum="5"/>
<action no="2" player="KOPKHUNKRAP" type="15" sum="5"/>
<action no="3" player="Ofiorbe74" type="1" discard="1" dealt="1" sum="20"/>
<action no="4" player="KOPKHUNKRAP" type="2" sum="40"/>
</round>
<round no="1"><cards type="Pocket" player="Ofiorbe74">X X</cards>
<cards type="Pocket" player="KOPKHUNKRAP">S8 CQ</cards>
<action no="5" player="Ofiorbe74" type="3" discard="1" dealt="1" sum="20"/>
<action no="6" player="KOPKHUNKRAP" type="4" sum="0"/>
</round>
<round no="2"><cards type="Flop">DJ SA C5</cards>
<action no="7" player="KOPKHUNKRAP" type="4" sum="0"/>
<action no="8" player="Ofiorbe74" type="5" discard="1" dealt="1" sum="40"/>
<action no="9" player="KOPKHUNKRAP" type="0" sum="0"/>
</round>
</game>
<game gamecode="6502122964"><general><startdate>2025-10-11 13:39:00</startdate>
<round>1</round>
<failsafecounter/>
<players><player seat="3" name="Ofiorbe74" chips="935" dealer="0" win="0" bet="65" muck="1" rebuy="0" addon="0" merge="0" rebuychips="0" reg_code="5065486690"/>
<player seat="10" name="KOPKHUNKRAP" chips="565" dealer="1" win="130" bet="565" muck="1" rebuy="0" addon="0" merge="0" rebuychips="0" reg_code="5065487121"/>
</players>
</general>
<round no="0"><action no="1" player="KOPKHUNKRAP" type="15" sum="5"/>
<action no="2" player="Ofiorbe74" type="15" discard="1" dealt="1" sum="5"/>
<action no="3" player="KOPKHUNKRAP" type="1" sum="30"/>
<action no="4" player="Ofiorbe74" type="2" discard="1" dealt="1" sum="60"/>
</round>
<round no="1"><cards type="Pocket" player="Ofiorbe74">X X</cards>
<cards type="Pocket" player="KOPKHUNKRAP">HJ D10</cards>
<action no="5" player="KOPKHUNKRAP" type="23" sum="560"/>
<action no="6" player="Ofiorbe74" type="0" discard="1" dealt="1" sum="0"/>
</round>
</game>
<game gamecode="6502122993"><general><startdate>2025-10-11 13:39:15</startdate>
<round>1</round>
<failsafecounter/>
<players><player seat="10" name="KOPKHUNKRAP" chips="630" dealer="0" win="0" bet="65" muck="1" rebuy="0" addon="0" merge="0" rebuychips="0" reg_code="5065487121"/>
<player seat="3" name="Ofiorbe74" chips="870" dealer="1" win="130" bet="125" muck="1" rebuy="0" addon="0" merge="0" rebuychips="0" reg_code="5065486690"/>
</players>
</general>
<round no="0"><action no="1" player="Ofiorbe74" type="15" discard="1" dealt="1" sum="5"/>
<action no="2" player="KOPKHUNKRAP" type="15" sum="5"/>
<action no="3" player="Ofiorbe74" type="1" discard="1" dealt="1" sum="30"/>
<action no="4" player="KOPKHUNKRAP" type="2" sum="60"/>
</round>
<round no="1"><cards type="Pocket" player="Ofiorbe74">X X</cards>
<cards type="Pocket" player="KOPKHUNKRAP">D10 D5</cards>
<action no="5" player="Ofiorbe74" type="3" discard="1" dealt="1" sum="30"/>
<action no="6" player="KOPKHUNKRAP" type="4" sum="0"/>
</round>
<round no="2"><cards type="Flop">HA HK H7</cards>
<action no="7" player="KOPKHUNKRAP" type="4" sum="0"/>
<action no="8" player="Ofiorbe74" type="4" discard="1" dealt="1" sum="0"/>
</round>
<round no="3"><cards type="Turn">CQ</cards>
<action no="9" player="KOPKHUNKRAP" type="4" sum="0"/>
<action no="10" player="Ofiorbe74" type="4" discard="1" dealt="1" sum="0"/>
</round>
<round no="4"><cards type="River">H2</cards>
<action no="11" player="KOPKHUNKRAP" type="4" sum="0"/>
<action no="12" player="Ofiorbe74" type="5" discard="1" dealt="1" sum="60"/>
<action no="13" player="KOPKHUNKRAP" type="0" sum="0"/>
</round>
</game>
<game gamecode="6502123043"><general><startdate>2025-10-11 13:39:41</startdate>
<round>1</round>
<failsafecounter/>
<players><player seat="3" name="Ofiorbe74" chips="935" dealer="0" win="70" bet="65" muck="1" rebuy="0" addon="0" merge="0" rebuychips="0" reg_code="5065486690"/>
<player seat="10" name="KOPKHUNKRAP" chips="565" dealer="1" win="0" bet="35" muck="1" rebuy="0" addon="0" merge="0" rebuychips="0" reg_code="5065487121"/>
</players>
</general>
<round no="0"><action no="1" player="KOPKHUNKRAP" type="15" sum="5"/>
<action no="2" player="Ofiorbe74" type="15" discard="1" dealt="1" sum="5"/>
<action no="3" player="KOPKHUNKRAP" type="1" sum="30"/>
<action no="4" player="Ofiorbe74" type="2" discard="1" dealt="1" sum="60"/>
</round>
<round no="1"><cards type="Pocket" player="Ofiorbe74">X X</cards>
<cards type="Pocket" player="KOPKHUNKRAP">D5 H7</cards>
<action no="5" player="KOPKHUNKRAP" type="0" sum="0"/>
</round>
</game>
<game gamecode="6502123050"><general><startdate>2025-10-11 13:39:47</startdate>
<round>1</round>
<failsafecounter/>
<players><player seat="10" name="KOPKHUNKRAP" chips="530" dealer="0" win="0" bet="65" muck="1" rebuy="0" addon="0" merge="0" rebuychips="0" reg_code="5065487121"/>
<player seat="3" name="Ofiorbe74" chips="970" dealer="1" win="130" bet="162" muck="1" rebuy="0" addon="0" merge="0" rebuychips="0" reg_code="5065486690"/>
</players>
</general>
<round no="0"><action no="1" player="Ofiorbe74" type="15" discard="1" dealt="1" sum="5"/>
<action no="2" player="KOPKHUNKRAP" type="15" sum="5"/>
<action no="3" player="Ofiorbe74" type="1" discard="1" dealt="1" sum="30"/>
<action no="4" player="KOPKHUNKRAP" type="2" sum="60"/>
</round>
<round no="1"><cards type="Pocket" player="KOPKHUNKRAP">H6 D5</cards>
<cards type="Pocket" player="Ofiorbe74">X X</cards>
<action no="5" player="Ofiorbe74" type="3" discard="1" dealt="1" sum="30"/>
<action no="6" player="KOPKHUNKRAP" type="4" sum="0"/>
</round>
<round no="2"><cards type="Flop">D8 DQ S10</cards>
<action no="7" player="KOPKHUNKRAP" type="4" sum="0"/>
<action no="8" player="Ofiorbe74" type="4" discard="1" dealt="1" sum="0"/>
</round>
<round no="3"><cards type="Turn">CQ</cards>
<action no="9" player="KOPKHUNKRAP" type="4" sum="0"/>
<action no="10" player="Ofiorbe74" type="5" discard="1" dealt="1" sum="97"/>
<action no="11" player="KOPKHUNKRAP" type="0" sum="0"/>
</round>
</game>
<game gamecode="6502123111"><general><startdate>2025-10-11 13:40:15</startdate>
<round>1</round>
<failsafecounter/>
<players><player seat="3" name="Ofiorbe74" chips="1,035" dealer="0" win="70" bet="65" muck="1" rebuy="0" addon="0" merge="0" rebuychips="0" reg_code="5065486690"/>
<player seat="10" name="KOPKHUNKRAP" chips="465" dealer="1" win="0" bet="35" muck="1" rebuy="0" addon="0" merge="0" rebuychips="0" reg_code="5065487121"/>
</players>
</general>
<round no="0"><action no="1" player="KOPKHUNKRAP" type="15" sum="5"/>
<action no="2" player="Ofiorbe74" type="15" discard="1" dealt="1" sum="5"/>
<action no="3" player="KOPKHUNKRAP" type="1" sum="30"/>
<action no="4" player="Ofiorbe74" type="2" discard="1" dealt="1" sum="60"/>
</round>
<round no="1"><cards type="Pocket" player="KOPKHUNKRAP">D7 S2</cards>
<cards type="Pocket" player="Ofiorbe74">X X</cards>
<action no="5" player="KOPKHUNKRAP" type="0" sum="0"/>
</round>
</game>
<game gamecode="6502123131"><general><startdate>2025-10-11 13:40:24</startdate>
<round>1</round>
<failsafecounter/>
<players><player seat="10" name="KOPKHUNKRAP" chips="430" dealer="0" win="0" bet="65" muck="1" rebuy="0" addon="0" merge="0" rebuychips="0" reg_code="5065487121"/>
<player seat="3" name="Ofiorbe74" chips="1,070" dealer="1" win="130" bet="1,070" muck="1" rebuy="0" addon="0" merge="0" rebuychips="0" reg_code="5065486690"/>
</players>
</general>
<round no="0"><action no="1" player="Ofiorbe74" type="15" discard="1" dealt="1" sum="5"/>
<action no="2" player="KOPKHUNKRAP" type="15" sum="5"/>
<action no="3" player="Ofiorbe74" type="1" discard="1" dealt="1" sum="30"/>
<action no="4" player="KOPKHUNKRAP" type="2" sum="60"/>
</round>
<round no="1"><cards type="Pocket" player="Ofiorbe74">X X</cards>
<cards type="Pocket" player="KOPKHUNKRAP">CJ D4</cards>
<action no="5" player="Ofiorbe74" type="23" discard="1" dealt="1" sum="1,065"/>
<action no="6" player="KOPKHUNKRAP" type="0" sum="0"/>
</round>
</game>
<game gamecode="6502123148"><general><startdate>2025-10-11 13:40:33</startdate>
<round>1</round>
<failsafecounter/>
<players><player seat="3" name="Ofiorbe74" chips="1,135" dealer="0" win="0" bet="365" muck="1" rebuy="0" addon="0" merge="0" rebuychips="0" reg_code="5065486690"/>
<player seat="10" name="KOPKHUNKRAP" chips="365" dealer="1" win="730" bet="365" muck="0" rebuy="0" addon="0" merge="0" rebuychips="0" reg_code="5065487121"/>
</players>
</general>
<round no="0"><action no="1" player="KOPKHUNKRAP" type="15" sum="5"/>
<action no="2" player="Ofiorbe74" type="15" discard="1" dealt="1" sum="5"/>
<action no="3" player="KOPKHUNKRAP" type="1" sum="30"/>
<action no="4" player="Ofiorbe74" type="2" discard="1" dealt="1" sum="60"/>
</round>
<round no="1"><cards type="Pocket" player="Ofiorbe74">S10 HJ</cards>
<cards type="Pocket" player="KOPKHUNKRAP">SK DA</cards>
<action no="5" player="KOPKHUNKRAP" type="23" sum="360"/>
<action no="6" player="Ofiorbe74" type="3" discard="1" dealt="1" sum="300"/>
</round>
<round no="2"><cards type="Flop">S4 HK CA</cards>
</round>
<round no="3"><cards type="Turn">H7</cards>
</round>
<round no="4"><cards type="River">D6</cards>
</round>
</game>
<game gamecode="6502123181"><general><startdate>2025-10-11 13:40:49</startdate>
<round>1</round>
<failsafecounter/>
<players><player seat="10" name="KOPKHUNKRAP" chips="730" dealer="0" win="0" bet="88" muck="1" rebuy="0" addon="0" merge="0" rebuychips="0" reg_code="5065487121"/>
<player seat="3" name="Ofiorbe74" chips="770" dealer="1" win="176" bet="770" muck="1" rebuy="0" addon="0" merge="0" rebuychips="0" reg_code="5065486690"/>
</players>
</general>
<round no="0"><action no="1" player="Ofiorbe74" type="15" discard="1" dealt="1" sum="8"/>
<action no="2" player="KOPKHUNKRAP" type="15" sum="8"/>
<action no="3" player="Ofiorbe74" type="1" discard="1" dealt="1" sum="40"/>
<action no="4" player="KOPKHUNKRAP" type="2" sum="80"/>
</round>
<round no="1"><cards type="Pocket" player="KOPKHUNKRAP">S8 S6</cards>
<cards type="Pocket" player="Ofiorbe74">X X</cards>
<action no="5" player="Ofiorbe74" type="23" discard="1" dealt="1" sum="762"/>
<action no="6" player="KOPKHUNKRAP" type="0" sum="0"/>
</round>
</game>
<game gamecode="6502123214"><general><startdate>2025-10-11 13:41:02</startdate>
<round>1</round>
<failsafecounter/>
<players><player seat="3" name="Ofiorbe74" chips="858" dealer="0" win="96" bet="88" muck="1" rebuy="0" addon="0" merge="0" rebuychips="0" reg_code="5065486690"/>
<player seat="10" name="KOPKHUNKRAP" chips="642" dealer="1" win="0" bet="48" muck="1" rebuy="0" addon="0" merge="0" rebuychips="0" reg_code="5065487121"/>
</players>
</general>
<round no="0"><action no="1" player="KOPKHUNKRAP" type="15" sum="8"/>
<action no="2" player="Ofiorbe74" type="15" discard="1" dealt="1" sum="8"/>
<action no="3" player="KOPKHUNKRAP" type="1" sum="40"/>
<action no="4" player="Ofiorbe74" type="2" discard="1" dealt="1" sum="80"/>
</round>
<round no="1"><cards type="Pocket" player="KOPKHUNKRAP">D3 C7</cards>
<cards type="Pocket" player="Ofiorbe74">X X</cards>
<action no="5" player="KOPKHUNKRAP" type="0" sum="0"/>
</round>
</game>
<game gamecode="6502123230"><general><startdate>2025-10-11 13:41:09</startdate>
<round>1</round>
<failsafecounter/>
<players><player seat="10" name="KOPKHUNKRAP" chips="594" dealer="0" win="0" bet="594" muck="1" rebuy="0" addon="0" merge="0" rebuychips="0" reg_code="5065487121"/>
<player seat="3" name="Ofiorbe74" chips="906" dealer="1" win="1,188" bet="906" muck="0" rebuy="0" addon="0" merge="0" rebuychips="0" reg_code="5065486690"/>
</players>
</general>
<round no="0"><action no="1" player="Ofiorbe74" type="15" discard="1" dealt="1" sum="8"/>
<action no="2" player="KOPKHUNKRAP" type="15" sum="8"/>
<action no="3" player="Ofiorbe74" type="1" discard="1" dealt="1" sum="40"/>
<action no="4" player="KOPKHUNKRAP" type="2" sum="80"/>
</round>
<round no="1"><cards type="Pocket" player="KOPKHUNKRAP">DA CQ</cards>
<cards type="Pocket" player="Ofiorbe74">C7 D8</cards>
<action no="5" player="Ofiorbe74" type="23" discard="1" dealt="1" sum="898"/>
<action no="6" player="KOPKHUNKRAP" type="7" sum="506"/>
</round>
<round no="2"><cards type="Flop">S6 C2 DJ</cards>
</round>
<round no="3"><cards type="Turn">D5</cards>
</round>
<round no="4"><cards type="River">S4</cards>
</round>
</game>
</session>
