<?xml version="1.0" encoding="UTF-8"?>
<session sessioncode="5066122169">
<general>
<client_version>25.1.1.16</client_version>
<mode>real</mode>
<gametype>Holdem NL</gametype>
<tablename>Twister €200 SNG, 819691778</tablename>
<tournamentcode>819679919</tournamentcode>
<tournamentname>Twister €200 SNG</tournamentname>
<buyin>€0 + €12 + €188</buyin>
<totalbuyin>€200</totalbuyin>
<rewarddrawn>€600</rewarddrawn>
<tournamentcurrency>EUR</tournamentcurrency>
<currency>EUR</currency>
<nickname>KOPKHUNKRAP</nickname>
<gamecount>16</gamecount>
<startdate>2025-10-14 13:41:50</startdate>
<place>3</place>
<win>€0</win>
<tablesize>3</tablesize>
</general>
<game gamecode="6504807560"><general><startdate>2025-10-14 13:42:06</startdate>
<round>1</round>
<failsafecounter/>
<players><player seat="10" name="KOPKHUNKRAP" chips="500" dealer="0" win="0" bet="20" muck="1" rebuy="0" addon="0" merge="0" rebuychips="0" reg_code="5066122169"/>
<player seat="3" name="deIduKA" chips="500" dealer="1" win="50" bet="40" muck="1" rebuy="0" addon="0" merge="0" rebuychips="0" reg_code="5066121027"/>
<player seat="6" name="Exivezzz2323" chips="500" dealer="0" win="0" bet="10" muck="1" rebuy="0" addon="0" merge="0" rebuychips="0" reg_code="5066121031"/>
</players>
</general>
<round no="0"><action no="1" player="Exivezzz2323" type="1" discard="1" dealt="1" sum="10"/>
<action no="2" player="KOPKHUNKRAP" type="2" sum="20"/>
</round>
<round no="1"><cards type="Pocket" player="KOPKHUNKRAP">H4 S7</cards>
<cards type="Pocket" player="deIduKA">X X</cards>
<cards type="Pocket" player="Exivezzz2323">X X</cards>
<action no="3" player="deIduKA" type="23" discard="1" dealt="1" sum="40"/>
<action no="4" player="Exivezzz2323" type="0" discard="1" dealt="1" sum="0"/>
<action no="5" player="KOPKHUNKRAP" type="0" sum="0"/>
</round>
</game>
<game gamecode="6504807589"><general><startdate>2025-10-14 13:42:19</startdate>
<round>1</round>
<failsafecounter/>
<players><player seat="3" name="deIduKA" chips="530" dealer="0" win="20" bet="20" muck="1" rebuy="0" addon="0" merge="0" rebuychips="0" reg_code="5066121027"/>
<player seat="6" name="Exivezzz2323" chips="490" dealer="1" win="0" bet="0" muck="1" rebuy="0" addon="0" merge="0" rebuychips="0" reg_code="5066121031"/>
<player seat="10" name="KOPKHUNKRAP" chips="480" dealer="0" win="0" bet="10" muck="1" rebuy="0" addon="0" merge="0" rebuychips="0" reg_code="5066122169"/>
</players>
</general>
<round no="0"><action no="1" player="KOPKHUNKRAP" type="1" sum="10"/>
<action no="2" player="deIduKA" type="2" discard="1" dealt="1" sum="20"/>
</round>
<round no="1"><cards type="Pocket" player="deIduKA">X X</cards>
<cards type="Pocket" player="Exivezzz2323">X X</cards>
<cards type="Pocket" player="KOPKHUNKRAP">S5 H6</cards>
<action no="3" player="Exivezzz2323" type="0" discard="1" dealt="1" sum="0"/>
<action no="4" player="KOPKHUNKRAP" type="0" sum="0"/>
</round>
</game>
<game gamecode="6504807606"><general><startdate>2025-10-14 13:42:27</startdate>
<round>1</round>
<failsafecounter/>
<players><player seat="6" name="Exivezzz2323" chips="490" dealer="0" win="90" bet="67" muck="1" rebuy="0" addon="0" merge="0" rebuychips="0" reg_code="5066121031"/>
<player seat="10" name="KOPKHUNKRAP" chips="470" dealer="1" win="0" bet="40" muck="1" rebuy="0" addon="0" merge="0" rebuychips="0" reg_code="5066122169"/>
<player seat="3" name="deIduKA" chips="540" dealer="0" win="0" bet="10" muck="1" rebuy="0" addon="0" merge="0" rebuychips="0" reg_code="5066121027"/>
</players>
</general>
<round no="0"><action no="1" player="deIduKA" type="1" discard="1" dealt="1" sum="10"/>
<action no="2" player="Exivezzz2323" type="2" discard="1" dealt="1" sum="20"/>
</round>
<round no="1"><cards type="Pocket" player="Exivezzz2323">X X</cards>
<cards type="Pocket" player="KOPKHUNKRAP">C10 SJ</cards>
<cards type="Pocket" player="deIduKA">X X</cards>
<action no="3" player="KOPKHUNKRAP" type="23" sum="40"/>
<action no="4" player="deIduKA" type="0" discard="1" dealt="1" sum="0"/>
<action no="5" player="Exivezzz2323" type="3" discard="1" dealt="1" sum="20"/>
</round>
<round no="2"><cards type="Flop">C6 D9 H9</cards>
<action no="6" player="Exivezzz2323" type="4" discard="1" dealt="1" sum="0"/>
<action no="7" player="KOPKHUNKRAP" type="4" sum="0"/>
</round>
<round no="3"><cards type="Turn">C9</cards>
<action no="8" player="Exivezzz2323" type="5" discard="1" dealt="1" sum="27"/>
<action no="9" player="KOPKHUNKRAP" type="0" sum="0"/>
</round>
</game>
<game gamecode="6504807670"><general><startdate>2025-10-14 13:42:57</startdate>
<round>1</round>
<failsafecounter/>
<players><player seat="10" name="KOPKHUNKRAP" chips="430" dealer="0" win="0" bet="20" muck="1" rebuy="0" addon="0" merge="0" rebuychips="0" reg_code="5066122169"/>
<player seat="3" name="deIduKA" chips="530" dealer="1" win="0" bet="0" muck="1" rebuy="0" addon="0" merge="0" rebuychips="0" reg_code="5066121027"/>
<player seat="6" name="Exivezzz2323" chips="540" dealer="0" win="40" bet="50" muck="1" rebuy="0" addon="0" merge="0" rebuychips="0" reg_code="5066121031"/>
</players>
</general>
<round no="0"><action no="1" player="Exivezzz2323" type="1" discard="1" dealt="1" sum="10"/>
<action no="2" player="KOPKHUNKRAP" type="2" sum="20"/>
</round>
<round no="1"><cards type="Pocket" player="deIduKA">X X</cards>
<cards type="Pocket" player="Exivezzz2323">X X</cards>
<cards type="Pocket" player="KOPKHUNKRAP">D10 C3</cards>
<action no="3" player="deIduKA" type="0" discard="1" dealt="1" sum="0"/>
<action no="4" player="Exivezzz2323" type="23" discard="1" dealt="1" sum="50"/>
<action no="5" player="KOPKHUNKRAP" type="0" sum="0"/>
</round>
</game>
<game gamecode="6504807708"><general><startdate>2025-10-14 13:43:10</startdate>
<round>1</round>
<failsafecounter/>
<players><player seat="3" name="deIduKA" chips="530" dealer="0" win="0" bet="20" muck="1" rebuy="0" addon="0" merge="0" rebuychips="0" reg_code="5066121027"/>
<player seat="6" name="Exivezzz2323" chips="560" dealer="1" win="50" bet="40" muck="1" rebuy="0" addon="0" merge="0" rebuychips="0" reg_code="5066121031"/>
<player seat="10" name="KOPKHUNKRAP" chips="410" dealer="0" win="0" bet="10" muck="1" rebuy="0" addon="0" merge="0" rebuychips="0" reg_code="5066122169"/>
</players>
</general>
<round no="0"><action no="1" player="KOPKHUNKRAP" type="1" sum="10"/>
<action no="2" player="deIduKA" type="2" discard="1" dealt="1" sum="20"/>
</round>
<round no="1"><cards type="Pocket" player="Exivezzz2323">X X</cards>
<cards type="Pocket" player="deIduKA">X X</cards>
<cards type="Pocket" player="KOPKHUNKRAP">H3 DA</cards>
<action no="3" player="Exivezzz2323" type="23" discard="1" dealt="1" sum="40"/>
<action no="4" player="KOPKHUNKRAP" type="0" sum="0"/>
<action no="5" player="deIduKA" type="0" discard="1" dealt="1" sum="0"/>
</round>
</game>
<game gamecode="6504807730"><general><startdate>2025-10-14 13:43:21</startdate>
<round>1</round>
<failsafecounter/>
<players><player seat="6" name="Exivezzz2323" chips="590" dealer="0" win="0" bet="50" muck="1" rebuy="0" addon="0" merge="0" rebuychips="0" reg_code="5066121031"/>
<player seat="10" name="KOPKHUNKRAP" chips="400" dealer="1" win="0" bet="0" muck="1" rebuy="0" addon="0" merge="0" rebuychips="0" reg_code="5066122169"/>
<player seat="3" name="deIduKA" chips="510" dealer="0" win="100" bet="83" muck="1" rebuy="0" addon="0" merge="0" rebuychips="0" reg_code="5066121027"/>
</players>
</general>
<round no="0"><action no="1" player="deIduKA" type="1" discard="1" dealt="1" sum="10"/>
<action no="2" player="Exivezzz2323" type="2" discard="1" dealt="1" sum="20"/>
</round>
<round no="1"><cards type="Pocket" player="Exivezzz2323">X X</cards>
<cards type="Pocket" player="KOPKHUNKRAP">C10 H9</cards>
<cards type="Pocket" player="deIduKA">X X</cards>
<action no="3" player="KOPKHUNKRAP" type="0" sum="0"/>
<action no="4" player="deIduKA" type="23" discard="1" dealt="1" sum="50"/>
<action no="5" player="Exivezzz2323" type="3" discard="1" dealt="1" sum="30"/>
</round>
<round no="2"><cards type="Flop">SA S4 H6</cards>
<action no="6" player="deIduKA" type="5" discard="1" dealt="1" sum="33"/>
<action no="7" player="Exivezzz2323" type="0" discard="1" dealt="1" sum="0"/>
</round>
</game>
<game gamecode="6504807788"><general><startdate>2025-10-14 13:43:45</startdate>
<round>1</round>
<failsafecounter/>
<players><player seat="10" name="KOPKHUNKRAP" chips="400" dealer="0" win="75" bet="400" muck="1" rebuy="0" addon="0" merge="0" rebuychips="0" reg_code="5066122169"/>
<player seat="3" name="deIduKA" chips="560" dealer="1" win="0" bet="5" muck="1" rebuy="0" addon="0" merge="0" rebuychips="0" reg_code="5066121027"/>
<player seat="6" name="Exivezzz2323" chips="540" dealer="0" win="0" bet="35" muck="1" rebuy="0" addon="0" merge="0" rebuychips="0" reg_code="5066121031"/>
</players>
</general>
<round no="0"><action no="1" player="Exivezzz2323" type="15" discard="1" dealt="1" sum="5"/>
<action no="2" player="KOPKHUNKRAP" type="15" sum="5"/>
<action no="3" player="deIduKA" type="15" discard="1" dealt="1" sum="5"/>
<action no="4" player="Exivezzz2323" type="1" discard="1" dealt="1" sum="15"/>
<action no="5" player="KOPKHUNKRAP" type="2" sum="30"/>
</round>
<round no="1"><cards type="Pocket" player="deIduKA">X X</cards>
<cards type="Pocket" player="KOPKHUNKRAP">DA D4</cards>
<cards type="Pocket" player="Exivezzz2323">X X</cards>
<action no="6" player="deIduKA" type="0" discard="1" dealt="1" sum="0"/>
<action no="7" player="Exivezzz2323" type="3" discard="1" dealt="1" sum="15"/>
<action no="8" player="KOPKHUNKRAP" type="23" sum="395"/>
<action no="9" player="Exivezzz2323" type="0" discard="1" dealt="1" sum="0"/>
</round>
</game>
<game gamecode="6504807839"><general><startdate>2025-10-14 13:44:08</startdate>
<round>1</round>
<failsafecounter/>
<players><player seat="3" name="deIduKA" chips="555" dealer="0" win="0" bet="35" muck="1" rebuy="0" addon="0" merge="0" rebuychips="0" reg_code="5066121027"/>
<player seat="6" name="Exivezzz2323" chips="505" dealer="1" win="90" bet="65" muck="1" rebuy="0" addon="0" merge="0" rebuychips="0" reg_code="5066121031"/>
<player seat="10" name="KOPKHUNKRAP" chips="440" dealer="0" win="0" bet="20" muck="1" rebuy="0" addon="0" merge="0" rebuychips="0" reg_code="5066122169"/>
</players>
</general>
<round no="0"><action no="1" player="KOPKHUNKRAP" type="15" sum="5"/>
<action no="2" player="deIduKA" type="15" discard="1" dealt="1" sum="5"/>
<action no="3" player="Exivezzz2323" type="15" discard="1" dealt="1" sum="5"/>
<action no="4" player="KOPKHUNKRAP" type="1" sum="15"/>
<action no="5" player="deIduKA" type="2" discard="1" dealt="1" sum="30"/>
</round>
<round no="1"><cards type="Pocket" player="Exivezzz2323">X X</cards>
<cards type="Pocket" player="deIduKA">X X</cards>
<cards type="Pocket" player="KOPKHUNKRAP">C2 DJ</cards>
<action no="6" player="Exivezzz2323" type="23" discard="1" dealt="1" sum="60"/>
<action no="7" player="KOPKHUNKRAP" type="0" sum="0"/>
<action no="8" player="deIduKA" type="0" discard="1" dealt="1" sum="0"/>
</round>
</game>
<game gamecode="6504807872"><general><startdate>2025-10-14 13:44:22</startdate>
<round>1</round>
<failsafecounter/>
<players><player seat="6" name="Exivezzz2323" chips="560" dealer="0" win="0" bet="35" muck="1" rebuy="0" addon="0" merge="0" rebuychips="0" reg_code="5066121031"/>
<player seat="10" name="KOPKHUNKRAP" chips="420" dealer="1" win="0" bet="5" muck="1" rebuy="0" addon="0" merge="0" rebuychips="0" reg_code="5066122169"/>
<player seat="3" name="deIduKA" chips="520" dealer="0" win="75" bet="520" muck="1" rebuy="0" addon="0" merge="0" rebuychips="0" reg_code="5066121027"/>
</players>
</general>
<round no="0"><action no="1" player="deIduKA" type="15" discard="1" dealt="1" sum="5"/>
<action no="2" player="Exivezzz2323" type="15" discard="1" dealt="1" sum="5"/>
<action no="3" player="KOPKHUNKRAP" type="15" sum="5"/>
<action no="4" player="deIduKA" type="1" discard="1" dealt="1" sum="15"/>
<action no="5" player="Exivezzz2323" type="2" discard="1" dealt="1" sum="30"/>
</round>
<round no="1"><cards type="Pocket" player="KOPKHUNKRAP">H7 C4</cards>
<cards type="Pocket" player="deIduKA">X X</cards>
<cards type="Pocket" player="Exivezzz2323">X X</cards>
<action no="6" player="KOPKHUNKRAP" type="0" sum="0"/>
<action no="7" player="deIduKA" type="23" discard="1" dealt="1" sum="515"/>
<action no="8" player="Exivezzz2323" type="0" discard="1" dealt="1" sum="0"/>
</round>
</game>
<game gamecode="6504807910"><general><startdate>2025-10-14 13:44:36</startdate>
<round>1</round>
<failsafecounter/>
<players><player seat="10" name="KOPKHUNKRAP" chips="415" dealer="0" win="135" bet="415" muck="1" rebuy="0" addon="0" merge="0" rebuychips="0" reg_code="5066122169"/>
<player seat="3" name="deIduKA" chips="560" dealer="1" win="0" bet="5" muck="1" rebuy="0" addon="0" merge="0" rebuychips="0" reg_code="5066121027"/>
<player seat="6" name="Exivezzz2323" chips="525" dealer="0" win="0" bet="65" muck="1" rebuy="0" addon="0" merge="0" rebuychips="0" reg_code="5066121031"/>
</players>
</general>
<round no="0"><action no="1" player="Exivezzz2323" type="15" discard="1" dealt="1" sum="5"/>
<action no="2" player="KOPKHUNKRAP" type="15" sum="5"/>
<action no="3" player="deIduKA" type="15" discard="1" dealt="1" sum="5"/>
<action no="4" player="Exivezzz2323" type="1" discard="1" dealt="1" sum="15"/>
<action no="5" player="KOPKHUNKRAP" type="2" sum="30"/>
</round>
<round no="1"><cards type="Pocket" player="KOPKHUNKRAP">DA S9</cards>
<cards type="Pocket" player="deIduKA">X X</cards>
<cards type="Pocket" player="Exivezzz2323">X X</cards>
<action no="6" player="deIduKA" type="0" discard="1" dealt="1" sum="0"/>
<action no="7" player="Exivezzz2323" type="23" discard="1" dealt="1" sum="60"/>
<action no="8" player="KOPKHUNKRAP" type="23" sum="410"/>
<action no="9" player="Exivezzz2323" type="0" discard="1" dealt="1" sum="0"/>
</round>
</game>
<game gamecode="6504807950"><general><startdate>2025-10-14 13:44:51</startdate>
<round>1</round>
<failsafecounter/>
<players><player seat="3" name="deIduKA" chips="555" dealer="0" win="0" bet="35" muck="1" rebuy="0" addon="0" merge="0" rebuychips="0" reg_code="5066121027"/>
<player seat="6" name="Exivezzz2323" chips="460" dealer="1" win="90" bet="65" muck="1" rebuy="0" addon="0" merge="0" rebuychips="0" reg_code="5066121031"/>
<player seat="10" name="KOPKHUNKRAP" chips="485" dealer="0" win="0" bet="20" muck="1" rebuy="0" addon="0" merge="0" rebuychips="0" reg_code="5066122169"/>
</players>
</general>
<round no="0"><action no="1" player="KOPKHUNKRAP" type="15" sum="5"/>
<action no="2" player="deIduKA" type="15" discard="1" dealt="1" sum="5"/>
<action no="3" player="Exivezzz2323" type="15" discard="1" dealt="1" sum="5"/>
<action no="4" player="KOPKHUNKRAP" type="1" sum="15"/>
<action no="5" player="deIduKA" type="2" discard="1" dealt="1" sum="30"/>
</round>
<round no="1"><cards type="Pocket" player="KOPKHUNKRAP">D5 H3</cards>
<cards type="Pocket" player="Exivezzz2323">X X</cards>
<cards type="Pocket" player="deIduKA">X X</cards>
<action no="6" player="Exivezzz2323" type="23" discard="1" dealt="1" sum="60"/>
<action no="7" player="KOPKHUNKRAP" type="0" sum="0"/>
<action no="8" player="deIduKA" type="0" discard="1" dealt="1" sum="0"/>
</round>
</game>
<game gamecode="6504807974"><general><startdate>2025-10-14 13:44:59</startdate>
<round>1</round>
<failsafecounter/>
<players><player seat="6" name="Exivezzz2323" chips="515" dealer="0" win="210" bet="155" muck="1" rebuy="0" addon="0" merge="0" rebuychips="0" reg_code="5066121031"/>
<player seat="10" name="KOPKHUNKRAP" chips="465" dealer="1" win="0" bet="95" muck="1" rebuy="0" addon="0" merge="0" rebuychips="0" reg_code="5066122169"/>
<player seat="3" name="deIduKA" chips="520" dealer="0" win="0" bet="20" muck="1" rebuy="0" addon="0" merge="0" rebuychips="0" reg_code="5066121027"/>
</players>
</general>
<round no="0"><action no="1" player="deIduKA" type="15" discard="1" dealt="1" sum="5"/>
<action no="2" player="Exivezzz2323" type="15" discard="1" dealt="1" sum="5"/>
<action no="3" player="KOPKHUNKRAP" type="15" sum="5"/>
<action no="4" player="deIduKA" type="1" discard="1" dealt="1" sum="15"/>
<action no="5" player="Exivezzz2323" type="2" discard="1" dealt="1" sum="30"/>
</round>
<round no="1"><cards type="Pocket" player="Exivezzz2323">X X</cards>
<cards type="Pocket" player="deIduKA">X X</cards>
<cards type="Pocket" player="KOPKHUNKRAP">S8 D8</cards>
<action no="6" player="KOPKHUNKRAP" type="23" sum="60"/>
<action no="7" player="deIduKA" type="0" discard="1" dealt="1" sum="0"/>
<action no="8" player="Exivezzz2323" type="3" discard="1" dealt="1" sum="30"/>
</round>
<round no="2"><cards type="Flop">SQ HK S9</cards>
<action no="9" player="Exivezzz2323" type="4" discard="1" dealt="1" sum="0"/>
<action no="10" player="KOPKHUNKRAP" type="5" sum="30"/>
<action no="11" player="Exivezzz2323" type="23" discard="1" dealt="1" sum="90"/>
<action no="12" player="KOPKHUNKRAP" type="0" sum="0"/>
</round>
</game>
<game gamecode="6504808027"><general><startdate>2025-10-14 13:45:19</startdate>
<round>1</round>
<failsafecounter/>
<players><player seat="10" name="KOPKHUNKRAP" chips="370" dealer="0" win="45" bet="35" muck="1" rebuy="0" addon="0" merge="0" rebuychips="0" reg_code="5066122169"/>
<player seat="3" name="deIduKA" chips="500" dealer="1" win="0" bet="5" muck="1" rebuy="0" addon="0" merge="0" rebuychips="0" reg_code="5066121027"/>
<player seat="6" name="Exivezzz2323" chips="630" dealer="0" win="0" bet="20" muck="1" rebuy="0" addon="0" merge="0" rebuychips="0" reg_code="5066121031"/>
</players>
</general>
<round no="0"><action no="1" player="Exivezzz2323" type="15" discard="1" dealt="1" sum="5"/>
<action no="2" player="KOPKHUNKRAP" type="15" sum="5"/>
<action no="3" player="deIduKA" type="15" discard="1" dealt="1" sum="5"/>
<action no="4" player="Exivezzz2323" type="1" discard="1" dealt="1" sum="15"/>
<action no="5" player="KOPKHUNKRAP" type="2" sum="30"/>
</round>
<round no="1"><cards type="Pocket" player="KOPKHUNKRAP">CK H2</cards>
<cards type="Pocket" player="deIduKA">X X</cards>
<cards type="Pocket" player="Exivezzz2323">X X</cards>
<action no="6" player="deIduKA" type="0" discard="1" dealt="1" sum="0"/>
<action no="7" player="Exivezzz2323" type="0" discard="1" dealt="1" sum="0"/>
</round>
</game>
<game gamecode="6504808054"><general><startdate>2025-10-14 13:45:30</startdate>
<round>1</round>
<failsafecounter/>
<players><player seat="3" name="deIduKA" chips="495" dealer="0" win="0" bet="45" muck="1" rebuy="0" addon="0" merge="0" rebuychips="0" reg_code="5066121027"/>
<player seat="6" name="Exivezzz2323" chips="610" dealer="1" win="0" bet="5" muck="1" rebuy="0" addon="0" merge="0" rebuychips="0" reg_code="5066121031"/>
<player seat="10" name="KOPKHUNKRAP" chips="395" dealer="0" win="95" bet="395" muck="1" rebuy="0" addon="0" merge="0" rebuychips="0" reg_code="5066122169"/>
</players>
</general>
<round no="0"><action no="1" player="KOPKHUNKRAP" type="15" sum="5"/>
<action no="2" player="deIduKA" type="15" discard="1" dealt="1" sum="5"/>
<action no="3" player="Exivezzz2323" type="15" discard="1" dealt="1" sum="5"/>
<action no="4" player="KOPKHUNKRAP" type="1" sum="20"/>
<action no="5" player="deIduKA" type="2" discard="1" dealt="1" sum="40"/>
</round>
<round no="1"><cards type="Pocket" player="deIduKA">X X</cards>
<cards type="Pocket" player="KOPKHUNKRAP">H7 HJ</cards>
<cards type="Pocket" player="Exivezzz2323">X X</cards>
<action no="6" player="Exivezzz2323" type="0" discard="1" dealt="1" sum="0"/>
<action no="7" player="KOPKHUNKRAP" type="23" sum="390"/>
<action no="8" player="deIduKA" type="0" discard="1" dealt="1" sum="0"/>
</round>
</game>
<game gamecode="6504808079"><general><startdate>2025-10-14 13:45:38</startdate>
<round>1</round>
<failsafecounter/>
<players><player seat="6" name="Exivezzz2323" chips="605" dealer="0" win="0" bet="45" muck="1" rebuy="0" addon="0" merge="0" rebuychips="0" reg_code="5066121031"/>
<player seat="10" name="KOPKHUNKRAP" chips="445" dealer="1" win="0" bet="5" muck="1" rebuy="0" addon="0" merge="0" rebuychips="0" reg_code="5066122169"/>
<player seat="3" name="deIduKA" chips="450" dealer="0" win="95" bet="450" muck="1" rebuy="0" addon="0" merge="0" rebuychips="0" reg_code="5066121027"/>
</players>
</general>
<round no="0"><action no="1" player="deIduKA" type="15" discard="1" dealt="1" sum="5"/>
<action no="2" player="Exivezzz2323" type="15" discard="1" dealt="1" sum="5"/>
<action no="3" player="KOPKHUNKRAP" type="15" sum="5"/>
<action no="4" player="deIduKA" type="1" discard="1" dealt="1" sum="20"/>
<action no="5" player="Exivezzz2323" type="2" discard="1" dealt="1" sum="40"/>
</round>
<round no="1"><cards type="Pocket" player="deIduKA">X X</cards>
<cards type="Pocket" player="Exivezzz2323">X X</cards>
<cards type="Pocket" player="KOPKHUNKRAP">C8 H3</cards>
<action no="6" player="KOPKHUNKRAP" type="0" sum="0"/>
<action no="7" player="deIduKA" type="23" discard="1" dealt="1" sum="445"/>
<action no="8" player="Exivezzz2323" type="0" discard="1" dealt="1" sum="0"/>
</round>
</game>
<game gamecode="6504808117"><general><startdate>2025-10-14 13:45:52</startdate>
<round>1</round>
<failsafecounter/>
<players><player seat="10" name="KOPKHUNKRAP" chips="440" dealer="0" win="0" bet="440" muck="0" rebuy="0" addon="0" merge="0" rebuychips="0" reg_code="5066122169"/>
<player seat="3" name="deIduKA" chips="500" dealer="1" win="905" bet="500" muck="0" rebuy="0" addon="0" merge="0" rebuychips="0" reg_code="5066121027"/>
<player seat="6" name="Exivezzz2323" chips="560" dealer="0" win="0" bet="25" muck="1" rebuy="0" addon="0" merge="0" rebuychips="0" reg_code="5066121031"/>
</players>
</general>
<round no="0"><action no="1" player="Exivezzz2323" type="15" discard="1" dealt="1" sum="5"/>
<action no="2" player="KOPKHUNKRAP" type="15" sum="5"/>
<action no="3" player="deIduKA" type="15" discard="1" dealt="1" sum="5"/>
<action no="4" player="Exivezzz2323" type="1" discard="1" dealt="1" sum="20"/>
<action no="5" player="KOPKHUNKRAP" type="2" sum="40"/>
</round>
<round no="1"><cards type="Pocket" player="Exivezzz2323">X X</cards>
<cards type="Pocket" player="KOPKHUNKRAP">SA S10</cards>
<cards type="Pocket" player="deIduKA">SJ DK</cards>
<action no="6" player="deIduKA" type="23" discard="1" dealt="1" sum="495"/>
<action no="7" player="Exivezzz2323" type="0" discard="1" dealt="1" sum="0"/>
<action no="8" player="KOPKHUNKRAP" type="7" sum="395"/>
</round>
<round no="2"><cards type="Flop">D8 CQ DJ</cards>
</round>
<round no="3"><cards type="Turn">S7</cards>
</round>
<round no="4"><cards type="River">C5</cards>
</round>
</game>
</session>
