<?xml version="1.0" encoding="UTF-8"?>
<session sessioncode="5066289287">
<general>
<client_version>24.3.1.9</client_version>
<mode>real</mode>
<gametype>Holdem NL</gametype>
<tablename>Twister €200 SNG, 819741238</tablename>
<tournamentcode>819741237</tournamentcode>
<tournamentname>Twister €200 SNG</tournamentname>
<buyin>€0 + €12 + €188</buyin>
<totalbuyin>€200</totalbuyin>
<rewarddrawn>€400</rewarddrawn>
<tournamentcurrency>EUR</tournamentcurrency>
<currency>EUR</currency>
<nickname>KOPKHUNKRAP</nickname>
<gamecount>15</gamecount>
<startdate>2025-10-15 03:07:13</startdate>
<place>2</place>
<win>€0</win>
<tablesize>3</tablesize>
</general>
<game gamecode="6505511214"><general><startdate>2025-10-15 03:07:29</startdate>
<round>1</round>
<failsafecounter/>
<players><player seat="10" name="KOPKHUNKRAP" chips="500" dealer="0" win="0" bet="20" muck="1" rebuy="0" addon="0" merge="0" rebuychips="0" reg_code="5066289287"/>
<player seat="3" name="Wizowizo98" chips="500" dealer="1" win="0" bet="0" muck="1" rebuy="0" addon="0" merge="0" rebuychips="0" reg_code="5066289279"/>
<player seat="6" name="Aomanuahi" chips="500" dealer="0" win="40" bet="50" muck="1" rebuy="0" addon="0" merge="0" rebuychips="0" reg_code="5066289228"/>
</players>
</general>
<round no="0"><action no="1" player="Aomanuahi" type="1" discard="1" dealt="1" sum="10"/>
<action no="2" player="KOPKHUNKRAP" type="2" sum="20"/>
</round>
<round no="1"><cards type="Pocket" player="Wizowizo98">X X</cards>
<cards type="Pocket" player="Aomanuahi">X X</cards>
<cards type="Pocket" player="KOPKHUNKRAP">C6 S2</cards>
<action no="3" player="Wizowizo98" type="0" discard="1" dealt="1" sum="0"/>
<action no="4" player="Aomanuahi" type="23" discard="1" dealt="1" sum="50"/>
<action no="5" player="KOPKHUNKRAP" type="0" sum="0"/>
</round>
</game>
<game gamecode="6505511235"><general><startdate>2025-10-15 03:07:44</startdate>
<round>1</round>
<failsafecounter/>
<players><player seat="3" name="Wizowizo98" chips="500" dealer="0" win="80" bet="75" muck="1" rebuy="0" addon="0" merge="0" rebuychips="0" reg_code="5066289279"/>
<player seat="6" name="Aomanuahi" chips="520" dealer="1" win="0" bet="0" muck="1" rebuy="0" addon="0" merge="0" rebuychips="0" reg_code="5066289228"/>
<player seat="10" name="KOPKHUNKRAP" chips="480" dealer="0" win="0" bet="40" muck="1" rebuy="0" addon="0" merge="0" rebuychips="0" reg_code="5066289287"/>
</players>
</general>
<round no="0"><action no="1" player="KOPKHUNKRAP" type="1" sum="10"/>
<action no="2" player="Wizowizo98" type="2" discard="1" dealt="1" sum="20"/>
</round>
<round no="1"><cards type="Pocket" player="Wizowizo98">X X</cards>
<cards type="Pocket" player="Aomanuahi">X X</cards>
<cards type="Pocket" player="KOPKHUNKRAP">CK S2</cards>
<action no="3" player="Aomanuahi" type="0" discard="1" dealt="1" sum="0"/>
<action no="4" player="KOPKHUNKRAP" type="3" sum="10"/>
<action no="5" player="Wizowizo98" type="4" discard="1" dealt="1" sum="0"/>
</round>
<round no="2"><cards type="Flop">D8 S5 H8</cards>
<action no="6" player="KOPKHUNKRAP" type="5" sum="20"/>
<action no="7" player="Wizowizo98" type="23" discard="1" dealt="1" sum="55"/>
<action no="8" player="KOPKHUNKRAP" type="0" sum="0"/>
</round>
</game>
<game gamecode="6505511266"><general><startdate>2025-10-15 03:08:07</startdate>
<round>1</round>
<failsafecounter/>
<players><player seat="6" name="Aomanuahi" chips="520" dealer="0" win="20" bet="20" muck="1" rebuy="0" addon="0" merge="0" rebuychips="0" reg_code="5066289228"/>
<player seat="10" name="KOPKHUNKRAP" chips="440" dealer="1" win="0" bet="0" muck="1" rebuy="0" addon="0" merge="0" rebuychips="0" reg_code="5066289287"/>
<player seat="3" name="Wizowizo98" chips="540" dealer="0" win="0" bet="10" muck="1" rebuy="0" addon="0" merge="0" rebuychips="0" reg_code="5066289279"/>
</players>
</general>
<round no="0"><action no="1" player="Wizowizo98" type="1" discard="1" dealt="1" sum="10"/>
<action no="2" player="Aomanuahi" type="2" discard="1" dealt="1" sum="20"/>
</round>
<round no="1"><cards type="Pocket" player="Aomanuahi">X X</cards>
<cards type="Pocket" player="KOPKHUNKRAP">D10 D3</cards>
<cards type="Pocket" player="Wizowizo98">X X</cards>
<action no="3" player="KOPKHUNKRAP" type="0" sum="0"/>
<action no="4" player="Wizowizo98" type="0" discard="1" dealt="1" sum="0"/>
</round>
</game>
<game gamecode="6505511276"><general><startdate>2025-10-15 03:08:15</startdate>
<round>1</round>
<failsafecounter/>
<players><player seat="10" name="KOPKHUNKRAP" chips="440" dealer="0" win="0" bet="40" muck="1" rebuy="0" addon="0" merge="0" rebuychips="0" reg_code="5066289287"/>
<player seat="3" name="Wizowizo98" chips="530" dealer="1" win="90" bet="89" muck="1" rebuy="0" addon="0" merge="0" rebuychips="0" reg_code="5066289279"/>
<player seat="6" name="Aomanuahi" chips="530" dealer="0" win="0" bet="10" muck="1" rebuy="0" addon="0" merge="0" rebuychips="0" reg_code="5066289228"/>
</players>
</general>
<round no="0"><action no="1" player="Aomanuahi" type="1" discard="1" dealt="1" sum="10"/>
<action no="2" player="KOPKHUNKRAP" type="2" sum="20"/>
</round>
<round no="1"><cards type="Pocket" player="KOPKHUNKRAP">C4 CQ</cards>
<cards type="Pocket" player="Aomanuahi">X X</cards>
<cards type="Pocket" player="Wizowizo98">X X</cards>
<action no="3" player="Wizowizo98" type="23" discard="1" dealt="1" sum="40"/>
<action no="4" player="Aomanuahi" type="0" discard="1" dealt="1" sum="0"/>
<action no="5" player="KOPKHUNKRAP" type="3" sum="20"/>
</round>
<round no="2"><cards type="Flop">S9 S4 H7</cards>
<action no="6" player="KOPKHUNKRAP" type="4" sum="0"/>
<action no="7" player="Wizowizo98" type="5" discard="1" dealt="1" sum="49"/>
<action no="8" player="KOPKHUNKRAP" type="0" sum="0"/>
</round>
</game>
<game gamecode="6505511297"><general><startdate>2025-10-15 03:08:31</startdate>
<round>1</round>
<failsafecounter/>
<players><player seat="3" name="Wizowizo98" chips="580" dealer="0" win="0" bet="140" muck="1" rebuy="0" addon="0" merge="0" rebuychips="0" reg_code="5066289279"/>
<player seat="6" name="Aomanuahi" chips="520" dealer="1" win="290" bet="520" muck="1" rebuy="0" addon="0" merge="0" rebuychips="0" reg_code="5066289228"/>
<player seat="10" name="KOPKHUNKRAP" chips="400" dealer="0" win="0" bet="10" muck="1" rebuy="0" addon="0" merge="0" rebuychips="0" reg_code="5066289287"/>
</players>
</general>
<round no="0"><action no="1" player="KOPKHUNKRAP" type="1" sum="10"/>
<action no="2" player="Wizowizo98" type="2" discard="1" dealt="1" sum="20"/>
</round>
<round no="1"><cards type="Pocket" player="KOPKHUNKRAP">HJ H4</cards>
<cards type="Pocket" player="Wizowizo98">X X</cards>
<cards type="Pocket" player="Aomanuahi">X X</cards>
<action no="3" player="Aomanuahi" type="23" discard="1" dealt="1" sum="40"/>
<action no="4" player="KOPKHUNKRAP" type="0" sum="0"/>
<action no="5" player="Wizowizo98" type="23" discard="1" dealt="1" sum="140"/>
<action no="6" player="Aomanuahi" type="23" discard="1" dealt="1" sum="520"/>
<action no="7" player="Wizowizo98" type="0" discard="1" dealt="1" sum="0"/>
</round>
</game>
<game gamecode="6505511312"><general><startdate>2025-10-15 03:08:46</startdate>
<round>1</round>
<failsafecounter/>
<players><player seat="6" name="Aomanuahi" chips="670" dealer="0" win="0" bet="50" muck="1" rebuy="0" addon="0" merge="0" rebuychips="0" reg_code="5066289228"/>
<player seat="10" name="KOPKHUNKRAP" chips="390" dealer="1" win="0" bet="0" muck="1" rebuy="0" addon="0" merge="0" rebuychips="0" reg_code="5066289287"/>
<player seat="3" name="Wizowizo98" chips="440" dealer="0" win="100" bet="50" muck="0" rebuy="0" addon="0" merge="0" rebuychips="0" reg_code="5066289279"/>
</players>
</general>
<round no="0"><action no="1" player="Wizowizo98" type="1" discard="1" dealt="1" sum="10"/>
<action no="2" player="Aomanuahi" type="2" discard="1" dealt="1" sum="20"/>
</round>
<round no="1"><cards type="Pocket" player="KOPKHUNKRAP">D6 H7</cards>
<cards type="Pocket" player="Aomanuahi">S7 S4</cards>
<cards type="Pocket" player="Wizowizo98">D2 CQ</cards>
<action no="3" player="KOPKHUNKRAP" type="0" sum="0"/>
<action no="4" player="Wizowizo98" type="23" discard="1" dealt="1" sum="50"/>
<action no="5" player="Aomanuahi" type="3" discard="1" dealt="1" sum="30"/>
</round>
<round no="2"><cards type="Flop">CK HA HQ</cards>
<action no="6" player="Wizowizo98" type="4" discard="1" dealt="1" sum="0"/>
<action no="7" player="Aomanuahi" type="4" discard="1" dealt="1" sum="0"/>
</round>
<round no="3"><cards type="Turn">DJ</cards>
<action no="8" player="Wizowizo98" type="4" discard="1" dealt="1" sum="0"/>
<action no="9" player="Aomanuahi" type="4" discard="1" dealt="1" sum="0"/>
</round>
<round no="4"><cards type="River">D4</cards>
<action no="10" player="Wizowizo98" type="4" discard="1" dealt="1" sum="0"/>
<action no="11" player="Aomanuahi" type="4" discard="1" dealt="1" sum="0"/>
</round>
</game>
<game gamecode="6505511345"><general><startdate>2025-10-15 03:09:12</startdate>
<round>1</round>
<failsafecounter/>
<players><player seat="10" name="KOPKHUNKRAP" chips="390" dealer="0" win="0" bet="35" muck="1" rebuy="0" addon="0" merge="0" rebuychips="0" reg_code="5066289287"/>
<player seat="3" name="Wizowizo98" chips="490" dealer="1" win="1,015" bet="490" muck="0" rebuy="0" addon="0" merge="0" rebuychips="0" reg_code="5066289279"/>
<player seat="6" name="Aomanuahi" chips="620" dealer="0" win="0" bet="620" muck="1" rebuy="0" addon="0" merge="0" rebuychips="0" reg_code="5066289228"/>
</players>
</general>
<round no="0"><action no="1" player="Aomanuahi" type="15" discard="1" dealt="1" sum="5"/>
<action no="2" player="KOPKHUNKRAP" type="15" sum="5"/>
<action no="3" player="Wizowizo98" type="15" discard="1" dealt="1" sum="5"/>
<action no="4" player="Aomanuahi" type="1" discard="1" dealt="1" sum="15"/>
<action no="5" player="KOPKHUNKRAP" type="2" sum="30"/>
</round>
<round no="1"><cards type="Pocket" player="Wizowizo98">HA D10</cards>
<cards type="Pocket" player="KOPKHUNKRAP">DK H8</cards>
<cards type="Pocket" player="Aomanuahi">C9 DA</cards>
<action no="6" player="Wizowizo98" type="23" discard="1" dealt="1" sum="60"/>
<action no="7" player="Aomanuahi" type="23" discard="1" dealt="1" sum="615"/>
<action no="8" player="KOPKHUNKRAP" type="0" sum="0"/>
<action no="9" player="Wizowizo98" type="7" discard="1" dealt="1" sum="425"/>
</round>
<round no="2"><cards type="Flop">S3 D8 H5</cards>
</round>
<round no="3"><cards type="Turn">D4</cards>
</round>
<round no="4"><cards type="River">H4</cards>
</round>
</game>
<game gamecode="6505511366"><general><startdate>2025-10-15 03:09:32</startdate>
<round>1</round>
<failsafecounter/>
<players><player seat="3" name="Wizowizo98" chips="1,015" dealer="0" win="0" bet="35" muck="1" rebuy="0" addon="0" merge="0" rebuychips="0" reg_code="5066289279"/>
<player seat="6" name="Aomanuahi" chips="130" dealer="1" win="0" bet="5" muck="1" rebuy="0" addon="0" merge="0" rebuychips="0" reg_code="5066289228"/>
<player seat="10" name="KOPKHUNKRAP" chips="355" dealer="0" win="75" bet="355" muck="1" rebuy="0" addon="0" merge="0" rebuychips="0" reg_code="5066289287"/>
</players>
</general>
<round no="0"><action no="1" player="KOPKHUNKRAP" type="15" sum="5"/>
<action no="2" player="Wizowizo98" type="15" discard="1" dealt="1" sum="5"/>
<action no="3" player="Aomanuahi" type="15" discard="1" dealt="1" sum="5"/>
<action no="4" player="KOPKHUNKRAP" type="1" sum="15"/>
<action no="5" player="Wizowizo98" type="2" discard="1" dealt="1" sum="30"/>
</round>
<round no="1"><cards type="Pocket" player="Aomanuahi">X X</cards>
<cards type="Pocket" player="KOPKHUNKRAP">HK C3</cards>
<cards type="Pocket" player="Wizowizo98">X X</cards>
<action no="6" player="Aomanuahi" type="0" discard="1" dealt="1" sum="0"/>
<action no="7" player="KOPKHUNKRAP" type="23" sum="350"/>
<action no="8" player="Wizowizo98" type="0" discard="1" dealt="1" sum="0"/>
</round>
</game>
<game gamecode="6505511376"><general><startdate>2025-10-15 03:09:45</startdate>
<round>1</round>
<failsafecounter/>
<players><player seat="6" name="Aomanuahi" chips="125" dealer="0" win="255" bet="125" muck="0" rebuy="0" addon="0" merge="0" rebuychips="0" reg_code="5066289228"/>
<player seat="10" name="KOPKHUNKRAP" chips="395" dealer="1" win="0" bet="5" muck="1" rebuy="0" addon="0" merge="0" rebuychips="0" reg_code="5066289287"/>
<player seat="3" name="Wizowizo98" chips="980" dealer="0" win="0" bet="980" muck="0" rebuy="0" addon="0" merge="0" rebuychips="0" reg_code="5066289279"/>
</players>
</general>
<round no="0"><action no="1" player="Wizowizo98" type="15" discard="1" dealt="1" sum="5"/>
<action no="2" player="Aomanuahi" type="15" discard="1" dealt="1" sum="5"/>
<action no="3" player="KOPKHUNKRAP" type="15" sum="5"/>
<action no="4" player="Wizowizo98" type="1" discard="1" dealt="1" sum="15"/>
<action no="5" player="Aomanuahi" type="2" discard="1" dealt="1" sum="30"/>
</round>
<round no="1"><cards type="Pocket" player="Aomanuahi">SA C4</cards>
<cards type="Pocket" player="KOPKHUNKRAP">C8 D2</cards>
<cards type="Pocket" player="Wizowizo98">C3 C10</cards>
<action no="6" player="KOPKHUNKRAP" type="0" sum="0"/>
<action no="7" player="Wizowizo98" type="23" discard="1" dealt="1" sum="975"/>
<action no="8" player="Aomanuahi" type="7" discard="1" dealt="1" sum="90"/>
</round>
<round no="2"><cards type="Flop">HK D4 C9</cards>
</round>
<round no="3"><cards type="Turn">H3</cards>
</round>
<round no="4"><cards type="River">HJ</cards>
</round>
</game>
<game gamecode="6505511397"><general><startdate>2025-10-15 03:10:01</startdate>
<round>1</round>
<failsafecounter/>
<players><player seat="10" name="KOPKHUNKRAP" chips="390" dealer="0" win="0" bet="35" muck="1" rebuy="0" addon="0" merge="0" rebuychips="0" reg_code="5066289287"/>
<player seat="3" name="Wizowizo98" chips="855" dealer="1" win="0" bet="5" muck="1" rebuy="0" addon="0" merge="0" rebuychips="0" reg_code="5066289279"/>
<player seat="6" name="Aomanuahi" chips="255" dealer="0" win="75" bet="255" muck="1" rebuy="0" addon="0" merge="0" rebuychips="0" reg_code="5066289228"/>
</players>
</general>
<round no="0"><action no="1" player="Aomanuahi" type="15" discard="1" dealt="1" sum="5"/>
<action no="2" player="KOPKHUNKRAP" type="15" sum="5"/>
<action no="3" player="Wizowizo98" type="15" discard="1" dealt="1" sum="5"/>
<action no="4" player="Aomanuahi" type="1" discard="1" dealt="1" sum="15"/>
<action no="5" player="KOPKHUNKRAP" type="2" sum="30"/>
</round>
<round no="1"><cards type="Pocket" player="Aomanuahi">X X</cards>
<cards type="Pocket" player="KOPKHUNKRAP">S9 H6</cards>
<cards type="Pocket" player="Wizowizo98">X X</cards>
<action no="6" player="Wizowizo98" type="0" discard="1" dealt="1" sum="0"/>
<action no="7" player="Aomanuahi" type="23" discard="1" dealt="1" sum="250"/>
<action no="8" player="KOPKHUNKRAP" type="0" sum="0"/>
</round>
</game>
<game gamecode="6505511417"><general><startdate>2025-10-15 03:10:18</startdate>
<round>1</round>
<failsafecounter/>
<players><player seat="3" name="Wizowizo98" chips="850" dealer="0" win="45" bet="35" muck="1" rebuy="0" addon="0" merge="0" rebuychips="0" reg_code="5066289279"/>
<player seat="6" name="Aomanuahi" chips="295" dealer="1" win="0" bet="5" muck="1" rebuy="0" addon="0" merge="0" rebuychips="0" reg_code="5066289228"/>
<player seat="10" name="KOPKHUNKRAP" chips="355" dealer="0" win="0" bet="20" muck="1" rebuy="0" addon="0" merge="0" rebuychips="0" reg_code="5066289287"/>
</players>
</general>
<round no="0"><action no="1" player="KOPKHUNKRAP" type="15" sum="5"/>
<action no="2" player="Wizowizo98" type="15" discard="1" dealt="1" sum="5"/>
<action no="3" player="Aomanuahi" type="15" discard="1" dealt="1" sum="5"/>
<action no="4" player="KOPKHUNKRAP" type="1" sum="15"/>
<action no="5" player="Wizowizo98" type="2" discard="1" dealt="1" sum="30"/>
</round>
<round no="1"><cards type="Pocket" player="Wizowizo98">X X</cards>
<cards type="Pocket" player="Aomanuahi">X X</cards>
<cards type="Pocket" player="KOPKHUNKRAP">S3 D8</cards>
<action no="6" player="Aomanuahi" type="0" discard="1" dealt="1" sum="0"/>
<action no="7" player="KOPKHUNKRAP" type="0" sum="0"/>
</round>
</game>
<game gamecode="6505511425"><general><startdate>2025-10-15 03:10:26</startdate>
<round>1</round>
<failsafecounter/>
<players><player seat="6" name="Aomanuahi" chips="290" dealer="0" win="0" bet="35" muck="1" rebuy="0" addon="0" merge="0" rebuychips="0" reg_code="5066289228"/>
<player seat="10" name="KOPKHUNKRAP" chips="335" dealer="1" win="0" bet="5" muck="1" rebuy="0" addon="0" merge="0" rebuychips="0" reg_code="5066289287"/>
<player seat="3" name="Wizowizo98" chips="875" dealer="0" win="75" bet="875" muck="1" rebuy="0" addon="0" merge="0" rebuychips="0" reg_code="5066289279"/>
</players>
</general>
<round no="0"><action no="1" player="Wizowizo98" type="15" discard="1" dealt="1" sum="5"/>
<action no="2" player="Aomanuahi" type="15" discard="1" dealt="1" sum="5"/>
<action no="3" player="KOPKHUNKRAP" type="15" sum="5"/>
<action no="4" player="Wizowizo98" type="1" discard="1" dealt="1" sum="15"/>
<action no="5" player="Aomanuahi" type="2" discard="1" dealt="1" sum="30"/>
</round>
<round no="1"><cards type="Pocket" player="Wizowizo98">X X</cards>
<cards type="Pocket" player="Aomanuahi">X X</cards>
<cards type="Pocket" player="KOPKHUNKRAP">D6 S5</cards>
<action no="6" player="KOPKHUNKRAP" type="0" sum="0"/>
<action no="7" player="Wizowizo98" type="23" discard="1" dealt="1" sum="870"/>
<action no="8" player="Aomanuahi" type="0" discard="1" dealt="1" sum="0"/>
</round>
</game>
<game gamecode="6505511457"><general><startdate>2025-10-15 03:10:59</startdate>
<round>1</round>
<failsafecounter/>
<players><player seat="10" name="KOPKHUNKRAP" chips="330" dealer="0" win="0" bet="45" muck="1" rebuy="0" addon="0" merge="0" rebuychips="0" reg_code="5066289287"/>
<player seat="3" name="Wizowizo98" chips="915" dealer="1" win="555" bet="915" muck="0" rebuy="0" addon="0" merge="0" rebuychips="0" reg_code="5066289279"/>
<player seat="6" name="Aomanuahi" chips="255" dealer="0" win="0" bet="255" muck="1" rebuy="0" addon="0" merge="0" rebuychips="0" reg_code="5066289228"/>
</players>
</general>
<round no="0"><action no="1" player="Aomanuahi" type="15" discard="1" dealt="1" sum="5"/>
<action no="2" player="KOPKHUNKRAP" type="15" sum="5"/>
<action no="3" player="Wizowizo98" type="15" discard="1" dealt="1" sum="5"/>
<action no="4" player="Aomanuahi" type="1" discard="1" dealt="1" sum="20"/>
<action no="5" player="KOPKHUNKRAP" type="2" sum="40"/>
</round>
<round no="1"><cards type="Pocket" player="Wizowizo98">S8 CJ</cards>
<cards type="Pocket" player="Aomanuahi">S10 SJ</cards>
<cards type="Pocket" player="KOPKHUNKRAP">D9 H3</cards>
<action no="6" player="Wizowizo98" type="23" discard="1" dealt="1" sum="910"/>
<action no="7" player="Aomanuahi" type="7" discard="1" dealt="1" sum="230"/>
<action no="8" player="KOPKHUNKRAP" type="0" sum="0"/>
</round>
<round no="2"><cards type="Flop">D5 D8 H8</cards>
</round>
<round no="3"><cards type="Turn">DJ</cards>
</round>
<round no="4"><cards type="River">D4</cards>
</round>
</game>
<game gamecode="6505511473"><general><startdate>2025-10-15 03:11:16</startdate>
<round>1</round>
<failsafecounter/>
<players><player seat="3" name="Wizowizo98" chips="1,215" dealer="0" win="0" bet="285" muck="1" rebuy="0" addon="0" merge="0" rebuychips="0" reg_code="5066289279"/>
<player seat="10" name="KOPKHUNKRAP" chips="285" dealer="1" win="570" bet="285" muck="0" rebuy="0" addon="0" merge="0" rebuychips="0" reg_code="5066289287"/>
</players>
</general>
<round no="0"><action no="1" player="KOPKHUNKRAP" type="15" sum="5"/>
<action no="2" player="Wizowizo98" type="15" discard="1" dealt="1" sum="5"/>
<action no="3" player="KOPKHUNKRAP" type="1" sum="20"/>
<action no="4" player="Wizowizo98" type="2" discard="1" dealt="1" sum="40"/>
</round>
<round no="1"><cards type="Pocket" player="KOPKHUNKRAP">H10 HA</cards>
<cards type="Pocket" player="Wizowizo98">S7 HJ</cards>
<action no="5" player="KOPKHUNKRAP" type="23" sum="280"/>
<action no="6" player="Wizowizo98" type="3" discard="1" dealt="1" sum="240"/>
</round>
<round no="2"><cards type="Flop">D3 H3 H4</cards>
</round>
<round no="3"><cards type="Turn">D4</cards>
</round>
<round no="4"><cards type="River">CQ</cards>
</round>
</game>
<game gamecode="6505511494"><general><startdate>2025-10-15 03:11:35</startdate>
<round>1</round>
<failsafecounter/>
<players><player seat="10" name="KOPKHUNKRAP" chips="570" dealer="0" win="0" bet="570" muck="1" rebuy="0" addon="0" merge="0" rebuychips="0" reg_code="5066289287"/>
<player seat="3" name="Wizowizo98" chips="930" dealer="1" win="1,140" bet="930" muck="0" rebuy="0" addon="0" merge="0" rebuychips="0" reg_code="5066289279"/>
</players>
</general>
<round no="0"><action no="1" player="Wizowizo98" type="15" discard="1" dealt="1" sum="5"/>
<action no="2" player="KOPKHUNKRAP" type="15" sum="5"/>
<action no="3" player="Wizowizo98" type="1" discard="1" dealt="1" sum="20"/>
<action no="4" player="KOPKHUNKRAP" type="2" sum="40"/>
</round>
<round no="1"><cards type="Pocket" player="Wizowizo98">C5 H5</cards>
<cards type="Pocket" player="KOPKHUNKRAP">C9 SA</cards>
<action no="5" player="Wizowizo98" type="23" discard="1" dealt="1" sum="925"/>
<action no="6" player="KOPKHUNKRAP" type="7" sum="525"/>
</round>
<round no="2"><cards type="Flop">DK D2 S4</cards>
</round>
<round no="3"><cards type="Turn">CQ</cards>
</round>
<round no="4"><cards type="River">D3</cards>
</round>
</game>
</session>
