<?xml version="1.0" encoding="UTF-8"?>
<session sessioncode="5066176854">
<general>
<client_version>24.7.1.15</client_version>
<mode>real</mode>
<gametype>Holdem NL</gametype>
<tablename>Twister €200 SNG, 819709914</tablename>
<tournamentcode>819709913</tournamentcode>
<tournamentname>Twister €200 SNG</tournamentname>
<buyin>€0 + €12 + €188</buyin>
<totalbuyin>€200</totalbuyin>
<rewarddrawn>€600</rewarddrawn>
<tournamentcurrency>EUR</tournamentcurrency>
<currency>EUR</currency>
<nickname>KOPKHUNKRAP</nickname>
<gamecount>9</gamecount>
<startdate>2025-10-14 18:46:14</startdate>
<place>3</place>
<win>€0</win>
<tablesize>3</tablesize>
</general>
<game gamecode="6505025890"><general><startdate>2025-10-14 18:46:30</startdate>
<round>1</round>
<failsafecounter/>
<players><player seat="3" name="ilCapo6" chips="500" dealer="0" win="0" bet="20" muck="1" rebuy="0" addon="0" merge="0" rebuychips="0" reg_code="5066176599"/>
<player seat="6" name="KOPKHUNKRAP" chips="500" dealer="1" win="50" bet="40" muck="1" rebuy="0" addon="0" merge="0" rebuychips="0" reg_code="5066176854"/>
<player seat="10" name="OndaBianca1" chips="500" dealer="0" win="0" bet="10" muck="1" rebuy="0" addon="0" merge="0" rebuychips="0" reg_code="5066176910"/>
</players>
</general>
<round no="0"><action no="1" player="OndaBianca1" type="1" discard="1" dealt="1" sum="10"/>
<action no="2" player="ilCapo6" type="2" discard="1" dealt="1" sum="20"/>
</round>
<round no="1"><cards type="Pocket" player="ilCapo6">X X</cards>
<cards type="Pocket" player="OndaBianca1">X X</cards>
<cards type="Pocket" player="KOPKHUNKRAP">D7 DJ</cards>
<action no="3" player="KOPKHUNKRAP" type="23" sum="40"/>
<action no="4" player="OndaBianca1" type="0" discard="1" dealt="1" sum="0"/>
<action no="5" player="ilCapo6" type="0" discard="1" dealt="1" sum="0"/>
</round>
</game>
<game gamecode="6505025914"><general><startdate>2025-10-14 18:46:40</startdate>
<round>1</round>
<failsafecounter/>
<players><player seat="6" name="KOPKHUNKRAP" chips="530" dealer="0" win="0" bet="20" muck="1" rebuy="0" addon="0" merge="0" rebuychips="0" reg_code="5066176854"/>
<player seat="10" name="OndaBianca1" chips="490" dealer="1" win="50" bet="40" muck="1" rebuy="0" addon="0" merge="0" rebuychips="0" reg_code="5066176910"/>
<player seat="3" name="ilCapo6" chips="480" dealer="0" win="0" bet="10" muck="1" rebuy="0" addon="0" merge="0" rebuychips="0" reg_code="5066176599"/>
</players>
</general>
<round no="0"><action no="1" player="ilCapo6" type="1" discard="1" dealt="1" sum="10"/>
<action no="2" player="KOPKHUNKRAP" type="2" sum="20"/>
</round>
<round no="1"><cards type="Pocket" player="OndaBianca1">X X</cards>
<cards type="Pocket" player="ilCapo6">X X</cards>
<cards type="Pocket" player="KOPKHUNKRAP">C9 H3</cards>
<action no="3" player="OndaBianca1" type="23" discard="1" dealt="1" sum="40"/>
<action no="4" player="ilCapo6" type="0" discard="1" dealt="1" sum="0"/>
<action no="5" player="KOPKHUNKRAP" type="0" sum="0"/>
</round>
</game>
<game gamecode="6505025962"><general><startdate>2025-10-14 18:46:52</startdate>
<round>1</round>
<failsafecounter/>
<players><player seat="10" name="OndaBianca1" chips="520" dealer="0" win="480" bet="520" muck="1" rebuy="0" addon="0" merge="0" rebuychips="0" reg_code="5066176910"/>
<player seat="3" name="ilCapo6" chips="470" dealer="1" win="0" bet="0" muck="1" rebuy="0" addon="0" merge="0" rebuychips="0" reg_code="5066176599"/>
<player seat="6" name="KOPKHUNKRAP" chips="510" dealer="0" win="0" bet="240" muck="1" rebuy="0" addon="0" merge="0" rebuychips="0" reg_code="5066176854"/>
</players>
</general>
<round no="0"><action no="1" player="KOPKHUNKRAP" type="1" sum="10"/>
<action no="2" player="OndaBianca1" type="2" discard="1" dealt="1" sum="20"/>
</round>
<round no="1"><cards type="Pocket" player="ilCapo6">X X</cards>
<cards type="Pocket" player="OndaBianca1">X X</cards>
<cards type="Pocket" player="KOPKHUNKRAP">C9 D8</cards>
<action no="3" player="ilCapo6" type="0" discard="1" dealt="1" sum="0"/>
<action no="4" player="KOPKHUNKRAP" type="3" sum="10"/>
<action no="5" player="OndaBianca1" type="23" discard="1" dealt="1" sum="60"/>
<action no="6" player="KOPKHUNKRAP" type="3" sum="40"/>
</round>
<round no="2"><cards type="Flop">H3 C10 S6</cards>
<action no="7" player="KOPKHUNKRAP" type="4" sum="0"/>
<action no="8" player="OndaBianca1" type="5" discard="1" dealt="1" sum="60"/>
<action no="9" player="KOPKHUNKRAP" type="3" sum="60"/>
</round>
<round no="3"><cards type="Turn">H8</cards>
<action no="10" player="KOPKHUNKRAP" type="4" sum="0"/>
<action no="11" player="OndaBianca1" type="5" discard="1" dealt="1" sum="120"/>
<action no="12" player="KOPKHUNKRAP" type="3" sum="120"/>
</round>
<round no="4"><cards type="River">C4</cards>
<action no="13" player="KOPKHUNKRAP" type="4" sum="0"/>
<action no="14" player="OndaBianca1" type="5" discard="1" dealt="1" sum="280"/>
<action no="15" player="KOPKHUNKRAP" type="0" sum="0"/>
</round>
</game>
<game gamecode="6505026080"><general><startdate>2025-10-14 18:47:33</startdate>
<round>1</round>
<failsafecounter/>
<players><player seat="3" name="ilCapo6" chips="470" dealer="0" win="80" bet="40" muck="0" rebuy="0" addon="0" merge="0" rebuychips="0" reg_code="5066176599"/>
<player seat="6" name="KOPKHUNKRAP" chips="270" dealer="1" win="0" bet="0" muck="1" rebuy="0" addon="0" merge="0" rebuychips="0" reg_code="5066176854"/>
<player seat="10" name="OndaBianca1" chips="760" dealer="0" win="0" bet="40" muck="0" rebuy="0" addon="0" merge="0" rebuychips="0" reg_code="5066176910"/>
</players>
</general>
<round no="0"><action no="1" player="OndaBianca1" type="1" discard="1" dealt="1" sum="10"/>
<action no="2" player="ilCapo6" type="2" discard="1" dealt="1" sum="20"/>
</round>
<round no="1"><cards type="Pocket" player="OndaBianca1">D10 C7</cards>
<cards type="Pocket" player="ilCapo6">HJ DK</cards>
<cards type="Pocket" player="KOPKHUNKRAP">D4 H8</cards>
<action no="3" player="KOPKHUNKRAP" type="0" sum="0"/>
<action no="4" player="OndaBianca1" type="3" discard="1" dealt="1" sum="10"/>
<action no="5" player="ilCapo6" type="4" discard="1" dealt="1" sum="0"/>
</round>
<round no="2"><cards type="Flop">D8 S5 CQ</cards>
<action no="6" player="OndaBianca1" type="4" discard="1" dealt="1" sum="0"/>
<action no="7" player="ilCapo6" type="4" discard="1" dealt="1" sum="0"/>
</round>
<round no="3"><cards type="Turn">DA</cards>
<action no="8" player="OndaBianca1" type="4" discard="1" dealt="1" sum="0"/>
<action no="9" player="ilCapo6" type="4" discard="1" dealt="1" sum="0"/>
</round>
<round no="4"><cards type="River">S6</cards>
<action no="10" player="OndaBianca1" type="5" discard="1" dealt="1" sum="20"/>
<action no="11" player="ilCapo6" type="3" discard="1" dealt="1" sum="20"/>
</round>
</game>
<game gamecode="6505026218"><general><startdate>2025-10-14 18:48:22</startdate>
<round>1</round>
<failsafecounter/>
<players><player seat="6" name="KOPKHUNKRAP" chips="270" dealer="0" win="0" bet="35" muck="1" rebuy="0" addon="0" merge="0" rebuychips="0" reg_code="5066176854"/>
<player seat="10" name="OndaBianca1" chips="720" dealer="1" win="0" bet="5" muck="1" rebuy="0" addon="0" merge="0" rebuychips="0" reg_code="5066176910"/>
<player seat="3" name="ilCapo6" chips="510" dealer="0" win="75" bet="510" muck="1" rebuy="0" addon="0" merge="0" rebuychips="0" reg_code="5066176599"/>
</players>
</general>
<round no="0"><action no="1" player="ilCapo6" type="15" discard="1" dealt="1" sum="5"/>
<action no="2" player="KOPKHUNKRAP" type="15" sum="5"/>
<action no="3" player="OndaBianca1" type="15" discard="1" dealt="1" sum="5"/>
<action no="4" player="ilCapo6" type="1" discard="1" dealt="1" sum="15"/>
<action no="5" player="KOPKHUNKRAP" type="2" sum="30"/>
</round>
<round no="1"><cards type="Pocket" player="KOPKHUNKRAP">HJ S2</cards>
<cards type="Pocket" player="OndaBianca1">X X</cards>
<cards type="Pocket" player="ilCapo6">X X</cards>
<action no="6" player="OndaBianca1" type="0" discard="1" dealt="1" sum="0"/>
<action no="7" player="ilCapo6" type="23" discard="1" dealt="1" sum="505"/>
<action no="8" player="KOPKHUNKRAP" type="0" sum="0"/>
</round>
</game>
<game gamecode="6505026242"><general><startdate>2025-10-14 18:48:31</startdate>
<round>1</round>
<failsafecounter/>
<players><player seat="10" name="OndaBianca1" chips="715" dealer="0" win="150" bet="715" muck="1" rebuy="0" addon="0" merge="0" rebuychips="0" reg_code="5066176910"/>
<player seat="3" name="ilCapo6" chips="550" dealer="1" win="0" bet="65" muck="1" rebuy="0" addon="0" merge="0" rebuychips="0" reg_code="5066176599"/>
<player seat="6" name="KOPKHUNKRAP" chips="235" dealer="0" win="0" bet="20" muck="1" rebuy="0" addon="0" merge="0" rebuychips="0" reg_code="5066176854"/>
</players>
</general>
<round no="0"><action no="1" player="KOPKHUNKRAP" type="15" sum="5"/>
<action no="2" player="OndaBianca1" type="15" discard="1" dealt="1" sum="5"/>
<action no="3" player="ilCapo6" type="15" discard="1" dealt="1" sum="5"/>
<action no="4" player="KOPKHUNKRAP" type="1" sum="15"/>
<action no="5" player="OndaBianca1" type="2" discard="1" dealt="1" sum="30"/>
</round>
<round no="1"><cards type="Pocket" player="OndaBianca1">X X</cards>
<cards type="Pocket" player="ilCapo6">X X</cards>
<cards type="Pocket" player="KOPKHUNKRAP">S4 S6</cards>
<action no="6" player="ilCapo6" type="23" discard="1" dealt="1" sum="60"/>
<action no="7" player="KOPKHUNKRAP" type="0" sum="0"/>
<action no="8" player="OndaBianca1" type="23" discard="1" dealt="1" sum="710"/>
<action no="9" player="ilCapo6" type="0" discard="1" dealt="1" sum="0"/>
</round>
</game>
<game gamecode="6505026288"><general><startdate>2025-10-14 18:48:48</startdate>
<round>1</round>
<failsafecounter/>
<players><player seat="3" name="ilCapo6" chips="485" dealer="0" win="112" bet="110" muck="0" rebuy="0" addon="0" merge="0" rebuychips="0" reg_code="5066176599"/>
<player seat="6" name="KOPKHUNKRAP" chips="215" dealer="1" win="0" bet="5" muck="1" rebuy="0" addon="0" merge="0" rebuychips="0" reg_code="5066176854"/>
<player seat="10" name="OndaBianca1" chips="800" dealer="0" win="113" bet="110" muck="0" rebuy="0" addon="0" merge="0" rebuychips="0" reg_code="5066176910"/>
</players>
</general>
<round no="0"><action no="1" player="OndaBianca1" type="15" discard="1" dealt="1" sum="5"/>
<action no="2" player="ilCapo6" type="15" discard="1" dealt="1" sum="5"/>
<action no="3" player="KOPKHUNKRAP" type="15" sum="5"/>
<action no="4" player="OndaBianca1" type="1" discard="1" dealt="1" sum="15"/>
<action no="5" player="ilCapo6" type="2" discard="1" dealt="1" sum="30"/>
</round>
<round no="1"><cards type="Pocket" player="ilCapo6">H7 SK</cards>
<cards type="Pocket" player="OndaBianca1">HQ C7</cards>
<cards type="Pocket" player="KOPKHUNKRAP">S4 CJ</cards>
<action no="6" player="KOPKHUNKRAP" type="0" sum="0"/>
<action no="7" player="OndaBianca1" type="3" discard="1" dealt="1" sum="15"/>
<action no="8" player="ilCapo6" type="4" discard="1" dealt="1" sum="0"/>
</round>
<round no="2"><cards type="Flop">D8 C9 S6</cards>
<action no="9" player="OndaBianca1" type="4" discard="1" dealt="1" sum="0"/>
<action no="10" player="ilCapo6" type="4" discard="1" dealt="1" sum="0"/>
</round>
<round no="3"><cards type="Turn">D10</cards>
<action no="11" player="OndaBianca1" type="4" discard="1" dealt="1" sum="0"/>
<action no="12" player="ilCapo6" type="4" discard="1" dealt="1" sum="0"/>
</round>
<round no="4"><cards type="River">C10</cards>
<action no="13" player="OndaBianca1" type="5" discard="1" dealt="1" sum="75"/>
<action no="14" player="ilCapo6" type="3" discard="1" dealt="1" sum="75"/>
</round>
</game>
<game gamecode="6505026414"><general><startdate>2025-10-14 18:49:34</startdate>
<round>1</round>
<failsafecounter/>
<players><player seat="6" name="KOPKHUNKRAP" chips="210" dealer="0" win="0" bet="35" muck="1" rebuy="0" addon="0" merge="0" rebuychips="0" reg_code="5066176854"/>
<player seat="10" name="OndaBianca1" chips="803" dealer="1" win="0" bet="5" muck="1" rebuy="0" addon="0" merge="0" rebuychips="0" reg_code="5066176910"/>
<player seat="3" name="ilCapo6" chips="487" dealer="0" win="75" bet="487" muck="1" rebuy="0" addon="0" merge="0" rebuychips="0" reg_code="5066176599"/>
</players>
</general>
<round no="0"><action no="1" player="ilCapo6" type="15" discard="1" dealt="1" sum="5"/>
<action no="2" player="KOPKHUNKRAP" type="15" sum="5"/>
<action no="3" player="OndaBianca1" type="15" discard="1" dealt="1" sum="5"/>
<action no="4" player="ilCapo6" type="1" discard="1" dealt="1" sum="15"/>
<action no="5" player="KOPKHUNKRAP" type="2" sum="30"/>
</round>
<round no="1"><cards type="Pocket" player="OndaBianca1">X X</cards>
<cards type="Pocket" player="ilCapo6">X X</cards>
<cards type="Pocket" player="KOPKHUNKRAP">H8 S4</cards>
<action no="6" player="OndaBianca1" type="0" discard="1" dealt="1" sum="0"/>
<action no="7" player="ilCapo6" type="23" discard="1" dealt="1" sum="482"/>
<action no="8" player="KOPKHUNKRAP" type="0" sum="0"/>
</round>
</game>
<game gamecode="6505026447"><general><startdate>2025-10-14 18:49:45</startdate>
<round>1</round>
<failsafecounter/>
<players><player seat="10" name="OndaBianca1" chips="798" dealer="0" win="0" bet="35" muck="1" rebuy="0" addon="0" merge="0" rebuychips="0" reg_code="5066176910"/>
<player seat="3" name="ilCapo6" chips="527" dealer="1" win="385" bet="175" muck="0" rebuy="0" addon="0" merge="0" rebuychips="0" reg_code="5066176599"/>
<player seat="6" name="KOPKHUNKRAP" chips="175" dealer="0" win="0" bet="175" muck="0" rebuy="0" addon="0" merge="0" rebuychips="0" reg_code="5066176854"/>
</players>
</general>
<round no="0"><action no="1" player="KOPKHUNKRAP" type="15" sum="5"/>
<action no="2" player="OndaBianca1" type="15" discard="1" dealt="1" sum="5"/>
<action no="3" player="ilCapo6" type="15" discard="1" dealt="1" sum="5"/>
<action no="4" player="KOPKHUNKRAP" type="1" sum="15"/>
<action no="5" player="OndaBianca1" type="2" discard="1" dealt="1" sum="30"/>
</round>
<round no="1"><cards type="Pocket" player="OndaBianca1">X X</cards>
<cards type="Pocket" player="KOPKHUNKRAP">DK CK</cards>
<cards type="Pocket" player="ilCapo6">SK DA</cards>
<action no="6" player="ilCapo6" type="23" discard="1" dealt="1" sum="60"/>
<action no="7" player="KOPKHUNKRAP" type="23" sum="170"/>
<action no="8" player="OndaBianca1" type="0" discard="1" dealt="1" sum="0"/>
<action no="9" player="ilCapo6" type="3" discard="1" dealt="1" sum="110"/>
</round>
<round no="2"><cards type="Flop">S2 H10 DJ</cards>
</round>
<round no="3"><cards type="Turn">S5</cards>
</round>
<round no="4"><cards type="River">DQ</cards>
</round>
</game>
</session>
