<?xml version="1.0" encoding="UTF-8"?>
<session sessioncode="5066573271">
<general>
<client_version>25.1.1.16</client_version>
<mode>real</mode>
<gametype>Holdem NL</gametype>
<tablename>Twister €200 SNG, 819827500</tablename>
<tournamentcode>819827499</tournamentcode>
<tournamentname>Twister €200 SNG</tournamentname>
<buyin>€0 + €12 + €188</buyin>
<totalbuyin>€200</totalbuyin>
<rewarddrawn>€400</rewarddrawn>
<tournamentcurrency>EUR</tournamentcurrency>
<currency>EUR</currency>
<nickname>KOPKHUNKRAP</nickname>
<gamecount>15</gamecount>
<startdate>2025-10-16 15:03:26</startdate>
<place>1</place>
<win>€400</win>
<tablesize>3</tablesize>
</general>
<game gamecode="6506655099"><general><startdate>2025-10-16 15:03:42</startdate>
<round>1</round>
<failsafecounter/>
<players><player seat="3" name="Ofiorbe74" chips="500" dealer="0" win="20" bet="20" muck="1" rebuy="0" addon="0" merge="0" rebuychips="0" reg_code="5066570973"/>
<player seat="6" name="Exivezzz2323" chips="500" dealer="1" win="0" bet="0" muck="1" rebuy="0" addon="0" merge="0" rebuychips="0" reg_code="5066567352"/>
<player seat="10" name="KOPKHUNKRAP" chips="500" dealer="0" win="0" bet="10" muck="1" rebuy="0" addon="0" merge="0" rebuychips="0" reg_code="5066573271"/>
</players>
</general>
<round no="0"><action no="1" player="KOPKHUNKRAP" type="1" sum="10"/>
<action no="2" player="Ofiorbe74" type="2" discard="1" dealt="1" sum="20"/>
</round>
<round no="1"><cards type="Pocket" player="Ofiorbe74">X X</cards>
<cards type="Pocket" player="Exivezzz2323">X X</cards>
<cards type="Pocket" player="KOPKHUNKRAP">C9 S5</cards>
<action no="3" player="Exivezzz2323" type="0" discard="1" dealt="1" sum="0"/>
<action no="4" player="KOPKHUNKRAP" type="0" sum="0"/>
</round>
</game>
<game gamecode="6506655140"><general><startdate>2025-10-16 15:04:00</startdate>
<round>1</round>
<failsafecounter/>
<players><player seat="6" name="Exivezzz2323" chips="500" dealer="0" win="120" bet="140" muck="1" rebuy="0" addon="0" merge="0" rebuychips="0" reg_code="5066567352"/>
<player seat="10" name="KOPKHUNKRAP" chips="490" dealer="1" win="0" bet="0" muck="1" rebuy="0" addon="0" merge="0" rebuychips="0" reg_code="5066573271"/>
<player seat="3" name="Ofiorbe74" chips="510" dealer="0" win="0" bet="60" muck="1" rebuy="0" addon="0" merge="0" rebuychips="0" reg_code="5066570973"/>
</players>
</general>
<round no="0"><action no="1" player="Ofiorbe74" type="1" discard="1" dealt="1" sum="10"/>
<action no="2" player="Exivezzz2323" type="2" discard="1" dealt="1" sum="20"/>
</round>
<round no="1"><cards type="Pocket" player="Exivezzz2323">X X</cards>
<cards type="Pocket" player="Ofiorbe74">X X</cards>
<cards type="Pocket" player="KOPKHUNKRAP">H3 H9</cards>
<action no="3" player="KOPKHUNKRAP" type="0" sum="0"/>
<action no="4" player="Ofiorbe74" type="3" discard="1" dealt="1" sum="10"/>
<action no="5" player="Exivezzz2323" type="23" discard="1" dealt="1" sum="60"/>
<action no="6" player="Ofiorbe74" type="3" discard="1" dealt="1" sum="40"/>
</round>
<round no="2"><cards type="Flop">D3 C7 C4</cards>
<action no="7" player="Ofiorbe74" type="4" discard="1" dealt="1" sum="0"/>
<action no="8" player="Exivezzz2323" type="5" discard="1" dealt="1" sum="80"/>
<action no="9" player="Ofiorbe74" type="0" discard="1" dealt="1" sum="0"/>
</round>
</game>
<game gamecode="6506655203"><general><startdate>2025-10-16 15:04:30</startdate>
<round>1</round>
<failsafecounter/>
<players><player seat="10" name="KOPKHUNKRAP" chips="490" dealer="0" win="0" bet="50" muck="1" rebuy="0" addon="0" merge="0" rebuychips="0" reg_code="5066573271"/>
<player seat="3" name="Ofiorbe74" chips="450" dealer="1" win="0" bet="0" muck="1" rebuy="0" addon="0" merge="0" rebuychips="0" reg_code="5066570973"/>
<player seat="6" name="Exivezzz2323" chips="560" dealer="0" win="100" bet="98" muck="1" rebuy="0" addon="0" merge="0" rebuychips="0" reg_code="5066567352"/>
</players>
</general>
<round no="0"><action no="1" player="Exivezzz2323" type="1" discard="1" dealt="1" sum="10"/>
<action no="2" player="KOPKHUNKRAP" type="2" sum="20"/>
</round>
<round no="1"><cards type="Pocket" player="Ofiorbe74">X X</cards>
<cards type="Pocket" player="Exivezzz2323">X X</cards>
<cards type="Pocket" player="KOPKHUNKRAP">S7 S4</cards>
<action no="3" player="Ofiorbe74" type="0" discard="1" dealt="1" sum="0"/>
<action no="4" player="Exivezzz2323" type="23" discard="1" dealt="1" sum="50"/>
<action no="5" player="KOPKHUNKRAP" type="3" sum="30"/>
</round>
<round no="2"><cards type="Flop">H10 H8 CJ</cards>
<action no="6" player="Exivezzz2323" type="5" discard="1" dealt="1" sum="48"/>
<action no="7" player="KOPKHUNKRAP" type="0" sum="0"/>
</round>
</game>
<game gamecode="6506655273"><general><startdate>2025-10-16 15:04:59</startdate>
<round>1</round>
<failsafecounter/>
<players><player seat="3" name="Ofiorbe74" chips="450" dealer="0" win="20" bet="20" muck="1" rebuy="0" addon="0" merge="0" rebuychips="0" reg_code="5066570973"/>
<player seat="6" name="Exivezzz2323" chips="610" dealer="1" win="0" bet="0" muck="1" rebuy="0" addon="0" merge="0" rebuychips="0" reg_code="5066567352"/>
<player seat="10" name="KOPKHUNKRAP" chips="440" dealer="0" win="0" bet="10" muck="1" rebuy="0" addon="0" merge="0" rebuychips="0" reg_code="5066573271"/>
</players>
</general>
<round no="0"><action no="1" player="KOPKHUNKRAP" type="1" sum="10"/>
<action no="2" player="Ofiorbe74" type="2" discard="1" dealt="1" sum="20"/>
</round>
<round no="1"><cards type="Pocket" player="Ofiorbe74">X X</cards>
<cards type="Pocket" player="Exivezzz2323">X X</cards>
<cards type="Pocket" player="KOPKHUNKRAP">S3 H8</cards>
<action no="3" player="Exivezzz2323" type="0" discard="1" dealt="1" sum="0"/>
<action no="4" player="KOPKHUNKRAP" type="0" sum="0"/>
</round>
</game>
<game gamecode="6506655289"><general><startdate>2025-10-16 15:05:08</startdate>
<round>1</round>
<failsafecounter/>
<players><player seat="6" name="Exivezzz2323" chips="610" dealer="0" win="0" bet="20" muck="1" rebuy="0" addon="0" merge="0" rebuychips="0" reg_code="5066567352"/>
<player seat="10" name="KOPKHUNKRAP" chips="430" dealer="1" win="0" bet="0" muck="1" rebuy="0" addon="0" merge="0" rebuychips="0" reg_code="5066573271"/>
<player seat="3" name="Ofiorbe74" chips="460" dealer="0" win="40" bet="40" muck="1" rebuy="0" addon="0" merge="0" rebuychips="0" reg_code="5066570973"/>
</players>
</general>
<round no="0"><action no="1" player="Ofiorbe74" type="1" discard="1" dealt="1" sum="10"/>
<action no="2" player="Exivezzz2323" type="2" discard="1" dealt="1" sum="20"/>
</round>
<round no="1"><cards type="Pocket" player="KOPKHUNKRAP">DQ C7</cards>
<cards type="Pocket" player="Ofiorbe74">X X</cards>
<cards type="Pocket" player="Exivezzz2323">X X</cards>
<action no="3" player="KOPKHUNKRAP" type="0" sum="0"/>
<action no="4" player="Ofiorbe74" type="3" discard="1" dealt="1" sum="10"/>
<action no="5" player="Exivezzz2323" type="4" discard="1" dealt="1" sum="0"/>
</round>
<round no="2"><cards type="Flop">HK C6 HJ</cards>
<action no="6" player="Ofiorbe74" type="4" discard="1" dealt="1" sum="0"/>
<action no="7" player="Exivezzz2323" type="4" discard="1" dealt="1" sum="0"/>
</round>
<round no="3"><cards type="Turn">C10</cards>
<action no="8" player="Ofiorbe74" type="4" discard="1" dealt="1" sum="0"/>
<action no="9" player="Exivezzz2323" type="4" discard="1" dealt="1" sum="0"/>
</round>
<round no="4"><cards type="River">D9</cards>
<action no="10" player="Ofiorbe74" type="5" discard="1" dealt="1" sum="20"/>
<action no="11" player="Exivezzz2323" type="0" discard="1" dealt="1" sum="0"/>
</round>
</game>
<game gamecode="6506655370"><general><startdate>2025-10-16 15:05:48</startdate>
<round>1</round>
<failsafecounter/>
<players><player seat="10" name="KOPKHUNKRAP" chips="430" dealer="0" win="135" bet="200" muck="1" rebuy="0" addon="0" merge="0" rebuychips="0" reg_code="5066573271"/>
<player seat="3" name="Ofiorbe74" chips="480" dealer="1" win="0" bet="5" muck="1" rebuy="0" addon="0" merge="0" rebuychips="0" reg_code="5066570973"/>
<player seat="6" name="Exivezzz2323" chips="590" dealer="0" win="0" bet="65" muck="1" rebuy="0" addon="0" merge="0" rebuychips="0" reg_code="5066567352"/>
</players>
</general>
<round no="0"><action no="1" player="Exivezzz2323" type="15" discard="1" dealt="1" sum="5"/>
<action no="2" player="KOPKHUNKRAP" type="15" sum="5"/>
<action no="3" player="Ofiorbe74" type="15" discard="1" dealt="1" sum="5"/>
<action no="4" player="Exivezzz2323" type="1" discard="1" dealt="1" sum="15"/>
<action no="5" player="KOPKHUNKRAP" type="2" sum="30"/>
</round>
<round no="1"><cards type="Pocket" player="KOPKHUNKRAP">C5 HJ</cards>
<cards type="Pocket" player="Ofiorbe74">X X</cards>
<cards type="Pocket" player="Exivezzz2323">X X</cards>
<action no="6" player="Ofiorbe74" type="0" discard="1" dealt="1" sum="0"/>
<action no="7" player="Exivezzz2323" type="3" discard="1" dealt="1" sum="15"/>
<action no="8" player="KOPKHUNKRAP" type="4" sum="0"/>
</round>
<round no="2"><cards type="Flop">CJ H9 S3</cards>
<action no="9" player="Exivezzz2323" type="5" discard="1" dealt="1" sum="30"/>
<action no="10" player="KOPKHUNKRAP" type="3" sum="30"/>
</round>
<round no="3"><cards type="Turn">D3</cards>
<action no="11" player="Exivezzz2323" type="4" discard="1" dealt="1" sum="0"/>
<action no="12" player="KOPKHUNKRAP" type="4" sum="0"/>
</round>
<round no="4"><cards type="River">H6</cards>
<action no="13" player="Exivezzz2323" type="4" discard="1" dealt="1" sum="0"/>
<action no="14" player="KOPKHUNKRAP" type="5" sum="135"/>
<action no="15" player="Exivezzz2323" type="0" discard="1" dealt="1" sum="0"/>
</round>
</game>
<game gamecode="6506655461"><general><startdate>2025-10-16 15:06:30</startdate>
<round>1</round>
<failsafecounter/>
<players><player seat="3" name="Ofiorbe74" chips="475" dealer="0" win="0" bet="35" muck="1" rebuy="0" addon="0" merge="0" rebuychips="0" reg_code="5066570973"/>
<player seat="6" name="Exivezzz2323" chips="525" dealer="1" win="0" bet="525" muck="0" rebuy="0" addon="0" merge="0" rebuychips="0" reg_code="5066567352"/>
<player seat="10" name="KOPKHUNKRAP" chips="500" dealer="0" win="1,035" bet="500" muck="0" rebuy="0" addon="0" merge="0" rebuychips="0" reg_code="5066573271"/>
</players>
</general>
<round no="0"><action no="1" player="KOPKHUNKRAP" type="15" sum="5"/>
<action no="2" player="Ofiorbe74" type="15" discard="1" dealt="1" sum="5"/>
<action no="3" player="Exivezzz2323" type="15" discard="1" dealt="1" sum="5"/>
<action no="4" player="KOPKHUNKRAP" type="1" sum="15"/>
<action no="5" player="Ofiorbe74" type="2" discard="1" dealt="1" sum="30"/>
</round>
<round no="1"><cards type="Pocket" player="Ofiorbe74">X X</cards>
<cards type="Pocket" player="KOPKHUNKRAP">C10 CJ</cards>
<cards type="Pocket" player="Exivezzz2323">S4 C4</cards>
<action no="6" player="Exivezzz2323" type="23" discard="1" dealt="1" sum="520"/>
<action no="7" player="KOPKHUNKRAP" type="7" sum="480"/>
<action no="8" player="Ofiorbe74" type="0" discard="1" dealt="1" sum="0"/>
</round>
<round no="2"><cards type="Flop">S8 SJ CQ</cards>
</round>
<round no="3"><cards type="Turn">S6</cards>
</round>
<round no="4"><cards type="River">D9</cards>
</round>
</game>
<game gamecode="6506655512"><general><startdate>2025-10-16 15:06:52</startdate>
<round>1</round>
<failsafecounter/>
<players><player seat="6" name="Exivezzz2323" chips="25" dealer="0" win="0" bet="25" muck="0" rebuy="0" addon="0" merge="0" rebuychips="0" reg_code="5066567352"/>
<player seat="10" name="KOPKHUNKRAP" chips="1,035" dealer="1" win="0" bet="5" muck="1" rebuy="0" addon="0" merge="0" rebuychips="0" reg_code="5066573271"/>
<player seat="3" name="Ofiorbe74" chips="440" dealer="0" win="55" bet="25" muck="0" rebuy="0" addon="0" merge="0" rebuychips="0" reg_code="5066570973"/>
</players>
</general>
<round no="0"><action no="1" player="Ofiorbe74" type="15" discard="1" dealt="1" sum="5"/>
<action no="2" player="Exivezzz2323" type="15" discard="1" dealt="1" sum="5"/>
<action no="3" player="KOPKHUNKRAP" type="15" sum="5"/>
<action no="4" player="Ofiorbe74" type="1" discard="1" dealt="1" sum="15"/>
<action no="5" player="Exivezzz2323" type="2" discard="1" dealt="1" sum="20"/>
</round>
<round no="1"><cards type="Pocket" player="KOPKHUNKRAP">C8 D5</cards>
<cards type="Pocket" player="Exivezzz2323">H3 D2</cards>
<cards type="Pocket" player="Ofiorbe74">DA C10</cards>
<action no="6" player="KOPKHUNKRAP" type="0" sum="0"/>
<action no="7" player="Ofiorbe74" type="3" discard="1" dealt="1" sum="5"/>
</round>
<round no="2"><cards type="Flop">HA S6 SQ</cards>
</round>
<round no="3"><cards type="Turn">H7</cards>
</round>
<round no="4"><cards type="River">S8</cards>
</round>
</game>
<game gamecode="6506655564"><general><startdate>2025-10-16 15:07:15</startdate>
<round>1</round>
<failsafecounter/>
<players><player seat="10" name="KOPKHUNKRAP" chips="1,030" dealer="0" win="90" bet="1,030" muck="1" rebuy="0" addon="0" merge="0" rebuychips="0" reg_code="5066573271"/>
<player seat="3" name="Ofiorbe74" chips="470" dealer="1" win="0" bet="45" muck="1" rebuy="0" addon="0" merge="0" rebuychips="0" reg_code="5066570973"/>
</players>
</general>
<round no="0"><action no="1" player="Ofiorbe74" type="15" discard="1" dealt="1" sum="5"/>
<action no="2" player="KOPKHUNKRAP" type="15" sum="5"/>
<action no="3" player="Ofiorbe74" type="1" discard="1" dealt="1" sum="20"/>
<action no="4" player="KOPKHUNKRAP" type="2" sum="40"/>
</round>
<round no="1"><cards type="Pocket" player="KOPKHUNKRAP">HA D9</cards>
<cards type="Pocket" player="Ofiorbe74">X X</cards>
<action no="5" player="Ofiorbe74" type="3" discard="1" dealt="1" sum="20"/>
<action no="6" player="KOPKHUNKRAP" type="23" sum="1,025"/>
<action no="7" player="Ofiorbe74" type="0" discard="1" dealt="1" sum="0"/>
</round>
</game>
<game gamecode="6506655608"><general><startdate>2025-10-16 15:07:32</startdate>
<round>1</round>
<failsafecounter/>
<players><player seat="3" name="Ofiorbe74" chips="425" dealer="0" win="50" bet="45" muck="1" rebuy="0" addon="0" merge="0" rebuychips="0" reg_code="5066570973"/>
<player seat="10" name="KOPKHUNKRAP" chips="1,075" dealer="1" win="0" bet="25" muck="1" rebuy="0" addon="0" merge="0" rebuychips="0" reg_code="5066573271"/>
</players>
</general>
<round no="0"><action no="1" player="KOPKHUNKRAP" type="15" sum="5"/>
<action no="2" player="Ofiorbe74" type="15" discard="1" dealt="1" sum="5"/>
<action no="3" player="KOPKHUNKRAP" type="1" sum="20"/>
<action no="4" player="Ofiorbe74" type="2" discard="1" dealt="1" sum="40"/>
</round>
<round no="1"><cards type="Pocket" player="Ofiorbe74">X X</cards>
<cards type="Pocket" player="KOPKHUNKRAP">C2 D8</cards>
<action no="5" player="KOPKHUNKRAP" type="0" sum="0"/>
</round>
</game>
<game gamecode="6506655625"><general><startdate>2025-10-16 15:07:37</startdate>
<round>1</round>
<failsafecounter/>
<players><player seat="10" name="KOPKHUNKRAP" chips="1,050" dealer="0" win="180" bet="90" muck="0" rebuy="0" addon="0" merge="0" rebuychips="0" reg_code="5066573271"/>
<player seat="3" name="Ofiorbe74" chips="450" dealer="1" win="0" bet="90" muck="1" rebuy="0" addon="0" merge="0" rebuychips="0" reg_code="5066570973"/>
</players>
</general>
<round no="0"><action no="1" player="Ofiorbe74" type="15" discard="1" dealt="1" sum="5"/>
<action no="2" player="KOPKHUNKRAP" type="15" sum="5"/>
<action no="3" player="Ofiorbe74" type="1" discard="1" dealt="1" sum="20"/>
<action no="4" player="KOPKHUNKRAP" type="2" sum="40"/>
</round>
<round no="1"><cards type="Pocket" player="KOPKHUNKRAP">D7 D10</cards>
<cards type="Pocket" player="Ofiorbe74">D3 D4</cards>
<action no="5" player="Ofiorbe74" type="3" discard="1" dealt="1" sum="20"/>
<action no="6" player="KOPKHUNKRAP" type="4" sum="0"/>
</round>
<round no="2"><cards type="Flop">H7 H8 C3</cards>
<action no="7" player="KOPKHUNKRAP" type="4" sum="0"/>
<action no="8" player="Ofiorbe74" type="4" discard="1" dealt="1" sum="0"/>
</round>
<round no="3"><cards type="Turn">C6</cards>
<action no="9" player="KOPKHUNKRAP" type="5" sum="45"/>
<action no="10" player="Ofiorbe74" type="3" discard="1" dealt="1" sum="45"/>
</round>
<round no="4"><cards type="River">H2</cards>
<action no="11" player="KOPKHUNKRAP" type="4" sum="0"/>
<action no="12" player="Ofiorbe74" type="4" discard="1" dealt="1" sum="0"/>
</round>
</game>
<game gamecode="6506655693"><general><startdate>2025-10-16 15:08:08</startdate>
<round>1</round>
<failsafecounter/>
<players><player seat="3" name="Ofiorbe74" chips="360" dealer="0" win="50" bet="45" muck="1" rebuy="0" addon="0" merge="0" rebuychips="0" reg_code="5066570973"/>
<player seat="10" name="KOPKHUNKRAP" chips="1,140" dealer="1" win="0" bet="25" muck="1" rebuy="0" addon="0" merge="0" rebuychips="0" reg_code="5066573271"/>
</players>
</general>
<round no="0"><action no="1" player="KOPKHUNKRAP" type="15" sum="5"/>
<action no="2" player="Ofiorbe74" type="15" discard="1" dealt="1" sum="5"/>
<action no="3" player="KOPKHUNKRAP" type="1" sum="20"/>
<action no="4" player="Ofiorbe74" type="2" discard="1" dealt="1" sum="40"/>
</round>
<round no="1"><cards type="Pocket" player="Ofiorbe74">X X</cards>
<cards type="Pocket" player="KOPKHUNKRAP">H3 D5</cards>
<action no="5" player="KOPKHUNKRAP" type="0" sum="0"/>
</round>
</game>
<game gamecode="6506655701"><general><startdate>2025-10-16 15:08:13</startdate>
<round>1</round>
<failsafecounter/>
<players><player seat="10" name="KOPKHUNKRAP" chips="1,115" dealer="0" win="90" bet="1,115" muck="1" rebuy="0" addon="0" merge="0" rebuychips="0" reg_code="5066573271"/>
<player seat="3" name="Ofiorbe74" chips="385" dealer="1" win="0" bet="45" muck="1" rebuy="0" addon="0" merge="0" rebuychips="0" reg_code="5066570973"/>
</players>
</general>
<round no="0"><action no="1" player="Ofiorbe74" type="15" discard="1" dealt="1" sum="5"/>
<action no="2" player="KOPKHUNKRAP" type="15" sum="5"/>
<action no="3" player="Ofiorbe74" type="1" discard="1" dealt="1" sum="20"/>
<action no="4" player="KOPKHUNKRAP" type="2" sum="40"/>
</round>
<round no="1"><cards type="Pocket" player="KOPKHUNKRAP">SA CJ</cards>
<cards type="Pocket" player="Ofiorbe74">X X</cards>
<action no="5" player="Ofiorbe74" type="3" discard="1" dealt="1" sum="20"/>
<action no="6" player="KOPKHUNKRAP" type="23" sum="1,110"/>
<action no="7" player="Ofiorbe74" type="0" discard="1" dealt="1" sum="0"/>
</round>
</game>
<game gamecode="6506655727"><general><startdate>2025-10-16 15:08:24</startdate>
<round>1</round>
<failsafecounter/>
<players><player seat="3" name="Ofiorbe74" chips="340" dealer="0" win="50" bet="45" muck="1" rebuy="0" addon="0" merge="0" rebuychips="0" reg_code="5066570973"/>
<player seat="10" name="KOPKHUNKRAP" chips="1,160" dealer="1" win="0" bet="25" muck="1" rebuy="0" addon="0" merge="0" rebuychips="0" reg_code="5066573271"/>
</players>
</general>
<round no="0"><action no="1" player="KOPKHUNKRAP" type="15" sum="5"/>
<action no="2" player="Ofiorbe74" type="15" discard="1" dealt="1" sum="5"/>
<action no="3" player="KOPKHUNKRAP" type="1" sum="20"/>
<action no="4" player="Ofiorbe74" type="2" discard="1" dealt="1" sum="40"/>
</round>
<round no="1"><cards type="Pocket" player="KOPKHUNKRAP">C4 D10</cards>
<cards type="Pocket" player="Ofiorbe74">X X</cards>
<action no="5" player="KOPKHUNKRAP" type="0" sum="0"/>
</round>
</game>
<game gamecode="6506655746"><general><startdate>2025-10-16 15:08:30</startdate>
<round>1</round>
<failsafecounter/>
<players><player seat="10" name="KOPKHUNKRAP" chips="1,135" dealer="0" win="730" bet="365" muck="0" rebuy="0" addon="0" merge="0" rebuychips="0" reg_code="5066573271"/>
<player seat="3" name="Ofiorbe74" chips="365" dealer="1" win="0" bet="365" muck="0" rebuy="0" addon="0" merge="0" rebuychips="0" reg_code="5066570973"/>
</players>
</general>
<round no="0"><action no="1" player="Ofiorbe74" type="15" discard="1" dealt="1" sum="5"/>
<action no="2" player="KOPKHUNKRAP" type="15" sum="5"/>
<action no="3" player="Ofiorbe74" type="1" discard="1" dealt="1" sum="20"/>
<action no="4" player="KOPKHUNKRAP" type="2" sum="40"/>
</round>
<round no="1"><cards type="Pocket" player="KOPKHUNKRAP">H9 SA</cards>
<cards type="Pocket" player="Ofiorbe74">D2 HA</cards>
<action no="5" player="Ofiorbe74" type="23" discard="1" dealt="1" sum="360"/>
<action no="6" player="KOPKHUNKRAP" type="3" sum="320"/>
</round>
<round no="2"><cards type="Flop">D7 HQ CJ</cards>
</round>
<round no="3"><cards type="Turn">H10</cards>
</round>
<round no="4"><cards type="River">H8</cards>
</round>
</game>
</session>
