<?xml version="1.0" encoding="UTF-8"?>
<session sessioncode="5066288630">
<general>
<client_version>24.3.1.9</client_version>
<mode>real</mode>
<gametype>Holdem NL</gametype>
<tablename>Twister €200 SNG, 819740213</tablename>
<tournamentcode>819740211</tournamentcode>
<tournamentname>Twister €200 SNG</tournamentname>
<buyin>€0 + €12 + €188</buyin>
<totalbuyin>€200</totalbuyin>
<rewarddrawn>€400</rewarddrawn>
<tournamentcurrency>EUR</tournamentcurrency>
<currency>EUR</currency>
<nickname>KOPKHUNKRAP</nickname>
<gamecount>21</gamecount>
<startdate>2025-10-15 03:00:04</startdate>
<place>2</place>
<win>€0</win>
<tablesize>3</tablesize>
</general>
<game gamecode="6505507652"><general><startdate>2025-10-15 03:00:19</startdate>
<round>1</round>
<failsafecounter/>
<players><player seat="3" name="OndaBianca1" chips="500" dealer="0" win="0" bet="20" muck="1" rebuy="0" addon="0" merge="0" rebuychips="0" reg_code="5066288523"/>
<player seat="6" name="KOPKHUNKRAP" chips="500" dealer="1" win="50" bet="40" muck="1" rebuy="0" addon="0" merge="0" rebuychips="0" reg_code="5066288630"/>
<player seat="10" name="StelioPk" chips="500" dealer="0" win="0" bet="10" muck="1" rebuy="0" addon="0" merge="0" rebuychips="0" reg_code="5066288653"/>
</players>
</general>
<round no="0"><action no="1" player="StelioPk" type="1" discard="1" dealt="1" sum="10"/>
<action no="2" player="OndaBianca1" type="2" discard="1" dealt="1" sum="20"/>
</round>
<round no="1"><cards type="Pocket" player="StelioPk">X X</cards>
<cards type="Pocket" player="OndaBianca1">X X</cards>
<cards type="Pocket" player="KOPKHUNKRAP">SK DQ</cards>
<action no="3" player="KOPKHUNKRAP" type="23" sum="40"/>
<action no="4" player="StelioPk" type="0" discard="1" dealt="1" sum="0"/>
<action no="5" player="OndaBianca1" type="0" discard="1" dealt="1" sum="0"/>
</round>
</game>
<game gamecode="6505507674"><general><startdate>2025-10-15 03:00:31</startdate>
<round>1</round>
<failsafecounter/>
<players><player seat="6" name="KOPKHUNKRAP" chips="530" dealer="0" win="120" bet="530" muck="1" rebuy="0" addon="0" merge="0" rebuychips="0" reg_code="5066288630"/>
<player seat="10" name="StelioPk" chips="490" dealer="1" win="0" bet="0" muck="1" rebuy="0" addon="0" merge="0" rebuychips="0" reg_code="5066288653"/>
<player seat="3" name="OndaBianca1" chips="480" dealer="0" win="0" bet="60" muck="1" rebuy="0" addon="0" merge="0" rebuychips="0" reg_code="5066288523"/>
</players>
</general>
<round no="0"><action no="1" player="OndaBianca1" type="1" discard="1" dealt="1" sum="10"/>
<action no="2" player="KOPKHUNKRAP" type="2" sum="20"/>
</round>
<round no="1"><cards type="Pocket" player="KOPKHUNKRAP">S6 D6</cards>
<cards type="Pocket" player="StelioPk">X X</cards>
<cards type="Pocket" player="OndaBianca1">X X</cards>
<action no="3" player="StelioPk" type="0" discard="1" dealt="1" sum="0"/>
<action no="4" player="OndaBianca1" type="23" discard="1" dealt="1" sum="60"/>
<action no="5" player="KOPKHUNKRAP" type="23" sum="530"/>
<action no="6" player="OndaBianca1" type="0" discard="1" dealt="1" sum="0"/>
</round>
</game>
<game gamecode="6505507706"><general><startdate>2025-10-15 03:00:46</startdate>
<round>1</round>
<failsafecounter/>
<players><player seat="10" name="StelioPk" chips="490" dealer="0" win="0" bet="120" muck="1" rebuy="0" addon="0" merge="0" rebuychips="0" reg_code="5066288653"/>
<player seat="3" name="OndaBianca1" chips="420" dealer="1" win="0" bet="0" muck="1" rebuy="0" addon="0" merge="0" rebuychips="0" reg_code="5066288523"/>
<player seat="6" name="KOPKHUNKRAP" chips="590" dealer="0" win="240" bet="200" muck="1" rebuy="0" addon="0" merge="0" rebuychips="0" reg_code="5066288630"/>
</players>
</general>
<round no="0"><action no="1" player="KOPKHUNKRAP" type="1" sum="10"/>
<action no="2" player="StelioPk" type="2" discard="1" dealt="1" sum="20"/>
</round>
<round no="1"><cards type="Pocket" player="OndaBianca1">X X</cards>
<cards type="Pocket" player="KOPKHUNKRAP">H5 H10</cards>
<cards type="Pocket" player="StelioPk">X X</cards>
<action no="3" player="OndaBianca1" type="0" discard="1" dealt="1" sum="0"/>
<action no="4" player="KOPKHUNKRAP" type="3" sum="10"/>
<action no="5" player="StelioPk" type="23" discard="1" dealt="1" sum="60"/>
<action no="6" player="KOPKHUNKRAP" type="3" sum="40"/>
</round>
<round no="2"><cards type="Flop">D9 H2 H4</cards>
<action no="7" player="KOPKHUNKRAP" type="4" sum="0"/>
<action no="8" player="StelioPk" type="5" discard="1" dealt="1" sum="60"/>
<action no="9" player="KOPKHUNKRAP" type="23" sum="140"/>
<action no="10" player="StelioPk" type="0" discard="1" dealt="1" sum="0"/>
</round>
</game>
<game gamecode="6505507781"><general><startdate>2025-10-15 03:01:23</startdate>
<round>1</round>
<failsafecounter/>
<players><player seat="3" name="OndaBianca1" chips="420" dealer="0" win="0" bet="20" muck="1" rebuy="0" addon="0" merge="0" rebuychips="0" reg_code="5066288523"/>
<player seat="6" name="KOPKHUNKRAP" chips="710" dealer="1" win="0" bet="0" muck="1" rebuy="0" addon="0" merge="0" rebuychips="0" reg_code="5066288630"/>
<player seat="10" name="StelioPk" chips="370" dealer="0" win="40" bet="370" muck="1" rebuy="0" addon="0" merge="0" rebuychips="0" reg_code="5066288653"/>
</players>
</general>
<round no="0"><action no="1" player="StelioPk" type="1" discard="1" dealt="1" sum="10"/>
<action no="2" player="OndaBianca1" type="2" discard="1" dealt="1" sum="20"/>
</round>
<round no="1"><cards type="Pocket" player="StelioPk">X X</cards>
<cards type="Pocket" player="KOPKHUNKRAP">D9 S6</cards>
<cards type="Pocket" player="OndaBianca1">X X</cards>
<action no="3" player="KOPKHUNKRAP" type="0" sum="0"/>
<action no="4" player="StelioPk" type="23" discard="1" dealt="1" sum="370"/>
<action no="5" player="OndaBianca1" type="0" discard="1" dealt="1" sum="0"/>
</round>
</game>
<game gamecode="6505507812"><general><startdate>2025-10-15 03:01:37</startdate>
<round>1</round>
<failsafecounter/>
<players><player seat="6" name="KOPKHUNKRAP" chips="710" dealer="0" win="20" bet="20" muck="1" rebuy="0" addon="0" merge="0" rebuychips="0" reg_code="5066288630"/>
<player seat="10" name="StelioPk" chips="390" dealer="1" win="0" bet="0" muck="1" rebuy="0" addon="0" merge="0" rebuychips="0" reg_code="5066288653"/>
<player seat="3" name="OndaBianca1" chips="400" dealer="0" win="0" bet="10" muck="1" rebuy="0" addon="0" merge="0" rebuychips="0" reg_code="5066288523"/>
</players>
</general>
<round no="0"><action no="1" player="OndaBianca1" type="1" discard="1" dealt="1" sum="10"/>
<action no="2" player="KOPKHUNKRAP" type="2" sum="20"/>
</round>
<round no="1"><cards type="Pocket" player="StelioPk">X X</cards>
<cards type="Pocket" player="KOPKHUNKRAP">H6 D3</cards>
<cards type="Pocket" player="OndaBianca1">X X</cards>
<action no="3" player="StelioPk" type="0" discard="1" dealt="1" sum="0"/>
<action no="4" player="OndaBianca1" type="0" discard="1" dealt="1" sum="0"/>
</round>
</game>
<game gamecode="6505507825"><general><startdate>2025-10-15 03:01:44</startdate>
<round>1</round>
<failsafecounter/>
<players><player seat="10" name="StelioPk" chips="390" dealer="0" win="40" bet="120" muck="1" rebuy="0" addon="0" merge="0" rebuychips="0" reg_code="5066288653"/>
<player seat="3" name="OndaBianca1" chips="390" dealer="1" win="0" bet="0" muck="1" rebuy="0" addon="0" merge="0" rebuychips="0" reg_code="5066288523"/>
<player seat="6" name="KOPKHUNKRAP" chips="720" dealer="0" win="0" bet="20" muck="1" rebuy="0" addon="0" merge="0" rebuychips="0" reg_code="5066288630"/>
</players>
</general>
<round no="0"><action no="1" player="KOPKHUNKRAP" type="1" sum="10"/>
<action no="2" player="StelioPk" type="2" discard="1" dealt="1" sum="20"/>
</round>
<round no="1"><cards type="Pocket" player="StelioPk">X X</cards>
<cards type="Pocket" player="OndaBianca1">X X</cards>
<cards type="Pocket" player="KOPKHUNKRAP">CA D5</cards>
<action no="3" player="OndaBianca1" type="0" discard="1" dealt="1" sum="0"/>
<action no="4" player="KOPKHUNKRAP" type="3" sum="10"/>
<action no="5" player="StelioPk" type="23" discard="1" dealt="1" sum="120"/>
<action no="6" player="KOPKHUNKRAP" type="0" sum="0"/>
</round>
</game>
<game gamecode="6505507898"><general><startdate>2025-10-15 03:02:16</startdate>
<round>1</round>
<failsafecounter/>
<players><player seat="3" name="OndaBianca1" chips="390" dealer="0" win="45" bet="35" muck="1" rebuy="0" addon="0" merge="0" rebuychips="0" reg_code="5066288523"/>
<player seat="6" name="KOPKHUNKRAP" chips="700" dealer="1" win="0" bet="5" muck="1" rebuy="0" addon="0" merge="0" rebuychips="0" reg_code="5066288630"/>
<player seat="10" name="StelioPk" chips="410" dealer="0" win="0" bet="20" muck="1" rebuy="0" addon="0" merge="0" rebuychips="0" reg_code="5066288653"/>
</players>
</general>
<round no="0"><action no="1" player="StelioPk" type="15" discard="1" dealt="1" sum="5"/>
<action no="2" player="OndaBianca1" type="15" discard="1" dealt="1" sum="5"/>
<action no="3" player="KOPKHUNKRAP" type="15" sum="5"/>
<action no="4" player="StelioPk" type="1" discard="1" dealt="1" sum="15"/>
<action no="5" player="OndaBianca1" type="2" discard="1" dealt="1" sum="30"/>
</round>
<round no="1"><cards type="Pocket" player="OndaBianca1">X X</cards>
<cards type="Pocket" player="StelioPk">X X</cards>
<cards type="Pocket" player="KOPKHUNKRAP">D8 C5</cards>
<action no="6" player="KOPKHUNKRAP" type="0" sum="0"/>
<action no="7" player="StelioPk" type="0" discard="1" dealt="1" sum="0"/>
</round>
</game>
<game gamecode="6505507930"><general><startdate>2025-10-15 03:02:30</startdate>
<round>1</round>
<failsafecounter/>
<players><player seat="6" name="KOPKHUNKRAP" chips="695" dealer="0" win="45" bet="35" muck="1" rebuy="0" addon="0" merge="0" rebuychips="0" reg_code="5066288630"/>
<player seat="10" name="StelioPk" chips="390" dealer="1" win="0" bet="5" muck="1" rebuy="0" addon="0" merge="0" rebuychips="0" reg_code="5066288653"/>
<player seat="3" name="OndaBianca1" chips="415" dealer="0" win="0" bet="20" muck="1" rebuy="0" addon="0" merge="0" rebuychips="0" reg_code="5066288523"/>
</players>
</general>
<round no="0"><action no="1" player="OndaBianca1" type="15" discard="1" dealt="1" sum="5"/>
<action no="2" player="KOPKHUNKRAP" type="15" sum="5"/>
<action no="3" player="StelioPk" type="15" discard="1" dealt="1" sum="5"/>
<action no="4" player="OndaBianca1" type="1" discard="1" dealt="1" sum="15"/>
<action no="5" player="KOPKHUNKRAP" type="2" sum="30"/>
</round>
<round no="1"><cards type="Pocket" player="StelioPk">X X</cards>
<cards type="Pocket" player="OndaBianca1">X X</cards>
<cards type="Pocket" player="KOPKHUNKRAP">SK H9</cards>
<action no="6" player="StelioPk" type="0" discard="1" dealt="1" sum="0"/>
<action no="7" player="OndaBianca1" type="0" discard="1" dealt="1" sum="0"/>
</round>
</game>
<game gamecode="6505507964"><general><startdate>2025-10-15 03:02:46</startdate>
<round>1</round>
<failsafecounter/>
<players><player seat="10" name="StelioPk" chips="385" dealer="0" win="45" bet="35" muck="1" rebuy="0" addon="0" merge="0" rebuychips="0" reg_code="5066288653"/>
<player seat="3" name="OndaBianca1" chips="395" dealer="1" win="0" bet="5" muck="1" rebuy="0" addon="0" merge="0" rebuychips="0" reg_code="5066288523"/>
<player seat="6" name="KOPKHUNKRAP" chips="720" dealer="0" win="0" bet="20" muck="1" rebuy="0" addon="0" merge="0" rebuychips="0" reg_code="5066288630"/>
</players>
</general>
<round no="0"><action no="1" player="KOPKHUNKRAP" type="15" sum="5"/>
<action no="2" player="StelioPk" type="15" discard="1" dealt="1" sum="5"/>
<action no="3" player="OndaBianca1" type="15" discard="1" dealt="1" sum="5"/>
<action no="4" player="KOPKHUNKRAP" type="1" sum="15"/>
<action no="5" player="StelioPk" type="2" discard="1" dealt="1" sum="30"/>
</round>
<round no="1"><cards type="Pocket" player="StelioPk">X X</cards>
<cards type="Pocket" player="KOPKHUNKRAP">S4 S8</cards>
<cards type="Pocket" player="OndaBianca1">X X</cards>
<action no="6" player="OndaBianca1" type="0" discard="1" dealt="1" sum="0"/>
<action no="7" player="KOPKHUNKRAP" type="0" sum="0"/>
</round>
</game>
<game gamecode="6505507977"><general><startdate>2025-10-15 03:02:53</startdate>
<round>1</round>
<failsafecounter/>
<players><player seat="3" name="OndaBianca1" chips="390" dealer="0" win="150" bet="105" muck="1" rebuy="0" addon="0" merge="0" rebuychips="0" reg_code="5066288523"/>
<player seat="6" name="KOPKHUNKRAP" chips="700" dealer="1" win="0" bet="65" muck="1" rebuy="0" addon="0" merge="0" rebuychips="0" reg_code="5066288630"/>
<player seat="10" name="StelioPk" chips="410" dealer="0" win="0" bet="20" muck="1" rebuy="0" addon="0" merge="0" rebuychips="0" reg_code="5066288653"/>
</players>
</general>
<round no="0"><action no="1" player="StelioPk" type="15" discard="1" dealt="1" sum="5"/>
<action no="2" player="OndaBianca1" type="15" discard="1" dealt="1" sum="5"/>
<action no="3" player="KOPKHUNKRAP" type="15" sum="5"/>
<action no="4" player="StelioPk" type="1" discard="1" dealt="1" sum="15"/>
<action no="5" player="OndaBianca1" type="2" discard="1" dealt="1" sum="30"/>
</round>
<round no="1"><cards type="Pocket" player="OndaBianca1">X X</cards>
<cards type="Pocket" player="StelioPk">X X</cards>
<cards type="Pocket" player="KOPKHUNKRAP">SJ S8</cards>
<action no="6" player="KOPKHUNKRAP" type="23" sum="60"/>
<action no="7" player="StelioPk" type="0" discard="1" dealt="1" sum="0"/>
<action no="8" player="OndaBianca1" type="3" discard="1" dealt="1" sum="30"/>
</round>
<round no="2"><cards type="Flop">H3 D2 H6</cards>
<action no="9" player="OndaBianca1" type="4" discard="1" dealt="1" sum="0"/>
<action no="10" player="KOPKHUNKRAP" type="4" sum="0"/>
</round>
<round no="3"><cards type="Turn">C7</cards>
<action no="11" player="OndaBianca1" type="5" discard="1" dealt="1" sum="40"/>
<action no="12" player="KOPKHUNKRAP" type="0" sum="0"/>
</round>
</game>
<game gamecode="6505508049"><general><startdate>2025-10-15 03:03:26</startdate>
<round>1</round>
<failsafecounter/>
<players><player seat="6" name="KOPKHUNKRAP" chips="635" dealer="0" win="0" bet="35" muck="1" rebuy="0" addon="0" merge="0" rebuychips="0" reg_code="5066288630"/>
<player seat="10" name="StelioPk" chips="390" dealer="1" win="0" bet="5" muck="1" rebuy="0" addon="0" merge="0" rebuychips="0" reg_code="5066288653"/>
<player seat="3" name="OndaBianca1" chips="475" dealer="0" win="75" bet="80" muck="1" rebuy="0" addon="0" merge="0" rebuychips="0" reg_code="5066288523"/>
</players>
</general>
<round no="0"><action no="1" player="OndaBianca1" type="15" discard="1" dealt="1" sum="5"/>
<action no="2" player="KOPKHUNKRAP" type="15" sum="5"/>
<action no="3" player="StelioPk" type="15" discard="1" dealt="1" sum="5"/>
<action no="4" player="OndaBianca1" type="1" discard="1" dealt="1" sum="15"/>
<action no="5" player="KOPKHUNKRAP" type="2" sum="30"/>
</round>
<round no="1"><cards type="Pocket" player="OndaBianca1">X X</cards>
<cards type="Pocket" player="StelioPk">X X</cards>
<cards type="Pocket" player="KOPKHUNKRAP">D5 C10</cards>
<action no="6" player="StelioPk" type="0" discard="1" dealt="1" sum="0"/>
<action no="7" player="OndaBianca1" type="23" discard="1" dealt="1" sum="75"/>
<action no="8" player="KOPKHUNKRAP" type="0" sum="0"/>
</round>
</game>
<game gamecode="6505508073"><general><startdate>2025-10-15 03:03:40</startdate>
<round>1</round>
<failsafecounter/>
<players><player seat="10" name="StelioPk" chips="385" dealer="0" win="775" bet="385" muck="0" rebuy="0" addon="0" merge="0" rebuychips="0" reg_code="5066288653"/>
<player seat="3" name="OndaBianca1" chips="515" dealer="1" win="0" bet="5" muck="1" rebuy="0" addon="0" merge="0" rebuychips="0" reg_code="5066288523"/>
<player seat="6" name="KOPKHUNKRAP" chips="600" dealer="0" win="0" bet="600" muck="1" rebuy="0" addon="0" merge="0" rebuychips="0" reg_code="5066288630"/>
</players>
</general>
<round no="0"><action no="1" player="KOPKHUNKRAP" type="15" sum="5"/>
<action no="2" player="StelioPk" type="15" discard="1" dealt="1" sum="5"/>
<action no="3" player="OndaBianca1" type="15" discard="1" dealt="1" sum="5"/>
<action no="4" player="KOPKHUNKRAP" type="1" sum="20"/>
<action no="5" player="StelioPk" type="2" discard="1" dealt="1" sum="40"/>
</round>
<round no="1"><cards type="Pocket" player="StelioPk">S5 HK</cards>
<cards type="Pocket" player="KOPKHUNKRAP">C4 CA</cards>
<cards type="Pocket" player="OndaBianca1">X X</cards>
<action no="6" player="OndaBianca1" type="0" discard="1" dealt="1" sum="0"/>
<action no="7" player="KOPKHUNKRAP" type="23" sum="595"/>
<action no="8" player="StelioPk" type="7" discard="1" dealt="1" sum="340"/>
</round>
<round no="2"><cards type="Flop">HA C8 H2</cards>
</round>
<round no="3"><cards type="Turn">H8</cards>
</round>
<round no="4"><cards type="River">H6</cards>
</round>
</game>
<game gamecode="6505508120"><general><startdate>2025-10-15 03:04:01</startdate>
<round>1</round>
<failsafecounter/>
<players><player seat="3" name="OndaBianca1" chips="510" dealer="0" win="0" bet="215" muck="1" rebuy="0" addon="0" merge="0" rebuychips="0" reg_code="5066288523"/>
<player seat="6" name="KOPKHUNKRAP" chips="215" dealer="1" win="455" bet="215" muck="0" rebuy="0" addon="0" merge="0" rebuychips="0" reg_code="5066288630"/>
<player seat="10" name="StelioPk" chips="775" dealer="0" win="0" bet="25" muck="1" rebuy="0" addon="0" merge="0" rebuychips="0" reg_code="5066288653"/>
</players>
</general>
<round no="0"><action no="1" player="StelioPk" type="15" discard="1" dealt="1" sum="5"/>
<action no="2" player="OndaBianca1" type="15" discard="1" dealt="1" sum="5"/>
<action no="3" player="KOPKHUNKRAP" type="15" sum="5"/>
<action no="4" player="StelioPk" type="1" discard="1" dealt="1" sum="20"/>
<action no="5" player="OndaBianca1" type="2" discard="1" dealt="1" sum="40"/>
</round>
<round no="1"><cards type="Pocket" player="StelioPk">X X</cards>
<cards type="Pocket" player="OndaBianca1">D9 DK</cards>
<cards type="Pocket" player="KOPKHUNKRAP">SA S7</cards>
<action no="6" player="KOPKHUNKRAP" type="23" sum="210"/>
<action no="7" player="StelioPk" type="0" discard="1" dealt="1" sum="0"/>
<action no="8" player="OndaBianca1" type="3" discard="1" dealt="1" sum="170"/>
</round>
<round no="2"><cards type="Flop">D2 C5 H2</cards>
</round>
<round no="3"><cards type="Turn">C6</cards>
</round>
<round no="4"><cards type="River">S2</cards>
</round>
</game>
<game gamecode="6505508152"><general><startdate>2025-10-15 03:04:18</startdate>
<round>1</round>
<failsafecounter/>
<players><player seat="6" name="KOPKHUNKRAP" chips="455" dealer="0" win="0" bet="45" muck="1" rebuy="0" addon="0" merge="0" rebuychips="0" reg_code="5066288630"/>
<player seat="10" name="StelioPk" chips="750" dealer="1" win="0" bet="5" muck="1" rebuy="0" addon="0" merge="0" rebuychips="0" reg_code="5066288653"/>
<player seat="3" name="OndaBianca1" chips="295" dealer="0" win="95" bet="295" muck="1" rebuy="0" addon="0" merge="0" rebuychips="0" reg_code="5066288523"/>
</players>
</general>
<round no="0"><action no="1" player="OndaBianca1" type="15" discard="1" dealt="1" sum="5"/>
<action no="2" player="KOPKHUNKRAP" type="15" sum="5"/>
<action no="3" player="StelioPk" type="15" discard="1" dealt="1" sum="5"/>
<action no="4" player="OndaBianca1" type="1" discard="1" dealt="1" sum="20"/>
<action no="5" player="KOPKHUNKRAP" type="2" sum="40"/>
</round>
<round no="1"><cards type="Pocket" player="KOPKHUNKRAP">H6 C7</cards>
<cards type="Pocket" player="OndaBianca1">X X</cards>
<cards type="Pocket" player="StelioPk">X X</cards>
<action no="6" player="StelioPk" type="0" discard="1" dealt="1" sum="0"/>
<action no="7" player="OndaBianca1" type="23" discard="1" dealt="1" sum="290"/>
<action no="8" player="KOPKHUNKRAP" type="0" sum="0"/>
</round>
</game>
<game gamecode="6505508177"><general><startdate>2025-10-15 03:04:31</startdate>
<round>1</round>
<failsafecounter/>
<players><player seat="10" name="StelioPk" chips="745" dealer="0" win="0" bet="410" muck="1" rebuy="0" addon="0" merge="0" rebuychips="0" reg_code="5066288653"/>
<player seat="3" name="OndaBianca1" chips="345" dealer="1" win="0" bet="5" muck="1" rebuy="0" addon="0" merge="0" rebuychips="0" reg_code="5066288523"/>
<player seat="6" name="KOPKHUNKRAP" chips="410" dealer="0" win="825" bet="410" muck="0" rebuy="0" addon="0" merge="0" rebuychips="0" reg_code="5066288630"/>
</players>
</general>
<round no="0"><action no="1" player="KOPKHUNKRAP" type="15" sum="5"/>
<action no="2" player="StelioPk" type="15" discard="1" dealt="1" sum="5"/>
<action no="3" player="OndaBianca1" type="15" discard="1" dealt="1" sum="5"/>
<action no="4" player="KOPKHUNKRAP" type="1" sum="20"/>
<action no="5" player="StelioPk" type="2" discard="1" dealt="1" sum="40"/>
</round>
<round no="1"><cards type="Pocket" player="OndaBianca1">X X</cards>
<cards type="Pocket" player="StelioPk">HA H3</cards>
<cards type="Pocket" player="KOPKHUNKRAP">DJ H9</cards>
<action no="6" player="OndaBianca1" type="0" discard="1" dealt="1" sum="0"/>
<action no="7" player="KOPKHUNKRAP" type="23" sum="405"/>
<action no="8" player="StelioPk" type="3" discard="1" dealt="1" sum="365"/>
</round>
<round no="2"><cards type="Flop">C10 DK CJ</cards>
</round>
<round no="3"><cards type="Turn">S4</cards>
</round>
<round no="4"><cards type="River">C3</cards>
</round>
</game>
<game gamecode="6505509648"><general><startdate>2025-10-15 03:04:52</startdate>
<round>1</round>
<failsafecounter/>
<players><player seat="3" name="OndaBianca1" chips="340" dealer="0" win="0" bet="45" muck="1" rebuy="0" addon="0" merge="0" rebuychips="0" reg_code="5066288523"/>
<player seat="6" name="KOPKHUNKRAP" chips="825" dealer="1" win="115" bet="825" muck="1" rebuy="0" addon="0" merge="0" rebuychips="0" reg_code="5066288630"/>
<player seat="10" name="StelioPk" chips="335" dealer="0" win="0" bet="25" muck="1" rebuy="0" addon="0" merge="0" rebuychips="0" reg_code="5066288653"/>
</players>
</general>
<round no="0"><action no="1" player="StelioPk" type="15" discard="1" dealt="1" sum="5"/>
<action no="2" player="OndaBianca1" type="15" discard="1" dealt="1" sum="5"/>
<action no="3" player="KOPKHUNKRAP" type="15" sum="5"/>
<action no="4" player="StelioPk" type="1" discard="1" dealt="1" sum="20"/>
<action no="5" player="OndaBianca1" type="2" discard="1" dealt="1" sum="40"/>
</round>
<round no="1"><cards type="Pocket" player="StelioPk">X X</cards>
<cards type="Pocket" player="OndaBianca1">X X</cards>
<cards type="Pocket" player="KOPKHUNKRAP">HQ SK</cards>
<action no="6" player="KOPKHUNKRAP" type="23" sum="820"/>
<action no="7" player="StelioPk" type="0" discard="1" dealt="1" sum="0"/>
<action no="8" player="OndaBianca1" type="0" discard="1" dealt="1" sum="0"/>
</round>
</game>
<game gamecode="6505509684"><general><startdate>2025-10-15 03:05:04</startdate>
<round>1</round>
<failsafecounter/>
<players><player seat="6" name="KOPKHUNKRAP" chips="895" dealer="0" win="0" bet="310" muck="1" rebuy="0" addon="0" merge="0" rebuychips="0" reg_code="5066288630"/>
<player seat="10" name="StelioPk" chips="310" dealer="1" win="915" bet="310" muck="0" rebuy="0" addon="0" merge="0" rebuychips="0" reg_code="5066288653"/>
<player seat="3" name="OndaBianca1" chips="295" dealer="0" win="0" bet="295" muck="1" rebuy="0" addon="0" merge="0" rebuychips="0" reg_code="5066288523"/>
</players>
</general>
<round no="0"><action no="1" player="OndaBianca1" type="15" discard="1" dealt="1" sum="5"/>
<action no="2" player="KOPKHUNKRAP" type="15" sum="5"/>
<action no="3" player="StelioPk" type="15" discard="1" dealt="1" sum="5"/>
<action no="4" player="OndaBianca1" type="1" discard="1" dealt="1" sum="20"/>
<action no="5" player="KOPKHUNKRAP" type="2" sum="40"/>
</round>
<round no="1"><cards type="Pocket" player="KOPKHUNKRAP">DK HJ</cards>
<cards type="Pocket" player="StelioPk">S10 HA</cards>
<cards type="Pocket" player="OndaBianca1">D9 DQ</cards>
<action no="6" player="StelioPk" type="23" discard="1" dealt="1" sum="305"/>
<action no="7" player="OndaBianca1" type="7" discard="1" dealt="1" sum="270"/>
<action no="8" player="KOPKHUNKRAP" type="3" sum="265"/>
</round>
<round no="2"><cards type="Flop">H10 D6 C6</cards>
</round>
<round no="3"><cards type="Turn">S5</cards>
</round>
<round no="4"><cards type="River">H3</cards>
</round>
</game>
<game gamecode="6505509750"><general><startdate>2025-10-15 03:05:36</startdate>
<round>1</round>
<failsafecounter/>
<players><player seat="10" name="StelioPk" chips="915" dealer="0" win="70" bet="65" muck="1" rebuy="0" addon="0" merge="0" rebuychips="0" reg_code="5066288653"/>
<player seat="6" name="KOPKHUNKRAP" chips="585" dealer="1" win="0" bet="35" muck="1" rebuy="0" addon="0" merge="0" rebuychips="0" reg_code="5066288630"/>
</players>
</general>
<round no="0"><action no="1" player="KOPKHUNKRAP" type="15" sum="5"/>
<action no="2" player="StelioPk" type="15" discard="1" dealt="1" sum="5"/>
<action no="3" player="KOPKHUNKRAP" type="1" sum="30"/>
<action no="4" player="StelioPk" type="2" discard="1" dealt="1" sum="60"/>
</round>
<round no="1"><cards type="Pocket" player="KOPKHUNKRAP">S5 H2</cards>
<cards type="Pocket" player="StelioPk">X X</cards>
<action no="5" player="KOPKHUNKRAP" type="0" sum="0"/>
</round>
</game>
<game gamecode="6505509769"><general><startdate>2025-10-15 03:05:42</startdate>
<round>1</round>
<failsafecounter/>
<players><player seat="6" name="KOPKHUNKRAP" chips="550" dealer="0" win="70" bet="65" muck="1" rebuy="0" addon="0" merge="0" rebuychips="0" reg_code="5066288630"/>
<player seat="10" name="StelioPk" chips="950" dealer="1" win="0" bet="35" muck="1" rebuy="0" addon="0" merge="0" rebuychips="0" reg_code="5066288653"/>
</players>
</general>
<round no="0"><action no="1" player="StelioPk" type="15" discard="1" dealt="1" sum="5"/>
<action no="2" player="KOPKHUNKRAP" type="15" sum="5"/>
<action no="3" player="StelioPk" type="1" discard="1" dealt="1" sum="30"/>
<action no="4" player="KOPKHUNKRAP" type="2" sum="60"/>
</round>
<round no="1"><cards type="Pocket" player="StelioPk">X X</cards>
<cards type="Pocket" player="KOPKHUNKRAP">HA SJ</cards>
<action no="5" player="StelioPk" type="0" discard="1" dealt="1" sum="0"/>
</round>
</game>
<game gamecode="6505509778"><general><startdate>2025-10-15 03:05:48</startdate>
<round>1</round>
<failsafecounter/>
<players><player seat="10" name="StelioPk" chips="915" dealer="0" win="0" bet="125" muck="1" rebuy="0" addon="0" merge="0" rebuychips="0" reg_code="5066288653"/>
<player seat="6" name="KOPKHUNKRAP" chips="585" dealer="1" win="250" bet="585" muck="1" rebuy="0" addon="0" merge="0" rebuychips="0" reg_code="5066288630"/>
</players>
</general>
<round no="0"><action no="1" player="KOPKHUNKRAP" type="15" sum="5"/>
<action no="2" player="StelioPk" type="15" discard="1" dealt="1" sum="5"/>
<action no="3" player="KOPKHUNKRAP" type="1" sum="30"/>
<action no="4" player="StelioPk" type="2" discard="1" dealt="1" sum="60"/>
</round>
<round no="1"><cards type="Pocket" player="KOPKHUNKRAP">H6 S5</cards>
<cards type="Pocket" player="StelioPk">X X</cards>
<action no="5" player="KOPKHUNKRAP" type="3" sum="30"/>
<action no="6" player="StelioPk" type="4" discard="1" dealt="1" sum="0"/>
</round>
<round no="2"><cards type="Flop">S4 C3 S6</cards>
<action no="7" player="StelioPk" type="4" discard="1" dealt="1" sum="0"/>
<action no="8" player="KOPKHUNKRAP" type="5" sum="60"/>
<action no="9" player="StelioPk" type="3" discard="1" dealt="1" sum="60"/>
</round>
<round no="3"><cards type="Turn">S2</cards>
<action no="10" player="StelioPk" type="4" discard="1" dealt="1" sum="0"/>
<action no="11" player="KOPKHUNKRAP" type="4" sum="0"/>
</round>
<round no="4"><cards type="River">D4</cards>
<action no="12" player="StelioPk" type="4" discard="1" dealt="1" sum="0"/>
<action no="13" player="KOPKHUNKRAP" type="5" sum="460"/>
<action no="14" player="StelioPk" type="0" discard="1" dealt="1" sum="0"/>
</round>
</game>
<game gamecode="6505509919"><general><startdate>2025-10-15 03:06:48</startdate>
<round>1</round>
<failsafecounter/>
<players><player seat="6" name="KOPKHUNKRAP" chips="710" dealer="0" win="0" bet="710" muck="0" rebuy="0" addon="0" merge="0" rebuychips="0" reg_code="5066288630"/>
<player seat="10" name="StelioPk" chips="790" dealer="1" win="1,420" bet="710" muck="0" rebuy="0" addon="0" merge="0" rebuychips="0" reg_code="5066288653"/>
</players>
</general>
<round no="0"><action no="1" player="StelioPk" type="15" discard="1" dealt="1" sum="5"/>
<action no="2" player="KOPKHUNKRAP" type="15" sum="5"/>
<action no="3" player="StelioPk" type="1" discard="1" dealt="1" sum="30"/>
<action no="4" player="KOPKHUNKRAP" type="2" sum="60"/>
</round>
<round no="1"><cards type="Pocket" player="KOPKHUNKRAP">D2 HA</cards>
<cards type="Pocket" player="StelioPk">HK SK</cards>
<action no="5" player="StelioPk" type="3" discard="1" dealt="1" sum="30"/>
<action no="6" player="KOPKHUNKRAP" type="23" sum="705"/>
<action no="7" player="StelioPk" type="3" discard="1" dealt="1" sum="645"/>
</round>
<round no="2"><cards type="Flop">D7 H6 CK</cards>
</round>
<round no="3"><cards type="Turn">D10</cards>
</round>
<round no="4"><cards type="River">S4</cards>
</round>
</game>
</session>
