<?xml version="1.0" encoding="UTF-8"?>
<session sessioncode="5066559739">
<general>
<client_version>24.7.1.15</client_version>
<mode>real</mode>
<gametype>Holdem NL</gametype>
<tablename>Twister €100 SNG, 819829243</tablename>
<tournamentcode>819829242</tournamentcode>
<tournamentname>Twister €100 SNG</tournamentname>
<buyin>€0 + €7 + €93</buyin>
<totalbuyin>€100</totalbuyin>
<rewarddrawn>€200</rewarddrawn>
<tournamentcurrency>EUR</tournamentcurrency>
<currency>EUR</currency>
<nickname>KOPKHUNKRAP</nickname>
<gamecount>26</gamecount>
<startdate>2025-10-16 13:39:04</startdate>
<place>1</place>
<win>€200</win>
<tablesize>3</tablesize>
</general>
<game gamecode="6506596222"><general><startdate>2025-10-16 13:39:20</startdate>
<round>1</round>
<failsafecounter/>
<players><player seat="6" name="Tiuualex" chips="500" dealer="0" win="20" bet="20" muck="1" rebuy="0" addon="0" merge="0" rebuychips="0" reg_code="5066559629"/>
<player seat="10" name="KOPKHUNKRAP" chips="500" dealer="1" win="0" bet="0" muck="1" rebuy="0" addon="0" merge="0" rebuychips="0" reg_code="5066559739"/>
<player seat="3" name="InFondoAlMar" chips="500" dealer="0" win="0" bet="10" muck="1" rebuy="0" addon="0" merge="0" rebuychips="0" reg_code="5066558551"/>
</players>
</general>
<round no="0"><action no="1" player="InFondoAlMar" type="1" discard="1" dealt="1" sum="10"/>
<action no="2" player="Tiuualex" type="2" discard="1" dealt="1" sum="20"/>
</round>
<round no="1"><cards type="Pocket" player="KOPKHUNKRAP">CQ H7</cards>
<cards type="Pocket" player="InFondoAlMar">X X</cards>
<cards type="Pocket" player="Tiuualex">X X</cards>
<action no="3" player="KOPKHUNKRAP" type="0" sum="0"/>
<action no="4" player="InFondoAlMar" type="0" discard="1" dealt="1" sum="0"/>
</round>
</game>
<game gamecode="6506596256"><general><startdate>2025-10-16 13:39:37</startdate>
<round>1</round>
<failsafecounter/>
<players><player seat="10" name="KOPKHUNKRAP" chips="500" dealer="0" win="20" bet="20" muck="1" rebuy="0" addon="0" merge="0" rebuychips="0" reg_code="5066559739"/>
<player seat="3" name="InFondoAlMar" chips="490" dealer="1" win="0" bet="0" muck="1" rebuy="0" addon="0" merge="0" rebuychips="0" reg_code="5066558551"/>
<player seat="6" name="Tiuualex" chips="510" dealer="0" win="0" bet="10" muck="1" rebuy="0" addon="0" merge="0" rebuychips="0" reg_code="5066559629"/>
</players>
</general>
<round no="0"><action no="1" player="Tiuualex" type="1" discard="1" dealt="1" sum="10"/>
<action no="2" player="KOPKHUNKRAP" type="2" sum="20"/>
</round>
<round no="1"><cards type="Pocket" player="Tiuualex">X X</cards>
<cards type="Pocket" player="InFondoAlMar">X X</cards>
<cards type="Pocket" player="KOPKHUNKRAP">S2 D10</cards>
<action no="3" player="InFondoAlMar" type="0" discard="1" dealt="1" sum="0"/>
<action no="4" player="Tiuualex" type="0" discard="1" dealt="1" sum="0"/>
</round>
</game>
<game gamecode="6506596286"><general><startdate>2025-10-16 13:39:51</startdate>
<round>1</round>
<failsafecounter/>
<players><player seat="3" name="InFondoAlMar" chips="490" dealer="0" win="20" bet="20" muck="1" rebuy="0" addon="0" merge="0" rebuychips="0" reg_code="5066558551"/>
<player seat="6" name="Tiuualex" chips="500" dealer="1" win="0" bet="0" muck="1" rebuy="0" addon="0" merge="0" rebuychips="0" reg_code="5066559629"/>
<player seat="10" name="KOPKHUNKRAP" chips="510" dealer="0" win="0" bet="10" muck="1" rebuy="0" addon="0" merge="0" rebuychips="0" reg_code="5066559739"/>
</players>
</general>
<round no="0"><action no="1" player="KOPKHUNKRAP" type="1" sum="10"/>
<action no="2" player="InFondoAlMar" type="2" discard="1" dealt="1" sum="20"/>
</round>
<round no="1"><cards type="Pocket" player="InFondoAlMar">X X</cards>
<cards type="Pocket" player="KOPKHUNKRAP">H4 D8</cards>
<cards type="Pocket" player="Tiuualex">X X</cards>
<action no="3" player="Tiuualex" type="0" discard="1" dealt="1" sum="0"/>
<action no="4" player="KOPKHUNKRAP" type="0" sum="0"/>
</round>
</game>
<game gamecode="6506596303"><general><startdate>2025-10-16 13:39:58</startdate>
<round>1</round>
<failsafecounter/>
<players><player seat="6" name="Tiuualex" chips="500" dealer="0" win="0" bet="40" muck="1" rebuy="0" addon="0" merge="0" rebuychips="0" reg_code="5066559629"/>
<player seat="10" name="KOPKHUNKRAP" chips="500" dealer="1" win="90" bet="60" muck="1" rebuy="0" addon="0" merge="0" rebuychips="0" reg_code="5066559739"/>
<player seat="3" name="InFondoAlMar" chips="500" dealer="0" win="0" bet="10" muck="1" rebuy="0" addon="0" merge="0" rebuychips="0" reg_code="5066558551"/>
</players>
</general>
<round no="0"><action no="1" player="InFondoAlMar" type="1" discard="1" dealt="1" sum="10"/>
<action no="2" player="Tiuualex" type="2" discard="1" dealt="1" sum="20"/>
</round>
<round no="1"><cards type="Pocket" player="Tiuualex">X X</cards>
<cards type="Pocket" player="KOPKHUNKRAP">D9 CJ</cards>
<cards type="Pocket" player="InFondoAlMar">X X</cards>
<action no="3" player="KOPKHUNKRAP" type="23" sum="40"/>
<action no="4" player="InFondoAlMar" type="0" discard="1" dealt="1" sum="0"/>
<action no="5" player="Tiuualex" type="3" discard="1" dealt="1" sum="20"/>
</round>
<round no="2"><cards type="Flop">DJ SQ S4</cards>
<action no="6" player="Tiuualex" type="4" discard="1" dealt="1" sum="0"/>
<action no="7" player="KOPKHUNKRAP" type="5" sum="20"/>
<action no="8" player="Tiuualex" type="0" discard="1" dealt="1" sum="0"/>
</round>
</game>
<game gamecode="6506596356"><general><startdate>2025-10-16 13:40:27</startdate>
<round>1</round>
<failsafecounter/>
<players><player seat="10" name="KOPKHUNKRAP" chips="550" dealer="0" win="20" bet="20" muck="1" rebuy="0" addon="0" merge="0" rebuychips="0" reg_code="5066559739"/>
<player seat="3" name="InFondoAlMar" chips="490" dealer="1" win="0" bet="0" muck="1" rebuy="0" addon="0" merge="0" rebuychips="0" reg_code="5066558551"/>
<player seat="6" name="Tiuualex" chips="460" dealer="0" win="0" bet="10" muck="1" rebuy="0" addon="0" merge="0" rebuychips="0" reg_code="5066559629"/>
</players>
</general>
<round no="0"><action no="1" player="Tiuualex" type="1" discard="1" dealt="1" sum="10"/>
<action no="2" player="KOPKHUNKRAP" type="2" sum="20"/>
</round>
<round no="1"><cards type="Pocket" player="Tiuualex">X X</cards>
<cards type="Pocket" player="KOPKHUNKRAP">C7 H9</cards>
<cards type="Pocket" player="InFondoAlMar">X X</cards>
<action no="3" player="InFondoAlMar" type="0" discard="1" dealt="1" sum="0"/>
<action no="4" player="Tiuualex" type="0" discard="1" dealt="1" sum="0"/>
</round>
</game>
<game gamecode="6506596387"><general><startdate>2025-10-16 13:40:42</startdate>
<round>1</round>
<failsafecounter/>
<players><player seat="3" name="InFondoAlMar" chips="490" dealer="0" win="0" bet="20" muck="1" rebuy="0" addon="0" merge="0" rebuychips="0" reg_code="5066558551"/>
<player seat="6" name="Tiuualex" chips="450" dealer="1" win="0" bet="0" muck="1" rebuy="0" addon="0" merge="0" rebuychips="0" reg_code="5066559629"/>
<player seat="10" name="KOPKHUNKRAP" chips="560" dealer="0" win="40" bet="20" muck="0" rebuy="0" addon="0" merge="0" rebuychips="0" reg_code="5066559739"/>
</players>
</general>
<round no="0"><action no="1" player="KOPKHUNKRAP" type="1" sum="10"/>
<action no="2" player="InFondoAlMar" type="2" discard="1" dealt="1" sum="20"/>
</round>
<round no="1"><cards type="Pocket" player="Tiuualex">X X</cards>
<cards type="Pocket" player="KOPKHUNKRAP">S6 D6</cards>
<cards type="Pocket" player="InFondoAlMar">C10 D2</cards>
<action no="3" player="Tiuualex" type="0" discard="1" dealt="1" sum="0"/>
<action no="4" player="KOPKHUNKRAP" type="3" sum="10"/>
<action no="5" player="InFondoAlMar" type="4" discard="1" dealt="1" sum="0"/>
</round>
<round no="2"><cards type="Flop">C7 S3 HJ</cards>
<action no="6" player="KOPKHUNKRAP" type="4" sum="0"/>
<action no="7" player="InFondoAlMar" type="4" discard="1" dealt="1" sum="0"/>
</round>
<round no="3"><cards type="Turn">CJ</cards>
<action no="8" player="KOPKHUNKRAP" type="4" sum="0"/>
<action no="9" player="InFondoAlMar" type="4" discard="1" dealt="1" sum="0"/>
</round>
<round no="4"><cards type="River">H9</cards>
<action no="10" player="KOPKHUNKRAP" type="4" sum="0"/>
<action no="11" player="InFondoAlMar" type="4" discard="1" dealt="1" sum="0"/>
</round>
</game>
<game gamecode="6506596470"><general><startdate>2025-10-16 13:41:34</startdate>
<round>1</round>
<failsafecounter/>
<players><player seat="6" name="Tiuualex" chips="450" dealer="0" win="0" bet="450" muck="1" rebuy="0" addon="0" merge="0" rebuychips="0" reg_code="5066559629"/>
<player seat="10" name="KOPKHUNKRAP" chips="580" dealer="1" win="920" bet="580" muck="0" rebuy="0" addon="0" merge="0" rebuychips="0" reg_code="5066559739"/>
<player seat="3" name="InFondoAlMar" chips="470" dealer="0" win="0" bet="20" muck="1" rebuy="0" addon="0" merge="0" rebuychips="0" reg_code="5066558551"/>
</players>
</general>
<round no="0"><action no="1" player="InFondoAlMar" type="15" discard="1" dealt="1" sum="5"/>
<action no="2" player="Tiuualex" type="15" discard="1" dealt="1" sum="5"/>
<action no="3" player="KOPKHUNKRAP" type="15" sum="5"/>
<action no="4" player="InFondoAlMar" type="1" discard="1" dealt="1" sum="15"/>
<action no="5" player="Tiuualex" type="2" discard="1" dealt="1" sum="30"/>
</round>
<round no="1"><cards type="Pocket" player="KOPKHUNKRAP">CJ DA</cards>
<cards type="Pocket" player="Tiuualex">SA H10</cards>
<cards type="Pocket" player="InFondoAlMar">X X</cards>
<action no="6" player="KOPKHUNKRAP" type="23" sum="575"/>
<action no="7" player="InFondoAlMar" type="0" discard="1" dealt="1" sum="0"/>
<action no="8" player="Tiuualex" type="7" discard="1" dealt="1" sum="415"/>
</round>
<round no="2"><cards type="Flop">D2 CQ H8</cards>
</round>
<round no="3"><cards type="Turn">D4</cards>
</round>
<round no="4"><cards type="River">S8</cards>
</round>
</game>
<game gamecode="6506596515"><general><startdate>2025-10-16 13:41:56</startdate>
<round>1</round>
<failsafecounter/>
<players><player seat="10" name="KOPKHUNKRAP" chips="1,050" dealer="0" win="70" bet="65" muck="1" rebuy="0" addon="0" merge="0" rebuychips="0" reg_code="5066559739"/>
<player seat="3" name="InFondoAlMar" chips="450" dealer="1" win="0" bet="35" muck="1" rebuy="0" addon="0" merge="0" rebuychips="0" reg_code="5066558551"/>
</players>
</general>
<round no="0"><action no="1" player="InFondoAlMar" type="15" discard="1" dealt="1" sum="5"/>
<action no="2" player="KOPKHUNKRAP" type="15" sum="5"/>
<action no="3" player="InFondoAlMar" type="1" discard="1" dealt="1" sum="15"/>
<action no="4" player="KOPKHUNKRAP" type="2" sum="30"/>
</round>
<round no="1"><cards type="Pocket" player="InFondoAlMar">X X</cards>
<cards type="Pocket" player="KOPKHUNKRAP">H3 S6</cards>
<action no="5" player="InFondoAlMar" type="3" discard="1" dealt="1" sum="15"/>
<action no="6" player="KOPKHUNKRAP" type="4" sum="0"/>
</round>
<round no="2"><cards type="Flop">H6 DK DA</cards>
<action no="7" player="KOPKHUNKRAP" type="4" sum="0"/>
<action no="8" player="InFondoAlMar" type="4" discard="1" dealt="1" sum="0"/>
</round>
<round no="3"><cards type="Turn">S5</cards>
<action no="9" player="KOPKHUNKRAP" type="4" sum="0"/>
<action no="10" player="InFondoAlMar" type="4" discard="1" dealt="1" sum="0"/>
</round>
<round no="4"><cards type="River">D5</cards>
<action no="11" player="KOPKHUNKRAP" type="5" sum="30"/>
<action no="12" player="InFondoAlMar" type="0" discard="1" dealt="1" sum="0"/>
</round>
</game>
<game gamecode="6506596561"><general><startdate>2025-10-16 13:42:23</startdate>
<round>1</round>
<failsafecounter/>
<players><player seat="3" name="InFondoAlMar" chips="415" dealer="0" win="0" bet="65" muck="1" rebuy="0" addon="0" merge="0" rebuychips="0" reg_code="5066558551"/>
<player seat="10" name="KOPKHUNKRAP" chips="1,085" dealer="1" win="130" bet="155" muck="1" rebuy="0" addon="0" merge="0" rebuychips="0" reg_code="5066559739"/>
</players>
</general>
<round no="0"><action no="1" player="KOPKHUNKRAP" type="15" sum="5"/>
<action no="2" player="InFondoAlMar" type="15" discard="1" dealt="1" sum="5"/>
<action no="3" player="KOPKHUNKRAP" type="1" sum="15"/>
<action no="4" player="InFondoAlMar" type="2" discard="1" dealt="1" sum="30"/>
</round>
<round no="1"><cards type="Pocket" player="KOPKHUNKRAP">S3 D10</cards>
<cards type="Pocket" player="InFondoAlMar">X X</cards>
<action no="5" player="KOPKHUNKRAP" type="3" sum="15"/>
<action no="6" player="InFondoAlMar" type="4" discard="1" dealt="1" sum="0"/>
</round>
<round no="2"><cards type="Flop">D4 S6 HJ</cards>
<action no="7" player="InFondoAlMar" type="4" discard="1" dealt="1" sum="0"/>
<action no="8" player="KOPKHUNKRAP" type="5" sum="30"/>
<action no="9" player="InFondoAlMar" type="3" discard="1" dealt="1" sum="30"/>
</round>
<round no="3"><cards type="Turn">DQ</cards>
<action no="10" player="InFondoAlMar" type="4" discard="1" dealt="1" sum="0"/>
<action no="11" player="KOPKHUNKRAP" type="5" sum="90"/>
<action no="12" player="InFondoAlMar" type="0" discard="1" dealt="1" sum="0"/>
</round>
</game>
<game gamecode="6506596615"><general><startdate>2025-10-16 13:42:49</startdate>
<round>1</round>
<failsafecounter/>
<players><player seat="10" name="KOPKHUNKRAP" chips="1,150" dealer="0" win="0" bet="350" muck="1" rebuy="0" addon="0" merge="0" rebuychips="0" reg_code="5066559739"/>
<player seat="3" name="InFondoAlMar" chips="350" dealer="1" win="700" bet="350" muck="0" rebuy="0" addon="0" merge="0" rebuychips="0" reg_code="5066558551"/>
</players>
</general>
<round no="0"><action no="1" player="InFondoAlMar" type="15" discard="1" dealt="1" sum="5"/>
<action no="2" player="KOPKHUNKRAP" type="15" sum="5"/>
<action no="3" player="InFondoAlMar" type="1" discard="1" dealt="1" sum="20"/>
<action no="4" player="KOPKHUNKRAP" type="2" sum="40"/>
</round>
<round no="1"><cards type="Pocket" player="KOPKHUNKRAP">SA S4</cards>
<cards type="Pocket" player="InFondoAlMar">D3 SK</cards>
<action no="5" player="InFondoAlMar" type="23" discard="1" dealt="1" sum="345"/>
<action no="6" player="KOPKHUNKRAP" type="3" sum="305"/>
</round>
<round no="2"><cards type="Flop">CK C5 D10</cards>
</round>
<round no="3"><cards type="Turn">S6</cards>
</round>
<round no="4"><cards type="River">H6</cards>
</round>
</game>
<game gamecode="6506596636"><general><startdate>2025-10-16 13:43:03</startdate>
<round>1</round>
<failsafecounter/>
<players><player seat="3" name="InFondoAlMar" chips="700" dealer="0" win="90" bet="45" muck="0" rebuy="0" addon="0" merge="0" rebuychips="0" reg_code="5066558551"/>
<player seat="10" name="KOPKHUNKRAP" chips="800" dealer="1" win="0" bet="45" muck="1" rebuy="0" addon="0" merge="0" rebuychips="0" reg_code="5066559739"/>
</players>
</general>
<round no="0"><action no="1" player="KOPKHUNKRAP" type="15" sum="5"/>
<action no="2" player="InFondoAlMar" type="15" discard="1" dealt="1" sum="5"/>
<action no="3" player="KOPKHUNKRAP" type="1" sum="20"/>
<action no="4" player="InFondoAlMar" type="2" discard="1" dealt="1" sum="40"/>
</round>
<round no="1"><cards type="Pocket" player="InFondoAlMar">SK C2</cards>
<cards type="Pocket" player="KOPKHUNKRAP">C4 H6</cards>
<action no="5" player="KOPKHUNKRAP" type="3" sum="20"/>
<action no="6" player="InFondoAlMar" type="4" discard="1" dealt="1" sum="0"/>
</round>
<round no="2"><cards type="Flop">C6 D3 C10</cards>
<action no="7" player="InFondoAlMar" type="4" discard="1" dealt="1" sum="0"/>
<action no="8" player="KOPKHUNKRAP" type="4" sum="0"/>
</round>
<round no="3"><cards type="Turn">H7</cards>
<action no="9" player="InFondoAlMar" type="4" discard="1" dealt="1" sum="0"/>
<action no="10" player="KOPKHUNKRAP" type="4" sum="0"/>
</round>
<round no="4"><cards type="River">DK</cards>
<action no="11" player="InFondoAlMar" type="4" discard="1" dealt="1" sum="0"/>
<action no="12" player="KOPKHUNKRAP" type="4" sum="0"/>
</round>
</game>
<game gamecode="6506596681"><general><startdate>2025-10-16 13:43:31</startdate>
<round>1</round>
<failsafecounter/>
<players><player seat="10" name="KOPKHUNKRAP" chips="755" dealer="0" win="180" bet="215" muck="1" rebuy="0" addon="0" merge="0" rebuychips="0" reg_code="5066559739"/>
<player seat="3" name="InFondoAlMar" chips="745" dealer="1" win="0" bet="90" muck="1" rebuy="0" addon="0" merge="0" rebuychips="0" reg_code="5066558551"/>
</players>
</general>
<round no="0"><action no="1" player="InFondoAlMar" type="15" discard="1" dealt="1" sum="5"/>
<action no="2" player="KOPKHUNKRAP" type="15" sum="5"/>
<action no="3" player="InFondoAlMar" type="1" discard="1" dealt="1" sum="20"/>
<action no="4" player="KOPKHUNKRAP" type="2" sum="40"/>
</round>
<round no="1"><cards type="Pocket" player="KOPKHUNKRAP">H2 H4</cards>
<cards type="Pocket" player="InFondoAlMar">X X</cards>
<action no="5" player="InFondoAlMar" type="3" discard="1" dealt="1" sum="20"/>
<action no="6" player="KOPKHUNKRAP" type="4" sum="0"/>
</round>
<round no="2"><cards type="Flop">HJ C5 C7</cards>
<action no="7" player="KOPKHUNKRAP" type="4" sum="0"/>
<action no="8" player="InFondoAlMar" type="4" discard="1" dealt="1" sum="0"/>
</round>
<round no="3"><cards type="Turn">H5</cards>
<action no="9" player="KOPKHUNKRAP" type="4" sum="0"/>
<action no="10" player="InFondoAlMar" type="5" discard="1" dealt="1" sum="45"/>
<action no="11" player="KOPKHUNKRAP" type="23" sum="170"/>
<action no="12" player="InFondoAlMar" type="0" discard="1" dealt="1" sum="0"/>
</round>
</game>
<game gamecode="6506596743"><general><startdate>2025-10-16 13:44:00</startdate>
<round>1</round>
<failsafecounter/>
<players><player seat="3" name="InFondoAlMar" chips="655" dealer="0" win="170" bet="213" muck="1" rebuy="0" addon="0" merge="0" rebuychips="0" reg_code="5066558551"/>
<player seat="10" name="KOPKHUNKRAP" chips="845" dealer="1" win="0" bet="85" muck="1" rebuy="0" addon="0" merge="0" rebuychips="0" reg_code="5066559739"/>
</players>
</general>
<round no="0"><action no="1" player="KOPKHUNKRAP" type="15" sum="5"/>
<action no="2" player="InFondoAlMar" type="15" discard="1" dealt="1" sum="5"/>
<action no="3" player="KOPKHUNKRAP" type="1" sum="20"/>
<action no="4" player="InFondoAlMar" type="2" discard="1" dealt="1" sum="40"/>
</round>
<round no="1"><cards type="Pocket" player="KOPKHUNKRAP">D7 C9</cards>
<cards type="Pocket" player="InFondoAlMar">X X</cards>
<action no="5" player="KOPKHUNKRAP" type="3" sum="20"/>
<action no="6" player="InFondoAlMar" type="4" discard="1" dealt="1" sum="0"/>
</round>
<round no="2"><cards type="Flop">D6 S10 H5</cards>
<action no="7" player="InFondoAlMar" type="4" discard="1" dealt="1" sum="0"/>
<action no="8" player="KOPKHUNKRAP" type="5" sum="40"/>
<action no="9" player="InFondoAlMar" type="3" discard="1" dealt="1" sum="40"/>
</round>
<round no="3"><cards type="Turn">S6</cards>
<action no="10" player="InFondoAlMar" type="5" discard="1" dealt="1" sum="128"/>
<action no="11" player="KOPKHUNKRAP" type="0" sum="0"/>
</round>
</game>
<game gamecode="6506596792"><general><startdate>2025-10-16 13:44:24</startdate>
<round>1</round>
<failsafecounter/>
<players><player seat="10" name="KOPKHUNKRAP" chips="760" dealer="0" win="65" bet="65" muck="0" rebuy="0" addon="0" merge="0" rebuychips="0" reg_code="5066559739"/>
<player seat="3" name="InFondoAlMar" chips="740" dealer="1" win="65" bet="65" muck="0" rebuy="0" addon="0" merge="0" rebuychips="0" reg_code="5066558551"/>
</players>
</general>
<round no="0"><action no="1" player="InFondoAlMar" type="15" discard="1" dealt="1" sum="5"/>
<action no="2" player="KOPKHUNKRAP" type="15" sum="5"/>
<action no="3" player="InFondoAlMar" type="1" discard="1" dealt="1" sum="30"/>
<action no="4" player="KOPKHUNKRAP" type="2" sum="60"/>
</round>
<round no="1"><cards type="Pocket" player="InFondoAlMar">S6 DJ</cards>
<cards type="Pocket" player="KOPKHUNKRAP">C5 C6</cards>
<action no="5" player="InFondoAlMar" type="3" discard="1" dealt="1" sum="30"/>
<action no="6" player="KOPKHUNKRAP" type="4" sum="0"/>
</round>
<round no="2"><cards type="Flop">HQ HK DK</cards>
<action no="7" player="KOPKHUNKRAP" type="4" sum="0"/>
<action no="8" player="InFondoAlMar" type="4" discard="1" dealt="1" sum="0"/>
</round>
<round no="3"><cards type="Turn">HA</cards>
<action no="9" player="KOPKHUNKRAP" type="4" sum="0"/>
<action no="10" player="InFondoAlMar" type="4" discard="1" dealt="1" sum="0"/>
</round>
<round no="4"><cards type="River">H6</cards>
<action no="11" player="KOPKHUNKRAP" type="4" sum="0"/>
<action no="12" player="InFondoAlMar" type="4" discard="1" dealt="1" sum="0"/>
</round>
</game>
<game gamecode="6506596830"><general><startdate>2025-10-16 13:44:46</startdate>
<round>1</round>
<failsafecounter/>
<players><player seat="3" name="InFondoAlMar" chips="740" dealer="0" win="0" bet="65" muck="1" rebuy="0" addon="0" merge="0" rebuychips="0" reg_code="5066558551"/>
<player seat="10" name="KOPKHUNKRAP" chips="760" dealer="1" win="130" bet="760" muck="1" rebuy="0" addon="0" merge="0" rebuychips="0" reg_code="5066559739"/>
</players>
</general>
<round no="0"><action no="1" player="KOPKHUNKRAP" type="15" sum="5"/>
<action no="2" player="InFondoAlMar" type="15" discard="1" dealt="1" sum="5"/>
<action no="3" player="KOPKHUNKRAP" type="1" sum="30"/>
<action no="4" player="InFondoAlMar" type="2" discard="1" dealt="1" sum="60"/>
</round>
<round no="1"><cards type="Pocket" player="KOPKHUNKRAP">S5 DK</cards>
<cards type="Pocket" player="InFondoAlMar">X X</cards>
<action no="5" player="KOPKHUNKRAP" type="23" sum="755"/>
<action no="6" player="InFondoAlMar" type="0" discard="1" dealt="1" sum="0"/>
</round>
</game>
<game gamecode="6506596846"><general><startdate>2025-10-16 13:44:58</startdate>
<round>1</round>
<failsafecounter/>
<players><player seat="10" name="KOPKHUNKRAP" chips="825" dealer="0" win="0" bet="65" muck="1" rebuy="0" addon="0" merge="0" rebuychips="0" reg_code="5066559739"/>
<player seat="3" name="InFondoAlMar" chips="675" dealer="1" win="130" bet="125" muck="1" rebuy="0" addon="0" merge="0" rebuychips="0" reg_code="5066558551"/>
</players>
</general>
<round no="0"><action no="1" player="InFondoAlMar" type="15" discard="1" dealt="1" sum="5"/>
<action no="2" player="KOPKHUNKRAP" type="15" sum="5"/>
<action no="3" player="InFondoAlMar" type="1" discard="1" dealt="1" sum="30"/>
<action no="4" player="KOPKHUNKRAP" type="2" sum="60"/>
</round>
<round no="1"><cards type="Pocket" player="InFondoAlMar">X X</cards>
<cards type="Pocket" player="KOPKHUNKRAP">H5 S8</cards>
<action no="5" player="InFondoAlMar" type="3" discard="1" dealt="1" sum="30"/>
<action no="6" player="KOPKHUNKRAP" type="4" sum="0"/>
</round>
<round no="2"><cards type="Flop">D3 SA H6</cards>
<action no="7" player="KOPKHUNKRAP" type="4" sum="0"/>
<action no="8" player="InFondoAlMar" type="5" discard="1" dealt="1" sum="60"/>
<action no="9" player="KOPKHUNKRAP" type="0" sum="0"/>
</round>
</game>
<game gamecode="6506596879"><general><startdate>2025-10-16 13:45:13</startdate>
<round>1</round>
<failsafecounter/>
<players><player seat="3" name="InFondoAlMar" chips="740" dealer="0" win="130" bet="163" muck="1" rebuy="0" addon="0" merge="0" rebuychips="0" reg_code="5066558551"/>
<player seat="10" name="KOPKHUNKRAP" chips="760" dealer="1" win="0" bet="65" muck="1" rebuy="0" addon="0" merge="0" rebuychips="0" reg_code="5066559739"/>
</players>
</general>
<round no="0"><action no="1" player="KOPKHUNKRAP" type="15" sum="5"/>
<action no="2" player="InFondoAlMar" type="15" discard="1" dealt="1" sum="5"/>
<action no="3" player="KOPKHUNKRAP" type="1" sum="30"/>
<action no="4" player="InFondoAlMar" type="2" discard="1" dealt="1" sum="60"/>
</round>
<round no="1"><cards type="Pocket" player="InFondoAlMar">X X</cards>
<cards type="Pocket" player="KOPKHUNKRAP">SQ H5</cards>
<action no="5" player="KOPKHUNKRAP" type="3" sum="30"/>
<action no="6" player="InFondoAlMar" type="4" discard="1" dealt="1" sum="0"/>
</round>
<round no="2"><cards type="Flop">DK CJ S6</cards>
<action no="7" player="InFondoAlMar" type="4" discard="1" dealt="1" sum="0"/>
<action no="8" player="KOPKHUNKRAP" type="4" sum="0"/>
</round>
<round no="3"><cards type="Turn">S7</cards>
<action no="9" player="InFondoAlMar" type="4" discard="1" dealt="1" sum="0"/>
<action no="10" player="KOPKHUNKRAP" type="4" sum="0"/>
</round>
<round no="4"><cards type="River">H8</cards>
<action no="11" player="InFondoAlMar" type="5" discard="1" dealt="1" sum="98"/>
<action no="12" player="KOPKHUNKRAP" type="0" sum="0"/>
</round>
</game>
<game gamecode="6506596927"><general><startdate>2025-10-16 13:45:40</startdate>
<round>1</round>
<failsafecounter/>
<players><player seat="10" name="KOPKHUNKRAP" chips="695" dealer="0" win="130" bet="155" muck="1" rebuy="0" addon="0" merge="0" rebuychips="0" reg_code="5066559739"/>
<player seat="3" name="InFondoAlMar" chips="805" dealer="1" win="0" bet="65" muck="1" rebuy="0" addon="0" merge="0" rebuychips="0" reg_code="5066558551"/>
</players>
</general>
<round no="0"><action no="1" player="InFondoAlMar" type="15" discard="1" dealt="1" sum="5"/>
<action no="2" player="KOPKHUNKRAP" type="15" sum="5"/>
<action no="3" player="InFondoAlMar" type="1" discard="1" dealt="1" sum="30"/>
<action no="4" player="KOPKHUNKRAP" type="2" sum="60"/>
</round>
<round no="1"><cards type="Pocket" player="InFondoAlMar">X X</cards>
<cards type="Pocket" player="KOPKHUNKRAP">CQ CJ</cards>
<action no="5" player="InFondoAlMar" type="3" discard="1" dealt="1" sum="30"/>
<action no="6" player="KOPKHUNKRAP" type="23" sum="150"/>
<action no="7" player="InFondoAlMar" type="0" discard="1" dealt="1" sum="0"/>
</round>
</game>
<game gamecode="6506596956"><general><startdate>2025-10-16 13:45:52</startdate>
<round>1</round>
<failsafecounter/>
<players><player seat="3" name="InFondoAlMar" chips="740" dealer="0" win="65" bet="65" muck="0" rebuy="0" addon="0" merge="0" rebuychips="0" reg_code="5066558551"/>
<player seat="10" name="KOPKHUNKRAP" chips="760" dealer="1" win="65" bet="65" muck="0" rebuy="0" addon="0" merge="0" rebuychips="0" reg_code="5066559739"/>
</players>
</general>
<round no="0"><action no="1" player="KOPKHUNKRAP" type="15" sum="5"/>
<action no="2" player="InFondoAlMar" type="15" discard="1" dealt="1" sum="5"/>
<action no="3" player="KOPKHUNKRAP" type="1" sum="30"/>
<action no="4" player="InFondoAlMar" type="2" discard="1" dealt="1" sum="60"/>
</round>
<round no="1"><cards type="Pocket" player="InFondoAlMar">S9 C6</cards>
<cards type="Pocket" player="KOPKHUNKRAP">C5 HJ</cards>
<action no="5" player="KOPKHUNKRAP" type="3" sum="30"/>
<action no="6" player="InFondoAlMar" type="4" discard="1" dealt="1" sum="0"/>
</round>
<round no="2"><cards type="Flop">S6 H7 H5</cards>
<action no="7" player="InFondoAlMar" type="4" discard="1" dealt="1" sum="0"/>
<action no="8" player="KOPKHUNKRAP" type="4" sum="0"/>
</round>
<round no="3"><cards type="Turn">S3</cards>
<action no="9" player="InFondoAlMar" type="4" discard="1" dealt="1" sum="0"/>
<action no="10" player="KOPKHUNKRAP" type="4" sum="0"/>
</round>
<round no="4"><cards type="River">D4</cards>
<action no="11" player="InFondoAlMar" type="4" discard="1" dealt="1" sum="0"/>
<action no="12" player="KOPKHUNKRAP" type="4" sum="0"/>
</round>
</game>
<game gamecode="6506597029"><general><startdate>2025-10-16 13:46:23</startdate>
<round>1</round>
<failsafecounter/>
<players><player seat="10" name="KOPKHUNKRAP" chips="760" dealer="0" win="0" bet="88" muck="1" rebuy="0" addon="0" merge="0" rebuychips="0" reg_code="5066559739"/>
<player seat="3" name="InFondoAlMar" chips="740" dealer="1" win="176" bet="740" muck="1" rebuy="0" addon="0" merge="0" rebuychips="0" reg_code="5066558551"/>
</players>
</general>
<round no="0"><action no="1" player="InFondoAlMar" type="15" discard="1" dealt="1" sum="8"/>
<action no="2" player="KOPKHUNKRAP" type="15" sum="8"/>
<action no="3" player="InFondoAlMar" type="1" discard="1" dealt="1" sum="40"/>
<action no="4" player="KOPKHUNKRAP" type="2" sum="80"/>
</round>
<round no="1"><cards type="Pocket" player="InFondoAlMar">X X</cards>
<cards type="Pocket" player="KOPKHUNKRAP">S5 C10</cards>
<action no="5" player="InFondoAlMar" type="23" discard="1" dealt="1" sum="732"/>
<action no="6" player="KOPKHUNKRAP" type="0" sum="0"/>
</round>
</game>
<game gamecode="6506597041"><general><startdate>2025-10-16 13:46:30</startdate>
<round>1</round>
<failsafecounter/>
<players><player seat="3" name="InFondoAlMar" chips="828" dealer="0" win="0" bet="88" muck="1" rebuy="0" addon="0" merge="0" rebuychips="0" reg_code="5066558551"/>
<player seat="10" name="KOPKHUNKRAP" chips="672" dealer="1" win="176" bet="672" muck="1" rebuy="0" addon="0" merge="0" rebuychips="0" reg_code="5066559739"/>
</players>
</general>
<round no="0"><action no="1" player="KOPKHUNKRAP" type="15" sum="8"/>
<action no="2" player="InFondoAlMar" type="15" discard="1" dealt="1" sum="8"/>
<action no="3" player="KOPKHUNKRAP" type="1" sum="40"/>
<action no="4" player="InFondoAlMar" type="2" discard="1" dealt="1" sum="80"/>
</round>
<round no="1"><cards type="Pocket" player="KOPKHUNKRAP">DK CQ</cards>
<cards type="Pocket" player="InFondoAlMar">X X</cards>
<action no="5" player="KOPKHUNKRAP" type="23" sum="664"/>
<action no="6" player="InFondoAlMar" type="0" discard="1" dealt="1" sum="0"/>
</round>
</game>
<game gamecode="6506597061"><general><startdate>2025-10-16 13:46:37</startdate>
<round>1</round>
<failsafecounter/>
<players><player seat="10" name="KOPKHUNKRAP" chips="760" dealer="0" win="496" bet="248" muck="0" rebuy="0" addon="0" merge="0" rebuychips="0" reg_code="5066559739"/>
<player seat="3" name="InFondoAlMar" chips="740" dealer="1" win="0" bet="248" muck="1" rebuy="0" addon="0" merge="0" rebuychips="0" reg_code="5066558551"/>
</players>
</general>
<round no="0"><action no="1" player="InFondoAlMar" type="15" discard="1" dealt="1" sum="8"/>
<action no="2" player="KOPKHUNKRAP" type="15" sum="8"/>
<action no="3" player="InFondoAlMar" type="1" discard="1" dealt="1" sum="40"/>
<action no="4" player="KOPKHUNKRAP" type="2" sum="80"/>
</round>
<round no="1"><cards type="Pocket" player="KOPKHUNKRAP">C5 DJ</cards>
<cards type="Pocket" player="InFondoAlMar">SA HA</cards>
<action no="5" player="InFondoAlMar" type="3" discard="1" dealt="1" sum="40"/>
<action no="6" player="KOPKHUNKRAP" type="4" sum="0"/>
</round>
<round no="2"><cards type="Flop">H3 D4 S6</cards>
<action no="7" player="KOPKHUNKRAP" type="4" sum="0"/>
<action no="8" player="InFondoAlMar" type="5" discard="1" dealt="1" sum="80"/>
<action no="9" player="KOPKHUNKRAP" type="3" sum="80"/>
</round>
<round no="3"><cards type="Turn">D3</cards>
<action no="10" player="KOPKHUNKRAP" type="4" sum="0"/>
<action no="11" player="InFondoAlMar" type="4" discard="1" dealt="1" sum="0"/>
</round>
<round no="4"><cards type="River">C2</cards>
<action no="12" player="KOPKHUNKRAP" type="5" sum="80"/>
<action no="13" player="InFondoAlMar" type="3" discard="1" dealt="1" sum="80"/>
</round>
</game>
<game gamecode="6506597116"><general><startdate>2025-10-16 13:47:05</startdate>
<round>1</round>
<failsafecounter/>
<players><player seat="3" name="InFondoAlMar" chips="492" dealer="0" win="96" bet="88" muck="1" rebuy="0" addon="0" merge="0" rebuychips="0" reg_code="5066558551"/>
<player seat="10" name="KOPKHUNKRAP" chips="1,008" dealer="1" win="0" bet="48" muck="1" rebuy="0" addon="0" merge="0" rebuychips="0" reg_code="5066559739"/>
</players>
</general>
<round no="0"><action no="1" player="KOPKHUNKRAP" type="15" sum="8"/>
<action no="2" player="InFondoAlMar" type="15" discard="1" dealt="1" sum="8"/>
<action no="3" player="KOPKHUNKRAP" type="1" sum="40"/>
<action no="4" player="InFondoAlMar" type="2" discard="1" dealt="1" sum="80"/>
</round>
<round no="1"><cards type="Pocket" player="InFondoAlMar">X X</cards>
<cards type="Pocket" player="KOPKHUNKRAP">C9 C5</cards>
<action no="5" player="KOPKHUNKRAP" type="0" sum="0"/>
</round>
</game>
<game gamecode="6506597130"><general><startdate>2025-10-16 13:47:12</startdate>
<round>1</round>
<failsafecounter/>
<players><player seat="10" name="KOPKHUNKRAP" chips="960" dealer="0" win="0" bet="88" muck="1" rebuy="0" addon="0" merge="0" rebuychips="0" reg_code="5066559739"/>
<player seat="3" name="InFondoAlMar" chips="540" dealer="1" win="176" bet="540" muck="1" rebuy="0" addon="0" merge="0" rebuychips="0" reg_code="5066558551"/>
</players>
</general>
<round no="0"><action no="1" player="InFondoAlMar" type="15" discard="1" dealt="1" sum="8"/>
<action no="2" player="KOPKHUNKRAP" type="15" sum="8"/>
<action no="3" player="InFondoAlMar" type="1" discard="1" dealt="1" sum="40"/>
<action no="4" player="KOPKHUNKRAP" type="2" sum="80"/>
</round>
<round no="1"><cards type="Pocket" player="InFondoAlMar">X X</cards>
<cards type="Pocket" player="KOPKHUNKRAP">D2 S7</cards>
<action no="5" player="InFondoAlMar" type="23" discard="1" dealt="1" sum="532"/>
<action no="6" player="KOPKHUNKRAP" type="0" sum="0"/>
</round>
</game>
<game gamecode="6506597154"><general><startdate>2025-10-16 13:47:20</startdate>
<round>1</round>
<failsafecounter/>
<players><player seat="3" name="InFondoAlMar" chips="628" dealer="0" win="0" bet="88" muck="1" rebuy="0" addon="0" merge="0" rebuychips="0" reg_code="5066558551"/>
<player seat="10" name="KOPKHUNKRAP" chips="872" dealer="1" win="176" bet="872" muck="1" rebuy="0" addon="0" merge="0" rebuychips="0" reg_code="5066559739"/>
</players>
</general>
<round no="0"><action no="1" player="KOPKHUNKRAP" type="15" sum="8"/>
<action no="2" player="InFondoAlMar" type="15" discard="1" dealt="1" sum="8"/>
<action no="3" player="KOPKHUNKRAP" type="1" sum="40"/>
<action no="4" player="InFondoAlMar" type="2" discard="1" dealt="1" sum="80"/>
</round>
<round no="1"><cards type="Pocket" player="InFondoAlMar">X X</cards>
<cards type="Pocket" player="KOPKHUNKRAP">S8 DK</cards>
<action no="5" player="KOPKHUNKRAP" type="23" sum="864"/>
<action no="6" player="InFondoAlMar" type="0" discard="1" dealt="1" sum="0"/>
</round>
</game>
<game gamecode="6506597177"><general><startdate>2025-10-16 13:47:28</startdate>
<round>1</round>
<failsafecounter/>
<players><player seat="10" name="KOPKHUNKRAP" chips="960" dealer="0" win="1,080" bet="540" muck="0" rebuy="0" addon="0" merge="0" rebuychips="0" reg_code="5066559739"/>
<player seat="3" name="InFondoAlMar" chips="540" dealer="1" win="0" bet="540" muck="0" rebuy="0" addon="0" merge="0" rebuychips="0" reg_code="5066558551"/>
</players>
</general>
<round no="0"><action no="1" player="InFondoAlMar" type="15" discard="1" dealt="1" sum="8"/>
<action no="2" player="KOPKHUNKRAP" type="15" sum="8"/>
<action no="3" player="InFondoAlMar" type="1" discard="1" dealt="1" sum="40"/>
<action no="4" player="KOPKHUNKRAP" type="2" sum="80"/>
</round>
<round no="1"><cards type="Pocket" player="InFondoAlMar">S7 SJ</cards>
<cards type="Pocket" player="KOPKHUNKRAP">SA CA</cards>
<action no="5" player="InFondoAlMar" type="23" discard="1" dealt="1" sum="532"/>
<action no="6" player="KOPKHUNKRAP" type="3" sum="452"/>
</round>
<round no="2"><cards type="Flop">H8 HJ H3</cards>
</round>
<round no="3"><cards type="Turn">S10</cards>
</round>
<round no="4"><cards type="River">S4</cards>
</round>
</game>
</session>
