<?xml version="1.0" encoding="UTF-8"?>
<session sessioncode="5066282064">
<general>
<client_version>25.1.1.16</client_version>
<mode>real</mode>
<gametype>Holdem NL</gametype>
<tablename>Twister €200 SNG, 819737515</tablename>
<tournamentcode>819737512</tournamentcode>
<tournamentname>Twister €200 SNG</tournamentname>
<buyin>€0 + €12 + €188</buyin>
<totalbuyin>€200</totalbuyin>
<rewarddrawn>€600</rewarddrawn>
<tournamentcurrency>EUR</tournamentcurrency>
<currency>EUR</currency>
<nickname>KOPKHUNKRAP</nickname>
<gamecount>24</gamecount>
<startdate>2025-10-15 02:10:28</startdate>
<place>2</place>
<win>€0</win>
<tablesize>3</tablesize>
</general>
<game gamecode="6505483960"><general><startdate>2025-10-15 02:10:43</startdate>
<round>1</round>
<failsafecounter/>
<players><player seat="6" name="Koci01" chips="500" dealer="0" win="20" bet="20" muck="1" rebuy="0" addon="0" merge="0" rebuychips="0" reg_code="5066282381"/>
<player seat="10" name="Wizowizo98" chips="500" dealer="1" win="0" bet="0" muck="1" rebuy="0" addon="0" merge="0" rebuychips="0" reg_code="5066284109"/>
<player seat="3" name="KOPKHUNKRAP" chips="500" dealer="0" win="0" bet="10" muck="1" rebuy="0" addon="0" merge="0" rebuychips="0" reg_code="5066282064"/>
</players>
</general>
<round no="0"><action no="1" player="KOPKHUNKRAP" type="1" sum="10"/>
<action no="2" player="Koci01" type="2" discard="1" dealt="1" sum="20"/>
</round>
<round no="1"><cards type="Pocket" player="Koci01">X X</cards>
<cards type="Pocket" player="KOPKHUNKRAP">C3 D4</cards>
<cards type="Pocket" player="Wizowizo98">X X</cards>
<action no="3" player="Wizowizo98" type="0" discard="1" dealt="1" sum="0"/>
<action no="4" player="KOPKHUNKRAP" type="0" sum="0"/>
</round>
</game>
<game gamecode="6505483990"><general><startdate>2025-10-15 02:11:04</startdate>
<round>1</round>
<failsafecounter/>
<players><player seat="10" name="Wizowizo98" chips="500" dealer="0" win="80" bet="500" muck="1" rebuy="0" addon="0" merge="0" rebuychips="0" reg_code="5066284109"/>
<player seat="3" name="KOPKHUNKRAP" chips="490" dealer="1" win="0" bet="0" muck="1" rebuy="0" addon="0" merge="0" rebuychips="0" reg_code="5066282064"/>
<player seat="6" name="Koci01" chips="510" dealer="0" win="0" bet="40" muck="1" rebuy="0" addon="0" merge="0" rebuychips="0" reg_code="5066282381"/>
</players>
</general>
<round no="0"><action no="1" player="Koci01" type="1" discard="1" dealt="1" sum="10"/>
<action no="2" player="Wizowizo98" type="2" discard="1" dealt="1" sum="20"/>
</round>
<round no="1"><cards type="Pocket" player="Wizowizo98">X X</cards>
<cards type="Pocket" player="Koci01">X X</cards>
<cards type="Pocket" player="KOPKHUNKRAP">D6 C8</cards>
<action no="3" player="KOPKHUNKRAP" type="0" sum="0"/>
<action no="4" player="Koci01" type="23" discard="1" dealt="1" sum="40"/>
<action no="5" player="Wizowizo98" type="23" discard="1" dealt="1" sum="500"/>
<action no="6" player="Koci01" type="0" discard="1" dealt="1" sum="0"/>
</round>
</game>
<game gamecode="6505484016"><general><startdate>2025-10-15 02:11:19</startdate>
<round>1</round>
<failsafecounter/>
<players><player seat="3" name="KOPKHUNKRAP" chips="490" dealer="0" win="0" bet="20" muck="1" rebuy="0" addon="0" merge="0" rebuychips="0" reg_code="5066282064"/>
<player seat="6" name="Koci01" chips="470" dealer="1" win="50" bet="40" muck="1" rebuy="0" addon="0" merge="0" rebuychips="0" reg_code="5066282381"/>
<player seat="10" name="Wizowizo98" chips="540" dealer="0" win="0" bet="10" muck="1" rebuy="0" addon="0" merge="0" rebuychips="0" reg_code="5066284109"/>
</players>
</general>
<round no="0"><action no="1" player="Wizowizo98" type="1" discard="1" dealt="1" sum="10"/>
<action no="2" player="KOPKHUNKRAP" type="2" sum="20"/>
</round>
<round no="1"><cards type="Pocket" player="KOPKHUNKRAP">D3 C4</cards>
<cards type="Pocket" player="Koci01">X X</cards>
<cards type="Pocket" player="Wizowizo98">X X</cards>
<action no="3" player="Koci01" type="23" discard="1" dealt="1" sum="40"/>
<action no="4" player="Wizowizo98" type="0" discard="1" dealt="1" sum="0"/>
<action no="5" player="KOPKHUNKRAP" type="0" sum="0"/>
</round>
</game>
<game gamecode="6505484034"><general><startdate>2025-10-15 02:11:32</startdate>
<round>1</round>
<failsafecounter/>
<players><player seat="6" name="Koci01" chips="500" dealer="0" win="0" bet="20" muck="1" rebuy="0" addon="0" merge="0" rebuychips="0" reg_code="5066282381"/>
<player seat="10" name="Wizowizo98" chips="530" dealer="1" win="50" bet="40" muck="1" rebuy="0" addon="0" merge="0" rebuychips="0" reg_code="5066284109"/>
<player seat="3" name="KOPKHUNKRAP" chips="470" dealer="0" win="0" bet="10" muck="1" rebuy="0" addon="0" merge="0" rebuychips="0" reg_code="5066282064"/>
</players>
</general>
<round no="0"><action no="1" player="KOPKHUNKRAP" type="1" sum="10"/>
<action no="2" player="Koci01" type="2" discard="1" dealt="1" sum="20"/>
</round>
<round no="1"><cards type="Pocket" player="Koci01">X X</cards>
<cards type="Pocket" player="Wizowizo98">X X</cards>
<cards type="Pocket" player="KOPKHUNKRAP">S9 CJ</cards>
<action no="3" player="Wizowizo98" type="23" discard="1" dealt="1" sum="40"/>
<action no="4" player="KOPKHUNKRAP" type="0" sum="0"/>
<action no="5" player="Koci01" type="0" discard="1" dealt="1" sum="0"/>
</round>
</game>
<game gamecode="6505484056"><general><startdate>2025-10-15 02:11:45</startdate>
<round>1</round>
<failsafecounter/>
<players><player seat="10" name="Wizowizo98" chips="560" dealer="0" win="0" bet="40" muck="1" rebuy="0" addon="0" merge="0" rebuychips="0" reg_code="5066284109"/>
<player seat="3" name="KOPKHUNKRAP" chips="460" dealer="1" win="0" bet="0" muck="1" rebuy="0" addon="0" merge="0" rebuychips="0" reg_code="5066282064"/>
<player seat="6" name="Koci01" chips="480" dealer="0" win="80" bet="80" muck="1" rebuy="0" addon="0" merge="0" rebuychips="0" reg_code="5066282381"/>
</players>
</general>
<round no="0"><action no="1" player="Koci01" type="1" discard="1" dealt="1" sum="10"/>
<action no="2" player="Wizowizo98" type="2" discard="1" dealt="1" sum="20"/>
</round>
<round no="1"><cards type="Pocket" player="Koci01">X X</cards>
<cards type="Pocket" player="Wizowizo98">X X</cards>
<cards type="Pocket" player="KOPKHUNKRAP">S8 C7</cards>
<action no="3" player="KOPKHUNKRAP" type="0" sum="0"/>
<action no="4" player="Koci01" type="23" discard="1" dealt="1" sum="40"/>
<action no="5" player="Wizowizo98" type="3" discard="1" dealt="1" sum="20"/>
</round>
<round no="2"><cards type="Flop">H5 C6 HQ</cards>
<action no="6" player="Koci01" type="5" discard="1" dealt="1" sum="40"/>
<action no="7" player="Wizowizo98" type="0" discard="1" dealt="1" sum="0"/>
</round>
</game>
<game gamecode="6505484075"><general><startdate>2025-10-15 02:11:58</startdate>
<round>1</round>
<failsafecounter/>
<players><player seat="3" name="KOPKHUNKRAP" chips="460" dealer="0" win="0" bet="20" muck="1" rebuy="0" addon="0" merge="0" rebuychips="0" reg_code="5066282064"/>
<player seat="6" name="Koci01" chips="520" dealer="1" win="0" bet="40" muck="1" rebuy="0" addon="0" merge="0" rebuychips="0" reg_code="5066282381"/>
<player seat="10" name="Wizowizo98" chips="520" dealer="0" win="100" bet="520" muck="1" rebuy="0" addon="0" merge="0" rebuychips="0" reg_code="5066284109"/>
</players>
</general>
<round no="0"><action no="1" player="Wizowizo98" type="1" discard="1" dealt="1" sum="10"/>
<action no="2" player="KOPKHUNKRAP" type="2" sum="20"/>
</round>
<round no="1"><cards type="Pocket" player="KOPKHUNKRAP">C7 HA</cards>
<cards type="Pocket" player="Wizowizo98">X X</cards>
<cards type="Pocket" player="Koci01">X X</cards>
<action no="3" player="Koci01" type="23" discard="1" dealt="1" sum="40"/>
<action no="4" player="Wizowizo98" type="23" discard="1" dealt="1" sum="520"/>
<action no="5" player="KOPKHUNKRAP" type="0" sum="0"/>
<action no="6" player="Koci01" type="0" discard="1" dealt="1" sum="0"/>
</round>
</game>
<game gamecode="6505484095"><general><startdate>2025-10-15 02:12:10</startdate>
<round>1</round>
<failsafecounter/>
<players><player seat="6" name="Koci01" chips="480" dealer="0" win="20" bet="20" muck="1" rebuy="0" addon="0" merge="0" rebuychips="0" reg_code="5066282381"/>
<player seat="10" name="Wizowizo98" chips="580" dealer="1" win="0" bet="0" muck="1" rebuy="0" addon="0" merge="0" rebuychips="0" reg_code="5066284109"/>
<player seat="3" name="KOPKHUNKRAP" chips="440" dealer="0" win="0" bet="10" muck="1" rebuy="0" addon="0" merge="0" rebuychips="0" reg_code="5066282064"/>
</players>
</general>
<round no="0"><action no="1" player="KOPKHUNKRAP" type="1" sum="10"/>
<action no="2" player="Koci01" type="2" discard="1" dealt="1" sum="20"/>
</round>
<round no="1"><cards type="Pocket" player="Koci01">X X</cards>
<cards type="Pocket" player="Wizowizo98">X X</cards>
<cards type="Pocket" player="KOPKHUNKRAP">H4 C8</cards>
<action no="3" player="Wizowizo98" type="0" discard="1" dealt="1" sum="0"/>
<action no="4" player="KOPKHUNKRAP" type="0" sum="0"/>
</round>
</game>
<game gamecode="6505484110"><general><startdate>2025-10-15 02:12:17</startdate>
<round>1</round>
<failsafecounter/>
<players><player seat="10" name="Wizowizo98" chips="580" dealer="0" win="0" bet="100" muck="1" rebuy="0" addon="0" merge="0" rebuychips="0" reg_code="5066284109"/>
<player seat="3" name="KOPKHUNKRAP" chips="430" dealer="1" win="0" bet="0" muck="1" rebuy="0" addon="0" merge="0" rebuychips="0" reg_code="5066282064"/>
<player seat="6" name="Koci01" chips="490" dealer="0" win="200" bet="490" muck="1" rebuy="0" addon="0" merge="0" rebuychips="0" reg_code="5066282381"/>
</players>
</general>
<round no="0"><action no="1" player="Koci01" type="1" discard="1" dealt="1" sum="10"/>
<action no="2" player="Wizowizo98" type="2" discard="1" dealt="1" sum="20"/>
</round>
<round no="1"><cards type="Pocket" player="KOPKHUNKRAP">C4 S8</cards>
<cards type="Pocket" player="Koci01">X X</cards>
<cards type="Pocket" player="Wizowizo98">X X</cards>
<action no="3" player="KOPKHUNKRAP" type="0" sum="0"/>
<action no="4" player="Koci01" type="23" discard="1" dealt="1" sum="40"/>
<action no="5" player="Wizowizo98" type="23" discard="1" dealt="1" sum="100"/>
<action no="6" player="Koci01" type="23" discard="1" dealt="1" sum="490"/>
<action no="7" player="Wizowizo98" type="0" discard="1" dealt="1" sum="0"/>
</round>
</game>
<game gamecode="6505484138"><general><startdate>2025-10-15 02:12:33</startdate>
<round>1</round>
<failsafecounter/>
<players><player seat="3" name="KOPKHUNKRAP" chips="430" dealer="0" win="45" bet="35" muck="1" rebuy="0" addon="0" merge="0" rebuychips="0" reg_code="5066282064"/>
<player seat="6" name="Koci01" chips="590" dealer="1" win="0" bet="5" muck="1" rebuy="0" addon="0" merge="0" rebuychips="0" reg_code="5066282381"/>
<player seat="10" name="Wizowizo98" chips="480" dealer="0" win="0" bet="20" muck="1" rebuy="0" addon="0" merge="0" rebuychips="0" reg_code="5066284109"/>
</players>
</general>
<round no="0"><action no="1" player="Wizowizo98" type="15" discard="1" dealt="1" sum="5"/>
<action no="2" player="KOPKHUNKRAP" type="15" sum="5"/>
<action no="3" player="Koci01" type="15" discard="1" dealt="1" sum="5"/>
<action no="4" player="Wizowizo98" type="1" discard="1" dealt="1" sum="15"/>
<action no="5" player="KOPKHUNKRAP" type="2" sum="30"/>
</round>
<round no="1"><cards type="Pocket" player="Wizowizo98">X X</cards>
<cards type="Pocket" player="KOPKHUNKRAP">DK H2</cards>
<cards type="Pocket" player="Koci01">X X</cards>
<action no="6" player="Koci01" type="0" discard="1" dealt="1" sum="0"/>
<action no="7" player="Wizowizo98" type="0" discard="1" dealt="1" sum="0"/>
</round>
</game>
<game gamecode="6505484146"><general><startdate>2025-10-15 02:12:40</startdate>
<round>1</round>
<failsafecounter/>
<players><player seat="6" name="Koci01" chips="585" dealer="0" win="0" bet="35" muck="1" rebuy="0" addon="0" merge="0" rebuychips="0" reg_code="5066282381"/>
<player seat="10" name="Wizowizo98" chips="460" dealer="1" win="90" bet="460" muck="1" rebuy="0" addon="0" merge="0" rebuychips="0" reg_code="5066284109"/>
<player seat="3" name="KOPKHUNKRAP" chips="455" dealer="0" win="0" bet="20" muck="1" rebuy="0" addon="0" merge="0" rebuychips="0" reg_code="5066282064"/>
</players>
</general>
<round no="0"><action no="1" player="KOPKHUNKRAP" type="15" sum="5"/>
<action no="2" player="Koci01" type="15" discard="1" dealt="1" sum="5"/>
<action no="3" player="Wizowizo98" type="15" discard="1" dealt="1" sum="5"/>
<action no="4" player="KOPKHUNKRAP" type="1" sum="15"/>
<action no="5" player="Koci01" type="2" discard="1" dealt="1" sum="30"/>
</round>
<round no="1"><cards type="Pocket" player="KOPKHUNKRAP">D3 S8</cards>
<cards type="Pocket" player="Koci01">X X</cards>
<cards type="Pocket" player="Wizowizo98">X X</cards>
<action no="6" player="Wizowizo98" type="23" discard="1" dealt="1" sum="455"/>
<action no="7" player="KOPKHUNKRAP" type="0" sum="0"/>
<action no="8" player="Koci01" type="0" discard="1" dealt="1" sum="0"/>
</round>
</game>
<game gamecode="6505484162"><general><startdate>2025-10-15 02:12:50</startdate>
<round>1</round>
<failsafecounter/>
<players><player seat="10" name="Wizowizo98" chips="515" dealer="0" win="0" bet="515" muck="0" rebuy="0" addon="0" merge="0" rebuychips="0" reg_code="5066284109"/>
<player seat="3" name="KOPKHUNKRAP" chips="435" dealer="1" win="935" bet="435" muck="0" rebuy="0" addon="0" merge="0" rebuychips="0" reg_code="5066282064"/>
<player seat="6" name="Koci01" chips="550" dealer="0" win="0" bet="65" muck="1" rebuy="0" addon="0" merge="0" rebuychips="0" reg_code="5066282381"/>
</players>
</general>
<round no="0"><action no="1" player="Koci01" type="15" discard="1" dealt="1" sum="5"/>
<action no="2" player="Wizowizo98" type="15" discard="1" dealt="1" sum="5"/>
<action no="3" player="KOPKHUNKRAP" type="15" sum="5"/>
<action no="4" player="Koci01" type="1" discard="1" dealt="1" sum="15"/>
<action no="5" player="Wizowizo98" type="2" discard="1" dealt="1" sum="30"/>
</round>
<round no="1"><cards type="Pocket" player="Wizowizo98">H9 SA</cards>
<cards type="Pocket" player="KOPKHUNKRAP">HJ SJ</cards>
<cards type="Pocket" player="Koci01">X X</cards>
<action no="6" player="KOPKHUNKRAP" type="23" sum="60"/>
<action no="7" player="Koci01" type="3" discard="1" dealt="1" sum="45"/>
<action no="8" player="Wizowizo98" type="23" discard="1" dealt="1" sum="510"/>
<action no="9" player="KOPKHUNKRAP" type="7" sum="370"/>
<action no="10" player="Koci01" type="0" discard="1" dealt="1" sum="0"/>
</round>
<round no="2"><cards type="Flop">DJ S10 D6</cards>
</round>
<round no="3"><cards type="Turn">H5</cards>
</round>
<round no="4"><cards type="River">CK</cards>
</round>
</game>
<game gamecode="6505484191"><general><startdate>2025-10-15 02:13:10</startdate>
<round>1</round>
<failsafecounter/>
<players><player seat="3" name="KOPKHUNKRAP" chips="935" dealer="0" win="0" bet="80" muck="1" rebuy="0" addon="0" merge="0" rebuychips="0" reg_code="5066282064"/>
<player seat="6" name="Koci01" chips="485" dealer="1" win="0" bet="80" muck="1" rebuy="0" addon="0" merge="0" rebuychips="0" reg_code="5066282381"/>
<player seat="10" name="Wizowizo98" chips="80" dealer="0" win="240" bet="80" muck="0" rebuy="0" addon="0" merge="0" rebuychips="0" reg_code="5066284109"/>
</players>
</general>
<round no="0"><action no="1" player="Wizowizo98" type="15" discard="1" dealt="1" sum="5"/>
<action no="2" player="KOPKHUNKRAP" type="15" sum="5"/>
<action no="3" player="Koci01" type="15" discard="1" dealt="1" sum="5"/>
<action no="4" player="Wizowizo98" type="1" discard="1" dealt="1" sum="15"/>
<action no="5" player="KOPKHUNKRAP" type="2" sum="30"/>
</round>
<round no="1"><cards type="Pocket" player="Koci01">C6 D7</cards>
<cards type="Pocket" player="KOPKHUNKRAP">C10 S7</cards>
<cards type="Pocket" player="Wizowizo98">C3 S3</cards>
<action no="6" player="Koci01" type="23" discard="1" dealt="1" sum="60"/>
<action no="7" player="Wizowizo98" type="7" discard="1" dealt="1" sum="60"/>
<action no="8" player="KOPKHUNKRAP" type="3" sum="45"/>
<action no="9" player="Koci01" type="3" discard="1" dealt="1" sum="15"/>
</round>
<round no="2"><cards type="Flop">H4 CQ S9</cards>
<action no="10" player="KOPKHUNKRAP" type="4" sum="0"/>
<action no="11" player="Koci01" type="4" discard="1" dealt="1" sum="0"/>
</round>
<round no="3"><cards type="Turn">DJ</cards>
<action no="12" player="KOPKHUNKRAP" type="4" sum="0"/>
<action no="13" player="Koci01" type="4" discard="1" dealt="1" sum="0"/>
</round>
<round no="4"><cards type="River">C2</cards>
<action no="14" player="KOPKHUNKRAP" type="4" sum="0"/>
<action no="15" player="Koci01" type="4" discard="1" dealt="1" sum="0"/>
</round>
</game>
<game gamecode="6505484236"><general><startdate>2025-10-15 02:13:37</startdate>
<round>1</round>
<failsafecounter/>
<players><player seat="6" name="Koci01" chips="405" dealer="0" win="0" bet="35" muck="1" rebuy="0" addon="0" merge="0" rebuychips="0" reg_code="5066282381"/>
<player seat="10" name="Wizowizo98" chips="240" dealer="1" win="515" bet="240" muck="0" rebuy="0" addon="0" merge="0" rebuychips="0" reg_code="5066284109"/>
<player seat="3" name="KOPKHUNKRAP" chips="855" dealer="0" win="0" bet="445" muck="1" rebuy="0" addon="0" merge="0" rebuychips="0" reg_code="5066282064"/>
</players>
</general>
<round no="0"><action no="1" player="KOPKHUNKRAP" type="15" sum="5"/>
<action no="2" player="Koci01" type="15" discard="1" dealt="1" sum="5"/>
<action no="3" player="Wizowizo98" type="15" discard="1" dealt="1" sum="5"/>
<action no="4" player="KOPKHUNKRAP" type="1" sum="15"/>
<action no="5" player="Koci01" type="2" discard="1" dealt="1" sum="30"/>
</round>
<round no="1"><cards type="Pocket" player="KOPKHUNKRAP">SK SQ</cards>
<cards type="Pocket" player="Koci01">X X</cards>
<cards type="Pocket" player="Wizowizo98">D5 H8</cards>
<action no="6" player="Wizowizo98" type="23" discard="1" dealt="1" sum="235"/>
<action no="7" player="KOPKHUNKRAP" type="23" sum="440"/>
<action no="8" player="Koci01" type="0" discard="1" dealt="1" sum="0"/>
</round>
<round no="2"><cards type="Flop">H6 H9 H5</cards>
</round>
<round no="3"><cards type="Turn">SA</cards>
</round>
<round no="4"><cards type="River">CA</cards>
</round>
</game>
<game gamecode="6505484275"><general><startdate>2025-10-15 02:14:01</startdate>
<round>1</round>
<failsafecounter/>
<players><player seat="10" name="Wizowizo98" chips="515" dealer="0" win="0" bet="35" muck="1" rebuy="0" addon="0" merge="0" rebuychips="0" reg_code="5066284109"/>
<player seat="3" name="KOPKHUNKRAP" chips="615" dealer="1" win="0" bet="5" muck="1" rebuy="0" addon="0" merge="0" rebuychips="0" reg_code="5066282064"/>
<player seat="6" name="Koci01" chips="370" dealer="0" win="75" bet="370" muck="1" rebuy="0" addon="0" merge="0" rebuychips="0" reg_code="5066282381"/>
</players>
</general>
<round no="0"><action no="1" player="Koci01" type="15" discard="1" dealt="1" sum="5"/>
<action no="2" player="Wizowizo98" type="15" discard="1" dealt="1" sum="5"/>
<action no="3" player="KOPKHUNKRAP" type="15" sum="5"/>
<action no="4" player="Koci01" type="1" discard="1" dealt="1" sum="15"/>
<action no="5" player="Wizowizo98" type="2" discard="1" dealt="1" sum="30"/>
</round>
<round no="1"><cards type="Pocket" player="Koci01">X X</cards>
<cards type="Pocket" player="Wizowizo98">X X</cards>
<cards type="Pocket" player="KOPKHUNKRAP">S7 SQ</cards>
<action no="6" player="KOPKHUNKRAP" type="0" sum="0"/>
<action no="7" player="Koci01" type="23" discard="1" dealt="1" sum="365"/>
<action no="8" player="Wizowizo98" type="0" discard="1" dealt="1" sum="0"/>
</round>
</game>
<game gamecode="6505484301"><general><startdate>2025-10-15 02:14:13</startdate>
<round>1</round>
<failsafecounter/>
<players><player seat="3" name="KOPKHUNKRAP" chips="610" dealer="0" win="0" bet="45" muck="1" rebuy="0" addon="0" merge="0" rebuychips="0" reg_code="5066282064"/>
<player seat="6" name="Koci01" chips="410" dealer="1" win="115" bet="85" muck="1" rebuy="0" addon="0" merge="0" rebuychips="0" reg_code="5066282381"/>
<player seat="10" name="Wizowizo98" chips="480" dealer="0" win="0" bet="25" muck="1" rebuy="0" addon="0" merge="0" rebuychips="0" reg_code="5066284109"/>
</players>
</general>
<round no="0"><action no="1" player="Wizowizo98" type="15" discard="1" dealt="1" sum="5"/>
<action no="2" player="KOPKHUNKRAP" type="15" sum="5"/>
<action no="3" player="Koci01" type="15" discard="1" dealt="1" sum="5"/>
<action no="4" player="Wizowizo98" type="1" discard="1" dealt="1" sum="20"/>
<action no="5" player="KOPKHUNKRAP" type="2" sum="40"/>
</round>
<round no="1"><cards type="Pocket" player="Wizowizo98">X X</cards>
<cards type="Pocket" player="KOPKHUNKRAP">S6 CJ</cards>
<cards type="Pocket" player="Koci01">X X</cards>
<action no="6" player="Koci01" type="23" discard="1" dealt="1" sum="80"/>
<action no="7" player="Wizowizo98" type="0" discard="1" dealt="1" sum="0"/>
<action no="8" player="KOPKHUNKRAP" type="0" sum="0"/>
</round>
</game>
<game gamecode="6505484312"><general><startdate>2025-10-15 02:14:22</startdate>
<round>1</round>
<failsafecounter/>
<players><player seat="6" name="Koci01" chips="480" dealer="0" win="0" bet="45" muck="1" rebuy="0" addon="0" merge="0" rebuychips="0" reg_code="5066282381"/>
<player seat="10" name="Wizowizo98" chips="455" dealer="1" win="0" bet="5" muck="1" rebuy="0" addon="0" merge="0" rebuychips="0" reg_code="5066284109"/>
<player seat="3" name="KOPKHUNKRAP" chips="565" dealer="0" win="95" bet="565" muck="1" rebuy="0" addon="0" merge="0" rebuychips="0" reg_code="5066282064"/>
</players>
</general>
<round no="0"><action no="1" player="KOPKHUNKRAP" type="15" sum="5"/>
<action no="2" player="Koci01" type="15" discard="1" dealt="1" sum="5"/>
<action no="3" player="Wizowizo98" type="15" discard="1" dealt="1" sum="5"/>
<action no="4" player="KOPKHUNKRAP" type="1" sum="20"/>
<action no="5" player="Koci01" type="2" discard="1" dealt="1" sum="40"/>
</round>
<round no="1"><cards type="Pocket" player="Wizowizo98">X X</cards>
<cards type="Pocket" player="KOPKHUNKRAP">H8 H9</cards>
<cards type="Pocket" player="Koci01">X X</cards>
<action no="6" player="Wizowizo98" type="0" discard="1" dealt="1" sum="0"/>
<action no="7" player="KOPKHUNKRAP" type="23" sum="560"/>
<action no="8" player="Koci01" type="0" discard="1" dealt="1" sum="0"/>
</round>
</game>
<game gamecode="6505484341"><general><startdate>2025-10-15 02:14:40</startdate>
<round>1</round>
<failsafecounter/>
<players><player seat="10" name="Wizowizo98" chips="450" dealer="0" win="0" bet="125" muck="1" rebuy="0" addon="0" merge="0" rebuychips="0" reg_code="5066284109"/>
<player seat="3" name="KOPKHUNKRAP" chips="615" dealer="1" win="995" bet="615" muck="0" rebuy="0" addon="0" merge="0" rebuychips="0" reg_code="5066282064"/>
<player seat="6" name="Koci01" chips="435" dealer="0" win="0" bet="435" muck="1" rebuy="0" addon="0" merge="0" rebuychips="0" reg_code="5066282381"/>
</players>
</general>
<round no="0"><action no="1" player="Koci01" type="15" discard="1" dealt="1" sum="5"/>
<action no="2" player="Wizowizo98" type="15" discard="1" dealt="1" sum="5"/>
<action no="3" player="KOPKHUNKRAP" type="15" sum="5"/>
<action no="4" player="Koci01" type="1" discard="1" dealt="1" sum="20"/>
<action no="5" player="Wizowizo98" type="2" discard="1" dealt="1" sum="40"/>
</round>
<round no="1"><cards type="Pocket" player="KOPKHUNKRAP">HA DA</cards>
<cards type="Pocket" player="Koci01">D9 D6</cards>
<cards type="Pocket" player="Wizowizo98">X X</cards>
<action no="6" player="KOPKHUNKRAP" type="23" sum="80"/>
<action no="7" player="Koci01" type="3" discard="1" dealt="1" sum="60"/>
<action no="8" player="Wizowizo98" type="3" discard="1" dealt="1" sum="40"/>
</round>
<round no="2"><cards type="Flop">S10 H9 C4</cards>
<action no="9" player="Koci01" type="5" discard="1" dealt="1" sum="40"/>
<action no="10" player="Wizowizo98" type="3" discard="1" dealt="1" sum="40"/>
<action no="11" player="KOPKHUNKRAP" type="23" sum="530"/>
<action no="12" player="Koci01" type="7" discard="1" dealt="1" sum="310"/>
<action no="13" player="Wizowizo98" type="0" discard="1" dealt="1" sum="0"/>
</round>
<round no="3"><cards type="Turn">C8</cards>
</round>
<round no="4"><cards type="River">D5</cards>
</round>
</game>
<game gamecode="6505484384"><general><startdate>2025-10-15 02:15:11</startdate>
<round>1</round>
<failsafecounter/>
<players><player seat="3" name="KOPKHUNKRAP" chips="1,175" dealer="0" win="0" bet="325" muck="1" rebuy="0" addon="0" merge="0" rebuychips="0" reg_code="5066282064"/>
<player seat="10" name="Wizowizo98" chips="325" dealer="1" win="650" bet="325" muck="0" rebuy="0" addon="0" merge="0" rebuychips="0" reg_code="5066284109"/>
</players>
</general>
<round no="0"><action no="1" player="Wizowizo98" type="15" discard="1" dealt="1" sum="5"/>
<action no="2" player="KOPKHUNKRAP" type="15" sum="5"/>
<action no="3" player="Wizowizo98" type="1" discard="1" dealt="1" sum="20"/>
<action no="4" player="KOPKHUNKRAP" type="2" sum="40"/>
</round>
<round no="1"><cards type="Pocket" player="KOPKHUNKRAP">S6 DA</cards>
<cards type="Pocket" player="Wizowizo98">CA S10</cards>
<action no="5" player="Wizowizo98" type="23" discard="1" dealt="1" sum="320"/>
<action no="6" player="KOPKHUNKRAP" type="3" sum="280"/>
</round>
<round no="2"><cards type="Flop">DQ D10 D6</cards>
</round>
<round no="3"><cards type="Turn">HK</cards>
</round>
<round no="4"><cards type="River">HQ</cards>
</round>
</game>
<game gamecode="6505484411"><general><startdate>2025-10-15 02:15:28</startdate>
<round>1</round>
<failsafecounter/>
<players><player seat="10" name="Wizowizo98" chips="650" dealer="0" win="90" bet="145" muck="1" rebuy="0" addon="0" merge="0" rebuychips="0" reg_code="5066284109"/>
<player seat="3" name="KOPKHUNKRAP" chips="850" dealer="1" win="0" bet="45" muck="1" rebuy="0" addon="0" merge="0" rebuychips="0" reg_code="5066282064"/>
</players>
</general>
<round no="0"><action no="1" player="KOPKHUNKRAP" type="15" sum="5"/>
<action no="2" player="Wizowizo98" type="15" discard="1" dealt="1" sum="5"/>
<action no="3" player="KOPKHUNKRAP" type="1" sum="20"/>
<action no="4" player="Wizowizo98" type="2" discard="1" dealt="1" sum="40"/>
</round>
<round no="1"><cards type="Pocket" player="KOPKHUNKRAP">D4 C6</cards>
<cards type="Pocket" player="Wizowizo98">X X</cards>
<action no="5" player="KOPKHUNKRAP" type="3" sum="20"/>
<action no="6" player="Wizowizo98" type="23" discard="1" dealt="1" sum="140"/>
<action no="7" player="KOPKHUNKRAP" type="0" sum="0"/>
</round>
</game>
<game gamecode="6505484425"><general><startdate>2025-10-15 02:15:38</startdate>
<round>1</round>
<failsafecounter/>
<players><player seat="3" name="KOPKHUNKRAP" chips="805" dealer="0" win="0" bet="45" muck="1" rebuy="0" addon="0" merge="0" rebuychips="0" reg_code="5066282064"/>
<player seat="10" name="Wizowizo98" chips="695" dealer="1" win="90" bet="695" muck="1" rebuy="0" addon="0" merge="0" rebuychips="0" reg_code="5066284109"/>
</players>
</general>
<round no="0"><action no="1" player="Wizowizo98" type="15" discard="1" dealt="1" sum="5"/>
<action no="2" player="KOPKHUNKRAP" type="15" sum="5"/>
<action no="3" player="Wizowizo98" type="1" discard="1" dealt="1" sum="20"/>
<action no="4" player="KOPKHUNKRAP" type="2" sum="40"/>
</round>
<round no="1"><cards type="Pocket" player="KOPKHUNKRAP">DJ D3</cards>
<cards type="Pocket" player="Wizowizo98">X X</cards>
<action no="5" player="Wizowizo98" type="23" discard="1" dealt="1" sum="690"/>
<action no="6" player="KOPKHUNKRAP" type="0" sum="0"/>
</round>
</game>
<game gamecode="6505484460"><general><startdate>2025-10-15 02:15:54</startdate>
<round>1</round>
<failsafecounter/>
<players><player seat="10" name="Wizowizo98" chips="740" dealer="0" win="130" bet="740" muck="1" rebuy="0" addon="0" merge="0" rebuychips="0" reg_code="5066284109"/>
<player seat="3" name="KOPKHUNKRAP" chips="760" dealer="1" win="0" bet="65" muck="1" rebuy="0" addon="0" merge="0" rebuychips="0" reg_code="5066282064"/>
</players>
</general>
<round no="0"><action no="1" player="KOPKHUNKRAP" type="15" sum="5"/>
<action no="2" player="Wizowizo98" type="15" discard="1" dealt="1" sum="5"/>
<action no="3" player="KOPKHUNKRAP" type="1" sum="30"/>
<action no="4" player="Wizowizo98" type="2" discard="1" dealt="1" sum="60"/>
</round>
<round no="1"><cards type="Pocket" player="KOPKHUNKRAP">D3 D8</cards>
<cards type="Pocket" player="Wizowizo98">X X</cards>
<action no="5" player="KOPKHUNKRAP" type="3" sum="30"/>
<action no="6" player="Wizowizo98" type="23" discard="1" dealt="1" sum="735"/>
<action no="7" player="KOPKHUNKRAP" type="0" sum="0"/>
</round>
</game>
<game gamecode="6505484474"><general><startdate>2025-10-15 02:16:02</startdate>
<round>1</round>
<failsafecounter/>
<players><player seat="3" name="KOPKHUNKRAP" chips="695" dealer="0" win="0" bet="65" muck="1" rebuy="0" addon="0" merge="0" rebuychips="0" reg_code="5066282064"/>
<player seat="10" name="Wizowizo98" chips="805" dealer="1" win="130" bet="805" muck="1" rebuy="0" addon="0" merge="0" rebuychips="0" reg_code="5066284109"/>
</players>
</general>
<round no="0"><action no="1" player="Wizowizo98" type="15" discard="1" dealt="1" sum="5"/>
<action no="2" player="KOPKHUNKRAP" type="15" sum="5"/>
<action no="3" player="Wizowizo98" type="1" discard="1" dealt="1" sum="30"/>
<action no="4" player="KOPKHUNKRAP" type="2" sum="60"/>
</round>
<round no="1"><cards type="Pocket" player="KOPKHUNKRAP">C3 D8</cards>
<cards type="Pocket" player="Wizowizo98">X X</cards>
<action no="5" player="Wizowizo98" type="23" discard="1" dealt="1" sum="800"/>
<action no="6" player="KOPKHUNKRAP" type="0" sum="0"/>
</round>
</game>
<game gamecode="6505484497"><general><startdate>2025-10-15 02:16:16</startdate>
<round>1</round>
<failsafecounter/>
<players><player seat="10" name="Wizowizo98" chips="870" dealer="0" win="130" bet="870" muck="1" rebuy="0" addon="0" merge="0" rebuychips="0" reg_code="5066284109"/>
<player seat="3" name="KOPKHUNKRAP" chips="630" dealer="1" win="0" bet="65" muck="1" rebuy="0" addon="0" merge="0" rebuychips="0" reg_code="5066282064"/>
</players>
</general>
<round no="0"><action no="1" player="KOPKHUNKRAP" type="15" sum="5"/>
<action no="2" player="Wizowizo98" type="15" discard="1" dealt="1" sum="5"/>
<action no="3" player="KOPKHUNKRAP" type="1" sum="30"/>
<action no="4" player="Wizowizo98" type="2" discard="1" dealt="1" sum="60"/>
</round>
<round no="1"><cards type="Pocket" player="Wizowizo98">X X</cards>
<cards type="Pocket" player="KOPKHUNKRAP">D10 S5</cards>
<action no="5" player="KOPKHUNKRAP" type="3" sum="30"/>
<action no="6" player="Wizowizo98" type="23" discard="1" dealt="1" sum="865"/>
<action no="7" player="KOPKHUNKRAP" type="0" sum="0"/>
</round>
</game>
<game gamecode="6505484519"><general><startdate>2025-10-15 02:16:28</startdate>
<round>1</round>
<failsafecounter/>
<players><player seat="3" name="KOPKHUNKRAP" chips="565" dealer="0" win="0" bet="565" muck="0" rebuy="0" addon="0" merge="0" rebuychips="0" reg_code="5066282064"/>
<player seat="10" name="Wizowizo98" chips="935" dealer="1" win="1,130" bet="935" muck="0" rebuy="0" addon="0" merge="0" rebuychips="0" reg_code="5066284109"/>
</players>
</general>
<round no="0"><action no="1" player="Wizowizo98" type="15" discard="1" dealt="1" sum="5"/>
<action no="2" player="KOPKHUNKRAP" type="15" sum="5"/>
<action no="3" player="Wizowizo98" type="1" discard="1" dealt="1" sum="30"/>
<action no="4" player="KOPKHUNKRAP" type="2" sum="60"/>
</round>
<round no="1"><cards type="Pocket" player="KOPKHUNKRAP">CA S8</cards>
<cards type="Pocket" player="Wizowizo98">S6 C7</cards>
<action no="5" player="Wizowizo98" type="23" discard="1" dealt="1" sum="930"/>
<action no="6" player="KOPKHUNKRAP" type="7" sum="500"/>
</round>
<round no="2"><cards type="Flop">S10 D10 D5</cards>
</round>
<round no="3"><cards type="Turn">SQ</cards>
</round>
<round no="4"><cards type="River">H6</cards>
</round>
</game>
</session>
