<?xml version="1.0" encoding="UTF-8"?>
<session sessioncode="5066120440">
<general>
<client_version>25.1.1.16</client_version>
<mode>real</mode>
<gametype>Holdem NL</gametype>
<tablename>Twister €200 SNG, 819691676</tablename>
<tournamentcode>819679563</tournamentcode>
<tournamentname>Twister €200 SNG</tournamentname>
<buyin>€0 + €12 + €188</buyin>
<totalbuyin>€200</totalbuyin>
<rewarddrawn>€400</rewarddrawn>
<tournamentcurrency>EUR</tournamentcurrency>
<currency>EUR</currency>
<nickname>KOPKHUNKRAP</nickname>
<gamecount>20</gamecount>
<startdate>2025-10-14 13:30:28</startdate>
<place>2</place>
<win>€0</win>
<tablesize>3</tablesize>
</general>
<game gamecode="6504803689"><general><startdate>2025-10-14 13:30:43</startdate>
<round>1</round>
<failsafecounter/>
<players><player seat="3" name="Exivezzz2323" chips="500" dealer="0" win="100" bet="120" muck="1" rebuy="0" addon="0" merge="0" rebuychips="0" reg_code="5066119884"/>
<player seat="6" name="KOPKHUNKRAP" chips="500" dealer="1" win="0" bet="0" muck="1" rebuy="0" addon="0" merge="0" rebuychips="0" reg_code="5066120440"/>
<player seat="10" name="deIduKA" chips="500" dealer="0" win="0" bet="50" muck="1" rebuy="0" addon="0" merge="0" rebuychips="0" reg_code="5066120553"/>
</players>
</general>
<round no="0"><action no="1" player="deIduKA" type="1" discard="1" dealt="1" sum="10"/>
<action no="2" player="Exivezzz2323" type="2" discard="1" dealt="1" sum="20"/>
</round>
<round no="1"><cards type="Pocket" player="KOPKHUNKRAP">D6 H7</cards>
<cards type="Pocket" player="Exivezzz2323">X X</cards>
<cards type="Pocket" player="deIduKA">X X</cards>
<action no="3" player="KOPKHUNKRAP" type="0" sum="0"/>
<action no="4" player="deIduKA" type="23" discard="1" dealt="1" sum="50"/>
<action no="5" player="Exivezzz2323" type="23" discard="1" dealt="1" sum="120"/>
<action no="6" player="deIduKA" type="0" discard="1" dealt="1" sum="0"/>
</round>
</game>
<game gamecode="6504803719"><general><startdate>2025-10-14 13:31:02</startdate>
<round>1</round>
<failsafecounter/>
<players><player seat="6" name="KOPKHUNKRAP" chips="500" dealer="0" win="0" bet="20" muck="1" rebuy="0" addon="0" merge="0" rebuychips="0" reg_code="5066120440"/>
<player seat="10" name="deIduKA" chips="450" dealer="1" win="0" bet="0" muck="1" rebuy="0" addon="0" merge="0" rebuychips="0" reg_code="5066120553"/>
<player seat="3" name="Exivezzz2323" chips="550" dealer="0" win="40" bet="50" muck="1" rebuy="0" addon="0" merge="0" rebuychips="0" reg_code="5066119884"/>
</players>
</general>
<round no="0"><action no="1" player="Exivezzz2323" type="1" discard="1" dealt="1" sum="10"/>
<action no="2" player="KOPKHUNKRAP" type="2" sum="20"/>
</round>
<round no="1"><cards type="Pocket" player="KOPKHUNKRAP">DK H4</cards>
<cards type="Pocket" player="Exivezzz2323">X X</cards>
<cards type="Pocket" player="deIduKA">X X</cards>
<action no="3" player="deIduKA" type="0" discard="1" dealt="1" sum="0"/>
<action no="4" player="Exivezzz2323" type="23" discard="1" dealt="1" sum="50"/>
<action no="5" player="KOPKHUNKRAP" type="0" sum="0"/>
</round>
</game>
<game gamecode="6504803769"><general><startdate>2025-10-14 13:31:30</startdate>
<round>1</round>
<failsafecounter/>
<players><player seat="10" name="deIduKA" chips="450" dealer="0" win="100" bet="50" muck="0" rebuy="0" addon="0" merge="0" rebuychips="0" reg_code="5066120553"/>
<player seat="3" name="Exivezzz2323" chips="570" dealer="1" win="0" bet="0" muck="1" rebuy="0" addon="0" merge="0" rebuychips="0" reg_code="5066119884"/>
<player seat="6" name="KOPKHUNKRAP" chips="480" dealer="0" win="0" bet="50" muck="1" rebuy="0" addon="0" merge="0" rebuychips="0" reg_code="5066120440"/>
</players>
</general>
<round no="0"><action no="1" player="KOPKHUNKRAP" type="1" sum="10"/>
<action no="2" player="deIduKA" type="2" discard="1" dealt="1" sum="20"/>
</round>
<round no="1"><cards type="Pocket" player="KOPKHUNKRAP">HJ H6</cards>
<cards type="Pocket" player="deIduKA">D6 H5</cards>
<cards type="Pocket" player="Exivezzz2323">X X</cards>
<action no="3" player="Exivezzz2323" type="0" discard="1" dealt="1" sum="0"/>
<action no="4" player="KOPKHUNKRAP" type="3" sum="10"/>
<action no="5" player="deIduKA" type="4" discard="1" dealt="1" sum="0"/>
</round>
<round no="2"><cards type="Flop">H9 H10 S2</cards>
<action no="6" player="KOPKHUNKRAP" type="4" sum="0"/>
<action no="7" player="deIduKA" type="4" discard="1" dealt="1" sum="0"/>
</round>
<round no="3"><cards type="Turn">S5</cards>
<action no="8" player="KOPKHUNKRAP" type="4" sum="0"/>
<action no="9" player="deIduKA" type="5" discard="1" dealt="1" sum="30"/>
<action no="10" player="KOPKHUNKRAP" type="3" sum="30"/>
</round>
<round no="4"><cards type="River">C10</cards>
<action no="11" player="KOPKHUNKRAP" type="4" sum="0"/>
<action no="12" player="deIduKA" type="4" discard="1" dealt="1" sum="0"/>
</round>
</game>
<game gamecode="6504803829"><general><startdate>2025-10-14 13:32:08</startdate>
<round>1</round>
<failsafecounter/>
<players><player seat="3" name="Exivezzz2323" chips="570" dealer="0" win="0" bet="20" muck="1" rebuy="0" addon="0" merge="0" rebuychips="0" reg_code="5066119884"/>
<player seat="6" name="KOPKHUNKRAP" chips="430" dealer="1" win="880" bet="430" muck="0" rebuy="0" addon="0" merge="0" rebuychips="0" reg_code="5066120440"/>
<player seat="10" name="deIduKA" chips="500" dealer="0" win="0" bet="500" muck="1" rebuy="0" addon="0" merge="0" rebuychips="0" reg_code="5066120553"/>
</players>
</general>
<round no="0"><action no="1" player="deIduKA" type="1" discard="1" dealt="1" sum="10"/>
<action no="2" player="Exivezzz2323" type="2" discard="1" dealt="1" sum="20"/>
</round>
<round no="1"><cards type="Pocket" player="KOPKHUNKRAP">H4 S4</cards>
<cards type="Pocket" player="Exivezzz2323">X X</cards>
<cards type="Pocket" player="deIduKA">DA S10</cards>
<action no="3" player="KOPKHUNKRAP" type="23" sum="40"/>
<action no="4" player="deIduKA" type="23" discard="1" dealt="1" sum="500"/>
<action no="5" player="Exivezzz2323" type="0" discard="1" dealt="1" sum="0"/>
<action no="6" player="KOPKHUNKRAP" type="7" sum="390"/>
</round>
<round no="2"><cards type="Flop">DJ S8 C4</cards>
</round>
<round no="3"><cards type="Turn">HJ</cards>
</round>
<round no="4"><cards type="River">HQ</cards>
</round>
</game>
<game gamecode="6504803878"><general><startdate>2025-10-14 13:32:34</startdate>
<round>1</round>
<failsafecounter/>
<players><player seat="6" name="KOPKHUNKRAP" chips="880" dealer="0" win="0" bet="70" muck="1" rebuy="0" addon="0" merge="0" rebuychips="0" reg_code="5066120440"/>
<player seat="10" name="deIduKA" chips="70" dealer="1" win="160" bet="70" muck="0" rebuy="0" addon="0" merge="0" rebuychips="0" reg_code="5066120553"/>
<player seat="3" name="Exivezzz2323" chips="550" dealer="0" win="0" bet="20" muck="1" rebuy="0" addon="0" merge="0" rebuychips="0" reg_code="5066119884"/>
</players>
</general>
<round no="0"><action no="1" player="Exivezzz2323" type="15" discard="1" dealt="1" sum="5"/>
<action no="2" player="KOPKHUNKRAP" type="15" sum="5"/>
<action no="3" player="deIduKA" type="15" discard="1" dealt="1" sum="5"/>
<action no="4" player="Exivezzz2323" type="1" discard="1" dealt="1" sum="15"/>
<action no="5" player="KOPKHUNKRAP" type="2" sum="30"/>
</round>
<round no="1"><cards type="Pocket" player="deIduKA">H7 SA</cards>
<cards type="Pocket" player="Exivezzz2323">X X</cards>
<cards type="Pocket" player="KOPKHUNKRAP">D2 S7</cards>
<action no="6" player="deIduKA" type="23" discard="1" dealt="1" sum="65"/>
<action no="7" player="Exivezzz2323" type="0" discard="1" dealt="1" sum="0"/>
<action no="8" player="KOPKHUNKRAP" type="3" sum="35"/>
</round>
<round no="2"><cards type="Flop">H8 D8 H10</cards>
</round>
<round no="3"><cards type="Turn">C7</cards>
</round>
<round no="4"><cards type="River">DA</cards>
</round>
</game>
<game gamecode="6504803914"><general><startdate>2025-10-14 13:32:59</startdate>
<round>1</round>
<failsafecounter/>
<players><player seat="10" name="deIduKA" chips="160" dealer="0" win="340" bet="160" muck="0" rebuy="0" addon="0" merge="0" rebuychips="0" reg_code="5066120553"/>
<player seat="3" name="Exivezzz2323" chips="530" dealer="1" win="0" bet="160" muck="1" rebuy="0" addon="0" merge="0" rebuychips="0" reg_code="5066119884"/>
<player seat="6" name="KOPKHUNKRAP" chips="810" dealer="0" win="0" bet="20" muck="1" rebuy="0" addon="0" merge="0" rebuychips="0" reg_code="5066120440"/>
</players>
</general>
<round no="0"><action no="1" player="KOPKHUNKRAP" type="15" sum="5"/>
<action no="2" player="deIduKA" type="15" discard="1" dealt="1" sum="5"/>
<action no="3" player="Exivezzz2323" type="15" discard="1" dealt="1" sum="5"/>
<action no="4" player="KOPKHUNKRAP" type="1" sum="15"/>
<action no="5" player="deIduKA" type="2" discard="1" dealt="1" sum="30"/>
</round>
<round no="1"><cards type="Pocket" player="Exivezzz2323">H8 H9</cards>
<cards type="Pocket" player="KOPKHUNKRAP">D7 HJ</cards>
<cards type="Pocket" player="deIduKA">DA SJ</cards>
<action no="6" player="Exivezzz2323" type="23" discard="1" dealt="1" sum="60"/>
<action no="7" player="KOPKHUNKRAP" type="0" sum="0"/>
<action no="8" player="deIduKA" type="23" discard="1" dealt="1" sum="155"/>
<action no="9" player="Exivezzz2323" type="3" discard="1" dealt="1" sum="95"/>
</round>
<round no="2"><cards type="Flop">D3 H3 C7</cards>
</round>
<round no="3"><cards type="Turn">S10</cards>
</round>
<round no="4"><cards type="River">C3</cards>
</round>
</game>
<game gamecode="6504803960"><general><startdate>2025-10-14 13:33:27</startdate>
<round>1</round>
<failsafecounter/>
<players><player seat="3" name="Exivezzz2323" chips="370" dealer="0" win="0" bet="35" muck="1" rebuy="0" addon="0" merge="0" rebuychips="0" reg_code="5066119884"/>
<player seat="6" name="KOPKHUNKRAP" chips="790" dealer="1" win="0" bet="5" muck="1" rebuy="0" addon="0" merge="0" rebuychips="0" reg_code="5066120440"/>
<player seat="10" name="deIduKA" chips="340" dealer="0" win="75" bet="340" muck="1" rebuy="0" addon="0" merge="0" rebuychips="0" reg_code="5066120553"/>
</players>
</general>
<round no="0"><action no="1" player="deIduKA" type="15" discard="1" dealt="1" sum="5"/>
<action no="2" player="Exivezzz2323" type="15" discard="1" dealt="1" sum="5"/>
<action no="3" player="KOPKHUNKRAP" type="15" sum="5"/>
<action no="4" player="deIduKA" type="1" discard="1" dealt="1" sum="15"/>
<action no="5" player="Exivezzz2323" type="2" discard="1" dealt="1" sum="30"/>
</round>
<round no="1"><cards type="Pocket" player="KOPKHUNKRAP">D6 CK</cards>
<cards type="Pocket" player="deIduKA">X X</cards>
<cards type="Pocket" player="Exivezzz2323">X X</cards>
<action no="6" player="KOPKHUNKRAP" type="0" sum="0"/>
<action no="7" player="deIduKA" type="23" discard="1" dealt="1" sum="335"/>
<action no="8" player="Exivezzz2323" type="0" discard="1" dealt="1" sum="0"/>
</round>
</game>
<game gamecode="6504803994"><general><startdate>2025-10-14 13:33:46</startdate>
<round>1</round>
<failsafecounter/>
<players><player seat="6" name="KOPKHUNKRAP" chips="785" dealer="0" win="0" bet="35" muck="1" rebuy="0" addon="0" merge="0" rebuychips="0" reg_code="5066120440"/>
<player seat="10" name="deIduKA" chips="380" dealer="1" win="0" bet="5" muck="1" rebuy="0" addon="0" merge="0" rebuychips="0" reg_code="5066120553"/>
<player seat="3" name="Exivezzz2323" chips="335" dealer="0" win="75" bet="65" muck="1" rebuy="0" addon="0" merge="0" rebuychips="0" reg_code="5066119884"/>
</players>
</general>
<round no="0"><action no="1" player="Exivezzz2323" type="15" discard="1" dealt="1" sum="5"/>
<action no="2" player="KOPKHUNKRAP" type="15" sum="5"/>
<action no="3" player="deIduKA" type="15" discard="1" dealt="1" sum="5"/>
<action no="4" player="Exivezzz2323" type="1" discard="1" dealt="1" sum="15"/>
<action no="5" player="KOPKHUNKRAP" type="2" sum="30"/>
</round>
<round no="1"><cards type="Pocket" player="KOPKHUNKRAP">C4 C7</cards>
<cards type="Pocket" player="deIduKA">X X</cards>
<cards type="Pocket" player="Exivezzz2323">X X</cards>
<action no="6" player="deIduKA" type="0" discard="1" dealt="1" sum="0"/>
<action no="7" player="Exivezzz2323" type="3" discard="1" dealt="1" sum="15"/>
<action no="8" player="KOPKHUNKRAP" type="4" sum="0"/>
</round>
<round no="2"><cards type="Flop">DQ DJ CA</cards>
<action no="9" player="Exivezzz2323" type="5" discard="1" dealt="1" sum="30"/>
<action no="10" player="KOPKHUNKRAP" type="0" sum="0"/>
</round>
</game>
<game gamecode="6504804027"><general><startdate>2025-10-14 13:34:07</startdate>
<round>1</round>
<failsafecounter/>
<players><player seat="10" name="deIduKA" chips="375" dealer="0" win="0" bet="45" muck="1" rebuy="0" addon="0" merge="0" rebuychips="0" reg_code="5066120553"/>
<player seat="3" name="Exivezzz2323" chips="375" dealer="1" win="0" bet="5" muck="1" rebuy="0" addon="0" merge="0" rebuychips="0" reg_code="5066119884"/>
<player seat="6" name="KOPKHUNKRAP" chips="750" dealer="0" win="95" bet="750" muck="1" rebuy="0" addon="0" merge="0" rebuychips="0" reg_code="5066120440"/>
</players>
</general>
<round no="0"><action no="1" player="KOPKHUNKRAP" type="15" sum="5"/>
<action no="2" player="deIduKA" type="15" discard="1" dealt="1" sum="5"/>
<action no="3" player="Exivezzz2323" type="15" discard="1" dealt="1" sum="5"/>
<action no="4" player="KOPKHUNKRAP" type="1" sum="20"/>
<action no="5" player="deIduKA" type="2" discard="1" dealt="1" sum="40"/>
</round>
<round no="1"><cards type="Pocket" player="KOPKHUNKRAP">DJ S8</cards>
<cards type="Pocket" player="deIduKA">X X</cards>
<cards type="Pocket" player="Exivezzz2323">X X</cards>
<action no="6" player="Exivezzz2323" type="0" discard="1" dealt="1" sum="0"/>
<action no="7" player="KOPKHUNKRAP" type="23" sum="745"/>
<action no="8" player="deIduKA" type="0" discard="1" dealt="1" sum="0"/>
</round>
</game>
<game gamecode="6504804048"><general><startdate>2025-10-14 13:34:18</startdate>
<round>1</round>
<failsafecounter/>
<players><player seat="3" name="Exivezzz2323" chips="370" dealer="0" win="55" bet="45" muck="1" rebuy="0" addon="0" merge="0" rebuychips="0" reg_code="5066119884"/>
<player seat="6" name="KOPKHUNKRAP" chips="800" dealer="1" win="0" bet="5" muck="1" rebuy="0" addon="0" merge="0" rebuychips="0" reg_code="5066120440"/>
<player seat="10" name="deIduKA" chips="330" dealer="0" win="0" bet="25" muck="1" rebuy="0" addon="0" merge="0" rebuychips="0" reg_code="5066120553"/>
</players>
</general>
<round no="0"><action no="1" player="deIduKA" type="15" discard="1" dealt="1" sum="5"/>
<action no="2" player="Exivezzz2323" type="15" discard="1" dealt="1" sum="5"/>
<action no="3" player="KOPKHUNKRAP" type="15" sum="5"/>
<action no="4" player="deIduKA" type="1" discard="1" dealt="1" sum="20"/>
<action no="5" player="Exivezzz2323" type="2" discard="1" dealt="1" sum="40"/>
</round>
<round no="1"><cards type="Pocket" player="Exivezzz2323">X X</cards>
<cards type="Pocket" player="KOPKHUNKRAP">S2 S5</cards>
<cards type="Pocket" player="deIduKA">X X</cards>
<action no="6" player="KOPKHUNKRAP" type="0" sum="0"/>
<action no="7" player="deIduKA" type="0" discard="1" dealt="1" sum="0"/>
</round>
</game>
<game gamecode="6504804081"><general><startdate>2025-10-14 13:34:33</startdate>
<round>1</round>
<failsafecounter/>
<players><player seat="6" name="KOPKHUNKRAP" chips="795" dealer="0" win="0" bet="45" muck="1" rebuy="0" addon="0" merge="0" rebuychips="0" reg_code="5066120440"/>
<player seat="10" name="deIduKA" chips="305" dealer="1" win="115" bet="305" muck="1" rebuy="0" addon="0" merge="0" rebuychips="0" reg_code="5066120553"/>
<player seat="3" name="Exivezzz2323" chips="400" dealer="0" win="0" bet="25" muck="1" rebuy="0" addon="0" merge="0" rebuychips="0" reg_code="5066119884"/>
</players>
</general>
<round no="0"><action no="1" player="Exivezzz2323" type="15" discard="1" dealt="1" sum="5"/>
<action no="2" player="KOPKHUNKRAP" type="15" sum="5"/>
<action no="3" player="deIduKA" type="15" discard="1" dealt="1" sum="5"/>
<action no="4" player="Exivezzz2323" type="1" discard="1" dealt="1" sum="20"/>
<action no="5" player="KOPKHUNKRAP" type="2" sum="40"/>
</round>
<round no="1"><cards type="Pocket" player="Exivezzz2323">X X</cards>
<cards type="Pocket" player="deIduKA">X X</cards>
<cards type="Pocket" player="KOPKHUNKRAP">C5 C8</cards>
<action no="6" player="deIduKA" type="23" discard="1" dealt="1" sum="300"/>
<action no="7" player="Exivezzz2323" type="0" discard="1" dealt="1" sum="0"/>
<action no="8" player="KOPKHUNKRAP" type="0" sum="0"/>
</round>
</game>
<game gamecode="6504804109"><general><startdate>2025-10-14 13:34:46</startdate>
<round>1</round>
<failsafecounter/>
<players><player seat="10" name="deIduKA" chips="375" dealer="0" win="0" bet="375" muck="0" rebuy="0" addon="0" merge="0" rebuychips="0" reg_code="5066120553"/>
<player seat="3" name="Exivezzz2323" chips="375" dealer="1" win="0" bet="5" muck="1" rebuy="0" addon="0" merge="0" rebuychips="0" reg_code="5066119884"/>
<player seat="6" name="KOPKHUNKRAP" chips="750" dealer="0" win="755" bet="750" muck="0" rebuy="0" addon="0" merge="0" rebuychips="0" reg_code="5066120440"/>
</players>
</general>
<round no="0"><action no="1" player="KOPKHUNKRAP" type="15" sum="5"/>
<action no="2" player="deIduKA" type="15" discard="1" dealt="1" sum="5"/>
<action no="3" player="Exivezzz2323" type="15" discard="1" dealt="1" sum="5"/>
<action no="4" player="KOPKHUNKRAP" type="1" sum="20"/>
<action no="5" player="deIduKA" type="2" discard="1" dealt="1" sum="40"/>
</round>
<round no="1"><cards type="Pocket" player="Exivezzz2323">X X</cards>
<cards type="Pocket" player="KOPKHUNKRAP">C5 SA</cards>
<cards type="Pocket" player="deIduKA">HJ SK</cards>
<action no="6" player="Exivezzz2323" type="0" discard="1" dealt="1" sum="0"/>
<action no="7" player="KOPKHUNKRAP" type="23" sum="745"/>
<action no="8" player="deIduKA" type="7" discard="1" dealt="1" sum="330"/>
</round>
<round no="2"><cards type="Flop">H7 H2 H8</cards>
</round>
<round no="3"><cards type="Turn">CA</cards>
</round>
<round no="4"><cards type="River">S8</cards>
</round>
</game>
<game gamecode="6504804154"><general><startdate>2025-10-14 13:35:09</startdate>
<round>1</round>
<failsafecounter/>
<players><player seat="3" name="Exivezzz2323" chips="370" dealer="0" win="50" bet="45" muck="1" rebuy="0" addon="0" merge="0" rebuychips="0" reg_code="5066119884"/>
<player seat="6" name="KOPKHUNKRAP" chips="1,130" dealer="1" win="0" bet="25" muck="1" rebuy="0" addon="0" merge="0" rebuychips="0" reg_code="5066120440"/>
</players>
</general>
<round no="0"><action no="1" player="KOPKHUNKRAP" type="15" sum="5"/>
<action no="2" player="Exivezzz2323" type="15" discard="1" dealt="1" sum="5"/>
<action no="3" player="KOPKHUNKRAP" type="1" sum="20"/>
<action no="4" player="Exivezzz2323" type="2" discard="1" dealt="1" sum="40"/>
</round>
<round no="1"><cards type="Pocket" player="KOPKHUNKRAP">D4 S3</cards>
<cards type="Pocket" player="Exivezzz2323">X X</cards>
<action no="5" player="KOPKHUNKRAP" type="0" sum="0"/>
</round>
</game>
<game gamecode="6504804174"><general><startdate>2025-10-14 13:35:17</startdate>
<round>1</round>
<failsafecounter/>
<players><player seat="6" name="KOPKHUNKRAP" chips="1,105" dealer="0" win="90" bet="1,105" muck="1" rebuy="0" addon="0" merge="0" rebuychips="0" reg_code="5066120440"/>
<player seat="3" name="Exivezzz2323" chips="395" dealer="1" win="0" bet="45" muck="1" rebuy="0" addon="0" merge="0" rebuychips="0" reg_code="5066119884"/>
</players>
</general>
<round no="0"><action no="1" player="Exivezzz2323" type="15" discard="1" dealt="1" sum="5"/>
<action no="2" player="KOPKHUNKRAP" type="15" sum="5"/>
<action no="3" player="Exivezzz2323" type="1" discard="1" dealt="1" sum="20"/>
<action no="4" player="KOPKHUNKRAP" type="2" sum="40"/>
</round>
<round no="1"><cards type="Pocket" player="KOPKHUNKRAP">CA C6</cards>
<cards type="Pocket" player="Exivezzz2323">X X</cards>
<action no="5" player="Exivezzz2323" type="3" discard="1" dealt="1" sum="20"/>
<action no="6" player="KOPKHUNKRAP" type="23" sum="1,100"/>
<action no="7" player="Exivezzz2323" type="0" discard="1" dealt="1" sum="0"/>
</round>
</game>
<game gamecode="6504804198"><general><startdate>2025-10-14 13:35:35</startdate>
<round>1</round>
<failsafecounter/>
<players><player seat="3" name="Exivezzz2323" chips="350" dealer="0" win="50" bet="45" muck="1" rebuy="0" addon="0" merge="0" rebuychips="0" reg_code="5066119884"/>
<player seat="6" name="KOPKHUNKRAP" chips="1,150" dealer="1" win="0" bet="25" muck="1" rebuy="0" addon="0" merge="0" rebuychips="0" reg_code="5066120440"/>
</players>
</general>
<round no="0"><action no="1" player="KOPKHUNKRAP" type="15" sum="5"/>
<action no="2" player="Exivezzz2323" type="15" discard="1" dealt="1" sum="5"/>
<action no="3" player="KOPKHUNKRAP" type="1" sum="20"/>
<action no="4" player="Exivezzz2323" type="2" discard="1" dealt="1" sum="40"/>
</round>
<round no="1"><cards type="Pocket" player="Exivezzz2323">X X</cards>
<cards type="Pocket" player="KOPKHUNKRAP">S3 D2</cards>
<action no="5" player="KOPKHUNKRAP" type="0" sum="0"/>
</round>
</game>
<game gamecode="6504804208"><general><startdate>2025-10-14 13:35:40</startdate>
<round>1</round>
<failsafecounter/>
<players><player seat="6" name="KOPKHUNKRAP" chips="1,125" dealer="0" win="90" bet="1,125" muck="1" rebuy="0" addon="0" merge="0" rebuychips="0" reg_code="5066120440"/>
<player seat="3" name="Exivezzz2323" chips="375" dealer="1" win="0" bet="45" muck="1" rebuy="0" addon="0" merge="0" rebuychips="0" reg_code="5066119884"/>
</players>
</general>
<round no="0"><action no="1" player="Exivezzz2323" type="15" discard="1" dealt="1" sum="5"/>
<action no="2" player="KOPKHUNKRAP" type="15" sum="5"/>
<action no="3" player="Exivezzz2323" type="1" discard="1" dealt="1" sum="20"/>
<action no="4" player="KOPKHUNKRAP" type="2" sum="40"/>
</round>
<round no="1"><cards type="Pocket" player="KOPKHUNKRAP">S6 CA</cards>
<cards type="Pocket" player="Exivezzz2323">X X</cards>
<action no="5" player="Exivezzz2323" type="3" discard="1" dealt="1" sum="20"/>
<action no="6" player="KOPKHUNKRAP" type="23" sum="1,120"/>
<action no="7" player="Exivezzz2323" type="0" discard="1" dealt="1" sum="0"/>
</round>
</game>
<game gamecode="6504804223"><general><startdate>2025-10-14 13:35:48</startdate>
<round>1</round>
<failsafecounter/>
<players><player seat="3" name="Exivezzz2323" chips="330" dealer="0" win="660" bet="330" muck="0" rebuy="0" addon="0" merge="0" rebuychips="0" reg_code="5066119884"/>
<player seat="6" name="KOPKHUNKRAP" chips="1,170" dealer="1" win="0" bet="1,170" muck="1" rebuy="0" addon="0" merge="0" rebuychips="0" reg_code="5066120440"/>
</players>
</general>
<round no="0"><action no="1" player="KOPKHUNKRAP" type="15" sum="5"/>
<action no="2" player="Exivezzz2323" type="15" discard="1" dealt="1" sum="5"/>
<action no="3" player="KOPKHUNKRAP" type="1" sum="30"/>
<action no="4" player="Exivezzz2323" type="2" discard="1" dealt="1" sum="60"/>
</round>
<round no="1"><cards type="Pocket" player="Exivezzz2323">D3 HA</cards>
<cards type="Pocket" player="KOPKHUNKRAP">D7 C6</cards>
<action no="5" player="KOPKHUNKRAP" type="23" sum="1,165"/>
<action no="6" player="Exivezzz2323" type="7" discard="1" dealt="1" sum="265"/>
</round>
<round no="2"><cards type="Flop">S4 S2 D9</cards>
</round>
<round no="3"><cards type="Turn">SQ</cards>
</round>
<round no="4"><cards type="River">C8</cards>
</round>
</game>
<game gamecode="6504804268"><general><startdate>2025-10-14 13:36:08</startdate>
<round>1</round>
<failsafecounter/>
<players><player seat="6" name="KOPKHUNKRAP" chips="840" dealer="0" win="0" bet="65" muck="1" rebuy="0" addon="0" merge="0" rebuychips="0" reg_code="5066120440"/>
<player seat="3" name="Exivezzz2323" chips="660" dealer="1" win="130" bet="127" muck="1" rebuy="0" addon="0" merge="0" rebuychips="0" reg_code="5066119884"/>
</players>
</general>
<round no="0"><action no="1" player="Exivezzz2323" type="15" discard="1" dealt="1" sum="5"/>
<action no="2" player="KOPKHUNKRAP" type="15" sum="5"/>
<action no="3" player="Exivezzz2323" type="1" discard="1" dealt="1" sum="30"/>
<action no="4" player="KOPKHUNKRAP" type="2" sum="60"/>
</round>
<round no="1"><cards type="Pocket" player="KOPKHUNKRAP">D3 S7</cards>
<cards type="Pocket" player="Exivezzz2323">X X</cards>
<action no="5" player="Exivezzz2323" type="3" discard="1" dealt="1" sum="30"/>
<action no="6" player="KOPKHUNKRAP" type="4" sum="0"/>
</round>
<round no="2"><cards type="Flop">C3 C4 CJ</cards>
<action no="7" player="KOPKHUNKRAP" type="4" sum="0"/>
<action no="8" player="Exivezzz2323" type="5" discard="1" dealt="1" sum="62"/>
<action no="9" player="KOPKHUNKRAP" type="0" sum="0"/>
</round>
</game>
<game gamecode="6504804305"><general><startdate>2025-10-14 13:36:28</startdate>
<round>1</round>
<failsafecounter/>
<players><player seat="3" name="Exivezzz2323" chips="725" dealer="0" win="130" bet="153" muck="1" rebuy="0" addon="0" merge="0" rebuychips="0" reg_code="5066119884"/>
<player seat="6" name="KOPKHUNKRAP" chips="775" dealer="1" win="0" bet="65" muck="1" rebuy="0" addon="0" merge="0" rebuychips="0" reg_code="5066120440"/>
</players>
</general>
<round no="0"><action no="1" player="KOPKHUNKRAP" type="15" sum="5"/>
<action no="2" player="Exivezzz2323" type="15" discard="1" dealt="1" sum="5"/>
<action no="3" player="KOPKHUNKRAP" type="1" sum="30"/>
<action no="4" player="Exivezzz2323" type="2" discard="1" dealt="1" sum="60"/>
</round>
<round no="1"><cards type="Pocket" player="KOPKHUNKRAP">SQ C8</cards>
<cards type="Pocket" player="Exivezzz2323">X X</cards>
<action no="5" player="KOPKHUNKRAP" type="3" sum="30"/>
<action no="6" player="Exivezzz2323" type="4" discard="1" dealt="1" sum="0"/>
</round>
<round no="2"><cards type="Flop">C7 D7 H6</cards>
<action no="7" player="Exivezzz2323" type="4" discard="1" dealt="1" sum="0"/>
<action no="8" player="KOPKHUNKRAP" type="4" sum="0"/>
</round>
<round no="3"><cards type="Turn">C9</cards>
<action no="9" player="Exivezzz2323" type="4" discard="1" dealt="1" sum="0"/>
<action no="10" player="KOPKHUNKRAP" type="4" sum="0"/>
</round>
<round no="4"><cards type="River">S6</cards>
<action no="11" player="Exivezzz2323" type="5" discard="1" dealt="1" sum="88"/>
<action no="12" player="KOPKHUNKRAP" type="0" sum="0"/>
</round>
</game>
<game gamecode="6504804354"><general><startdate>2025-10-14 13:37:05</startdate>
<round>1</round>
<failsafecounter/>
<players><player seat="6" name="KOPKHUNKRAP" chips="710" dealer="0" win="0" bet="710" muck="0" rebuy="0" addon="0" merge="0" rebuychips="0" reg_code="5066120440"/>
<player seat="3" name="Exivezzz2323" chips="790" dealer="1" win="1,420" bet="710" muck="0" rebuy="0" addon="0" merge="0" rebuychips="0" reg_code="5066119884"/>
</players>
</general>
<round no="0"><action no="1" player="Exivezzz2323" type="15" discard="1" dealt="1" sum="5"/>
<action no="2" player="KOPKHUNKRAP" type="15" sum="5"/>
<action no="3" player="Exivezzz2323" type="1" discard="1" dealt="1" sum="30"/>
<action no="4" player="KOPKHUNKRAP" type="2" sum="60"/>
</round>
<round no="1"><cards type="Pocket" player="KOPKHUNKRAP">HA H2</cards>
<cards type="Pocket" player="Exivezzz2323">HK DJ</cards>
<action no="5" player="Exivezzz2323" type="3" discard="1" dealt="1" sum="30"/>
<action no="6" player="KOPKHUNKRAP" type="23" sum="705"/>
<action no="7" player="Exivezzz2323" type="3" discard="1" dealt="1" sum="645"/>
</round>
<round no="2"><cards type="Flop">D5 SJ D8</cards>
</round>
<round no="3"><cards type="Turn">S8</cards>
</round>
<round no="4"><cards type="River">C4</cards>
</round>
</game>
</session>
