<?xml version="1.0" encoding="UTF-8"?>
<session sessioncode="5066313263">
<general>
<client_version>24.7.1.15</client_version>
<mode>real</mode>
<gametype>Holdem NL</gametype>
<tablename>Twister €200 SNG, 819742580</tablename>
<tournamentcode>819742579</tournamentcode>
<tournamentname>Twister €200 SNG</tournamentname>
<buyin>€0 + €12 + €188</buyin>
<totalbuyin>€200</totalbuyin>
<rewarddrawn>€600</rewarddrawn>
<tournamentcurrency>EUR</tournamentcurrency>
<currency>EUR</currency>
<nickname>KOPKHUNKRAP</nickname>
<gamecount>33</gamecount>
<startdate>2025-10-15 10:22:59</startdate>
<place>1</place>
<win>€600</win>
<tablesize>3</tablesize>
</general>
<game gamecode="6505603693"><general><startdate>2025-10-15 10:23:14</startdate>
<round>1</round>
<failsafecounter/>
<players><player seat="6" name="milito2288" chips="500" dealer="0" win="0" bet="20" muck="1" rebuy="0" addon="0" merge="0" rebuychips="0" reg_code="5066313002"/>
<player seat="10" name="KOPKHUNKRAP" chips="500" dealer="1" win="0" bet="0" muck="1" rebuy="0" addon="0" merge="0" rebuychips="0" reg_code="5066313263"/>
<player seat="3" name="MadunnaLupa" chips="500" dealer="0" win="40" bet="53" muck="1" rebuy="0" addon="0" merge="0" rebuychips="0" reg_code="5066312714"/>
</players>
</general>
<round no="0"><action no="1" player="MadunnaLupa" type="1" discard="1" dealt="1" sum="10"/>
<action no="2" player="milito2288" type="2" discard="1" dealt="1" sum="20"/>
</round>
<round no="1"><cards type="Pocket" player="KOPKHUNKRAP">C2 C9</cards>
<cards type="Pocket" player="milito2288">X X</cards>
<cards type="Pocket" player="MadunnaLupa">X X</cards>
<action no="3" player="KOPKHUNKRAP" type="0" sum="0"/>
<action no="4" player="MadunnaLupa" type="23" discard="1" dealt="1" sum="53"/>
<action no="5" player="milito2288" type="0" discard="1" dealt="1" sum="0"/>
</round>
</game>
<game gamecode="6505603732"><general><startdate>2025-10-15 10:23:28</startdate>
<round>1</round>
<failsafecounter/>
<players><player seat="10" name="KOPKHUNKRAP" chips="500" dealer="0" win="0" bet="20" muck="1" rebuy="0" addon="0" merge="0" rebuychips="0" reg_code="5066313263"/>
<player seat="3" name="MadunnaLupa" chips="520" dealer="1" win="0" bet="0" muck="1" rebuy="0" addon="0" merge="0" rebuychips="0" reg_code="5066312714"/>
<player seat="6" name="milito2288" chips="480" dealer="0" win="40" bet="60" muck="1" rebuy="0" addon="0" merge="0" rebuychips="0" reg_code="5066313002"/>
</players>
</general>
<round no="0"><action no="1" player="milito2288" type="1" discard="1" dealt="1" sum="10"/>
<action no="2" player="KOPKHUNKRAP" type="2" sum="20"/>
</round>
<round no="1"><cards type="Pocket" player="MadunnaLupa">X X</cards>
<cards type="Pocket" player="KOPKHUNKRAP">C3 D10</cards>
<cards type="Pocket" player="milito2288">X X</cards>
<action no="3" player="MadunnaLupa" type="0" discard="1" dealt="1" sum="0"/>
<action no="4" player="milito2288" type="3" discard="1" dealt="1" sum="10"/>
<action no="5" player="KOPKHUNKRAP" type="4" sum="0"/>
</round>
<round no="2"><cards type="Flop">C8 S4 S8</cards>
<action no="6" player="milito2288" type="5" discard="1" dealt="1" sum="40"/>
<action no="7" player="KOPKHUNKRAP" type="0" sum="0"/>
</round>
</game>
<game gamecode="6505603777"><general><startdate>2025-10-15 10:23:49</startdate>
<round>1</round>
<failsafecounter/>
<players><player seat="3" name="MadunnaLupa" chips="520" dealer="0" win="20" bet="20" muck="1" rebuy="0" addon="0" merge="0" rebuychips="0" reg_code="5066312714"/>
<player seat="6" name="milito2288" chips="500" dealer="1" win="0" bet="0" muck="1" rebuy="0" addon="0" merge="0" rebuychips="0" reg_code="5066313002"/>
<player seat="10" name="KOPKHUNKRAP" chips="480" dealer="0" win="0" bet="10" muck="1" rebuy="0" addon="0" merge="0" rebuychips="0" reg_code="5066313263"/>
</players>
</general>
<round no="0"><action no="1" player="KOPKHUNKRAP" type="1" sum="10"/>
<action no="2" player="MadunnaLupa" type="2" discard="1" dealt="1" sum="20"/>
</round>
<round no="1"><cards type="Pocket" player="milito2288">X X</cards>
<cards type="Pocket" player="KOPKHUNKRAP">CQ S3</cards>
<cards type="Pocket" player="MadunnaLupa">X X</cards>
<action no="3" player="milito2288" type="0" discard="1" dealt="1" sum="0"/>
<action no="4" player="KOPKHUNKRAP" type="0" sum="0"/>
</round>
</game>
<game gamecode="6505603796"><general><startdate>2025-10-15 10:23:56</startdate>
<round>1</round>
<failsafecounter/>
<players><player seat="6" name="milito2288" chips="500" dealer="0" win="80" bet="40" muck="0" rebuy="0" addon="0" merge="0" rebuychips="0" reg_code="5066313002"/>
<player seat="10" name="KOPKHUNKRAP" chips="470" dealer="1" win="0" bet="0" muck="1" rebuy="0" addon="0" merge="0" rebuychips="0" reg_code="5066313263"/>
<player seat="3" name="MadunnaLupa" chips="530" dealer="0" win="0" bet="40" muck="0" rebuy="0" addon="0" merge="0" rebuychips="0" reg_code="5066312714"/>
</players>
</general>
<round no="0"><action no="1" player="MadunnaLupa" type="1" discard="1" dealt="1" sum="10"/>
<action no="2" player="milito2288" type="2" discard="1" dealt="1" sum="20"/>
</round>
<round no="1"><cards type="Pocket" player="KOPKHUNKRAP">HK C7</cards>
<cards type="Pocket" player="milito2288">S5 C4</cards>
<cards type="Pocket" player="MadunnaLupa">DQ H6</cards>
<action no="3" player="KOPKHUNKRAP" type="0" sum="0"/>
<action no="4" player="MadunnaLupa" type="3" discard="1" dealt="1" sum="10"/>
<action no="5" player="milito2288" type="4" discard="1" dealt="1" sum="0"/>
</round>
<round no="2"><cards type="Flop">H8 C10 S9</cards>
<action no="6" player="MadunnaLupa" type="4" discard="1" dealt="1" sum="0"/>
<action no="7" player="milito2288" type="4" discard="1" dealt="1" sum="0"/>
</round>
<round no="3"><cards type="Turn">D4</cards>
<action no="8" player="MadunnaLupa" type="4" discard="1" dealt="1" sum="0"/>
<action no="9" player="milito2288" type="4" discard="1" dealt="1" sum="0"/>
</round>
<round no="4"><cards type="River">HA</cards>
<action no="10" player="MadunnaLupa" type="5" discard="1" dealt="1" sum="20"/>
<action no="11" player="milito2288" type="3" discard="1" dealt="1" sum="20"/>
</round>
</game>
<game gamecode="6505603898"><general><startdate>2025-10-15 10:24:42</startdate>
<round>1</round>
<failsafecounter/>
<players><player seat="10" name="KOPKHUNKRAP" chips="470" dealer="0" win="20" bet="20" muck="1" rebuy="0" addon="0" merge="0" rebuychips="0" reg_code="5066313263"/>
<player seat="3" name="MadunnaLupa" chips="490" dealer="1" win="0" bet="0" muck="1" rebuy="0" addon="0" merge="0" rebuychips="0" reg_code="5066312714"/>
<player seat="6" name="milito2288" chips="540" dealer="0" win="0" bet="10" muck="1" rebuy="0" addon="0" merge="0" rebuychips="0" reg_code="5066313002"/>
</players>
</general>
<round no="0"><action no="1" player="milito2288" type="1" discard="1" dealt="1" sum="10"/>
<action no="2" player="KOPKHUNKRAP" type="2" sum="20"/>
</round>
<round no="1"><cards type="Pocket" player="milito2288">X X</cards>
<cards type="Pocket" player="MadunnaLupa">X X</cards>
<cards type="Pocket" player="KOPKHUNKRAP">S10 C4</cards>
<action no="3" player="MadunnaLupa" type="0" discard="1" dealt="1" sum="0"/>
<action no="4" player="milito2288" type="0" discard="1" dealt="1" sum="0"/>
</round>
</game>
<game gamecode="6505603916"><general><startdate>2025-10-15 10:24:51</startdate>
<round>1</round>
<failsafecounter/>
<players><player seat="3" name="MadunnaLupa" chips="490" dealer="0" win="20" bet="20" muck="1" rebuy="0" addon="0" merge="0" rebuychips="0" reg_code="5066312714"/>
<player seat="6" name="milito2288" chips="530" dealer="1" win="0" bet="0" muck="1" rebuy="0" addon="0" merge="0" rebuychips="0" reg_code="5066313002"/>
<player seat="10" name="KOPKHUNKRAP" chips="480" dealer="0" win="0" bet="10" muck="1" rebuy="0" addon="0" merge="0" rebuychips="0" reg_code="5066313263"/>
</players>
</general>
<round no="0"><action no="1" player="KOPKHUNKRAP" type="1" sum="10"/>
<action no="2" player="MadunnaLupa" type="2" discard="1" dealt="1" sum="20"/>
</round>
<round no="1"><cards type="Pocket" player="KOPKHUNKRAP">H3 H9</cards>
<cards type="Pocket" player="MadunnaLupa">X X</cards>
<cards type="Pocket" player="milito2288">X X</cards>
<action no="3" player="milito2288" type="0" discard="1" dealt="1" sum="0"/>
<action no="4" player="KOPKHUNKRAP" type="0" sum="0"/>
</round>
</game>
<game gamecode="6505603931"><general><startdate>2025-10-15 10:24:59</startdate>
<round>1</round>
<failsafecounter/>
<players><player seat="6" name="milito2288" chips="530" dealer="0" win="75" bet="95" muck="1" rebuy="0" addon="0" merge="0" rebuychips="0" reg_code="5066313002"/>
<player seat="10" name="KOPKHUNKRAP" chips="470" dealer="1" win="0" bet="5" muck="1" rebuy="0" addon="0" merge="0" rebuychips="0" reg_code="5066313263"/>
<player seat="3" name="MadunnaLupa" chips="500" dealer="0" win="0" bet="35" muck="1" rebuy="0" addon="0" merge="0" rebuychips="0" reg_code="5066312714"/>
</players>
</general>
<round no="0"><action no="1" player="MadunnaLupa" type="15" discard="1" dealt="1" sum="5"/>
<action no="2" player="milito2288" type="15" discard="1" dealt="1" sum="5"/>
<action no="3" player="KOPKHUNKRAP" type="15" sum="5"/>
<action no="4" player="MadunnaLupa" type="1" discard="1" dealt="1" sum="15"/>
<action no="5" player="milito2288" type="2" discard="1" dealt="1" sum="30"/>
</round>
<round no="1"><cards type="Pocket" player="milito2288">X X</cards>
<cards type="Pocket" player="KOPKHUNKRAP">S6 D10</cards>
<cards type="Pocket" player="MadunnaLupa">X X</cards>
<action no="6" player="KOPKHUNKRAP" type="0" sum="0"/>
<action no="7" player="MadunnaLupa" type="3" discard="1" dealt="1" sum="15"/>
<action no="8" player="milito2288" type="23" discard="1" dealt="1" sum="90"/>
<action no="9" player="MadunnaLupa" type="0" discard="1" dealt="1" sum="0"/>
</round>
</game>
<game gamecode="6505603984"><general><startdate>2025-10-15 10:25:23</startdate>
<round>1</round>
<failsafecounter/>
<players><player seat="10" name="KOPKHUNKRAP" chips="465" dealer="0" win="935" bet="465" muck="0" rebuy="0" addon="0" merge="0" rebuychips="0" reg_code="5066313263"/>
<player seat="3" name="MadunnaLupa" chips="465" dealer="1" win="0" bet="5" muck="1" rebuy="0" addon="0" merge="0" rebuychips="0" reg_code="5066312714"/>
<player seat="6" name="milito2288" chips="570" dealer="0" win="0" bet="552" muck="1" rebuy="0" addon="0" merge="0" rebuychips="0" reg_code="5066313002"/>
</players>
</general>
<round no="0"><action no="1" player="milito2288" type="15" discard="1" dealt="1" sum="5"/>
<action no="2" player="KOPKHUNKRAP" type="15" sum="5"/>
<action no="3" player="MadunnaLupa" type="15" discard="1" dealt="1" sum="5"/>
<action no="4" player="milito2288" type="1" discard="1" dealt="1" sum="15"/>
<action no="5" player="KOPKHUNKRAP" type="2" sum="30"/>
</round>
<round no="1"><cards type="Pocket" player="milito2288">H9 S7</cards>
<cards type="Pocket" player="KOPKHUNKRAP">DQ C5</cards>
<cards type="Pocket" player="MadunnaLupa">X X</cards>
<action no="6" player="MadunnaLupa" type="0" discard="1" dealt="1" sum="0"/>
<action no="7" player="milito2288" type="3" discard="1" dealt="1" sum="15"/>
<action no="8" player="KOPKHUNKRAP" type="4" sum="0"/>
</round>
<round no="2"><cards type="Flop">C8 HQ S6</cards>
<action no="9" player="milito2288" type="5" discard="1" dealt="1" sum="37"/>
<action no="10" player="KOPKHUNKRAP" type="3" sum="37"/>
</round>
<round no="3"><cards type="Turn">SJ</cards>
<action no="11" player="milito2288" type="5" discard="1" dealt="1" sum="90"/>
<action no="12" player="KOPKHUNKRAP" type="3" sum="90"/>
</round>
<round no="4"><cards type="River">H4</cards>
<action no="13" player="milito2288" type="4" discard="1" dealt="1" sum="0"/>
<action no="14" player="KOPKHUNKRAP" type="5" sum="90"/>
<action no="15" player="milito2288" type="23" discard="1" dealt="1" sum="390"/>
<action no="16" player="KOPKHUNKRAP" type="7" sum="213"/>
</round>
</game>
<game gamecode="6505604090"><general><startdate>2025-10-15 10:26:12</startdate>
<round>1</round>
<failsafecounter/>
<players><player seat="3" name="MadunnaLupa" chips="460" dealer="0" win="45" bet="35" muck="1" rebuy="0" addon="0" merge="0" rebuychips="0" reg_code="5066312714"/>
<player seat="6" name="milito2288" chips="105" dealer="1" win="0" bet="5" muck="1" rebuy="0" addon="0" merge="0" rebuychips="0" reg_code="5066313002"/>
<player seat="10" name="KOPKHUNKRAP" chips="935" dealer="0" win="0" bet="20" muck="1" rebuy="0" addon="0" merge="0" rebuychips="0" reg_code="5066313263"/>
</players>
</general>
<round no="0"><action no="1" player="KOPKHUNKRAP" type="15" sum="5"/>
<action no="2" player="MadunnaLupa" type="15" discard="1" dealt="1" sum="5"/>
<action no="3" player="milito2288" type="15" discard="1" dealt="1" sum="5"/>
<action no="4" player="KOPKHUNKRAP" type="1" sum="15"/>
<action no="5" player="MadunnaLupa" type="2" discard="1" dealt="1" sum="30"/>
</round>
<round no="1"><cards type="Pocket" player="KOPKHUNKRAP">DJ S4</cards>
<cards type="Pocket" player="milito2288">X X</cards>
<cards type="Pocket" player="MadunnaLupa">X X</cards>
<action no="6" player="milito2288" type="0" discard="1" dealt="1" sum="0"/>
<action no="7" player="KOPKHUNKRAP" type="0" sum="0"/>
</round>
</game>
<game gamecode="6505604110"><general><startdate>2025-10-15 10:26:21</startdate>
<round>1</round>
<failsafecounter/>
<players><player seat="6" name="milito2288" chips="100" dealer="0" win="205" bet="100" muck="0" rebuy="0" addon="0" merge="0" rebuychips="0" reg_code="5066313002"/>
<player seat="10" name="KOPKHUNKRAP" chips="915" dealer="1" win="0" bet="5" muck="1" rebuy="0" addon="0" merge="0" rebuychips="0" reg_code="5066313263"/>
<player seat="3" name="MadunnaLupa" chips="485" dealer="0" win="0" bet="155" muck="0" rebuy="0" addon="0" merge="0" rebuychips="0" reg_code="5066312714"/>
</players>
</general>
<round no="0"><action no="1" player="MadunnaLupa" type="15" discard="1" dealt="1" sum="5"/>
<action no="2" player="milito2288" type="15" discard="1" dealt="1" sum="5"/>
<action no="3" player="KOPKHUNKRAP" type="15" sum="5"/>
<action no="4" player="MadunnaLupa" type="1" discard="1" dealt="1" sum="15"/>
<action no="5" player="milito2288" type="2" discard="1" dealt="1" sum="30"/>
</round>
<round no="1"><cards type="Pocket" player="MadunnaLupa">DA D9</cards>
<cards type="Pocket" player="KOPKHUNKRAP">C10 H5</cards>
<cards type="Pocket" player="milito2288">D4 H4</cards>
<action no="6" player="KOPKHUNKRAP" type="0" sum="0"/>
<action no="7" player="MadunnaLupa" type="23" discard="1" dealt="1" sum="150"/>
<action no="8" player="milito2288" type="7" discard="1" dealt="1" sum="65"/>
</round>
<round no="2"><cards type="Flop">H2 H3 H8</cards>
</round>
<round no="3"><cards type="Turn">C4</cards>
</round>
<round no="4"><cards type="River">HJ</cards>
</round>
</game>
<game gamecode="6505604155"><general><startdate>2025-10-15 10:26:44</startdate>
<round>1</round>
<failsafecounter/>
<players><player seat="10" name="KOPKHUNKRAP" chips="910" dealer="0" win="0" bet="45" muck="1" rebuy="0" addon="0" merge="0" rebuychips="0" reg_code="5066313263"/>
<player seat="3" name="MadunnaLupa" chips="385" dealer="1" win="0" bet="5" muck="1" rebuy="0" addon="0" merge="0" rebuychips="0" reg_code="5066312714"/>
<player seat="6" name="milito2288" chips="205" dealer="0" win="95" bet="205" muck="1" rebuy="0" addon="0" merge="0" rebuychips="0" reg_code="5066313002"/>
</players>
</general>
<round no="0"><action no="1" player="milito2288" type="15" discard="1" dealt="1" sum="5"/>
<action no="2" player="KOPKHUNKRAP" type="15" sum="5"/>
<action no="3" player="MadunnaLupa" type="15" discard="1" dealt="1" sum="5"/>
<action no="4" player="milito2288" type="1" discard="1" dealt="1" sum="20"/>
<action no="5" player="KOPKHUNKRAP" type="2" sum="40"/>
</round>
<round no="1"><cards type="Pocket" player="KOPKHUNKRAP">C3 H4</cards>
<cards type="Pocket" player="MadunnaLupa">X X</cards>
<cards type="Pocket" player="milito2288">X X</cards>
<action no="6" player="MadunnaLupa" type="0" discard="1" dealt="1" sum="0"/>
<action no="7" player="milito2288" type="23" discard="1" dealt="1" sum="200"/>
<action no="8" player="KOPKHUNKRAP" type="0" sum="0"/>
</round>
</game>
<game gamecode="6505604187"><general><startdate>2025-10-15 10:26:58</startdate>
<round>1</round>
<failsafecounter/>
<players><player seat="3" name="MadunnaLupa" chips="380" dealer="0" win="55" bet="45" muck="1" rebuy="0" addon="0" merge="0" rebuychips="0" reg_code="5066312714"/>
<player seat="6" name="milito2288" chips="255" dealer="1" win="0" bet="5" muck="1" rebuy="0" addon="0" merge="0" rebuychips="0" reg_code="5066313002"/>
<player seat="10" name="KOPKHUNKRAP" chips="865" dealer="0" win="0" bet="25" muck="1" rebuy="0" addon="0" merge="0" rebuychips="0" reg_code="5066313263"/>
</players>
</general>
<round no="0"><action no="1" player="KOPKHUNKRAP" type="15" sum="5"/>
<action no="2" player="MadunnaLupa" type="15" discard="1" dealt="1" sum="5"/>
<action no="3" player="milito2288" type="15" discard="1" dealt="1" sum="5"/>
<action no="4" player="KOPKHUNKRAP" type="1" sum="20"/>
<action no="5" player="MadunnaLupa" type="2" discard="1" dealt="1" sum="40"/>
</round>
<round no="1"><cards type="Pocket" player="milito2288">X X</cards>
<cards type="Pocket" player="KOPKHUNKRAP">H4 D6</cards>
<cards type="Pocket" player="MadunnaLupa">X X</cards>
<action no="6" player="milito2288" type="0" discard="1" dealt="1" sum="0"/>
<action no="7" player="KOPKHUNKRAP" type="0" sum="0"/>
</round>
</game>
<game gamecode="6505604205"><general><startdate>2025-10-15 10:27:05</startdate>
<round>1</round>
<failsafecounter/>
<players><player seat="6" name="milito2288" chips="250" dealer="0" win="95" bet="250" muck="1" rebuy="0" addon="0" merge="0" rebuychips="0" reg_code="5066313002"/>
<player seat="10" name="KOPKHUNKRAP" chips="840" dealer="1" win="0" bet="5" muck="1" rebuy="0" addon="0" merge="0" rebuychips="0" reg_code="5066313263"/>
<player seat="3" name="MadunnaLupa" chips="410" dealer="0" win="0" bet="45" muck="1" rebuy="0" addon="0" merge="0" rebuychips="0" reg_code="5066312714"/>
</players>
</general>
<round no="0"><action no="1" player="MadunnaLupa" type="15" discard="1" dealt="1" sum="5"/>
<action no="2" player="milito2288" type="15" discard="1" dealt="1" sum="5"/>
<action no="3" player="KOPKHUNKRAP" type="15" sum="5"/>
<action no="4" player="MadunnaLupa" type="1" discard="1" dealt="1" sum="20"/>
<action no="5" player="milito2288" type="2" discard="1" dealt="1" sum="40"/>
</round>
<round no="1"><cards type="Pocket" player="KOPKHUNKRAP">HJ H3</cards>
<cards type="Pocket" player="milito2288">X X</cards>
<cards type="Pocket" player="MadunnaLupa">X X</cards>
<action no="6" player="KOPKHUNKRAP" type="0" sum="0"/>
<action no="7" player="MadunnaLupa" type="3" discard="1" dealt="1" sum="20"/>
<action no="8" player="milito2288" type="23" discard="1" dealt="1" sum="245"/>
<action no="9" player="MadunnaLupa" type="0" discard="1" dealt="1" sum="0"/>
</round>
</game>
<game gamecode="6505604248"><general><startdate>2025-10-15 10:27:26</startdate>
<round>1</round>
<failsafecounter/>
<players><player seat="10" name="KOPKHUNKRAP" chips="835" dealer="0" win="0" bet="45" muck="1" rebuy="0" addon="0" merge="0" rebuychips="0" reg_code="5066313263"/>
<player seat="3" name="MadunnaLupa" chips="365" dealer="1" win="0" bet="365" muck="0" rebuy="0" addon="0" merge="0" rebuychips="0" reg_code="5066312714"/>
<player seat="6" name="milito2288" chips="300" dealer="0" win="645" bet="300" muck="0" rebuy="0" addon="0" merge="0" rebuychips="0" reg_code="5066313002"/>
</players>
</general>
<round no="0"><action no="1" player="milito2288" type="15" discard="1" dealt="1" sum="5"/>
<action no="2" player="KOPKHUNKRAP" type="15" sum="5"/>
<action no="3" player="MadunnaLupa" type="15" discard="1" dealt="1" sum="5"/>
<action no="4" player="milito2288" type="1" discard="1" dealt="1" sum="20"/>
<action no="5" player="KOPKHUNKRAP" type="2" sum="40"/>
</round>
<round no="1"><cards type="Pocket" player="milito2288">SQ DA</cards>
<cards type="Pocket" player="KOPKHUNKRAP">D6 H8</cards>
<cards type="Pocket" player="MadunnaLupa">S10 SJ</cards>
<action no="6" player="MadunnaLupa" type="23" discard="1" dealt="1" sum="360"/>
<action no="7" player="milito2288" type="7" discard="1" dealt="1" sum="275"/>
<action no="8" player="KOPKHUNKRAP" type="0" sum="0"/>
</round>
<round no="2"><cards type="Flop">DQ C6 SK</cards>
</round>
<round no="3"><cards type="Turn">H6</cards>
</round>
<round no="4"><cards type="River">H4</cards>
</round>
</game>
<game gamecode="6505604279"><general><startdate>2025-10-15 10:27:44</startdate>
<round>1</round>
<failsafecounter/>
<players><player seat="3" name="MadunnaLupa" chips="65" dealer="0" win="0" bet="65" muck="0" rebuy="0" addon="0" merge="0" rebuychips="0" reg_code="5066312714"/>
<player seat="6" name="milito2288" chips="645" dealer="1" win="155" bet="125" muck="0" rebuy="0" addon="0" merge="0" rebuychips="0" reg_code="5066313002"/>
<player seat="10" name="KOPKHUNKRAP" chips="790" dealer="0" win="0" bet="25" muck="1" rebuy="0" addon="0" merge="0" rebuychips="0" reg_code="5066313263"/>
</players>
</general>
<round no="0"><action no="1" player="KOPKHUNKRAP" type="15" sum="5"/>
<action no="2" player="MadunnaLupa" type="15" discard="1" dealt="1" sum="5"/>
<action no="3" player="milito2288" type="15" discard="1" dealt="1" sum="5"/>
<action no="4" player="KOPKHUNKRAP" type="1" sum="20"/>
<action no="5" player="MadunnaLupa" type="2" discard="1" dealt="1" sum="40"/>
</round>
<round no="1"><cards type="Pocket" player="MadunnaLupa">CJ C10</cards>
<cards type="Pocket" player="milito2288">S2 C2</cards>
<cards type="Pocket" player="KOPKHUNKRAP">H3 H2</cards>
<action no="6" player="milito2288" type="23" discard="1" dealt="1" sum="120"/>
<action no="7" player="KOPKHUNKRAP" type="0" sum="0"/>
<action no="8" player="MadunnaLupa" type="7" discard="1" dealt="1" sum="20"/>
</round>
<round no="2"><cards type="Flop">D7 DQ D5</cards>
</round>
<round no="3"><cards type="Turn">H6</cards>
</round>
<round no="4"><cards type="River">S7</cards>
</round>
</game>
<game gamecode="6505604313"><general><startdate>2025-10-15 10:28:05</startdate>
<round>1</round>
<failsafecounter/>
<players><player seat="6" name="milito2288" chips="735" dealer="0" win="50" bet="45" muck="1" rebuy="0" addon="0" merge="0" rebuychips="0" reg_code="5066313002"/>
<player seat="10" name="KOPKHUNKRAP" chips="765" dealer="1" win="0" bet="25" muck="1" rebuy="0" addon="0" merge="0" rebuychips="0" reg_code="5066313263"/>
</players>
</general>
<round no="0"><action no="1" player="KOPKHUNKRAP" type="15" sum="5"/>
<action no="2" player="milito2288" type="15" discard="1" dealt="1" sum="5"/>
<action no="3" player="KOPKHUNKRAP" type="1" sum="20"/>
<action no="4" player="milito2288" type="2" discard="1" dealt="1" sum="40"/>
</round>
<round no="1"><cards type="Pocket" player="KOPKHUNKRAP">H3 D2</cards>
<cards type="Pocket" player="milito2288">X X</cards>
<action no="5" player="KOPKHUNKRAP" type="0" sum="0"/>
</round>
</game>
<game gamecode="6505604324"><general><startdate>2025-10-15 10:28:10</startdate>
<round>1</round>
<failsafecounter/>
<players><player seat="10" name="KOPKHUNKRAP" chips="740" dealer="0" win="50" bet="45" muck="1" rebuy="0" addon="0" merge="0" rebuychips="0" reg_code="5066313263"/>
<player seat="6" name="milito2288" chips="760" dealer="1" win="0" bet="25" muck="1" rebuy="0" addon="0" merge="0" rebuychips="0" reg_code="5066313002"/>
</players>
</general>
<round no="0"><action no="1" player="milito2288" type="15" discard="1" dealt="1" sum="5"/>
<action no="2" player="KOPKHUNKRAP" type="15" sum="5"/>
<action no="3" player="milito2288" type="1" discard="1" dealt="1" sum="20"/>
<action no="4" player="KOPKHUNKRAP" type="2" sum="40"/>
</round>
<round no="1"><cards type="Pocket" player="KOPKHUNKRAP">H2 D7</cards>
<cards type="Pocket" player="milito2288">X X</cards>
<action no="5" player="milito2288" type="0" discard="1" dealt="1" sum="0"/>
</round>
</game>
<game gamecode="6505604335"><general><startdate>2025-10-15 10:28:15</startdate>
<round>1</round>
<failsafecounter/>
<players><player seat="6" name="milito2288" chips="735" dealer="0" win="0" bet="65" muck="1" rebuy="0" addon="0" merge="0" rebuychips="0" reg_code="5066313002"/>
<player seat="10" name="KOPKHUNKRAP" chips="765" dealer="1" win="130" bet="765" muck="1" rebuy="0" addon="0" merge="0" rebuychips="0" reg_code="5066313263"/>
</players>
</general>
<round no="0"><action no="1" player="KOPKHUNKRAP" type="15" sum="5"/>
<action no="2" player="milito2288" type="15" discard="1" dealt="1" sum="5"/>
<action no="3" player="KOPKHUNKRAP" type="1" sum="30"/>
<action no="4" player="milito2288" type="2" discard="1" dealt="1" sum="60"/>
</round>
<round no="1"><cards type="Pocket" player="milito2288">X X</cards>
<cards type="Pocket" player="KOPKHUNKRAP">CA S4</cards>
<action no="5" player="KOPKHUNKRAP" type="23" sum="760"/>
<action no="6" player="milito2288" type="0" discard="1" dealt="1" sum="0"/>
</round>
</game>
<game gamecode="6505604351"><general><startdate>2025-10-15 10:28:25</startdate>
<round>1</round>
<failsafecounter/>
<players><player seat="10" name="KOPKHUNKRAP" chips="830" dealer="0" win="130" bet="830" muck="1" rebuy="0" addon="0" merge="0" rebuychips="0" reg_code="5066313263"/>
<player seat="6" name="milito2288" chips="670" dealer="1" win="0" bet="65" muck="1" rebuy="0" addon="0" merge="0" rebuychips="0" reg_code="5066313002"/>
</players>
</general>
<round no="0"><action no="1" player="milito2288" type="15" discard="1" dealt="1" sum="5"/>
<action no="2" player="KOPKHUNKRAP" type="15" sum="5"/>
<action no="3" player="milito2288" type="1" discard="1" dealt="1" sum="30"/>
<action no="4" player="KOPKHUNKRAP" type="2" sum="60"/>
</round>
<round no="1"><cards type="Pocket" player="KOPKHUNKRAP">SK DA</cards>
<cards type="Pocket" player="milito2288">X X</cards>
<action no="5" player="milito2288" type="3" discard="1" dealt="1" sum="30"/>
<action no="6" player="KOPKHUNKRAP" type="23" sum="825"/>
<action no="7" player="milito2288" type="0" discard="1" dealt="1" sum="0"/>
</round>
</game>
<game gamecode="6505604364"><general><startdate>2025-10-15 10:28:33</startdate>
<round>1</round>
<failsafecounter/>
<players><player seat="6" name="milito2288" chips="605" dealer="0" win="65" bet="65" muck="0" rebuy="0" addon="0" merge="0" rebuychips="0" reg_code="5066313002"/>
<player seat="10" name="KOPKHUNKRAP" chips="895" dealer="1" win="65" bet="65" muck="0" rebuy="0" addon="0" merge="0" rebuychips="0" reg_code="5066313263"/>
</players>
</general>
<round no="0"><action no="1" player="KOPKHUNKRAP" type="15" sum="5"/>
<action no="2" player="milito2288" type="15" discard="1" dealt="1" sum="5"/>
<action no="3" player="KOPKHUNKRAP" type="1" sum="30"/>
<action no="4" player="milito2288" type="2" discard="1" dealt="1" sum="60"/>
</round>
<round no="1"><cards type="Pocket" player="milito2288">S5 SK</cards>
<cards type="Pocket" player="KOPKHUNKRAP">DK H4</cards>
<action no="5" player="KOPKHUNKRAP" type="3" sum="30"/>
<action no="6" player="milito2288" type="4" discard="1" dealt="1" sum="0"/>
</round>
<round no="2"><cards type="Flop">H3 HA C6</cards>
<action no="7" player="milito2288" type="4" discard="1" dealt="1" sum="0"/>
<action no="8" player="KOPKHUNKRAP" type="4" sum="0"/>
</round>
<round no="3"><cards type="Turn">D3</cards>
<action no="9" player="milito2288" type="4" discard="1" dealt="1" sum="0"/>
<action no="10" player="KOPKHUNKRAP" type="4" sum="0"/>
</round>
<round no="4"><cards type="River">DQ</cards>
<action no="11" player="milito2288" type="4" discard="1" dealt="1" sum="0"/>
<action no="12" player="KOPKHUNKRAP" type="4" sum="0"/>
</round>
</game>
<game gamecode="6505604390"><general><startdate>2025-10-15 10:28:52</startdate>
<round>1</round>
<failsafecounter/>
<players><player seat="10" name="KOPKHUNKRAP" chips="895" dealer="0" win="0" bet="65" muck="1" rebuy="0" addon="0" merge="0" rebuychips="0" reg_code="5066313263"/>
<player seat="6" name="milito2288" chips="605" dealer="1" win="130" bet="130" muck="1" rebuy="0" addon="0" merge="0" rebuychips="0" reg_code="5066313002"/>
</players>
</general>
<round no="0"><action no="1" player="milito2288" type="15" discard="1" dealt="1" sum="5"/>
<action no="2" player="KOPKHUNKRAP" type="15" sum="5"/>
<action no="3" player="milito2288" type="1" discard="1" dealt="1" sum="30"/>
<action no="4" player="KOPKHUNKRAP" type="2" sum="60"/>
</round>
<round no="1"><cards type="Pocket" player="KOPKHUNKRAP">D4 C6</cards>
<cards type="Pocket" player="milito2288">X X</cards>
<action no="5" player="milito2288" type="3" discard="1" dealt="1" sum="30"/>
<action no="6" player="KOPKHUNKRAP" type="4" sum="0"/>
</round>
<round no="2"><cards type="Flop">S7 CJ H2</cards>
<action no="7" player="KOPKHUNKRAP" type="4" sum="0"/>
<action no="8" player="milito2288" type="4" discard="1" dealt="1" sum="0"/>
</round>
<round no="3"><cards type="Turn">C10</cards>
<action no="9" player="KOPKHUNKRAP" type="4" sum="0"/>
<action no="10" player="milito2288" type="5" discard="1" dealt="1" sum="65"/>
<action no="11" player="KOPKHUNKRAP" type="0" sum="0"/>
</round>
</game>
<game gamecode="6505604413"><general><startdate>2025-10-15 10:29:09</startdate>
<round>1</round>
<failsafecounter/>
<players><player seat="6" name="milito2288" chips="670" dealer="0" win="130" bet="185" muck="1" rebuy="0" addon="0" merge="0" rebuychips="0" reg_code="5066313002"/>
<player seat="10" name="KOPKHUNKRAP" chips="830" dealer="1" win="0" bet="65" muck="1" rebuy="0" addon="0" merge="0" rebuychips="0" reg_code="5066313263"/>
</players>
</general>
<round no="0"><action no="1" player="KOPKHUNKRAP" type="15" sum="5"/>
<action no="2" player="milito2288" type="15" discard="1" dealt="1" sum="5"/>
<action no="3" player="KOPKHUNKRAP" type="1" sum="30"/>
<action no="4" player="milito2288" type="2" discard="1" dealt="1" sum="60"/>
</round>
<round no="1"><cards type="Pocket" player="milito2288">X X</cards>
<cards type="Pocket" player="KOPKHUNKRAP">D3 D8</cards>
<action no="5" player="KOPKHUNKRAP" type="3" sum="30"/>
<action no="6" player="milito2288" type="23" discard="1" dealt="1" sum="180"/>
<action no="7" player="KOPKHUNKRAP" type="0" sum="0"/>
</round>
</game>
<game gamecode="6505604428"><general><startdate>2025-10-15 10:29:17</startdate>
<round>1</round>
<failsafecounter/>
<players><player seat="10" name="KOPKHUNKRAP" chips="765" dealer="0" win="130" bet="155" muck="1" rebuy="0" addon="0" merge="0" rebuychips="0" reg_code="5066313263"/>
<player seat="6" name="milito2288" chips="735" dealer="1" win="0" bet="65" muck="1" rebuy="0" addon="0" merge="0" rebuychips="0" reg_code="5066313002"/>
</players>
</general>
<round no="0"><action no="1" player="milito2288" type="15" discard="1" dealt="1" sum="5"/>
<action no="2" player="KOPKHUNKRAP" type="15" sum="5"/>
<action no="3" player="milito2288" type="1" discard="1" dealt="1" sum="30"/>
<action no="4" player="KOPKHUNKRAP" type="2" sum="60"/>
</round>
<round no="1"><cards type="Pocket" player="KOPKHUNKRAP">S10 SK</cards>
<cards type="Pocket" player="milito2288">X X</cards>
<action no="5" player="milito2288" type="3" discard="1" dealt="1" sum="30"/>
<action no="6" player="KOPKHUNKRAP" type="23" sum="150"/>
<action no="7" player="milito2288" type="0" discard="1" dealt="1" sum="0"/>
</round>
</game>
<game gamecode="6505604440"><general><startdate>2025-10-15 10:29:26</startdate>
<round>1</round>
<failsafecounter/>
<players><player seat="6" name="milito2288" chips="670" dealer="0" win="70" bet="65" muck="1" rebuy="0" addon="0" merge="0" rebuychips="0" reg_code="5066313002"/>
<player seat="10" name="KOPKHUNKRAP" chips="830" dealer="1" win="0" bet="35" muck="1" rebuy="0" addon="0" merge="0" rebuychips="0" reg_code="5066313263"/>
</players>
</general>
<round no="0"><action no="1" player="KOPKHUNKRAP" type="15" sum="5"/>
<action no="2" player="milito2288" type="15" discard="1" dealt="1" sum="5"/>
<action no="3" player="KOPKHUNKRAP" type="1" sum="30"/>
<action no="4" player="milito2288" type="2" discard="1" dealt="1" sum="60"/>
</round>
<round no="1"><cards type="Pocket" player="milito2288">X X</cards>
<cards type="Pocket" player="KOPKHUNKRAP">D3 C4</cards>
<action no="5" player="KOPKHUNKRAP" type="0" sum="0"/>
</round>
</game>
<game gamecode="6505604449"><general><startdate>2025-10-15 10:29:32</startdate>
<round>1</round>
<failsafecounter/>
<players><player seat="10" name="KOPKHUNKRAP" chips="795" dealer="0" win="0" bet="65" muck="1" rebuy="0" addon="0" merge="0" rebuychips="0" reg_code="5066313263"/>
<player seat="6" name="milito2288" chips="705" dealer="1" win="130" bet="705" muck="1" rebuy="0" addon="0" merge="0" rebuychips="0" reg_code="5066313002"/>
</players>
</general>
<round no="0"><action no="1" player="milito2288" type="15" discard="1" dealt="1" sum="5"/>
<action no="2" player="KOPKHUNKRAP" type="15" sum="5"/>
<action no="3" player="milito2288" type="1" discard="1" dealt="1" sum="30"/>
<action no="4" player="KOPKHUNKRAP" type="2" sum="60"/>
</round>
<round no="1"><cards type="Pocket" player="KOPKHUNKRAP">H7 H8</cards>
<cards type="Pocket" player="milito2288">X X</cards>
<action no="5" player="milito2288" type="23" discard="1" dealt="1" sum="700"/>
<action no="6" player="KOPKHUNKRAP" type="0" sum="0"/>
</round>
</game>
<game gamecode="6505604460"><general><startdate>2025-10-15 10:29:39</startdate>
<round>1</round>
<failsafecounter/>
<players><player seat="6" name="milito2288" chips="770" dealer="0" win="0" bet="65" muck="1" rebuy="0" addon="0" merge="0" rebuychips="0" reg_code="5066313002"/>
<player seat="10" name="KOPKHUNKRAP" chips="730" dealer="1" win="130" bet="730" muck="1" rebuy="0" addon="0" merge="0" rebuychips="0" reg_code="5066313263"/>
</players>
</general>
<round no="0"><action no="1" player="KOPKHUNKRAP" type="15" sum="5"/>
<action no="2" player="milito2288" type="15" discard="1" dealt="1" sum="5"/>
<action no="3" player="KOPKHUNKRAP" type="1" sum="30"/>
<action no="4" player="milito2288" type="2" discard="1" dealt="1" sum="60"/>
</round>
<round no="1"><cards type="Pocket" player="KOPKHUNKRAP">C2 DA</cards>
<cards type="Pocket" player="milito2288">X X</cards>
<action no="5" player="KOPKHUNKRAP" type="23" sum="725"/>
<action no="6" player="milito2288" type="0" discard="1" dealt="1" sum="0"/>
</round>
</game>
<game gamecode="6505604471"><general><startdate>2025-10-15 10:29:47</startdate>
<round>1</round>
<failsafecounter/>
<players><player seat="10" name="KOPKHUNKRAP" chips="795" dealer="0" win="0" bet="65" muck="1" rebuy="0" addon="0" merge="0" rebuychips="0" reg_code="5066313263"/>
<player seat="6" name="milito2288" chips="705" dealer="1" win="130" bet="705" muck="1" rebuy="0" addon="0" merge="0" rebuychips="0" reg_code="5066313002"/>
</players>
</general>
<round no="0"><action no="1" player="milito2288" type="15" discard="1" dealt="1" sum="5"/>
<action no="2" player="KOPKHUNKRAP" type="15" sum="5"/>
<action no="3" player="milito2288" type="1" discard="1" dealt="1" sum="30"/>
<action no="4" player="KOPKHUNKRAP" type="2" sum="60"/>
</round>
<round no="1"><cards type="Pocket" player="milito2288">X X</cards>
<cards type="Pocket" player="KOPKHUNKRAP">D10 SQ</cards>
<action no="5" player="milito2288" type="23" discard="1" dealt="1" sum="700"/>
<action no="6" player="KOPKHUNKRAP" type="0" sum="0"/>
</round>
</game>
<game gamecode="6505604478"><general><startdate>2025-10-15 10:29:53</startdate>
<round>1</round>
<failsafecounter/>
<players><player seat="6" name="milito2288" chips="770" dealer="0" win="0" bet="88" muck="1" rebuy="0" addon="0" merge="0" rebuychips="0" reg_code="5066313002"/>
<player seat="10" name="KOPKHUNKRAP" chips="730" dealer="1" win="176" bet="730" muck="1" rebuy="0" addon="0" merge="0" rebuychips="0" reg_code="5066313263"/>
</players>
</general>
<round no="0"><action no="1" player="KOPKHUNKRAP" type="15" sum="8"/>
<action no="2" player="milito2288" type="15" discard="1" dealt="1" sum="8"/>
<action no="3" player="KOPKHUNKRAP" type="1" sum="40"/>
<action no="4" player="milito2288" type="2" discard="1" dealt="1" sum="80"/>
</round>
<round no="1"><cards type="Pocket" player="milito2288">X X</cards>
<cards type="Pocket" player="KOPKHUNKRAP">CQ D9</cards>
<action no="5" player="KOPKHUNKRAP" type="23" sum="722"/>
<action no="6" player="milito2288" type="0" discard="1" dealt="1" sum="0"/>
</round>
</game>
<game gamecode="6505604485"><general><startdate>2025-10-15 10:30:01</startdate>
<round>1</round>
<failsafecounter/>
<players><player seat="10" name="KOPKHUNKRAP" chips="818" dealer="0" win="176" bet="818" muck="1" rebuy="0" addon="0" merge="0" rebuychips="0" reg_code="5066313263"/>
<player seat="6" name="milito2288" chips="682" dealer="1" win="0" bet="88" muck="1" rebuy="0" addon="0" merge="0" rebuychips="0" reg_code="5066313002"/>
</players>
</general>
<round no="0"><action no="1" player="milito2288" type="15" discard="1" dealt="1" sum="8"/>
<action no="2" player="KOPKHUNKRAP" type="15" sum="8"/>
<action no="3" player="milito2288" type="1" discard="1" dealt="1" sum="40"/>
<action no="4" player="KOPKHUNKRAP" type="2" sum="80"/>
</round>
<round no="1"><cards type="Pocket" player="milito2288">X X</cards>
<cards type="Pocket" player="KOPKHUNKRAP">CK H10</cards>
<action no="5" player="milito2288" type="3" discard="1" dealt="1" sum="40"/>
<action no="6" player="KOPKHUNKRAP" type="23" sum="810"/>
<action no="7" player="milito2288" type="0" discard="1" dealt="1" sum="0"/>
</round>
</game>
<game gamecode="6505604500"><general><startdate>2025-10-15 10:30:08</startdate>
<round>1</round>
<failsafecounter/>
<players><player seat="6" name="milito2288" chips="594" dealer="0" win="96" bet="88" muck="1" rebuy="0" addon="0" merge="0" rebuychips="0" reg_code="5066313002"/>
<player seat="10" name="KOPKHUNKRAP" chips="906" dealer="1" win="0" bet="48" muck="1" rebuy="0" addon="0" merge="0" rebuychips="0" reg_code="5066313263"/>
</players>
</general>
<round no="0"><action no="1" player="KOPKHUNKRAP" type="15" sum="8"/>
<action no="2" player="milito2288" type="15" discard="1" dealt="1" sum="8"/>
<action no="3" player="KOPKHUNKRAP" type="1" sum="40"/>
<action no="4" player="milito2288" type="2" discard="1" dealt="1" sum="80"/>
</round>
<round no="1"><cards type="Pocket" player="KOPKHUNKRAP">S10 D2</cards>
<cards type="Pocket" player="milito2288">X X</cards>
<action no="5" player="KOPKHUNKRAP" type="0" sum="0"/>
</round>
</game>
<game gamecode="6505604508"><general><startdate>2025-10-15 10:30:14</startdate>
<round>1</round>
<failsafecounter/>
<players><player seat="10" name="KOPKHUNKRAP" chips="858" dealer="0" win="0" bet="88" muck="1" rebuy="0" addon="0" merge="0" rebuychips="0" reg_code="5066313263"/>
<player seat="6" name="milito2288" chips="642" dealer="1" win="176" bet="211" muck="1" rebuy="0" addon="0" merge="0" rebuychips="0" reg_code="5066313002"/>
</players>
</general>
<round no="0"><action no="1" player="milito2288" type="15" discard="1" dealt="1" sum="8"/>
<action no="2" player="KOPKHUNKRAP" type="15" sum="8"/>
<action no="3" player="milito2288" type="1" discard="1" dealt="1" sum="40"/>
<action no="4" player="KOPKHUNKRAP" type="2" sum="80"/>
</round>
<round no="1"><cards type="Pocket" player="KOPKHUNKRAP">C2 H4</cards>
<cards type="Pocket" player="milito2288">X X</cards>
<action no="5" player="milito2288" type="3" discard="1" dealt="1" sum="40"/>
<action no="6" player="KOPKHUNKRAP" type="4" sum="0"/>
</round>
<round no="2"><cards type="Flop">S9 H3 H7</cards>
<action no="7" player="KOPKHUNKRAP" type="4" sum="0"/>
<action no="8" player="milito2288" type="4" discard="1" dealt="1" sum="0"/>
</round>
<round no="3"><cards type="Turn">DQ</cards>
<action no="9" player="KOPKHUNKRAP" type="4" sum="0"/>
<action no="10" player="milito2288" type="5" discard="1" dealt="1" sum="123"/>
<action no="11" player="KOPKHUNKRAP" type="0" sum="0"/>
</round>
</game>
<game gamecode="6505604530"><general><startdate>2025-10-15 10:30:29</startdate>
<round>1</round>
<failsafecounter/>
<players><player seat="6" name="milito2288" chips="730" dealer="0" win="0" bet="88" muck="1" rebuy="0" addon="0" merge="0" rebuychips="0" reg_code="5066313002"/>
<player seat="10" name="KOPKHUNKRAP" chips="770" dealer="1" win="176" bet="770" muck="1" rebuy="0" addon="0" merge="0" rebuychips="0" reg_code="5066313263"/>
</players>
</general>
<round no="0"><action no="1" player="KOPKHUNKRAP" type="15" sum="8"/>
<action no="2" player="milito2288" type="15" discard="1" dealt="1" sum="8"/>
<action no="3" player="KOPKHUNKRAP" type="1" sum="40"/>
<action no="4" player="milito2288" type="2" discard="1" dealt="1" sum="80"/>
</round>
<round no="1"><cards type="Pocket" player="milito2288">X X</cards>
<cards type="Pocket" player="KOPKHUNKRAP">HK D6</cards>
<action no="5" player="KOPKHUNKRAP" type="23" sum="762"/>
<action no="6" player="milito2288" type="0" discard="1" dealt="1" sum="0"/>
</round>
</game>
<game gamecode="6505604537"><general><startdate>2025-10-15 10:30:36</startdate>
<round>1</round>
<failsafecounter/>
<players><player seat="10" name="KOPKHUNKRAP" chips="858" dealer="0" win="1,284" bet="642" muck="0" rebuy="0" addon="0" merge="0" rebuychips="0" reg_code="5066313263"/>
<player seat="6" name="milito2288" chips="642" dealer="1" win="0" bet="642" muck="0" rebuy="0" addon="0" merge="0" rebuychips="0" reg_code="5066313002"/>
</players>
</general>
<round no="0"><action no="1" player="milito2288" type="15" discard="1" dealt="1" sum="8"/>
<action no="2" player="KOPKHUNKRAP" type="15" sum="8"/>
<action no="3" player="milito2288" type="1" discard="1" dealt="1" sum="40"/>
<action no="4" player="KOPKHUNKRAP" type="2" sum="80"/>
</round>
<round no="1"><cards type="Pocket" player="KOPKHUNKRAP">DK D5</cards>
<cards type="Pocket" player="milito2288">DJ HQ</cards>
<action no="5" player="milito2288" type="23" discard="1" dealt="1" sum="634"/>
<action no="6" player="KOPKHUNKRAP" type="3" sum="554"/>
</round>
<round no="2"><cards type="Flop">C9 H6 H10</cards>
</round>
<round no="3"><cards type="Turn">D9</cards>
</round>
<round no="4"><cards type="River">S6</cards>
</round>
</game>
</session>
