<?xml version="1.0" encoding="UTF-8"?>
<session sessioncode="5066270799">
<general>
<client_version>25.1.1.16</client_version>
<mode>real</mode>
<gametype>Holdem NL</gametype>
<tablename>Twister €200 SNG, 819736296</tablename>
<tournamentcode>819736295</tournamentcode>
<tournamentname>Twister €200 SNG</tournamentname>
<buyin>€0 + €12 + €188</buyin>
<totalbuyin>€200</totalbuyin>
<rewarddrawn>€600</rewarddrawn>
<tournamentcurrency>EUR</tournamentcurrency>
<currency>EUR</currency>
<nickname>KOPKHUNKRAP</nickname>
<gamecount>32</gamecount>
<startdate>2025-10-15 00:48:47</startdate>
<place>2</place>
<win>€0</win>
<tablesize>3</tablesize>
</general>
<game gamecode="6505430179"><general><startdate>2025-10-15 00:49:02</startdate>
<round>1</round>
<failsafecounter/>
<players><player seat="3" name="SuBandiduu" chips="500" dealer="0" win="100" bet="50" muck="0" rebuy="0" addon="0" merge="0" rebuychips="0" reg_code="5066269509"/>
<player seat="6" name="KOPKHUNKRAP" chips="500" dealer="1" win="0" bet="0" muck="1" rebuy="0" addon="0" merge="0" rebuychips="0" reg_code="5066270799"/>
<player seat="10" name="ASmatici" chips="500" dealer="0" win="0" bet="50" muck="1" rebuy="0" addon="0" merge="0" rebuychips="0" reg_code="5066271466"/>
</players>
</general>
<round no="0"><action no="1" player="ASmatici" type="1" discard="1" dealt="1" sum="10"/>
<action no="2" player="SuBandiduu" type="2" discard="1" dealt="1" sum="20"/>
</round>
<round no="1"><cards type="Pocket" player="ASmatici">D9 S8</cards>
<cards type="Pocket" player="KOPKHUNKRAP">D8 H2</cards>
<cards type="Pocket" player="SuBandiduu">DQ H9</cards>
<action no="3" player="KOPKHUNKRAP" type="0" sum="0"/>
<action no="4" player="ASmatici" type="3" discard="1" dealt="1" sum="10"/>
<action no="5" player="SuBandiduu" type="4" discard="1" dealt="1" sum="0"/>
</round>
<round no="2"><cards type="Flop">H4 CA C6</cards>
<action no="6" player="ASmatici" type="4" discard="1" dealt="1" sum="0"/>
<action no="7" player="SuBandiduu" type="4" discard="1" dealt="1" sum="0"/>
</round>
<round no="3"><cards type="Turn">C9</cards>
<action no="8" player="ASmatici" type="4" discard="1" dealt="1" sum="0"/>
<action no="9" player="SuBandiduu" type="5" discard="1" dealt="1" sum="30"/>
<action no="10" player="ASmatici" type="3" discard="1" dealt="1" sum="30"/>
</round>
<round no="4"><cards type="River">HK</cards>
<action no="11" player="ASmatici" type="4" discard="1" dealt="1" sum="0"/>
<action no="12" player="SuBandiduu" type="4" discard="1" dealt="1" sum="0"/>
</round>
</game>
<game gamecode="6505430264"><general><startdate>2025-10-15 00:49:22</startdate>
<round>1</round>
<failsafecounter/>
<players><player seat="6" name="KOPKHUNKRAP" chips="500" dealer="0" win="200" bet="100" muck="0" rebuy="0" addon="0" merge="0" rebuychips="0" reg_code="5066270799"/>
<player seat="10" name="ASmatici" chips="450" dealer="1" win="0" bet="0" muck="1" rebuy="0" addon="0" merge="0" rebuychips="0" reg_code="5066271466"/>
<player seat="3" name="SuBandiduu" chips="550" dealer="0" win="0" bet="100" muck="1" rebuy="0" addon="0" merge="0" rebuychips="0" reg_code="5066269509"/>
</players>
</general>
<round no="0"><action no="1" player="SuBandiduu" type="1" discard="1" dealt="1" sum="10"/>
<action no="2" player="KOPKHUNKRAP" type="2" sum="20"/>
</round>
<round no="1"><cards type="Pocket" player="ASmatici">X X</cards>
<cards type="Pocket" player="KOPKHUNKRAP">SJ S9</cards>
<cards type="Pocket" player="SuBandiduu">H5 D6</cards>
<action no="3" player="ASmatici" type="0" discard="1" dealt="1" sum="0"/>
<action no="4" player="SuBandiduu" type="23" discard="1" dealt="1" sum="40"/>
<action no="5" player="KOPKHUNKRAP" type="3" sum="20"/>
</round>
<round no="2"><cards type="Flop">DQ SA C10</cards>
<action no="6" player="SuBandiduu" type="5" discard="1" dealt="1" sum="60"/>
<action no="7" player="KOPKHUNKRAP" type="3" sum="60"/>
</round>
<round no="3"><cards type="Turn">HA</cards>
<action no="8" player="SuBandiduu" type="4" discard="1" dealt="1" sum="0"/>
<action no="9" player="KOPKHUNKRAP" type="4" sum="0"/>
</round>
<round no="4"><cards type="River">CQ</cards>
<action no="10" player="SuBandiduu" type="4" discard="1" dealt="1" sum="0"/>
<action no="11" player="KOPKHUNKRAP" type="4" sum="0"/>
</round>
</game>
<game gamecode="6505430400"><general><startdate>2025-10-15 00:49:53</startdate>
<round>1</round>
<failsafecounter/>
<players><player seat="10" name="ASmatici" chips="450" dealer="0" win="90" bet="450" muck="1" rebuy="0" addon="0" merge="0" rebuychips="0" reg_code="5066271466"/>
<player seat="3" name="SuBandiduu" chips="450" dealer="1" win="0" bet="40" muck="1" rebuy="0" addon="0" merge="0" rebuychips="0" reg_code="5066269509"/>
<player seat="6" name="KOPKHUNKRAP" chips="600" dealer="0" win="0" bet="10" muck="1" rebuy="0" addon="0" merge="0" rebuychips="0" reg_code="5066270799"/>
</players>
</general>
<round no="0"><action no="1" player="KOPKHUNKRAP" type="1" sum="10"/>
<action no="2" player="ASmatici" type="2" discard="1" dealt="1" sum="20"/>
</round>
<round no="1"><cards type="Pocket" player="ASmatici">X X</cards>
<cards type="Pocket" player="SuBandiduu">X X</cards>
<cards type="Pocket" player="KOPKHUNKRAP">CQ S9</cards>
<action no="3" player="SuBandiduu" type="23" discard="1" dealt="1" sum="40"/>
<action no="4" player="KOPKHUNKRAP" type="0" sum="0"/>
<action no="5" player="ASmatici" type="23" discard="1" dealt="1" sum="450"/>
<action no="6" player="SuBandiduu" type="0" discard="1" dealt="1" sum="0"/>
</round>
</game>
<game gamecode="6505430445"><general><startdate>2025-10-15 00:50:06</startdate>
<round>1</round>
<failsafecounter/>
<players><player seat="3" name="SuBandiduu" chips="410" dealer="0" win="40" bet="40" muck="1" rebuy="0" addon="0" merge="0" rebuychips="0" reg_code="5066269509"/>
<player seat="6" name="KOPKHUNKRAP" chips="590" dealer="1" win="0" bet="0" muck="1" rebuy="0" addon="0" merge="0" rebuychips="0" reg_code="5066270799"/>
<player seat="10" name="ASmatici" chips="500" dealer="0" win="0" bet="20" muck="1" rebuy="0" addon="0" merge="0" rebuychips="0" reg_code="5066271466"/>
</players>
</general>
<round no="0"><action no="1" player="ASmatici" type="1" discard="1" dealt="1" sum="10"/>
<action no="2" player="SuBandiduu" type="2" discard="1" dealt="1" sum="20"/>
</round>
<round no="1"><cards type="Pocket" player="SuBandiduu">X X</cards>
<cards type="Pocket" player="KOPKHUNKRAP">H9 D7</cards>
<cards type="Pocket" player="ASmatici">X X</cards>
<action no="3" player="KOPKHUNKRAP" type="0" sum="0"/>
<action no="4" player="ASmatici" type="3" discard="1" dealt="1" sum="10"/>
<action no="5" player="SuBandiduu" type="4" discard="1" dealt="1" sum="0"/>
</round>
<round no="2"><cards type="Flop">H3 C3 CK</cards>
<action no="6" player="ASmatici" type="4" discard="1" dealt="1" sum="0"/>
<action no="7" player="SuBandiduu" type="5" discard="1" dealt="1" sum="20"/>
<action no="8" player="ASmatici" type="0" discard="1" dealt="1" sum="0"/>
</round>
</game>
<game gamecode="6505430499"><general><startdate>2025-10-15 00:50:18</startdate>
<round>1</round>
<failsafecounter/>
<players><player seat="6" name="KOPKHUNKRAP" chips="590" dealer="0" win="100" bet="100" muck="1" rebuy="0" addon="0" merge="0" rebuychips="0" reg_code="5066270799"/>
<player seat="10" name="ASmatici" chips="480" dealer="1" win="0" bet="0" muck="1" rebuy="0" addon="0" merge="0" rebuychips="0" reg_code="5066271466"/>
<player seat="3" name="SuBandiduu" chips="430" dealer="0" win="0" bet="50" muck="1" rebuy="0" addon="0" merge="0" rebuychips="0" reg_code="5066269509"/>
</players>
</general>
<round no="0"><action no="1" player="SuBandiduu" type="1" discard="1" dealt="1" sum="10"/>
<action no="2" player="KOPKHUNKRAP" type="2" sum="20"/>
</round>
<round no="1"><cards type="Pocket" player="ASmatici">X X</cards>
<cards type="Pocket" player="KOPKHUNKRAP">C4 CA</cards>
<cards type="Pocket" player="SuBandiduu">X X</cards>
<action no="3" player="ASmatici" type="0" discard="1" dealt="1" sum="0"/>
<action no="4" player="SuBandiduu" type="23" discard="1" dealt="1" sum="50"/>
<action no="5" player="KOPKHUNKRAP" type="3" sum="30"/>
</round>
<round no="2"><cards type="Flop">H5 D5 HK</cards>
<action no="6" player="SuBandiduu" type="4" discard="1" dealt="1" sum="0"/>
<action no="7" player="KOPKHUNKRAP" type="4" sum="0"/>
</round>
<round no="3"><cards type="Turn">DQ</cards>
<action no="8" player="SuBandiduu" type="4" discard="1" dealt="1" sum="0"/>
<action no="9" player="KOPKHUNKRAP" type="4" sum="0"/>
</round>
<round no="4"><cards type="River">SA</cards>
<action no="10" player="SuBandiduu" type="4" discard="1" dealt="1" sum="0"/>
<action no="11" player="KOPKHUNKRAP" type="5" sum="50"/>
<action no="12" player="SuBandiduu" type="0" discard="1" dealt="1" sum="0"/>
</round>
</game>
<game gamecode="6505430617"><general><startdate>2025-10-15 00:50:48</startdate>
<round>1</round>
<failsafecounter/>
<players><player seat="10" name="ASmatici" chips="480" dealer="0" win="0" bet="35" muck="1" rebuy="0" addon="0" merge="0" rebuychips="0" reg_code="5066271466"/>
<player seat="3" name="SuBandiduu" chips="380" dealer="1" win="0" bet="5" muck="1" rebuy="0" addon="0" merge="0" rebuychips="0" reg_code="5066269509"/>
<player seat="6" name="KOPKHUNKRAP" chips="640" dealer="0" win="75" bet="65" muck="1" rebuy="0" addon="0" merge="0" rebuychips="0" reg_code="5066270799"/>
</players>
</general>
<round no="0"><action no="1" player="KOPKHUNKRAP" type="15" sum="5"/>
<action no="2" player="ASmatici" type="15" discard="1" dealt="1" sum="5"/>
<action no="3" player="SuBandiduu" type="15" discard="1" dealt="1" sum="5"/>
<action no="4" player="KOPKHUNKRAP" type="1" sum="15"/>
<action no="5" player="ASmatici" type="2" discard="1" dealt="1" sum="30"/>
</round>
<round no="1"><cards type="Pocket" player="SuBandiduu">X X</cards>
<cards type="Pocket" player="KOPKHUNKRAP">S7 SK</cards>
<cards type="Pocket" player="ASmatici">X X</cards>
<action no="6" player="SuBandiduu" type="0" discard="1" dealt="1" sum="0"/>
<action no="7" player="KOPKHUNKRAP" type="23" sum="60"/>
<action no="8" player="ASmatici" type="0" discard="1" dealt="1" sum="0"/>
</round>
</game>
<game gamecode="6505430673"><general><startdate>2025-10-15 00:51:01</startdate>
<round>1</round>
<failsafecounter/>
<players><player seat="3" name="SuBandiduu" chips="375" dealer="0" win="0" bet="35" muck="1" rebuy="0" addon="0" merge="0" rebuychips="0" reg_code="5066269509"/>
<player seat="6" name="KOPKHUNKRAP" chips="680" dealer="1" win="0" bet="5" muck="1" rebuy="0" addon="0" merge="0" rebuychips="0" reg_code="5066270799"/>
<player seat="10" name="ASmatici" chips="445" dealer="0" win="75" bet="125" muck="1" rebuy="0" addon="0" merge="0" rebuychips="0" reg_code="5066271466"/>
</players>
</general>
<round no="0"><action no="1" player="ASmatici" type="15" discard="1" dealt="1" sum="5"/>
<action no="2" player="SuBandiduu" type="15" discard="1" dealt="1" sum="5"/>
<action no="3" player="KOPKHUNKRAP" type="15" sum="5"/>
<action no="4" player="ASmatici" type="1" discard="1" dealt="1" sum="15"/>
<action no="5" player="SuBandiduu" type="2" discard="1" dealt="1" sum="30"/>
</round>
<round no="1"><cards type="Pocket" player="SuBandiduu">X X</cards>
<cards type="Pocket" player="ASmatici">X X</cards>
<cards type="Pocket" player="KOPKHUNKRAP">C6 S5</cards>
<action no="6" player="KOPKHUNKRAP" type="0" sum="0"/>
<action no="7" player="ASmatici" type="23" discard="1" dealt="1" sum="120"/>
<action no="8" player="SuBandiduu" type="0" discard="1" dealt="1" sum="0"/>
</round>
</game>
<game gamecode="6505430711"><general><startdate>2025-10-15 00:51:10</startdate>
<round>1</round>
<failsafecounter/>
<players><player seat="6" name="KOPKHUNKRAP" chips="675" dealer="0" win="0" bet="35" muck="1" rebuy="0" addon="0" merge="0" rebuychips="0" reg_code="5066270799"/>
<player seat="10" name="ASmatici" chips="485" dealer="1" win="90" bet="155" muck="1" rebuy="0" addon="0" merge="0" rebuychips="0" reg_code="5066271466"/>
<player seat="3" name="SuBandiduu" chips="340" dealer="0" win="0" bet="20" muck="1" rebuy="0" addon="0" merge="0" rebuychips="0" reg_code="5066269509"/>
</players>
</general>
<round no="0"><action no="1" player="SuBandiduu" type="15" discard="1" dealt="1" sum="5"/>
<action no="2" player="KOPKHUNKRAP" type="15" sum="5"/>
<action no="3" player="ASmatici" type="15" discard="1" dealt="1" sum="5"/>
<action no="4" player="SuBandiduu" type="1" discard="1" dealt="1" sum="15"/>
<action no="5" player="KOPKHUNKRAP" type="2" sum="30"/>
</round>
<round no="1"><cards type="Pocket" player="ASmatici">X X</cards>
<cards type="Pocket" player="KOPKHUNKRAP">H8 S2</cards>
<cards type="Pocket" player="SuBandiduu">X X</cards>
<action no="6" player="ASmatici" type="23" discard="1" dealt="1" sum="150"/>
<action no="7" player="SuBandiduu" type="0" discard="1" dealt="1" sum="0"/>
<action no="8" player="KOPKHUNKRAP" type="0" sum="0"/>
</round>
</game>
<game gamecode="6505430767"><general><startdate>2025-10-15 00:51:22</startdate>
<round>1</round>
<failsafecounter/>
<players><player seat="10" name="ASmatici" chips="540" dealer="0" win="45" bet="35" muck="1" rebuy="0" addon="0" merge="0" rebuychips="0" reg_code="5066271466"/>
<player seat="3" name="SuBandiduu" chips="320" dealer="1" win="0" bet="5" muck="1" rebuy="0" addon="0" merge="0" rebuychips="0" reg_code="5066269509"/>
<player seat="6" name="KOPKHUNKRAP" chips="640" dealer="0" win="0" bet="20" muck="1" rebuy="0" addon="0" merge="0" rebuychips="0" reg_code="5066270799"/>
</players>
</general>
<round no="0"><action no="1" player="KOPKHUNKRAP" type="15" sum="5"/>
<action no="2" player="ASmatici" type="15" discard="1" dealt="1" sum="5"/>
<action no="3" player="SuBandiduu" type="15" discard="1" dealt="1" sum="5"/>
<action no="4" player="KOPKHUNKRAP" type="1" sum="15"/>
<action no="5" player="ASmatici" type="2" discard="1" dealt="1" sum="30"/>
</round>
<round no="1"><cards type="Pocket" player="ASmatici">X X</cards>
<cards type="Pocket" player="KOPKHUNKRAP">H4 C6</cards>
<cards type="Pocket" player="SuBandiduu">X X</cards>
<action no="6" player="SuBandiduu" type="0" discard="1" dealt="1" sum="0"/>
<action no="7" player="KOPKHUNKRAP" type="0" sum="0"/>
</round>
</game>
<game gamecode="6505430818"><general><startdate>2025-10-15 00:51:35</startdate>
<round>1</round>
<failsafecounter/>
<players><player seat="3" name="SuBandiduu" chips="315" dealer="0" win="0" bet="65" muck="1" rebuy="0" addon="0" merge="0" rebuychips="0" reg_code="5066269509"/>
<player seat="6" name="KOPKHUNKRAP" chips="620" dealer="1" win="150" bet="620" muck="1" rebuy="0" addon="0" merge="0" rebuychips="0" reg_code="5066270799"/>
<player seat="10" name="ASmatici" chips="565" dealer="0" win="0" bet="20" muck="1" rebuy="0" addon="0" merge="0" rebuychips="0" reg_code="5066271466"/>
</players>
</general>
<round no="0"><action no="1" player="ASmatici" type="15" discard="1" dealt="1" sum="5"/>
<action no="2" player="SuBandiduu" type="15" discard="1" dealt="1" sum="5"/>
<action no="3" player="KOPKHUNKRAP" type="15" sum="5"/>
<action no="4" player="ASmatici" type="1" discard="1" dealt="1" sum="15"/>
<action no="5" player="SuBandiduu" type="2" discard="1" dealt="1" sum="30"/>
</round>
<round no="1"><cards type="Pocket" player="SuBandiduu">X X</cards>
<cards type="Pocket" player="KOPKHUNKRAP">D10 C10</cards>
<cards type="Pocket" player="ASmatici">X X</cards>
<action no="6" player="KOPKHUNKRAP" type="23" sum="60"/>
<action no="7" player="ASmatici" type="0" discard="1" dealt="1" sum="0"/>
<action no="8" player="SuBandiduu" type="3" discard="1" dealt="1" sum="30"/>
</round>
<round no="2"><cards type="Flop">H4 H6 H5</cards>
<action no="9" player="SuBandiduu" type="4" discard="1" dealt="1" sum="0"/>
<action no="10" player="KOPKHUNKRAP" type="5" sum="555"/>
<action no="11" player="SuBandiduu" type="0" discard="1" dealt="1" sum="0"/>
</round>
</game>
<game gamecode="6505430936"><general><startdate>2025-10-15 00:52:05</startdate>
<round>1</round>
<failsafecounter/>
<players><player seat="6" name="KOPKHUNKRAP" chips="705" dealer="0" win="0" bet="35" muck="1" rebuy="0" addon="0" merge="0" rebuychips="0" reg_code="5066270799"/>
<player seat="10" name="ASmatici" chips="545" dealer="1" win="0" bet="5" muck="1" rebuy="0" addon="0" merge="0" rebuychips="0" reg_code="5066271466"/>
<player seat="3" name="SuBandiduu" chips="250" dealer="0" win="75" bet="250" muck="1" rebuy="0" addon="0" merge="0" rebuychips="0" reg_code="5066269509"/>
</players>
</general>
<round no="0"><action no="1" player="SuBandiduu" type="15" discard="1" dealt="1" sum="5"/>
<action no="2" player="KOPKHUNKRAP" type="15" sum="5"/>
<action no="3" player="ASmatici" type="15" discard="1" dealt="1" sum="5"/>
<action no="4" player="SuBandiduu" type="1" discard="1" dealt="1" sum="15"/>
<action no="5" player="KOPKHUNKRAP" type="2" sum="30"/>
</round>
<round no="1"><cards type="Pocket" player="KOPKHUNKRAP">H8 S2</cards>
<cards type="Pocket" player="SuBandiduu">X X</cards>
<cards type="Pocket" player="ASmatici">X X</cards>
<action no="6" player="ASmatici" type="0" discard="1" dealt="1" sum="0"/>
<action no="7" player="SuBandiduu" type="23" discard="1" dealt="1" sum="245"/>
<action no="8" player="KOPKHUNKRAP" type="0" sum="0"/>
</round>
</game>
<game gamecode="6505430989"><general><startdate>2025-10-15 00:52:15</startdate>
<round>1</round>
<failsafecounter/>
<players><player seat="10" name="ASmatici" chips="540" dealer="0" win="0" bet="35" muck="1" rebuy="0" addon="0" merge="0" rebuychips="0" reg_code="5066271466"/>
<player seat="3" name="SuBandiduu" chips="290" dealer="1" win="90" bet="290" muck="1" rebuy="0" addon="0" merge="0" rebuychips="0" reg_code="5066269509"/>
<player seat="6" name="KOPKHUNKRAP" chips="670" dealer="0" win="0" bet="20" muck="1" rebuy="0" addon="0" merge="0" rebuychips="0" reg_code="5066270799"/>
</players>
</general>
<round no="0"><action no="1" player="KOPKHUNKRAP" type="15" sum="5"/>
<action no="2" player="ASmatici" type="15" discard="1" dealt="1" sum="5"/>
<action no="3" player="SuBandiduu" type="15" discard="1" dealt="1" sum="5"/>
<action no="4" player="KOPKHUNKRAP" type="1" sum="15"/>
<action no="5" player="ASmatici" type="2" discard="1" dealt="1" sum="30"/>
</round>
<round no="1"><cards type="Pocket" player="ASmatici">X X</cards>
<cards type="Pocket" player="KOPKHUNKRAP">H5 C6</cards>
<cards type="Pocket" player="SuBandiduu">X X</cards>
<action no="6" player="SuBandiduu" type="23" discard="1" dealt="1" sum="285"/>
<action no="7" player="KOPKHUNKRAP" type="0" sum="0"/>
<action no="8" player="ASmatici" type="0" discard="1" dealt="1" sum="0"/>
</round>
</game>
<game gamecode="6505431021"><general><startdate>2025-10-15 00:52:23</startdate>
<round>1</round>
<failsafecounter/>
<players><player seat="3" name="SuBandiduu" chips="345" dealer="0" win="55" bet="45" muck="1" rebuy="0" addon="0" merge="0" rebuychips="0" reg_code="5066269509"/>
<player seat="6" name="KOPKHUNKRAP" chips="650" dealer="1" win="0" bet="5" muck="1" rebuy="0" addon="0" merge="0" rebuychips="0" reg_code="5066270799"/>
<player seat="10" name="ASmatici" chips="505" dealer="0" win="0" bet="25" muck="1" rebuy="0" addon="0" merge="0" rebuychips="0" reg_code="5066271466"/>
</players>
</general>
<round no="0"><action no="1" player="ASmatici" type="15" discard="1" dealt="1" sum="5"/>
<action no="2" player="SuBandiduu" type="15" discard="1" dealt="1" sum="5"/>
<action no="3" player="KOPKHUNKRAP" type="15" sum="5"/>
<action no="4" player="ASmatici" type="1" discard="1" dealt="1" sum="20"/>
<action no="5" player="SuBandiduu" type="2" discard="1" dealt="1" sum="40"/>
</round>
<round no="1"><cards type="Pocket" player="ASmatici">X X</cards>
<cards type="Pocket" player="SuBandiduu">X X</cards>
<cards type="Pocket" player="KOPKHUNKRAP">C3 D2</cards>
<action no="6" player="KOPKHUNKRAP" type="0" sum="0"/>
<action no="7" player="ASmatici" type="0" discard="1" dealt="1" sum="0"/>
</round>
</game>
<game gamecode="6505431061"><general><startdate>2025-10-15 00:52:34</startdate>
<round>1</round>
<failsafecounter/>
<players><player seat="6" name="KOPKHUNKRAP" chips="645" dealer="0" win="0" bet="480" muck="1" rebuy="0" addon="0" merge="0" rebuychips="0" reg_code="5066270799"/>
<player seat="10" name="ASmatici" chips="480" dealer="1" win="985" bet="480" muck="0" rebuy="0" addon="0" merge="0" rebuychips="0" reg_code="5066271466"/>
<player seat="3" name="SuBandiduu" chips="375" dealer="0" win="0" bet="25" muck="1" rebuy="0" addon="0" merge="0" rebuychips="0" reg_code="5066269509"/>
</players>
</general>
<round no="0"><action no="1" player="SuBandiduu" type="15" discard="1" dealt="1" sum="5"/>
<action no="2" player="KOPKHUNKRAP" type="15" sum="5"/>
<action no="3" player="ASmatici" type="15" discard="1" dealt="1" sum="5"/>
<action no="4" player="SuBandiduu" type="1" discard="1" dealt="1" sum="20"/>
<action no="5" player="KOPKHUNKRAP" type="2" sum="40"/>
</round>
<round no="1"><cards type="Pocket" player="KOPKHUNKRAP">S7 D7</cards>
<cards type="Pocket" player="ASmatici">S5 DA</cards>
<cards type="Pocket" player="SuBandiduu">X X</cards>
<action no="6" player="ASmatici" type="23" discard="1" dealt="1" sum="475"/>
<action no="7" player="SuBandiduu" type="0" discard="1" dealt="1" sum="0"/>
<action no="8" player="KOPKHUNKRAP" type="3" sum="435"/>
</round>
<round no="2"><cards type="Flop">H2 CA D2</cards>
</round>
<round no="3"><cards type="Turn">D9</cards>
</round>
<round no="4"><cards type="River">H4</cards>
</round>
</game>
<game gamecode="6505431140"><general><startdate>2025-10-15 00:52:52</startdate>
<round>1</round>
<failsafecounter/>
<players><player seat="10" name="ASmatici" chips="985" dealer="0" win="0" bet="45" muck="1" rebuy="0" addon="0" merge="0" rebuychips="0" reg_code="5066271466"/>
<player seat="3" name="SuBandiduu" chips="350" dealer="1" win="0" bet="5" muck="1" rebuy="0" addon="0" merge="0" rebuychips="0" reg_code="5066269509"/>
<player seat="6" name="KOPKHUNKRAP" chips="165" dealer="0" win="95" bet="165" muck="1" rebuy="0" addon="0" merge="0" rebuychips="0" reg_code="5066270799"/>
</players>
</general>
<round no="0"><action no="1" player="KOPKHUNKRAP" type="15" sum="5"/>
<action no="2" player="ASmatici" type="15" discard="1" dealt="1" sum="5"/>
<action no="3" player="SuBandiduu" type="15" discard="1" dealt="1" sum="5"/>
<action no="4" player="KOPKHUNKRAP" type="1" sum="20"/>
<action no="5" player="ASmatici" type="2" discard="1" dealt="1" sum="40"/>
</round>
<round no="1"><cards type="Pocket" player="SuBandiduu">X X</cards>
<cards type="Pocket" player="ASmatici">X X</cards>
<cards type="Pocket" player="KOPKHUNKRAP">S3 HA</cards>
<action no="6" player="SuBandiduu" type="0" discard="1" dealt="1" sum="0"/>
<action no="7" player="KOPKHUNKRAP" type="23" sum="160"/>
<action no="8" player="ASmatici" type="0" discard="1" dealt="1" sum="0"/>
</round>
</game>
<game gamecode="6505431183"><general><startdate>2025-10-15 00:53:00</startdate>
<round>1</round>
<failsafecounter/>
<players><player seat="3" name="SuBandiduu" chips="345" dealer="0" win="55" bet="45" muck="1" rebuy="0" addon="0" merge="0" rebuychips="0" reg_code="5066269509"/>
<player seat="6" name="KOPKHUNKRAP" chips="215" dealer="1" win="0" bet="5" muck="1" rebuy="0" addon="0" merge="0" rebuychips="0" reg_code="5066270799"/>
<player seat="10" name="ASmatici" chips="940" dealer="0" win="0" bet="25" muck="1" rebuy="0" addon="0" merge="0" rebuychips="0" reg_code="5066271466"/>
</players>
</general>
<round no="0"><action no="1" player="ASmatici" type="15" discard="1" dealt="1" sum="5"/>
<action no="2" player="SuBandiduu" type="15" discard="1" dealt="1" sum="5"/>
<action no="3" player="KOPKHUNKRAP" type="15" sum="5"/>
<action no="4" player="ASmatici" type="1" discard="1" dealt="1" sum="20"/>
<action no="5" player="SuBandiduu" type="2" discard="1" dealt="1" sum="40"/>
</round>
<round no="1"><cards type="Pocket" player="SuBandiduu">X X</cards>
<cards type="Pocket" player="KOPKHUNKRAP">D5 CQ</cards>
<cards type="Pocket" player="ASmatici">X X</cards>
<action no="6" player="KOPKHUNKRAP" type="0" sum="0"/>
<action no="7" player="ASmatici" type="0" discard="1" dealt="1" sum="0"/>
</round>
</game>
<game gamecode="6505431218"><general><startdate>2025-10-15 00:53:08</startdate>
<round>1</round>
<failsafecounter/>
<players><player seat="6" name="KOPKHUNKRAP" chips="210" dealer="0" win="445" bet="210" muck="0" rebuy="0" addon="0" merge="0" rebuychips="0" reg_code="5066270799"/>
<player seat="10" name="ASmatici" chips="915" dealer="1" win="0" bet="915" muck="0" rebuy="0" addon="0" merge="0" rebuychips="0" reg_code="5066271466"/>
<player seat="3" name="SuBandiduu" chips="375" dealer="0" win="0" bet="25" muck="1" rebuy="0" addon="0" merge="0" rebuychips="0" reg_code="5066269509"/>
</players>
</general>
<round no="0"><action no="1" player="SuBandiduu" type="15" discard="1" dealt="1" sum="5"/>
<action no="2" player="KOPKHUNKRAP" type="15" sum="5"/>
<action no="3" player="ASmatici" type="15" discard="1" dealt="1" sum="5"/>
<action no="4" player="SuBandiduu" type="1" discard="1" dealt="1" sum="20"/>
<action no="5" player="KOPKHUNKRAP" type="2" sum="40"/>
</round>
<round no="1"><cards type="Pocket" player="SuBandiduu">X X</cards>
<cards type="Pocket" player="ASmatici">C10 CQ</cards>
<cards type="Pocket" player="KOPKHUNKRAP">C6 D6</cards>
<action no="6" player="ASmatici" type="23" discard="1" dealt="1" sum="910"/>
<action no="7" player="SuBandiduu" type="0" discard="1" dealt="1" sum="0"/>
<action no="8" player="KOPKHUNKRAP" type="7" sum="165"/>
</round>
<round no="2"><cards type="Flop">S8 DK C7</cards>
</round>
<round no="3"><cards type="Turn">S3</cards>
</round>
<round no="4"><cards type="River">C8</cards>
</round>
</game>
<game gamecode="6505431296"><general><startdate>2025-10-15 00:53:26</startdate>
<round>1</round>
<failsafecounter/>
<players><player seat="10" name="ASmatici" chips="705" dealer="0" win="55" bet="45" muck="1" rebuy="0" addon="0" merge="0" rebuychips="0" reg_code="5066271466"/>
<player seat="3" name="SuBandiduu" chips="350" dealer="1" win="0" bet="5" muck="1" rebuy="0" addon="0" merge="0" rebuychips="0" reg_code="5066269509"/>
<player seat="6" name="KOPKHUNKRAP" chips="445" dealer="0" win="0" bet="25" muck="1" rebuy="0" addon="0" merge="0" rebuychips="0" reg_code="5066270799"/>
</players>
</general>
<round no="0"><action no="1" player="KOPKHUNKRAP" type="15" sum="5"/>
<action no="2" player="ASmatici" type="15" discard="1" dealt="1" sum="5"/>
<action no="3" player="SuBandiduu" type="15" discard="1" dealt="1" sum="5"/>
<action no="4" player="KOPKHUNKRAP" type="1" sum="20"/>
<action no="5" player="ASmatici" type="2" discard="1" dealt="1" sum="40"/>
</round>
<round no="1"><cards type="Pocket" player="ASmatici">X X</cards>
<cards type="Pocket" player="KOPKHUNKRAP">D9 S2</cards>
<cards type="Pocket" player="SuBandiduu">X X</cards>
<action no="6" player="SuBandiduu" type="0" discard="1" dealt="1" sum="0"/>
<action no="7" player="KOPKHUNKRAP" type="0" sum="0"/>
</round>
</game>
<game gamecode="6505431314"><general><startdate>2025-10-15 00:53:33</startdate>
<round>1</round>
<failsafecounter/>
<players><player seat="3" name="SuBandiduu" chips="345" dealer="0" win="0" bet="45" muck="1" rebuy="0" addon="0" merge="0" rebuychips="0" reg_code="5066269509"/>
<player seat="6" name="KOPKHUNKRAP" chips="420" dealer="1" win="115" bet="420" muck="1" rebuy="0" addon="0" merge="0" rebuychips="0" reg_code="5066270799"/>
<player seat="10" name="ASmatici" chips="735" dealer="0" win="0" bet="25" muck="1" rebuy="0" addon="0" merge="0" rebuychips="0" reg_code="5066271466"/>
</players>
</general>
<round no="0"><action no="1" player="ASmatici" type="15" discard="1" dealt="1" sum="5"/>
<action no="2" player="SuBandiduu" type="15" discard="1" dealt="1" sum="5"/>
<action no="3" player="KOPKHUNKRAP" type="15" sum="5"/>
<action no="4" player="ASmatici" type="1" discard="1" dealt="1" sum="20"/>
<action no="5" player="SuBandiduu" type="2" discard="1" dealt="1" sum="40"/>
</round>
<round no="1"><cards type="Pocket" player="ASmatici">X X</cards>
<cards type="Pocket" player="SuBandiduu">X X</cards>
<cards type="Pocket" player="KOPKHUNKRAP">SQ CA</cards>
<action no="6" player="KOPKHUNKRAP" type="23" sum="415"/>
<action no="7" player="ASmatici" type="0" discard="1" dealt="1" sum="0"/>
<action no="8" player="SuBandiduu" type="0" discard="1" dealt="1" sum="0"/>
</round>
</game>
<game gamecode="6505431362"><general><startdate>2025-10-15 00:53:44</startdate>
<round>1</round>
<failsafecounter/>
<players><player seat="6" name="KOPKHUNKRAP" chips="490" dealer="0" win="0" bet="45" muck="1" rebuy="0" addon="0" merge="0" rebuychips="0" reg_code="5066270799"/>
<player seat="10" name="ASmatici" chips="710" dealer="1" win="115" bet="710" muck="1" rebuy="0" addon="0" merge="0" rebuychips="0" reg_code="5066271466"/>
<player seat="3" name="SuBandiduu" chips="300" dealer="0" win="0" bet="25" muck="1" rebuy="0" addon="0" merge="0" rebuychips="0" reg_code="5066269509"/>
</players>
</general>
<round no="0"><action no="1" player="SuBandiduu" type="15" discard="1" dealt="1" sum="5"/>
<action no="2" player="KOPKHUNKRAP" type="15" sum="5"/>
<action no="3" player="ASmatici" type="15" discard="1" dealt="1" sum="5"/>
<action no="4" player="SuBandiduu" type="1" discard="1" dealt="1" sum="20"/>
<action no="5" player="KOPKHUNKRAP" type="2" sum="40"/>
</round>
<round no="1"><cards type="Pocket" player="SuBandiduu">X X</cards>
<cards type="Pocket" player="ASmatici">X X</cards>
<cards type="Pocket" player="KOPKHUNKRAP">H8 HJ</cards>
<action no="6" player="ASmatici" type="23" discard="1" dealt="1" sum="705"/>
<action no="7" player="SuBandiduu" type="0" discard="1" dealt="1" sum="0"/>
<action no="8" player="KOPKHUNKRAP" type="0" sum="0"/>
</round>
</game>
<game gamecode="6505431405"><general><startdate>2025-10-15 00:53:52</startdate>
<round>1</round>
<failsafecounter/>
<players><player seat="10" name="ASmatici" chips="780" dealer="0" win="0" bet="45" muck="1" rebuy="0" addon="0" merge="0" rebuychips="0" reg_code="5066271466"/>
<player seat="3" name="SuBandiduu" chips="275" dealer="1" win="0" bet="275" muck="0" rebuy="0" addon="0" merge="0" rebuychips="0" reg_code="5066269509"/>
<player seat="6" name="KOPKHUNKRAP" chips="445" dealer="0" win="595" bet="445" muck="0" rebuy="0" addon="0" merge="0" rebuychips="0" reg_code="5066270799"/>
</players>
</general>
<round no="0"><action no="1" player="KOPKHUNKRAP" type="15" sum="5"/>
<action no="2" player="ASmatici" type="15" discard="1" dealt="1" sum="5"/>
<action no="3" player="SuBandiduu" type="15" discard="1" dealt="1" sum="5"/>
<action no="4" player="KOPKHUNKRAP" type="1" sum="20"/>
<action no="5" player="ASmatici" type="2" discard="1" dealt="1" sum="40"/>
</round>
<round no="1"><cards type="Pocket" player="SuBandiduu">S5 C5</cards>
<cards type="Pocket" player="ASmatici">X X</cards>
<cards type="Pocket" player="KOPKHUNKRAP">H10 HA</cards>
<action no="6" player="SuBandiduu" type="23" discard="1" dealt="1" sum="270"/>
<action no="7" player="KOPKHUNKRAP" type="7" sum="420"/>
<action no="8" player="ASmatici" type="0" discard="1" dealt="1" sum="0"/>
</round>
<round no="2"><cards type="Flop">S10 CJ H9</cards>
</round>
<round no="3"><cards type="Turn">C9</cards>
</round>
<round no="4"><cards type="River">SQ</cards>
</round>
</game>
<game gamecode="6505431475"><general><startdate>2025-10-15 00:54:09</startdate>
<round>1</round>
<failsafecounter/>
<players><player seat="10" name="ASmatici" chips="735" dealer="0" win="0" bet="65" muck="1" rebuy="0" addon="0" merge="0" rebuychips="0" reg_code="5066271466"/>
<player seat="6" name="KOPKHUNKRAP" chips="765" dealer="1" win="130" bet="125" muck="1" rebuy="0" addon="0" merge="0" rebuychips="0" reg_code="5066270799"/>
</players>
</general>
<round no="0"><action no="1" player="KOPKHUNKRAP" type="15" sum="5"/>
<action no="2" player="ASmatici" type="15" discard="1" dealt="1" sum="5"/>
<action no="3" player="KOPKHUNKRAP" type="1" sum="30"/>
<action no="4" player="ASmatici" type="2" discard="1" dealt="1" sum="60"/>
</round>
<round no="1"><cards type="Pocket" player="KOPKHUNKRAP">D3 D7</cards>
<cards type="Pocket" player="ASmatici">X X</cards>
<action no="5" player="KOPKHUNKRAP" type="3" sum="30"/>
<action no="6" player="ASmatici" type="4" discard="1" dealt="1" sum="0"/>
</round>
<round no="2"><cards type="Flop">H9 CJ HK</cards>
<action no="7" player="ASmatici" type="4" discard="1" dealt="1" sum="0"/>
<action no="8" player="KOPKHUNKRAP" type="5" sum="60"/>
<action no="9" player="ASmatici" type="0" discard="1" dealt="1" sum="0"/>
</round>
</game>
<game gamecode="6505431541"><general><startdate>2025-10-15 00:54:24</startdate>
<round>1</round>
<failsafecounter/>
<players><player seat="6" name="KOPKHUNKRAP" chips="830" dealer="0" win="130" bet="830" muck="1" rebuy="0" addon="0" merge="0" rebuychips="0" reg_code="5066270799"/>
<player seat="10" name="ASmatici" chips="670" dealer="1" win="0" bet="65" muck="1" rebuy="0" addon="0" merge="0" rebuychips="0" reg_code="5066271466"/>
</players>
</general>
<round no="0"><action no="1" player="ASmatici" type="15" discard="1" dealt="1" sum="5"/>
<action no="2" player="KOPKHUNKRAP" type="15" sum="5"/>
<action no="3" player="ASmatici" type="1" discard="1" dealt="1" sum="30"/>
<action no="4" player="KOPKHUNKRAP" type="2" sum="60"/>
</round>
<round no="1"><cards type="Pocket" player="KOPKHUNKRAP">SJ HK</cards>
<cards type="Pocket" player="ASmatici">X X</cards>
<action no="5" player="ASmatici" type="3" discard="1" dealt="1" sum="30"/>
<action no="6" player="KOPKHUNKRAP" type="23" sum="825"/>
<action no="7" player="ASmatici" type="0" discard="1" dealt="1" sum="0"/>
</round>
</game>
<game gamecode="6505431571"><general><startdate>2025-10-15 00:54:33</startdate>
<round>1</round>
<failsafecounter/>
<players><player seat="10" name="ASmatici" chips="605" dealer="0" win="0" bet="65" muck="1" rebuy="0" addon="0" merge="0" rebuychips="0" reg_code="5066271466"/>
<player seat="6" name="KOPKHUNKRAP" chips="895" dealer="1" win="130" bet="125" muck="1" rebuy="0" addon="0" merge="0" rebuychips="0" reg_code="5066270799"/>
</players>
</general>
<round no="0"><action no="1" player="KOPKHUNKRAP" type="15" sum="5"/>
<action no="2" player="ASmatici" type="15" discard="1" dealt="1" sum="5"/>
<action no="3" player="KOPKHUNKRAP" type="1" sum="30"/>
<action no="4" player="ASmatici" type="2" discard="1" dealt="1" sum="60"/>
</round>
<round no="1"><cards type="Pocket" player="ASmatici">X X</cards>
<cards type="Pocket" player="KOPKHUNKRAP">DK SK</cards>
<action no="5" player="KOPKHUNKRAP" type="3" sum="30"/>
<action no="6" player="ASmatici" type="4" discard="1" dealt="1" sum="0"/>
</round>
<round no="2"><cards type="Flop">H2 C7 C3</cards>
<action no="7" player="ASmatici" type="4" discard="1" dealt="1" sum="0"/>
<action no="8" player="KOPKHUNKRAP" type="5" sum="60"/>
<action no="9" player="ASmatici" type="0" discard="1" dealt="1" sum="0"/>
</round>
</game>
<game gamecode="6505431630"><general><startdate>2025-10-15 00:54:46</startdate>
<round>1</round>
<failsafecounter/>
<players><player seat="6" name="KOPKHUNKRAP" chips="960" dealer="0" win="70" bet="65" muck="1" rebuy="0" addon="0" merge="0" rebuychips="0" reg_code="5066270799"/>
<player seat="10" name="ASmatici" chips="540" dealer="1" win="0" bet="35" muck="1" rebuy="0" addon="0" merge="0" rebuychips="0" reg_code="5066271466"/>
</players>
</general>
<round no="0"><action no="1" player="ASmatici" type="15" discard="1" dealt="1" sum="5"/>
<action no="2" player="KOPKHUNKRAP" type="15" sum="5"/>
<action no="3" player="ASmatici" type="1" discard="1" dealt="1" sum="30"/>
<action no="4" player="KOPKHUNKRAP" type="2" sum="60"/>
</round>
<round no="1"><cards type="Pocket" player="ASmatici">X X</cards>
<cards type="Pocket" player="KOPKHUNKRAP">HA C10</cards>
<action no="5" player="ASmatici" type="0" discard="1" dealt="1" sum="0"/>
</round>
</game>
<game gamecode="6505431657"><general><startdate>2025-10-15 00:54:52</startdate>
<round>1</round>
<failsafecounter/>
<players><player seat="10" name="ASmatici" chips="505" dealer="0" win="70" bet="65" muck="1" rebuy="0" addon="0" merge="0" rebuychips="0" reg_code="5066271466"/>
<player seat="6" name="KOPKHUNKRAP" chips="995" dealer="1" win="0" bet="35" muck="1" rebuy="0" addon="0" merge="0" rebuychips="0" reg_code="5066270799"/>
</players>
</general>
<round no="0"><action no="1" player="KOPKHUNKRAP" type="15" sum="5"/>
<action no="2" player="ASmatici" type="15" discard="1" dealt="1" sum="5"/>
<action no="3" player="KOPKHUNKRAP" type="1" sum="30"/>
<action no="4" player="ASmatici" type="2" discard="1" dealt="1" sum="60"/>
</round>
<round no="1"><cards type="Pocket" player="KOPKHUNKRAP">C2 S10</cards>
<cards type="Pocket" player="ASmatici">X X</cards>
<action no="5" player="KOPKHUNKRAP" type="0" sum="0"/>
</round>
</game>
<game gamecode="6505431682"><general><startdate>2025-10-15 00:54:57</startdate>
<round>1</round>
<failsafecounter/>
<players><player seat="6" name="KOPKHUNKRAP" chips="960" dealer="0" win="70" bet="65" muck="1" rebuy="0" addon="0" merge="0" rebuychips="0" reg_code="5066270799"/>
<player seat="10" name="ASmatici" chips="540" dealer="1" win="0" bet="35" muck="1" rebuy="0" addon="0" merge="0" rebuychips="0" reg_code="5066271466"/>
</players>
</general>
<round no="0"><action no="1" player="ASmatici" type="15" discard="1" dealt="1" sum="5"/>
<action no="2" player="KOPKHUNKRAP" type="15" sum="5"/>
<action no="3" player="ASmatici" type="1" discard="1" dealt="1" sum="30"/>
<action no="4" player="KOPKHUNKRAP" type="2" sum="60"/>
</round>
<round no="1"><cards type="Pocket" player="ASmatici">X X</cards>
<cards type="Pocket" player="KOPKHUNKRAP">SK D6</cards>
<action no="5" player="ASmatici" type="0" discard="1" dealt="1" sum="0"/>
</round>
</game>
<game gamecode="6505431706"><general><startdate>2025-10-15 00:55:03</startdate>
<round>1</round>
<failsafecounter/>
<players><player seat="10" name="ASmatici" chips="505" dealer="0" win="1,010" bet="505" muck="0" rebuy="0" addon="0" merge="0" rebuychips="0" reg_code="5066271466"/>
<player seat="6" name="KOPKHUNKRAP" chips="995" dealer="1" win="0" bet="505" muck="1" rebuy="0" addon="0" merge="0" rebuychips="0" reg_code="5066270799"/>
</players>
</general>
<round no="0"><action no="1" player="KOPKHUNKRAP" type="15" sum="5"/>
<action no="2" player="ASmatici" type="15" discard="1" dealt="1" sum="5"/>
<action no="3" player="KOPKHUNKRAP" type="1" sum="30"/>
<action no="4" player="ASmatici" type="2" discard="1" dealt="1" sum="60"/>
</round>
<round no="1"><cards type="Pocket" player="KOPKHUNKRAP">S10 SQ</cards>
<cards type="Pocket" player="ASmatici">CK S5</cards>
<action no="5" player="KOPKHUNKRAP" type="3" sum="30"/>
<action no="6" player="ASmatici" type="23" discard="1" dealt="1" sum="500"/>
<action no="7" player="KOPKHUNKRAP" type="3" sum="440"/>
</round>
<round no="2"><cards type="Flop">D8 C6 C7</cards>
</round>
<round no="3"><cards type="Turn">H4</cards>
</round>
<round no="4"><cards type="River">C3</cards>
</round>
</game>
<game gamecode="6505431773"><general><startdate>2025-10-15 00:55:20</startdate>
<round>1</round>
<failsafecounter/>
<players><player seat="6" name="KOPKHUNKRAP" chips="490" dealer="0" win="70" bet="65" muck="1" rebuy="0" addon="0" merge="0" rebuychips="0" reg_code="5066270799"/>
<player seat="10" name="ASmatici" chips="1,010" dealer="1" win="0" bet="35" muck="1" rebuy="0" addon="0" merge="0" rebuychips="0" reg_code="5066271466"/>
</players>
</general>
<round no="0"><action no="1" player="ASmatici" type="15" discard="1" dealt="1" sum="5"/>
<action no="2" player="KOPKHUNKRAP" type="15" sum="5"/>
<action no="3" player="ASmatici" type="1" discard="1" dealt="1" sum="30"/>
<action no="4" player="KOPKHUNKRAP" type="2" sum="60"/>
</round>
<round no="1"><cards type="Pocket" player="ASmatici">X X</cards>
<cards type="Pocket" player="KOPKHUNKRAP">S8 D10</cards>
<action no="5" player="ASmatici" type="0" discard="1" dealt="1" sum="0"/>
</round>
</game>
<game gamecode="6505431796"><general><startdate>2025-10-15 00:55:26</startdate>
<round>1</round>
<failsafecounter/>
<players><player seat="10" name="ASmatici" chips="975" dealer="0" win="130" bet="975" muck="1" rebuy="0" addon="0" merge="0" rebuychips="0" reg_code="5066271466"/>
<player seat="6" name="KOPKHUNKRAP" chips="525" dealer="1" win="0" bet="65" muck="1" rebuy="0" addon="0" merge="0" rebuychips="0" reg_code="5066270799"/>
</players>
</general>
<round no="0"><action no="1" player="KOPKHUNKRAP" type="15" sum="5"/>
<action no="2" player="ASmatici" type="15" discard="1" dealt="1" sum="5"/>
<action no="3" player="KOPKHUNKRAP" type="1" sum="30"/>
<action no="4" player="ASmatici" type="2" discard="1" dealt="1" sum="60"/>
</round>
<round no="1"><cards type="Pocket" player="KOPKHUNKRAP">H7 D5</cards>
<cards type="Pocket" player="ASmatici">X X</cards>
<action no="5" player="KOPKHUNKRAP" type="3" sum="30"/>
<action no="6" player="ASmatici" type="4" discard="1" dealt="1" sum="0"/>
</round>
<round no="2"><cards type="Flop">HK C10 DQ</cards>
<action no="7" player="ASmatici" type="5" discard="1" dealt="1" sum="910"/>
<action no="8" player="KOPKHUNKRAP" type="0" sum="0"/>
</round>
</game>
<game gamecode="6505437201"><general><startdate>2025-10-15 00:55:37</startdate>
<round>1</round>
<failsafecounter/>
<players><player seat="6" name="KOPKHUNKRAP" chips="460" dealer="0" win="65" bet="65" muck="0" rebuy="0" addon="0" merge="0" rebuychips="0" reg_code="5066270799"/>
<player seat="10" name="ASmatici" chips="1,040" dealer="1" win="65" bet="65" muck="0" rebuy="0" addon="0" merge="0" rebuychips="0" reg_code="5066271466"/>
</players>
</general>
<round no="0"><action no="1" player="ASmatici" type="15" discard="1" dealt="1" sum="5"/>
<action no="2" player="KOPKHUNKRAP" type="15" sum="5"/>
<action no="3" player="ASmatici" type="1" discard="1" dealt="1" sum="30"/>
<action no="4" player="KOPKHUNKRAP" type="2" sum="60"/>
</round>
<round no="1"><cards type="Pocket" player="ASmatici">HQ H6</cards>
<cards type="Pocket" player="KOPKHUNKRAP">S7 DQ</cards>
<action no="5" player="ASmatici" type="3" discard="1" dealt="1" sum="30"/>
<action no="6" player="KOPKHUNKRAP" type="4" sum="0"/>
</round>
<round no="2"><cards type="Flop">D9 SJ SK</cards>
<action no="7" player="KOPKHUNKRAP" type="4" sum="0"/>
<action no="8" player="ASmatici" type="4" discard="1" dealt="1" sum="0"/>
</round>
<round no="3"><cards type="Turn">D4</cards>
<action no="9" player="KOPKHUNKRAP" type="4" sum="0"/>
<action no="10" player="ASmatici" type="4" discard="1" dealt="1" sum="0"/>
</round>
<round no="4"><cards type="River">C8</cards>
<action no="11" player="KOPKHUNKRAP" type="4" sum="0"/>
<action no="12" player="ASmatici" type="4" discard="1" dealt="1" sum="0"/>
</round>
</game>
<game gamecode="6505437286"><general><startdate>2025-10-15 00:55:58</startdate>
<round>1</round>
<failsafecounter/>
<players><player seat="10" name="ASmatici" chips="1,040" dealer="0" win="920" bet="460" muck="0" rebuy="0" addon="0" merge="0" rebuychips="0" reg_code="5066271466"/>
<player seat="6" name="KOPKHUNKRAP" chips="460" dealer="1" win="0" bet="460" muck="0" rebuy="0" addon="0" merge="0" rebuychips="0" reg_code="5066270799"/>
</players>
</general>
<round no="0"><action no="1" player="KOPKHUNKRAP" type="15" sum="8"/>
<action no="2" player="ASmatici" type="15" discard="1" dealt="1" sum="8"/>
<action no="3" player="KOPKHUNKRAP" type="1" sum="40"/>
<action no="4" player="ASmatici" type="2" discard="1" dealt="1" sum="80"/>
</round>
<round no="1"><cards type="Pocket" player="KOPKHUNKRAP">H3 H10</cards>
<cards type="Pocket" player="ASmatici">S3 CA</cards>
<action no="5" player="KOPKHUNKRAP" type="23" sum="452"/>
<action no="6" player="ASmatici" type="3" discard="1" dealt="1" sum="372"/>
</round>
<round no="2"><cards type="Flop">C9 H8 S9</cards>
</round>
<round no="3"><cards type="Turn">HQ</cards>
</round>
<round no="4"><cards type="River">C6</cards>
</round>
</game>
</session>
