<?xml version="1.0" encoding="UTF-8"?>
<session sessioncode="5059774749">
<general>
<client_version>25.1.1.16</client_version>
<mode>real</mode>
<gametype>Holdem NL</gametype>
<tablename>Twister €200 SNG, 817711841</tablename>
<tournamentcode>817711839</tournamentcode>
<tournamentname>Twister €200 SNG</tournamentname>
<buyin>€0 + €12 + €188</buyin>
<totalbuyin>€200</totalbuyin>
<rewarddrawn>€800</rewarddrawn>
<tournamentcurrency>EUR</tournamentcurrency>
<currency>EUR</currency>
<nickname>Rakki</nickname>
<gamecount>15</gamecount>
<startdate>2025-09-14 16:20:39</startdate>
<place>1</place>
<win>€800</win>
<tablesize>3</tablesize>
</general>
<game gamecode="6478821559"><general><startdate>2025-09-14 16:20:54</startdate>
<round>1</round>
<failsafecounter/>
<players><player seat="10" name="Rakki" chips="500" dealer="0" win="0" bet="20" muck="1" rebuy="0" addon="0" merge="0" rebuychips="0" reg_code="5059774749"/>
<player seat="3" name="OndaBianca1" chips="500" dealer="1" win="0" bet="0" muck="1" rebuy="0" addon="0" merge="0" rebuychips="0" reg_code="5059774681"/>
<player seat="6" name="fefe1505" chips="500" dealer="0" win="40" bet="40" muck="1" rebuy="0" addon="0" merge="0" rebuychips="0" reg_code="5059774732"/>
</players>
</general>
<round no="0"><action no="1" player="fefe1505" type="1" discard="1" dealt="1" sum="10"/>
<action no="2" player="Rakki" type="2" sum="20"/>
</round>
<round no="1"><cards type="Pocket" player="Rakki">H10 S5</cards>
<cards type="Pocket" player="fefe1505">X X</cards>
<cards type="Pocket" player="OndaBianca1">X X</cards>
<action no="3" player="OndaBianca1" type="0" discard="1" dealt="1" sum="0"/>
<action no="4" player="fefe1505" type="23" discard="1" dealt="1" sum="40"/>
<action no="5" player="Rakki" type="0" sum="0"/>
</round>
</game>
<game gamecode="6478821577"><general><startdate>2025-09-14 16:21:05</startdate>
<round>1</round>
<failsafecounter/>
<players><player seat="3" name="OndaBianca1" chips="500" dealer="0" win="0" bet="20" muck="1" rebuy="0" addon="0" merge="0" rebuychips="0" reg_code="5059774681"/>
<player seat="6" name="fefe1505" chips="520" dealer="1" win="0" bet="0" muck="1" rebuy="0" addon="0" merge="0" rebuychips="0" reg_code="5059774732"/>
<player seat="10" name="Rakki" chips="480" dealer="0" win="40" bet="40" muck="1" rebuy="0" addon="0" merge="0" rebuychips="0" reg_code="5059774749"/>
</players>
</general>
<round no="0"><action no="1" player="Rakki" type="1" sum="10"/>
<action no="2" player="OndaBianca1" type="2" discard="1" dealt="1" sum="20"/>
</round>
<round no="1"><cards type="Pocket" player="Rakki">D4 DJ</cards>
<cards type="Pocket" player="OndaBianca1">X X</cards>
<cards type="Pocket" player="fefe1505">X X</cards>
<action no="3" player="fefe1505" type="0" discard="1" dealt="1" sum="0"/>
<action no="4" player="Rakki" type="3" sum="10"/>
<action no="5" player="OndaBianca1" type="4" discard="1" dealt="1" sum="0"/>
</round>
<round no="2"><cards type="Flop">H9 DQ C7</cards>
<action no="6" player="Rakki" type="4" sum="0"/>
<action no="7" player="OndaBianca1" type="4" discard="1" dealt="1" sum="0"/>
</round>
<round no="3"><cards type="Turn">CQ</cards>
<action no="8" player="Rakki" type="5" sum="20"/>
<action no="9" player="OndaBianca1" type="0" discard="1" dealt="1" sum="0"/>
</round>
</game>
<game gamecode="6478821621"><general><startdate>2025-09-14 16:21:34</startdate>
<round>1</round>
<failsafecounter/>
<players><player seat="6" name="fefe1505" chips="520" dealer="0" win="20" bet="20" muck="1" rebuy="0" addon="0" merge="0" rebuychips="0" reg_code="5059774732"/>
<player seat="10" name="Rakki" chips="500" dealer="1" win="0" bet="0" muck="1" rebuy="0" addon="0" merge="0" rebuychips="0" reg_code="5059774749"/>
<player seat="3" name="OndaBianca1" chips="480" dealer="0" win="0" bet="10" muck="1" rebuy="0" addon="0" merge="0" rebuychips="0" reg_code="5059774681"/>
</players>
</general>
<round no="0"><action no="1" player="OndaBianca1" type="1" discard="1" dealt="1" sum="10"/>
<action no="2" player="fefe1505" type="2" discard="1" dealt="1" sum="20"/>
</round>
<round no="1"><cards type="Pocket" player="Rakki">D10 C8</cards>
<cards type="Pocket" player="OndaBianca1">X X</cards>
<cards type="Pocket" player="fefe1505">X X</cards>
<action no="3" player="Rakki" type="0" sum="0"/>
<action no="4" player="OndaBianca1" type="0" discard="1" dealt="1" sum="0"/>
</round>
</game>
<game gamecode="6478821637"><general><startdate>2025-09-14 16:21:45</startdate>
<round>1</round>
<failsafecounter/>
<players><player seat="10" name="Rakki" chips="500" dealer="0" win="0" bet="20" muck="1" rebuy="0" addon="0" merge="0" rebuychips="0" reg_code="5059774749"/>
<player seat="3" name="OndaBianca1" chips="470" dealer="1" win="0" bet="0" muck="1" rebuy="0" addon="0" merge="0" rebuychips="0" reg_code="5059774681"/>
<player seat="6" name="fefe1505" chips="530" dealer="0" win="40" bet="40" muck="1" rebuy="0" addon="0" merge="0" rebuychips="0" reg_code="5059774732"/>
</players>
</general>
<round no="0"><action no="1" player="fefe1505" type="1" discard="1" dealt="1" sum="10"/>
<action no="2" player="Rakki" type="2" sum="20"/>
</round>
<round no="1"><cards type="Pocket" player="OndaBianca1">X X</cards>
<cards type="Pocket" player="Rakki">C9 DK</cards>
<cards type="Pocket" player="fefe1505">X X</cards>
<action no="3" player="OndaBianca1" type="0" discard="1" dealt="1" sum="0"/>
<action no="4" player="fefe1505" type="3" discard="1" dealt="1" sum="10"/>
<action no="5" player="Rakki" type="4" sum="0"/>
</round>
<round no="2"><cards type="Flop">H7 CA HQ</cards>
<action no="6" player="fefe1505" type="5" discard="1" dealt="1" sum="20"/>
<action no="7" player="Rakki" type="0" sum="0"/>
</round>
</game>
<game gamecode="6478821668"><general><startdate>2025-09-14 16:22:11</startdate>
<round>1</round>
<failsafecounter/>
<players><player seat="3" name="OndaBianca1" chips="470" dealer="0" win="0" bet="470" muck="0" rebuy="0" addon="0" merge="0" rebuychips="0" reg_code="5059774681"/>
<player seat="6" name="fefe1505" chips="550" dealer="1" win="0" bet="0" muck="1" rebuy="0" addon="0" merge="0" rebuychips="0" reg_code="5059774732"/>
<player seat="10" name="Rakki" chips="480" dealer="0" win="940" bet="480" muck="0" rebuy="0" addon="0" merge="0" rebuychips="0" reg_code="5059774749"/>
</players>
</general>
<round no="0"><action no="1" player="Rakki" type="1" sum="10"/>
<action no="2" player="OndaBianca1" type="2" discard="1" dealt="1" sum="20"/>
</round>
<round no="1"><cards type="Pocket" player="Rakki">CJ HQ</cards>
<cards type="Pocket" player="OndaBianca1">H8 DQ</cards>
<cards type="Pocket" player="fefe1505">X X</cards>
<action no="3" player="fefe1505" type="0" discard="1" dealt="1" sum="0"/>
<action no="4" player="Rakki" type="23" sum="60"/>
<action no="5" player="OndaBianca1" type="3" discard="1" dealt="1" sum="40"/>
</round>
<round no="2"><cards type="Flop">CK H5 CQ</cards>
<action no="6" player="Rakki" type="5" sum="30"/>
<action no="7" player="OndaBianca1" type="3" discard="1" dealt="1" sum="30"/>
</round>
<round no="3"><cards type="Turn">SQ</cards>
<action no="8" player="Rakki" type="4" sum="0"/>
<action no="9" player="OndaBianca1" type="5" discard="1" dealt="1" sum="121"/>
<action no="10" player="Rakki" type="3" sum="121"/>
</round>
<round no="4"><cards type="River">C10</cards>
<action no="11" player="Rakki" type="5" sum="269"/>
<action no="12" player="OndaBianca1" type="7" discard="1" dealt="1" sum="259"/>
</round>
</game>
<game gamecode="6478821750"><general><startdate>2025-09-14 16:23:11</startdate>
<round>1</round>
<failsafecounter/>
<players><player seat="6" name="fefe1505" chips="550" dealer="0" win="0" bet="35" muck="1" rebuy="0" addon="0" merge="0" rebuychips="0" reg_code="5059774732"/>
<player seat="10" name="Rakki" chips="950" dealer="1" win="70" bet="125" muck="1" rebuy="0" addon="0" merge="0" rebuychips="0" reg_code="5059774749"/>
</players>
</general>
<round no="0"><action no="1" player="Rakki" type="15" sum="5"/>
<action no="2" player="fefe1505" type="15" discard="1" dealt="1" sum="5"/>
<action no="3" player="Rakki" type="1" sum="15"/>
<action no="4" player="fefe1505" type="2" discard="1" dealt="1" sum="30"/>
</round>
<round no="1"><cards type="Pocket" player="Rakki">S3 H9</cards>
<cards type="Pocket" player="fefe1505">X X</cards>
<action no="5" player="Rakki" type="3" sum="15"/>
<action no="6" player="fefe1505" type="4" discard="1" dealt="1" sum="0"/>
</round>
<round no="2"><cards type="Flop">SJ SQ C10</cards>
<action no="7" player="fefe1505" type="4" discard="1" dealt="1" sum="0"/>
<action no="8" player="Rakki" type="4" sum="0"/>
</round>
<round no="3"><cards type="Turn">S2</cards>
<action no="9" player="fefe1505" type="4" discard="1" dealt="1" sum="0"/>
<action no="10" player="Rakki" type="4" sum="0"/>
</round>
<round no="4"><cards type="River">DJ</cards>
<action no="11" player="fefe1505" type="4" discard="1" dealt="1" sum="0"/>
<action no="12" player="Rakki" type="5" sum="90"/>
<action no="13" player="fefe1505" type="0" discard="1" dealt="1" sum="0"/>
</round>
</game>
<game gamecode="6478821791"><general><startdate>2025-09-14 16:23:39</startdate>
<round>1</round>
<failsafecounter/>
<players><player seat="10" name="Rakki" chips="985" dealer="0" win="0" bet="65" muck="1" rebuy="0" addon="0" merge="0" rebuychips="0" reg_code="5059774749"/>
<player seat="6" name="fefe1505" chips="515" dealer="1" win="130" bet="95" muck="1" rebuy="0" addon="0" merge="0" rebuychips="0" reg_code="5059774732"/>
</players>
</general>
<round no="0"><action no="1" player="fefe1505" type="15" discard="1" dealt="1" sum="5"/>
<action no="2" player="Rakki" type="15" sum="5"/>
<action no="3" player="fefe1505" type="1" discard="1" dealt="1" sum="15"/>
<action no="4" player="Rakki" type="2" sum="30"/>
</round>
<round no="1"><cards type="Pocket" player="fefe1505">X X</cards>
<cards type="Pocket" player="Rakki">CQ S7</cards>
<action no="5" player="fefe1505" type="23" discard="1" dealt="1" sum="60"/>
<action no="6" player="Rakki" type="3" sum="30"/>
</round>
<round no="2"><cards type="Flop">H10 C5 D9</cards>
<action no="7" player="Rakki" type="4" sum="0"/>
<action no="8" player="fefe1505" type="5" discard="1" dealt="1" sum="30"/>
<action no="9" player="Rakki" type="0" sum="0"/>
</round>
</game>
<game gamecode="6478821821"><general><startdate>2025-09-14 16:24:01</startdate>
<round>1</round>
<failsafecounter/>
<players><player seat="6" name="fefe1505" chips="580" dealer="0" win="130" bet="65" muck="0" rebuy="0" addon="0" merge="0" rebuychips="0" reg_code="5059774732"/>
<player seat="10" name="Rakki" chips="920" dealer="1" win="0" bet="65" muck="1" rebuy="0" addon="0" merge="0" rebuychips="0" reg_code="5059774749"/>
</players>
</general>
<round no="0"><action no="1" player="Rakki" type="15" sum="5"/>
<action no="2" player="fefe1505" type="15" discard="1" dealt="1" sum="5"/>
<action no="3" player="Rakki" type="1" sum="15"/>
<action no="4" player="fefe1505" type="2" discard="1" dealt="1" sum="30"/>
</round>
<round no="1"><cards type="Pocket" player="Rakki">H3 CQ</cards>
<cards type="Pocket" player="fefe1505">SK C10</cards>
<action no="5" player="Rakki" type="3" sum="15"/>
<action no="6" player="fefe1505" type="4" discard="1" dealt="1" sum="0"/>
</round>
<round no="2"><cards type="Flop">C8 HA SJ</cards>
<action no="7" player="fefe1505" type="4" discard="1" dealt="1" sum="0"/>
<action no="8" player="Rakki" type="5" sum="30"/>
<action no="9" player="fefe1505" type="3" discard="1" dealt="1" sum="30"/>
</round>
<round no="3"><cards type="Turn">S9</cards>
<action no="10" player="fefe1505" type="4" discard="1" dealt="1" sum="0"/>
<action no="11" player="Rakki" type="4" sum="0"/>
</round>
<round no="4"><cards type="River">SA</cards>
<action no="12" player="fefe1505" type="4" discard="1" dealt="1" sum="0"/>
<action no="13" player="Rakki" type="4" sum="0"/>
</round>
</game>
<game gamecode="6478821850"><general><startdate>2025-09-14 16:24:25</startdate>
<round>1</round>
<failsafecounter/>
<players><player seat="10" name="Rakki" chips="855" dealer="0" win="190" bet="215" muck="1" rebuy="0" addon="0" merge="0" rebuychips="0" reg_code="5059774749"/>
<player seat="6" name="fefe1505" chips="645" dealer="1" win="0" bet="95" muck="1" rebuy="0" addon="0" merge="0" rebuychips="0" reg_code="5059774732"/>
</players>
</general>
<round no="0"><action no="1" player="fefe1505" type="15" discard="1" dealt="1" sum="5"/>
<action no="2" player="Rakki" type="15" sum="5"/>
<action no="3" player="fefe1505" type="1" discard="1" dealt="1" sum="15"/>
<action no="4" player="Rakki" type="2" sum="30"/>
</round>
<round no="1"><cards type="Pocket" player="Rakki">S5 H7</cards>
<cards type="Pocket" player="fefe1505">X X</cards>
<action no="5" player="fefe1505" type="3" discard="1" dealt="1" sum="15"/>
<action no="6" player="Rakki" type="4" sum="0"/>
</round>
<round no="2"><cards type="Flop">D7 CK S3</cards>
<action no="7" player="Rakki" type="4" sum="0"/>
<action no="8" player="fefe1505" type="5" discard="1" dealt="1" sum="30"/>
<action no="9" player="Rakki" type="3" sum="30"/>
</round>
<round no="3"><cards type="Turn">CQ</cards>
<action no="10" player="Rakki" type="4" sum="0"/>
<action no="11" player="fefe1505" type="5" discard="1" dealt="1" sum="30"/>
<action no="12" player="Rakki" type="3" sum="30"/>
</round>
<round no="4"><cards type="River">C7</cards>
<action no="13" player="Rakki" type="5" sum="120"/>
<action no="14" player="fefe1505" type="0" discard="1" dealt="1" sum="0"/>
</round>
</game>
<game gamecode="6478836968"><general><startdate>2025-09-14 16:25:07</startdate>
<round>1</round>
<failsafecounter/>
<players><player seat="6" name="fefe1505" chips="550" dealer="0" win="0" bet="45" muck="1" rebuy="0" addon="0" merge="0" rebuychips="0" reg_code="5059774732"/>
<player seat="10" name="Rakki" chips="950" dealer="1" win="90" bet="205" muck="1" rebuy="0" addon="0" merge="0" rebuychips="0" reg_code="5059774749"/>
</players>
</general>
<round no="0"><action no="1" player="Rakki" type="15" sum="5"/>
<action no="2" player="fefe1505" type="15" discard="1" dealt="1" sum="5"/>
<action no="3" player="Rakki" type="1" sum="20"/>
<action no="4" player="fefe1505" type="2" discard="1" dealt="1" sum="40"/>
</round>
<round no="1"><cards type="Pocket" player="Rakki">D2 S8</cards>
<cards type="Pocket" player="fefe1505">X X</cards>
<action no="5" player="Rakki" type="3" sum="20"/>
<action no="6" player="fefe1505" type="4" discard="1" dealt="1" sum="0"/>
</round>
<round no="2"><cards type="Flop">D9 DK CA</cards>
<action no="7" player="fefe1505" type="4" discard="1" dealt="1" sum="0"/>
<action no="8" player="Rakki" type="4" sum="0"/>
</round>
<round no="3"><cards type="Turn">DQ</cards>
<action no="9" player="fefe1505" type="4" discard="1" dealt="1" sum="0"/>
<action no="10" player="Rakki" type="4" sum="0"/>
</round>
<round no="4"><cards type="River">SA</cards>
<action no="11" player="fefe1505" type="4" discard="1" dealt="1" sum="0"/>
<action no="12" player="Rakki" type="5" sum="160"/>
<action no="13" player="fefe1505" type="0" discard="1" dealt="1" sum="0"/>
</round>
</game>
<game gamecode="6478837029"><general><startdate>2025-09-14 16:25:49</startdate>
<round>1</round>
<failsafecounter/>
<players><player seat="10" name="Rakki" chips="995" dealer="0" win="50" bet="45" muck="1" rebuy="0" addon="0" merge="0" rebuychips="0" reg_code="5059774749"/>
<player seat="6" name="fefe1505" chips="505" dealer="1" win="0" bet="25" muck="1" rebuy="0" addon="0" merge="0" rebuychips="0" reg_code="5059774732"/>
</players>
</general>
<round no="0"><action no="1" player="fefe1505" type="15" discard="1" dealt="1" sum="5"/>
<action no="2" player="Rakki" type="15" sum="5"/>
<action no="3" player="fefe1505" type="1" discard="1" dealt="1" sum="20"/>
<action no="4" player="Rakki" type="2" sum="40"/>
</round>
<round no="1"><cards type="Pocket" player="Rakki">H2 DA</cards>
<cards type="Pocket" player="fefe1505">X X</cards>
<action no="5" player="fefe1505" type="0" discard="1" dealt="1" sum="0"/>
</round>
</game>
<game gamecode="6478837038"><general><startdate>2025-09-14 16:25:56</startdate>
<round>1</round>
<failsafecounter/>
<players><player seat="6" name="fefe1505" chips="480" dealer="0" win="90" bet="125" muck="1" rebuy="0" addon="0" merge="0" rebuychips="0" reg_code="5059774732"/>
<player seat="10" name="Rakki" chips="1,020" dealer="1" win="0" bet="45" muck="1" rebuy="0" addon="0" merge="0" rebuychips="0" reg_code="5059774749"/>
</players>
</general>
<round no="0"><action no="1" player="Rakki" type="15" sum="5"/>
<action no="2" player="fefe1505" type="15" discard="1" dealt="1" sum="5"/>
<action no="3" player="Rakki" type="1" sum="20"/>
<action no="4" player="fefe1505" type="2" discard="1" dealt="1" sum="40"/>
</round>
<round no="1"><cards type="Pocket" player="Rakki">C4 H10</cards>
<cards type="Pocket" player="fefe1505">X X</cards>
<action no="5" player="Rakki" type="3" sum="20"/>
<action no="6" player="fefe1505" type="23" discard="1" dealt="1" sum="120"/>
<action no="7" player="Rakki" type="0" sum="0"/>
</round>
</game>
<game gamecode="6478837052"><general><startdate>2025-09-14 16:26:05</startdate>
<round>1</round>
<failsafecounter/>
<players><player seat="10" name="Rakki" chips="975" dealer="0" win="0" bet="45" muck="1" rebuy="0" addon="0" merge="0" rebuychips="0" reg_code="5059774749"/>
<player seat="6" name="fefe1505" chips="525" dealer="1" win="90" bet="85" muck="1" rebuy="0" addon="0" merge="0" rebuychips="0" reg_code="5059774732"/>
</players>
</general>
<round no="0"><action no="1" player="fefe1505" type="15" discard="1" dealt="1" sum="5"/>
<action no="2" player="Rakki" type="15" sum="5"/>
<action no="3" player="fefe1505" type="1" discard="1" dealt="1" sum="20"/>
<action no="4" player="Rakki" type="2" sum="40"/>
</round>
<round no="1"><cards type="Pocket" player="Rakki">H2 D8</cards>
<cards type="Pocket" player="fefe1505">X X</cards>
<action no="5" player="fefe1505" type="3" discard="1" dealt="1" sum="20"/>
<action no="6" player="Rakki" type="4" sum="0"/>
</round>
<round no="2"><cards type="Flop">H4 H10 S6</cards>
<action no="7" player="Rakki" type="4" sum="0"/>
<action no="8" player="fefe1505" type="5" discard="1" dealt="1" sum="40"/>
<action no="9" player="Rakki" type="0" sum="0"/>
</round>
</game>
<game gamecode="6478837072"><general><startdate>2025-09-14 16:26:20</startdate>
<round>1</round>
<failsafecounter/>
<players><player seat="6" name="fefe1505" chips="570" dealer="0" win="0" bet="85" muck="1" rebuy="0" addon="0" merge="0" rebuychips="0" reg_code="5059774732"/>
<player seat="10" name="Rakki" chips="930" dealer="1" win="170" bet="125" muck="1" rebuy="0" addon="0" merge="0" rebuychips="0" reg_code="5059774749"/>
</players>
</general>
<round no="0"><action no="1" player="Rakki" type="15" sum="5"/>
<action no="2" player="fefe1505" type="15" discard="1" dealt="1" sum="5"/>
<action no="3" player="Rakki" type="1" sum="20"/>
<action no="4" player="fefe1505" type="2" discard="1" dealt="1" sum="40"/>
</round>
<round no="1"><cards type="Pocket" player="fefe1505">X X</cards>
<cards type="Pocket" player="Rakki">SK HK</cards>
<action no="5" player="Rakki" type="23" sum="80"/>
<action no="6" player="fefe1505" type="3" discard="1" dealt="1" sum="40"/>
</round>
<round no="2"><cards type="Flop">D6 C6 C3</cards>
<action no="7" player="fefe1505" type="4" discard="1" dealt="1" sum="0"/>
<action no="8" player="Rakki" type="5" sum="40"/>
<action no="9" player="fefe1505" type="0" discard="1" dealt="1" sum="0"/>
</round>
</game>
<game gamecode="6478837087"><general><startdate>2025-09-14 16:26:32</startdate>
<round>1</round>
<failsafecounter/>
<players><player seat="10" name="Rakki" chips="1,015" dealer="0" win="970" bet="1,015" muck="0" rebuy="0" addon="0" merge="0" rebuychips="0" reg_code="5059774749"/>
<player seat="6" name="fefe1505" chips="485" dealer="1" win="0" bet="485" muck="1" rebuy="0" addon="0" merge="0" rebuychips="0" reg_code="5059774732"/>
</players>
</general>
<round no="0"><action no="1" player="fefe1505" type="15" discard="1" dealt="1" sum="5"/>
<action no="2" player="Rakki" type="15" sum="5"/>
<action no="3" player="fefe1505" type="1" discard="1" dealt="1" sum="20"/>
<action no="4" player="Rakki" type="2" sum="40"/>
</round>
<round no="1"><cards type="Pocket" player="fefe1505">DK CQ</cards>
<cards type="Pocket" player="Rakki">HQ DA</cards>
<action no="5" player="fefe1505" type="23" discard="1" dealt="1" sum="80"/>
<action no="6" player="Rakki" type="23" sum="1,010"/>
<action no="7" player="fefe1505" type="7" discard="1" dealt="1" sum="400"/>
</round>
<round no="2"><cards type="Flop">HA HK H5</cards>
</round>
<round no="3"><cards type="Turn">S5</cards>
</round>
<round no="4"><cards type="River">C6</cards>
</round>
</game>
</session>
