<?xml version="1.0" encoding="UTF-8"?>
<session sessioncode="5059580815">
<general>
<client_version>25.1.1.16</client_version>
<mode>real</mode>
<gametype>Holdem NL</gametype>
<tablename>Twister €200 SNG, 817653127</tablename>
<tournamentcode>817653126</tournamentcode>
<tournamentname>Twister €200 SNG</tournamentname>
<buyin>€0 + €12 + €188</buyin>
<totalbuyin>€200</totalbuyin>
<rewarddrawn>€400</rewarddrawn>
<tournamentcurrency>EUR</tournamentcurrency>
<currency>EUR</currency>
<nickname>Rakki</nickname>
<gamecount>14</gamecount>
<startdate>2025-09-13 16:34:40</startdate>
<place>3</place>
<win>€0</win>
<tablesize>3</tablesize>
</general>
<game gamecode="6478052065"><general><startdate>2025-09-13 16:34:55</startdate>
<round>1</round>
<failsafecounter/>
<players><player seat="10" name="ilcuci" chips="500" dealer="0" win="120" bet="60" muck="0" rebuy="0" addon="0" merge="0" rebuychips="0" reg_code="5059582176"/>
<player seat="3" name="OndaBianca1" chips="500" dealer="1" win="0" bet="0" muck="1" rebuy="0" addon="0" merge="0" rebuychips="0" reg_code="5059580177"/>
<player seat="6" name="Rakki" chips="500" dealer="0" win="0" bet="60" muck="0" rebuy="0" addon="0" merge="0" rebuychips="0" reg_code="5059580815"/>
</players>
</general>
<round no="0"><action no="1" player="Rakki" type="1" sum="10"/>
<action no="2" player="ilcuci" type="2" discard="1" dealt="1" sum="20"/>
</round>
<round no="1"><cards type="Pocket" player="ilcuci">C4 HK</cards>
<cards type="Pocket" player="Rakki">H5 S6</cards>
<cards type="Pocket" player="OndaBianca1">X X</cards>
<action no="3" player="OndaBianca1" type="0" discard="1" dealt="1" sum="0"/>
<action no="4" player="Rakki" type="3" sum="10"/>
<action no="5" player="ilcuci" type="4" discard="1" dealt="1" sum="0"/>
</round>
<round no="2"><cards type="Flop">HJ HQ C9</cards>
<action no="6" player="Rakki" type="4" sum="0"/>
<action no="7" player="ilcuci" type="4" discard="1" dealt="1" sum="0"/>
</round>
<round no="3"><cards type="Turn">H8</cards>
<action no="8" player="Rakki" type="4" sum="0"/>
<action no="9" player="ilcuci" type="4" discard="1" dealt="1" sum="0"/>
</round>
<round no="4"><cards type="River">C8</cards>
<action no="10" player="Rakki" type="5" sum="40"/>
<action no="11" player="ilcuci" type="3" discard="1" dealt="1" sum="40"/>
</round>
</game>
<game gamecode="6478052120"><general><startdate>2025-09-13 16:35:33</startdate>
<round>1</round>
<failsafecounter/>
<players><player seat="3" name="OndaBianca1" chips="500" dealer="0" win="0" bet="20" muck="1" rebuy="0" addon="0" merge="0" rebuychips="0" reg_code="5059580177"/>
<player seat="6" name="Rakki" chips="440" dealer="1" win="0" bet="40" muck="1" rebuy="0" addon="0" merge="0" rebuychips="0" reg_code="5059580815"/>
<player seat="10" name="ilcuci" chips="560" dealer="0" win="100" bet="60" muck="1" rebuy="0" addon="0" merge="0" rebuychips="0" reg_code="5059582176"/>
</players>
</general>
<round no="0"><action no="1" player="ilcuci" type="1" discard="1" dealt="1" sum="10"/>
<action no="2" player="OndaBianca1" type="2" discard="1" dealt="1" sum="20"/>
</round>
<round no="1"><cards type="Pocket" player="ilcuci">X X</cards>
<cards type="Pocket" player="Rakki">CQ SJ</cards>
<cards type="Pocket" player="OndaBianca1">X X</cards>
<action no="3" player="Rakki" type="23" sum="40"/>
<action no="4" player="ilcuci" type="3" discard="1" dealt="1" sum="30"/>
<action no="5" player="OndaBianca1" type="0" discard="1" dealt="1" sum="0"/>
</round>
<round no="2"><cards type="Flop">S5 SK D2</cards>
<action no="6" player="ilcuci" type="4" discard="1" dealt="1" sum="0"/>
<action no="7" player="Rakki" type="4" sum="0"/>
</round>
<round no="3"><cards type="Turn">H4</cards>
<action no="8" player="ilcuci" type="5" discard="1" dealt="1" sum="20"/>
<action no="9" player="Rakki" type="0" sum="0"/>
</round>
</game>
<game gamecode="6478052166"><general><startdate>2025-09-13 16:36:01</startdate>
<round>1</round>
<failsafecounter/>
<players><player seat="6" name="Rakki" chips="400" dealer="0" win="0" bet="20" muck="1" rebuy="0" addon="0" merge="0" rebuychips="0" reg_code="5059580815"/>
<player seat="10" name="ilcuci" chips="620" dealer="1" win="0" bet="20" muck="1" rebuy="0" addon="0" merge="0" rebuychips="0" reg_code="5059582176"/>
<player seat="3" name="OndaBianca1" chips="480" dealer="0" win="60" bet="480" muck="1" rebuy="0" addon="0" merge="0" rebuychips="0" reg_code="5059580177"/>
</players>
</general>
<round no="0"><action no="1" player="OndaBianca1" type="1" discard="1" dealt="1" sum="10"/>
<action no="2" player="Rakki" type="2" sum="20"/>
</round>
<round no="1"><cards type="Pocket" player="Rakki">SK S6</cards>
<cards type="Pocket" player="OndaBianca1">X X</cards>
<cards type="Pocket" player="ilcuci">X X</cards>
<action no="3" player="ilcuci" type="3" discard="1" dealt="1" sum="20"/>
<action no="4" player="OndaBianca1" type="23" discard="1" dealt="1" sum="480"/>
<action no="5" player="Rakki" type="0" sum="0"/>
<action no="6" player="ilcuci" type="0" discard="1" dealt="1" sum="0"/>
</round>
</game>
<game gamecode="6478052187"><general><startdate>2025-09-13 16:36:15</startdate>
<round>1</round>
<failsafecounter/>
<players><player seat="10" name="ilcuci" chips="600" dealer="0" win="0" bet="20" muck="1" rebuy="0" addon="0" merge="0" rebuychips="0" reg_code="5059582176"/>
<player seat="3" name="OndaBianca1" chips="520" dealer="1" win="0" bet="0" muck="1" rebuy="0" addon="0" merge="0" rebuychips="0" reg_code="5059580177"/>
<player seat="6" name="Rakki" chips="380" dealer="0" win="40" bet="50" muck="1" rebuy="0" addon="0" merge="0" rebuychips="0" reg_code="5059580815"/>
</players>
</general>
<round no="0"><action no="1" player="Rakki" type="1" sum="10"/>
<action no="2" player="ilcuci" type="2" discard="1" dealt="1" sum="20"/>
</round>
<round no="1"><cards type="Pocket" player="ilcuci">X X</cards>
<cards type="Pocket" player="Rakki">HJ SJ</cards>
<cards type="Pocket" player="OndaBianca1">X X</cards>
<action no="3" player="OndaBianca1" type="0" discard="1" dealt="1" sum="0"/>
<action no="4" player="Rakki" type="23" sum="50"/>
<action no="5" player="ilcuci" type="0" discard="1" dealt="1" sum="0"/>
</round>
</game>
<game gamecode="6478052207"><general><startdate>2025-09-13 16:36:25</startdate>
<round>1</round>
<failsafecounter/>
<players><player seat="3" name="OndaBianca1" chips="520" dealer="0" win="0" bet="20" muck="1" rebuy="0" addon="0" merge="0" rebuychips="0" reg_code="5059580177"/>
<player seat="6" name="Rakki" chips="400" dealer="1" win="50" bet="40" muck="1" rebuy="0" addon="0" merge="0" rebuychips="0" reg_code="5059580815"/>
<player seat="10" name="ilcuci" chips="580" dealer="0" win="0" bet="10" muck="1" rebuy="0" addon="0" merge="0" rebuychips="0" reg_code="5059582176"/>
</players>
</general>
<round no="0"><action no="1" player="ilcuci" type="1" discard="1" dealt="1" sum="10"/>
<action no="2" player="OndaBianca1" type="2" discard="1" dealt="1" sum="20"/>
</round>
<round no="1"><cards type="Pocket" player="OndaBianca1">X X</cards>
<cards type="Pocket" player="ilcuci">X X</cards>
<cards type="Pocket" player="Rakki">D9 S10</cards>
<action no="3" player="Rakki" type="23" sum="40"/>
<action no="4" player="ilcuci" type="0" discard="1" dealt="1" sum="0"/>
<action no="5" player="OndaBianca1" type="0" discard="1" dealt="1" sum="0"/>
</round>
</game>
<game gamecode="6478052218"><general><startdate>2025-09-13 16:36:34</startdate>
<round>1</round>
<failsafecounter/>
<players><player seat="6" name="Rakki" chips="430" dealer="0" win="0" bet="192" muck="0" rebuy="0" addon="0" merge="0" rebuychips="0" reg_code="5059580815"/>
<player seat="10" name="ilcuci" chips="570" dealer="1" win="404" bet="192" muck="0" rebuy="0" addon="0" merge="0" rebuychips="0" reg_code="5059582176"/>
<player seat="3" name="OndaBianca1" chips="500" dealer="0" win="0" bet="20" muck="1" rebuy="0" addon="0" merge="0" rebuychips="0" reg_code="5059580177"/>
</players>
</general>
<round no="0"><action no="1" player="OndaBianca1" type="15" discard="1" dealt="1" sum="5"/>
<action no="2" player="Rakki" type="15" sum="5"/>
<action no="3" player="ilcuci" type="15" discard="1" dealt="1" sum="5"/>
<action no="4" player="OndaBianca1" type="1" discard="1" dealt="1" sum="15"/>
<action no="5" player="Rakki" type="2" sum="30"/>
</round>
<round no="1"><cards type="Pocket" player="OndaBianca1">X X</cards>
<cards type="Pocket" player="ilcuci">HA DA</cards>
<cards type="Pocket" player="Rakki">SK D10</cards>
<action no="6" player="ilcuci" type="23" discard="1" dealt="1" sum="60"/>
<action no="7" player="OndaBianca1" type="0" discard="1" dealt="1" sum="0"/>
<action no="8" player="Rakki" type="3" sum="30"/>
</round>
<round no="2"><cards type="Flop">SJ S4 H10</cards>
<action no="9" player="Rakki" type="4" sum="0"/>
<action no="10" player="ilcuci" type="5" discard="1" dealt="1" sum="30"/>
<action no="11" player="Rakki" type="3" sum="30"/>
</round>
<round no="3"><cards type="Turn">H7</cards>
<action no="12" player="Rakki" type="4" sum="0"/>
<action no="13" player="ilcuci" type="5" discard="1" dealt="1" sum="30"/>
<action no="14" player="Rakki" type="3" sum="30"/>
</round>
<round no="4"><cards type="River">H5</cards>
<action no="15" player="Rakki" type="5" sum="67"/>
<action no="16" player="ilcuci" type="3" discard="1" dealt="1" sum="67"/>
</round>
</game>
<game gamecode="6478052264"><general><startdate>2025-09-13 16:37:00</startdate>
<round>1</round>
<failsafecounter/>
<players><player seat="10" name="ilcuci" chips="782" dealer="0" win="0" bet="35" muck="1" rebuy="0" addon="0" merge="0" rebuychips="0" reg_code="5059582176"/>
<player seat="3" name="OndaBianca1" chips="480" dealer="1" win="0" bet="5" muck="1" rebuy="0" addon="0" merge="0" rebuychips="0" reg_code="5059580177"/>
<player seat="6" name="Rakki" chips="238" dealer="0" win="75" bet="238" muck="1" rebuy="0" addon="0" merge="0" rebuychips="0" reg_code="5059580815"/>
</players>
</general>
<round no="0"><action no="1" player="Rakki" type="15" sum="5"/>
<action no="2" player="ilcuci" type="15" discard="1" dealt="1" sum="5"/>
<action no="3" player="OndaBianca1" type="15" discard="1" dealt="1" sum="5"/>
<action no="4" player="Rakki" type="1" sum="15"/>
<action no="5" player="ilcuci" type="2" discard="1" dealt="1" sum="30"/>
</round>
<round no="1"><cards type="Pocket" player="ilcuci">X X</cards>
<cards type="Pocket" player="Rakki">SQ S10</cards>
<cards type="Pocket" player="OndaBianca1">X X</cards>
<action no="6" player="OndaBianca1" type="0" discard="1" dealt="1" sum="0"/>
<action no="7" player="Rakki" type="23" sum="233"/>
<action no="8" player="ilcuci" type="0" discard="1" dealt="1" sum="0"/>
</round>
</game>
<game gamecode="6478052281"><general><startdate>2025-09-13 16:37:09</startdate>
<round>1</round>
<failsafecounter/>
<players><player seat="3" name="OndaBianca1" chips="475" dealer="0" win="75" bet="475" muck="1" rebuy="0" addon="0" merge="0" rebuychips="0" reg_code="5059580177"/>
<player seat="6" name="Rakki" chips="278" dealer="1" win="0" bet="5" muck="1" rebuy="0" addon="0" merge="0" rebuychips="0" reg_code="5059580815"/>
<player seat="10" name="ilcuci" chips="747" dealer="0" win="0" bet="35" muck="1" rebuy="0" addon="0" merge="0" rebuychips="0" reg_code="5059582176"/>
</players>
</general>
<round no="0"><action no="1" player="ilcuci" type="15" discard="1" dealt="1" sum="5"/>
<action no="2" player="OndaBianca1" type="15" discard="1" dealt="1" sum="5"/>
<action no="3" player="Rakki" type="15" sum="5"/>
<action no="4" player="ilcuci" type="1" discard="1" dealt="1" sum="15"/>
<action no="5" player="OndaBianca1" type="2" discard="1" dealt="1" sum="30"/>
</round>
<round no="1"><cards type="Pocket" player="OndaBianca1">X X</cards>
<cards type="Pocket" player="Rakki">SQ S2</cards>
<cards type="Pocket" player="ilcuci">X X</cards>
<action no="6" player="Rakki" type="0" sum="0"/>
<action no="7" player="ilcuci" type="3" discard="1" dealt="1" sum="15"/>
<action no="8" player="OndaBianca1" type="23" discard="1" dealt="1" sum="470"/>
<action no="9" player="ilcuci" type="0" discard="1" dealt="1" sum="0"/>
</round>
</game>
<game gamecode="6478052302"><general><startdate>2025-09-13 16:37:21</startdate>
<round>1</round>
<failsafecounter/>
<players><player seat="6" name="Rakki" chips="273" dealer="0" win="581" bet="273" muck="0" rebuy="0" addon="0" merge="0" rebuychips="0" reg_code="5059580815"/>
<player seat="10" name="ilcuci" chips="712" dealer="1" win="0" bet="712" muck="0" rebuy="0" addon="0" merge="0" rebuychips="0" reg_code="5059582176"/>
<player seat="3" name="OndaBianca1" chips="515" dealer="0" win="0" bet="35" muck="1" rebuy="0" addon="0" merge="0" rebuychips="0" reg_code="5059580177"/>
</players>
</general>
<round no="0"><action no="1" player="OndaBianca1" type="15" discard="1" dealt="1" sum="5"/>
<action no="2" player="Rakki" type="15" sum="5"/>
<action no="3" player="ilcuci" type="15" discard="1" dealt="1" sum="5"/>
<action no="4" player="OndaBianca1" type="1" discard="1" dealt="1" sum="15"/>
<action no="5" player="Rakki" type="2" sum="30"/>
</round>
<round no="1"><cards type="Pocket" player="ilcuci">CA D8</cards>
<cards type="Pocket" player="Rakki">DK HJ</cards>
<cards type="Pocket" player="OndaBianca1">X X</cards>
<action no="6" player="ilcuci" type="3" discard="1" dealt="1" sum="30"/>
<action no="7" player="OndaBianca1" type="3" discard="1" dealt="1" sum="15"/>
<action no="8" player="Rakki" type="23" sum="268"/>
<action no="9" player="ilcuci" type="23" discard="1" dealt="1" sum="707"/>
<action no="10" player="OndaBianca1" type="0" discard="1" dealt="1" sum="0"/>
</round>
<round no="2"><cards type="Flop">C8 CJ S9</cards>
</round>
<round no="3"><cards type="Turn">HK</cards>
</round>
<round no="4"><cards type="River">D4</cards>
</round>
</game>
<game gamecode="6478052338"><general><startdate>2025-09-13 16:37:45</startdate>
<round>1</round>
<failsafecounter/>
<players><player seat="10" name="ilcuci" chips="439" dealer="0" win="135" bet="65" muck="0" rebuy="0" addon="0" merge="0" rebuychips="0" reg_code="5059582176"/>
<player seat="3" name="OndaBianca1" chips="480" dealer="1" win="0" bet="5" muck="1" rebuy="0" addon="0" merge="0" rebuychips="0" reg_code="5059580177"/>
<player seat="6" name="Rakki" chips="581" dealer="0" win="0" bet="65" muck="1" rebuy="0" addon="0" merge="0" rebuychips="0" reg_code="5059580815"/>
</players>
</general>
<round no="0"><action no="1" player="Rakki" type="15" sum="5"/>
<action no="2" player="ilcuci" type="15" discard="1" dealt="1" sum="5"/>
<action no="3" player="OndaBianca1" type="15" discard="1" dealt="1" sum="5"/>
<action no="4" player="Rakki" type="1" sum="15"/>
<action no="5" player="ilcuci" type="2" discard="1" dealt="1" sum="30"/>
</round>
<round no="1"><cards type="Pocket" player="OndaBianca1">X X</cards>
<cards type="Pocket" player="Rakki">HK D4</cards>
<cards type="Pocket" player="ilcuci">S5 S10</cards>
<action no="6" player="OndaBianca1" type="0" discard="1" dealt="1" sum="0"/>
<action no="7" player="Rakki" type="3" sum="15"/>
<action no="8" player="ilcuci" type="4" discard="1" dealt="1" sum="0"/>
</round>
<round no="2"><cards type="Flop">HQ C8 D2</cards>
<action no="9" player="Rakki" type="4" sum="0"/>
<action no="10" player="ilcuci" type="4" discard="1" dealt="1" sum="0"/>
</round>
<round no="3"><cards type="Turn">S8</cards>
<action no="11" player="Rakki" type="4" sum="0"/>
<action no="12" player="ilcuci" type="4" discard="1" dealt="1" sum="0"/>
</round>
<round no="4"><cards type="River">D5</cards>
<action no="13" player="Rakki" type="4" sum="0"/>
<action no="14" player="ilcuci" type="5" discard="1" dealt="1" sum="30"/>
<action no="15" player="Rakki" type="3" sum="30"/>
</round>
</game>
<game gamecode="6478052403"><general><startdate>2025-09-13 16:38:29</startdate>
<round>1</round>
<failsafecounter/>
<players><player seat="3" name="OndaBianca1" chips="475" dealer="0" win="0" bet="45" muck="1" rebuy="0" addon="0" merge="0" rebuychips="0" reg_code="5059580177"/>
<player seat="6" name="Rakki" chips="516" dealer="1" win="115" bet="516" muck="1" rebuy="0" addon="0" merge="0" rebuychips="0" reg_code="5059580815"/>
<player seat="10" name="ilcuci" chips="509" dealer="0" win="0" bet="25" muck="1" rebuy="0" addon="0" merge="0" rebuychips="0" reg_code="5059582176"/>
</players>
</general>
<round no="0"><action no="1" player="ilcuci" type="15" discard="1" dealt="1" sum="5"/>
<action no="2" player="OndaBianca1" type="15" discard="1" dealt="1" sum="5"/>
<action no="3" player="Rakki" type="15" sum="5"/>
<action no="4" player="ilcuci" type="1" discard="1" dealt="1" sum="20"/>
<action no="5" player="OndaBianca1" type="2" discard="1" dealt="1" sum="40"/>
</round>
<round no="1"><cards type="Pocket" player="Rakki">DA H7</cards>
<cards type="Pocket" player="OndaBianca1">X X</cards>
<cards type="Pocket" player="ilcuci">X X</cards>
<action no="6" player="Rakki" type="23" sum="511"/>
<action no="7" player="ilcuci" type="0" discard="1" dealt="1" sum="0"/>
<action no="8" player="OndaBianca1" type="0" discard="1" dealt="1" sum="0"/>
</round>
</game>
<game gamecode="6478052412"><general><startdate>2025-09-13 16:38:38</startdate>
<round>1</round>
<failsafecounter/>
<players><player seat="6" name="Rakki" chips="586" dealer="0" win="0" bet="430" muck="1" rebuy="0" addon="0" merge="0" rebuychips="0" reg_code="5059580815"/>
<player seat="10" name="ilcuci" chips="484" dealer="1" win="0" bet="5" muck="1" rebuy="0" addon="0" merge="0" rebuychips="0" reg_code="5059582176"/>
<player seat="3" name="OndaBianca1" chips="430" dealer="0" win="865" bet="430" muck="0" rebuy="0" addon="0" merge="0" rebuychips="0" reg_code="5059580177"/>
</players>
</general>
<round no="0"><action no="1" player="OndaBianca1" type="15" discard="1" dealt="1" sum="5"/>
<action no="2" player="Rakki" type="15" sum="5"/>
<action no="3" player="ilcuci" type="15" discard="1" dealt="1" sum="5"/>
<action no="4" player="OndaBianca1" type="1" discard="1" dealt="1" sum="20"/>
<action no="5" player="Rakki" type="2" sum="40"/>
</round>
<round no="1"><cards type="Pocket" player="Rakki">CK S6</cards>
<cards type="Pocket" player="ilcuci">X X</cards>
<cards type="Pocket" player="OndaBianca1">S8 SA</cards>
<action no="6" player="ilcuci" type="0" discard="1" dealt="1" sum="0"/>
<action no="7" player="OndaBianca1" type="23" discard="1" dealt="1" sum="425"/>
<action no="8" player="Rakki" type="3" sum="385"/>
</round>
<round no="2"><cards type="Flop">D8 S4 D6</cards>
</round>
<round no="3"><cards type="Turn">D4</cards>
</round>
<round no="4"><cards type="River">C10</cards>
</round>
</game>
<game gamecode="6478052445"><general><startdate>2025-09-13 16:38:57</startdate>
<round>1</round>
<failsafecounter/>
<players><player seat="10" name="ilcuci" chips="479" dealer="0" win="983" bet="479" muck="0" rebuy="0" addon="0" merge="0" rebuychips="0" reg_code="5059582176"/>
<player seat="3" name="OndaBianca1" chips="865" dealer="1" win="0" bet="865" muck="1" rebuy="0" addon="0" merge="0" rebuychips="0" reg_code="5059580177"/>
<player seat="6" name="Rakki" chips="156" dealer="0" win="0" bet="25" muck="1" rebuy="0" addon="0" merge="0" rebuychips="0" reg_code="5059580815"/>
</players>
</general>
<round no="0"><action no="1" player="Rakki" type="15" sum="5"/>
<action no="2" player="ilcuci" type="15" discard="1" dealt="1" sum="5"/>
<action no="3" player="OndaBianca1" type="15" discard="1" dealt="1" sum="5"/>
<action no="4" player="Rakki" type="1" sum="20"/>
<action no="5" player="ilcuci" type="2" discard="1" dealt="1" sum="40"/>
</round>
<round no="1"><cards type="Pocket" player="Rakki">SK C3</cards>
<cards type="Pocket" player="OndaBianca1">H7 HQ</cards>
<cards type="Pocket" player="ilcuci">D10 CA</cards>
<action no="6" player="OndaBianca1" type="23" discard="1" dealt="1" sum="860"/>
<action no="7" player="Rakki" type="0" sum="0"/>
<action no="8" player="ilcuci" type="7" discard="1" dealt="1" sum="434"/>
</round>
<round no="2"><cards type="Flop">C6 D2 DQ</cards>
</round>
<round no="3"><cards type="Turn">S9</cards>
</round>
<round no="4"><cards type="River">HA</cards>
</round>
</game>
<game gamecode="6478052473"><general><startdate>2025-09-13 16:39:14</startdate>
<round>1</round>
<failsafecounter/>
<players><player seat="3" name="OndaBianca1" chips="386" dealer="0" win="287" bet="131" muck="0" rebuy="0" addon="0" merge="0" rebuychips="0" reg_code="5059580177"/>
<player seat="6" name="Rakki" chips="131" dealer="1" win="0" bet="131" muck="0" rebuy="0" addon="0" merge="0" rebuychips="0" reg_code="5059580815"/>
<player seat="10" name="ilcuci" chips="983" dealer="0" win="0" bet="25" muck="1" rebuy="0" addon="0" merge="0" rebuychips="0" reg_code="5059582176"/>
</players>
</general>
<round no="0"><action no="1" player="ilcuci" type="15" discard="1" dealt="1" sum="5"/>
<action no="2" player="OndaBianca1" type="15" discard="1" dealt="1" sum="5"/>
<action no="3" player="Rakki" type="15" sum="5"/>
<action no="4" player="ilcuci" type="1" discard="1" dealt="1" sum="20"/>
<action no="5" player="OndaBianca1" type="2" discard="1" dealt="1" sum="40"/>
</round>
<round no="1"><cards type="Pocket" player="Rakki">D7 D6</cards>
<cards type="Pocket" player="OndaBianca1">H2 HA</cards>
<cards type="Pocket" player="ilcuci">X X</cards>
<action no="6" player="Rakki" type="23" sum="126"/>
<action no="7" player="ilcuci" type="0" discard="1" dealt="1" sum="0"/>
<action no="8" player="OndaBianca1" type="3" discard="1" dealt="1" sum="86"/>
</round>
<round no="2"><cards type="Flop">H3 D2 D3</cards>
</round>
<round no="3"><cards type="Turn">C4</cards>
</round>
<round no="4"><cards type="River">HQ</cards>
</round>
</game>
</session>
