<?xml version="1.0" encoding="UTF-8"?>
<session sessioncode="5059782188">
<general>
<client_version>25.1.1.16</client_version>
<mode>real</mode>
<gametype>Holdem NL</gametype>
<tablename>Twister €200 SNG, 817717420</tablename>
<tournamentcode>817717419</tournamentcode>
<tournamentname>Twister €200 SNG</tournamentname>
<buyin>€0 + €12 + €188</buyin>
<totalbuyin>€200</totalbuyin>
<rewarddrawn>€400</rewarddrawn>
<tournamentcurrency>EUR</tournamentcurrency>
<currency>EUR</currency>
<nickname>Rakki</nickname>
<gamecount>24</gamecount>
<startdate>2025-09-14 16:54:55</startdate>
<place>1</place>
<win>€400</win>
<tablesize>3</tablesize>
</general>
<game gamecode="6478859610"><general><startdate>2025-09-14 16:55:10</startdate>
<round>1</round>
<failsafecounter/>
<players><player seat="6" name="Nespi1991" chips="500" dealer="0" win="0" bet="85" muck="1" rebuy="0" addon="0" merge="0" rebuychips="0" reg_code="5059782149"/>
<player seat="10" name="Rakki" chips="500" dealer="1" win="180" bet="85" muck="0" rebuy="0" addon="0" merge="0" rebuychips="0" reg_code="5059782188"/>
<player seat="3" name="OndaBianca1" chips="500" dealer="0" win="0" bet="10" muck="1" rebuy="0" addon="0" merge="0" rebuychips="0" reg_code="5059782097"/>
</players>
</general>
<round no="0"><action no="1" player="OndaBianca1" type="1" discard="1" dealt="1" sum="10"/>
<action no="2" player="Nespi1991" type="2" discard="1" dealt="1" sum="20"/>
</round>
<round no="1"><cards type="Pocket" player="Rakki">CJ D10</cards>
<cards type="Pocket" player="Nespi1991">H4 H8</cards>
<cards type="Pocket" player="OndaBianca1">X X</cards>
<action no="3" player="Rakki" type="23" sum="40"/>
<action no="4" player="OndaBianca1" type="0" discard="1" dealt="1" sum="0"/>
<action no="5" player="Nespi1991" type="3" discard="1" dealt="1" sum="20"/>
</round>
<round no="2"><cards type="Flop">SQ D4 S10</cards>
<action no="6" player="Nespi1991" type="5" discard="1" dealt="1" sum="45"/>
<action no="7" player="Rakki" type="3" sum="45"/>
</round>
<round no="3"><cards type="Turn">S7</cards>
<action no="8" player="Nespi1991" type="4" discard="1" dealt="1" sum="0"/>
<action no="9" player="Rakki" type="4" sum="0"/>
</round>
<round no="4"><cards type="River">S6</cards>
<action no="10" player="Nespi1991" type="4" discard="1" dealt="1" sum="0"/>
<action no="11" player="Rakki" type="4" sum="0"/>
</round>
</game>
<game gamecode="6478859642"><general><startdate>2025-09-14 16:55:34</startdate>
<round>1</round>
<failsafecounter/>
<players><player seat="10" name="Rakki" chips="595" dealer="0" win="40" bet="40" muck="1" rebuy="0" addon="0" merge="0" rebuychips="0" reg_code="5059782188"/>
<player seat="3" name="OndaBianca1" chips="490" dealer="1" win="0" bet="0" muck="1" rebuy="0" addon="0" merge="0" rebuychips="0" reg_code="5059782097"/>
<player seat="6" name="Nespi1991" chips="415" dealer="0" win="0" bet="20" muck="1" rebuy="0" addon="0" merge="0" rebuychips="0" reg_code="5059782149"/>
</players>
</general>
<round no="0"><action no="1" player="Nespi1991" type="1" discard="1" dealt="1" sum="10"/>
<action no="2" player="Rakki" type="2" sum="20"/>
</round>
<round no="1"><cards type="Pocket" player="Rakki">S3 S8</cards>
<cards type="Pocket" player="Nespi1991">X X</cards>
<cards type="Pocket" player="OndaBianca1">X X</cards>
<action no="3" player="OndaBianca1" type="0" discard="1" dealt="1" sum="0"/>
<action no="4" player="Nespi1991" type="3" discard="1" dealt="1" sum="10"/>
<action no="5" player="Rakki" type="4" sum="0"/>
</round>
<round no="2"><cards type="Flop">H3 C3 S7</cards>
<action no="6" player="Nespi1991" type="4" discard="1" dealt="1" sum="0"/>
<action no="7" player="Rakki" type="4" sum="0"/>
</round>
<round no="3"><cards type="Turn">DJ</cards>
<action no="8" player="Nespi1991" type="4" discard="1" dealt="1" sum="0"/>
<action no="9" player="Rakki" type="5" sum="20"/>
<action no="10" player="Nespi1991" type="0" discard="1" dealt="1" sum="0"/>
</round>
</game>
<game gamecode="6478859672"><general><startdate>2025-09-14 16:55:54</startdate>
<round>1</round>
<failsafecounter/>
<players><player seat="3" name="OndaBianca1" chips="490" dealer="0" win="40" bet="60" muck="1" rebuy="0" addon="0" merge="0" rebuychips="0" reg_code="5059782097"/>
<player seat="6" name="Nespi1991" chips="395" dealer="1" win="0" bet="0" muck="1" rebuy="0" addon="0" merge="0" rebuychips="0" reg_code="5059782149"/>
<player seat="10" name="Rakki" chips="615" dealer="0" win="0" bet="20" muck="1" rebuy="0" addon="0" merge="0" rebuychips="0" reg_code="5059782188"/>
</players>
</general>
<round no="0"><action no="1" player="Rakki" type="1" sum="10"/>
<action no="2" player="OndaBianca1" type="2" discard="1" dealt="1" sum="20"/>
</round>
<round no="1"><cards type="Pocket" player="Rakki">H8 D7</cards>
<cards type="Pocket" player="OndaBianca1">X X</cards>
<cards type="Pocket" player="Nespi1991">X X</cards>
<action no="3" player="Nespi1991" type="0" discard="1" dealt="1" sum="0"/>
<action no="4" player="Rakki" type="3" sum="10"/>
<action no="5" player="OndaBianca1" type="23" discard="1" dealt="1" sum="60"/>
<action no="6" player="Rakki" type="0" sum="0"/>
</round>
</game>
<game gamecode="6478859694"><general><startdate>2025-09-14 16:56:10</startdate>
<round>1</round>
<failsafecounter/>
<players><player seat="6" name="Nespi1991" chips="395" dealer="0" win="80" bet="60" muck="1" rebuy="0" addon="0" merge="0" rebuychips="0" reg_code="5059782149"/>
<player seat="10" name="Rakki" chips="595" dealer="1" win="0" bet="0" muck="1" rebuy="0" addon="0" merge="0" rebuychips="0" reg_code="5059782188"/>
<player seat="3" name="OndaBianca1" chips="510" dealer="0" win="0" bet="40" muck="1" rebuy="0" addon="0" merge="0" rebuychips="0" reg_code="5059782097"/>
</players>
</general>
<round no="0"><action no="1" player="OndaBianca1" type="1" discard="1" dealt="1" sum="10"/>
<action no="2" player="Nespi1991" type="2" discard="1" dealt="1" sum="20"/>
</round>
<round no="1"><cards type="Pocket" player="Nespi1991">X X</cards>
<cards type="Pocket" player="OndaBianca1">X X</cards>
<cards type="Pocket" player="Rakki">D7 H10</cards>
<action no="3" player="Rakki" type="0" sum="0"/>
<action no="4" player="OndaBianca1" type="3" discard="1" dealt="1" sum="10"/>
<action no="5" player="Nespi1991" type="4" discard="1" dealt="1" sum="0"/>
</round>
<round no="2"><cards type="Flop">D6 S3 CQ</cards>
<action no="6" player="OndaBianca1" type="5" discard="1" dealt="1" sum="20"/>
<action no="7" player="Nespi1991" type="3" discard="1" dealt="1" sum="20"/>
</round>
<round no="3"><cards type="Turn">H2</cards>
<action no="8" player="OndaBianca1" type="4" discard="1" dealt="1" sum="0"/>
<action no="9" player="Nespi1991" type="5" discard="1" dealt="1" sum="20"/>
<action no="10" player="OndaBianca1" type="0" discard="1" dealt="1" sum="0"/>
</round>
</game>
<game gamecode="6478859738"><general><startdate>2025-09-14 16:56:36</startdate>
<round>1</round>
<failsafecounter/>
<players><player seat="10" name="Rakki" chips="595" dealer="0" win="40" bet="60" muck="1" rebuy="0" addon="0" merge="0" rebuychips="0" reg_code="5059782188"/>
<player seat="3" name="OndaBianca1" chips="470" dealer="1" win="0" bet="0" muck="1" rebuy="0" addon="0" merge="0" rebuychips="0" reg_code="5059782097"/>
<player seat="6" name="Nespi1991" chips="435" dealer="0" win="0" bet="20" muck="1" rebuy="0" addon="0" merge="0" rebuychips="0" reg_code="5059782149"/>
</players>
</general>
<round no="0"><action no="1" player="Nespi1991" type="1" discard="1" dealt="1" sum="10"/>
<action no="2" player="Rakki" type="2" sum="20"/>
</round>
<round no="1"><cards type="Pocket" player="Rakki">CJ HJ</cards>
<cards type="Pocket" player="Nespi1991">X X</cards>
<cards type="Pocket" player="OndaBianca1">X X</cards>
<action no="3" player="OndaBianca1" type="0" discard="1" dealt="1" sum="0"/>
<action no="4" player="Nespi1991" type="3" discard="1" dealt="1" sum="10"/>
<action no="5" player="Rakki" type="23" sum="60"/>
<action no="6" player="Nespi1991" type="0" discard="1" dealt="1" sum="0"/>
</round>
</game>
<game gamecode="6478859759"><general><startdate>2025-09-14 16:56:47</startdate>
<round>1</round>
<failsafecounter/>
<players><player seat="3" name="OndaBianca1" chips="470" dealer="0" win="0" bet="80" muck="1" rebuy="0" addon="0" merge="0" rebuychips="0" reg_code="5059782097"/>
<player seat="6" name="Nespi1991" chips="415" dealer="1" win="0" bet="0" muck="1" rebuy="0" addon="0" merge="0" rebuychips="0" reg_code="5059782149"/>
<player seat="10" name="Rakki" chips="615" dealer="0" win="160" bet="80" muck="0" rebuy="0" addon="0" merge="0" rebuychips="0" reg_code="5059782188"/>
</players>
</general>
<round no="0"><action no="1" player="Rakki" type="1" sum="10"/>
<action no="2" player="OndaBianca1" type="2" discard="1" dealt="1" sum="20"/>
</round>
<round no="1"><cards type="Pocket" player="Nespi1991">X X</cards>
<cards type="Pocket" player="Rakki">D6 H8</cards>
<cards type="Pocket" player="OndaBianca1">CA H2</cards>
<action no="3" player="Nespi1991" type="0" discard="1" dealt="1" sum="0"/>
<action no="4" player="Rakki" type="3" sum="10"/>
<action no="5" player="OndaBianca1" type="4" discard="1" dealt="1" sum="0"/>
</round>
<round no="2"><cards type="Flop">D7 S4 C8</cards>
<action no="6" player="Rakki" type="4" sum="0"/>
<action no="7" player="OndaBianca1" type="4" discard="1" dealt="1" sum="0"/>
</round>
<round no="3"><cards type="Turn">S3</cards>
<action no="8" player="Rakki" type="5" sum="30"/>
<action no="9" player="OndaBianca1" type="3" discard="1" dealt="1" sum="30"/>
</round>
<round no="4"><cards type="River">H5</cards>
<action no="10" player="Rakki" type="5" sum="30"/>
<action no="11" player="OndaBianca1" type="3" discard="1" dealt="1" sum="30"/>
</round>
</game>
<game gamecode="6478859828"><general><startdate>2025-09-14 16:57:32</startdate>
<round>1</round>
<failsafecounter/>
<players><player seat="6" name="Nespi1991" chips="415" dealer="0" win="785" bet="390" muck="0" rebuy="0" addon="0" merge="0" rebuychips="0" reg_code="5059782149"/>
<player seat="10" name="Rakki" chips="695" dealer="1" win="0" bet="5" muck="1" rebuy="0" addon="0" merge="0" rebuychips="0" reg_code="5059782188"/>
<player seat="3" name="OndaBianca1" chips="390" dealer="0" win="0" bet="390" muck="0" rebuy="0" addon="0" merge="0" rebuychips="0" reg_code="5059782097"/>
</players>
</general>
<round no="0"><action no="1" player="OndaBianca1" type="15" discard="1" dealt="1" sum="5"/>
<action no="2" player="Nespi1991" type="15" discard="1" dealt="1" sum="5"/>
<action no="3" player="Rakki" type="15" sum="5"/>
<action no="4" player="OndaBianca1" type="1" discard="1" dealt="1" sum="15"/>
<action no="5" player="Nespi1991" type="2" discard="1" dealt="1" sum="30"/>
</round>
<round no="1"><cards type="Pocket" player="OndaBianca1">SQ S5</cards>
<cards type="Pocket" player="Rakki">D5 C9</cards>
<cards type="Pocket" player="Nespi1991">CQ H10</cards>
<action no="6" player="Rakki" type="0" sum="0"/>
<action no="7" player="OndaBianca1" type="23" discard="1" dealt="1" sum="385"/>
<action no="8" player="Nespi1991" type="3" discard="1" dealt="1" sum="355"/>
</round>
<round no="2"><cards type="Flop">D7 D4 D8</cards>
</round>
<round no="3"><cards type="Turn">H7</cards>
</round>
<round no="4"><cards type="River">HA</cards>
</round>
</game>
<game gamecode="6478859864"><general><startdate>2025-09-14 16:57:53</startdate>
<round>1</round>
<failsafecounter/>
<players><player seat="10" name="Rakki" chips="690" dealer="0" win="70" bet="70" muck="1" rebuy="0" addon="0" merge="0" rebuychips="0" reg_code="5059782188"/>
<player seat="6" name="Nespi1991" chips="810" dealer="1" win="0" bet="35" muck="1" rebuy="0" addon="0" merge="0" rebuychips="0" reg_code="5059782149"/>
</players>
</general>
<round no="0"><action no="1" player="Nespi1991" type="15" discard="1" dealt="1" sum="5"/>
<action no="2" player="Rakki" type="15" sum="5"/>
<action no="3" player="Nespi1991" type="1" discard="1" dealt="1" sum="15"/>
<action no="4" player="Rakki" type="2" sum="30"/>
</round>
<round no="1"><cards type="Pocket" player="Rakki">C8 S7</cards>
<cards type="Pocket" player="Nespi1991">X X</cards>
<action no="5" player="Nespi1991" type="3" discard="1" dealt="1" sum="15"/>
<action no="6" player="Rakki" type="4" sum="0"/>
</round>
<round no="2"><cards type="Flop">H2 S3 H9</cards>
<action no="7" player="Rakki" type="4" sum="0"/>
<action no="8" player="Nespi1991" type="4" discard="1" dealt="1" sum="0"/>
</round>
<round no="3"><cards type="Turn">S9</cards>
<action no="9" player="Rakki" type="4" sum="0"/>
<action no="10" player="Nespi1991" type="4" discard="1" dealt="1" sum="0"/>
</round>
<round no="4"><cards type="River">S8</cards>
<action no="11" player="Rakki" type="5" sum="35"/>
<action no="12" player="Nespi1991" type="0" discard="1" dealt="1" sum="0"/>
</round>
</game>
<game gamecode="6478859886"><general><startdate>2025-09-14 16:58:12</startdate>
<round>1</round>
<failsafecounter/>
<players><player seat="6" name="Nespi1991" chips="775" dealer="0" win="70" bet="65" muck="1" rebuy="0" addon="0" merge="0" rebuychips="0" reg_code="5059782149"/>
<player seat="10" name="Rakki" chips="725" dealer="1" win="0" bet="35" muck="1" rebuy="0" addon="0" merge="0" rebuychips="0" reg_code="5059782188"/>
</players>
</general>
<round no="0"><action no="1" player="Rakki" type="15" sum="5"/>
<action no="2" player="Nespi1991" type="15" discard="1" dealt="1" sum="5"/>
<action no="3" player="Rakki" type="1" sum="15"/>
<action no="4" player="Nespi1991" type="2" discard="1" dealt="1" sum="30"/>
</round>
<round no="1"><cards type="Pocket" player="Rakki">S9 D6</cards>
<cards type="Pocket" player="Nespi1991">X X</cards>
<action no="5" player="Rakki" type="3" sum="15"/>
<action no="6" player="Nespi1991" type="4" discard="1" dealt="1" sum="0"/>
</round>
<round no="2"><cards type="Flop">DK C8 SQ</cards>
<action no="7" player="Nespi1991" type="5" discard="1" dealt="1" sum="30"/>
<action no="8" player="Rakki" type="0" sum="0"/>
</round>
</game>
<game gamecode="6478859903"><general><startdate>2025-09-14 16:58:21</startdate>
<round>1</round>
<failsafecounter/>
<players><player seat="10" name="Rakki" chips="690" dealer="0" win="130" bet="65" muck="0" rebuy="0" addon="0" merge="0" rebuychips="0" reg_code="5059782188"/>
<player seat="6" name="Nespi1991" chips="810" dealer="1" win="0" bet="65" muck="1" rebuy="0" addon="0" merge="0" rebuychips="0" reg_code="5059782149"/>
</players>
</general>
<round no="0"><action no="1" player="Nespi1991" type="15" discard="1" dealt="1" sum="5"/>
<action no="2" player="Rakki" type="15" sum="5"/>
<action no="3" player="Nespi1991" type="1" discard="1" dealt="1" sum="15"/>
<action no="4" player="Rakki" type="2" sum="30"/>
</round>
<round no="1"><cards type="Pocket" player="Rakki">D7 DJ</cards>
<cards type="Pocket" player="Nespi1991">HQ H2</cards>
<action no="5" player="Nespi1991" type="3" discard="1" dealt="1" sum="15"/>
<action no="6" player="Rakki" type="4" sum="0"/>
</round>
<round no="2"><cards type="Flop">CA C10 H7</cards>
<action no="7" player="Rakki" type="4" sum="0"/>
<action no="8" player="Nespi1991" type="4" discard="1" dealt="1" sum="0"/>
</round>
<round no="3"><cards type="Turn">C9</cards>
<action no="9" player="Rakki" type="4" sum="0"/>
<action no="10" player="Nespi1991" type="4" discard="1" dealt="1" sum="0"/>
</round>
<round no="4"><cards type="River">S2</cards>
<action no="11" player="Rakki" type="5" sum="30"/>
<action no="12" player="Nespi1991" type="3" discard="1" dealt="1" sum="30"/>
</round>
</game>
<game gamecode="6478859926"><general><startdate>2025-09-14 16:58:37</startdate>
<round>1</round>
<failsafecounter/>
<players><player seat="6" name="Nespi1991" chips="745" dealer="0" win="0" bet="310" muck="1" rebuy="0" addon="0" merge="0" rebuychips="0" reg_code="5059782149"/>
<player seat="10" name="Rakki" chips="755" dealer="1" win="620" bet="310" muck="0" rebuy="0" addon="0" merge="0" rebuychips="0" reg_code="5059782188"/>
</players>
</general>
<round no="0"><action no="1" player="Rakki" type="15" sum="5"/>
<action no="2" player="Nespi1991" type="15" discard="1" dealt="1" sum="5"/>
<action no="3" player="Rakki" type="1" sum="20"/>
<action no="4" player="Nespi1991" type="2" discard="1" dealt="1" sum="40"/>
</round>
<round no="1"><cards type="Pocket" player="Rakki">HA CJ</cards>
<cards type="Pocket" player="Nespi1991">C5 C8</cards>
<action no="5" player="Rakki" type="3" sum="20"/>
<action no="6" player="Nespi1991" type="4" discard="1" dealt="1" sum="0"/>
</round>
<round no="2"><cards type="Flop">CK HK SK</cards>
<action no="7" player="Nespi1991" type="4" discard="1" dealt="1" sum="0"/>
<action no="8" player="Rakki" type="5" sum="40"/>
<action no="9" player="Nespi1991" type="3" discard="1" dealt="1" sum="40"/>
</round>
<round no="3"><cards type="Turn">C7</cards>
<action no="10" player="Nespi1991" type="4" discard="1" dealt="1" sum="0"/>
<action no="11" player="Rakki" type="5" sum="40"/>
<action no="12" player="Nespi1991" type="3" discard="1" dealt="1" sum="40"/>
</round>
<round no="4"><cards type="River">CA</cards>
<action no="13" player="Nespi1991" type="5" discard="1" dealt="1" sum="40"/>
<action no="14" player="Rakki" type="23" sum="185"/>
<action no="15" player="Nespi1991" type="3" discard="1" dealt="1" sum="145"/>
</round>
</game>
<game gamecode="6478859951"><general><startdate>2025-09-14 16:58:55</startdate>
<round>1</round>
<failsafecounter/>
<players><player seat="10" name="Rakki" chips="1,065" dealer="0" win="50" bet="45" muck="1" rebuy="0" addon="0" merge="0" rebuychips="0" reg_code="5059782188"/>
<player seat="6" name="Nespi1991" chips="435" dealer="1" win="0" bet="25" muck="1" rebuy="0" addon="0" merge="0" rebuychips="0" reg_code="5059782149"/>
</players>
</general>
<round no="0"><action no="1" player="Nespi1991" type="15" discard="1" dealt="1" sum="5"/>
<action no="2" player="Rakki" type="15" sum="5"/>
<action no="3" player="Nespi1991" type="1" discard="1" dealt="1" sum="20"/>
<action no="4" player="Rakki" type="2" sum="40"/>
</round>
<round no="1"><cards type="Pocket" player="Nespi1991">X X</cards>
<cards type="Pocket" player="Rakki">CQ DA</cards>
<action no="5" player="Nespi1991" type="0" discard="1" dealt="1" sum="0"/>
</round>
</game>
<game gamecode="6478859957"><general><startdate>2025-09-14 16:59:00</startdate>
<round>1</round>
<failsafecounter/>
<players><player seat="6" name="Nespi1991" chips="410" dealer="0" win="0" bet="45" muck="1" rebuy="0" addon="0" merge="0" rebuychips="0" reg_code="5059782149"/>
<player seat="10" name="Rakki" chips="1,090" dealer="1" win="90" bet="85" muck="1" rebuy="0" addon="0" merge="0" rebuychips="0" reg_code="5059782188"/>
</players>
</general>
<round no="0"><action no="1" player="Rakki" type="15" sum="5"/>
<action no="2" player="Nespi1991" type="15" discard="1" dealt="1" sum="5"/>
<action no="3" player="Rakki" type="1" sum="20"/>
<action no="4" player="Nespi1991" type="2" discard="1" dealt="1" sum="40"/>
</round>
<round no="1"><cards type="Pocket" player="Nespi1991">X X</cards>
<cards type="Pocket" player="Rakki">D10 C7</cards>
<action no="5" player="Rakki" type="3" sum="20"/>
<action no="6" player="Nespi1991" type="4" discard="1" dealt="1" sum="0"/>
</round>
<round no="2"><cards type="Flop">S3 C8 C10</cards>
<action no="7" player="Nespi1991" type="4" discard="1" dealt="1" sum="0"/>
<action no="8" player="Rakki" type="5" sum="40"/>
<action no="9" player="Nespi1991" type="0" discard="1" dealt="1" sum="0"/>
</round>
</game>
<game gamecode="6478859971"><general><startdate>2025-09-14 16:59:09</startdate>
<round>1</round>
<failsafecounter/>
<players><player seat="10" name="Rakki" chips="1,135" dealer="0" win="50" bet="45" muck="1" rebuy="0" addon="0" merge="0" rebuychips="0" reg_code="5059782188"/>
<player seat="6" name="Nespi1991" chips="365" dealer="1" win="0" bet="25" muck="1" rebuy="0" addon="0" merge="0" rebuychips="0" reg_code="5059782149"/>
</players>
</general>
<round no="0"><action no="1" player="Nespi1991" type="15" discard="1" dealt="1" sum="5"/>
<action no="2" player="Rakki" type="15" sum="5"/>
<action no="3" player="Nespi1991" type="1" discard="1" dealt="1" sum="20"/>
<action no="4" player="Rakki" type="2" sum="40"/>
</round>
<round no="1"><cards type="Pocket" player="Nespi1991">X X</cards>
<cards type="Pocket" player="Rakki">SA D5</cards>
<action no="5" player="Nespi1991" type="0" discard="1" dealt="1" sum="0"/>
</round>
</game>
<game gamecode="6478859979"><general><startdate>2025-09-14 16:59:14</startdate>
<round>1</round>
<failsafecounter/>
<players><player seat="6" name="Nespi1991" chips="340" dealer="0" win="90" bet="340" muck="1" rebuy="0" addon="0" merge="0" rebuychips="0" reg_code="5059782149"/>
<player seat="10" name="Rakki" chips="1,160" dealer="1" win="0" bet="45" muck="1" rebuy="0" addon="0" merge="0" rebuychips="0" reg_code="5059782188"/>
</players>
</general>
<round no="0"><action no="1" player="Rakki" type="15" sum="5"/>
<action no="2" player="Nespi1991" type="15" discard="1" dealt="1" sum="5"/>
<action no="3" player="Rakki" type="1" sum="20"/>
<action no="4" player="Nespi1991" type="2" discard="1" dealt="1" sum="40"/>
</round>
<round no="1"><cards type="Pocket" player="Rakki">S2 CQ</cards>
<cards type="Pocket" player="Nespi1991">X X</cards>
<action no="5" player="Rakki" type="3" sum="20"/>
<action no="6" player="Nespi1991" type="23" discard="1" dealt="1" sum="335"/>
<action no="7" player="Rakki" type="0" sum="0"/>
</round>
</game>
<game gamecode="6478869373"><general><startdate>2025-09-14 16:59:23</startdate>
<round>1</round>
<failsafecounter/>
<players><player seat="10" name="Rakki" chips="1,115" dealer="0" win="50" bet="45" muck="1" rebuy="0" addon="0" merge="0" rebuychips="0" reg_code="5059782188"/>
<player seat="6" name="Nespi1991" chips="385" dealer="1" win="0" bet="25" muck="1" rebuy="0" addon="0" merge="0" rebuychips="0" reg_code="5059782149"/>
</players>
</general>
<round no="0"><action no="1" player="Nespi1991" type="15" discard="1" dealt="1" sum="5"/>
<action no="2" player="Rakki" type="15" sum="5"/>
<action no="3" player="Nespi1991" type="1" discard="1" dealt="1" sum="20"/>
<action no="4" player="Rakki" type="2" sum="40"/>
</round>
<round no="1"><cards type="Pocket" player="Rakki">S7 CJ</cards>
<cards type="Pocket" player="Nespi1991">X X</cards>
<action no="5" player="Nespi1991" type="0" discard="1" dealt="1" sum="0"/>
</round>
</game>
<game gamecode="6478869379"><general><startdate>2025-09-14 16:59:28</startdate>
<round>1</round>
<failsafecounter/>
<players><player seat="6" name="Nespi1991" chips="360" dealer="0" win="720" bet="360" muck="0" rebuy="0" addon="0" merge="0" rebuychips="0" reg_code="5059782149"/>
<player seat="10" name="Rakki" chips="1,140" dealer="1" win="0" bet="1,140" muck="1" rebuy="0" addon="0" merge="0" rebuychips="0" reg_code="5059782188"/>
</players>
</general>
<round no="0"><action no="1" player="Rakki" type="15" sum="5"/>
<action no="2" player="Nespi1991" type="15" discard="1" dealt="1" sum="5"/>
<action no="3" player="Rakki" type="1" sum="20"/>
<action no="4" player="Nespi1991" type="2" discard="1" dealt="1" sum="40"/>
</round>
<round no="1"><cards type="Pocket" player="Rakki">S9 DA</cards>
<cards type="Pocket" player="Nespi1991">HA SK</cards>
<action no="5" player="Rakki" type="23" sum="1,135"/>
<action no="6" player="Nespi1991" type="7" discard="1" dealt="1" sum="315"/>
</round>
<round no="2"><cards type="Flop">D6 C7 H8</cards>
</round>
<round no="3"><cards type="Turn">S4</cards>
</round>
<round no="4"><cards type="River">HQ</cards>
</round>
</game>
<game gamecode="6478869396"><general><startdate>2025-09-14 16:59:43</startdate>
<round>1</round>
<failsafecounter/>
<players><player seat="10" name="Rakki" chips="780" dealer="0" win="0" bet="85" muck="1" rebuy="0" addon="0" merge="0" rebuychips="0" reg_code="5059782188"/>
<player seat="6" name="Nespi1991" chips="720" dealer="1" win="170" bet="125" muck="1" rebuy="0" addon="0" merge="0" rebuychips="0" reg_code="5059782149"/>
</players>
</general>
<round no="0"><action no="1" player="Nespi1991" type="15" discard="1" dealt="1" sum="5"/>
<action no="2" player="Rakki" type="15" sum="5"/>
<action no="3" player="Nespi1991" type="1" discard="1" dealt="1" sum="20"/>
<action no="4" player="Rakki" type="2" sum="40"/>
</round>
<round no="1"><cards type="Pocket" player="Rakki">H7 D4</cards>
<cards type="Pocket" player="Nespi1991">X X</cards>
<action no="5" player="Nespi1991" type="23" discard="1" dealt="1" sum="80"/>
<action no="6" player="Rakki" type="3" sum="40"/>
</round>
<round no="2"><cards type="Flop">CA DK HQ</cards>
<action no="7" player="Rakki" type="4" sum="0"/>
<action no="8" player="Nespi1991" type="4" discard="1" dealt="1" sum="0"/>
</round>
<round no="3"><cards type="Turn">S9</cards>
<action no="9" player="Rakki" type="4" sum="0"/>
<action no="10" player="Nespi1991" type="5" discard="1" dealt="1" sum="40"/>
<action no="11" player="Rakki" type="0" sum="0"/>
</round>
</game>
<game gamecode="6478869427"><general><startdate>2025-09-14 17:00:01</startdate>
<round>1</round>
<failsafecounter/>
<players><player seat="6" name="Nespi1991" chips="805" dealer="0" win="0" bet="695" muck="1" rebuy="0" addon="0" merge="0" rebuychips="0" reg_code="5059782149"/>
<player seat="10" name="Rakki" chips="695" dealer="1" win="1,390" bet="695" muck="0" rebuy="0" addon="0" merge="0" rebuychips="0" reg_code="5059782188"/>
</players>
</general>
<round no="0"><action no="1" player="Rakki" type="15" sum="5"/>
<action no="2" player="Nespi1991" type="15" discard="1" dealt="1" sum="5"/>
<action no="3" player="Rakki" type="1" sum="20"/>
<action no="4" player="Nespi1991" type="2" discard="1" dealt="1" sum="40"/>
</round>
<round no="1"><cards type="Pocket" player="Nespi1991">DA DQ</cards>
<cards type="Pocket" player="Rakki">CJ DK</cards>
<action no="5" player="Rakki" type="23" sum="80"/>
<action no="6" player="Nespi1991" type="23" discard="1" dealt="1" sum="160"/>
<action no="7" player="Rakki" type="3" sum="80"/>
</round>
<round no="2"><cards type="Flop">C7 H9 D10</cards>
<action no="8" player="Nespi1991" type="5" discard="1" dealt="1" sum="40"/>
<action no="9" player="Rakki" type="23" sum="530"/>
<action no="10" player="Nespi1991" type="3" discard="1" dealt="1" sum="490"/>
</round>
<round no="3"><cards type="Turn">SJ</cards>
</round>
<round no="4"><cards type="River">H2</cards>
</round>
</game>
<game gamecode="6478869453"><general><startdate>2025-09-14 17:00:23</startdate>
<round>1</round>
<failsafecounter/>
<players><player seat="10" name="Rakki" chips="1,390" dealer="0" win="0" bet="110" muck="1" rebuy="0" addon="0" merge="0" rebuychips="0" reg_code="5059782188"/>
<player seat="6" name="Nespi1991" chips="110" dealer="1" win="220" bet="110" muck="0" rebuy="0" addon="0" merge="0" rebuychips="0" reg_code="5059782149"/>
</players>
</general>
<round no="0"><action no="1" player="Nespi1991" type="15" discard="1" dealt="1" sum="5"/>
<action no="2" player="Rakki" type="15" sum="5"/>
<action no="3" player="Nespi1991" type="1" discard="1" dealt="1" sum="30"/>
<action no="4" player="Rakki" type="2" sum="60"/>
</round>
<round no="1"><cards type="Pocket" player="Nespi1991">C3 S10</cards>
<cards type="Pocket" player="Rakki">D9 C8</cards>
<action no="5" player="Nespi1991" type="7" discard="1" dealt="1" sum="75"/>
<action no="6" player="Rakki" type="3" sum="45"/>
</round>
<round no="2"><cards type="Flop">S5 H10 H9</cards>
</round>
<round no="3"><cards type="Turn">C2</cards>
</round>
<round no="4"><cards type="River">S7</cards>
</round>
</game>
<game gamecode="6478869472"><general><startdate>2025-09-14 17:00:37</startdate>
<round>1</round>
<failsafecounter/>
<players><player seat="6" name="Nespi1991" chips="220" dealer="0" win="0" bet="65" muck="1" rebuy="0" addon="0" merge="0" rebuychips="0" reg_code="5059782149"/>
<player seat="10" name="Rakki" chips="1,280" dealer="1" win="130" bet="1,280" muck="1" rebuy="0" addon="0" merge="0" rebuychips="0" reg_code="5059782188"/>
</players>
</general>
<round no="0"><action no="1" player="Rakki" type="15" sum="5"/>
<action no="2" player="Nespi1991" type="15" discard="1" dealt="1" sum="5"/>
<action no="3" player="Rakki" type="1" sum="30"/>
<action no="4" player="Nespi1991" type="2" discard="1" dealt="1" sum="60"/>
</round>
<round no="1"><cards type="Pocket" player="Nespi1991">X X</cards>
<cards type="Pocket" player="Rakki">DK H3</cards>
<action no="5" player="Rakki" type="23" sum="1,275"/>
<action no="6" player="Nespi1991" type="0" discard="1" dealt="1" sum="0"/>
</round>
</game>
<game gamecode="6478869478"><general><startdate>2025-09-14 17:00:43</startdate>
<round>1</round>
<failsafecounter/>
<players><player seat="10" name="Rakki" chips="1,345" dealer="0" win="70" bet="65" muck="1" rebuy="0" addon="0" merge="0" rebuychips="0" reg_code="5059782188"/>
<player seat="6" name="Nespi1991" chips="155" dealer="1" win="0" bet="35" muck="1" rebuy="0" addon="0" merge="0" rebuychips="0" reg_code="5059782149"/>
</players>
</general>
<round no="0"><action no="1" player="Nespi1991" type="15" discard="1" dealt="1" sum="5"/>
<action no="2" player="Rakki" type="15" sum="5"/>
<action no="3" player="Nespi1991" type="1" discard="1" dealt="1" sum="30"/>
<action no="4" player="Rakki" type="2" sum="60"/>
</round>
<round no="1"><cards type="Pocket" player="Nespi1991">X X</cards>
<cards type="Pocket" player="Rakki">S4 DJ</cards>
<action no="5" player="Nespi1991" type="0" discard="1" dealt="1" sum="0"/>
</round>
</game>
<game gamecode="6478869483"><general><startdate>2025-09-14 17:00:49</startdate>
<round>1</round>
<failsafecounter/>
<players><player seat="6" name="Nespi1991" chips="120" dealer="0" win="240" bet="120" muck="0" rebuy="0" addon="0" merge="0" rebuychips="0" reg_code="5059782149"/>
<player seat="10" name="Rakki" chips="1,380" dealer="1" win="0" bet="125" muck="1" rebuy="0" addon="0" merge="0" rebuychips="0" reg_code="5059782188"/>
</players>
</general>
<round no="0"><action no="1" player="Rakki" type="15" sum="5"/>
<action no="2" player="Nespi1991" type="15" discard="1" dealt="1" sum="5"/>
<action no="3" player="Rakki" type="1" sum="30"/>
<action no="4" player="Nespi1991" type="2" discard="1" dealt="1" sum="60"/>
</round>
<round no="1"><cards type="Pocket" player="Rakki">D6 DK</cards>
<cards type="Pocket" player="Nespi1991">CQ CJ</cards>
<action no="5" player="Rakki" type="23" sum="120"/>
<action no="6" player="Nespi1991" type="7" discard="1" dealt="1" sum="55"/>
</round>
<round no="2"><cards type="Flop">SQ C2 DQ</cards>
</round>
<round no="3"><cards type="Turn">DA</cards>
</round>
<round no="4"><cards type="River">H4</cards>
</round>
</game>
<game gamecode="6478869505"><general><startdate>2025-09-14 17:01:07</startdate>
<round>1</round>
<failsafecounter/>
<players><player seat="10" name="Rakki" chips="1,260" dealer="0" win="480" bet="240" muck="0" rebuy="0" addon="0" merge="0" rebuychips="0" reg_code="5059782188"/>
<player seat="6" name="Nespi1991" chips="240" dealer="1" win="0" bet="240" muck="0" rebuy="0" addon="0" merge="0" rebuychips="0" reg_code="5059782149"/>
</players>
</general>
<round no="0"><action no="1" player="Nespi1991" type="15" discard="1" dealt="1" sum="5"/>
<action no="2" player="Rakki" type="15" sum="5"/>
<action no="3" player="Nespi1991" type="1" discard="1" dealt="1" sum="30"/>
<action no="4" player="Rakki" type="2" sum="60"/>
</round>
<round no="1"><cards type="Pocket" player="Nespi1991">S7 DA</cards>
<cards type="Pocket" player="Rakki">HQ SA</cards>
<action no="5" player="Nespi1991" type="23" discard="1" dealt="1" sum="235"/>
<action no="6" player="Rakki" type="3" sum="175"/>
</round>
<round no="2"><cards type="Flop">D8 DQ D10</cards>
</round>
<round no="3"><cards type="Turn">H6</cards>
</round>
<round no="4"><cards type="River">CJ</cards>
</round>
</game>
</session>
