<?xml version="1.0" encoding="UTF-8"?>
<session sessioncode="5059774779">
<general>
<client_version>25.1.1.16</client_version>
<mode>real</mode>
<gametype>Holdem NL</gametype>
<tablename>Twister €200 SNG, 817711914</tablename>
<tournamentcode>817711913</tournamentcode>
<tournamentname>Twister €200 SNG</tournamentname>
<buyin>€0 + €12 + €188</buyin>
<totalbuyin>€200</totalbuyin>
<rewarddrawn>€600</rewarddrawn>
<tournamentcurrency>EUR</tournamentcurrency>
<currency>EUR</currency>
<nickname>Rakki</nickname>
<gamecount>17</gamecount>
<startdate>2025-09-14 16:25:24</startdate>
<place>1</place>
<win>€600</win>
<tablesize>3</tablesize>
</general>
<game gamecode="6478837008"><general><startdate>2025-09-14 16:25:39</startdate>
<round>1</round>
<failsafecounter/>
<players><player seat="10" name="fefe1505" chips="500" dealer="0" win="20" bet="20" muck="1" rebuy="0" addon="0" merge="0" rebuychips="0" reg_code="5059775863"/>
<player seat="3" name="Rakki" chips="500" dealer="1" win="0" bet="0" muck="1" rebuy="0" addon="0" merge="0" rebuychips="0" reg_code="5059774779"/>
<player seat="6" name="OndaBianca1" chips="500" dealer="0" win="0" bet="10" muck="1" rebuy="0" addon="0" merge="0" rebuychips="0" reg_code="5059775387"/>
</players>
</general>
<round no="0"><action no="1" player="OndaBianca1" type="1" discard="1" dealt="1" sum="10"/>
<action no="2" player="fefe1505" type="2" discard="1" dealt="1" sum="20"/>
</round>
<round no="1"><cards type="Pocket" player="OndaBianca1">X X</cards>
<cards type="Pocket" player="fefe1505">X X</cards>
<cards type="Pocket" player="Rakki">D2 C6</cards>
<action no="3" player="Rakki" type="0" sum="0"/>
<action no="4" player="OndaBianca1" type="0" discard="1" dealt="1" sum="0"/>
</round>
</game>
<game gamecode="6478837024"><general><startdate>2025-09-14 16:25:47</startdate>
<round>1</round>
<failsafecounter/>
<players><player seat="3" name="Rakki" chips="500" dealer="0" win="0" bet="20" muck="1" rebuy="0" addon="0" merge="0" rebuychips="0" reg_code="5059774779"/>
<player seat="6" name="OndaBianca1" chips="490" dealer="1" win="0" bet="0" muck="1" rebuy="0" addon="0" merge="0" rebuychips="0" reg_code="5059775387"/>
<player seat="10" name="fefe1505" chips="510" dealer="0" win="40" bet="60" muck="1" rebuy="0" addon="0" merge="0" rebuychips="0" reg_code="5059775863"/>
</players>
</general>
<round no="0"><action no="1" player="fefe1505" type="1" discard="1" dealt="1" sum="10"/>
<action no="2" player="Rakki" type="2" sum="20"/>
</round>
<round no="1"><cards type="Pocket" player="Rakki">H6 SQ</cards>
<cards type="Pocket" player="fefe1505">X X</cards>
<cards type="Pocket" player="OndaBianca1">X X</cards>
<action no="3" player="OndaBianca1" type="0" discard="1" dealt="1" sum="0"/>
<action no="4" player="fefe1505" type="3" discard="1" dealt="1" sum="10"/>
<action no="5" player="Rakki" type="4" sum="0"/>
</round>
<round no="2"><cards type="Flop">DK D8 SK</cards>
<action no="6" player="fefe1505" type="4" discard="1" dealt="1" sum="0"/>
<action no="7" player="Rakki" type="4" sum="0"/>
</round>
<round no="3"><cards type="Turn">C5</cards>
<action no="8" player="fefe1505" type="5" discard="1" dealt="1" sum="40"/>
<action no="9" player="Rakki" type="0" sum="0"/>
</round>
</game>
<game gamecode="6478837061"><general><startdate>2025-09-14 16:26:12</startdate>
<round>1</round>
<failsafecounter/>
<players><player seat="6" name="OndaBianca1" chips="490" dealer="0" win="0" bet="60" muck="1" rebuy="0" addon="0" merge="0" rebuychips="0" reg_code="5059775387"/>
<player seat="10" name="fefe1505" chips="530" dealer="1" win="180" bet="100" muck="1" rebuy="0" addon="0" merge="0" rebuychips="0" reg_code="5059775863"/>
<player seat="3" name="Rakki" chips="480" dealer="0" win="0" bet="60" muck="1" rebuy="0" addon="0" merge="0" rebuychips="0" reg_code="5059774779"/>
</players>
</general>
<round no="0"><action no="1" player="Rakki" type="1" sum="10"/>
<action no="2" player="OndaBianca1" type="2" discard="1" dealt="1" sum="20"/>
</round>
<round no="1"><cards type="Pocket" player="Rakki">H8 HK</cards>
<cards type="Pocket" player="OndaBianca1">X X</cards>
<cards type="Pocket" player="fefe1505">X X</cards>
<action no="3" player="fefe1505" type="3" discard="1" dealt="1" sum="20"/>
<action no="4" player="Rakki" type="3" sum="10"/>
<action no="5" player="OndaBianca1" type="4" discard="1" dealt="1" sum="0"/>
</round>
<round no="2"><cards type="Flop">C3 CQ C4</cards>
<action no="6" player="Rakki" type="4" sum="0"/>
<action no="7" player="OndaBianca1" type="4" discard="1" dealt="1" sum="0"/>
<action no="8" player="fefe1505" type="4" discard="1" dealt="1" sum="0"/>
</round>
<round no="3"><cards type="Turn">SK</cards>
<action no="9" player="Rakki" type="5" sum="40"/>
<action no="10" player="OndaBianca1" type="3" discard="1" dealt="1" sum="40"/>
<action no="11" player="fefe1505" type="23" discard="1" dealt="1" sum="80"/>
<action no="12" player="Rakki" type="0" sum="0"/>
<action no="13" player="OndaBianca1" type="0" discard="1" dealt="1" sum="0"/>
</round>
</game>
<game gamecode="6478837112"><general><startdate>2025-09-14 16:26:54</startdate>
<round>1</round>
<failsafecounter/>
<players><player seat="10" name="fefe1505" chips="650" dealer="0" win="256" bet="128" muck="0" rebuy="0" addon="0" merge="0" rebuychips="0" reg_code="5059775863"/>
<player seat="3" name="Rakki" chips="420" dealer="1" win="0" bet="0" muck="1" rebuy="0" addon="0" merge="0" rebuychips="0" reg_code="5059774779"/>
<player seat="6" name="OndaBianca1" chips="430" dealer="0" win="0" bet="128" muck="1" rebuy="0" addon="0" merge="0" rebuychips="0" reg_code="5059775387"/>
</players>
</general>
<round no="0"><action no="1" player="OndaBianca1" type="1" discard="1" dealt="1" sum="10"/>
<action no="2" player="fefe1505" type="2" discard="1" dealt="1" sum="20"/>
</round>
<round no="1"><cards type="Pocket" player="OndaBianca1">D4 D3</cards>
<cards type="Pocket" player="fefe1505">S4 C5</cards>
<cards type="Pocket" player="Rakki">H8 S2</cards>
<action no="3" player="Rakki" type="0" sum="0"/>
<action no="4" player="OndaBianca1" type="3" discard="1" dealt="1" sum="10"/>
<action no="5" player="fefe1505" type="23" discard="1" dealt="1" sum="40"/>
<action no="6" player="OndaBianca1" type="3" discard="1" dealt="1" sum="20"/>
</round>
<round no="2"><cards type="Flop">DJ DA HJ</cards>
<action no="7" player="OndaBianca1" type="4" discard="1" dealt="1" sum="0"/>
<action no="8" player="fefe1505" type="5" discard="1" dealt="1" sum="33"/>
<action no="9" player="OndaBianca1" type="3" discard="1" dealt="1" sum="33"/>
</round>
<round no="3"><cards type="Turn">H5</cards>
<action no="10" player="OndaBianca1" type="4" discard="1" dealt="1" sum="0"/>
<action no="11" player="fefe1505" type="5" discard="1" dealt="1" sum="55"/>
<action no="12" player="OndaBianca1" type="3" discard="1" dealt="1" sum="55"/>
</round>
<round no="4"><cards type="River">C3</cards>
<action no="13" player="OndaBianca1" type="4" discard="1" dealt="1" sum="0"/>
<action no="14" player="fefe1505" type="4" discard="1" dealt="1" sum="0"/>
</round>
</game>
<game gamecode="6478837151"><general><startdate>2025-09-14 16:27:29</startdate>
<round>1</round>
<failsafecounter/>
<players><player seat="3" name="Rakki" chips="420" dealer="0" win="45" bet="35" muck="1" rebuy="0" addon="0" merge="0" rebuychips="0" reg_code="5059774779"/>
<player seat="6" name="OndaBianca1" chips="302" dealer="1" win="0" bet="5" muck="1" rebuy="0" addon="0" merge="0" rebuychips="0" reg_code="5059775387"/>
<player seat="10" name="fefe1505" chips="778" dealer="0" win="0" bet="20" muck="1" rebuy="0" addon="0" merge="0" rebuychips="0" reg_code="5059775863"/>
</players>
</general>
<round no="0"><action no="1" player="fefe1505" type="15" discard="1" dealt="1" sum="5"/>
<action no="2" player="Rakki" type="15" sum="5"/>
<action no="3" player="OndaBianca1" type="15" discard="1" dealt="1" sum="5"/>
<action no="4" player="fefe1505" type="1" discard="1" dealt="1" sum="15"/>
<action no="5" player="Rakki" type="2" sum="30"/>
</round>
<round no="1"><cards type="Pocket" player="Rakki">CK S3</cards>
<cards type="Pocket" player="fefe1505">X X</cards>
<cards type="Pocket" player="OndaBianca1">X X</cards>
<action no="6" player="OndaBianca1" type="0" discard="1" dealt="1" sum="0"/>
<action no="7" player="fefe1505" type="0" discard="1" dealt="1" sum="0"/>
</round>
</game>
<game gamecode="6478837159"><general><startdate>2025-09-14 16:27:38</startdate>
<round>1</round>
<failsafecounter/>
<players><player seat="6" name="OndaBianca1" chips="297" dealer="0" win="75" bet="297" muck="1" rebuy="0" addon="0" merge="0" rebuychips="0" reg_code="5059775387"/>
<player seat="10" name="fefe1505" chips="758" dealer="1" win="0" bet="5" muck="1" rebuy="0" addon="0" merge="0" rebuychips="0" reg_code="5059775863"/>
<player seat="3" name="Rakki" chips="445" dealer="0" win="0" bet="35" muck="1" rebuy="0" addon="0" merge="0" rebuychips="0" reg_code="5059774779"/>
</players>
</general>
<round no="0"><action no="1" player="Rakki" type="15" sum="5"/>
<action no="2" player="OndaBianca1" type="15" discard="1" dealt="1" sum="5"/>
<action no="3" player="fefe1505" type="15" discard="1" dealt="1" sum="5"/>
<action no="4" player="Rakki" type="1" sum="15"/>
<action no="5" player="OndaBianca1" type="2" discard="1" dealt="1" sum="30"/>
</round>
<round no="1"><cards type="Pocket" player="Rakki">DJ H7</cards>
<cards type="Pocket" player="fefe1505">X X</cards>
<cards type="Pocket" player="OndaBianca1">X X</cards>
<action no="6" player="fefe1505" type="0" discard="1" dealt="1" sum="0"/>
<action no="7" player="Rakki" type="3" sum="15"/>
<action no="8" player="OndaBianca1" type="23" discard="1" dealt="1" sum="292"/>
<action no="9" player="Rakki" type="0" sum="0"/>
</round>
</game>
<game gamecode="6478837174"><general><startdate>2025-09-14 16:27:51</startdate>
<round>1</round>
<failsafecounter/>
<players><player seat="10" name="fefe1505" chips="753" dealer="0" win="0" bet="35" muck="1" rebuy="0" addon="0" merge="0" rebuychips="0" reg_code="5059775863"/>
<player seat="3" name="Rakki" chips="410" dealer="1" win="0" bet="5" muck="1" rebuy="0" addon="0" merge="0" rebuychips="0" reg_code="5059774779"/>
<player seat="6" name="OndaBianca1" chips="337" dealer="0" win="75" bet="73" muck="1" rebuy="0" addon="0" merge="0" rebuychips="0" reg_code="5059775387"/>
</players>
</general>
<round no="0"><action no="1" player="OndaBianca1" type="15" discard="1" dealt="1" sum="5"/>
<action no="2" player="fefe1505" type="15" discard="1" dealt="1" sum="5"/>
<action no="3" player="Rakki" type="15" sum="5"/>
<action no="4" player="OndaBianca1" type="1" discard="1" dealt="1" sum="15"/>
<action no="5" player="fefe1505" type="2" discard="1" dealt="1" sum="30"/>
</round>
<round no="1"><cards type="Pocket" player="Rakki">S9 H7</cards>
<cards type="Pocket" player="OndaBianca1">X X</cards>
<cards type="Pocket" player="fefe1505">X X</cards>
<action no="6" player="Rakki" type="0" sum="0"/>
<action no="7" player="OndaBianca1" type="3" discard="1" dealt="1" sum="15"/>
<action no="8" player="fefe1505" type="4" discard="1" dealt="1" sum="0"/>
</round>
<round no="2"><cards type="Flop">D10 H6 DJ</cards>
<action no="9" player="OndaBianca1" type="4" discard="1" dealt="1" sum="0"/>
<action no="10" player="fefe1505" type="4" discard="1" dealt="1" sum="0"/>
</round>
<round no="3"><cards type="Turn">S5</cards>
<action no="11" player="OndaBianca1" type="5" discard="1" dealt="1" sum="38"/>
<action no="12" player="fefe1505" type="0" discard="1" dealt="1" sum="0"/>
</round>
</game>
<game gamecode="6478837198"><general><startdate>2025-09-14 16:28:12</startdate>
<round>1</round>
<failsafecounter/>
<players><player seat="3" name="Rakki" chips="405" dealer="0" win="150" bet="155" muck="1" rebuy="0" addon="0" merge="0" rebuychips="0" reg_code="5059774779"/>
<player seat="6" name="OndaBianca1" chips="377" dealer="1" win="0" bet="65" muck="1" rebuy="0" addon="0" merge="0" rebuychips="0" reg_code="5059775387"/>
<player seat="10" name="fefe1505" chips="718" dealer="0" win="0" bet="20" muck="1" rebuy="0" addon="0" merge="0" rebuychips="0" reg_code="5059775863"/>
</players>
</general>
<round no="0"><action no="1" player="fefe1505" type="15" discard="1" dealt="1" sum="5"/>
<action no="2" player="Rakki" type="15" sum="5"/>
<action no="3" player="OndaBianca1" type="15" discard="1" dealt="1" sum="5"/>
<action no="4" player="fefe1505" type="1" discard="1" dealt="1" sum="15"/>
<action no="5" player="Rakki" type="2" sum="30"/>
</round>
<round no="1"><cards type="Pocket" player="OndaBianca1">X X</cards>
<cards type="Pocket" player="fefe1505">X X</cards>
<cards type="Pocket" player="Rakki">H3 HK</cards>
<action no="6" player="OndaBianca1" type="23" discard="1" dealt="1" sum="60"/>
<action no="7" player="fefe1505" type="0" discard="1" dealt="1" sum="0"/>
<action no="8" player="Rakki" type="3" sum="30"/>
</round>
<round no="2"><cards type="Flop">SJ DQ C8</cards>
<action no="9" player="Rakki" type="4" sum="0"/>
<action no="10" player="OndaBianca1" type="4" discard="1" dealt="1" sum="0"/>
</round>
<round no="3"><cards type="Turn">SQ</cards>
<action no="11" player="Rakki" type="4" sum="0"/>
<action no="12" player="OndaBianca1" type="4" discard="1" dealt="1" sum="0"/>
</round>
<round no="4"><cards type="River">S10</cards>
<action no="13" player="Rakki" type="5" sum="90"/>
<action no="14" player="OndaBianca1" type="0" discard="1" dealt="1" sum="0"/>
</round>
</game>
<game gamecode="6478837235"><general><startdate>2025-09-14 16:28:41</startdate>
<round>1</round>
<failsafecounter/>
<players><player seat="6" name="OndaBianca1" chips="312" dealer="0" win="0" bet="35" muck="1" rebuy="0" addon="0" merge="0" rebuychips="0" reg_code="5059775387"/>
<player seat="10" name="fefe1505" chips="698" dealer="1" win="90" bet="95" muck="1" rebuy="0" addon="0" merge="0" rebuychips="0" reg_code="5059775863"/>
<player seat="3" name="Rakki" chips="490" dealer="0" win="0" bet="20" muck="1" rebuy="0" addon="0" merge="0" rebuychips="0" reg_code="5059774779"/>
</players>
</general>
<round no="0"><action no="1" player="Rakki" type="15" sum="5"/>
<action no="2" player="OndaBianca1" type="15" discard="1" dealt="1" sum="5"/>
<action no="3" player="fefe1505" type="15" discard="1" dealt="1" sum="5"/>
<action no="4" player="Rakki" type="1" sum="15"/>
<action no="5" player="OndaBianca1" type="2" discard="1" dealt="1" sum="30"/>
</round>
<round no="1"><cards type="Pocket" player="fefe1505">X X</cards>
<cards type="Pocket" player="OndaBianca1">X X</cards>
<cards type="Pocket" player="Rakki">C2 C7</cards>
<action no="6" player="fefe1505" type="23" discard="1" dealt="1" sum="90"/>
<action no="7" player="Rakki" type="0" sum="0"/>
<action no="8" player="OndaBianca1" type="0" discard="1" dealt="1" sum="0"/>
</round>
</game>
<game gamecode="6478837246"><general><startdate>2025-09-14 16:28:52</startdate>
<round>1</round>
<failsafecounter/>
<players><player seat="10" name="fefe1505" chips="753" dealer="0" win="0" bet="35" muck="1" rebuy="0" addon="0" merge="0" rebuychips="0" reg_code="5059775863"/>
<player seat="3" name="Rakki" chips="470" dealer="1" win="0" bet="5" muck="1" rebuy="0" addon="0" merge="0" rebuychips="0" reg_code="5059774779"/>
<player seat="6" name="OndaBianca1" chips="277" dealer="0" win="75" bet="277" muck="1" rebuy="0" addon="0" merge="0" rebuychips="0" reg_code="5059775387"/>
</players>
</general>
<round no="0"><action no="1" player="OndaBianca1" type="15" discard="1" dealt="1" sum="5"/>
<action no="2" player="fefe1505" type="15" discard="1" dealt="1" sum="5"/>
<action no="3" player="Rakki" type="15" sum="5"/>
<action no="4" player="OndaBianca1" type="1" discard="1" dealt="1" sum="15"/>
<action no="5" player="fefe1505" type="2" discard="1" dealt="1" sum="30"/>
</round>
<round no="1"><cards type="Pocket" player="fefe1505">X X</cards>
<cards type="Pocket" player="OndaBianca1">X X</cards>
<cards type="Pocket" player="Rakki">HQ C2</cards>
<action no="6" player="Rakki" type="0" sum="0"/>
<action no="7" player="OndaBianca1" type="23" discard="1" dealt="1" sum="272"/>
<action no="8" player="fefe1505" type="0" discard="1" dealt="1" sum="0"/>
</round>
</game>
<game gamecode="6478837257"><general><startdate>2025-09-14 16:29:04</startdate>
<round>1</round>
<failsafecounter/>
<players><player seat="3" name="Rakki" chips="465" dealer="0" win="575" bet="285" muck="0" rebuy="0" addon="0" merge="0" rebuychips="0" reg_code="5059774779"/>
<player seat="6" name="OndaBianca1" chips="317" dealer="1" win="0" bet="5" muck="1" rebuy="0" addon="0" merge="0" rebuychips="0" reg_code="5059775387"/>
<player seat="10" name="fefe1505" chips="718" dealer="0" win="0" bet="285" muck="1" rebuy="0" addon="0" merge="0" rebuychips="0" reg_code="5059775863"/>
</players>
</general>
<round no="0"><action no="1" player="fefe1505" type="15" discard="1" dealt="1" sum="5"/>
<action no="2" player="Rakki" type="15" sum="5"/>
<action no="3" player="OndaBianca1" type="15" discard="1" dealt="1" sum="5"/>
<action no="4" player="fefe1505" type="1" discard="1" dealt="1" sum="20"/>
<action no="5" player="Rakki" type="2" sum="40"/>
</round>
<round no="1"><cards type="Pocket" player="Rakki">D8 DK</cards>
<cards type="Pocket" player="OndaBianca1">X X</cards>
<cards type="Pocket" player="fefe1505">C6 CQ</cards>
<action no="6" player="OndaBianca1" type="0" discard="1" dealt="1" sum="0"/>
<action no="7" player="fefe1505" type="3" discard="1" dealt="1" sum="20"/>
<action no="8" player="Rakki" type="4" sum="0"/>
</round>
<round no="2"><cards type="Flop">C7 C10 SJ</cards>
<action no="9" player="fefe1505" type="5" discard="1" dealt="1" sum="40"/>
<action no="10" player="Rakki" type="3" sum="40"/>
</round>
<round no="3"><cards type="Turn">HQ</cards>
<action no="11" player="fefe1505" type="5" discard="1" dealt="1" sum="40"/>
<action no="12" player="Rakki" type="3" sum="40"/>
</round>
<round no="4"><cards type="River">SA</cards>
<action no="13" player="fefe1505" type="4" discard="1" dealt="1" sum="0"/>
<action no="14" player="Rakki" type="5" sum="160"/>
<action no="15" player="fefe1505" type="3" discard="1" dealt="1" sum="160"/>
</round>
</game>
<game gamecode="6478837305"><general><startdate>2025-09-14 16:29:52</startdate>
<round>1</round>
<failsafecounter/>
<players><player seat="6" name="OndaBianca1" chips="312" dealer="0" win="0" bet="45" muck="1" rebuy="0" addon="0" merge="0" rebuychips="0" reg_code="5059775387"/>
<player seat="10" name="fefe1505" chips="433" dealer="1" win="0" bet="5" muck="1" rebuy="0" addon="0" merge="0" rebuychips="0" reg_code="5059775863"/>
<player seat="3" name="Rakki" chips="755" dealer="0" win="95" bet="755" muck="1" rebuy="0" addon="0" merge="0" rebuychips="0" reg_code="5059774779"/>
</players>
</general>
<round no="0"><action no="1" player="Rakki" type="15" sum="5"/>
<action no="2" player="OndaBianca1" type="15" discard="1" dealt="1" sum="5"/>
<action no="3" player="fefe1505" type="15" discard="1" dealt="1" sum="5"/>
<action no="4" player="Rakki" type="1" sum="20"/>
<action no="5" player="OndaBianca1" type="2" discard="1" dealt="1" sum="40"/>
</round>
<round no="1"><cards type="Pocket" player="Rakki">SQ H4</cards>
<cards type="Pocket" player="fefe1505">X X</cards>
<cards type="Pocket" player="OndaBianca1">X X</cards>
<action no="6" player="fefe1505" type="0" discard="1" dealt="1" sum="0"/>
<action no="7" player="Rakki" type="23" sum="750"/>
<action no="8" player="OndaBianca1" type="0" discard="1" dealt="1" sum="0"/>
</round>
</game>
<game gamecode="6478837326"><general><startdate>2025-09-14 16:30:06</startdate>
<round>1</round>
<failsafecounter/>
<players><player seat="10" name="fefe1505" chips="428" dealer="0" win="0" bet="45" muck="1" rebuy="0" addon="0" merge="0" rebuychips="0" reg_code="5059775863"/>
<player seat="3" name="Rakki" chips="805" dealer="1" win="579" bet="805" muck="0" rebuy="0" addon="0" merge="0" rebuychips="0" reg_code="5059774779"/>
<player seat="6" name="OndaBianca1" chips="267" dealer="0" win="0" bet="267" muck="1" rebuy="0" addon="0" merge="0" rebuychips="0" reg_code="5059775387"/>
</players>
</general>
<round no="0"><action no="1" player="OndaBianca1" type="15" discard="1" dealt="1" sum="5"/>
<action no="2" player="fefe1505" type="15" discard="1" dealt="1" sum="5"/>
<action no="3" player="Rakki" type="15" sum="5"/>
<action no="4" player="OndaBianca1" type="1" discard="1" dealt="1" sum="20"/>
<action no="5" player="fefe1505" type="2" discard="1" dealt="1" sum="40"/>
</round>
<round no="1"><cards type="Pocket" player="fefe1505">X X</cards>
<cards type="Pocket" player="Rakki">SQ SJ</cards>
<cards type="Pocket" player="OndaBianca1">C10 C9</cards>
<action no="6" player="Rakki" type="23" sum="800"/>
<action no="7" player="OndaBianca1" type="7" discard="1" dealt="1" sum="242"/>
<action no="8" player="fefe1505" type="0" discard="1" dealt="1" sum="0"/>
</round>
<round no="2"><cards type="Flop">D7 S2 D6</cards>
</round>
<round no="3"><cards type="Turn">DQ</cards>
</round>
<round no="4"><cards type="River">S7</cards>
</round>
</game>
<game gamecode="6478837346"><general><startdate>2025-09-14 16:30:24</startdate>
<round>1</round>
<failsafecounter/>
<players><player seat="3" name="Rakki" chips="1,117" dealer="0" win="0" bet="45" muck="1" rebuy="0" addon="0" merge="0" rebuychips="0" reg_code="5059774779"/>
<player seat="10" name="fefe1505" chips="383" dealer="1" win="90" bet="383" muck="1" rebuy="0" addon="0" merge="0" rebuychips="0" reg_code="5059775863"/>
</players>
</general>
<round no="0"><action no="1" player="fefe1505" type="15" discard="1" dealt="1" sum="5"/>
<action no="2" player="Rakki" type="15" sum="5"/>
<action no="3" player="fefe1505" type="1" discard="1" dealt="1" sum="20"/>
<action no="4" player="Rakki" type="2" sum="40"/>
</round>
<round no="1"><cards type="Pocket" player="Rakki">S8 D6</cards>
<cards type="Pocket" player="fefe1505">X X</cards>
<action no="5" player="fefe1505" type="23" discard="1" dealt="1" sum="378"/>
<action no="6" player="Rakki" type="0" sum="0"/>
</round>
</game>
<game gamecode="6478837360"><general><startdate>2025-09-14 16:30:37</startdate>
<round>1</round>
<failsafecounter/>
<players><player seat="10" name="fefe1505" chips="428" dealer="0" win="0" bet="45" muck="1" rebuy="0" addon="0" merge="0" rebuychips="0" reg_code="5059775863"/>
<player seat="3" name="Rakki" chips="1,072" dealer="1" win="90" bet="1,072" muck="1" rebuy="0" addon="0" merge="0" rebuychips="0" reg_code="5059774779"/>
</players>
</general>
<round no="0"><action no="1" player="Rakki" type="15" sum="5"/>
<action no="2" player="fefe1505" type="15" discard="1" dealt="1" sum="5"/>
<action no="3" player="Rakki" type="1" sum="20"/>
<action no="4" player="fefe1505" type="2" discard="1" dealt="1" sum="40"/>
</round>
<round no="1"><cards type="Pocket" player="Rakki">DK SA</cards>
<cards type="Pocket" player="fefe1505">X X</cards>
<action no="5" player="Rakki" type="23" sum="1,067"/>
<action no="6" player="fefe1505" type="0" discard="1" dealt="1" sum="0"/>
</round>
</game>
<game gamecode="6478837378"><general><startdate>2025-09-14 16:30:48</startdate>
<round>1</round>
<failsafecounter/>
<players><player seat="3" name="Rakki" chips="1,117" dealer="0" win="70" bet="65" muck="1" rebuy="0" addon="0" merge="0" rebuychips="0" reg_code="5059774779"/>
<player seat="10" name="fefe1505" chips="383" dealer="1" win="0" bet="35" muck="1" rebuy="0" addon="0" merge="0" rebuychips="0" reg_code="5059775863"/>
</players>
</general>
<round no="0"><action no="1" player="fefe1505" type="15" discard="1" dealt="1" sum="5"/>
<action no="2" player="Rakki" type="15" sum="5"/>
<action no="3" player="fefe1505" type="1" discard="1" dealt="1" sum="30"/>
<action no="4" player="Rakki" type="2" sum="60"/>
</round>
<round no="1"><cards type="Pocket" player="Rakki">D8 CA</cards>
<cards type="Pocket" player="fefe1505">X X</cards>
<action no="5" player="fefe1505" type="0" discard="1" dealt="1" sum="0"/>
</round>
</game>
<game gamecode="6478837387"><general><startdate>2025-09-14 16:30:54</startdate>
<round>1</round>
<failsafecounter/>
<players><player seat="10" name="fefe1505" chips="348" dealer="0" win="0" bet="348" muck="1" rebuy="0" addon="0" merge="0" rebuychips="0" reg_code="5059775863"/>
<player seat="3" name="Rakki" chips="1,152" dealer="1" win="696" bet="1,152" muck="0" rebuy="0" addon="0" merge="0" rebuychips="0" reg_code="5059774779"/>
</players>
</general>
<round no="0"><action no="1" player="Rakki" type="15" sum="5"/>
<action no="2" player="fefe1505" type="15" discard="1" dealt="1" sum="5"/>
<action no="3" player="Rakki" type="1" sum="30"/>
<action no="4" player="fefe1505" type="2" discard="1" dealt="1" sum="60"/>
</round>
<round no="1"><cards type="Pocket" player="Rakki">DQ HA</cards>
<cards type="Pocket" player="fefe1505">SJ S7</cards>
<action no="5" player="Rakki" type="23" sum="1,147"/>
<action no="6" player="fefe1505" type="7" discard="1" dealt="1" sum="283"/>
</round>
<round no="2"><cards type="Flop">C5 SQ S6</cards>
</round>
<round no="3"><cards type="Turn">H6</cards>
</round>
<round no="4"><cards type="River">HQ</cards>
</round>
</game>
</session>
