<?xml version="1.0" encoding="UTF-8"?>
<session sessioncode="5059889200">
<general>
<client_version>25.1.1.16</client_version>
<mode>real</mode>
<gametype>Holdem NL</gametype>
<tablename>Twister €200 SNG, 817749473</tablename>
<tournamentcode>817749472</tournamentcode>
<tournamentname>Twister €200 SNG</tournamentname>
<buyin>€0 + €12 + €188</buyin>
<totalbuyin>€200</totalbuyin>
<rewarddrawn>€400</rewarddrawn>
<tournamentcurrency>EUR</tournamentcurrency>
<currency>EUR</currency>
<nickname>Rakki</nickname>
<gamecount>23</gamecount>
<startdate>2025-09-15 02:06:35</startdate>
<place>1</place>
<win>€400</win>
<tablesize>3</tablesize>
</general>
<game gamecode="6479333241"><general><startdate>2025-09-15 02:06:50</startdate>
<round>1</round>
<failsafecounter/>
<players><player seat="10" name="Rakki" chips="500" dealer="0" win="0" bet="20" muck="1" rebuy="0" addon="0" merge="0" rebuychips="0" reg_code="5059889200"/>
<player seat="3" name="OndaBianca1" chips="500" dealer="1" win="0" bet="0" muck="1" rebuy="0" addon="0" merge="0" rebuychips="0" reg_code="5059888852"/>
<player seat="6" name="SuBandiduu" chips="500" dealer="0" win="40" bet="500" muck="1" rebuy="0" addon="0" merge="0" rebuychips="0" reg_code="5059889047"/>
</players>
</general>
<round no="0"><action no="1" player="SuBandiduu" type="1" discard="1" dealt="1" sum="10"/>
<action no="2" player="Rakki" type="2" sum="20"/>
</round>
<round no="1"><cards type="Pocket" player="Rakki">CQ H5</cards>
<cards type="Pocket" player="SuBandiduu">X X</cards>
<cards type="Pocket" player="OndaBianca1">X X</cards>
<action no="3" player="OndaBianca1" type="0" discard="1" dealt="1" sum="0"/>
<action no="4" player="SuBandiduu" type="23" discard="1" dealt="1" sum="500"/>
<action no="5" player="Rakki" type="0" sum="0"/>
</round>
</game>
<game gamecode="6479333267"><general><startdate>2025-09-15 02:07:04</startdate>
<round>1</round>
<failsafecounter/>
<players><player seat="3" name="OndaBianca1" chips="500" dealer="0" win="90" bet="500" muck="1" rebuy="0" addon="0" merge="0" rebuychips="0" reg_code="5059888852"/>
<player seat="6" name="SuBandiduu" chips="520" dealer="1" win="0" bet="40" muck="1" rebuy="0" addon="0" merge="0" rebuychips="0" reg_code="5059889047"/>
<player seat="10" name="Rakki" chips="480" dealer="0" win="0" bet="10" muck="1" rebuy="0" addon="0" merge="0" rebuychips="0" reg_code="5059889200"/>
</players>
</general>
<round no="0"><action no="1" player="Rakki" type="1" sum="10"/>
<action no="2" player="OndaBianca1" type="2" discard="1" dealt="1" sum="20"/>
</round>
<round no="1"><cards type="Pocket" player="OndaBianca1">X X</cards>
<cards type="Pocket" player="Rakki">CA D7</cards>
<cards type="Pocket" player="SuBandiduu">X X</cards>
<action no="3" player="SuBandiduu" type="23" discard="1" dealt="1" sum="40"/>
<action no="4" player="Rakki" type="0" sum="0"/>
<action no="5" player="OndaBianca1" type="23" discard="1" dealt="1" sum="500"/>
<action no="6" player="SuBandiduu" type="0" discard="1" dealt="1" sum="0"/>
</round>
</game>
<game gamecode="6479333287"><general><startdate>2025-09-15 02:07:21</startdate>
<round>1</round>
<failsafecounter/>
<players><player seat="6" name="SuBandiduu" chips="480" dealer="0" win="160" bet="160" muck="1" rebuy="0" addon="0" merge="0" rebuychips="0" reg_code="5059889047"/>
<player seat="10" name="Rakki" chips="470" dealer="1" win="0" bet="0" muck="1" rebuy="0" addon="0" merge="0" rebuychips="0" reg_code="5059889200"/>
<player seat="3" name="OndaBianca1" chips="550" dealer="0" win="0" bet="80" muck="1" rebuy="0" addon="0" merge="0" rebuychips="0" reg_code="5059888852"/>
</players>
</general>
<round no="0"><action no="1" player="OndaBianca1" type="1" discard="1" dealt="1" sum="10"/>
<action no="2" player="SuBandiduu" type="2" discard="1" dealt="1" sum="20"/>
</round>
<round no="1"><cards type="Pocket" player="Rakki">H6 D2</cards>
<cards type="Pocket" player="SuBandiduu">X X</cards>
<cards type="Pocket" player="OndaBianca1">X X</cards>
<action no="3" player="Rakki" type="0" sum="0"/>
<action no="4" player="OndaBianca1" type="3" discard="1" dealt="1" sum="10"/>
<action no="5" player="SuBandiduu" type="4" discard="1" dealt="1" sum="0"/>
</round>
<round no="2"><cards type="Flop">D7 S4 S5</cards>
<action no="6" player="OndaBianca1" type="5" discard="1" dealt="1" sum="20"/>
<action no="7" player="SuBandiduu" type="3" discard="1" dealt="1" sum="20"/>
</round>
<round no="3"><cards type="Turn">C7</cards>
<action no="8" player="OndaBianca1" type="5" discard="1" dealt="1" sum="40"/>
<action no="9" player="SuBandiduu" type="3" discard="1" dealt="1" sum="40"/>
</round>
<round no="4"><cards type="River">H7</cards>
<action no="10" player="OndaBianca1" type="4" discard="1" dealt="1" sum="0"/>
<action no="11" player="SuBandiduu" type="5" discard="1" dealt="1" sum="80"/>
<action no="12" player="OndaBianca1" type="0" discard="1" dealt="1" sum="0"/>
</round>
</game>
<game gamecode="6479333328"><general><startdate>2025-09-15 02:07:53</startdate>
<round>1</round>
<failsafecounter/>
<players><player seat="10" name="Rakki" chips="470" dealer="0" win="0" bet="20" muck="1" rebuy="0" addon="0" merge="0" rebuychips="0" reg_code="5059889200"/>
<player seat="3" name="OndaBianca1" chips="470" dealer="1" win="0" bet="0" muck="1" rebuy="0" addon="0" merge="0" rebuychips="0" reg_code="5059888852"/>
<player seat="6" name="SuBandiduu" chips="560" dealer="0" win="40" bet="560" muck="1" rebuy="0" addon="0" merge="0" rebuychips="0" reg_code="5059889047"/>
</players>
</general>
<round no="0"><action no="1" player="SuBandiduu" type="1" discard="1" dealt="1" sum="10"/>
<action no="2" player="Rakki" type="2" sum="20"/>
</round>
<round no="1"><cards type="Pocket" player="OndaBianca1">X X</cards>
<cards type="Pocket" player="SuBandiduu">X X</cards>
<cards type="Pocket" player="Rakki">D2 CQ</cards>
<action no="3" player="OndaBianca1" type="0" discard="1" dealt="1" sum="0"/>
<action no="4" player="SuBandiduu" type="23" discard="1" dealt="1" sum="560"/>
<action no="5" player="Rakki" type="0" sum="0"/>
</round>
</game>
<game gamecode="6479333338"><general><startdate>2025-09-15 02:08:02</startdate>
<round>1</round>
<failsafecounter/>
<players><player seat="3" name="OndaBianca1" chips="470" dealer="0" win="0" bet="182" muck="1" rebuy="0" addon="0" merge="0" rebuychips="0" reg_code="5059888852"/>
<player seat="6" name="SuBandiduu" chips="580" dealer="1" win="374" bet="182" muck="0" rebuy="0" addon="0" merge="0" rebuychips="0" reg_code="5059889047"/>
<player seat="10" name="Rakki" chips="450" dealer="0" win="0" bet="10" muck="1" rebuy="0" addon="0" merge="0" rebuychips="0" reg_code="5059889200"/>
</players>
</general>
<round no="0"><action no="1" player="Rakki" type="1" sum="10"/>
<action no="2" player="OndaBianca1" type="2" discard="1" dealt="1" sum="20"/>
</round>
<round no="1"><cards type="Pocket" player="OndaBianca1">D5 S7</cards>
<cards type="Pocket" player="SuBandiduu">C10 H10</cards>
<cards type="Pocket" player="Rakki">HJ D8</cards>
<action no="3" player="SuBandiduu" type="23" discard="1" dealt="1" sum="40"/>
<action no="4" player="Rakki" type="0" sum="0"/>
<action no="5" player="OndaBianca1" type="3" discard="1" dealt="1" sum="20"/>
</round>
<round no="2"><cards type="Flop">D7 D4 HQ</cards>
<action no="6" player="OndaBianca1" type="4" discard="1" dealt="1" sum="0"/>
<action no="7" player="SuBandiduu" type="5" discard="1" dealt="1" sum="30"/>
<action no="8" player="OndaBianca1" type="3" discard="1" dealt="1" sum="30"/>
</round>
<round no="3"><cards type="Turn">H2</cards>
<action no="9" player="OndaBianca1" type="4" discard="1" dealt="1" sum="0"/>
<action no="10" player="SuBandiduu" type="5" discard="1" dealt="1" sum="112"/>
<action no="11" player="OndaBianca1" type="3" discard="1" dealt="1" sum="112"/>
</round>
<round no="4"><cards type="River">DQ</cards>
<action no="12" player="OndaBianca1" type="4" discard="1" dealt="1" sum="0"/>
<action no="13" player="SuBandiduu" type="4" discard="1" dealt="1" sum="0"/>
</round>
</game>
<game gamecode="6479333377"><general><startdate>2025-09-15 02:08:34</startdate>
<round>1</round>
<failsafecounter/>
<players><player seat="6" name="SuBandiduu" chips="772" dealer="0" win="135" bet="65" muck="0" rebuy="0" addon="0" merge="0" rebuychips="0" reg_code="5059889047"/>
<player seat="10" name="Rakki" chips="440" dealer="1" win="0" bet="5" muck="1" rebuy="0" addon="0" merge="0" rebuychips="0" reg_code="5059889200"/>
<player seat="3" name="OndaBianca1" chips="288" dealer="0" win="0" bet="65" muck="1" rebuy="0" addon="0" merge="0" rebuychips="0" reg_code="5059888852"/>
</players>
</general>
<round no="0"><action no="1" player="OndaBianca1" type="15" discard="1" dealt="1" sum="5"/>
<action no="2" player="SuBandiduu" type="15" discard="1" dealt="1" sum="5"/>
<action no="3" player="Rakki" type="15" sum="5"/>
<action no="4" player="OndaBianca1" type="1" discard="1" dealt="1" sum="15"/>
<action no="5" player="SuBandiduu" type="2" discard="1" dealt="1" sum="30"/>
</round>
<round no="1"><cards type="Pocket" player="SuBandiduu">D10 CJ</cards>
<cards type="Pocket" player="Rakki">D3 H10</cards>
<cards type="Pocket" player="OndaBianca1">S6 S3</cards>
<action no="6" player="Rakki" type="0" sum="0"/>
<action no="7" player="OndaBianca1" type="3" discard="1" dealt="1" sum="15"/>
<action no="8" player="SuBandiduu" type="4" discard="1" dealt="1" sum="0"/>
</round>
<round no="2"><cards type="Flop">CA SJ DK</cards>
<action no="9" player="OndaBianca1" type="5" discard="1" dealt="1" sum="30"/>
<action no="10" player="SuBandiduu" type="3" discard="1" dealt="1" sum="30"/>
</round>
<round no="3"><cards type="Turn">H2</cards>
<action no="11" player="OndaBianca1" type="4" discard="1" dealt="1" sum="0"/>
<action no="12" player="SuBandiduu" type="4" discard="1" dealt="1" sum="0"/>
</round>
<round no="4"><cards type="River">DA</cards>
<action no="13" player="OndaBianca1" type="4" discard="1" dealt="1" sum="0"/>
<action no="14" player="SuBandiduu" type="4" discard="1" dealt="1" sum="0"/>
</round>
</game>
<game gamecode="6479333408"><general><startdate>2025-09-15 02:09:02</startdate>
<round>1</round>
<failsafecounter/>
<players><player seat="10" name="Rakki" chips="435" dealer="0" win="45" bet="35" muck="1" rebuy="0" addon="0" merge="0" rebuychips="0" reg_code="5059889200"/>
<player seat="3" name="OndaBianca1" chips="223" dealer="1" win="0" bet="5" muck="1" rebuy="0" addon="0" merge="0" rebuychips="0" reg_code="5059888852"/>
<player seat="6" name="SuBandiduu" chips="842" dealer="0" win="0" bet="20" muck="1" rebuy="0" addon="0" merge="0" rebuychips="0" reg_code="5059889047"/>
</players>
</general>
<round no="0"><action no="1" player="SuBandiduu" type="15" discard="1" dealt="1" sum="5"/>
<action no="2" player="Rakki" type="15" sum="5"/>
<action no="3" player="OndaBianca1" type="15" discard="1" dealt="1" sum="5"/>
<action no="4" player="SuBandiduu" type="1" discard="1" dealt="1" sum="15"/>
<action no="5" player="Rakki" type="2" sum="30"/>
</round>
<round no="1"><cards type="Pocket" player="SuBandiduu">X X</cards>
<cards type="Pocket" player="OndaBianca1">X X</cards>
<cards type="Pocket" player="Rakki">HA DJ</cards>
<action no="6" player="OndaBianca1" type="0" discard="1" dealt="1" sum="0"/>
<action no="7" player="SuBandiduu" type="0" discard="1" dealt="1" sum="0"/>
</round>
</game>
<game gamecode="6479333419"><general><startdate>2025-09-15 02:09:10</startdate>
<round>1</round>
<failsafecounter/>
<players><player seat="3" name="OndaBianca1" chips="218" dealer="0" win="0" bet="35" muck="1" rebuy="0" addon="0" merge="0" rebuychips="0" reg_code="5059888852"/>
<player seat="6" name="SuBandiduu" chips="822" dealer="1" win="90" bet="822" muck="1" rebuy="0" addon="0" merge="0" rebuychips="0" reg_code="5059889047"/>
<player seat="10" name="Rakki" chips="460" dealer="0" win="0" bet="20" muck="1" rebuy="0" addon="0" merge="0" rebuychips="0" reg_code="5059889200"/>
</players>
</general>
<round no="0"><action no="1" player="Rakki" type="15" sum="5"/>
<action no="2" player="OndaBianca1" type="15" discard="1" dealt="1" sum="5"/>
<action no="3" player="SuBandiduu" type="15" discard="1" dealt="1" sum="5"/>
<action no="4" player="Rakki" type="1" sum="15"/>
<action no="5" player="OndaBianca1" type="2" discard="1" dealt="1" sum="30"/>
</round>
<round no="1"><cards type="Pocket" player="SuBandiduu">X X</cards>
<cards type="Pocket" player="OndaBianca1">X X</cards>
<cards type="Pocket" player="Rakki">SJ D6</cards>
<action no="6" player="SuBandiduu" type="23" discard="1" dealt="1" sum="817"/>
<action no="7" player="Rakki" type="0" sum="0"/>
<action no="8" player="OndaBianca1" type="0" discard="1" dealt="1" sum="0"/>
</round>
</game>
<game gamecode="6479333433"><general><startdate>2025-09-15 02:09:21</startdate>
<round>1</round>
<failsafecounter/>
<players><player seat="6" name="SuBandiduu" chips="877" dealer="0" win="45" bet="35" muck="1" rebuy="0" addon="0" merge="0" rebuychips="0" reg_code="5059889047"/>
<player seat="10" name="Rakki" chips="440" dealer="1" win="0" bet="5" muck="1" rebuy="0" addon="0" merge="0" rebuychips="0" reg_code="5059889200"/>
<player seat="3" name="OndaBianca1" chips="183" dealer="0" win="0" bet="20" muck="1" rebuy="0" addon="0" merge="0" rebuychips="0" reg_code="5059888852"/>
</players>
</general>
<round no="0"><action no="1" player="OndaBianca1" type="15" discard="1" dealt="1" sum="5"/>
<action no="2" player="SuBandiduu" type="15" discard="1" dealt="1" sum="5"/>
<action no="3" player="Rakki" type="15" sum="5"/>
<action no="4" player="OndaBianca1" type="1" discard="1" dealt="1" sum="15"/>
<action no="5" player="SuBandiduu" type="2" discard="1" dealt="1" sum="30"/>
</round>
<round no="1"><cards type="Pocket" player="SuBandiduu">X X</cards>
<cards type="Pocket" player="OndaBianca1">X X</cards>
<cards type="Pocket" player="Rakki">SJ S3</cards>
<action no="6" player="Rakki" type="0" sum="0"/>
<action no="7" player="OndaBianca1" type="0" discard="1" dealt="1" sum="0"/>
</round>
</game>
<game gamecode="6479333446"><general><startdate>2025-09-15 02:09:30</startdate>
<round>1</round>
<failsafecounter/>
<players><player seat="10" name="Rakki" chips="435" dealer="0" win="875" bet="435" muck="0" rebuy="0" addon="0" merge="0" rebuychips="0" reg_code="5059889200"/>
<player seat="3" name="OndaBianca1" chips="163" dealer="1" win="0" bet="5" muck="1" rebuy="0" addon="0" merge="0" rebuychips="0" reg_code="5059888852"/>
<player seat="6" name="SuBandiduu" chips="902" dealer="0" win="0" bet="902" muck="1" rebuy="0" addon="0" merge="0" rebuychips="0" reg_code="5059889047"/>
</players>
</general>
<round no="0"><action no="1" player="SuBandiduu" type="15" discard="1" dealt="1" sum="5"/>
<action no="2" player="Rakki" type="15" sum="5"/>
<action no="3" player="OndaBianca1" type="15" discard="1" dealt="1" sum="5"/>
<action no="4" player="SuBandiduu" type="1" discard="1" dealt="1" sum="15"/>
<action no="5" player="Rakki" type="2" sum="30"/>
</round>
<round no="1"><cards type="Pocket" player="Rakki">HJ SQ</cards>
<cards type="Pocket" player="SuBandiduu">H10 CJ</cards>
<cards type="Pocket" player="OndaBianca1">X X</cards>
<action no="6" player="OndaBianca1" type="0" discard="1" dealt="1" sum="0"/>
<action no="7" player="SuBandiduu" type="23" discard="1" dealt="1" sum="897"/>
<action no="8" player="Rakki" type="7" sum="400"/>
</round>
<round no="2"><cards type="Flop">H7 DK SA</cards>
</round>
<round no="3"><cards type="Turn">H2</cards>
</round>
<round no="4"><cards type="River">S6</cards>
</round>
</game>
<game gamecode="6479333467"><general><startdate>2025-09-15 02:09:47</startdate>
<round>1</round>
<failsafecounter/>
<players><player seat="3" name="OndaBianca1" chips="158" dealer="0" win="321" bet="158" muck="0" rebuy="0" addon="0" merge="0" rebuychips="0" reg_code="5059888852"/>
<player seat="6" name="SuBandiduu" chips="467" dealer="1" win="0" bet="5" muck="1" rebuy="0" addon="0" merge="0" rebuychips="0" reg_code="5059889047"/>
<player seat="10" name="Rakki" chips="875" dealer="0" win="0" bet="875" muck="1" rebuy="0" addon="0" merge="0" rebuychips="0" reg_code="5059889200"/>
</players>
</general>
<round no="0"><action no="1" player="Rakki" type="15" sum="5"/>
<action no="2" player="OndaBianca1" type="15" discard="1" dealt="1" sum="5"/>
<action no="3" player="SuBandiduu" type="15" discard="1" dealt="1" sum="5"/>
<action no="4" player="Rakki" type="1" sum="15"/>
<action no="5" player="OndaBianca1" type="2" discard="1" dealt="1" sum="30"/>
</round>
<round no="1"><cards type="Pocket" player="OndaBianca1">S4 HQ</cards>
<cards type="Pocket" player="Rakki">S10 D8</cards>
<cards type="Pocket" player="SuBandiduu">X X</cards>
<action no="6" player="SuBandiduu" type="0" discard="1" dealt="1" sum="0"/>
<action no="7" player="Rakki" type="23" sum="870"/>
<action no="8" player="OndaBianca1" type="7" discard="1" dealt="1" sum="123"/>
</round>
<round no="2"><cards type="Flop">DQ HK HJ</cards>
</round>
<round no="3"><cards type="Turn">D3</cards>
</round>
<round no="4"><cards type="River">D4</cards>
</round>
</game>
<game gamecode="6479333490"><general><startdate>2025-09-15 02:10:05</startdate>
<round>1</round>
<failsafecounter/>
<players><player seat="6" name="SuBandiduu" chips="462" dealer="0" win="45" bet="35" muck="1" rebuy="0" addon="0" merge="0" rebuychips="0" reg_code="5059889047"/>
<player seat="10" name="Rakki" chips="717" dealer="1" win="0" bet="5" muck="1" rebuy="0" addon="0" merge="0" rebuychips="0" reg_code="5059889200"/>
<player seat="3" name="OndaBianca1" chips="321" dealer="0" win="0" bet="20" muck="1" rebuy="0" addon="0" merge="0" rebuychips="0" reg_code="5059888852"/>
</players>
</general>
<round no="0"><action no="1" player="OndaBianca1" type="15" discard="1" dealt="1" sum="5"/>
<action no="2" player="SuBandiduu" type="15" discard="1" dealt="1" sum="5"/>
<action no="3" player="Rakki" type="15" sum="5"/>
<action no="4" player="OndaBianca1" type="1" discard="1" dealt="1" sum="15"/>
<action no="5" player="SuBandiduu" type="2" discard="1" dealt="1" sum="30"/>
</round>
<round no="1"><cards type="Pocket" player="OndaBianca1">X X</cards>
<cards type="Pocket" player="SuBandiduu">X X</cards>
<cards type="Pocket" player="Rakki">H2 CK</cards>
<action no="6" player="Rakki" type="0" sum="0"/>
<action no="7" player="OndaBianca1" type="0" discard="1" dealt="1" sum="0"/>
</round>
</game>
<game gamecode="6479333518"><general><startdate>2025-09-15 02:10:28</startdate>
<round>1</round>
<failsafecounter/>
<players><player seat="10" name="Rakki" chips="712" dealer="0" win="979" bet="487" muck="0" rebuy="0" addon="0" merge="0" rebuychips="0" reg_code="5059889200"/>
<player seat="3" name="OndaBianca1" chips="301" dealer="1" win="0" bet="5" muck="1" rebuy="0" addon="0" merge="0" rebuychips="0" reg_code="5059888852"/>
<player seat="6" name="SuBandiduu" chips="487" dealer="0" win="0" bet="487" muck="0" rebuy="0" addon="0" merge="0" rebuychips="0" reg_code="5059889047"/>
</players>
</general>
<round no="0"><action no="1" player="SuBandiduu" type="15" discard="1" dealt="1" sum="5"/>
<action no="2" player="Rakki" type="15" sum="5"/>
<action no="3" player="OndaBianca1" type="15" discard="1" dealt="1" sum="5"/>
<action no="4" player="SuBandiduu" type="1" discard="1" dealt="1" sum="20"/>
<action no="5" player="Rakki" type="2" sum="40"/>
</round>
<round no="1"><cards type="Pocket" player="Rakki">HJ DK</cards>
<cards type="Pocket" player="SuBandiduu">S6 S10</cards>
<cards type="Pocket" player="OndaBianca1">X X</cards>
<action no="6" player="OndaBianca1" type="0" discard="1" dealt="1" sum="0"/>
<action no="7" player="SuBandiduu" type="23" discard="1" dealt="1" sum="482"/>
<action no="8" player="Rakki" type="3" sum="442"/>
</round>
<round no="2"><cards type="Flop">H9 C4 SK</cards>
</round>
<round no="3"><cards type="Turn">D4</cards>
</round>
<round no="4"><cards type="River">H5</cards>
</round>
</game>
<game gamecode="6479333541"><general><startdate>2025-09-15 02:10:46</startdate>
<round>1</round>
<failsafecounter/>
<players><player seat="3" name="OndaBianca1" chips="296" dealer="0" win="0" bet="45" muck="1" rebuy="0" addon="0" merge="0" rebuychips="0" reg_code="5059888852"/>
<player seat="10" name="Rakki" chips="1,204" dealer="1" win="90" bet="85" muck="1" rebuy="0" addon="0" merge="0" rebuychips="0" reg_code="5059889200"/>
</players>
</general>
<round no="0"><action no="1" player="Rakki" type="15" sum="5"/>
<action no="2" player="OndaBianca1" type="15" discard="1" dealt="1" sum="5"/>
<action no="3" player="Rakki" type="1" sum="20"/>
<action no="4" player="OndaBianca1" type="2" discard="1" dealt="1" sum="40"/>
</round>
<round no="1"><cards type="Pocket" player="OndaBianca1">X X</cards>
<cards type="Pocket" player="Rakki">D3 SA</cards>
<action no="5" player="Rakki" type="23" sum="80"/>
<action no="6" player="OndaBianca1" type="0" discard="1" dealt="1" sum="0"/>
</round>
</game>
<game gamecode="6479333553"><general><startdate>2025-09-15 02:10:50</startdate>
<round>1</round>
<failsafecounter/>
<players><player seat="10" name="Rakki" chips="1,249" dealer="0" win="50" bet="45" muck="1" rebuy="0" addon="0" merge="0" rebuychips="0" reg_code="5059889200"/>
<player seat="3" name="OndaBianca1" chips="251" dealer="1" win="0" bet="25" muck="1" rebuy="0" addon="0" merge="0" rebuychips="0" reg_code="5059888852"/>
</players>
</general>
<round no="0"><action no="1" player="OndaBianca1" type="15" discard="1" dealt="1" sum="5"/>
<action no="2" player="Rakki" type="15" sum="5"/>
<action no="3" player="OndaBianca1" type="1" discard="1" dealt="1" sum="20"/>
<action no="4" player="Rakki" type="2" sum="40"/>
</round>
<round no="1"><cards type="Pocket" player="Rakki">C8 H5</cards>
<cards type="Pocket" player="OndaBianca1">X X</cards>
<action no="5" player="OndaBianca1" type="0" discard="1" dealt="1" sum="0"/>
</round>
</game>
<game gamecode="6479333562"><general><startdate>2025-09-15 02:10:54</startdate>
<round>1</round>
<failsafecounter/>
<players><player seat="3" name="OndaBianca1" chips="226" dealer="0" win="0" bet="45" muck="1" rebuy="0" addon="0" merge="0" rebuychips="0" reg_code="5059888852"/>
<player seat="10" name="Rakki" chips="1,274" dealer="1" win="90" bet="85" muck="1" rebuy="0" addon="0" merge="0" rebuychips="0" reg_code="5059889200"/>
</players>
</general>
<round no="0"><action no="1" player="Rakki" type="15" sum="5"/>
<action no="2" player="OndaBianca1" type="15" discard="1" dealt="1" sum="5"/>
<action no="3" player="Rakki" type="1" sum="20"/>
<action no="4" player="OndaBianca1" type="2" discard="1" dealt="1" sum="40"/>
</round>
<round no="1"><cards type="Pocket" player="OndaBianca1">X X</cards>
<cards type="Pocket" player="Rakki">SK D3</cards>
<action no="5" player="Rakki" type="23" sum="80"/>
<action no="6" player="OndaBianca1" type="0" discard="1" dealt="1" sum="0"/>
</round>
</game>
<game gamecode="6479333568"><general><startdate>2025-09-15 02:10:59</startdate>
<round>1</round>
<failsafecounter/>
<players><player seat="10" name="Rakki" chips="1,319" dealer="0" win="50" bet="45" muck="1" rebuy="0" addon="0" merge="0" rebuychips="0" reg_code="5059889200"/>
<player seat="3" name="OndaBianca1" chips="181" dealer="1" win="0" bet="25" muck="1" rebuy="0" addon="0" merge="0" rebuychips="0" reg_code="5059888852"/>
</players>
</general>
<round no="0"><action no="1" player="OndaBianca1" type="15" discard="1" dealt="1" sum="5"/>
<action no="2" player="Rakki" type="15" sum="5"/>
<action no="3" player="OndaBianca1" type="1" discard="1" dealt="1" sum="20"/>
<action no="4" player="Rakki" type="2" sum="40"/>
</round>
<round no="1"><cards type="Pocket" player="Rakki">D2 S8</cards>
<cards type="Pocket" player="OndaBianca1">X X</cards>
<action no="5" player="OndaBianca1" type="0" discard="1" dealt="1" sum="0"/>
</round>
</game>
<game gamecode="6479333574"><general><startdate>2025-09-15 02:11:03</startdate>
<round>1</round>
<failsafecounter/>
<players><player seat="3" name="OndaBianca1" chips="156" dealer="0" win="0" bet="45" muck="1" rebuy="0" addon="0" merge="0" rebuychips="0" reg_code="5059888852"/>
<player seat="10" name="Rakki" chips="1,344" dealer="1" win="90" bet="85" muck="1" rebuy="0" addon="0" merge="0" rebuychips="0" reg_code="5059889200"/>
</players>
</general>
<round no="0"><action no="1" player="Rakki" type="15" sum="5"/>
<action no="2" player="OndaBianca1" type="15" discard="1" dealt="1" sum="5"/>
<action no="3" player="Rakki" type="1" sum="20"/>
<action no="4" player="OndaBianca1" type="2" discard="1" dealt="1" sum="40"/>
</round>
<round no="1"><cards type="Pocket" player="OndaBianca1">X X</cards>
<cards type="Pocket" player="Rakki">D7 SQ</cards>
<action no="5" player="Rakki" type="23" sum="80"/>
<action no="6" player="OndaBianca1" type="0" discard="1" dealt="1" sum="0"/>
</round>
</game>
<game gamecode="6479333583"><general><startdate>2025-09-15 02:11:08</startdate>
<round>1</round>
<failsafecounter/>
<players><player seat="10" name="Rakki" chips="1,389" dealer="0" win="50" bet="45" muck="1" rebuy="0" addon="0" merge="0" rebuychips="0" reg_code="5059889200"/>
<player seat="3" name="OndaBianca1" chips="111" dealer="1" win="0" bet="25" muck="1" rebuy="0" addon="0" merge="0" rebuychips="0" reg_code="5059888852"/>
</players>
</general>
<round no="0"><action no="1" player="OndaBianca1" type="15" discard="1" dealt="1" sum="5"/>
<action no="2" player="Rakki" type="15" sum="5"/>
<action no="3" player="OndaBianca1" type="1" discard="1" dealt="1" sum="20"/>
<action no="4" player="Rakki" type="2" sum="40"/>
</round>
<round no="1"><cards type="Pocket" player="Rakki">C10 SJ</cards>
<cards type="Pocket" player="OndaBianca1">X X</cards>
<action no="5" player="OndaBianca1" type="0" discard="1" dealt="1" sum="0"/>
</round>
</game>
<game gamecode="6479333597"><general><startdate>2025-09-15 02:11:12</startdate>
<round>1</round>
<failsafecounter/>
<players><player seat="3" name="OndaBianca1" chips="86" dealer="0" win="0" bet="45" muck="1" rebuy="0" addon="0" merge="0" rebuychips="0" reg_code="5059888852"/>
<player seat="10" name="Rakki" chips="1,414" dealer="1" win="90" bet="85" muck="1" rebuy="0" addon="0" merge="0" rebuychips="0" reg_code="5059889200"/>
</players>
</general>
<round no="0"><action no="1" player="Rakki" type="15" sum="5"/>
<action no="2" player="OndaBianca1" type="15" discard="1" dealt="1" sum="5"/>
<action no="3" player="Rakki" type="1" sum="20"/>
<action no="4" player="OndaBianca1" type="2" discard="1" dealt="1" sum="40"/>
</round>
<round no="1"><cards type="Pocket" player="OndaBianca1">X X</cards>
<cards type="Pocket" player="Rakki">C9 H6</cards>
<action no="5" player="Rakki" type="23" sum="80"/>
<action no="6" player="OndaBianca1" type="0" discard="1" dealt="1" sum="0"/>
</round>
</game>
<game gamecode="6479333607"><general><startdate>2025-09-15 02:11:16</startdate>
<round>1</round>
<failsafecounter/>
<players><player seat="10" name="Rakki" chips="1,459" dealer="0" win="50" bet="45" muck="1" rebuy="0" addon="0" merge="0" rebuychips="0" reg_code="5059889200"/>
<player seat="3" name="OndaBianca1" chips="41" dealer="1" win="0" bet="25" muck="1" rebuy="0" addon="0" merge="0" rebuychips="0" reg_code="5059888852"/>
</players>
</general>
<round no="0"><action no="1" player="OndaBianca1" type="15" discard="1" dealt="1" sum="5"/>
<action no="2" player="Rakki" type="15" sum="5"/>
<action no="3" player="OndaBianca1" type="1" discard="1" dealt="1" sum="20"/>
<action no="4" player="Rakki" type="2" sum="40"/>
</round>
<round no="1"><cards type="Pocket" player="Rakki">D10 S4</cards>
<cards type="Pocket" player="OndaBianca1">X X</cards>
<action no="5" player="OndaBianca1" type="0" discard="1" dealt="1" sum="0"/>
</round>
</game>
<game gamecode="6479333612"><general><startdate>2025-09-15 02:11:20</startdate>
<round>1</round>
<failsafecounter/>
<players><player seat="3" name="OndaBianca1" chips="16" dealer="0" win="32" bet="16" muck="0" rebuy="0" addon="0" merge="0" rebuychips="0" reg_code="5059888852"/>
<player seat="10" name="Rakki" chips="1,484" dealer="1" win="0" bet="25" muck="1" rebuy="0" addon="0" merge="0" rebuychips="0" reg_code="5059889200"/>
</players>
</general>
<round no="0"><action no="1" player="Rakki" type="15" sum="5"/>
<action no="2" player="OndaBianca1" type="15" discard="1" dealt="1" sum="5"/>
<action no="3" player="Rakki" type="1" sum="20"/>
<action no="4" player="OndaBianca1" type="2" discard="1" dealt="1" sum="11"/>
</round>
<round no="1"><cards type="Pocket" player="Rakki">H9 D6</cards>
<cards type="Pocket" player="OndaBianca1">C5 C6</cards>
</round>
<round no="2"><cards type="Flop">DQ D5 S2</cards>
</round>
<round no="3"><cards type="Turn">S7</cards>
</round>
<round no="4"><cards type="River">H4</cards>
</round>
</game>
<game gamecode="6479333628"><general><startdate>2025-09-15 02:11:32</startdate>
<round>1</round>
<failsafecounter/>
<players><player seat="10" name="Rakki" chips="1,468" dealer="0" win="64" bet="45" muck="0" rebuy="0" addon="0" merge="0" rebuychips="0" reg_code="5059889200"/>
<player seat="3" name="OndaBianca1" chips="32" dealer="1" win="0" bet="32" muck="0" rebuy="0" addon="0" merge="0" rebuychips="0" reg_code="5059888852"/>
</players>
</general>
<round no="0"><action no="1" player="OndaBianca1" type="15" discard="1" dealt="1" sum="5"/>
<action no="2" player="Rakki" type="15" sum="5"/>
<action no="3" player="OndaBianca1" type="1" discard="1" dealt="1" sum="20"/>
<action no="4" player="Rakki" type="2" sum="40"/>
</round>
<round no="1"><cards type="Pocket" player="OndaBianca1">C6 HA</cards>
<cards type="Pocket" player="Rakki">CA DQ</cards>
<action no="5" player="OndaBianca1" type="7" discard="1" dealt="1" sum="7"/>
</round>
<round no="2"><cards type="Flop">H5 DJ C10</cards>
</round>
<round no="3"><cards type="Turn">HK</cards>
</round>
<round no="4"><cards type="River">SJ</cards>
</round>
</game>
</session>
