<?xml version="1.0" encoding="UTF-8"?>
<session sessioncode="5059504597">
<general>
<client_version>25.1.1.16</client_version>
<mode>real</mode>
<gametype>Holdem NL</gametype>
<tablename>Twister €200 SNG, 817620112</tablename>
<tournamentcode>817620111</tournamentcode>
<tournamentname>Twister €200 SNG</tournamentname>
<buyin>€0 + €12 + €188</buyin>
<totalbuyin>€200</totalbuyin>
<rewarddrawn>€400</rewarddrawn>
<tournamentcurrency>EUR</tournamentcurrency>
<currency>EUR</currency>
<nickname>Rakki</nickname>
<gamecount>8</gamecount>
<startdate>2025-09-13 03:21:32</startdate>
<place>3</place>
<win>€0</win>
<tablesize>3</tablesize>
</general>
<game gamecode="6477729261"><general><startdate>2025-09-13 03:21:47</startdate>
<round>1</round>
<failsafecounter/>
<players><player seat="10" name="Rakki" chips="500" dealer="0" win="0" bet="20" muck="1" rebuy="0" addon="0" merge="0" rebuychips="0" reg_code="5059504597"/>
<player seat="3" name="OndaBianca1" chips="500" dealer="1" win="0" bet="0" muck="1" rebuy="0" addon="0" merge="0" rebuychips="0" reg_code="5059504266"/>
<player seat="6" name="Frizzantino00" chips="500" dealer="0" win="40" bet="40" muck="1" rebuy="0" addon="0" merge="0" rebuychips="0" reg_code="5059504570"/>
</players>
</general>
<round no="0"><action no="1" player="Frizzantino00" type="1" discard="1" dealt="1" sum="10"/>
<action no="2" player="Rakki" type="2" sum="20"/>
</round>
<round no="1"><cards type="Pocket" player="OndaBianca1">X X</cards>
<cards type="Pocket" player="Frizzantino00">X X</cards>
<cards type="Pocket" player="Rakki">D10 H3</cards>
<action no="3" player="OndaBianca1" type="0" discard="1" dealt="1" sum="0"/>
<action no="4" player="Frizzantino00" type="3" discard="1" dealt="1" sum="10"/>
<action no="5" player="Rakki" type="4" sum="0"/>
</round>
<round no="2"><cards type="Flop">C7 C9 SJ</cards>
<action no="6" player="Frizzantino00" type="4" discard="1" dealt="1" sum="0"/>
<action no="7" player="Rakki" type="4" sum="0"/>
</round>
<round no="3"><cards type="Turn">H5</cards>
<action no="8" player="Frizzantino00" type="4" discard="1" dealt="1" sum="0"/>
<action no="9" player="Rakki" type="4" sum="0"/>
</round>
<round no="4"><cards type="River">DJ</cards>
<action no="10" player="Frizzantino00" type="5" discard="1" dealt="1" sum="20"/>
<action no="11" player="Rakki" type="0" sum="0"/>
</round>
</game>
<game gamecode="6477729292"><general><startdate>2025-09-13 03:22:24</startdate>
<round>1</round>
<failsafecounter/>
<players><player seat="3" name="OndaBianca1" chips="500" dealer="0" win="20" bet="20" muck="1" rebuy="0" addon="0" merge="0" rebuychips="0" reg_code="5059504266"/>
<player seat="6" name="Frizzantino00" chips="520" dealer="1" win="0" bet="0" muck="1" rebuy="0" addon="0" merge="0" rebuychips="0" reg_code="5059504570"/>
<player seat="10" name="Rakki" chips="480" dealer="0" win="0" bet="10" muck="1" rebuy="0" addon="0" merge="0" rebuychips="0" reg_code="5059504597"/>
</players>
</general>
<round no="0"><action no="1" player="Rakki" type="1" sum="10"/>
<action no="2" player="OndaBianca1" type="2" discard="1" dealt="1" sum="20"/>
</round>
<round no="1"><cards type="Pocket" player="Frizzantino00">X X</cards>
<cards type="Pocket" player="Rakki">H6 SJ</cards>
<cards type="Pocket" player="OndaBianca1">X X</cards>
<action no="3" player="Frizzantino00" type="0" discard="1" dealt="1" sum="0"/>
<action no="4" player="Rakki" type="0" sum="0"/>
</round>
</game>
<game gamecode="6477729295"><general><startdate>2025-09-13 03:22:31</startdate>
<round>1</round>
<failsafecounter/>
<players><player seat="6" name="Frizzantino00" chips="520" dealer="0" win="45" bet="40" muck="0" rebuy="0" addon="0" merge="0" rebuychips="0" reg_code="5059504570"/>
<player seat="10" name="Rakki" chips="470" dealer="1" win="45" bet="40" muck="0" rebuy="0" addon="0" merge="0" rebuychips="0" reg_code="5059504597"/>
<player seat="3" name="OndaBianca1" chips="510" dealer="0" win="0" bet="10" muck="1" rebuy="0" addon="0" merge="0" rebuychips="0" reg_code="5059504266"/>
</players>
</general>
<round no="0"><action no="1" player="OndaBianca1" type="1" discard="1" dealt="1" sum="10"/>
<action no="2" player="Frizzantino00" type="2" discard="1" dealt="1" sum="20"/>
</round>
<round no="1"><cards type="Pocket" player="Rakki">CK C7</cards>
<cards type="Pocket" player="Frizzantino00">H5 D4</cards>
<cards type="Pocket" player="OndaBianca1">X X</cards>
<action no="3" player="Rakki" type="23" sum="40"/>
<action no="4" player="OndaBianca1" type="0" discard="1" dealt="1" sum="0"/>
<action no="5" player="Frizzantino00" type="3" discard="1" dealt="1" sum="20"/>
</round>
<round no="2"><cards type="Flop">S10 SJ DJ</cards>
<action no="6" player="Frizzantino00" type="4" discard="1" dealt="1" sum="0"/>
<action no="7" player="Rakki" type="4" sum="0"/>
</round>
<round no="3"><cards type="Turn">C10</cards>
<action no="8" player="Frizzantino00" type="4" discard="1" dealt="1" sum="0"/>
<action no="9" player="Rakki" type="4" sum="0"/>
</round>
<round no="4"><cards type="River">D10</cards>
<action no="10" player="Frizzantino00" type="4" discard="1" dealt="1" sum="0"/>
<action no="11" player="Rakki" type="4" sum="0"/>
</round>
</game>
<game gamecode="6477729321"><general><startdate>2025-09-13 03:23:02</startdate>
<round>1</round>
<failsafecounter/>
<players><player seat="10" name="Rakki" chips="475" dealer="0" win="120" bet="140" muck="1" rebuy="0" addon="0" merge="0" rebuychips="0" reg_code="5059504597"/>
<player seat="3" name="OndaBianca1" chips="500" dealer="1" win="0" bet="40" muck="1" rebuy="0" addon="0" merge="0" rebuychips="0" reg_code="5059504266"/>
<player seat="6" name="Frizzantino00" chips="525" dealer="0" win="0" bet="40" muck="1" rebuy="0" addon="0" merge="0" rebuychips="0" reg_code="5059504570"/>
</players>
</general>
<round no="0"><action no="1" player="Frizzantino00" type="1" discard="1" dealt="1" sum="10"/>
<action no="2" player="Rakki" type="2" sum="20"/>
</round>
<round no="1"><cards type="Pocket" player="OndaBianca1">X X</cards>
<cards type="Pocket" player="Rakki">HQ SQ</cards>
<cards type="Pocket" player="Frizzantino00">X X</cards>
<action no="3" player="OndaBianca1" type="23" discard="1" dealt="1" sum="40"/>
<action no="4" player="Frizzantino00" type="3" discard="1" dealt="1" sum="30"/>
<action no="5" player="Rakki" type="23" sum="140"/>
<action no="6" player="OndaBianca1" type="0" discard="1" dealt="1" sum="0"/>
<action no="7" player="Frizzantino00" type="0" discard="1" dealt="1" sum="0"/>
</round>
</game>
<game gamecode="6477729341"><general><startdate>2025-09-13 03:23:25</startdate>
<round>1</round>
<failsafecounter/>
<players><player seat="3" name="OndaBianca1" chips="460" dealer="0" win="460" bet="460" muck="0" rebuy="0" addon="0" merge="0" rebuychips="0" reg_code="5059504266"/>
<player seat="6" name="Frizzantino00" chips="485" dealer="1" win="0" bet="0" muck="1" rebuy="0" addon="0" merge="0" rebuychips="0" reg_code="5059504570"/>
<player seat="10" name="Rakki" chips="555" dealer="0" win="460" bet="555" muck="0" rebuy="0" addon="0" merge="0" rebuychips="0" reg_code="5059504597"/>
</players>
</general>
<round no="0"><action no="1" player="Rakki" type="1" sum="10"/>
<action no="2" player="OndaBianca1" type="2" discard="1" dealt="1" sum="20"/>
</round>
<round no="1"><cards type="Pocket" player="Frizzantino00">X X</cards>
<cards type="Pocket" player="Rakki">D7 SA</cards>
<cards type="Pocket" player="OndaBianca1">S7 HA</cards>
<action no="3" player="Frizzantino00" type="0" discard="1" dealt="1" sum="0"/>
<action no="4" player="Rakki" type="23" sum="60"/>
<action no="5" player="OndaBianca1" type="3" discard="1" dealt="1" sum="40"/>
</round>
<round no="2"><cards type="Flop">C7 S8 C3</cards>
<action no="6" player="Rakki" type="4" sum="0"/>
<action no="7" player="OndaBianca1" type="5" discard="1" dealt="1" sum="60"/>
<action no="8" player="Rakki" type="3" sum="60"/>
</round>
<round no="3"><cards type="Turn">D2</cards>
<action no="9" player="Rakki" type="4" sum="0"/>
<action no="10" player="OndaBianca1" type="5" discard="1" dealt="1" sum="120"/>
<action no="11" player="Rakki" type="23" sum="435"/>
<action no="12" player="OndaBianca1" type="7" discard="1" dealt="1" sum="220"/>
</round>
<round no="4"><cards type="River">D5</cards>
</round>
</game>
<game gamecode="6477729380"><general><startdate>2025-09-13 03:24:20</startdate>
<round>1</round>
<failsafecounter/>
<players><player seat="6" name="Frizzantino00" chips="485" dealer="0" win="385" bet="190" muck="0" rebuy="0" addon="0" merge="0" rebuychips="0" reg_code="5059504570"/>
<player seat="10" name="Rakki" chips="555" dealer="1" win="0" bet="5" muck="1" rebuy="0" addon="0" merge="0" rebuychips="0" reg_code="5059504597"/>
<player seat="3" name="OndaBianca1" chips="460" dealer="0" win="0" bet="190" muck="1" rebuy="0" addon="0" merge="0" rebuychips="0" reg_code="5059504266"/>
</players>
</general>
<round no="0"><action no="1" player="OndaBianca1" type="15" discard="1" dealt="1" sum="5"/>
<action no="2" player="Frizzantino00" type="15" discard="1" dealt="1" sum="5"/>
<action no="3" player="Rakki" type="15" sum="5"/>
<action no="4" player="OndaBianca1" type="1" discard="1" dealt="1" sum="15"/>
<action no="5" player="Frizzantino00" type="2" discard="1" dealt="1" sum="30"/>
</round>
<round no="1"><cards type="Pocket" player="Frizzantino00">H7 C6</cards>
<cards type="Pocket" player="Rakki">HQ D6</cards>
<cards type="Pocket" player="OndaBianca1">S8 SK</cards>
<action no="6" player="Rakki" type="0" sum="0"/>
<action no="7" player="OndaBianca1" type="3" discard="1" dealt="1" sum="15"/>
<action no="8" player="Frizzantino00" type="4" discard="1" dealt="1" sum="0"/>
</round>
<round no="2"><cards type="Flop">H6 D7 SQ</cards>
<action no="9" player="OndaBianca1" type="5" discard="1" dealt="1" sum="30"/>
<action no="10" player="Frizzantino00" type="3" discard="1" dealt="1" sum="30"/>
</round>
<round no="3"><cards type="Turn">C2</cards>
<action no="11" player="OndaBianca1" type="4" discard="1" dealt="1" sum="0"/>
<action no="12" player="Frizzantino00" type="5" discard="1" dealt="1" sum="35"/>
<action no="13" player="OndaBianca1" type="3" discard="1" dealt="1" sum="35"/>
</round>
<round no="4"><cards type="River">H8</cards>
<action no="14" player="OndaBianca1" type="4" discard="1" dealt="1" sum="0"/>
<action no="15" player="Frizzantino00" type="5" discard="1" dealt="1" sum="90"/>
<action no="16" player="OndaBianca1" type="3" discard="1" dealt="1" sum="90"/>
</round>
</game>
<game gamecode="6477729419"><general><startdate>2025-09-13 03:25:10</startdate>
<round>1</round>
<failsafecounter/>
<players><player seat="10" name="Rakki" chips="550" dealer="0" win="0" bet="270" muck="1" rebuy="0" addon="0" merge="0" rebuychips="0" reg_code="5059504597"/>
<player seat="3" name="OndaBianca1" chips="270" dealer="1" win="565" bet="270" muck="0" rebuy="0" addon="0" merge="0" rebuychips="0" reg_code="5059504266"/>
<player seat="6" name="Frizzantino00" chips="680" dealer="0" win="0" bet="25" muck="1" rebuy="0" addon="0" merge="0" rebuychips="0" reg_code="5059504570"/>
</players>
</general>
<round no="0"><action no="1" player="Frizzantino00" type="15" discard="1" dealt="1" sum="5"/>
<action no="2" player="Rakki" type="15" sum="5"/>
<action no="3" player="OndaBianca1" type="15" discard="1" dealt="1" sum="5"/>
<action no="4" player="Frizzantino00" type="1" discard="1" dealt="1" sum="20"/>
<action no="5" player="Rakki" type="2" sum="40"/>
</round>
<round no="1"><cards type="Pocket" player="Rakki">C10 S10</cards>
<cards type="Pocket" player="Frizzantino00">X X</cards>
<cards type="Pocket" player="OndaBianca1">CQ CJ</cards>
<action no="6" player="OndaBianca1" type="23" discard="1" dealt="1" sum="265"/>
<action no="7" player="Frizzantino00" type="0" discard="1" dealt="1" sum="0"/>
<action no="8" player="Rakki" type="3" sum="225"/>
</round>
<round no="2"><cards type="Flop">CA DJ S2</cards>
</round>
<round no="3"><cards type="Turn">DQ</cards>
</round>
<round no="4"><cards type="River">DA</cards>
</round>
</game>
<game gamecode="6477729437"><general><startdate>2025-09-13 03:25:33</startdate>
<round>1</round>
<failsafecounter/>
<players><player seat="3" name="OndaBianca1" chips="565" dealer="0" win="1,410" bet="565" muck="0" rebuy="0" addon="0" merge="0" rebuychips="0" reg_code="5059504266"/>
<player seat="6" name="Frizzantino00" chips="655" dealer="1" win="0" bet="655" muck="1" rebuy="0" addon="0" merge="0" rebuychips="0" reg_code="5059504570"/>
<player seat="10" name="Rakki" chips="280" dealer="0" win="0" bet="280" muck="1" rebuy="0" addon="0" merge="0" rebuychips="0" reg_code="5059504597"/>
</players>
</general>
<round no="0"><action no="1" player="Rakki" type="15" sum="5"/>
<action no="2" player="OndaBianca1" type="15" discard="1" dealt="1" sum="5"/>
<action no="3" player="Frizzantino00" type="15" discard="1" dealt="1" sum="5"/>
<action no="4" player="Rakki" type="1" sum="20"/>
<action no="5" player="OndaBianca1" type="2" discard="1" dealt="1" sum="40"/>
</round>
<round no="1"><cards type="Pocket" player="Frizzantino00">D8 HA</cards>
<cards type="Pocket" player="Rakki">CA HQ</cards>
<cards type="Pocket" player="OndaBianca1">S6 H6</cards>
<action no="6" player="Frizzantino00" type="23" discard="1" dealt="1" sum="650"/>
<action no="7" player="Rakki" type="7" sum="255"/>
<action no="8" player="OndaBianca1" type="7" discard="1" dealt="1" sum="520"/>
</round>
<round no="2"><cards type="Flop">CJ H9 S3</cards>
</round>
<round no="3"><cards type="Turn">S4</cards>
</round>
<round no="4"><cards type="River">D9</cards>
</round>
</game>
</session>
