<?xml version="1.0" encoding="UTF-8"?>
<session sessioncode="5059571979">
<general>
<client_version>25.1.1.16</client_version>
<mode>real</mode>
<gametype>Holdem NL</gametype>
<tablename>Twister €200 SNG, 817650662</tablename>
<tournamentcode>817650661</tournamentcode>
<tournamentname>Twister €200 SNG</tournamentname>
<buyin>€0 + €12 + €188</buyin>
<totalbuyin>€200</totalbuyin>
<rewarddrawn>€600</rewarddrawn>
<tournamentcurrency>EUR</tournamentcurrency>
<currency>EUR</currency>
<nickname>Rakki</nickname>
<gamecount>16</gamecount>
<startdate>2025-09-13 15:45:05</startdate>
<place>2</place>
<win>€0</win>
<tablesize>3</tablesize>
</general>
<game gamecode="6478012362"><general><startdate>2025-09-13 15:45:21</startdate>
<round>1</round>
<failsafecounter/>
<players><player seat="6" name="Rakki" chips="500" dealer="0" win="0" bet="20" muck="1" rebuy="0" addon="0" merge="0" rebuychips="0" reg_code="5059571979"/>
<player seat="10" name="SuBandiduu" chips="500" dealer="1" win="0" bet="0" muck="1" rebuy="0" addon="0" merge="0" rebuychips="0" reg_code="5059572050"/>
<player seat="3" name="OndaBianca1" chips="500" dealer="0" win="40" bet="60" muck="1" rebuy="0" addon="0" merge="0" rebuychips="0" reg_code="5059571546"/>
</players>
</general>
<round no="0"><action no="1" player="OndaBianca1" type="1" discard="1" dealt="1" sum="10"/>
<action no="2" player="Rakki" type="2" sum="20"/>
</round>
<round no="1"><cards type="Pocket" player="Rakki">D5 S3</cards>
<cards type="Pocket" player="OndaBianca1">X X</cards>
<cards type="Pocket" player="SuBandiduu">X X</cards>
<action no="3" player="SuBandiduu" type="0" discard="1" dealt="1" sum="0"/>
<action no="4" player="OndaBianca1" type="23" discard="1" dealt="1" sum="60"/>
<action no="5" player="Rakki" type="0" sum="0"/>
</round>
</game>
<game gamecode="6478012379"><general><startdate>2025-09-13 15:45:32</startdate>
<round>1</round>
<failsafecounter/>
<players><player seat="10" name="SuBandiduu" chips="500" dealer="0" win="280" bet="140" muck="0" rebuy="0" addon="0" merge="0" rebuychips="0" reg_code="5059572050"/>
<player seat="3" name="OndaBianca1" chips="520" dealer="1" win="0" bet="0" muck="1" rebuy="0" addon="0" merge="0" rebuychips="0" reg_code="5059571546"/>
<player seat="6" name="Rakki" chips="480" dealer="0" win="0" bet="140" muck="1" rebuy="0" addon="0" merge="0" rebuychips="0" reg_code="5059571979"/>
</players>
</general>
<round no="0"><action no="1" player="Rakki" type="1" sum="10"/>
<action no="2" player="SuBandiduu" type="2" discard="1" dealt="1" sum="20"/>
</round>
<round no="1"><cards type="Pocket" player="SuBandiduu">H10 S8</cards>
<cards type="Pocket" player="OndaBianca1">X X</cards>
<cards type="Pocket" player="Rakki">CK C9</cards>
<action no="3" player="OndaBianca1" type="0" discard="1" dealt="1" sum="0"/>
<action no="4" player="Rakki" type="3" sum="10"/>
<action no="5" player="SuBandiduu" type="4" discard="1" dealt="1" sum="0"/>
</round>
<round no="2"><cards type="Flop">C3 C5 D10</cards>
<action no="6" player="Rakki" type="4" sum="0"/>
<action no="7" player="SuBandiduu" type="5" discard="1" dealt="1" sum="30"/>
<action no="8" player="Rakki" type="23" sum="120"/>
<action no="9" player="SuBandiduu" type="3" discard="1" dealt="1" sum="90"/>
</round>
<round no="3"><cards type="Turn">SA</cards>
<action no="10" player="Rakki" type="4" sum="0"/>
<action no="11" player="SuBandiduu" type="4" discard="1" dealt="1" sum="0"/>
</round>
<round no="4"><cards type="River">S5</cards>
<action no="12" player="Rakki" type="4" sum="0"/>
<action no="13" player="SuBandiduu" type="4" discard="1" dealt="1" sum="0"/>
</round>
</game>
<game gamecode="6478019447"><general><startdate>2025-09-13 15:46:14</startdate>
<round>1</round>
<failsafecounter/>
<players><player seat="3" name="OndaBianca1" chips="520" dealer="0" win="20" bet="20" muck="1" rebuy="0" addon="0" merge="0" rebuychips="0" reg_code="5059571546"/>
<player seat="6" name="Rakki" chips="340" dealer="1" win="0" bet="0" muck="1" rebuy="0" addon="0" merge="0" rebuychips="0" reg_code="5059571979"/>
<player seat="10" name="SuBandiduu" chips="640" dealer="0" win="0" bet="10" muck="1" rebuy="0" addon="0" merge="0" rebuychips="0" reg_code="5059572050"/>
</players>
</general>
<round no="0"><action no="1" player="SuBandiduu" type="1" discard="1" dealt="1" sum="10"/>
<action no="2" player="OndaBianca1" type="2" discard="1" dealt="1" sum="20"/>
</round>
<round no="1"><cards type="Pocket" player="Rakki">D8 S6</cards>
<cards type="Pocket" player="SuBandiduu">X X</cards>
<cards type="Pocket" player="OndaBianca1">X X</cards>
<action no="3" player="Rakki" type="0" sum="0"/>
<action no="4" player="SuBandiduu" type="0" discard="1" dealt="1" sum="0"/>
</round>
</game>
<game gamecode="6478019466"><general><startdate>2025-09-13 15:46:25</startdate>
<round>1</round>
<failsafecounter/>
<players><player seat="6" name="Rakki" chips="340" dealer="0" win="20" bet="20" muck="1" rebuy="0" addon="0" merge="0" rebuychips="0" reg_code="5059571979"/>
<player seat="10" name="SuBandiduu" chips="630" dealer="1" win="0" bet="0" muck="1" rebuy="0" addon="0" merge="0" rebuychips="0" reg_code="5059572050"/>
<player seat="3" name="OndaBianca1" chips="530" dealer="0" win="0" bet="10" muck="1" rebuy="0" addon="0" merge="0" rebuychips="0" reg_code="5059571546"/>
</players>
</general>
<round no="0"><action no="1" player="OndaBianca1" type="1" discard="1" dealt="1" sum="10"/>
<action no="2" player="Rakki" type="2" sum="20"/>
</round>
<round no="1"><cards type="Pocket" player="SuBandiduu">X X</cards>
<cards type="Pocket" player="Rakki">S8 C5</cards>
<cards type="Pocket" player="OndaBianca1">X X</cards>
<action no="3" player="SuBandiduu" type="0" discard="1" dealt="1" sum="0"/>
<action no="4" player="OndaBianca1" type="0" discard="1" dealt="1" sum="0"/>
</round>
</game>
<game gamecode="6478019491"><general><startdate>2025-09-13 15:46:38</startdate>
<round>1</round>
<failsafecounter/>
<players><player seat="10" name="SuBandiduu" chips="630" dealer="0" win="0" bet="40" muck="1" rebuy="0" addon="0" merge="0" rebuychips="0" reg_code="5059572050"/>
<player seat="3" name="OndaBianca1" chips="520" dealer="1" win="90" bet="85" muck="1" rebuy="0" addon="0" merge="0" rebuychips="0" reg_code="5059571546"/>
<player seat="6" name="Rakki" chips="350" dealer="0" win="0" bet="10" muck="1" rebuy="0" addon="0" merge="0" rebuychips="0" reg_code="5059571979"/>
</players>
</general>
<round no="0"><action no="1" player="Rakki" type="1" sum="10"/>
<action no="2" player="SuBandiduu" type="2" discard="1" dealt="1" sum="20"/>
</round>
<round no="1"><cards type="Pocket" player="SuBandiduu">X X</cards>
<cards type="Pocket" player="Rakki">H9 C2</cards>
<cards type="Pocket" player="OndaBianca1">X X</cards>
<action no="3" player="OndaBianca1" type="23" discard="1" dealt="1" sum="40"/>
<action no="4" player="Rakki" type="0" sum="0"/>
<action no="5" player="SuBandiduu" type="3" discard="1" dealt="1" sum="20"/>
</round>
<round no="2"><cards type="Flop">S3 H5 C8</cards>
<action no="6" player="SuBandiduu" type="4" discard="1" dealt="1" sum="0"/>
<action no="7" player="OndaBianca1" type="5" discard="1" dealt="1" sum="45"/>
<action no="8" player="SuBandiduu" type="0" discard="1" dealt="1" sum="0"/>
</round>
</game>
<game gamecode="6478019522"><general><startdate>2025-09-13 15:46:54</startdate>
<round>1</round>
<failsafecounter/>
<players><player seat="3" name="OndaBianca1" chips="570" dealer="0" win="200" bet="175" muck="1" rebuy="0" addon="0" merge="0" rebuychips="0" reg_code="5059571546"/>
<player seat="6" name="Rakki" chips="340" dealer="1" win="0" bet="0" muck="1" rebuy="0" addon="0" merge="0" rebuychips="0" reg_code="5059571979"/>
<player seat="10" name="SuBandiduu" chips="590" dealer="0" win="0" bet="100" muck="1" rebuy="0" addon="0" merge="0" rebuychips="0" reg_code="5059572050"/>
</players>
</general>
<round no="0"><action no="1" player="SuBandiduu" type="1" discard="1" dealt="1" sum="10"/>
<action no="2" player="OndaBianca1" type="2" discard="1" dealt="1" sum="20"/>
</round>
<round no="1"><cards type="Pocket" player="SuBandiduu">X X</cards>
<cards type="Pocket" player="OndaBianca1">X X</cards>
<cards type="Pocket" player="Rakki">D2 CK</cards>
<action no="3" player="Rakki" type="0" sum="0"/>
<action no="4" player="SuBandiduu" type="23" discard="1" dealt="1" sum="50"/>
<action no="5" player="OndaBianca1" type="3" discard="1" dealt="1" sum="30"/>
</round>
<round no="2"><cards type="Flop">S6 D10 D4</cards>
<action no="6" player="SuBandiduu" type="5" discard="1" dealt="1" sum="50"/>
<action no="7" player="OndaBianca1" type="23" discard="1" dealt="1" sum="125"/>
<action no="8" player="SuBandiduu" type="0" discard="1" dealt="1" sum="0"/>
</round>
</game>
<game gamecode="6478019569"><general><startdate>2025-09-13 15:47:13</startdate>
<round>1</round>
<failsafecounter/>
<players><player seat="6" name="Rakki" chips="340" dealer="0" win="0" bet="35" muck="1" rebuy="0" addon="0" merge="0" rebuychips="0" reg_code="5059571979"/>
<player seat="10" name="SuBandiduu" chips="490" dealer="1" win="0" bet="5" muck="1" rebuy="0" addon="0" merge="0" rebuychips="0" reg_code="5059572050"/>
<player seat="3" name="OndaBianca1" chips="670" dealer="0" win="75" bet="670" muck="1" rebuy="0" addon="0" merge="0" rebuychips="0" reg_code="5059571546"/>
</players>
</general>
<round no="0"><action no="1" player="OndaBianca1" type="15" discard="1" dealt="1" sum="5"/>
<action no="2" player="Rakki" type="15" sum="5"/>
<action no="3" player="SuBandiduu" type="15" discard="1" dealt="1" sum="5"/>
<action no="4" player="OndaBianca1" type="1" discard="1" dealt="1" sum="15"/>
<action no="5" player="Rakki" type="2" sum="30"/>
</round>
<round no="1"><cards type="Pocket" player="Rakki">H3 CQ</cards>
<cards type="Pocket" player="OndaBianca1">X X</cards>
<cards type="Pocket" player="SuBandiduu">X X</cards>
<action no="6" player="SuBandiduu" type="0" discard="1" dealt="1" sum="0"/>
<action no="7" player="OndaBianca1" type="23" discard="1" dealt="1" sum="665"/>
<action no="8" player="Rakki" type="0" sum="0"/>
</round>
</game>
<game gamecode="6478019589"><general><startdate>2025-09-13 15:47:24</startdate>
<round>1</round>
<failsafecounter/>
<players><player seat="10" name="SuBandiduu" chips="485" dealer="0" win="0" bet="35" muck="1" rebuy="0" addon="0" merge="0" rebuychips="0" reg_code="5059572050"/>
<player seat="3" name="OndaBianca1" chips="710" dealer="1" win="0" bet="5" muck="1" rebuy="0" addon="0" merge="0" rebuychips="0" reg_code="5059571546"/>
<player seat="6" name="Rakki" chips="305" dealer="0" win="75" bet="305" muck="1" rebuy="0" addon="0" merge="0" rebuychips="0" reg_code="5059571979"/>
</players>
</general>
<round no="0"><action no="1" player="Rakki" type="15" sum="5"/>
<action no="2" player="SuBandiduu" type="15" discard="1" dealt="1" sum="5"/>
<action no="3" player="OndaBianca1" type="15" discard="1" dealt="1" sum="5"/>
<action no="4" player="Rakki" type="1" sum="15"/>
<action no="5" player="SuBandiduu" type="2" discard="1" dealt="1" sum="30"/>
</round>
<round no="1"><cards type="Pocket" player="OndaBianca1">X X</cards>
<cards type="Pocket" player="Rakki">D9 D6</cards>
<cards type="Pocket" player="SuBandiduu">X X</cards>
<action no="6" player="OndaBianca1" type="0" discard="1" dealt="1" sum="0"/>
<action no="7" player="Rakki" type="23" sum="300"/>
<action no="8" player="SuBandiduu" type="0" discard="1" dealt="1" sum="0"/>
</round>
</game>
<game gamecode="6478019607"><general><startdate>2025-09-13 15:47:34</startdate>
<round>1</round>
<failsafecounter/>
<players><player seat="3" name="OndaBianca1" chips="705" dealer="0" win="0" bet="35" muck="1" rebuy="0" addon="0" merge="0" rebuychips="0" reg_code="5059571546"/>
<player seat="6" name="Rakki" chips="345" dealer="1" win="90" bet="65" muck="1" rebuy="0" addon="0" merge="0" rebuychips="0" reg_code="5059571979"/>
<player seat="10" name="SuBandiduu" chips="450" dealer="0" win="0" bet="20" muck="1" rebuy="0" addon="0" merge="0" rebuychips="0" reg_code="5059572050"/>
</players>
</general>
<round no="0"><action no="1" player="SuBandiduu" type="15" discard="1" dealt="1" sum="5"/>
<action no="2" player="OndaBianca1" type="15" discard="1" dealt="1" sum="5"/>
<action no="3" player="Rakki" type="15" sum="5"/>
<action no="4" player="SuBandiduu" type="1" discard="1" dealt="1" sum="15"/>
<action no="5" player="OndaBianca1" type="2" discard="1" dealt="1" sum="30"/>
</round>
<round no="1"><cards type="Pocket" player="Rakki">SK S6</cards>
<cards type="Pocket" player="SuBandiduu">X X</cards>
<cards type="Pocket" player="OndaBianca1">X X</cards>
<action no="6" player="Rakki" type="23" sum="60"/>
<action no="7" player="SuBandiduu" type="0" discard="1" dealt="1" sum="0"/>
<action no="8" player="OndaBianca1" type="0" discard="1" dealt="1" sum="0"/>
</round>
</game>
<game gamecode="6478019632"><general><startdate>2025-09-13 15:47:45</startdate>
<round>1</round>
<failsafecounter/>
<players><player seat="6" name="Rakki" chips="400" dealer="0" win="0" bet="35" muck="1" rebuy="0" addon="0" merge="0" rebuychips="0" reg_code="5059571979"/>
<player seat="10" name="SuBandiduu" chips="430" dealer="1" win="0" bet="430" muck="0" rebuy="0" addon="0" merge="0" rebuychips="0" reg_code="5059572050"/>
<player seat="3" name="OndaBianca1" chips="670" dealer="0" win="895" bet="670" muck="0" rebuy="0" addon="0" merge="0" rebuychips="0" reg_code="5059571546"/>
</players>
</general>
<round no="0"><action no="1" player="OndaBianca1" type="15" discard="1" dealt="1" sum="5"/>
<action no="2" player="Rakki" type="15" sum="5"/>
<action no="3" player="SuBandiduu" type="15" discard="1" dealt="1" sum="5"/>
<action no="4" player="OndaBianca1" type="1" discard="1" dealt="1" sum="15"/>
<action no="5" player="Rakki" type="2" sum="30"/>
</round>
<round no="1"><cards type="Pocket" player="Rakki">C5 D6</cards>
<cards type="Pocket" player="SuBandiduu">CJ D10</cards>
<cards type="Pocket" player="OndaBianca1">SA D7</cards>
<action no="6" player="SuBandiduu" type="23" discard="1" dealt="1" sum="425"/>
<action no="7" player="OndaBianca1" type="7" discard="1" dealt="1" sum="650"/>
<action no="8" player="Rakki" type="0" sum="0"/>
</round>
<round no="2"><cards type="Flop">C9 D4 CK</cards>
</round>
<round no="3"><cards type="Turn">H4</cards>
</round>
<round no="4"><cards type="River">D8</cards>
</round>
</game>
<game gamecode="6478019664"><general><startdate>2025-09-13 15:48:06</startdate>
<round>1</round>
<failsafecounter/>
<players><player seat="6" name="Rakki" chips="365" dealer="0" win="0" bet="35" muck="1" rebuy="0" addon="0" merge="0" rebuychips="0" reg_code="5059571979"/>
<player seat="3" name="OndaBianca1" chips="1,135" dealer="1" win="70" bet="70" muck="1" rebuy="0" addon="0" merge="0" rebuychips="0" reg_code="5059571546"/>
</players>
</general>
<round no="0"><action no="1" player="OndaBianca1" type="15" discard="1" dealt="1" sum="5"/>
<action no="2" player="Rakki" type="15" sum="5"/>
<action no="3" player="OndaBianca1" type="1" discard="1" dealt="1" sum="15"/>
<action no="4" player="Rakki" type="2" sum="30"/>
</round>
<round no="1"><cards type="Pocket" player="Rakki">S9 H2</cards>
<cards type="Pocket" player="OndaBianca1">X X</cards>
<action no="5" player="OndaBianca1" type="3" discard="1" dealt="1" sum="15"/>
<action no="6" player="Rakki" type="4" sum="0"/>
</round>
<round no="2"><cards type="Flop">C2 H3 C7</cards>
<action no="7" player="Rakki" type="4" sum="0"/>
<action no="8" player="OndaBianca1" type="4" discard="1" dealt="1" sum="0"/>
</round>
<round no="3"><cards type="Turn">DA</cards>
<action no="9" player="Rakki" type="4" sum="0"/>
<action no="10" player="OndaBianca1" type="5" discard="1" dealt="1" sum="35"/>
<action no="11" player="Rakki" type="0" sum="0"/>
</round>
</game>
<game gamecode="6478019710"><general><startdate>2025-09-13 15:48:28</startdate>
<round>1</round>
<failsafecounter/>
<players><player seat="3" name="OndaBianca1" chips="1,170" dealer="0" win="130" bet="65" muck="0" rebuy="0" addon="0" merge="0" rebuychips="0" reg_code="5059571546"/>
<player seat="6" name="Rakki" chips="330" dealer="1" win="0" bet="65" muck="1" rebuy="0" addon="0" merge="0" rebuychips="0" reg_code="5059571979"/>
</players>
</general>
<round no="0"><action no="1" player="Rakki" type="15" sum="5"/>
<action no="2" player="OndaBianca1" type="15" discard="1" dealt="1" sum="5"/>
<action no="3" player="Rakki" type="1" sum="15"/>
<action no="4" player="OndaBianca1" type="2" discard="1" dealt="1" sum="30"/>
</round>
<round no="1"><cards type="Pocket" player="OndaBianca1">D6 C7</cards>
<cards type="Pocket" player="Rakki">D7 D4</cards>
<action no="5" player="Rakki" type="3" sum="15"/>
<action no="6" player="OndaBianca1" type="4" discard="1" dealt="1" sum="0"/>
</round>
<round no="2"><cards type="Flop">SK H6 C8</cards>
<action no="7" player="OndaBianca1" type="4" discard="1" dealt="1" sum="0"/>
<action no="8" player="Rakki" type="5" sum="30"/>
<action no="9" player="OndaBianca1" type="3" discard="1" dealt="1" sum="30"/>
</round>
<round no="3"><cards type="Turn">H7</cards>
<action no="10" player="OndaBianca1" type="4" discard="1" dealt="1" sum="0"/>
<action no="11" player="Rakki" type="4" sum="0"/>
</round>
<round no="4"><cards type="River">HJ</cards>
<action no="12" player="OndaBianca1" type="4" discard="1" dealt="1" sum="0"/>
<action no="13" player="Rakki" type="4" sum="0"/>
</round>
</game>
<game gamecode="6478019750"><general><startdate>2025-09-13 15:48:52</startdate>
<round>1</round>
<failsafecounter/>
<players><player seat="6" name="Rakki" chips="265" dealer="0" win="50" bet="45" muck="1" rebuy="0" addon="0" merge="0" rebuychips="0" reg_code="5059571979"/>
<player seat="3" name="OndaBianca1" chips="1,235" dealer="1" win="0" bet="25" muck="1" rebuy="0" addon="0" merge="0" rebuychips="0" reg_code="5059571546"/>
</players>
</general>
<round no="0"><action no="1" player="OndaBianca1" type="15" discard="1" dealt="1" sum="5"/>
<action no="2" player="Rakki" type="15" sum="5"/>
<action no="3" player="OndaBianca1" type="1" discard="1" dealt="1" sum="20"/>
<action no="4" player="Rakki" type="2" sum="40"/>
</round>
<round no="1"><cards type="Pocket" player="Rakki">SK H6</cards>
<cards type="Pocket" player="OndaBianca1">X X</cards>
<action no="5" player="OndaBianca1" type="0" discard="1" dealt="1" sum="0"/>
</round>
</game>
<game gamecode="6478019762"><general><startdate>2025-09-13 15:48:57</startdate>
<round>1</round>
<failsafecounter/>
<players><player seat="3" name="OndaBianca1" chips="1,210" dealer="0" win="0" bet="45" muck="1" rebuy="0" addon="0" merge="0" rebuychips="0" reg_code="5059571546"/>
<player seat="6" name="Rakki" chips="290" dealer="1" win="90" bet="290" muck="1" rebuy="0" addon="0" merge="0" rebuychips="0" reg_code="5059571979"/>
</players>
</general>
<round no="0"><action no="1" player="Rakki" type="15" sum="5"/>
<action no="2" player="OndaBianca1" type="15" discard="1" dealt="1" sum="5"/>
<action no="3" player="Rakki" type="1" sum="20"/>
<action no="4" player="OndaBianca1" type="2" discard="1" dealt="1" sum="40"/>
</round>
<round no="1"><cards type="Pocket" player="OndaBianca1">X X</cards>
<cards type="Pocket" player="Rakki">S4 CA</cards>
<action no="5" player="Rakki" type="23" sum="285"/>
<action no="6" player="OndaBianca1" type="0" discard="1" dealt="1" sum="0"/>
</round>
</game>
<game gamecode="6478019780"><general><startdate>2025-09-13 15:49:05</startdate>
<round>1</round>
<failsafecounter/>
<players><player seat="6" name="Rakki" chips="335" dealer="0" win="250" bet="335" muck="1" rebuy="0" addon="0" merge="0" rebuychips="0" reg_code="5059571979"/>
<player seat="3" name="OndaBianca1" chips="1,165" dealer="1" win="0" bet="125" muck="1" rebuy="0" addon="0" merge="0" rebuychips="0" reg_code="5059571546"/>
</players>
</general>
<round no="0"><action no="1" player="OndaBianca1" type="15" discard="1" dealt="1" sum="5"/>
<action no="2" player="Rakki" type="15" sum="5"/>
<action no="3" player="OndaBianca1" type="1" discard="1" dealt="1" sum="20"/>
<action no="4" player="Rakki" type="2" sum="40"/>
</round>
<round no="1"><cards type="Pocket" player="Rakki">H3 C4</cards>
<cards type="Pocket" player="OndaBianca1">X X</cards>
<action no="5" player="OndaBianca1" type="3" discard="1" dealt="1" sum="20"/>
<action no="6" player="Rakki" type="4" sum="0"/>
</round>
<round no="2"><cards type="Flop">SK S3 HA</cards>
<action no="7" player="Rakki" type="4" sum="0"/>
<action no="8" player="OndaBianca1" type="5" discard="1" dealt="1" sum="40"/>
<action no="9" player="Rakki" type="23" sum="80"/>
<action no="10" player="OndaBianca1" type="3" discard="1" dealt="1" sum="40"/>
</round>
<round no="3"><cards type="Turn">DK</cards>
<action no="11" player="Rakki" type="5" sum="210"/>
<action no="12" player="OndaBianca1" type="0" discard="1" dealt="1" sum="0"/>
</round>
</game>
<game gamecode="6478019834"><general><startdate>2025-09-13 15:49:34</startdate>
<round>1</round>
<failsafecounter/>
<players><player seat="3" name="OndaBianca1" chips="1,040" dealer="0" win="920" bet="1,040" muck="0" rebuy="0" addon="0" merge="0" rebuychips="0" reg_code="5059571546"/>
<player seat="6" name="Rakki" chips="460" dealer="1" win="0" bet="460" muck="1" rebuy="0" addon="0" merge="0" rebuychips="0" reg_code="5059571979"/>
</players>
</general>
<round no="0"><action no="1" player="Rakki" type="15" sum="5"/>
<action no="2" player="OndaBianca1" type="15" discard="1" dealt="1" sum="5"/>
<action no="3" player="Rakki" type="1" sum="20"/>
<action no="4" player="OndaBianca1" type="2" discard="1" dealt="1" sum="40"/>
</round>
<round no="1"><cards type="Pocket" player="Rakki">SK S7</cards>
<cards type="Pocket" player="OndaBianca1">H6 CA</cards>
<action no="5" player="Rakki" type="3" sum="20"/>
<action no="6" player="OndaBianca1" type="23" discard="1" dealt="1" sum="1,035"/>
<action no="7" player="Rakki" type="7" sum="415"/>
</round>
<round no="2"><cards type="Flop">SA HQ D3</cards>
</round>
<round no="3"><cards type="Turn">S8</cards>
</round>
<round no="4"><cards type="River">D5</cards>
</round>
</game>
</session>
