<?xml version="1.0" encoding="UTF-8"?>
<session sessioncode="5059912702">
<general>
<client_version>25.1.1.16</client_version>
<mode>real</mode>
<gametype>Holdem NL</gametype>
<tablename>Twister €200 SNG, 817757111</tablename>
<tournamentcode>817757110</tournamentcode>
<tournamentname>Twister €200 SNG</tournamentname>
<buyin>€0 + €12 + €188</buyin>
<totalbuyin>€200</totalbuyin>
<rewarddrawn>€400</rewarddrawn>
<tournamentcurrency>EUR</tournamentcurrency>
<currency>EUR</currency>
<nickname>Rakki</nickname>
<gamecount>6</gamecount>
<startdate>2025-09-15 10:14:58</startdate>
<place>3</place>
<win>€0</win>
<tablesize>3</tablesize>
</general>
<game gamecode="6479437233"><general><startdate>2025-09-15 10:15:13</startdate>
<round>1</round>
<failsafecounter/>
<players><player seat="3" name="MadunnaLupa" chips="500" dealer="0" win="0" bet="20" muck="1" rebuy="0" addon="0" merge="0" rebuychips="0" reg_code="5059912380"/>
<player seat="6" name="Pannocchietta" chips="500" dealer="1" win="0" bet="0" muck="1" rebuy="0" addon="0" merge="0" rebuychips="0" reg_code="5059912469"/>
<player seat="10" name="Rakki" chips="500" dealer="0" win="40" bet="50" muck="1" rebuy="0" addon="0" merge="0" rebuychips="0" reg_code="5059912702"/>
</players>
</general>
<round no="0"><action no="1" player="Rakki" type="1" sum="10"/>
<action no="2" player="MadunnaLupa" type="2" discard="1" dealt="1" sum="20"/>
</round>
<round no="1"><cards type="Pocket" player="Rakki">DA D7</cards>
<cards type="Pocket" player="Pannocchietta">X X</cards>
<cards type="Pocket" player="MadunnaLupa">X X</cards>
<action no="3" player="Pannocchietta" type="0" discard="1" dealt="1" sum="0"/>
<action no="4" player="Rakki" type="23" sum="50"/>
<action no="5" player="MadunnaLupa" type="0" discard="1" dealt="1" sum="0"/>
</round>
</game>
<game gamecode="6479437253"><general><startdate>2025-09-15 10:15:40</startdate>
<round>1</round>
<failsafecounter/>
<players><player seat="6" name="Pannocchietta" chips="500" dealer="0" win="90" bet="160" muck="1" rebuy="0" addon="0" merge="0" rebuychips="0" reg_code="5059912469"/>
<player seat="10" name="Rakki" chips="520" dealer="1" win="0" bet="40" muck="1" rebuy="0" addon="0" merge="0" rebuychips="0" reg_code="5059912702"/>
<player seat="3" name="MadunnaLupa" chips="480" dealer="0" win="0" bet="10" muck="1" rebuy="0" addon="0" merge="0" rebuychips="0" reg_code="5059912380"/>
</players>
</general>
<round no="0"><action no="1" player="MadunnaLupa" type="1" discard="1" dealt="1" sum="10"/>
<action no="2" player="Pannocchietta" type="2" discard="1" dealt="1" sum="20"/>
</round>
<round no="1"><cards type="Pocket" player="Rakki">C5 CQ</cards>
<cards type="Pocket" player="Pannocchietta">X X</cards>
<cards type="Pocket" player="MadunnaLupa">X X</cards>
<action no="3" player="Rakki" type="23" sum="40"/>
<action no="4" player="MadunnaLupa" type="0" discard="1" dealt="1" sum="0"/>
<action no="5" player="Pannocchietta" type="3" discard="1" dealt="1" sum="20"/>
</round>
<round no="2"><cards type="Flop">S2 S10 D8</cards>
<action no="6" player="Pannocchietta" type="4" discard="1" dealt="1" sum="0"/>
<action no="7" player="Rakki" type="4" sum="0"/>
</round>
<round no="3"><cards type="Turn">DK</cards>
<action no="8" player="Pannocchietta" type="5" discard="1" dealt="1" sum="120"/>
<action no="9" player="Rakki" type="0" sum="0"/>
</round>
</game>
<game gamecode="6479437280"><general><startdate>2025-09-15 10:16:22</startdate>
<round>1</round>
<failsafecounter/>
<players><player seat="10" name="Rakki" chips="480" dealer="0" win="40" bet="20" muck="0" rebuy="0" addon="0" merge="0" rebuychips="0" reg_code="5059912702"/>
<player seat="3" name="MadunnaLupa" chips="470" dealer="1" win="0" bet="0" muck="1" rebuy="0" addon="0" merge="0" rebuychips="0" reg_code="5059912380"/>
<player seat="6" name="Pannocchietta" chips="550" dealer="0" win="0" bet="20" muck="1" rebuy="0" addon="0" merge="0" rebuychips="0" reg_code="5059912469"/>
</players>
</general>
<round no="0"><action no="1" player="Pannocchietta" type="1" discard="1" dealt="1" sum="10"/>
<action no="2" player="Rakki" type="2" sum="20"/>
</round>
<round no="1"><cards type="Pocket" player="Rakki">S4 CA</cards>
<cards type="Pocket" player="Pannocchietta">SK D5</cards>
<cards type="Pocket" player="MadunnaLupa">X X</cards>
<action no="3" player="MadunnaLupa" type="0" discard="1" dealt="1" sum="0"/>
<action no="4" player="Pannocchietta" type="3" discard="1" dealt="1" sum="10"/>
<action no="5" player="Rakki" type="4" sum="0"/>
</round>
<round no="2"><cards type="Flop">C6 S9 D8</cards>
<action no="6" player="Pannocchietta" type="4" discard="1" dealt="1" sum="0"/>
<action no="7" player="Rakki" type="4" sum="0"/>
</round>
<round no="3"><cards type="Turn">S10</cards>
<action no="8" player="Pannocchietta" type="4" discard="1" dealt="1" sum="0"/>
<action no="9" player="Rakki" type="4" sum="0"/>
</round>
<round no="4"><cards type="River">H9</cards>
<action no="10" player="Pannocchietta" type="4" discard="1" dealt="1" sum="0"/>
<action no="11" player="Rakki" type="4" sum="0"/>
</round>
</game>
<game gamecode="6479437322"><general><startdate>2025-09-15 10:17:17</startdate>
<round>1</round>
<failsafecounter/>
<players><player seat="3" name="MadunnaLupa" chips="470" dealer="0" win="75" bet="85" muck="1" rebuy="0" addon="0" merge="0" rebuychips="0" reg_code="5059912380"/>
<player seat="6" name="Pannocchietta" chips="530" dealer="1" win="0" bet="5" muck="1" rebuy="0" addon="0" merge="0" rebuychips="0" reg_code="5059912469"/>
<player seat="10" name="Rakki" chips="500" dealer="0" win="0" bet="35" muck="1" rebuy="0" addon="0" merge="0" rebuychips="0" reg_code="5059912702"/>
</players>
</general>
<round no="0"><action no="1" player="Rakki" type="15" sum="5"/>
<action no="2" player="MadunnaLupa" type="15" discard="1" dealt="1" sum="5"/>
<action no="3" player="Pannocchietta" type="15" discard="1" dealt="1" sum="5"/>
<action no="4" player="Rakki" type="1" sum="15"/>
<action no="5" player="MadunnaLupa" type="2" discard="1" dealt="1" sum="30"/>
</round>
<round no="1"><cards type="Pocket" player="Pannocchietta">X X</cards>
<cards type="Pocket" player="MadunnaLupa">X X</cards>
<cards type="Pocket" player="Rakki">HQ D7</cards>
<action no="6" player="Pannocchietta" type="0" discard="1" dealt="1" sum="0"/>
<action no="7" player="Rakki" type="3" sum="15"/>
<action no="8" player="MadunnaLupa" type="23" discard="1" dealt="1" sum="80"/>
<action no="9" player="Rakki" type="0" sum="0"/>
</round>
</game>
<game gamecode="6479437343"><general><startdate>2025-09-15 10:17:46</startdate>
<round>1</round>
<failsafecounter/>
<players><player seat="6" name="Pannocchietta" chips="525" dealer="0" win="0" bet="35" muck="1" rebuy="0" addon="0" merge="0" rebuychips="0" reg_code="5059912469"/>
<player seat="10" name="Rakki" chips="465" dealer="1" win="0" bet="5" muck="1" rebuy="0" addon="0" merge="0" rebuychips="0" reg_code="5059912702"/>
<player seat="3" name="MadunnaLupa" chips="510" dealer="0" win="75" bet="76" muck="1" rebuy="0" addon="0" merge="0" rebuychips="0" reg_code="5059912380"/>
</players>
</general>
<round no="0"><action no="1" player="MadunnaLupa" type="15" discard="1" dealt="1" sum="5"/>
<action no="2" player="Pannocchietta" type="15" discard="1" dealt="1" sum="5"/>
<action no="3" player="Rakki" type="15" sum="5"/>
<action no="4" player="MadunnaLupa" type="1" discard="1" dealt="1" sum="15"/>
<action no="5" player="Pannocchietta" type="2" discard="1" dealt="1" sum="30"/>
</round>
<round no="1"><cards type="Pocket" player="MadunnaLupa">X X</cards>
<cards type="Pocket" player="Rakki">C4 S8</cards>
<cards type="Pocket" player="Pannocchietta">X X</cards>
<action no="6" player="Rakki" type="0" sum="0"/>
<action no="7" player="MadunnaLupa" type="23" discard="1" dealt="1" sum="71"/>
<action no="8" player="Pannocchietta" type="0" discard="1" dealt="1" sum="0"/>
</round>
</game>
<game gamecode="6479437360"><general><startdate>2025-09-15 10:18:08</startdate>
<round>1</round>
<failsafecounter/>
<players><player seat="10" name="Rakki" chips="460" dealer="0" win="0" bet="460" muck="0" rebuy="0" addon="0" merge="0" rebuychips="0" reg_code="5059912702"/>
<player seat="3" name="MadunnaLupa" chips="550" dealer="1" win="940" bet="550" muck="0" rebuy="0" addon="0" merge="0" rebuychips="0" reg_code="5059912380"/>
<player seat="6" name="Pannocchietta" chips="490" dealer="0" win="0" bet="20" muck="1" rebuy="0" addon="0" merge="0" rebuychips="0" reg_code="5059912469"/>
</players>
</general>
<round no="0"><action no="1" player="Pannocchietta" type="15" discard="1" dealt="1" sum="5"/>
<action no="2" player="Rakki" type="15" sum="5"/>
<action no="3" player="MadunnaLupa" type="15" discard="1" dealt="1" sum="5"/>
<action no="4" player="Pannocchietta" type="1" discard="1" dealt="1" sum="15"/>
<action no="5" player="Rakki" type="2" sum="30"/>
</round>
<round no="1"><cards type="Pocket" player="MadunnaLupa">DJ CK</cards>
<cards type="Pocket" player="Pannocchietta">X X</cards>
<cards type="Pocket" player="Rakki">CJ DA</cards>
<action no="6" player="MadunnaLupa" type="23" discard="1" dealt="1" sum="545"/>
<action no="7" player="Pannocchietta" type="0" discard="1" dealt="1" sum="0"/>
<action no="8" player="Rakki" type="7" sum="425"/>
</round>
<round no="2"><cards type="Flop">D10 C6 C8</cards>
</round>
<round no="3"><cards type="Turn">H9</cards>
</round>
<round no="4"><cards type="River">SQ</cards>
</round>
</game>
</session>
