<?xml version="1.0" encoding="UTF-8"?>
<session sessioncode="5059613415">
<general>
<client_version>25.1.1.16</client_version>
<mode>real</mode>
<gametype>Holdem NL</gametype>
<tablename>Twister €200 SNG, 817661712</tablename>
<tournamentcode>817661711</tournamentcode>
<tournamentname>Twister €200 SNG</tournamentname>
<buyin>€0 + €12 + €188</buyin>
<totalbuyin>€200</totalbuyin>
<rewarddrawn>€600</rewarddrawn>
<tournamentcurrency>EUR</tournamentcurrency>
<currency>EUR</currency>
<nickname>Rakki</nickname>
<gamecount>16</gamecount>
<startdate>2025-09-13 19:48:04</startdate>
<place>2</place>
<win>€0</win>
<tablesize>3</tablesize>
</general>
<game gamecode="6478172413"><general><startdate>2025-09-13 19:48:19</startdate>
<round>1</round>
<failsafecounter/>
<players><player seat="10" name="Vito12341234" chips="500" dealer="0" win="0" bet="500" muck="0" rebuy="0" addon="0" merge="0" rebuychips="0" reg_code="5059613531"/>
<player seat="3" name="Rakki" chips="500" dealer="1" win="0" bet="0" muck="1" rebuy="0" addon="0" merge="0" rebuychips="0" reg_code="5059613415"/>
<player seat="6" name="SuBandiduu" chips="500" dealer="0" win="1,000" bet="500" muck="0" rebuy="0" addon="0" merge="0" rebuychips="0" reg_code="5059613509"/>
</players>
</general>
<round no="0"><action no="1" player="SuBandiduu" type="1" discard="1" dealt="1" sum="10"/>
<action no="2" player="Vito12341234" type="2" discard="1" dealt="1" sum="20"/>
</round>
<round no="1"><cards type="Pocket" player="Rakki">S3 SJ</cards>
<cards type="Pocket" player="SuBandiduu">HQ D7</cards>
<cards type="Pocket" player="Vito12341234">D8 S2</cards>
<action no="3" player="Rakki" type="0" sum="0"/>
<action no="4" player="SuBandiduu" type="23" discard="1" dealt="1" sum="50"/>
<action no="5" player="Vito12341234" type="3" discard="1" dealt="1" sum="30"/>
</round>
<round no="2"><cards type="Flop">C4 D9 H7</cards>
<action no="6" player="SuBandiduu" type="4" discard="1" dealt="1" sum="0"/>
<action no="7" player="Vito12341234" type="5" discard="1" dealt="1" sum="100"/>
<action no="8" player="SuBandiduu" type="3" discard="1" dealt="1" sum="100"/>
</round>
<round no="3"><cards type="Turn">S7</cards>
<action no="9" player="SuBandiduu" type="4" discard="1" dealt="1" sum="0"/>
<action no="10" player="Vito12341234" type="5" discard="1" dealt="1" sum="300"/>
<action no="11" player="SuBandiduu" type="7" discard="1" dealt="1" sum="350"/>
<action no="12" player="Vito12341234" type="7" discard="1" dealt="1" sum="50"/>
</round>
<round no="4"><cards type="River">D10</cards>
</round>
</game>
<game gamecode="6478172438"><general><startdate>2025-09-13 19:48:54</startdate>
<round>1</round>
<failsafecounter/>
<players><player seat="3" name="Rakki" chips="500" dealer="0" win="0" bet="20" muck="1" rebuy="0" addon="0" merge="0" rebuychips="0" reg_code="5059613415"/>
<player seat="6" name="SuBandiduu" chips="1,000" dealer="1" win="40" bet="40" muck="1" rebuy="0" addon="0" merge="0" rebuychips="0" reg_code="5059613509"/>
</players>
</general>
<round no="0"><action no="1" player="SuBandiduu" type="1" discard="1" dealt="1" sum="10"/>
<action no="2" player="Rakki" type="2" sum="20"/>
</round>
<round no="1"><cards type="Pocket" player="SuBandiduu">X X</cards>
<cards type="Pocket" player="Rakki">C3 H2</cards>
<action no="3" player="SuBandiduu" type="23" discard="1" dealt="1" sum="40"/>
<action no="4" player="Rakki" type="0" sum="0"/>
</round>
</game>
<game gamecode="6478172447"><general><startdate>2025-09-13 19:49:05</startdate>
<round>1</round>
<failsafecounter/>
<players><player seat="6" name="SuBandiduu" chips="1,020" dealer="0" win="0" bet="1,020" muck="1" rebuy="0" addon="0" merge="0" rebuychips="0" reg_code="5059613509"/>
<player seat="3" name="Rakki" chips="480" dealer="1" win="960" bet="480" muck="0" rebuy="0" addon="0" merge="0" rebuychips="0" reg_code="5059613415"/>
</players>
</general>
<round no="0"><action no="1" player="Rakki" type="1" sum="10"/>
<action no="2" player="SuBandiduu" type="2" discard="1" dealt="1" sum="20"/>
</round>
<round no="1"><cards type="Pocket" player="SuBandiduu">D10 CQ</cards>
<cards type="Pocket" player="Rakki">HK DK</cards>
<action no="3" player="Rakki" type="23" sum="40"/>
<action no="4" player="SuBandiduu" type="3" discard="1" dealt="1" sum="20"/>
</round>
<round no="2"><cards type="Flop">H10 D8 D5</cards>
<action no="5" player="SuBandiduu" type="4" discard="1" dealt="1" sum="0"/>
<action no="6" player="Rakki" type="5" sum="40"/>
<action no="7" player="SuBandiduu" type="23" discard="1" dealt="1" sum="120"/>
<action no="8" player="Rakki" type="3" sum="80"/>
</round>
<round no="3"><cards type="Turn">D9</cards>
<action no="9" player="SuBandiduu" type="5" discard="1" dealt="1" sum="860"/>
<action no="10" player="Rakki" type="7" sum="320"/>
</round>
<round no="4"><cards type="River">S7</cards>
</round>
</game>
<game gamecode="6478172483"><general><startdate>2025-09-13 19:49:39</startdate>
<round>1</round>
<failsafecounter/>
<players><player seat="3" name="Rakki" chips="960" dealer="0" win="0" bet="70" muck="1" rebuy="0" addon="0" merge="0" rebuychips="0" reg_code="5059613415"/>
<player seat="6" name="SuBandiduu" chips="540" dealer="1" win="140" bet="70" muck="0" rebuy="0" addon="0" merge="0" rebuychips="0" reg_code="5059613509"/>
</players>
</general>
<round no="0"><action no="1" player="SuBandiduu" type="1" discard="1" dealt="1" sum="10"/>
<action no="2" player="Rakki" type="2" sum="20"/>
</round>
<round no="1"><cards type="Pocket" player="Rakki">H6 HA</cards>
<cards type="Pocket" player="SuBandiduu">SA CQ</cards>
<action no="3" player="SuBandiduu" type="23" discard="1" dealt="1" sum="40"/>
<action no="4" player="Rakki" type="3" sum="20"/>
</round>
<round no="2"><cards type="Flop">C9 S2 H3</cards>
<action no="5" player="Rakki" type="4" sum="0"/>
<action no="6" player="SuBandiduu" type="5" discard="1" dealt="1" sum="30"/>
<action no="7" player="Rakki" type="3" sum="30"/>
</round>
<round no="3"><cards type="Turn">C5</cards>
<action no="8" player="Rakki" type="4" sum="0"/>
<action no="9" player="SuBandiduu" type="4" discard="1" dealt="1" sum="0"/>
</round>
<round no="4"><cards type="River">DJ</cards>
<action no="10" player="Rakki" type="4" sum="0"/>
<action no="11" player="SuBandiduu" type="4" discard="1" dealt="1" sum="0"/>
</round>
</game>
<game gamecode="6478172507"><general><startdate>2025-09-13 19:50:03</startdate>
<round>1</round>
<failsafecounter/>
<players><player seat="6" name="SuBandiduu" chips="610" dealer="0" win="0" bet="35" muck="1" rebuy="0" addon="0" merge="0" rebuychips="0" reg_code="5059613509"/>
<player seat="3" name="Rakki" chips="890" dealer="1" win="70" bet="65" muck="1" rebuy="0" addon="0" merge="0" rebuychips="0" reg_code="5059613415"/>
</players>
</general>
<round no="0"><action no="1" player="Rakki" type="15" sum="5"/>
<action no="2" player="SuBandiduu" type="15" discard="1" dealt="1" sum="5"/>
<action no="3" player="Rakki" type="1" sum="15"/>
<action no="4" player="SuBandiduu" type="2" discard="1" dealt="1" sum="30"/>
</round>
<round no="1"><cards type="Pocket" player="SuBandiduu">X X</cards>
<cards type="Pocket" player="Rakki">D3 HA</cards>
<action no="5" player="Rakki" type="23" sum="60"/>
<action no="6" player="SuBandiduu" type="0" discard="1" dealt="1" sum="0"/>
</round>
</game>
<game gamecode="6478172512"><general><startdate>2025-09-13 19:50:11</startdate>
<round>1</round>
<failsafecounter/>
<players><player seat="3" name="Rakki" chips="925" dealer="0" win="70" bet="95" muck="1" rebuy="0" addon="0" merge="0" rebuychips="0" reg_code="5059613415"/>
<player seat="6" name="SuBandiduu" chips="575" dealer="1" win="0" bet="35" muck="1" rebuy="0" addon="0" merge="0" rebuychips="0" reg_code="5059613509"/>
</players>
</general>
<round no="0"><action no="1" player="SuBandiduu" type="15" discard="1" dealt="1" sum="5"/>
<action no="2" player="Rakki" type="15" sum="5"/>
<action no="3" player="SuBandiduu" type="1" discard="1" dealt="1" sum="15"/>
<action no="4" player="Rakki" type="2" sum="30"/>
</round>
<round no="1"><cards type="Pocket" player="Rakki">C7 S9</cards>
<cards type="Pocket" player="SuBandiduu">X X</cards>
<action no="5" player="SuBandiduu" type="3" discard="1" dealt="1" sum="15"/>
<action no="6" player="Rakki" type="4" sum="0"/>
</round>
<round no="2"><cards type="Flop">C6 H3 D7</cards>
<action no="7" player="Rakki" type="4" sum="0"/>
<action no="8" player="SuBandiduu" type="4" discard="1" dealt="1" sum="0"/>
</round>
<round no="3"><cards type="Turn">S3</cards>
<action no="9" player="Rakki" type="5" sum="60"/>
<action no="10" player="SuBandiduu" type="0" discard="1" dealt="1" sum="0"/>
</round>
</game>
<game gamecode="6478182626"><general><startdate>2025-09-13 19:50:31</startdate>
<round>1</round>
<failsafecounter/>
<players><player seat="6" name="SuBandiduu" chips="540" dealer="0" win="0" bet="35" muck="1" rebuy="0" addon="0" merge="0" rebuychips="0" reg_code="5059613509"/>
<player seat="3" name="Rakki" chips="960" dealer="1" win="70" bet="65" muck="1" rebuy="0" addon="0" merge="0" rebuychips="0" reg_code="5059613415"/>
</players>
</general>
<round no="0"><action no="1" player="Rakki" type="15" sum="5"/>
<action no="2" player="SuBandiduu" type="15" discard="1" dealt="1" sum="5"/>
<action no="3" player="Rakki" type="1" sum="15"/>
<action no="4" player="SuBandiduu" type="2" discard="1" dealt="1" sum="30"/>
</round>
<round no="1"><cards type="Pocket" player="SuBandiduu">X X</cards>
<cards type="Pocket" player="Rakki">D2 H10</cards>
<action no="5" player="Rakki" type="3" sum="15"/>
<action no="6" player="SuBandiduu" type="4" discard="1" dealt="1" sum="0"/>
</round>
<round no="2"><cards type="Flop">D8 C10 HJ</cards>
<action no="7" player="SuBandiduu" type="4" discard="1" dealt="1" sum="0"/>
<action no="8" player="Rakki" type="4" sum="0"/>
</round>
<round no="3"><cards type="Turn">CK</cards>
<action no="9" player="SuBandiduu" type="4" discard="1" dealt="1" sum="0"/>
<action no="10" player="Rakki" type="5" sum="30"/>
<action no="11" player="SuBandiduu" type="0" discard="1" dealt="1" sum="0"/>
</round>
</game>
<game gamecode="6478182639"><general><startdate>2025-09-13 19:50:45</startdate>
<round>1</round>
<failsafecounter/>
<players><player seat="3" name="Rakki" chips="995" dealer="0" win="0" bet="35" muck="1" rebuy="0" addon="0" merge="0" rebuychips="0" reg_code="5059613415"/>
<player seat="6" name="SuBandiduu" chips="505" dealer="1" win="70" bet="35" muck="0" rebuy="0" addon="0" merge="0" rebuychips="0" reg_code="5059613509"/>
</players>
</general>
<round no="0"><action no="1" player="SuBandiduu" type="15" discard="1" dealt="1" sum="5"/>
<action no="2" player="Rakki" type="15" sum="5"/>
<action no="3" player="SuBandiduu" type="1" discard="1" dealt="1" sum="15"/>
<action no="4" player="Rakki" type="2" sum="30"/>
</round>
<round no="1"><cards type="Pocket" player="Rakki">CJ C6</cards>
<cards type="Pocket" player="SuBandiduu">CA H8</cards>
<action no="5" player="SuBandiduu" type="3" discard="1" dealt="1" sum="15"/>
<action no="6" player="Rakki" type="4" sum="0"/>
</round>
<round no="2"><cards type="Flop">SQ HK S7</cards>
<action no="7" player="Rakki" type="4" sum="0"/>
<action no="8" player="SuBandiduu" type="4" discard="1" dealt="1" sum="0"/>
</round>
<round no="3"><cards type="Turn">S9</cards>
<action no="9" player="Rakki" type="4" sum="0"/>
<action no="10" player="SuBandiduu" type="4" discard="1" dealt="1" sum="0"/>
</round>
<round no="4"><cards type="River">D7</cards>
<action no="11" player="Rakki" type="4" sum="0"/>
<action no="12" player="SuBandiduu" type="4" discard="1" dealt="1" sum="0"/>
</round>
</game>
<game gamecode="6478182656"><general><startdate>2025-09-13 19:51:04</startdate>
<round>1</round>
<failsafecounter/>
<players><player seat="6" name="SuBandiduu" chips="540" dealer="0" win="70" bet="95" muck="1" rebuy="0" addon="0" merge="0" rebuychips="0" reg_code="5059613509"/>
<player seat="3" name="Rakki" chips="960" dealer="1" win="0" bet="35" muck="1" rebuy="0" addon="0" merge="0" rebuychips="0" reg_code="5059613415"/>
</players>
</general>
<round no="0"><action no="1" player="Rakki" type="15" sum="5"/>
<action no="2" player="SuBandiduu" type="15" discard="1" dealt="1" sum="5"/>
<action no="3" player="Rakki" type="1" sum="15"/>
<action no="4" player="SuBandiduu" type="2" discard="1" dealt="1" sum="30"/>
</round>
<round no="1"><cards type="Pocket" player="SuBandiduu">X X</cards>
<cards type="Pocket" player="Rakki">H10 C6</cards>
<action no="5" player="Rakki" type="3" sum="15"/>
<action no="6" player="SuBandiduu" type="23" discard="1" dealt="1" sum="90"/>
<action no="7" player="Rakki" type="0" sum="0"/>
</round>
</game>
<game gamecode="6478182665"><general><startdate>2025-09-13 19:51:13</startdate>
<round>1</round>
<failsafecounter/>
<players><player seat="3" name="Rakki" chips="925" dealer="0" win="70" bet="185" muck="1" rebuy="0" addon="0" merge="0" rebuychips="0" reg_code="5059613415"/>
<player seat="6" name="SuBandiduu" chips="575" dealer="1" win="0" bet="35" muck="1" rebuy="0" addon="0" merge="0" rebuychips="0" reg_code="5059613509"/>
</players>
</general>
<round no="0"><action no="1" player="SuBandiduu" type="15" discard="1" dealt="1" sum="5"/>
<action no="2" player="Rakki" type="15" sum="5"/>
<action no="3" player="SuBandiduu" type="1" discard="1" dealt="1" sum="15"/>
<action no="4" player="Rakki" type="2" sum="30"/>
</round>
<round no="1"><cards type="Pocket" player="Rakki">S8 S10</cards>
<cards type="Pocket" player="SuBandiduu">X X</cards>
<action no="5" player="SuBandiduu" type="3" discard="1" dealt="1" sum="15"/>
<action no="6" player="Rakki" type="4" sum="0"/>
</round>
<round no="2"><cards type="Flop">H10 C8 CJ</cards>
<action no="7" player="Rakki" type="4" sum="0"/>
<action no="8" player="SuBandiduu" type="4" discard="1" dealt="1" sum="0"/>
</round>
<round no="3"><cards type="Turn">H2</cards>
<action no="9" player="Rakki" type="5" sum="150"/>
<action no="10" player="SuBandiduu" type="0" discard="1" dealt="1" sum="0"/>
</round>
</game>
<game gamecode="6478182686"><general><startdate>2025-09-13 19:51:36</startdate>
<round>1</round>
<failsafecounter/>
<players><player seat="6" name="SuBandiduu" chips="540" dealer="0" win="0" bet="35" muck="1" rebuy="0" addon="0" merge="0" rebuychips="0" reg_code="5059613509"/>
<player seat="3" name="Rakki" chips="960" dealer="1" win="70" bet="65" muck="1" rebuy="0" addon="0" merge="0" rebuychips="0" reg_code="5059613415"/>
</players>
</general>
<round no="0"><action no="1" player="Rakki" type="15" sum="5"/>
<action no="2" player="SuBandiduu" type="15" discard="1" dealt="1" sum="5"/>
<action no="3" player="Rakki" type="1" sum="15"/>
<action no="4" player="SuBandiduu" type="2" discard="1" dealt="1" sum="30"/>
</round>
<round no="1"><cards type="Pocket" player="Rakki">C7 C10</cards>
<cards type="Pocket" player="SuBandiduu">X X</cards>
<action no="5" player="Rakki" type="3" sum="15"/>
<action no="6" player="SuBandiduu" type="4" discard="1" dealt="1" sum="0"/>
</round>
<round no="2"><cards type="Flop">H3 DK D9</cards>
<action no="7" player="SuBandiduu" type="4" discard="1" dealt="1" sum="0"/>
<action no="8" player="Rakki" type="4" sum="0"/>
</round>
<round no="3"><cards type="Turn">S7</cards>
<action no="9" player="SuBandiduu" type="4" discard="1" dealt="1" sum="0"/>
<action no="10" player="Rakki" type="5" sum="30"/>
<action no="11" player="SuBandiduu" type="0" discard="1" dealt="1" sum="0"/>
</round>
</game>
<game gamecode="6478182703"><general><startdate>2025-09-13 19:51:56</startdate>
<round>1</round>
<failsafecounter/>
<players><player seat="3" name="Rakki" chips="995" dealer="0" win="50" bet="45" muck="1" rebuy="0" addon="0" merge="0" rebuychips="0" reg_code="5059613415"/>
<player seat="6" name="SuBandiduu" chips="505" dealer="1" win="0" bet="25" muck="1" rebuy="0" addon="0" merge="0" rebuychips="0" reg_code="5059613509"/>
</players>
</general>
<round no="0"><action no="1" player="SuBandiduu" type="15" discard="1" dealt="1" sum="5"/>
<action no="2" player="Rakki" type="15" sum="5"/>
<action no="3" player="SuBandiduu" type="1" discard="1" dealt="1" sum="20"/>
<action no="4" player="Rakki" type="2" sum="40"/>
</round>
<round no="1"><cards type="Pocket" player="SuBandiduu">X X</cards>
<cards type="Pocket" player="Rakki">DK H3</cards>
<action no="5" player="SuBandiduu" type="0" discard="1" dealt="1" sum="0"/>
</round>
</game>
<game gamecode="6478182707"><general><startdate>2025-09-13 19:52:03</startdate>
<round>1</round>
<failsafecounter/>
<players><player seat="6" name="SuBandiduu" chips="480" dealer="0" win="0" bet="45" muck="1" rebuy="0" addon="0" merge="0" rebuychips="0" reg_code="5059613509"/>
<player seat="3" name="Rakki" chips="1,020" dealer="1" win="90" bet="85" muck="1" rebuy="0" addon="0" merge="0" rebuychips="0" reg_code="5059613415"/>
</players>
</general>
<round no="0"><action no="1" player="Rakki" type="15" sum="5"/>
<action no="2" player="SuBandiduu" type="15" discard="1" dealt="1" sum="5"/>
<action no="3" player="Rakki" type="1" sum="20"/>
<action no="4" player="SuBandiduu" type="2" discard="1" dealt="1" sum="40"/>
</round>
<round no="1"><cards type="Pocket" player="SuBandiduu">X X</cards>
<cards type="Pocket" player="Rakki">H3 H2</cards>
<action no="5" player="Rakki" type="3" sum="20"/>
<action no="6" player="SuBandiduu" type="4" discard="1" dealt="1" sum="0"/>
</round>
<round no="2"><cards type="Flop">CJ D9 H4</cards>
<action no="7" player="SuBandiduu" type="4" discard="1" dealt="1" sum="0"/>
<action no="8" player="Rakki" type="5" sum="40"/>
<action no="9" player="SuBandiduu" type="0" discard="1" dealt="1" sum="0"/>
</round>
</game>
<game gamecode="6478182720"><general><startdate>2025-09-13 19:52:16</startdate>
<round>1</round>
<failsafecounter/>
<players><player seat="3" name="Rakki" chips="1,065" dealer="0" win="90" bet="1,065" muck="1" rebuy="0" addon="0" merge="0" rebuychips="0" reg_code="5059613415"/>
<player seat="6" name="SuBandiduu" chips="435" dealer="1" win="0" bet="45" muck="1" rebuy="0" addon="0" merge="0" rebuychips="0" reg_code="5059613509"/>
</players>
</general>
<round no="0"><action no="1" player="SuBandiduu" type="15" discard="1" dealt="1" sum="5"/>
<action no="2" player="Rakki" type="15" sum="5"/>
<action no="3" player="SuBandiduu" type="1" discard="1" dealt="1" sum="20"/>
<action no="4" player="Rakki" type="2" sum="40"/>
</round>
<round no="1"><cards type="Pocket" player="SuBandiduu">X X</cards>
<cards type="Pocket" player="Rakki">C10 DK</cards>
<action no="5" player="SuBandiduu" type="3" discard="1" dealt="1" sum="20"/>
<action no="6" player="Rakki" type="23" sum="1,060"/>
<action no="7" player="SuBandiduu" type="0" discard="1" dealt="1" sum="0"/>
</round>
</game>
<game gamecode="6478182731"><general><startdate>2025-09-13 19:52:29</startdate>
<round>1</round>
<failsafecounter/>
<players><player seat="6" name="SuBandiduu" chips="390" dealer="0" win="780" bet="390" muck="0" rebuy="0" addon="0" merge="0" rebuychips="0" reg_code="5059613509"/>
<player seat="3" name="Rakki" chips="1,110" dealer="1" win="0" bet="1,110" muck="0" rebuy="0" addon="0" merge="0" rebuychips="0" reg_code="5059613415"/>
</players>
</general>
<round no="0"><action no="1" player="Rakki" type="15" sum="5"/>
<action no="2" player="SuBandiduu" type="15" discard="1" dealt="1" sum="5"/>
<action no="3" player="Rakki" type="1" sum="20"/>
<action no="4" player="SuBandiduu" type="2" discard="1" dealt="1" sum="40"/>
</round>
<round no="1"><cards type="Pocket" player="Rakki">CJ S9</cards>
<cards type="Pocket" player="SuBandiduu">HK S10</cards>
<action no="5" player="Rakki" type="23" sum="1,105"/>
<action no="6" player="SuBandiduu" type="7" discard="1" dealt="1" sum="345"/>
</round>
<round no="2"><cards type="Flop">C4 D4 CQ</cards>
</round>
<round no="3"><cards type="Turn">H10</cards>
</round>
<round no="4"><cards type="River">S6</cards>
</round>
</game>
<game gamecode="6478182744"><general><startdate>2025-09-13 19:52:43</startdate>
<round>1</round>
<failsafecounter/>
<players><player seat="3" name="Rakki" chips="720" dealer="0" win="0" bet="720" muck="0" rebuy="0" addon="0" merge="0" rebuychips="0" reg_code="5059613415"/>
<player seat="6" name="SuBandiduu" chips="780" dealer="1" win="1,440" bet="720" muck="0" rebuy="0" addon="0" merge="0" rebuychips="0" reg_code="5059613509"/>
</players>
</general>
<round no="0"><action no="1" player="SuBandiduu" type="15" discard="1" dealt="1" sum="5"/>
<action no="2" player="Rakki" type="15" sum="5"/>
<action no="3" player="SuBandiduu" type="1" discard="1" dealt="1" sum="20"/>
<action no="4" player="Rakki" type="2" sum="40"/>
</round>
<round no="1"><cards type="Pocket" player="SuBandiduu">SA DQ</cards>
<cards type="Pocket" player="Rakki">DA S8</cards>
<action no="5" player="SuBandiduu" type="3" discard="1" dealt="1" sum="20"/>
<action no="6" player="Rakki" type="23" sum="715"/>
<action no="7" player="SuBandiduu" type="3" discard="1" dealt="1" sum="675"/>
</round>
<round no="2"><cards type="Flop">H10 S3 H7</cards>
</round>
<round no="3"><cards type="Turn">C7</cards>
</round>
<round no="4"><cards type="River">D6</cards>
</round>
</game>
</session>
