<?xml version="1.0" encoding="UTF-8"?>
<session sessioncode="5059602963">
<general>
<client_version>25.1.1.16</client_version>
<mode>real</mode>
<gametype>Holdem NL</gametype>
<tablename>Twister €200 SNG, 817660720</tablename>
<tournamentcode>817660719</tournamentcode>
<tournamentname>Twister €200 SNG</tournamentname>
<buyin>€0 + €12 + €188</buyin>
<totalbuyin>€200</totalbuyin>
<rewarddrawn>€600</rewarddrawn>
<tournamentcurrency>EUR</tournamentcurrency>
<currency>EUR</currency>
<nickname>Rakki</nickname>
<gamecount>25</gamecount>
<startdate>2025-09-13 18:33:14</startdate>
<place>1</place>
<win>€600</win>
<tablesize>3</tablesize>
</general>
<game gamecode="6478138175"><general><startdate>2025-09-13 18:33:30</startdate>
<round>1</round>
<failsafecounter/>
<players><player seat="3" name="Rakki" chips="500" dealer="0" win="0" bet="80" muck="1" rebuy="0" addon="0" merge="0" rebuychips="0" reg_code="5059602963"/>
<player seat="6" name="SuBandiduu" chips="500" dealer="1" win="0" bet="0" muck="1" rebuy="0" addon="0" merge="0" rebuychips="0" reg_code="5059602971"/>
<player seat="10" name="Linuccio1121" chips="500" dealer="0" win="160" bet="500" muck="1" rebuy="0" addon="0" merge="0" rebuychips="0" reg_code="5059603038"/>
</players>
</general>
<round no="0"><action no="1" player="Linuccio1121" type="1" discard="1" dealt="1" sum="10"/>
<action no="2" player="Rakki" type="2" sum="20"/>
</round>
<round no="1"><cards type="Pocket" player="Rakki">SA H6</cards>
<cards type="Pocket" player="Linuccio1121">X X</cards>
<cards type="Pocket" player="SuBandiduu">X X</cards>
<action no="3" player="SuBandiduu" type="0" discard="1" dealt="1" sum="0"/>
<action no="4" player="Linuccio1121" type="23" discard="1" dealt="1" sum="80"/>
<action no="5" player="Rakki" type="3" sum="60"/>
</round>
<round no="2"><cards type="Flop">SQ HK DK</cards>
<action no="6" player="Linuccio1121" type="5" discard="1" dealt="1" sum="420"/>
<action no="7" player="Rakki" type="0" sum="0"/>
</round>
</game>
<game gamecode="6478138212"><general><startdate>2025-09-13 18:34:03</startdate>
<round>1</round>
<failsafecounter/>
<players><player seat="6" name="SuBandiduu" chips="500" dealer="0" win="0" bet="80" muck="1" rebuy="0" addon="0" merge="0" rebuychips="0" reg_code="5059602971"/>
<player seat="10" name="Linuccio1121" chips="580" dealer="1" win="0" bet="0" muck="1" rebuy="0" addon="0" merge="0" rebuychips="0" reg_code="5059603038"/>
<player seat="3" name="Rakki" chips="420" dealer="0" win="160" bet="80" muck="0" rebuy="0" addon="0" merge="0" rebuychips="0" reg_code="5059602963"/>
</players>
</general>
<round no="0"><action no="1" player="Rakki" type="1" sum="10"/>
<action no="2" player="SuBandiduu" type="2" discard="1" dealt="1" sum="20"/>
</round>
<round no="1"><cards type="Pocket" player="Linuccio1121">X X</cards>
<cards type="Pocket" player="Rakki">D3 SK</cards>
<cards type="Pocket" player="SuBandiduu">DJ C6</cards>
<action no="3" player="Linuccio1121" type="0" discard="1" dealt="1" sum="0"/>
<action no="4" player="Rakki" type="3" sum="10"/>
<action no="5" player="SuBandiduu" type="4" discard="1" dealt="1" sum="0"/>
</round>
<round no="2"><cards type="Flop">C8 S6 DK</cards>
<action no="6" player="Rakki" type="5" sum="20"/>
<action no="7" player="SuBandiduu" type="3" discard="1" dealt="1" sum="20"/>
</round>
<round no="3"><cards type="Turn">D2</cards>
<action no="8" player="Rakki" type="4" sum="0"/>
<action no="9" player="SuBandiduu" type="5" discard="1" dealt="1" sum="40"/>
<action no="10" player="Rakki" type="3" sum="40"/>
</round>
<round no="4"><cards type="River">H5</cards>
<action no="11" player="Rakki" type="4" sum="0"/>
<action no="12" player="SuBandiduu" type="4" discard="1" dealt="1" sum="0"/>
</round>
</game>
<game gamecode="6478138244"><general><startdate>2025-09-13 18:34:37</startdate>
<round>1</round>
<failsafecounter/>
<players><player seat="10" name="Linuccio1121" chips="580" dealer="0" win="120" bet="160" muck="1" rebuy="0" addon="0" merge="0" rebuychips="0" reg_code="5059603038"/>
<player seat="3" name="Rakki" chips="500" dealer="1" win="0" bet="0" muck="1" rebuy="0" addon="0" merge="0" rebuychips="0" reg_code="5059602963"/>
<player seat="6" name="SuBandiduu" chips="420" dealer="0" win="0" bet="60" muck="1" rebuy="0" addon="0" merge="0" rebuychips="0" reg_code="5059602971"/>
</players>
</general>
<round no="0"><action no="1" player="SuBandiduu" type="1" discard="1" dealt="1" sum="10"/>
<action no="2" player="Linuccio1121" type="2" discard="1" dealt="1" sum="20"/>
</round>
<round no="1"><cards type="Pocket" player="Rakki">H3 C10</cards>
<cards type="Pocket" player="SuBandiduu">X X</cards>
<cards type="Pocket" player="Linuccio1121">X X</cards>
<action no="3" player="Rakki" type="0" sum="0"/>
<action no="4" player="SuBandiduu" type="3" discard="1" dealt="1" sum="10"/>
<action no="5" player="Linuccio1121" type="4" discard="1" dealt="1" sum="0"/>
</round>
<round no="2"><cards type="Flop">H6 C8 D2</cards>
<action no="6" player="SuBandiduu" type="4" discard="1" dealt="1" sum="0"/>
<action no="7" player="Linuccio1121" type="5" discard="1" dealt="1" sum="40"/>
<action no="8" player="SuBandiduu" type="3" discard="1" dealt="1" sum="40"/>
</round>
<round no="3"><cards type="Turn">HJ</cards>
<action no="9" player="SuBandiduu" type="4" discard="1" dealt="1" sum="0"/>
<action no="10" player="Linuccio1121" type="5" discard="1" dealt="1" sum="100"/>
<action no="11" player="SuBandiduu" type="0" discard="1" dealt="1" sum="0"/>
</round>
</game>
<game gamecode="6478138273"><general><startdate>2025-09-13 18:35:06</startdate>
<round>1</round>
<failsafecounter/>
<players><player seat="3" name="Rakki" chips="500" dealer="0" win="40" bet="20" muck="0" rebuy="0" addon="0" merge="0" rebuychips="0" reg_code="5059602963"/>
<player seat="6" name="SuBandiduu" chips="360" dealer="1" win="0" bet="0" muck="1" rebuy="0" addon="0" merge="0" rebuychips="0" reg_code="5059602971"/>
<player seat="10" name="Linuccio1121" chips="640" dealer="0" win="0" bet="20" muck="1" rebuy="0" addon="0" merge="0" rebuychips="0" reg_code="5059603038"/>
</players>
</general>
<round no="0"><action no="1" player="Linuccio1121" type="1" discard="1" dealt="1" sum="10"/>
<action no="2" player="Rakki" type="2" sum="20"/>
</round>
<round no="1"><cards type="Pocket" player="Rakki">DJ S4</cards>
<cards type="Pocket" player="Linuccio1121">H10 H9</cards>
<cards type="Pocket" player="SuBandiduu">X X</cards>
<action no="3" player="SuBandiduu" type="0" discard="1" dealt="1" sum="0"/>
<action no="4" player="Linuccio1121" type="3" discard="1" dealt="1" sum="10"/>
<action no="5" player="Rakki" type="4" sum="0"/>
</round>
<round no="2"><cards type="Flop">DA C5 D6</cards>
<action no="6" player="Linuccio1121" type="4" discard="1" dealt="1" sum="0"/>
<action no="7" player="Rakki" type="4" sum="0"/>
</round>
<round no="3"><cards type="Turn">C8</cards>
<action no="8" player="Linuccio1121" type="4" discard="1" dealt="1" sum="0"/>
<action no="9" player="Rakki" type="4" sum="0"/>
</round>
<round no="4"><cards type="River">SQ</cards>
<action no="10" player="Linuccio1121" type="4" discard="1" dealt="1" sum="0"/>
<action no="11" player="Rakki" type="4" sum="0"/>
</round>
</game>
<game gamecode="6478138300"><general><startdate>2025-09-13 18:35:31</startdate>
<round>1</round>
<failsafecounter/>
<players><player seat="6" name="SuBandiduu" chips="360" dealer="0" win="45" bet="35" muck="1" rebuy="0" addon="0" merge="0" rebuychips="0" reg_code="5059602971"/>
<player seat="10" name="Linuccio1121" chips="620" dealer="1" win="0" bet="5" muck="1" rebuy="0" addon="0" merge="0" rebuychips="0" reg_code="5059603038"/>
<player seat="3" name="Rakki" chips="520" dealer="0" win="0" bet="20" muck="1" rebuy="0" addon="0" merge="0" rebuychips="0" reg_code="5059602963"/>
</players>
</general>
<round no="0"><action no="1" player="Rakki" type="15" sum="5"/>
<action no="2" player="SuBandiduu" type="15" discard="1" dealt="1" sum="5"/>
<action no="3" player="Linuccio1121" type="15" discard="1" dealt="1" sum="5"/>
<action no="4" player="Rakki" type="1" sum="15"/>
<action no="5" player="SuBandiduu" type="2" discard="1" dealt="1" sum="30"/>
</round>
<round no="1"><cards type="Pocket" player="SuBandiduu">X X</cards>
<cards type="Pocket" player="Linuccio1121">X X</cards>
<cards type="Pocket" player="Rakki">C5 H9</cards>
<action no="6" player="Linuccio1121" type="0" discard="1" dealt="1" sum="0"/>
<action no="7" player="Rakki" type="0" sum="0"/>
</round>
</game>
<game gamecode="6478138310"><general><startdate>2025-09-13 18:35:39</startdate>
<round>1</round>
<failsafecounter/>
<players><player seat="10" name="Linuccio1121" chips="615" dealer="0" win="0" bet="35" muck="1" rebuy="0" addon="0" merge="0" rebuychips="0" reg_code="5059603038"/>
<player seat="3" name="Rakki" chips="500" dealer="1" win="90" bet="65" muck="1" rebuy="0" addon="0" merge="0" rebuychips="0" reg_code="5059602963"/>
<player seat="6" name="SuBandiduu" chips="385" dealer="0" win="0" bet="20" muck="1" rebuy="0" addon="0" merge="0" rebuychips="0" reg_code="5059602971"/>
</players>
</general>
<round no="0"><action no="1" player="SuBandiduu" type="15" discard="1" dealt="1" sum="5"/>
<action no="2" player="Linuccio1121" type="15" discard="1" dealt="1" sum="5"/>
<action no="3" player="Rakki" type="15" sum="5"/>
<action no="4" player="SuBandiduu" type="1" discard="1" dealt="1" sum="15"/>
<action no="5" player="Linuccio1121" type="2" discard="1" dealt="1" sum="30"/>
</round>
<round no="1"><cards type="Pocket" player="Linuccio1121">X X</cards>
<cards type="Pocket" player="Rakki">H10 S10</cards>
<cards type="Pocket" player="SuBandiduu">X X</cards>
<action no="6" player="Rakki" type="23" sum="60"/>
<action no="7" player="SuBandiduu" type="0" discard="1" dealt="1" sum="0"/>
<action no="8" player="Linuccio1121" type="0" discard="1" dealt="1" sum="0"/>
</round>
</game>
<game gamecode="6478138320"><general><startdate>2025-09-13 18:35:49</startdate>
<round>1</round>
<failsafecounter/>
<players><player seat="3" name="Rakki" chips="555" dealer="0" win="45" bet="35" muck="1" rebuy="0" addon="0" merge="0" rebuychips="0" reg_code="5059602963"/>
<player seat="6" name="SuBandiduu" chips="365" dealer="1" win="0" bet="5" muck="1" rebuy="0" addon="0" merge="0" rebuychips="0" reg_code="5059602971"/>
<player seat="10" name="Linuccio1121" chips="580" dealer="0" win="0" bet="20" muck="1" rebuy="0" addon="0" merge="0" rebuychips="0" reg_code="5059603038"/>
</players>
</general>
<round no="0"><action no="1" player="Linuccio1121" type="15" discard="1" dealt="1" sum="5"/>
<action no="2" player="Rakki" type="15" sum="5"/>
<action no="3" player="SuBandiduu" type="15" discard="1" dealt="1" sum="5"/>
<action no="4" player="Linuccio1121" type="1" discard="1" dealt="1" sum="15"/>
<action no="5" player="Rakki" type="2" sum="30"/>
</round>
<round no="1"><cards type="Pocket" player="Rakki">HA S8</cards>
<cards type="Pocket" player="SuBandiduu">X X</cards>
<cards type="Pocket" player="Linuccio1121">X X</cards>
<action no="6" player="SuBandiduu" type="0" discard="1" dealt="1" sum="0"/>
<action no="7" player="Linuccio1121" type="0" discard="1" dealt="1" sum="0"/>
</round>
</game>
<game gamecode="6478138325"><general><startdate>2025-09-13 18:35:55</startdate>
<round>1</round>
<failsafecounter/>
<players><player seat="6" name="SuBandiduu" chips="360" dealer="0" win="0" bet="360" muck="1" rebuy="0" addon="0" merge="0" rebuychips="0" reg_code="5059602971"/>
<player seat="10" name="Linuccio1121" chips="560" dealer="1" win="0" bet="5" muck="1" rebuy="0" addon="0" merge="0" rebuychips="0" reg_code="5059603038"/>
<player seat="3" name="Rakki" chips="580" dealer="0" win="725" bet="580" muck="0" rebuy="0" addon="0" merge="0" rebuychips="0" reg_code="5059602963"/>
</players>
</general>
<round no="0"><action no="1" player="Rakki" type="15" sum="5"/>
<action no="2" player="SuBandiduu" type="15" discard="1" dealt="1" sum="5"/>
<action no="3" player="Linuccio1121" type="15" discard="1" dealt="1" sum="5"/>
<action no="4" player="Rakki" type="1" sum="15"/>
<action no="5" player="SuBandiduu" type="2" discard="1" dealt="1" sum="30"/>
</round>
<round no="1"><cards type="Pocket" player="Rakki">H9 SK</cards>
<cards type="Pocket" player="SuBandiduu">DA D7</cards>
<cards type="Pocket" player="Linuccio1121">X X</cards>
<action no="6" player="Linuccio1121" type="0" discard="1" dealt="1" sum="0"/>
<action no="7" player="Rakki" type="23" sum="575"/>
<action no="8" player="SuBandiduu" type="7" discard="1" dealt="1" sum="325"/>
</round>
<round no="2"><cards type="Flop">C5 HQ HK</cards>
</round>
<round no="3"><cards type="Turn">H2</cards>
</round>
<round no="4"><cards type="River">D8</cards>
</round>
</game>
<game gamecode="6478138340"><general><startdate>2025-09-13 18:36:12</startdate>
<round>1</round>
<failsafecounter/>
<players><player seat="10" name="Linuccio1121" chips="555" dealer="0" win="0" bet="35" muck="1" rebuy="0" addon="0" merge="0" rebuychips="0" reg_code="5059603038"/>
<player seat="3" name="Rakki" chips="945" dealer="1" win="70" bet="65" muck="1" rebuy="0" addon="0" merge="0" rebuychips="0" reg_code="5059602963"/>
</players>
</general>
<round no="0"><action no="1" player="Rakki" type="15" sum="5"/>
<action no="2" player="Linuccio1121" type="15" discard="1" dealt="1" sum="5"/>
<action no="3" player="Rakki" type="1" sum="15"/>
<action no="4" player="Linuccio1121" type="2" discard="1" dealt="1" sum="30"/>
</round>
<round no="1"><cards type="Pocket" player="Linuccio1121">X X</cards>
<cards type="Pocket" player="Rakki">CK DJ</cards>
<action no="5" player="Rakki" type="23" sum="60"/>
<action no="6" player="Linuccio1121" type="0" discard="1" dealt="1" sum="0"/>
</round>
</game>
<game gamecode="6478138353"><general><startdate>2025-09-13 18:36:20</startdate>
<round>1</round>
<failsafecounter/>
<players><player seat="3" name="Rakki" chips="980" dealer="0" win="40" bet="35" muck="1" rebuy="0" addon="0" merge="0" rebuychips="0" reg_code="5059602963"/>
<player seat="10" name="Linuccio1121" chips="520" dealer="1" win="0" bet="20" muck="1" rebuy="0" addon="0" merge="0" rebuychips="0" reg_code="5059603038"/>
</players>
</general>
<round no="0"><action no="1" player="Linuccio1121" type="15" discard="1" dealt="1" sum="5"/>
<action no="2" player="Rakki" type="15" sum="5"/>
<action no="3" player="Linuccio1121" type="1" discard="1" dealt="1" sum="15"/>
<action no="4" player="Rakki" type="2" sum="30"/>
</round>
<round no="1"><cards type="Pocket" player="Rakki">S4 H10</cards>
<cards type="Pocket" player="Linuccio1121">X X</cards>
<action no="5" player="Linuccio1121" type="0" discard="1" dealt="1" sum="0"/>
</round>
</game>
<game gamecode="6478138366"><general><startdate>2025-09-13 18:36:32</startdate>
<round>1</round>
<failsafecounter/>
<players><player seat="10" name="Linuccio1121" chips="500" dealer="0" win="0" bet="35" muck="1" rebuy="0" addon="0" merge="0" rebuychips="0" reg_code="5059603038"/>
<player seat="3" name="Rakki" chips="1,000" dealer="1" win="70" bet="65" muck="1" rebuy="0" addon="0" merge="0" rebuychips="0" reg_code="5059602963"/>
</players>
</general>
<round no="0"><action no="1" player="Rakki" type="15" sum="5"/>
<action no="2" player="Linuccio1121" type="15" discard="1" dealt="1" sum="5"/>
<action no="3" player="Rakki" type="1" sum="15"/>
<action no="4" player="Linuccio1121" type="2" discard="1" dealt="1" sum="30"/>
</round>
<round no="1"><cards type="Pocket" player="Linuccio1121">X X</cards>
<cards type="Pocket" player="Rakki">SA SQ</cards>
<action no="5" player="Rakki" type="23" sum="60"/>
<action no="6" player="Linuccio1121" type="0" discard="1" dealt="1" sum="0"/>
</round>
</game>
<game gamecode="6478138384"><general><startdate>2025-09-13 18:36:45</startdate>
<round>1</round>
<failsafecounter/>
<players><player seat="3" name="Rakki" chips="1,035" dealer="0" win="0" bet="35" muck="1" rebuy="0" addon="0" merge="0" rebuychips="0" reg_code="5059602963"/>
<player seat="10" name="Linuccio1121" chips="465" dealer="1" win="70" bet="465" muck="1" rebuy="0" addon="0" merge="0" rebuychips="0" reg_code="5059603038"/>
</players>
</general>
<round no="0"><action no="1" player="Linuccio1121" type="15" discard="1" dealt="1" sum="5"/>
<action no="2" player="Rakki" type="15" sum="5"/>
<action no="3" player="Linuccio1121" type="1" discard="1" dealt="1" sum="15"/>
<action no="4" player="Rakki" type="2" sum="30"/>
</round>
<round no="1"><cards type="Pocket" player="Linuccio1121">X X</cards>
<cards type="Pocket" player="Rakki">DK C7</cards>
<action no="5" player="Linuccio1121" type="23" discard="1" dealt="1" sum="460"/>
<action no="6" player="Rakki" type="0" sum="0"/>
</round>
</game>
<game gamecode="6478138397"><general><startdate>2025-09-13 18:36:54</startdate>
<round>1</round>
<failsafecounter/>
<players><player seat="10" name="Linuccio1121" chips="500" dealer="0" win="90" bet="135" muck="1" rebuy="0" addon="0" merge="0" rebuychips="0" reg_code="5059603038"/>
<player seat="3" name="Rakki" chips="1,000" dealer="1" win="0" bet="45" muck="1" rebuy="0" addon="0" merge="0" rebuychips="0" reg_code="5059602963"/>
</players>
</general>
<round no="0"><action no="1" player="Rakki" type="15" sum="5"/>
<action no="2" player="Linuccio1121" type="15" discard="1" dealt="1" sum="5"/>
<action no="3" player="Rakki" type="1" sum="20"/>
<action no="4" player="Linuccio1121" type="2" discard="1" dealt="1" sum="40"/>
</round>
<round no="1"><cards type="Pocket" player="Rakki">H4 S10</cards>
<cards type="Pocket" player="Linuccio1121">X X</cards>
<action no="5" player="Rakki" type="3" sum="20"/>
<action no="6" player="Linuccio1121" type="4" discard="1" dealt="1" sum="0"/>
</round>
<round no="2"><cards type="Flop">D4 CK D8</cards>
<action no="7" player="Linuccio1121" type="5" discard="1" dealt="1" sum="90"/>
<action no="8" player="Rakki" type="0" sum="0"/>
</round>
</game>
<game gamecode="6478138413"><general><startdate>2025-09-13 18:37:07</startdate>
<round>1</round>
<failsafecounter/>
<players><player seat="3" name="Rakki" chips="955" dealer="0" win="50" bet="45" muck="1" rebuy="0" addon="0" merge="0" rebuychips="0" reg_code="5059602963"/>
<player seat="10" name="Linuccio1121" chips="545" dealer="1" win="0" bet="25" muck="1" rebuy="0" addon="0" merge="0" rebuychips="0" reg_code="5059603038"/>
</players>
</general>
<round no="0"><action no="1" player="Linuccio1121" type="15" discard="1" dealt="1" sum="5"/>
<action no="2" player="Rakki" type="15" sum="5"/>
<action no="3" player="Linuccio1121" type="1" discard="1" dealt="1" sum="20"/>
<action no="4" player="Rakki" type="2" sum="40"/>
</round>
<round no="1"><cards type="Pocket" player="Linuccio1121">X X</cards>
<cards type="Pocket" player="Rakki">HJ S4</cards>
<action no="5" player="Linuccio1121" type="0" discard="1" dealt="1" sum="0"/>
</round>
</game>
<game gamecode="6478138424"><general><startdate>2025-09-13 18:37:12</startdate>
<round>1</round>
<failsafecounter/>
<players><player seat="10" name="Linuccio1121" chips="520" dealer="0" win="0" bet="45" muck="1" rebuy="0" addon="0" merge="0" rebuychips="0" reg_code="5059603038"/>
<player seat="3" name="Rakki" chips="980" dealer="1" win="90" bet="85" muck="1" rebuy="0" addon="0" merge="0" rebuychips="0" reg_code="5059602963"/>
</players>
</general>
<round no="0"><action no="1" player="Rakki" type="15" sum="5"/>
<action no="2" player="Linuccio1121" type="15" discard="1" dealt="1" sum="5"/>
<action no="3" player="Rakki" type="1" sum="20"/>
<action no="4" player="Linuccio1121" type="2" discard="1" dealt="1" sum="40"/>
</round>
<round no="1"><cards type="Pocket" player="Linuccio1121">X X</cards>
<cards type="Pocket" player="Rakki">C2 C9</cards>
<action no="5" player="Rakki" type="3" sum="20"/>
<action no="6" player="Linuccio1121" type="4" discard="1" dealt="1" sum="0"/>
</round>
<round no="2"><cards type="Flop">S4 DK C10</cards>
<action no="7" player="Linuccio1121" type="4" discard="1" dealt="1" sum="0"/>
<action no="8" player="Rakki" type="5" sum="40"/>
<action no="9" player="Linuccio1121" type="0" discard="1" dealt="1" sum="0"/>
</round>
</game>
<game gamecode="6478138435"><general><startdate>2025-09-13 18:37:24</startdate>
<round>1</round>
<failsafecounter/>
<players><player seat="3" name="Rakki" chips="1,025" dealer="0" win="0" bet="45" muck="1" rebuy="0" addon="0" merge="0" rebuychips="0" reg_code="5059602963"/>
<player seat="10" name="Linuccio1121" chips="475" dealer="1" win="90" bet="475" muck="1" rebuy="0" addon="0" merge="0" rebuychips="0" reg_code="5059603038"/>
</players>
</general>
<round no="0"><action no="1" player="Linuccio1121" type="15" discard="1" dealt="1" sum="5"/>
<action no="2" player="Rakki" type="15" sum="5"/>
<action no="3" player="Linuccio1121" type="1" discard="1" dealt="1" sum="20"/>
<action no="4" player="Rakki" type="2" sum="40"/>
</round>
<round no="1"><cards type="Pocket" player="Linuccio1121">X X</cards>
<cards type="Pocket" player="Rakki">H2 D10</cards>
<action no="5" player="Linuccio1121" type="23" discard="1" dealt="1" sum="470"/>
<action no="6" player="Rakki" type="0" sum="0"/>
</round>
</game>
<game gamecode="6478138449"><general><startdate>2025-09-13 18:37:32</startdate>
<round>1</round>
<failsafecounter/>
<players><player seat="10" name="Linuccio1121" chips="520" dealer="0" win="170" bet="520" muck="1" rebuy="0" addon="0" merge="0" rebuychips="0" reg_code="5059603038"/>
<player seat="3" name="Rakki" chips="980" dealer="1" win="0" bet="85" muck="1" rebuy="0" addon="0" merge="0" rebuychips="0" reg_code="5059602963"/>
</players>
</general>
<round no="0"><action no="1" player="Rakki" type="15" sum="5"/>
<action no="2" player="Linuccio1121" type="15" discard="1" dealt="1" sum="5"/>
<action no="3" player="Rakki" type="1" sum="20"/>
<action no="4" player="Linuccio1121" type="2" discard="1" dealt="1" sum="40"/>
</round>
<round no="1"><cards type="Pocket" player="Linuccio1121">X X</cards>
<cards type="Pocket" player="Rakki">H10 C8</cards>
<action no="5" player="Rakki" type="3" sum="20"/>
<action no="6" player="Linuccio1121" type="23" discard="1" dealt="1" sum="80"/>
<action no="7" player="Rakki" type="3" sum="40"/>
</round>
<round no="2"><cards type="Flop">SA S2 SJ</cards>
<action no="8" player="Linuccio1121" type="5" discard="1" dealt="1" sum="435"/>
<action no="9" player="Rakki" type="0" sum="0"/>
</round>
</game>
<game gamecode="6478138463"><general><startdate>2025-09-13 18:37:46</startdate>
<round>1</round>
<failsafecounter/>
<players><player seat="3" name="Rakki" chips="895" dealer="0" win="50" bet="45" muck="1" rebuy="0" addon="0" merge="0" rebuychips="0" reg_code="5059602963"/>
<player seat="10" name="Linuccio1121" chips="605" dealer="1" win="0" bet="25" muck="1" rebuy="0" addon="0" merge="0" rebuychips="0" reg_code="5059603038"/>
</players>
</general>
<round no="0"><action no="1" player="Linuccio1121" type="15" discard="1" dealt="1" sum="5"/>
<action no="2" player="Rakki" type="15" sum="5"/>
<action no="3" player="Linuccio1121" type="1" discard="1" dealt="1" sum="20"/>
<action no="4" player="Rakki" type="2" sum="40"/>
</round>
<round no="1"><cards type="Pocket" player="Linuccio1121">X X</cards>
<cards type="Pocket" player="Rakki">H10 S10</cards>
<action no="5" player="Linuccio1121" type="0" discard="1" dealt="1" sum="0"/>
</round>
</game>
<game gamecode="6478138472"><general><startdate>2025-09-13 18:37:51</startdate>
<round>1</round>
<failsafecounter/>
<players><player seat="10" name="Linuccio1121" chips="580" dealer="0" win="90" bet="580" muck="1" rebuy="0" addon="0" merge="0" rebuychips="0" reg_code="5059603038"/>
<player seat="3" name="Rakki" chips="920" dealer="1" win="0" bet="45" muck="1" rebuy="0" addon="0" merge="0" rebuychips="0" reg_code="5059602963"/>
</players>
</general>
<round no="0"><action no="1" player="Rakki" type="15" sum="5"/>
<action no="2" player="Linuccio1121" type="15" discard="1" dealt="1" sum="5"/>
<action no="3" player="Rakki" type="1" sum="20"/>
<action no="4" player="Linuccio1121" type="2" discard="1" dealt="1" sum="40"/>
</round>
<round no="1"><cards type="Pocket" player="Linuccio1121">X X</cards>
<cards type="Pocket" player="Rakki">S2 C5</cards>
<action no="5" player="Rakki" type="3" sum="20"/>
<action no="6" player="Linuccio1121" type="23" discard="1" dealt="1" sum="575"/>
<action no="7" player="Rakki" type="0" sum="0"/>
</round>
</game>
<game gamecode="6478138483"><general><startdate>2025-09-13 18:38:03</startdate>
<round>1</round>
<failsafecounter/>
<players><player seat="3" name="Rakki" chips="875" dealer="0" win="50" bet="45" muck="1" rebuy="0" addon="0" merge="0" rebuychips="0" reg_code="5059602963"/>
<player seat="10" name="Linuccio1121" chips="625" dealer="1" win="0" bet="25" muck="1" rebuy="0" addon="0" merge="0" rebuychips="0" reg_code="5059603038"/>
</players>
</general>
<round no="0"><action no="1" player="Linuccio1121" type="15" discard="1" dealt="1" sum="5"/>
<action no="2" player="Rakki" type="15" sum="5"/>
<action no="3" player="Linuccio1121" type="1" discard="1" dealt="1" sum="20"/>
<action no="4" player="Rakki" type="2" sum="40"/>
</round>
<round no="1"><cards type="Pocket" player="Linuccio1121">X X</cards>
<cards type="Pocket" player="Rakki">D8 H2</cards>
<action no="5" player="Linuccio1121" type="0" discard="1" dealt="1" sum="0"/>
</round>
</game>
<game gamecode="6478138488"><general><startdate>2025-09-13 18:38:08</startdate>
<round>1</round>
<failsafecounter/>
<players><player seat="10" name="Linuccio1121" chips="600" dealer="0" win="90" bet="600" muck="1" rebuy="0" addon="0" merge="0" rebuychips="0" reg_code="5059603038"/>
<player seat="3" name="Rakki" chips="900" dealer="1" win="0" bet="45" muck="1" rebuy="0" addon="0" merge="0" rebuychips="0" reg_code="5059602963"/>
</players>
</general>
<round no="0"><action no="1" player="Rakki" type="15" sum="5"/>
<action no="2" player="Linuccio1121" type="15" discard="1" dealt="1" sum="5"/>
<action no="3" player="Rakki" type="1" sum="20"/>
<action no="4" player="Linuccio1121" type="2" discard="1" dealt="1" sum="40"/>
</round>
<round no="1"><cards type="Pocket" player="Rakki">H8 D10</cards>
<cards type="Pocket" player="Linuccio1121">X X</cards>
<action no="5" player="Rakki" type="3" sum="20"/>
<action no="6" player="Linuccio1121" type="23" discard="1" dealt="1" sum="595"/>
<action no="7" player="Rakki" type="0" sum="0"/>
</round>
</game>
<game gamecode="6478138500"><general><startdate>2025-09-13 18:38:17</startdate>
<round>1</round>
<failsafecounter/>
<players><player seat="3" name="Rakki" chips="855" dealer="0" win="50" bet="45" muck="1" rebuy="0" addon="0" merge="0" rebuychips="0" reg_code="5059602963"/>
<player seat="10" name="Linuccio1121" chips="645" dealer="1" win="0" bet="25" muck="1" rebuy="0" addon="0" merge="0" rebuychips="0" reg_code="5059603038"/>
</players>
</general>
<round no="0"><action no="1" player="Linuccio1121" type="15" discard="1" dealt="1" sum="5"/>
<action no="2" player="Rakki" type="15" sum="5"/>
<action no="3" player="Linuccio1121" type="1" discard="1" dealt="1" sum="20"/>
<action no="4" player="Rakki" type="2" sum="40"/>
</round>
<round no="1"><cards type="Pocket" player="Rakki">C3 SK</cards>
<cards type="Pocket" player="Linuccio1121">X X</cards>
<action no="5" player="Linuccio1121" type="0" discard="1" dealt="1" sum="0"/>
</round>
</game>
<game gamecode="6478138502"><general><startdate>2025-09-13 18:38:23</startdate>
<round>1</round>
<failsafecounter/>
<players><player seat="10" name="Linuccio1121" chips="620" dealer="0" win="0" bet="45" muck="1" rebuy="0" addon="0" merge="0" rebuychips="0" reg_code="5059603038"/>
<player seat="3" name="Rakki" chips="880" dealer="1" win="90" bet="880" muck="1" rebuy="0" addon="0" merge="0" rebuychips="0" reg_code="5059602963"/>
</players>
</general>
<round no="0"><action no="1" player="Rakki" type="15" sum="5"/>
<action no="2" player="Linuccio1121" type="15" discard="1" dealt="1" sum="5"/>
<action no="3" player="Rakki" type="1" sum="20"/>
<action no="4" player="Linuccio1121" type="2" discard="1" dealt="1" sum="40"/>
</round>
<round no="1"><cards type="Pocket" player="Linuccio1121">X X</cards>
<cards type="Pocket" player="Rakki">SA C4</cards>
<action no="5" player="Rakki" type="23" sum="875"/>
<action no="6" player="Linuccio1121" type="0" discard="1" dealt="1" sum="0"/>
</round>
</game>
<game gamecode="6478138512"><general><startdate>2025-09-13 18:38:31</startdate>
<round>1</round>
<failsafecounter/>
<players><player seat="3" name="Rakki" chips="925" dealer="0" win="70" bet="65" muck="1" rebuy="0" addon="0" merge="0" rebuychips="0" reg_code="5059602963"/>
<player seat="10" name="Linuccio1121" chips="575" dealer="1" win="0" bet="35" muck="1" rebuy="0" addon="0" merge="0" rebuychips="0" reg_code="5059603038"/>
</players>
</general>
<round no="0"><action no="1" player="Linuccio1121" type="15" discard="1" dealt="1" sum="5"/>
<action no="2" player="Rakki" type="15" sum="5"/>
<action no="3" player="Linuccio1121" type="1" discard="1" dealt="1" sum="30"/>
<action no="4" player="Rakki" type="2" sum="60"/>
</round>
<round no="1"><cards type="Pocket" player="Rakki">S3 C10</cards>
<cards type="Pocket" player="Linuccio1121">X X</cards>
<action no="5" player="Linuccio1121" type="0" discard="1" dealt="1" sum="0"/>
</round>
</game>
<game gamecode="6478138520"><general><startdate>2025-09-13 18:38:37</startdate>
<round>1</round>
<failsafecounter/>
<players><player seat="10" name="Linuccio1121" chips="540" dealer="0" win="0" bet="540" muck="1" rebuy="0" addon="0" merge="0" rebuychips="0" reg_code="5059603038"/>
<player seat="3" name="Rakki" chips="960" dealer="1" win="1,080" bet="960" muck="0" rebuy="0" addon="0" merge="0" rebuychips="0" reg_code="5059602963"/>
</players>
</general>
<round no="0"><action no="1" player="Rakki" type="15" sum="5"/>
<action no="2" player="Linuccio1121" type="15" discard="1" dealt="1" sum="5"/>
<action no="3" player="Rakki" type="1" sum="30"/>
<action no="4" player="Linuccio1121" type="2" discard="1" dealt="1" sum="60"/>
</round>
<round no="1"><cards type="Pocket" player="Linuccio1121">S5 CA</cards>
<cards type="Pocket" player="Rakki">D7 SQ</cards>
<action no="5" player="Rakki" type="23" sum="955"/>
<action no="6" player="Linuccio1121" type="7" discard="1" dealt="1" sum="475"/>
</round>
<round no="2"><cards type="Flop">C2 S7 SJ</cards>
</round>
<round no="3"><cards type="Turn">H9</cards>
</round>
<round no="4"><cards type="River">H10</cards>
</round>
</game>
</session>
