<?xml version="1.0" encoding="UTF-8"?>
<session sessioncode="5059888500">
<general>
<client_version>25.1.1.16</client_version>
<mode>real</mode>
<gametype>Holdem NL</gametype>
<tablename>Twister €200 SNG, 817748876</tablename>
<tournamentcode>817748875</tournamentcode>
<tournamentname>Twister €200 SNG</tournamentname>
<buyin>€0 + €12 + €188</buyin>
<totalbuyin>€200</totalbuyin>
<rewarddrawn>€400</rewarddrawn>
<tournamentcurrency>EUR</tournamentcurrency>
<currency>EUR</currency>
<nickname>Rakki</nickname>
<gamecount>3</gamecount>
<startdate>2025-09-15 01:59:50</startdate>
<place>2</place>
<win>€0</win>
<tablesize>3</tablesize>
</general>
<game gamecode="6479327447"><general><startdate>2025-09-15 02:00:05</startdate>
<round>1</round>
<failsafecounter/>
<players><player seat="3" name="SuBandiduu" chips="500" dealer="0" win="0" bet="20" muck="1" rebuy="0" addon="0" merge="0" rebuychips="0" reg_code="5059888430"/>
<player seat="6" name="OndaBianca1" chips="500" dealer="1" win="50" bet="40" muck="1" rebuy="0" addon="0" merge="0" rebuychips="0" reg_code="5059888486"/>
<player seat="10" name="Rakki" chips="500" dealer="0" win="0" bet="10" muck="1" rebuy="0" addon="0" merge="0" rebuychips="0" reg_code="5059888500"/>
</players>
</general>
<round no="0"><action no="1" player="Rakki" type="1" sum="10"/>
<action no="2" player="SuBandiduu" type="2" discard="1" dealt="1" sum="20"/>
</round>
<round no="1"><cards type="Pocket" player="Rakki">C8 S10</cards>
<cards type="Pocket" player="OndaBianca1">X X</cards>
<cards type="Pocket" player="SuBandiduu">X X</cards>
<action no="3" player="OndaBianca1" type="23" discard="1" dealt="1" sum="40"/>
<action no="4" player="Rakki" type="0" sum="0"/>
<action no="5" player="SuBandiduu" type="0" discard="1" dealt="1" sum="0"/>
</round>
</game>
<game gamecode="6479327464"><general><startdate>2025-09-15 02:00:13</startdate>
<round>1</round>
<failsafecounter/>
<players><player seat="6" name="OndaBianca1" chips="530" dealer="0" win="960" bet="480" muck="0" rebuy="0" addon="0" merge="0" rebuychips="0" reg_code="5059888486"/>
<player seat="10" name="Rakki" chips="490" dealer="1" win="0" bet="0" muck="1" rebuy="0" addon="0" merge="0" rebuychips="0" reg_code="5059888500"/>
<player seat="3" name="SuBandiduu" chips="480" dealer="0" win="0" bet="480" muck="0" rebuy="0" addon="0" merge="0" rebuychips="0" reg_code="5059888430"/>
</players>
</general>
<round no="0"><action no="1" player="SuBandiduu" type="1" discard="1" dealt="1" sum="10"/>
<action no="2" player="OndaBianca1" type="2" discard="1" dealt="1" sum="20"/>
</round>
<round no="1"><cards type="Pocket" player="Rakki">S8 H3</cards>
<cards type="Pocket" player="SuBandiduu">H2 S2</cards>
<cards type="Pocket" player="OndaBianca1">S6 SA</cards>
<action no="3" player="Rakki" type="0" sum="0"/>
<action no="4" player="SuBandiduu" type="23" discard="1" dealt="1" sum="480"/>
<action no="5" player="OndaBianca1" type="3" discard="1" dealt="1" sum="460"/>
</round>
<round no="2"><cards type="Flop">D7 SJ S10</cards>
</round>
<round no="3"><cards type="Turn">C3</cards>
</round>
<round no="4"><cards type="River">S5</cards>
</round>
</game>
<game gamecode="6479327500"><general><startdate>2025-09-15 02:00:32</startdate>
<round>1</round>
<failsafecounter/>
<players><player seat="10" name="Rakki" chips="490" dealer="0" win="0" bet="490" muck="0" rebuy="0" addon="0" merge="0" rebuychips="0" reg_code="5059888500"/>
<player seat="6" name="OndaBianca1" chips="1,010" dealer="1" win="980" bet="490" muck="0" rebuy="0" addon="0" merge="0" rebuychips="0" reg_code="5059888486"/>
</players>
</general>
<round no="0"><action no="1" player="OndaBianca1" type="1" discard="1" dealt="1" sum="10"/>
<action no="2" player="Rakki" type="2" sum="20"/>
</round>
<round no="1"><cards type="Pocket" player="OndaBianca1">SA CA</cards>
<cards type="Pocket" player="Rakki">DA D10</cards>
<action no="3" player="OndaBianca1" type="23" discard="1" dealt="1" sum="40"/>
<action no="4" player="Rakki" type="23" sum="490"/>
<action no="5" player="OndaBianca1" type="3" discard="1" dealt="1" sum="450"/>
</round>
<round no="2"><cards type="Flop">H4 CJ DQ</cards>
</round>
<round no="3"><cards type="Turn">H5</cards>
</round>
<round no="4"><cards type="River">D3</cards>
</round>
</game>
</session>
