<?xml version="1.0" encoding="UTF-8"?>
<session sessioncode="5059912735">
<general>
<client_version>25.1.1.16</client_version>
<mode>real</mode>
<gametype>Holdem NL</gametype>
<tablename>Twister €200 SNG, 817757127</tablename>
<tournamentcode>817757126</tournamentcode>
<tournamentname>Twister €200 SNG</tournamentname>
<buyin>€0 + €12 + €188</buyin>
<totalbuyin>€200</totalbuyin>
<rewarddrawn>€400</rewarddrawn>
<tournamentcurrency>EUR</tournamentcurrency>
<currency>EUR</currency>
<nickname>Rakki</nickname>
<gamecount>13</gamecount>
<startdate>2025-09-15 10:15:25</startdate>
<place>1</place>
<win>€400</win>
<tablesize>3</tablesize>
</general>
<game gamecode="6479437252"><general><startdate>2025-09-15 10:15:40</startdate>
<round>1</round>
<failsafecounter/>
<players><player seat="6" name="Pannocchietta" chips="500" dealer="0" win="150" bet="70" muck="0" rebuy="0" addon="0" merge="0" rebuychips="0" reg_code="5059912724"/>
<player seat="10" name="Rakki" chips="500" dealer="1" win="0" bet="70" muck="1" rebuy="0" addon="0" merge="0" rebuychips="0" reg_code="5059912735"/>
<player seat="3" name="MadunnaLupa" chips="500" dealer="0" win="0" bet="10" muck="1" rebuy="0" addon="0" merge="0" rebuychips="0" reg_code="5059912713"/>
</players>
</general>
<round no="0"><action no="1" player="MadunnaLupa" type="1" discard="1" dealt="1" sum="10"/>
<action no="2" player="Pannocchietta" type="2" discard="1" dealt="1" sum="20"/>
</round>
<round no="1"><cards type="Pocket" player="Rakki">S9 DA</cards>
<cards type="Pocket" player="Pannocchietta">C6 C3</cards>
<cards type="Pocket" player="MadunnaLupa">X X</cards>
<action no="3" player="Rakki" type="23" sum="40"/>
<action no="4" player="MadunnaLupa" type="0" discard="1" dealt="1" sum="0"/>
<action no="5" player="Pannocchietta" type="3" discard="1" dealt="1" sum="20"/>
</round>
<round no="2"><cards type="Flop">SQ CJ S6</cards>
<action no="6" player="Pannocchietta" type="4" discard="1" dealt="1" sum="0"/>
<action no="7" player="Rakki" type="5" sum="30"/>
<action no="8" player="Pannocchietta" type="3" discard="1" dealt="1" sum="30"/>
</round>
<round no="3"><cards type="Turn">HJ</cards>
<action no="9" player="Pannocchietta" type="4" discard="1" dealt="1" sum="0"/>
<action no="10" player="Rakki" type="4" sum="0"/>
</round>
<round no="4"><cards type="River">H5</cards>
<action no="11" player="Pannocchietta" type="4" discard="1" dealt="1" sum="0"/>
<action no="12" player="Rakki" type="4" sum="0"/>
</round>
</game>
<game gamecode="6479437290"><general><startdate>2025-09-15 10:16:38</startdate>
<round>1</round>
<failsafecounter/>
<players><player seat="10" name="Rakki" chips="430" dealer="0" win="20" bet="20" muck="1" rebuy="0" addon="0" merge="0" rebuychips="0" reg_code="5059912735"/>
<player seat="3" name="MadunnaLupa" chips="490" dealer="1" win="0" bet="0" muck="1" rebuy="0" addon="0" merge="0" rebuychips="0" reg_code="5059912713"/>
<player seat="6" name="Pannocchietta" chips="580" dealer="0" win="0" bet="10" muck="1" rebuy="0" addon="0" merge="0" rebuychips="0" reg_code="5059912724"/>
</players>
</general>
<round no="0"><action no="1" player="Pannocchietta" type="1" discard="1" dealt="1" sum="10"/>
<action no="2" player="Rakki" type="2" sum="20"/>
</round>
<round no="1"><cards type="Pocket" player="Pannocchietta">X X</cards>
<cards type="Pocket" player="Rakki">DA SK</cards>
<cards type="Pocket" player="MadunnaLupa">X X</cards>
<action no="3" player="MadunnaLupa" type="0" discard="1" dealt="1" sum="0"/>
<action no="4" player="Pannocchietta" type="0" discard="1" dealt="1" sum="0"/>
</round>
</game>
<game gamecode="6479437303"><general><startdate>2025-09-15 10:16:53</startdate>
<round>1</round>
<failsafecounter/>
<players><player seat="3" name="MadunnaLupa" chips="490" dealer="0" win="0" bet="20" muck="1" rebuy="0" addon="0" merge="0" rebuychips="0" reg_code="5059912713"/>
<player seat="6" name="Pannocchietta" chips="570" dealer="1" win="50" bet="40" muck="1" rebuy="0" addon="0" merge="0" rebuychips="0" reg_code="5059912724"/>
<player seat="10" name="Rakki" chips="440" dealer="0" win="0" bet="10" muck="1" rebuy="0" addon="0" merge="0" rebuychips="0" reg_code="5059912735"/>
</players>
</general>
<round no="0"><action no="1" player="Rakki" type="1" sum="10"/>
<action no="2" player="MadunnaLupa" type="2" discard="1" dealt="1" sum="20"/>
</round>
<round no="1"><cards type="Pocket" player="MadunnaLupa">X X</cards>
<cards type="Pocket" player="Rakki">S10 H2</cards>
<cards type="Pocket" player="Pannocchietta">X X</cards>
<action no="3" player="Pannocchietta" type="23" discard="1" dealt="1" sum="40"/>
<action no="4" player="Rakki" type="0" sum="0"/>
<action no="5" player="MadunnaLupa" type="0" discard="1" dealt="1" sum="0"/>
</round>
</game>
<game gamecode="6479437318"><general><startdate>2025-09-15 10:17:15</startdate>
<round>1</round>
<failsafecounter/>
<players><player seat="6" name="Pannocchietta" chips="600" dealer="0" win="0" bet="20" muck="1" rebuy="0" addon="0" merge="0" rebuychips="0" reg_code="5059912724"/>
<player seat="10" name="Rakki" chips="430" dealer="1" win="0" bet="0" muck="1" rebuy="0" addon="0" merge="0" rebuychips="0" reg_code="5059912735"/>
<player seat="3" name="MadunnaLupa" chips="470" dealer="0" win="40" bet="53" muck="1" rebuy="0" addon="0" merge="0" rebuychips="0" reg_code="5059912713"/>
</players>
</general>
<round no="0"><action no="1" player="MadunnaLupa" type="1" discard="1" dealt="1" sum="10"/>
<action no="2" player="Pannocchietta" type="2" discard="1" dealt="1" sum="20"/>
</round>
<round no="1"><cards type="Pocket" player="Rakki">D6 C5</cards>
<cards type="Pocket" player="MadunnaLupa">X X</cards>
<cards type="Pocket" player="Pannocchietta">X X</cards>
<action no="3" player="Rakki" type="0" sum="0"/>
<action no="4" player="MadunnaLupa" type="23" discard="1" dealt="1" sum="53"/>
<action no="5" player="Pannocchietta" type="0" discard="1" dealt="1" sum="0"/>
</round>
</game>
<game gamecode="6479437338"><general><startdate>2025-09-15 10:17:39</startdate>
<round>1</round>
<failsafecounter/>
<players><player seat="10" name="Rakki" chips="430" dealer="0" win="0" bet="35" muck="1" rebuy="0" addon="0" merge="0" rebuychips="0" reg_code="5059912735"/>
<player seat="3" name="MadunnaLupa" chips="490" dealer="1" win="0" bet="5" muck="1" rebuy="0" addon="0" merge="0" rebuychips="0" reg_code="5059912713"/>
<player seat="6" name="Pannocchietta" chips="580" dealer="0" win="75" bet="65" muck="1" rebuy="0" addon="0" merge="0" rebuychips="0" reg_code="5059912724"/>
</players>
</general>
<round no="0"><action no="1" player="Pannocchietta" type="15" discard="1" dealt="1" sum="5"/>
<action no="2" player="Rakki" type="15" sum="5"/>
<action no="3" player="MadunnaLupa" type="15" discard="1" dealt="1" sum="5"/>
<action no="4" player="Pannocchietta" type="1" discard="1" dealt="1" sum="15"/>
<action no="5" player="Rakki" type="2" sum="30"/>
</round>
<round no="1"><cards type="Pocket" player="MadunnaLupa">X X</cards>
<cards type="Pocket" player="Rakki">H9 D2</cards>
<cards type="Pocket" player="Pannocchietta">X X</cards>
<action no="6" player="MadunnaLupa" type="0" discard="1" dealt="1" sum="0"/>
<action no="7" player="Pannocchietta" type="23" discard="1" dealt="1" sum="60"/>
<action no="8" player="Rakki" type="0" sum="0"/>
</round>
</game>
<game gamecode="6479437350"><general><startdate>2025-09-15 10:17:52</startdate>
<round>1</round>
<failsafecounter/>
<players><player seat="3" name="MadunnaLupa" chips="485" dealer="0" win="0" bet="85" muck="1" rebuy="0" addon="0" merge="0" rebuychips="0" reg_code="5059912713"/>
<player seat="6" name="Pannocchietta" chips="620" dealer="1" win="0" bet="5" muck="1" rebuy="0" addon="0" merge="0" rebuychips="0" reg_code="5059912724"/>
<player seat="10" name="Rakki" chips="395" dealer="0" win="175" bet="395" muck="1" rebuy="0" addon="0" merge="0" rebuychips="0" reg_code="5059912735"/>
</players>
</general>
<round no="0"><action no="1" player="Rakki" type="15" sum="5"/>
<action no="2" player="MadunnaLupa" type="15" discard="1" dealt="1" sum="5"/>
<action no="3" player="Pannocchietta" type="15" discard="1" dealt="1" sum="5"/>
<action no="4" player="Rakki" type="1" sum="15"/>
<action no="5" player="MadunnaLupa" type="2" discard="1" dealt="1" sum="30"/>
</round>
<round no="1"><cards type="Pocket" player="Rakki">S8 C8</cards>
<cards type="Pocket" player="MadunnaLupa">X X</cards>
<cards type="Pocket" player="Pannocchietta">X X</cards>
<action no="6" player="Pannocchietta" type="0" discard="1" dealt="1" sum="0"/>
<action no="7" player="Rakki" type="3" sum="15"/>
<action no="8" player="MadunnaLupa" type="23" discard="1" dealt="1" sum="80"/>
<action no="9" player="Rakki" type="23" sum="390"/>
<action no="10" player="MadunnaLupa" type="0" discard="1" dealt="1" sum="0"/>
</round>
</game>
<game gamecode="6479437371"><general><startdate>2025-09-15 10:18:21</startdate>
<round>1</round>
<failsafecounter/>
<players><player seat="6" name="Pannocchietta" chips="615" dealer="0" win="0" bet="35" muck="1" rebuy="0" addon="0" merge="0" rebuychips="0" reg_code="5059912724"/>
<player seat="10" name="Rakki" chips="485" dealer="1" win="90" bet="485" muck="1" rebuy="0" addon="0" merge="0" rebuychips="0" reg_code="5059912735"/>
<player seat="3" name="MadunnaLupa" chips="400" dealer="0" win="0" bet="20" muck="1" rebuy="0" addon="0" merge="0" rebuychips="0" reg_code="5059912713"/>
</players>
</general>
<round no="0"><action no="1" player="MadunnaLupa" type="15" discard="1" dealt="1" sum="5"/>
<action no="2" player="Pannocchietta" type="15" discard="1" dealt="1" sum="5"/>
<action no="3" player="Rakki" type="15" sum="5"/>
<action no="4" player="MadunnaLupa" type="1" discard="1" dealt="1" sum="15"/>
<action no="5" player="Pannocchietta" type="2" discard="1" dealt="1" sum="30"/>
</round>
<round no="1"><cards type="Pocket" player="Rakki">S7 CA</cards>
<cards type="Pocket" player="MadunnaLupa">X X</cards>
<cards type="Pocket" player="Pannocchietta">X X</cards>
<action no="6" player="Rakki" type="23" sum="480"/>
<action no="7" player="MadunnaLupa" type="0" discard="1" dealt="1" sum="0"/>
<action no="8" player="Pannocchietta" type="0" discard="1" dealt="1" sum="0"/>
</round>
</game>
<game gamecode="6479437390"><general><startdate>2025-09-15 10:18:42</startdate>
<round>1</round>
<failsafecounter/>
<players><player seat="10" name="Rakki" chips="540" dealer="0" win="45" bet="35" muck="1" rebuy="0" addon="0" merge="0" rebuychips="0" reg_code="5059912735"/>
<player seat="3" name="MadunnaLupa" chips="380" dealer="1" win="0" bet="5" muck="1" rebuy="0" addon="0" merge="0" rebuychips="0" reg_code="5059912713"/>
<player seat="6" name="Pannocchietta" chips="580" dealer="0" win="0" bet="20" muck="1" rebuy="0" addon="0" merge="0" rebuychips="0" reg_code="5059912724"/>
</players>
</general>
<round no="0"><action no="1" player="Pannocchietta" type="15" discard="1" dealt="1" sum="5"/>
<action no="2" player="Rakki" type="15" sum="5"/>
<action no="3" player="MadunnaLupa" type="15" discard="1" dealt="1" sum="5"/>
<action no="4" player="Pannocchietta" type="1" discard="1" dealt="1" sum="15"/>
<action no="5" player="Rakki" type="2" sum="30"/>
</round>
<round no="1"><cards type="Pocket" player="Pannocchietta">X X</cards>
<cards type="Pocket" player="MadunnaLupa">X X</cards>
<cards type="Pocket" player="Rakki">DK CQ</cards>
<action no="6" player="MadunnaLupa" type="0" discard="1" dealt="1" sum="0"/>
<action no="7" player="Pannocchietta" type="0" discard="1" dealt="1" sum="0"/>
</round>
</game>
<game gamecode="6479437401"><general><startdate>2025-09-15 10:18:59</startdate>
<round>1</round>
<failsafecounter/>
<players><player seat="3" name="MadunnaLupa" chips="375" dealer="0" win="0" bet="375" muck="0" rebuy="0" addon="0" merge="0" rebuychips="0" reg_code="5059912713"/>
<player seat="6" name="Pannocchietta" chips="560" dealer="1" win="0" bet="5" muck="1" rebuy="0" addon="0" merge="0" rebuychips="0" reg_code="5059912724"/>
<player seat="10" name="Rakki" chips="565" dealer="0" win="755" bet="565" muck="0" rebuy="0" addon="0" merge="0" rebuychips="0" reg_code="5059912735"/>
</players>
</general>
<round no="0"><action no="1" player="Rakki" type="15" sum="5"/>
<action no="2" player="MadunnaLupa" type="15" discard="1" dealt="1" sum="5"/>
<action no="3" player="Pannocchietta" type="15" discard="1" dealt="1" sum="5"/>
<action no="4" player="Rakki" type="1" sum="20"/>
<action no="5" player="MadunnaLupa" type="2" discard="1" dealt="1" sum="40"/>
</round>
<round no="1"><cards type="Pocket" player="MadunnaLupa">S8 HK</cards>
<cards type="Pocket" player="Pannocchietta">X X</cards>
<cards type="Pocket" player="Rakki">S4 CA</cards>
<action no="6" player="Pannocchietta" type="0" discard="1" dealt="1" sum="0"/>
<action no="7" player="Rakki" type="23" sum="560"/>
<action no="8" player="MadunnaLupa" type="7" discard="1" dealt="1" sum="330"/>
</round>
<round no="2"><cards type="Flop">S2 D6 DJ</cards>
</round>
<round no="3"><cards type="Turn">D7</cards>
</round>
<round no="4"><cards type="River">S9</cards>
</round>
</game>
<game gamecode="6479437423"><general><startdate>2025-09-15 10:19:25</startdate>
<round>1</round>
<failsafecounter/>
<players><player seat="6" name="Pannocchietta" chips="555" dealer="0" win="0" bet="45" muck="1" rebuy="0" addon="0" merge="0" rebuychips="0" reg_code="5059912724"/>
<player seat="10" name="Rakki" chips="945" dealer="1" win="90" bet="85" muck="1" rebuy="0" addon="0" merge="0" rebuychips="0" reg_code="5059912735"/>
</players>
</general>
<round no="0"><action no="1" player="Rakki" type="15" sum="5"/>
<action no="2" player="Pannocchietta" type="15" discard="1" dealt="1" sum="5"/>
<action no="3" player="Rakki" type="1" sum="20"/>
<action no="4" player="Pannocchietta" type="2" discard="1" dealt="1" sum="40"/>
</round>
<round no="1"><cards type="Pocket" player="Rakki">D4 C2</cards>
<cards type="Pocket" player="Pannocchietta">X X</cards>
<action no="5" player="Rakki" type="3" sum="20"/>
<action no="6" player="Pannocchietta" type="4" discard="1" dealt="1" sum="0"/>
</round>
<round no="2"><cards type="Flop">CJ SJ C9</cards>
<action no="7" player="Pannocchietta" type="4" discard="1" dealt="1" sum="0"/>
<action no="8" player="Rakki" type="5" sum="40"/>
<action no="9" player="Pannocchietta" type="0" discard="1" dealt="1" sum="0"/>
</round>
</game>
<game gamecode="6479437441"><general><startdate>2025-09-15 10:19:47</startdate>
<round>1</round>
<failsafecounter/>
<players><player seat="10" name="Rakki" chips="990" dealer="0" win="170" bet="145" muck="1" rebuy="0" addon="0" merge="0" rebuychips="0" reg_code="5059912735"/>
<player seat="6" name="Pannocchietta" chips="510" dealer="1" win="0" bet="85" muck="1" rebuy="0" addon="0" merge="0" rebuychips="0" reg_code="5059912724"/>
</players>
</general>
<round no="0"><action no="1" player="Pannocchietta" type="15" discard="1" dealt="1" sum="5"/>
<action no="2" player="Rakki" type="15" sum="5"/>
<action no="3" player="Pannocchietta" type="1" discard="1" dealt="1" sum="20"/>
<action no="4" player="Rakki" type="2" sum="40"/>
</round>
<round no="1"><cards type="Pocket" player="Rakki">DJ S9</cards>
<cards type="Pocket" player="Pannocchietta">X X</cards>
<action no="5" player="Pannocchietta" type="3" discard="1" dealt="1" sum="20"/>
<action no="6" player="Rakki" type="4" sum="0"/>
</round>
<round no="2"><cards type="Flop">CJ H9 DA</cards>
<action no="7" player="Rakki" type="4" sum="0"/>
<action no="8" player="Pannocchietta" type="5" discard="1" dealt="1" sum="40"/>
<action no="9" player="Rakki" type="23" sum="100"/>
<action no="10" player="Pannocchietta" type="0" discard="1" dealt="1" sum="0"/>
</round>
</game>
<game gamecode="6479437478"><general><startdate>2025-09-15 10:20:30</startdate>
<round>1</round>
<failsafecounter/>
<players><player seat="6" name="Pannocchietta" chips="425" dealer="0" win="0" bet="45" muck="1" rebuy="0" addon="0" merge="0" rebuychips="0" reg_code="5059912724"/>
<player seat="10" name="Rakki" chips="1,075" dealer="1" win="90" bet="165" muck="1" rebuy="0" addon="0" merge="0" rebuychips="0" reg_code="5059912735"/>
</players>
</general>
<round no="0"><action no="1" player="Rakki" type="15" sum="5"/>
<action no="2" player="Pannocchietta" type="15" discard="1" dealt="1" sum="5"/>
<action no="3" player="Rakki" type="1" sum="20"/>
<action no="4" player="Pannocchietta" type="2" discard="1" dealt="1" sum="40"/>
</round>
<round no="1"><cards type="Pocket" player="Rakki">H10 C3</cards>
<cards type="Pocket" player="Pannocchietta">X X</cards>
<action no="5" player="Rakki" type="3" sum="20"/>
<action no="6" player="Pannocchietta" type="4" discard="1" dealt="1" sum="0"/>
</round>
<round no="2"><cards type="Flop">C9 D5 C10</cards>
<action no="7" player="Pannocchietta" type="4" discard="1" dealt="1" sum="0"/>
<action no="8" player="Rakki" type="4" sum="0"/>
</round>
<round no="3"><cards type="Turn">D6</cards>
<action no="9" player="Pannocchietta" type="4" discard="1" dealt="1" sum="0"/>
<action no="10" player="Rakki" type="5" sum="120"/>
<action no="11" player="Pannocchietta" type="0" discard="1" dealt="1" sum="0"/>
</round>
</game>
<game gamecode="6479437509"><general><startdate>2025-09-15 10:21:09</startdate>
<round>1</round>
<failsafecounter/>
<players><player seat="10" name="Rakki" chips="1,120" dealer="0" win="760" bet="380" muck="0" rebuy="0" addon="0" merge="0" rebuychips="0" reg_code="5059912735"/>
<player seat="6" name="Pannocchietta" chips="380" dealer="1" win="0" bet="380" muck="0" rebuy="0" addon="0" merge="0" rebuychips="0" reg_code="5059912724"/>
</players>
</general>
<round no="0"><action no="1" player="Pannocchietta" type="15" discard="1" dealt="1" sum="5"/>
<action no="2" player="Rakki" type="15" sum="5"/>
<action no="3" player="Pannocchietta" type="1" discard="1" dealt="1" sum="30"/>
<action no="4" player="Rakki" type="2" sum="60"/>
</round>
<round no="1"><cards type="Pocket" player="Pannocchietta">D9 CQ</cards>
<cards type="Pocket" player="Rakki">H8 DJ</cards>
<action no="5" player="Pannocchietta" type="23" discard="1" dealt="1" sum="375"/>
<action no="6" player="Rakki" type="3" sum="315"/>
</round>
<round no="2"><cards type="Flop">S4 D3 S8</cards>
</round>
<round no="3"><cards type="Turn">S2</cards>
</round>
<round no="4"><cards type="River">S7</cards>
</round>
</game>
</session>
