<?xml version="1.0" encoding="UTF-8"?>
<session sessioncode="5059887427">
<general>
<client_version>25.1.1.16</client_version>
<mode>real</mode>
<gametype>Holdem NL</gametype>
<tablename>Twister €200 SNG, 817748236</tablename>
<tournamentcode>817748235</tournamentcode>
<tournamentname>Twister €200 SNG</tournamentname>
<buyin>€0 + €12 + €188</buyin>
<totalbuyin>€200</totalbuyin>
<rewarddrawn>€600</rewarddrawn>
<tournamentcurrency>EUR</tournamentcurrency>
<currency>EUR</currency>
<nickname>Rakki</nickname>
<gamecount>19</gamecount>
<startdate>2025-09-15 01:51:46</startdate>
<place>2</place>
<win>€0</win>
<tablesize>3</tablesize>
</general>
<game gamecode="6479326692"><general><startdate>2025-09-15 01:52:02</startdate>
<round>1</round>
<failsafecounter/>
<players><player seat="10" name="OndaBianca1" chips="500" dealer="0" win="0" bet="20" muck="1" rebuy="0" addon="0" merge="0" rebuychips="0" reg_code="5059887545"/>
<player seat="3" name="SuBandiduu" chips="500" dealer="1" win="0" bet="40" muck="1" rebuy="0" addon="0" merge="0" rebuychips="0" reg_code="5059887307"/>
<player seat="6" name="Rakki" chips="500" dealer="0" win="100" bet="120" muck="1" rebuy="0" addon="0" merge="0" rebuychips="0" reg_code="5059887427"/>
</players>
</general>
<round no="0"><action no="1" player="Rakki" type="1" sum="10"/>
<action no="2" player="OndaBianca1" type="2" discard="1" dealt="1" sum="20"/>
</round>
<round no="1"><cards type="Pocket" player="SuBandiduu">X X</cards>
<cards type="Pocket" player="OndaBianca1">X X</cards>
<cards type="Pocket" player="Rakki">CK DK</cards>
<action no="3" player="SuBandiduu" type="23" discard="1" dealt="1" sum="40"/>
<action no="4" player="Rakki" type="23" sum="120"/>
<action no="5" player="OndaBianca1" type="0" discard="1" dealt="1" sum="0"/>
<action no="6" player="SuBandiduu" type="0" discard="1" dealt="1" sum="0"/>
</round>
</game>
<game gamecode="6479326707"><general><startdate>2025-09-15 01:52:12</startdate>
<round>1</round>
<failsafecounter/>
<players><player seat="3" name="SuBandiduu" chips="460" dealer="0" win="20" bet="20" muck="1" rebuy="0" addon="0" merge="0" rebuychips="0" reg_code="5059887307"/>
<player seat="6" name="Rakki" chips="560" dealer="1" win="0" bet="0" muck="1" rebuy="0" addon="0" merge="0" rebuychips="0" reg_code="5059887427"/>
<player seat="10" name="OndaBianca1" chips="480" dealer="0" win="0" bet="10" muck="1" rebuy="0" addon="0" merge="0" rebuychips="0" reg_code="5059887545"/>
</players>
</general>
<round no="0"><action no="1" player="OndaBianca1" type="1" discard="1" dealt="1" sum="10"/>
<action no="2" player="SuBandiduu" type="2" discard="1" dealt="1" sum="20"/>
</round>
<round no="1"><cards type="Pocket" player="Rakki">SQ C7</cards>
<cards type="Pocket" player="OndaBianca1">X X</cards>
<cards type="Pocket" player="SuBandiduu">X X</cards>
<action no="3" player="Rakki" type="0" sum="0"/>
<action no="4" player="OndaBianca1" type="0" discard="1" dealt="1" sum="0"/>
</round>
</game>
<game gamecode="6479326722"><general><startdate>2025-09-15 01:52:19</startdate>
<round>1</round>
<failsafecounter/>
<players><player seat="6" name="Rakki" chips="560" dealer="0" win="540" bet="560" muck="1" rebuy="0" addon="0" merge="0" rebuychips="0" reg_code="5059887427"/>
<player seat="10" name="OndaBianca1" chips="470" dealer="1" win="0" bet="265" muck="1" rebuy="0" addon="0" merge="0" rebuychips="0" reg_code="5059887545"/>
<player seat="3" name="SuBandiduu" chips="470" dealer="0" win="0" bet="10" muck="1" rebuy="0" addon="0" merge="0" rebuychips="0" reg_code="5059887307"/>
</players>
</general>
<round no="0"><action no="1" player="SuBandiduu" type="1" discard="1" dealt="1" sum="10"/>
<action no="2" player="Rakki" type="2" sum="20"/>
</round>
<round no="1"><cards type="Pocket" player="SuBandiduu">X X</cards>
<cards type="Pocket" player="OndaBianca1">X X</cards>
<cards type="Pocket" player="Rakki">HK CQ</cards>
<action no="3" player="OndaBianca1" type="23" discard="1" dealt="1" sum="40"/>
<action no="4" player="SuBandiduu" type="0" discard="1" dealt="1" sum="0"/>
<action no="5" player="Rakki" type="3" sum="20"/>
</round>
<round no="2"><cards type="Flop">S6 H7 DK</cards>
<action no="6" player="Rakki" type="4" sum="0"/>
<action no="7" player="OndaBianca1" type="5" discard="1" dealt="1" sum="90"/>
<action no="8" player="Rakki" type="3" sum="90"/>
</round>
<round no="3"><cards type="Turn">D2</cards>
<action no="9" player="Rakki" type="4" sum="0"/>
<action no="10" player="OndaBianca1" type="5" discard="1" dealt="1" sum="135"/>
<action no="11" player="Rakki" type="23" sum="430"/>
<action no="12" player="OndaBianca1" type="0" discard="1" dealt="1" sum="0"/>
</round>
</game>
<game gamecode="6479326781"><general><startdate>2025-09-15 01:52:53</startdate>
<round>1</round>
<failsafecounter/>
<players><player seat="10" name="OndaBianca1" chips="205" dealer="0" win="410" bet="205" muck="0" rebuy="0" addon="0" merge="0" rebuychips="0" reg_code="5059887545"/>
<player seat="3" name="SuBandiduu" chips="460" dealer="1" win="0" bet="0" muck="1" rebuy="0" addon="0" merge="0" rebuychips="0" reg_code="5059887307"/>
<player seat="6" name="Rakki" chips="835" dealer="0" win="0" bet="835" muck="1" rebuy="0" addon="0" merge="0" rebuychips="0" reg_code="5059887427"/>
</players>
</general>
<round no="0"><action no="1" player="Rakki" type="1" sum="10"/>
<action no="2" player="OndaBianca1" type="2" discard="1" dealt="1" sum="20"/>
</round>
<round no="1"><cards type="Pocket" player="OndaBianca1">S10 CK</cards>
<cards type="Pocket" player="SuBandiduu">X X</cards>
<cards type="Pocket" player="Rakki">H8 DA</cards>
<action no="3" player="SuBandiduu" type="0" discard="1" dealt="1" sum="0"/>
<action no="4" player="Rakki" type="23" sum="835"/>
<action no="5" player="OndaBianca1" type="7" discard="1" dealt="1" sum="185"/>
</round>
<round no="2"><cards type="Flop">S7 S4 D8</cards>
</round>
<round no="3"><cards type="Turn">SK</cards>
</round>
<round no="4"><cards type="River">H10</cards>
</round>
</game>
<game gamecode="6479326810"><general><startdate>2025-09-15 01:53:11</startdate>
<round>1</round>
<failsafecounter/>
<players><player seat="3" name="SuBandiduu" chips="460" dealer="0" win="0" bet="20" muck="1" rebuy="0" addon="0" merge="0" rebuychips="0" reg_code="5059887307"/>
<player seat="6" name="Rakki" chips="630" dealer="1" win="50" bet="40" muck="1" rebuy="0" addon="0" merge="0" rebuychips="0" reg_code="5059887427"/>
<player seat="10" name="OndaBianca1" chips="410" dealer="0" win="0" bet="10" muck="1" rebuy="0" addon="0" merge="0" rebuychips="0" reg_code="5059887545"/>
</players>
</general>
<round no="0"><action no="1" player="OndaBianca1" type="1" discard="1" dealt="1" sum="10"/>
<action no="2" player="SuBandiduu" type="2" discard="1" dealt="1" sum="20"/>
</round>
<round no="1"><cards type="Pocket" player="OndaBianca1">X X</cards>
<cards type="Pocket" player="Rakki">D10 H10</cards>
<cards type="Pocket" player="SuBandiduu">X X</cards>
<action no="3" player="Rakki" type="23" sum="40"/>
<action no="4" player="OndaBianca1" type="0" discard="1" dealt="1" sum="0"/>
<action no="5" player="SuBandiduu" type="0" discard="1" dealt="1" sum="0"/>
</round>
</game>
<game gamecode="6479326823"><general><startdate>2025-09-15 01:53:20</startdate>
<round>1</round>
<failsafecounter/>
<players><player seat="6" name="Rakki" chips="660" dealer="0" win="0" bet="20" muck="1" rebuy="0" addon="0" merge="0" rebuychips="0" reg_code="5059887427"/>
<player seat="10" name="OndaBianca1" chips="400" dealer="1" win="820" bet="400" muck="0" rebuy="0" addon="0" merge="0" rebuychips="0" reg_code="5059887545"/>
<player seat="3" name="SuBandiduu" chips="440" dealer="0" win="0" bet="440" muck="1" rebuy="0" addon="0" merge="0" rebuychips="0" reg_code="5059887307"/>
</players>
</general>
<round no="0"><action no="1" player="SuBandiduu" type="1" discard="1" dealt="1" sum="10"/>
<action no="2" player="Rakki" type="2" sum="20"/>
</round>
<round no="1"><cards type="Pocket" player="SuBandiduu">C9 DA</cards>
<cards type="Pocket" player="OndaBianca1">S8 H8</cards>
<cards type="Pocket" player="Rakki">DQ CK</cards>
<action no="3" player="OndaBianca1" type="23" discard="1" dealt="1" sum="40"/>
<action no="4" player="SuBandiduu" type="23" discard="1" dealt="1" sum="440"/>
<action no="5" player="Rakki" type="0" sum="0"/>
<action no="6" player="OndaBianca1" type="7" discard="1" dealt="1" sum="360"/>
</round>
<round no="2"><cards type="Flop">C6 HQ S2</cards>
</round>
<round no="3"><cards type="Turn">HJ</cards>
</round>
<round no="4"><cards type="River">CJ</cards>
</round>
</game>
<game gamecode="6479326862"><general><startdate>2025-09-15 01:53:42</startdate>
<round>1</round>
<failsafecounter/>
<players><player seat="10" name="OndaBianca1" chips="820" dealer="0" win="115" bet="820" muck="0" rebuy="0" addon="0" merge="0" rebuychips="0" reg_code="5059887545"/>
<player seat="3" name="SuBandiduu" chips="40" dealer="1" win="0" bet="40" muck="1" rebuy="0" addon="0" merge="0" rebuychips="0" reg_code="5059887307"/>
<player seat="6" name="Rakki" chips="640" dealer="0" win="0" bet="35" muck="1" rebuy="0" addon="0" merge="0" rebuychips="0" reg_code="5059887427"/>
</players>
</general>
<round no="0"><action no="1" player="Rakki" type="15" sum="5"/>
<action no="2" player="OndaBianca1" type="15" discard="1" dealt="1" sum="5"/>
<action no="3" player="SuBandiduu" type="15" discard="1" dealt="1" sum="5"/>
<action no="4" player="Rakki" type="1" sum="15"/>
<action no="5" player="OndaBianca1" type="2" discard="1" dealt="1" sum="30"/>
</round>
<round no="1"><cards type="Pocket" player="SuBandiduu">DK CK</cards>
<cards type="Pocket" player="OndaBianca1">SA D2</cards>
<cards type="Pocket" player="Rakki">D5 S7</cards>
<action no="6" player="SuBandiduu" type="3" discard="1" dealt="1" sum="30"/>
<action no="7" player="Rakki" type="3" sum="15"/>
<action no="8" player="OndaBianca1" type="23" discard="1" dealt="1" sum="815"/>
<action no="9" player="SuBandiduu" type="7" discard="1" dealt="1" sum="5"/>
<action no="10" player="Rakki" type="0" sum="0"/>
</round>
<round no="2"><cards type="Flop">HJ H5 C8</cards>
</round>
<round no="3"><cards type="Turn">D7</cards>
</round>
<round no="4"><cards type="River">HA</cards>
</round>
</game>
<game gamecode="6479326895"><general><startdate>2025-09-15 01:54:06</startdate>
<round>1</round>
<failsafecounter/>
<players><player seat="10" name="OndaBianca1" chips="895" dealer="0" win="70" bet="105" muck="1" rebuy="0" addon="0" merge="0" rebuychips="0" reg_code="5059887545"/>
<player seat="6" name="Rakki" chips="605" dealer="1" win="0" bet="35" muck="1" rebuy="0" addon="0" merge="0" rebuychips="0" reg_code="5059887427"/>
</players>
</general>
<round no="0"><action no="1" player="Rakki" type="15" sum="5"/>
<action no="2" player="OndaBianca1" type="15" discard="1" dealt="1" sum="5"/>
<action no="3" player="Rakki" type="1" sum="15"/>
<action no="4" player="OndaBianca1" type="2" discard="1" dealt="1" sum="30"/>
</round>
<round no="1"><cards type="Pocket" player="Rakki">H4 CQ</cards>
<cards type="Pocket" player="OndaBianca1">X X</cards>
<action no="5" player="Rakki" type="3" sum="15"/>
<action no="6" player="OndaBianca1" type="4" discard="1" dealt="1" sum="0"/>
</round>
<round no="2"><cards type="Flop">D5 DA S9</cards>
<action no="7" player="OndaBianca1" type="4" discard="1" dealt="1" sum="0"/>
<action no="8" player="Rakki" type="4" sum="0"/>
</round>
<round no="3"><cards type="Turn">S7</cards>
<action no="9" player="OndaBianca1" type="5" discard="1" dealt="1" sum="70"/>
<action no="10" player="Rakki" type="0" sum="0"/>
</round>
</game>
<game gamecode="6479326937"><general><startdate>2025-09-15 01:54:33</startdate>
<round>1</round>
<failsafecounter/>
<players><player seat="6" name="Rakki" chips="570" dealer="0" win="0" bet="35" muck="1" rebuy="0" addon="0" merge="0" rebuychips="0" reg_code="5059887427"/>
<player seat="10" name="OndaBianca1" chips="930" dealer="1" win="70" bet="35" muck="0" rebuy="0" addon="0" merge="0" rebuychips="0" reg_code="5059887545"/>
</players>
</general>
<round no="0"><action no="1" player="OndaBianca1" type="15" discard="1" dealt="1" sum="5"/>
<action no="2" player="Rakki" type="15" sum="5"/>
<action no="3" player="OndaBianca1" type="1" discard="1" dealt="1" sum="15"/>
<action no="4" player="Rakki" type="2" sum="30"/>
</round>
<round no="1"><cards type="Pocket" player="OndaBianca1">DA S6</cards>
<cards type="Pocket" player="Rakki">H4 D6</cards>
<action no="5" player="OndaBianca1" type="3" discard="1" dealt="1" sum="15"/>
<action no="6" player="Rakki" type="4" sum="0"/>
</round>
<round no="2"><cards type="Flop">H8 C2 CQ</cards>
<action no="7" player="Rakki" type="4" sum="0"/>
<action no="8" player="OndaBianca1" type="4" discard="1" dealt="1" sum="0"/>
</round>
<round no="3"><cards type="Turn">C7</cards>
<action no="9" player="Rakki" type="4" sum="0"/>
<action no="10" player="OndaBianca1" type="4" discard="1" dealt="1" sum="0"/>
</round>
<round no="4"><cards type="River">SK</cards>
<action no="11" player="Rakki" type="4" sum="0"/>
<action no="12" player="OndaBianca1" type="4" discard="1" dealt="1" sum="0"/>
</round>
</game>
<game gamecode="6479326990"><general><startdate>2025-09-15 01:55:05</startdate>
<round>1</round>
<failsafecounter/>
<players><player seat="10" name="OndaBianca1" chips="965" dealer="0" win="0" bet="108" muck="0" rebuy="0" addon="0" merge="0" rebuychips="0" reg_code="5059887545"/>
<player seat="6" name="Rakki" chips="535" dealer="1" win="216" bet="108" muck="0" rebuy="0" addon="0" merge="0" rebuychips="0" reg_code="5059887427"/>
</players>
</general>
<round no="0"><action no="1" player="Rakki" type="15" sum="5"/>
<action no="2" player="OndaBianca1" type="15" discard="1" dealt="1" sum="5"/>
<action no="3" player="Rakki" type="1" sum="15"/>
<action no="4" player="OndaBianca1" type="2" discard="1" dealt="1" sum="30"/>
</round>
<round no="1"><cards type="Pocket" player="Rakki">H10 S5</cards>
<cards type="Pocket" player="OndaBianca1">D5 HK</cards>
<action no="5" player="Rakki" type="3" sum="15"/>
<action no="6" player="OndaBianca1" type="4" discard="1" dealt="1" sum="0"/>
</round>
<round no="2"><cards type="Flop">H4 DQ DA</cards>
<action no="7" player="OndaBianca1" type="4" discard="1" dealt="1" sum="0"/>
<action no="8" player="Rakki" type="5" sum="30"/>
<action no="9" player="OndaBianca1" type="3" discard="1" dealt="1" sum="30"/>
</round>
<round no="3"><cards type="Turn">CJ</cards>
<action no="10" player="OndaBianca1" type="4" discard="1" dealt="1" sum="0"/>
<action no="11" player="Rakki" type="4" sum="0"/>
</round>
<round no="4"><cards type="River">DK</cards>
<action no="12" player="OndaBianca1" type="5" discard="1" dealt="1" sum="43"/>
<action no="13" player="Rakki" type="3" sum="43"/>
</round>
</game>
<game gamecode="6479327032"><general><startdate>2025-09-15 01:55:37</startdate>
<round>1</round>
<failsafecounter/>
<players><player seat="6" name="Rakki" chips="643" dealer="0" win="50" bet="45" muck="1" rebuy="0" addon="0" merge="0" rebuychips="0" reg_code="5059887427"/>
<player seat="10" name="OndaBianca1" chips="857" dealer="1" win="0" bet="25" muck="1" rebuy="0" addon="0" merge="0" rebuychips="0" reg_code="5059887545"/>
</players>
</general>
<round no="0"><action no="1" player="OndaBianca1" type="15" discard="1" dealt="1" sum="5"/>
<action no="2" player="Rakki" type="15" sum="5"/>
<action no="3" player="OndaBianca1" type="1" discard="1" dealt="1" sum="20"/>
<action no="4" player="Rakki" type="2" sum="40"/>
</round>
<round no="1"><cards type="Pocket" player="Rakki">S10 SJ</cards>
<cards type="Pocket" player="OndaBianca1">X X</cards>
<action no="5" player="OndaBianca1" type="0" discard="1" dealt="1" sum="0"/>
</round>
</game>
<game gamecode="6479327042"><general><startdate>2025-09-15 01:55:44</startdate>
<round>1</round>
<failsafecounter/>
<players><player seat="10" name="OndaBianca1" chips="832" dealer="0" win="0" bet="205" muck="1" rebuy="0" addon="0" merge="0" rebuychips="0" reg_code="5059887545"/>
<player seat="6" name="Rakki" chips="668" dealer="1" win="410" bet="205" muck="0" rebuy="0" addon="0" merge="0" rebuychips="0" reg_code="5059887427"/>
</players>
</general>
<round no="0"><action no="1" player="Rakki" type="15" sum="5"/>
<action no="2" player="OndaBianca1" type="15" discard="1" dealt="1" sum="5"/>
<action no="3" player="Rakki" type="1" sum="20"/>
<action no="4" player="OndaBianca1" type="2" discard="1" dealt="1" sum="40"/>
</round>
<round no="1"><cards type="Pocket" player="OndaBianca1">S5 DK</cards>
<cards type="Pocket" player="Rakki">CK C4</cards>
<action no="5" player="Rakki" type="3" sum="20"/>
<action no="6" player="OndaBianca1" type="4" discard="1" dealt="1" sum="0"/>
</round>
<round no="2"><cards type="Flop">H6 D4 S6</cards>
<action no="7" player="OndaBianca1" type="4" discard="1" dealt="1" sum="0"/>
<action no="8" player="Rakki" type="5" sum="40"/>
<action no="9" player="OndaBianca1" type="3" discard="1" dealt="1" sum="40"/>
</round>
<round no="3"><cards type="Turn">D3</cards>
<action no="10" player="OndaBianca1" type="4" discard="1" dealt="1" sum="0"/>
<action no="11" player="Rakki" type="5" sum="120"/>
<action no="12" player="OndaBianca1" type="3" discard="1" dealt="1" sum="120"/>
</round>
<round no="4"><cards type="River">HQ</cards>
<action no="13" player="OndaBianca1" type="4" discard="1" dealt="1" sum="0"/>
<action no="14" player="Rakki" type="4" sum="0"/>
</round>
</game>
<game gamecode="6479327091"><general><startdate>2025-09-15 01:56:20</startdate>
<round>1</round>
<failsafecounter/>
<players><player seat="6" name="Rakki" chips="873" dealer="0" win="50" bet="45" muck="1" rebuy="0" addon="0" merge="0" rebuychips="0" reg_code="5059887427"/>
<player seat="10" name="OndaBianca1" chips="627" dealer="1" win="0" bet="25" muck="1" rebuy="0" addon="0" merge="0" rebuychips="0" reg_code="5059887545"/>
</players>
</general>
<round no="0"><action no="1" player="OndaBianca1" type="15" discard="1" dealt="1" sum="5"/>
<action no="2" player="Rakki" type="15" sum="5"/>
<action no="3" player="OndaBianca1" type="1" discard="1" dealt="1" sum="20"/>
<action no="4" player="Rakki" type="2" sum="40"/>
</round>
<round no="1"><cards type="Pocket" player="Rakki">DQ S6</cards>
<cards type="Pocket" player="OndaBianca1">X X</cards>
<action no="5" player="OndaBianca1" type="0" discard="1" dealt="1" sum="0"/>
</round>
</game>
<game gamecode="6479327103"><general><startdate>2025-09-15 01:56:25</startdate>
<round>1</round>
<failsafecounter/>
<players><player seat="10" name="OndaBianca1" chips="602" dealer="0" win="180" bet="135" muck="1" rebuy="0" addon="0" merge="0" rebuychips="0" reg_code="5059887545"/>
<player seat="6" name="Rakki" chips="898" dealer="1" win="0" bet="90" muck="1" rebuy="0" addon="0" merge="0" rebuychips="0" reg_code="5059887427"/>
</players>
</general>
<round no="0"><action no="1" player="Rakki" type="15" sum="5"/>
<action no="2" player="OndaBianca1" type="15" discard="1" dealt="1" sum="5"/>
<action no="3" player="Rakki" type="1" sum="20"/>
<action no="4" player="OndaBianca1" type="2" discard="1" dealt="1" sum="40"/>
</round>
<round no="1"><cards type="Pocket" player="Rakki">D10 CA</cards>
<cards type="Pocket" player="OndaBianca1">X X</cards>
<action no="5" player="Rakki" type="3" sum="20"/>
<action no="6" player="OndaBianca1" type="4" discard="1" dealt="1" sum="0"/>
</round>
<round no="2"><cards type="Flop">D8 DK D2</cards>
<action no="7" player="OndaBianca1" type="4" discard="1" dealt="1" sum="0"/>
<action no="8" player="Rakki" type="4" sum="0"/>
</round>
<round no="3"><cards type="Turn">S3</cards>
<action no="9" player="OndaBianca1" type="5" discard="1" dealt="1" sum="45"/>
<action no="10" player="Rakki" type="3" sum="45"/>
</round>
<round no="4"><cards type="River">HJ</cards>
<action no="11" player="OndaBianca1" type="5" discard="1" dealt="1" sum="45"/>
<action no="12" player="Rakki" type="0" sum="0"/>
</round>
</game>
<game gamecode="6479327147"><general><startdate>2025-09-15 01:56:52</startdate>
<round>1</round>
<failsafecounter/>
<players><player seat="6" name="Rakki" chips="808" dealer="0" win="0" bet="45" muck="1" rebuy="0" addon="0" merge="0" rebuychips="0" reg_code="5059887427"/>
<player seat="10" name="OndaBianca1" chips="692" dealer="1" win="90" bet="85" muck="1" rebuy="0" addon="0" merge="0" rebuychips="0" reg_code="5059887545"/>
</players>
</general>
<round no="0"><action no="1" player="OndaBianca1" type="15" discard="1" dealt="1" sum="5"/>
<action no="2" player="Rakki" type="15" sum="5"/>
<action no="3" player="OndaBianca1" type="1" discard="1" dealt="1" sum="20"/>
<action no="4" player="Rakki" type="2" sum="40"/>
</round>
<round no="1"><cards type="Pocket" player="OndaBianca1">X X</cards>
<cards type="Pocket" player="Rakki">C2 DJ</cards>
<action no="5" player="OndaBianca1" type="3" discard="1" dealt="1" sum="20"/>
<action no="6" player="Rakki" type="4" sum="0"/>
</round>
<round no="2"><cards type="Flop">CQ H10 S4</cards>
<action no="7" player="Rakki" type="4" sum="0"/>
<action no="8" player="OndaBianca1" type="5" discard="1" dealt="1" sum="40"/>
<action no="9" player="Rakki" type="0" sum="0"/>
</round>
</game>
<game gamecode="6479327164"><general><startdate>2025-09-15 01:57:05</startdate>
<round>1</round>
<failsafecounter/>
<players><player seat="10" name="OndaBianca1" chips="737" dealer="0" win="1,474" bet="737" muck="0" rebuy="0" addon="0" merge="0" rebuychips="0" reg_code="5059887545"/>
<player seat="6" name="Rakki" chips="763" dealer="1" win="0" bet="737" muck="1" rebuy="0" addon="0" merge="0" rebuychips="0" reg_code="5059887427"/>
</players>
</general>
<round no="0"><action no="1" player="Rakki" type="15" sum="5"/>
<action no="2" player="OndaBianca1" type="15" discard="1" dealt="1" sum="5"/>
<action no="3" player="Rakki" type="1" sum="30"/>
<action no="4" player="OndaBianca1" type="2" discard="1" dealt="1" sum="60"/>
</round>
<round no="1"><cards type="Pocket" player="OndaBianca1">CA D6</cards>
<cards type="Pocket" player="Rakki">C10 SK</cards>
<action no="5" player="Rakki" type="3" sum="30"/>
<action no="6" player="OndaBianca1" type="23" discard="1" dealt="1" sum="732"/>
<action no="7" player="Rakki" type="3" sum="672"/>
</round>
<round no="2"><cards type="Flop">S10 HA HK</cards>
</round>
<round no="3"><cards type="Turn">SA</cards>
</round>
<round no="4"><cards type="River">H5</cards>
</round>
</game>
<game gamecode="6479327196"><general><startdate>2025-09-15 01:57:24</startdate>
<round>1</round>
<failsafecounter/>
<players><player seat="6" name="Rakki" chips="26" dealer="0" win="52" bet="26" muck="0" rebuy="0" addon="0" merge="0" rebuychips="0" reg_code="5059887427"/>
<player seat="10" name="OndaBianca1" chips="1,474" dealer="1" win="0" bet="35" muck="1" rebuy="0" addon="0" merge="0" rebuychips="0" reg_code="5059887545"/>
</players>
</general>
<round no="0"><action no="1" player="OndaBianca1" type="15" discard="1" dealt="1" sum="5"/>
<action no="2" player="Rakki" type="15" sum="5"/>
<action no="3" player="OndaBianca1" type="1" discard="1" dealt="1" sum="30"/>
<action no="4" player="Rakki" type="2" sum="21"/>
</round>
<round no="1"><cards type="Pocket" player="Rakki">D10 SA</cards>
<cards type="Pocket" player="OndaBianca1">S9 S3</cards>
</round>
<round no="2"><cards type="Flop">H6 CJ D2</cards>
</round>
<round no="3"><cards type="Turn">S6</cards>
</round>
<round no="4"><cards type="River">SK</cards>
</round>
</game>
<game gamecode="6479327216"><general><startdate>2025-09-15 01:57:36</startdate>
<round>1</round>
<failsafecounter/>
<players><player seat="10" name="OndaBianca1" chips="1,448" dealer="0" win="0" bet="65" muck="0" rebuy="0" addon="0" merge="0" rebuychips="0" reg_code="5059887545"/>
<player seat="6" name="Rakki" chips="52" dealer="1" win="104" bet="52" muck="0" rebuy="0" addon="0" merge="0" rebuychips="0" reg_code="5059887427"/>
</players>
</general>
<round no="0"><action no="1" player="Rakki" type="15" sum="5"/>
<action no="2" player="OndaBianca1" type="15" discard="1" dealt="1" sum="5"/>
<action no="3" player="Rakki" type="1" sum="30"/>
<action no="4" player="OndaBianca1" type="2" discard="1" dealt="1" sum="60"/>
</round>
<round no="1"><cards type="Pocket" player="Rakki">S10 HQ</cards>
<cards type="Pocket" player="OndaBianca1">C10 C6</cards>
<action no="5" player="Rakki" type="7" sum="17"/>
</round>
<round no="2"><cards type="Flop">DK C8 CQ</cards>
</round>
<round no="3"><cards type="Turn">D6</cards>
</round>
<round no="4"><cards type="River">S4</cards>
</round>
</game>
<game gamecode="6479327239"><general><startdate>2025-09-15 01:57:51</startdate>
<round>1</round>
<failsafecounter/>
<players><player seat="6" name="Rakki" chips="104" dealer="0" win="0" bet="104" muck="0" rebuy="0" addon="0" merge="0" rebuychips="0" reg_code="5059887427"/>
<player seat="10" name="OndaBianca1" chips="1,396" dealer="1" win="208" bet="125" muck="0" rebuy="0" addon="0" merge="0" rebuychips="0" reg_code="5059887545"/>
</players>
</general>
<round no="0"><action no="1" player="OndaBianca1" type="15" discard="1" dealt="1" sum="5"/>
<action no="2" player="Rakki" type="15" sum="5"/>
<action no="3" player="OndaBianca1" type="1" discard="1" dealt="1" sum="30"/>
<action no="4" player="Rakki" type="2" sum="60"/>
</round>
<round no="1"><cards type="Pocket" player="Rakki">S4 S8</cards>
<cards type="Pocket" player="OndaBianca1">D7 C5</cards>
<action no="5" player="OndaBianca1" type="23" discard="1" dealt="1" sum="120"/>
<action no="6" player="Rakki" type="7" sum="39"/>
</round>
<round no="2"><cards type="Flop">C8 D2 D4</cards>
</round>
<round no="3"><cards type="Turn">D6</cards>
</round>
<round no="4"><cards type="River">H6</cards>
</round>
</game>
</session>
