<?xml version="1.0" encoding="UTF-8"?>
<session sessioncode="5062441040">
<general>
<client_version>25.1.1.16</client_version>
<mode>real</mode>
<gametype>Holdem NL</gametype>
<tablename>Twister €50 SNG, 818564895</tablename>
<tournamentcode>818564894</tournamentcode>
<tournamentname>Twister €50 SNG</tournamentname>
<buyin>€0 + €3.50 + €46.50</buyin>
<totalbuyin>€50</totalbuyin>
<rewarddrawn>€100</rewarddrawn>
<tournamentcurrency>EUR</tournamentcurrency>
<currency>EUR</currency>
<nickname>Rakki</nickname>
<gamecount>25</gamecount>
<startdate>2025-09-27 14:31:14</startdate>
<place>2</place>
<win>€0</win>
<tablesize>3</tablesize>
</general>
<game gamecode="6489938477"><general><startdate>2025-09-27 14:31:29</startdate>
<round>1</round>
<failsafecounter/>
<players><player seat="6" name="Rakki" chips="500" dealer="0" win="0" bet="40" muck="1" rebuy="0" addon="0" merge="0" rebuychips="0" reg_code="5062441040"/>
<player seat="10" name="volpins8287" chips="500" dealer="1" win="90" bet="100" muck="1" rebuy="0" addon="0" merge="0" rebuychips="0" reg_code="5062441060"/>
<player seat="3" name="xiuder0nn17" chips="500" dealer="0" win="0" bet="10" muck="1" rebuy="0" addon="0" merge="0" rebuychips="0" reg_code="5062441024"/>
</players>
</general>
<round no="0"><action no="1" player="xiuder0nn17" type="1" discard="1" dealt="1" sum="10"/>
<action no="2" player="Rakki" type="2" sum="20"/>
</round>
<round no="1"><cards type="Pocket" player="volpins8287">X X</cards>
<cards type="Pocket" player="Rakki">CQ D3</cards>
<cards type="Pocket" player="xiuder0nn17">X X</cards>
<action no="3" player="volpins8287" type="3" discard="1" dealt="1" sum="20"/>
<action no="4" player="xiuder0nn17" type="0" discard="1" dealt="1" sum="0"/>
<action no="5" player="Rakki" type="4" sum="0"/>
</round>
<round no="2"><cards type="Flop">HQ HK CJ</cards>
<action no="6" player="Rakki" type="4" sum="0"/>
<action no="7" player="volpins8287" type="4" discard="1" dealt="1" sum="0"/>
</round>
<round no="3"><cards type="Turn">D7</cards>
<action no="8" player="Rakki" type="5" sum="20"/>
<action no="9" player="volpins8287" type="3" discard="1" dealt="1" sum="20"/>
</round>
<round no="4"><cards type="River">C9</cards>
<action no="10" player="Rakki" type="4" sum="0"/>
<action no="11" player="volpins8287" type="5" discard="1" dealt="1" sum="60"/>
<action no="12" player="Rakki" type="0" sum="0"/>
</round>
</game>
<game gamecode="6489938546"><general><startdate>2025-09-27 14:31:53</startdate>
<round>1</round>
<failsafecounter/>
<players><player seat="10" name="volpins8287" chips="550" dealer="0" win="0" bet="130" muck="1" rebuy="0" addon="0" merge="0" rebuychips="0" reg_code="5062441060"/>
<player seat="3" name="xiuder0nn17" chips="490" dealer="1" win="0" bet="0" muck="1" rebuy="0" addon="0" merge="0" rebuychips="0" reg_code="5062441024"/>
<player seat="6" name="Rakki" chips="460" dealer="0" win="260" bet="130" muck="0" rebuy="0" addon="0" merge="0" rebuychips="0" reg_code="5062441040"/>
</players>
</general>
<round no="0"><action no="1" player="Rakki" type="1" sum="10"/>
<action no="2" player="volpins8287" type="2" discard="1" dealt="1" sum="20"/>
</round>
<round no="1"><cards type="Pocket" player="volpins8287">C9 CQ</cards>
<cards type="Pocket" player="xiuder0nn17">X X</cards>
<cards type="Pocket" player="Rakki">S7 DK</cards>
<action no="3" player="xiuder0nn17" type="0" discard="1" dealt="1" sum="0"/>
<action no="4" player="Rakki" type="23" sum="50"/>
<action no="5" player="volpins8287" type="3" discard="1" dealt="1" sum="30"/>
</round>
<round no="2"><cards type="Flop">CK H7 HK</cards>
<action no="6" player="Rakki" type="5" sum="20"/>
<action no="7" player="volpins8287" type="3" discard="1" dealt="1" sum="20"/>
</round>
<round no="3"><cards type="Turn">H9</cards>
<action no="8" player="Rakki" type="4" sum="0"/>
<action no="9" player="volpins8287" type="5" discard="1" dealt="1" sum="60"/>
<action no="10" player="Rakki" type="3" sum="60"/>
</round>
<round no="4"><cards type="River">D2</cards>
<action no="11" player="Rakki" type="4" sum="0"/>
<action no="12" player="volpins8287" type="4" discard="1" dealt="1" sum="0"/>
</round>
</game>
<game gamecode="6489938615"><general><startdate>2025-09-27 14:32:20</startdate>
<round>1</round>
<failsafecounter/>
<players><player seat="3" name="xiuder0nn17" chips="490" dealer="0" win="0" bet="20" muck="1" rebuy="0" addon="0" merge="0" rebuychips="0" reg_code="5062441024"/>
<player seat="6" name="Rakki" chips="590" dealer="1" win="0" bet="0" muck="1" rebuy="0" addon="0" merge="0" rebuychips="0" reg_code="5062441040"/>
<player seat="10" name="volpins8287" chips="420" dealer="0" win="40" bet="420" muck="1" rebuy="0" addon="0" merge="0" rebuychips="0" reg_code="5062441060"/>
</players>
</general>
<round no="0"><action no="1" player="volpins8287" type="1" discard="1" dealt="1" sum="10"/>
<action no="2" player="xiuder0nn17" type="2" discard="1" dealt="1" sum="20"/>
</round>
<round no="1"><cards type="Pocket" player="Rakki">SK H4</cards>
<cards type="Pocket" player="xiuder0nn17">X X</cards>
<cards type="Pocket" player="volpins8287">X X</cards>
<action no="3" player="Rakki" type="0" sum="0"/>
<action no="4" player="volpins8287" type="23" discard="1" dealt="1" sum="420"/>
<action no="5" player="xiuder0nn17" type="0" discard="1" dealt="1" sum="0"/>
</round>
</game>
<game gamecode="6489938648"><general><startdate>2025-09-27 14:32:30</startdate>
<round>1</round>
<failsafecounter/>
<players><player seat="6" name="Rakki" chips="590" dealer="0" win="20" bet="20" muck="1" rebuy="0" addon="0" merge="0" rebuychips="0" reg_code="5062441040"/>
<player seat="10" name="volpins8287" chips="440" dealer="1" win="0" bet="0" muck="1" rebuy="0" addon="0" merge="0" rebuychips="0" reg_code="5062441060"/>
<player seat="3" name="xiuder0nn17" chips="470" dealer="0" win="0" bet="10" muck="1" rebuy="0" addon="0" merge="0" rebuychips="0" reg_code="5062441024"/>
</players>
</general>
<round no="0"><action no="1" player="xiuder0nn17" type="1" discard="1" dealt="1" sum="10"/>
<action no="2" player="Rakki" type="2" sum="20"/>
</round>
<round no="1"><cards type="Pocket" player="Rakki">CQ H10</cards>
<cards type="Pocket" player="xiuder0nn17">X X</cards>
<cards type="Pocket" player="volpins8287">X X</cards>
<action no="3" player="volpins8287" type="0" discard="1" dealt="1" sum="0"/>
<action no="4" player="xiuder0nn17" type="0" discard="1" dealt="1" sum="0"/>
</round>
</game>
<game gamecode="6489938672"><general><startdate>2025-09-27 14:32:38</startdate>
<round>1</round>
<failsafecounter/>
<players><player seat="10" name="volpins8287" chips="440" dealer="0" win="20" bet="20" muck="1" rebuy="0" addon="0" merge="0" rebuychips="0" reg_code="5062441060"/>
<player seat="3" name="xiuder0nn17" chips="460" dealer="1" win="0" bet="0" muck="1" rebuy="0" addon="0" merge="0" rebuychips="0" reg_code="5062441024"/>
<player seat="6" name="Rakki" chips="600" dealer="0" win="0" bet="10" muck="1" rebuy="0" addon="0" merge="0" rebuychips="0" reg_code="5062441040"/>
</players>
</general>
<round no="0"><action no="1" player="Rakki" type="1" sum="10"/>
<action no="2" player="volpins8287" type="2" discard="1" dealt="1" sum="20"/>
</round>
<round no="1"><cards type="Pocket" player="Rakki">HQ C3</cards>
<cards type="Pocket" player="volpins8287">X X</cards>
<cards type="Pocket" player="xiuder0nn17">X X</cards>
<action no="3" player="xiuder0nn17" type="0" discard="1" dealt="1" sum="0"/>
<action no="4" player="Rakki" type="0" sum="0"/>
</round>
</game>
<game gamecode="6489938692"><general><startdate>2025-09-27 14:32:46</startdate>
<round>1</round>
<failsafecounter/>
<players><player seat="3" name="xiuder0nn17" chips="460" dealer="0" win="0" bet="20" muck="1" rebuy="0" addon="0" merge="0" rebuychips="0" reg_code="5062441024"/>
<player seat="6" name="Rakki" chips="590" dealer="1" win="0" bet="0" muck="1" rebuy="0" addon="0" merge="0" rebuychips="0" reg_code="5062441040"/>
<player seat="10" name="volpins8287" chips="450" dealer="0" win="40" bet="60" muck="1" rebuy="0" addon="0" merge="0" rebuychips="0" reg_code="5062441060"/>
</players>
</general>
<round no="0"><action no="1" player="volpins8287" type="1" discard="1" dealt="1" sum="10"/>
<action no="2" player="xiuder0nn17" type="2" discard="1" dealt="1" sum="20"/>
</round>
<round no="1"><cards type="Pocket" player="volpins8287">X X</cards>
<cards type="Pocket" player="Rakki">D8 SJ</cards>
<cards type="Pocket" player="xiuder0nn17">X X</cards>
<action no="3" player="Rakki" type="0" sum="0"/>
<action no="4" player="volpins8287" type="23" discard="1" dealt="1" sum="60"/>
<action no="5" player="xiuder0nn17" type="0" discard="1" dealt="1" sum="0"/>
</round>
</game>
<game gamecode="6489938741"><general><startdate>2025-09-27 14:32:59</startdate>
<round>1</round>
<failsafecounter/>
<players><player seat="6" name="Rakki" chips="590" dealer="0" win="104" bet="590" muck="1" rebuy="0" addon="0" merge="0" rebuychips="0" reg_code="5062441040"/>
<player seat="10" name="volpins8287" chips="470" dealer="1" win="0" bet="0" muck="1" rebuy="0" addon="0" merge="0" rebuychips="0" reg_code="5062441060"/>
<player seat="3" name="xiuder0nn17" chips="440" dealer="0" win="0" bet="52" muck="1" rebuy="0" addon="0" merge="0" rebuychips="0" reg_code="5062441024"/>
</players>
</general>
<round no="0"><action no="1" player="xiuder0nn17" type="1" discard="1" dealt="1" sum="10"/>
<action no="2" player="Rakki" type="2" sum="20"/>
</round>
<round no="1"><cards type="Pocket" player="Rakki">SJ HA</cards>
<cards type="Pocket" player="volpins8287">X X</cards>
<cards type="Pocket" player="xiuder0nn17">X X</cards>
<action no="3" player="volpins8287" type="0" discard="1" dealt="1" sum="0"/>
<action no="4" player="xiuder0nn17" type="23" discard="1" dealt="1" sum="52"/>
<action no="5" player="Rakki" type="23" sum="590"/>
<action no="6" player="xiuder0nn17" type="0" discard="1" dealt="1" sum="0"/>
</round>
</game>
<game gamecode="6489938774"><general><startdate>2025-09-27 14:33:11</startdate>
<round>1</round>
<failsafecounter/>
<players><player seat="10" name="volpins8287" chips="470" dealer="0" win="75" bet="95" muck="1" rebuy="0" addon="0" merge="0" rebuychips="0" reg_code="5062441060"/>
<player seat="3" name="xiuder0nn17" chips="388" dealer="1" win="0" bet="5" muck="1" rebuy="0" addon="0" merge="0" rebuychips="0" reg_code="5062441024"/>
<player seat="6" name="Rakki" chips="642" dealer="0" win="0" bet="35" muck="1" rebuy="0" addon="0" merge="0" rebuychips="0" reg_code="5062441040"/>
</players>
</general>
<round no="0"><action no="1" player="Rakki" type="15" sum="5"/>
<action no="2" player="volpins8287" type="15" discard="1" dealt="1" sum="5"/>
<action no="3" player="xiuder0nn17" type="15" discard="1" dealt="1" sum="5"/>
<action no="4" player="Rakki" type="1" sum="15"/>
<action no="5" player="volpins8287" type="2" discard="1" dealt="1" sum="30"/>
</round>
<round no="1"><cards type="Pocket" player="Rakki">H9 H4</cards>
<cards type="Pocket" player="volpins8287">X X</cards>
<cards type="Pocket" player="xiuder0nn17">X X</cards>
<action no="6" player="xiuder0nn17" type="0" discard="1" dealt="1" sum="0"/>
<action no="7" player="Rakki" type="3" sum="15"/>
<action no="8" player="volpins8287" type="23" discard="1" dealt="1" sum="90"/>
<action no="9" player="Rakki" type="0" sum="0"/>
</round>
</game>
<game gamecode="6489938821"><general><startdate>2025-09-27 14:33:23</startdate>
<round>1</round>
<failsafecounter/>
<players><player seat="3" name="xiuder0nn17" chips="383" dealer="0" win="45" bet="35" muck="1" rebuy="0" addon="0" merge="0" rebuychips="0" reg_code="5062441024"/>
<player seat="6" name="Rakki" chips="607" dealer="1" win="0" bet="5" muck="1" rebuy="0" addon="0" merge="0" rebuychips="0" reg_code="5062441040"/>
<player seat="10" name="volpins8287" chips="510" dealer="0" win="0" bet="20" muck="1" rebuy="0" addon="0" merge="0" rebuychips="0" reg_code="5062441060"/>
</players>
</general>
<round no="0"><action no="1" player="volpins8287" type="15" discard="1" dealt="1" sum="5"/>
<action no="2" player="xiuder0nn17" type="15" discard="1" dealt="1" sum="5"/>
<action no="3" player="Rakki" type="15" sum="5"/>
<action no="4" player="volpins8287" type="1" discard="1" dealt="1" sum="15"/>
<action no="5" player="xiuder0nn17" type="2" discard="1" dealt="1" sum="30"/>
</round>
<round no="1"><cards type="Pocket" player="xiuder0nn17">X X</cards>
<cards type="Pocket" player="volpins8287">X X</cards>
<cards type="Pocket" player="Rakki">S8 C2</cards>
<action no="6" player="Rakki" type="0" sum="0"/>
<action no="7" player="volpins8287" type="0" discard="1" dealt="1" sum="0"/>
</round>
</game>
<game gamecode="6489938839"><general><startdate>2025-09-27 14:33:29</startdate>
<round>1</round>
<failsafecounter/>
<players><player seat="6" name="Rakki" chips="602" dealer="0" win="1,000" bet="490" muck="0" rebuy="0" addon="0" merge="0" rebuychips="0" reg_code="5062441040"/>
<player seat="10" name="volpins8287" chips="490" dealer="1" win="0" bet="490" muck="0" rebuy="0" addon="0" merge="0" rebuychips="0" reg_code="5062441060"/>
<player seat="3" name="xiuder0nn17" chips="408" dealer="0" win="0" bet="20" muck="1" rebuy="0" addon="0" merge="0" rebuychips="0" reg_code="5062441024"/>
</players>
</general>
<round no="0"><action no="1" player="xiuder0nn17" type="15" discard="1" dealt="1" sum="5"/>
<action no="2" player="Rakki" type="15" sum="5"/>
<action no="3" player="volpins8287" type="15" discard="1" dealt="1" sum="5"/>
<action no="4" player="xiuder0nn17" type="1" discard="1" dealt="1" sum="15"/>
<action no="5" player="Rakki" type="2" sum="30"/>
</round>
<round no="1"><cards type="Pocket" player="xiuder0nn17">X X</cards>
<cards type="Pocket" player="Rakki">DK D10</cards>
<cards type="Pocket" player="volpins8287">HA H7</cards>
<action no="6" player="volpins8287" type="23" discard="1" dealt="1" sum="485"/>
<action no="7" player="xiuder0nn17" type="0" discard="1" dealt="1" sum="0"/>
<action no="8" player="Rakki" type="3" sum="455"/>
</round>
<round no="2"><cards type="Flop">HJ DQ S7</cards>
</round>
<round no="3"><cards type="Turn">DJ</cards>
</round>
<round no="4"><cards type="River">CA</cards>
</round>
</game>
<game gamecode="6489938902"><general><startdate>2025-09-27 14:33:48</startdate>
<round>1</round>
<failsafecounter/>
<players><player seat="6" name="Rakki" chips="1,112" dealer="0" win="0" bet="125" muck="1" rebuy="0" addon="0" merge="0" rebuychips="0" reg_code="5062441040"/>
<player seat="3" name="xiuder0nn17" chips="388" dealer="1" win="250" bet="388" muck="1" rebuy="0" addon="0" merge="0" rebuychips="0" reg_code="5062441024"/>
</players>
</general>
<round no="0"><action no="1" player="xiuder0nn17" type="15" discard="1" dealt="1" sum="5"/>
<action no="2" player="Rakki" type="15" sum="5"/>
<action no="3" player="xiuder0nn17" type="1" discard="1" dealt="1" sum="15"/>
<action no="4" player="Rakki" type="2" sum="30"/>
</round>
<round no="1"><cards type="Pocket" player="Rakki">S7 CJ</cards>
<cards type="Pocket" player="xiuder0nn17">X X</cards>
<action no="5" player="xiuder0nn17" type="3" discard="1" dealt="1" sum="15"/>
<action no="6" player="Rakki" type="4" sum="0"/>
</round>
<round no="2"><cards type="Flop">H9 H4 H8</cards>
<action no="7" player="Rakki" type="4" sum="0"/>
<action no="8" player="xiuder0nn17" type="4" discard="1" dealt="1" sum="0"/>
</round>
<round no="3"><cards type="Turn">C3</cards>
<action no="9" player="Rakki" type="5" sum="90"/>
<action no="10" player="xiuder0nn17" type="3" discard="1" dealt="1" sum="90"/>
</round>
<round no="4"><cards type="River">HJ</cards>
<action no="11" player="Rakki" type="4" sum="0"/>
<action no="12" player="xiuder0nn17" type="5" discard="1" dealt="1" sum="263"/>
<action no="13" player="Rakki" type="0" sum="0"/>
</round>
</game>
<game gamecode="6489938995"><general><startdate>2025-09-27 14:34:16</startdate>
<round>1</round>
<failsafecounter/>
<players><player seat="3" name="xiuder0nn17" chips="513" dealer="0" win="0" bet="35" muck="1" rebuy="0" addon="0" merge="0" rebuychips="0" reg_code="5062441024"/>
<player seat="6" name="Rakki" chips="987" dealer="1" win="70" bet="65" muck="1" rebuy="0" addon="0" merge="0" rebuychips="0" reg_code="5062441040"/>
</players>
</general>
<round no="0"><action no="1" player="Rakki" type="15" sum="5"/>
<action no="2" player="xiuder0nn17" type="15" discard="1" dealt="1" sum="5"/>
<action no="3" player="Rakki" type="1" sum="15"/>
<action no="4" player="xiuder0nn17" type="2" discard="1" dealt="1" sum="30"/>
</round>
<round no="1"><cards type="Pocket" player="xiuder0nn17">X X</cards>
<cards type="Pocket" player="Rakki">C9 S6</cards>
<action no="5" player="Rakki" type="3" sum="15"/>
<action no="6" player="xiuder0nn17" type="4" discard="1" dealt="1" sum="0"/>
</round>
<round no="2"><cards type="Flop">D4 SQ H6</cards>
<action no="7" player="xiuder0nn17" type="4" discard="1" dealt="1" sum="0"/>
<action no="8" player="Rakki" type="5" sum="30"/>
<action no="9" player="xiuder0nn17" type="0" discard="1" dealt="1" sum="0"/>
</round>
</game>
<game gamecode="6489939037"><general><startdate>2025-09-27 14:34:29</startdate>
<round>1</round>
<failsafecounter/>
<players><player seat="6" name="Rakki" chips="1,022" dealer="0" win="0" bet="35" muck="1" rebuy="0" addon="0" merge="0" rebuychips="0" reg_code="5062441040"/>
<player seat="3" name="xiuder0nn17" chips="478" dealer="1" win="70" bet="478" muck="1" rebuy="0" addon="0" merge="0" rebuychips="0" reg_code="5062441024"/>
</players>
</general>
<round no="0"><action no="1" player="xiuder0nn17" type="15" discard="1" dealt="1" sum="5"/>
<action no="2" player="Rakki" type="15" sum="5"/>
<action no="3" player="xiuder0nn17" type="1" discard="1" dealt="1" sum="15"/>
<action no="4" player="Rakki" type="2" sum="30"/>
</round>
<round no="1"><cards type="Pocket" player="xiuder0nn17">X X</cards>
<cards type="Pocket" player="Rakki">D3 D7</cards>
<action no="5" player="xiuder0nn17" type="23" discard="1" dealt="1" sum="473"/>
<action no="6" player="Rakki" type="0" sum="0"/>
</round>
</game>
<game gamecode="6489939059"><general><startdate>2025-09-27 14:34:36</startdate>
<round>1</round>
<failsafecounter/>
<players><player seat="3" name="xiuder0nn17" chips="513" dealer="0" win="140" bet="70" muck="0" rebuy="0" addon="0" merge="0" rebuychips="0" reg_code="5062441024"/>
<player seat="6" name="Rakki" chips="987" dealer="1" win="0" bet="70" muck="1" rebuy="0" addon="0" merge="0" rebuychips="0" reg_code="5062441040"/>
</players>
</general>
<round no="0"><action no="1" player="Rakki" type="15" sum="5"/>
<action no="2" player="xiuder0nn17" type="15" discard="1" dealt="1" sum="5"/>
<action no="3" player="Rakki" type="1" sum="15"/>
<action no="4" player="xiuder0nn17" type="2" discard="1" dealt="1" sum="30"/>
</round>
<round no="1"><cards type="Pocket" player="xiuder0nn17">S10 C9</cards>
<cards type="Pocket" player="Rakki">S8 H8</cards>
<action no="5" player="Rakki" type="3" sum="15"/>
<action no="6" player="xiuder0nn17" type="4" discard="1" dealt="1" sum="0"/>
</round>
<round no="2"><cards type="Flop">H9 CJ H5</cards>
<action no="7" player="xiuder0nn17" type="4" discard="1" dealt="1" sum="0"/>
<action no="8" player="Rakki" type="4" sum="0"/>
</round>
<round no="3"><cards type="Turn">DA</cards>
<action no="9" player="xiuder0nn17" type="4" discard="1" dealt="1" sum="0"/>
<action no="10" player="Rakki" type="4" sum="0"/>
</round>
<round no="4"><cards type="River">DJ</cards>
<action no="11" player="xiuder0nn17" type="5" discard="1" dealt="1" sum="35"/>
<action no="12" player="Rakki" type="3" sum="35"/>
</round>
</game>
<game gamecode="6489939174"><general><startdate>2025-09-27 14:35:08</startdate>
<round>1</round>
<failsafecounter/>
<players><player seat="6" name="Rakki" chips="917" dealer="0" win="170" bet="85" muck="0" rebuy="0" addon="0" merge="0" rebuychips="0" reg_code="5062441040"/>
<player seat="3" name="xiuder0nn17" chips="583" dealer="1" win="0" bet="85" muck="1" rebuy="0" addon="0" merge="0" rebuychips="0" reg_code="5062441024"/>
</players>
</general>
<round no="0"><action no="1" player="xiuder0nn17" type="15" discard="1" dealt="1" sum="5"/>
<action no="2" player="Rakki" type="15" sum="5"/>
<action no="3" player="xiuder0nn17" type="1" discard="1" dealt="1" sum="20"/>
<action no="4" player="Rakki" type="2" sum="40"/>
</round>
<round no="1"><cards type="Pocket" player="Rakki">CK D4</cards>
<cards type="Pocket" player="xiuder0nn17">C3 C5</cards>
<action no="5" player="xiuder0nn17" type="3" discard="1" dealt="1" sum="20"/>
<action no="6" player="Rakki" type="4" sum="0"/>
</round>
<round no="2"><cards type="Flop">DA SK DJ</cards>
<action no="7" player="Rakki" type="4" sum="0"/>
<action no="8" player="xiuder0nn17" type="5" discard="1" dealt="1" sum="40"/>
<action no="9" player="Rakki" type="3" sum="40"/>
</round>
<round no="3"><cards type="Turn">HJ</cards>
<action no="10" player="Rakki" type="4" sum="0"/>
<action no="11" player="xiuder0nn17" type="4" discard="1" dealt="1" sum="0"/>
</round>
<round no="4"><cards type="River">DQ</cards>
<action no="12" player="Rakki" type="4" sum="0"/>
<action no="13" player="xiuder0nn17" type="4" discard="1" dealt="1" sum="0"/>
</round>
</game>
<game gamecode="6489945361"><general><startdate>2025-09-27 14:35:34</startdate>
<round>1</round>
<failsafecounter/>
<players><player seat="3" name="xiuder0nn17" chips="498" dealer="0" win="90" bet="165" muck="1" rebuy="0" addon="0" merge="0" rebuychips="0" reg_code="5062441024"/>
<player seat="6" name="Rakki" chips="1,002" dealer="1" win="0" bet="45" muck="1" rebuy="0" addon="0" merge="0" rebuychips="0" reg_code="5062441040"/>
</players>
</general>
<round no="0"><action no="1" player="Rakki" type="15" sum="5"/>
<action no="2" player="xiuder0nn17" type="15" discard="1" dealt="1" sum="5"/>
<action no="3" player="Rakki" type="1" sum="20"/>
<action no="4" player="xiuder0nn17" type="2" discard="1" dealt="1" sum="40"/>
</round>
<round no="1"><cards type="Pocket" player="xiuder0nn17">X X</cards>
<cards type="Pocket" player="Rakki">H2 C10</cards>
<action no="5" player="Rakki" type="3" sum="20"/>
<action no="6" player="xiuder0nn17" type="4" discard="1" dealt="1" sum="0"/>
</round>
<round no="2"><cards type="Flop">CJ H9 HK</cards>
<action no="7" player="xiuder0nn17" type="4" discard="1" dealt="1" sum="0"/>
<action no="8" player="Rakki" type="4" sum="0"/>
</round>
<round no="3"><cards type="Turn">S5</cards>
<action no="9" player="xiuder0nn17" type="5" discard="1" dealt="1" sum="120"/>
<action no="10" player="Rakki" type="0" sum="0"/>
</round>
</game>
<game gamecode="6489945434"><general><startdate>2025-09-27 14:35:54</startdate>
<round>1</round>
<failsafecounter/>
<players><player seat="6" name="Rakki" chips="957" dealer="0" win="0" bet="45" muck="1" rebuy="0" addon="0" merge="0" rebuychips="0" reg_code="5062441040"/>
<player seat="3" name="xiuder0nn17" chips="543" dealer="1" win="90" bet="85" muck="1" rebuy="0" addon="0" merge="0" rebuychips="0" reg_code="5062441024"/>
</players>
</general>
<round no="0"><action no="1" player="xiuder0nn17" type="15" discard="1" dealt="1" sum="5"/>
<action no="2" player="Rakki" type="15" sum="5"/>
<action no="3" player="xiuder0nn17" type="1" discard="1" dealt="1" sum="20"/>
<action no="4" player="Rakki" type="2" sum="40"/>
</round>
<round no="1"><cards type="Pocket" player="Rakki">CJ S8</cards>
<cards type="Pocket" player="xiuder0nn17">X X</cards>
<action no="5" player="xiuder0nn17" type="3" discard="1" dealt="1" sum="20"/>
<action no="6" player="Rakki" type="4" sum="0"/>
</round>
<round no="2"><cards type="Flop">SK HK D6</cards>
<action no="7" player="Rakki" type="4" sum="0"/>
<action no="8" player="xiuder0nn17" type="5" discard="1" dealt="1" sum="40"/>
<action no="9" player="Rakki" type="0" sum="0"/>
</round>
</game>
<game gamecode="6489945488"><general><startdate>2025-09-27 14:36:09</startdate>
<round>1</round>
<failsafecounter/>
<players><player seat="3" name="xiuder0nn17" chips="588" dealer="0" win="0" bet="45" muck="1" rebuy="0" addon="0" merge="0" rebuychips="0" reg_code="5062441024"/>
<player seat="6" name="Rakki" chips="912" dealer="1" win="90" bet="85" muck="1" rebuy="0" addon="0" merge="0" rebuychips="0" reg_code="5062441040"/>
</players>
</general>
<round no="0"><action no="1" player="Rakki" type="15" sum="5"/>
<action no="2" player="xiuder0nn17" type="15" discard="1" dealt="1" sum="5"/>
<action no="3" player="Rakki" type="1" sum="20"/>
<action no="4" player="xiuder0nn17" type="2" discard="1" dealt="1" sum="40"/>
</round>
<round no="1"><cards type="Pocket" player="Rakki">C9 SA</cards>
<cards type="Pocket" player="xiuder0nn17">X X</cards>
<action no="5" player="Rakki" type="3" sum="20"/>
<action no="6" player="xiuder0nn17" type="4" discard="1" dealt="1" sum="0"/>
</round>
<round no="2"><cards type="Flop">CK H3 H10</cards>
<action no="7" player="xiuder0nn17" type="4" discard="1" dealt="1" sum="0"/>
<action no="8" player="Rakki" type="5" sum="40"/>
<action no="9" player="xiuder0nn17" type="0" discard="1" dealt="1" sum="0"/>
</round>
</game>
<game gamecode="6489945558"><general><startdate>2025-09-27 14:36:30</startdate>
<round>1</round>
<failsafecounter/>
<players><player seat="6" name="Rakki" chips="957" dealer="0" win="0" bet="65" muck="1" rebuy="0" addon="0" merge="0" rebuychips="0" reg_code="5062441040"/>
<player seat="3" name="xiuder0nn17" chips="543" dealer="1" win="130" bet="543" muck="1" rebuy="0" addon="0" merge="0" rebuychips="0" reg_code="5062441024"/>
</players>
</general>
<round no="0"><action no="1" player="xiuder0nn17" type="15" discard="1" dealt="1" sum="5"/>
<action no="2" player="Rakki" type="15" sum="5"/>
<action no="3" player="xiuder0nn17" type="1" discard="1" dealt="1" sum="30"/>
<action no="4" player="Rakki" type="2" sum="60"/>
</round>
<round no="1"><cards type="Pocket" player="xiuder0nn17">X X</cards>
<cards type="Pocket" player="Rakki">C7 H9</cards>
<action no="5" player="xiuder0nn17" type="23" discard="1" dealt="1" sum="538"/>
<action no="6" player="Rakki" type="0" sum="0"/>
</round>
</game>
<game gamecode="6489945619"><general><startdate>2025-09-27 14:36:48</startdate>
<round>1</round>
<failsafecounter/>
<players><player seat="3" name="xiuder0nn17" chips="608" dealer="0" win="0" bet="278" muck="1" rebuy="0" addon="0" merge="0" rebuychips="0" reg_code="5062441024"/>
<player seat="6" name="Rakki" chips="892" dealer="1" win="556" bet="278" muck="0" rebuy="0" addon="0" merge="0" rebuychips="0" reg_code="5062441040"/>
</players>
</general>
<round no="0"><action no="1" player="Rakki" type="15" sum="5"/>
<action no="2" player="xiuder0nn17" type="15" discard="1" dealt="1" sum="5"/>
<action no="3" player="Rakki" type="1" sum="30"/>
<action no="4" player="xiuder0nn17" type="2" discard="1" dealt="1" sum="60"/>
</round>
<round no="1"><cards type="Pocket" player="Rakki">H9 HK</cards>
<cards type="Pocket" player="xiuder0nn17">CJ H10</cards>
<action no="5" player="Rakki" type="3" sum="30"/>
<action no="6" player="xiuder0nn17" type="4" discard="1" dealt="1" sum="0"/>
</round>
<round no="2"><cards type="Flop">DK CQ D7</cards>
<action no="7" player="xiuder0nn17" type="4" discard="1" dealt="1" sum="0"/>
<action no="8" player="Rakki" type="5" sum="60"/>
<action no="9" player="xiuder0nn17" type="3" discard="1" dealt="1" sum="60"/>
</round>
<round no="3"><cards type="Turn">C6</cards>
<action no="10" player="xiuder0nn17" type="4" discard="1" dealt="1" sum="0"/>
<action no="11" player="Rakki" type="5" sum="153"/>
<action no="12" player="xiuder0nn17" type="3" discard="1" dealt="1" sum="153"/>
</round>
<round no="4"><cards type="River">SQ</cards>
<action no="13" player="xiuder0nn17" type="4" discard="1" dealt="1" sum="0"/>
<action no="14" player="Rakki" type="4" sum="0"/>
</round>
</game>
<game gamecode="6489945765"><general><startdate>2025-09-27 14:37:35</startdate>
<round>1</round>
<failsafecounter/>
<players><player seat="6" name="Rakki" chips="1,170" dealer="0" win="0" bet="330" muck="1" rebuy="0" addon="0" merge="0" rebuychips="0" reg_code="5062441040"/>
<player seat="3" name="xiuder0nn17" chips="330" dealer="1" win="660" bet="330" muck="0" rebuy="0" addon="0" merge="0" rebuychips="0" reg_code="5062441024"/>
</players>
</general>
<round no="0"><action no="1" player="xiuder0nn17" type="15" discard="1" dealt="1" sum="5"/>
<action no="2" player="Rakki" type="15" sum="5"/>
<action no="3" player="xiuder0nn17" type="1" discard="1" dealt="1" sum="30"/>
<action no="4" player="Rakki" type="2" sum="60"/>
</round>
<round no="1"><cards type="Pocket" player="xiuder0nn17">D10 DK</cards>
<cards type="Pocket" player="Rakki">DQ S4</cards>
<action no="5" player="xiuder0nn17" type="23" discard="1" dealt="1" sum="325"/>
<action no="6" player="Rakki" type="3" sum="265"/>
</round>
<round no="2"><cards type="Flop">HJ S9 C2</cards>
</round>
<round no="3"><cards type="Turn">SJ</cards>
</round>
<round no="4"><cards type="River">H8</cards>
</round>
</game>
<game gamecode="6489945813"><general><startdate>2025-09-27 14:37:50</startdate>
<round>1</round>
<failsafecounter/>
<players><player seat="3" name="xiuder0nn17" chips="660" dealer="0" win="1,320" bet="660" muck="0" rebuy="0" addon="0" merge="0" rebuychips="0" reg_code="5062441024"/>
<player seat="6" name="Rakki" chips="840" dealer="1" win="0" bet="840" muck="1" rebuy="0" addon="0" merge="0" rebuychips="0" reg_code="5062441040"/>
</players>
</general>
<round no="0"><action no="1" player="Rakki" type="15" sum="5"/>
<action no="2" player="xiuder0nn17" type="15" discard="1" dealt="1" sum="5"/>
<action no="3" player="Rakki" type="1" sum="30"/>
<action no="4" player="xiuder0nn17" type="2" discard="1" dealt="1" sum="60"/>
</round>
<round no="1"><cards type="Pocket" player="Rakki">SJ H10</cards>
<cards type="Pocket" player="xiuder0nn17">SQ CA</cards>
<action no="5" player="Rakki" type="23" sum="835"/>
<action no="6" player="xiuder0nn17" type="7" discard="1" dealt="1" sum="595"/>
</round>
<round no="2"><cards type="Flop">DK S2 C4</cards>
</round>
<round no="3"><cards type="Turn">C2</cards>
</round>
<round no="4"><cards type="River">C3</cards>
</round>
</game>
<game gamecode="6489945861"><general><startdate>2025-09-27 14:38:06</startdate>
<round>1</round>
<failsafecounter/>
<players><player seat="6" name="Rakki" chips="180" dealer="0" win="70" bet="65" muck="1" rebuy="0" addon="0" merge="0" rebuychips="0" reg_code="5062441040"/>
<player seat="3" name="xiuder0nn17" chips="1,320" dealer="1" win="0" bet="35" muck="1" rebuy="0" addon="0" merge="0" rebuychips="0" reg_code="5062441024"/>
</players>
</general>
<round no="0"><action no="1" player="xiuder0nn17" type="15" discard="1" dealt="1" sum="5"/>
<action no="2" player="Rakki" type="15" sum="5"/>
<action no="3" player="xiuder0nn17" type="1" discard="1" dealt="1" sum="30"/>
<action no="4" player="Rakki" type="2" sum="60"/>
</round>
<round no="1"><cards type="Pocket" player="Rakki">S8 H2</cards>
<cards type="Pocket" player="xiuder0nn17">X X</cards>
<action no="5" player="xiuder0nn17" type="0" discard="1" dealt="1" sum="0"/>
</round>
</game>
<game gamecode="6489945885"><general><startdate>2025-09-27 14:38:16</startdate>
<round>1</round>
<failsafecounter/>
<players><player seat="3" name="xiuder0nn17" chips="1,285" dealer="0" win="96" bet="88" muck="1" rebuy="0" addon="0" merge="0" rebuychips="0" reg_code="5062441024"/>
<player seat="6" name="Rakki" chips="215" dealer="1" win="0" bet="48" muck="1" rebuy="0" addon="0" merge="0" rebuychips="0" reg_code="5062441040"/>
</players>
</general>
<round no="0"><action no="1" player="Rakki" type="15" sum="8"/>
<action no="2" player="xiuder0nn17" type="15" discard="1" dealt="1" sum="8"/>
<action no="3" player="Rakki" type="1" sum="40"/>
<action no="4" player="xiuder0nn17" type="2" discard="1" dealt="1" sum="80"/>
</round>
<round no="1"><cards type="Pocket" player="Rakki">D3 S4</cards>
<cards type="Pocket" player="xiuder0nn17">X X</cards>
<action no="5" player="Rakki" type="0" sum="0"/>
</round>
</game>
<game gamecode="6489945900"><general><startdate>2025-09-27 14:38:21</startdate>
<round>1</round>
<failsafecounter/>
<players><player seat="6" name="Rakki" chips="167" dealer="0" win="0" bet="167" muck="1" rebuy="0" addon="0" merge="0" rebuychips="0" reg_code="5062441040"/>
<player seat="3" name="xiuder0nn17" chips="1,333" dealer="1" win="334" bet="1,333" muck="0" rebuy="0" addon="0" merge="0" rebuychips="0" reg_code="5062441024"/>
</players>
</general>
<round no="0"><action no="1" player="xiuder0nn17" type="15" discard="1" dealt="1" sum="8"/>
<action no="2" player="Rakki" type="15" sum="8"/>
<action no="3" player="xiuder0nn17" type="1" discard="1" dealt="1" sum="40"/>
<action no="4" player="Rakki" type="2" sum="80"/>
</round>
<round no="1"><cards type="Pocket" player="xiuder0nn17">S5 SK</cards>
<cards type="Pocket" player="Rakki">H6 S3</cards>
<action no="5" player="xiuder0nn17" type="23" discard="1" dealt="1" sum="1,325"/>
<action no="6" player="Rakki" type="7" sum="79"/>
</round>
<round no="2"><cards type="Flop">S7 H2 C9</cards>
</round>
<round no="3"><cards type="Turn">SA</cards>
</round>
<round no="4"><cards type="River">HK</cards>
</round>
</game>
</session>
