<?xml version="1.0" encoding="UTF-8"?>
<session sessioncode="5062792694">
<general>
<client_version>25.1.1.16</client_version>
<mode>real</mode>
<gametype>Holdem NL</gametype>
<tablename>Twister €50 SNG, 818673564</tablename>
<tournamentcode>818673562</tournamentcode>
<tournamentname>Twister €50 SNG</tournamentname>
<buyin>€0 + €3.50 + €46.50</buyin>
<totalbuyin>€50</totalbuyin>
<rewarddrawn>€100</rewarddrawn>
<tournamentcurrency>EUR</tournamentcurrency>
<currency>EUR</currency>
<nickname>Rakki</nickname>
<gamecount>2</gamecount>
<startdate>2025-09-29 01:43:56</startdate>
<place>3</place>
<win>€0</win>
<tablesize>3</tablesize>
</general>
<game gamecode="6491391222"><general><startdate>2025-09-29 01:44:12</startdate>
<round>1</round>
<failsafecounter/>
<players><player seat="10" name="Sh4d0wb0x1ng" chips="500" dealer="0" win="20" bet="20" muck="1" rebuy="0" addon="0" merge="0" rebuychips="0" reg_code="5062792700"/>
<player seat="3" name="SalvoMiracoli2" chips="500" dealer="1" win="0" bet="0" muck="1" rebuy="0" addon="0" merge="0" rebuychips="0" reg_code="5062792641"/>
<player seat="6" name="Rakki" chips="500" dealer="0" win="0" bet="10" muck="1" rebuy="0" addon="0" merge="0" rebuychips="0" reg_code="5062792694"/>
</players>
</general>
<round no="0"><action no="1" player="Rakki" type="1" sum="10"/>
<action no="2" player="Sh4d0wb0x1ng" type="2" discard="1" dealt="1" sum="20"/>
</round>
<round no="1"><cards type="Pocket" player="Rakki">H2 S10</cards>
<cards type="Pocket" player="Sh4d0wb0x1ng">X X</cards>
<cards type="Pocket" player="SalvoMiracoli2">X X</cards>
<action no="3" player="SalvoMiracoli2" type="0" discard="1" dealt="1" sum="0"/>
<action no="4" player="Rakki" type="0" sum="0"/>
</round>
</game>
<game gamecode="6491391242"><general><startdate>2025-09-29 01:44:24</startdate>
<round>1</round>
<failsafecounter/>
<players><player seat="3" name="SalvoMiracoli2" chips="500" dealer="0" win="0" bet="20" muck="1" rebuy="0" addon="0" merge="0" rebuychips="0" reg_code="5062792641"/>
<player seat="6" name="Rakki" chips="490" dealer="1" win="0" bet="490" muck="0" rebuy="0" addon="0" merge="0" rebuychips="0" reg_code="5062792694"/>
<player seat="10" name="Sh4d0wb0x1ng" chips="510" dealer="0" win="1,000" bet="510" muck="0" rebuy="0" addon="0" merge="0" rebuychips="0" reg_code="5062792700"/>
</players>
</general>
<round no="0"><action no="1" player="Sh4d0wb0x1ng" type="1" discard="1" dealt="1" sum="10"/>
<action no="2" player="SalvoMiracoli2" type="2" discard="1" dealt="1" sum="20"/>
</round>
<round no="1"><cards type="Pocket" player="Sh4d0wb0x1ng">SA DQ</cards>
<cards type="Pocket" player="Rakki">DA D10</cards>
<cards type="Pocket" player="SalvoMiracoli2">X X</cards>
<action no="3" player="Rakki" type="23" sum="40"/>
<action no="4" player="Sh4d0wb0x1ng" type="23" discard="1" dealt="1" sum="510"/>
<action no="5" player="SalvoMiracoli2" type="0" discard="1" dealt="1" sum="0"/>
<action no="6" player="Rakki" type="7" sum="450"/>
</round>
<round no="2"><cards type="Flop">CA CQ HQ</cards>
</round>
<round no="3"><cards type="Turn">S8</cards>
</round>
<round no="4"><cards type="River">HK</cards>
</round>
</game>
</session>
