<?xml version="1.0" encoding="UTF-8"?>
<session sessioncode="5062792926">
<general>
<client_version>25.1.1.16</client_version>
<mode>real</mode>
<gametype>Holdem NL</gametype>
<tablename>Twister €50 SNG, 818673668</tablename>
<tournamentcode>818673667</tournamentcode>
<tournamentname>Twister €50 SNG</tournamentname>
<buyin>€0 + €3.50 + €46.50</buyin>
<totalbuyin>€50</totalbuyin>
<rewarddrawn>€200</rewarddrawn>
<tournamentcurrency>EUR</tournamentcurrency>
<currency>EUR</currency>
<nickname>Rakki</nickname>
<gamecount>15</gamecount>
<startdate>2025-09-29 01:45:33</startdate>
<place>1</place>
<win>€200</win>
<tablesize>3</tablesize>
</general>
<game gamecode="6491396768"><general><startdate>2025-09-29 01:45:48</startdate>
<round>1</round>
<failsafecounter/>
<players><player seat="6" name="Loux" chips="500" dealer="0" win="0" bet="85" muck="1" rebuy="0" addon="0" merge="0" rebuychips="0" reg_code="5062792868"/>
<player seat="10" name="Rakki" chips="500" dealer="1" win="180" bet="175" muck="1" rebuy="0" addon="0" merge="0" rebuychips="0" reg_code="5062792926"/>
<player seat="3" name="SalvoMiracoli2" chips="500" dealer="0" win="0" bet="10" muck="1" rebuy="0" addon="0" merge="0" rebuychips="0" reg_code="5062792752"/>
</players>
</general>
<round no="0"><action no="1" player="SalvoMiracoli2" type="1" discard="1" dealt="1" sum="10"/>
<action no="2" player="Loux" type="2" discard="1" dealt="1" sum="20"/>
</round>
<round no="1"><cards type="Pocket" player="SalvoMiracoli2">X X</cards>
<cards type="Pocket" player="Loux">X X</cards>
<cards type="Pocket" player="Rakki">S8 D8</cards>
<action no="3" player="Rakki" type="23" sum="40"/>
<action no="4" player="SalvoMiracoli2" type="0" discard="1" dealt="1" sum="0"/>
<action no="5" player="Loux" type="3" discard="1" dealt="1" sum="20"/>
</round>
<round no="2"><cards type="Flop">D5 C5 S6</cards>
<action no="6" player="Loux" type="4" discard="1" dealt="1" sum="0"/>
<action no="7" player="Rakki" type="5" sum="45"/>
<action no="8" player="Loux" type="3" discard="1" dealt="1" sum="45"/>
</round>
<round no="3"><cards type="Turn">HQ</cards>
<action no="9" player="Loux" type="4" discard="1" dealt="1" sum="0"/>
<action no="10" player="Rakki" type="5" sum="90"/>
<action no="11" player="Loux" type="0" discard="1" dealt="1" sum="0"/>
</round>
</game>
<game gamecode="6491396845"><general><startdate>2025-09-29 01:46:15</startdate>
<round>1</round>
<failsafecounter/>
<players><player seat="10" name="Rakki" chips="595" dealer="0" win="40" bet="60" muck="1" rebuy="0" addon="0" merge="0" rebuychips="0" reg_code="5062792926"/>
<player seat="3" name="SalvoMiracoli2" chips="490" dealer="1" win="0" bet="0" muck="1" rebuy="0" addon="0" merge="0" rebuychips="0" reg_code="5062792752"/>
<player seat="6" name="Loux" chips="415" dealer="0" win="0" bet="20" muck="1" rebuy="0" addon="0" merge="0" rebuychips="0" reg_code="5062792868"/>
</players>
</general>
<round no="0"><action no="1" player="Loux" type="1" discard="1" dealt="1" sum="10"/>
<action no="2" player="Rakki" type="2" sum="20"/>
</round>
<round no="1"><cards type="Pocket" player="Loux">X X</cards>
<cards type="Pocket" player="SalvoMiracoli2">X X</cards>
<cards type="Pocket" player="Rakki">S8 H8</cards>
<action no="3" player="SalvoMiracoli2" type="0" discard="1" dealt="1" sum="0"/>
<action no="4" player="Loux" type="3" discard="1" dealt="1" sum="10"/>
<action no="5" player="Rakki" type="23" sum="60"/>
<action no="6" player="Loux" type="0" discard="1" dealt="1" sum="0"/>
</round>
</game>
<game gamecode="6491396898"><general><startdate>2025-09-29 01:46:30</startdate>
<round>1</round>
<failsafecounter/>
<players><player seat="3" name="SalvoMiracoli2" chips="490" dealer="0" win="0" bet="20" muck="1" rebuy="0" addon="0" merge="0" rebuychips="0" reg_code="5062792752"/>
<player seat="6" name="Loux" chips="395" dealer="1" win="0" bet="0" muck="1" rebuy="0" addon="0" merge="0" rebuychips="0" reg_code="5062792868"/>
<player seat="10" name="Rakki" chips="615" dealer="0" win="40" bet="60" muck="1" rebuy="0" addon="0" merge="0" rebuychips="0" reg_code="5062792926"/>
</players>
</general>
<round no="0"><action no="1" player="Rakki" type="1" sum="10"/>
<action no="2" player="SalvoMiracoli2" type="2" discard="1" dealt="1" sum="20"/>
</round>
<round no="1"><cards type="Pocket" player="SalvoMiracoli2">X X</cards>
<cards type="Pocket" player="Loux">X X</cards>
<cards type="Pocket" player="Rakki">SK D6</cards>
<action no="3" player="Loux" type="0" discard="1" dealt="1" sum="0"/>
<action no="4" player="Rakki" type="23" sum="60"/>
<action no="5" player="SalvoMiracoli2" type="0" discard="1" dealt="1" sum="0"/>
</round>
</game>
<game gamecode="6491396948"><general><startdate>2025-09-29 01:46:42</startdate>
<round>1</round>
<failsafecounter/>
<players><player seat="6" name="Loux" chips="395" dealer="0" win="0" bet="80" muck="1" rebuy="0" addon="0" merge="0" rebuychips="0" reg_code="5062792868"/>
<player seat="10" name="Rakki" chips="635" dealer="1" win="0" bet="0" muck="1" rebuy="0" addon="0" merge="0" rebuychips="0" reg_code="5062792926"/>
<player seat="3" name="SalvoMiracoli2" chips="470" dealer="0" win="160" bet="470" muck="1" rebuy="0" addon="0" merge="0" rebuychips="0" reg_code="5062792752"/>
</players>
</general>
<round no="0"><action no="1" player="SalvoMiracoli2" type="1" discard="1" dealt="1" sum="10"/>
<action no="2" player="Loux" type="2" discard="1" dealt="1" sum="20"/>
</round>
<round no="1"><cards type="Pocket" player="SalvoMiracoli2">X X</cards>
<cards type="Pocket" player="Rakki">H4 S2</cards>
<cards type="Pocket" player="Loux">X X</cards>
<action no="3" player="Rakki" type="0" sum="0"/>
<action no="4" player="SalvoMiracoli2" type="3" discard="1" dealt="1" sum="10"/>
<action no="5" player="Loux" type="4" discard="1" dealt="1" sum="0"/>
</round>
<round no="2"><cards type="Flop">D7 HA C10</cards>
<action no="6" player="SalvoMiracoli2" type="5" discard="1" dealt="1" sum="20"/>
<action no="7" player="Loux" type="3" discard="1" dealt="1" sum="20"/>
</round>
<round no="3"><cards type="Turn">D8</cards>
<action no="8" player="SalvoMiracoli2" type="4" discard="1" dealt="1" sum="0"/>
<action no="9" player="Loux" type="5" discard="1" dealt="1" sum="40"/>
<action no="10" player="SalvoMiracoli2" type="23" discard="1" dealt="1" sum="430"/>
<action no="11" player="Loux" type="0" discard="1" dealt="1" sum="0"/>
</round>
</game>
<game gamecode="6491397097"><general><startdate>2025-09-29 01:47:24</startdate>
<round>1</round>
<failsafecounter/>
<players><player seat="10" name="Rakki" chips="635" dealer="0" win="40" bet="60" muck="1" rebuy="0" addon="0" merge="0" rebuychips="0" reg_code="5062792926"/>
<player seat="3" name="SalvoMiracoli2" chips="550" dealer="1" win="0" bet="0" muck="1" rebuy="0" addon="0" merge="0" rebuychips="0" reg_code="5062792752"/>
<player seat="6" name="Loux" chips="315" dealer="0" win="0" bet="20" muck="1" rebuy="0" addon="0" merge="0" rebuychips="0" reg_code="5062792868"/>
</players>
</general>
<round no="0"><action no="1" player="Loux" type="1" discard="1" dealt="1" sum="10"/>
<action no="2" player="Rakki" type="2" sum="20"/>
</round>
<round no="1"><cards type="Pocket" player="SalvoMiracoli2">X X</cards>
<cards type="Pocket" player="Loux">X X</cards>
<cards type="Pocket" player="Rakki">DJ D10</cards>
<action no="3" player="SalvoMiracoli2" type="0" discard="1" dealt="1" sum="0"/>
<action no="4" player="Loux" type="3" discard="1" dealt="1" sum="10"/>
<action no="5" player="Rakki" type="23" sum="60"/>
<action no="6" player="Loux" type="0" discard="1" dealt="1" sum="0"/>
</round>
</game>
<game gamecode="6491397156"><general><startdate>2025-09-29 01:47:38</startdate>
<round>1</round>
<failsafecounter/>
<players><player seat="3" name="SalvoMiracoli2" chips="550" dealer="0" win="20" bet="20" muck="0" rebuy="0" addon="0" merge="0" rebuychips="0" reg_code="5062792752"/>
<player seat="6" name="Loux" chips="295" dealer="1" win="20" bet="20" muck="0" rebuy="0" addon="0" merge="0" rebuychips="0" reg_code="5062792868"/>
<player seat="10" name="Rakki" chips="655" dealer="0" win="20" bet="20" muck="0" rebuy="0" addon="0" merge="0" rebuychips="0" reg_code="5062792926"/>
</players>
</general>
<round no="0"><action no="1" player="Rakki" type="1" sum="10"/>
<action no="2" player="SalvoMiracoli2" type="2" discard="1" dealt="1" sum="20"/>
</round>
<round no="1"><cards type="Pocket" player="Rakki">S9 S7</cards>
<cards type="Pocket" player="Loux">S8 SJ</cards>
<cards type="Pocket" player="SalvoMiracoli2">D6 H2</cards>
<action no="3" player="Loux" type="3" discard="1" dealt="1" sum="20"/>
<action no="4" player="Rakki" type="3" sum="10"/>
<action no="5" player="SalvoMiracoli2" type="4" discard="1" dealt="1" sum="0"/>
</round>
<round no="2"><cards type="Flop">D4 C4 HQ</cards>
<action no="6" player="Rakki" type="4" sum="0"/>
<action no="7" player="SalvoMiracoli2" type="4" discard="1" dealt="1" sum="0"/>
<action no="8" player="Loux" type="4" discard="1" dealt="1" sum="0"/>
</round>
<round no="3"><cards type="Turn">CQ</cards>
<action no="9" player="Rakki" type="4" sum="0"/>
<action no="10" player="SalvoMiracoli2" type="4" discard="1" dealt="1" sum="0"/>
<action no="11" player="Loux" type="4" discard="1" dealt="1" sum="0"/>
</round>
<round no="4"><cards type="River">CA</cards>
<action no="12" player="Rakki" type="4" sum="0"/>
<action no="13" player="SalvoMiracoli2" type="4" discard="1" dealt="1" sum="0"/>
<action no="14" player="Loux" type="4" discard="1" dealt="1" sum="0"/>
</round>
</game>
<game gamecode="6491397338"><general><startdate>2025-09-29 01:48:31</startdate>
<round>1</round>
<failsafecounter/>
<players><player seat="6" name="Loux" chips="295" dealer="0" win="595" bet="295" muck="0" rebuy="0" addon="0" merge="0" rebuychips="0" reg_code="5062792868"/>
<player seat="10" name="Rakki" chips="655" dealer="1" win="0" bet="5" muck="1" rebuy="0" addon="0" merge="0" rebuychips="0" reg_code="5062792926"/>
<player seat="3" name="SalvoMiracoli2" chips="550" dealer="0" win="0" bet="550" muck="0" rebuy="0" addon="0" merge="0" rebuychips="0" reg_code="5062792752"/>
</players>
</general>
<round no="0"><action no="1" player="SalvoMiracoli2" type="15" discard="1" dealt="1" sum="5"/>
<action no="2" player="Loux" type="15" discard="1" dealt="1" sum="5"/>
<action no="3" player="Rakki" type="15" sum="5"/>
<action no="4" player="SalvoMiracoli2" type="1" discard="1" dealt="1" sum="15"/>
<action no="5" player="Loux" type="2" discard="1" dealt="1" sum="30"/>
</round>
<round no="1"><cards type="Pocket" player="Loux">D9 S9</cards>
<cards type="Pocket" player="Rakki">C5 C2</cards>
<cards type="Pocket" player="SalvoMiracoli2">C7 H9</cards>
<action no="6" player="Rakki" type="0" sum="0"/>
<action no="7" player="SalvoMiracoli2" type="23" discard="1" dealt="1" sum="545"/>
<action no="8" player="Loux" type="7" discard="1" dealt="1" sum="260"/>
</round>
<round no="2"><cards type="Flop">S2 H10 HK</cards>
</round>
<round no="3"><cards type="Turn">DJ</cards>
</round>
<round no="4"><cards type="River">D10</cards>
</round>
</game>
<game gamecode="6491397408"><general><startdate>2025-09-29 01:48:53</startdate>
<round>1</round>
<failsafecounter/>
<players><player seat="10" name="Rakki" chips="650" dealer="0" win="135" bet="132" muck="1" rebuy="0" addon="0" merge="0" rebuychips="0" reg_code="5062792926"/>
<player seat="3" name="SalvoMiracoli2" chips="255" dealer="1" win="0" bet="5" muck="1" rebuy="0" addon="0" merge="0" rebuychips="0" reg_code="5062792752"/>
<player seat="6" name="Loux" chips="595" dealer="0" win="0" bet="65" muck="1" rebuy="0" addon="0" merge="0" rebuychips="0" reg_code="5062792868"/>
</players>
</general>
<round no="0"><action no="1" player="Loux" type="15" discard="1" dealt="1" sum="5"/>
<action no="2" player="Rakki" type="15" sum="5"/>
<action no="3" player="SalvoMiracoli2" type="15" discard="1" dealt="1" sum="5"/>
<action no="4" player="Loux" type="1" discard="1" dealt="1" sum="15"/>
<action no="5" player="Rakki" type="2" sum="30"/>
</round>
<round no="1"><cards type="Pocket" player="Loux">X X</cards>
<cards type="Pocket" player="Rakki">S7 H6</cards>
<cards type="Pocket" player="SalvoMiracoli2">X X</cards>
<action no="6" player="SalvoMiracoli2" type="0" discard="1" dealt="1" sum="0"/>
<action no="7" player="Loux" type="3" discard="1" dealt="1" sum="15"/>
<action no="8" player="Rakki" type="4" sum="0"/>
</round>
<round no="2"><cards type="Flop">D4 C3 H7</cards>
<action no="9" player="Loux" type="4" discard="1" dealt="1" sum="0"/>
<action no="10" player="Rakki" type="5" sum="30"/>
<action no="11" player="Loux" type="3" discard="1" dealt="1" sum="30"/>
</round>
<round no="3"><cards type="Turn">C4</cards>
<action no="12" player="Loux" type="4" discard="1" dealt="1" sum="0"/>
<action no="13" player="Rakki" type="5" sum="67"/>
<action no="14" player="Loux" type="0" discard="1" dealt="1" sum="0"/>
</round>
</game>
<game gamecode="6491397481"><general><startdate>2025-09-29 01:49:13</startdate>
<round>1</round>
<failsafecounter/>
<players><player seat="3" name="SalvoMiracoli2" chips="250" dealer="0" win="0" bet="35" muck="1" rebuy="0" addon="0" merge="0" rebuychips="0" reg_code="5062792752"/>
<player seat="6" name="Loux" chips="530" dealer="1" win="0" bet="5" muck="1" rebuy="0" addon="0" merge="0" rebuychips="0" reg_code="5062792868"/>
<player seat="10" name="Rakki" chips="720" dealer="0" win="75" bet="720" muck="1" rebuy="0" addon="0" merge="0" rebuychips="0" reg_code="5062792926"/>
</players>
</general>
<round no="0"><action no="1" player="Rakki" type="15" sum="5"/>
<action no="2" player="SalvoMiracoli2" type="15" discard="1" dealt="1" sum="5"/>
<action no="3" player="Loux" type="15" discard="1" dealt="1" sum="5"/>
<action no="4" player="Rakki" type="1" sum="15"/>
<action no="5" player="SalvoMiracoli2" type="2" discard="1" dealt="1" sum="30"/>
</round>
<round no="1"><cards type="Pocket" player="Loux">X X</cards>
<cards type="Pocket" player="Rakki">D8 SJ</cards>
<cards type="Pocket" player="SalvoMiracoli2">X X</cards>
<action no="6" player="Loux" type="0" discard="1" dealt="1" sum="0"/>
<action no="7" player="Rakki" type="23" sum="715"/>
<action no="8" player="SalvoMiracoli2" type="0" discard="1" dealt="1" sum="0"/>
</round>
</game>
<game gamecode="6491402315"><general><startdate>2025-09-29 01:49:24</startdate>
<round>1</round>
<failsafecounter/>
<players><player seat="6" name="Loux" chips="525" dealer="0" win="0" bet="35" muck="1" rebuy="0" addon="0" merge="0" rebuychips="0" reg_code="5062792868"/>
<player seat="10" name="Rakki" chips="760" dealer="1" win="0" bet="5" muck="1" rebuy="0" addon="0" merge="0" rebuychips="0" reg_code="5062792926"/>
<player seat="3" name="SalvoMiracoli2" chips="215" dealer="0" win="75" bet="215" muck="1" rebuy="0" addon="0" merge="0" rebuychips="0" reg_code="5062792752"/>
</players>
</general>
<round no="0"><action no="1" player="SalvoMiracoli2" type="15" discard="1" dealt="1" sum="5"/>
<action no="2" player="Loux" type="15" discard="1" dealt="1" sum="5"/>
<action no="3" player="Rakki" type="15" sum="5"/>
<action no="4" player="SalvoMiracoli2" type="1" discard="1" dealt="1" sum="15"/>
<action no="5" player="Loux" type="2" discard="1" dealt="1" sum="30"/>
</round>
<round no="1"><cards type="Pocket" player="Rakki">S2 SJ</cards>
<cards type="Pocket" player="Loux">X X</cards>
<cards type="Pocket" player="SalvoMiracoli2">X X</cards>
<action no="6" player="Rakki" type="0" sum="0"/>
<action no="7" player="SalvoMiracoli2" type="23" discard="1" dealt="1" sum="210"/>
<action no="8" player="Loux" type="0" discard="1" dealt="1" sum="0"/>
</round>
</game>
<game gamecode="6491402345"><general><startdate>2025-09-29 01:49:32</startdate>
<round>1</round>
<failsafecounter/>
<players><player seat="10" name="Rakki" chips="755" dealer="0" win="530" bet="255" muck="0" rebuy="0" addon="0" merge="0" rebuychips="0" reg_code="5062792926"/>
<player seat="3" name="SalvoMiracoli2" chips="255" dealer="1" win="0" bet="255" muck="0" rebuy="0" addon="0" merge="0" rebuychips="0" reg_code="5062792752"/>
<player seat="6" name="Loux" chips="490" dealer="0" win="0" bet="20" muck="1" rebuy="0" addon="0" merge="0" rebuychips="0" reg_code="5062792868"/>
</players>
</general>
<round no="0"><action no="1" player="Loux" type="15" discard="1" dealt="1" sum="5"/>
<action no="2" player="Rakki" type="15" sum="5"/>
<action no="3" player="SalvoMiracoli2" type="15" discard="1" dealt="1" sum="5"/>
<action no="4" player="Loux" type="1" discard="1" dealt="1" sum="15"/>
<action no="5" player="Rakki" type="2" sum="30"/>
</round>
<round no="1"><cards type="Pocket" player="SalvoMiracoli2">C10 HK</cards>
<cards type="Pocket" player="Loux">X X</cards>
<cards type="Pocket" player="Rakki">S5 D5</cards>
<action no="6" player="SalvoMiracoli2" type="23" discard="1" dealt="1" sum="250"/>
<action no="7" player="Loux" type="0" discard="1" dealt="1" sum="0"/>
<action no="8" player="Rakki" type="3" sum="220"/>
</round>
<round no="2"><cards type="Flop">D9 H5 DA</cards>
</round>
<round no="3"><cards type="Turn">CQ</cards>
</round>
<round no="4"><cards type="River">D8</cards>
</round>
</game>
<game gamecode="6491402411"><general><startdate>2025-09-29 01:49:50</startdate>
<round>1</round>
<failsafecounter/>
<players><player seat="10" name="Rakki" chips="1,030" dealer="0" win="0" bet="45" muck="1" rebuy="0" addon="0" merge="0" rebuychips="0" reg_code="5062792926"/>
<player seat="6" name="Loux" chips="470" dealer="1" win="90" bet="45" muck="0" rebuy="0" addon="0" merge="0" rebuychips="0" reg_code="5062792868"/>
</players>
</general>
<round no="0"><action no="1" player="Loux" type="15" discard="1" dealt="1" sum="5"/>
<action no="2" player="Rakki" type="15" sum="5"/>
<action no="3" player="Loux" type="1" discard="1" dealt="1" sum="20"/>
<action no="4" player="Rakki" type="2" sum="40"/>
</round>
<round no="1"><cards type="Pocket" player="Rakki">DJ D5</cards>
<cards type="Pocket" player="Loux">DA HJ</cards>
<action no="5" player="Loux" type="3" discard="1" dealt="1" sum="20"/>
<action no="6" player="Rakki" type="4" sum="0"/>
</round>
<round no="2"><cards type="Flop">D8 H3 S2</cards>
<action no="7" player="Rakki" type="4" sum="0"/>
<action no="8" player="Loux" type="4" discard="1" dealt="1" sum="0"/>
</round>
<round no="3"><cards type="Turn">C9</cards>
<action no="9" player="Rakki" type="4" sum="0"/>
<action no="10" player="Loux" type="4" discard="1" dealt="1" sum="0"/>
</round>
<round no="4"><cards type="River">S10</cards>
<action no="11" player="Rakki" type="4" sum="0"/>
<action no="12" player="Loux" type="4" discard="1" dealt="1" sum="0"/>
</round>
</game>
<game gamecode="6491402522"><general><startdate>2025-09-29 01:50:20</startdate>
<round>1</round>
<failsafecounter/>
<players><player seat="6" name="Loux" chips="515" dealer="0" win="250" bet="125" muck="0" rebuy="0" addon="0" merge="0" rebuychips="0" reg_code="5062792868"/>
<player seat="10" name="Rakki" chips="985" dealer="1" win="0" bet="125" muck="1" rebuy="0" addon="0" merge="0" rebuychips="0" reg_code="5062792926"/>
</players>
</general>
<round no="0"><action no="1" player="Rakki" type="15" sum="5"/>
<action no="2" player="Loux" type="15" discard="1" dealt="1" sum="5"/>
<action no="3" player="Rakki" type="1" sum="20"/>
<action no="4" player="Loux" type="2" discard="1" dealt="1" sum="40"/>
</round>
<round no="1"><cards type="Pocket" player="Loux">D5 D10</cards>
<cards type="Pocket" player="Rakki">C10 H4</cards>
<action no="5" player="Rakki" type="3" sum="20"/>
<action no="6" player="Loux" type="4" discard="1" dealt="1" sum="0"/>
</round>
<round no="2"><cards type="Flop">SK CK S5</cards>
<action no="7" player="Loux" type="4" discard="1" dealt="1" sum="0"/>
<action no="8" player="Rakki" type="5" sum="40"/>
<action no="9" player="Loux" type="3" discard="1" dealt="1" sum="40"/>
</round>
<round no="3"><cards type="Turn">H6</cards>
<action no="10" player="Loux" type="4" discard="1" dealt="1" sum="0"/>
<action no="11" player="Rakki" type="4" sum="0"/>
</round>
<round no="4"><cards type="River">C4</cards>
<action no="12" player="Loux" type="5" discard="1" dealt="1" sum="40"/>
<action no="13" player="Rakki" type="3" sum="40"/>
</round>
</game>
<game gamecode="6491402614"><general><startdate>2025-09-29 01:50:47</startdate>
<round>1</round>
<failsafecounter/>
<players><player seat="10" name="Rakki" chips="860" dealer="0" win="90" bet="135" muck="1" rebuy="0" addon="0" merge="0" rebuychips="0" reg_code="5062792926"/>
<player seat="6" name="Loux" chips="640" dealer="1" win="0" bet="45" muck="1" rebuy="0" addon="0" merge="0" rebuychips="0" reg_code="5062792868"/>
</players>
</general>
<round no="0"><action no="1" player="Loux" type="15" discard="1" dealt="1" sum="5"/>
<action no="2" player="Rakki" type="15" sum="5"/>
<action no="3" player="Loux" type="1" discard="1" dealt="1" sum="20"/>
<action no="4" player="Rakki" type="2" sum="40"/>
</round>
<round no="1"><cards type="Pocket" player="Rakki">C6 SJ</cards>
<cards type="Pocket" player="Loux">X X</cards>
<action no="5" player="Loux" type="3" discard="1" dealt="1" sum="20"/>
<action no="6" player="Rakki" type="4" sum="0"/>
</round>
<round no="2"><cards type="Flop">S9 SQ S10</cards>
<action no="7" player="Rakki" type="4" sum="0"/>
<action no="8" player="Loux" type="4" discard="1" dealt="1" sum="0"/>
</round>
<round no="3"><cards type="Turn">C2</cards>
<action no="9" player="Rakki" type="5" sum="90"/>
<action no="10" player="Loux" type="0" discard="1" dealt="1" sum="0"/>
</round>
</game>
<game gamecode="6491402647"><general><startdate>2025-09-29 01:50:59</startdate>
<round>1</round>
<failsafecounter/>
<players><player seat="6" name="Loux" chips="595" dealer="0" win="0" bet="595" muck="0" rebuy="0" addon="0" merge="0" rebuychips="0" reg_code="5062792868"/>
<player seat="10" name="Rakki" chips="905" dealer="1" win="1,190" bet="595" muck="0" rebuy="0" addon="0" merge="0" rebuychips="0" reg_code="5062792926"/>
</players>
</general>
<round no="0"><action no="1" player="Rakki" type="15" sum="5"/>
<action no="2" player="Loux" type="15" discard="1" dealt="1" sum="5"/>
<action no="3" player="Rakki" type="1" sum="20"/>
<action no="4" player="Loux" type="2" discard="1" dealt="1" sum="40"/>
</round>
<round no="1"><cards type="Pocket" player="Loux">HA C7</cards>
<cards type="Pocket" player="Rakki">HK H6</cards>
<action no="5" player="Rakki" type="3" sum="20"/>
<action no="6" player="Loux" type="4" discard="1" dealt="1" sum="0"/>
</round>
<round no="2"><cards type="Flop">DK S3 CA</cards>
<action no="7" player="Loux" type="4" discard="1" dealt="1" sum="0"/>
<action no="8" player="Rakki" type="5" sum="40"/>
<action no="9" player="Loux" type="23" discard="1" dealt="1" sum="120"/>
<action no="10" player="Rakki" type="3" sum="80"/>
</round>
<round no="3"><cards type="Turn">C6</cards>
<action no="11" player="Loux" type="5" discard="1" dealt="1" sum="430"/>
<action no="12" player="Rakki" type="3" sum="430"/>
</round>
<round no="4"><cards type="River">C5</cards>
</round>
</game>
</session>
