<?xml version="1.0" encoding="UTF-8"?>
<session sessioncode="5062439457">
<general>
<client_version>25.1.1.16</client_version>
<mode>real</mode>
<gametype>Holdem NL</gametype>
<tablename>Twister €50 SNG, 818564646</tablename>
<tournamentcode>818564645</tournamentcode>
<tournamentname>Twister €50 SNG</tournamentname>
<buyin>€0 + €3.50 + €46.50</buyin>
<totalbuyin>€50</totalbuyin>
<rewarddrawn>€150</rewarddrawn>
<tournamentcurrency>EUR</tournamentcurrency>
<currency>EUR</currency>
<nickname>Rakki</nickname>
<gamecount>29</gamecount>
<startdate>2025-09-27 14:23:09</startdate>
<place>2</place>
<win>€0</win>
<tablesize>3</tablesize>
</general>
<game gamecode="6489934919"><general><startdate>2025-09-27 14:23:25</startdate>
<round>1</round>
<failsafecounter/>
<players><player seat="10" name="xiuder0nn17" chips="500" dealer="0" win="0" bet="20" muck="1" rebuy="0" addon="0" merge="0" rebuychips="0" reg_code="5062439494"/>
<player seat="3" name="Rakki" chips="500" dealer="1" win="50" bet="40" muck="1" rebuy="0" addon="0" merge="0" rebuychips="0" reg_code="5062439457"/>
<player seat="6" name="fghgfd" chips="500" dealer="0" win="0" bet="10" muck="1" rebuy="0" addon="0" merge="0" rebuychips="0" reg_code="5062439492"/>
</players>
</general>
<round no="0"><action no="1" player="fghgfd" type="1" discard="1" dealt="1" sum="10"/>
<action no="2" player="xiuder0nn17" type="2" discard="1" dealt="1" sum="20"/>
</round>
<round no="1"><cards type="Pocket" player="Rakki">SK S4</cards>
<cards type="Pocket" player="xiuder0nn17">X X</cards>
<cards type="Pocket" player="fghgfd">X X</cards>
<action no="3" player="Rakki" type="23" sum="40"/>
<action no="4" player="fghgfd" type="0" discard="1" dealt="1" sum="0"/>
<action no="5" player="xiuder0nn17" type="0" discard="1" dealt="1" sum="0"/>
</round>
</game>
<game gamecode="6489934976"><general><startdate>2025-09-27 14:23:38</startdate>
<round>1</round>
<failsafecounter/>
<players><player seat="3" name="Rakki" chips="530" dealer="0" win="0" bet="20" muck="1" rebuy="0" addon="0" merge="0" rebuychips="0" reg_code="5062439457"/>
<player seat="6" name="fghgfd" chips="490" dealer="1" win="0" bet="0" muck="1" rebuy="0" addon="0" merge="0" rebuychips="0" reg_code="5062439492"/>
<player seat="10" name="xiuder0nn17" chips="480" dealer="0" win="40" bet="40" muck="1" rebuy="0" addon="0" merge="0" rebuychips="0" reg_code="5062439494"/>
</players>
</general>
<round no="0"><action no="1" player="xiuder0nn17" type="1" discard="1" dealt="1" sum="10"/>
<action no="2" player="Rakki" type="2" sum="20"/>
</round>
<round no="1"><cards type="Pocket" player="xiuder0nn17">X X</cards>
<cards type="Pocket" player="Rakki">S3 HQ</cards>
<cards type="Pocket" player="fghgfd">X X</cards>
<action no="3" player="fghgfd" type="0" discard="1" dealt="1" sum="0"/>
<action no="4" player="xiuder0nn17" type="3" discard="1" dealt="1" sum="10"/>
<action no="5" player="Rakki" type="4" sum="0"/>
</round>
<round no="2"><cards type="Flop">H2 C5 D8</cards>
<action no="6" player="xiuder0nn17" type="5" discard="1" dealt="1" sum="20"/>
<action no="7" player="Rakki" type="0" sum="0"/>
</round>
</game>
<game gamecode="6489935057"><general><startdate>2025-09-27 14:23:58</startdate>
<round>1</round>
<failsafecounter/>
<players><player seat="6" name="fghgfd" chips="490" dealer="0" win="0" bet="40" muck="1" rebuy="0" addon="0" merge="0" rebuychips="0" reg_code="5062439492"/>
<player seat="10" name="xiuder0nn17" chips="500" dealer="1" win="90" bet="62" muck="1" rebuy="0" addon="0" merge="0" rebuychips="0" reg_code="5062439494"/>
<player seat="3" name="Rakki" chips="510" dealer="0" win="0" bet="10" muck="1" rebuy="0" addon="0" merge="0" rebuychips="0" reg_code="5062439457"/>
</players>
</general>
<round no="0"><action no="1" player="Rakki" type="1" sum="10"/>
<action no="2" player="fghgfd" type="2" discard="1" dealt="1" sum="20"/>
</round>
<round no="1"><cards type="Pocket" player="Rakki">H2 C4</cards>
<cards type="Pocket" player="fghgfd">X X</cards>
<cards type="Pocket" player="xiuder0nn17">X X</cards>
<action no="3" player="xiuder0nn17" type="23" discard="1" dealt="1" sum="40"/>
<action no="4" player="Rakki" type="0" sum="0"/>
<action no="5" player="fghgfd" type="3" discard="1" dealt="1" sum="20"/>
</round>
<round no="2"><cards type="Flop">H7 CK D5</cards>
<action no="6" player="fghgfd" type="4" discard="1" dealt="1" sum="0"/>
<action no="7" player="xiuder0nn17" type="5" discard="1" dealt="1" sum="22"/>
<action no="8" player="fghgfd" type="0" discard="1" dealt="1" sum="0"/>
</round>
</game>
<game gamecode="6489935122"><general><startdate>2025-09-27 14:24:15</startdate>
<round>1</round>
<failsafecounter/>
<players><player seat="10" name="xiuder0nn17" chips="550" dealer="0" win="0" bet="40" muck="1" rebuy="0" addon="0" merge="0" rebuychips="0" reg_code="5062439494"/>
<player seat="3" name="Rakki" chips="500" dealer="1" win="90" bet="80" muck="1" rebuy="0" addon="0" merge="0" rebuychips="0" reg_code="5062439457"/>
<player seat="6" name="fghgfd" chips="450" dealer="0" win="0" bet="10" muck="1" rebuy="0" addon="0" merge="0" rebuychips="0" reg_code="5062439492"/>
</players>
</general>
<round no="0"><action no="1" player="fghgfd" type="1" discard="1" dealt="1" sum="10"/>
<action no="2" player="xiuder0nn17" type="2" discard="1" dealt="1" sum="20"/>
</round>
<round no="1"><cards type="Pocket" player="fghgfd">X X</cards>
<cards type="Pocket" player="xiuder0nn17">X X</cards>
<cards type="Pocket" player="Rakki">D3 H3</cards>
<action no="3" player="Rakki" type="23" sum="40"/>
<action no="4" player="fghgfd" type="0" discard="1" dealt="1" sum="0"/>
<action no="5" player="xiuder0nn17" type="3" discard="1" dealt="1" sum="20"/>
</round>
<round no="2"><cards type="Flop">HQ H6 D5</cards>
<action no="6" player="xiuder0nn17" type="4" discard="1" dealt="1" sum="0"/>
<action no="7" player="Rakki" type="5" sum="40"/>
<action no="8" player="xiuder0nn17" type="0" discard="1" dealt="1" sum="0"/>
</round>
</game>
<game gamecode="6489935183"><general><startdate>2025-09-27 14:24:31</startdate>
<round>1</round>
<failsafecounter/>
<players><player seat="3" name="Rakki" chips="550" dealer="0" win="0" bet="20" muck="1" rebuy="0" addon="0" merge="0" rebuychips="0" reg_code="5062439457"/>
<player seat="6" name="fghgfd" chips="440" dealer="1" win="50" bet="60" muck="1" rebuy="0" addon="0" merge="0" rebuychips="0" reg_code="5062439492"/>
<player seat="10" name="xiuder0nn17" chips="510" dealer="0" win="0" bet="10" muck="1" rebuy="0" addon="0" merge="0" rebuychips="0" reg_code="5062439494"/>
</players>
</general>
<round no="0"><action no="1" player="xiuder0nn17" type="1" discard="1" dealt="1" sum="10"/>
<action no="2" player="Rakki" type="2" sum="20"/>
</round>
<round no="1"><cards type="Pocket" player="xiuder0nn17">X X</cards>
<cards type="Pocket" player="fghgfd">X X</cards>
<cards type="Pocket" player="Rakki">C9 H2</cards>
<action no="3" player="fghgfd" type="23" discard="1" dealt="1" sum="60"/>
<action no="4" player="xiuder0nn17" type="0" discard="1" dealt="1" sum="0"/>
<action no="5" player="Rakki" type="0" sum="0"/>
</round>
</game>
<game gamecode="6489935237"><general><startdate>2025-09-27 14:24:45</startdate>
<round>1</round>
<failsafecounter/>
<players><player seat="6" name="fghgfd" chips="470" dealer="0" win="180" bet="90" muck="0" rebuy="0" addon="0" merge="0" rebuychips="0" reg_code="5062439492"/>
<player seat="10" name="xiuder0nn17" chips="500" dealer="1" win="0" bet="0" muck="1" rebuy="0" addon="0" merge="0" rebuychips="0" reg_code="5062439494"/>
<player seat="3" name="Rakki" chips="530" dealer="0" win="0" bet="90" muck="1" rebuy="0" addon="0" merge="0" rebuychips="0" reg_code="5062439457"/>
</players>
</general>
<round no="0"><action no="1" player="Rakki" type="1" sum="10"/>
<action no="2" player="fghgfd" type="2" discard="1" dealt="1" sum="20"/>
</round>
<round no="1"><cards type="Pocket" player="xiuder0nn17">X X</cards>
<cards type="Pocket" player="fghgfd">D7 SA</cards>
<cards type="Pocket" player="Rakki">S9 DJ</cards>
<action no="3" player="xiuder0nn17" type="0" discard="1" dealt="1" sum="0"/>
<action no="4" player="Rakki" type="23" sum="60"/>
<action no="5" player="fghgfd" type="3" discard="1" dealt="1" sum="40"/>
</round>
<round no="2"><cards type="Flop">DA H5 D3</cards>
<action no="6" player="Rakki" type="5" sum="30"/>
<action no="7" player="fghgfd" type="3" discard="1" dealt="1" sum="30"/>
</round>
<round no="3"><cards type="Turn">S4</cards>
<action no="8" player="Rakki" type="4" sum="0"/>
<action no="9" player="fghgfd" type="4" discard="1" dealt="1" sum="0"/>
</round>
<round no="4"><cards type="River">CJ</cards>
<action no="10" player="Rakki" type="4" sum="0"/>
<action no="11" player="fghgfd" type="4" discard="1" dealt="1" sum="0"/>
</round>
</game>
<game gamecode="6489939447"><general><startdate>2025-09-27 14:25:13</startdate>
<round>1</round>
<failsafecounter/>
<players><player seat="10" name="xiuder0nn17" chips="500" dealer="0" win="75" bet="500" muck="1" rebuy="0" addon="0" merge="0" rebuychips="0" reg_code="5062439494"/>
<player seat="3" name="Rakki" chips="440" dealer="1" win="0" bet="5" muck="1" rebuy="0" addon="0" merge="0" rebuychips="0" reg_code="5062439457"/>
<player seat="6" name="fghgfd" chips="560" dealer="0" win="0" bet="35" muck="1" rebuy="0" addon="0" merge="0" rebuychips="0" reg_code="5062439492"/>
</players>
</general>
<round no="0"><action no="1" player="fghgfd" type="15" discard="1" dealt="1" sum="5"/>
<action no="2" player="xiuder0nn17" type="15" discard="1" dealt="1" sum="5"/>
<action no="3" player="Rakki" type="15" sum="5"/>
<action no="4" player="fghgfd" type="1" discard="1" dealt="1" sum="15"/>
<action no="5" player="xiuder0nn17" type="2" discard="1" dealt="1" sum="30"/>
</round>
<round no="1"><cards type="Pocket" player="fghgfd">X X</cards>
<cards type="Pocket" player="xiuder0nn17">X X</cards>
<cards type="Pocket" player="Rakki">C10 C2</cards>
<action no="6" player="Rakki" type="0" sum="0"/>
<action no="7" player="fghgfd" type="3" discard="1" dealt="1" sum="15"/>
<action no="8" player="xiuder0nn17" type="23" discard="1" dealt="1" sum="495"/>
<action no="9" player="fghgfd" type="0" discard="1" dealt="1" sum="0"/>
</round>
</game>
<game gamecode="6489939497"><general><startdate>2025-09-27 14:25:25</startdate>
<round>1</round>
<failsafecounter/>
<players><player seat="3" name="Rakki" chips="435" dealer="0" win="330" bet="435" muck="1" rebuy="0" addon="0" merge="0" rebuychips="0" reg_code="5062439457"/>
<player seat="6" name="fghgfd" chips="525" dealer="1" win="0" bet="155" muck="1" rebuy="0" addon="0" merge="0" rebuychips="0" reg_code="5062439492"/>
<player seat="10" name="xiuder0nn17" chips="540" dealer="0" win="0" bet="20" muck="1" rebuy="0" addon="0" merge="0" rebuychips="0" reg_code="5062439494"/>
</players>
</general>
<round no="0"><action no="1" player="xiuder0nn17" type="15" discard="1" dealt="1" sum="5"/>
<action no="2" player="Rakki" type="15" sum="5"/>
<action no="3" player="fghgfd" type="15" discard="1" dealt="1" sum="5"/>
<action no="4" player="xiuder0nn17" type="1" discard="1" dealt="1" sum="15"/>
<action no="5" player="Rakki" type="2" sum="30"/>
</round>
<round no="1"><cards type="Pocket" player="fghgfd">X X</cards>
<cards type="Pocket" player="xiuder0nn17">X X</cards>
<cards type="Pocket" player="Rakki">SK H2</cards>
<action no="6" player="fghgfd" type="3" discard="1" dealt="1" sum="30"/>
<action no="7" player="xiuder0nn17" type="0" discard="1" dealt="1" sum="0"/>
<action no="8" player="Rakki" type="4" sum="0"/>
</round>
<round no="2"><cards type="Flop">HJ DA D2</cards>
<action no="9" player="Rakki" type="4" sum="0"/>
<action no="10" player="fghgfd" type="5" discard="1" dealt="1" sum="30"/>
<action no="11" player="Rakki" type="3" sum="30"/>
</round>
<round no="3"><cards type="Turn">C2</cards>
<action no="12" player="Rakki" type="5" sum="90"/>
<action no="13" player="fghgfd" type="3" discard="1" dealt="1" sum="90"/>
</round>
<round no="4"><cards type="River">CA</cards>
<action no="14" player="Rakki" type="5" sum="280"/>
<action no="15" player="fghgfd" type="0" discard="1" dealt="1" sum="0"/>
</round>
</game>
<game gamecode="6489939607"><general><startdate>2025-09-27 14:25:52</startdate>
<round>1</round>
<failsafecounter/>
<players><player seat="6" name="fghgfd" chips="370" dealer="0" win="0" bet="35" muck="1" rebuy="0" addon="0" merge="0" rebuychips="0" reg_code="5062439492"/>
<player seat="10" name="xiuder0nn17" chips="520" dealer="1" win="0" bet="5" muck="1" rebuy="0" addon="0" merge="0" rebuychips="0" reg_code="5062439494"/>
<player seat="3" name="Rakki" chips="610" dealer="0" win="75" bet="610" muck="1" rebuy="0" addon="0" merge="0" rebuychips="0" reg_code="5062439457"/>
</players>
</general>
<round no="0"><action no="1" player="Rakki" type="15" sum="5"/>
<action no="2" player="fghgfd" type="15" discard="1" dealt="1" sum="5"/>
<action no="3" player="xiuder0nn17" type="15" discard="1" dealt="1" sum="5"/>
<action no="4" player="Rakki" type="1" sum="15"/>
<action no="5" player="fghgfd" type="2" discard="1" dealt="1" sum="30"/>
</round>
<round no="1"><cards type="Pocket" player="fghgfd">X X</cards>
<cards type="Pocket" player="Rakki">CA H10</cards>
<cards type="Pocket" player="xiuder0nn17">X X</cards>
<action no="6" player="xiuder0nn17" type="0" discard="1" dealt="1" sum="0"/>
<action no="7" player="Rakki" type="23" sum="605"/>
<action no="8" player="fghgfd" type="0" discard="1" dealt="1" sum="0"/>
</round>
</game>
<game gamecode="6489939645"><general><startdate>2025-09-27 14:26:03</startdate>
<round>1</round>
<failsafecounter/>
<players><player seat="10" name="xiuder0nn17" chips="515" dealer="0" win="45" bet="35" muck="1" rebuy="0" addon="0" merge="0" rebuychips="0" reg_code="5062439494"/>
<player seat="3" name="Rakki" chips="650" dealer="1" win="0" bet="5" muck="1" rebuy="0" addon="0" merge="0" rebuychips="0" reg_code="5062439457"/>
<player seat="6" name="fghgfd" chips="335" dealer="0" win="0" bet="20" muck="1" rebuy="0" addon="0" merge="0" rebuychips="0" reg_code="5062439492"/>
</players>
</general>
<round no="0"><action no="1" player="fghgfd" type="15" discard="1" dealt="1" sum="5"/>
<action no="2" player="xiuder0nn17" type="15" discard="1" dealt="1" sum="5"/>
<action no="3" player="Rakki" type="15" sum="5"/>
<action no="4" player="fghgfd" type="1" discard="1" dealt="1" sum="15"/>
<action no="5" player="xiuder0nn17" type="2" discard="1" dealt="1" sum="30"/>
</round>
<round no="1"><cards type="Pocket" player="xiuder0nn17">X X</cards>
<cards type="Pocket" player="fghgfd">X X</cards>
<cards type="Pocket" player="Rakki">HK S3</cards>
<action no="6" player="Rakki" type="0" sum="0"/>
<action no="7" player="fghgfd" type="0" discard="1" dealt="1" sum="0"/>
</round>
</game>
<game gamecode="6489939666"><general><startdate>2025-09-27 14:26:08</startdate>
<round>1</round>
<failsafecounter/>
<players><player seat="3" name="Rakki" chips="645" dealer="0" win="45" bet="35" muck="1" rebuy="0" addon="0" merge="0" rebuychips="0" reg_code="5062439457"/>
<player seat="6" name="fghgfd" chips="315" dealer="1" win="0" bet="5" muck="1" rebuy="0" addon="0" merge="0" rebuychips="0" reg_code="5062439492"/>
<player seat="10" name="xiuder0nn17" chips="540" dealer="0" win="0" bet="20" muck="1" rebuy="0" addon="0" merge="0" rebuychips="0" reg_code="5062439494"/>
</players>
</general>
<round no="0"><action no="1" player="xiuder0nn17" type="15" discard="1" dealt="1" sum="5"/>
<action no="2" player="Rakki" type="15" sum="5"/>
<action no="3" player="fghgfd" type="15" discard="1" dealt="1" sum="5"/>
<action no="4" player="xiuder0nn17" type="1" discard="1" dealt="1" sum="15"/>
<action no="5" player="Rakki" type="2" sum="30"/>
</round>
<round no="1"><cards type="Pocket" player="fghgfd">X X</cards>
<cards type="Pocket" player="xiuder0nn17">X X</cards>
<cards type="Pocket" player="Rakki">CA C6</cards>
<action no="6" player="fghgfd" type="0" discard="1" dealt="1" sum="0"/>
<action no="7" player="xiuder0nn17" type="0" discard="1" dealt="1" sum="0"/>
</round>
</game>
<game gamecode="6489939703"><general><startdate>2025-09-27 14:26:17</startdate>
<round>1</round>
<failsafecounter/>
<players><player seat="6" name="fghgfd" chips="310" dealer="0" win="45" bet="35" muck="1" rebuy="0" addon="0" merge="0" rebuychips="0" reg_code="5062439492"/>
<player seat="10" name="xiuder0nn17" chips="520" dealer="1" win="0" bet="5" muck="1" rebuy="0" addon="0" merge="0" rebuychips="0" reg_code="5062439494"/>
<player seat="3" name="Rakki" chips="670" dealer="0" win="0" bet="20" muck="1" rebuy="0" addon="0" merge="0" rebuychips="0" reg_code="5062439457"/>
</players>
</general>
<round no="0"><action no="1" player="Rakki" type="15" sum="5"/>
<action no="2" player="fghgfd" type="15" discard="1" dealt="1" sum="5"/>
<action no="3" player="xiuder0nn17" type="15" discard="1" dealt="1" sum="5"/>
<action no="4" player="Rakki" type="1" sum="15"/>
<action no="5" player="fghgfd" type="2" discard="1" dealt="1" sum="30"/>
</round>
<round no="1"><cards type="Pocket" player="xiuder0nn17">X X</cards>
<cards type="Pocket" player="fghgfd">X X</cards>
<cards type="Pocket" player="Rakki">D5 H3</cards>
<action no="6" player="xiuder0nn17" type="0" discard="1" dealt="1" sum="0"/>
<action no="7" player="Rakki" type="0" sum="0"/>
</round>
</game>
<game gamecode="6489939757"><general><startdate>2025-09-27 14:26:28</startdate>
<round>1</round>
<failsafecounter/>
<players><player seat="10" name="xiuder0nn17" chips="515" dealer="0" win="75" bet="65" muck="1" rebuy="0" addon="0" merge="0" rebuychips="0" reg_code="5062439494"/>
<player seat="3" name="Rakki" chips="650" dealer="1" win="0" bet="5" muck="1" rebuy="0" addon="0" merge="0" rebuychips="0" reg_code="5062439457"/>
<player seat="6" name="fghgfd" chips="335" dealer="0" win="0" bet="35" muck="1" rebuy="0" addon="0" merge="0" rebuychips="0" reg_code="5062439492"/>
</players>
</general>
<round no="0"><action no="1" player="fghgfd" type="15" discard="1" dealt="1" sum="5"/>
<action no="2" player="xiuder0nn17" type="15" discard="1" dealt="1" sum="5"/>
<action no="3" player="Rakki" type="15" sum="5"/>
<action no="4" player="fghgfd" type="1" discard="1" dealt="1" sum="15"/>
<action no="5" player="xiuder0nn17" type="2" discard="1" dealt="1" sum="30"/>
</round>
<round no="1"><cards type="Pocket" player="fghgfd">X X</cards>
<cards type="Pocket" player="Rakki">C10 C4</cards>
<cards type="Pocket" player="xiuder0nn17">X X</cards>
<action no="6" player="Rakki" type="0" sum="0"/>
<action no="7" player="fghgfd" type="3" discard="1" dealt="1" sum="15"/>
<action no="8" player="xiuder0nn17" type="4" discard="1" dealt="1" sum="0"/>
</round>
<round no="2"><cards type="Flop">DK S2 CQ</cards>
<action no="9" player="fghgfd" type="4" discard="1" dealt="1" sum="0"/>
<action no="10" player="xiuder0nn17" type="5" discard="1" dealt="1" sum="30"/>
<action no="11" player="fghgfd" type="0" discard="1" dealt="1" sum="0"/>
</round>
</game>
<game gamecode="6489939832"><general><startdate>2025-09-27 14:26:43</startdate>
<round>1</round>
<failsafecounter/>
<players><player seat="3" name="Rakki" chips="645" dealer="0" win="0" bet="45" muck="1" rebuy="0" addon="0" merge="0" rebuychips="0" reg_code="5062439457"/>
<player seat="6" name="fghgfd" chips="300" dealer="1" win="115" bet="125" muck="1" rebuy="0" addon="0" merge="0" rebuychips="0" reg_code="5062439492"/>
<player seat="10" name="xiuder0nn17" chips="555" dealer="0" win="0" bet="25" muck="1" rebuy="0" addon="0" merge="0" rebuychips="0" reg_code="5062439494"/>
</players>
</general>
<round no="0"><action no="1" player="xiuder0nn17" type="15" discard="1" dealt="1" sum="5"/>
<action no="2" player="Rakki" type="15" sum="5"/>
<action no="3" player="fghgfd" type="15" discard="1" dealt="1" sum="5"/>
<action no="4" player="xiuder0nn17" type="1" discard="1" dealt="1" sum="20"/>
<action no="5" player="Rakki" type="2" sum="40"/>
</round>
<round no="1"><cards type="Pocket" player="fghgfd">X X</cards>
<cards type="Pocket" player="xiuder0nn17">X X</cards>
<cards type="Pocket" player="Rakki">S9 H2</cards>
<action no="6" player="fghgfd" type="23" discard="1" dealt="1" sum="120"/>
<action no="7" player="xiuder0nn17" type="0" discard="1" dealt="1" sum="0"/>
<action no="8" player="Rakki" type="0" sum="0"/>
</round>
</game>
<game gamecode="6489939881"><general><startdate>2025-09-27 14:26:54</startdate>
<round>1</round>
<failsafecounter/>
<players><player seat="6" name="fghgfd" chips="370" dealer="0" win="55" bet="45" muck="1" rebuy="0" addon="0" merge="0" rebuychips="0" reg_code="5062439492"/>
<player seat="10" name="xiuder0nn17" chips="530" dealer="1" win="0" bet="5" muck="1" rebuy="0" addon="0" merge="0" rebuychips="0" reg_code="5062439494"/>
<player seat="3" name="Rakki" chips="600" dealer="0" win="0" bet="25" muck="1" rebuy="0" addon="0" merge="0" rebuychips="0" reg_code="5062439457"/>
</players>
</general>
<round no="0"><action no="1" player="Rakki" type="15" sum="5"/>
<action no="2" player="fghgfd" type="15" discard="1" dealt="1" sum="5"/>
<action no="3" player="xiuder0nn17" type="15" discard="1" dealt="1" sum="5"/>
<action no="4" player="Rakki" type="1" sum="20"/>
<action no="5" player="fghgfd" type="2" discard="1" dealt="1" sum="40"/>
</round>
<round no="1"><cards type="Pocket" player="Rakki">H5 S6</cards>
<cards type="Pocket" player="fghgfd">X X</cards>
<cards type="Pocket" player="xiuder0nn17">X X</cards>
<action no="6" player="xiuder0nn17" type="0" discard="1" dealt="1" sum="0"/>
<action no="7" player="Rakki" type="0" sum="0"/>
</round>
</game>
<game gamecode="6489939919"><general><startdate>2025-09-27 14:27:03</startdate>
<round>1</round>
<failsafecounter/>
<players><player seat="10" name="xiuder0nn17" chips="525" dealer="0" win="95" bet="525" muck="1" rebuy="0" addon="0" merge="0" rebuychips="0" reg_code="5062439494"/>
<player seat="3" name="Rakki" chips="575" dealer="1" win="0" bet="5" muck="1" rebuy="0" addon="0" merge="0" rebuychips="0" reg_code="5062439457"/>
<player seat="6" name="fghgfd" chips="400" dealer="0" win="0" bet="45" muck="1" rebuy="0" addon="0" merge="0" rebuychips="0" reg_code="5062439492"/>
</players>
</general>
<round no="0"><action no="1" player="fghgfd" type="15" discard="1" dealt="1" sum="5"/>
<action no="2" player="xiuder0nn17" type="15" discard="1" dealt="1" sum="5"/>
<action no="3" player="Rakki" type="15" sum="5"/>
<action no="4" player="fghgfd" type="1" discard="1" dealt="1" sum="20"/>
<action no="5" player="xiuder0nn17" type="2" discard="1" dealt="1" sum="40"/>
</round>
<round no="1"><cards type="Pocket" player="Rakki">C9 D5</cards>
<cards type="Pocket" player="fghgfd">X X</cards>
<cards type="Pocket" player="xiuder0nn17">X X</cards>
<action no="6" player="Rakki" type="0" sum="0"/>
<action no="7" player="fghgfd" type="3" discard="1" dealt="1" sum="20"/>
<action no="8" player="xiuder0nn17" type="23" discard="1" dealt="1" sum="520"/>
<action no="9" player="fghgfd" type="0" discard="1" dealt="1" sum="0"/>
</round>
</game>
<game gamecode="6489940054"><general><startdate>2025-09-27 14:27:32</startdate>
<round>1</round>
<failsafecounter/>
<players><player seat="3" name="Rakki" chips="570" dealer="0" win="95" bet="85" muck="1" rebuy="0" addon="0" merge="0" rebuychips="0" reg_code="5062439457"/>
<player seat="6" name="fghgfd" chips="355" dealer="1" win="0" bet="5" muck="1" rebuy="0" addon="0" merge="0" rebuychips="0" reg_code="5062439492"/>
<player seat="10" name="xiuder0nn17" chips="575" dealer="0" win="0" bet="45" muck="1" rebuy="0" addon="0" merge="0" rebuychips="0" reg_code="5062439494"/>
</players>
</general>
<round no="0"><action no="1" player="xiuder0nn17" type="15" discard="1" dealt="1" sum="5"/>
<action no="2" player="Rakki" type="15" sum="5"/>
<action no="3" player="fghgfd" type="15" discard="1" dealt="1" sum="5"/>
<action no="4" player="xiuder0nn17" type="1" discard="1" dealt="1" sum="20"/>
<action no="5" player="Rakki" type="2" sum="40"/>
</round>
<round no="1"><cards type="Pocket" player="xiuder0nn17">X X</cards>
<cards type="Pocket" player="fghgfd">X X</cards>
<cards type="Pocket" player="Rakki">H4 HQ</cards>
<action no="6" player="fghgfd" type="0" discard="1" dealt="1" sum="0"/>
<action no="7" player="xiuder0nn17" type="3" discard="1" dealt="1" sum="20"/>
<action no="8" player="Rakki" type="4" sum="0"/>
</round>
<round no="2"><cards type="Flop">S4 C8 C4</cards>
<action no="9" player="xiuder0nn17" type="4" discard="1" dealt="1" sum="0"/>
<action no="10" player="Rakki" type="5" sum="40"/>
<action no="11" player="xiuder0nn17" type="0" discard="1" dealt="1" sum="0"/>
</round>
</game>
<game gamecode="6489940146"><general><startdate>2025-09-27 14:27:53</startdate>
<round>1</round>
<failsafecounter/>
<players><player seat="6" name="fghgfd" chips="350" dealer="0" win="0" bet="45" muck="1" rebuy="0" addon="0" merge="0" rebuychips="0" reg_code="5062439492"/>
<player seat="10" name="xiuder0nn17" chips="530" dealer="1" win="0" bet="5" muck="1" rebuy="0" addon="0" merge="0" rebuychips="0" reg_code="5062439494"/>
<player seat="3" name="Rakki" chips="620" dealer="0" win="95" bet="620" muck="1" rebuy="0" addon="0" merge="0" rebuychips="0" reg_code="5062439457"/>
</players>
</general>
<round no="0"><action no="1" player="Rakki" type="15" sum="5"/>
<action no="2" player="fghgfd" type="15" discard="1" dealt="1" sum="5"/>
<action no="3" player="xiuder0nn17" type="15" discard="1" dealt="1" sum="5"/>
<action no="4" player="Rakki" type="1" sum="20"/>
<action no="5" player="fghgfd" type="2" discard="1" dealt="1" sum="40"/>
</round>
<round no="1"><cards type="Pocket" player="fghgfd">X X</cards>
<cards type="Pocket" player="xiuder0nn17">X X</cards>
<cards type="Pocket" player="Rakki">CQ C8</cards>
<action no="6" player="xiuder0nn17" type="0" discard="1" dealt="1" sum="0"/>
<action no="7" player="Rakki" type="23" sum="615"/>
<action no="8" player="fghgfd" type="0" discard="1" dealt="1" sum="0"/>
</round>
</game>
<game gamecode="6489940197"><general><startdate>2025-09-27 14:28:04</startdate>
<round>1</round>
<failsafecounter/>
<players><player seat="10" name="xiuder0nn17" chips="525" dealer="0" win="55" bet="45" muck="1" rebuy="0" addon="0" merge="0" rebuychips="0" reg_code="5062439494"/>
<player seat="3" name="Rakki" chips="670" dealer="1" win="0" bet="5" muck="1" rebuy="0" addon="0" merge="0" rebuychips="0" reg_code="5062439457"/>
<player seat="6" name="fghgfd" chips="305" dealer="0" win="0" bet="25" muck="1" rebuy="0" addon="0" merge="0" rebuychips="0" reg_code="5062439492"/>
</players>
</general>
<round no="0"><action no="1" player="fghgfd" type="15" discard="1" dealt="1" sum="5"/>
<action no="2" player="xiuder0nn17" type="15" discard="1" dealt="1" sum="5"/>
<action no="3" player="Rakki" type="15" sum="5"/>
<action no="4" player="fghgfd" type="1" discard="1" dealt="1" sum="20"/>
<action no="5" player="xiuder0nn17" type="2" discard="1" dealt="1" sum="40"/>
</round>
<round no="1"><cards type="Pocket" player="Rakki">S2 C6</cards>
<cards type="Pocket" player="fghgfd">X X</cards>
<cards type="Pocket" player="xiuder0nn17">X X</cards>
<action no="6" player="Rakki" type="0" sum="0"/>
<action no="7" player="fghgfd" type="0" discard="1" dealt="1" sum="0"/>
</round>
</game>
<game gamecode="6489940235"><general><startdate>2025-09-27 14:28:11</startdate>
<round>1</round>
<failsafecounter/>
<players><player seat="3" name="Rakki" chips="665" dealer="0" win="115" bet="45" muck="0" rebuy="0" addon="0" merge="0" rebuychips="0" reg_code="5062439457"/>
<player seat="6" name="fghgfd" chips="280" dealer="1" win="0" bet="45" muck="1" rebuy="0" addon="0" merge="0" rebuychips="0" reg_code="5062439492"/>
<player seat="10" name="xiuder0nn17" chips="555" dealer="0" win="0" bet="25" muck="1" rebuy="0" addon="0" merge="0" rebuychips="0" reg_code="5062439494"/>
</players>
</general>
<round no="0"><action no="1" player="xiuder0nn17" type="15" discard="1" dealt="1" sum="5"/>
<action no="2" player="Rakki" type="15" sum="5"/>
<action no="3" player="fghgfd" type="15" discard="1" dealt="1" sum="5"/>
<action no="4" player="xiuder0nn17" type="1" discard="1" dealt="1" sum="20"/>
<action no="5" player="Rakki" type="2" sum="40"/>
</round>
<round no="1"><cards type="Pocket" player="Rakki">SQ S2</cards>
<cards type="Pocket" player="xiuder0nn17">X X</cards>
<cards type="Pocket" player="fghgfd">S6 C5</cards>
<action no="6" player="fghgfd" type="3" discard="1" dealt="1" sum="40"/>
<action no="7" player="xiuder0nn17" type="0" discard="1" dealt="1" sum="0"/>
<action no="8" player="Rakki" type="4" sum="0"/>
</round>
<round no="2"><cards type="Flop">H10 DJ C10</cards>
<action no="9" player="Rakki" type="4" sum="0"/>
<action no="10" player="fghgfd" type="4" discard="1" dealt="1" sum="0"/>
</round>
<round no="3"><cards type="Turn">SJ</cards>
<action no="11" player="Rakki" type="4" sum="0"/>
<action no="12" player="fghgfd" type="4" discard="1" dealt="1" sum="0"/>
</round>
<round no="4"><cards type="River">D5</cards>
<action no="13" player="Rakki" type="4" sum="0"/>
<action no="14" player="fghgfd" type="4" discard="1" dealt="1" sum="0"/>
</round>
</game>
<game gamecode="6489940338"><general><startdate>2025-09-27 14:28:33</startdate>
<round>1</round>
<failsafecounter/>
<players><player seat="6" name="fghgfd" chips="235" dealer="0" win="0" bet="65" muck="1" rebuy="0" addon="0" merge="0" rebuychips="0" reg_code="5062439492"/>
<player seat="10" name="xiuder0nn17" chips="530" dealer="1" win="0" bet="5" muck="1" rebuy="0" addon="0" merge="0" rebuychips="0" reg_code="5062439494"/>
<player seat="3" name="Rakki" chips="735" dealer="0" win="135" bet="735" muck="1" rebuy="0" addon="0" merge="0" rebuychips="0" reg_code="5062439457"/>
</players>
</general>
<round no="0"><action no="1" player="Rakki" type="15" sum="5"/>
<action no="2" player="fghgfd" type="15" discard="1" dealt="1" sum="5"/>
<action no="3" player="xiuder0nn17" type="15" discard="1" dealt="1" sum="5"/>
<action no="4" player="Rakki" type="1" sum="30"/>
<action no="5" player="fghgfd" type="2" discard="1" dealt="1" sum="60"/>
</round>
<round no="1"><cards type="Pocket" player="fghgfd">X X</cards>
<cards type="Pocket" player="Rakki">SQ C6</cards>
<cards type="Pocket" player="xiuder0nn17">X X</cards>
<action no="6" player="xiuder0nn17" type="0" discard="1" dealt="1" sum="0"/>
<action no="7" player="Rakki" type="23" sum="730"/>
<action no="8" player="fghgfd" type="0" discard="1" dealt="1" sum="0"/>
</round>
</game>
<game gamecode="6489940381"><general><startdate>2025-09-27 14:28:42</startdate>
<round>1</round>
<failsafecounter/>
<players><player seat="10" name="xiuder0nn17" chips="525" dealer="0" win="75" bet="65" muck="1" rebuy="0" addon="0" merge="0" rebuychips="0" reg_code="5062439494"/>
<player seat="3" name="Rakki" chips="805" dealer="1" win="0" bet="5" muck="1" rebuy="0" addon="0" merge="0" rebuychips="0" reg_code="5062439457"/>
<player seat="6" name="fghgfd" chips="170" dealer="0" win="0" bet="35" muck="1" rebuy="0" addon="0" merge="0" rebuychips="0" reg_code="5062439492"/>
</players>
</general>
<round no="0"><action no="1" player="fghgfd" type="15" discard="1" dealt="1" sum="5"/>
<action no="2" player="xiuder0nn17" type="15" discard="1" dealt="1" sum="5"/>
<action no="3" player="Rakki" type="15" sum="5"/>
<action no="4" player="fghgfd" type="1" discard="1" dealt="1" sum="30"/>
<action no="5" player="xiuder0nn17" type="2" discard="1" dealt="1" sum="60"/>
</round>
<round no="1"><cards type="Pocket" player="Rakki">D5 H10</cards>
<cards type="Pocket" player="xiuder0nn17">X X</cards>
<cards type="Pocket" player="fghgfd">X X</cards>
<action no="6" player="Rakki" type="0" sum="0"/>
<action no="7" player="fghgfd" type="0" discard="1" dealt="1" sum="0"/>
</round>
</game>
<game gamecode="6489940427"><general><startdate>2025-09-27 14:28:50</startdate>
<round>1</round>
<failsafecounter/>
<players><player seat="3" name="Rakki" chips="800" dealer="0" win="153" bet="135" muck="0" rebuy="0" addon="0" merge="0" rebuychips="0" reg_code="5062439457"/>
<player seat="6" name="fghgfd" chips="135" dealer="1" win="152" bet="135" muck="0" rebuy="0" addon="0" merge="0" rebuychips="0" reg_code="5062439492"/>
<player seat="10" name="xiuder0nn17" chips="565" dealer="0" win="0" bet="35" muck="1" rebuy="0" addon="0" merge="0" rebuychips="0" reg_code="5062439494"/>
</players>
</general>
<round no="0"><action no="1" player="xiuder0nn17" type="15" discard="1" dealt="1" sum="5"/>
<action no="2" player="Rakki" type="15" sum="5"/>
<action no="3" player="fghgfd" type="15" discard="1" dealt="1" sum="5"/>
<action no="4" player="xiuder0nn17" type="1" discard="1" dealt="1" sum="30"/>
<action no="5" player="Rakki" type="2" sum="60"/>
</round>
<round no="1"><cards type="Pocket" player="xiuder0nn17">X X</cards>
<cards type="Pocket" player="fghgfd">D7 H6</cards>
<cards type="Pocket" player="Rakki">C9 D6</cards>
<action no="6" player="fghgfd" type="23" discard="1" dealt="1" sum="130"/>
<action no="7" player="xiuder0nn17" type="0" discard="1" dealt="1" sum="0"/>
<action no="8" player="Rakki" type="3" sum="70"/>
</round>
<round no="2"><cards type="Flop">S6 S4 HA</cards>
</round>
<round no="3"><cards type="Turn">C10</cards>
</round>
<round no="4"><cards type="River">C4</cards>
</round>
</game>
<game gamecode="6489940520"><general><startdate>2025-09-27 14:29:10</startdate>
<round>1</round>
<failsafecounter/>
<players><player seat="6" name="fghgfd" chips="152" dealer="0" win="309" bet="152" muck="0" rebuy="0" addon="0" merge="0" rebuychips="0" reg_code="5062439492"/>
<player seat="10" name="xiuder0nn17" chips="530" dealer="1" win="0" bet="5" muck="1" rebuy="0" addon="0" merge="0" rebuychips="0" reg_code="5062439494"/>
<player seat="3" name="Rakki" chips="818" dealer="0" win="0" bet="818" muck="0" rebuy="0" addon="0" merge="0" rebuychips="0" reg_code="5062439457"/>
</players>
</general>
<round no="0"><action no="1" player="Rakki" type="15" sum="5"/>
<action no="2" player="fghgfd" type="15" discard="1" dealt="1" sum="5"/>
<action no="3" player="xiuder0nn17" type="15" discard="1" dealt="1" sum="5"/>
<action no="4" player="Rakki" type="1" sum="30"/>
<action no="5" player="fghgfd" type="2" discard="1" dealt="1" sum="60"/>
</round>
<round no="1"><cards type="Pocket" player="Rakki">C2 D4</cards>
<cards type="Pocket" player="xiuder0nn17">X X</cards>
<cards type="Pocket" player="fghgfd">H8 CA</cards>
<action no="6" player="xiuder0nn17" type="0" discard="1" dealt="1" sum="0"/>
<action no="7" player="Rakki" type="23" sum="813"/>
<action no="8" player="fghgfd" type="7" discard="1" dealt="1" sum="87"/>
</round>
<round no="2"><cards type="Flop">S6 HQ D7</cards>
</round>
<round no="3"><cards type="Turn">H9</cards>
</round>
<round no="4"><cards type="River">S9</cards>
</round>
</game>
<game gamecode="6489940612"><general><startdate>2025-09-27 14:29:29</startdate>
<round>1</round>
<failsafecounter/>
<players><player seat="10" name="xiuder0nn17" chips="525" dealer="0" win="0" bet="309" muck="1" rebuy="0" addon="0" merge="0" rebuychips="0" reg_code="5062439494"/>
<player seat="3" name="Rakki" chips="666" dealer="1" win="0" bet="5" muck="1" rebuy="0" addon="0" merge="0" rebuychips="0" reg_code="5062439457"/>
<player seat="6" name="fghgfd" chips="309" dealer="0" win="623" bet="309" muck="0" rebuy="0" addon="0" merge="0" rebuychips="0" reg_code="5062439492"/>
</players>
</general>
<round no="0"><action no="1" player="fghgfd" type="15" discard="1" dealt="1" sum="5"/>
<action no="2" player="xiuder0nn17" type="15" discard="1" dealt="1" sum="5"/>
<action no="3" player="Rakki" type="15" sum="5"/>
<action no="4" player="fghgfd" type="1" discard="1" dealt="1" sum="30"/>
<action no="5" player="xiuder0nn17" type="2" discard="1" dealt="1" sum="60"/>
</round>
<round no="1"><cards type="Pocket" player="fghgfd">HK S7</cards>
<cards type="Pocket" player="xiuder0nn17">H4 DK</cards>
<cards type="Pocket" player="Rakki">D7 C2</cards>
<action no="6" player="Rakki" type="0" sum="0"/>
<action no="7" player="fghgfd" type="23" discard="1" dealt="1" sum="304"/>
<action no="8" player="xiuder0nn17" type="3" discard="1" dealt="1" sum="244"/>
</round>
<round no="2"><cards type="Flop">S6 C6 C7</cards>
</round>
<round no="3"><cards type="Turn">D5</cards>
</round>
<round no="4"><cards type="River">DQ</cards>
</round>
</game>
<game gamecode="6489940698"><general><startdate>2025-09-27 14:29:48</startdate>
<round>1</round>
<failsafecounter/>
<players><player seat="3" name="Rakki" chips="661" dealer="0" win="437" bet="216" muck="0" rebuy="0" addon="0" merge="0" rebuychips="0" reg_code="5062439457"/>
<player seat="6" name="fghgfd" chips="623" dealer="1" win="0" bet="5" muck="1" rebuy="0" addon="0" merge="0" rebuychips="0" reg_code="5062439492"/>
<player seat="10" name="xiuder0nn17" chips="216" dealer="0" win="0" bet="216" muck="0" rebuy="0" addon="0" merge="0" rebuychips="0" reg_code="5062439494"/>
</players>
</general>
<round no="0"><action no="1" player="xiuder0nn17" type="15" discard="1" dealt="1" sum="5"/>
<action no="2" player="Rakki" type="15" sum="5"/>
<action no="3" player="fghgfd" type="15" discard="1" dealt="1" sum="5"/>
<action no="4" player="xiuder0nn17" type="1" discard="1" dealt="1" sum="30"/>
<action no="5" player="Rakki" type="2" sum="60"/>
</round>
<round no="1"><cards type="Pocket" player="xiuder0nn17">S8 CK</cards>
<cards type="Pocket" player="Rakki">CA CJ</cards>
<cards type="Pocket" player="fghgfd">X X</cards>
<action no="6" player="fghgfd" type="0" discard="1" dealt="1" sum="0"/>
<action no="7" player="xiuder0nn17" type="23" discard="1" dealt="1" sum="211"/>
<action no="8" player="Rakki" type="3" sum="151"/>
</round>
<round no="2"><cards type="Flop">D5 H6 H10</cards>
</round>
<round no="3"><cards type="Turn">C2</cards>
</round>
<round no="4"><cards type="River">C6</cards>
</round>
</game>
<game gamecode="6489940794"><general><startdate>2025-09-27 14:30:09</startdate>
<round>1</round>
<failsafecounter/>
<players><player seat="6" name="fghgfd" chips="618" dealer="0" win="1,236" bet="618" muck="0" rebuy="0" addon="0" merge="0" rebuychips="0" reg_code="5062439492"/>
<player seat="3" name="Rakki" chips="882" dealer="1" win="0" bet="882" muck="0" rebuy="0" addon="0" merge="0" rebuychips="0" reg_code="5062439457"/>
</players>
</general>
<round no="0"><action no="1" player="Rakki" type="15" sum="8"/>
<action no="2" player="fghgfd" type="15" discard="1" dealt="1" sum="8"/>
<action no="3" player="Rakki" type="1" sum="40"/>
<action no="4" player="fghgfd" type="2" discard="1" dealt="1" sum="80"/>
</round>
<round no="1"><cards type="Pocket" player="Rakki">HJ H6</cards>
<cards type="Pocket" player="fghgfd">SQ CJ</cards>
<action no="5" player="Rakki" type="23" sum="874"/>
<action no="6" player="fghgfd" type="7" discard="1" dealt="1" sum="530"/>
</round>
<round no="2"><cards type="Flop">S8 S4 H2</cards>
</round>
<round no="3"><cards type="Turn">C8</cards>
</round>
<round no="4"><cards type="River">D2</cards>
</round>
</game>
<game gamecode="6489940870"><general><startdate>2025-09-27 14:30:26</startdate>
<round>1</round>
<failsafecounter/>
<players><player seat="3" name="Rakki" chips="264" dealer="0" win="96" bet="88" muck="1" rebuy="0" addon="0" merge="0" rebuychips="0" reg_code="5062439457"/>
<player seat="6" name="fghgfd" chips="1,236" dealer="1" win="0" bet="48" muck="1" rebuy="0" addon="0" merge="0" rebuychips="0" reg_code="5062439492"/>
</players>
</general>
<round no="0"><action no="1" player="fghgfd" type="15" discard="1" dealt="1" sum="8"/>
<action no="2" player="Rakki" type="15" sum="8"/>
<action no="3" player="fghgfd" type="1" discard="1" dealt="1" sum="40"/>
<action no="4" player="Rakki" type="2" sum="80"/>
</round>
<round no="1"><cards type="Pocket" player="Rakki">S8 S9</cards>
<cards type="Pocket" player="fghgfd">X X</cards>
<action no="5" player="fghgfd" type="0" discard="1" dealt="1" sum="0"/>
</round>
</game>
<game gamecode="6489940910"><general><startdate>2025-09-27 14:30:34</startdate>
<round>1</round>
<failsafecounter/>
<players><player seat="6" name="fghgfd" chips="1,188" dealer="0" win="624" bet="312" muck="0" rebuy="0" addon="0" merge="0" rebuychips="0" reg_code="5062439492"/>
<player seat="3" name="Rakki" chips="312" dealer="1" win="0" bet="312" muck="0" rebuy="0" addon="0" merge="0" rebuychips="0" reg_code="5062439457"/>
</players>
</general>
<round no="0"><action no="1" player="Rakki" type="15" sum="8"/>
<action no="2" player="fghgfd" type="15" discard="1" dealt="1" sum="8"/>
<action no="3" player="Rakki" type="1" sum="40"/>
<action no="4" player="fghgfd" type="2" discard="1" dealt="1" sum="80"/>
</round>
<round no="1"><cards type="Pocket" player="fghgfd">HQ H5</cards>
<cards type="Pocket" player="Rakki">CJ C8</cards>
<action no="5" player="Rakki" type="23" sum="304"/>
<action no="6" player="fghgfd" type="3" discard="1" dealt="1" sum="224"/>
</round>
<round no="2"><cards type="Flop">C3 DQ S10</cards>
</round>
<round no="3"><cards type="Turn">SJ</cards>
</round>
<round no="4"><cards type="River">D7</cards>
</round>
</game>
</session>
