<?xml version="1.0" encoding="UTF-8"?>
<session sessioncode="5062439456">
<general>
<client_version>25.1.1.16</client_version>
<mode>real</mode>
<gametype>Holdem NL</gametype>
<tablename>Twister €50 SNG, 818564604</tablename>
<tournamentcode>818564603</tournamentcode>
<tournamentname>Twister €50 SNG</tournamentname>
<buyin>€0 + €3.50 + €46.50</buyin>
<totalbuyin>€50</totalbuyin>
<rewarddrawn>€150</rewarddrawn>
<tournamentcurrency>EUR</tournamentcurrency>
<currency>EUR</currency>
<nickname>Rakki</nickname>
<gamecount>24</gamecount>
<startdate>2025-09-27 14:23:08</startdate>
<place>1</place>
<win>€150</win>
<tablesize>3</tablesize>
</general>
<game gamecode="6489931122"><general><startdate>2025-09-27 14:23:23</startdate>
<round>1</round>
<failsafecounter/>
<players><player seat="3" name="Rakki" chips="500" dealer="0" win="50" bet="70" muck="1" rebuy="0" addon="0" merge="0" rebuychips="0" reg_code="5062439456"/>
<player seat="6" name="DiCorvaglia" chips="500" dealer="1" win="0" bet="20" muck="1" rebuy="0" addon="0" merge="0" rebuychips="0" reg_code="5062439477"/>
<player seat="10" name="xiuder0nn17" chips="500" dealer="0" win="0" bet="10" muck="1" rebuy="0" addon="0" merge="0" rebuychips="0" reg_code="5062439489"/>
</players>
</general>
<round no="0"><action no="1" player="xiuder0nn17" type="1" discard="1" dealt="1" sum="10"/>
<action no="2" player="Rakki" type="2" sum="20"/>
</round>
<round no="1"><cards type="Pocket" player="Rakki">H8 H5</cards>
<cards type="Pocket" player="DiCorvaglia">X X</cards>
<cards type="Pocket" player="xiuder0nn17">X X</cards>
<action no="3" player="DiCorvaglia" type="3" discard="1" dealt="1" sum="20"/>
<action no="4" player="xiuder0nn17" type="0" discard="1" dealt="1" sum="0"/>
<action no="5" player="Rakki" type="4" sum="0"/>
</round>
<round no="2"><cards type="Flop">DK SK S5</cards>
<action no="6" player="Rakki" type="4" sum="0"/>
<action no="7" player="DiCorvaglia" type="4" discard="1" dealt="1" sum="0"/>
</round>
<round no="3"><cards type="Turn">S2</cards>
<action no="8" player="Rakki" type="5" sum="50"/>
<action no="9" player="DiCorvaglia" type="0" discard="1" dealt="1" sum="0"/>
</round>
</game>
<game gamecode="6489931166"><general><startdate>2025-09-27 14:23:39</startdate>
<round>1</round>
<failsafecounter/>
<players><player seat="6" name="DiCorvaglia" chips="480" dealer="0" win="0" bet="20" muck="1" rebuy="0" addon="0" merge="0" rebuychips="0" reg_code="5062439477"/>
<player seat="10" name="xiuder0nn17" chips="490" dealer="1" win="0" bet="0" muck="1" rebuy="0" addon="0" merge="0" rebuychips="0" reg_code="5062439489"/>
<player seat="3" name="Rakki" chips="530" dealer="0" win="40" bet="40" muck="1" rebuy="0" addon="0" merge="0" rebuychips="0" reg_code="5062439456"/>
</players>
</general>
<round no="0"><action no="1" player="Rakki" type="1" sum="10"/>
<action no="2" player="DiCorvaglia" type="2" discard="1" dealt="1" sum="20"/>
</round>
<round no="1"><cards type="Pocket" player="Rakki">S5 S9</cards>
<cards type="Pocket" player="xiuder0nn17">X X</cards>
<cards type="Pocket" player="DiCorvaglia">X X</cards>
<action no="3" player="xiuder0nn17" type="0" discard="1" dealt="1" sum="0"/>
<action no="4" player="Rakki" type="3" sum="10"/>
<action no="5" player="DiCorvaglia" type="4" discard="1" dealt="1" sum="0"/>
</round>
<round no="2"><cards type="Flop">C6 D4 S4</cards>
<action no="6" player="Rakki" type="4" sum="0"/>
<action no="7" player="DiCorvaglia" type="4" discard="1" dealt="1" sum="0"/>
</round>
<round no="3"><cards type="Turn">HQ</cards>
<action no="8" player="Rakki" type="5" sum="20"/>
<action no="9" player="DiCorvaglia" type="0" discard="1" dealt="1" sum="0"/>
</round>
</game>
<game gamecode="6489931229"><general><startdate>2025-09-27 14:24:02</startdate>
<round>1</round>
<failsafecounter/>
<players><player seat="10" name="xiuder0nn17" chips="490" dealer="0" win="120" bet="490" muck="1" rebuy="0" addon="0" merge="0" rebuychips="0" reg_code="5062439489"/>
<player seat="3" name="Rakki" chips="550" dealer="1" win="0" bet="40" muck="1" rebuy="0" addon="0" merge="0" rebuychips="0" reg_code="5062439456"/>
<player seat="6" name="DiCorvaglia" chips="460" dealer="0" win="0" bet="40" muck="1" rebuy="0" addon="0" merge="0" rebuychips="0" reg_code="5062439477"/>
</players>
</general>
<round no="0"><action no="1" player="DiCorvaglia" type="1" discard="1" dealt="1" sum="10"/>
<action no="2" player="xiuder0nn17" type="2" discard="1" dealt="1" sum="20"/>
</round>
<round no="1"><cards type="Pocket" player="DiCorvaglia">X X</cards>
<cards type="Pocket" player="Rakki">C10 C8</cards>
<cards type="Pocket" player="xiuder0nn17">X X</cards>
<action no="3" player="Rakki" type="23" sum="40"/>
<action no="4" player="DiCorvaglia" type="3" discard="1" dealt="1" sum="30"/>
<action no="5" player="xiuder0nn17" type="23" discard="1" dealt="1" sum="490"/>
<action no="6" player="Rakki" type="0" sum="0"/>
<action no="7" player="DiCorvaglia" type="0" discard="1" dealt="1" sum="0"/>
</round>
</game>
<game gamecode="6489931260"><general><startdate>2025-09-27 14:24:13</startdate>
<round>1</round>
<failsafecounter/>
<players><player seat="3" name="Rakki" chips="510" dealer="0" win="360" bet="170" muck="0" rebuy="0" addon="0" merge="0" rebuychips="0" reg_code="5062439456"/>
<player seat="6" name="DiCorvaglia" chips="420" dealer="1" win="0" bet="170" muck="1" rebuy="0" addon="0" merge="0" rebuychips="0" reg_code="5062439477"/>
<player seat="10" name="xiuder0nn17" chips="570" dealer="0" win="0" bet="20" muck="1" rebuy="0" addon="0" merge="0" rebuychips="0" reg_code="5062439489"/>
</players>
</general>
<round no="0"><action no="1" player="xiuder0nn17" type="1" discard="1" dealt="1" sum="10"/>
<action no="2" player="Rakki" type="2" sum="20"/>
</round>
<round no="1"><cards type="Pocket" player="Rakki">D5 HA</cards>
<cards type="Pocket" player="DiCorvaglia">HQ H4</cards>
<cards type="Pocket" player="xiuder0nn17">X X</cards>
<action no="3" player="DiCorvaglia" type="3" discard="1" dealt="1" sum="20"/>
<action no="4" player="xiuder0nn17" type="3" discard="1" dealt="1" sum="10"/>
<action no="5" player="Rakki" type="4" sum="0"/>
</round>
<round no="2"><cards type="Flop">CJ CA DQ</cards>
<action no="6" player="xiuder0nn17" type="4" discard="1" dealt="1" sum="0"/>
<action no="7" player="Rakki" type="4" sum="0"/>
<action no="8" player="DiCorvaglia" type="5" discard="1" dealt="1" sum="60"/>
<action no="9" player="xiuder0nn17" type="0" discard="1" dealt="1" sum="0"/>
<action no="10" player="Rakki" type="3" sum="60"/>
</round>
<round no="3"><cards type="Turn">H7</cards>
<action no="11" player="Rakki" type="4" sum="0"/>
<action no="12" player="DiCorvaglia" type="4" discard="1" dealt="1" sum="0"/>
</round>
<round no="4"><cards type="River">C6</cards>
<action no="13" player="Rakki" type="5" sum="90"/>
<action no="14" player="DiCorvaglia" type="3" discard="1" dealt="1" sum="90"/>
</round>
</game>
<game gamecode="6489931339"><general><startdate>2025-09-27 14:24:39</startdate>
<round>1</round>
<failsafecounter/>
<players><player seat="6" name="DiCorvaglia" chips="250" dealer="0" win="0" bet="40" muck="1" rebuy="0" addon="0" merge="0" rebuychips="0" reg_code="5062439477"/>
<player seat="10" name="xiuder0nn17" chips="550" dealer="1" win="90" bet="62" muck="1" rebuy="0" addon="0" merge="0" rebuychips="0" reg_code="5062439489"/>
<player seat="3" name="Rakki" chips="700" dealer="0" win="0" bet="10" muck="1" rebuy="0" addon="0" merge="0" rebuychips="0" reg_code="5062439456"/>
</players>
</general>
<round no="0"><action no="1" player="Rakki" type="1" sum="10"/>
<action no="2" player="DiCorvaglia" type="2" discard="1" dealt="1" sum="20"/>
</round>
<round no="1"><cards type="Pocket" player="Rakki">C7 H10</cards>
<cards type="Pocket" player="DiCorvaglia">X X</cards>
<cards type="Pocket" player="xiuder0nn17">X X</cards>
<action no="3" player="xiuder0nn17" type="23" discard="1" dealt="1" sum="40"/>
<action no="4" player="Rakki" type="0" sum="0"/>
<action no="5" player="DiCorvaglia" type="3" discard="1" dealt="1" sum="20"/>
</round>
<round no="2"><cards type="Flop">S7 DJ S3</cards>
<action no="6" player="DiCorvaglia" type="4" discard="1" dealt="1" sum="0"/>
<action no="7" player="xiuder0nn17" type="5" discard="1" dealt="1" sum="22"/>
<action no="8" player="DiCorvaglia" type="0" discard="1" dealt="1" sum="0"/>
</round>
</game>
<game gamecode="6489931393"><general><startdate>2025-09-27 14:24:54</startdate>
<round>1</round>
<failsafecounter/>
<players><player seat="10" name="xiuder0nn17" chips="600" dealer="0" win="420" bet="600" muck="0" rebuy="0" addon="0" merge="0" rebuychips="0" reg_code="5062439489"/>
<player seat="3" name="Rakki" chips="690" dealer="1" win="0" bet="0" muck="1" rebuy="0" addon="0" merge="0" rebuychips="0" reg_code="5062439456"/>
<player seat="6" name="DiCorvaglia" chips="210" dealer="0" win="0" bet="210" muck="1" rebuy="0" addon="0" merge="0" rebuychips="0" reg_code="5062439477"/>
</players>
</general>
<round no="0"><action no="1" player="DiCorvaglia" type="1" discard="1" dealt="1" sum="10"/>
<action no="2" player="xiuder0nn17" type="2" discard="1" dealt="1" sum="20"/>
</round>
<round no="1"><cards type="Pocket" player="xiuder0nn17">D6 H6</cards>
<cards type="Pocket" player="Rakki">D10 D4</cards>
<cards type="Pocket" player="DiCorvaglia">CJ CQ</cards>
<action no="3" player="Rakki" type="0" sum="0"/>
<action no="4" player="DiCorvaglia" type="23" discard="1" dealt="1" sum="80"/>
<action no="5" player="xiuder0nn17" type="23" discard="1" dealt="1" sum="600"/>
<action no="6" player="DiCorvaglia" type="7" discard="1" dealt="1" sum="130"/>
</round>
<round no="2"><cards type="Flop">C10 S2 C3</cards>
</round>
<round no="3"><cards type="Turn">H3</cards>
</round>
<round no="4"><cards type="River">H10</cards>
</round>
</game>
<game gamecode="6489931463"><general><startdate>2025-09-27 14:25:14</startdate>
<round>1</round>
<failsafecounter/>
<players><player seat="3" name="Rakki" chips="690" dealer="0" win="40" bet="35" muck="1" rebuy="0" addon="0" merge="0" rebuychips="0" reg_code="5062439456"/>
<player seat="10" name="xiuder0nn17" chips="810" dealer="1" win="0" bet="20" muck="1" rebuy="0" addon="0" merge="0" rebuychips="0" reg_code="5062439489"/>
</players>
</general>
<round no="0"><action no="1" player="xiuder0nn17" type="15" discard="1" dealt="1" sum="5"/>
<action no="2" player="Rakki" type="15" sum="5"/>
<action no="3" player="xiuder0nn17" type="1" discard="1" dealt="1" sum="15"/>
<action no="4" player="Rakki" type="2" sum="30"/>
</round>
<round no="1"><cards type="Pocket" player="xiuder0nn17">X X</cards>
<cards type="Pocket" player="Rakki">H8 CA</cards>
<action no="5" player="xiuder0nn17" type="0" discard="1" dealt="1" sum="0"/>
</round>
</game>
<game gamecode="6489931480"><general><startdate>2025-09-27 14:25:19</startdate>
<round>1</round>
<failsafecounter/>
<players><player seat="10" name="xiuder0nn17" chips="790" dealer="0" win="0" bet="65" muck="1" rebuy="0" addon="0" merge="0" rebuychips="0" reg_code="5062439489"/>
<player seat="3" name="Rakki" chips="710" dealer="1" win="130" bet="130" muck="1" rebuy="0" addon="0" merge="0" rebuychips="0" reg_code="5062439456"/>
</players>
</general>
<round no="0"><action no="1" player="Rakki" type="15" sum="5"/>
<action no="2" player="xiuder0nn17" type="15" discard="1" dealt="1" sum="5"/>
<action no="3" player="Rakki" type="1" sum="15"/>
<action no="4" player="xiuder0nn17" type="2" discard="1" dealt="1" sum="30"/>
</round>
<round no="1"><cards type="Pocket" player="xiuder0nn17">X X</cards>
<cards type="Pocket" player="Rakki">D10 SJ</cards>
<action no="5" player="Rakki" type="23" sum="60"/>
<action no="6" player="xiuder0nn17" type="3" discard="1" dealt="1" sum="30"/>
</round>
<round no="2"><cards type="Flop">C5 D8 D3</cards>
<action no="7" player="xiuder0nn17" type="4" discard="1" dealt="1" sum="0"/>
<action no="8" player="Rakki" type="5" sum="65"/>
<action no="9" player="xiuder0nn17" type="0" discard="1" dealt="1" sum="0"/>
</round>
</game>
<game gamecode="6489931533"><general><startdate>2025-09-27 14:25:36</startdate>
<round>1</round>
<failsafecounter/>
<players><player seat="3" name="Rakki" chips="775" dealer="0" win="0" bet="35" muck="1" rebuy="0" addon="0" merge="0" rebuychips="0" reg_code="5062439456"/>
<player seat="10" name="xiuder0nn17" chips="725" dealer="1" win="70" bet="125" muck="1" rebuy="0" addon="0" merge="0" rebuychips="0" reg_code="5062439489"/>
</players>
</general>
<round no="0"><action no="1" player="xiuder0nn17" type="15" discard="1" dealt="1" sum="5"/>
<action no="2" player="Rakki" type="15" sum="5"/>
<action no="3" player="xiuder0nn17" type="1" discard="1" dealt="1" sum="15"/>
<action no="4" player="Rakki" type="2" sum="30"/>
</round>
<round no="1"><cards type="Pocket" player="Rakki">D7 S4</cards>
<cards type="Pocket" player="xiuder0nn17">X X</cards>
<action no="5" player="xiuder0nn17" type="3" discard="1" dealt="1" sum="15"/>
<action no="6" player="Rakki" type="4" sum="0"/>
</round>
<round no="2"><cards type="Flop">C5 S9 HQ</cards>
<action no="7" player="Rakki" type="4" sum="0"/>
<action no="8" player="xiuder0nn17" type="4" discard="1" dealt="1" sum="0"/>
</round>
<round no="3"><cards type="Turn">D5</cards>
<action no="9" player="Rakki" type="4" sum="0"/>
<action no="10" player="xiuder0nn17" type="5" discard="1" dealt="1" sum="90"/>
<action no="11" player="Rakki" type="0" sum="0"/>
</round>
</game>
<game gamecode="6489931600"><general><startdate>2025-09-27 14:26:04</startdate>
<round>1</round>
<failsafecounter/>
<players><player seat="10" name="xiuder0nn17" chips="760" dealer="0" win="0" bet="65" muck="1" rebuy="0" addon="0" merge="0" rebuychips="0" reg_code="5062439489"/>
<player seat="3" name="Rakki" chips="740" dealer="1" win="130" bet="130" muck="1" rebuy="0" addon="0" merge="0" rebuychips="0" reg_code="5062439456"/>
</players>
</general>
<round no="0"><action no="1" player="Rakki" type="15" sum="5"/>
<action no="2" player="xiuder0nn17" type="15" discard="1" dealt="1" sum="5"/>
<action no="3" player="Rakki" type="1" sum="15"/>
<action no="4" player="xiuder0nn17" type="2" discard="1" dealt="1" sum="30"/>
</round>
<round no="1"><cards type="Pocket" player="xiuder0nn17">X X</cards>
<cards type="Pocket" player="Rakki">HA HJ</cards>
<action no="5" player="Rakki" type="23" sum="60"/>
<action no="6" player="xiuder0nn17" type="3" discard="1" dealt="1" sum="30"/>
</round>
<round no="2"><cards type="Flop">SA DQ D4</cards>
<action no="7" player="xiuder0nn17" type="4" discard="1" dealt="1" sum="0"/>
<action no="8" player="Rakki" type="5" sum="65"/>
<action no="9" player="xiuder0nn17" type="0" discard="1" dealt="1" sum="0"/>
</round>
</game>
<game gamecode="6489931655"><general><startdate>2025-09-27 14:26:25</startdate>
<round>1</round>
<failsafecounter/>
<players><player seat="3" name="Rakki" chips="805" dealer="0" win="70" bet="95" muck="1" rebuy="0" addon="0" merge="0" rebuychips="0" reg_code="5062439456"/>
<player seat="10" name="xiuder0nn17" chips="695" dealer="1" win="0" bet="35" muck="1" rebuy="0" addon="0" merge="0" rebuychips="0" reg_code="5062439489"/>
</players>
</general>
<round no="0"><action no="1" player="xiuder0nn17" type="15" discard="1" dealt="1" sum="5"/>
<action no="2" player="Rakki" type="15" sum="5"/>
<action no="3" player="xiuder0nn17" type="1" discard="1" dealt="1" sum="15"/>
<action no="4" player="Rakki" type="2" sum="30"/>
</round>
<round no="1"><cards type="Pocket" player="xiuder0nn17">X X</cards>
<cards type="Pocket" player="Rakki">SQ CJ</cards>
<action no="5" player="xiuder0nn17" type="3" discard="1" dealt="1" sum="15"/>
<action no="6" player="Rakki" type="23" sum="90"/>
<action no="7" player="xiuder0nn17" type="0" discard="1" dealt="1" sum="0"/>
</round>
</game>
<game gamecode="6489931684"><general><startdate>2025-09-27 14:26:35</startdate>
<round>1</round>
<failsafecounter/>
<players><player seat="10" name="xiuder0nn17" chips="660" dealer="0" win="0" bet="35" muck="1" rebuy="0" addon="0" merge="0" rebuychips="0" reg_code="5062439489"/>
<player seat="3" name="Rakki" chips="840" dealer="1" win="70" bet="65" muck="1" rebuy="0" addon="0" merge="0" rebuychips="0" reg_code="5062439456"/>
</players>
</general>
<round no="0"><action no="1" player="Rakki" type="15" sum="5"/>
<action no="2" player="xiuder0nn17" type="15" discard="1" dealt="1" sum="5"/>
<action no="3" player="Rakki" type="1" sum="15"/>
<action no="4" player="xiuder0nn17" type="2" discard="1" dealt="1" sum="30"/>
</round>
<round no="1"><cards type="Pocket" player="Rakki">C8 SQ</cards>
<cards type="Pocket" player="xiuder0nn17">X X</cards>
<action no="5" player="Rakki" type="23" sum="60"/>
<action no="6" player="xiuder0nn17" type="0" discard="1" dealt="1" sum="0"/>
</round>
</game>
<game gamecode="6489937701"><general><startdate>2025-09-27 14:26:42</startdate>
<round>1</round>
<failsafecounter/>
<players><player seat="3" name="Rakki" chips="875" dealer="0" win="0" bet="150" muck="1" rebuy="0" addon="0" merge="0" rebuychips="0" reg_code="5062439456"/>
<player seat="10" name="xiuder0nn17" chips="625" dealer="1" win="300" bet="249" muck="1" rebuy="0" addon="0" merge="0" rebuychips="0" reg_code="5062439489"/>
</players>
</general>
<round no="0"><action no="1" player="xiuder0nn17" type="15" discard="1" dealt="1" sum="5"/>
<action no="2" player="Rakki" type="15" sum="5"/>
<action no="3" player="xiuder0nn17" type="1" discard="1" dealt="1" sum="20"/>
<action no="4" player="Rakki" type="2" sum="40"/>
</round>
<round no="1"><cards type="Pocket" player="Rakki">HQ S7</cards>
<cards type="Pocket" player="xiuder0nn17">X X</cards>
<action no="5" player="xiuder0nn17" type="3" discard="1" dealt="1" sum="20"/>
<action no="6" player="Rakki" type="4" sum="0"/>
</round>
<round no="2"><cards type="Flop">S5 D9 C2</cards>
<action no="7" player="Rakki" type="4" sum="0"/>
<action no="8" player="xiuder0nn17" type="5" discard="1" dealt="1" sum="40"/>
<action no="9" player="Rakki" type="23" sum="105"/>
<action no="10" player="xiuder0nn17" type="3" discard="1" dealt="1" sum="65"/>
</round>
<round no="3"><cards type="Turn">HK</cards>
<action no="11" player="Rakki" type="4" sum="0"/>
<action no="12" player="xiuder0nn17" type="5" discard="1" dealt="1" sum="99"/>
<action no="13" player="Rakki" type="0" sum="0"/>
</round>
</game>
<game gamecode="6489937780"><general><startdate>2025-09-27 14:27:09</startdate>
<round>1</round>
<failsafecounter/>
<players><player seat="10" name="xiuder0nn17" chips="775" dealer="0" win="90" bet="165" muck="1" rebuy="0" addon="0" merge="0" rebuychips="0" reg_code="5062439489"/>
<player seat="3" name="Rakki" chips="725" dealer="1" win="0" bet="45" muck="1" rebuy="0" addon="0" merge="0" rebuychips="0" reg_code="5062439456"/>
</players>
</general>
<round no="0"><action no="1" player="Rakki" type="15" sum="5"/>
<action no="2" player="xiuder0nn17" type="15" discard="1" dealt="1" sum="5"/>
<action no="3" player="Rakki" type="1" sum="20"/>
<action no="4" player="xiuder0nn17" type="2" discard="1" dealt="1" sum="40"/>
</round>
<round no="1"><cards type="Pocket" player="Rakki">S9 DK</cards>
<cards type="Pocket" player="xiuder0nn17">X X</cards>
<action no="5" player="Rakki" type="3" sum="20"/>
<action no="6" player="xiuder0nn17" type="4" discard="1" dealt="1" sum="0"/>
</round>
<round no="2"><cards type="Flop">C5 SJ HJ</cards>
<action no="7" player="xiuder0nn17" type="4" discard="1" dealt="1" sum="0"/>
<action no="8" player="Rakki" type="4" sum="0"/>
</round>
<round no="3"><cards type="Turn">H10</cards>
<action no="9" player="xiuder0nn17" type="5" discard="1" dealt="1" sum="120"/>
<action no="10" player="Rakki" type="0" sum="0"/>
</round>
</game>
<game gamecode="6489937855"><general><startdate>2025-09-27 14:27:37</startdate>
<round>1</round>
<failsafecounter/>
<players><player seat="3" name="Rakki" chips="680" dealer="0" win="270" bet="335" muck="1" rebuy="0" addon="0" merge="0" rebuychips="0" reg_code="5062439456"/>
<player seat="10" name="xiuder0nn17" chips="820" dealer="1" win="0" bet="135" muck="1" rebuy="0" addon="0" merge="0" rebuychips="0" reg_code="5062439489"/>
</players>
</general>
<round no="0"><action no="1" player="xiuder0nn17" type="15" discard="1" dealt="1" sum="5"/>
<action no="2" player="Rakki" type="15" sum="5"/>
<action no="3" player="xiuder0nn17" type="1" discard="1" dealt="1" sum="20"/>
<action no="4" player="Rakki" type="2" sum="40"/>
</round>
<round no="1"><cards type="Pocket" player="xiuder0nn17">X X</cards>
<cards type="Pocket" player="Rakki">C2 C9</cards>
<action no="5" player="xiuder0nn17" type="3" discard="1" dealt="1" sum="20"/>
<action no="6" player="Rakki" type="4" sum="0"/>
</round>
<round no="2"><cards type="Flop">D5 H8 D6</cards>
<action no="7" player="Rakki" type="4" sum="0"/>
<action no="8" player="xiuder0nn17" type="4" discard="1" dealt="1" sum="0"/>
</round>
<round no="3"><cards type="Turn">S7</cards>
<action no="9" player="Rakki" type="5" sum="90"/>
<action no="10" player="xiuder0nn17" type="3" discard="1" dealt="1" sum="90"/>
</round>
<round no="4"><cards type="River">CQ</cards>
<action no="11" player="Rakki" type="5" sum="200"/>
<action no="12" player="xiuder0nn17" type="0" discard="1" dealt="1" sum="0"/>
</round>
</game>
<game gamecode="6489937952"><general><startdate>2025-09-27 14:28:15</startdate>
<round>1</round>
<failsafecounter/>
<players><player seat="10" name="xiuder0nn17" chips="685" dealer="0" win="0" bet="45" muck="1" rebuy="0" addon="0" merge="0" rebuychips="0" reg_code="5062439489"/>
<player seat="3" name="Rakki" chips="815" dealer="1" win="90" bet="85" muck="1" rebuy="0" addon="0" merge="0" rebuychips="0" reg_code="5062439456"/>
</players>
</general>
<round no="0"><action no="1" player="Rakki" type="15" sum="5"/>
<action no="2" player="xiuder0nn17" type="15" discard="1" dealt="1" sum="5"/>
<action no="3" player="Rakki" type="1" sum="20"/>
<action no="4" player="xiuder0nn17" type="2" discard="1" dealt="1" sum="40"/>
</round>
<round no="1"><cards type="Pocket" player="xiuder0nn17">X X</cards>
<cards type="Pocket" player="Rakki">S7 D5</cards>
<action no="5" player="Rakki" type="3" sum="20"/>
<action no="6" player="xiuder0nn17" type="4" discard="1" dealt="1" sum="0"/>
</round>
<round no="2"><cards type="Flop">DK CA HA</cards>
<action no="7" player="xiuder0nn17" type="4" discard="1" dealt="1" sum="0"/>
<action no="8" player="Rakki" type="5" sum="40"/>
<action no="9" player="xiuder0nn17" type="0" discard="1" dealt="1" sum="0"/>
</round>
</game>
<game gamecode="6489937995"><general><startdate>2025-09-27 14:28:34</startdate>
<round>1</round>
<failsafecounter/>
<players><player seat="3" name="Rakki" chips="860" dealer="0" win="0" bet="65" muck="1" rebuy="0" addon="0" merge="0" rebuychips="0" reg_code="5062439456"/>
<player seat="10" name="xiuder0nn17" chips="640" dealer="1" win="130" bet="130" muck="1" rebuy="0" addon="0" merge="0" rebuychips="0" reg_code="5062439489"/>
</players>
</general>
<round no="0"><action no="1" player="xiuder0nn17" type="15" discard="1" dealt="1" sum="5"/>
<action no="2" player="Rakki" type="15" sum="5"/>
<action no="3" player="xiuder0nn17" type="1" discard="1" dealt="1" sum="30"/>
<action no="4" player="Rakki" type="2" sum="60"/>
</round>
<round no="1"><cards type="Pocket" player="xiuder0nn17">X X</cards>
<cards type="Pocket" player="Rakki">C2 H6</cards>
<action no="5" player="xiuder0nn17" type="3" discard="1" dealt="1" sum="30"/>
<action no="6" player="Rakki" type="4" sum="0"/>
</round>
<round no="2"><cards type="Flop">S2 D10 D8</cards>
<action no="7" player="Rakki" type="4" sum="0"/>
<action no="8" player="xiuder0nn17" type="4" discard="1" dealt="1" sum="0"/>
</round>
<round no="3"><cards type="Turn">H4</cards>
<action no="9" player="Rakki" type="4" sum="0"/>
<action no="10" player="xiuder0nn17" type="5" discard="1" dealt="1" sum="65"/>
<action no="11" player="Rakki" type="0" sum="0"/>
</round>
</game>
<game gamecode="6489938053"><general><startdate>2025-09-27 14:28:58</startdate>
<round>1</round>
<failsafecounter/>
<players><player seat="10" name="xiuder0nn17" chips="705" dealer="0" win="130" bet="705" muck="1" rebuy="0" addon="0" merge="0" rebuychips="0" reg_code="5062439489"/>
<player seat="3" name="Rakki" chips="795" dealer="1" win="0" bet="65" muck="1" rebuy="0" addon="0" merge="0" rebuychips="0" reg_code="5062439456"/>
</players>
</general>
<round no="0"><action no="1" player="Rakki" type="15" sum="5"/>
<action no="2" player="xiuder0nn17" type="15" discard="1" dealt="1" sum="5"/>
<action no="3" player="Rakki" type="1" sum="30"/>
<action no="4" player="xiuder0nn17" type="2" discard="1" dealt="1" sum="60"/>
</round>
<round no="1"><cards type="Pocket" player="xiuder0nn17">X X</cards>
<cards type="Pocket" player="Rakki">H5 C7</cards>
<action no="5" player="Rakki" type="3" sum="30"/>
<action no="6" player="xiuder0nn17" type="23" discard="1" dealt="1" sum="700"/>
<action no="7" player="Rakki" type="0" sum="0"/>
</round>
</game>
<game gamecode="6489938078"><general><startdate>2025-09-27 14:29:07</startdate>
<round>1</round>
<failsafecounter/>
<players><player seat="3" name="Rakki" chips="730" dealer="0" win="130" bet="730" muck="1" rebuy="0" addon="0" merge="0" rebuychips="0" reg_code="5062439456"/>
<player seat="10" name="xiuder0nn17" chips="770" dealer="1" win="0" bet="65" muck="1" rebuy="0" addon="0" merge="0" rebuychips="0" reg_code="5062439489"/>
</players>
</general>
<round no="0"><action no="1" player="xiuder0nn17" type="15" discard="1" dealt="1" sum="5"/>
<action no="2" player="Rakki" type="15" sum="5"/>
<action no="3" player="xiuder0nn17" type="1" discard="1" dealt="1" sum="30"/>
<action no="4" player="Rakki" type="2" sum="60"/>
</round>
<round no="1"><cards type="Pocket" player="Rakki">H4 H6</cards>
<cards type="Pocket" player="xiuder0nn17">X X</cards>
<action no="5" player="xiuder0nn17" type="3" discard="1" dealt="1" sum="30"/>
<action no="6" player="Rakki" type="23" sum="725"/>
<action no="7" player="xiuder0nn17" type="0" discard="1" dealt="1" sum="0"/>
</round>
</game>
<game gamecode="6489938103"><general><startdate>2025-09-27 14:29:16</startdate>
<round>1</round>
<failsafecounter/>
<players><player seat="10" name="xiuder0nn17" chips="705" dealer="0" win="130" bet="130" muck="0" rebuy="0" addon="0" merge="0" rebuychips="0" reg_code="5062439489"/>
<player seat="3" name="Rakki" chips="795" dealer="1" win="130" bet="130" muck="0" rebuy="0" addon="0" merge="0" rebuychips="0" reg_code="5062439456"/>
</players>
</general>
<round no="0"><action no="1" player="Rakki" type="15" sum="5"/>
<action no="2" player="xiuder0nn17" type="15" discard="1" dealt="1" sum="5"/>
<action no="3" player="Rakki" type="1" sum="30"/>
<action no="4" player="xiuder0nn17" type="2" discard="1" dealt="1" sum="60"/>
</round>
<round no="1"><cards type="Pocket" player="Rakki">C6 S10</cards>
<cards type="Pocket" player="xiuder0nn17">D3 D2</cards>
<action no="5" player="Rakki" type="3" sum="30"/>
<action no="6" player="xiuder0nn17" type="4" discard="1" dealt="1" sum="0"/>
</round>
<round no="2"><cards type="Flop">D8 C5 S5</cards>
<action no="7" player="xiuder0nn17" type="4" discard="1" dealt="1" sum="0"/>
<action no="8" player="Rakki" type="4" sum="0"/>
</round>
<round no="3"><cards type="Turn">CK</cards>
<action no="9" player="xiuder0nn17" type="4" discard="1" dealt="1" sum="0"/>
<action no="10" player="Rakki" type="4" sum="0"/>
</round>
<round no="4"><cards type="River">S8</cards>
<action no="11" player="xiuder0nn17" type="5" discard="1" dealt="1" sum="65"/>
<action no="12" player="Rakki" type="3" sum="65"/>
</round>
</game>
<game gamecode="6489938178"><general><startdate>2025-09-27 14:29:42</startdate>
<round>1</round>
<failsafecounter/>
<players><player seat="3" name="Rakki" chips="795" dealer="0" win="0" bet="125" muck="1" rebuy="0" addon="0" merge="0" rebuychips="0" reg_code="5062439456"/>
<player seat="10" name="xiuder0nn17" chips="705" dealer="1" win="250" bet="125" muck="0" rebuy="0" addon="0" merge="0" rebuychips="0" reg_code="5062439489"/>
</players>
</general>
<round no="0"><action no="1" player="xiuder0nn17" type="15" discard="1" dealt="1" sum="5"/>
<action no="2" player="Rakki" type="15" sum="5"/>
<action no="3" player="xiuder0nn17" type="1" discard="1" dealt="1" sum="30"/>
<action no="4" player="Rakki" type="2" sum="60"/>
</round>
<round no="1"><cards type="Pocket" player="xiuder0nn17">H5 H7</cards>
<cards type="Pocket" player="Rakki">S2 H8</cards>
<action no="5" player="xiuder0nn17" type="3" discard="1" dealt="1" sum="30"/>
<action no="6" player="Rakki" type="4" sum="0"/>
</round>
<round no="2"><cards type="Flop">D5 CK H2</cards>
<action no="7" player="Rakki" type="4" sum="0"/>
<action no="8" player="xiuder0nn17" type="5" discard="1" dealt="1" sum="60"/>
<action no="9" player="Rakki" type="3" sum="60"/>
</round>
<round no="3"><cards type="Turn">HQ</cards>
<action no="10" player="Rakki" type="4" sum="0"/>
<action no="11" player="xiuder0nn17" type="4" discard="1" dealt="1" sum="0"/>
</round>
<round no="4"><cards type="River">CA</cards>
<action no="12" player="Rakki" type="4" sum="0"/>
<action no="13" player="xiuder0nn17" type="4" discard="1" dealt="1" sum="0"/>
</round>
</game>
<game gamecode="6489938241"><general><startdate>2025-09-27 14:30:08</startdate>
<round>1</round>
<failsafecounter/>
<players><player seat="10" name="xiuder0nn17" chips="830" dealer="0" win="0" bet="670" muck="1" rebuy="0" addon="0" merge="0" rebuychips="0" reg_code="5062439489"/>
<player seat="3" name="Rakki" chips="670" dealer="1" win="1,340" bet="670" muck="0" rebuy="0" addon="0" merge="0" rebuychips="0" reg_code="5062439456"/>
</players>
</general>
<round no="0"><action no="1" player="Rakki" type="15" sum="8"/>
<action no="2" player="xiuder0nn17" type="15" discard="1" dealt="1" sum="8"/>
<action no="3" player="Rakki" type="1" sum="40"/>
<action no="4" player="xiuder0nn17" type="2" discard="1" dealt="1" sum="80"/>
</round>
<round no="1"><cards type="Pocket" player="Rakki">CQ C6</cards>
<cards type="Pocket" player="xiuder0nn17">S2 CA</cards>
<action no="5" player="Rakki" type="23" sum="662"/>
<action no="6" player="xiuder0nn17" type="3" discard="1" dealt="1" sum="582"/>
</round>
<round no="2"><cards type="Flop">D6 SJ D3</cards>
</round>
<round no="3"><cards type="Turn">D7</cards>
</round>
<round no="4"><cards type="River">D2</cards>
</round>
</game>
<game gamecode="6489938285"><general><startdate>2025-09-27 14:30:24</startdate>
<round>1</round>
<failsafecounter/>
<players><player seat="3" name="Rakki" chips="1,340" dealer="0" win="0" bet="160" muck="1" rebuy="0" addon="0" merge="0" rebuychips="0" reg_code="5062439456"/>
<player seat="10" name="xiuder0nn17" chips="160" dealer="1" win="320" bet="160" muck="0" rebuy="0" addon="0" merge="0" rebuychips="0" reg_code="5062439489"/>
</players>
</general>
<round no="0"><action no="1" player="xiuder0nn17" type="15" discard="1" dealt="1" sum="8"/>
<action no="2" player="Rakki" type="15" sum="8"/>
<action no="3" player="xiuder0nn17" type="1" discard="1" dealt="1" sum="40"/>
<action no="4" player="Rakki" type="2" sum="80"/>
</round>
<round no="1"><cards type="Pocket" player="xiuder0nn17">C5 H10</cards>
<cards type="Pocket" player="Rakki">DA CQ</cards>
<action no="5" player="xiuder0nn17" type="7" discard="1" dealt="1" sum="112"/>
<action no="6" player="Rakki" type="3" sum="72"/>
</round>
<round no="2"><cards type="Flop">S6 SJ S4</cards>
</round>
<round no="3"><cards type="Turn">D5</cards>
</round>
<round no="4"><cards type="River">H4</cards>
</round>
</game>
<game gamecode="6489938331"><general><startdate>2025-09-27 14:30:40</startdate>
<round>1</round>
<failsafecounter/>
<players><player seat="10" name="xiuder0nn17" chips="320" dealer="0" win="0" bet="320" muck="1" rebuy="0" addon="0" merge="0" rebuychips="0" reg_code="5062439489"/>
<player seat="3" name="Rakki" chips="1,180" dealer="1" win="640" bet="1,180" muck="0" rebuy="0" addon="0" merge="0" rebuychips="0" reg_code="5062439456"/>
</players>
</general>
<round no="0"><action no="1" player="Rakki" type="15" sum="8"/>
<action no="2" player="xiuder0nn17" type="15" discard="1" dealt="1" sum="8"/>
<action no="3" player="Rakki" type="1" sum="40"/>
<action no="4" player="xiuder0nn17" type="2" discard="1" dealt="1" sum="80"/>
</round>
<round no="1"><cards type="Pocket" player="xiuder0nn17">DQ C2</cards>
<cards type="Pocket" player="Rakki">S9 D10</cards>
<action no="5" player="Rakki" type="23" sum="1,172"/>
<action no="6" player="xiuder0nn17" type="7" discard="1" dealt="1" sum="232"/>
</round>
<round no="2"><cards type="Flop">C9 C7 H10</cards>
</round>
<round no="3"><cards type="Turn">C5</cards>
</round>
<round no="4"><cards type="River">D9</cards>
</round>
</game>
</session>
