<?xml version="1.0" encoding="UTF-8"?>
<session sessioncode="5070508830">
<general>
<client_version>25.1.1.16</client_version>
<mode>real</mode>
<gametype>Holdem NL</gametype>
<tablename>Twister €100 SNG, 821029285</tablename>
<tournamentcode>821029284</tournamentcode>
<tournamentname>Twister €100 SNG</tournamentname>
<buyin>€0 + €7 + €93</buyin>
<totalbuyin>€100</totalbuyin>
<rewarddrawn>€200</rewarddrawn>
<tournamentcurrency>EUR</tournamentcurrency>
<currency>EUR</currency>
<nickname>KOPKHUNKRAP</nickname>
<gamecount>21</gamecount>
<startdate>2025-11-04 01:47:28</startdate>
<place>1</place>
<win>€200</win>
<tablesize>3</tablesize>
</general>
<game gamecode="6522477258"><general><startdate>2025-11-04 01:47:43</startdate>
<round>1</round>
<failsafecounter/>
<players><player seat="6" name="KOPKHUNKRAP" chips="500" dealer="0" win="20" bet="20" muck="1" rebuy="0" addon="0" merge="0" rebuychips="0" reg_code="5070508830"/>
<player seat="10" name="Iermando" chips="500" dealer="1" win="0" bet="0" muck="1" rebuy="0" addon="0" merge="0" rebuychips="0" reg_code="5070508907"/>
<player seat="3" name="OndaBianca1" chips="500" dealer="0" win="0" bet="10" muck="1" rebuy="0" addon="0" merge="0" rebuychips="0" reg_code="5070508649"/>
</players>
</general>
<round no="0"><action no="1" player="OndaBianca1" type="1" discard="1" dealt="1" sum="10"/>
<action no="2" player="KOPKHUNKRAP" type="2" sum="20"/>
</round>
<round no="1"><cards type="Pocket" player="OndaBianca1">X X</cards>
<cards type="Pocket" player="Iermando">X X</cards>
<cards type="Pocket" player="KOPKHUNKRAP">H6 D6</cards>
<action no="3" player="Iermando" type="0" discard="1" dealt="1" sum="0"/>
<action no="4" player="OndaBianca1" type="0" discard="1" dealt="1" sum="0"/>
</round>
</game>
<game gamecode="6522477283"><general><startdate>2025-11-04 01:48:07</startdate>
<round>1</round>
<failsafecounter/>
<players><player seat="10" name="Iermando" chips="500" dealer="0" win="20" bet="20" muck="1" rebuy="0" addon="0" merge="0" rebuychips="0" reg_code="5070508907"/>
<player seat="3" name="OndaBianca1" chips="490" dealer="1" win="0" bet="0" muck="1" rebuy="0" addon="0" merge="0" rebuychips="0" reg_code="5070508649"/>
<player seat="6" name="KOPKHUNKRAP" chips="510" dealer="0" win="0" bet="10" muck="1" rebuy="0" addon="0" merge="0" rebuychips="0" reg_code="5070508830"/>
</players>
</general>
<round no="0"><action no="1" player="KOPKHUNKRAP" type="1" sum="10"/>
<action no="2" player="Iermando" type="2" discard="1" dealt="1" sum="20"/>
</round>
<round no="1"><cards type="Pocket" player="OndaBianca1">X X</cards>
<cards type="Pocket" player="Iermando">X X</cards>
<cards type="Pocket" player="KOPKHUNKRAP">C3 DJ</cards>
<action no="3" player="OndaBianca1" type="0" discard="1" dealt="1" sum="0"/>
<action no="4" player="KOPKHUNKRAP" type="0" sum="0"/>
</round>
</game>
<game gamecode="6522477299"><general><startdate>2025-11-04 01:48:16</startdate>
<round>1</round>
<failsafecounter/>
<players><player seat="3" name="OndaBianca1" chips="490" dealer="0" win="0" bet="20" muck="1" rebuy="0" addon="0" merge="0" rebuychips="0" reg_code="5070508649"/>
<player seat="6" name="KOPKHUNKRAP" chips="500" dealer="1" win="492" bet="236" muck="0" rebuy="0" addon="0" merge="0" rebuychips="0" reg_code="5070508830"/>
<player seat="10" name="Iermando" chips="510" dealer="0" win="0" bet="236" muck="1" rebuy="0" addon="0" merge="0" rebuychips="0" reg_code="5070508907"/>
</players>
</general>
<round no="0"><action no="1" player="Iermando" type="1" discard="1" dealt="1" sum="10"/>
<action no="2" player="OndaBianca1" type="2" discard="1" dealt="1" sum="20"/>
</round>
<round no="1"><cards type="Pocket" player="KOPKHUNKRAP">CJ C10</cards>
<cards type="Pocket" player="OndaBianca1">X X</cards>
<cards type="Pocket" player="Iermando">DK D9</cards>
<action no="3" player="KOPKHUNKRAP" type="23" sum="40"/>
<action no="4" player="Iermando" type="3" discard="1" dealt="1" sum="30"/>
<action no="5" player="OndaBianca1" type="0" discard="1" dealt="1" sum="0"/>
</round>
<round no="2"><cards type="Flop">D10 H9 C2</cards>
<action no="6" player="Iermando" type="4" discard="1" dealt="1" sum="0"/>
<action no="7" player="KOPKHUNKRAP" type="5" sum="33"/>
<action no="8" player="Iermando" type="3" discard="1" dealt="1" sum="33"/>
</round>
<round no="3"><cards type="Turn">S5</cards>
<action no="9" player="Iermando" type="4" discard="1" dealt="1" sum="0"/>
<action no="10" player="KOPKHUNKRAP" type="5" sum="83"/>
<action no="11" player="Iermando" type="3" discard="1" dealt="1" sum="83"/>
</round>
<round no="4"><cards type="River">H6</cards>
<action no="12" player="Iermando" type="4" discard="1" dealt="1" sum="0"/>
<action no="13" player="KOPKHUNKRAP" type="5" sum="80"/>
<action no="14" player="Iermando" type="3" discard="1" dealt="1" sum="80"/>
</round>
</game>
<game gamecode="6522477365"><general><startdate>2025-11-04 01:49:01</startdate>
<round>1</round>
<failsafecounter/>
<players><player seat="6" name="KOPKHUNKRAP" chips="756" dealer="0" win="40" bet="40" muck="1" rebuy="0" addon="0" merge="0" rebuychips="0" reg_code="5070508830"/>
<player seat="10" name="Iermando" chips="274" dealer="1" win="0" bet="0" muck="1" rebuy="0" addon="0" merge="0" rebuychips="0" reg_code="5070508907"/>
<player seat="3" name="OndaBianca1" chips="470" dealer="0" win="0" bet="20" muck="1" rebuy="0" addon="0" merge="0" rebuychips="0" reg_code="5070508649"/>
</players>
</general>
<round no="0"><action no="1" player="OndaBianca1" type="1" discard="1" dealt="1" sum="10"/>
<action no="2" player="KOPKHUNKRAP" type="2" sum="20"/>
</round>
<round no="1"><cards type="Pocket" player="Iermando">X X</cards>
<cards type="Pocket" player="OndaBianca1">X X</cards>
<cards type="Pocket" player="KOPKHUNKRAP">HK H4</cards>
<action no="3" player="Iermando" type="0" discard="1" dealt="1" sum="0"/>
<action no="4" player="OndaBianca1" type="3" discard="1" dealt="1" sum="10"/>
<action no="5" player="KOPKHUNKRAP" type="4" sum="0"/>
</round>
<round no="2"><cards type="Flop">S3 D3 C4</cards>
<action no="6" player="OndaBianca1" type="4" discard="1" dealt="1" sum="0"/>
<action no="7" player="KOPKHUNKRAP" type="5" sum="20"/>
<action no="8" player="OndaBianca1" type="0" discard="1" dealt="1" sum="0"/>
</round>
</game>
<game gamecode="6522477387"><general><startdate>2025-11-04 01:49:20</startdate>
<round>1</round>
<failsafecounter/>
<players><player seat="10" name="Iermando" chips="274" dealer="0" win="20" bet="20" muck="1" rebuy="0" addon="0" merge="0" rebuychips="0" reg_code="5070508907"/>
<player seat="3" name="OndaBianca1" chips="450" dealer="1" win="0" bet="0" muck="1" rebuy="0" addon="0" merge="0" rebuychips="0" reg_code="5070508649"/>
<player seat="6" name="KOPKHUNKRAP" chips="776" dealer="0" win="0" bet="10" muck="1" rebuy="0" addon="0" merge="0" rebuychips="0" reg_code="5070508830"/>
</players>
</general>
<round no="0"><action no="1" player="KOPKHUNKRAP" type="1" sum="10"/>
<action no="2" player="Iermando" type="2" discard="1" dealt="1" sum="20"/>
</round>
<round no="1"><cards type="Pocket" player="Iermando">X X</cards>
<cards type="Pocket" player="OndaBianca1">X X</cards>
<cards type="Pocket" player="KOPKHUNKRAP">S8 S2</cards>
<action no="3" player="OndaBianca1" type="0" discard="1" dealt="1" sum="0"/>
<action no="4" player="KOPKHUNKRAP" type="0" sum="0"/>
</round>
</game>
<game gamecode="6522477398"><general><startdate>2025-11-04 01:49:29</startdate>
<round>1</round>
<failsafecounter/>
<players><player seat="3" name="OndaBianca1" chips="450" dealer="0" win="45" bet="35" muck="1" rebuy="0" addon="0" merge="0" rebuychips="0" reg_code="5070508649"/>
<player seat="6" name="KOPKHUNKRAP" chips="766" dealer="1" win="0" bet="5" muck="1" rebuy="0" addon="0" merge="0" rebuychips="0" reg_code="5070508830"/>
<player seat="10" name="Iermando" chips="284" dealer="0" win="0" bet="20" muck="1" rebuy="0" addon="0" merge="0" rebuychips="0" reg_code="5070508907"/>
</players>
</general>
<round no="0"><action no="1" player="Iermando" type="15" discard="1" dealt="1" sum="5"/>
<action no="2" player="OndaBianca1" type="15" discard="1" dealt="1" sum="5"/>
<action no="3" player="KOPKHUNKRAP" type="15" sum="5"/>
<action no="4" player="Iermando" type="1" discard="1" dealt="1" sum="15"/>
<action no="5" player="OndaBianca1" type="2" discard="1" dealt="1" sum="30"/>
</round>
<round no="1"><cards type="Pocket" player="KOPKHUNKRAP">C4 D5</cards>
<cards type="Pocket" player="OndaBianca1">X X</cards>
<cards type="Pocket" player="Iermando">X X</cards>
<action no="6" player="KOPKHUNKRAP" type="0" sum="0"/>
<action no="7" player="Iermando" type="0" discard="1" dealt="1" sum="0"/>
</round>
</game>
<game gamecode="6522477417"><general><startdate>2025-11-04 01:49:39</startdate>
<round>1</round>
<failsafecounter/>
<players><player seat="6" name="KOPKHUNKRAP" chips="761" dealer="0" win="45" bet="35" muck="1" rebuy="0" addon="0" merge="0" rebuychips="0" reg_code="5070508830"/>
<player seat="10" name="Iermando" chips="264" dealer="1" win="0" bet="5" muck="1" rebuy="0" addon="0" merge="0" rebuychips="0" reg_code="5070508907"/>
<player seat="3" name="OndaBianca1" chips="475" dealer="0" win="0" bet="20" muck="1" rebuy="0" addon="0" merge="0" rebuychips="0" reg_code="5070508649"/>
</players>
</general>
<round no="0"><action no="1" player="OndaBianca1" type="15" discard="1" dealt="1" sum="5"/>
<action no="2" player="KOPKHUNKRAP" type="15" sum="5"/>
<action no="3" player="Iermando" type="15" discard="1" dealt="1" sum="5"/>
<action no="4" player="OndaBianca1" type="1" discard="1" dealt="1" sum="15"/>
<action no="5" player="KOPKHUNKRAP" type="2" sum="30"/>
</round>
<round no="1"><cards type="Pocket" player="Iermando">X X</cards>
<cards type="Pocket" player="OndaBianca1">X X</cards>
<cards type="Pocket" player="KOPKHUNKRAP">D7 S10</cards>
<action no="6" player="Iermando" type="0" discard="1" dealt="1" sum="0"/>
<action no="7" player="OndaBianca1" type="0" discard="1" dealt="1" sum="0"/>
</round>
</game>
<game gamecode="6522477432"><general><startdate>2025-11-04 01:49:50</startdate>
<round>1</round>
<failsafecounter/>
<players><player seat="10" name="Iermando" chips="259" dealer="0" win="45" bet="35" muck="1" rebuy="0" addon="0" merge="0" rebuychips="0" reg_code="5070508907"/>
<player seat="3" name="OndaBianca1" chips="455" dealer="1" win="0" bet="5" muck="1" rebuy="0" addon="0" merge="0" rebuychips="0" reg_code="5070508649"/>
<player seat="6" name="KOPKHUNKRAP" chips="786" dealer="0" win="0" bet="20" muck="1" rebuy="0" addon="0" merge="0" rebuychips="0" reg_code="5070508830"/>
</players>
</general>
<round no="0"><action no="1" player="KOPKHUNKRAP" type="15" sum="5"/>
<action no="2" player="Iermando" type="15" discard="1" dealt="1" sum="5"/>
<action no="3" player="OndaBianca1" type="15" discard="1" dealt="1" sum="5"/>
<action no="4" player="KOPKHUNKRAP" type="1" sum="15"/>
<action no="5" player="Iermando" type="2" discard="1" dealt="1" sum="30"/>
</round>
<round no="1"><cards type="Pocket" player="KOPKHUNKRAP">C5 S9</cards>
<cards type="Pocket" player="Iermando">X X</cards>
<cards type="Pocket" player="OndaBianca1">X X</cards>
<action no="6" player="OndaBianca1" type="0" discard="1" dealt="1" sum="0"/>
<action no="7" player="KOPKHUNKRAP" type="0" sum="0"/>
</round>
</game>
<game gamecode="6522477453"><general><startdate>2025-11-04 01:50:04</startdate>
<round>1</round>
<failsafecounter/>
<players><player seat="3" name="OndaBianca1" chips="450" dealer="0" win="150" bet="450" muck="1" rebuy="0" addon="0" merge="0" rebuychips="0" reg_code="5070508649"/>
<player seat="6" name="KOPKHUNKRAP" chips="766" dealer="1" win="0" bet="65" muck="1" rebuy="0" addon="0" merge="0" rebuychips="0" reg_code="5070508830"/>
<player seat="10" name="Iermando" chips="284" dealer="0" win="0" bet="20" muck="1" rebuy="0" addon="0" merge="0" rebuychips="0" reg_code="5070508907"/>
</players>
</general>
<round no="0"><action no="1" player="Iermando" type="15" discard="1" dealt="1" sum="5"/>
<action no="2" player="OndaBianca1" type="15" discard="1" dealt="1" sum="5"/>
<action no="3" player="KOPKHUNKRAP" type="15" sum="5"/>
<action no="4" player="Iermando" type="1" discard="1" dealt="1" sum="15"/>
<action no="5" player="OndaBianca1" type="2" discard="1" dealt="1" sum="30"/>
</round>
<round no="1"><cards type="Pocket" player="Iermando">X X</cards>
<cards type="Pocket" player="KOPKHUNKRAP">HJ H9</cards>
<cards type="Pocket" player="OndaBianca1">X X</cards>
<action no="6" player="KOPKHUNKRAP" type="23" sum="60"/>
<action no="7" player="Iermando" type="0" discard="1" dealt="1" sum="0"/>
<action no="8" player="OndaBianca1" type="23" discard="1" dealt="1" sum="445"/>
<action no="9" player="KOPKHUNKRAP" type="0" sum="0"/>
</round>
</game>
<game gamecode="6522477478"><general><startdate>2025-11-04 01:50:21</startdate>
<round>1</round>
<failsafecounter/>
<players><player seat="6" name="KOPKHUNKRAP" chips="701" dealer="0" win="0" bet="35" muck="1" rebuy="0" addon="0" merge="0" rebuychips="0" reg_code="5070508830"/>
<player seat="10" name="Iermando" chips="264" dealer="1" win="0" bet="5" muck="1" rebuy="0" addon="0" merge="0" rebuychips="0" reg_code="5070508907"/>
<player seat="3" name="OndaBianca1" chips="535" dealer="0" win="75" bet="535" muck="1" rebuy="0" addon="0" merge="0" rebuychips="0" reg_code="5070508649"/>
</players>
</general>
<round no="0"><action no="1" player="OndaBianca1" type="15" discard="1" dealt="1" sum="5"/>
<action no="2" player="KOPKHUNKRAP" type="15" sum="5"/>
<action no="3" player="Iermando" type="15" discard="1" dealt="1" sum="5"/>
<action no="4" player="OndaBianca1" type="1" discard="1" dealt="1" sum="15"/>
<action no="5" player="KOPKHUNKRAP" type="2" sum="30"/>
</round>
<round no="1"><cards type="Pocket" player="KOPKHUNKRAP">C2 SA</cards>
<cards type="Pocket" player="Iermando">X X</cards>
<cards type="Pocket" player="OndaBianca1">X X</cards>
<action no="6" player="Iermando" type="0" discard="1" dealt="1" sum="0"/>
<action no="7" player="OndaBianca1" type="23" discard="1" dealt="1" sum="530"/>
<action no="8" player="KOPKHUNKRAP" type="0" sum="0"/>
</round>
</game>
<game gamecode="6522477487"><general><startdate>2025-11-04 01:50:32</startdate>
<round>1</round>
<failsafecounter/>
<players><player seat="10" name="Iermando" chips="259" dealer="0" win="523" bet="259" muck="0" rebuy="0" addon="0" merge="0" rebuychips="0" reg_code="5070508907"/>
<player seat="3" name="OndaBianca1" chips="575" dealer="1" win="0" bet="5" muck="1" rebuy="0" addon="0" merge="0" rebuychips="0" reg_code="5070508649"/>
<player seat="6" name="KOPKHUNKRAP" chips="666" dealer="0" win="0" bet="666" muck="1" rebuy="0" addon="0" merge="0" rebuychips="0" reg_code="5070508830"/>
</players>
</general>
<round no="0"><action no="1" player="KOPKHUNKRAP" type="15" sum="5"/>
<action no="2" player="Iermando" type="15" discard="1" dealt="1" sum="5"/>
<action no="3" player="OndaBianca1" type="15" discard="1" dealt="1" sum="5"/>
<action no="4" player="KOPKHUNKRAP" type="1" sum="15"/>
<action no="5" player="Iermando" type="2" discard="1" dealt="1" sum="30"/>
</round>
<round no="1"><cards type="Pocket" player="Iermando">CJ H10</cards>
<cards type="Pocket" player="KOPKHUNKRAP">D6 D8</cards>
<cards type="Pocket" player="OndaBianca1">X X</cards>
<action no="6" player="OndaBianca1" type="0" discard="1" dealt="1" sum="0"/>
<action no="7" player="KOPKHUNKRAP" type="23" sum="661"/>
<action no="8" player="Iermando" type="7" discard="1" dealt="1" sum="224"/>
</round>
<round no="2"><cards type="Flop">S9 D2 H4</cards>
</round>
<round no="3"><cards type="Turn">H3</cards>
</round>
<round no="4"><cards type="River">D3</cards>
</round>
</game>
<game gamecode="6522477511"><general><startdate>2025-11-04 01:50:54</startdate>
<round>1</round>
<failsafecounter/>
<players><player seat="3" name="OndaBianca1" chips="570" dealer="0" win="45" bet="35" muck="1" rebuy="0" addon="0" merge="0" rebuychips="0" reg_code="5070508649"/>
<player seat="6" name="KOPKHUNKRAP" chips="407" dealer="1" win="0" bet="5" muck="1" rebuy="0" addon="0" merge="0" rebuychips="0" reg_code="5070508830"/>
<player seat="10" name="Iermando" chips="523" dealer="0" win="0" bet="20" muck="1" rebuy="0" addon="0" merge="0" rebuychips="0" reg_code="5070508907"/>
</players>
</general>
<round no="0"><action no="1" player="Iermando" type="15" discard="1" dealt="1" sum="5"/>
<action no="2" player="OndaBianca1" type="15" discard="1" dealt="1" sum="5"/>
<action no="3" player="KOPKHUNKRAP" type="15" sum="5"/>
<action no="4" player="Iermando" type="1" discard="1" dealt="1" sum="15"/>
<action no="5" player="OndaBianca1" type="2" discard="1" dealt="1" sum="30"/>
</round>
<round no="1"><cards type="Pocket" player="OndaBianca1">X X</cards>
<cards type="Pocket" player="Iermando">X X</cards>
<cards type="Pocket" player="KOPKHUNKRAP">H9 S4</cards>
<action no="6" player="KOPKHUNKRAP" type="0" sum="0"/>
<action no="7" player="Iermando" type="0" discard="1" dealt="1" sum="0"/>
</round>
</game>
<game gamecode="6522477528"><general><startdate>2025-11-04 01:51:07</startdate>
<round>1</round>
<failsafecounter/>
<players><player seat="6" name="KOPKHUNKRAP" chips="402" dealer="0" win="0" bet="45" muck="1" rebuy="0" addon="0" merge="0" rebuychips="0" reg_code="5070508830"/>
<player seat="10" name="Iermando" chips="503" dealer="1" win="0" bet="5" muck="1" rebuy="0" addon="0" merge="0" rebuychips="0" reg_code="5070508907"/>
<player seat="3" name="OndaBianca1" chips="595" dealer="0" win="95" bet="595" muck="1" rebuy="0" addon="0" merge="0" rebuychips="0" reg_code="5070508649"/>
</players>
</general>
<round no="0"><action no="1" player="OndaBianca1" type="15" discard="1" dealt="1" sum="5"/>
<action no="2" player="KOPKHUNKRAP" type="15" sum="5"/>
<action no="3" player="Iermando" type="15" discard="1" dealt="1" sum="5"/>
<action no="4" player="OndaBianca1" type="1" discard="1" dealt="1" sum="20"/>
<action no="5" player="KOPKHUNKRAP" type="2" sum="40"/>
</round>
<round no="1"><cards type="Pocket" player="OndaBianca1">X X</cards>
<cards type="Pocket" player="KOPKHUNKRAP">C6 D4</cards>
<cards type="Pocket" player="Iermando">X X</cards>
<action no="6" player="Iermando" type="0" discard="1" dealt="1" sum="0"/>
<action no="7" player="OndaBianca1" type="23" discard="1" dealt="1" sum="590"/>
<action no="8" player="KOPKHUNKRAP" type="0" sum="0"/>
</round>
</game>
<game gamecode="6522477540"><general><startdate>2025-11-04 01:51:16</startdate>
<round>1</round>
<failsafecounter/>
<players><player seat="10" name="Iermando" chips="498" dealer="0" win="0" bet="45" muck="1" rebuy="0" addon="0" merge="0" rebuychips="0" reg_code="5070508907"/>
<player seat="3" name="OndaBianca1" chips="645" dealer="1" win="0" bet="5" muck="1" rebuy="0" addon="0" merge="0" rebuychips="0" reg_code="5070508649"/>
<player seat="6" name="KOPKHUNKRAP" chips="357" dealer="0" win="95" bet="357" muck="1" rebuy="0" addon="0" merge="0" rebuychips="0" reg_code="5070508830"/>
</players>
</general>
<round no="0"><action no="1" player="KOPKHUNKRAP" type="15" sum="5"/>
<action no="2" player="Iermando" type="15" discard="1" dealt="1" sum="5"/>
<action no="3" player="OndaBianca1" type="15" discard="1" dealt="1" sum="5"/>
<action no="4" player="KOPKHUNKRAP" type="1" sum="20"/>
<action no="5" player="Iermando" type="2" discard="1" dealt="1" sum="40"/>
</round>
<round no="1"><cards type="Pocket" player="Iermando">X X</cards>
<cards type="Pocket" player="KOPKHUNKRAP">D10 SJ</cards>
<cards type="Pocket" player="OndaBianca1">X X</cards>
<action no="6" player="OndaBianca1" type="0" discard="1" dealt="1" sum="0"/>
<action no="7" player="KOPKHUNKRAP" type="23" sum="352"/>
<action no="8" player="Iermando" type="0" discard="1" dealt="1" sum="0"/>
</round>
</game>
<game gamecode="6522477562"><general><startdate>2025-11-04 01:51:30</startdate>
<round>1</round>
<failsafecounter/>
<players><player seat="3" name="OndaBianca1" chips="640" dealer="0" win="0" bet="407" muck="1" rebuy="0" addon="0" merge="0" rebuychips="0" reg_code="5070508649"/>
<player seat="6" name="KOPKHUNKRAP" chips="407" dealer="1" win="839" bet="407" muck="0" rebuy="0" addon="0" merge="0" rebuychips="0" reg_code="5070508830"/>
<player seat="10" name="Iermando" chips="453" dealer="0" win="0" bet="25" muck="1" rebuy="0" addon="0" merge="0" rebuychips="0" reg_code="5070508907"/>
</players>
</general>
<round no="0"><action no="1" player="Iermando" type="15" discard="1" dealt="1" sum="5"/>
<action no="2" player="OndaBianca1" type="15" discard="1" dealt="1" sum="5"/>
<action no="3" player="KOPKHUNKRAP" type="15" sum="5"/>
<action no="4" player="Iermando" type="1" discard="1" dealt="1" sum="20"/>
<action no="5" player="OndaBianca1" type="2" discard="1" dealt="1" sum="40"/>
</round>
<round no="1"><cards type="Pocket" player="KOPKHUNKRAP">DA H10</cards>
<cards type="Pocket" player="Iermando">X X</cards>
<cards type="Pocket" player="OndaBianca1">S8 D8</cards>
<action no="6" player="KOPKHUNKRAP" type="23" sum="402"/>
<action no="7" player="Iermando" type="0" discard="1" dealt="1" sum="0"/>
<action no="8" player="OndaBianca1" type="3" discard="1" dealt="1" sum="362"/>
</round>
<round no="2"><cards type="Flop">SA HQ H4</cards>
</round>
<round no="3"><cards type="Turn">CA</cards>
</round>
<round no="4"><cards type="River">S5</cards>
</round>
</game>
<game gamecode="6522477587"><general><startdate>2025-11-04 01:51:48</startdate>
<round>1</round>
<failsafecounter/>
<players><player seat="6" name="KOPKHUNKRAP" chips="839" dealer="0" win="0" bet="45" muck="1" rebuy="0" addon="0" merge="0" rebuychips="0" reg_code="5070508830"/>
<player seat="10" name="Iermando" chips="428" dealer="1" win="0" bet="428" muck="0" rebuy="0" addon="0" merge="0" rebuychips="0" reg_code="5070508907"/>
<player seat="3" name="OndaBianca1" chips="233" dealer="0" win="511" bet="233" muck="0" rebuy="0" addon="0" merge="0" rebuychips="0" reg_code="5070508649"/>
</players>
</general>
<round no="0"><action no="1" player="OndaBianca1" type="15" discard="1" dealt="1" sum="5"/>
<action no="2" player="KOPKHUNKRAP" type="15" sum="5"/>
<action no="3" player="Iermando" type="15" discard="1" dealt="1" sum="5"/>
<action no="4" player="OndaBianca1" type="1" discard="1" dealt="1" sum="20"/>
<action no="5" player="KOPKHUNKRAP" type="2" sum="40"/>
</round>
<round no="1"><cards type="Pocket" player="KOPKHUNKRAP">C8 D10</cards>
<cards type="Pocket" player="Iermando">SK D8</cards>
<cards type="Pocket" player="OndaBianca1">CA DQ</cards>
<action no="6" player="Iermando" type="23" discard="1" dealt="1" sum="423"/>
<action no="7" player="OndaBianca1" type="7" discard="1" dealt="1" sum="208"/>
<action no="8" player="KOPKHUNKRAP" type="0" sum="0"/>
</round>
<round no="2"><cards type="Flop">H3 C5 D5</cards>
</round>
<round no="3"><cards type="Turn">CQ</cards>
</round>
<round no="4"><cards type="River">HQ</cards>
</round>
</game>
<game gamecode="6522477610"><general><startdate>2025-11-04 01:52:07</startdate>
<round>1</round>
<failsafecounter/>
<players><player seat="10" name="Iermando" chips="195" dealer="0" win="395" bet="195" muck="0" rebuy="0" addon="0" merge="0" rebuychips="0" reg_code="5070508907"/>
<player seat="3" name="OndaBianca1" chips="511" dealer="1" win="0" bet="5" muck="1" rebuy="0" addon="0" merge="0" rebuychips="0" reg_code="5070508649"/>
<player seat="6" name="KOPKHUNKRAP" chips="794" dealer="0" win="0" bet="794" muck="1" rebuy="0" addon="0" merge="0" rebuychips="0" reg_code="5070508830"/>
</players>
</general>
<round no="0"><action no="1" player="KOPKHUNKRAP" type="15" sum="5"/>
<action no="2" player="Iermando" type="15" discard="1" dealt="1" sum="5"/>
<action no="3" player="OndaBianca1" type="15" discard="1" dealt="1" sum="5"/>
<action no="4" player="KOPKHUNKRAP" type="1" sum="20"/>
<action no="5" player="Iermando" type="2" discard="1" dealt="1" sum="40"/>
</round>
<round no="1"><cards type="Pocket" player="Iermando">H4 SQ</cards>
<cards type="Pocket" player="KOPKHUNKRAP">HQ C6</cards>
<cards type="Pocket" player="OndaBianca1">X X</cards>
<action no="6" player="OndaBianca1" type="0" discard="1" dealt="1" sum="0"/>
<action no="7" player="KOPKHUNKRAP" type="23" sum="789"/>
<action no="8" player="Iermando" type="7" discard="1" dealt="1" sum="150"/>
</round>
<round no="2"><cards type="Flop">C9 C7 D2</cards>
</round>
<round no="3"><cards type="Turn">D4</cards>
</round>
<round no="4"><cards type="River">C4</cards>
</round>
</game>
<game gamecode="6522477630"><general><startdate>2025-11-04 01:52:25</startdate>
<round>1</round>
<failsafecounter/>
<players><player seat="3" name="OndaBianca1" chips="506" dealer="0" win="0" bet="45" muck="1" rebuy="0" addon="0" merge="0" rebuychips="0" reg_code="5070508649"/>
<player seat="6" name="KOPKHUNKRAP" chips="599" dealer="1" win="115" bet="599" muck="1" rebuy="0" addon="0" merge="0" rebuychips="0" reg_code="5070508830"/>
<player seat="10" name="Iermando" chips="395" dealer="0" win="0" bet="25" muck="1" rebuy="0" addon="0" merge="0" rebuychips="0" reg_code="5070508907"/>
</players>
</general>
<round no="0"><action no="1" player="Iermando" type="15" discard="1" dealt="1" sum="5"/>
<action no="2" player="OndaBianca1" type="15" discard="1" dealt="1" sum="5"/>
<action no="3" player="KOPKHUNKRAP" type="15" sum="5"/>
<action no="4" player="Iermando" type="1" discard="1" dealt="1" sum="20"/>
<action no="5" player="OndaBianca1" type="2" discard="1" dealt="1" sum="40"/>
</round>
<round no="1"><cards type="Pocket" player="Iermando">X X</cards>
<cards type="Pocket" player="OndaBianca1">X X</cards>
<cards type="Pocket" player="KOPKHUNKRAP">C10 DA</cards>
<action no="6" player="KOPKHUNKRAP" type="23" sum="594"/>
<action no="7" player="Iermando" type="0" discard="1" dealt="1" sum="0"/>
<action no="8" player="OndaBianca1" type="0" discard="1" dealt="1" sum="0"/>
</round>
</game>
<game gamecode="6522477648"><general><startdate>2025-11-04 01:52:39</startdate>
<round>1</round>
<failsafecounter/>
<players><player seat="6" name="KOPKHUNKRAP" chips="669" dealer="0" win="927" bet="669" muck="0" rebuy="0" addon="0" merge="0" rebuychips="0" reg_code="5070508830"/>
<player seat="10" name="Iermando" chips="370" dealer="1" win="0" bet="5" muck="1" rebuy="0" addon="0" merge="0" rebuychips="0" reg_code="5070508907"/>
<player seat="3" name="OndaBianca1" chips="461" dealer="0" win="0" bet="461" muck="0" rebuy="0" addon="0" merge="0" rebuychips="0" reg_code="5070508649"/>
</players>
</general>
<round no="0"><action no="1" player="OndaBianca1" type="15" discard="1" dealt="1" sum="5"/>
<action no="2" player="KOPKHUNKRAP" type="15" sum="5"/>
<action no="3" player="Iermando" type="15" discard="1" dealt="1" sum="5"/>
<action no="4" player="OndaBianca1" type="1" discard="1" dealt="1" sum="20"/>
<action no="5" player="KOPKHUNKRAP" type="2" sum="40"/>
</round>
<round no="1"><cards type="Pocket" player="OndaBianca1">C3 HQ</cards>
<cards type="Pocket" player="KOPKHUNKRAP">DQ DK</cards>
<cards type="Pocket" player="Iermando">X X</cards>
<action no="6" player="Iermando" type="0" discard="1" dealt="1" sum="0"/>
<action no="7" player="OndaBianca1" type="23" discard="1" dealt="1" sum="80"/>
<action no="8" player="KOPKHUNKRAP" type="3" sum="40"/>
</round>
<round no="2"><cards type="Flop">HA H5 SK</cards>
<action no="9" player="OndaBianca1" type="5" discard="1" dealt="1" sum="58"/>
<action no="10" player="KOPKHUNKRAP" type="3" sum="58"/>
</round>
<round no="3"><cards type="Turn">C6</cards>
<action no="11" player="OndaBianca1" type="5" discard="1" dealt="1" sum="73"/>
<action no="12" player="KOPKHUNKRAP" type="3" sum="73"/>
</round>
<round no="4"><cards type="River">SQ</cards>
<action no="13" player="OndaBianca1" type="4" discard="1" dealt="1" sum="0"/>
<action no="14" player="KOPKHUNKRAP" type="5" sum="453"/>
<action no="15" player="OndaBianca1" type="7" discard="1" dealt="1" sum="245"/>
</round>
</game>
<game gamecode="6522477703"><general><startdate>2025-11-04 01:53:23</startdate>
<round>1</round>
<failsafecounter/>
<players><player seat="10" name="Iermando" chips="365" dealer="0" win="130" bet="365" muck="1" rebuy="0" addon="0" merge="0" rebuychips="0" reg_code="5070508907"/>
<player seat="6" name="KOPKHUNKRAP" chips="1,135" dealer="1" win="0" bet="65" muck="1" rebuy="0" addon="0" merge="0" rebuychips="0" reg_code="5070508830"/>
</players>
</general>
<round no="0"><action no="1" player="KOPKHUNKRAP" type="15" sum="5"/>
<action no="2" player="Iermando" type="15" discard="1" dealt="1" sum="5"/>
<action no="3" player="KOPKHUNKRAP" type="1" sum="30"/>
<action no="4" player="Iermando" type="2" discard="1" dealt="1" sum="60"/>
</round>
<round no="1"><cards type="Pocket" player="Iermando">X X</cards>
<cards type="Pocket" player="KOPKHUNKRAP">H5 D6</cards>
<action no="5" player="KOPKHUNKRAP" type="3" sum="30"/>
<action no="6" player="Iermando" type="23" discard="1" dealt="1" sum="360"/>
<action no="7" player="KOPKHUNKRAP" type="0" sum="0"/>
</round>
</game>
<game gamecode="6522477714"><general><startdate>2025-11-04 01:53:34</startdate>
<round>1</round>
<failsafecounter/>
<players><player seat="6" name="KOPKHUNKRAP" chips="1,070" dealer="0" win="860" bet="430" muck="0" rebuy="0" addon="0" merge="0" rebuychips="0" reg_code="5070508830"/>
<player seat="10" name="Iermando" chips="430" dealer="1" win="0" bet="430" muck="0" rebuy="0" addon="0" merge="0" rebuychips="0" reg_code="5070508907"/>
</players>
</general>
<round no="0"><action no="1" player="Iermando" type="15" discard="1" dealt="1" sum="5"/>
<action no="2" player="KOPKHUNKRAP" type="15" sum="5"/>
<action no="3" player="Iermando" type="1" discard="1" dealt="1" sum="30"/>
<action no="4" player="KOPKHUNKRAP" type="2" sum="60"/>
</round>
<round no="1"><cards type="Pocket" player="KOPKHUNKRAP">CQ CA</cards>
<cards type="Pocket" player="Iermando">C7 C10</cards>
<action no="5" player="Iermando" type="23" discard="1" dealt="1" sum="425"/>
<action no="6" player="KOPKHUNKRAP" type="3" sum="365"/>
</round>
<round no="2"><cards type="Flop">SQ H8 HA</cards>
</round>
<round no="3"><cards type="Turn">S4</cards>
</round>
<round no="4"><cards type="River">H7</cards>
</round>
</game>
</session>
