<?xml version="1.0" encoding="UTF-8"?>
<session sessioncode="5070503467">
<general>
<client_version>25.1.1.16</client_version>
<mode>real</mode>
<gametype>Holdem NL</gametype>
<tablename>Twister €100 SNG, 821026670</tablename>
<tournamentcode>821026669</tournamentcode>
<tournamentname>Twister €100 SNG</tournamentname>
<buyin>€0 + €7 + €93</buyin>
<totalbuyin>€100</totalbuyin>
<rewarddrawn>€200</rewarddrawn>
<tournamentcurrency>EUR</tournamentcurrency>
<currency>EUR</currency>
<nickname>KOPKHUNKRAP</nickname>
<gamecount>13</gamecount>
<startdate>2025-11-04 01:06:13</startdate>
<place>3</place>
<win>€0</win>
<tablesize>3</tablesize>
</general>
<game gamecode="6522451539"><general><startdate>2025-11-04 01:06:28</startdate>
<round>1</round>
<failsafecounter/>
<players><player seat="6" name="KOPKHUNKRAP" chips="500" dealer="0" win="0" bet="75" muck="1" rebuy="0" addon="0" merge="0" rebuychips="0" reg_code="5070503467"/>
<player seat="10" name="Iermando" chips="500" dealer="1" win="0" bet="0" muck="1" rebuy="0" addon="0" merge="0" rebuychips="0" reg_code="5070503479"/>
<player seat="3" name="Tiuualex" chips="500" dealer="0" win="150" bet="75" muck="0" rebuy="0" addon="0" merge="0" rebuychips="0" reg_code="5070503303"/>
</players>
</general>
<round no="0"><action no="1" player="Tiuualex" type="1" discard="1" dealt="1" sum="10"/>
<action no="2" player="KOPKHUNKRAP" type="2" sum="20"/>
</round>
<round no="1"><cards type="Pocket" player="Iermando">X X</cards>
<cards type="Pocket" player="KOPKHUNKRAP">S6 S5</cards>
<cards type="Pocket" player="Tiuualex">S10 H8</cards>
<action no="3" player="Iermando" type="0" discard="1" dealt="1" sum="0"/>
<action no="4" player="Tiuualex" type="23" discard="1" dealt="1" sum="50"/>
<action no="5" player="KOPKHUNKRAP" type="3" sum="30"/>
</round>
<round no="2"><cards type="Flop">S9 D2 C8</cards>
<action no="6" player="Tiuualex" type="5" discard="1" dealt="1" sum="25"/>
<action no="7" player="KOPKHUNKRAP" type="3" sum="25"/>
</round>
<round no="3"><cards type="Turn">D3</cards>
<action no="8" player="Tiuualex" type="4" discard="1" dealt="1" sum="0"/>
<action no="9" player="KOPKHUNKRAP" type="4" sum="0"/>
</round>
<round no="4"><cards type="River">H5</cards>
<action no="10" player="Tiuualex" type="4" discard="1" dealt="1" sum="0"/>
<action no="11" player="KOPKHUNKRAP" type="4" sum="0"/>
</round>
</game>
<game gamecode="6522451604"><general><startdate>2025-11-04 01:07:08</startdate>
<round>1</round>
<failsafecounter/>
<players><player seat="10" name="Iermando" chips="500" dealer="0" win="0" bet="62" muck="1" rebuy="0" addon="0" merge="0" rebuychips="0" reg_code="5070503479"/>
<player seat="3" name="Tiuualex" chips="575" dealer="1" win="134" bet="575" muck="1" rebuy="0" addon="0" merge="0" rebuychips="0" reg_code="5070503303"/>
<player seat="6" name="KOPKHUNKRAP" chips="425" dealer="0" win="0" bet="10" muck="1" rebuy="0" addon="0" merge="0" rebuychips="0" reg_code="5070503467"/>
</players>
</general>
<round no="0"><action no="1" player="KOPKHUNKRAP" type="1" sum="10"/>
<action no="2" player="Iermando" type="2" discard="1" dealt="1" sum="20"/>
</round>
<round no="1"><cards type="Pocket" player="Tiuualex">X X</cards>
<cards type="Pocket" player="KOPKHUNKRAP">C2 D3</cards>
<cards type="Pocket" player="Iermando">X X</cards>
<action no="3" player="Tiuualex" type="23" discard="1" dealt="1" sum="40"/>
<action no="4" player="KOPKHUNKRAP" type="0" sum="0"/>
<action no="5" player="Iermando" type="3" discard="1" dealt="1" sum="20"/>
</round>
<round no="2"><cards type="Flop">C5 H7 SK</cards>
<action no="6" player="Iermando" type="4" discard="1" dealt="1" sum="0"/>
<action no="7" player="Tiuualex" type="5" discard="1" dealt="1" sum="22"/>
<action no="8" player="Iermando" type="3" discard="1" dealt="1" sum="22"/>
</round>
<round no="3"><cards type="Turn">C8</cards>
<action no="9" player="Iermando" type="4" discard="1" dealt="1" sum="0"/>
<action no="10" player="Tiuualex" type="4" discard="1" dealt="1" sum="0"/>
</round>
<round no="4"><cards type="River">H2</cards>
<action no="11" player="Iermando" type="4" discard="1" dealt="1" sum="0"/>
<action no="12" player="Tiuualex" type="5" discard="1" dealt="1" sum="513"/>
<action no="13" player="Iermando" type="0" discard="1" dealt="1" sum="0"/>
</round>
</game>
<game gamecode="6522451642"><general><startdate>2025-11-04 01:07:39</startdate>
<round>1</round>
<failsafecounter/>
<players><player seat="3" name="Tiuualex" chips="647" dealer="0" win="0" bet="20" muck="1" rebuy="0" addon="0" merge="0" rebuychips="0" reg_code="5070503303"/>
<player seat="6" name="KOPKHUNKRAP" chips="415" dealer="1" win="0" bet="40" muck="1" rebuy="0" addon="0" merge="0" rebuychips="0" reg_code="5070503467"/>
<player seat="10" name="Iermando" chips="438" dealer="0" win="100" bet="438" muck="1" rebuy="0" addon="0" merge="0" rebuychips="0" reg_code="5070503479"/>
</players>
</general>
<round no="0"><action no="1" player="Iermando" type="1" discard="1" dealt="1" sum="10"/>
<action no="2" player="Tiuualex" type="2" discard="1" dealt="1" sum="20"/>
</round>
<round no="1"><cards type="Pocket" player="Iermando">X X</cards>
<cards type="Pocket" player="KOPKHUNKRAP">D7 DQ</cards>
<cards type="Pocket" player="Tiuualex">X X</cards>
<action no="3" player="KOPKHUNKRAP" type="23" sum="40"/>
<action no="4" player="Iermando" type="23" discard="1" dealt="1" sum="438"/>
<action no="5" player="Tiuualex" type="0" discard="1" dealt="1" sum="0"/>
<action no="6" player="KOPKHUNKRAP" type="0" sum="0"/>
</round>
</game>
<game gamecode="6522451661"><general><startdate>2025-11-04 01:07:53</startdate>
<round>1</round>
<failsafecounter/>
<players><player seat="6" name="KOPKHUNKRAP" chips="375" dealer="0" win="258" bet="124" muck="0" rebuy="0" addon="0" merge="0" rebuychips="0" reg_code="5070503467"/>
<player seat="10" name="Iermando" chips="498" dealer="1" win="0" bet="124" muck="1" rebuy="0" addon="0" merge="0" rebuychips="0" reg_code="5070503479"/>
<player seat="3" name="Tiuualex" chips="627" dealer="0" win="0" bet="10" muck="1" rebuy="0" addon="0" merge="0" rebuychips="0" reg_code="5070503303"/>
</players>
</general>
<round no="0"><action no="1" player="Tiuualex" type="1" discard="1" dealt="1" sum="10"/>
<action no="2" player="KOPKHUNKRAP" type="2" sum="20"/>
</round>
<round no="1"><cards type="Pocket" player="KOPKHUNKRAP">D9 C10</cards>
<cards type="Pocket" player="Tiuualex">X X</cards>
<cards type="Pocket" player="Iermando">C8 S8</cards>
<action no="3" player="Iermando" type="23" discard="1" dealt="1" sum="40"/>
<action no="4" player="Tiuualex" type="0" discard="1" dealt="1" sum="0"/>
<action no="5" player="KOPKHUNKRAP" type="3" sum="20"/>
</round>
<round no="2"><cards type="Flop">SK D4 CJ</cards>
<action no="6" player="KOPKHUNKRAP" type="4" sum="0"/>
<action no="7" player="Iermando" type="5" discard="1" dealt="1" sum="20"/>
<action no="8" player="KOPKHUNKRAP" type="3" sum="20"/>
</round>
<round no="3"><cards type="Turn">SJ</cards>
<action no="9" player="KOPKHUNKRAP" type="4" sum="0"/>
<action no="10" player="Iermando" type="5" discard="1" dealt="1" sum="20"/>
<action no="11" player="KOPKHUNKRAP" type="23" sum="64"/>
<action no="12" player="Iermando" type="3" discard="1" dealt="1" sum="44"/>
</round>
<round no="4"><cards type="River">S10</cards>
<action no="13" player="KOPKHUNKRAP" type="4" sum="0"/>
<action no="14" player="Iermando" type="4" discard="1" dealt="1" sum="0"/>
</round>
</game>
<game gamecode="6522451708"><general><startdate>2025-11-04 01:08:29</startdate>
<round>1</round>
<failsafecounter/>
<players><player seat="10" name="Iermando" chips="374" dealer="0" win="0" bet="35" muck="1" rebuy="0" addon="0" merge="0" rebuychips="0" reg_code="5070503479"/>
<player seat="3" name="Tiuualex" chips="617" dealer="1" win="0" bet="5" muck="1" rebuy="0" addon="0" merge="0" rebuychips="0" reg_code="5070503303"/>
<player seat="6" name="KOPKHUNKRAP" chips="509" dealer="0" win="75" bet="509" muck="1" rebuy="0" addon="0" merge="0" rebuychips="0" reg_code="5070503467"/>
</players>
</general>
<round no="0"><action no="1" player="KOPKHUNKRAP" type="15" sum="5"/>
<action no="2" player="Iermando" type="15" discard="1" dealt="1" sum="5"/>
<action no="3" player="Tiuualex" type="15" discard="1" dealt="1" sum="5"/>
<action no="4" player="KOPKHUNKRAP" type="1" sum="15"/>
<action no="5" player="Iermando" type="2" discard="1" dealt="1" sum="30"/>
</round>
<round no="1"><cards type="Pocket" player="KOPKHUNKRAP">D10 SA</cards>
<cards type="Pocket" player="Iermando">X X</cards>
<cards type="Pocket" player="Tiuualex">X X</cards>
<action no="6" player="Tiuualex" type="0" discard="1" dealt="1" sum="0"/>
<action no="7" player="KOPKHUNKRAP" type="23" sum="504"/>
<action no="8" player="Iermando" type="0" discard="1" dealt="1" sum="0"/>
</round>
</game>
<game gamecode="6522451723"><general><startdate>2025-11-04 01:08:39</startdate>
<round>1</round>
<failsafecounter/>
<players><player seat="3" name="Tiuualex" chips="612" dealer="0" win="0" bet="65" muck="1" rebuy="0" addon="0" merge="0" rebuychips="0" reg_code="5070503303"/>
<player seat="6" name="KOPKHUNKRAP" chips="549" dealer="1" win="0" bet="5" muck="1" rebuy="0" addon="0" merge="0" rebuychips="0" reg_code="5070503467"/>
<player seat="10" name="Iermando" chips="339" dealer="0" win="135" bet="200" muck="1" rebuy="0" addon="0" merge="0" rebuychips="0" reg_code="5070503479"/>
</players>
</general>
<round no="0"><action no="1" player="Iermando" type="15" discard="1" dealt="1" sum="5"/>
<action no="2" player="Tiuualex" type="15" discard="1" dealt="1" sum="5"/>
<action no="3" player="KOPKHUNKRAP" type="15" sum="5"/>
<action no="4" player="Iermando" type="1" discard="1" dealt="1" sum="15"/>
<action no="5" player="Tiuualex" type="2" discard="1" dealt="1" sum="30"/>
</round>
<round no="1"><cards type="Pocket" player="Tiuualex">X X</cards>
<cards type="Pocket" player="Iermando">X X</cards>
<cards type="Pocket" player="KOPKHUNKRAP">H2 DQ</cards>
<action no="6" player="KOPKHUNKRAP" type="0" sum="0"/>
<action no="7" player="Iermando" type="3" discard="1" dealt="1" sum="15"/>
<action no="8" player="Tiuualex" type="4" discard="1" dealt="1" sum="0"/>
</round>
<round no="2"><cards type="Flop">H4 D7 D10</cards>
<action no="9" player="Iermando" type="5" discard="1" dealt="1" sum="30"/>
<action no="10" player="Tiuualex" type="3" discard="1" dealt="1" sum="30"/>
</round>
<round no="3"><cards type="Turn">C3</cards>
<action no="11" player="Iermando" type="4" discard="1" dealt="1" sum="0"/>
<action no="12" player="Tiuualex" type="4" discard="1" dealt="1" sum="0"/>
</round>
<round no="4"><cards type="River">S9</cards>
<action no="13" player="Iermando" type="5" discard="1" dealt="1" sum="135"/>
<action no="14" player="Tiuualex" type="0" discard="1" dealt="1" sum="0"/>
</round>
</game>
<game gamecode="6522451762"><general><startdate>2025-11-04 01:09:09</startdate>
<round>1</round>
<failsafecounter/>
<players><player seat="6" name="KOPKHUNKRAP" chips="544" dealer="0" win="0" bet="35" muck="1" rebuy="0" addon="0" merge="0" rebuychips="0" reg_code="5070503467"/>
<player seat="10" name="Iermando" chips="409" dealer="1" win="0" bet="5" muck="1" rebuy="0" addon="0" merge="0" rebuychips="0" reg_code="5070503479"/>
<player seat="3" name="Tiuualex" chips="547" dealer="0" win="75" bet="80" muck="1" rebuy="0" addon="0" merge="0" rebuychips="0" reg_code="5070503303"/>
</players>
</general>
<round no="0"><action no="1" player="Tiuualex" type="15" discard="1" dealt="1" sum="5"/>
<action no="2" player="KOPKHUNKRAP" type="15" sum="5"/>
<action no="3" player="Iermando" type="15" discard="1" dealt="1" sum="5"/>
<action no="4" player="Tiuualex" type="1" discard="1" dealt="1" sum="15"/>
<action no="5" player="KOPKHUNKRAP" type="2" sum="30"/>
</round>
<round no="1"><cards type="Pocket" player="KOPKHUNKRAP">C5 HJ</cards>
<cards type="Pocket" player="Iermando">X X</cards>
<cards type="Pocket" player="Tiuualex">X X</cards>
<action no="6" player="Iermando" type="0" discard="1" dealt="1" sum="0"/>
<action no="7" player="Tiuualex" type="23" discard="1" dealt="1" sum="75"/>
<action no="8" player="KOPKHUNKRAP" type="0" sum="0"/>
</round>
</game>
<game gamecode="6522451778"><general><startdate>2025-11-04 01:09:20</startdate>
<round>1</round>
<failsafecounter/>
<players><player seat="10" name="Iermando" chips="404" dealer="0" win="156" bet="404" muck="1" rebuy="0" addon="0" merge="0" rebuychips="0" reg_code="5070503479"/>
<player seat="3" name="Tiuualex" chips="587" dealer="1" win="0" bet="68" muck="1" rebuy="0" addon="0" merge="0" rebuychips="0" reg_code="5070503303"/>
<player seat="6" name="KOPKHUNKRAP" chips="509" dealer="0" win="0" bet="20" muck="1" rebuy="0" addon="0" merge="0" rebuychips="0" reg_code="5070503467"/>
</players>
</general>
<round no="0"><action no="1" player="KOPKHUNKRAP" type="15" sum="5"/>
<action no="2" player="Iermando" type="15" discard="1" dealt="1" sum="5"/>
<action no="3" player="Tiuualex" type="15" discard="1" dealt="1" sum="5"/>
<action no="4" player="KOPKHUNKRAP" type="1" sum="15"/>
<action no="5" player="Iermando" type="2" discard="1" dealt="1" sum="30"/>
</round>
<round no="1"><cards type="Pocket" player="Iermando">X X</cards>
<cards type="Pocket" player="Tiuualex">X X</cards>
<cards type="Pocket" player="KOPKHUNKRAP">S5 C2</cards>
<action no="6" player="Tiuualex" type="23" discard="1" dealt="1" sum="63"/>
<action no="7" player="KOPKHUNKRAP" type="0" sum="0"/>
<action no="8" player="Iermando" type="23" discard="1" dealt="1" sum="399"/>
<action no="9" player="Tiuualex" type="0" discard="1" dealt="1" sum="0"/>
</round>
</game>
<game gamecode="6522451797"><general><startdate>2025-11-04 01:09:37</startdate>
<round>1</round>
<failsafecounter/>
<players><player seat="3" name="Tiuualex" chips="519" dealer="0" win="0" bet="132" muck="1" rebuy="0" addon="0" merge="0" rebuychips="0" reg_code="5070503303"/>
<player seat="6" name="KOPKHUNKRAP" chips="489" dealer="1" win="0" bet="5" muck="1" rebuy="0" addon="0" merge="0" rebuychips="0" reg_code="5070503467"/>
<player seat="10" name="Iermando" chips="492" dealer="0" win="269" bet="132" muck="0" rebuy="0" addon="0" merge="0" rebuychips="0" reg_code="5070503479"/>
</players>
</general>
<round no="0"><action no="1" player="Iermando" type="15" discard="1" dealt="1" sum="5"/>
<action no="2" player="Tiuualex" type="15" discard="1" dealt="1" sum="5"/>
<action no="3" player="KOPKHUNKRAP" type="15" sum="5"/>
<action no="4" player="Iermando" type="1" discard="1" dealt="1" sum="15"/>
<action no="5" player="Tiuualex" type="2" discard="1" dealt="1" sum="30"/>
</round>
<round no="1"><cards type="Pocket" player="Tiuualex">DK H9</cards>
<cards type="Pocket" player="KOPKHUNKRAP">CQ C2</cards>
<cards type="Pocket" player="Iermando">H8 S7</cards>
<action no="6" player="KOPKHUNKRAP" type="0" sum="0"/>
<action no="7" player="Iermando" type="3" discard="1" dealt="1" sum="15"/>
<action no="8" player="Tiuualex" type="4" discard="1" dealt="1" sum="0"/>
</round>
<round no="2"><cards type="Flop">H3 CA C6</cards>
<action no="9" player="Iermando" type="5" discard="1" dealt="1" sum="30"/>
<action no="10" player="Tiuualex" type="3" discard="1" dealt="1" sum="30"/>
</round>
<round no="3"><cards type="Turn">S8</cards>
<action no="11" player="Iermando" type="5" discard="1" dealt="1" sum="67"/>
<action no="12" player="Tiuualex" type="3" discard="1" dealt="1" sum="67"/>
</round>
<round no="4"><cards type="River">S10</cards>
<action no="13" player="Iermando" type="4" discard="1" dealt="1" sum="0"/>
<action no="14" player="Tiuualex" type="4" discard="1" dealt="1" sum="0"/>
</round>
</game>
<game gamecode="6522451831"><general><startdate>2025-11-04 01:10:07</startdate>
<round>1</round>
<failsafecounter/>
<players><player seat="6" name="KOPKHUNKRAP" chips="484" dealer="0" win="0" bet="387" muck="1" rebuy="0" addon="0" merge="0" rebuychips="0" reg_code="5070503467"/>
<player seat="10" name="Iermando" chips="629" dealer="1" win="0" bet="5" muck="1" rebuy="0" addon="0" merge="0" rebuychips="0" reg_code="5070503479"/>
<player seat="3" name="Tiuualex" chips="387" dealer="0" win="779" bet="387" muck="0" rebuy="0" addon="0" merge="0" rebuychips="0" reg_code="5070503303"/>
</players>
</general>
<round no="0"><action no="1" player="Tiuualex" type="15" discard="1" dealt="1" sum="5"/>
<action no="2" player="KOPKHUNKRAP" type="15" sum="5"/>
<action no="3" player="Iermando" type="15" discard="1" dealt="1" sum="5"/>
<action no="4" player="Tiuualex" type="1" discard="1" dealt="1" sum="20"/>
<action no="5" player="KOPKHUNKRAP" type="2" sum="40"/>
</round>
<round no="1"><cards type="Pocket" player="KOPKHUNKRAP">HQ DJ</cards>
<cards type="Pocket" player="Iermando">X X</cards>
<cards type="Pocket" player="Tiuualex">CA D9</cards>
<action no="6" player="Iermando" type="0" discard="1" dealt="1" sum="0"/>
<action no="7" player="Tiuualex" type="23" discard="1" dealt="1" sum="382"/>
<action no="8" player="KOPKHUNKRAP" type="3" sum="342"/>
</round>
<round no="2"><cards type="Flop">C8 H8 S6</cards>
</round>
<round no="3"><cards type="Turn">H9</cards>
</round>
<round no="4"><cards type="River">C9</cards>
</round>
</game>
<game gamecode="6522451855"><general><startdate>2025-11-04 01:10:33</startdate>
<round>1</round>
<failsafecounter/>
<players><player seat="10" name="Iermando" chips="624" dealer="0" win="55" bet="45" muck="1" rebuy="0" addon="0" merge="0" rebuychips="0" reg_code="5070503479"/>
<player seat="3" name="Tiuualex" chips="779" dealer="1" win="0" bet="5" muck="1" rebuy="0" addon="0" merge="0" rebuychips="0" reg_code="5070503303"/>
<player seat="6" name="KOPKHUNKRAP" chips="97" dealer="0" win="0" bet="25" muck="1" rebuy="0" addon="0" merge="0" rebuychips="0" reg_code="5070503467"/>
</players>
</general>
<round no="0"><action no="1" player="KOPKHUNKRAP" type="15" sum="5"/>
<action no="2" player="Iermando" type="15" discard="1" dealt="1" sum="5"/>
<action no="3" player="Tiuualex" type="15" discard="1" dealt="1" sum="5"/>
<action no="4" player="KOPKHUNKRAP" type="1" sum="20"/>
<action no="5" player="Iermando" type="2" discard="1" dealt="1" sum="40"/>
</round>
<round no="1"><cards type="Pocket" player="Iermando">X X</cards>
<cards type="Pocket" player="KOPKHUNKRAP">D3 C7</cards>
<cards type="Pocket" player="Tiuualex">X X</cards>
<action no="6" player="Tiuualex" type="0" discard="1" dealt="1" sum="0"/>
<action no="7" player="KOPKHUNKRAP" type="0" sum="0"/>
</round>
</game>
<game gamecode="6522451871"><general><startdate>2025-11-04 01:10:43</startdate>
<round>1</round>
<failsafecounter/>
<players><player seat="3" name="Tiuualex" chips="774" dealer="0" win="0" bet="85" muck="1" rebuy="0" addon="0" merge="0" rebuychips="0" reg_code="5070503303"/>
<player seat="6" name="KOPKHUNKRAP" chips="72" dealer="1" win="0" bet="5" muck="1" rebuy="0" addon="0" merge="0" rebuychips="0" reg_code="5070503467"/>
<player seat="10" name="Iermando" chips="654" dealer="0" win="175" bet="85" muck="0" rebuy="0" addon="0" merge="0" rebuychips="0" reg_code="5070503479"/>
</players>
</general>
<round no="0"><action no="1" player="Iermando" type="15" discard="1" dealt="1" sum="5"/>
<action no="2" player="Tiuualex" type="15" discard="1" dealt="1" sum="5"/>
<action no="3" player="KOPKHUNKRAP" type="15" sum="5"/>
<action no="4" player="Iermando" type="1" discard="1" dealt="1" sum="20"/>
<action no="5" player="Tiuualex" type="2" discard="1" dealt="1" sum="40"/>
</round>
<round no="1"><cards type="Pocket" player="Iermando">DA S4</cards>
<cards type="Pocket" player="KOPKHUNKRAP">C7 D4</cards>
<cards type="Pocket" player="Tiuualex">S8 H6</cards>
<action no="6" player="KOPKHUNKRAP" type="0" sum="0"/>
<action no="7" player="Iermando" type="3" discard="1" dealt="1" sum="20"/>
<action no="8" player="Tiuualex" type="4" discard="1" dealt="1" sum="0"/>
</round>
<round no="2"><cards type="Flop">SQ H7 H5</cards>
<action no="9" player="Iermando" type="4" discard="1" dealt="1" sum="0"/>
<action no="10" player="Tiuualex" type="4" discard="1" dealt="1" sum="0"/>
</round>
<round no="3"><cards type="Turn">C6</cards>
<action no="11" player="Iermando" type="4" discard="1" dealt="1" sum="0"/>
<action no="12" player="Tiuualex" type="4" discard="1" dealt="1" sum="0"/>
</round>
<round no="4"><cards type="River">D8</cards>
<action no="13" player="Iermando" type="5" discard="1" dealt="1" sum="40"/>
<action no="14" player="Tiuualex" type="3" discard="1" dealt="1" sum="40"/>
</round>
</game>
<game gamecode="6522451910"><general><startdate>2025-11-04 01:11:19</startdate>
<round>1</round>
<failsafecounter/>
<players><player seat="6" name="KOPKHUNKRAP" chips="67" dealer="0" win="0" bet="67" muck="1" rebuy="0" addon="0" merge="0" rebuychips="0" reg_code="5070503467"/>
<player seat="10" name="Iermando" chips="744" dealer="1" win="159" bet="85" muck="0" rebuy="0" addon="0" merge="0" rebuychips="0" reg_code="5070503479"/>
<player seat="3" name="Tiuualex" chips="689" dealer="0" win="0" bet="25" muck="1" rebuy="0" addon="0" merge="0" rebuychips="0" reg_code="5070503303"/>
</players>
</general>
<round no="0"><action no="1" player="Tiuualex" type="15" discard="1" dealt="1" sum="5"/>
<action no="2" player="KOPKHUNKRAP" type="15" sum="5"/>
<action no="3" player="Iermando" type="15" discard="1" dealt="1" sum="5"/>
<action no="4" player="Tiuualex" type="1" discard="1" dealt="1" sum="20"/>
<action no="5" player="KOPKHUNKRAP" type="2" sum="40"/>
</round>
<round no="1"><cards type="Pocket" player="KOPKHUNKRAP">SK SA</cards>
<cards type="Pocket" player="Iermando">D4 DA</cards>
<cards type="Pocket" player="Tiuualex">X X</cards>
<action no="6" player="Iermando" type="23" discard="1" dealt="1" sum="80"/>
<action no="7" player="Tiuualex" type="0" discard="1" dealt="1" sum="0"/>
<action no="8" player="KOPKHUNKRAP" type="7" sum="22"/>
</round>
<round no="2"><cards type="Flop">H7 H2 S10</cards>
</round>
<round no="3"><cards type="Turn">C4</cards>
</round>
<round no="4"><cards type="River">D10</cards>
</round>
</game>
</session>
