<?xml version="1.0" encoding="UTF-8"?>
<session sessioncode="5070545414">
<general>
<client_version>25.1.1.16</client_version>
<mode>real</mode>
<gametype>Holdem NL</gametype>
<tablename>Twister €100 SNG, 821041602</tablename>
<tournamentcode>821041601</tournamentcode>
<tournamentname>Twister €100 SNG</tournamentname>
<buyin>€0 + €7 + €93</buyin>
<totalbuyin>€100</totalbuyin>
<rewarddrawn>€300</rewarddrawn>
<tournamentcurrency>EUR</tournamentcurrency>
<currency>EUR</currency>
<nickname>KOPKHUNKRAP</nickname>
<gamecount>26</gamecount>
<startdate>2025-11-04 11:46:41</startdate>
<place>2</place>
<win>€0</win>
<tablesize>3</tablesize>
</general>
<game gamecode="6522631419"><general><startdate>2025-11-04 11:46:56</startdate>
<round>1</round>
<failsafecounter/>
<players><player seat="10" name="soleres" chips="500" dealer="0" win="0" bet="240" muck="1" rebuy="0" addon="0" merge="0" rebuychips="0" reg_code="5070545505"/>
<player seat="3" name="Ankalaev" chips="500" dealer="1" win="490" bet="500" muck="1" rebuy="0" addon="0" merge="0" rebuychips="0" reg_code="5070544878"/>
<player seat="6" name="KOPKHUNKRAP" chips="500" dealer="0" win="0" bet="10" muck="1" rebuy="0" addon="0" merge="0" rebuychips="0" reg_code="5070545414"/>
</players>
</general>
<round no="0"><action no="1" player="KOPKHUNKRAP" type="1" sum="10"/>
<action no="2" player="soleres" type="2" discard="1" dealt="1" sum="20"/>
</round>
<round no="1"><cards type="Pocket" player="KOPKHUNKRAP">H3 SQ</cards>
<cards type="Pocket" player="soleres">X X</cards>
<cards type="Pocket" player="Ankalaev">X X</cards>
<action no="3" player="Ankalaev" type="23" discard="1" dealt="1" sum="40"/>
<action no="4" player="KOPKHUNKRAP" type="0" sum="0"/>
<action no="5" player="soleres" type="3" discard="1" dealt="1" sum="20"/>
</round>
<round no="2"><cards type="Flop">CQ D2 H7</cards>
<action no="6" player="soleres" type="5" discard="1" dealt="1" sum="40"/>
<action no="7" player="Ankalaev" type="3" discard="1" dealt="1" sum="40"/>
</round>
<round no="3"><cards type="Turn">SK</cards>
<action no="8" player="soleres" type="4" discard="1" dealt="1" sum="0"/>
<action no="9" player="Ankalaev" type="4" discard="1" dealt="1" sum="0"/>
</round>
<round no="4"><cards type="River">HA</cards>
<action no="10" player="soleres" type="5" discard="1" dealt="1" sum="160"/>
<action no="11" player="Ankalaev" type="23" discard="1" dealt="1" sum="420"/>
<action no="12" player="soleres" type="0" discard="1" dealt="1" sum="0"/>
</round>
</game>
<game gamecode="6522631486"><general><startdate>2025-11-04 11:47:39</startdate>
<round>1</round>
<failsafecounter/>
<players><player seat="3" name="Ankalaev" chips="750" dealer="0" win="20" bet="20" muck="1" rebuy="0" addon="0" merge="0" rebuychips="0" reg_code="5070544878"/>
<player seat="6" name="KOPKHUNKRAP" chips="490" dealer="1" win="0" bet="0" muck="1" rebuy="0" addon="0" merge="0" rebuychips="0" reg_code="5070545414"/>
<player seat="10" name="soleres" chips="260" dealer="0" win="0" bet="10" muck="1" rebuy="0" addon="0" merge="0" rebuychips="0" reg_code="5070545505"/>
</players>
</general>
<round no="0"><action no="1" player="soleres" type="1" discard="1" dealt="1" sum="10"/>
<action no="2" player="Ankalaev" type="2" discard="1" dealt="1" sum="20"/>
</round>
<round no="1"><cards type="Pocket" player="Ankalaev">X X</cards>
<cards type="Pocket" player="soleres">X X</cards>
<cards type="Pocket" player="KOPKHUNKRAP">H3 H8</cards>
<action no="3" player="KOPKHUNKRAP" type="0" sum="0"/>
<action no="4" player="soleres" type="0" discard="1" dealt="1" sum="0"/>
</round>
</game>
<game gamecode="6522631508"><general><startdate>2025-11-04 11:47:52</startdate>
<round>1</round>
<failsafecounter/>
<players><player seat="6" name="KOPKHUNKRAP" chips="490" dealer="0" win="0" bet="20" muck="1" rebuy="0" addon="0" merge="0" rebuychips="0" reg_code="5070545414"/>
<player seat="10" name="soleres" chips="250" dealer="1" win="50" bet="250" muck="1" rebuy="0" addon="0" merge="0" rebuychips="0" reg_code="5070545505"/>
<player seat="3" name="Ankalaev" chips="760" dealer="0" win="0" bet="10" muck="1" rebuy="0" addon="0" merge="0" rebuychips="0" reg_code="5070544878"/>
</players>
</general>
<round no="0"><action no="1" player="Ankalaev" type="1" discard="1" dealt="1" sum="10"/>
<action no="2" player="KOPKHUNKRAP" type="2" sum="20"/>
</round>
<round no="1"><cards type="Pocket" player="soleres">X X</cards>
<cards type="Pocket" player="KOPKHUNKRAP">C5 HA</cards>
<cards type="Pocket" player="Ankalaev">X X</cards>
<action no="3" player="soleres" type="23" discard="1" dealt="1" sum="250"/>
<action no="4" player="Ankalaev" type="0" discard="1" dealt="1" sum="0"/>
<action no="5" player="KOPKHUNKRAP" type="0" sum="0"/>
</round>
</game>
<game gamecode="6522631551"><general><startdate>2025-11-04 11:48:20</startdate>
<round>1</round>
<failsafecounter/>
<players><player seat="10" name="soleres" chips="280" dealer="0" win="0" bet="20" muck="1" rebuy="0" addon="0" merge="0" rebuychips="0" reg_code="5070545505"/>
<player seat="3" name="Ankalaev" chips="750" dealer="1" win="0" bet="40" muck="1" rebuy="0" addon="0" merge="0" rebuychips="0" reg_code="5070544878"/>
<player seat="6" name="KOPKHUNKRAP" chips="470" dealer="0" win="100" bet="470" muck="1" rebuy="0" addon="0" merge="0" rebuychips="0" reg_code="5070545414"/>
</players>
</general>
<round no="0"><action no="1" player="KOPKHUNKRAP" type="1" sum="10"/>
<action no="2" player="soleres" type="2" discard="1" dealt="1" sum="20"/>
</round>
<round no="1"><cards type="Pocket" player="KOPKHUNKRAP">SQ SK</cards>
<cards type="Pocket" player="Ankalaev">X X</cards>
<cards type="Pocket" player="soleres">X X</cards>
<action no="3" player="Ankalaev" type="23" discard="1" dealt="1" sum="40"/>
<action no="4" player="KOPKHUNKRAP" type="23" sum="470"/>
<action no="5" player="soleres" type="0" discard="1" dealt="1" sum="0"/>
<action no="6" player="Ankalaev" type="0" discard="1" dealt="1" sum="0"/>
</round>
</game>
<game gamecode="6522631583"><general><startdate>2025-11-04 11:48:39</startdate>
<round>1</round>
<failsafecounter/>
<players><player seat="3" name="Ankalaev" chips="710" dealer="0" win="0" bet="35" muck="1" rebuy="0" addon="0" merge="0" rebuychips="0" reg_code="5070544878"/>
<player seat="6" name="KOPKHUNKRAP" chips="530" dealer="1" win="0" bet="5" muck="1" rebuy="0" addon="0" merge="0" rebuychips="0" reg_code="5070545414"/>
<player seat="10" name="soleres" chips="260" dealer="0" win="75" bet="260" muck="1" rebuy="0" addon="0" merge="0" rebuychips="0" reg_code="5070545505"/>
</players>
</general>
<round no="0"><action no="1" player="soleres" type="15" discard="1" dealt="1" sum="5"/>
<action no="2" player="Ankalaev" type="15" discard="1" dealt="1" sum="5"/>
<action no="3" player="KOPKHUNKRAP" type="15" sum="5"/>
<action no="4" player="soleres" type="1" discard="1" dealt="1" sum="15"/>
<action no="5" player="Ankalaev" type="2" discard="1" dealt="1" sum="30"/>
</round>
<round no="1"><cards type="Pocket" player="Ankalaev">X X</cards>
<cards type="Pocket" player="KOPKHUNKRAP">D4 D10</cards>
<cards type="Pocket" player="soleres">X X</cards>
<action no="6" player="KOPKHUNKRAP" type="0" sum="0"/>
<action no="7" player="soleres" type="23" discard="1" dealt="1" sum="255"/>
<action no="8" player="Ankalaev" type="0" discard="1" dealt="1" sum="0"/>
</round>
</game>
<game gamecode="6522631598"><general><startdate>2025-11-04 11:48:50</startdate>
<round>1</round>
<failsafecounter/>
<players><player seat="6" name="KOPKHUNKRAP" chips="525" dealer="0" win="105" bet="95" muck="1" rebuy="0" addon="0" merge="0" rebuychips="0" reg_code="5070545414"/>
<player seat="10" name="soleres" chips="300" dealer="1" win="0" bet="35" muck="1" rebuy="0" addon="0" merge="0" rebuychips="0" reg_code="5070545505"/>
<player seat="3" name="Ankalaev" chips="675" dealer="0" win="0" bet="35" muck="1" rebuy="0" addon="0" merge="0" rebuychips="0" reg_code="5070544878"/>
</players>
</general>
<round no="0"><action no="1" player="Ankalaev" type="15" discard="1" dealt="1" sum="5"/>
<action no="2" player="KOPKHUNKRAP" type="15" sum="5"/>
<action no="3" player="soleres" type="15" discard="1" dealt="1" sum="5"/>
<action no="4" player="Ankalaev" type="1" discard="1" dealt="1" sum="15"/>
<action no="5" player="KOPKHUNKRAP" type="2" sum="30"/>
</round>
<round no="1"><cards type="Pocket" player="soleres">X X</cards>
<cards type="Pocket" player="KOPKHUNKRAP">HA CA</cards>
<cards type="Pocket" player="Ankalaev">X X</cards>
<action no="6" player="soleres" type="3" discard="1" dealt="1" sum="30"/>
<action no="7" player="Ankalaev" type="3" discard="1" dealt="1" sum="15"/>
<action no="8" player="KOPKHUNKRAP" type="23" sum="90"/>
<action no="9" player="soleres" type="0" discard="1" dealt="1" sum="0"/>
<action no="10" player="Ankalaev" type="0" discard="1" dealt="1" sum="0"/>
</round>
</game>
<game gamecode="6522631633"><general><startdate>2025-11-04 11:49:10</startdate>
<round>1</round>
<failsafecounter/>
<players><player seat="10" name="soleres" chips="265" dealer="0" win="550" bet="265" muck="0" rebuy="0" addon="0" merge="0" rebuychips="0" reg_code="5070545505"/>
<player seat="3" name="Ankalaev" chips="640" dealer="1" win="0" bet="265" muck="1" rebuy="0" addon="0" merge="0" rebuychips="0" reg_code="5070544878"/>
<player seat="6" name="KOPKHUNKRAP" chips="595" dealer="0" win="0" bet="20" muck="1" rebuy="0" addon="0" merge="0" rebuychips="0" reg_code="5070545414"/>
</players>
</general>
<round no="0"><action no="1" player="KOPKHUNKRAP" type="15" sum="5"/>
<action no="2" player="soleres" type="15" discard="1" dealt="1" sum="5"/>
<action no="3" player="Ankalaev" type="15" discard="1" dealt="1" sum="5"/>
<action no="4" player="KOPKHUNKRAP" type="1" sum="15"/>
<action no="5" player="soleres" type="2" discard="1" dealt="1" sum="30"/>
</round>
<round no="1"><cards type="Pocket" player="soleres">D4 H5</cards>
<cards type="Pocket" player="KOPKHUNKRAP">H9 S8</cards>
<cards type="Pocket" player="Ankalaev">HA C2</cards>
<action no="6" player="Ankalaev" type="23" discard="1" dealt="1" sum="60"/>
<action no="7" player="KOPKHUNKRAP" type="0" sum="0"/>
<action no="8" player="soleres" type="3" discard="1" dealt="1" sum="30"/>
</round>
<round no="2"><cards type="Flop">H4 C5 H10</cards>
<action no="9" player="soleres" type="5" discard="1" dealt="1" sum="30"/>
<action no="10" player="Ankalaev" type="3" discard="1" dealt="1" sum="30"/>
</round>
<round no="3"><cards type="Turn">HJ</cards>
<action no="11" player="soleres" type="5" discard="1" dealt="1" sum="170"/>
<action no="12" player="Ankalaev" type="3" discard="1" dealt="1" sum="170"/>
</round>
<round no="4"><cards type="River">C7</cards>
</round>
</game>
<game gamecode="6522631686"><general><startdate>2025-11-04 11:49:42</startdate>
<round>1</round>
<failsafecounter/>
<players><player seat="3" name="Ankalaev" chips="375" dealer="0" win="0" bet="35" muck="1" rebuy="0" addon="0" merge="0" rebuychips="0" reg_code="5070544878"/>
<player seat="6" name="KOPKHUNKRAP" chips="575" dealer="1" win="0" bet="125" muck="1" rebuy="0" addon="0" merge="0" rebuychips="0" reg_code="5070545414"/>
<player seat="10" name="soleres" chips="550" dealer="0" win="285" bet="550" muck="1" rebuy="0" addon="0" merge="0" rebuychips="0" reg_code="5070545505"/>
</players>
</general>
<round no="0"><action no="1" player="soleres" type="15" discard="1" dealt="1" sum="5"/>
<action no="2" player="Ankalaev" type="15" discard="1" dealt="1" sum="5"/>
<action no="3" player="KOPKHUNKRAP" type="15" sum="5"/>
<action no="4" player="soleres" type="1" discard="1" dealt="1" sum="15"/>
<action no="5" player="Ankalaev" type="2" discard="1" dealt="1" sum="30"/>
</round>
<round no="1"><cards type="Pocket" player="KOPKHUNKRAP">D9 D8</cards>
<cards type="Pocket" player="soleres">X X</cards>
<cards type="Pocket" player="Ankalaev">X X</cards>
<action no="6" player="KOPKHUNKRAP" type="23" sum="60"/>
<action no="7" player="soleres" type="3" discard="1" dealt="1" sum="45"/>
<action no="8" player="Ankalaev" type="0" discard="1" dealt="1" sum="0"/>
</round>
<round no="2"><cards type="Flop">C6 SJ S6</cards>
<action no="9" player="soleres" type="4" discard="1" dealt="1" sum="0"/>
<action no="10" player="KOPKHUNKRAP" type="5" sum="60"/>
<action no="11" player="soleres" type="23" discard="1" dealt="1" sum="485"/>
<action no="12" player="KOPKHUNKRAP" type="0" sum="0"/>
</round>
</game>
<game gamecode="6522631745"><general><startdate>2025-11-04 11:50:14</startdate>
<round>1</round>
<failsafecounter/>
<players><player seat="6" name="KOPKHUNKRAP" chips="450" dealer="0" win="0" bet="35" muck="1" rebuy="0" addon="0" merge="0" rebuychips="0" reg_code="5070545414"/>
<player seat="10" name="soleres" chips="710" dealer="1" win="90" bet="95" muck="1" rebuy="0" addon="0" merge="0" rebuychips="0" reg_code="5070545505"/>
<player seat="3" name="Ankalaev" chips="340" dealer="0" win="0" bet="20" muck="1" rebuy="0" addon="0" merge="0" rebuychips="0" reg_code="5070544878"/>
</players>
</general>
<round no="0"><action no="1" player="Ankalaev" type="15" discard="1" dealt="1" sum="5"/>
<action no="2" player="KOPKHUNKRAP" type="15" sum="5"/>
<action no="3" player="soleres" type="15" discard="1" dealt="1" sum="5"/>
<action no="4" player="Ankalaev" type="1" discard="1" dealt="1" sum="15"/>
<action no="5" player="KOPKHUNKRAP" type="2" sum="30"/>
</round>
<round no="1"><cards type="Pocket" player="Ankalaev">X X</cards>
<cards type="Pocket" player="soleres">X X</cards>
<cards type="Pocket" player="KOPKHUNKRAP">H2 HJ</cards>
<action no="6" player="soleres" type="23" discard="1" dealt="1" sum="90"/>
<action no="7" player="Ankalaev" type="0" discard="1" dealt="1" sum="0"/>
<action no="8" player="KOPKHUNKRAP" type="0" sum="0"/>
</round>
</game>
<game gamecode="6522631776"><general><startdate>2025-11-04 11:50:31</startdate>
<round>1</round>
<failsafecounter/>
<players><player seat="10" name="soleres" chips="765" dealer="0" win="665" bet="320" muck="0" rebuy="0" addon="0" merge="0" rebuychips="0" reg_code="5070545505"/>
<player seat="3" name="Ankalaev" chips="320" dealer="1" win="0" bet="320" muck="0" rebuy="0" addon="0" merge="0" rebuychips="0" reg_code="5070544878"/>
<player seat="6" name="KOPKHUNKRAP" chips="415" dealer="0" win="0" bet="25" muck="1" rebuy="0" addon="0" merge="0" rebuychips="0" reg_code="5070545414"/>
</players>
</general>
<round no="0"><action no="1" player="KOPKHUNKRAP" type="15" sum="5"/>
<action no="2" player="soleres" type="15" discard="1" dealt="1" sum="5"/>
<action no="3" player="Ankalaev" type="15" discard="1" dealt="1" sum="5"/>
<action no="4" player="KOPKHUNKRAP" type="1" sum="20"/>
<action no="5" player="soleres" type="2" discard="1" dealt="1" sum="40"/>
</round>
<round no="1"><cards type="Pocket" player="KOPKHUNKRAP">S5 D3</cards>
<cards type="Pocket" player="soleres">DJ HA</cards>
<cards type="Pocket" player="Ankalaev">D9 D8</cards>
<action no="6" player="Ankalaev" type="23" discard="1" dealt="1" sum="315"/>
<action no="7" player="KOPKHUNKRAP" type="0" sum="0"/>
<action no="8" player="soleres" type="3" discard="1" dealt="1" sum="275"/>
</round>
<round no="2"><cards type="Flop">C6 S3 CK</cards>
</round>
<round no="3"><cards type="Turn">DA</cards>
</round>
<round no="4"><cards type="River">H10</cards>
</round>
</game>
<game gamecode="6522631817"><general><startdate>2025-11-04 11:50:52</startdate>
<round>1</round>
<failsafecounter/>
<players><player seat="10" name="soleres" chips="1,110" dealer="0" win="250" bet="285" muck="1" rebuy="0" addon="0" merge="0" rebuychips="0" reg_code="5070545505"/>
<player seat="6" name="KOPKHUNKRAP" chips="390" dealer="1" win="0" bet="125" muck="1" rebuy="0" addon="0" merge="0" rebuychips="0" reg_code="5070545414"/>
</players>
</general>
<round no="0"><action no="1" player="KOPKHUNKRAP" type="15" sum="5"/>
<action no="2" player="soleres" type="15" discard="1" dealt="1" sum="5"/>
<action no="3" player="KOPKHUNKRAP" type="1" sum="20"/>
<action no="4" player="soleres" type="2" discard="1" dealt="1" sum="40"/>
</round>
<round no="1"><cards type="Pocket" player="KOPKHUNKRAP">S7 DJ</cards>
<cards type="Pocket" player="soleres">X X</cards>
<action no="5" player="KOPKHUNKRAP" type="3" sum="20"/>
<action no="6" player="soleres" type="4" discard="1" dealt="1" sum="0"/>
</round>
<round no="2"><cards type="Flop">D7 S4 H3</cards>
<action no="7" player="soleres" type="4" discard="1" dealt="1" sum="0"/>
<action no="8" player="KOPKHUNKRAP" type="5" sum="40"/>
<action no="9" player="soleres" type="3" discard="1" dealt="1" sum="40"/>
</round>
<round no="3"><cards type="Turn">C9</cards>
<action no="10" player="soleres" type="4" discard="1" dealt="1" sum="0"/>
<action no="11" player="KOPKHUNKRAP" type="5" sum="40"/>
<action no="12" player="soleres" type="3" discard="1" dealt="1" sum="40"/>
</round>
<round no="4"><cards type="River">SK</cards>
<action no="13" player="soleres" type="5" discard="1" dealt="1" sum="160"/>
<action no="14" player="KOPKHUNKRAP" type="0" sum="0"/>
</round>
</game>
<game gamecode="6522631892"><general><startdate>2025-11-04 11:51:30</startdate>
<round>1</round>
<failsafecounter/>
<players><player seat="6" name="KOPKHUNKRAP" chips="265" dealer="0" win="0" bet="45" muck="1" rebuy="0" addon="0" merge="0" rebuychips="0" reg_code="5070545414"/>
<player seat="10" name="soleres" chips="1,235" dealer="1" win="90" bet="1,235" muck="1" rebuy="0" addon="0" merge="0" rebuychips="0" reg_code="5070545505"/>
</players>
</general>
<round no="0"><action no="1" player="soleres" type="15" discard="1" dealt="1" sum="5"/>
<action no="2" player="KOPKHUNKRAP" type="15" sum="5"/>
<action no="3" player="soleres" type="1" discard="1" dealt="1" sum="20"/>
<action no="4" player="KOPKHUNKRAP" type="2" sum="40"/>
</round>
<round no="1"><cards type="Pocket" player="soleres">X X</cards>
<cards type="Pocket" player="KOPKHUNKRAP">C4 C6</cards>
<action no="5" player="soleres" type="23" discard="1" dealt="1" sum="1,230"/>
<action no="6" player="KOPKHUNKRAP" type="0" sum="0"/>
</round>
</game>
<game gamecode="6522631924"><general><startdate>2025-11-04 11:51:48</startdate>
<round>1</round>
<failsafecounter/>
<players><player seat="10" name="soleres" chips="1,280" dealer="0" win="0" bet="45" muck="1" rebuy="0" addon="0" merge="0" rebuychips="0" reg_code="5070545505"/>
<player seat="6" name="KOPKHUNKRAP" chips="220" dealer="1" win="90" bet="220" muck="1" rebuy="0" addon="0" merge="0" rebuychips="0" reg_code="5070545414"/>
</players>
</general>
<round no="0"><action no="1" player="KOPKHUNKRAP" type="15" sum="5"/>
<action no="2" player="soleres" type="15" discard="1" dealt="1" sum="5"/>
<action no="3" player="KOPKHUNKRAP" type="1" sum="20"/>
<action no="4" player="soleres" type="2" discard="1" dealt="1" sum="40"/>
</round>
<round no="1"><cards type="Pocket" player="soleres">X X</cards>
<cards type="Pocket" player="KOPKHUNKRAP">SA C4</cards>
<action no="5" player="KOPKHUNKRAP" type="23" sum="215"/>
<action no="6" player="soleres" type="0" discard="1" dealt="1" sum="0"/>
</round>
</game>
<game gamecode="6522631934"><general><startdate>2025-11-04 11:51:55</startdate>
<round>1</round>
<failsafecounter/>
<players><player seat="6" name="KOPKHUNKRAP" chips="265" dealer="0" win="130" bet="265" muck="1" rebuy="0" addon="0" merge="0" rebuychips="0" reg_code="5070545414"/>
<player seat="10" name="soleres" chips="1,235" dealer="1" win="0" bet="65" muck="1" rebuy="0" addon="0" merge="0" rebuychips="0" reg_code="5070545505"/>
</players>
</general>
<round no="0"><action no="1" player="soleres" type="15" discard="1" dealt="1" sum="5"/>
<action no="2" player="KOPKHUNKRAP" type="15" sum="5"/>
<action no="3" player="soleres" type="1" discard="1" dealt="1" sum="30"/>
<action no="4" player="KOPKHUNKRAP" type="2" sum="60"/>
</round>
<round no="1"><cards type="Pocket" player="soleres">X X</cards>
<cards type="Pocket" player="KOPKHUNKRAP">C7 DA</cards>
<action no="5" player="soleres" type="3" discard="1" dealt="1" sum="30"/>
<action no="6" player="KOPKHUNKRAP" type="23" sum="260"/>
<action no="7" player="soleres" type="0" discard="1" dealt="1" sum="0"/>
</round>
</game>
<game gamecode="6522631958"><general><startdate>2025-11-04 11:52:07</startdate>
<round>1</round>
<failsafecounter/>
<players><player seat="10" name="soleres" chips="1,170" dealer="0" win="0" bet="65" muck="1" rebuy="0" addon="0" merge="0" rebuychips="0" reg_code="5070545505"/>
<player seat="6" name="KOPKHUNKRAP" chips="330" dealer="1" win="130" bet="330" muck="1" rebuy="0" addon="0" merge="0" rebuychips="0" reg_code="5070545414"/>
</players>
</general>
<round no="0"><action no="1" player="KOPKHUNKRAP" type="15" sum="5"/>
<action no="2" player="soleres" type="15" discard="1" dealt="1" sum="5"/>
<action no="3" player="KOPKHUNKRAP" type="1" sum="30"/>
<action no="4" player="soleres" type="2" discard="1" dealt="1" sum="60"/>
</round>
<round no="1"><cards type="Pocket" player="soleres">X X</cards>
<cards type="Pocket" player="KOPKHUNKRAP">SJ S4</cards>
<action no="5" player="KOPKHUNKRAP" type="23" sum="325"/>
<action no="6" player="soleres" type="0" discard="1" dealt="1" sum="0"/>
</round>
</game>
<game gamecode="6522631972"><general><startdate>2025-11-04 11:52:16</startdate>
<round>1</round>
<failsafecounter/>
<players><player seat="6" name="KOPKHUNKRAP" chips="395" dealer="0" win="790" bet="395" muck="0" rebuy="0" addon="0" merge="0" rebuychips="0" reg_code="5070545414"/>
<player seat="10" name="soleres" chips="1,105" dealer="1" win="0" bet="1,105" muck="1" rebuy="0" addon="0" merge="0" rebuychips="0" reg_code="5070545505"/>
</players>
</general>
<round no="0"><action no="1" player="soleres" type="15" discard="1" dealt="1" sum="5"/>
<action no="2" player="KOPKHUNKRAP" type="15" sum="5"/>
<action no="3" player="soleres" type="1" discard="1" dealt="1" sum="30"/>
<action no="4" player="KOPKHUNKRAP" type="2" sum="60"/>
</round>
<round no="1"><cards type="Pocket" player="KOPKHUNKRAP">D9 HK</cards>
<cards type="Pocket" player="soleres">S7 H4</cards>
<action no="5" player="soleres" type="23" discard="1" dealt="1" sum="1,100"/>
<action no="6" player="KOPKHUNKRAP" type="7" sum="330"/>
</round>
<round no="2"><cards type="Flop">H10 SQ S6</cards>
</round>
<round no="3"><cards type="Turn">D10</cards>
</round>
<round no="4"><cards type="River">CA</cards>
</round>
</game>
<game gamecode="6522632008"><general><startdate>2025-11-04 11:52:33</startdate>
<round>1</round>
<failsafecounter/>
<players><player seat="10" name="soleres" chips="710" dealer="0" win="0" bet="65" muck="1" rebuy="0" addon="0" merge="0" rebuychips="0" reg_code="5070545505"/>
<player seat="6" name="KOPKHUNKRAP" chips="790" dealer="1" win="130" bet="125" muck="1" rebuy="0" addon="0" merge="0" rebuychips="0" reg_code="5070545414"/>
</players>
</general>
<round no="0"><action no="1" player="KOPKHUNKRAP" type="15" sum="5"/>
<action no="2" player="soleres" type="15" discard="1" dealt="1" sum="5"/>
<action no="3" player="KOPKHUNKRAP" type="1" sum="30"/>
<action no="4" player="soleres" type="2" discard="1" dealt="1" sum="60"/>
</round>
<round no="1"><cards type="Pocket" player="KOPKHUNKRAP">C8 DK</cards>
<cards type="Pocket" player="soleres">X X</cards>
<action no="5" player="KOPKHUNKRAP" type="3" sum="30"/>
<action no="6" player="soleres" type="4" discard="1" dealt="1" sum="0"/>
</round>
<round no="2"><cards type="Flop">DQ H5 DA</cards>
<action no="7" player="soleres" type="4" discard="1" dealt="1" sum="0"/>
<action no="8" player="KOPKHUNKRAP" type="5" sum="60"/>
<action no="9" player="soleres" type="0" discard="1" dealt="1" sum="0"/>
</round>
</game>
<game gamecode="6522632047"><general><startdate>2025-11-04 11:52:57</startdate>
<round>1</round>
<failsafecounter/>
<players><player seat="6" name="KOPKHUNKRAP" chips="855" dealer="0" win="0" bet="65" muck="1" rebuy="0" addon="0" merge="0" rebuychips="0" reg_code="5070545414"/>
<player seat="10" name="soleres" chips="645" dealer="1" win="130" bet="645" muck="1" rebuy="0" addon="0" merge="0" rebuychips="0" reg_code="5070545505"/>
</players>
</general>
<round no="0"><action no="1" player="soleres" type="15" discard="1" dealt="1" sum="5"/>
<action no="2" player="KOPKHUNKRAP" type="15" sum="5"/>
<action no="3" player="soleres" type="1" discard="1" dealt="1" sum="30"/>
<action no="4" player="KOPKHUNKRAP" type="2" sum="60"/>
</round>
<round no="1"><cards type="Pocket" player="soleres">X X</cards>
<cards type="Pocket" player="KOPKHUNKRAP">C2 SJ</cards>
<action no="5" player="soleres" type="3" discard="1" dealt="1" sum="30"/>
<action no="6" player="KOPKHUNKRAP" type="4" sum="0"/>
</round>
<round no="2"><cards type="Flop">H10 HQ D9</cards>
<action no="7" player="KOPKHUNKRAP" type="4" sum="0"/>
<action no="8" player="soleres" type="5" discard="1" dealt="1" sum="580"/>
<action no="9" player="KOPKHUNKRAP" type="0" sum="0"/>
</round>
</game>
<game gamecode="6522632090"><general><startdate>2025-11-04 11:53:21</startdate>
<round>1</round>
<failsafecounter/>
<players><player seat="10" name="soleres" chips="710" dealer="0" win="0" bet="65" muck="1" rebuy="0" addon="0" merge="0" rebuychips="0" reg_code="5070545505"/>
<player seat="6" name="KOPKHUNKRAP" chips="790" dealer="1" win="130" bet="125" muck="1" rebuy="0" addon="0" merge="0" rebuychips="0" reg_code="5070545414"/>
</players>
</general>
<round no="0"><action no="1" player="KOPKHUNKRAP" type="15" sum="5"/>
<action no="2" player="soleres" type="15" discard="1" dealt="1" sum="5"/>
<action no="3" player="KOPKHUNKRAP" type="1" sum="30"/>
<action no="4" player="soleres" type="2" discard="1" dealt="1" sum="60"/>
</round>
<round no="1"><cards type="Pocket" player="soleres">X X</cards>
<cards type="Pocket" player="KOPKHUNKRAP">C4 S3</cards>
<action no="5" player="KOPKHUNKRAP" type="3" sum="30"/>
<action no="6" player="soleres" type="4" discard="1" dealt="1" sum="0"/>
</round>
<round no="2"><cards type="Flop">S10 CJ C5</cards>
<action no="7" player="soleres" type="4" discard="1" dealt="1" sum="0"/>
<action no="8" player="KOPKHUNKRAP" type="5" sum="60"/>
<action no="9" player="soleres" type="0" discard="1" dealt="1" sum="0"/>
</round>
</game>
<game gamecode="6522632112"><general><startdate>2025-11-04 11:53:35</startdate>
<round>1</round>
<failsafecounter/>
<players><player seat="6" name="KOPKHUNKRAP" chips="855" dealer="0" win="0" bet="88" muck="1" rebuy="0" addon="0" merge="0" rebuychips="0" reg_code="5070545414"/>
<player seat="10" name="soleres" chips="645" dealer="1" win="176" bet="645" muck="1" rebuy="0" addon="0" merge="0" rebuychips="0" reg_code="5070545505"/>
</players>
</general>
<round no="0"><action no="1" player="soleres" type="15" discard="1" dealt="1" sum="8"/>
<action no="2" player="KOPKHUNKRAP" type="15" sum="8"/>
<action no="3" player="soleres" type="1" discard="1" dealt="1" sum="40"/>
<action no="4" player="KOPKHUNKRAP" type="2" sum="80"/>
</round>
<round no="1"><cards type="Pocket" player="KOPKHUNKRAP">D8 CJ</cards>
<cards type="Pocket" player="soleres">X X</cards>
<action no="5" player="soleres" type="23" discard="1" dealt="1" sum="637"/>
<action no="6" player="KOPKHUNKRAP" type="0" sum="0"/>
</round>
</game>
<game gamecode="6522632134"><general><startdate>2025-11-04 11:53:46</startdate>
<round>1</round>
<failsafecounter/>
<players><player seat="10" name="soleres" chips="733" dealer="0" win="0" bet="88" muck="1" rebuy="0" addon="0" merge="0" rebuychips="0" reg_code="5070545505"/>
<player seat="6" name="KOPKHUNKRAP" chips="767" dealer="1" win="176" bet="767" muck="1" rebuy="0" addon="0" merge="0" rebuychips="0" reg_code="5070545414"/>
</players>
</general>
<round no="0"><action no="1" player="KOPKHUNKRAP" type="15" sum="8"/>
<action no="2" player="soleres" type="15" discard="1" dealt="1" sum="8"/>
<action no="3" player="KOPKHUNKRAP" type="1" sum="40"/>
<action no="4" player="soleres" type="2" discard="1" dealt="1" sum="80"/>
</round>
<round no="1"><cards type="Pocket" player="soleres">X X</cards>
<cards type="Pocket" player="KOPKHUNKRAP">C7 HK</cards>
<action no="5" player="KOPKHUNKRAP" type="23" sum="759"/>
<action no="6" player="soleres" type="0" discard="1" dealt="1" sum="0"/>
</round>
</game>
<game gamecode="6522632153"><general><startdate>2025-11-04 11:53:57</startdate>
<round>1</round>
<failsafecounter/>
<players><player seat="6" name="KOPKHUNKRAP" chips="855" dealer="0" win="0" bet="248" muck="1" rebuy="0" addon="0" merge="0" rebuychips="0" reg_code="5070545414"/>
<player seat="10" name="soleres" chips="645" dealer="1" win="496" bet="645" muck="1" rebuy="0" addon="0" merge="0" rebuychips="0" reg_code="5070545505"/>
</players>
</general>
<round no="0"><action no="1" player="soleres" type="15" discard="1" dealt="1" sum="8"/>
<action no="2" player="KOPKHUNKRAP" type="15" sum="8"/>
<action no="3" player="soleres" type="1" discard="1" dealt="1" sum="40"/>
<action no="4" player="KOPKHUNKRAP" type="2" sum="80"/>
</round>
<round no="1"><cards type="Pocket" player="KOPKHUNKRAP">H9 S6</cards>
<cards type="Pocket" player="soleres">X X</cards>
<action no="5" player="soleres" type="3" discard="1" dealt="1" sum="40"/>
<action no="6" player="KOPKHUNKRAP" type="4" sum="0"/>
</round>
<round no="2"><cards type="Flop">CQ SQ H6</cards>
<action no="7" player="KOPKHUNKRAP" type="4" sum="0"/>
<action no="8" player="soleres" type="4" discard="1" dealt="1" sum="0"/>
</round>
<round no="3"><cards type="Turn">D5</cards>
<action no="9" player="KOPKHUNKRAP" type="5" sum="80"/>
<action no="10" player="soleres" type="3" discard="1" dealt="1" sum="80"/>
</round>
<round no="4"><cards type="River">D8</cards>
<action no="11" player="KOPKHUNKRAP" type="5" sum="80"/>
<action no="12" player="soleres" type="23" discard="1" dealt="1" sum="477"/>
<action no="13" player="KOPKHUNKRAP" type="0" sum="0"/>
</round>
</game>
<game gamecode="6522632216"><general><startdate>2025-11-04 11:54:36</startdate>
<round>1</round>
<failsafecounter/>
<players><player seat="10" name="soleres" chips="893" dealer="0" win="0" bet="88" muck="1" rebuy="0" addon="0" merge="0" rebuychips="0" reg_code="5070545505"/>
<player seat="6" name="KOPKHUNKRAP" chips="607" dealer="1" win="176" bet="607" muck="1" rebuy="0" addon="0" merge="0" rebuychips="0" reg_code="5070545414"/>
</players>
</general>
<round no="0"><action no="1" player="KOPKHUNKRAP" type="15" sum="8"/>
<action no="2" player="soleres" type="15" discard="1" dealt="1" sum="8"/>
<action no="3" player="KOPKHUNKRAP" type="1" sum="40"/>
<action no="4" player="soleres" type="2" discard="1" dealt="1" sum="80"/>
</round>
<round no="1"><cards type="Pocket" player="soleres">X X</cards>
<cards type="Pocket" player="KOPKHUNKRAP">C10 HA</cards>
<action no="5" player="KOPKHUNKRAP" type="23" sum="599"/>
<action no="6" player="soleres" type="0" discard="1" dealt="1" sum="0"/>
</round>
</game>
<game gamecode="6522632234"><general><startdate>2025-11-04 11:54:48</startdate>
<round>1</round>
<failsafecounter/>
<players><player seat="6" name="KOPKHUNKRAP" chips="695" dealer="0" win="176" bet="88" muck="0" rebuy="0" addon="0" merge="0" rebuychips="0" reg_code="5070545414"/>
<player seat="10" name="soleres" chips="805" dealer="1" win="0" bet="88" muck="1" rebuy="0" addon="0" merge="0" rebuychips="0" reg_code="5070545505"/>
</players>
</general>
<round no="0"><action no="1" player="soleres" type="15" discard="1" dealt="1" sum="8"/>
<action no="2" player="KOPKHUNKRAP" type="15" sum="8"/>
<action no="3" player="soleres" type="1" discard="1" dealt="1" sum="40"/>
<action no="4" player="KOPKHUNKRAP" type="2" sum="80"/>
</round>
<round no="1"><cards type="Pocket" player="soleres">C10 S2</cards>
<cards type="Pocket" player="KOPKHUNKRAP">C3 H9</cards>
<action no="5" player="soleres" type="3" discard="1" dealt="1" sum="40"/>
<action no="6" player="KOPKHUNKRAP" type="4" sum="0"/>
</round>
<round no="2"><cards type="Flop">H3 SA C4</cards>
<action no="7" player="KOPKHUNKRAP" type="4" sum="0"/>
<action no="8" player="soleres" type="4" discard="1" dealt="1" sum="0"/>
</round>
<round no="3"><cards type="Turn">D6</cards>
<action no="9" player="KOPKHUNKRAP" type="4" sum="0"/>
<action no="10" player="soleres" type="4" discard="1" dealt="1" sum="0"/>
</round>
<round no="4"><cards type="River">D2</cards>
<action no="11" player="KOPKHUNKRAP" type="4" sum="0"/>
<action no="12" player="soleres" type="4" discard="1" dealt="1" sum="0"/>
</round>
</game>
<game gamecode="6522632276"><general><startdate>2025-11-04 11:55:13</startdate>
<round>1</round>
<failsafecounter/>
<players><player seat="10" name="soleres" chips="717" dealer="0" win="176" bet="717" muck="1" rebuy="0" addon="0" merge="0" rebuychips="0" reg_code="5070545505"/>
<player seat="6" name="KOPKHUNKRAP" chips="783" dealer="1" win="0" bet="88" muck="1" rebuy="0" addon="0" merge="0" rebuychips="0" reg_code="5070545414"/>
</players>
</general>
<round no="0"><action no="1" player="KOPKHUNKRAP" type="15" sum="8"/>
<action no="2" player="soleres" type="15" discard="1" dealt="1" sum="8"/>
<action no="3" player="KOPKHUNKRAP" type="1" sum="40"/>
<action no="4" player="soleres" type="2" discard="1" dealt="1" sum="80"/>
</round>
<round no="1"><cards type="Pocket" player="soleres">X X</cards>
<cards type="Pocket" player="KOPKHUNKRAP">C5 D4</cards>
<action no="5" player="KOPKHUNKRAP" type="3" sum="40"/>
<action no="6" player="soleres" type="23" discard="1" dealt="1" sum="709"/>
<action no="7" player="KOPKHUNKRAP" type="0" sum="0"/>
</round>
</game>
<game gamecode="6522636339"><general><startdate>2025-11-04 11:55:31</startdate>
<round>1</round>
<failsafecounter/>
<players><player seat="6" name="KOPKHUNKRAP" chips="695" dealer="0" win="0" bet="695" muck="0" rebuy="0" addon="0" merge="0" rebuychips="0" reg_code="5070545414"/>
<player seat="10" name="soleres" chips="805" dealer="1" win="1,390" bet="805" muck="0" rebuy="0" addon="0" merge="0" rebuychips="0" reg_code="5070545505"/>
</players>
</general>
<round no="0"><action no="1" player="soleres" type="15" discard="1" dealt="1" sum="10"/>
<action no="2" player="KOPKHUNKRAP" type="15" sum="10"/>
<action no="3" player="soleres" type="1" discard="1" dealt="1" sum="50"/>
<action no="4" player="KOPKHUNKRAP" type="2" sum="100"/>
</round>
<round no="1"><cards type="Pocket" player="soleres">H10 C9</cards>
<cards type="Pocket" player="KOPKHUNKRAP">DA S4</cards>
<action no="5" player="soleres" type="23" discard="1" dealt="1" sum="795"/>
<action no="6" player="KOPKHUNKRAP" type="7" sum="585"/>
</round>
<round no="2"><cards type="Flop">HK D8 S7</cards>
</round>
<round no="3"><cards type="Turn">C7</cards>
</round>
<round no="4"><cards type="River">SJ</cards>
</round>
</game>
</session>
