<?xml version="1.0" encoding="UTF-8"?>
<session sessioncode="5070506271">
<general>
<client_version>25.1.1.16</client_version>
<mode>real</mode>
<gametype>Holdem NL</gametype>
<tablename>Twister €100 SNG, 821027997</tablename>
<tournamentcode>821027996</tournamentcode>
<tournamentname>Twister €100 SNG</tournamentname>
<buyin>€0 + €7 + €93</buyin>
<totalbuyin>€100</totalbuyin>
<rewarddrawn>€200</rewarddrawn>
<tournamentcurrency>EUR</tournamentcurrency>
<currency>EUR</currency>
<nickname>KOPKHUNKRAP</nickname>
<gamecount>12</gamecount>
<startdate>2025-11-04 01:25:04</startdate>
<place>1</place>
<win>€200</win>
<tablesize>3</tablesize>
</general>
<game gamecode="6522459846"><general><startdate>2025-11-04 01:25:19</startdate>
<round>1</round>
<failsafecounter/>
<players><player seat="3" name="Beddazzo" chips="500" dealer="0" win="0" bet="40" muck="1" rebuy="0" addon="0" merge="0" rebuychips="0" reg_code="5070506252"/>
<player seat="6" name="KOPKHUNKRAP" chips="500" dealer="1" win="90" bet="60" muck="1" rebuy="0" addon="0" merge="0" rebuychips="0" reg_code="5070506271"/>
<player seat="10" name="Tiuualex" chips="500" dealer="0" win="0" bet="10" muck="1" rebuy="0" addon="0" merge="0" rebuychips="0" reg_code="5070506275"/>
</players>
</general>
<round no="0"><action no="1" player="Tiuualex" type="1" discard="1" dealt="1" sum="10"/>
<action no="2" player="Beddazzo" type="2" discard="1" dealt="1" sum="20"/>
</round>
<round no="1"><cards type="Pocket" player="Beddazzo">X X</cards>
<cards type="Pocket" player="KOPKHUNKRAP">S6 C6</cards>
<cards type="Pocket" player="Tiuualex">X X</cards>
<action no="3" player="KOPKHUNKRAP" type="23" sum="40"/>
<action no="4" player="Tiuualex" type="0" discard="1" dealt="1" sum="0"/>
<action no="5" player="Beddazzo" type="3" discard="1" dealt="1" sum="20"/>
</round>
<round no="2"><cards type="Flop">DK CQ D4</cards>
<action no="6" player="Beddazzo" type="4" discard="1" dealt="1" sum="0"/>
<action no="7" player="KOPKHUNKRAP" type="5" sum="20"/>
<action no="8" player="Beddazzo" type="0" discard="1" dealt="1" sum="0"/>
</round>
</game>
<game gamecode="6522459872"><general><startdate>2025-11-04 01:25:33</startdate>
<round>1</round>
<failsafecounter/>
<players><player seat="6" name="KOPKHUNKRAP" chips="550" dealer="0" win="134" bet="152" muck="1" rebuy="0" addon="0" merge="0" rebuychips="0" reg_code="5070506271"/>
<player seat="10" name="Tiuualex" chips="490" dealer="1" win="0" bet="62" muck="1" rebuy="0" addon="0" merge="0" rebuychips="0" reg_code="5070506275"/>
<player seat="3" name="Beddazzo" chips="460" dealer="0" win="0" bet="10" muck="1" rebuy="0" addon="0" merge="0" rebuychips="0" reg_code="5070506252"/>
</players>
</general>
<round no="0"><action no="1" player="Beddazzo" type="1" discard="1" dealt="1" sum="10"/>
<action no="2" player="KOPKHUNKRAP" type="2" sum="20"/>
</round>
<round no="1"><cards type="Pocket" player="Beddazzo">X X</cards>
<cards type="Pocket" player="KOPKHUNKRAP">S4 HA</cards>
<cards type="Pocket" player="Tiuualex">X X</cards>
<action no="3" player="Tiuualex" type="23" discard="1" dealt="1" sum="40"/>
<action no="4" player="Beddazzo" type="0" discard="1" dealt="1" sum="0"/>
<action no="5" player="KOPKHUNKRAP" type="3" sum="20"/>
</round>
<round no="2"><cards type="Flop">H3 CA C10</cards>
<action no="6" player="KOPKHUNKRAP" type="4" sum="0"/>
<action no="7" player="Tiuualex" type="5" discard="1" dealt="1" sum="22"/>
<action no="8" player="KOPKHUNKRAP" type="3" sum="22"/>
</round>
<round no="3"><cards type="Turn">S10</cards>
<action no="9" player="KOPKHUNKRAP" type="4" sum="0"/>
<action no="10" player="Tiuualex" type="4" discard="1" dealt="1" sum="0"/>
</round>
<round no="4"><cards type="River">S2</cards>
<action no="11" player="KOPKHUNKRAP" type="5" sum="90"/>
<action no="12" player="Tiuualex" type="0" discard="1" dealt="1" sum="0"/>
</round>
</game>
<game gamecode="6522459973"><general><startdate>2025-11-04 01:26:28</startdate>
<round>1</round>
<failsafecounter/>
<players><player seat="10" name="Tiuualex" chips="428" dealer="0" win="0" bet="20" muck="1" rebuy="0" addon="0" merge="0" rebuychips="0" reg_code="5070506275"/>
<player seat="3" name="Beddazzo" chips="450" dealer="1" win="50" bet="60" muck="1" rebuy="0" addon="0" merge="0" rebuychips="0" reg_code="5070506252"/>
<player seat="6" name="KOPKHUNKRAP" chips="622" dealer="0" win="0" bet="10" muck="1" rebuy="0" addon="0" merge="0" rebuychips="0" reg_code="5070506271"/>
</players>
</general>
<round no="0"><action no="1" player="KOPKHUNKRAP" type="1" sum="10"/>
<action no="2" player="Tiuualex" type="2" discard="1" dealt="1" sum="20"/>
</round>
<round no="1"><cards type="Pocket" player="Tiuualex">X X</cards>
<cards type="Pocket" player="Beddazzo">X X</cards>
<cards type="Pocket" player="KOPKHUNKRAP">S3 D9</cards>
<action no="3" player="Beddazzo" type="23" discard="1" dealt="1" sum="60"/>
<action no="4" player="KOPKHUNKRAP" type="0" sum="0"/>
<action no="5" player="Tiuualex" type="0" discard="1" dealt="1" sum="0"/>
</round>
</game>
<game gamecode="6522460019"><general><startdate>2025-11-04 01:26:49</startdate>
<round>1</round>
<failsafecounter/>
<players><player seat="3" name="Beddazzo" chips="480" dealer="0" win="40" bet="60" muck="1" rebuy="0" addon="0" merge="0" rebuychips="0" reg_code="5070506252"/>
<player seat="6" name="KOPKHUNKRAP" chips="612" dealer="1" win="0" bet="0" muck="1" rebuy="0" addon="0" merge="0" rebuychips="0" reg_code="5070506271"/>
<player seat="10" name="Tiuualex" chips="408" dealer="0" win="0" bet="20" muck="1" rebuy="0" addon="0" merge="0" rebuychips="0" reg_code="5070506275"/>
</players>
</general>
<round no="0"><action no="1" player="Tiuualex" type="1" discard="1" dealt="1" sum="10"/>
<action no="2" player="Beddazzo" type="2" discard="1" dealt="1" sum="20"/>
</round>
<round no="1"><cards type="Pocket" player="KOPKHUNKRAP">H9 C8</cards>
<cards type="Pocket" player="Beddazzo">X X</cards>
<cards type="Pocket" player="Tiuualex">X X</cards>
<action no="3" player="KOPKHUNKRAP" type="0" sum="0"/>
<action no="4" player="Tiuualex" type="3" discard="1" dealt="1" sum="10"/>
<action no="5" player="Beddazzo" type="23" discard="1" dealt="1" sum="60"/>
<action no="6" player="Tiuualex" type="0" discard="1" dealt="1" sum="0"/>
</round>
</game>
<game gamecode="6522460045"><general><startdate>2025-11-04 01:27:02</startdate>
<round>1</round>
<failsafecounter/>
<players><player seat="6" name="KOPKHUNKRAP" chips="612" dealer="0" win="75" bet="65" muck="1" rebuy="0" addon="0" merge="0" rebuychips="0" reg_code="5070506271"/>
<player seat="10" name="Tiuualex" chips="388" dealer="1" win="0" bet="5" muck="1" rebuy="0" addon="0" merge="0" rebuychips="0" reg_code="5070506275"/>
<player seat="3" name="Beddazzo" chips="500" dealer="0" win="0" bet="35" muck="1" rebuy="0" addon="0" merge="0" rebuychips="0" reg_code="5070506252"/>
</players>
</general>
<round no="0"><action no="1" player="Beddazzo" type="15" discard="1" dealt="1" sum="5"/>
<action no="2" player="KOPKHUNKRAP" type="15" sum="5"/>
<action no="3" player="Tiuualex" type="15" discard="1" dealt="1" sum="5"/>
<action no="4" player="Beddazzo" type="1" discard="1" dealt="1" sum="15"/>
<action no="5" player="KOPKHUNKRAP" type="2" sum="30"/>
</round>
<round no="1"><cards type="Pocket" player="KOPKHUNKRAP">C6 H10</cards>
<cards type="Pocket" player="Beddazzo">X X</cards>
<cards type="Pocket" player="Tiuualex">X X</cards>
<action no="6" player="Tiuualex" type="0" discard="1" dealt="1" sum="0"/>
<action no="7" player="Beddazzo" type="3" discard="1" dealt="1" sum="15"/>
<action no="8" player="KOPKHUNKRAP" type="4" sum="0"/>
</round>
<round no="2"><cards type="Flop">C7 C4 C10</cards>
<action no="9" player="Beddazzo" type="4" discard="1" dealt="1" sum="0"/>
<action no="10" player="KOPKHUNKRAP" type="5" sum="30"/>
<action no="11" player="Beddazzo" type="0" discard="1" dealt="1" sum="0"/>
</round>
</game>
<game gamecode="6522460076"><general><startdate>2025-11-04 01:27:19</startdate>
<round>1</round>
<failsafecounter/>
<players><player seat="10" name="Tiuualex" chips="383" dealer="0" win="45" bet="35" muck="1" rebuy="0" addon="0" merge="0" rebuychips="0" reg_code="5070506275"/>
<player seat="3" name="Beddazzo" chips="465" dealer="1" win="0" bet="5" muck="1" rebuy="0" addon="0" merge="0" rebuychips="0" reg_code="5070506252"/>
<player seat="6" name="KOPKHUNKRAP" chips="652" dealer="0" win="0" bet="20" muck="1" rebuy="0" addon="0" merge="0" rebuychips="0" reg_code="5070506271"/>
</players>
</general>
<round no="0"><action no="1" player="KOPKHUNKRAP" type="15" sum="5"/>
<action no="2" player="Tiuualex" type="15" discard="1" dealt="1" sum="5"/>
<action no="3" player="Beddazzo" type="15" discard="1" dealt="1" sum="5"/>
<action no="4" player="KOPKHUNKRAP" type="1" sum="15"/>
<action no="5" player="Tiuualex" type="2" discard="1" dealt="1" sum="30"/>
</round>
<round no="1"><cards type="Pocket" player="Beddazzo">X X</cards>
<cards type="Pocket" player="Tiuualex">X X</cards>
<cards type="Pocket" player="KOPKHUNKRAP">S6 D5</cards>
<action no="6" player="Beddazzo" type="0" discard="1" dealt="1" sum="0"/>
<action no="7" player="KOPKHUNKRAP" type="0" sum="0"/>
</round>
</game>
<game gamecode="6522460091"><general><startdate>2025-11-04 01:27:26</startdate>
<round>1</round>
<failsafecounter/>
<players><player seat="3" name="Beddazzo" chips="460" dealer="0" win="0" bet="460" muck="0" rebuy="0" addon="0" merge="0" rebuychips="0" reg_code="5070506252"/>
<player seat="6" name="KOPKHUNKRAP" chips="632" dealer="1" win="940" bet="460" muck="0" rebuy="0" addon="0" merge="0" rebuychips="0" reg_code="5070506271"/>
<player seat="10" name="Tiuualex" chips="408" dealer="0" win="0" bet="20" muck="1" rebuy="0" addon="0" merge="0" rebuychips="0" reg_code="5070506275"/>
</players>
</general>
<round no="0"><action no="1" player="Tiuualex" type="15" discard="1" dealt="1" sum="5"/>
<action no="2" player="Beddazzo" type="15" discard="1" dealt="1" sum="5"/>
<action no="3" player="KOPKHUNKRAP" type="15" sum="5"/>
<action no="4" player="Tiuualex" type="1" discard="1" dealt="1" sum="15"/>
<action no="5" player="Beddazzo" type="2" discard="1" dealt="1" sum="30"/>
</round>
<round no="1"><cards type="Pocket" player="KOPKHUNKRAP">CA HA</cards>
<cards type="Pocket" player="Beddazzo">SA DQ</cards>
<cards type="Pocket" player="Tiuualex">X X</cards>
<action no="6" player="KOPKHUNKRAP" type="23" sum="60"/>
<action no="7" player="Tiuualex" type="0" discard="1" dealt="1" sum="0"/>
<action no="8" player="Beddazzo" type="23" discard="1" dealt="1" sum="455"/>
<action no="9" player="KOPKHUNKRAP" type="3" sum="395"/>
</round>
<round no="2"><cards type="Flop">D5 DK S4</cards>
</round>
<round no="3"><cards type="Turn">S3</cards>
</round>
<round no="4"><cards type="River">C7</cards>
</round>
</game>
<game gamecode="6522460130"><general><startdate>2025-11-04 01:27:46</startdate>
<round>1</round>
<failsafecounter/>
<players><player seat="6" name="KOPKHUNKRAP" chips="1,112" dealer="0" win="0" bet="160" muck="0" rebuy="0" addon="0" merge="0" rebuychips="0" reg_code="5070506271"/>
<player seat="10" name="Tiuualex" chips="388" dealer="1" win="320" bet="160" muck="0" rebuy="0" addon="0" merge="0" rebuychips="0" reg_code="5070506275"/>
</players>
</general>
<round no="0"><action no="1" player="Tiuualex" type="15" discard="1" dealt="1" sum="5"/>
<action no="2" player="KOPKHUNKRAP" type="15" sum="5"/>
<action no="3" player="Tiuualex" type="1" discard="1" dealt="1" sum="15"/>
<action no="4" player="KOPKHUNKRAP" type="2" sum="30"/>
</round>
<round no="1"><cards type="Pocket" player="KOPKHUNKRAP">C10 SJ</cards>
<cards type="Pocket" player="Tiuualex">DA D6</cards>
<action no="5" player="Tiuualex" type="3" discard="1" dealt="1" sum="15"/>
<action no="6" player="KOPKHUNKRAP" type="4" sum="0"/>
</round>
<round no="2"><cards type="Flop">CA SA SK</cards>
<action no="7" player="KOPKHUNKRAP" type="4" sum="0"/>
<action no="8" player="Tiuualex" type="5" discard="1" dealt="1" sum="35"/>
<action no="9" player="KOPKHUNKRAP" type="3" sum="35"/>
</round>
<round no="3"><cards type="Turn">S7</cards>
<action no="10" player="KOPKHUNKRAP" type="4" sum="0"/>
<action no="11" player="Tiuualex" type="4" discard="1" dealt="1" sum="0"/>
</round>
<round no="4"><cards type="River">H8</cards>
<action no="12" player="KOPKHUNKRAP" type="5" sum="90"/>
<action no="13" player="Tiuualex" type="3" discard="1" dealt="1" sum="90"/>
</round>
</game>
<game gamecode="6522468334"><general><startdate>2025-11-04 01:28:32</startdate>
<round>1</round>
<failsafecounter/>
<players><player seat="10" name="Tiuualex" chips="548" dealer="0" win="1,096" bet="548" muck="0" rebuy="0" addon="0" merge="0" rebuychips="0" reg_code="5070506275"/>
<player seat="6" name="KOPKHUNKRAP" chips="952" dealer="1" win="0" bet="952" muck="1" rebuy="0" addon="0" merge="0" rebuychips="0" reg_code="5070506271"/>
</players>
</general>
<round no="0"><action no="1" player="KOPKHUNKRAP" type="15" sum="5"/>
<action no="2" player="Tiuualex" type="15" discard="1" dealt="1" sum="5"/>
<action no="3" player="KOPKHUNKRAP" type="1" sum="15"/>
<action no="4" player="Tiuualex" type="2" discard="1" dealt="1" sum="30"/>
</round>
<round no="1"><cards type="Pocket" player="KOPKHUNKRAP">SQ H6</cards>
<cards type="Pocket" player="Tiuualex">S6 S10</cards>
<action no="5" player="KOPKHUNKRAP" type="3" sum="15"/>
<action no="6" player="Tiuualex" type="4" discard="1" dealt="1" sum="0"/>
</round>
<round no="2"><cards type="Flop">D6 D5 C2</cards>
<action no="7" player="Tiuualex" type="4" discard="1" dealt="1" sum="0"/>
<action no="8" player="KOPKHUNKRAP" type="5" sum="30"/>
<action no="9" player="Tiuualex" type="23" discard="1" dealt="1" sum="120"/>
<action no="10" player="KOPKHUNKRAP" type="23" sum="917"/>
<action no="11" player="Tiuualex" type="7" discard="1" dealt="1" sum="393"/>
</round>
<round no="3"><cards type="Turn">HK</cards>
</round>
<round no="4"><cards type="River">D10</cards>
</round>
</game>
<game gamecode="6522468411"><general><startdate>2025-11-04 01:29:25</startdate>
<round>1</round>
<failsafecounter/>
<players><player seat="6" name="KOPKHUNKRAP" chips="404" dealer="0" win="808" bet="404" muck="0" rebuy="0" addon="0" merge="0" rebuychips="0" reg_code="5070506271"/>
<player seat="10" name="Tiuualex" chips="1,096" dealer="1" win="0" bet="404" muck="1" rebuy="0" addon="0" merge="0" rebuychips="0" reg_code="5070506275"/>
</players>
</general>
<round no="0"><action no="1" player="Tiuualex" type="15" discard="1" dealt="1" sum="5"/>
<action no="2" player="KOPKHUNKRAP" type="15" sum="5"/>
<action no="3" player="Tiuualex" type="1" discard="1" dealt="1" sum="20"/>
<action no="4" player="KOPKHUNKRAP" type="2" sum="40"/>
</round>
<round no="1"><cards type="Pocket" player="KOPKHUNKRAP">S10 D7</cards>
<cards type="Pocket" player="Tiuualex">C7 D9</cards>
<action no="5" player="Tiuualex" type="3" discard="1" dealt="1" sum="20"/>
<action no="6" player="KOPKHUNKRAP" type="4" sum="0"/>
</round>
<round no="2"><cards type="Flop">S7 S4 C5</cards>
<action no="7" player="KOPKHUNKRAP" type="4" sum="0"/>
<action no="8" player="Tiuualex" type="5" discard="1" dealt="1" sum="45"/>
<action no="9" player="KOPKHUNKRAP" type="23" sum="359"/>
<action no="10" player="Tiuualex" type="3" discard="1" dealt="1" sum="314"/>
</round>
<round no="3"><cards type="Turn">DJ</cards>
</round>
<round no="4"><cards type="River">H8</cards>
</round>
</game>
<game gamecode="6522468464"><general><startdate>2025-11-04 01:29:59</startdate>
<round>1</round>
<failsafecounter/>
<players><player seat="10" name="Tiuualex" chips="692" dealer="0" win="0" bet="105" muck="1" rebuy="0" addon="0" merge="0" rebuychips="0" reg_code="5070506275"/>
<player seat="6" name="KOPKHUNKRAP" chips="808" dealer="1" win="210" bet="808" muck="1" rebuy="0" addon="0" merge="0" rebuychips="0" reg_code="5070506271"/>
</players>
</general>
<round no="0"><action no="1" player="KOPKHUNKRAP" type="15" sum="5"/>
<action no="2" player="Tiuualex" type="15" discard="1" dealt="1" sum="5"/>
<action no="3" player="KOPKHUNKRAP" type="1" sum="20"/>
<action no="4" player="Tiuualex" type="2" discard="1" dealt="1" sum="40"/>
</round>
<round no="1"><cards type="Pocket" player="Tiuualex">X X</cards>
<cards type="Pocket" player="KOPKHUNKRAP">CA H7</cards>
<action no="5" player="KOPKHUNKRAP" type="3" sum="20"/>
<action no="6" player="Tiuualex" type="23" discard="1" dealt="1" sum="100"/>
<action no="7" player="KOPKHUNKRAP" type="23" sum="803"/>
<action no="8" player="Tiuualex" type="0" discard="1" dealt="1" sum="0"/>
</round>
</game>
<game gamecode="6522468492"><general><startdate>2025-11-04 01:30:17</startdate>
<round>1</round>
<failsafecounter/>
<players><player seat="6" name="KOPKHUNKRAP" chips="913" dealer="0" win="1,174" bet="587" muck="0" rebuy="0" addon="0" merge="0" rebuychips="0" reg_code="5070506271"/>
<player seat="10" name="Tiuualex" chips="587" dealer="1" win="0" bet="587" muck="0" rebuy="0" addon="0" merge="0" rebuychips="0" reg_code="5070506275"/>
</players>
</general>
<round no="0"><action no="1" player="Tiuualex" type="15" discard="1" dealt="1" sum="5"/>
<action no="2" player="KOPKHUNKRAP" type="15" sum="5"/>
<action no="3" player="Tiuualex" type="1" discard="1" dealt="1" sum="20"/>
<action no="4" player="KOPKHUNKRAP" type="2" sum="40"/>
</round>
<round no="1"><cards type="Pocket" player="Tiuualex">SK D9</cards>
<cards type="Pocket" player="KOPKHUNKRAP">CJ C10</cards>
<action no="5" player="Tiuualex" type="3" discard="1" dealt="1" sum="20"/>
<action no="6" player="KOPKHUNKRAP" type="23" sum="120"/>
<action no="7" player="Tiuualex" type="23" discard="1" dealt="1" sum="582"/>
<action no="8" player="KOPKHUNKRAP" type="3" sum="462"/>
</round>
<round no="2"><cards type="Flop">H8 C3 C7</cards>
</round>
<round no="3"><cards type="Turn">C5</cards>
</round>
<round no="4"><cards type="River">DA</cards>
</round>
</game>
</session>
