<?xml version="1.0" encoding="UTF-8"?>
<session sessioncode="5070508024">
<general>
<client_version>25.1.1.16</client_version>
<mode>real</mode>
<gametype>Holdem NL</gametype>
<tablename>Twister €100 SNG, 821028906</tablename>
<tournamentcode>821028905</tournamentcode>
<tournamentname>Twister €100 SNG</tournamentname>
<buyin>€0 + €7 + €93</buyin>
<totalbuyin>€100</totalbuyin>
<rewarddrawn>€200</rewarddrawn>
<tournamentcurrency>EUR</tournamentcurrency>
<currency>EUR</currency>
<nickname>KOPKHUNKRAP</nickname>
<gamecount>7</gamecount>
<startdate>2025-11-04 01:39:29</startdate>
<place>3</place>
<win>€0</win>
<tablesize>3</tablesize>
</general>
<game gamecode="6522479197"><general><startdate>2025-11-04 01:39:44</startdate>
<round>1</round>
<failsafecounter/>
<players><player seat="3" name="KOPKHUNKRAP" chips="500" dealer="0" win="0" bet="20" muck="1" rebuy="0" addon="0" merge="0" rebuychips="0" reg_code="5070508024"/>
<player seat="6" name="OndaBianca1" chips="500" dealer="1" win="50" bet="40" muck="1" rebuy="0" addon="0" merge="0" rebuychips="0" reg_code="5070508048"/>
<player seat="10" name="SVcavalletta34" chips="500" dealer="0" win="0" bet="10" muck="1" rebuy="0" addon="0" merge="0" rebuychips="0" reg_code="5070508094"/>
</players>
</general>
<round no="0"><action no="1" player="SVcavalletta34" type="1" discard="1" dealt="1" sum="10"/>
<action no="2" player="KOPKHUNKRAP" type="2" sum="20"/>
</round>
<round no="1"><cards type="Pocket" player="KOPKHUNKRAP">S5 D10</cards>
<cards type="Pocket" player="OndaBianca1">X X</cards>
<cards type="Pocket" player="SVcavalletta34">X X</cards>
<action no="3" player="OndaBianca1" type="23" discard="1" dealt="1" sum="40"/>
<action no="4" player="SVcavalletta34" type="0" discard="1" dealt="1" sum="0"/>
<action no="5" player="KOPKHUNKRAP" type="0" sum="0"/>
</round>
</game>
<game gamecode="6522479224"><general><startdate>2025-11-04 01:39:56</startdate>
<round>1</round>
<failsafecounter/>
<players><player seat="6" name="OndaBianca1" chips="530" dealer="0" win="0" bet="146" muck="1" rebuy="0" addon="0" merge="0" rebuychips="0" reg_code="5070508048"/>
<player seat="10" name="SVcavalletta34" chips="490" dealer="1" win="302" bet="146" muck="0" rebuy="0" addon="0" merge="0" rebuychips="0" reg_code="5070508094"/>
<player seat="3" name="KOPKHUNKRAP" chips="480" dealer="0" win="0" bet="10" muck="1" rebuy="0" addon="0" merge="0" rebuychips="0" reg_code="5070508024"/>
</players>
</general>
<round no="0"><action no="1" player="KOPKHUNKRAP" type="1" sum="10"/>
<action no="2" player="OndaBianca1" type="2" discard="1" dealt="1" sum="20"/>
</round>
<round no="1"><cards type="Pocket" player="SVcavalletta34">D7 D5</cards>
<cards type="Pocket" player="KOPKHUNKRAP">S6 C10</cards>
<cards type="Pocket" player="OndaBianca1">CJ S9</cards>
<action no="3" player="SVcavalletta34" type="23" discard="1" dealt="1" sum="40"/>
<action no="4" player="KOPKHUNKRAP" type="0" sum="0"/>
<action no="5" player="OndaBianca1" type="3" discard="1" dealt="1" sum="20"/>
</round>
<round no="2"><cards type="Flop">D9 D3 SQ</cards>
<action no="6" player="OndaBianca1" type="4" discard="1" dealt="1" sum="0"/>
<action no="7" player="SVcavalletta34" type="4" discard="1" dealt="1" sum="0"/>
</round>
<round no="3"><cards type="Turn">C3</cards>
<action no="8" player="OndaBianca1" type="4" discard="1" dealt="1" sum="0"/>
<action no="9" player="SVcavalletta34" type="4" discard="1" dealt="1" sum="0"/>
</round>
<round no="4"><cards type="River">DJ</cards>
<action no="10" player="OndaBianca1" type="5" discard="1" dealt="1" sum="23"/>
<action no="11" player="SVcavalletta34" type="23" discard="1" dealt="1" sum="106"/>
<action no="12" player="OndaBianca1" type="3" discard="1" dealt="1" sum="83"/>
</round>
</game>
<game gamecode="6522479344"><general><startdate>2025-11-04 01:40:37</startdate>
<round>1</round>
<failsafecounter/>
<players><player seat="10" name="SVcavalletta34" chips="646" dealer="0" win="120" bet="60" muck="0" rebuy="0" addon="0" merge="0" rebuychips="0" reg_code="5070508094"/>
<player seat="3" name="KOPKHUNKRAP" chips="470" dealer="1" win="0" bet="0" muck="1" rebuy="0" addon="0" merge="0" rebuychips="0" reg_code="5070508024"/>
<player seat="6" name="OndaBianca1" chips="384" dealer="0" win="0" bet="60" muck="1" rebuy="0" addon="0" merge="0" rebuychips="0" reg_code="5070508048"/>
</players>
</general>
<round no="0"><action no="1" player="OndaBianca1" type="1" discard="1" dealt="1" sum="10"/>
<action no="2" player="SVcavalletta34" type="2" discard="1" dealt="1" sum="20"/>
</round>
<round no="1"><cards type="Pocket" player="OndaBianca1">CK C2</cards>
<cards type="Pocket" player="SVcavalletta34">CA D10</cards>
<cards type="Pocket" player="KOPKHUNKRAP">S2 H2</cards>
<action no="3" player="KOPKHUNKRAP" type="0" sum="0"/>
<action no="4" player="OndaBianca1" type="3" discard="1" dealt="1" sum="10"/>
<action no="5" player="SVcavalletta34" type="23" discard="1" dealt="1" sum="60"/>
<action no="6" player="OndaBianca1" type="3" discard="1" dealt="1" sum="40"/>
</round>
<round no="2"><cards type="Flop">C5 S5 S7</cards>
<action no="7" player="OndaBianca1" type="4" discard="1" dealt="1" sum="0"/>
<action no="8" player="SVcavalletta34" type="4" discard="1" dealt="1" sum="0"/>
</round>
<round no="3"><cards type="Turn">H5</cards>
<action no="9" player="OndaBianca1" type="4" discard="1" dealt="1" sum="0"/>
<action no="10" player="SVcavalletta34" type="4" discard="1" dealt="1" sum="0"/>
</round>
<round no="4"><cards type="River">C6</cards>
<action no="11" player="OndaBianca1" type="4" discard="1" dealt="1" sum="0"/>
<action no="12" player="SVcavalletta34" type="4" discard="1" dealt="1" sum="0"/>
</round>
</game>
<game gamecode="6522479410"><general><startdate>2025-11-04 01:41:05</startdate>
<round>1</round>
<failsafecounter/>
<players><player seat="3" name="KOPKHUNKRAP" chips="470" dealer="0" win="400" bet="470" muck="1" rebuy="0" addon="0" merge="0" rebuychips="0" reg_code="5070508024"/>
<player seat="6" name="OndaBianca1" chips="324" dealer="1" win="0" bet="0" muck="1" rebuy="0" addon="0" merge="0" rebuychips="0" reg_code="5070508048"/>
<player seat="10" name="SVcavalletta34" chips="706" dealer="0" win="0" bet="200" muck="1" rebuy="0" addon="0" merge="0" rebuychips="0" reg_code="5070508094"/>
</players>
</general>
<round no="0"><action no="1" player="SVcavalletta34" type="1" discard="1" dealt="1" sum="10"/>
<action no="2" player="KOPKHUNKRAP" type="2" sum="20"/>
</round>
<round no="1"><cards type="Pocket" player="OndaBianca1">X X</cards>
<cards type="Pocket" player="SVcavalletta34">X X</cards>
<cards type="Pocket" player="KOPKHUNKRAP">CJ SA</cards>
<action no="3" player="OndaBianca1" type="0" discard="1" dealt="1" sum="0"/>
<action no="4" player="SVcavalletta34" type="3" discard="1" dealt="1" sum="10"/>
<action no="5" player="KOPKHUNKRAP" type="23" sum="60"/>
<action no="6" player="SVcavalletta34" type="3" discard="1" dealt="1" sum="40"/>
</round>
<round no="2"><cards type="Flop">D10 H9 HA</cards>
<action no="7" player="SVcavalletta34" type="4" discard="1" dealt="1" sum="0"/>
<action no="8" player="KOPKHUNKRAP" type="5" sum="60"/>
<action no="9" player="SVcavalletta34" type="3" discard="1" dealt="1" sum="60"/>
</round>
<round no="3"><cards type="Turn">SQ</cards>
<action no="10" player="SVcavalletta34" type="4" discard="1" dealt="1" sum="0"/>
<action no="11" player="KOPKHUNKRAP" type="5" sum="80"/>
<action no="12" player="SVcavalletta34" type="3" discard="1" dealt="1" sum="80"/>
</round>
<round no="4"><cards type="River">C7</cards>
<action no="13" player="SVcavalletta34" type="4" discard="1" dealt="1" sum="0"/>
<action no="14" player="KOPKHUNKRAP" type="5" sum="270"/>
<action no="15" player="SVcavalletta34" type="0" discard="1" dealt="1" sum="0"/>
</round>
</game>
<game gamecode="6522479491"><general><startdate>2025-11-04 01:41:38</startdate>
<round>1</round>
<failsafecounter/>
<players><player seat="6" name="OndaBianca1" chips="324" dealer="0" win="653" bet="324" muck="0" rebuy="0" addon="0" merge="0" rebuychips="0" reg_code="5070508048"/>
<player seat="10" name="SVcavalletta34" chips="506" dealer="1" win="0" bet="5" muck="1" rebuy="0" addon="0" merge="0" rebuychips="0" reg_code="5070508094"/>
<player seat="3" name="KOPKHUNKRAP" chips="670" dealer="0" win="0" bet="670" muck="0" rebuy="0" addon="0" merge="0" rebuychips="0" reg_code="5070508024"/>
</players>
</general>
<round no="0"><action no="1" player="KOPKHUNKRAP" type="15" sum="5"/>
<action no="2" player="OndaBianca1" type="15" discard="1" dealt="1" sum="5"/>
<action no="3" player="SVcavalletta34" type="15" discard="1" dealt="1" sum="5"/>
<action no="4" player="KOPKHUNKRAP" type="1" sum="15"/>
<action no="5" player="OndaBianca1" type="2" discard="1" dealt="1" sum="30"/>
</round>
<round no="1"><cards type="Pocket" player="OndaBianca1">CJ C7</cards>
<cards type="Pocket" player="KOPKHUNKRAP">D7 C8</cards>
<cards type="Pocket" player="SVcavalletta34">X X</cards>
<action no="6" player="SVcavalletta34" type="0" discard="1" dealt="1" sum="0"/>
<action no="7" player="KOPKHUNKRAP" type="23" sum="665"/>
<action no="8" player="OndaBianca1" type="7" discard="1" dealt="1" sum="289"/>
</round>
<round no="2"><cards type="Flop">D9 C4 C5</cards>
</round>
<round no="3"><cards type="Turn">DJ</cards>
</round>
<round no="4"><cards type="River">HQ</cards>
</round>
</game>
<game gamecode="6522479560"><general><startdate>2025-11-04 01:42:09</startdate>
<round>1</round>
<failsafecounter/>
<players><player seat="10" name="SVcavalletta34" chips="501" dealer="0" win="0" bet="35" muck="1" rebuy="0" addon="0" merge="0" rebuychips="0" reg_code="5070508094"/>
<player seat="3" name="KOPKHUNKRAP" chips="346" dealer="1" win="90" bet="346" muck="1" rebuy="0" addon="0" merge="0" rebuychips="0" reg_code="5070508024"/>
<player seat="6" name="OndaBianca1" chips="653" dealer="0" win="0" bet="20" muck="1" rebuy="0" addon="0" merge="0" rebuychips="0" reg_code="5070508048"/>
</players>
</general>
<round no="0"><action no="1" player="OndaBianca1" type="15" discard="1" dealt="1" sum="5"/>
<action no="2" player="SVcavalletta34" type="15" discard="1" dealt="1" sum="5"/>
<action no="3" player="KOPKHUNKRAP" type="15" sum="5"/>
<action no="4" player="OndaBianca1" type="1" discard="1" dealt="1" sum="15"/>
<action no="5" player="SVcavalletta34" type="2" discard="1" dealt="1" sum="30"/>
</round>
<round no="1"><cards type="Pocket" player="KOPKHUNKRAP">D9 D8</cards>
<cards type="Pocket" player="OndaBianca1">X X</cards>
<cards type="Pocket" player="SVcavalletta34">X X</cards>
<action no="6" player="KOPKHUNKRAP" type="23" sum="341"/>
<action no="7" player="OndaBianca1" type="0" discard="1" dealt="1" sum="0"/>
<action no="8" player="SVcavalletta34" type="0" discard="1" dealt="1" sum="0"/>
</round>
</game>
<game gamecode="6522479597"><general><startdate>2025-11-04 01:42:26</startdate>
<round>1</round>
<failsafecounter/>
<players><player seat="3" name="KOPKHUNKRAP" chips="401" dealer="0" win="0" bet="401" muck="0" rebuy="0" addon="0" merge="0" rebuychips="0" reg_code="5070508024"/>
<player seat="6" name="OndaBianca1" chips="633" dealer="1" win="0" bet="5" muck="1" rebuy="0" addon="0" merge="0" rebuychips="0" reg_code="5070508048"/>
<player seat="10" name="SVcavalletta34" chips="466" dealer="0" win="807" bet="401" muck="0" rebuy="0" addon="0" merge="0" rebuychips="0" reg_code="5070508094"/>
</players>
</general>
<round no="0"><action no="1" player="SVcavalletta34" type="15" discard="1" dealt="1" sum="5"/>
<action no="2" player="KOPKHUNKRAP" type="15" sum="5"/>
<action no="3" player="OndaBianca1" type="15" discard="1" dealt="1" sum="5"/>
<action no="4" player="SVcavalletta34" type="1" discard="1" dealt="1" sum="15"/>
<action no="5" player="KOPKHUNKRAP" type="2" sum="30"/>
</round>
<round no="1"><cards type="Pocket" player="OndaBianca1">X X</cards>
<cards type="Pocket" player="KOPKHUNKRAP">HK CJ</cards>
<cards type="Pocket" player="SVcavalletta34">SA CA</cards>
<action no="6" player="OndaBianca1" type="0" discard="1" dealt="1" sum="0"/>
<action no="7" player="SVcavalletta34" type="3" discard="1" dealt="1" sum="15"/>
<action no="8" player="KOPKHUNKRAP" type="23" sum="75"/>
<action no="9" player="SVcavalletta34" type="3" discard="1" dealt="1" sum="45"/>
</round>
<round no="2"><cards type="Flop">C6 DK H2</cards>
<action no="10" player="SVcavalletta34" type="4" discard="1" dealt="1" sum="0"/>
<action no="11" player="KOPKHUNKRAP" type="5" sum="30"/>
<action no="12" player="SVcavalletta34" type="3" discard="1" dealt="1" sum="30"/>
</round>
<round no="3"><cards type="Turn">S6</cards>
<action no="13" player="SVcavalletta34" type="4" discard="1" dealt="1" sum="0"/>
<action no="14" player="KOPKHUNKRAP" type="5" sum="60"/>
<action no="15" player="SVcavalletta34" type="3" discard="1" dealt="1" sum="60"/>
</round>
<round no="4"><cards type="River">H5</cards>
<action no="16" player="SVcavalletta34" type="4" discard="1" dealt="1" sum="0"/>
<action no="17" player="KOPKHUNKRAP" type="5" sum="231"/>
<action no="18" player="SVcavalletta34" type="3" discard="1" dealt="1" sum="231"/>
</round>
</game>
</session>
