<?xml version="1.0" encoding="UTF-8"?>
<session sessioncode="5070509147">
<general>
<client_version>25.1.1.16</client_version>
<mode>real</mode>
<gametype>Holdem NL</gametype>
<tablename>Twister €100 SNG, 821029365</tablename>
<tournamentcode>821029364</tournamentcode>
<tournamentname>Twister €100 SNG</tournamentname>
<buyin>€0 + €7 + €93</buyin>
<totalbuyin>€100</totalbuyin>
<rewarddrawn>€200</rewarddrawn>
<tournamentcurrency>EUR</tournamentcurrency>
<currency>EUR</currency>
<nickname>KOPKHUNKRAP</nickname>
<gamecount>18</gamecount>
<startdate>2025-11-04 01:50:16</startdate>
<place>2</place>
<win>€0</win>
<tablesize>3</tablesize>
</general>
<game gamecode="6522483088"><general><startdate>2025-11-04 01:50:31</startdate>
<round>1</round>
<failsafecounter/>
<players><player seat="3" name="KOPKHUNKRAP" chips="500" dealer="0" win="0" bet="140" muck="1" rebuy="0" addon="0" merge="0" rebuychips="0" reg_code="5070509147"/>
<player seat="6" name="SVvasapollo90" chips="500" dealer="1" win="290" bet="500" muck="1" rebuy="0" addon="0" merge="0" rebuychips="0" reg_code="5070509218"/>
<player seat="10" name="Frizzantino00" chips="500" dealer="0" win="0" bet="10" muck="1" rebuy="0" addon="0" merge="0" rebuychips="0" reg_code="5070509221"/>
</players>
</general>
<round no="0"><action no="1" player="Frizzantino00" type="1" discard="1" dealt="1" sum="10"/>
<action no="2" player="KOPKHUNKRAP" type="2" sum="20"/>
</round>
<round no="1"><cards type="Pocket" player="Frizzantino00">X X</cards>
<cards type="Pocket" player="KOPKHUNKRAP">DA D5</cards>
<cards type="Pocket" player="SVvasapollo90">X X</cards>
<action no="3" player="SVvasapollo90" type="23" discard="1" dealt="1" sum="40"/>
<action no="4" player="Frizzantino00" type="0" discard="1" dealt="1" sum="0"/>
<action no="5" player="KOPKHUNKRAP" type="3" sum="20"/>
</round>
<round no="2"><cards type="Flop">H10 C6 H5</cards>
<action no="6" player="KOPKHUNKRAP" type="4" sum="0"/>
<action no="7" player="SVvasapollo90" type="5" discard="1" dealt="1" sum="40"/>
<action no="8" player="KOPKHUNKRAP" type="3" sum="40"/>
</round>
<round no="3"><cards type="Turn">S6</cards>
<action no="9" player="KOPKHUNKRAP" type="5" sum="60"/>
<action no="10" player="SVvasapollo90" type="3" discard="1" dealt="1" sum="60"/>
</round>
<round no="4"><cards type="River">H7</cards>
<action no="11" player="KOPKHUNKRAP" type="4" sum="0"/>
<action no="12" player="SVvasapollo90" type="5" discard="1" dealt="1" sum="360"/>
<action no="13" player="KOPKHUNKRAP" type="0" sum="0"/>
</round>
</game>
<game gamecode="6522483193"><general><startdate>2025-11-04 01:51:14</startdate>
<round>1</round>
<failsafecounter/>
<players><player seat="6" name="SVvasapollo90" chips="650" dealer="0" win="90" bet="650" muck="1" rebuy="0" addon="0" merge="0" rebuychips="0" reg_code="5070509218"/>
<player seat="10" name="Frizzantino00" chips="490" dealer="1" win="0" bet="40" muck="1" rebuy="0" addon="0" merge="0" rebuychips="0" reg_code="5070509221"/>
<player seat="3" name="KOPKHUNKRAP" chips="360" dealer="0" win="0" bet="10" muck="1" rebuy="0" addon="0" merge="0" rebuychips="0" reg_code="5070509147"/>
</players>
</general>
<round no="0"><action no="1" player="KOPKHUNKRAP" type="1" sum="10"/>
<action no="2" player="SVvasapollo90" type="2" discard="1" dealt="1" sum="20"/>
</round>
<round no="1"><cards type="Pocket" player="KOPKHUNKRAP">S2 HQ</cards>
<cards type="Pocket" player="Frizzantino00">X X</cards>
<cards type="Pocket" player="SVvasapollo90">X X</cards>
<action no="3" player="Frizzantino00" type="23" discard="1" dealt="1" sum="40"/>
<action no="4" player="KOPKHUNKRAP" type="0" sum="0"/>
<action no="5" player="SVvasapollo90" type="23" discard="1" dealt="1" sum="650"/>
<action no="6" player="Frizzantino00" type="0" discard="1" dealt="1" sum="0"/>
</round>
</game>
<game gamecode="6522483226"><general><startdate>2025-11-04 01:51:27</startdate>
<round>1</round>
<failsafecounter/>
<players><player seat="10" name="Frizzantino00" chips="450" dealer="0" win="20" bet="20" muck="1" rebuy="0" addon="0" merge="0" rebuychips="0" reg_code="5070509221"/>
<player seat="3" name="KOPKHUNKRAP" chips="350" dealer="1" win="0" bet="0" muck="1" rebuy="0" addon="0" merge="0" rebuychips="0" reg_code="5070509147"/>
<player seat="6" name="SVvasapollo90" chips="700" dealer="0" win="0" bet="10" muck="1" rebuy="0" addon="0" merge="0" rebuychips="0" reg_code="5070509218"/>
</players>
</general>
<round no="0"><action no="1" player="SVvasapollo90" type="1" discard="1" dealt="1" sum="10"/>
<action no="2" player="Frizzantino00" type="2" discard="1" dealt="1" sum="20"/>
</round>
<round no="1"><cards type="Pocket" player="KOPKHUNKRAP">D7 CK</cards>
<cards type="Pocket" player="SVvasapollo90">X X</cards>
<cards type="Pocket" player="Frizzantino00">X X</cards>
<action no="3" player="KOPKHUNKRAP" type="0" sum="0"/>
<action no="4" player="SVvasapollo90" type="0" discard="1" dealt="1" sum="0"/>
</round>
</game>
<game gamecode="6522483249"><general><startdate>2025-11-04 01:51:35</startdate>
<round>1</round>
<failsafecounter/>
<players><player seat="3" name="KOPKHUNKRAP" chips="350" dealer="0" win="0" bet="20" muck="1" rebuy="0" addon="0" merge="0" rebuychips="0" reg_code="5070509147"/>
<player seat="6" name="SVvasapollo90" chips="690" dealer="1" win="0" bet="0" muck="1" rebuy="0" addon="0" merge="0" rebuychips="0" reg_code="5070509218"/>
<player seat="10" name="Frizzantino00" chips="460" dealer="0" win="40" bet="40" muck="1" rebuy="0" addon="0" merge="0" rebuychips="0" reg_code="5070509221"/>
</players>
</general>
<round no="0"><action no="1" player="Frizzantino00" type="1" discard="1" dealt="1" sum="10"/>
<action no="2" player="KOPKHUNKRAP" type="2" sum="20"/>
</round>
<round no="1"><cards type="Pocket" player="SVvasapollo90">X X</cards>
<cards type="Pocket" player="Frizzantino00">X X</cards>
<cards type="Pocket" player="KOPKHUNKRAP">D3 C5</cards>
<action no="3" player="SVvasapollo90" type="0" discard="1" dealt="1" sum="0"/>
<action no="4" player="Frizzantino00" type="3" discard="1" dealt="1" sum="10"/>
<action no="5" player="KOPKHUNKRAP" type="4" sum="0"/>
</round>
<round no="2"><cards type="Flop">HK H6 SJ</cards>
<action no="6" player="Frizzantino00" type="5" discard="1" dealt="1" sum="20"/>
<action no="7" player="KOPKHUNKRAP" type="0" sum="0"/>
</round>
</game>
<game gamecode="6522483317"><general><startdate>2025-11-04 01:52:00</startdate>
<round>1</round>
<failsafecounter/>
<players><player seat="6" name="SVvasapollo90" chips="690" dealer="0" win="0" bet="20" muck="1" rebuy="0" addon="0" merge="0" rebuychips="0" reg_code="5070509218"/>
<player seat="10" name="Frizzantino00" chips="480" dealer="1" win="0" bet="0" muck="1" rebuy="0" addon="0" merge="0" rebuychips="0" reg_code="5070509221"/>
<player seat="3" name="KOPKHUNKRAP" chips="330" dealer="0" win="40" bet="330" muck="1" rebuy="0" addon="0" merge="0" rebuychips="0" reg_code="5070509147"/>
</players>
</general>
<round no="0"><action no="1" player="KOPKHUNKRAP" type="1" sum="10"/>
<action no="2" player="SVvasapollo90" type="2" discard="1" dealt="1" sum="20"/>
</round>
<round no="1"><cards type="Pocket" player="SVvasapollo90">X X</cards>
<cards type="Pocket" player="KOPKHUNKRAP">S10 DA</cards>
<cards type="Pocket" player="Frizzantino00">X X</cards>
<action no="3" player="Frizzantino00" type="0" discard="1" dealt="1" sum="0"/>
<action no="4" player="KOPKHUNKRAP" type="23" sum="330"/>
<action no="5" player="SVvasapollo90" type="0" discard="1" dealt="1" sum="0"/>
</round>
</game>
<game gamecode="6522483340"><general><startdate>2025-11-04 01:52:11</startdate>
<round>1</round>
<failsafecounter/>
<players><player seat="10" name="Frizzantino00" chips="480" dealer="0" win="45" bet="35" muck="1" rebuy="0" addon="0" merge="0" rebuychips="0" reg_code="5070509221"/>
<player seat="3" name="KOPKHUNKRAP" chips="350" dealer="1" win="0" bet="5" muck="1" rebuy="0" addon="0" merge="0" rebuychips="0" reg_code="5070509147"/>
<player seat="6" name="SVvasapollo90" chips="670" dealer="0" win="0" bet="20" muck="1" rebuy="0" addon="0" merge="0" rebuychips="0" reg_code="5070509218"/>
</players>
</general>
<round no="0"><action no="1" player="SVvasapollo90" type="15" discard="1" dealt="1" sum="5"/>
<action no="2" player="Frizzantino00" type="15" discard="1" dealt="1" sum="5"/>
<action no="3" player="KOPKHUNKRAP" type="15" sum="5"/>
<action no="4" player="SVvasapollo90" type="1" discard="1" dealt="1" sum="15"/>
<action no="5" player="Frizzantino00" type="2" discard="1" dealt="1" sum="30"/>
</round>
<round no="1"><cards type="Pocket" player="SVvasapollo90">X X</cards>
<cards type="Pocket" player="Frizzantino00">X X</cards>
<cards type="Pocket" player="KOPKHUNKRAP">HK S9</cards>
<action no="6" player="KOPKHUNKRAP" type="0" sum="0"/>
<action no="7" player="SVvasapollo90" type="0" discard="1" dealt="1" sum="0"/>
</round>
</game>
<game gamecode="6522483353"><general><startdate>2025-11-04 01:52:17</startdate>
<round>1</round>
<failsafecounter/>
<players><player seat="3" name="KOPKHUNKRAP" chips="345" dealer="0" win="0" bet="35" muck="1" rebuy="0" addon="0" merge="0" rebuychips="0" reg_code="5070509147"/>
<player seat="6" name="SVvasapollo90" chips="650" dealer="1" win="0" bet="5" muck="1" rebuy="0" addon="0" merge="0" rebuychips="0" reg_code="5070509218"/>
<player seat="10" name="Frizzantino00" chips="505" dealer="0" win="75" bet="505" muck="1" rebuy="0" addon="0" merge="0" rebuychips="0" reg_code="5070509221"/>
</players>
</general>
<round no="0"><action no="1" player="Frizzantino00" type="15" discard="1" dealt="1" sum="5"/>
<action no="2" player="KOPKHUNKRAP" type="15" sum="5"/>
<action no="3" player="SVvasapollo90" type="15" discard="1" dealt="1" sum="5"/>
<action no="4" player="Frizzantino00" type="1" discard="1" dealt="1" sum="15"/>
<action no="5" player="KOPKHUNKRAP" type="2" sum="30"/>
</round>
<round no="1"><cards type="Pocket" player="SVvasapollo90">X X</cards>
<cards type="Pocket" player="KOPKHUNKRAP">S8 C3</cards>
<cards type="Pocket" player="Frizzantino00">X X</cards>
<action no="6" player="SVvasapollo90" type="0" discard="1" dealt="1" sum="0"/>
<action no="7" player="Frizzantino00" type="23" discard="1" dealt="1" sum="500"/>
<action no="8" player="KOPKHUNKRAP" type="0" sum="0"/>
</round>
</game>
<game gamecode="6522483400"><general><startdate>2025-11-04 01:52:34</startdate>
<round>1</round>
<failsafecounter/>
<players><player seat="6" name="SVvasapollo90" chips="645" dealer="0" win="255" bet="645" muck="1" rebuy="0" addon="0" merge="0" rebuychips="0" reg_code="5070509218"/>
<player seat="10" name="Frizzantino00" chips="545" dealer="1" win="0" bet="5" muck="1" rebuy="0" addon="0" merge="0" rebuychips="0" reg_code="5070509221"/>
<player seat="3" name="KOPKHUNKRAP" chips="310" dealer="0" win="0" bet="125" muck="1" rebuy="0" addon="0" merge="0" rebuychips="0" reg_code="5070509147"/>
</players>
</general>
<round no="0"><action no="1" player="KOPKHUNKRAP" type="15" sum="5"/>
<action no="2" player="SVvasapollo90" type="15" discard="1" dealt="1" sum="5"/>
<action no="3" player="Frizzantino00" type="15" discard="1" dealt="1" sum="5"/>
<action no="4" player="KOPKHUNKRAP" type="1" sum="15"/>
<action no="5" player="SVvasapollo90" type="2" discard="1" dealt="1" sum="30"/>
</round>
<round no="1"><cards type="Pocket" player="KOPKHUNKRAP">C6 D10</cards>
<cards type="Pocket" player="SVvasapollo90">X X</cards>
<cards type="Pocket" player="Frizzantino00">X X</cards>
<action no="6" player="Frizzantino00" type="0" discard="1" dealt="1" sum="0"/>
<action no="7" player="KOPKHUNKRAP" type="3" sum="15"/>
<action no="8" player="SVvasapollo90" type="4" discard="1" dealt="1" sum="0"/>
</round>
<round no="2"><cards type="Flop">SQ DK H3</cards>
<action no="9" player="KOPKHUNKRAP" type="5" sum="30"/>
<action no="10" player="SVvasapollo90" type="3" discard="1" dealt="1" sum="30"/>
</round>
<round no="3"><cards type="Turn">DA</cards>
<action no="11" player="KOPKHUNKRAP" type="5" sum="60"/>
<action no="12" player="SVvasapollo90" type="3" discard="1" dealt="1" sum="60"/>
</round>
<round no="4"><cards type="River">C9</cards>
<action no="13" player="KOPKHUNKRAP" type="4" sum="0"/>
<action no="14" player="SVvasapollo90" type="5" discard="1" dealt="1" sum="520"/>
<action no="15" player="KOPKHUNKRAP" type="0" sum="0"/>
</round>
</game>
<game gamecode="6522483483"><general><startdate>2025-11-04 01:53:06</startdate>
<round>1</round>
<failsafecounter/>
<players><player seat="10" name="Frizzantino00" chips="540" dealer="0" win="0" bet="35" muck="1" rebuy="0" addon="0" merge="0" rebuychips="0" reg_code="5070509221"/>
<player seat="3" name="KOPKHUNKRAP" chips="185" dealer="1" win="0" bet="5" muck="1" rebuy="0" addon="0" merge="0" rebuychips="0" reg_code="5070509147"/>
<player seat="6" name="SVvasapollo90" chips="775" dealer="0" win="75" bet="95" muck="1" rebuy="0" addon="0" merge="0" rebuychips="0" reg_code="5070509218"/>
</players>
</general>
<round no="0"><action no="1" player="SVvasapollo90" type="15" discard="1" dealt="1" sum="5"/>
<action no="2" player="Frizzantino00" type="15" discard="1" dealt="1" sum="5"/>
<action no="3" player="KOPKHUNKRAP" type="15" sum="5"/>
<action no="4" player="SVvasapollo90" type="1" discard="1" dealt="1" sum="15"/>
<action no="5" player="Frizzantino00" type="2" discard="1" dealt="1" sum="30"/>
</round>
<round no="1"><cards type="Pocket" player="KOPKHUNKRAP">D7 S10</cards>
<cards type="Pocket" player="SVvasapollo90">X X</cards>
<cards type="Pocket" player="Frizzantino00">X X</cards>
<action no="6" player="KOPKHUNKRAP" type="0" sum="0"/>
<action no="7" player="SVvasapollo90" type="3" discard="1" dealt="1" sum="15"/>
<action no="8" player="Frizzantino00" type="4" discard="1" dealt="1" sum="0"/>
</round>
<round no="2"><cards type="Flop">DJ D6 CJ</cards>
<action no="9" player="SVvasapollo90" type="4" discard="1" dealt="1" sum="0"/>
<action no="10" player="Frizzantino00" type="4" discard="1" dealt="1" sum="0"/>
</round>
<round no="3"><cards type="Turn">D8</cards>
<action no="11" player="SVvasapollo90" type="4" discard="1" dealt="1" sum="0"/>
<action no="12" player="Frizzantino00" type="4" discard="1" dealt="1" sum="0"/>
</round>
<round no="4"><cards type="River">SK</cards>
<action no="13" player="SVvasapollo90" type="5" discard="1" dealt="1" sum="60"/>
<action no="14" player="Frizzantino00" type="0" discard="1" dealt="1" sum="0"/>
</round>
</game>
<game gamecode="6522483569"><general><startdate>2025-11-04 01:53:42</startdate>
<round>1</round>
<failsafecounter/>
<players><player seat="3" name="KOPKHUNKRAP" chips="180" dealer="0" win="380" bet="180" muck="0" rebuy="0" addon="0" merge="0" rebuychips="0" reg_code="5070509147"/>
<player seat="6" name="SVvasapollo90" chips="815" dealer="1" win="0" bet="815" muck="1" rebuy="0" addon="0" merge="0" rebuychips="0" reg_code="5070509218"/>
<player seat="10" name="Frizzantino00" chips="505" dealer="0" win="0" bet="20" muck="1" rebuy="0" addon="0" merge="0" rebuychips="0" reg_code="5070509221"/>
</players>
</general>
<round no="0"><action no="1" player="Frizzantino00" type="15" discard="1" dealt="1" sum="5"/>
<action no="2" player="KOPKHUNKRAP" type="15" sum="5"/>
<action no="3" player="SVvasapollo90" type="15" discard="1" dealt="1" sum="5"/>
<action no="4" player="Frizzantino00" type="1" discard="1" dealt="1" sum="15"/>
<action no="5" player="KOPKHUNKRAP" type="2" sum="30"/>
</round>
<round no="1"><cards type="Pocket" player="Frizzantino00">X X</cards>
<cards type="Pocket" player="KOPKHUNKRAP">S10 CK</cards>
<cards type="Pocket" player="SVvasapollo90">H9 CQ</cards>
<action no="6" player="SVvasapollo90" type="23" discard="1" dealt="1" sum="810"/>
<action no="7" player="Frizzantino00" type="0" discard="1" dealt="1" sum="0"/>
<action no="8" player="KOPKHUNKRAP" type="7" sum="145"/>
</round>
<round no="2"><cards type="Flop">D3 S7 C6</cards>
</round>
<round no="3"><cards type="Turn">H3</cards>
</round>
<round no="4"><cards type="River">HK</cards>
</round>
</game>
<game gamecode="6522487444"><general><startdate>2025-11-04 01:54:03</startdate>
<round>1</round>
<failsafecounter/>
<players><player seat="6" name="SVvasapollo90" chips="635" dealer="0" win="55" bet="45" muck="1" rebuy="0" addon="0" merge="0" rebuychips="0" reg_code="5070509218"/>
<player seat="10" name="Frizzantino00" chips="485" dealer="1" win="0" bet="5" muck="1" rebuy="0" addon="0" merge="0" rebuychips="0" reg_code="5070509221"/>
<player seat="3" name="KOPKHUNKRAP" chips="380" dealer="0" win="0" bet="25" muck="1" rebuy="0" addon="0" merge="0" rebuychips="0" reg_code="5070509147"/>
</players>
</general>
<round no="0"><action no="1" player="KOPKHUNKRAP" type="15" sum="5"/>
<action no="2" player="SVvasapollo90" type="15" discard="1" dealt="1" sum="5"/>
<action no="3" player="Frizzantino00" type="15" discard="1" dealt="1" sum="5"/>
<action no="4" player="KOPKHUNKRAP" type="1" sum="20"/>
<action no="5" player="SVvasapollo90" type="2" discard="1" dealt="1" sum="40"/>
</round>
<round no="1"><cards type="Pocket" player="SVvasapollo90">X X</cards>
<cards type="Pocket" player="KOPKHUNKRAP">C9 C3</cards>
<cards type="Pocket" player="Frizzantino00">X X</cards>
<action no="6" player="Frizzantino00" type="0" discard="1" dealt="1" sum="0"/>
<action no="7" player="KOPKHUNKRAP" type="0" sum="0"/>
</round>
</game>
<game gamecode="6522487493"><general><startdate>2025-11-04 01:54:19</startdate>
<round>1</round>
<failsafecounter/>
<players><player seat="10" name="Frizzantino00" chips="480" dealer="0" win="0" bet="45" muck="1" rebuy="0" addon="0" merge="0" rebuychips="0" reg_code="5070509221"/>
<player seat="3" name="KOPKHUNKRAP" chips="355" dealer="1" win="0" bet="5" muck="1" rebuy="0" addon="0" merge="0" rebuychips="0" reg_code="5070509147"/>
<player seat="6" name="SVvasapollo90" chips="665" dealer="0" win="95" bet="85" muck="1" rebuy="0" addon="0" merge="0" rebuychips="0" reg_code="5070509218"/>
</players>
</general>
<round no="0"><action no="1" player="SVvasapollo90" type="15" discard="1" dealt="1" sum="5"/>
<action no="2" player="Frizzantino00" type="15" discard="1" dealt="1" sum="5"/>
<action no="3" player="KOPKHUNKRAP" type="15" sum="5"/>
<action no="4" player="SVvasapollo90" type="1" discard="1" dealt="1" sum="20"/>
<action no="5" player="Frizzantino00" type="2" discard="1" dealt="1" sum="40"/>
</round>
<round no="1"><cards type="Pocket" player="SVvasapollo90">X X</cards>
<cards type="Pocket" player="KOPKHUNKRAP">C5 D7</cards>
<cards type="Pocket" player="Frizzantino00">X X</cards>
<action no="6" player="KOPKHUNKRAP" type="0" sum="0"/>
<action no="7" player="SVvasapollo90" type="3" discard="1" dealt="1" sum="20"/>
<action no="8" player="Frizzantino00" type="4" discard="1" dealt="1" sum="0"/>
</round>
<round no="2"><cards type="Flop">CQ D8 H5</cards>
<action no="9" player="SVvasapollo90" type="4" discard="1" dealt="1" sum="0"/>
<action no="10" player="Frizzantino00" type="4" discard="1" dealt="1" sum="0"/>
</round>
<round no="3"><cards type="Turn">HQ</cards>
<action no="11" player="SVvasapollo90" type="5" discard="1" dealt="1" sum="40"/>
<action no="12" player="Frizzantino00" type="0" discard="1" dealt="1" sum="0"/>
</round>
</game>
<game gamecode="6522487564"><general><startdate>2025-11-04 01:54:44</startdate>
<round>1</round>
<failsafecounter/>
<players><player seat="3" name="KOPKHUNKRAP" chips="350" dealer="0" win="0" bet="45" muck="1" rebuy="0" addon="0" merge="0" rebuychips="0" reg_code="5070509147"/>
<player seat="6" name="SVvasapollo90" chips="715" dealer="1" win="0" bet="715" muck="0" rebuy="0" addon="0" merge="0" rebuychips="0" reg_code="5070509218"/>
<player seat="10" name="Frizzantino00" chips="435" dealer="0" win="915" bet="435" muck="0" rebuy="0" addon="0" merge="0" rebuychips="0" reg_code="5070509221"/>
</players>
</general>
<round no="0"><action no="1" player="Frizzantino00" type="15" discard="1" dealt="1" sum="5"/>
<action no="2" player="KOPKHUNKRAP" type="15" sum="5"/>
<action no="3" player="SVvasapollo90" type="15" discard="1" dealt="1" sum="5"/>
<action no="4" player="Frizzantino00" type="1" discard="1" dealt="1" sum="20"/>
<action no="5" player="KOPKHUNKRAP" type="2" sum="40"/>
</round>
<round no="1"><cards type="Pocket" player="KOPKHUNKRAP">HA D5</cards>
<cards type="Pocket" player="Frizzantino00">S9 D9</cards>
<cards type="Pocket" player="SVvasapollo90">S4 CA</cards>
<action no="6" player="SVvasapollo90" type="23" discard="1" dealt="1" sum="710"/>
<action no="7" player="Frizzantino00" type="7" discard="1" dealt="1" sum="410"/>
<action no="8" player="KOPKHUNKRAP" type="0" sum="0"/>
</round>
<round no="2"><cards type="Flop">C9 D8 C4</cards>
</round>
<round no="3"><cards type="Turn">DK</cards>
</round>
<round no="4"><cards type="River">CQ</cards>
</round>
</game>
<game gamecode="6522487624"><general><startdate>2025-11-04 01:55:05</startdate>
<round>1</round>
<failsafecounter/>
<players><player seat="6" name="SVvasapollo90" chips="280" dealer="0" win="0" bet="45" muck="1" rebuy="0" addon="0" merge="0" rebuychips="0" reg_code="5070509218"/>
<player seat="10" name="Frizzantino00" chips="915" dealer="1" win="0" bet="915" muck="0" rebuy="0" addon="0" merge="0" rebuychips="0" reg_code="5070509221"/>
<player seat="3" name="KOPKHUNKRAP" chips="305" dealer="0" win="655" bet="305" muck="0" rebuy="0" addon="0" merge="0" rebuychips="0" reg_code="5070509147"/>
</players>
</general>
<round no="0"><action no="1" player="KOPKHUNKRAP" type="15" sum="5"/>
<action no="2" player="SVvasapollo90" type="15" discard="1" dealt="1" sum="5"/>
<action no="3" player="Frizzantino00" type="15" discard="1" dealt="1" sum="5"/>
<action no="4" player="KOPKHUNKRAP" type="1" sum="20"/>
<action no="5" player="SVvasapollo90" type="2" discard="1" dealt="1" sum="40"/>
</round>
<round no="1"><cards type="Pocket" player="Frizzantino00">H8 S8</cards>
<cards type="Pocket" player="SVvasapollo90">X X</cards>
<cards type="Pocket" player="KOPKHUNKRAP">H10 S10</cards>
<action no="6" player="Frizzantino00" type="23" discard="1" dealt="1" sum="910"/>
<action no="7" player="KOPKHUNKRAP" type="7" sum="280"/>
<action no="8" player="SVvasapollo90" type="0" discard="1" dealt="1" sum="0"/>
</round>
<round no="2"><cards type="Flop">C10 CA SJ</cards>
</round>
<round no="3"><cards type="Turn">C7</cards>
</round>
<round no="4"><cards type="River">CQ</cards>
</round>
</game>
<game gamecode="6522487682"><general><startdate>2025-11-04 01:55:24</startdate>
<round>1</round>
<failsafecounter/>
<players><player seat="10" name="Frizzantino00" chips="610" dealer="0" win="55" bet="45" muck="1" rebuy="0" addon="0" merge="0" rebuychips="0" reg_code="5070509221"/>
<player seat="3" name="KOPKHUNKRAP" chips="655" dealer="1" win="0" bet="5" muck="1" rebuy="0" addon="0" merge="0" rebuychips="0" reg_code="5070509147"/>
<player seat="6" name="SVvasapollo90" chips="235" dealer="0" win="0" bet="25" muck="1" rebuy="0" addon="0" merge="0" rebuychips="0" reg_code="5070509218"/>
</players>
</general>
<round no="0"><action no="1" player="SVvasapollo90" type="15" discard="1" dealt="1" sum="5"/>
<action no="2" player="Frizzantino00" type="15" discard="1" dealt="1" sum="5"/>
<action no="3" player="KOPKHUNKRAP" type="15" sum="5"/>
<action no="4" player="SVvasapollo90" type="1" discard="1" dealt="1" sum="20"/>
<action no="5" player="Frizzantino00" type="2" discard="1" dealt="1" sum="40"/>
</round>
<round no="1"><cards type="Pocket" player="SVvasapollo90">X X</cards>
<cards type="Pocket" player="KOPKHUNKRAP">H7 C10</cards>
<cards type="Pocket" player="Frizzantino00">X X</cards>
<action no="6" player="KOPKHUNKRAP" type="0" sum="0"/>
<action no="7" player="SVvasapollo90" type="0" discard="1" dealt="1" sum="0"/>
</round>
</game>
<game gamecode="6522487697"><general><startdate>2025-11-04 01:55:32</startdate>
<round>1</round>
<failsafecounter/>
<players><player seat="3" name="KOPKHUNKRAP" chips="650" dealer="0" win="0" bet="65" muck="1" rebuy="0" addon="0" merge="0" rebuychips="0" reg_code="5070509147"/>
<player seat="6" name="SVvasapollo90" chips="210" dealer="1" win="0" bet="5" muck="1" rebuy="0" addon="0" merge="0" rebuychips="0" reg_code="5070509218"/>
<player seat="10" name="Frizzantino00" chips="640" dealer="0" win="135" bet="640" muck="1" rebuy="0" addon="0" merge="0" rebuychips="0" reg_code="5070509221"/>
</players>
</general>
<round no="0"><action no="1" player="Frizzantino00" type="15" discard="1" dealt="1" sum="5"/>
<action no="2" player="KOPKHUNKRAP" type="15" sum="5"/>
<action no="3" player="SVvasapollo90" type="15" discard="1" dealt="1" sum="5"/>
<action no="4" player="Frizzantino00" type="1" discard="1" dealt="1" sum="30"/>
<action no="5" player="KOPKHUNKRAP" type="2" sum="60"/>
</round>
<round no="1"><cards type="Pocket" player="KOPKHUNKRAP">DK H5</cards>
<cards type="Pocket" player="SVvasapollo90">X X</cards>
<cards type="Pocket" player="Frizzantino00">X X</cards>
<action no="6" player="SVvasapollo90" type="0" discard="1" dealt="1" sum="0"/>
<action no="7" player="Frizzantino00" type="23" discard="1" dealt="1" sum="635"/>
<action no="8" player="KOPKHUNKRAP" type="0" sum="0"/>
</round>
</game>
<game gamecode="6522487735"><general><startdate>2025-11-04 01:55:46</startdate>
<round>1</round>
<failsafecounter/>
<players><player seat="6" name="SVvasapollo90" chips="205" dealer="0" win="0" bet="205" muck="0" rebuy="0" addon="0" merge="0" rebuychips="0" reg_code="5070509218"/>
<player seat="10" name="Frizzantino00" chips="710" dealer="1" win="445" bet="205" muck="0" rebuy="0" addon="0" merge="0" rebuychips="0" reg_code="5070509221"/>
<player seat="3" name="KOPKHUNKRAP" chips="585" dealer="0" win="0" bet="35" muck="1" rebuy="0" addon="0" merge="0" rebuychips="0" reg_code="5070509147"/>
</players>
</general>
<round no="0"><action no="1" player="KOPKHUNKRAP" type="15" sum="5"/>
<action no="2" player="SVvasapollo90" type="15" discard="1" dealt="1" sum="5"/>
<action no="3" player="Frizzantino00" type="15" discard="1" dealt="1" sum="5"/>
<action no="4" player="KOPKHUNKRAP" type="1" sum="30"/>
<action no="5" player="SVvasapollo90" type="2" discard="1" dealt="1" sum="60"/>
</round>
<round no="1"><cards type="Pocket" player="Frizzantino00">DK DJ</cards>
<cards type="Pocket" player="SVvasapollo90">S5 S7</cards>
<cards type="Pocket" player="KOPKHUNKRAP">HA H4</cards>
<action no="6" player="Frizzantino00" type="23" discard="1" dealt="1" sum="120"/>
<action no="7" player="KOPKHUNKRAP" type="0" sum="0"/>
<action no="8" player="SVvasapollo90" type="23" discard="1" dealt="1" sum="200"/>
<action no="9" player="Frizzantino00" type="3" discard="1" dealt="1" sum="80"/>
</round>
<round no="2"><cards type="Flop">CQ S4 S3</cards>
</round>
<round no="3"><cards type="Turn">H2</cards>
</round>
<round no="4"><cards type="River">D8</cards>
</round>
</game>
<game gamecode="6522487797"><general><startdate>2025-11-04 01:56:08</startdate>
<round>1</round>
<failsafecounter/>
<players><player seat="10" name="Frizzantino00" chips="950" dealer="0" win="1,100" bet="550" muck="0" rebuy="0" addon="0" merge="0" rebuychips="0" reg_code="5070509221"/>
<player seat="3" name="KOPKHUNKRAP" chips="550" dealer="1" win="0" bet="550" muck="0" rebuy="0" addon="0" merge="0" rebuychips="0" reg_code="5070509147"/>
</players>
</general>
<round no="0"><action no="1" player="KOPKHUNKRAP" type="15" sum="5"/>
<action no="2" player="Frizzantino00" type="15" discard="1" dealt="1" sum="5"/>
<action no="3" player="KOPKHUNKRAP" type="1" sum="30"/>
<action no="4" player="Frizzantino00" type="2" discard="1" dealt="1" sum="60"/>
</round>
<round no="1"><cards type="Pocket" player="KOPKHUNKRAP">SK S6</cards>
<cards type="Pocket" player="Frizzantino00">DA CA</cards>
<action no="5" player="KOPKHUNKRAP" type="23" sum="545"/>
<action no="6" player="Frizzantino00" type="3" discard="1" dealt="1" sum="485"/>
</round>
<round no="2"><cards type="Flop">H6 H7 D9</cards>
</round>
<round no="3"><cards type="Turn">C9</cards>
</round>
<round no="4"><cards type="River">C2</cards>
</round>
</game>
</session>
