<?xml version="1.0" encoding="UTF-8"?>
<session sessioncode="5070697686">
<general>
<client_version>25.1.1.16</client_version>
<mode>real</mode>
<gametype>Holdem NL</gametype>
<tablename>Twister €100 SNG, 821088132</tablename>
<tournamentcode>821088131</tournamentcode>
<tournamentname>Twister €100 SNG</tournamentname>
<buyin>€0 + €7 + €93</buyin>
<totalbuyin>€100</totalbuyin>
<rewarddrawn>€300</rewarddrawn>
<tournamentcurrency>EUR</tournamentcurrency>
<currency>EUR</currency>
<nickname>KOPKHUNKRAP</nickname>
<gamecount>6</gamecount>
<startdate>2025-11-04 23:56:26</startdate>
<place>3</place>
<win>€0</win>
<tablesize>3</tablesize>
</general>
<game gamecode="6523229975"><general><startdate>2025-11-04 23:56:41</startdate>
<round>1</round>
<failsafecounter/>
<players><player seat="10" name="KOPKHUNKRAP" chips="500" dealer="0" win="20" bet="20" muck="1" rebuy="0" addon="0" merge="0" rebuychips="0" reg_code="5070697686"/>
<player seat="3" name="Thechosenoonee" chips="500" dealer="1" win="0" bet="0" muck="1" rebuy="0" addon="0" merge="0" rebuychips="0" reg_code="5070697427"/>
<player seat="6" name="Tiuualex" chips="500" dealer="0" win="0" bet="10" muck="1" rebuy="0" addon="0" merge="0" rebuychips="0" reg_code="5070697538"/>
</players>
</general>
<round no="0"><action no="1" player="Tiuualex" type="1" discard="1" dealt="1" sum="10"/>
<action no="2" player="KOPKHUNKRAP" type="2" sum="20"/>
</round>
<round no="1"><cards type="Pocket" player="Thechosenoonee">X X</cards>
<cards type="Pocket" player="Tiuualex">X X</cards>
<cards type="Pocket" player="KOPKHUNKRAP">C9 S3</cards>
<action no="3" player="Thechosenoonee" type="0" discard="1" dealt="1" sum="0"/>
<action no="4" player="Tiuualex" type="0" discard="1" dealt="1" sum="0"/>
</round>
</game>
<game gamecode="6523229986"><general><startdate>2025-11-04 23:56:49</startdate>
<round>1</round>
<failsafecounter/>
<players><player seat="3" name="Thechosenoonee" chips="500" dealer="0" win="40" bet="60" muck="1" rebuy="0" addon="0" merge="0" rebuychips="0" reg_code="5070697427"/>
<player seat="6" name="Tiuualex" chips="490" dealer="1" win="0" bet="0" muck="1" rebuy="0" addon="0" merge="0" rebuychips="0" reg_code="5070697538"/>
<player seat="10" name="KOPKHUNKRAP" chips="510" dealer="0" win="0" bet="20" muck="1" rebuy="0" addon="0" merge="0" rebuychips="0" reg_code="5070697686"/>
</players>
</general>
<round no="0"><action no="1" player="KOPKHUNKRAP" type="1" sum="10"/>
<action no="2" player="Thechosenoonee" type="2" discard="1" dealt="1" sum="20"/>
</round>
<round no="1"><cards type="Pocket" player="KOPKHUNKRAP">HQ H5</cards>
<cards type="Pocket" player="Tiuualex">X X</cards>
<cards type="Pocket" player="Thechosenoonee">X X</cards>
<action no="3" player="Tiuualex" type="0" discard="1" dealt="1" sum="0"/>
<action no="4" player="KOPKHUNKRAP" type="3" sum="10"/>
<action no="5" player="Thechosenoonee" type="4" discard="1" dealt="1" sum="0"/>
</round>
<round no="2"><cards type="Flop">H9 C9 S10</cards>
<action no="6" player="KOPKHUNKRAP" type="4" sum="0"/>
<action no="7" player="Thechosenoonee" type="4" discard="1" dealt="1" sum="0"/>
</round>
<round no="3"><cards type="Turn">DK</cards>
<action no="8" player="KOPKHUNKRAP" type="4" sum="0"/>
<action no="9" player="Thechosenoonee" type="5" discard="1" dealt="1" sum="40"/>
<action no="10" player="KOPKHUNKRAP" type="0" sum="0"/>
</round>
</game>
<game gamecode="6523230082"><general><startdate>2025-11-04 23:57:42</startdate>
<round>1</round>
<failsafecounter/>
<players><player seat="6" name="Tiuualex" chips="490" dealer="0" win="40" bet="60" muck="1" rebuy="0" addon="0" merge="0" rebuychips="0" reg_code="5070697538"/>
<player seat="10" name="KOPKHUNKRAP" chips="490" dealer="1" win="0" bet="0" muck="1" rebuy="0" addon="0" merge="0" rebuychips="0" reg_code="5070697686"/>
<player seat="3" name="Thechosenoonee" chips="520" dealer="0" win="0" bet="20" muck="1" rebuy="0" addon="0" merge="0" rebuychips="0" reg_code="5070697427"/>
</players>
</general>
<round no="0"><action no="1" player="Thechosenoonee" type="1" discard="1" dealt="1" sum="10"/>
<action no="2" player="Tiuualex" type="2" discard="1" dealt="1" sum="20"/>
</round>
<round no="1"><cards type="Pocket" player="Thechosenoonee">X X</cards>
<cards type="Pocket" player="Tiuualex">X X</cards>
<cards type="Pocket" player="KOPKHUNKRAP">C5 C3</cards>
<action no="3" player="KOPKHUNKRAP" type="0" sum="0"/>
<action no="4" player="Thechosenoonee" type="3" discard="1" dealt="1" sum="10"/>
<action no="5" player="Tiuualex" type="23" discard="1" dealt="1" sum="60"/>
<action no="6" player="Thechosenoonee" type="0" discard="1" dealt="1" sum="0"/>
</round>
</game>
<game gamecode="6523230124"><general><startdate>2025-11-04 23:58:01</startdate>
<round>1</round>
<failsafecounter/>
<players><player seat="10" name="KOPKHUNKRAP" chips="490" dealer="0" win="40" bet="20" muck="0" rebuy="0" addon="0" merge="0" rebuychips="0" reg_code="5070697686"/>
<player seat="3" name="Thechosenoonee" chips="500" dealer="1" win="0" bet="0" muck="1" rebuy="0" addon="0" merge="0" rebuychips="0" reg_code="5070697427"/>
<player seat="6" name="Tiuualex" chips="510" dealer="0" win="0" bet="20" muck="1" rebuy="0" addon="0" merge="0" rebuychips="0" reg_code="5070697538"/>
</players>
</general>
<round no="0"><action no="1" player="Tiuualex" type="1" discard="1" dealt="1" sum="10"/>
<action no="2" player="KOPKHUNKRAP" type="2" sum="20"/>
</round>
<round no="1"><cards type="Pocket" player="Thechosenoonee">X X</cards>
<cards type="Pocket" player="Tiuualex">CA D2</cards>
<cards type="Pocket" player="KOPKHUNKRAP">D5 C6</cards>
<action no="3" player="Thechosenoonee" type="0" discard="1" dealt="1" sum="0"/>
<action no="4" player="Tiuualex" type="3" discard="1" dealt="1" sum="10"/>
<action no="5" player="KOPKHUNKRAP" type="4" sum="0"/>
</round>
<round no="2"><cards type="Flop">D3 HK C9</cards>
<action no="6" player="Tiuualex" type="4" discard="1" dealt="1" sum="0"/>
<action no="7" player="KOPKHUNKRAP" type="4" sum="0"/>
</round>
<round no="3"><cards type="Turn">S5</cards>
<action no="8" player="Tiuualex" type="4" discard="1" dealt="1" sum="0"/>
<action no="9" player="KOPKHUNKRAP" type="4" sum="0"/>
</round>
<round no="4"><cards type="River">S8</cards>
<action no="10" player="Tiuualex" type="4" discard="1" dealt="1" sum="0"/>
<action no="11" player="KOPKHUNKRAP" type="4" sum="0"/>
</round>
</game>
<game gamecode="6523230262"><general><startdate>2025-11-04 23:59:04</startdate>
<round>1</round>
<failsafecounter/>
<players><player seat="3" name="Thechosenoonee" chips="500" dealer="0" win="0" bet="35" muck="1" rebuy="0" addon="0" merge="0" rebuychips="0" reg_code="5070697427"/>
<player seat="6" name="Tiuualex" chips="490" dealer="1" win="1,015" bet="490" muck="0" rebuy="0" addon="0" merge="0" rebuychips="0" reg_code="5070697538"/>
<player seat="10" name="KOPKHUNKRAP" chips="510" dealer="0" win="0" bet="510" muck="1" rebuy="0" addon="0" merge="0" rebuychips="0" reg_code="5070697686"/>
</players>
</general>
<round no="0"><action no="1" player="KOPKHUNKRAP" type="15" sum="5"/>
<action no="2" player="Thechosenoonee" type="15" discard="1" dealt="1" sum="5"/>
<action no="3" player="Tiuualex" type="15" discard="1" dealt="1" sum="5"/>
<action no="4" player="KOPKHUNKRAP" type="1" sum="15"/>
<action no="5" player="Thechosenoonee" type="2" discard="1" dealt="1" sum="30"/>
</round>
<round no="1"><cards type="Pocket" player="Tiuualex">D4 C4</cards>
<cards type="Pocket" player="KOPKHUNKRAP">DA SA</cards>
<cards type="Pocket" player="Thechosenoonee">X X</cards>
<action no="6" player="Tiuualex" type="23" discard="1" dealt="1" sum="485"/>
<action no="7" player="KOPKHUNKRAP" type="7" sum="490"/>
<action no="8" player="Thechosenoonee" type="0" discard="1" dealt="1" sum="0"/>
</round>
<round no="2"><cards type="Flop">H2 S4 SJ</cards>
</round>
<round no="3"><cards type="Turn">C5</cards>
</round>
<round no="4"><cards type="River">DQ</cards>
</round>
</game>
<game gamecode="6523230340"><general><startdate>2025-11-04 23:59:33</startdate>
<round>1</round>
<failsafecounter/>
<players><player seat="6" name="Tiuualex" chips="1,015" dealer="0" win="60" bet="35" muck="0" rebuy="0" addon="0" merge="0" rebuychips="0" reg_code="5070697538"/>
<player seat="10" name="KOPKHUNKRAP" chips="20" dealer="1" win="0" bet="20" muck="0" rebuy="0" addon="0" merge="0" rebuychips="0" reg_code="5070697686"/>
<player seat="3" name="Thechosenoonee" chips="465" dealer="0" win="0" bet="20" muck="1" rebuy="0" addon="0" merge="0" rebuychips="0" reg_code="5070697427"/>
</players>
</general>
<round no="0"><action no="1" player="Thechosenoonee" type="15" discard="1" dealt="1" sum="5"/>
<action no="2" player="Tiuualex" type="15" discard="1" dealt="1" sum="5"/>
<action no="3" player="KOPKHUNKRAP" type="15" sum="5"/>
<action no="4" player="Thechosenoonee" type="1" discard="1" dealt="1" sum="15"/>
<action no="5" player="Tiuualex" type="2" discard="1" dealt="1" sum="30"/>
</round>
<round no="1"><cards type="Pocket" player="Tiuualex">CA S10</cards>
<cards type="Pocket" player="Thechosenoonee">X X</cards>
<cards type="Pocket" player="KOPKHUNKRAP">D2 D7</cards>
<action no="6" player="KOPKHUNKRAP" type="7" sum="15"/>
<action no="7" player="Thechosenoonee" type="0" discard="1" dealt="1" sum="0"/>
</round>
<round no="2"><cards type="Flop">H2 S3 C5</cards>
</round>
<round no="3"><cards type="Turn">C4</cards>
</round>
<round no="4"><cards type="River">HJ</cards>
</round>
</game>
</session>
