<?xml version="1.0" encoding="UTF-8"?>
<session sessioncode="5070502381">
<general>
<client_version>25.1.1.16</client_version>
<mode>real</mode>
<gametype>Holdem NL</gametype>
<tablename>Twister €100 SNG, 821026015</tablename>
<tournamentcode>821026014</tournamentcode>
<tournamentname>Twister €100 SNG</tournamentname>
<buyin>€0 + €7 + €93</buyin>
<totalbuyin>€100</totalbuyin>
<rewarddrawn>€500</rewarddrawn>
<tournamentcurrency>EUR</tournamentcurrency>
<currency>EUR</currency>
<nickname>KOPKHUNKRAP</nickname>
<gamecount>25</gamecount>
<startdate>2025-11-04 00:58:25</startdate>
<place>1</place>
<win>€500</win>
<tablesize>3</tablesize>
</general>
<game gamecode="6522452785"><general><startdate>2025-11-04 00:58:40</startdate>
<round>1</round>
<failsafecounter/>
<players><player seat="3" name="Tiuualex" chips="500" dealer="0" win="0" bet="20" muck="1" rebuy="0" addon="0" merge="0" rebuychips="0" reg_code="5070502358"/>
<player seat="6" name="Olga14" chips="500" dealer="1" win="50" bet="60" muck="1" rebuy="0" addon="0" merge="0" rebuychips="0" reg_code="5070502373"/>
<player seat="10" name="KOPKHUNKRAP" chips="500" dealer="0" win="0" bet="10" muck="1" rebuy="0" addon="0" merge="0" rebuychips="0" reg_code="5070502381"/>
</players>
</general>
<round no="0"><action no="1" player="KOPKHUNKRAP" type="1" sum="10"/>
<action no="2" player="Tiuualex" type="2" discard="1" dealt="1" sum="20"/>
</round>
<round no="1"><cards type="Pocket" player="Tiuualex">X X</cards>
<cards type="Pocket" player="Olga14">X X</cards>
<cards type="Pocket" player="KOPKHUNKRAP">C8 H9</cards>
<action no="3" player="Olga14" type="23" discard="1" dealt="1" sum="60"/>
<action no="4" player="KOPKHUNKRAP" type="0" sum="0"/>
<action no="5" player="Tiuualex" type="0" discard="1" dealt="1" sum="0"/>
</round>
</game>
<game gamecode="6522452822"><general><startdate>2025-11-04 00:58:52</startdate>
<round>1</round>
<failsafecounter/>
<players><player seat="6" name="Olga14" chips="530" dealer="0" win="0" bet="50" muck="1" rebuy="0" addon="0" merge="0" rebuychips="0" reg_code="5070502373"/>
<player seat="10" name="KOPKHUNKRAP" chips="490" dealer="1" win="0" bet="0" muck="1" rebuy="0" addon="0" merge="0" rebuychips="0" reg_code="5070502381"/>
<player seat="3" name="Tiuualex" chips="480" dealer="0" win="100" bet="75" muck="1" rebuy="0" addon="0" merge="0" rebuychips="0" reg_code="5070502358"/>
</players>
</general>
<round no="0"><action no="1" player="Tiuualex" type="1" discard="1" dealt="1" sum="10"/>
<action no="2" player="Olga14" type="2" discard="1" dealt="1" sum="20"/>
</round>
<round no="1"><cards type="Pocket" player="Tiuualex">X X</cards>
<cards type="Pocket" player="KOPKHUNKRAP">SQ C4</cards>
<cards type="Pocket" player="Olga14">X X</cards>
<action no="3" player="KOPKHUNKRAP" type="0" sum="0"/>
<action no="4" player="Tiuualex" type="23" discard="1" dealt="1" sum="50"/>
<action no="5" player="Olga14" type="3" discard="1" dealt="1" sum="30"/>
</round>
<round no="2"><cards type="Flop">S3 H9 D3</cards>
<action no="6" player="Tiuualex" type="5" discard="1" dealt="1" sum="25"/>
<action no="7" player="Olga14" type="0" discard="1" dealt="1" sum="0"/>
</round>
</game>
<game gamecode="6522452893"><general><startdate>2025-11-04 00:59:09</startdate>
<round>1</round>
<failsafecounter/>
<players><player seat="10" name="KOPKHUNKRAP" chips="490" dealer="0" win="0" bet="20" muck="1" rebuy="0" addon="0" merge="0" rebuychips="0" reg_code="5070502381"/>
<player seat="3" name="Tiuualex" chips="530" dealer="1" win="0" bet="0" muck="1" rebuy="0" addon="0" merge="0" rebuychips="0" reg_code="5070502358"/>
<player seat="6" name="Olga14" chips="480" dealer="0" win="40" bet="40" muck="1" rebuy="0" addon="0" merge="0" rebuychips="0" reg_code="5070502373"/>
</players>
</general>
<round no="0"><action no="1" player="Olga14" type="1" discard="1" dealt="1" sum="10"/>
<action no="2" player="KOPKHUNKRAP" type="2" sum="20"/>
</round>
<round no="1"><cards type="Pocket" player="Tiuualex">X X</cards>
<cards type="Pocket" player="Olga14">X X</cards>
<cards type="Pocket" player="KOPKHUNKRAP">H3 S4</cards>
<action no="3" player="Tiuualex" type="0" discard="1" dealt="1" sum="0"/>
<action no="4" player="Olga14" type="23" discard="1" dealt="1" sum="40"/>
<action no="5" player="KOPKHUNKRAP" type="0" sum="0"/>
</round>
</game>
<game gamecode="6522452931"><general><startdate>2025-11-04 00:59:19</startdate>
<round>1</round>
<failsafecounter/>
<players><player seat="3" name="Tiuualex" chips="530" dealer="0" win="20" bet="20" muck="1" rebuy="0" addon="0" merge="0" rebuychips="0" reg_code="5070502358"/>
<player seat="6" name="Olga14" chips="500" dealer="1" win="0" bet="0" muck="1" rebuy="0" addon="0" merge="0" rebuychips="0" reg_code="5070502373"/>
<player seat="10" name="KOPKHUNKRAP" chips="470" dealer="0" win="0" bet="10" muck="1" rebuy="0" addon="0" merge="0" rebuychips="0" reg_code="5070502381"/>
</players>
</general>
<round no="0"><action no="1" player="KOPKHUNKRAP" type="1" sum="10"/>
<action no="2" player="Tiuualex" type="2" discard="1" dealt="1" sum="20"/>
</round>
<round no="1"><cards type="Pocket" player="Tiuualex">X X</cards>
<cards type="Pocket" player="KOPKHUNKRAP">HK C6</cards>
<cards type="Pocket" player="Olga14">X X</cards>
<action no="3" player="Olga14" type="0" discard="1" dealt="1" sum="0"/>
<action no="4" player="KOPKHUNKRAP" type="0" sum="0"/>
</round>
</game>
<game gamecode="6522452982"><general><startdate>2025-11-04 00:59:32</startdate>
<round>1</round>
<failsafecounter/>
<players><player seat="6" name="Olga14" chips="500" dealer="0" win="20" bet="20" muck="1" rebuy="0" addon="0" merge="0" rebuychips="0" reg_code="5070502373"/>
<player seat="10" name="KOPKHUNKRAP" chips="460" dealer="1" win="0" bet="0" muck="1" rebuy="0" addon="0" merge="0" rebuychips="0" reg_code="5070502381"/>
<player seat="3" name="Tiuualex" chips="540" dealer="0" win="0" bet="10" muck="1" rebuy="0" addon="0" merge="0" rebuychips="0" reg_code="5070502358"/>
</players>
</general>
<round no="0"><action no="1" player="Tiuualex" type="1" discard="1" dealt="1" sum="10"/>
<action no="2" player="Olga14" type="2" discard="1" dealt="1" sum="20"/>
</round>
<round no="1"><cards type="Pocket" player="Olga14">X X</cards>
<cards type="Pocket" player="Tiuualex">X X</cards>
<cards type="Pocket" player="KOPKHUNKRAP">H3 SK</cards>
<action no="3" player="KOPKHUNKRAP" type="0" sum="0"/>
<action no="4" player="Tiuualex" type="0" discard="1" dealt="1" sum="0"/>
</round>
</game>
<game gamecode="6522453018"><general><startdate>2025-11-04 00:59:43</startdate>
<round>1</round>
<failsafecounter/>
<players><player seat="10" name="KOPKHUNKRAP" chips="460" dealer="0" win="0" bet="20" muck="1" rebuy="0" addon="0" merge="0" rebuychips="0" reg_code="5070502381"/>
<player seat="3" name="Tiuualex" chips="530" dealer="1" win="0" bet="0" muck="1" rebuy="0" addon="0" merge="0" rebuychips="0" reg_code="5070502358"/>
<player seat="6" name="Olga14" chips="510" dealer="0" win="40" bet="40" muck="1" rebuy="0" addon="0" merge="0" rebuychips="0" reg_code="5070502373"/>
</players>
</general>
<round no="0"><action no="1" player="Olga14" type="1" discard="1" dealt="1" sum="10"/>
<action no="2" player="KOPKHUNKRAP" type="2" sum="20"/>
</round>
<round no="1"><cards type="Pocket" player="KOPKHUNKRAP">C9 H3</cards>
<cards type="Pocket" player="Olga14">X X</cards>
<cards type="Pocket" player="Tiuualex">X X</cards>
<action no="3" player="Tiuualex" type="0" discard="1" dealt="1" sum="0"/>
<action no="4" player="Olga14" type="3" discard="1" dealt="1" sum="10"/>
<action no="5" player="KOPKHUNKRAP" type="4" sum="0"/>
</round>
<round no="2"><cards type="Flop">HQ H2 HJ</cards>
<action no="6" player="Olga14" type="5" discard="1" dealt="1" sum="20"/>
<action no="7" player="KOPKHUNKRAP" type="0" sum="0"/>
</round>
</game>
<game gamecode="6522453135"><general><startdate>2025-11-04 01:00:11</startdate>
<round>1</round>
<failsafecounter/>
<players><player seat="3" name="Tiuualex" chips="530" dealer="0" win="100" bet="530" muck="1" rebuy="0" addon="0" merge="0" rebuychips="0" reg_code="5070502358"/>
<player seat="6" name="Olga14" chips="530" dealer="1" win="0" bet="0" muck="1" rebuy="0" addon="0" merge="0" rebuychips="0" reg_code="5070502373"/>
<player seat="10" name="KOPKHUNKRAP" chips="440" dealer="0" win="0" bet="50" muck="1" rebuy="0" addon="0" merge="0" rebuychips="0" reg_code="5070502381"/>
</players>
</general>
<round no="0"><action no="1" player="KOPKHUNKRAP" type="1" sum="10"/>
<action no="2" player="Tiuualex" type="2" discard="1" dealt="1" sum="20"/>
</round>
<round no="1"><cards type="Pocket" player="KOPKHUNKRAP">H5 CA</cards>
<cards type="Pocket" player="Tiuualex">X X</cards>
<cards type="Pocket" player="Olga14">X X</cards>
<action no="3" player="Olga14" type="0" discard="1" dealt="1" sum="0"/>
<action no="4" player="KOPKHUNKRAP" type="23" sum="50"/>
<action no="5" player="Tiuualex" type="23" discard="1" dealt="1" sum="530"/>
<action no="6" player="KOPKHUNKRAP" type="0" sum="0"/>
</round>
</game>
<game gamecode="6522453219"><general><startdate>2025-11-04 01:00:33</startdate>
<round>1</round>
<failsafecounter/>
<players><player seat="6" name="Olga14" chips="530" dealer="0" win="0" bet="20" muck="1" rebuy="0" addon="0" merge="0" rebuychips="0" reg_code="5070502373"/>
<player seat="10" name="KOPKHUNKRAP" chips="390" dealer="1" win="800" bet="390" muck="0" rebuy="0" addon="0" merge="0" rebuychips="0" reg_code="5070502381"/>
<player seat="3" name="Tiuualex" chips="580" dealer="0" win="0" bet="580" muck="1" rebuy="0" addon="0" merge="0" rebuychips="0" reg_code="5070502358"/>
</players>
</general>
<round no="0"><action no="1" player="Tiuualex" type="1" discard="1" dealt="1" sum="10"/>
<action no="2" player="Olga14" type="2" discard="1" dealt="1" sum="20"/>
</round>
<round no="1"><cards type="Pocket" player="KOPKHUNKRAP">HJ CJ</cards>
<cards type="Pocket" player="Tiuualex">DK SA</cards>
<cards type="Pocket" player="Olga14">X X</cards>
<action no="3" player="KOPKHUNKRAP" type="23" sum="40"/>
<action no="4" player="Tiuualex" type="23" discard="1" dealt="1" sum="580"/>
<action no="5" player="Olga14" type="0" discard="1" dealt="1" sum="0"/>
<action no="6" player="KOPKHUNKRAP" type="7" sum="350"/>
</round>
<round no="2"><cards type="Flop">D5 C9 SJ</cards>
</round>
<round no="3"><cards type="Turn">SQ</cards>
</round>
<round no="4"><cards type="River">DA</cards>
</round>
</game>
<game gamecode="6522453315"><general><startdate>2025-11-04 01:00:58</startdate>
<round>1</round>
<failsafecounter/>
<players><player seat="10" name="KOPKHUNKRAP" chips="800" dealer="0" win="0" bet="35" muck="1" rebuy="0" addon="0" merge="0" rebuychips="0" reg_code="5070502381"/>
<player seat="3" name="Tiuualex" chips="190" dealer="1" win="0" bet="190" muck="0" rebuy="0" addon="0" merge="0" rebuychips="0" reg_code="5070502358"/>
<player seat="6" name="Olga14" chips="510" dealer="0" win="415" bet="190" muck="0" rebuy="0" addon="0" merge="0" rebuychips="0" reg_code="5070502373"/>
</players>
</general>
<round no="0"><action no="1" player="Olga14" type="15" discard="1" dealt="1" sum="5"/>
<action no="2" player="KOPKHUNKRAP" type="15" sum="5"/>
<action no="3" player="Tiuualex" type="15" discard="1" dealt="1" sum="5"/>
<action no="4" player="Olga14" type="1" discard="1" dealt="1" sum="15"/>
<action no="5" player="KOPKHUNKRAP" type="2" sum="30"/>
</round>
<round no="1"><cards type="Pocket" player="KOPKHUNKRAP">CA D3</cards>
<cards type="Pocket" player="Olga14">C5 D5</cards>
<cards type="Pocket" player="Tiuualex">C7 CK</cards>
<action no="6" player="Tiuualex" type="23" discard="1" dealt="1" sum="185"/>
<action no="7" player="Olga14" type="3" discard="1" dealt="1" sum="170"/>
<action no="8" player="KOPKHUNKRAP" type="0" sum="0"/>
</round>
<round no="2"><cards type="Flop">S5 SJ DQ</cards>
</round>
<round no="3"><cards type="Turn">H6</cards>
</round>
<round no="4"><cards type="River">H4</cards>
</round>
</game>
<game gamecode="6522453422"><general><startdate>2025-11-04 01:01:26</startdate>
<round>1</round>
<failsafecounter/>
<players><player seat="10" name="KOPKHUNKRAP" chips="765" dealer="0" win="0" bet="35" muck="1" rebuy="0" addon="0" merge="0" rebuychips="0" reg_code="5070502381"/>
<player seat="6" name="Olga14" chips="735" dealer="1" win="70" bet="65" muck="1" rebuy="0" addon="0" merge="0" rebuychips="0" reg_code="5070502373"/>
</players>
</general>
<round no="0"><action no="1" player="Olga14" type="15" discard="1" dealt="1" sum="5"/>
<action no="2" player="KOPKHUNKRAP" type="15" sum="5"/>
<action no="3" player="Olga14" type="1" discard="1" dealt="1" sum="15"/>
<action no="4" player="KOPKHUNKRAP" type="2" sum="30"/>
</round>
<round no="1"><cards type="Pocket" player="KOPKHUNKRAP">S7 C10</cards>
<cards type="Pocket" player="Olga14">X X</cards>
<action no="5" player="Olga14" type="3" discard="1" dealt="1" sum="15"/>
<action no="6" player="KOPKHUNKRAP" type="4" sum="0"/>
</round>
<round no="2"><cards type="Flop">C5 S5 D8</cards>
<action no="7" player="KOPKHUNKRAP" type="4" sum="0"/>
<action no="8" player="Olga14" type="5" discard="1" dealt="1" sum="30"/>
<action no="9" player="KOPKHUNKRAP" type="0" sum="0"/>
</round>
</game>
<game gamecode="6522453486"><general><startdate>2025-11-04 01:01:41</startdate>
<round>1</round>
<failsafecounter/>
<players><player seat="6" name="Olga14" chips="770" dealer="0" win="0" bet="35" muck="1" rebuy="0" addon="0" merge="0" rebuychips="0" reg_code="5070502373"/>
<player seat="10" name="KOPKHUNKRAP" chips="730" dealer="1" win="70" bet="65" muck="1" rebuy="0" addon="0" merge="0" rebuychips="0" reg_code="5070502381"/>
</players>
</general>
<round no="0"><action no="1" player="KOPKHUNKRAP" type="15" sum="5"/>
<action no="2" player="Olga14" type="15" discard="1" dealt="1" sum="5"/>
<action no="3" player="KOPKHUNKRAP" type="1" sum="15"/>
<action no="4" player="Olga14" type="2" discard="1" dealt="1" sum="30"/>
</round>
<round no="1"><cards type="Pocket" player="Olga14">X X</cards>
<cards type="Pocket" player="KOPKHUNKRAP">C9 H2</cards>
<action no="5" player="KOPKHUNKRAP" type="3" sum="15"/>
<action no="6" player="Olga14" type="4" discard="1" dealt="1" sum="0"/>
</round>
<round no="2"><cards type="Flop">C8 H9 CA</cards>
<action no="7" player="Olga14" type="4" discard="1" dealt="1" sum="0"/>
<action no="8" player="KOPKHUNKRAP" type="4" sum="0"/>
</round>
<round no="3"><cards type="Turn">D2</cards>
<action no="9" player="Olga14" type="4" discard="1" dealt="1" sum="0"/>
<action no="10" player="KOPKHUNKRAP" type="5" sum="30"/>
<action no="11" player="Olga14" type="0" discard="1" dealt="1" sum="0"/>
</round>
</game>
<game gamecode="6522453545"><general><startdate>2025-11-04 01:01:56</startdate>
<round>1</round>
<failsafecounter/>
<players><player seat="10" name="KOPKHUNKRAP" chips="765" dealer="0" win="70" bet="105" muck="1" rebuy="0" addon="0" merge="0" rebuychips="0" reg_code="5070502381"/>
<player seat="6" name="Olga14" chips="735" dealer="1" win="0" bet="35" muck="1" rebuy="0" addon="0" merge="0" rebuychips="0" reg_code="5070502373"/>
</players>
</general>
<round no="0"><action no="1" player="Olga14" type="15" discard="1" dealt="1" sum="5"/>
<action no="2" player="KOPKHUNKRAP" type="15" sum="5"/>
<action no="3" player="Olga14" type="1" discard="1" dealt="1" sum="15"/>
<action no="4" player="KOPKHUNKRAP" type="2" sum="30"/>
</round>
<round no="1"><cards type="Pocket" player="KOPKHUNKRAP">C3 H5</cards>
<cards type="Pocket" player="Olga14">X X</cards>
<action no="5" player="Olga14" type="3" discard="1" dealt="1" sum="15"/>
<action no="6" player="KOPKHUNKRAP" type="4" sum="0"/>
</round>
<round no="2"><cards type="Flop">S10 C2 DA</cards>
<action no="7" player="KOPKHUNKRAP" type="4" sum="0"/>
<action no="8" player="Olga14" type="4" discard="1" dealt="1" sum="0"/>
</round>
<round no="3"><cards type="Turn">CJ</cards>
<action no="9" player="KOPKHUNKRAP" type="4" sum="0"/>
<action no="10" player="Olga14" type="4" discard="1" dealt="1" sum="0"/>
</round>
<round no="4"><cards type="River">H2</cards>
<action no="11" player="KOPKHUNKRAP" type="5" sum="70"/>
<action no="12" player="Olga14" type="0" discard="1" dealt="1" sum="0"/>
</round>
</game>
<game gamecode="6522453690"><general><startdate>2025-11-04 01:02:36</startdate>
<round>1</round>
<failsafecounter/>
<players><player seat="6" name="Olga14" chips="700" dealer="0" win="70" bet="65" muck="1" rebuy="0" addon="0" merge="0" rebuychips="0" reg_code="5070502373"/>
<player seat="10" name="KOPKHUNKRAP" chips="800" dealer="1" win="0" bet="35" muck="1" rebuy="0" addon="0" merge="0" rebuychips="0" reg_code="5070502381"/>
</players>
</general>
<round no="0"><action no="1" player="KOPKHUNKRAP" type="15" sum="5"/>
<action no="2" player="Olga14" type="15" discard="1" dealt="1" sum="5"/>
<action no="3" player="KOPKHUNKRAP" type="1" sum="15"/>
<action no="4" player="Olga14" type="2" discard="1" dealt="1" sum="30"/>
</round>
<round no="1"><cards type="Pocket" player="KOPKHUNKRAP">H7 D3</cards>
<cards type="Pocket" player="Olga14">X X</cards>
<action no="5" player="KOPKHUNKRAP" type="3" sum="15"/>
<action no="6" player="Olga14" type="23" discard="1" dealt="1" sum="60"/>
<action no="7" player="KOPKHUNKRAP" type="0" sum="0"/>
</round>
</game>
<game gamecode="6522453725"><general><startdate>2025-11-04 01:02:48</startdate>
<round>1</round>
<failsafecounter/>
<players><player seat="10" name="KOPKHUNKRAP" chips="765" dealer="0" win="0" bet="45" muck="1" rebuy="0" addon="0" merge="0" rebuychips="0" reg_code="5070502381"/>
<player seat="6" name="Olga14" chips="735" dealer="1" win="90" bet="85" muck="1" rebuy="0" addon="0" merge="0" rebuychips="0" reg_code="5070502373"/>
</players>
</general>
<round no="0"><action no="1" player="Olga14" type="15" discard="1" dealt="1" sum="5"/>
<action no="2" player="KOPKHUNKRAP" type="15" sum="5"/>
<action no="3" player="Olga14" type="1" discard="1" dealt="1" sum="20"/>
<action no="4" player="KOPKHUNKRAP" type="2" sum="40"/>
</round>
<round no="1"><cards type="Pocket" player="Olga14">X X</cards>
<cards type="Pocket" player="KOPKHUNKRAP">HQ C6</cards>
<action no="5" player="Olga14" type="3" discard="1" dealt="1" sum="20"/>
<action no="6" player="KOPKHUNKRAP" type="4" sum="0"/>
</round>
<round no="2"><cards type="Flop">C9 S5 D4</cards>
<action no="7" player="KOPKHUNKRAP" type="4" sum="0"/>
<action no="8" player="Olga14" type="5" discard="1" dealt="1" sum="40"/>
<action no="9" player="KOPKHUNKRAP" type="0" sum="0"/>
</round>
</game>
<game gamecode="6522453772"><general><startdate>2025-11-04 01:03:00</startdate>
<round>1</round>
<failsafecounter/>
<players><player seat="6" name="Olga14" chips="780" dealer="0" win="0" bet="85" muck="1" rebuy="0" addon="0" merge="0" rebuychips="0" reg_code="5070502373"/>
<player seat="10" name="KOPKHUNKRAP" chips="720" dealer="1" win="170" bet="720" muck="1" rebuy="0" addon="0" merge="0" rebuychips="0" reg_code="5070502381"/>
</players>
</general>
<round no="0"><action no="1" player="KOPKHUNKRAP" type="15" sum="5"/>
<action no="2" player="Olga14" type="15" discard="1" dealt="1" sum="5"/>
<action no="3" player="KOPKHUNKRAP" type="1" sum="20"/>
<action no="4" player="Olga14" type="2" discard="1" dealt="1" sum="40"/>
</round>
<round no="1"><cards type="Pocket" player="KOPKHUNKRAP">HK S3</cards>
<cards type="Pocket" player="Olga14">X X</cards>
<action no="5" player="KOPKHUNKRAP" type="3" sum="20"/>
<action no="6" player="Olga14" type="4" discard="1" dealt="1" sum="0"/>
</round>
<round no="2"><cards type="Flop">HJ HA H10</cards>
<action no="7" player="Olga14" type="4" discard="1" dealt="1" sum="0"/>
<action no="8" player="KOPKHUNKRAP" type="5" sum="40"/>
<action no="9" player="Olga14" type="3" discard="1" dealt="1" sum="40"/>
</round>
<round no="3"><cards type="Turn">DQ</cards>
<action no="10" player="Olga14" type="4" discard="1" dealt="1" sum="0"/>
<action no="11" player="KOPKHUNKRAP" type="4" sum="0"/>
</round>
<round no="4"><cards type="River">DK</cards>
<action no="12" player="Olga14" type="4" discard="1" dealt="1" sum="0"/>
<action no="13" player="KOPKHUNKRAP" type="5" sum="635"/>
<action no="14" player="Olga14" type="0" discard="1" dealt="1" sum="0"/>
</round>
</game>
<game gamecode="6522453863"><general><startdate>2025-11-04 01:03:28</startdate>
<round>1</round>
<failsafecounter/>
<players><player seat="10" name="KOPKHUNKRAP" chips="805" dealer="0" win="90" bet="805" muck="1" rebuy="0" addon="0" merge="0" rebuychips="0" reg_code="5070502381"/>
<player seat="6" name="Olga14" chips="695" dealer="1" win="0" bet="45" muck="1" rebuy="0" addon="0" merge="0" rebuychips="0" reg_code="5070502373"/>
</players>
</general>
<round no="0"><action no="1" player="Olga14" type="15" discard="1" dealt="1" sum="5"/>
<action no="2" player="KOPKHUNKRAP" type="15" sum="5"/>
<action no="3" player="Olga14" type="1" discard="1" dealt="1" sum="20"/>
<action no="4" player="KOPKHUNKRAP" type="2" sum="40"/>
</round>
<round no="1"><cards type="Pocket" player="KOPKHUNKRAP">C6 S6</cards>
<cards type="Pocket" player="Olga14">X X</cards>
<action no="5" player="Olga14" type="3" discard="1" dealt="1" sum="20"/>
<action no="6" player="KOPKHUNKRAP" type="23" sum="800"/>
<action no="7" player="Olga14" type="0" discard="1" dealt="1" sum="0"/>
</round>
</game>
<game gamecode="6522453889"><general><startdate>2025-11-04 01:03:38</startdate>
<round>1</round>
<failsafecounter/>
<players><player seat="6" name="Olga14" chips="650" dealer="0" win="90" bet="85" muck="1" rebuy="0" addon="0" merge="0" rebuychips="0" reg_code="5070502373"/>
<player seat="10" name="KOPKHUNKRAP" chips="850" dealer="1" win="0" bet="45" muck="1" rebuy="0" addon="0" merge="0" rebuychips="0" reg_code="5070502381"/>
</players>
</general>
<round no="0"><action no="1" player="KOPKHUNKRAP" type="15" sum="5"/>
<action no="2" player="Olga14" type="15" discard="1" dealt="1" sum="5"/>
<action no="3" player="KOPKHUNKRAP" type="1" sum="20"/>
<action no="4" player="Olga14" type="2" discard="1" dealt="1" sum="40"/>
</round>
<round no="1"><cards type="Pocket" player="Olga14">X X</cards>
<cards type="Pocket" player="KOPKHUNKRAP">CA C9</cards>
<action no="5" player="KOPKHUNKRAP" type="3" sum="20"/>
<action no="6" player="Olga14" type="4" discard="1" dealt="1" sum="0"/>
</round>
<round no="2"><cards type="Flop">D4 D7 H6</cards>
<action no="7" player="Olga14" type="5" discard="1" dealt="1" sum="40"/>
<action no="8" player="KOPKHUNKRAP" type="0" sum="0"/>
</round>
</game>
<game gamecode="6522453937"><general><startdate>2025-11-04 01:03:53</startdate>
<round>1</round>
<failsafecounter/>
<players><player seat="10" name="KOPKHUNKRAP" chips="805" dealer="0" win="0" bet="45" muck="1" rebuy="0" addon="0" merge="0" rebuychips="0" reg_code="5070502381"/>
<player seat="6" name="Olga14" chips="695" dealer="1" win="90" bet="45" muck="0" rebuy="0" addon="0" merge="0" rebuychips="0" reg_code="5070502373"/>
</players>
</general>
<round no="0"><action no="1" player="Olga14" type="15" discard="1" dealt="1" sum="5"/>
<action no="2" player="KOPKHUNKRAP" type="15" sum="5"/>
<action no="3" player="Olga14" type="1" discard="1" dealt="1" sum="20"/>
<action no="4" player="KOPKHUNKRAP" type="2" sum="40"/>
</round>
<round no="1"><cards type="Pocket" player="KOPKHUNKRAP">C7 CJ</cards>
<cards type="Pocket" player="Olga14">D3 D10</cards>
<action no="5" player="Olga14" type="3" discard="1" dealt="1" sum="20"/>
<action no="6" player="KOPKHUNKRAP" type="4" sum="0"/>
</round>
<round no="2"><cards type="Flop">S6 S10 S7</cards>
<action no="7" player="KOPKHUNKRAP" type="4" sum="0"/>
<action no="8" player="Olga14" type="4" discard="1" dealt="1" sum="0"/>
</round>
<round no="3"><cards type="Turn">C2</cards>
<action no="9" player="KOPKHUNKRAP" type="4" sum="0"/>
<action no="10" player="Olga14" type="4" discard="1" dealt="1" sum="0"/>
</round>
<round no="4"><cards type="River">D2</cards>
<action no="11" player="KOPKHUNKRAP" type="4" sum="0"/>
<action no="12" player="Olga14" type="4" discard="1" dealt="1" sum="0"/>
</round>
</game>
<game gamecode="6522456635"><general><startdate>2025-11-04 01:04:38</startdate>
<round>1</round>
<failsafecounter/>
<players><player seat="6" name="Olga14" chips="740" dealer="0" win="0" bet="45" muck="1" rebuy="0" addon="0" merge="0" rebuychips="0" reg_code="5070502373"/>
<player seat="10" name="KOPKHUNKRAP" chips="760" dealer="1" win="90" bet="85" muck="1" rebuy="0" addon="0" merge="0" rebuychips="0" reg_code="5070502381"/>
</players>
</general>
<round no="0"><action no="1" player="KOPKHUNKRAP" type="15" sum="5"/>
<action no="2" player="Olga14" type="15" discard="1" dealt="1" sum="5"/>
<action no="3" player="KOPKHUNKRAP" type="1" sum="20"/>
<action no="4" player="Olga14" type="2" discard="1" dealt="1" sum="40"/>
</round>
<round no="1"><cards type="Pocket" player="Olga14">X X</cards>
<cards type="Pocket" player="KOPKHUNKRAP">DJ S9</cards>
<action no="5" player="KOPKHUNKRAP" type="3" sum="20"/>
<action no="6" player="Olga14" type="4" discard="1" dealt="1" sum="0"/>
</round>
<round no="2"><cards type="Flop">H2 D2 SJ</cards>
<action no="7" player="Olga14" type="4" discard="1" dealt="1" sum="0"/>
<action no="8" player="KOPKHUNKRAP" type="5" sum="40"/>
<action no="9" player="Olga14" type="0" discard="1" dealt="1" sum="0"/>
</round>
</game>
<game gamecode="6522456685"><general><startdate>2025-11-04 01:04:56</startdate>
<round>1</round>
<failsafecounter/>
<players><player seat="10" name="KOPKHUNKRAP" chips="805" dealer="0" win="70" bet="65" muck="1" rebuy="0" addon="0" merge="0" rebuychips="0" reg_code="5070502381"/>
<player seat="6" name="Olga14" chips="695" dealer="1" win="0" bet="35" muck="1" rebuy="0" addon="0" merge="0" rebuychips="0" reg_code="5070502373"/>
</players>
</general>
<round no="0"><action no="1" player="Olga14" type="15" discard="1" dealt="1" sum="5"/>
<action no="2" player="KOPKHUNKRAP" type="15" sum="5"/>
<action no="3" player="Olga14" type="1" discard="1" dealt="1" sum="30"/>
<action no="4" player="KOPKHUNKRAP" type="2" sum="60"/>
</round>
<round no="1"><cards type="Pocket" player="Olga14">X X</cards>
<cards type="Pocket" player="KOPKHUNKRAP">H6 HQ</cards>
<action no="5" player="Olga14" type="0" discard="1" dealt="1" sum="0"/>
</round>
</game>
<game gamecode="6522456703"><general><startdate>2025-11-04 01:05:02</startdate>
<round>1</round>
<failsafecounter/>
<players><player seat="6" name="Olga14" chips="660" dealer="0" win="0" bet="185" muck="1" rebuy="0" addon="0" merge="0" rebuychips="0" reg_code="5070502373"/>
<player seat="10" name="KOPKHUNKRAP" chips="840" dealer="1" win="370" bet="840" muck="1" rebuy="0" addon="0" merge="0" rebuychips="0" reg_code="5070502381"/>
</players>
</general>
<round no="0"><action no="1" player="KOPKHUNKRAP" type="15" sum="5"/>
<action no="2" player="Olga14" type="15" discard="1" dealt="1" sum="5"/>
<action no="3" player="KOPKHUNKRAP" type="1" sum="30"/>
<action no="4" player="Olga14" type="2" discard="1" dealt="1" sum="60"/>
</round>
<round no="1"><cards type="Pocket" player="KOPKHUNKRAP">H10 H7</cards>
<cards type="Pocket" player="Olga14">X X</cards>
<action no="5" player="KOPKHUNKRAP" type="3" sum="30"/>
<action no="6" player="Olga14" type="4" discard="1" dealt="1" sum="0"/>
</round>
<round no="2"><cards type="Flop">C3 C6 H2</cards>
<action no="7" player="Olga14" type="4" discard="1" dealt="1" sum="0"/>
<action no="8" player="KOPKHUNKRAP" type="5" sum="60"/>
<action no="9" player="Olga14" type="3" discard="1" dealt="1" sum="60"/>
</round>
<round no="3"><cards type="Turn">H8</cards>
<action no="10" player="Olga14" type="5" discard="1" dealt="1" sum="60"/>
<action no="11" player="KOPKHUNKRAP" type="3" sum="60"/>
</round>
<round no="4"><cards type="River">D4</cards>
<action no="12" player="Olga14" type="4" discard="1" dealt="1" sum="0"/>
<action no="13" player="KOPKHUNKRAP" type="5" sum="655"/>
<action no="14" player="Olga14" type="0" discard="1" dealt="1" sum="0"/>
</round>
</game>
<game gamecode="6522456789"><general><startdate>2025-11-04 01:05:26</startdate>
<round>1</round>
<failsafecounter/>
<players><player seat="10" name="KOPKHUNKRAP" chips="1,025" dealer="0" win="70" bet="65" muck="1" rebuy="0" addon="0" merge="0" rebuychips="0" reg_code="5070502381"/>
<player seat="6" name="Olga14" chips="475" dealer="1" win="0" bet="35" muck="1" rebuy="0" addon="0" merge="0" rebuychips="0" reg_code="5070502373"/>
</players>
</general>
<round no="0"><action no="1" player="Olga14" type="15" discard="1" dealt="1" sum="5"/>
<action no="2" player="KOPKHUNKRAP" type="15" sum="5"/>
<action no="3" player="Olga14" type="1" discard="1" dealt="1" sum="30"/>
<action no="4" player="KOPKHUNKRAP" type="2" sum="60"/>
</round>
<round no="1"><cards type="Pocket" player="KOPKHUNKRAP">H8 C2</cards>
<cards type="Pocket" player="Olga14">X X</cards>
<action no="5" player="Olga14" type="0" discard="1" dealt="1" sum="0"/>
</round>
</game>
<game gamecode="6522456804"><general><startdate>2025-11-04 01:05:32</startdate>
<round>1</round>
<failsafecounter/>
<players><player seat="6" name="Olga14" chips="440" dealer="0" win="70" bet="65" muck="1" rebuy="0" addon="0" merge="0" rebuychips="0" reg_code="5070502373"/>
<player seat="10" name="KOPKHUNKRAP" chips="1,060" dealer="1" win="0" bet="35" muck="1" rebuy="0" addon="0" merge="0" rebuychips="0" reg_code="5070502381"/>
</players>
</general>
<round no="0"><action no="1" player="KOPKHUNKRAP" type="15" sum="5"/>
<action no="2" player="Olga14" type="15" discard="1" dealt="1" sum="5"/>
<action no="3" player="KOPKHUNKRAP" type="1" sum="30"/>
<action no="4" player="Olga14" type="2" discard="1" dealt="1" sum="60"/>
</round>
<round no="1"><cards type="Pocket" player="Olga14">X X</cards>
<cards type="Pocket" player="KOPKHUNKRAP">D2 C7</cards>
<action no="5" player="KOPKHUNKRAP" type="0" sum="0"/>
</round>
</game>
<game gamecode="6522456855"><general><startdate>2025-11-04 01:05:47</startdate>
<round>1</round>
<failsafecounter/>
<players><player seat="10" name="KOPKHUNKRAP" chips="1,025" dealer="0" win="70" bet="65" muck="1" rebuy="0" addon="0" merge="0" rebuychips="0" reg_code="5070502381"/>
<player seat="6" name="Olga14" chips="475" dealer="1" win="0" bet="35" muck="1" rebuy="0" addon="0" merge="0" rebuychips="0" reg_code="5070502373"/>
</players>
</general>
<round no="0"><action no="1" player="Olga14" type="15" discard="1" dealt="1" sum="5"/>
<action no="2" player="KOPKHUNKRAP" type="15" sum="5"/>
<action no="3" player="Olga14" type="1" discard="1" dealt="1" sum="30"/>
<action no="4" player="KOPKHUNKRAP" type="2" sum="60"/>
</round>
<round no="1"><cards type="Pocket" player="KOPKHUNKRAP">H10 CK</cards>
<cards type="Pocket" player="Olga14">X X</cards>
<action no="5" player="Olga14" type="0" discard="1" dealt="1" sum="0"/>
</round>
</game>
<game gamecode="6522456878"><general><startdate>2025-11-04 01:05:53</startdate>
<round>1</round>
<failsafecounter/>
<players><player seat="6" name="Olga14" chips="440" dealer="0" win="0" bet="440" muck="0" rebuy="0" addon="0" merge="0" rebuychips="0" reg_code="5070502373"/>
<player seat="10" name="KOPKHUNKRAP" chips="1,060" dealer="1" win="880" bet="1,060" muck="0" rebuy="0" addon="0" merge="0" rebuychips="0" reg_code="5070502381"/>
</players>
</general>
<round no="0"><action no="1" player="KOPKHUNKRAP" type="15" sum="5"/>
<action no="2" player="Olga14" type="15" discard="1" dealt="1" sum="5"/>
<action no="3" player="KOPKHUNKRAP" type="1" sum="30"/>
<action no="4" player="Olga14" type="2" discard="1" dealt="1" sum="60"/>
</round>
<round no="1"><cards type="Pocket" player="KOPKHUNKRAP">DK S10</cards>
<cards type="Pocket" player="Olga14">D8 HQ</cards>
<action no="5" player="KOPKHUNKRAP" type="23" sum="1,055"/>
<action no="6" player="Olga14" type="7" discard="1" dealt="1" sum="375"/>
</round>
<round no="2"><cards type="Flop">S2 HA D6</cards>
</round>
<round no="3"><cards type="Turn">D7</cards>
</round>
<round no="4"><cards type="River">C10</cards>
</round>
</game>
</session>
