<?xml version="1.0" encoding="UTF-8"?>
<session sessioncode="5070546489">
<general>
<client_version>25.1.1.16</client_version>
<mode>real</mode>
<gametype>Holdem NL</gametype>
<tablename>Twister €100 SNG, 821042091</tablename>
<tournamentcode>821042090</tournamentcode>
<tournamentname>Twister €100 SNG</tournamentname>
<buyin>€0 + €7 + €93</buyin>
<totalbuyin>€100</totalbuyin>
<rewarddrawn>€400</rewarddrawn>
<tournamentcurrency>EUR</tournamentcurrency>
<currency>EUR</currency>
<nickname>KOPKHUNKRAP</nickname>
<gamecount>15</gamecount>
<startdate>2025-11-04 11:53:39</startdate>
<place>1</place>
<win>€400</win>
<tablesize>3</tablesize>
</general>
<game gamecode="6522632149"><general><startdate>2025-11-04 11:53:54</startdate>
<round>1</round>
<failsafecounter/>
<players><player seat="6" name="KOPKHUNKRAP" chips="500" dealer="0" win="0" bet="20" muck="1" rebuy="0" addon="0" merge="0" rebuychips="0" reg_code="5070546489"/>
<player seat="10" name="asodkdjdj" chips="500" dealer="1" win="0" bet="0" muck="1" rebuy="0" addon="0" merge="0" rebuychips="0" reg_code="5070546490"/>
<player seat="3" name="Olga14" chips="500" dealer="0" win="40" bet="60" muck="1" rebuy="0" addon="0" merge="0" rebuychips="0" reg_code="5070546471"/>
</players>
</general>
<round no="0"><action no="1" player="Olga14" type="1" discard="1" dealt="1" sum="10"/>
<action no="2" player="KOPKHUNKRAP" type="2" sum="20"/>
</round>
<round no="1"><cards type="Pocket" player="KOPKHUNKRAP">DQ S8</cards>
<cards type="Pocket" player="Olga14">X X</cards>
<cards type="Pocket" player="asodkdjdj">X X</cards>
<action no="3" player="asodkdjdj" type="0" discard="1" dealt="1" sum="0"/>
<action no="4" player="Olga14" type="23" discard="1" dealt="1" sum="60"/>
<action no="5" player="KOPKHUNKRAP" type="0" sum="0"/>
</round>
</game>
<game gamecode="6522632171"><general><startdate>2025-11-04 11:54:09</startdate>
<round>1</round>
<failsafecounter/>
<players><player seat="10" name="asodkdjdj" chips="500" dealer="0" win="60" bet="60" muck="1" rebuy="0" addon="0" merge="0" rebuychips="0" reg_code="5070546490"/>
<player seat="3" name="Olga14" chips="520" dealer="1" win="0" bet="20" muck="1" rebuy="0" addon="0" merge="0" rebuychips="0" reg_code="5070546471"/>
<player seat="6" name="KOPKHUNKRAP" chips="480" dealer="0" win="0" bet="20" muck="1" rebuy="0" addon="0" merge="0" rebuychips="0" reg_code="5070546489"/>
</players>
</general>
<round no="0"><action no="1" player="KOPKHUNKRAP" type="1" sum="10"/>
<action no="2" player="asodkdjdj" type="2" discard="1" dealt="1" sum="20"/>
</round>
<round no="1"><cards type="Pocket" player="Olga14">X X</cards>
<cards type="Pocket" player="KOPKHUNKRAP">DQ C9</cards>
<cards type="Pocket" player="asodkdjdj">X X</cards>
<action no="3" player="Olga14" type="3" discard="1" dealt="1" sum="20"/>
<action no="4" player="KOPKHUNKRAP" type="3" sum="10"/>
<action no="5" player="asodkdjdj" type="4" discard="1" dealt="1" sum="0"/>
</round>
<round no="2"><cards type="Flop">HA D4 C7</cards>
<action no="6" player="KOPKHUNKRAP" type="4" sum="0"/>
<action no="7" player="asodkdjdj" type="5" discard="1" dealt="1" sum="40"/>
<action no="8" player="Olga14" type="0" discard="1" dealt="1" sum="0"/>
<action no="9" player="KOPKHUNKRAP" type="0" sum="0"/>
</round>
</game>
<game gamecode="6522632211"><general><startdate>2025-11-04 11:54:34</startdate>
<round>1</round>
<failsafecounter/>
<players><player seat="3" name="Olga14" chips="500" dealer="0" win="90" bet="80" muck="1" rebuy="0" addon="0" merge="0" rebuychips="0" reg_code="5070546471"/>
<player seat="6" name="KOPKHUNKRAP" chips="460" dealer="1" win="0" bet="40" muck="1" rebuy="0" addon="0" merge="0" rebuychips="0" reg_code="5070546489"/>
<player seat="10" name="asodkdjdj" chips="540" dealer="0" win="0" bet="10" muck="1" rebuy="0" addon="0" merge="0" rebuychips="0" reg_code="5070546490"/>
</players>
</general>
<round no="0"><action no="1" player="asodkdjdj" type="1" discard="1" dealt="1" sum="10"/>
<action no="2" player="Olga14" type="2" discard="1" dealt="1" sum="20"/>
</round>
<round no="1"><cards type="Pocket" player="KOPKHUNKRAP">DJ DQ</cards>
<cards type="Pocket" player="asodkdjdj">X X</cards>
<cards type="Pocket" player="Olga14">X X</cards>
<action no="3" player="KOPKHUNKRAP" type="23" sum="40"/>
<action no="4" player="asodkdjdj" type="0" discard="1" dealt="1" sum="0"/>
<action no="5" player="Olga14" type="3" discard="1" dealt="1" sum="20"/>
</round>
<round no="2"><cards type="Flop">C7 S5 S9</cards>
<action no="6" player="Olga14" type="4" discard="1" dealt="1" sum="0"/>
<action no="7" player="KOPKHUNKRAP" type="4" sum="0"/>
</round>
<round no="3"><cards type="Turn">CA</cards>
<action no="8" player="Olga14" type="5" discard="1" dealt="1" sum="40"/>
<action no="9" player="KOPKHUNKRAP" type="0" sum="0"/>
</round>
</game>
<game gamecode="6522632249"><general><startdate>2025-11-04 11:54:55</startdate>
<round>1</round>
<failsafecounter/>
<players><player seat="6" name="KOPKHUNKRAP" chips="420" dealer="0" win="320" bet="420" muck="1" rebuy="0" addon="0" merge="0" rebuychips="0" reg_code="5070546489"/>
<player seat="10" name="asodkdjdj" chips="530" dealer="1" win="0" bet="0" muck="1" rebuy="0" addon="0" merge="0" rebuychips="0" reg_code="5070546490"/>
<player seat="3" name="Olga14" chips="550" dealer="0" win="0" bet="160" muck="1" rebuy="0" addon="0" merge="0" rebuychips="0" reg_code="5070546471"/>
</players>
</general>
<round no="0"><action no="1" player="Olga14" type="1" discard="1" dealt="1" sum="10"/>
<action no="2" player="KOPKHUNKRAP" type="2" sum="20"/>
</round>
<round no="1"><cards type="Pocket" player="Olga14">X X</cards>
<cards type="Pocket" player="KOPKHUNKRAP">C10 HJ</cards>
<cards type="Pocket" player="asodkdjdj">X X</cards>
<action no="3" player="asodkdjdj" type="0" discard="1" dealt="1" sum="0"/>
<action no="4" player="Olga14" type="23" discard="1" dealt="1" sum="40"/>
<action no="5" player="KOPKHUNKRAP" type="3" sum="20"/>
</round>
<round no="2"><cards type="Flop">H7 DJ SA</cards>
<action no="6" player="Olga14" type="5" discard="1" dealt="1" sum="60"/>
<action no="7" player="KOPKHUNKRAP" type="3" sum="60"/>
</round>
<round no="3"><cards type="Turn">H10</cards>
<action no="8" player="Olga14" type="5" discard="1" dealt="1" sum="60"/>
<action no="9" player="KOPKHUNKRAP" type="23" sum="320"/>
<action no="10" player="Olga14" type="0" discard="1" dealt="1" sum="0"/>
</round>
</game>
<game gamecode="6522636337"><general><startdate>2025-11-04 11:55:30</startdate>
<round>1</round>
<failsafecounter/>
<players><player seat="10" name="asodkdjdj" chips="530" dealer="0" win="20" bet="20" muck="1" rebuy="0" addon="0" merge="0" rebuychips="0" reg_code="5070546490"/>
<player seat="3" name="Olga14" chips="390" dealer="1" win="0" bet="0" muck="1" rebuy="0" addon="0" merge="0" rebuychips="0" reg_code="5070546471"/>
<player seat="6" name="KOPKHUNKRAP" chips="580" dealer="0" win="0" bet="10" muck="1" rebuy="0" addon="0" merge="0" rebuychips="0" reg_code="5070546489"/>
</players>
</general>
<round no="0"><action no="1" player="KOPKHUNKRAP" type="1" sum="10"/>
<action no="2" player="asodkdjdj" type="2" discard="1" dealt="1" sum="20"/>
</round>
<round no="1"><cards type="Pocket" player="KOPKHUNKRAP">S9 D4</cards>
<cards type="Pocket" player="Olga14">X X</cards>
<cards type="Pocket" player="asodkdjdj">X X</cards>
<action no="3" player="Olga14" type="0" discard="1" dealt="1" sum="0"/>
<action no="4" player="KOPKHUNKRAP" type="0" sum="0"/>
</round>
</game>
<game gamecode="6522636360"><general><startdate>2025-11-04 11:55:42</startdate>
<round>1</round>
<failsafecounter/>
<players><player seat="3" name="Olga14" chips="390" dealer="0" win="20" bet="20" muck="1" rebuy="0" addon="0" merge="0" rebuychips="0" reg_code="5070546471"/>
<player seat="6" name="KOPKHUNKRAP" chips="570" dealer="1" win="0" bet="0" muck="1" rebuy="0" addon="0" merge="0" rebuychips="0" reg_code="5070546489"/>
<player seat="10" name="asodkdjdj" chips="540" dealer="0" win="0" bet="10" muck="1" rebuy="0" addon="0" merge="0" rebuychips="0" reg_code="5070546490"/>
</players>
</general>
<round no="0"><action no="1" player="asodkdjdj" type="1" discard="1" dealt="1" sum="10"/>
<action no="2" player="Olga14" type="2" discard="1" dealt="1" sum="20"/>
</round>
<round no="1"><cards type="Pocket" player="asodkdjdj">X X</cards>
<cards type="Pocket" player="KOPKHUNKRAP">D9 D5</cards>
<cards type="Pocket" player="Olga14">X X</cards>
<action no="3" player="KOPKHUNKRAP" type="0" sum="0"/>
<action no="4" player="asodkdjdj" type="0" discard="1" dealt="1" sum="0"/>
</round>
</game>
<game gamecode="6522636380"><general><startdate>2025-11-04 11:55:57</startdate>
<round>1</round>
<failsafecounter/>
<players><player seat="6" name="KOPKHUNKRAP" chips="570" dealer="0" win="0" bet="35" muck="1" rebuy="0" addon="0" merge="0" rebuychips="0" reg_code="5070546489"/>
<player seat="10" name="asodkdjdj" chips="530" dealer="1" win="90" bet="95" muck="1" rebuy="0" addon="0" merge="0" rebuychips="0" reg_code="5070546490"/>
<player seat="3" name="Olga14" chips="400" dealer="0" win="0" bet="20" muck="1" rebuy="0" addon="0" merge="0" rebuychips="0" reg_code="5070546471"/>
</players>
</general>
<round no="0"><action no="1" player="Olga14" type="15" discard="1" dealt="1" sum="5"/>
<action no="2" player="KOPKHUNKRAP" type="15" sum="5"/>
<action no="3" player="asodkdjdj" type="15" discard="1" dealt="1" sum="5"/>
<action no="4" player="Olga14" type="1" discard="1" dealt="1" sum="15"/>
<action no="5" player="KOPKHUNKRAP" type="2" sum="30"/>
</round>
<round no="1"><cards type="Pocket" player="Olga14">X X</cards>
<cards type="Pocket" player="asodkdjdj">X X</cards>
<cards type="Pocket" player="KOPKHUNKRAP">D9 D3</cards>
<action no="6" player="asodkdjdj" type="3" discard="1" dealt="1" sum="30"/>
<action no="7" player="Olga14" type="0" discard="1" dealt="1" sum="0"/>
<action no="8" player="KOPKHUNKRAP" type="4" sum="0"/>
</round>
<round no="2"><cards type="Flop">DA S8 H4</cards>
<action no="9" player="KOPKHUNKRAP" type="4" sum="0"/>
<action no="10" player="asodkdjdj" type="5" discard="1" dealt="1" sum="60"/>
<action no="11" player="KOPKHUNKRAP" type="0" sum="0"/>
</round>
</game>
<game gamecode="6522636413"><general><startdate>2025-11-04 11:56:22</startdate>
<round>1</round>
<failsafecounter/>
<players><player seat="10" name="asodkdjdj" chips="585" dealer="0" win="0" bet="35" muck="1" rebuy="0" addon="0" merge="0" rebuychips="0" reg_code="5070546490"/>
<player seat="3" name="Olga14" chips="380" dealer="1" win="0" bet="35" muck="1" rebuy="0" addon="0" merge="0" rebuychips="0" reg_code="5070546471"/>
<player seat="6" name="KOPKHUNKRAP" chips="535" dealer="0" win="105" bet="535" muck="1" rebuy="0" addon="0" merge="0" rebuychips="0" reg_code="5070546489"/>
</players>
</general>
<round no="0"><action no="1" player="KOPKHUNKRAP" type="15" sum="5"/>
<action no="2" player="asodkdjdj" type="15" discard="1" dealt="1" sum="5"/>
<action no="3" player="Olga14" type="15" discard="1" dealt="1" sum="5"/>
<action no="4" player="KOPKHUNKRAP" type="1" sum="15"/>
<action no="5" player="asodkdjdj" type="2" discard="1" dealt="1" sum="30"/>
</round>
<round no="1"><cards type="Pocket" player="Olga14">X X</cards>
<cards type="Pocket" player="KOPKHUNKRAP">C5 SA</cards>
<cards type="Pocket" player="asodkdjdj">X X</cards>
<action no="6" player="Olga14" type="3" discard="1" dealt="1" sum="30"/>
<action no="7" player="KOPKHUNKRAP" type="23" sum="530"/>
<action no="8" player="asodkdjdj" type="0" discard="1" dealt="1" sum="0"/>
<action no="9" player="Olga14" type="0" discard="1" dealt="1" sum="0"/>
</round>
</game>
<game gamecode="6522636459"><general><startdate>2025-11-04 11:56:48</startdate>
<round>1</round>
<failsafecounter/>
<players><player seat="3" name="Olga14" chips="345" dealer="0" win="0" bet="35" muck="1" rebuy="0" addon="0" merge="0" rebuychips="0" reg_code="5070546471"/>
<player seat="6" name="KOPKHUNKRAP" chips="605" dealer="1" win="0" bet="5" muck="1" rebuy="0" addon="0" merge="0" rebuychips="0" reg_code="5070546489"/>
<player seat="10" name="asodkdjdj" chips="550" dealer="0" win="75" bet="65" muck="1" rebuy="0" addon="0" merge="0" rebuychips="0" reg_code="5070546490"/>
</players>
</general>
<round no="0"><action no="1" player="asodkdjdj" type="15" discard="1" dealt="1" sum="5"/>
<action no="2" player="Olga14" type="15" discard="1" dealt="1" sum="5"/>
<action no="3" player="KOPKHUNKRAP" type="15" sum="5"/>
<action no="4" player="asodkdjdj" type="1" discard="1" dealt="1" sum="15"/>
<action no="5" player="Olga14" type="2" discard="1" dealt="1" sum="30"/>
</round>
<round no="1"><cards type="Pocket" player="Olga14">X X</cards>
<cards type="Pocket" player="KOPKHUNKRAP">S3 S2</cards>
<cards type="Pocket" player="asodkdjdj">X X</cards>
<action no="6" player="KOPKHUNKRAP" type="0" sum="0"/>
<action no="7" player="asodkdjdj" type="3" discard="1" dealt="1" sum="15"/>
<action no="8" player="Olga14" type="4" discard="1" dealt="1" sum="0"/>
</round>
<round no="2"><cards type="Flop">S10 D7 HA</cards>
<action no="9" player="asodkdjdj" type="4" discard="1" dealt="1" sum="0"/>
<action no="10" player="Olga14" type="4" discard="1" dealt="1" sum="0"/>
</round>
<round no="3"><cards type="Turn">D5</cards>
<action no="11" player="asodkdjdj" type="5" discard="1" dealt="1" sum="30"/>
<action no="12" player="Olga14" type="0" discard="1" dealt="1" sum="0"/>
</round>
</game>
<game gamecode="6522636509"><general><startdate>2025-11-04 11:57:18</startdate>
<round>1</round>
<failsafecounter/>
<players><player seat="6" name="KOPKHUNKRAP" chips="600" dealer="0" win="0" bet="35" muck="1" rebuy="0" addon="0" merge="0" rebuychips="0" reg_code="5070546489"/>
<player seat="10" name="asodkdjdj" chips="590" dealer="1" win="0" bet="5" muck="1" rebuy="0" addon="0" merge="0" rebuychips="0" reg_code="5070546490"/>
<player seat="3" name="Olga14" chips="310" dealer="0" win="75" bet="65" muck="1" rebuy="0" addon="0" merge="0" rebuychips="0" reg_code="5070546471"/>
</players>
</general>
<round no="0"><action no="1" player="Olga14" type="15" discard="1" dealt="1" sum="5"/>
<action no="2" player="KOPKHUNKRAP" type="15" sum="5"/>
<action no="3" player="asodkdjdj" type="15" discard="1" dealt="1" sum="5"/>
<action no="4" player="Olga14" type="1" discard="1" dealt="1" sum="15"/>
<action no="5" player="KOPKHUNKRAP" type="2" sum="30"/>
</round>
<round no="1"><cards type="Pocket" player="Olga14">X X</cards>
<cards type="Pocket" player="KOPKHUNKRAP">HJ C6</cards>
<cards type="Pocket" player="asodkdjdj">X X</cards>
<action no="6" player="asodkdjdj" type="0" discard="1" dealt="1" sum="0"/>
<action no="7" player="Olga14" type="3" discard="1" dealt="1" sum="15"/>
<action no="8" player="KOPKHUNKRAP" type="4" sum="0"/>
</round>
<round no="2"><cards type="Flop">SK S3 H2</cards>
<action no="9" player="Olga14" type="5" discard="1" dealt="1" sum="30"/>
<action no="10" player="KOPKHUNKRAP" type="0" sum="0"/>
</round>
</game>
<game gamecode="6522636534"><general><startdate>2025-11-04 11:57:31</startdate>
<round>1</round>
<failsafecounter/>
<players><player seat="10" name="asodkdjdj" chips="585" dealer="0" win="0" bet="35" muck="1" rebuy="0" addon="0" merge="0" rebuychips="0" reg_code="5070546490"/>
<player seat="3" name="Olga14" chips="350" dealer="1" win="90" bet="125" muck="1" rebuy="0" addon="0" merge="0" rebuychips="0" reg_code="5070546471"/>
<player seat="6" name="KOPKHUNKRAP" chips="565" dealer="0" win="0" bet="20" muck="1" rebuy="0" addon="0" merge="0" rebuychips="0" reg_code="5070546489"/>
</players>
</general>
<round no="0"><action no="1" player="KOPKHUNKRAP" type="15" sum="5"/>
<action no="2" player="asodkdjdj" type="15" discard="1" dealt="1" sum="5"/>
<action no="3" player="Olga14" type="15" discard="1" dealt="1" sum="5"/>
<action no="4" player="KOPKHUNKRAP" type="1" sum="15"/>
<action no="5" player="asodkdjdj" type="2" discard="1" dealt="1" sum="30"/>
</round>
<round no="1"><cards type="Pocket" player="KOPKHUNKRAP">H5 DQ</cards>
<cards type="Pocket" player="asodkdjdj">X X</cards>
<cards type="Pocket" player="Olga14">X X</cards>
<action no="6" player="Olga14" type="3" discard="1" dealt="1" sum="30"/>
<action no="7" player="KOPKHUNKRAP" type="0" sum="0"/>
<action no="8" player="asodkdjdj" type="4" discard="1" dealt="1" sum="0"/>
</round>
<round no="2"><cards type="Flop">HQ SA SK</cards>
<action no="9" player="asodkdjdj" type="4" discard="1" dealt="1" sum="0"/>
<action no="10" player="Olga14" type="4" discard="1" dealt="1" sum="0"/>
</round>
<round no="3"><cards type="Turn">D7</cards>
<action no="11" player="asodkdjdj" type="4" discard="1" dealt="1" sum="0"/>
<action no="12" player="Olga14" type="5" discard="1" dealt="1" sum="90"/>
<action no="13" player="asodkdjdj" type="0" discard="1" dealt="1" sum="0"/>
</round>
</game>
<game gamecode="6522636579"><general><startdate>2025-11-04 11:57:57</startdate>
<round>1</round>
<failsafecounter/>
<players><player seat="3" name="Olga14" chips="405" dealer="0" win="0" bet="45" muck="1" rebuy="0" addon="0" merge="0" rebuychips="0" reg_code="5070546471"/>
<player seat="6" name="KOPKHUNKRAP" chips="545" dealer="1" win="0" bet="5" muck="1" rebuy="0" addon="0" merge="0" rebuychips="0" reg_code="5070546489"/>
<player seat="10" name="asodkdjdj" chips="550" dealer="0" win="95" bet="550" muck="1" rebuy="0" addon="0" merge="0" rebuychips="0" reg_code="5070546490"/>
</players>
</general>
<round no="0"><action no="1" player="asodkdjdj" type="15" discard="1" dealt="1" sum="5"/>
<action no="2" player="Olga14" type="15" discard="1" dealt="1" sum="5"/>
<action no="3" player="KOPKHUNKRAP" type="15" sum="5"/>
<action no="4" player="asodkdjdj" type="1" discard="1" dealt="1" sum="20"/>
<action no="5" player="Olga14" type="2" discard="1" dealt="1" sum="40"/>
</round>
<round no="1"><cards type="Pocket" player="Olga14">X X</cards>
<cards type="Pocket" player="asodkdjdj">X X</cards>
<cards type="Pocket" player="KOPKHUNKRAP">H9 H2</cards>
<action no="6" player="KOPKHUNKRAP" type="0" sum="0"/>
<action no="7" player="asodkdjdj" type="23" discard="1" dealt="1" sum="545"/>
<action no="8" player="Olga14" type="0" discard="1" dealt="1" sum="0"/>
</round>
</game>
<game gamecode="6522636621"><general><startdate>2025-11-04 11:58:20</startdate>
<round>1</round>
<failsafecounter/>
<players><player seat="6" name="KOPKHUNKRAP" chips="540" dealer="0" win="55" bet="45" muck="1" rebuy="0" addon="0" merge="0" rebuychips="0" reg_code="5070546489"/>
<player seat="10" name="asodkdjdj" chips="600" dealer="1" win="0" bet="5" muck="1" rebuy="0" addon="0" merge="0" rebuychips="0" reg_code="5070546490"/>
<player seat="3" name="Olga14" chips="360" dealer="0" win="0" bet="25" muck="1" rebuy="0" addon="0" merge="0" rebuychips="0" reg_code="5070546471"/>
</players>
</general>
<round no="0"><action no="1" player="Olga14" type="15" discard="1" dealt="1" sum="5"/>
<action no="2" player="KOPKHUNKRAP" type="15" sum="5"/>
<action no="3" player="asodkdjdj" type="15" discard="1" dealt="1" sum="5"/>
<action no="4" player="Olga14" type="1" discard="1" dealt="1" sum="20"/>
<action no="5" player="KOPKHUNKRAP" type="2" sum="40"/>
</round>
<round no="1"><cards type="Pocket" player="asodkdjdj">X X</cards>
<cards type="Pocket" player="Olga14">X X</cards>
<cards type="Pocket" player="KOPKHUNKRAP">D10 S4</cards>
<action no="6" player="asodkdjdj" type="0" discard="1" dealt="1" sum="0"/>
<action no="7" player="Olga14" type="0" discard="1" dealt="1" sum="0"/>
</round>
</game>
<game gamecode="6522636637"><general><startdate>2025-11-04 11:58:28</startdate>
<round>1</round>
<failsafecounter/>
<players><player seat="10" name="asodkdjdj" chips="595" dealer="0" win="0" bet="570" muck="1" rebuy="0" addon="0" merge="0" rebuychips="0" reg_code="5070546490"/>
<player seat="3" name="Olga14" chips="335" dealer="1" win="0" bet="335" muck="0" rebuy="0" addon="0" merge="0" rebuychips="0" reg_code="5070546471"/>
<player seat="6" name="KOPKHUNKRAP" chips="570" dealer="0" win="1,475" bet="570" muck="0" rebuy="0" addon="0" merge="0" rebuychips="0" reg_code="5070546489"/>
</players>
</general>
<round no="0"><action no="1" player="KOPKHUNKRAP" type="15" sum="5"/>
<action no="2" player="asodkdjdj" type="15" discard="1" dealt="1" sum="5"/>
<action no="3" player="Olga14" type="15" discard="1" dealt="1" sum="5"/>
<action no="4" player="KOPKHUNKRAP" type="1" sum="20"/>
<action no="5" player="asodkdjdj" type="2" discard="1" dealt="1" sum="40"/>
</round>
<round no="1"><cards type="Pocket" player="KOPKHUNKRAP">SK HK</cards>
<cards type="Pocket" player="asodkdjdj">C10 S10</cards>
<cards type="Pocket" player="Olga14">H6 DA</cards>
<action no="6" player="Olga14" type="23" discard="1" dealt="1" sum="330"/>
<action no="7" player="KOPKHUNKRAP" type="7" sum="545"/>
<action no="8" player="asodkdjdj" type="3" discard="1" dealt="1" sum="525"/>
</round>
<round no="2"><cards type="Flop">CK S8 H4</cards>
</round>
<round no="3"><cards type="Turn">D6</cards>
</round>
<round no="4"><cards type="River">H9</cards>
</round>
</game>
<game gamecode="6522636678"><general><startdate>2025-11-04 11:58:52</startdate>
<round>1</round>
<failsafecounter/>
<players><player seat="10" name="asodkdjdj" chips="25" dealer="0" win="0" bet="25" muck="0" rebuy="0" addon="0" merge="0" rebuychips="0" reg_code="5070546490"/>
<player seat="6" name="KOPKHUNKRAP" chips="1,475" dealer="1" win="50" bet="25" muck="0" rebuy="0" addon="0" merge="0" rebuychips="0" reg_code="5070546489"/>
</players>
</general>
<round no="0"><action no="1" player="KOPKHUNKRAP" type="15" sum="5"/>
<action no="2" player="asodkdjdj" type="15" discard="1" dealt="1" sum="5"/>
<action no="3" player="KOPKHUNKRAP" type="1" sum="20"/>
<action no="4" player="asodkdjdj" type="2" discard="1" dealt="1" sum="20"/>
</round>
<round no="1"><cards type="Pocket" player="asodkdjdj">S9 C8</cards>
<cards type="Pocket" player="KOPKHUNKRAP">C7 C9</cards>
</round>
<round no="2"><cards type="Flop">D9 HK H7</cards>
</round>
<round no="3"><cards type="Turn">D4</cards>
</round>
<round no="4"><cards type="River">H5</cards>
</round>
</game>
</session>
