<?xml version="1.0" encoding="UTF-8"?>
<session sessioncode="5070509625">
<general>
<client_version>25.1.1.16</client_version>
<mode>real</mode>
<gametype>Holdem NL</gametype>
<tablename>Twister €100 SNG, 821029614</tablename>
<tournamentcode>821029613</tournamentcode>
<tournamentname>Twister €100 SNG</tournamentname>
<buyin>€0 + €7 + €93</buyin>
<totalbuyin>€100</totalbuyin>
<rewarddrawn>€300</rewarddrawn>
<tournamentcurrency>EUR</tournamentcurrency>
<currency>EUR</currency>
<nickname>KOPKHUNKRAP</nickname>
<gamecount>7</gamecount>
<startdate>2025-11-04 01:53:53</startdate>
<place>3</place>
<win>€0</win>
<tablesize>3</tablesize>
</general>
<game gamecode="6522484475"><general><startdate>2025-11-04 01:54:08</startdate>
<round>1</round>
<failsafecounter/>
<players><player seat="6" name="Tiuualex" chips="500" dealer="0" win="0" bet="20" muck="1" rebuy="0" addon="0" merge="0" rebuychips="0" reg_code="5070509622"/>
<player seat="10" name="KOPKHUNKRAP" chips="500" dealer="1" win="0" bet="0" muck="1" rebuy="0" addon="0" merge="0" rebuychips="0" reg_code="5070509625"/>
<player seat="3" name="Elchapojr99" chips="500" dealer="0" win="40" bet="20" muck="0" rebuy="0" addon="0" merge="0" rebuychips="0" reg_code="5070509610"/>
</players>
</general>
<round no="0"><action no="1" player="Elchapojr99" type="1" discard="1" dealt="1" sum="10"/>
<action no="2" player="Tiuualex" type="2" discard="1" dealt="1" sum="20"/>
</round>
<round no="1"><cards type="Pocket" player="KOPKHUNKRAP">DK C8</cards>
<cards type="Pocket" player="Elchapojr99">S7 SQ</cards>
<cards type="Pocket" player="Tiuualex">H4 S2</cards>
<action no="3" player="KOPKHUNKRAP" type="0" sum="0"/>
<action no="4" player="Elchapojr99" type="3" discard="1" dealt="1" sum="10"/>
<action no="5" player="Tiuualex" type="4" discard="1" dealt="1" sum="0"/>
</round>
<round no="2"><cards type="Flop">S5 S8 D10</cards>
<action no="6" player="Elchapojr99" type="4" discard="1" dealt="1" sum="0"/>
<action no="7" player="Tiuualex" type="4" discard="1" dealt="1" sum="0"/>
</round>
<round no="3"><cards type="Turn">CK</cards>
<action no="8" player="Elchapojr99" type="4" discard="1" dealt="1" sum="0"/>
<action no="9" player="Tiuualex" type="4" discard="1" dealt="1" sum="0"/>
</round>
<round no="4"><cards type="River">C5</cards>
<action no="10" player="Elchapojr99" type="4" discard="1" dealt="1" sum="0"/>
<action no="11" player="Tiuualex" type="4" discard="1" dealt="1" sum="0"/>
</round>
</game>
<game gamecode="6522484534"><general><startdate>2025-11-04 01:54:36</startdate>
<round>1</round>
<failsafecounter/>
<players><player seat="10" name="KOPKHUNKRAP" chips="500" dealer="0" win="20" bet="20" muck="1" rebuy="0" addon="0" merge="0" rebuychips="0" reg_code="5070509625"/>
<player seat="3" name="Elchapojr99" chips="520" dealer="1" win="0" bet="0" muck="1" rebuy="0" addon="0" merge="0" rebuychips="0" reg_code="5070509610"/>
<player seat="6" name="Tiuualex" chips="480" dealer="0" win="0" bet="10" muck="1" rebuy="0" addon="0" merge="0" rebuychips="0" reg_code="5070509622"/>
</players>
</general>
<round no="0"><action no="1" player="Tiuualex" type="1" discard="1" dealt="1" sum="10"/>
<action no="2" player="KOPKHUNKRAP" type="2" sum="20"/>
</round>
<round no="1"><cards type="Pocket" player="KOPKHUNKRAP">C4 DQ</cards>
<cards type="Pocket" player="Tiuualex">X X</cards>
<cards type="Pocket" player="Elchapojr99">X X</cards>
<action no="3" player="Elchapojr99" type="0" discard="1" dealt="1" sum="0"/>
<action no="4" player="Tiuualex" type="0" discard="1" dealt="1" sum="0"/>
</round>
</game>
<game gamecode="6522484546"><general><startdate>2025-11-04 01:54:43</startdate>
<round>1</round>
<failsafecounter/>
<players><player seat="3" name="Elchapojr99" chips="520" dealer="0" win="20" bet="20" muck="1" rebuy="0" addon="0" merge="0" rebuychips="0" reg_code="5070509610"/>
<player seat="6" name="Tiuualex" chips="470" dealer="1" win="0" bet="0" muck="1" rebuy="0" addon="0" merge="0" rebuychips="0" reg_code="5070509622"/>
<player seat="10" name="KOPKHUNKRAP" chips="510" dealer="0" win="0" bet="10" muck="1" rebuy="0" addon="0" merge="0" rebuychips="0" reg_code="5070509625"/>
</players>
</general>
<round no="0"><action no="1" player="KOPKHUNKRAP" type="1" sum="10"/>
<action no="2" player="Elchapojr99" type="2" discard="1" dealt="1" sum="20"/>
</round>
<round no="1"><cards type="Pocket" player="KOPKHUNKRAP">D9 C3</cards>
<cards type="Pocket" player="Tiuualex">X X</cards>
<cards type="Pocket" player="Elchapojr99">X X</cards>
<action no="3" player="Tiuualex" type="0" discard="1" dealt="1" sum="0"/>
<action no="4" player="KOPKHUNKRAP" type="0" sum="0"/>
</round>
</game>
<game gamecode="6522488475"><general><startdate>2025-11-04 01:54:57</startdate>
<round>1</round>
<failsafecounter/>
<players><player seat="6" name="Tiuualex" chips="470" dealer="0" win="80" bet="120" muck="1" rebuy="0" addon="0" merge="0" rebuychips="0" reg_code="5070509622"/>
<player seat="10" name="KOPKHUNKRAP" chips="500" dealer="1" win="0" bet="0" muck="1" rebuy="0" addon="0" merge="0" rebuychips="0" reg_code="5070509625"/>
<player seat="3" name="Elchapojr99" chips="530" dealer="0" win="0" bet="40" muck="1" rebuy="0" addon="0" merge="0" rebuychips="0" reg_code="5070509610"/>
</players>
</general>
<round no="0"><action no="1" player="Elchapojr99" type="1" discard="1" dealt="1" sum="10"/>
<action no="2" player="Tiuualex" type="2" discard="1" dealt="1" sum="20"/>
</round>
<round no="1"><cards type="Pocket" player="KOPKHUNKRAP">DJ C8</cards>
<cards type="Pocket" player="Elchapojr99">X X</cards>
<cards type="Pocket" player="Tiuualex">X X</cards>
<action no="3" player="KOPKHUNKRAP" type="0" sum="0"/>
<action no="4" player="Elchapojr99" type="3" discard="1" dealt="1" sum="10"/>
<action no="5" player="Tiuualex" type="4" discard="1" dealt="1" sum="0"/>
</round>
<round no="2"><cards type="Flop">H7 C3 S2</cards>
<action no="6" player="Elchapojr99" type="4" discard="1" dealt="1" sum="0"/>
<action no="7" player="Tiuualex" type="5" discard="1" dealt="1" sum="20"/>
<action no="8" player="Elchapojr99" type="3" discard="1" dealt="1" sum="20"/>
</round>
<round no="3"><cards type="Turn">S5</cards>
<action no="9" player="Elchapojr99" type="4" discard="1" dealt="1" sum="0"/>
<action no="10" player="Tiuualex" type="5" discard="1" dealt="1" sum="80"/>
<action no="11" player="Elchapojr99" type="0" discard="1" dealt="1" sum="0"/>
</round>
</game>
<game gamecode="6522488560"><general><startdate>2025-11-04 01:55:42</startdate>
<round>1</round>
<failsafecounter/>
<players><player seat="10" name="KOPKHUNKRAP" chips="500" dealer="0" win="20" bet="20" muck="1" rebuy="0" addon="0" merge="0" rebuychips="0" reg_code="5070509625"/>
<player seat="3" name="Elchapojr99" chips="490" dealer="1" win="0" bet="0" muck="1" rebuy="0" addon="0" merge="0" rebuychips="0" reg_code="5070509610"/>
<player seat="6" name="Tiuualex" chips="510" dealer="0" win="0" bet="10" muck="1" rebuy="0" addon="0" merge="0" rebuychips="0" reg_code="5070509622"/>
</players>
</general>
<round no="0"><action no="1" player="Tiuualex" type="1" discard="1" dealt="1" sum="10"/>
<action no="2" player="KOPKHUNKRAP" type="2" sum="20"/>
</round>
<round no="1"><cards type="Pocket" player="Tiuualex">X X</cards>
<cards type="Pocket" player="Elchapojr99">X X</cards>
<cards type="Pocket" player="KOPKHUNKRAP">DA C8</cards>
<action no="3" player="Elchapojr99" type="0" discard="1" dealt="1" sum="0"/>
<action no="4" player="Tiuualex" type="0" discard="1" dealt="1" sum="0"/>
</round>
</game>
<game gamecode="6522488570"><general><startdate>2025-11-04 01:55:50</startdate>
<round>1</round>
<failsafecounter/>
<players><player seat="3" name="Elchapojr99" chips="490" dealer="0" win="375" bet="185" muck="0" rebuy="0" addon="0" merge="0" rebuychips="0" reg_code="5070509610"/>
<player seat="6" name="Tiuualex" chips="500" dealer="1" win="0" bet="5" muck="1" rebuy="0" addon="0" merge="0" rebuychips="0" reg_code="5070509622"/>
<player seat="10" name="KOPKHUNKRAP" chips="510" dealer="0" win="0" bet="185" muck="1" rebuy="0" addon="0" merge="0" rebuychips="0" reg_code="5070509625"/>
</players>
</general>
<round no="0"><action no="1" player="KOPKHUNKRAP" type="15" sum="5"/>
<action no="2" player="Elchapojr99" type="15" discard="1" dealt="1" sum="5"/>
<action no="3" player="Tiuualex" type="15" discard="1" dealt="1" sum="5"/>
<action no="4" player="KOPKHUNKRAP" type="1" sum="15"/>
<action no="5" player="Elchapojr99" type="2" discard="1" dealt="1" sum="30"/>
</round>
<round no="1"><cards type="Pocket" player="KOPKHUNKRAP">H6 DK</cards>
<cards type="Pocket" player="Elchapojr99">CJ CK</cards>
<cards type="Pocket" player="Tiuualex">X X</cards>
<action no="6" player="Tiuualex" type="0" discard="1" dealt="1" sum="0"/>
<action no="7" player="KOPKHUNKRAP" type="3" sum="15"/>
<action no="8" player="Elchapojr99" type="4" discard="1" dealt="1" sum="0"/>
</round>
<round no="2"><cards type="Flop">S6 D10 C4</cards>
<action no="9" player="KOPKHUNKRAP" type="5" sum="30"/>
<action no="10" player="Elchapojr99" type="3" discard="1" dealt="1" sum="30"/>
</round>
<round no="3"><cards type="Turn">C7</cards>
<action no="11" player="KOPKHUNKRAP" type="5" sum="60"/>
<action no="12" player="Elchapojr99" type="3" discard="1" dealt="1" sum="60"/>
</round>
<round no="4"><cards type="River">CA</cards>
<action no="13" player="KOPKHUNKRAP" type="4" sum="0"/>
<action no="14" player="Elchapojr99" type="5" discard="1" dealt="1" sum="60"/>
<action no="15" player="KOPKHUNKRAP" type="3" sum="60"/>
</round>
</game>
<game gamecode="6522488624"><general><startdate>2025-11-04 01:56:26</startdate>
<round>1</round>
<failsafecounter/>
<players><player seat="6" name="Tiuualex" chips="495" dealer="0" win="0" bet="35" muck="1" rebuy="0" addon="0" merge="0" rebuychips="0" reg_code="5070509622"/>
<player seat="10" name="KOPKHUNKRAP" chips="325" dealer="1" win="0" bet="325" muck="0" rebuy="0" addon="0" merge="0" rebuychips="0" reg_code="5070509625"/>
<player seat="3" name="Elchapojr99" chips="680" dealer="0" win="685" bet="325" muck="0" rebuy="0" addon="0" merge="0" rebuychips="0" reg_code="5070509610"/>
</players>
</general>
<round no="0"><action no="1" player="Elchapojr99" type="15" discard="1" dealt="1" sum="5"/>
<action no="2" player="Tiuualex" type="15" discard="1" dealt="1" sum="5"/>
<action no="3" player="KOPKHUNKRAP" type="15" sum="5"/>
<action no="4" player="Elchapojr99" type="1" discard="1" dealt="1" sum="15"/>
<action no="5" player="Tiuualex" type="2" discard="1" dealt="1" sum="30"/>
</round>
<round no="1"><cards type="Pocket" player="KOPKHUNKRAP">H7 D7</cards>
<cards type="Pocket" player="Elchapojr99">DJ DK</cards>
<cards type="Pocket" player="Tiuualex">X X</cards>
<action no="6" player="KOPKHUNKRAP" type="23" sum="320"/>
<action no="7" player="Elchapojr99" type="3" discard="1" dealt="1" sum="305"/>
<action no="8" player="Tiuualex" type="0" discard="1" dealt="1" sum="0"/>
</round>
<round no="2"><cards type="Flop">SK C2 D4</cards>
</round>
<round no="3"><cards type="Turn">S3</cards>
</round>
<round no="4"><cards type="River">D5</cards>
</round>
</game>
</session>
