<?xml version="1.0" encoding="UTF-8"?>
<session sessioncode="5070548332">
<general>
<client_version>25.1.1.16</client_version>
<mode>real</mode>
<gametype>Holdem NL</gametype>
<tablename>Twister €100 SNG, 821043001</tablename>
<tournamentcode>821043000</tournamentcode>
<tournamentname>Twister €100 SNG</tournamentname>
<buyin>€0 + €7 + €93</buyin>
<totalbuyin>€100</totalbuyin>
<rewarddrawn>€200</rewarddrawn>
<tournamentcurrency>EUR</tournamentcurrency>
<currency>EUR</currency>
<nickname>KOPKHUNKRAP</nickname>
<gamecount>22</gamecount>
<startdate>2025-11-04 12:07:31</startdate>
<place>3</place>
<win>€0</win>
<tablesize>3</tablesize>
</general>
<game gamecode="6522646314"><general><startdate>2025-11-04 12:07:47</startdate>
<round>1</round>
<failsafecounter/>
<players><player seat="3" name="Ankalaev" chips="500" dealer="0" win="20" bet="20" muck="1" rebuy="0" addon="0" merge="0" rebuychips="0" reg_code="5070548321"/>
<player seat="6" name="KOPKHUNKRAP" chips="500" dealer="1" win="0" bet="0" muck="1" rebuy="0" addon="0" merge="0" rebuychips="0" reg_code="5070548332"/>
<player seat="10" name="Dominance" chips="500" dealer="0" win="0" bet="10" muck="1" rebuy="0" addon="0" merge="0" rebuychips="0" reg_code="5070548586"/>
</players>
</general>
<round no="0"><action no="1" player="Dominance" type="1" discard="1" dealt="1" sum="10"/>
<action no="2" player="Ankalaev" type="2" discard="1" dealt="1" sum="20"/>
</round>
<round no="1"><cards type="Pocket" player="KOPKHUNKRAP">SQ H3</cards>
<cards type="Pocket" player="Dominance">X X</cards>
<cards type="Pocket" player="Ankalaev">X X</cards>
<action no="3" player="KOPKHUNKRAP" type="0" sum="0"/>
<action no="4" player="Dominance" type="0" discard="1" dealt="1" sum="0"/>
</round>
</game>
<game gamecode="6522646339"><general><startdate>2025-11-04 12:07:55</startdate>
<round>1</round>
<failsafecounter/>
<players><player seat="6" name="KOPKHUNKRAP" chips="500" dealer="0" win="20" bet="20" muck="1" rebuy="0" addon="0" merge="0" rebuychips="0" reg_code="5070548332"/>
<player seat="10" name="Dominance" chips="490" dealer="1" win="0" bet="0" muck="1" rebuy="0" addon="0" merge="0" rebuychips="0" reg_code="5070548586"/>
<player seat="3" name="Ankalaev" chips="510" dealer="0" win="0" bet="10" muck="1" rebuy="0" addon="0" merge="0" rebuychips="0" reg_code="5070548321"/>
</players>
</general>
<round no="0"><action no="1" player="Ankalaev" type="1" discard="1" dealt="1" sum="10"/>
<action no="2" player="KOPKHUNKRAP" type="2" sum="20"/>
</round>
<round no="1"><cards type="Pocket" player="Ankalaev">X X</cards>
<cards type="Pocket" player="KOPKHUNKRAP">S6 HA</cards>
<cards type="Pocket" player="Dominance">X X</cards>
<action no="3" player="Dominance" type="0" discard="1" dealt="1" sum="0"/>
<action no="4" player="Ankalaev" type="0" discard="1" dealt="1" sum="0"/>
</round>
</game>
<game gamecode="6522646374"><general><startdate>2025-11-04 12:08:09</startdate>
<round>1</round>
<failsafecounter/>
<players><player seat="10" name="Dominance" chips="490" dealer="0" win="90" bet="67" muck="1" rebuy="0" addon="0" merge="0" rebuychips="0" reg_code="5070548586"/>
<player seat="3" name="Ankalaev" chips="500" dealer="1" win="0" bet="40" muck="1" rebuy="0" addon="0" merge="0" rebuychips="0" reg_code="5070548321"/>
<player seat="6" name="KOPKHUNKRAP" chips="510" dealer="0" win="0" bet="10" muck="1" rebuy="0" addon="0" merge="0" rebuychips="0" reg_code="5070548332"/>
</players>
</general>
<round no="0"><action no="1" player="KOPKHUNKRAP" type="1" sum="10"/>
<action no="2" player="Dominance" type="2" discard="1" dealt="1" sum="20"/>
</round>
<round no="1"><cards type="Pocket" player="Ankalaev">X X</cards>
<cards type="Pocket" player="Dominance">X X</cards>
<cards type="Pocket" player="KOPKHUNKRAP">CQ C4</cards>
<action no="3" player="Ankalaev" type="23" discard="1" dealt="1" sum="40"/>
<action no="4" player="KOPKHUNKRAP" type="0" sum="0"/>
<action no="5" player="Dominance" type="3" discard="1" dealt="1" sum="20"/>
</round>
<round no="2"><cards type="Flop">D3 C6 H4</cards>
<action no="6" player="Dominance" type="5" discard="1" dealt="1" sum="27"/>
<action no="7" player="Ankalaev" type="0" discard="1" dealt="1" sum="0"/>
</round>
</game>
<game gamecode="6522646425"><general><startdate>2025-11-04 12:08:30</startdate>
<round>1</round>
<failsafecounter/>
<players><player seat="3" name="Ankalaev" chips="460" dealer="0" win="0" bet="20" muck="1" rebuy="0" addon="0" merge="0" rebuychips="0" reg_code="5070548321"/>
<player seat="6" name="KOPKHUNKRAP" chips="500" dealer="1" win="50" bet="40" muck="1" rebuy="0" addon="0" merge="0" rebuychips="0" reg_code="5070548332"/>
<player seat="10" name="Dominance" chips="540" dealer="0" win="0" bet="10" muck="1" rebuy="0" addon="0" merge="0" rebuychips="0" reg_code="5070548586"/>
</players>
</general>
<round no="0"><action no="1" player="Dominance" type="1" discard="1" dealt="1" sum="10"/>
<action no="2" player="Ankalaev" type="2" discard="1" dealt="1" sum="20"/>
</round>
<round no="1"><cards type="Pocket" player="Ankalaev">X X</cards>
<cards type="Pocket" player="KOPKHUNKRAP">CA C6</cards>
<cards type="Pocket" player="Dominance">X X</cards>
<action no="3" player="KOPKHUNKRAP" type="23" sum="40"/>
<action no="4" player="Dominance" type="0" discard="1" dealt="1" sum="0"/>
<action no="5" player="Ankalaev" type="0" discard="1" dealt="1" sum="0"/>
</round>
</game>
<game gamecode="6522646496"><general><startdate>2025-11-04 12:08:52</startdate>
<round>1</round>
<failsafecounter/>
<players><player seat="6" name="KOPKHUNKRAP" chips="530" dealer="0" win="0" bet="20" muck="1" rebuy="0" addon="0" merge="0" rebuychips="0" reg_code="5070548332"/>
<player seat="10" name="Dominance" chips="530" dealer="1" win="50" bet="40" muck="1" rebuy="0" addon="0" merge="0" rebuychips="0" reg_code="5070548586"/>
<player seat="3" name="Ankalaev" chips="440" dealer="0" win="0" bet="10" muck="1" rebuy="0" addon="0" merge="0" rebuychips="0" reg_code="5070548321"/>
</players>
</general>
<round no="0"><action no="1" player="Ankalaev" type="1" discard="1" dealt="1" sum="10"/>
<action no="2" player="KOPKHUNKRAP" type="2" sum="20"/>
</round>
<round no="1"><cards type="Pocket" player="Ankalaev">X X</cards>
<cards type="Pocket" player="KOPKHUNKRAP">DK H4</cards>
<cards type="Pocket" player="Dominance">X X</cards>
<action no="3" player="Dominance" type="23" discard="1" dealt="1" sum="40"/>
<action no="4" player="Ankalaev" type="0" discard="1" dealt="1" sum="0"/>
<action no="5" player="KOPKHUNKRAP" type="0" sum="0"/>
</round>
</game>
<game gamecode="6522646526"><general><startdate>2025-11-04 12:09:03</startdate>
<round>1</round>
<failsafecounter/>
<players><player seat="10" name="Dominance" chips="560" dealer="0" win="140" bet="175" muck="1" rebuy="0" addon="0" merge="0" rebuychips="0" reg_code="5070548586"/>
<player seat="3" name="Ankalaev" chips="430" dealer="1" win="0" bet="0" muck="1" rebuy="0" addon="0" merge="0" rebuychips="0" reg_code="5070548321"/>
<player seat="6" name="KOPKHUNKRAP" chips="510" dealer="0" win="0" bet="70" muck="1" rebuy="0" addon="0" merge="0" rebuychips="0" reg_code="5070548332"/>
</players>
</general>
<round no="0"><action no="1" player="KOPKHUNKRAP" type="1" sum="10"/>
<action no="2" player="Dominance" type="2" discard="1" dealt="1" sum="20"/>
</round>
<round no="1"><cards type="Pocket" player="Ankalaev">X X</cards>
<cards type="Pocket" player="KOPKHUNKRAP">H8 C9</cards>
<cards type="Pocket" player="Dominance">X X</cards>
<action no="3" player="Ankalaev" type="0" discard="1" dealt="1" sum="0"/>
<action no="4" player="KOPKHUNKRAP" type="23" sum="50"/>
<action no="5" player="Dominance" type="3" discard="1" dealt="1" sum="30"/>
</round>
<round no="2"><cards type="Flop">S9 HQ DA</cards>
<action no="6" player="KOPKHUNKRAP" type="4" sum="0"/>
<action no="7" player="Dominance" type="5" discard="1" dealt="1" sum="20"/>
<action no="8" player="KOPKHUNKRAP" type="3" sum="20"/>
</round>
<round no="3"><cards type="Turn">C10</cards>
<action no="9" player="KOPKHUNKRAP" type="4" sum="0"/>
<action no="10" player="Dominance" type="5" discard="1" dealt="1" sum="105"/>
<action no="11" player="KOPKHUNKRAP" type="0" sum="0"/>
</round>
</game>
<game gamecode="6522646651"><general><startdate>2025-11-04 12:09:47</startdate>
<round>1</round>
<failsafecounter/>
<players><player seat="3" name="Ankalaev" chips="430" dealer="0" win="440" bet="430" muck="0" rebuy="0" addon="0" merge="0" rebuychips="0" reg_code="5070548321"/>
<player seat="6" name="KOPKHUNKRAP" chips="440" dealer="1" win="440" bet="440" muck="0" rebuy="0" addon="0" merge="0" rebuychips="0" reg_code="5070548332"/>
<player seat="10" name="Dominance" chips="630" dealer="0" win="0" bet="20" muck="1" rebuy="0" addon="0" merge="0" rebuychips="0" reg_code="5070548586"/>
</players>
</general>
<round no="0"><action no="1" player="Dominance" type="15" discard="1" dealt="1" sum="5"/>
<action no="2" player="Ankalaev" type="15" discard="1" dealt="1" sum="5"/>
<action no="3" player="KOPKHUNKRAP" type="15" sum="5"/>
<action no="4" player="Dominance" type="1" discard="1" dealt="1" sum="15"/>
<action no="5" player="Ankalaev" type="2" discard="1" dealt="1" sum="30"/>
</round>
<round no="1"><cards type="Pocket" player="Dominance">X X</cards>
<cards type="Pocket" player="Ankalaev">HK CA</cards>
<cards type="Pocket" player="KOPKHUNKRAP">SA DK</cards>
<action no="6" player="KOPKHUNKRAP" type="23" sum="435"/>
<action no="7" player="Dominance" type="0" discard="1" dealt="1" sum="0"/>
<action no="8" player="Ankalaev" type="7" discard="1" dealt="1" sum="395"/>
</round>
<round no="2"><cards type="Flop">H4 D5 C8</cards>
</round>
<round no="3"><cards type="Turn">S4</cards>
</round>
<round no="4"><cards type="River">C2</cards>
</round>
</game>
<game gamecode="6522646748"><general><startdate>2025-11-04 12:10:18</startdate>
<round>1</round>
<failsafecounter/>
<players><player seat="6" name="KOPKHUNKRAP" chips="450" dealer="0" win="0" bet="35" muck="1" rebuy="0" addon="0" merge="0" rebuychips="0" reg_code="5070548332"/>
<player seat="10" name="Dominance" chips="610" dealer="1" win="0" bet="610" muck="0" rebuy="0" addon="0" merge="0" rebuychips="0" reg_code="5070548586"/>
<player seat="3" name="Ankalaev" chips="440" dealer="0" win="915" bet="440" muck="0" rebuy="0" addon="0" merge="0" rebuychips="0" reg_code="5070548321"/>
</players>
</general>
<round no="0"><action no="1" player="Ankalaev" type="15" discard="1" dealt="1" sum="5"/>
<action no="2" player="KOPKHUNKRAP" type="15" sum="5"/>
<action no="3" player="Dominance" type="15" discard="1" dealt="1" sum="5"/>
<action no="4" player="Ankalaev" type="1" discard="1" dealt="1" sum="15"/>
<action no="5" player="KOPKHUNKRAP" type="2" sum="30"/>
</round>
<round no="1"><cards type="Pocket" player="KOPKHUNKRAP">SK D5</cards>
<cards type="Pocket" player="Dominance">S6 HA</cards>
<cards type="Pocket" player="Ankalaev">D8 H8</cards>
<action no="6" player="Dominance" type="23" discard="1" dealt="1" sum="605"/>
<action no="7" player="Ankalaev" type="7" discard="1" dealt="1" sum="420"/>
<action no="8" player="KOPKHUNKRAP" type="0" sum="0"/>
</round>
<round no="2"><cards type="Flop">D6 C4 S7</cards>
</round>
<round no="3"><cards type="Turn">CJ</cards>
</round>
<round no="4"><cards type="River">H10</cards>
</round>
</game>
<game gamecode="6522646810"><general><startdate>2025-11-04 12:10:38</startdate>
<round>1</round>
<failsafecounter/>
<players><player seat="10" name="Dominance" chips="170" dealer="0" win="45" bet="35" muck="1" rebuy="0" addon="0" merge="0" rebuychips="0" reg_code="5070548586"/>
<player seat="3" name="Ankalaev" chips="915" dealer="1" win="0" bet="5" muck="1" rebuy="0" addon="0" merge="0" rebuychips="0" reg_code="5070548321"/>
<player seat="6" name="KOPKHUNKRAP" chips="415" dealer="0" win="0" bet="20" muck="1" rebuy="0" addon="0" merge="0" rebuychips="0" reg_code="5070548332"/>
</players>
</general>
<round no="0"><action no="1" player="KOPKHUNKRAP" type="15" sum="5"/>
<action no="2" player="Dominance" type="15" discard="1" dealt="1" sum="5"/>
<action no="3" player="Ankalaev" type="15" discard="1" dealt="1" sum="5"/>
<action no="4" player="KOPKHUNKRAP" type="1" sum="15"/>
<action no="5" player="Dominance" type="2" discard="1" dealt="1" sum="30"/>
</round>
<round no="1"><cards type="Pocket" player="Dominance">X X</cards>
<cards type="Pocket" player="Ankalaev">X X</cards>
<cards type="Pocket" player="KOPKHUNKRAP">S4 S2</cards>
<action no="6" player="Ankalaev" type="0" discard="1" dealt="1" sum="0"/>
<action no="7" player="KOPKHUNKRAP" type="0" sum="0"/>
</round>
</game>
<game gamecode="6522646841"><general><startdate>2025-11-04 12:10:48</startdate>
<round>1</round>
<failsafecounter/>
<players><player seat="3" name="Ankalaev" chips="910" dealer="0" win="0" bet="35" muck="1" rebuy="0" addon="0" merge="0" rebuychips="0" reg_code="5070548321"/>
<player seat="6" name="KOPKHUNKRAP" chips="395" dealer="1" win="0" bet="5" muck="1" rebuy="0" addon="0" merge="0" rebuychips="0" reg_code="5070548332"/>
<player seat="10" name="Dominance" chips="195" dealer="0" win="75" bet="195" muck="1" rebuy="0" addon="0" merge="0" rebuychips="0" reg_code="5070548586"/>
</players>
</general>
<round no="0"><action no="1" player="Dominance" type="15" discard="1" dealt="1" sum="5"/>
<action no="2" player="Ankalaev" type="15" discard="1" dealt="1" sum="5"/>
<action no="3" player="KOPKHUNKRAP" type="15" sum="5"/>
<action no="4" player="Dominance" type="1" discard="1" dealt="1" sum="15"/>
<action no="5" player="Ankalaev" type="2" discard="1" dealt="1" sum="30"/>
</round>
<round no="1"><cards type="Pocket" player="Dominance">X X</cards>
<cards type="Pocket" player="KOPKHUNKRAP">HJ C4</cards>
<cards type="Pocket" player="Ankalaev">X X</cards>
<action no="6" player="KOPKHUNKRAP" type="0" sum="0"/>
<action no="7" player="Dominance" type="23" discard="1" dealt="1" sum="190"/>
<action no="8" player="Ankalaev" type="0" discard="1" dealt="1" sum="0"/>
</round>
</game>
<game gamecode="6522646875"><general><startdate>2025-11-04 12:10:59</startdate>
<round>1</round>
<failsafecounter/>
<players><player seat="6" name="KOPKHUNKRAP" chips="390" dealer="0" win="45" bet="35" muck="1" rebuy="0" addon="0" merge="0" rebuychips="0" reg_code="5070548332"/>
<player seat="10" name="Dominance" chips="235" dealer="1" win="0" bet="5" muck="1" rebuy="0" addon="0" merge="0" rebuychips="0" reg_code="5070548586"/>
<player seat="3" name="Ankalaev" chips="875" dealer="0" win="0" bet="20" muck="1" rebuy="0" addon="0" merge="0" rebuychips="0" reg_code="5070548321"/>
</players>
</general>
<round no="0"><action no="1" player="Ankalaev" type="15" discard="1" dealt="1" sum="5"/>
<action no="2" player="KOPKHUNKRAP" type="15" sum="5"/>
<action no="3" player="Dominance" type="15" discard="1" dealt="1" sum="5"/>
<action no="4" player="Ankalaev" type="1" discard="1" dealt="1" sum="15"/>
<action no="5" player="KOPKHUNKRAP" type="2" sum="30"/>
</round>
<round no="1"><cards type="Pocket" player="Ankalaev">X X</cards>
<cards type="Pocket" player="KOPKHUNKRAP">D8 H4</cards>
<cards type="Pocket" player="Dominance">X X</cards>
<action no="6" player="Dominance" type="0" discard="1" dealt="1" sum="0"/>
<action no="7" player="Ankalaev" type="0" discard="1" dealt="1" sum="0"/>
</round>
</game>
<game gamecode="6522646903"><general><startdate>2025-11-04 12:11:06</startdate>
<round>1</round>
<failsafecounter/>
<players><player seat="10" name="Dominance" chips="230" dealer="0" win="0" bet="45" muck="1" rebuy="0" addon="0" merge="0" rebuychips="0" reg_code="5070548586"/>
<player seat="3" name="Ankalaev" chips="855" dealer="1" win="0" bet="5" muck="1" rebuy="0" addon="0" merge="0" rebuychips="0" reg_code="5070548321"/>
<player seat="6" name="KOPKHUNKRAP" chips="415" dealer="0" win="95" bet="415" muck="1" rebuy="0" addon="0" merge="0" rebuychips="0" reg_code="5070548332"/>
</players>
</general>
<round no="0"><action no="1" player="KOPKHUNKRAP" type="15" sum="5"/>
<action no="2" player="Dominance" type="15" discard="1" dealt="1" sum="5"/>
<action no="3" player="Ankalaev" type="15" discard="1" dealt="1" sum="5"/>
<action no="4" player="KOPKHUNKRAP" type="1" sum="20"/>
<action no="5" player="Dominance" type="2" discard="1" dealt="1" sum="40"/>
</round>
<round no="1"><cards type="Pocket" player="Dominance">X X</cards>
<cards type="Pocket" player="Ankalaev">X X</cards>
<cards type="Pocket" player="KOPKHUNKRAP">S9 S10</cards>
<action no="6" player="Ankalaev" type="0" discard="1" dealt="1" sum="0"/>
<action no="7" player="KOPKHUNKRAP" type="23" sum="410"/>
<action no="8" player="Dominance" type="0" discard="1" dealt="1" sum="0"/>
</round>
</game>
<game gamecode="6522646935"><general><startdate>2025-11-04 12:11:20</startdate>
<round>1</round>
<failsafecounter/>
<players><player seat="3" name="Ankalaev" chips="850" dealer="0" win="0" bet="185" muck="1" rebuy="0" addon="0" merge="0" rebuychips="0" reg_code="5070548321"/>
<player seat="6" name="KOPKHUNKRAP" chips="465" dealer="1" win="0" bet="5" muck="1" rebuy="0" addon="0" merge="0" rebuychips="0" reg_code="5070548332"/>
<player seat="10" name="Dominance" chips="185" dealer="0" win="375" bet="185" muck="0" rebuy="0" addon="0" merge="0" rebuychips="0" reg_code="5070548586"/>
</players>
</general>
<round no="0"><action no="1" player="Dominance" type="15" discard="1" dealt="1" sum="5"/>
<action no="2" player="Ankalaev" type="15" discard="1" dealt="1" sum="5"/>
<action no="3" player="KOPKHUNKRAP" type="15" sum="5"/>
<action no="4" player="Dominance" type="1" discard="1" dealt="1" sum="20"/>
<action no="5" player="Ankalaev" type="2" discard="1" dealt="1" sum="40"/>
</round>
<round no="1"><cards type="Pocket" player="Ankalaev">CJ DK</cards>
<cards type="Pocket" player="KOPKHUNKRAP">C3 H4</cards>
<cards type="Pocket" player="Dominance">SA D8</cards>
<action no="6" player="KOPKHUNKRAP" type="0" sum="0"/>
<action no="7" player="Dominance" type="23" discard="1" dealt="1" sum="180"/>
<action no="8" player="Ankalaev" type="3" discard="1" dealt="1" sum="140"/>
</round>
<round no="2"><cards type="Flop">S8 D7 CQ</cards>
</round>
<round no="3"><cards type="Turn">S4</cards>
</round>
<round no="4"><cards type="River">S3</cards>
</round>
</game>
<game gamecode="6522646993"><general><startdate>2025-11-04 12:11:42</startdate>
<round>1</round>
<failsafecounter/>
<players><player seat="6" name="KOPKHUNKRAP" chips="460" dealer="0" win="0" bet="45" muck="1" rebuy="0" addon="0" merge="0" rebuychips="0" reg_code="5070548332"/>
<player seat="10" name="Dominance" chips="375" dealer="1" win="115" bet="375" muck="1" rebuy="0" addon="0" merge="0" rebuychips="0" reg_code="5070548586"/>
<player seat="3" name="Ankalaev" chips="665" dealer="0" win="0" bet="25" muck="1" rebuy="0" addon="0" merge="0" rebuychips="0" reg_code="5070548321"/>
</players>
</general>
<round no="0"><action no="1" player="Ankalaev" type="15" discard="1" dealt="1" sum="5"/>
<action no="2" player="KOPKHUNKRAP" type="15" sum="5"/>
<action no="3" player="Dominance" type="15" discard="1" dealt="1" sum="5"/>
<action no="4" player="Ankalaev" type="1" discard="1" dealt="1" sum="20"/>
<action no="5" player="KOPKHUNKRAP" type="2" sum="40"/>
</round>
<round no="1"><cards type="Pocket" player="KOPKHUNKRAP">S5 H3</cards>
<cards type="Pocket" player="Dominance">X X</cards>
<cards type="Pocket" player="Ankalaev">X X</cards>
<action no="6" player="Dominance" type="23" discard="1" dealt="1" sum="370"/>
<action no="7" player="Ankalaev" type="0" discard="1" dealt="1" sum="0"/>
<action no="8" player="KOPKHUNKRAP" type="0" sum="0"/>
</round>
</game>
<game gamecode="6522647047"><general><startdate>2025-11-04 12:12:00</startdate>
<round>1</round>
<failsafecounter/>
<players><player seat="10" name="Dominance" chips="445" dealer="0" win="0" bet="45" muck="1" rebuy="0" addon="0" merge="0" rebuychips="0" reg_code="5070548586"/>
<player seat="3" name="Ankalaev" chips="640" dealer="1" win="0" bet="5" muck="1" rebuy="0" addon="0" merge="0" rebuychips="0" reg_code="5070548321"/>
<player seat="6" name="KOPKHUNKRAP" chips="415" dealer="0" win="95" bet="415" muck="1" rebuy="0" addon="0" merge="0" rebuychips="0" reg_code="5070548332"/>
</players>
</general>
<round no="0"><action no="1" player="KOPKHUNKRAP" type="15" sum="5"/>
<action no="2" player="Dominance" type="15" discard="1" dealt="1" sum="5"/>
<action no="3" player="Ankalaev" type="15" discard="1" dealt="1" sum="5"/>
<action no="4" player="KOPKHUNKRAP" type="1" sum="20"/>
<action no="5" player="Dominance" type="2" discard="1" dealt="1" sum="40"/>
</round>
<round no="1"><cards type="Pocket" player="Dominance">X X</cards>
<cards type="Pocket" player="Ankalaev">X X</cards>
<cards type="Pocket" player="KOPKHUNKRAP">D10 SA</cards>
<action no="6" player="Ankalaev" type="0" discard="1" dealt="1" sum="0"/>
<action no="7" player="KOPKHUNKRAP" type="23" sum="410"/>
<action no="8" player="Dominance" type="0" discard="1" dealt="1" sum="0"/>
</round>
</game>
<game gamecode="6522647086"><general><startdate>2025-11-04 12:12:10</startdate>
<round>1</round>
<failsafecounter/>
<players><player seat="3" name="Ankalaev" chips="635" dealer="0" win="0" bet="45" muck="1" rebuy="0" addon="0" merge="0" rebuychips="0" reg_code="5070548321"/>
<player seat="6" name="KOPKHUNKRAP" chips="465" dealer="1" win="115" bet="465" muck="1" rebuy="0" addon="0" merge="0" rebuychips="0" reg_code="5070548332"/>
<player seat="10" name="Dominance" chips="400" dealer="0" win="0" bet="25" muck="1" rebuy="0" addon="0" merge="0" rebuychips="0" reg_code="5070548586"/>
</players>
</general>
<round no="0"><action no="1" player="Dominance" type="15" discard="1" dealt="1" sum="5"/>
<action no="2" player="Ankalaev" type="15" discard="1" dealt="1" sum="5"/>
<action no="3" player="KOPKHUNKRAP" type="15" sum="5"/>
<action no="4" player="Dominance" type="1" discard="1" dealt="1" sum="20"/>
<action no="5" player="Ankalaev" type="2" discard="1" dealt="1" sum="40"/>
</round>
<round no="1"><cards type="Pocket" player="Dominance">X X</cards>
<cards type="Pocket" player="Ankalaev">X X</cards>
<cards type="Pocket" player="KOPKHUNKRAP">DJ CA</cards>
<action no="6" player="KOPKHUNKRAP" type="23" sum="460"/>
<action no="7" player="Dominance" type="0" discard="1" dealt="1" sum="0"/>
<action no="8" player="Ankalaev" type="0" discard="1" dealt="1" sum="0"/>
</round>
</game>
<game gamecode="6522647124"><general><startdate>2025-11-04 12:12:22</startdate>
<round>1</round>
<failsafecounter/>
<players><player seat="6" name="KOPKHUNKRAP" chips="535" dealer="0" win="55" bet="45" muck="1" rebuy="0" addon="0" merge="0" rebuychips="0" reg_code="5070548332"/>
<player seat="10" name="Dominance" chips="375" dealer="1" win="0" bet="5" muck="1" rebuy="0" addon="0" merge="0" rebuychips="0" reg_code="5070548586"/>
<player seat="3" name="Ankalaev" chips="590" dealer="0" win="0" bet="25" muck="1" rebuy="0" addon="0" merge="0" rebuychips="0" reg_code="5070548321"/>
</players>
</general>
<round no="0"><action no="1" player="Ankalaev" type="15" discard="1" dealt="1" sum="5"/>
<action no="2" player="KOPKHUNKRAP" type="15" sum="5"/>
<action no="3" player="Dominance" type="15" discard="1" dealt="1" sum="5"/>
<action no="4" player="Ankalaev" type="1" discard="1" dealt="1" sum="20"/>
<action no="5" player="KOPKHUNKRAP" type="2" sum="40"/>
</round>
<round no="1"><cards type="Pocket" player="KOPKHUNKRAP">H5 C10</cards>
<cards type="Pocket" player="Dominance">X X</cards>
<cards type="Pocket" player="Ankalaev">X X</cards>
<action no="6" player="Dominance" type="0" discard="1" dealt="1" sum="0"/>
<action no="7" player="Ankalaev" type="0" discard="1" dealt="1" sum="0"/>
</round>
</game>
<game gamecode="6522647165"><general><startdate>2025-11-04 12:12:34</startdate>
<round>1</round>
<failsafecounter/>
<players><player seat="10" name="Dominance" chips="370" dealer="0" win="55" bet="45" muck="1" rebuy="0" addon="0" merge="0" rebuychips="0" reg_code="5070548586"/>
<player seat="3" name="Ankalaev" chips="565" dealer="1" win="0" bet="5" muck="1" rebuy="0" addon="0" merge="0" rebuychips="0" reg_code="5070548321"/>
<player seat="6" name="KOPKHUNKRAP" chips="565" dealer="0" win="0" bet="25" muck="1" rebuy="0" addon="0" merge="0" rebuychips="0" reg_code="5070548332"/>
</players>
</general>
<round no="0"><action no="1" player="KOPKHUNKRAP" type="15" sum="5"/>
<action no="2" player="Dominance" type="15" discard="1" dealt="1" sum="5"/>
<action no="3" player="Ankalaev" type="15" discard="1" dealt="1" sum="5"/>
<action no="4" player="KOPKHUNKRAP" type="1" sum="20"/>
<action no="5" player="Dominance" type="2" discard="1" dealt="1" sum="40"/>
</round>
<round no="1"><cards type="Pocket" player="Dominance">X X</cards>
<cards type="Pocket" player="KOPKHUNKRAP">H5 S4</cards>
<cards type="Pocket" player="Ankalaev">X X</cards>
<action no="6" player="Ankalaev" type="0" discard="1" dealt="1" sum="0"/>
<action no="7" player="KOPKHUNKRAP" type="0" sum="0"/>
</round>
</game>
<game gamecode="6522647213"><general><startdate>2025-11-04 12:12:51</startdate>
<round>1</round>
<failsafecounter/>
<players><player seat="3" name="Ankalaev" chips="560" dealer="0" win="0" bet="65" muck="1" rebuy="0" addon="0" merge="0" rebuychips="0" reg_code="5070548321"/>
<player seat="6" name="KOPKHUNKRAP" chips="540" dealer="1" win="0" bet="5" muck="1" rebuy="0" addon="0" merge="0" rebuychips="0" reg_code="5070548332"/>
<player seat="10" name="Dominance" chips="400" dealer="0" win="135" bet="400" muck="1" rebuy="0" addon="0" merge="0" rebuychips="0" reg_code="5070548586"/>
</players>
</general>
<round no="0"><action no="1" player="Dominance" type="15" discard="1" dealt="1" sum="5"/>
<action no="2" player="Ankalaev" type="15" discard="1" dealt="1" sum="5"/>
<action no="3" player="KOPKHUNKRAP" type="15" sum="5"/>
<action no="4" player="Dominance" type="1" discard="1" dealt="1" sum="30"/>
<action no="5" player="Ankalaev" type="2" discard="1" dealt="1" sum="60"/>
</round>
<round no="1"><cards type="Pocket" player="Ankalaev">X X</cards>
<cards type="Pocket" player="KOPKHUNKRAP">C5 C4</cards>
<cards type="Pocket" player="Dominance">X X</cards>
<action no="6" player="KOPKHUNKRAP" type="0" sum="0"/>
<action no="7" player="Dominance" type="23" discard="1" dealt="1" sum="395"/>
<action no="8" player="Ankalaev" type="0" discard="1" dealt="1" sum="0"/>
</round>
</game>
<game gamecode="6522650664"><general><startdate>2025-11-04 12:13:01</startdate>
<round>1</round>
<failsafecounter/>
<players><player seat="6" name="KOPKHUNKRAP" chips="535" dealer="0" win="0" bet="65" muck="1" rebuy="0" addon="0" merge="0" rebuychips="0" reg_code="5070548332"/>
<player seat="10" name="Dominance" chips="470" dealer="1" win="165" bet="470" muck="1" rebuy="0" addon="0" merge="0" rebuychips="0" reg_code="5070548586"/>
<player seat="3" name="Ankalaev" chips="495" dealer="0" win="0" bet="35" muck="1" rebuy="0" addon="0" merge="0" rebuychips="0" reg_code="5070548321"/>
</players>
</general>
<round no="0"><action no="1" player="Ankalaev" type="15" discard="1" dealt="1" sum="5"/>
<action no="2" player="KOPKHUNKRAP" type="15" sum="5"/>
<action no="3" player="Dominance" type="15" discard="1" dealt="1" sum="5"/>
<action no="4" player="Ankalaev" type="1" discard="1" dealt="1" sum="30"/>
<action no="5" player="KOPKHUNKRAP" type="2" sum="60"/>
</round>
<round no="1"><cards type="Pocket" player="Ankalaev">X X</cards>
<cards type="Pocket" player="KOPKHUNKRAP">H10 H7</cards>
<cards type="Pocket" player="Dominance">X X</cards>
<action no="6" player="Dominance" type="23" discard="1" dealt="1" sum="465"/>
<action no="7" player="Ankalaev" type="0" discard="1" dealt="1" sum="0"/>
<action no="8" player="KOPKHUNKRAP" type="0" sum="0"/>
</round>
</game>
<game gamecode="6522650702"><general><startdate>2025-11-04 12:13:13</startdate>
<round>1</round>
<failsafecounter/>
<players><player seat="10" name="Dominance" chips="570" dealer="0" win="75" bet="65" muck="1" rebuy="0" addon="0" merge="0" rebuychips="0" reg_code="5070548586"/>
<player seat="3" name="Ankalaev" chips="460" dealer="1" win="0" bet="5" muck="1" rebuy="0" addon="0" merge="0" rebuychips="0" reg_code="5070548321"/>
<player seat="6" name="KOPKHUNKRAP" chips="470" dealer="0" win="0" bet="35" muck="1" rebuy="0" addon="0" merge="0" rebuychips="0" reg_code="5070548332"/>
</players>
</general>
<round no="0"><action no="1" player="KOPKHUNKRAP" type="15" sum="5"/>
<action no="2" player="Dominance" type="15" discard="1" dealt="1" sum="5"/>
<action no="3" player="Ankalaev" type="15" discard="1" dealt="1" sum="5"/>
<action no="4" player="KOPKHUNKRAP" type="1" sum="30"/>
<action no="5" player="Dominance" type="2" discard="1" dealt="1" sum="60"/>
</round>
<round no="1"><cards type="Pocket" player="KOPKHUNKRAP">C5 H4</cards>
<cards type="Pocket" player="Dominance">X X</cards>
<cards type="Pocket" player="Ankalaev">X X</cards>
<action no="6" player="Ankalaev" type="0" discard="1" dealt="1" sum="0"/>
<action no="7" player="KOPKHUNKRAP" type="0" sum="0"/>
</round>
</game>
<game gamecode="6522650764"><general><startdate>2025-11-04 12:13:30</startdate>
<round>1</round>
<failsafecounter/>
<players><player seat="3" name="Ankalaev" chips="455" dealer="0" win="0" bet="65" muck="1" rebuy="0" addon="0" merge="0" rebuychips="0" reg_code="5070548321"/>
<player seat="6" name="KOPKHUNKRAP" chips="435" dealer="1" win="0" bet="435" muck="0" rebuy="0" addon="0" merge="0" rebuychips="0" reg_code="5070548332"/>
<player seat="10" name="Dominance" chips="610" dealer="0" win="935" bet="610" muck="0" rebuy="0" addon="0" merge="0" rebuychips="0" reg_code="5070548586"/>
</players>
</general>
<round no="0"><action no="1" player="Dominance" type="15" discard="1" dealt="1" sum="5"/>
<action no="2" player="Ankalaev" type="15" discard="1" dealt="1" sum="5"/>
<action no="3" player="KOPKHUNKRAP" type="15" sum="5"/>
<action no="4" player="Dominance" type="1" discard="1" dealt="1" sum="30"/>
<action no="5" player="Ankalaev" type="2" discard="1" dealt="1" sum="60"/>
</round>
<round no="1"><cards type="Pocket" player="Ankalaev">X X</cards>
<cards type="Pocket" player="KOPKHUNKRAP">DK H9</cards>
<cards type="Pocket" player="Dominance">DA D6</cards>
<action no="6" player="KOPKHUNKRAP" type="23" sum="430"/>
<action no="7" player="Dominance" type="7" discard="1" dealt="1" sum="575"/>
<action no="8" player="Ankalaev" type="0" discard="1" dealt="1" sum="0"/>
</round>
<round no="2"><cards type="Flop">C4 C6 S7</cards>
</round>
<round no="3"><cards type="Turn">C8</cards>
</round>
<round no="4"><cards type="River">C2</cards>
</round>
</game>
</session>
