<?xml version="1.0" encoding="UTF-8"?>
<session sessioncode="5070507038">
<general>
<client_version>25.1.1.16</client_version>
<mode>real</mode>
<gametype>Holdem NL</gametype>
<tablename>Twister €100 SNG, 821028465</tablename>
<tournamentcode>821028464</tournamentcode>
<tournamentname>Twister €100 SNG</tournamentname>
<buyin>€0 + €7 + €93</buyin>
<totalbuyin>€100</totalbuyin>
<rewarddrawn>€400</rewarddrawn>
<tournamentcurrency>EUR</tournamentcurrency>
<currency>EUR</currency>
<nickname>KOPKHUNKRAP</nickname>
<gamecount>23</gamecount>
<startdate>2025-11-04 01:32:16</startdate>
<place>2</place>
<win>€0</win>
<tablesize>3</tablesize>
</general>
<game gamecode="6522474790"><general><startdate>2025-11-04 01:32:32</startdate>
<round>1</round>
<failsafecounter/>
<players><player seat="10" name="Frizzantino00" chips="500" dealer="0" win="20" bet="20" muck="1" rebuy="0" addon="0" merge="0" rebuychips="0" reg_code="5070507276"/>
<player seat="3" name="OndaBianca1" chips="500" dealer="1" win="0" bet="0" muck="1" rebuy="0" addon="0" merge="0" rebuychips="0" reg_code="5070506853"/>
<player seat="6" name="KOPKHUNKRAP" chips="500" dealer="0" win="0" bet="10" muck="1" rebuy="0" addon="0" merge="0" rebuychips="0" reg_code="5070507038"/>
</players>
</general>
<round no="0"><action no="1" player="KOPKHUNKRAP" type="1" sum="10"/>
<action no="2" player="Frizzantino00" type="2" discard="1" dealt="1" sum="20"/>
</round>
<round no="1"><cards type="Pocket" player="KOPKHUNKRAP">S2 DJ</cards>
<cards type="Pocket" player="OndaBianca1">X X</cards>
<cards type="Pocket" player="Frizzantino00">X X</cards>
<action no="3" player="OndaBianca1" type="0" discard="1" dealt="1" sum="0"/>
<action no="4" player="KOPKHUNKRAP" type="0" sum="0"/>
</round>
</game>
<game gamecode="6522474822"><general><startdate>2025-11-04 01:32:43</startdate>
<round>1</round>
<failsafecounter/>
<players><player seat="3" name="OndaBianca1" chips="500" dealer="0" win="0" bet="20" muck="1" rebuy="0" addon="0" merge="0" rebuychips="0" reg_code="5070506853"/>
<player seat="6" name="KOPKHUNKRAP" chips="490" dealer="1" win="0" bet="0" muck="1" rebuy="0" addon="0" merge="0" rebuychips="0" reg_code="5070507038"/>
<player seat="10" name="Frizzantino00" chips="510" dealer="0" win="40" bet="54" muck="1" rebuy="0" addon="0" merge="0" rebuychips="0" reg_code="5070507276"/>
</players>
</general>
<round no="0"><action no="1" player="Frizzantino00" type="1" discard="1" dealt="1" sum="10"/>
<action no="2" player="OndaBianca1" type="2" discard="1" dealt="1" sum="20"/>
</round>
<round no="1"><cards type="Pocket" player="OndaBianca1">X X</cards>
<cards type="Pocket" player="Frizzantino00">X X</cards>
<cards type="Pocket" player="KOPKHUNKRAP">C4 CJ</cards>
<action no="3" player="KOPKHUNKRAP" type="0" sum="0"/>
<action no="4" player="Frizzantino00" type="23" discard="1" dealt="1" sum="54"/>
<action no="5" player="OndaBianca1" type="0" discard="1" dealt="1" sum="0"/>
</round>
</game>
<game gamecode="6522474868"><general><startdate>2025-11-04 01:32:57</startdate>
<round>1</round>
<failsafecounter/>
<players><player seat="6" name="KOPKHUNKRAP" chips="490" dealer="0" win="0" bet="20" muck="1" rebuy="0" addon="0" merge="0" rebuychips="0" reg_code="5070507038"/>
<player seat="10" name="Frizzantino00" chips="530" dealer="1" win="50" bet="40" muck="1" rebuy="0" addon="0" merge="0" rebuychips="0" reg_code="5070507276"/>
<player seat="3" name="OndaBianca1" chips="480" dealer="0" win="0" bet="10" muck="1" rebuy="0" addon="0" merge="0" rebuychips="0" reg_code="5070506853"/>
</players>
</general>
<round no="0"><action no="1" player="OndaBianca1" type="1" discard="1" dealt="1" sum="10"/>
<action no="2" player="KOPKHUNKRAP" type="2" sum="20"/>
</round>
<round no="1"><cards type="Pocket" player="Frizzantino00">X X</cards>
<cards type="Pocket" player="KOPKHUNKRAP">S6 H5</cards>
<cards type="Pocket" player="OndaBianca1">X X</cards>
<action no="3" player="Frizzantino00" type="23" discard="1" dealt="1" sum="40"/>
<action no="4" player="OndaBianca1" type="0" discard="1" dealt="1" sum="0"/>
<action no="5" player="KOPKHUNKRAP" type="0" sum="0"/>
</round>
</game>
<game gamecode="6522474914"><general><startdate>2025-11-04 01:33:10</startdate>
<round>1</round>
<failsafecounter/>
<players><player seat="10" name="Frizzantino00" chips="560" dealer="0" win="0" bet="40" muck="1" rebuy="0" addon="0" merge="0" rebuychips="0" reg_code="5070507276"/>
<player seat="3" name="OndaBianca1" chips="470" dealer="1" win="0" bet="470" muck="0" rebuy="0" addon="0" merge="0" rebuychips="0" reg_code="5070506853"/>
<player seat="6" name="KOPKHUNKRAP" chips="470" dealer="0" win="980" bet="470" muck="0" rebuy="0" addon="0" merge="0" rebuychips="0" reg_code="5070507038"/>
</players>
</general>
<round no="0"><action no="1" player="KOPKHUNKRAP" type="1" sum="10"/>
<action no="2" player="Frizzantino00" type="2" discard="1" dealt="1" sum="20"/>
</round>
<round no="1"><cards type="Pocket" player="OndaBianca1">DQ SJ</cards>
<cards type="Pocket" player="Frizzantino00">X X</cards>
<cards type="Pocket" player="KOPKHUNKRAP">DA SA</cards>
<action no="3" player="OndaBianca1" type="23" discard="1" dealt="1" sum="40"/>
<action no="4" player="KOPKHUNKRAP" type="3" sum="30"/>
<action no="5" player="Frizzantino00" type="3" discard="1" dealt="1" sum="20"/>
</round>
<round no="2"><cards type="Flop">C6 S9 CQ</cards>
<action no="6" player="KOPKHUNKRAP" type="4" sum="0"/>
<action no="7" player="Frizzantino00" type="4" discard="1" dealt="1" sum="0"/>
<action no="8" player="OndaBianca1" type="5" discard="1" dealt="1" sum="40"/>
<action no="9" player="KOPKHUNKRAP" type="23" sum="120"/>
<action no="10" player="Frizzantino00" type="0" discard="1" dealt="1" sum="0"/>
<action no="11" player="OndaBianca1" type="23" discard="1" dealt="1" sum="430"/>
<action no="12" player="KOPKHUNKRAP" type="7" sum="310"/>
</round>
<round no="3"><cards type="Turn">CA</cards>
</round>
<round no="4"><cards type="River">D10</cards>
</round>
</game>
<game gamecode="6522475073"><general><startdate>2025-11-04 01:33:58</startdate>
<round>1</round>
<failsafecounter/>
<players><player seat="10" name="Frizzantino00" chips="520" dealer="0" win="0" bet="20" muck="1" rebuy="0" addon="0" merge="0" rebuychips="0" reg_code="5070507276"/>
<player seat="6" name="KOPKHUNKRAP" chips="980" dealer="1" win="40" bet="40" muck="1" rebuy="0" addon="0" merge="0" rebuychips="0" reg_code="5070507038"/>
</players>
</general>
<round no="0"><action no="1" player="KOPKHUNKRAP" type="1" sum="10"/>
<action no="2" player="Frizzantino00" type="2" discard="1" dealt="1" sum="20"/>
</round>
<round no="1"><cards type="Pocket" player="Frizzantino00">X X</cards>
<cards type="Pocket" player="KOPKHUNKRAP">SQ D6</cards>
<action no="3" player="KOPKHUNKRAP" type="3" sum="10"/>
<action no="4" player="Frizzantino00" type="4" discard="1" dealt="1" sum="0"/>
</round>
<round no="2"><cards type="Flop">SA C9 H7</cards>
<action no="5" player="Frizzantino00" type="4" discard="1" dealt="1" sum="0"/>
<action no="6" player="KOPKHUNKRAP" type="5" sum="20"/>
<action no="7" player="Frizzantino00" type="0" discard="1" dealt="1" sum="0"/>
</round>
</game>
<game gamecode="6522475121"><general><startdate>2025-11-04 01:34:17</startdate>
<round>1</round>
<failsafecounter/>
<players><player seat="6" name="KOPKHUNKRAP" chips="1,000" dealer="0" win="0" bet="1,000" muck="0" rebuy="0" addon="0" merge="0" rebuychips="0" reg_code="5070507038"/>
<player seat="10" name="Frizzantino00" chips="500" dealer="1" win="1,000" bet="500" muck="0" rebuy="0" addon="0" merge="0" rebuychips="0" reg_code="5070507276"/>
</players>
</general>
<round no="0"><action no="1" player="Frizzantino00" type="1" discard="1" dealt="1" sum="10"/>
<action no="2" player="KOPKHUNKRAP" type="2" sum="20"/>
</round>
<round no="1"><cards type="Pocket" player="Frizzantino00">DQ HQ</cards>
<cards type="Pocket" player="KOPKHUNKRAP">C10 DJ</cards>
<action no="3" player="Frizzantino00" type="23" discard="1" dealt="1" sum="40"/>
<action no="4" player="KOPKHUNKRAP" type="3" sum="20"/>
</round>
<round no="2"><cards type="Flop">S5 S10 H8</cards>
<action no="5" player="KOPKHUNKRAP" type="4" sum="0"/>
<action no="6" player="Frizzantino00" type="5" discard="1" dealt="1" sum="80"/>
<action no="7" player="KOPKHUNKRAP" type="23" sum="960"/>
<action no="8" player="Frizzantino00" type="7" discard="1" dealt="1" sum="380"/>
</round>
<round no="3"><cards type="Turn">H3</cards>
</round>
<round no="4"><cards type="River">H2</cards>
</round>
</game>
<game gamecode="6522475245"><general><startdate>2025-11-04 01:35:00</startdate>
<round>1</round>
<failsafecounter/>
<players><player seat="10" name="Frizzantino00" chips="1,000" dealer="0" win="70" bet="1,000" muck="1" rebuy="0" addon="0" merge="0" rebuychips="0" reg_code="5070507276"/>
<player seat="6" name="KOPKHUNKRAP" chips="500" dealer="1" win="0" bet="35" muck="1" rebuy="0" addon="0" merge="0" rebuychips="0" reg_code="5070507038"/>
</players>
</general>
<round no="0"><action no="1" player="KOPKHUNKRAP" type="15" sum="5"/>
<action no="2" player="Frizzantino00" type="15" discard="1" dealt="1" sum="5"/>
<action no="3" player="KOPKHUNKRAP" type="1" sum="15"/>
<action no="4" player="Frizzantino00" type="2" discard="1" dealt="1" sum="30"/>
</round>
<round no="1"><cards type="Pocket" player="Frizzantino00">X X</cards>
<cards type="Pocket" player="KOPKHUNKRAP">DK C4</cards>
<action no="5" player="KOPKHUNKRAP" type="3" sum="15"/>
<action no="6" player="Frizzantino00" type="23" discard="1" dealt="1" sum="995"/>
<action no="7" player="KOPKHUNKRAP" type="0" sum="0"/>
</round>
</game>
<game gamecode="6522475285"><general><startdate>2025-11-04 01:35:15</startdate>
<round>1</round>
<failsafecounter/>
<players><player seat="6" name="KOPKHUNKRAP" chips="465" dealer="0" win="130" bet="65" muck="0" rebuy="0" addon="0" merge="0" rebuychips="0" reg_code="5070507038"/>
<player seat="10" name="Frizzantino00" chips="1,035" dealer="1" win="0" bet="65" muck="1" rebuy="0" addon="0" merge="0" rebuychips="0" reg_code="5070507276"/>
</players>
</general>
<round no="0"><action no="1" player="Frizzantino00" type="15" discard="1" dealt="1" sum="5"/>
<action no="2" player="KOPKHUNKRAP" type="15" sum="5"/>
<action no="3" player="Frizzantino00" type="1" discard="1" dealt="1" sum="15"/>
<action no="4" player="KOPKHUNKRAP" type="2" sum="30"/>
</round>
<round no="1"><cards type="Pocket" player="Frizzantino00">SK D10</cards>
<cards type="Pocket" player="KOPKHUNKRAP">S8 H10</cards>
<action no="5" player="Frizzantino00" type="3" discard="1" dealt="1" sum="15"/>
<action no="6" player="KOPKHUNKRAP" type="4" sum="0"/>
</round>
<round no="2"><cards type="Flop">S9 D8 DJ</cards>
<action no="7" player="KOPKHUNKRAP" type="4" sum="0"/>
<action no="8" player="Frizzantino00" type="4" discard="1" dealt="1" sum="0"/>
</round>
<round no="3"><cards type="Turn">C8</cards>
<action no="9" player="KOPKHUNKRAP" type="5" sum="30"/>
<action no="10" player="Frizzantino00" type="3" discard="1" dealt="1" sum="30"/>
</round>
<round no="4"><cards type="River">C3</cards>
<action no="11" player="KOPKHUNKRAP" type="4" sum="0"/>
<action no="12" player="Frizzantino00" type="4" discard="1" dealt="1" sum="0"/>
</round>
</game>
<game gamecode="6522475368"><general><startdate>2025-11-04 01:35:43</startdate>
<round>1</round>
<failsafecounter/>
<players><player seat="10" name="Frizzantino00" chips="970" dealer="0" win="70" bet="970" muck="1" rebuy="0" addon="0" merge="0" rebuychips="0" reg_code="5070507276"/>
<player seat="6" name="KOPKHUNKRAP" chips="530" dealer="1" win="0" bet="35" muck="1" rebuy="0" addon="0" merge="0" rebuychips="0" reg_code="5070507038"/>
</players>
</general>
<round no="0"><action no="1" player="KOPKHUNKRAP" type="15" sum="5"/>
<action no="2" player="Frizzantino00" type="15" discard="1" dealt="1" sum="5"/>
<action no="3" player="KOPKHUNKRAP" type="1" sum="15"/>
<action no="4" player="Frizzantino00" type="2" discard="1" dealt="1" sum="30"/>
</round>
<round no="1"><cards type="Pocket" player="KOPKHUNKRAP">C4 C7</cards>
<cards type="Pocket" player="Frizzantino00">X X</cards>
<action no="5" player="KOPKHUNKRAP" type="3" sum="15"/>
<action no="6" player="Frizzantino00" type="23" discard="1" dealt="1" sum="965"/>
<action no="7" player="KOPKHUNKRAP" type="0" sum="0"/>
</round>
</game>
<game gamecode="6522475396"><general><startdate>2025-11-04 01:35:54</startdate>
<round>1</round>
<failsafecounter/>
<players><player seat="6" name="KOPKHUNKRAP" chips="495" dealer="0" win="40" bet="35" muck="1" rebuy="0" addon="0" merge="0" rebuychips="0" reg_code="5070507038"/>
<player seat="10" name="Frizzantino00" chips="1,005" dealer="1" win="0" bet="20" muck="1" rebuy="0" addon="0" merge="0" rebuychips="0" reg_code="5070507276"/>
</players>
</general>
<round no="0"><action no="1" player="Frizzantino00" type="15" discard="1" dealt="1" sum="5"/>
<action no="2" player="KOPKHUNKRAP" type="15" sum="5"/>
<action no="3" player="Frizzantino00" type="1" discard="1" dealt="1" sum="15"/>
<action no="4" player="KOPKHUNKRAP" type="2" sum="30"/>
</round>
<round no="1"><cards type="Pocket" player="KOPKHUNKRAP">SQ C4</cards>
<cards type="Pocket" player="Frizzantino00">X X</cards>
<action no="5" player="Frizzantino00" type="0" discard="1" dealt="1" sum="0"/>
</round>
</game>
<game gamecode="6522475411"><general><startdate>2025-11-04 01:36:00</startdate>
<round>1</round>
<failsafecounter/>
<players><player seat="10" name="Frizzantino00" chips="985" dealer="0" win="0" bet="65" muck="1" rebuy="0" addon="0" merge="0" rebuychips="0" reg_code="5070507276"/>
<player seat="6" name="KOPKHUNKRAP" chips="515" dealer="1" win="130" bet="130" muck="1" rebuy="0" addon="0" merge="0" rebuychips="0" reg_code="5070507038"/>
</players>
</general>
<round no="0"><action no="1" player="KOPKHUNKRAP" type="15" sum="5"/>
<action no="2" player="Frizzantino00" type="15" discard="1" dealt="1" sum="5"/>
<action no="3" player="KOPKHUNKRAP" type="1" sum="15"/>
<action no="4" player="Frizzantino00" type="2" discard="1" dealt="1" sum="30"/>
</round>
<round no="1"><cards type="Pocket" player="KOPKHUNKRAP">S10 C4</cards>
<cards type="Pocket" player="Frizzantino00">X X</cards>
<action no="5" player="KOPKHUNKRAP" type="3" sum="15"/>
<action no="6" player="Frizzantino00" type="4" discard="1" dealt="1" sum="0"/>
</round>
<round no="2"><cards type="Flop">DJ SJ C5</cards>
<action no="7" player="Frizzantino00" type="4" discard="1" dealt="1" sum="0"/>
<action no="8" player="KOPKHUNKRAP" type="5" sum="30"/>
<action no="9" player="Frizzantino00" type="3" discard="1" dealt="1" sum="30"/>
</round>
<round no="3"><cards type="Turn">C2</cards>
<action no="10" player="Frizzantino00" type="4" discard="1" dealt="1" sum="0"/>
<action no="11" player="KOPKHUNKRAP" type="4" sum="0"/>
</round>
<round no="4"><cards type="River">HQ</cards>
<action no="12" player="Frizzantino00" type="4" discard="1" dealt="1" sum="0"/>
<action no="13" player="KOPKHUNKRAP" type="5" sum="65"/>
<action no="14" player="Frizzantino00" type="0" discard="1" dealt="1" sum="0"/>
</round>
</game>
<game gamecode="6522475572"><general><startdate>2025-11-04 01:36:56</startdate>
<round>1</round>
<failsafecounter/>
<players><player seat="6" name="KOPKHUNKRAP" chips="580" dealer="0" win="0" bet="85" muck="1" rebuy="0" addon="0" merge="0" rebuychips="0" reg_code="5070507038"/>
<player seat="10" name="Frizzantino00" chips="920" dealer="1" win="170" bet="165" muck="1" rebuy="0" addon="0" merge="0" rebuychips="0" reg_code="5070507276"/>
</players>
</general>
<round no="0"><action no="1" player="Frizzantino00" type="15" discard="1" dealt="1" sum="5"/>
<action no="2" player="KOPKHUNKRAP" type="15" sum="5"/>
<action no="3" player="Frizzantino00" type="1" discard="1" dealt="1" sum="20"/>
<action no="4" player="KOPKHUNKRAP" type="2" sum="40"/>
</round>
<round no="1"><cards type="Pocket" player="Frizzantino00">X X</cards>
<cards type="Pocket" player="KOPKHUNKRAP">HK D2</cards>
<action no="5" player="Frizzantino00" type="3" discard="1" dealt="1" sum="20"/>
<action no="6" player="KOPKHUNKRAP" type="4" sum="0"/>
</round>
<round no="2"><cards type="Flop">H4 HA C5</cards>
<action no="7" player="KOPKHUNKRAP" type="4" sum="0"/>
<action no="8" player="Frizzantino00" type="5" discard="1" dealt="1" sum="40"/>
<action no="9" player="KOPKHUNKRAP" type="3" sum="40"/>
</round>
<round no="3"><cards type="Turn">CA</cards>
<action no="10" player="KOPKHUNKRAP" type="4" sum="0"/>
<action no="11" player="Frizzantino00" type="5" discard="1" dealt="1" sum="80"/>
<action no="12" player="KOPKHUNKRAP" type="0" sum="0"/>
</round>
</game>
<game gamecode="6522475660"><general><startdate>2025-11-04 01:37:23</startdate>
<round>1</round>
<failsafecounter/>
<players><player seat="10" name="Frizzantino00" chips="1,005" dealer="0" win="0" bet="45" muck="1" rebuy="0" addon="0" merge="0" rebuychips="0" reg_code="5070507276"/>
<player seat="6" name="KOPKHUNKRAP" chips="495" dealer="1" win="90" bet="105" muck="1" rebuy="0" addon="0" merge="0" rebuychips="0" reg_code="5070507038"/>
</players>
</general>
<round no="0"><action no="1" player="KOPKHUNKRAP" type="15" sum="5"/>
<action no="2" player="Frizzantino00" type="15" discard="1" dealt="1" sum="5"/>
<action no="3" player="KOPKHUNKRAP" type="1" sum="20"/>
<action no="4" player="Frizzantino00" type="2" discard="1" dealt="1" sum="40"/>
</round>
<round no="1"><cards type="Pocket" player="KOPKHUNKRAP">C4 DQ</cards>
<cards type="Pocket" player="Frizzantino00">X X</cards>
<action no="5" player="KOPKHUNKRAP" type="3" sum="20"/>
<action no="6" player="Frizzantino00" type="4" discard="1" dealt="1" sum="0"/>
</round>
<round no="2"><cards type="Flop">HA S7 CQ</cards>
<action no="7" player="Frizzantino00" type="4" discard="1" dealt="1" sum="0"/>
<action no="8" player="KOPKHUNKRAP" type="4" sum="0"/>
</round>
<round no="3"><cards type="Turn">S10</cards>
<action no="9" player="Frizzantino00" type="4" discard="1" dealt="1" sum="0"/>
<action no="10" player="KOPKHUNKRAP" type="5" sum="60"/>
<action no="11" player="Frizzantino00" type="0" discard="1" dealt="1" sum="0"/>
</round>
</game>
<game gamecode="6522478894"><general><startdate>2025-11-04 01:37:44</startdate>
<round>1</round>
<failsafecounter/>
<players><player seat="6" name="KOPKHUNKRAP" chips="540" dealer="0" win="0" bet="45" muck="1" rebuy="0" addon="0" merge="0" rebuychips="0" reg_code="5070507038"/>
<player seat="10" name="Frizzantino00" chips="960" dealer="1" win="90" bet="45" muck="0" rebuy="0" addon="0" merge="0" rebuychips="0" reg_code="5070507276"/>
</players>
</general>
<round no="0"><action no="1" player="Frizzantino00" type="15" discard="1" dealt="1" sum="5"/>
<action no="2" player="KOPKHUNKRAP" type="15" sum="5"/>
<action no="3" player="Frizzantino00" type="1" discard="1" dealt="1" sum="20"/>
<action no="4" player="KOPKHUNKRAP" type="2" sum="40"/>
</round>
<round no="1"><cards type="Pocket" player="Frizzantino00">SK D5</cards>
<cards type="Pocket" player="KOPKHUNKRAP">S9 D7</cards>
<action no="5" player="Frizzantino00" type="3" discard="1" dealt="1" sum="20"/>
<action no="6" player="KOPKHUNKRAP" type="4" sum="0"/>
</round>
<round no="2"><cards type="Flop">S2 HJ CQ</cards>
<action no="7" player="KOPKHUNKRAP" type="4" sum="0"/>
<action no="8" player="Frizzantino00" type="4" discard="1" dealt="1" sum="0"/>
</round>
<round no="3"><cards type="Turn">S3</cards>
<action no="9" player="KOPKHUNKRAP" type="4" sum="0"/>
<action no="10" player="Frizzantino00" type="4" discard="1" dealt="1" sum="0"/>
</round>
<round no="4"><cards type="River">CA</cards>
<action no="11" player="KOPKHUNKRAP" type="4" sum="0"/>
<action no="12" player="Frizzantino00" type="4" discard="1" dealt="1" sum="0"/>
</round>
</game>
<game gamecode="6522478989"><general><startdate>2025-11-04 01:38:21</startdate>
<round>1</round>
<failsafecounter/>
<players><player seat="10" name="Frizzantino00" chips="1,005" dealer="0" win="90" bet="135" muck="1" rebuy="0" addon="0" merge="0" rebuychips="0" reg_code="5070507276"/>
<player seat="6" name="KOPKHUNKRAP" chips="495" dealer="1" win="0" bet="45" muck="1" rebuy="0" addon="0" merge="0" rebuychips="0" reg_code="5070507038"/>
</players>
</general>
<round no="0"><action no="1" player="KOPKHUNKRAP" type="15" sum="5"/>
<action no="2" player="Frizzantino00" type="15" discard="1" dealt="1" sum="5"/>
<action no="3" player="KOPKHUNKRAP" type="1" sum="20"/>
<action no="4" player="Frizzantino00" type="2" discard="1" dealt="1" sum="40"/>
</round>
<round no="1"><cards type="Pocket" player="Frizzantino00">X X</cards>
<cards type="Pocket" player="KOPKHUNKRAP">HK H4</cards>
<action no="5" player="KOPKHUNKRAP" type="3" sum="20"/>
<action no="6" player="Frizzantino00" type="4" discard="1" dealt="1" sum="0"/>
</round>
<round no="2"><cards type="Flop">D8 C10 H9</cards>
<action no="7" player="Frizzantino00" type="4" discard="1" dealt="1" sum="0"/>
<action no="8" player="KOPKHUNKRAP" type="4" sum="0"/>
</round>
<round no="3"><cards type="Turn">D6</cards>
<action no="9" player="Frizzantino00" type="4" discard="1" dealt="1" sum="0"/>
<action no="10" player="KOPKHUNKRAP" type="4" sum="0"/>
</round>
<round no="4"><cards type="River">H10</cards>
<action no="11" player="Frizzantino00" type="5" discard="1" dealt="1" sum="90"/>
<action no="12" player="KOPKHUNKRAP" type="0" sum="0"/>
</round>
</game>
<game gamecode="6522479080"><general><startdate>2025-11-04 01:38:57</startdate>
<round>1</round>
<failsafecounter/>
<players><player seat="6" name="KOPKHUNKRAP" chips="450" dealer="0" win="0" bet="65" muck="1" rebuy="0" addon="0" merge="0" rebuychips="0" reg_code="5070507038"/>
<player seat="10" name="Frizzantino00" chips="1,050" dealer="1" win="130" bet="1,050" muck="1" rebuy="0" addon="0" merge="0" rebuychips="0" reg_code="5070507276"/>
</players>
</general>
<round no="0"><action no="1" player="Frizzantino00" type="15" discard="1" dealt="1" sum="5"/>
<action no="2" player="KOPKHUNKRAP" type="15" sum="5"/>
<action no="3" player="Frizzantino00" type="1" discard="1" dealt="1" sum="30"/>
<action no="4" player="KOPKHUNKRAP" type="2" sum="60"/>
</round>
<round no="1"><cards type="Pocket" player="Frizzantino00">X X</cards>
<cards type="Pocket" player="KOPKHUNKRAP">H9 D10</cards>
<action no="5" player="Frizzantino00" type="23" discard="1" dealt="1" sum="1,045"/>
<action no="6" player="KOPKHUNKRAP" type="0" sum="0"/>
</round>
</game>
<game gamecode="6522479102"><general><startdate>2025-11-04 01:39:05</startdate>
<round>1</round>
<failsafecounter/>
<players><player seat="10" name="Frizzantino00" chips="1,115" dealer="0" win="0" bet="65" muck="1" rebuy="0" addon="0" merge="0" rebuychips="0" reg_code="5070507276"/>
<player seat="6" name="KOPKHUNKRAP" chips="385" dealer="1" win="130" bet="385" muck="1" rebuy="0" addon="0" merge="0" rebuychips="0" reg_code="5070507038"/>
</players>
</general>
<round no="0"><action no="1" player="KOPKHUNKRAP" type="15" sum="5"/>
<action no="2" player="Frizzantino00" type="15" discard="1" dealt="1" sum="5"/>
<action no="3" player="KOPKHUNKRAP" type="1" sum="30"/>
<action no="4" player="Frizzantino00" type="2" discard="1" dealt="1" sum="60"/>
</round>
<round no="1"><cards type="Pocket" player="Frizzantino00">X X</cards>
<cards type="Pocket" player="KOPKHUNKRAP">D3 SA</cards>
<action no="5" player="KOPKHUNKRAP" type="23" sum="380"/>
<action no="6" player="Frizzantino00" type="0" discard="1" dealt="1" sum="0"/>
</round>
</game>
<game gamecode="6522479133"><general><startdate>2025-11-04 01:39:16</startdate>
<round>1</round>
<failsafecounter/>
<players><player seat="6" name="KOPKHUNKRAP" chips="450" dealer="0" win="250" bet="125" muck="0" rebuy="0" addon="0" merge="0" rebuychips="0" reg_code="5070507038"/>
<player seat="10" name="Frizzantino00" chips="1,050" dealer="1" win="0" bet="125" muck="1" rebuy="0" addon="0" merge="0" rebuychips="0" reg_code="5070507276"/>
</players>
</general>
<round no="0"><action no="1" player="Frizzantino00" type="15" discard="1" dealt="1" sum="5"/>
<action no="2" player="KOPKHUNKRAP" type="15" sum="5"/>
<action no="3" player="Frizzantino00" type="1" discard="1" dealt="1" sum="30"/>
<action no="4" player="KOPKHUNKRAP" type="2" sum="60"/>
</round>
<round no="1"><cards type="Pocket" player="Frizzantino00">S7 H5</cards>
<cards type="Pocket" player="KOPKHUNKRAP">S8 S4</cards>
<action no="5" player="Frizzantino00" type="3" discard="1" dealt="1" sum="30"/>
<action no="6" player="KOPKHUNKRAP" type="4" sum="0"/>
</round>
<round no="2"><cards type="Flop">S5 HK D8</cards>
<action no="7" player="KOPKHUNKRAP" type="4" sum="0"/>
<action no="8" player="Frizzantino00" type="4" discard="1" dealt="1" sum="0"/>
</round>
<round no="3"><cards type="Turn">S2</cards>
<action no="9" player="KOPKHUNKRAP" type="5" sum="60"/>
<action no="10" player="Frizzantino00" type="3" discard="1" dealt="1" sum="60"/>
</round>
<round no="4"><cards type="River">H2</cards>
<action no="11" player="KOPKHUNKRAP" type="4" sum="0"/>
<action no="12" player="Frizzantino00" type="4" discard="1" dealt="1" sum="0"/>
</round>
</game>
<game gamecode="6522479228"><general><startdate>2025-11-04 01:39:56</startdate>
<round>1</round>
<failsafecounter/>
<players><player seat="10" name="Frizzantino00" chips="925" dealer="0" win="130" bet="925" muck="1" rebuy="0" addon="0" merge="0" rebuychips="0" reg_code="5070507276"/>
<player seat="6" name="KOPKHUNKRAP" chips="575" dealer="1" win="0" bet="65" muck="1" rebuy="0" addon="0" merge="0" rebuychips="0" reg_code="5070507038"/>
</players>
</general>
<round no="0"><action no="1" player="KOPKHUNKRAP" type="15" sum="5"/>
<action no="2" player="Frizzantino00" type="15" discard="1" dealt="1" sum="5"/>
<action no="3" player="KOPKHUNKRAP" type="1" sum="30"/>
<action no="4" player="Frizzantino00" type="2" discard="1" dealt="1" sum="60"/>
</round>
<round no="1"><cards type="Pocket" player="Frizzantino00">X X</cards>
<cards type="Pocket" player="KOPKHUNKRAP">D4 S5</cards>
<action no="5" player="KOPKHUNKRAP" type="3" sum="30"/>
<action no="6" player="Frizzantino00" type="23" discard="1" dealt="1" sum="920"/>
<action no="7" player="KOPKHUNKRAP" type="0" sum="0"/>
</round>
</game>
<game gamecode="6522479285"><general><startdate>2025-11-04 01:40:18</startdate>
<round>1</round>
<failsafecounter/>
<players><player seat="6" name="KOPKHUNKRAP" chips="510" dealer="0" win="0" bet="65" muck="1" rebuy="0" addon="0" merge="0" rebuychips="0" reg_code="5070507038"/>
<player seat="10" name="Frizzantino00" chips="990" dealer="1" win="130" bet="990" muck="1" rebuy="0" addon="0" merge="0" rebuychips="0" reg_code="5070507276"/>
</players>
</general>
<round no="0"><action no="1" player="Frizzantino00" type="15" discard="1" dealt="1" sum="5"/>
<action no="2" player="KOPKHUNKRAP" type="15" sum="5"/>
<action no="3" player="Frizzantino00" type="1" discard="1" dealt="1" sum="30"/>
<action no="4" player="KOPKHUNKRAP" type="2" sum="60"/>
</round>
<round no="1"><cards type="Pocket" player="Frizzantino00">X X</cards>
<cards type="Pocket" player="KOPKHUNKRAP">C6 S7</cards>
<action no="5" player="Frizzantino00" type="23" discard="1" dealt="1" sum="985"/>
<action no="6" player="KOPKHUNKRAP" type="0" sum="0"/>
</round>
</game>
<game gamecode="6522479309"><general><startdate>2025-11-04 01:40:26</startdate>
<round>1</round>
<failsafecounter/>
<players><player seat="10" name="Frizzantino00" chips="1,055" dealer="0" win="0" bet="65" muck="1" rebuy="0" addon="0" merge="0" rebuychips="0" reg_code="5070507276"/>
<player seat="6" name="KOPKHUNKRAP" chips="445" dealer="1" win="130" bet="445" muck="1" rebuy="0" addon="0" merge="0" rebuychips="0" reg_code="5070507038"/>
</players>
</general>
<round no="0"><action no="1" player="KOPKHUNKRAP" type="15" sum="5"/>
<action no="2" player="Frizzantino00" type="15" discard="1" dealt="1" sum="5"/>
<action no="3" player="KOPKHUNKRAP" type="1" sum="30"/>
<action no="4" player="Frizzantino00" type="2" discard="1" dealt="1" sum="60"/>
</round>
<round no="1"><cards type="Pocket" player="KOPKHUNKRAP">SA H5</cards>
<cards type="Pocket" player="Frizzantino00">X X</cards>
<action no="5" player="KOPKHUNKRAP" type="23" sum="440"/>
<action no="6" player="Frizzantino00" type="0" discard="1" dealt="1" sum="0"/>
</round>
</game>
<game gamecode="6522479343"><general><startdate>2025-11-04 01:40:37</startdate>
<round>1</round>
<failsafecounter/>
<players><player seat="6" name="KOPKHUNKRAP" chips="510" dealer="0" win="0" bet="88" muck="1" rebuy="0" addon="0" merge="0" rebuychips="0" reg_code="5070507038"/>
<player seat="10" name="Frizzantino00" chips="990" dealer="1" win="176" bet="990" muck="1" rebuy="0" addon="0" merge="0" rebuychips="0" reg_code="5070507276"/>
</players>
</general>
<round no="0"><action no="1" player="Frizzantino00" type="15" discard="1" dealt="1" sum="8"/>
<action no="2" player="KOPKHUNKRAP" type="15" sum="8"/>
<action no="3" player="Frizzantino00" type="1" discard="1" dealt="1" sum="40"/>
<action no="4" player="KOPKHUNKRAP" type="2" sum="80"/>
</round>
<round no="1"><cards type="Pocket" player="KOPKHUNKRAP">C2 CQ</cards>
<cards type="Pocket" player="Frizzantino00">X X</cards>
<action no="5" player="Frizzantino00" type="23" discard="1" dealt="1" sum="982"/>
<action no="6" player="KOPKHUNKRAP" type="0" sum="0"/>
</round>
</game>
<game gamecode="6522479385"><general><startdate>2025-11-04 01:40:53</startdate>
<round>1</round>
<failsafecounter/>
<players><player seat="10" name="Frizzantino00" chips="1,078" dealer="0" win="844" bet="422" muck="0" rebuy="0" addon="0" merge="0" rebuychips="0" reg_code="5070507276"/>
<player seat="6" name="KOPKHUNKRAP" chips="422" dealer="1" win="0" bet="422" muck="0" rebuy="0" addon="0" merge="0" rebuychips="0" reg_code="5070507038"/>
</players>
</general>
<round no="0"><action no="1" player="KOPKHUNKRAP" type="15" sum="8"/>
<action no="2" player="Frizzantino00" type="15" discard="1" dealt="1" sum="8"/>
<action no="3" player="KOPKHUNKRAP" type="1" sum="40"/>
<action no="4" player="Frizzantino00" type="2" discard="1" dealt="1" sum="80"/>
</round>
<round no="1"><cards type="Pocket" player="KOPKHUNKRAP">CQ C7</cards>
<cards type="Pocket" player="Frizzantino00">D5 DQ</cards>
<action no="5" player="KOPKHUNKRAP" type="23" sum="414"/>
<action no="6" player="Frizzantino00" type="3" discard="1" dealt="1" sum="334"/>
</round>
<round no="2"><cards type="Flop">SK S6 D10</cards>
</round>
<round no="3"><cards type="Turn">D8</cards>
</round>
<round no="4"><cards type="River">H5</cards>
</round>
</game>
</session>
