<?xml version="1.0" encoding="UTF-8"?>
<session sessioncode="5071537652">
<general>
<client_version>24.7.1.15</client_version>
<mode>real</mode>
<gametype>Holdem NL</gametype>
<tablename>Twister €200 SNG, 821348659</tablename>
<tournamentcode>821348658</tournamentcode>
<tournamentname>Twister €200 SNG</tournamentname>
<buyin>€0 + €12 + €188</buyin>
<totalbuyin>€200</totalbuyin>
<rewarddrawn>€400</rewarddrawn>
<tournamentcurrency>EUR</tournamentcurrency>
<currency>EUR</currency>
<nickname>KOPKHUNKRAP</nickname>
<gamecount>21</gamecount>
<startdate>2025-11-09 02:17:39</startdate>
<place>1</place>
<win>€400</win>
<tablesize>3</tablesize>
</general>
<game gamecode="6526629791"><general><startdate>2025-11-09 02:17:54</startdate>
<round>1</round>
<failsafecounter/>
<players><player seat="3" name="SuBandiduu" chips="500" dealer="0" win="230" bet="200" muck="1" rebuy="0" addon="0" merge="0" rebuychips="0" reg_code="5071536841"/>
<player seat="6" name="OndaBianca1" chips="500" dealer="1" win="0" bet="110" muck="1" rebuy="0" addon="0" merge="0" rebuychips="0" reg_code="5071537203"/>
<player seat="10" name="KOPKHUNKRAP" chips="500" dealer="0" win="0" bet="10" muck="1" rebuy="0" addon="0" merge="0" rebuychips="0" reg_code="5071537652"/>
</players>
</general>
<round no="0"><action no="1" player="KOPKHUNKRAP" type="1" sum="10"/>
<action no="2" player="SuBandiduu" type="2" discard="1" dealt="1" sum="20"/>
</round>
<round no="1"><cards type="Pocket" player="OndaBianca1">X X</cards>
<cards type="Pocket" player="SuBandiduu">X X</cards>
<cards type="Pocket" player="KOPKHUNKRAP">C2 C10</cards>
<action no="3" player="OndaBianca1" type="23" discard="1" dealt="1" sum="40"/>
<action no="4" player="KOPKHUNKRAP" type="0" sum="0"/>
<action no="5" player="SuBandiduu" type="3" discard="1" dealt="1" sum="20"/>
</round>
<round no="2"><cards type="Flop">S2 S7 H4</cards>
<action no="6" player="SuBandiduu" type="4" discard="1" dealt="1" sum="0"/>
<action no="7" player="OndaBianca1" type="5" discard="1" dealt="1" sum="70"/>
<action no="8" player="SuBandiduu" type="23" discard="1" dealt="1" sum="160"/>
<action no="9" player="OndaBianca1" type="0" discard="1" dealt="1" sum="0"/>
</round>
</game>
<game gamecode="6526629825"><general><startdate>2025-11-09 02:18:21</startdate>
<round>1</round>
<failsafecounter/>
<players><player seat="6" name="OndaBianca1" chips="390" dealer="0" win="250" bet="120" muck="0" rebuy="0" addon="0" merge="0" rebuychips="0" reg_code="5071537203"/>
<player seat="10" name="KOPKHUNKRAP" chips="490" dealer="1" win="0" bet="120" muck="1" rebuy="0" addon="0" merge="0" rebuychips="0" reg_code="5071537652"/>
<player seat="3" name="SuBandiduu" chips="620" dealer="0" win="0" bet="10" muck="1" rebuy="0" addon="0" merge="0" rebuychips="0" reg_code="5071536841"/>
</players>
</general>
<round no="0"><action no="1" player="SuBandiduu" type="1" discard="1" dealt="1" sum="10"/>
<action no="2" player="OndaBianca1" type="2" discard="1" dealt="1" sum="20"/>
</round>
<round no="1"><cards type="Pocket" player="OndaBianca1">S7 HK</cards>
<cards type="Pocket" player="SuBandiduu">X X</cards>
<cards type="Pocket" player="KOPKHUNKRAP">S8 S9</cards>
<action no="3" player="KOPKHUNKRAP" type="23" sum="40"/>
<action no="4" player="SuBandiduu" type="0" discard="1" dealt="1" sum="0"/>
<action no="5" player="OndaBianca1" type="3" discard="1" dealt="1" sum="20"/>
</round>
<round no="2"><cards type="Flop">CK C6 D4</cards>
<action no="6" player="OndaBianca1" type="4" discard="1" dealt="1" sum="0"/>
<action no="7" player="KOPKHUNKRAP" type="5" sum="20"/>
<action no="8" player="OndaBianca1" type="3" discard="1" dealt="1" sum="20"/>
</round>
<round no="3"><cards type="Turn">H4</cards>
<action no="9" player="OndaBianca1" type="4" discard="1" dealt="1" sum="0"/>
<action no="10" player="KOPKHUNKRAP" type="5" sum="60"/>
<action no="11" player="OndaBianca1" type="3" discard="1" dealt="1" sum="60"/>
</round>
<round no="4"><cards type="River">C4</cards>
<action no="12" player="OndaBianca1" type="4" discard="1" dealt="1" sum="0"/>
<action no="13" player="KOPKHUNKRAP" type="4" sum="0"/>
</round>
</game>
<game gamecode="6526629881"><general><startdate>2025-11-09 02:18:56</startdate>
<round>1</round>
<failsafecounter/>
<players><player seat="10" name="KOPKHUNKRAP" chips="370" dealer="0" win="0" bet="20" muck="1" rebuy="0" addon="0" merge="0" rebuychips="0" reg_code="5071537652"/>
<player seat="3" name="SuBandiduu" chips="610" dealer="1" win="0" bet="0" muck="1" rebuy="0" addon="0" merge="0" rebuychips="0" reg_code="5071536841"/>
<player seat="6" name="OndaBianca1" chips="520" dealer="0" win="40" bet="40" muck="1" rebuy="0" addon="0" merge="0" rebuychips="0" reg_code="5071537203"/>
</players>
</general>
<round no="0"><action no="1" player="OndaBianca1" type="1" discard="1" dealt="1" sum="10"/>
<action no="2" player="KOPKHUNKRAP" type="2" sum="20"/>
</round>
<round no="1"><cards type="Pocket" player="SuBandiduu">X X</cards>
<cards type="Pocket" player="OndaBianca1">X X</cards>
<cards type="Pocket" player="KOPKHUNKRAP">S6 D8</cards>
<action no="3" player="SuBandiduu" type="0" discard="1" dealt="1" sum="0"/>
<action no="4" player="OndaBianca1" type="3" discard="1" dealt="1" sum="10"/>
<action no="5" player="KOPKHUNKRAP" type="4" sum="0"/>
</round>
<round no="2"><cards type="Flop">S4 DJ CA</cards>
<action no="6" player="OndaBianca1" type="5" discard="1" dealt="1" sum="20"/>
<action no="7" player="KOPKHUNKRAP" type="0" sum="0"/>
</round>
</game>
<game gamecode="6526629903"><general><startdate>2025-11-09 02:19:10</startdate>
<round>1</round>
<failsafecounter/>
<players><player seat="3" name="SuBandiduu" chips="610" dealer="0" win="0" bet="20" muck="1" rebuy="0" addon="0" merge="0" rebuychips="0" reg_code="5071536841"/>
<player seat="6" name="OndaBianca1" chips="540" dealer="1" win="0" bet="0" muck="1" rebuy="0" addon="0" merge="0" rebuychips="0" reg_code="5071537203"/>
<player seat="10" name="KOPKHUNKRAP" chips="350" dealer="0" win="40" bet="40" muck="1" rebuy="0" addon="0" merge="0" rebuychips="0" reg_code="5071537652"/>
</players>
</general>
<round no="0"><action no="1" player="KOPKHUNKRAP" type="1" sum="10"/>
<action no="2" player="SuBandiduu" type="2" discard="1" dealt="1" sum="20"/>
</round>
<round no="1"><cards type="Pocket" player="SuBandiduu">X X</cards>
<cards type="Pocket" player="KOPKHUNKRAP">DQ D6</cards>
<cards type="Pocket" player="OndaBianca1">X X</cards>
<action no="3" player="OndaBianca1" type="0" discard="1" dealt="1" sum="0"/>
<action no="4" player="KOPKHUNKRAP" type="3" sum="10"/>
<action no="5" player="SuBandiduu" type="4" discard="1" dealt="1" sum="0"/>
</round>
<round no="2"><cards type="Flop">CQ SA S5</cards>
<action no="6" player="KOPKHUNKRAP" type="4" sum="0"/>
<action no="7" player="SuBandiduu" type="4" discard="1" dealt="1" sum="0"/>
</round>
<round no="3"><cards type="Turn">CJ</cards>
<action no="8" player="KOPKHUNKRAP" type="5" sum="20"/>
<action no="9" player="SuBandiduu" type="0" discard="1" dealt="1" sum="0"/>
</round>
</game>
<game gamecode="6526629930"><general><startdate>2025-11-09 02:19:30</startdate>
<round>1</round>
<failsafecounter/>
<players><player seat="6" name="OndaBianca1" chips="540" dealer="0" win="20" bet="20" muck="1" rebuy="0" addon="0" merge="0" rebuychips="0" reg_code="5071537203"/>
<player seat="10" name="KOPKHUNKRAP" chips="370" dealer="1" win="0" bet="0" muck="1" rebuy="0" addon="0" merge="0" rebuychips="0" reg_code="5071537652"/>
<player seat="3" name="SuBandiduu" chips="590" dealer="0" win="0" bet="10" muck="1" rebuy="0" addon="0" merge="0" rebuychips="0" reg_code="5071536841"/>
</players>
</general>
<round no="0"><action no="1" player="SuBandiduu" type="1" discard="1" dealt="1" sum="10"/>
<action no="2" player="OndaBianca1" type="2" discard="1" dealt="1" sum="20"/>
</round>
<round no="1"><cards type="Pocket" player="OndaBianca1">X X</cards>
<cards type="Pocket" player="SuBandiduu">X X</cards>
<cards type="Pocket" player="KOPKHUNKRAP">H7 S9</cards>
<action no="3" player="KOPKHUNKRAP" type="0" sum="0"/>
<action no="4" player="SuBandiduu" type="0" discard="1" dealt="1" sum="0"/>
</round>
</game>
<game gamecode="6526629947"><general><startdate>2025-11-09 02:19:38</startdate>
<round>1</round>
<failsafecounter/>
<players><player seat="10" name="KOPKHUNKRAP" chips="370" dealer="0" win="0" bet="35" muck="1" rebuy="0" addon="0" merge="0" rebuychips="0" reg_code="5071537652"/>
<player seat="3" name="SuBandiduu" chips="580" dealer="1" win="90" bet="65" muck="1" rebuy="0" addon="0" merge="0" rebuychips="0" reg_code="5071536841"/>
<player seat="6" name="OndaBianca1" chips="550" dealer="0" win="0" bet="20" muck="1" rebuy="0" addon="0" merge="0" rebuychips="0" reg_code="5071537203"/>
</players>
</general>
<round no="0"><action no="1" player="OndaBianca1" type="15" discard="1" dealt="1" sum="5"/>
<action no="2" player="KOPKHUNKRAP" type="15" sum="5"/>
<action no="3" player="SuBandiduu" type="15" discard="1" dealt="1" sum="5"/>
<action no="4" player="OndaBianca1" type="1" discard="1" dealt="1" sum="15"/>
<action no="5" player="KOPKHUNKRAP" type="2" sum="30"/>
</round>
<round no="1"><cards type="Pocket" player="KOPKHUNKRAP">CK H3</cards>
<cards type="Pocket" player="SuBandiduu">X X</cards>
<cards type="Pocket" player="OndaBianca1">X X</cards>
<action no="6" player="SuBandiduu" type="23" discard="1" dealt="1" sum="60"/>
<action no="7" player="OndaBianca1" type="0" discard="1" dealt="1" sum="0"/>
<action no="8" player="KOPKHUNKRAP" type="0" sum="0"/>
</round>
</game>
<game gamecode="6526629964"><general><startdate>2025-11-09 02:19:48</startdate>
<round>1</round>
<failsafecounter/>
<players><player seat="3" name="SuBandiduu" chips="635" dealer="0" win="0" bet="35" muck="1" rebuy="0" addon="0" merge="0" rebuychips="0" reg_code="5071536841"/>
<player seat="6" name="OndaBianca1" chips="530" dealer="1" win="0" bet="65" muck="1" rebuy="0" addon="0" merge="0" rebuychips="0" reg_code="5071537203"/>
<player seat="10" name="KOPKHUNKRAP" chips="335" dealer="0" win="165" bet="335" muck="1" rebuy="0" addon="0" merge="0" rebuychips="0" reg_code="5071537652"/>
</players>
</general>
<round no="0"><action no="1" player="KOPKHUNKRAP" type="15" sum="5"/>
<action no="2" player="SuBandiduu" type="15" discard="1" dealt="1" sum="5"/>
<action no="3" player="OndaBianca1" type="15" discard="1" dealt="1" sum="5"/>
<action no="4" player="KOPKHUNKRAP" type="1" sum="15"/>
<action no="5" player="SuBandiduu" type="2" discard="1" dealt="1" sum="30"/>
</round>
<round no="1"><cards type="Pocket" player="KOPKHUNKRAP">CQ SK</cards>
<cards type="Pocket" player="SuBandiduu">X X</cards>
<cards type="Pocket" player="OndaBianca1">X X</cards>
<action no="6" player="OndaBianca1" type="23" discard="1" dealt="1" sum="60"/>
<action no="7" player="KOPKHUNKRAP" type="23" sum="330"/>
<action no="8" player="SuBandiduu" type="0" discard="1" dealt="1" sum="0"/>
<action no="9" player="OndaBianca1" type="0" discard="1" dealt="1" sum="0"/>
</round>
</game>
<game gamecode="6526629979"><general><startdate>2025-11-09 02:20:00</startdate>
<round>1</round>
<failsafecounter/>
<players><player seat="6" name="OndaBianca1" chips="465" dealer="0" win="0" bet="72" muck="1" rebuy="0" addon="0" merge="0" rebuychips="0" reg_code="5071537203"/>
<player seat="10" name="KOPKHUNKRAP" chips="435" dealer="1" win="0" bet="5" muck="1" rebuy="0" addon="0" merge="0" rebuychips="0" reg_code="5071537652"/>
<player seat="3" name="SuBandiduu" chips="600" dealer="0" win="149" bet="72" muck="0" rebuy="0" addon="0" merge="0" rebuychips="0" reg_code="5071536841"/>
</players>
</general>
<round no="0"><action no="1" player="SuBandiduu" type="15" discard="1" dealt="1" sum="5"/>
<action no="2" player="OndaBianca1" type="15" discard="1" dealt="1" sum="5"/>
<action no="3" player="KOPKHUNKRAP" type="15" sum="5"/>
<action no="4" player="SuBandiduu" type="1" discard="1" dealt="1" sum="15"/>
<action no="5" player="OndaBianca1" type="2" discard="1" dealt="1" sum="30"/>
</round>
<round no="1"><cards type="Pocket" player="KOPKHUNKRAP">CK D9</cards>
<cards type="Pocket" player="SuBandiduu">C6 C4</cards>
<cards type="Pocket" player="OndaBianca1">S6 S5</cards>
<action no="6" player="KOPKHUNKRAP" type="0" sum="0"/>
<action no="7" player="SuBandiduu" type="3" discard="1" dealt="1" sum="15"/>
<action no="8" player="OndaBianca1" type="4" discard="1" dealt="1" sum="0"/>
</round>
<round no="2"><cards type="Flop">H3 C5 H9</cards>
<action no="9" player="SuBandiduu" type="4" discard="1" dealt="1" sum="0"/>
<action no="10" player="OndaBianca1" type="4" discard="1" dealt="1" sum="0"/>
</round>
<round no="3"><cards type="Turn">S10</cards>
<action no="11" player="SuBandiduu" type="5" discard="1" dealt="1" sum="37"/>
<action no="12" player="OndaBianca1" type="3" discard="1" dealt="1" sum="37"/>
</round>
<round no="4"><cards type="River">H2</cards>
<action no="13" player="SuBandiduu" type="4" discard="1" dealt="1" sum="0"/>
<action no="14" player="OndaBianca1" type="4" discard="1" dealt="1" sum="0"/>
</round>
</game>
<game gamecode="6526630030"><general><startdate>2025-11-09 02:20:30</startdate>
<round>1</round>
<failsafecounter/>
<players><player seat="10" name="KOPKHUNKRAP" chips="430" dealer="0" win="791" bet="393" muck="0" rebuy="0" addon="0" merge="0" rebuychips="0" reg_code="5071537652"/>
<player seat="3" name="SuBandiduu" chips="677" dealer="1" win="0" bet="5" muck="1" rebuy="0" addon="0" merge="0" rebuychips="0" reg_code="5071536841"/>
<player seat="6" name="OndaBianca1" chips="393" dealer="0" win="0" bet="393" muck="0" rebuy="0" addon="0" merge="0" rebuychips="0" reg_code="5071537203"/>
</players>
</general>
<round no="0"><action no="1" player="OndaBianca1" type="15" discard="1" dealt="1" sum="5"/>
<action no="2" player="KOPKHUNKRAP" type="15" sum="5"/>
<action no="3" player="SuBandiduu" type="15" discard="1" dealt="1" sum="5"/>
<action no="4" player="OndaBianca1" type="1" discard="1" dealt="1" sum="15"/>
<action no="5" player="KOPKHUNKRAP" type="2" sum="30"/>
</round>
<round no="1"><cards type="Pocket" player="KOPKHUNKRAP">SQ SK</cards>
<cards type="Pocket" player="SuBandiduu">X X</cards>
<cards type="Pocket" player="OndaBianca1">D7 D6</cards>
<action no="6" player="SuBandiduu" type="0" discard="1" dealt="1" sum="0"/>
<action no="7" player="OndaBianca1" type="23" discard="1" dealt="1" sum="388"/>
<action no="8" player="KOPKHUNKRAP" type="3" sum="358"/>
</round>
<round no="2"><cards type="Flop">S3 C2 D3</cards>
</round>
<round no="3"><cards type="Turn">H3</cards>
</round>
<round no="4"><cards type="River">CQ</cards>
</round>
</game>
<game gamecode="6526630062"><general><startdate>2025-11-09 02:20:48</startdate>
<round>1</round>
<failsafecounter/>
<players><player seat="3" name="SuBandiduu" chips="672" dealer="0" win="0" bet="65" muck="1" rebuy="0" addon="0" merge="0" rebuychips="0" reg_code="5071536841"/>
<player seat="10" name="KOPKHUNKRAP" chips="828" dealer="1" win="130" bet="95" muck="1" rebuy="0" addon="0" merge="0" rebuychips="0" reg_code="5071537652"/>
</players>
</general>
<round no="0"><action no="1" player="KOPKHUNKRAP" type="15" sum="5"/>
<action no="2" player="SuBandiduu" type="15" discard="1" dealt="1" sum="5"/>
<action no="3" player="KOPKHUNKRAP" type="1" sum="15"/>
<action no="4" player="SuBandiduu" type="2" discard="1" dealt="1" sum="30"/>
</round>
<round no="1"><cards type="Pocket" player="KOPKHUNKRAP">HQ S7</cards>
<cards type="Pocket" player="SuBandiduu">X X</cards>
<action no="5" player="KOPKHUNKRAP" type="23" sum="60"/>
<action no="6" player="SuBandiduu" type="3" discard="1" dealt="1" sum="30"/>
</round>
<round no="2"><cards type="Flop">S6 H7 SJ</cards>
<action no="7" player="SuBandiduu" type="4" discard="1" dealt="1" sum="0"/>
<action no="8" player="KOPKHUNKRAP" type="5" sum="30"/>
<action no="9" player="SuBandiduu" type="0" discard="1" dealt="1" sum="0"/>
</round>
</game>
<game gamecode="6526630079"><general><startdate>2025-11-09 02:21:01</startdate>
<round>1</round>
<failsafecounter/>
<players><player seat="10" name="KOPKHUNKRAP" chips="893" dealer="0" win="70" bet="105" muck="1" rebuy="0" addon="0" merge="0" rebuychips="0" reg_code="5071537652"/>
<player seat="3" name="SuBandiduu" chips="607" dealer="1" win="0" bet="35" muck="1" rebuy="0" addon="0" merge="0" rebuychips="0" reg_code="5071536841"/>
</players>
</general>
<round no="0"><action no="1" player="SuBandiduu" type="15" discard="1" dealt="1" sum="5"/>
<action no="2" player="KOPKHUNKRAP" type="15" sum="5"/>
<action no="3" player="SuBandiduu" type="1" discard="1" dealt="1" sum="15"/>
<action no="4" player="KOPKHUNKRAP" type="2" sum="30"/>
</round>
<round no="1"><cards type="Pocket" player="SuBandiduu">X X</cards>
<cards type="Pocket" player="KOPKHUNKRAP">D7 S4</cards>
<action no="5" player="SuBandiduu" type="3" discard="1" dealt="1" sum="15"/>
<action no="6" player="KOPKHUNKRAP" type="4" sum="0"/>
</round>
<round no="2"><cards type="Flop">SJ C6 DQ</cards>
<action no="7" player="KOPKHUNKRAP" type="4" sum="0"/>
<action no="8" player="SuBandiduu" type="4" discard="1" dealt="1" sum="0"/>
</round>
<round no="3"><cards type="Turn">S7</cards>
<action no="9" player="KOPKHUNKRAP" type="4" sum="0"/>
<action no="10" player="SuBandiduu" type="4" discard="1" dealt="1" sum="0"/>
</round>
<round no="4"><cards type="River">H6</cards>
<action no="11" player="KOPKHUNKRAP" type="5" sum="70"/>
<action no="12" player="SuBandiduu" type="0" discard="1" dealt="1" sum="0"/>
</round>
</game>
<game gamecode="6526630128"><general><startdate>2025-11-09 02:21:30</startdate>
<round>1</round>
<failsafecounter/>
<players><player seat="3" name="SuBandiduu" chips="572" dealer="0" win="0" bet="45" muck="1" rebuy="0" addon="0" merge="0" rebuychips="0" reg_code="5071536841"/>
<player seat="10" name="KOPKHUNKRAP" chips="928" dealer="1" win="90" bet="85" muck="1" rebuy="0" addon="0" merge="0" rebuychips="0" reg_code="5071537652"/>
</players>
</general>
<round no="0"><action no="1" player="KOPKHUNKRAP" type="15" sum="5"/>
<action no="2" player="SuBandiduu" type="15" discard="1" dealt="1" sum="5"/>
<action no="3" player="KOPKHUNKRAP" type="1" sum="20"/>
<action no="4" player="SuBandiduu" type="2" discard="1" dealt="1" sum="40"/>
</round>
<round no="1"><cards type="Pocket" player="KOPKHUNKRAP">H10 HA</cards>
<cards type="Pocket" player="SuBandiduu">X X</cards>
<action no="5" player="KOPKHUNKRAP" type="3" sum="20"/>
<action no="6" player="SuBandiduu" type="4" discard="1" dealt="1" sum="0"/>
</round>
<round no="2"><cards type="Flop">C10 D2 D8</cards>
<action no="7" player="SuBandiduu" type="4" discard="1" dealt="1" sum="0"/>
<action no="8" player="KOPKHUNKRAP" type="5" sum="40"/>
<action no="9" player="SuBandiduu" type="0" discard="1" dealt="1" sum="0"/>
</round>
</game>
<game gamecode="6526630151"><general><startdate>2025-11-09 02:21:41</startdate>
<round>1</round>
<failsafecounter/>
<players><player seat="10" name="KOPKHUNKRAP" chips="973" dealer="0" win="50" bet="45" muck="1" rebuy="0" addon="0" merge="0" rebuychips="0" reg_code="5071537652"/>
<player seat="3" name="SuBandiduu" chips="527" dealer="1" win="0" bet="25" muck="1" rebuy="0" addon="0" merge="0" rebuychips="0" reg_code="5071536841"/>
</players>
</general>
<round no="0"><action no="1" player="SuBandiduu" type="15" discard="1" dealt="1" sum="5"/>
<action no="2" player="KOPKHUNKRAP" type="15" sum="5"/>
<action no="3" player="SuBandiduu" type="1" discard="1" dealt="1" sum="20"/>
<action no="4" player="KOPKHUNKRAP" type="2" sum="40"/>
</round>
<round no="1"><cards type="Pocket" player="KOPKHUNKRAP">H3 D5</cards>
<cards type="Pocket" player="SuBandiduu">X X</cards>
<action no="5" player="SuBandiduu" type="0" discard="1" dealt="1" sum="0"/>
</round>
</game>
<game gamecode="6526630157"><general><startdate>2025-11-09 02:21:46</startdate>
<round>1</round>
<failsafecounter/>
<players><player seat="3" name="SuBandiduu" chips="502" dealer="0" win="0" bet="45" muck="1" rebuy="0" addon="0" merge="0" rebuychips="0" reg_code="5071536841"/>
<player seat="10" name="KOPKHUNKRAP" chips="998" dealer="1" win="90" bet="998" muck="1" rebuy="0" addon="0" merge="0" rebuychips="0" reg_code="5071537652"/>
</players>
</general>
<round no="0"><action no="1" player="KOPKHUNKRAP" type="15" sum="5"/>
<action no="2" player="SuBandiduu" type="15" discard="1" dealt="1" sum="5"/>
<action no="3" player="KOPKHUNKRAP" type="1" sum="20"/>
<action no="4" player="SuBandiduu" type="2" discard="1" dealt="1" sum="40"/>
</round>
<round no="1"><cards type="Pocket" player="SuBandiduu">X X</cards>
<cards type="Pocket" player="KOPKHUNKRAP">C4 DA</cards>
<action no="5" player="KOPKHUNKRAP" type="23" sum="993"/>
<action no="6" player="SuBandiduu" type="0" discard="1" dealt="1" sum="0"/>
</round>
</game>
<game gamecode="6526630167"><general><startdate>2025-11-09 02:21:54</startdate>
<round>1</round>
<failsafecounter/>
<players><player seat="10" name="KOPKHUNKRAP" chips="1,043" dealer="0" win="170" bet="205" muck="1" rebuy="0" addon="0" merge="0" rebuychips="0" reg_code="5071537652"/>
<player seat="3" name="SuBandiduu" chips="457" dealer="1" win="0" bet="85" muck="1" rebuy="0" addon="0" merge="0" rebuychips="0" reg_code="5071536841"/>
</players>
</general>
<round no="0"><action no="1" player="SuBandiduu" type="15" discard="1" dealt="1" sum="5"/>
<action no="2" player="KOPKHUNKRAP" type="15" sum="5"/>
<action no="3" player="SuBandiduu" type="1" discard="1" dealt="1" sum="20"/>
<action no="4" player="KOPKHUNKRAP" type="2" sum="40"/>
</round>
<round no="1"><cards type="Pocket" player="SuBandiduu">X X</cards>
<cards type="Pocket" player="KOPKHUNKRAP">S8 HQ</cards>
<action no="5" player="SuBandiduu" type="3" discard="1" dealt="1" sum="20"/>
<action no="6" player="KOPKHUNKRAP" type="4" sum="0"/>
</round>
<round no="2"><cards type="Flop">C7 C8 S7</cards>
<action no="7" player="KOPKHUNKRAP" type="4" sum="0"/>
<action no="8" player="SuBandiduu" type="4" discard="1" dealt="1" sum="0"/>
</round>
<round no="3"><cards type="Turn">D2</cards>
<action no="9" player="KOPKHUNKRAP" type="5" sum="40"/>
<action no="10" player="SuBandiduu" type="3" discard="1" dealt="1" sum="40"/>
</round>
<round no="4"><cards type="River">H2</cards>
<action no="11" player="KOPKHUNKRAP" type="5" sum="120"/>
<action no="12" player="SuBandiduu" type="0" discard="1" dealt="1" sum="0"/>
</round>
</game>
<game gamecode="6526630229"><general><startdate>2025-11-09 02:22:33</startdate>
<round>1</round>
<failsafecounter/>
<players><player seat="3" name="SuBandiduu" chips="372" dealer="0" win="0" bet="45" muck="1" rebuy="0" addon="0" merge="0" rebuychips="0" reg_code="5071536841"/>
<player seat="10" name="KOPKHUNKRAP" chips="1,128" dealer="1" win="90" bet="1,128" muck="1" rebuy="0" addon="0" merge="0" rebuychips="0" reg_code="5071537652"/>
</players>
</general>
<round no="0"><action no="1" player="KOPKHUNKRAP" type="15" sum="5"/>
<action no="2" player="SuBandiduu" type="15" discard="1" dealt="1" sum="5"/>
<action no="3" player="KOPKHUNKRAP" type="1" sum="20"/>
<action no="4" player="SuBandiduu" type="2" discard="1" dealt="1" sum="40"/>
</round>
<round no="1"><cards type="Pocket" player="SuBandiduu">X X</cards>
<cards type="Pocket" player="KOPKHUNKRAP">C5 C8</cards>
<action no="5" player="KOPKHUNKRAP" type="23" sum="1,123"/>
<action no="6" player="SuBandiduu" type="0" discard="1" dealt="1" sum="0"/>
</round>
</game>
<game gamecode="6526630241"><general><startdate>2025-11-09 02:22:40</startdate>
<round>1</round>
<failsafecounter/>
<players><player seat="10" name="KOPKHUNKRAP" chips="1,173" dealer="0" win="90" bet="1,173" muck="1" rebuy="0" addon="0" merge="0" rebuychips="0" reg_code="5071537652"/>
<player seat="3" name="SuBandiduu" chips="327" dealer="1" win="0" bet="45" muck="1" rebuy="0" addon="0" merge="0" rebuychips="0" reg_code="5071536841"/>
</players>
</general>
<round no="0"><action no="1" player="SuBandiduu" type="15" discard="1" dealt="1" sum="5"/>
<action no="2" player="KOPKHUNKRAP" type="15" sum="5"/>
<action no="3" player="SuBandiduu" type="1" discard="1" dealt="1" sum="20"/>
<action no="4" player="KOPKHUNKRAP" type="2" sum="40"/>
</round>
<round no="1"><cards type="Pocket" player="KOPKHUNKRAP">CQ S9</cards>
<cards type="Pocket" player="SuBandiduu">X X</cards>
<action no="5" player="SuBandiduu" type="3" discard="1" dealt="1" sum="20"/>
<action no="6" player="KOPKHUNKRAP" type="23" sum="1,168"/>
<action no="7" player="SuBandiduu" type="0" discard="1" dealt="1" sum="0"/>
</round>
</game>
<game gamecode="6526630260"><general><startdate>2025-11-09 02:22:53</startdate>
<round>1</round>
<failsafecounter/>
<players><player seat="3" name="SuBandiduu" chips="282" dealer="0" win="0" bet="65" muck="1" rebuy="0" addon="0" merge="0" rebuychips="0" reg_code="5071536841"/>
<player seat="10" name="KOPKHUNKRAP" chips="1,218" dealer="1" win="130" bet="1,218" muck="1" rebuy="0" addon="0" merge="0" rebuychips="0" reg_code="5071537652"/>
</players>
</general>
<round no="0"><action no="1" player="KOPKHUNKRAP" type="15" sum="5"/>
<action no="2" player="SuBandiduu" type="15" discard="1" dealt="1" sum="5"/>
<action no="3" player="KOPKHUNKRAP" type="1" sum="30"/>
<action no="4" player="SuBandiduu" type="2" discard="1" dealt="1" sum="60"/>
</round>
<round no="1"><cards type="Pocket" player="KOPKHUNKRAP">D10 DQ</cards>
<cards type="Pocket" player="SuBandiduu">X X</cards>
<action no="5" player="KOPKHUNKRAP" type="23" sum="1,213"/>
<action no="6" player="SuBandiduu" type="0" discard="1" dealt="1" sum="0"/>
</round>
</game>
<game gamecode="6526630275"><general><startdate>2025-11-09 02:23:02</startdate>
<round>1</round>
<failsafecounter/>
<players><player seat="10" name="KOPKHUNKRAP" chips="1,283" dealer="0" win="0" bet="65" muck="1" rebuy="0" addon="0" merge="0" rebuychips="0" reg_code="5071537652"/>
<player seat="3" name="SuBandiduu" chips="217" dealer="1" win="130" bet="217" muck="1" rebuy="0" addon="0" merge="0" rebuychips="0" reg_code="5071536841"/>
</players>
</general>
<round no="0"><action no="1" player="SuBandiduu" type="15" discard="1" dealt="1" sum="5"/>
<action no="2" player="KOPKHUNKRAP" type="15" sum="5"/>
<action no="3" player="SuBandiduu" type="1" discard="1" dealt="1" sum="30"/>
<action no="4" player="KOPKHUNKRAP" type="2" sum="60"/>
</round>
<round no="1"><cards type="Pocket" player="SuBandiduu">X X</cards>
<cards type="Pocket" player="KOPKHUNKRAP">C8 H4</cards>
<action no="5" player="SuBandiduu" type="23" discard="1" dealt="1" sum="212"/>
<action no="6" player="KOPKHUNKRAP" type="0" sum="0"/>
</round>
</game>
<game gamecode="6526630288"><general><startdate>2025-11-09 02:23:15</startdate>
<round>1</round>
<failsafecounter/>
<players><player seat="3" name="SuBandiduu" chips="282" dealer="0" win="70" bet="65" muck="1" rebuy="0" addon="0" merge="0" rebuychips="0" reg_code="5071536841"/>
<player seat="10" name="KOPKHUNKRAP" chips="1,218" dealer="1" win="0" bet="35" muck="1" rebuy="0" addon="0" merge="0" rebuychips="0" reg_code="5071537652"/>
</players>
</general>
<round no="0"><action no="1" player="KOPKHUNKRAP" type="15" sum="5"/>
<action no="2" player="SuBandiduu" type="15" discard="1" dealt="1" sum="5"/>
<action no="3" player="KOPKHUNKRAP" type="1" sum="30"/>
<action no="4" player="SuBandiduu" type="2" discard="1" dealt="1" sum="60"/>
</round>
<round no="1"><cards type="Pocket" player="SuBandiduu">X X</cards>
<cards type="Pocket" player="KOPKHUNKRAP">C3 H10</cards>
<action no="5" player="KOPKHUNKRAP" type="0" sum="0"/>
</round>
</game>
<game gamecode="6526630298"><general><startdate>2025-11-09 02:23:20</startdate>
<round>1</round>
<failsafecounter/>
<players><player seat="10" name="KOPKHUNKRAP" chips="1,183" dealer="0" win="634" bet="317" muck="0" rebuy="0" addon="0" merge="0" rebuychips="0" reg_code="5071537652"/>
<player seat="3" name="SuBandiduu" chips="317" dealer="1" win="0" bet="317" muck="0" rebuy="0" addon="0" merge="0" rebuychips="0" reg_code="5071536841"/>
</players>
</general>
<round no="0"><action no="1" player="SuBandiduu" type="15" discard="1" dealt="1" sum="5"/>
<action no="2" player="KOPKHUNKRAP" type="15" sum="5"/>
<action no="3" player="SuBandiduu" type="1" discard="1" dealt="1" sum="30"/>
<action no="4" player="KOPKHUNKRAP" type="2" sum="60"/>
</round>
<round no="1"><cards type="Pocket" player="SuBandiduu">C5 C3</cards>
<cards type="Pocket" player="KOPKHUNKRAP">S3 CK</cards>
<action no="5" player="SuBandiduu" type="23" discard="1" dealt="1" sum="312"/>
<action no="6" player="KOPKHUNKRAP" type="3" sum="252"/>
</round>
<round no="2"><cards type="Flop">C9 HA S8</cards>
</round>
<round no="3"><cards type="Turn">S6</cards>
</round>
<round no="4"><cards type="River">C2</cards>
</round>
</game>
</session>
