<?xml version="1.0" encoding="UTF-8"?>
<session sessioncode="5071977034">
<general>
<client_version>24.7.1.15</client_version>
<mode>real</mode>
<gametype>Holdem NL</gametype>
<tablename>Twister €200 SNG, 821479891</tablename>
<tournamentcode>821479890</tournamentcode>
<tournamentname>Twister €200 SNG</tournamentname>
<buyin>€0 + €12 + €188</buyin>
<totalbuyin>€200</totalbuyin>
<rewarddrawn>€600</rewarddrawn>
<tournamentcurrency>EUR</tournamentcurrency>
<currency>EUR</currency>
<nickname>KOPKHUNKRAP</nickname>
<gamecount>20</gamecount>
<startdate>2025-11-11 01:35:01</startdate>
<place>3</place>
<win>€0</win>
<tablesize>3</tablesize>
</general>
<game gamecode="6528410945"><general><startdate>2025-11-11 01:35:16</startdate>
<round>1</round>
<failsafecounter/>
<players><player seat="3" name="SuBandiduu" chips="500" dealer="0" win="0" bet="20" muck="1" rebuy="0" addon="0" merge="0" rebuychips="0" reg_code="5071976716"/>
<player seat="6" name="saretta134" chips="500" dealer="1" win="50" bet="60" muck="1" rebuy="0" addon="0" merge="0" rebuychips="0" reg_code="5071977005"/>
<player seat="10" name="KOPKHUNKRAP" chips="500" dealer="0" win="0" bet="10" muck="1" rebuy="0" addon="0" merge="0" rebuychips="0" reg_code="5071977034"/>
</players>
</general>
<round no="0"><action no="1" player="KOPKHUNKRAP" type="1" sum="10"/>
<action no="2" player="SuBandiduu" type="2" discard="1" dealt="1" sum="20"/>
</round>
<round no="1"><cards type="Pocket" player="saretta134">X X</cards>
<cards type="Pocket" player="SuBandiduu">X X</cards>
<cards type="Pocket" player="KOPKHUNKRAP">H5 HK</cards>
<action no="3" player="saretta134" type="23" discard="1" dealt="1" sum="60"/>
<action no="4" player="KOPKHUNKRAP" type="0" sum="0"/>
<action no="5" player="SuBandiduu" type="0" discard="1" dealt="1" sum="0"/>
</round>
</game>
<game gamecode="6528410962"><general><startdate>2025-11-11 01:35:29</startdate>
<round>1</round>
<failsafecounter/>
<players><player seat="6" name="saretta134" chips="530" dealer="0" win="0" bet="211" muck="0" rebuy="0" addon="0" merge="0" rebuychips="0" reg_code="5071977005"/>
<player seat="10" name="KOPKHUNKRAP" chips="490" dealer="1" win="432" bet="211" muck="0" rebuy="0" addon="0" merge="0" rebuychips="0" reg_code="5071977034"/>
<player seat="3" name="SuBandiduu" chips="480" dealer="0" win="0" bet="10" muck="1" rebuy="0" addon="0" merge="0" rebuychips="0" reg_code="5071976716"/>
</players>
</general>
<round no="0"><action no="1" player="SuBandiduu" type="1" discard="1" dealt="1" sum="10"/>
<action no="2" player="saretta134" type="2" discard="1" dealt="1" sum="20"/>
</round>
<round no="1"><cards type="Pocket" player="KOPKHUNKRAP">SJ SA</cards>
<cards type="Pocket" player="saretta134">DJ D6</cards>
<cards type="Pocket" player="SuBandiduu">X X</cards>
<action no="3" player="KOPKHUNKRAP" type="23" sum="40"/>
<action no="4" player="SuBandiduu" type="0" discard="1" dealt="1" sum="0"/>
<action no="5" player="saretta134" type="3" discard="1" dealt="1" sum="20"/>
</round>
<round no="2"><cards type="Flop">H8 C7 C10</cards>
<action no="6" player="saretta134" type="4" discard="1" dealt="1" sum="0"/>
<action no="7" player="KOPKHUNKRAP" type="4" sum="0"/>
</round>
<round no="3"><cards type="Turn">S7</cards>
<action no="8" player="saretta134" type="5" discard="1" dealt="1" sum="45"/>
<action no="9" player="KOPKHUNKRAP" type="3" sum="45"/>
</round>
<round no="4"><cards type="River">C4</cards>
<action no="10" player="saretta134" type="5" discard="1" dealt="1" sum="126"/>
<action no="11" player="KOPKHUNKRAP" type="3" sum="126"/>
</round>
</game>
<game gamecode="6528411017"><general><startdate>2025-11-11 01:36:03</startdate>
<round>1</round>
<failsafecounter/>
<players><player seat="10" name="KOPKHUNKRAP" chips="711" dealer="0" win="0" bet="20" muck="1" rebuy="0" addon="0" merge="0" rebuychips="0" reg_code="5071977034"/>
<player seat="3" name="SuBandiduu" chips="470" dealer="1" win="0" bet="0" muck="1" rebuy="0" addon="0" merge="0" rebuychips="0" reg_code="5071976716"/>
<player seat="6" name="saretta134" chips="319" dealer="0" win="40" bet="60" muck="1" rebuy="0" addon="0" merge="0" rebuychips="0" reg_code="5071977005"/>
</players>
</general>
<round no="0"><action no="1" player="saretta134" type="1" discard="1" dealt="1" sum="10"/>
<action no="2" player="KOPKHUNKRAP" type="2" sum="20"/>
</round>
<round no="1"><cards type="Pocket" player="saretta134">X X</cards>
<cards type="Pocket" player="KOPKHUNKRAP">DK H3</cards>
<cards type="Pocket" player="SuBandiduu">X X</cards>
<action no="3" player="SuBandiduu" type="0" discard="1" dealt="1" sum="0"/>
<action no="4" player="saretta134" type="23" discard="1" dealt="1" sum="60"/>
<action no="5" player="KOPKHUNKRAP" type="0" sum="0"/>
</round>
</game>
<game gamecode="6528411046"><general><startdate>2025-11-11 01:36:21</startdate>
<round>1</round>
<failsafecounter/>
<players><player seat="3" name="SuBandiduu" chips="470" dealer="0" win="170" bet="470" muck="1" rebuy="0" addon="0" merge="0" rebuychips="0" reg_code="5071976716"/>
<player seat="6" name="saretta134" chips="339" dealer="1" win="0" bet="80" muck="1" rebuy="0" addon="0" merge="0" rebuychips="0" reg_code="5071977005"/>
<player seat="10" name="KOPKHUNKRAP" chips="691" dealer="0" win="0" bet="10" muck="1" rebuy="0" addon="0" merge="0" rebuychips="0" reg_code="5071977034"/>
</players>
</general>
<round no="0"><action no="1" player="KOPKHUNKRAP" type="1" sum="10"/>
<action no="2" player="SuBandiduu" type="2" discard="1" dealt="1" sum="20"/>
</round>
<round no="1"><cards type="Pocket" player="SuBandiduu">X X</cards>
<cards type="Pocket" player="saretta134">X X</cards>
<cards type="Pocket" player="KOPKHUNKRAP">H8 C5</cards>
<action no="3" player="saretta134" type="23" discard="1" dealt="1" sum="80"/>
<action no="4" player="KOPKHUNKRAP" type="0" sum="0"/>
<action no="5" player="SuBandiduu" type="23" discard="1" dealt="1" sum="470"/>
<action no="6" player="saretta134" type="0" discard="1" dealt="1" sum="0"/>
</round>
</game>
<game gamecode="6528411070"><general><startdate>2025-11-11 01:36:36</startdate>
<round>1</round>
<failsafecounter/>
<players><player seat="6" name="saretta134" chips="259" dealer="0" win="0" bet="20" muck="1" rebuy="0" addon="0" merge="0" rebuychips="0" reg_code="5071977005"/>
<player seat="10" name="KOPKHUNKRAP" chips="681" dealer="1" win="0" bet="0" muck="1" rebuy="0" addon="0" merge="0" rebuychips="0" reg_code="5071977034"/>
<player seat="3" name="SuBandiduu" chips="560" dealer="0" win="40" bet="560" muck="1" rebuy="0" addon="0" merge="0" rebuychips="0" reg_code="5071976716"/>
</players>
</general>
<round no="0"><action no="1" player="SuBandiduu" type="1" discard="1" dealt="1" sum="10"/>
<action no="2" player="saretta134" type="2" discard="1" dealt="1" sum="20"/>
</round>
<round no="1"><cards type="Pocket" player="saretta134">X X</cards>
<cards type="Pocket" player="KOPKHUNKRAP">DQ H6</cards>
<cards type="Pocket" player="SuBandiduu">X X</cards>
<action no="3" player="KOPKHUNKRAP" type="0" sum="0"/>
<action no="4" player="SuBandiduu" type="23" discard="1" dealt="1" sum="560"/>
<action no="5" player="saretta134" type="0" discard="1" dealt="1" sum="0"/>
</round>
</game>
<game gamecode="6528411088"><general><startdate>2025-11-11 01:36:45</startdate>
<round>1</round>
<failsafecounter/>
<players><player seat="10" name="KOPKHUNKRAP" chips="681" dealer="0" win="0" bet="20" muck="1" rebuy="0" addon="0" merge="0" rebuychips="0" reg_code="5071977034"/>
<player seat="3" name="SuBandiduu" chips="580" dealer="1" win="0" bet="0" muck="1" rebuy="0" addon="0" merge="0" rebuychips="0" reg_code="5071976716"/>
<player seat="6" name="saretta134" chips="239" dealer="0" win="40" bet="80" muck="1" rebuy="0" addon="0" merge="0" rebuychips="0" reg_code="5071977005"/>
</players>
</general>
<round no="0"><action no="1" player="saretta134" type="1" discard="1" dealt="1" sum="10"/>
<action no="2" player="KOPKHUNKRAP" type="2" sum="20"/>
</round>
<round no="1"><cards type="Pocket" player="saretta134">X X</cards>
<cards type="Pocket" player="SuBandiduu">X X</cards>
<cards type="Pocket" player="KOPKHUNKRAP">DQ S2</cards>
<action no="3" player="SuBandiduu" type="0" discard="1" dealt="1" sum="0"/>
<action no="4" player="saretta134" type="23" discard="1" dealt="1" sum="80"/>
<action no="5" player="KOPKHUNKRAP" type="0" sum="0"/>
</round>
</game>
<game gamecode="6528411106"><general><startdate>2025-11-11 01:36:57</startdate>
<round>1</round>
<failsafecounter/>
<players><player seat="3" name="SuBandiduu" chips="580" dealer="0" win="0" bet="35" muck="1" rebuy="0" addon="0" merge="0" rebuychips="0" reg_code="5071976716"/>
<player seat="6" name="saretta134" chips="259" dealer="1" win="90" bet="125" muck="1" rebuy="0" addon="0" merge="0" rebuychips="0" reg_code="5071977005"/>
<player seat="10" name="KOPKHUNKRAP" chips="661" dealer="0" win="0" bet="20" muck="1" rebuy="0" addon="0" merge="0" rebuychips="0" reg_code="5071977034"/>
</players>
</general>
<round no="0"><action no="1" player="KOPKHUNKRAP" type="15" sum="5"/>
<action no="2" player="SuBandiduu" type="15" discard="1" dealt="1" sum="5"/>
<action no="3" player="saretta134" type="15" discard="1" dealt="1" sum="5"/>
<action no="4" player="KOPKHUNKRAP" type="1" sum="15"/>
<action no="5" player="SuBandiduu" type="2" discard="1" dealt="1" sum="30"/>
</round>
<round no="1"><cards type="Pocket" player="SuBandiduu">X X</cards>
<cards type="Pocket" player="KOPKHUNKRAP">C10 C6</cards>
<cards type="Pocket" player="saretta134">X X</cards>
<action no="6" player="saretta134" type="23" discard="1" dealt="1" sum="120"/>
<action no="7" player="KOPKHUNKRAP" type="0" sum="0"/>
<action no="8" player="SuBandiduu" type="0" discard="1" dealt="1" sum="0"/>
</round>
</game>
<game gamecode="6528411131"><general><startdate>2025-11-11 01:37:09</startdate>
<round>1</round>
<failsafecounter/>
<players><player seat="6" name="saretta134" chips="314" dealer="0" win="45" bet="35" muck="1" rebuy="0" addon="0" merge="0" rebuychips="0" reg_code="5071977005"/>
<player seat="10" name="KOPKHUNKRAP" chips="641" dealer="1" win="0" bet="5" muck="1" rebuy="0" addon="0" merge="0" rebuychips="0" reg_code="5071977034"/>
<player seat="3" name="SuBandiduu" chips="545" dealer="0" win="0" bet="20" muck="1" rebuy="0" addon="0" merge="0" rebuychips="0" reg_code="5071976716"/>
</players>
</general>
<round no="0"><action no="1" player="SuBandiduu" type="15" discard="1" dealt="1" sum="5"/>
<action no="2" player="saretta134" type="15" discard="1" dealt="1" sum="5"/>
<action no="3" player="KOPKHUNKRAP" type="15" sum="5"/>
<action no="4" player="SuBandiduu" type="1" discard="1" dealt="1" sum="15"/>
<action no="5" player="saretta134" type="2" discard="1" dealt="1" sum="30"/>
</round>
<round no="1"><cards type="Pocket" player="KOPKHUNKRAP">DJ H6</cards>
<cards type="Pocket" player="saretta134">X X</cards>
<cards type="Pocket" player="SuBandiduu">X X</cards>
<action no="6" player="KOPKHUNKRAP" type="0" sum="0"/>
<action no="7" player="SuBandiduu" type="0" discard="1" dealt="1" sum="0"/>
</round>
</game>
<game gamecode="6528411149"><general><startdate>2025-11-11 01:37:19</startdate>
<round>1</round>
<failsafecounter/>
<players><player seat="10" name="KOPKHUNKRAP" chips="636" dealer="0" win="0" bet="35" muck="1" rebuy="0" addon="0" merge="0" rebuychips="0" reg_code="5071977034"/>
<player seat="3" name="SuBandiduu" chips="525" dealer="1" win="0" bet="5" muck="1" rebuy="0" addon="0" merge="0" rebuychips="0" reg_code="5071976716"/>
<player seat="6" name="saretta134" chips="339" dealer="0" win="75" bet="339" muck="1" rebuy="0" addon="0" merge="0" rebuychips="0" reg_code="5071977005"/>
</players>
</general>
<round no="0"><action no="1" player="saretta134" type="15" discard="1" dealt="1" sum="5"/>
<action no="2" player="KOPKHUNKRAP" type="15" sum="5"/>
<action no="3" player="SuBandiduu" type="15" discard="1" dealt="1" sum="5"/>
<action no="4" player="saretta134" type="1" discard="1" dealt="1" sum="15"/>
<action no="5" player="KOPKHUNKRAP" type="2" sum="30"/>
</round>
<round no="1"><cards type="Pocket" player="saretta134">X X</cards>
<cards type="Pocket" player="KOPKHUNKRAP">D5 S9</cards>
<cards type="Pocket" player="SuBandiduu">X X</cards>
<action no="6" player="SuBandiduu" type="0" discard="1" dealt="1" sum="0"/>
<action no="7" player="saretta134" type="23" discard="1" dealt="1" sum="334"/>
<action no="8" player="KOPKHUNKRAP" type="0" sum="0"/>
</round>
</game>
<game gamecode="6528415714"><general><startdate>2025-11-11 01:37:36</startdate>
<round>1</round>
<failsafecounter/>
<players><player seat="3" name="SuBandiduu" chips="520" dealer="0" win="0" bet="35" muck="1" rebuy="0" addon="0" merge="0" rebuychips="0" reg_code="5071976716"/>
<player seat="6" name="saretta134" chips="379" dealer="1" win="90" bet="125" muck="1" rebuy="0" addon="0" merge="0" rebuychips="0" reg_code="5071977005"/>
<player seat="10" name="KOPKHUNKRAP" chips="601" dealer="0" win="0" bet="20" muck="1" rebuy="0" addon="0" merge="0" rebuychips="0" reg_code="5071977034"/>
</players>
</general>
<round no="0"><action no="1" player="KOPKHUNKRAP" type="15" sum="5"/>
<action no="2" player="SuBandiduu" type="15" discard="1" dealt="1" sum="5"/>
<action no="3" player="saretta134" type="15" discard="1" dealt="1" sum="5"/>
<action no="4" player="KOPKHUNKRAP" type="1" sum="15"/>
<action no="5" player="SuBandiduu" type="2" discard="1" dealt="1" sum="30"/>
</round>
<round no="1"><cards type="Pocket" player="saretta134">X X</cards>
<cards type="Pocket" player="SuBandiduu">X X</cards>
<cards type="Pocket" player="KOPKHUNKRAP">SJ C6</cards>
<action no="6" player="saretta134" type="23" discard="1" dealt="1" sum="120"/>
<action no="7" player="KOPKHUNKRAP" type="0" sum="0"/>
<action no="8" player="SuBandiduu" type="0" discard="1" dealt="1" sum="0"/>
</round>
</game>
<game gamecode="6528415733"><general><startdate>2025-11-11 01:37:47</startdate>
<round>1</round>
<failsafecounter/>
<players><player seat="6" name="saretta134" chips="434" dealer="0" win="0" bet="35" muck="1" rebuy="0" addon="0" merge="0" rebuychips="0" reg_code="5071977005"/>
<player seat="10" name="KOPKHUNKRAP" chips="581" dealer="1" win="0" bet="5" muck="1" rebuy="0" addon="0" merge="0" rebuychips="0" reg_code="5071977034"/>
<player seat="3" name="SuBandiduu" chips="485" dealer="0" win="75" bet="485" muck="1" rebuy="0" addon="0" merge="0" rebuychips="0" reg_code="5071976716"/>
</players>
</general>
<round no="0"><action no="1" player="SuBandiduu" type="15" discard="1" dealt="1" sum="5"/>
<action no="2" player="saretta134" type="15" discard="1" dealt="1" sum="5"/>
<action no="3" player="KOPKHUNKRAP" type="15" sum="5"/>
<action no="4" player="SuBandiduu" type="1" discard="1" dealt="1" sum="15"/>
<action no="5" player="saretta134" type="2" discard="1" dealt="1" sum="30"/>
</round>
<round no="1"><cards type="Pocket" player="KOPKHUNKRAP">DJ H8</cards>
<cards type="Pocket" player="SuBandiduu">X X</cards>
<cards type="Pocket" player="saretta134">X X</cards>
<action no="6" player="KOPKHUNKRAP" type="0" sum="0"/>
<action no="7" player="SuBandiduu" type="23" discard="1" dealt="1" sum="480"/>
<action no="8" player="saretta134" type="0" discard="1" dealt="1" sum="0"/>
</round>
</game>
<game gamecode="6528415748"><general><startdate>2025-11-11 01:37:55</startdate>
<round>1</round>
<failsafecounter/>
<players><player seat="10" name="KOPKHUNKRAP" chips="576" dealer="0" win="75" bet="35" muck="0" rebuy="0" addon="0" merge="0" rebuychips="0" reg_code="5071977034"/>
<player seat="3" name="SuBandiduu" chips="525" dealer="1" win="0" bet="5" muck="1" rebuy="0" addon="0" merge="0" rebuychips="0" reg_code="5071976716"/>
<player seat="6" name="saretta134" chips="399" dealer="0" win="0" bet="35" muck="1" rebuy="0" addon="0" merge="0" rebuychips="0" reg_code="5071977005"/>
</players>
</general>
<round no="0"><action no="1" player="saretta134" type="15" discard="1" dealt="1" sum="5"/>
<action no="2" player="KOPKHUNKRAP" type="15" sum="5"/>
<action no="3" player="SuBandiduu" type="15" discard="1" dealt="1" sum="5"/>
<action no="4" player="saretta134" type="1" discard="1" dealt="1" sum="15"/>
<action no="5" player="KOPKHUNKRAP" type="2" sum="30"/>
</round>
<round no="1"><cards type="Pocket" player="saretta134">H7 C8</cards>
<cards type="Pocket" player="KOPKHUNKRAP">H4 DK</cards>
<cards type="Pocket" player="SuBandiduu">X X</cards>
<action no="6" player="SuBandiduu" type="0" discard="1" dealt="1" sum="0"/>
<action no="7" player="saretta134" type="3" discard="1" dealt="1" sum="15"/>
<action no="8" player="KOPKHUNKRAP" type="4" sum="0"/>
</round>
<round no="2"><cards type="Flop">CA S2 S9</cards>
<action no="9" player="saretta134" type="4" discard="1" dealt="1" sum="0"/>
<action no="10" player="KOPKHUNKRAP" type="4" sum="0"/>
</round>
<round no="3"><cards type="Turn">C5</cards>
<action no="11" player="saretta134" type="4" discard="1" dealt="1" sum="0"/>
<action no="12" player="KOPKHUNKRAP" type="4" sum="0"/>
</round>
<round no="4"><cards type="River">H10</cards>
<action no="13" player="saretta134" type="4" discard="1" dealt="1" sum="0"/>
<action no="14" player="KOPKHUNKRAP" type="4" sum="0"/>
</round>
</game>
<game gamecode="6528415786"><general><startdate>2025-11-11 01:38:16</startdate>
<round>1</round>
<failsafecounter/>
<players><player seat="3" name="SuBandiduu" chips="520" dealer="0" win="0" bet="35" muck="1" rebuy="0" addon="0" merge="0" rebuychips="0" reg_code="5071976716"/>
<player seat="6" name="saretta134" chips="364" dealer="1" win="90" bet="125" muck="1" rebuy="0" addon="0" merge="0" rebuychips="0" reg_code="5071977005"/>
<player seat="10" name="KOPKHUNKRAP" chips="616" dealer="0" win="0" bet="20" muck="1" rebuy="0" addon="0" merge="0" rebuychips="0" reg_code="5071977034"/>
</players>
</general>
<round no="0"><action no="1" player="KOPKHUNKRAP" type="15" sum="5"/>
<action no="2" player="SuBandiduu" type="15" discard="1" dealt="1" sum="5"/>
<action no="3" player="saretta134" type="15" discard="1" dealt="1" sum="5"/>
<action no="4" player="KOPKHUNKRAP" type="1" sum="15"/>
<action no="5" player="SuBandiduu" type="2" discard="1" dealt="1" sum="30"/>
</round>
<round no="1"><cards type="Pocket" player="saretta134">X X</cards>
<cards type="Pocket" player="SuBandiduu">X X</cards>
<cards type="Pocket" player="KOPKHUNKRAP">CK D2</cards>
<action no="6" player="saretta134" type="23" discard="1" dealt="1" sum="120"/>
<action no="7" player="KOPKHUNKRAP" type="0" sum="0"/>
<action no="8" player="SuBandiduu" type="0" discard="1" dealt="1" sum="0"/>
</round>
</game>
<game gamecode="6528415820"><general><startdate>2025-11-11 01:38:33</startdate>
<round>1</round>
<failsafecounter/>
<players><player seat="6" name="saretta134" chips="419" dealer="0" win="45" bet="35" muck="1" rebuy="0" addon="0" merge="0" rebuychips="0" reg_code="5071977005"/>
<player seat="10" name="KOPKHUNKRAP" chips="596" dealer="1" win="0" bet="5" muck="1" rebuy="0" addon="0" merge="0" rebuychips="0" reg_code="5071977034"/>
<player seat="3" name="SuBandiduu" chips="485" dealer="0" win="0" bet="20" muck="1" rebuy="0" addon="0" merge="0" rebuychips="0" reg_code="5071976716"/>
</players>
</general>
<round no="0"><action no="1" player="SuBandiduu" type="15" discard="1" dealt="1" sum="5"/>
<action no="2" player="saretta134" type="15" discard="1" dealt="1" sum="5"/>
<action no="3" player="KOPKHUNKRAP" type="15" sum="5"/>
<action no="4" player="SuBandiduu" type="1" discard="1" dealt="1" sum="15"/>
<action no="5" player="saretta134" type="2" discard="1" dealt="1" sum="30"/>
</round>
<round no="1"><cards type="Pocket" player="SuBandiduu">X X</cards>
<cards type="Pocket" player="saretta134">X X</cards>
<cards type="Pocket" player="KOPKHUNKRAP">S10 C9</cards>
<action no="6" player="KOPKHUNKRAP" type="0" sum="0"/>
<action no="7" player="SuBandiduu" type="0" discard="1" dealt="1" sum="0"/>
</round>
</game>
<game gamecode="6528415836"><general><startdate>2025-11-11 01:38:43</startdate>
<round>1</round>
<failsafecounter/>
<players><player seat="10" name="KOPKHUNKRAP" chips="591" dealer="0" win="0" bet="45" muck="1" rebuy="0" addon="0" merge="0" rebuychips="0" reg_code="5071977034"/>
<player seat="3" name="SuBandiduu" chips="465" dealer="1" win="0" bet="5" muck="1" rebuy="0" addon="0" merge="0" rebuychips="0" reg_code="5071976716"/>
<player seat="6" name="saretta134" chips="444" dealer="0" win="95" bet="165" muck="1" rebuy="0" addon="0" merge="0" rebuychips="0" reg_code="5071977005"/>
</players>
</general>
<round no="0"><action no="1" player="saretta134" type="15" discard="1" dealt="1" sum="5"/>
<action no="2" player="KOPKHUNKRAP" type="15" sum="5"/>
<action no="3" player="SuBandiduu" type="15" discard="1" dealt="1" sum="5"/>
<action no="4" player="saretta134" type="1" discard="1" dealt="1" sum="20"/>
<action no="5" player="KOPKHUNKRAP" type="2" sum="40"/>
</round>
<round no="1"><cards type="Pocket" player="saretta134">X X</cards>
<cards type="Pocket" player="KOPKHUNKRAP">C3 S6</cards>
<cards type="Pocket" player="SuBandiduu">X X</cards>
<action no="6" player="SuBandiduu" type="0" discard="1" dealt="1" sum="0"/>
<action no="7" player="saretta134" type="23" discard="1" dealt="1" sum="160"/>
<action no="8" player="KOPKHUNKRAP" type="0" sum="0"/>
</round>
</game>
<game gamecode="6528415861"><general><startdate>2025-11-11 01:38:57</startdate>
<round>1</round>
<failsafecounter/>
<players><player seat="3" name="SuBandiduu" chips="460" dealer="0" win="0" bet="45" muck="1" rebuy="0" addon="0" merge="0" rebuychips="0" reg_code="5071976716"/>
<player seat="6" name="saretta134" chips="494" dealer="1" win="0" bet="5" muck="1" rebuy="0" addon="0" merge="0" rebuychips="0" reg_code="5071977005"/>
<player seat="10" name="KOPKHUNKRAP" chips="546" dealer="0" win="95" bet="85" muck="1" rebuy="0" addon="0" merge="0" rebuychips="0" reg_code="5071977034"/>
</players>
</general>
<round no="0"><action no="1" player="KOPKHUNKRAP" type="15" sum="5"/>
<action no="2" player="SuBandiduu" type="15" discard="1" dealt="1" sum="5"/>
<action no="3" player="saretta134" type="15" discard="1" dealt="1" sum="5"/>
<action no="4" player="KOPKHUNKRAP" type="1" sum="20"/>
<action no="5" player="SuBandiduu" type="2" discard="1" dealt="1" sum="40"/>
</round>
<round no="1"><cards type="Pocket" player="saretta134">X X</cards>
<cards type="Pocket" player="KOPKHUNKRAP">C8 DJ</cards>
<cards type="Pocket" player="SuBandiduu">X X</cards>
<action no="6" player="saretta134" type="0" discard="1" dealt="1" sum="0"/>
<action no="7" player="KOPKHUNKRAP" type="3" sum="20"/>
<action no="8" player="SuBandiduu" type="4" discard="1" dealt="1" sum="0"/>
</round>
<round no="2"><cards type="Flop">S4 SQ D10</cards>
<action no="9" player="KOPKHUNKRAP" type="5" sum="40"/>
<action no="10" player="SuBandiduu" type="0" discard="1" dealt="1" sum="0"/>
</round>
</game>
<game gamecode="6528415887"><general><startdate>2025-11-11 01:39:11</startdate>
<round>1</round>
<failsafecounter/>
<players><player seat="6" name="saretta134" chips="489" dealer="0" win="0" bet="45" muck="1" rebuy="0" addon="0" merge="0" rebuychips="0" reg_code="5071977005"/>
<player seat="10" name="KOPKHUNKRAP" chips="596" dealer="1" win="0" bet="596" muck="0" rebuy="0" addon="0" merge="0" rebuychips="0" reg_code="5071977034"/>
<player seat="3" name="SuBandiduu" chips="415" dealer="0" win="875" bet="415" muck="0" rebuy="0" addon="0" merge="0" rebuychips="0" reg_code="5071976716"/>
</players>
</general>
<round no="0"><action no="1" player="SuBandiduu" type="15" discard="1" dealt="1" sum="5"/>
<action no="2" player="saretta134" type="15" discard="1" dealt="1" sum="5"/>
<action no="3" player="KOPKHUNKRAP" type="15" sum="5"/>
<action no="4" player="SuBandiduu" type="1" discard="1" dealt="1" sum="20"/>
<action no="5" player="saretta134" type="2" discard="1" dealt="1" sum="40"/>
</round>
<round no="1"><cards type="Pocket" player="saretta134">X X</cards>
<cards type="Pocket" player="SuBandiduu">CJ DK</cards>
<cards type="Pocket" player="KOPKHUNKRAP">SK D10</cards>
<action no="6" player="KOPKHUNKRAP" type="23" sum="591"/>
<action no="7" player="SuBandiduu" type="7" discard="1" dealt="1" sum="390"/>
<action no="8" player="saretta134" type="0" discard="1" dealt="1" sum="0"/>
</round>
<round no="2"><cards type="Flop">H4 D9 S2</cards>
</round>
<round no="3"><cards type="Turn">C2</cards>
</round>
<round no="4"><cards type="River">D7</cards>
</round>
</game>
<game gamecode="6528415920"><general><startdate>2025-11-11 01:39:29</startdate>
<round>1</round>
<failsafecounter/>
<players><player seat="10" name="KOPKHUNKRAP" chips="181" dealer="0" win="0" bet="45" muck="1" rebuy="0" addon="0" merge="0" rebuychips="0" reg_code="5071977034"/>
<player seat="3" name="SuBandiduu" chips="875" dealer="1" win="115" bet="875" muck="1" rebuy="0" addon="0" merge="0" rebuychips="0" reg_code="5071976716"/>
<player seat="6" name="saretta134" chips="444" dealer="0" win="0" bet="25" muck="1" rebuy="0" addon="0" merge="0" rebuychips="0" reg_code="5071977005"/>
</players>
</general>
<round no="0"><action no="1" player="saretta134" type="15" discard="1" dealt="1" sum="5"/>
<action no="2" player="KOPKHUNKRAP" type="15" sum="5"/>
<action no="3" player="SuBandiduu" type="15" discard="1" dealt="1" sum="5"/>
<action no="4" player="saretta134" type="1" discard="1" dealt="1" sum="20"/>
<action no="5" player="KOPKHUNKRAP" type="2" sum="40"/>
</round>
<round no="1"><cards type="Pocket" player="saretta134">X X</cards>
<cards type="Pocket" player="KOPKHUNKRAP">H2 C6</cards>
<cards type="Pocket" player="SuBandiduu">X X</cards>
<action no="6" player="SuBandiduu" type="23" discard="1" dealt="1" sum="870"/>
<action no="7" player="saretta134" type="0" discard="1" dealt="1" sum="0"/>
<action no="8" player="KOPKHUNKRAP" type="0" sum="0"/>
</round>
</game>
<game gamecode="6528415936"><general><startdate>2025-11-11 01:39:37</startdate>
<round>1</round>
<failsafecounter/>
<players><player seat="3" name="SuBandiduu" chips="945" dealer="0" win="0" bet="45" muck="1" rebuy="0" addon="0" merge="0" rebuychips="0" reg_code="5071976716"/>
<player seat="6" name="saretta134" chips="419" dealer="1" win="115" bet="125" muck="1" rebuy="0" addon="0" merge="0" rebuychips="0" reg_code="5071977005"/>
<player seat="10" name="KOPKHUNKRAP" chips="136" dealer="0" win="0" bet="25" muck="1" rebuy="0" addon="0" merge="0" rebuychips="0" reg_code="5071977034"/>
</players>
</general>
<round no="0"><action no="1" player="KOPKHUNKRAP" type="15" sum="5"/>
<action no="2" player="SuBandiduu" type="15" discard="1" dealt="1" sum="5"/>
<action no="3" player="saretta134" type="15" discard="1" dealt="1" sum="5"/>
<action no="4" player="KOPKHUNKRAP" type="1" sum="20"/>
<action no="5" player="SuBandiduu" type="2" discard="1" dealt="1" sum="40"/>
</round>
<round no="1"><cards type="Pocket" player="saretta134">X X</cards>
<cards type="Pocket" player="KOPKHUNKRAP">S8 D5</cards>
<cards type="Pocket" player="SuBandiduu">X X</cards>
<action no="6" player="saretta134" type="23" discard="1" dealt="1" sum="120"/>
<action no="7" player="KOPKHUNKRAP" type="0" sum="0"/>
<action no="8" player="SuBandiduu" type="0" discard="1" dealt="1" sum="0"/>
</round>
</game>
<game gamecode="6528415963"><general><startdate>2025-11-11 01:39:52</startdate>
<round>1</round>
<failsafecounter/>
<players><player seat="6" name="saretta134" chips="489" dealer="0" win="247" bet="111" muck="0" rebuy="0" addon="0" merge="0" rebuychips="0" reg_code="5071977005"/>
<player seat="10" name="KOPKHUNKRAP" chips="111" dealer="1" win="0" bet="111" muck="0" rebuy="0" addon="0" merge="0" rebuychips="0" reg_code="5071977034"/>
<player seat="3" name="SuBandiduu" chips="900" dealer="0" win="0" bet="25" muck="1" rebuy="0" addon="0" merge="0" rebuychips="0" reg_code="5071976716"/>
</players>
</general>
<round no="0"><action no="1" player="SuBandiduu" type="15" discard="1" dealt="1" sum="5"/>
<action no="2" player="saretta134" type="15" discard="1" dealt="1" sum="5"/>
<action no="3" player="KOPKHUNKRAP" type="15" sum="5"/>
<action no="4" player="SuBandiduu" type="1" discard="1" dealt="1" sum="20"/>
<action no="5" player="saretta134" type="2" discard="1" dealt="1" sum="40"/>
</round>
<round no="1"><cards type="Pocket" player="saretta134">D10 SJ</cards>
<cards type="Pocket" player="SuBandiduu">X X</cards>
<cards type="Pocket" player="KOPKHUNKRAP">H5 HK</cards>
<action no="6" player="KOPKHUNKRAP" type="23" sum="106"/>
<action no="7" player="SuBandiduu" type="0" discard="1" dealt="1" sum="0"/>
<action no="8" player="saretta134" type="3" discard="1" dealt="1" sum="66"/>
</round>
<round no="2"><cards type="Flop">HJ H3 C9</cards>
</round>
<round no="3"><cards type="Turn">D8</cards>
</round>
<round no="4"><cards type="River">S7</cards>
</round>
</game>
</session>
