<?xml version="1.0" encoding="UTF-8"?>
<session sessioncode="5071644577">
<general>
<client_version>24.7.1.15</client_version>
<mode>real</mode>
<gametype>Holdem NL</gametype>
<tablename>Twister €100 SNG, 821381109</tablename>
<tournamentcode>821381108</tournamentcode>
<tournamentname>Twister €100 SNG</tournamentname>
<buyin>€0 + €7 + €93</buyin>
<totalbuyin>€100</totalbuyin>
<rewarddrawn>€400</rewarddrawn>
<tournamentcurrency>EUR</tournamentcurrency>
<currency>EUR</currency>
<nickname>KOPKHUNKRAP</nickname>
<gamecount>37</gamecount>
<startdate>2025-11-09 17:42:22</startdate>
<place>2</place>
<win>€0</win>
<tablesize>3</tablesize>
</general>
<game gamecode="6527096453"><general><startdate>2025-11-09 17:42:38</startdate>
<round>1</round>
<failsafecounter/>
<players><player seat="10" name="KOPKHUNKRAP" chips="500" dealer="0" win="0" bet="60" muck="1" rebuy="0" addon="0" merge="0" rebuychips="0" reg_code="5071644577"/>
<player seat="3" name="InFondoAlMar" chips="500" dealer="1" win="0" bet="0" muck="1" rebuy="0" addon="0" merge="0" rebuychips="0" reg_code="5071643130"/>
<player seat="6" name="Minnazza90" chips="500" dealer="0" win="120" bet="120" muck="1" rebuy="0" addon="0" merge="0" rebuychips="0" reg_code="5071643992"/>
</players>
</general>
<round no="0"><action no="1" player="Minnazza90" type="1" discard="1" dealt="1" sum="10"/>
<action no="2" player="KOPKHUNKRAP" type="2" sum="20"/>
</round>
<round no="1"><cards type="Pocket" player="Minnazza90">X X</cards>
<cards type="Pocket" player="KOPKHUNKRAP">D8 HA</cards>
<cards type="Pocket" player="InFondoAlMar">X X</cards>
<action no="3" player="InFondoAlMar" type="0" discard="1" dealt="1" sum="0"/>
<action no="4" player="Minnazza90" type="23" discard="1" dealt="1" sum="60"/>
<action no="5" player="KOPKHUNKRAP" type="3" sum="40"/>
</round>
<round no="2"><cards type="Flop">S9 SK HJ</cards>
<action no="6" player="Minnazza90" type="5" discard="1" dealt="1" sum="60"/>
<action no="7" player="KOPKHUNKRAP" type="0" sum="0"/>
</round>
</game>
<game gamecode="6527096497"><general><startdate>2025-11-09 17:42:53</startdate>
<round>1</round>
<failsafecounter/>
<players><player seat="3" name="InFondoAlMar" chips="500" dealer="0" win="0" bet="20" muck="1" rebuy="0" addon="0" merge="0" rebuychips="0" reg_code="5071643130"/>
<player seat="6" name="Minnazza90" chips="560" dealer="1" win="0" bet="0" muck="1" rebuy="0" addon="0" merge="0" rebuychips="0" reg_code="5071643992"/>
<player seat="10" name="KOPKHUNKRAP" chips="440" dealer="0" win="40" bet="50" muck="1" rebuy="0" addon="0" merge="0" rebuychips="0" reg_code="5071644577"/>
</players>
</general>
<round no="0"><action no="1" player="KOPKHUNKRAP" type="1" sum="10"/>
<action no="2" player="InFondoAlMar" type="2" discard="1" dealt="1" sum="20"/>
</round>
<round no="1"><cards type="Pocket" player="KOPKHUNKRAP">D10 CK</cards>
<cards type="Pocket" player="InFondoAlMar">X X</cards>
<cards type="Pocket" player="Minnazza90">X X</cards>
<action no="3" player="Minnazza90" type="0" discard="1" dealt="1" sum="0"/>
<action no="4" player="KOPKHUNKRAP" type="23" sum="50"/>
<action no="5" player="InFondoAlMar" type="0" discard="1" dealt="1" sum="0"/>
</round>
</game>
<game gamecode="6527096525"><general><startdate>2025-11-09 17:43:07</startdate>
<round>1</round>
<failsafecounter/>
<players><player seat="6" name="Minnazza90" chips="560" dealer="0" win="20" bet="20" muck="1" rebuy="0" addon="0" merge="0" rebuychips="0" reg_code="5071643992"/>
<player seat="10" name="KOPKHUNKRAP" chips="460" dealer="1" win="0" bet="0" muck="1" rebuy="0" addon="0" merge="0" rebuychips="0" reg_code="5071644577"/>
<player seat="3" name="InFondoAlMar" chips="480" dealer="0" win="0" bet="10" muck="1" rebuy="0" addon="0" merge="0" rebuychips="0" reg_code="5071643130"/>
</players>
</general>
<round no="0"><action no="1" player="InFondoAlMar" type="1" discard="1" dealt="1" sum="10"/>
<action no="2" player="Minnazza90" type="2" discard="1" dealt="1" sum="20"/>
</round>
<round no="1"><cards type="Pocket" player="Minnazza90">X X</cards>
<cards type="Pocket" player="InFondoAlMar">X X</cards>
<cards type="Pocket" player="KOPKHUNKRAP">H10 S3</cards>
<action no="3" player="KOPKHUNKRAP" type="0" sum="0"/>
<action no="4" player="InFondoAlMar" type="0" discard="1" dealt="1" sum="0"/>
</round>
</game>
<game gamecode="6527096553"><general><startdate>2025-11-09 17:43:17</startdate>
<round>1</round>
<failsafecounter/>
<players><player seat="10" name="KOPKHUNKRAP" chips="460" dealer="0" win="0" bet="20" muck="1" rebuy="0" addon="0" merge="0" rebuychips="0" reg_code="5071644577"/>
<player seat="3" name="InFondoAlMar" chips="470" dealer="1" win="0" bet="0" muck="1" rebuy="0" addon="0" merge="0" rebuychips="0" reg_code="5071643130"/>
<player seat="6" name="Minnazza90" chips="570" dealer="0" win="40" bet="60" muck="1" rebuy="0" addon="0" merge="0" rebuychips="0" reg_code="5071643992"/>
</players>
</general>
<round no="0"><action no="1" player="Minnazza90" type="1" discard="1" dealt="1" sum="10"/>
<action no="2" player="KOPKHUNKRAP" type="2" sum="20"/>
</round>
<round no="1"><cards type="Pocket" player="KOPKHUNKRAP">HJ D9</cards>
<cards type="Pocket" player="Minnazza90">X X</cards>
<cards type="Pocket" player="InFondoAlMar">X X</cards>
<action no="3" player="InFondoAlMar" type="0" discard="1" dealt="1" sum="0"/>
<action no="4" player="Minnazza90" type="3" discard="1" dealt="1" sum="10"/>
<action no="5" player="KOPKHUNKRAP" type="4" sum="0"/>
</round>
<round no="2"><cards type="Flop">S7 C8 HQ</cards>
<action no="6" player="Minnazza90" type="5" discard="1" dealt="1" sum="40"/>
<action no="7" player="KOPKHUNKRAP" type="0" sum="0"/>
</round>
</game>
<game gamecode="6527096600"><general><startdate>2025-11-09 17:43:38</startdate>
<round>1</round>
<failsafecounter/>
<players><player seat="3" name="InFondoAlMar" chips="470" dealer="0" win="0" bet="20" muck="1" rebuy="0" addon="0" merge="0" rebuychips="0" reg_code="5071643130"/>
<player seat="6" name="Minnazza90" chips="590" dealer="1" win="60" bet="100" muck="1" rebuy="0" addon="0" merge="0" rebuychips="0" reg_code="5071643992"/>
<player seat="10" name="KOPKHUNKRAP" chips="440" dealer="0" win="0" bet="20" muck="1" rebuy="0" addon="0" merge="0" rebuychips="0" reg_code="5071644577"/>
</players>
</general>
<round no="0"><action no="1" player="KOPKHUNKRAP" type="1" sum="10"/>
<action no="2" player="InFondoAlMar" type="2" discard="1" dealt="1" sum="20"/>
</round>
<round no="1"><cards type="Pocket" player="KOPKHUNKRAP">D6 SA</cards>
<cards type="Pocket" player="InFondoAlMar">X X</cards>
<cards type="Pocket" player="Minnazza90">X X</cards>
<action no="3" player="Minnazza90" type="3" discard="1" dealt="1" sum="20"/>
<action no="4" player="KOPKHUNKRAP" type="3" sum="10"/>
<action no="5" player="InFondoAlMar" type="4" discard="1" dealt="1" sum="0"/>
</round>
<round no="2"><cards type="Flop">H6 S2 S8</cards>
<action no="6" player="KOPKHUNKRAP" type="4" sum="0"/>
<action no="7" player="InFondoAlMar" type="4" discard="1" dealt="1" sum="0"/>
<action no="8" player="Minnazza90" type="5" discard="1" dealt="1" sum="80"/>
<action no="9" player="KOPKHUNKRAP" type="0" sum="0"/>
<action no="10" player="InFondoAlMar" type="0" discard="1" dealt="1" sum="0"/>
</round>
</game>
<game gamecode="6527096648"><general><startdate>2025-11-09 17:44:00</startdate>
<round>1</round>
<failsafecounter/>
<players><player seat="6" name="Minnazza90" chips="630" dealer="0" win="40" bet="60" muck="1" rebuy="0" addon="0" merge="0" rebuychips="0" reg_code="5071643992"/>
<player seat="10" name="KOPKHUNKRAP" chips="420" dealer="1" win="0" bet="0" muck="1" rebuy="0" addon="0" merge="0" rebuychips="0" reg_code="5071644577"/>
<player seat="3" name="InFondoAlMar" chips="450" dealer="0" win="0" bet="20" muck="1" rebuy="0" addon="0" merge="0" rebuychips="0" reg_code="5071643130"/>
</players>
</general>
<round no="0"><action no="1" player="InFondoAlMar" type="1" discard="1" dealt="1" sum="10"/>
<action no="2" player="Minnazza90" type="2" discard="1" dealt="1" sum="20"/>
</round>
<round no="1"><cards type="Pocket" player="InFondoAlMar">X X</cards>
<cards type="Pocket" player="KOPKHUNKRAP">H7 S2</cards>
<cards type="Pocket" player="Minnazza90">X X</cards>
<action no="3" player="KOPKHUNKRAP" type="0" sum="0"/>
<action no="4" player="InFondoAlMar" type="3" discard="1" dealt="1" sum="10"/>
<action no="5" player="Minnazza90" type="23" discard="1" dealt="1" sum="60"/>
<action no="6" player="InFondoAlMar" type="0" discard="1" dealt="1" sum="0"/>
</round>
</game>
<game gamecode="6527096684"><general><startdate>2025-11-09 17:44:15</startdate>
<round>1</round>
<failsafecounter/>
<players><player seat="10" name="KOPKHUNKRAP" chips="420" dealer="0" win="0" bet="20" muck="1" rebuy="0" addon="0" merge="0" rebuychips="0" reg_code="5071644577"/>
<player seat="3" name="InFondoAlMar" chips="430" dealer="1" win="0" bet="0" muck="1" rebuy="0" addon="0" merge="0" rebuychips="0" reg_code="5071643130"/>
<player seat="6" name="Minnazza90" chips="650" dealer="0" win="40" bet="20" muck="0" rebuy="0" addon="0" merge="0" rebuychips="0" reg_code="5071643992"/>
</players>
</general>
<round no="0"><action no="1" player="Minnazza90" type="1" discard="1" dealt="1" sum="10"/>
<action no="2" player="KOPKHUNKRAP" type="2" sum="20"/>
</round>
<round no="1"><cards type="Pocket" player="InFondoAlMar">X X</cards>
<cards type="Pocket" player="KOPKHUNKRAP">H9 D6</cards>
<cards type="Pocket" player="Minnazza90">CQ S7</cards>
<action no="3" player="InFondoAlMar" type="0" discard="1" dealt="1" sum="0"/>
<action no="4" player="Minnazza90" type="3" discard="1" dealt="1" sum="10"/>
<action no="5" player="KOPKHUNKRAP" type="4" sum="0"/>
</round>
<round no="2"><cards type="Flop">D5 DJ S8</cards>
<action no="6" player="Minnazza90" type="4" discard="1" dealt="1" sum="0"/>
<action no="7" player="KOPKHUNKRAP" type="4" sum="0"/>
</round>
<round no="3"><cards type="Turn">D2</cards>
<action no="8" player="Minnazza90" type="4" discard="1" dealt="1" sum="0"/>
<action no="9" player="KOPKHUNKRAP" type="4" sum="0"/>
</round>
<round no="4"><cards type="River">H8</cards>
<action no="10" player="Minnazza90" type="4" discard="1" dealt="1" sum="0"/>
<action no="11" player="KOPKHUNKRAP" type="4" sum="0"/>
</round>
</game>
<game gamecode="6527096734"><general><startdate>2025-11-09 17:44:36</startdate>
<round>1</round>
<failsafecounter/>
<players><player seat="3" name="InFondoAlMar" chips="430" dealer="0" win="0" bet="20" muck="1" rebuy="0" addon="0" merge="0" rebuychips="0" reg_code="5071643130"/>
<player seat="6" name="Minnazza90" chips="670" dealer="1" win="0" bet="0" muck="1" rebuy="0" addon="0" merge="0" rebuychips="0" reg_code="5071643992"/>
<player seat="10" name="KOPKHUNKRAP" chips="400" dealer="0" win="40" bet="40" muck="1" rebuy="0" addon="0" merge="0" rebuychips="0" reg_code="5071644577"/>
</players>
</general>
<round no="0"><action no="1" player="KOPKHUNKRAP" type="1" sum="10"/>
<action no="2" player="InFondoAlMar" type="2" discard="1" dealt="1" sum="20"/>
</round>
<round no="1"><cards type="Pocket" player="InFondoAlMar">X X</cards>
<cards type="Pocket" player="Minnazza90">X X</cards>
<cards type="Pocket" player="KOPKHUNKRAP">D6 DJ</cards>
<action no="3" player="Minnazza90" type="0" discard="1" dealt="1" sum="0"/>
<action no="4" player="KOPKHUNKRAP" type="3" sum="10"/>
<action no="5" player="InFondoAlMar" type="4" discard="1" dealt="1" sum="0"/>
</round>
<round no="2"><cards type="Flop">CQ H9 DQ</cards>
<action no="6" player="KOPKHUNKRAP" type="5" sum="20"/>
<action no="7" player="InFondoAlMar" type="0" discard="1" dealt="1" sum="0"/>
</round>
</game>
<game gamecode="6527096784"><general><startdate>2025-11-09 17:44:57</startdate>
<round>1</round>
<failsafecounter/>
<players><player seat="6" name="Minnazza90" chips="670" dealer="0" win="45" bet="35" muck="1" rebuy="0" addon="0" merge="0" rebuychips="0" reg_code="5071643992"/>
<player seat="10" name="KOPKHUNKRAP" chips="420" dealer="1" win="0" bet="5" muck="1" rebuy="0" addon="0" merge="0" rebuychips="0" reg_code="5071644577"/>
<player seat="3" name="InFondoAlMar" chips="410" dealer="0" win="0" bet="20" muck="1" rebuy="0" addon="0" merge="0" rebuychips="0" reg_code="5071643130"/>
</players>
</general>
<round no="0"><action no="1" player="InFondoAlMar" type="15" discard="1" dealt="1" sum="5"/>
<action no="2" player="Minnazza90" type="15" discard="1" dealt="1" sum="5"/>
<action no="3" player="KOPKHUNKRAP" type="15" sum="5"/>
<action no="4" player="InFondoAlMar" type="1" discard="1" dealt="1" sum="15"/>
<action no="5" player="Minnazza90" type="2" discard="1" dealt="1" sum="30"/>
</round>
<round no="1"><cards type="Pocket" player="InFondoAlMar">X X</cards>
<cards type="Pocket" player="Minnazza90">X X</cards>
<cards type="Pocket" player="KOPKHUNKRAP">DQ C2</cards>
<action no="6" player="KOPKHUNKRAP" type="0" sum="0"/>
<action no="7" player="InFondoAlMar" type="0" discard="1" dealt="1" sum="0"/>
</round>
</game>
<game gamecode="6527096803"><general><startdate>2025-11-09 17:45:05</startdate>
<round>1</round>
<failsafecounter/>
<players><player seat="10" name="KOPKHUNKRAP" chips="415" dealer="0" win="0" bet="35" muck="1" rebuy="0" addon="0" merge="0" rebuychips="0" reg_code="5071644577"/>
<player seat="3" name="InFondoAlMar" chips="390" dealer="1" win="285" bet="125" muck="0" rebuy="0" addon="0" merge="0" rebuychips="0" reg_code="5071643130"/>
<player seat="6" name="Minnazza90" chips="695" dealer="0" win="0" bet="125" muck="1" rebuy="0" addon="0" merge="0" rebuychips="0" reg_code="5071643992"/>
</players>
</general>
<round no="0"><action no="1" player="Minnazza90" type="15" discard="1" dealt="1" sum="5"/>
<action no="2" player="KOPKHUNKRAP" type="15" sum="5"/>
<action no="3" player="InFondoAlMar" type="15" discard="1" dealt="1" sum="5"/>
<action no="4" player="Minnazza90" type="1" discard="1" dealt="1" sum="15"/>
<action no="5" player="KOPKHUNKRAP" type="2" sum="30"/>
</round>
<round no="1"><cards type="Pocket" player="Minnazza90">D7 D6</cards>
<cards type="Pocket" player="InFondoAlMar">HK SK</cards>
<cards type="Pocket" player="KOPKHUNKRAP">H2 C4</cards>
<action no="6" player="InFondoAlMar" type="23" discard="1" dealt="1" sum="60"/>
<action no="7" player="Minnazza90" type="3" discard="1" dealt="1" sum="45"/>
<action no="8" player="KOPKHUNKRAP" type="0" sum="0"/>
</round>
<round no="2"><cards type="Flop">H5 CA SQ</cards>
<action no="9" player="Minnazza90" type="4" discard="1" dealt="1" sum="0"/>
<action no="10" player="InFondoAlMar" type="4" discard="1" dealt="1" sum="0"/>
</round>
<round no="3"><cards type="Turn">S4</cards>
<action no="11" player="Minnazza90" type="5" discard="1" dealt="1" sum="60"/>
<action no="12" player="InFondoAlMar" type="3" discard="1" dealt="1" sum="60"/>
</round>
<round no="4"><cards type="River">C10</cards>
<action no="13" player="Minnazza90" type="4" discard="1" dealt="1" sum="0"/>
<action no="14" player="InFondoAlMar" type="4" discard="1" dealt="1" sum="0"/>
</round>
</game>
<game gamecode="6527096886"><general><startdate>2025-11-09 17:45:40</startdate>
<round>1</round>
<failsafecounter/>
<players><player seat="3" name="InFondoAlMar" chips="550" dealer="0" win="0" bet="80" muck="1" rebuy="0" addon="0" merge="0" rebuychips="0" reg_code="5071643130"/>
<player seat="6" name="Minnazza90" chips="570" dealer="1" win="180" bet="155" muck="1" rebuy="0" addon="0" merge="0" rebuychips="0" reg_code="5071643992"/>
<player seat="10" name="KOPKHUNKRAP" chips="380" dealer="0" win="0" bet="20" muck="1" rebuy="0" addon="0" merge="0" rebuychips="0" reg_code="5071644577"/>
</players>
</general>
<round no="0"><action no="1" player="KOPKHUNKRAP" type="15" sum="5"/>
<action no="2" player="InFondoAlMar" type="15" discard="1" dealt="1" sum="5"/>
<action no="3" player="Minnazza90" type="15" discard="1" dealt="1" sum="5"/>
<action no="4" player="KOPKHUNKRAP" type="1" sum="15"/>
<action no="5" player="InFondoAlMar" type="2" discard="1" dealt="1" sum="30"/>
</round>
<round no="1"><cards type="Pocket" player="Minnazza90">X X</cards>
<cards type="Pocket" player="InFondoAlMar">X X</cards>
<cards type="Pocket" player="KOPKHUNKRAP">C6 H3</cards>
<action no="6" player="Minnazza90" type="3" discard="1" dealt="1" sum="30"/>
<action no="7" player="KOPKHUNKRAP" type="0" sum="0"/>
<action no="8" player="InFondoAlMar" type="4" discard="1" dealt="1" sum="0"/>
</round>
<round no="2"><cards type="Flop">C7 C4 D5</cards>
<action no="9" player="InFondoAlMar" type="4" discard="1" dealt="1" sum="0"/>
<action no="10" player="Minnazza90" type="4" discard="1" dealt="1" sum="0"/>
</round>
<round no="3"><cards type="Turn">D9</cards>
<action no="11" player="InFondoAlMar" type="5" discard="1" dealt="1" sum="45"/>
<action no="12" player="Minnazza90" type="23" discard="1" dealt="1" sum="120"/>
<action no="13" player="InFondoAlMar" type="0" discard="1" dealt="1" sum="0"/>
</round>
</game>
<game gamecode="6527096940"><general><startdate>2025-11-09 17:46:01</startdate>
<round>1</round>
<failsafecounter/>
<players><player seat="6" name="Minnazza90" chips="670" dealer="0" win="45" bet="35" muck="1" rebuy="0" addon="0" merge="0" rebuychips="0" reg_code="5071643992"/>
<player seat="10" name="KOPKHUNKRAP" chips="360" dealer="1" win="0" bet="5" muck="1" rebuy="0" addon="0" merge="0" rebuychips="0" reg_code="5071644577"/>
<player seat="3" name="InFondoAlMar" chips="470" dealer="0" win="0" bet="20" muck="1" rebuy="0" addon="0" merge="0" rebuychips="0" reg_code="5071643130"/>
</players>
</general>
<round no="0"><action no="1" player="InFondoAlMar" type="15" discard="1" dealt="1" sum="5"/>
<action no="2" player="Minnazza90" type="15" discard="1" dealt="1" sum="5"/>
<action no="3" player="KOPKHUNKRAP" type="15" sum="5"/>
<action no="4" player="InFondoAlMar" type="1" discard="1" dealt="1" sum="15"/>
<action no="5" player="Minnazza90" type="2" discard="1" dealt="1" sum="30"/>
</round>
<round no="1"><cards type="Pocket" player="InFondoAlMar">X X</cards>
<cards type="Pocket" player="KOPKHUNKRAP">CQ C5</cards>
<cards type="Pocket" player="Minnazza90">X X</cards>
<action no="6" player="KOPKHUNKRAP" type="0" sum="0"/>
<action no="7" player="InFondoAlMar" type="0" discard="1" dealt="1" sum="0"/>
</round>
</game>
<game gamecode="6527096965"><general><startdate>2025-11-09 17:46:09</startdate>
<round>1</round>
<failsafecounter/>
<players><player seat="10" name="KOPKHUNKRAP" chips="355" dealer="0" win="0" bet="35" muck="1" rebuy="0" addon="0" merge="0" rebuychips="0" reg_code="5071644577"/>
<player seat="3" name="InFondoAlMar" chips="450" dealer="1" win="90" bet="450" muck="1" rebuy="0" addon="0" merge="0" rebuychips="0" reg_code="5071643130"/>
<player seat="6" name="Minnazza90" chips="695" dealer="0" win="0" bet="20" muck="1" rebuy="0" addon="0" merge="0" rebuychips="0" reg_code="5071643992"/>
</players>
</general>
<round no="0"><action no="1" player="Minnazza90" type="15" discard="1" dealt="1" sum="5"/>
<action no="2" player="KOPKHUNKRAP" type="15" sum="5"/>
<action no="3" player="InFondoAlMar" type="15" discard="1" dealt="1" sum="5"/>
<action no="4" player="Minnazza90" type="1" discard="1" dealt="1" sum="15"/>
<action no="5" player="KOPKHUNKRAP" type="2" sum="30"/>
</round>
<round no="1"><cards type="Pocket" player="Minnazza90">X X</cards>
<cards type="Pocket" player="InFondoAlMar">X X</cards>
<cards type="Pocket" player="KOPKHUNKRAP">H7 S10</cards>
<action no="6" player="InFondoAlMar" type="23" discard="1" dealt="1" sum="445"/>
<action no="7" player="Minnazza90" type="0" discard="1" dealt="1" sum="0"/>
<action no="8" player="KOPKHUNKRAP" type="0" sum="0"/>
</round>
</game>
<game gamecode="6527097000"><general><startdate>2025-11-09 17:46:21</startdate>
<round>1</round>
<failsafecounter/>
<players><player seat="3" name="InFondoAlMar" chips="505" dealer="0" win="0" bet="35" muck="1" rebuy="0" addon="0" merge="0" rebuychips="0" reg_code="5071643130"/>
<player seat="6" name="Minnazza90" chips="675" dealer="1" win="0" bet="5" muck="1" rebuy="0" addon="0" merge="0" rebuychips="0" reg_code="5071643992"/>
<player seat="10" name="KOPKHUNKRAP" chips="320" dealer="0" win="75" bet="320" muck="1" rebuy="0" addon="0" merge="0" rebuychips="0" reg_code="5071644577"/>
</players>
</general>
<round no="0"><action no="1" player="KOPKHUNKRAP" type="15" sum="5"/>
<action no="2" player="InFondoAlMar" type="15" discard="1" dealt="1" sum="5"/>
<action no="3" player="Minnazza90" type="15" discard="1" dealt="1" sum="5"/>
<action no="4" player="KOPKHUNKRAP" type="1" sum="15"/>
<action no="5" player="InFondoAlMar" type="2" discard="1" dealt="1" sum="30"/>
</round>
<round no="1"><cards type="Pocket" player="KOPKHUNKRAP">CA C5</cards>
<cards type="Pocket" player="InFondoAlMar">X X</cards>
<cards type="Pocket" player="Minnazza90">X X</cards>
<action no="6" player="Minnazza90" type="0" discard="1" dealt="1" sum="0"/>
<action no="7" player="KOPKHUNKRAP" type="23" sum="315"/>
<action no="8" player="InFondoAlMar" type="0" discard="1" dealt="1" sum="0"/>
</round>
</game>
<game gamecode="6527097043"><general><startdate>2025-11-09 17:46:37</startdate>
<round>1</round>
<failsafecounter/>
<players><player seat="6" name="Minnazza90" chips="670" dealer="0" win="472" bet="470" muck="0" rebuy="0" addon="0" merge="0" rebuychips="0" reg_code="5071643992"/>
<player seat="10" name="KOPKHUNKRAP" chips="360" dealer="1" win="0" bet="5" muck="1" rebuy="0" addon="0" merge="0" rebuychips="0" reg_code="5071644577"/>
<player seat="3" name="InFondoAlMar" chips="470" dealer="0" win="473" bet="470" muck="0" rebuy="0" addon="0" merge="0" rebuychips="0" reg_code="5071643130"/>
</players>
</general>
<round no="0"><action no="1" player="InFondoAlMar" type="15" discard="1" dealt="1" sum="5"/>
<action no="2" player="Minnazza90" type="15" discard="1" dealt="1" sum="5"/>
<action no="3" player="KOPKHUNKRAP" type="15" sum="5"/>
<action no="4" player="InFondoAlMar" type="1" discard="1" dealt="1" sum="20"/>
<action no="5" player="Minnazza90" type="2" discard="1" dealt="1" sum="40"/>
</round>
<round no="1"><cards type="Pocket" player="InFondoAlMar">SA CJ</cards>
<cards type="Pocket" player="KOPKHUNKRAP">D4 S5</cards>
<cards type="Pocket" player="Minnazza90">S7 D7</cards>
<action no="6" player="KOPKHUNKRAP" type="0" sum="0"/>
<action no="7" player="InFondoAlMar" type="23" discard="1" dealt="1" sum="465"/>
<action no="8" player="Minnazza90" type="3" discard="1" dealt="1" sum="425"/>
</round>
<round no="2"><cards type="Flop">S4 S3 HA</cards>
</round>
<round no="3"><cards type="Turn">H5</cards>
</round>
<round no="4"><cards type="River">D2</cards>
</round>
</game>
<game gamecode="6527103536"><general><startdate>2025-11-09 17:46:56</startdate>
<round>1</round>
<failsafecounter/>
<players><player seat="10" name="KOPKHUNKRAP" chips="355" dealer="0" win="0" bet="45" muck="1" rebuy="0" addon="0" merge="0" rebuychips="0" reg_code="5071644577"/>
<player seat="3" name="InFondoAlMar" chips="473" dealer="1" win="115" bet="473" muck="1" rebuy="0" addon="0" merge="0" rebuychips="0" reg_code="5071643130"/>
<player seat="6" name="Minnazza90" chips="672" dealer="0" win="0" bet="25" muck="1" rebuy="0" addon="0" merge="0" rebuychips="0" reg_code="5071643992"/>
</players>
</general>
<round no="0"><action no="1" player="Minnazza90" type="15" discard="1" dealt="1" sum="5"/>
<action no="2" player="KOPKHUNKRAP" type="15" sum="5"/>
<action no="3" player="InFondoAlMar" type="15" discard="1" dealt="1" sum="5"/>
<action no="4" player="Minnazza90" type="1" discard="1" dealt="1" sum="20"/>
<action no="5" player="KOPKHUNKRAP" type="2" sum="40"/>
</round>
<round no="1"><cards type="Pocket" player="InFondoAlMar">X X</cards>
<cards type="Pocket" player="KOPKHUNKRAP">H7 H2</cards>
<cards type="Pocket" player="Minnazza90">X X</cards>
<action no="6" player="InFondoAlMar" type="23" discard="1" dealt="1" sum="468"/>
<action no="7" player="Minnazza90" type="0" discard="1" dealt="1" sum="0"/>
<action no="8" player="KOPKHUNKRAP" type="0" sum="0"/>
</round>
</game>
<game gamecode="6527103574"><general><startdate>2025-11-09 17:47:09</startdate>
<round>1</round>
<failsafecounter/>
<players><player seat="3" name="InFondoAlMar" chips="543" dealer="0" win="0" bet="45" muck="1" rebuy="0" addon="0" merge="0" rebuychips="0" reg_code="5071643130"/>
<player seat="6" name="Minnazza90" chips="647" dealer="1" win="0" bet="5" muck="1" rebuy="0" addon="0" merge="0" rebuychips="0" reg_code="5071643992"/>
<player seat="10" name="KOPKHUNKRAP" chips="310" dealer="0" win="95" bet="310" muck="1" rebuy="0" addon="0" merge="0" rebuychips="0" reg_code="5071644577"/>
</players>
</general>
<round no="0"><action no="1" player="KOPKHUNKRAP" type="15" sum="5"/>
<action no="2" player="InFondoAlMar" type="15" discard="1" dealt="1" sum="5"/>
<action no="3" player="Minnazza90" type="15" discard="1" dealt="1" sum="5"/>
<action no="4" player="KOPKHUNKRAP" type="1" sum="20"/>
<action no="5" player="InFondoAlMar" type="2" discard="1" dealt="1" sum="40"/>
</round>
<round no="1"><cards type="Pocket" player="KOPKHUNKRAP">DA D2</cards>
<cards type="Pocket" player="InFondoAlMar">X X</cards>
<cards type="Pocket" player="Minnazza90">X X</cards>
<action no="6" player="Minnazza90" type="0" discard="1" dealt="1" sum="0"/>
<action no="7" player="KOPKHUNKRAP" type="23" sum="305"/>
<action no="8" player="InFondoAlMar" type="0" discard="1" dealt="1" sum="0"/>
</round>
</game>
<game gamecode="6527103607"><general><startdate>2025-11-09 17:47:22</startdate>
<round>1</round>
<failsafecounter/>
<players><player seat="6" name="Minnazza90" chips="642" dealer="0" win="0" bet="45" muck="1" rebuy="0" addon="0" merge="0" rebuychips="0" reg_code="5071643992"/>
<player seat="10" name="KOPKHUNKRAP" chips="360" dealer="1" win="115" bet="360" muck="1" rebuy="0" addon="0" merge="0" rebuychips="0" reg_code="5071644577"/>
<player seat="3" name="InFondoAlMar" chips="498" dealer="0" win="0" bet="25" muck="1" rebuy="0" addon="0" merge="0" rebuychips="0" reg_code="5071643130"/>
</players>
</general>
<round no="0"><action no="1" player="InFondoAlMar" type="15" discard="1" dealt="1" sum="5"/>
<action no="2" player="Minnazza90" type="15" discard="1" dealt="1" sum="5"/>
<action no="3" player="KOPKHUNKRAP" type="15" sum="5"/>
<action no="4" player="InFondoAlMar" type="1" discard="1" dealt="1" sum="20"/>
<action no="5" player="Minnazza90" type="2" discard="1" dealt="1" sum="40"/>
</round>
<round no="1"><cards type="Pocket" player="InFondoAlMar">X X</cards>
<cards type="Pocket" player="KOPKHUNKRAP">D7 SA</cards>
<cards type="Pocket" player="Minnazza90">X X</cards>
<action no="6" player="KOPKHUNKRAP" type="23" sum="355"/>
<action no="7" player="InFondoAlMar" type="0" discard="1" dealt="1" sum="0"/>
<action no="8" player="Minnazza90" type="0" discard="1" dealt="1" sum="0"/>
</round>
</game>
<game gamecode="6527103635"><general><startdate>2025-11-09 17:47:34</startdate>
<round>1</round>
<failsafecounter/>
<players><player seat="10" name="KOPKHUNKRAP" chips="430" dealer="0" win="0" bet="45" muck="1" rebuy="0" addon="0" merge="0" rebuychips="0" reg_code="5071644577"/>
<player seat="3" name="InFondoAlMar" chips="473" dealer="1" win="115" bet="473" muck="1" rebuy="0" addon="0" merge="0" rebuychips="0" reg_code="5071643130"/>
<player seat="6" name="Minnazza90" chips="597" dealer="0" win="0" bet="25" muck="1" rebuy="0" addon="0" merge="0" rebuychips="0" reg_code="5071643992"/>
</players>
</general>
<round no="0"><action no="1" player="Minnazza90" type="15" discard="1" dealt="1" sum="5"/>
<action no="2" player="KOPKHUNKRAP" type="15" sum="5"/>
<action no="3" player="InFondoAlMar" type="15" discard="1" dealt="1" sum="5"/>
<action no="4" player="Minnazza90" type="1" discard="1" dealt="1" sum="20"/>
<action no="5" player="KOPKHUNKRAP" type="2" sum="40"/>
</round>
<round no="1"><cards type="Pocket" player="KOPKHUNKRAP">D4 H2</cards>
<cards type="Pocket" player="Minnazza90">X X</cards>
<cards type="Pocket" player="InFondoAlMar">X X</cards>
<action no="6" player="InFondoAlMar" type="23" discard="1" dealt="1" sum="468"/>
<action no="7" player="Minnazza90" type="0" discard="1" dealt="1" sum="0"/>
<action no="8" player="KOPKHUNKRAP" type="0" sum="0"/>
</round>
</game>
<game gamecode="6527103698"><general><startdate>2025-11-09 17:47:54</startdate>
<round>1</round>
<failsafecounter/>
<players><player seat="3" name="InFondoAlMar" chips="543" dealer="0" win="55" bet="45" muck="1" rebuy="0" addon="0" merge="0" rebuychips="0" reg_code="5071643130"/>
<player seat="6" name="Minnazza90" chips="572" dealer="1" win="0" bet="5" muck="1" rebuy="0" addon="0" merge="0" rebuychips="0" reg_code="5071643992"/>
<player seat="10" name="KOPKHUNKRAP" chips="385" dealer="0" win="0" bet="25" muck="1" rebuy="0" addon="0" merge="0" rebuychips="0" reg_code="5071644577"/>
</players>
</general>
<round no="0"><action no="1" player="KOPKHUNKRAP" type="15" sum="5"/>
<action no="2" player="InFondoAlMar" type="15" discard="1" dealt="1" sum="5"/>
<action no="3" player="Minnazza90" type="15" discard="1" dealt="1" sum="5"/>
<action no="4" player="KOPKHUNKRAP" type="1" sum="20"/>
<action no="5" player="InFondoAlMar" type="2" discard="1" dealt="1" sum="40"/>
</round>
<round no="1"><cards type="Pocket" player="Minnazza90">X X</cards>
<cards type="Pocket" player="InFondoAlMar">X X</cards>
<cards type="Pocket" player="KOPKHUNKRAP">D6 CQ</cards>
<action no="6" player="Minnazza90" type="0" discard="1" dealt="1" sum="0"/>
<action no="7" player="KOPKHUNKRAP" type="0" sum="0"/>
</round>
</game>
<game gamecode="6527103711"><general><startdate>2025-11-09 17:48:02</startdate>
<round>1</round>
<failsafecounter/>
<players><player seat="6" name="Minnazza90" chips="567" dealer="0" win="287" bet="141" muck="0" rebuy="0" addon="0" merge="0" rebuychips="0" reg_code="5071643992"/>
<player seat="10" name="KOPKHUNKRAP" chips="360" dealer="1" win="0" bet="5" muck="1" rebuy="0" addon="0" merge="0" rebuychips="0" reg_code="5071644577"/>
<player seat="3" name="InFondoAlMar" chips="573" dealer="0" win="0" bet="141" muck="1" rebuy="0" addon="0" merge="0" rebuychips="0" reg_code="5071643130"/>
</players>
</general>
<round no="0"><action no="1" player="InFondoAlMar" type="15" discard="1" dealt="1" sum="5"/>
<action no="2" player="Minnazza90" type="15" discard="1" dealt="1" sum="5"/>
<action no="3" player="KOPKHUNKRAP" type="15" sum="5"/>
<action no="4" player="InFondoAlMar" type="1" discard="1" dealt="1" sum="20"/>
<action no="5" player="Minnazza90" type="2" discard="1" dealt="1" sum="40"/>
</round>
<round no="1"><cards type="Pocket" player="KOPKHUNKRAP">S4 S2</cards>
<cards type="Pocket" player="Minnazza90">D3 H5</cards>
<cards type="Pocket" player="InFondoAlMar">H4 H10</cards>
<action no="6" player="KOPKHUNKRAP" type="0" sum="0"/>
<action no="7" player="InFondoAlMar" type="3" discard="1" dealt="1" sum="20"/>
<action no="8" player="Minnazza90" type="4" discard="1" dealt="1" sum="0"/>
</round>
<round no="2"><cards type="Flop">CK S3 S5</cards>
<action no="9" player="InFondoAlMar" type="4" discard="1" dealt="1" sum="0"/>
<action no="10" player="Minnazza90" type="4" discard="1" dealt="1" sum="0"/>
</round>
<round no="3"><cards type="Turn">D4</cards>
<action no="11" player="InFondoAlMar" type="5" discard="1" dealt="1" sum="48"/>
<action no="12" player="Minnazza90" type="23" discard="1" dealt="1" sum="96"/>
<action no="13" player="InFondoAlMar" type="3" discard="1" dealt="1" sum="48"/>
</round>
<round no="4"><cards type="River">S6</cards>
<action no="14" player="InFondoAlMar" type="4" discard="1" dealt="1" sum="0"/>
<action no="15" player="Minnazza90" type="4" discard="1" dealt="1" sum="0"/>
</round>
</game>
<game gamecode="6527103778"><general><startdate>2025-11-09 17:48:28</startdate>
<round>1</round>
<failsafecounter/>
<players><player seat="10" name="KOPKHUNKRAP" chips="355" dealer="0" win="95" bet="85" muck="1" rebuy="0" addon="0" merge="0" rebuychips="0" reg_code="5071644577"/>
<player seat="3" name="InFondoAlMar" chips="432" dealer="1" win="0" bet="5" muck="1" rebuy="0" addon="0" merge="0" rebuychips="0" reg_code="5071643130"/>
<player seat="6" name="Minnazza90" chips="713" dealer="0" win="0" bet="45" muck="1" rebuy="0" addon="0" merge="0" rebuychips="0" reg_code="5071643992"/>
</players>
</general>
<round no="0"><action no="1" player="Minnazza90" type="15" discard="1" dealt="1" sum="5"/>
<action no="2" player="KOPKHUNKRAP" type="15" sum="5"/>
<action no="3" player="InFondoAlMar" type="15" discard="1" dealt="1" sum="5"/>
<action no="4" player="Minnazza90" type="1" discard="1" dealt="1" sum="20"/>
<action no="5" player="KOPKHUNKRAP" type="2" sum="40"/>
</round>
<round no="1"><cards type="Pocket" player="Minnazza90">X X</cards>
<cards type="Pocket" player="InFondoAlMar">X X</cards>
<cards type="Pocket" player="KOPKHUNKRAP">D5 D4</cards>
<action no="6" player="InFondoAlMar" type="0" discard="1" dealt="1" sum="0"/>
<action no="7" player="Minnazza90" type="3" discard="1" dealt="1" sum="20"/>
<action no="8" player="KOPKHUNKRAP" type="4" sum="0"/>
</round>
<round no="2"><cards type="Flop">DA C5 SQ</cards>
<action no="9" player="Minnazza90" type="4" discard="1" dealt="1" sum="0"/>
<action no="10" player="KOPKHUNKRAP" type="5" sum="40"/>
<action no="11" player="Minnazza90" type="0" discard="1" dealt="1" sum="0"/>
</round>
</game>
<game gamecode="6527103828"><general><startdate>2025-11-09 17:48:46</startdate>
<round>1</round>
<failsafecounter/>
<players><player seat="3" name="InFondoAlMar" chips="427" dealer="0" win="0" bet="65" muck="1" rebuy="0" addon="0" merge="0" rebuychips="0" reg_code="5071643130"/>
<player seat="6" name="Minnazza90" chips="668" dealer="1" win="0" bet="5" muck="1" rebuy="0" addon="0" merge="0" rebuychips="0" reg_code="5071643992"/>
<player seat="10" name="KOPKHUNKRAP" chips="405" dealer="0" win="135" bet="405" muck="1" rebuy="0" addon="0" merge="0" rebuychips="0" reg_code="5071644577"/>
</players>
</general>
<round no="0"><action no="1" player="KOPKHUNKRAP" type="15" sum="5"/>
<action no="2" player="InFondoAlMar" type="15" discard="1" dealt="1" sum="5"/>
<action no="3" player="Minnazza90" type="15" discard="1" dealt="1" sum="5"/>
<action no="4" player="KOPKHUNKRAP" type="1" sum="30"/>
<action no="5" player="InFondoAlMar" type="2" discard="1" dealt="1" sum="60"/>
</round>
<round no="1"><cards type="Pocket" player="KOPKHUNKRAP">S10 H9</cards>
<cards type="Pocket" player="Minnazza90">X X</cards>
<cards type="Pocket" player="InFondoAlMar">X X</cards>
<action no="6" player="Minnazza90" type="0" discard="1" dealt="1" sum="0"/>
<action no="7" player="KOPKHUNKRAP" type="23" sum="400"/>
<action no="8" player="InFondoAlMar" type="0" discard="1" dealt="1" sum="0"/>
</round>
</game>
<game gamecode="6527103859"><general><startdate>2025-11-09 17:48:55</startdate>
<round>1</round>
<failsafecounter/>
<players><player seat="6" name="Minnazza90" chips="663" dealer="0" win="0" bet="65" muck="1" rebuy="0" addon="0" merge="0" rebuychips="0" reg_code="5071643992"/>
<player seat="10" name="KOPKHUNKRAP" chips="475" dealer="1" win="165" bet="475" muck="1" rebuy="0" addon="0" merge="0" rebuychips="0" reg_code="5071644577"/>
<player seat="3" name="InFondoAlMar" chips="362" dealer="0" win="0" bet="35" muck="1" rebuy="0" addon="0" merge="0" rebuychips="0" reg_code="5071643130"/>
</players>
</general>
<round no="0"><action no="1" player="InFondoAlMar" type="15" discard="1" dealt="1" sum="5"/>
<action no="2" player="Minnazza90" type="15" discard="1" dealt="1" sum="5"/>
<action no="3" player="KOPKHUNKRAP" type="15" sum="5"/>
<action no="4" player="InFondoAlMar" type="1" discard="1" dealt="1" sum="30"/>
<action no="5" player="Minnazza90" type="2" discard="1" dealt="1" sum="60"/>
</round>
<round no="1"><cards type="Pocket" player="KOPKHUNKRAP">DQ HK</cards>
<cards type="Pocket" player="Minnazza90">X X</cards>
<cards type="Pocket" player="InFondoAlMar">X X</cards>
<action no="6" player="KOPKHUNKRAP" type="23" sum="470"/>
<action no="7" player="InFondoAlMar" type="0" discard="1" dealt="1" sum="0"/>
<action no="8" player="Minnazza90" type="0" discard="1" dealt="1" sum="0"/>
</round>
</game>
<game gamecode="6527103872"><general><startdate>2025-11-09 17:49:03</startdate>
<round>1</round>
<failsafecounter/>
<players><player seat="10" name="KOPKHUNKRAP" chips="575" dealer="0" win="0" bet="65" muck="1" rebuy="0" addon="0" merge="0" rebuychips="0" reg_code="5071644577"/>
<player seat="3" name="InFondoAlMar" chips="327" dealer="1" win="0" bet="5" muck="1" rebuy="0" addon="0" merge="0" rebuychips="0" reg_code="5071643130"/>
<player seat="6" name="Minnazza90" chips="598" dealer="0" win="135" bet="185" muck="1" rebuy="0" addon="0" merge="0" rebuychips="0" reg_code="5071643992"/>
</players>
</general>
<round no="0"><action no="1" player="Minnazza90" type="15" discard="1" dealt="1" sum="5"/>
<action no="2" player="KOPKHUNKRAP" type="15" sum="5"/>
<action no="3" player="InFondoAlMar" type="15" discard="1" dealt="1" sum="5"/>
<action no="4" player="Minnazza90" type="1" discard="1" dealt="1" sum="30"/>
<action no="5" player="KOPKHUNKRAP" type="2" sum="60"/>
</round>
<round no="1"><cards type="Pocket" player="InFondoAlMar">X X</cards>
<cards type="Pocket" player="KOPKHUNKRAP">CJ D4</cards>
<cards type="Pocket" player="Minnazza90">X X</cards>
<action no="6" player="InFondoAlMar" type="0" discard="1" dealt="1" sum="0"/>
<action no="7" player="Minnazza90" type="23" discard="1" dealt="1" sum="180"/>
<action no="8" player="KOPKHUNKRAP" type="0" sum="0"/>
</round>
</game>
<game gamecode="6527103897"><general><startdate>2025-11-09 17:49:13</startdate>
<round>1</round>
<failsafecounter/>
<players><player seat="3" name="InFondoAlMar" chips="322" dealer="0" win="75" bet="65" muck="1" rebuy="0" addon="0" merge="0" rebuychips="0" reg_code="5071643130"/>
<player seat="6" name="Minnazza90" chips="668" dealer="1" win="0" bet="5" muck="1" rebuy="0" addon="0" merge="0" rebuychips="0" reg_code="5071643992"/>
<player seat="10" name="KOPKHUNKRAP" chips="510" dealer="0" win="0" bet="35" muck="1" rebuy="0" addon="0" merge="0" rebuychips="0" reg_code="5071644577"/>
</players>
</general>
<round no="0"><action no="1" player="KOPKHUNKRAP" type="15" sum="5"/>
<action no="2" player="InFondoAlMar" type="15" discard="1" dealt="1" sum="5"/>
<action no="3" player="Minnazza90" type="15" discard="1" dealt="1" sum="5"/>
<action no="4" player="KOPKHUNKRAP" type="1" sum="30"/>
<action no="5" player="InFondoAlMar" type="2" discard="1" dealt="1" sum="60"/>
</round>
<round no="1"><cards type="Pocket" player="KOPKHUNKRAP">H5 S2</cards>
<cards type="Pocket" player="InFondoAlMar">X X</cards>
<cards type="Pocket" player="Minnazza90">X X</cards>
<action no="6" player="Minnazza90" type="0" discard="1" dealt="1" sum="0"/>
<action no="7" player="KOPKHUNKRAP" type="0" sum="0"/>
</round>
</game>
<game gamecode="6527103925"><general><startdate>2025-11-09 17:49:21</startdate>
<round>1</round>
<failsafecounter/>
<players><player seat="6" name="Minnazza90" chips="663" dealer="0" win="0" bet="65" muck="1" rebuy="0" addon="0" merge="0" rebuychips="0" reg_code="5071643992"/>
<player seat="10" name="KOPKHUNKRAP" chips="475" dealer="1" win="0" bet="5" muck="1" rebuy="0" addon="0" merge="0" rebuychips="0" reg_code="5071644577"/>
<player seat="3" name="InFondoAlMar" chips="362" dealer="0" win="135" bet="362" muck="1" rebuy="0" addon="0" merge="0" rebuychips="0" reg_code="5071643130"/>
</players>
</general>
<round no="0"><action no="1" player="InFondoAlMar" type="15" discard="1" dealt="1" sum="5"/>
<action no="2" player="Minnazza90" type="15" discard="1" dealt="1" sum="5"/>
<action no="3" player="KOPKHUNKRAP" type="15" sum="5"/>
<action no="4" player="InFondoAlMar" type="1" discard="1" dealt="1" sum="30"/>
<action no="5" player="Minnazza90" type="2" discard="1" dealt="1" sum="60"/>
</round>
<round no="1"><cards type="Pocket" player="InFondoAlMar">X X</cards>
<cards type="Pocket" player="Minnazza90">X X</cards>
<cards type="Pocket" player="KOPKHUNKRAP">C3 SQ</cards>
<action no="6" player="KOPKHUNKRAP" type="0" sum="0"/>
<action no="7" player="InFondoAlMar" type="23" discard="1" dealt="1" sum="357"/>
<action no="8" player="Minnazza90" type="0" discard="1" dealt="1" sum="0"/>
</round>
</game>
<game gamecode="6527103941"><general><startdate>2025-11-09 17:49:29</startdate>
<round>1</round>
<failsafecounter/>
<players><player seat="10" name="KOPKHUNKRAP" chips="470" dealer="0" win="0" bet="365" muck="1" rebuy="0" addon="0" merge="0" rebuychips="0" reg_code="5071644577"/>
<player seat="3" name="InFondoAlMar" chips="432" dealer="1" win="0" bet="5" muck="1" rebuy="0" addon="0" merge="0" rebuychips="0" reg_code="5071643130"/>
<player seat="6" name="Minnazza90" chips="598" dealer="0" win="735" bet="365" muck="0" rebuy="0" addon="0" merge="0" rebuychips="0" reg_code="5071643992"/>
</players>
</general>
<round no="0"><action no="1" player="Minnazza90" type="15" discard="1" dealt="1" sum="5"/>
<action no="2" player="KOPKHUNKRAP" type="15" sum="5"/>
<action no="3" player="InFondoAlMar" type="15" discard="1" dealt="1" sum="5"/>
<action no="4" player="Minnazza90" type="1" discard="1" dealt="1" sum="30"/>
<action no="5" player="KOPKHUNKRAP" type="2" sum="60"/>
</round>
<round no="1"><cards type="Pocket" player="InFondoAlMar">X X</cards>
<cards type="Pocket" player="KOPKHUNKRAP">D9 S10</cards>
<cards type="Pocket" player="Minnazza90">C5 C8</cards>
<action no="6" player="InFondoAlMar" type="0" discard="1" dealt="1" sum="0"/>
<action no="7" player="Minnazza90" type="3" discard="1" dealt="1" sum="30"/>
<action no="8" player="KOPKHUNKRAP" type="4" sum="0"/>
</round>
<round no="2"><cards type="Flop">D5 HK H9</cards>
<action no="9" player="Minnazza90" type="5" discard="1" dealt="1" sum="60"/>
<action no="10" player="KOPKHUNKRAP" type="3" sum="60"/>
</round>
<round no="3"><cards type="Turn">S8</cards>
<action no="11" player="Minnazza90" type="5" discard="1" dealt="1" sum="60"/>
<action no="12" player="KOPKHUNKRAP" type="3" sum="60"/>
</round>
<round no="4"><cards type="River">D2</cards>
<action no="13" player="Minnazza90" type="5" discard="1" dealt="1" sum="180"/>
<action no="14" player="KOPKHUNKRAP" type="3" sum="180"/>
</round>
</game>
<game gamecode="6527103995"><general><startdate>2025-11-09 17:49:50</startdate>
<round>1</round>
<failsafecounter/>
<players><player seat="3" name="InFondoAlMar" chips="427" dealer="0" win="0" bet="105" muck="1" rebuy="0" addon="0" merge="0" rebuychips="0" reg_code="5071643130"/>
<player seat="6" name="Minnazza90" chips="968" dealer="1" win="0" bet="5" muck="1" rebuy="0" addon="0" merge="0" rebuychips="0" reg_code="5071643992"/>
<player seat="10" name="KOPKHUNKRAP" chips="105" dealer="0" win="215" bet="105" muck="0" rebuy="0" addon="0" merge="0" rebuychips="0" reg_code="5071644577"/>
</players>
</general>
<round no="0"><action no="1" player="KOPKHUNKRAP" type="15" sum="5"/>
<action no="2" player="InFondoAlMar" type="15" discard="1" dealt="1" sum="5"/>
<action no="3" player="Minnazza90" type="15" discard="1" dealt="1" sum="5"/>
<action no="4" player="KOPKHUNKRAP" type="1" sum="30"/>
<action no="5" player="InFondoAlMar" type="2" discard="1" dealt="1" sum="60"/>
</round>
<round no="1"><cards type="Pocket" player="KOPKHUNKRAP">SA CK</cards>
<cards type="Pocket" player="InFondoAlMar">S8 DK</cards>
<cards type="Pocket" player="Minnazza90">X X</cards>
<action no="6" player="Minnazza90" type="0" discard="1" dealt="1" sum="0"/>
<action no="7" player="KOPKHUNKRAP" type="7" sum="70"/>
<action no="8" player="InFondoAlMar" type="3" discard="1" dealt="1" sum="40"/>
</round>
<round no="2"><cards type="Flop">H2 S3 S9</cards>
</round>
<round no="3"><cards type="Turn">H5</cards>
</round>
<round no="4"><cards type="River">C5</cards>
</round>
</game>
<game gamecode="6527104038"><general><startdate>2025-11-09 17:50:06</startdate>
<round>1</round>
<failsafecounter/>
<players><player seat="6" name="Minnazza90" chips="963" dealer="0" win="0" bet="65" muck="1" rebuy="0" addon="0" merge="0" rebuychips="0" reg_code="5071643992"/>
<player seat="10" name="KOPKHUNKRAP" chips="215" dealer="1" win="165" bet="215" muck="1" rebuy="0" addon="0" merge="0" rebuychips="0" reg_code="5071644577"/>
<player seat="3" name="InFondoAlMar" chips="322" dealer="0" win="0" bet="35" muck="1" rebuy="0" addon="0" merge="0" rebuychips="0" reg_code="5071643130"/>
</players>
</general>
<round no="0"><action no="1" player="InFondoAlMar" type="15" discard="1" dealt="1" sum="5"/>
<action no="2" player="Minnazza90" type="15" discard="1" dealt="1" sum="5"/>
<action no="3" player="KOPKHUNKRAP" type="15" sum="5"/>
<action no="4" player="InFondoAlMar" type="1" discard="1" dealt="1" sum="30"/>
<action no="5" player="Minnazza90" type="2" discard="1" dealt="1" sum="60"/>
</round>
<round no="1"><cards type="Pocket" player="Minnazza90">X X</cards>
<cards type="Pocket" player="KOPKHUNKRAP">H9 SK</cards>
<cards type="Pocket" player="InFondoAlMar">X X</cards>
<action no="6" player="KOPKHUNKRAP" type="23" sum="210"/>
<action no="7" player="InFondoAlMar" type="0" discard="1" dealt="1" sum="0"/>
<action no="8" player="Minnazza90" type="0" discard="1" dealt="1" sum="0"/>
</round>
</game>
<game gamecode="6527104062"><general><startdate>2025-11-09 17:50:15</startdate>
<round>1</round>
<failsafecounter/>
<players><player seat="10" name="KOPKHUNKRAP" chips="315" dealer="0" win="609" bet="287" muck="0" rebuy="0" addon="0" merge="0" rebuychips="0" reg_code="5071644577"/>
<player seat="3" name="InFondoAlMar" chips="287" dealer="1" win="0" bet="287" muck="0" rebuy="0" addon="0" merge="0" rebuychips="0" reg_code="5071643130"/>
<player seat="6" name="Minnazza90" chips="898" dealer="0" win="0" bet="35" muck="1" rebuy="0" addon="0" merge="0" rebuychips="0" reg_code="5071643992"/>
</players>
</general>
<round no="0"><action no="1" player="Minnazza90" type="15" discard="1" dealt="1" sum="5"/>
<action no="2" player="KOPKHUNKRAP" type="15" sum="5"/>
<action no="3" player="InFondoAlMar" type="15" discard="1" dealt="1" sum="5"/>
<action no="4" player="Minnazza90" type="1" discard="1" dealt="1" sum="30"/>
<action no="5" player="KOPKHUNKRAP" type="2" sum="60"/>
</round>
<round no="1"><cards type="Pocket" player="InFondoAlMar">CK H5</cards>
<cards type="Pocket" player="Minnazza90">X X</cards>
<cards type="Pocket" player="KOPKHUNKRAP">S9 SA</cards>
<action no="6" player="InFondoAlMar" type="23" discard="1" dealt="1" sum="282"/>
<action no="7" player="Minnazza90" type="0" discard="1" dealt="1" sum="0"/>
<action no="8" player="KOPKHUNKRAP" type="3" sum="222"/>
</round>
<round no="2"><cards type="Flop">D5 H7 C9</cards>
</round>
<round no="3"><cards type="Turn">CA</cards>
</round>
<round no="4"><cards type="River">D6</cards>
</round>
</game>
<game gamecode="6527104110"><general><startdate>2025-11-09 17:50:32</startdate>
<round>1</round>
<failsafecounter/>
<players><player seat="10" name="KOPKHUNKRAP" chips="637" dealer="0" win="70" bet="65" muck="1" rebuy="0" addon="0" merge="0" rebuychips="0" reg_code="5071644577"/>
<player seat="6" name="Minnazza90" chips="863" dealer="1" win="0" bet="35" muck="1" rebuy="0" addon="0" merge="0" rebuychips="0" reg_code="5071643992"/>
</players>
</general>
<round no="0"><action no="1" player="Minnazza90" type="15" discard="1" dealt="1" sum="5"/>
<action no="2" player="KOPKHUNKRAP" type="15" sum="5"/>
<action no="3" player="Minnazza90" type="1" discard="1" dealt="1" sum="30"/>
<action no="4" player="KOPKHUNKRAP" type="2" sum="60"/>
</round>
<round no="1"><cards type="Pocket" player="Minnazza90">X X</cards>
<cards type="Pocket" player="KOPKHUNKRAP">C4 S7</cards>
<action no="5" player="Minnazza90" type="0" discard="1" dealt="1" sum="0"/>
</round>
</game>
<game gamecode="6527104131"><general><startdate>2025-11-09 17:50:42</startdate>
<round>1</round>
<failsafecounter/>
<players><player seat="6" name="Minnazza90" chips="828" dealer="0" win="96" bet="88" muck="1" rebuy="0" addon="0" merge="0" rebuychips="0" reg_code="5071643992"/>
<player seat="10" name="KOPKHUNKRAP" chips="672" dealer="1" win="0" bet="48" muck="1" rebuy="0" addon="0" merge="0" rebuychips="0" reg_code="5071644577"/>
</players>
</general>
<round no="0"><action no="1" player="KOPKHUNKRAP" type="15" sum="8"/>
<action no="2" player="Minnazza90" type="15" discard="1" dealt="1" sum="8"/>
<action no="3" player="KOPKHUNKRAP" type="1" sum="40"/>
<action no="4" player="Minnazza90" type="2" discard="1" dealt="1" sum="80"/>
</round>
<round no="1"><cards type="Pocket" player="Minnazza90">X X</cards>
<cards type="Pocket" player="KOPKHUNKRAP">H10 S3</cards>
<action no="5" player="KOPKHUNKRAP" type="0" sum="0"/>
</round>
</game>
<game gamecode="6527104145"><general><startdate>2025-11-09 17:50:48</startdate>
<round>1</round>
<failsafecounter/>
<players><player seat="10" name="KOPKHUNKRAP" chips="624" dealer="0" win="96" bet="88" muck="1" rebuy="0" addon="0" merge="0" rebuychips="0" reg_code="5071644577"/>
<player seat="6" name="Minnazza90" chips="876" dealer="1" win="0" bet="48" muck="1" rebuy="0" addon="0" merge="0" rebuychips="0" reg_code="5071643992"/>
</players>
</general>
<round no="0"><action no="1" player="Minnazza90" type="15" discard="1" dealt="1" sum="8"/>
<action no="2" player="KOPKHUNKRAP" type="15" sum="8"/>
<action no="3" player="Minnazza90" type="1" discard="1" dealt="1" sum="40"/>
<action no="4" player="KOPKHUNKRAP" type="2" sum="80"/>
</round>
<round no="1"><cards type="Pocket" player="KOPKHUNKRAP">CA HK</cards>
<cards type="Pocket" player="Minnazza90">X X</cards>
<action no="5" player="Minnazza90" type="0" discard="1" dealt="1" sum="0"/>
</round>
</game>
<game gamecode="6527104157"><general><startdate>2025-11-09 17:50:53</startdate>
<round>1</round>
<failsafecounter/>
<players><player seat="6" name="Minnazza90" chips="828" dealer="0" win="336" bet="328" muck="1" rebuy="0" addon="0" merge="0" rebuychips="0" reg_code="5071643992"/>
<player seat="10" name="KOPKHUNKRAP" chips="672" dealer="1" win="0" bet="168" muck="1" rebuy="0" addon="0" merge="0" rebuychips="0" reg_code="5071644577"/>
</players>
</general>
<round no="0"><action no="1" player="KOPKHUNKRAP" type="15" sum="8"/>
<action no="2" player="Minnazza90" type="15" discard="1" dealt="1" sum="8"/>
<action no="3" player="KOPKHUNKRAP" type="1" sum="40"/>
<action no="4" player="Minnazza90" type="2" discard="1" dealt="1" sum="80"/>
</round>
<round no="1"><cards type="Pocket" player="KOPKHUNKRAP">HQ C5</cards>
<cards type="Pocket" player="Minnazza90">X X</cards>
<action no="5" player="KOPKHUNKRAP" type="3" sum="40"/>
<action no="6" player="Minnazza90" type="4" discard="1" dealt="1" sum="0"/>
</round>
<round no="2"><cards type="Flop">C9 S10 S9</cards>
<action no="7" player="Minnazza90" type="4" discard="1" dealt="1" sum="0"/>
<action no="8" player="KOPKHUNKRAP" type="4" sum="0"/>
</round>
<round no="3"><cards type="Turn">DK</cards>
<action no="9" player="Minnazza90" type="5" discard="1" dealt="1" sum="80"/>
<action no="10" player="KOPKHUNKRAP" type="3" sum="80"/>
</round>
<round no="4"><cards type="River">C4</cards>
<action no="11" player="Minnazza90" type="5" discard="1" dealt="1" sum="160"/>
<action no="12" player="KOPKHUNKRAP" type="0" sum="0"/>
</round>
</game>
<game gamecode="6527104254"><general><startdate>2025-11-09 17:51:34</startdate>
<round>1</round>
<failsafecounter/>
<players><player seat="10" name="KOPKHUNKRAP" chips="504" dealer="0" win="96" bet="88" muck="1" rebuy="0" addon="0" merge="0" rebuychips="0" reg_code="5071644577"/>
<player seat="6" name="Minnazza90" chips="996" dealer="1" win="0" bet="48" muck="1" rebuy="0" addon="0" merge="0" rebuychips="0" reg_code="5071643992"/>
</players>
</general>
<round no="0"><action no="1" player="Minnazza90" type="15" discard="1" dealt="1" sum="8"/>
<action no="2" player="KOPKHUNKRAP" type="15" sum="8"/>
<action no="3" player="Minnazza90" type="1" discard="1" dealt="1" sum="40"/>
<action no="4" player="KOPKHUNKRAP" type="2" sum="80"/>
</round>
<round no="1"><cards type="Pocket" player="KOPKHUNKRAP">HJ C9</cards>
<cards type="Pocket" player="Minnazza90">X X</cards>
<action no="5" player="Minnazza90" type="0" discard="1" dealt="1" sum="0"/>
</round>
</game>
<game gamecode="6527104265"><general><startdate>2025-11-09 17:51:39</startdate>
<round>1</round>
<failsafecounter/>
<players><player seat="6" name="Minnazza90" chips="948" dealer="0" win="1,104" bet="552" muck="0" rebuy="0" addon="0" merge="0" rebuychips="0" reg_code="5071643992"/>
<player seat="10" name="KOPKHUNKRAP" chips="552" dealer="1" win="0" bet="552" muck="0" rebuy="0" addon="0" merge="0" rebuychips="0" reg_code="5071644577"/>
</players>
</general>
<round no="0"><action no="1" player="KOPKHUNKRAP" type="15" sum="8"/>
<action no="2" player="Minnazza90" type="15" discard="1" dealt="1" sum="8"/>
<action no="3" player="KOPKHUNKRAP" type="1" sum="40"/>
<action no="4" player="Minnazza90" type="2" discard="1" dealt="1" sum="80"/>
</round>
<round no="1"><cards type="Pocket" player="KOPKHUNKRAP">S10 H8</cards>
<cards type="Pocket" player="Minnazza90">HA H4</cards>
<action no="5" player="KOPKHUNKRAP" type="23" sum="544"/>
<action no="6" player="Minnazza90" type="3" discard="1" dealt="1" sum="464"/>
</round>
<round no="2"><cards type="Flop">D2 H5 S2</cards>
</round>
<round no="3"><cards type="Turn">S5</cards>
</round>
<round no="4"><cards type="River">DK</cards>
</round>
</game>
</session>
