<?xml version="1.0" encoding="UTF-8"?>
<session sessioncode="5072244526">
<general>
<client_version>25.1.1.16</client_version>
<mode>real</mode>
<gametype>Holdem NL</gametype>
<tablename>Twister €100 SNG, 821560375</tablename>
<tournamentcode>821560374</tournamentcode>
<tournamentname>Twister €100 SNG</tournamentname>
<buyin>€0 + €7 + €93</buyin>
<totalbuyin>€100</totalbuyin>
<rewarddrawn>€300</rewarddrawn>
<tournamentcurrency>EUR</tournamentcurrency>
<currency>EUR</currency>
<nickname>KOPKHUNKRAP</nickname>
<gamecount>30</gamecount>
<startdate>2025-11-12 14:36:27</startdate>
<place>2</place>
<win>€0</win>
<tablesize>3</tablesize>
</general>
<game gamecode="6529463085"><general><startdate>2025-11-12 14:36:43</startdate>
<round>1</round>
<failsafecounter/>
<players><player seat="3" name="Ankalaev" chips="500" dealer="0" win="0" bet="90" muck="1" rebuy="0" addon="0" merge="0" rebuychips="0" reg_code="5072243568"/>
<player seat="6" name="KOPKHUNKRAP" chips="500" dealer="1" win="0" bet="0" muck="1" rebuy="0" addon="0" merge="0" rebuychips="0" reg_code="5072244526"/>
<player seat="10" name="Paperone2424" chips="500" dealer="0" win="180" bet="165" muck="1" rebuy="0" addon="0" merge="0" rebuychips="0" reg_code="5072244550"/>
</players>
</general>
<round no="0"><action no="1" player="Paperone2424" type="1" discard="1" dealt="1" sum="10"/>
<action no="2" player="Ankalaev" type="2" discard="1" dealt="1" sum="20"/>
</round>
<round no="1"><cards type="Pocket" player="Ankalaev">X X</cards>
<cards type="Pocket" player="KOPKHUNKRAP">S10 C5</cards>
<cards type="Pocket" player="Paperone2424">X X</cards>
<action no="3" player="KOPKHUNKRAP" type="0" sum="0"/>
<action no="4" player="Paperone2424" type="3" discard="1" dealt="1" sum="10"/>
<action no="5" player="Ankalaev" type="23" discard="1" dealt="1" sum="60"/>
<action no="6" player="Paperone2424" type="3" discard="1" dealt="1" sum="40"/>
</round>
<round no="2"><cards type="Flop">S9 DK CA</cards>
<action no="7" player="Paperone2424" type="4" discard="1" dealt="1" sum="0"/>
<action no="8" player="Ankalaev" type="5" discard="1" dealt="1" sum="30"/>
<action no="9" player="Paperone2424" type="23" discard="1" dealt="1" sum="105"/>
<action no="10" player="Ankalaev" type="0" discard="1" dealt="1" sum="0"/>
</round>
</game>
<game gamecode="6529463132"><general><startdate>2025-11-12 14:37:05</startdate>
<round>1</round>
<failsafecounter/>
<players><player seat="6" name="KOPKHUNKRAP" chips="500" dealer="0" win="0" bet="20" muck="1" rebuy="0" addon="0" merge="0" rebuychips="0" reg_code="5072244526"/>
<player seat="10" name="Paperone2424" chips="590" dealer="1" win="50" bet="40" muck="1" rebuy="0" addon="0" merge="0" rebuychips="0" reg_code="5072244550"/>
<player seat="3" name="Ankalaev" chips="410" dealer="0" win="0" bet="10" muck="1" rebuy="0" addon="0" merge="0" rebuychips="0" reg_code="5072243568"/>
</players>
</general>
<round no="0"><action no="1" player="Ankalaev" type="1" discard="1" dealt="1" sum="10"/>
<action no="2" player="KOPKHUNKRAP" type="2" sum="20"/>
</round>
<round no="1"><cards type="Pocket" player="Ankalaev">X X</cards>
<cards type="Pocket" player="KOPKHUNKRAP">H10 C2</cards>
<cards type="Pocket" player="Paperone2424">X X</cards>
<action no="3" player="Paperone2424" type="3" discard="1" dealt="1" sum="20"/>
<action no="4" player="Ankalaev" type="0" discard="1" dealt="1" sum="0"/>
<action no="5" player="KOPKHUNKRAP" type="4" sum="0"/>
</round>
<round no="2"><cards type="Flop">C5 DK H5</cards>
<action no="6" player="KOPKHUNKRAP" type="4" sum="0"/>
<action no="7" player="Paperone2424" type="4" discard="1" dealt="1" sum="0"/>
</round>
<round no="3"><cards type="Turn">C4</cards>
<action no="8" player="KOPKHUNKRAP" type="4" sum="0"/>
<action no="9" player="Paperone2424" type="5" discard="1" dealt="1" sum="20"/>
<action no="10" player="KOPKHUNKRAP" type="0" sum="0"/>
</round>
</game>
<game gamecode="6529463181"><general><startdate>2025-11-12 14:37:35</startdate>
<round>1</round>
<failsafecounter/>
<players><player seat="10" name="Paperone2424" chips="620" dealer="0" win="20" bet="20" muck="1" rebuy="0" addon="0" merge="0" rebuychips="0" reg_code="5072244550"/>
<player seat="3" name="Ankalaev" chips="400" dealer="1" win="0" bet="0" muck="1" rebuy="0" addon="0" merge="0" rebuychips="0" reg_code="5072243568"/>
<player seat="6" name="KOPKHUNKRAP" chips="480" dealer="0" win="0" bet="10" muck="1" rebuy="0" addon="0" merge="0" rebuychips="0" reg_code="5072244526"/>
</players>
</general>
<round no="0"><action no="1" player="KOPKHUNKRAP" type="1" sum="10"/>
<action no="2" player="Paperone2424" type="2" discard="1" dealt="1" sum="20"/>
</round>
<round no="1"><cards type="Pocket" player="Ankalaev">X X</cards>
<cards type="Pocket" player="KOPKHUNKRAP">H9 D4</cards>
<cards type="Pocket" player="Paperone2424">X X</cards>
<action no="3" player="Ankalaev" type="0" discard="1" dealt="1" sum="0"/>
<action no="4" player="KOPKHUNKRAP" type="0" sum="0"/>
</round>
</game>
<game gamecode="6529463204"><general><startdate>2025-11-12 14:37:50</startdate>
<round>1</round>
<failsafecounter/>
<players><player seat="3" name="Ankalaev" chips="400" dealer="0" win="40" bet="47" muck="1" rebuy="0" addon="0" merge="0" rebuychips="0" reg_code="5072243568"/>
<player seat="6" name="KOPKHUNKRAP" chips="470" dealer="1" win="0" bet="0" muck="1" rebuy="0" addon="0" merge="0" rebuychips="0" reg_code="5072244526"/>
<player seat="10" name="Paperone2424" chips="630" dealer="0" win="0" bet="20" muck="1" rebuy="0" addon="0" merge="0" rebuychips="0" reg_code="5072244550"/>
</players>
</general>
<round no="0"><action no="1" player="Paperone2424" type="1" discard="1" dealt="1" sum="10"/>
<action no="2" player="Ankalaev" type="2" discard="1" dealt="1" sum="20"/>
</round>
<round no="1"><cards type="Pocket" player="KOPKHUNKRAP">CJ H8</cards>
<cards type="Pocket" player="Ankalaev">X X</cards>
<cards type="Pocket" player="Paperone2424">X X</cards>
<action no="3" player="KOPKHUNKRAP" type="0" sum="0"/>
<action no="4" player="Paperone2424" type="3" discard="1" dealt="1" sum="10"/>
<action no="5" player="Ankalaev" type="4" discard="1" dealt="1" sum="0"/>
</round>
<round no="2"><cards type="Flop">D6 S10 S8</cards>
<action no="6" player="Paperone2424" type="4" discard="1" dealt="1" sum="0"/>
<action no="7" player="Ankalaev" type="4" discard="1" dealt="1" sum="0"/>
</round>
<round no="3"><cards type="Turn">S4</cards>
<action no="8" player="Paperone2424" type="4" discard="1" dealt="1" sum="0"/>
<action no="9" player="Ankalaev" type="5" discard="1" dealt="1" sum="27"/>
<action no="10" player="Paperone2424" type="0" discard="1" dealt="1" sum="0"/>
</round>
</game>
<game gamecode="6529463235"><general><startdate>2025-11-12 14:38:15</startdate>
<round>1</round>
<failsafecounter/>
<players><player seat="6" name="KOPKHUNKRAP" chips="470" dealer="0" win="0" bet="50" muck="1" rebuy="0" addon="0" merge="0" rebuychips="0" reg_code="5072244526"/>
<player seat="10" name="Paperone2424" chips="610" dealer="1" win="0" bet="0" muck="1" rebuy="0" addon="0" merge="0" rebuychips="0" reg_code="5072244550"/>
<player seat="3" name="Ankalaev" chips="420" dealer="0" win="100" bet="75" muck="1" rebuy="0" addon="0" merge="0" rebuychips="0" reg_code="5072243568"/>
</players>
</general>
<round no="0"><action no="1" player="Ankalaev" type="1" discard="1" dealt="1" sum="10"/>
<action no="2" player="KOPKHUNKRAP" type="2" sum="20"/>
</round>
<round no="1"><cards type="Pocket" player="KOPKHUNKRAP">HQ H6</cards>
<cards type="Pocket" player="Ankalaev">X X</cards>
<cards type="Pocket" player="Paperone2424">X X</cards>
<action no="3" player="Paperone2424" type="0" discard="1" dealt="1" sum="0"/>
<action no="4" player="Ankalaev" type="23" discard="1" dealt="1" sum="50"/>
<action no="5" player="KOPKHUNKRAP" type="3" sum="30"/>
</round>
<round no="2"><cards type="Flop">D4 D2 CJ</cards>
<action no="6" player="Ankalaev" type="5" discard="1" dealt="1" sum="25"/>
<action no="7" player="KOPKHUNKRAP" type="0" sum="0"/>
</round>
</game>
<game gamecode="6529463266"><general><startdate>2025-11-12 14:38:41</startdate>
<round>1</round>
<failsafecounter/>
<players><player seat="10" name="Paperone2424" chips="610" dealer="0" win="0" bet="65" muck="1" rebuy="0" addon="0" merge="0" rebuychips="0" reg_code="5072244550"/>
<player seat="3" name="Ankalaev" chips="470" dealer="1" win="150" bet="103" muck="1" rebuy="0" addon="0" merge="0" rebuychips="0" reg_code="5072243568"/>
<player seat="6" name="KOPKHUNKRAP" chips="420" dealer="0" win="0" bet="20" muck="1" rebuy="0" addon="0" merge="0" rebuychips="0" reg_code="5072244526"/>
</players>
</general>
<round no="0"><action no="1" player="KOPKHUNKRAP" type="15" sum="5"/>
<action no="2" player="Paperone2424" type="15" discard="1" dealt="1" sum="5"/>
<action no="3" player="Ankalaev" type="15" discard="1" dealt="1" sum="5"/>
<action no="4" player="KOPKHUNKRAP" type="1" sum="15"/>
<action no="5" player="Paperone2424" type="2" discard="1" dealt="1" sum="30"/>
</round>
<round no="1"><cards type="Pocket" player="KOPKHUNKRAP">SA C3</cards>
<cards type="Pocket" player="Paperone2424">X X</cards>
<cards type="Pocket" player="Ankalaev">X X</cards>
<action no="6" player="Ankalaev" type="23" discard="1" dealt="1" sum="60"/>
<action no="7" player="KOPKHUNKRAP" type="0" sum="0"/>
<action no="8" player="Paperone2424" type="3" discard="1" dealt="1" sum="30"/>
</round>
<round no="2"><cards type="Flop">D9 D3 S9</cards>
<action no="9" player="Paperone2424" type="4" discard="1" dealt="1" sum="0"/>
<action no="10" player="Ankalaev" type="5" discard="1" dealt="1" sum="38"/>
<action no="11" player="Paperone2424" type="0" discard="1" dealt="1" sum="0"/>
</round>
</game>
<game gamecode="6529463290"><general><startdate>2025-11-12 14:39:03</startdate>
<round>1</round>
<failsafecounter/>
<players><player seat="3" name="Ankalaev" chips="555" dealer="0" win="0" bet="35" muck="1" rebuy="0" addon="0" merge="0" rebuychips="0" reg_code="5072243568"/>
<player seat="6" name="KOPKHUNKRAP" chips="400" dealer="1" win="90" bet="400" muck="1" rebuy="0" addon="0" merge="0" rebuychips="0" reg_code="5072244526"/>
<player seat="10" name="Paperone2424" chips="545" dealer="0" win="0" bet="20" muck="1" rebuy="0" addon="0" merge="0" rebuychips="0" reg_code="5072244550"/>
</players>
</general>
<round no="0"><action no="1" player="Paperone2424" type="15" discard="1" dealt="1" sum="5"/>
<action no="2" player="Ankalaev" type="15" discard="1" dealt="1" sum="5"/>
<action no="3" player="KOPKHUNKRAP" type="15" sum="5"/>
<action no="4" player="Paperone2424" type="1" discard="1" dealt="1" sum="15"/>
<action no="5" player="Ankalaev" type="2" discard="1" dealt="1" sum="30"/>
</round>
<round no="1"><cards type="Pocket" player="KOPKHUNKRAP">DA H6</cards>
<cards type="Pocket" player="Paperone2424">X X</cards>
<cards type="Pocket" player="Ankalaev">X X</cards>
<action no="6" player="KOPKHUNKRAP" type="23" sum="395"/>
<action no="7" player="Paperone2424" type="0" discard="1" dealt="1" sum="0"/>
<action no="8" player="Ankalaev" type="0" discard="1" dealt="1" sum="0"/>
</round>
</game>
<game gamecode="6529467685"><general><startdate>2025-11-12 14:39:18</startdate>
<round>1</round>
<failsafecounter/>
<players><player seat="6" name="KOPKHUNKRAP" chips="455" dealer="0" win="915" bet="455" muck="0" rebuy="0" addon="0" merge="0" rebuychips="0" reg_code="5072244526"/>
<player seat="10" name="Paperone2424" chips="525" dealer="1" win="0" bet="5" muck="1" rebuy="0" addon="0" merge="0" rebuychips="0" reg_code="5072244550"/>
<player seat="3" name="Ankalaev" chips="520" dealer="0" win="0" bet="520" muck="0" rebuy="0" addon="0" merge="0" rebuychips="0" reg_code="5072243568"/>
</players>
</general>
<round no="0"><action no="1" player="Ankalaev" type="15" discard="1" dealt="1" sum="5"/>
<action no="2" player="KOPKHUNKRAP" type="15" sum="5"/>
<action no="3" player="Paperone2424" type="15" discard="1" dealt="1" sum="5"/>
<action no="4" player="Ankalaev" type="1" discard="1" dealt="1" sum="15"/>
<action no="5" player="KOPKHUNKRAP" type="2" sum="30"/>
</round>
<round no="1"><cards type="Pocket" player="Ankalaev">CA H4</cards>
<cards type="Pocket" player="KOPKHUNKRAP">SK DK</cards>
<cards type="Pocket" player="Paperone2424">X X</cards>
<action no="6" player="Paperone2424" type="0" discard="1" dealt="1" sum="0"/>
<action no="7" player="Ankalaev" type="23" discard="1" dealt="1" sum="515"/>
<action no="8" player="KOPKHUNKRAP" type="7" sum="420"/>
</round>
<round no="2"><cards type="Flop">SJ C10 D10</cards>
</round>
<round no="3"><cards type="Turn">CQ</cards>
</round>
<round no="4"><cards type="River">HJ</cards>
</round>
</game>
<game gamecode="6529467718"><general><startdate>2025-11-12 14:39:36</startdate>
<round>1</round>
<failsafecounter/>
<players><player seat="10" name="Paperone2424" chips="520" dealer="0" win="150" bet="65" muck="0" rebuy="0" addon="0" merge="0" rebuychips="0" reg_code="5072244550"/>
<player seat="3" name="Ankalaev" chips="65" dealer="1" win="0" bet="65" muck="0" rebuy="0" addon="0" merge="0" rebuychips="0" reg_code="5072243568"/>
<player seat="6" name="KOPKHUNKRAP" chips="915" dealer="0" win="0" bet="20" muck="1" rebuy="0" addon="0" merge="0" rebuychips="0" reg_code="5072244526"/>
</players>
</general>
<round no="0"><action no="1" player="KOPKHUNKRAP" type="15" sum="5"/>
<action no="2" player="Paperone2424" type="15" discard="1" dealt="1" sum="5"/>
<action no="3" player="Ankalaev" type="15" discard="1" dealt="1" sum="5"/>
<action no="4" player="KOPKHUNKRAP" type="1" sum="15"/>
<action no="5" player="Paperone2424" type="2" discard="1" dealt="1" sum="30"/>
</round>
<round no="1"><cards type="Pocket" player="Ankalaev">DQ C8</cards>
<cards type="Pocket" player="KOPKHUNKRAP">C4 HK</cards>
<cards type="Pocket" player="Paperone2424">HJ S6</cards>
<action no="6" player="Ankalaev" type="7" discard="1" dealt="1" sum="60"/>
<action no="7" player="KOPKHUNKRAP" type="0" sum="0"/>
<action no="8" player="Paperone2424" type="3" discard="1" dealt="1" sum="30"/>
</round>
<round no="2"><cards type="Flop">D9 C7 D4</cards>
</round>
<round no="3"><cards type="Turn">C6</cards>
</round>
<round no="4"><cards type="River">D3</cards>
</round>
</game>
<game gamecode="6529467754"><general><startdate>2025-11-12 14:39:57</startdate>
<round>1</round>
<failsafecounter/>
<players><player seat="10" name="Paperone2424" chips="605" dealer="0" win="0" bet="65" muck="1" rebuy="0" addon="0" merge="0" rebuychips="0" reg_code="5072244550"/>
<player seat="6" name="KOPKHUNKRAP" chips="895" dealer="1" win="130" bet="155" muck="1" rebuy="0" addon="0" merge="0" rebuychips="0" reg_code="5072244526"/>
</players>
</general>
<round no="0"><action no="1" player="KOPKHUNKRAP" type="15" sum="5"/>
<action no="2" player="Paperone2424" type="15" discard="1" dealt="1" sum="5"/>
<action no="3" player="KOPKHUNKRAP" type="1" sum="15"/>
<action no="4" player="Paperone2424" type="2" discard="1" dealt="1" sum="30"/>
</round>
<round no="1"><cards type="Pocket" player="KOPKHUNKRAP">S8 HQ</cards>
<cards type="Pocket" player="Paperone2424">X X</cards>
<action no="5" player="KOPKHUNKRAP" type="3" sum="15"/>
<action no="6" player="Paperone2424" type="4" discard="1" dealt="1" sum="0"/>
</round>
<round no="2"><cards type="Flop">S10 D2 H5</cards>
<action no="7" player="Paperone2424" type="4" discard="1" dealt="1" sum="0"/>
<action no="8" player="KOPKHUNKRAP" type="5" sum="30"/>
<action no="9" player="Paperone2424" type="3" discard="1" dealt="1" sum="30"/>
</round>
<round no="3"><cards type="Turn">SA</cards>
<action no="10" player="Paperone2424" type="4" discard="1" dealt="1" sum="0"/>
<action no="11" player="KOPKHUNKRAP" type="5" sum="90"/>
<action no="12" player="Paperone2424" type="0" discard="1" dealt="1" sum="0"/>
</round>
</game>
<game gamecode="6529467789"><general><startdate>2025-11-12 14:40:24</startdate>
<round>1</round>
<failsafecounter/>
<players><player seat="6" name="KOPKHUNKRAP" chips="960" dealer="0" win="0" bet="45" muck="1" rebuy="0" addon="0" merge="0" rebuychips="0" reg_code="5072244526"/>
<player seat="10" name="Paperone2424" chips="540" dealer="1" win="90" bet="108" muck="1" rebuy="0" addon="0" merge="0" rebuychips="0" reg_code="5072244550"/>
</players>
</general>
<round no="0"><action no="1" player="Paperone2424" type="15" discard="1" dealt="1" sum="5"/>
<action no="2" player="KOPKHUNKRAP" type="15" sum="5"/>
<action no="3" player="Paperone2424" type="1" discard="1" dealt="1" sum="20"/>
<action no="4" player="KOPKHUNKRAP" type="2" sum="40"/>
</round>
<round no="1"><cards type="Pocket" player="Paperone2424">X X</cards>
<cards type="Pocket" player="KOPKHUNKRAP">C2 S7</cards>
<action no="5" player="Paperone2424" type="3" discard="1" dealt="1" sum="20"/>
<action no="6" player="KOPKHUNKRAP" type="4" sum="0"/>
</round>
<round no="2"><cards type="Flop">C10 S2 HJ</cards>
<action no="7" player="KOPKHUNKRAP" type="4" sum="0"/>
<action no="8" player="Paperone2424" type="5" discard="1" dealt="1" sum="63"/>
<action no="9" player="KOPKHUNKRAP" type="0" sum="0"/>
</round>
</game>
<game gamecode="6529467812"><general><startdate>2025-11-12 14:40:41</startdate>
<round>1</round>
<failsafecounter/>
<players><player seat="10" name="Paperone2424" chips="585" dealer="0" win="0" bet="85" muck="1" rebuy="0" addon="0" merge="0" rebuychips="0" reg_code="5072244550"/>
<player seat="6" name="KOPKHUNKRAP" chips="915" dealer="1" win="170" bet="165" muck="1" rebuy="0" addon="0" merge="0" rebuychips="0" reg_code="5072244526"/>
</players>
</general>
<round no="0"><action no="1" player="KOPKHUNKRAP" type="15" sum="5"/>
<action no="2" player="Paperone2424" type="15" discard="1" dealt="1" sum="5"/>
<action no="3" player="KOPKHUNKRAP" type="1" sum="20"/>
<action no="4" player="Paperone2424" type="2" discard="1" dealt="1" sum="40"/>
</round>
<round no="1"><cards type="Pocket" player="KOPKHUNKRAP">D2 DA</cards>
<cards type="Pocket" player="Paperone2424">X X</cards>
<action no="5" player="KOPKHUNKRAP" type="3" sum="20"/>
<action no="6" player="Paperone2424" type="4" discard="1" dealt="1" sum="0"/>
</round>
<round no="2"><cards type="Flop">H6 D3 S9</cards>
<action no="7" player="Paperone2424" type="4" discard="1" dealt="1" sum="0"/>
<action no="8" player="KOPKHUNKRAP" type="4" sum="0"/>
</round>
<round no="3"><cards type="Turn">HA</cards>
<action no="9" player="Paperone2424" type="5" discard="1" dealt="1" sum="40"/>
<action no="10" player="KOPKHUNKRAP" type="3" sum="40"/>
</round>
<round no="4"><cards type="River">SJ</cards>
<action no="11" player="Paperone2424" type="4" discard="1" dealt="1" sum="0"/>
<action no="12" player="KOPKHUNKRAP" type="5" sum="80"/>
<action no="13" player="Paperone2424" type="0" discard="1" dealt="1" sum="0"/>
</round>
</game>
<game gamecode="6529467866"><general><startdate>2025-11-12 14:41:18</startdate>
<round>1</round>
<failsafecounter/>
<players><player seat="6" name="KOPKHUNKRAP" chips="1,000" dealer="0" win="0" bet="45" muck="1" rebuy="0" addon="0" merge="0" rebuychips="0" reg_code="5072244526"/>
<player seat="10" name="Paperone2424" chips="500" dealer="1" win="90" bet="500" muck="1" rebuy="0" addon="0" merge="0" rebuychips="0" reg_code="5072244550"/>
</players>
</general>
<round no="0"><action no="1" player="Paperone2424" type="15" discard="1" dealt="1" sum="5"/>
<action no="2" player="KOPKHUNKRAP" type="15" sum="5"/>
<action no="3" player="Paperone2424" type="1" discard="1" dealt="1" sum="20"/>
<action no="4" player="KOPKHUNKRAP" type="2" sum="40"/>
</round>
<round no="1"><cards type="Pocket" player="KOPKHUNKRAP">SJ D8</cards>
<cards type="Pocket" player="Paperone2424">X X</cards>
<action no="5" player="Paperone2424" type="23" discard="1" dealt="1" sum="495"/>
<action no="6" player="KOPKHUNKRAP" type="0" sum="0"/>
</round>
</game>
<game gamecode="6529467881"><general><startdate>2025-11-12 14:41:27</startdate>
<round>1</round>
<failsafecounter/>
<players><player seat="10" name="Paperone2424" chips="545" dealer="0" win="90" bet="545" muck="1" rebuy="0" addon="0" merge="0" rebuychips="0" reg_code="5072244550"/>
<player seat="6" name="KOPKHUNKRAP" chips="955" dealer="1" win="0" bet="45" muck="1" rebuy="0" addon="0" merge="0" rebuychips="0" reg_code="5072244526"/>
</players>
</general>
<round no="0"><action no="1" player="KOPKHUNKRAP" type="15" sum="5"/>
<action no="2" player="Paperone2424" type="15" discard="1" dealt="1" sum="5"/>
<action no="3" player="KOPKHUNKRAP" type="1" sum="20"/>
<action no="4" player="Paperone2424" type="2" discard="1" dealt="1" sum="40"/>
</round>
<round no="1"><cards type="Pocket" player="KOPKHUNKRAP">C4 H8</cards>
<cards type="Pocket" player="Paperone2424">X X</cards>
<action no="5" player="KOPKHUNKRAP" type="3" sum="20"/>
<action no="6" player="Paperone2424" type="23" discard="1" dealt="1" sum="540"/>
<action no="7" player="KOPKHUNKRAP" type="0" sum="0"/>
</round>
</game>
<game gamecode="6529467897"><general><startdate>2025-11-12 14:41:41</startdate>
<round>1</round>
<failsafecounter/>
<players><player seat="6" name="KOPKHUNKRAP" chips="910" dealer="0" win="0" bet="590" muck="1" rebuy="0" addon="0" merge="0" rebuychips="0" reg_code="5072244526"/>
<player seat="10" name="Paperone2424" chips="590" dealer="1" win="1,180" bet="590" muck="0" rebuy="0" addon="0" merge="0" rebuychips="0" reg_code="5072244550"/>
</players>
</general>
<round no="0"><action no="1" player="Paperone2424" type="15" discard="1" dealt="1" sum="5"/>
<action no="2" player="KOPKHUNKRAP" type="15" sum="5"/>
<action no="3" player="Paperone2424" type="1" discard="1" dealt="1" sum="30"/>
<action no="4" player="KOPKHUNKRAP" type="2" sum="60"/>
</round>
<round no="1"><cards type="Pocket" player="Paperone2424">HK HQ</cards>
<cards type="Pocket" player="KOPKHUNKRAP">H3 H5</cards>
<action no="5" player="Paperone2424" type="3" discard="1" dealt="1" sum="30"/>
<action no="6" player="KOPKHUNKRAP" type="4" sum="0"/>
</round>
<round no="2"><cards type="Flop">H7 CQ H4</cards>
<action no="7" player="KOPKHUNKRAP" type="4" sum="0"/>
<action no="8" player="Paperone2424" type="4" discard="1" dealt="1" sum="0"/>
</round>
<round no="3"><cards type="Turn">C2</cards>
<action no="9" player="KOPKHUNKRAP" type="5" sum="130"/>
<action no="10" player="Paperone2424" type="23" discard="1" dealt="1" sum="525"/>
<action no="11" player="KOPKHUNKRAP" type="3" sum="395"/>
</round>
<round no="4"><cards type="River">C5</cards>
</round>
</game>
<game gamecode="6529467936"><general><startdate>2025-11-12 14:42:05</startdate>
<round>1</round>
<failsafecounter/>
<players><player seat="10" name="Paperone2424" chips="1,180" dealer="0" win="0" bet="125" muck="1" rebuy="0" addon="0" merge="0" rebuychips="0" reg_code="5072244550"/>
<player seat="6" name="KOPKHUNKRAP" chips="320" dealer="1" win="250" bet="320" muck="1" rebuy="0" addon="0" merge="0" rebuychips="0" reg_code="5072244526"/>
</players>
</general>
<round no="0"><action no="1" player="KOPKHUNKRAP" type="15" sum="5"/>
<action no="2" player="Paperone2424" type="15" discard="1" dealt="1" sum="5"/>
<action no="3" player="KOPKHUNKRAP" type="1" sum="30"/>
<action no="4" player="Paperone2424" type="2" discard="1" dealt="1" sum="60"/>
</round>
<round no="1"><cards type="Pocket" player="KOPKHUNKRAP">SK HK</cards>
<cards type="Pocket" player="Paperone2424">X X</cards>
<action no="5" player="KOPKHUNKRAP" type="3" sum="30"/>
<action no="6" player="Paperone2424" type="4" discard="1" dealt="1" sum="0"/>
</round>
<round no="2"><cards type="Flop">DK C9 S8</cards>
<action no="7" player="Paperone2424" type="5" discard="1" dealt="1" sum="60"/>
<action no="8" player="KOPKHUNKRAP" type="3" sum="60"/>
</round>
<round no="3"><cards type="Turn">S3</cards>
<action no="9" player="Paperone2424" type="4" discard="1" dealt="1" sum="0"/>
<action no="10" player="KOPKHUNKRAP" type="4" sum="0"/>
</round>
<round no="4"><cards type="River">C3</cards>
<action no="11" player="Paperone2424" type="4" discard="1" dealt="1" sum="0"/>
<action no="12" player="KOPKHUNKRAP" type="5" sum="195"/>
<action no="13" player="Paperone2424" type="0" discard="1" dealt="1" sum="0"/>
</round>
</game>
<game gamecode="6529467974"><general><startdate>2025-11-12 14:42:30</startdate>
<round>1</round>
<failsafecounter/>
<players><player seat="6" name="KOPKHUNKRAP" chips="445" dealer="0" win="890" bet="445" muck="0" rebuy="0" addon="0" merge="0" rebuychips="0" reg_code="5072244526"/>
<player seat="10" name="Paperone2424" chips="1,055" dealer="1" win="0" bet="1,055" muck="1" rebuy="0" addon="0" merge="0" rebuychips="0" reg_code="5072244550"/>
</players>
</general>
<round no="0"><action no="1" player="Paperone2424" type="15" discard="1" dealt="1" sum="5"/>
<action no="2" player="KOPKHUNKRAP" type="15" sum="5"/>
<action no="3" player="Paperone2424" type="1" discard="1" dealt="1" sum="30"/>
<action no="4" player="KOPKHUNKRAP" type="2" sum="60"/>
</round>
<round no="1"><cards type="Pocket" player="KOPKHUNKRAP">SK SA</cards>
<cards type="Pocket" player="Paperone2424">CA S9</cards>
<action no="5" player="Paperone2424" type="23" discard="1" dealt="1" sum="1,050"/>
<action no="6" player="KOPKHUNKRAP" type="7" sum="380"/>
</round>
<round no="2"><cards type="Flop">S2 SQ S5</cards>
</round>
<round no="3"><cards type="Turn">SJ</cards>
</round>
<round no="4"><cards type="River">S3</cards>
</round>
</game>
<game gamecode="6529467993"><general><startdate>2025-11-12 14:42:45</startdate>
<round>1</round>
<failsafecounter/>
<players><player seat="10" name="Paperone2424" chips="610" dealer="0" win="130" bet="185" muck="1" rebuy="0" addon="0" merge="0" rebuychips="0" reg_code="5072244550"/>
<player seat="6" name="KOPKHUNKRAP" chips="890" dealer="1" win="0" bet="65" muck="1" rebuy="0" addon="0" merge="0" rebuychips="0" reg_code="5072244526"/>
</players>
</general>
<round no="0"><action no="1" player="KOPKHUNKRAP" type="15" sum="5"/>
<action no="2" player="Paperone2424" type="15" discard="1" dealt="1" sum="5"/>
<action no="3" player="KOPKHUNKRAP" type="1" sum="30"/>
<action no="4" player="Paperone2424" type="2" discard="1" dealt="1" sum="60"/>
</round>
<round no="1"><cards type="Pocket" player="Paperone2424">X X</cards>
<cards type="Pocket" player="KOPKHUNKRAP">H10 S3</cards>
<action no="5" player="KOPKHUNKRAP" type="3" sum="30"/>
<action no="6" player="Paperone2424" type="23" discard="1" dealt="1" sum="180"/>
<action no="7" player="KOPKHUNKRAP" type="0" sum="0"/>
</round>
</game>
<game gamecode="6529468024"><general><startdate>2025-11-12 14:43:07</startdate>
<round>1</round>
<failsafecounter/>
<players><player seat="6" name="KOPKHUNKRAP" chips="825" dealer="0" win="0" bet="65" muck="1" rebuy="0" addon="0" merge="0" rebuychips="0" reg_code="5072244526"/>
<player seat="10" name="Paperone2424" chips="675" dealer="1" win="130" bet="125" muck="1" rebuy="0" addon="0" merge="0" rebuychips="0" reg_code="5072244550"/>
</players>
</general>
<round no="0"><action no="1" player="Paperone2424" type="15" discard="1" dealt="1" sum="5"/>
<action no="2" player="KOPKHUNKRAP" type="15" sum="5"/>
<action no="3" player="Paperone2424" type="1" discard="1" dealt="1" sum="30"/>
<action no="4" player="KOPKHUNKRAP" type="2" sum="60"/>
</round>
<round no="1"><cards type="Pocket" player="Paperone2424">X X</cards>
<cards type="Pocket" player="KOPKHUNKRAP">H10 C7</cards>
<action no="5" player="Paperone2424" type="23" discard="1" dealt="1" sum="120"/>
<action no="6" player="KOPKHUNKRAP" type="0" sum="0"/>
</round>
</game>
<game gamecode="6529468046"><general><startdate>2025-11-12 14:43:19</startdate>
<round>1</round>
<failsafecounter/>
<players><player seat="10" name="Paperone2424" chips="740" dealer="0" win="0" bet="250" muck="1" rebuy="0" addon="0" merge="0" rebuychips="0" reg_code="5072244550"/>
<player seat="6" name="KOPKHUNKRAP" chips="760" dealer="1" win="500" bet="760" muck="1" rebuy="0" addon="0" merge="0" rebuychips="0" reg_code="5072244526"/>
</players>
</general>
<round no="0"><action no="1" player="KOPKHUNKRAP" type="15" sum="5"/>
<action no="2" player="Paperone2424" type="15" discard="1" dealt="1" sum="5"/>
<action no="3" player="KOPKHUNKRAP" type="1" sum="30"/>
<action no="4" player="Paperone2424" type="2" discard="1" dealt="1" sum="60"/>
</round>
<round no="1"><cards type="Pocket" player="KOPKHUNKRAP">DK S8</cards>
<cards type="Pocket" player="Paperone2424">X X</cards>
<action no="5" player="KOPKHUNKRAP" type="3" sum="30"/>
<action no="6" player="Paperone2424" type="4" discard="1" dealt="1" sum="0"/>
</round>
<round no="2"><cards type="Flop">SJ CK H6</cards>
<action no="7" player="Paperone2424" type="4" discard="1" dealt="1" sum="0"/>
<action no="8" player="KOPKHUNKRAP" type="5" sum="60"/>
<action no="9" player="Paperone2424" type="3" discard="1" dealt="1" sum="60"/>
</round>
<round no="3"><cards type="Turn">H10</cards>
<action no="10" player="Paperone2424" type="4" discard="1" dealt="1" sum="0"/>
<action no="11" player="KOPKHUNKRAP" type="5" sum="125"/>
<action no="12" player="Paperone2424" type="3" discard="1" dealt="1" sum="125"/>
</round>
<round no="4"><cards type="River">C2</cards>
<action no="13" player="Paperone2424" type="4" discard="1" dealt="1" sum="0"/>
<action no="14" player="KOPKHUNKRAP" type="5" sum="510"/>
<action no="15" player="Paperone2424" type="0" discard="1" dealt="1" sum="0"/>
</round>
</game>
<game gamecode="6529468092"><general><startdate>2025-11-12 14:43:43</startdate>
<round>1</round>
<failsafecounter/>
<players><player seat="6" name="KOPKHUNKRAP" chips="1,010" dealer="0" win="176" bet="208" muck="1" rebuy="0" addon="0" merge="0" rebuychips="0" reg_code="5072244526"/>
<player seat="10" name="Paperone2424" chips="490" dealer="1" win="0" bet="88" muck="1" rebuy="0" addon="0" merge="0" rebuychips="0" reg_code="5072244550"/>
</players>
</general>
<round no="0"><action no="1" player="Paperone2424" type="15" discard="1" dealt="1" sum="8"/>
<action no="2" player="KOPKHUNKRAP" type="15" sum="8"/>
<action no="3" player="Paperone2424" type="1" discard="1" dealt="1" sum="40"/>
<action no="4" player="KOPKHUNKRAP" type="2" sum="80"/>
</round>
<round no="1"><cards type="Pocket" player="KOPKHUNKRAP">D9 H7</cards>
<cards type="Pocket" player="Paperone2424">X X</cards>
<action no="5" player="Paperone2424" type="3" discard="1" dealt="1" sum="40"/>
<action no="6" player="KOPKHUNKRAP" type="4" sum="0"/>
</round>
<round no="2"><cards type="Flop">HQ C6 D8</cards>
<action no="7" player="KOPKHUNKRAP" type="4" sum="0"/>
<action no="8" player="Paperone2424" type="4" discard="1" dealt="1" sum="0"/>
</round>
<round no="3"><cards type="Turn">D5</cards>
<action no="9" player="KOPKHUNKRAP" type="5" sum="120"/>
<action no="10" player="Paperone2424" type="0" discard="1" dealt="1" sum="0"/>
</round>
</game>
<game gamecode="6529468127"><general><startdate>2025-11-12 14:44:00</startdate>
<round>1</round>
<failsafecounter/>
<players><player seat="10" name="Paperone2424" chips="402" dealer="0" win="96" bet="88" muck="1" rebuy="0" addon="0" merge="0" rebuychips="0" reg_code="5072244550"/>
<player seat="6" name="KOPKHUNKRAP" chips="1,098" dealer="1" win="0" bet="48" muck="1" rebuy="0" addon="0" merge="0" rebuychips="0" reg_code="5072244526"/>
</players>
</general>
<round no="0"><action no="1" player="KOPKHUNKRAP" type="15" sum="8"/>
<action no="2" player="Paperone2424" type="15" discard="1" dealt="1" sum="8"/>
<action no="3" player="KOPKHUNKRAP" type="1" sum="40"/>
<action no="4" player="Paperone2424" type="2" discard="1" dealt="1" sum="80"/>
</round>
<round no="1"><cards type="Pocket" player="KOPKHUNKRAP">H2 D9</cards>
<cards type="Pocket" player="Paperone2424">X X</cards>
<action no="5" player="KOPKHUNKRAP" type="0" sum="0"/>
</round>
</game>
<game gamecode="6529468139"><general><startdate>2025-11-12 14:44:08</startdate>
<round>1</round>
<failsafecounter/>
<players><player seat="6" name="KOPKHUNKRAP" chips="1,050" dealer="0" win="0" bet="88" muck="1" rebuy="0" addon="0" merge="0" rebuychips="0" reg_code="5072244526"/>
<player seat="10" name="Paperone2424" chips="450" dealer="1" win="176" bet="176" muck="1" rebuy="0" addon="0" merge="0" rebuychips="0" reg_code="5072244550"/>
</players>
</general>
<round no="0"><action no="1" player="Paperone2424" type="15" discard="1" dealt="1" sum="8"/>
<action no="2" player="KOPKHUNKRAP" type="15" sum="8"/>
<action no="3" player="Paperone2424" type="1" discard="1" dealt="1" sum="40"/>
<action no="4" player="KOPKHUNKRAP" type="2" sum="80"/>
</round>
<round no="1"><cards type="Pocket" player="Paperone2424">X X</cards>
<cards type="Pocket" player="KOPKHUNKRAP">D2 H4</cards>
<action no="5" player="Paperone2424" type="3" discard="1" dealt="1" sum="40"/>
<action no="6" player="KOPKHUNKRAP" type="4" sum="0"/>
</round>
<round no="2"><cards type="Flop">HJ S10 DK</cards>
<action no="7" player="KOPKHUNKRAP" type="4" sum="0"/>
<action no="8" player="Paperone2424" type="5" discard="1" dealt="1" sum="88"/>
<action no="9" player="KOPKHUNKRAP" type="0" sum="0"/>
</round>
</game>
<game gamecode="6529468167"><general><startdate>2025-11-12 14:44:21</startdate>
<round>1</round>
<failsafecounter/>
<players><player seat="10" name="Paperone2424" chips="538" dealer="0" win="0" bet="88" muck="1" rebuy="0" addon="0" merge="0" rebuychips="0" reg_code="5072244550"/>
<player seat="6" name="KOPKHUNKRAP" chips="962" dealer="1" win="176" bet="962" muck="1" rebuy="0" addon="0" merge="0" rebuychips="0" reg_code="5072244526"/>
</players>
</general>
<round no="0"><action no="1" player="KOPKHUNKRAP" type="15" sum="8"/>
<action no="2" player="Paperone2424" type="15" discard="1" dealt="1" sum="8"/>
<action no="3" player="KOPKHUNKRAP" type="1" sum="40"/>
<action no="4" player="Paperone2424" type="2" discard="1" dealt="1" sum="80"/>
</round>
<round no="1"><cards type="Pocket" player="Paperone2424">X X</cards>
<cards type="Pocket" player="KOPKHUNKRAP">C4 D4</cards>
<action no="5" player="KOPKHUNKRAP" type="23" sum="954"/>
<action no="6" player="Paperone2424" type="0" discard="1" dealt="1" sum="0"/>
</round>
</game>
<game gamecode="6529468176"><general><startdate>2025-11-12 14:44:29</startdate>
<round>1</round>
<failsafecounter/>
<players><player seat="6" name="KOPKHUNKRAP" chips="1,050" dealer="0" win="0" bet="88" muck="1" rebuy="0" addon="0" merge="0" rebuychips="0" reg_code="5072244526"/>
<player seat="10" name="Paperone2424" chips="450" dealer="1" win="176" bet="450" muck="1" rebuy="0" addon="0" merge="0" rebuychips="0" reg_code="5072244550"/>
</players>
</general>
<round no="0"><action no="1" player="Paperone2424" type="15" discard="1" dealt="1" sum="8"/>
<action no="2" player="KOPKHUNKRAP" type="15" sum="8"/>
<action no="3" player="Paperone2424" type="1" discard="1" dealt="1" sum="40"/>
<action no="4" player="KOPKHUNKRAP" type="2" sum="80"/>
</round>
<round no="1"><cards type="Pocket" player="KOPKHUNKRAP">H10 S5</cards>
<cards type="Pocket" player="Paperone2424">X X</cards>
<action no="5" player="Paperone2424" type="23" discard="1" dealt="1" sum="442"/>
<action no="6" player="KOPKHUNKRAP" type="0" sum="0"/>
</round>
</game>
<game gamecode="6529468192"><general><startdate>2025-11-12 14:44:38</startdate>
<round>1</round>
<failsafecounter/>
<players><player seat="10" name="Paperone2424" chips="538" dealer="0" win="1,076" bet="538" muck="0" rebuy="0" addon="0" merge="0" rebuychips="0" reg_code="5072244550"/>
<player seat="6" name="KOPKHUNKRAP" chips="962" dealer="1" win="0" bet="962" muck="1" rebuy="0" addon="0" merge="0" rebuychips="0" reg_code="5072244526"/>
</players>
</general>
<round no="0"><action no="1" player="KOPKHUNKRAP" type="15" sum="8"/>
<action no="2" player="Paperone2424" type="15" discard="1" dealt="1" sum="8"/>
<action no="3" player="KOPKHUNKRAP" type="1" sum="40"/>
<action no="4" player="Paperone2424" type="2" discard="1" dealt="1" sum="80"/>
</round>
<round no="1"><cards type="Pocket" player="Paperone2424">SK HQ</cards>
<cards type="Pocket" player="KOPKHUNKRAP">S8 SQ</cards>
<action no="5" player="KOPKHUNKRAP" type="23" sum="954"/>
<action no="6" player="Paperone2424" type="7" discard="1" dealt="1" sum="450"/>
</round>
<round no="2"><cards type="Flop">CK D10 D2</cards>
</round>
<round no="3"><cards type="Turn">S3</cards>
</round>
<round no="4"><cards type="River">S2</cards>
</round>
</game>
<game gamecode="6529468218"><general><startdate>2025-11-12 14:44:53</startdate>
<round>1</round>
<failsafecounter/>
<players><player seat="6" name="KOPKHUNKRAP" chips="424" dealer="0" win="0" bet="88" muck="1" rebuy="0" addon="0" merge="0" rebuychips="0" reg_code="5072244526"/>
<player seat="10" name="Paperone2424" chips="1,076" dealer="1" win="176" bet="176" muck="1" rebuy="0" addon="0" merge="0" rebuychips="0" reg_code="5072244550"/>
</players>
</general>
<round no="0"><action no="1" player="Paperone2424" type="15" discard="1" dealt="1" sum="8"/>
<action no="2" player="KOPKHUNKRAP" type="15" sum="8"/>
<action no="3" player="Paperone2424" type="1" discard="1" dealt="1" sum="40"/>
<action no="4" player="KOPKHUNKRAP" type="2" sum="80"/>
</round>
<round no="1"><cards type="Pocket" player="Paperone2424">X X</cards>
<cards type="Pocket" player="KOPKHUNKRAP">D5 H2</cards>
<action no="5" player="Paperone2424" type="3" discard="1" dealt="1" sum="40"/>
<action no="6" player="KOPKHUNKRAP" type="4" sum="0"/>
</round>
<round no="2"><cards type="Flop">H4 DJ S4</cards>
<action no="7" player="KOPKHUNKRAP" type="4" sum="0"/>
<action no="8" player="Paperone2424" type="5" discard="1" dealt="1" sum="88"/>
<action no="9" player="KOPKHUNKRAP" type="0" sum="0"/>
</round>
</game>
<game gamecode="6529468242"><general><startdate>2025-11-12 14:45:05</startdate>
<round>1</round>
<failsafecounter/>
<players><player seat="10" name="Paperone2424" chips="1,164" dealer="0" win="0" bet="110" muck="1" rebuy="0" addon="0" merge="0" rebuychips="0" reg_code="5072244550"/>
<player seat="6" name="KOPKHUNKRAP" chips="336" dealer="1" win="220" bet="336" muck="1" rebuy="0" addon="0" merge="0" rebuychips="0" reg_code="5072244526"/>
</players>
</general>
<round no="0"><action no="1" player="KOPKHUNKRAP" type="15" sum="10"/>
<action no="2" player="Paperone2424" type="15" discard="1" dealt="1" sum="10"/>
<action no="3" player="KOPKHUNKRAP" type="1" sum="50"/>
<action no="4" player="Paperone2424" type="2" discard="1" dealt="1" sum="100"/>
</round>
<round no="1"><cards type="Pocket" player="KOPKHUNKRAP">DJ HK</cards>
<cards type="Pocket" player="Paperone2424">X X</cards>
<action no="5" player="KOPKHUNKRAP" type="23" sum="326"/>
<action no="6" player="Paperone2424" type="0" discard="1" dealt="1" sum="0"/>
</round>
</game>
<game gamecode="6529468254"><general><startdate>2025-11-12 14:45:12</startdate>
<round>1</round>
<failsafecounter/>
<players><player seat="6" name="KOPKHUNKRAP" chips="446" dealer="0" win="120" bet="110" muck="1" rebuy="0" addon="0" merge="0" rebuychips="0" reg_code="5072244526"/>
<player seat="10" name="Paperone2424" chips="1,054" dealer="1" win="0" bet="60" muck="1" rebuy="0" addon="0" merge="0" rebuychips="0" reg_code="5072244550"/>
</players>
</general>
<round no="0"><action no="1" player="Paperone2424" type="15" discard="1" dealt="1" sum="10"/>
<action no="2" player="KOPKHUNKRAP" type="15" sum="10"/>
<action no="3" player="Paperone2424" type="1" discard="1" dealt="1" sum="50"/>
<action no="4" player="KOPKHUNKRAP" type="2" sum="100"/>
</round>
<round no="1"><cards type="Pocket" player="Paperone2424">X X</cards>
<cards type="Pocket" player="KOPKHUNKRAP">H4 H6</cards>
<action no="5" player="Paperone2424" type="0" discard="1" dealt="1" sum="0"/>
</round>
</game>
<game gamecode="6529468263"><general><startdate>2025-11-12 14:45:17</startdate>
<round>1</round>
<failsafecounter/>
<players><player seat="10" name="Paperone2424" chips="994" dealer="0" win="1,012" bet="506" muck="0" rebuy="0" addon="0" merge="0" rebuychips="0" reg_code="5072244550"/>
<player seat="6" name="KOPKHUNKRAP" chips="506" dealer="1" win="0" bet="506" muck="0" rebuy="0" addon="0" merge="0" rebuychips="0" reg_code="5072244526"/>
</players>
</general>
<round no="0"><action no="1" player="KOPKHUNKRAP" type="15" sum="10"/>
<action no="2" player="Paperone2424" type="15" discard="1" dealt="1" sum="10"/>
<action no="3" player="KOPKHUNKRAP" type="1" sum="50"/>
<action no="4" player="Paperone2424" type="2" discard="1" dealt="1" sum="100"/>
</round>
<round no="1"><cards type="Pocket" player="Paperone2424">DK HJ</cards>
<cards type="Pocket" player="KOPKHUNKRAP">D7 SQ</cards>
<action no="5" player="KOPKHUNKRAP" type="23" sum="496"/>
<action no="6" player="Paperone2424" type="3" discard="1" dealt="1" sum="396"/>
</round>
<round no="2"><cards type="Flop">H7 D10 HQ</cards>
</round>
<round no="3"><cards type="Turn">D8</cards>
</round>
<round no="4"><cards type="River">CA</cards>
</round>
</game>
</session>
