<?xml version="1.0" encoding="UTF-8"?>
<session sessioncode="5072608928">
<general>
<client_version>24.7.1.15</client_version>
<mode>real</mode>
<gametype>Holdem NL</gametype>
<tablename>Twister €200 SNG, 821640065</tablename>
<tournamentcode>821640064</tournamentcode>
<tournamentname>Twister €200 SNG</tournamentname>
<buyin>€0 + €12 + €188</buyin>
<totalbuyin>€200</totalbuyin>
<rewarddrawn>€400</rewarddrawn>
<tournamentcurrency>EUR</tournamentcurrency>
<currency>EUR</currency>
<nickname>KOPKHUNKRAP</nickname>
<gamecount>23</gamecount>
<startdate>2025-11-14 01:27:39</startdate>
<place>1</place>
<win>€400</win>
<tablesize>3</tablesize>
</general>
<game gamecode="6530630331"><general><startdate>2025-11-14 01:27:55</startdate>
<round>1</round>
<failsafecounter/>
<players><player seat="3" name="KOPKHUNKRAP" chips="500" dealer="0" win="20" bet="20" muck="1" rebuy="0" addon="0" merge="0" rebuychips="0" reg_code="5072608928"/>
<player seat="6" name="OndaBianca1" chips="500" dealer="1" win="0" bet="0" muck="1" rebuy="0" addon="0" merge="0" rebuychips="0" reg_code="5072608988"/>
<player seat="10" name="Dantucker" chips="500" dealer="0" win="0" bet="10" muck="1" rebuy="0" addon="0" merge="0" rebuychips="0" reg_code="5072608997"/>
</players>
</general>
<round no="0"><action no="1" player="Dantucker" type="1" discard="1" dealt="1" sum="10"/>
<action no="2" player="KOPKHUNKRAP" type="2" sum="20"/>
</round>
<round no="1"><cards type="Pocket" player="Dantucker">X X</cards>
<cards type="Pocket" player="OndaBianca1">X X</cards>
<cards type="Pocket" player="KOPKHUNKRAP">C4 H5</cards>
<action no="3" player="OndaBianca1" type="0" discard="1" dealt="1" sum="0"/>
<action no="4" player="Dantucker" type="0" discard="1" dealt="1" sum="0"/>
</round>
</game>
<game gamecode="6530630340"><general><startdate>2025-11-14 01:28:01</startdate>
<round>1</round>
<failsafecounter/>
<players><player seat="6" name="OndaBianca1" chips="500" dealer="0" win="0" bet="20" muck="1" rebuy="0" addon="0" merge="0" rebuychips="0" reg_code="5072608988"/>
<player seat="10" name="Dantucker" chips="490" dealer="1" win="0" bet="0" muck="1" rebuy="0" addon="0" merge="0" rebuychips="0" reg_code="5072608997"/>
<player seat="3" name="KOPKHUNKRAP" chips="510" dealer="0" win="40" bet="60" muck="1" rebuy="0" addon="0" merge="0" rebuychips="0" reg_code="5072608928"/>
</players>
</general>
<round no="0"><action no="1" player="KOPKHUNKRAP" type="1" sum="10"/>
<action no="2" player="OndaBianca1" type="2" discard="1" dealt="1" sum="20"/>
</round>
<round no="1"><cards type="Pocket" player="OndaBianca1">X X</cards>
<cards type="Pocket" player="Dantucker">X X</cards>
<cards type="Pocket" player="KOPKHUNKRAP">S10 C9</cards>
<action no="3" player="Dantucker" type="0" discard="1" dealt="1" sum="0"/>
<action no="4" player="KOPKHUNKRAP" type="23" sum="60"/>
<action no="5" player="OndaBianca1" type="0" discard="1" dealt="1" sum="0"/>
</round>
</game>
<game gamecode="6530630350"><general><startdate>2025-11-14 01:28:12</startdate>
<round>1</round>
<failsafecounter/>
<players><player seat="10" name="Dantucker" chips="490" dealer="0" win="20" bet="20" muck="1" rebuy="0" addon="0" merge="0" rebuychips="0" reg_code="5072608997"/>
<player seat="3" name="KOPKHUNKRAP" chips="530" dealer="1" win="0" bet="0" muck="1" rebuy="0" addon="0" merge="0" rebuychips="0" reg_code="5072608928"/>
<player seat="6" name="OndaBianca1" chips="480" dealer="0" win="0" bet="10" muck="1" rebuy="0" addon="0" merge="0" rebuychips="0" reg_code="5072608988"/>
</players>
</general>
<round no="0"><action no="1" player="OndaBianca1" type="1" discard="1" dealt="1" sum="10"/>
<action no="2" player="Dantucker" type="2" discard="1" dealt="1" sum="20"/>
</round>
<round no="1"><cards type="Pocket" player="Dantucker">X X</cards>
<cards type="Pocket" player="KOPKHUNKRAP">C3 S10</cards>
<cards type="Pocket" player="OndaBianca1">X X</cards>
<action no="3" player="KOPKHUNKRAP" type="0" sum="0"/>
<action no="4" player="OndaBianca1" type="0" discard="1" dealt="1" sum="0"/>
</round>
</game>
<game gamecode="6530630363"><general><startdate>2025-11-14 01:28:19</startdate>
<round>1</round>
<failsafecounter/>
<players><player seat="3" name="KOPKHUNKRAP" chips="530" dealer="0" win="0" bet="40" muck="1" rebuy="0" addon="0" merge="0" rebuychips="0" reg_code="5072608928"/>
<player seat="6" name="OndaBianca1" chips="470" dealer="1" win="0" bet="0" muck="1" rebuy="0" addon="0" merge="0" rebuychips="0" reg_code="5072608988"/>
<player seat="10" name="Dantucker" chips="500" dealer="0" win="80" bet="100" muck="1" rebuy="0" addon="0" merge="0" rebuychips="0" reg_code="5072608997"/>
</players>
</general>
<round no="0"><action no="1" player="Dantucker" type="1" discard="1" dealt="1" sum="10"/>
<action no="2" player="KOPKHUNKRAP" type="2" sum="20"/>
</round>
<round no="1"><cards type="Pocket" player="OndaBianca1">X X</cards>
<cards type="Pocket" player="KOPKHUNKRAP">C5 C7</cards>
<cards type="Pocket" player="Dantucker">X X</cards>
<action no="3" player="OndaBianca1" type="0" discard="1" dealt="1" sum="0"/>
<action no="4" player="Dantucker" type="3" discard="1" dealt="1" sum="10"/>
<action no="5" player="KOPKHUNKRAP" type="4" sum="0"/>
</round>
<round no="2"><cards type="Flop">H3 SA C6</cards>
<action no="6" player="Dantucker" type="5" discard="1" dealt="1" sum="20"/>
<action no="7" player="KOPKHUNKRAP" type="3" sum="20"/>
</round>
<round no="3"><cards type="Turn">DA</cards>
<action no="8" player="Dantucker" type="5" discard="1" dealt="1" sum="60"/>
<action no="9" player="KOPKHUNKRAP" type="0" sum="0"/>
</round>
</game>
<game gamecode="6530630407"><general><startdate>2025-11-14 01:28:51</startdate>
<round>1</round>
<failsafecounter/>
<players><player seat="6" name="OndaBianca1" chips="470" dealer="0" win="0" bet="20" muck="1" rebuy="0" addon="0" merge="0" rebuychips="0" reg_code="5072608988"/>
<player seat="10" name="Dantucker" chips="540" dealer="1" win="50" bet="540" muck="1" rebuy="0" addon="0" merge="0" rebuychips="0" reg_code="5072608997"/>
<player seat="3" name="KOPKHUNKRAP" chips="490" dealer="0" win="0" bet="10" muck="1" rebuy="0" addon="0" merge="0" rebuychips="0" reg_code="5072608928"/>
</players>
</general>
<round no="0"><action no="1" player="KOPKHUNKRAP" type="1" sum="10"/>
<action no="2" player="OndaBianca1" type="2" discard="1" dealt="1" sum="20"/>
</round>
<round no="1"><cards type="Pocket" player="OndaBianca1">X X</cards>
<cards type="Pocket" player="KOPKHUNKRAP">S5 C8</cards>
<cards type="Pocket" player="Dantucker">X X</cards>
<action no="3" player="Dantucker" type="23" discard="1" dealt="1" sum="540"/>
<action no="4" player="KOPKHUNKRAP" type="0" sum="0"/>
<action no="5" player="OndaBianca1" type="0" discard="1" dealt="1" sum="0"/>
</round>
</game>
<game gamecode="6530630421"><general><startdate>2025-11-14 01:29:07</startdate>
<round>1</round>
<failsafecounter/>
<players><player seat="10" name="Dantucker" chips="570" dealer="0" win="200" bet="140" muck="1" rebuy="0" addon="0" merge="0" rebuychips="0" reg_code="5072608997"/>
<player seat="3" name="KOPKHUNKRAP" chips="480" dealer="1" win="0" bet="0" muck="1" rebuy="0" addon="0" merge="0" rebuychips="0" reg_code="5072608928"/>
<player seat="6" name="OndaBianca1" chips="450" dealer="0" win="0" bet="100" muck="1" rebuy="0" addon="0" merge="0" rebuychips="0" reg_code="5072608988"/>
</players>
</general>
<round no="0"><action no="1" player="OndaBianca1" type="1" discard="1" dealt="1" sum="10"/>
<action no="2" player="Dantucker" type="2" discard="1" dealt="1" sum="20"/>
</round>
<round no="1"><cards type="Pocket" player="Dantucker">X X</cards>
<cards type="Pocket" player="OndaBianca1">X X</cards>
<cards type="Pocket" player="KOPKHUNKRAP">S9 C2</cards>
<action no="3" player="KOPKHUNKRAP" type="0" sum="0"/>
<action no="4" player="OndaBianca1" type="23" discard="1" dealt="1" sum="60"/>
<action no="5" player="Dantucker" type="3" discard="1" dealt="1" sum="40"/>
</round>
<round no="2"><cards type="Flop">HJ S3 S7</cards>
<action no="6" player="OndaBianca1" type="5" discard="1" dealt="1" sum="40"/>
<action no="7" player="Dantucker" type="3" discard="1" dealt="1" sum="40"/>
</round>
<round no="3"><cards type="Turn">C3</cards>
<action no="8" player="OndaBianca1" type="4" discard="1" dealt="1" sum="0"/>
<action no="9" player="Dantucker" type="4" discard="1" dealt="1" sum="0"/>
</round>
<round no="4"><cards type="River">S5</cards>
<action no="10" player="OndaBianca1" type="4" discard="1" dealt="1" sum="0"/>
<action no="11" player="Dantucker" type="5" discard="1" dealt="1" sum="40"/>
<action no="12" player="OndaBianca1" type="0" discard="1" dealt="1" sum="0"/>
</round>
</game>
<game gamecode="6530630472"><general><startdate>2025-11-14 01:29:38</startdate>
<round>1</round>
<failsafecounter/>
<players><player seat="3" name="KOPKHUNKRAP" chips="480" dealer="0" win="0" bet="35" muck="1" rebuy="0" addon="0" merge="0" rebuychips="0" reg_code="5072608928"/>
<player seat="6" name="OndaBianca1" chips="350" dealer="1" win="90" bet="65" muck="1" rebuy="0" addon="0" merge="0" rebuychips="0" reg_code="5072608988"/>
<player seat="10" name="Dantucker" chips="670" dealer="0" win="0" bet="20" muck="1" rebuy="0" addon="0" merge="0" rebuychips="0" reg_code="5072608997"/>
</players>
</general>
<round no="0"><action no="1" player="Dantucker" type="15" discard="1" dealt="1" sum="5"/>
<action no="2" player="KOPKHUNKRAP" type="15" sum="5"/>
<action no="3" player="OndaBianca1" type="15" discard="1" dealt="1" sum="5"/>
<action no="4" player="Dantucker" type="1" discard="1" dealt="1" sum="15"/>
<action no="5" player="KOPKHUNKRAP" type="2" sum="30"/>
</round>
<round no="1"><cards type="Pocket" player="Dantucker">X X</cards>
<cards type="Pocket" player="OndaBianca1">X X</cards>
<cards type="Pocket" player="KOPKHUNKRAP">H8 DK</cards>
<action no="6" player="OndaBianca1" type="23" discard="1" dealt="1" sum="60"/>
<action no="7" player="Dantucker" type="0" discard="1" dealt="1" sum="0"/>
<action no="8" player="KOPKHUNKRAP" type="0" sum="0"/>
</round>
</game>
<game gamecode="6530630488"><general><startdate>2025-11-14 01:29:49</startdate>
<round>1</round>
<failsafecounter/>
<players><player seat="6" name="OndaBianca1" chips="405" dealer="0" win="0" bet="65" muck="1" rebuy="0" addon="0" merge="0" rebuychips="0" reg_code="5072608988"/>
<player seat="10" name="Dantucker" chips="650" dealer="1" win="150" bet="125" muck="1" rebuy="0" addon="0" merge="0" rebuychips="0" reg_code="5072608997"/>
<player seat="3" name="KOPKHUNKRAP" chips="445" dealer="0" win="0" bet="20" muck="1" rebuy="0" addon="0" merge="0" rebuychips="0" reg_code="5072608928"/>
</players>
</general>
<round no="0"><action no="1" player="KOPKHUNKRAP" type="15" sum="5"/>
<action no="2" player="OndaBianca1" type="15" discard="1" dealt="1" sum="5"/>
<action no="3" player="Dantucker" type="15" discard="1" dealt="1" sum="5"/>
<action no="4" player="KOPKHUNKRAP" type="1" sum="15"/>
<action no="5" player="OndaBianca1" type="2" discard="1" dealt="1" sum="30"/>
</round>
<round no="1"><cards type="Pocket" player="Dantucker">X X</cards>
<cards type="Pocket" player="OndaBianca1">X X</cards>
<cards type="Pocket" player="KOPKHUNKRAP">CJ H8</cards>
<action no="6" player="Dantucker" type="23" discard="1" dealt="1" sum="60"/>
<action no="7" player="KOPKHUNKRAP" type="0" sum="0"/>
<action no="8" player="OndaBianca1" type="3" discard="1" dealt="1" sum="30"/>
</round>
<round no="2"><cards type="Flop">H7 D10 CA</cards>
<action no="9" player="OndaBianca1" type="4" discard="1" dealt="1" sum="0"/>
<action no="10" player="Dantucker" type="5" discard="1" dealt="1" sum="60"/>
<action no="11" player="OndaBianca1" type="0" discard="1" dealt="1" sum="0"/>
</round>
</game>
<game gamecode="6530630522"><general><startdate>2025-11-14 01:30:11</startdate>
<round>1</round>
<failsafecounter/>
<players><player seat="10" name="Dantucker" chips="735" dealer="0" win="0" bet="35" muck="1" rebuy="0" addon="0" merge="0" rebuychips="0" reg_code="5072608997"/>
<player seat="3" name="KOPKHUNKRAP" chips="425" dealer="1" win="0" bet="5" muck="1" rebuy="0" addon="0" merge="0" rebuychips="0" reg_code="5072608928"/>
<player seat="6" name="OndaBianca1" chips="340" dealer="0" win="75" bet="340" muck="1" rebuy="0" addon="0" merge="0" rebuychips="0" reg_code="5072608988"/>
</players>
</general>
<round no="0"><action no="1" player="OndaBianca1" type="15" discard="1" dealt="1" sum="5"/>
<action no="2" player="Dantucker" type="15" discard="1" dealt="1" sum="5"/>
<action no="3" player="KOPKHUNKRAP" type="15" sum="5"/>
<action no="4" player="OndaBianca1" type="1" discard="1" dealt="1" sum="15"/>
<action no="5" player="Dantucker" type="2" discard="1" dealt="1" sum="30"/>
</round>
<round no="1"><cards type="Pocket" player="Dantucker">X X</cards>
<cards type="Pocket" player="KOPKHUNKRAP">H2 C4</cards>
<cards type="Pocket" player="OndaBianca1">X X</cards>
<action no="6" player="KOPKHUNKRAP" type="0" sum="0"/>
<action no="7" player="OndaBianca1" type="23" discard="1" dealt="1" sum="335"/>
<action no="8" player="Dantucker" type="0" discard="1" dealt="1" sum="0"/>
</round>
</game>
<game gamecode="6530630534"><general><startdate>2025-11-14 01:30:19</startdate>
<round>1</round>
<failsafecounter/>
<players><player seat="3" name="KOPKHUNKRAP" chips="420" dealer="0" win="149" bet="72" muck="0" rebuy="0" addon="0" merge="0" rebuychips="0" reg_code="5072608928"/>
<player seat="6" name="OndaBianca1" chips="380" dealer="1" win="0" bet="5" muck="1" rebuy="0" addon="0" merge="0" rebuychips="0" reg_code="5072608988"/>
<player seat="10" name="Dantucker" chips="700" dealer="0" win="0" bet="72" muck="1" rebuy="0" addon="0" merge="0" rebuychips="0" reg_code="5072608997"/>
</players>
</general>
<round no="0"><action no="1" player="Dantucker" type="15" discard="1" dealt="1" sum="5"/>
<action no="2" player="KOPKHUNKRAP" type="15" sum="5"/>
<action no="3" player="OndaBianca1" type="15" discard="1" dealt="1" sum="5"/>
<action no="4" player="Dantucker" type="1" discard="1" dealt="1" sum="15"/>
<action no="5" player="KOPKHUNKRAP" type="2" sum="30"/>
</round>
<round no="1"><cards type="Pocket" player="KOPKHUNKRAP">D10 D6</cards>
<cards type="Pocket" player="Dantucker">CK S3</cards>
<cards type="Pocket" player="OndaBianca1">X X</cards>
<action no="6" player="OndaBianca1" type="0" discard="1" dealt="1" sum="0"/>
<action no="7" player="Dantucker" type="3" discard="1" dealt="1" sum="15"/>
<action no="8" player="KOPKHUNKRAP" type="4" sum="0"/>
</round>
<round no="2"><cards type="Flop">C9 C8 S6</cards>
<action no="9" player="Dantucker" type="4" discard="1" dealt="1" sum="0"/>
<action no="10" player="KOPKHUNKRAP" type="4" sum="0"/>
</round>
<round no="3"><cards type="Turn">S9</cards>
<action no="11" player="Dantucker" type="4" discard="1" dealt="1" sum="0"/>
<action no="12" player="KOPKHUNKRAP" type="5" sum="37"/>
<action no="13" player="Dantucker" type="3" discard="1" dealt="1" sum="37"/>
</round>
<round no="4"><cards type="River">H10</cards>
<action no="14" player="Dantucker" type="4" discard="1" dealt="1" sum="0"/>
<action no="15" player="KOPKHUNKRAP" type="4" sum="0"/>
</round>
</game>
<game gamecode="6530630581"><general><startdate>2025-11-14 01:30:47</startdate>
<round>1</round>
<failsafecounter/>
<players><player seat="6" name="OndaBianca1" chips="375" dealer="0" win="0" bet="375" muck="1" rebuy="0" addon="0" merge="0" rebuychips="0" reg_code="5072608988"/>
<player seat="10" name="Dantucker" chips="628" dealer="1" win="770" bet="628" muck="0" rebuy="0" addon="0" merge="0" rebuychips="0" reg_code="5072608997"/>
<player seat="3" name="KOPKHUNKRAP" chips="497" dealer="0" win="0" bet="20" muck="1" rebuy="0" addon="0" merge="0" rebuychips="0" reg_code="5072608928"/>
</players>
</general>
<round no="0"><action no="1" player="KOPKHUNKRAP" type="15" sum="5"/>
<action no="2" player="OndaBianca1" type="15" discard="1" dealt="1" sum="5"/>
<action no="3" player="Dantucker" type="15" discard="1" dealt="1" sum="5"/>
<action no="4" player="KOPKHUNKRAP" type="1" sum="15"/>
<action no="5" player="OndaBianca1" type="2" discard="1" dealt="1" sum="30"/>
</round>
<round no="1"><cards type="Pocket" player="KOPKHUNKRAP">S5 H2</cards>
<cards type="Pocket" player="Dantucker">DK DA</cards>
<cards type="Pocket" player="OndaBianca1">HQ H10</cards>
<action no="6" player="Dantucker" type="23" discard="1" dealt="1" sum="623"/>
<action no="7" player="KOPKHUNKRAP" type="0" sum="0"/>
<action no="8" player="OndaBianca1" type="7" discard="1" dealt="1" sum="340"/>
</round>
<round no="2"><cards type="Flop">HJ DJ D3</cards>
</round>
<round no="3"><cards type="Turn">C7</cards>
</round>
<round no="4"><cards type="River">H5</cards>
</round>
</game>
<game gamecode="6530633598"><general><startdate>2025-11-14 01:31:08</startdate>
<round>1</round>
<failsafecounter/>
<players><player seat="10" name="Dantucker" chips="1,023" dealer="0" win="70" bet="65" muck="1" rebuy="0" addon="0" merge="0" rebuychips="0" reg_code="5072608997"/>
<player seat="3" name="KOPKHUNKRAP" chips="477" dealer="1" win="0" bet="35" muck="1" rebuy="0" addon="0" merge="0" rebuychips="0" reg_code="5072608928"/>
</players>
</general>
<round no="0"><action no="1" player="KOPKHUNKRAP" type="15" sum="5"/>
<action no="2" player="Dantucker" type="15" discard="1" dealt="1" sum="5"/>
<action no="3" player="KOPKHUNKRAP" type="1" sum="15"/>
<action no="4" player="Dantucker" type="2" discard="1" dealt="1" sum="30"/>
</round>
<round no="1"><cards type="Pocket" player="KOPKHUNKRAP">HJ D6</cards>
<cards type="Pocket" player="Dantucker">X X</cards>
<action no="5" player="KOPKHUNKRAP" type="3" sum="15"/>
<action no="6" player="Dantucker" type="23" discard="1" dealt="1" sum="60"/>
<action no="7" player="KOPKHUNKRAP" type="0" sum="0"/>
</round>
</game>
<game gamecode="6530633617"><general><startdate>2025-11-14 01:31:16</startdate>
<round>1</round>
<failsafecounter/>
<players><player seat="3" name="KOPKHUNKRAP" chips="442" dealer="0" win="50" bet="45" muck="1" rebuy="0" addon="0" merge="0" rebuychips="0" reg_code="5072608928"/>
<player seat="10" name="Dantucker" chips="1,058" dealer="1" win="0" bet="25" muck="1" rebuy="0" addon="0" merge="0" rebuychips="0" reg_code="5072608997"/>
</players>
</general>
<round no="0"><action no="1" player="Dantucker" type="15" discard="1" dealt="1" sum="5"/>
<action no="2" player="KOPKHUNKRAP" type="15" sum="5"/>
<action no="3" player="Dantucker" type="1" discard="1" dealt="1" sum="20"/>
<action no="4" player="KOPKHUNKRAP" type="2" sum="40"/>
</round>
<round no="1"><cards type="Pocket" player="Dantucker">X X</cards>
<cards type="Pocket" player="KOPKHUNKRAP">HQ S2</cards>
<action no="5" player="Dantucker" type="0" discard="1" dealt="1" sum="0"/>
</round>
</game>
<game gamecode="6530633635"><general><startdate>2025-11-14 01:31:26</startdate>
<round>1</round>
<failsafecounter/>
<players><player seat="10" name="Dantucker" chips="1,033" dealer="0" win="90" bet="1,033" muck="1" rebuy="0" addon="0" merge="0" rebuychips="0" reg_code="5072608997"/>
<player seat="3" name="KOPKHUNKRAP" chips="467" dealer="1" win="0" bet="45" muck="1" rebuy="0" addon="0" merge="0" rebuychips="0" reg_code="5072608928"/>
</players>
</general>
<round no="0"><action no="1" player="KOPKHUNKRAP" type="15" sum="5"/>
<action no="2" player="Dantucker" type="15" discard="1" dealt="1" sum="5"/>
<action no="3" player="KOPKHUNKRAP" type="1" sum="20"/>
<action no="4" player="Dantucker" type="2" discard="1" dealt="1" sum="40"/>
</round>
<round no="1"><cards type="Pocket" player="Dantucker">X X</cards>
<cards type="Pocket" player="KOPKHUNKRAP">C8 S5</cards>
<action no="5" player="KOPKHUNKRAP" type="3" sum="20"/>
<action no="6" player="Dantucker" type="23" discard="1" dealt="1" sum="1,028"/>
<action no="7" player="KOPKHUNKRAP" type="0" sum="0"/>
</round>
</game>
<game gamecode="6530633650"><general><startdate>2025-11-14 01:31:37</startdate>
<round>1</round>
<failsafecounter/>
<players><player seat="3" name="KOPKHUNKRAP" chips="422" dealer="0" win="210" bet="165" muck="1" rebuy="0" addon="0" merge="0" rebuychips="0" reg_code="5072608928"/>
<player seat="10" name="Dantucker" chips="1,078" dealer="1" win="0" bet="105" muck="1" rebuy="0" addon="0" merge="0" rebuychips="0" reg_code="5072608997"/>
</players>
</general>
<round no="0"><action no="1" player="Dantucker" type="15" discard="1" dealt="1" sum="5"/>
<action no="2" player="KOPKHUNKRAP" type="15" sum="5"/>
<action no="3" player="Dantucker" type="1" discard="1" dealt="1" sum="20"/>
<action no="4" player="KOPKHUNKRAP" type="2" sum="40"/>
</round>
<round no="1"><cards type="Pocket" player="Dantucker">X X</cards>
<cards type="Pocket" player="KOPKHUNKRAP">DJ SJ</cards>
<action no="5" player="Dantucker" type="3" discard="1" dealt="1" sum="20"/>
<action no="6" player="KOPKHUNKRAP" type="23" sum="100"/>
<action no="7" player="Dantucker" type="3" discard="1" dealt="1" sum="60"/>
</round>
<round no="2"><cards type="Flop">S9 D8 HA</cards>
<action no="8" player="KOPKHUNKRAP" type="5" sum="60"/>
<action no="9" player="Dantucker" type="0" discard="1" dealt="1" sum="0"/>
</round>
</game>
<game gamecode="6530633698"><general><startdate>2025-11-14 01:32:05</startdate>
<round>1</round>
<failsafecounter/>
<players><player seat="10" name="Dantucker" chips="973" dealer="0" win="0" bet="45" muck="1" rebuy="0" addon="0" merge="0" rebuychips="0" reg_code="5072608997"/>
<player seat="3" name="KOPKHUNKRAP" chips="527" dealer="1" win="90" bet="527" muck="1" rebuy="0" addon="0" merge="0" rebuychips="0" reg_code="5072608928"/>
</players>
</general>
<round no="0"><action no="1" player="KOPKHUNKRAP" type="15" sum="5"/>
<action no="2" player="Dantucker" type="15" discard="1" dealt="1" sum="5"/>
<action no="3" player="KOPKHUNKRAP" type="1" sum="20"/>
<action no="4" player="Dantucker" type="2" discard="1" dealt="1" sum="40"/>
</round>
<round no="1"><cards type="Pocket" player="Dantucker">X X</cards>
<cards type="Pocket" player="KOPKHUNKRAP">S2 HA</cards>
<action no="5" player="KOPKHUNKRAP" type="23" sum="522"/>
<action no="6" player="Dantucker" type="0" discard="1" dealt="1" sum="0"/>
</round>
</game>
<game gamecode="6530633730"><general><startdate>2025-11-14 01:32:23</startdate>
<round>1</round>
<failsafecounter/>
<players><player seat="3" name="KOPKHUNKRAP" chips="572" dealer="0" win="50" bet="45" muck="1" rebuy="0" addon="0" merge="0" rebuychips="0" reg_code="5072608928"/>
<player seat="10" name="Dantucker" chips="928" dealer="1" win="0" bet="25" muck="1" rebuy="0" addon="0" merge="0" rebuychips="0" reg_code="5072608997"/>
</players>
</general>
<round no="0"><action no="1" player="Dantucker" type="15" discard="1" dealt="1" sum="5"/>
<action no="2" player="KOPKHUNKRAP" type="15" sum="5"/>
<action no="3" player="Dantucker" type="1" discard="1" dealt="1" sum="20"/>
<action no="4" player="KOPKHUNKRAP" type="2" sum="40"/>
</round>
<round no="1"><cards type="Pocket" player="Dantucker">X X</cards>
<cards type="Pocket" player="KOPKHUNKRAP">S8 D9</cards>
<action no="5" player="Dantucker" type="0" discard="1" dealt="1" sum="0"/>
</round>
</game>
<game gamecode="6530633760"><general><startdate>2025-11-14 01:32:39</startdate>
<round>1</round>
<failsafecounter/>
<players><player seat="10" name="Dantucker" chips="903" dealer="0" win="0" bet="45" muck="1" rebuy="0" addon="0" merge="0" rebuychips="0" reg_code="5072608997"/>
<player seat="3" name="KOPKHUNKRAP" chips="597" dealer="1" win="90" bet="597" muck="1" rebuy="0" addon="0" merge="0" rebuychips="0" reg_code="5072608928"/>
</players>
</general>
<round no="0"><action no="1" player="KOPKHUNKRAP" type="15" sum="5"/>
<action no="2" player="Dantucker" type="15" discard="1" dealt="1" sum="5"/>
<action no="3" player="KOPKHUNKRAP" type="1" sum="20"/>
<action no="4" player="Dantucker" type="2" discard="1" dealt="1" sum="40"/>
</round>
<round no="1"><cards type="Pocket" player="Dantucker">X X</cards>
<cards type="Pocket" player="KOPKHUNKRAP">S4 C4</cards>
<action no="5" player="KOPKHUNKRAP" type="23" sum="592"/>
<action no="6" player="Dantucker" type="0" discard="1" dealt="1" sum="0"/>
</round>
</game>
<game gamecode="6530633778"><general><startdate>2025-11-14 01:32:50</startdate>
<round>1</round>
<failsafecounter/>
<players><player seat="3" name="KOPKHUNKRAP" chips="642" dealer="0" win="0" bet="45" muck="1" rebuy="0" addon="0" merge="0" rebuychips="0" reg_code="5072608928"/>
<player seat="10" name="Dantucker" chips="858" dealer="1" win="90" bet="858" muck="1" rebuy="0" addon="0" merge="0" rebuychips="0" reg_code="5072608997"/>
</players>
</general>
<round no="0"><action no="1" player="Dantucker" type="15" discard="1" dealt="1" sum="5"/>
<action no="2" player="KOPKHUNKRAP" type="15" sum="5"/>
<action no="3" player="Dantucker" type="1" discard="1" dealt="1" sum="20"/>
<action no="4" player="KOPKHUNKRAP" type="2" sum="40"/>
</round>
<round no="1"><cards type="Pocket" player="Dantucker">X X</cards>
<cards type="Pocket" player="KOPKHUNKRAP">C3 CQ</cards>
<action no="5" player="Dantucker" type="23" discard="1" dealt="1" sum="853"/>
<action no="6" player="KOPKHUNKRAP" type="0" sum="0"/>
</round>
</game>
<game gamecode="6530633792"><general><startdate>2025-11-14 01:32:59</startdate>
<round>1</round>
<failsafecounter/>
<players><player seat="10" name="Dantucker" chips="903" dealer="0" win="0" bet="65" muck="1" rebuy="0" addon="0" merge="0" rebuychips="0" reg_code="5072608997"/>
<player seat="3" name="KOPKHUNKRAP" chips="597" dealer="1" win="130" bet="597" muck="1" rebuy="0" addon="0" merge="0" rebuychips="0" reg_code="5072608928"/>
</players>
</general>
<round no="0"><action no="1" player="KOPKHUNKRAP" type="15" sum="5"/>
<action no="2" player="Dantucker" type="15" discard="1" dealt="1" sum="5"/>
<action no="3" player="KOPKHUNKRAP" type="1" sum="30"/>
<action no="4" player="Dantucker" type="2" discard="1" dealt="1" sum="60"/>
</round>
<round no="1"><cards type="Pocket" player="Dantucker">X X</cards>
<cards type="Pocket" player="KOPKHUNKRAP">CQ SJ</cards>
<action no="5" player="KOPKHUNKRAP" type="23" sum="592"/>
<action no="6" player="Dantucker" type="0" discard="1" dealt="1" sum="0"/>
</round>
</game>
<game gamecode="6530633824"><general><startdate>2025-11-14 01:33:20</startdate>
<round>1</round>
<failsafecounter/>
<players><player seat="3" name="KOPKHUNKRAP" chips="662" dealer="0" win="70" bet="65" muck="1" rebuy="0" addon="0" merge="0" rebuychips="0" reg_code="5072608928"/>
<player seat="10" name="Dantucker" chips="838" dealer="1" win="0" bet="35" muck="1" rebuy="0" addon="0" merge="0" rebuychips="0" reg_code="5072608997"/>
</players>
</general>
<round no="0"><action no="1" player="Dantucker" type="15" discard="1" dealt="1" sum="5"/>
<action no="2" player="KOPKHUNKRAP" type="15" sum="5"/>
<action no="3" player="Dantucker" type="1" discard="1" dealt="1" sum="30"/>
<action no="4" player="KOPKHUNKRAP" type="2" sum="60"/>
</round>
<round no="1"><cards type="Pocket" player="KOPKHUNKRAP">HK D6</cards>
<cards type="Pocket" player="Dantucker">X X</cards>
<action no="5" player="Dantucker" type="0" discard="1" dealt="1" sum="0"/>
</round>
</game>
<game gamecode="6530633831"><general><startdate>2025-11-14 01:33:24</startdate>
<round>1</round>
<failsafecounter/>
<players><player seat="10" name="Dantucker" chips="803" dealer="0" win="0" bet="65" muck="1" rebuy="0" addon="0" merge="0" rebuychips="0" reg_code="5072608997"/>
<player seat="3" name="KOPKHUNKRAP" chips="697" dealer="1" win="130" bet="125" muck="1" rebuy="0" addon="0" merge="0" rebuychips="0" reg_code="5072608928"/>
</players>
</general>
<round no="0"><action no="1" player="KOPKHUNKRAP" type="15" sum="5"/>
<action no="2" player="Dantucker" type="15" discard="1" dealt="1" sum="5"/>
<action no="3" player="KOPKHUNKRAP" type="1" sum="30"/>
<action no="4" player="Dantucker" type="2" discard="1" dealt="1" sum="60"/>
</round>
<round no="1"><cards type="Pocket" player="Dantucker">X X</cards>
<cards type="Pocket" player="KOPKHUNKRAP">C7 H2</cards>
<action no="5" player="KOPKHUNKRAP" type="23" sum="120"/>
<action no="6" player="Dantucker" type="0" discard="1" dealt="1" sum="0"/>
</round>
</game>
<game gamecode="6530633837"><general><startdate>2025-11-14 01:33:28</startdate>
<round>1</round>
<failsafecounter/>
<players><player seat="3" name="KOPKHUNKRAP" chips="762" dealer="0" win="1,476" bet="762" muck="0" rebuy="0" addon="0" merge="0" rebuychips="0" reg_code="5072608928"/>
<player seat="10" name="Dantucker" chips="738" dealer="1" win="0" bet="738" muck="1" rebuy="0" addon="0" merge="0" rebuychips="0" reg_code="5072608997"/>
</players>
</general>
<round no="0"><action no="1" player="Dantucker" type="15" discard="1" dealt="1" sum="5"/>
<action no="2" player="KOPKHUNKRAP" type="15" sum="5"/>
<action no="3" player="Dantucker" type="1" discard="1" dealt="1" sum="30"/>
<action no="4" player="KOPKHUNKRAP" type="2" sum="60"/>
</round>
<round no="1"><cards type="Pocket" player="KOPKHUNKRAP">SJ HQ</cards>
<cards type="Pocket" player="Dantucker">SK H5</cards>
<action no="5" player="Dantucker" type="3" discard="1" dealt="1" sum="30"/>
<action no="6" player="KOPKHUNKRAP" type="23" sum="757"/>
<action no="7" player="Dantucker" type="7" discard="1" dealt="1" sum="673"/>
</round>
<round no="2"><cards type="Flop">C10 HA H3</cards>
</round>
<round no="3"><cards type="Turn">DK</cards>
</round>
<round no="4"><cards type="River">S3</cards>
</round>
</game>
</session>
