<?xml version="1.0" encoding="UTF-8"?>
<session sessioncode="5072249263">
<general>
<client_version>25.1.1.16</client_version>
<mode>real</mode>
<gametype>Holdem NL</gametype>
<tablename>Twister €100 SNG, 821562188</tablename>
<tournamentcode>821562187</tournamentcode>
<tournamentname>Twister €100 SNG</tournamentname>
<buyin>€0 + €7 + €93</buyin>
<totalbuyin>€100</totalbuyin>
<rewarddrawn>€200</rewarddrawn>
<tournamentcurrency>EUR</tournamentcurrency>
<currency>EUR</currency>
<nickname>KOPKHUNKRAP</nickname>
<gamecount>15</gamecount>
<startdate>2025-11-12 15:07:27</startdate>
<place>1</place>
<win>€200</win>
<tablesize>3</tablesize>
</general>
<game gamecode="6529486475"><general><startdate>2025-11-12 15:07:43</startdate>
<round>1</round>
<failsafecounter/>
<players><player seat="6" name="Rfcz" chips="500" dealer="0" win="20" bet="20" muck="1" rebuy="0" addon="0" merge="0" rebuychips="0" reg_code="5072249104"/>
<player seat="10" name="KOPKHUNKRAP" chips="500" dealer="1" win="0" bet="0" muck="1" rebuy="0" addon="0" merge="0" rebuychips="0" reg_code="5072249263"/>
<player seat="3" name="Ankalaev" chips="500" dealer="0" win="0" bet="10" muck="1" rebuy="0" addon="0" merge="0" rebuychips="0" reg_code="5072248488"/>
</players>
</general>
<round no="0"><action no="1" player="Ankalaev" type="1" discard="1" dealt="1" sum="10"/>
<action no="2" player="Rfcz" type="2" discard="1" dealt="1" sum="20"/>
</round>
<round no="1"><cards type="Pocket" player="Rfcz">X X</cards>
<cards type="Pocket" player="KOPKHUNKRAP">H2 S2</cards>
<cards type="Pocket" player="Ankalaev">X X</cards>
<action no="3" player="KOPKHUNKRAP" type="0" sum="0"/>
<action no="4" player="Ankalaev" type="0" discard="1" dealt="1" sum="0"/>
</round>
</game>
<game gamecode="6529486495"><general><startdate>2025-11-12 15:07:52</startdate>
<round>1</round>
<failsafecounter/>
<players><player seat="10" name="KOPKHUNKRAP" chips="500" dealer="0" win="0" bet="20" muck="1" rebuy="0" addon="0" merge="0" rebuychips="0" reg_code="5072249263"/>
<player seat="3" name="Ankalaev" chips="490" dealer="1" win="1,000" bet="490" muck="0" rebuy="0" addon="0" merge="0" rebuychips="0" reg_code="5072248488"/>
<player seat="6" name="Rfcz" chips="510" dealer="0" win="0" bet="510" muck="1" rebuy="0" addon="0" merge="0" rebuychips="0" reg_code="5072249104"/>
</players>
</general>
<round no="0"><action no="1" player="Rfcz" type="1" discard="1" dealt="1" sum="10"/>
<action no="2" player="KOPKHUNKRAP" type="2" sum="20"/>
</round>
<round no="1"><cards type="Pocket" player="Rfcz">DA S10</cards>
<cards type="Pocket" player="Ankalaev">C8 D8</cards>
<cards type="Pocket" player="KOPKHUNKRAP">HA H6</cards>
<action no="3" player="Ankalaev" type="23" discard="1" dealt="1" sum="40"/>
<action no="4" player="Rfcz" type="23" discard="1" dealt="1" sum="80"/>
<action no="5" player="KOPKHUNKRAP" type="0" sum="0"/>
<action no="6" player="Ankalaev" type="3" discard="1" dealt="1" sum="40"/>
</round>
<round no="2"><cards type="Flop">D10 S8 DK</cards>
<action no="7" player="Rfcz" type="5" discard="1" dealt="1" sum="60"/>
<action no="8" player="Ankalaev" type="3" discard="1" dealt="1" sum="60"/>
</round>
<round no="3"><cards type="Turn">DJ</cards>
<action no="9" player="Rfcz" type="5" discard="1" dealt="1" sum="60"/>
<action no="10" player="Ankalaev" type="3" discard="1" dealt="1" sum="60"/>
</round>
<round no="4"><cards type="River">CA</cards>
<action no="11" player="Rfcz" type="5" discard="1" dealt="1" sum="310"/>
<action no="12" player="Ankalaev" type="7" discard="1" dealt="1" sum="290"/>
</round>
</game>
<game gamecode="6529486565"><general><startdate>2025-11-12 15:08:24</startdate>
<round>1</round>
<failsafecounter/>
<players><player seat="3" name="Ankalaev" chips="1,000" dealer="0" win="0" bet="100" muck="0" rebuy="0" addon="0" merge="0" rebuychips="0" reg_code="5072248488"/>
<player seat="6" name="Rfcz" chips="20" dealer="1" win="60" bet="20" muck="0" rebuy="0" addon="0" merge="0" rebuychips="0" reg_code="5072249104"/>
<player seat="10" name="KOPKHUNKRAP" chips="480" dealer="0" win="0" bet="20" muck="1" rebuy="0" addon="0" merge="0" rebuychips="0" reg_code="5072249263"/>
</players>
</general>
<round no="0"><action no="1" player="KOPKHUNKRAP" type="1" sum="10"/>
<action no="2" player="Ankalaev" type="2" discard="1" dealt="1" sum="20"/>
</round>
<round no="1"><cards type="Pocket" player="Ankalaev">DK C8</cards>
<cards type="Pocket" player="Rfcz">H9 SK</cards>
<cards type="Pocket" player="KOPKHUNKRAP">CK H4</cards>
<action no="3" player="Rfcz" type="7" discard="1" dealt="1" sum="20"/>
<action no="4" player="KOPKHUNKRAP" type="3" sum="10"/>
<action no="5" player="Ankalaev" type="23" discard="1" dealt="1" sum="100"/>
<action no="6" player="KOPKHUNKRAP" type="0" sum="0"/>
</round>
<round no="2"><cards type="Flop">HQ D10 H3</cards>
</round>
<round no="3"><cards type="Turn">DA</cards>
</round>
<round no="4"><cards type="River">D6</cards>
</round>
</game>
<game gamecode="6529486637"><general><startdate>2025-11-12 15:08:58</startdate>
<round>1</round>
<failsafecounter/>
<players><player seat="6" name="Rfcz" chips="60" dealer="0" win="0" bet="60" muck="0" rebuy="0" addon="0" merge="0" rebuychips="0" reg_code="5072249104"/>
<player seat="10" name="KOPKHUNKRAP" chips="460" dealer="1" win="130" bet="60" muck="0" rebuy="0" addon="0" merge="0" rebuychips="0" reg_code="5072249263"/>
<player seat="3" name="Ankalaev" chips="980" dealer="0" win="0" bet="10" muck="1" rebuy="0" addon="0" merge="0" rebuychips="0" reg_code="5072248488"/>
</players>
</general>
<round no="0"><action no="1" player="Ankalaev" type="1" discard="1" dealt="1" sum="10"/>
<action no="2" player="Rfcz" type="2" discard="1" dealt="1" sum="20"/>
</round>
<round no="1"><cards type="Pocket" player="Rfcz">HA S10</cards>
<cards type="Pocket" player="KOPKHUNKRAP">CJ SQ</cards>
<cards type="Pocket" player="Ankalaev">X X</cards>
<action no="3" player="KOPKHUNKRAP" type="23" sum="40"/>
<action no="4" player="Ankalaev" type="0" discard="1" dealt="1" sum="0"/>
<action no="5" player="Rfcz" type="7" discard="1" dealt="1" sum="40"/>
<action no="6" player="KOPKHUNKRAP" type="3" sum="20"/>
</round>
<round no="2"><cards type="Flop">HQ H7 SJ</cards>
</round>
<round no="3"><cards type="Turn">SA</cards>
</round>
<round no="4"><cards type="River">H6</cards>
</round>
</game>
<game gamecode="6529486692"><general><startdate>2025-11-12 15:09:26</startdate>
<round>1</round>
<failsafecounter/>
<players><player seat="10" name="KOPKHUNKRAP" chips="530" dealer="0" win="140" bet="210" muck="1" rebuy="0" addon="0" merge="0" rebuychips="0" reg_code="5072249263"/>
<player seat="3" name="Ankalaev" chips="970" dealer="1" win="0" bet="70" muck="1" rebuy="0" addon="0" merge="0" rebuychips="0" reg_code="5072248488"/>
</players>
</general>
<round no="0"><action no="1" player="Ankalaev" type="15" discard="1" dealt="1" sum="5"/>
<action no="2" player="KOPKHUNKRAP" type="15" sum="5"/>
<action no="3" player="Ankalaev" type="1" discard="1" dealt="1" sum="15"/>
<action no="4" player="KOPKHUNKRAP" type="2" sum="30"/>
</round>
<round no="1"><cards type="Pocket" player="KOPKHUNKRAP">SQ C9</cards>
<cards type="Pocket" player="Ankalaev">X X</cards>
<action no="5" player="Ankalaev" type="3" discard="1" dealt="1" sum="15"/>
<action no="6" player="KOPKHUNKRAP" type="4" sum="0"/>
</round>
<round no="2"><cards type="Flop">S4 S10 D2</cards>
<action no="7" player="KOPKHUNKRAP" type="4" sum="0"/>
<action no="8" player="Ankalaev" type="5" discard="1" dealt="1" sum="35"/>
<action no="9" player="KOPKHUNKRAP" type="3" sum="35"/>
</round>
<round no="3"><cards type="Turn">DJ</cards>
<action no="10" player="KOPKHUNKRAP" type="4" sum="0"/>
<action no="11" player="Ankalaev" type="4" discard="1" dealt="1" sum="0"/>
</round>
<round no="4"><cards type="River">S7</cards>
<action no="12" player="KOPKHUNKRAP" type="5" sum="140"/>
<action no="13" player="Ankalaev" type="0" discard="1" dealt="1" sum="0"/>
</round>
</game>
<game gamecode="6529486761"><general><startdate>2025-11-12 15:10:02</startdate>
<round>1</round>
<failsafecounter/>
<players><player seat="3" name="Ankalaev" chips="900" dealer="0" win="70" bet="245" muck="1" rebuy="0" addon="0" merge="0" rebuychips="0" reg_code="5072248488"/>
<player seat="10" name="KOPKHUNKRAP" chips="600" dealer="1" win="0" bet="35" muck="1" rebuy="0" addon="0" merge="0" rebuychips="0" reg_code="5072249263"/>
</players>
</general>
<round no="0"><action no="1" player="KOPKHUNKRAP" type="15" sum="5"/>
<action no="2" player="Ankalaev" type="15" discard="1" dealt="1" sum="5"/>
<action no="3" player="KOPKHUNKRAP" type="1" sum="15"/>
<action no="4" player="Ankalaev" type="2" discard="1" dealt="1" sum="30"/>
</round>
<round no="1"><cards type="Pocket" player="KOPKHUNKRAP">C10 C9</cards>
<cards type="Pocket" player="Ankalaev">X X</cards>
<action no="5" player="KOPKHUNKRAP" type="3" sum="15"/>
<action no="6" player="Ankalaev" type="23" discard="1" dealt="1" sum="240"/>
<action no="7" player="KOPKHUNKRAP" type="0" sum="0"/>
</round>
</game>
<game gamecode="6529486813"><general><startdate>2025-11-12 15:10:26</startdate>
<round>1</round>
<failsafecounter/>
<players><player seat="10" name="KOPKHUNKRAP" chips="565" dealer="0" win="494" bet="565" muck="1" rebuy="0" addon="0" merge="0" rebuychips="0" reg_code="5072249263"/>
<player seat="3" name="Ankalaev" chips="935" dealer="1" win="0" bet="247" muck="1" rebuy="0" addon="0" merge="0" rebuychips="0" reg_code="5072248488"/>
</players>
</general>
<round no="0"><action no="1" player="Ankalaev" type="15" discard="1" dealt="1" sum="5"/>
<action no="2" player="KOPKHUNKRAP" type="15" sum="5"/>
<action no="3" player="Ankalaev" type="1" discard="1" dealt="1" sum="15"/>
<action no="4" player="KOPKHUNKRAP" type="2" sum="30"/>
</round>
<round no="1"><cards type="Pocket" player="KOPKHUNKRAP">SQ S8</cards>
<cards type="Pocket" player="Ankalaev">X X</cards>
<action no="5" player="Ankalaev" type="23" discard="1" dealt="1" sum="60"/>
<action no="6" player="KOPKHUNKRAP" type="3" sum="30"/>
</round>
<round no="2"><cards type="Flop">S5 DK SK</cards>
<action no="7" player="KOPKHUNKRAP" type="4" sum="0"/>
<action no="8" player="Ankalaev" type="5" discard="1" dealt="1" sum="32"/>
<action no="9" player="KOPKHUNKRAP" type="3" sum="32"/>
</round>
<round no="3"><cards type="Turn">S9</cards>
<action no="10" player="KOPKHUNKRAP" type="4" sum="0"/>
<action no="11" player="Ankalaev" type="4" discard="1" dealt="1" sum="0"/>
</round>
<round no="4"><cards type="River">D3</cards>
<action no="12" player="KOPKHUNKRAP" type="4" sum="0"/>
<action no="13" player="Ankalaev" type="5" discard="1" dealt="1" sum="150"/>
<action no="14" player="KOPKHUNKRAP" type="23" sum="468"/>
<action no="15" player="Ankalaev" type="0" discard="1" dealt="1" sum="0"/>
</round>
</game>
<game gamecode="6529486887"><general><startdate>2025-11-12 15:11:02</startdate>
<round>1</round>
<failsafecounter/>
<players><player seat="3" name="Ankalaev" chips="688" dealer="0" win="90" bet="125" muck="1" rebuy="0" addon="0" merge="0" rebuychips="0" reg_code="5072248488"/>
<player seat="10" name="KOPKHUNKRAP" chips="812" dealer="1" win="0" bet="45" muck="1" rebuy="0" addon="0" merge="0" rebuychips="0" reg_code="5072249263"/>
</players>
</general>
<round no="0"><action no="1" player="KOPKHUNKRAP" type="15" sum="5"/>
<action no="2" player="Ankalaev" type="15" discard="1" dealt="1" sum="5"/>
<action no="3" player="KOPKHUNKRAP" type="1" sum="20"/>
<action no="4" player="Ankalaev" type="2" discard="1" dealt="1" sum="40"/>
</round>
<round no="1"><cards type="Pocket" player="KOPKHUNKRAP">S4 DK</cards>
<cards type="Pocket" player="Ankalaev">X X</cards>
<action no="5" player="KOPKHUNKRAP" type="3" sum="20"/>
<action no="6" player="Ankalaev" type="23" discard="1" dealt="1" sum="120"/>
<action no="7" player="KOPKHUNKRAP" type="0" sum="0"/>
</round>
</game>
<game gamecode="6529486907"><general><startdate>2025-11-12 15:11:13</startdate>
<round>1</round>
<failsafecounter/>
<players><player seat="10" name="KOPKHUNKRAP" chips="767" dealer="0" win="0" bet="45" muck="1" rebuy="0" addon="0" merge="0" rebuychips="0" reg_code="5072249263"/>
<player seat="3" name="Ankalaev" chips="733" dealer="1" win="90" bet="90" muck="1" rebuy="0" addon="0" merge="0" rebuychips="0" reg_code="5072248488"/>
</players>
</general>
<round no="0"><action no="1" player="Ankalaev" type="15" discard="1" dealt="1" sum="5"/>
<action no="2" player="KOPKHUNKRAP" type="15" sum="5"/>
<action no="3" player="Ankalaev" type="1" discard="1" dealt="1" sum="20"/>
<action no="4" player="KOPKHUNKRAP" type="2" sum="40"/>
</round>
<round no="1"><cards type="Pocket" player="Ankalaev">X X</cards>
<cards type="Pocket" player="KOPKHUNKRAP">D9 D3</cards>
<action no="5" player="Ankalaev" type="3" discard="1" dealt="1" sum="20"/>
<action no="6" player="KOPKHUNKRAP" type="4" sum="0"/>
</round>
<round no="2"><cards type="Flop">C2 CJ DQ</cards>
<action no="7" player="KOPKHUNKRAP" type="4" sum="0"/>
<action no="8" player="Ankalaev" type="5" discard="1" dealt="1" sum="45"/>
<action no="9" player="KOPKHUNKRAP" type="0" sum="0"/>
</round>
</game>
<game gamecode="6529486930"><general><startdate>2025-11-12 15:11:27</startdate>
<round>1</round>
<failsafecounter/>
<players><player seat="3" name="Ankalaev" chips="778" dealer="0" win="0" bet="45" muck="1" rebuy="0" addon="0" merge="0" rebuychips="0" reg_code="5072248488"/>
<player seat="10" name="KOPKHUNKRAP" chips="722" dealer="1" win="90" bet="85" muck="1" rebuy="0" addon="0" merge="0" rebuychips="0" reg_code="5072249263"/>
</players>
</general>
<round no="0"><action no="1" player="KOPKHUNKRAP" type="15" sum="5"/>
<action no="2" player="Ankalaev" type="15" discard="1" dealt="1" sum="5"/>
<action no="3" player="KOPKHUNKRAP" type="1" sum="20"/>
<action no="4" player="Ankalaev" type="2" discard="1" dealt="1" sum="40"/>
</round>
<round no="1"><cards type="Pocket" player="Ankalaev">X X</cards>
<cards type="Pocket" player="KOPKHUNKRAP">S2 DA</cards>
<action no="5" player="KOPKHUNKRAP" type="3" sum="20"/>
<action no="6" player="Ankalaev" type="4" discard="1" dealt="1" sum="0"/>
</round>
<round no="2"><cards type="Flop">C6 HQ SJ</cards>
<action no="7" player="Ankalaev" type="4" discard="1" dealt="1" sum="0"/>
<action no="8" player="KOPKHUNKRAP" type="5" sum="40"/>
<action no="9" player="Ankalaev" type="0" discard="1" dealt="1" sum="0"/>
</round>
</game>
<game gamecode="6529486956"><general><startdate>2025-11-12 15:11:43</startdate>
<round>1</round>
<failsafecounter/>
<players><player seat="10" name="KOPKHUNKRAP" chips="767" dealer="0" win="0" bet="45" muck="1" rebuy="0" addon="0" merge="0" rebuychips="0" reg_code="5072249263"/>
<player seat="3" name="Ankalaev" chips="733" dealer="1" win="90" bet="90" muck="1" rebuy="0" addon="0" merge="0" rebuychips="0" reg_code="5072248488"/>
</players>
</general>
<round no="0"><action no="1" player="Ankalaev" type="15" discard="1" dealt="1" sum="5"/>
<action no="2" player="KOPKHUNKRAP" type="15" sum="5"/>
<action no="3" player="Ankalaev" type="1" discard="1" dealt="1" sum="20"/>
<action no="4" player="KOPKHUNKRAP" type="2" sum="40"/>
</round>
<round no="1"><cards type="Pocket" player="KOPKHUNKRAP">C5 DQ</cards>
<cards type="Pocket" player="Ankalaev">X X</cards>
<action no="5" player="Ankalaev" type="3" discard="1" dealt="1" sum="20"/>
<action no="6" player="KOPKHUNKRAP" type="4" sum="0"/>
</round>
<round no="2"><cards type="Flop">CA H3 H7</cards>
<action no="7" player="KOPKHUNKRAP" type="4" sum="0"/>
<action no="8" player="Ankalaev" type="5" discard="1" dealt="1" sum="45"/>
<action no="9" player="KOPKHUNKRAP" type="0" sum="0"/>
</round>
</game>
<game gamecode="6529486987"><general><startdate>2025-11-12 15:11:57</startdate>
<round>1</round>
<failsafecounter/>
<players><player seat="3" name="Ankalaev" chips="778" dealer="0" win="260" bet="778" muck="1" rebuy="0" addon="0" merge="0" rebuychips="0" reg_code="5072248488"/>
<player seat="10" name="KOPKHUNKRAP" chips="722" dealer="1" win="0" bet="130" muck="1" rebuy="0" addon="0" merge="0" rebuychips="0" reg_code="5072249263"/>
</players>
</general>
<round no="0"><action no="1" player="KOPKHUNKRAP" type="15" sum="5"/>
<action no="2" player="Ankalaev" type="15" discard="1" dealt="1" sum="5"/>
<action no="3" player="KOPKHUNKRAP" type="1" sum="20"/>
<action no="4" player="Ankalaev" type="2" discard="1" dealt="1" sum="40"/>
</round>
<round no="1"><cards type="Pocket" player="Ankalaev">X X</cards>
<cards type="Pocket" player="KOPKHUNKRAP">C9 S6</cards>
<action no="5" player="KOPKHUNKRAP" type="3" sum="20"/>
<action no="6" player="Ankalaev" type="4" discard="1" dealt="1" sum="0"/>
</round>
<round no="2"><cards type="Flop">S8 CQ C7</cards>
<action no="7" player="Ankalaev" type="4" discard="1" dealt="1" sum="0"/>
<action no="8" player="KOPKHUNKRAP" type="5" sum="40"/>
<action no="9" player="Ankalaev" type="3" discard="1" dealt="1" sum="40"/>
</round>
<round no="3"><cards type="Turn">H8</cards>
<action no="10" player="Ankalaev" type="5" discard="1" dealt="1" sum="45"/>
<action no="11" player="KOPKHUNKRAP" type="3" sum="45"/>
</round>
<round no="4"><cards type="River">S9</cards>
<action no="12" player="Ankalaev" type="5" discard="1" dealt="1" sum="648"/>
<action no="13" player="KOPKHUNKRAP" type="0" sum="0"/>
</round>
</game>
<game gamecode="6529487039"><general><startdate>2025-11-12 15:12:26</startdate>
<round>1</round>
<failsafecounter/>
<players><player seat="10" name="KOPKHUNKRAP" chips="592" dealer="0" win="0" bet="45" muck="1" rebuy="0" addon="0" merge="0" rebuychips="0" reg_code="5072249263"/>
<player seat="3" name="Ankalaev" chips="908" dealer="1" win="90" bet="90" muck="1" rebuy="0" addon="0" merge="0" rebuychips="0" reg_code="5072248488"/>
</players>
</general>
<round no="0"><action no="1" player="Ankalaev" type="15" discard="1" dealt="1" sum="5"/>
<action no="2" player="KOPKHUNKRAP" type="15" sum="5"/>
<action no="3" player="Ankalaev" type="1" discard="1" dealt="1" sum="20"/>
<action no="4" player="KOPKHUNKRAP" type="2" sum="40"/>
</round>
<round no="1"><cards type="Pocket" player="KOPKHUNKRAP">D9 H4</cards>
<cards type="Pocket" player="Ankalaev">X X</cards>
<action no="5" player="Ankalaev" type="3" discard="1" dealt="1" sum="20"/>
<action no="6" player="KOPKHUNKRAP" type="4" sum="0"/>
</round>
<round no="2"><cards type="Flop">H5 HK S8</cards>
<action no="7" player="KOPKHUNKRAP" type="4" sum="0"/>
<action no="8" player="Ankalaev" type="5" discard="1" dealt="1" sum="45"/>
<action no="9" player="KOPKHUNKRAP" type="0" sum="0"/>
</round>
</game>
<game gamecode="6529490129"><general><startdate>2025-11-12 15:12:37</startdate>
<round>1</round>
<failsafecounter/>
<players><player seat="3" name="Ankalaev" chips="953" dealer="0" win="0" bet="953" muck="0" rebuy="0" addon="0" merge="0" rebuychips="0" reg_code="5072248488"/>
<player seat="10" name="KOPKHUNKRAP" chips="547" dealer="1" win="1,094" bet="547" muck="0" rebuy="0" addon="0" merge="0" rebuychips="0" reg_code="5072249263"/>
</players>
</general>
<round no="0"><action no="1" player="KOPKHUNKRAP" type="15" sum="5"/>
<action no="2" player="Ankalaev" type="15" discard="1" dealt="1" sum="5"/>
<action no="3" player="KOPKHUNKRAP" type="1" sum="20"/>
<action no="4" player="Ankalaev" type="2" discard="1" dealt="1" sum="40"/>
</round>
<round no="1"><cards type="Pocket" player="KOPKHUNKRAP">CA HJ</cards>
<cards type="Pocket" player="Ankalaev">S6 DA</cards>
<action no="5" player="KOPKHUNKRAP" type="3" sum="20"/>
<action no="6" player="Ankalaev" type="23" discard="1" dealt="1" sum="948"/>
<action no="7" player="KOPKHUNKRAP" type="7" sum="502"/>
</round>
<round no="2"><cards type="Flop">DJ S10 C5</cards>
</round>
<round no="3"><cards type="Turn">C9</cards>
</round>
<round no="4"><cards type="River">S2</cards>
</round>
</game>
<game gamecode="6529490160"><general><startdate>2025-11-12 15:12:54</startdate>
<round>1</round>
<failsafecounter/>
<players><player seat="10" name="KOPKHUNKRAP" chips="1,094" dealer="0" win="812" bet="406" muck="0" rebuy="0" addon="0" merge="0" rebuychips="0" reg_code="5072249263"/>
<player seat="3" name="Ankalaev" chips="406" dealer="1" win="0" bet="406" muck="0" rebuy="0" addon="0" merge="0" rebuychips="0" reg_code="5072248488"/>
</players>
</general>
<round no="0"><action no="1" player="Ankalaev" type="15" discard="1" dealt="1" sum="5"/>
<action no="2" player="KOPKHUNKRAP" type="15" sum="5"/>
<action no="3" player="Ankalaev" type="1" discard="1" dealt="1" sum="30"/>
<action no="4" player="KOPKHUNKRAP" type="2" sum="60"/>
</round>
<round no="1"><cards type="Pocket" player="Ankalaev">SQ S2</cards>
<cards type="Pocket" player="KOPKHUNKRAP">D10 CK</cards>
<action no="5" player="Ankalaev" type="23" discard="1" dealt="1" sum="401"/>
<action no="6" player="KOPKHUNKRAP" type="3" sum="341"/>
</round>
<round no="2"><cards type="Flop">S5 DA D7</cards>
</round>
<round no="3"><cards type="Turn">CJ</cards>
</round>
<round no="4"><cards type="River">H5</cards>
</round>
</game>
</session>
