<?xml version="1.0" encoding="UTF-8"?>
<session sessioncode="5072131712">
<general>
<client_version>24.7.1.15</client_version>
<mode>real</mode>
<gametype>Holdem NL</gametype>
<tablename>Twister €200 SNG, 821507071</tablename>
<tournamentcode>821507070</tournamentcode>
<tournamentname>Twister €200 SNG</tournamentname>
<buyin>€0 + €12 + €188</buyin>
<totalbuyin>€200</totalbuyin>
<rewarddrawn>€400</rewarddrawn>
<tournamentcurrency>EUR</tournamentcurrency>
<currency>EUR</currency>
<nickname>KOPKHUNKRAP</nickname>
<gamecount>27</gamecount>
<startdate>2025-11-11 21:43:16</startdate>
<place>1</place>
<win>€400</win>
<tablesize>3</tablesize>
</general>
<game gamecode="6529008241"><general><startdate>2025-11-11 21:43:31</startdate>
<round>1</round>
<failsafecounter/>
<players><player seat="3" name="deIduKA" chips="500" dealer="0" win="20" bet="20" muck="1" rebuy="0" addon="0" merge="0" rebuychips="0" reg_code="5072128855"/>
<player seat="6" name="setteecinque" chips="500" dealer="1" win="0" bet="0" muck="1" rebuy="0" addon="0" merge="0" rebuychips="0" reg_code="5072130823"/>
<player seat="10" name="KOPKHUNKRAP" chips="500" dealer="0" win="0" bet="10" muck="1" rebuy="0" addon="0" merge="0" rebuychips="0" reg_code="5072131712"/>
</players>
</general>
<round no="0"><action no="1" player="KOPKHUNKRAP" type="1" sum="10"/>
<action no="2" player="deIduKA" type="2" discard="1" dealt="1" sum="20"/>
</round>
<round no="1"><cards type="Pocket" player="deIduKA">X X</cards>
<cards type="Pocket" player="KOPKHUNKRAP">D10 C2</cards>
<cards type="Pocket" player="setteecinque">X X</cards>
<action no="3" player="setteecinque" type="0" discard="1" dealt="1" sum="0"/>
<action no="4" player="KOPKHUNKRAP" type="0" sum="0"/>
</round>
</game>
<game gamecode="6529008262"><general><startdate>2025-11-11 21:43:41</startdate>
<round>1</round>
<failsafecounter/>
<players><player seat="6" name="setteecinque" chips="500" dealer="0" win="0" bet="20" muck="1" rebuy="0" addon="0" merge="0" rebuychips="0" reg_code="5072130823"/>
<player seat="10" name="KOPKHUNKRAP" chips="490" dealer="1" win="0" bet="0" muck="1" rebuy="0" addon="0" merge="0" rebuychips="0" reg_code="5072131712"/>
<player seat="3" name="deIduKA" chips="510" dealer="0" win="40" bet="50" muck="1" rebuy="0" addon="0" merge="0" rebuychips="0" reg_code="5072128855"/>
</players>
</general>
<round no="0"><action no="1" player="deIduKA" type="1" discard="1" dealt="1" sum="10"/>
<action no="2" player="setteecinque" type="2" discard="1" dealt="1" sum="20"/>
</round>
<round no="1"><cards type="Pocket" player="deIduKA">X X</cards>
<cards type="Pocket" player="setteecinque">X X</cards>
<cards type="Pocket" player="KOPKHUNKRAP">D5 D9</cards>
<action no="3" player="KOPKHUNKRAP" type="0" sum="0"/>
<action no="4" player="deIduKA" type="23" discard="1" dealt="1" sum="50"/>
<action no="5" player="setteecinque" type="0" discard="1" dealt="1" sum="0"/>
</round>
</game>
<game gamecode="6529008312"><general><startdate>2025-11-11 21:43:59</startdate>
<round>1</round>
<failsafecounter/>
<players><player seat="10" name="KOPKHUNKRAP" chips="490" dealer="0" win="0" bet="20" muck="1" rebuy="0" addon="0" merge="0" rebuychips="0" reg_code="5072131712"/>
<player seat="3" name="deIduKA" chips="530" dealer="1" win="0" bet="0" muck="1" rebuy="0" addon="0" merge="0" rebuychips="0" reg_code="5072128855"/>
<player seat="6" name="setteecinque" chips="480" dealer="0" win="40" bet="40" muck="1" rebuy="0" addon="0" merge="0" rebuychips="0" reg_code="5072130823"/>
</players>
</general>
<round no="0"><action no="1" player="setteecinque" type="1" discard="1" dealt="1" sum="10"/>
<action no="2" player="KOPKHUNKRAP" type="2" sum="20"/>
</round>
<round no="1"><cards type="Pocket" player="deIduKA">X X</cards>
<cards type="Pocket" player="setteecinque">X X</cards>
<cards type="Pocket" player="KOPKHUNKRAP">D4 HJ</cards>
<action no="3" player="deIduKA" type="0" discard="1" dealt="1" sum="0"/>
<action no="4" player="setteecinque" type="23" discard="1" dealt="1" sum="40"/>
<action no="5" player="KOPKHUNKRAP" type="0" sum="0"/>
</round>
</game>
<game gamecode="6529008356"><general><startdate>2025-11-11 21:44:15</startdate>
<round>1</round>
<failsafecounter/>
<players><player seat="3" name="deIduKA" chips="530" dealer="0" win="250" bet="120" muck="0" rebuy="0" addon="0" merge="0" rebuychips="0" reg_code="5072128855"/>
<player seat="6" name="setteecinque" chips="500" dealer="1" win="0" bet="120" muck="1" rebuy="0" addon="0" merge="0" rebuychips="0" reg_code="5072130823"/>
<player seat="10" name="KOPKHUNKRAP" chips="470" dealer="0" win="0" bet="10" muck="1" rebuy="0" addon="0" merge="0" rebuychips="0" reg_code="5072131712"/>
</players>
</general>
<round no="0"><action no="1" player="KOPKHUNKRAP" type="1" sum="10"/>
<action no="2" player="deIduKA" type="2" discard="1" dealt="1" sum="20"/>
</round>
<round no="1"><cards type="Pocket" player="setteecinque">CQ D4</cards>
<cards type="Pocket" player="KOPKHUNKRAP">D10 H8</cards>
<cards type="Pocket" player="deIduKA">S9 HJ</cards>
<action no="3" player="setteecinque" type="23" discard="1" dealt="1" sum="40"/>
<action no="4" player="KOPKHUNKRAP" type="0" sum="0"/>
<action no="5" player="deIduKA" type="3" discard="1" dealt="1" sum="20"/>
</round>
<round no="2"><cards type="Flop">S2 CJ C8</cards>
<action no="6" player="deIduKA" type="4" discard="1" dealt="1" sum="0"/>
<action no="7" player="setteecinque" type="5" discard="1" dealt="1" sum="40"/>
<action no="8" player="deIduKA" type="3" discard="1" dealt="1" sum="40"/>
</round>
<round no="3"><cards type="Turn">S4</cards>
<action no="9" player="deIduKA" type="4" discard="1" dealt="1" sum="0"/>
<action no="10" player="setteecinque" type="5" discard="1" dealt="1" sum="40"/>
<action no="11" player="deIduKA" type="3" discard="1" dealt="1" sum="40"/>
</round>
<round no="4"><cards type="River">HK</cards>
<action no="12" player="deIduKA" type="4" discard="1" dealt="1" sum="0"/>
<action no="13" player="setteecinque" type="4" discard="1" dealt="1" sum="0"/>
</round>
</game>
<game gamecode="6529008485"><general><startdate>2025-11-11 21:45:06</startdate>
<round>1</round>
<failsafecounter/>
<players><player seat="6" name="setteecinque" chips="380" dealer="0" win="0" bet="120" muck="1" rebuy="0" addon="0" merge="0" rebuychips="0" reg_code="5072130823"/>
<player seat="10" name="KOPKHUNKRAP" chips="460" dealer="1" win="0" bet="0" muck="1" rebuy="0" addon="0" merge="0" rebuychips="0" reg_code="5072131712"/>
<player seat="3" name="deIduKA" chips="660" dealer="0" win="240" bet="180" muck="1" rebuy="0" addon="0" merge="0" rebuychips="0" reg_code="5072128855"/>
</players>
</general>
<round no="0"><action no="1" player="deIduKA" type="1" discard="1" dealt="1" sum="10"/>
<action no="2" player="setteecinque" type="2" discard="1" dealt="1" sum="20"/>
</round>
<round no="1"><cards type="Pocket" player="KOPKHUNKRAP">H10 S6</cards>
<cards type="Pocket" player="deIduKA">X X</cards>
<cards type="Pocket" player="setteecinque">X X</cards>
<action no="3" player="KOPKHUNKRAP" type="0" sum="0"/>
<action no="4" player="deIduKA" type="3" discard="1" dealt="1" sum="10"/>
<action no="5" player="setteecinque" type="23" discard="1" dealt="1" sum="60"/>
<action no="6" player="deIduKA" type="3" discard="1" dealt="1" sum="40"/>
</round>
<round no="2"><cards type="Flop">D6 H9 CJ</cards>
<action no="7" player="deIduKA" type="4" discard="1" dealt="1" sum="0"/>
<action no="8" player="setteecinque" type="5" discard="1" dealt="1" sum="60"/>
<action no="9" player="deIduKA" type="23" discard="1" dealt="1" sum="120"/>
<action no="10" player="setteecinque" type="0" discard="1" dealt="1" sum="0"/>
</round>
</game>
<game gamecode="6529008560"><general><startdate>2025-11-11 21:45:38</startdate>
<round>1</round>
<failsafecounter/>
<players><player seat="10" name="KOPKHUNKRAP" chips="460" dealer="0" win="150" bet="460" muck="1" rebuy="0" addon="0" merge="0" rebuychips="0" reg_code="5072131712"/>
<player seat="3" name="deIduKA" chips="780" dealer="1" win="0" bet="65" muck="1" rebuy="0" addon="0" merge="0" rebuychips="0" reg_code="5072128855"/>
<player seat="6" name="setteecinque" chips="260" dealer="0" win="0" bet="20" muck="1" rebuy="0" addon="0" merge="0" rebuychips="0" reg_code="5072130823"/>
</players>
</general>
<round no="0"><action no="1" player="setteecinque" type="15" discard="1" dealt="1" sum="5"/>
<action no="2" player="KOPKHUNKRAP" type="15" sum="5"/>
<action no="3" player="deIduKA" type="15" discard="1" dealt="1" sum="5"/>
<action no="4" player="setteecinque" type="1" discard="1" dealt="1" sum="15"/>
<action no="5" player="KOPKHUNKRAP" type="2" sum="30"/>
</round>
<round no="1"><cards type="Pocket" player="KOPKHUNKRAP">D8 H8</cards>
<cards type="Pocket" player="setteecinque">X X</cards>
<cards type="Pocket" player="deIduKA">X X</cards>
<action no="6" player="deIduKA" type="23" discard="1" dealt="1" sum="60"/>
<action no="7" player="setteecinque" type="0" discard="1" dealt="1" sum="0"/>
<action no="8" player="KOPKHUNKRAP" type="23" sum="455"/>
<action no="9" player="deIduKA" type="0" discard="1" dealt="1" sum="0"/>
</round>
</game>
<game gamecode="6529014804"><general><startdate>2025-11-11 21:45:56</startdate>
<round>1</round>
<failsafecounter/>
<players><player seat="3" name="deIduKA" chips="715" dealer="0" win="45" bet="35" muck="1" rebuy="0" addon="0" merge="0" rebuychips="0" reg_code="5072128855"/>
<player seat="6" name="setteecinque" chips="240" dealer="1" win="0" bet="5" muck="1" rebuy="0" addon="0" merge="0" rebuychips="0" reg_code="5072130823"/>
<player seat="10" name="KOPKHUNKRAP" chips="545" dealer="0" win="0" bet="20" muck="1" rebuy="0" addon="0" merge="0" rebuychips="0" reg_code="5072131712"/>
</players>
</general>
<round no="0"><action no="1" player="KOPKHUNKRAP" type="15" sum="5"/>
<action no="2" player="deIduKA" type="15" discard="1" dealt="1" sum="5"/>
<action no="3" player="setteecinque" type="15" discard="1" dealt="1" sum="5"/>
<action no="4" player="KOPKHUNKRAP" type="1" sum="15"/>
<action no="5" player="deIduKA" type="2" discard="1" dealt="1" sum="30"/>
</round>
<round no="1"><cards type="Pocket" player="deIduKA">X X</cards>
<cards type="Pocket" player="KOPKHUNKRAP">S2 CQ</cards>
<cards type="Pocket" player="setteecinque">X X</cards>
<action no="6" player="setteecinque" type="0" discard="1" dealt="1" sum="0"/>
<action no="7" player="KOPKHUNKRAP" type="0" sum="0"/>
</round>
</game>
<game gamecode="6529014840"><general><startdate>2025-11-11 21:46:07</startdate>
<round>1</round>
<failsafecounter/>
<players><player seat="6" name="setteecinque" chips="235" dealer="0" win="45" bet="35" muck="1" rebuy="0" addon="0" merge="0" rebuychips="0" reg_code="5072130823"/>
<player seat="10" name="KOPKHUNKRAP" chips="525" dealer="1" win="0" bet="5" muck="1" rebuy="0" addon="0" merge="0" rebuychips="0" reg_code="5072131712"/>
<player seat="3" name="deIduKA" chips="740" dealer="0" win="0" bet="20" muck="1" rebuy="0" addon="0" merge="0" rebuychips="0" reg_code="5072128855"/>
</players>
</general>
<round no="0"><action no="1" player="deIduKA" type="15" discard="1" dealt="1" sum="5"/>
<action no="2" player="setteecinque" type="15" discard="1" dealt="1" sum="5"/>
<action no="3" player="KOPKHUNKRAP" type="15" sum="5"/>
<action no="4" player="deIduKA" type="1" discard="1" dealt="1" sum="15"/>
<action no="5" player="setteecinque" type="2" discard="1" dealt="1" sum="30"/>
</round>
<round no="1"><cards type="Pocket" player="deIduKA">X X</cards>
<cards type="Pocket" player="setteecinque">X X</cards>
<cards type="Pocket" player="KOPKHUNKRAP">C3 HA</cards>
<action no="6" player="KOPKHUNKRAP" type="0" sum="0"/>
<action no="7" player="deIduKA" type="0" discard="1" dealt="1" sum="0"/>
</round>
</game>
<game gamecode="6529014869"><general><startdate>2025-11-11 21:46:17</startdate>
<round>1</round>
<failsafecounter/>
<players><player seat="10" name="KOPKHUNKRAP" chips="520" dealer="0" win="45" bet="35" muck="1" rebuy="0" addon="0" merge="0" rebuychips="0" reg_code="5072131712"/>
<player seat="3" name="deIduKA" chips="720" dealer="1" win="0" bet="5" muck="1" rebuy="0" addon="0" merge="0" rebuychips="0" reg_code="5072128855"/>
<player seat="6" name="setteecinque" chips="260" dealer="0" win="0" bet="20" muck="1" rebuy="0" addon="0" merge="0" rebuychips="0" reg_code="5072130823"/>
</players>
</general>
<round no="0"><action no="1" player="setteecinque" type="15" discard="1" dealt="1" sum="5"/>
<action no="2" player="KOPKHUNKRAP" type="15" sum="5"/>
<action no="3" player="deIduKA" type="15" discard="1" dealt="1" sum="5"/>
<action no="4" player="setteecinque" type="1" discard="1" dealt="1" sum="15"/>
<action no="5" player="KOPKHUNKRAP" type="2" sum="30"/>
</round>
<round no="1"><cards type="Pocket" player="setteecinque">X X</cards>
<cards type="Pocket" player="KOPKHUNKRAP">DA H4</cards>
<cards type="Pocket" player="deIduKA">X X</cards>
<action no="6" player="deIduKA" type="0" discard="1" dealt="1" sum="0"/>
<action no="7" player="setteecinque" type="0" discard="1" dealt="1" sum="0"/>
</round>
</game>
<game gamecode="6529014899"><general><startdate>2025-11-11 21:46:26</startdate>
<round>1</round>
<failsafecounter/>
<players><player seat="3" name="deIduKA" chips="715" dealer="0" win="0" bet="110" muck="1" rebuy="0" addon="0" merge="0" rebuychips="0" reg_code="5072128855"/>
<player seat="6" name="setteecinque" chips="240" dealer="1" win="0" bet="5" muck="1" rebuy="0" addon="0" merge="0" rebuychips="0" reg_code="5072130823"/>
<player seat="10" name="KOPKHUNKRAP" chips="545" dealer="0" win="225" bet="200" muck="1" rebuy="0" addon="0" merge="0" rebuychips="0" reg_code="5072131712"/>
</players>
</general>
<round no="0"><action no="1" player="KOPKHUNKRAP" type="15" sum="5"/>
<action no="2" player="deIduKA" type="15" discard="1" dealt="1" sum="5"/>
<action no="3" player="setteecinque" type="15" discard="1" dealt="1" sum="5"/>
<action no="4" player="KOPKHUNKRAP" type="1" sum="15"/>
<action no="5" player="deIduKA" type="2" discard="1" dealt="1" sum="30"/>
</round>
<round no="1"><cards type="Pocket" player="KOPKHUNKRAP">C9 SJ</cards>
<cards type="Pocket" player="setteecinque">X X</cards>
<cards type="Pocket" player="deIduKA">X X</cards>
<action no="6" player="setteecinque" type="0" discard="1" dealt="1" sum="0"/>
<action no="7" player="KOPKHUNKRAP" type="23" sum="75"/>
<action no="8" player="deIduKA" type="3" discard="1" dealt="1" sum="45"/>
</round>
<round no="2"><cards type="Flop">C8 S8 D4</cards>
<action no="9" player="KOPKHUNKRAP" type="5" sum="30"/>
<action no="10" player="deIduKA" type="3" discard="1" dealt="1" sum="30"/>
</round>
<round no="3"><cards type="Turn">DQ</cards>
<action no="11" player="KOPKHUNKRAP" type="5" sum="90"/>
<action no="12" player="deIduKA" type="0" discard="1" dealt="1" sum="0"/>
</round>
</game>
<game gamecode="6529015004"><general><startdate>2025-11-11 21:47:07</startdate>
<round>1</round>
<failsafecounter/>
<players><player seat="6" name="setteecinque" chips="235" dealer="0" win="0" bet="45" muck="1" rebuy="0" addon="0" merge="0" rebuychips="0" reg_code="5072130823"/>
<player seat="10" name="KOPKHUNKRAP" chips="660" dealer="1" win="115" bet="660" muck="1" rebuy="0" addon="0" merge="0" rebuychips="0" reg_code="5072131712"/>
<player seat="3" name="deIduKA" chips="605" dealer="0" win="0" bet="25" muck="1" rebuy="0" addon="0" merge="0" rebuychips="0" reg_code="5072128855"/>
</players>
</general>
<round no="0"><action no="1" player="deIduKA" type="15" discard="1" dealt="1" sum="5"/>
<action no="2" player="setteecinque" type="15" discard="1" dealt="1" sum="5"/>
<action no="3" player="KOPKHUNKRAP" type="15" sum="5"/>
<action no="4" player="deIduKA" type="1" discard="1" dealt="1" sum="20"/>
<action no="5" player="setteecinque" type="2" discard="1" dealt="1" sum="40"/>
</round>
<round no="1"><cards type="Pocket" player="setteecinque">X X</cards>
<cards type="Pocket" player="deIduKA">X X</cards>
<cards type="Pocket" player="KOPKHUNKRAP">C2 S2</cards>
<action no="6" player="KOPKHUNKRAP" type="23" sum="655"/>
<action no="7" player="deIduKA" type="0" discard="1" dealt="1" sum="0"/>
<action no="8" player="setteecinque" type="0" discard="1" dealt="1" sum="0"/>
</round>
</game>
<game gamecode="6529015035"><general><startdate>2025-11-11 21:47:21</startdate>
<round>1</round>
<failsafecounter/>
<players><player seat="10" name="KOPKHUNKRAP" chips="730" dealer="0" win="0" bet="45" muck="1" rebuy="0" addon="0" merge="0" rebuychips="0" reg_code="5072131712"/>
<player seat="3" name="deIduKA" chips="580" dealer="1" win="0" bet="5" muck="1" rebuy="0" addon="0" merge="0" rebuychips="0" reg_code="5072128855"/>
<player seat="6" name="setteecinque" chips="190" dealer="0" win="95" bet="190" muck="1" rebuy="0" addon="0" merge="0" rebuychips="0" reg_code="5072130823"/>
</players>
</general>
<round no="0"><action no="1" player="setteecinque" type="15" discard="1" dealt="1" sum="5"/>
<action no="2" player="KOPKHUNKRAP" type="15" sum="5"/>
<action no="3" player="deIduKA" type="15" discard="1" dealt="1" sum="5"/>
<action no="4" player="setteecinque" type="1" discard="1" dealt="1" sum="20"/>
<action no="5" player="KOPKHUNKRAP" type="2" sum="40"/>
</round>
<round no="1"><cards type="Pocket" player="deIduKA">X X</cards>
<cards type="Pocket" player="setteecinque">X X</cards>
<cards type="Pocket" player="KOPKHUNKRAP">D9 C5</cards>
<action no="6" player="deIduKA" type="0" discard="1" dealt="1" sum="0"/>
<action no="7" player="setteecinque" type="23" discard="1" dealt="1" sum="185"/>
<action no="8" player="KOPKHUNKRAP" type="0" sum="0"/>
</round>
</game>
<game gamecode="6529015063"><general><startdate>2025-11-11 21:47:33</startdate>
<round>1</round>
<failsafecounter/>
<players><player seat="3" name="deIduKA" chips="575" dealer="0" win="55" bet="45" muck="1" rebuy="0" addon="0" merge="0" rebuychips="0" reg_code="5072128855"/>
<player seat="6" name="setteecinque" chips="240" dealer="1" win="0" bet="5" muck="1" rebuy="0" addon="0" merge="0" rebuychips="0" reg_code="5072130823"/>
<player seat="10" name="KOPKHUNKRAP" chips="685" dealer="0" win="0" bet="25" muck="1" rebuy="0" addon="0" merge="0" rebuychips="0" reg_code="5072131712"/>
</players>
</general>
<round no="0"><action no="1" player="KOPKHUNKRAP" type="15" sum="5"/>
<action no="2" player="deIduKA" type="15" discard="1" dealt="1" sum="5"/>
<action no="3" player="setteecinque" type="15" discard="1" dealt="1" sum="5"/>
<action no="4" player="KOPKHUNKRAP" type="1" sum="20"/>
<action no="5" player="deIduKA" type="2" discard="1" dealt="1" sum="40"/>
</round>
<round no="1"><cards type="Pocket" player="deIduKA">X X</cards>
<cards type="Pocket" player="setteecinque">X X</cards>
<cards type="Pocket" player="KOPKHUNKRAP">C4 S5</cards>
<action no="6" player="setteecinque" type="0" discard="1" dealt="1" sum="0"/>
<action no="7" player="KOPKHUNKRAP" type="0" sum="0"/>
</round>
</game>
<game gamecode="6529015086"><general><startdate>2025-11-11 21:47:43</startdate>
<round>1</round>
<failsafecounter/>
<players><player seat="6" name="setteecinque" chips="235" dealer="0" win="0" bet="45" muck="1" rebuy="0" addon="0" merge="0" rebuychips="0" reg_code="5072130823"/>
<player seat="10" name="KOPKHUNKRAP" chips="660" dealer="1" win="0" bet="5" muck="1" rebuy="0" addon="0" merge="0" rebuychips="0" reg_code="5072131712"/>
<player seat="3" name="deIduKA" chips="605" dealer="0" win="95" bet="605" muck="1" rebuy="0" addon="0" merge="0" rebuychips="0" reg_code="5072128855"/>
</players>
</general>
<round no="0"><action no="1" player="deIduKA" type="15" discard="1" dealt="1" sum="5"/>
<action no="2" player="setteecinque" type="15" discard="1" dealt="1" sum="5"/>
<action no="3" player="KOPKHUNKRAP" type="15" sum="5"/>
<action no="4" player="deIduKA" type="1" discard="1" dealt="1" sum="20"/>
<action no="5" player="setteecinque" type="2" discard="1" dealt="1" sum="40"/>
</round>
<round no="1"><cards type="Pocket" player="setteecinque">X X</cards>
<cards type="Pocket" player="KOPKHUNKRAP">CQ S7</cards>
<cards type="Pocket" player="deIduKA">X X</cards>
<action no="6" player="KOPKHUNKRAP" type="0" sum="0"/>
<action no="7" player="deIduKA" type="23" discard="1" dealt="1" sum="600"/>
<action no="8" player="setteecinque" type="0" discard="1" dealt="1" sum="0"/>
</round>
</game>
<game gamecode="6529015140"><general><startdate>2025-11-11 21:48:06</startdate>
<round>1</round>
<failsafecounter/>
<players><player seat="10" name="KOPKHUNKRAP" chips="655" dealer="0" win="0" bet="45" muck="1" rebuy="0" addon="0" merge="0" rebuychips="0" reg_code="5072131712"/>
<player seat="3" name="deIduKA" chips="655" dealer="1" win="0" bet="5" muck="1" rebuy="0" addon="0" merge="0" rebuychips="0" reg_code="5072128855"/>
<player seat="6" name="setteecinque" chips="190" dealer="0" win="95" bet="190" muck="1" rebuy="0" addon="0" merge="0" rebuychips="0" reg_code="5072130823"/>
</players>
</general>
<round no="0"><action no="1" player="setteecinque" type="15" discard="1" dealt="1" sum="5"/>
<action no="2" player="KOPKHUNKRAP" type="15" sum="5"/>
<action no="3" player="deIduKA" type="15" discard="1" dealt="1" sum="5"/>
<action no="4" player="setteecinque" type="1" discard="1" dealt="1" sum="20"/>
<action no="5" player="KOPKHUNKRAP" type="2" sum="40"/>
</round>
<round no="1"><cards type="Pocket" player="deIduKA">X X</cards>
<cards type="Pocket" player="setteecinque">X X</cards>
<cards type="Pocket" player="KOPKHUNKRAP">H6 D7</cards>
<action no="6" player="deIduKA" type="0" discard="1" dealt="1" sum="0"/>
<action no="7" player="setteecinque" type="23" discard="1" dealt="1" sum="185"/>
<action no="8" player="KOPKHUNKRAP" type="0" sum="0"/>
</round>
</game>
<game gamecode="6529015163"><general><startdate>2025-11-11 21:48:19</startdate>
<round>1</round>
<failsafecounter/>
<players><player seat="3" name="deIduKA" chips="650" dealer="0" win="0" bet="45" muck="1" rebuy="0" addon="0" merge="0" rebuychips="0" reg_code="5072128855"/>
<player seat="6" name="setteecinque" chips="240" dealer="1" win="115" bet="240" muck="1" rebuy="0" addon="0" merge="0" rebuychips="0" reg_code="5072130823"/>
<player seat="10" name="KOPKHUNKRAP" chips="610" dealer="0" win="0" bet="25" muck="1" rebuy="0" addon="0" merge="0" rebuychips="0" reg_code="5072131712"/>
</players>
</general>
<round no="0"><action no="1" player="KOPKHUNKRAP" type="15" sum="5"/>
<action no="2" player="deIduKA" type="15" discard="1" dealt="1" sum="5"/>
<action no="3" player="setteecinque" type="15" discard="1" dealt="1" sum="5"/>
<action no="4" player="KOPKHUNKRAP" type="1" sum="20"/>
<action no="5" player="deIduKA" type="2" discard="1" dealt="1" sum="40"/>
</round>
<round no="1"><cards type="Pocket" player="setteecinque">X X</cards>
<cards type="Pocket" player="deIduKA">X X</cards>
<cards type="Pocket" player="KOPKHUNKRAP">D8 H2</cards>
<action no="6" player="setteecinque" type="23" discard="1" dealt="1" sum="235"/>
<action no="7" player="KOPKHUNKRAP" type="0" sum="0"/>
<action no="8" player="deIduKA" type="0" discard="1" dealt="1" sum="0"/>
</round>
</game>
<game gamecode="6529015204"><general><startdate>2025-11-11 21:48:37</startdate>
<round>1</round>
<failsafecounter/>
<players><player seat="6" name="setteecinque" chips="310" dealer="0" win="0" bet="65" muck="1" rebuy="0" addon="0" merge="0" rebuychips="0" reg_code="5072130823"/>
<player seat="10" name="KOPKHUNKRAP" chips="585" dealer="1" win="0" bet="5" muck="1" rebuy="0" addon="0" merge="0" rebuychips="0" reg_code="5072131712"/>
<player seat="3" name="deIduKA" chips="605" dealer="0" win="135" bet="605" muck="1" rebuy="0" addon="0" merge="0" rebuychips="0" reg_code="5072128855"/>
</players>
</general>
<round no="0"><action no="1" player="deIduKA" type="15" discard="1" dealt="1" sum="5"/>
<action no="2" player="setteecinque" type="15" discard="1" dealt="1" sum="5"/>
<action no="3" player="KOPKHUNKRAP" type="15" sum="5"/>
<action no="4" player="deIduKA" type="1" discard="1" dealt="1" sum="30"/>
<action no="5" player="setteecinque" type="2" discard="1" dealt="1" sum="60"/>
</round>
<round no="1"><cards type="Pocket" player="setteecinque">X X</cards>
<cards type="Pocket" player="deIduKA">X X</cards>
<cards type="Pocket" player="KOPKHUNKRAP">D7 HK</cards>
<action no="6" player="KOPKHUNKRAP" type="0" sum="0"/>
<action no="7" player="deIduKA" type="23" discard="1" dealt="1" sum="600"/>
<action no="8" player="setteecinque" type="0" discard="1" dealt="1" sum="0"/>
</round>
</game>
<game gamecode="6529015242"><general><startdate>2025-11-11 21:48:50</startdate>
<round>1</round>
<failsafecounter/>
<players><player seat="10" name="KOPKHUNKRAP" chips="580" dealer="0" win="75" bet="65" muck="1" rebuy="0" addon="0" merge="0" rebuychips="0" reg_code="5072131712"/>
<player seat="3" name="deIduKA" chips="675" dealer="1" win="0" bet="5" muck="1" rebuy="0" addon="0" merge="0" rebuychips="0" reg_code="5072128855"/>
<player seat="6" name="setteecinque" chips="245" dealer="0" win="0" bet="35" muck="1" rebuy="0" addon="0" merge="0" rebuychips="0" reg_code="5072130823"/>
</players>
</general>
<round no="0"><action no="1" player="setteecinque" type="15" discard="1" dealt="1" sum="5"/>
<action no="2" player="KOPKHUNKRAP" type="15" sum="5"/>
<action no="3" player="deIduKA" type="15" discard="1" dealt="1" sum="5"/>
<action no="4" player="setteecinque" type="1" discard="1" dealt="1" sum="30"/>
<action no="5" player="KOPKHUNKRAP" type="2" sum="60"/>
</round>
<round no="1"><cards type="Pocket" player="KOPKHUNKRAP">S6 H3</cards>
<cards type="Pocket" player="deIduKA">X X</cards>
<cards type="Pocket" player="setteecinque">X X</cards>
<action no="6" player="deIduKA" type="0" discard="1" dealt="1" sum="0"/>
<action no="7" player="setteecinque" type="0" discard="1" dealt="1" sum="0"/>
</round>
</game>
<game gamecode="6529015257"><general><startdate>2025-11-11 21:49:00</startdate>
<round>1</round>
<failsafecounter/>
<players><player seat="3" name="deIduKA" chips="670" dealer="0" win="0" bet="65" muck="1" rebuy="0" addon="0" merge="0" rebuychips="0" reg_code="5072128855"/>
<player seat="6" name="setteecinque" chips="210" dealer="1" win="0" bet="5" muck="1" rebuy="0" addon="0" merge="0" rebuychips="0" reg_code="5072130823"/>
<player seat="10" name="KOPKHUNKRAP" chips="620" dealer="0" win="135" bet="620" muck="1" rebuy="0" addon="0" merge="0" rebuychips="0" reg_code="5072131712"/>
</players>
</general>
<round no="0"><action no="1" player="KOPKHUNKRAP" type="15" sum="5"/>
<action no="2" player="deIduKA" type="15" discard="1" dealt="1" sum="5"/>
<action no="3" player="setteecinque" type="15" discard="1" dealt="1" sum="5"/>
<action no="4" player="KOPKHUNKRAP" type="1" sum="30"/>
<action no="5" player="deIduKA" type="2" discard="1" dealt="1" sum="60"/>
</round>
<round no="1"><cards type="Pocket" player="deIduKA">X X</cards>
<cards type="Pocket" player="setteecinque">X X</cards>
<cards type="Pocket" player="KOPKHUNKRAP">H5 H4</cards>
<action no="6" player="setteecinque" type="0" discard="1" dealt="1" sum="0"/>
<action no="7" player="KOPKHUNKRAP" type="23" sum="615"/>
<action no="8" player="deIduKA" type="0" discard="1" dealt="1" sum="0"/>
</round>
</game>
<game gamecode="6529015304"><general><startdate>2025-11-11 21:49:19</startdate>
<round>1</round>
<failsafecounter/>
<players><player seat="6" name="setteecinque" chips="205" dealer="0" win="0" bet="65" muck="1" rebuy="0" addon="0" merge="0" rebuychips="0" reg_code="5072130823"/>
<player seat="10" name="KOPKHUNKRAP" chips="690" dealer="1" win="165" bet="690" muck="1" rebuy="0" addon="0" merge="0" rebuychips="0" reg_code="5072131712"/>
<player seat="3" name="deIduKA" chips="605" dealer="0" win="0" bet="35" muck="1" rebuy="0" addon="0" merge="0" rebuychips="0" reg_code="5072128855"/>
</players>
</general>
<round no="0"><action no="1" player="deIduKA" type="15" discard="1" dealt="1" sum="5"/>
<action no="2" player="setteecinque" type="15" discard="1" dealt="1" sum="5"/>
<action no="3" player="KOPKHUNKRAP" type="15" sum="5"/>
<action no="4" player="deIduKA" type="1" discard="1" dealt="1" sum="30"/>
<action no="5" player="setteecinque" type="2" discard="1" dealt="1" sum="60"/>
</round>
<round no="1"><cards type="Pocket" player="deIduKA">X X</cards>
<cards type="Pocket" player="setteecinque">X X</cards>
<cards type="Pocket" player="KOPKHUNKRAP">SK DQ</cards>
<action no="6" player="KOPKHUNKRAP" type="23" sum="685"/>
<action no="7" player="deIduKA" type="0" discard="1" dealt="1" sum="0"/>
<action no="8" player="setteecinque" type="0" discard="1" dealt="1" sum="0"/>
</round>
</game>
<game gamecode="6529015338"><general><startdate>2025-11-11 21:49:33</startdate>
<round>1</round>
<failsafecounter/>
<players><player seat="10" name="KOPKHUNKRAP" chips="790" dealer="0" win="0" bet="65" muck="1" rebuy="0" addon="0" merge="0" rebuychips="0" reg_code="5072131712"/>
<player seat="3" name="deIduKA" chips="570" dealer="1" win="165" bet="570" muck="1" rebuy="0" addon="0" merge="0" rebuychips="0" reg_code="5072128855"/>
<player seat="6" name="setteecinque" chips="140" dealer="0" win="0" bet="35" muck="1" rebuy="0" addon="0" merge="0" rebuychips="0" reg_code="5072130823"/>
</players>
</general>
<round no="0"><action no="1" player="setteecinque" type="15" discard="1" dealt="1" sum="5"/>
<action no="2" player="KOPKHUNKRAP" type="15" sum="5"/>
<action no="3" player="deIduKA" type="15" discard="1" dealt="1" sum="5"/>
<action no="4" player="setteecinque" type="1" discard="1" dealt="1" sum="30"/>
<action no="5" player="KOPKHUNKRAP" type="2" sum="60"/>
</round>
<round no="1"><cards type="Pocket" player="setteecinque">X X</cards>
<cards type="Pocket" player="KOPKHUNKRAP">S3 CK</cards>
<cards type="Pocket" player="deIduKA">X X</cards>
<action no="6" player="deIduKA" type="23" discard="1" dealt="1" sum="565"/>
<action no="7" player="setteecinque" type="0" discard="1" dealt="1" sum="0"/>
<action no="8" player="KOPKHUNKRAP" type="0" sum="0"/>
</round>
</game>
<game gamecode="6529015361"><general><startdate>2025-11-11 21:49:45</startdate>
<round>1</round>
<failsafecounter/>
<players><player seat="3" name="deIduKA" chips="670" dealer="0" win="245" bet="105" muck="0" rebuy="0" addon="0" merge="0" rebuychips="0" reg_code="5072128855"/>
<player seat="6" name="setteecinque" chips="105" dealer="1" win="0" bet="105" muck="0" rebuy="0" addon="0" merge="0" rebuychips="0" reg_code="5072130823"/>
<player seat="10" name="KOPKHUNKRAP" chips="725" dealer="0" win="0" bet="35" muck="1" rebuy="0" addon="0" merge="0" rebuychips="0" reg_code="5072131712"/>
</players>
</general>
<round no="0"><action no="1" player="KOPKHUNKRAP" type="15" sum="5"/>
<action no="2" player="deIduKA" type="15" discard="1" dealt="1" sum="5"/>
<action no="3" player="setteecinque" type="15" discard="1" dealt="1" sum="5"/>
<action no="4" player="KOPKHUNKRAP" type="1" sum="30"/>
<action no="5" player="deIduKA" type="2" discard="1" dealt="1" sum="60"/>
</round>
<round no="1"><cards type="Pocket" player="setteecinque">D7 C10</cards>
<cards type="Pocket" player="KOPKHUNKRAP">D3 C4</cards>
<cards type="Pocket" player="deIduKA">C8 H6</cards>
<action no="6" player="setteecinque" type="7" discard="1" dealt="1" sum="100"/>
<action no="7" player="KOPKHUNKRAP" type="0" sum="0"/>
<action no="8" player="deIduKA" type="3" discard="1" dealt="1" sum="40"/>
</round>
<round no="2"><cards type="Flop">HJ S5 H7</cards>
</round>
<round no="3"><cards type="Turn">HQ</cards>
</round>
<round no="4"><cards type="River">HK</cards>
</round>
</game>
<game gamecode="6529015426"><general><startdate>2025-11-11 21:50:09</startdate>
<round>1</round>
<failsafecounter/>
<players><player seat="3" name="deIduKA" chips="810" dealer="0" win="0" bet="65" muck="1" rebuy="0" addon="0" merge="0" rebuychips="0" reg_code="5072128855"/>
<player seat="10" name="KOPKHUNKRAP" chips="690" dealer="1" win="130" bet="125" muck="1" rebuy="0" addon="0" merge="0" rebuychips="0" reg_code="5072131712"/>
</players>
</general>
<round no="0"><action no="1" player="KOPKHUNKRAP" type="15" sum="5"/>
<action no="2" player="deIduKA" type="15" discard="1" dealt="1" sum="5"/>
<action no="3" player="KOPKHUNKRAP" type="1" sum="30"/>
<action no="4" player="deIduKA" type="2" discard="1" dealt="1" sum="60"/>
</round>
<round no="1"><cards type="Pocket" player="deIduKA">X X</cards>
<cards type="Pocket" player="KOPKHUNKRAP">S7 D9</cards>
<action no="5" player="KOPKHUNKRAP" type="3" sum="30"/>
<action no="6" player="deIduKA" type="4" discard="1" dealt="1" sum="0"/>
</round>
<round no="2"><cards type="Flop">HA CJ S8</cards>
<action no="7" player="deIduKA" type="4" discard="1" dealt="1" sum="0"/>
<action no="8" player="KOPKHUNKRAP" type="5" sum="60"/>
<action no="9" player="deIduKA" type="0" discard="1" dealt="1" sum="0"/>
</round>
</game>
<game gamecode="6529015504"><general><startdate>2025-11-11 21:50:42</startdate>
<round>1</round>
<failsafecounter/>
<players><player seat="10" name="KOPKHUNKRAP" chips="755" dealer="0" win="0" bet="88" muck="1" rebuy="0" addon="0" merge="0" rebuychips="0" reg_code="5072131712"/>
<player seat="3" name="deIduKA" chips="745" dealer="1" win="176" bet="745" muck="1" rebuy="0" addon="0" merge="0" rebuychips="0" reg_code="5072128855"/>
</players>
</general>
<round no="0"><action no="1" player="deIduKA" type="15" discard="1" dealt="1" sum="8"/>
<action no="2" player="KOPKHUNKRAP" type="15" sum="8"/>
<action no="3" player="deIduKA" type="1" discard="1" dealt="1" sum="40"/>
<action no="4" player="KOPKHUNKRAP" type="2" sum="80"/>
</round>
<round no="1"><cards type="Pocket" player="KOPKHUNKRAP">S3 D7</cards>
<cards type="Pocket" player="deIduKA">X X</cards>
<action no="5" player="deIduKA" type="23" discard="1" dealt="1" sum="737"/>
<action no="6" player="KOPKHUNKRAP" type="0" sum="0"/>
</round>
</game>
<game gamecode="6529015540"><general><startdate>2025-11-11 21:50:56</startdate>
<round>1</round>
<failsafecounter/>
<players><player seat="3" name="deIduKA" chips="833" dealer="0" win="0" bet="667" muck="1" rebuy="0" addon="0" merge="0" rebuychips="0" reg_code="5072128855"/>
<player seat="10" name="KOPKHUNKRAP" chips="667" dealer="1" win="1,334" bet="667" muck="0" rebuy="0" addon="0" merge="0" rebuychips="0" reg_code="5072131712"/>
</players>
</general>
<round no="0"><action no="1" player="KOPKHUNKRAP" type="15" sum="8"/>
<action no="2" player="deIduKA" type="15" discard="1" dealt="1" sum="8"/>
<action no="3" player="KOPKHUNKRAP" type="1" sum="40"/>
<action no="4" player="deIduKA" type="2" discard="1" dealt="1" sum="80"/>
</round>
<round no="1"><cards type="Pocket" player="KOPKHUNKRAP">DA DJ</cards>
<cards type="Pocket" player="deIduKA">HA HJ</cards>
<action no="5" player="KOPKHUNKRAP" type="3" sum="40"/>
<action no="6" player="deIduKA" type="23" discard="1" dealt="1" sum="280"/>
<action no="7" player="KOPKHUNKRAP" type="23" sum="659"/>
<action no="8" player="deIduKA" type="3" discard="1" dealt="1" sum="379"/>
</round>
<round no="2"><cards type="Flop">C7 D8 H10</cards>
</round>
<round no="3"><cards type="Turn">D4</cards>
</round>
<round no="4"><cards type="River">DK</cards>
</round>
</game>
<game gamecode="6529015587"><general><startdate>2025-11-11 21:51:18</startdate>
<round>1</round>
<failsafecounter/>
<players><player seat="10" name="KOPKHUNKRAP" chips="1,334" dealer="0" win="0" bet="166" muck="1" rebuy="0" addon="0" merge="0" rebuychips="0" reg_code="5072131712"/>
<player seat="3" name="deIduKA" chips="166" dealer="1" win="332" bet="166" muck="0" rebuy="0" addon="0" merge="0" rebuychips="0" reg_code="5072128855"/>
</players>
</general>
<round no="0"><action no="1" player="deIduKA" type="15" discard="1" dealt="1" sum="8"/>
<action no="2" player="KOPKHUNKRAP" type="15" sum="8"/>
<action no="3" player="deIduKA" type="1" discard="1" dealt="1" sum="40"/>
<action no="4" player="KOPKHUNKRAP" type="2" sum="80"/>
</round>
<round no="1"><cards type="Pocket" player="KOPKHUNKRAP">SJ H2</cards>
<cards type="Pocket" player="deIduKA">CA S7</cards>
<action no="5" player="deIduKA" type="7" discard="1" dealt="1" sum="118"/>
<action no="6" player="KOPKHUNKRAP" type="3" sum="78"/>
</round>
<round no="2"><cards type="Flop">S5 HA SA</cards>
</round>
<round no="3"><cards type="Turn">S3</cards>
</round>
<round no="4"><cards type="River">DQ</cards>
</round>
</game>
<game gamecode="6529015644"><general><startdate>2025-11-11 21:51:39</startdate>
<round>1</round>
<failsafecounter/>
<players><player seat="3" name="deIduKA" chips="332" dealer="0" win="0" bet="332" muck="0" rebuy="0" addon="0" merge="0" rebuychips="0" reg_code="5072128855"/>
<player seat="10" name="KOPKHUNKRAP" chips="1,168" dealer="1" win="664" bet="1,168" muck="0" rebuy="0" addon="0" merge="0" rebuychips="0" reg_code="5072131712"/>
</players>
</general>
<round no="0"><action no="1" player="KOPKHUNKRAP" type="15" sum="8"/>
<action no="2" player="deIduKA" type="15" discard="1" dealt="1" sum="8"/>
<action no="3" player="KOPKHUNKRAP" type="1" sum="40"/>
<action no="4" player="deIduKA" type="2" discard="1" dealt="1" sum="80"/>
</round>
<round no="1"><cards type="Pocket" player="KOPKHUNKRAP">D5 C8</cards>
<cards type="Pocket" player="deIduKA">S2 C2</cards>
<action no="5" player="KOPKHUNKRAP" type="23" sum="1,160"/>
<action no="6" player="deIduKA" type="7" discard="1" dealt="1" sum="244"/>
</round>
<round no="2"><cards type="Flop">HQ C5 S4</cards>
</round>
<round no="3"><cards type="Turn">C7</cards>
</round>
<round no="4"><cards type="River">H6</cards>
</round>
</game>
</session>
