<?xml version="1.0" encoding="UTF-8"?>
<session sessioncode="5072435680">
<general>
<client_version>25.7.1.34</client_version>
<mode>real</mode>
<gametype>Holdem NL</gametype>
<tablename>Twister €200 SNG, 821595471</tablename>
<tournamentcode>821595470</tournamentcode>
<tournamentname>Twister €200 SNG</tournamentname>
<buyin>€0 + €12 + €188</buyin>
<totalbuyin>€200</totalbuyin>
<rewarddrawn>€800</rewarddrawn>
<tournamentcurrency>EUR</tournamentcurrency>
<currency>EUR</currency>
<nickname>KOPKHUNKRAP</nickname>
<gamecount>22</gamecount>
<startdate>2025-11-13 01:46:18</startdate>
<place>1</place>
<win>€800</win>
<tablesize>3</tablesize>
</general>
<game gamecode="6529986647"><general><startdate>2025-11-13 01:46:33</startdate>
<round>1</round>
<failsafecounter/>
<players><player seat="6" name="SuBandiduu" chips="500" dealer="0" win="0" bet="20" muck="1" rebuy="0" addon="0" merge="0" rebuychips="0" reg_code="5072434469"/>
<player seat="10" name="KOPKHUNKRAP" chips="500" dealer="1" win="0" bet="0" muck="1" rebuy="0" addon="0" merge="0" rebuychips="0" reg_code="5072435680"/>
<player seat="3" name="Girinetto1823" chips="500" dealer="0" win="40" bet="80" muck="1" rebuy="0" addon="0" merge="0" rebuychips="0" reg_code="5072435678"/>
</players>
</general>
<round no="0"><action no="1" player="Girinetto1823" type="1" discard="1" dealt="1" sum="10"/>
<action no="2" player="SuBandiduu" type="2" discard="1" dealt="1" sum="20"/>
</round>
<round no="1"><cards type="Pocket" player="KOPKHUNKRAP">C6 S10</cards>
<cards type="Pocket" player="Girinetto1823">X X</cards>
<cards type="Pocket" player="SuBandiduu">X X</cards>
<action no="3" player="KOPKHUNKRAP" type="0" sum="0"/>
<action no="4" player="Girinetto1823" type="23" discard="1" dealt="1" sum="80"/>
<action no="5" player="SuBandiduu" type="0" discard="1" dealt="1" sum="0"/>
</round>
</game>
<game gamecode="6529986659"><general><startdate>2025-11-13 01:46:42</startdate>
<round>1</round>
<failsafecounter/>
<players><player seat="10" name="KOPKHUNKRAP" chips="500" dealer="0" win="20" bet="20" muck="1" rebuy="0" addon="0" merge="0" rebuychips="0" reg_code="5072435680"/>
<player seat="3" name="Girinetto1823" chips="520" dealer="1" win="0" bet="0" muck="1" rebuy="0" addon="0" merge="0" rebuychips="0" reg_code="5072435678"/>
<player seat="6" name="SuBandiduu" chips="480" dealer="0" win="0" bet="10" muck="1" rebuy="0" addon="0" merge="0" rebuychips="0" reg_code="5072434469"/>
</players>
</general>
<round no="0"><action no="1" player="SuBandiduu" type="1" discard="1" dealt="1" sum="10"/>
<action no="2" player="KOPKHUNKRAP" type="2" sum="20"/>
</round>
<round no="1"><cards type="Pocket" player="SuBandiduu">X X</cards>
<cards type="Pocket" player="Girinetto1823">X X</cards>
<cards type="Pocket" player="KOPKHUNKRAP">D3 S9</cards>
<action no="3" player="Girinetto1823" type="0" discard="1" dealt="1" sum="0"/>
<action no="4" player="SuBandiduu" type="0" discard="1" dealt="1" sum="0"/>
</round>
</game>
<game gamecode="6529986667"><general><startdate>2025-11-13 01:46:50</startdate>
<round>1</round>
<failsafecounter/>
<players><player seat="3" name="Girinetto1823" chips="520" dealer="0" win="0" bet="60" muck="1" rebuy="0" addon="0" merge="0" rebuychips="0" reg_code="5072435678"/>
<player seat="6" name="SuBandiduu" chips="470" dealer="1" win="130" bet="470" muck="1" rebuy="0" addon="0" merge="0" rebuychips="0" reg_code="5072434469"/>
<player seat="10" name="KOPKHUNKRAP" chips="510" dealer="0" win="0" bet="10" muck="1" rebuy="0" addon="0" merge="0" rebuychips="0" reg_code="5072435680"/>
</players>
</general>
<round no="0"><action no="1" player="KOPKHUNKRAP" type="1" sum="10"/>
<action no="2" player="Girinetto1823" type="2" discard="1" dealt="1" sum="20"/>
</round>
<round no="1"><cards type="Pocket" player="KOPKHUNKRAP">H3 D7</cards>
<cards type="Pocket" player="SuBandiduu">X X</cards>
<cards type="Pocket" player="Girinetto1823">X X</cards>
<action no="3" player="SuBandiduu" type="23" discard="1" dealt="1" sum="40"/>
<action no="4" player="KOPKHUNKRAP" type="0" sum="0"/>
<action no="5" player="Girinetto1823" type="23" discard="1" dealt="1" sum="60"/>
<action no="6" player="SuBandiduu" type="23" discard="1" dealt="1" sum="470"/>
<action no="7" player="Girinetto1823" type="0" discard="1" dealt="1" sum="0"/>
</round>
</game>
<game gamecode="6529986685"><general><startdate>2025-11-13 01:47:04</startdate>
<round>1</round>
<failsafecounter/>
<players><player seat="6" name="SuBandiduu" chips="540" dealer="0" win="0" bet="40" muck="1" rebuy="0" addon="0" merge="0" rebuychips="0" reg_code="5072434469"/>
<player seat="10" name="KOPKHUNKRAP" chips="500" dealer="1" win="0" bet="40" muck="1" rebuy="0" addon="0" merge="0" rebuychips="0" reg_code="5072435680"/>
<player seat="3" name="Girinetto1823" chips="460" dealer="0" win="120" bet="60" muck="1" rebuy="0" addon="0" merge="0" rebuychips="0" reg_code="5072435678"/>
</players>
</general>
<round no="0"><action no="1" player="Girinetto1823" type="1" discard="1" dealt="1" sum="10"/>
<action no="2" player="SuBandiduu" type="2" discard="1" dealt="1" sum="20"/>
</round>
<round no="1"><cards type="Pocket" player="SuBandiduu">X X</cards>
<cards type="Pocket" player="KOPKHUNKRAP">HK H3</cards>
<cards type="Pocket" player="Girinetto1823">X X</cards>
<action no="3" player="KOPKHUNKRAP" type="23" sum="40"/>
<action no="4" player="Girinetto1823" type="3" discard="1" dealt="1" sum="30"/>
<action no="5" player="SuBandiduu" type="3" discard="1" dealt="1" sum="20"/>
</round>
<round no="2"><cards type="Flop">D4 SQ CJ</cards>
<action no="6" player="Girinetto1823" type="5" discard="1" dealt="1" sum="20"/>
<action no="7" player="SuBandiduu" type="0" discard="1" dealt="1" sum="0"/>
<action no="8" player="KOPKHUNKRAP" type="0" sum="0"/>
</round>
</game>
<game gamecode="6529986706"><general><startdate>2025-11-13 01:47:20</startdate>
<round>1</round>
<failsafecounter/>
<players><player seat="10" name="KOPKHUNKRAP" chips="460" dealer="0" win="360" bet="160" muck="0" rebuy="0" addon="0" merge="0" rebuychips="0" reg_code="5072435680"/>
<player seat="3" name="Girinetto1823" chips="540" dealer="1" win="0" bet="160" muck="0" rebuy="0" addon="0" merge="0" rebuychips="0" reg_code="5072435678"/>
<player seat="6" name="SuBandiduu" chips="500" dealer="0" win="0" bet="40" muck="1" rebuy="0" addon="0" merge="0" rebuychips="0" reg_code="5072434469"/>
</players>
</general>
<round no="0"><action no="1" player="SuBandiduu" type="1" discard="1" dealt="1" sum="10"/>
<action no="2" player="KOPKHUNKRAP" type="2" sum="20"/>
</round>
<round no="1"><cards type="Pocket" player="KOPKHUNKRAP">D5 D4</cards>
<cards type="Pocket" player="Girinetto1823">H10 S7</cards>
<cards type="Pocket" player="SuBandiduu">X X</cards>
<action no="3" player="Girinetto1823" type="23" discard="1" dealt="1" sum="40"/>
<action no="4" player="SuBandiduu" type="3" discard="1" dealt="1" sum="30"/>
<action no="5" player="KOPKHUNKRAP" type="3" sum="20"/>
</round>
<round no="2"><cards type="Flop">S2 C8 H9</cards>
<action no="6" player="SuBandiduu" type="4" discard="1" dealt="1" sum="0"/>
<action no="7" player="KOPKHUNKRAP" type="4" sum="0"/>
<action no="8" player="Girinetto1823" type="4" discard="1" dealt="1" sum="0"/>
</round>
<round no="3"><cards type="Turn">S5</cards>
<action no="9" player="SuBandiduu" type="4" discard="1" dealt="1" sum="0"/>
<action no="10" player="KOPKHUNKRAP" type="4" sum="0"/>
<action no="11" player="Girinetto1823" type="4" discard="1" dealt="1" sum="0"/>
</round>
<round no="4"><cards type="River">D9</cards>
<action no="12" player="SuBandiduu" type="4" discard="1" dealt="1" sum="0"/>
<action no="13" player="KOPKHUNKRAP" type="4" sum="0"/>
<action no="14" player="Girinetto1823" type="5" discard="1" dealt="1" sum="120"/>
<action no="15" player="SuBandiduu" type="0" discard="1" dealt="1" sum="0"/>
<action no="16" player="KOPKHUNKRAP" type="3" sum="120"/>
</round>
</game>
<game gamecode="6529986748"><general><startdate>2025-11-13 01:47:53</startdate>
<round>1</round>
<failsafecounter/>
<players><player seat="3" name="Girinetto1823" chips="380" dealer="0" win="130" bet="151" muck="1" rebuy="0" addon="0" merge="0" rebuychips="0" reg_code="5072435678"/>
<player seat="6" name="SuBandiduu" chips="460" dealer="1" win="0" bet="60" muck="1" rebuy="0" addon="0" merge="0" rebuychips="0" reg_code="5072434469"/>
<player seat="10" name="KOPKHUNKRAP" chips="660" dealer="0" win="0" bet="10" muck="1" rebuy="0" addon="0" merge="0" rebuychips="0" reg_code="5072435680"/>
</players>
</general>
<round no="0"><action no="1" player="KOPKHUNKRAP" type="1" sum="10"/>
<action no="2" player="Girinetto1823" type="2" discard="1" dealt="1" sum="20"/>
</round>
<round no="1"><cards type="Pocket" player="Girinetto1823">X X</cards>
<cards type="Pocket" player="SuBandiduu">X X</cards>
<cards type="Pocket" player="KOPKHUNKRAP">D2 C2</cards>
<action no="3" player="SuBandiduu" type="23" discard="1" dealt="1" sum="40"/>
<action no="4" player="KOPKHUNKRAP" type="0" sum="0"/>
<action no="5" player="Girinetto1823" type="23" discard="1" dealt="1" sum="60"/>
<action no="6" player="SuBandiduu" type="3" discard="1" dealt="1" sum="20"/>
</round>
<round no="2"><cards type="Flop">HJ HA HQ</cards>
<action no="7" player="Girinetto1823" type="4" discard="1" dealt="1" sum="0"/>
<action no="8" player="SuBandiduu" type="4" discard="1" dealt="1" sum="0"/>
</round>
<round no="3"><cards type="Turn">H7</cards>
<action no="9" player="Girinetto1823" type="4" discard="1" dealt="1" sum="0"/>
<action no="10" player="SuBandiduu" type="4" discard="1" dealt="1" sum="0"/>
</round>
<round no="4"><cards type="River">SA</cards>
<action no="11" player="Girinetto1823" type="5" discard="1" dealt="1" sum="91"/>
<action no="12" player="SuBandiduu" type="0" discard="1" dealt="1" sum="0"/>
</round>
</game>
<game gamecode="6529986808"><general><startdate>2025-11-13 01:48:35</startdate>
<round>1</round>
<failsafecounter/>
<players><player seat="6" name="SuBandiduu" chips="400" dealer="0" win="0" bet="35" muck="1" rebuy="0" addon="0" merge="0" rebuychips="0" reg_code="5072434469"/>
<player seat="10" name="KOPKHUNKRAP" chips="650" dealer="1" win="0" bet="5" muck="1" rebuy="0" addon="0" merge="0" rebuychips="0" reg_code="5072435680"/>
<player seat="3" name="Girinetto1823" chips="450" dealer="0" win="75" bet="65" muck="1" rebuy="0" addon="0" merge="0" rebuychips="0" reg_code="5072435678"/>
</players>
</general>
<round no="0"><action no="1" player="Girinetto1823" type="15" discard="1" dealt="1" sum="5"/>
<action no="2" player="SuBandiduu" type="15" discard="1" dealt="1" sum="5"/>
<action no="3" player="KOPKHUNKRAP" type="15" sum="5"/>
<action no="4" player="Girinetto1823" type="1" discard="1" dealt="1" sum="15"/>
<action no="5" player="SuBandiduu" type="2" discard="1" dealt="1" sum="30"/>
</round>
<round no="1"><cards type="Pocket" player="KOPKHUNKRAP">H3 H7</cards>
<cards type="Pocket" player="SuBandiduu">X X</cards>
<cards type="Pocket" player="Girinetto1823">X X</cards>
<action no="6" player="KOPKHUNKRAP" type="0" sum="0"/>
<action no="7" player="Girinetto1823" type="3" discard="1" dealt="1" sum="15"/>
<action no="8" player="SuBandiduu" type="4" discard="1" dealt="1" sum="0"/>
</round>
<round no="2"><cards type="Flop">D5 S2 SQ</cards>
<action no="9" player="Girinetto1823" type="5" discard="1" dealt="1" sum="30"/>
<action no="10" player="SuBandiduu" type="0" discard="1" dealt="1" sum="0"/>
</round>
</game>
<game gamecode="6529986829"><general><startdate>2025-11-13 01:48:46</startdate>
<round>1</round>
<failsafecounter/>
<players><player seat="10" name="KOPKHUNKRAP" chips="645" dealer="0" win="45" bet="35" muck="1" rebuy="0" addon="0" merge="0" rebuychips="0" reg_code="5072435680"/>
<player seat="3" name="Girinetto1823" chips="490" dealer="1" win="0" bet="5" muck="1" rebuy="0" addon="0" merge="0" rebuychips="0" reg_code="5072435678"/>
<player seat="6" name="SuBandiduu" chips="365" dealer="0" win="0" bet="20" muck="1" rebuy="0" addon="0" merge="0" rebuychips="0" reg_code="5072434469"/>
</players>
</general>
<round no="0"><action no="1" player="SuBandiduu" type="15" discard="1" dealt="1" sum="5"/>
<action no="2" player="KOPKHUNKRAP" type="15" sum="5"/>
<action no="3" player="Girinetto1823" type="15" discard="1" dealt="1" sum="5"/>
<action no="4" player="SuBandiduu" type="1" discard="1" dealt="1" sum="15"/>
<action no="5" player="KOPKHUNKRAP" type="2" sum="30"/>
</round>
<round no="1"><cards type="Pocket" player="SuBandiduu">X X</cards>
<cards type="Pocket" player="KOPKHUNKRAP">S10 D3</cards>
<cards type="Pocket" player="Girinetto1823">X X</cards>
<action no="6" player="Girinetto1823" type="0" discard="1" dealt="1" sum="0"/>
<action no="7" player="SuBandiduu" type="0" discard="1" dealt="1" sum="0"/>
</round>
</game>
<game gamecode="6529986841"><general><startdate>2025-11-13 01:48:56</startdate>
<round>1</round>
<failsafecounter/>
<players><player seat="3" name="Girinetto1823" chips="485" dealer="0" win="0" bet="35" muck="1" rebuy="0" addon="0" merge="0" rebuychips="0" reg_code="5072435678"/>
<player seat="6" name="SuBandiduu" chips="345" dealer="1" win="90" bet="345" muck="1" rebuy="0" addon="0" merge="0" rebuychips="0" reg_code="5072434469"/>
<player seat="10" name="KOPKHUNKRAP" chips="670" dealer="0" win="0" bet="20" muck="1" rebuy="0" addon="0" merge="0" rebuychips="0" reg_code="5072435680"/>
</players>
</general>
<round no="0"><action no="1" player="KOPKHUNKRAP" type="15" sum="5"/>
<action no="2" player="Girinetto1823" type="15" discard="1" dealt="1" sum="5"/>
<action no="3" player="SuBandiduu" type="15" discard="1" dealt="1" sum="5"/>
<action no="4" player="KOPKHUNKRAP" type="1" sum="15"/>
<action no="5" player="Girinetto1823" type="2" discard="1" dealt="1" sum="30"/>
</round>
<round no="1"><cards type="Pocket" player="SuBandiduu">X X</cards>
<cards type="Pocket" player="KOPKHUNKRAP">D4 DJ</cards>
<cards type="Pocket" player="Girinetto1823">X X</cards>
<action no="6" player="SuBandiduu" type="23" discard="1" dealt="1" sum="340"/>
<action no="7" player="KOPKHUNKRAP" type="0" sum="0"/>
<action no="8" player="Girinetto1823" type="0" discard="1" dealt="1" sum="0"/>
</round>
</game>
<game gamecode="6529986859"><general><startdate>2025-11-13 01:49:08</startdate>
<round>1</round>
<failsafecounter/>
<players><player seat="6" name="SuBandiduu" chips="400" dealer="0" win="195" bet="192" muck="1" rebuy="0" addon="0" merge="0" rebuychips="0" reg_code="5072434469"/>
<player seat="10" name="KOPKHUNKRAP" chips="650" dealer="1" win="0" bet="5" muck="1" rebuy="0" addon="0" merge="0" rebuychips="0" reg_code="5072435680"/>
<player seat="3" name="Girinetto1823" chips="450" dealer="0" win="0" bet="95" muck="1" rebuy="0" addon="0" merge="0" rebuychips="0" reg_code="5072435678"/>
</players>
</general>
<round no="0"><action no="1" player="Girinetto1823" type="15" discard="1" dealt="1" sum="5"/>
<action no="2" player="SuBandiduu" type="15" discard="1" dealt="1" sum="5"/>
<action no="3" player="KOPKHUNKRAP" type="15" sum="5"/>
<action no="4" player="Girinetto1823" type="1" discard="1" dealt="1" sum="15"/>
<action no="5" player="SuBandiduu" type="2" discard="1" dealt="1" sum="30"/>
</round>
<round no="1"><cards type="Pocket" player="SuBandiduu">X X</cards>
<cards type="Pocket" player="KOPKHUNKRAP">S4 D6</cards>
<cards type="Pocket" player="Girinetto1823">X X</cards>
<action no="6" player="KOPKHUNKRAP" type="0" sum="0"/>
<action no="7" player="Girinetto1823" type="3" discard="1" dealt="1" sum="15"/>
<action no="8" player="SuBandiduu" type="4" discard="1" dealt="1" sum="0"/>
</round>
<round no="2"><cards type="Flop">SJ CQ C5</cards>
<action no="9" player="Girinetto1823" type="5" discard="1" dealt="1" sum="30"/>
<action no="10" player="SuBandiduu" type="3" discard="1" dealt="1" sum="30"/>
</round>
<round no="3"><cards type="Turn">H7</cards>
<action no="11" player="Girinetto1823" type="5" discard="1" dealt="1" sum="30"/>
<action no="12" player="SuBandiduu" type="3" discard="1" dealt="1" sum="30"/>
</round>
<round no="4"><cards type="River">CA</cards>
<action no="13" player="Girinetto1823" type="4" discard="1" dealt="1" sum="0"/>
<action no="14" player="SuBandiduu" type="5" discard="1" dealt="1" sum="97"/>
<action no="15" player="Girinetto1823" type="0" discard="1" dealt="1" sum="0"/>
</round>
</game>
<game gamecode="6529991093"><general><startdate>2025-11-13 01:49:35</startdate>
<round>1</round>
<failsafecounter/>
<players><player seat="10" name="KOPKHUNKRAP" chips="645" dealer="0" win="0" bet="35" muck="1" rebuy="0" addon="0" merge="0" rebuychips="0" reg_code="5072435680"/>
<player seat="3" name="Girinetto1823" chips="355" dealer="1" win="90" bet="65" muck="1" rebuy="0" addon="0" merge="0" rebuychips="0" reg_code="5072435678"/>
<player seat="6" name="SuBandiduu" chips="500" dealer="0" win="0" bet="20" muck="1" rebuy="0" addon="0" merge="0" rebuychips="0" reg_code="5072434469"/>
</players>
</general>
<round no="0"><action no="1" player="SuBandiduu" type="15" discard="1" dealt="1" sum="5"/>
<action no="2" player="KOPKHUNKRAP" type="15" sum="5"/>
<action no="3" player="Girinetto1823" type="15" discard="1" dealt="1" sum="5"/>
<action no="4" player="SuBandiduu" type="1" discard="1" dealt="1" sum="15"/>
<action no="5" player="KOPKHUNKRAP" type="2" sum="30"/>
</round>
<round no="1"><cards type="Pocket" player="SuBandiduu">X X</cards>
<cards type="Pocket" player="KOPKHUNKRAP">H6 H10</cards>
<cards type="Pocket" player="Girinetto1823">X X</cards>
<action no="6" player="Girinetto1823" type="3" discard="1" dealt="1" sum="30"/>
<action no="7" player="SuBandiduu" type="0" discard="1" dealt="1" sum="0"/>
<action no="8" player="KOPKHUNKRAP" type="4" sum="0"/>
</round>
<round no="2"><cards type="Flop">C3 CJ CA</cards>
<action no="9" player="KOPKHUNKRAP" type="4" sum="0"/>
<action no="10" player="Girinetto1823" type="5" discard="1" dealt="1" sum="30"/>
<action no="11" player="KOPKHUNKRAP" type="0" sum="0"/>
</round>
</game>
<game gamecode="6529991112"><general><startdate>2025-11-13 01:49:50</startdate>
<round>1</round>
<failsafecounter/>
<players><player seat="3" name="Girinetto1823" chips="410" dealer="0" win="0" bet="410" muck="0" rebuy="0" addon="0" merge="0" rebuychips="0" reg_code="5072435678"/>
<player seat="6" name="SuBandiduu" chips="480" dealer="1" win="0" bet="5" muck="1" rebuy="0" addon="0" merge="0" rebuychips="0" reg_code="5072434469"/>
<player seat="10" name="KOPKHUNKRAP" chips="610" dealer="0" win="825" bet="610" muck="0" rebuy="0" addon="0" merge="0" rebuychips="0" reg_code="5072435680"/>
</players>
</general>
<round no="0"><action no="1" player="KOPKHUNKRAP" type="15" sum="5"/>
<action no="2" player="Girinetto1823" type="15" discard="1" dealt="1" sum="5"/>
<action no="3" player="SuBandiduu" type="15" discard="1" dealt="1" sum="5"/>
<action no="4" player="KOPKHUNKRAP" type="1" sum="15"/>
<action no="5" player="Girinetto1823" type="2" discard="1" dealt="1" sum="30"/>
</round>
<round no="1"><cards type="Pocket" player="SuBandiduu">X X</cards>
<cards type="Pocket" player="Girinetto1823">D7 S7</cards>
<cards type="Pocket" player="KOPKHUNKRAP">C9 SK</cards>
<action no="6" player="SuBandiduu" type="0" discard="1" dealt="1" sum="0"/>
<action no="7" player="KOPKHUNKRAP" type="23" sum="605"/>
<action no="8" player="Girinetto1823" type="7" discard="1" dealt="1" sum="375"/>
</round>
<round no="2"><cards type="Flop">D5 H2 DK</cards>
</round>
<round no="3"><cards type="Turn">D2</cards>
</round>
<round no="4"><cards type="River">S2</cards>
</round>
</game>
<game gamecode="6529991141"><general><startdate>2025-11-13 01:50:10</startdate>
<round>1</round>
<failsafecounter/>
<players><player seat="6" name="SuBandiduu" chips="475" dealer="0" win="70" bet="475" muck="1" rebuy="0" addon="0" merge="0" rebuychips="0" reg_code="5072434469"/>
<player seat="10" name="KOPKHUNKRAP" chips="1,025" dealer="1" win="0" bet="35" muck="1" rebuy="0" addon="0" merge="0" rebuychips="0" reg_code="5072435680"/>
</players>
</general>
<round no="0"><action no="1" player="KOPKHUNKRAP" type="15" sum="5"/>
<action no="2" player="SuBandiduu" type="15" discard="1" dealt="1" sum="5"/>
<action no="3" player="KOPKHUNKRAP" type="1" sum="15"/>
<action no="4" player="SuBandiduu" type="2" discard="1" dealt="1" sum="30"/>
</round>
<round no="1"><cards type="Pocket" player="SuBandiduu">X X</cards>
<cards type="Pocket" player="KOPKHUNKRAP">H3 DJ</cards>
<action no="5" player="KOPKHUNKRAP" type="3" sum="15"/>
<action no="6" player="SuBandiduu" type="23" discard="1" dealt="1" sum="470"/>
<action no="7" player="KOPKHUNKRAP" type="0" sum="0"/>
</round>
</game>
<game gamecode="6529991156"><general><startdate>2025-11-13 01:50:18</startdate>
<round>1</round>
<failsafecounter/>
<players><player seat="10" name="KOPKHUNKRAP" chips="990" dealer="0" win="70" bet="990" muck="1" rebuy="0" addon="0" merge="0" rebuychips="0" reg_code="5072435680"/>
<player seat="6" name="SuBandiduu" chips="510" dealer="1" win="0" bet="35" muck="1" rebuy="0" addon="0" merge="0" rebuychips="0" reg_code="5072434469"/>
</players>
</general>
<round no="0"><action no="1" player="SuBandiduu" type="15" discard="1" dealt="1" sum="5"/>
<action no="2" player="KOPKHUNKRAP" type="15" sum="5"/>
<action no="3" player="SuBandiduu" type="1" discard="1" dealt="1" sum="15"/>
<action no="4" player="KOPKHUNKRAP" type="2" sum="30"/>
</round>
<round no="1"><cards type="Pocket" player="KOPKHUNKRAP">H6 SA</cards>
<cards type="Pocket" player="SuBandiduu">X X</cards>
<action no="5" player="SuBandiduu" type="3" discard="1" dealt="1" sum="15"/>
<action no="6" player="KOPKHUNKRAP" type="23" sum="985"/>
<action no="7" player="SuBandiduu" type="0" discard="1" dealt="1" sum="0"/>
</round>
</game>
<game gamecode="6529991169"><general><startdate>2025-11-13 01:50:26</startdate>
<round>1</round>
<failsafecounter/>
<players><player seat="6" name="SuBandiduu" chips="475" dealer="0" win="260" bet="130" muck="0" rebuy="0" addon="0" merge="0" rebuychips="0" reg_code="5072434469"/>
<player seat="10" name="KOPKHUNKRAP" chips="1,025" dealer="1" win="0" bet="130" muck="1" rebuy="0" addon="0" merge="0" rebuychips="0" reg_code="5072435680"/>
</players>
</general>
<round no="0"><action no="1" player="KOPKHUNKRAP" type="15" sum="5"/>
<action no="2" player="SuBandiduu" type="15" discard="1" dealt="1" sum="5"/>
<action no="3" player="KOPKHUNKRAP" type="1" sum="15"/>
<action no="4" player="SuBandiduu" type="2" discard="1" dealt="1" sum="30"/>
</round>
<round no="1"><cards type="Pocket" player="KOPKHUNKRAP">H4 D8</cards>
<cards type="Pocket" player="SuBandiduu">D9 C3</cards>
<action no="5" player="KOPKHUNKRAP" type="3" sum="15"/>
<action no="6" player="SuBandiduu" type="4" discard="1" dealt="1" sum="0"/>
</round>
<round no="2"><cards type="Flop">D2 S9 H2</cards>
<action no="7" player="SuBandiduu" type="4" discard="1" dealt="1" sum="0"/>
<action no="8" player="KOPKHUNKRAP" type="5" sum="30"/>
<action no="9" player="SuBandiduu" type="3" discard="1" dealt="1" sum="30"/>
</round>
<round no="3"><cards type="Turn">C2</cards>
<action no="10" player="SuBandiduu" type="4" discard="1" dealt="1" sum="0"/>
<action no="11" player="KOPKHUNKRAP" type="5" sum="65"/>
<action no="12" player="SuBandiduu" type="3" discard="1" dealt="1" sum="65"/>
</round>
<round no="4"><cards type="River">DA</cards>
<action no="13" player="SuBandiduu" type="4" discard="1" dealt="1" sum="0"/>
<action no="14" player="KOPKHUNKRAP" type="4" sum="0"/>
</round>
</game>
<game gamecode="6529991212"><general><startdate>2025-11-13 01:50:53</startdate>
<round>1</round>
<failsafecounter/>
<players><player seat="10" name="KOPKHUNKRAP" chips="895" dealer="0" win="90" bet="135" muck="1" rebuy="0" addon="0" merge="0" rebuychips="0" reg_code="5072435680"/>
<player seat="6" name="SuBandiduu" chips="605" dealer="1" win="0" bet="45" muck="1" rebuy="0" addon="0" merge="0" rebuychips="0" reg_code="5072434469"/>
</players>
</general>
<round no="0"><action no="1" player="SuBandiduu" type="15" discard="1" dealt="1" sum="5"/>
<action no="2" player="KOPKHUNKRAP" type="15" sum="5"/>
<action no="3" player="SuBandiduu" type="1" discard="1" dealt="1" sum="20"/>
<action no="4" player="KOPKHUNKRAP" type="2" sum="40"/>
</round>
<round no="1"><cards type="Pocket" player="SuBandiduu">X X</cards>
<cards type="Pocket" player="KOPKHUNKRAP">H3 SQ</cards>
<action no="5" player="SuBandiduu" type="3" discard="1" dealt="1" sum="20"/>
<action no="6" player="KOPKHUNKRAP" type="4" sum="0"/>
</round>
<round no="2"><cards type="Flop">DJ H6 S7</cards>
<action no="7" player="KOPKHUNKRAP" type="4" sum="0"/>
<action no="8" player="SuBandiduu" type="4" discard="1" dealt="1" sum="0"/>
</round>
<round no="3"><cards type="Turn">C9</cards>
<action no="9" player="KOPKHUNKRAP" type="4" sum="0"/>
<action no="10" player="SuBandiduu" type="4" discard="1" dealt="1" sum="0"/>
</round>
<round no="4"><cards type="River">S10</cards>
<action no="11" player="KOPKHUNKRAP" type="5" sum="90"/>
<action no="12" player="SuBandiduu" type="0" discard="1" dealt="1" sum="0"/>
</round>
</game>
<game gamecode="6529991239"><general><startdate>2025-11-13 01:51:11</startdate>
<round>1</round>
<failsafecounter/>
<players><player seat="6" name="SuBandiduu" chips="560" dealer="0" win="0" bet="125" muck="1" rebuy="0" addon="0" merge="0" rebuychips="0" reg_code="5072434469"/>
<player seat="10" name="KOPKHUNKRAP" chips="940" dealer="1" win="250" bet="940" muck="1" rebuy="0" addon="0" merge="0" rebuychips="0" reg_code="5072435680"/>
</players>
</general>
<round no="0"><action no="1" player="KOPKHUNKRAP" type="15" sum="5"/>
<action no="2" player="SuBandiduu" type="15" discard="1" dealt="1" sum="5"/>
<action no="3" player="KOPKHUNKRAP" type="1" sum="20"/>
<action no="4" player="SuBandiduu" type="2" discard="1" dealt="1" sum="40"/>
</round>
<round no="1"><cards type="Pocket" player="KOPKHUNKRAP">H5 HK</cards>
<cards type="Pocket" player="SuBandiduu">X X</cards>
<action no="5" player="KOPKHUNKRAP" type="3" sum="20"/>
<action no="6" player="SuBandiduu" type="23" discard="1" dealt="1" sum="120"/>
<action no="7" player="KOPKHUNKRAP" type="3" sum="80"/>
</round>
<round no="2"><cards type="Flop">C4 C5 S3</cards>
<action no="8" player="SuBandiduu" type="4" discard="1" dealt="1" sum="0"/>
<action no="9" player="KOPKHUNKRAP" type="5" sum="815"/>
<action no="10" player="SuBandiduu" type="0" discard="1" dealt="1" sum="0"/>
</round>
</game>
<game gamecode="6529991290"><general><startdate>2025-11-13 01:51:47</startdate>
<round>1</round>
<failsafecounter/>
<players><player seat="10" name="KOPKHUNKRAP" chips="1,065" dealer="0" win="50" bet="45" muck="1" rebuy="0" addon="0" merge="0" rebuychips="0" reg_code="5072435680"/>
<player seat="6" name="SuBandiduu" chips="435" dealer="1" win="0" bet="25" muck="1" rebuy="0" addon="0" merge="0" rebuychips="0" reg_code="5072434469"/>
</players>
</general>
<round no="0"><action no="1" player="SuBandiduu" type="15" discard="1" dealt="1" sum="5"/>
<action no="2" player="KOPKHUNKRAP" type="15" sum="5"/>
<action no="3" player="SuBandiduu" type="1" discard="1" dealt="1" sum="20"/>
<action no="4" player="KOPKHUNKRAP" type="2" sum="40"/>
</round>
<round no="1"><cards type="Pocket" player="SuBandiduu">X X</cards>
<cards type="Pocket" player="KOPKHUNKRAP">S9 D8</cards>
<action no="5" player="SuBandiduu" type="0" discard="1" dealt="1" sum="0"/>
</round>
</game>
<game gamecode="6529991298"><general><startdate>2025-11-13 01:51:53</startdate>
<round>1</round>
<failsafecounter/>
<players><player seat="6" name="SuBandiduu" chips="410" dealer="0" win="0" bet="45" muck="1" rebuy="0" addon="0" merge="0" rebuychips="0" reg_code="5072434469"/>
<player seat="10" name="KOPKHUNKRAP" chips="1,090" dealer="1" win="90" bet="85" muck="1" rebuy="0" addon="0" merge="0" rebuychips="0" reg_code="5072435680"/>
</players>
</general>
<round no="0"><action no="1" player="KOPKHUNKRAP" type="15" sum="5"/>
<action no="2" player="SuBandiduu" type="15" discard="1" dealt="1" sum="5"/>
<action no="3" player="KOPKHUNKRAP" type="1" sum="20"/>
<action no="4" player="SuBandiduu" type="2" discard="1" dealt="1" sum="40"/>
</round>
<round no="1"><cards type="Pocket" player="KOPKHUNKRAP">S9 D5</cards>
<cards type="Pocket" player="SuBandiduu">X X</cards>
<action no="5" player="KOPKHUNKRAP" type="3" sum="20"/>
<action no="6" player="SuBandiduu" type="4" discard="1" dealt="1" sum="0"/>
</round>
<round no="2"><cards type="Flop">D8 H4 C5</cards>
<action no="7" player="SuBandiduu" type="4" discard="1" dealt="1" sum="0"/>
<action no="8" player="KOPKHUNKRAP" type="4" sum="0"/>
</round>
<round no="3"><cards type="Turn">H8</cards>
<action no="9" player="SuBandiduu" type="4" discard="1" dealt="1" sum="0"/>
<action no="10" player="KOPKHUNKRAP" type="5" sum="40"/>
<action no="11" player="SuBandiduu" type="0" discard="1" dealt="1" sum="0"/>
</round>
</game>
<game gamecode="6529991348"><general><startdate>2025-11-13 01:52:22</startdate>
<round>1</round>
<failsafecounter/>
<players><player seat="10" name="KOPKHUNKRAP" chips="1,135" dealer="0" win="90" bet="135" muck="1" rebuy="0" addon="0" merge="0" rebuychips="0" reg_code="5072435680"/>
<player seat="6" name="SuBandiduu" chips="365" dealer="1" win="0" bet="45" muck="1" rebuy="0" addon="0" merge="0" rebuychips="0" reg_code="5072434469"/>
</players>
</general>
<round no="0"><action no="1" player="SuBandiduu" type="15" discard="1" dealt="1" sum="5"/>
<action no="2" player="KOPKHUNKRAP" type="15" sum="5"/>
<action no="3" player="SuBandiduu" type="1" discard="1" dealt="1" sum="20"/>
<action no="4" player="KOPKHUNKRAP" type="2" sum="40"/>
</round>
<round no="1"><cards type="Pocket" player="KOPKHUNKRAP">HJ S5</cards>
<cards type="Pocket" player="SuBandiduu">X X</cards>
<action no="5" player="SuBandiduu" type="3" discard="1" dealt="1" sum="20"/>
<action no="6" player="KOPKHUNKRAP" type="4" sum="0"/>
</round>
<round no="2"><cards type="Flop">H10 H8 D2</cards>
<action no="7" player="KOPKHUNKRAP" type="4" sum="0"/>
<action no="8" player="SuBandiduu" type="4" discard="1" dealt="1" sum="0"/>
</round>
<round no="3"><cards type="Turn">H9</cards>
<action no="9" player="KOPKHUNKRAP" type="5" sum="90"/>
<action no="10" player="SuBandiduu" type="0" discard="1" dealt="1" sum="0"/>
</round>
</game>
<game gamecode="6529991398"><general><startdate>2025-11-13 01:52:49</startdate>
<round>1</round>
<failsafecounter/>
<players><player seat="6" name="SuBandiduu" chips="320" dealer="0" win="0" bet="65" muck="1" rebuy="0" addon="0" merge="0" rebuychips="0" reg_code="5072434469"/>
<player seat="10" name="KOPKHUNKRAP" chips="1,180" dealer="1" win="130" bet="1,180" muck="1" rebuy="0" addon="0" merge="0" rebuychips="0" reg_code="5072435680"/>
</players>
</general>
<round no="0"><action no="1" player="KOPKHUNKRAP" type="15" sum="5"/>
<action no="2" player="SuBandiduu" type="15" discard="1" dealt="1" sum="5"/>
<action no="3" player="KOPKHUNKRAP" type="1" sum="30"/>
<action no="4" player="SuBandiduu" type="2" discard="1" dealt="1" sum="60"/>
</round>
<round no="1"><cards type="Pocket" player="SuBandiduu">X X</cards>
<cards type="Pocket" player="KOPKHUNKRAP">SJ H3</cards>
<action no="5" player="KOPKHUNKRAP" type="23" sum="1,175"/>
<action no="6" player="SuBandiduu" type="0" discard="1" dealt="1" sum="0"/>
</round>
</game>
<game gamecode="6529991419"><general><startdate>2025-11-13 01:53:02</startdate>
<round>1</round>
<failsafecounter/>
<players><player seat="10" name="KOPKHUNKRAP" chips="1,245" dealer="0" win="510" bet="255" muck="0" rebuy="0" addon="0" merge="0" rebuychips="0" reg_code="5072435680"/>
<player seat="6" name="SuBandiduu" chips="255" dealer="1" win="0" bet="255" muck="0" rebuy="0" addon="0" merge="0" rebuychips="0" reg_code="5072434469"/>
</players>
</general>
<round no="0"><action no="1" player="SuBandiduu" type="15" discard="1" dealt="1" sum="5"/>
<action no="2" player="KOPKHUNKRAP" type="15" sum="5"/>
<action no="3" player="SuBandiduu" type="1" discard="1" dealt="1" sum="30"/>
<action no="4" player="KOPKHUNKRAP" type="2" sum="60"/>
</round>
<round no="1"><cards type="Pocket" player="SuBandiduu">C3 DA</cards>
<cards type="Pocket" player="KOPKHUNKRAP">CA C5</cards>
<action no="5" player="SuBandiduu" type="23" discard="1" dealt="1" sum="250"/>
<action no="6" player="KOPKHUNKRAP" type="3" sum="190"/>
</round>
<round no="2"><cards type="Flop">S4 DJ CK</cards>
</round>
<round no="3"><cards type="Turn">C9</cards>
</round>
<round no="4"><cards type="River">C4</cards>
</round>
</game>
</session>
