<?xml version="1.0" encoding="UTF-8"?>
<session sessioncode="5072127615">
<general>
<client_version>24.7.1.15</client_version>
<mode>real</mode>
<gametype>Holdem NL</gametype>
<tablename>Twister €100 SNG, 821525852</tablename>
<tournamentcode>821525851</tournamentcode>
<tournamentname>Twister €100 SNG</tournamentname>
<buyin>€0 + €7 + €93</buyin>
<totalbuyin>€100</totalbuyin>
<rewarddrawn>€200</rewarddrawn>
<tournamentcurrency>EUR</tournamentcurrency>
<currency>EUR</currency>
<nickname>KOPKHUNKRAP</nickname>
<gamecount>13</gamecount>
<startdate>2025-11-11 21:28:33</startdate>
<place>3</place>
<win>€0</win>
<tablesize>3</tablesize>
</general>
<game gamecode="6528993772"><general><startdate>2025-11-11 21:28:48</startdate>
<round>1</round>
<failsafecounter/>
<players><player seat="10" name="Polletto71" chips="500" dealer="0" win="0" bet="140" muck="1" rebuy="0" addon="0" merge="0" rebuychips="0" reg_code="5072127730"/>
<player seat="3" name="OFiorbe" chips="500" dealer="1" win="0" bet="0" muck="1" rebuy="0" addon="0" merge="0" rebuychips="0" reg_code="5072127490"/>
<player seat="6" name="KOPKHUNKRAP" chips="500" dealer="0" win="280" bet="140" muck="0" rebuy="0" addon="0" merge="0" rebuychips="0" reg_code="5072127615"/>
</players>
</general>
<round no="0"><action no="1" player="KOPKHUNKRAP" type="1" sum="10"/>
<action no="2" player="Polletto71" type="2" discard="1" dealt="1" sum="20"/>
</round>
<round no="1"><cards type="Pocket" player="KOPKHUNKRAP">DJ CQ</cards>
<cards type="Pocket" player="OFiorbe">X X</cards>
<cards type="Pocket" player="Polletto71">SJ H9</cards>
<action no="3" player="OFiorbe" type="0" discard="1" dealt="1" sum="0"/>
<action no="4" player="KOPKHUNKRAP" type="23" sum="40"/>
<action no="5" player="Polletto71" type="3" discard="1" dealt="1" sum="20"/>
</round>
<round no="2"><cards type="Flop">CJ DQ C5</cards>
<action no="6" player="KOPKHUNKRAP" type="5" sum="20"/>
<action no="7" player="Polletto71" type="3" discard="1" dealt="1" sum="20"/>
</round>
<round no="3"><cards type="Turn">S10</cards>
<action no="8" player="KOPKHUNKRAP" type="5" sum="80"/>
<action no="9" player="Polletto71" type="3" discard="1" dealt="1" sum="80"/>
</round>
<round no="4"><cards type="River">S4</cards>
<action no="10" player="KOPKHUNKRAP" type="4" sum="0"/>
<action no="11" player="Polletto71" type="4" discard="1" dealt="1" sum="0"/>
</round>
</game>
<game gamecode="6528993852"><general><startdate>2025-11-11 21:29:24</startdate>
<round>1</round>
<failsafecounter/>
<players><player seat="3" name="OFiorbe" chips="500" dealer="0" win="0" bet="20" muck="1" rebuy="0" addon="0" merge="0" rebuychips="0" reg_code="5072127490"/>
<player seat="6" name="KOPKHUNKRAP" chips="640" dealer="1" win="0" bet="0" muck="1" rebuy="0" addon="0" merge="0" rebuychips="0" reg_code="5072127615"/>
<player seat="10" name="Polletto71" chips="360" dealer="0" win="40" bet="80" muck="1" rebuy="0" addon="0" merge="0" rebuychips="0" reg_code="5072127730"/>
</players>
</general>
<round no="0"><action no="1" player="Polletto71" type="1" discard="1" dealt="1" sum="10"/>
<action no="2" player="OFiorbe" type="2" discard="1" dealt="1" sum="20"/>
</round>
<round no="1"><cards type="Pocket" player="Polletto71">X X</cards>
<cards type="Pocket" player="KOPKHUNKRAP">HJ C3</cards>
<cards type="Pocket" player="OFiorbe">X X</cards>
<action no="3" player="KOPKHUNKRAP" type="0" sum="0"/>
<action no="4" player="Polletto71" type="23" discard="1" dealt="1" sum="80"/>
<action no="5" player="OFiorbe" type="0" discard="1" dealt="1" sum="0"/>
</round>
</game>
<game gamecode="6528993887"><general><startdate>2025-11-11 21:29:37</startdate>
<round>1</round>
<failsafecounter/>
<players><player seat="6" name="KOPKHUNKRAP" chips="640" dealer="0" win="40" bet="60" muck="1" rebuy="0" addon="0" merge="0" rebuychips="0" reg_code="5072127615"/>
<player seat="10" name="Polletto71" chips="380" dealer="1" win="0" bet="0" muck="1" rebuy="0" addon="0" merge="0" rebuychips="0" reg_code="5072127730"/>
<player seat="3" name="OFiorbe" chips="480" dealer="0" win="0" bet="20" muck="1" rebuy="0" addon="0" merge="0" rebuychips="0" reg_code="5072127490"/>
</players>
</general>
<round no="0"><action no="1" player="OFiorbe" type="1" discard="1" dealt="1" sum="10"/>
<action no="2" player="KOPKHUNKRAP" type="2" sum="20"/>
</round>
<round no="1"><cards type="Pocket" player="OFiorbe">X X</cards>
<cards type="Pocket" player="Polletto71">X X</cards>
<cards type="Pocket" player="KOPKHUNKRAP">SA DK</cards>
<action no="3" player="Polletto71" type="0" discard="1" dealt="1" sum="0"/>
<action no="4" player="OFiorbe" type="3" discard="1" dealt="1" sum="10"/>
<action no="5" player="KOPKHUNKRAP" type="23" sum="60"/>
<action no="6" player="OFiorbe" type="0" discard="1" dealt="1" sum="0"/>
</round>
</game>
<game gamecode="6528993934"><general><startdate>2025-11-11 21:29:57</startdate>
<round>1</round>
<failsafecounter/>
<players><player seat="10" name="Polletto71" chips="380" dealer="0" win="20" bet="20" muck="1" rebuy="0" addon="0" merge="0" rebuychips="0" reg_code="5072127730"/>
<player seat="3" name="OFiorbe" chips="460" dealer="1" win="0" bet="0" muck="1" rebuy="0" addon="0" merge="0" rebuychips="0" reg_code="5072127490"/>
<player seat="6" name="KOPKHUNKRAP" chips="660" dealer="0" win="0" bet="10" muck="1" rebuy="0" addon="0" merge="0" rebuychips="0" reg_code="5072127615"/>
</players>
</general>
<round no="0"><action no="1" player="KOPKHUNKRAP" type="1" sum="10"/>
<action no="2" player="Polletto71" type="2" discard="1" dealt="1" sum="20"/>
</round>
<round no="1"><cards type="Pocket" player="OFiorbe">X X</cards>
<cards type="Pocket" player="KOPKHUNKRAP">S8 C2</cards>
<cards type="Pocket" player="Polletto71">X X</cards>
<action no="3" player="OFiorbe" type="0" discard="1" dealt="1" sum="0"/>
<action no="4" player="KOPKHUNKRAP" type="0" sum="0"/>
</round>
</game>
<game gamecode="6528993960"><general><startdate>2025-11-11 21:30:10</startdate>
<round>1</round>
<failsafecounter/>
<players><player seat="3" name="OFiorbe" chips="460" dealer="0" win="0" bet="20" muck="1" rebuy="0" addon="0" merge="0" rebuychips="0" reg_code="5072127490"/>
<player seat="6" name="KOPKHUNKRAP" chips="650" dealer="1" win="0" bet="0" muck="1" rebuy="0" addon="0" merge="0" rebuychips="0" reg_code="5072127615"/>
<player seat="10" name="Polletto71" chips="390" dealer="0" win="40" bet="100" muck="1" rebuy="0" addon="0" merge="0" rebuychips="0" reg_code="5072127730"/>
</players>
</general>
<round no="0"><action no="1" player="Polletto71" type="1" discard="1" dealt="1" sum="10"/>
<action no="2" player="OFiorbe" type="2" discard="1" dealt="1" sum="20"/>
</round>
<round no="1"><cards type="Pocket" player="OFiorbe">X X</cards>
<cards type="Pocket" player="Polletto71">X X</cards>
<cards type="Pocket" player="KOPKHUNKRAP">SJ H4</cards>
<action no="3" player="KOPKHUNKRAP" type="0" sum="0"/>
<action no="4" player="Polletto71" type="23" discard="1" dealt="1" sum="100"/>
<action no="5" player="OFiorbe" type="0" discard="1" dealt="1" sum="0"/>
</round>
</game>
<game gamecode="6528993993"><general><startdate>2025-11-11 21:30:22</startdate>
<round>1</round>
<failsafecounter/>
<players><player seat="6" name="KOPKHUNKRAP" chips="650" dealer="0" win="0" bet="20" muck="1" rebuy="0" addon="0" merge="0" rebuychips="0" reg_code="5072127615"/>
<player seat="10" name="Polletto71" chips="410" dealer="1" win="0" bet="20" muck="1" rebuy="0" addon="0" merge="0" rebuychips="0" reg_code="5072127730"/>
<player seat="3" name="OFiorbe" chips="440" dealer="0" win="60" bet="80" muck="1" rebuy="0" addon="0" merge="0" rebuychips="0" reg_code="5072127490"/>
</players>
</general>
<round no="0"><action no="1" player="OFiorbe" type="1" discard="1" dealt="1" sum="10"/>
<action no="2" player="KOPKHUNKRAP" type="2" sum="20"/>
</round>
<round no="1"><cards type="Pocket" player="Polletto71">X X</cards>
<cards type="Pocket" player="KOPKHUNKRAP">S10 D4</cards>
<cards type="Pocket" player="OFiorbe">X X</cards>
<action no="3" player="Polletto71" type="3" discard="1" dealt="1" sum="20"/>
<action no="4" player="OFiorbe" type="3" discard="1" dealt="1" sum="10"/>
<action no="5" player="KOPKHUNKRAP" type="4" sum="0"/>
</round>
<round no="2"><cards type="Flop">H7 S5 SJ</cards>
<action no="6" player="OFiorbe" type="4" discard="1" dealt="1" sum="0"/>
<action no="7" player="KOPKHUNKRAP" type="4" sum="0"/>
<action no="8" player="Polletto71" type="4" discard="1" dealt="1" sum="0"/>
</round>
<round no="3"><cards type="Turn">S9</cards>
<action no="9" player="OFiorbe" type="5" discard="1" dealt="1" sum="60"/>
<action no="10" player="KOPKHUNKRAP" type="0" sum="0"/>
<action no="11" player="Polletto71" type="0" discard="1" dealt="1" sum="0"/>
</round>
</game>
<game gamecode="6528994056"><general><startdate>2025-11-11 21:30:49</startdate>
<round>1</round>
<failsafecounter/>
<players><player seat="10" name="Polletto71" chips="390" dealer="0" win="0" bet="35" muck="1" rebuy="0" addon="0" merge="0" rebuychips="0" reg_code="5072127730"/>
<player seat="3" name="OFiorbe" chips="480" dealer="1" win="90" bet="65" muck="1" rebuy="0" addon="0" merge="0" rebuychips="0" reg_code="5072127490"/>
<player seat="6" name="KOPKHUNKRAP" chips="630" dealer="0" win="0" bet="20" muck="1" rebuy="0" addon="0" merge="0" rebuychips="0" reg_code="5072127615"/>
</players>
</general>
<round no="0"><action no="1" player="KOPKHUNKRAP" type="15" sum="5"/>
<action no="2" player="Polletto71" type="15" discard="1" dealt="1" sum="5"/>
<action no="3" player="OFiorbe" type="15" discard="1" dealt="1" sum="5"/>
<action no="4" player="KOPKHUNKRAP" type="1" sum="15"/>
<action no="5" player="Polletto71" type="2" discard="1" dealt="1" sum="30"/>
</round>
<round no="1"><cards type="Pocket" player="KOPKHUNKRAP">H3 SK</cards>
<cards type="Pocket" player="Polletto71">X X</cards>
<cards type="Pocket" player="OFiorbe">X X</cards>
<action no="6" player="OFiorbe" type="23" discard="1" dealt="1" sum="60"/>
<action no="7" player="KOPKHUNKRAP" type="0" sum="0"/>
<action no="8" player="Polletto71" type="0" discard="1" dealt="1" sum="0"/>
</round>
</game>
<game gamecode="6528994078"><general><startdate>2025-11-11 21:31:00</startdate>
<round>1</round>
<failsafecounter/>
<players><player seat="3" name="OFiorbe" chips="535" dealer="0" win="0" bet="35" muck="1" rebuy="0" addon="0" merge="0" rebuychips="0" reg_code="5072127490"/>
<player seat="6" name="KOPKHUNKRAP" chips="610" dealer="1" win="0" bet="5" muck="1" rebuy="0" addon="0" merge="0" rebuychips="0" reg_code="5072127615"/>
<player seat="10" name="Polletto71" chips="355" dealer="0" win="75" bet="125" muck="1" rebuy="0" addon="0" merge="0" rebuychips="0" reg_code="5072127730"/>
</players>
</general>
<round no="0"><action no="1" player="Polletto71" type="15" discard="1" dealt="1" sum="5"/>
<action no="2" player="OFiorbe" type="15" discard="1" dealt="1" sum="5"/>
<action no="3" player="KOPKHUNKRAP" type="15" sum="5"/>
<action no="4" player="Polletto71" type="1" discard="1" dealt="1" sum="15"/>
<action no="5" player="OFiorbe" type="2" discard="1" dealt="1" sum="30"/>
</round>
<round no="1"><cards type="Pocket" player="OFiorbe">X X</cards>
<cards type="Pocket" player="KOPKHUNKRAP">D4 C5</cards>
<cards type="Pocket" player="Polletto71">X X</cards>
<action no="6" player="KOPKHUNKRAP" type="0" sum="0"/>
<action no="7" player="Polletto71" type="23" discard="1" dealt="1" sum="120"/>
<action no="8" player="OFiorbe" type="0" discard="1" dealt="1" sum="0"/>
</round>
</game>
<game gamecode="6528994109"><general><startdate>2025-11-11 21:31:11</startdate>
<round>1</round>
<failsafecounter/>
<players><player seat="6" name="KOPKHUNKRAP" chips="605" dealer="0" win="0" bet="35" muck="1" rebuy="0" addon="0" merge="0" rebuychips="0" reg_code="5072127615"/>
<player seat="10" name="Polletto71" chips="395" dealer="1" win="0" bet="5" muck="1" rebuy="0" addon="0" merge="0" rebuychips="0" reg_code="5072127730"/>
<player seat="3" name="OFiorbe" chips="500" dealer="0" win="75" bet="65" muck="1" rebuy="0" addon="0" merge="0" rebuychips="0" reg_code="5072127490"/>
</players>
</general>
<round no="0"><action no="1" player="OFiorbe" type="15" discard="1" dealt="1" sum="5"/>
<action no="2" player="KOPKHUNKRAP" type="15" sum="5"/>
<action no="3" player="Polletto71" type="15" discard="1" dealt="1" sum="5"/>
<action no="4" player="OFiorbe" type="1" discard="1" dealt="1" sum="15"/>
<action no="5" player="KOPKHUNKRAP" type="2" sum="30"/>
</round>
<round no="1"><cards type="Pocket" player="KOPKHUNKRAP">CK D4</cards>
<cards type="Pocket" player="OFiorbe">X X</cards>
<cards type="Pocket" player="Polletto71">X X</cards>
<action no="6" player="Polletto71" type="0" discard="1" dealt="1" sum="0"/>
<action no="7" player="OFiorbe" type="3" discard="1" dealt="1" sum="15"/>
<action no="8" player="KOPKHUNKRAP" type="4" sum="0"/>
</round>
<round no="2"><cards type="Flop">C6 S8 SQ</cards>
<action no="9" player="OFiorbe" type="5" discard="1" dealt="1" sum="30"/>
<action no="10" player="KOPKHUNKRAP" type="0" sum="0"/>
</round>
</game>
<game gamecode="6528994146"><general><startdate>2025-11-11 21:31:26</startdate>
<round>1</round>
<failsafecounter/>
<players><player seat="10" name="Polletto71" chips="390" dealer="0" win="0" bet="35" muck="1" rebuy="0" addon="0" merge="0" rebuychips="0" reg_code="5072127730"/>
<player seat="3" name="OFiorbe" chips="540" dealer="1" win="1,115" bet="540" muck="0" rebuy="0" addon="0" merge="0" rebuychips="0" reg_code="5072127490"/>
<player seat="6" name="KOPKHUNKRAP" chips="570" dealer="0" win="0" bet="570" muck="1" rebuy="0" addon="0" merge="0" rebuychips="0" reg_code="5072127615"/>
</players>
</general>
<round no="0"><action no="1" player="KOPKHUNKRAP" type="15" sum="5"/>
<action no="2" player="Polletto71" type="15" discard="1" dealt="1" sum="5"/>
<action no="3" player="OFiorbe" type="15" discard="1" dealt="1" sum="5"/>
<action no="4" player="KOPKHUNKRAP" type="1" sum="15"/>
<action no="5" player="Polletto71" type="2" discard="1" dealt="1" sum="30"/>
</round>
<round no="1"><cards type="Pocket" player="Polletto71">X X</cards>
<cards type="Pocket" player="KOPKHUNKRAP">SJ HA</cards>
<cards type="Pocket" player="OFiorbe">C2 H2</cards>
<action no="6" player="OFiorbe" type="23" discard="1" dealt="1" sum="535"/>
<action no="7" player="KOPKHUNKRAP" type="7" sum="550"/>
<action no="8" player="Polletto71" type="0" discard="1" dealt="1" sum="0"/>
</round>
<round no="2"><cards type="Flop">DK H9 C4</cards>
</round>
<round no="3"><cards type="Turn">C10</cards>
</round>
<round no="4"><cards type="River">S10</cards>
</round>
</game>
<game gamecode="6528994211"><general><startdate>2025-11-11 21:31:55</startdate>
<round>1</round>
<failsafecounter/>
<players><player seat="3" name="OFiorbe" chips="1,115" dealer="0" win="0" bet="35" muck="1" rebuy="0" addon="0" merge="0" rebuychips="0" reg_code="5072127490"/>
<player seat="6" name="KOPKHUNKRAP" chips="30" dealer="1" win="90" bet="30" muck="0" rebuy="0" addon="0" merge="0" rebuychips="0" reg_code="5072127615"/>
<player seat="10" name="Polletto71" chips="355" dealer="0" win="10" bet="125" muck="0" rebuy="0" addon="0" merge="0" rebuychips="0" reg_code="5072127730"/>
</players>
</general>
<round no="0"><action no="1" player="Polletto71" type="15" discard="1" dealt="1" sum="5"/>
<action no="2" player="OFiorbe" type="15" discard="1" dealt="1" sum="5"/>
<action no="3" player="KOPKHUNKRAP" type="15" sum="5"/>
<action no="4" player="Polletto71" type="1" discard="1" dealt="1" sum="15"/>
<action no="5" player="OFiorbe" type="2" discard="1" dealt="1" sum="30"/>
</round>
<round no="1"><cards type="Pocket" player="KOPKHUNKRAP">D8 S6</cards>
<cards type="Pocket" player="OFiorbe">X X</cards>
<cards type="Pocket" player="Polletto71">HJ SQ</cards>
<action no="6" player="KOPKHUNKRAP" type="7" sum="25"/>
<action no="7" player="Polletto71" type="23" discard="1" dealt="1" sum="120"/>
<action no="8" player="OFiorbe" type="0" discard="1" dealt="1" sum="0"/>
</round>
<round no="2"><cards type="Flop">H6 D2 D7</cards>
</round>
<round no="3"><cards type="Turn">D3</cards>
</round>
<round no="4"><cards type="River">DK</cards>
</round>
</game>
<game gamecode="6528994250"><general><startdate>2025-11-11 21:32:12</startdate>
<round>1</round>
<failsafecounter/>
<players><player seat="6" name="KOPKHUNKRAP" chips="90" dealer="0" win="0" bet="45" muck="1" rebuy="0" addon="0" merge="0" rebuychips="0" reg_code="5072127615"/>
<player seat="10" name="Polletto71" chips="330" dealer="1" win="115" bet="85" muck="1" rebuy="0" addon="0" merge="0" rebuychips="0" reg_code="5072127730"/>
<player seat="3" name="OFiorbe" chips="1,080" dealer="0" win="0" bet="25" muck="1" rebuy="0" addon="0" merge="0" rebuychips="0" reg_code="5072127490"/>
</players>
</general>
<round no="0"><action no="1" player="OFiorbe" type="15" discard="1" dealt="1" sum="5"/>
<action no="2" player="KOPKHUNKRAP" type="15" sum="5"/>
<action no="3" player="Polletto71" type="15" discard="1" dealt="1" sum="5"/>
<action no="4" player="OFiorbe" type="1" discard="1" dealt="1" sum="20"/>
<action no="5" player="KOPKHUNKRAP" type="2" sum="40"/>
</round>
<round no="1"><cards type="Pocket" player="Polletto71">X X</cards>
<cards type="Pocket" player="KOPKHUNKRAP">D3 CJ</cards>
<cards type="Pocket" player="OFiorbe">X X</cards>
<action no="6" player="Polletto71" type="3" discard="1" dealt="1" sum="40"/>
<action no="7" player="OFiorbe" type="0" discard="1" dealt="1" sum="0"/>
<action no="8" player="KOPKHUNKRAP" type="4" sum="0"/>
</round>
<round no="2"><cards type="Flop">SA C9 H5</cards>
<action no="9" player="KOPKHUNKRAP" type="4" sum="0"/>
<action no="10" player="Polletto71" type="4" discard="1" dealt="1" sum="0"/>
</round>
<round no="3"><cards type="Turn">C7</cards>
<action no="11" player="KOPKHUNKRAP" type="4" sum="0"/>
<action no="12" player="Polletto71" type="5" discard="1" dealt="1" sum="40"/>
<action no="13" player="KOPKHUNKRAP" type="0" sum="0"/>
</round>
</game>
<game gamecode="6528994306"><general><startdate>2025-11-11 21:32:38</startdate>
<round>1</round>
<failsafecounter/>
<players><player seat="10" name="Polletto71" chips="400" dealer="0" win="95" bet="45" muck="0" rebuy="0" addon="0" merge="0" rebuychips="0" reg_code="5072127730"/>
<player seat="3" name="OFiorbe" chips="1,055" dealer="1" win="0" bet="5" muck="1" rebuy="0" addon="0" merge="0" rebuychips="0" reg_code="5072127490"/>
<player seat="6" name="KOPKHUNKRAP" chips="45" dealer="0" win="0" bet="45" muck="1" rebuy="0" addon="0" merge="0" rebuychips="0" reg_code="5072127615"/>
</players>
</general>
<round no="0"><action no="1" player="KOPKHUNKRAP" type="15" sum="5"/>
<action no="2" player="Polletto71" type="15" discard="1" dealt="1" sum="5"/>
<action no="3" player="OFiorbe" type="15" discard="1" dealt="1" sum="5"/>
<action no="4" player="KOPKHUNKRAP" type="1" sum="20"/>
<action no="5" player="Polletto71" type="2" discard="1" dealt="1" sum="40"/>
</round>
<round no="1"><cards type="Pocket" player="Polletto71">D8 HK</cards>
<cards type="Pocket" player="OFiorbe">X X</cards>
<cards type="Pocket" player="KOPKHUNKRAP">D7 C4</cards>
<action no="6" player="OFiorbe" type="0" discard="1" dealt="1" sum="0"/>
<action no="7" player="KOPKHUNKRAP" type="7" sum="20"/>
</round>
<round no="2"><cards type="Flop">S7 SK D5</cards>
</round>
<round no="3"><cards type="Turn">H2</cards>
</round>
<round no="4"><cards type="River">CQ</cards>
</round>
</game>
</session>
