<?xml version="1.0" encoding="UTF-8"?>
<session sessioncode="5072435666">
<general>
<client_version>25.7.1.34</client_version>
<mode>real</mode>
<gametype>Holdem NL</gametype>
<tablename>Twister €100 SNG, 821595437</tablename>
<tournamentcode>821595436</tournamentcode>
<tournamentname>Twister €100 SNG</tournamentname>
<buyin>€0 + €7 + €93</buyin>
<totalbuyin>€100</totalbuyin>
<rewarddrawn>€300</rewarddrawn>
<tournamentcurrency>EUR</tournamentcurrency>
<currency>EUR</currency>
<nickname>KOPKHUNKRAP</nickname>
<gamecount>9</gamecount>
<startdate>2025-11-13 01:46:19</startdate>
<place>1</place>
<win>€300</win>
<tablesize>3</tablesize>
</general>
<game gamecode="6529989943"><general><startdate>2025-11-13 01:46:35</startdate>
<round>1</round>
<failsafecounter/>
<players><player seat="10" name="laramblaa" chips="500" dealer="0" win="0" bet="20" muck="1" rebuy="0" addon="0" merge="0" rebuychips="0" reg_code="5072435684"/>
<player seat="3" name="KOPKHUNKRAP" chips="500" dealer="1" win="0" bet="0" muck="1" rebuy="0" addon="0" merge="0" rebuychips="0" reg_code="5072435666"/>
<player seat="6" name="SuBandiduu" chips="500" dealer="0" win="40" bet="74" muck="1" rebuy="0" addon="0" merge="0" rebuychips="0" reg_code="5072435672"/>
</players>
</general>
<round no="0"><action no="1" player="SuBandiduu" type="1" discard="1" dealt="1" sum="10"/>
<action no="2" player="laramblaa" type="2" discard="1" dealt="1" sum="20"/>
</round>
<round no="1"><cards type="Pocket" player="laramblaa">X X</cards>
<cards type="Pocket" player="KOPKHUNKRAP">S10 C3</cards>
<cards type="Pocket" player="SuBandiduu">X X</cards>
<action no="3" player="KOPKHUNKRAP" type="0" sum="0"/>
<action no="4" player="SuBandiduu" type="3" discard="1" dealt="1" sum="10"/>
<action no="5" player="laramblaa" type="4" discard="1" dealt="1" sum="0"/>
</round>
<round no="2"><cards type="Flop">DQ SA CK</cards>
<action no="6" player="SuBandiduu" type="4" discard="1" dealt="1" sum="0"/>
<action no="7" player="laramblaa" type="4" discard="1" dealt="1" sum="0"/>
</round>
<round no="3"><cards type="Turn">C5</cards>
<action no="8" player="SuBandiduu" type="4" discard="1" dealt="1" sum="0"/>
<action no="9" player="laramblaa" type="4" discard="1" dealt="1" sum="0"/>
</round>
<round no="4"><cards type="River">DJ</cards>
<action no="10" player="SuBandiduu" type="5" discard="1" dealt="1" sum="54"/>
<action no="11" player="laramblaa" type="0" discard="1" dealt="1" sum="0"/>
</round>
</game>
<game gamecode="6529989979"><general><startdate>2025-11-13 01:46:58</startdate>
<round>1</round>
<failsafecounter/>
<players><player seat="3" name="KOPKHUNKRAP" chips="500" dealer="0" win="0" bet="20" muck="1" rebuy="0" addon="0" merge="0" rebuychips="0" reg_code="5072435666"/>
<player seat="6" name="SuBandiduu" chips="520" dealer="1" win="50" bet="40" muck="1" rebuy="0" addon="0" merge="0" rebuychips="0" reg_code="5072435672"/>
<player seat="10" name="laramblaa" chips="480" dealer="0" win="0" bet="10" muck="1" rebuy="0" addon="0" merge="0" rebuychips="0" reg_code="5072435684"/>
</players>
</general>
<round no="0"><action no="1" player="laramblaa" type="1" discard="1" dealt="1" sum="10"/>
<action no="2" player="KOPKHUNKRAP" type="2" sum="20"/>
</round>
<round no="1"><cards type="Pocket" player="SuBandiduu">X X</cards>
<cards type="Pocket" player="laramblaa">X X</cards>
<cards type="Pocket" player="KOPKHUNKRAP">S8 H2</cards>
<action no="3" player="SuBandiduu" type="23" discard="1" dealt="1" sum="40"/>
<action no="4" player="laramblaa" type="0" discard="1" dealt="1" sum="0"/>
<action no="5" player="KOPKHUNKRAP" type="0" sum="0"/>
</round>
</game>
<game gamecode="6529989992"><general><startdate>2025-11-13 01:47:12</startdate>
<round>1</round>
<failsafecounter/>
<players><player seat="6" name="SuBandiduu" chips="550" dealer="0" win="20" bet="20" muck="1" rebuy="0" addon="0" merge="0" rebuychips="0" reg_code="5072435672"/>
<player seat="10" name="laramblaa" chips="470" dealer="1" win="0" bet="0" muck="1" rebuy="0" addon="0" merge="0" rebuychips="0" reg_code="5072435684"/>
<player seat="3" name="KOPKHUNKRAP" chips="480" dealer="0" win="0" bet="10" muck="1" rebuy="0" addon="0" merge="0" rebuychips="0" reg_code="5072435666"/>
</players>
</general>
<round no="0"><action no="1" player="KOPKHUNKRAP" type="1" sum="10"/>
<action no="2" player="SuBandiduu" type="2" discard="1" dealt="1" sum="20"/>
</round>
<round no="1"><cards type="Pocket" player="SuBandiduu">X X</cards>
<cards type="Pocket" player="laramblaa">X X</cards>
<cards type="Pocket" player="KOPKHUNKRAP">D2 S5</cards>
<action no="3" player="laramblaa" type="0" discard="1" dealt="1" sum="0"/>
<action no="4" player="KOPKHUNKRAP" type="0" sum="0"/>
</round>
</game>
<game gamecode="6529990009"><general><startdate>2025-11-13 01:47:23</startdate>
<round>1</round>
<failsafecounter/>
<players><player seat="10" name="laramblaa" chips="470" dealer="0" win="20" bet="20" muck="1" rebuy="0" addon="0" merge="0" rebuychips="0" reg_code="5072435684"/>
<player seat="3" name="KOPKHUNKRAP" chips="470" dealer="1" win="0" bet="0" muck="1" rebuy="0" addon="0" merge="0" rebuychips="0" reg_code="5072435666"/>
<player seat="6" name="SuBandiduu" chips="560" dealer="0" win="0" bet="10" muck="1" rebuy="0" addon="0" merge="0" rebuychips="0" reg_code="5072435672"/>
</players>
</general>
<round no="0"><action no="1" player="SuBandiduu" type="1" discard="1" dealt="1" sum="10"/>
<action no="2" player="laramblaa" type="2" discard="1" dealt="1" sum="20"/>
</round>
<round no="1"><cards type="Pocket" player="SuBandiduu">X X</cards>
<cards type="Pocket" player="laramblaa">X X</cards>
<cards type="Pocket" player="KOPKHUNKRAP">SK C5</cards>
<action no="3" player="KOPKHUNKRAP" type="0" sum="0"/>
<action no="4" player="SuBandiduu" type="0" discard="1" dealt="1" sum="0"/>
</round>
</game>
<game gamecode="6529990023"><general><startdate>2025-11-13 01:47:32</startdate>
<round>1</round>
<failsafecounter/>
<players><player seat="3" name="KOPKHUNKRAP" chips="470" dealer="0" win="0" bet="20" muck="1" rebuy="0" addon="0" merge="0" rebuychips="0" reg_code="5072435666"/>
<player seat="6" name="SuBandiduu" chips="550" dealer="1" win="0" bet="40" muck="1" rebuy="0" addon="0" merge="0" rebuychips="0" reg_code="5072435672"/>
<player seat="10" name="laramblaa" chips="480" dealer="0" win="100" bet="480" muck="1" rebuy="0" addon="0" merge="0" rebuychips="0" reg_code="5072435684"/>
</players>
</general>
<round no="0"><action no="1" player="laramblaa" type="1" discard="1" dealt="1" sum="10"/>
<action no="2" player="KOPKHUNKRAP" type="2" sum="20"/>
</round>
<round no="1"><cards type="Pocket" player="SuBandiduu">X X</cards>
<cards type="Pocket" player="laramblaa">X X</cards>
<cards type="Pocket" player="KOPKHUNKRAP">H10 S7</cards>
<action no="3" player="SuBandiduu" type="23" discard="1" dealt="1" sum="40"/>
<action no="4" player="laramblaa" type="23" discard="1" dealt="1" sum="480"/>
<action no="5" player="KOPKHUNKRAP" type="0" sum="0"/>
<action no="6" player="SuBandiduu" type="0" discard="1" dealt="1" sum="0"/>
</round>
</game>
<game gamecode="6529990041"><general><startdate>2025-11-13 01:47:44</startdate>
<round>1</round>
<failsafecounter/>
<players><player seat="6" name="SuBandiduu" chips="510" dealer="0" win="0" bet="40" muck="1" rebuy="0" addon="0" merge="0" rebuychips="0" reg_code="5072435672"/>
<player seat="10" name="laramblaa" chips="540" dealer="1" win="90" bet="85" muck="1" rebuy="0" addon="0" merge="0" rebuychips="0" reg_code="5072435684"/>
<player seat="3" name="KOPKHUNKRAP" chips="450" dealer="0" win="0" bet="10" muck="1" rebuy="0" addon="0" merge="0" rebuychips="0" reg_code="5072435666"/>
</players>
</general>
<round no="0"><action no="1" player="KOPKHUNKRAP" type="1" sum="10"/>
<action no="2" player="SuBandiduu" type="2" discard="1" dealt="1" sum="20"/>
</round>
<round no="1"><cards type="Pocket" player="KOPKHUNKRAP">D6 H9</cards>
<cards type="Pocket" player="laramblaa">X X</cards>
<cards type="Pocket" player="SuBandiduu">X X</cards>
<action no="3" player="laramblaa" type="23" discard="1" dealt="1" sum="40"/>
<action no="4" player="KOPKHUNKRAP" type="0" sum="0"/>
<action no="5" player="SuBandiduu" type="3" discard="1" dealt="1" sum="20"/>
</round>
<round no="2"><cards type="Flop">D5 C6 S9</cards>
<action no="6" player="SuBandiduu" type="4" discard="1" dealt="1" sum="0"/>
<action no="7" player="laramblaa" type="4" discard="1" dealt="1" sum="0"/>
</round>
<round no="3"><cards type="Turn">SK</cards>
<action no="8" player="SuBandiduu" type="4" discard="1" dealt="1" sum="0"/>
<action no="9" player="laramblaa" type="4" discard="1" dealt="1" sum="0"/>
</round>
<round no="4"><cards type="River">DA</cards>
<action no="10" player="SuBandiduu" type="4" discard="1" dealt="1" sum="0"/>
<action no="11" player="laramblaa" type="5" discard="1" dealt="1" sum="45"/>
<action no="12" player="SuBandiduu" type="0" discard="1" dealt="1" sum="0"/>
</round>
</game>
<game gamecode="6529990102"><general><startdate>2025-11-13 01:48:30</startdate>
<round>1</round>
<failsafecounter/>
<players><player seat="10" name="laramblaa" chips="590" dealer="0" win="0" bet="440" muck="1" rebuy="0" addon="0" merge="0" rebuychips="0" reg_code="5072435684"/>
<player seat="3" name="KOPKHUNKRAP" chips="440" dealer="1" win="900" bet="440" muck="0" rebuy="0" addon="0" merge="0" rebuychips="0" reg_code="5072435666"/>
<player seat="6" name="SuBandiduu" chips="470" dealer="0" win="0" bet="20" muck="1" rebuy="0" addon="0" merge="0" rebuychips="0" reg_code="5072435672"/>
</players>
</general>
<round no="0"><action no="1" player="SuBandiduu" type="15" discard="1" dealt="1" sum="5"/>
<action no="2" player="laramblaa" type="15" discard="1" dealt="1" sum="5"/>
<action no="3" player="KOPKHUNKRAP" type="15" sum="5"/>
<action no="4" player="SuBandiduu" type="1" discard="1" dealt="1" sum="15"/>
<action no="5" player="laramblaa" type="2" discard="1" dealt="1" sum="30"/>
</round>
<round no="1"><cards type="Pocket" player="laramblaa">DA C8</cards>
<cards type="Pocket" player="SuBandiduu">X X</cards>
<cards type="Pocket" player="KOPKHUNKRAP">H9 H10</cards>
<action no="6" player="KOPKHUNKRAP" type="23" sum="435"/>
<action no="7" player="SuBandiduu" type="0" discard="1" dealt="1" sum="0"/>
<action no="8" player="laramblaa" type="3" discard="1" dealt="1" sum="405"/>
</round>
<round no="2"><cards type="Flop">D2 CJ D4</cards>
</round>
<round no="3"><cards type="Turn">S9</cards>
</round>
<round no="4"><cards type="River">SQ</cards>
</round>
</game>
<game gamecode="6529990131"><general><startdate>2025-11-13 01:48:48</startdate>
<round>1</round>
<failsafecounter/>
<players><player seat="3" name="KOPKHUNKRAP" chips="900" dealer="0" win="920" bet="450" muck="0" rebuy="0" addon="0" merge="0" rebuychips="0" reg_code="5072435666"/>
<player seat="6" name="SuBandiduu" chips="450" dealer="1" win="0" bet="450" muck="0" rebuy="0" addon="0" merge="0" rebuychips="0" reg_code="5072435672"/>
<player seat="10" name="laramblaa" chips="150" dealer="0" win="0" bet="20" muck="1" rebuy="0" addon="0" merge="0" rebuychips="0" reg_code="5072435684"/>
</players>
</general>
<round no="0"><action no="1" player="laramblaa" type="15" discard="1" dealt="1" sum="5"/>
<action no="2" player="KOPKHUNKRAP" type="15" sum="5"/>
<action no="3" player="SuBandiduu" type="15" discard="1" dealt="1" sum="5"/>
<action no="4" player="laramblaa" type="1" discard="1" dealt="1" sum="15"/>
<action no="5" player="KOPKHUNKRAP" type="2" sum="30"/>
</round>
<round no="1"><cards type="Pocket" player="SuBandiduu">H9 CA</cards>
<cards type="Pocket" player="laramblaa">X X</cards>
<cards type="Pocket" player="KOPKHUNKRAP">S10 H10</cards>
<action no="6" player="SuBandiduu" type="23" discard="1" dealt="1" sum="445"/>
<action no="7" player="laramblaa" type="0" discard="1" dealt="1" sum="0"/>
<action no="8" player="KOPKHUNKRAP" type="3" sum="415"/>
</round>
<round no="2"><cards type="Flop">D5 DJ C6</cards>
</round>
<round no="3"><cards type="Turn">C3</cards>
</round>
<round no="4"><cards type="River">D7</cards>
</round>
</game>
<game gamecode="6529990157"><general><startdate>2025-11-13 01:49:05</startdate>
<round>1</round>
<failsafecounter/>
<players><player seat="3" name="KOPKHUNKRAP" chips="1,370" dealer="0" win="260" bet="130" muck="0" rebuy="0" addon="0" merge="0" rebuychips="0" reg_code="5072435666"/>
<player seat="10" name="laramblaa" chips="130" dealer="1" win="0" bet="130" muck="0" rebuy="0" addon="0" merge="0" rebuychips="0" reg_code="5072435684"/>
</players>
</general>
<round no="0"><action no="1" player="laramblaa" type="15" discard="1" dealt="1" sum="5"/>
<action no="2" player="KOPKHUNKRAP" type="15" sum="5"/>
<action no="3" player="laramblaa" type="1" discard="1" dealt="1" sum="15"/>
<action no="4" player="KOPKHUNKRAP" type="2" sum="30"/>
</round>
<round no="1"><cards type="Pocket" player="laramblaa">C6 D6</cards>
<cards type="Pocket" player="KOPKHUNKRAP">H9 D9</cards>
<action no="5" player="laramblaa" type="23" discard="1" dealt="1" sum="125"/>
<action no="6" player="KOPKHUNKRAP" type="3" sum="95"/>
</round>
<round no="2"><cards type="Flop">HQ S3 D7</cards>
</round>
<round no="3"><cards type="Turn">H8</cards>
</round>
<round no="4"><cards type="River">HA</cards>
</round>
</game>
</session>
