<?xml version="1.0" encoding="UTF-8"?>
<session sessioncode="5072436465">
<general>
<client_version>25.7.1.34</client_version>
<mode>real</mode>
<gametype>Holdem NL</gametype>
<tablename>Twister €200 SNG, 821598047</tablename>
<tournamentcode>821598046</tournamentcode>
<tournamentname>Twister €200 SNG</tournamentname>
<buyin>€0 + €12 + €188</buyin>
<totalbuyin>€200</totalbuyin>
<rewarddrawn>€400</rewarddrawn>
<tournamentcurrency>EUR</tournamentcurrency>
<currency>EUR</currency>
<nickname>KOPKHUNKRAP</nickname>
<gamecount>19</gamecount>
<startdate>2025-11-13 01:59:23</startdate>
<place>2</place>
<win>€0</win>
<tablesize>3</tablesize>
</general>
<game gamecode="6529994664"><general><startdate>2025-11-13 01:59:39</startdate>
<round>1</round>
<failsafecounter/>
<players><player seat="6" name="KOPKHUNKRAP" chips="500" dealer="0" win="40" bet="40" muck="1" rebuy="0" addon="0" merge="0" rebuychips="0" reg_code="5072436465"/>
<player seat="10" name="Eddyfelson75" chips="500" dealer="1" win="0" bet="0" muck="1" rebuy="0" addon="0" merge="0" rebuychips="0" reg_code="5072436757"/>
<player seat="3" name="SuBandiduu" chips="500" dealer="0" win="0" bet="20" muck="1" rebuy="0" addon="0" merge="0" rebuychips="0" reg_code="5072436364"/>
</players>
</general>
<round no="0"><action no="1" player="SuBandiduu" type="1" discard="1" dealt="1" sum="10"/>
<action no="2" player="KOPKHUNKRAP" type="2" sum="20"/>
</round>
<round no="1"><cards type="Pocket" player="KOPKHUNKRAP">HJ C4</cards>
<cards type="Pocket" player="Eddyfelson75">X X</cards>
<cards type="Pocket" player="SuBandiduu">X X</cards>
<action no="3" player="Eddyfelson75" type="0" discard="1" dealt="1" sum="0"/>
<action no="4" player="SuBandiduu" type="3" discard="1" dealt="1" sum="10"/>
<action no="5" player="KOPKHUNKRAP" type="4" sum="0"/>
</round>
<round no="2"><cards type="Flop">SQ HA CQ</cards>
<action no="6" player="SuBandiduu" type="4" discard="1" dealt="1" sum="0"/>
<action no="7" player="KOPKHUNKRAP" type="4" sum="0"/>
</round>
<round no="3"><cards type="Turn">S6</cards>
<action no="8" player="SuBandiduu" type="4" discard="1" dealt="1" sum="0"/>
<action no="9" player="KOPKHUNKRAP" type="4" sum="0"/>
</round>
<round no="4"><cards type="River">D10</cards>
<action no="10" player="SuBandiduu" type="4" discard="1" dealt="1" sum="0"/>
<action no="11" player="KOPKHUNKRAP" type="5" sum="20"/>
<action no="12" player="SuBandiduu" type="0" discard="1" dealt="1" sum="0"/>
</round>
</game>
<game gamecode="6529994706"><general><startdate>2025-11-13 02:00:22</startdate>
<round>1</round>
<failsafecounter/>
<players><player seat="10" name="Eddyfelson75" chips="500" dealer="0" win="20" bet="20" muck="1" rebuy="0" addon="0" merge="0" rebuychips="0" reg_code="5072436757"/>
<player seat="3" name="SuBandiduu" chips="480" dealer="1" win="0" bet="0" muck="1" rebuy="0" addon="0" merge="0" rebuychips="0" reg_code="5072436364"/>
<player seat="6" name="KOPKHUNKRAP" chips="520" dealer="0" win="0" bet="10" muck="1" rebuy="0" addon="0" merge="0" rebuychips="0" reg_code="5072436465"/>
</players>
</general>
<round no="0"><action no="1" player="KOPKHUNKRAP" type="1" sum="10"/>
<action no="2" player="Eddyfelson75" type="2" discard="1" dealt="1" sum="20"/>
</round>
<round no="1"><cards type="Pocket" player="Eddyfelson75">X X</cards>
<cards type="Pocket" player="KOPKHUNKRAP">H5 C8</cards>
<cards type="Pocket" player="SuBandiduu">X X</cards>
<action no="3" player="SuBandiduu" type="0" discard="1" dealt="1" sum="0"/>
<action no="4" player="KOPKHUNKRAP" type="0" sum="0"/>
</round>
</game>
<game gamecode="6529994717"><general><startdate>2025-11-13 02:00:28</startdate>
<round>1</round>
<failsafecounter/>
<players><player seat="3" name="SuBandiduu" chips="480" dealer="0" win="40" bet="20" muck="0" rebuy="0" addon="0" merge="0" rebuychips="0" reg_code="5072436364"/>
<player seat="6" name="KOPKHUNKRAP" chips="510" dealer="1" win="0" bet="0" muck="1" rebuy="0" addon="0" merge="0" rebuychips="0" reg_code="5072436465"/>
<player seat="10" name="Eddyfelson75" chips="510" dealer="0" win="0" bet="20" muck="1" rebuy="0" addon="0" merge="0" rebuychips="0" reg_code="5072436757"/>
</players>
</general>
<round no="0"><action no="1" player="Eddyfelson75" type="1" discard="1" dealt="1" sum="10"/>
<action no="2" player="SuBandiduu" type="2" discard="1" dealt="1" sum="20"/>
</round>
<round no="1"><cards type="Pocket" player="KOPKHUNKRAP">H4 S6</cards>
<cards type="Pocket" player="SuBandiduu">C2 DA</cards>
<cards type="Pocket" player="Eddyfelson75">H8 CJ</cards>
<action no="3" player="KOPKHUNKRAP" type="0" sum="0"/>
<action no="4" player="Eddyfelson75" type="3" discard="1" dealt="1" sum="10"/>
<action no="5" player="SuBandiduu" type="4" discard="1" dealt="1" sum="0"/>
</round>
<round no="2"><cards type="Flop">HK D3 S9</cards>
<action no="6" player="Eddyfelson75" type="4" discard="1" dealt="1" sum="0"/>
<action no="7" player="SuBandiduu" type="4" discard="1" dealt="1" sum="0"/>
</round>
<round no="3"><cards type="Turn">CQ</cards>
<action no="8" player="Eddyfelson75" type="4" discard="1" dealt="1" sum="0"/>
<action no="9" player="SuBandiduu" type="4" discard="1" dealt="1" sum="0"/>
</round>
<round no="4"><cards type="River">S4</cards>
<action no="10" player="Eddyfelson75" type="4" discard="1" dealt="1" sum="0"/>
<action no="11" player="SuBandiduu" type="4" discard="1" dealt="1" sum="0"/>
</round>
</game>
<game gamecode="6529994748"><general><startdate>2025-11-13 02:00:55</startdate>
<round>1</round>
<failsafecounter/>
<players><player seat="6" name="KOPKHUNKRAP" chips="510" dealer="0" win="0" bet="20" muck="1" rebuy="0" addon="0" merge="0" rebuychips="0" reg_code="5072436465"/>
<player seat="10" name="Eddyfelson75" chips="490" dealer="1" win="50" bet="40" muck="1" rebuy="0" addon="0" merge="0" rebuychips="0" reg_code="5072436757"/>
<player seat="3" name="SuBandiduu" chips="500" dealer="0" win="0" bet="10" muck="1" rebuy="0" addon="0" merge="0" rebuychips="0" reg_code="5072436364"/>
</players>
</general>
<round no="0"><action no="1" player="SuBandiduu" type="1" discard="1" dealt="1" sum="10"/>
<action no="2" player="KOPKHUNKRAP" type="2" sum="20"/>
</round>
<round no="1"><cards type="Pocket" player="Eddyfelson75">X X</cards>
<cards type="Pocket" player="KOPKHUNKRAP">D4 HQ</cards>
<cards type="Pocket" player="SuBandiduu">X X</cards>
<action no="3" player="Eddyfelson75" type="23" discard="1" dealt="1" sum="40"/>
<action no="4" player="SuBandiduu" type="0" discard="1" dealt="1" sum="0"/>
<action no="5" player="KOPKHUNKRAP" type="0" sum="0"/>
</round>
</game>
<game gamecode="6529994754"><general><startdate>2025-11-13 02:01:05</startdate>
<round>1</round>
<failsafecounter/>
<players><player seat="10" name="Eddyfelson75" chips="520" dealer="0" win="20" bet="20" muck="1" rebuy="0" addon="0" merge="0" rebuychips="0" reg_code="5072436757"/>
<player seat="3" name="SuBandiduu" chips="490" dealer="1" win="0" bet="0" muck="1" rebuy="0" addon="0" merge="0" rebuychips="0" reg_code="5072436364"/>
<player seat="6" name="KOPKHUNKRAP" chips="490" dealer="0" win="0" bet="10" muck="1" rebuy="0" addon="0" merge="0" rebuychips="0" reg_code="5072436465"/>
</players>
</general>
<round no="0"><action no="1" player="KOPKHUNKRAP" type="1" sum="10"/>
<action no="2" player="Eddyfelson75" type="2" discard="1" dealt="1" sum="20"/>
</round>
<round no="1"><cards type="Pocket" player="KOPKHUNKRAP">C5 H4</cards>
<cards type="Pocket" player="Eddyfelson75">X X</cards>
<cards type="Pocket" player="SuBandiduu">X X</cards>
<action no="3" player="SuBandiduu" type="0" discard="1" dealt="1" sum="0"/>
<action no="4" player="KOPKHUNKRAP" type="0" sum="0"/>
</round>
</game>
<game gamecode="6529994763"><general><startdate>2025-11-13 02:01:12</startdate>
<round>1</round>
<failsafecounter/>
<players><player seat="3" name="SuBandiduu" chips="490" dealer="0" win="0" bet="40" muck="1" rebuy="0" addon="0" merge="0" rebuychips="0" reg_code="5072436364"/>
<player seat="6" name="KOPKHUNKRAP" chips="480" dealer="1" win="0" bet="0" muck="1" rebuy="0" addon="0" merge="0" rebuychips="0" reg_code="5072436465"/>
<player seat="10" name="Eddyfelson75" chips="530" dealer="0" win="80" bet="100" muck="1" rebuy="0" addon="0" merge="0" rebuychips="0" reg_code="5072436757"/>
</players>
</general>
<round no="0"><action no="1" player="Eddyfelson75" type="1" discard="1" dealt="1" sum="10"/>
<action no="2" player="SuBandiduu" type="2" discard="1" dealt="1" sum="20"/>
</round>
<round no="1"><cards type="Pocket" player="Eddyfelson75">X X</cards>
<cards type="Pocket" player="KOPKHUNKRAP">HK D8</cards>
<cards type="Pocket" player="SuBandiduu">X X</cards>
<action no="3" player="KOPKHUNKRAP" type="0" sum="0"/>
<action no="4" player="Eddyfelson75" type="23" discard="1" dealt="1" sum="40"/>
<action no="5" player="SuBandiduu" type="3" discard="1" dealt="1" sum="20"/>
</round>
<round no="2"><cards type="Flop">DQ CA S6</cards>
<action no="6" player="Eddyfelson75" type="5" discard="1" dealt="1" sum="60"/>
<action no="7" player="SuBandiduu" type="0" discard="1" dealt="1" sum="0"/>
</round>
</game>
<game gamecode="6529994775"><general><startdate>2025-11-13 02:01:25</startdate>
<round>1</round>
<failsafecounter/>
<players><player seat="6" name="KOPKHUNKRAP" chips="480" dealer="0" win="90" bet="480" muck="1" rebuy="0" addon="0" merge="0" rebuychips="0" reg_code="5072436465"/>
<player seat="10" name="Eddyfelson75" chips="570" dealer="1" win="0" bet="35" muck="1" rebuy="0" addon="0" merge="0" rebuychips="0" reg_code="5072436757"/>
<player seat="3" name="SuBandiduu" chips="450" dealer="0" win="0" bet="20" muck="1" rebuy="0" addon="0" merge="0" rebuychips="0" reg_code="5072436364"/>
</players>
</general>
<round no="0"><action no="1" player="SuBandiduu" type="15" discard="1" dealt="1" sum="5"/>
<action no="2" player="KOPKHUNKRAP" type="15" sum="5"/>
<action no="3" player="Eddyfelson75" type="15" discard="1" dealt="1" sum="5"/>
<action no="4" player="SuBandiduu" type="1" discard="1" dealt="1" sum="15"/>
<action no="5" player="KOPKHUNKRAP" type="2" sum="30"/>
</round>
<round no="1"><cards type="Pocket" player="Eddyfelson75">X X</cards>
<cards type="Pocket" player="KOPKHUNKRAP">CK HA</cards>
<cards type="Pocket" player="SuBandiduu">X X</cards>
<action no="6" player="Eddyfelson75" type="3" discard="1" dealt="1" sum="30"/>
<action no="7" player="SuBandiduu" type="0" discard="1" dealt="1" sum="0"/>
<action no="8" player="KOPKHUNKRAP" type="23" sum="475"/>
<action no="9" player="Eddyfelson75" type="0" discard="1" dealt="1" sum="0"/>
</round>
</game>
<game gamecode="6529994794"><general><startdate>2025-11-13 02:01:38</startdate>
<round>1</round>
<failsafecounter/>
<players><player seat="10" name="Eddyfelson75" chips="535" dealer="0" win="45" bet="35" muck="1" rebuy="0" addon="0" merge="0" rebuychips="0" reg_code="5072436757"/>
<player seat="3" name="SuBandiduu" chips="430" dealer="1" win="0" bet="5" muck="1" rebuy="0" addon="0" merge="0" rebuychips="0" reg_code="5072436364"/>
<player seat="6" name="KOPKHUNKRAP" chips="535" dealer="0" win="0" bet="20" muck="1" rebuy="0" addon="0" merge="0" rebuychips="0" reg_code="5072436465"/>
</players>
</general>
<round no="0"><action no="1" player="KOPKHUNKRAP" type="15" sum="5"/>
<action no="2" player="Eddyfelson75" type="15" discard="1" dealt="1" sum="5"/>
<action no="3" player="SuBandiduu" type="15" discard="1" dealt="1" sum="5"/>
<action no="4" player="KOPKHUNKRAP" type="1" sum="15"/>
<action no="5" player="Eddyfelson75" type="2" discard="1" dealt="1" sum="30"/>
</round>
<round no="1"><cards type="Pocket" player="KOPKHUNKRAP">C5 HA</cards>
<cards type="Pocket" player="SuBandiduu">X X</cards>
<cards type="Pocket" player="Eddyfelson75">X X</cards>
<action no="6" player="SuBandiduu" type="0" discard="1" dealt="1" sum="0"/>
<action no="7" player="KOPKHUNKRAP" type="0" sum="0"/>
</round>
</game>
<game gamecode="6529994822"><general><startdate>2025-11-13 02:02:00</startdate>
<round>1</round>
<failsafecounter/>
<players><player seat="3" name="SuBandiduu" chips="425" dealer="0" win="0" bet="215" muck="1" rebuy="0" addon="0" merge="0" rebuychips="0" reg_code="5072436364"/>
<player seat="6" name="KOPKHUNKRAP" chips="515" dealer="1" win="0" bet="5" muck="1" rebuy="0" addon="0" merge="0" rebuychips="0" reg_code="5072436465"/>
<player seat="10" name="Eddyfelson75" chips="560" dealer="0" win="435" bet="215" muck="0" rebuy="0" addon="0" merge="0" rebuychips="0" reg_code="5072436757"/>
</players>
</general>
<round no="0"><action no="1" player="Eddyfelson75" type="15" discard="1" dealt="1" sum="5"/>
<action no="2" player="SuBandiduu" type="15" discard="1" dealt="1" sum="5"/>
<action no="3" player="KOPKHUNKRAP" type="15" sum="5"/>
<action no="4" player="Eddyfelson75" type="1" discard="1" dealt="1" sum="15"/>
<action no="5" player="SuBandiduu" type="2" discard="1" dealt="1" sum="30"/>
</round>
<round no="1"><cards type="Pocket" player="SuBandiduu">H5 C8</cards>
<cards type="Pocket" player="Eddyfelson75">HJ D5</cards>
<cards type="Pocket" player="KOPKHUNKRAP">DA D4</cards>
<action no="6" player="KOPKHUNKRAP" type="0" sum="0"/>
<action no="7" player="Eddyfelson75" type="3" discard="1" dealt="1" sum="15"/>
<action no="8" player="SuBandiduu" type="4" discard="1" dealt="1" sum="0"/>
</round>
<round no="2"><cards type="Flop">D3 C5 C7</cards>
<action no="9" player="Eddyfelson75" type="5" discard="1" dealt="1" sum="60"/>
<action no="10" player="SuBandiduu" type="3" discard="1" dealt="1" sum="60"/>
</round>
<round no="3"><cards type="Turn">D7</cards>
<action no="11" player="Eddyfelson75" type="5" discard="1" dealt="1" sum="60"/>
<action no="12" player="SuBandiduu" type="3" discard="1" dealt="1" sum="60"/>
</round>
<round no="4"><cards type="River">D6</cards>
<action no="13" player="Eddyfelson75" type="5" discard="1" dealt="1" sum="60"/>
<action no="14" player="SuBandiduu" type="3" discard="1" dealt="1" sum="60"/>
</round>
</game>
<game gamecode="6529994852"><general><startdate>2025-11-13 02:02:24</startdate>
<round>1</round>
<failsafecounter/>
<players><player seat="6" name="KOPKHUNKRAP" chips="510" dealer="0" win="0" bet="35" muck="1" rebuy="0" addon="0" merge="0" rebuychips="0" reg_code="5072436465"/>
<player seat="10" name="Eddyfelson75" chips="780" dealer="1" win="90" bet="35" muck="0" rebuy="0" addon="0" merge="0" rebuychips="0" reg_code="5072436757"/>
<player seat="3" name="SuBandiduu" chips="210" dealer="0" win="0" bet="20" muck="1" rebuy="0" addon="0" merge="0" rebuychips="0" reg_code="5072436364"/>
</players>
</general>
<round no="0"><action no="1" player="SuBandiduu" type="15" discard="1" dealt="1" sum="5"/>
<action no="2" player="KOPKHUNKRAP" type="15" sum="5"/>
<action no="3" player="Eddyfelson75" type="15" discard="1" dealt="1" sum="5"/>
<action no="4" player="SuBandiduu" type="1" discard="1" dealt="1" sum="15"/>
<action no="5" player="KOPKHUNKRAP" type="2" sum="30"/>
</round>
<round no="1"><cards type="Pocket" player="KOPKHUNKRAP">S8 H3</cards>
<cards type="Pocket" player="SuBandiduu">X X</cards>
<cards type="Pocket" player="Eddyfelson75">DA C7</cards>
<action no="6" player="Eddyfelson75" type="3" discard="1" dealt="1" sum="30"/>
<action no="7" player="SuBandiduu" type="0" discard="1" dealt="1" sum="0"/>
<action no="8" player="KOPKHUNKRAP" type="4" sum="0"/>
</round>
<round no="2"><cards type="Flop">H2 S10 DJ</cards>
<action no="9" player="KOPKHUNKRAP" type="4" sum="0"/>
<action no="10" player="Eddyfelson75" type="4" discard="1" dealt="1" sum="0"/>
</round>
<round no="3"><cards type="Turn">HJ</cards>
<action no="11" player="KOPKHUNKRAP" type="4" sum="0"/>
<action no="12" player="Eddyfelson75" type="4" discard="1" dealt="1" sum="0"/>
</round>
<round no="4"><cards type="River">S6</cards>
<action no="13" player="KOPKHUNKRAP" type="4" sum="0"/>
<action no="14" player="Eddyfelson75" type="4" discard="1" dealt="1" sum="0"/>
</round>
</game>
<game gamecode="6529994923"><general><startdate>2025-11-13 02:03:21</startdate>
<round>1</round>
<failsafecounter/>
<players><player seat="10" name="Eddyfelson75" chips="835" dealer="0" win="55" bet="45" muck="1" rebuy="0" addon="0" merge="0" rebuychips="0" reg_code="5072436757"/>
<player seat="3" name="SuBandiduu" chips="190" dealer="1" win="0" bet="5" muck="1" rebuy="0" addon="0" merge="0" rebuychips="0" reg_code="5072436364"/>
<player seat="6" name="KOPKHUNKRAP" chips="475" dealer="0" win="0" bet="25" muck="1" rebuy="0" addon="0" merge="0" rebuychips="0" reg_code="5072436465"/>
</players>
</general>
<round no="0"><action no="1" player="KOPKHUNKRAP" type="15" sum="5"/>
<action no="2" player="Eddyfelson75" type="15" discard="1" dealt="1" sum="5"/>
<action no="3" player="SuBandiduu" type="15" discard="1" dealt="1" sum="5"/>
<action no="4" player="KOPKHUNKRAP" type="1" sum="20"/>
<action no="5" player="Eddyfelson75" type="2" discard="1" dealt="1" sum="40"/>
</round>
<round no="1"><cards type="Pocket" player="Eddyfelson75">X X</cards>
<cards type="Pocket" player="SuBandiduu">X X</cards>
<cards type="Pocket" player="KOPKHUNKRAP">C3 S4</cards>
<action no="6" player="SuBandiduu" type="0" discard="1" dealt="1" sum="0"/>
<action no="7" player="KOPKHUNKRAP" type="0" sum="0"/>
</round>
</game>
<game gamecode="6529994939"><general><startdate>2025-11-13 02:03:32</startdate>
<round>1</round>
<failsafecounter/>
<players><player seat="3" name="SuBandiduu" chips="185" dealer="0" win="0" bet="185" muck="0" rebuy="0" addon="0" merge="0" rebuychips="0" reg_code="5072436364"/>
<player seat="6" name="KOPKHUNKRAP" chips="450" dealer="1" win="1,085" bet="450" muck="0" rebuy="0" addon="0" merge="0" rebuychips="0" reg_code="5072436465"/>
<player seat="10" name="Eddyfelson75" chips="865" dealer="0" win="0" bet="450" muck="1" rebuy="0" addon="0" merge="0" rebuychips="0" reg_code="5072436757"/>
</players>
</general>
<round no="0"><action no="1" player="Eddyfelson75" type="15" discard="1" dealt="1" sum="5"/>
<action no="2" player="SuBandiduu" type="15" discard="1" dealt="1" sum="5"/>
<action no="3" player="KOPKHUNKRAP" type="15" sum="5"/>
<action no="4" player="Eddyfelson75" type="1" discard="1" dealt="1" sum="20"/>
<action no="5" player="SuBandiduu" type="2" discard="1" dealt="1" sum="40"/>
</round>
<round no="1"><cards type="Pocket" player="Eddyfelson75">SQ HA</cards>
<cards type="Pocket" player="KOPKHUNKRAP">H10 SK</cards>
<cards type="Pocket" player="SuBandiduu">CJ CQ</cards>
<action no="6" player="KOPKHUNKRAP" type="23" sum="445"/>
<action no="7" player="Eddyfelson75" type="3" discard="1" dealt="1" sum="425"/>
<action no="8" player="SuBandiduu" type="7" discard="1" dealt="1" sum="140"/>
</round>
<round no="2"><cards type="Flop">D6 S9 HQ</cards>
</round>
<round no="3"><cards type="Turn">S4</cards>
</round>
<round no="4"><cards type="River">CK</cards>
</round>
</game>
<game gamecode="6529994957"><general><startdate>2025-11-13 02:03:52</startdate>
<round>1</round>
<failsafecounter/>
<players><player seat="6" name="KOPKHUNKRAP" chips="1,085" dealer="0" win="0" bet="415" muck="1" rebuy="0" addon="0" merge="0" rebuychips="0" reg_code="5072436465"/>
<player seat="10" name="Eddyfelson75" chips="415" dealer="1" win="830" bet="415" muck="0" rebuy="0" addon="0" merge="0" rebuychips="0" reg_code="5072436757"/>
</players>
</general>
<round no="0"><action no="1" player="Eddyfelson75" type="15" discard="1" dealt="1" sum="5"/>
<action no="2" player="KOPKHUNKRAP" type="15" sum="5"/>
<action no="3" player="Eddyfelson75" type="1" discard="1" dealt="1" sum="20"/>
<action no="4" player="KOPKHUNKRAP" type="2" sum="40"/>
</round>
<round no="1"><cards type="Pocket" player="Eddyfelson75">S10 HA</cards>
<cards type="Pocket" player="KOPKHUNKRAP">SA C5</cards>
<action no="5" player="Eddyfelson75" type="23" discard="1" dealt="1" sum="410"/>
<action no="6" player="KOPKHUNKRAP" type="3" sum="370"/>
</round>
<round no="2"><cards type="Flop">S4 HK S3</cards>
</round>
<round no="3"><cards type="Turn">HQ</cards>
</round>
<round no="4"><cards type="River">D8</cards>
</round>
</game>
<game gamecode="6529994986"><general><startdate>2025-11-13 02:04:14</startdate>
<round>1</round>
<failsafecounter/>
<players><player seat="10" name="Eddyfelson75" chips="830" dealer="0" win="0" bet="45" muck="1" rebuy="0" addon="0" merge="0" rebuychips="0" reg_code="5072436757"/>
<player seat="6" name="KOPKHUNKRAP" chips="670" dealer="1" win="90" bet="85" muck="1" rebuy="0" addon="0" merge="0" rebuychips="0" reg_code="5072436465"/>
</players>
</general>
<round no="0"><action no="1" player="KOPKHUNKRAP" type="15" sum="5"/>
<action no="2" player="Eddyfelson75" type="15" discard="1" dealt="1" sum="5"/>
<action no="3" player="KOPKHUNKRAP" type="1" sum="20"/>
<action no="4" player="Eddyfelson75" type="2" discard="1" dealt="1" sum="40"/>
</round>
<round no="1"><cards type="Pocket" player="KOPKHUNKRAP">D6 C5</cards>
<cards type="Pocket" player="Eddyfelson75">X X</cards>
<action no="5" player="KOPKHUNKRAP" type="3" sum="20"/>
<action no="6" player="Eddyfelson75" type="4" discard="1" dealt="1" sum="0"/>
</round>
<round no="2"><cards type="Flop">D3 SA CA</cards>
<action no="7" player="Eddyfelson75" type="4" discard="1" dealt="1" sum="0"/>
<action no="8" player="KOPKHUNKRAP" type="5" sum="40"/>
<action no="9" player="Eddyfelson75" type="0" discard="1" dealt="1" sum="0"/>
</round>
</game>
<game gamecode="6529995000"><general><startdate>2025-11-13 02:04:28</startdate>
<round>1</round>
<failsafecounter/>
<players><player seat="6" name="KOPKHUNKRAP" chips="715" dealer="0" win="0" bet="45" muck="1" rebuy="0" addon="0" merge="0" rebuychips="0" reg_code="5072436465"/>
<player seat="10" name="Eddyfelson75" chips="785" dealer="1" win="90" bet="785" muck="1" rebuy="0" addon="0" merge="0" rebuychips="0" reg_code="5072436757"/>
</players>
</general>
<round no="0"><action no="1" player="Eddyfelson75" type="15" discard="1" dealt="1" sum="5"/>
<action no="2" player="KOPKHUNKRAP" type="15" sum="5"/>
<action no="3" player="Eddyfelson75" type="1" discard="1" dealt="1" sum="20"/>
<action no="4" player="KOPKHUNKRAP" type="2" sum="40"/>
</round>
<round no="1"><cards type="Pocket" player="Eddyfelson75">X X</cards>
<cards type="Pocket" player="KOPKHUNKRAP">DQ H5</cards>
<action no="5" player="Eddyfelson75" type="23" discard="1" dealt="1" sum="780"/>
<action no="6" player="KOPKHUNKRAP" type="0" sum="0"/>
</round>
</game>
<game gamecode="6529995011"><general><startdate>2025-11-13 02:04:37</startdate>
<round>1</round>
<failsafecounter/>
<players><player seat="10" name="Eddyfelson75" chips="830" dealer="0" win="130" bet="830" muck="1" rebuy="0" addon="0" merge="0" rebuychips="0" reg_code="5072436757"/>
<player seat="6" name="KOPKHUNKRAP" chips="670" dealer="1" win="0" bet="65" muck="1" rebuy="0" addon="0" merge="0" rebuychips="0" reg_code="5072436465"/>
</players>
</general>
<round no="0"><action no="1" player="KOPKHUNKRAP" type="15" sum="5"/>
<action no="2" player="Eddyfelson75" type="15" discard="1" dealt="1" sum="5"/>
<action no="3" player="KOPKHUNKRAP" type="1" sum="30"/>
<action no="4" player="Eddyfelson75" type="2" discard="1" dealt="1" sum="60"/>
</round>
<round no="1"><cards type="Pocket" player="KOPKHUNKRAP">D4 C7</cards>
<cards type="Pocket" player="Eddyfelson75">X X</cards>
<action no="5" player="KOPKHUNKRAP" type="3" sum="30"/>
<action no="6" player="Eddyfelson75" type="23" discard="1" dealt="1" sum="825"/>
<action no="7" player="KOPKHUNKRAP" type="0" sum="0"/>
</round>
</game>
<game gamecode="6529995025"><general><startdate>2025-11-13 02:04:47</startdate>
<round>1</round>
<failsafecounter/>
<players><player seat="6" name="KOPKHUNKRAP" chips="605" dealer="0" win="70" bet="65" muck="1" rebuy="0" addon="0" merge="0" rebuychips="0" reg_code="5072436465"/>
<player seat="10" name="Eddyfelson75" chips="895" dealer="1" win="0" bet="35" muck="1" rebuy="0" addon="0" merge="0" rebuychips="0" reg_code="5072436757"/>
</players>
</general>
<round no="0"><action no="1" player="Eddyfelson75" type="15" discard="1" dealt="1" sum="5"/>
<action no="2" player="KOPKHUNKRAP" type="15" sum="5"/>
<action no="3" player="Eddyfelson75" type="1" discard="1" dealt="1" sum="30"/>
<action no="4" player="KOPKHUNKRAP" type="2" sum="60"/>
</round>
<round no="1"><cards type="Pocket" player="Eddyfelson75">X X</cards>
<cards type="Pocket" player="KOPKHUNKRAP">C4 DA</cards>
<action no="5" player="Eddyfelson75" type="0" discard="1" dealt="1" sum="0"/>
</round>
</game>
<game gamecode="6529995031"><general><startdate>2025-11-13 02:04:53</startdate>
<round>1</round>
<failsafecounter/>
<players><player seat="10" name="Eddyfelson75" chips="860" dealer="0" win="70" bet="65" muck="1" rebuy="0" addon="0" merge="0" rebuychips="0" reg_code="5072436757"/>
<player seat="6" name="KOPKHUNKRAP" chips="640" dealer="1" win="0" bet="35" muck="1" rebuy="0" addon="0" merge="0" rebuychips="0" reg_code="5072436465"/>
</players>
</general>
<round no="0"><action no="1" player="KOPKHUNKRAP" type="15" sum="5"/>
<action no="2" player="Eddyfelson75" type="15" discard="1" dealt="1" sum="5"/>
<action no="3" player="KOPKHUNKRAP" type="1" sum="30"/>
<action no="4" player="Eddyfelson75" type="2" discard="1" dealt="1" sum="60"/>
</round>
<round no="1"><cards type="Pocket" player="KOPKHUNKRAP">H2 D9</cards>
<cards type="Pocket" player="Eddyfelson75">X X</cards>
<action no="5" player="KOPKHUNKRAP" type="0" sum="0"/>
</round>
</game>
<game gamecode="6529995040"><general><startdate>2025-11-13 02:04:59</startdate>
<round>1</round>
<failsafecounter/>
<players><player seat="6" name="KOPKHUNKRAP" chips="605" dealer="0" win="0" bet="605" muck="0" rebuy="0" addon="0" merge="0" rebuychips="0" reg_code="5072436465"/>
<player seat="10" name="Eddyfelson75" chips="895" dealer="1" win="1,210" bet="605" muck="0" rebuy="0" addon="0" merge="0" rebuychips="0" reg_code="5072436757"/>
</players>
</general>
<round no="0"><action no="1" player="Eddyfelson75" type="15" discard="1" dealt="1" sum="5"/>
<action no="2" player="KOPKHUNKRAP" type="15" sum="5"/>
<action no="3" player="Eddyfelson75" type="1" discard="1" dealt="1" sum="30"/>
<action no="4" player="KOPKHUNKRAP" type="2" sum="60"/>
</round>
<round no="1"><cards type="Pocket" player="Eddyfelson75">C4 S8</cards>
<cards type="Pocket" player="KOPKHUNKRAP">D9 D10</cards>
<action no="5" player="Eddyfelson75" type="3" discard="1" dealt="1" sum="30"/>
<action no="6" player="KOPKHUNKRAP" type="23" sum="150"/>
<action no="7" player="Eddyfelson75" type="3" discard="1" dealt="1" sum="90"/>
</round>
<round no="2"><cards type="Flop">H8 H5 S3</cards>
<action no="8" player="KOPKHUNKRAP" type="5" sum="450"/>
<action no="9" player="Eddyfelson75" type="3" discard="1" dealt="1" sum="450"/>
</round>
<round no="3"><cards type="Turn">S5</cards>
</round>
<round no="4"><cards type="River">H7</cards>
</round>
</game>
</session>
