<?xml version="1.0" encoding="UTF-8"?>
<session sessioncode="5072243651">
<general>
<client_version>25.1.1.16</client_version>
<mode>real</mode>
<gametype>Holdem NL</gametype>
<tablename>Twister €200 SNG, 821559034</tablename>
<tournamentcode>821559033</tournamentcode>
<tournamentname>Twister €200 SNG</tournamentname>
<buyin>€0 + €12 + €188</buyin>
<totalbuyin>€200</totalbuyin>
<rewarddrawn>€400</rewarddrawn>
<tournamentcurrency>EUR</tournamentcurrency>
<currency>EUR</currency>
<nickname>KOPKHUNKRAP</nickname>
<gamecount>14</gamecount>
<startdate>2025-11-12 14:30:56</startdate>
<place>3</place>
<win>€0</win>
<tablesize>3</tablesize>
</general>
<game gamecode="6529461869"><general><startdate>2025-11-12 14:31:12</startdate>
<round>1</round>
<failsafecounter/>
<players><player seat="6" name="deIduKA" chips="500" dealer="0" win="160" bet="80" muck="0" rebuy="0" addon="0" merge="0" rebuychips="0" reg_code="5072243594"/>
<player seat="10" name="KOPKHUNKRAP" chips="500" dealer="1" win="0" bet="0" muck="1" rebuy="0" addon="0" merge="0" rebuychips="0" reg_code="5072243651"/>
<player seat="3" name="jackdaniels87" chips="500" dealer="0" win="0" bet="80" muck="1" rebuy="0" addon="0" merge="0" rebuychips="0" reg_code="5072243292"/>
</players>
</general>
<round no="0"><action no="1" player="jackdaniels87" type="1" discard="1" dealt="1" sum="10"/>
<action no="2" player="deIduKA" type="2" discard="1" dealt="1" sum="20"/>
</round>
<round no="1"><cards type="Pocket" player="KOPKHUNKRAP">H2 C7</cards>
<cards type="Pocket" player="jackdaniels87">H9 S7</cards>
<cards type="Pocket" player="deIduKA">H6 S8</cards>
<action no="3" player="KOPKHUNKRAP" type="0" sum="0"/>
<action no="4" player="jackdaniels87" type="3" discard="1" dealt="1" sum="10"/>
<action no="5" player="deIduKA" type="4" discard="1" dealt="1" sum="0"/>
</round>
<round no="2"><cards type="Flop">H8 S5 C10</cards>
<action no="6" player="jackdaniels87" type="4" discard="1" dealt="1" sum="0"/>
<action no="7" player="deIduKA" type="5" discard="1" dealt="1" sum="20"/>
<action no="8" player="jackdaniels87" type="3" discard="1" dealt="1" sum="20"/>
</round>
<round no="3"><cards type="Turn">CK</cards>
<action no="9" player="jackdaniels87" type="4" discard="1" dealt="1" sum="0"/>
<action no="10" player="deIduKA" type="4" discard="1" dealt="1" sum="0"/>
</round>
<round no="4"><cards type="River">H7</cards>
<action no="11" player="jackdaniels87" type="4" discard="1" dealt="1" sum="0"/>
<action no="12" player="deIduKA" type="5" discard="1" dealt="1" sum="40"/>
<action no="13" player="jackdaniels87" type="3" discard="1" dealt="1" sum="40"/>
</round>
</game>
<game gamecode="6529461918"><general><startdate>2025-11-12 14:31:46</startdate>
<round>1</round>
<failsafecounter/>
<players><player seat="10" name="KOPKHUNKRAP" chips="500" dealer="0" win="60" bet="500" muck="1" rebuy="0" addon="0" merge="0" rebuychips="0" reg_code="5072243651"/>
<player seat="3" name="jackdaniels87" chips="420" dealer="1" win="0" bet="20" muck="1" rebuy="0" addon="0" merge="0" rebuychips="0" reg_code="5072243292"/>
<player seat="6" name="deIduKA" chips="580" dealer="0" win="0" bet="20" muck="1" rebuy="0" addon="0" merge="0" rebuychips="0" reg_code="5072243594"/>
</players>
</general>
<round no="0"><action no="1" player="deIduKA" type="1" discard="1" dealt="1" sum="10"/>
<action no="2" player="KOPKHUNKRAP" type="2" sum="20"/>
</round>
<round no="1"><cards type="Pocket" player="KOPKHUNKRAP">H8 SA</cards>
<cards type="Pocket" player="deIduKA">X X</cards>
<cards type="Pocket" player="jackdaniels87">X X</cards>
<action no="3" player="jackdaniels87" type="3" discard="1" dealt="1" sum="20"/>
<action no="4" player="deIduKA" type="3" discard="1" dealt="1" sum="10"/>
<action no="5" player="KOPKHUNKRAP" type="23" sum="500"/>
<action no="6" player="jackdaniels87" type="0" discard="1" dealt="1" sum="0"/>
<action no="7" player="deIduKA" type="0" discard="1" dealt="1" sum="0"/>
</round>
</game>
<game gamecode="6529461948"><general><startdate>2025-11-12 14:32:06</startdate>
<round>1</round>
<failsafecounter/>
<players><player seat="3" name="jackdaniels87" chips="400" dealer="0" win="0" bet="20" muck="1" rebuy="0" addon="0" merge="0" rebuychips="0" reg_code="5072243292"/>
<player seat="6" name="deIduKA" chips="560" dealer="1" win="0" bet="0" muck="1" rebuy="0" addon="0" merge="0" rebuychips="0" reg_code="5072243594"/>
<player seat="10" name="KOPKHUNKRAP" chips="540" dealer="0" win="40" bet="40" muck="1" rebuy="0" addon="0" merge="0" rebuychips="0" reg_code="5072243651"/>
</players>
</general>
<round no="0"><action no="1" player="KOPKHUNKRAP" type="1" sum="10"/>
<action no="2" player="jackdaniels87" type="2" discard="1" dealt="1" sum="20"/>
</round>
<round no="1"><cards type="Pocket" player="jackdaniels87">X X</cards>
<cards type="Pocket" player="deIduKA">X X</cards>
<cards type="Pocket" player="KOPKHUNKRAP">H4 HK</cards>
<action no="3" player="deIduKA" type="0" discard="1" dealt="1" sum="0"/>
<action no="4" player="KOPKHUNKRAP" type="3" sum="10"/>
<action no="5" player="jackdaniels87" type="4" discard="1" dealt="1" sum="0"/>
</round>
<round no="2"><cards type="Flop">H8 HA D2</cards>
<action no="6" player="KOPKHUNKRAP" type="5" sum="20"/>
<action no="7" player="jackdaniels87" type="0" discard="1" dealt="1" sum="0"/>
</round>
</game>
<game gamecode="6529461979"><general><startdate>2025-11-12 14:32:26</startdate>
<round>1</round>
<failsafecounter/>
<players><player seat="6" name="deIduKA" chips="560" dealer="0" win="20" bet="20" muck="1" rebuy="0" addon="0" merge="0" rebuychips="0" reg_code="5072243594"/>
<player seat="10" name="KOPKHUNKRAP" chips="560" dealer="1" win="0" bet="0" muck="1" rebuy="0" addon="0" merge="0" rebuychips="0" reg_code="5072243651"/>
<player seat="3" name="jackdaniels87" chips="380" dealer="0" win="0" bet="10" muck="1" rebuy="0" addon="0" merge="0" rebuychips="0" reg_code="5072243292"/>
</players>
</general>
<round no="0"><action no="1" player="jackdaniels87" type="1" discard="1" dealt="1" sum="10"/>
<action no="2" player="deIduKA" type="2" discard="1" dealt="1" sum="20"/>
</round>
<round no="1"><cards type="Pocket" player="KOPKHUNKRAP">S9 CJ</cards>
<cards type="Pocket" player="deIduKA">X X</cards>
<cards type="Pocket" player="jackdaniels87">X X</cards>
<action no="3" player="KOPKHUNKRAP" type="0" sum="0"/>
<action no="4" player="jackdaniels87" type="0" discard="1" dealt="1" sum="0"/>
</round>
</game>
<game gamecode="6529462012"><general><startdate>2025-11-12 14:32:48</startdate>
<round>1</round>
<failsafecounter/>
<players><player seat="10" name="KOPKHUNKRAP" chips="560" dealer="0" win="130" bet="140" muck="1" rebuy="0" addon="0" merge="0" rebuychips="0" reg_code="5072243651"/>
<player seat="3" name="jackdaniels87" chips="370" dealer="1" win="0" bet="60" muck="1" rebuy="0" addon="0" merge="0" rebuychips="0" reg_code="5072243292"/>
<player seat="6" name="deIduKA" chips="570" dealer="0" win="0" bet="10" muck="1" rebuy="0" addon="0" merge="0" rebuychips="0" reg_code="5072243594"/>
</players>
</general>
<round no="0"><action no="1" player="deIduKA" type="1" discard="1" dealt="1" sum="10"/>
<action no="2" player="KOPKHUNKRAP" type="2" sum="20"/>
</round>
<round no="1"><cards type="Pocket" player="KOPKHUNKRAP">D4 DJ</cards>
<cards type="Pocket" player="deIduKA">X X</cards>
<cards type="Pocket" player="jackdaniels87">X X</cards>
<action no="3" player="jackdaniels87" type="3" discard="1" dealt="1" sum="20"/>
<action no="4" player="deIduKA" type="0" discard="1" dealt="1" sum="0"/>
<action no="5" player="KOPKHUNKRAP" type="4" sum="0"/>
</round>
<round no="2"><cards type="Flop">CJ SQ DK</cards>
<action no="6" player="KOPKHUNKRAP" type="4" sum="0"/>
<action no="7" player="jackdaniels87" type="5" discard="1" dealt="1" sum="20"/>
<action no="8" player="KOPKHUNKRAP" type="3" sum="20"/>
</round>
<round no="3"><cards type="Turn">S4</cards>
<action no="9" player="KOPKHUNKRAP" type="4" sum="0"/>
<action no="10" player="jackdaniels87" type="5" discard="1" dealt="1" sum="20"/>
<action no="11" player="KOPKHUNKRAP" type="23" sum="100"/>
<action no="12" player="jackdaniels87" type="0" discard="1" dealt="1" sum="0"/>
</round>
</game>
<game gamecode="6529462066"><general><startdate>2025-11-12 14:33:22</startdate>
<round>1</round>
<failsafecounter/>
<players><player seat="3" name="jackdaniels87" chips="310" dealer="0" win="45" bet="35" muck="1" rebuy="0" addon="0" merge="0" rebuychips="0" reg_code="5072243292"/>
<player seat="6" name="deIduKA" chips="560" dealer="1" win="0" bet="5" muck="1" rebuy="0" addon="0" merge="0" rebuychips="0" reg_code="5072243594"/>
<player seat="10" name="KOPKHUNKRAP" chips="630" dealer="0" win="0" bet="20" muck="1" rebuy="0" addon="0" merge="0" rebuychips="0" reg_code="5072243651"/>
</players>
</general>
<round no="0"><action no="1" player="KOPKHUNKRAP" type="15" sum="5"/>
<action no="2" player="jackdaniels87" type="15" discard="1" dealt="1" sum="5"/>
<action no="3" player="deIduKA" type="15" discard="1" dealt="1" sum="5"/>
<action no="4" player="KOPKHUNKRAP" type="1" sum="15"/>
<action no="5" player="jackdaniels87" type="2" discard="1" dealt="1" sum="30"/>
</round>
<round no="1"><cards type="Pocket" player="jackdaniels87">X X</cards>
<cards type="Pocket" player="deIduKA">X X</cards>
<cards type="Pocket" player="KOPKHUNKRAP">C7 H9</cards>
<action no="6" player="deIduKA" type="0" discard="1" dealt="1" sum="0"/>
<action no="7" player="KOPKHUNKRAP" type="0" sum="0"/>
</round>
</game>
<game gamecode="6529462081"><general><startdate>2025-11-12 14:33:35</startdate>
<round>1</round>
<failsafecounter/>
<players><player seat="6" name="deIduKA" chips="555" dealer="0" win="45" bet="35" muck="1" rebuy="0" addon="0" merge="0" rebuychips="0" reg_code="5072243594"/>
<player seat="10" name="KOPKHUNKRAP" chips="610" dealer="1" win="0" bet="5" muck="1" rebuy="0" addon="0" merge="0" rebuychips="0" reg_code="5072243651"/>
<player seat="3" name="jackdaniels87" chips="335" dealer="0" win="0" bet="20" muck="1" rebuy="0" addon="0" merge="0" rebuychips="0" reg_code="5072243292"/>
</players>
</general>
<round no="0"><action no="1" player="jackdaniels87" type="15" discard="1" dealt="1" sum="5"/>
<action no="2" player="deIduKA" type="15" discard="1" dealt="1" sum="5"/>
<action no="3" player="KOPKHUNKRAP" type="15" sum="5"/>
<action no="4" player="jackdaniels87" type="1" discard="1" dealt="1" sum="15"/>
<action no="5" player="deIduKA" type="2" discard="1" dealt="1" sum="30"/>
</round>
<round no="1"><cards type="Pocket" player="KOPKHUNKRAP">S3 S5</cards>
<cards type="Pocket" player="jackdaniels87">X X</cards>
<cards type="Pocket" player="deIduKA">X X</cards>
<action no="6" player="KOPKHUNKRAP" type="0" sum="0"/>
<action no="7" player="jackdaniels87" type="0" discard="1" dealt="1" sum="0"/>
</round>
</game>
<game gamecode="6529462095"><general><startdate>2025-11-12 14:33:43</startdate>
<round>1</round>
<failsafecounter/>
<players><player seat="10" name="KOPKHUNKRAP" chips="605" dealer="0" win="0" bet="80" muck="1" rebuy="0" addon="0" merge="0" rebuychips="0" reg_code="5072243651"/>
<player seat="3" name="jackdaniels87" chips="315" dealer="1" win="0" bet="5" muck="1" rebuy="0" addon="0" merge="0" rebuychips="0" reg_code="5072243292"/>
<player seat="6" name="deIduKA" chips="580" dealer="0" win="165" bet="162" muck="1" rebuy="0" addon="0" merge="0" rebuychips="0" reg_code="5072243594"/>
</players>
</general>
<round no="0"><action no="1" player="deIduKA" type="15" discard="1" dealt="1" sum="5"/>
<action no="2" player="KOPKHUNKRAP" type="15" sum="5"/>
<action no="3" player="jackdaniels87" type="15" discard="1" dealt="1" sum="5"/>
<action no="4" player="deIduKA" type="1" discard="1" dealt="1" sum="15"/>
<action no="5" player="KOPKHUNKRAP" type="2" sum="30"/>
</round>
<round no="1"><cards type="Pocket" player="deIduKA">X X</cards>
<cards type="Pocket" player="KOPKHUNKRAP">H2 H5</cards>
<cards type="Pocket" player="jackdaniels87">X X</cards>
<action no="6" player="jackdaniels87" type="0" discard="1" dealt="1" sum="0"/>
<action no="7" player="deIduKA" type="23" discard="1" dealt="1" sum="75"/>
<action no="8" player="KOPKHUNKRAP" type="3" sum="45"/>
</round>
<round no="2"><cards type="Flop">H7 C6 D6</cards>
<action no="9" player="deIduKA" type="5" discard="1" dealt="1" sum="82"/>
<action no="10" player="KOPKHUNKRAP" type="0" sum="0"/>
</round>
</game>
<game gamecode="6529462145"><general><startdate>2025-11-12 14:34:18</startdate>
<round>1</round>
<failsafecounter/>
<players><player seat="3" name="jackdaniels87" chips="310" dealer="0" win="0" bet="35" muck="1" rebuy="0" addon="0" merge="0" rebuychips="0" reg_code="5072243292"/>
<player seat="6" name="deIduKA" chips="665" dealer="1" win="0" bet="5" muck="1" rebuy="0" addon="0" merge="0" rebuychips="0" reg_code="5072243594"/>
<player seat="10" name="KOPKHUNKRAP" chips="525" dealer="0" win="75" bet="65" muck="1" rebuy="0" addon="0" merge="0" rebuychips="0" reg_code="5072243651"/>
</players>
</general>
<round no="0"><action no="1" player="KOPKHUNKRAP" type="15" sum="5"/>
<action no="2" player="jackdaniels87" type="15" discard="1" dealt="1" sum="5"/>
<action no="3" player="deIduKA" type="15" discard="1" dealt="1" sum="5"/>
<action no="4" player="KOPKHUNKRAP" type="1" sum="15"/>
<action no="5" player="jackdaniels87" type="2" discard="1" dealt="1" sum="30"/>
</round>
<round no="1"><cards type="Pocket" player="deIduKA">X X</cards>
<cards type="Pocket" player="KOPKHUNKRAP">H9 H4</cards>
<cards type="Pocket" player="jackdaniels87">X X</cards>
<action no="6" player="deIduKA" type="0" discard="1" dealt="1" sum="0"/>
<action no="7" player="KOPKHUNKRAP" type="3" sum="15"/>
<action no="8" player="jackdaniels87" type="4" discard="1" dealt="1" sum="0"/>
</round>
<round no="2"><cards type="Flop">S6 HJ H5</cards>
<action no="9" player="KOPKHUNKRAP" type="5" sum="30"/>
<action no="10" player="jackdaniels87" type="0" discard="1" dealt="1" sum="0"/>
</round>
</game>
<game gamecode="6529462170"><general><startdate>2025-11-12 14:34:32</startdate>
<round>1</round>
<failsafecounter/>
<players><player seat="6" name="deIduKA" chips="660" dealer="0" win="0" bet="125" muck="1" rebuy="0" addon="0" merge="0" rebuychips="0" reg_code="5072243594"/>
<player seat="10" name="KOPKHUNKRAP" chips="565" dealer="1" win="275" bet="225" muck="1" rebuy="0" addon="0" merge="0" rebuychips="0" reg_code="5072243651"/>
<player seat="3" name="jackdaniels87" chips="275" dealer="0" win="0" bet="25" muck="1" rebuy="0" addon="0" merge="0" rebuychips="0" reg_code="5072243292"/>
</players>
</general>
<round no="0"><action no="1" player="jackdaniels87" type="15" discard="1" dealt="1" sum="5"/>
<action no="2" player="deIduKA" type="15" discard="1" dealt="1" sum="5"/>
<action no="3" player="KOPKHUNKRAP" type="15" sum="5"/>
<action no="4" player="jackdaniels87" type="1" discard="1" dealt="1" sum="20"/>
<action no="5" player="deIduKA" type="2" discard="1" dealt="1" sum="40"/>
</round>
<round no="1"><cards type="Pocket" player="deIduKA">X X</cards>
<cards type="Pocket" player="jackdaniels87">X X</cards>
<cards type="Pocket" player="KOPKHUNKRAP">DK HA</cards>
<action no="6" player="KOPKHUNKRAP" type="23" sum="80"/>
<action no="7" player="jackdaniels87" type="0" discard="1" dealt="1" sum="0"/>
<action no="8" player="deIduKA" type="3" discard="1" dealt="1" sum="40"/>
</round>
<round no="2"><cards type="Flop">D3 HJ HK</cards>
<action no="9" player="deIduKA" type="4" discard="1" dealt="1" sum="0"/>
<action no="10" player="KOPKHUNKRAP" type="5" sum="40"/>
<action no="11" player="deIduKA" type="3" discard="1" dealt="1" sum="40"/>
</round>
<round no="3"><cards type="Turn">H5</cards>
<action no="12" player="deIduKA" type="4" discard="1" dealt="1" sum="0"/>
<action no="13" player="KOPKHUNKRAP" type="5" sum="100"/>
<action no="14" player="deIduKA" type="0" discard="1" dealt="1" sum="0"/>
</round>
</game>
<game gamecode="6529465809"><general><startdate>2025-11-12 14:35:09</startdate>
<round>1</round>
<failsafecounter/>
<players><player seat="10" name="KOPKHUNKRAP" chips="715" dealer="0" win="55" bet="45" muck="1" rebuy="0" addon="0" merge="0" rebuychips="0" reg_code="5072243651"/>
<player seat="3" name="jackdaniels87" chips="250" dealer="1" win="0" bet="5" muck="1" rebuy="0" addon="0" merge="0" rebuychips="0" reg_code="5072243292"/>
<player seat="6" name="deIduKA" chips="535" dealer="0" win="0" bet="25" muck="1" rebuy="0" addon="0" merge="0" rebuychips="0" reg_code="5072243594"/>
</players>
</general>
<round no="0"><action no="1" player="deIduKA" type="15" discard="1" dealt="1" sum="5"/>
<action no="2" player="KOPKHUNKRAP" type="15" sum="5"/>
<action no="3" player="jackdaniels87" type="15" discard="1" dealt="1" sum="5"/>
<action no="4" player="deIduKA" type="1" discard="1" dealt="1" sum="20"/>
<action no="5" player="KOPKHUNKRAP" type="2" sum="40"/>
</round>
<round no="1"><cards type="Pocket" player="KOPKHUNKRAP">C2 C4</cards>
<cards type="Pocket" player="jackdaniels87">X X</cards>
<cards type="Pocket" player="deIduKA">X X</cards>
<action no="6" player="jackdaniels87" type="0" discard="1" dealt="1" sum="0"/>
<action no="7" player="deIduKA" type="0" discard="1" dealt="1" sum="0"/>
</round>
</game>
<game gamecode="6529465830"><general><startdate>2025-11-12 14:35:21</startdate>
<round>1</round>
<failsafecounter/>
<players><player seat="3" name="jackdaniels87" chips="245" dealer="0" win="0" bet="45" muck="1" rebuy="0" addon="0" merge="0" rebuychips="0" reg_code="5072243292"/>
<player seat="6" name="deIduKA" chips="510" dealer="1" win="115" bet="510" muck="1" rebuy="0" addon="0" merge="0" rebuychips="0" reg_code="5072243594"/>
<player seat="10" name="KOPKHUNKRAP" chips="745" dealer="0" win="0" bet="25" muck="1" rebuy="0" addon="0" merge="0" rebuychips="0" reg_code="5072243651"/>
</players>
</general>
<round no="0"><action no="1" player="KOPKHUNKRAP" type="15" sum="5"/>
<action no="2" player="jackdaniels87" type="15" discard="1" dealt="1" sum="5"/>
<action no="3" player="deIduKA" type="15" discard="1" dealt="1" sum="5"/>
<action no="4" player="KOPKHUNKRAP" type="1" sum="20"/>
<action no="5" player="jackdaniels87" type="2" discard="1" dealt="1" sum="40"/>
</round>
<round no="1"><cards type="Pocket" player="deIduKA">X X</cards>
<cards type="Pocket" player="jackdaniels87">X X</cards>
<cards type="Pocket" player="KOPKHUNKRAP">S6 H10</cards>
<action no="6" player="deIduKA" type="23" discard="1" dealt="1" sum="505"/>
<action no="7" player="KOPKHUNKRAP" type="0" sum="0"/>
<action no="8" player="jackdaniels87" type="0" discard="1" dealt="1" sum="0"/>
</round>
</game>
<game gamecode="6529465847"><general><startdate>2025-11-12 14:35:33</startdate>
<round>1</round>
<failsafecounter/>
<players><player seat="6" name="deIduKA" chips="580" dealer="0" win="0" bet="45" muck="1" rebuy="0" addon="0" merge="0" rebuychips="0" reg_code="5072243594"/>
<player seat="10" name="KOPKHUNKRAP" chips="720" dealer="1" win="0" bet="200" muck="1" rebuy="0" addon="0" merge="0" rebuychips="0" reg_code="5072243651"/>
<player seat="3" name="jackdaniels87" chips="200" dealer="0" win="445" bet="200" muck="0" rebuy="0" addon="0" merge="0" rebuychips="0" reg_code="5072243292"/>
</players>
</general>
<round no="0"><action no="1" player="jackdaniels87" type="15" discard="1" dealt="1" sum="5"/>
<action no="2" player="deIduKA" type="15" discard="1" dealt="1" sum="5"/>
<action no="3" player="KOPKHUNKRAP" type="15" sum="5"/>
<action no="4" player="jackdaniels87" type="1" discard="1" dealt="1" sum="20"/>
<action no="5" player="deIduKA" type="2" discard="1" dealt="1" sum="40"/>
</round>
<round no="1"><cards type="Pocket" player="KOPKHUNKRAP">C10 H10</cards>
<cards type="Pocket" player="deIduKA">X X</cards>
<cards type="Pocket" player="jackdaniels87">DA SJ</cards>
<action no="6" player="KOPKHUNKRAP" type="23" sum="80"/>
<action no="7" player="jackdaniels87" type="23" discard="1" dealt="1" sum="195"/>
<action no="8" player="deIduKA" type="0" discard="1" dealt="1" sum="0"/>
<action no="9" player="KOPKHUNKRAP" type="3" sum="115"/>
</round>
<round no="2"><cards type="Flop">D2 D5 SA</cards>
</round>
<round no="3"><cards type="Turn">D7</cards>
</round>
<round no="4"><cards type="River">H4</cards>
</round>
</game>
<game gamecode="6529465883"><general><startdate>2025-11-12 14:35:55</startdate>
<round>1</round>
<failsafecounter/>
<players><player seat="10" name="KOPKHUNKRAP" chips="520" dealer="0" win="0" bet="520" muck="0" rebuy="0" addon="0" merge="0" rebuychips="0" reg_code="5072243651"/>
<player seat="3" name="jackdaniels87" chips="445" dealer="1" win="0" bet="5" muck="1" rebuy="0" addon="0" merge="0" rebuychips="0" reg_code="5072243292"/>
<player seat="6" name="deIduKA" chips="535" dealer="0" win="1,045" bet="535" muck="0" rebuy="0" addon="0" merge="0" rebuychips="0" reg_code="5072243594"/>
</players>
</general>
<round no="0"><action no="1" player="deIduKA" type="15" discard="1" dealt="1" sum="5"/>
<action no="2" player="KOPKHUNKRAP" type="15" sum="5"/>
<action no="3" player="jackdaniels87" type="15" discard="1" dealt="1" sum="5"/>
<action no="4" player="deIduKA" type="1" discard="1" dealt="1" sum="20"/>
<action no="5" player="KOPKHUNKRAP" type="2" sum="40"/>
</round>
<round no="1"><cards type="Pocket" player="KOPKHUNKRAP">CK S10</cards>
<cards type="Pocket" player="jackdaniels87">X X</cards>
<cards type="Pocket" player="deIduKA">D4 C4</cards>
<action no="6" player="jackdaniels87" type="0" discard="1" dealt="1" sum="0"/>
<action no="7" player="deIduKA" type="23" discard="1" dealt="1" sum="530"/>
<action no="8" player="KOPKHUNKRAP" type="7" sum="475"/>
</round>
<round no="2"><cards type="Flop">DJ S6 S7</cards>
</round>
<round no="3"><cards type="Turn">S5</cards>
</round>
<round no="4"><cards type="River">C8</cards>
</round>
</game>
</session>
