<?xml version="1.0" encoding="UTF-8"?>
<session sessioncode="5072613520">
<general>
<client_version>24.7.1.15</client_version>
<mode>real</mode>
<gametype>Holdem NL</gametype>
<tablename>Twister €200 SNG, 821643139</tablename>
<tournamentcode>821643138</tournamentcode>
<tournamentname>Twister €200 SNG</tournamentname>
<buyin>€0 + €12 + €188</buyin>
<totalbuyin>€200</totalbuyin>
<rewarddrawn>€400</rewarddrawn>
<tournamentcurrency>EUR</tournamentcurrency>
<currency>EUR</currency>
<nickname>KOPKHUNKRAP</nickname>
<gamecount>18</gamecount>
<startdate>2025-11-14 02:10:40</startdate>
<place>2</place>
<win>€0</win>
<tablesize>3</tablesize>
</general>
<game gamecode="6530650115"><general><startdate>2025-11-14 02:10:55</startdate>
<round>1</round>
<failsafecounter/>
<players><player seat="6" name="laramblaa" chips="500" dealer="0" win="90" bet="500" muck="1" rebuy="0" addon="0" merge="0" rebuychips="0" reg_code="5072613440"/>
<player seat="10" name="KOPKHUNKRAP" chips="500" dealer="1" win="0" bet="40" muck="1" rebuy="0" addon="0" merge="0" rebuychips="0" reg_code="5072613520"/>
<player seat="3" name="OndaBianca1" chips="500" dealer="0" win="0" bet="10" muck="1" rebuy="0" addon="0" merge="0" rebuychips="0" reg_code="5072613426"/>
</players>
</general>
<round no="0"><action no="1" player="OndaBianca1" type="1" discard="1" dealt="1" sum="10"/>
<action no="2" player="laramblaa" type="2" discard="1" dealt="1" sum="20"/>
</round>
<round no="1"><cards type="Pocket" player="laramblaa">X X</cards>
<cards type="Pocket" player="OndaBianca1">X X</cards>
<cards type="Pocket" player="KOPKHUNKRAP">S9 CA</cards>
<action no="3" player="KOPKHUNKRAP" type="23" sum="40"/>
<action no="4" player="OndaBianca1" type="0" discard="1" dealt="1" sum="0"/>
<action no="5" player="laramblaa" type="23" discard="1" dealt="1" sum="500"/>
<action no="6" player="KOPKHUNKRAP" type="0" sum="0"/>
</round>
</game>
<game gamecode="6530650131"><general><startdate>2025-11-14 02:11:11</startdate>
<round>1</round>
<failsafecounter/>
<players><player seat="10" name="KOPKHUNKRAP" chips="460" dealer="0" win="40" bet="60" muck="1" rebuy="0" addon="0" merge="0" rebuychips="0" reg_code="5072613520"/>
<player seat="3" name="OndaBianca1" chips="490" dealer="1" win="0" bet="0" muck="1" rebuy="0" addon="0" merge="0" rebuychips="0" reg_code="5072613426"/>
<player seat="6" name="laramblaa" chips="550" dealer="0" win="0" bet="20" muck="1" rebuy="0" addon="0" merge="0" rebuychips="0" reg_code="5072613440"/>
</players>
</general>
<round no="0"><action no="1" player="laramblaa" type="1" discard="1" dealt="1" sum="10"/>
<action no="2" player="KOPKHUNKRAP" type="2" sum="20"/>
</round>
<round no="1"><cards type="Pocket" player="laramblaa">X X</cards>
<cards type="Pocket" player="KOPKHUNKRAP">C10 H6</cards>
<cards type="Pocket" player="OndaBianca1">X X</cards>
<action no="3" player="OndaBianca1" type="0" discard="1" dealt="1" sum="0"/>
<action no="4" player="laramblaa" type="3" discard="1" dealt="1" sum="10"/>
<action no="5" player="KOPKHUNKRAP" type="4" sum="0"/>
</round>
<round no="2"><cards type="Flop">C4 DA D4</cards>
<action no="6" player="laramblaa" type="4" discard="1" dealt="1" sum="0"/>
<action no="7" player="KOPKHUNKRAP" type="4" sum="0"/>
</round>
<round no="3"><cards type="Turn">D2</cards>
<action no="8" player="laramblaa" type="4" discard="1" dealt="1" sum="0"/>
<action no="9" player="KOPKHUNKRAP" type="4" sum="0"/>
</round>
<round no="4"><cards type="River">H3</cards>
<action no="10" player="laramblaa" type="4" discard="1" dealt="1" sum="0"/>
<action no="11" player="KOPKHUNKRAP" type="5" sum="40"/>
<action no="12" player="laramblaa" type="0" discard="1" dealt="1" sum="0"/>
</round>
</game>
<game gamecode="6530650168"><general><startdate>2025-11-14 02:11:43</startdate>
<round>1</round>
<failsafecounter/>
<players><player seat="3" name="OndaBianca1" chips="490" dealer="0" win="0" bet="20" muck="1" rebuy="0" addon="0" merge="0" rebuychips="0" reg_code="5072613426"/>
<player seat="6" name="laramblaa" chips="530" dealer="1" win="50" bet="40" muck="1" rebuy="0" addon="0" merge="0" rebuychips="0" reg_code="5072613440"/>
<player seat="10" name="KOPKHUNKRAP" chips="480" dealer="0" win="0" bet="10" muck="1" rebuy="0" addon="0" merge="0" rebuychips="0" reg_code="5072613520"/>
</players>
</general>
<round no="0"><action no="1" player="KOPKHUNKRAP" type="1" sum="10"/>
<action no="2" player="OndaBianca1" type="2" discard="1" dealt="1" sum="20"/>
</round>
<round no="1"><cards type="Pocket" player="OndaBianca1">X X</cards>
<cards type="Pocket" player="laramblaa">X X</cards>
<cards type="Pocket" player="KOPKHUNKRAP">D7 H2</cards>
<action no="3" player="laramblaa" type="23" discard="1" dealt="1" sum="40"/>
<action no="4" player="KOPKHUNKRAP" type="0" sum="0"/>
<action no="5" player="OndaBianca1" type="0" discard="1" dealt="1" sum="0"/>
</round>
</game>
<game gamecode="6530650185"><general><startdate>2025-11-14 02:11:58</startdate>
<round>1</round>
<failsafecounter/>
<players><player seat="6" name="laramblaa" chips="560" dealer="0" win="20" bet="20" muck="1" rebuy="0" addon="0" merge="0" rebuychips="0" reg_code="5072613440"/>
<player seat="10" name="KOPKHUNKRAP" chips="470" dealer="1" win="0" bet="0" muck="1" rebuy="0" addon="0" merge="0" rebuychips="0" reg_code="5072613520"/>
<player seat="3" name="OndaBianca1" chips="470" dealer="0" win="0" bet="10" muck="1" rebuy="0" addon="0" merge="0" rebuychips="0" reg_code="5072613426"/>
</players>
</general>
<round no="0"><action no="1" player="OndaBianca1" type="1" discard="1" dealt="1" sum="10"/>
<action no="2" player="laramblaa" type="2" discard="1" dealt="1" sum="20"/>
</round>
<round no="1"><cards type="Pocket" player="laramblaa">X X</cards>
<cards type="Pocket" player="OndaBianca1">X X</cards>
<cards type="Pocket" player="KOPKHUNKRAP">D6 C3</cards>
<action no="3" player="KOPKHUNKRAP" type="0" sum="0"/>
<action no="4" player="OndaBianca1" type="0" discard="1" dealt="1" sum="0"/>
</round>
</game>
<game gamecode="6530650192"><general><startdate>2025-11-14 02:12:06</startdate>
<round>1</round>
<failsafecounter/>
<players><player seat="10" name="KOPKHUNKRAP" chips="470" dealer="0" win="0" bet="20" muck="1" rebuy="0" addon="0" merge="0" rebuychips="0" reg_code="5072613520"/>
<player seat="3" name="OndaBianca1" chips="460" dealer="1" win="0" bet="0" muck="1" rebuy="0" addon="0" merge="0" rebuychips="0" reg_code="5072613426"/>
<player seat="6" name="laramblaa" chips="570" dealer="0" win="40" bet="60" muck="1" rebuy="0" addon="0" merge="0" rebuychips="0" reg_code="5072613440"/>
</players>
</general>
<round no="0"><action no="1" player="laramblaa" type="1" discard="1" dealt="1" sum="10"/>
<action no="2" player="KOPKHUNKRAP" type="2" sum="20"/>
</round>
<round no="1"><cards type="Pocket" player="KOPKHUNKRAP">S4 H7</cards>
<cards type="Pocket" player="laramblaa">X X</cards>
<cards type="Pocket" player="OndaBianca1">X X</cards>
<action no="3" player="OndaBianca1" type="0" discard="1" dealt="1" sum="0"/>
<action no="4" player="laramblaa" type="3" discard="1" dealt="1" sum="10"/>
<action no="5" player="KOPKHUNKRAP" type="4" sum="0"/>
</round>
<round no="2"><cards type="Flop">HQ C2 H3</cards>
<action no="6" player="laramblaa" type="4" discard="1" dealt="1" sum="0"/>
<action no="7" player="KOPKHUNKRAP" type="4" sum="0"/>
</round>
<round no="3"><cards type="Turn">DQ</cards>
<action no="8" player="laramblaa" type="5" discard="1" dealt="1" sum="40"/>
<action no="9" player="KOPKHUNKRAP" type="0" sum="0"/>
</round>
</game>
<game gamecode="6530650223"><general><startdate>2025-11-14 02:12:29</startdate>
<round>1</round>
<failsafecounter/>
<players><player seat="3" name="OndaBianca1" chips="460" dealer="0" win="0" bet="20" muck="1" rebuy="0" addon="0" merge="0" rebuychips="0" reg_code="5072613426"/>
<player seat="6" name="laramblaa" chips="590" dealer="1" win="0" bet="40" muck="1" rebuy="0" addon="0" merge="0" rebuychips="0" reg_code="5072613440"/>
<player seat="10" name="KOPKHUNKRAP" chips="450" dealer="0" win="100" bet="450" muck="1" rebuy="0" addon="0" merge="0" rebuychips="0" reg_code="5072613520"/>
</players>
</general>
<round no="0"><action no="1" player="KOPKHUNKRAP" type="1" sum="10"/>
<action no="2" player="OndaBianca1" type="2" discard="1" dealt="1" sum="20"/>
</round>
<round no="1"><cards type="Pocket" player="OndaBianca1">X X</cards>
<cards type="Pocket" player="KOPKHUNKRAP">CQ CA</cards>
<cards type="Pocket" player="laramblaa">X X</cards>
<action no="3" player="laramblaa" type="23" discard="1" dealt="1" sum="40"/>
<action no="4" player="KOPKHUNKRAP" type="23" sum="450"/>
<action no="5" player="OndaBianca1" type="0" discard="1" dealt="1" sum="0"/>
<action no="6" player="laramblaa" type="0" discard="1" dealt="1" sum="0"/>
</round>
</game>
<game gamecode="6530650236"><general><startdate>2025-11-14 02:12:40</startdate>
<round>1</round>
<failsafecounter/>
<players><player seat="6" name="laramblaa" chips="550" dealer="0" win="0" bet="35" muck="1" rebuy="0" addon="0" merge="0" rebuychips="0" reg_code="5072613440"/>
<player seat="10" name="KOPKHUNKRAP" chips="510" dealer="1" win="90" bet="65" muck="1" rebuy="0" addon="0" merge="0" rebuychips="0" reg_code="5072613520"/>
<player seat="3" name="OndaBianca1" chips="440" dealer="0" win="0" bet="20" muck="1" rebuy="0" addon="0" merge="0" rebuychips="0" reg_code="5072613426"/>
</players>
</general>
<round no="0"><action no="1" player="OndaBianca1" type="15" discard="1" dealt="1" sum="5"/>
<action no="2" player="laramblaa" type="15" discard="1" dealt="1" sum="5"/>
<action no="3" player="KOPKHUNKRAP" type="15" sum="5"/>
<action no="4" player="OndaBianca1" type="1" discard="1" dealt="1" sum="15"/>
<action no="5" player="laramblaa" type="2" discard="1" dealt="1" sum="30"/>
</round>
<round no="1"><cards type="Pocket" player="KOPKHUNKRAP">DJ CA</cards>
<cards type="Pocket" player="OndaBianca1">X X</cards>
<cards type="Pocket" player="laramblaa">X X</cards>
<action no="6" player="KOPKHUNKRAP" type="23" sum="60"/>
<action no="7" player="OndaBianca1" type="0" discard="1" dealt="1" sum="0"/>
<action no="8" player="laramblaa" type="0" discard="1" dealt="1" sum="0"/>
</round>
</game>
<game gamecode="6530650253"><general><startdate>2025-11-14 02:12:54</startdate>
<round>1</round>
<failsafecounter/>
<players><player seat="10" name="KOPKHUNKRAP" chips="565" dealer="0" win="0" bet="35" muck="1" rebuy="0" addon="0" merge="0" rebuychips="0" reg_code="5072613520"/>
<player seat="3" name="OndaBianca1" chips="420" dealer="1" win="0" bet="5" muck="1" rebuy="0" addon="0" merge="0" rebuychips="0" reg_code="5072613426"/>
<player seat="6" name="laramblaa" chips="515" dealer="0" win="75" bet="72" muck="1" rebuy="0" addon="0" merge="0" rebuychips="0" reg_code="5072613440"/>
</players>
</general>
<round no="0"><action no="1" player="laramblaa" type="15" discard="1" dealt="1" sum="5"/>
<action no="2" player="KOPKHUNKRAP" type="15" sum="5"/>
<action no="3" player="OndaBianca1" type="15" discard="1" dealt="1" sum="5"/>
<action no="4" player="laramblaa" type="1" discard="1" dealt="1" sum="15"/>
<action no="5" player="KOPKHUNKRAP" type="2" sum="30"/>
</round>
<round no="1"><cards type="Pocket" player="OndaBianca1">X X</cards>
<cards type="Pocket" player="KOPKHUNKRAP">H5 D7</cards>
<cards type="Pocket" player="laramblaa">X X</cards>
<action no="6" player="OndaBianca1" type="0" discard="1" dealt="1" sum="0"/>
<action no="7" player="laramblaa" type="3" discard="1" dealt="1" sum="15"/>
<action no="8" player="KOPKHUNKRAP" type="4" sum="0"/>
</round>
<round no="2"><cards type="Flop">D2 C6 H3</cards>
<action no="9" player="laramblaa" type="4" discard="1" dealt="1" sum="0"/>
<action no="10" player="KOPKHUNKRAP" type="4" sum="0"/>
</round>
<round no="3"><cards type="Turn">S2</cards>
<action no="11" player="laramblaa" type="5" discard="1" dealt="1" sum="37"/>
<action no="12" player="KOPKHUNKRAP" type="0" sum="0"/>
</round>
</game>
<game gamecode="6530650278"><general><startdate>2025-11-14 02:13:20</startdate>
<round>1</round>
<failsafecounter/>
<players><player seat="3" name="OndaBianca1" chips="415" dealer="0" win="420" bet="200" muck="0" rebuy="0" addon="0" merge="0" rebuychips="0" reg_code="5072613426"/>
<player seat="6" name="laramblaa" chips="555" dealer="1" win="0" bet="200" muck="0" rebuy="0" addon="0" merge="0" rebuychips="0" reg_code="5072613440"/>
<player seat="10" name="KOPKHUNKRAP" chips="530" dealer="0" win="0" bet="20" muck="1" rebuy="0" addon="0" merge="0" rebuychips="0" reg_code="5072613520"/>
</players>
</general>
<round no="0"><action no="1" player="KOPKHUNKRAP" type="15" sum="5"/>
<action no="2" player="OndaBianca1" type="15" discard="1" dealt="1" sum="5"/>
<action no="3" player="laramblaa" type="15" discard="1" dealt="1" sum="5"/>
<action no="4" player="KOPKHUNKRAP" type="1" sum="15"/>
<action no="5" player="OndaBianca1" type="2" discard="1" dealt="1" sum="30"/>
</round>
<round no="1"><cards type="Pocket" player="OndaBianca1">D6 DJ</cards>
<cards type="Pocket" player="laramblaa">C8 C6</cards>
<cards type="Pocket" player="KOPKHUNKRAP">D2 H6</cards>
<action no="6" player="laramblaa" type="23" discard="1" dealt="1" sum="60"/>
<action no="7" player="KOPKHUNKRAP" type="0" sum="0"/>
<action no="8" player="OndaBianca1" type="3" discard="1" dealt="1" sum="30"/>
</round>
<round no="2"><cards type="Flop">H7 C9 SJ</cards>
<action no="9" player="OndaBianca1" type="4" discard="1" dealt="1" sum="0"/>
<action no="10" player="laramblaa" type="4" discard="1" dealt="1" sum="0"/>
</round>
<round no="3"><cards type="Turn">D9</cards>
<action no="11" player="OndaBianca1" type="5" discard="1" dealt="1" sum="75"/>
<action no="12" player="laramblaa" type="3" discard="1" dealt="1" sum="75"/>
</round>
<round no="4"><cards type="River">HA</cards>
<action no="13" player="OndaBianca1" type="4" discard="1" dealt="1" sum="0"/>
<action no="14" player="laramblaa" type="5" discard="1" dealt="1" sum="60"/>
<action no="15" player="OndaBianca1" type="3" discard="1" dealt="1" sum="60"/>
</round>
</game>
<game gamecode="6530654946"><general><startdate>2025-11-14 02:13:57</startdate>
<round>1</round>
<failsafecounter/>
<players><player seat="6" name="laramblaa" chips="355" dealer="0" win="0" bet="89" muck="1" rebuy="0" addon="0" merge="0" rebuychips="0" reg_code="5072613440"/>
<player seat="10" name="KOPKHUNKRAP" chips="510" dealer="1" win="0" bet="5" muck="1" rebuy="0" addon="0" merge="0" rebuychips="0" reg_code="5072613520"/>
<player seat="3" name="OndaBianca1" chips="635" dealer="0" win="183" bet="635" muck="1" rebuy="0" addon="0" merge="0" rebuychips="0" reg_code="5072613426"/>
</players>
</general>
<round no="0"><action no="1" player="OndaBianca1" type="15" discard="1" dealt="1" sum="5"/>
<action no="2" player="laramblaa" type="15" discard="1" dealt="1" sum="5"/>
<action no="3" player="KOPKHUNKRAP" type="15" sum="5"/>
<action no="4" player="OndaBianca1" type="1" discard="1" dealt="1" sum="15"/>
<action no="5" player="laramblaa" type="2" discard="1" dealt="1" sum="30"/>
</round>
<round no="1"><cards type="Pocket" player="OndaBianca1">X X</cards>
<cards type="Pocket" player="laramblaa">X X</cards>
<cards type="Pocket" player="KOPKHUNKRAP">H4 H5</cards>
<action no="6" player="KOPKHUNKRAP" type="0" sum="0"/>
<action no="7" player="OndaBianca1" type="3" discard="1" dealt="1" sum="15"/>
<action no="8" player="laramblaa" type="4" discard="1" dealt="1" sum="0"/>
</round>
<round no="2"><cards type="Flop">C9 SQ C10</cards>
<action no="9" player="OndaBianca1" type="5" discard="1" dealt="1" sum="54"/>
<action no="10" player="laramblaa" type="3" discard="1" dealt="1" sum="54"/>
</round>
<round no="3"><cards type="Turn">S3</cards>
<action no="11" player="OndaBianca1" type="5" discard="1" dealt="1" sum="546"/>
<action no="12" player="laramblaa" type="0" discard="1" dealt="1" sum="0"/>
</round>
</game>
<game gamecode="6530654960"><general><startdate>2025-11-14 02:14:16</startdate>
<round>1</round>
<failsafecounter/>
<players><player seat="10" name="KOPKHUNKRAP" chips="505" dealer="0" win="537" bet="266" muck="0" rebuy="0" addon="0" merge="0" rebuychips="0" reg_code="5072613520"/>
<player seat="3" name="OndaBianca1" chips="729" dealer="1" win="0" bet="5" muck="1" rebuy="0" addon="0" merge="0" rebuychips="0" reg_code="5072613426"/>
<player seat="6" name="laramblaa" chips="266" dealer="0" win="0" bet="266" muck="0" rebuy="0" addon="0" merge="0" rebuychips="0" reg_code="5072613440"/>
</players>
</general>
<round no="0"><action no="1" player="laramblaa" type="15" discard="1" dealt="1" sum="5"/>
<action no="2" player="KOPKHUNKRAP" type="15" sum="5"/>
<action no="3" player="OndaBianca1" type="15" discard="1" dealt="1" sum="5"/>
<action no="4" player="laramblaa" type="1" discard="1" dealt="1" sum="20"/>
<action no="5" player="KOPKHUNKRAP" type="2" sum="40"/>
</round>
<round no="1"><cards type="Pocket" player="OndaBianca1">X X</cards>
<cards type="Pocket" player="KOPKHUNKRAP">C9 CA</cards>
<cards type="Pocket" player="laramblaa">CQ H5</cards>
<action no="6" player="OndaBianca1" type="0" discard="1" dealt="1" sum="0"/>
<action no="7" player="laramblaa" type="23" discard="1" dealt="1" sum="261"/>
<action no="8" player="KOPKHUNKRAP" type="3" sum="221"/>
</round>
<round no="2"><cards type="Flop">S10 C7 H8</cards>
</round>
<round no="3"><cards type="Turn">H10</cards>
</round>
<round no="4"><cards type="River">C8</cards>
</round>
</game>
<game gamecode="6530654977"><general><startdate>2025-11-14 02:14:35</startdate>
<round>1</round>
<failsafecounter/>
<players><player seat="3" name="OndaBianca1" chips="724" dealer="0" win="50" bet="45" muck="1" rebuy="0" addon="0" merge="0" rebuychips="0" reg_code="5072613426"/>
<player seat="10" name="KOPKHUNKRAP" chips="776" dealer="1" win="0" bet="25" muck="1" rebuy="0" addon="0" merge="0" rebuychips="0" reg_code="5072613520"/>
</players>
</general>
<round no="0"><action no="1" player="KOPKHUNKRAP" type="15" sum="5"/>
<action no="2" player="OndaBianca1" type="15" discard="1" dealt="1" sum="5"/>
<action no="3" player="KOPKHUNKRAP" type="1" sum="20"/>
<action no="4" player="OndaBianca1" type="2" discard="1" dealt="1" sum="40"/>
</round>
<round no="1"><cards type="Pocket" player="KOPKHUNKRAP">S8 D3</cards>
<cards type="Pocket" player="OndaBianca1">X X</cards>
<action no="5" player="KOPKHUNKRAP" type="0" sum="0"/>
</round>
</game>
<game gamecode="6530654983"><general><startdate>2025-11-14 02:14:43</startdate>
<round>1</round>
<failsafecounter/>
<players><player seat="10" name="KOPKHUNKRAP" chips="751" dealer="0" win="90" bet="45" muck="0" rebuy="0" addon="0" merge="0" rebuychips="0" reg_code="5072613520"/>
<player seat="3" name="OndaBianca1" chips="749" dealer="1" win="0" bet="45" muck="1" rebuy="0" addon="0" merge="0" rebuychips="0" reg_code="5072613426"/>
</players>
</general>
<round no="0"><action no="1" player="OndaBianca1" type="15" discard="1" dealt="1" sum="5"/>
<action no="2" player="KOPKHUNKRAP" type="15" sum="5"/>
<action no="3" player="OndaBianca1" type="1" discard="1" dealt="1" sum="20"/>
<action no="4" player="KOPKHUNKRAP" type="2" sum="40"/>
</round>
<round no="1"><cards type="Pocket" player="OndaBianca1">HQ H5</cards>
<cards type="Pocket" player="KOPKHUNKRAP">H4 C3</cards>
<action no="5" player="OndaBianca1" type="3" discard="1" dealt="1" sum="20"/>
<action no="6" player="KOPKHUNKRAP" type="4" sum="0"/>
</round>
<round no="2"><cards type="Flop">D10 DA S9</cards>
<action no="7" player="KOPKHUNKRAP" type="4" sum="0"/>
<action no="8" player="OndaBianca1" type="4" discard="1" dealt="1" sum="0"/>
</round>
<round no="3"><cards type="Turn">H9</cards>
<action no="9" player="KOPKHUNKRAP" type="4" sum="0"/>
<action no="10" player="OndaBianca1" type="4" discard="1" dealt="1" sum="0"/>
</round>
<round no="4"><cards type="River">C4</cards>
<action no="11" player="KOPKHUNKRAP" type="4" sum="0"/>
<action no="12" player="OndaBianca1" type="4" discard="1" dealt="1" sum="0"/>
</round>
</game>
<game gamecode="6530655015"><general><startdate>2025-11-14 02:15:08</startdate>
<round>1</round>
<failsafecounter/>
<players><player seat="3" name="OndaBianca1" chips="704" dealer="0" win="0" bet="250" muck="1" rebuy="0" addon="0" merge="0" rebuychips="0" reg_code="5072613426"/>
<player seat="10" name="KOPKHUNKRAP" chips="796" dealer="1" win="500" bet="796" muck="1" rebuy="0" addon="0" merge="0" rebuychips="0" reg_code="5072613520"/>
</players>
</general>
<round no="0"><action no="1" player="KOPKHUNKRAP" type="15" sum="5"/>
<action no="2" player="OndaBianca1" type="15" discard="1" dealt="1" sum="5"/>
<action no="3" player="KOPKHUNKRAP" type="1" sum="20"/>
<action no="4" player="OndaBianca1" type="2" discard="1" dealt="1" sum="40"/>
</round>
<round no="1"><cards type="Pocket" player="OndaBianca1">X X</cards>
<cards type="Pocket" player="KOPKHUNKRAP">CA HA</cards>
<action no="5" player="KOPKHUNKRAP" type="3" sum="20"/>
<action no="6" player="OndaBianca1" type="23" discard="1" dealt="1" sum="120"/>
<action no="7" player="KOPKHUNKRAP" type="3" sum="80"/>
</round>
<round no="2"><cards type="Flop">D5 C2 S10</cards>
<action no="8" player="OndaBianca1" type="5" discard="1" dealt="1" sum="125"/>
<action no="9" player="KOPKHUNKRAP" type="3" sum="125"/>
</round>
<round no="3"><cards type="Turn">SQ</cards>
<action no="10" player="OndaBianca1" type="4" discard="1" dealt="1" sum="0"/>
<action no="11" player="KOPKHUNKRAP" type="4" sum="0"/>
</round>
<round no="4"><cards type="River">C3</cards>
<action no="12" player="OndaBianca1" type="4" discard="1" dealt="1" sum="0"/>
<action no="13" player="KOPKHUNKRAP" type="5" sum="546"/>
<action no="14" player="OndaBianca1" type="0" discard="1" dealt="1" sum="0"/>
</round>
</game>
<game gamecode="6530655068"><general><startdate>2025-11-14 02:15:50</startdate>
<round>1</round>
<failsafecounter/>
<players><player seat="10" name="KOPKHUNKRAP" chips="1,046" dealer="0" win="454" bet="454" muck="0" rebuy="0" addon="0" merge="0" rebuychips="0" reg_code="5072613520"/>
<player seat="3" name="OndaBianca1" chips="454" dealer="1" win="454" bet="454" muck="0" rebuy="0" addon="0" merge="0" rebuychips="0" reg_code="5072613426"/>
</players>
</general>
<round no="0"><action no="1" player="OndaBianca1" type="15" discard="1" dealt="1" sum="5"/>
<action no="2" player="KOPKHUNKRAP" type="15" sum="5"/>
<action no="3" player="OndaBianca1" type="1" discard="1" dealt="1" sum="20"/>
<action no="4" player="KOPKHUNKRAP" type="2" sum="40"/>
</round>
<round no="1"><cards type="Pocket" player="OndaBianca1">C8 H7</cards>
<cards type="Pocket" player="KOPKHUNKRAP">S7 D8</cards>
<action no="5" player="OndaBianca1" type="3" discard="1" dealt="1" sum="20"/>
<action no="6" player="KOPKHUNKRAP" type="4" sum="0"/>
</round>
<round no="2"><cards type="Flop">H5 C4 SQ</cards>
<action no="7" player="KOPKHUNKRAP" type="4" sum="0"/>
<action no="8" player="OndaBianca1" type="4" discard="1" dealt="1" sum="0"/>
</round>
<round no="3"><cards type="Turn">D10</cards>
<action no="9" player="KOPKHUNKRAP" type="4" sum="0"/>
<action no="10" player="OndaBianca1" type="4" discard="1" dealt="1" sum="0"/>
</round>
<round no="4"><cards type="River">C6</cards>
<action no="11" player="KOPKHUNKRAP" type="5" sum="90"/>
<action no="12" player="OndaBianca1" type="23" discard="1" dealt="1" sum="409"/>
<action no="13" player="KOPKHUNKRAP" type="3" sum="319"/>
</round>
</game>
<game gamecode="6530655109"><general><startdate>2025-11-14 02:16:19</startdate>
<round>1</round>
<failsafecounter/>
<players><player seat="3" name="OndaBianca1" chips="454" dealer="0" win="70" bet="65" muck="1" rebuy="0" addon="0" merge="0" rebuychips="0" reg_code="5072613426"/>
<player seat="10" name="KOPKHUNKRAP" chips="1,046" dealer="1" win="0" bet="35" muck="1" rebuy="0" addon="0" merge="0" rebuychips="0" reg_code="5072613520"/>
</players>
</general>
<round no="0"><action no="1" player="KOPKHUNKRAP" type="15" sum="5"/>
<action no="2" player="OndaBianca1" type="15" discard="1" dealt="1" sum="5"/>
<action no="3" player="KOPKHUNKRAP" type="1" sum="30"/>
<action no="4" player="OndaBianca1" type="2" discard="1" dealt="1" sum="60"/>
</round>
<round no="1"><cards type="Pocket" player="KOPKHUNKRAP">H4 C9</cards>
<cards type="Pocket" player="OndaBianca1">X X</cards>
<action no="5" player="KOPKHUNKRAP" type="0" sum="0"/>
</round>
</game>
<game gamecode="6530655119"><general><startdate>2025-11-14 02:16:24</startdate>
<round>1</round>
<failsafecounter/>
<players><player seat="10" name="KOPKHUNKRAP" chips="1,011" dealer="0" win="0" bet="489" muck="1" rebuy="0" addon="0" merge="0" rebuychips="0" reg_code="5072613520"/>
<player seat="3" name="OndaBianca1" chips="489" dealer="1" win="978" bet="489" muck="0" rebuy="0" addon="0" merge="0" rebuychips="0" reg_code="5072613426"/>
</players>
</general>
<round no="0"><action no="1" player="OndaBianca1" type="15" discard="1" dealt="1" sum="5"/>
<action no="2" player="KOPKHUNKRAP" type="15" sum="5"/>
<action no="3" player="OndaBianca1" type="1" discard="1" dealt="1" sum="30"/>
<action no="4" player="KOPKHUNKRAP" type="2" sum="60"/>
</round>
<round no="1"><cards type="Pocket" player="KOPKHUNKRAP">CJ DQ</cards>
<cards type="Pocket" player="OndaBianca1">HK DJ</cards>
<action no="5" player="OndaBianca1" type="23" discard="1" dealt="1" sum="484"/>
<action no="6" player="KOPKHUNKRAP" type="3" sum="424"/>
</round>
<round no="2"><cards type="Flop">C8 D10 C7</cards>
</round>
<round no="3"><cards type="Turn">D3</cards>
</round>
<round no="4"><cards type="River">CA</cards>
</round>
</game>
<game gamecode="6530655140"><general><startdate>2025-11-14 02:16:40</startdate>
<round>1</round>
<failsafecounter/>
<players><player seat="3" name="OndaBianca1" chips="978" dealer="0" win="1,044" bet="522" muck="0" rebuy="0" addon="0" merge="0" rebuychips="0" reg_code="5072613426"/>
<player seat="10" name="KOPKHUNKRAP" chips="522" dealer="1" win="0" bet="522" muck="0" rebuy="0" addon="0" merge="0" rebuychips="0" reg_code="5072613520"/>
</players>
</general>
<round no="0"><action no="1" player="KOPKHUNKRAP" type="15" sum="5"/>
<action no="2" player="OndaBianca1" type="15" discard="1" dealt="1" sum="5"/>
<action no="3" player="KOPKHUNKRAP" type="1" sum="30"/>
<action no="4" player="OndaBianca1" type="2" discard="1" dealt="1" sum="60"/>
</round>
<round no="1"><cards type="Pocket" player="OndaBianca1">D7 DJ</cards>
<cards type="Pocket" player="KOPKHUNKRAP">S6 C7</cards>
<action no="5" player="KOPKHUNKRAP" type="23" sum="517"/>
<action no="6" player="OndaBianca1" type="3" discard="1" dealt="1" sum="457"/>
</round>
<round no="2"><cards type="Flop">HJ C9 D8</cards>
</round>
<round no="3"><cards type="Turn">HQ</cards>
</round>
<round no="4"><cards type="River">CK</cards>
</round>
</game>
</session>
