<?xml version="1.0" encoding="UTF-8"?>
<session sessioncode="5072611170">
<general>
<client_version>24.7.1.15</client_version>
<mode>real</mode>
<gametype>Holdem NL</gametype>
<tablename>Twister €200 SNG, 821642327</tablename>
<tournamentcode>821642326</tournamentcode>
<tournamentname>Twister €200 SNG</tournamentname>
<buyin>€0 + €12 + €188</buyin>
<totalbuyin>€200</totalbuyin>
<rewarddrawn>€600</rewarddrawn>
<tournamentcurrency>EUR</tournamentcurrency>
<currency>EUR</currency>
<nickname>KOPKHUNKRAP</nickname>
<gamecount>20</gamecount>
<startdate>2025-11-14 01:47:32</startdate>
<place>1</place>
<win>€600</win>
<tablesize>3</tablesize>
</general>
<game gamecode="6530641058"><general><startdate>2025-11-14 01:47:47</startdate>
<round>1</round>
<failsafecounter/>
<players><player seat="6" name="OndaBianca1" chips="500" dealer="0" win="20" bet="20" muck="1" rebuy="0" addon="0" merge="0" rebuychips="0" reg_code="5072611177"/>
<player seat="10" name="q823focsani" chips="500" dealer="1" win="0" bet="0" muck="1" rebuy="0" addon="0" merge="0" rebuychips="0" reg_code="5072611185"/>
<player seat="3" name="KOPKHUNKRAP" chips="500" dealer="0" win="0" bet="10" muck="1" rebuy="0" addon="0" merge="0" rebuychips="0" reg_code="5072611170"/>
</players>
</general>
<round no="0"><action no="1" player="KOPKHUNKRAP" type="1" sum="10"/>
<action no="2" player="OndaBianca1" type="2" discard="1" dealt="1" sum="20"/>
</round>
<round no="1"><cards type="Pocket" player="OndaBianca1">X X</cards>
<cards type="Pocket" player="q823focsani">X X</cards>
<cards type="Pocket" player="KOPKHUNKRAP">H2 SQ</cards>
<action no="3" player="q823focsani" type="0" discard="1" dealt="1" sum="0"/>
<action no="4" player="KOPKHUNKRAP" type="0" sum="0"/>
</round>
</game>
<game gamecode="6530641078"><general><startdate>2025-11-14 01:47:57</startdate>
<round>1</round>
<failsafecounter/>
<players><player seat="10" name="q823focsani" chips="500" dealer="0" win="40" bet="60" muck="1" rebuy="0" addon="0" merge="0" rebuychips="0" reg_code="5072611185"/>
<player seat="3" name="KOPKHUNKRAP" chips="490" dealer="1" win="0" bet="0" muck="1" rebuy="0" addon="0" merge="0" rebuychips="0" reg_code="5072611170"/>
<player seat="6" name="OndaBianca1" chips="510" dealer="0" win="0" bet="20" muck="1" rebuy="0" addon="0" merge="0" rebuychips="0" reg_code="5072611177"/>
</players>
</general>
<round no="0"><action no="1" player="OndaBianca1" type="1" discard="1" dealt="1" sum="10"/>
<action no="2" player="q823focsani" type="2" discard="1" dealt="1" sum="20"/>
</round>
<round no="1"><cards type="Pocket" player="OndaBianca1">X X</cards>
<cards type="Pocket" player="KOPKHUNKRAP">H5 D2</cards>
<cards type="Pocket" player="q823focsani">X X</cards>
<action no="3" player="KOPKHUNKRAP" type="0" sum="0"/>
<action no="4" player="OndaBianca1" type="3" discard="1" dealt="1" sum="10"/>
<action no="5" player="q823focsani" type="23" discard="1" dealt="1" sum="60"/>
<action no="6" player="OndaBianca1" type="0" discard="1" dealt="1" sum="0"/>
</round>
</game>
<game gamecode="6530641109"><general><startdate>2025-11-14 01:48:13</startdate>
<round>1</round>
<failsafecounter/>
<players><player seat="3" name="KOPKHUNKRAP" chips="490" dealer="0" win="0" bet="20" muck="1" rebuy="0" addon="0" merge="0" rebuychips="0" reg_code="5072611170"/>
<player seat="6" name="OndaBianca1" chips="490" dealer="1" win="0" bet="0" muck="1" rebuy="0" addon="0" merge="0" rebuychips="0" reg_code="5072611177"/>
<player seat="10" name="q823focsani" chips="520" dealer="0" win="40" bet="60" muck="1" rebuy="0" addon="0" merge="0" rebuychips="0" reg_code="5072611185"/>
</players>
</general>
<round no="0"><action no="1" player="q823focsani" type="1" discard="1" dealt="1" sum="10"/>
<action no="2" player="KOPKHUNKRAP" type="2" sum="20"/>
</round>
<round no="1"><cards type="Pocket" player="q823focsani">X X</cards>
<cards type="Pocket" player="OndaBianca1">X X</cards>
<cards type="Pocket" player="KOPKHUNKRAP">CQ S4</cards>
<action no="3" player="OndaBianca1" type="0" discard="1" dealt="1" sum="0"/>
<action no="4" player="q823focsani" type="23" discard="1" dealt="1" sum="60"/>
<action no="5" player="KOPKHUNKRAP" type="0" sum="0"/>
</round>
</game>
<game gamecode="6530641136"><general><startdate>2025-11-14 01:48:28</startdate>
<round>1</round>
<failsafecounter/>
<players><player seat="6" name="OndaBianca1" chips="490" dealer="0" win="0" bet="20" muck="1" rebuy="0" addon="0" merge="0" rebuychips="0" reg_code="5072611177"/>
<player seat="10" name="q823focsani" chips="540" dealer="1" win="0" bet="0" muck="1" rebuy="0" addon="0" merge="0" rebuychips="0" reg_code="5072611185"/>
<player seat="3" name="KOPKHUNKRAP" chips="470" dealer="0" win="40" bet="60" muck="1" rebuy="0" addon="0" merge="0" rebuychips="0" reg_code="5072611170"/>
</players>
</general>
<round no="0"><action no="1" player="KOPKHUNKRAP" type="1" sum="10"/>
<action no="2" player="OndaBianca1" type="2" discard="1" dealt="1" sum="20"/>
</round>
<round no="1"><cards type="Pocket" player="KOPKHUNKRAP">C8 C7</cards>
<cards type="Pocket" player="OndaBianca1">X X</cards>
<cards type="Pocket" player="q823focsani">X X</cards>
<action no="3" player="q823focsani" type="0" discard="1" dealt="1" sum="0"/>
<action no="4" player="KOPKHUNKRAP" type="23" sum="60"/>
<action no="5" player="OndaBianca1" type="0" discard="1" dealt="1" sum="0"/>
</round>
</game>
<game gamecode="6530641155"><general><startdate>2025-11-14 01:48:39</startdate>
<round>1</round>
<failsafecounter/>
<players><player seat="10" name="q823focsani" chips="540" dealer="0" win="0" bet="60" muck="1" rebuy="0" addon="0" merge="0" rebuychips="0" reg_code="5072611185"/>
<player seat="3" name="KOPKHUNKRAP" chips="490" dealer="1" win="0" bet="0" muck="1" rebuy="0" addon="0" merge="0" rebuychips="0" reg_code="5072611170"/>
<player seat="6" name="OndaBianca1" chips="470" dealer="0" win="120" bet="60" muck="0" rebuy="0" addon="0" merge="0" rebuychips="0" reg_code="5072611177"/>
</players>
</general>
<round no="0"><action no="1" player="OndaBianca1" type="1" discard="1" dealt="1" sum="10"/>
<action no="2" player="q823focsani" type="2" discard="1" dealt="1" sum="20"/>
</round>
<round no="1"><cards type="Pocket" player="OndaBianca1">S8 D10</cards>
<cards type="Pocket" player="q823focsani">S5 D3</cards>
<cards type="Pocket" player="KOPKHUNKRAP">S9 H8</cards>
<action no="3" player="KOPKHUNKRAP" type="0" sum="0"/>
<action no="4" player="OndaBianca1" type="3" discard="1" dealt="1" sum="10"/>
<action no="5" player="q823focsani" type="4" discard="1" dealt="1" sum="0"/>
</round>
<round no="2"><cards type="Flop">D7 SJ C8</cards>
<action no="6" player="OndaBianca1" type="4" discard="1" dealt="1" sum="0"/>
<action no="7" player="q823focsani" type="5" discard="1" dealt="1" sum="40"/>
<action no="8" player="OndaBianca1" type="3" discard="1" dealt="1" sum="40"/>
</round>
<round no="3"><cards type="Turn">CQ</cards>
<action no="9" player="OndaBianca1" type="4" discard="1" dealt="1" sum="0"/>
<action no="10" player="q823focsani" type="4" discard="1" dealt="1" sum="0"/>
</round>
<round no="4"><cards type="River">CK</cards>
<action no="11" player="OndaBianca1" type="4" discard="1" dealt="1" sum="0"/>
<action no="12" player="q823focsani" type="4" discard="1" dealt="1" sum="0"/>
</round>
</game>
<game gamecode="6530641218"><general><startdate>2025-11-14 01:49:15</startdate>
<round>1</round>
<failsafecounter/>
<players><player seat="3" name="KOPKHUNKRAP" chips="490" dealer="0" win="40" bet="40" muck="1" rebuy="0" addon="0" merge="0" rebuychips="0" reg_code="5072611170"/>
<player seat="6" name="OndaBianca1" chips="530" dealer="1" win="0" bet="0" muck="1" rebuy="0" addon="0" merge="0" rebuychips="0" reg_code="5072611177"/>
<player seat="10" name="q823focsani" chips="480" dealer="0" win="0" bet="20" muck="1" rebuy="0" addon="0" merge="0" rebuychips="0" reg_code="5072611185"/>
</players>
</general>
<round no="0"><action no="1" player="q823focsani" type="1" discard="1" dealt="1" sum="10"/>
<action no="2" player="KOPKHUNKRAP" type="2" sum="20"/>
</round>
<round no="1"><cards type="Pocket" player="OndaBianca1">X X</cards>
<cards type="Pocket" player="q823focsani">X X</cards>
<cards type="Pocket" player="KOPKHUNKRAP">H2 CJ</cards>
<action no="3" player="OndaBianca1" type="0" discard="1" dealt="1" sum="0"/>
<action no="4" player="q823focsani" type="3" discard="1" dealt="1" sum="10"/>
<action no="5" player="KOPKHUNKRAP" type="4" sum="0"/>
</round>
<round no="2"><cards type="Flop">H8 C8 S3</cards>
<action no="6" player="q823focsani" type="4" discard="1" dealt="1" sum="0"/>
<action no="7" player="KOPKHUNKRAP" type="4" sum="0"/>
</round>
<round no="3"><cards type="Turn">C7</cards>
<action no="8" player="q823focsani" type="4" discard="1" dealt="1" sum="0"/>
<action no="9" player="KOPKHUNKRAP" type="4" sum="0"/>
</round>
<round no="4"><cards type="River">C9</cards>
<action no="10" player="q823focsani" type="4" discard="1" dealt="1" sum="0"/>
<action no="11" player="KOPKHUNKRAP" type="5" sum="20"/>
<action no="12" player="q823focsani" type="0" discard="1" dealt="1" sum="0"/>
</round>
</game>
<game gamecode="6530641287"><general><startdate>2025-11-14 01:49:56</startdate>
<round>1</round>
<failsafecounter/>
<players><player seat="6" name="OndaBianca1" chips="530" dealer="0" win="0" bet="35" muck="1" rebuy="0" addon="0" merge="0" rebuychips="0" reg_code="5072611177"/>
<player seat="10" name="q823focsani" chips="460" dealer="1" win="90" bet="95" muck="1" rebuy="0" addon="0" merge="0" rebuychips="0" reg_code="5072611185"/>
<player seat="3" name="KOPKHUNKRAP" chips="510" dealer="0" win="0" bet="20" muck="1" rebuy="0" addon="0" merge="0" rebuychips="0" reg_code="5072611170"/>
</players>
</general>
<round no="0"><action no="1" player="KOPKHUNKRAP" type="15" sum="5"/>
<action no="2" player="OndaBianca1" type="15" discard="1" dealt="1" sum="5"/>
<action no="3" player="q823focsani" type="15" discard="1" dealt="1" sum="5"/>
<action no="4" player="KOPKHUNKRAP" type="1" sum="15"/>
<action no="5" player="OndaBianca1" type="2" discard="1" dealt="1" sum="30"/>
</round>
<round no="1"><cards type="Pocket" player="OndaBianca1">X X</cards>
<cards type="Pocket" player="KOPKHUNKRAP">CQ HK</cards>
<cards type="Pocket" player="q823focsani">X X</cards>
<action no="6" player="q823focsani" type="23" discard="1" dealt="1" sum="90"/>
<action no="7" player="KOPKHUNKRAP" type="0" sum="0"/>
<action no="8" player="OndaBianca1" type="0" discard="1" dealt="1" sum="0"/>
</round>
</game>
<game gamecode="6530641315"><general><startdate>2025-11-14 01:50:16</startdate>
<round>1</round>
<failsafecounter/>
<players><player seat="10" name="q823focsani" chips="515" dealer="0" win="0" bet="170" muck="1" rebuy="0" addon="0" merge="0" rebuychips="0" reg_code="5072611185"/>
<player seat="3" name="KOPKHUNKRAP" chips="490" dealer="1" win="360" bet="170" muck="0" rebuy="0" addon="0" merge="0" rebuychips="0" reg_code="5072611170"/>
<player seat="6" name="OndaBianca1" chips="495" dealer="0" win="0" bet="20" muck="1" rebuy="0" addon="0" merge="0" rebuychips="0" reg_code="5072611177"/>
</players>
</general>
<round no="0"><action no="1" player="OndaBianca1" type="15" discard="1" dealt="1" sum="5"/>
<action no="2" player="q823focsani" type="15" discard="1" dealt="1" sum="5"/>
<action no="3" player="KOPKHUNKRAP" type="15" sum="5"/>
<action no="4" player="OndaBianca1" type="1" discard="1" dealt="1" sum="15"/>
<action no="5" player="q823focsani" type="2" discard="1" dealt="1" sum="30"/>
</round>
<round no="1"><cards type="Pocket" player="KOPKHUNKRAP">H10 S10</cards>
<cards type="Pocket" player="OndaBianca1">X X</cards>
<cards type="Pocket" player="q823focsani">HJ C7</cards>
<action no="6" player="KOPKHUNKRAP" type="23" sum="60"/>
<action no="7" player="OndaBianca1" type="0" discard="1" dealt="1" sum="0"/>
<action no="8" player="q823focsani" type="3" discard="1" dealt="1" sum="30"/>
</round>
<round no="2"><cards type="Flop">S7 CQ D3</cards>
<action no="9" player="q823focsani" type="4" discard="1" dealt="1" sum="0"/>
<action no="10" player="KOPKHUNKRAP" type="4" sum="0"/>
</round>
<round no="3"><cards type="Turn">C8</cards>
<action no="11" player="q823focsani" type="5" discard="1" dealt="1" sum="45"/>
<action no="12" player="KOPKHUNKRAP" type="3" sum="45"/>
</round>
<round no="4"><cards type="River">HK</cards>
<action no="13" player="q823focsani" type="4" discard="1" dealt="1" sum="0"/>
<action no="14" player="KOPKHUNKRAP" type="5" sum="60"/>
<action no="15" player="q823focsani" type="3" discard="1" dealt="1" sum="60"/>
</round>
</game>
<game gamecode="6530641369"><general><startdate>2025-11-14 01:50:47</startdate>
<round>1</round>
<failsafecounter/>
<players><player seat="3" name="KOPKHUNKRAP" chips="680" dealer="0" win="75" bet="680" muck="1" rebuy="0" addon="0" merge="0" rebuychips="0" reg_code="5072611170"/>
<player seat="6" name="OndaBianca1" chips="475" dealer="1" win="0" bet="5" muck="1" rebuy="0" addon="0" merge="0" rebuychips="0" reg_code="5072611177"/>
<player seat="10" name="q823focsani" chips="345" dealer="0" win="0" bet="35" muck="1" rebuy="0" addon="0" merge="0" rebuychips="0" reg_code="5072611185"/>
</players>
</general>
<round no="0"><action no="1" player="q823focsani" type="15" discard="1" dealt="1" sum="5"/>
<action no="2" player="KOPKHUNKRAP" type="15" sum="5"/>
<action no="3" player="OndaBianca1" type="15" discard="1" dealt="1" sum="5"/>
<action no="4" player="q823focsani" type="1" discard="1" dealt="1" sum="15"/>
<action no="5" player="KOPKHUNKRAP" type="2" sum="30"/>
</round>
<round no="1"><cards type="Pocket" player="q823focsani">X X</cards>
<cards type="Pocket" player="KOPKHUNKRAP">CJ SK</cards>
<cards type="Pocket" player="OndaBianca1">X X</cards>
<action no="6" player="OndaBianca1" type="0" discard="1" dealt="1" sum="0"/>
<action no="7" player="q823focsani" type="3" discard="1" dealt="1" sum="15"/>
<action no="8" player="KOPKHUNKRAP" type="23" sum="675"/>
<action no="9" player="q823focsani" type="0" discard="1" dealt="1" sum="0"/>
</round>
</game>
<game gamecode="6530641385"><general><startdate>2025-11-14 01:50:58</startdate>
<round>1</round>
<failsafecounter/>
<players><player seat="6" name="OndaBianca1" chips="470" dealer="0" win="0" bet="110" muck="1" rebuy="0" addon="0" merge="0" rebuychips="0" reg_code="5072611177"/>
<player seat="10" name="q823focsani" chips="310" dealer="1" win="240" bet="110" muck="0" rebuy="0" addon="0" merge="0" rebuychips="0" reg_code="5072611185"/>
<player seat="3" name="KOPKHUNKRAP" chips="720" dealer="0" win="0" bet="20" muck="1" rebuy="0" addon="0" merge="0" rebuychips="0" reg_code="5072611170"/>
</players>
</general>
<round no="0"><action no="1" player="KOPKHUNKRAP" type="15" sum="5"/>
<action no="2" player="OndaBianca1" type="15" discard="1" dealt="1" sum="5"/>
<action no="3" player="q823focsani" type="15" discard="1" dealt="1" sum="5"/>
<action no="4" player="KOPKHUNKRAP" type="1" sum="15"/>
<action no="5" player="OndaBianca1" type="2" discard="1" dealt="1" sum="30"/>
</round>
<round no="1"><cards type="Pocket" player="OndaBianca1">C5 C7</cards>
<cards type="Pocket" player="KOPKHUNKRAP">C6 D4</cards>
<cards type="Pocket" player="q823focsani">C10 D7</cards>
<action no="6" player="q823focsani" type="3" discard="1" dealt="1" sum="30"/>
<action no="7" player="KOPKHUNKRAP" type="0" sum="0"/>
<action no="8" player="OndaBianca1" type="4" discard="1" dealt="1" sum="0"/>
</round>
<round no="2"><cards type="Flop">H5 DJ CQ</cards>
<action no="9" player="OndaBianca1" type="4" discard="1" dealt="1" sum="0"/>
<action no="10" player="q823focsani" type="4" discard="1" dealt="1" sum="0"/>
</round>
<round no="3"><cards type="Turn">C9</cards>
<action no="11" player="OndaBianca1" type="5" discard="1" dealt="1" sum="45"/>
<action no="12" player="q823focsani" type="3" discard="1" dealt="1" sum="45"/>
</round>
<round no="4"><cards type="River">HK</cards>
<action no="13" player="OndaBianca1" type="4" discard="1" dealt="1" sum="0"/>
<action no="14" player="q823focsani" type="5" discard="1" dealt="1" sum="30"/>
<action no="15" player="OndaBianca1" type="3" discard="1" dealt="1" sum="30"/>
</round>
</game>
<game gamecode="6530641430"><general><startdate>2025-11-14 01:51:25</startdate>
<round>1</round>
<failsafecounter/>
<players><player seat="10" name="q823focsani" chips="440" dealer="0" win="0" bet="45" muck="1" rebuy="0" addon="0" merge="0" rebuychips="0" reg_code="5072611185"/>
<player seat="3" name="KOPKHUNKRAP" chips="700" dealer="1" win="0" bet="5" muck="1" rebuy="0" addon="0" merge="0" rebuychips="0" reg_code="5072611170"/>
<player seat="6" name="OndaBianca1" chips="360" dealer="0" win="95" bet="360" muck="1" rebuy="0" addon="0" merge="0" rebuychips="0" reg_code="5072611177"/>
</players>
</general>
<round no="0"><action no="1" player="OndaBianca1" type="15" discard="1" dealt="1" sum="5"/>
<action no="2" player="q823focsani" type="15" discard="1" dealt="1" sum="5"/>
<action no="3" player="KOPKHUNKRAP" type="15" sum="5"/>
<action no="4" player="OndaBianca1" type="1" discard="1" dealt="1" sum="20"/>
<action no="5" player="q823focsani" type="2" discard="1" dealt="1" sum="40"/>
</round>
<round no="1"><cards type="Pocket" player="q823focsani">X X</cards>
<cards type="Pocket" player="KOPKHUNKRAP">C5 S2</cards>
<cards type="Pocket" player="OndaBianca1">X X</cards>
<action no="6" player="KOPKHUNKRAP" type="0" sum="0"/>
<action no="7" player="OndaBianca1" type="23" discard="1" dealt="1" sum="355"/>
<action no="8" player="q823focsani" type="0" discard="1" dealt="1" sum="0"/>
</round>
</game>
<game gamecode="6530641449"><general><startdate>2025-11-14 01:51:37</startdate>
<round>1</round>
<failsafecounter/>
<players><player seat="3" name="KOPKHUNKRAP" chips="695" dealer="0" win="0" bet="45" muck="1" rebuy="0" addon="0" merge="0" rebuychips="0" reg_code="5072611170"/>
<player seat="6" name="OndaBianca1" chips="410" dealer="1" win="0" bet="5" muck="1" rebuy="0" addon="0" merge="0" rebuychips="0" reg_code="5072611177"/>
<player seat="10" name="q823focsani" chips="395" dealer="0" win="95" bet="85" muck="1" rebuy="0" addon="0" merge="0" rebuychips="0" reg_code="5072611185"/>
</players>
</general>
<round no="0"><action no="1" player="q823focsani" type="15" discard="1" dealt="1" sum="5"/>
<action no="2" player="KOPKHUNKRAP" type="15" sum="5"/>
<action no="3" player="OndaBianca1" type="15" discard="1" dealt="1" sum="5"/>
<action no="4" player="q823focsani" type="1" discard="1" dealt="1" sum="20"/>
<action no="5" player="KOPKHUNKRAP" type="2" sum="40"/>
</round>
<round no="1"><cards type="Pocket" player="OndaBianca1">X X</cards>
<cards type="Pocket" player="q823focsani">X X</cards>
<cards type="Pocket" player="KOPKHUNKRAP">D2 S9</cards>
<action no="6" player="OndaBianca1" type="0" discard="1" dealt="1" sum="0"/>
<action no="7" player="q823focsani" type="23" discard="1" dealt="1" sum="80"/>
<action no="8" player="KOPKHUNKRAP" type="0" sum="0"/>
</round>
</game>
<game gamecode="6530641468"><general><startdate>2025-11-14 01:51:50</startdate>
<round>1</round>
<failsafecounter/>
<players><player seat="6" name="OndaBianca1" chips="405" dealer="0" win="0" bet="45" muck="1" rebuy="0" addon="0" merge="0" rebuychips="0" reg_code="5072611177"/>
<player seat="10" name="q823focsani" chips="445" dealer="1" win="115" bet="85" muck="1" rebuy="0" addon="0" merge="0" rebuychips="0" reg_code="5072611185"/>
<player seat="3" name="KOPKHUNKRAP" chips="650" dealer="0" win="0" bet="25" muck="1" rebuy="0" addon="0" merge="0" rebuychips="0" reg_code="5072611170"/>
</players>
</general>
<round no="0"><action no="1" player="KOPKHUNKRAP" type="15" sum="5"/>
<action no="2" player="OndaBianca1" type="15" discard="1" dealt="1" sum="5"/>
<action no="3" player="q823focsani" type="15" discard="1" dealt="1" sum="5"/>
<action no="4" player="KOPKHUNKRAP" type="1" sum="20"/>
<action no="5" player="OndaBianca1" type="2" discard="1" dealt="1" sum="40"/>
</round>
<round no="1"><cards type="Pocket" player="KOPKHUNKRAP">D6 SA</cards>
<cards type="Pocket" player="q823focsani">X X</cards>
<cards type="Pocket" player="OndaBianca1">X X</cards>
<action no="6" player="q823focsani" type="23" discard="1" dealt="1" sum="80"/>
<action no="7" player="KOPKHUNKRAP" type="0" sum="0"/>
<action no="8" player="OndaBianca1" type="0" discard="1" dealt="1" sum="0"/>
</round>
</game>
<game gamecode="6530641489"><general><startdate>2025-11-14 01:52:03</startdate>
<round>1</round>
<failsafecounter/>
<players><player seat="10" name="q823focsani" chips="515" dealer="0" win="0" bet="45" muck="1" rebuy="0" addon="0" merge="0" rebuychips="0" reg_code="5072611185"/>
<player seat="3" name="KOPKHUNKRAP" chips="625" dealer="1" win="115" bet="625" muck="1" rebuy="0" addon="0" merge="0" rebuychips="0" reg_code="5072611170"/>
<player seat="6" name="OndaBianca1" chips="360" dealer="0" win="0" bet="25" muck="1" rebuy="0" addon="0" merge="0" rebuychips="0" reg_code="5072611177"/>
</players>
</general>
<round no="0"><action no="1" player="OndaBianca1" type="15" discard="1" dealt="1" sum="5"/>
<action no="2" player="q823focsani" type="15" discard="1" dealt="1" sum="5"/>
<action no="3" player="KOPKHUNKRAP" type="15" sum="5"/>
<action no="4" player="OndaBianca1" type="1" discard="1" dealt="1" sum="20"/>
<action no="5" player="q823focsani" type="2" discard="1" dealt="1" sum="40"/>
</round>
<round no="1"><cards type="Pocket" player="OndaBianca1">X X</cards>
<cards type="Pocket" player="q823focsani">X X</cards>
<cards type="Pocket" player="KOPKHUNKRAP">C10 CA</cards>
<action no="6" player="KOPKHUNKRAP" type="23" sum="620"/>
<action no="7" player="OndaBianca1" type="0" discard="1" dealt="1" sum="0"/>
<action no="8" player="q823focsani" type="0" discard="1" dealt="1" sum="0"/>
</round>
</game>
<game gamecode="6530641510"><general><startdate>2025-11-14 01:52:18</startdate>
<round>1</round>
<failsafecounter/>
<players><player seat="3" name="KOPKHUNKRAP" chips="695" dealer="0" win="0" bet="45" muck="1" rebuy="0" addon="0" merge="0" rebuychips="0" reg_code="5072611170"/>
<player seat="6" name="OndaBianca1" chips="335" dealer="1" win="0" bet="5" muck="1" rebuy="0" addon="0" merge="0" rebuychips="0" reg_code="5072611177"/>
<player seat="10" name="q823focsani" chips="470" dealer="0" win="95" bet="125" muck="1" rebuy="0" addon="0" merge="0" rebuychips="0" reg_code="5072611185"/>
</players>
</general>
<round no="0"><action no="1" player="q823focsani" type="15" discard="1" dealt="1" sum="5"/>
<action no="2" player="KOPKHUNKRAP" type="15" sum="5"/>
<action no="3" player="OndaBianca1" type="15" discard="1" dealt="1" sum="5"/>
<action no="4" player="q823focsani" type="1" discard="1" dealt="1" sum="20"/>
<action no="5" player="KOPKHUNKRAP" type="2" sum="40"/>
</round>
<round no="1"><cards type="Pocket" player="KOPKHUNKRAP">H8 DQ</cards>
<cards type="Pocket" player="OndaBianca1">X X</cards>
<cards type="Pocket" player="q823focsani">X X</cards>
<action no="6" player="OndaBianca1" type="0" discard="1" dealt="1" sum="0"/>
<action no="7" player="q823focsani" type="23" discard="1" dealt="1" sum="120"/>
<action no="8" player="KOPKHUNKRAP" type="0" sum="0"/>
</round>
</game>
<game gamecode="6530645551"><general><startdate>2025-11-14 01:52:40</startdate>
<round>1</round>
<failsafecounter/>
<players><player seat="6" name="OndaBianca1" chips="330" dealer="0" win="0" bet="330" muck="1" rebuy="0" addon="0" merge="0" rebuychips="0" reg_code="5072611177"/>
<player seat="10" name="q823focsani" chips="520" dealer="1" win="0" bet="5" muck="1" rebuy="0" addon="0" merge="0" rebuychips="0" reg_code="5072611185"/>
<player seat="3" name="KOPKHUNKRAP" chips="650" dealer="0" win="665" bet="650" muck="0" rebuy="0" addon="0" merge="0" rebuychips="0" reg_code="5072611170"/>
</players>
</general>
<round no="0"><action no="1" player="KOPKHUNKRAP" type="15" sum="5"/>
<action no="2" player="OndaBianca1" type="15" discard="1" dealt="1" sum="5"/>
<action no="3" player="q823focsani" type="15" discard="1" dealt="1" sum="5"/>
<action no="4" player="KOPKHUNKRAP" type="1" sum="20"/>
<action no="5" player="OndaBianca1" type="2" discard="1" dealt="1" sum="40"/>
</round>
<round no="1"><cards type="Pocket" player="q823focsani">X X</cards>
<cards type="Pocket" player="OndaBianca1">S6 SK</cards>
<cards type="Pocket" player="KOPKHUNKRAP">H9 DA</cards>
<action no="6" player="q823focsani" type="0" discard="1" dealt="1" sum="0"/>
<action no="7" player="KOPKHUNKRAP" type="23" sum="645"/>
<action no="8" player="OndaBianca1" type="7" discard="1" dealt="1" sum="285"/>
</round>
<round no="2"><cards type="Flop">S8 S7 C6</cards>
</round>
<round no="3"><cards type="Turn">D10</cards>
</round>
<round no="4"><cards type="River">D8</cards>
</round>
</game>
<game gamecode="6530645587"><general><startdate>2025-11-14 01:53:00</startdate>
<round>1</round>
<failsafecounter/>
<players><player seat="10" name="q823focsani" chips="515" dealer="0" win="0" bet="65" muck="1" rebuy="0" addon="0" merge="0" rebuychips="0" reg_code="5072611185"/>
<player seat="3" name="KOPKHUNKRAP" chips="985" dealer="1" win="130" bet="985" muck="1" rebuy="0" addon="0" merge="0" rebuychips="0" reg_code="5072611170"/>
</players>
</general>
<round no="0"><action no="1" player="KOPKHUNKRAP" type="15" sum="5"/>
<action no="2" player="q823focsani" type="15" discard="1" dealt="1" sum="5"/>
<action no="3" player="KOPKHUNKRAP" type="1" sum="30"/>
<action no="4" player="q823focsani" type="2" discard="1" dealt="1" sum="60"/>
</round>
<round no="1"><cards type="Pocket" player="KOPKHUNKRAP">H9 CK</cards>
<cards type="Pocket" player="q823focsani">X X</cards>
<action no="5" player="KOPKHUNKRAP" type="23" sum="980"/>
<action no="6" player="q823focsani" type="0" discard="1" dealt="1" sum="0"/>
</round>
</game>
<game gamecode="6530645603"><general><startdate>2025-11-14 01:53:10</startdate>
<round>1</round>
<failsafecounter/>
<players><player seat="3" name="KOPKHUNKRAP" chips="1,050" dealer="0" win="0" bet="65" muck="1" rebuy="0" addon="0" merge="0" rebuychips="0" reg_code="5072611170"/>
<player seat="10" name="q823focsani" chips="450" dealer="1" win="130" bet="245" muck="1" rebuy="0" addon="0" merge="0" rebuychips="0" reg_code="5072611185"/>
</players>
</general>
<round no="0"><action no="1" player="q823focsani" type="15" discard="1" dealt="1" sum="5"/>
<action no="2" player="KOPKHUNKRAP" type="15" sum="5"/>
<action no="3" player="q823focsani" type="1" discard="1" dealt="1" sum="30"/>
<action no="4" player="KOPKHUNKRAP" type="2" sum="60"/>
</round>
<round no="1"><cards type="Pocket" player="KOPKHUNKRAP">H9 C8</cards>
<cards type="Pocket" player="q823focsani">X X</cards>
<action no="5" player="q823focsani" type="23" discard="1" dealt="1" sum="240"/>
<action no="6" player="KOPKHUNKRAP" type="0" sum="0"/>
</round>
</game>
<game gamecode="6530645629"><general><startdate>2025-11-14 01:53:21</startdate>
<round>1</round>
<failsafecounter/>
<players><player seat="10" name="q823focsani" chips="515" dealer="0" win="0" bet="65" muck="1" rebuy="0" addon="0" merge="0" rebuychips="0" reg_code="5072611185"/>
<player seat="3" name="KOPKHUNKRAP" chips="985" dealer="1" win="130" bet="985" muck="1" rebuy="0" addon="0" merge="0" rebuychips="0" reg_code="5072611170"/>
</players>
</general>
<round no="0"><action no="1" player="KOPKHUNKRAP" type="15" sum="5"/>
<action no="2" player="q823focsani" type="15" discard="1" dealt="1" sum="5"/>
<action no="3" player="KOPKHUNKRAP" type="1" sum="30"/>
<action no="4" player="q823focsani" type="2" discard="1" dealt="1" sum="60"/>
</round>
<round no="1"><cards type="Pocket" player="q823focsani">X X</cards>
<cards type="Pocket" player="KOPKHUNKRAP">H7 H10</cards>
<action no="5" player="KOPKHUNKRAP" type="23" sum="980"/>
<action no="6" player="q823focsani" type="0" discard="1" dealt="1" sum="0"/>
</round>
</game>
<game gamecode="6530645641"><general><startdate>2025-11-14 01:53:31</startdate>
<round>1</round>
<failsafecounter/>
<players><player seat="3" name="KOPKHUNKRAP" chips="1,050" dealer="0" win="900" bet="450" muck="0" rebuy="0" addon="0" merge="0" rebuychips="0" reg_code="5072611170"/>
<player seat="10" name="q823focsani" chips="450" dealer="1" win="0" bet="450" muck="0" rebuy="0" addon="0" merge="0" rebuychips="0" reg_code="5072611185"/>
</players>
</general>
<round no="0"><action no="1" player="q823focsani" type="15" discard="1" dealt="1" sum="5"/>
<action no="2" player="KOPKHUNKRAP" type="15" sum="5"/>
<action no="3" player="q823focsani" type="1" discard="1" dealt="1" sum="30"/>
<action no="4" player="KOPKHUNKRAP" type="2" sum="60"/>
</round>
<round no="1"><cards type="Pocket" player="q823focsani">C7 C10</cards>
<cards type="Pocket" player="KOPKHUNKRAP">HK DA</cards>
<action no="5" player="q823focsani" type="23" discard="1" dealt="1" sum="445"/>
<action no="6" player="KOPKHUNKRAP" type="3" sum="385"/>
</round>
<round no="2"><cards type="Flop">SK CK SJ</cards>
</round>
<round no="3"><cards type="Turn">D10</cards>
</round>
<round no="4"><cards type="River">C8</cards>
</round>
</game>
</session>
