<?xml version="1.0" encoding="UTF-8"?>
<session sessioncode="5072142377">
<general>
<client_version>24.7.1.15</client_version>
<mode>real</mode>
<gametype>Holdem NL</gametype>
<tablename>Twister €200 SNG, 821529089</tablename>
<tournamentcode>821529087</tournamentcode>
<tournamentname>Twister €200 SNG</tournamentname>
<buyin>€0 + €12 + €188</buyin>
<totalbuyin>€200</totalbuyin>
<rewarddrawn>€400</rewarddrawn>
<tournamentcurrency>EUR</tournamentcurrency>
<currency>EUR</currency>
<nickname>KOPKHUNKRAP</nickname>
<gamecount>14</gamecount>
<startdate>2025-11-11 22:17:16</startdate>
<place>1</place>
<win>€400</win>
<tablesize>3</tablesize>
</general>
<game gamecode="6529044345"><general><startdate>2025-11-11 22:17:31</startdate>
<round>1</round>
<failsafecounter/>
<players><player seat="3" name="OFiorbe" chips="500" dealer="0" win="0" bet="40" muck="1" rebuy="0" addon="0" merge="0" rebuychips="0" reg_code="5072142208"/>
<player seat="6" name="KOPKHUNKRAP" chips="500" dealer="1" win="90" bet="60" muck="1" rebuy="0" addon="0" merge="0" rebuychips="0" reg_code="5072142377"/>
<player seat="10" name="deIduKA" chips="500" dealer="0" win="0" bet="10" muck="1" rebuy="0" addon="0" merge="0" rebuychips="0" reg_code="5072142401"/>
</players>
</general>
<round no="0"><action no="1" player="deIduKA" type="1" discard="1" dealt="1" sum="10"/>
<action no="2" player="OFiorbe" type="2" discard="1" dealt="1" sum="20"/>
</round>
<round no="1"><cards type="Pocket" player="deIduKA">X X</cards>
<cards type="Pocket" player="KOPKHUNKRAP">H10 HJ</cards>
<cards type="Pocket" player="OFiorbe">X X</cards>
<action no="3" player="KOPKHUNKRAP" type="23" sum="40"/>
<action no="4" player="deIduKA" type="0" discard="1" dealt="1" sum="0"/>
<action no="5" player="OFiorbe" type="3" discard="1" dealt="1" sum="20"/>
</round>
<round no="2"><cards type="Flop">S5 DQ S3</cards>
<action no="6" player="OFiorbe" type="4" discard="1" dealt="1" sum="0"/>
<action no="7" player="KOPKHUNKRAP" type="5" sum="20"/>
<action no="8" player="OFiorbe" type="0" discard="1" dealt="1" sum="0"/>
</round>
</game>
<game gamecode="6529044409"><general><startdate>2025-11-11 22:18:02</startdate>
<round>1</round>
<failsafecounter/>
<players><player seat="6" name="KOPKHUNKRAP" chips="550" dealer="0" win="920" bet="460" muck="0" rebuy="0" addon="0" merge="0" rebuychips="0" reg_code="5072142377"/>
<player seat="10" name="deIduKA" chips="490" dealer="1" win="0" bet="0" muck="1" rebuy="0" addon="0" merge="0" rebuychips="0" reg_code="5072142401"/>
<player seat="3" name="OFiorbe" chips="460" dealer="0" win="0" bet="460" muck="0" rebuy="0" addon="0" merge="0" rebuychips="0" reg_code="5072142208"/>
</players>
</general>
<round no="0"><action no="1" player="OFiorbe" type="1" discard="1" dealt="1" sum="10"/>
<action no="2" player="KOPKHUNKRAP" type="2" sum="20"/>
</round>
<round no="1"><cards type="Pocket" player="OFiorbe">HA H7</cards>
<cards type="Pocket" player="KOPKHUNKRAP">DA D9</cards>
<cards type="Pocket" player="deIduKA">X X</cards>
<action no="3" player="deIduKA" type="0" discard="1" dealt="1" sum="0"/>
<action no="4" player="OFiorbe" type="23" discard="1" dealt="1" sum="40"/>
<action no="5" player="KOPKHUNKRAP" type="3" sum="20"/>
</round>
<round no="2"><cards type="Flop">C4 SA C5</cards>
<action no="6" player="OFiorbe" type="5" discard="1" dealt="1" sum="40"/>
<action no="7" player="KOPKHUNKRAP" type="23" sum="100"/>
<action no="8" player="OFiorbe" type="3" discard="1" dealt="1" sum="60"/>
</round>
<round no="3"><cards type="Turn">H3</cards>
<action no="9" player="OFiorbe" type="4" discard="1" dealt="1" sum="0"/>
<action no="10" player="KOPKHUNKRAP" type="5" sum="140"/>
<action no="11" player="OFiorbe" type="23" discard="1" dealt="1" sum="320"/>
<action no="12" player="KOPKHUNKRAP" type="3" sum="180"/>
</round>
<round no="4"><cards type="River">S4</cards>
</round>
</game>
<game gamecode="6529044527"><general><startdate>2025-11-11 22:18:49</startdate>
<round>1</round>
<failsafecounter/>
<players><player seat="10" name="deIduKA" chips="490" dealer="0" win="0" bet="40" muck="1" rebuy="0" addon="0" merge="0" rebuychips="0" reg_code="5072142401"/>
<player seat="6" name="KOPKHUNKRAP" chips="1,010" dealer="1" win="80" bet="100" muck="1" rebuy="0" addon="0" merge="0" rebuychips="0" reg_code="5072142377"/>
</players>
</general>
<round no="0"><action no="1" player="KOPKHUNKRAP" type="1" sum="10"/>
<action no="2" player="deIduKA" type="2" discard="1" dealt="1" sum="20"/>
</round>
<round no="1"><cards type="Pocket" player="deIduKA">X X</cards>
<cards type="Pocket" player="KOPKHUNKRAP">C6 D9</cards>
<action no="3" player="KOPKHUNKRAP" type="3" sum="10"/>
<action no="4" player="deIduKA" type="4" discard="1" dealt="1" sum="0"/>
</round>
<round no="2"><cards type="Flop">S2 DJ H7</cards>
<action no="5" player="deIduKA" type="4" discard="1" dealt="1" sum="0"/>
<action no="6" player="KOPKHUNKRAP" type="5" sum="20"/>
<action no="7" player="deIduKA" type="3" discard="1" dealt="1" sum="20"/>
</round>
<round no="3"><cards type="Turn">CQ</cards>
<action no="8" player="deIduKA" type="4" discard="1" dealt="1" sum="0"/>
<action no="9" player="KOPKHUNKRAP" type="5" sum="60"/>
<action no="10" player="deIduKA" type="0" discard="1" dealt="1" sum="0"/>
</round>
</game>
<game gamecode="6529044591"><general><startdate>2025-11-11 22:19:15</startdate>
<round>1</round>
<failsafecounter/>
<players><player seat="6" name="KOPKHUNKRAP" chips="1,050" dealer="0" win="70" bet="1,050" muck="1" rebuy="0" addon="0" merge="0" rebuychips="0" reg_code="5072142377"/>
<player seat="10" name="deIduKA" chips="450" dealer="1" win="0" bet="35" muck="1" rebuy="0" addon="0" merge="0" rebuychips="0" reg_code="5072142401"/>
</players>
</general>
<round no="0"><action no="1" player="deIduKA" type="15" discard="1" dealt="1" sum="5"/>
<action no="2" player="KOPKHUNKRAP" type="15" sum="5"/>
<action no="3" player="deIduKA" type="1" discard="1" dealt="1" sum="15"/>
<action no="4" player="KOPKHUNKRAP" type="2" sum="30"/>
</round>
<round no="1"><cards type="Pocket" player="deIduKA">X X</cards>
<cards type="Pocket" player="KOPKHUNKRAP">CK D3</cards>
<action no="5" player="deIduKA" type="3" discard="1" dealt="1" sum="15"/>
<action no="6" player="KOPKHUNKRAP" type="23" sum="1,045"/>
<action no="7" player="deIduKA" type="0" discard="1" dealt="1" sum="0"/>
</round>
</game>
<game gamecode="6529044634"><general><startdate>2025-11-11 22:19:32</startdate>
<round>1</round>
<failsafecounter/>
<players><player seat="10" name="deIduKA" chips="415" dealer="0" win="70" bet="415" muck="1" rebuy="0" addon="0" merge="0" rebuychips="0" reg_code="5072142401"/>
<player seat="6" name="KOPKHUNKRAP" chips="1,085" dealer="1" win="0" bet="35" muck="1" rebuy="0" addon="0" merge="0" rebuychips="0" reg_code="5072142377"/>
</players>
</general>
<round no="0"><action no="1" player="KOPKHUNKRAP" type="15" sum="5"/>
<action no="2" player="deIduKA" type="15" discard="1" dealt="1" sum="5"/>
<action no="3" player="KOPKHUNKRAP" type="1" sum="15"/>
<action no="4" player="deIduKA" type="2" discard="1" dealt="1" sum="30"/>
</round>
<round no="1"><cards type="Pocket" player="KOPKHUNKRAP">HQ C8</cards>
<cards type="Pocket" player="deIduKA">X X</cards>
<action no="5" player="KOPKHUNKRAP" type="3" sum="15"/>
<action no="6" player="deIduKA" type="23" discard="1" dealt="1" sum="410"/>
<action no="7" player="KOPKHUNKRAP" type="0" sum="0"/>
</round>
</game>
<game gamecode="6529044663"><general><startdate>2025-11-11 22:19:47</startdate>
<round>1</round>
<failsafecounter/>
<players><player seat="6" name="KOPKHUNKRAP" chips="1,050" dealer="0" win="0" bet="95" muck="1" rebuy="0" addon="0" merge="0" rebuychips="0" reg_code="5072142377"/>
<player seat="10" name="deIduKA" chips="450" dealer="1" win="190" bet="95" muck="0" rebuy="0" addon="0" merge="0" rebuychips="0" reg_code="5072142401"/>
</players>
</general>
<round no="0"><action no="1" player="deIduKA" type="15" discard="1" dealt="1" sum="5"/>
<action no="2" player="KOPKHUNKRAP" type="15" sum="5"/>
<action no="3" player="deIduKA" type="1" discard="1" dealt="1" sum="15"/>
<action no="4" player="KOPKHUNKRAP" type="2" sum="30"/>
</round>
<round no="1"><cards type="Pocket" player="deIduKA">H10 S10</cards>
<cards type="Pocket" player="KOPKHUNKRAP">S4 S9</cards>
<action no="5" player="deIduKA" type="3" discard="1" dealt="1" sum="15"/>
<action no="6" player="KOPKHUNKRAP" type="4" sum="0"/>
</round>
<round no="2"><cards type="Flop">H6 S6 HQ</cards>
<action no="7" player="KOPKHUNKRAP" type="4" sum="0"/>
<action no="8" player="deIduKA" type="4" discard="1" dealt="1" sum="0"/>
</round>
<round no="3"><cards type="Turn">S7</cards>
<action no="9" player="KOPKHUNKRAP" type="5" sum="60"/>
<action no="10" player="deIduKA" type="3" discard="1" dealt="1" sum="60"/>
</round>
<round no="4"><cards type="River">DK</cards>
<action no="11" player="KOPKHUNKRAP" type="4" sum="0"/>
<action no="12" player="deIduKA" type="4" discard="1" dealt="1" sum="0"/>
</round>
</game>
<game gamecode="6529044763"><general><startdate>2025-11-11 22:20:28</startdate>
<round>1</round>
<failsafecounter/>
<players><player seat="10" name="deIduKA" chips="545" dealer="0" win="0" bet="65" muck="1" rebuy="0" addon="0" merge="0" rebuychips="0" reg_code="5072142401"/>
<player seat="6" name="KOPKHUNKRAP" chips="955" dealer="1" win="130" bet="155" muck="1" rebuy="0" addon="0" merge="0" rebuychips="0" reg_code="5072142377"/>
</players>
</general>
<round no="0"><action no="1" player="KOPKHUNKRAP" type="15" sum="5"/>
<action no="2" player="deIduKA" type="15" discard="1" dealt="1" sum="5"/>
<action no="3" player="KOPKHUNKRAP" type="1" sum="15"/>
<action no="4" player="deIduKA" type="2" discard="1" dealt="1" sum="30"/>
</round>
<round no="1"><cards type="Pocket" player="deIduKA">X X</cards>
<cards type="Pocket" player="KOPKHUNKRAP">SA H8</cards>
<action no="5" player="KOPKHUNKRAP" type="3" sum="15"/>
<action no="6" player="deIduKA" type="4" discard="1" dealt="1" sum="0"/>
</round>
<round no="2"><cards type="Flop">D2 HK D7</cards>
<action no="7" player="deIduKA" type="4" discard="1" dealt="1" sum="0"/>
<action no="8" player="KOPKHUNKRAP" type="4" sum="0"/>
</round>
<round no="3"><cards type="Turn">S8</cards>
<action no="9" player="deIduKA" type="4" discard="1" dealt="1" sum="0"/>
<action no="10" player="KOPKHUNKRAP" type="5" sum="30"/>
<action no="11" player="deIduKA" type="3" discard="1" dealt="1" sum="30"/>
</round>
<round no="4"><cards type="River">C9</cards>
<action no="12" player="deIduKA" type="4" discard="1" dealt="1" sum="0"/>
<action no="13" player="KOPKHUNKRAP" type="5" sum="90"/>
<action no="14" player="deIduKA" type="0" discard="1" dealt="1" sum="0"/>
</round>
</game>
<game gamecode="6529044917"><general><startdate>2025-11-11 22:21:27</startdate>
<round>1</round>
<failsafecounter/>
<players><player seat="6" name="KOPKHUNKRAP" chips="1,020" dealer="0" win="0" bet="45" muck="1" rebuy="0" addon="0" merge="0" rebuychips="0" reg_code="5072142377"/>
<player seat="10" name="deIduKA" chips="480" dealer="1" win="90" bet="480" muck="1" rebuy="0" addon="0" merge="0" rebuychips="0" reg_code="5072142401"/>
</players>
</general>
<round no="0"><action no="1" player="deIduKA" type="15" discard="1" dealt="1" sum="5"/>
<action no="2" player="KOPKHUNKRAP" type="15" sum="5"/>
<action no="3" player="deIduKA" type="1" discard="1" dealt="1" sum="20"/>
<action no="4" player="KOPKHUNKRAP" type="2" sum="40"/>
</round>
<round no="1"><cards type="Pocket" player="deIduKA">X X</cards>
<cards type="Pocket" player="KOPKHUNKRAP">H6 D9</cards>
<action no="5" player="deIduKA" type="23" discard="1" dealt="1" sum="475"/>
<action no="6" player="KOPKHUNKRAP" type="0" sum="0"/>
</round>
</game>
<game gamecode="6529044936"><general><startdate>2025-11-11 22:21:35</startdate>
<round>1</round>
<failsafecounter/>
<players><player seat="10" name="deIduKA" chips="525" dealer="0" win="90" bet="525" muck="1" rebuy="0" addon="0" merge="0" rebuychips="0" reg_code="5072142401"/>
<player seat="6" name="KOPKHUNKRAP" chips="975" dealer="1" win="0" bet="45" muck="1" rebuy="0" addon="0" merge="0" rebuychips="0" reg_code="5072142377"/>
</players>
</general>
<round no="0"><action no="1" player="KOPKHUNKRAP" type="15" sum="5"/>
<action no="2" player="deIduKA" type="15" discard="1" dealt="1" sum="5"/>
<action no="3" player="KOPKHUNKRAP" type="1" sum="20"/>
<action no="4" player="deIduKA" type="2" discard="1" dealt="1" sum="40"/>
</round>
<round no="1"><cards type="Pocket" player="deIduKA">X X</cards>
<cards type="Pocket" player="KOPKHUNKRAP">DK H6</cards>
<action no="5" player="KOPKHUNKRAP" type="3" sum="20"/>
<action no="6" player="deIduKA" type="23" discard="1" dealt="1" sum="520"/>
<action no="7" player="KOPKHUNKRAP" type="0" sum="0"/>
</round>
</game>
<game gamecode="6529049495"><general><startdate>2025-11-11 22:21:56</startdate>
<round>1</round>
<failsafecounter/>
<players><player seat="6" name="KOPKHUNKRAP" chips="930" dealer="0" win="180" bet="90" muck="0" rebuy="0" addon="0" merge="0" rebuychips="0" reg_code="5072142377"/>
<player seat="10" name="deIduKA" chips="570" dealer="1" win="0" bet="90" muck="1" rebuy="0" addon="0" merge="0" rebuychips="0" reg_code="5072142401"/>
</players>
</general>
<round no="0"><action no="1" player="deIduKA" type="15" discard="1" dealt="1" sum="5"/>
<action no="2" player="KOPKHUNKRAP" type="15" sum="5"/>
<action no="3" player="deIduKA" type="1" discard="1" dealt="1" sum="20"/>
<action no="4" player="KOPKHUNKRAP" type="2" sum="40"/>
</round>
<round no="1"><cards type="Pocket" player="KOPKHUNKRAP">H10 C8</cards>
<cards type="Pocket" player="deIduKA">DA S10</cards>
<action no="5" player="deIduKA" type="3" discard="1" dealt="1" sum="20"/>
<action no="6" player="KOPKHUNKRAP" type="4" sum="0"/>
</round>
<round no="2"><cards type="Flop">HK CJ H8</cards>
<action no="7" player="KOPKHUNKRAP" type="4" sum="0"/>
<action no="8" player="deIduKA" type="5" discard="1" dealt="1" sum="45"/>
<action no="9" player="KOPKHUNKRAP" type="3" sum="45"/>
</round>
<round no="3"><cards type="Turn">C2</cards>
<action no="10" player="KOPKHUNKRAP" type="4" sum="0"/>
<action no="11" player="deIduKA" type="4" discard="1" dealt="1" sum="0"/>
</round>
<round no="4"><cards type="River">C4</cards>
<action no="12" player="KOPKHUNKRAP" type="4" sum="0"/>
<action no="13" player="deIduKA" type="4" discard="1" dealt="1" sum="0"/>
</round>
</game>
<game gamecode="6529049595"><general><startdate>2025-11-11 22:22:37</startdate>
<round>1</round>
<failsafecounter/>
<players><player seat="10" name="deIduKA" chips="480" dealer="0" win="0" bet="65" muck="1" rebuy="0" addon="0" merge="0" rebuychips="0" reg_code="5072142401"/>
<player seat="6" name="KOPKHUNKRAP" chips="1,020" dealer="1" win="130" bet="1,020" muck="1" rebuy="0" addon="0" merge="0" rebuychips="0" reg_code="5072142377"/>
</players>
</general>
<round no="0"><action no="1" player="KOPKHUNKRAP" type="15" sum="5"/>
<action no="2" player="deIduKA" type="15" discard="1" dealt="1" sum="5"/>
<action no="3" player="KOPKHUNKRAP" type="1" sum="30"/>
<action no="4" player="deIduKA" type="2" discard="1" dealt="1" sum="60"/>
</round>
<round no="1"><cards type="Pocket" player="KOPKHUNKRAP">CA D8</cards>
<cards type="Pocket" player="deIduKA">X X</cards>
<action no="5" player="KOPKHUNKRAP" type="23" sum="1,015"/>
<action no="6" player="deIduKA" type="0" discard="1" dealt="1" sum="0"/>
</round>
</game>
<game gamecode="6529049612"><general><startdate>2025-11-11 22:22:46</startdate>
<round>1</round>
<failsafecounter/>
<players><player seat="6" name="KOPKHUNKRAP" chips="1,085" dealer="0" win="0" bet="65" muck="1" rebuy="0" addon="0" merge="0" rebuychips="0" reg_code="5072142377"/>
<player seat="10" name="deIduKA" chips="415" dealer="1" win="130" bet="415" muck="1" rebuy="0" addon="0" merge="0" rebuychips="0" reg_code="5072142401"/>
</players>
</general>
<round no="0"><action no="1" player="deIduKA" type="15" discard="1" dealt="1" sum="5"/>
<action no="2" player="KOPKHUNKRAP" type="15" sum="5"/>
<action no="3" player="deIduKA" type="1" discard="1" dealt="1" sum="30"/>
<action no="4" player="KOPKHUNKRAP" type="2" sum="60"/>
</round>
<round no="1"><cards type="Pocket" player="KOPKHUNKRAP">D7 C5</cards>
<cards type="Pocket" player="deIduKA">X X</cards>
<action no="5" player="deIduKA" type="23" discard="1" dealt="1" sum="410"/>
<action no="6" player="KOPKHUNKRAP" type="0" sum="0"/>
</round>
</game>
<game gamecode="6529049644"><general><startdate>2025-11-11 22:22:58</startdate>
<round>1</round>
<failsafecounter/>
<players><player seat="10" name="deIduKA" chips="480" dealer="0" win="70" bet="65" muck="1" rebuy="0" addon="0" merge="0" rebuychips="0" reg_code="5072142401"/>
<player seat="6" name="KOPKHUNKRAP" chips="1,020" dealer="1" win="0" bet="35" muck="1" rebuy="0" addon="0" merge="0" rebuychips="0" reg_code="5072142377"/>
</players>
</general>
<round no="0"><action no="1" player="KOPKHUNKRAP" type="15" sum="5"/>
<action no="2" player="deIduKA" type="15" discard="1" dealt="1" sum="5"/>
<action no="3" player="KOPKHUNKRAP" type="1" sum="30"/>
<action no="4" player="deIduKA" type="2" discard="1" dealt="1" sum="60"/>
</round>
<round no="1"><cards type="Pocket" player="KOPKHUNKRAP">H9 D2</cards>
<cards type="Pocket" player="deIduKA">X X</cards>
<action no="5" player="KOPKHUNKRAP" type="0" sum="0"/>
</round>
</game>
<game gamecode="6529049662"><general><startdate>2025-11-11 22:23:03</startdate>
<round>1</round>
<failsafecounter/>
<players><player seat="6" name="KOPKHUNKRAP" chips="985" dealer="0" win="1,030" bet="515" muck="0" rebuy="0" addon="0" merge="0" rebuychips="0" reg_code="5072142377"/>
<player seat="10" name="deIduKA" chips="515" dealer="1" win="0" bet="515" muck="0" rebuy="0" addon="0" merge="0" rebuychips="0" reg_code="5072142401"/>
</players>
</general>
<round no="0"><action no="1" player="deIduKA" type="15" discard="1" dealt="1" sum="5"/>
<action no="2" player="KOPKHUNKRAP" type="15" sum="5"/>
<action no="3" player="deIduKA" type="1" discard="1" dealt="1" sum="30"/>
<action no="4" player="KOPKHUNKRAP" type="2" sum="60"/>
</round>
<round no="1"><cards type="Pocket" player="deIduKA">D5 CK</cards>
<cards type="Pocket" player="KOPKHUNKRAP">SK S9</cards>
<action no="5" player="deIduKA" type="23" discard="1" dealt="1" sum="510"/>
<action no="6" player="KOPKHUNKRAP" type="3" sum="450"/>
</round>
<round no="2"><cards type="Flop">D3 D4 D9</cards>
</round>
<round no="3"><cards type="Turn">SA</cards>
</round>
<round no="4"><cards type="River">C5</cards>
</round>
</game>
</session>
