<?xml version="1.0" encoding="UTF-8"?>
<session sessioncode="5072141154">
<general>
<client_version>24.7.1.15</client_version>
<mode>real</mode>
<gametype>Holdem NL</gametype>
<tablename>Twister €200 SNG, 821528838</tablename>
<tournamentcode>821528837</tournamentcode>
<tournamentname>Twister €200 SNG</tournamentname>
<buyin>€0 + €12 + €188</buyin>
<totalbuyin>€200</totalbuyin>
<rewarddrawn>€400</rewarddrawn>
<tournamentcurrency>EUR</tournamentcurrency>
<currency>EUR</currency>
<nickname>KOPKHUNKRAP</nickname>
<gamecount>9</gamecount>
<startdate>2025-11-11 22:13:18</startdate>
<place>3</place>
<win>€0</win>
<tablesize>3</tablesize>
</general>
<game gamecode="6529039434"><general><startdate>2025-11-11 22:13:33</startdate>
<round>1</round>
<failsafecounter/>
<players><player seat="10" name="OFiorbe" chips="500" dealer="0" win="20" bet="20" muck="1" rebuy="0" addon="0" merge="0" rebuychips="0" reg_code="5072141238"/>
<player seat="3" name="deIduKA" chips="500" dealer="1" win="0" bet="0" muck="1" rebuy="0" addon="0" merge="0" rebuychips="0" reg_code="5072140588"/>
<player seat="6" name="KOPKHUNKRAP" chips="500" dealer="0" win="0" bet="10" muck="1" rebuy="0" addon="0" merge="0" rebuychips="0" reg_code="5072141154"/>
</players>
</general>
<round no="0"><action no="1" player="KOPKHUNKRAP" type="1" sum="10"/>
<action no="2" player="OFiorbe" type="2" discard="1" dealt="1" sum="20"/>
</round>
<round no="1"><cards type="Pocket" player="deIduKA">X X</cards>
<cards type="Pocket" player="OFiorbe">X X</cards>
<cards type="Pocket" player="KOPKHUNKRAP">SK C3</cards>
<action no="3" player="deIduKA" type="0" discard="1" dealt="1" sum="0"/>
<action no="4" player="KOPKHUNKRAP" type="0" sum="0"/>
</round>
</game>
<game gamecode="6529039461"><general><startdate>2025-11-11 22:13:43</startdate>
<round>1</round>
<failsafecounter/>
<players><player seat="3" name="deIduKA" chips="500" dealer="0" win="0" bet="20" muck="1" rebuy="0" addon="0" merge="0" rebuychips="0" reg_code="5072140588"/>
<player seat="6" name="KOPKHUNKRAP" chips="490" dealer="1" win="50" bet="40" muck="1" rebuy="0" addon="0" merge="0" rebuychips="0" reg_code="5072141154"/>
<player seat="10" name="OFiorbe" chips="510" dealer="0" win="0" bet="10" muck="1" rebuy="0" addon="0" merge="0" rebuychips="0" reg_code="5072141238"/>
</players>
</general>
<round no="0"><action no="1" player="OFiorbe" type="1" discard="1" dealt="1" sum="10"/>
<action no="2" player="deIduKA" type="2" discard="1" dealt="1" sum="20"/>
</round>
<round no="1"><cards type="Pocket" player="deIduKA">X X</cards>
<cards type="Pocket" player="OFiorbe">X X</cards>
<cards type="Pocket" player="KOPKHUNKRAP">S3 C3</cards>
<action no="3" player="KOPKHUNKRAP" type="23" sum="40"/>
<action no="4" player="OFiorbe" type="0" discard="1" dealt="1" sum="0"/>
<action no="5" player="deIduKA" type="0" discard="1" dealt="1" sum="0"/>
</round>
</game>
<game gamecode="6529039505"><general><startdate>2025-11-11 22:13:58</startdate>
<round>1</round>
<failsafecounter/>
<players><player seat="6" name="KOPKHUNKRAP" chips="520" dealer="0" win="0" bet="71" muck="1" rebuy="0" addon="0" merge="0" rebuychips="0" reg_code="5072141154"/>
<player seat="10" name="OFiorbe" chips="500" dealer="1" win="152" bet="185" muck="1" rebuy="0" addon="0" merge="0" rebuychips="0" reg_code="5072141238"/>
<player seat="3" name="deIduKA" chips="480" dealer="0" win="0" bet="10" muck="1" rebuy="0" addon="0" merge="0" rebuychips="0" reg_code="5072140588"/>
</players>
</general>
<round no="0"><action no="1" player="deIduKA" type="1" discard="1" dealt="1" sum="10"/>
<action no="2" player="KOPKHUNKRAP" type="2" sum="20"/>
</round>
<round no="1"><cards type="Pocket" player="KOPKHUNKRAP">H9 SA</cards>
<cards type="Pocket" player="deIduKA">X X</cards>
<cards type="Pocket" player="OFiorbe">X X</cards>
<action no="3" player="OFiorbe" type="23" discard="1" dealt="1" sum="40"/>
<action no="4" player="deIduKA" type="0" discard="1" dealt="1" sum="0"/>
<action no="5" player="KOPKHUNKRAP" type="3" sum="20"/>
</round>
<round no="2"><cards type="Flop">H3 S4 D10</cards>
<action no="6" player="KOPKHUNKRAP" type="4" sum="0"/>
<action no="7" player="OFiorbe" type="5" discard="1" dealt="1" sum="31"/>
<action no="8" player="KOPKHUNKRAP" type="3" sum="31"/>
</round>
<round no="3"><cards type="Turn">CK</cards>
<action no="9" player="KOPKHUNKRAP" type="4" sum="0"/>
<action no="10" player="OFiorbe" type="5" discard="1" dealt="1" sum="114"/>
<action no="11" player="KOPKHUNKRAP" type="0" sum="0"/>
</round>
</game>
<game gamecode="6529039605"><general><startdate>2025-11-11 22:14:38</startdate>
<round>1</round>
<failsafecounter/>
<players><player seat="10" name="OFiorbe" chips="581" dealer="0" win="80" bet="100" muck="1" rebuy="0" addon="0" merge="0" rebuychips="0" reg_code="5072141238"/>
<player seat="3" name="deIduKA" chips="470" dealer="1" win="0" bet="0" muck="1" rebuy="0" addon="0" merge="0" rebuychips="0" reg_code="5072140588"/>
<player seat="6" name="KOPKHUNKRAP" chips="449" dealer="0" win="0" bet="40" muck="1" rebuy="0" addon="0" merge="0" rebuychips="0" reg_code="5072141154"/>
</players>
</general>
<round no="0"><action no="1" player="KOPKHUNKRAP" type="1" sum="10"/>
<action no="2" player="OFiorbe" type="2" discard="1" dealt="1" sum="20"/>
</round>
<round no="1"><cards type="Pocket" player="OFiorbe">X X</cards>
<cards type="Pocket" player="deIduKA">X X</cards>
<cards type="Pocket" player="KOPKHUNKRAP">H7 S10</cards>
<action no="3" player="deIduKA" type="0" discard="1" dealt="1" sum="0"/>
<action no="4" player="KOPKHUNKRAP" type="3" sum="10"/>
<action no="5" player="OFiorbe" type="4" discard="1" dealt="1" sum="0"/>
</round>
<round no="2"><cards type="Flop">S2 C6 H3</cards>
<action no="6" player="KOPKHUNKRAP" type="5" sum="20"/>
<action no="7" player="OFiorbe" type="3" discard="1" dealt="1" sum="20"/>
</round>
<round no="3"><cards type="Turn">S6</cards>
<action no="8" player="KOPKHUNKRAP" type="4" sum="0"/>
<action no="9" player="OFiorbe" type="5" discard="1" dealt="1" sum="60"/>
<action no="10" player="KOPKHUNKRAP" type="0" sum="0"/>
</round>
</game>
<game gamecode="6529039698"><general><startdate>2025-11-11 22:15:17</startdate>
<round>1</round>
<failsafecounter/>
<players><player seat="3" name="deIduKA" chips="470" dealer="0" win="0" bet="35" muck="1" rebuy="0" addon="0" merge="0" rebuychips="0" reg_code="5072140588"/>
<player seat="6" name="KOPKHUNKRAP" chips="409" dealer="1" win="0" bet="5" muck="1" rebuy="0" addon="0" merge="0" rebuychips="0" reg_code="5072141154"/>
<player seat="10" name="OFiorbe" chips="621" dealer="0" win="75" bet="65" muck="1" rebuy="0" addon="0" merge="0" rebuychips="0" reg_code="5072141238"/>
</players>
</general>
<round no="0"><action no="1" player="OFiorbe" type="15" discard="1" dealt="1" sum="5"/>
<action no="2" player="deIduKA" type="15" discard="1" dealt="1" sum="5"/>
<action no="3" player="KOPKHUNKRAP" type="15" sum="5"/>
<action no="4" player="OFiorbe" type="1" discard="1" dealt="1" sum="15"/>
<action no="5" player="deIduKA" type="2" discard="1" dealt="1" sum="30"/>
</round>
<round no="1"><cards type="Pocket" player="OFiorbe">X X</cards>
<cards type="Pocket" player="deIduKA">X X</cards>
<cards type="Pocket" player="KOPKHUNKRAP">D9 S3</cards>
<action no="6" player="KOPKHUNKRAP" type="0" sum="0"/>
<action no="7" player="OFiorbe" type="23" discard="1" dealt="1" sum="60"/>
<action no="8" player="deIduKA" type="0" discard="1" dealt="1" sum="0"/>
</round>
</game>
<game gamecode="6529039748"><general><startdate>2025-11-11 22:15:35</startdate>
<round>1</round>
<failsafecounter/>
<players><player seat="6" name="KOPKHUNKRAP" chips="404" dealer="0" win="0" bet="35" muck="1" rebuy="0" addon="0" merge="0" rebuychips="0" reg_code="5072141154"/>
<player seat="10" name="OFiorbe" chips="661" dealer="1" win="0" bet="65" muck="1" rebuy="0" addon="0" merge="0" rebuychips="0" reg_code="5072141238"/>
<player seat="3" name="deIduKA" chips="435" dealer="0" win="165" bet="435" muck="1" rebuy="0" addon="0" merge="0" rebuychips="0" reg_code="5072140588"/>
</players>
</general>
<round no="0"><action no="1" player="deIduKA" type="15" discard="1" dealt="1" sum="5"/>
<action no="2" player="KOPKHUNKRAP" type="15" sum="5"/>
<action no="3" player="OFiorbe" type="15" discard="1" dealt="1" sum="5"/>
<action no="4" player="deIduKA" type="1" discard="1" dealt="1" sum="15"/>
<action no="5" player="KOPKHUNKRAP" type="2" sum="30"/>
</round>
<round no="1"><cards type="Pocket" player="deIduKA">X X</cards>
<cards type="Pocket" player="KOPKHUNKRAP">C2 C10</cards>
<cards type="Pocket" player="OFiorbe">X X</cards>
<action no="6" player="OFiorbe" type="23" discard="1" dealt="1" sum="60"/>
<action no="7" player="deIduKA" type="23" discard="1" dealt="1" sum="430"/>
<action no="8" player="KOPKHUNKRAP" type="0" sum="0"/>
<action no="9" player="OFiorbe" type="0" discard="1" dealt="1" sum="0"/>
</round>
</game>
<game gamecode="6529039819"><general><startdate>2025-11-11 22:16:04</startdate>
<round>1</round>
<failsafecounter/>
<players><player seat="10" name="OFiorbe" chips="596" dealer="0" win="45" bet="35" muck="1" rebuy="0" addon="0" merge="0" rebuychips="0" reg_code="5072141238"/>
<player seat="3" name="deIduKA" chips="535" dealer="1" win="0" bet="5" muck="1" rebuy="0" addon="0" merge="0" rebuychips="0" reg_code="5072140588"/>
<player seat="6" name="KOPKHUNKRAP" chips="369" dealer="0" win="0" bet="20" muck="1" rebuy="0" addon="0" merge="0" rebuychips="0" reg_code="5072141154"/>
</players>
</general>
<round no="0"><action no="1" player="KOPKHUNKRAP" type="15" sum="5"/>
<action no="2" player="OFiorbe" type="15" discard="1" dealt="1" sum="5"/>
<action no="3" player="deIduKA" type="15" discard="1" dealt="1" sum="5"/>
<action no="4" player="KOPKHUNKRAP" type="1" sum="15"/>
<action no="5" player="OFiorbe" type="2" discard="1" dealt="1" sum="30"/>
</round>
<round no="1"><cards type="Pocket" player="OFiorbe">X X</cards>
<cards type="Pocket" player="deIduKA">X X</cards>
<cards type="Pocket" player="KOPKHUNKRAP">C7 H5</cards>
<action no="6" player="deIduKA" type="0" discard="1" dealt="1" sum="0"/>
<action no="7" player="KOPKHUNKRAP" type="0" sum="0"/>
</round>
</game>
<game gamecode="6529039841"><general><startdate>2025-11-11 22:16:12</startdate>
<round>1</round>
<failsafecounter/>
<players><player seat="3" name="deIduKA" chips="530" dealer="0" win="0" bet="65" muck="1" rebuy="0" addon="0" merge="0" rebuychips="0" reg_code="5072140588"/>
<player seat="6" name="KOPKHUNKRAP" chips="349" dealer="1" win="0" bet="5" muck="1" rebuy="0" addon="0" merge="0" rebuychips="0" reg_code="5072141154"/>
<player seat="10" name="OFiorbe" chips="621" dealer="0" win="135" bet="166" muck="1" rebuy="0" addon="0" merge="0" rebuychips="0" reg_code="5072141238"/>
</players>
</general>
<round no="0"><action no="1" player="OFiorbe" type="15" discard="1" dealt="1" sum="5"/>
<action no="2" player="deIduKA" type="15" discard="1" dealt="1" sum="5"/>
<action no="3" player="KOPKHUNKRAP" type="15" sum="5"/>
<action no="4" player="OFiorbe" type="1" discard="1" dealt="1" sum="15"/>
<action no="5" player="deIduKA" type="2" discard="1" dealt="1" sum="30"/>
</round>
<round no="1"><cards type="Pocket" player="OFiorbe">X X</cards>
<cards type="Pocket" player="KOPKHUNKRAP">H6 S4</cards>
<cards type="Pocket" player="deIduKA">X X</cards>
<action no="6" player="KOPKHUNKRAP" type="0" sum="0"/>
<action no="7" player="OFiorbe" type="3" discard="1" dealt="1" sum="15"/>
<action no="8" player="deIduKA" type="4" discard="1" dealt="1" sum="0"/>
</round>
<round no="2"><cards type="Flop">D5 SK H3</cards>
<action no="9" player="OFiorbe" type="5" discard="1" dealt="1" sum="30"/>
<action no="10" player="deIduKA" type="3" discard="1" dealt="1" sum="30"/>
</round>
<round no="3"><cards type="Turn">C7</cards>
<action no="11" player="OFiorbe" type="5" discard="1" dealt="1" sum="101"/>
<action no="12" player="deIduKA" type="0" discard="1" dealt="1" sum="0"/>
</round>
</game>
<game gamecode="6529039923"><general><startdate>2025-11-11 22:16:44</startdate>
<round>1</round>
<failsafecounter/>
<players><player seat="6" name="KOPKHUNKRAP" chips="344" dealer="0" win="0" bet="344" muck="1" rebuy="0" addon="0" merge="0" rebuychips="0" reg_code="5072141154"/>
<player seat="10" name="OFiorbe" chips="691" dealer="1" win="0" bet="465" muck="1" rebuy="0" addon="0" merge="0" rebuychips="0" reg_code="5072141238"/>
<player seat="3" name="deIduKA" chips="465" dealer="0" win="1,274" bet="465" muck="0" rebuy="0" addon="0" merge="0" rebuychips="0" reg_code="5072140588"/>
</players>
</general>
<round no="0"><action no="1" player="deIduKA" type="15" discard="1" dealt="1" sum="5"/>
<action no="2" player="KOPKHUNKRAP" type="15" sum="5"/>
<action no="3" player="OFiorbe" type="15" discard="1" dealt="1" sum="5"/>
<action no="4" player="deIduKA" type="1" discard="1" dealt="1" sum="15"/>
<action no="5" player="KOPKHUNKRAP" type="2" sum="30"/>
</round>
<round no="1"><cards type="Pocket" player="OFiorbe">H9 C9</cards>
<cards type="Pocket" player="deIduKA">CA DA</cards>
<cards type="Pocket" player="KOPKHUNKRAP">SA HJ</cards>
<action no="6" player="OFiorbe" type="23" discard="1" dealt="1" sum="60"/>
<action no="7" player="deIduKA" type="23" discard="1" dealt="1" sum="460"/>
<action no="8" player="KOPKHUNKRAP" type="7" sum="309"/>
<action no="9" player="OFiorbe" type="3" discard="1" dealt="1" sum="400"/>
</round>
<round no="2"><cards type="Flop">D8 H6 S4</cards>
</round>
<round no="3"><cards type="Turn">S10</cards>
</round>
<round no="4"><cards type="River">H2</cards>
</round>
</game>
</session>
