<?xml version="1.0" encoding="UTF-8"?>
<session sessioncode="5073506373">
<general>
<client_version>25.7.1.34</client_version>
<mode>real</mode>
<gametype>Holdem NL</gametype>
<tablename>Twister €200 SNG, 821899458</tablename>
<tournamentcode>821899457</tournamentcode>
<tournamentname>Twister €200 SNG</tournamentname>
<buyin>€0 + €12 + €188</buyin>
<totalbuyin>€200</totalbuyin>
<rewarddrawn>€400</rewarddrawn>
<tournamentcurrency>EUR</tournamentcurrency>
<currency>EUR</currency>
<nickname>KOPKHUNKRAP</nickname>
<gamecount>11</gamecount>
<startdate>2025-11-18 02:12:36</startdate>
<place>2</place>
<win>€0</win>
<tablesize>3</tablesize>
</general>
<game gamecode="6534112575"><general><startdate>2025-11-18 02:12:51</startdate>
<round>1</round>
<failsafecounter/>
<players><player seat="10" name="Thechosenoonee" chips="500" dealer="0" win="0" bet="20" muck="1" rebuy="0" addon="0" merge="0" rebuychips="0" reg_code="5073506416"/>
<player seat="3" name="KOPKHUNKRAP" chips="500" dealer="1" win="0" bet="0" muck="1" rebuy="0" addon="0" merge="0" rebuychips="0" reg_code="5073506373"/>
<player seat="6" name="Aomanuahi" chips="500" dealer="0" win="40" bet="50" muck="1" rebuy="0" addon="0" merge="0" rebuychips="0" reg_code="5073506189"/>
</players>
</general>
<round no="0"><action no="1" player="Aomanuahi" type="1" discard="1" dealt="1" sum="10"/>
<action no="2" player="Thechosenoonee" type="2" discard="1" dealt="1" sum="20"/>
</round>
<round no="1"><cards type="Pocket" player="Thechosenoonee">X X</cards>
<cards type="Pocket" player="Aomanuahi">X X</cards>
<cards type="Pocket" player="KOPKHUNKRAP">C2 H4</cards>
<action no="3" player="KOPKHUNKRAP" type="0" sum="0"/>
<action no="4" player="Aomanuahi" type="23" discard="1" dealt="1" sum="50"/>
<action no="5" player="Thechosenoonee" type="0" discard="1" dealt="1" sum="0"/>
</round>
</game>
<game gamecode="6534112589"><general><startdate>2025-11-18 02:13:02</startdate>
<round>1</round>
<failsafecounter/>
<players><player seat="3" name="KOPKHUNKRAP" chips="500" dealer="0" win="90" bet="120" muck="1" rebuy="0" addon="0" merge="0" rebuychips="0" reg_code="5073506373"/>
<player seat="6" name="Aomanuahi" chips="520" dealer="1" win="0" bet="40" muck="1" rebuy="0" addon="0" merge="0" rebuychips="0" reg_code="5073506189"/>
<player seat="10" name="Thechosenoonee" chips="480" dealer="0" win="0" bet="10" muck="1" rebuy="0" addon="0" merge="0" rebuychips="0" reg_code="5073506416"/>
</players>
</general>
<round no="0"><action no="1" player="Thechosenoonee" type="1" discard="1" dealt="1" sum="10"/>
<action no="2" player="KOPKHUNKRAP" type="2" sum="20"/>
</round>
<round no="1"><cards type="Pocket" player="KOPKHUNKRAP">SQ HQ</cards>
<cards type="Pocket" player="Aomanuahi">X X</cards>
<cards type="Pocket" player="Thechosenoonee">X X</cards>
<action no="3" player="Aomanuahi" type="23" discard="1" dealt="1" sum="40"/>
<action no="4" player="Thechosenoonee" type="0" discard="1" dealt="1" sum="0"/>
<action no="5" player="KOPKHUNKRAP" type="23" sum="120"/>
<action no="6" player="Aomanuahi" type="0" discard="1" dealt="1" sum="0"/>
</round>
</game>
<game gamecode="6534112620"><general><startdate>2025-11-18 02:13:24</startdate>
<round>1</round>
<failsafecounter/>
<players><player seat="6" name="Aomanuahi" chips="480" dealer="0" win="20" bet="20" muck="1" rebuy="0" addon="0" merge="0" rebuychips="0" reg_code="5073506189"/>
<player seat="10" name="Thechosenoonee" chips="470" dealer="1" win="0" bet="0" muck="1" rebuy="0" addon="0" merge="0" rebuychips="0" reg_code="5073506416"/>
<player seat="3" name="KOPKHUNKRAP" chips="550" dealer="0" win="0" bet="10" muck="1" rebuy="0" addon="0" merge="0" rebuychips="0" reg_code="5073506373"/>
</players>
</general>
<round no="0"><action no="1" player="KOPKHUNKRAP" type="1" sum="10"/>
<action no="2" player="Aomanuahi" type="2" discard="1" dealt="1" sum="20"/>
</round>
<round no="1"><cards type="Pocket" player="Aomanuahi">X X</cards>
<cards type="Pocket" player="Thechosenoonee">X X</cards>
<cards type="Pocket" player="KOPKHUNKRAP">H4 D5</cards>
<action no="3" player="Thechosenoonee" type="0" discard="1" dealt="1" sum="0"/>
<action no="4" player="KOPKHUNKRAP" type="0" sum="0"/>
</round>
</game>
<game gamecode="6534112632"><general><startdate>2025-11-18 02:13:33</startdate>
<round>1</round>
<failsafecounter/>
<players><player seat="10" name="Thechosenoonee" chips="470" dealer="0" win="0" bet="69" muck="1" rebuy="0" addon="0" merge="0" rebuychips="0" reg_code="5073506416"/>
<player seat="3" name="KOPKHUNKRAP" chips="540" dealer="1" win="148" bet="138" muck="1" rebuy="0" addon="0" merge="0" rebuychips="0" reg_code="5073506373"/>
<player seat="6" name="Aomanuahi" chips="490" dealer="0" win="0" bet="10" muck="1" rebuy="0" addon="0" merge="0" rebuychips="0" reg_code="5073506189"/>
</players>
</general>
<round no="0"><action no="1" player="Aomanuahi" type="1" discard="1" dealt="1" sum="10"/>
<action no="2" player="Thechosenoonee" type="2" discard="1" dealt="1" sum="20"/>
</round>
<round no="1"><cards type="Pocket" player="Aomanuahi">X X</cards>
<cards type="Pocket" player="Thechosenoonee">X X</cards>
<cards type="Pocket" player="KOPKHUNKRAP">H6 HA</cards>
<action no="3" player="KOPKHUNKRAP" type="23" sum="40"/>
<action no="4" player="Aomanuahi" type="0" discard="1" dealt="1" sum="0"/>
<action no="5" player="Thechosenoonee" type="3" discard="1" dealt="1" sum="20"/>
</round>
<round no="2"><cards type="Flop">S2 H9 C6</cards>
<action no="6" player="Thechosenoonee" type="4" discard="1" dealt="1" sum="0"/>
<action no="7" player="KOPKHUNKRAP" type="4" sum="0"/>
</round>
<round no="3"><cards type="Turn">CJ</cards>
<action no="8" player="Thechosenoonee" type="4" discard="1" dealt="1" sum="0"/>
<action no="9" player="KOPKHUNKRAP" type="4" sum="0"/>
</round>
<round no="4"><cards type="River">CA</cards>
<action no="10" player="Thechosenoonee" type="5" discard="1" dealt="1" sum="29"/>
<action no="11" player="KOPKHUNKRAP" type="23" sum="98"/>
<action no="12" player="Thechosenoonee" type="0" discard="1" dealt="1" sum="0"/>
</round>
</game>
<game gamecode="6534112718"><general><startdate>2025-11-18 02:14:29</startdate>
<round>1</round>
<failsafecounter/>
<players><player seat="3" name="KOPKHUNKRAP" chips="619" dealer="0" win="580" bet="285" muck="0" rebuy="0" addon="0" merge="0" rebuychips="0" reg_code="5073506373"/>
<player seat="6" name="Aomanuahi" chips="480" dealer="1" win="0" bet="285" muck="1" rebuy="0" addon="0" merge="0" rebuychips="0" reg_code="5073506189"/>
<player seat="10" name="Thechosenoonee" chips="401" dealer="0" win="0" bet="10" muck="1" rebuy="0" addon="0" merge="0" rebuychips="0" reg_code="5073506416"/>
</players>
</general>
<round no="0"><action no="1" player="Thechosenoonee" type="1" discard="1" dealt="1" sum="10"/>
<action no="2" player="KOPKHUNKRAP" type="2" sum="20"/>
</round>
<round no="1"><cards type="Pocket" player="KOPKHUNKRAP">CK C5</cards>
<cards type="Pocket" player="Thechosenoonee">X X</cards>
<cards type="Pocket" player="Aomanuahi">DJ H10</cards>
<action no="3" player="Aomanuahi" type="23" discard="1" dealt="1" sum="40"/>
<action no="4" player="Thechosenoonee" type="0" discard="1" dealt="1" sum="0"/>
<action no="5" player="KOPKHUNKRAP" type="3" sum="20"/>
</round>
<round no="2"><cards type="Flop">HK D9 SJ</cards>
<action no="6" player="KOPKHUNKRAP" type="4" sum="0"/>
<action no="7" player="Aomanuahi" type="4" discard="1" dealt="1" sum="0"/>
</round>
<round no="3"><cards type="Turn">DK</cards>
<action no="8" player="KOPKHUNKRAP" type="4" sum="0"/>
<action no="9" player="Aomanuahi" type="5" discard="1" dealt="1" sum="20"/>
<action no="10" player="KOPKHUNKRAP" type="23" sum="100"/>
<action no="11" player="Aomanuahi" type="3" discard="1" dealt="1" sum="80"/>
</round>
<round no="4"><cards type="River">H4</cards>
<action no="12" player="KOPKHUNKRAP" type="5" sum="145"/>
<action no="13" player="Aomanuahi" type="3" discard="1" dealt="1" sum="145"/>
</round>
</game>
<game gamecode="6534112791"><general><startdate>2025-11-18 02:15:24</startdate>
<round>1</round>
<failsafecounter/>
<players><player seat="6" name="Aomanuahi" chips="195" dealer="0" win="395" bet="195" muck="0" rebuy="0" addon="0" merge="0" rebuychips="0" reg_code="5073506189"/>
<player seat="10" name="Thechosenoonee" chips="391" dealer="1" win="0" bet="5" muck="1" rebuy="0" addon="0" merge="0" rebuychips="0" reg_code="5073506416"/>
<player seat="3" name="KOPKHUNKRAP" chips="914" dealer="0" win="0" bet="914" muck="0" rebuy="0" addon="0" merge="0" rebuychips="0" reg_code="5073506373"/>
</players>
</general>
<round no="0"><action no="1" player="KOPKHUNKRAP" type="15" sum="5"/>
<action no="2" player="Aomanuahi" type="15" discard="1" dealt="1" sum="5"/>
<action no="3" player="Thechosenoonee" type="15" discard="1" dealt="1" sum="5"/>
<action no="4" player="KOPKHUNKRAP" type="1" sum="15"/>
<action no="5" player="Aomanuahi" type="2" discard="1" dealt="1" sum="30"/>
</round>
<round no="1"><cards type="Pocket" player="KOPKHUNKRAP">H9 S7</cards>
<cards type="Pocket" player="Thechosenoonee">X X</cards>
<cards type="Pocket" player="Aomanuahi">SK HK</cards>
<action no="6" player="Thechosenoonee" type="0" discard="1" dealt="1" sum="0"/>
<action no="7" player="KOPKHUNKRAP" type="23" sum="909"/>
<action no="8" player="Aomanuahi" type="7" discard="1" dealt="1" sum="160"/>
</round>
<round no="2"><cards type="Flop">CK S5 SJ</cards>
</round>
<round no="3"><cards type="Turn">HA</cards>
</round>
<round no="4"><cards type="River">H3</cards>
</round>
</game>
<game gamecode="6534112818"><general><startdate>2025-11-18 02:15:50</startdate>
<round>1</round>
<failsafecounter/>
<players><player seat="10" name="Thechosenoonee" chips="386" dealer="0" win="0" bet="65" muck="1" rebuy="0" addon="0" merge="0" rebuychips="0" reg_code="5073506416"/>
<player seat="3" name="KOPKHUNKRAP" chips="719" dealer="1" win="0" bet="5" muck="1" rebuy="0" addon="0" merge="0" rebuychips="0" reg_code="5073506373"/>
<player seat="6" name="Aomanuahi" chips="395" dealer="0" win="135" bet="65" muck="0" rebuy="0" addon="0" merge="0" rebuychips="0" reg_code="5073506189"/>
</players>
</general>
<round no="0"><action no="1" player="Aomanuahi" type="15" discard="1" dealt="1" sum="5"/>
<action no="2" player="Thechosenoonee" type="15" discard="1" dealt="1" sum="5"/>
<action no="3" player="KOPKHUNKRAP" type="15" sum="5"/>
<action no="4" player="Aomanuahi" type="1" discard="1" dealt="1" sum="15"/>
<action no="5" player="Thechosenoonee" type="2" discard="1" dealt="1" sum="30"/>
</round>
<round no="1"><cards type="Pocket" player="Thechosenoonee">HQ H9</cards>
<cards type="Pocket" player="Aomanuahi">S2 CQ</cards>
<cards type="Pocket" player="KOPKHUNKRAP">S8 C10</cards>
<action no="6" player="KOPKHUNKRAP" type="0" sum="0"/>
<action no="7" player="Aomanuahi" type="3" discard="1" dealt="1" sum="15"/>
<action no="8" player="Thechosenoonee" type="4" discard="1" dealt="1" sum="0"/>
</round>
<round no="2"><cards type="Flop">CJ C5 DA</cards>
<action no="9" player="Aomanuahi" type="5" discard="1" dealt="1" sum="30"/>
<action no="10" player="Thechosenoonee" type="3" discard="1" dealt="1" sum="30"/>
</round>
<round no="3"><cards type="Turn">D2</cards>
<action no="11" player="Aomanuahi" type="4" discard="1" dealt="1" sum="0"/>
<action no="12" player="Thechosenoonee" type="4" discard="1" dealt="1" sum="0"/>
</round>
<round no="4"><cards type="River">SK</cards>
<action no="13" player="Aomanuahi" type="4" discard="1" dealt="1" sum="0"/>
<action no="14" player="Thechosenoonee" type="4" discard="1" dealt="1" sum="0"/>
</round>
</game>
<game gamecode="6534112867"><general><startdate>2025-11-18 02:16:24</startdate>
<round>1</round>
<failsafecounter/>
<players><player seat="3" name="KOPKHUNKRAP" chips="714" dealer="0" win="0" bet="45" muck="1" rebuy="0" addon="0" merge="0" rebuychips="0" reg_code="5073506373"/>
<player seat="6" name="Aomanuahi" chips="465" dealer="1" win="115" bet="465" muck="1" rebuy="0" addon="0" merge="0" rebuychips="0" reg_code="5073506189"/>
<player seat="10" name="Thechosenoonee" chips="321" dealer="0" win="0" bet="25" muck="1" rebuy="0" addon="0" merge="0" rebuychips="0" reg_code="5073506416"/>
</players>
</general>
<round no="0"><action no="1" player="Thechosenoonee" type="15" discard="1" dealt="1" sum="5"/>
<action no="2" player="KOPKHUNKRAP" type="15" sum="5"/>
<action no="3" player="Aomanuahi" type="15" discard="1" dealt="1" sum="5"/>
<action no="4" player="Thechosenoonee" type="1" discard="1" dealt="1" sum="20"/>
<action no="5" player="KOPKHUNKRAP" type="2" sum="40"/>
</round>
<round no="1"><cards type="Pocket" player="KOPKHUNKRAP">D10 S3</cards>
<cards type="Pocket" player="Thechosenoonee">X X</cards>
<cards type="Pocket" player="Aomanuahi">X X</cards>
<action no="6" player="Aomanuahi" type="23" discard="1" dealt="1" sum="460"/>
<action no="7" player="Thechosenoonee" type="0" discard="1" dealt="1" sum="0"/>
<action no="8" player="KOPKHUNKRAP" type="0" sum="0"/>
</round>
</game>
<game gamecode="6534112883"><general><startdate>2025-11-18 02:16:38</startdate>
<round>1</round>
<failsafecounter/>
<players><player seat="6" name="Aomanuahi" chips="535" dealer="0" win="0" bet="45" muck="1" rebuy="0" addon="0" merge="0" rebuychips="0" reg_code="5073506189"/>
<player seat="10" name="Thechosenoonee" chips="296" dealer="1" win="115" bet="296" muck="1" rebuy="0" addon="0" merge="0" rebuychips="0" reg_code="5073506416"/>
<player seat="3" name="KOPKHUNKRAP" chips="669" dealer="0" win="0" bet="25" muck="1" rebuy="0" addon="0" merge="0" rebuychips="0" reg_code="5073506373"/>
</players>
</general>
<round no="0"><action no="1" player="KOPKHUNKRAP" type="15" sum="5"/>
<action no="2" player="Aomanuahi" type="15" discard="1" dealt="1" sum="5"/>
<action no="3" player="Thechosenoonee" type="15" discard="1" dealt="1" sum="5"/>
<action no="4" player="KOPKHUNKRAP" type="1" sum="20"/>
<action no="5" player="Aomanuahi" type="2" discard="1" dealt="1" sum="40"/>
</round>
<round no="1"><cards type="Pocket" player="Aomanuahi">X X</cards>
<cards type="Pocket" player="KOPKHUNKRAP">C6 S5</cards>
<cards type="Pocket" player="Thechosenoonee">X X</cards>
<action no="6" player="Thechosenoonee" type="23" discard="1" dealt="1" sum="291"/>
<action no="7" player="KOPKHUNKRAP" type="0" sum="0"/>
<action no="8" player="Aomanuahi" type="0" discard="1" dealt="1" sum="0"/>
</round>
</game>
<game gamecode="6534112898"><general><startdate>2025-11-18 02:16:50</startdate>
<round>1</round>
<failsafecounter/>
<players><player seat="10" name="Thechosenoonee" chips="366" dealer="0" win="0" bet="366" muck="0" rebuy="0" addon="0" merge="0" rebuychips="0" reg_code="5073506416"/>
<player seat="3" name="KOPKHUNKRAP" chips="644" dealer="1" win="0" bet="5" muck="1" rebuy="0" addon="0" merge="0" rebuychips="0" reg_code="5073506373"/>
<player seat="6" name="Aomanuahi" chips="490" dealer="0" win="737" bet="366" muck="0" rebuy="0" addon="0" merge="0" rebuychips="0" reg_code="5073506189"/>
</players>
</general>
<round no="0"><action no="1" player="Aomanuahi" type="15" discard="1" dealt="1" sum="5"/>
<action no="2" player="Thechosenoonee" type="15" discard="1" dealt="1" sum="5"/>
<action no="3" player="KOPKHUNKRAP" type="15" sum="5"/>
<action no="4" player="Aomanuahi" type="1" discard="1" dealt="1" sum="20"/>
<action no="5" player="Thechosenoonee" type="2" discard="1" dealt="1" sum="40"/>
</round>
<round no="1"><cards type="Pocket" player="Thechosenoonee">H6 H5</cards>
<cards type="Pocket" player="KOPKHUNKRAP">H4 SQ</cards>
<cards type="Pocket" player="Aomanuahi">C9 D6</cards>
<action no="6" player="KOPKHUNKRAP" type="0" sum="0"/>
<action no="7" player="Aomanuahi" type="3" discard="1" dealt="1" sum="20"/>
<action no="8" player="Thechosenoonee" type="4" discard="1" dealt="1" sum="0"/>
</round>
<round no="2"><cards type="Flop">C4 H8 S2</cards>
<action no="9" player="Aomanuahi" type="5" discard="1" dealt="1" sum="40"/>
<action no="10" player="Thechosenoonee" type="3" discard="1" dealt="1" sum="40"/>
</round>
<round no="3"><cards type="Turn">C5</cards>
<action no="11" player="Aomanuahi" type="4" discard="1" dealt="1" sum="0"/>
<action no="12" player="Thechosenoonee" type="4" discard="1" dealt="1" sum="0"/>
</round>
<round no="4"><cards type="River">S7</cards>
<action no="13" player="Aomanuahi" type="5" discard="1" dealt="1" sum="71"/>
<action no="14" player="Thechosenoonee" type="23" discard="1" dealt="1" sum="281"/>
<action no="15" player="Aomanuahi" type="3" discard="1" dealt="1" sum="210"/>
</round>
</game>
<game gamecode="6534112973"><general><startdate>2025-11-18 02:17:51</startdate>
<round>1</round>
<failsafecounter/>
<players><player seat="3" name="KOPKHUNKRAP" chips="639" dealer="0" win="0" bet="639" muck="0" rebuy="0" addon="0" merge="0" rebuychips="0" reg_code="5073506373"/>
<player seat="6" name="Aomanuahi" chips="861" dealer="1" win="1,278" bet="861" muck="0" rebuy="0" addon="0" merge="0" rebuychips="0" reg_code="5073506189"/>
</players>
</general>
<round no="0"><action no="1" player="Aomanuahi" type="15" discard="1" dealt="1" sum="5"/>
<action no="2" player="KOPKHUNKRAP" type="15" sum="5"/>
<action no="3" player="Aomanuahi" type="1" discard="1" dealt="1" sum="20"/>
<action no="4" player="KOPKHUNKRAP" type="2" sum="40"/>
</round>
<round no="1"><cards type="Pocket" player="KOPKHUNKRAP">DJ HQ</cards>
<cards type="Pocket" player="Aomanuahi">D9 D7</cards>
<action no="5" player="Aomanuahi" type="3" discard="1" dealt="1" sum="20"/>
<action no="6" player="KOPKHUNKRAP" type="23" sum="120"/>
<action no="7" player="Aomanuahi" type="3" discard="1" dealt="1" sum="80"/>
</round>
<round no="2"><cards type="Flop">H3 H9 HA</cards>
<action no="8" player="KOPKHUNKRAP" type="5" sum="82"/>
<action no="9" player="Aomanuahi" type="3" discard="1" dealt="1" sum="82"/>
</round>
<round no="3"><cards type="Turn">C9</cards>
<action no="10" player="KOPKHUNKRAP" type="4" sum="0"/>
<action no="11" player="Aomanuahi" type="5" discard="1" dealt="1" sum="148"/>
<action no="12" player="KOPKHUNKRAP" type="3" sum="148"/>
</round>
<round no="4"><cards type="River">C2</cards>
<action no="13" player="KOPKHUNKRAP" type="4" sum="0"/>
<action no="14" player="Aomanuahi" type="5" discard="1" dealt="1" sum="506"/>
<action no="15" player="KOPKHUNKRAP" type="7" sum="284"/>
</round>
</game>
</session>
