<?xml version="1.0" encoding="UTF-8"?>
<session sessioncode="5073503280">
<general>
<client_version>25.7.1.34</client_version>
<mode>real</mode>
<gametype>Holdem NL</gametype>
<tablename>Twister €200 SNG, 821898516</tablename>
<tournamentcode>821898515</tournamentcode>
<tournamentname>Twister €200 SNG</tournamentname>
<buyin>€0 + €12 + €188</buyin>
<totalbuyin>€200</totalbuyin>
<rewarddrawn>€800</rewarddrawn>
<tournamentcurrency>EUR</tournamentcurrency>
<currency>EUR</currency>
<nickname>KOPKHUNKRAP</nickname>
<gamecount>23</gamecount>
<startdate>2025-11-18 01:49:18</startdate>
<place>1</place>
<win>€800</win>
<tablesize>3</tablesize>
</general>
<game gamecode="6534101986"><general><startdate>2025-11-18 01:49:33</startdate>
<round>1</round>
<failsafecounter/>
<players><player seat="6" name="OndaBianca1" chips="500" dealer="0" win="0" bet="40" muck="1" rebuy="0" addon="0" merge="0" rebuychips="0" reg_code="5073503502"/>
<player seat="10" name="Rammesord2" chips="500" dealer="1" win="90" bet="69" muck="1" rebuy="0" addon="0" merge="0" rebuychips="0" reg_code="5073503572"/>
<player seat="3" name="KOPKHUNKRAP" chips="500" dealer="0" win="0" bet="10" muck="1" rebuy="0" addon="0" merge="0" rebuychips="0" reg_code="5073503280"/>
</players>
</general>
<round no="0"><action no="1" player="KOPKHUNKRAP" type="1" sum="10"/>
<action no="2" player="OndaBianca1" type="2" discard="1" dealt="1" sum="20"/>
</round>
<round no="1"><cards type="Pocket" player="Rammesord2">X X</cards>
<cards type="Pocket" player="KOPKHUNKRAP">H10 D6</cards>
<cards type="Pocket" player="OndaBianca1">X X</cards>
<action no="3" player="Rammesord2" type="23" discard="1" dealt="1" sum="40"/>
<action no="4" player="KOPKHUNKRAP" type="0" sum="0"/>
<action no="5" player="OndaBianca1" type="3" discard="1" dealt="1" sum="20"/>
</round>
<round no="2"><cards type="Flop">C2 CK CJ</cards>
<action no="6" player="OndaBianca1" type="4" discard="1" dealt="1" sum="0"/>
<action no="7" player="Rammesord2" type="5" discard="1" dealt="1" sum="29"/>
<action no="8" player="OndaBianca1" type="0" discard="1" dealt="1" sum="0"/>
</round>
</game>
<game gamecode="6534102048"><general><startdate>2025-11-18 01:50:09</startdate>
<round>1</round>
<failsafecounter/>
<players><player seat="10" name="Rammesord2" chips="550" dealer="0" win="160" bet="80" muck="0" rebuy="0" addon="0" merge="0" rebuychips="0" reg_code="5073503572"/>
<player seat="3" name="KOPKHUNKRAP" chips="490" dealer="1" win="0" bet="0" muck="1" rebuy="0" addon="0" merge="0" rebuychips="0" reg_code="5073503280"/>
<player seat="6" name="OndaBianca1" chips="460" dealer="0" win="0" bet="80" muck="0" rebuy="0" addon="0" merge="0" rebuychips="0" reg_code="5073503502"/>
</players>
</general>
<round no="0"><action no="1" player="OndaBianca1" type="1" discard="1" dealt="1" sum="10"/>
<action no="2" player="Rammesord2" type="2" discard="1" dealt="1" sum="20"/>
</round>
<round no="1"><cards type="Pocket" player="OndaBianca1">HA S3</cards>
<cards type="Pocket" player="KOPKHUNKRAP">DK C4</cards>
<cards type="Pocket" player="Rammesord2">D8 C10</cards>
<action no="3" player="KOPKHUNKRAP" type="0" sum="0"/>
<action no="4" player="OndaBianca1" type="3" discard="1" dealt="1" sum="10"/>
<action no="5" player="Rammesord2" type="4" discard="1" dealt="1" sum="0"/>
</round>
<round no="2"><cards type="Flop">H4 S8 D5</cards>
<action no="6" player="OndaBianca1" type="4" discard="1" dealt="1" sum="0"/>
<action no="7" player="Rammesord2" type="5" discard="1" dealt="1" sum="28"/>
<action no="8" player="OndaBianca1" type="3" discard="1" dealt="1" sum="28"/>
</round>
<round no="3"><cards type="Turn">S6</cards>
<action no="9" player="OndaBianca1" type="4" discard="1" dealt="1" sum="0"/>
<action no="10" player="Rammesord2" type="4" discard="1" dealt="1" sum="0"/>
</round>
<round no="4"><cards type="River">CQ</cards>
<action no="11" player="OndaBianca1" type="5" discard="1" dealt="1" sum="32"/>
<action no="12" player="Rammesord2" type="3" discard="1" dealt="1" sum="32"/>
</round>
</game>
<game gamecode="6534102117"><general><startdate>2025-11-18 01:50:49</startdate>
<round>1</round>
<failsafecounter/>
<players><player seat="3" name="KOPKHUNKRAP" chips="490" dealer="0" win="20" bet="20" muck="1" rebuy="0" addon="0" merge="0" rebuychips="0" reg_code="5073503280"/>
<player seat="6" name="OndaBianca1" chips="380" dealer="1" win="0" bet="0" muck="1" rebuy="0" addon="0" merge="0" rebuychips="0" reg_code="5073503502"/>
<player seat="10" name="Rammesord2" chips="630" dealer="0" win="0" bet="10" muck="1" rebuy="0" addon="0" merge="0" rebuychips="0" reg_code="5073503572"/>
</players>
</general>
<round no="0"><action no="1" player="Rammesord2" type="1" discard="1" dealt="1" sum="10"/>
<action no="2" player="KOPKHUNKRAP" type="2" sum="20"/>
</round>
<round no="1"><cards type="Pocket" player="OndaBianca1">X X</cards>
<cards type="Pocket" player="Rammesord2">X X</cards>
<cards type="Pocket" player="KOPKHUNKRAP">HQ C8</cards>
<action no="3" player="OndaBianca1" type="0" discard="1" dealt="1" sum="0"/>
<action no="4" player="Rammesord2" type="0" discard="1" dealt="1" sum="0"/>
</round>
</game>
<game gamecode="6534102150"><general><startdate>2025-11-18 01:51:08</startdate>
<round>1</round>
<failsafecounter/>
<players><player seat="6" name="OndaBianca1" chips="380" dealer="0" win="160" bet="80" muck="0" rebuy="0" addon="0" merge="0" rebuychips="0" reg_code="5073503502"/>
<player seat="10" name="Rammesord2" chips="620" dealer="1" win="0" bet="0" muck="1" rebuy="0" addon="0" merge="0" rebuychips="0" reg_code="5073503572"/>
<player seat="3" name="KOPKHUNKRAP" chips="500" dealer="0" win="0" bet="80" muck="1" rebuy="0" addon="0" merge="0" rebuychips="0" reg_code="5073503280"/>
</players>
</general>
<round no="0"><action no="1" player="KOPKHUNKRAP" type="1" sum="10"/>
<action no="2" player="OndaBianca1" type="2" discard="1" dealt="1" sum="20"/>
</round>
<round no="1"><cards type="Pocket" player="KOPKHUNKRAP">D6 D10</cards>
<cards type="Pocket" player="OndaBianca1">S3 S8</cards>
<cards type="Pocket" player="Rammesord2">X X</cards>
<action no="3" player="Rammesord2" type="0" discard="1" dealt="1" sum="0"/>
<action no="4" player="KOPKHUNKRAP" type="3" sum="10"/>
<action no="5" player="OndaBianca1" type="4" discard="1" dealt="1" sum="0"/>
</round>
<round no="2"><cards type="Flop">HA D9 D8</cards>
<action no="6" player="KOPKHUNKRAP" type="5" sum="20"/>
<action no="7" player="OndaBianca1" type="3" discard="1" dealt="1" sum="20"/>
</round>
<round no="3"><cards type="Turn">C8</cards>
<action no="8" player="KOPKHUNKRAP" type="4" sum="0"/>
<action no="9" player="OndaBianca1" type="5" discard="1" dealt="1" sum="40"/>
<action no="10" player="KOPKHUNKRAP" type="3" sum="40"/>
</round>
<round no="4"><cards type="River">C9</cards>
<action no="11" player="KOPKHUNKRAP" type="4" sum="0"/>
<action no="12" player="OndaBianca1" type="4" discard="1" dealt="1" sum="0"/>
</round>
</game>
<game gamecode="6534102219"><general><startdate>2025-11-18 01:51:51</startdate>
<round>1</round>
<failsafecounter/>
<players><player seat="10" name="Rammesord2" chips="620" dealer="0" win="45" bet="35" muck="1" rebuy="0" addon="0" merge="0" rebuychips="0" reg_code="5073503572"/>
<player seat="3" name="KOPKHUNKRAP" chips="420" dealer="1" win="0" bet="5" muck="1" rebuy="0" addon="0" merge="0" rebuychips="0" reg_code="5073503280"/>
<player seat="6" name="OndaBianca1" chips="460" dealer="0" win="0" bet="20" muck="1" rebuy="0" addon="0" merge="0" rebuychips="0" reg_code="5073503502"/>
</players>
</general>
<round no="0"><action no="1" player="OndaBianca1" type="15" discard="1" dealt="1" sum="5"/>
<action no="2" player="Rammesord2" type="15" discard="1" dealt="1" sum="5"/>
<action no="3" player="KOPKHUNKRAP" type="15" sum="5"/>
<action no="4" player="OndaBianca1" type="1" discard="1" dealt="1" sum="15"/>
<action no="5" player="Rammesord2" type="2" discard="1" dealt="1" sum="30"/>
</round>
<round no="1"><cards type="Pocket" player="KOPKHUNKRAP">D2 DK</cards>
<cards type="Pocket" player="Rammesord2">X X</cards>
<cards type="Pocket" player="OndaBianca1">X X</cards>
<action no="6" player="KOPKHUNKRAP" type="0" sum="0"/>
<action no="7" player="OndaBianca1" type="0" discard="1" dealt="1" sum="0"/>
</round>
</game>
<game gamecode="6534102232"><general><startdate>2025-11-18 01:51:58</startdate>
<round>1</round>
<failsafecounter/>
<players><player seat="3" name="KOPKHUNKRAP" chips="415" dealer="0" win="135" bet="415" muck="1" rebuy="0" addon="0" merge="0" rebuychips="0" reg_code="5073503280"/>
<player seat="6" name="OndaBianca1" chips="440" dealer="1" win="0" bet="5" muck="1" rebuy="0" addon="0" merge="0" rebuychips="0" reg_code="5073503502"/>
<player seat="10" name="Rammesord2" chips="645" dealer="0" win="0" bet="65" muck="1" rebuy="0" addon="0" merge="0" rebuychips="0" reg_code="5073503572"/>
</players>
</general>
<round no="0"><action no="1" player="Rammesord2" type="15" discard="1" dealt="1" sum="5"/>
<action no="2" player="KOPKHUNKRAP" type="15" sum="5"/>
<action no="3" player="OndaBianca1" type="15" discard="1" dealt="1" sum="5"/>
<action no="4" player="Rammesord2" type="1" discard="1" dealt="1" sum="15"/>
<action no="5" player="KOPKHUNKRAP" type="2" sum="30"/>
</round>
<round no="1"><cards type="Pocket" player="KOPKHUNKRAP">SJ HJ</cards>
<cards type="Pocket" player="OndaBianca1">X X</cards>
<cards type="Pocket" player="Rammesord2">X X</cards>
<action no="6" player="OndaBianca1" type="0" discard="1" dealt="1" sum="0"/>
<action no="7" player="Rammesord2" type="23" discard="1" dealt="1" sum="60"/>
<action no="8" player="KOPKHUNKRAP" type="23" sum="410"/>
<action no="9" player="Rammesord2" type="0" discard="1" dealt="1" sum="0"/>
</round>
</game>
<game gamecode="6534102295"><general><startdate>2025-11-18 01:52:36</startdate>
<round>1</round>
<failsafecounter/>
<players><player seat="6" name="OndaBianca1" chips="435" dealer="0" win="0" bet="80" muck="1" rebuy="0" addon="0" merge="0" rebuychips="0" reg_code="5073503502"/>
<player seat="10" name="Rammesord2" chips="580" dealer="1" win="0" bet="5" muck="1" rebuy="0" addon="0" merge="0" rebuychips="0" reg_code="5073503572"/>
<player seat="3" name="KOPKHUNKRAP" chips="485" dealer="0" win="165" bet="110" muck="1" rebuy="0" addon="0" merge="0" rebuychips="0" reg_code="5073503280"/>
</players>
</general>
<round no="0"><action no="1" player="KOPKHUNKRAP" type="15" sum="5"/>
<action no="2" player="OndaBianca1" type="15" discard="1" dealt="1" sum="5"/>
<action no="3" player="Rammesord2" type="15" discard="1" dealt="1" sum="5"/>
<action no="4" player="KOPKHUNKRAP" type="1" sum="15"/>
<action no="5" player="OndaBianca1" type="2" discard="1" dealt="1" sum="30"/>
</round>
<round no="1"><cards type="Pocket" player="Rammesord2">X X</cards>
<cards type="Pocket" player="KOPKHUNKRAP">D10 DQ</cards>
<cards type="Pocket" player="OndaBianca1">X X</cards>
<action no="6" player="Rammesord2" type="0" discard="1" dealt="1" sum="0"/>
<action no="7" player="KOPKHUNKRAP" type="23" sum="75"/>
<action no="8" player="OndaBianca1" type="3" discard="1" dealt="1" sum="45"/>
</round>
<round no="2"><cards type="Flop">C4 CQ HQ</cards>
<action no="9" player="KOPKHUNKRAP" type="5" sum="30"/>
<action no="10" player="OndaBianca1" type="0" discard="1" dealt="1" sum="0"/>
</round>
</game>
<game gamecode="6534102335"><general><startdate>2025-11-18 01:53:04</startdate>
<round>1</round>
<failsafecounter/>
<players><player seat="10" name="Rammesord2" chips="575" dealer="0" win="715" bet="355" muck="0" rebuy="0" addon="0" merge="0" rebuychips="0" reg_code="5073503572"/>
<player seat="3" name="KOPKHUNKRAP" chips="570" dealer="1" win="0" bet="5" muck="1" rebuy="0" addon="0" merge="0" rebuychips="0" reg_code="5073503280"/>
<player seat="6" name="OndaBianca1" chips="355" dealer="0" win="0" bet="355" muck="0" rebuy="0" addon="0" merge="0" rebuychips="0" reg_code="5073503502"/>
</players>
</general>
<round no="0"><action no="1" player="OndaBianca1" type="15" discard="1" dealt="1" sum="5"/>
<action no="2" player="Rammesord2" type="15" discard="1" dealt="1" sum="5"/>
<action no="3" player="KOPKHUNKRAP" type="15" sum="5"/>
<action no="4" player="OndaBianca1" type="1" discard="1" dealt="1" sum="15"/>
<action no="5" player="Rammesord2" type="2" discard="1" dealt="1" sum="30"/>
</round>
<round no="1"><cards type="Pocket" player="KOPKHUNKRAP">D2 SA</cards>
<cards type="Pocket" player="OndaBianca1">CQ DA</cards>
<cards type="Pocket" player="Rammesord2">DJ DK</cards>
<action no="6" player="KOPKHUNKRAP" type="0" sum="0"/>
<action no="7" player="OndaBianca1" type="23" discard="1" dealt="1" sum="350"/>
<action no="8" player="Rammesord2" type="3" discard="1" dealt="1" sum="320"/>
</round>
<round no="2"><cards type="Flop">DQ C4 C9</cards>
</round>
<round no="3"><cards type="Turn">D10</cards>
</round>
<round no="4"><cards type="River">CJ</cards>
</round>
</game>
<game gamecode="6534102378"><general><startdate>2025-11-18 01:53:38</startdate>
<round>1</round>
<failsafecounter/>
<players><player seat="3" name="KOPKHUNKRAP" chips="565" dealer="0" win="170" bet="565" muck="1" rebuy="0" addon="0" merge="0" rebuychips="0" reg_code="5073503280"/>
<player seat="10" name="Rammesord2" chips="935" dealer="1" win="0" bet="85" muck="1" rebuy="0" addon="0" merge="0" rebuychips="0" reg_code="5073503572"/>
</players>
</general>
<round no="0"><action no="1" player="Rammesord2" type="15" discard="1" dealt="1" sum="5"/>
<action no="2" player="KOPKHUNKRAP" type="15" sum="5"/>
<action no="3" player="Rammesord2" type="1" discard="1" dealt="1" sum="20"/>
<action no="4" player="KOPKHUNKRAP" type="2" sum="40"/>
</round>
<round no="1"><cards type="Pocket" player="KOPKHUNKRAP">CQ CK</cards>
<cards type="Pocket" player="Rammesord2">X X</cards>
<action no="5" player="Rammesord2" type="23" discard="1" dealt="1" sum="80"/>
<action no="6" player="KOPKHUNKRAP" type="23" sum="560"/>
<action no="7" player="Rammesord2" type="0" discard="1" dealt="1" sum="0"/>
</round>
</game>
<game gamecode="6534102419"><general><startdate>2025-11-18 01:54:12</startdate>
<round>1</round>
<failsafecounter/>
<players><player seat="10" name="Rammesord2" chips="850" dealer="0" win="50" bet="45" muck="1" rebuy="0" addon="0" merge="0" rebuychips="0" reg_code="5073503572"/>
<player seat="3" name="KOPKHUNKRAP" chips="650" dealer="1" win="0" bet="25" muck="1" rebuy="0" addon="0" merge="0" rebuychips="0" reg_code="5073503280"/>
</players>
</general>
<round no="0"><action no="1" player="KOPKHUNKRAP" type="15" sum="5"/>
<action no="2" player="Rammesord2" type="15" discard="1" dealt="1" sum="5"/>
<action no="3" player="KOPKHUNKRAP" type="1" sum="20"/>
<action no="4" player="Rammesord2" type="2" discard="1" dealt="1" sum="40"/>
</round>
<round no="1"><cards type="Pocket" player="Rammesord2">X X</cards>
<cards type="Pocket" player="KOPKHUNKRAP">D4 C2</cards>
<action no="5" player="KOPKHUNKRAP" type="0" sum="0"/>
</round>
</game>
<game gamecode="6534102438"><general><startdate>2025-11-18 01:54:26</startdate>
<round>1</round>
<failsafecounter/>
<players><player seat="3" name="KOPKHUNKRAP" chips="625" dealer="0" win="0" bet="141" muck="1" rebuy="0" addon="0" merge="0" rebuychips="0" reg_code="5073503280"/>
<player seat="10" name="Rammesord2" chips="875" dealer="1" win="282" bet="234" muck="1" rebuy="0" addon="0" merge="0" rebuychips="0" reg_code="5073503572"/>
</players>
</general>
<round no="0"><action no="1" player="Rammesord2" type="15" discard="1" dealt="1" sum="5"/>
<action no="2" player="KOPKHUNKRAP" type="15" sum="5"/>
<action no="3" player="Rammesord2" type="1" discard="1" dealt="1" sum="20"/>
<action no="4" player="KOPKHUNKRAP" type="2" sum="40"/>
</round>
<round no="1"><cards type="Pocket" player="KOPKHUNKRAP">CQ DJ</cards>
<cards type="Pocket" player="Rammesord2">X X</cards>
<action no="5" player="Rammesord2" type="23" discard="1" dealt="1" sum="80"/>
<action no="6" player="KOPKHUNKRAP" type="3" sum="40"/>
</round>
<round no="2"><cards type="Flop">C9 CK H7</cards>
<action no="7" player="KOPKHUNKRAP" type="4" sum="0"/>
<action no="8" player="Rammesord2" type="4" discard="1" dealt="1" sum="0"/>
</round>
<round no="3"><cards type="Turn">C5</cards>
<action no="9" player="KOPKHUNKRAP" type="4" sum="0"/>
<action no="10" player="Rammesord2" type="5" discard="1" dealt="1" sum="56"/>
<action no="11" player="KOPKHUNKRAP" type="3" sum="56"/>
</round>
<round no="4"><cards type="River">H4</cards>
<action no="12" player="KOPKHUNKRAP" type="4" sum="0"/>
<action no="13" player="Rammesord2" type="5" discard="1" dealt="1" sum="93"/>
<action no="14" player="KOPKHUNKRAP" type="0" sum="0"/>
</round>
</game>
<game gamecode="6534102533"><general><startdate>2025-11-18 01:55:38</startdate>
<round>1</round>
<failsafecounter/>
<players><player seat="10" name="Rammesord2" chips="1,016" dealer="0" win="130" bet="1,016" muck="1" rebuy="0" addon="0" merge="0" rebuychips="0" reg_code="5073503572"/>
<player seat="3" name="KOPKHUNKRAP" chips="484" dealer="1" win="0" bet="65" muck="1" rebuy="0" addon="0" merge="0" rebuychips="0" reg_code="5073503280"/>
</players>
</general>
<round no="0"><action no="1" player="KOPKHUNKRAP" type="15" sum="5"/>
<action no="2" player="Rammesord2" type="15" discard="1" dealt="1" sum="5"/>
<action no="3" player="KOPKHUNKRAP" type="1" sum="30"/>
<action no="4" player="Rammesord2" type="2" discard="1" dealt="1" sum="60"/>
</round>
<round no="1"><cards type="Pocket" player="KOPKHUNKRAP">H7 C9</cards>
<cards type="Pocket" player="Rammesord2">X X</cards>
<action no="5" player="KOPKHUNKRAP" type="3" sum="30"/>
<action no="6" player="Rammesord2" type="23" discard="1" dealt="1" sum="1,011"/>
<action no="7" player="KOPKHUNKRAP" type="0" sum="0"/>
</round>
</game>
<game gamecode="6534102567"><general><startdate>2025-11-18 01:56:04</startdate>
<round>1</round>
<failsafecounter/>
<players><player seat="3" name="KOPKHUNKRAP" chips="419" dealer="0" win="70" bet="65" muck="1" rebuy="0" addon="0" merge="0" rebuychips="0" reg_code="5073503280"/>
<player seat="10" name="Rammesord2" chips="1,081" dealer="1" win="0" bet="35" muck="1" rebuy="0" addon="0" merge="0" rebuychips="0" reg_code="5073503572"/>
</players>
</general>
<round no="0"><action no="1" player="Rammesord2" type="15" discard="1" dealt="1" sum="5"/>
<action no="2" player="KOPKHUNKRAP" type="15" sum="5"/>
<action no="3" player="Rammesord2" type="1" discard="1" dealt="1" sum="30"/>
<action no="4" player="KOPKHUNKRAP" type="2" sum="60"/>
</round>
<round no="1"><cards type="Pocket" player="KOPKHUNKRAP">D5 CQ</cards>
<cards type="Pocket" player="Rammesord2">X X</cards>
<action no="5" player="Rammesord2" type="0" discard="1" dealt="1" sum="0"/>
</round>
</game>
<game gamecode="6534102590"><general><startdate>2025-11-18 01:56:23</startdate>
<round>1</round>
<failsafecounter/>
<players><player seat="10" name="Rammesord2" chips="1,046" dealer="0" win="130" bet="1,046" muck="1" rebuy="0" addon="0" merge="0" rebuychips="0" reg_code="5073503572"/>
<player seat="3" name="KOPKHUNKRAP" chips="454" dealer="1" win="0" bet="65" muck="1" rebuy="0" addon="0" merge="0" rebuychips="0" reg_code="5073503280"/>
</players>
</general>
<round no="0"><action no="1" player="KOPKHUNKRAP" type="15" sum="5"/>
<action no="2" player="Rammesord2" type="15" discard="1" dealt="1" sum="5"/>
<action no="3" player="KOPKHUNKRAP" type="1" sum="30"/>
<action no="4" player="Rammesord2" type="2" discard="1" dealt="1" sum="60"/>
</round>
<round no="1"><cards type="Pocket" player="KOPKHUNKRAP">H5 HQ</cards>
<cards type="Pocket" player="Rammesord2">X X</cards>
<action no="5" player="KOPKHUNKRAP" type="3" sum="30"/>
<action no="6" player="Rammesord2" type="23" discard="1" dealt="1" sum="1,041"/>
<action no="7" player="KOPKHUNKRAP" type="0" sum="0"/>
</round>
</game>
<game gamecode="6534102634"><general><startdate>2025-11-18 01:56:49</startdate>
<round>1</round>
<failsafecounter/>
<players><player seat="3" name="KOPKHUNKRAP" chips="389" dealer="0" win="0" bet="65" muck="1" rebuy="0" addon="0" merge="0" rebuychips="0" reg_code="5073503280"/>
<player seat="10" name="Rammesord2" chips="1,111" dealer="1" win="130" bet="1,111" muck="1" rebuy="0" addon="0" merge="0" rebuychips="0" reg_code="5073503572"/>
</players>
</general>
<round no="0"><action no="1" player="Rammesord2" type="15" discard="1" dealt="1" sum="5"/>
<action no="2" player="KOPKHUNKRAP" type="15" sum="5"/>
<action no="3" player="Rammesord2" type="1" discard="1" dealt="1" sum="30"/>
<action no="4" player="KOPKHUNKRAP" type="2" sum="60"/>
</round>
<round no="1"><cards type="Pocket" player="Rammesord2">X X</cards>
<cards type="Pocket" player="KOPKHUNKRAP">S2 CQ</cards>
<action no="5" player="Rammesord2" type="23" discard="1" dealt="1" sum="1,106"/>
<action no="6" player="KOPKHUNKRAP" type="0" sum="0"/>
</round>
</game>
<game gamecode="6534102674"><general><startdate>2025-11-18 01:57:12</startdate>
<round>1</round>
<failsafecounter/>
<players><player seat="10" name="Rammesord2" chips="1,176" dealer="0" win="0" bet="65" muck="1" rebuy="0" addon="0" merge="0" rebuychips="0" reg_code="5073503572"/>
<player seat="3" name="KOPKHUNKRAP" chips="324" dealer="1" win="130" bet="324" muck="1" rebuy="0" addon="0" merge="0" rebuychips="0" reg_code="5073503280"/>
</players>
</general>
<round no="0"><action no="1" player="KOPKHUNKRAP" type="15" sum="5"/>
<action no="2" player="Rammesord2" type="15" discard="1" dealt="1" sum="5"/>
<action no="3" player="KOPKHUNKRAP" type="1" sum="30"/>
<action no="4" player="Rammesord2" type="2" discard="1" dealt="1" sum="60"/>
</round>
<round no="1"><cards type="Pocket" player="Rammesord2">X X</cards>
<cards type="Pocket" player="KOPKHUNKRAP">SA S4</cards>
<action no="5" player="KOPKHUNKRAP" type="23" sum="319"/>
<action no="6" player="Rammesord2" type="0" discard="1" dealt="1" sum="0"/>
</round>
</game>
<game gamecode="6534102705"><general><startdate>2025-11-18 01:57:34</startdate>
<round>1</round>
<failsafecounter/>
<players><player seat="3" name="KOPKHUNKRAP" chips="389" dealer="0" win="96" bet="88" muck="1" rebuy="0" addon="0" merge="0" rebuychips="0" reg_code="5073503280"/>
<player seat="10" name="Rammesord2" chips="1,111" dealer="1" win="0" bet="48" muck="1" rebuy="0" addon="0" merge="0" rebuychips="0" reg_code="5073503572"/>
</players>
</general>
<round no="0"><action no="1" player="Rammesord2" type="15" discard="1" dealt="1" sum="8"/>
<action no="2" player="KOPKHUNKRAP" type="15" sum="8"/>
<action no="3" player="Rammesord2" type="1" discard="1" dealt="1" sum="40"/>
<action no="4" player="KOPKHUNKRAP" type="2" sum="80"/>
</round>
<round no="1"><cards type="Pocket" player="KOPKHUNKRAP">H7 D3</cards>
<cards type="Pocket" player="Rammesord2">X X</cards>
<action no="5" player="Rammesord2" type="0" discard="1" dealt="1" sum="0"/>
</round>
</game>
<game gamecode="6534102729"><general><startdate>2025-11-18 01:57:52</startdate>
<round>1</round>
<failsafecounter/>
<players><player seat="10" name="Rammesord2" chips="1,063" dealer="0" win="0" bet="88" muck="1" rebuy="0" addon="0" merge="0" rebuychips="0" reg_code="5073503572"/>
<player seat="3" name="KOPKHUNKRAP" chips="437" dealer="1" win="176" bet="437" muck="1" rebuy="0" addon="0" merge="0" rebuychips="0" reg_code="5073503280"/>
</players>
</general>
<round no="0"><action no="1" player="KOPKHUNKRAP" type="15" sum="8"/>
<action no="2" player="Rammesord2" type="15" discard="1" dealt="1" sum="8"/>
<action no="3" player="KOPKHUNKRAP" type="1" sum="40"/>
<action no="4" player="Rammesord2" type="2" discard="1" dealt="1" sum="80"/>
</round>
<round no="1"><cards type="Pocket" player="KOPKHUNKRAP">D8 C6</cards>
<cards type="Pocket" player="Rammesord2">X X</cards>
<action no="5" player="KOPKHUNKRAP" type="23" sum="429"/>
<action no="6" player="Rammesord2" type="0" discard="1" dealt="1" sum="0"/>
</round>
</game>
<game gamecode="6534106768"><general><startdate>2025-11-18 01:58:14</startdate>
<round>1</round>
<failsafecounter/>
<players><player seat="3" name="KOPKHUNKRAP" chips="525" dealer="0" win="96" bet="88" muck="1" rebuy="0" addon="0" merge="0" rebuychips="0" reg_code="5073503280"/>
<player seat="10" name="Rammesord2" chips="975" dealer="1" win="0" bet="48" muck="1" rebuy="0" addon="0" merge="0" rebuychips="0" reg_code="5073503572"/>
</players>
</general>
<round no="0"><action no="1" player="Rammesord2" type="15" discard="1" dealt="1" sum="8"/>
<action no="2" player="KOPKHUNKRAP" type="15" sum="8"/>
<action no="3" player="Rammesord2" type="1" discard="1" dealt="1" sum="40"/>
<action no="4" player="KOPKHUNKRAP" type="2" sum="80"/>
</round>
<round no="1"><cards type="Pocket" player="Rammesord2">X X</cards>
<cards type="Pocket" player="KOPKHUNKRAP">C9 CJ</cards>
<action no="5" player="Rammesord2" type="0" discard="1" dealt="1" sum="0"/>
</round>
</game>
<game gamecode="6534106795"><general><startdate>2025-11-18 01:58:31</startdate>
<round>1</round>
<failsafecounter/>
<players><player seat="10" name="Rammesord2" chips="927" dealer="0" win="0" bet="573" muck="1" rebuy="0" addon="0" merge="0" rebuychips="0" reg_code="5073503572"/>
<player seat="3" name="KOPKHUNKRAP" chips="573" dealer="1" win="1,146" bet="573" muck="0" rebuy="0" addon="0" merge="0" rebuychips="0" reg_code="5073503280"/>
</players>
</general>
<round no="0"><action no="1" player="KOPKHUNKRAP" type="15" sum="8"/>
<action no="2" player="Rammesord2" type="15" discard="1" dealt="1" sum="8"/>
<action no="3" player="KOPKHUNKRAP" type="1" sum="40"/>
<action no="4" player="Rammesord2" type="2" discard="1" dealt="1" sum="80"/>
</round>
<round no="1"><cards type="Pocket" player="Rammesord2">DA S4</cards>
<cards type="Pocket" player="KOPKHUNKRAP">C7 CA</cards>
<action no="5" player="KOPKHUNKRAP" type="23" sum="565"/>
<action no="6" player="Rammesord2" type="3" discard="1" dealt="1" sum="485"/>
</round>
<round no="2"><cards type="Flop">D2 S3 SJ</cards>
</round>
<round no="3"><cards type="Turn">H10</cards>
</round>
<round no="4"><cards type="River">CJ</cards>
</round>
</game>
<game gamecode="6534106821"><general><startdate>2025-11-18 01:58:49</startdate>
<round>1</round>
<failsafecounter/>
<players><player seat="3" name="KOPKHUNKRAP" chips="1,146" dealer="0" win="96" bet="88" muck="1" rebuy="0" addon="0" merge="0" rebuychips="0" reg_code="5073503280"/>
<player seat="10" name="Rammesord2" chips="354" dealer="1" win="0" bet="48" muck="1" rebuy="0" addon="0" merge="0" rebuychips="0" reg_code="5073503572"/>
</players>
</general>
<round no="0"><action no="1" player="Rammesord2" type="15" discard="1" dealt="1" sum="8"/>
<action no="2" player="KOPKHUNKRAP" type="15" sum="8"/>
<action no="3" player="Rammesord2" type="1" discard="1" dealt="1" sum="40"/>
<action no="4" player="KOPKHUNKRAP" type="2" sum="80"/>
</round>
<round no="1"><cards type="Pocket" player="Rammesord2">X X</cards>
<cards type="Pocket" player="KOPKHUNKRAP">S2 CJ</cards>
<action no="5" player="Rammesord2" type="0" discard="1" dealt="1" sum="0"/>
</round>
</game>
<game gamecode="6534106831"><general><startdate>2025-11-18 01:58:56</startdate>
<round>1</round>
<failsafecounter/>
<players><player seat="10" name="Rammesord2" chips="306" dealer="0" win="0" bet="88" muck="1" rebuy="0" addon="0" merge="0" rebuychips="0" reg_code="5073503572"/>
<player seat="3" name="KOPKHUNKRAP" chips="1,194" dealer="1" win="176" bet="1,194" muck="1" rebuy="0" addon="0" merge="0" rebuychips="0" reg_code="5073503280"/>
</players>
</general>
<round no="0"><action no="1" player="KOPKHUNKRAP" type="15" sum="8"/>
<action no="2" player="Rammesord2" type="15" discard="1" dealt="1" sum="8"/>
<action no="3" player="KOPKHUNKRAP" type="1" sum="40"/>
<action no="4" player="Rammesord2" type="2" discard="1" dealt="1" sum="80"/>
</round>
<round no="1"><cards type="Pocket" player="KOPKHUNKRAP">HK C7</cards>
<cards type="Pocket" player="Rammesord2">X X</cards>
<action no="5" player="KOPKHUNKRAP" type="23" sum="1,186"/>
<action no="6" player="Rammesord2" type="0" discard="1" dealt="1" sum="0"/>
</round>
</game>
<game gamecode="6534106849"><general><startdate>2025-11-18 01:59:07</startdate>
<round>1</round>
<failsafecounter/>
<players><player seat="3" name="KOPKHUNKRAP" chips="1,282" dealer="0" win="436" bet="218" muck="0" rebuy="0" addon="0" merge="0" rebuychips="0" reg_code="5073503280"/>
<player seat="10" name="Rammesord2" chips="218" dealer="1" win="0" bet="218" muck="0" rebuy="0" addon="0" merge="0" rebuychips="0" reg_code="5073503572"/>
</players>
</general>
<round no="0"><action no="1" player="Rammesord2" type="15" discard="1" dealt="1" sum="8"/>
<action no="2" player="KOPKHUNKRAP" type="15" sum="8"/>
<action no="3" player="Rammesord2" type="1" discard="1" dealt="1" sum="40"/>
<action no="4" player="KOPKHUNKRAP" type="2" sum="80"/>
</round>
<round no="1"><cards type="Pocket" player="KOPKHUNKRAP">C9 D9</cards>
<cards type="Pocket" player="Rammesord2">S7 HQ</cards>
<action no="5" player="Rammesord2" type="23" discard="1" dealt="1" sum="210"/>
<action no="6" player="KOPKHUNKRAP" type="3" sum="130"/>
</round>
<round no="2"><cards type="Flop">H2 S10 C3</cards>
</round>
<round no="3"><cards type="Turn">S3</cards>
</round>
<round no="4"><cards type="River">SJ</cards>
</round>
</game>
</session>
