<?xml version="1.0" encoding="UTF-8"?>
<session sessioncode="5073315200">
<general>
<client_version>25.7.1.34</client_version>
<mode>real</mode>
<gametype>Holdem NL</gametype>
<tablename>Twister €200 SNG, 821842849</tablename>
<tournamentcode>821842848</tournamentcode>
<tournamentname>Twister €200 SNG</tournamentname>
<buyin>€0 + €12 + €188</buyin>
<totalbuyin>€200</totalbuyin>
<rewarddrawn>€400</rewarddrawn>
<tournamentcurrency>EUR</tournamentcurrency>
<currency>EUR</currency>
<nickname>KOPKHUNKRAP</nickname>
<gamecount>33</gamecount>
<startdate>2025-11-17 12:59:40</startdate>
<place>2</place>
<win>€0</win>
<tablesize>3</tablesize>
</general>
<game gamecode="6533381793"><general><startdate>2025-11-17 12:59:55</startdate>
<round>1</round>
<failsafecounter/>
<players><player seat="10" name="Fabri71o" chips="500" dealer="0" win="0" bet="60" muck="1" rebuy="0" addon="0" merge="0" rebuychips="0" reg_code="5073315201"/>
<player seat="3" name="Ankalaev" chips="500" dealer="1" win="0" bet="0" muck="1" rebuy="0" addon="0" merge="0" rebuychips="0" reg_code="5073314772"/>
<player seat="6" name="KOPKHUNKRAP" chips="500" dealer="0" win="120" bet="60" muck="0" rebuy="0" addon="0" merge="0" rebuychips="0" reg_code="5073315200"/>
</players>
</general>
<round no="0"><action no="1" player="KOPKHUNKRAP" type="1" sum="10"/>
<action no="2" player="Fabri71o" type="2" discard="1" dealt="1" sum="20"/>
</round>
<round no="1"><cards type="Pocket" player="Fabri71o">C3 C8</cards>
<cards type="Pocket" player="KOPKHUNKRAP">D4 DJ</cards>
<cards type="Pocket" player="Ankalaev">X X</cards>
<action no="3" player="Ankalaev" type="0" discard="1" dealt="1" sum="0"/>
<action no="4" player="KOPKHUNKRAP" type="3" sum="10"/>
<action no="5" player="Fabri71o" type="4" discard="1" dealt="1" sum="0"/>
</round>
<round no="2"><cards type="Flop">CQ S2 SJ</cards>
<action no="6" player="KOPKHUNKRAP" type="4" sum="0"/>
<action no="7" player="Fabri71o" type="4" discard="1" dealt="1" sum="0"/>
</round>
<round no="3"><cards type="Turn">C9</cards>
<action no="8" player="KOPKHUNKRAP" type="5" sum="40"/>
<action no="9" player="Fabri71o" type="3" discard="1" dealt="1" sum="40"/>
</round>
<round no="4"><cards type="River">H3</cards>
<action no="10" player="KOPKHUNKRAP" type="4" sum="0"/>
<action no="11" player="Fabri71o" type="4" discard="1" dealt="1" sum="0"/>
</round>
</game>
<game gamecode="6533381858"><general><startdate>2025-11-17 13:00:32</startdate>
<round>1</round>
<failsafecounter/>
<players><player seat="3" name="Ankalaev" chips="500" dealer="0" win="40" bet="20" muck="0" rebuy="0" addon="0" merge="0" rebuychips="0" reg_code="5073314772"/>
<player seat="6" name="KOPKHUNKRAP" chips="560" dealer="1" win="0" bet="0" muck="1" rebuy="0" addon="0" merge="0" rebuychips="0" reg_code="5073315200"/>
<player seat="10" name="Fabri71o" chips="440" dealer="0" win="0" bet="20" muck="1" rebuy="0" addon="0" merge="0" rebuychips="0" reg_code="5073315201"/>
</players>
</general>
<round no="0"><action no="1" player="Fabri71o" type="1" discard="1" dealt="1" sum="10"/>
<action no="2" player="Ankalaev" type="2" discard="1" dealt="1" sum="20"/>
</round>
<round no="1"><cards type="Pocket" player="Ankalaev">SA C3</cards>
<cards type="Pocket" player="KOPKHUNKRAP">S9 C2</cards>
<cards type="Pocket" player="Fabri71o">SJ S8</cards>
<action no="3" player="KOPKHUNKRAP" type="0" sum="0"/>
<action no="4" player="Fabri71o" type="3" discard="1" dealt="1" sum="10"/>
<action no="5" player="Ankalaev" type="4" discard="1" dealt="1" sum="0"/>
</round>
<round no="2"><cards type="Flop">D3 D10 SQ</cards>
<action no="6" player="Fabri71o" type="4" discard="1" dealt="1" sum="0"/>
<action no="7" player="Ankalaev" type="4" discard="1" dealt="1" sum="0"/>
</round>
<round no="3"><cards type="Turn">D7</cards>
<action no="8" player="Fabri71o" type="4" discard="1" dealt="1" sum="0"/>
<action no="9" player="Ankalaev" type="4" discard="1" dealt="1" sum="0"/>
</round>
<round no="4"><cards type="River">C6</cards>
<action no="10" player="Fabri71o" type="4" discard="1" dealt="1" sum="0"/>
<action no="11" player="Ankalaev" type="4" discard="1" dealt="1" sum="0"/>
</round>
</game>
<game gamecode="6533381930"><general><startdate>2025-11-17 13:01:16</startdate>
<round>1</round>
<failsafecounter/>
<players><player seat="6" name="KOPKHUNKRAP" chips="560" dealer="0" win="0" bet="20" muck="1" rebuy="0" addon="0" merge="0" rebuychips="0" reg_code="5073315200"/>
<player seat="10" name="Fabri71o" chips="420" dealer="1" win="0" bet="40" muck="1" rebuy="0" addon="0" merge="0" rebuychips="0" reg_code="5073315201"/>
<player seat="3" name="Ankalaev" chips="520" dealer="0" win="100" bet="520" muck="1" rebuy="0" addon="0" merge="0" rebuychips="0" reg_code="5073314772"/>
</players>
</general>
<round no="0"><action no="1" player="Ankalaev" type="1" discard="1" dealt="1" sum="10"/>
<action no="2" player="KOPKHUNKRAP" type="2" sum="20"/>
</round>
<round no="1"><cards type="Pocket" player="KOPKHUNKRAP">H4 SJ</cards>
<cards type="Pocket" player="Fabri71o">X X</cards>
<cards type="Pocket" player="Ankalaev">X X</cards>
<action no="3" player="Fabri71o" type="23" discard="1" dealt="1" sum="40"/>
<action no="4" player="Ankalaev" type="23" discard="1" dealt="1" sum="520"/>
<action no="5" player="KOPKHUNKRAP" type="0" sum="0"/>
<action no="6" player="Fabri71o" type="0" discard="1" dealt="1" sum="0"/>
</round>
</game>
<game gamecode="6533381958"><general><startdate>2025-11-17 13:01:37</startdate>
<round>1</round>
<failsafecounter/>
<players><player seat="10" name="Fabri71o" chips="380" dealer="0" win="0" bet="35" muck="1" rebuy="0" addon="0" merge="0" rebuychips="0" reg_code="5073315201"/>
<player seat="3" name="Ankalaev" chips="580" dealer="1" win="90" bet="580" muck="1" rebuy="0" addon="0" merge="0" rebuychips="0" reg_code="5073314772"/>
<player seat="6" name="KOPKHUNKRAP" chips="540" dealer="0" win="0" bet="20" muck="1" rebuy="0" addon="0" merge="0" rebuychips="0" reg_code="5073315200"/>
</players>
</general>
<round no="0"><action no="1" player="KOPKHUNKRAP" type="15" sum="5"/>
<action no="2" player="Fabri71o" type="15" discard="1" dealt="1" sum="5"/>
<action no="3" player="Ankalaev" type="15" discard="1" dealt="1" sum="5"/>
<action no="4" player="KOPKHUNKRAP" type="1" sum="15"/>
<action no="5" player="Fabri71o" type="2" discard="1" dealt="1" sum="30"/>
</round>
<round no="1"><cards type="Pocket" player="KOPKHUNKRAP">C8 SJ</cards>
<cards type="Pocket" player="Fabri71o">X X</cards>
<cards type="Pocket" player="Ankalaev">X X</cards>
<action no="6" player="Ankalaev" type="23" discard="1" dealt="1" sum="575"/>
<action no="7" player="KOPKHUNKRAP" type="0" sum="0"/>
<action no="8" player="Fabri71o" type="0" discard="1" dealt="1" sum="0"/>
</round>
</game>
<game gamecode="6533381985"><general><startdate>2025-11-17 13:01:53</startdate>
<round>1</round>
<failsafecounter/>
<players><player seat="3" name="Ankalaev" chips="635" dealer="0" win="0" bet="520" muck="1" rebuy="0" addon="0" merge="0" rebuychips="0" reg_code="5073314772"/>
<player seat="6" name="KOPKHUNKRAP" chips="520" dealer="1" win="1,060" bet="520" muck="0" rebuy="0" addon="0" merge="0" rebuychips="0" reg_code="5073315200"/>
<player seat="10" name="Fabri71o" chips="345" dealer="0" win="0" bet="20" muck="1" rebuy="0" addon="0" merge="0" rebuychips="0" reg_code="5073315201"/>
</players>
</general>
<round no="0"><action no="1" player="Fabri71o" type="15" discard="1" dealt="1" sum="5"/>
<action no="2" player="Ankalaev" type="15" discard="1" dealt="1" sum="5"/>
<action no="3" player="KOPKHUNKRAP" type="15" sum="5"/>
<action no="4" player="Fabri71o" type="1" discard="1" dealt="1" sum="15"/>
<action no="5" player="Ankalaev" type="2" discard="1" dealt="1" sum="30"/>
</round>
<round no="1"><cards type="Pocket" player="Fabri71o">X X</cards>
<cards type="Pocket" player="Ankalaev">HA D9</cards>
<cards type="Pocket" player="KOPKHUNKRAP">S2 H2</cards>
<action no="6" player="KOPKHUNKRAP" type="23" sum="515"/>
<action no="7" player="Fabri71o" type="0" discard="1" dealt="1" sum="0"/>
<action no="8" player="Ankalaev" type="3" discard="1" dealt="1" sum="485"/>
</round>
<round no="2"><cards type="Flop">D6 S7 DK</cards>
</round>
<round no="3"><cards type="Turn">H4</cards>
</round>
<round no="4"><cards type="River">C2</cards>
</round>
</game>
<game gamecode="6533385783"><general><startdate>2025-11-17 13:02:16</startdate>
<round>1</round>
<failsafecounter/>
<players><player seat="6" name="KOPKHUNKRAP" chips="1,060" dealer="0" win="235" bet="115" muck="0" rebuy="0" addon="0" merge="0" rebuychips="0" reg_code="5073315200"/>
<player seat="10" name="Fabri71o" chips="325" dealer="1" win="0" bet="5" muck="1" rebuy="0" addon="0" merge="0" rebuychips="0" reg_code="5073315201"/>
<player seat="3" name="Ankalaev" chips="115" dealer="0" win="0" bet="115" muck="0" rebuy="0" addon="0" merge="0" rebuychips="0" reg_code="5073314772"/>
</players>
</general>
<round no="0"><action no="1" player="Ankalaev" type="15" discard="1" dealt="1" sum="5"/>
<action no="2" player="KOPKHUNKRAP" type="15" sum="5"/>
<action no="3" player="Fabri71o" type="15" discard="1" dealt="1" sum="5"/>
<action no="4" player="Ankalaev" type="1" discard="1" dealt="1" sum="15"/>
<action no="5" player="KOPKHUNKRAP" type="2" sum="30"/>
</round>
<round no="1"><cards type="Pocket" player="KOPKHUNKRAP">S3 S9</cards>
<cards type="Pocket" player="Fabri71o">X X</cards>
<cards type="Pocket" player="Ankalaev">D7 SJ</cards>
<action no="6" player="Fabri71o" type="0" discard="1" dealt="1" sum="0"/>
<action no="7" player="Ankalaev" type="23" discard="1" dealt="1" sum="110"/>
<action no="8" player="KOPKHUNKRAP" type="3" sum="80"/>
</round>
<round no="2"><cards type="Flop">DA CQ H4</cards>
</round>
<round no="3"><cards type="Turn">D9</cards>
</round>
<round no="4"><cards type="River">D2</cards>
</round>
</game>
<game gamecode="6533385816"><general><startdate>2025-11-17 13:02:37</startdate>
<round>1</round>
<failsafecounter/>
<players><player seat="10" name="Fabri71o" chips="320" dealer="0" win="0" bet="35" muck="1" rebuy="0" addon="0" merge="0" rebuychips="0" reg_code="5073315201"/>
<player seat="6" name="KOPKHUNKRAP" chips="1,180" dealer="1" win="70" bet="1,180" muck="1" rebuy="0" addon="0" merge="0" rebuychips="0" reg_code="5073315200"/>
</players>
</general>
<round no="0"><action no="1" player="KOPKHUNKRAP" type="15" sum="5"/>
<action no="2" player="Fabri71o" type="15" discard="1" dealt="1" sum="5"/>
<action no="3" player="KOPKHUNKRAP" type="1" sum="15"/>
<action no="4" player="Fabri71o" type="2" discard="1" dealt="1" sum="30"/>
</round>
<round no="1"><cards type="Pocket" player="Fabri71o">X X</cards>
<cards type="Pocket" player="KOPKHUNKRAP">DA D7</cards>
<action no="5" player="KOPKHUNKRAP" type="23" sum="1,175"/>
<action no="6" player="Fabri71o" type="0" discard="1" dealt="1" sum="0"/>
</round>
</game>
<game gamecode="6533385831"><general><startdate>2025-11-17 13:02:50</startdate>
<round>1</round>
<failsafecounter/>
<players><player seat="6" name="KOPKHUNKRAP" chips="1,215" dealer="0" win="285" bet="285" muck="0" rebuy="0" addon="0" merge="0" rebuychips="0" reg_code="5073315200"/>
<player seat="10" name="Fabri71o" chips="285" dealer="1" win="285" bet="285" muck="0" rebuy="0" addon="0" merge="0" rebuychips="0" reg_code="5073315201"/>
</players>
</general>
<round no="0"><action no="1" player="Fabri71o" type="15" discard="1" dealt="1" sum="5"/>
<action no="2" player="KOPKHUNKRAP" type="15" sum="5"/>
<action no="3" player="Fabri71o" type="1" discard="1" dealt="1" sum="15"/>
<action no="4" player="KOPKHUNKRAP" type="2" sum="30"/>
</round>
<round no="1"><cards type="Pocket" player="Fabri71o">S6 CK</cards>
<cards type="Pocket" player="KOPKHUNKRAP">C8 SK</cards>
<action no="5" player="Fabri71o" type="23" discard="1" dealt="1" sum="280"/>
<action no="6" player="KOPKHUNKRAP" type="3" sum="250"/>
</round>
<round no="2"><cards type="Flop">C5 DA H10</cards>
</round>
<round no="3"><cards type="Turn">D2</cards>
</round>
<round no="4"><cards type="River">D5</cards>
</round>
</game>
<game gamecode="6533385853"><general><startdate>2025-11-17 13:03:09</startdate>
<round>1</round>
<failsafecounter/>
<players><player seat="10" name="Fabri71o" chips="285" dealer="0" win="0" bet="35" muck="1" rebuy="0" addon="0" merge="0" rebuychips="0" reg_code="5073315201"/>
<player seat="6" name="KOPKHUNKRAP" chips="1,215" dealer="1" win="70" bet="1,215" muck="1" rebuy="0" addon="0" merge="0" rebuychips="0" reg_code="5073315200"/>
</players>
</general>
<round no="0"><action no="1" player="KOPKHUNKRAP" type="15" sum="5"/>
<action no="2" player="Fabri71o" type="15" discard="1" dealt="1" sum="5"/>
<action no="3" player="KOPKHUNKRAP" type="1" sum="15"/>
<action no="4" player="Fabri71o" type="2" discard="1" dealt="1" sum="30"/>
</round>
<round no="1"><cards type="Pocket" player="KOPKHUNKRAP">H8 CA</cards>
<cards type="Pocket" player="Fabri71o">X X</cards>
<action no="5" player="KOPKHUNKRAP" type="23" sum="1,210"/>
<action no="6" player="Fabri71o" type="0" discard="1" dealt="1" sum="0"/>
</round>
</game>
<game gamecode="6533385870"><general><startdate>2025-11-17 13:03:18</startdate>
<round>1</round>
<failsafecounter/>
<players><player seat="6" name="KOPKHUNKRAP" chips="1,250" dealer="0" win="0" bet="45" muck="1" rebuy="0" addon="0" merge="0" rebuychips="0" reg_code="5073315200"/>
<player seat="10" name="Fabri71o" chips="250" dealer="1" win="90" bet="250" muck="1" rebuy="0" addon="0" merge="0" rebuychips="0" reg_code="5073315201"/>
</players>
</general>
<round no="0"><action no="1" player="Fabri71o" type="15" discard="1" dealt="1" sum="5"/>
<action no="2" player="KOPKHUNKRAP" type="15" sum="5"/>
<action no="3" player="Fabri71o" type="1" discard="1" dealt="1" sum="20"/>
<action no="4" player="KOPKHUNKRAP" type="2" sum="40"/>
</round>
<round no="1"><cards type="Pocket" player="Fabri71o">X X</cards>
<cards type="Pocket" player="KOPKHUNKRAP">D4 SJ</cards>
<action no="5" player="Fabri71o" type="23" discard="1" dealt="1" sum="245"/>
<action no="6" player="KOPKHUNKRAP" type="0" sum="0"/>
</round>
</game>
<game gamecode="6533385888"><general><startdate>2025-11-17 13:03:32</startdate>
<round>1</round>
<failsafecounter/>
<players><player seat="10" name="Fabri71o" chips="295" dealer="0" win="590" bet="295" muck="0" rebuy="0" addon="0" merge="0" rebuychips="0" reg_code="5073315201"/>
<player seat="6" name="KOPKHUNKRAP" chips="1,205" dealer="1" win="0" bet="1,205" muck="1" rebuy="0" addon="0" merge="0" rebuychips="0" reg_code="5073315200"/>
</players>
</general>
<round no="0"><action no="1" player="KOPKHUNKRAP" type="15" sum="5"/>
<action no="2" player="Fabri71o" type="15" discard="1" dealt="1" sum="5"/>
<action no="3" player="KOPKHUNKRAP" type="1" sum="20"/>
<action no="4" player="Fabri71o" type="2" discard="1" dealt="1" sum="40"/>
</round>
<round no="1"><cards type="Pocket" player="KOPKHUNKRAP">H4 H5</cards>
<cards type="Pocket" player="Fabri71o">D5 HK</cards>
<action no="5" player="KOPKHUNKRAP" type="23" sum="1,200"/>
<action no="6" player="Fabri71o" type="7" discard="1" dealt="1" sum="250"/>
</round>
<round no="2"><cards type="Flop">SJ C3 DA</cards>
</round>
<round no="3"><cards type="Turn">H8</cards>
</round>
<round no="4"><cards type="River">DQ</cards>
</round>
</game>
<game gamecode="6533385913"><general><startdate>2025-11-17 13:03:49</startdate>
<round>1</round>
<failsafecounter/>
<players><player seat="6" name="KOPKHUNKRAP" chips="910" dealer="0" win="50" bet="45" muck="1" rebuy="0" addon="0" merge="0" rebuychips="0" reg_code="5073315200"/>
<player seat="10" name="Fabri71o" chips="590" dealer="1" win="0" bet="25" muck="1" rebuy="0" addon="0" merge="0" rebuychips="0" reg_code="5073315201"/>
</players>
</general>
<round no="0"><action no="1" player="Fabri71o" type="15" discard="1" dealt="1" sum="5"/>
<action no="2" player="KOPKHUNKRAP" type="15" sum="5"/>
<action no="3" player="Fabri71o" type="1" discard="1" dealt="1" sum="20"/>
<action no="4" player="KOPKHUNKRAP" type="2" sum="40"/>
</round>
<round no="1"><cards type="Pocket" player="Fabri71o">X X</cards>
<cards type="Pocket" player="KOPKHUNKRAP">C3 DK</cards>
<action no="5" player="Fabri71o" type="0" discard="1" dealt="1" sum="0"/>
</round>
</game>
<game gamecode="6533385925"><general><startdate>2025-11-17 13:03:56</startdate>
<round>1</round>
<failsafecounter/>
<players><player seat="10" name="Fabri71o" chips="565" dealer="0" win="90" bet="565" muck="1" rebuy="0" addon="0" merge="0" rebuychips="0" reg_code="5073315201"/>
<player seat="6" name="KOPKHUNKRAP" chips="935" dealer="1" win="0" bet="45" muck="1" rebuy="0" addon="0" merge="0" rebuychips="0" reg_code="5073315200"/>
</players>
</general>
<round no="0"><action no="1" player="KOPKHUNKRAP" type="15" sum="5"/>
<action no="2" player="Fabri71o" type="15" discard="1" dealt="1" sum="5"/>
<action no="3" player="KOPKHUNKRAP" type="1" sum="20"/>
<action no="4" player="Fabri71o" type="2" discard="1" dealt="1" sum="40"/>
</round>
<round no="1"><cards type="Pocket" player="KOPKHUNKRAP">C2 S3</cards>
<cards type="Pocket" player="Fabri71o">X X</cards>
<action no="5" player="KOPKHUNKRAP" type="3" sum="20"/>
<action no="6" player="Fabri71o" type="23" discard="1" dealt="1" sum="560"/>
<action no="7" player="KOPKHUNKRAP" type="0" sum="0"/>
</round>
</game>
<game gamecode="6533385944"><general><startdate>2025-11-17 13:04:07</startdate>
<round>1</round>
<failsafecounter/>
<players><player seat="6" name="KOPKHUNKRAP" chips="890" dealer="0" win="0" bet="45" muck="1" rebuy="0" addon="0" merge="0" rebuychips="0" reg_code="5073315200"/>
<player seat="10" name="Fabri71o" chips="610" dealer="1" win="90" bet="610" muck="1" rebuy="0" addon="0" merge="0" rebuychips="0" reg_code="5073315201"/>
</players>
</general>
<round no="0"><action no="1" player="Fabri71o" type="15" discard="1" dealt="1" sum="5"/>
<action no="2" player="KOPKHUNKRAP" type="15" sum="5"/>
<action no="3" player="Fabri71o" type="1" discard="1" dealt="1" sum="20"/>
<action no="4" player="KOPKHUNKRAP" type="2" sum="40"/>
</round>
<round no="1"><cards type="Pocket" player="Fabri71o">X X</cards>
<cards type="Pocket" player="KOPKHUNKRAP">H9 D6</cards>
<action no="5" player="Fabri71o" type="23" discard="1" dealt="1" sum="605"/>
<action no="6" player="KOPKHUNKRAP" type="0" sum="0"/>
</round>
</game>
<game gamecode="6533385963"><general><startdate>2025-11-17 13:04:18</startdate>
<round>1</round>
<failsafecounter/>
<players><player seat="10" name="Fabri71o" chips="655" dealer="0" win="0" bet="45" muck="1" rebuy="0" addon="0" merge="0" rebuychips="0" reg_code="5073315201"/>
<player seat="6" name="KOPKHUNKRAP" chips="845" dealer="1" win="90" bet="85" muck="1" rebuy="0" addon="0" merge="0" rebuychips="0" reg_code="5073315200"/>
</players>
</general>
<round no="0"><action no="1" player="KOPKHUNKRAP" type="15" sum="5"/>
<action no="2" player="Fabri71o" type="15" discard="1" dealt="1" sum="5"/>
<action no="3" player="KOPKHUNKRAP" type="1" sum="20"/>
<action no="4" player="Fabri71o" type="2" discard="1" dealt="1" sum="40"/>
</round>
<round no="1"><cards type="Pocket" player="Fabri71o">X X</cards>
<cards type="Pocket" player="KOPKHUNKRAP">DA H10</cards>
<action no="5" player="KOPKHUNKRAP" type="23" sum="80"/>
<action no="6" player="Fabri71o" type="0" discard="1" dealt="1" sum="0"/>
</round>
</game>
<game gamecode="6533385982"><general><startdate>2025-11-17 13:04:30</startdate>
<round>1</round>
<failsafecounter/>
<players><player seat="6" name="KOPKHUNKRAP" chips="890" dealer="0" win="90" bet="890" muck="1" rebuy="0" addon="0" merge="0" rebuychips="0" reg_code="5073315200"/>
<player seat="10" name="Fabri71o" chips="610" dealer="1" win="0" bet="45" muck="1" rebuy="0" addon="0" merge="0" rebuychips="0" reg_code="5073315201"/>
</players>
</general>
<round no="0"><action no="1" player="Fabri71o" type="15" discard="1" dealt="1" sum="5"/>
<action no="2" player="KOPKHUNKRAP" type="15" sum="5"/>
<action no="3" player="Fabri71o" type="1" discard="1" dealt="1" sum="20"/>
<action no="4" player="KOPKHUNKRAP" type="2" sum="40"/>
</round>
<round no="1"><cards type="Pocket" player="Fabri71o">X X</cards>
<cards type="Pocket" player="KOPKHUNKRAP">DK CA</cards>
<action no="5" player="Fabri71o" type="3" discard="1" dealt="1" sum="20"/>
<action no="6" player="KOPKHUNKRAP" type="23" sum="885"/>
<action no="7" player="Fabri71o" type="0" discard="1" dealt="1" sum="0"/>
</round>
</game>
<game gamecode="6533386002"><general><startdate>2025-11-17 13:04:39</startdate>
<round>1</round>
<failsafecounter/>
<players><player seat="10" name="Fabri71o" chips="565" dealer="0" win="0" bet="45" muck="1" rebuy="0" addon="0" merge="0" rebuychips="0" reg_code="5073315201"/>
<player seat="6" name="KOPKHUNKRAP" chips="935" dealer="1" win="90" bet="935" muck="1" rebuy="0" addon="0" merge="0" rebuychips="0" reg_code="5073315200"/>
</players>
</general>
<round no="0"><action no="1" player="KOPKHUNKRAP" type="15" sum="5"/>
<action no="2" player="Fabri71o" type="15" discard="1" dealt="1" sum="5"/>
<action no="3" player="KOPKHUNKRAP" type="1" sum="20"/>
<action no="4" player="Fabri71o" type="2" discard="1" dealt="1" sum="40"/>
</round>
<round no="1"><cards type="Pocket" player="KOPKHUNKRAP">C4 H4</cards>
<cards type="Pocket" player="Fabri71o">X X</cards>
<action no="5" player="KOPKHUNKRAP" type="23" sum="930"/>
<action no="6" player="Fabri71o" type="0" discard="1" dealt="1" sum="0"/>
</round>
</game>
<game gamecode="6533386017"><general><startdate>2025-11-17 13:04:48</startdate>
<round>1</round>
<failsafecounter/>
<players><player seat="6" name="KOPKHUNKRAP" chips="980" dealer="0" win="0" bet="45" muck="1" rebuy="0" addon="0" merge="0" rebuychips="0" reg_code="5073315200"/>
<player seat="10" name="Fabri71o" chips="520" dealer="1" win="90" bet="520" muck="1" rebuy="0" addon="0" merge="0" rebuychips="0" reg_code="5073315201"/>
</players>
</general>
<round no="0"><action no="1" player="Fabri71o" type="15" discard="1" dealt="1" sum="5"/>
<action no="2" player="KOPKHUNKRAP" type="15" sum="5"/>
<action no="3" player="Fabri71o" type="1" discard="1" dealt="1" sum="20"/>
<action no="4" player="KOPKHUNKRAP" type="2" sum="40"/>
</round>
<round no="1"><cards type="Pocket" player="Fabri71o">X X</cards>
<cards type="Pocket" player="KOPKHUNKRAP">S2 C7</cards>
<action no="5" player="Fabri71o" type="3" discard="1" dealt="1" sum="20"/>
<action no="6" player="KOPKHUNKRAP" type="4" sum="0"/>
</round>
<round no="2"><cards type="Flop">C10 C8 HA</cards>
<action no="7" player="KOPKHUNKRAP" type="4" sum="0"/>
<action no="8" player="Fabri71o" type="5" discard="1" dealt="1" sum="475"/>
<action no="9" player="KOPKHUNKRAP" type="0" sum="0"/>
</round>
</game>
<game gamecode="6533386055"><general><startdate>2025-11-17 13:05:13</startdate>
<round>1</round>
<failsafecounter/>
<players><player seat="10" name="Fabri71o" chips="565" dealer="0" win="0" bet="65" muck="1" rebuy="0" addon="0" merge="0" rebuychips="0" reg_code="5073315201"/>
<player seat="6" name="KOPKHUNKRAP" chips="935" dealer="1" win="130" bet="65" muck="0" rebuy="0" addon="0" merge="0" rebuychips="0" reg_code="5073315200"/>
</players>
</general>
<round no="0"><action no="1" player="KOPKHUNKRAP" type="15" sum="5"/>
<action no="2" player="Fabri71o" type="15" discard="1" dealt="1" sum="5"/>
<action no="3" player="KOPKHUNKRAP" type="1" sum="30"/>
<action no="4" player="Fabri71o" type="2" discard="1" dealt="1" sum="60"/>
</round>
<round no="1"><cards type="Pocket" player="Fabri71o">S3 H7</cards>
<cards type="Pocket" player="KOPKHUNKRAP">D4 DJ</cards>
<action no="5" player="KOPKHUNKRAP" type="3" sum="30"/>
<action no="6" player="Fabri71o" type="4" discard="1" dealt="1" sum="0"/>
</round>
<round no="2"><cards type="Flop">S2 S9 S6</cards>
<action no="7" player="Fabri71o" type="4" discard="1" dealt="1" sum="0"/>
<action no="8" player="KOPKHUNKRAP" type="4" sum="0"/>
</round>
<round no="3"><cards type="Turn">H9</cards>
<action no="9" player="Fabri71o" type="4" discard="1" dealt="1" sum="0"/>
<action no="10" player="KOPKHUNKRAP" type="4" sum="0"/>
</round>
<round no="4"><cards type="River">H5</cards>
<action no="11" player="Fabri71o" type="4" discard="1" dealt="1" sum="0"/>
<action no="12" player="KOPKHUNKRAP" type="4" sum="0"/>
</round>
</game>
<game gamecode="6533386078"><general><startdate>2025-11-17 13:05:29</startdate>
<round>1</round>
<failsafecounter/>
<players><player seat="6" name="KOPKHUNKRAP" chips="1,000" dealer="0" win="0" bet="65" muck="1" rebuy="0" addon="0" merge="0" rebuychips="0" reg_code="5073315200"/>
<player seat="10" name="Fabri71o" chips="500" dealer="1" win="130" bet="65" muck="0" rebuy="0" addon="0" merge="0" rebuychips="0" reg_code="5073315201"/>
</players>
</general>
<round no="0"><action no="1" player="Fabri71o" type="15" discard="1" dealt="1" sum="5"/>
<action no="2" player="KOPKHUNKRAP" type="15" sum="5"/>
<action no="3" player="Fabri71o" type="1" discard="1" dealt="1" sum="30"/>
<action no="4" player="KOPKHUNKRAP" type="2" sum="60"/>
</round>
<round no="1"><cards type="Pocket" player="Fabri71o">C8 HJ</cards>
<cards type="Pocket" player="KOPKHUNKRAP">H8 D6</cards>
<action no="5" player="Fabri71o" type="3" discard="1" dealt="1" sum="30"/>
<action no="6" player="KOPKHUNKRAP" type="4" sum="0"/>
</round>
<round no="2"><cards type="Flop">H5 SA SK</cards>
<action no="7" player="KOPKHUNKRAP" type="4" sum="0"/>
<action no="8" player="Fabri71o" type="4" discard="1" dealt="1" sum="0"/>
</round>
<round no="3"><cards type="Turn">C4</cards>
<action no="9" player="KOPKHUNKRAP" type="4" sum="0"/>
<action no="10" player="Fabri71o" type="4" discard="1" dealt="1" sum="0"/>
</round>
<round no="4"><cards type="River">S10</cards>
<action no="11" player="KOPKHUNKRAP" type="4" sum="0"/>
<action no="12" player="Fabri71o" type="4" discard="1" dealt="1" sum="0"/>
</round>
</game>
<game gamecode="6533386123"><general><startdate>2025-11-17 13:05:58</startdate>
<round>1</round>
<failsafecounter/>
<players><player seat="10" name="Fabri71o" chips="565" dealer="0" win="0" bet="65" muck="1" rebuy="0" addon="0" merge="0" rebuychips="0" reg_code="5073315201"/>
<player seat="6" name="KOPKHUNKRAP" chips="935" dealer="1" win="130" bet="935" muck="1" rebuy="0" addon="0" merge="0" rebuychips="0" reg_code="5073315200"/>
</players>
</general>
<round no="0"><action no="1" player="KOPKHUNKRAP" type="15" sum="5"/>
<action no="2" player="Fabri71o" type="15" discard="1" dealt="1" sum="5"/>
<action no="3" player="KOPKHUNKRAP" type="1" sum="30"/>
<action no="4" player="Fabri71o" type="2" discard="1" dealt="1" sum="60"/>
</round>
<round no="1"><cards type="Pocket" player="KOPKHUNKRAP">C10 C9</cards>
<cards type="Pocket" player="Fabri71o">X X</cards>
<action no="5" player="KOPKHUNKRAP" type="23" sum="930"/>
<action no="6" player="Fabri71o" type="0" discard="1" dealt="1" sum="0"/>
</round>
</game>
<game gamecode="6533386134"><general><startdate>2025-11-17 13:06:08</startdate>
<round>1</round>
<failsafecounter/>
<players><player seat="6" name="KOPKHUNKRAP" chips="1,000" dealer="0" win="0" bet="65" muck="1" rebuy="0" addon="0" merge="0" rebuychips="0" reg_code="5073315200"/>
<player seat="10" name="Fabri71o" chips="500" dealer="1" win="130" bet="500" muck="1" rebuy="0" addon="0" merge="0" rebuychips="0" reg_code="5073315201"/>
</players>
</general>
<round no="0"><action no="1" player="Fabri71o" type="15" discard="1" dealt="1" sum="5"/>
<action no="2" player="KOPKHUNKRAP" type="15" sum="5"/>
<action no="3" player="Fabri71o" type="1" discard="1" dealt="1" sum="30"/>
<action no="4" player="KOPKHUNKRAP" type="2" sum="60"/>
</round>
<round no="1"><cards type="Pocket" player="Fabri71o">X X</cards>
<cards type="Pocket" player="KOPKHUNKRAP">C2 H3</cards>
<action no="5" player="Fabri71o" type="23" discard="1" dealt="1" sum="495"/>
<action no="6" player="KOPKHUNKRAP" type="0" sum="0"/>
</round>
</game>
<game gamecode="6533386154"><general><startdate>2025-11-17 13:06:20</startdate>
<round>1</round>
<failsafecounter/>
<players><player seat="10" name="Fabri71o" chips="565" dealer="0" win="185" bet="185" muck="0" rebuy="0" addon="0" merge="0" rebuychips="0" reg_code="5073315201"/>
<player seat="6" name="KOPKHUNKRAP" chips="935" dealer="1" win="185" bet="185" muck="0" rebuy="0" addon="0" merge="0" rebuychips="0" reg_code="5073315200"/>
</players>
</general>
<round no="0"><action no="1" player="KOPKHUNKRAP" type="15" sum="5"/>
<action no="2" player="Fabri71o" type="15" discard="1" dealt="1" sum="5"/>
<action no="3" player="KOPKHUNKRAP" type="1" sum="30"/>
<action no="4" player="Fabri71o" type="2" discard="1" dealt="1" sum="60"/>
</round>
<round no="1"><cards type="Pocket" player="Fabri71o">D7 D3</cards>
<cards type="Pocket" player="KOPKHUNKRAP">S7 DJ</cards>
<action no="5" player="KOPKHUNKRAP" type="3" sum="30"/>
<action no="6" player="Fabri71o" type="4" discard="1" dealt="1" sum="0"/>
</round>
<round no="2"><cards type="Flop">HA H7 SK</cards>
<action no="7" player="Fabri71o" type="5" discard="1" dealt="1" sum="60"/>
<action no="8" player="KOPKHUNKRAP" type="3" sum="60"/>
</round>
<round no="3"><cards type="Turn">CA</cards>
<action no="9" player="Fabri71o" type="5" discard="1" dealt="1" sum="60"/>
<action no="10" player="KOPKHUNKRAP" type="3" sum="60"/>
</round>
<round no="4"><cards type="River">H8</cards>
<action no="11" player="Fabri71o" type="4" discard="1" dealt="1" sum="0"/>
<action no="12" player="KOPKHUNKRAP" type="4" sum="0"/>
</round>
</game>
<game gamecode="6533386224"><general><startdate>2025-11-17 13:06:59</startdate>
<round>1</round>
<failsafecounter/>
<players><player seat="6" name="KOPKHUNKRAP" chips="935" dealer="0" win="96" bet="88" muck="1" rebuy="0" addon="0" merge="0" rebuychips="0" reg_code="5073315200"/>
<player seat="10" name="Fabri71o" chips="565" dealer="1" win="0" bet="48" muck="1" rebuy="0" addon="0" merge="0" rebuychips="0" reg_code="5073315201"/>
</players>
</general>
<round no="0"><action no="1" player="Fabri71o" type="15" discard="1" dealt="1" sum="8"/>
<action no="2" player="KOPKHUNKRAP" type="15" sum="8"/>
<action no="3" player="Fabri71o" type="1" discard="1" dealt="1" sum="40"/>
<action no="4" player="KOPKHUNKRAP" type="2" sum="80"/>
</round>
<round no="1"><cards type="Pocket" player="Fabri71o">X X</cards>
<cards type="Pocket" player="KOPKHUNKRAP">S5 H5</cards>
<action no="5" player="Fabri71o" type="0" discard="1" dealt="1" sum="0"/>
</round>
</game>
<game gamecode="6533386234"><general><startdate>2025-11-17 13:07:07</startdate>
<round>1</round>
<failsafecounter/>
<players><player seat="10" name="Fabri71o" chips="517" dealer="0" win="0" bet="88" muck="1" rebuy="0" addon="0" merge="0" rebuychips="0" reg_code="5073315201"/>
<player seat="6" name="KOPKHUNKRAP" chips="983" dealer="1" win="176" bet="168" muck="1" rebuy="0" addon="0" merge="0" rebuychips="0" reg_code="5073315200"/>
</players>
</general>
<round no="0"><action no="1" player="KOPKHUNKRAP" type="15" sum="8"/>
<action no="2" player="Fabri71o" type="15" discard="1" dealt="1" sum="8"/>
<action no="3" player="KOPKHUNKRAP" type="1" sum="40"/>
<action no="4" player="Fabri71o" type="2" discard="1" dealt="1" sum="80"/>
</round>
<round no="1"><cards type="Pocket" player="Fabri71o">X X</cards>
<cards type="Pocket" player="KOPKHUNKRAP">H3 H6</cards>
<action no="5" player="KOPKHUNKRAP" type="3" sum="40"/>
<action no="6" player="Fabri71o" type="4" discard="1" dealt="1" sum="0"/>
</round>
<round no="2"><cards type="Flop">D6 H10 D10</cards>
<action no="7" player="Fabri71o" type="4" discard="1" dealt="1" sum="0"/>
<action no="8" player="KOPKHUNKRAP" type="5" sum="80"/>
<action no="9" player="Fabri71o" type="0" discard="1" dealt="1" sum="0"/>
</round>
</game>
<game gamecode="6533386255"><general><startdate>2025-11-17 13:07:19</startdate>
<round>1</round>
<failsafecounter/>
<players><player seat="6" name="KOPKHUNKRAP" chips="1,071" dealer="0" win="0" bet="429" muck="1" rebuy="0" addon="0" merge="0" rebuychips="0" reg_code="5073315200"/>
<player seat="10" name="Fabri71o" chips="429" dealer="1" win="858" bet="429" muck="0" rebuy="0" addon="0" merge="0" rebuychips="0" reg_code="5073315201"/>
</players>
</general>
<round no="0"><action no="1" player="Fabri71o" type="15" discard="1" dealt="1" sum="8"/>
<action no="2" player="KOPKHUNKRAP" type="15" sum="8"/>
<action no="3" player="Fabri71o" type="1" discard="1" dealt="1" sum="40"/>
<action no="4" player="KOPKHUNKRAP" type="2" sum="80"/>
</round>
<round no="1"><cards type="Pocket" player="KOPKHUNKRAP">D10 DJ</cards>
<cards type="Pocket" player="Fabri71o">HK HA</cards>
<action no="5" player="Fabri71o" type="23" discard="1" dealt="1" sum="421"/>
<action no="6" player="KOPKHUNKRAP" type="3" sum="341"/>
</round>
<round no="2"><cards type="Flop">SQ D6 H3</cards>
</round>
<round no="3"><cards type="Turn">H2</cards>
</round>
<round no="4"><cards type="River">C3</cards>
</round>
</game>
<game gamecode="6533386288"><general><startdate>2025-11-17 13:07:39</startdate>
<round>1</round>
<failsafecounter/>
<players><player seat="10" name="Fabri71o" chips="858" dealer="0" win="0" bet="642" muck="1" rebuy="0" addon="0" merge="0" rebuychips="0" reg_code="5073315201"/>
<player seat="6" name="KOPKHUNKRAP" chips="642" dealer="1" win="1,284" bet="642" muck="0" rebuy="0" addon="0" merge="0" rebuychips="0" reg_code="5073315200"/>
</players>
</general>
<round no="0"><action no="1" player="KOPKHUNKRAP" type="15" sum="8"/>
<action no="2" player="Fabri71o" type="15" discard="1" dealt="1" sum="8"/>
<action no="3" player="KOPKHUNKRAP" type="1" sum="40"/>
<action no="4" player="Fabri71o" type="2" discard="1" dealt="1" sum="80"/>
</round>
<round no="1"><cards type="Pocket" player="KOPKHUNKRAP">SA C7</cards>
<cards type="Pocket" player="Fabri71o">C9 SK</cards>
<action no="5" player="KOPKHUNKRAP" type="23" sum="634"/>
<action no="6" player="Fabri71o" type="3" discard="1" dealt="1" sum="554"/>
</round>
<round no="2"><cards type="Flop">D8 H8 S8</cards>
</round>
<round no="3"><cards type="Turn">D3</cards>
</round>
<round no="4"><cards type="River">S10</cards>
</round>
</game>
<game gamecode="6533386314"><general><startdate>2025-11-17 13:07:57</startdate>
<round>1</round>
<failsafecounter/>
<players><player seat="6" name="KOPKHUNKRAP" chips="1,284" dealer="0" win="0" bet="216" muck="1" rebuy="0" addon="0" merge="0" rebuychips="0" reg_code="5073315200"/>
<player seat="10" name="Fabri71o" chips="216" dealer="1" win="432" bet="216" muck="0" rebuy="0" addon="0" merge="0" rebuychips="0" reg_code="5073315201"/>
</players>
</general>
<round no="0"><action no="1" player="Fabri71o" type="15" discard="1" dealt="1" sum="8"/>
<action no="2" player="KOPKHUNKRAP" type="15" sum="8"/>
<action no="3" player="Fabri71o" type="1" discard="1" dealt="1" sum="40"/>
<action no="4" player="KOPKHUNKRAP" type="2" sum="80"/>
</round>
<round no="1"><cards type="Pocket" player="Fabri71o">S9 S10</cards>
<cards type="Pocket" player="KOPKHUNKRAP">HA H9</cards>
<action no="5" player="Fabri71o" type="23" discard="1" dealt="1" sum="208"/>
<action no="6" player="KOPKHUNKRAP" type="3" sum="128"/>
</round>
<round no="2"><cards type="Flop">DQ S2 SA</cards>
</round>
<round no="3"><cards type="Turn">H3</cards>
</round>
<round no="4"><cards type="River">S3</cards>
</round>
</game>
<game gamecode="6533386344"><general><startdate>2025-11-17 13:08:14</startdate>
<round>1</round>
<failsafecounter/>
<players><player seat="10" name="Fabri71o" chips="432" dealer="0" win="864" bet="432" muck="0" rebuy="0" addon="0" merge="0" rebuychips="0" reg_code="5073315201"/>
<player seat="6" name="KOPKHUNKRAP" chips="1,068" dealer="1" win="0" bet="1,068" muck="1" rebuy="0" addon="0" merge="0" rebuychips="0" reg_code="5073315200"/>
</players>
</general>
<round no="0"><action no="1" player="KOPKHUNKRAP" type="15" sum="8"/>
<action no="2" player="Fabri71o" type="15" discard="1" dealt="1" sum="8"/>
<action no="3" player="KOPKHUNKRAP" type="1" sum="40"/>
<action no="4" player="Fabri71o" type="2" discard="1" dealt="1" sum="80"/>
</round>
<round no="1"><cards type="Pocket" player="Fabri71o">SA S7</cards>
<cards type="Pocket" player="KOPKHUNKRAP">S10 S2</cards>
<action no="5" player="KOPKHUNKRAP" type="23" sum="1,060"/>
<action no="6" player="Fabri71o" type="7" discard="1" dealt="1" sum="344"/>
</round>
<round no="2"><cards type="Flop">S5 DA D9</cards>
</round>
<round no="3"><cards type="Turn">H2</cards>
</round>
<round no="4"><cards type="River">DQ</cards>
</round>
</game>
<game gamecode="6533386380"><general><startdate>2025-11-17 13:08:34</startdate>
<round>1</round>
<failsafecounter/>
<players><player seat="6" name="KOPKHUNKRAP" chips="636" dealer="0" win="120" bet="110" muck="1" rebuy="0" addon="0" merge="0" rebuychips="0" reg_code="5073315200"/>
<player seat="10" name="Fabri71o" chips="864" dealer="1" win="0" bet="60" muck="1" rebuy="0" addon="0" merge="0" rebuychips="0" reg_code="5073315201"/>
</players>
</general>
<round no="0"><action no="1" player="Fabri71o" type="15" discard="1" dealt="1" sum="10"/>
<action no="2" player="KOPKHUNKRAP" type="15" sum="10"/>
<action no="3" player="Fabri71o" type="1" discard="1" dealt="1" sum="50"/>
<action no="4" player="KOPKHUNKRAP" type="2" sum="100"/>
</round>
<round no="1"><cards type="Pocket" player="Fabri71o">X X</cards>
<cards type="Pocket" player="KOPKHUNKRAP">DK D8</cards>
<action no="5" player="Fabri71o" type="0" discard="1" dealt="1" sum="0"/>
</round>
</game>
<game gamecode="6533386393"><general><startdate>2025-11-17 13:08:41</startdate>
<round>1</round>
<failsafecounter/>
<players><player seat="10" name="Fabri71o" chips="804" dealer="0" win="0" bet="110" muck="1" rebuy="0" addon="0" merge="0" rebuychips="0" reg_code="5073315201"/>
<player seat="6" name="KOPKHUNKRAP" chips="696" dealer="1" win="220" bet="696" muck="1" rebuy="0" addon="0" merge="0" rebuychips="0" reg_code="5073315200"/>
</players>
</general>
<round no="0"><action no="1" player="KOPKHUNKRAP" type="15" sum="10"/>
<action no="2" player="Fabri71o" type="15" discard="1" dealt="1" sum="10"/>
<action no="3" player="KOPKHUNKRAP" type="1" sum="50"/>
<action no="4" player="Fabri71o" type="2" discard="1" dealt="1" sum="100"/>
</round>
<round no="1"><cards type="Pocket" player="Fabri71o">X X</cards>
<cards type="Pocket" player="KOPKHUNKRAP">S8 CK</cards>
<action no="5" player="KOPKHUNKRAP" type="23" sum="686"/>
<action no="6" player="Fabri71o" type="0" discard="1" dealt="1" sum="0"/>
</round>
</game>
<game gamecode="6533386406"><general><startdate>2025-11-17 13:08:49</startdate>
<round>1</round>
<failsafecounter/>
<players><player seat="6" name="KOPKHUNKRAP" chips="806" dealer="0" win="0" bet="694" muck="1" rebuy="0" addon="0" merge="0" rebuychips="0" reg_code="5073315200"/>
<player seat="10" name="Fabri71o" chips="694" dealer="1" win="1,388" bet="694" muck="0" rebuy="0" addon="0" merge="0" rebuychips="0" reg_code="5073315201"/>
</players>
</general>
<round no="0"><action no="1" player="Fabri71o" type="15" discard="1" dealt="1" sum="10"/>
<action no="2" player="KOPKHUNKRAP" type="15" sum="10"/>
<action no="3" player="Fabri71o" type="1" discard="1" dealt="1" sum="50"/>
<action no="4" player="KOPKHUNKRAP" type="2" sum="100"/>
</round>
<round no="1"><cards type="Pocket" player="Fabri71o">SK SQ</cards>
<cards type="Pocket" player="KOPKHUNKRAP">HA D4</cards>
<action no="5" player="Fabri71o" type="23" discard="1" dealt="1" sum="684"/>
<action no="6" player="KOPKHUNKRAP" type="3" sum="584"/>
</round>
<round no="2"><cards type="Flop">CJ H9 S7</cards>
</round>
<round no="3"><cards type="Turn">CQ</cards>
</round>
<round no="4"><cards type="River">C5</cards>
</round>
</game>
<game gamecode="6533386432"><general><startdate>2025-11-17 13:09:07</startdate>
<round>1</round>
<failsafecounter/>
<players><player seat="10" name="Fabri71o" chips="1,388" dealer="0" win="224" bet="112" muck="0" rebuy="0" addon="0" merge="0" rebuychips="0" reg_code="5073315201"/>
<player seat="6" name="KOPKHUNKRAP" chips="112" dealer="1" win="0" bet="112" muck="0" rebuy="0" addon="0" merge="0" rebuychips="0" reg_code="5073315200"/>
</players>
</general>
<round no="0"><action no="1" player="KOPKHUNKRAP" type="15" sum="10"/>
<action no="2" player="Fabri71o" type="15" discard="1" dealt="1" sum="10"/>
<action no="3" player="KOPKHUNKRAP" type="1" sum="50"/>
<action no="4" player="Fabri71o" type="2" discard="1" dealt="1" sum="100"/>
</round>
<round no="1"><cards type="Pocket" player="KOPKHUNKRAP">HK HQ</cards>
<cards type="Pocket" player="Fabri71o">H10 S4</cards>
<action no="5" player="KOPKHUNKRAP" type="7" sum="52"/>
<action no="6" player="Fabri71o" type="3" discard="1" dealt="1" sum="2"/>
</round>
<round no="2"><cards type="Flop">HA S5 C7</cards>
</round>
<round no="3"><cards type="Turn">H4</cards>
</round>
<round no="4"><cards type="River">D4</cards>
</round>
</game>
</session>
