<?xml version="1.0" encoding="UTF-8"?>
<session sessioncode="5073506445">
<general>
<client_version>25.7.1.34</client_version>
<mode>real</mode>
<gametype>Holdem NL</gametype>
<tablename>Twister €200 SNG, 821899531</tablename>
<tournamentcode>821899530</tournamentcode>
<tournamentname>Twister €200 SNG</tournamentname>
<buyin>€0 + €12 + €188</buyin>
<totalbuyin>€200</totalbuyin>
<rewarddrawn>€400</rewarddrawn>
<tournamentcurrency>EUR</tournamentcurrency>
<currency>EUR</currency>
<nickname>KOPKHUNKRAP</nickname>
<gamecount>11</gamecount>
<startdate>2025-11-18 02:14:23</startdate>
<place>2</place>
<win>€0</win>
<tablesize>3</tablesize>
</general>
<game gamecode="6534114952"><general><startdate>2025-11-18 02:14:39</startdate>
<round>1</round>
<failsafecounter/>
<players><player seat="6" name="Aomanuahi" chips="500" dealer="0" win="240" bet="120" muck="0" rebuy="0" addon="0" merge="0" rebuychips="0" reg_code="5073506529"/>
<player seat="10" name="REBUS69BN" chips="500" dealer="1" win="0" bet="0" muck="1" rebuy="0" addon="0" merge="0" rebuychips="0" reg_code="5073506646"/>
<player seat="3" name="KOPKHUNKRAP" chips="500" dealer="0" win="0" bet="120" muck="1" rebuy="0" addon="0" merge="0" rebuychips="0" reg_code="5073506445"/>
</players>
</general>
<round no="0"><action no="1" player="KOPKHUNKRAP" type="1" sum="10"/>
<action no="2" player="Aomanuahi" type="2" discard="1" dealt="1" sum="20"/>
</round>
<round no="1"><cards type="Pocket" player="Aomanuahi">C2 HA</cards>
<cards type="Pocket" player="REBUS69BN">X X</cards>
<cards type="Pocket" player="KOPKHUNKRAP">SK S4</cards>
<action no="3" player="REBUS69BN" type="0" discard="1" dealt="1" sum="0"/>
<action no="4" player="KOPKHUNKRAP" type="3" sum="10"/>
<action no="5" player="Aomanuahi" type="4" discard="1" dealt="1" sum="0"/>
</round>
<round no="2"><cards type="Flop">D8 C8 S9</cards>
<action no="6" player="KOPKHUNKRAP" type="4" sum="0"/>
<action no="7" player="Aomanuahi" type="5" discard="1" dealt="1" sum="20"/>
<action no="8" player="KOPKHUNKRAP" type="3" sum="20"/>
</round>
<round no="3"><cards type="Turn">DA</cards>
<action no="9" player="KOPKHUNKRAP" type="4" sum="0"/>
<action no="10" player="Aomanuahi" type="4" discard="1" dealt="1" sum="0"/>
</round>
<round no="4"><cards type="River">CK</cards>
<action no="11" player="KOPKHUNKRAP" type="4" sum="0"/>
<action no="12" player="Aomanuahi" type="5" discard="1" dealt="1" sum="80"/>
<action no="13" player="KOPKHUNKRAP" type="3" sum="80"/>
</round>
</game>
<game gamecode="6534115016"><general><startdate>2025-11-18 02:15:25</startdate>
<round>1</round>
<failsafecounter/>
<players><player seat="10" name="REBUS69BN" chips="500" dealer="0" win="20" bet="20" muck="1" rebuy="0" addon="0" merge="0" rebuychips="0" reg_code="5073506646"/>
<player seat="3" name="KOPKHUNKRAP" chips="380" dealer="1" win="0" bet="0" muck="1" rebuy="0" addon="0" merge="0" rebuychips="0" reg_code="5073506445"/>
<player seat="6" name="Aomanuahi" chips="620" dealer="0" win="0" bet="10" muck="1" rebuy="0" addon="0" merge="0" rebuychips="0" reg_code="5073506529"/>
</players>
</general>
<round no="0"><action no="1" player="Aomanuahi" type="1" discard="1" dealt="1" sum="10"/>
<action no="2" player="REBUS69BN" type="2" discard="1" dealt="1" sum="20"/>
</round>
<round no="1"><cards type="Pocket" player="Aomanuahi">X X</cards>
<cards type="Pocket" player="REBUS69BN">X X</cards>
<cards type="Pocket" player="KOPKHUNKRAP">DK C4</cards>
<action no="3" player="KOPKHUNKRAP" type="0" sum="0"/>
<action no="4" player="Aomanuahi" type="0" discard="1" dealt="1" sum="0"/>
</round>
</game>
<game gamecode="6534115034"><general><startdate>2025-11-18 02:15:40</startdate>
<round>1</round>
<failsafecounter/>
<players><player seat="3" name="KOPKHUNKRAP" chips="380" dealer="0" win="320" bet="160" muck="0" rebuy="0" addon="0" merge="0" rebuychips="0" reg_code="5073506445"/>
<player seat="6" name="Aomanuahi" chips="610" dealer="1" win="0" bet="0" muck="1" rebuy="0" addon="0" merge="0" rebuychips="0" reg_code="5073506529"/>
<player seat="10" name="REBUS69BN" chips="510" dealer="0" win="0" bet="160" muck="1" rebuy="0" addon="0" merge="0" rebuychips="0" reg_code="5073506646"/>
</players>
</general>
<round no="0"><action no="1" player="REBUS69BN" type="1" discard="1" dealt="1" sum="10"/>
<action no="2" player="KOPKHUNKRAP" type="2" sum="20"/>
</round>
<round no="1"><cards type="Pocket" player="KOPKHUNKRAP">HA D2</cards>
<cards type="Pocket" player="Aomanuahi">X X</cards>
<cards type="Pocket" player="REBUS69BN">SK SJ</cards>
<action no="3" player="Aomanuahi" type="0" discard="1" dealt="1" sum="0"/>
<action no="4" player="REBUS69BN" type="3" discard="1" dealt="1" sum="10"/>
<action no="5" player="KOPKHUNKRAP" type="4" sum="0"/>
</round>
<round no="2"><cards type="Flop">HK DA D6</cards>
<action no="6" player="REBUS69BN" type="4" discard="1" dealt="1" sum="0"/>
<action no="7" player="KOPKHUNKRAP" type="5" sum="20"/>
<action no="8" player="REBUS69BN" type="3" discard="1" dealt="1" sum="20"/>
</round>
<round no="3"><cards type="Turn">DQ</cards>
<action no="9" player="REBUS69BN" type="4" discard="1" dealt="1" sum="0"/>
<action no="10" player="KOPKHUNKRAP" type="5" sum="40"/>
<action no="11" player="REBUS69BN" type="3" discard="1" dealt="1" sum="40"/>
</round>
<round no="4"><cards type="River">H9</cards>
<action no="12" player="REBUS69BN" type="4" discard="1" dealt="1" sum="0"/>
<action no="13" player="KOPKHUNKRAP" type="5" sum="80"/>
<action no="14" player="REBUS69BN" type="3" discard="1" dealt="1" sum="80"/>
</round>
</game>
<game gamecode="6534115082"><general><startdate>2025-11-18 02:16:11</startdate>
<round>1</round>
<failsafecounter/>
<players><player seat="6" name="Aomanuahi" chips="610" dealer="0" win="0" bet="20" muck="1" rebuy="0" addon="0" merge="0" rebuychips="0" reg_code="5073506529"/>
<player seat="10" name="REBUS69BN" chips="350" dealer="1" win="50" bet="55" muck="1" rebuy="0" addon="0" merge="0" rebuychips="0" reg_code="5073506646"/>
<player seat="3" name="KOPKHUNKRAP" chips="540" dealer="0" win="0" bet="10" muck="1" rebuy="0" addon="0" merge="0" rebuychips="0" reg_code="5073506445"/>
</players>
</general>
<round no="0"><action no="1" player="KOPKHUNKRAP" type="1" sum="10"/>
<action no="2" player="Aomanuahi" type="2" discard="1" dealt="1" sum="20"/>
</round>
<round no="1"><cards type="Pocket" player="KOPKHUNKRAP">S10 D5</cards>
<cards type="Pocket" player="Aomanuahi">X X</cards>
<cards type="Pocket" player="REBUS69BN">X X</cards>
<action no="3" player="REBUS69BN" type="3" discard="1" dealt="1" sum="20"/>
<action no="4" player="KOPKHUNKRAP" type="0" sum="0"/>
<action no="5" player="Aomanuahi" type="4" discard="1" dealt="1" sum="0"/>
</round>
<round no="2"><cards type="Flop">SA H10 S2</cards>
<action no="6" player="Aomanuahi" type="4" discard="1" dealt="1" sum="0"/>
<action no="7" player="REBUS69BN" type="5" discard="1" dealt="1" sum="35"/>
<action no="8" player="Aomanuahi" type="0" discard="1" dealt="1" sum="0"/>
</round>
</game>
<game gamecode="6534115118"><general><startdate>2025-11-18 02:16:37</startdate>
<round>1</round>
<failsafecounter/>
<players><player seat="10" name="REBUS69BN" chips="380" dealer="0" win="0" bet="35" muck="1" rebuy="0" addon="0" merge="0" rebuychips="0" reg_code="5073506646"/>
<player seat="3" name="KOPKHUNKRAP" chips="530" dealer="1" win="90" bet="65" muck="1" rebuy="0" addon="0" merge="0" rebuychips="0" reg_code="5073506445"/>
<player seat="6" name="Aomanuahi" chips="590" dealer="0" win="0" bet="20" muck="1" rebuy="0" addon="0" merge="0" rebuychips="0" reg_code="5073506529"/>
</players>
</general>
<round no="0"><action no="1" player="Aomanuahi" type="15" discard="1" dealt="1" sum="5"/>
<action no="2" player="REBUS69BN" type="15" discard="1" dealt="1" sum="5"/>
<action no="3" player="KOPKHUNKRAP" type="15" sum="5"/>
<action no="4" player="Aomanuahi" type="1" discard="1" dealt="1" sum="15"/>
<action no="5" player="REBUS69BN" type="2" discard="1" dealt="1" sum="30"/>
</round>
<round no="1"><cards type="Pocket" player="REBUS69BN">X X</cards>
<cards type="Pocket" player="Aomanuahi">X X</cards>
<cards type="Pocket" player="KOPKHUNKRAP">C8 C7</cards>
<action no="6" player="KOPKHUNKRAP" type="23" sum="60"/>
<action no="7" player="Aomanuahi" type="0" discard="1" dealt="1" sum="0"/>
<action no="8" player="REBUS69BN" type="0" discard="1" dealt="1" sum="0"/>
</round>
</game>
<game gamecode="6534115138"><general><startdate>2025-11-18 02:16:51</startdate>
<round>1</round>
<failsafecounter/>
<players><player seat="3" name="KOPKHUNKRAP" chips="585" dealer="0" win="0" bet="35" muck="1" rebuy="0" addon="0" merge="0" rebuychips="0" reg_code="5073506445"/>
<player seat="6" name="Aomanuahi" chips="570" dealer="1" win="0" bet="570" muck="0" rebuy="0" addon="0" merge="0" rebuychips="0" reg_code="5073506529"/>
<player seat="10" name="REBUS69BN" chips="345" dealer="0" win="725" bet="345" muck="0" rebuy="0" addon="0" merge="0" rebuychips="0" reg_code="5073506646"/>
</players>
</general>
<round no="0"><action no="1" player="REBUS69BN" type="15" discard="1" dealt="1" sum="5"/>
<action no="2" player="KOPKHUNKRAP" type="15" sum="5"/>
<action no="3" player="Aomanuahi" type="15" discard="1" dealt="1" sum="5"/>
<action no="4" player="REBUS69BN" type="1" discard="1" dealt="1" sum="15"/>
<action no="5" player="KOPKHUNKRAP" type="2" sum="30"/>
</round>
<round no="1"><cards type="Pocket" player="REBUS69BN">CA CJ</cards>
<cards type="Pocket" player="KOPKHUNKRAP">H3 C9</cards>
<cards type="Pocket" player="Aomanuahi">DA SQ</cards>
<action no="6" player="Aomanuahi" type="23" discard="1" dealt="1" sum="60"/>
<action no="7" player="REBUS69BN" type="3" discard="1" dealt="1" sum="45"/>
<action no="8" player="KOPKHUNKRAP" type="0" sum="0"/>
</round>
<round no="2"><cards type="Flop">C6 S9 HJ</cards>
<action no="9" player="REBUS69BN" type="4" discard="1" dealt="1" sum="0"/>
<action no="10" player="Aomanuahi" type="4" discard="1" dealt="1" sum="0"/>
</round>
<round no="3"><cards type="Turn">C10</cards>
<action no="11" player="REBUS69BN" type="5" discard="1" dealt="1" sum="82"/>
<action no="12" player="Aomanuahi" type="23" discard="1" dealt="1" sum="505"/>
<action no="13" player="REBUS69BN" type="7" discard="1" dealt="1" sum="198"/>
</round>
<round no="4"><cards type="River">H9</cards>
</round>
</game>
<game gamecode="6534115205"><general><startdate>2025-11-18 02:17:36</startdate>
<round>1</round>
<failsafecounter/>
<players><player seat="6" name="Aomanuahi" chips="225" dealer="0" win="0" bet="35" muck="1" rebuy="0" addon="0" merge="0" rebuychips="0" reg_code="5073506529"/>
<player seat="10" name="REBUS69BN" chips="725" dealer="1" win="0" bet="5" muck="1" rebuy="0" addon="0" merge="0" rebuychips="0" reg_code="5073506646"/>
<player seat="3" name="KOPKHUNKRAP" chips="550" dealer="0" win="75" bet="550" muck="1" rebuy="0" addon="0" merge="0" rebuychips="0" reg_code="5073506445"/>
</players>
</general>
<round no="0"><action no="1" player="KOPKHUNKRAP" type="15" sum="5"/>
<action no="2" player="Aomanuahi" type="15" discard="1" dealt="1" sum="5"/>
<action no="3" player="REBUS69BN" type="15" discard="1" dealt="1" sum="5"/>
<action no="4" player="KOPKHUNKRAP" type="1" sum="15"/>
<action no="5" player="Aomanuahi" type="2" discard="1" dealt="1" sum="30"/>
</round>
<round no="1"><cards type="Pocket" player="Aomanuahi">X X</cards>
<cards type="Pocket" player="REBUS69BN">X X</cards>
<cards type="Pocket" player="KOPKHUNKRAP">S7 SA</cards>
<action no="6" player="REBUS69BN" type="0" discard="1" dealt="1" sum="0"/>
<action no="7" player="KOPKHUNKRAP" type="23" sum="545"/>
<action no="8" player="Aomanuahi" type="0" discard="1" dealt="1" sum="0"/>
</round>
</game>
<game gamecode="6534115236"><general><startdate>2025-11-18 02:17:57</startdate>
<round>1</round>
<failsafecounter/>
<players><player seat="10" name="REBUS69BN" chips="720" dealer="0" win="0" bet="45" muck="1" rebuy="0" addon="0" merge="0" rebuychips="0" reg_code="5073506646"/>
<player seat="3" name="KOPKHUNKRAP" chips="590" dealer="1" win="0" bet="5" muck="1" rebuy="0" addon="0" merge="0" rebuychips="0" reg_code="5073506445"/>
<player seat="6" name="Aomanuahi" chips="190" dealer="0" win="95" bet="190" muck="1" rebuy="0" addon="0" merge="0" rebuychips="0" reg_code="5073506529"/>
</players>
</general>
<round no="0"><action no="1" player="Aomanuahi" type="15" discard="1" dealt="1" sum="5"/>
<action no="2" player="REBUS69BN" type="15" discard="1" dealt="1" sum="5"/>
<action no="3" player="KOPKHUNKRAP" type="15" sum="5"/>
<action no="4" player="Aomanuahi" type="1" discard="1" dealt="1" sum="20"/>
<action no="5" player="REBUS69BN" type="2" discard="1" dealt="1" sum="40"/>
</round>
<round no="1"><cards type="Pocket" player="Aomanuahi">X X</cards>
<cards type="Pocket" player="KOPKHUNKRAP">C2 S6</cards>
<cards type="Pocket" player="REBUS69BN">X X</cards>
<action no="6" player="KOPKHUNKRAP" type="0" sum="0"/>
<action no="7" player="Aomanuahi" type="23" discard="1" dealt="1" sum="185"/>
<action no="8" player="REBUS69BN" type="0" discard="1" dealt="1" sum="0"/>
</round>
</game>
<game gamecode="6534115250"><general><startdate>2025-11-18 02:18:07</startdate>
<round>1</round>
<failsafecounter/>
<players><player seat="3" name="KOPKHUNKRAP" chips="585" dealer="0" win="0" bet="45" muck="1" rebuy="0" addon="0" merge="0" rebuychips="0" reg_code="5073506445"/>
<player seat="6" name="Aomanuahi" chips="240" dealer="1" win="0" bet="5" muck="1" rebuy="0" addon="0" merge="0" rebuychips="0" reg_code="5073506529"/>
<player seat="10" name="REBUS69BN" chips="675" dealer="0" win="95" bet="165" muck="1" rebuy="0" addon="0" merge="0" rebuychips="0" reg_code="5073506646"/>
</players>
</general>
<round no="0"><action no="1" player="REBUS69BN" type="15" discard="1" dealt="1" sum="5"/>
<action no="2" player="KOPKHUNKRAP" type="15" sum="5"/>
<action no="3" player="Aomanuahi" type="15" discard="1" dealt="1" sum="5"/>
<action no="4" player="REBUS69BN" type="1" discard="1" dealt="1" sum="20"/>
<action no="5" player="KOPKHUNKRAP" type="2" sum="40"/>
</round>
<round no="1"><cards type="Pocket" player="KOPKHUNKRAP">DJ D5</cards>
<cards type="Pocket" player="Aomanuahi">X X</cards>
<cards type="Pocket" player="REBUS69BN">X X</cards>
<action no="6" player="Aomanuahi" type="0" discard="1" dealt="1" sum="0"/>
<action no="7" player="REBUS69BN" type="23" discard="1" dealt="1" sum="160"/>
<action no="8" player="KOPKHUNKRAP" type="0" sum="0"/>
</round>
</game>
<game gamecode="6534115265"><general><startdate>2025-11-18 02:18:19</startdate>
<round>1</round>
<failsafecounter/>
<players><player seat="6" name="Aomanuahi" chips="235" dealer="0" win="0" bet="235" muck="0" rebuy="0" addon="0" merge="0" rebuychips="0" reg_code="5073506529"/>
<player seat="10" name="REBUS69BN" chips="725" dealer="1" win="495" bet="235" muck="0" rebuy="0" addon="0" merge="0" rebuychips="0" reg_code="5073506646"/>
<player seat="3" name="KOPKHUNKRAP" chips="540" dealer="0" win="0" bet="25" muck="1" rebuy="0" addon="0" merge="0" rebuychips="0" reg_code="5073506445"/>
</players>
</general>
<round no="0"><action no="1" player="KOPKHUNKRAP" type="15" sum="5"/>
<action no="2" player="Aomanuahi" type="15" discard="1" dealt="1" sum="5"/>
<action no="3" player="REBUS69BN" type="15" discard="1" dealt="1" sum="5"/>
<action no="4" player="KOPKHUNKRAP" type="1" sum="20"/>
<action no="5" player="Aomanuahi" type="2" discard="1" dealt="1" sum="40"/>
</round>
<round no="1"><cards type="Pocket" player="KOPKHUNKRAP">C2 D8</cards>
<cards type="Pocket" player="Aomanuahi">S9 SA</cards>
<cards type="Pocket" player="REBUS69BN">C5 D5</cards>
<action no="6" player="REBUS69BN" type="3" discard="1" dealt="1" sum="40"/>
<action no="7" player="KOPKHUNKRAP" type="0" sum="0"/>
<action no="8" player="Aomanuahi" type="23" discard="1" dealt="1" sum="230"/>
<action no="9" player="REBUS69BN" type="3" discard="1" dealt="1" sum="190"/>
</round>
<round no="2"><cards type="Flop">C9 S5 DJ</cards>
</round>
<round no="3"><cards type="Turn">D10</cards>
</round>
<round no="4"><cards type="River">H4</cards>
</round>
</game>
<game gamecode="6534115299"><general><startdate>2025-11-18 02:18:42</startdate>
<round>1</round>
<failsafecounter/>
<players><player seat="10" name="REBUS69BN" chips="985" dealer="0" win="1,030" bet="515" muck="0" rebuy="0" addon="0" merge="0" rebuychips="0" reg_code="5073506646"/>
<player seat="3" name="KOPKHUNKRAP" chips="515" dealer="1" win="0" bet="515" muck="0" rebuy="0" addon="0" merge="0" rebuychips="0" reg_code="5073506445"/>
</players>
</general>
<round no="0"><action no="1" player="KOPKHUNKRAP" type="15" sum="5"/>
<action no="2" player="REBUS69BN" type="15" discard="1" dealt="1" sum="5"/>
<action no="3" player="KOPKHUNKRAP" type="1" sum="20"/>
<action no="4" player="REBUS69BN" type="2" discard="1" dealt="1" sum="40"/>
</round>
<round no="1"><cards type="Pocket" player="REBUS69BN">C6 D6</cards>
<cards type="Pocket" player="KOPKHUNKRAP">S8 C8</cards>
<action no="5" player="KOPKHUNKRAP" type="3" sum="20"/>
<action no="6" player="REBUS69BN" type="23" discard="1" dealt="1" sum="160"/>
<action no="7" player="KOPKHUNKRAP" type="23" sum="510"/>
<action no="8" player="REBUS69BN" type="3" discard="1" dealt="1" sum="350"/>
</round>
<round no="2"><cards type="Flop">C2 S6 DQ</cards>
</round>
<round no="3"><cards type="Turn">S7</cards>
</round>
<round no="4"><cards type="River">S3</cards>
</round>
</game>
</session>
