<?xml version="1.0" encoding="UTF-8"?>
<session sessioncode="5058970045">
<general>
<client_version>25.1.1.16</client_version>
<mode>real</mode>
<gametype>Holdem NL</gametype>
<tablename>Twister €200 SNG, 817454733</tablename>
<tournamentcode>817454732</tournamentcode>
<tournamentname>Twister €200 SNG</tournamentname>
<buyin>€0 + €12 + €188</buyin>
<totalbuyin>€200</totalbuyin>
<rewarddrawn>€600</rewarddrawn>
<tournamentcurrency>EUR</tournamentcurrency>
<currency>EUR</currency>
<nickname>Rakki</nickname>
<gamecount>23</gamecount>
<startdate>2025-09-10 17:51:36</startdate>
<place>1</place>
<win>€600</win>
<tablesize>3</tablesize>
</general>
<game gamecode="6475497846"><general><startdate>2025-09-10 17:51:51</startdate>
<round>1</round>
<failsafecounter/>
<players><player seat="10" name="mocciolocaldo" chips="500" dealer="0" win="20" bet="20" muck="1" rebuy="0" addon="0" merge="0" rebuychips="0" reg_code="5058970407"/>
<player seat="3" name="ilCapo6" chips="500" dealer="1" win="0" bet="0" muck="1" rebuy="0" addon="0" merge="0" rebuychips="0" reg_code="5058969960"/>
<player seat="6" name="Rakki" chips="500" dealer="0" win="0" bet="10" muck="1" rebuy="0" addon="0" merge="0" rebuychips="0" reg_code="5058970045"/>
</players>
</general>
<round no="0"><action no="1" player="Rakki" type="1" sum="10"/>
<action no="2" player="mocciolocaldo" type="2" discard="1" dealt="1" sum="20"/>
</round>
<round no="1"><cards type="Pocket" player="ilCapo6">X X</cards>
<cards type="Pocket" player="Rakki">C7 S7</cards>
<cards type="Pocket" player="mocciolocaldo">X X</cards>
<action no="3" player="ilCapo6" type="0" discard="1" dealt="1" sum="0"/>
<action no="4" player="Rakki" type="0" sum="0"/>
</round>
</game>
<game gamecode="6475497873"><general><startdate>2025-09-10 17:52:13</startdate>
<round>1</round>
<failsafecounter/>
<players><player seat="3" name="ilCapo6" chips="500" dealer="0" win="200" bet="100" muck="0" rebuy="0" addon="0" merge="0" rebuychips="0" reg_code="5058969960"/>
<player seat="6" name="Rakki" chips="490" dealer="1" win="0" bet="0" muck="1" rebuy="0" addon="0" merge="0" rebuychips="0" reg_code="5058970045"/>
<player seat="10" name="mocciolocaldo" chips="510" dealer="0" win="0" bet="100" muck="1" rebuy="0" addon="0" merge="0" rebuychips="0" reg_code="5058970407"/>
</players>
</general>
<round no="0"><action no="1" player="mocciolocaldo" type="1" discard="1" dealt="1" sum="10"/>
<action no="2" player="ilCapo6" type="2" discard="1" dealt="1" sum="20"/>
</round>
<round no="1"><cards type="Pocket" player="ilCapo6">S7 H5</cards>
<cards type="Pocket" player="mocciolocaldo">DA D8</cards>
<cards type="Pocket" player="Rakki">C6 D4</cards>
<action no="3" player="Rakki" type="0" sum="0"/>
<action no="4" player="mocciolocaldo" type="3" discard="1" dealt="1" sum="10"/>
<action no="5" player="ilCapo6" type="4" discard="1" dealt="1" sum="0"/>
</round>
<round no="2"><cards type="Flop">S5 D6 C7</cards>
<action no="6" player="mocciolocaldo" type="4" discard="1" dealt="1" sum="0"/>
<action no="7" player="ilCapo6" type="5" discard="1" dealt="1" sum="30"/>
<action no="8" player="mocciolocaldo" type="3" discard="1" dealt="1" sum="30"/>
</round>
<round no="3"><cards type="Turn">C3</cards>
<action no="9" player="mocciolocaldo" type="4" discard="1" dealt="1" sum="0"/>
<action no="10" player="ilCapo6" type="5" discard="1" dealt="1" sum="50"/>
<action no="11" player="mocciolocaldo" type="3" discard="1" dealt="1" sum="50"/>
</round>
<round no="4"><cards type="River">S10</cards>
<action no="12" player="mocciolocaldo" type="4" discard="1" dealt="1" sum="0"/>
<action no="13" player="ilCapo6" type="4" discard="1" dealt="1" sum="0"/>
</round>
</game>
<game gamecode="6475497953"><general><startdate>2025-09-10 17:53:13</startdate>
<round>1</round>
<failsafecounter/>
<players><player seat="6" name="Rakki" chips="490" dealer="0" win="20" bet="20" muck="1" rebuy="0" addon="0" merge="0" rebuychips="0" reg_code="5058970045"/>
<player seat="10" name="mocciolocaldo" chips="410" dealer="1" win="0" bet="0" muck="1" rebuy="0" addon="0" merge="0" rebuychips="0" reg_code="5058970407"/>
<player seat="3" name="ilCapo6" chips="600" dealer="0" win="0" bet="10" muck="1" rebuy="0" addon="0" merge="0" rebuychips="0" reg_code="5058969960"/>
</players>
</general>
<round no="0"><action no="1" player="ilCapo6" type="1" discard="1" dealt="1" sum="10"/>
<action no="2" player="Rakki" type="2" sum="20"/>
</round>
<round no="1"><cards type="Pocket" player="mocciolocaldo">X X</cards>
<cards type="Pocket" player="Rakki">H7 DK</cards>
<cards type="Pocket" player="ilCapo6">X X</cards>
<action no="3" player="mocciolocaldo" type="0" discard="1" dealt="1" sum="0"/>
<action no="4" player="ilCapo6" type="0" discard="1" dealt="1" sum="0"/>
</round>
</game>
<game gamecode="6475497971"><general><startdate>2025-09-10 17:53:26</startdate>
<round>1</round>
<failsafecounter/>
<players><player seat="10" name="mocciolocaldo" chips="410" dealer="0" win="160" bet="127" muck="1" rebuy="0" addon="0" merge="0" rebuychips="0" reg_code="5058970407"/>
<player seat="3" name="ilCapo6" chips="590" dealer="1" win="0" bet="0" muck="1" rebuy="0" addon="0" merge="0" rebuychips="0" reg_code="5058969960"/>
<player seat="6" name="Rakki" chips="500" dealer="0" win="0" bet="80" muck="1" rebuy="0" addon="0" merge="0" rebuychips="0" reg_code="5058970045"/>
</players>
</general>
<round no="0"><action no="1" player="Rakki" type="1" sum="10"/>
<action no="2" player="mocciolocaldo" type="2" discard="1" dealt="1" sum="20"/>
</round>
<round no="1"><cards type="Pocket" player="ilCapo6">X X</cards>
<cards type="Pocket" player="mocciolocaldo">X X</cards>
<cards type="Pocket" player="Rakki">CA HK</cards>
<action no="3" player="ilCapo6" type="0" discard="1" dealt="1" sum="0"/>
<action no="4" player="Rakki" type="23" sum="50"/>
<action no="5" player="mocciolocaldo" type="3" discard="1" dealt="1" sum="30"/>
</round>
<round no="2"><cards type="Flop">D6 S7 D7</cards>
<action no="6" player="Rakki" type="4" sum="0"/>
<action no="7" player="mocciolocaldo" type="4" discard="1" dealt="1" sum="0"/>
</round>
<round no="3"><cards type="Turn">D5</cards>
<action no="8" player="Rakki" type="5" sum="30"/>
<action no="9" player="mocciolocaldo" type="23" discard="1" dealt="1" sum="77"/>
<action no="10" player="Rakki" type="0" sum="0"/>
</round>
</game>
<game gamecode="6475498025"><general><startdate>2025-09-10 17:54:11</startdate>
<round>1</round>
<failsafecounter/>
<players><player seat="3" name="ilCapo6" chips="590" dealer="0" win="0" bet="35" muck="1" rebuy="0" addon="0" merge="0" rebuychips="0" reg_code="5058969960"/>
<player seat="6" name="Rakki" chips="420" dealer="1" win="0" bet="5" muck="1" rebuy="0" addon="0" merge="0" rebuychips="0" reg_code="5058970045"/>
<player seat="10" name="mocciolocaldo" chips="490" dealer="0" win="75" bet="490" muck="1" rebuy="0" addon="0" merge="0" rebuychips="0" reg_code="5058970407"/>
</players>
</general>
<round no="0"><action no="1" player="mocciolocaldo" type="15" discard="1" dealt="1" sum="5"/>
<action no="2" player="ilCapo6" type="15" discard="1" dealt="1" sum="5"/>
<action no="3" player="Rakki" type="15" sum="5"/>
<action no="4" player="mocciolocaldo" type="1" discard="1" dealt="1" sum="15"/>
<action no="5" player="ilCapo6" type="2" discard="1" dealt="1" sum="30"/>
</round>
<round no="1"><cards type="Pocket" player="ilCapo6">X X</cards>
<cards type="Pocket" player="mocciolocaldo">X X</cards>
<cards type="Pocket" player="Rakki">C5 D9</cards>
<action no="6" player="Rakki" type="0" sum="0"/>
<action no="7" player="mocciolocaldo" type="23" discard="1" dealt="1" sum="485"/>
<action no="8" player="ilCapo6" type="0" discard="1" dealt="1" sum="0"/>
</round>
</game>
<game gamecode="6475498045"><general><startdate>2025-09-10 17:54:21</startdate>
<round>1</round>
<failsafecounter/>
<players><player seat="6" name="Rakki" chips="415" dealer="0" win="0" bet="35" muck="1" rebuy="0" addon="0" merge="0" rebuychips="0" reg_code="5058970045"/>
<player seat="10" name="mocciolocaldo" chips="530" dealer="1" win="0" bet="5" muck="1" rebuy="0" addon="0" merge="0" rebuychips="0" reg_code="5058970407"/>
<player seat="3" name="ilCapo6" chips="555" dealer="0" win="75" bet="91" muck="1" rebuy="0" addon="0" merge="0" rebuychips="0" reg_code="5058969960"/>
</players>
</general>
<round no="0"><action no="1" player="ilCapo6" type="15" discard="1" dealt="1" sum="5"/>
<action no="2" player="Rakki" type="15" sum="5"/>
<action no="3" player="mocciolocaldo" type="15" discard="1" dealt="1" sum="5"/>
<action no="4" player="ilCapo6" type="1" discard="1" dealt="1" sum="15"/>
<action no="5" player="Rakki" type="2" sum="30"/>
</round>
<round no="1"><cards type="Pocket" player="Rakki">HQ H7</cards>
<cards type="Pocket" player="ilCapo6">X X</cards>
<cards type="Pocket" player="mocciolocaldo">X X</cards>
<action no="6" player="mocciolocaldo" type="0" discard="1" dealt="1" sum="0"/>
<action no="7" player="ilCapo6" type="3" discard="1" dealt="1" sum="15"/>
<action no="8" player="Rakki" type="4" sum="0"/>
</round>
<round no="2"><cards type="Flop">C8 C2 HK</cards>
<action no="9" player="ilCapo6" type="4" discard="1" dealt="1" sum="0"/>
<action no="10" player="Rakki" type="4" sum="0"/>
</round>
<round no="3"><cards type="Turn">CK</cards>
<action no="11" player="ilCapo6" type="5" discard="1" dealt="1" sum="56"/>
<action no="12" player="Rakki" type="0" sum="0"/>
</round>
</game>
<game gamecode="6475498094"><general><startdate>2025-09-10 17:54:58</startdate>
<round>1</round>
<failsafecounter/>
<players><player seat="10" name="mocciolocaldo" chips="525" dealer="0" win="45" bet="35" muck="1" rebuy="0" addon="0" merge="0" rebuychips="0" reg_code="5058970407"/>
<player seat="3" name="ilCapo6" chips="595" dealer="1" win="0" bet="5" muck="1" rebuy="0" addon="0" merge="0" rebuychips="0" reg_code="5058969960"/>
<player seat="6" name="Rakki" chips="380" dealer="0" win="0" bet="20" muck="1" rebuy="0" addon="0" merge="0" rebuychips="0" reg_code="5058970045"/>
</players>
</general>
<round no="0"><action no="1" player="Rakki" type="15" sum="5"/>
<action no="2" player="mocciolocaldo" type="15" discard="1" dealt="1" sum="5"/>
<action no="3" player="ilCapo6" type="15" discard="1" dealt="1" sum="5"/>
<action no="4" player="Rakki" type="1" sum="15"/>
<action no="5" player="mocciolocaldo" type="2" discard="1" dealt="1" sum="30"/>
</round>
<round no="1"><cards type="Pocket" player="Rakki">D8 H5</cards>
<cards type="Pocket" player="mocciolocaldo">X X</cards>
<cards type="Pocket" player="ilCapo6">X X</cards>
<action no="6" player="ilCapo6" type="0" discard="1" dealt="1" sum="0"/>
<action no="7" player="Rakki" type="0" sum="0"/>
</round>
</game>
<game gamecode="6475498115"><general><startdate>2025-09-10 17:55:14</startdate>
<round>1</round>
<failsafecounter/>
<players><player seat="3" name="ilCapo6" chips="590" dealer="0" win="55" bet="45" muck="1" rebuy="0" addon="0" merge="0" rebuychips="0" reg_code="5058969960"/>
<player seat="6" name="Rakki" chips="360" dealer="1" win="0" bet="5" muck="1" rebuy="0" addon="0" merge="0" rebuychips="0" reg_code="5058970045"/>
<player seat="10" name="mocciolocaldo" chips="550" dealer="0" win="0" bet="25" muck="1" rebuy="0" addon="0" merge="0" rebuychips="0" reg_code="5058970407"/>
</players>
</general>
<round no="0"><action no="1" player="mocciolocaldo" type="15" discard="1" dealt="1" sum="5"/>
<action no="2" player="ilCapo6" type="15" discard="1" dealt="1" sum="5"/>
<action no="3" player="Rakki" type="15" sum="5"/>
<action no="4" player="mocciolocaldo" type="1" discard="1" dealt="1" sum="20"/>
<action no="5" player="ilCapo6" type="2" discard="1" dealt="1" sum="40"/>
</round>
<round no="1"><cards type="Pocket" player="mocciolocaldo">X X</cards>
<cards type="Pocket" player="ilCapo6">X X</cards>
<cards type="Pocket" player="Rakki">HJ D6</cards>
<action no="6" player="Rakki" type="0" sum="0"/>
<action no="7" player="mocciolocaldo" type="0" discard="1" dealt="1" sum="0"/>
</round>
</game>
<game gamecode="6475498129"><general><startdate>2025-09-10 17:55:20</startdate>
<round>1</round>
<failsafecounter/>
<players><player seat="6" name="Rakki" chips="355" dealer="0" win="0" bet="45" muck="1" rebuy="0" addon="0" merge="0" rebuychips="0" reg_code="5058970045"/>
<player seat="10" name="mocciolocaldo" chips="525" dealer="1" win="0" bet="5" muck="1" rebuy="0" addon="0" merge="0" rebuychips="0" reg_code="5058970407"/>
<player seat="3" name="ilCapo6" chips="620" dealer="0" win="95" bet="620" muck="1" rebuy="0" addon="0" merge="0" rebuychips="0" reg_code="5058969960"/>
</players>
</general>
<round no="0"><action no="1" player="ilCapo6" type="15" discard="1" dealt="1" sum="5"/>
<action no="2" player="Rakki" type="15" sum="5"/>
<action no="3" player="mocciolocaldo" type="15" discard="1" dealt="1" sum="5"/>
<action no="4" player="ilCapo6" type="1" discard="1" dealt="1" sum="20"/>
<action no="5" player="Rakki" type="2" sum="40"/>
</round>
<round no="1"><cards type="Pocket" player="Rakki">H7 H5</cards>
<cards type="Pocket" player="mocciolocaldo">X X</cards>
<cards type="Pocket" player="ilCapo6">X X</cards>
<action no="6" player="mocciolocaldo" type="0" discard="1" dealt="1" sum="0"/>
<action no="7" player="ilCapo6" type="23" discard="1" dealt="1" sum="615"/>
<action no="8" player="Rakki" type="0" sum="0"/>
</round>
</game>
<game gamecode="6475498151"><general><startdate>2025-09-10 17:55:35</startdate>
<round>1</round>
<failsafecounter/>
<players><player seat="10" name="mocciolocaldo" chips="520" dealer="0" win="0" bet="45" muck="1" rebuy="0" addon="0" merge="0" rebuychips="0" reg_code="5058970407"/>
<player seat="3" name="ilCapo6" chips="670" dealer="1" win="0" bet="670" muck="0" rebuy="0" addon="0" merge="0" rebuychips="0" reg_code="5058969960"/>
<player seat="6" name="Rakki" chips="310" dealer="0" win="665" bet="310" muck="0" rebuy="0" addon="0" merge="0" rebuychips="0" reg_code="5058970045"/>
</players>
</general>
<round no="0"><action no="1" player="Rakki" type="15" sum="5"/>
<action no="2" player="mocciolocaldo" type="15" discard="1" dealt="1" sum="5"/>
<action no="3" player="ilCapo6" type="15" discard="1" dealt="1" sum="5"/>
<action no="4" player="Rakki" type="1" sum="20"/>
<action no="5" player="mocciolocaldo" type="2" discard="1" dealt="1" sum="40"/>
</round>
<round no="1"><cards type="Pocket" player="mocciolocaldo">X X</cards>
<cards type="Pocket" player="ilCapo6">D8 D9</cards>
<cards type="Pocket" player="Rakki">H5 DA</cards>
<action no="6" player="ilCapo6" type="23" discard="1" dealt="1" sum="665"/>
<action no="7" player="Rakki" type="7" sum="285"/>
<action no="8" player="mocciolocaldo" type="0" discard="1" dealt="1" sum="0"/>
</round>
<round no="2"><cards type="Flop">H7 D2 CK</cards>
</round>
<round no="3"><cards type="Turn">DQ</cards>
</round>
<round no="4"><cards type="River">CA</cards>
</round>
</game>
<game gamecode="6475498173"><general><startdate>2025-09-10 17:55:52</startdate>
<round>1</round>
<failsafecounter/>
<players><player seat="3" name="ilCapo6" chips="360" dealer="0" win="55" bet="45" muck="1" rebuy="0" addon="0" merge="0" rebuychips="0" reg_code="5058969960"/>
<player seat="6" name="Rakki" chips="665" dealer="1" win="0" bet="5" muck="1" rebuy="0" addon="0" merge="0" rebuychips="0" reg_code="5058970045"/>
<player seat="10" name="mocciolocaldo" chips="475" dealer="0" win="0" bet="25" muck="1" rebuy="0" addon="0" merge="0" rebuychips="0" reg_code="5058970407"/>
</players>
</general>
<round no="0"><action no="1" player="mocciolocaldo" type="15" discard="1" dealt="1" sum="5"/>
<action no="2" player="ilCapo6" type="15" discard="1" dealt="1" sum="5"/>
<action no="3" player="Rakki" type="15" sum="5"/>
<action no="4" player="mocciolocaldo" type="1" discard="1" dealt="1" sum="20"/>
<action no="5" player="ilCapo6" type="2" discard="1" dealt="1" sum="40"/>
</round>
<round no="1"><cards type="Pocket" player="ilCapo6">X X</cards>
<cards type="Pocket" player="mocciolocaldo">X X</cards>
<cards type="Pocket" player="Rakki">C7 C2</cards>
<action no="6" player="Rakki" type="0" sum="0"/>
<action no="7" player="mocciolocaldo" type="0" discard="1" dealt="1" sum="0"/>
</round>
</game>
<game gamecode="6475498185"><general><startdate>2025-09-10 17:56:00</startdate>
<round>1</round>
<failsafecounter/>
<players><player seat="6" name="Rakki" chips="660" dealer="0" win="0" bet="45" muck="1" rebuy="0" addon="0" merge="0" rebuychips="0" reg_code="5058970045"/>
<player seat="10" name="mocciolocaldo" chips="450" dealer="1" win="115" bet="450" muck="1" rebuy="0" addon="0" merge="0" rebuychips="0" reg_code="5058970407"/>
<player seat="3" name="ilCapo6" chips="390" dealer="0" win="0" bet="25" muck="1" rebuy="0" addon="0" merge="0" rebuychips="0" reg_code="5058969960"/>
</players>
</general>
<round no="0"><action no="1" player="ilCapo6" type="15" discard="1" dealt="1" sum="5"/>
<action no="2" player="Rakki" type="15" sum="5"/>
<action no="3" player="mocciolocaldo" type="15" discard="1" dealt="1" sum="5"/>
<action no="4" player="ilCapo6" type="1" discard="1" dealt="1" sum="20"/>
<action no="5" player="Rakki" type="2" sum="40"/>
</round>
<round no="1"><cards type="Pocket" player="Rakki">DQ H5</cards>
<cards type="Pocket" player="ilCapo6">X X</cards>
<cards type="Pocket" player="mocciolocaldo">X X</cards>
<action no="6" player="mocciolocaldo" type="23" discard="1" dealt="1" sum="445"/>
<action no="7" player="ilCapo6" type="0" discard="1" dealt="1" sum="0"/>
<action no="8" player="Rakki" type="0" sum="0"/>
</round>
</game>
<game gamecode="6475498205"><general><startdate>2025-09-10 17:56:12</startdate>
<round>1</round>
<failsafecounter/>
<players><player seat="10" name="mocciolocaldo" chips="520" dealer="0" win="0" bet="45" muck="1" rebuy="0" addon="0" merge="0" rebuychips="0" reg_code="5058970407"/>
<player seat="3" name="ilCapo6" chips="365" dealer="1" win="0" bet="365" muck="0" rebuy="0" addon="0" merge="0" rebuychips="0" reg_code="5058969960"/>
<player seat="6" name="Rakki" chips="615" dealer="0" win="775" bet="615" muck="0" rebuy="0" addon="0" merge="0" rebuychips="0" reg_code="5058970045"/>
</players>
</general>
<round no="0"><action no="1" player="Rakki" type="15" sum="5"/>
<action no="2" player="mocciolocaldo" type="15" discard="1" dealt="1" sum="5"/>
<action no="3" player="ilCapo6" type="15" discard="1" dealt="1" sum="5"/>
<action no="4" player="Rakki" type="1" sum="20"/>
<action no="5" player="mocciolocaldo" type="2" discard="1" dealt="1" sum="40"/>
</round>
<round no="1"><cards type="Pocket" player="Rakki">DA SJ</cards>
<cards type="Pocket" player="ilCapo6">C2 S2</cards>
<cards type="Pocket" player="mocciolocaldo">X X</cards>
<action no="6" player="ilCapo6" type="23" discard="1" dealt="1" sum="360"/>
<action no="7" player="Rakki" type="7" sum="590"/>
<action no="8" player="mocciolocaldo" type="0" discard="1" dealt="1" sum="0"/>
</round>
<round no="2"><cards type="Flop">C5 H8 D6</cards>
</round>
<round no="3"><cards type="Turn">CA</cards>
</round>
<round no="4"><cards type="River">H6</cards>
</round>
</game>
<game gamecode="6475498237"><general><startdate>2025-09-10 17:56:35</startdate>
<round>1</round>
<failsafecounter/>
<players><player seat="10" name="mocciolocaldo" chips="475" dealer="0" win="90" bet="113" muck="1" rebuy="0" addon="0" merge="0" rebuychips="0" reg_code="5058970407"/>
<player seat="6" name="Rakki" chips="1,025" dealer="1" win="0" bet="45" muck="1" rebuy="0" addon="0" merge="0" rebuychips="0" reg_code="5058970045"/>
</players>
</general>
<round no="0"><action no="1" player="Rakki" type="15" sum="5"/>
<action no="2" player="mocciolocaldo" type="15" discard="1" dealt="1" sum="5"/>
<action no="3" player="Rakki" type="1" sum="20"/>
<action no="4" player="mocciolocaldo" type="2" discard="1" dealt="1" sum="40"/>
</round>
<round no="1"><cards type="Pocket" player="Rakki">S5 C5</cards>
<cards type="Pocket" player="mocciolocaldo">X X</cards>
<action no="5" player="Rakki" type="3" sum="20"/>
<action no="6" player="mocciolocaldo" type="4" discard="1" dealt="1" sum="0"/>
</round>
<round no="2"><cards type="Flop">D9 S4 CQ</cards>
<action no="7" player="mocciolocaldo" type="4" discard="1" dealt="1" sum="0"/>
<action no="8" player="Rakki" type="4" sum="0"/>
</round>
<round no="3"><cards type="Turn">CJ</cards>
<action no="9" player="mocciolocaldo" type="4" discard="1" dealt="1" sum="0"/>
<action no="10" player="Rakki" type="4" sum="0"/>
</round>
<round no="4"><cards type="River">C2</cards>
<action no="11" player="mocciolocaldo" type="5" discard="1" dealt="1" sum="68"/>
<action no="12" player="Rakki" type="0" sum="0"/>
</round>
</game>
<game gamecode="6475498310"><general><startdate>2025-09-10 17:57:32</startdate>
<round>1</round>
<failsafecounter/>
<players><player seat="6" name="Rakki" chips="980" dealer="0" win="0" bet="65" muck="1" rebuy="0" addon="0" merge="0" rebuychips="0" reg_code="5058970045"/>
<player seat="10" name="mocciolocaldo" chips="520" dealer="1" win="130" bet="125" muck="1" rebuy="0" addon="0" merge="0" rebuychips="0" reg_code="5058970407"/>
</players>
</general>
<round no="0"><action no="1" player="mocciolocaldo" type="15" discard="1" dealt="1" sum="5"/>
<action no="2" player="Rakki" type="15" sum="5"/>
<action no="3" player="mocciolocaldo" type="1" discard="1" dealt="1" sum="30"/>
<action no="4" player="Rakki" type="2" sum="60"/>
</round>
<round no="1"><cards type="Pocket" player="mocciolocaldo">X X</cards>
<cards type="Pocket" player="Rakki">DJ C8</cards>
<action no="5" player="mocciolocaldo" type="3" discard="1" dealt="1" sum="30"/>
<action no="6" player="Rakki" type="4" sum="0"/>
</round>
<round no="2"><cards type="Flop">CQ S6 CA</cards>
<action no="7" player="Rakki" type="4" sum="0"/>
<action no="8" player="mocciolocaldo" type="5" discard="1" dealt="1" sum="60"/>
<action no="9" player="Rakki" type="0" sum="0"/>
</round>
</game>
<game gamecode="6475498342"><general><startdate>2025-09-10 17:57:53</startdate>
<round>1</round>
<failsafecounter/>
<players><player seat="10" name="mocciolocaldo" chips="585" dealer="0" win="130" bet="155" muck="1" rebuy="0" addon="0" merge="0" rebuychips="0" reg_code="5058970407"/>
<player seat="6" name="Rakki" chips="915" dealer="1" win="0" bet="65" muck="1" rebuy="0" addon="0" merge="0" rebuychips="0" reg_code="5058970045"/>
</players>
</general>
<round no="0"><action no="1" player="Rakki" type="15" sum="5"/>
<action no="2" player="mocciolocaldo" type="15" discard="1" dealt="1" sum="5"/>
<action no="3" player="Rakki" type="1" sum="30"/>
<action no="4" player="mocciolocaldo" type="2" discard="1" dealt="1" sum="60"/>
</round>
<round no="1"><cards type="Pocket" player="mocciolocaldo">X X</cards>
<cards type="Pocket" player="Rakki">S5 C6</cards>
<action no="5" player="Rakki" type="3" sum="30"/>
<action no="6" player="mocciolocaldo" type="23" discard="1" dealt="1" sum="150"/>
<action no="7" player="Rakki" type="0" sum="0"/>
</round>
</game>
<game gamecode="6475498352"><general><startdate>2025-09-10 17:58:01</startdate>
<round>1</round>
<failsafecounter/>
<players><player seat="6" name="Rakki" chips="850" dealer="0" win="130" bet="850" muck="1" rebuy="0" addon="0" merge="0" rebuychips="0" reg_code="5058970045"/>
<player seat="10" name="mocciolocaldo" chips="650" dealer="1" win="0" bet="65" muck="1" rebuy="0" addon="0" merge="0" rebuychips="0" reg_code="5058970407"/>
</players>
</general>
<round no="0"><action no="1" player="mocciolocaldo" type="15" discard="1" dealt="1" sum="5"/>
<action no="2" player="Rakki" type="15" sum="5"/>
<action no="3" player="mocciolocaldo" type="1" discard="1" dealt="1" sum="30"/>
<action no="4" player="Rakki" type="2" sum="60"/>
</round>
<round no="1"><cards type="Pocket" player="Rakki">HJ SA</cards>
<cards type="Pocket" player="mocciolocaldo">X X</cards>
<action no="5" player="mocciolocaldo" type="3" discard="1" dealt="1" sum="30"/>
<action no="6" player="Rakki" type="23" sum="845"/>
<action no="7" player="mocciolocaldo" type="0" discard="1" dealt="1" sum="0"/>
</round>
</game>
<game gamecode="6475508638"><general><startdate>2025-09-10 17:58:19</startdate>
<round>1</round>
<failsafecounter/>
<players><player seat="10" name="mocciolocaldo" chips="585" dealer="0" win="0" bet="195" muck="1" rebuy="0" addon="0" merge="0" rebuychips="0" reg_code="5058970407"/>
<player seat="6" name="Rakki" chips="915" dealer="1" win="390" bet="915" muck="1" rebuy="0" addon="0" merge="0" rebuychips="0" reg_code="5058970045"/>
</players>
</general>
<round no="0"><action no="1" player="Rakki" type="15" sum="5"/>
<action no="2" player="mocciolocaldo" type="15" discard="1" dealt="1" sum="5"/>
<action no="3" player="Rakki" type="1" sum="30"/>
<action no="4" player="mocciolocaldo" type="2" discard="1" dealt="1" sum="60"/>
</round>
<round no="1"><cards type="Pocket" player="Rakki">C9 D3</cards>
<cards type="Pocket" player="mocciolocaldo">X X</cards>
<action no="5" player="Rakki" type="3" sum="30"/>
<action no="6" player="mocciolocaldo" type="4" discard="1" dealt="1" sum="0"/>
</round>
<round no="2"><cards type="Flop">H2 C6 H9</cards>
<action no="7" player="mocciolocaldo" type="4" discard="1" dealt="1" sum="0"/>
<action no="8" player="Rakki" type="4" sum="0"/>
</round>
<round no="3"><cards type="Turn">CA</cards>
<action no="9" player="mocciolocaldo" type="4" discard="1" dealt="1" sum="0"/>
<action no="10" player="Rakki" type="5" sum="130"/>
<action no="11" player="mocciolocaldo" type="3" discard="1" dealt="1" sum="130"/>
</round>
<round no="4"><cards type="River">HA</cards>
<action no="12" player="mocciolocaldo" type="4" discard="1" dealt="1" sum="0"/>
<action no="13" player="Rakki" type="5" sum="720"/>
<action no="14" player="mocciolocaldo" type="0" discard="1" dealt="1" sum="0"/>
</round>
</game>
<game gamecode="6475508723"><general><startdate>2025-09-10 17:59:21</startdate>
<round>1</round>
<failsafecounter/>
<players><player seat="6" name="Rakki" chips="1,110" dealer="0" win="0" bet="390" muck="1" rebuy="0" addon="0" merge="0" rebuychips="0" reg_code="5058970045"/>
<player seat="10" name="mocciolocaldo" chips="390" dealer="1" win="780" bet="390" muck="0" rebuy="0" addon="0" merge="0" rebuychips="0" reg_code="5058970407"/>
</players>
</general>
<round no="0"><action no="1" player="mocciolocaldo" type="15" discard="1" dealt="1" sum="8"/>
<action no="2" player="Rakki" type="15" sum="8"/>
<action no="3" player="mocciolocaldo" type="1" discard="1" dealt="1" sum="40"/>
<action no="4" player="Rakki" type="2" sum="80"/>
</round>
<round no="1"><cards type="Pocket" player="mocciolocaldo">S7 SQ</cards>
<cards type="Pocket" player="Rakki">H2 SK</cards>
<action no="5" player="mocciolocaldo" type="23" discard="1" dealt="1" sum="382"/>
<action no="6" player="Rakki" type="3" sum="302"/>
</round>
<round no="2"><cards type="Flop">C9 DQ S5</cards>
</round>
<round no="3"><cards type="Turn">D8</cards>
</round>
<round no="4"><cards type="River">H9</cards>
</round>
</game>
<game gamecode="6475508745"><general><startdate>2025-09-10 17:59:35</startdate>
<round>1</round>
<failsafecounter/>
<players><player seat="10" name="mocciolocaldo" chips="780" dealer="0" win="176" bet="780" muck="1" rebuy="0" addon="0" merge="0" rebuychips="0" reg_code="5058970407"/>
<player seat="6" name="Rakki" chips="720" dealer="1" win="0" bet="88" muck="1" rebuy="0" addon="0" merge="0" rebuychips="0" reg_code="5058970045"/>
</players>
</general>
<round no="0"><action no="1" player="Rakki" type="15" sum="8"/>
<action no="2" player="mocciolocaldo" type="15" discard="1" dealt="1" sum="8"/>
<action no="3" player="Rakki" type="1" sum="40"/>
<action no="4" player="mocciolocaldo" type="2" discard="1" dealt="1" sum="80"/>
</round>
<round no="1"><cards type="Pocket" player="Rakki">D6 S7</cards>
<cards type="Pocket" player="mocciolocaldo">X X</cards>
<action no="5" player="Rakki" type="3" sum="40"/>
<action no="6" player="mocciolocaldo" type="23" discard="1" dealt="1" sum="772"/>
<action no="7" player="Rakki" type="0" sum="0"/>
</round>
</game>
<game gamecode="6475508773"><general><startdate>2025-09-10 17:59:59</startdate>
<round>1</round>
<failsafecounter/>
<players><player seat="6" name="Rakki" chips="632" dealer="0" win="1,264" bet="632" muck="0" rebuy="0" addon="0" merge="0" rebuychips="0" reg_code="5058970045"/>
<player seat="10" name="mocciolocaldo" chips="868" dealer="1" win="0" bet="868" muck="1" rebuy="0" addon="0" merge="0" rebuychips="0" reg_code="5058970407"/>
</players>
</general>
<round no="0"><action no="1" player="mocciolocaldo" type="15" discard="1" dealt="1" sum="8"/>
<action no="2" player="Rakki" type="15" sum="8"/>
<action no="3" player="mocciolocaldo" type="1" discard="1" dealt="1" sum="40"/>
<action no="4" player="Rakki" type="2" sum="80"/>
</round>
<round no="1"><cards type="Pocket" player="Rakki">D10 D8</cards>
<cards type="Pocket" player="mocciolocaldo">HQ H4</cards>
<action no="5" player="mocciolocaldo" type="23" discard="1" dealt="1" sum="860"/>
<action no="6" player="Rakki" type="7" sum="544"/>
</round>
<round no="2"><cards type="Flop">HJ D4 DK</cards>
</round>
<round no="3"><cards type="Turn">DJ</cards>
</round>
<round no="4"><cards type="River">S5</cards>
</round>
</game>
<game gamecode="6475508796"><general><startdate>2025-09-10 18:00:14</startdate>
<round>1</round>
<failsafecounter/>
<players><player seat="10" name="mocciolocaldo" chips="236" dealer="0" win="472" bet="236" muck="0" rebuy="0" addon="0" merge="0" rebuychips="0" reg_code="5058970407"/>
<player seat="6" name="Rakki" chips="1,264" dealer="1" win="0" bet="1,264" muck="1" rebuy="0" addon="0" merge="0" rebuychips="0" reg_code="5058970045"/>
</players>
</general>
<round no="0"><action no="1" player="Rakki" type="15" sum="10"/>
<action no="2" player="mocciolocaldo" type="15" discard="1" dealt="1" sum="10"/>
<action no="3" player="Rakki" type="1" sum="50"/>
<action no="4" player="mocciolocaldo" type="2" discard="1" dealt="1" sum="100"/>
</round>
<round no="1"><cards type="Pocket" player="Rakki">C10 S2</cards>
<cards type="Pocket" player="mocciolocaldo">S5 C7</cards>
<action no="5" player="Rakki" type="23" sum="1,254"/>
<action no="6" player="mocciolocaldo" type="7" discard="1" dealt="1" sum="126"/>
</round>
<round no="2"><cards type="Flop">CK DA H8</cards>
</round>
<round no="3"><cards type="Turn">H7</cards>
</round>
<round no="4"><cards type="River">C2</cards>
</round>
</game>
<game gamecode="6475508820"><general><startdate>2025-09-10 18:00:29</startdate>
<round>1</round>
<failsafecounter/>
<players><player seat="6" name="Rakki" chips="1,028" dealer="0" win="944" bet="472" muck="0" rebuy="0" addon="0" merge="0" rebuychips="0" reg_code="5058970045"/>
<player seat="10" name="mocciolocaldo" chips="472" dealer="1" win="0" bet="472" muck="0" rebuy="0" addon="0" merge="0" rebuychips="0" reg_code="5058970407"/>
</players>
</general>
<round no="0"><action no="1" player="mocciolocaldo" type="15" discard="1" dealt="1" sum="10"/>
<action no="2" player="Rakki" type="15" sum="10"/>
<action no="3" player="mocciolocaldo" type="1" discard="1" dealt="1" sum="50"/>
<action no="4" player="Rakki" type="2" sum="100"/>
</round>
<round no="1"><cards type="Pocket" player="mocciolocaldo">H10 HQ</cards>
<cards type="Pocket" player="Rakki">S2 CJ</cards>
<action no="5" player="mocciolocaldo" type="23" discard="1" dealt="1" sum="462"/>
<action no="6" player="Rakki" type="3" sum="362"/>
</round>
<round no="2"><cards type="Flop">D5 D2 H7</cards>
</round>
<round no="3"><cards type="Turn">DA</cards>
</round>
<round no="4"><cards type="River">C2</cards>
</round>
</game>
</session>
