<?xml version="1.0" encoding="UTF-8"?>
<session sessioncode="5058524975">
<general>
<client_version>25.1.1.16</client_version>
<mode>real</mode>
<gametype>Holdem NL</gametype>
<tablename>Twister €200 SNG, 817310829</tablename>
<tournamentcode>817310828</tournamentcode>
<tournamentname>Twister €200 SNG</tournamentname>
<buyin>€0 + €12 + €188</buyin>
<totalbuyin>€200</totalbuyin>
<rewarddrawn>€400</rewarddrawn>
<tournamentcurrency>EUR</tournamentcurrency>
<currency>EUR</currency>
<nickname>Rakki</nickname>
<gamecount>11</gamecount>
<startdate>2025-09-08 15:15:27</startdate>
<place>3</place>
<win>€0</win>
<tablesize>3</tablesize>
</general>
<game gamecode="6473660630"><general><startdate>2025-09-08 15:15:42</startdate>
<round>1</round>
<failsafecounter/>
<players><player seat="3" name="Exivezzz2323" chips="500" dealer="0" win="20" bet="20" muck="1" rebuy="0" addon="0" merge="0" rebuychips="0" reg_code="5058524890"/>
<player seat="6" name="Rakki" chips="500" dealer="1" win="0" bet="0" muck="1" rebuy="0" addon="0" merge="0" rebuychips="0" reg_code="5058524975"/>
<player seat="10" name="Pepanem2" chips="500" dealer="0" win="0" bet="10" muck="1" rebuy="0" addon="0" merge="0" rebuychips="0" reg_code="5058525224"/>
</players>
</general>
<round no="0"><action no="1" player="Pepanem2" type="1" discard="1" dealt="1" sum="10"/>
<action no="2" player="Exivezzz2323" type="2" discard="1" dealt="1" sum="20"/>
</round>
<round no="1"><cards type="Pocket" player="Pepanem2">X X</cards>
<cards type="Pocket" player="Exivezzz2323">X X</cards>
<cards type="Pocket" player="Rakki">D8 C6</cards>
<action no="3" player="Rakki" type="0" sum="0"/>
<action no="4" player="Pepanem2" type="0" discard="1" dealt="1" sum="0"/>
</round>
</game>
<game gamecode="6473660651"><general><startdate>2025-09-08 15:15:51</startdate>
<round>1</round>
<failsafecounter/>
<players><player seat="6" name="Rakki" chips="500" dealer="0" win="0" bet="40" muck="1" rebuy="0" addon="0" merge="0" rebuychips="0" reg_code="5058524975"/>
<player seat="10" name="Pepanem2" chips="490" dealer="1" win="0" bet="0" muck="1" rebuy="0" addon="0" merge="0" rebuychips="0" reg_code="5058525224"/>
<player seat="3" name="Exivezzz2323" chips="510" dealer="0" win="80" bet="40" muck="0" rebuy="0" addon="0" merge="0" rebuychips="0" reg_code="5058524890"/>
</players>
</general>
<round no="0"><action no="1" player="Exivezzz2323" type="1" discard="1" dealt="1" sum="10"/>
<action no="2" player="Rakki" type="2" sum="20"/>
</round>
<round no="1"><cards type="Pocket" player="Exivezzz2323">H4 C4</cards>
<cards type="Pocket" player="Rakki">H7 S10</cards>
<cards type="Pocket" player="Pepanem2">X X</cards>
<action no="3" player="Pepanem2" type="0" discard="1" dealt="1" sum="0"/>
<action no="4" player="Exivezzz2323" type="3" discard="1" dealt="1" sum="10"/>
<action no="5" player="Rakki" type="4" sum="0"/>
</round>
<round no="2"><cards type="Flop">C9 SQ D6</cards>
<action no="6" player="Exivezzz2323" type="5" discard="1" dealt="1" sum="20"/>
<action no="7" player="Rakki" type="3" sum="20"/>
</round>
<round no="3"><cards type="Turn">DQ</cards>
<action no="8" player="Exivezzz2323" type="4" discard="1" dealt="1" sum="0"/>
<action no="9" player="Rakki" type="4" sum="0"/>
</round>
<round no="4"><cards type="River">HK</cards>
<action no="10" player="Exivezzz2323" type="4" discard="1" dealt="1" sum="0"/>
<action no="11" player="Rakki" type="4" sum="0"/>
</round>
</game>
<game gamecode="6473660779"><general><startdate>2025-09-08 15:16:44</startdate>
<round>1</round>
<failsafecounter/>
<players><player seat="10" name="Pepanem2" chips="490" dealer="0" win="130" bet="100" muck="1" rebuy="0" addon="0" merge="0" rebuychips="0" reg_code="5058525224"/>
<player seat="3" name="Exivezzz2323" chips="550" dealer="1" win="0" bet="60" muck="1" rebuy="0" addon="0" merge="0" rebuychips="0" reg_code="5058524890"/>
<player seat="6" name="Rakki" chips="460" dealer="0" win="0" bet="10" muck="1" rebuy="0" addon="0" merge="0" rebuychips="0" reg_code="5058524975"/>
</players>
</general>
<round no="0"><action no="1" player="Rakki" type="1" sum="10"/>
<action no="2" player="Pepanem2" type="2" discard="1" dealt="1" sum="20"/>
</round>
<round no="1"><cards type="Pocket" player="Rakki">S7 SJ</cards>
<cards type="Pocket" player="Pepanem2">X X</cards>
<cards type="Pocket" player="Exivezzz2323">X X</cards>
<action no="3" player="Exivezzz2323" type="23" discard="1" dealt="1" sum="40"/>
<action no="4" player="Rakki" type="0" sum="0"/>
<action no="5" player="Pepanem2" type="3" discard="1" dealt="1" sum="20"/>
</round>
<round no="2"><cards type="Flop">DK CK H2</cards>
<action no="6" player="Pepanem2" type="4" discard="1" dealt="1" sum="0"/>
<action no="7" player="Exivezzz2323" type="5" discard="1" dealt="1" sum="20"/>
<action no="8" player="Pepanem2" type="3" discard="1" dealt="1" sum="20"/>
</round>
<round no="3"><cards type="Turn">D7</cards>
<action no="9" player="Pepanem2" type="4" discard="1" dealt="1" sum="0"/>
<action no="10" player="Exivezzz2323" type="4" discard="1" dealt="1" sum="0"/>
</round>
<round no="4"><cards type="River">H8</cards>
<action no="11" player="Pepanem2" type="5" discard="1" dealt="1" sum="40"/>
<action no="12" player="Exivezzz2323" type="0" discard="1" dealt="1" sum="0"/>
</round>
</game>
<game gamecode="6473668279"><general><startdate>2025-09-08 15:17:20</startdate>
<round>1</round>
<failsafecounter/>
<players><player seat="3" name="Exivezzz2323" chips="490" dealer="0" win="20" bet="20" muck="1" rebuy="0" addon="0" merge="0" rebuychips="0" reg_code="5058524890"/>
<player seat="6" name="Rakki" chips="450" dealer="1" win="0" bet="0" muck="1" rebuy="0" addon="0" merge="0" rebuychips="0" reg_code="5058524975"/>
<player seat="10" name="Pepanem2" chips="560" dealer="0" win="0" bet="10" muck="1" rebuy="0" addon="0" merge="0" rebuychips="0" reg_code="5058525224"/>
</players>
</general>
<round no="0"><action no="1" player="Pepanem2" type="1" discard="1" dealt="1" sum="10"/>
<action no="2" player="Exivezzz2323" type="2" discard="1" dealt="1" sum="20"/>
</round>
<round no="1"><cards type="Pocket" player="Rakki">S9 C7</cards>
<cards type="Pocket" player="Pepanem2">X X</cards>
<cards type="Pocket" player="Exivezzz2323">X X</cards>
<action no="3" player="Rakki" type="0" sum="0"/>
<action no="4" player="Pepanem2" type="0" discard="1" dealt="1" sum="0"/>
</round>
</game>
<game gamecode="6473668297"><general><startdate>2025-09-08 15:17:28</startdate>
<round>1</round>
<failsafecounter/>
<players><player seat="6" name="Rakki" chips="450" dealer="0" win="0" bet="65" muck="1" rebuy="0" addon="0" merge="0" rebuychips="0" reg_code="5058524975"/>
<player seat="10" name="Pepanem2" chips="550" dealer="1" win="150" bet="65" muck="0" rebuy="0" addon="0" merge="0" rebuychips="0" reg_code="5058525224"/>
<player seat="3" name="Exivezzz2323" chips="500" dealer="0" win="0" bet="20" muck="1" rebuy="0" addon="0" merge="0" rebuychips="0" reg_code="5058524890"/>
</players>
</general>
<round no="0"><action no="1" player="Exivezzz2323" type="15" discard="1" dealt="1" sum="5"/>
<action no="2" player="Rakki" type="15" sum="5"/>
<action no="3" player="Pepanem2" type="15" discard="1" dealt="1" sum="5"/>
<action no="4" player="Exivezzz2323" type="1" discard="1" dealt="1" sum="15"/>
<action no="5" player="Rakki" type="2" sum="30"/>
</round>
<round no="1"><cards type="Pocket" player="Exivezzz2323">X X</cards>
<cards type="Pocket" player="Pepanem2">HQ HK</cards>
<cards type="Pocket" player="Rakki">H2 H3</cards>
<action no="6" player="Pepanem2" type="23" discard="1" dealt="1" sum="60"/>
<action no="7" player="Exivezzz2323" type="0" discard="1" dealt="1" sum="0"/>
<action no="8" player="Rakki" type="3" sum="30"/>
</round>
<round no="2"><cards type="Flop">C8 C2 D5</cards>
<action no="9" player="Rakki" type="4" sum="0"/>
<action no="10" player="Pepanem2" type="4" discard="1" dealt="1" sum="0"/>
</round>
<round no="3"><cards type="Turn">H10</cards>
<action no="11" player="Rakki" type="4" sum="0"/>
<action no="12" player="Pepanem2" type="4" discard="1" dealt="1" sum="0"/>
</round>
<round no="4"><cards type="River">CQ</cards>
<action no="13" player="Rakki" type="4" sum="0"/>
<action no="14" player="Pepanem2" type="4" discard="1" dealt="1" sum="0"/>
</round>
</game>
<game gamecode="6473668359"><general><startdate>2025-09-08 15:17:56</startdate>
<round>1</round>
<failsafecounter/>
<players><player seat="10" name="Pepanem2" chips="635" dealer="0" win="0" bet="35" muck="1" rebuy="0" addon="0" merge="0" rebuychips="0" reg_code="5058525224"/>
<player seat="3" name="Exivezzz2323" chips="480" dealer="1" win="90" bet="480" muck="1" rebuy="0" addon="0" merge="0" rebuychips="0" reg_code="5058524890"/>
<player seat="6" name="Rakki" chips="385" dealer="0" win="0" bet="20" muck="1" rebuy="0" addon="0" merge="0" rebuychips="0" reg_code="5058524975"/>
</players>
</general>
<round no="0"><action no="1" player="Rakki" type="15" sum="5"/>
<action no="2" player="Pepanem2" type="15" discard="1" dealt="1" sum="5"/>
<action no="3" player="Exivezzz2323" type="15" discard="1" dealt="1" sum="5"/>
<action no="4" player="Rakki" type="1" sum="15"/>
<action no="5" player="Pepanem2" type="2" discard="1" dealt="1" sum="30"/>
</round>
<round no="1"><cards type="Pocket" player="Pepanem2">X X</cards>
<cards type="Pocket" player="Rakki">S3 SA</cards>
<cards type="Pocket" player="Exivezzz2323">X X</cards>
<action no="6" player="Exivezzz2323" type="23" discard="1" dealt="1" sum="475"/>
<action no="7" player="Rakki" type="0" sum="0"/>
<action no="8" player="Pepanem2" type="0" discard="1" dealt="1" sum="0"/>
</round>
</game>
<game gamecode="6473668398"><general><startdate>2025-09-08 15:18:11</startdate>
<round>1</round>
<failsafecounter/>
<players><player seat="3" name="Exivezzz2323" chips="535" dealer="0" win="0" bet="35" muck="1" rebuy="0" addon="0" merge="0" rebuychips="0" reg_code="5058524890"/>
<player seat="6" name="Rakki" chips="365" dealer="1" win="90" bet="365" muck="1" rebuy="0" addon="0" merge="0" rebuychips="0" reg_code="5058524975"/>
<player seat="10" name="Pepanem2" chips="600" dealer="0" win="0" bet="20" muck="1" rebuy="0" addon="0" merge="0" rebuychips="0" reg_code="5058525224"/>
</players>
</general>
<round no="0"><action no="1" player="Pepanem2" type="15" discard="1" dealt="1" sum="5"/>
<action no="2" player="Exivezzz2323" type="15" discard="1" dealt="1" sum="5"/>
<action no="3" player="Rakki" type="15" sum="5"/>
<action no="4" player="Pepanem2" type="1" discard="1" dealt="1" sum="15"/>
<action no="5" player="Exivezzz2323" type="2" discard="1" dealt="1" sum="30"/>
</round>
<round no="1"><cards type="Pocket" player="Rakki">D2 SA</cards>
<cards type="Pocket" player="Exivezzz2323">X X</cards>
<cards type="Pocket" player="Pepanem2">X X</cards>
<action no="6" player="Rakki" type="23" sum="360"/>
<action no="7" player="Pepanem2" type="0" discard="1" dealt="1" sum="0"/>
<action no="8" player="Exivezzz2323" type="0" discard="1" dealt="1" sum="0"/>
</round>
</game>
<game gamecode="6473668438"><general><startdate>2025-09-08 15:18:28</startdate>
<round>1</round>
<failsafecounter/>
<players><player seat="6" name="Rakki" chips="420" dealer="0" win="0" bet="35" muck="1" rebuy="0" addon="0" merge="0" rebuychips="0" reg_code="5058524975"/>
<player seat="10" name="Pepanem2" chips="580" dealer="1" win="0" bet="5" muck="1" rebuy="0" addon="0" merge="0" rebuychips="0" reg_code="5058525224"/>
<player seat="3" name="Exivezzz2323" chips="500" dealer="0" win="75" bet="500" muck="1" rebuy="0" addon="0" merge="0" rebuychips="0" reg_code="5058524890"/>
</players>
</general>
<round no="0"><action no="1" player="Exivezzz2323" type="15" discard="1" dealt="1" sum="5"/>
<action no="2" player="Rakki" type="15" sum="5"/>
<action no="3" player="Pepanem2" type="15" discard="1" dealt="1" sum="5"/>
<action no="4" player="Exivezzz2323" type="1" discard="1" dealt="1" sum="15"/>
<action no="5" player="Rakki" type="2" sum="30"/>
</round>
<round no="1"><cards type="Pocket" player="Pepanem2">X X</cards>
<cards type="Pocket" player="Rakki">HJ D7</cards>
<cards type="Pocket" player="Exivezzz2323">X X</cards>
<action no="6" player="Pepanem2" type="0" discard="1" dealt="1" sum="0"/>
<action no="7" player="Exivezzz2323" type="23" discard="1" dealt="1" sum="495"/>
<action no="8" player="Rakki" type="0" sum="0"/>
</round>
</game>
<game gamecode="6473668474"><general><startdate>2025-09-08 15:18:43</startdate>
<round>1</round>
<failsafecounter/>
<players><player seat="10" name="Pepanem2" chips="575" dealer="0" win="390" bet="185" muck="0" rebuy="0" addon="0" merge="0" rebuychips="0" reg_code="5058525224"/>
<player seat="3" name="Exivezzz2323" chips="540" dealer="1" win="0" bet="185" muck="1" rebuy="0" addon="0" merge="0" rebuychips="0" reg_code="5058524890"/>
<player seat="6" name="Rakki" chips="385" dealer="0" win="0" bet="20" muck="1" rebuy="0" addon="0" merge="0" rebuychips="0" reg_code="5058524975"/>
</players>
</general>
<round no="0"><action no="1" player="Rakki" type="15" sum="5"/>
<action no="2" player="Pepanem2" type="15" discard="1" dealt="1" sum="5"/>
<action no="3" player="Exivezzz2323" type="15" discard="1" dealt="1" sum="5"/>
<action no="4" player="Rakki" type="1" sum="15"/>
<action no="5" player="Pepanem2" type="2" discard="1" dealt="1" sum="30"/>
</round>
<round no="1"><cards type="Pocket" player="Pepanem2">S8 HA</cards>
<cards type="Pocket" player="Rakki">D3 C8</cards>
<cards type="Pocket" player="Exivezzz2323">D8 D6</cards>
<action no="6" player="Exivezzz2323" type="23" discard="1" dealt="1" sum="60"/>
<action no="7" player="Rakki" type="0" sum="0"/>
<action no="8" player="Pepanem2" type="3" discard="1" dealt="1" sum="30"/>
</round>
<round no="2"><cards type="Flop">DK H3 SA</cards>
<action no="9" player="Pepanem2" type="4" discard="1" dealt="1" sum="0"/>
<action no="10" player="Exivezzz2323" type="5" discard="1" dealt="1" sum="30"/>
<action no="11" player="Pepanem2" type="3" discard="1" dealt="1" sum="30"/>
</round>
<round no="3"><cards type="Turn">S5</cards>
<action no="12" player="Pepanem2" type="4" discard="1" dealt="1" sum="0"/>
<action no="13" player="Exivezzz2323" type="5" discard="1" dealt="1" sum="90"/>
<action no="14" player="Pepanem2" type="3" discard="1" dealt="1" sum="90"/>
</round>
<round no="4"><cards type="River">DA</cards>
<action no="15" player="Pepanem2" type="4" discard="1" dealt="1" sum="0"/>
<action no="16" player="Exivezzz2323" type="4" discard="1" dealt="1" sum="0"/>
</round>
</game>
<game gamecode="6473668565"><general><startdate>2025-09-08 15:19:26</startdate>
<round>1</round>
<failsafecounter/>
<players><player seat="3" name="Exivezzz2323" chips="355" dealer="0" win="55" bet="45" muck="1" rebuy="0" addon="0" merge="0" rebuychips="0" reg_code="5058524890"/>
<player seat="6" name="Rakki" chips="365" dealer="1" win="0" bet="5" muck="1" rebuy="0" addon="0" merge="0" rebuychips="0" reg_code="5058524975"/>
<player seat="10" name="Pepanem2" chips="780" dealer="0" win="0" bet="25" muck="1" rebuy="0" addon="0" merge="0" rebuychips="0" reg_code="5058525224"/>
</players>
</general>
<round no="0"><action no="1" player="Pepanem2" type="15" discard="1" dealt="1" sum="5"/>
<action no="2" player="Exivezzz2323" type="15" discard="1" dealt="1" sum="5"/>
<action no="3" player="Rakki" type="15" sum="5"/>
<action no="4" player="Pepanem2" type="1" discard="1" dealt="1" sum="20"/>
<action no="5" player="Exivezzz2323" type="2" discard="1" dealt="1" sum="40"/>
</round>
<round no="1"><cards type="Pocket" player="Pepanem2">X X</cards>
<cards type="Pocket" player="Exivezzz2323">X X</cards>
<cards type="Pocket" player="Rakki">H6 C3</cards>
<action no="6" player="Rakki" type="0" sum="0"/>
<action no="7" player="Pepanem2" type="0" discard="1" dealt="1" sum="0"/>
</round>
</game>
<game gamecode="6473668592"><general><startdate>2025-09-08 15:19:37</startdate>
<round>1</round>
<failsafecounter/>
<players><player seat="6" name="Rakki" chips="360" dealer="0" win="0" bet="360" muck="1" rebuy="0" addon="0" merge="0" rebuychips="0" reg_code="5058524975"/>
<player seat="10" name="Pepanem2" chips="755" dealer="1" win="0" bet="5" muck="1" rebuy="0" addon="0" merge="0" rebuychips="0" reg_code="5058525224"/>
<player seat="3" name="Exivezzz2323" chips="385" dealer="0" win="725" bet="385" muck="0" rebuy="0" addon="0" merge="0" rebuychips="0" reg_code="5058524890"/>
</players>
</general>
<round no="0"><action no="1" player="Exivezzz2323" type="15" discard="1" dealt="1" sum="5"/>
<action no="2" player="Rakki" type="15" sum="5"/>
<action no="3" player="Pepanem2" type="15" discard="1" dealt="1" sum="5"/>
<action no="4" player="Exivezzz2323" type="1" discard="1" dealt="1" sum="20"/>
<action no="5" player="Rakki" type="2" sum="40"/>
</round>
<round no="1"><cards type="Pocket" player="Pepanem2">X X</cards>
<cards type="Pocket" player="Rakki">D8 SQ</cards>
<cards type="Pocket" player="Exivezzz2323">H6 D6</cards>
<action no="6" player="Pepanem2" type="0" discard="1" dealt="1" sum="0"/>
<action no="7" player="Exivezzz2323" type="23" discard="1" dealt="1" sum="380"/>
<action no="8" player="Rakki" type="7" sum="315"/>
</round>
<round no="2"><cards type="Flop">D7 S4 CQ</cards>
</round>
<round no="3"><cards type="Turn">S6</cards>
</round>
<round no="4"><cards type="River">S2</cards>
</round>
</game>
</session>
