<?xml version="1.0" encoding="UTF-8"?>
<session sessioncode="5058522197">
<general>
<client_version>25.1.1.16</client_version>
<mode>real</mode>
<gametype>Holdem NL</gametype>
<tablename>Twister €200 SNG, 817302955</tablename>
<tournamentcode>817302954</tournamentcode>
<tournamentname>Twister €200 SNG</tournamentname>
<buyin>€0 + €12 + €188</buyin>
<totalbuyin>€200</totalbuyin>
<rewarddrawn>€400</rewarddrawn>
<tournamentcurrency>EUR</tournamentcurrency>
<currency>EUR</currency>
<nickname>Rakki</nickname>
<gamecount>22</gamecount>
<startdate>2025-09-08 15:04:40</startdate>
<place>1</place>
<win>€400</win>
<tablesize>3</tablesize>
</general>
<game gamecode="6473652040"><general><startdate>2025-09-08 15:04:55</startdate>
<round>1</round>
<failsafecounter/>
<players><player seat="6" name="Rakki" chips="500" dealer="0" win="0" bet="40" muck="1" rebuy="0" addon="0" merge="0" rebuychips="0" reg_code="5058522197"/>
<player seat="10" name="Kaka789" chips="500" dealer="1" win="1,040" bet="500" muck="0" rebuy="0" addon="0" merge="0" rebuychips="0" reg_code="5058523228"/>
<player seat="3" name="Exivezzz2323" chips="500" dealer="0" win="0" bet="500" muck="1" rebuy="0" addon="0" merge="0" rebuychips="0" reg_code="5058522084"/>
</players>
</general>
<round no="0"><action no="1" player="Exivezzz2323" type="1" discard="1" dealt="1" sum="10"/>
<action no="2" player="Rakki" type="2" sum="20"/>
</round>
<round no="1"><cards type="Pocket" player="Rakki">S4 CK</cards>
<cards type="Pocket" player="Exivezzz2323">CA C10</cards>
<cards type="Pocket" player="Kaka789">HK DQ</cards>
<action no="3" player="Kaka789" type="23" discard="1" dealt="1" sum="40"/>
<action no="4" player="Exivezzz2323" type="3" discard="1" dealt="1" sum="30"/>
<action no="5" player="Rakki" type="3" sum="20"/>
</round>
<round no="2"><cards type="Flop">S10 C6 SQ</cards>
<action no="6" player="Exivezzz2323" type="4" discard="1" dealt="1" sum="0"/>
<action no="7" player="Rakki" type="4" sum="0"/>
<action no="8" player="Kaka789" type="5" discard="1" dealt="1" sum="60"/>
<action no="9" player="Exivezzz2323" type="3" discard="1" dealt="1" sum="60"/>
<action no="10" player="Rakki" type="0" sum="0"/>
</round>
<round no="3"><cards type="Turn">HQ</cards>
<action no="11" player="Exivezzz2323" type="4" discard="1" dealt="1" sum="0"/>
<action no="12" player="Kaka789" type="5" discard="1" dealt="1" sum="60"/>
<action no="13" player="Exivezzz2323" type="3" discard="1" dealt="1" sum="60"/>
</round>
<round no="4"><cards type="River">D4</cards>
<action no="14" player="Exivezzz2323" type="5" discard="1" dealt="1" sum="340"/>
<action no="15" player="Kaka789" type="7" discard="1" dealt="1" sum="340"/>
</round>
</game>
<game gamecode="6473652154"><general><startdate>2025-09-08 15:05:59</startdate>
<round>1</round>
<failsafecounter/>
<players><player seat="10" name="Kaka789" chips="1,040" dealer="0" win="20" bet="20" muck="1" rebuy="0" addon="0" merge="0" rebuychips="0" reg_code="5058523228"/>
<player seat="6" name="Rakki" chips="460" dealer="1" win="0" bet="10" muck="1" rebuy="0" addon="0" merge="0" rebuychips="0" reg_code="5058522197"/>
</players>
</general>
<round no="0"><action no="1" player="Rakki" type="1" sum="10"/>
<action no="2" player="Kaka789" type="2" discard="1" dealt="1" sum="20"/>
</round>
<round no="1"><cards type="Pocket" player="Rakki">H5 S2</cards>
<cards type="Pocket" player="Kaka789">X X</cards>
<action no="3" player="Rakki" type="0" sum="0"/>
</round>
</game>
<game gamecode="6473652163"><general><startdate>2025-09-08 15:06:05</startdate>
<round>1</round>
<failsafecounter/>
<players><player seat="6" name="Rakki" chips="450" dealer="0" win="0" bet="20" muck="1" rebuy="0" addon="0" merge="0" rebuychips="0" reg_code="5058522197"/>
<player seat="10" name="Kaka789" chips="1,050" dealer="1" win="40" bet="1,050" muck="1" rebuy="0" addon="0" merge="0" rebuychips="0" reg_code="5058523228"/>
</players>
</general>
<round no="0"><action no="1" player="Kaka789" type="1" discard="1" dealt="1" sum="10"/>
<action no="2" player="Rakki" type="2" sum="20"/>
</round>
<round no="1"><cards type="Pocket" player="Rakki">D9 H6</cards>
<cards type="Pocket" player="Kaka789">X X</cards>
<action no="3" player="Kaka789" type="23" discard="1" dealt="1" sum="1,050"/>
<action no="4" player="Rakki" type="0" sum="0"/>
</round>
</game>
<game gamecode="6473652180"><general><startdate>2025-09-08 15:06:17</startdate>
<round>1</round>
<failsafecounter/>
<players><player seat="10" name="Kaka789" chips="1,070" dealer="0" win="0" bet="40" muck="1" rebuy="0" addon="0" merge="0" rebuychips="0" reg_code="5058523228"/>
<player seat="6" name="Rakki" chips="430" dealer="1" win="80" bet="80" muck="1" rebuy="0" addon="0" merge="0" rebuychips="0" reg_code="5058522197"/>
</players>
</general>
<round no="0"><action no="1" player="Rakki" type="1" sum="10"/>
<action no="2" player="Kaka789" type="2" discard="1" dealt="1" sum="20"/>
</round>
<round no="1"><cards type="Pocket" player="Kaka789">X X</cards>
<cards type="Pocket" player="Rakki">SQ HQ</cards>
<action no="3" player="Rakki" type="23" sum="40"/>
<action no="4" player="Kaka789" type="3" discard="1" dealt="1" sum="20"/>
</round>
<round no="2"><cards type="Flop">C9 D6 CA</cards>
<action no="5" player="Kaka789" type="4" discard="1" dealt="1" sum="0"/>
<action no="6" player="Rakki" type="5" sum="40"/>
<action no="7" player="Kaka789" type="0" discard="1" dealt="1" sum="0"/>
</round>
</game>
<game gamecode="6473652208"><general><startdate>2025-09-08 15:06:30</startdate>
<round>1</round>
<failsafecounter/>
<players><player seat="6" name="Rakki" chips="470" dealer="0" win="20" bet="20" muck="1" rebuy="0" addon="0" merge="0" rebuychips="0" reg_code="5058522197"/>
<player seat="10" name="Kaka789" chips="1,030" dealer="1" win="0" bet="10" muck="1" rebuy="0" addon="0" merge="0" rebuychips="0" reg_code="5058523228"/>
</players>
</general>
<round no="0"><action no="1" player="Kaka789" type="1" discard="1" dealt="1" sum="10"/>
<action no="2" player="Rakki" type="2" sum="20"/>
</round>
<round no="1"><cards type="Pocket" player="Rakki">H2 D6</cards>
<cards type="Pocket" player="Kaka789">X X</cards>
<action no="3" player="Kaka789" type="0" discard="1" dealt="1" sum="0"/>
</round>
</game>
<game gamecode="6473652216"><general><startdate>2025-09-08 15:06:36</startdate>
<round>1</round>
<failsafecounter/>
<players><player seat="10" name="Kaka789" chips="1,020" dealer="0" win="70" bet="65" muck="1" rebuy="0" addon="0" merge="0" rebuychips="0" reg_code="5058523228"/>
<player seat="6" name="Rakki" chips="480" dealer="1" win="0" bet="35" muck="1" rebuy="0" addon="0" merge="0" rebuychips="0" reg_code="5058522197"/>
</players>
</general>
<round no="0"><action no="1" player="Rakki" type="15" sum="5"/>
<action no="2" player="Kaka789" type="15" discard="1" dealt="1" sum="5"/>
<action no="3" player="Rakki" type="1" sum="15"/>
<action no="4" player="Kaka789" type="2" discard="1" dealt="1" sum="30"/>
</round>
<round no="1"><cards type="Pocket" player="Rakki">S2 S6</cards>
<cards type="Pocket" player="Kaka789">X X</cards>
<action no="5" player="Rakki" type="3" sum="15"/>
<action no="6" player="Kaka789" type="4" discard="1" dealt="1" sum="0"/>
</round>
<round no="2"><cards type="Flop">C7 D8 CK</cards>
<action no="7" player="Kaka789" type="5" discard="1" dealt="1" sum="30"/>
<action no="8" player="Rakki" type="0" sum="0"/>
</round>
</game>
<game gamecode="6473652237"><general><startdate>2025-09-08 15:06:45</startdate>
<round>1</round>
<failsafecounter/>
<players><player seat="6" name="Rakki" chips="445" dealer="0" win="130" bet="65" muck="0" rebuy="0" addon="0" merge="0" rebuychips="0" reg_code="5058522197"/>
<player seat="10" name="Kaka789" chips="1,055" dealer="1" win="0" bet="65" muck="1" rebuy="0" addon="0" merge="0" rebuychips="0" reg_code="5058523228"/>
</players>
</general>
<round no="0"><action no="1" player="Kaka789" type="15" discard="1" dealt="1" sum="5"/>
<action no="2" player="Rakki" type="15" sum="5"/>
<action no="3" player="Kaka789" type="1" discard="1" dealt="1" sum="15"/>
<action no="4" player="Rakki" type="2" sum="30"/>
</round>
<round no="1"><cards type="Pocket" player="Kaka789">S3 C5</cards>
<cards type="Pocket" player="Rakki">H3 DK</cards>
<action no="5" player="Kaka789" type="3" discard="1" dealt="1" sum="15"/>
<action no="6" player="Rakki" type="4" sum="0"/>
</round>
<round no="2"><cards type="Flop">D2 S7 C8</cards>
<action no="7" player="Rakki" type="4" sum="0"/>
<action no="8" player="Kaka789" type="4" discard="1" dealt="1" sum="0"/>
</round>
<round no="3"><cards type="Turn">D3</cards>
<action no="9" player="Rakki" type="4" sum="0"/>
<action no="10" player="Kaka789" type="5" discard="1" dealt="1" sum="30"/>
<action no="11" player="Rakki" type="3" sum="30"/>
</round>
<round no="4"><cards type="River">H9</cards>
<action no="12" player="Rakki" type="4" sum="0"/>
<action no="13" player="Kaka789" type="4" discard="1" dealt="1" sum="0"/>
</round>
</game>
<game gamecode="6473652274"><general><startdate>2025-09-08 15:07:04</startdate>
<round>1</round>
<failsafecounter/>
<players><player seat="10" name="Kaka789" chips="990" dealer="0" win="0" bet="35" muck="1" rebuy="0" addon="0" merge="0" rebuychips="0" reg_code="5058523228"/>
<player seat="6" name="Rakki" chips="510" dealer="1" win="70" bet="65" muck="1" rebuy="0" addon="0" merge="0" rebuychips="0" reg_code="5058522197"/>
</players>
</general>
<round no="0"><action no="1" player="Rakki" type="15" sum="5"/>
<action no="2" player="Kaka789" type="15" discard="1" dealt="1" sum="5"/>
<action no="3" player="Rakki" type="1" sum="15"/>
<action no="4" player="Kaka789" type="2" discard="1" dealt="1" sum="30"/>
</round>
<round no="1"><cards type="Pocket" player="Rakki">S4 HK</cards>
<cards type="Pocket" player="Kaka789">X X</cards>
<action no="5" player="Rakki" type="3" sum="15"/>
<action no="6" player="Kaka789" type="4" discard="1" dealt="1" sum="0"/>
</round>
<round no="2"><cards type="Flop">DJ DK CQ</cards>
<action no="7" player="Kaka789" type="4" discard="1" dealt="1" sum="0"/>
<action no="8" player="Rakki" type="5" sum="30"/>
<action no="9" player="Kaka789" type="0" discard="1" dealt="1" sum="0"/>
</round>
</game>
<game gamecode="6473652295"><general><startdate>2025-09-08 15:07:15</startdate>
<round>1</round>
<failsafecounter/>
<players><player seat="6" name="Rakki" chips="545" dealer="0" win="70" bet="545" muck="1" rebuy="0" addon="0" merge="0" rebuychips="0" reg_code="5058522197"/>
<player seat="10" name="Kaka789" chips="955" dealer="1" win="0" bet="35" muck="1" rebuy="0" addon="0" merge="0" rebuychips="0" reg_code="5058523228"/>
</players>
</general>
<round no="0"><action no="1" player="Kaka789" type="15" discard="1" dealt="1" sum="5"/>
<action no="2" player="Rakki" type="15" sum="5"/>
<action no="3" player="Kaka789" type="1" discard="1" dealt="1" sum="15"/>
<action no="4" player="Rakki" type="2" sum="30"/>
</round>
<round no="1"><cards type="Pocket" player="Rakki">D5 S5</cards>
<cards type="Pocket" player="Kaka789">X X</cards>
<action no="5" player="Kaka789" type="3" discard="1" dealt="1" sum="15"/>
<action no="6" player="Rakki" type="23" sum="540"/>
<action no="7" player="Kaka789" type="0" discard="1" dealt="1" sum="0"/>
</round>
</game>
<game gamecode="6473652315"><general><startdate>2025-09-08 15:07:23</startdate>
<round>1</round>
<failsafecounter/>
<players><player seat="10" name="Kaka789" chips="920" dealer="0" win="70" bet="65" muck="1" rebuy="0" addon="0" merge="0" rebuychips="0" reg_code="5058523228"/>
<player seat="6" name="Rakki" chips="580" dealer="1" win="0" bet="35" muck="1" rebuy="0" addon="0" merge="0" rebuychips="0" reg_code="5058522197"/>
</players>
</general>
<round no="0"><action no="1" player="Rakki" type="15" sum="5"/>
<action no="2" player="Kaka789" type="15" discard="1" dealt="1" sum="5"/>
<action no="3" player="Rakki" type="1" sum="15"/>
<action no="4" player="Kaka789" type="2" discard="1" dealt="1" sum="30"/>
</round>
<round no="1"><cards type="Pocket" player="Rakki">S9 C3</cards>
<cards type="Pocket" player="Kaka789">X X</cards>
<action no="5" player="Rakki" type="3" sum="15"/>
<action no="6" player="Kaka789" type="4" discard="1" dealt="1" sum="0"/>
</round>
<round no="2"><cards type="Flop">CK C2 HQ</cards>
<action no="7" player="Kaka789" type="5" discard="1" dealt="1" sum="30"/>
<action no="8" player="Rakki" type="0" sum="0"/>
</round>
</game>
<game gamecode="6473652334"><general><startdate>2025-09-08 15:07:33</startdate>
<round>1</round>
<failsafecounter/>
<players><player seat="6" name="Rakki" chips="545" dealer="0" win="40" bet="35" muck="1" rebuy="0" addon="0" merge="0" rebuychips="0" reg_code="5058522197"/>
<player seat="10" name="Kaka789" chips="955" dealer="1" win="0" bet="20" muck="1" rebuy="0" addon="0" merge="0" rebuychips="0" reg_code="5058523228"/>
</players>
</general>
<round no="0"><action no="1" player="Kaka789" type="15" discard="1" dealt="1" sum="5"/>
<action no="2" player="Rakki" type="15" sum="5"/>
<action no="3" player="Kaka789" type="1" discard="1" dealt="1" sum="15"/>
<action no="4" player="Rakki" type="2" sum="30"/>
</round>
<round no="1"><cards type="Pocket" player="Kaka789">X X</cards>
<cards type="Pocket" player="Rakki">D7 CK</cards>
<action no="5" player="Kaka789" type="0" discard="1" dealt="1" sum="0"/>
</round>
</game>
<game gamecode="6473652347"><general><startdate>2025-09-08 15:07:39</startdate>
<round>1</round>
<failsafecounter/>
<players><player seat="10" name="Kaka789" chips="935" dealer="0" win="70" bet="935" muck="1" rebuy="0" addon="0" merge="0" rebuychips="0" reg_code="5058523228"/>
<player seat="6" name="Rakki" chips="565" dealer="1" win="0" bet="35" muck="1" rebuy="0" addon="0" merge="0" rebuychips="0" reg_code="5058522197"/>
</players>
</general>
<round no="0"><action no="1" player="Rakki" type="15" sum="5"/>
<action no="2" player="Kaka789" type="15" discard="1" dealt="1" sum="5"/>
<action no="3" player="Rakki" type="1" sum="15"/>
<action no="4" player="Kaka789" type="2" discard="1" dealt="1" sum="30"/>
</round>
<round no="1"><cards type="Pocket" player="Kaka789">X X</cards>
<cards type="Pocket" player="Rakki">HQ C2</cards>
<action no="5" player="Rakki" type="3" sum="15"/>
<action no="6" player="Kaka789" type="23" discard="1" dealt="1" sum="930"/>
<action no="7" player="Rakki" type="0" sum="0"/>
</round>
</game>
<game gamecode="6473652372"><general><startdate>2025-09-08 15:07:49</startdate>
<round>1</round>
<failsafecounter/>
<players><player seat="6" name="Rakki" chips="530" dealer="0" win="95" bet="95" muck="0" rebuy="0" addon="0" merge="0" rebuychips="0" reg_code="5058522197"/>
<player seat="10" name="Kaka789" chips="970" dealer="1" win="95" bet="95" muck="0" rebuy="0" addon="0" merge="0" rebuychips="0" reg_code="5058523228"/>
</players>
</general>
<round no="0"><action no="1" player="Kaka789" type="15" discard="1" dealt="1" sum="5"/>
<action no="2" player="Rakki" type="15" sum="5"/>
<action no="3" player="Kaka789" type="1" discard="1" dealt="1" sum="15"/>
<action no="4" player="Rakki" type="2" sum="30"/>
</round>
<round no="1"><cards type="Pocket" player="Kaka789">S2 SJ</cards>
<cards type="Pocket" player="Rakki">H5 HJ</cards>
<action no="5" player="Kaka789" type="3" discard="1" dealt="1" sum="15"/>
<action no="6" player="Rakki" type="4" sum="0"/>
</round>
<round no="2"><cards type="Flop">S4 S3 D6</cards>
<action no="7" player="Rakki" type="4" sum="0"/>
<action no="8" player="Kaka789" type="5" discard="1" dealt="1" sum="30"/>
<action no="9" player="Rakki" type="3" sum="30"/>
</round>
<round no="3"><cards type="Turn">C3</cards>
<action no="10" player="Rakki" type="4" sum="0"/>
<action no="11" player="Kaka789" type="5" discard="1" dealt="1" sum="30"/>
<action no="12" player="Rakki" type="3" sum="30"/>
</round>
<round no="4"><cards type="River">D4</cards>
<action no="13" player="Rakki" type="4" sum="0"/>
<action no="14" player="Kaka789" type="4" discard="1" dealt="1" sum="0"/>
</round>
</game>
<game gamecode="6473652421"><general><startdate>2025-09-08 15:08:10</startdate>
<round>1</round>
<failsafecounter/>
<players><player seat="10" name="Kaka789" chips="970" dealer="0" win="70" bet="35" muck="0" rebuy="0" addon="0" merge="0" rebuychips="0" reg_code="5058523228"/>
<player seat="6" name="Rakki" chips="530" dealer="1" win="0" bet="35" muck="1" rebuy="0" addon="0" merge="0" rebuychips="0" reg_code="5058522197"/>
</players>
</general>
<round no="0"><action no="1" player="Rakki" type="15" sum="5"/>
<action no="2" player="Kaka789" type="15" discard="1" dealt="1" sum="5"/>
<action no="3" player="Rakki" type="1" sum="15"/>
<action no="4" player="Kaka789" type="2" discard="1" dealt="1" sum="30"/>
</round>
<round no="1"><cards type="Pocket" player="Rakki">C4 C7</cards>
<cards type="Pocket" player="Kaka789">C9 D4</cards>
<action no="5" player="Rakki" type="3" sum="15"/>
<action no="6" player="Kaka789" type="4" discard="1" dealt="1" sum="0"/>
</round>
<round no="2"><cards type="Flop">DJ H9 H10</cards>
<action no="7" player="Kaka789" type="4" discard="1" dealt="1" sum="0"/>
<action no="8" player="Rakki" type="4" sum="0"/>
</round>
<round no="3"><cards type="Turn">S2</cards>
<action no="9" player="Kaka789" type="4" discard="1" dealt="1" sum="0"/>
<action no="10" player="Rakki" type="4" sum="0"/>
</round>
<round no="4"><cards type="River">D7</cards>
<action no="11" player="Kaka789" type="4" discard="1" dealt="1" sum="0"/>
<action no="12" player="Rakki" type="4" sum="0"/>
</round>
</game>
<game gamecode="6473652463"><general><startdate>2025-09-08 15:08:28</startdate>
<round>1</round>
<failsafecounter/>
<players><player seat="6" name="Rakki" chips="495" dealer="0" win="170" bet="137" muck="1" rebuy="0" addon="0" merge="0" rebuychips="0" reg_code="5058522197"/>
<player seat="10" name="Kaka789" chips="1,005" dealer="1" win="0" bet="85" muck="1" rebuy="0" addon="0" merge="0" rebuychips="0" reg_code="5058523228"/>
</players>
</general>
<round no="0"><action no="1" player="Kaka789" type="15" discard="1" dealt="1" sum="5"/>
<action no="2" player="Rakki" type="15" sum="5"/>
<action no="3" player="Kaka789" type="1" discard="1" dealt="1" sum="20"/>
<action no="4" player="Rakki" type="2" sum="40"/>
</round>
<round no="1"><cards type="Pocket" player="Kaka789">X X</cards>
<cards type="Pocket" player="Rakki">H5 H10</cards>
<action no="5" player="Kaka789" type="3" discard="1" dealt="1" sum="20"/>
<action no="6" player="Rakki" type="4" sum="0"/>
</round>
<round no="2"><cards type="Flop">HK HJ H8</cards>
<action no="7" player="Rakki" type="4" sum="0"/>
<action no="8" player="Kaka789" type="5" discard="1" dealt="1" sum="40"/>
<action no="9" player="Rakki" type="23" sum="92"/>
<action no="10" player="Kaka789" type="0" discard="1" dealt="1" sum="0"/>
</round>
</game>
<game gamecode="6473659687"><general><startdate>2025-09-08 15:08:42</startdate>
<round>1</round>
<failsafecounter/>
<players><player seat="10" name="Kaka789" chips="920" dealer="0" win="250" bet="920" muck="1" rebuy="0" addon="0" merge="0" rebuychips="0" reg_code="5058523228"/>
<player seat="6" name="Rakki" chips="580" dealer="1" win="0" bet="125" muck="1" rebuy="0" addon="0" merge="0" rebuychips="0" reg_code="5058522197"/>
</players>
</general>
<round no="0"><action no="1" player="Rakki" type="15" sum="5"/>
<action no="2" player="Kaka789" type="15" discard="1" dealt="1" sum="5"/>
<action no="3" player="Rakki" type="1" sum="20"/>
<action no="4" player="Kaka789" type="2" discard="1" dealt="1" sum="40"/>
</round>
<round no="1"><cards type="Pocket" player="Kaka789">X X</cards>
<cards type="Pocket" player="Rakki">H6 HK</cards>
<action no="5" player="Rakki" type="3" sum="20"/>
<action no="6" player="Kaka789" type="23" discard="1" dealt="1" sum="120"/>
<action no="7" player="Rakki" type="3" sum="80"/>
</round>
<round no="2"><cards type="Flop">S5 C5 D4</cards>
<action no="8" player="Kaka789" type="5" discard="1" dealt="1" sum="795"/>
<action no="9" player="Rakki" type="0" sum="0"/>
</round>
</game>
<game gamecode="6473659721"><general><startdate>2025-09-08 15:08:56</startdate>
<round>1</round>
<failsafecounter/>
<players><player seat="6" name="Rakki" chips="455" dealer="0" win="50" bet="45" muck="1" rebuy="0" addon="0" merge="0" rebuychips="0" reg_code="5058522197"/>
<player seat="10" name="Kaka789" chips="1,045" dealer="1" win="0" bet="25" muck="1" rebuy="0" addon="0" merge="0" rebuychips="0" reg_code="5058523228"/>
</players>
</general>
<round no="0"><action no="1" player="Kaka789" type="15" discard="1" dealt="1" sum="5"/>
<action no="2" player="Rakki" type="15" sum="5"/>
<action no="3" player="Kaka789" type="1" discard="1" dealt="1" sum="20"/>
<action no="4" player="Rakki" type="2" sum="40"/>
</round>
<round no="1"><cards type="Pocket" player="Rakki">S3 D5</cards>
<cards type="Pocket" player="Kaka789">X X</cards>
<action no="5" player="Kaka789" type="0" discard="1" dealt="1" sum="0"/>
</round>
</game>
<game gamecode="6473659733"><general><startdate>2025-09-08 15:09:03</startdate>
<round>1</round>
<failsafecounter/>
<players><player seat="10" name="Kaka789" chips="1,020" dealer="0" win="90" bet="45" muck="0" rebuy="0" addon="0" merge="0" rebuychips="0" reg_code="5058523228"/>
<player seat="6" name="Rakki" chips="480" dealer="1" win="0" bet="45" muck="1" rebuy="0" addon="0" merge="0" rebuychips="0" reg_code="5058522197"/>
</players>
</general>
<round no="0"><action no="1" player="Rakki" type="15" sum="5"/>
<action no="2" player="Kaka789" type="15" discard="1" dealt="1" sum="5"/>
<action no="3" player="Rakki" type="1" sum="20"/>
<action no="4" player="Kaka789" type="2" discard="1" dealt="1" sum="40"/>
</round>
<round no="1"><cards type="Pocket" player="Rakki">H8 HQ</cards>
<cards type="Pocket" player="Kaka789">C6 H10</cards>
<action no="5" player="Rakki" type="3" sum="20"/>
<action no="6" player="Kaka789" type="4" discard="1" dealt="1" sum="0"/>
</round>
<round no="2"><cards type="Flop">H9 D4 S6</cards>
<action no="7" player="Kaka789" type="4" discard="1" dealt="1" sum="0"/>
<action no="8" player="Rakki" type="4" sum="0"/>
</round>
<round no="3"><cards type="Turn">CA</cards>
<action no="9" player="Kaka789" type="4" discard="1" dealt="1" sum="0"/>
<action no="10" player="Rakki" type="4" sum="0"/>
</round>
<round no="4"><cards type="River">D9</cards>
<action no="11" player="Kaka789" type="4" discard="1" dealt="1" sum="0"/>
<action no="12" player="Rakki" type="4" sum="0"/>
</round>
</game>
<game gamecode="6473659770"><general><startdate>2025-09-08 15:09:18</startdate>
<round>1</round>
<failsafecounter/>
<players><player seat="6" name="Rakki" chips="435" dealer="0" win="90" bet="45" muck="0" rebuy="0" addon="0" merge="0" rebuychips="0" reg_code="5058522197"/>
<player seat="10" name="Kaka789" chips="1,065" dealer="1" win="0" bet="45" muck="1" rebuy="0" addon="0" merge="0" rebuychips="0" reg_code="5058523228"/>
</players>
</general>
<round no="0"><action no="1" player="Kaka789" type="15" discard="1" dealt="1" sum="5"/>
<action no="2" player="Rakki" type="15" sum="5"/>
<action no="3" player="Kaka789" type="1" discard="1" dealt="1" sum="20"/>
<action no="4" player="Rakki" type="2" sum="40"/>
</round>
<round no="1"><cards type="Pocket" player="Rakki">C5 H10</cards>
<cards type="Pocket" player="Kaka789">DA D2</cards>
<action no="5" player="Kaka789" type="3" discard="1" dealt="1" sum="20"/>
<action no="6" player="Rakki" type="4" sum="0"/>
</round>
<round no="2"><cards type="Flop">CJ CK D6</cards>
<action no="7" player="Rakki" type="4" sum="0"/>
<action no="8" player="Kaka789" type="4" discard="1" dealt="1" sum="0"/>
</round>
<round no="3"><cards type="Turn">D4</cards>
<action no="9" player="Rakki" type="4" sum="0"/>
<action no="10" player="Kaka789" type="4" discard="1" dealt="1" sum="0"/>
</round>
<round no="4"><cards type="River">C10</cards>
<action no="11" player="Rakki" type="4" sum="0"/>
<action no="12" player="Kaka789" type="4" discard="1" dealt="1" sum="0"/>
</round>
</game>
<game gamecode="6473659800"><general><startdate>2025-09-08 15:09:32</startdate>
<round>1</round>
<failsafecounter/>
<players><player seat="10" name="Kaka789" chips="1,020" dealer="0" win="0" bet="165" muck="1" rebuy="0" addon="0" merge="0" rebuychips="0" reg_code="5058523228"/>
<player seat="6" name="Rakki" chips="480" dealer="1" win="330" bet="480" muck="1" rebuy="0" addon="0" merge="0" rebuychips="0" reg_code="5058522197"/>
</players>
</general>
<round no="0"><action no="1" player="Rakki" type="15" sum="5"/>
<action no="2" player="Kaka789" type="15" discard="1" dealt="1" sum="5"/>
<action no="3" player="Rakki" type="1" sum="20"/>
<action no="4" player="Kaka789" type="2" discard="1" dealt="1" sum="40"/>
</round>
<round no="1"><cards type="Pocket" player="Kaka789">X X</cards>
<cards type="Pocket" player="Rakki">H6 SK</cards>
<action no="5" player="Rakki" type="3" sum="20"/>
<action no="6" player="Kaka789" type="23" discard="1" dealt="1" sum="120"/>
<action no="7" player="Rakki" type="3" sum="80"/>
</round>
<round no="2"><cards type="Flop">CK D9 S9</cards>
<action no="8" player="Kaka789" type="4" discard="1" dealt="1" sum="0"/>
<action no="9" player="Rakki" type="4" sum="0"/>
</round>
<round no="3"><cards type="Turn">DK</cards>
<action no="10" player="Kaka789" type="5" discard="1" dealt="1" sum="40"/>
<action no="11" player="Rakki" type="3" sum="40"/>
</round>
<round no="4"><cards type="River">C7</cards>
<action no="12" player="Kaka789" type="4" discard="1" dealt="1" sum="0"/>
<action no="13" player="Rakki" type="5" sum="315"/>
<action no="14" player="Kaka789" type="0" discard="1" dealt="1" sum="0"/>
</round>
</game>
<game gamecode="6473659869"><general><startdate>2025-09-08 15:10:04</startdate>
<round>1</round>
<failsafecounter/>
<players><player seat="6" name="Rakki" chips="645" dealer="0" win="1,290" bet="645" muck="0" rebuy="0" addon="0" merge="0" rebuychips="0" reg_code="5058522197"/>
<player seat="10" name="Kaka789" chips="855" dealer="1" win="0" bet="645" muck="1" rebuy="0" addon="0" merge="0" rebuychips="0" reg_code="5058523228"/>
</players>
</general>
<round no="0"><action no="1" player="Kaka789" type="15" discard="1" dealt="1" sum="5"/>
<action no="2" player="Rakki" type="15" sum="5"/>
<action no="3" player="Kaka789" type="1" discard="1" dealt="1" sum="30"/>
<action no="4" player="Rakki" type="2" sum="60"/>
</round>
<round no="1"><cards type="Pocket" player="Rakki">S10 CK</cards>
<cards type="Pocket" player="Kaka789">DQ SJ</cards>
<action no="5" player="Kaka789" type="23" discard="1" dealt="1" sum="120"/>
<action no="6" player="Rakki" type="23" sum="640"/>
<action no="7" player="Kaka789" type="3" discard="1" dealt="1" sum="520"/>
</round>
<round no="2"><cards type="Flop">H6 H3 S5</cards>
</round>
<round no="3"><cards type="Turn">DA</cards>
</round>
<round no="4"><cards type="River">D6</cards>
</round>
</game>
<game gamecode="6473659903"><general><startdate>2025-09-08 15:10:21</startdate>
<round>1</round>
<failsafecounter/>
<players><player seat="10" name="Kaka789" chips="210" dealer="0" win="0" bet="210" muck="0" rebuy="0" addon="0" merge="0" rebuychips="0" reg_code="5058523228"/>
<player seat="6" name="Rakki" chips="1,290" dealer="1" win="420" bet="1,290" muck="0" rebuy="0" addon="0" merge="0" rebuychips="0" reg_code="5058522197"/>
</players>
</general>
<round no="0"><action no="1" player="Rakki" type="15" sum="5"/>
<action no="2" player="Kaka789" type="15" discard="1" dealt="1" sum="5"/>
<action no="3" player="Rakki" type="1" sum="30"/>
<action no="4" player="Kaka789" type="2" discard="1" dealt="1" sum="60"/>
</round>
<round no="1"><cards type="Pocket" player="Rakki">C3 H3</cards>
<cards type="Pocket" player="Kaka789">SQ S5</cards>
<action no="5" player="Rakki" type="23" sum="1,285"/>
<action no="6" player="Kaka789" type="7" discard="1" dealt="1" sum="145"/>
</round>
<round no="2"><cards type="Flop">C8 C9 H7</cards>
</round>
<round no="3"><cards type="Turn">S2</cards>
</round>
<round no="4"><cards type="River">DJ</cards>
</round>
</game>
</session>
