<?xml version="1.0" encoding="UTF-8"?>
<session sessioncode="5058527881">
<general>
<client_version>25.1.1.16</client_version>
<mode>real</mode>
<gametype>Holdem NL</gametype>
<tablename>Twister €200 SNG, 817313980</tablename>
<tournamentcode>817313979</tournamentcode>
<tournamentname>Twister €200 SNG</tournamentname>
<buyin>€0 + €12 + €188</buyin>
<totalbuyin>€200</totalbuyin>
<rewarddrawn>€600</rewarddrawn>
<tournamentcurrency>EUR</tournamentcurrency>
<currency>EUR</currency>
<nickname>Rakki</nickname>
<gamecount>1</gamecount>
<startdate>2025-09-08 15:30:30</startdate>
<place>3</place>
<win>€0</win>
<tablesize>3</tablesize>
</general>
<game gamecode="6473676158"><general><startdate>2025-09-08 15:30:45</startdate>
<round>1</round>
<failsafecounter/>
<players><player seat="10" name="mantivinz" chips="500" dealer="0" win="1,000" bet="500" muck="0" rebuy="0" addon="0" merge="0" rebuychips="0" reg_code="5058528030"/>
<player seat="3" name="Exivezzz2323" chips="500" dealer="1" win="0" bet="0" muck="1" rebuy="0" addon="0" merge="0" rebuychips="0" reg_code="5058527459"/>
<player seat="6" name="Rakki" chips="500" dealer="0" win="0" bet="500" muck="1" rebuy="0" addon="0" merge="0" rebuychips="0" reg_code="5058527881"/>
</players>
</general>
<round no="0"><action no="1" player="Rakki" type="1" sum="10"/>
<action no="2" player="mantivinz" type="2" discard="1" dealt="1" sum="20"/>
</round>
<round no="1"><cards type="Pocket" player="Exivezzz2323">X X</cards>
<cards type="Pocket" player="mantivinz">S6 S10</cards>
<cards type="Pocket" player="Rakki">H4 H6</cards>
<action no="3" player="Exivezzz2323" type="0" discard="1" dealt="1" sum="0"/>
<action no="4" player="Rakki" type="3" sum="10"/>
<action no="5" player="mantivinz" type="23" discard="1" dealt="1" sum="40"/>
<action no="6" player="Rakki" type="3" sum="20"/>
</round>
<round no="2"><cards type="Flop">DJ D6 C10</cards>
<action no="7" player="Rakki" type="4" sum="0"/>
<action no="8" player="mantivinz" type="5" discard="1" dealt="1" sum="40"/>
<action no="9" player="Rakki" type="3" sum="40"/>
</round>
<round no="3"><cards type="Turn">C6</cards>
<action no="10" player="Rakki" type="4" sum="0"/>
<action no="11" player="mantivinz" type="5" discard="1" dealt="1" sum="60"/>
<action no="12" player="Rakki" type="23" sum="180"/>
<action no="13" player="mantivinz" type="3" discard="1" dealt="1" sum="120"/>
</round>
<round no="4"><cards type="River">CA</cards>
<action no="14" player="Rakki" type="5" sum="240"/>
<action no="15" player="mantivinz" type="7" discard="1" dealt="1" sum="240"/>
</round>
</game>
</session>
