<?xml version="1.0" encoding="UTF-8"?>
<session sessioncode="5058522141">
<general>
<client_version>25.1.1.16</client_version>
<mode>real</mode>
<gametype>Holdem NL</gametype>
<tablename>Twister €200 SNG, 817301931</tablename>
<tournamentcode>817301930</tournamentcode>
<tournamentname>Twister €200 SNG</tournamentname>
<buyin>€0 + €12 + €188</buyin>
<totalbuyin>€200</totalbuyin>
<rewarddrawn>€600</rewarddrawn>
<tournamentcurrency>EUR</tournamentcurrency>
<currency>EUR</currency>
<nickname>Rakki</nickname>
<gamecount>11</gamecount>
<startdate>2025-09-08 15:02:45</startdate>
<place>3</place>
<win>€0</win>
<tablesize>3</tablesize>
</general>
<game gamecode="6473651819"><general><startdate>2025-09-08 15:03:01</startdate>
<round>1</round>
<failsafecounter/>
<players><player seat="3" name="Exivezzz2323" chips="500" dealer="0" win="20" bet="20" muck="1" rebuy="0" addon="0" merge="0" rebuychips="0" reg_code="5058522081"/>
<player seat="6" name="Rakki" chips="500" dealer="1" win="0" bet="0" muck="1" rebuy="0" addon="0" merge="0" rebuychips="0" reg_code="5058522141"/>
<player seat="10" name="camixxx" chips="500" dealer="0" win="0" bet="10" muck="1" rebuy="0" addon="0" merge="0" rebuychips="0" reg_code="5058522930"/>
</players>
</general>
<round no="0"><action no="1" player="camixxx" type="1" discard="1" dealt="1" sum="10"/>
<action no="2" player="Exivezzz2323" type="2" discard="1" dealt="1" sum="20"/>
</round>
<round no="1"><cards type="Pocket" player="camixxx">X X</cards>
<cards type="Pocket" player="Exivezzz2323">X X</cards>
<cards type="Pocket" player="Rakki">H3 C6</cards>
<action no="3" player="Rakki" type="0" sum="0"/>
<action no="4" player="camixxx" type="0" discard="1" dealt="1" sum="0"/>
</round>
</game>
<game gamecode="6473651840"><general><startdate>2025-09-08 15:03:11</startdate>
<round>1</round>
<failsafecounter/>
<players><player seat="6" name="Rakki" chips="500" dealer="0" win="0" bet="40" muck="1" rebuy="0" addon="0" merge="0" rebuychips="0" reg_code="5058522141"/>
<player seat="10" name="camixxx" chips="490" dealer="1" win="0" bet="0" muck="1" rebuy="0" addon="0" merge="0" rebuychips="0" reg_code="5058522930"/>
<player seat="3" name="Exivezzz2323" chips="510" dealer="0" win="80" bet="100" muck="1" rebuy="0" addon="0" merge="0" rebuychips="0" reg_code="5058522081"/>
</players>
</general>
<round no="0"><action no="1" player="Exivezzz2323" type="1" discard="1" dealt="1" sum="10"/>
<action no="2" player="Rakki" type="2" sum="20"/>
</round>
<round no="1"><cards type="Pocket" player="camixxx">X X</cards>
<cards type="Pocket" player="Rakki">SQ H3</cards>
<cards type="Pocket" player="Exivezzz2323">X X</cards>
<action no="3" player="camixxx" type="0" discard="1" dealt="1" sum="0"/>
<action no="4" player="Exivezzz2323" type="3" discard="1" dealt="1" sum="10"/>
<action no="5" player="Rakki" type="4" sum="0"/>
</round>
<round no="2"><cards type="Flop">C5 C3 SA</cards>
<action no="6" player="Exivezzz2323" type="5" discard="1" dealt="1" sum="20"/>
<action no="7" player="Rakki" type="3" sum="20"/>
</round>
<round no="3"><cards type="Turn">CK</cards>
<action no="8" player="Exivezzz2323" type="5" discard="1" dealt="1" sum="60"/>
<action no="9" player="Rakki" type="0" sum="0"/>
</round>
</game>
<game gamecode="6473651907"><general><startdate>2025-09-08 15:03:47</startdate>
<round>1</round>
<failsafecounter/>
<players><player seat="10" name="camixxx" chips="490" dealer="0" win="20" bet="20" muck="1" rebuy="0" addon="0" merge="0" rebuychips="0" reg_code="5058522930"/>
<player seat="3" name="Exivezzz2323" chips="550" dealer="1" win="0" bet="0" muck="1" rebuy="0" addon="0" merge="0" rebuychips="0" reg_code="5058522081"/>
<player seat="6" name="Rakki" chips="460" dealer="0" win="0" bet="10" muck="1" rebuy="0" addon="0" merge="0" rebuychips="0" reg_code="5058522141"/>
</players>
</general>
<round no="0"><action no="1" player="Rakki" type="1" sum="10"/>
<action no="2" player="camixxx" type="2" discard="1" dealt="1" sum="20"/>
</round>
<round no="1"><cards type="Pocket" player="Rakki">S5 C2</cards>
<cards type="Pocket" player="camixxx">X X</cards>
<cards type="Pocket" player="Exivezzz2323">X X</cards>
<action no="3" player="Exivezzz2323" type="0" discard="1" dealt="1" sum="0"/>
<action no="4" player="Rakki" type="0" sum="0"/>
</round>
</game>
<game gamecode="6473651923"><general><startdate>2025-09-08 15:03:57</startdate>
<round>1</round>
<failsafecounter/>
<players><player seat="3" name="Exivezzz2323" chips="550" dealer="0" win="20" bet="20" muck="1" rebuy="0" addon="0" merge="0" rebuychips="0" reg_code="5058522081"/>
<player seat="6" name="Rakki" chips="450" dealer="1" win="0" bet="0" muck="1" rebuy="0" addon="0" merge="0" rebuychips="0" reg_code="5058522141"/>
<player seat="10" name="camixxx" chips="500" dealer="0" win="0" bet="10" muck="1" rebuy="0" addon="0" merge="0" rebuychips="0" reg_code="5058522930"/>
</players>
</general>
<round no="0"><action no="1" player="camixxx" type="1" discard="1" dealt="1" sum="10"/>
<action no="2" player="Exivezzz2323" type="2" discard="1" dealt="1" sum="20"/>
</round>
<round no="1"><cards type="Pocket" player="Rakki">D6 S5</cards>
<cards type="Pocket" player="Exivezzz2323">X X</cards>
<cards type="Pocket" player="camixxx">X X</cards>
<action no="3" player="Rakki" type="0" sum="0"/>
<action no="4" player="camixxx" type="0" discard="1" dealt="1" sum="0"/>
</round>
</game>
<game gamecode="6473651955"><general><startdate>2025-09-08 15:04:11</startdate>
<round>1</round>
<failsafecounter/>
<players><player seat="6" name="Rakki" chips="450" dealer="0" win="0" bet="220" muck="1" rebuy="0" addon="0" merge="0" rebuychips="0" reg_code="5058522141"/>
<player seat="10" name="camixxx" chips="490" dealer="1" win="0" bet="0" muck="1" rebuy="0" addon="0" merge="0" rebuychips="0" reg_code="5058522930"/>
<player seat="3" name="Exivezzz2323" chips="560" dealer="0" win="440" bet="560" muck="1" rebuy="0" addon="0" merge="0" rebuychips="0" reg_code="5058522081"/>
</players>
</general>
<round no="0"><action no="1" player="Exivezzz2323" type="1" discard="1" dealt="1" sum="10"/>
<action no="2" player="Rakki" type="2" sum="20"/>
</round>
<round no="1"><cards type="Pocket" player="camixxx">X X</cards>
<cards type="Pocket" player="Exivezzz2323">X X</cards>
<cards type="Pocket" player="Rakki">HA S3</cards>
<action no="3" player="camixxx" type="0" discard="1" dealt="1" sum="0"/>
<action no="4" player="Exivezzz2323" type="3" discard="1" dealt="1" sum="10"/>
<action no="5" player="Rakki" type="4" sum="0"/>
</round>
<round no="2"><cards type="Flop">CK SQ C5</cards>
<action no="6" player="Exivezzz2323" type="5" discard="1" dealt="1" sum="20"/>
<action no="7" player="Rakki" type="3" sum="20"/>
</round>
<round no="3"><cards type="Turn">S6</cards>
<action no="8" player="Exivezzz2323" type="4" discard="1" dealt="1" sum="0"/>
<action no="9" player="Rakki" type="4" sum="0"/>
</round>
<round no="4"><cards type="River">H5</cards>
<action no="10" player="Exivezzz2323" type="5" discard="1" dealt="1" sum="40"/>
<action no="11" player="Rakki" type="23" sum="180"/>
<action no="12" player="Exivezzz2323" type="23" discard="1" dealt="1" sum="520"/>
<action no="13" player="Rakki" type="0" sum="0"/>
</round>
</game>
<game gamecode="6473652060"><general><startdate>2025-09-08 15:05:04</startdate>
<round>1</round>
<failsafecounter/>
<players><player seat="10" name="camixxx" chips="490" dealer="0" win="45" bet="35" muck="1" rebuy="0" addon="0" merge="0" rebuychips="0" reg_code="5058522930"/>
<player seat="3" name="Exivezzz2323" chips="780" dealer="1" win="0" bet="5" muck="1" rebuy="0" addon="0" merge="0" rebuychips="0" reg_code="5058522081"/>
<player seat="6" name="Rakki" chips="230" dealer="0" win="0" bet="20" muck="1" rebuy="0" addon="0" merge="0" rebuychips="0" reg_code="5058522141"/>
</players>
</general>
<round no="0"><action no="1" player="Rakki" type="15" sum="5"/>
<action no="2" player="camixxx" type="15" discard="1" dealt="1" sum="5"/>
<action no="3" player="Exivezzz2323" type="15" discard="1" dealt="1" sum="5"/>
<action no="4" player="Rakki" type="1" sum="15"/>
<action no="5" player="camixxx" type="2" discard="1" dealt="1" sum="30"/>
</round>
<round no="1"><cards type="Pocket" player="Rakki">C7 S3</cards>
<cards type="Pocket" player="camixxx">X X</cards>
<cards type="Pocket" player="Exivezzz2323">X X</cards>
<action no="6" player="Exivezzz2323" type="0" discard="1" dealt="1" sum="0"/>
<action no="7" player="Rakki" type="0" sum="0"/>
</round>
</game>
<game gamecode="6473652079"><general><startdate>2025-09-08 15:05:13</startdate>
<round>1</round>
<failsafecounter/>
<players><player seat="3" name="Exivezzz2323" chips="775" dealer="0" win="195" bet="185" muck="1" rebuy="0" addon="0" merge="0" rebuychips="0" reg_code="5058522081"/>
<player seat="6" name="Rakki" chips="210" dealer="1" win="0" bet="5" muck="1" rebuy="0" addon="0" merge="0" rebuychips="0" reg_code="5058522141"/>
<player seat="10" name="camixxx" chips="515" dealer="0" win="0" bet="95" muck="1" rebuy="0" addon="0" merge="0" rebuychips="0" reg_code="5058522930"/>
</players>
</general>
<round no="0"><action no="1" player="camixxx" type="15" discard="1" dealt="1" sum="5"/>
<action no="2" player="Exivezzz2323" type="15" discard="1" dealt="1" sum="5"/>
<action no="3" player="Rakki" type="15" sum="5"/>
<action no="4" player="camixxx" type="1" discard="1" dealt="1" sum="15"/>
<action no="5" player="Exivezzz2323" type="2" discard="1" dealt="1" sum="30"/>
</round>
<round no="1"><cards type="Pocket" player="camixxx">X X</cards>
<cards type="Pocket" player="Rakki">H6 H4</cards>
<cards type="Pocket" player="Exivezzz2323">X X</cards>
<action no="6" player="Rakki" type="0" sum="0"/>
<action no="7" player="camixxx" type="3" discard="1" dealt="1" sum="15"/>
<action no="8" player="Exivezzz2323" type="23" discard="1" dealt="1" sum="90"/>
<action no="9" player="camixxx" type="3" discard="1" dealt="1" sum="60"/>
</round>
<round no="2"><cards type="Flop">CA H7 SQ</cards>
<action no="10" player="camixxx" type="4" discard="1" dealt="1" sum="0"/>
<action no="11" player="Exivezzz2323" type="4" discard="1" dealt="1" sum="0"/>
</round>
<round no="3"><cards type="Turn">S10</cards>
<action no="12" player="camixxx" type="4" discard="1" dealt="1" sum="0"/>
<action no="13" player="Exivezzz2323" type="5" discard="1" dealt="1" sum="90"/>
<action no="14" player="camixxx" type="0" discard="1" dealt="1" sum="0"/>
</round>
</game>
<game gamecode="6473652137"><general><startdate>2025-09-08 15:05:50</startdate>
<round>1</round>
<failsafecounter/>
<players><player seat="6" name="Rakki" chips="205" dealer="0" win="0" bet="35" muck="1" rebuy="0" addon="0" merge="0" rebuychips="0" reg_code="5058522141"/>
<player seat="10" name="camixxx" chips="420" dealer="1" win="105" bet="35" muck="0" rebuy="0" addon="0" merge="0" rebuychips="0" reg_code="5058522930"/>
<player seat="3" name="Exivezzz2323" chips="875" dealer="0" win="0" bet="35" muck="1" rebuy="0" addon="0" merge="0" rebuychips="0" reg_code="5058522081"/>
</players>
</general>
<round no="0"><action no="1" player="Exivezzz2323" type="15" discard="1" dealt="1" sum="5"/>
<action no="2" player="Rakki" type="15" sum="5"/>
<action no="3" player="camixxx" type="15" discard="1" dealt="1" sum="5"/>
<action no="4" player="Exivezzz2323" type="1" discard="1" dealt="1" sum="15"/>
<action no="5" player="Rakki" type="2" sum="30"/>
</round>
<round no="1"><cards type="Pocket" player="camixxx">HJ D10</cards>
<cards type="Pocket" player="Exivezzz2323">S10 D9</cards>
<cards type="Pocket" player="Rakki">S6 C2</cards>
<action no="6" player="camixxx" type="3" discard="1" dealt="1" sum="30"/>
<action no="7" player="Exivezzz2323" type="3" discard="1" dealt="1" sum="15"/>
<action no="8" player="Rakki" type="4" sum="0"/>
</round>
<round no="2"><cards type="Flop">DK D4 C4</cards>
<action no="9" player="Exivezzz2323" type="4" discard="1" dealt="1" sum="0"/>
<action no="10" player="Rakki" type="4" sum="0"/>
<action no="11" player="camixxx" type="4" discard="1" dealt="1" sum="0"/>
</round>
<round no="3"><cards type="Turn">C5</cards>
<action no="12" player="Exivezzz2323" type="4" discard="1" dealt="1" sum="0"/>
<action no="13" player="Rakki" type="4" sum="0"/>
<action no="14" player="camixxx" type="4" discard="1" dealt="1" sum="0"/>
</round>
<round no="4"><cards type="River">SQ</cards>
<action no="15" player="Exivezzz2323" type="4" discard="1" dealt="1" sum="0"/>
<action no="16" player="Rakki" type="4" sum="0"/>
<action no="17" player="camixxx" type="4" discard="1" dealt="1" sum="0"/>
</round>
</game>
<game gamecode="6473652226"><general><startdate>2025-09-08 15:06:40</startdate>
<round>1</round>
<failsafecounter/>
<players><player seat="10" name="camixxx" chips="490" dealer="0" win="0" bet="45" muck="1" rebuy="0" addon="0" merge="0" rebuychips="0" reg_code="5058522930"/>
<player seat="3" name="Exivezzz2323" chips="840" dealer="1" win="115" bet="85" muck="1" rebuy="0" addon="0" merge="0" rebuychips="0" reg_code="5058522081"/>
<player seat="6" name="Rakki" chips="170" dealer="0" win="0" bet="25" muck="1" rebuy="0" addon="0" merge="0" rebuychips="0" reg_code="5058522141"/>
</players>
</general>
<round no="0"><action no="1" player="Rakki" type="15" sum="5"/>
<action no="2" player="camixxx" type="15" discard="1" dealt="1" sum="5"/>
<action no="3" player="Exivezzz2323" type="15" discard="1" dealt="1" sum="5"/>
<action no="4" player="Rakki" type="1" sum="20"/>
<action no="5" player="camixxx" type="2" discard="1" dealt="1" sum="40"/>
</round>
<round no="1"><cards type="Pocket" player="Rakki">DJ D8</cards>
<cards type="Pocket" player="camixxx">X X</cards>
<cards type="Pocket" player="Exivezzz2323">X X</cards>
<action no="6" player="Exivezzz2323" type="23" discard="1" dealt="1" sum="80"/>
<action no="7" player="Rakki" type="0" sum="0"/>
<action no="8" player="camixxx" type="0" discard="1" dealt="1" sum="0"/>
</round>
</game>
<game gamecode="6473652255"><general><startdate>2025-09-08 15:06:55</startdate>
<round>1</round>
<failsafecounter/>
<players><player seat="3" name="Exivezzz2323" chips="910" dealer="0" win="0" bet="45" muck="1" rebuy="0" addon="0" merge="0" rebuychips="0" reg_code="5058522081"/>
<player seat="6" name="Rakki" chips="145" dealer="1" win="0" bet="5" muck="1" rebuy="0" addon="0" merge="0" rebuychips="0" reg_code="5058522141"/>
<player seat="10" name="camixxx" chips="445" dealer="0" win="95" bet="125" muck="1" rebuy="0" addon="0" merge="0" rebuychips="0" reg_code="5058522930"/>
</players>
</general>
<round no="0"><action no="1" player="camixxx" type="15" discard="1" dealt="1" sum="5"/>
<action no="2" player="Exivezzz2323" type="15" discard="1" dealt="1" sum="5"/>
<action no="3" player="Rakki" type="15" sum="5"/>
<action no="4" player="camixxx" type="1" discard="1" dealt="1" sum="20"/>
<action no="5" player="Exivezzz2323" type="2" discard="1" dealt="1" sum="40"/>
</round>
<round no="1"><cards type="Pocket" player="Rakki">D6 C5</cards>
<cards type="Pocket" player="Exivezzz2323">X X</cards>
<cards type="Pocket" player="camixxx">X X</cards>
<action no="6" player="Rakki" type="0" sum="0"/>
<action no="7" player="camixxx" type="23" discard="1" dealt="1" sum="120"/>
<action no="8" player="Exivezzz2323" type="0" discard="1" dealt="1" sum="0"/>
</round>
</game>
<game gamecode="6473652287"><general><startdate>2025-09-08 15:07:10</startdate>
<round>1</round>
<failsafecounter/>
<players><player seat="6" name="Rakki" chips="140" dealer="0" win="0" bet="140" muck="1" rebuy="0" addon="0" merge="0" rebuychips="0" reg_code="5058522141"/>
<player seat="10" name="camixxx" chips="495" dealer="1" win="0" bet="5" muck="1" rebuy="0" addon="0" merge="0" rebuychips="0" reg_code="5058522930"/>
<player seat="3" name="Exivezzz2323" chips="865" dealer="0" win="285" bet="165" muck="0" rebuy="0" addon="0" merge="0" rebuychips="0" reg_code="5058522081"/>
</players>
</general>
<round no="0"><action no="1" player="Exivezzz2323" type="15" discard="1" dealt="1" sum="5"/>
<action no="2" player="Rakki" type="15" sum="5"/>
<action no="3" player="camixxx" type="15" discard="1" dealt="1" sum="5"/>
<action no="4" player="Exivezzz2323" type="1" discard="1" dealt="1" sum="20"/>
<action no="5" player="Rakki" type="2" sum="40"/>
</round>
<round no="1"><cards type="Pocket" player="camixxx">X X</cards>
<cards type="Pocket" player="Rakki">HK CJ</cards>
<cards type="Pocket" player="Exivezzz2323">H10 S3</cards>
<action no="6" player="camixxx" type="0" discard="1" dealt="1" sum="0"/>
<action no="7" player="Exivezzz2323" type="23" discard="1" dealt="1" sum="160"/>
<action no="8" player="Rakki" type="7" sum="95"/>
</round>
<round no="2"><cards type="Flop">H4 SQ D10</cards>
</round>
<round no="3"><cards type="Turn">D8</cards>
</round>
<round no="4"><cards type="River">C7</cards>
</round>
</game>
</session>
