<?xml version="1.0" encoding="UTF-8"?>
<session sessioncode="5058958298">
<general>
<client_version>25.1.1.16</client_version>
<mode>real</mode>
<gametype>Holdem NL</gametype>
<tablename>Twister €200 SNG, 817445597</tablename>
<tournamentcode>817445596</tournamentcode>
<tournamentname>Twister €200 SNG</tournamentname>
<buyin>€0 + €12 + €188</buyin>
<totalbuyin>€200</totalbuyin>
<rewarddrawn>€400</rewarddrawn>
<tournamentcurrency>EUR</tournamentcurrency>
<currency>EUR</currency>
<nickname>Rakki</nickname>
<gamecount>12</gamecount>
<startdate>2025-09-10 16:55:22</startdate>
<place>1</place>
<win>€400</win>
<tablesize>3</tablesize>
</general>
<game gamecode="6475452484"><general><startdate>2025-09-10 16:55:37</startdate>
<round>1</round>
<failsafecounter/>
<players><player seat="6" name="ilCapo6" chips="500" dealer="0" win="0" bet="20" muck="1" rebuy="0" addon="0" merge="0" rebuychips="0" reg_code="5058959036"/>
<player seat="10" name="Loki2017pkr" chips="500" dealer="1" win="50" bet="180" muck="1" rebuy="0" addon="0" merge="0" rebuychips="0" reg_code="5058959224"/>
<player seat="3" name="Rakki" chips="500" dealer="0" win="0" bet="10" muck="1" rebuy="0" addon="0" merge="0" rebuychips="0" reg_code="5058958298"/>
</players>
</general>
<round no="0"><action no="1" player="Rakki" type="1" sum="10"/>
<action no="2" player="ilCapo6" type="2" discard="1" dealt="1" sum="20"/>
</round>
<round no="1"><cards type="Pocket" player="Loki2017pkr">X X</cards>
<cards type="Pocket" player="Rakki">H9 C6</cards>
<cards type="Pocket" player="ilCapo6">X X</cards>
<action no="3" player="Loki2017pkr" type="23" discard="1" dealt="1" sum="180"/>
<action no="4" player="Rakki" type="0" sum="0"/>
<action no="5" player="ilCapo6" type="0" discard="1" dealt="1" sum="0"/>
</round>
</game>
<game gamecode="6475452501"><general><startdate>2025-09-10 16:55:50</startdate>
<round>1</round>
<failsafecounter/>
<players><player seat="10" name="Loki2017pkr" chips="530" dealer="0" win="90" bet="530" muck="1" rebuy="0" addon="0" merge="0" rebuychips="0" reg_code="5058959224"/>
<player seat="3" name="Rakki" chips="490" dealer="1" win="0" bet="40" muck="1" rebuy="0" addon="0" merge="0" rebuychips="0" reg_code="5058958298"/>
<player seat="6" name="ilCapo6" chips="480" dealer="0" win="0" bet="10" muck="1" rebuy="0" addon="0" merge="0" rebuychips="0" reg_code="5058959036"/>
</players>
</general>
<round no="0"><action no="1" player="ilCapo6" type="1" discard="1" dealt="1" sum="10"/>
<action no="2" player="Loki2017pkr" type="2" discard="1" dealt="1" sum="20"/>
</round>
<round no="1"><cards type="Pocket" player="ilCapo6">X X</cards>
<cards type="Pocket" player="Loki2017pkr">X X</cards>
<cards type="Pocket" player="Rakki">H4 DA</cards>
<action no="3" player="Rakki" type="23" sum="40"/>
<action no="4" player="ilCapo6" type="0" discard="1" dealt="1" sum="0"/>
<action no="5" player="Loki2017pkr" type="23" discard="1" dealt="1" sum="530"/>
<action no="6" player="Rakki" type="0" sum="0"/>
</round>
</game>
<game gamecode="6475452530"><general><startdate>2025-09-10 16:56:10</startdate>
<round>1</round>
<failsafecounter/>
<players><player seat="3" name="Rakki" chips="450" dealer="0" win="940" bet="450" muck="0" rebuy="0" addon="0" merge="0" rebuychips="0" reg_code="5058958298"/>
<player seat="6" name="ilCapo6" chips="470" dealer="1" win="0" bet="40" muck="1" rebuy="0" addon="0" merge="0" rebuychips="0" reg_code="5058959036"/>
<player seat="10" name="Loki2017pkr" chips="580" dealer="0" win="0" bet="450" muck="1" rebuy="0" addon="0" merge="0" rebuychips="0" reg_code="5058959224"/>
</players>
</general>
<round no="0"><action no="1" player="Loki2017pkr" type="1" discard="1" dealt="1" sum="10"/>
<action no="2" player="Rakki" type="2" sum="20"/>
</round>
<round no="1"><cards type="Pocket" player="Rakki">HJ CA</cards>
<cards type="Pocket" player="ilCapo6">X X</cards>
<cards type="Pocket" player="Loki2017pkr">C8 S7</cards>
<action no="3" player="ilCapo6" type="23" discard="1" dealt="1" sum="40"/>
<action no="4" player="Loki2017pkr" type="23" discard="1" dealt="1" sum="200"/>
<action no="5" player="Rakki" type="23" sum="450"/>
<action no="6" player="ilCapo6" type="0" discard="1" dealt="1" sum="0"/>
<action no="7" player="Loki2017pkr" type="3" discard="1" dealt="1" sum="250"/>
</round>
<round no="2"><cards type="Flop">HA D4 CJ</cards>
</round>
<round no="3"><cards type="Turn">SA</cards>
</round>
<round no="4"><cards type="River">S4</cards>
</round>
</game>
<game gamecode="6475452587"><general><startdate>2025-09-10 16:56:44</startdate>
<round>1</round>
<failsafecounter/>
<players><player seat="6" name="ilCapo6" chips="430" dealer="0" win="270" bet="130" muck="0" rebuy="0" addon="0" merge="0" rebuychips="0" reg_code="5058959036"/>
<player seat="10" name="Loki2017pkr" chips="130" dealer="1" win="0" bet="130" muck="0" rebuy="0" addon="0" merge="0" rebuychips="0" reg_code="5058959224"/>
<player seat="3" name="Rakki" chips="940" dealer="0" win="0" bet="10" muck="1" rebuy="0" addon="0" merge="0" rebuychips="0" reg_code="5058958298"/>
</players>
</general>
<round no="0"><action no="1" player="Rakki" type="1" sum="10"/>
<action no="2" player="ilCapo6" type="2" discard="1" dealt="1" sum="20"/>
</round>
<round no="1"><cards type="Pocket" player="ilCapo6">CK C3</cards>
<cards type="Pocket" player="Rakki">H6 H9</cards>
<cards type="Pocket" player="Loki2017pkr">H4 DJ</cards>
<action no="3" player="Loki2017pkr" type="23" discard="1" dealt="1" sum="130"/>
<action no="4" player="Rakki" type="0" sum="0"/>
<action no="5" player="ilCapo6" type="3" discard="1" dealt="1" sum="110"/>
</round>
<round no="2"><cards type="Flop">S4 D8 SK</cards>
</round>
<round no="3"><cards type="Turn">D5</cards>
</round>
<round no="4"><cards type="River">S3</cards>
</round>
</game>
<game gamecode="6475452627"><general><startdate>2025-09-10 16:57:07</startdate>
<round>1</round>
<failsafecounter/>
<players><player seat="6" name="ilCapo6" chips="570" dealer="0" win="0" bet="160" muck="1" rebuy="0" addon="0" merge="0" rebuychips="0" reg_code="5058959036"/>
<player seat="3" name="Rakki" chips="930" dealer="1" win="320" bet="160" muck="0" rebuy="0" addon="0" merge="0" rebuychips="0" reg_code="5058958298"/>
</players>
</general>
<round no="0"><action no="1" player="Rakki" type="1" sum="10"/>
<action no="2" player="ilCapo6" type="2" discard="1" dealt="1" sum="20"/>
</round>
<round no="1"><cards type="Pocket" player="ilCapo6">HA H5</cards>
<cards type="Pocket" player="Rakki">H6 D9</cards>
<action no="3" player="Rakki" type="23" sum="40"/>
<action no="4" player="ilCapo6" type="3" discard="1" dealt="1" sum="20"/>
</round>
<round no="2"><cards type="Flop">S5 H9 DQ</cards>
<action no="5" player="ilCapo6" type="4" discard="1" dealt="1" sum="0"/>
<action no="6" player="Rakki" type="5" sum="20"/>
<action no="7" player="ilCapo6" type="23" discard="1" dealt="1" sum="60"/>
<action no="8" player="Rakki" type="3" sum="40"/>
</round>
<round no="3"><cards type="Turn">CQ</cards>
<action no="9" player="ilCapo6" type="4" discard="1" dealt="1" sum="0"/>
<action no="10" player="Rakki" type="5" sum="60"/>
<action no="11" player="ilCapo6" type="3" discard="1" dealt="1" sum="60"/>
</round>
<round no="4"><cards type="River">H3</cards>
<action no="12" player="ilCapo6" type="4" discard="1" dealt="1" sum="0"/>
<action no="13" player="Rakki" type="4" sum="0"/>
</round>
</game>
<game gamecode="6475452725"><general><startdate>2025-09-10 16:58:07</startdate>
<round>1</round>
<failsafecounter/>
<players><player seat="3" name="Rakki" chips="1,090" dealer="0" win="0" bet="130" muck="1" rebuy="0" addon="0" merge="0" rebuychips="0" reg_code="5058958298"/>
<player seat="6" name="ilCapo6" chips="410" dealer="1" win="260" bet="410" muck="1" rebuy="0" addon="0" merge="0" rebuychips="0" reg_code="5058959036"/>
</players>
</general>
<round no="0"><action no="1" player="ilCapo6" type="15" discard="1" dealt="1" sum="5"/>
<action no="2" player="Rakki" type="15" sum="5"/>
<action no="3" player="ilCapo6" type="1" discard="1" dealt="1" sum="15"/>
<action no="4" player="Rakki" type="2" sum="30"/>
</round>
<round no="1"><cards type="Pocket" player="ilCapo6">X X</cards>
<cards type="Pocket" player="Rakki">H8 SJ</cards>
<action no="5" player="ilCapo6" type="23" discard="1" dealt="1" sum="60"/>
<action no="6" player="Rakki" type="3" sum="30"/>
</round>
<round no="2"><cards type="Flop">S8 SA H4</cards>
<action no="7" player="Rakki" type="4" sum="0"/>
<action no="8" player="ilCapo6" type="5" discard="1" dealt="1" sum="65"/>
<action no="9" player="Rakki" type="3" sum="65"/>
</round>
<round no="3"><cards type="Turn">H7</cards>
<action no="10" player="Rakki" type="4" sum="0"/>
<action no="11" player="ilCapo6" type="5" discard="1" dealt="1" sum="280"/>
<action no="12" player="Rakki" type="0" sum="0"/>
</round>
</game>
<game gamecode="6475452812"><general><startdate>2025-09-10 16:58:54</startdate>
<round>1</round>
<failsafecounter/>
<players><player seat="6" name="ilCapo6" chips="540" dealer="0" win="0" bet="65" muck="1" rebuy="0" addon="0" merge="0" rebuychips="0" reg_code="5058959036"/>
<player seat="3" name="Rakki" chips="960" dealer="1" win="130" bet="185" muck="1" rebuy="0" addon="0" merge="0" rebuychips="0" reg_code="5058958298"/>
</players>
</general>
<round no="0"><action no="1" player="Rakki" type="15" sum="5"/>
<action no="2" player="ilCapo6" type="15" discard="1" dealt="1" sum="5"/>
<action no="3" player="Rakki" type="1" sum="15"/>
<action no="4" player="ilCapo6" type="2" discard="1" dealt="1" sum="30"/>
</round>
<round no="1"><cards type="Pocket" player="Rakki">S5 H5</cards>
<cards type="Pocket" player="ilCapo6">X X</cards>
<action no="5" player="Rakki" type="23" sum="60"/>
<action no="6" player="ilCapo6" type="3" discard="1" dealt="1" sum="30"/>
</round>
<round no="2"><cards type="Flop">SQ CJ S9</cards>
<action no="7" player="ilCapo6" type="4" discard="1" dealt="1" sum="0"/>
<action no="8" player="Rakki" type="4" sum="0"/>
</round>
<round no="3"><cards type="Turn">C5</cards>
<action no="9" player="ilCapo6" type="4" discard="1" dealt="1" sum="0"/>
<action no="10" player="Rakki" type="5" sum="120"/>
<action no="11" player="ilCapo6" type="0" discard="1" dealt="1" sum="0"/>
</round>
</game>
<game gamecode="6475452876"><general><startdate>2025-09-10 16:59:35</startdate>
<round>1</round>
<failsafecounter/>
<players><player seat="3" name="Rakki" chips="1,025" dealer="0" win="0" bet="1,025" muck="0" rebuy="0" addon="0" merge="0" rebuychips="0" reg_code="5058958298"/>
<player seat="6" name="ilCapo6" chips="475" dealer="1" win="950" bet="475" muck="0" rebuy="0" addon="0" merge="0" rebuychips="0" reg_code="5058959036"/>
</players>
</general>
<round no="0"><action no="1" player="ilCapo6" type="15" discard="1" dealt="1" sum="5"/>
<action no="2" player="Rakki" type="15" sum="5"/>
<action no="3" player="ilCapo6" type="1" discard="1" dealt="1" sum="20"/>
<action no="4" player="Rakki" type="2" sum="40"/>
</round>
<round no="1"><cards type="Pocket" player="ilCapo6">H6 SK</cards>
<cards type="Pocket" player="Rakki">S7 C2</cards>
<action no="5" player="ilCapo6" type="3" discard="1" dealt="1" sum="20"/>
<action no="6" player="Rakki" type="4" sum="0"/>
</round>
<round no="2"><cards type="Flop">DK H7 C3</cards>
<action no="7" player="Rakki" type="4" sum="0"/>
<action no="8" player="ilCapo6" type="5" discard="1" dealt="1" sum="45"/>
<action no="9" player="Rakki" type="3" sum="45"/>
</round>
<round no="3"><cards type="Turn">CK</cards>
<action no="10" player="Rakki" type="4" sum="0"/>
<action no="11" player="ilCapo6" type="5" discard="1" dealt="1" sum="90"/>
<action no="12" player="Rakki" type="3" sum="90"/>
</round>
<round no="4"><cards type="River">C7</cards>
<action no="13" player="Rakki" type="5" sum="845"/>
<action no="14" player="ilCapo6" type="7" discard="1" dealt="1" sum="295"/>
</round>
</game>
<game gamecode="6475460734"><general><startdate>2025-09-10 17:00:27</startdate>
<round>1</round>
<failsafecounter/>
<players><player seat="6" name="ilCapo6" chips="950" dealer="0" win="0" bet="45" muck="1" rebuy="0" addon="0" merge="0" rebuychips="0" reg_code="5058959036"/>
<player seat="3" name="Rakki" chips="550" dealer="1" win="90" bet="165" muck="1" rebuy="0" addon="0" merge="0" rebuychips="0" reg_code="5058958298"/>
</players>
</general>
<round no="0"><action no="1" player="Rakki" type="15" sum="5"/>
<action no="2" player="ilCapo6" type="15" discard="1" dealt="1" sum="5"/>
<action no="3" player="Rakki" type="1" sum="20"/>
<action no="4" player="ilCapo6" type="2" discard="1" dealt="1" sum="40"/>
</round>
<round no="1"><cards type="Pocket" player="ilCapo6">X X</cards>
<cards type="Pocket" player="Rakki">D2 SQ</cards>
<action no="5" player="Rakki" type="3" sum="20"/>
<action no="6" player="ilCapo6" type="4" discard="1" dealt="1" sum="0"/>
</round>
<round no="2"><cards type="Flop">SJ D4 H10</cards>
<action no="7" player="ilCapo6" type="4" discard="1" dealt="1" sum="0"/>
<action no="8" player="Rakki" type="4" sum="0"/>
</round>
<round no="3"><cards type="Turn">D5</cards>
<action no="9" player="ilCapo6" type="4" discard="1" dealt="1" sum="0"/>
<action no="10" player="Rakki" type="5" sum="120"/>
<action no="11" player="ilCapo6" type="0" discard="1" dealt="1" sum="0"/>
</round>
</game>
<game gamecode="6475460793"><general><startdate>2025-09-10 17:01:07</startdate>
<round>1</round>
<failsafecounter/>
<players><player seat="3" name="Rakki" chips="595" dealer="0" win="1,190" bet="595" muck="0" rebuy="0" addon="0" merge="0" rebuychips="0" reg_code="5058958298"/>
<player seat="6" name="ilCapo6" chips="905" dealer="1" win="0" bet="905" muck="1" rebuy="0" addon="0" merge="0" rebuychips="0" reg_code="5058959036"/>
</players>
</general>
<round no="0"><action no="1" player="ilCapo6" type="15" discard="1" dealt="1" sum="5"/>
<action no="2" player="Rakki" type="15" sum="5"/>
<action no="3" player="ilCapo6" type="1" discard="1" dealt="1" sum="30"/>
<action no="4" player="Rakki" type="2" sum="60"/>
</round>
<round no="1"><cards type="Pocket" player="Rakki">CA C5</cards>
<cards type="Pocket" player="ilCapo6">SA DA</cards>
<action no="5" player="ilCapo6" type="3" discard="1" dealt="1" sum="30"/>
<action no="6" player="Rakki" type="23" sum="150"/>
<action no="7" player="ilCapo6" type="3" discard="1" dealt="1" sum="90"/>
</round>
<round no="2"><cards type="Flop">D8 C6 C4</cards>
<action no="8" player="Rakki" type="5" sum="93"/>
<action no="9" player="ilCapo6" type="23" discard="1" dealt="1" sum="750"/>
<action no="10" player="Rakki" type="7" sum="347"/>
</round>
<round no="3"><cards type="Turn">CJ</cards>
</round>
<round no="4"><cards type="River">CK</cards>
</round>
</game>
<game gamecode="6475460841"><general><startdate>2025-09-10 17:01:37</startdate>
<round>1</round>
<failsafecounter/>
<players><player seat="6" name="ilCapo6" chips="310" dealer="0" win="70" bet="65" muck="1" rebuy="0" addon="0" merge="0" rebuychips="0" reg_code="5058959036"/>
<player seat="3" name="Rakki" chips="1,190" dealer="1" win="0" bet="35" muck="1" rebuy="0" addon="0" merge="0" rebuychips="0" reg_code="5058958298"/>
</players>
</general>
<round no="0"><action no="1" player="Rakki" type="15" sum="5"/>
<action no="2" player="ilCapo6" type="15" discard="1" dealt="1" sum="5"/>
<action no="3" player="Rakki" type="1" sum="30"/>
<action no="4" player="ilCapo6" type="2" discard="1" dealt="1" sum="60"/>
</round>
<round no="1"><cards type="Pocket" player="ilCapo6">X X</cards>
<cards type="Pocket" player="Rakki">C2 C7</cards>
<action no="5" player="Rakki" type="0" sum="0"/>
</round>
</game>
<game gamecode="6475460848"><general><startdate>2025-09-10 17:01:43</startdate>
<round>1</round>
<failsafecounter/>
<players><player seat="3" name="Rakki" chips="1,155" dealer="0" win="690" bet="345" muck="0" rebuy="0" addon="0" merge="0" rebuychips="0" reg_code="5058958298"/>
<player seat="6" name="ilCapo6" chips="345" dealer="1" win="0" bet="345" muck="0" rebuy="0" addon="0" merge="0" rebuychips="0" reg_code="5058959036"/>
</players>
</general>
<round no="0"><action no="1" player="ilCapo6" type="15" discard="1" dealt="1" sum="5"/>
<action no="2" player="Rakki" type="15" sum="5"/>
<action no="3" player="ilCapo6" type="1" discard="1" dealt="1" sum="30"/>
<action no="4" player="Rakki" type="2" sum="60"/>
</round>
<round no="1"><cards type="Pocket" player="Rakki">SA H6</cards>
<cards type="Pocket" player="ilCapo6">CK C7</cards>
<action no="5" player="ilCapo6" type="23" discard="1" dealt="1" sum="340"/>
<action no="6" player="Rakki" type="3" sum="280"/>
</round>
<round no="2"><cards type="Flop">C6 C8 D3</cards>
</round>
<round no="3"><cards type="Turn">S4</cards>
</round>
<round no="4"><cards type="River">H8</cards>
</round>
</game>
</session>
