<?xml version="1.0" encoding="UTF-8"?>
<session sessioncode="5058523788">
<general>
<client_version>25.1.1.16</client_version>
<mode>real</mode>
<gametype>Holdem NL</gametype>
<tablename>Twister €200 SNG, 817309874</tablename>
<tournamentcode>817309873</tournamentcode>
<tournamentname>Twister €200 SNG</tournamentname>
<buyin>€0 + €12 + €188</buyin>
<totalbuyin>€200</totalbuyin>
<rewarddrawn>€1000</rewarddrawn>
<tournamentcurrency>EUR</tournamentcurrency>
<currency>EUR</currency>
<nickname>Rakki</nickname>
<gamecount>26</gamecount>
<startdate>2025-09-08 15:10:21</startdate>
<place>3</place>
<win>€100</win>
<tablesize>3</tablesize>
</general>
<game gamecode="6473659961"><general><startdate>2025-09-08 15:10:41</startdate>
<round>1</round>
<failsafecounter/>
<players><player seat="6" name="Rakki" chips="500" dealer="0" win="0" bet="40" muck="1" rebuy="0" addon="0" merge="0" rebuychips="0" reg_code="5058523788"/>
<player seat="10" name="PresentFlow" chips="500" dealer="1" win="120" bet="100" muck="1" rebuy="0" addon="0" merge="0" rebuychips="0" reg_code="5058524267"/>
<player seat="3" name="Exivezzz2323" chips="500" dealer="0" win="0" bet="40" muck="1" rebuy="0" addon="0" merge="0" rebuychips="0" reg_code="5058523489"/>
</players>
</general>
<round no="0"><action no="1" player="Exivezzz2323" type="1" discard="1" dealt="1" sum="10"/>
<action no="2" player="Rakki" type="2" sum="20"/>
</round>
<round no="1"><cards type="Pocket" player="PresentFlow">X X</cards>
<cards type="Pocket" player="Exivezzz2323">X X</cards>
<cards type="Pocket" player="Rakki">S2 SQ</cards>
<action no="3" player="PresentFlow" type="3" discard="1" dealt="1" sum="20"/>
<action no="4" player="Exivezzz2323" type="23" discard="1" dealt="1" sum="40"/>
<action no="5" player="Rakki" type="3" sum="20"/>
<action no="6" player="PresentFlow" type="3" discard="1" dealt="1" sum="20"/>
</round>
<round no="2"><cards type="Flop">H10 C3 HJ</cards>
<action no="7" player="Exivezzz2323" type="4" discard="1" dealt="1" sum="0"/>
<action no="8" player="Rakki" type="4" sum="0"/>
<action no="9" player="PresentFlow" type="5" discard="1" dealt="1" sum="60"/>
<action no="10" player="Exivezzz2323" type="0" discard="1" dealt="1" sum="0"/>
<action no="11" player="Rakki" type="0" sum="0"/>
</round>
</game>
<game gamecode="6473660068"><general><startdate>2025-09-08 15:11:29</startdate>
<round>1</round>
<failsafecounter/>
<players><player seat="10" name="PresentFlow" chips="580" dealer="0" win="0" bet="460" muck="1" rebuy="0" addon="0" merge="0" rebuychips="0" reg_code="5058524267"/>
<player seat="3" name="Exivezzz2323" chips="460" dealer="1" win="0" bet="0" muck="1" rebuy="0" addon="0" merge="0" rebuychips="0" reg_code="5058523489"/>
<player seat="6" name="Rakki" chips="460" dealer="0" win="920" bet="460" muck="0" rebuy="0" addon="0" merge="0" rebuychips="0" reg_code="5058523788"/>
</players>
</general>
<round no="0"><action no="1" player="Rakki" type="1" sum="10"/>
<action no="2" player="PresentFlow" type="2" discard="1" dealt="1" sum="20"/>
</round>
<round no="1"><cards type="Pocket" player="PresentFlow">C5 CK</cards>
<cards type="Pocket" player="Rakki">S5 SA</cards>
<cards type="Pocket" player="Exivezzz2323">X X</cards>
<action no="3" player="Exivezzz2323" type="0" discard="1" dealt="1" sum="0"/>
<action no="4" player="Rakki" type="23" sum="50"/>
<action no="5" player="PresentFlow" type="3" discard="1" dealt="1" sum="30"/>
</round>
<round no="2"><cards type="Flop">D5 C2 H2</cards>
<action no="6" player="Rakki" type="4" sum="0"/>
<action no="7" player="PresentFlow" type="5" discard="1" dealt="1" sum="100"/>
<action no="8" player="Rakki" type="23" sum="200"/>
<action no="9" player="PresentFlow" type="3" discard="1" dealt="1" sum="100"/>
</round>
<round no="3"><cards type="Turn">C7</cards>
<action no="10" player="Rakki" type="5" sum="210"/>
<action no="11" player="PresentFlow" type="3" discard="1" dealt="1" sum="210"/>
</round>
<round no="4"><cards type="River">D3</cards>
</round>
</game>
<game gamecode="6473660154"><general><startdate>2025-09-08 15:12:03</startdate>
<round>1</round>
<failsafecounter/>
<players><player seat="3" name="Exivezzz2323" chips="460" dealer="0" win="0" bet="130" muck="1" rebuy="0" addon="0" merge="0" rebuychips="0" reg_code="5058523489"/>
<player seat="6" name="Rakki" chips="920" dealer="1" win="270" bet="920" muck="1" rebuy="0" addon="0" merge="0" rebuychips="0" reg_code="5058523788"/>
<player seat="10" name="PresentFlow" chips="120" dealer="0" win="0" bet="10" muck="1" rebuy="0" addon="0" merge="0" rebuychips="0" reg_code="5058524267"/>
</players>
</general>
<round no="0"><action no="1" player="PresentFlow" type="1" discard="1" dealt="1" sum="10"/>
<action no="2" player="Exivezzz2323" type="2" discard="1" dealt="1" sum="20"/>
</round>
<round no="1"><cards type="Pocket" player="Exivezzz2323">X X</cards>
<cards type="Pocket" player="PresentFlow">X X</cards>
<cards type="Pocket" player="Rakki">DK CK</cards>
<action no="3" player="Rakki" type="23" sum="40"/>
<action no="4" player="PresentFlow" type="0" discard="1" dealt="1" sum="0"/>
<action no="5" player="Exivezzz2323" type="3" discard="1" dealt="1" sum="20"/>
</round>
<round no="2"><cards type="Flop">D4 S5 S10</cards>
<action no="6" player="Exivezzz2323" type="4" discard="1" dealt="1" sum="0"/>
<action no="7" player="Rakki" type="5" sum="90"/>
<action no="8" player="Exivezzz2323" type="3" discard="1" dealt="1" sum="90"/>
</round>
<round no="3"><cards type="Turn">S2</cards>
<action no="9" player="Exivezzz2323" type="4" discard="1" dealt="1" sum="0"/>
<action no="10" player="Rakki" type="5" sum="790"/>
<action no="11" player="Exivezzz2323" type="0" discard="1" dealt="1" sum="0"/>
</round>
</game>
<game gamecode="6473660241"><general><startdate>2025-09-08 15:12:42</startdate>
<round>1</round>
<failsafecounter/>
<players><player seat="6" name="Rakki" chips="1,060" dealer="0" win="0" bet="35" muck="1" rebuy="0" addon="0" merge="0" rebuychips="0" reg_code="5058523788"/>
<player seat="10" name="PresentFlow" chips="110" dealer="1" win="0" bet="5" muck="1" rebuy="0" addon="0" merge="0" rebuychips="0" reg_code="5058524267"/>
<player seat="3" name="Exivezzz2323" chips="330" dealer="0" win="75" bet="65" muck="1" rebuy="0" addon="0" merge="0" rebuychips="0" reg_code="5058523489"/>
</players>
</general>
<round no="0"><action no="1" player="Exivezzz2323" type="15" discard="1" dealt="1" sum="5"/>
<action no="2" player="Rakki" type="15" sum="5"/>
<action no="3" player="PresentFlow" type="15" discard="1" dealt="1" sum="5"/>
<action no="4" player="Exivezzz2323" type="1" discard="1" dealt="1" sum="15"/>
<action no="5" player="Rakki" type="2" sum="30"/>
</round>
<round no="1"><cards type="Pocket" player="PresentFlow">X X</cards>
<cards type="Pocket" player="Exivezzz2323">X X</cards>
<cards type="Pocket" player="Rakki">H2 CQ</cards>
<action no="6" player="PresentFlow" type="0" discard="1" dealt="1" sum="0"/>
<action no="7" player="Exivezzz2323" type="23" discard="1" dealt="1" sum="60"/>
<action no="8" player="Rakki" type="0" sum="0"/>
</round>
</game>
<game gamecode="6473660295"><general><startdate>2025-09-08 15:13:06</startdate>
<round>1</round>
<failsafecounter/>
<players><player seat="10" name="PresentFlow" chips="105" dealer="0" win="45" bet="35" muck="1" rebuy="0" addon="0" merge="0" rebuychips="0" reg_code="5058524267"/>
<player seat="3" name="Exivezzz2323" chips="370" dealer="1" win="0" bet="5" muck="1" rebuy="0" addon="0" merge="0" rebuychips="0" reg_code="5058523489"/>
<player seat="6" name="Rakki" chips="1,025" dealer="0" win="0" bet="20" muck="1" rebuy="0" addon="0" merge="0" rebuychips="0" reg_code="5058523788"/>
</players>
</general>
<round no="0"><action no="1" player="Rakki" type="15" sum="5"/>
<action no="2" player="PresentFlow" type="15" discard="1" dealt="1" sum="5"/>
<action no="3" player="Exivezzz2323" type="15" discard="1" dealt="1" sum="5"/>
<action no="4" player="Rakki" type="1" sum="15"/>
<action no="5" player="PresentFlow" type="2" discard="1" dealt="1" sum="30"/>
</round>
<round no="1"><cards type="Pocket" player="PresentFlow">X X</cards>
<cards type="Pocket" player="Rakki">C5 S3</cards>
<cards type="Pocket" player="Exivezzz2323">X X</cards>
<action no="6" player="Exivezzz2323" type="0" discard="1" dealt="1" sum="0"/>
<action no="7" player="Rakki" type="0" sum="0"/>
</round>
</game>
<game gamecode="6473660317"><general><startdate>2025-09-08 15:13:19</startdate>
<round>1</round>
<failsafecounter/>
<players><player seat="3" name="Exivezzz2323" chips="365" dealer="0" win="0" bet="35" muck="1" rebuy="0" addon="0" merge="0" rebuychips="0" reg_code="5058523489"/>
<player seat="6" name="Rakki" chips="1,005" dealer="1" win="0" bet="5" muck="1" rebuy="0" addon="0" merge="0" rebuychips="0" reg_code="5058523788"/>
<player seat="10" name="PresentFlow" chips="130" dealer="0" win="75" bet="110" muck="1" rebuy="0" addon="0" merge="0" rebuychips="0" reg_code="5058524267"/>
</players>
</general>
<round no="0"><action no="1" player="PresentFlow" type="15" discard="1" dealt="1" sum="5"/>
<action no="2" player="Exivezzz2323" type="15" discard="1" dealt="1" sum="5"/>
<action no="3" player="Rakki" type="15" sum="5"/>
<action no="4" player="PresentFlow" type="1" discard="1" dealt="1" sum="15"/>
<action no="5" player="Exivezzz2323" type="2" discard="1" dealt="1" sum="30"/>
</round>
<round no="1"><cards type="Pocket" player="Rakki">D8 S7</cards>
<cards type="Pocket" player="PresentFlow">X X</cards>
<cards type="Pocket" player="Exivezzz2323">X X</cards>
<action no="6" player="Rakki" type="0" sum="0"/>
<action no="7" player="PresentFlow" type="3" discard="1" dealt="1" sum="15"/>
<action no="8" player="Exivezzz2323" type="4" discard="1" dealt="1" sum="0"/>
</round>
<round no="2"><cards type="Flop">C10 S2 SA</cards>
<action no="9" player="PresentFlow" type="5" discard="1" dealt="1" sum="75"/>
<action no="10" player="Exivezzz2323" type="0" discard="1" dealt="1" sum="0"/>
</round>
</game>
<game gamecode="6473660364"><general><startdate>2025-09-08 15:13:40</startdate>
<round>1</round>
<failsafecounter/>
<players><player seat="6" name="Rakki" chips="1,000" dealer="0" win="45" bet="35" muck="1" rebuy="0" addon="0" merge="0" rebuychips="0" reg_code="5058523788"/>
<player seat="10" name="PresentFlow" chips="170" dealer="1" win="0" bet="5" muck="1" rebuy="0" addon="0" merge="0" rebuychips="0" reg_code="5058524267"/>
<player seat="3" name="Exivezzz2323" chips="330" dealer="0" win="0" bet="20" muck="1" rebuy="0" addon="0" merge="0" rebuychips="0" reg_code="5058523489"/>
</players>
</general>
<round no="0"><action no="1" player="Exivezzz2323" type="15" discard="1" dealt="1" sum="5"/>
<action no="2" player="Rakki" type="15" sum="5"/>
<action no="3" player="PresentFlow" type="15" discard="1" dealt="1" sum="5"/>
<action no="4" player="Exivezzz2323" type="1" discard="1" dealt="1" sum="15"/>
<action no="5" player="Rakki" type="2" sum="30"/>
</round>
<round no="1"><cards type="Pocket" player="Rakki">DQ D4</cards>
<cards type="Pocket" player="PresentFlow">X X</cards>
<cards type="Pocket" player="Exivezzz2323">X X</cards>
<action no="6" player="PresentFlow" type="0" discard="1" dealt="1" sum="0"/>
<action no="7" player="Exivezzz2323" type="0" discard="1" dealt="1" sum="0"/>
</round>
</game>
<game gamecode="6473660389"><general><startdate>2025-09-08 15:13:54</startdate>
<round>1</round>
<failsafecounter/>
<players><player seat="10" name="PresentFlow" chips="165" dealer="0" win="0" bet="35" muck="1" rebuy="0" addon="0" merge="0" rebuychips="0" reg_code="5058524267"/>
<player seat="3" name="Exivezzz2323" chips="310" dealer="1" win="0" bet="5" muck="1" rebuy="0" addon="0" merge="0" rebuychips="0" reg_code="5058523489"/>
<player seat="6" name="Rakki" chips="1,025" dealer="0" win="75" bet="1,025" muck="1" rebuy="0" addon="0" merge="0" rebuychips="0" reg_code="5058523788"/>
</players>
</general>
<round no="0"><action no="1" player="Rakki" type="15" sum="5"/>
<action no="2" player="PresentFlow" type="15" discard="1" dealt="1" sum="5"/>
<action no="3" player="Exivezzz2323" type="15" discard="1" dealt="1" sum="5"/>
<action no="4" player="Rakki" type="1" sum="15"/>
<action no="5" player="PresentFlow" type="2" discard="1" dealt="1" sum="30"/>
</round>
<round no="1"><cards type="Pocket" player="Rakki">SK H2</cards>
<cards type="Pocket" player="PresentFlow">X X</cards>
<cards type="Pocket" player="Exivezzz2323">X X</cards>
<action no="6" player="Exivezzz2323" type="0" discard="1" dealt="1" sum="0"/>
<action no="7" player="Rakki" type="23" sum="1,020"/>
<action no="8" player="PresentFlow" type="0" discard="1" dealt="1" sum="0"/>
</round>
</game>
<game gamecode="6473660429"><general><startdate>2025-09-08 15:14:08</startdate>
<round>1</round>
<failsafecounter/>
<players><player seat="3" name="Exivezzz2323" chips="305" dealer="0" win="0" bet="35" muck="1" rebuy="0" addon="0" merge="0" rebuychips="0" reg_code="5058523489"/>
<player seat="6" name="Rakki" chips="1,065" dealer="1" win="90" bet="1,065" muck="1" rebuy="0" addon="0" merge="0" rebuychips="0" reg_code="5058523788"/>
<player seat="10" name="PresentFlow" chips="130" dealer="0" win="0" bet="20" muck="1" rebuy="0" addon="0" merge="0" rebuychips="0" reg_code="5058524267"/>
</players>
</general>
<round no="0"><action no="1" player="PresentFlow" type="15" discard="1" dealt="1" sum="5"/>
<action no="2" player="Exivezzz2323" type="15" discard="1" dealt="1" sum="5"/>
<action no="3" player="Rakki" type="15" sum="5"/>
<action no="4" player="PresentFlow" type="1" discard="1" dealt="1" sum="15"/>
<action no="5" player="Exivezzz2323" type="2" discard="1" dealt="1" sum="30"/>
</round>
<round no="1"><cards type="Pocket" player="Exivezzz2323">X X</cards>
<cards type="Pocket" player="Rakki">H9 C10</cards>
<cards type="Pocket" player="PresentFlow">X X</cards>
<action no="6" player="Rakki" type="23" sum="1,060"/>
<action no="7" player="PresentFlow" type="0" discard="1" dealt="1" sum="0"/>
<action no="8" player="Exivezzz2323" type="0" discard="1" dealt="1" sum="0"/>
</round>
</game>
<game gamecode="6473660451"><general><startdate>2025-09-08 15:14:18</startdate>
<round>1</round>
<failsafecounter/>
<players><player seat="6" name="Rakki" chips="1,120" dealer="0" win="45" bet="35" muck="1" rebuy="0" addon="0" merge="0" rebuychips="0" reg_code="5058523788"/>
<player seat="10" name="PresentFlow" chips="110" dealer="1" win="0" bet="5" muck="1" rebuy="0" addon="0" merge="0" rebuychips="0" reg_code="5058524267"/>
<player seat="3" name="Exivezzz2323" chips="270" dealer="0" win="0" bet="20" muck="1" rebuy="0" addon="0" merge="0" rebuychips="0" reg_code="5058523489"/>
</players>
</general>
<round no="0"><action no="1" player="Exivezzz2323" type="15" discard="1" dealt="1" sum="5"/>
<action no="2" player="Rakki" type="15" sum="5"/>
<action no="3" player="PresentFlow" type="15" discard="1" dealt="1" sum="5"/>
<action no="4" player="Exivezzz2323" type="1" discard="1" dealt="1" sum="15"/>
<action no="5" player="Rakki" type="2" sum="30"/>
</round>
<round no="1"><cards type="Pocket" player="Rakki">D9 D10</cards>
<cards type="Pocket" player="Exivezzz2323">X X</cards>
<cards type="Pocket" player="PresentFlow">X X</cards>
<action no="6" player="PresentFlow" type="0" discard="1" dealt="1" sum="0"/>
<action no="7" player="Exivezzz2323" type="0" discard="1" dealt="1" sum="0"/>
</round>
</game>
<game gamecode="6473660484"><general><startdate>2025-09-08 15:14:31</startdate>
<round>1</round>
<failsafecounter/>
<players><player seat="10" name="PresentFlow" chips="105" dealer="0" win="215" bet="105" muck="0" rebuy="0" addon="0" merge="0" rebuychips="0" reg_code="5058524267"/>
<player seat="3" name="Exivezzz2323" chips="250" dealer="1" win="0" bet="5" muck="1" rebuy="0" addon="0" merge="0" rebuychips="0" reg_code="5058523489"/>
<player seat="6" name="Rakki" chips="1,145" dealer="0" win="0" bet="1,145" muck="1" rebuy="0" addon="0" merge="0" rebuychips="0" reg_code="5058523788"/>
</players>
</general>
<round no="0"><action no="1" player="Rakki" type="15" sum="5"/>
<action no="2" player="PresentFlow" type="15" discard="1" dealt="1" sum="5"/>
<action no="3" player="Exivezzz2323" type="15" discard="1" dealt="1" sum="5"/>
<action no="4" player="Rakki" type="1" sum="15"/>
<action no="5" player="PresentFlow" type="2" discard="1" dealt="1" sum="30"/>
</round>
<round no="1"><cards type="Pocket" player="Rakki">CJ CK</cards>
<cards type="Pocket" player="PresentFlow">HA CQ</cards>
<cards type="Pocket" player="Exivezzz2323">X X</cards>
<action no="6" player="Exivezzz2323" type="0" discard="1" dealt="1" sum="0"/>
<action no="7" player="Rakki" type="23" sum="1,140"/>
<action no="8" player="PresentFlow" type="7" discard="1" dealt="1" sum="70"/>
</round>
<round no="2"><cards type="Flop">C3 S10 DA</cards>
</round>
<round no="3"><cards type="Turn">S7</cards>
</round>
<round no="4"><cards type="River">C2</cards>
</round>
</game>
<game gamecode="6473660530"><general><startdate>2025-09-08 15:14:53</startdate>
<round>1</round>
<failsafecounter/>
<players><player seat="3" name="Exivezzz2323" chips="245" dealer="0" win="95" bet="245" muck="1" rebuy="0" addon="0" merge="0" rebuychips="0" reg_code="5058523489"/>
<player seat="6" name="Rakki" chips="1,040" dealer="1" win="0" bet="5" muck="1" rebuy="0" addon="0" merge="0" rebuychips="0" reg_code="5058523788"/>
<player seat="10" name="PresentFlow" chips="215" dealer="0" win="0" bet="45" muck="1" rebuy="0" addon="0" merge="0" rebuychips="0" reg_code="5058524267"/>
</players>
</general>
<round no="0"><action no="1" player="PresentFlow" type="15" discard="1" dealt="1" sum="5"/>
<action no="2" player="Exivezzz2323" type="15" discard="1" dealt="1" sum="5"/>
<action no="3" player="Rakki" type="15" sum="5"/>
<action no="4" player="PresentFlow" type="1" discard="1" dealt="1" sum="20"/>
<action no="5" player="Exivezzz2323" type="2" discard="1" dealt="1" sum="40"/>
</round>
<round no="1"><cards type="Pocket" player="Exivezzz2323">X X</cards>
<cards type="Pocket" player="PresentFlow">X X</cards>
<cards type="Pocket" player="Rakki">H8 D6</cards>
<action no="6" player="Rakki" type="0" sum="0"/>
<action no="7" player="PresentFlow" type="3" discard="1" dealt="1" sum="20"/>
<action no="8" player="Exivezzz2323" type="23" discard="1" dealt="1" sum="240"/>
<action no="9" player="PresentFlow" type="0" discard="1" dealt="1" sum="0"/>
</round>
</game>
<game gamecode="6473660555"><general><startdate>2025-09-08 15:15:07</startdate>
<round>1</round>
<failsafecounter/>
<players><player seat="6" name="Rakki" chips="1,035" dealer="0" win="0" bet="45" muck="1" rebuy="0" addon="0" merge="0" rebuychips="0" reg_code="5058523788"/>
<player seat="10" name="PresentFlow" chips="170" dealer="1" win="115" bet="125" muck="1" rebuy="0" addon="0" merge="0" rebuychips="0" reg_code="5058524267"/>
<player seat="3" name="Exivezzz2323" chips="295" dealer="0" win="0" bet="25" muck="1" rebuy="0" addon="0" merge="0" rebuychips="0" reg_code="5058523489"/>
</players>
</general>
<round no="0"><action no="1" player="Exivezzz2323" type="15" discard="1" dealt="1" sum="5"/>
<action no="2" player="Rakki" type="15" sum="5"/>
<action no="3" player="PresentFlow" type="15" discard="1" dealt="1" sum="5"/>
<action no="4" player="Exivezzz2323" type="1" discard="1" dealt="1" sum="20"/>
<action no="5" player="Rakki" type="2" sum="40"/>
</round>
<round no="1"><cards type="Pocket" player="Rakki">HJ S10</cards>
<cards type="Pocket" player="PresentFlow">X X</cards>
<cards type="Pocket" player="Exivezzz2323">X X</cards>
<action no="6" player="PresentFlow" type="3" discard="1" dealt="1" sum="40"/>
<action no="7" player="Exivezzz2323" type="0" discard="1" dealt="1" sum="0"/>
<action no="8" player="Rakki" type="4" sum="0"/>
</round>
<round no="2"><cards type="Flop">D4 D5 S7</cards>
<action no="9" player="Rakki" type="4" sum="0"/>
<action no="10" player="PresentFlow" type="5" discard="1" dealt="1" sum="80"/>
<action no="11" player="Rakki" type="0" sum="0"/>
</round>
</game>
<game gamecode="6473660591"><general><startdate>2025-09-08 15:15:27</startdate>
<round>1</round>
<failsafecounter/>
<players><player seat="10" name="PresentFlow" chips="240" dealer="0" win="485" bet="240" muck="0" rebuy="0" addon="0" merge="0" rebuychips="0" reg_code="5058524267"/>
<player seat="3" name="Exivezzz2323" chips="270" dealer="1" win="0" bet="5" muck="1" rebuy="0" addon="0" merge="0" rebuychips="0" reg_code="5058523489"/>
<player seat="6" name="Rakki" chips="990" dealer="0" win="0" bet="990" muck="1" rebuy="0" addon="0" merge="0" rebuychips="0" reg_code="5058523788"/>
</players>
</general>
<round no="0"><action no="1" player="Rakki" type="15" sum="5"/>
<action no="2" player="PresentFlow" type="15" discard="1" dealt="1" sum="5"/>
<action no="3" player="Exivezzz2323" type="15" discard="1" dealt="1" sum="5"/>
<action no="4" player="Rakki" type="1" sum="20"/>
<action no="5" player="PresentFlow" type="2" discard="1" dealt="1" sum="40"/>
</round>
<round no="1"><cards type="Pocket" player="Rakki">C7 C5</cards>
<cards type="Pocket" player="Exivezzz2323">X X</cards>
<cards type="Pocket" player="PresentFlow">D10 DQ</cards>
<action no="6" player="Exivezzz2323" type="0" discard="1" dealt="1" sum="0"/>
<action no="7" player="Rakki" type="23" sum="985"/>
<action no="8" player="PresentFlow" type="7" discard="1" dealt="1" sum="195"/>
</round>
<round no="2"><cards type="Flop">H6 H10 HK</cards>
</round>
<round no="3"><cards type="Turn">S2</cards>
</round>
<round no="4"><cards type="River">D9</cards>
</round>
</game>
<game gamecode="6473660634"><general><startdate>2025-09-08 15:15:44</startdate>
<round>1</round>
<failsafecounter/>
<players><player seat="3" name="Exivezzz2323" chips="265" dealer="0" win="555" bet="265" muck="0" rebuy="0" addon="0" merge="0" rebuychips="0" reg_code="5058523489"/>
<player seat="6" name="Rakki" chips="750" dealer="1" win="0" bet="750" muck="1" rebuy="0" addon="0" merge="0" rebuychips="0" reg_code="5058523788"/>
<player seat="10" name="PresentFlow" chips="485" dealer="0" win="0" bet="25" muck="1" rebuy="0" addon="0" merge="0" rebuychips="0" reg_code="5058524267"/>
</players>
</general>
<round no="0"><action no="1" player="PresentFlow" type="15" discard="1" dealt="1" sum="5"/>
<action no="2" player="Exivezzz2323" type="15" discard="1" dealt="1" sum="5"/>
<action no="3" player="Rakki" type="15" sum="5"/>
<action no="4" player="PresentFlow" type="1" discard="1" dealt="1" sum="20"/>
<action no="5" player="Exivezzz2323" type="2" discard="1" dealt="1" sum="40"/>
</round>
<round no="1"><cards type="Pocket" player="Rakki">C8 CA</cards>
<cards type="Pocket" player="PresentFlow">X X</cards>
<cards type="Pocket" player="Exivezzz2323">C4 SA</cards>
<action no="6" player="Rakki" type="23" sum="745"/>
<action no="7" player="PresentFlow" type="0" discard="1" dealt="1" sum="0"/>
<action no="8" player="Exivezzz2323" type="7" discard="1" dealt="1" sum="220"/>
</round>
<round no="2"><cards type="Flop">S6 S2 C7</cards>
</round>
<round no="3"><cards type="Turn">S4</cards>
</round>
<round no="4"><cards type="River">CQ</cards>
</round>
</game>
<game gamecode="6473660675"><general><startdate>2025-09-08 15:16:04</startdate>
<round>1</round>
<failsafecounter/>
<players><player seat="6" name="Rakki" chips="485" dealer="0" win="55" bet="45" muck="1" rebuy="0" addon="0" merge="0" rebuychips="0" reg_code="5058523788"/>
<player seat="10" name="PresentFlow" chips="460" dealer="1" win="0" bet="5" muck="1" rebuy="0" addon="0" merge="0" rebuychips="0" reg_code="5058524267"/>
<player seat="3" name="Exivezzz2323" chips="555" dealer="0" win="0" bet="25" muck="1" rebuy="0" addon="0" merge="0" rebuychips="0" reg_code="5058523489"/>
</players>
</general>
<round no="0"><action no="1" player="Exivezzz2323" type="15" discard="1" dealt="1" sum="5"/>
<action no="2" player="Rakki" type="15" sum="5"/>
<action no="3" player="PresentFlow" type="15" discard="1" dealt="1" sum="5"/>
<action no="4" player="Exivezzz2323" type="1" discard="1" dealt="1" sum="20"/>
<action no="5" player="Rakki" type="2" sum="40"/>
</round>
<round no="1"><cards type="Pocket" player="PresentFlow">X X</cards>
<cards type="Pocket" player="Rakki">S4 C6</cards>
<cards type="Pocket" player="Exivezzz2323">X X</cards>
<action no="6" player="PresentFlow" type="0" discard="1" dealt="1" sum="0"/>
<action no="7" player="Exivezzz2323" type="0" discard="1" dealt="1" sum="0"/>
</round>
</game>
<game gamecode="6473660711"><general><startdate>2025-09-08 15:16:19</startdate>
<round>1</round>
<failsafecounter/>
<players><player seat="10" name="PresentFlow" chips="455" dealer="0" win="55" bet="45" muck="1" rebuy="0" addon="0" merge="0" rebuychips="0" reg_code="5058524267"/>
<player seat="3" name="Exivezzz2323" chips="530" dealer="1" win="0" bet="5" muck="1" rebuy="0" addon="0" merge="0" rebuychips="0" reg_code="5058523489"/>
<player seat="6" name="Rakki" chips="515" dealer="0" win="0" bet="25" muck="1" rebuy="0" addon="0" merge="0" rebuychips="0" reg_code="5058523788"/>
</players>
</general>
<round no="0"><action no="1" player="Rakki" type="15" sum="5"/>
<action no="2" player="PresentFlow" type="15" discard="1" dealt="1" sum="5"/>
<action no="3" player="Exivezzz2323" type="15" discard="1" dealt="1" sum="5"/>
<action no="4" player="Rakki" type="1" sum="20"/>
<action no="5" player="PresentFlow" type="2" discard="1" dealt="1" sum="40"/>
</round>
<round no="1"><cards type="Pocket" player="Exivezzz2323">X X</cards>
<cards type="Pocket" player="Rakki">H4 SQ</cards>
<cards type="Pocket" player="PresentFlow">X X</cards>
<action no="6" player="Exivezzz2323" type="0" discard="1" dealt="1" sum="0"/>
<action no="7" player="Rakki" type="0" sum="0"/>
</round>
</game>
<game gamecode="6473660742"><general><startdate>2025-09-08 15:16:31</startdate>
<round>1</round>
<failsafecounter/>
<players><player seat="3" name="Exivezzz2323" chips="525" dealer="0" win="0" bet="85" muck="1" rebuy="0" addon="0" merge="0" rebuychips="0" reg_code="5058523489"/>
<player seat="6" name="Rakki" chips="490" dealer="1" win="195" bet="133" muck="1" rebuy="0" addon="0" merge="0" rebuychips="0" reg_code="5058523788"/>
<player seat="10" name="PresentFlow" chips="485" dealer="0" win="0" bet="25" muck="1" rebuy="0" addon="0" merge="0" rebuychips="0" reg_code="5058524267"/>
</players>
</general>
<round no="0"><action no="1" player="PresentFlow" type="15" discard="1" dealt="1" sum="5"/>
<action no="2" player="Exivezzz2323" type="15" discard="1" dealt="1" sum="5"/>
<action no="3" player="Rakki" type="15" sum="5"/>
<action no="4" player="PresentFlow" type="1" discard="1" dealt="1" sum="20"/>
<action no="5" player="Exivezzz2323" type="2" discard="1" dealt="1" sum="40"/>
</round>
<round no="1"><cards type="Pocket" player="Exivezzz2323">X X</cards>
<cards type="Pocket" player="PresentFlow">X X</cards>
<cards type="Pocket" player="Rakki">SK S5</cards>
<action no="6" player="Rakki" type="23" sum="80"/>
<action no="7" player="PresentFlow" type="0" discard="1" dealt="1" sum="0"/>
<action no="8" player="Exivezzz2323" type="3" discard="1" dealt="1" sum="40"/>
</round>
<round no="2"><cards type="Flop">D2 H4 CQ</cards>
<action no="9" player="Exivezzz2323" type="4" discard="1" dealt="1" sum="0"/>
<action no="10" player="Rakki" type="5" sum="48"/>
<action no="11" player="Exivezzz2323" type="0" discard="1" dealt="1" sum="0"/>
</round>
</game>
<game gamecode="6473668249"><general><startdate>2025-09-08 15:17:08</startdate>
<round>1</round>
<failsafecounter/>
<players><player seat="6" name="Rakki" chips="600" dealer="0" win="0" bet="65" muck="1" rebuy="0" addon="0" merge="0" rebuychips="0" reg_code="5058523788"/>
<player seat="10" name="PresentFlow" chips="460" dealer="1" win="165" bet="125" muck="1" rebuy="0" addon="0" merge="0" rebuychips="0" reg_code="5058524267"/>
<player seat="3" name="Exivezzz2323" chips="440" dealer="0" win="0" bet="35" muck="1" rebuy="0" addon="0" merge="0" rebuychips="0" reg_code="5058523489"/>
</players>
</general>
<round no="0"><action no="1" player="Exivezzz2323" type="15" discard="1" dealt="1" sum="5"/>
<action no="2" player="Rakki" type="15" sum="5"/>
<action no="3" player="PresentFlow" type="15" discard="1" dealt="1" sum="5"/>
<action no="4" player="Exivezzz2323" type="1" discard="1" dealt="1" sum="30"/>
<action no="5" player="Rakki" type="2" sum="60"/>
</round>
<round no="1"><cards type="Pocket" player="Exivezzz2323">X X</cards>
<cards type="Pocket" player="PresentFlow">X X</cards>
<cards type="Pocket" player="Rakki">D4 H2</cards>
<action no="6" player="PresentFlow" type="23" discard="1" dealt="1" sum="120"/>
<action no="7" player="Exivezzz2323" type="0" discard="1" dealt="1" sum="0"/>
<action no="8" player="Rakki" type="0" sum="0"/>
</round>
</game>
<game gamecode="6473668291"><general><startdate>2025-09-08 15:17:26</startdate>
<round>1</round>
<failsafecounter/>
<players><player seat="10" name="PresentFlow" chips="560" dealer="0" win="75" bet="65" muck="1" rebuy="0" addon="0" merge="0" rebuychips="0" reg_code="5058524267"/>
<player seat="3" name="Exivezzz2323" chips="405" dealer="1" win="0" bet="5" muck="1" rebuy="0" addon="0" merge="0" rebuychips="0" reg_code="5058523489"/>
<player seat="6" name="Rakki" chips="535" dealer="0" win="0" bet="35" muck="1" rebuy="0" addon="0" merge="0" rebuychips="0" reg_code="5058523788"/>
</players>
</general>
<round no="0"><action no="1" player="Rakki" type="15" sum="5"/>
<action no="2" player="PresentFlow" type="15" discard="1" dealt="1" sum="5"/>
<action no="3" player="Exivezzz2323" type="15" discard="1" dealt="1" sum="5"/>
<action no="4" player="Rakki" type="1" sum="30"/>
<action no="5" player="PresentFlow" type="2" discard="1" dealt="1" sum="60"/>
</round>
<round no="1"><cards type="Pocket" player="Exivezzz2323">X X</cards>
<cards type="Pocket" player="PresentFlow">X X</cards>
<cards type="Pocket" player="Rakki">C8 H3</cards>
<action no="6" player="Exivezzz2323" type="0" discard="1" dealt="1" sum="0"/>
<action no="7" player="Rakki" type="0" sum="0"/>
</round>
</game>
<game gamecode="6473668319"><general><startdate>2025-09-08 15:17:38</startdate>
<round>1</round>
<failsafecounter/>
<players><player seat="3" name="Exivezzz2323" chips="400" dealer="0" win="0" bet="65" muck="1" rebuy="0" addon="0" merge="0" rebuychips="0" reg_code="5058523489"/>
<player seat="6" name="Rakki" chips="500" dealer="1" win="165" bet="500" muck="1" rebuy="0" addon="0" merge="0" rebuychips="0" reg_code="5058523788"/>
<player seat="10" name="PresentFlow" chips="600" dealer="0" win="0" bet="35" muck="1" rebuy="0" addon="0" merge="0" rebuychips="0" reg_code="5058524267"/>
</players>
</general>
<round no="0"><action no="1" player="PresentFlow" type="15" discard="1" dealt="1" sum="5"/>
<action no="2" player="Exivezzz2323" type="15" discard="1" dealt="1" sum="5"/>
<action no="3" player="Rakki" type="15" sum="5"/>
<action no="4" player="PresentFlow" type="1" discard="1" dealt="1" sum="30"/>
<action no="5" player="Exivezzz2323" type="2" discard="1" dealt="1" sum="60"/>
</round>
<round no="1"><cards type="Pocket" player="Rakki">H8 H10</cards>
<cards type="Pocket" player="PresentFlow">X X</cards>
<cards type="Pocket" player="Exivezzz2323">X X</cards>
<action no="6" player="Rakki" type="23" sum="495"/>
<action no="7" player="PresentFlow" type="0" discard="1" dealt="1" sum="0"/>
<action no="8" player="Exivezzz2323" type="0" discard="1" dealt="1" sum="0"/>
</round>
</game>
<game gamecode="6473668355"><general><startdate>2025-09-08 15:17:53</startdate>
<round>1</round>
<failsafecounter/>
<players><player seat="6" name="Rakki" chips="600" dealer="0" win="0" bet="65" muck="1" rebuy="0" addon="0" merge="0" rebuychips="0" reg_code="5058523788"/>
<player seat="10" name="PresentFlow" chips="565" dealer="1" win="0" bet="5" muck="1" rebuy="0" addon="0" merge="0" rebuychips="0" reg_code="5058524267"/>
<player seat="3" name="Exivezzz2323" chips="335" dealer="0" win="135" bet="335" muck="1" rebuy="0" addon="0" merge="0" rebuychips="0" reg_code="5058523489"/>
</players>
</general>
<round no="0"><action no="1" player="Exivezzz2323" type="15" discard="1" dealt="1" sum="5"/>
<action no="2" player="Rakki" type="15" sum="5"/>
<action no="3" player="PresentFlow" type="15" discard="1" dealt="1" sum="5"/>
<action no="4" player="Exivezzz2323" type="1" discard="1" dealt="1" sum="30"/>
<action no="5" player="Rakki" type="2" sum="60"/>
</round>
<round no="1"><cards type="Pocket" player="Exivezzz2323">X X</cards>
<cards type="Pocket" player="PresentFlow">X X</cards>
<cards type="Pocket" player="Rakki">C3 CJ</cards>
<action no="6" player="PresentFlow" type="0" discard="1" dealt="1" sum="0"/>
<action no="7" player="Exivezzz2323" type="23" discard="1" dealt="1" sum="330"/>
<action no="8" player="Rakki" type="0" sum="0"/>
</round>
</game>
<game gamecode="6473668417"><general><startdate>2025-09-08 15:18:21</startdate>
<round>1</round>
<failsafecounter/>
<players><player seat="10" name="PresentFlow" chips="560" dealer="0" win="75" bet="65" muck="1" rebuy="0" addon="0" merge="0" rebuychips="0" reg_code="5058524267"/>
<player seat="3" name="Exivezzz2323" chips="405" dealer="1" win="0" bet="5" muck="1" rebuy="0" addon="0" merge="0" rebuychips="0" reg_code="5058523489"/>
<player seat="6" name="Rakki" chips="535" dealer="0" win="0" bet="35" muck="1" rebuy="0" addon="0" merge="0" rebuychips="0" reg_code="5058523788"/>
</players>
</general>
<round no="0"><action no="1" player="Rakki" type="15" sum="5"/>
<action no="2" player="PresentFlow" type="15" discard="1" dealt="1" sum="5"/>
<action no="3" player="Exivezzz2323" type="15" discard="1" dealt="1" sum="5"/>
<action no="4" player="Rakki" type="1" sum="30"/>
<action no="5" player="PresentFlow" type="2" discard="1" dealt="1" sum="60"/>
</round>
<round no="1"><cards type="Pocket" player="PresentFlow">X X</cards>
<cards type="Pocket" player="Exivezzz2323">X X</cards>
<cards type="Pocket" player="Rakki">S9 C4</cards>
<action no="6" player="Exivezzz2323" type="0" discard="1" dealt="1" sum="0"/>
<action no="7" player="Rakki" type="0" sum="0"/>
</round>
</game>
<game gamecode="6473668445"><general><startdate>2025-09-08 15:18:31</startdate>
<round>1</round>
<failsafecounter/>
<players><player seat="3" name="Exivezzz2323" chips="400" dealer="0" win="0" bet="65" muck="1" rebuy="0" addon="0" merge="0" rebuychips="0" reg_code="5058523489"/>
<player seat="6" name="Rakki" chips="500" dealer="1" win="165" bet="500" muck="1" rebuy="0" addon="0" merge="0" rebuychips="0" reg_code="5058523788"/>
<player seat="10" name="PresentFlow" chips="600" dealer="0" win="0" bet="35" muck="1" rebuy="0" addon="0" merge="0" rebuychips="0" reg_code="5058524267"/>
</players>
</general>
<round no="0"><action no="1" player="PresentFlow" type="15" discard="1" dealt="1" sum="5"/>
<action no="2" player="Exivezzz2323" type="15" discard="1" dealt="1" sum="5"/>
<action no="3" player="Rakki" type="15" sum="5"/>
<action no="4" player="PresentFlow" type="1" discard="1" dealt="1" sum="30"/>
<action no="5" player="Exivezzz2323" type="2" discard="1" dealt="1" sum="60"/>
</round>
<round no="1"><cards type="Pocket" player="Exivezzz2323">X X</cards>
<cards type="Pocket" player="PresentFlow">X X</cards>
<cards type="Pocket" player="Rakki">CK D8</cards>
<action no="6" player="Rakki" type="23" sum="495"/>
<action no="7" player="PresentFlow" type="0" discard="1" dealt="1" sum="0"/>
<action no="8" player="Exivezzz2323" type="0" discard="1" dealt="1" sum="0"/>
</round>
</game>
<game gamecode="6473668480"><general><startdate>2025-09-08 15:18:44</startdate>
<round>1</round>
<failsafecounter/>
<players><player seat="6" name="Rakki" chips="600" dealer="0" win="0" bet="335" muck="1" rebuy="0" addon="0" merge="0" rebuychips="0" reg_code="5058523788"/>
<player seat="10" name="PresentFlow" chips="565" dealer="1" win="0" bet="8" muck="1" rebuy="0" addon="0" merge="0" rebuychips="0" reg_code="5058524267"/>
<player seat="3" name="Exivezzz2323" chips="335" dealer="0" win="678" bet="335" muck="0" rebuy="0" addon="0" merge="0" rebuychips="0" reg_code="5058523489"/>
</players>
</general>
<round no="0"><action no="1" player="Exivezzz2323" type="15" discard="1" dealt="1" sum="8"/>
<action no="2" player="Rakki" type="15" sum="8"/>
<action no="3" player="PresentFlow" type="15" discard="1" dealt="1" sum="8"/>
<action no="4" player="Exivezzz2323" type="1" discard="1" dealt="1" sum="40"/>
<action no="5" player="Rakki" type="2" sum="80"/>
</round>
<round no="1"><cards type="Pocket" player="PresentFlow">X X</cards>
<cards type="Pocket" player="Rakki">C6 DK</cards>
<cards type="Pocket" player="Exivezzz2323">CQ D9</cards>
<action no="6" player="PresentFlow" type="0" discard="1" dealt="1" sum="0"/>
<action no="7" player="Exivezzz2323" type="23" discard="1" dealt="1" sum="327"/>
<action no="8" player="Rakki" type="3" sum="247"/>
</round>
<round no="2"><cards type="Flop">C7 S2 CA</cards>
</round>
<round no="3"><cards type="Turn">C8</cards>
</round>
<round no="4"><cards type="River">CK</cards>
</round>
</game>
<game gamecode="6473668520"><general><startdate>2025-09-08 15:19:04</startdate>
<round>1</round>
<failsafecounter/>
<players><player seat="10" name="PresentFlow" chips="557" dealer="0" win="0" bet="88" muck="1" rebuy="0" addon="0" merge="0" rebuychips="0" reg_code="5058524267"/>
<player seat="3" name="Exivezzz2323" chips="678" dealer="1" win="618" bet="678" muck="0" rebuy="0" addon="0" merge="0" rebuychips="0" reg_code="5058523489"/>
<player seat="6" name="Rakki" chips="265" dealer="0" win="0" bet="265" muck="1" rebuy="0" addon="0" merge="0" rebuychips="0" reg_code="5058523788"/>
</players>
</general>
<round no="0"><action no="1" player="Rakki" type="15" sum="8"/>
<action no="2" player="PresentFlow" type="15" discard="1" dealt="1" sum="8"/>
<action no="3" player="Exivezzz2323" type="15" discard="1" dealt="1" sum="8"/>
<action no="4" player="Rakki" type="1" sum="40"/>
<action no="5" player="PresentFlow" type="2" discard="1" dealt="1" sum="80"/>
</round>
<round no="1"><cards type="Pocket" player="Rakki">CK C7</cards>
<cards type="Pocket" player="Exivezzz2323">SA SJ</cards>
<cards type="Pocket" player="PresentFlow">X X</cards>
<action no="6" player="Exivezzz2323" type="23" discard="1" dealt="1" sum="670"/>
<action no="7" player="Rakki" type="7" sum="217"/>
<action no="8" player="PresentFlow" type="0" discard="1" dealt="1" sum="0"/>
</round>
<round no="2"><cards type="Flop">C10 H10 D3</cards>
</round>
<round no="3"><cards type="Turn">C8</cards>
</round>
<round no="4"><cards type="River">H2</cards>
</round>
</game>
</session>
