<?xml version="1.0" encoding="UTF-8"?>
<session sessioncode="5058521136">
<general>
<client_version>25.1.1.16</client_version>
<mode>real</mode>
<gametype>Holdem NL</gametype>
<tablename>Twister €200 SNG, 817301610</tablename>
<tournamentcode>817301609</tournamentcode>
<tournamentname>Twister €200 SNG</tournamentname>
<buyin>€0 + €12 + €188</buyin>
<totalbuyin>€200</totalbuyin>
<rewarddrawn>€400</rewarddrawn>
<tournamentcurrency>EUR</tournamentcurrency>
<currency>EUR</currency>
<nickname>Rakki</nickname>
<gamecount>6</gamecount>
<startdate>2025-09-08 14:54:16</startdate>
<place>3</place>
<win>€0</win>
<tablesize>3</tablesize>
</general>
<game gamecode="6473645854"><general><startdate>2025-09-08 14:54:31</startdate>
<round>1</round>
<failsafecounter/>
<players><player seat="6" name="Exivezzz2323" chips="500" dealer="0" win="0" bet="40" muck="1" rebuy="0" addon="0" merge="0" rebuychips="0" reg_code="5058521156"/>
<player seat="10" name="DD2023" chips="500" dealer="1" win="90" bet="100" muck="1" rebuy="0" addon="0" merge="0" rebuychips="0" reg_code="5058521372"/>
<player seat="3" name="Rakki" chips="500" dealer="0" win="0" bet="10" muck="1" rebuy="0" addon="0" merge="0" rebuychips="0" reg_code="5058521136"/>
</players>
</general>
<round no="0"><action no="1" player="Rakki" type="1" sum="10"/>
<action no="2" player="Exivezzz2323" type="2" discard="1" dealt="1" sum="20"/>
</round>
<round no="1"><cards type="Pocket" player="Exivezzz2323">X X</cards>
<cards type="Pocket" player="Rakki">DA C4</cards>
<cards type="Pocket" player="DD2023">X X</cards>
<action no="3" player="DD2023" type="23" discard="1" dealt="1" sum="40"/>
<action no="4" player="Rakki" type="0" sum="0"/>
<action no="5" player="Exivezzz2323" type="3" discard="1" dealt="1" sum="20"/>
</round>
<round no="2"><cards type="Flop">DK C9 S4</cards>
<action no="6" player="Exivezzz2323" type="4" discard="1" dealt="1" sum="0"/>
<action no="7" player="DD2023" type="5" discard="1" dealt="1" sum="60"/>
<action no="8" player="Exivezzz2323" type="0" discard="1" dealt="1" sum="0"/>
</round>
</game>
<game gamecode="6473645912"><general><startdate>2025-09-08 14:55:01</startdate>
<round>1</round>
<failsafecounter/>
<players><player seat="10" name="DD2023" chips="550" dealer="0" win="20" bet="20" muck="1" rebuy="0" addon="0" merge="0" rebuychips="0" reg_code="5058521372"/>
<player seat="3" name="Rakki" chips="490" dealer="1" win="0" bet="0" muck="1" rebuy="0" addon="0" merge="0" rebuychips="0" reg_code="5058521136"/>
<player seat="6" name="Exivezzz2323" chips="460" dealer="0" win="0" bet="10" muck="1" rebuy="0" addon="0" merge="0" rebuychips="0" reg_code="5058521156"/>
</players>
</general>
<round no="0"><action no="1" player="Exivezzz2323" type="1" discard="1" dealt="1" sum="10"/>
<action no="2" player="DD2023" type="2" discard="1" dealt="1" sum="20"/>
</round>
<round no="1"><cards type="Pocket" player="Rakki">D7 H4</cards>
<cards type="Pocket" player="DD2023">X X</cards>
<cards type="Pocket" player="Exivezzz2323">X X</cards>
<action no="3" player="Rakki" type="0" sum="0"/>
<action no="4" player="Exivezzz2323" type="0" discard="1" dealt="1" sum="0"/>
</round>
</game>
<game gamecode="6473645949"><general><startdate>2025-09-08 14:55:18</startdate>
<round>1</round>
<failsafecounter/>
<players><player seat="3" name="Rakki" chips="490" dealer="0" win="0" bet="20" muck="1" rebuy="0" addon="0" merge="0" rebuychips="0" reg_code="5058521136"/>
<player seat="6" name="Exivezzz2323" chips="450" dealer="1" win="460" bet="450" muck="1" rebuy="0" addon="0" merge="0" rebuychips="0" reg_code="5058521156"/>
<player seat="10" name="DD2023" chips="560" dealer="0" win="0" bet="220" muck="1" rebuy="0" addon="0" merge="0" rebuychips="0" reg_code="5058521372"/>
</players>
</general>
<round no="0"><action no="1" player="DD2023" type="1" discard="1" dealt="1" sum="10"/>
<action no="2" player="Rakki" type="2" sum="20"/>
</round>
<round no="1"><cards type="Pocket" player="DD2023">X X</cards>
<cards type="Pocket" player="Rakki">S4 DJ</cards>
<cards type="Pocket" player="Exivezzz2323">X X</cards>
<action no="3" player="Exivezzz2323" type="23" discard="1" dealt="1" sum="40"/>
<action no="4" player="DD2023" type="3" discard="1" dealt="1" sum="30"/>
<action no="5" player="Rakki" type="0" sum="0"/>
</round>
<round no="2"><cards type="Flop">DK D10 C7</cards>
<action no="6" player="DD2023" type="5" discard="1" dealt="1" sum="60"/>
<action no="7" player="Exivezzz2323" type="3" discard="1" dealt="1" sum="60"/>
</round>
<round no="3"><cards type="Turn">H6</cards>
<action no="8" player="DD2023" type="5" discard="1" dealt="1" sum="60"/>
<action no="9" player="Exivezzz2323" type="3" discard="1" dealt="1" sum="60"/>
</round>
<round no="4"><cards type="River">S3</cards>
<action no="10" player="DD2023" type="5" discard="1" dealt="1" sum="60"/>
<action no="11" player="Exivezzz2323" type="23" discard="1" dealt="1" sum="290"/>
<action no="12" player="DD2023" type="0" discard="1" dealt="1" sum="0"/>
</round>
</game>
<game gamecode="6473646040"><general><startdate>2025-09-08 14:56:07</startdate>
<round>1</round>
<failsafecounter/>
<players><player seat="6" name="Exivezzz2323" chips="690" dealer="0" win="0" bet="40" muck="1" rebuy="0" addon="0" merge="0" rebuychips="0" reg_code="5058521156"/>
<player seat="10" name="DD2023" chips="340" dealer="1" win="90" bet="60" muck="1" rebuy="0" addon="0" merge="0" rebuychips="0" reg_code="5058521372"/>
<player seat="3" name="Rakki" chips="470" dealer="0" win="0" bet="10" muck="1" rebuy="0" addon="0" merge="0" rebuychips="0" reg_code="5058521136"/>
</players>
</general>
<round no="0"><action no="1" player="Rakki" type="1" sum="10"/>
<action no="2" player="Exivezzz2323" type="2" discard="1" dealt="1" sum="20"/>
</round>
<round no="1"><cards type="Pocket" player="DD2023">X X</cards>
<cards type="Pocket" player="Exivezzz2323">X X</cards>
<cards type="Pocket" player="Rakki">S8 H9</cards>
<action no="3" player="DD2023" type="23" discard="1" dealt="1" sum="40"/>
<action no="4" player="Rakki" type="0" sum="0"/>
<action no="5" player="Exivezzz2323" type="3" discard="1" dealt="1" sum="20"/>
</round>
<round no="2"><cards type="Flop">H4 C2 DK</cards>
<action no="6" player="Exivezzz2323" type="4" discard="1" dealt="1" sum="0"/>
<action no="7" player="DD2023" type="5" discard="1" dealt="1" sum="20"/>
<action no="8" player="Exivezzz2323" type="0" discard="1" dealt="1" sum="0"/>
</round>
</game>
<game gamecode="6473646088"><general><startdate>2025-09-08 14:56:31</startdate>
<round>1</round>
<failsafecounter/>
<players><player seat="10" name="DD2023" chips="390" dealer="0" win="150" bet="155" muck="1" rebuy="0" addon="0" merge="0" rebuychips="0" reg_code="5058521372"/>
<player seat="3" name="Rakki" chips="460" dealer="1" win="0" bet="65" muck="1" rebuy="0" addon="0" merge="0" rebuychips="0" reg_code="5058521136"/>
<player seat="6" name="Exivezzz2323" chips="650" dealer="0" win="0" bet="20" muck="1" rebuy="0" addon="0" merge="0" rebuychips="0" reg_code="5058521156"/>
</players>
</general>
<round no="0"><action no="1" player="Exivezzz2323" type="15" discard="1" dealt="1" sum="5"/>
<action no="2" player="DD2023" type="15" discard="1" dealt="1" sum="5"/>
<action no="3" player="Rakki" type="15" sum="5"/>
<action no="4" player="Exivezzz2323" type="1" discard="1" dealt="1" sum="15"/>
<action no="5" player="DD2023" type="2" discard="1" dealt="1" sum="30"/>
</round>
<round no="1"><cards type="Pocket" player="Rakki">SQ S7</cards>
<cards type="Pocket" player="Exivezzz2323">X X</cards>
<cards type="Pocket" player="DD2023">X X</cards>
<action no="6" player="Rakki" type="23" sum="60"/>
<action no="7" player="Exivezzz2323" type="0" discard="1" dealt="1" sum="0"/>
<action no="8" player="DD2023" type="3" discard="1" dealt="1" sum="30"/>
</round>
<round no="2"><cards type="Flop">D2 D3 H10</cards>
<action no="9" player="DD2023" type="5" discard="1" dealt="1" sum="90"/>
<action no="10" player="Rakki" type="0" sum="0"/>
</round>
</game>
<game gamecode="6473646132"><general><startdate>2025-09-08 14:56:51</startdate>
<round>1</round>
<failsafecounter/>
<players><player seat="3" name="Rakki" chips="395" dealer="0" win="0" bet="395" muck="0" rebuy="0" addon="0" merge="0" rebuychips="0" reg_code="5058521136"/>
<player seat="6" name="Exivezzz2323" chips="630" dealer="1" win="0" bet="5" muck="1" rebuy="0" addon="0" merge="0" rebuychips="0" reg_code="5058521156"/>
<player seat="10" name="DD2023" chips="475" dealer="0" win="795" bet="475" muck="0" rebuy="0" addon="0" merge="0" rebuychips="0" reg_code="5058521372"/>
</players>
</general>
<round no="0"><action no="1" player="DD2023" type="15" discard="1" dealt="1" sum="5"/>
<action no="2" player="Rakki" type="15" sum="5"/>
<action no="3" player="Exivezzz2323" type="15" discard="1" dealt="1" sum="5"/>
<action no="4" player="DD2023" type="1" discard="1" dealt="1" sum="15"/>
<action no="5" player="Rakki" type="2" sum="30"/>
</round>
<round no="1"><cards type="Pocket" player="Exivezzz2323">X X</cards>
<cards type="Pocket" player="DD2023">D5 D9</cards>
<cards type="Pocket" player="Rakki">CQ DJ</cards>
<action no="6" player="Exivezzz2323" type="0" discard="1" dealt="1" sum="0"/>
<action no="7" player="DD2023" type="3" discard="1" dealt="1" sum="15"/>
<action no="8" player="Rakki" type="23" sum="75"/>
<action no="9" player="DD2023" type="3" discard="1" dealt="1" sum="45"/>
</round>
<round no="2"><cards type="Flop">C3 C5 H10</cards>
<action no="10" player="DD2023" type="5" discard="1" dealt="1" sum="395"/>
<action no="11" player="Rakki" type="7" sum="315"/>
</round>
<round no="3"><cards type="Turn">D10</cards>
</round>
<round no="4"><cards type="River">C8</cards>
</round>
</game>
</session>
