<?xml version="1.0" encoding="UTF-8"?>
<session sessioncode="5059153324">
<general>
<client_version>25.1.1.16</client_version>
<mode>real</mode>
<gametype>Holdem NL</gametype>
<tablename>Twister €200 SNG, 817513845</tablename>
<tournamentcode>817513844</tournamentcode>
<tournamentname>Twister €200 SNG</tournamentname>
<buyin>€0 + €12 + €188</buyin>
<totalbuyin>€200</totalbuyin>
<rewarddrawn>€600</rewarddrawn>
<tournamentcurrency>EUR</tournamentcurrency>
<currency>EUR</currency>
<nickname>Rakki</nickname>
<gamecount>18</gamecount>
<startdate>2025-09-11 15:25:51</startdate>
<place>1</place>
<win>€600</win>
<tablesize>3</tablesize>
</general>
<game gamecode="6476267436"><general><startdate>2025-09-11 15:26:07</startdate>
<round>1</round>
<failsafecounter/>
<players><player seat="3" name="deIduKA" chips="500" dealer="0" win="40" bet="40" muck="1" rebuy="0" addon="0" merge="0" rebuychips="0" reg_code="5059152701"/>
<player seat="6" name="Exivezzz2323" chips="500" dealer="1" win="0" bet="0" muck="1" rebuy="0" addon="0" merge="0" rebuychips="0" reg_code="5059152830"/>
<player seat="10" name="Rakki" chips="500" dealer="0" win="0" bet="20" muck="1" rebuy="0" addon="0" merge="0" rebuychips="0" reg_code="5059153324"/>
</players>
</general>
<round no="0"><action no="1" player="Rakki" type="1" sum="10"/>
<action no="2" player="deIduKA" type="2" discard="1" dealt="1" sum="20"/>
</round>
<round no="1"><cards type="Pocket" player="Rakki">C5 DK</cards>
<cards type="Pocket" player="deIduKA">X X</cards>
<cards type="Pocket" player="Exivezzz2323">X X</cards>
<action no="3" player="Exivezzz2323" type="0" discard="1" dealt="1" sum="0"/>
<action no="4" player="Rakki" type="3" sum="10"/>
<action no="5" player="deIduKA" type="4" discard="1" dealt="1" sum="0"/>
</round>
<round no="2"><cards type="Flop">S6 CQ S10</cards>
<action no="6" player="Rakki" type="4" sum="0"/>
<action no="7" player="deIduKA" type="4" discard="1" dealt="1" sum="0"/>
</round>
<round no="3"><cards type="Turn">H7</cards>
<action no="8" player="Rakki" type="4" sum="0"/>
<action no="9" player="deIduKA" type="5" discard="1" dealt="1" sum="20"/>
<action no="10" player="Rakki" type="0" sum="0"/>
</round>
</game>
<game gamecode="6476267471"><general><startdate>2025-09-11 15:26:38</startdate>
<round>1</round>
<failsafecounter/>
<players><player seat="6" name="Exivezzz2323" chips="500" dealer="0" win="0" bet="20" muck="1" rebuy="0" addon="0" merge="0" rebuychips="0" reg_code="5059152830"/>
<player seat="10" name="Rakki" chips="480" dealer="1" win="0" bet="40" muck="1" rebuy="0" addon="0" merge="0" rebuychips="0" reg_code="5059153324"/>
<player seat="3" name="deIduKA" chips="520" dealer="0" win="100" bet="520" muck="1" rebuy="0" addon="0" merge="0" rebuychips="0" reg_code="5059152701"/>
</players>
</general>
<round no="0"><action no="1" player="deIduKA" type="1" discard="1" dealt="1" sum="10"/>
<action no="2" player="Exivezzz2323" type="2" discard="1" dealt="1" sum="20"/>
</round>
<round no="1"><cards type="Pocket" player="Rakki">SA C7</cards>
<cards type="Pocket" player="Exivezzz2323">X X</cards>
<cards type="Pocket" player="deIduKA">X X</cards>
<action no="3" player="Rakki" type="23" sum="40"/>
<action no="4" player="deIduKA" type="23" discard="1" dealt="1" sum="520"/>
<action no="5" player="Exivezzz2323" type="0" discard="1" dealt="1" sum="0"/>
<action no="6" player="Rakki" type="0" sum="0"/>
</round>
</game>
<game gamecode="6476267489"><general><startdate>2025-09-11 15:26:56</startdate>
<round>1</round>
<failsafecounter/>
<players><player seat="10" name="Rakki" chips="440" dealer="0" win="40" bet="440" muck="1" rebuy="0" addon="0" merge="0" rebuychips="0" reg_code="5059153324"/>
<player seat="3" name="deIduKA" chips="580" dealer="1" win="0" bet="0" muck="1" rebuy="0" addon="0" merge="0" rebuychips="0" reg_code="5059152701"/>
<player seat="6" name="Exivezzz2323" chips="480" dealer="0" win="0" bet="20" muck="1" rebuy="0" addon="0" merge="0" rebuychips="0" reg_code="5059152830"/>
</players>
</general>
<round no="0"><action no="1" player="Exivezzz2323" type="1" discard="1" dealt="1" sum="10"/>
<action no="2" player="Rakki" type="2" sum="20"/>
</round>
<round no="1"><cards type="Pocket" player="Rakki">HA S9</cards>
<cards type="Pocket" player="deIduKA">X X</cards>
<cards type="Pocket" player="Exivezzz2323">X X</cards>
<action no="3" player="deIduKA" type="0" discard="1" dealt="1" sum="0"/>
<action no="4" player="Exivezzz2323" type="3" discard="1" dealt="1" sum="10"/>
<action no="5" player="Rakki" type="23" sum="440"/>
<action no="6" player="Exivezzz2323" type="0" discard="1" dealt="1" sum="0"/>
</round>
</game>
<game gamecode="6476267513"><general><startdate>2025-09-11 15:27:18</startdate>
<round>1</round>
<failsafecounter/>
<players><player seat="3" name="deIduKA" chips="580" dealer="0" win="20" bet="20" muck="1" rebuy="0" addon="0" merge="0" rebuychips="0" reg_code="5059152701"/>
<player seat="6" name="Exivezzz2323" chips="460" dealer="1" win="0" bet="0" muck="1" rebuy="0" addon="0" merge="0" rebuychips="0" reg_code="5059152830"/>
<player seat="10" name="Rakki" chips="460" dealer="0" win="0" bet="10" muck="1" rebuy="0" addon="0" merge="0" rebuychips="0" reg_code="5059153324"/>
</players>
</general>
<round no="0"><action no="1" player="Rakki" type="1" sum="10"/>
<action no="2" player="deIduKA" type="2" discard="1" dealt="1" sum="20"/>
</round>
<round no="1"><cards type="Pocket" player="Exivezzz2323">X X</cards>
<cards type="Pocket" player="deIduKA">X X</cards>
<cards type="Pocket" player="Rakki">D2 C10</cards>
<action no="3" player="Exivezzz2323" type="0" discard="1" dealt="1" sum="0"/>
<action no="4" player="Rakki" type="0" sum="0"/>
</round>
</game>
<game gamecode="6476267525"><general><startdate>2025-09-11 15:27:29</startdate>
<round>1</round>
<failsafecounter/>
<players><player seat="6" name="Exivezzz2323" chips="460" dealer="0" win="0" bet="20" muck="1" rebuy="0" addon="0" merge="0" rebuychips="0" reg_code="5059152830"/>
<player seat="10" name="Rakki" chips="450" dealer="1" win="50" bet="40" muck="1" rebuy="0" addon="0" merge="0" rebuychips="0" reg_code="5059153324"/>
<player seat="3" name="deIduKA" chips="590" dealer="0" win="0" bet="10" muck="1" rebuy="0" addon="0" merge="0" rebuychips="0" reg_code="5059152701"/>
</players>
</general>
<round no="0"><action no="1" player="deIduKA" type="1" discard="1" dealt="1" sum="10"/>
<action no="2" player="Exivezzz2323" type="2" discard="1" dealt="1" sum="20"/>
</round>
<round no="1"><cards type="Pocket" player="Rakki">C10 SJ</cards>
<cards type="Pocket" player="deIduKA">X X</cards>
<cards type="Pocket" player="Exivezzz2323">X X</cards>
<action no="3" player="Rakki" type="23" sum="40"/>
<action no="4" player="deIduKA" type="0" discard="1" dealt="1" sum="0"/>
<action no="5" player="Exivezzz2323" type="0" discard="1" dealt="1" sum="0"/>
</round>
</game>
<game gamecode="6476267548"><general><startdate>2025-09-11 15:27:52</startdate>
<round>1</round>
<failsafecounter/>
<players><player seat="10" name="Rakki" chips="480" dealer="0" win="75" bet="480" muck="1" rebuy="0" addon="0" merge="0" rebuychips="0" reg_code="5059153324"/>
<player seat="3" name="deIduKA" chips="580" dealer="1" win="0" bet="5" muck="1" rebuy="0" addon="0" merge="0" rebuychips="0" reg_code="5059152701"/>
<player seat="6" name="Exivezzz2323" chips="440" dealer="0" win="0" bet="35" muck="1" rebuy="0" addon="0" merge="0" rebuychips="0" reg_code="5059152830"/>
</players>
</general>
<round no="0"><action no="1" player="Exivezzz2323" type="15" discard="1" dealt="1" sum="5"/>
<action no="2" player="Rakki" type="15" sum="5"/>
<action no="3" player="deIduKA" type="15" discard="1" dealt="1" sum="5"/>
<action no="4" player="Exivezzz2323" type="1" discard="1" dealt="1" sum="15"/>
<action no="5" player="Rakki" type="2" sum="30"/>
</round>
<round no="1"><cards type="Pocket" player="Rakki">C6 HA</cards>
<cards type="Pocket" player="deIduKA">X X</cards>
<cards type="Pocket" player="Exivezzz2323">X X</cards>
<action no="6" player="deIduKA" type="0" discard="1" dealt="1" sum="0"/>
<action no="7" player="Exivezzz2323" type="3" discard="1" dealt="1" sum="15"/>
<action no="8" player="Rakki" type="23" sum="475"/>
<action no="9" player="Exivezzz2323" type="0" discard="1" dealt="1" sum="0"/>
</round>
</game>
<game gamecode="6476267573"><general><startdate>2025-09-11 15:28:12</startdate>
<round>1</round>
<failsafecounter/>
<players><player seat="3" name="deIduKA" chips="575" dealer="0" win="45" bet="35" muck="1" rebuy="0" addon="0" merge="0" rebuychips="0" reg_code="5059152701"/>
<player seat="6" name="Exivezzz2323" chips="405" dealer="1" win="0" bet="5" muck="1" rebuy="0" addon="0" merge="0" rebuychips="0" reg_code="5059152830"/>
<player seat="10" name="Rakki" chips="520" dealer="0" win="0" bet="20" muck="1" rebuy="0" addon="0" merge="0" rebuychips="0" reg_code="5059153324"/>
</players>
</general>
<round no="0"><action no="1" player="Rakki" type="15" sum="5"/>
<action no="2" player="deIduKA" type="15" discard="1" dealt="1" sum="5"/>
<action no="3" player="Exivezzz2323" type="15" discard="1" dealt="1" sum="5"/>
<action no="4" player="Rakki" type="1" sum="15"/>
<action no="5" player="deIduKA" type="2" discard="1" dealt="1" sum="30"/>
</round>
<round no="1"><cards type="Pocket" player="Rakki">D6 S8</cards>
<cards type="Pocket" player="deIduKA">X X</cards>
<cards type="Pocket" player="Exivezzz2323">X X</cards>
<action no="6" player="Exivezzz2323" type="0" discard="1" dealt="1" sum="0"/>
<action no="7" player="Rakki" type="0" sum="0"/>
</round>
</game>
<game gamecode="6476267579"><general><startdate>2025-09-11 15:28:18</startdate>
<round>1</round>
<failsafecounter/>
<players><player seat="6" name="Exivezzz2323" chips="400" dealer="0" win="0" bet="400" muck="1" rebuy="0" addon="0" merge="0" rebuychips="0" reg_code="5059152830"/>
<player seat="10" name="Rakki" chips="500" dealer="1" win="820" bet="500" muck="0" rebuy="0" addon="0" merge="0" rebuychips="0" reg_code="5059153324"/>
<player seat="3" name="deIduKA" chips="600" dealer="0" win="0" bet="20" muck="1" rebuy="0" addon="0" merge="0" rebuychips="0" reg_code="5059152701"/>
</players>
</general>
<round no="0"><action no="1" player="deIduKA" type="15" discard="1" dealt="1" sum="5"/>
<action no="2" player="Exivezzz2323" type="15" discard="1" dealt="1" sum="5"/>
<action no="3" player="Rakki" type="15" sum="5"/>
<action no="4" player="deIduKA" type="1" discard="1" dealt="1" sum="15"/>
<action no="5" player="Exivezzz2323" type="2" discard="1" dealt="1" sum="30"/>
</round>
<round no="1"><cards type="Pocket" player="Rakki">D10 DJ</cards>
<cards type="Pocket" player="Exivezzz2323">CQ CK</cards>
<cards type="Pocket" player="deIduKA">X X</cards>
<action no="6" player="Rakki" type="23" sum="495"/>
<action no="7" player="deIduKA" type="0" discard="1" dealt="1" sum="0"/>
<action no="8" player="Exivezzz2323" type="7" discard="1" dealt="1" sum="365"/>
</round>
<round no="2"><cards type="Flop">S8 SQ H5</cards>
</round>
<round no="3"><cards type="Turn">S9</cards>
</round>
<round no="4"><cards type="River">C6</cards>
</round>
</game>
<game gamecode="6476267603"><general><startdate>2025-09-11 15:28:37</startdate>
<round>1</round>
<failsafecounter/>
<players><player seat="10" name="Rakki" chips="920" dealer="0" win="70" bet="105" muck="1" rebuy="0" addon="0" merge="0" rebuychips="0" reg_code="5059153324"/>
<player seat="3" name="deIduKA" chips="580" dealer="1" win="0" bet="35" muck="1" rebuy="0" addon="0" merge="0" rebuychips="0" reg_code="5059152701"/>
</players>
</general>
<round no="0"><action no="1" player="deIduKA" type="15" discard="1" dealt="1" sum="5"/>
<action no="2" player="Rakki" type="15" sum="5"/>
<action no="3" player="deIduKA" type="1" discard="1" dealt="1" sum="15"/>
<action no="4" player="Rakki" type="2" sum="30"/>
</round>
<round no="1"><cards type="Pocket" player="Rakki">D2 SK</cards>
<cards type="Pocket" player="deIduKA">X X</cards>
<action no="5" player="deIduKA" type="3" discard="1" dealt="1" sum="15"/>
<action no="6" player="Rakki" type="4" sum="0"/>
</round>
<round no="2"><cards type="Flop">H5 S5 S9</cards>
<action no="7" player="Rakki" type="4" sum="0"/>
<action no="8" player="deIduKA" type="4" discard="1" dealt="1" sum="0"/>
</round>
<round no="3"><cards type="Turn">CK</cards>
<action no="9" player="Rakki" type="4" sum="0"/>
<action no="10" player="deIduKA" type="4" discard="1" dealt="1" sum="0"/>
</round>
<round no="4"><cards type="River">C3</cards>
<action no="11" player="Rakki" type="5" sum="70"/>
<action no="12" player="deIduKA" type="0" discard="1" dealt="1" sum="0"/>
</round>
</game>
<game gamecode="6476267633"><general><startdate>2025-09-11 15:29:00</startdate>
<round>1</round>
<failsafecounter/>
<players><player seat="3" name="deIduKA" chips="545" dealer="0" win="280" bet="140" muck="0" rebuy="0" addon="0" merge="0" rebuychips="0" reg_code="5059152701"/>
<player seat="10" name="Rakki" chips="955" dealer="1" win="0" bet="140" muck="0" rebuy="0" addon="0" merge="0" rebuychips="0" reg_code="5059153324"/>
</players>
</general>
<round no="0"><action no="1" player="Rakki" type="15" sum="5"/>
<action no="2" player="deIduKA" type="15" discard="1" dealt="1" sum="5"/>
<action no="3" player="Rakki" type="1" sum="15"/>
<action no="4" player="deIduKA" type="2" discard="1" dealt="1" sum="30"/>
</round>
<round no="1"><cards type="Pocket" player="deIduKA">CJ D3</cards>
<cards type="Pocket" player="Rakki">S6 D4</cards>
<action no="5" player="Rakki" type="3" sum="15"/>
<action no="6" player="deIduKA" type="4" discard="1" dealt="1" sum="0"/>
</round>
<round no="2"><cards type="Flop">S2 D2 HA</cards>
<action no="7" player="deIduKA" type="4" discard="1" dealt="1" sum="0"/>
<action no="8" player="Rakki" type="4" sum="0"/>
</round>
<round no="3"><cards type="Turn">CA</cards>
<action no="9" player="deIduKA" type="4" discard="1" dealt="1" sum="0"/>
<action no="10" player="Rakki" type="4" sum="0"/>
</round>
<round no="4"><cards type="River">D10</cards>
<action no="11" player="deIduKA" type="4" discard="1" dealt="1" sum="0"/>
<action no="12" player="Rakki" type="5" sum="105"/>
<action no="13" player="deIduKA" type="3" discard="1" dealt="1" sum="105"/>
</round>
</game>
<game gamecode="6476267681"><general><startdate>2025-09-11 15:29:33</startdate>
<round>1</round>
<failsafecounter/>
<players><player seat="10" name="Rakki" chips="815" dealer="0" win="0" bet="45" muck="1" rebuy="0" addon="0" merge="0" rebuychips="0" reg_code="5059153324"/>
<player seat="3" name="deIduKA" chips="685" dealer="1" win="90" bet="90" muck="1" rebuy="0" addon="0" merge="0" rebuychips="0" reg_code="5059152701"/>
</players>
</general>
<round no="0"><action no="1" player="deIduKA" type="15" discard="1" dealt="1" sum="5"/>
<action no="2" player="Rakki" type="15" sum="5"/>
<action no="3" player="deIduKA" type="1" discard="1" dealt="1" sum="20"/>
<action no="4" player="Rakki" type="2" sum="40"/>
</round>
<round no="1"><cards type="Pocket" player="Rakki">C6 S2</cards>
<cards type="Pocket" player="deIduKA">X X</cards>
<action no="5" player="deIduKA" type="3" discard="1" dealt="1" sum="20"/>
<action no="6" player="Rakki" type="4" sum="0"/>
</round>
<round no="2"><cards type="Flop">C10 SK DJ</cards>
<action no="7" player="Rakki" type="4" sum="0"/>
<action no="8" player="deIduKA" type="4" discard="1" dealt="1" sum="0"/>
</round>
<round no="3"><cards type="Turn">H8</cards>
<action no="9" player="Rakki" type="4" sum="0"/>
<action no="10" player="deIduKA" type="4" discard="1" dealt="1" sum="0"/>
</round>
<round no="4"><cards type="River">H5</cards>
<action no="11" player="Rakki" type="4" sum="0"/>
<action no="12" player="deIduKA" type="5" discard="1" dealt="1" sum="45"/>
<action no="13" player="Rakki" type="0" sum="0"/>
</round>
</game>
<game gamecode="6476267721"><general><startdate>2025-09-11 15:30:02</startdate>
<round>1</round>
<failsafecounter/>
<players><player seat="3" name="deIduKA" chips="730" dealer="0" win="50" bet="45" muck="1" rebuy="0" addon="0" merge="0" rebuychips="0" reg_code="5059152701"/>
<player seat="10" name="Rakki" chips="770" dealer="1" win="0" bet="25" muck="1" rebuy="0" addon="0" merge="0" rebuychips="0" reg_code="5059153324"/>
</players>
</general>
<round no="0"><action no="1" player="Rakki" type="15" sum="5"/>
<action no="2" player="deIduKA" type="15" discard="1" dealt="1" sum="5"/>
<action no="3" player="Rakki" type="1" sum="20"/>
<action no="4" player="deIduKA" type="2" discard="1" dealt="1" sum="40"/>
</round>
<round no="1"><cards type="Pocket" player="Rakki">S3 D8</cards>
<cards type="Pocket" player="deIduKA">X X</cards>
<action no="5" player="Rakki" type="0" sum="0"/>
</round>
</game>
<game gamecode="6476267730"><general><startdate>2025-09-11 15:30:07</startdate>
<round>1</round>
<failsafecounter/>
<players><player seat="10" name="Rakki" chips="745" dealer="0" win="90" bet="245" muck="1" rebuy="0" addon="0" merge="0" rebuychips="0" reg_code="5059153324"/>
<player seat="3" name="deIduKA" chips="755" dealer="1" win="0" bet="45" muck="1" rebuy="0" addon="0" merge="0" rebuychips="0" reg_code="5059152701"/>
</players>
</general>
<round no="0"><action no="1" player="deIduKA" type="15" discard="1" dealt="1" sum="5"/>
<action no="2" player="Rakki" type="15" sum="5"/>
<action no="3" player="deIduKA" type="1" discard="1" dealt="1" sum="20"/>
<action no="4" player="Rakki" type="2" sum="40"/>
</round>
<round no="1"><cards type="Pocket" player="Rakki">D7 C7</cards>
<cards type="Pocket" player="deIduKA">X X</cards>
<action no="5" player="deIduKA" type="3" discard="1" dealt="1" sum="20"/>
<action no="6" player="Rakki" type="23" sum="240"/>
<action no="7" player="deIduKA" type="0" discard="1" dealt="1" sum="0"/>
</round>
</game>
<game gamecode="6476267753"><general><startdate>2025-09-11 15:30:25</startdate>
<round>1</round>
<failsafecounter/>
<players><player seat="3" name="deIduKA" chips="710" dealer="0" win="90" bet="125" muck="1" rebuy="0" addon="0" merge="0" rebuychips="0" reg_code="5059152701"/>
<player seat="10" name="Rakki" chips="790" dealer="1" win="0" bet="45" muck="1" rebuy="0" addon="0" merge="0" rebuychips="0" reg_code="5059153324"/>
</players>
</general>
<round no="0"><action no="1" player="Rakki" type="15" sum="5"/>
<action no="2" player="deIduKA" type="15" discard="1" dealt="1" sum="5"/>
<action no="3" player="Rakki" type="1" sum="20"/>
<action no="4" player="deIduKA" type="2" discard="1" dealt="1" sum="40"/>
</round>
<round no="1"><cards type="Pocket" player="Rakki">HK D3</cards>
<cards type="Pocket" player="deIduKA">X X</cards>
<action no="5" player="Rakki" type="3" sum="20"/>
<action no="6" player="deIduKA" type="23" discard="1" dealt="1" sum="120"/>
<action no="7" player="Rakki" type="0" sum="0"/>
</round>
</game>
<game gamecode="6476267774"><general><startdate>2025-09-11 15:30:37</startdate>
<round>1</round>
<failsafecounter/>
<players><player seat="10" name="Rakki" chips="745" dealer="0" win="90" bet="245" muck="1" rebuy="0" addon="0" merge="0" rebuychips="0" reg_code="5059153324"/>
<player seat="3" name="deIduKA" chips="755" dealer="1" win="0" bet="45" muck="1" rebuy="0" addon="0" merge="0" rebuychips="0" reg_code="5059152701"/>
</players>
</general>
<round no="0"><action no="1" player="deIduKA" type="15" discard="1" dealt="1" sum="5"/>
<action no="2" player="Rakki" type="15" sum="5"/>
<action no="3" player="deIduKA" type="1" discard="1" dealt="1" sum="20"/>
<action no="4" player="Rakki" type="2" sum="40"/>
</round>
<round no="1"><cards type="Pocket" player="deIduKA">X X</cards>
<cards type="Pocket" player="Rakki">HQ DA</cards>
<action no="5" player="deIduKA" type="3" discard="1" dealt="1" sum="20"/>
<action no="6" player="Rakki" type="23" sum="240"/>
<action no="7" player="deIduKA" type="0" discard="1" dealt="1" sum="0"/>
</round>
</game>
<game gamecode="6476267790"><general><startdate>2025-09-11 15:30:49</startdate>
<round>1</round>
<failsafecounter/>
<players><player seat="3" name="deIduKA" chips="710" dealer="0" win="0" bet="45" muck="1" rebuy="0" addon="0" merge="0" rebuychips="0" reg_code="5059152701"/>
<player seat="10" name="Rakki" chips="790" dealer="1" win="90" bet="135" muck="1" rebuy="0" addon="0" merge="0" rebuychips="0" reg_code="5059153324"/>
</players>
</general>
<round no="0"><action no="1" player="Rakki" type="15" sum="5"/>
<action no="2" player="deIduKA" type="15" discard="1" dealt="1" sum="5"/>
<action no="3" player="Rakki" type="1" sum="20"/>
<action no="4" player="deIduKA" type="2" discard="1" dealt="1" sum="40"/>
</round>
<round no="1"><cards type="Pocket" player="Rakki">SJ H10</cards>
<cards type="Pocket" player="deIduKA">X X</cards>
<action no="5" player="Rakki" type="3" sum="20"/>
<action no="6" player="deIduKA" type="4" discard="1" dealt="1" sum="0"/>
</round>
<round no="2"><cards type="Flop">S8 H5 S6</cards>
<action no="7" player="deIduKA" type="4" discard="1" dealt="1" sum="0"/>
<action no="8" player="Rakki" type="4" sum="0"/>
</round>
<round no="3"><cards type="Turn">D10</cards>
<action no="9" player="deIduKA" type="4" discard="1" dealt="1" sum="0"/>
<action no="10" player="Rakki" type="5" sum="90"/>
<action no="11" player="deIduKA" type="0" discard="1" dealt="1" sum="0"/>
</round>
</game>
<game gamecode="6476267825"><general><startdate>2025-09-11 15:31:10</startdate>
<round>1</round>
<failsafecounter/>
<players><player seat="10" name="Rakki" chips="835" dealer="0" win="130" bet="155" muck="1" rebuy="0" addon="0" merge="0" rebuychips="0" reg_code="5059153324"/>
<player seat="3" name="deIduKA" chips="665" dealer="1" win="0" bet="65" muck="1" rebuy="0" addon="0" merge="0" rebuychips="0" reg_code="5059152701"/>
</players>
</general>
<round no="0"><action no="1" player="deIduKA" type="15" discard="1" dealt="1" sum="5"/>
<action no="2" player="Rakki" type="15" sum="5"/>
<action no="3" player="deIduKA" type="1" discard="1" dealt="1" sum="30"/>
<action no="4" player="Rakki" type="2" sum="60"/>
</round>
<round no="1"><cards type="Pocket" player="Rakki">HQ CQ</cards>
<cards type="Pocket" player="deIduKA">X X</cards>
<action no="5" player="deIduKA" type="3" discard="1" dealt="1" sum="30"/>
<action no="6" player="Rakki" type="23" sum="150"/>
<action no="7" player="deIduKA" type="0" discard="1" dealt="1" sum="0"/>
</round>
</game>
<game gamecode="6476267843"><general><startdate>2025-09-11 15:31:19</startdate>
<round>1</round>
<failsafecounter/>
<players><player seat="3" name="deIduKA" chips="600" dealer="0" win="0" bet="600" muck="0" rebuy="0" addon="0" merge="0" rebuychips="0" reg_code="5059152701"/>
<player seat="10" name="Rakki" chips="900" dealer="1" win="1,200" bet="900" muck="0" rebuy="0" addon="0" merge="0" rebuychips="0" reg_code="5059153324"/>
</players>
</general>
<round no="0"><action no="1" player="Rakki" type="15" sum="5"/>
<action no="2" player="deIduKA" type="15" discard="1" dealt="1" sum="5"/>
<action no="3" player="Rakki" type="1" sum="30"/>
<action no="4" player="deIduKA" type="2" discard="1" dealt="1" sum="60"/>
</round>
<round no="1"><cards type="Pocket" player="deIduKA">CA D8</cards>
<cards type="Pocket" player="Rakki">SA D10</cards>
<action no="5" player="Rakki" type="23" sum="895"/>
<action no="6" player="deIduKA" type="7" discard="1" dealt="1" sum="535"/>
</round>
<round no="2"><cards type="Flop">D3 C9 C4</cards>
</round>
<round no="3"><cards type="Turn">SJ</cards>
</round>
<round no="4"><cards type="River">DQ</cards>
</round>
</game>
</session>
