<?xml version="1.0" encoding="UTF-8"?>
<session sessioncode="5059363231">
<general>
<client_version>25.1.1.16</client_version>
<mode>real</mode>
<gametype>Holdem NL</gametype>
<tablename>Twister €200 SNG, 817582895</tablename>
<tournamentcode>817582894</tournamentcode>
<tournamentname>Twister €200 SNG</tournamentname>
<buyin>€0 + €12 + €188</buyin>
<totalbuyin>€200</totalbuyin>
<rewarddrawn>€600</rewarddrawn>
<tournamentcurrency>EUR</tournamentcurrency>
<currency>EUR</currency>
<nickname>Rakki</nickname>
<gamecount>14</gamecount>
<startdate>2025-09-12 15:40:04</startdate>
<place>1</place>
<win>€600</win>
<tablesize>3</tablesize>
</general>
<game gamecode="6477163658"><general><startdate>2025-09-12 15:40:19</startdate>
<round>1</round>
<failsafecounter/>
<players><player seat="10" name="Annachiara17" chips="500" dealer="0" win="0" bet="20" muck="1" rebuy="0" addon="0" merge="0" rebuychips="0" reg_code="5059363933"/>
<player seat="3" name="Rakki" chips="500" dealer="1" win="50" bet="40" muck="1" rebuy="0" addon="0" merge="0" rebuychips="0" reg_code="5059363231"/>
<player seat="6" name="L1mltless" chips="500" dealer="0" win="0" bet="10" muck="1" rebuy="0" addon="0" merge="0" rebuychips="0" reg_code="5059363869"/>
</players>
</general>
<round no="0"><action no="1" player="L1mltless" type="1" discard="1" dealt="1" sum="10"/>
<action no="2" player="Annachiara17" type="2" discard="1" dealt="1" sum="20"/>
</round>
<round no="1"><cards type="Pocket" player="L1mltless">X X</cards>
<cards type="Pocket" player="Rakki">DA S5</cards>
<cards type="Pocket" player="Annachiara17">X X</cards>
<action no="3" player="Rakki" type="23" sum="40"/>
<action no="4" player="L1mltless" type="0" discard="1" dealt="1" sum="0"/>
<action no="5" player="Annachiara17" type="0" discard="1" dealt="1" sum="0"/>
</round>
</game>
<game gamecode="6477163670"><general><startdate>2025-09-12 15:40:29</startdate>
<round>1</round>
<failsafecounter/>
<players><player seat="3" name="Rakki" chips="530" dealer="0" win="148" bet="217" muck="1" rebuy="0" addon="0" merge="0" rebuychips="0" reg_code="5059363231"/>
<player seat="6" name="L1mltless" chips="490" dealer="1" win="0" bet="69" muck="1" rebuy="0" addon="0" merge="0" rebuychips="0" reg_code="5059363869"/>
<player seat="10" name="Annachiara17" chips="480" dealer="0" win="0" bet="10" muck="1" rebuy="0" addon="0" merge="0" rebuychips="0" reg_code="5059363933"/>
</players>
</general>
<round no="0"><action no="1" player="Annachiara17" type="1" discard="1" dealt="1" sum="10"/>
<action no="2" player="Rakki" type="2" sum="20"/>
</round>
<round no="1"><cards type="Pocket" player="Rakki">HK D3</cards>
<cards type="Pocket" player="Annachiara17">X X</cards>
<cards type="Pocket" player="L1mltless">X X</cards>
<action no="3" player="L1mltless" type="23" discard="1" dealt="1" sum="40"/>
<action no="4" player="Annachiara17" type="0" discard="1" dealt="1" sum="0"/>
<action no="5" player="Rakki" type="3" sum="20"/>
</round>
<round no="2"><cards type="Flop">SQ H10 H9</cards>
<action no="6" player="Rakki" type="4" sum="0"/>
<action no="7" player="L1mltless" type="5" discard="1" dealt="1" sum="29"/>
<action no="8" player="Rakki" type="3" sum="29"/>
</round>
<round no="3"><cards type="Turn">C5</cards>
<action no="9" player="Rakki" type="4" sum="0"/>
<action no="10" player="L1mltless" type="4" discard="1" dealt="1" sum="0"/>
</round>
<round no="4"><cards type="River">C7</cards>
<action no="11" player="Rakki" type="5" sum="148"/>
<action no="12" player="L1mltless" type="0" discard="1" dealt="1" sum="0"/>
</round>
</game>
<game gamecode="6477163732"><general><startdate>2025-09-12 15:41:07</startdate>
<round>1</round>
<failsafecounter/>
<players><player seat="6" name="L1mltless" chips="421" dealer="0" win="80" bet="81" muck="1" rebuy="0" addon="0" merge="0" rebuychips="0" reg_code="5059363869"/>
<player seat="10" name="Annachiara17" chips="470" dealer="1" win="0" bet="0" muck="1" rebuy="0" addon="0" merge="0" rebuychips="0" reg_code="5059363933"/>
<player seat="3" name="Rakki" chips="609" dealer="0" win="0" bet="40" muck="1" rebuy="0" addon="0" merge="0" rebuychips="0" reg_code="5059363231"/>
</players>
</general>
<round no="0"><action no="1" player="Rakki" type="1" sum="10"/>
<action no="2" player="L1mltless" type="2" discard="1" dealt="1" sum="20"/>
</round>
<round no="1"><cards type="Pocket" player="L1mltless">X X</cards>
<cards type="Pocket" player="Rakki">C4 DK</cards>
<cards type="Pocket" player="Annachiara17">X X</cards>
<action no="3" player="Annachiara17" type="0" discard="1" dealt="1" sum="0"/>
<action no="4" player="Rakki" type="3" sum="10"/>
<action no="5" player="L1mltless" type="4" discard="1" dealt="1" sum="0"/>
</round>
<round no="2"><cards type="Flop">H2 S9 C2</cards>
<action no="6" player="Rakki" type="4" sum="0"/>
<action no="7" player="L1mltless" type="5" discard="1" dealt="1" sum="20"/>
<action no="8" player="Rakki" type="3" sum="20"/>
</round>
<round no="3"><cards type="Turn">S2</cards>
<action no="9" player="Rakki" type="4" sum="0"/>
<action no="10" player="L1mltless" type="5" discard="1" dealt="1" sum="41"/>
<action no="11" player="Rakki" type="0" sum="0"/>
</round>
</game>
<game gamecode="6477163832"><general><startdate>2025-09-12 15:42:07</startdate>
<round>1</round>
<failsafecounter/>
<players><player seat="10" name="Annachiara17" chips="470" dealer="0" win="0" bet="35" muck="1" rebuy="0" addon="0" merge="0" rebuychips="0" reg_code="5059363933"/>
<player seat="3" name="Rakki" chips="569" dealer="1" win="0" bet="5" muck="1" rebuy="0" addon="0" merge="0" rebuychips="0" reg_code="5059363231"/>
<player seat="6" name="L1mltless" chips="461" dealer="0" win="75" bet="65" muck="1" rebuy="0" addon="0" merge="0" rebuychips="0" reg_code="5059363869"/>
</players>
</general>
<round no="0"><action no="1" player="L1mltless" type="15" discard="1" dealt="1" sum="5"/>
<action no="2" player="Annachiara17" type="15" discard="1" dealt="1" sum="5"/>
<action no="3" player="Rakki" type="15" sum="5"/>
<action no="4" player="L1mltless" type="1" discard="1" dealt="1" sum="15"/>
<action no="5" player="Annachiara17" type="2" discard="1" dealt="1" sum="30"/>
</round>
<round no="1"><cards type="Pocket" player="Rakki">S9 D3</cards>
<cards type="Pocket" player="L1mltless">X X</cards>
<cards type="Pocket" player="Annachiara17">X X</cards>
<action no="6" player="Rakki" type="0" sum="0"/>
<action no="7" player="L1mltless" type="3" discard="1" dealt="1" sum="15"/>
<action no="8" player="Annachiara17" type="4" discard="1" dealt="1" sum="0"/>
</round>
<round no="2"><cards type="Flop">H10 C2 SJ</cards>
<action no="9" player="L1mltless" type="5" discard="1" dealt="1" sum="30"/>
<action no="10" player="Annachiara17" type="0" discard="1" dealt="1" sum="0"/>
</round>
</game>
<game gamecode="6477163872"><general><startdate>2025-09-12 15:42:32</startdate>
<round>1</round>
<failsafecounter/>
<players><player seat="3" name="Rakki" chips="564" dealer="0" win="437" bet="564" muck="0" rebuy="0" addon="0" merge="0" rebuychips="0" reg_code="5059363231"/>
<player seat="6" name="L1mltless" chips="501" dealer="1" win="0" bet="5" muck="1" rebuy="0" addon="0" merge="0" rebuychips="0" reg_code="5059363869"/>
<player seat="10" name="Annachiara17" chips="435" dealer="0" win="438" bet="435" muck="0" rebuy="0" addon="0" merge="0" rebuychips="0" reg_code="5059363933"/>
</players>
</general>
<round no="0"><action no="1" player="Annachiara17" type="15" discard="1" dealt="1" sum="5"/>
<action no="2" player="Rakki" type="15" sum="5"/>
<action no="3" player="L1mltless" type="15" discard="1" dealt="1" sum="5"/>
<action no="4" player="Annachiara17" type="1" discard="1" dealt="1" sum="15"/>
<action no="5" player="Rakki" type="2" sum="30"/>
</round>
<round no="1"><cards type="Pocket" player="Rakki">C6 CA</cards>
<cards type="Pocket" player="L1mltless">X X</cards>
<cards type="Pocket" player="Annachiara17">H7 HA</cards>
<action no="6" player="L1mltless" type="0" discard="1" dealt="1" sum="0"/>
<action no="7" player="Annachiara17" type="3" discard="1" dealt="1" sum="15"/>
<action no="8" player="Rakki" type="23" sum="559"/>
<action no="9" player="Annachiara17" type="7" discard="1" dealt="1" sum="400"/>
</round>
<round no="2"><cards type="Flop">C8 D9 HQ</cards>
</round>
<round no="3"><cards type="Turn">C5</cards>
</round>
<round no="4"><cards type="River">SJ</cards>
</round>
</game>
<game gamecode="6477163911"><general><startdate>2025-09-12 15:42:55</startdate>
<round>1</round>
<failsafecounter/>
<players><player seat="6" name="L1mltless" chips="496" dealer="0" win="0" bet="170" muck="1" rebuy="0" addon="0" merge="0" rebuychips="0" reg_code="5059363869"/>
<player seat="10" name="Annachiara17" chips="438" dealer="1" win="0" bet="5" muck="1" rebuy="0" addon="0" merge="0" rebuychips="0" reg_code="5059363933"/>
<player seat="3" name="Rakki" chips="566" dealer="0" win="345" bet="566" muck="1" rebuy="0" addon="0" merge="0" rebuychips="0" reg_code="5059363231"/>
</players>
</general>
<round no="0"><action no="1" player="Rakki" type="15" sum="5"/>
<action no="2" player="L1mltless" type="15" discard="1" dealt="1" sum="5"/>
<action no="3" player="Annachiara17" type="15" discard="1" dealt="1" sum="5"/>
<action no="4" player="Rakki" type="1" sum="15"/>
<action no="5" player="L1mltless" type="2" discard="1" dealt="1" sum="30"/>
</round>
<round no="1"><cards type="Pocket" player="L1mltless">X X</cards>
<cards type="Pocket" player="Rakki">CK CA</cards>
<cards type="Pocket" player="Annachiara17">X X</cards>
<action no="6" player="Annachiara17" type="0" discard="1" dealt="1" sum="0"/>
<action no="7" player="Rakki" type="3" sum="15"/>
<action no="8" player="L1mltless" type="4" discard="1" dealt="1" sum="0"/>
</round>
<round no="2"><cards type="Flop">HK S4 SK</cards>
<action no="9" player="Rakki" type="5" sum="30"/>
<action no="10" player="L1mltless" type="3" discard="1" dealt="1" sum="30"/>
</round>
<round no="3"><cards type="Turn">D2</cards>
<action no="11" player="Rakki" type="5" sum="105"/>
<action no="12" player="L1mltless" type="3" discard="1" dealt="1" sum="105"/>
</round>
<round no="4"><cards type="River">S3</cards>
<action no="13" player="Rakki" type="5" sum="396"/>
<action no="14" player="L1mltless" type="0" discard="1" dealt="1" sum="0"/>
</round>
</game>
<game gamecode="6477164021"><general><startdate>2025-09-12 15:44:05</startdate>
<round>1</round>
<failsafecounter/>
<players><player seat="10" name="Annachiara17" chips="433" dealer="0" win="0" bet="45" muck="1" rebuy="0" addon="0" merge="0" rebuychips="0" reg_code="5059363933"/>
<player seat="3" name="Rakki" chips="741" dealer="1" win="697" bet="741" muck="0" rebuy="0" addon="0" merge="0" rebuychips="0" reg_code="5059363231"/>
<player seat="6" name="L1mltless" chips="326" dealer="0" win="0" bet="326" muck="1" rebuy="0" addon="0" merge="0" rebuychips="0" reg_code="5059363869"/>
</players>
</general>
<round no="0"><action no="1" player="L1mltless" type="15" discard="1" dealt="1" sum="5"/>
<action no="2" player="Annachiara17" type="15" discard="1" dealt="1" sum="5"/>
<action no="3" player="Rakki" type="15" sum="5"/>
<action no="4" player="L1mltless" type="1" discard="1" dealt="1" sum="20"/>
<action no="5" player="Annachiara17" type="2" discard="1" dealt="1" sum="40"/>
</round>
<round no="1"><cards type="Pocket" player="Annachiara17">X X</cards>
<cards type="Pocket" player="Rakki">D2 S2</cards>
<cards type="Pocket" player="L1mltless">CA D6</cards>
<action no="6" player="Rakki" type="23" sum="736"/>
<action no="7" player="L1mltless" type="7" discard="1" dealt="1" sum="301"/>
<action no="8" player="Annachiara17" type="0" discard="1" dealt="1" sum="0"/>
</round>
<round no="2"><cards type="Flop">DK D4 S7</cards>
</round>
<round no="3"><cards type="Turn">D9</cards>
</round>
<round no="4"><cards type="River">S8</cards>
</round>
</game>
<game gamecode="6477164056"><general><startdate>2025-09-12 15:44:24</startdate>
<round>1</round>
<failsafecounter/>
<players><player seat="3" name="Rakki" chips="1,112" dealer="0" win="90" bet="1,112" muck="1" rebuy="0" addon="0" merge="0" rebuychips="0" reg_code="5059363231"/>
<player seat="10" name="Annachiara17" chips="388" dealer="1" win="0" bet="45" muck="1" rebuy="0" addon="0" merge="0" rebuychips="0" reg_code="5059363933"/>
</players>
</general>
<round no="0"><action no="1" player="Annachiara17" type="15" discard="1" dealt="1" sum="5"/>
<action no="2" player="Rakki" type="15" sum="5"/>
<action no="3" player="Annachiara17" type="1" discard="1" dealt="1" sum="20"/>
<action no="4" player="Rakki" type="2" sum="40"/>
</round>
<round no="1"><cards type="Pocket" player="Annachiara17">X X</cards>
<cards type="Pocket" player="Rakki">C6 CK</cards>
<action no="5" player="Annachiara17" type="3" discard="1" dealt="1" sum="20"/>
<action no="6" player="Rakki" type="23" sum="1,107"/>
<action no="7" player="Annachiara17" type="0" discard="1" dealt="1" sum="0"/>
</round>
</game>
<game gamecode="6477164076"><general><startdate>2025-09-12 15:44:33</startdate>
<round>1</round>
<failsafecounter/>
<players><player seat="10" name="Annachiara17" chips="343" dealer="0" win="686" bet="343" muck="0" rebuy="0" addon="0" merge="0" rebuychips="0" reg_code="5059363933"/>
<player seat="3" name="Rakki" chips="1,157" dealer="1" win="0" bet="1,157" muck="0" rebuy="0" addon="0" merge="0" rebuychips="0" reg_code="5059363231"/>
</players>
</general>
<round no="0"><action no="1" player="Rakki" type="15" sum="5"/>
<action no="2" player="Annachiara17" type="15" discard="1" dealt="1" sum="5"/>
<action no="3" player="Rakki" type="1" sum="20"/>
<action no="4" player="Annachiara17" type="2" discard="1" dealt="1" sum="40"/>
</round>
<round no="1"><cards type="Pocket" player="Annachiara17">HJ DA</cards>
<cards type="Pocket" player="Rakki">CQ D8</cards>
<action no="5" player="Rakki" type="23" sum="1,152"/>
<action no="6" player="Annachiara17" type="7" discard="1" dealt="1" sum="298"/>
</round>
<round no="2"><cards type="Flop">S2 HK D3</cards>
</round>
<round no="3"><cards type="Turn">CJ</cards>
</round>
<round no="4"><cards type="River">D4</cards>
</round>
</game>
<game gamecode="6477164108"><general><startdate>2025-09-12 15:44:50</startdate>
<round>1</round>
<failsafecounter/>
<players><player seat="3" name="Rakki" chips="814" dealer="0" win="50" bet="45" muck="1" rebuy="0" addon="0" merge="0" rebuychips="0" reg_code="5059363231"/>
<player seat="10" name="Annachiara17" chips="686" dealer="1" win="0" bet="25" muck="1" rebuy="0" addon="0" merge="0" rebuychips="0" reg_code="5059363933"/>
</players>
</general>
<round no="0"><action no="1" player="Annachiara17" type="15" discard="1" dealt="1" sum="5"/>
<action no="2" player="Rakki" type="15" sum="5"/>
<action no="3" player="Annachiara17" type="1" discard="1" dealt="1" sum="20"/>
<action no="4" player="Rakki" type="2" sum="40"/>
</round>
<round no="1"><cards type="Pocket" player="Annachiara17">X X</cards>
<cards type="Pocket" player="Rakki">HA H5</cards>
<action no="5" player="Annachiara17" type="0" discard="1" dealt="1" sum="0"/>
</round>
</game>
<game gamecode="6477164120"><general><startdate>2025-09-12 15:44:55</startdate>
<round>1</round>
<failsafecounter/>
<players><player seat="10" name="Annachiara17" chips="661" dealer="0" win="0" bet="45" muck="1" rebuy="0" addon="0" merge="0" rebuychips="0" reg_code="5059363933"/>
<player seat="3" name="Rakki" chips="839" dealer="1" win="90" bet="839" muck="1" rebuy="0" addon="0" merge="0" rebuychips="0" reg_code="5059363231"/>
</players>
</general>
<round no="0"><action no="1" player="Rakki" type="15" sum="5"/>
<action no="2" player="Annachiara17" type="15" discard="1" dealt="1" sum="5"/>
<action no="3" player="Rakki" type="1" sum="20"/>
<action no="4" player="Annachiara17" type="2" discard="1" dealt="1" sum="40"/>
</round>
<round no="1"><cards type="Pocket" player="Annachiara17">X X</cards>
<cards type="Pocket" player="Rakki">DA H6</cards>
<action no="5" player="Rakki" type="23" sum="834"/>
<action no="6" player="Annachiara17" type="0" discard="1" dealt="1" sum="0"/>
</round>
</game>
<game gamecode="6477164133"><general><startdate>2025-09-12 15:45:02</startdate>
<round>1</round>
<failsafecounter/>
<players><player seat="3" name="Rakki" chips="884" dealer="0" win="90" bet="135" muck="1" rebuy="0" addon="0" merge="0" rebuychips="0" reg_code="5059363231"/>
<player seat="10" name="Annachiara17" chips="616" dealer="1" win="0" bet="45" muck="1" rebuy="0" addon="0" merge="0" rebuychips="0" reg_code="5059363933"/>
</players>
</general>
<round no="0"><action no="1" player="Annachiara17" type="15" discard="1" dealt="1" sum="5"/>
<action no="2" player="Rakki" type="15" sum="5"/>
<action no="3" player="Annachiara17" type="1" discard="1" dealt="1" sum="20"/>
<action no="4" player="Rakki" type="2" sum="40"/>
</round>
<round no="1"><cards type="Pocket" player="Annachiara17">X X</cards>
<cards type="Pocket" player="Rakki">D2 H6</cards>
<action no="5" player="Annachiara17" type="3" discard="1" dealt="1" sum="20"/>
<action no="6" player="Rakki" type="4" sum="0"/>
</round>
<round no="2"><cards type="Flop">D7 S4 D3</cards>
<action no="7" player="Rakki" type="4" sum="0"/>
<action no="8" player="Annachiara17" type="4" discard="1" dealt="1" sum="0"/>
</round>
<round no="3"><cards type="Turn">D8</cards>
<action no="9" player="Rakki" type="4" sum="0"/>
<action no="10" player="Annachiara17" type="4" discard="1" dealt="1" sum="0"/>
</round>
<round no="4"><cards type="River">S5</cards>
<action no="11" player="Rakki" type="5" sum="90"/>
<action no="12" player="Annachiara17" type="0" discard="1" dealt="1" sum="0"/>
</round>
</game>
<game gamecode="6477164178"><general><startdate>2025-09-12 15:45:27</startdate>
<round>1</round>
<failsafecounter/>
<players><player seat="10" name="Annachiara17" chips="571" dealer="0" win="0" bet="65" muck="1" rebuy="0" addon="0" merge="0" rebuychips="0" reg_code="5059363933"/>
<player seat="3" name="Rakki" chips="929" dealer="1" win="130" bet="929" muck="1" rebuy="0" addon="0" merge="0" rebuychips="0" reg_code="5059363231"/>
</players>
</general>
<round no="0"><action no="1" player="Rakki" type="15" sum="5"/>
<action no="2" player="Annachiara17" type="15" discard="1" dealt="1" sum="5"/>
<action no="3" player="Rakki" type="1" sum="30"/>
<action no="4" player="Annachiara17" type="2" discard="1" dealt="1" sum="60"/>
</round>
<round no="1"><cards type="Pocket" player="Annachiara17">X X</cards>
<cards type="Pocket" player="Rakki">C5 DA</cards>
<action no="5" player="Rakki" type="23" sum="924"/>
<action no="6" player="Annachiara17" type="0" discard="1" dealt="1" sum="0"/>
</round>
</game>
<game gamecode="6477164193"><general><startdate>2025-09-12 15:45:35</startdate>
<round>1</round>
<failsafecounter/>
<players><player seat="3" name="Rakki" chips="994" dealer="0" win="1,012" bet="994" muck="0" rebuy="0" addon="0" merge="0" rebuychips="0" reg_code="5059363231"/>
<player seat="10" name="Annachiara17" chips="506" dealer="1" win="0" bet="506" muck="1" rebuy="0" addon="0" merge="0" rebuychips="0" reg_code="5059363933"/>
</players>
</general>
<round no="0"><action no="1" player="Annachiara17" type="15" discard="1" dealt="1" sum="5"/>
<action no="2" player="Rakki" type="15" sum="5"/>
<action no="3" player="Annachiara17" type="1" discard="1" dealt="1" sum="30"/>
<action no="4" player="Rakki" type="2" sum="60"/>
</round>
<round no="1"><cards type="Pocket" player="Rakki">DJ C5</cards>
<cards type="Pocket" player="Annachiara17">H3 DA</cards>
<action no="5" player="Annachiara17" type="3" discard="1" dealt="1" sum="30"/>
<action no="6" player="Rakki" type="4" sum="0"/>
</round>
<round no="2"><cards type="Flop">S5 H5 HA</cards>
<action no="7" player="Rakki" type="4" sum="0"/>
<action no="8" player="Annachiara17" type="4" discard="1" dealt="1" sum="0"/>
</round>
<round no="3"><cards type="Turn">D4</cards>
<action no="9" player="Rakki" type="5" sum="93"/>
<action no="10" player="Annachiara17" type="3" discard="1" dealt="1" sum="93"/>
</round>
<round no="4"><cards type="River">D7</cards>
<action no="11" player="Rakki" type="5" sum="836"/>
<action no="12" player="Annachiara17" type="7" discard="1" dealt="1" sum="348"/>
</round>
</game>
</session>
