<?xml version="1.0" encoding="UTF-8"?>
<session sessioncode="5059607276">
<general>
<client_version>25.1.1.16</client_version>
<mode>real</mode>
<gametype>Holdem NL</gametype>
<tablename>Twister €200 SNG, 817661164</tablename>
<tournamentcode>817661163</tournamentcode>
<tournamentname>Twister €200 SNG</tournamentname>
<buyin>€0 + €12 + €188</buyin>
<totalbuyin>€200</totalbuyin>
<rewarddrawn>€600</rewarddrawn>
<tournamentcurrency>EUR</tournamentcurrency>
<currency>EUR</currency>
<nickname>Rakki</nickname>
<gamecount>20</gamecount>
<startdate>2025-09-13 19:24:44</startdate>
<place>1</place>
<win>€600</win>
<tablesize>3</tablesize>
</general>
<game gamecode="6478159961"><general><startdate>2025-09-13 19:24:59</startdate>
<round>1</round>
<failsafecounter/>
<players><player seat="6" name="SuBandiduu" chips="500" dealer="0" win="140" bet="500" muck="1" rebuy="0" addon="0" merge="0" rebuychips="0" reg_code="5059609833"/>
<player seat="10" name="Gr1nd3r1980" chips="500" dealer="1" win="0" bet="20" muck="1" rebuy="0" addon="0" merge="0" rebuychips="0" reg_code="5059610579"/>
<player seat="3" name="Rakki" chips="500" dealer="0" win="0" bet="60" muck="1" rebuy="0" addon="0" merge="0" rebuychips="0" reg_code="5059607276"/>
</players>
</general>
<round no="0"><action no="1" player="Rakki" type="1" sum="10"/>
<action no="2" player="SuBandiduu" type="2" discard="1" dealt="1" sum="20"/>
</round>
<round no="1"><cards type="Pocket" player="Rakki">CQ DK</cards>
<cards type="Pocket" player="SuBandiduu">X X</cards>
<cards type="Pocket" player="Gr1nd3r1980">X X</cards>
<action no="3" player="Gr1nd3r1980" type="3" discard="1" dealt="1" sum="20"/>
<action no="4" player="Rakki" type="23" sum="60"/>
<action no="5" player="SuBandiduu" type="23" discard="1" dealt="1" sum="500"/>
<action no="6" player="Gr1nd3r1980" type="0" discard="1" dealt="1" sum="0"/>
<action no="7" player="Rakki" type="0" sum="0"/>
</round>
</game>
<game gamecode="6478159977"><general><startdate>2025-09-13 19:25:14</startdate>
<round>1</round>
<failsafecounter/>
<players><player seat="10" name="Gr1nd3r1980" chips="480" dealer="0" win="0" bet="20" muck="1" rebuy="0" addon="0" merge="0" rebuychips="0" reg_code="5059610579"/>
<player seat="3" name="Rakki" chips="440" dealer="1" win="0" bet="0" muck="1" rebuy="0" addon="0" merge="0" rebuychips="0" reg_code="5059607276"/>
<player seat="6" name="SuBandiduu" chips="580" dealer="0" win="40" bet="60" muck="1" rebuy="0" addon="0" merge="0" rebuychips="0" reg_code="5059609833"/>
</players>
</general>
<round no="0"><action no="1" player="SuBandiduu" type="1" discard="1" dealt="1" sum="10"/>
<action no="2" player="Gr1nd3r1980" type="2" discard="1" dealt="1" sum="20"/>
</round>
<round no="1"><cards type="Pocket" player="Gr1nd3r1980">X X</cards>
<cards type="Pocket" player="Rakki">C3 D10</cards>
<cards type="Pocket" player="SuBandiduu">X X</cards>
<action no="3" player="Rakki" type="0" sum="0"/>
<action no="4" player="SuBandiduu" type="23" discard="1" dealt="1" sum="60"/>
<action no="5" player="Gr1nd3r1980" type="0" discard="1" dealt="1" sum="0"/>
</round>
</game>
<game gamecode="6478159992"><general><startdate>2025-09-13 19:25:27</startdate>
<round>1</round>
<failsafecounter/>
<players><player seat="3" name="Rakki" chips="440" dealer="0" win="0" bet="20" muck="1" rebuy="0" addon="0" merge="0" rebuychips="0" reg_code="5059607276"/>
<player seat="6" name="SuBandiduu" chips="600" dealer="1" win="0" bet="0" muck="1" rebuy="0" addon="0" merge="0" rebuychips="0" reg_code="5059609833"/>
<player seat="10" name="Gr1nd3r1980" chips="460" dealer="0" win="40" bet="40" muck="1" rebuy="0" addon="0" merge="0" rebuychips="0" reg_code="5059610579"/>
</players>
</general>
<round no="0"><action no="1" player="Gr1nd3r1980" type="1" discard="1" dealt="1" sum="10"/>
<action no="2" player="Rakki" type="2" sum="20"/>
</round>
<round no="1"><cards type="Pocket" player="Gr1nd3r1980">X X</cards>
<cards type="Pocket" player="Rakki">C8 S10</cards>
<cards type="Pocket" player="SuBandiduu">X X</cards>
<action no="3" player="SuBandiduu" type="0" discard="1" dealt="1" sum="0"/>
<action no="4" player="Gr1nd3r1980" type="3" discard="1" dealt="1" sum="10"/>
<action no="5" player="Rakki" type="4" sum="0"/>
</round>
<round no="2"><cards type="Flop">C7 SA S7</cards>
<action no="6" player="Gr1nd3r1980" type="4" discard="1" dealt="1" sum="0"/>
<action no="7" player="Rakki" type="4" sum="0"/>
</round>
<round no="3"><cards type="Turn">H5</cards>
<action no="8" player="Gr1nd3r1980" type="5" discard="1" dealt="1" sum="20"/>
<action no="9" player="Rakki" type="0" sum="0"/>
</round>
</game>
<game gamecode="6478160022"><general><startdate>2025-09-13 19:26:02</startdate>
<round>1</round>
<failsafecounter/>
<players><player seat="6" name="SuBandiduu" chips="600" dealer="0" win="184" bet="87" muck="0" rebuy="0" addon="0" merge="0" rebuychips="0" reg_code="5059609833"/>
<player seat="10" name="Gr1nd3r1980" chips="480" dealer="1" win="0" bet="87" muck="1" rebuy="0" addon="0" merge="0" rebuychips="0" reg_code="5059610579"/>
<player seat="3" name="Rakki" chips="420" dealer="0" win="0" bet="10" muck="1" rebuy="0" addon="0" merge="0" rebuychips="0" reg_code="5059607276"/>
</players>
</general>
<round no="0"><action no="1" player="Rakki" type="1" sum="10"/>
<action no="2" player="SuBandiduu" type="2" discard="1" dealt="1" sum="20"/>
</round>
<round no="1"><cards type="Pocket" player="SuBandiduu">DK D5</cards>
<cards type="Pocket" player="Rakki">D4 H7</cards>
<cards type="Pocket" player="Gr1nd3r1980">SJ CQ</cards>
<action no="3" player="Gr1nd3r1980" type="3" discard="1" dealt="1" sum="20"/>
<action no="4" player="Rakki" type="0" sum="0"/>
<action no="5" player="SuBandiduu" type="4" discard="1" dealt="1" sum="0"/>
</round>
<round no="2"><cards type="Flop">C9 D2 D7</cards>
<action no="6" player="SuBandiduu" type="4" discard="1" dealt="1" sum="0"/>
<action no="7" player="Gr1nd3r1980" type="4" discard="1" dealt="1" sum="0"/>
</round>
<round no="3"><cards type="Turn">CA</cards>
<action no="8" player="SuBandiduu" type="4" discard="1" dealt="1" sum="0"/>
<action no="9" player="Gr1nd3r1980" type="4" discard="1" dealt="1" sum="0"/>
</round>
<round no="4"><cards type="River">S7</cards>
<action no="10" player="SuBandiduu" type="5" discard="1" dealt="1" sum="67"/>
<action no="11" player="Gr1nd3r1980" type="3" discard="1" dealt="1" sum="67"/>
</round>
</game>
<game gamecode="6478160044"><general><startdate>2025-09-13 19:26:31</startdate>
<round>1</round>
<failsafecounter/>
<players><player seat="10" name="Gr1nd3r1980" chips="393" dealer="0" win="0" bet="60" muck="1" rebuy="0" addon="0" merge="0" rebuychips="0" reg_code="5059610579"/>
<player seat="3" name="Rakki" chips="410" dealer="1" win="130" bet="100" muck="1" rebuy="0" addon="0" merge="0" rebuychips="0" reg_code="5059607276"/>
<player seat="6" name="SuBandiduu" chips="697" dealer="0" win="0" bet="10" muck="1" rebuy="0" addon="0" merge="0" rebuychips="0" reg_code="5059609833"/>
</players>
</general>
<round no="0"><action no="1" player="SuBandiduu" type="1" discard="1" dealt="1" sum="10"/>
<action no="2" player="Gr1nd3r1980" type="2" discard="1" dealt="1" sum="20"/>
</round>
<round no="1"><cards type="Pocket" player="Rakki">HA S10</cards>
<cards type="Pocket" player="Gr1nd3r1980">X X</cards>
<cards type="Pocket" player="SuBandiduu">X X</cards>
<action no="3" player="Rakki" type="23" sum="40"/>
<action no="4" player="SuBandiduu" type="0" discard="1" dealt="1" sum="0"/>
<action no="5" player="Gr1nd3r1980" type="3" discard="1" dealt="1" sum="20"/>
</round>
<round no="2"><cards type="Flop">C8 SA S9</cards>
<action no="6" player="Gr1nd3r1980" type="4" discard="1" dealt="1" sum="0"/>
<action no="7" player="Rakki" type="5" sum="20"/>
<action no="8" player="Gr1nd3r1980" type="3" discard="1" dealt="1" sum="20"/>
</round>
<round no="3"><cards type="Turn">SK</cards>
<action no="9" player="Gr1nd3r1980" type="4" discard="1" dealt="1" sum="0"/>
<action no="10" player="Rakki" type="4" sum="0"/>
</round>
<round no="4"><cards type="River">DJ</cards>
<action no="11" player="Gr1nd3r1980" type="4" discard="1" dealt="1" sum="0"/>
<action no="12" player="Rakki" type="5" sum="40"/>
<action no="13" player="Gr1nd3r1980" type="0" discard="1" dealt="1" sum="0"/>
</round>
</game>
<game gamecode="6478160065"><general><startdate>2025-09-13 19:27:01</startdate>
<round>1</round>
<failsafecounter/>
<players><player seat="3" name="Rakki" chips="480" dealer="0" win="45" bet="35" muck="1" rebuy="0" addon="0" merge="0" rebuychips="0" reg_code="5059607276"/>
<player seat="6" name="SuBandiduu" chips="687" dealer="1" win="0" bet="5" muck="1" rebuy="0" addon="0" merge="0" rebuychips="0" reg_code="5059609833"/>
<player seat="10" name="Gr1nd3r1980" chips="333" dealer="0" win="0" bet="20" muck="1" rebuy="0" addon="0" merge="0" rebuychips="0" reg_code="5059610579"/>
</players>
</general>
<round no="0"><action no="1" player="Gr1nd3r1980" type="15" discard="1" dealt="1" sum="5"/>
<action no="2" player="Rakki" type="15" sum="5"/>
<action no="3" player="SuBandiduu" type="15" discard="1" dealt="1" sum="5"/>
<action no="4" player="Gr1nd3r1980" type="1" discard="1" dealt="1" sum="15"/>
<action no="5" player="Rakki" type="2" sum="30"/>
</round>
<round no="1"><cards type="Pocket" player="Gr1nd3r1980">X X</cards>
<cards type="Pocket" player="SuBandiduu">X X</cards>
<cards type="Pocket" player="Rakki">HA DJ</cards>
<action no="6" player="SuBandiduu" type="0" discard="1" dealt="1" sum="0"/>
<action no="7" player="Gr1nd3r1980" type="0" discard="1" dealt="1" sum="0"/>
</round>
</game>
<game gamecode="6478160071"><general><startdate>2025-09-13 19:27:08</startdate>
<round>1</round>
<failsafecounter/>
<players><player seat="6" name="SuBandiduu" chips="682" dealer="0" win="45" bet="35" muck="1" rebuy="0" addon="0" merge="0" rebuychips="0" reg_code="5059609833"/>
<player seat="10" name="Gr1nd3r1980" chips="313" dealer="1" win="0" bet="5" muck="1" rebuy="0" addon="0" merge="0" rebuychips="0" reg_code="5059610579"/>
<player seat="3" name="Rakki" chips="505" dealer="0" win="0" bet="20" muck="1" rebuy="0" addon="0" merge="0" rebuychips="0" reg_code="5059607276"/>
</players>
</general>
<round no="0"><action no="1" player="Rakki" type="15" sum="5"/>
<action no="2" player="SuBandiduu" type="15" discard="1" dealt="1" sum="5"/>
<action no="3" player="Gr1nd3r1980" type="15" discard="1" dealt="1" sum="5"/>
<action no="4" player="Rakki" type="1" sum="15"/>
<action no="5" player="SuBandiduu" type="2" discard="1" dealt="1" sum="30"/>
</round>
<round no="1"><cards type="Pocket" player="Gr1nd3r1980">X X</cards>
<cards type="Pocket" player="SuBandiduu">X X</cards>
<cards type="Pocket" player="Rakki">S2 DJ</cards>
<action no="6" player="Gr1nd3r1980" type="0" discard="1" dealt="1" sum="0"/>
<action no="7" player="Rakki" type="0" sum="0"/>
</round>
</game>
<game gamecode="6478160080"><general><startdate>2025-09-13 19:27:17</startdate>
<round>1</round>
<failsafecounter/>
<players><player seat="10" name="Gr1nd3r1980" chips="308" dealer="0" win="75" bet="35" muck="0" rebuy="0" addon="0" merge="0" rebuychips="0" reg_code="5059610579"/>
<player seat="3" name="Rakki" chips="485" dealer="1" win="0" bet="5" muck="1" rebuy="0" addon="0" merge="0" rebuychips="0" reg_code="5059607276"/>
<player seat="6" name="SuBandiduu" chips="707" dealer="0" win="0" bet="35" muck="1" rebuy="0" addon="0" merge="0" rebuychips="0" reg_code="5059609833"/>
</players>
</general>
<round no="0"><action no="1" player="SuBandiduu" type="15" discard="1" dealt="1" sum="5"/>
<action no="2" player="Gr1nd3r1980" type="15" discard="1" dealt="1" sum="5"/>
<action no="3" player="Rakki" type="15" sum="5"/>
<action no="4" player="SuBandiduu" type="1" discard="1" dealt="1" sum="15"/>
<action no="5" player="Gr1nd3r1980" type="2" discard="1" dealt="1" sum="30"/>
</round>
<round no="1"><cards type="Pocket" player="Gr1nd3r1980">D3 H7</cards>
<cards type="Pocket" player="Rakki">S6 HJ</cards>
<cards type="Pocket" player="SuBandiduu">D5 CQ</cards>
<action no="6" player="Rakki" type="0" sum="0"/>
<action no="7" player="SuBandiduu" type="3" discard="1" dealt="1" sum="15"/>
<action no="8" player="Gr1nd3r1980" type="4" discard="1" dealt="1" sum="0"/>
</round>
<round no="2"><cards type="Flop">S4 SJ C3</cards>
<action no="9" player="SuBandiduu" type="4" discard="1" dealt="1" sum="0"/>
<action no="10" player="Gr1nd3r1980" type="4" discard="1" dealt="1" sum="0"/>
</round>
<round no="3"><cards type="Turn">S8</cards>
<action no="11" player="SuBandiduu" type="4" discard="1" dealt="1" sum="0"/>
<action no="12" player="Gr1nd3r1980" type="4" discard="1" dealt="1" sum="0"/>
</round>
<round no="4"><cards type="River">C6</cards>
<action no="13" player="SuBandiduu" type="4" discard="1" dealt="1" sum="0"/>
<action no="14" player="Gr1nd3r1980" type="4" discard="1" dealt="1" sum="0"/>
</round>
</game>
<game gamecode="6478160095"><general><startdate>2025-09-13 19:27:37</startdate>
<round>1</round>
<failsafecounter/>
<players><player seat="3" name="Rakki" chips="480" dealer="0" win="0" bet="35" muck="1" rebuy="0" addon="0" merge="0" rebuychips="0" reg_code="5059607276"/>
<player seat="6" name="SuBandiduu" chips="672" dealer="1" win="0" bet="672" muck="0" rebuy="0" addon="0" merge="0" rebuychips="0" reg_code="5059609833"/>
<player seat="10" name="Gr1nd3r1980" chips="348" dealer="0" win="731" bet="348" muck="0" rebuy="0" addon="0" merge="0" rebuychips="0" reg_code="5059610579"/>
</players>
</general>
<round no="0"><action no="1" player="Gr1nd3r1980" type="15" discard="1" dealt="1" sum="5"/>
<action no="2" player="Rakki" type="15" sum="5"/>
<action no="3" player="SuBandiduu" type="15" discard="1" dealt="1" sum="5"/>
<action no="4" player="Gr1nd3r1980" type="1" discard="1" dealt="1" sum="15"/>
<action no="5" player="Rakki" type="2" sum="30"/>
</round>
<round no="1"><cards type="Pocket" player="SuBandiduu">C10 DK</cards>
<cards type="Pocket" player="Rakki">H8 HA</cards>
<cards type="Pocket" player="Gr1nd3r1980">CJ SA</cards>
<action no="6" player="SuBandiduu" type="23" discard="1" dealt="1" sum="667"/>
<action no="7" player="Gr1nd3r1980" type="7" discard="1" dealt="1" sum="328"/>
<action no="8" player="Rakki" type="0" sum="0"/>
</round>
<round no="2"><cards type="Flop">HQ H3 D3</cards>
</round>
<round no="3"><cards type="Turn">DQ</cards>
</round>
<round no="4"><cards type="River">C7</cards>
</round>
</game>
<game gamecode="6478160114"><general><startdate>2025-09-13 19:27:59</startdate>
<round>1</round>
<failsafecounter/>
<players><player seat="6" name="SuBandiduu" chips="324" dealer="0" win="90" bet="324" muck="1" rebuy="0" addon="0" merge="0" rebuychips="0" reg_code="5059609833"/>
<player seat="10" name="Gr1nd3r1980" chips="731" dealer="1" win="0" bet="35" muck="1" rebuy="0" addon="0" merge="0" rebuychips="0" reg_code="5059610579"/>
<player seat="3" name="Rakki" chips="445" dealer="0" win="0" bet="20" muck="1" rebuy="0" addon="0" merge="0" rebuychips="0" reg_code="5059607276"/>
</players>
</general>
<round no="0"><action no="1" player="Rakki" type="15" sum="5"/>
<action no="2" player="SuBandiduu" type="15" discard="1" dealt="1" sum="5"/>
<action no="3" player="Gr1nd3r1980" type="15" discard="1" dealt="1" sum="5"/>
<action no="4" player="Rakki" type="1" sum="15"/>
<action no="5" player="SuBandiduu" type="2" discard="1" dealt="1" sum="30"/>
</round>
<round no="1"><cards type="Pocket" player="Rakki">S4 D10</cards>
<cards type="Pocket" player="SuBandiduu">X X</cards>
<cards type="Pocket" player="Gr1nd3r1980">X X</cards>
<action no="6" player="Gr1nd3r1980" type="3" discard="1" dealt="1" sum="30"/>
<action no="7" player="Rakki" type="0" sum="0"/>
<action no="8" player="SuBandiduu" type="23" discard="1" dealt="1" sum="319"/>
<action no="9" player="Gr1nd3r1980" type="0" discard="1" dealt="1" sum="0"/>
</round>
</game>
<game gamecode="6478160125"><general><startdate>2025-09-13 19:28:14</startdate>
<round>1</round>
<failsafecounter/>
<players><player seat="10" name="Gr1nd3r1980" chips="696" dealer="0" win="0" bet="35" muck="1" rebuy="0" addon="0" merge="0" rebuychips="0" reg_code="5059610579"/>
<player seat="3" name="Rakki" chips="425" dealer="1" win="0" bet="5" muck="1" rebuy="0" addon="0" merge="0" rebuychips="0" reg_code="5059607276"/>
<player seat="6" name="SuBandiduu" chips="379" dealer="0" win="75" bet="379" muck="1" rebuy="0" addon="0" merge="0" rebuychips="0" reg_code="5059609833"/>
</players>
</general>
<round no="0"><action no="1" player="SuBandiduu" type="15" discard="1" dealt="1" sum="5"/>
<action no="2" player="Gr1nd3r1980" type="15" discard="1" dealt="1" sum="5"/>
<action no="3" player="Rakki" type="15" sum="5"/>
<action no="4" player="SuBandiduu" type="1" discard="1" dealt="1" sum="15"/>
<action no="5" player="Gr1nd3r1980" type="2" discard="1" dealt="1" sum="30"/>
</round>
<round no="1"><cards type="Pocket" player="Gr1nd3r1980">X X</cards>
<cards type="Pocket" player="SuBandiduu">X X</cards>
<cards type="Pocket" player="Rakki">DQ C2</cards>
<action no="6" player="Rakki" type="0" sum="0"/>
<action no="7" player="SuBandiduu" type="23" discard="1" dealt="1" sum="374"/>
<action no="8" player="Gr1nd3r1980" type="0" discard="1" dealt="1" sum="0"/>
</round>
</game>
<game gamecode="6478160132"><general><startdate>2025-09-13 19:28:25</startdate>
<round>1</round>
<failsafecounter/>
<players><player seat="3" name="Rakki" chips="420" dealer="0" win="845" bet="420" muck="0" rebuy="0" addon="0" merge="0" rebuychips="0" reg_code="5059607276"/>
<player seat="6" name="SuBandiduu" chips="419" dealer="1" win="0" bet="5" muck="1" rebuy="0" addon="0" merge="0" rebuychips="0" reg_code="5059609833"/>
<player seat="10" name="Gr1nd3r1980" chips="661" dealer="0" win="0" bet="420" muck="1" rebuy="0" addon="0" merge="0" rebuychips="0" reg_code="5059610579"/>
</players>
</general>
<round no="0"><action no="1" player="Gr1nd3r1980" type="15" discard="1" dealt="1" sum="5"/>
<action no="2" player="Rakki" type="15" sum="5"/>
<action no="3" player="SuBandiduu" type="15" discard="1" dealt="1" sum="5"/>
<action no="4" player="Gr1nd3r1980" type="1" discard="1" dealt="1" sum="20"/>
<action no="5" player="Rakki" type="2" sum="40"/>
</round>
<round no="1"><cards type="Pocket" player="Rakki">C7 S7</cards>
<cards type="Pocket" player="SuBandiduu">X X</cards>
<cards type="Pocket" player="Gr1nd3r1980">CK C10</cards>
<action no="6" player="SuBandiduu" type="0" discard="1" dealt="1" sum="0"/>
<action no="7" player="Gr1nd3r1980" type="3" discard="1" dealt="1" sum="20"/>
<action no="8" player="Rakki" type="23" sum="415"/>
<action no="9" player="Gr1nd3r1980" type="3" discard="1" dealt="1" sum="375"/>
</round>
<round no="2"><cards type="Flop">D4 H10 H7</cards>
</round>
<round no="3"><cards type="Turn">S5</cards>
</round>
<round no="4"><cards type="River">HK</cards>
</round>
</game>
<game gamecode="6478160145"><general><startdate>2025-09-13 19:28:46</startdate>
<round>1</round>
<failsafecounter/>
<players><player seat="6" name="SuBandiduu" chips="414" dealer="0" win="0" bet="45" muck="1" rebuy="0" addon="0" merge="0" rebuychips="0" reg_code="5059609833"/>
<player seat="10" name="Gr1nd3r1980" chips="241" dealer="1" win="0" bet="5" muck="1" rebuy="0" addon="0" merge="0" rebuychips="0" reg_code="5059610579"/>
<player seat="3" name="Rakki" chips="845" dealer="0" win="95" bet="845" muck="1" rebuy="0" addon="0" merge="0" rebuychips="0" reg_code="5059607276"/>
</players>
</general>
<round no="0"><action no="1" player="Rakki" type="15" sum="5"/>
<action no="2" player="SuBandiduu" type="15" discard="1" dealt="1" sum="5"/>
<action no="3" player="Gr1nd3r1980" type="15" discard="1" dealt="1" sum="5"/>
<action no="4" player="Rakki" type="1" sum="20"/>
<action no="5" player="SuBandiduu" type="2" discard="1" dealt="1" sum="40"/>
</round>
<round no="1"><cards type="Pocket" player="Gr1nd3r1980">X X</cards>
<cards type="Pocket" player="SuBandiduu">X X</cards>
<cards type="Pocket" player="Rakki">D3 H3</cards>
<action no="6" player="Gr1nd3r1980" type="0" discard="1" dealt="1" sum="0"/>
<action no="7" player="Rakki" type="23" sum="840"/>
<action no="8" player="SuBandiduu" type="0" discard="1" dealt="1" sum="0"/>
</round>
</game>
<game gamecode="6478160151"><general><startdate>2025-09-13 19:28:56</startdate>
<round>1</round>
<failsafecounter/>
<players><player seat="10" name="Gr1nd3r1980" chips="236" dealer="0" win="0" bet="236" muck="0" rebuy="0" addon="0" merge="0" rebuychips="0" reg_code="5059610579"/>
<player seat="3" name="Rakki" chips="895" dealer="1" win="0" bet="5" muck="1" rebuy="0" addon="0" merge="0" rebuychips="0" reg_code="5059607276"/>
<player seat="6" name="SuBandiduu" chips="369" dealer="0" win="477" bet="369" muck="0" rebuy="0" addon="0" merge="0" rebuychips="0" reg_code="5059609833"/>
</players>
</general>
<round no="0"><action no="1" player="SuBandiduu" type="15" discard="1" dealt="1" sum="5"/>
<action no="2" player="Gr1nd3r1980" type="15" discard="1" dealt="1" sum="5"/>
<action no="3" player="Rakki" type="15" sum="5"/>
<action no="4" player="SuBandiduu" type="1" discard="1" dealt="1" sum="20"/>
<action no="5" player="Gr1nd3r1980" type="2" discard="1" dealt="1" sum="40"/>
</round>
<round no="1"><cards type="Pocket" player="Gr1nd3r1980">DJ H6</cards>
<cards type="Pocket" player="Rakki">CK S8</cards>
<cards type="Pocket" player="SuBandiduu">S2 HQ</cards>
<action no="6" player="Rakki" type="0" sum="0"/>
<action no="7" player="SuBandiduu" type="23" discard="1" dealt="1" sum="364"/>
<action no="8" player="Gr1nd3r1980" type="7" discard="1" dealt="1" sum="191"/>
</round>
<round no="2"><cards type="Flop">SA HJ S10</cards>
</round>
<round no="3"><cards type="Turn">D7</cards>
</round>
<round no="4"><cards type="River">CQ</cards>
</round>
</game>
<game gamecode="6478160164"><general><startdate>2025-09-13 19:29:13</startdate>
<round>1</round>
<failsafecounter/>
<players><player seat="3" name="Rakki" chips="890" dealer="0" win="90" bet="135" muck="1" rebuy="0" addon="0" merge="0" rebuychips="0" reg_code="5059607276"/>
<player seat="6" name="SuBandiduu" chips="610" dealer="1" win="0" bet="45" muck="1" rebuy="0" addon="0" merge="0" rebuychips="0" reg_code="5059609833"/>
</players>
</general>
<round no="0"><action no="1" player="SuBandiduu" type="15" discard="1" dealt="1" sum="5"/>
<action no="2" player="Rakki" type="15" sum="5"/>
<action no="3" player="SuBandiduu" type="1" discard="1" dealt="1" sum="20"/>
<action no="4" player="Rakki" type="2" sum="40"/>
</round>
<round no="1"><cards type="Pocket" player="Rakki">H9 S6</cards>
<cards type="Pocket" player="SuBandiduu">X X</cards>
<action no="5" player="SuBandiduu" type="3" discard="1" dealt="1" sum="20"/>
<action no="6" player="Rakki" type="4" sum="0"/>
</round>
<round no="2"><cards type="Flop">S3 S7 H6</cards>
<action no="7" player="Rakki" type="4" sum="0"/>
<action no="8" player="SuBandiduu" type="4" discard="1" dealt="1" sum="0"/>
</round>
<round no="3"><cards type="Turn">H10</cards>
<action no="9" player="Rakki" type="4" sum="0"/>
<action no="10" player="SuBandiduu" type="4" discard="1" dealt="1" sum="0"/>
</round>
<round no="4"><cards type="River">H8</cards>
<action no="11" player="Rakki" type="5" sum="90"/>
<action no="12" player="SuBandiduu" type="0" discard="1" dealt="1" sum="0"/>
</round>
</game>
<game gamecode="6478160176"><general><startdate>2025-09-13 19:29:33</startdate>
<round>1</round>
<failsafecounter/>
<players><player seat="6" name="SuBandiduu" chips="565" dealer="0" win="90" bet="565" muck="1" rebuy="0" addon="0" merge="0" rebuychips="0" reg_code="5059609833"/>
<player seat="3" name="Rakki" chips="935" dealer="1" win="0" bet="45" muck="1" rebuy="0" addon="0" merge="0" rebuychips="0" reg_code="5059607276"/>
</players>
</general>
<round no="0"><action no="1" player="Rakki" type="15" sum="5"/>
<action no="2" player="SuBandiduu" type="15" discard="1" dealt="1" sum="5"/>
<action no="3" player="Rakki" type="1" sum="20"/>
<action no="4" player="SuBandiduu" type="2" discard="1" dealt="1" sum="40"/>
</round>
<round no="1"><cards type="Pocket" player="Rakki">HK D4</cards>
<cards type="Pocket" player="SuBandiduu">X X</cards>
<action no="5" player="Rakki" type="3" sum="20"/>
<action no="6" player="SuBandiduu" type="23" discard="1" dealt="1" sum="560"/>
<action no="7" player="Rakki" type="0" sum="0"/>
</round>
</game>
<game gamecode="6478160185"><general><startdate>2025-09-13 19:29:45</startdate>
<round>1</round>
<failsafecounter/>
<players><player seat="3" name="Rakki" chips="890" dealer="0" win="0" bet="45" muck="1" rebuy="0" addon="0" merge="0" rebuychips="0" reg_code="5059607276"/>
<player seat="6" name="SuBandiduu" chips="610" dealer="1" win="90" bet="90" muck="1" rebuy="0" addon="0" merge="0" rebuychips="0" reg_code="5059609833"/>
</players>
</general>
<round no="0"><action no="1" player="SuBandiduu" type="15" discard="1" dealt="1" sum="5"/>
<action no="2" player="Rakki" type="15" sum="5"/>
<action no="3" player="SuBandiduu" type="1" discard="1" dealt="1" sum="20"/>
<action no="4" player="Rakki" type="2" sum="40"/>
</round>
<round no="1"><cards type="Pocket" player="Rakki">H7 C6</cards>
<cards type="Pocket" player="SuBandiduu">X X</cards>
<action no="5" player="SuBandiduu" type="3" discard="1" dealt="1" sum="20"/>
<action no="6" player="Rakki" type="4" sum="0"/>
</round>
<round no="2"><cards type="Flop">CJ H2 C4</cards>
<action no="7" player="Rakki" type="4" sum="0"/>
<action no="8" player="SuBandiduu" type="5" discard="1" dealt="1" sum="45"/>
<action no="9" player="Rakki" type="0" sum="0"/>
</round>
</game>
<game gamecode="6478160193"><general><startdate>2025-09-13 19:29:59</startdate>
<round>1</round>
<failsafecounter/>
<players><player seat="6" name="SuBandiduu" chips="655" dealer="0" win="130" bet="155" muck="1" rebuy="0" addon="0" merge="0" rebuychips="0" reg_code="5059609833"/>
<player seat="3" name="Rakki" chips="845" dealer="1" win="0" bet="65" muck="1" rebuy="0" addon="0" merge="0" rebuychips="0" reg_code="5059607276"/>
</players>
</general>
<round no="0"><action no="1" player="Rakki" type="15" sum="5"/>
<action no="2" player="SuBandiduu" type="15" discard="1" dealt="1" sum="5"/>
<action no="3" player="Rakki" type="1" sum="30"/>
<action no="4" player="SuBandiduu" type="2" discard="1" dealt="1" sum="60"/>
</round>
<round no="1"><cards type="Pocket" player="SuBandiduu">X X</cards>
<cards type="Pocket" player="Rakki">C3 D7</cards>
<action no="5" player="Rakki" type="3" sum="30"/>
<action no="6" player="SuBandiduu" type="23" discard="1" dealt="1" sum="150"/>
<action no="7" player="Rakki" type="0" sum="0"/>
</round>
</game>
<game gamecode="6478160200"><general><startdate>2025-09-13 19:30:09</startdate>
<round>1</round>
<failsafecounter/>
<players><player seat="3" name="Rakki" chips="780" dealer="0" win="130" bet="245" muck="1" rebuy="0" addon="0" merge="0" rebuychips="0" reg_code="5059607276"/>
<player seat="6" name="SuBandiduu" chips="720" dealer="1" win="0" bet="65" muck="1" rebuy="0" addon="0" merge="0" rebuychips="0" reg_code="5059609833"/>
</players>
</general>
<round no="0"><action no="1" player="SuBandiduu" type="15" discard="1" dealt="1" sum="5"/>
<action no="2" player="Rakki" type="15" sum="5"/>
<action no="3" player="SuBandiduu" type="1" discard="1" dealt="1" sum="30"/>
<action no="4" player="Rakki" type="2" sum="60"/>
</round>
<round no="1"><cards type="Pocket" player="Rakki">D4 HQ</cards>
<cards type="Pocket" player="SuBandiduu">X X</cards>
<action no="5" player="SuBandiduu" type="3" discard="1" dealt="1" sum="30"/>
<action no="6" player="Rakki" type="4" sum="0"/>
</round>
<round no="2"><cards type="Flop">S10 CQ D8</cards>
<action no="7" player="Rakki" type="4" sum="0"/>
<action no="8" player="SuBandiduu" type="4" discard="1" dealt="1" sum="0"/>
</round>
<round no="3"><cards type="Turn">D7</cards>
<action no="9" player="Rakki" type="5" sum="180"/>
<action no="10" player="SuBandiduu" type="0" discard="1" dealt="1" sum="0"/>
</round>
</game>
<game gamecode="6478171634"><general><startdate>2025-09-13 19:30:27</startdate>
<round>1</round>
<failsafecounter/>
<players><player seat="6" name="SuBandiduu" chips="655" dealer="0" win="0" bet="655" muck="1" rebuy="0" addon="0" merge="0" rebuychips="0" reg_code="5059609833"/>
<player seat="3" name="Rakki" chips="845" dealer="1" win="1,310" bet="845" muck="0" rebuy="0" addon="0" merge="0" rebuychips="0" reg_code="5059607276"/>
</players>
</general>
<round no="0"><action no="1" player="Rakki" type="15" sum="5"/>
<action no="2" player="SuBandiduu" type="15" discard="1" dealt="1" sum="5"/>
<action no="3" player="Rakki" type="1" sum="30"/>
<action no="4" player="SuBandiduu" type="2" discard="1" dealt="1" sum="60"/>
</round>
<round no="1"><cards type="Pocket" player="SuBandiduu">DJ HA</cards>
<cards type="Pocket" player="Rakki">CK H10</cards>
<action no="5" player="Rakki" type="23" sum="840"/>
<action no="6" player="SuBandiduu" type="7" discard="1" dealt="1" sum="590"/>
</round>
<round no="2"><cards type="Flop">S8 HK D6</cards>
</round>
<round no="3"><cards type="Turn">H6</cards>
</round>
<round no="4"><cards type="River">S7</cards>
</round>
</game>
</session>
