<?xml version="1.0" encoding="UTF-8"?>
<session sessioncode="5059165801">
<general>
<client_version>25.1.1.16</client_version>
<mode>real</mode>
<gametype>Holdem NL</gametype>
<tablename>Twister €200 SNG, 817518596</tablename>
<tournamentcode>817518595</tournamentcode>
<tournamentname>Twister €200 SNG</tournamentname>
<buyin>€0 + €12 + €188</buyin>
<totalbuyin>€200</totalbuyin>
<rewarddrawn>€800</rewarddrawn>
<tournamentcurrency>EUR</tournamentcurrency>
<currency>EUR</currency>
<nickname>Rakki</nickname>
<gamecount>27</gamecount>
<startdate>2025-09-11 16:35:44</startdate>
<place>2</place>
<win>€0</win>
<tablesize>3</tablesize>
</general>
<game gamecode="6476322518"><general><startdate>2025-09-11 16:35:59</startdate>
<round>1</round>
<failsafecounter/>
<players><player seat="6" name="ilCapo6" chips="500" dealer="0" win="20" bet="20" muck="1" rebuy="0" addon="0" merge="0" rebuychips="0" reg_code="5059165812"/>
<player seat="10" name="mocciolocaldo" chips="500" dealer="1" win="0" bet="0" muck="1" rebuy="0" addon="0" merge="0" rebuychips="0" reg_code="5059165878"/>
<player seat="3" name="Rakki" chips="500" dealer="0" win="0" bet="10" muck="1" rebuy="0" addon="0" merge="0" rebuychips="0" reg_code="5059165801"/>
</players>
</general>
<round no="0"><action no="1" player="Rakki" type="1" sum="10"/>
<action no="2" player="ilCapo6" type="2" discard="1" dealt="1" sum="20"/>
</round>
<round no="1"><cards type="Pocket" player="mocciolocaldo">X X</cards>
<cards type="Pocket" player="Rakki">C2 H10</cards>
<cards type="Pocket" player="ilCapo6">X X</cards>
<action no="3" player="mocciolocaldo" type="0" discard="1" dealt="1" sum="0"/>
<action no="4" player="Rakki" type="0" sum="0"/>
</round>
</game>
<game gamecode="6476322535"><general><startdate>2025-09-11 16:36:06</startdate>
<round>1</round>
<failsafecounter/>
<players><player seat="10" name="mocciolocaldo" chips="500" dealer="0" win="0" bet="20" muck="1" rebuy="0" addon="0" merge="0" rebuychips="0" reg_code="5059165878"/>
<player seat="3" name="Rakki" chips="490" dealer="1" win="0" bet="40" muck="1" rebuy="0" addon="0" merge="0" rebuychips="0" reg_code="5059165801"/>
<player seat="6" name="ilCapo6" chips="510" dealer="0" win="100" bet="510" muck="1" rebuy="0" addon="0" merge="0" rebuychips="0" reg_code="5059165812"/>
</players>
</general>
<round no="0"><action no="1" player="ilCapo6" type="1" discard="1" dealt="1" sum="10"/>
<action no="2" player="mocciolocaldo" type="2" discard="1" dealt="1" sum="20"/>
</round>
<round no="1"><cards type="Pocket" player="ilCapo6">X X</cards>
<cards type="Pocket" player="mocciolocaldo">X X</cards>
<cards type="Pocket" player="Rakki">S5 HA</cards>
<action no="3" player="Rakki" type="23" sum="40"/>
<action no="4" player="ilCapo6" type="23" discard="1" dealt="1" sum="510"/>
<action no="5" player="mocciolocaldo" type="0" discard="1" dealt="1" sum="0"/>
<action no="6" player="Rakki" type="0" sum="0"/>
</round>
</game>
<game gamecode="6476322565"><general><startdate>2025-09-11 16:36:22</startdate>
<round>1</round>
<failsafecounter/>
<players><player seat="3" name="Rakki" chips="450" dealer="0" win="0" bet="20" muck="1" rebuy="0" addon="0" merge="0" rebuychips="0" reg_code="5059165801"/>
<player seat="6" name="ilCapo6" chips="570" dealer="1" win="0" bet="40" muck="1" rebuy="0" addon="0" merge="0" rebuychips="0" reg_code="5059165812"/>
<player seat="10" name="mocciolocaldo" chips="480" dealer="0" win="100" bet="480" muck="1" rebuy="0" addon="0" merge="0" rebuychips="0" reg_code="5059165878"/>
</players>
</general>
<round no="0"><action no="1" player="mocciolocaldo" type="1" discard="1" dealt="1" sum="10"/>
<action no="2" player="Rakki" type="2" sum="20"/>
</round>
<round no="1"><cards type="Pocket" player="mocciolocaldo">X X</cards>
<cards type="Pocket" player="ilCapo6">X X</cards>
<cards type="Pocket" player="Rakki">C6 D8</cards>
<action no="3" player="ilCapo6" type="23" discard="1" dealt="1" sum="40"/>
<action no="4" player="mocciolocaldo" type="23" discard="1" dealt="1" sum="480"/>
<action no="5" player="Rakki" type="0" sum="0"/>
<action no="6" player="ilCapo6" type="0" discard="1" dealt="1" sum="0"/>
</round>
</game>
<game gamecode="6476322586"><general><startdate>2025-09-11 16:36:36</startdate>
<round>1</round>
<failsafecounter/>
<players><player seat="6" name="ilCapo6" chips="530" dealer="0" win="0" bet="40" muck="1" rebuy="0" addon="0" merge="0" rebuychips="0" reg_code="5059165812"/>
<player seat="10" name="mocciolocaldo" chips="540" dealer="1" win="90" bet="60" muck="1" rebuy="0" addon="0" merge="0" rebuychips="0" reg_code="5059165878"/>
<player seat="3" name="Rakki" chips="430" dealer="0" win="0" bet="10" muck="1" rebuy="0" addon="0" merge="0" rebuychips="0" reg_code="5059165801"/>
</players>
</general>
<round no="0"><action no="1" player="Rakki" type="1" sum="10"/>
<action no="2" player="ilCapo6" type="2" discard="1" dealt="1" sum="20"/>
</round>
<round no="1"><cards type="Pocket" player="mocciolocaldo">X X</cards>
<cards type="Pocket" player="Rakki">D7 S9</cards>
<cards type="Pocket" player="ilCapo6">X X</cards>
<action no="3" player="mocciolocaldo" type="23" discard="1" dealt="1" sum="40"/>
<action no="4" player="Rakki" type="0" sum="0"/>
<action no="5" player="ilCapo6" type="3" discard="1" dealt="1" sum="20"/>
</round>
<round no="2"><cards type="Flop">D5 HQ D4</cards>
<action no="6" player="ilCapo6" type="4" discard="1" dealt="1" sum="0"/>
<action no="7" player="mocciolocaldo" type="5" discard="1" dealt="1" sum="20"/>
<action no="8" player="ilCapo6" type="0" discard="1" dealt="1" sum="0"/>
</round>
</game>
<game gamecode="6476322629"><general><startdate>2025-09-11 16:37:01</startdate>
<round>1</round>
<failsafecounter/>
<players><player seat="10" name="mocciolocaldo" chips="590" dealer="0" win="0" bet="20" muck="1" rebuy="0" addon="0" merge="0" rebuychips="0" reg_code="5059165878"/>
<player seat="3" name="Rakki" chips="420" dealer="1" win="0" bet="0" muck="1" rebuy="0" addon="0" merge="0" rebuychips="0" reg_code="5059165801"/>
<player seat="6" name="ilCapo6" chips="490" dealer="0" win="40" bet="60" muck="1" rebuy="0" addon="0" merge="0" rebuychips="0" reg_code="5059165812"/>
</players>
</general>
<round no="0"><action no="1" player="ilCapo6" type="1" discard="1" dealt="1" sum="10"/>
<action no="2" player="mocciolocaldo" type="2" discard="1" dealt="1" sum="20"/>
</round>
<round no="1"><cards type="Pocket" player="ilCapo6">X X</cards>
<cards type="Pocket" player="Rakki">C6 H2</cards>
<cards type="Pocket" player="mocciolocaldo">X X</cards>
<action no="3" player="Rakki" type="0" sum="0"/>
<action no="4" player="ilCapo6" type="23" discard="1" dealt="1" sum="60"/>
<action no="5" player="mocciolocaldo" type="0" discard="1" dealt="1" sum="0"/>
</round>
</game>
<game gamecode="6476322673"><general><startdate>2025-09-11 16:37:27</startdate>
<round>1</round>
<failsafecounter/>
<players><player seat="3" name="Rakki" chips="420" dealer="0" win="0" bet="20" muck="1" rebuy="0" addon="0" merge="0" rebuychips="0" reg_code="5059165801"/>
<player seat="6" name="ilCapo6" chips="510" dealer="1" win="50" bet="40" muck="1" rebuy="0" addon="0" merge="0" rebuychips="0" reg_code="5059165812"/>
<player seat="10" name="mocciolocaldo" chips="570" dealer="0" win="0" bet="10" muck="1" rebuy="0" addon="0" merge="0" rebuychips="0" reg_code="5059165878"/>
</players>
</general>
<round no="0"><action no="1" player="mocciolocaldo" type="1" discard="1" dealt="1" sum="10"/>
<action no="2" player="Rakki" type="2" sum="20"/>
</round>
<round no="1"><cards type="Pocket" player="ilCapo6">X X</cards>
<cards type="Pocket" player="Rakki">H2 C3</cards>
<cards type="Pocket" player="mocciolocaldo">X X</cards>
<action no="3" player="ilCapo6" type="23" discard="1" dealt="1" sum="40"/>
<action no="4" player="mocciolocaldo" type="0" discard="1" dealt="1" sum="0"/>
<action no="5" player="Rakki" type="0" sum="0"/>
</round>
</game>
<game gamecode="6476322698"><general><startdate>2025-09-11 16:37:40</startdate>
<round>1</round>
<failsafecounter/>
<players><player seat="6" name="ilCapo6" chips="540" dealer="0" win="0" bet="20" muck="1" rebuy="0" addon="0" merge="0" rebuychips="0" reg_code="5059165812"/>
<player seat="10" name="mocciolocaldo" chips="560" dealer="1" win="50" bet="40" muck="1" rebuy="0" addon="0" merge="0" rebuychips="0" reg_code="5059165878"/>
<player seat="3" name="Rakki" chips="400" dealer="0" win="0" bet="10" muck="1" rebuy="0" addon="0" merge="0" rebuychips="0" reg_code="5059165801"/>
</players>
</general>
<round no="0"><action no="1" player="Rakki" type="1" sum="10"/>
<action no="2" player="ilCapo6" type="2" discard="1" dealt="1" sum="20"/>
</round>
<round no="1"><cards type="Pocket" player="ilCapo6">X X</cards>
<cards type="Pocket" player="mocciolocaldo">X X</cards>
<cards type="Pocket" player="Rakki">D5 H6</cards>
<action no="3" player="mocciolocaldo" type="23" discard="1" dealt="1" sum="40"/>
<action no="4" player="Rakki" type="0" sum="0"/>
<action no="5" player="ilCapo6" type="0" discard="1" dealt="1" sum="0"/>
</round>
</game>
<game gamecode="6476322716"><general><startdate>2025-09-11 16:37:53</startdate>
<round>1</round>
<failsafecounter/>
<players><player seat="10" name="mocciolocaldo" chips="590" dealer="0" win="0" bet="20" muck="1" rebuy="0" addon="0" merge="0" rebuychips="0" reg_code="5059165878"/>
<player seat="3" name="Rakki" chips="390" dealer="1" win="50" bet="40" muck="1" rebuy="0" addon="0" merge="0" rebuychips="0" reg_code="5059165801"/>
<player seat="6" name="ilCapo6" chips="520" dealer="0" win="0" bet="10" muck="1" rebuy="0" addon="0" merge="0" rebuychips="0" reg_code="5059165812"/>
</players>
</general>
<round no="0"><action no="1" player="ilCapo6" type="1" discard="1" dealt="1" sum="10"/>
<action no="2" player="mocciolocaldo" type="2" discard="1" dealt="1" sum="20"/>
</round>
<round no="1"><cards type="Pocket" player="ilCapo6">X X</cards>
<cards type="Pocket" player="Rakki">H10 CJ</cards>
<cards type="Pocket" player="mocciolocaldo">X X</cards>
<action no="3" player="Rakki" type="23" sum="40"/>
<action no="4" player="ilCapo6" type="0" discard="1" dealt="1" sum="0"/>
<action no="5" player="mocciolocaldo" type="0" discard="1" dealt="1" sum="0"/>
</round>
</game>
<game gamecode="6476322740"><general><startdate>2025-09-11 16:38:07</startdate>
<round>1</round>
<failsafecounter/>
<players><player seat="3" name="Rakki" chips="420" dealer="0" win="45" bet="35" muck="1" rebuy="0" addon="0" merge="0" rebuychips="0" reg_code="5059165801"/>
<player seat="6" name="ilCapo6" chips="510" dealer="1" win="0" bet="5" muck="1" rebuy="0" addon="0" merge="0" rebuychips="0" reg_code="5059165812"/>
<player seat="10" name="mocciolocaldo" chips="570" dealer="0" win="0" bet="20" muck="1" rebuy="0" addon="0" merge="0" rebuychips="0" reg_code="5059165878"/>
</players>
</general>
<round no="0"><action no="1" player="mocciolocaldo" type="15" discard="1" dealt="1" sum="5"/>
<action no="2" player="Rakki" type="15" sum="5"/>
<action no="3" player="ilCapo6" type="15" discard="1" dealt="1" sum="5"/>
<action no="4" player="mocciolocaldo" type="1" discard="1" dealt="1" sum="15"/>
<action no="5" player="Rakki" type="2" sum="30"/>
</round>
<round no="1"><cards type="Pocket" player="ilCapo6">X X</cards>
<cards type="Pocket" player="Rakki">H7 C9</cards>
<cards type="Pocket" player="mocciolocaldo">X X</cards>
<action no="6" player="ilCapo6" type="0" discard="1" dealt="1" sum="0"/>
<action no="7" player="mocciolocaldo" type="0" discard="1" dealt="1" sum="0"/>
</round>
</game>
<game gamecode="6476322759"><general><startdate>2025-09-11 16:38:18</startdate>
<round>1</round>
<failsafecounter/>
<players><player seat="6" name="ilCapo6" chips="505" dealer="0" win="0" bet="35" muck="1" rebuy="0" addon="0" merge="0" rebuychips="0" reg_code="5059165812"/>
<player seat="10" name="mocciolocaldo" chips="550" dealer="1" win="0" bet="5" muck="1" rebuy="0" addon="0" merge="0" rebuychips="0" reg_code="5059165878"/>
<player seat="3" name="Rakki" chips="445" dealer="0" win="75" bet="445" muck="1" rebuy="0" addon="0" merge="0" rebuychips="0" reg_code="5059165801"/>
</players>
</general>
<round no="0"><action no="1" player="Rakki" type="15" sum="5"/>
<action no="2" player="ilCapo6" type="15" discard="1" dealt="1" sum="5"/>
<action no="3" player="mocciolocaldo" type="15" discard="1" dealt="1" sum="5"/>
<action no="4" player="Rakki" type="1" sum="15"/>
<action no="5" player="ilCapo6" type="2" discard="1" dealt="1" sum="30"/>
</round>
<round no="1"><cards type="Pocket" player="mocciolocaldo">X X</cards>
<cards type="Pocket" player="ilCapo6">X X</cards>
<cards type="Pocket" player="Rakki">S10 HA</cards>
<action no="6" player="mocciolocaldo" type="0" discard="1" dealt="1" sum="0"/>
<action no="7" player="Rakki" type="23" sum="440"/>
<action no="8" player="ilCapo6" type="0" discard="1" dealt="1" sum="0"/>
</round>
</game>
<game gamecode="6476322793"><general><startdate>2025-09-11 16:38:39</startdate>
<round>1</round>
<failsafecounter/>
<players><player seat="10" name="mocciolocaldo" chips="545" dealer="0" win="45" bet="35" muck="1" rebuy="0" addon="0" merge="0" rebuychips="0" reg_code="5059165878"/>
<player seat="3" name="Rakki" chips="485" dealer="1" win="0" bet="5" muck="1" rebuy="0" addon="0" merge="0" rebuychips="0" reg_code="5059165801"/>
<player seat="6" name="ilCapo6" chips="470" dealer="0" win="0" bet="20" muck="1" rebuy="0" addon="0" merge="0" rebuychips="0" reg_code="5059165812"/>
</players>
</general>
<round no="0"><action no="1" player="ilCapo6" type="15" discard="1" dealt="1" sum="5"/>
<action no="2" player="mocciolocaldo" type="15" discard="1" dealt="1" sum="5"/>
<action no="3" player="Rakki" type="15" sum="5"/>
<action no="4" player="ilCapo6" type="1" discard="1" dealt="1" sum="15"/>
<action no="5" player="mocciolocaldo" type="2" discard="1" dealt="1" sum="30"/>
</round>
<round no="1"><cards type="Pocket" player="Rakki">HJ H4</cards>
<cards type="Pocket" player="mocciolocaldo">X X</cards>
<cards type="Pocket" player="ilCapo6">X X</cards>
<action no="6" player="Rakki" type="0" sum="0"/>
<action no="7" player="ilCapo6" type="0" discard="1" dealt="1" sum="0"/>
</round>
</game>
<game gamecode="6476322810"><general><startdate>2025-09-11 16:38:46</startdate>
<round>1</round>
<failsafecounter/>
<players><player seat="3" name="Rakki" chips="480" dealer="0" win="0" bet="35" muck="1" rebuy="0" addon="0" merge="0" rebuychips="0" reg_code="5059165801"/>
<player seat="6" name="ilCapo6" chips="450" dealer="1" win="90" bet="450" muck="1" rebuy="0" addon="0" merge="0" rebuychips="0" reg_code="5059165812"/>
<player seat="10" name="mocciolocaldo" chips="570" dealer="0" win="0" bet="20" muck="1" rebuy="0" addon="0" merge="0" rebuychips="0" reg_code="5059165878"/>
</players>
</general>
<round no="0"><action no="1" player="mocciolocaldo" type="15" discard="1" dealt="1" sum="5"/>
<action no="2" player="Rakki" type="15" sum="5"/>
<action no="3" player="ilCapo6" type="15" discard="1" dealt="1" sum="5"/>
<action no="4" player="mocciolocaldo" type="1" discard="1" dealt="1" sum="15"/>
<action no="5" player="Rakki" type="2" sum="30"/>
</round>
<round no="1"><cards type="Pocket" player="Rakki">H6 D4</cards>
<cards type="Pocket" player="ilCapo6">X X</cards>
<cards type="Pocket" player="mocciolocaldo">X X</cards>
<action no="6" player="ilCapo6" type="23" discard="1" dealt="1" sum="445"/>
<action no="7" player="mocciolocaldo" type="0" discard="1" dealt="1" sum="0"/>
<action no="8" player="Rakki" type="0" sum="0"/>
</round>
</game>
<game gamecode="6476322833"><general><startdate>2025-09-11 16:38:58</startdate>
<round>1</round>
<failsafecounter/>
<players><player seat="6" name="ilCapo6" chips="505" dealer="0" win="0" bet="35" muck="1" rebuy="0" addon="0" merge="0" rebuychips="0" reg_code="5059165812"/>
<player seat="10" name="mocciolocaldo" chips="550" dealer="1" win="0" bet="5" muck="1" rebuy="0" addon="0" merge="0" rebuychips="0" reg_code="5059165878"/>
<player seat="3" name="Rakki" chips="445" dealer="0" win="75" bet="445" muck="1" rebuy="0" addon="0" merge="0" rebuychips="0" reg_code="5059165801"/>
</players>
</general>
<round no="0"><action no="1" player="Rakki" type="15" sum="5"/>
<action no="2" player="ilCapo6" type="15" discard="1" dealt="1" sum="5"/>
<action no="3" player="mocciolocaldo" type="15" discard="1" dealt="1" sum="5"/>
<action no="4" player="Rakki" type="1" sum="15"/>
<action no="5" player="ilCapo6" type="2" discard="1" dealt="1" sum="30"/>
</round>
<round no="1"><cards type="Pocket" player="Rakki">CA H2</cards>
<cards type="Pocket" player="ilCapo6">X X</cards>
<cards type="Pocket" player="mocciolocaldo">X X</cards>
<action no="6" player="mocciolocaldo" type="0" discard="1" dealt="1" sum="0"/>
<action no="7" player="Rakki" type="23" sum="440"/>
<action no="8" player="ilCapo6" type="0" discard="1" dealt="1" sum="0"/>
</round>
</game>
<game gamecode="6476322853"><general><startdate>2025-09-11 16:39:08</startdate>
<round>1</round>
<failsafecounter/>
<players><player seat="10" name="mocciolocaldo" chips="545" dealer="0" win="0" bet="125" muck="1" rebuy="0" addon="0" merge="0" rebuychips="0" reg_code="5059165878"/>
<player seat="3" name="Rakki" chips="485" dealer="1" win="270" bet="485" muck="1" rebuy="0" addon="0" merge="0" rebuychips="0" reg_code="5059165801"/>
<player seat="6" name="ilCapo6" chips="470" dealer="0" win="0" bet="20" muck="1" rebuy="0" addon="0" merge="0" rebuychips="0" reg_code="5059165812"/>
</players>
</general>
<round no="0"><action no="1" player="ilCapo6" type="15" discard="1" dealt="1" sum="5"/>
<action no="2" player="mocciolocaldo" type="15" discard="1" dealt="1" sum="5"/>
<action no="3" player="Rakki" type="15" sum="5"/>
<action no="4" player="ilCapo6" type="1" discard="1" dealt="1" sum="15"/>
<action no="5" player="mocciolocaldo" type="2" discard="1" dealt="1" sum="30"/>
</round>
<round no="1"><cards type="Pocket" player="Rakki">HJ H9</cards>
<cards type="Pocket" player="mocciolocaldo">X X</cards>
<cards type="Pocket" player="ilCapo6">X X</cards>
<action no="6" player="Rakki" type="23" sum="60"/>
<action no="7" player="ilCapo6" type="0" discard="1" dealt="1" sum="0"/>
<action no="8" player="mocciolocaldo" type="3" discard="1" dealt="1" sum="30"/>
</round>
<round no="2"><cards type="Flop">SJ H6 H10</cards>
<action no="9" player="mocciolocaldo" type="4" discard="1" dealt="1" sum="0"/>
<action no="10" player="Rakki" type="4" sum="0"/>
</round>
<round no="3"><cards type="Turn">CA</cards>
<action no="11" player="mocciolocaldo" type="4" discard="1" dealt="1" sum="0"/>
<action no="12" player="Rakki" type="5" sum="60"/>
<action no="13" player="mocciolocaldo" type="3" discard="1" dealt="1" sum="60"/>
</round>
<round no="4"><cards type="River">H8</cards>
<action no="14" player="mocciolocaldo" type="4" discard="1" dealt="1" sum="0"/>
<action no="15" player="Rakki" type="5" sum="360"/>
<action no="16" player="mocciolocaldo" type="0" discard="1" dealt="1" sum="0"/>
</round>
</game>
<game gamecode="6476322945"><general><startdate>2025-09-11 16:40:04</startdate>
<round>1</round>
<failsafecounter/>
<players><player seat="3" name="Rakki" chips="630" dealer="0" win="0" bet="45" muck="1" rebuy="0" addon="0" merge="0" rebuychips="0" reg_code="5059165801"/>
<player seat="6" name="ilCapo6" chips="450" dealer="1" win="0" bet="5" muck="1" rebuy="0" addon="0" merge="0" rebuychips="0" reg_code="5059165812"/>
<player seat="10" name="mocciolocaldo" chips="420" dealer="0" win="95" bet="420" muck="1" rebuy="0" addon="0" merge="0" rebuychips="0" reg_code="5059165878"/>
</players>
</general>
<round no="0"><action no="1" player="mocciolocaldo" type="15" discard="1" dealt="1" sum="5"/>
<action no="2" player="Rakki" type="15" sum="5"/>
<action no="3" player="ilCapo6" type="15" discard="1" dealt="1" sum="5"/>
<action no="4" player="mocciolocaldo" type="1" discard="1" dealt="1" sum="20"/>
<action no="5" player="Rakki" type="2" sum="40"/>
</round>
<round no="1"><cards type="Pocket" player="mocciolocaldo">X X</cards>
<cards type="Pocket" player="Rakki">D6 H8</cards>
<cards type="Pocket" player="ilCapo6">X X</cards>
<action no="6" player="ilCapo6" type="0" discard="1" dealt="1" sum="0"/>
<action no="7" player="mocciolocaldo" type="23" discard="1" dealt="1" sum="415"/>
<action no="8" player="Rakki" type="0" sum="0"/>
</round>
</game>
<game gamecode="6476322968"><general><startdate>2025-09-11 16:40:19</startdate>
<round>1</round>
<failsafecounter/>
<players><player seat="6" name="ilCapo6" chips="445" dealer="0" win="0" bet="445" muck="1" rebuy="0" addon="0" merge="0" rebuychips="0" reg_code="5059165812"/>
<player seat="10" name="mocciolocaldo" chips="470" dealer="1" win="915" bet="470" muck="0" rebuy="0" addon="0" merge="0" rebuychips="0" reg_code="5059165878"/>
<player seat="3" name="Rakki" chips="585" dealer="0" win="0" bet="25" muck="1" rebuy="0" addon="0" merge="0" rebuychips="0" reg_code="5059165801"/>
</players>
</general>
<round no="0"><action no="1" player="Rakki" type="15" sum="5"/>
<action no="2" player="ilCapo6" type="15" discard="1" dealt="1" sum="5"/>
<action no="3" player="mocciolocaldo" type="15" discard="1" dealt="1" sum="5"/>
<action no="4" player="Rakki" type="1" sum="20"/>
<action no="5" player="ilCapo6" type="2" discard="1" dealt="1" sum="40"/>
</round>
<round no="1"><cards type="Pocket" player="ilCapo6">DA SQ</cards>
<cards type="Pocket" player="Rakki">S7 H8</cards>
<cards type="Pocket" player="mocciolocaldo">C10 C8</cards>
<action no="6" player="mocciolocaldo" type="23" discard="1" dealt="1" sum="465"/>
<action no="7" player="Rakki" type="0" sum="0"/>
<action no="8" player="ilCapo6" type="7" discard="1" dealt="1" sum="400"/>
</round>
<round no="2"><cards type="Flop">S9 D5 S4</cards>
</round>
<round no="3"><cards type="Turn">S8</cards>
</round>
<round no="4"><cards type="River">D6</cards>
</round>
</game>
<game gamecode="6476322993"><general><startdate>2025-09-11 16:40:39</startdate>
<round>1</round>
<failsafecounter/>
<players><player seat="10" name="mocciolocaldo" chips="940" dealer="0" win="0" bet="85" muck="1" rebuy="0" addon="0" merge="0" rebuychips="0" reg_code="5059165878"/>
<player seat="3" name="Rakki" chips="560" dealer="1" win="170" bet="85" muck="0" rebuy="0" addon="0" merge="0" rebuychips="0" reg_code="5059165801"/>
</players>
</general>
<round no="0"><action no="1" player="Rakki" type="15" sum="5"/>
<action no="2" player="mocciolocaldo" type="15" discard="1" dealt="1" sum="5"/>
<action no="3" player="Rakki" type="1" sum="20"/>
<action no="4" player="mocciolocaldo" type="2" discard="1" dealt="1" sum="40"/>
</round>
<round no="1"><cards type="Pocket" player="Rakki">H6 DK</cards>
<cards type="Pocket" player="mocciolocaldo">S9 H10</cards>
<action no="5" player="Rakki" type="3" sum="20"/>
<action no="6" player="mocciolocaldo" type="4" discard="1" dealt="1" sum="0"/>
</round>
<round no="2"><cards type="Flop">S3 S4 CA</cards>
<action no="7" player="mocciolocaldo" type="4" discard="1" dealt="1" sum="0"/>
<action no="8" player="Rakki" type="4" sum="0"/>
</round>
<round no="3"><cards type="Turn">S5</cards>
<action no="9" player="mocciolocaldo" type="5" discard="1" dealt="1" sum="40"/>
<action no="10" player="Rakki" type="3" sum="40"/>
</round>
<round no="4"><cards type="River">D6</cards>
<action no="11" player="mocciolocaldo" type="4" discard="1" dealt="1" sum="0"/>
<action no="12" player="Rakki" type="4" sum="0"/>
</round>
</game>
<game gamecode="6476323048"><general><startdate>2025-09-11 16:41:14</startdate>
<round>1</round>
<failsafecounter/>
<players><player seat="3" name="Rakki" chips="645" dealer="0" win="0" bet="45" muck="1" rebuy="0" addon="0" merge="0" rebuychips="0" reg_code="5059165801"/>
<player seat="10" name="mocciolocaldo" chips="855" dealer="1" win="90" bet="85" muck="1" rebuy="0" addon="0" merge="0" rebuychips="0" reg_code="5059165878"/>
</players>
</general>
<round no="0"><action no="1" player="mocciolocaldo" type="15" discard="1" dealt="1" sum="5"/>
<action no="2" player="Rakki" type="15" sum="5"/>
<action no="3" player="mocciolocaldo" type="1" discard="1" dealt="1" sum="20"/>
<action no="4" player="Rakki" type="2" sum="40"/>
</round>
<round no="1"><cards type="Pocket" player="Rakki">HJ C5</cards>
<cards type="Pocket" player="mocciolocaldo">X X</cards>
<action no="5" player="mocciolocaldo" type="3" discard="1" dealt="1" sum="20"/>
<action no="6" player="Rakki" type="4" sum="0"/>
</round>
<round no="2"><cards type="Flop">DK H10 C7</cards>
<action no="7" player="Rakki" type="4" sum="0"/>
<action no="8" player="mocciolocaldo" type="5" discard="1" dealt="1" sum="40"/>
<action no="9" player="Rakki" type="0" sum="0"/>
</round>
</game>
<game gamecode="6476323074"><general><startdate>2025-09-11 16:41:27</startdate>
<round>1</round>
<failsafecounter/>
<players><player seat="10" name="mocciolocaldo" chips="900" dealer="0" win="170" bet="85" muck="0" rebuy="0" addon="0" merge="0" rebuychips="0" reg_code="5059165878"/>
<player seat="3" name="Rakki" chips="600" dealer="1" win="0" bet="85" muck="1" rebuy="0" addon="0" merge="0" rebuychips="0" reg_code="5059165801"/>
</players>
</general>
<round no="0"><action no="1" player="Rakki" type="15" sum="5"/>
<action no="2" player="mocciolocaldo" type="15" discard="1" dealt="1" sum="5"/>
<action no="3" player="Rakki" type="1" sum="20"/>
<action no="4" player="mocciolocaldo" type="2" discard="1" dealt="1" sum="40"/>
</round>
<round no="1"><cards type="Pocket" player="Rakki">D4 D6</cards>
<cards type="Pocket" player="mocciolocaldo">C4 S10</cards>
<action no="5" player="Rakki" type="3" sum="20"/>
<action no="6" player="mocciolocaldo" type="4" discard="1" dealt="1" sum="0"/>
</round>
<round no="2"><cards type="Flop">CJ DK H10</cards>
<action no="7" player="mocciolocaldo" type="4" discard="1" dealt="1" sum="0"/>
<action no="8" player="Rakki" type="5" sum="40"/>
<action no="9" player="mocciolocaldo" type="3" discard="1" dealt="1" sum="40"/>
</round>
<round no="3"><cards type="Turn">S8</cards>
<action no="10" player="mocciolocaldo" type="4" discard="1" dealt="1" sum="0"/>
<action no="11" player="Rakki" type="4" sum="0"/>
</round>
<round no="4"><cards type="River">H5</cards>
<action no="12" player="mocciolocaldo" type="4" discard="1" dealt="1" sum="0"/>
<action no="13" player="Rakki" type="4" sum="0"/>
</round>
</game>
<game gamecode="6476323136"><general><startdate>2025-09-11 16:42:10</startdate>
<round>1</round>
<failsafecounter/>
<players><player seat="3" name="Rakki" chips="515" dealer="0" win="0" bet="65" muck="1" rebuy="0" addon="0" merge="0" rebuychips="0" reg_code="5059165801"/>
<player seat="10" name="mocciolocaldo" chips="985" dealer="1" win="130" bet="985" muck="1" rebuy="0" addon="0" merge="0" rebuychips="0" reg_code="5059165878"/>
</players>
</general>
<round no="0"><action no="1" player="mocciolocaldo" type="15" discard="1" dealt="1" sum="5"/>
<action no="2" player="Rakki" type="15" sum="5"/>
<action no="3" player="mocciolocaldo" type="1" discard="1" dealt="1" sum="30"/>
<action no="4" player="Rakki" type="2" sum="60"/>
</round>
<round no="1"><cards type="Pocket" player="mocciolocaldo">X X</cards>
<cards type="Pocket" player="Rakki">D7 C2</cards>
<action no="5" player="mocciolocaldo" type="23" discard="1" dealt="1" sum="980"/>
<action no="6" player="Rakki" type="0" sum="0"/>
</round>
</game>
<game gamecode="6476323152"><general><startdate>2025-09-11 16:42:19</startdate>
<round>1</round>
<failsafecounter/>
<players><player seat="10" name="mocciolocaldo" chips="1,050" dealer="0" win="0" bet="65" muck="1" rebuy="0" addon="0" merge="0" rebuychips="0" reg_code="5059165878"/>
<player seat="3" name="Rakki" chips="450" dealer="1" win="130" bet="450" muck="1" rebuy="0" addon="0" merge="0" rebuychips="0" reg_code="5059165801"/>
</players>
</general>
<round no="0"><action no="1" player="Rakki" type="15" sum="5"/>
<action no="2" player="mocciolocaldo" type="15" discard="1" dealt="1" sum="5"/>
<action no="3" player="Rakki" type="1" sum="30"/>
<action no="4" player="mocciolocaldo" type="2" discard="1" dealt="1" sum="60"/>
</round>
<round no="1"><cards type="Pocket" player="mocciolocaldo">X X</cards>
<cards type="Pocket" player="Rakki">SA CQ</cards>
<action no="5" player="Rakki" type="23" sum="445"/>
<action no="6" player="mocciolocaldo" type="0" discard="1" dealt="1" sum="0"/>
</round>
</game>
<game gamecode="6476323163"><general><startdate>2025-09-11 16:42:26</startdate>
<round>1</round>
<failsafecounter/>
<players><player seat="3" name="Rakki" chips="515" dealer="0" win="130" bet="515" muck="1" rebuy="0" addon="0" merge="0" rebuychips="0" reg_code="5059165801"/>
<player seat="10" name="mocciolocaldo" chips="985" dealer="1" win="0" bet="65" muck="1" rebuy="0" addon="0" merge="0" rebuychips="0" reg_code="5059165878"/>
</players>
</general>
<round no="0"><action no="1" player="mocciolocaldo" type="15" discard="1" dealt="1" sum="5"/>
<action no="2" player="Rakki" type="15" sum="5"/>
<action no="3" player="mocciolocaldo" type="1" discard="1" dealt="1" sum="30"/>
<action no="4" player="Rakki" type="2" sum="60"/>
</round>
<round no="1"><cards type="Pocket" player="Rakki">H5 HK</cards>
<cards type="Pocket" player="mocciolocaldo">X X</cards>
<action no="5" player="mocciolocaldo" type="3" discard="1" dealt="1" sum="30"/>
<action no="6" player="Rakki" type="23" sum="510"/>
<action no="7" player="mocciolocaldo" type="0" discard="1" dealt="1" sum="0"/>
</round>
</game>
<game gamecode="6476323173"><general><startdate>2025-09-11 16:42:34</startdate>
<round>1</round>
<failsafecounter/>
<players><player seat="10" name="mocciolocaldo" chips="920" dealer="0" win="70" bet="65" muck="1" rebuy="0" addon="0" merge="0" rebuychips="0" reg_code="5059165878"/>
<player seat="3" name="Rakki" chips="580" dealer="1" win="0" bet="35" muck="1" rebuy="0" addon="0" merge="0" rebuychips="0" reg_code="5059165801"/>
</players>
</general>
<round no="0"><action no="1" player="Rakki" type="15" sum="5"/>
<action no="2" player="mocciolocaldo" type="15" discard="1" dealt="1" sum="5"/>
<action no="3" player="Rakki" type="1" sum="30"/>
<action no="4" player="mocciolocaldo" type="2" discard="1" dealt="1" sum="60"/>
</round>
<round no="1"><cards type="Pocket" player="mocciolocaldo">X X</cards>
<cards type="Pocket" player="Rakki">D2 H8</cards>
<action no="5" player="Rakki" type="0" sum="0"/>
</round>
</game>
<game gamecode="6476323181"><general><startdate>2025-09-11 16:42:43</startdate>
<round>1</round>
<failsafecounter/>
<players><player seat="3" name="Rakki" chips="545" dealer="0" win="0" bet="65" muck="1" rebuy="0" addon="0" merge="0" rebuychips="0" reg_code="5059165801"/>
<player seat="10" name="mocciolocaldo" chips="955" dealer="1" win="130" bet="955" muck="1" rebuy="0" addon="0" merge="0" rebuychips="0" reg_code="5059165878"/>
</players>
</general>
<round no="0"><action no="1" player="mocciolocaldo" type="15" discard="1" dealt="1" sum="5"/>
<action no="2" player="Rakki" type="15" sum="5"/>
<action no="3" player="mocciolocaldo" type="1" discard="1" dealt="1" sum="30"/>
<action no="4" player="Rakki" type="2" sum="60"/>
</round>
<round no="1"><cards type="Pocket" player="Rakki">CQ C7</cards>
<cards type="Pocket" player="mocciolocaldo">X X</cards>
<action no="5" player="mocciolocaldo" type="23" discard="1" dealt="1" sum="950"/>
<action no="6" player="Rakki" type="0" sum="0"/>
</round>
</game>
<game gamecode="6476323196"><general><startdate>2025-09-11 16:42:49</startdate>
<round>1</round>
<failsafecounter/>
<players><player seat="10" name="mocciolocaldo" chips="1,020" dealer="0" win="0" bet="65" muck="1" rebuy="0" addon="0" merge="0" rebuychips="0" reg_code="5059165878"/>
<player seat="3" name="Rakki" chips="480" dealer="1" win="130" bet="480" muck="1" rebuy="0" addon="0" merge="0" rebuychips="0" reg_code="5059165801"/>
</players>
</general>
<round no="0"><action no="1" player="Rakki" type="15" sum="5"/>
<action no="2" player="mocciolocaldo" type="15" discard="1" dealt="1" sum="5"/>
<action no="3" player="Rakki" type="1" sum="30"/>
<action no="4" player="mocciolocaldo" type="2" discard="1" dealt="1" sum="60"/>
</round>
<round no="1"><cards type="Pocket" player="Rakki">D5 CA</cards>
<cards type="Pocket" player="mocciolocaldo">X X</cards>
<action no="5" player="Rakki" type="23" sum="475"/>
<action no="6" player="mocciolocaldo" type="0" discard="1" dealt="1" sum="0"/>
</round>
</game>
<game gamecode="6476323207"><general><startdate>2025-09-11 16:42:56</startdate>
<round>1</round>
<failsafecounter/>
<players><player seat="3" name="Rakki" chips="545" dealer="0" win="0" bet="185" muck="1" rebuy="0" addon="0" merge="0" rebuychips="0" reg_code="5059165801"/>
<player seat="10" name="mocciolocaldo" chips="955" dealer="1" win="370" bet="955" muck="1" rebuy="0" addon="0" merge="0" rebuychips="0" reg_code="5059165878"/>
</players>
</general>
<round no="0"><action no="1" player="mocciolocaldo" type="15" discard="1" dealt="1" sum="5"/>
<action no="2" player="Rakki" type="15" sum="5"/>
<action no="3" player="mocciolocaldo" type="1" discard="1" dealt="1" sum="30"/>
<action no="4" player="Rakki" type="2" sum="60"/>
</round>
<round no="1"><cards type="Pocket" player="Rakki">H3 H8</cards>
<cards type="Pocket" player="mocciolocaldo">X X</cards>
<action no="5" player="mocciolocaldo" type="3" discard="1" dealt="1" sum="30"/>
<action no="6" player="Rakki" type="4" sum="0"/>
</round>
<round no="2"><cards type="Flop">SJ CJ H2</cards>
<action no="7" player="Rakki" type="4" sum="0"/>
<action no="8" player="mocciolocaldo" type="5" discard="1" dealt="1" sum="60"/>
<action no="9" player="Rakki" type="23" sum="120"/>
<action no="10" player="mocciolocaldo" type="23" discard="1" dealt="1" sum="890"/>
<action no="11" player="Rakki" type="0" sum="0"/>
</round>
</game>
<game gamecode="6476323232"><general><startdate>2025-09-11 16:43:15</startdate>
<round>1</round>
<failsafecounter/>
<players><player seat="10" name="mocciolocaldo" chips="1,140" dealer="0" win="720" bet="360" muck="0" rebuy="0" addon="0" merge="0" rebuychips="0" reg_code="5059165878"/>
<player seat="3" name="Rakki" chips="360" dealer="1" win="0" bet="360" muck="0" rebuy="0" addon="0" merge="0" rebuychips="0" reg_code="5059165801"/>
</players>
</general>
<round no="0"><action no="1" player="Rakki" type="15" sum="5"/>
<action no="2" player="mocciolocaldo" type="15" discard="1" dealt="1" sum="5"/>
<action no="3" player="Rakki" type="1" sum="30"/>
<action no="4" player="mocciolocaldo" type="2" discard="1" dealt="1" sum="60"/>
</round>
<round no="1"><cards type="Pocket" player="Rakki">HQ C3</cards>
<cards type="Pocket" player="mocciolocaldo">SA C5</cards>
<action no="5" player="Rakki" type="23" sum="355"/>
<action no="6" player="mocciolocaldo" type="3" discard="1" dealt="1" sum="295"/>
</round>
<round no="2"><cards type="Flop">D4 CK D9</cards>
</round>
<round no="3"><cards type="Turn">D10</cards>
</round>
<round no="4"><cards type="River">H7</cards>
</round>
</game>
</session>
