<?xml version="1.0" encoding="UTF-8"?>
<session sessioncode="5059366010">
<general>
<client_version>25.1.1.16</client_version>
<mode>real</mode>
<gametype>Holdem NL</gametype>
<tablename>Twister €200 SNG, 817583209</tablename>
<tournamentcode>817583208</tournamentcode>
<tournamentname>Twister €200 SNG</tournamentname>
<buyin>€0 + €12 + €188</buyin>
<totalbuyin>€200</totalbuyin>
<rewarddrawn>€600</rewarddrawn>
<tournamentcurrency>EUR</tournamentcurrency>
<currency>EUR</currency>
<nickname>Rakki</nickname>
<gamecount>5</gamecount>
<startdate>2025-09-12 15:52:56</startdate>
<place>1</place>
<win>€600</win>
<tablesize>3</tablesize>
</general>
<game gamecode="6477171846"><general><startdate>2025-09-12 15:53:11</startdate>
<round>1</round>
<failsafecounter/>
<players><player seat="10" name="susy62" chips="500" dealer="0" win="0" bet="500" muck="0" rebuy="0" addon="0" merge="0" rebuychips="0" reg_code="5059366284"/>
<player seat="3" name="Rakki" chips="500" dealer="1" win="0" bet="0" muck="1" rebuy="0" addon="0" merge="0" rebuychips="0" reg_code="5059366010"/>
<player seat="6" name="L1mltless" chips="500" dealer="0" win="1,000" bet="500" muck="0" rebuy="0" addon="0" merge="0" rebuychips="0" reg_code="5059366188"/>
</players>
</general>
<round no="0"><action no="1" player="L1mltless" type="1" discard="1" dealt="1" sum="10"/>
<action no="2" player="susy62" type="2" discard="1" dealt="1" sum="20"/>
</round>
<round no="1"><cards type="Pocket" player="L1mltless">DJ SJ</cards>
<cards type="Pocket" player="Rakki">H7 DK</cards>
<cards type="Pocket" player="susy62">C7 H9</cards>
<action no="3" player="Rakki" type="0" sum="0"/>
<action no="4" player="L1mltless" type="23" discard="1" dealt="1" sum="50"/>
<action no="5" player="susy62" type="23" discard="1" dealt="1" sum="500"/>
<action no="6" player="L1mltless" type="7" discard="1" dealt="1" sum="450"/>
</round>
<round no="2"><cards type="Flop">H6 D2 S4</cards>
</round>
<round no="3"><cards type="Turn">H4</cards>
</round>
<round no="4"><cards type="River">SQ</cards>
</round>
</game>
<game gamecode="6477171884"><general><startdate>2025-09-12 15:53:33</startdate>
<round>1</round>
<failsafecounter/>
<players><player seat="3" name="Rakki" chips="500" dealer="0" win="1,000" bet="500" muck="0" rebuy="0" addon="0" merge="0" rebuychips="0" reg_code="5059366010"/>
<player seat="6" name="L1mltless" chips="1,000" dealer="1" win="0" bet="1,000" muck="1" rebuy="0" addon="0" merge="0" rebuychips="0" reg_code="5059366188"/>
</players>
</general>
<round no="0"><action no="1" player="L1mltless" type="1" discard="1" dealt="1" sum="10"/>
<action no="2" player="Rakki" type="2" sum="20"/>
</round>
<round no="1"><cards type="Pocket" player="Rakki">C6 S5</cards>
<cards type="Pocket" player="L1mltless">CA S9</cards>
<action no="3" player="L1mltless" type="3" discard="1" dealt="1" sum="10"/>
<action no="4" player="Rakki" type="4" sum="0"/>
</round>
<round no="2"><cards type="Flop">C4 DA D3</cards>
<action no="5" player="Rakki" type="4" sum="0"/>
<action no="6" player="L1mltless" type="5" discard="1" dealt="1" sum="20"/>
<action no="7" player="Rakki" type="23" sum="50"/>
<action no="8" player="L1mltless" type="23" discard="1" dealt="1" sum="120"/>
<action no="9" player="Rakki" type="3" sum="70"/>
</round>
<round no="3"><cards type="Turn">S7</cards>
<action no="10" player="Rakki" type="4" sum="0"/>
<action no="11" player="L1mltless" type="5" discard="1" dealt="1" sum="860"/>
<action no="12" player="Rakki" type="7" sum="360"/>
</round>
<round no="4"><cards type="River">C10</cards>
</round>
</game>
<game gamecode="6477171962"><general><startdate>2025-09-12 15:54:27</startdate>
<round>1</round>
<failsafecounter/>
<players><player seat="6" name="L1mltless" chips="500" dealer="0" win="0" bet="40" muck="1" rebuy="0" addon="0" merge="0" rebuychips="0" reg_code="5059366188"/>
<player seat="3" name="Rakki" chips="1,000" dealer="1" win="80" bet="60" muck="1" rebuy="0" addon="0" merge="0" rebuychips="0" reg_code="5059366010"/>
</players>
</general>
<round no="0"><action no="1" player="Rakki" type="1" sum="10"/>
<action no="2" player="L1mltless" type="2" discard="1" dealt="1" sum="20"/>
</round>
<round no="1"><cards type="Pocket" player="L1mltless">X X</cards>
<cards type="Pocket" player="Rakki">SA D2</cards>
<action no="3" player="Rakki" type="23" sum="40"/>
<action no="4" player="L1mltless" type="3" discard="1" dealt="1" sum="20"/>
</round>
<round no="2"><cards type="Flop">H5 HQ S2</cards>
<action no="5" player="L1mltless" type="4" discard="1" dealt="1" sum="0"/>
<action no="6" player="Rakki" type="5" sum="20"/>
<action no="7" player="L1mltless" type="0" discard="1" dealt="1" sum="0"/>
</round>
</game>
<game gamecode="6477171979"><general><startdate>2025-09-12 15:54:39</startdate>
<round>1</round>
<failsafecounter/>
<players><player seat="3" name="Rakki" chips="1,040" dealer="0" win="0" bet="40" muck="1" rebuy="0" addon="0" merge="0" rebuychips="0" reg_code="5059366010"/>
<player seat="6" name="L1mltless" chips="460" dealer="1" win="80" bet="60" muck="1" rebuy="0" addon="0" merge="0" rebuychips="0" reg_code="5059366188"/>
</players>
</general>
<round no="0"><action no="1" player="L1mltless" type="1" discard="1" dealt="1" sum="10"/>
<action no="2" player="Rakki" type="2" sum="20"/>
</round>
<round no="1"><cards type="Pocket" player="Rakki">DQ C8</cards>
<cards type="Pocket" player="L1mltless">X X</cards>
<action no="3" player="L1mltless" type="23" discard="1" dealt="1" sum="40"/>
<action no="4" player="Rakki" type="3" sum="20"/>
</round>
<round no="2"><cards type="Flop">S4 C2 CA</cards>
<action no="5" player="Rakki" type="4" sum="0"/>
<action no="6" player="L1mltless" type="5" discard="1" dealt="1" sum="20"/>
<action no="7" player="Rakki" type="0" sum="0"/>
</round>
</game>
<game gamecode="6477171994"><general><startdate>2025-09-12 15:54:50</startdate>
<round>1</round>
<failsafecounter/>
<players><player seat="6" name="L1mltless" chips="500" dealer="0" win="0" bet="500" muck="0" rebuy="0" addon="0" merge="0" rebuychips="0" reg_code="5059366188"/>
<player seat="3" name="Rakki" chips="1,000" dealer="1" win="1,000" bet="500" muck="0" rebuy="0" addon="0" merge="0" rebuychips="0" reg_code="5059366010"/>
</players>
</general>
<round no="0"><action no="1" player="Rakki" type="15" sum="5"/>
<action no="2" player="L1mltless" type="15" discard="1" dealt="1" sum="5"/>
<action no="3" player="Rakki" type="1" sum="15"/>
<action no="4" player="L1mltless" type="2" discard="1" dealt="1" sum="30"/>
</round>
<round no="1"><cards type="Pocket" player="Rakki">D10 S3</cards>
<cards type="Pocket" player="L1mltless">H3 S8</cards>
<action no="5" player="Rakki" type="3" sum="15"/>
<action no="6" player="L1mltless" type="4" discard="1" dealt="1" sum="0"/>
</round>
<round no="2"><cards type="Flop">C10 D3 C7</cards>
<action no="7" player="L1mltless" type="4" discard="1" dealt="1" sum="0"/>
<action no="8" player="Rakki" type="5" sum="30"/>
<action no="9" player="L1mltless" type="3" discard="1" dealt="1" sum="30"/>
</round>
<round no="3"><cards type="Turn">H8</cards>
<action no="10" player="L1mltless" type="4" discard="1" dealt="1" sum="0"/>
<action no="11" player="Rakki" type="5" sum="130"/>
<action no="12" player="L1mltless" type="23" discard="1" dealt="1" sum="435"/>
<action no="13" player="Rakki" type="3" sum="305"/>
</round>
<round no="4"><cards type="River">H2</cards>
</round>
</game>
</session>
