<?xml version="1.0" encoding="UTF-8"?>
<session sessioncode="5059600830">
<general>
<client_version>25.1.1.16</client_version>
<mode>real</mode>
<gametype>Holdem NL</gametype>
<tablename>Twister €200 SNG, 817659089</tablename>
<tournamentcode>817659088</tournamentcode>
<tournamentname>Twister €200 SNG</tournamentname>
<buyin>€0 + €12 + €188</buyin>
<totalbuyin>€200</totalbuyin>
<rewarddrawn>€600</rewarddrawn>
<tournamentcurrency>EUR</tournamentcurrency>
<currency>EUR</currency>
<nickname>Rakki</nickname>
<gamecount>23</gamecount>
<startdate>2025-09-13 18:18:56</startdate>
<place>1</place>
<win>€600</win>
<tablesize>3</tablesize>
</general>
<game gamecode="6478129455"><general><startdate>2025-09-13 18:19:11</startdate>
<round>1</round>
<failsafecounter/>
<players><player seat="10" name="Exivezzz2323" chips="500" dealer="0" win="0" bet="50" muck="1" rebuy="0" addon="0" merge="0" rebuychips="0" reg_code="5059600848"/>
<player seat="3" name="Rakki" chips="500" dealer="1" win="0" bet="0" muck="1" rebuy="0" addon="0" merge="0" rebuychips="0" reg_code="5059600830"/>
<player seat="6" name="SuBandiduu" chips="500" dealer="0" win="100" bet="100" muck="1" rebuy="0" addon="0" merge="0" rebuychips="0" reg_code="5059600834"/>
</players>
</general>
<round no="0"><action no="1" player="SuBandiduu" type="1" discard="1" dealt="1" sum="10"/>
<action no="2" player="Exivezzz2323" type="2" discard="1" dealt="1" sum="20"/>
</round>
<round no="1"><cards type="Pocket" player="SuBandiduu">X X</cards>
<cards type="Pocket" player="Rakki">C3 H4</cards>
<cards type="Pocket" player="Exivezzz2323">X X</cards>
<action no="3" player="Rakki" type="0" sum="0"/>
<action no="4" player="SuBandiduu" type="23" discard="1" dealt="1" sum="50"/>
<action no="5" player="Exivezzz2323" type="3" discard="1" dealt="1" sum="30"/>
</round>
<round no="2"><cards type="Flop">SK S6 S3</cards>
<action no="6" player="SuBandiduu" type="5" discard="1" dealt="1" sum="50"/>
<action no="7" player="Exivezzz2323" type="0" discard="1" dealt="1" sum="0"/>
</round>
</game>
<game gamecode="6478129476"><general><startdate>2025-09-13 18:19:36</startdate>
<round>1</round>
<failsafecounter/>
<players><player seat="3" name="Rakki" chips="500" dealer="0" win="0" bet="50" muck="1" rebuy="0" addon="0" merge="0" rebuychips="0" reg_code="5059600830"/>
<player seat="6" name="SuBandiduu" chips="550" dealer="1" win="0" bet="0" muck="1" rebuy="0" addon="0" merge="0" rebuychips="0" reg_code="5059600834"/>
<player seat="10" name="Exivezzz2323" chips="450" dealer="0" win="100" bet="150" muck="1" rebuy="0" addon="0" merge="0" rebuychips="0" reg_code="5059600848"/>
</players>
</general>
<round no="0"><action no="1" player="Exivezzz2323" type="1" discard="1" dealt="1" sum="10"/>
<action no="2" player="Rakki" type="2" sum="20"/>
</round>
<round no="1"><cards type="Pocket" player="Exivezzz2323">X X</cards>
<cards type="Pocket" player="Rakki">C9 DK</cards>
<cards type="Pocket" player="SuBandiduu">X X</cards>
<action no="3" player="SuBandiduu" type="0" discard="1" dealt="1" sum="0"/>
<action no="4" player="Exivezzz2323" type="23" discard="1" dealt="1" sum="50"/>
<action no="5" player="Rakki" type="3" sum="30"/>
</round>
<round no="2"><cards type="Flop">H4 S10 D5</cards>
<action no="6" player="Exivezzz2323" type="5" discard="1" dealt="1" sum="100"/>
<action no="7" player="Rakki" type="0" sum="0"/>
</round>
</game>
<game gamecode="6478129501"><general><startdate>2025-09-13 18:19:59</startdate>
<round>1</round>
<failsafecounter/>
<players><player seat="6" name="SuBandiduu" chips="550" dealer="0" win="0" bet="40" muck="1" rebuy="0" addon="0" merge="0" rebuychips="0" reg_code="5059600834"/>
<player seat="10" name="Exivezzz2323" chips="500" dealer="1" win="90" bet="101" muck="1" rebuy="0" addon="0" merge="0" rebuychips="0" reg_code="5059600848"/>
<player seat="3" name="Rakki" chips="450" dealer="0" win="0" bet="10" muck="1" rebuy="0" addon="0" merge="0" rebuychips="0" reg_code="5059600830"/>
</players>
</general>
<round no="0"><action no="1" player="Rakki" type="1" sum="10"/>
<action no="2" player="SuBandiduu" type="2" discard="1" dealt="1" sum="20"/>
</round>
<round no="1"><cards type="Pocket" player="Rakki">C2 D6</cards>
<cards type="Pocket" player="SuBandiduu">X X</cards>
<cards type="Pocket" player="Exivezzz2323">X X</cards>
<action no="3" player="Exivezzz2323" type="23" discard="1" dealt="1" sum="40"/>
<action no="4" player="Rakki" type="0" sum="0"/>
<action no="5" player="SuBandiduu" type="3" discard="1" dealt="1" sum="20"/>
</round>
<round no="2"><cards type="Flop">C5 H6 H7</cards>
<action no="6" player="SuBandiduu" type="4" discard="1" dealt="1" sum="0"/>
<action no="7" player="Exivezzz2323" type="4" discard="1" dealt="1" sum="0"/>
</round>
<round no="3"><cards type="Turn">HJ</cards>
<action no="8" player="SuBandiduu" type="4" discard="1" dealt="1" sum="0"/>
<action no="9" player="Exivezzz2323" type="5" discard="1" dealt="1" sum="61"/>
<action no="10" player="SuBandiduu" type="0" discard="1" dealt="1" sum="0"/>
</round>
</game>
<game gamecode="6478129539"><general><startdate>2025-09-13 18:20:39</startdate>
<round>1</round>
<failsafecounter/>
<players><player seat="10" name="Exivezzz2323" chips="550" dealer="0" win="0" bet="20" muck="1" rebuy="0" addon="0" merge="0" rebuychips="0" reg_code="5059600848"/>
<player seat="3" name="Rakki" chips="440" dealer="1" win="0" bet="0" muck="1" rebuy="0" addon="0" merge="0" rebuychips="0" reg_code="5059600830"/>
<player seat="6" name="SuBandiduu" chips="510" dealer="0" win="40" bet="50" muck="1" rebuy="0" addon="0" merge="0" rebuychips="0" reg_code="5059600834"/>
</players>
</general>
<round no="0"><action no="1" player="SuBandiduu" type="1" discard="1" dealt="1" sum="10"/>
<action no="2" player="Exivezzz2323" type="2" discard="1" dealt="1" sum="20"/>
</round>
<round no="1"><cards type="Pocket" player="Rakki">HA C3</cards>
<cards type="Pocket" player="SuBandiduu">X X</cards>
<cards type="Pocket" player="Exivezzz2323">X X</cards>
<action no="3" player="Rakki" type="0" sum="0"/>
<action no="4" player="SuBandiduu" type="23" discard="1" dealt="1" sum="50"/>
<action no="5" player="Exivezzz2323" type="0" discard="1" dealt="1" sum="0"/>
</round>
</game>
<game gamecode="6478129556"><general><startdate>2025-09-13 18:21:02</startdate>
<round>1</round>
<failsafecounter/>
<players><player seat="3" name="Rakki" chips="440" dealer="0" win="0" bet="35" muck="1" rebuy="0" addon="0" merge="0" rebuychips="0" reg_code="5059600830"/>
<player seat="6" name="SuBandiduu" chips="530" dealer="1" win="90" bet="65" muck="1" rebuy="0" addon="0" merge="0" rebuychips="0" reg_code="5059600834"/>
<player seat="10" name="Exivezzz2323" chips="530" dealer="0" win="0" bet="20" muck="1" rebuy="0" addon="0" merge="0" rebuychips="0" reg_code="5059600848"/>
</players>
</general>
<round no="0"><action no="1" player="Exivezzz2323" type="15" discard="1" dealt="1" sum="5"/>
<action no="2" player="Rakki" type="15" sum="5"/>
<action no="3" player="SuBandiduu" type="15" discard="1" dealt="1" sum="5"/>
<action no="4" player="Exivezzz2323" type="1" discard="1" dealt="1" sum="15"/>
<action no="5" player="Rakki" type="2" sum="30"/>
</round>
<round no="1"><cards type="Pocket" player="Rakki">C2 H3</cards>
<cards type="Pocket" player="Exivezzz2323">X X</cards>
<cards type="Pocket" player="SuBandiduu">X X</cards>
<action no="6" player="SuBandiduu" type="23" discard="1" dealt="1" sum="60"/>
<action no="7" player="Exivezzz2323" type="0" discard="1" dealt="1" sum="0"/>
<action no="8" player="Rakki" type="0" sum="0"/>
</round>
</game>
<game gamecode="6478129567"><general><startdate>2025-09-13 18:21:12</startdate>
<round>1</round>
<failsafecounter/>
<players><player seat="6" name="SuBandiduu" chips="585" dealer="0" win="0" bet="65" muck="1" rebuy="0" addon="0" merge="0" rebuychips="0" reg_code="5059600834"/>
<player seat="10" name="Exivezzz2323" chips="510" dealer="1" win="0" bet="5" muck="1" rebuy="0" addon="0" merge="0" rebuychips="0" reg_code="5059600848"/>
<player seat="3" name="Rakki" chips="405" dealer="0" win="135" bet="65" muck="0" rebuy="0" addon="0" merge="0" rebuychips="0" reg_code="5059600830"/>
</players>
</general>
<round no="0"><action no="1" player="Rakki" type="15" sum="5"/>
<action no="2" player="SuBandiduu" type="15" discard="1" dealt="1" sum="5"/>
<action no="3" player="Exivezzz2323" type="15" discard="1" dealt="1" sum="5"/>
<action no="4" player="Rakki" type="1" sum="15"/>
<action no="5" player="SuBandiduu" type="2" discard="1" dealt="1" sum="30"/>
</round>
<round no="1"><cards type="Pocket" player="Rakki">D6 D9</cards>
<cards type="Pocket" player="SuBandiduu">C6 SJ</cards>
<cards type="Pocket" player="Exivezzz2323">X X</cards>
<action no="6" player="Exivezzz2323" type="0" discard="1" dealt="1" sum="0"/>
<action no="7" player="Rakki" type="3" sum="15"/>
<action no="8" player="SuBandiduu" type="4" discard="1" dealt="1" sum="0"/>
</round>
<round no="2"><cards type="Flop">DJ S10 HQ</cards>
<action no="9" player="Rakki" type="5" sum="30"/>
<action no="10" player="SuBandiduu" type="3" discard="1" dealt="1" sum="30"/>
</round>
<round no="3"><cards type="Turn">S7</cards>
<action no="11" player="Rakki" type="4" sum="0"/>
<action no="12" player="SuBandiduu" type="4" discard="1" dealt="1" sum="0"/>
</round>
<round no="4"><cards type="River">D8</cards>
<action no="13" player="Rakki" type="4" sum="0"/>
<action no="14" player="SuBandiduu" type="4" discard="1" dealt="1" sum="0"/>
</round>
</game>
<game gamecode="6478129627"><general><startdate>2025-09-13 18:22:06</startdate>
<round>1</round>
<failsafecounter/>
<players><player seat="10" name="Exivezzz2323" chips="505" dealer="0" win="0" bet="101" muck="1" rebuy="0" addon="0" merge="0" rebuychips="0" reg_code="5059600848"/>
<player seat="3" name="Rakki" chips="475" dealer="1" win="222" bet="101" muck="0" rebuy="0" addon="0" merge="0" rebuychips="0" reg_code="5059600830"/>
<player seat="6" name="SuBandiduu" chips="520" dealer="0" win="0" bet="20" muck="1" rebuy="0" addon="0" merge="0" rebuychips="0" reg_code="5059600834"/>
</players>
</general>
<round no="0"><action no="1" player="SuBandiduu" type="15" discard="1" dealt="1" sum="5"/>
<action no="2" player="Exivezzz2323" type="15" discard="1" dealt="1" sum="5"/>
<action no="3" player="Rakki" type="15" sum="5"/>
<action no="4" player="SuBandiduu" type="1" discard="1" dealt="1" sum="15"/>
<action no="5" player="Exivezzz2323" type="2" discard="1" dealt="1" sum="30"/>
</round>
<round no="1"><cards type="Pocket" player="SuBandiduu">X X</cards>
<cards type="Pocket" player="Rakki">H10 SK</cards>
<cards type="Pocket" player="Exivezzz2323">HK S8</cards>
<action no="6" player="Rakki" type="23" sum="60"/>
<action no="7" player="SuBandiduu" type="0" discard="1" dealt="1" sum="0"/>
<action no="8" player="Exivezzz2323" type="3" discard="1" dealt="1" sum="30"/>
</round>
<round no="2"><cards type="Flop">SQ S4 C8</cards>
<action no="9" player="Exivezzz2323" type="4" discard="1" dealt="1" sum="0"/>
<action no="10" player="Rakki" type="5" sum="36"/>
<action no="11" player="Exivezzz2323" type="3" discard="1" dealt="1" sum="36"/>
</round>
<round no="3"><cards type="Turn">S10</cards>
<action no="12" player="Exivezzz2323" type="4" discard="1" dealt="1" sum="0"/>
<action no="13" player="Rakki" type="4" sum="0"/>
</round>
<round no="4"><cards type="River">DA</cards>
<action no="14" player="Exivezzz2323" type="4" discard="1" dealt="1" sum="0"/>
<action no="15" player="Rakki" type="4" sum="0"/>
</round>
</game>
<game gamecode="6478129670"><general><startdate>2025-09-13 18:22:47</startdate>
<round>1</round>
<failsafecounter/>
<players><player seat="3" name="Rakki" chips="596" dealer="0" win="55" bet="45" muck="1" rebuy="0" addon="0" merge="0" rebuychips="0" reg_code="5059600830"/>
<player seat="6" name="SuBandiduu" chips="500" dealer="1" win="0" bet="5" muck="1" rebuy="0" addon="0" merge="0" rebuychips="0" reg_code="5059600834"/>
<player seat="10" name="Exivezzz2323" chips="404" dealer="0" win="0" bet="25" muck="1" rebuy="0" addon="0" merge="0" rebuychips="0" reg_code="5059600848"/>
</players>
</general>
<round no="0"><action no="1" player="Exivezzz2323" type="15" discard="1" dealt="1" sum="5"/>
<action no="2" player="Rakki" type="15" sum="5"/>
<action no="3" player="SuBandiduu" type="15" discard="1" dealt="1" sum="5"/>
<action no="4" player="Exivezzz2323" type="1" discard="1" dealt="1" sum="20"/>
<action no="5" player="Rakki" type="2" sum="40"/>
</round>
<round no="1"><cards type="Pocket" player="Rakki">H6 D4</cards>
<cards type="Pocket" player="Exivezzz2323">X X</cards>
<cards type="Pocket" player="SuBandiduu">X X</cards>
<action no="6" player="SuBandiduu" type="0" discard="1" dealt="1" sum="0"/>
<action no="7" player="Exivezzz2323" type="0" discard="1" dealt="1" sum="0"/>
</round>
</game>
<game gamecode="6478129690"><general><startdate>2025-09-13 18:23:10</startdate>
<round>1</round>
<failsafecounter/>
<players><player seat="6" name="SuBandiduu" chips="495" dealer="0" win="95" bet="495" muck="1" rebuy="0" addon="0" merge="0" rebuychips="0" reg_code="5059600834"/>
<player seat="10" name="Exivezzz2323" chips="379" dealer="1" win="0" bet="5" muck="1" rebuy="0" addon="0" merge="0" rebuychips="0" reg_code="5059600848"/>
<player seat="3" name="Rakki" chips="626" dealer="0" win="0" bet="45" muck="1" rebuy="0" addon="0" merge="0" rebuychips="0" reg_code="5059600830"/>
</players>
</general>
<round no="0"><action no="1" player="Rakki" type="15" sum="5"/>
<action no="2" player="SuBandiduu" type="15" discard="1" dealt="1" sum="5"/>
<action no="3" player="Exivezzz2323" type="15" discard="1" dealt="1" sum="5"/>
<action no="4" player="Rakki" type="1" sum="20"/>
<action no="5" player="SuBandiduu" type="2" discard="1" dealt="1" sum="40"/>
</round>
<round no="1"><cards type="Pocket" player="SuBandiduu">X X</cards>
<cards type="Pocket" player="Exivezzz2323">X X</cards>
<cards type="Pocket" player="Rakki">H10 S7</cards>
<action no="6" player="Exivezzz2323" type="0" discard="1" dealt="1" sum="0"/>
<action no="7" player="Rakki" type="3" sum="20"/>
<action no="8" player="SuBandiduu" type="23" discard="1" dealt="1" sum="490"/>
<action no="9" player="Rakki" type="0" sum="0"/>
</round>
</game>
<game gamecode="6478129707"><general><startdate>2025-09-13 18:23:27</startdate>
<round>1</round>
<failsafecounter/>
<players><player seat="10" name="Exivezzz2323" chips="374" dealer="0" win="55" bet="45" muck="1" rebuy="0" addon="0" merge="0" rebuychips="0" reg_code="5059600848"/>
<player seat="3" name="Rakki" chips="581" dealer="1" win="0" bet="5" muck="1" rebuy="0" addon="0" merge="0" rebuychips="0" reg_code="5059600830"/>
<player seat="6" name="SuBandiduu" chips="545" dealer="0" win="0" bet="25" muck="1" rebuy="0" addon="0" merge="0" rebuychips="0" reg_code="5059600834"/>
</players>
</general>
<round no="0"><action no="1" player="SuBandiduu" type="15" discard="1" dealt="1" sum="5"/>
<action no="2" player="Exivezzz2323" type="15" discard="1" dealt="1" sum="5"/>
<action no="3" player="Rakki" type="15" sum="5"/>
<action no="4" player="SuBandiduu" type="1" discard="1" dealt="1" sum="20"/>
<action no="5" player="Exivezzz2323" type="2" discard="1" dealt="1" sum="40"/>
</round>
<round no="1"><cards type="Pocket" player="Exivezzz2323">X X</cards>
<cards type="Pocket" player="Rakki">S8 C10</cards>
<cards type="Pocket" player="SuBandiduu">X X</cards>
<action no="6" player="Rakki" type="0" sum="0"/>
<action no="7" player="SuBandiduu" type="0" discard="1" dealt="1" sum="0"/>
</round>
</game>
<game gamecode="6478129715"><general><startdate>2025-09-13 18:23:33</startdate>
<round>1</round>
<failsafecounter/>
<players><player seat="3" name="Rakki" chips="576" dealer="0" win="0" bet="45" muck="1" rebuy="0" addon="0" merge="0" rebuychips="0" reg_code="5059600830"/>
<player seat="6" name="SuBandiduu" chips="520" dealer="1" win="0" bet="5" muck="1" rebuy="0" addon="0" merge="0" rebuychips="0" reg_code="5059600834"/>
<player seat="10" name="Exivezzz2323" chips="404" dealer="0" win="95" bet="404" muck="1" rebuy="0" addon="0" merge="0" rebuychips="0" reg_code="5059600848"/>
</players>
</general>
<round no="0"><action no="1" player="Exivezzz2323" type="15" discard="1" dealt="1" sum="5"/>
<action no="2" player="Rakki" type="15" sum="5"/>
<action no="3" player="SuBandiduu" type="15" discard="1" dealt="1" sum="5"/>
<action no="4" player="Exivezzz2323" type="1" discard="1" dealt="1" sum="20"/>
<action no="5" player="Rakki" type="2" sum="40"/>
</round>
<round no="1"><cards type="Pocket" player="SuBandiduu">X X</cards>
<cards type="Pocket" player="Rakki">D5 HQ</cards>
<cards type="Pocket" player="Exivezzz2323">X X</cards>
<action no="6" player="SuBandiduu" type="0" discard="1" dealt="1" sum="0"/>
<action no="7" player="Exivezzz2323" type="23" discard="1" dealt="1" sum="399"/>
<action no="8" player="Rakki" type="0" sum="0"/>
</round>
</game>
<game gamecode="6478129728"><general><startdate>2025-09-13 18:23:48</startdate>
<round>1</round>
<failsafecounter/>
<players><player seat="6" name="SuBandiduu" chips="515" dealer="0" win="0" bet="45" muck="1" rebuy="0" addon="0" merge="0" rebuychips="0" reg_code="5059600834"/>
<player seat="10" name="Exivezzz2323" chips="454" dealer="1" win="0" bet="5" muck="1" rebuy="0" addon="0" merge="0" rebuychips="0" reg_code="5059600848"/>
<player seat="3" name="Rakki" chips="531" dealer="0" win="95" bet="531" muck="1" rebuy="0" addon="0" merge="0" rebuychips="0" reg_code="5059600830"/>
</players>
</general>
<round no="0"><action no="1" player="Rakki" type="15" sum="5"/>
<action no="2" player="SuBandiduu" type="15" discard="1" dealt="1" sum="5"/>
<action no="3" player="Exivezzz2323" type="15" discard="1" dealt="1" sum="5"/>
<action no="4" player="Rakki" type="1" sum="20"/>
<action no="5" player="SuBandiduu" type="2" discard="1" dealt="1" sum="40"/>
</round>
<round no="1"><cards type="Pocket" player="Rakki">S2 DA</cards>
<cards type="Pocket" player="SuBandiduu">X X</cards>
<cards type="Pocket" player="Exivezzz2323">X X</cards>
<action no="6" player="Exivezzz2323" type="0" discard="1" dealt="1" sum="0"/>
<action no="7" player="Rakki" type="23" sum="526"/>
<action no="8" player="SuBandiduu" type="0" discard="1" dealt="1" sum="0"/>
</round>
</game>
<game gamecode="6478129741"><general><startdate>2025-09-13 18:23:58</startdate>
<round>1</round>
<failsafecounter/>
<players><player seat="10" name="Exivezzz2323" chips="449" dealer="0" win="0" bet="45" muck="1" rebuy="0" addon="0" merge="0" rebuychips="0" reg_code="5059600848"/>
<player seat="3" name="Rakki" chips="581" dealer="1" win="0" bet="5" muck="1" rebuy="0" addon="0" merge="0" rebuychips="0" reg_code="5059600830"/>
<player seat="6" name="SuBandiduu" chips="470" dealer="0" win="95" bet="111" muck="1" rebuy="0" addon="0" merge="0" rebuychips="0" reg_code="5059600834"/>
</players>
</general>
<round no="0"><action no="1" player="SuBandiduu" type="15" discard="1" dealt="1" sum="5"/>
<action no="2" player="Exivezzz2323" type="15" discard="1" dealt="1" sum="5"/>
<action no="3" player="Rakki" type="15" sum="5"/>
<action no="4" player="SuBandiduu" type="1" discard="1" dealt="1" sum="20"/>
<action no="5" player="Exivezzz2323" type="2" discard="1" dealt="1" sum="40"/>
</round>
<round no="1"><cards type="Pocket" player="Rakki">C6 C3</cards>
<cards type="Pocket" player="Exivezzz2323">X X</cards>
<cards type="Pocket" player="SuBandiduu">X X</cards>
<action no="6" player="Rakki" type="0" sum="0"/>
<action no="7" player="SuBandiduu" type="3" discard="1" dealt="1" sum="20"/>
<action no="8" player="Exivezzz2323" type="4" discard="1" dealt="1" sum="0"/>
</round>
<round no="2"><cards type="Flop">H9 CK C5</cards>
<action no="9" player="SuBandiduu" type="4" discard="1" dealt="1" sum="0"/>
<action no="10" player="Exivezzz2323" type="4" discard="1" dealt="1" sum="0"/>
</round>
<round no="3"><cards type="Turn">S2</cards>
<action no="11" player="SuBandiduu" type="5" discard="1" dealt="1" sum="66"/>
<action no="12" player="Exivezzz2323" type="0" discard="1" dealt="1" sum="0"/>
</round>
</game>
<game gamecode="6478129778"><general><startdate>2025-09-13 18:24:35</startdate>
<round>1</round>
<failsafecounter/>
<players><player seat="3" name="Rakki" chips="576" dealer="0" win="813" bet="404" muck="0" rebuy="0" addon="0" merge="0" rebuychips="0" reg_code="5059600830"/>
<player seat="6" name="SuBandiduu" chips="520" dealer="1" win="0" bet="5" muck="1" rebuy="0" addon="0" merge="0" rebuychips="0" reg_code="5059600834"/>
<player seat="10" name="Exivezzz2323" chips="404" dealer="0" win="0" bet="404" muck="0" rebuy="0" addon="0" merge="0" rebuychips="0" reg_code="5059600848"/>
</players>
</general>
<round no="0"><action no="1" player="Exivezzz2323" type="15" discard="1" dealt="1" sum="5"/>
<action no="2" player="Rakki" type="15" sum="5"/>
<action no="3" player="SuBandiduu" type="15" discard="1" dealt="1" sum="5"/>
<action no="4" player="Exivezzz2323" type="1" discard="1" dealt="1" sum="30"/>
<action no="5" player="Rakki" type="2" sum="60"/>
</round>
<round no="1"><cards type="Pocket" player="Exivezzz2323">S3 S5</cards>
<cards type="Pocket" player="Rakki">DK C2</cards>
<cards type="Pocket" player="SuBandiduu">X X</cards>
<action no="6" player="SuBandiduu" type="0" discard="1" dealt="1" sum="0"/>
<action no="7" player="Exivezzz2323" type="23" discard="1" dealt="1" sum="399"/>
<action no="8" player="Rakki" type="3" sum="339"/>
</round>
<round no="2"><cards type="Flop">D8 HJ D6</cards>
</round>
<round no="3"><cards type="Turn">CK</cards>
</round>
<round no="4"><cards type="River">C8</cards>
</round>
</game>
<game gamecode="6478129804"><general><startdate>2025-09-13 18:24:55</startdate>
<round>1</round>
<failsafecounter/>
<players><player seat="6" name="SuBandiduu" chips="515" dealer="0" win="0" bet="65" muck="1" rebuy="0" addon="0" merge="0" rebuychips="0" reg_code="5059600834"/>
<player seat="3" name="Rakki" chips="985" dealer="1" win="130" bet="125" muck="1" rebuy="0" addon="0" merge="0" rebuychips="0" reg_code="5059600830"/>
</players>
</general>
<round no="0"><action no="1" player="Rakki" type="15" sum="5"/>
<action no="2" player="SuBandiduu" type="15" discard="1" dealt="1" sum="5"/>
<action no="3" player="Rakki" type="1" sum="30"/>
<action no="4" player="SuBandiduu" type="2" discard="1" dealt="1" sum="60"/>
</round>
<round no="1"><cards type="Pocket" player="SuBandiduu">X X</cards>
<cards type="Pocket" player="Rakki">D8 H8</cards>
<action no="5" player="Rakki" type="3" sum="30"/>
<action no="6" player="SuBandiduu" type="4" discard="1" dealt="1" sum="0"/>
</round>
<round no="2"><cards type="Flop">C9 D2 C10</cards>
<action no="7" player="SuBandiduu" type="4" discard="1" dealt="1" sum="0"/>
<action no="8" player="Rakki" type="4" sum="0"/>
</round>
<round no="3"><cards type="Turn">CK</cards>
<action no="9" player="SuBandiduu" type="4" discard="1" dealt="1" sum="0"/>
<action no="10" player="Rakki" type="5" sum="60"/>
<action no="11" player="SuBandiduu" type="0" discard="1" dealt="1" sum="0"/>
</round>
</game>
<game gamecode="6478129821"><general><startdate>2025-09-13 18:25:13</startdate>
<round>1</round>
<failsafecounter/>
<players><player seat="3" name="Rakki" chips="1,050" dealer="0" win="0" bet="65" muck="1" rebuy="0" addon="0" merge="0" rebuychips="0" reg_code="5059600830"/>
<player seat="6" name="SuBandiduu" chips="450" dealer="1" win="130" bet="450" muck="1" rebuy="0" addon="0" merge="0" rebuychips="0" reg_code="5059600834"/>
</players>
</general>
<round no="0"><action no="1" player="SuBandiduu" type="15" discard="1" dealt="1" sum="5"/>
<action no="2" player="Rakki" type="15" sum="5"/>
<action no="3" player="SuBandiduu" type="1" discard="1" dealt="1" sum="30"/>
<action no="4" player="Rakki" type="2" sum="60"/>
</round>
<round no="1"><cards type="Pocket" player="Rakki">C7 S5</cards>
<cards type="Pocket" player="SuBandiduu">X X</cards>
<action no="5" player="SuBandiduu" type="23" discard="1" dealt="1" sum="445"/>
<action no="6" player="Rakki" type="0" sum="0"/>
</round>
</game>
<game gamecode="6478129828"><general><startdate>2025-09-13 18:25:20</startdate>
<round>1</round>
<failsafecounter/>
<players><player seat="6" name="SuBandiduu" chips="515" dealer="0" win="70" bet="65" muck="1" rebuy="0" addon="0" merge="0" rebuychips="0" reg_code="5059600834"/>
<player seat="3" name="Rakki" chips="985" dealer="1" win="0" bet="35" muck="1" rebuy="0" addon="0" merge="0" rebuychips="0" reg_code="5059600830"/>
</players>
</general>
<round no="0"><action no="1" player="Rakki" type="15" sum="5"/>
<action no="2" player="SuBandiduu" type="15" discard="1" dealt="1" sum="5"/>
<action no="3" player="Rakki" type="1" sum="30"/>
<action no="4" player="SuBandiduu" type="2" discard="1" dealt="1" sum="60"/>
</round>
<round no="1"><cards type="Pocket" player="SuBandiduu">X X</cards>
<cards type="Pocket" player="Rakki">S4 H5</cards>
<action no="5" player="Rakki" type="0" sum="0"/>
</round>
</game>
<game gamecode="6478129835"><general><startdate>2025-09-13 18:25:26</startdate>
<round>1</round>
<failsafecounter/>
<players><player seat="3" name="Rakki" chips="950" dealer="0" win="0" bet="550" muck="1" rebuy="0" addon="0" merge="0" rebuychips="0" reg_code="5059600830"/>
<player seat="6" name="SuBandiduu" chips="550" dealer="1" win="1,100" bet="550" muck="0" rebuy="0" addon="0" merge="0" rebuychips="0" reg_code="5059600834"/>
</players>
</general>
<round no="0"><action no="1" player="SuBandiduu" type="15" discard="1" dealt="1" sum="5"/>
<action no="2" player="Rakki" type="15" sum="5"/>
<action no="3" player="SuBandiduu" type="1" discard="1" dealt="1" sum="30"/>
<action no="4" player="Rakki" type="2" sum="60"/>
</round>
<round no="1"><cards type="Pocket" player="SuBandiduu">C7 CJ</cards>
<cards type="Pocket" player="Rakki">C5 SA</cards>
<action no="5" player="SuBandiduu" type="23" discard="1" dealt="1" sum="545"/>
<action no="6" player="Rakki" type="3" sum="485"/>
</round>
<round no="2"><cards type="Flop">HJ CQ D2</cards>
</round>
<round no="3"><cards type="Turn">SQ</cards>
</round>
<round no="4"><cards type="River">HK</cards>
</round>
</game>
<game gamecode="6478129851"><general><startdate>2025-09-13 18:25:42</startdate>
<round>1</round>
<failsafecounter/>
<players><player seat="6" name="SuBandiduu" chips="1,100" dealer="0" win="0" bet="65" muck="1" rebuy="0" addon="0" merge="0" rebuychips="0" reg_code="5059600834"/>
<player seat="3" name="Rakki" chips="400" dealer="1" win="130" bet="400" muck="1" rebuy="0" addon="0" merge="0" rebuychips="0" reg_code="5059600830"/>
</players>
</general>
<round no="0"><action no="1" player="Rakki" type="15" sum="5"/>
<action no="2" player="SuBandiduu" type="15" discard="1" dealt="1" sum="5"/>
<action no="3" player="Rakki" type="1" sum="30"/>
<action no="4" player="SuBandiduu" type="2" discard="1" dealt="1" sum="60"/>
</round>
<round no="1"><cards type="Pocket" player="Rakki">CJ C4</cards>
<cards type="Pocket" player="SuBandiduu">X X</cards>
<action no="5" player="Rakki" type="23" sum="395"/>
<action no="6" player="SuBandiduu" type="0" discard="1" dealt="1" sum="0"/>
</round>
</game>
<game gamecode="6478129865"><general><startdate>2025-09-13 18:25:52</startdate>
<round>1</round>
<failsafecounter/>
<players><player seat="3" name="Rakki" chips="465" dealer="0" win="96" bet="88" muck="1" rebuy="0" addon="0" merge="0" rebuychips="0" reg_code="5059600830"/>
<player seat="6" name="SuBandiduu" chips="1,035" dealer="1" win="0" bet="48" muck="1" rebuy="0" addon="0" merge="0" rebuychips="0" reg_code="5059600834"/>
</players>
</general>
<round no="0"><action no="1" player="SuBandiduu" type="15" discard="1" dealt="1" sum="8"/>
<action no="2" player="Rakki" type="15" sum="8"/>
<action no="3" player="SuBandiduu" type="1" discard="1" dealt="1" sum="40"/>
<action no="4" player="Rakki" type="2" sum="80"/>
</round>
<round no="1"><cards type="Pocket" player="SuBandiduu">X X</cards>
<cards type="Pocket" player="Rakki">S6 S10</cards>
<action no="5" player="SuBandiduu" type="0" discard="1" dealt="1" sum="0"/>
</round>
</game>
<game gamecode="6478129876"><general><startdate>2025-09-13 18:26:00</startdate>
<round>1</round>
<failsafecounter/>
<players><player seat="6" name="SuBandiduu" chips="987" dealer="0" win="0" bet="88" muck="1" rebuy="0" addon="0" merge="0" rebuychips="0" reg_code="5059600834"/>
<player seat="3" name="Rakki" chips="513" dealer="1" win="176" bet="513" muck="1" rebuy="0" addon="0" merge="0" rebuychips="0" reg_code="5059600830"/>
</players>
</general>
<round no="0"><action no="1" player="Rakki" type="15" sum="8"/>
<action no="2" player="SuBandiduu" type="15" discard="1" dealt="1" sum="8"/>
<action no="3" player="Rakki" type="1" sum="40"/>
<action no="4" player="SuBandiduu" type="2" discard="1" dealt="1" sum="80"/>
</round>
<round no="1"><cards type="Pocket" player="SuBandiduu">X X</cards>
<cards type="Pocket" player="Rakki">SA D9</cards>
<action no="5" player="Rakki" type="23" sum="505"/>
<action no="6" player="SuBandiduu" type="0" discard="1" dealt="1" sum="0"/>
</round>
</game>
<game gamecode="6478129885"><general><startdate>2025-09-13 18:26:09</startdate>
<round>1</round>
<failsafecounter/>
<players><player seat="3" name="Rakki" chips="601" dealer="0" win="1,202" bet="601" muck="0" rebuy="0" addon="0" merge="0" rebuychips="0" reg_code="5059600830"/>
<player seat="6" name="SuBandiduu" chips="899" dealer="1" win="0" bet="899" muck="1" rebuy="0" addon="0" merge="0" rebuychips="0" reg_code="5059600834"/>
</players>
</general>
<round no="0"><action no="1" player="SuBandiduu" type="15" discard="1" dealt="1" sum="8"/>
<action no="2" player="Rakki" type="15" sum="8"/>
<action no="3" player="SuBandiduu" type="1" discard="1" dealt="1" sum="40"/>
<action no="4" player="Rakki" type="2" sum="80"/>
</round>
<round no="1"><cards type="Pocket" player="SuBandiduu">HK S10</cards>
<cards type="Pocket" player="Rakki">S8 SA</cards>
<action no="5" player="SuBandiduu" type="23" discard="1" dealt="1" sum="891"/>
<action no="6" player="Rakki" type="7" sum="513"/>
</round>
<round no="2"><cards type="Flop">D3 SQ S5</cards>
</round>
<round no="3"><cards type="Turn">C3</cards>
</round>
<round no="4"><cards type="River">C8</cards>
</round>
</game>
<game gamecode="6478129906"><general><startdate>2025-09-13 18:26:29</startdate>
<round>1</round>
<failsafecounter/>
<players><player seat="6" name="SuBandiduu" chips="298" dealer="0" win="0" bet="298" muck="1" rebuy="0" addon="0" merge="0" rebuychips="0" reg_code="5059600834"/>
<player seat="3" name="Rakki" chips="1,202" dealer="1" win="596" bet="1,202" muck="0" rebuy="0" addon="0" merge="0" rebuychips="0" reg_code="5059600830"/>
</players>
</general>
<round no="0"><action no="1" player="Rakki" type="15" sum="8"/>
<action no="2" player="SuBandiduu" type="15" discard="1" dealt="1" sum="8"/>
<action no="3" player="Rakki" type="1" sum="40"/>
<action no="4" player="SuBandiduu" type="2" discard="1" dealt="1" sum="80"/>
</round>
<round no="1"><cards type="Pocket" player="Rakki">S7 CA</cards>
<cards type="Pocket" player="SuBandiduu">HQ D10</cards>
<action no="5" player="Rakki" type="23" sum="1,194"/>
<action no="6" player="SuBandiduu" type="7" discard="1" dealt="1" sum="210"/>
</round>
<round no="2"><cards type="Flop">D7 HK C3</cards>
</round>
<round no="3"><cards type="Turn">D8</cards>
</round>
<round no="4"><cards type="River">S9</cards>
</round>
</game>
</session>
