<?xml version="1.0" encoding="UTF-8"?>
<session sessioncode="5059158476">
<general>
<client_version>25.1.1.16</client_version>
<mode>real</mode>
<gametype>Holdem NL</gametype>
<tablename>Twister €200 SNG, 817514811</tablename>
<tournamentcode>817514810</tournamentcode>
<tournamentname>Twister €200 SNG</tournamentname>
<buyin>€0 + €12 + €188</buyin>
<totalbuyin>€200</totalbuyin>
<rewarddrawn>€600</rewarddrawn>
<tournamentcurrency>EUR</tournamentcurrency>
<currency>EUR</currency>
<nickname>Rakki</nickname>
<gamecount>21</gamecount>
<startdate>2025-09-11 15:53:50</startdate>
<place>1</place>
<win>€600</win>
<tablesize>3</tablesize>
</general>
<game gamecode="6476286794"><general><startdate>2025-09-11 15:54:05</startdate>
<round>1</round>
<failsafecounter/>
<players><player seat="3" name="deIduKA" chips="500" dealer="0" win="0" bet="20" muck="1" rebuy="0" addon="0" merge="0" rebuychips="0" reg_code="5059157381"/>
<player seat="6" name="Exivezzz2323" chips="500" dealer="1" win="0" bet="0" muck="1" rebuy="0" addon="0" merge="0" rebuychips="0" reg_code="5059157386"/>
<player seat="10" name="Rakki" chips="500" dealer="0" win="40" bet="60" muck="1" rebuy="0" addon="0" merge="0" rebuychips="0" reg_code="5059158476"/>
</players>
</general>
<round no="0"><action no="1" player="Rakki" type="1" sum="10"/>
<action no="2" player="deIduKA" type="2" discard="1" dealt="1" sum="20"/>
</round>
<round no="1"><cards type="Pocket" player="Exivezzz2323">X X</cards>
<cards type="Pocket" player="Rakki">S10 HQ</cards>
<cards type="Pocket" player="deIduKA">X X</cards>
<action no="3" player="Exivezzz2323" type="0" discard="1" dealt="1" sum="0"/>
<action no="4" player="Rakki" type="23" sum="60"/>
<action no="5" player="deIduKA" type="0" discard="1" dealt="1" sum="0"/>
</round>
</game>
<game gamecode="6476286820"><general><startdate>2025-09-11 15:54:25</startdate>
<round>1</round>
<failsafecounter/>
<players><player seat="6" name="Exivezzz2323" chips="500" dealer="0" win="0" bet="20" muck="1" rebuy="0" addon="0" merge="0" rebuychips="0" reg_code="5059157386"/>
<player seat="10" name="Rakki" chips="520" dealer="1" win="0" bet="0" muck="1" rebuy="0" addon="0" merge="0" rebuychips="0" reg_code="5059158476"/>
<player seat="3" name="deIduKA" chips="480" dealer="0" win="40" bet="480" muck="1" rebuy="0" addon="0" merge="0" rebuychips="0" reg_code="5059157381"/>
</players>
</general>
<round no="0"><action no="1" player="deIduKA" type="1" discard="1" dealt="1" sum="10"/>
<action no="2" player="Exivezzz2323" type="2" discard="1" dealt="1" sum="20"/>
</round>
<round no="1"><cards type="Pocket" player="Rakki">S7 DK</cards>
<cards type="Pocket" player="Exivezzz2323">X X</cards>
<cards type="Pocket" player="deIduKA">X X</cards>
<action no="3" player="Rakki" type="0" sum="0"/>
<action no="4" player="deIduKA" type="23" discard="1" dealt="1" sum="480"/>
<action no="5" player="Exivezzz2323" type="0" discard="1" dealt="1" sum="0"/>
</round>
</game>
<game gamecode="6476286839"><general><startdate>2025-09-11 15:54:37</startdate>
<round>1</round>
<failsafecounter/>
<players><player seat="10" name="Rakki" chips="520" dealer="0" win="0" bet="20" muck="1" rebuy="0" addon="0" merge="0" rebuychips="0" reg_code="5059158476"/>
<player seat="3" name="deIduKA" chips="500" dealer="1" win="0" bet="0" muck="1" rebuy="0" addon="0" merge="0" rebuychips="0" reg_code="5059157381"/>
<player seat="6" name="Exivezzz2323" chips="480" dealer="0" win="40" bet="40" muck="1" rebuy="0" addon="0" merge="0" rebuychips="0" reg_code="5059157386"/>
</players>
</general>
<round no="0"><action no="1" player="Exivezzz2323" type="1" discard="1" dealt="1" sum="10"/>
<action no="2" player="Rakki" type="2" sum="20"/>
</round>
<round no="1"><cards type="Pocket" player="Rakki">D5 H3</cards>
<cards type="Pocket" player="deIduKA">X X</cards>
<cards type="Pocket" player="Exivezzz2323">X X</cards>
<action no="3" player="deIduKA" type="0" discard="1" dealt="1" sum="0"/>
<action no="4" player="Exivezzz2323" type="3" discard="1" dealt="1" sum="10"/>
<action no="5" player="Rakki" type="4" sum="0"/>
</round>
<round no="2"><cards type="Flop">D6 H10 CA</cards>
<action no="6" player="Exivezzz2323" type="5" discard="1" dealt="1" sum="20"/>
<action no="7" player="Rakki" type="0" sum="0"/>
</round>
</game>
<game gamecode="6476286876"><general><startdate>2025-09-11 15:55:01</startdate>
<round>1</round>
<failsafecounter/>
<players><player seat="3" name="deIduKA" chips="500" dealer="0" win="0" bet="40" muck="1" rebuy="0" addon="0" merge="0" rebuychips="0" reg_code="5059157381"/>
<player seat="6" name="Exivezzz2323" chips="500" dealer="1" win="0" bet="0" muck="1" rebuy="0" addon="0" merge="0" rebuychips="0" reg_code="5059157386"/>
<player seat="10" name="Rakki" chips="500" dealer="0" win="80" bet="100" muck="1" rebuy="0" addon="0" merge="0" rebuychips="0" reg_code="5059158476"/>
</players>
</general>
<round no="0"><action no="1" player="Rakki" type="1" sum="10"/>
<action no="2" player="deIduKA" type="2" discard="1" dealt="1" sum="20"/>
</round>
<round no="1"><cards type="Pocket" player="Exivezzz2323">X X</cards>
<cards type="Pocket" player="deIduKA">X X</cards>
<cards type="Pocket" player="Rakki">C2 D2</cards>
<action no="3" player="Exivezzz2323" type="0" discard="1" dealt="1" sum="0"/>
<action no="4" player="Rakki" type="3" sum="10"/>
<action no="5" player="deIduKA" type="4" discard="1" dealt="1" sum="0"/>
</round>
<round no="2"><cards type="Flop">SA D7 C3</cards>
<action no="6" player="Rakki" type="5" sum="20"/>
<action no="7" player="deIduKA" type="3" discard="1" dealt="1" sum="20"/>
</round>
<round no="3"><cards type="Turn">S4</cards>
<action no="8" player="Rakki" type="5" sum="60"/>
<action no="9" player="deIduKA" type="0" discard="1" dealt="1" sum="0"/>
</round>
</game>
<game gamecode="6476286932"><general><startdate>2025-09-11 15:55:35</startdate>
<round>1</round>
<failsafecounter/>
<players><player seat="6" name="Exivezzz2323" chips="500" dealer="0" win="0" bet="20" muck="1" rebuy="0" addon="0" merge="0" rebuychips="0" reg_code="5059157386"/>
<player seat="10" name="Rakki" chips="540" dealer="1" win="50" bet="40" muck="1" rebuy="0" addon="0" merge="0" rebuychips="0" reg_code="5059158476"/>
<player seat="3" name="deIduKA" chips="460" dealer="0" win="0" bet="10" muck="1" rebuy="0" addon="0" merge="0" rebuychips="0" reg_code="5059157381"/>
</players>
</general>
<round no="0"><action no="1" player="deIduKA" type="1" discard="1" dealt="1" sum="10"/>
<action no="2" player="Exivezzz2323" type="2" discard="1" dealt="1" sum="20"/>
</round>
<round no="1"><cards type="Pocket" player="Exivezzz2323">X X</cards>
<cards type="Pocket" player="Rakki">D9 D10</cards>
<cards type="Pocket" player="deIduKA">X X</cards>
<action no="3" player="Rakki" type="23" sum="40"/>
<action no="4" player="deIduKA" type="0" discard="1" dealt="1" sum="0"/>
<action no="5" player="Exivezzz2323" type="0" discard="1" dealt="1" sum="0"/>
</round>
</game>
<game gamecode="6476286965"><general><startdate>2025-09-11 15:55:56</startdate>
<round>1</round>
<failsafecounter/>
<players><player seat="10" name="Rakki" chips="570" dealer="0" win="135" bet="117" muck="1" rebuy="0" addon="0" merge="0" rebuychips="0" reg_code="5059158476"/>
<player seat="3" name="deIduKA" chips="450" dealer="1" win="0" bet="5" muck="1" rebuy="0" addon="0" merge="0" rebuychips="0" reg_code="5059157381"/>
<player seat="6" name="Exivezzz2323" chips="480" dealer="0" win="0" bet="65" muck="1" rebuy="0" addon="0" merge="0" rebuychips="0" reg_code="5059157386"/>
</players>
</general>
<round no="0"><action no="1" player="Exivezzz2323" type="15" discard="1" dealt="1" sum="5"/>
<action no="2" player="Rakki" type="15" sum="5"/>
<action no="3" player="deIduKA" type="15" discard="1" dealt="1" sum="5"/>
<action no="4" player="Exivezzz2323" type="1" discard="1" dealt="1" sum="15"/>
<action no="5" player="Rakki" type="2" sum="30"/>
</round>
<round no="1"><cards type="Pocket" player="deIduKA">X X</cards>
<cards type="Pocket" player="Rakki">DJ D7</cards>
<cards type="Pocket" player="Exivezzz2323">X X</cards>
<action no="6" player="deIduKA" type="0" discard="1" dealt="1" sum="0"/>
<action no="7" player="Exivezzz2323" type="3" discard="1" dealt="1" sum="15"/>
<action no="8" player="Rakki" type="4" sum="0"/>
</round>
<round no="2"><cards type="Flop">HJ C6 H6</cards>
<action no="9" player="Exivezzz2323" type="4" discard="1" dealt="1" sum="0"/>
<action no="10" player="Rakki" type="4" sum="0"/>
</round>
<round no="3"><cards type="Turn">CA</cards>
<action no="11" player="Exivezzz2323" type="4" discard="1" dealt="1" sum="0"/>
<action no="12" player="Rakki" type="4" sum="0"/>
</round>
<round no="4"><cards type="River">S6</cards>
<action no="13" player="Exivezzz2323" type="5" discard="1" dealt="1" sum="30"/>
<action no="14" player="Rakki" type="23" sum="82"/>
<action no="15" player="Exivezzz2323" type="0" discard="1" dealt="1" sum="0"/>
</round>
</game>
<game gamecode="6476287075"><general><startdate>2025-09-11 15:57:04</startdate>
<round>1</round>
<failsafecounter/>
<players><player seat="3" name="deIduKA" chips="445" dealer="0" win="45" bet="35" muck="1" rebuy="0" addon="0" merge="0" rebuychips="0" reg_code="5059157381"/>
<player seat="6" name="Exivezzz2323" chips="415" dealer="1" win="0" bet="5" muck="1" rebuy="0" addon="0" merge="0" rebuychips="0" reg_code="5059157386"/>
<player seat="10" name="Rakki" chips="640" dealer="0" win="0" bet="20" muck="1" rebuy="0" addon="0" merge="0" rebuychips="0" reg_code="5059158476"/>
</players>
</general>
<round no="0"><action no="1" player="Rakki" type="15" sum="5"/>
<action no="2" player="deIduKA" type="15" discard="1" dealt="1" sum="5"/>
<action no="3" player="Exivezzz2323" type="15" discard="1" dealt="1" sum="5"/>
<action no="4" player="Rakki" type="1" sum="15"/>
<action no="5" player="deIduKA" type="2" discard="1" dealt="1" sum="30"/>
</round>
<round no="1"><cards type="Pocket" player="deIduKA">X X</cards>
<cards type="Pocket" player="Exivezzz2323">X X</cards>
<cards type="Pocket" player="Rakki">DJ C2</cards>
<action no="6" player="Exivezzz2323" type="0" discard="1" dealt="1" sum="0"/>
<action no="7" player="Rakki" type="0" sum="0"/>
</round>
</game>
<game gamecode="6476287097"><general><startdate>2025-09-11 15:57:16</startdate>
<round>1</round>
<failsafecounter/>
<players><player seat="6" name="Exivezzz2323" chips="410" dealer="0" win="825" bet="410" muck="0" rebuy="0" addon="0" merge="0" rebuychips="0" reg_code="5059157386"/>
<player seat="10" name="Rakki" chips="620" dealer="1" win="0" bet="5" muck="1" rebuy="0" addon="0" merge="0" rebuychips="0" reg_code="5059158476"/>
<player seat="3" name="deIduKA" chips="470" dealer="0" win="0" bet="470" muck="0" rebuy="0" addon="0" merge="0" rebuychips="0" reg_code="5059157381"/>
</players>
</general>
<round no="0"><action no="1" player="deIduKA" type="15" discard="1" dealt="1" sum="5"/>
<action no="2" player="Exivezzz2323" type="15" discard="1" dealt="1" sum="5"/>
<action no="3" player="Rakki" type="15" sum="5"/>
<action no="4" player="deIduKA" type="1" discard="1" dealt="1" sum="15"/>
<action no="5" player="Exivezzz2323" type="2" discard="1" dealt="1" sum="30"/>
</round>
<round no="1"><cards type="Pocket" player="Rakki">S8 H3</cards>
<cards type="Pocket" player="Exivezzz2323">SQ DQ</cards>
<cards type="Pocket" player="deIduKA">CA D9</cards>
<action no="6" player="Rakki" type="0" sum="0"/>
<action no="7" player="deIduKA" type="23" discard="1" dealt="1" sum="465"/>
<action no="8" player="Exivezzz2323" type="7" discard="1" dealt="1" sum="375"/>
</round>
<round no="2"><cards type="Flop">HQ SJ D2</cards>
</round>
<round no="3"><cards type="Turn">D3</cards>
</round>
<round no="4"><cards type="River">S3</cards>
</round>
</game>
<game gamecode="6476287124"><general><startdate>2025-09-11 15:57:35</startdate>
<round>1</round>
<failsafecounter/>
<players><player seat="10" name="Rakki" chips="615" dealer="0" win="0" bet="45" muck="1" rebuy="0" addon="0" merge="0" rebuychips="0" reg_code="5059158476"/>
<player seat="3" name="deIduKA" chips="60" dealer="1" win="165" bet="60" muck="0" rebuy="0" addon="0" merge="0" rebuychips="0" reg_code="5059157381"/>
<player seat="6" name="Exivezzz2323" chips="825" dealer="0" win="0" bet="825" muck="1" rebuy="0" addon="0" merge="0" rebuychips="0" reg_code="5059157386"/>
</players>
</general>
<round no="0"><action no="1" player="Exivezzz2323" type="15" discard="1" dealt="1" sum="5"/>
<action no="2" player="Rakki" type="15" sum="5"/>
<action no="3" player="deIduKA" type="15" discard="1" dealt="1" sum="5"/>
<action no="4" player="Exivezzz2323" type="1" discard="1" dealt="1" sum="20"/>
<action no="5" player="Rakki" type="2" sum="40"/>
</round>
<round no="1"><cards type="Pocket" player="Rakki">S9 HQ</cards>
<cards type="Pocket" player="Exivezzz2323">D9 CA</cards>
<cards type="Pocket" player="deIduKA">HA CK</cards>
<action no="6" player="deIduKA" type="7" discard="1" dealt="1" sum="55"/>
<action no="7" player="Exivezzz2323" type="23" discard="1" dealt="1" sum="820"/>
<action no="8" player="Rakki" type="0" sum="0"/>
</round>
<round no="2"><cards type="Flop">DK CJ H10</cards>
</round>
<round no="3"><cards type="Turn">S3</cards>
</round>
<round no="4"><cards type="River">C4</cards>
</round>
</game>
<game gamecode="6476287164"><general><startdate>2025-09-11 15:58:00</startdate>
<round>1</round>
<failsafecounter/>
<players><player seat="3" name="deIduKA" chips="165" dealer="0" win="0" bet="165" muck="0" rebuy="0" addon="0" merge="0" rebuychips="0" reg_code="5059157381"/>
<player seat="6" name="Exivezzz2323" chips="765" dealer="1" win="355" bet="765" muck="0" rebuy="0" addon="0" merge="0" rebuychips="0" reg_code="5059157386"/>
<player seat="10" name="Rakki" chips="570" dealer="0" win="0" bet="25" muck="1" rebuy="0" addon="0" merge="0" rebuychips="0" reg_code="5059158476"/>
</players>
</general>
<round no="0"><action no="1" player="Rakki" type="15" sum="5"/>
<action no="2" player="deIduKA" type="15" discard="1" dealt="1" sum="5"/>
<action no="3" player="Exivezzz2323" type="15" discard="1" dealt="1" sum="5"/>
<action no="4" player="Rakki" type="1" sum="20"/>
<action no="5" player="deIduKA" type="2" discard="1" dealt="1" sum="40"/>
</round>
<round no="1"><cards type="Pocket" player="Exivezzz2323">DA D4</cards>
<cards type="Pocket" player="deIduKA">DJ S8</cards>
<cards type="Pocket" player="Rakki">CK D6</cards>
<action no="6" player="Exivezzz2323" type="23" discard="1" dealt="1" sum="760"/>
<action no="7" player="Rakki" type="0" sum="0"/>
<action no="8" player="deIduKA" type="7" discard="1" dealt="1" sum="120"/>
</round>
<round no="2"><cards type="Flop">D10 SK C9</cards>
</round>
<round no="3"><cards type="Turn">D5</cards>
</round>
<round no="4"><cards type="River">HK</cards>
</round>
</game>
<game gamecode="6476287200"><general><startdate>2025-09-11 15:58:23</startdate>
<round>1</round>
<failsafecounter/>
<players><player seat="6" name="Exivezzz2323" chips="955" dealer="0" win="0" bet="45" muck="1" rebuy="0" addon="0" merge="0" rebuychips="0" reg_code="5059157386"/>
<player seat="10" name="Rakki" chips="545" dealer="1" win="90" bet="545" muck="1" rebuy="0" addon="0" merge="0" rebuychips="0" reg_code="5059158476"/>
</players>
</general>
<round no="0"><action no="1" player="Rakki" type="15" sum="5"/>
<action no="2" player="Exivezzz2323" type="15" discard="1" dealt="1" sum="5"/>
<action no="3" player="Rakki" type="1" sum="20"/>
<action no="4" player="Exivezzz2323" type="2" discard="1" dealt="1" sum="40"/>
</round>
<round no="1"><cards type="Pocket" player="Rakki">C9 SA</cards>
<cards type="Pocket" player="Exivezzz2323">X X</cards>
<action no="5" player="Rakki" type="23" sum="540"/>
<action no="6" player="Exivezzz2323" type="0" discard="1" dealt="1" sum="0"/>
</round>
</game>
<game gamecode="6476287230"><general><startdate>2025-09-11 15:58:40</startdate>
<round>1</round>
<failsafecounter/>
<players><player seat="10" name="Rakki" chips="590" dealer="0" win="0" bet="45" muck="1" rebuy="0" addon="0" merge="0" rebuychips="0" reg_code="5059158476"/>
<player seat="6" name="Exivezzz2323" chips="910" dealer="1" win="90" bet="88" muck="1" rebuy="0" addon="0" merge="0" rebuychips="0" reg_code="5059157386"/>
</players>
</general>
<round no="0"><action no="1" player="Exivezzz2323" type="15" discard="1" dealt="1" sum="5"/>
<action no="2" player="Rakki" type="15" sum="5"/>
<action no="3" player="Exivezzz2323" type="1" discard="1" dealt="1" sum="20"/>
<action no="4" player="Rakki" type="2" sum="40"/>
</round>
<round no="1"><cards type="Pocket" player="Rakki">H7 H6</cards>
<cards type="Pocket" player="Exivezzz2323">X X</cards>
<action no="5" player="Exivezzz2323" type="3" discard="1" dealt="1" sum="20"/>
<action no="6" player="Rakki" type="4" sum="0"/>
</round>
<round no="2"><cards type="Flop">D2 D5 DK</cards>
<action no="7" player="Rakki" type="4" sum="0"/>
<action no="8" player="Exivezzz2323" type="5" discard="1" dealt="1" sum="43"/>
<action no="9" player="Rakki" type="0" sum="0"/>
</round>
</game>
<game gamecode="6476287263"><general><startdate>2025-09-11 15:58:59</startdate>
<round>1</round>
<failsafecounter/>
<players><player seat="6" name="Exivezzz2323" chips="955" dealer="0" win="90" bet="165" muck="1" rebuy="0" addon="0" merge="0" rebuychips="0" reg_code="5059157386"/>
<player seat="10" name="Rakki" chips="545" dealer="1" win="0" bet="45" muck="1" rebuy="0" addon="0" merge="0" rebuychips="0" reg_code="5059158476"/>
</players>
</general>
<round no="0"><action no="1" player="Rakki" type="15" sum="5"/>
<action no="2" player="Exivezzz2323" type="15" discard="1" dealt="1" sum="5"/>
<action no="3" player="Rakki" type="1" sum="20"/>
<action no="4" player="Exivezzz2323" type="2" discard="1" dealt="1" sum="40"/>
</round>
<round no="1"><cards type="Pocket" player="Exivezzz2323">X X</cards>
<cards type="Pocket" player="Rakki">S3 H4</cards>
<action no="5" player="Rakki" type="3" sum="20"/>
<action no="6" player="Exivezzz2323" type="23" discard="1" dealt="1" sum="160"/>
<action no="7" player="Rakki" type="0" sum="0"/>
</round>
</game>
<game gamecode="6476287296"><general><startdate>2025-09-11 15:59:21</startdate>
<round>1</round>
<failsafecounter/>
<players><player seat="10" name="Rakki" chips="500" dealer="0" win="1,000" bet="500" muck="0" rebuy="0" addon="0" merge="0" rebuychips="0" reg_code="5059158476"/>
<player seat="6" name="Exivezzz2323" chips="1,000" dealer="1" win="0" bet="500" muck="1" rebuy="0" addon="0" merge="0" rebuychips="0" reg_code="5059157386"/>
</players>
</general>
<round no="0"><action no="1" player="Exivezzz2323" type="15" discard="1" dealt="1" sum="5"/>
<action no="2" player="Rakki" type="15" sum="5"/>
<action no="3" player="Exivezzz2323" type="1" discard="1" dealt="1" sum="30"/>
<action no="4" player="Rakki" type="2" sum="60"/>
</round>
<round no="1"><cards type="Pocket" player="Exivezzz2323">H2 H9</cards>
<cards type="Pocket" player="Rakki">S2 S5</cards>
<action no="5" player="Exivezzz2323" type="3" discard="1" dealt="1" sum="30"/>
<action no="6" player="Rakki" type="4" sum="0"/>
</round>
<round no="2"><cards type="Flop">D3 S7 H4</cards>
<action no="7" player="Rakki" type="4" sum="0"/>
<action no="8" player="Exivezzz2323" type="4" discard="1" dealt="1" sum="0"/>
</round>
<round no="3"><cards type="Turn">S9</cards>
<action no="9" player="Rakki" type="5" sum="130"/>
<action no="10" player="Exivezzz2323" type="3" discard="1" dealt="1" sum="130"/>
</round>
<round no="4"><cards type="River">C6</cards>
<action no="11" player="Rakki" type="5" sum="305"/>
<action no="12" player="Exivezzz2323" type="3" discard="1" dealt="1" sum="305"/>
</round>
</game>
<game gamecode="6476287360"><general><startdate>2025-09-11 16:00:09</startdate>
<round>1</round>
<failsafecounter/>
<players><player seat="6" name="Exivezzz2323" chips="500" dealer="0" win="0" bet="65" muck="1" rebuy="0" addon="0" merge="0" rebuychips="0" reg_code="5059157386"/>
<player seat="10" name="Rakki" chips="1,000" dealer="1" win="130" bet="1,000" muck="1" rebuy="0" addon="0" merge="0" rebuychips="0" reg_code="5059158476"/>
</players>
</general>
<round no="0"><action no="1" player="Rakki" type="15" sum="5"/>
<action no="2" player="Exivezzz2323" type="15" discard="1" dealt="1" sum="5"/>
<action no="3" player="Rakki" type="1" sum="30"/>
<action no="4" player="Exivezzz2323" type="2" discard="1" dealt="1" sum="60"/>
</round>
<round no="1"><cards type="Pocket" player="Exivezzz2323">X X</cards>
<cards type="Pocket" player="Rakki">DA S6</cards>
<action no="5" player="Rakki" type="23" sum="995"/>
<action no="6" player="Exivezzz2323" type="0" discard="1" dealt="1" sum="0"/>
</round>
</game>
<game gamecode="6476287382"><general><startdate>2025-09-11 16:00:19</startdate>
<round>1</round>
<failsafecounter/>
<players><player seat="10" name="Rakki" chips="1,065" dealer="0" win="0" bet="1,065" muck="0" rebuy="0" addon="0" merge="0" rebuychips="0" reg_code="5059158476"/>
<player seat="6" name="Exivezzz2323" chips="435" dealer="1" win="870" bet="435" muck="0" rebuy="0" addon="0" merge="0" rebuychips="0" reg_code="5059157386"/>
</players>
</general>
<round no="0"><action no="1" player="Exivezzz2323" type="15" discard="1" dealt="1" sum="5"/>
<action no="2" player="Rakki" type="15" sum="5"/>
<action no="3" player="Exivezzz2323" type="1" discard="1" dealt="1" sum="30"/>
<action no="4" player="Rakki" type="2" sum="60"/>
</round>
<round no="1"><cards type="Pocket" player="Rakki">C8 C9</cards>
<cards type="Pocket" player="Exivezzz2323">CA S8</cards>
<action no="5" player="Exivezzz2323" type="23" discard="1" dealt="1" sum="420"/>
<action no="6" player="Rakki" type="3" sum="360"/>
</round>
<round no="2"><cards type="Flop">H10 DK D8</cards>
<action no="7" player="Rakki" type="5" sum="640"/>
<action no="8" player="Exivezzz2323" type="7" discard="1" dealt="1" sum="10"/>
</round>
<round no="3"><cards type="Turn">H8</cards>
</round>
<round no="4"><cards type="River">CQ</cards>
</round>
</game>
<game gamecode="6476295946"><general><startdate>2025-09-11 16:01:05</startdate>
<round>1</round>
<failsafecounter/>
<players><player seat="6" name="Exivezzz2323" chips="870" dealer="0" win="0" bet="88" muck="1" rebuy="0" addon="0" merge="0" rebuychips="0" reg_code="5059157386"/>
<player seat="10" name="Rakki" chips="630" dealer="1" win="176" bet="630" muck="1" rebuy="0" addon="0" merge="0" rebuychips="0" reg_code="5059158476"/>
</players>
</general>
<round no="0"><action no="1" player="Rakki" type="15" sum="8"/>
<action no="2" player="Exivezzz2323" type="15" discard="1" dealt="1" sum="8"/>
<action no="3" player="Rakki" type="1" sum="40"/>
<action no="4" player="Exivezzz2323" type="2" discard="1" dealt="1" sum="80"/>
</round>
<round no="1"><cards type="Pocket" player="Exivezzz2323">X X</cards>
<cards type="Pocket" player="Rakki">C10 DA</cards>
<action no="5" player="Rakki" type="23" sum="622"/>
<action no="6" player="Exivezzz2323" type="0" discard="1" dealt="1" sum="0"/>
</round>
</game>
<game gamecode="6476295984"><general><startdate>2025-09-11 16:01:25</startdate>
<round>1</round>
<failsafecounter/>
<players><player seat="10" name="Rakki" chips="718" dealer="0" win="0" bet="88" muck="1" rebuy="0" addon="0" merge="0" rebuychips="0" reg_code="5059158476"/>
<player seat="6" name="Exivezzz2323" chips="782" dealer="1" win="176" bet="782" muck="1" rebuy="0" addon="0" merge="0" rebuychips="0" reg_code="5059157386"/>
</players>
</general>
<round no="0"><action no="1" player="Exivezzz2323" type="15" discard="1" dealt="1" sum="8"/>
<action no="2" player="Rakki" type="15" sum="8"/>
<action no="3" player="Exivezzz2323" type="1" discard="1" dealt="1" sum="40"/>
<action no="4" player="Rakki" type="2" sum="80"/>
</round>
<round no="1"><cards type="Pocket" player="Rakki">H7 H6</cards>
<cards type="Pocket" player="Exivezzz2323">X X</cards>
<action no="5" player="Exivezzz2323" type="23" discard="1" dealt="1" sum="774"/>
<action no="6" player="Rakki" type="0" sum="0"/>
</round>
</game>
<game gamecode="6476296014"><general><startdate>2025-09-11 16:01:45</startdate>
<round>1</round>
<failsafecounter/>
<players><player seat="6" name="Exivezzz2323" chips="870" dealer="0" win="0" bet="630" muck="1" rebuy="0" addon="0" merge="0" rebuychips="0" reg_code="5059157386"/>
<player seat="10" name="Rakki" chips="630" dealer="1" win="1,260" bet="630" muck="0" rebuy="0" addon="0" merge="0" rebuychips="0" reg_code="5059158476"/>
</players>
</general>
<round no="0"><action no="1" player="Rakki" type="15" sum="8"/>
<action no="2" player="Exivezzz2323" type="15" discard="1" dealt="1" sum="8"/>
<action no="3" player="Rakki" type="1" sum="40"/>
<action no="4" player="Exivezzz2323" type="2" discard="1" dealt="1" sum="80"/>
</round>
<round no="1"><cards type="Pocket" player="Rakki">S6 CK</cards>
<cards type="Pocket" player="Exivezzz2323">C10 H9</cards>
<action no="5" player="Rakki" type="23" sum="622"/>
<action no="6" player="Exivezzz2323" type="3" discard="1" dealt="1" sum="542"/>
</round>
<round no="2"><cards type="Flop">D2 D5 DK</cards>
</round>
<round no="3"><cards type="Turn">CA</cards>
</round>
<round no="4"><cards type="River">C5</cards>
</round>
</game>
<game gamecode="6476296039"><general><startdate>2025-09-11 16:02:03</startdate>
<round>1</round>
<failsafecounter/>
<players><player seat="10" name="Rakki" chips="1,260" dealer="0" win="96" bet="88" muck="1" rebuy="0" addon="0" merge="0" rebuychips="0" reg_code="5059158476"/>
<player seat="6" name="Exivezzz2323" chips="240" dealer="1" win="0" bet="48" muck="1" rebuy="0" addon="0" merge="0" rebuychips="0" reg_code="5059157386"/>
</players>
</general>
<round no="0"><action no="1" player="Exivezzz2323" type="15" discard="1" dealt="1" sum="8"/>
<action no="2" player="Rakki" type="15" sum="8"/>
<action no="3" player="Exivezzz2323" type="1" discard="1" dealt="1" sum="40"/>
<action no="4" player="Rakki" type="2" sum="80"/>
</round>
<round no="1"><cards type="Pocket" player="Rakki">C5 D4</cards>
<cards type="Pocket" player="Exivezzz2323">X X</cards>
<action no="5" player="Exivezzz2323" type="0" discard="1" dealt="1" sum="0"/>
</round>
</game>
<game gamecode="6476296058"><general><startdate>2025-09-11 16:02:13</startdate>
<round>1</round>
<failsafecounter/>
<players><player seat="6" name="Exivezzz2323" chips="192" dealer="0" win="0" bet="192" muck="0" rebuy="0" addon="0" merge="0" rebuychips="0" reg_code="5059157386"/>
<player seat="10" name="Rakki" chips="1,308" dealer="1" win="384" bet="248" muck="0" rebuy="0" addon="0" merge="0" rebuychips="0" reg_code="5059158476"/>
</players>
</general>
<round no="0"><action no="1" player="Rakki" type="15" sum="8"/>
<action no="2" player="Exivezzz2323" type="15" discard="1" dealt="1" sum="8"/>
<action no="3" player="Rakki" type="1" sum="40"/>
<action no="4" player="Exivezzz2323" type="2" discard="1" dealt="1" sum="80"/>
</round>
<round no="1"><cards type="Pocket" player="Rakki">DQ DJ</cards>
<cards type="Pocket" player="Exivezzz2323">C7 HK</cards>
<action no="5" player="Rakki" type="23" sum="240"/>
<action no="6" player="Exivezzz2323" type="7" discard="1" dealt="1" sum="104"/>
</round>
<round no="2"><cards type="Flop">C2 C8 D9</cards>
</round>
<round no="3"><cards type="Turn">HA</cards>
</round>
<round no="4"><cards type="River">S10</cards>
</round>
</game>
</session>
