<?xml version="1.0" encoding="UTF-8"?>
<session sessioncode="5059504954">
<general>
<client_version>25.1.1.16</client_version>
<mode>real</mode>
<gametype>Holdem NL</gametype>
<tablename>Twister €200 SNG, 817621946</tablename>
<tournamentcode>817621945</tournamentcode>
<tournamentname>Twister €200 SNG</tournamentname>
<buyin>€0 + €12 + €188</buyin>
<totalbuyin>€200</totalbuyin>
<rewarddrawn>€1000</rewarddrawn>
<tournamentcurrency>EUR</tournamentcurrency>
<currency>EUR</currency>
<nickname>Rakki</nickname>
<gamecount>48</gamecount>
<startdate>2025-09-13 03:30:37</startdate>
<place>2</place>
<win>€150</win>
<tablesize>3</tablesize>
</general>
<game gamecode="6477736807"><general><startdate>2025-09-13 03:30:57</startdate>
<round>1</round>
<failsafecounter/>
<players><player seat="10" name="Frizzantino00" chips="500" dealer="0" win="0" bet="20" muck="1" rebuy="0" addon="0" merge="0" rebuychips="0" reg_code="5059505359"/>
<player seat="3" name="OndaBianca1" chips="500" dealer="1" win="0" bet="0" muck="1" rebuy="0" addon="0" merge="0" rebuychips="0" reg_code="5059504659"/>
<player seat="6" name="Rakki" chips="500" dealer="0" win="40" bet="50" muck="1" rebuy="0" addon="0" merge="0" rebuychips="0" reg_code="5059504954"/>
</players>
</general>
<round no="0"><action no="1" player="Rakki" type="1" sum="10"/>
<action no="2" player="Frizzantino00" type="2" discard="1" dealt="1" sum="20"/>
</round>
<round no="1"><cards type="Pocket" player="Frizzantino00">X X</cards>
<cards type="Pocket" player="Rakki">D7 CK</cards>
<cards type="Pocket" player="OndaBianca1">X X</cards>
<action no="3" player="OndaBianca1" type="0" discard="1" dealt="1" sum="0"/>
<action no="4" player="Rakki" type="23" sum="50"/>
<action no="5" player="Frizzantino00" type="0" discard="1" dealt="1" sum="0"/>
</round>
</game>
<game gamecode="6477736815"><general><startdate>2025-09-13 03:31:10</startdate>
<round>1</round>
<failsafecounter/>
<players><player seat="3" name="OndaBianca1" chips="500" dealer="0" win="0" bet="20" muck="1" rebuy="0" addon="0" merge="0" rebuychips="0" reg_code="5059504659"/>
<player seat="6" name="Rakki" chips="520" dealer="1" win="0" bet="0" muck="1" rebuy="0" addon="0" merge="0" rebuychips="0" reg_code="5059504954"/>
<player seat="10" name="Frizzantino00" chips="480" dealer="0" win="40" bet="48" muck="1" rebuy="0" addon="0" merge="0" rebuychips="0" reg_code="5059505359"/>
</players>
</general>
<round no="0"><action no="1" player="Frizzantino00" type="1" discard="1" dealt="1" sum="10"/>
<action no="2" player="OndaBianca1" type="2" discard="1" dealt="1" sum="20"/>
</round>
<round no="1"><cards type="Pocket" player="Rakki">D3 D10</cards>
<cards type="Pocket" player="OndaBianca1">X X</cards>
<cards type="Pocket" player="Frizzantino00">X X</cards>
<action no="3" player="Rakki" type="0" sum="0"/>
<action no="4" player="Frizzantino00" type="3" discard="1" dealt="1" sum="10"/>
<action no="5" player="OndaBianca1" type="4" discard="1" dealt="1" sum="0"/>
</round>
<round no="2"><cards type="Flop">C10 S7 DQ</cards>
<action no="6" player="Frizzantino00" type="5" discard="1" dealt="1" sum="28"/>
<action no="7" player="OndaBianca1" type="0" discard="1" dealt="1" sum="0"/>
</round>
</game>
<game gamecode="6477736829"><general><startdate>2025-09-13 03:31:28</startdate>
<round>1</round>
<failsafecounter/>
<players><player seat="6" name="Rakki" chips="520" dealer="0" win="232" bet="201" muck="1" rebuy="0" addon="0" merge="0" rebuychips="0" reg_code="5059504954"/>
<player seat="10" name="Frizzantino00" chips="500" dealer="1" win="0" bet="111" muck="1" rebuy="0" addon="0" merge="0" rebuychips="0" reg_code="5059505359"/>
<player seat="3" name="OndaBianca1" chips="480" dealer="0" win="0" bet="10" muck="1" rebuy="0" addon="0" merge="0" rebuychips="0" reg_code="5059504659"/>
</players>
</general>
<round no="0"><action no="1" player="OndaBianca1" type="1" discard="1" dealt="1" sum="10"/>
<action no="2" player="Rakki" type="2" sum="20"/>
</round>
<round no="1"><cards type="Pocket" player="Rakki">H7 CK</cards>
<cards type="Pocket" player="Frizzantino00">X X</cards>
<cards type="Pocket" player="OndaBianca1">X X</cards>
<action no="3" player="Frizzantino00" type="23" discard="1" dealt="1" sum="40"/>
<action no="4" player="OndaBianca1" type="0" discard="1" dealt="1" sum="0"/>
<action no="5" player="Rakki" type="3" sum="20"/>
</round>
<round no="2"><cards type="Flop">SJ C4 H2</cards>
<action no="6" player="Rakki" type="4" sum="0"/>
<action no="7" player="Frizzantino00" type="5" discard="1" dealt="1" sum="23"/>
<action no="8" player="Rakki" type="23" sum="71"/>
<action no="9" player="Frizzantino00" type="3" discard="1" dealt="1" sum="48"/>
</round>
<round no="3"><cards type="Turn">C8</cards>
<action no="10" player="Rakki" type="5" sum="90"/>
<action no="11" player="Frizzantino00" type="0" discard="1" dealt="1" sum="0"/>
</round>
</game>
<game gamecode="6477736859"><general><startdate>2025-09-13 03:32:20</startdate>
<round>1</round>
<failsafecounter/>
<players><player seat="10" name="Frizzantino00" chips="389" dealer="0" win="0" bet="20" muck="1" rebuy="0" addon="0" merge="0" rebuychips="0" reg_code="5059505359"/>
<player seat="3" name="OndaBianca1" chips="470" dealer="1" win="50" bet="40" muck="1" rebuy="0" addon="0" merge="0" rebuychips="0" reg_code="5059504659"/>
<player seat="6" name="Rakki" chips="641" dealer="0" win="0" bet="10" muck="1" rebuy="0" addon="0" merge="0" rebuychips="0" reg_code="5059504954"/>
</players>
</general>
<round no="0"><action no="1" player="Rakki" type="1" sum="10"/>
<action no="2" player="Frizzantino00" type="2" discard="1" dealt="1" sum="20"/>
</round>
<round no="1"><cards type="Pocket" player="Rakki">D5 SK</cards>
<cards type="Pocket" player="Frizzantino00">X X</cards>
<cards type="Pocket" player="OndaBianca1">X X</cards>
<action no="3" player="OndaBianca1" type="23" discard="1" dealt="1" sum="40"/>
<action no="4" player="Rakki" type="0" sum="0"/>
<action no="5" player="Frizzantino00" type="0" discard="1" dealt="1" sum="0"/>
</round>
</game>
<game gamecode="6477736864"><general><startdate>2025-09-13 03:32:35</startdate>
<round>1</round>
<failsafecounter/>
<players><player seat="3" name="OndaBianca1" chips="500" dealer="0" win="20" bet="20" muck="1" rebuy="0" addon="0" merge="0" rebuychips="0" reg_code="5059504659"/>
<player seat="6" name="Rakki" chips="631" dealer="1" win="0" bet="0" muck="1" rebuy="0" addon="0" merge="0" rebuychips="0" reg_code="5059504954"/>
<player seat="10" name="Frizzantino00" chips="369" dealer="0" win="0" bet="10" muck="1" rebuy="0" addon="0" merge="0" rebuychips="0" reg_code="5059505359"/>
</players>
</general>
<round no="0"><action no="1" player="Frizzantino00" type="1" discard="1" dealt="1" sum="10"/>
<action no="2" player="OndaBianca1" type="2" discard="1" dealt="1" sum="20"/>
</round>
<round no="1"><cards type="Pocket" player="Frizzantino00">X X</cards>
<cards type="Pocket" player="OndaBianca1">X X</cards>
<cards type="Pocket" player="Rakki">D10 C8</cards>
<action no="3" player="Rakki" type="0" sum="0"/>
<action no="4" player="Frizzantino00" type="0" discard="1" dealt="1" sum="0"/>
</round>
</game>
<game gamecode="6477736871"><general><startdate>2025-09-13 03:32:41</startdate>
<round>1</round>
<failsafecounter/>
<players><player seat="6" name="Rakki" chips="631" dealer="0" win="20" bet="20" muck="1" rebuy="0" addon="0" merge="0" rebuychips="0" reg_code="5059504954"/>
<player seat="10" name="Frizzantino00" chips="359" dealer="1" win="0" bet="0" muck="1" rebuy="0" addon="0" merge="0" rebuychips="0" reg_code="5059505359"/>
<player seat="3" name="OndaBianca1" chips="510" dealer="0" win="0" bet="10" muck="1" rebuy="0" addon="0" merge="0" rebuychips="0" reg_code="5059504659"/>
</players>
</general>
<round no="0"><action no="1" player="OndaBianca1" type="1" discard="1" dealt="1" sum="10"/>
<action no="2" player="Rakki" type="2" sum="20"/>
</round>
<round no="1"><cards type="Pocket" player="OndaBianca1">X X</cards>
<cards type="Pocket" player="Frizzantino00">X X</cards>
<cards type="Pocket" player="Rakki">H3 C6</cards>
<action no="3" player="Frizzantino00" type="0" discard="1" dealt="1" sum="0"/>
<action no="4" player="OndaBianca1" type="0" discard="1" dealt="1" sum="0"/>
</round>
</game>
<game gamecode="6477736878"><general><startdate>2025-09-13 03:32:48</startdate>
<round>1</round>
<failsafecounter/>
<players><player seat="10" name="Frizzantino00" chips="359" dealer="0" win="0" bet="100" muck="1" rebuy="0" addon="0" merge="0" rebuychips="0" reg_code="5059505359"/>
<player seat="3" name="OndaBianca1" chips="500" dealer="1" win="0" bet="0" muck="1" rebuy="0" addon="0" merge="0" rebuychips="0" reg_code="5059504659"/>
<player seat="6" name="Rakki" chips="641" dealer="0" win="200" bet="100" muck="0" rebuy="0" addon="0" merge="0" rebuychips="0" reg_code="5059504954"/>
</players>
</general>
<round no="0"><action no="1" player="Rakki" type="1" sum="10"/>
<action no="2" player="Frizzantino00" type="2" discard="1" dealt="1" sum="20"/>
</round>
<round no="1"><cards type="Pocket" player="Frizzantino00">SJ C3</cards>
<cards type="Pocket" player="Rakki">D7 D9</cards>
<cards type="Pocket" player="OndaBianca1">X X</cards>
<action no="3" player="OndaBianca1" type="0" discard="1" dealt="1" sum="0"/>
<action no="4" player="Rakki" type="3" sum="10"/>
<action no="5" player="Frizzantino00" type="23" discard="1" dealt="1" sum="60"/>
<action no="6" player="Rakki" type="3" sum="40"/>
</round>
<round no="2"><cards type="Flop">C6 C9 DA</cards>
<action no="7" player="Rakki" type="4" sum="0"/>
<action no="8" player="Frizzantino00" type="5" discard="1" dealt="1" sum="40"/>
<action no="9" player="Rakki" type="3" sum="40"/>
</round>
<round no="3"><cards type="Turn">H6</cards>
<action no="10" player="Rakki" type="4" sum="0"/>
<action no="11" player="Frizzantino00" type="4" discard="1" dealt="1" sum="0"/>
</round>
<round no="4"><cards type="River">CK</cards>
<action no="12" player="Rakki" type="4" sum="0"/>
<action no="13" player="Frizzantino00" type="4" discard="1" dealt="1" sum="0"/>
</round>
</game>
<game gamecode="6477736908"><general><startdate>2025-09-13 03:33:43</startdate>
<round>1</round>
<failsafecounter/>
<players><player seat="3" name="OndaBianca1" chips="500" dealer="0" win="0" bet="35" muck="1" rebuy="0" addon="0" merge="0" rebuychips="0" reg_code="5059504659"/>
<player seat="6" name="Rakki" chips="741" dealer="1" win="0" bet="5" muck="1" rebuy="0" addon="0" merge="0" rebuychips="0" reg_code="5059504954"/>
<player seat="10" name="Frizzantino00" chips="259" dealer="0" win="75" bet="259" muck="1" rebuy="0" addon="0" merge="0" rebuychips="0" reg_code="5059505359"/>
</players>
</general>
<round no="0"><action no="1" player="Frizzantino00" type="15" discard="1" dealt="1" sum="5"/>
<action no="2" player="OndaBianca1" type="15" discard="1" dealt="1" sum="5"/>
<action no="3" player="Rakki" type="15" sum="5"/>
<action no="4" player="Frizzantino00" type="1" discard="1" dealt="1" sum="15"/>
<action no="5" player="OndaBianca1" type="2" discard="1" dealt="1" sum="30"/>
</round>
<round no="1"><cards type="Pocket" player="Rakki">HJ H4</cards>
<cards type="Pocket" player="Frizzantino00">X X</cards>
<cards type="Pocket" player="OndaBianca1">X X</cards>
<action no="6" player="Rakki" type="0" sum="0"/>
<action no="7" player="Frizzantino00" type="23" discard="1" dealt="1" sum="254"/>
<action no="8" player="OndaBianca1" type="0" discard="1" dealt="1" sum="0"/>
</round>
</game>
<game gamecode="6477736915"><general><startdate>2025-09-13 03:33:52</startdate>
<round>1</round>
<failsafecounter/>
<players><player seat="6" name="Rakki" chips="736" dealer="0" win="0" bet="35" muck="1" rebuy="0" addon="0" merge="0" rebuychips="0" reg_code="5059504954"/>
<player seat="10" name="Frizzantino00" chips="299" dealer="1" win="90" bet="299" muck="1" rebuy="0" addon="0" merge="0" rebuychips="0" reg_code="5059505359"/>
<player seat="3" name="OndaBianca1" chips="465" dealer="0" win="0" bet="20" muck="1" rebuy="0" addon="0" merge="0" rebuychips="0" reg_code="5059504659"/>
</players>
</general>
<round no="0"><action no="1" player="OndaBianca1" type="15" discard="1" dealt="1" sum="5"/>
<action no="2" player="Rakki" type="15" sum="5"/>
<action no="3" player="Frizzantino00" type="15" discard="1" dealt="1" sum="5"/>
<action no="4" player="OndaBianca1" type="1" discard="1" dealt="1" sum="15"/>
<action no="5" player="Rakki" type="2" sum="30"/>
</round>
<round no="1"><cards type="Pocket" player="OndaBianca1">X X</cards>
<cards type="Pocket" player="Rakki">S4 C8</cards>
<cards type="Pocket" player="Frizzantino00">X X</cards>
<action no="6" player="Frizzantino00" type="23" discard="1" dealt="1" sum="294"/>
<action no="7" player="OndaBianca1" type="0" discard="1" dealt="1" sum="0"/>
<action no="8" player="Rakki" type="0" sum="0"/>
</round>
</game>
<game gamecode="6477736921"><general><startdate>2025-09-13 03:34:05</startdate>
<round>1</round>
<failsafecounter/>
<players><player seat="10" name="Frizzantino00" chips="354" dealer="0" win="0" bet="35" muck="1" rebuy="0" addon="0" merge="0" rebuychips="0" reg_code="5059505359"/>
<player seat="3" name="OndaBianca1" chips="445" dealer="1" win="90" bet="445" muck="1" rebuy="0" addon="0" merge="0" rebuychips="0" reg_code="5059504659"/>
<player seat="6" name="Rakki" chips="701" dealer="0" win="0" bet="20" muck="1" rebuy="0" addon="0" merge="0" rebuychips="0" reg_code="5059504954"/>
</players>
</general>
<round no="0"><action no="1" player="Rakki" type="15" sum="5"/>
<action no="2" player="Frizzantino00" type="15" discard="1" dealt="1" sum="5"/>
<action no="3" player="OndaBianca1" type="15" discard="1" dealt="1" sum="5"/>
<action no="4" player="Rakki" type="1" sum="15"/>
<action no="5" player="Frizzantino00" type="2" discard="1" dealt="1" sum="30"/>
</round>
<round no="1"><cards type="Pocket" player="OndaBianca1">X X</cards>
<cards type="Pocket" player="Frizzantino00">X X</cards>
<cards type="Pocket" player="Rakki">D2 SK</cards>
<action no="6" player="OndaBianca1" type="23" discard="1" dealt="1" sum="440"/>
<action no="7" player="Rakki" type="0" sum="0"/>
<action no="8" player="Frizzantino00" type="0" discard="1" dealt="1" sum="0"/>
</round>
</game>
<game gamecode="6477736931"><general><startdate>2025-09-13 03:34:15</startdate>
<round>1</round>
<failsafecounter/>
<players><player seat="3" name="OndaBianca1" chips="500" dealer="0" win="0" bet="319" muck="1" rebuy="0" addon="0" merge="0" rebuychips="0" reg_code="5059504659"/>
<player seat="6" name="Rakki" chips="681" dealer="1" win="0" bet="5" muck="1" rebuy="0" addon="0" merge="0" rebuychips="0" reg_code="5059504954"/>
<player seat="10" name="Frizzantino00" chips="319" dealer="0" win="643" bet="319" muck="0" rebuy="0" addon="0" merge="0" rebuychips="0" reg_code="5059505359"/>
</players>
</general>
<round no="0"><action no="1" player="Frizzantino00" type="15" discard="1" dealt="1" sum="5"/>
<action no="2" player="OndaBianca1" type="15" discard="1" dealt="1" sum="5"/>
<action no="3" player="Rakki" type="15" sum="5"/>
<action no="4" player="Frizzantino00" type="1" discard="1" dealt="1" sum="15"/>
<action no="5" player="OndaBianca1" type="2" discard="1" dealt="1" sum="30"/>
</round>
<round no="1"><cards type="Pocket" player="Rakki">C7 S6</cards>
<cards type="Pocket" player="OndaBianca1">CJ SK</cards>
<cards type="Pocket" player="Frizzantino00">D2 H2</cards>
<action no="6" player="Rakki" type="0" sum="0"/>
<action no="7" player="Frizzantino00" type="23" discard="1" dealt="1" sum="314"/>
<action no="8" player="OndaBianca1" type="3" discard="1" dealt="1" sum="284"/>
</round>
<round no="2"><cards type="Flop">H3 C6 H7</cards>
</round>
<round no="3"><cards type="Turn">C10</cards>
</round>
<round no="4"><cards type="River">H8</cards>
</round>
</game>
<game gamecode="6477736948"><general><startdate>2025-09-13 03:34:40</startdate>
<round>1</round>
<failsafecounter/>
<players><player seat="6" name="Rakki" chips="676" dealer="0" win="45" bet="35" muck="1" rebuy="0" addon="0" merge="0" rebuychips="0" reg_code="5059504954"/>
<player seat="10" name="Frizzantino00" chips="643" dealer="1" win="0" bet="5" muck="1" rebuy="0" addon="0" merge="0" rebuychips="0" reg_code="5059505359"/>
<player seat="3" name="OndaBianca1" chips="181" dealer="0" win="0" bet="20" muck="1" rebuy="0" addon="0" merge="0" rebuychips="0" reg_code="5059504659"/>
</players>
</general>
<round no="0"><action no="1" player="OndaBianca1" type="15" discard="1" dealt="1" sum="5"/>
<action no="2" player="Rakki" type="15" sum="5"/>
<action no="3" player="Frizzantino00" type="15" discard="1" dealt="1" sum="5"/>
<action no="4" player="OndaBianca1" type="1" discard="1" dealt="1" sum="15"/>
<action no="5" player="Rakki" type="2" sum="30"/>
</round>
<round no="1"><cards type="Pocket" player="Rakki">C2 HA</cards>
<cards type="Pocket" player="Frizzantino00">X X</cards>
<cards type="Pocket" player="OndaBianca1">X X</cards>
<action no="6" player="Frizzantino00" type="0" discard="1" dealt="1" sum="0"/>
<action no="7" player="OndaBianca1" type="0" discard="1" dealt="1" sum="0"/>
</round>
</game>
<game gamecode="6477736953"><general><startdate>2025-09-13 03:34:50</startdate>
<round>1</round>
<failsafecounter/>
<players><player seat="10" name="Frizzantino00" chips="638" dealer="0" win="0" bet="35" muck="1" rebuy="0" addon="0" merge="0" rebuychips="0" reg_code="5059505359"/>
<player seat="3" name="OndaBianca1" chips="161" dealer="1" win="0" bet="5" muck="1" rebuy="0" addon="0" merge="0" rebuychips="0" reg_code="5059504659"/>
<player seat="6" name="Rakki" chips="701" dealer="0" win="75" bet="65" muck="1" rebuy="0" addon="0" merge="0" rebuychips="0" reg_code="5059504954"/>
</players>
</general>
<round no="0"><action no="1" player="Rakki" type="15" sum="5"/>
<action no="2" player="Frizzantino00" type="15" discard="1" dealt="1" sum="5"/>
<action no="3" player="OndaBianca1" type="15" discard="1" dealt="1" sum="5"/>
<action no="4" player="Rakki" type="1" sum="15"/>
<action no="5" player="Frizzantino00" type="2" discard="1" dealt="1" sum="30"/>
</round>
<round no="1"><cards type="Pocket" player="OndaBianca1">X X</cards>
<cards type="Pocket" player="Rakki">D3 D7</cards>
<cards type="Pocket" player="Frizzantino00">X X</cards>
<action no="6" player="OndaBianca1" type="0" discard="1" dealt="1" sum="0"/>
<action no="7" player="Rakki" type="3" sum="15"/>
<action no="8" player="Frizzantino00" type="4" discard="1" dealt="1" sum="0"/>
</round>
<round no="2"><cards type="Flop">S2 DK H9</cards>
<action no="9" player="Rakki" type="5" sum="30"/>
<action no="10" player="Frizzantino00" type="0" discard="1" dealt="1" sum="0"/>
</round>
</game>
<game gamecode="6477736968"><general><startdate>2025-09-13 03:35:07</startdate>
<round>1</round>
<failsafecounter/>
<players><player seat="3" name="OndaBianca1" chips="156" dealer="0" win="337" bet="156" muck="0" rebuy="0" addon="0" merge="0" rebuychips="0" reg_code="5059504659"/>
<player seat="6" name="Rakki" chips="741" dealer="1" win="0" bet="156" muck="1" rebuy="0" addon="0" merge="0" rebuychips="0" reg_code="5059504954"/>
<player seat="10" name="Frizzantino00" chips="603" dealer="0" win="0" bet="25" muck="1" rebuy="0" addon="0" merge="0" rebuychips="0" reg_code="5059505359"/>
</players>
</general>
<round no="0"><action no="1" player="Frizzantino00" type="15" discard="1" dealt="1" sum="5"/>
<action no="2" player="OndaBianca1" type="15" discard="1" dealt="1" sum="5"/>
<action no="3" player="Rakki" type="15" sum="5"/>
<action no="4" player="Frizzantino00" type="1" discard="1" dealt="1" sum="20"/>
<action no="5" player="OndaBianca1" type="2" discard="1" dealt="1" sum="40"/>
</round>
<round no="1"><cards type="Pocket" player="Frizzantino00">X X</cards>
<cards type="Pocket" player="Rakki">HK CA</cards>
<cards type="Pocket" player="OndaBianca1">C5 CK</cards>
<action no="6" player="Rakki" type="23" sum="80"/>
<action no="7" player="Frizzantino00" type="0" discard="1" dealt="1" sum="0"/>
<action no="8" player="OndaBianca1" type="23" discard="1" dealt="1" sum="151"/>
<action no="9" player="Rakki" type="3" sum="71"/>
</round>
<round no="2"><cards type="Flop">DK C6 C10</cards>
</round>
<round no="3"><cards type="Turn">C8</cards>
</round>
<round no="4"><cards type="River">H5</cards>
</round>
</game>
<game gamecode="6477736989"><general><startdate>2025-09-13 03:35:30</startdate>
<round>1</round>
<failsafecounter/>
<players><player seat="6" name="Rakki" chips="585" dealer="0" win="55" bet="45" muck="1" rebuy="0" addon="0" merge="0" rebuychips="0" reg_code="5059504954"/>
<player seat="10" name="Frizzantino00" chips="578" dealer="1" win="0" bet="5" muck="1" rebuy="0" addon="0" merge="0" rebuychips="0" reg_code="5059505359"/>
<player seat="3" name="OndaBianca1" chips="337" dealer="0" win="0" bet="25" muck="1" rebuy="0" addon="0" merge="0" rebuychips="0" reg_code="5059504659"/>
</players>
</general>
<round no="0"><action no="1" player="OndaBianca1" type="15" discard="1" dealt="1" sum="5"/>
<action no="2" player="Rakki" type="15" sum="5"/>
<action no="3" player="Frizzantino00" type="15" discard="1" dealt="1" sum="5"/>
<action no="4" player="OndaBianca1" type="1" discard="1" dealt="1" sum="20"/>
<action no="5" player="Rakki" type="2" sum="40"/>
</round>
<round no="1"><cards type="Pocket" player="Rakki">S7 H3</cards>
<cards type="Pocket" player="Frizzantino00">X X</cards>
<cards type="Pocket" player="OndaBianca1">X X</cards>
<action no="6" player="Frizzantino00" type="0" discard="1" dealt="1" sum="0"/>
<action no="7" player="OndaBianca1" type="0" discard="1" dealt="1" sum="0"/>
</round>
</game>
<game gamecode="6477736995"><general><startdate>2025-09-13 03:35:37</startdate>
<round>1</round>
<failsafecounter/>
<players><player seat="10" name="Frizzantino00" chips="573" dealer="0" win="0" bet="45" muck="1" rebuy="0" addon="0" merge="0" rebuychips="0" reg_code="5059505359"/>
<player seat="3" name="OndaBianca1" chips="312" dealer="1" win="115" bet="312" muck="1" rebuy="0" addon="0" merge="0" rebuychips="0" reg_code="5059504659"/>
<player seat="6" name="Rakki" chips="615" dealer="0" win="0" bet="25" muck="1" rebuy="0" addon="0" merge="0" rebuychips="0" reg_code="5059504954"/>
</players>
</general>
<round no="0"><action no="1" player="Rakki" type="15" sum="5"/>
<action no="2" player="Frizzantino00" type="15" discard="1" dealt="1" sum="5"/>
<action no="3" player="OndaBianca1" type="15" discard="1" dealt="1" sum="5"/>
<action no="4" player="Rakki" type="1" sum="20"/>
<action no="5" player="Frizzantino00" type="2" discard="1" dealt="1" sum="40"/>
</round>
<round no="1"><cards type="Pocket" player="Frizzantino00">X X</cards>
<cards type="Pocket" player="Rakki">D3 HJ</cards>
<cards type="Pocket" player="OndaBianca1">X X</cards>
<action no="6" player="OndaBianca1" type="23" discard="1" dealt="1" sum="307"/>
<action no="7" player="Rakki" type="0" sum="0"/>
<action no="8" player="Frizzantino00" type="0" discard="1" dealt="1" sum="0"/>
</round>
</game>
<game gamecode="6477737007"><general><startdate>2025-09-13 03:35:47</startdate>
<round>1</round>
<failsafecounter/>
<players><player seat="3" name="OndaBianca1" chips="382" dealer="0" win="55" bet="45" muck="1" rebuy="0" addon="0" merge="0" rebuychips="0" reg_code="5059504659"/>
<player seat="6" name="Rakki" chips="590" dealer="1" win="0" bet="5" muck="1" rebuy="0" addon="0" merge="0" rebuychips="0" reg_code="5059504954"/>
<player seat="10" name="Frizzantino00" chips="528" dealer="0" win="0" bet="25" muck="1" rebuy="0" addon="0" merge="0" rebuychips="0" reg_code="5059505359"/>
</players>
</general>
<round no="0"><action no="1" player="Frizzantino00" type="15" discard="1" dealt="1" sum="5"/>
<action no="2" player="OndaBianca1" type="15" discard="1" dealt="1" sum="5"/>
<action no="3" player="Rakki" type="15" sum="5"/>
<action no="4" player="Frizzantino00" type="1" discard="1" dealt="1" sum="20"/>
<action no="5" player="OndaBianca1" type="2" discard="1" dealt="1" sum="40"/>
</round>
<round no="1"><cards type="Pocket" player="Frizzantino00">X X</cards>
<cards type="Pocket" player="Rakki">C10 S6</cards>
<cards type="Pocket" player="OndaBianca1">X X</cards>
<action no="6" player="Rakki" type="0" sum="0"/>
<action no="7" player="Frizzantino00" type="0" discard="1" dealt="1" sum="0"/>
</round>
</game>
<game gamecode="6477737018"><general><startdate>2025-09-13 03:36:00</startdate>
<round>1</round>
<failsafecounter/>
<players><player seat="6" name="Rakki" chips="585" dealer="0" win="0" bet="45" muck="1" rebuy="0" addon="0" merge="0" rebuychips="0" reg_code="5059504954"/>
<player seat="10" name="Frizzantino00" chips="503" dealer="1" win="115" bet="503" muck="1" rebuy="0" addon="0" merge="0" rebuychips="0" reg_code="5059505359"/>
<player seat="3" name="OndaBianca1" chips="412" dealer="0" win="0" bet="25" muck="1" rebuy="0" addon="0" merge="0" rebuychips="0" reg_code="5059504659"/>
</players>
</general>
<round no="0"><action no="1" player="OndaBianca1" type="15" discard="1" dealt="1" sum="5"/>
<action no="2" player="Rakki" type="15" sum="5"/>
<action no="3" player="Frizzantino00" type="15" discard="1" dealt="1" sum="5"/>
<action no="4" player="OndaBianca1" type="1" discard="1" dealt="1" sum="20"/>
<action no="5" player="Rakki" type="2" sum="40"/>
</round>
<round no="1"><cards type="Pocket" player="Frizzantino00">X X</cards>
<cards type="Pocket" player="OndaBianca1">X X</cards>
<cards type="Pocket" player="Rakki">S9 SK</cards>
<action no="6" player="Frizzantino00" type="23" discard="1" dealt="1" sum="498"/>
<action no="7" player="OndaBianca1" type="0" discard="1" dealt="1" sum="0"/>
<action no="8" player="Rakki" type="0" sum="0"/>
</round>
</game>
<game gamecode="6477737029"><general><startdate>2025-09-13 03:36:09</startdate>
<round>1</round>
<failsafecounter/>
<players><player seat="10" name="Frizzantino00" chips="573" dealer="0" win="95" bet="573" muck="1" rebuy="0" addon="0" merge="0" rebuychips="0" reg_code="5059505359"/>
<player seat="3" name="OndaBianca1" chips="387" dealer="1" win="0" bet="5" muck="1" rebuy="0" addon="0" merge="0" rebuychips="0" reg_code="5059504659"/>
<player seat="6" name="Rakki" chips="540" dealer="0" win="0" bet="45" muck="1" rebuy="0" addon="0" merge="0" rebuychips="0" reg_code="5059504954"/>
</players>
</general>
<round no="0"><action no="1" player="Rakki" type="15" sum="5"/>
<action no="2" player="Frizzantino00" type="15" discard="1" dealt="1" sum="5"/>
<action no="3" player="OndaBianca1" type="15" discard="1" dealt="1" sum="5"/>
<action no="4" player="Rakki" type="1" sum="20"/>
<action no="5" player="Frizzantino00" type="2" discard="1" dealt="1" sum="40"/>
</round>
<round no="1"><cards type="Pocket" player="OndaBianca1">X X</cards>
<cards type="Pocket" player="Frizzantino00">X X</cards>
<cards type="Pocket" player="Rakki">D6 SJ</cards>
<action no="6" player="OndaBianca1" type="0" discard="1" dealt="1" sum="0"/>
<action no="7" player="Rakki" type="3" sum="20"/>
<action no="8" player="Frizzantino00" type="23" discard="1" dealt="1" sum="568"/>
<action no="9" player="Rakki" type="0" sum="0"/>
</round>
</game>
<game gamecode="6477737043"><general><startdate>2025-09-13 03:36:24</startdate>
<round>1</round>
<failsafecounter/>
<players><player seat="3" name="OndaBianca1" chips="382" dealer="0" win="0" bet="45" muck="1" rebuy="0" addon="0" merge="0" rebuychips="0" reg_code="5059504659"/>
<player seat="6" name="Rakki" chips="495" dealer="1" win="1,035" bet="495" muck="0" rebuy="0" addon="0" merge="0" rebuychips="0" reg_code="5059504954"/>
<player seat="10" name="Frizzantino00" chips="623" dealer="0" win="0" bet="623" muck="1" rebuy="0" addon="0" merge="0" rebuychips="0" reg_code="5059505359"/>
</players>
</general>
<round no="0"><action no="1" player="Frizzantino00" type="15" discard="1" dealt="1" sum="5"/>
<action no="2" player="OndaBianca1" type="15" discard="1" dealt="1" sum="5"/>
<action no="3" player="Rakki" type="15" sum="5"/>
<action no="4" player="Frizzantino00" type="1" discard="1" dealt="1" sum="20"/>
<action no="5" player="OndaBianca1" type="2" discard="1" dealt="1" sum="40"/>
</round>
<round no="1"><cards type="Pocket" player="OndaBianca1">X X</cards>
<cards type="Pocket" player="Rakki">C7 H7</cards>
<cards type="Pocket" player="Frizzantino00">C9 HA</cards>
<action no="6" player="Rakki" type="23" sum="490"/>
<action no="7" player="Frizzantino00" type="7" discard="1" dealt="1" sum="598"/>
<action no="8" player="OndaBianca1" type="0" discard="1" dealt="1" sum="0"/>
</round>
<round no="2"><cards type="Flop">D4 D7 H5</cards>
</round>
<round no="3"><cards type="Turn">C5</cards>
</round>
<round no="4"><cards type="River">S5</cards>
</round>
</game>
<game gamecode="6477737060"><general><startdate>2025-09-13 03:36:43</startdate>
<round>1</round>
<failsafecounter/>
<players><player seat="6" name="Rakki" chips="1,035" dealer="0" win="0" bet="45" muck="1" rebuy="0" addon="0" merge="0" rebuychips="0" reg_code="5059504954"/>
<player seat="10" name="Frizzantino00" chips="128" dealer="1" win="301" bet="128" muck="0" rebuy="0" addon="0" merge="0" rebuychips="0" reg_code="5059505359"/>
<player seat="3" name="OndaBianca1" chips="337" dealer="0" win="0" bet="337" muck="1" rebuy="0" addon="0" merge="0" rebuychips="0" reg_code="5059504659"/>
</players>
</general>
<round no="0"><action no="1" player="OndaBianca1" type="15" discard="1" dealt="1" sum="5"/>
<action no="2" player="Rakki" type="15" sum="5"/>
<action no="3" player="Frizzantino00" type="15" discard="1" dealt="1" sum="5"/>
<action no="4" player="OndaBianca1" type="1" discard="1" dealt="1" sum="20"/>
<action no="5" player="Rakki" type="2" sum="40"/>
</round>
<round no="1"><cards type="Pocket" player="Rakki">D9 HQ</cards>
<cards type="Pocket" player="OndaBianca1">S2 CA</cards>
<cards type="Pocket" player="Frizzantino00">SA HA</cards>
<action no="6" player="Frizzantino00" type="23" discard="1" dealt="1" sum="123"/>
<action no="7" player="OndaBianca1" type="23" discard="1" dealt="1" sum="332"/>
<action no="8" player="Rakki" type="0" sum="0"/>
</round>
<round no="2"><cards type="Flop">HJ D3 H6</cards>
</round>
<round no="3"><cards type="Turn">D6</cards>
</round>
<round no="4"><cards type="River">CQ</cards>
</round>
</game>
<game gamecode="6477737087"><general><startdate>2025-09-13 03:37:07</startdate>
<round>1</round>
<failsafecounter/>
<players><player seat="10" name="Frizzantino00" chips="301" dealer="0" win="0" bet="65" muck="1" rebuy="0" addon="0" merge="0" rebuychips="0" reg_code="5059505359"/>
<player seat="3" name="OndaBianca1" chips="209" dealer="1" win="0" bet="209" muck="0" rebuy="0" addon="0" merge="0" rebuychips="0" reg_code="5059504659"/>
<player seat="6" name="Rakki" chips="990" dealer="0" win="483" bet="990" muck="0" rebuy="0" addon="0" merge="0" rebuychips="0" reg_code="5059504954"/>
</players>
</general>
<round no="0"><action no="1" player="Rakki" type="15" sum="5"/>
<action no="2" player="Frizzantino00" type="15" discard="1" dealt="1" sum="5"/>
<action no="3" player="OndaBianca1" type="15" discard="1" dealt="1" sum="5"/>
<action no="4" player="Rakki" type="1" sum="30"/>
<action no="5" player="Frizzantino00" type="2" discard="1" dealt="1" sum="60"/>
</round>
<round no="1"><cards type="Pocket" player="OndaBianca1">H8 CQ</cards>
<cards type="Pocket" player="Frizzantino00">X X</cards>
<cards type="Pocket" player="Rakki">HK SJ</cards>
<action no="6" player="OndaBianca1" type="23" discard="1" dealt="1" sum="204"/>
<action no="7" player="Rakki" type="23" sum="985"/>
<action no="8" player="Frizzantino00" type="0" discard="1" dealt="1" sum="0"/>
</round>
<round no="2"><cards type="Flop">D7 C10 C3</cards>
</round>
<round no="3"><cards type="Turn">C7</cards>
</round>
<round no="4"><cards type="River">S2</cards>
</round>
</game>
<game gamecode="6477737108"><general><startdate>2025-09-13 03:37:31</startdate>
<round>1</round>
<failsafecounter/>
<players><player seat="10" name="Frizzantino00" chips="236" dealer="0" win="0" bet="65" muck="1" rebuy="0" addon="0" merge="0" rebuychips="0" reg_code="5059505359"/>
<player seat="6" name="Rakki" chips="1,264" dealer="1" win="130" bet="1,264" muck="1" rebuy="0" addon="0" merge="0" rebuychips="0" reg_code="5059504954"/>
</players>
</general>
<round no="0"><action no="1" player="Rakki" type="15" sum="5"/>
<action no="2" player="Frizzantino00" type="15" discard="1" dealt="1" sum="5"/>
<action no="3" player="Rakki" type="1" sum="30"/>
<action no="4" player="Frizzantino00" type="2" discard="1" dealt="1" sum="60"/>
</round>
<round no="1"><cards type="Pocket" player="Frizzantino00">X X</cards>
<cards type="Pocket" player="Rakki">CK D7</cards>
<action no="5" player="Rakki" type="23" sum="1,259"/>
<action no="6" player="Frizzantino00" type="0" discard="1" dealt="1" sum="0"/>
</round>
</game>
<game gamecode="6477737128"><general><startdate>2025-09-13 03:37:51</startdate>
<round>1</round>
<failsafecounter/>
<players><player seat="6" name="Rakki" chips="1,329" dealer="0" win="0" bet="171" muck="1" rebuy="0" addon="0" merge="0" rebuychips="0" reg_code="5059504954"/>
<player seat="10" name="Frizzantino00" chips="171" dealer="1" win="342" bet="171" muck="0" rebuy="0" addon="0" merge="0" rebuychips="0" reg_code="5059505359"/>
</players>
</general>
<round no="0"><action no="1" player="Frizzantino00" type="15" discard="1" dealt="1" sum="5"/>
<action no="2" player="Rakki" type="15" sum="5"/>
<action no="3" player="Frizzantino00" type="1" discard="1" dealt="1" sum="30"/>
<action no="4" player="Rakki" type="2" sum="60"/>
</round>
<round no="1"><cards type="Pocket" player="Rakki">S8 CK</cards>
<cards type="Pocket" player="Frizzantino00">C9 H9</cards>
<action no="5" player="Frizzantino00" type="23" discard="1" dealt="1" sum="166"/>
<action no="6" player="Rakki" type="3" sum="106"/>
</round>
<round no="2"><cards type="Flop">DQ H8 CA</cards>
</round>
<round no="3"><cards type="Turn">CJ</cards>
</round>
<round no="4"><cards type="River">H3</cards>
</round>
</game>
<game gamecode="6477737143"><general><startdate>2025-09-13 03:38:07</startdate>
<round>1</round>
<failsafecounter/>
<players><player seat="10" name="Frizzantino00" chips="342" dealer="0" win="684" bet="342" muck="0" rebuy="0" addon="0" merge="0" rebuychips="0" reg_code="5059505359"/>
<player seat="6" name="Rakki" chips="1,158" dealer="1" win="0" bet="1,158" muck="1" rebuy="0" addon="0" merge="0" rebuychips="0" reg_code="5059504954"/>
</players>
</general>
<round no="0"><action no="1" player="Rakki" type="15" sum="5"/>
<action no="2" player="Frizzantino00" type="15" discard="1" dealt="1" sum="5"/>
<action no="3" player="Rakki" type="1" sum="30"/>
<action no="4" player="Frizzantino00" type="2" discard="1" dealt="1" sum="60"/>
</round>
<round no="1"><cards type="Pocket" player="Rakki">D4 CQ</cards>
<cards type="Pocket" player="Frizzantino00">D3 DA</cards>
<action no="5" player="Rakki" type="23" sum="1,153"/>
<action no="6" player="Frizzantino00" type="7" discard="1" dealt="1" sum="277"/>
</round>
<round no="2"><cards type="Flop">S6 D10 H10</cards>
</round>
<round no="3"><cards type="Turn">S8</cards>
</round>
<round no="4"><cards type="River">H9</cards>
</round>
</game>
<game gamecode="6477737161"><general><startdate>2025-09-13 03:38:23</startdate>
<round>1</round>
<failsafecounter/>
<players><player seat="6" name="Rakki" chips="816" dealer="0" win="0" bet="65" muck="1" rebuy="0" addon="0" merge="0" rebuychips="0" reg_code="5059504954"/>
<player seat="10" name="Frizzantino00" chips="684" dealer="1" win="130" bet="125" muck="1" rebuy="0" addon="0" merge="0" rebuychips="0" reg_code="5059505359"/>
</players>
</general>
<round no="0"><action no="1" player="Frizzantino00" type="15" discard="1" dealt="1" sum="5"/>
<action no="2" player="Rakki" type="15" sum="5"/>
<action no="3" player="Frizzantino00" type="1" discard="1" dealt="1" sum="30"/>
<action no="4" player="Rakki" type="2" sum="60"/>
</round>
<round no="1"><cards type="Pocket" player="Rakki">S2 H7</cards>
<cards type="Pocket" player="Frizzantino00">X X</cards>
<action no="5" player="Frizzantino00" type="3" discard="1" dealt="1" sum="30"/>
<action no="6" player="Rakki" type="4" sum="0"/>
</round>
<round no="2"><cards type="Flop">C8 C5 CK</cards>
<action no="7" player="Rakki" type="4" sum="0"/>
<action no="8" player="Frizzantino00" type="5" discard="1" dealt="1" sum="60"/>
<action no="9" player="Rakki" type="0" sum="0"/>
</round>
</game>
<game gamecode="6477737186"><general><startdate>2025-09-13 03:38:48</startdate>
<round>1</round>
<failsafecounter/>
<players><player seat="10" name="Frizzantino00" chips="749" dealer="0" win="0" bet="65" muck="1" rebuy="0" addon="0" merge="0" rebuychips="0" reg_code="5059505359"/>
<player seat="6" name="Rakki" chips="751" dealer="1" win="130" bet="65" muck="0" rebuy="0" addon="0" merge="0" rebuychips="0" reg_code="5059504954"/>
</players>
</general>
<round no="0"><action no="1" player="Rakki" type="15" sum="5"/>
<action no="2" player="Frizzantino00" type="15" discard="1" dealt="1" sum="5"/>
<action no="3" player="Rakki" type="1" sum="30"/>
<action no="4" player="Frizzantino00" type="2" discard="1" dealt="1" sum="60"/>
</round>
<round no="1"><cards type="Pocket" player="Rakki">S8 H4</cards>
<cards type="Pocket" player="Frizzantino00">HK S10</cards>
<action no="5" player="Rakki" type="3" sum="30"/>
<action no="6" player="Frizzantino00" type="4" discard="1" dealt="1" sum="0"/>
</round>
<round no="2"><cards type="Flop">C4 S5 C7</cards>
<action no="7" player="Frizzantino00" type="4" discard="1" dealt="1" sum="0"/>
<action no="8" player="Rakki" type="4" sum="0"/>
</round>
<round no="3"><cards type="Turn">D9</cards>
<action no="9" player="Frizzantino00" type="4" discard="1" dealt="1" sum="0"/>
<action no="10" player="Rakki" type="4" sum="0"/>
</round>
<round no="4"><cards type="River">HQ</cards>
<action no="11" player="Frizzantino00" type="4" discard="1" dealt="1" sum="0"/>
<action no="12" player="Rakki" type="4" sum="0"/>
</round>
</game>
<game gamecode="6477737225"><general><startdate>2025-09-13 03:39:23</startdate>
<round>1</round>
<failsafecounter/>
<players><player seat="6" name="Rakki" chips="816" dealer="0" win="336" bet="168" muck="0" rebuy="0" addon="0" merge="0" rebuychips="0" reg_code="5059504954"/>
<player seat="10" name="Frizzantino00" chips="684" dealer="1" win="0" bet="168" muck="1" rebuy="0" addon="0" merge="0" rebuychips="0" reg_code="5059505359"/>
</players>
</general>
<round no="0"><action no="1" player="Frizzantino00" type="15" discard="1" dealt="1" sum="8"/>
<action no="2" player="Rakki" type="15" sum="8"/>
<action no="3" player="Frizzantino00" type="1" discard="1" dealt="1" sum="40"/>
<action no="4" player="Rakki" type="2" sum="80"/>
</round>
<round no="1"><cards type="Pocket" player="Frizzantino00">D8 S5</cards>
<cards type="Pocket" player="Rakki">S7 CQ</cards>
<action no="5" player="Frizzantino00" type="3" discard="1" dealt="1" sum="40"/>
<action no="6" player="Rakki" type="4" sum="0"/>
</round>
<round no="2"><cards type="Flop">D2 DQ SK</cards>
<action no="7" player="Rakki" type="4" sum="0"/>
<action no="8" player="Frizzantino00" type="5" discard="1" dealt="1" sum="80"/>
<action no="9" player="Rakki" type="3" sum="80"/>
</round>
<round no="3"><cards type="Turn">HA</cards>
<action no="10" player="Rakki" type="4" sum="0"/>
<action no="11" player="Frizzantino00" type="4" discard="1" dealt="1" sum="0"/>
</round>
<round no="4"><cards type="River">DA</cards>
<action no="12" player="Rakki" type="4" sum="0"/>
<action no="13" player="Frizzantino00" type="4" discard="1" dealt="1" sum="0"/>
</round>
</game>
<game gamecode="6477737252"><general><startdate>2025-09-13 03:39:53</startdate>
<round>1</round>
<failsafecounter/>
<players><player seat="10" name="Frizzantino00" chips="516" dealer="0" win="1,032" bet="516" muck="0" rebuy="0" addon="0" merge="0" rebuychips="0" reg_code="5059505359"/>
<player seat="6" name="Rakki" chips="984" dealer="1" win="0" bet="984" muck="1" rebuy="0" addon="0" merge="0" rebuychips="0" reg_code="5059504954"/>
</players>
</general>
<round no="0"><action no="1" player="Rakki" type="15" sum="8"/>
<action no="2" player="Frizzantino00" type="15" discard="1" dealt="1" sum="8"/>
<action no="3" player="Rakki" type="1" sum="40"/>
<action no="4" player="Frizzantino00" type="2" discard="1" dealt="1" sum="80"/>
</round>
<round no="1"><cards type="Pocket" player="Frizzantino00">C8 S8</cards>
<cards type="Pocket" player="Rakki">CK SQ</cards>
<action no="5" player="Rakki" type="23" sum="976"/>
<action no="6" player="Frizzantino00" type="7" discard="1" dealt="1" sum="428"/>
</round>
<round no="2"><cards type="Flop">D2 H5 D10</cards>
</round>
<round no="3"><cards type="Turn">D3</cards>
</round>
<round no="4"><cards type="River">C5</cards>
</round>
</game>
<game gamecode="6477737264"><general><startdate>2025-09-13 03:40:12</startdate>
<round>1</round>
<failsafecounter/>
<players><player seat="6" name="Rakki" chips="468" dealer="0" win="936" bet="468" muck="0" rebuy="0" addon="0" merge="0" rebuychips="0" reg_code="5059504954"/>
<player seat="10" name="Frizzantino00" chips="1,032" dealer="1" win="0" bet="1,032" muck="1" rebuy="0" addon="0" merge="0" rebuychips="0" reg_code="5059505359"/>
</players>
</general>
<round no="0"><action no="1" player="Frizzantino00" type="15" discard="1" dealt="1" sum="8"/>
<action no="2" player="Rakki" type="15" sum="8"/>
<action no="3" player="Frizzantino00" type="1" discard="1" dealt="1" sum="40"/>
<action no="4" player="Rakki" type="2" sum="80"/>
</round>
<round no="1"><cards type="Pocket" player="Rakki">DK C8</cards>
<cards type="Pocket" player="Frizzantino00">H10 H3</cards>
<action no="5" player="Frizzantino00" type="23" discard="1" dealt="1" sum="1,024"/>
<action no="6" player="Rakki" type="7" sum="380"/>
</round>
<round no="2"><cards type="Flop">H9 D4 D7</cards>
</round>
<round no="3"><cards type="Turn">S6</cards>
</round>
<round no="4"><cards type="River">CA</cards>
</round>
</game>
<game gamecode="6477737286"><general><startdate>2025-09-13 03:40:30</startdate>
<round>1</round>
<failsafecounter/>
<players><player seat="10" name="Frizzantino00" chips="564" dealer="0" win="1,128" bet="564" muck="0" rebuy="0" addon="0" merge="0" rebuychips="0" reg_code="5059505359"/>
<player seat="6" name="Rakki" chips="936" dealer="1" win="0" bet="936" muck="1" rebuy="0" addon="0" merge="0" rebuychips="0" reg_code="5059504954"/>
</players>
</general>
<round no="0"><action no="1" player="Rakki" type="15" sum="8"/>
<action no="2" player="Frizzantino00" type="15" discard="1" dealt="1" sum="8"/>
<action no="3" player="Rakki" type="1" sum="40"/>
<action no="4" player="Frizzantino00" type="2" discard="1" dealt="1" sum="80"/>
</round>
<round no="1"><cards type="Pocket" player="Rakki">HQ H3</cards>
<cards type="Pocket" player="Frizzantino00">H10 HK</cards>
<action no="5" player="Rakki" type="23" sum="928"/>
<action no="6" player="Frizzantino00" type="7" discard="1" dealt="1" sum="476"/>
</round>
<round no="2"><cards type="Flop">D5 H5 C7</cards>
</round>
<round no="3"><cards type="Turn">C10</cards>
</round>
<round no="4"><cards type="River">S7</cards>
</round>
</game>
<game gamecode="6477737309"><general><startdate>2025-09-13 03:40:50</startdate>
<round>1</round>
<failsafecounter/>
<players><player seat="6" name="Rakki" chips="372" dealer="0" win="0" bet="88" muck="1" rebuy="0" addon="0" merge="0" rebuychips="0" reg_code="5059504954"/>
<player seat="10" name="Frizzantino00" chips="1,128" dealer="1" win="176" bet="1,128" muck="1" rebuy="0" addon="0" merge="0" rebuychips="0" reg_code="5059505359"/>
</players>
</general>
<round no="0"><action no="1" player="Frizzantino00" type="15" discard="1" dealt="1" sum="8"/>
<action no="2" player="Rakki" type="15" sum="8"/>
<action no="3" player="Frizzantino00" type="1" discard="1" dealt="1" sum="40"/>
<action no="4" player="Rakki" type="2" sum="80"/>
</round>
<round no="1"><cards type="Pocket" player="Frizzantino00">X X</cards>
<cards type="Pocket" player="Rakki">D2 H3</cards>
<action no="5" player="Frizzantino00" type="23" discard="1" dealt="1" sum="1,120"/>
<action no="6" player="Rakki" type="0" sum="0"/>
</round>
</game>
<game gamecode="6477737320"><general><startdate>2025-09-13 03:40:59</startdate>
<round>1</round>
<failsafecounter/>
<players><player seat="10" name="Frizzantino00" chips="1,216" dealer="0" win="0" bet="110" muck="1" rebuy="0" addon="0" merge="0" rebuychips="0" reg_code="5059505359"/>
<player seat="6" name="Rakki" chips="284" dealer="1" win="220" bet="284" muck="1" rebuy="0" addon="0" merge="0" rebuychips="0" reg_code="5059504954"/>
</players>
</general>
<round no="0"><action no="1" player="Rakki" type="15" sum="10"/>
<action no="2" player="Frizzantino00" type="15" discard="1" dealt="1" sum="10"/>
<action no="3" player="Rakki" type="1" sum="50"/>
<action no="4" player="Frizzantino00" type="2" discard="1" dealt="1" sum="100"/>
</round>
<round no="1"><cards type="Pocket" player="Rakki">S7 D7</cards>
<cards type="Pocket" player="Frizzantino00">X X</cards>
<action no="5" player="Rakki" type="23" sum="274"/>
<action no="6" player="Frizzantino00" type="0" discard="1" dealt="1" sum="0"/>
</round>
</game>
<game gamecode="6477737331"><general><startdate>2025-09-13 03:41:08</startdate>
<round>1</round>
<failsafecounter/>
<players><player seat="6" name="Rakki" chips="394" dealer="0" win="0" bet="110" muck="1" rebuy="0" addon="0" merge="0" rebuychips="0" reg_code="5059504954"/>
<player seat="10" name="Frizzantino00" chips="1,106" dealer="1" win="220" bet="1,106" muck="1" rebuy="0" addon="0" merge="0" rebuychips="0" reg_code="5059505359"/>
</players>
</general>
<round no="0"><action no="1" player="Frizzantino00" type="15" discard="1" dealt="1" sum="10"/>
<action no="2" player="Rakki" type="15" sum="10"/>
<action no="3" player="Frizzantino00" type="1" discard="1" dealt="1" sum="50"/>
<action no="4" player="Rakki" type="2" sum="100"/>
</round>
<round no="1"><cards type="Pocket" player="Frizzantino00">X X</cards>
<cards type="Pocket" player="Rakki">H6 D2</cards>
<action no="5" player="Frizzantino00" type="23" discard="1" dealt="1" sum="1,096"/>
<action no="6" player="Rakki" type="0" sum="0"/>
</round>
</game>
<game gamecode="6477737340"><general><startdate>2025-09-13 03:41:20</startdate>
<round>1</round>
<failsafecounter/>
<players><player seat="10" name="Frizzantino00" chips="1,216" dealer="0" win="0" bet="284" muck="1" rebuy="0" addon="0" merge="0" rebuychips="0" reg_code="5059505359"/>
<player seat="6" name="Rakki" chips="284" dealer="1" win="568" bet="284" muck="0" rebuy="0" addon="0" merge="0" rebuychips="0" reg_code="5059504954"/>
</players>
</general>
<round no="0"><action no="1" player="Rakki" type="15" sum="10"/>
<action no="2" player="Frizzantino00" type="15" discard="1" dealt="1" sum="10"/>
<action no="3" player="Rakki" type="1" sum="50"/>
<action no="4" player="Frizzantino00" type="2" discard="1" dealt="1" sum="100"/>
</round>
<round no="1"><cards type="Pocket" player="Rakki">CA S8</cards>
<cards type="Pocket" player="Frizzantino00">D4 CJ</cards>
<action no="5" player="Rakki" type="23" sum="274"/>
<action no="6" player="Frizzantino00" type="3" discard="1" dealt="1" sum="174"/>
</round>
<round no="2"><cards type="Flop">SA S6 C6</cards>
</round>
<round no="3"><cards type="Turn">S5</cards>
</round>
<round no="4"><cards type="River">H5</cards>
</round>
</game>
<game gamecode="6477737354"><general><startdate>2025-09-13 03:41:37</startdate>
<round>1</round>
<failsafecounter/>
<players><player seat="6" name="Rakki" chips="568" dealer="0" win="0" bet="110" muck="1" rebuy="0" addon="0" merge="0" rebuychips="0" reg_code="5059504954"/>
<player seat="10" name="Frizzantino00" chips="932" dealer="1" win="220" bet="932" muck="1" rebuy="0" addon="0" merge="0" rebuychips="0" reg_code="5059505359"/>
</players>
</general>
<round no="0"><action no="1" player="Frizzantino00" type="15" discard="1" dealt="1" sum="10"/>
<action no="2" player="Rakki" type="15" sum="10"/>
<action no="3" player="Frizzantino00" type="1" discard="1" dealt="1" sum="50"/>
<action no="4" player="Rakki" type="2" sum="100"/>
</round>
<round no="1"><cards type="Pocket" player="Rakki">S9 D2</cards>
<cards type="Pocket" player="Frizzantino00">X X</cards>
<action no="5" player="Frizzantino00" type="23" discard="1" dealt="1" sum="922"/>
<action no="6" player="Rakki" type="0" sum="0"/>
</round>
</game>
<game gamecode="6477737368"><general><startdate>2025-09-13 03:41:46</startdate>
<round>1</round>
<failsafecounter/>
<players><player seat="10" name="Frizzantino00" chips="1,042" dealer="0" win="120" bet="110" muck="1" rebuy="0" addon="0" merge="0" rebuychips="0" reg_code="5059505359"/>
<player seat="6" name="Rakki" chips="458" dealer="1" win="0" bet="60" muck="1" rebuy="0" addon="0" merge="0" rebuychips="0" reg_code="5059504954"/>
</players>
</general>
<round no="0"><action no="1" player="Rakki" type="15" sum="10"/>
<action no="2" player="Frizzantino00" type="15" discard="1" dealt="1" sum="10"/>
<action no="3" player="Rakki" type="1" sum="50"/>
<action no="4" player="Frizzantino00" type="2" discard="1" dealt="1" sum="100"/>
</round>
<round no="1"><cards type="Pocket" player="Frizzantino00">X X</cards>
<cards type="Pocket" player="Rakki">D4 S8</cards>
<action no="5" player="Rakki" type="0" sum="0"/>
</round>
</game>
<game gamecode="6477737378"><general><startdate>2025-09-13 03:41:53</startdate>
<round>1</round>
<failsafecounter/>
<players><player seat="6" name="Rakki" chips="398" dealer="0" win="120" bet="110" muck="1" rebuy="0" addon="0" merge="0" rebuychips="0" reg_code="5059504954"/>
<player seat="10" name="Frizzantino00" chips="1,102" dealer="1" win="0" bet="60" muck="1" rebuy="0" addon="0" merge="0" rebuychips="0" reg_code="5059505359"/>
</players>
</general>
<round no="0"><action no="1" player="Frizzantino00" type="15" discard="1" dealt="1" sum="10"/>
<action no="2" player="Rakki" type="15" sum="10"/>
<action no="3" player="Frizzantino00" type="1" discard="1" dealt="1" sum="50"/>
<action no="4" player="Rakki" type="2" sum="100"/>
</round>
<round no="1"><cards type="Pocket" player="Rakki">C8 D3</cards>
<cards type="Pocket" player="Frizzantino00">X X</cards>
<action no="5" player="Frizzantino00" type="0" discard="1" dealt="1" sum="0"/>
</round>
</game>
<game gamecode="6477737385"><general><startdate>2025-09-13 03:41:59</startdate>
<round>1</round>
<failsafecounter/>
<players><player seat="10" name="Frizzantino00" chips="1,042" dealer="0" win="0" bet="458" muck="1" rebuy="0" addon="0" merge="0" rebuychips="0" reg_code="5059505359"/>
<player seat="6" name="Rakki" chips="458" dealer="1" win="916" bet="458" muck="0" rebuy="0" addon="0" merge="0" rebuychips="0" reg_code="5059504954"/>
</players>
</general>
<round no="0"><action no="1" player="Rakki" type="15" sum="10"/>
<action no="2" player="Frizzantino00" type="15" discard="1" dealt="1" sum="10"/>
<action no="3" player="Rakki" type="1" sum="50"/>
<action no="4" player="Frizzantino00" type="2" discard="1" dealt="1" sum="100"/>
</round>
<round no="1"><cards type="Pocket" player="Rakki">HA S3</cards>
<cards type="Pocket" player="Frizzantino00">SA S8</cards>
<action no="5" player="Rakki" type="23" sum="448"/>
<action no="6" player="Frizzantino00" type="3" discard="1" dealt="1" sum="348"/>
</round>
<round no="2"><cards type="Flop">SJ D6 D3</cards>
</round>
<round no="3"><cards type="Turn">H10</cards>
</round>
<round no="4"><cards type="River">CA</cards>
</round>
</game>
<game gamecode="6477737400"><general><startdate>2025-09-13 03:42:13</startdate>
<round>1</round>
<failsafecounter/>
<players><player seat="6" name="Rakki" chips="916" dealer="0" win="0" bet="110" muck="1" rebuy="0" addon="0" merge="0" rebuychips="0" reg_code="5059504954"/>
<player seat="10" name="Frizzantino00" chips="584" dealer="1" win="220" bet="584" muck="1" rebuy="0" addon="0" merge="0" rebuychips="0" reg_code="5059505359"/>
</players>
</general>
<round no="0"><action no="1" player="Frizzantino00" type="15" discard="1" dealt="1" sum="10"/>
<action no="2" player="Rakki" type="15" sum="10"/>
<action no="3" player="Frizzantino00" type="1" discard="1" dealt="1" sum="50"/>
<action no="4" player="Rakki" type="2" sum="100"/>
</round>
<round no="1"><cards type="Pocket" player="Frizzantino00">X X</cards>
<cards type="Pocket" player="Rakki">D2 SJ</cards>
<action no="5" player="Frizzantino00" type="23" discard="1" dealt="1" sum="574"/>
<action no="6" player="Rakki" type="0" sum="0"/>
</round>
</game>
<game gamecode="6477737409"><general><startdate>2025-09-13 03:42:22</startdate>
<round>1</round>
<failsafecounter/>
<players><player seat="10" name="Frizzantino00" chips="694" dealer="0" win="1,388" bet="694" muck="0" rebuy="0" addon="0" merge="0" rebuychips="0" reg_code="5059505359"/>
<player seat="6" name="Rakki" chips="806" dealer="1" win="0" bet="806" muck="1" rebuy="0" addon="0" merge="0" rebuychips="0" reg_code="5059504954"/>
</players>
</general>
<round no="0"><action no="1" player="Rakki" type="15" sum="10"/>
<action no="2" player="Frizzantino00" type="15" discard="1" dealt="1" sum="10"/>
<action no="3" player="Rakki" type="1" sum="50"/>
<action no="4" player="Frizzantino00" type="2" discard="1" dealt="1" sum="100"/>
</round>
<round no="1"><cards type="Pocket" player="Frizzantino00">CA H5</cards>
<cards type="Pocket" player="Rakki">H3 CK</cards>
<action no="5" player="Rakki" type="23" sum="796"/>
<action no="6" player="Frizzantino00" type="7" discard="1" dealt="1" sum="584"/>
</round>
<round no="2"><cards type="Flop">H9 C10 D7</cards>
</round>
<round no="3"><cards type="Turn">S5</cards>
</round>
<round no="4"><cards type="River">SQ</cards>
</round>
</game>
<game gamecode="6477737423"><general><startdate>2025-09-13 03:42:37</startdate>
<round>1</round>
<failsafecounter/>
<players><player seat="6" name="Rakki" chips="112" dealer="0" win="224" bet="112" muck="0" rebuy="0" addon="0" merge="0" rebuychips="0" reg_code="5059504954"/>
<player seat="10" name="Frizzantino00" chips="1,388" dealer="1" win="0" bet="210" muck="1" rebuy="0" addon="0" merge="0" rebuychips="0" reg_code="5059505359"/>
</players>
</general>
<round no="0"><action no="1" player="Frizzantino00" type="15" discard="1" dealt="1" sum="10"/>
<action no="2" player="Rakki" type="15" sum="10"/>
<action no="3" player="Frizzantino00" type="1" discard="1" dealt="1" sum="50"/>
<action no="4" player="Rakki" type="2" sum="100"/>
</round>
<round no="1"><cards type="Pocket" player="Rakki">SA S6</cards>
<cards type="Pocket" player="Frizzantino00">S8 S7</cards>
<action no="5" player="Frizzantino00" type="23" discard="1" dealt="1" sum="200"/>
<action no="6" player="Rakki" type="7" sum="2"/>
</round>
<round no="2"><cards type="Flop">H10 C6 S2</cards>
</round>
<round no="3"><cards type="Turn">S10</cards>
</round>
<round no="4"><cards type="River">HA</cards>
</round>
</game>
<game gamecode="6477737442"><general><startdate>2025-09-13 03:42:52</startdate>
<round>1</round>
<failsafecounter/>
<players><player seat="10" name="Frizzantino00" chips="1,276" dealer="0" win="0" bet="224" muck="1" rebuy="0" addon="0" merge="0" rebuychips="0" reg_code="5059505359"/>
<player seat="6" name="Rakki" chips="224" dealer="1" win="448" bet="224" muck="0" rebuy="0" addon="0" merge="0" rebuychips="0" reg_code="5059504954"/>
</players>
</general>
<round no="0"><action no="1" player="Rakki" type="15" sum="10"/>
<action no="2" player="Frizzantino00" type="15" discard="1" dealt="1" sum="10"/>
<action no="3" player="Rakki" type="1" sum="50"/>
<action no="4" player="Frizzantino00" type="2" discard="1" dealt="1" sum="100"/>
</round>
<round no="1"><cards type="Pocket" player="Rakki">SJ H7</cards>
<cards type="Pocket" player="Frizzantino00">C2 S5</cards>
<action no="5" player="Rakki" type="23" sum="214"/>
<action no="6" player="Frizzantino00" type="3" discard="1" dealt="1" sum="114"/>
</round>
<round no="2"><cards type="Flop">D4 S6 C7</cards>
</round>
<round no="3"><cards type="Turn">HQ</cards>
</round>
<round no="4"><cards type="River">H2</cards>
</round>
</game>
<game gamecode="6477737462"><general><startdate>2025-09-13 03:43:08</startdate>
<round>1</round>
<failsafecounter/>
<players><player seat="6" name="Rakki" chips="448" dealer="0" win="896" bet="448" muck="0" rebuy="0" addon="0" merge="0" rebuychips="0" reg_code="5059504954"/>
<player seat="10" name="Frizzantino00" chips="1,052" dealer="1" win="0" bet="1,052" muck="1" rebuy="0" addon="0" merge="0" rebuychips="0" reg_code="5059505359"/>
</players>
</general>
<round no="0"><action no="1" player="Frizzantino00" type="15" discard="1" dealt="1" sum="10"/>
<action no="2" player="Rakki" type="15" sum="10"/>
<action no="3" player="Frizzantino00" type="1" discard="1" dealt="1" sum="60"/>
<action no="4" player="Rakki" type="2" sum="120"/>
</round>
<round no="1"><cards type="Pocket" player="Frizzantino00">D5 D8</cards>
<cards type="Pocket" player="Rakki">D7 DQ</cards>
<action no="5" player="Frizzantino00" type="23" discard="1" dealt="1" sum="1,042"/>
<action no="6" player="Rakki" type="7" sum="318"/>
</round>
<round no="2"><cards type="Flop">H2 C4 HQ</cards>
</round>
<round no="3"><cards type="Turn">H4</cards>
</round>
<round no="4"><cards type="River">H6</cards>
</round>
</game>
<game gamecode="6477737481"><general><startdate>2025-09-13 03:43:24</startdate>
<round>1</round>
<failsafecounter/>
<players><player seat="10" name="Frizzantino00" chips="604" dealer="0" win="0" bet="130" muck="1" rebuy="0" addon="0" merge="0" rebuychips="0" reg_code="5059505359"/>
<player seat="6" name="Rakki" chips="896" dealer="1" win="260" bet="896" muck="1" rebuy="0" addon="0" merge="0" rebuychips="0" reg_code="5059504954"/>
</players>
</general>
<round no="0"><action no="1" player="Rakki" type="15" sum="10"/>
<action no="2" player="Frizzantino00" type="15" discard="1" dealt="1" sum="10"/>
<action no="3" player="Rakki" type="1" sum="60"/>
<action no="4" player="Frizzantino00" type="2" discard="1" dealt="1" sum="120"/>
</round>
<round no="1"><cards type="Pocket" player="Frizzantino00">X X</cards>
<cards type="Pocket" player="Rakki">CJ C6</cards>
<action no="5" player="Rakki" type="23" sum="886"/>
<action no="6" player="Frizzantino00" type="0" discard="1" dealt="1" sum="0"/>
</round>
</game>
<game gamecode="6477737487"><general><startdate>2025-09-13 03:43:31</startdate>
<round>1</round>
<failsafecounter/>
<players><player seat="6" name="Rakki" chips="1,026" dealer="0" win="0" bet="474" muck="1" rebuy="0" addon="0" merge="0" rebuychips="0" reg_code="5059504954"/>
<player seat="10" name="Frizzantino00" chips="474" dealer="1" win="948" bet="474" muck="0" rebuy="0" addon="0" merge="0" rebuychips="0" reg_code="5059505359"/>
</players>
</general>
<round no="0"><action no="1" player="Frizzantino00" type="15" discard="1" dealt="1" sum="10"/>
<action no="2" player="Rakki" type="15" sum="10"/>
<action no="3" player="Frizzantino00" type="1" discard="1" dealt="1" sum="60"/>
<action no="4" player="Rakki" type="2" sum="120"/>
</round>
<round no="1"><cards type="Pocket" player="Rakki">H6 C8</cards>
<cards type="Pocket" player="Frizzantino00">D5 D2</cards>
<action no="5" player="Frizzantino00" type="23" discard="1" dealt="1" sum="464"/>
<action no="6" player="Rakki" type="3" sum="344"/>
</round>
<round no="2"><cards type="Flop">D9 HJ S5</cards>
</round>
<round no="3"><cards type="Turn">S4</cards>
</round>
<round no="4"><cards type="River">DQ</cards>
</round>
</game>
<game gamecode="6477737507"><general><startdate>2025-09-13 03:43:50</startdate>
<round>1</round>
<failsafecounter/>
<players><player seat="10" name="Frizzantino00" chips="948" dealer="0" win="0" bet="130" muck="1" rebuy="0" addon="0" merge="0" rebuychips="0" reg_code="5059505359"/>
<player seat="6" name="Rakki" chips="552" dealer="1" win="260" bet="552" muck="1" rebuy="0" addon="0" merge="0" rebuychips="0" reg_code="5059504954"/>
</players>
</general>
<round no="0"><action no="1" player="Rakki" type="15" sum="10"/>
<action no="2" player="Frizzantino00" type="15" discard="1" dealt="1" sum="10"/>
<action no="3" player="Rakki" type="1" sum="60"/>
<action no="4" player="Frizzantino00" type="2" discard="1" dealt="1" sum="120"/>
</round>
<round no="1"><cards type="Pocket" player="Frizzantino00">X X</cards>
<cards type="Pocket" player="Rakki">HA S6</cards>
<action no="5" player="Rakki" type="23" sum="542"/>
<action no="6" player="Frizzantino00" type="0" discard="1" dealt="1" sum="0"/>
</round>
</game>
<game gamecode="6477737521"><general><startdate>2025-09-13 03:44:02</startdate>
<round>1</round>
<failsafecounter/>
<players><player seat="6" name="Rakki" chips="682" dealer="0" win="0" bet="682" muck="0" rebuy="0" addon="0" merge="0" rebuychips="0" reg_code="5059504954"/>
<player seat="10" name="Frizzantino00" chips="818" dealer="1" win="1,364" bet="818" muck="0" rebuy="0" addon="0" merge="0" rebuychips="0" reg_code="5059505359"/>
</players>
</general>
<round no="0"><action no="1" player="Frizzantino00" type="15" discard="1" dealt="1" sum="10"/>
<action no="2" player="Rakki" type="15" sum="10"/>
<action no="3" player="Frizzantino00" type="1" discard="1" dealt="1" sum="60"/>
<action no="4" player="Rakki" type="2" sum="120"/>
</round>
<round no="1"><cards type="Pocket" player="Rakki">HA S7</cards>
<cards type="Pocket" player="Frizzantino00">SJ HK</cards>
<action no="5" player="Frizzantino00" type="23" discard="1" dealt="1" sum="808"/>
<action no="6" player="Rakki" type="7" sum="552"/>
</round>
<round no="2"><cards type="Flop">D10 S9 H7</cards>
</round>
<round no="3"><cards type="Turn">DK</cards>
</round>
<round no="4"><cards type="River">S5</cards>
</round>
</game>
</session>
