<?xml version="1.0" encoding="UTF-8"?>
<session sessioncode="5059365538">
<general>
<client_version>25.1.1.16</client_version>
<mode>real</mode>
<gametype>Holdem NL</gametype>
<tablename>Twister €200 SNG, 817583007</tablename>
<tournamentcode>817583006</tournamentcode>
<tournamentname>Twister €200 SNG</tournamentname>
<buyin>€0 + €12 + €188</buyin>
<totalbuyin>€200</totalbuyin>
<rewarddrawn>€400</rewarddrawn>
<tournamentcurrency>EUR</tournamentcurrency>
<currency>EUR</currency>
<nickname>Rakki</nickname>
<gamecount>7</gamecount>
<startdate>2025-09-12 15:52:01</startdate>
<place>3</place>
<win>€0</win>
<tablesize>3</tablesize>
</general>
<game gamecode="6477171765"><general><startdate>2025-09-12 15:52:17</startdate>
<round>1</round>
<failsafecounter/>
<players><player seat="10" name="Annachiara17" chips="500" dealer="0" win="0" bet="20" muck="1" rebuy="0" addon="0" merge="0" rebuychips="0" reg_code="5059366122"/>
<player seat="3" name="L1mltless" chips="500" dealer="1" win="0" bet="0" muck="1" rebuy="0" addon="0" merge="0" rebuychips="0" reg_code="5059365081"/>
<player seat="6" name="Rakki" chips="500" dealer="0" win="40" bet="50" muck="1" rebuy="0" addon="0" merge="0" rebuychips="0" reg_code="5059365538"/>
</players>
</general>
<round no="0"><action no="1" player="Rakki" type="1" sum="10"/>
<action no="2" player="Annachiara17" type="2" discard="1" dealt="1" sum="20"/>
</round>
<round no="1"><cards type="Pocket" player="L1mltless">X X</cards>
<cards type="Pocket" player="Rakki">H6 HQ</cards>
<cards type="Pocket" player="Annachiara17">X X</cards>
<action no="3" player="L1mltless" type="0" discard="1" dealt="1" sum="0"/>
<action no="4" player="Rakki" type="23" sum="50"/>
<action no="5" player="Annachiara17" type="0" discard="1" dealt="1" sum="0"/>
</round>
</game>
<game gamecode="6477171778"><general><startdate>2025-09-12 15:52:26</startdate>
<round>1</round>
<failsafecounter/>
<players><player seat="3" name="L1mltless" chips="500" dealer="0" win="20" bet="20" muck="1" rebuy="0" addon="0" merge="0" rebuychips="0" reg_code="5059365081"/>
<player seat="6" name="Rakki" chips="520" dealer="1" win="0" bet="0" muck="1" rebuy="0" addon="0" merge="0" rebuychips="0" reg_code="5059365538"/>
<player seat="10" name="Annachiara17" chips="480" dealer="0" win="0" bet="10" muck="1" rebuy="0" addon="0" merge="0" rebuychips="0" reg_code="5059366122"/>
</players>
</general>
<round no="0"><action no="1" player="Annachiara17" type="1" discard="1" dealt="1" sum="10"/>
<action no="2" player="L1mltless" type="2" discard="1" dealt="1" sum="20"/>
</round>
<round no="1"><cards type="Pocket" player="Rakki">C2 D3</cards>
<cards type="Pocket" player="L1mltless">X X</cards>
<cards type="Pocket" player="Annachiara17">X X</cards>
<action no="3" player="Rakki" type="0" sum="0"/>
<action no="4" player="Annachiara17" type="0" discard="1" dealt="1" sum="0"/>
</round>
</game>
<game gamecode="6477171789"><general><startdate>2025-09-12 15:52:33</startdate>
<round>1</round>
<failsafecounter/>
<players><player seat="6" name="Rakki" chips="520" dealer="0" win="0" bet="20" muck="1" rebuy="0" addon="0" merge="0" rebuychips="0" reg_code="5059365538"/>
<player seat="10" name="Annachiara17" chips="470" dealer="1" win="0" bet="0" muck="1" rebuy="0" addon="0" merge="0" rebuychips="0" reg_code="5059366122"/>
<player seat="3" name="L1mltless" chips="510" dealer="0" win="40" bet="40" muck="1" rebuy="0" addon="0" merge="0" rebuychips="0" reg_code="5059365081"/>
</players>
</general>
<round no="0"><action no="1" player="L1mltless" type="1" discard="1" dealt="1" sum="10"/>
<action no="2" player="Rakki" type="2" sum="20"/>
</round>
<round no="1"><cards type="Pocket" player="Rakki">H8 H5</cards>
<cards type="Pocket" player="L1mltless">X X</cards>
<cards type="Pocket" player="Annachiara17">X X</cards>
<action no="3" player="Annachiara17" type="0" discard="1" dealt="1" sum="0"/>
<action no="4" player="L1mltless" type="3" discard="1" dealt="1" sum="10"/>
<action no="5" player="Rakki" type="4" sum="0"/>
</round>
<round no="2"><cards type="Flop">CA SA HJ</cards>
<action no="6" player="L1mltless" type="5" discard="1" dealt="1" sum="20"/>
<action no="7" player="Rakki" type="0" sum="0"/>
</round>
</game>
<game gamecode="6477171811"><general><startdate>2025-09-12 15:52:47</startdate>
<round>1</round>
<failsafecounter/>
<players><player seat="10" name="Annachiara17" chips="470" dealer="0" win="80" bet="100" muck="1" rebuy="0" addon="0" merge="0" rebuychips="0" reg_code="5059366122"/>
<player seat="3" name="L1mltless" chips="530" dealer="1" win="0" bet="0" muck="1" rebuy="0" addon="0" merge="0" rebuychips="0" reg_code="5059365081"/>
<player seat="6" name="Rakki" chips="500" dealer="0" win="0" bet="40" muck="1" rebuy="0" addon="0" merge="0" rebuychips="0" reg_code="5059365538"/>
</players>
</general>
<round no="0"><action no="1" player="Rakki" type="1" sum="10"/>
<action no="2" player="Annachiara17" type="2" discard="1" dealt="1" sum="20"/>
</round>
<round no="1"><cards type="Pocket" player="L1mltless">X X</cards>
<cards type="Pocket" player="Annachiara17">X X</cards>
<cards type="Pocket" player="Rakki">S8 H6</cards>
<action no="3" player="L1mltless" type="0" discard="1" dealt="1" sum="0"/>
<action no="4" player="Rakki" type="3" sum="10"/>
<action no="5" player="Annachiara17" type="4" discard="1" dealt="1" sum="0"/>
</round>
<round no="2"><cards type="Flop">H4 D9 S6</cards>
<action no="6" player="Rakki" type="4" sum="0"/>
<action no="7" player="Annachiara17" type="4" discard="1" dealt="1" sum="0"/>
</round>
<round no="3"><cards type="Turn">H5</cards>
<action no="8" player="Rakki" type="5" sum="20"/>
<action no="9" player="Annachiara17" type="3" discard="1" dealt="1" sum="20"/>
</round>
<round no="4"><cards type="River">D3</cards>
<action no="10" player="Rakki" type="4" sum="0"/>
<action no="11" player="Annachiara17" type="5" discard="1" dealt="1" sum="60"/>
<action no="12" player="Rakki" type="0" sum="0"/>
</round>
</game>
<game gamecode="6477171842"><general><startdate>2025-09-12 15:53:07</startdate>
<round>1</round>
<failsafecounter/>
<players><player seat="3" name="L1mltless" chips="530" dealer="0" win="120" bet="530" muck="1" rebuy="0" addon="0" merge="0" rebuychips="0" reg_code="5059365081"/>
<player seat="6" name="Rakki" chips="460" dealer="1" win="0" bet="40" muck="1" rebuy="0" addon="0" merge="0" rebuychips="0" reg_code="5059365538"/>
<player seat="10" name="Annachiara17" chips="510" dealer="0" win="0" bet="40" muck="1" rebuy="0" addon="0" merge="0" rebuychips="0" reg_code="5059366122"/>
</players>
</general>
<round no="0"><action no="1" player="Annachiara17" type="1" discard="1" dealt="1" sum="10"/>
<action no="2" player="L1mltless" type="2" discard="1" dealt="1" sum="20"/>
</round>
<round no="1"><cards type="Pocket" player="Rakki">H10 CQ</cards>
<cards type="Pocket" player="L1mltless">X X</cards>
<cards type="Pocket" player="Annachiara17">X X</cards>
<action no="3" player="Rakki" type="23" sum="40"/>
<action no="4" player="Annachiara17" type="3" discard="1" dealt="1" sum="30"/>
<action no="5" player="L1mltless" type="23" discard="1" dealt="1" sum="530"/>
<action no="6" player="Rakki" type="0" sum="0"/>
<action no="7" player="Annachiara17" type="0" discard="1" dealt="1" sum="0"/>
</round>
</game>
<game gamecode="6477171873"><general><startdate>2025-09-12 15:53:27</startdate>
<round>1</round>
<failsafecounter/>
<players><player seat="6" name="Rakki" chips="420" dealer="0" win="220" bet="100" muck="0" rebuy="0" addon="0" merge="0" rebuychips="0" reg_code="5059365538"/>
<player seat="10" name="Annachiara17" chips="470" dealer="1" win="0" bet="100" muck="1" rebuy="0" addon="0" merge="0" rebuychips="0" reg_code="5059366122"/>
<player seat="3" name="L1mltless" chips="610" dealer="0" win="0" bet="20" muck="1" rebuy="0" addon="0" merge="0" rebuychips="0" reg_code="5059365081"/>
</players>
</general>
<round no="0"><action no="1" player="L1mltless" type="1" discard="1" dealt="1" sum="10"/>
<action no="2" player="Rakki" type="2" sum="20"/>
</round>
<round no="1"><cards type="Pocket" player="L1mltless">X X</cards>
<cards type="Pocket" player="Rakki">D8 HK</cards>
<cards type="Pocket" player="Annachiara17">H9 SJ</cards>
<action no="3" player="Annachiara17" type="3" discard="1" dealt="1" sum="20"/>
<action no="4" player="L1mltless" type="3" discard="1" dealt="1" sum="10"/>
<action no="5" player="Rakki" type="4" sum="0"/>
</round>
<round no="2"><cards type="Flop">DK H7 C4</cards>
<action no="6" player="L1mltless" type="4" discard="1" dealt="1" sum="0"/>
<action no="7" player="Rakki" type="4" sum="0"/>
<action no="8" player="Annachiara17" type="5" discard="1" dealt="1" sum="40"/>
<action no="9" player="L1mltless" type="0" discard="1" dealt="1" sum="0"/>
<action no="10" player="Rakki" type="3" sum="40"/>
</round>
<round no="3"><cards type="Turn">H4</cards>
<action no="11" player="Rakki" type="4" sum="0"/>
<action no="12" player="Annachiara17" type="5" discard="1" dealt="1" sum="40"/>
<action no="13" player="Rakki" type="3" sum="40"/>
</round>
<round no="4"><cards type="River">D9</cards>
<action no="14" player="Rakki" type="4" sum="0"/>
<action no="15" player="Annachiara17" type="4" discard="1" dealt="1" sum="0"/>
</round>
</game>
<game gamecode="6477171951"><general><startdate>2025-09-12 15:54:17</startdate>
<round>1</round>
<failsafecounter/>
<players><player seat="10" name="Annachiara17" chips="370" dealer="0" win="0" bet="35" muck="1" rebuy="0" addon="0" merge="0" rebuychips="0" reg_code="5059366122"/>
<player seat="3" name="L1mltless" chips="590" dealer="1" win="1,115" bet="540" muck="0" rebuy="0" addon="0" merge="0" rebuychips="0" reg_code="5059365081"/>
<player seat="6" name="Rakki" chips="540" dealer="0" win="0" bet="540" muck="0" rebuy="0" addon="0" merge="0" rebuychips="0" reg_code="5059365538"/>
</players>
</general>
<round no="0"><action no="1" player="Rakki" type="15" sum="5"/>
<action no="2" player="Annachiara17" type="15" discard="1" dealt="1" sum="5"/>
<action no="3" player="L1mltless" type="15" discard="1" dealt="1" sum="5"/>
<action no="4" player="Rakki" type="1" sum="15"/>
<action no="5" player="Annachiara17" type="2" discard="1" dealt="1" sum="30"/>
</round>
<round no="1"><cards type="Pocket" player="Annachiara17">X X</cards>
<cards type="Pocket" player="Rakki">DA C7</cards>
<cards type="Pocket" player="L1mltless">SK CA</cards>
<action no="6" player="L1mltless" type="23" discard="1" dealt="1" sum="60"/>
<action no="7" player="Rakki" type="23" sum="535"/>
<action no="8" player="Annachiara17" type="0" discard="1" dealt="1" sum="0"/>
<action no="9" player="L1mltless" type="3" discard="1" dealt="1" sum="475"/>
</round>
<round no="2"><cards type="Flop">H2 SA CQ</cards>
</round>
<round no="3"><cards type="Turn">S9</cards>
</round>
<round no="4"><cards type="River">D8</cards>
</round>
</game>
</session>
