<?xml version="1.0" encoding="UTF-8"?>
<session sessioncode="5059809087">
<general>
<client_version>25.1.1.16</client_version>
<mode>real</mode>
<gametype>Holdem NL</gametype>
<tablename>Twister €200 SNG, 817723538</tablename>
<tournamentcode>817723536</tournamentcode>
<tournamentname>Twister €200 SNG</tournamentname>
<buyin>€0 + €12 + €188</buyin>
<totalbuyin>€200</totalbuyin>
<rewarddrawn>€400</rewarddrawn>
<tournamentcurrency>EUR</tournamentcurrency>
<currency>EUR</currency>
<nickname>Rakki</nickname>
<gamecount>13</gamecount>
<startdate>2025-09-14 19:11:41</startdate>
<place>3</place>
<win>€0</win>
<tablesize>3</tablesize>
</general>
<game gamecode="6478984491"><general><startdate>2025-09-14 19:11:56</startdate>
<round>1</round>
<failsafecounter/>
<players><player seat="6" name="Rakki" chips="500" dealer="0" win="40" bet="60" muck="1" rebuy="0" addon="0" merge="0" rebuychips="0" reg_code="5059809087"/>
<player seat="10" name="fefe1505" chips="500" dealer="1" win="0" bet="0" muck="1" rebuy="0" addon="0" merge="0" rebuychips="0" reg_code="5059809121"/>
<player seat="3" name="L1mltless" chips="500" dealer="0" win="0" bet="20" muck="1" rebuy="0" addon="0" merge="0" rebuychips="0" reg_code="5059809064"/>
</players>
</general>
<round no="0"><action no="1" player="L1mltless" type="1" discard="1" dealt="1" sum="10"/>
<action no="2" player="Rakki" type="2" sum="20"/>
</round>
<round no="1"><cards type="Pocket" player="fefe1505">X X</cards>
<cards type="Pocket" player="Rakki">SA S4</cards>
<cards type="Pocket" player="L1mltless">X X</cards>
<action no="3" player="fefe1505" type="0" discard="1" dealt="1" sum="0"/>
<action no="4" player="L1mltless" type="3" discard="1" dealt="1" sum="10"/>
<action no="5" player="Rakki" type="23" sum="60"/>
<action no="6" player="L1mltless" type="0" discard="1" dealt="1" sum="0"/>
</round>
</game>
<game gamecode="6478984511"><general><startdate>2025-09-14 19:12:18</startdate>
<round>1</round>
<failsafecounter/>
<players><player seat="10" name="fefe1505" chips="500" dealer="0" win="100" bet="50" muck="0" rebuy="0" addon="0" merge="0" rebuychips="0" reg_code="5059809121"/>
<player seat="3" name="L1mltless" chips="480" dealer="1" win="0" bet="0" muck="1" rebuy="0" addon="0" merge="0" rebuychips="0" reg_code="5059809064"/>
<player seat="6" name="Rakki" chips="520" dealer="0" win="0" bet="50" muck="1" rebuy="0" addon="0" merge="0" rebuychips="0" reg_code="5059809087"/>
</players>
</general>
<round no="0"><action no="1" player="Rakki" type="1" sum="10"/>
<action no="2" player="fefe1505" type="2" discard="1" dealt="1" sum="20"/>
</round>
<round no="1"><cards type="Pocket" player="L1mltless">X X</cards>
<cards type="Pocket" player="fefe1505">S5 H8</cards>
<cards type="Pocket" player="Rakki">D10 DA</cards>
<action no="3" player="L1mltless" type="0" discard="1" dealt="1" sum="0"/>
<action no="4" player="Rakki" type="23" sum="50"/>
<action no="5" player="fefe1505" type="3" discard="1" dealt="1" sum="30"/>
</round>
<round no="2"><cards type="Flop">CJ H4 H7</cards>
<action no="6" player="Rakki" type="4" sum="0"/>
<action no="7" player="fefe1505" type="4" discard="1" dealt="1" sum="0"/>
</round>
<round no="3"><cards type="Turn">C5</cards>
<action no="8" player="Rakki" type="4" sum="0"/>
<action no="9" player="fefe1505" type="4" discard="1" dealt="1" sum="0"/>
</round>
<round no="4"><cards type="River">D9</cards>
<action no="10" player="Rakki" type="4" sum="0"/>
<action no="11" player="fefe1505" type="4" discard="1" dealt="1" sum="0"/>
</round>
</game>
<game gamecode="6478984538"><general><startdate>2025-09-14 19:12:38</startdate>
<round>1</round>
<failsafecounter/>
<players><player seat="3" name="L1mltless" chips="480" dealer="0" win="0" bet="60" muck="1" rebuy="0" addon="0" merge="0" rebuychips="0" reg_code="5059809064"/>
<player seat="6" name="Rakki" chips="470" dealer="1" win="0" bet="0" muck="1" rebuy="0" addon="0" merge="0" rebuychips="0" reg_code="5059809087"/>
<player seat="10" name="fefe1505" chips="550" dealer="0" win="120" bet="60" muck="0" rebuy="0" addon="0" merge="0" rebuychips="0" reg_code="5059809121"/>
</players>
</general>
<round no="0"><action no="1" player="fefe1505" type="1" discard="1" dealt="1" sum="10"/>
<action no="2" player="L1mltless" type="2" discard="1" dealt="1" sum="20"/>
</round>
<round no="1"><cards type="Pocket" player="Rakki">C5 HQ</cards>
<cards type="Pocket" player="fefe1505">CK DA</cards>
<cards type="Pocket" player="L1mltless">SA C9</cards>
<action no="3" player="Rakki" type="0" sum="0"/>
<action no="4" player="fefe1505" type="23" discard="1" dealt="1" sum="60"/>
<action no="5" player="L1mltless" type="3" discard="1" dealt="1" sum="40"/>
</round>
<round no="2"><cards type="Flop">S6 C10 C7</cards>
<action no="6" player="fefe1505" type="4" discard="1" dealt="1" sum="0"/>
<action no="7" player="L1mltless" type="4" discard="1" dealt="1" sum="0"/>
</round>
<round no="3"><cards type="Turn">D6</cards>
<action no="8" player="fefe1505" type="4" discard="1" dealt="1" sum="0"/>
<action no="9" player="L1mltless" type="4" discard="1" dealt="1" sum="0"/>
</round>
<round no="4"><cards type="River">CQ</cards>
<action no="10" player="fefe1505" type="4" discard="1" dealt="1" sum="0"/>
<action no="11" player="L1mltless" type="4" discard="1" dealt="1" sum="0"/>
</round>
</game>
<game gamecode="6478984574"><general><startdate>2025-09-14 19:13:15</startdate>
<round>1</round>
<failsafecounter/>
<players><player seat="6" name="Rakki" chips="470" dealer="0" win="50" bet="20" muck="0" rebuy="0" addon="0" merge="0" rebuychips="0" reg_code="5059809087"/>
<player seat="10" name="fefe1505" chips="610" dealer="1" win="0" bet="20" muck="1" rebuy="0" addon="0" merge="0" rebuychips="0" reg_code="5059809121"/>
<player seat="3" name="L1mltless" chips="420" dealer="0" win="0" bet="10" muck="1" rebuy="0" addon="0" merge="0" rebuychips="0" reg_code="5059809064"/>
</players>
</general>
<round no="0"><action no="1" player="L1mltless" type="1" discard="1" dealt="1" sum="10"/>
<action no="2" player="Rakki" type="2" sum="20"/>
</round>
<round no="1"><cards type="Pocket" player="Rakki">H5 SK</cards>
<cards type="Pocket" player="L1mltless">X X</cards>
<cards type="Pocket" player="fefe1505">SA C3</cards>
<action no="3" player="fefe1505" type="3" discard="1" dealt="1" sum="20"/>
<action no="4" player="L1mltless" type="0" discard="1" dealt="1" sum="0"/>
<action no="5" player="Rakki" type="4" sum="0"/>
</round>
<round no="2"><cards type="Flop">C10 HQ SJ</cards>
<action no="6" player="Rakki" type="4" sum="0"/>
<action no="7" player="fefe1505" type="4" discard="1" dealt="1" sum="0"/>
</round>
<round no="3"><cards type="Turn">H4</cards>
<action no="8" player="Rakki" type="4" sum="0"/>
<action no="9" player="fefe1505" type="4" discard="1" dealt="1" sum="0"/>
</round>
<round no="4"><cards type="River">D5</cards>
<action no="10" player="Rakki" type="4" sum="0"/>
<action no="11" player="fefe1505" type="4" discard="1" dealt="1" sum="0"/>
</round>
</game>
<game gamecode="6478984615"><general><startdate>2025-09-14 19:13:48</startdate>
<round>1</round>
<failsafecounter/>
<players><player seat="10" name="fefe1505" chips="590" dealer="0" win="0" bet="35" muck="1" rebuy="0" addon="0" merge="0" rebuychips="0" reg_code="5059809121"/>
<player seat="3" name="L1mltless" chips="410" dealer="1" win="90" bet="410" muck="1" rebuy="0" addon="0" merge="0" rebuychips="0" reg_code="5059809064"/>
<player seat="6" name="Rakki" chips="500" dealer="0" win="0" bet="20" muck="1" rebuy="0" addon="0" merge="0" rebuychips="0" reg_code="5059809087"/>
</players>
</general>
<round no="0"><action no="1" player="Rakki" type="15" sum="5"/>
<action no="2" player="fefe1505" type="15" discard="1" dealt="1" sum="5"/>
<action no="3" player="L1mltless" type="15" discard="1" dealt="1" sum="5"/>
<action no="4" player="Rakki" type="1" sum="15"/>
<action no="5" player="fefe1505" type="2" discard="1" dealt="1" sum="30"/>
</round>
<round no="1"><cards type="Pocket" player="fefe1505">X X</cards>
<cards type="Pocket" player="Rakki">D10 D7</cards>
<cards type="Pocket" player="L1mltless">X X</cards>
<action no="6" player="L1mltless" type="23" discard="1" dealt="1" sum="405"/>
<action no="7" player="Rakki" type="0" sum="0"/>
<action no="8" player="fefe1505" type="0" discard="1" dealt="1" sum="0"/>
</round>
</game>
<game gamecode="6478984633"><general><startdate>2025-09-14 19:14:02</startdate>
<round>1</round>
<failsafecounter/>
<players><player seat="3" name="L1mltless" chips="465" dealer="0" win="625" bet="465" muck="1" rebuy="0" addon="0" merge="0" rebuychips="0" reg_code="5059809064"/>
<player seat="6" name="Rakki" chips="480" dealer="1" win="0" bet="5" muck="1" rebuy="0" addon="0" merge="0" rebuychips="0" reg_code="5059809087"/>
<player seat="10" name="fefe1505" chips="555" dealer="0" win="0" bet="310" muck="1" rebuy="0" addon="0" merge="0" rebuychips="0" reg_code="5059809121"/>
</players>
</general>
<round no="0"><action no="1" player="fefe1505" type="15" discard="1" dealt="1" sum="5"/>
<action no="2" player="L1mltless" type="15" discard="1" dealt="1" sum="5"/>
<action no="3" player="Rakki" type="15" sum="5"/>
<action no="4" player="fefe1505" type="1" discard="1" dealt="1" sum="15"/>
<action no="5" player="L1mltless" type="2" discard="1" dealt="1" sum="30"/>
</round>
<round no="1"><cards type="Pocket" player="L1mltless">X X</cards>
<cards type="Pocket" player="Rakki">C5 H3</cards>
<cards type="Pocket" player="fefe1505">X X</cards>
<action no="6" player="Rakki" type="0" sum="0"/>
<action no="7" player="fefe1505" type="23" discard="1" dealt="1" sum="60"/>
<action no="8" player="L1mltless" type="3" discard="1" dealt="1" sum="30"/>
</round>
<round no="2"><cards type="Flop">H8 S9 S4</cards>
<action no="9" player="fefe1505" type="4" discard="1" dealt="1" sum="0"/>
<action no="10" player="L1mltless" type="4" discard="1" dealt="1" sum="0"/>
</round>
<round no="3"><cards type="Turn">SK</cards>
<action no="11" player="fefe1505" type="5" discard="1" dealt="1" sum="45"/>
<action no="12" player="L1mltless" type="3" discard="1" dealt="1" sum="45"/>
</round>
<round no="4"><cards type="River">S5</cards>
<action no="13" player="fefe1505" type="5" discard="1" dealt="1" sum="200"/>
<action no="14" player="L1mltless" type="7" discard="1" dealt="1" sum="355"/>
<action no="15" player="fefe1505" type="0" discard="1" dealt="1" sum="0"/>
</round>
</game>
<game gamecode="6478995468"><general><startdate>2025-09-14 19:14:32</startdate>
<round>1</round>
<failsafecounter/>
<players><player seat="6" name="Rakki" chips="475" dealer="0" win="0" bet="35" muck="1" rebuy="0" addon="0" merge="0" rebuychips="0" reg_code="5059809087"/>
<player seat="10" name="fefe1505" chips="245" dealer="1" win="90" bet="245" muck="1" rebuy="0" addon="0" merge="0" rebuychips="0" reg_code="5059809121"/>
<player seat="3" name="L1mltless" chips="780" dealer="0" win="0" bet="20" muck="1" rebuy="0" addon="0" merge="0" rebuychips="0" reg_code="5059809064"/>
</players>
</general>
<round no="0"><action no="1" player="L1mltless" type="15" discard="1" dealt="1" sum="5"/>
<action no="2" player="Rakki" type="15" sum="5"/>
<action no="3" player="fefe1505" type="15" discard="1" dealt="1" sum="5"/>
<action no="4" player="L1mltless" type="1" discard="1" dealt="1" sum="15"/>
<action no="5" player="Rakki" type="2" sum="30"/>
</round>
<round no="1"><cards type="Pocket" player="Rakki">D9 SQ</cards>
<cards type="Pocket" player="L1mltless">X X</cards>
<cards type="Pocket" player="fefe1505">X X</cards>
<action no="6" player="fefe1505" type="23" discard="1" dealt="1" sum="240"/>
<action no="7" player="L1mltless" type="0" discard="1" dealt="1" sum="0"/>
<action no="8" player="Rakki" type="0" sum="0"/>
</round>
</game>
<game gamecode="6478995485"><general><startdate>2025-09-14 19:14:41</startdate>
<round>1</round>
<failsafecounter/>
<players><player seat="10" name="fefe1505" chips="300" dealer="0" win="605" bet="300" muck="0" rebuy="0" addon="0" merge="0" rebuychips="0" reg_code="5059809121"/>
<player seat="3" name="L1mltless" chips="760" dealer="1" win="0" bet="5" muck="1" rebuy="0" addon="0" merge="0" rebuychips="0" reg_code="5059809064"/>
<player seat="6" name="Rakki" chips="440" dealer="0" win="0" bet="440" muck="1" rebuy="0" addon="0" merge="0" rebuychips="0" reg_code="5059809087"/>
</players>
</general>
<round no="0"><action no="1" player="Rakki" type="15" sum="5"/>
<action no="2" player="fefe1505" type="15" discard="1" dealt="1" sum="5"/>
<action no="3" player="L1mltless" type="15" discard="1" dealt="1" sum="5"/>
<action no="4" player="Rakki" type="1" sum="15"/>
<action no="5" player="fefe1505" type="2" discard="1" dealt="1" sum="30"/>
</round>
<round no="1"><cards type="Pocket" player="Rakki">CK S2</cards>
<cards type="Pocket" player="L1mltless">X X</cards>
<cards type="Pocket" player="fefe1505">S9 S7</cards>
<action no="6" player="L1mltless" type="0" discard="1" dealt="1" sum="0"/>
<action no="7" player="Rakki" type="23" sum="435"/>
<action no="8" player="fefe1505" type="7" discard="1" dealt="1" sum="265"/>
</round>
<round no="2"><cards type="Flop">DA CA C4</cards>
</round>
<round no="3"><cards type="Turn">HA</cards>
</round>
<round no="4"><cards type="River">H9</cards>
</round>
</game>
<game gamecode="6478995511"><general><startdate>2025-09-14 19:14:58</startdate>
<round>1</round>
<failsafecounter/>
<players><player seat="3" name="L1mltless" chips="755" dealer="0" win="135" bet="755" muck="1" rebuy="0" addon="0" merge="0" rebuychips="0" reg_code="5059809064"/>
<player seat="6" name="Rakki" chips="140" dealer="1" win="0" bet="5" muck="1" rebuy="0" addon="0" merge="0" rebuychips="0" reg_code="5059809087"/>
<player seat="10" name="fefe1505" chips="605" dealer="0" win="0" bet="65" muck="1" rebuy="0" addon="0" merge="0" rebuychips="0" reg_code="5059809121"/>
</players>
</general>
<round no="0"><action no="1" player="fefe1505" type="15" discard="1" dealt="1" sum="5"/>
<action no="2" player="L1mltless" type="15" discard="1" dealt="1" sum="5"/>
<action no="3" player="Rakki" type="15" sum="5"/>
<action no="4" player="fefe1505" type="1" discard="1" dealt="1" sum="15"/>
<action no="5" player="L1mltless" type="2" discard="1" dealt="1" sum="30"/>
</round>
<round no="1"><cards type="Pocket" player="fefe1505">X X</cards>
<cards type="Pocket" player="Rakki">C10 H3</cards>
<cards type="Pocket" player="L1mltless">X X</cards>
<action no="6" player="Rakki" type="0" sum="0"/>
<action no="7" player="fefe1505" type="23" discard="1" dealt="1" sum="60"/>
<action no="8" player="L1mltless" type="23" discard="1" dealt="1" sum="750"/>
<action no="9" player="fefe1505" type="0" discard="1" dealt="1" sum="0"/>
</round>
</game>
<game gamecode="6478995538"><general><startdate>2025-09-14 19:15:15</startdate>
<round>1</round>
<failsafecounter/>
<players><player seat="6" name="Rakki" chips="135" dealer="0" win="275" bet="135" muck="0" rebuy="0" addon="0" merge="0" rebuychips="0" reg_code="5059809087"/>
<player seat="10" name="fefe1505" chips="540" dealer="1" win="0" bet="5" muck="1" rebuy="0" addon="0" merge="0" rebuychips="0" reg_code="5059809121"/>
<player seat="3" name="L1mltless" chips="825" dealer="0" win="0" bet="825" muck="0" rebuy="0" addon="0" merge="0" rebuychips="0" reg_code="5059809064"/>
</players>
</general>
<round no="0"><action no="1" player="L1mltless" type="15" discard="1" dealt="1" sum="5"/>
<action no="2" player="Rakki" type="15" sum="5"/>
<action no="3" player="fefe1505" type="15" discard="1" dealt="1" sum="5"/>
<action no="4" player="L1mltless" type="1" discard="1" dealt="1" sum="20"/>
<action no="5" player="Rakki" type="2" sum="40"/>
</round>
<round no="1"><cards type="Pocket" player="fefe1505">X X</cards>
<cards type="Pocket" player="Rakki">HK SA</cards>
<cards type="Pocket" player="L1mltless">CJ HJ</cards>
<action no="6" player="fefe1505" type="0" discard="1" dealt="1" sum="0"/>
<action no="7" player="L1mltless" type="23" discard="1" dealt="1" sum="820"/>
<action no="8" player="Rakki" type="7" sum="90"/>
</round>
<round no="2"><cards type="Flop">D9 HA D10</cards>
</round>
<round no="3"><cards type="Turn">D5</cards>
</round>
<round no="4"><cards type="River">H8</cards>
</round>
</game>
<game gamecode="6478995563"><general><startdate>2025-09-14 19:15:34</startdate>
<round>1</round>
<failsafecounter/>
<players><player seat="10" name="fefe1505" chips="535" dealer="0" win="0" bet="45" muck="1" rebuy="0" addon="0" merge="0" rebuychips="0" reg_code="5059809121"/>
<player seat="3" name="L1mltless" chips="690" dealer="1" win="0" bet="5" muck="1" rebuy="0" addon="0" merge="0" rebuychips="0" reg_code="5059809064"/>
<player seat="6" name="Rakki" chips="275" dealer="0" win="95" bet="275" muck="1" rebuy="0" addon="0" merge="0" rebuychips="0" reg_code="5059809087"/>
</players>
</general>
<round no="0"><action no="1" player="Rakki" type="15" sum="5"/>
<action no="2" player="fefe1505" type="15" discard="1" dealt="1" sum="5"/>
<action no="3" player="L1mltless" type="15" discard="1" dealt="1" sum="5"/>
<action no="4" player="Rakki" type="1" sum="20"/>
<action no="5" player="fefe1505" type="2" discard="1" dealt="1" sum="40"/>
</round>
<round no="1"><cards type="Pocket" player="Rakki">DQ S5</cards>
<cards type="Pocket" player="fefe1505">X X</cards>
<cards type="Pocket" player="L1mltless">X X</cards>
<action no="6" player="L1mltless" type="0" discard="1" dealt="1" sum="0"/>
<action no="7" player="Rakki" type="23" sum="270"/>
<action no="8" player="fefe1505" type="0" discard="1" dealt="1" sum="0"/>
</round>
</game>
<game gamecode="6478995573"><general><startdate>2025-09-14 19:15:41</startdate>
<round>1</round>
<failsafecounter/>
<players><player seat="3" name="L1mltless" chips="685" dealer="0" win="215" bet="175" muck="1" rebuy="0" addon="0" merge="0" rebuychips="0" reg_code="5059809064"/>
<player seat="6" name="Rakki" chips="325" dealer="1" win="0" bet="5" muck="1" rebuy="0" addon="0" merge="0" rebuychips="0" reg_code="5059809087"/>
<player seat="10" name="fefe1505" chips="490" dealer="0" win="0" bet="105" muck="1" rebuy="0" addon="0" merge="0" rebuychips="0" reg_code="5059809121"/>
</players>
</general>
<round no="0"><action no="1" player="fefe1505" type="15" discard="1" dealt="1" sum="5"/>
<action no="2" player="L1mltless" type="15" discard="1" dealt="1" sum="5"/>
<action no="3" player="Rakki" type="15" sum="5"/>
<action no="4" player="fefe1505" type="1" discard="1" dealt="1" sum="20"/>
<action no="5" player="L1mltless" type="2" discard="1" dealt="1" sum="40"/>
</round>
<round no="1"><cards type="Pocket" player="L1mltless">X X</cards>
<cards type="Pocket" player="Rakki">H9 H2</cards>
<cards type="Pocket" player="fefe1505">X X</cards>
<action no="6" player="Rakki" type="0" sum="0"/>
<action no="7" player="fefe1505" type="3" discard="1" dealt="1" sum="20"/>
<action no="8" player="L1mltless" type="23" discard="1" dealt="1" sum="100"/>
<action no="9" player="fefe1505" type="3" discard="1" dealt="1" sum="60"/>
</round>
<round no="2"><cards type="Flop">S4 S8 H3</cards>
<action no="10" player="fefe1505" type="4" discard="1" dealt="1" sum="0"/>
<action no="11" player="L1mltless" type="5" discard="1" dealt="1" sum="70"/>
<action no="12" player="fefe1505" type="0" discard="1" dealt="1" sum="0"/>
</round>
</game>
<game gamecode="6478995597"><general><startdate>2025-09-14 19:15:58</startdate>
<round>1</round>
<failsafecounter/>
<players><player seat="6" name="Rakki" chips="320" dealer="0" win="0" bet="320" muck="1" rebuy="0" addon="0" merge="0" rebuychips="0" reg_code="5059809087"/>
<player seat="10" name="fefe1505" chips="385" dealer="1" win="0" bet="5" muck="1" rebuy="0" addon="0" merge="0" rebuychips="0" reg_code="5059809121"/>
<player seat="3" name="L1mltless" chips="795" dealer="0" win="645" bet="795" muck="0" rebuy="0" addon="0" merge="0" rebuychips="0" reg_code="5059809064"/>
</players>
</general>
<round no="0"><action no="1" player="L1mltless" type="15" discard="1" dealt="1" sum="5"/>
<action no="2" player="Rakki" type="15" sum="5"/>
<action no="3" player="fefe1505" type="15" discard="1" dealt="1" sum="5"/>
<action no="4" player="L1mltless" type="1" discard="1" dealt="1" sum="20"/>
<action no="5" player="Rakki" type="2" sum="40"/>
</round>
<round no="1"><cards type="Pocket" player="fefe1505">X X</cards>
<cards type="Pocket" player="Rakki">S7 CK</cards>
<cards type="Pocket" player="L1mltless">C4 DQ</cards>
<action no="6" player="fefe1505" type="0" discard="1" dealt="1" sum="0"/>
<action no="7" player="L1mltless" type="23" discard="1" dealt="1" sum="790"/>
<action no="8" player="Rakki" type="7" sum="275"/>
</round>
<round no="2"><cards type="Flop">H4 CJ S5</cards>
</round>
<round no="3"><cards type="Turn">D2</cards>
</round>
<round no="4"><cards type="River">C5</cards>
</round>
</game>
</session>
