<?xml version="1.0" encoding="UTF-8"?>
<session sessioncode="5059361632">
<general>
<client_version>25.1.1.16</client_version>
<mode>real</mode>
<gametype>Holdem NL</gametype>
<tablename>Twister €200 SNG, 817582526</tablename>
<tournamentcode>817582525</tournamentcode>
<tournamentname>Twister €200 SNG</tournamentname>
<buyin>€0 + €12 + €188</buyin>
<totalbuyin>€200</totalbuyin>
<rewarddrawn>€400</rewarddrawn>
<tournamentcurrency>EUR</tournamentcurrency>
<currency>EUR</currency>
<nickname>Rakki</nickname>
<gamecount>21</gamecount>
<startdate>2025-09-12 15:28:17</startdate>
<place>2</place>
<win>€0</win>
<tablesize>3</tablesize>
</general>
<game gamecode="6477158125"><general><startdate>2025-09-12 15:28:33</startdate>
<round>1</round>
<failsafecounter/>
<players><player seat="3" name="L1mltless" chips="500" dealer="0" win="20" bet="20" muck="1" rebuy="0" addon="0" merge="0" rebuychips="0" reg_code="5059361305"/>
<player seat="6" name="lusimeo" chips="500" dealer="1" win="0" bet="0" muck="1" rebuy="0" addon="0" merge="0" rebuychips="0" reg_code="5059361515"/>
<player seat="10" name="Rakki" chips="500" dealer="0" win="0" bet="10" muck="1" rebuy="0" addon="0" merge="0" rebuychips="0" reg_code="5059361632"/>
</players>
</general>
<round no="0"><action no="1" player="Rakki" type="1" sum="10"/>
<action no="2" player="L1mltless" type="2" discard="1" dealt="1" sum="20"/>
</round>
<round no="1"><cards type="Pocket" player="lusimeo">X X</cards>
<cards type="Pocket" player="L1mltless">X X</cards>
<cards type="Pocket" player="Rakki">S4 H6</cards>
<action no="3" player="lusimeo" type="0" discard="1" dealt="1" sum="0"/>
<action no="4" player="Rakki" type="0" sum="0"/>
</round>
</game>
<game gamecode="6477158142"><general><startdate>2025-09-12 15:28:42</startdate>
<round>1</round>
<failsafecounter/>
<players><player seat="6" name="lusimeo" chips="500" dealer="0" win="0" bet="40" muck="1" rebuy="0" addon="0" merge="0" rebuychips="0" reg_code="5059361515"/>
<player seat="10" name="Rakki" chips="490" dealer="1" win="90" bet="130" muck="1" rebuy="0" addon="0" merge="0" rebuychips="0" reg_code="5059361632"/>
<player seat="3" name="L1mltless" chips="510" dealer="0" win="0" bet="10" muck="1" rebuy="0" addon="0" merge="0" rebuychips="0" reg_code="5059361305"/>
</players>
</general>
<round no="0"><action no="1" player="L1mltless" type="1" discard="1" dealt="1" sum="10"/>
<action no="2" player="lusimeo" type="2" discard="1" dealt="1" sum="20"/>
</round>
<round no="1"><cards type="Pocket" player="Rakki">S3 CA</cards>
<cards type="Pocket" player="L1mltless">X X</cards>
<cards type="Pocket" player="lusimeo">X X</cards>
<action no="3" player="Rakki" type="23" sum="40"/>
<action no="4" player="L1mltless" type="0" discard="1" dealt="1" sum="0"/>
<action no="5" player="lusimeo" type="3" discard="1" dealt="1" sum="20"/>
</round>
<round no="2"><cards type="Flop">HK S7 SJ</cards>
<action no="6" player="lusimeo" type="4" discard="1" dealt="1" sum="0"/>
<action no="7" player="Rakki" type="4" sum="0"/>
</round>
<round no="3"><cards type="Turn">C10</cards>
<action no="8" player="lusimeo" type="4" discard="1" dealt="1" sum="0"/>
<action no="9" player="Rakki" type="4" sum="0"/>
</round>
<round no="4"><cards type="River">DQ</cards>
<action no="10" player="lusimeo" type="4" discard="1" dealt="1" sum="0"/>
<action no="11" player="Rakki" type="5" sum="90"/>
<action no="12" player="lusimeo" type="0" discard="1" dealt="1" sum="0"/>
</round>
</game>
<game gamecode="6477158199"><general><startdate>2025-09-12 15:29:17</startdate>
<round>1</round>
<failsafecounter/>
<players><player seat="10" name="Rakki" chips="540" dealer="0" win="960" bet="540" muck="0" rebuy="0" addon="0" merge="0" rebuychips="0" reg_code="5059361632"/>
<player seat="3" name="L1mltless" chips="500" dealer="1" win="0" bet="40" muck="1" rebuy="0" addon="0" merge="0" rebuychips="0" reg_code="5059361305"/>
<player seat="6" name="lusimeo" chips="460" dealer="0" win="0" bet="460" muck="1" rebuy="0" addon="0" merge="0" rebuychips="0" reg_code="5059361515"/>
</players>
</general>
<round no="0"><action no="1" player="lusimeo" type="1" discard="1" dealt="1" sum="10"/>
<action no="2" player="Rakki" type="2" sum="20"/>
</round>
<round no="1"><cards type="Pocket" player="L1mltless">X X</cards>
<cards type="Pocket" player="lusimeo">C10 HJ</cards>
<cards type="Pocket" player="Rakki">D5 C5</cards>
<action no="3" player="L1mltless" type="23" discard="1" dealt="1" sum="40"/>
<action no="4" player="lusimeo" type="3" discard="1" dealt="1" sum="30"/>
<action no="5" player="Rakki" type="23" sum="540"/>
<action no="6" player="L1mltless" type="0" discard="1" dealt="1" sum="0"/>
<action no="7" player="lusimeo" type="7" discard="1" dealt="1" sum="420"/>
</round>
<round no="2"><cards type="Flop">D2 D9 D6</cards>
</round>
<round no="3"><cards type="Turn">CK</cards>
</round>
<round no="4"><cards type="River">S5</cards>
</round>
</game>
<game gamecode="6477158270"><general><startdate>2025-09-12 15:29:58</startdate>
<round>1</round>
<failsafecounter/>
<players><player seat="3" name="L1mltless" chips="460" dealer="0" win="0" bet="20" muck="1" rebuy="0" addon="0" merge="0" rebuychips="0" reg_code="5059361305"/>
<player seat="10" name="Rakki" chips="1,040" dealer="1" win="40" bet="20" muck="0" rebuy="0" addon="0" merge="0" rebuychips="0" reg_code="5059361632"/>
</players>
</general>
<round no="0"><action no="1" player="Rakki" type="1" sum="10"/>
<action no="2" player="L1mltless" type="2" discard="1" dealt="1" sum="20"/>
</round>
<round no="1"><cards type="Pocket" player="L1mltless">H6 H9</cards>
<cards type="Pocket" player="Rakki">S4 D4</cards>
<action no="3" player="Rakki" type="3" sum="10"/>
<action no="4" player="L1mltless" type="4" discard="1" dealt="1" sum="0"/>
</round>
<round no="2"><cards type="Flop">SA CQ D10</cards>
<action no="5" player="L1mltless" type="4" discard="1" dealt="1" sum="0"/>
<action no="6" player="Rakki" type="4" sum="0"/>
</round>
<round no="3"><cards type="Turn">CK</cards>
<action no="7" player="L1mltless" type="4" discard="1" dealt="1" sum="0"/>
<action no="8" player="Rakki" type="4" sum="0"/>
</round>
<round no="4"><cards type="River">H5</cards>
<action no="9" player="L1mltless" type="4" discard="1" dealt="1" sum="0"/>
<action no="10" player="Rakki" type="4" sum="0"/>
</round>
</game>
<game gamecode="6477158326"><general><startdate>2025-09-12 15:30:31</startdate>
<round>1</round>
<failsafecounter/>
<players><player seat="10" name="Rakki" chips="1,060" dealer="0" win="70" bet="155" muck="1" rebuy="0" addon="0" merge="0" rebuychips="0" reg_code="5059361632"/>
<player seat="3" name="L1mltless" chips="440" dealer="1" win="0" bet="35" muck="1" rebuy="0" addon="0" merge="0" rebuychips="0" reg_code="5059361305"/>
</players>
</general>
<round no="0"><action no="1" player="L1mltless" type="15" discard="1" dealt="1" sum="5"/>
<action no="2" player="Rakki" type="15" sum="5"/>
<action no="3" player="L1mltless" type="1" discard="1" dealt="1" sum="15"/>
<action no="4" player="Rakki" type="2" sum="30"/>
</round>
<round no="1"><cards type="Pocket" player="L1mltless">X X</cards>
<cards type="Pocket" player="Rakki">DA HK</cards>
<action no="5" player="L1mltless" type="3" discard="1" dealt="1" sum="15"/>
<action no="6" player="Rakki" type="23" sum="150"/>
<action no="7" player="L1mltless" type="0" discard="1" dealt="1" sum="0"/>
</round>
</game>
<game gamecode="6477158349"><general><startdate>2025-09-12 15:30:44</startdate>
<round>1</round>
<failsafecounter/>
<players><player seat="3" name="L1mltless" chips="405" dealer="0" win="70" bet="405" muck="1" rebuy="0" addon="0" merge="0" rebuychips="0" reg_code="5059361305"/>
<player seat="10" name="Rakki" chips="1,095" dealer="1" win="0" bet="35" muck="1" rebuy="0" addon="0" merge="0" rebuychips="0" reg_code="5059361632"/>
</players>
</general>
<round no="0"><action no="1" player="Rakki" type="15" sum="5"/>
<action no="2" player="L1mltless" type="15" discard="1" dealt="1" sum="5"/>
<action no="3" player="Rakki" type="1" sum="15"/>
<action no="4" player="L1mltless" type="2" discard="1" dealt="1" sum="30"/>
</round>
<round no="1"><cards type="Pocket" player="Rakki">D3 D8</cards>
<cards type="Pocket" player="L1mltless">X X</cards>
<action no="5" player="Rakki" type="3" sum="15"/>
<action no="6" player="L1mltless" type="23" discard="1" dealt="1" sum="400"/>
<action no="7" player="Rakki" type="0" sum="0"/>
</round>
</game>
<game gamecode="6477158371"><general><startdate>2025-09-12 15:30:56</startdate>
<round>1</round>
<failsafecounter/>
<players><player seat="10" name="Rakki" chips="1,060" dealer="0" win="0" bet="35" muck="1" rebuy="0" addon="0" merge="0" rebuychips="0" reg_code="5059361632"/>
<player seat="3" name="L1mltless" chips="440" dealer="1" win="70" bet="65" muck="1" rebuy="0" addon="0" merge="0" rebuychips="0" reg_code="5059361305"/>
</players>
</general>
<round no="0"><action no="1" player="L1mltless" type="15" discard="1" dealt="1" sum="5"/>
<action no="2" player="Rakki" type="15" sum="5"/>
<action no="3" player="L1mltless" type="1" discard="1" dealt="1" sum="15"/>
<action no="4" player="Rakki" type="2" sum="30"/>
</round>
<round no="1"><cards type="Pocket" player="L1mltless">X X</cards>
<cards type="Pocket" player="Rakki">C10 S5</cards>
<action no="5" player="L1mltless" type="3" discard="1" dealt="1" sum="15"/>
<action no="6" player="Rakki" type="4" sum="0"/>
</round>
<round no="2"><cards type="Flop">H4 D8 H2</cards>
<action no="7" player="Rakki" type="4" sum="0"/>
<action no="8" player="L1mltless" type="5" discard="1" dealt="1" sum="30"/>
<action no="9" player="Rakki" type="0" sum="0"/>
</round>
</game>
<game gamecode="6477158426"><general><startdate>2025-09-12 15:31:23</startdate>
<round>1</round>
<failsafecounter/>
<players><player seat="3" name="L1mltless" chips="475" dealer="0" win="475" bet="475" muck="0" rebuy="0" addon="0" merge="0" rebuychips="0" reg_code="5059361305"/>
<player seat="10" name="Rakki" chips="1,025" dealer="1" win="475" bet="1,025" muck="0" rebuy="0" addon="0" merge="0" rebuychips="0" reg_code="5059361632"/>
</players>
</general>
<round no="0"><action no="1" player="Rakki" type="15" sum="5"/>
<action no="2" player="L1mltless" type="15" discard="1" dealt="1" sum="5"/>
<action no="3" player="Rakki" type="1" sum="15"/>
<action no="4" player="L1mltless" type="2" discard="1" dealt="1" sum="30"/>
</round>
<round no="1"><cards type="Pocket" player="L1mltless">D5 CJ</cards>
<cards type="Pocket" player="Rakki">HJ C5</cards>
<action no="5" player="Rakki" type="3" sum="15"/>
<action no="6" player="L1mltless" type="4" discard="1" dealt="1" sum="0"/>
</round>
<round no="2"><cards type="Flop">S5 SA CA</cards>
<action no="7" player="L1mltless" type="4" discard="1" dealt="1" sum="0"/>
<action no="8" player="Rakki" type="5" sum="30"/>
<action no="9" player="L1mltless" type="23" discard="1" dealt="1" sum="150"/>
<action no="10" player="Rakki" type="23" sum="990"/>
<action no="11" player="L1mltless" type="7" discard="1" dealt="1" sum="290"/>
</round>
<round no="3"><cards type="Turn">S7</cards>
</round>
<round no="4"><cards type="River">C10</cards>
</round>
</game>
<game gamecode="6477158511"><general><startdate>2025-09-12 15:32:06</startdate>
<round>1</round>
<failsafecounter/>
<players><player seat="10" name="Rakki" chips="1,025" dealer="0" win="0" bet="45" muck="1" rebuy="0" addon="0" merge="0" rebuychips="0" reg_code="5059361632"/>
<player seat="3" name="L1mltless" chips="475" dealer="1" win="90" bet="85" muck="1" rebuy="0" addon="0" merge="0" rebuychips="0" reg_code="5059361305"/>
</players>
</general>
<round no="0"><action no="1" player="L1mltless" type="15" discard="1" dealt="1" sum="5"/>
<action no="2" player="Rakki" type="15" sum="5"/>
<action no="3" player="L1mltless" type="1" discard="1" dealt="1" sum="20"/>
<action no="4" player="Rakki" type="2" sum="40"/>
</round>
<round no="1"><cards type="Pocket" player="L1mltless">X X</cards>
<cards type="Pocket" player="Rakki">C5 S6</cards>
<action no="5" player="L1mltless" type="3" discard="1" dealt="1" sum="20"/>
<action no="6" player="Rakki" type="4" sum="0"/>
</round>
<round no="2"><cards type="Flop">DK CA HK</cards>
<action no="7" player="Rakki" type="4" sum="0"/>
<action no="8" player="L1mltless" type="5" discard="1" dealt="1" sum="40"/>
<action no="9" player="Rakki" type="0" sum="0"/>
</round>
</game>
<game gamecode="6477158584"><general><startdate>2025-09-12 15:32:49</startdate>
<round>1</round>
<failsafecounter/>
<players><player seat="3" name="L1mltless" chips="520" dealer="0" win="90" bet="520" muck="1" rebuy="0" addon="0" merge="0" rebuychips="0" reg_code="5059361305"/>
<player seat="10" name="Rakki" chips="980" dealer="1" win="0" bet="45" muck="1" rebuy="0" addon="0" merge="0" rebuychips="0" reg_code="5059361632"/>
</players>
</general>
<round no="0"><action no="1" player="Rakki" type="15" sum="5"/>
<action no="2" player="L1mltless" type="15" discard="1" dealt="1" sum="5"/>
<action no="3" player="Rakki" type="1" sum="20"/>
<action no="4" player="L1mltless" type="2" discard="1" dealt="1" sum="40"/>
</round>
<round no="1"><cards type="Pocket" player="L1mltless">X X</cards>
<cards type="Pocket" player="Rakki">C3 C6</cards>
<action no="5" player="Rakki" type="3" sum="20"/>
<action no="6" player="L1mltless" type="23" discard="1" dealt="1" sum="515"/>
<action no="7" player="Rakki" type="0" sum="0"/>
</round>
</game>
<game gamecode="6477158621"><general><startdate>2025-09-12 15:33:07</startdate>
<round>1</round>
<failsafecounter/>
<players><player seat="10" name="Rakki" chips="935" dealer="0" win="90" bet="935" muck="1" rebuy="0" addon="0" merge="0" rebuychips="0" reg_code="5059361632"/>
<player seat="3" name="L1mltless" chips="565" dealer="1" win="0" bet="45" muck="1" rebuy="0" addon="0" merge="0" rebuychips="0" reg_code="5059361305"/>
</players>
</general>
<round no="0"><action no="1" player="L1mltless" type="15" discard="1" dealt="1" sum="5"/>
<action no="2" player="Rakki" type="15" sum="5"/>
<action no="3" player="L1mltless" type="1" discard="1" dealt="1" sum="20"/>
<action no="4" player="Rakki" type="2" sum="40"/>
</round>
<round no="1"><cards type="Pocket" player="Rakki">C2 SA</cards>
<cards type="Pocket" player="L1mltless">X X</cards>
<action no="5" player="L1mltless" type="3" discard="1" dealt="1" sum="20"/>
<action no="6" player="Rakki" type="23" sum="930"/>
<action no="7" player="L1mltless" type="0" discard="1" dealt="1" sum="0"/>
</round>
</game>
<game gamecode="6477158635"><general><startdate>2025-09-12 15:33:17</startdate>
<round>1</round>
<failsafecounter/>
<players><player seat="3" name="L1mltless" chips="520" dealer="0" win="0" bet="45" muck="1" rebuy="0" addon="0" merge="0" rebuychips="0" reg_code="5059361305"/>
<player seat="10" name="Rakki" chips="980" dealer="1" win="90" bet="85" muck="1" rebuy="0" addon="0" merge="0" rebuychips="0" reg_code="5059361632"/>
</players>
</general>
<round no="0"><action no="1" player="Rakki" type="15" sum="5"/>
<action no="2" player="L1mltless" type="15" discard="1" dealt="1" sum="5"/>
<action no="3" player="Rakki" type="1" sum="20"/>
<action no="4" player="L1mltless" type="2" discard="1" dealt="1" sum="40"/>
</round>
<round no="1"><cards type="Pocket" player="L1mltless">X X</cards>
<cards type="Pocket" player="Rakki">C9 CA</cards>
<action no="5" player="Rakki" type="3" sum="20"/>
<action no="6" player="L1mltless" type="4" discard="1" dealt="1" sum="0"/>
</round>
<round no="2"><cards type="Flop">H2 SQ HA</cards>
<action no="7" player="L1mltless" type="4" discard="1" dealt="1" sum="0"/>
<action no="8" player="Rakki" type="5" sum="40"/>
<action no="9" player="L1mltless" type="0" discard="1" dealt="1" sum="0"/>
</round>
</game>
<game gamecode="6477158674"><general><startdate>2025-09-12 15:33:36</startdate>
<round>1</round>
<failsafecounter/>
<players><player seat="10" name="Rakki" chips="1,025" dealer="0" win="70" bet="65" muck="1" rebuy="0" addon="0" merge="0" rebuychips="0" reg_code="5059361632"/>
<player seat="3" name="L1mltless" chips="475" dealer="1" win="0" bet="35" muck="1" rebuy="0" addon="0" merge="0" rebuychips="0" reg_code="5059361305"/>
</players>
</general>
<round no="0"><action no="1" player="L1mltless" type="15" discard="1" dealt="1" sum="5"/>
<action no="2" player="Rakki" type="15" sum="5"/>
<action no="3" player="L1mltless" type="1" discard="1" dealt="1" sum="30"/>
<action no="4" player="Rakki" type="2" sum="60"/>
</round>
<round no="1"><cards type="Pocket" player="Rakki">D6 D8</cards>
<cards type="Pocket" player="L1mltless">X X</cards>
<action no="5" player="L1mltless" type="0" discard="1" dealt="1" sum="0"/>
</round>
</game>
<game gamecode="6477158686"><general><startdate>2025-09-12 15:33:42</startdate>
<round>1</round>
<failsafecounter/>
<players><player seat="3" name="L1mltless" chips="440" dealer="0" win="70" bet="65" muck="1" rebuy="0" addon="0" merge="0" rebuychips="0" reg_code="5059361305"/>
<player seat="10" name="Rakki" chips="1,060" dealer="1" win="0" bet="35" muck="1" rebuy="0" addon="0" merge="0" rebuychips="0" reg_code="5059361632"/>
</players>
</general>
<round no="0"><action no="1" player="Rakki" type="15" sum="5"/>
<action no="2" player="L1mltless" type="15" discard="1" dealt="1" sum="5"/>
<action no="3" player="Rakki" type="1" sum="30"/>
<action no="4" player="L1mltless" type="2" discard="1" dealt="1" sum="60"/>
</round>
<round no="1"><cards type="Pocket" player="Rakki">D2 H8</cards>
<cards type="Pocket" player="L1mltless">X X</cards>
<action no="5" player="Rakki" type="0" sum="0"/>
</round>
</game>
<game gamecode="6477158699"><general><startdate>2025-09-12 15:33:48</startdate>
<round>1</round>
<failsafecounter/>
<players><player seat="10" name="Rakki" chips="1,025" dealer="0" win="0" bet="65" muck="1" rebuy="0" addon="0" merge="0" rebuychips="0" reg_code="5059361632"/>
<player seat="3" name="L1mltless" chips="475" dealer="1" win="130" bet="125" muck="1" rebuy="0" addon="0" merge="0" rebuychips="0" reg_code="5059361305"/>
</players>
</general>
<round no="0"><action no="1" player="L1mltless" type="15" discard="1" dealt="1" sum="5"/>
<action no="2" player="Rakki" type="15" sum="5"/>
<action no="3" player="L1mltless" type="1" discard="1" dealt="1" sum="30"/>
<action no="4" player="Rakki" type="2" sum="60"/>
</round>
<round no="1"><cards type="Pocket" player="Rakki">C3 H6</cards>
<cards type="Pocket" player="L1mltless">X X</cards>
<action no="5" player="L1mltless" type="3" discard="1" dealt="1" sum="30"/>
<action no="6" player="Rakki" type="4" sum="0"/>
</round>
<round no="2"><cards type="Flop">H10 CQ SA</cards>
<action no="7" player="Rakki" type="4" sum="0"/>
<action no="8" player="L1mltless" type="5" discard="1" dealt="1" sum="60"/>
<action no="9" player="Rakki" type="0" sum="0"/>
</round>
</game>
<game gamecode="6477158733"><general><startdate>2025-09-12 15:34:06</startdate>
<round>1</round>
<failsafecounter/>
<players><player seat="3" name="L1mltless" chips="540" dealer="0" win="70" bet="65" muck="1" rebuy="0" addon="0" merge="0" rebuychips="0" reg_code="5059361305"/>
<player seat="10" name="Rakki" chips="960" dealer="1" win="0" bet="35" muck="1" rebuy="0" addon="0" merge="0" rebuychips="0" reg_code="5059361632"/>
</players>
</general>
<round no="0"><action no="1" player="Rakki" type="15" sum="5"/>
<action no="2" player="L1mltless" type="15" discard="1" dealt="1" sum="5"/>
<action no="3" player="Rakki" type="1" sum="30"/>
<action no="4" player="L1mltless" type="2" discard="1" dealt="1" sum="60"/>
</round>
<round no="1"><cards type="Pocket" player="L1mltless">X X</cards>
<cards type="Pocket" player="Rakki">H9 D2</cards>
<action no="5" player="Rakki" type="0" sum="0"/>
</round>
</game>
<game gamecode="6477158748"><general><startdate>2025-09-12 15:34:15</startdate>
<round>1</round>
<failsafecounter/>
<players><player seat="10" name="Rakki" chips="925" dealer="0" win="0" bet="65" muck="1" rebuy="0" addon="0" merge="0" rebuychips="0" reg_code="5059361632"/>
<player seat="3" name="L1mltless" chips="575" dealer="1" win="130" bet="575" muck="1" rebuy="0" addon="0" merge="0" rebuychips="0" reg_code="5059361305"/>
</players>
</general>
<round no="0"><action no="1" player="L1mltless" type="15" discard="1" dealt="1" sum="5"/>
<action no="2" player="Rakki" type="15" sum="5"/>
<action no="3" player="L1mltless" type="1" discard="1" dealt="1" sum="30"/>
<action no="4" player="Rakki" type="2" sum="60"/>
</round>
<round no="1"><cards type="Pocket" player="Rakki">HJ D7</cards>
<cards type="Pocket" player="L1mltless">X X</cards>
<action no="5" player="L1mltless" type="23" discard="1" dealt="1" sum="570"/>
<action no="6" player="Rakki" type="0" sum="0"/>
</round>
</game>
<game gamecode="6477158755"><general><startdate>2025-09-12 15:34:23</startdate>
<round>1</round>
<failsafecounter/>
<players><player seat="3" name="L1mltless" chips="640" dealer="0" win="130" bet="65" muck="0" rebuy="0" addon="0" merge="0" rebuychips="0" reg_code="5059361305"/>
<player seat="10" name="Rakki" chips="860" dealer="1" win="0" bet="65" muck="1" rebuy="0" addon="0" merge="0" rebuychips="0" reg_code="5059361632"/>
</players>
</general>
<round no="0"><action no="1" player="Rakki" type="15" sum="5"/>
<action no="2" player="L1mltless" type="15" discard="1" dealt="1" sum="5"/>
<action no="3" player="Rakki" type="1" sum="30"/>
<action no="4" player="L1mltless" type="2" discard="1" dealt="1" sum="60"/>
</round>
<round no="1"><cards type="Pocket" player="L1mltless">C3 D5</cards>
<cards type="Pocket" player="Rakki">SK C5</cards>
<action no="5" player="Rakki" type="3" sum="30"/>
<action no="6" player="L1mltless" type="4" discard="1" dealt="1" sum="0"/>
</round>
<round no="2"><cards type="Flop">D3 C4 D7</cards>
<action no="7" player="L1mltless" type="4" discard="1" dealt="1" sum="0"/>
<action no="8" player="Rakki" type="4" sum="0"/>
</round>
<round no="3"><cards type="Turn">C8</cards>
<action no="9" player="L1mltless" type="4" discard="1" dealt="1" sum="0"/>
<action no="10" player="Rakki" type="4" sum="0"/>
</round>
<round no="4"><cards type="River">H4</cards>
<action no="11" player="L1mltless" type="4" discard="1" dealt="1" sum="0"/>
<action no="12" player="Rakki" type="4" sum="0"/>
</round>
</game>
<game gamecode="6477158791"><general><startdate>2025-09-12 15:34:49</startdate>
<round>1</round>
<failsafecounter/>
<players><player seat="10" name="Rakki" chips="795" dealer="0" win="130" bet="245" muck="1" rebuy="0" addon="0" merge="0" rebuychips="0" reg_code="5059361632"/>
<player seat="3" name="L1mltless" chips="705" dealer="1" win="0" bet="65" muck="1" rebuy="0" addon="0" merge="0" rebuychips="0" reg_code="5059361305"/>
</players>
</general>
<round no="0"><action no="1" player="L1mltless" type="15" discard="1" dealt="1" sum="5"/>
<action no="2" player="Rakki" type="15" sum="5"/>
<action no="3" player="L1mltless" type="1" discard="1" dealt="1" sum="30"/>
<action no="4" player="Rakki" type="2" sum="60"/>
</round>
<round no="1"><cards type="Pocket" player="Rakki">C6 H5</cards>
<cards type="Pocket" player="L1mltless">X X</cards>
<action no="5" player="L1mltless" type="3" discard="1" dealt="1" sum="30"/>
<action no="6" player="Rakki" type="4" sum="0"/>
</round>
<round no="2"><cards type="Flop">S8 H7 S7</cards>
<action no="7" player="Rakki" type="4" sum="0"/>
<action no="8" player="L1mltless" type="4" discard="1" dealt="1" sum="0"/>
</round>
<round no="3"><cards type="Turn">H2</cards>
<action no="9" player="Rakki" type="5" sum="180"/>
<action no="10" player="L1mltless" type="0" discard="1" dealt="1" sum="0"/>
</round>
</game>
<game gamecode="6477158840"><general><startdate>2025-09-12 15:35:21</startdate>
<round>1</round>
<failsafecounter/>
<players><player seat="3" name="L1mltless" chips="640" dealer="0" win="1,280" bet="640" muck="0" rebuy="0" addon="0" merge="0" rebuychips="0" reg_code="5059361305"/>
<player seat="10" name="Rakki" chips="860" dealer="1" win="0" bet="860" muck="1" rebuy="0" addon="0" merge="0" rebuychips="0" reg_code="5059361632"/>
</players>
</general>
<round no="0"><action no="1" player="Rakki" type="15" sum="8"/>
<action no="2" player="L1mltless" type="15" discard="1" dealt="1" sum="8"/>
<action no="3" player="Rakki" type="1" sum="40"/>
<action no="4" player="L1mltless" type="2" discard="1" dealt="1" sum="80"/>
</round>
<round no="1"><cards type="Pocket" player="Rakki">HK H8</cards>
<cards type="Pocket" player="L1mltless">DA CK</cards>
<action no="5" player="Rakki" type="23" sum="852"/>
<action no="6" player="L1mltless" type="7" discard="1" dealt="1" sum="552"/>
</round>
<round no="2"><cards type="Flop">SQ S10 C5</cards>
</round>
<round no="3"><cards type="Turn">D3</cards>
</round>
<round no="4"><cards type="River">CJ</cards>
</round>
</game>
<game gamecode="6477158867"><general><startdate>2025-09-12 15:35:37</startdate>
<round>1</round>
<failsafecounter/>
<players><player seat="10" name="Rakki" chips="220" dealer="0" win="0" bet="220" muck="1" rebuy="0" addon="0" merge="0" rebuychips="0" reg_code="5059361632"/>
<player seat="3" name="L1mltless" chips="1,280" dealer="1" win="440" bet="1,280" muck="0" rebuy="0" addon="0" merge="0" rebuychips="0" reg_code="5059361305"/>
</players>
</general>
<round no="0"><action no="1" player="L1mltless" type="15" discard="1" dealt="1" sum="8"/>
<action no="2" player="Rakki" type="15" sum="8"/>
<action no="3" player="L1mltless" type="1" discard="1" dealt="1" sum="40"/>
<action no="4" player="Rakki" type="2" sum="80"/>
</round>
<round no="1"><cards type="Pocket" player="Rakki">HK C10</cards>
<cards type="Pocket" player="L1mltless">C5 D5</cards>
<action no="5" player="L1mltless" type="23" discard="1" dealt="1" sum="1,272"/>
<action no="6" player="Rakki" type="7" sum="132"/>
</round>
<round no="2"><cards type="Flop">C2 C9 D7</cards>
</round>
<round no="3"><cards type="Turn">SQ</cards>
</round>
<round no="4"><cards type="River">DA</cards>
</round>
</game>
</session>
