<?xml version="1.0" encoding="UTF-8"?>
<session sessioncode="5059167468">
<general>
<client_version>25.1.1.16</client_version>
<mode>real</mode>
<gametype>Holdem NL</gametype>
<tablename>Twister €200 SNG, 817519296</tablename>
<tournamentcode>817519295</tournamentcode>
<tournamentname>Twister €200 SNG</tournamentname>
<buyin>€0 + €12 + €188</buyin>
<totalbuyin>€200</totalbuyin>
<rewarddrawn>€400</rewarddrawn>
<tournamentcurrency>EUR</tournamentcurrency>
<currency>EUR</currency>
<nickname>Rakki</nickname>
<gamecount>16</gamecount>
<startdate>2025-09-11 16:45:08</startdate>
<place>2</place>
<win>€0</win>
<tablesize>3</tablesize>
</general>
<game gamecode="6476330849"><general><startdate>2025-09-11 16:45:24</startdate>
<round>1</round>
<failsafecounter/>
<players><player seat="3" name="ilCapo6" chips="500" dealer="0" win="0" bet="90" muck="1" rebuy="0" addon="0" merge="0" rebuychips="0" reg_code="5059167243"/>
<player seat="6" name="Rakki" chips="500" dealer="1" win="190" bet="90" muck="0" rebuy="0" addon="0" merge="0" rebuychips="0" reg_code="5059167468"/>
<player seat="10" name="SuBandiduu" chips="500" dealer="0" win="0" bet="10" muck="1" rebuy="0" addon="0" merge="0" rebuychips="0" reg_code="5059167492"/>
</players>
</general>
<round no="0"><action no="1" player="SuBandiduu" type="1" discard="1" dealt="1" sum="10"/>
<action no="2" player="ilCapo6" type="2" discard="1" dealt="1" sum="20"/>
</round>
<round no="1"><cards type="Pocket" player="Rakki">D8 HA</cards>
<cards type="Pocket" player="ilCapo6">H3 CA</cards>
<cards type="Pocket" player="SuBandiduu">X X</cards>
<action no="3" player="Rakki" type="23" sum="40"/>
<action no="4" player="SuBandiduu" type="0" discard="1" dealt="1" sum="0"/>
<action no="5" player="ilCapo6" type="3" discard="1" dealt="1" sum="20"/>
</round>
<round no="2"><cards type="Flop">HJ H8 H10</cards>
<action no="6" player="ilCapo6" type="4" discard="1" dealt="1" sum="0"/>
<action no="7" player="Rakki" type="5" sum="20"/>
<action no="8" player="ilCapo6" type="3" discard="1" dealt="1" sum="20"/>
</round>
<round no="3"><cards type="Turn">C3</cards>
<action no="9" player="ilCapo6" type="4" discard="1" dealt="1" sum="0"/>
<action no="10" player="Rakki" type="5" sum="30"/>
<action no="11" player="ilCapo6" type="3" discard="1" dealt="1" sum="30"/>
</round>
<round no="4"><cards type="River">C9</cards>
<action no="12" player="ilCapo6" type="4" discard="1" dealt="1" sum="0"/>
<action no="13" player="Rakki" type="4" sum="0"/>
</round>
</game>
<game gamecode="6476330935"><general><startdate>2025-09-11 16:46:13</startdate>
<round>1</round>
<failsafecounter/>
<players><player seat="6" name="Rakki" chips="600" dealer="0" win="0" bet="40" muck="1" rebuy="0" addon="0" merge="0" rebuychips="0" reg_code="5059167468"/>
<player seat="10" name="SuBandiduu" chips="490" dealer="1" win="90" bet="107" muck="1" rebuy="0" addon="0" merge="0" rebuychips="0" reg_code="5059167492"/>
<player seat="3" name="ilCapo6" chips="410" dealer="0" win="0" bet="10" muck="1" rebuy="0" addon="0" merge="0" rebuychips="0" reg_code="5059167243"/>
</players>
</general>
<round no="0"><action no="1" player="ilCapo6" type="1" discard="1" dealt="1" sum="10"/>
<action no="2" player="Rakki" type="2" sum="20"/>
</round>
<round no="1"><cards type="Pocket" player="ilCapo6">X X</cards>
<cards type="Pocket" player="SuBandiduu">X X</cards>
<cards type="Pocket" player="Rakki">D8 D6</cards>
<action no="3" player="SuBandiduu" type="23" discard="1" dealt="1" sum="40"/>
<action no="4" player="ilCapo6" type="0" discard="1" dealt="1" sum="0"/>
<action no="5" player="Rakki" type="3" sum="20"/>
</round>
<round no="2"><cards type="Flop">S9 D2 S10</cards>
<action no="6" player="Rakki" type="4" sum="0"/>
<action no="7" player="SuBandiduu" type="5" discard="1" dealt="1" sum="67"/>
<action no="8" player="Rakki" type="0" sum="0"/>
</round>
</game>
<game gamecode="6476330964"><general><startdate>2025-09-11 16:46:29</startdate>
<round>1</round>
<failsafecounter/>
<players><player seat="10" name="SuBandiduu" chips="540" dealer="0" win="80" bet="120" muck="1" rebuy="0" addon="0" merge="0" rebuychips="0" reg_code="5059167492"/>
<player seat="3" name="ilCapo6" chips="400" dealer="1" win="0" bet="0" muck="1" rebuy="0" addon="0" merge="0" rebuychips="0" reg_code="5059167243"/>
<player seat="6" name="Rakki" chips="560" dealer="0" win="0" bet="40" muck="1" rebuy="0" addon="0" merge="0" rebuychips="0" reg_code="5059167468"/>
</players>
</general>
<round no="0"><action no="1" player="Rakki" type="1" sum="10"/>
<action no="2" player="SuBandiduu" type="2" discard="1" dealt="1" sum="20"/>
</round>
<round no="1"><cards type="Pocket" player="ilCapo6">X X</cards>
<cards type="Pocket" player="SuBandiduu">X X</cards>
<cards type="Pocket" player="Rakki">SQ D7</cards>
<action no="3" player="ilCapo6" type="0" discard="1" dealt="1" sum="0"/>
<action no="4" player="Rakki" type="3" sum="10"/>
<action no="5" player="SuBandiduu" type="4" discard="1" dealt="1" sum="0"/>
</round>
<round no="2"><cards type="Flop">DA D9 C7</cards>
<action no="6" player="Rakki" type="4" sum="0"/>
<action no="7" player="SuBandiduu" type="5" discard="1" dealt="1" sum="20"/>
<action no="8" player="Rakki" type="3" sum="20"/>
</round>
<round no="3"><cards type="Turn">D6</cards>
<action no="9" player="Rakki" type="4" sum="0"/>
<action no="10" player="SuBandiduu" type="5" discard="1" dealt="1" sum="80"/>
<action no="11" player="Rakki" type="0" sum="0"/>
</round>
</game>
<game gamecode="6476331005"><general><startdate>2025-09-11 16:46:53</startdate>
<round>1</round>
<failsafecounter/>
<players><player seat="3" name="ilCapo6" chips="400" dealer="0" win="0" bet="400" muck="0" rebuy="0" addon="0" merge="0" rebuychips="0" reg_code="5059167243"/>
<player seat="6" name="Rakki" chips="520" dealer="1" win="0" bet="0" muck="1" rebuy="0" addon="0" merge="0" rebuychips="0" reg_code="5059167468"/>
<player seat="10" name="SuBandiduu" chips="580" dealer="0" win="800" bet="580" muck="0" rebuy="0" addon="0" merge="0" rebuychips="0" reg_code="5059167492"/>
</players>
</general>
<round no="0"><action no="1" player="SuBandiduu" type="1" discard="1" dealt="1" sum="10"/>
<action no="2" player="ilCapo6" type="2" discard="1" dealt="1" sum="20"/>
</round>
<round no="1"><cards type="Pocket" player="Rakki">DJ S3</cards>
<cards type="Pocket" player="ilCapo6">DQ SQ</cards>
<cards type="Pocket" player="SuBandiduu">C2 HA</cards>
<action no="3" player="Rakki" type="0" sum="0"/>
<action no="4" player="SuBandiduu" type="3" discard="1" dealt="1" sum="10"/>
<action no="5" player="ilCapo6" type="23" discard="1" dealt="1" sum="60"/>
<action no="6" player="SuBandiduu" type="23" discard="1" dealt="1" sum="580"/>
<action no="7" player="ilCapo6" type="7" discard="1" dealt="1" sum="340"/>
</round>
<round no="2"><cards type="Flop">DK S10 D7</cards>
</round>
<round no="3"><cards type="Turn">C6</cards>
</round>
<round no="4"><cards type="River">DA</cards>
</round>
</game>
<game gamecode="6476331049"><general><startdate>2025-09-11 16:47:19</startdate>
<round>1</round>
<failsafecounter/>
<players><player seat="6" name="Rakki" chips="520" dealer="0" win="70" bet="520" muck="1" rebuy="0" addon="0" merge="0" rebuychips="0" reg_code="5059167468"/>
<player seat="10" name="SuBandiduu" chips="980" dealer="1" win="0" bet="35" muck="1" rebuy="0" addon="0" merge="0" rebuychips="0" reg_code="5059167492"/>
</players>
</general>
<round no="0"><action no="1" player="SuBandiduu" type="15" discard="1" dealt="1" sum="5"/>
<action no="2" player="Rakki" type="15" sum="5"/>
<action no="3" player="SuBandiduu" type="1" discard="1" dealt="1" sum="15"/>
<action no="4" player="Rakki" type="2" sum="30"/>
</round>
<round no="1"><cards type="Pocket" player="SuBandiduu">X X</cards>
<cards type="Pocket" player="Rakki">H2 D2</cards>
<action no="5" player="SuBandiduu" type="3" discard="1" dealt="1" sum="15"/>
<action no="6" player="Rakki" type="23" sum="515"/>
<action no="7" player="SuBandiduu" type="0" discard="1" dealt="1" sum="0"/>
</round>
</game>
<game gamecode="6476331062"><general><startdate>2025-09-11 16:47:31</startdate>
<round>1</round>
<failsafecounter/>
<players><player seat="10" name="SuBandiduu" chips="945" dealer="0" win="0" bet="35" muck="1" rebuy="0" addon="0" merge="0" rebuychips="0" reg_code="5059167492"/>
<player seat="6" name="Rakki" chips="555" dealer="1" win="70" bet="35" muck="0" rebuy="0" addon="0" merge="0" rebuychips="0" reg_code="5059167468"/>
</players>
</general>
<round no="0"><action no="1" player="Rakki" type="15" sum="5"/>
<action no="2" player="SuBandiduu" type="15" discard="1" dealt="1" sum="5"/>
<action no="3" player="Rakki" type="1" sum="15"/>
<action no="4" player="SuBandiduu" type="2" discard="1" dealt="1" sum="30"/>
</round>
<round no="1"><cards type="Pocket" player="Rakki">H6 C5</cards>
<cards type="Pocket" player="SuBandiduu">HK D3</cards>
<action no="5" player="Rakki" type="3" sum="15"/>
<action no="6" player="SuBandiduu" type="4" discard="1" dealt="1" sum="0"/>
</round>
<round no="2"><cards type="Flop">H2 C6 CJ</cards>
<action no="7" player="SuBandiduu" type="4" discard="1" dealt="1" sum="0"/>
<action no="8" player="Rakki" type="4" sum="0"/>
</round>
<round no="3"><cards type="Turn">C8</cards>
<action no="9" player="SuBandiduu" type="4" discard="1" dealt="1" sum="0"/>
<action no="10" player="Rakki" type="4" sum="0"/>
</round>
<round no="4"><cards type="River">DQ</cards>
<action no="11" player="SuBandiduu" type="4" discard="1" dealt="1" sum="0"/>
<action no="12" player="Rakki" type="4" sum="0"/>
</round>
</game>
<game gamecode="6476331096"><general><startdate>2025-09-11 16:47:54</startdate>
<round>1</round>
<failsafecounter/>
<players><player seat="6" name="Rakki" chips="590" dealer="0" win="0" bet="87" muck="1" rebuy="0" addon="0" merge="0" rebuychips="0" reg_code="5059167468"/>
<player seat="10" name="SuBandiduu" chips="910" dealer="1" win="174" bet="87" muck="0" rebuy="0" addon="0" merge="0" rebuychips="0" reg_code="5059167492"/>
</players>
</general>
<round no="0"><action no="1" player="SuBandiduu" type="15" discard="1" dealt="1" sum="5"/>
<action no="2" player="Rakki" type="15" sum="5"/>
<action no="3" player="SuBandiduu" type="1" discard="1" dealt="1" sum="15"/>
<action no="4" player="Rakki" type="2" sum="30"/>
</round>
<round no="1"><cards type="Pocket" player="SuBandiduu">S7 DA</cards>
<cards type="Pocket" player="Rakki">D9 H8</cards>
<action no="5" player="SuBandiduu" type="3" discard="1" dealt="1" sum="15"/>
<action no="6" player="Rakki" type="4" sum="0"/>
</round>
<round no="2"><cards type="Flop">H5 H4 C6</cards>
<action no="7" player="Rakki" type="4" sum="0"/>
<action no="8" player="SuBandiduu" type="5" discard="1" dealt="1" sum="52"/>
<action no="9" player="Rakki" type="3" sum="52"/>
</round>
<round no="3"><cards type="Turn">C4</cards>
<action no="10" player="Rakki" type="4" sum="0"/>
<action no="11" player="SuBandiduu" type="4" discard="1" dealt="1" sum="0"/>
</round>
<round no="4"><cards type="River">SK</cards>
<action no="12" player="Rakki" type="4" sum="0"/>
<action no="13" player="SuBandiduu" type="4" discard="1" dealt="1" sum="0"/>
</round>
</game>
<game gamecode="6476331134"><general><startdate>2025-09-11 16:48:21</startdate>
<round>1</round>
<failsafecounter/>
<players><player seat="10" name="SuBandiduu" chips="997" dealer="0" win="0" bet="35" muck="1" rebuy="0" addon="0" merge="0" rebuychips="0" reg_code="5059167492"/>
<player seat="6" name="Rakki" chips="503" dealer="1" win="70" bet="503" muck="1" rebuy="0" addon="0" merge="0" rebuychips="0" reg_code="5059167468"/>
</players>
</general>
<round no="0"><action no="1" player="Rakki" type="15" sum="5"/>
<action no="2" player="SuBandiduu" type="15" discard="1" dealt="1" sum="5"/>
<action no="3" player="Rakki" type="1" sum="15"/>
<action no="4" player="SuBandiduu" type="2" discard="1" dealt="1" sum="30"/>
</round>
<round no="1"><cards type="Pocket" player="SuBandiduu">X X</cards>
<cards type="Pocket" player="Rakki">S4 C4</cards>
<action no="5" player="Rakki" type="23" sum="498"/>
<action no="6" player="SuBandiduu" type="0" discard="1" dealt="1" sum="0"/>
</round>
</game>
<game gamecode="6476331141"><general><startdate>2025-09-11 16:48:28</startdate>
<round>1</round>
<failsafecounter/>
<players><player seat="6" name="Rakki" chips="538" dealer="0" win="0" bet="175" muck="1" rebuy="0" addon="0" merge="0" rebuychips="0" reg_code="5059167468"/>
<player seat="10" name="SuBandiduu" chips="962" dealer="1" win="350" bet="175" muck="0" rebuy="0" addon="0" merge="0" rebuychips="0" reg_code="5059167492"/>
</players>
</general>
<round no="0"><action no="1" player="SuBandiduu" type="15" discard="1" dealt="1" sum="5"/>
<action no="2" player="Rakki" type="15" sum="5"/>
<action no="3" player="SuBandiduu" type="1" discard="1" dealt="1" sum="15"/>
<action no="4" player="Rakki" type="2" sum="30"/>
</round>
<round no="1"><cards type="Pocket" player="Rakki">D7 H5</cards>
<cards type="Pocket" player="SuBandiduu">HJ C7</cards>
<action no="5" player="SuBandiduu" type="3" discard="1" dealt="1" sum="15"/>
<action no="6" player="Rakki" type="4" sum="0"/>
</round>
<round no="2"><cards type="Flop">CK H4 D3</cards>
<action no="7" player="Rakki" type="4" sum="0"/>
<action no="8" player="SuBandiduu" type="5" discard="1" dealt="1" sum="35"/>
<action no="9" player="Rakki" type="3" sum="35"/>
</round>
<round no="3"><cards type="Turn">S7</cards>
<action no="10" player="Rakki" type="4" sum="0"/>
<action no="11" player="SuBandiduu" type="5" discard="1" dealt="1" sum="105"/>
<action no="12" player="Rakki" type="3" sum="105"/>
</round>
<round no="4"><cards type="River">D8</cards>
<action no="13" player="Rakki" type="4" sum="0"/>
<action no="14" player="SuBandiduu" type="4" discard="1" dealt="1" sum="0"/>
</round>
</game>
<game gamecode="6476331191"><general><startdate>2025-09-11 16:49:00</startdate>
<round>1</round>
<failsafecounter/>
<players><player seat="10" name="SuBandiduu" chips="1,137" dealer="0" win="0" bet="45" muck="1" rebuy="0" addon="0" merge="0" rebuychips="0" reg_code="5059167492"/>
<player seat="6" name="Rakki" chips="363" dealer="1" win="90" bet="363" muck="1" rebuy="0" addon="0" merge="0" rebuychips="0" reg_code="5059167468"/>
</players>
</general>
<round no="0"><action no="1" player="Rakki" type="15" sum="5"/>
<action no="2" player="SuBandiduu" type="15" discard="1" dealt="1" sum="5"/>
<action no="3" player="Rakki" type="1" sum="20"/>
<action no="4" player="SuBandiduu" type="2" discard="1" dealt="1" sum="40"/>
</round>
<round no="1"><cards type="Pocket" player="Rakki">H8 C10</cards>
<cards type="Pocket" player="SuBandiduu">X X</cards>
<action no="5" player="Rakki" type="23" sum="358"/>
<action no="6" player="SuBandiduu" type="0" discard="1" dealt="1" sum="0"/>
</round>
</game>
<game gamecode="6476331201"><general><startdate>2025-09-11 16:49:07</startdate>
<round>1</round>
<failsafecounter/>
<players><player seat="6" name="Rakki" chips="408" dealer="0" win="0" bet="45" muck="1" rebuy="0" addon="0" merge="0" rebuychips="0" reg_code="5059167468"/>
<player seat="10" name="SuBandiduu" chips="1,092" dealer="1" win="90" bet="1,092" muck="1" rebuy="0" addon="0" merge="0" rebuychips="0" reg_code="5059167492"/>
</players>
</general>
<round no="0"><action no="1" player="SuBandiduu" type="15" discard="1" dealt="1" sum="5"/>
<action no="2" player="Rakki" type="15" sum="5"/>
<action no="3" player="SuBandiduu" type="1" discard="1" dealt="1" sum="20"/>
<action no="4" player="Rakki" type="2" sum="40"/>
</round>
<round no="1"><cards type="Pocket" player="Rakki">S4 HQ</cards>
<cards type="Pocket" player="SuBandiduu">X X</cards>
<action no="5" player="SuBandiduu" type="23" discard="1" dealt="1" sum="1,087"/>
<action no="6" player="Rakki" type="0" sum="0"/>
</round>
</game>
<game gamecode="6476331214"><general><startdate>2025-09-11 16:49:16</startdate>
<round>1</round>
<failsafecounter/>
<players><player seat="10" name="SuBandiduu" chips="1,137" dealer="0" win="0" bet="363" muck="1" rebuy="0" addon="0" merge="0" rebuychips="0" reg_code="5059167492"/>
<player seat="6" name="Rakki" chips="363" dealer="1" win="726" bet="363" muck="0" rebuy="0" addon="0" merge="0" rebuychips="0" reg_code="5059167468"/>
</players>
</general>
<round no="0"><action no="1" player="Rakki" type="15" sum="5"/>
<action no="2" player="SuBandiduu" type="15" discard="1" dealt="1" sum="5"/>
<action no="3" player="Rakki" type="1" sum="20"/>
<action no="4" player="SuBandiduu" type="2" discard="1" dealt="1" sum="40"/>
</round>
<round no="1"><cards type="Pocket" player="SuBandiduu">H9 CA</cards>
<cards type="Pocket" player="Rakki">HK DQ</cards>
<action no="5" player="Rakki" type="23" sum="358"/>
<action no="6" player="SuBandiduu" type="3" discard="1" dealt="1" sum="318"/>
</round>
<round no="2"><cards type="Flop">D4 H4 SK</cards>
</round>
<round no="3"><cards type="Turn">D7</cards>
</round>
<round no="4"><cards type="River">S8</cards>
</round>
</game>
<game gamecode="6476331240"><general><startdate>2025-09-11 16:49:31</startdate>
<round>1</round>
<failsafecounter/>
<players><player seat="6" name="Rakki" chips="726" dealer="0" win="0" bet="45" muck="1" rebuy="0" addon="0" merge="0" rebuychips="0" reg_code="5059167468"/>
<player seat="10" name="SuBandiduu" chips="774" dealer="1" win="90" bet="90" muck="1" rebuy="0" addon="0" merge="0" rebuychips="0" reg_code="5059167492"/>
</players>
</general>
<round no="0"><action no="1" player="SuBandiduu" type="15" discard="1" dealt="1" sum="5"/>
<action no="2" player="Rakki" type="15" sum="5"/>
<action no="3" player="SuBandiduu" type="1" discard="1" dealt="1" sum="20"/>
<action no="4" player="Rakki" type="2" sum="40"/>
</round>
<round no="1"><cards type="Pocket" player="Rakki">S6 H2</cards>
<cards type="Pocket" player="SuBandiduu">X X</cards>
<action no="5" player="SuBandiduu" type="3" discard="1" dealt="1" sum="20"/>
<action no="6" player="Rakki" type="4" sum="0"/>
</round>
<round no="2"><cards type="Flop">HA CQ C5</cards>
<action no="7" player="Rakki" type="4" sum="0"/>
<action no="8" player="SuBandiduu" type="5" discard="1" dealt="1" sum="45"/>
<action no="9" player="Rakki" type="0" sum="0"/>
</round>
</game>
<game gamecode="6476331258"><general><startdate>2025-09-11 16:49:44</startdate>
<round>1</round>
<failsafecounter/>
<players><player seat="10" name="SuBandiduu" chips="819" dealer="0" win="170" bet="819" muck="1" rebuy="0" addon="0" merge="0" rebuychips="0" reg_code="5059167492"/>
<player seat="6" name="Rakki" chips="681" dealer="1" win="0" bet="85" muck="1" rebuy="0" addon="0" merge="0" rebuychips="0" reg_code="5059167468"/>
</players>
</general>
<round no="0"><action no="1" player="Rakki" type="15" sum="5"/>
<action no="2" player="SuBandiduu" type="15" discard="1" dealt="1" sum="5"/>
<action no="3" player="Rakki" type="1" sum="20"/>
<action no="4" player="SuBandiduu" type="2" discard="1" dealt="1" sum="40"/>
</round>
<round no="1"><cards type="Pocket" player="Rakki">D7 H9</cards>
<cards type="Pocket" player="SuBandiduu">X X</cards>
<action no="5" player="Rakki" type="23" sum="80"/>
<action no="6" player="SuBandiduu" type="23" discard="1" dealt="1" sum="814"/>
<action no="7" player="Rakki" type="0" sum="0"/>
</round>
</game>
<game gamecode="6476331269"><general><startdate>2025-09-11 16:49:52</startdate>
<round>1</round>
<failsafecounter/>
<players><player seat="6" name="Rakki" chips="596" dealer="0" win="0" bet="225" muck="1" rebuy="0" addon="0" merge="0" rebuychips="0" reg_code="5059167468"/>
<player seat="10" name="SuBandiduu" chips="904" dealer="1" win="450" bet="225" muck="0" rebuy="0" addon="0" merge="0" rebuychips="0" reg_code="5059167492"/>
</players>
</general>
<round no="0"><action no="1" player="SuBandiduu" type="15" discard="1" dealt="1" sum="5"/>
<action no="2" player="Rakki" type="15" sum="5"/>
<action no="3" player="SuBandiduu" type="1" discard="1" dealt="1" sum="20"/>
<action no="4" player="Rakki" type="2" sum="40"/>
</round>
<round no="1"><cards type="Pocket" player="SuBandiduu">CA HA</cards>
<cards type="Pocket" player="Rakki">DK H5</cards>
<action no="5" player="SuBandiduu" type="3" discard="1" dealt="1" sum="20"/>
<action no="6" player="Rakki" type="4" sum="0"/>
</round>
<round no="2"><cards type="Flop">SA SJ HK</cards>
<action no="7" player="Rakki" type="4" sum="0"/>
<action no="8" player="SuBandiduu" type="5" discard="1" dealt="1" sum="45"/>
<action no="9" player="Rakki" type="3" sum="45"/>
</round>
<round no="3"><cards type="Turn">D9</cards>
<action no="10" player="Rakki" type="4" sum="0"/>
<action no="11" player="SuBandiduu" type="5" discard="1" dealt="1" sum="135"/>
<action no="12" player="Rakki" type="3" sum="135"/>
</round>
<round no="4"><cards type="River">CQ</cards>
<action no="13" player="Rakki" type="4" sum="0"/>
<action no="14" player="SuBandiduu" type="4" discard="1" dealt="1" sum="0"/>
</round>
</game>
<game gamecode="6476331298"><general><startdate>2025-09-11 16:50:18</startdate>
<round>1</round>
<failsafecounter/>
<players><player seat="10" name="SuBandiduu" chips="1,129" dealer="0" win="742" bet="1,129" muck="0" rebuy="0" addon="0" merge="0" rebuychips="0" reg_code="5059167492"/>
<player seat="6" name="Rakki" chips="371" dealer="1" win="0" bet="371" muck="1" rebuy="0" addon="0" merge="0" rebuychips="0" reg_code="5059167468"/>
</players>
</general>
<round no="0"><action no="1" player="Rakki" type="15" sum="5"/>
<action no="2" player="SuBandiduu" type="15" discard="1" dealt="1" sum="5"/>
<action no="3" player="Rakki" type="1" sum="20"/>
<action no="4" player="SuBandiduu" type="2" discard="1" dealt="1" sum="40"/>
</round>
<round no="1"><cards type="Pocket" player="Rakki">H7 S7</cards>
<cards type="Pocket" player="SuBandiduu">D6 H4</cards>
<action no="5" player="Rakki" type="3" sum="20"/>
<action no="6" player="SuBandiduu" type="4" discard="1" dealt="1" sum="0"/>
</round>
<round no="2"><cards type="Flop">D2 D3 H5</cards>
<action no="7" player="SuBandiduu" type="4" discard="1" dealt="1" sum="0"/>
<action no="8" player="Rakki" type="5" sum="90"/>
<action no="9" player="SuBandiduu" type="23" discard="1" dealt="1" sum="1,084"/>
<action no="10" player="Rakki" type="7" sum="236"/>
</round>
<round no="3"><cards type="Turn">C2</cards>
</round>
<round no="4"><cards type="River">D9</cards>
</round>
</game>
</session>
