<?xml version="1.0" encoding="UTF-8"?>
<session sessioncode="5059573082">
<general>
<client_version>25.1.1.16</client_version>
<mode>real</mode>
<gametype>Holdem NL</gametype>
<tablename>Twister €200 SNG, 817651565</tablename>
<tournamentcode>817651564</tournamentcode>
<tournamentname>Twister €200 SNG</tournamentname>
<buyin>€0 + €12 + €188</buyin>
<totalbuyin>€200</totalbuyin>
<rewarddrawn>€1000</rewarddrawn>
<tournamentcurrency>EUR</tournamentcurrency>
<currency>EUR</currency>
<nickname>Rakki</nickname>
<gamecount>17</gamecount>
<startdate>2025-09-13 15:50:27</startdate>
<place>2</place>
<win>€150</win>
<tablesize>3</tablesize>
</general>
<game gamecode="6478019958"><general><startdate>2025-09-13 15:50:47</startdate>
<round>1</round>
<failsafecounter/>
<players><player seat="10" name="Rakki" chips="500" dealer="0" win="0" bet="20" muck="1" rebuy="0" addon="0" merge="0" rebuychips="0" reg_code="5059573082"/>
<player seat="3" name="SuBandiduu" chips="500" dealer="1" win="0" bet="0" muck="1" rebuy="0" addon="0" merge="0" rebuychips="0" reg_code="5059572752"/>
<player seat="6" name="OndaBianca1" chips="500" dealer="0" win="40" bet="20" muck="0" rebuy="0" addon="0" merge="0" rebuychips="0" reg_code="5059572981"/>
</players>
</general>
<round no="0"><action no="1" player="OndaBianca1" type="1" discard="1" dealt="1" sum="10"/>
<action no="2" player="Rakki" type="2" sum="20"/>
</round>
<round no="1"><cards type="Pocket" player="SuBandiduu">X X</cards>
<cards type="Pocket" player="OndaBianca1">DK S4</cards>
<cards type="Pocket" player="Rakki">D2 S10</cards>
<action no="3" player="SuBandiduu" type="0" discard="1" dealt="1" sum="0"/>
<action no="4" player="OndaBianca1" type="3" discard="1" dealt="1" sum="10"/>
<action no="5" player="Rakki" type="4" sum="0"/>
</round>
<round no="2"><cards type="Flop">H6 HA H10</cards>
<action no="6" player="OndaBianca1" type="4" discard="1" dealt="1" sum="0"/>
<action no="7" player="Rakki" type="4" sum="0"/>
</round>
<round no="3"><cards type="Turn">HQ</cards>
<action no="8" player="OndaBianca1" type="4" discard="1" dealt="1" sum="0"/>
<action no="9" player="Rakki" type="4" sum="0"/>
</round>
<round no="4"><cards type="River">SJ</cards>
<action no="10" player="OndaBianca1" type="4" discard="1" dealt="1" sum="0"/>
<action no="11" player="Rakki" type="4" sum="0"/>
</round>
</game>
<game gamecode="6478020011"><general><startdate>2025-09-13 15:51:21</startdate>
<round>1</round>
<failsafecounter/>
<players><player seat="3" name="SuBandiduu" chips="500" dealer="0" win="90" bet="107" muck="1" rebuy="0" addon="0" merge="0" rebuychips="0" reg_code="5059572752"/>
<player seat="6" name="OndaBianca1" chips="520" dealer="1" win="0" bet="40" muck="1" rebuy="0" addon="0" merge="0" rebuychips="0" reg_code="5059572981"/>
<player seat="10" name="Rakki" chips="480" dealer="0" win="0" bet="10" muck="1" rebuy="0" addon="0" merge="0" rebuychips="0" reg_code="5059573082"/>
</players>
</general>
<round no="0"><action no="1" player="Rakki" type="1" sum="10"/>
<action no="2" player="SuBandiduu" type="2" discard="1" dealt="1" sum="20"/>
</round>
<round no="1"><cards type="Pocket" player="OndaBianca1">X X</cards>
<cards type="Pocket" player="Rakki">DK C7</cards>
<cards type="Pocket" player="SuBandiduu">X X</cards>
<action no="3" player="OndaBianca1" type="23" discard="1" dealt="1" sum="40"/>
<action no="4" player="Rakki" type="0" sum="0"/>
<action no="5" player="SuBandiduu" type="3" discard="1" dealt="1" sum="20"/>
</round>
<round no="2"><cards type="Flop">S5 C3 S3</cards>
<action no="6" player="SuBandiduu" type="4" discard="1" dealt="1" sum="0"/>
<action no="7" player="OndaBianca1" type="4" discard="1" dealt="1" sum="0"/>
</round>
<round no="3"><cards type="Turn">C10</cards>
<action no="8" player="SuBandiduu" type="5" discard="1" dealt="1" sum="67"/>
<action no="9" player="OndaBianca1" type="0" discard="1" dealt="1" sum="0"/>
</round>
</game>
<game gamecode="6478020056"><general><startdate>2025-09-13 15:51:45</startdate>
<round>1</round>
<failsafecounter/>
<players><player seat="6" name="OndaBianca1" chips="480" dealer="0" win="0" bet="20" muck="1" rebuy="0" addon="0" merge="0" rebuychips="0" reg_code="5059572981"/>
<player seat="10" name="Rakki" chips="470" dealer="1" win="0" bet="40" muck="1" rebuy="0" addon="0" merge="0" rebuychips="0" reg_code="5059573082"/>
<player seat="3" name="SuBandiduu" chips="550" dealer="0" win="100" bet="110" muck="1" rebuy="0" addon="0" merge="0" rebuychips="0" reg_code="5059572752"/>
</players>
</general>
<round no="0"><action no="1" player="SuBandiduu" type="1" discard="1" dealt="1" sum="10"/>
<action no="2" player="OndaBianca1" type="2" discard="1" dealt="1" sum="20"/>
</round>
<round no="1"><cards type="Pocket" player="Rakki">H10 DQ</cards>
<cards type="Pocket" player="OndaBianca1">X X</cards>
<cards type="Pocket" player="SuBandiduu">X X</cards>
<action no="3" player="Rakki" type="23" sum="40"/>
<action no="4" player="SuBandiduu" type="23" discard="1" dealt="1" sum="110"/>
<action no="5" player="OndaBianca1" type="0" discard="1" dealt="1" sum="0"/>
<action no="6" player="Rakki" type="0" sum="0"/>
</round>
</game>
<game gamecode="6478020102"><general><startdate>2025-09-13 15:52:04</startdate>
<round>1</round>
<failsafecounter/>
<players><player seat="10" name="Rakki" chips="430" dealer="0" win="120" bet="430" muck="1" rebuy="0" addon="0" merge="0" rebuychips="0" reg_code="5059573082"/>
<player seat="3" name="SuBandiduu" chips="610" dealer="1" win="0" bet="0" muck="1" rebuy="0" addon="0" merge="0" rebuychips="0" reg_code="5059572752"/>
<player seat="6" name="OndaBianca1" chips="460" dealer="0" win="0" bet="60" muck="1" rebuy="0" addon="0" merge="0" rebuychips="0" reg_code="5059572981"/>
</players>
</general>
<round no="0"><action no="1" player="OndaBianca1" type="1" discard="1" dealt="1" sum="10"/>
<action no="2" player="Rakki" type="2" sum="20"/>
</round>
<round no="1"><cards type="Pocket" player="OndaBianca1">X X</cards>
<cards type="Pocket" player="SuBandiduu">X X</cards>
<cards type="Pocket" player="Rakki">SA D10</cards>
<action no="3" player="SuBandiduu" type="0" discard="1" dealt="1" sum="0"/>
<action no="4" player="OndaBianca1" type="23" discard="1" dealt="1" sum="60"/>
<action no="5" player="Rakki" type="23" sum="430"/>
<action no="6" player="OndaBianca1" type="0" discard="1" dealt="1" sum="0"/>
</round>
</game>
<game gamecode="6478020132"><general><startdate>2025-09-13 15:52:19</startdate>
<round>1</round>
<failsafecounter/>
<players><player seat="3" name="SuBandiduu" chips="610" dealer="0" win="0" bet="50" muck="1" rebuy="0" addon="0" merge="0" rebuychips="0" reg_code="5059572752"/>
<player seat="6" name="OndaBianca1" chips="400" dealer="1" win="0" bet="0" muck="1" rebuy="0" addon="0" merge="0" rebuychips="0" reg_code="5059572981"/>
<player seat="10" name="Rakki" chips="490" dealer="0" win="100" bet="120" muck="1" rebuy="0" addon="0" merge="0" rebuychips="0" reg_code="5059573082"/>
</players>
</general>
<round no="0"><action no="1" player="Rakki" type="1" sum="10"/>
<action no="2" player="SuBandiduu" type="2" discard="1" dealt="1" sum="20"/>
</round>
<round no="1"><cards type="Pocket" player="Rakki">D10 SA</cards>
<cards type="Pocket" player="SuBandiduu">X X</cards>
<cards type="Pocket" player="OndaBianca1">X X</cards>
<action no="3" player="OndaBianca1" type="0" discard="1" dealt="1" sum="0"/>
<action no="4" player="Rakki" type="3" sum="10"/>
<action no="5" player="SuBandiduu" type="4" discard="1" dealt="1" sum="0"/>
</round>
<round no="2"><cards type="Flop">D8 C3 H10</cards>
<action no="6" player="Rakki" type="4" sum="0"/>
<action no="7" player="SuBandiduu" type="5" discard="1" dealt="1" sum="30"/>
<action no="8" player="Rakki" type="23" sum="100"/>
<action no="9" player="SuBandiduu" type="0" discard="1" dealt="1" sum="0"/>
</round>
</game>
<game gamecode="6478020184"><general><startdate>2025-09-13 15:52:47</startdate>
<round>1</round>
<failsafecounter/>
<players><player seat="6" name="OndaBianca1" chips="400" dealer="0" win="151" bet="128" muck="1" rebuy="0" addon="0" merge="0" rebuychips="0" reg_code="5059572981"/>
<player seat="10" name="Rakki" chips="540" dealer="1" win="0" bet="5" muck="1" rebuy="0" addon="0" merge="0" rebuychips="0" reg_code="5059573082"/>
<player seat="3" name="SuBandiduu" chips="560" dealer="0" win="0" bet="73" muck="1" rebuy="0" addon="0" merge="0" rebuychips="0" reg_code="5059572752"/>
</players>
</general>
<round no="0"><action no="1" player="SuBandiduu" type="15" discard="1" dealt="1" sum="5"/>
<action no="2" player="OndaBianca1" type="15" discard="1" dealt="1" sum="5"/>
<action no="3" player="Rakki" type="15" sum="5"/>
<action no="4" player="SuBandiduu" type="1" discard="1" dealt="1" sum="15"/>
<action no="5" player="OndaBianca1" type="2" discard="1" dealt="1" sum="30"/>
</round>
<round no="1"><cards type="Pocket" player="Rakki">C8 S9</cards>
<cards type="Pocket" player="SuBandiduu">X X</cards>
<cards type="Pocket" player="OndaBianca1">X X</cards>
<action no="6" player="Rakki" type="0" sum="0"/>
<action no="7" player="SuBandiduu" type="3" discard="1" dealt="1" sum="15"/>
<action no="8" player="OndaBianca1" type="4" discard="1" dealt="1" sum="0"/>
</round>
<round no="2"><cards type="Flop">HA H9 D7</cards>
<action no="9" player="SuBandiduu" type="5" discard="1" dealt="1" sum="38"/>
<action no="10" player="OndaBianca1" type="3" discard="1" dealt="1" sum="38"/>
</round>
<round no="3"><cards type="Turn">S2</cards>
<action no="11" player="SuBandiduu" type="4" discard="1" dealt="1" sum="0"/>
<action no="12" player="OndaBianca1" type="5" discard="1" dealt="1" sum="55"/>
<action no="13" player="SuBandiduu" type="0" discard="1" dealt="1" sum="0"/>
</round>
</game>
<game gamecode="6478020226"><general><startdate>2025-09-13 15:53:10</startdate>
<round>1</round>
<failsafecounter/>
<players><player seat="10" name="Rakki" chips="535" dealer="0" win="0" bet="35" muck="1" rebuy="0" addon="0" merge="0" rebuychips="0" reg_code="5059573082"/>
<player seat="3" name="SuBandiduu" chips="487" dealer="1" win="90" bet="487" muck="1" rebuy="0" addon="0" merge="0" rebuychips="0" reg_code="5059572752"/>
<player seat="6" name="OndaBianca1" chips="478" dealer="0" win="0" bet="20" muck="1" rebuy="0" addon="0" merge="0" rebuychips="0" reg_code="5059572981"/>
</players>
</general>
<round no="0"><action no="1" player="OndaBianca1" type="15" discard="1" dealt="1" sum="5"/>
<action no="2" player="Rakki" type="15" sum="5"/>
<action no="3" player="SuBandiduu" type="15" discard="1" dealt="1" sum="5"/>
<action no="4" player="OndaBianca1" type="1" discard="1" dealt="1" sum="15"/>
<action no="5" player="Rakki" type="2" sum="30"/>
</round>
<round no="1"><cards type="Pocket" player="Rakki">C6 HQ</cards>
<cards type="Pocket" player="OndaBianca1">X X</cards>
<cards type="Pocket" player="SuBandiduu">X X</cards>
<action no="6" player="SuBandiduu" type="23" discard="1" dealt="1" sum="482"/>
<action no="7" player="OndaBianca1" type="0" discard="1" dealt="1" sum="0"/>
<action no="8" player="Rakki" type="0" sum="0"/>
</round>
</game>
<game gamecode="6478020245"><general><startdate>2025-09-13 15:53:22</startdate>
<round>1</round>
<failsafecounter/>
<players><player seat="3" name="SuBandiduu" chips="542" dealer="0" win="0" bet="35" muck="1" rebuy="0" addon="0" merge="0" rebuychips="0" reg_code="5059572752"/>
<player seat="6" name="OndaBianca1" chips="458" dealer="1" win="90" bet="458" muck="1" rebuy="0" addon="0" merge="0" rebuychips="0" reg_code="5059572981"/>
<player seat="10" name="Rakki" chips="500" dealer="0" win="0" bet="20" muck="1" rebuy="0" addon="0" merge="0" rebuychips="0" reg_code="5059573082"/>
</players>
</general>
<round no="0"><action no="1" player="Rakki" type="15" sum="5"/>
<action no="2" player="SuBandiduu" type="15" discard="1" dealt="1" sum="5"/>
<action no="3" player="OndaBianca1" type="15" discard="1" dealt="1" sum="5"/>
<action no="4" player="Rakki" type="1" sum="15"/>
<action no="5" player="SuBandiduu" type="2" discard="1" dealt="1" sum="30"/>
</round>
<round no="1"><cards type="Pocket" player="OndaBianca1">X X</cards>
<cards type="Pocket" player="SuBandiduu">X X</cards>
<cards type="Pocket" player="Rakki">C5 C4</cards>
<action no="6" player="OndaBianca1" type="23" discard="1" dealt="1" sum="453"/>
<action no="7" player="Rakki" type="0" sum="0"/>
<action no="8" player="SuBandiduu" type="0" discard="1" dealt="1" sum="0"/>
</round>
</game>
<game gamecode="6478020264"><general><startdate>2025-09-13 15:53:35</startdate>
<round>1</round>
<failsafecounter/>
<players><player seat="6" name="OndaBianca1" chips="513" dealer="0" win="45" bet="35" muck="1" rebuy="0" addon="0" merge="0" rebuychips="0" reg_code="5059572981"/>
<player seat="10" name="Rakki" chips="480" dealer="1" win="0" bet="5" muck="1" rebuy="0" addon="0" merge="0" rebuychips="0" reg_code="5059573082"/>
<player seat="3" name="SuBandiduu" chips="507" dealer="0" win="0" bet="20" muck="1" rebuy="0" addon="0" merge="0" rebuychips="0" reg_code="5059572752"/>
</players>
</general>
<round no="0"><action no="1" player="SuBandiduu" type="15" discard="1" dealt="1" sum="5"/>
<action no="2" player="OndaBianca1" type="15" discard="1" dealt="1" sum="5"/>
<action no="3" player="Rakki" type="15" sum="5"/>
<action no="4" player="SuBandiduu" type="1" discard="1" dealt="1" sum="15"/>
<action no="5" player="OndaBianca1" type="2" discard="1" dealt="1" sum="30"/>
</round>
<round no="1"><cards type="Pocket" player="OndaBianca1">X X</cards>
<cards type="Pocket" player="Rakki">CK D7</cards>
<cards type="Pocket" player="SuBandiduu">X X</cards>
<action no="6" player="Rakki" type="0" sum="0"/>
<action no="7" player="SuBandiduu" type="0" discard="1" dealt="1" sum="0"/>
</round>
</game>
<game gamecode="6478020287"><general><startdate>2025-09-13 15:53:50</startdate>
<round>1</round>
<failsafecounter/>
<players><player seat="10" name="Rakki" chips="475" dealer="0" win="477" bet="475" muck="0" rebuy="0" addon="0" merge="0" rebuychips="0" reg_code="5059573082"/>
<player seat="3" name="SuBandiduu" chips="487" dealer="1" win="0" bet="5" muck="1" rebuy="0" addon="0" merge="0" rebuychips="0" reg_code="5059572752"/>
<player seat="6" name="OndaBianca1" chips="538" dealer="0" win="478" bet="538" muck="0" rebuy="0" addon="0" merge="0" rebuychips="0" reg_code="5059572981"/>
</players>
</general>
<round no="0"><action no="1" player="OndaBianca1" type="15" discard="1" dealt="1" sum="5"/>
<action no="2" player="Rakki" type="15" sum="5"/>
<action no="3" player="SuBandiduu" type="15" discard="1" dealt="1" sum="5"/>
<action no="4" player="OndaBianca1" type="1" discard="1" dealt="1" sum="15"/>
<action no="5" player="Rakki" type="2" sum="30"/>
</round>
<round no="1"><cards type="Pocket" player="SuBandiduu">X X</cards>
<cards type="Pocket" player="OndaBianca1">HJ DQ</cards>
<cards type="Pocket" player="Rakki">CA HQ</cards>
<action no="6" player="SuBandiduu" type="0" discard="1" dealt="1" sum="0"/>
<action no="7" player="OndaBianca1" type="23" discard="1" dealt="1" sum="533"/>
<action no="8" player="Rakki" type="7" sum="440"/>
</round>
<round no="2"><cards type="Flop">H4 S6 C5</cards>
</round>
<round no="3"><cards type="Turn">C3</cards>
</round>
<round no="4"><cards type="River">H7</cards>
</round>
</game>
<game gamecode="6478020319"><general><startdate>2025-09-13 15:54:11</startdate>
<round>1</round>
<failsafecounter/>
<players><player seat="3" name="SuBandiduu" chips="482" dealer="0" win="0" bet="65" muck="1" rebuy="0" addon="0" merge="0" rebuychips="0" reg_code="5059572752"/>
<player seat="6" name="OndaBianca1" chips="541" dealer="1" win="150" bet="140" muck="1" rebuy="0" addon="0" merge="0" rebuychips="0" reg_code="5059572981"/>
<player seat="10" name="Rakki" chips="477" dealer="0" win="0" bet="20" muck="1" rebuy="0" addon="0" merge="0" rebuychips="0" reg_code="5059573082"/>
</players>
</general>
<round no="0"><action no="1" player="Rakki" type="15" sum="5"/>
<action no="2" player="SuBandiduu" type="15" discard="1" dealt="1" sum="5"/>
<action no="3" player="OndaBianca1" type="15" discard="1" dealt="1" sum="5"/>
<action no="4" player="Rakki" type="1" sum="15"/>
<action no="5" player="SuBandiduu" type="2" discard="1" dealt="1" sum="30"/>
</round>
<round no="1"><cards type="Pocket" player="SuBandiduu">X X</cards>
<cards type="Pocket" player="OndaBianca1">X X</cards>
<cards type="Pocket" player="Rakki">C9 H2</cards>
<action no="6" player="OndaBianca1" type="23" discard="1" dealt="1" sum="60"/>
<action no="7" player="Rakki" type="0" sum="0"/>
<action no="8" player="SuBandiduu" type="3" discard="1" dealt="1" sum="30"/>
</round>
<round no="2"><cards type="Flop">DJ C8 D7</cards>
<action no="9" player="SuBandiduu" type="4" discard="1" dealt="1" sum="0"/>
<action no="10" player="OndaBianca1" type="5" discard="1" dealt="1" sum="75"/>
<action no="11" player="SuBandiduu" type="0" discard="1" dealt="1" sum="0"/>
</round>
</game>
<game gamecode="6478020348"><general><startdate>2025-09-13 15:54:27</startdate>
<round>1</round>
<failsafecounter/>
<players><player seat="6" name="OndaBianca1" chips="626" dealer="0" win="0" bet="35" muck="1" rebuy="0" addon="0" merge="0" rebuychips="0" reg_code="5059572981"/>
<player seat="10" name="Rakki" chips="457" dealer="1" win="0" bet="5" muck="1" rebuy="0" addon="0" merge="0" rebuychips="0" reg_code="5059573082"/>
<player seat="3" name="SuBandiduu" chips="417" dealer="0" win="75" bet="417" muck="1" rebuy="0" addon="0" merge="0" rebuychips="0" reg_code="5059572752"/>
</players>
</general>
<round no="0"><action no="1" player="SuBandiduu" type="15" discard="1" dealt="1" sum="5"/>
<action no="2" player="OndaBianca1" type="15" discard="1" dealt="1" sum="5"/>
<action no="3" player="Rakki" type="15" sum="5"/>
<action no="4" player="SuBandiduu" type="1" discard="1" dealt="1" sum="15"/>
<action no="5" player="OndaBianca1" type="2" discard="1" dealt="1" sum="30"/>
</round>
<round no="1"><cards type="Pocket" player="Rakki">C7 C3</cards>
<cards type="Pocket" player="OndaBianca1">X X</cards>
<cards type="Pocket" player="SuBandiduu">X X</cards>
<action no="6" player="Rakki" type="0" sum="0"/>
<action no="7" player="SuBandiduu" type="23" discard="1" dealt="1" sum="412"/>
<action no="8" player="OndaBianca1" type="0" discard="1" dealt="1" sum="0"/>
</round>
</game>
<game gamecode="6478020364"><general><startdate>2025-09-13 15:54:36</startdate>
<round>1</round>
<failsafecounter/>
<players><player seat="10" name="Rakki" chips="452" dealer="0" win="0" bet="35" muck="1" rebuy="0" addon="0" merge="0" rebuychips="0" reg_code="5059573082"/>
<player seat="3" name="SuBandiduu" chips="457" dealer="1" win="0" bet="5" muck="1" rebuy="0" addon="0" merge="0" rebuychips="0" reg_code="5059572752"/>
<player seat="6" name="OndaBianca1" chips="591" dealer="0" win="75" bet="65" muck="1" rebuy="0" addon="0" merge="0" rebuychips="0" reg_code="5059572981"/>
</players>
</general>
<round no="0"><action no="1" player="OndaBianca1" type="15" discard="1" dealt="1" sum="5"/>
<action no="2" player="Rakki" type="15" sum="5"/>
<action no="3" player="SuBandiduu" type="15" discard="1" dealt="1" sum="5"/>
<action no="4" player="OndaBianca1" type="1" discard="1" dealt="1" sum="15"/>
<action no="5" player="Rakki" type="2" sum="30"/>
</round>
<round no="1"><cards type="Pocket" player="Rakki">C5 H4</cards>
<cards type="Pocket" player="OndaBianca1">X X</cards>
<cards type="Pocket" player="SuBandiduu">X X</cards>
<action no="6" player="SuBandiduu" type="0" discard="1" dealt="1" sum="0"/>
<action no="7" player="OndaBianca1" type="3" discard="1" dealt="1" sum="15"/>
<action no="8" player="Rakki" type="4" sum="0"/>
</round>
<round no="2"><cards type="Flop">C10 S9 S2</cards>
<action no="9" player="OndaBianca1" type="5" discard="1" dealt="1" sum="30"/>
<action no="10" player="Rakki" type="0" sum="0"/>
</round>
</game>
<game gamecode="6478020398"><general><startdate>2025-09-13 15:54:54</startdate>
<round>1</round>
<failsafecounter/>
<players><player seat="3" name="SuBandiduu" chips="452" dealer="0" win="0" bet="45" muck="1" rebuy="0" addon="0" merge="0" rebuychips="0" reg_code="5059572752"/>
<player seat="6" name="OndaBianca1" chips="631" dealer="1" win="115" bet="631" muck="1" rebuy="0" addon="0" merge="0" rebuychips="0" reg_code="5059572981"/>
<player seat="10" name="Rakki" chips="417" dealer="0" win="0" bet="25" muck="1" rebuy="0" addon="0" merge="0" rebuychips="0" reg_code="5059573082"/>
</players>
</general>
<round no="0"><action no="1" player="Rakki" type="15" sum="5"/>
<action no="2" player="SuBandiduu" type="15" discard="1" dealt="1" sum="5"/>
<action no="3" player="OndaBianca1" type="15" discard="1" dealt="1" sum="5"/>
<action no="4" player="Rakki" type="1" sum="20"/>
<action no="5" player="SuBandiduu" type="2" discard="1" dealt="1" sum="40"/>
</round>
<round no="1"><cards type="Pocket" player="Rakki">C4 DJ</cards>
<cards type="Pocket" player="OndaBianca1">X X</cards>
<cards type="Pocket" player="SuBandiduu">X X</cards>
<action no="6" player="OndaBianca1" type="23" discard="1" dealt="1" sum="626"/>
<action no="7" player="Rakki" type="0" sum="0"/>
<action no="8" player="SuBandiduu" type="0" discard="1" dealt="1" sum="0"/>
</round>
</game>
<game gamecode="6478020414"><general><startdate>2025-09-13 15:55:05</startdate>
<round>1</round>
<failsafecounter/>
<players><player seat="6" name="OndaBianca1" chips="701" dealer="0" win="0" bet="45" muck="1" rebuy="0" addon="0" merge="0" rebuychips="0" reg_code="5059572981"/>
<player seat="10" name="Rakki" chips="392" dealer="1" win="115" bet="392" muck="1" rebuy="0" addon="0" merge="0" rebuychips="0" reg_code="5059573082"/>
<player seat="3" name="SuBandiduu" chips="407" dealer="0" win="0" bet="25" muck="1" rebuy="0" addon="0" merge="0" rebuychips="0" reg_code="5059572752"/>
</players>
</general>
<round no="0"><action no="1" player="SuBandiduu" type="15" discard="1" dealt="1" sum="5"/>
<action no="2" player="OndaBianca1" type="15" discard="1" dealt="1" sum="5"/>
<action no="3" player="Rakki" type="15" sum="5"/>
<action no="4" player="SuBandiduu" type="1" discard="1" dealt="1" sum="20"/>
<action no="5" player="OndaBianca1" type="2" discard="1" dealt="1" sum="40"/>
</round>
<round no="1"><cards type="Pocket" player="OndaBianca1">X X</cards>
<cards type="Pocket" player="Rakki">D10 DJ</cards>
<cards type="Pocket" player="SuBandiduu">X X</cards>
<action no="6" player="Rakki" type="23" sum="387"/>
<action no="7" player="SuBandiduu" type="0" discard="1" dealt="1" sum="0"/>
<action no="8" player="OndaBianca1" type="0" discard="1" dealt="1" sum="0"/>
</round>
</game>
<game gamecode="6478020430"><general><startdate>2025-09-13 15:55:16</startdate>
<round>1</round>
<failsafecounter/>
<players><player seat="10" name="Rakki" chips="462" dealer="0" win="0" bet="45" muck="1" rebuy="0" addon="0" merge="0" rebuychips="0" reg_code="5059573082"/>
<player seat="3" name="SuBandiduu" chips="382" dealer="1" win="0" bet="382" muck="0" rebuy="0" addon="0" merge="0" rebuychips="0" reg_code="5059572752"/>
<player seat="6" name="OndaBianca1" chips="656" dealer="0" win="809" bet="656" muck="0" rebuy="0" addon="0" merge="0" rebuychips="0" reg_code="5059572981"/>
</players>
</general>
<round no="0"><action no="1" player="OndaBianca1" type="15" discard="1" dealt="1" sum="5"/>
<action no="2" player="Rakki" type="15" sum="5"/>
<action no="3" player="SuBandiduu" type="15" discard="1" dealt="1" sum="5"/>
<action no="4" player="OndaBianca1" type="1" discard="1" dealt="1" sum="20"/>
<action no="5" player="Rakki" type="2" sum="40"/>
</round>
<round no="1"><cards type="Pocket" player="SuBandiduu">HK H4</cards>
<cards type="Pocket" player="OndaBianca1">SK HQ</cards>
<cards type="Pocket" player="Rakki">D3 S2</cards>
<action no="6" player="SuBandiduu" type="23" discard="1" dealt="1" sum="377"/>
<action no="7" player="OndaBianca1" type="7" discard="1" dealt="1" sum="631"/>
<action no="8" player="Rakki" type="0" sum="0"/>
</round>
<round no="2"><cards type="Flop">S6 S5 S4</cards>
</round>
<round no="3"><cards type="Turn">S8</cards>
</round>
<round no="4"><cards type="River">C10</cards>
</round>
</game>
<game gamecode="6478020464"><general><startdate>2025-09-13 15:55:34</startdate>
<round>1</round>
<failsafecounter/>
<players><player seat="10" name="Rakki" chips="417" dealer="0" win="0" bet="417" muck="0" rebuy="0" addon="0" merge="0" rebuychips="0" reg_code="5059573082"/>
<player seat="6" name="OndaBianca1" chips="1,083" dealer="1" win="834" bet="417" muck="0" rebuy="0" addon="0" merge="0" rebuychips="0" reg_code="5059572981"/>
</players>
</general>
<round no="0"><action no="1" player="OndaBianca1" type="15" discard="1" dealt="1" sum="5"/>
<action no="2" player="Rakki" type="15" sum="5"/>
<action no="3" player="OndaBianca1" type="1" discard="1" dealt="1" sum="20"/>
<action no="4" player="Rakki" type="2" sum="40"/>
</round>
<round no="1"><cards type="Pocket" player="Rakki">DQ D3</cards>
<cards type="Pocket" player="OndaBianca1">DK SA</cards>
<action no="5" player="OndaBianca1" type="3" discard="1" dealt="1" sum="20"/>
<action no="6" player="Rakki" type="23" sum="412"/>
<action no="7" player="OndaBianca1" type="3" discard="1" dealt="1" sum="372"/>
</round>
<round no="2"><cards type="Flop">HJ D9 S7</cards>
</round>
<round no="3"><cards type="Turn">D10</cards>
</round>
<round no="4"><cards type="River">HQ</cards>
</round>
</game>
</session>
