<?xml version="1.0" encoding="UTF-8"?>
<session sessioncode="5059361226">
<general>
<client_version>25.1.1.16</client_version>
<mode>real</mode>
<gametype>Holdem NL</gametype>
<tablename>Twister €200 SNG, 817582318</tablename>
<tournamentcode>817582317</tournamentcode>
<tournamentname>Twister €200 SNG</tournamentname>
<buyin>€0 + €12 + €188</buyin>
<totalbuyin>€200</totalbuyin>
<rewarddrawn>€600</rewarddrawn>
<tournamentcurrency>EUR</tournamentcurrency>
<currency>EUR</currency>
<nickname>Rakki</nickname>
<gamecount>21</gamecount>
<startdate>2025-09-12 15:26:14</startdate>
<place>2</place>
<win>€0</win>
<tablesize>3</tablesize>
</general>
<game gamecode="6477151769"><general><startdate>2025-09-12 15:26:29</startdate>
<round>1</round>
<failsafecounter/>
<players><player seat="3" name="L1mltless" chips="500" dealer="0" win="0" bet="20" muck="1" rebuy="0" addon="0" merge="0" rebuychips="0" reg_code="5059361188"/>
<player seat="6" name="Rakki" chips="500" dealer="1" win="50" bet="40" muck="1" rebuy="0" addon="0" merge="0" rebuychips="0" reg_code="5059361226"/>
<player seat="10" name="KL99" chips="500" dealer="0" win="0" bet="10" muck="1" rebuy="0" addon="0" merge="0" rebuychips="0" reg_code="5059361267"/>
</players>
</general>
<round no="0"><action no="1" player="KL99" type="1" discard="1" dealt="1" sum="10"/>
<action no="2" player="L1mltless" type="2" discard="1" dealt="1" sum="20"/>
</round>
<round no="1"><cards type="Pocket" player="KL99">X X</cards>
<cards type="Pocket" player="L1mltless">X X</cards>
<cards type="Pocket" player="Rakki">D4 S4</cards>
<action no="3" player="Rakki" type="23" sum="40"/>
<action no="4" player="KL99" type="0" discard="1" dealt="1" sum="0"/>
<action no="5" player="L1mltless" type="0" discard="1" dealt="1" sum="0"/>
</round>
</game>
<game gamecode="6477151786"><general><startdate>2025-09-12 15:26:38</startdate>
<round>1</round>
<failsafecounter/>
<players><player seat="6" name="Rakki" chips="530" dealer="0" win="40" bet="60" muck="1" rebuy="0" addon="0" merge="0" rebuychips="0" reg_code="5059361226"/>
<player seat="10" name="KL99" chips="490" dealer="1" win="0" bet="0" muck="1" rebuy="0" addon="0" merge="0" rebuychips="0" reg_code="5059361267"/>
<player seat="3" name="L1mltless" chips="480" dealer="0" win="0" bet="20" muck="1" rebuy="0" addon="0" merge="0" rebuychips="0" reg_code="5059361188"/>
</players>
</general>
<round no="0"><action no="1" player="L1mltless" type="1" discard="1" dealt="1" sum="10"/>
<action no="2" player="Rakki" type="2" sum="20"/>
</round>
<round no="1"><cards type="Pocket" player="Rakki">SJ HK</cards>
<cards type="Pocket" player="KL99">X X</cards>
<cards type="Pocket" player="L1mltless">X X</cards>
<action no="3" player="KL99" type="0" discard="1" dealt="1" sum="0"/>
<action no="4" player="L1mltless" type="3" discard="1" dealt="1" sum="10"/>
<action no="5" player="Rakki" type="23" sum="60"/>
<action no="6" player="L1mltless" type="0" discard="1" dealt="1" sum="0"/>
</round>
</game>
<game gamecode="6477151830"><general><startdate>2025-09-12 15:26:59</startdate>
<round>1</round>
<failsafecounter/>
<players><player seat="10" name="KL99" chips="490" dealer="0" win="0" bet="20" muck="1" rebuy="0" addon="0" merge="0" rebuychips="0" reg_code="5059361267"/>
<player seat="3" name="L1mltless" chips="460" dealer="1" win="50" bet="40" muck="1" rebuy="0" addon="0" merge="0" rebuychips="0" reg_code="5059361188"/>
<player seat="6" name="Rakki" chips="550" dealer="0" win="0" bet="10" muck="1" rebuy="0" addon="0" merge="0" rebuychips="0" reg_code="5059361226"/>
</players>
</general>
<round no="0"><action no="1" player="Rakki" type="1" sum="10"/>
<action no="2" player="KL99" type="2" discard="1" dealt="1" sum="20"/>
</round>
<round no="1"><cards type="Pocket" player="L1mltless">X X</cards>
<cards type="Pocket" player="KL99">X X</cards>
<cards type="Pocket" player="Rakki">H3 SK</cards>
<action no="3" player="L1mltless" type="23" discard="1" dealt="1" sum="40"/>
<action no="4" player="Rakki" type="0" sum="0"/>
<action no="5" player="KL99" type="0" discard="1" dealt="1" sum="0"/>
</round>
</game>
<game gamecode="6477151847"><general><startdate>2025-09-12 15:27:08</startdate>
<round>1</round>
<failsafecounter/>
<players><player seat="3" name="L1mltless" chips="490" dealer="0" win="0" bet="20" muck="1" rebuy="0" addon="0" merge="0" rebuychips="0" reg_code="5059361188"/>
<player seat="6" name="Rakki" chips="540" dealer="1" win="50" bet="40" muck="1" rebuy="0" addon="0" merge="0" rebuychips="0" reg_code="5059361226"/>
<player seat="10" name="KL99" chips="470" dealer="0" win="0" bet="10" muck="1" rebuy="0" addon="0" merge="0" rebuychips="0" reg_code="5059361267"/>
</players>
</general>
<round no="0"><action no="1" player="KL99" type="1" discard="1" dealt="1" sum="10"/>
<action no="2" player="L1mltless" type="2" discard="1" dealt="1" sum="20"/>
</round>
<round no="1"><cards type="Pocket" player="Rakki">H10 CQ</cards>
<cards type="Pocket" player="L1mltless">X X</cards>
<cards type="Pocket" player="KL99">X X</cards>
<action no="3" player="Rakki" type="23" sum="40"/>
<action no="4" player="KL99" type="0" discard="1" dealt="1" sum="0"/>
<action no="5" player="L1mltless" type="0" discard="1" dealt="1" sum="0"/>
</round>
</game>
<game gamecode="6477151878"><general><startdate>2025-09-12 15:27:25</startdate>
<round>1</round>
<failsafecounter/>
<players><player seat="6" name="Rakki" chips="570" dealer="0" win="0" bet="20" muck="1" rebuy="0" addon="0" merge="0" rebuychips="0" reg_code="5059361226"/>
<player seat="10" name="KL99" chips="460" dealer="1" win="50" bet="50" muck="1" rebuy="0" addon="0" merge="0" rebuychips="0" reg_code="5059361267"/>
<player seat="3" name="L1mltless" chips="470" dealer="0" win="0" bet="10" muck="1" rebuy="0" addon="0" merge="0" rebuychips="0" reg_code="5059361188"/>
</players>
</general>
<round no="0"><action no="1" player="L1mltless" type="1" discard="1" dealt="1" sum="10"/>
<action no="2" player="Rakki" type="2" sum="20"/>
</round>
<round no="1"><cards type="Pocket" player="Rakki">C7 D3</cards>
<cards type="Pocket" player="L1mltless">X X</cards>
<cards type="Pocket" player="KL99">X X</cards>
<action no="3" player="KL99" type="23" discard="1" dealt="1" sum="50"/>
<action no="4" player="L1mltless" type="0" discard="1" dealt="1" sum="0"/>
<action no="5" player="Rakki" type="0" sum="0"/>
</round>
</game>
<game gamecode="6477158043"><general><startdate>2025-09-12 15:27:48</startdate>
<round>1</round>
<failsafecounter/>
<players><player seat="10" name="KL99" chips="490" dealer="0" win="20" bet="20" muck="1" rebuy="0" addon="0" merge="0" rebuychips="0" reg_code="5059361267"/>
<player seat="3" name="L1mltless" chips="460" dealer="1" win="0" bet="0" muck="1" rebuy="0" addon="0" merge="0" rebuychips="0" reg_code="5059361188"/>
<player seat="6" name="Rakki" chips="550" dealer="0" win="0" bet="10" muck="1" rebuy="0" addon="0" merge="0" rebuychips="0" reg_code="5059361226"/>
</players>
</general>
<round no="0"><action no="1" player="Rakki" type="1" sum="10"/>
<action no="2" player="KL99" type="2" discard="1" dealt="1" sum="20"/>
</round>
<round no="1"><cards type="Pocket" player="Rakki">D5 C4</cards>
<cards type="Pocket" player="L1mltless">X X</cards>
<cards type="Pocket" player="KL99">X X</cards>
<action no="3" player="L1mltless" type="0" discard="1" dealt="1" sum="0"/>
<action no="4" player="Rakki" type="0" sum="0"/>
</round>
</game>
<game gamecode="6477158060"><general><startdate>2025-09-12 15:27:57</startdate>
<round>1</round>
<failsafecounter/>
<players><player seat="3" name="L1mltless" chips="460" dealer="0" win="960" bet="460" muck="0" rebuy="0" addon="0" merge="0" rebuychips="0" reg_code="5059361188"/>
<player seat="6" name="Rakki" chips="540" dealer="1" win="0" bet="40" muck="1" rebuy="0" addon="0" merge="0" rebuychips="0" reg_code="5059361226"/>
<player seat="10" name="KL99" chips="500" dealer="0" win="0" bet="500" muck="1" rebuy="0" addon="0" merge="0" rebuychips="0" reg_code="5059361267"/>
</players>
</general>
<round no="0"><action no="1" player="KL99" type="1" discard="1" dealt="1" sum="10"/>
<action no="2" player="L1mltless" type="2" discard="1" dealt="1" sum="20"/>
</round>
<round no="1"><cards type="Pocket" player="Rakki">D2 DA</cards>
<cards type="Pocket" player="L1mltless">CA CK</cards>
<cards type="Pocket" player="KL99">HJ SA</cards>
<action no="3" player="Rakki" type="23" sum="40"/>
<action no="4" player="KL99" type="23" discard="1" dealt="1" sum="500"/>
<action no="5" player="L1mltless" type="7" discard="1" dealt="1" sum="440"/>
<action no="6" player="Rakki" type="0" sum="0"/>
</round>
<round no="2"><cards type="Flop">CJ C10 C5</cards>
</round>
<round no="3"><cards type="Turn">H9</cards>
</round>
<round no="4"><cards type="River">D9</cards>
</round>
</game>
<game gamecode="6477158115"><general><startdate>2025-09-12 15:28:25</startdate>
<round>1</round>
<failsafecounter/>
<players><player seat="6" name="Rakki" chips="500" dealer="0" win="0" bet="130" muck="1" rebuy="0" addon="0" merge="0" rebuychips="0" reg_code="5059361226"/>
<player seat="10" name="KL99" chips="40" dealer="1" win="120" bet="40" muck="0" rebuy="0" addon="0" merge="0" rebuychips="0" reg_code="5059361267"/>
<player seat="3" name="L1mltless" chips="960" dealer="0" win="180" bet="130" muck="0" rebuy="0" addon="0" merge="0" rebuychips="0" reg_code="5059361188"/>
</players>
</general>
<round no="0"><action no="1" player="L1mltless" type="15" discard="1" dealt="1" sum="5"/>
<action no="2" player="Rakki" type="15" sum="5"/>
<action no="3" player="KL99" type="15" discard="1" dealt="1" sum="5"/>
<action no="4" player="L1mltless" type="1" discard="1" dealt="1" sum="15"/>
<action no="5" player="Rakki" type="2" sum="30"/>
</round>
<round no="1"><cards type="Pocket" player="L1mltless">C3 C6</cards>
<cards type="Pocket" player="Rakki">HK H4</cards>
<cards type="Pocket" player="KL99">H7 D9</cards>
<action no="6" player="KL99" type="7" discard="1" dealt="1" sum="35"/>
<action no="7" player="L1mltless" type="3" discard="1" dealt="1" sum="20"/>
<action no="8" player="Rakki" type="3" sum="5"/>
</round>
<round no="2"><cards type="Flop">S3 C4 H5</cards>
<action no="9" player="L1mltless" type="4" discard="1" dealt="1" sum="0"/>
<action no="10" player="Rakki" type="4" sum="0"/>
</round>
<round no="3"><cards type="Turn">D5</cards>
<action no="11" player="L1mltless" type="4" discard="1" dealt="1" sum="0"/>
<action no="12" player="Rakki" type="5" sum="90"/>
<action no="13" player="L1mltless" type="3" discard="1" dealt="1" sum="90"/>
</round>
<round no="4"><cards type="River">S6</cards>
<action no="14" player="L1mltless" type="4" discard="1" dealt="1" sum="0"/>
<action no="15" player="Rakki" type="4" sum="0"/>
</round>
</game>
<game gamecode="6477158188"><general><startdate>2025-09-12 15:29:08</startdate>
<round>1</round>
<failsafecounter/>
<players><player seat="10" name="KL99" chips="120" dealer="0" win="45" bet="35" muck="1" rebuy="0" addon="0" merge="0" rebuychips="0" reg_code="5059361267"/>
<player seat="3" name="L1mltless" chips="1,010" dealer="1" win="0" bet="5" muck="1" rebuy="0" addon="0" merge="0" rebuychips="0" reg_code="5059361188"/>
<player seat="6" name="Rakki" chips="370" dealer="0" win="0" bet="20" muck="1" rebuy="0" addon="0" merge="0" rebuychips="0" reg_code="5059361226"/>
</players>
</general>
<round no="0"><action no="1" player="Rakki" type="15" sum="5"/>
<action no="2" player="KL99" type="15" discard="1" dealt="1" sum="5"/>
<action no="3" player="L1mltless" type="15" discard="1" dealt="1" sum="5"/>
<action no="4" player="Rakki" type="1" sum="15"/>
<action no="5" player="KL99" type="2" discard="1" dealt="1" sum="30"/>
</round>
<round no="1"><cards type="Pocket" player="L1mltless">X X</cards>
<cards type="Pocket" player="KL99">X X</cards>
<cards type="Pocket" player="Rakki">H6 H3</cards>
<action no="6" player="L1mltless" type="0" discard="1" dealt="1" sum="0"/>
<action no="7" player="Rakki" type="0" sum="0"/>
</round>
</game>
<game gamecode="6477158204"><general><startdate>2025-09-12 15:29:20</startdate>
<round>1</round>
<failsafecounter/>
<players><player seat="3" name="L1mltless" chips="1,005" dealer="0" win="0" bet="35" muck="1" rebuy="0" addon="0" merge="0" rebuychips="0" reg_code="5059361188"/>
<player seat="6" name="Rakki" chips="350" dealer="1" win="90" bet="350" muck="1" rebuy="0" addon="0" merge="0" rebuychips="0" reg_code="5059361226"/>
<player seat="10" name="KL99" chips="145" dealer="0" win="0" bet="20" muck="1" rebuy="0" addon="0" merge="0" rebuychips="0" reg_code="5059361267"/>
</players>
</general>
<round no="0"><action no="1" player="KL99" type="15" discard="1" dealt="1" sum="5"/>
<action no="2" player="L1mltless" type="15" discard="1" dealt="1" sum="5"/>
<action no="3" player="Rakki" type="15" sum="5"/>
<action no="4" player="KL99" type="1" discard="1" dealt="1" sum="15"/>
<action no="5" player="L1mltless" type="2" discard="1" dealt="1" sum="30"/>
</round>
<round no="1"><cards type="Pocket" player="KL99">X X</cards>
<cards type="Pocket" player="L1mltless">X X</cards>
<cards type="Pocket" player="Rakki">DK H10</cards>
<action no="6" player="Rakki" type="23" sum="345"/>
<action no="7" player="KL99" type="0" discard="1" dealt="1" sum="0"/>
<action no="8" player="L1mltless" type="0" discard="1" dealt="1" sum="0"/>
</round>
</game>
<game gamecode="6477158221"><general><startdate>2025-09-12 15:29:29</startdate>
<round>1</round>
<failsafecounter/>
<players><player seat="6" name="Rakki" chips="405" dealer="0" win="815" bet="405" muck="0" rebuy="0" addon="0" merge="0" rebuychips="0" reg_code="5059361226"/>
<player seat="10" name="KL99" chips="125" dealer="1" win="0" bet="5" muck="1" rebuy="0" addon="0" merge="0" rebuychips="0" reg_code="5059361267"/>
<player seat="3" name="L1mltless" chips="970" dealer="0" win="0" bet="970" muck="0" rebuy="0" addon="0" merge="0" rebuychips="0" reg_code="5059361188"/>
</players>
</general>
<round no="0"><action no="1" player="L1mltless" type="15" discard="1" dealt="1" sum="5"/>
<action no="2" player="Rakki" type="15" sum="5"/>
<action no="3" player="KL99" type="15" discard="1" dealt="1" sum="5"/>
<action no="4" player="L1mltless" type="1" discard="1" dealt="1" sum="15"/>
<action no="5" player="Rakki" type="2" sum="30"/>
</round>
<round no="1"><cards type="Pocket" player="Rakki">DA D8</cards>
<cards type="Pocket" player="L1mltless">S9 S8</cards>
<cards type="Pocket" player="KL99">X X</cards>
<action no="6" player="KL99" type="0" discard="1" dealt="1" sum="0"/>
<action no="7" player="L1mltless" type="23" discard="1" dealt="1" sum="965"/>
<action no="8" player="Rakki" type="7" sum="370"/>
</round>
<round no="2"><cards type="Flop">D7 DQ D2</cards>
</round>
<round no="3"><cards type="Turn">SQ</cards>
</round>
<round no="4"><cards type="River">H7</cards>
</round>
</game>
<game gamecode="6477158260"><general><startdate>2025-09-12 15:29:53</startdate>
<round>1</round>
<failsafecounter/>
<players><player seat="10" name="KL99" chips="120" dealer="0" win="0" bet="120" muck="0" rebuy="0" addon="0" merge="0" rebuychips="0" reg_code="5059361267"/>
<player seat="3" name="L1mltless" chips="565" dealer="1" win="0" bet="5" muck="1" rebuy="0" addon="0" merge="0" rebuychips="0" reg_code="5059361188"/>
<player seat="6" name="Rakki" chips="815" dealer="0" win="245" bet="815" muck="0" rebuy="0" addon="0" merge="0" rebuychips="0" reg_code="5059361226"/>
</players>
</general>
<round no="0"><action no="1" player="Rakki" type="15" sum="5"/>
<action no="2" player="KL99" type="15" discard="1" dealt="1" sum="5"/>
<action no="3" player="L1mltless" type="15" discard="1" dealt="1" sum="5"/>
<action no="4" player="Rakki" type="1" sum="20"/>
<action no="5" player="KL99" type="2" discard="1" dealt="1" sum="40"/>
</round>
<round no="1"><cards type="Pocket" player="KL99">H7 D6</cards>
<cards type="Pocket" player="L1mltless">X X</cards>
<cards type="Pocket" player="Rakki">CA DK</cards>
<action no="6" player="L1mltless" type="0" discard="1" dealt="1" sum="0"/>
<action no="7" player="Rakki" type="23" sum="810"/>
<action no="8" player="KL99" type="7" discard="1" dealt="1" sum="75"/>
</round>
<round no="2"><cards type="Flop">H9 SA C5</cards>
</round>
<round no="3"><cards type="Turn">C2</cards>
</round>
<round no="4"><cards type="River">D2</cards>
</round>
</game>
<game gamecode="6477158296"><general><startdate>2025-09-12 15:30:12</startdate>
<round>1</round>
<failsafecounter/>
<players><player seat="3" name="L1mltless" chips="560" dealer="0" win="90" bet="105" muck="1" rebuy="0" addon="0" merge="0" rebuychips="0" reg_code="5059361188"/>
<player seat="6" name="Rakki" chips="940" dealer="1" win="0" bet="45" muck="1" rebuy="0" addon="0" merge="0" rebuychips="0" reg_code="5059361226"/>
</players>
</general>
<round no="0"><action no="1" player="Rakki" type="15" sum="5"/>
<action no="2" player="L1mltless" type="15" discard="1" dealt="1" sum="5"/>
<action no="3" player="Rakki" type="1" sum="20"/>
<action no="4" player="L1mltless" type="2" discard="1" dealt="1" sum="40"/>
</round>
<round no="1"><cards type="Pocket" player="Rakki">S8 H3</cards>
<cards type="Pocket" player="L1mltless">X X</cards>
<action no="5" player="Rakki" type="3" sum="20"/>
<action no="6" player="L1mltless" type="23" discard="1" dealt="1" sum="100"/>
<action no="7" player="Rakki" type="0" sum="0"/>
</round>
</game>
<game gamecode="6477158321"><general><startdate>2025-09-12 15:30:29</startdate>
<round>1</round>
<failsafecounter/>
<players><player seat="6" name="Rakki" chips="895" dealer="0" win="0" bet="255" muck="1" rebuy="0" addon="0" merge="0" rebuychips="0" reg_code="5059361226"/>
<player seat="3" name="L1mltless" chips="605" dealer="1" win="510" bet="605" muck="1" rebuy="0" addon="0" merge="0" rebuychips="0" reg_code="5059361188"/>
</players>
</general>
<round no="0"><action no="1" player="L1mltless" type="15" discard="1" dealt="1" sum="5"/>
<action no="2" player="Rakki" type="15" sum="5"/>
<action no="3" player="L1mltless" type="1" discard="1" dealt="1" sum="20"/>
<action no="4" player="Rakki" type="2" sum="40"/>
</round>
<round no="1"><cards type="Pocket" player="Rakki">D8 DJ</cards>
<cards type="Pocket" player="L1mltless">X X</cards>
<action no="5" player="L1mltless" type="3" discard="1" dealt="1" sum="20"/>
<action no="6" player="Rakki" type="4" sum="0"/>
</round>
<round no="2"><cards type="Flop">S8 S3 S2</cards>
<action no="7" player="Rakki" type="4" sum="0"/>
<action no="8" player="L1mltless" type="5" discard="1" dealt="1" sum="40"/>
<action no="9" player="Rakki" type="3" sum="40"/>
</round>
<round no="3"><cards type="Turn">D10</cards>
<action no="10" player="Rakki" type="4" sum="0"/>
<action no="11" player="L1mltless" type="4" discard="1" dealt="1" sum="0"/>
</round>
<round no="4"><cards type="River">CJ</cards>
<action no="12" player="Rakki" type="5" sum="170"/>
<action no="13" player="L1mltless" type="23" discard="1" dealt="1" sum="520"/>
<action no="14" player="Rakki" type="0" sum="0"/>
</round>
</game>
<game gamecode="6477158420"><general><startdate>2025-09-12 15:31:21</startdate>
<round>1</round>
<failsafecounter/>
<players><player seat="3" name="L1mltless" chips="860" dealer="0" win="90" bet="860" muck="1" rebuy="0" addon="0" merge="0" rebuychips="0" reg_code="5059361188"/>
<player seat="6" name="Rakki" chips="640" dealer="1" win="0" bet="45" muck="1" rebuy="0" addon="0" merge="0" rebuychips="0" reg_code="5059361226"/>
</players>
</general>
<round no="0"><action no="1" player="Rakki" type="15" sum="5"/>
<action no="2" player="L1mltless" type="15" discard="1" dealt="1" sum="5"/>
<action no="3" player="Rakki" type="1" sum="20"/>
<action no="4" player="L1mltless" type="2" discard="1" dealt="1" sum="40"/>
</round>
<round no="1"><cards type="Pocket" player="L1mltless">X X</cards>
<cards type="Pocket" player="Rakki">H8 SQ</cards>
<action no="5" player="Rakki" type="3" sum="20"/>
<action no="6" player="L1mltless" type="23" discard="1" dealt="1" sum="855"/>
<action no="7" player="Rakki" type="0" sum="0"/>
</round>
</game>
<game gamecode="6477158457"><general><startdate>2025-09-12 15:31:41</startdate>
<round>1</round>
<failsafecounter/>
<players><player seat="6" name="Rakki" chips="595" dealer="0" win="0" bet="245" muck="1" rebuy="0" addon="0" merge="0" rebuychips="0" reg_code="5059361226"/>
<player seat="3" name="L1mltless" chips="905" dealer="1" win="490" bet="905" muck="1" rebuy="0" addon="0" merge="0" rebuychips="0" reg_code="5059361188"/>
</players>
</general>
<round no="0"><action no="1" player="L1mltless" type="15" discard="1" dealt="1" sum="5"/>
<action no="2" player="Rakki" type="15" sum="5"/>
<action no="3" player="L1mltless" type="1" discard="1" dealt="1" sum="30"/>
<action no="4" player="Rakki" type="2" sum="60"/>
</round>
<round no="1"><cards type="Pocket" player="Rakki">S10 H3</cards>
<cards type="Pocket" player="L1mltless">X X</cards>
<action no="5" player="L1mltless" type="3" discard="1" dealt="1" sum="30"/>
<action no="6" player="Rakki" type="4" sum="0"/>
</round>
<round no="2"><cards type="Flop">H9 S8 H10</cards>
<action no="7" player="Rakki" type="4" sum="0"/>
<action no="8" player="L1mltless" type="5" discard="1" dealt="1" sum="60"/>
<action no="9" player="Rakki" type="3" sum="60"/>
</round>
<round no="3"><cards type="Turn">C8</cards>
<action no="10" player="Rakki" type="4" sum="0"/>
<action no="11" player="L1mltless" type="5" discard="1" dealt="1" sum="120"/>
<action no="12" player="Rakki" type="3" sum="120"/>
</round>
<round no="4"><cards type="River">D7</cards>
<action no="13" player="Rakki" type="4" sum="0"/>
<action no="14" player="L1mltless" type="5" discard="1" dealt="1" sum="660"/>
<action no="15" player="Rakki" type="0" sum="0"/>
</round>
</game>
<game gamecode="6477158551"><general><startdate>2025-09-12 15:32:33</startdate>
<round>1</round>
<failsafecounter/>
<players><player seat="3" name="L1mltless" chips="1,150" dealer="0" win="0" bet="350" muck="1" rebuy="0" addon="0" merge="0" rebuychips="0" reg_code="5059361188"/>
<player seat="6" name="Rakki" chips="350" dealer="1" win="700" bet="350" muck="0" rebuy="0" addon="0" merge="0" rebuychips="0" reg_code="5059361226"/>
</players>
</general>
<round no="0"><action no="1" player="Rakki" type="15" sum="5"/>
<action no="2" player="L1mltless" type="15" discard="1" dealt="1" sum="5"/>
<action no="3" player="Rakki" type="1" sum="30"/>
<action no="4" player="L1mltless" type="2" discard="1" dealt="1" sum="60"/>
</round>
<round no="1"><cards type="Pocket" player="L1mltless">S7 C9</cards>
<cards type="Pocket" player="Rakki">CK D10</cards>
<action no="5" player="Rakki" type="23" sum="345"/>
<action no="6" player="L1mltless" type="3" discard="1" dealt="1" sum="285"/>
</round>
<round no="2"><cards type="Flop">H9 D5 C10</cards>
</round>
<round no="3"><cards type="Turn">CJ</cards>
</round>
<round no="4"><cards type="River">S3</cards>
</round>
</game>
<game gamecode="6477158616"><general><startdate>2025-09-12 15:33:04</startdate>
<round>1</round>
<failsafecounter/>
<players><player seat="6" name="Rakki" chips="700" dealer="0" win="0" bet="65" muck="1" rebuy="0" addon="0" merge="0" rebuychips="0" reg_code="5059361226"/>
<player seat="3" name="L1mltless" chips="800" dealer="1" win="130" bet="132" muck="1" rebuy="0" addon="0" merge="0" rebuychips="0" reg_code="5059361188"/>
</players>
</general>
<round no="0"><action no="1" player="L1mltless" type="15" discard="1" dealt="1" sum="5"/>
<action no="2" player="Rakki" type="15" sum="5"/>
<action no="3" player="L1mltless" type="1" discard="1" dealt="1" sum="30"/>
<action no="4" player="Rakki" type="2" sum="60"/>
</round>
<round no="1"><cards type="Pocket" player="Rakki">HJ C2</cards>
<cards type="Pocket" player="L1mltless">X X</cards>
<action no="5" player="L1mltless" type="3" discard="1" dealt="1" sum="30"/>
<action no="6" player="Rakki" type="4" sum="0"/>
</round>
<round no="2"><cards type="Flop">H6 D5 S6</cards>
<action no="7" player="Rakki" type="4" sum="0"/>
<action no="8" player="L1mltless" type="4" discard="1" dealt="1" sum="0"/>
</round>
<round no="3"><cards type="Turn">S5</cards>
<action no="9" player="Rakki" type="4" sum="0"/>
<action no="10" player="L1mltless" type="5" discard="1" dealt="1" sum="67"/>
<action no="11" player="Rakki" type="0" sum="0"/>
</round>
</game>
<game gamecode="6477158677"><general><startdate>2025-09-12 15:33:39</startdate>
<round>1</round>
<failsafecounter/>
<players><player seat="3" name="L1mltless" chips="865" dealer="0" win="96" bet="88" muck="1" rebuy="0" addon="0" merge="0" rebuychips="0" reg_code="5059361188"/>
<player seat="6" name="Rakki" chips="635" dealer="1" win="0" bet="48" muck="1" rebuy="0" addon="0" merge="0" rebuychips="0" reg_code="5059361226"/>
</players>
</general>
<round no="0"><action no="1" player="Rakki" type="15" sum="8"/>
<action no="2" player="L1mltless" type="15" discard="1" dealt="1" sum="8"/>
<action no="3" player="Rakki" type="1" sum="40"/>
<action no="4" player="L1mltless" type="2" discard="1" dealt="1" sum="80"/>
</round>
<round no="1"><cards type="Pocket" player="Rakki">C9 D5</cards>
<cards type="Pocket" player="L1mltless">X X</cards>
<action no="5" player="Rakki" type="0" sum="0"/>
</round>
</game>
<game gamecode="6477158695"><general><startdate>2025-09-12 15:33:47</startdate>
<round>1</round>
<failsafecounter/>
<players><player seat="6" name="Rakki" chips="587" dealer="0" win="176" bet="587" muck="1" rebuy="0" addon="0" merge="0" rebuychips="0" reg_code="5059361226"/>
<player seat="3" name="L1mltless" chips="913" dealer="1" win="0" bet="88" muck="1" rebuy="0" addon="0" merge="0" rebuychips="0" reg_code="5059361188"/>
</players>
</general>
<round no="0"><action no="1" player="L1mltless" type="15" discard="1" dealt="1" sum="8"/>
<action no="2" player="Rakki" type="15" sum="8"/>
<action no="3" player="L1mltless" type="1" discard="1" dealt="1" sum="40"/>
<action no="4" player="Rakki" type="2" sum="80"/>
</round>
<round no="1"><cards type="Pocket" player="L1mltless">X X</cards>
<cards type="Pocket" player="Rakki">C6 S8</cards>
<action no="5" player="L1mltless" type="3" discard="1" dealt="1" sum="40"/>
<action no="6" player="Rakki" type="4" sum="0"/>
</round>
<round no="2"><cards type="Flop">D3 D4 S6</cards>
<action no="7" player="Rakki" type="5" sum="499"/>
<action no="8" player="L1mltless" type="0" discard="1" dealt="1" sum="0"/>
</round>
</game>
<game gamecode="6477158741"><general><startdate>2025-09-12 15:34:11</startdate>
<round>1</round>
<failsafecounter/>
<players><player seat="3" name="L1mltless" chips="825" dealer="0" win="1,350" bet="675" muck="0" rebuy="0" addon="0" merge="0" rebuychips="0" reg_code="5059361188"/>
<player seat="6" name="Rakki" chips="675" dealer="1" win="0" bet="675" muck="0" rebuy="0" addon="0" merge="0" rebuychips="0" reg_code="5059361226"/>
</players>
</general>
<round no="0"><action no="1" player="Rakki" type="15" sum="8"/>
<action no="2" player="L1mltless" type="15" discard="1" dealt="1" sum="8"/>
<action no="3" player="Rakki" type="1" sum="40"/>
<action no="4" player="L1mltless" type="2" discard="1" dealt="1" sum="80"/>
</round>
<round no="1"><cards type="Pocket" player="Rakki">H3 HQ</cards>
<cards type="Pocket" player="L1mltless">C9 DQ</cards>
<action no="5" player="Rakki" type="23" sum="667"/>
<action no="6" player="L1mltless" type="3" discard="1" dealt="1" sum="587"/>
</round>
<round no="2"><cards type="Flop">SJ S9 CK</cards>
</round>
<round no="3"><cards type="Turn">D2</cards>
</round>
<round no="4"><cards type="River">C6</cards>
</round>
</game>
</session>
