<?xml version="1.0" encoding="UTF-8"?>
<session sessioncode="5059579548">
<general>
<client_version>25.1.1.16</client_version>
<mode>real</mode>
<gametype>Holdem NL</gametype>
<tablename>Twister €200 SNG, 817652802</tablename>
<tournamentcode>817652800</tournamentcode>
<tournamentname>Twister €200 SNG</tournamentname>
<buyin>€0 + €12 + €188</buyin>
<totalbuyin>€200</totalbuyin>
<rewarddrawn>€400</rewarddrawn>
<tournamentcurrency>EUR</tournamentcurrency>
<currency>EUR</currency>
<nickname>Rakki</nickname>
<gamecount>13</gamecount>
<startdate>2025-09-13 16:26:30</startdate>
<place>1</place>
<win>€400</win>
<tablesize>3</tablesize>
</general>
<game gamecode="6478043908"><general><startdate>2025-09-13 16:26:45</startdate>
<round>1</round>
<failsafecounter/>
<players><player seat="3" name="Rakki" chips="500" dealer="0" win="150" bet="130" muck="1" rebuy="0" addon="0" merge="0" rebuychips="0" reg_code="5059579548"/>
<player seat="6" name="OndaBianca1" chips="500" dealer="1" win="0" bet="70" muck="1" rebuy="0" addon="0" merge="0" rebuychips="0" reg_code="5059580168"/>
<player seat="10" name="KL99" chips="500" dealer="0" win="0" bet="10" muck="1" rebuy="0" addon="0" merge="0" rebuychips="0" reg_code="5059580583"/>
</players>
</general>
<round no="0"><action no="1" player="KL99" type="1" discard="1" dealt="1" sum="10"/>
<action no="2" player="Rakki" type="2" sum="20"/>
</round>
<round no="1"><cards type="Pocket" player="Rakki">CJ C7</cards>
<cards type="Pocket" player="KL99">X X</cards>
<cards type="Pocket" player="OndaBianca1">X X</cards>
<action no="3" player="OndaBianca1" type="23" discard="1" dealt="1" sum="40"/>
<action no="4" player="KL99" type="0" discard="1" dealt="1" sum="0"/>
<action no="5" player="Rakki" type="3" sum="20"/>
</round>
<round no="2"><cards type="Flop">CQ C2 S6</cards>
<action no="6" player="Rakki" type="4" sum="0"/>
<action no="7" player="OndaBianca1" type="5" discard="1" dealt="1" sum="30"/>
<action no="8" player="Rakki" type="23" sum="90"/>
<action no="9" player="OndaBianca1" type="0" discard="1" dealt="1" sum="0"/>
</round>
</game>
<game gamecode="6478043958"><general><startdate>2025-09-13 16:27:13</startdate>
<round>1</round>
<failsafecounter/>
<players><player seat="6" name="OndaBianca1" chips="430" dealer="0" win="0" bet="430" muck="1" rebuy="0" addon="0" merge="0" rebuychips="0" reg_code="5059580168"/>
<player seat="10" name="KL99" chips="490" dealer="1" win="0" bet="0" muck="1" rebuy="0" addon="0" merge="0" rebuychips="0" reg_code="5059580583"/>
<player seat="3" name="Rakki" chips="580" dealer="0" win="860" bet="580" muck="0" rebuy="0" addon="0" merge="0" rebuychips="0" reg_code="5059579548"/>
</players>
</general>
<round no="0"><action no="1" player="Rakki" type="1" sum="10"/>
<action no="2" player="OndaBianca1" type="2" discard="1" dealt="1" sum="20"/>
</round>
<round no="1"><cards type="Pocket" player="KL99">X X</cards>
<cards type="Pocket" player="Rakki">D10 SA</cards>
<cards type="Pocket" player="OndaBianca1">D8 S8</cards>
<action no="3" player="KL99" type="0" discard="1" dealt="1" sum="0"/>
<action no="4" player="Rakki" type="3" sum="10"/>
<action no="5" player="OndaBianca1" type="23" discard="1" dealt="1" sum="60"/>
<action no="6" player="Rakki" type="23" sum="580"/>
<action no="7" player="OndaBianca1" type="7" discard="1" dealt="1" sum="370"/>
</round>
<round no="2"><cards type="Flop">HJ CA C9</cards>
</round>
<round no="3"><cards type="Turn">CQ</cards>
</round>
<round no="4"><cards type="River">C2</cards>
</round>
</game>
<game gamecode="6478043993"><general><startdate>2025-09-13 16:27:37</startdate>
<round>1</round>
<failsafecounter/>
<players><player seat="10" name="KL99" chips="490" dealer="0" win="80" bet="120" muck="1" rebuy="0" addon="0" merge="0" rebuychips="0" reg_code="5059580583"/>
<player seat="3" name="Rakki" chips="1,010" dealer="1" win="0" bet="40" muck="1" rebuy="0" addon="0" merge="0" rebuychips="0" reg_code="5059579548"/>
</players>
</general>
<round no="0"><action no="1" player="Rakki" type="1" sum="10"/>
<action no="2" player="KL99" type="2" discard="1" dealt="1" sum="20"/>
</round>
<round no="1"><cards type="Pocket" player="Rakki">D5 D4</cards>
<cards type="Pocket" player="KL99">X X</cards>
<action no="3" player="Rakki" type="23" sum="40"/>
<action no="4" player="KL99" type="23" discard="1" dealt="1" sum="120"/>
<action no="5" player="Rakki" type="0" sum="0"/>
</round>
</game>
<game gamecode="6478044022"><general><startdate>2025-09-13 16:27:56</startdate>
<round>1</round>
<failsafecounter/>
<players><player seat="3" name="Rakki" chips="970" dealer="0" win="0" bet="20" muck="1" rebuy="0" addon="0" merge="0" rebuychips="0" reg_code="5059579548"/>
<player seat="10" name="KL99" chips="530" dealer="1" win="40" bet="80" muck="1" rebuy="0" addon="0" merge="0" rebuychips="0" reg_code="5059580583"/>
</players>
</general>
<round no="0"><action no="1" player="KL99" type="1" discard="1" dealt="1" sum="10"/>
<action no="2" player="Rakki" type="2" sum="20"/>
</round>
<round no="1"><cards type="Pocket" player="Rakki">H9 D5</cards>
<cards type="Pocket" player="KL99">X X</cards>
<action no="3" player="KL99" type="23" discard="1" dealt="1" sum="80"/>
<action no="4" player="Rakki" type="0" sum="0"/>
</round>
</game>
<game gamecode="6478044036"><general><startdate>2025-09-13 16:28:06</startdate>
<round>1</round>
<failsafecounter/>
<players><player seat="10" name="KL99" chips="550" dealer="0" win="40" bet="550" muck="1" rebuy="0" addon="0" merge="0" rebuychips="0" reg_code="5059580583"/>
<player seat="3" name="Rakki" chips="950" dealer="1" win="0" bet="20" muck="1" rebuy="0" addon="0" merge="0" rebuychips="0" reg_code="5059579548"/>
</players>
</general>
<round no="0"><action no="1" player="Rakki" type="1" sum="10"/>
<action no="2" player="KL99" type="2" discard="1" dealt="1" sum="20"/>
</round>
<round no="1"><cards type="Pocket" player="KL99">X X</cards>
<cards type="Pocket" player="Rakki">D4 C10</cards>
<action no="3" player="Rakki" type="3" sum="10"/>
<action no="4" player="KL99" type="23" discard="1" dealt="1" sum="550"/>
<action no="5" player="Rakki" type="0" sum="0"/>
</round>
</game>
<game gamecode="6478044058"><general><startdate>2025-09-13 16:28:20</startdate>
<round>1</round>
<failsafecounter/>
<players><player seat="3" name="Rakki" chips="930" dealer="0" win="130" bet="105" muck="1" rebuy="0" addon="0" merge="0" rebuychips="0" reg_code="5059579548"/>
<player seat="10" name="KL99" chips="570" dealer="1" win="0" bet="65" muck="1" rebuy="0" addon="0" merge="0" rebuychips="0" reg_code="5059580583"/>
</players>
</general>
<round no="0"><action no="1" player="KL99" type="1" discard="1" dealt="1" sum="10"/>
<action no="2" player="Rakki" type="2" sum="20"/>
</round>
<round no="1"><cards type="Pocket" player="Rakki">H8 DK</cards>
<cards type="Pocket" player="KL99">X X</cards>
<action no="3" player="KL99" type="3" discard="1" dealt="1" sum="10"/>
<action no="4" player="Rakki" type="4" sum="0"/>
</round>
<round no="2"><cards type="Flop">SQ D4 D8</cards>
<action no="5" player="Rakki" type="4" sum="0"/>
<action no="6" player="KL99" type="5" discard="1" dealt="1" sum="45"/>
<action no="7" player="Rakki" type="3" sum="45"/>
</round>
<round no="3"><cards type="Turn">D7</cards>
<action no="8" player="Rakki" type="4" sum="0"/>
<action no="9" player="KL99" type="4" discard="1" dealt="1" sum="0"/>
</round>
<round no="4"><cards type="River">CQ</cards>
<action no="10" player="Rakki" type="5" sum="40"/>
<action no="11" player="KL99" type="0" discard="1" dealt="1" sum="0"/>
</round>
</game>
<game gamecode="6478044115"><general><startdate>2025-09-13 16:28:57</startdate>
<round>1</round>
<failsafecounter/>
<players><player seat="10" name="KL99" chips="505" dealer="0" win="1,010" bet="505" muck="0" rebuy="0" addon="0" merge="0" rebuychips="0" reg_code="5059580583"/>
<player seat="3" name="Rakki" chips="995" dealer="1" win="0" bet="995" muck="0" rebuy="0" addon="0" merge="0" rebuychips="0" reg_code="5059579548"/>
</players>
</general>
<round no="0"><action no="1" player="Rakki" type="15" sum="5"/>
<action no="2" player="KL99" type="15" discard="1" dealt="1" sum="5"/>
<action no="3" player="Rakki" type="1" sum="15"/>
<action no="4" player="KL99" type="2" discard="1" dealt="1" sum="30"/>
</round>
<round no="1"><cards type="Pocket" player="KL99">S7 H7</cards>
<cards type="Pocket" player="Rakki">H3 C3</cards>
<action no="5" player="Rakki" type="23" sum="990"/>
<action no="6" player="KL99" type="7" discard="1" dealt="1" sum="470"/>
</round>
<round no="2"><cards type="Flop">H4 C7 D5</cards>
</round>
<round no="3"><cards type="Turn">DA</cards>
</round>
<round no="4"><cards type="River">CJ</cards>
</round>
</game>
<game gamecode="6478044144"><general><startdate>2025-09-13 16:29:15</startdate>
<round>1</round>
<failsafecounter/>
<players><player seat="3" name="Rakki" chips="490" dealer="0" win="70" bet="105" muck="1" rebuy="0" addon="0" merge="0" rebuychips="0" reg_code="5059579548"/>
<player seat="10" name="KL99" chips="1,010" dealer="1" win="0" bet="35" muck="1" rebuy="0" addon="0" merge="0" rebuychips="0" reg_code="5059580583"/>
</players>
</general>
<round no="0"><action no="1" player="KL99" type="15" discard="1" dealt="1" sum="5"/>
<action no="2" player="Rakki" type="15" sum="5"/>
<action no="3" player="KL99" type="1" discard="1" dealt="1" sum="15"/>
<action no="4" player="Rakki" type="2" sum="30"/>
</round>
<round no="1"><cards type="Pocket" player="Rakki">HQ C8</cards>
<cards type="Pocket" player="KL99">X X</cards>
<action no="5" player="KL99" type="3" discard="1" dealt="1" sum="15"/>
<action no="6" player="Rakki" type="4" sum="0"/>
</round>
<round no="2"><cards type="Flop">SQ H7 D6</cards>
<action no="7" player="Rakki" type="4" sum="0"/>
<action no="8" player="KL99" type="4" discard="1" dealt="1" sum="0"/>
</round>
<round no="3"><cards type="Turn">D10</cards>
<action no="9" player="Rakki" type="5" sum="70"/>
<action no="10" player="KL99" type="0" discard="1" dealt="1" sum="0"/>
</round>
</game>
<game gamecode="6478044182"><general><startdate>2025-09-13 16:29:35</startdate>
<round>1</round>
<failsafecounter/>
<players><player seat="10" name="KL99" chips="975" dealer="0" win="130" bet="975" muck="1" rebuy="0" addon="0" merge="0" rebuychips="0" reg_code="5059580583"/>
<player seat="3" name="Rakki" chips="525" dealer="1" win="0" bet="65" muck="1" rebuy="0" addon="0" merge="0" rebuychips="0" reg_code="5059579548"/>
</players>
</general>
<round no="0"><action no="1" player="Rakki" type="15" sum="5"/>
<action no="2" player="KL99" type="15" discard="1" dealt="1" sum="5"/>
<action no="3" player="Rakki" type="1" sum="15"/>
<action no="4" player="KL99" type="2" discard="1" dealt="1" sum="30"/>
</round>
<round no="1"><cards type="Pocket" player="KL99">X X</cards>
<cards type="Pocket" player="Rakki">DQ SA</cards>
<action no="5" player="Rakki" type="23" sum="60"/>
<action no="6" player="KL99" type="3" discard="1" dealt="1" sum="30"/>
</round>
<round no="2"><cards type="Flop">S3 S2 H2</cards>
<action no="7" player="KL99" type="5" discard="1" dealt="1" sum="910"/>
<action no="8" player="Rakki" type="0" sum="0"/>
</round>
</game>
<game gamecode="6478044204"><general><startdate>2025-09-13 16:29:51</startdate>
<round>1</round>
<failsafecounter/>
<players><player seat="3" name="Rakki" chips="460" dealer="0" win="40" bet="35" muck="1" rebuy="0" addon="0" merge="0" rebuychips="0" reg_code="5059579548"/>
<player seat="10" name="KL99" chips="1,040" dealer="1" win="0" bet="20" muck="1" rebuy="0" addon="0" merge="0" rebuychips="0" reg_code="5059580583"/>
</players>
</general>
<round no="0"><action no="1" player="KL99" type="15" discard="1" dealt="1" sum="5"/>
<action no="2" player="Rakki" type="15" sum="5"/>
<action no="3" player="KL99" type="1" discard="1" dealt="1" sum="15"/>
<action no="4" player="Rakki" type="2" sum="30"/>
</round>
<round no="1"><cards type="Pocket" player="KL99">X X</cards>
<cards type="Pocket" player="Rakki">C9 SQ</cards>
<action no="5" player="KL99" type="0" discard="1" dealt="1" sum="0"/>
</round>
</game>
<game gamecode="6478044218"><general><startdate>2025-09-13 16:29:57</startdate>
<round>1</round>
<failsafecounter/>
<players><player seat="10" name="KL99" chips="1,020" dealer="0" win="0" bet="1,020" muck="1" rebuy="0" addon="0" merge="0" rebuychips="0" reg_code="5059580583"/>
<player seat="3" name="Rakki" chips="480" dealer="1" win="960" bet="480" muck="0" rebuy="0" addon="0" merge="0" rebuychips="0" reg_code="5059579548"/>
</players>
</general>
<round no="0"><action no="1" player="Rakki" type="15" sum="5"/>
<action no="2" player="KL99" type="15" discard="1" dealt="1" sum="5"/>
<action no="3" player="Rakki" type="1" sum="15"/>
<action no="4" player="KL99" type="2" discard="1" dealt="1" sum="30"/>
</round>
<round no="1"><cards type="Pocket" player="Rakki">D10 D9</cards>
<cards type="Pocket" player="KL99">H9 C9</cards>
<action no="5" player="Rakki" type="3" sum="15"/>
<action no="6" player="KL99" type="23" discard="1" dealt="1" sum="75"/>
<action no="7" player="Rakki" type="3" sum="45"/>
</round>
<round no="2"><cards type="Flop">D4 D6 DQ</cards>
<action no="8" player="KL99" type="5" discard="1" dealt="1" sum="940"/>
<action no="9" player="Rakki" type="7" sum="400"/>
</round>
<round no="3"><cards type="Turn">H10</cards>
</round>
<round no="4"><cards type="River">C8</cards>
</round>
</game>
<game gamecode="6478044250"><general><startdate>2025-09-13 16:30:17</startdate>
<round>1</round>
<failsafecounter/>
<players><player seat="3" name="Rakki" chips="960" dealer="0" win="50" bet="45" muck="1" rebuy="0" addon="0" merge="0" rebuychips="0" reg_code="5059579548"/>
<player seat="10" name="KL99" chips="540" dealer="1" win="0" bet="25" muck="1" rebuy="0" addon="0" merge="0" rebuychips="0" reg_code="5059580583"/>
</players>
</general>
<round no="0"><action no="1" player="KL99" type="15" discard="1" dealt="1" sum="5"/>
<action no="2" player="Rakki" type="15" sum="5"/>
<action no="3" player="KL99" type="1" discard="1" dealt="1" sum="20"/>
<action no="4" player="Rakki" type="2" sum="40"/>
</round>
<round no="1"><cards type="Pocket" player="Rakki">CA DQ</cards>
<cards type="Pocket" player="KL99">X X</cards>
<action no="5" player="KL99" type="0" discard="1" dealt="1" sum="0"/>
</round>
</game>
<game gamecode="6478051634"><general><startdate>2025-09-13 16:30:23</startdate>
<round>1</round>
<failsafecounter/>
<players><player seat="10" name="KL99" chips="515" dealer="0" win="0" bet="515" muck="0" rebuy="0" addon="0" merge="0" rebuychips="0" reg_code="5059580583"/>
<player seat="3" name="Rakki" chips="985" dealer="1" win="1,030" bet="515" muck="0" rebuy="0" addon="0" merge="0" rebuychips="0" reg_code="5059579548"/>
</players>
</general>
<round no="0"><action no="1" player="Rakki" type="15" sum="5"/>
<action no="2" player="KL99" type="15" discard="1" dealt="1" sum="5"/>
<action no="3" player="Rakki" type="1" sum="20"/>
<action no="4" player="KL99" type="2" discard="1" dealt="1" sum="40"/>
</round>
<round no="1"><cards type="Pocket" player="Rakki">SK S6</cards>
<cards type="Pocket" player="KL99">CQ H3</cards>
<action no="5" player="Rakki" type="3" sum="20"/>
<action no="6" player="KL99" type="4" discard="1" dealt="1" sum="0"/>
</round>
<round no="2"><cards type="Flop">S8 C10 SQ</cards>
<action no="7" player="KL99" type="4" discard="1" dealt="1" sum="0"/>
<action no="8" player="Rakki" type="5" sum="40"/>
<action no="9" player="KL99" type="23" discard="1" dealt="1" sum="470"/>
<action no="10" player="Rakki" type="3" sum="430"/>
</round>
<round no="3"><cards type="Turn">C9</cards>
</round>
<round no="4"><cards type="River">S10</cards>
</round>
</game>
</session>
