<?xml version="1.0" encoding="UTF-8"?>
<session sessioncode="5059366852">
<general>
<client_version>25.1.1.16</client_version>
<mode>real</mode>
<gametype>Holdem NL</gametype>
<tablename>Twister €200 SNG, 817583654</tablename>
<tournamentcode>817583653</tournamentcode>
<tournamentname>Twister €200 SNG</tournamentname>
<buyin>€0 + €12 + €188</buyin>
<totalbuyin>€200</totalbuyin>
<rewarddrawn>€400</rewarddrawn>
<tournamentcurrency>EUR</tournamentcurrency>
<currency>EUR</currency>
<nickname>Rakki</nickname>
<gamecount>15</gamecount>
<startdate>2025-09-12 15:55:44</startdate>
<place>1</place>
<win>€400</win>
<tablesize>3</tablesize>
</general>
<game gamecode="6477172089"><general><startdate>2025-09-12 15:55:59</startdate>
<round>1</round>
<failsafecounter/>
<players><player seat="6" name="L1mltless" chips="500" dealer="0" win="0" bet="20" muck="1" rebuy="0" addon="0" merge="0" rebuychips="0" reg_code="5059366866"/>
<player seat="10" name="KL99" chips="500" dealer="1" win="50" bet="50" muck="1" rebuy="0" addon="0" merge="0" rebuychips="0" reg_code="5059366875"/>
<player seat="3" name="Rakki" chips="500" dealer="0" win="0" bet="10" muck="1" rebuy="0" addon="0" merge="0" rebuychips="0" reg_code="5059366852"/>
</players>
</general>
<round no="0"><action no="1" player="Rakki" type="1" sum="10"/>
<action no="2" player="L1mltless" type="2" discard="1" dealt="1" sum="20"/>
</round>
<round no="1"><cards type="Pocket" player="Rakki">CJ H10</cards>
<cards type="Pocket" player="KL99">X X</cards>
<cards type="Pocket" player="L1mltless">X X</cards>
<action no="3" player="KL99" type="23" discard="1" dealt="1" sum="50"/>
<action no="4" player="Rakki" type="0" sum="0"/>
<action no="5" player="L1mltless" type="0" discard="1" dealt="1" sum="0"/>
</round>
</game>
<game gamecode="6477172113"><general><startdate>2025-09-12 15:56:14</startdate>
<round>1</round>
<failsafecounter/>
<players><player seat="10" name="KL99" chips="530" dealer="0" win="0" bet="20" muck="1" rebuy="0" addon="0" merge="0" rebuychips="0" reg_code="5059366875"/>
<player seat="3" name="Rakki" chips="490" dealer="1" win="0" bet="40" muck="1" rebuy="0" addon="0" merge="0" rebuychips="0" reg_code="5059366852"/>
<player seat="6" name="L1mltless" chips="480" dealer="0" win="100" bet="480" muck="1" rebuy="0" addon="0" merge="0" rebuychips="0" reg_code="5059366866"/>
</players>
</general>
<round no="0"><action no="1" player="L1mltless" type="1" discard="1" dealt="1" sum="10"/>
<action no="2" player="KL99" type="2" discard="1" dealt="1" sum="20"/>
</round>
<round no="1"><cards type="Pocket" player="L1mltless">X X</cards>
<cards type="Pocket" player="KL99">X X</cards>
<cards type="Pocket" player="Rakki">DJ D8</cards>
<action no="3" player="Rakki" type="23" sum="40"/>
<action no="4" player="L1mltless" type="23" discard="1" dealt="1" sum="480"/>
<action no="5" player="KL99" type="0" discard="1" dealt="1" sum="0"/>
<action no="6" player="Rakki" type="0" sum="0"/>
</round>
</game>
<game gamecode="6477172128"><general><startdate>2025-09-12 15:56:25</startdate>
<round>1</round>
<failsafecounter/>
<players><player seat="3" name="Rakki" chips="450" dealer="0" win="20" bet="20" muck="1" rebuy="0" addon="0" merge="0" rebuychips="0" reg_code="5059366852"/>
<player seat="6" name="L1mltless" chips="540" dealer="1" win="0" bet="0" muck="1" rebuy="0" addon="0" merge="0" rebuychips="0" reg_code="5059366866"/>
<player seat="10" name="KL99" chips="510" dealer="0" win="0" bet="10" muck="1" rebuy="0" addon="0" merge="0" rebuychips="0" reg_code="5059366875"/>
</players>
</general>
<round no="0"><action no="1" player="KL99" type="1" discard="1" dealt="1" sum="10"/>
<action no="2" player="Rakki" type="2" sum="20"/>
</round>
<round no="1"><cards type="Pocket" player="Rakki">H6 DA</cards>
<cards type="Pocket" player="KL99">X X</cards>
<cards type="Pocket" player="L1mltless">X X</cards>
<action no="3" player="L1mltless" type="0" discard="1" dealt="1" sum="0"/>
<action no="4" player="KL99" type="0" discard="1" dealt="1" sum="0"/>
</round>
</game>
<game gamecode="6477172145"><general><startdate>2025-09-12 15:56:37</startdate>
<round>1</round>
<failsafecounter/>
<players><player seat="6" name="L1mltless" chips="540" dealer="0" win="0" bet="50" muck="1" rebuy="0" addon="0" merge="0" rebuychips="0" reg_code="5059366866"/>
<player seat="10" name="KL99" chips="500" dealer="1" win="110" bet="160" muck="1" rebuy="0" addon="0" merge="0" rebuychips="0" reg_code="5059366875"/>
<player seat="3" name="Rakki" chips="460" dealer="0" win="0" bet="10" muck="1" rebuy="0" addon="0" merge="0" rebuychips="0" reg_code="5059366852"/>
</players>
</general>
<round no="0"><action no="1" player="Rakki" type="1" sum="10"/>
<action no="2" player="L1mltless" type="2" discard="1" dealt="1" sum="20"/>
</round>
<round no="1"><cards type="Pocket" player="L1mltless">X X</cards>
<cards type="Pocket" player="Rakki">C3 SJ</cards>
<cards type="Pocket" player="KL99">X X</cards>
<action no="3" player="KL99" type="23" discard="1" dealt="1" sum="50"/>
<action no="4" player="Rakki" type="0" sum="0"/>
<action no="5" player="L1mltless" type="3" discard="1" dealt="1" sum="30"/>
</round>
<round no="2"><cards type="Flop">C5 D7 S10</cards>
<action no="6" player="L1mltless" type="4" discard="1" dealt="1" sum="0"/>
<action no="7" player="KL99" type="5" discard="1" dealt="1" sum="110"/>
<action no="8" player="L1mltless" type="0" discard="1" dealt="1" sum="0"/>
</round>
</game>
<game gamecode="6477172172"><general><startdate>2025-09-12 15:56:54</startdate>
<round>1</round>
<failsafecounter/>
<players><player seat="10" name="KL99" chips="560" dealer="0" win="0" bet="20" muck="1" rebuy="0" addon="0" merge="0" rebuychips="0" reg_code="5059366875"/>
<player seat="3" name="Rakki" chips="450" dealer="1" win="50" bet="40" muck="1" rebuy="0" addon="0" merge="0" rebuychips="0" reg_code="5059366852"/>
<player seat="6" name="L1mltless" chips="490" dealer="0" win="0" bet="10" muck="1" rebuy="0" addon="0" merge="0" rebuychips="0" reg_code="5059366866"/>
</players>
</general>
<round no="0"><action no="1" player="L1mltless" type="1" discard="1" dealt="1" sum="10"/>
<action no="2" player="KL99" type="2" discard="1" dealt="1" sum="20"/>
</round>
<round no="1"><cards type="Pocket" player="L1mltless">X X</cards>
<cards type="Pocket" player="KL99">X X</cards>
<cards type="Pocket" player="Rakki">HA H10</cards>
<action no="3" player="Rakki" type="23" sum="40"/>
<action no="4" player="L1mltless" type="0" discard="1" dealt="1" sum="0"/>
<action no="5" player="KL99" type="0" discard="1" dealt="1" sum="0"/>
</round>
</game>
<game gamecode="6477172187"><general><startdate>2025-09-12 15:57:03</startdate>
<round>1</round>
<failsafecounter/>
<players><player seat="3" name="Rakki" chips="480" dealer="0" win="40" bet="60" muck="1" rebuy="0" addon="0" merge="0" rebuychips="0" reg_code="5059366852"/>
<player seat="6" name="L1mltless" chips="480" dealer="1" win="0" bet="0" muck="1" rebuy="0" addon="0" merge="0" rebuychips="0" reg_code="5059366866"/>
<player seat="10" name="KL99" chips="540" dealer="0" win="0" bet="20" muck="1" rebuy="0" addon="0" merge="0" rebuychips="0" reg_code="5059366875"/>
</players>
</general>
<round no="0"><action no="1" player="KL99" type="1" discard="1" dealt="1" sum="10"/>
<action no="2" player="Rakki" type="2" sum="20"/>
</round>
<round no="1"><cards type="Pocket" player="L1mltless">X X</cards>
<cards type="Pocket" player="Rakki">D7 C3</cards>
<cards type="Pocket" player="KL99">X X</cards>
<action no="3" player="L1mltless" type="0" discard="1" dealt="1" sum="0"/>
<action no="4" player="KL99" type="3" discard="1" dealt="1" sum="10"/>
<action no="5" player="Rakki" type="4" sum="0"/>
</round>
<round no="2"><cards type="Flop">SA H8 D3</cards>
<action no="6" player="KL99" type="4" discard="1" dealt="1" sum="0"/>
<action no="7" player="Rakki" type="4" sum="0"/>
</round>
<round no="3"><cards type="Turn">H7</cards>
<action no="8" player="KL99" type="4" discard="1" dealt="1" sum="0"/>
<action no="9" player="Rakki" type="5" sum="40"/>
<action no="10" player="KL99" type="0" discard="1" dealt="1" sum="0"/>
</round>
</game>
<game gamecode="6477172217"><general><startdate>2025-09-12 15:57:25</startdate>
<round>1</round>
<failsafecounter/>
<players><player seat="6" name="L1mltless" chips="480" dealer="0" win="0" bet="130" muck="1" rebuy="0" addon="0" merge="0" rebuychips="0" reg_code="5059366866"/>
<player seat="10" name="KL99" chips="520" dealer="1" win="270" bet="130" muck="0" rebuy="0" addon="0" merge="0" rebuychips="0" reg_code="5059366875"/>
<player seat="3" name="Rakki" chips="500" dealer="0" win="0" bet="10" muck="1" rebuy="0" addon="0" merge="0" rebuychips="0" reg_code="5059366852"/>
</players>
</general>
<round no="0"><action no="1" player="Rakki" type="1" sum="10"/>
<action no="2" player="L1mltless" type="2" discard="1" dealt="1" sum="20"/>
</round>
<round no="1"><cards type="Pocket" player="Rakki">H7 CQ</cards>
<cards type="Pocket" player="KL99">CA C6</cards>
<cards type="Pocket" player="L1mltless">HK HJ</cards>
<action no="3" player="KL99" type="23" discard="1" dealt="1" sum="40"/>
<action no="4" player="Rakki" type="0" sum="0"/>
<action no="5" player="L1mltless" type="3" discard="1" dealt="1" sum="20"/>
</round>
<round no="2"><cards type="Flop">D6 S10 SQ</cards>
<action no="6" player="L1mltless" type="4" discard="1" dealt="1" sum="0"/>
<action no="7" player="KL99" type="5" discard="1" dealt="1" sum="90"/>
<action no="8" player="L1mltless" type="3" discard="1" dealt="1" sum="90"/>
</round>
<round no="3"><cards type="Turn">H8</cards>
<action no="9" player="L1mltless" type="4" discard="1" dealt="1" sum="0"/>
<action no="10" player="KL99" type="4" discard="1" dealt="1" sum="0"/>
</round>
<round no="4"><cards type="River">HQ</cards>
<action no="11" player="L1mltless" type="4" discard="1" dealt="1" sum="0"/>
<action no="12" player="KL99" type="4" discard="1" dealt="1" sum="0"/>
</round>
</game>
<game gamecode="6477172254"><general><startdate>2025-09-12 15:57:50</startdate>
<round>1</round>
<failsafecounter/>
<players><player seat="10" name="KL99" chips="660" dealer="0" win="75" bet="101" muck="1" rebuy="0" addon="0" merge="0" rebuychips="0" reg_code="5059366875"/>
<player seat="3" name="Rakki" chips="490" dealer="1" win="0" bet="5" muck="1" rebuy="0" addon="0" merge="0" rebuychips="0" reg_code="5059366852"/>
<player seat="6" name="L1mltless" chips="350" dealer="0" win="0" bet="35" muck="1" rebuy="0" addon="0" merge="0" rebuychips="0" reg_code="5059366866"/>
</players>
</general>
<round no="0"><action no="1" player="L1mltless" type="15" discard="1" dealt="1" sum="5"/>
<action no="2" player="KL99" type="15" discard="1" dealt="1" sum="5"/>
<action no="3" player="Rakki" type="15" sum="5"/>
<action no="4" player="L1mltless" type="1" discard="1" dealt="1" sum="15"/>
<action no="5" player="KL99" type="2" discard="1" dealt="1" sum="30"/>
</round>
<round no="1"><cards type="Pocket" player="L1mltless">X X</cards>
<cards type="Pocket" player="KL99">X X</cards>
<cards type="Pocket" player="Rakki">C2 C9</cards>
<action no="6" player="Rakki" type="0" sum="0"/>
<action no="7" player="L1mltless" type="3" discard="1" dealt="1" sum="15"/>
<action no="8" player="KL99" type="4" discard="1" dealt="1" sum="0"/>
</round>
<round no="2"><cards type="Flop">H2 D7 D5</cards>
<action no="9" player="L1mltless" type="4" discard="1" dealt="1" sum="0"/>
<action no="10" player="KL99" type="4" discard="1" dealt="1" sum="0"/>
</round>
<round no="3"><cards type="Turn">HK</cards>
<action no="11" player="L1mltless" type="4" discard="1" dealt="1" sum="0"/>
<action no="12" player="KL99" type="5" discard="1" dealt="1" sum="66"/>
<action no="13" player="L1mltless" type="0" discard="1" dealt="1" sum="0"/>
</round>
</game>
<game gamecode="6477172285"><general><startdate>2025-09-12 15:58:12</startdate>
<round>1</round>
<failsafecounter/>
<players><player seat="3" name="Rakki" chips="485" dealer="0" win="0" bet="35" muck="1" rebuy="0" addon="0" merge="0" rebuychips="0" reg_code="5059366852"/>
<player seat="6" name="L1mltless" chips="315" dealer="1" win="90" bet="315" muck="1" rebuy="0" addon="0" merge="0" rebuychips="0" reg_code="5059366866"/>
<player seat="10" name="KL99" chips="700" dealer="0" win="0" bet="20" muck="1" rebuy="0" addon="0" merge="0" rebuychips="0" reg_code="5059366875"/>
</players>
</general>
<round no="0"><action no="1" player="KL99" type="15" discard="1" dealt="1" sum="5"/>
<action no="2" player="Rakki" type="15" sum="5"/>
<action no="3" player="L1mltless" type="15" discard="1" dealt="1" sum="5"/>
<action no="4" player="KL99" type="1" discard="1" dealt="1" sum="15"/>
<action no="5" player="Rakki" type="2" sum="30"/>
</round>
<round no="1"><cards type="Pocket" player="Rakki">DK H6</cards>
<cards type="Pocket" player="L1mltless">X X</cards>
<cards type="Pocket" player="KL99">X X</cards>
<action no="6" player="L1mltless" type="23" discard="1" dealt="1" sum="310"/>
<action no="7" player="KL99" type="0" discard="1" dealt="1" sum="0"/>
<action no="8" player="Rakki" type="0" sum="0"/>
</round>
</game>
<game gamecode="6477172298"><general><startdate>2025-09-12 15:58:21</startdate>
<round>1</round>
<failsafecounter/>
<players><player seat="6" name="L1mltless" chips="370" dealer="0" win="0" bet="35" muck="1" rebuy="0" addon="0" merge="0" rebuychips="0" reg_code="5059366866"/>
<player seat="10" name="KL99" chips="680" dealer="1" win="0" bet="5" muck="1" rebuy="0" addon="0" merge="0" rebuychips="0" reg_code="5059366875"/>
<player seat="3" name="Rakki" chips="450" dealer="0" win="75" bet="450" muck="1" rebuy="0" addon="0" merge="0" rebuychips="0" reg_code="5059366852"/>
</players>
</general>
<round no="0"><action no="1" player="Rakki" type="15" sum="5"/>
<action no="2" player="L1mltless" type="15" discard="1" dealt="1" sum="5"/>
<action no="3" player="KL99" type="15" discard="1" dealt="1" sum="5"/>
<action no="4" player="Rakki" type="1" sum="15"/>
<action no="5" player="L1mltless" type="2" discard="1" dealt="1" sum="30"/>
</round>
<round no="1"><cards type="Pocket" player="Rakki">C5 CA</cards>
<cards type="Pocket" player="L1mltless">X X</cards>
<cards type="Pocket" player="KL99">X X</cards>
<action no="6" player="KL99" type="0" discard="1" dealt="1" sum="0"/>
<action no="7" player="Rakki" type="23" sum="445"/>
<action no="8" player="L1mltless" type="0" discard="1" dealt="1" sum="0"/>
</round>
</game>
<game gamecode="6477172311"><general><startdate>2025-09-12 15:58:30</startdate>
<round>1</round>
<failsafecounter/>
<players><player seat="10" name="KL99" chips="675" dealer="0" win="0" bet="35" muck="1" rebuy="0" addon="0" merge="0" rebuychips="0" reg_code="5059366875"/>
<player seat="3" name="Rakki" chips="490" dealer="1" win="705" bet="490" muck="0" rebuy="0" addon="0" merge="0" rebuychips="0" reg_code="5059366852"/>
<player seat="6" name="L1mltless" chips="335" dealer="0" win="0" bet="335" muck="1" rebuy="0" addon="0" merge="0" rebuychips="0" reg_code="5059366866"/>
</players>
</general>
<round no="0"><action no="1" player="L1mltless" type="15" discard="1" dealt="1" sum="5"/>
<action no="2" player="KL99" type="15" discard="1" dealt="1" sum="5"/>
<action no="3" player="Rakki" type="15" sum="5"/>
<action no="4" player="L1mltless" type="1" discard="1" dealt="1" sum="15"/>
<action no="5" player="KL99" type="2" discard="1" dealt="1" sum="30"/>
</round>
<round no="1"><cards type="Pocket" player="KL99">X X</cards>
<cards type="Pocket" player="L1mltless">CA D9</cards>
<cards type="Pocket" player="Rakki">SA HQ</cards>
<action no="6" player="Rakki" type="23" sum="485"/>
<action no="7" player="L1mltless" type="7" discard="1" dealt="1" sum="315"/>
<action no="8" player="KL99" type="0" discard="1" dealt="1" sum="0"/>
</round>
<round no="2"><cards type="Flop">C3 DJ C2</cards>
</round>
<round no="3"><cards type="Turn">HK</cards>
</round>
<round no="4"><cards type="River">S3</cards>
</round>
</game>
<game gamecode="6477172336"><general><startdate>2025-09-12 15:58:49</startdate>
<round>1</round>
<failsafecounter/>
<players><player seat="3" name="Rakki" chips="860" dealer="0" win="40" bet="35" muck="1" rebuy="0" addon="0" merge="0" rebuychips="0" reg_code="5059366852"/>
<player seat="10" name="KL99" chips="640" dealer="1" win="0" bet="20" muck="1" rebuy="0" addon="0" merge="0" rebuychips="0" reg_code="5059366875"/>
</players>
</general>
<round no="0"><action no="1" player="KL99" type="15" discard="1" dealt="1" sum="5"/>
<action no="2" player="Rakki" type="15" sum="5"/>
<action no="3" player="KL99" type="1" discard="1" dealt="1" sum="15"/>
<action no="4" player="Rakki" type="2" sum="30"/>
</round>
<round no="1"><cards type="Pocket" player="KL99">X X</cards>
<cards type="Pocket" player="Rakki">S10 SA</cards>
<action no="5" player="KL99" type="0" discard="1" dealt="1" sum="0"/>
</round>
</game>
<game gamecode="6477172347"><general><startdate>2025-09-12 15:58:55</startdate>
<round>1</round>
<failsafecounter/>
<players><player seat="10" name="KL99" chips="620" dealer="0" win="0" bet="195" muck="1" rebuy="0" addon="0" merge="0" rebuychips="0" reg_code="5059366875"/>
<player seat="3" name="Rakki" chips="880" dealer="1" win="390" bet="195" muck="0" rebuy="0" addon="0" merge="0" rebuychips="0" reg_code="5059366852"/>
</players>
</general>
<round no="0"><action no="1" player="Rakki" type="15" sum="5"/>
<action no="2" player="KL99" type="15" discard="1" dealt="1" sum="5"/>
<action no="3" player="Rakki" type="1" sum="15"/>
<action no="4" player="KL99" type="2" discard="1" dealt="1" sum="30"/>
</round>
<round no="1"><cards type="Pocket" player="KL99">S7 D4</cards>
<cards type="Pocket" player="Rakki">S4 D10</cards>
<action no="5" player="Rakki" type="3" sum="15"/>
<action no="6" player="KL99" type="4" discard="1" dealt="1" sum="0"/>
</round>
<round no="2"><cards type="Flop">D2 D8 D5</cards>
<action no="7" player="KL99" type="4" discard="1" dealt="1" sum="0"/>
<action no="8" player="Rakki" type="5" sum="30"/>
<action no="9" player="KL99" type="3" discard="1" dealt="1" sum="30"/>
</round>
<round no="3"><cards type="Turn">H3</cards>
<action no="10" player="KL99" type="4" discard="1" dealt="1" sum="0"/>
<action no="11" player="Rakki" type="5" sum="130"/>
<action no="12" player="KL99" type="3" discard="1" dealt="1" sum="130"/>
</round>
<round no="4"><cards type="River">SJ</cards>
<action no="13" player="KL99" type="4" discard="1" dealt="1" sum="0"/>
<action no="14" player="Rakki" type="4" sum="0"/>
</round>
</game>
<game gamecode="6477172385"><general><startdate>2025-09-12 15:59:20</startdate>
<round>1</round>
<failsafecounter/>
<players><player seat="3" name="Rakki" chips="1,075" dealer="0" win="0" bet="45" muck="1" rebuy="0" addon="0" merge="0" rebuychips="0" reg_code="5059366852"/>
<player seat="10" name="KL99" chips="425" dealer="1" win="90" bet="85" muck="1" rebuy="0" addon="0" merge="0" rebuychips="0" reg_code="5059366875"/>
</players>
</general>
<round no="0"><action no="1" player="KL99" type="15" discard="1" dealt="1" sum="5"/>
<action no="2" player="Rakki" type="15" sum="5"/>
<action no="3" player="KL99" type="1" discard="1" dealt="1" sum="20"/>
<action no="4" player="Rakki" type="2" sum="40"/>
</round>
<round no="1"><cards type="Pocket" player="KL99">X X</cards>
<cards type="Pocket" player="Rakki">D3 C6</cards>
<action no="5" player="KL99" type="23" discard="1" dealt="1" sum="80"/>
<action no="6" player="Rakki" type="0" sum="0"/>
</round>
</game>
<game gamecode="6477172396"><general><startdate>2025-09-12 15:59:28</startdate>
<round>1</round>
<failsafecounter/>
<players><player seat="10" name="KL99" chips="470" dealer="0" win="0" bet="470" muck="1" rebuy="0" addon="0" merge="0" rebuychips="0" reg_code="5059366875"/>
<player seat="3" name="Rakki" chips="1,030" dealer="1" win="940" bet="1,030" muck="0" rebuy="0" addon="0" merge="0" rebuychips="0" reg_code="5059366852"/>
</players>
</general>
<round no="0"><action no="1" player="Rakki" type="15" sum="5"/>
<action no="2" player="KL99" type="15" discard="1" dealt="1" sum="5"/>
<action no="3" player="Rakki" type="1" sum="20"/>
<action no="4" player="KL99" type="2" discard="1" dealt="1" sum="40"/>
</round>
<round no="1"><cards type="Pocket" player="KL99">SA H4</cards>
<cards type="Pocket" player="Rakki">CK HA</cards>
<action no="5" player="Rakki" type="23" sum="1,025"/>
<action no="6" player="KL99" type="7" discard="1" dealt="1" sum="425"/>
</round>
<round no="2"><cards type="Flop">HK C3 SK</cards>
</round>
<round no="3"><cards type="Turn">DJ</cards>
</round>
<round no="4"><cards type="River">CA</cards>
</round>
</game>
</session>
