<?xml version="1.0" encoding="UTF-8"?>
<session sessioncode="5059364979">
<general>
<client_version>25.1.1.16</client_version>
<mode>real</mode>
<gametype>Holdem NL</gametype>
<tablename>Twister €200 SNG, 817582995</tablename>
<tournamentcode>817582994</tournamentcode>
<tournamentname>Twister €200 SNG</tournamentname>
<buyin>€0 + €12 + €188</buyin>
<totalbuyin>€200</totalbuyin>
<rewarddrawn>€600</rewarddrawn>
<tournamentcurrency>EUR</tournamentcurrency>
<currency>EUR</currency>
<nickname>Rakki</nickname>
<gamecount>21</gamecount>
<startdate>2025-09-12 15:45:20</startdate>
<place>2</place>
<win>€0</win>
<tablesize>3</tablesize>
</general>
<game gamecode="6477164195"><general><startdate>2025-09-12 15:45:36</startdate>
<round>1</round>
<failsafecounter/>
<players><player seat="6" name="KL99" chips="500" dealer="0" win="0" bet="20" muck="1" rebuy="0" addon="0" merge="0" rebuychips="0" reg_code="5059364216"/>
<player seat="10" name="Rakki" chips="500" dealer="1" win="0" bet="0" muck="1" rebuy="0" addon="0" merge="0" rebuychips="0" reg_code="5059364979"/>
<player seat="3" name="L1mltless" chips="500" dealer="0" win="40" bet="50" muck="1" rebuy="0" addon="0" merge="0" rebuychips="0" reg_code="5059364169"/>
</players>
</general>
<round no="0"><action no="1" player="L1mltless" type="1" discard="1" dealt="1" sum="10"/>
<action no="2" player="KL99" type="2" discard="1" dealt="1" sum="20"/>
</round>
<round no="1"><cards type="Pocket" player="KL99">X X</cards>
<cards type="Pocket" player="Rakki">S3 CK</cards>
<cards type="Pocket" player="L1mltless">X X</cards>
<action no="3" player="Rakki" type="0" sum="0"/>
<action no="4" player="L1mltless" type="23" discard="1" dealt="1" sum="50"/>
<action no="5" player="KL99" type="0" discard="1" dealt="1" sum="0"/>
</round>
</game>
<game gamecode="6477164224"><general><startdate>2025-09-12 15:45:48</startdate>
<round>1</round>
<failsafecounter/>
<players><player seat="10" name="Rakki" chips="500" dealer="0" win="0" bet="20" muck="1" rebuy="0" addon="0" merge="0" rebuychips="0" reg_code="5059364979"/>
<player seat="3" name="L1mltless" chips="520" dealer="1" win="0" bet="0" muck="1" rebuy="0" addon="0" merge="0" rebuychips="0" reg_code="5059364169"/>
<player seat="6" name="KL99" chips="480" dealer="0" win="40" bet="40" muck="1" rebuy="0" addon="0" merge="0" rebuychips="0" reg_code="5059364216"/>
</players>
</general>
<round no="0"><action no="1" player="KL99" type="1" discard="1" dealt="1" sum="10"/>
<action no="2" player="Rakki" type="2" sum="20"/>
</round>
<round no="1"><cards type="Pocket" player="Rakki">DK H6</cards>
<cards type="Pocket" player="L1mltless">X X</cards>
<cards type="Pocket" player="KL99">X X</cards>
<action no="3" player="L1mltless" type="0" discard="1" dealt="1" sum="0"/>
<action no="4" player="KL99" type="3" discard="1" dealt="1" sum="10"/>
<action no="5" player="Rakki" type="4" sum="0"/>
</round>
<round no="2"><cards type="Flop">D9 C4 C8</cards>
<action no="6" player="KL99" type="4" discard="1" dealt="1" sum="0"/>
<action no="7" player="Rakki" type="4" sum="0"/>
</round>
<round no="3"><cards type="Turn">C5</cards>
<action no="8" player="KL99" type="5" discard="1" dealt="1" sum="20"/>
<action no="9" player="Rakki" type="0" sum="0"/>
</round>
</game>
<game gamecode="6477164263"><general><startdate>2025-09-12 15:46:09</startdate>
<round>1</round>
<failsafecounter/>
<players><player seat="3" name="L1mltless" chips="520" dealer="0" win="20" bet="20" muck="1" rebuy="0" addon="0" merge="0" rebuychips="0" reg_code="5059364169"/>
<player seat="6" name="KL99" chips="500" dealer="1" win="0" bet="0" muck="1" rebuy="0" addon="0" merge="0" rebuychips="0" reg_code="5059364216"/>
<player seat="10" name="Rakki" chips="480" dealer="0" win="0" bet="10" muck="1" rebuy="0" addon="0" merge="0" rebuychips="0" reg_code="5059364979"/>
</players>
</general>
<round no="0"><action no="1" player="Rakki" type="1" sum="10"/>
<action no="2" player="L1mltless" type="2" discard="1" dealt="1" sum="20"/>
</round>
<round no="1"><cards type="Pocket" player="KL99">X X</cards>
<cards type="Pocket" player="L1mltless">X X</cards>
<cards type="Pocket" player="Rakki">H7 C4</cards>
<action no="3" player="KL99" type="0" discard="1" dealt="1" sum="0"/>
<action no="4" player="Rakki" type="0" sum="0"/>
</round>
</game>
<game gamecode="6477164280"><general><startdate>2025-09-12 15:46:18</startdate>
<round>1</round>
<failsafecounter/>
<players><player seat="6" name="KL99" chips="500" dealer="0" win="0" bet="20" muck="1" rebuy="0" addon="0" merge="0" rebuychips="0" reg_code="5059364216"/>
<player seat="10" name="Rakki" chips="470" dealer="1" win="0" bet="0" muck="1" rebuy="0" addon="0" merge="0" rebuychips="0" reg_code="5059364979"/>
<player seat="3" name="L1mltless" chips="530" dealer="0" win="40" bet="50" muck="1" rebuy="0" addon="0" merge="0" rebuychips="0" reg_code="5059364169"/>
</players>
</general>
<round no="0"><action no="1" player="L1mltless" type="1" discard="1" dealt="1" sum="10"/>
<action no="2" player="KL99" type="2" discard="1" dealt="1" sum="20"/>
</round>
<round no="1"><cards type="Pocket" player="KL99">X X</cards>
<cards type="Pocket" player="L1mltless">X X</cards>
<cards type="Pocket" player="Rakki">D4 C7</cards>
<action no="3" player="Rakki" type="0" sum="0"/>
<action no="4" player="L1mltless" type="23" discard="1" dealt="1" sum="50"/>
<action no="5" player="KL99" type="0" discard="1" dealt="1" sum="0"/>
</round>
</game>
<game gamecode="6477164300"><general><startdate>2025-09-12 15:46:30</startdate>
<round>1</round>
<failsafecounter/>
<players><player seat="10" name="Rakki" chips="470" dealer="0" win="20" bet="20" muck="1" rebuy="0" addon="0" merge="0" rebuychips="0" reg_code="5059364979"/>
<player seat="3" name="L1mltless" chips="550" dealer="1" win="0" bet="0" muck="1" rebuy="0" addon="0" merge="0" rebuychips="0" reg_code="5059364169"/>
<player seat="6" name="KL99" chips="480" dealer="0" win="0" bet="10" muck="1" rebuy="0" addon="0" merge="0" rebuychips="0" reg_code="5059364216"/>
</players>
</general>
<round no="0"><action no="1" player="KL99" type="1" discard="1" dealt="1" sum="10"/>
<action no="2" player="Rakki" type="2" sum="20"/>
</round>
<round no="1"><cards type="Pocket" player="L1mltless">X X</cards>
<cards type="Pocket" player="KL99">X X</cards>
<cards type="Pocket" player="Rakki">H4 S8</cards>
<action no="3" player="L1mltless" type="0" discard="1" dealt="1" sum="0"/>
<action no="4" player="KL99" type="0" discard="1" dealt="1" sum="0"/>
</round>
</game>
<game gamecode="6477164311"><general><startdate>2025-09-12 15:46:36</startdate>
<round>1</round>
<failsafecounter/>
<players><player seat="3" name="L1mltless" chips="550" dealer="0" win="120" bet="550" muck="1" rebuy="0" addon="0" merge="0" rebuychips="0" reg_code="5059364169"/>
<player seat="6" name="KL99" chips="470" dealer="1" win="0" bet="0" muck="1" rebuy="0" addon="0" merge="0" rebuychips="0" reg_code="5059364216"/>
<player seat="10" name="Rakki" chips="480" dealer="0" win="0" bet="60" muck="1" rebuy="0" addon="0" merge="0" rebuychips="0" reg_code="5059364979"/>
</players>
</general>
<round no="0"><action no="1" player="Rakki" type="1" sum="10"/>
<action no="2" player="L1mltless" type="2" discard="1" dealt="1" sum="20"/>
</round>
<round no="1"><cards type="Pocket" player="Rakki">DK H9</cards>
<cards type="Pocket" player="KL99">X X</cards>
<cards type="Pocket" player="L1mltless">X X</cards>
<action no="3" player="KL99" type="0" discard="1" dealt="1" sum="0"/>
<action no="4" player="Rakki" type="23" sum="60"/>
<action no="5" player="L1mltless" type="23" discard="1" dealt="1" sum="550"/>
<action no="6" player="Rakki" type="0" sum="0"/>
</round>
</game>
<game gamecode="6477164356"><general><startdate>2025-09-12 15:47:10</startdate>
<round>1</round>
<failsafecounter/>
<players><player seat="6" name="KL99" chips="470" dealer="0" win="0" bet="20" muck="1" rebuy="0" addon="0" merge="0" rebuychips="0" reg_code="5059364216"/>
<player seat="10" name="Rakki" chips="420" dealer="1" win="0" bet="0" muck="1" rebuy="0" addon="0" merge="0" rebuychips="0" reg_code="5059364979"/>
<player seat="3" name="L1mltless" chips="610" dealer="0" win="40" bet="40" muck="1" rebuy="0" addon="0" merge="0" rebuychips="0" reg_code="5059364169"/>
</players>
</general>
<round no="0"><action no="1" player="L1mltless" type="1" discard="1" dealt="1" sum="10"/>
<action no="2" player="KL99" type="2" discard="1" dealt="1" sum="20"/>
</round>
<round no="1"><cards type="Pocket" player="Rakki">SQ H4</cards>
<cards type="Pocket" player="L1mltless">X X</cards>
<cards type="Pocket" player="KL99">X X</cards>
<action no="3" player="Rakki" type="0" sum="0"/>
<action no="4" player="L1mltless" type="3" discard="1" dealt="1" sum="10"/>
<action no="5" player="KL99" type="4" discard="1" dealt="1" sum="0"/>
</round>
<round no="2"><cards type="Flop">H2 CQ DK</cards>
<action no="6" player="L1mltless" type="5" discard="1" dealt="1" sum="20"/>
<action no="7" player="KL99" type="0" discard="1" dealt="1" sum="0"/>
</round>
</game>
<game gamecode="6477164372"><general><startdate>2025-09-12 15:47:22</startdate>
<round>1</round>
<failsafecounter/>
<players><player seat="10" name="Rakki" chips="420" dealer="0" win="860" bet="420" muck="0" rebuy="0" addon="0" merge="0" rebuychips="0" reg_code="5059364979"/>
<player seat="3" name="L1mltless" chips="630" dealer="1" win="0" bet="630" muck="1" rebuy="0" addon="0" merge="0" rebuychips="0" reg_code="5059364169"/>
<player seat="6" name="KL99" chips="450" dealer="0" win="0" bet="20" muck="1" rebuy="0" addon="0" merge="0" rebuychips="0" reg_code="5059364216"/>
</players>
</general>
<round no="0"><action no="1" player="KL99" type="15" discard="1" dealt="1" sum="5"/>
<action no="2" player="Rakki" type="15" sum="5"/>
<action no="3" player="L1mltless" type="15" discard="1" dealt="1" sum="5"/>
<action no="4" player="KL99" type="1" discard="1" dealt="1" sum="15"/>
<action no="5" player="Rakki" type="2" sum="30"/>
</round>
<round no="1"><cards type="Pocket" player="Rakki">H6 HA</cards>
<cards type="Pocket" player="L1mltless">H9 H8</cards>
<cards type="Pocket" player="KL99">X X</cards>
<action no="6" player="L1mltless" type="23" discard="1" dealt="1" sum="625"/>
<action no="7" player="KL99" type="0" discard="1" dealt="1" sum="0"/>
<action no="8" player="Rakki" type="7" sum="385"/>
</round>
<round no="2"><cards type="Flop">D9 CA C2</cards>
</round>
<round no="3"><cards type="Turn">D6</cards>
</round>
<round no="4"><cards type="River">SK</cards>
</round>
</game>
<game gamecode="6477164402"><general><startdate>2025-09-12 15:47:44</startdate>
<round>1</round>
<failsafecounter/>
<players><player seat="3" name="L1mltless" chips="210" dealer="0" win="0" bet="35" muck="1" rebuy="0" addon="0" merge="0" rebuychips="0" reg_code="5059364169"/>
<player seat="6" name="KL99" chips="430" dealer="1" win="105" bet="65" muck="1" rebuy="0" addon="0" merge="0" rebuychips="0" reg_code="5059364216"/>
<player seat="10" name="Rakki" chips="860" dealer="0" win="0" bet="35" muck="1" rebuy="0" addon="0" merge="0" rebuychips="0" reg_code="5059364979"/>
</players>
</general>
<round no="0"><action no="1" player="Rakki" type="15" sum="5"/>
<action no="2" player="L1mltless" type="15" discard="1" dealt="1" sum="5"/>
<action no="3" player="KL99" type="15" discard="1" dealt="1" sum="5"/>
<action no="4" player="Rakki" type="1" sum="15"/>
<action no="5" player="L1mltless" type="2" discard="1" dealt="1" sum="30"/>
</round>
<round no="1"><cards type="Pocket" player="KL99">X X</cards>
<cards type="Pocket" player="L1mltless">X X</cards>
<cards type="Pocket" player="Rakki">C9 SQ</cards>
<action no="6" player="KL99" type="3" discard="1" dealt="1" sum="30"/>
<action no="7" player="Rakki" type="3" sum="15"/>
<action no="8" player="L1mltless" type="4" discard="1" dealt="1" sum="0"/>
</round>
<round no="2"><cards type="Flop">SJ H7 CA</cards>
<action no="9" player="Rakki" type="4" sum="0"/>
<action no="10" player="L1mltless" type="4" discard="1" dealt="1" sum="0"/>
<action no="11" player="KL99" type="5" discard="1" dealt="1" sum="30"/>
<action no="12" player="Rakki" type="0" sum="0"/>
<action no="13" player="L1mltless" type="0" discard="1" dealt="1" sum="0"/>
</round>
</game>
<game gamecode="6477164457"><general><startdate>2025-09-12 15:48:18</startdate>
<round>1</round>
<failsafecounter/>
<players><player seat="6" name="KL99" chips="500" dealer="0" win="177" bet="175" muck="0" rebuy="0" addon="0" merge="0" rebuychips="0" reg_code="5059364216"/>
<player seat="10" name="Rakki" chips="825" dealer="1" win="0" bet="5" muck="1" rebuy="0" addon="0" merge="0" rebuychips="0" reg_code="5059364979"/>
<player seat="3" name="L1mltless" chips="175" dealer="0" win="178" bet="175" muck="0" rebuy="0" addon="0" merge="0" rebuychips="0" reg_code="5059364169"/>
</players>
</general>
<round no="0"><action no="1" player="L1mltless" type="15" discard="1" dealt="1" sum="5"/>
<action no="2" player="KL99" type="15" discard="1" dealt="1" sum="5"/>
<action no="3" player="Rakki" type="15" sum="5"/>
<action no="4" player="L1mltless" type="1" discard="1" dealt="1" sum="15"/>
<action no="5" player="KL99" type="2" discard="1" dealt="1" sum="30"/>
</round>
<round no="1"><cards type="Pocket" player="Rakki">H7 H3</cards>
<cards type="Pocket" player="L1mltless">CA S2</cards>
<cards type="Pocket" player="KL99">H2 SA</cards>
<action no="6" player="Rakki" type="0" sum="0"/>
<action no="7" player="L1mltless" type="23" discard="1" dealt="1" sum="170"/>
<action no="8" player="KL99" type="3" discard="1" dealt="1" sum="140"/>
</round>
<round no="2"><cards type="Flop">DK C3 C8</cards>
</round>
<round no="3"><cards type="Turn">D9</cards>
</round>
<round no="4"><cards type="River">S10</cards>
</round>
</game>
<game gamecode="6477164484"><general><startdate>2025-09-12 15:48:36</startdate>
<round>1</round>
<failsafecounter/>
<players><player seat="10" name="Rakki" chips="820" dealer="0" win="45" bet="35" muck="1" rebuy="0" addon="0" merge="0" rebuychips="0" reg_code="5059364979"/>
<player seat="3" name="L1mltless" chips="178" dealer="1" win="0" bet="5" muck="1" rebuy="0" addon="0" merge="0" rebuychips="0" reg_code="5059364169"/>
<player seat="6" name="KL99" chips="502" dealer="0" win="0" bet="20" muck="1" rebuy="0" addon="0" merge="0" rebuychips="0" reg_code="5059364216"/>
</players>
</general>
<round no="0"><action no="1" player="KL99" type="15" discard="1" dealt="1" sum="5"/>
<action no="2" player="Rakki" type="15" sum="5"/>
<action no="3" player="L1mltless" type="15" discard="1" dealt="1" sum="5"/>
<action no="4" player="KL99" type="1" discard="1" dealt="1" sum="15"/>
<action no="5" player="Rakki" type="2" sum="30"/>
</round>
<round no="1"><cards type="Pocket" player="L1mltless">X X</cards>
<cards type="Pocket" player="KL99">X X</cards>
<cards type="Pocket" player="Rakki">C8 CK</cards>
<action no="6" player="L1mltless" type="0" discard="1" dealt="1" sum="0"/>
<action no="7" player="KL99" type="0" discard="1" dealt="1" sum="0"/>
</round>
</game>
<game gamecode="6477164501"><general><startdate>2025-09-12 15:48:43</startdate>
<round>1</round>
<failsafecounter/>
<players><player seat="3" name="L1mltless" chips="173" dealer="0" win="351" bet="173" muck="0" rebuy="0" addon="0" merge="0" rebuychips="0" reg_code="5059364169"/>
<player seat="6" name="KL99" chips="482" dealer="1" win="0" bet="5" muck="1" rebuy="0" addon="0" merge="0" rebuychips="0" reg_code="5059364216"/>
<player seat="10" name="Rakki" chips="845" dealer="0" win="0" bet="845" muck="1" rebuy="0" addon="0" merge="0" rebuychips="0" reg_code="5059364979"/>
</players>
</general>
<round no="0"><action no="1" player="Rakki" type="15" sum="5"/>
<action no="2" player="L1mltless" type="15" discard="1" dealt="1" sum="5"/>
<action no="3" player="KL99" type="15" discard="1" dealt="1" sum="5"/>
<action no="4" player="Rakki" type="1" sum="15"/>
<action no="5" player="L1mltless" type="2" discard="1" dealt="1" sum="30"/>
</round>
<round no="1"><cards type="Pocket" player="KL99">X X</cards>
<cards type="Pocket" player="L1mltless">H7 CA</cards>
<cards type="Pocket" player="Rakki">DK SJ</cards>
<action no="6" player="KL99" type="0" discard="1" dealt="1" sum="0"/>
<action no="7" player="Rakki" type="23" sum="840"/>
<action no="8" player="L1mltless" type="7" discard="1" dealt="1" sum="138"/>
</round>
<round no="2"><cards type="Flop">S4 HK SA</cards>
</round>
<round no="3"><cards type="Turn">H10</cards>
</round>
<round no="4"><cards type="River">S9</cards>
</round>
</game>
<game gamecode="6477164547"><general><startdate>2025-09-12 15:49:11</startdate>
<round>1</round>
<failsafecounter/>
<players><player seat="6" name="KL99" chips="477" dealer="0" win="0" bet="45" muck="1" rebuy="0" addon="0" merge="0" rebuychips="0" reg_code="5059364216"/>
<player seat="10" name="Rakki" chips="672" dealer="1" win="747" bet="672" muck="0" rebuy="0" addon="0" merge="0" rebuychips="0" reg_code="5059364979"/>
<player seat="3" name="L1mltless" chips="351" dealer="0" win="0" bet="351" muck="1" rebuy="0" addon="0" merge="0" rebuychips="0" reg_code="5059364169"/>
</players>
</general>
<round no="0"><action no="1" player="L1mltless" type="15" discard="1" dealt="1" sum="5"/>
<action no="2" player="KL99" type="15" discard="1" dealt="1" sum="5"/>
<action no="3" player="Rakki" type="15" sum="5"/>
<action no="4" player="L1mltless" type="1" discard="1" dealt="1" sum="20"/>
<action no="5" player="KL99" type="2" discard="1" dealt="1" sum="40"/>
</round>
<round no="1"><cards type="Pocket" player="L1mltless">DA S7</cards>
<cards type="Pocket" player="Rakki">H10 HJ</cards>
<cards type="Pocket" player="KL99">X X</cards>
<action no="6" player="Rakki" type="23" sum="667"/>
<action no="7" player="L1mltless" type="7" discard="1" dealt="1" sum="326"/>
<action no="8" player="KL99" type="0" discard="1" dealt="1" sum="0"/>
</round>
<round no="2"><cards type="Flop">S9 H3 SJ</cards>
</round>
<round no="3"><cards type="Turn">D2</cards>
</round>
<round no="4"><cards type="River">D9</cards>
</round>
</game>
<game gamecode="6477164579"><general><startdate>2025-09-12 15:49:30</startdate>
<round>1</round>
<failsafecounter/>
<players><player seat="10" name="Rakki" chips="1,068" dealer="0" win="50" bet="45" muck="1" rebuy="0" addon="0" merge="0" rebuychips="0" reg_code="5059364979"/>
<player seat="6" name="KL99" chips="432" dealer="1" win="0" bet="25" muck="1" rebuy="0" addon="0" merge="0" rebuychips="0" reg_code="5059364216"/>
</players>
</general>
<round no="0"><action no="1" player="KL99" type="15" discard="1" dealt="1" sum="5"/>
<action no="2" player="Rakki" type="15" sum="5"/>
<action no="3" player="KL99" type="1" discard="1" dealt="1" sum="20"/>
<action no="4" player="Rakki" type="2" sum="40"/>
</round>
<round no="1"><cards type="Pocket" player="KL99">X X</cards>
<cards type="Pocket" player="Rakki">H9 CQ</cards>
<action no="5" player="KL99" type="0" discard="1" dealt="1" sum="0"/>
</round>
</game>
<game gamecode="6477164592"><general><startdate>2025-09-12 15:49:37</startdate>
<round>1</round>
<failsafecounter/>
<players><player seat="6" name="KL99" chips="407" dealer="0" win="0" bet="45" muck="1" rebuy="0" addon="0" merge="0" rebuychips="0" reg_code="5059364216"/>
<player seat="10" name="Rakki" chips="1,093" dealer="1" win="90" bet="1,093" muck="1" rebuy="0" addon="0" merge="0" rebuychips="0" reg_code="5059364979"/>
</players>
</general>
<round no="0"><action no="1" player="Rakki" type="15" sum="5"/>
<action no="2" player="KL99" type="15" discard="1" dealt="1" sum="5"/>
<action no="3" player="Rakki" type="1" sum="20"/>
<action no="4" player="KL99" type="2" discard="1" dealt="1" sum="40"/>
</round>
<round no="1"><cards type="Pocket" player="Rakki">S10 CJ</cards>
<cards type="Pocket" player="KL99">X X</cards>
<action no="5" player="Rakki" type="23" sum="1,088"/>
<action no="6" player="KL99" type="0" discard="1" dealt="1" sum="0"/>
</round>
</game>
<game gamecode="6477164618"><general><startdate>2025-09-12 15:49:49</startdate>
<round>1</round>
<failsafecounter/>
<players><player seat="10" name="Rakki" chips="1,138" dealer="0" win="0" bet="45" muck="1" rebuy="0" addon="0" merge="0" rebuychips="0" reg_code="5059364979"/>
<player seat="6" name="KL99" chips="362" dealer="1" win="90" bet="362" muck="1" rebuy="0" addon="0" merge="0" rebuychips="0" reg_code="5059364216"/>
</players>
</general>
<round no="0"><action no="1" player="KL99" type="15" discard="1" dealt="1" sum="5"/>
<action no="2" player="Rakki" type="15" sum="5"/>
<action no="3" player="KL99" type="1" discard="1" dealt="1" sum="20"/>
<action no="4" player="Rakki" type="2" sum="40"/>
</round>
<round no="1"><cards type="Pocket" player="KL99">X X</cards>
<cards type="Pocket" player="Rakki">DJ H6</cards>
<action no="5" player="KL99" type="23" discard="1" dealt="1" sum="357"/>
<action no="6" player="Rakki" type="0" sum="0"/>
</round>
</game>
<game gamecode="6477164634"><general><startdate>2025-09-12 15:50:00</startdate>
<round>1</round>
<failsafecounter/>
<players><player seat="6" name="KL99" chips="407" dealer="0" win="407" bet="407" muck="0" rebuy="0" addon="0" merge="0" rebuychips="0" reg_code="5059364216"/>
<player seat="10" name="Rakki" chips="1,093" dealer="1" win="407" bet="1,093" muck="0" rebuy="0" addon="0" merge="0" rebuychips="0" reg_code="5059364979"/>
</players>
</general>
<round no="0"><action no="1" player="Rakki" type="15" sum="5"/>
<action no="2" player="KL99" type="15" discard="1" dealt="1" sum="5"/>
<action no="3" player="Rakki" type="1" sum="20"/>
<action no="4" player="KL99" type="2" discard="1" dealt="1" sum="40"/>
</round>
<round no="1"><cards type="Pocket" player="Rakki">H7 H3</cards>
<cards type="Pocket" player="KL99">S7 D10</cards>
<action no="5" player="Rakki" type="3" sum="20"/>
<action no="6" player="KL99" type="4" discard="1" dealt="1" sum="0"/>
</round>
<round no="2"><cards type="Flop">H10 C7 D7</cards>
<action no="7" player="KL99" type="4" discard="1" dealt="1" sum="0"/>
<action no="8" player="Rakki" type="5" sum="40"/>
<action no="9" player="KL99" type="3" discard="1" dealt="1" sum="40"/>
</round>
<round no="3"><cards type="Turn">CA</cards>
<action no="10" player="KL99" type="4" discard="1" dealt="1" sum="0"/>
<action no="11" player="Rakki" type="5" sum="80"/>
<action no="12" player="KL99" type="3" discard="1" dealt="1" sum="80"/>
</round>
<round no="4"><cards type="River">DA</cards>
<action no="13" player="KL99" type="4" discard="1" dealt="1" sum="0"/>
<action no="14" player="Rakki" type="5" sum="928"/>
<action no="15" player="KL99" type="7" discard="1" dealt="1" sum="242"/>
</round>
</game>
<game gamecode="6477171595"><general><startdate>2025-09-12 15:50:29</startdate>
<round>1</round>
<failsafecounter/>
<players><player seat="10" name="Rakki" chips="1,093" dealer="0" win="0" bet="85" muck="1" rebuy="0" addon="0" merge="0" rebuychips="0" reg_code="5059364979"/>
<player seat="6" name="KL99" chips="407" dealer="1" win="170" bet="85" muck="0" rebuy="0" addon="0" merge="0" rebuychips="0" reg_code="5059364216"/>
</players>
</general>
<round no="0"><action no="1" player="KL99" type="15" discard="1" dealt="1" sum="5"/>
<action no="2" player="Rakki" type="15" sum="5"/>
<action no="3" player="KL99" type="1" discard="1" dealt="1" sum="20"/>
<action no="4" player="Rakki" type="2" sum="40"/>
</round>
<round no="1"><cards type="Pocket" player="KL99">D9 C9</cards>
<cards type="Pocket" player="Rakki">SQ S9</cards>
<action no="5" player="KL99" type="3" discard="1" dealt="1" sum="20"/>
<action no="6" player="Rakki" type="4" sum="0"/>
</round>
<round no="2"><cards type="Flop">C8 H10 D3</cards>
<action no="7" player="Rakki" type="4" sum="0"/>
<action no="8" player="KL99" type="5" discard="1" dealt="1" sum="40"/>
<action no="9" player="Rakki" type="3" sum="40"/>
</round>
<round no="3"><cards type="Turn">HA</cards>
<action no="10" player="Rakki" type="4" sum="0"/>
<action no="11" player="KL99" type="4" discard="1" dealt="1" sum="0"/>
</round>
<round no="4"><cards type="River">H3</cards>
<action no="12" player="Rakki" type="4" sum="0"/>
<action no="13" player="KL99" type="4" discard="1" dealt="1" sum="0"/>
</round>
</game>
<game gamecode="6477171617"><general><startdate>2025-09-12 15:50:42</startdate>
<round>1</round>
<failsafecounter/>
<players><player seat="6" name="KL99" chips="492" dealer="0" win="0" bet="65" muck="1" rebuy="0" addon="0" merge="0" rebuychips="0" reg_code="5059364216"/>
<player seat="10" name="Rakki" chips="1,008" dealer="1" win="130" bet="1,008" muck="1" rebuy="0" addon="0" merge="0" rebuychips="0" reg_code="5059364979"/>
</players>
</general>
<round no="0"><action no="1" player="Rakki" type="15" sum="5"/>
<action no="2" player="KL99" type="15" discard="1" dealt="1" sum="5"/>
<action no="3" player="Rakki" type="1" sum="30"/>
<action no="4" player="KL99" type="2" discard="1" dealt="1" sum="60"/>
</round>
<round no="1"><cards type="Pocket" player="Rakki">DJ HQ</cards>
<cards type="Pocket" player="KL99">X X</cards>
<action no="5" player="Rakki" type="23" sum="1,003"/>
<action no="6" player="KL99" type="0" discard="1" dealt="1" sum="0"/>
</round>
</game>
<game gamecode="6477171629"><general><startdate>2025-09-12 15:50:49</startdate>
<round>1</round>
<failsafecounter/>
<players><player seat="10" name="Rakki" chips="1,073" dealer="0" win="0" bet="427" muck="1" rebuy="0" addon="0" merge="0" rebuychips="0" reg_code="5059364979"/>
<player seat="6" name="KL99" chips="427" dealer="1" win="854" bet="427" muck="0" rebuy="0" addon="0" merge="0" rebuychips="0" reg_code="5059364216"/>
</players>
</general>
<round no="0"><action no="1" player="KL99" type="15" discard="1" dealt="1" sum="5"/>
<action no="2" player="Rakki" type="15" sum="5"/>
<action no="3" player="KL99" type="1" discard="1" dealt="1" sum="30"/>
<action no="4" player="Rakki" type="2" sum="60"/>
</round>
<round no="1"><cards type="Pocket" player="Rakki">DK S8</cards>
<cards type="Pocket" player="KL99">H10 H9</cards>
<action no="5" player="KL99" type="23" discard="1" dealt="1" sum="422"/>
<action no="6" player="Rakki" type="3" sum="362"/>
</round>
<round no="2"><cards type="Flop">S5 D5 HA</cards>
</round>
<round no="3"><cards type="Turn">H3</cards>
</round>
<round no="4"><cards type="River">H2</cards>
</round>
</game>
<game gamecode="6477171654"><general><startdate>2025-09-12 15:51:04</startdate>
<round>1</round>
<failsafecounter/>
<players><player seat="6" name="KL99" chips="854" dealer="0" win="1,292" bet="646" muck="0" rebuy="0" addon="0" merge="0" rebuychips="0" reg_code="5059364216"/>
<player seat="10" name="Rakki" chips="646" dealer="1" win="0" bet="646" muck="0" rebuy="0" addon="0" merge="0" rebuychips="0" reg_code="5059364979"/>
</players>
</general>
<round no="0"><action no="1" player="Rakki" type="15" sum="5"/>
<action no="2" player="KL99" type="15" discard="1" dealt="1" sum="5"/>
<action no="3" player="Rakki" type="1" sum="30"/>
<action no="4" player="KL99" type="2" discard="1" dealt="1" sum="60"/>
</round>
<round no="1"><cards type="Pocket" player="KL99">S6 D6</cards>
<cards type="Pocket" player="Rakki">HA C6</cards>
<action no="5" player="Rakki" type="23" sum="641"/>
<action no="6" player="KL99" type="3" discard="1" dealt="1" sum="581"/>
</round>
<round no="2"><cards type="Flop">C9 D7 H7</cards>
</round>
<round no="3"><cards type="Turn">D3</cards>
</round>
<round no="4"><cards type="River">SK</cards>
</round>
</game>
</session>
