<?xml version="1.0" encoding="UTF-8"?>
<session sessioncode="5059807560">
<general>
<client_version>25.1.1.16</client_version>
<mode>real</mode>
<gametype>Holdem NL</gametype>
<tablename>Twister €200 SNG, 817723167</tablename>
<tournamentcode>817723166</tournamentcode>
<tournamentname>Twister €200 SNG</tournamentname>
<buyin>€0 + €12 + €188</buyin>
<totalbuyin>€200</totalbuyin>
<rewarddrawn>€400</rewarddrawn>
<tournamentcurrency>EUR</tournamentcurrency>
<currency>EUR</currency>
<nickname>Rakki</nickname>
<gamecount>7</gamecount>
<startdate>2025-09-14 19:08:57</startdate>
<place>3</place>
<win>€0</win>
<tablesize>3</tablesize>
</general>
<game gamecode="6478984275"><general><startdate>2025-09-14 19:09:12</startdate>
<round>1</round>
<failsafecounter/>
<players><player seat="10" name="spaccatutti1234" chips="500" dealer="0" win="20" bet="20" muck="1" rebuy="0" addon="0" merge="0" rebuychips="0" reg_code="5059808670"/>
<player seat="3" name="Rakki" chips="500" dealer="1" win="0" bet="0" muck="1" rebuy="0" addon="0" merge="0" rebuychips="0" reg_code="5059807560"/>
<player seat="6" name="L1mltless" chips="500" dealer="0" win="0" bet="10" muck="1" rebuy="0" addon="0" merge="0" rebuychips="0" reg_code="5059807817"/>
</players>
</general>
<round no="0"><action no="1" player="L1mltless" type="1" discard="1" dealt="1" sum="10"/>
<action no="2" player="spaccatutti1234" type="2" discard="1" dealt="1" sum="20"/>
</round>
<round no="1"><cards type="Pocket" player="spaccatutti1234">X X</cards>
<cards type="Pocket" player="Rakki">C3 HJ</cards>
<cards type="Pocket" player="L1mltless">X X</cards>
<action no="3" player="Rakki" type="0" sum="0"/>
<action no="4" player="L1mltless" type="0" discard="1" dealt="1" sum="0"/>
</round>
</game>
<game gamecode="6478984287"><general><startdate>2025-09-14 19:09:24</startdate>
<round>1</round>
<failsafecounter/>
<players><player seat="3" name="Rakki" chips="500" dealer="0" win="0" bet="40" muck="1" rebuy="0" addon="0" merge="0" rebuychips="0" reg_code="5059807560"/>
<player seat="6" name="L1mltless" chips="490" dealer="1" win="0" bet="80" muck="1" rebuy="0" addon="0" merge="0" rebuychips="0" reg_code="5059807817"/>
<player seat="10" name="spaccatutti1234" chips="510" dealer="0" win="200" bet="80" muck="0" rebuy="0" addon="0" merge="0" rebuychips="0" reg_code="5059808670"/>
</players>
</general>
<round no="0"><action no="1" player="spaccatutti1234" type="1" discard="1" dealt="1" sum="10"/>
<action no="2" player="Rakki" type="2" sum="20"/>
</round>
<round no="1"><cards type="Pocket" player="spaccatutti1234">C5 HA</cards>
<cards type="Pocket" player="Rakki">DQ CJ</cards>
<cards type="Pocket" player="L1mltless">CA DJ</cards>
<action no="3" player="L1mltless" type="23" discard="1" dealt="1" sum="40"/>
<action no="4" player="spaccatutti1234" type="3" discard="1" dealt="1" sum="30"/>
<action no="5" player="Rakki" type="3" sum="20"/>
</round>
<round no="2"><cards type="Flop">DK S6 D2</cards>
<action no="6" player="spaccatutti1234" type="5" discard="1" dealt="1" sum="20"/>
<action no="7" player="Rakki" type="0" sum="0"/>
<action no="8" player="L1mltless" type="3" discard="1" dealt="1" sum="20"/>
</round>
<round no="3"><cards type="Turn">S5</cards>
<action no="9" player="spaccatutti1234" type="5" discard="1" dealt="1" sum="20"/>
<action no="10" player="L1mltless" type="3" discard="1" dealt="1" sum="20"/>
</round>
<round no="4"><cards type="River">H10</cards>
<action no="11" player="spaccatutti1234" type="4" discard="1" dealt="1" sum="0"/>
<action no="12" player="L1mltless" type="4" discard="1" dealt="1" sum="0"/>
</round>
</game>
<game gamecode="6478984330"><general><startdate>2025-09-14 19:09:57</startdate>
<round>1</round>
<failsafecounter/>
<players><player seat="6" name="L1mltless" chips="410" dealer="0" win="0" bet="20" muck="1" rebuy="0" addon="0" merge="0" rebuychips="0" reg_code="5059807817"/>
<player seat="10" name="spaccatutti1234" chips="630" dealer="1" win="0" bet="20" muck="1" rebuy="0" addon="0" merge="0" rebuychips="0" reg_code="5059808670"/>
<player seat="3" name="Rakki" chips="460" dealer="0" win="60" bet="460" muck="1" rebuy="0" addon="0" merge="0" rebuychips="0" reg_code="5059807560"/>
</players>
</general>
<round no="0"><action no="1" player="Rakki" type="1" sum="10"/>
<action no="2" player="L1mltless" type="2" discard="1" dealt="1" sum="20"/>
</round>
<round no="1"><cards type="Pocket" player="L1mltless">X X</cards>
<cards type="Pocket" player="Rakki">H7 DA</cards>
<cards type="Pocket" player="spaccatutti1234">X X</cards>
<action no="3" player="spaccatutti1234" type="3" discard="1" dealt="1" sum="20"/>
<action no="4" player="Rakki" type="23" sum="460"/>
<action no="5" player="L1mltless" type="0" discard="1" dealt="1" sum="0"/>
<action no="6" player="spaccatutti1234" type="0" discard="1" dealt="1" sum="0"/>
</round>
</game>
<game gamecode="6478984345"><general><startdate>2025-09-14 19:10:09</startdate>
<round>1</round>
<failsafecounter/>
<players><player seat="10" name="spaccatutti1234" chips="610" dealer="0" win="240" bet="120" muck="0" rebuy="0" addon="0" merge="0" rebuychips="0" reg_code="5059808670"/>
<player seat="3" name="Rakki" chips="500" dealer="1" win="0" bet="0" muck="1" rebuy="0" addon="0" merge="0" rebuychips="0" reg_code="5059807560"/>
<player seat="6" name="L1mltless" chips="390" dealer="0" win="0" bet="120" muck="0" rebuy="0" addon="0" merge="0" rebuychips="0" reg_code="5059807817"/>
</players>
</general>
<round no="0"><action no="1" player="L1mltless" type="1" discard="1" dealt="1" sum="10"/>
<action no="2" player="spaccatutti1234" type="2" discard="1" dealt="1" sum="20"/>
</round>
<round no="1"><cards type="Pocket" player="spaccatutti1234">D8 HK</cards>
<cards type="Pocket" player="Rakki">D9 C3</cards>
<cards type="Pocket" player="L1mltless">HA D3</cards>
<action no="3" player="Rakki" type="0" sum="0"/>
<action no="4" player="L1mltless" type="3" discard="1" dealt="1" sum="10"/>
<action no="5" player="spaccatutti1234" type="23" discard="1" dealt="1" sum="40"/>
<action no="6" player="L1mltless" type="3" discard="1" dealt="1" sum="20"/>
</round>
<round no="2"><cards type="Flop">DK CK H2</cards>
<action no="7" player="L1mltless" type="4" discard="1" dealt="1" sum="0"/>
<action no="8" player="spaccatutti1234" type="4" discard="1" dealt="1" sum="0"/>
</round>
<round no="3"><cards type="Turn">D2</cards>
<action no="9" player="L1mltless" type="4" discard="1" dealt="1" sum="0"/>
<action no="10" player="spaccatutti1234" type="4" discard="1" dealt="1" sum="0"/>
</round>
<round no="4"><cards type="River">C2</cards>
<action no="11" player="L1mltless" type="5" discard="1" dealt="1" sum="80"/>
<action no="12" player="spaccatutti1234" type="3" discard="1" dealt="1" sum="80"/>
</round>
</game>
<game gamecode="6478984381"><general><startdate>2025-09-14 19:10:32</startdate>
<round>1</round>
<failsafecounter/>
<players><player seat="3" name="Rakki" chips="500" dealer="0" win="0" bet="20" muck="1" rebuy="0" addon="0" merge="0" rebuychips="0" reg_code="5059807560"/>
<player seat="6" name="L1mltless" chips="270" dealer="1" win="0" bet="0" muck="1" rebuy="0" addon="0" merge="0" rebuychips="0" reg_code="5059807817"/>
<player seat="10" name="spaccatutti1234" chips="730" dealer="0" win="40" bet="40" muck="1" rebuy="0" addon="0" merge="0" rebuychips="0" reg_code="5059808670"/>
</players>
</general>
<round no="0"><action no="1" player="spaccatutti1234" type="1" discard="1" dealt="1" sum="10"/>
<action no="2" player="Rakki" type="2" sum="20"/>
</round>
<round no="1"><cards type="Pocket" player="spaccatutti1234">X X</cards>
<cards type="Pocket" player="Rakki">D7 H2</cards>
<cards type="Pocket" player="L1mltless">X X</cards>
<action no="3" player="L1mltless" type="0" discard="1" dealt="1" sum="0"/>
<action no="4" player="spaccatutti1234" type="23" discard="1" dealt="1" sum="40"/>
<action no="5" player="Rakki" type="0" sum="0"/>
</round>
</game>
<game gamecode="6478984393"><general><startdate>2025-09-14 19:10:42</startdate>
<round>1</round>
<failsafecounter/>
<players><player seat="6" name="L1mltless" chips="270" dealer="0" win="560" bet="270" muck="0" rebuy="0" addon="0" merge="0" rebuychips="0" reg_code="5059807817"/>
<player seat="10" name="spaccatutti1234" chips="750" dealer="1" win="0" bet="270" muck="1" rebuy="0" addon="0" merge="0" rebuychips="0" reg_code="5059808670"/>
<player seat="3" name="Rakki" chips="480" dealer="0" win="0" bet="20" muck="1" rebuy="0" addon="0" merge="0" rebuychips="0" reg_code="5059807560"/>
</players>
</general>
<round no="0"><action no="1" player="Rakki" type="1" sum="10"/>
<action no="2" player="L1mltless" type="2" discard="1" dealt="1" sum="20"/>
</round>
<round no="1"><cards type="Pocket" player="spaccatutti1234">S9 SQ</cards>
<cards type="Pocket" player="Rakki">D5 C9</cards>
<cards type="Pocket" player="L1mltless">S10 DA</cards>
<action no="3" player="spaccatutti1234" type="3" discard="1" dealt="1" sum="20"/>
<action no="4" player="Rakki" type="3" sum="10"/>
<action no="5" player="L1mltless" type="23" discard="1" dealt="1" sum="270"/>
<action no="6" player="spaccatutti1234" type="3" discard="1" dealt="1" sum="250"/>
<action no="7" player="Rakki" type="0" sum="0"/>
</round>
<round no="2"><cards type="Flop">SJ S7 CK</cards>
</round>
<round no="3"><cards type="Turn">HJ</cards>
</round>
<round no="4"><cards type="River">C2</cards>
</round>
</game>
<game gamecode="6478984417"><general><startdate>2025-09-14 19:11:03</startdate>
<round>1</round>
<failsafecounter/>
<players><player seat="10" name="spaccatutti1234" chips="480" dealer="0" win="940" bet="460" muck="0" rebuy="0" addon="0" merge="0" rebuychips="0" reg_code="5059808670"/>
<player seat="3" name="Rakki" chips="460" dealer="1" win="0" bet="460" muck="0" rebuy="0" addon="0" merge="0" rebuychips="0" reg_code="5059807560"/>
<player seat="6" name="L1mltless" chips="560" dealer="0" win="0" bet="20" muck="1" rebuy="0" addon="0" merge="0" rebuychips="0" reg_code="5059807817"/>
</players>
</general>
<round no="0"><action no="1" player="L1mltless" type="15" discard="1" dealt="1" sum="5"/>
<action no="2" player="spaccatutti1234" type="15" discard="1" dealt="1" sum="5"/>
<action no="3" player="Rakki" type="15" sum="5"/>
<action no="4" player="L1mltless" type="1" discard="1" dealt="1" sum="15"/>
<action no="5" player="spaccatutti1234" type="2" discard="1" dealt="1" sum="30"/>
</round>
<round no="1"><cards type="Pocket" player="spaccatutti1234">CA DA</cards>
<cards type="Pocket" player="Rakki">H2 C2</cards>
<cards type="Pocket" player="L1mltless">X X</cards>
<action no="6" player="Rakki" type="23" sum="455"/>
<action no="7" player="L1mltless" type="0" discard="1" dealt="1" sum="0"/>
<action no="8" player="spaccatutti1234" type="3" discard="1" dealt="1" sum="425"/>
</round>
<round no="2"><cards type="Flop">CK C3 C9</cards>
</round>
<round no="3"><cards type="Turn">H4</cards>
</round>
<round no="4"><cards type="River">D10</cards>
</round>
</game>
</session>
