<?xml version="1.0" encoding="UTF-8"?>
<session sessioncode="5059162311">
<general>
<client_version>25.1.1.16</client_version>
<mode>real</mode>
<gametype>Holdem NL</gametype>
<tablename>Twister €200 SNG, 817517095</tablename>
<tournamentcode>817517094</tournamentcode>
<tournamentname>Twister €200 SNG</tournamentname>
<buyin>€0 + €12 + €188</buyin>
<totalbuyin>€200</totalbuyin>
<rewarddrawn>€600</rewarddrawn>
<tournamentcurrency>EUR</tournamentcurrency>
<currency>EUR</currency>
<nickname>Rakki</nickname>
<gamecount>12</gamecount>
<startdate>2025-09-11 16:15:09</startdate>
<place>2</place>
<win>€0</win>
<tablesize>3</tablesize>
</general>
<game gamecode="6476305416"><general><startdate>2025-09-11 16:15:24</startdate>
<round>1</round>
<failsafecounter/>
<players><player seat="3" name="ilCapo6" chips="500" dealer="0" win="1,120" bet="500" muck="0" rebuy="0" addon="0" merge="0" rebuychips="0" reg_code="5059161317"/>
<player seat="6" name="SuBandiduu" chips="500" dealer="1" win="0" bet="500" muck="1" rebuy="0" addon="0" merge="0" rebuychips="0" reg_code="5059162143"/>
<player seat="10" name="Rakki" chips="500" dealer="0" win="0" bet="120" muck="1" rebuy="0" addon="0" merge="0" rebuychips="0" reg_code="5059162311"/>
</players>
</general>
<round no="0"><action no="1" player="Rakki" type="1" sum="10"/>
<action no="2" player="ilCapo6" type="2" discard="1" dealt="1" sum="20"/>
</round>
<round no="1"><cards type="Pocket" player="ilCapo6">CK SA</cards>
<cards type="Pocket" player="SuBandiduu">SQ SK</cards>
<cards type="Pocket" player="Rakki">HA H2</cards>
<action no="3" player="SuBandiduu" type="23" discard="1" dealt="1" sum="40"/>
<action no="4" player="Rakki" type="23" sum="120"/>
<action no="5" player="ilCapo6" type="23" discard="1" dealt="1" sum="500"/>
<action no="6" player="SuBandiduu" type="7" discard="1" dealt="1" sum="460"/>
<action no="7" player="Rakki" type="0" sum="0"/>
</round>
<round no="2"><cards type="Flop">H6 H10 D6</cards>
</round>
<round no="3"><cards type="Turn">S4</cards>
</round>
<round no="4"><cards type="River">H4</cards>
</round>
</game>
<game gamecode="6476305488"><general><startdate>2025-09-11 16:16:10</startdate>
<round>1</round>
<failsafecounter/>
<players><player seat="3" name="ilCapo6" chips="1,120" dealer="0" win="40" bet="90" muck="1" rebuy="0" addon="0" merge="0" rebuychips="0" reg_code="5059161317"/>
<player seat="10" name="Rakki" chips="380" dealer="1" win="0" bet="20" muck="1" rebuy="0" addon="0" merge="0" rebuychips="0" reg_code="5059162311"/>
</players>
</general>
<round no="0"><action no="1" player="Rakki" type="1" sum="10"/>
<action no="2" player="ilCapo6" type="2" discard="1" dealt="1" sum="20"/>
</round>
<round no="1"><cards type="Pocket" player="ilCapo6">X X</cards>
<cards type="Pocket" player="Rakki">S4 H3</cards>
<action no="3" player="Rakki" type="3" sum="10"/>
<action no="4" player="ilCapo6" type="23" discard="1" dealt="1" sum="90"/>
<action no="5" player="Rakki" type="0" sum="0"/>
</round>
</game>
<game gamecode="6476305526"><general><startdate>2025-09-11 16:16:28</startdate>
<round>1</round>
<failsafecounter/>
<players><player seat="10" name="Rakki" chips="360" dealer="0" win="0" bet="20" muck="1" rebuy="0" addon="0" merge="0" rebuychips="0" reg_code="5059162311"/>
<player seat="3" name="ilCapo6" chips="1,140" dealer="1" win="40" bet="40" muck="1" rebuy="0" addon="0" merge="0" rebuychips="0" reg_code="5059161317"/>
</players>
</general>
<round no="0"><action no="1" player="ilCapo6" type="1" discard="1" dealt="1" sum="10"/>
<action no="2" player="Rakki" type="2" sum="20"/>
</round>
<round no="1"><cards type="Pocket" player="ilCapo6">X X</cards>
<cards type="Pocket" player="Rakki">H9 DQ</cards>
<action no="3" player="ilCapo6" type="3" discard="1" dealt="1" sum="10"/>
<action no="4" player="Rakki" type="4" sum="0"/>
</round>
<round no="2"><cards type="Flop">H2 SA C8</cards>
<action no="5" player="Rakki" type="4" sum="0"/>
<action no="6" player="ilCapo6" type="5" discard="1" dealt="1" sum="20"/>
<action no="7" player="Rakki" type="0" sum="0"/>
</round>
</game>
<game gamecode="6476305584"><general><startdate>2025-09-11 16:17:05</startdate>
<round>1</round>
<failsafecounter/>
<players><player seat="3" name="ilCapo6" chips="1,160" dealer="0" win="70" bet="125" muck="1" rebuy="0" addon="0" merge="0" rebuychips="0" reg_code="5059161317"/>
<player seat="10" name="Rakki" chips="340" dealer="1" win="0" bet="35" muck="1" rebuy="0" addon="0" merge="0" rebuychips="0" reg_code="5059162311"/>
</players>
</general>
<round no="0"><action no="1" player="Rakki" type="15" sum="5"/>
<action no="2" player="ilCapo6" type="15" discard="1" dealt="1" sum="5"/>
<action no="3" player="Rakki" type="1" sum="15"/>
<action no="4" player="ilCapo6" type="2" discard="1" dealt="1" sum="30"/>
</round>
<round no="1"><cards type="Pocket" player="Rakki">S9 S6</cards>
<cards type="Pocket" player="ilCapo6">X X</cards>
<action no="5" player="Rakki" type="3" sum="15"/>
<action no="6" player="ilCapo6" type="23" discard="1" dealt="1" sum="120"/>
<action no="7" player="Rakki" type="0" sum="0"/>
</round>
</game>
<game gamecode="6476305613"><general><startdate>2025-09-11 16:17:21</startdate>
<round>1</round>
<failsafecounter/>
<players><player seat="10" name="Rakki" chips="305" dealer="0" win="0" bet="35" muck="1" rebuy="0" addon="0" merge="0" rebuychips="0" reg_code="5059162311"/>
<player seat="3" name="ilCapo6" chips="1,195" dealer="1" win="70" bet="1,195" muck="1" rebuy="0" addon="0" merge="0" rebuychips="0" reg_code="5059161317"/>
</players>
</general>
<round no="0"><action no="1" player="ilCapo6" type="15" discard="1" dealt="1" sum="5"/>
<action no="2" player="Rakki" type="15" sum="5"/>
<action no="3" player="ilCapo6" type="1" discard="1" dealt="1" sum="15"/>
<action no="4" player="Rakki" type="2" sum="30"/>
</round>
<round no="1"><cards type="Pocket" player="Rakki">H8 S4</cards>
<cards type="Pocket" player="ilCapo6">X X</cards>
<action no="5" player="ilCapo6" type="23" discard="1" dealt="1" sum="1,190"/>
<action no="6" player="Rakki" type="0" sum="0"/>
</round>
</game>
<game gamecode="6476305623"><general><startdate>2025-09-11 16:17:28</startdate>
<round>1</round>
<failsafecounter/>
<players><player seat="3" name="ilCapo6" chips="1,230" dealer="0" win="140" bet="70" muck="0" rebuy="0" addon="0" merge="0" rebuychips="0" reg_code="5059161317"/>
<player seat="10" name="Rakki" chips="270" dealer="1" win="0" bet="70" muck="1" rebuy="0" addon="0" merge="0" rebuychips="0" reg_code="5059162311"/>
</players>
</general>
<round no="0"><action no="1" player="Rakki" type="15" sum="5"/>
<action no="2" player="ilCapo6" type="15" discard="1" dealt="1" sum="5"/>
<action no="3" player="Rakki" type="1" sum="15"/>
<action no="4" player="ilCapo6" type="2" discard="1" dealt="1" sum="30"/>
</round>
<round no="1"><cards type="Pocket" player="Rakki">S10 S9</cards>
<cards type="Pocket" player="ilCapo6">H2 HQ</cards>
<action no="5" player="Rakki" type="3" sum="15"/>
<action no="6" player="ilCapo6" type="4" discard="1" dealt="1" sum="0"/>
</round>
<round no="2"><cards type="Flop">C3 D3 H6</cards>
<action no="7" player="ilCapo6" type="4" discard="1" dealt="1" sum="0"/>
<action no="8" player="Rakki" type="4" sum="0"/>
</round>
<round no="3"><cards type="Turn">CK</cards>
<action no="9" player="ilCapo6" type="4" discard="1" dealt="1" sum="0"/>
<action no="10" player="Rakki" type="4" sum="0"/>
</round>
<round no="4"><cards type="River">S2</cards>
<action no="11" player="ilCapo6" type="5" discard="1" dealt="1" sum="35"/>
<action no="12" player="Rakki" type="3" sum="35"/>
</round>
</game>
<game gamecode="6476305696"><general><startdate>2025-09-11 16:18:15</startdate>
<round>1</round>
<failsafecounter/>
<players><player seat="10" name="Rakki" chips="200" dealer="0" win="400" bet="200" muck="0" rebuy="0" addon="0" merge="0" rebuychips="0" reg_code="5059162311"/>
<player seat="3" name="ilCapo6" chips="1,300" dealer="1" win="0" bet="1,300" muck="0" rebuy="0" addon="0" merge="0" rebuychips="0" reg_code="5059161317"/>
</players>
</general>
<round no="0"><action no="1" player="ilCapo6" type="15" discard="1" dealt="1" sum="5"/>
<action no="2" player="Rakki" type="15" sum="5"/>
<action no="3" player="ilCapo6" type="1" discard="1" dealt="1" sum="15"/>
<action no="4" player="Rakki" type="2" sum="30"/>
</round>
<round no="1"><cards type="Pocket" player="ilCapo6">C9 D7</cards>
<cards type="Pocket" player="Rakki">HA H5</cards>
<action no="5" player="ilCapo6" type="23" discard="1" dealt="1" sum="1,295"/>
<action no="6" player="Rakki" type="7" sum="165"/>
</round>
<round no="2"><cards type="Flop">HQ S4 D3</cards>
</round>
<round no="3"><cards type="Turn">C4</cards>
</round>
<round no="4"><cards type="River">H2</cards>
</round>
</game>
<game gamecode="6476305726"><general><startdate>2025-09-11 16:18:36</startdate>
<round>1</round>
<failsafecounter/>
<players><player seat="3" name="ilCapo6" chips="1,100" dealer="0" win="0" bet="65" muck="1" rebuy="0" addon="0" merge="0" rebuychips="0" reg_code="5059161317"/>
<player seat="10" name="Rakki" chips="400" dealer="1" win="130" bet="170" muck="1" rebuy="0" addon="0" merge="0" rebuychips="0" reg_code="5059162311"/>
</players>
</general>
<round no="0"><action no="1" player="Rakki" type="15" sum="5"/>
<action no="2" player="ilCapo6" type="15" discard="1" dealt="1" sum="5"/>
<action no="3" player="Rakki" type="1" sum="15"/>
<action no="4" player="ilCapo6" type="2" discard="1" dealt="1" sum="30"/>
</round>
<round no="1"><cards type="Pocket" player="ilCapo6">X X</cards>
<cards type="Pocket" player="Rakki">H10 C6</cards>
<action no="5" player="Rakki" type="3" sum="15"/>
<action no="6" player="ilCapo6" type="4" discard="1" dealt="1" sum="0"/>
</round>
<round no="2"><cards type="Flop">H3 C10 D9</cards>
<action no="7" player="ilCapo6" type="4" discard="1" dealt="1" sum="0"/>
<action no="8" player="Rakki" type="5" sum="30"/>
<action no="9" player="ilCapo6" type="3" discard="1" dealt="1" sum="30"/>
</round>
<round no="3"><cards type="Turn">HQ</cards>
<action no="10" player="ilCapo6" type="4" discard="1" dealt="1" sum="0"/>
<action no="11" player="Rakki" type="4" sum="0"/>
</round>
<round no="4"><cards type="River">H6</cards>
<action no="12" player="ilCapo6" type="4" discard="1" dealt="1" sum="0"/>
<action no="13" player="Rakki" type="5" sum="105"/>
<action no="14" player="ilCapo6" type="0" discard="1" dealt="1" sum="0"/>
</round>
</game>
<game gamecode="6476305804"><general><startdate>2025-09-11 16:19:26</startdate>
<round>1</round>
<failsafecounter/>
<players><player seat="10" name="Rakki" chips="465" dealer="0" win="930" bet="465" muck="0" rebuy="0" addon="0" merge="0" rebuychips="0" reg_code="5059162311"/>
<player seat="3" name="ilCapo6" chips="1,035" dealer="1" win="0" bet="1,035" muck="0" rebuy="0" addon="0" merge="0" rebuychips="0" reg_code="5059161317"/>
</players>
</general>
<round no="0"><action no="1" player="ilCapo6" type="15" discard="1" dealt="1" sum="5"/>
<action no="2" player="Rakki" type="15" sum="5"/>
<action no="3" player="ilCapo6" type="1" discard="1" dealt="1" sum="20"/>
<action no="4" player="Rakki" type="2" sum="40"/>
</round>
<round no="1"><cards type="Pocket" player="Rakki">D5 S3</cards>
<cards type="Pocket" player="ilCapo6">DK CQ</cards>
<action no="5" player="ilCapo6" type="3" discard="1" dealt="1" sum="20"/>
<action no="6" player="Rakki" type="4" sum="0"/>
</round>
<round no="2"><cards type="Flop">C5 H2 S5</cards>
<action no="7" player="Rakki" type="4" sum="0"/>
<action no="8" player="ilCapo6" type="5" discard="1" dealt="1" sum="45"/>
<action no="9" player="Rakki" type="3" sum="45"/>
</round>
<round no="3"><cards type="Turn">S7</cards>
<action no="10" player="Rakki" type="4" sum="0"/>
<action no="11" player="ilCapo6" type="4" discard="1" dealt="1" sum="0"/>
</round>
<round no="4"><cards type="River">CK</cards>
<action no="12" player="Rakki" type="5" sum="60"/>
<action no="13" player="ilCapo6" type="23" discard="1" dealt="1" sum="945"/>
<action no="14" player="Rakki" type="7" sum="315"/>
</round>
</game>
<game gamecode="6476305869"><general><startdate>2025-09-11 16:20:14</startdate>
<round>1</round>
<failsafecounter/>
<players><player seat="3" name="ilCapo6" chips="570" dealer="0" win="180" bet="180" muck="1" rebuy="0" addon="0" merge="0" rebuychips="0" reg_code="5059161317"/>
<player seat="10" name="Rakki" chips="930" dealer="1" win="0" bet="90" muck="1" rebuy="0" addon="0" merge="0" rebuychips="0" reg_code="5059162311"/>
</players>
</general>
<round no="0"><action no="1" player="Rakki" type="15" sum="5"/>
<action no="2" player="ilCapo6" type="15" discard="1" dealt="1" sum="5"/>
<action no="3" player="Rakki" type="1" sum="20"/>
<action no="4" player="ilCapo6" type="2" discard="1" dealt="1" sum="40"/>
</round>
<round no="1"><cards type="Pocket" player="ilCapo6">X X</cards>
<cards type="Pocket" player="Rakki">HQ S6</cards>
<action no="5" player="Rakki" type="3" sum="20"/>
<action no="6" player="ilCapo6" type="4" discard="1" dealt="1" sum="0"/>
</round>
<round no="2"><cards type="Flop">C4 H3 C3</cards>
<action no="7" player="ilCapo6" type="4" discard="1" dealt="1" sum="0"/>
<action no="8" player="Rakki" type="4" sum="0"/>
</round>
<round no="3"><cards type="Turn">S7</cards>
<action no="9" player="ilCapo6" type="5" discard="1" dealt="1" sum="45"/>
<action no="10" player="Rakki" type="3" sum="45"/>
</round>
<round no="4"><cards type="River">D2</cards>
<action no="11" player="ilCapo6" type="5" discard="1" dealt="1" sum="90"/>
<action no="12" player="Rakki" type="0" sum="0"/>
</round>
</game>
<game gamecode="6476305944"><general><startdate>2025-09-11 16:21:00</startdate>
<round>1</round>
<failsafecounter/>
<players><player seat="10" name="Rakki" chips="840" dealer="0" win="0" bet="130" muck="1" rebuy="0" addon="0" merge="0" rebuychips="0" reg_code="5059162311"/>
<player seat="3" name="ilCapo6" chips="660" dealer="1" win="260" bet="660" muck="1" rebuy="0" addon="0" merge="0" rebuychips="0" reg_code="5059161317"/>
</players>
</general>
<round no="0"><action no="1" player="ilCapo6" type="15" discard="1" dealt="1" sum="5"/>
<action no="2" player="Rakki" type="15" sum="5"/>
<action no="3" player="ilCapo6" type="1" discard="1" dealt="1" sum="30"/>
<action no="4" player="Rakki" type="2" sum="60"/>
</round>
<round no="1"><cards type="Pocket" player="Rakki">H8 H10</cards>
<cards type="Pocket" player="ilCapo6">X X</cards>
<action no="5" player="ilCapo6" type="3" discard="1" dealt="1" sum="30"/>
<action no="6" player="Rakki" type="4" sum="0"/>
</round>
<round no="2"><cards type="Flop">DJ C9 S4</cards>
<action no="7" player="Rakki" type="4" sum="0"/>
<action no="8" player="ilCapo6" type="5" discard="1" dealt="1" sum="65"/>
<action no="9" player="Rakki" type="3" sum="65"/>
</round>
<round no="3"><cards type="Turn">S8</cards>
<action no="10" player="Rakki" type="4" sum="0"/>
<action no="11" player="ilCapo6" type="4" discard="1" dealt="1" sum="0"/>
</round>
<round no="4"><cards type="River">C10</cards>
<action no="12" player="Rakki" type="4" sum="0"/>
<action no="13" player="ilCapo6" type="5" discard="1" dealt="1" sum="530"/>
<action no="14" player="Rakki" type="0" sum="0"/>
</round>
</game>
<game gamecode="6476306039"><general><startdate>2025-09-11 16:22:00</startdate>
<round>1</round>
<failsafecounter/>
<players><player seat="3" name="ilCapo6" chips="790" dealer="0" win="1,420" bet="790" muck="0" rebuy="0" addon="0" merge="0" rebuychips="0" reg_code="5059161317"/>
<player seat="10" name="Rakki" chips="710" dealer="1" win="0" bet="710" muck="1" rebuy="0" addon="0" merge="0" rebuychips="0" reg_code="5059162311"/>
</players>
</general>
<round no="0"><action no="1" player="Rakki" type="15" sum="5"/>
<action no="2" player="ilCapo6" type="15" discard="1" dealt="1" sum="5"/>
<action no="3" player="Rakki" type="1" sum="30"/>
<action no="4" player="ilCapo6" type="2" discard="1" dealt="1" sum="60"/>
</round>
<round no="1"><cards type="Pocket" player="ilCapo6">HA DJ</cards>
<cards type="Pocket" player="Rakki">S9 SA</cards>
<action no="5" player="Rakki" type="3" sum="30"/>
<action no="6" player="ilCapo6" type="23" discard="1" dealt="1" sum="785"/>
<action no="7" player="Rakki" type="7" sum="645"/>
</round>
<round no="2"><cards type="Flop">D2 D8 C4</cards>
</round>
<round no="3"><cards type="Turn">H6</cards>
</round>
<round no="4"><cards type="River">S3</cards>
</round>
</game>
</session>
