<?xml version="1.0" encoding="UTF-8"?>
<session sessioncode="5059602847">
<general>
<client_version>25.1.1.16</client_version>
<mode>real</mode>
<gametype>Holdem NL</gametype>
<tablename>Twister €200 SNG, 817660100</tablename>
<tournamentcode>817660098</tournamentcode>
<tournamentname>Twister €200 SNG</tournamentname>
<buyin>€0 + €12 + €188</buyin>
<totalbuyin>€200</totalbuyin>
<rewarddrawn>€600</rewarddrawn>
<tournamentcurrency>EUR</tournamentcurrency>
<currency>EUR</currency>
<nickname>Rakki</nickname>
<gamecount>17</gamecount>
<startdate>2025-09-13 18:32:27</startdate>
<place>2</place>
<win>€0</win>
<tablesize>3</tablesize>
</general>
<game gamecode="6478138135"><general><startdate>2025-09-13 18:32:42</startdate>
<round>1</round>
<failsafecounter/>
<players><player seat="3" name="SuBandiduu" chips="500" dealer="0" win="0" bet="40" muck="1" rebuy="0" addon="0" merge="0" rebuychips="0" reg_code="5059602831"/>
<player seat="6" name="Rakki" chips="500" dealer="1" win="0" bet="0" muck="1" rebuy="0" addon="0" merge="0" rebuychips="0" reg_code="5059602847"/>
<player seat="10" name="coccia1973" chips="500" dealer="0" win="80" bet="80" muck="1" rebuy="0" addon="0" merge="0" rebuychips="0" reg_code="5059602904"/>
</players>
</general>
<round no="0"><action no="1" player="coccia1973" type="1" discard="1" dealt="1" sum="10"/>
<action no="2" player="SuBandiduu" type="2" discard="1" dealt="1" sum="20"/>
</round>
<round no="1"><cards type="Pocket" player="coccia1973">X X</cards>
<cards type="Pocket" player="Rakki">DJ H7</cards>
<cards type="Pocket" player="SuBandiduu">X X</cards>
<action no="3" player="Rakki" type="0" sum="0"/>
<action no="4" player="coccia1973" type="23" discard="1" dealt="1" sum="40"/>
<action no="5" player="SuBandiduu" type="3" discard="1" dealt="1" sum="20"/>
</round>
<round no="2"><cards type="Flop">H9 HJ C7</cards>
<action no="6" player="coccia1973" type="5" discard="1" dealt="1" sum="40"/>
<action no="7" player="SuBandiduu" type="0" discard="1" dealt="1" sum="0"/>
</round>
</game>
<game gamecode="6478138151"><general><startdate>2025-09-13 18:32:57</startdate>
<round>1</round>
<failsafecounter/>
<players><player seat="6" name="Rakki" chips="500" dealer="0" win="0" bet="20" muck="1" rebuy="0" addon="0" merge="0" rebuychips="0" reg_code="5059602847"/>
<player seat="10" name="coccia1973" chips="540" dealer="1" win="0" bet="0" muck="1" rebuy="0" addon="0" merge="0" rebuychips="0" reg_code="5059602904"/>
<player seat="3" name="SuBandiduu" chips="460" dealer="0" win="40" bet="50" muck="1" rebuy="0" addon="0" merge="0" rebuychips="0" reg_code="5059602831"/>
</players>
</general>
<round no="0"><action no="1" player="SuBandiduu" type="1" discard="1" dealt="1" sum="10"/>
<action no="2" player="Rakki" type="2" sum="20"/>
</round>
<round no="1"><cards type="Pocket" player="Rakki">CQ H5</cards>
<cards type="Pocket" player="SuBandiduu">X X</cards>
<cards type="Pocket" player="coccia1973">X X</cards>
<action no="3" player="coccia1973" type="0" discard="1" dealt="1" sum="0"/>
<action no="4" player="SuBandiduu" type="23" discard="1" dealt="1" sum="50"/>
<action no="5" player="Rakki" type="0" sum="0"/>
</round>
</game>
<game gamecode="6478138164"><general><startdate>2025-09-13 18:33:09</startdate>
<round>1</round>
<failsafecounter/>
<players><player seat="10" name="coccia1973" chips="540" dealer="0" win="0" bet="20" muck="1" rebuy="0" addon="0" merge="0" rebuychips="0" reg_code="5059602904"/>
<player seat="3" name="SuBandiduu" chips="480" dealer="1" win="0" bet="0" muck="1" rebuy="0" addon="0" merge="0" rebuychips="0" reg_code="5059602831"/>
<player seat="6" name="Rakki" chips="480" dealer="0" win="40" bet="40" muck="1" rebuy="0" addon="0" merge="0" rebuychips="0" reg_code="5059602847"/>
</players>
</general>
<round no="0"><action no="1" player="Rakki" type="1" sum="10"/>
<action no="2" player="coccia1973" type="2" discard="1" dealt="1" sum="20"/>
</round>
<round no="1"><cards type="Pocket" player="Rakki">D2 CA</cards>
<cards type="Pocket" player="coccia1973">X X</cards>
<cards type="Pocket" player="SuBandiduu">X X</cards>
<action no="3" player="SuBandiduu" type="0" discard="1" dealt="1" sum="0"/>
<action no="4" player="Rakki" type="23" sum="40"/>
<action no="5" player="coccia1973" type="0" discard="1" dealt="1" sum="0"/>
</round>
</game>
<game gamecode="6478138170"><general><startdate>2025-09-13 18:33:20</startdate>
<round>1</round>
<failsafecounter/>
<players><player seat="3" name="SuBandiduu" chips="480" dealer="0" win="960" bet="480" muck="0" rebuy="0" addon="0" merge="0" rebuychips="0" reg_code="5059602831"/>
<player seat="6" name="Rakki" chips="500" dealer="1" win="0" bet="0" muck="1" rebuy="0" addon="0" merge="0" rebuychips="0" reg_code="5059602847"/>
<player seat="10" name="coccia1973" chips="520" dealer="0" win="0" bet="520" muck="1" rebuy="0" addon="0" merge="0" rebuychips="0" reg_code="5059602904"/>
</players>
</general>
<round no="0"><action no="1" player="coccia1973" type="1" discard="1" dealt="1" sum="10"/>
<action no="2" player="SuBandiduu" type="2" discard="1" dealt="1" sum="20"/>
</round>
<round no="1"><cards type="Pocket" player="SuBandiduu">DQ CQ</cards>
<cards type="Pocket" player="Rakki">C10 H2</cards>
<cards type="Pocket" player="coccia1973">SJ CJ</cards>
<action no="3" player="Rakki" type="0" sum="0"/>
<action no="4" player="coccia1973" type="23" discard="1" dealt="1" sum="60"/>
<action no="5" player="SuBandiduu" type="23" discard="1" dealt="1" sum="140"/>
<action no="6" player="coccia1973" type="23" discard="1" dealt="1" sum="520"/>
<action no="7" player="SuBandiduu" type="7" discard="1" dealt="1" sum="340"/>
</round>
<round no="2"><cards type="Flop">S9 C2 HQ</cards>
</round>
<round no="3"><cards type="Turn">S7</cards>
</round>
<round no="4"><cards type="River">H10</cards>
</round>
</game>
<game gamecode="6478138202"><general><startdate>2025-09-13 18:33:53</startdate>
<round>1</round>
<failsafecounter/>
<players><player seat="6" name="Rakki" chips="500" dealer="0" win="0" bet="20" muck="1" rebuy="0" addon="0" merge="0" rebuychips="0" reg_code="5059602847"/>
<player seat="10" name="coccia1973" chips="40" dealer="1" win="0" bet="0" muck="1" rebuy="0" addon="0" merge="0" rebuychips="0" reg_code="5059602904"/>
<player seat="3" name="SuBandiduu" chips="960" dealer="0" win="40" bet="80" muck="1" rebuy="0" addon="0" merge="0" rebuychips="0" reg_code="5059602831"/>
</players>
</general>
<round no="0"><action no="1" player="SuBandiduu" type="1" discard="1" dealt="1" sum="10"/>
<action no="2" player="Rakki" type="2" sum="20"/>
</round>
<round no="1"><cards type="Pocket" player="Rakki">D7 CK</cards>
<cards type="Pocket" player="SuBandiduu">X X</cards>
<cards type="Pocket" player="coccia1973">X X</cards>
<action no="3" player="coccia1973" type="0" discard="1" dealt="1" sum="0"/>
<action no="4" player="SuBandiduu" type="3" discard="1" dealt="1" sum="10"/>
<action no="5" player="Rakki" type="4" sum="0"/>
</round>
<round no="2"><cards type="Flop">H8 H3 C4</cards>
<action no="6" player="SuBandiduu" type="4" discard="1" dealt="1" sum="0"/>
<action no="7" player="Rakki" type="4" sum="0"/>
</round>
<round no="3"><cards type="Turn">C3</cards>
<action no="8" player="SuBandiduu" type="4" discard="1" dealt="1" sum="0"/>
<action no="9" player="Rakki" type="4" sum="0"/>
</round>
<round no="4"><cards type="River">H10</cards>
<action no="10" player="SuBandiduu" type="5" discard="1" dealt="1" sum="60"/>
<action no="11" player="Rakki" type="0" sum="0"/>
</round>
</game>
<game gamecode="6478138227"><general><startdate>2025-09-13 18:34:18</startdate>
<round>1</round>
<failsafecounter/>
<players><player seat="10" name="coccia1973" chips="40" dealer="0" win="0" bet="40" muck="0" rebuy="0" addon="0" merge="0" rebuychips="0" reg_code="5059602904"/>
<player seat="3" name="SuBandiduu" chips="980" dealer="1" win="0" bet="0" muck="1" rebuy="0" addon="0" merge="0" rebuychips="0" reg_code="5059602831"/>
<player seat="6" name="Rakki" chips="480" dealer="0" win="80" bet="40" muck="0" rebuy="0" addon="0" merge="0" rebuychips="0" reg_code="5059602847"/>
</players>
</general>
<round no="0"><action no="1" player="Rakki" type="1" sum="10"/>
<action no="2" player="coccia1973" type="2" discard="1" dealt="1" sum="20"/>
</round>
<round no="1"><cards type="Pocket" player="Rakki">H8 S8</cards>
<cards type="Pocket" player="coccia1973">S4 C2</cards>
<cards type="Pocket" player="SuBandiduu">X X</cards>
<action no="3" player="SuBandiduu" type="0" discard="1" dealt="1" sum="0"/>
<action no="4" player="Rakki" type="23" sum="40"/>
<action no="5" player="coccia1973" type="7" discard="1" dealt="1" sum="20"/>
</round>
<round no="2"><cards type="Flop">S5 SQ HK</cards>
</round>
<round no="3"><cards type="Turn">H3</cards>
</round>
<round no="4"><cards type="River">HJ</cards>
</round>
</game>
<game gamecode="6478138245"><general><startdate>2025-09-13 18:34:38</startdate>
<round>1</round>
<failsafecounter/>
<players><player seat="3" name="SuBandiduu" chips="980" dealer="0" win="310" bet="155" muck="0" rebuy="0" addon="0" merge="0" rebuychips="0" reg_code="5059602831"/>
<player seat="6" name="Rakki" chips="520" dealer="1" win="0" bet="155" muck="1" rebuy="0" addon="0" merge="0" rebuychips="0" reg_code="5059602847"/>
</players>
</general>
<round no="0"><action no="1" player="Rakki" type="15" sum="5"/>
<action no="2" player="SuBandiduu" type="15" discard="1" dealt="1" sum="5"/>
<action no="3" player="Rakki" type="1" sum="15"/>
<action no="4" player="SuBandiduu" type="2" discard="1" dealt="1" sum="30"/>
</round>
<round no="1"><cards type="Pocket" player="SuBandiduu">CQ H6</cards>
<cards type="Pocket" player="Rakki">DK S2</cards>
<action no="5" player="Rakki" type="3" sum="15"/>
<action no="6" player="SuBandiduu" type="4" discard="1" dealt="1" sum="0"/>
</round>
<round no="2"><cards type="Flop">D6 C4 CJ</cards>
<action no="7" player="SuBandiduu" type="4" discard="1" dealt="1" sum="0"/>
<action no="8" player="Rakki" type="4" sum="0"/>
</round>
<round no="3"><cards type="Turn">HK</cards>
<action no="9" player="SuBandiduu" type="4" discard="1" dealt="1" sum="0"/>
<action no="10" player="Rakki" type="4" sum="0"/>
</round>
<round no="4"><cards type="River">C6</cards>
<action no="11" player="SuBandiduu" type="5" discard="1" dealt="1" sum="120"/>
<action no="12" player="Rakki" type="3" sum="120"/>
</round>
</game>
<game gamecode="6478138283"><general><startdate>2025-09-13 18:35:11</startdate>
<round>1</round>
<failsafecounter/>
<players><player seat="6" name="Rakki" chips="365" dealer="0" win="0" bet="35" muck="1" rebuy="0" addon="0" merge="0" rebuychips="0" reg_code="5059602847"/>
<player seat="3" name="SuBandiduu" chips="1,135" dealer="1" win="70" bet="1,135" muck="1" rebuy="0" addon="0" merge="0" rebuychips="0" reg_code="5059602831"/>
</players>
</general>
<round no="0"><action no="1" player="SuBandiduu" type="15" discard="1" dealt="1" sum="5"/>
<action no="2" player="Rakki" type="15" sum="5"/>
<action no="3" player="SuBandiduu" type="1" discard="1" dealt="1" sum="15"/>
<action no="4" player="Rakki" type="2" sum="30"/>
</round>
<round no="1"><cards type="Pocket" player="SuBandiduu">X X</cards>
<cards type="Pocket" player="Rakki">C9 D5</cards>
<action no="5" player="SuBandiduu" type="23" discard="1" dealt="1" sum="1,130"/>
<action no="6" player="Rakki" type="0" sum="0"/>
</round>
</game>
<game gamecode="6478138290"><general><startdate>2025-09-13 18:35:18</startdate>
<round>1</round>
<failsafecounter/>
<players><player seat="3" name="SuBandiduu" chips="1,170" dealer="0" win="330" bet="330" muck="0" rebuy="0" addon="0" merge="0" rebuychips="0" reg_code="5059602831"/>
<player seat="6" name="Rakki" chips="330" dealer="1" win="330" bet="330" muck="0" rebuy="0" addon="0" merge="0" rebuychips="0" reg_code="5059602847"/>
</players>
</general>
<round no="0"><action no="1" player="Rakki" type="15" sum="5"/>
<action no="2" player="SuBandiduu" type="15" discard="1" dealt="1" sum="5"/>
<action no="3" player="Rakki" type="1" sum="15"/>
<action no="4" player="SuBandiduu" type="2" discard="1" dealt="1" sum="30"/>
</round>
<round no="1"><cards type="Pocket" player="Rakki">SA H7</cards>
<cards type="Pocket" player="SuBandiduu">DA S3</cards>
<action no="5" player="Rakki" type="23" sum="325"/>
<action no="6" player="SuBandiduu" type="3" discard="1" dealt="1" sum="295"/>
</round>
<round no="2"><cards type="Flop">SQ S4 D8</cards>
</round>
<round no="3"><cards type="Turn">H9</cards>
</round>
<round no="4"><cards type="River">H10</cards>
</round>
</game>
<game gamecode="6478138303"><general><startdate>2025-09-13 18:35:34</startdate>
<round>1</round>
<failsafecounter/>
<players><player seat="6" name="Rakki" chips="330" dealer="0" win="70" bet="330" muck="1" rebuy="0" addon="0" merge="0" rebuychips="0" reg_code="5059602847"/>
<player seat="3" name="SuBandiduu" chips="1,170" dealer="1" win="0" bet="35" muck="1" rebuy="0" addon="0" merge="0" rebuychips="0" reg_code="5059602831"/>
</players>
</general>
<round no="0"><action no="1" player="SuBandiduu" type="15" discard="1" dealt="1" sum="5"/>
<action no="2" player="Rakki" type="15" sum="5"/>
<action no="3" player="SuBandiduu" type="1" discard="1" dealt="1" sum="15"/>
<action no="4" player="Rakki" type="2" sum="30"/>
</round>
<round no="1"><cards type="Pocket" player="SuBandiduu">X X</cards>
<cards type="Pocket" player="Rakki">D2 DA</cards>
<action no="5" player="SuBandiduu" type="3" discard="1" dealt="1" sum="15"/>
<action no="6" player="Rakki" type="23" sum="325"/>
<action no="7" player="SuBandiduu" type="0" discard="1" dealt="1" sum="0"/>
</round>
</game>
<game gamecode="6478138316"><general><startdate>2025-09-13 18:35:46</startdate>
<round>1</round>
<failsafecounter/>
<players><player seat="3" name="SuBandiduu" chips="1,135" dealer="0" win="70" bet="140" muck="1" rebuy="0" addon="0" merge="0" rebuychips="0" reg_code="5059602831"/>
<player seat="6" name="Rakki" chips="365" dealer="1" win="0" bet="35" muck="1" rebuy="0" addon="0" merge="0" rebuychips="0" reg_code="5059602847"/>
</players>
</general>
<round no="0"><action no="1" player="Rakki" type="15" sum="5"/>
<action no="2" player="SuBandiduu" type="15" discard="1" dealt="1" sum="5"/>
<action no="3" player="Rakki" type="1" sum="15"/>
<action no="4" player="SuBandiduu" type="2" discard="1" dealt="1" sum="30"/>
</round>
<round no="1"><cards type="Pocket" player="Rakki">C9 H8</cards>
<cards type="Pocket" player="SuBandiduu">X X</cards>
<action no="5" player="Rakki" type="3" sum="15"/>
<action no="6" player="SuBandiduu" type="23" discard="1" dealt="1" sum="135"/>
<action no="7" player="Rakki" type="0" sum="0"/>
</round>
</game>
<game gamecode="6478138331"><general><startdate>2025-09-13 18:36:01</startdate>
<round>1</round>
<failsafecounter/>
<players><player seat="6" name="Rakki" chips="330" dealer="0" win="0" bet="45" muck="1" rebuy="0" addon="0" merge="0" rebuychips="0" reg_code="5059602847"/>
<player seat="3" name="SuBandiduu" chips="1,170" dealer="1" win="90" bet="90" muck="1" rebuy="0" addon="0" merge="0" rebuychips="0" reg_code="5059602831"/>
</players>
</general>
<round no="0"><action no="1" player="SuBandiduu" type="15" discard="1" dealt="1" sum="5"/>
<action no="2" player="Rakki" type="15" sum="5"/>
<action no="3" player="SuBandiduu" type="1" discard="1" dealt="1" sum="20"/>
<action no="4" player="Rakki" type="2" sum="40"/>
</round>
<round no="1"><cards type="Pocket" player="SuBandiduu">X X</cards>
<cards type="Pocket" player="Rakki">SQ S8</cards>
<action no="5" player="SuBandiduu" type="3" discard="1" dealt="1" sum="20"/>
<action no="6" player="Rakki" type="4" sum="0"/>
</round>
<round no="2"><cards type="Flop">S5 H9 HK</cards>
<action no="7" player="Rakki" type="4" sum="0"/>
<action no="8" player="SuBandiduu" type="5" discard="1" dealt="1" sum="45"/>
<action no="9" player="Rakki" type="0" sum="0"/>
</round>
</game>
<game gamecode="6478138348"><general><startdate>2025-09-13 18:36:16</startdate>
<round>1</round>
<failsafecounter/>
<players><player seat="3" name="SuBandiduu" chips="1,215" dealer="0" win="0" bet="45" muck="1" rebuy="0" addon="0" merge="0" rebuychips="0" reg_code="5059602831"/>
<player seat="6" name="Rakki" chips="285" dealer="1" win="90" bet="285" muck="1" rebuy="0" addon="0" merge="0" rebuychips="0" reg_code="5059602847"/>
</players>
</general>
<round no="0"><action no="1" player="Rakki" type="15" sum="5"/>
<action no="2" player="SuBandiduu" type="15" discard="1" dealt="1" sum="5"/>
<action no="3" player="Rakki" type="1" sum="20"/>
<action no="4" player="SuBandiduu" type="2" discard="1" dealt="1" sum="40"/>
</round>
<round no="1"><cards type="Pocket" player="Rakki">HJ DA</cards>
<cards type="Pocket" player="SuBandiduu">X X</cards>
<action no="5" player="Rakki" type="23" sum="280"/>
<action no="6" player="SuBandiduu" type="0" discard="1" dealt="1" sum="0"/>
</round>
</game>
<game gamecode="6478138357"><general><startdate>2025-09-13 18:36:26</startdate>
<round>1</round>
<failsafecounter/>
<players><player seat="6" name="Rakki" chips="330" dealer="0" win="330" bet="330" muck="0" rebuy="0" addon="0" merge="0" rebuychips="0" reg_code="5059602847"/>
<player seat="3" name="SuBandiduu" chips="1,170" dealer="1" win="330" bet="330" muck="0" rebuy="0" addon="0" merge="0" rebuychips="0" reg_code="5059602831"/>
</players>
</general>
<round no="0"><action no="1" player="SuBandiduu" type="15" discard="1" dealt="1" sum="5"/>
<action no="2" player="Rakki" type="15" sum="5"/>
<action no="3" player="SuBandiduu" type="1" discard="1" dealt="1" sum="20"/>
<action no="4" player="Rakki" type="2" sum="40"/>
</round>
<round no="1"><cards type="Pocket" player="Rakki">H6 D3</cards>
<cards type="Pocket" player="SuBandiduu">H10 C6</cards>
<action no="5" player="SuBandiduu" type="3" discard="1" dealt="1" sum="20"/>
<action no="6" player="Rakki" type="4" sum="0"/>
</round>
<round no="2"><cards type="Flop">S6 CQ DQ</cards>
<action no="7" player="Rakki" type="4" sum="0"/>
<action no="8" player="SuBandiduu" type="5" discard="1" dealt="1" sum="45"/>
<action no="9" player="Rakki" type="23" sum="285"/>
<action no="10" player="SuBandiduu" type="3" discard="1" dealt="1" sum="240"/>
</round>
<round no="3"><cards type="Turn">HA</cards>
</round>
<round no="4"><cards type="River">HJ</cards>
</round>
</game>
<game gamecode="6478138391"><general><startdate>2025-09-13 18:36:50</startdate>
<round>1</round>
<failsafecounter/>
<players><player seat="3" name="SuBandiduu" chips="1,170" dealer="0" win="90" bet="1,170" muck="1" rebuy="0" addon="0" merge="0" rebuychips="0" reg_code="5059602831"/>
<player seat="6" name="Rakki" chips="330" dealer="1" win="0" bet="45" muck="1" rebuy="0" addon="0" merge="0" rebuychips="0" reg_code="5059602847"/>
</players>
</general>
<round no="0"><action no="1" player="Rakki" type="15" sum="5"/>
<action no="2" player="SuBandiduu" type="15" discard="1" dealt="1" sum="5"/>
<action no="3" player="Rakki" type="1" sum="20"/>
<action no="4" player="SuBandiduu" type="2" discard="1" dealt="1" sum="40"/>
</round>
<round no="1"><cards type="Pocket" player="SuBandiduu">X X</cards>
<cards type="Pocket" player="Rakki">D8 D2</cards>
<action no="5" player="Rakki" type="3" sum="20"/>
<action no="6" player="SuBandiduu" type="23" discard="1" dealt="1" sum="1,165"/>
<action no="7" player="Rakki" type="0" sum="0"/>
</round>
</game>
<game gamecode="6478138403"><general><startdate>2025-09-13 18:36:58</startdate>
<round>1</round>
<failsafecounter/>
<players><player seat="6" name="Rakki" chips="285" dealer="0" win="0" bet="45" muck="1" rebuy="0" addon="0" merge="0" rebuychips="0" reg_code="5059602847"/>
<player seat="3" name="SuBandiduu" chips="1,215" dealer="1" win="90" bet="1,215" muck="1" rebuy="0" addon="0" merge="0" rebuychips="0" reg_code="5059602831"/>
</players>
</general>
<round no="0"><action no="1" player="SuBandiduu" type="15" discard="1" dealt="1" sum="5"/>
<action no="2" player="Rakki" type="15" sum="5"/>
<action no="3" player="SuBandiduu" type="1" discard="1" dealt="1" sum="20"/>
<action no="4" player="Rakki" type="2" sum="40"/>
</round>
<round no="1"><cards type="Pocket" player="SuBandiduu">X X</cards>
<cards type="Pocket" player="Rakki">D4 S3</cards>
<action no="5" player="SuBandiduu" type="23" discard="1" dealt="1" sum="1,210"/>
<action no="6" player="Rakki" type="0" sum="0"/>
</round>
</game>
<game gamecode="6478138415"><general><startdate>2025-09-13 18:37:07</startdate>
<round>1</round>
<failsafecounter/>
<players><player seat="3" name="SuBandiduu" chips="1,260" dealer="0" win="480" bet="240" muck="0" rebuy="0" addon="0" merge="0" rebuychips="0" reg_code="5059602831"/>
<player seat="6" name="Rakki" chips="240" dealer="1" win="0" bet="240" muck="0" rebuy="0" addon="0" merge="0" rebuychips="0" reg_code="5059602847"/>
</players>
</general>
<round no="0"><action no="1" player="Rakki" type="15" sum="5"/>
<action no="2" player="SuBandiduu" type="15" discard="1" dealt="1" sum="5"/>
<action no="3" player="Rakki" type="1" sum="20"/>
<action no="4" player="SuBandiduu" type="2" discard="1" dealt="1" sum="40"/>
</round>
<round no="1"><cards type="Pocket" player="Rakki">S9 C10</cards>
<cards type="Pocket" player="SuBandiduu">HK DQ</cards>
<action no="5" player="Rakki" type="23" sum="235"/>
<action no="6" player="SuBandiduu" type="3" discard="1" dealt="1" sum="195"/>
</round>
<round no="2"><cards type="Flop">H6 H2 H8</cards>
</round>
<round no="3"><cards type="Turn">SK</cards>
</round>
<round no="4"><cards type="River">S6</cards>
</round>
</game>
</session>
