<?xml version="1.0" encoding="UTF-8"?>
<session sessioncode="5066112700">
<general>
<client_version>25.1.1.16</client_version>
<mode>real</mode>
<gametype>Holdem NL</gametype>
<tablename>Twister €200 SNG, 819691575</tablename>
<tournamentcode>819679182</tournamentcode>
<tournamentname>Twister €200 SNG</tournamentname>
<buyin>€0 + €12 + €188</buyin>
<totalbuyin>€200</totalbuyin>
<rewarddrawn>€600</rewarddrawn>
<tournamentcurrency>EUR</tournamentcurrency>
<currency>EUR</currency>
<nickname>KOPKHUNKRAP</nickname>
<gamecount>34</gamecount>
<startdate>2025-10-14 11:39:03</startdate>
<place>1</place>
<win>€600</win>
<tablesize>3</tablesize>
</general>
<game gamecode="6504778644"><general><startdate>2025-10-14 11:39:18</startdate>
<round>1</round>
<failsafecounter/>
<players><player seat="10" name="Exivezzz2323" chips="500" dealer="0" win="40" bet="60" muck="1" rebuy="0" addon="0" merge="0" rebuychips="0" reg_code="5066114080"/>
<player seat="3" name="KOPKHUNKRAP" chips="500" dealer="1" win="0" bet="0" muck="1" rebuy="0" addon="0" merge="0" rebuychips="0" reg_code="5066112700"/>
<player seat="6" name="deIduKA" chips="500" dealer="0" win="0" bet="20" muck="1" rebuy="0" addon="0" merge="0" rebuychips="0" reg_code="5066113599"/>
</players>
</general>
<round no="0"><action no="1" player="deIduKA" type="1" discard="1" dealt="1" sum="10"/>
<action no="2" player="Exivezzz2323" type="2" discard="1" dealt="1" sum="20"/>
</round>
<round no="1"><cards type="Pocket" player="deIduKA">X X</cards>
<cards type="Pocket" player="Exivezzz2323">X X</cards>
<cards type="Pocket" player="KOPKHUNKRAP">D6 D4</cards>
<action no="3" player="KOPKHUNKRAP" type="0" sum="0"/>
<action no="4" player="deIduKA" type="3" discard="1" dealt="1" sum="10"/>
<action no="5" player="Exivezzz2323" type="23" discard="1" dealt="1" sum="60"/>
<action no="6" player="deIduKA" type="0" discard="1" dealt="1" sum="0"/>
</round>
</game>
<game gamecode="6504778683"><general><startdate>2025-10-14 11:39:34</startdate>
<round>1</round>
<failsafecounter/>
<players><player seat="3" name="KOPKHUNKRAP" chips="500" dealer="0" win="0" bet="20" muck="1" rebuy="0" addon="0" merge="0" rebuychips="0" reg_code="5066112700"/>
<player seat="6" name="deIduKA" chips="480" dealer="1" win="0" bet="0" muck="1" rebuy="0" addon="0" merge="0" rebuychips="0" reg_code="5066113599"/>
<player seat="10" name="Exivezzz2323" chips="520" dealer="0" win="40" bet="50" muck="1" rebuy="0" addon="0" merge="0" rebuychips="0" reg_code="5066114080"/>
</players>
</general>
<round no="0"><action no="1" player="Exivezzz2323" type="1" discard="1" dealt="1" sum="10"/>
<action no="2" player="KOPKHUNKRAP" type="2" sum="20"/>
</round>
<round no="1"><cards type="Pocket" player="deIduKA">X X</cards>
<cards type="Pocket" player="Exivezzz2323">X X</cards>
<cards type="Pocket" player="KOPKHUNKRAP">D5 S9</cards>
<action no="3" player="deIduKA" type="0" discard="1" dealt="1" sum="0"/>
<action no="4" player="Exivezzz2323" type="23" discard="1" dealt="1" sum="50"/>
<action no="5" player="KOPKHUNKRAP" type="0" sum="0"/>
</round>
</game>
<game gamecode="6504778708"><general><startdate>2025-10-14 11:39:44</startdate>
<round>1</round>
<failsafecounter/>
<players><player seat="6" name="deIduKA" chips="480" dealer="0" win="20" bet="20" muck="1" rebuy="0" addon="0" merge="0" rebuychips="0" reg_code="5066113599"/>
<player seat="10" name="Exivezzz2323" chips="540" dealer="1" win="0" bet="0" muck="1" rebuy="0" addon="0" merge="0" rebuychips="0" reg_code="5066114080"/>
<player seat="3" name="KOPKHUNKRAP" chips="480" dealer="0" win="0" bet="10" muck="1" rebuy="0" addon="0" merge="0" rebuychips="0" reg_code="5066112700"/>
</players>
</general>
<round no="0"><action no="1" player="KOPKHUNKRAP" type="1" sum="10"/>
<action no="2" player="deIduKA" type="2" discard="1" dealt="1" sum="20"/>
</round>
<round no="1"><cards type="Pocket" player="deIduKA">X X</cards>
<cards type="Pocket" player="Exivezzz2323">X X</cards>
<cards type="Pocket" player="KOPKHUNKRAP">D7 C2</cards>
<action no="3" player="Exivezzz2323" type="0" discard="1" dealt="1" sum="0"/>
<action no="4" player="KOPKHUNKRAP" type="0" sum="0"/>
</round>
</game>
<game gamecode="6504778733"><general><startdate>2025-10-14 11:39:52</startdate>
<round>1</round>
<failsafecounter/>
<players><player seat="10" name="Exivezzz2323" chips="540" dealer="0" win="0" bet="145" muck="1" rebuy="0" addon="0" merge="0" rebuychips="0" reg_code="5066114080"/>
<player seat="3" name="KOPKHUNKRAP" chips="470" dealer="1" win="300" bet="145" muck="0" rebuy="0" addon="0" merge="0" rebuychips="0" reg_code="5066112700"/>
<player seat="6" name="deIduKA" chips="490" dealer="0" win="0" bet="10" muck="1" rebuy="0" addon="0" merge="0" rebuychips="0" reg_code="5066113599"/>
</players>
</general>
<round no="0"><action no="1" player="deIduKA" type="1" discard="1" dealt="1" sum="10"/>
<action no="2" player="Exivezzz2323" type="2" discard="1" dealt="1" sum="20"/>
</round>
<round no="1"><cards type="Pocket" player="Exivezzz2323">H7 D5</cards>
<cards type="Pocket" player="KOPKHUNKRAP">DQ D8</cards>
<cards type="Pocket" player="deIduKA">X X</cards>
<action no="3" player="KOPKHUNKRAP" type="23" sum="40"/>
<action no="4" player="deIduKA" type="0" discard="1" dealt="1" sum="0"/>
<action no="5" player="Exivezzz2323" type="3" discard="1" dealt="1" sum="20"/>
</round>
<round no="2"><cards type="Flop">D6 S8 CA</cards>
<action no="6" player="Exivezzz2323" type="4" discard="1" dealt="1" sum="0"/>
<action no="7" player="KOPKHUNKRAP" type="5" sum="30"/>
<action no="8" player="Exivezzz2323" type="3" discard="1" dealt="1" sum="30"/>
</round>
<round no="3"><cards type="Turn">H5</cards>
<action no="9" player="Exivezzz2323" type="4" discard="1" dealt="1" sum="0"/>
<action no="10" player="KOPKHUNKRAP" type="5" sum="75"/>
<action no="11" player="Exivezzz2323" type="3" discard="1" dealt="1" sum="75"/>
</round>
<round no="4"><cards type="River">CK</cards>
<action no="12" player="Exivezzz2323" type="4" discard="1" dealt="1" sum="0"/>
<action no="13" player="KOPKHUNKRAP" type="4" sum="0"/>
</round>
</game>
<game gamecode="6504778802"><general><startdate>2025-10-14 11:40:19</startdate>
<round>1</round>
<failsafecounter/>
<players><player seat="3" name="KOPKHUNKRAP" chips="625" dealer="0" win="0" bet="20" muck="1" rebuy="0" addon="0" merge="0" rebuychips="0" reg_code="5066112700"/>
<player seat="6" name="deIduKA" chips="480" dealer="1" win="0" bet="0" muck="1" rebuy="0" addon="0" merge="0" rebuychips="0" reg_code="5066113599"/>
<player seat="10" name="Exivezzz2323" chips="395" dealer="0" win="40" bet="40" muck="1" rebuy="0" addon="0" merge="0" rebuychips="0" reg_code="5066114080"/>
</players>
</general>
<round no="0"><action no="1" player="Exivezzz2323" type="1" discard="1" dealt="1" sum="10"/>
<action no="2" player="KOPKHUNKRAP" type="2" sum="20"/>
</round>
<round no="1"><cards type="Pocket" player="KOPKHUNKRAP">H10 S3</cards>
<cards type="Pocket" player="Exivezzz2323">X X</cards>
<cards type="Pocket" player="deIduKA">X X</cards>
<action no="3" player="deIduKA" type="0" discard="1" dealt="1" sum="0"/>
<action no="4" player="Exivezzz2323" type="3" discard="1" dealt="1" sum="10"/>
<action no="5" player="KOPKHUNKRAP" type="4" sum="0"/>
</round>
<round no="2"><cards type="Flop">D7 CQ HJ</cards>
<action no="6" player="Exivezzz2323" type="5" discard="1" dealt="1" sum="20"/>
<action no="7" player="KOPKHUNKRAP" type="0" sum="0"/>
</round>
</game>
<game gamecode="6504778839"><general><startdate>2025-10-14 11:40:34</startdate>
<round>1</round>
<failsafecounter/>
<players><player seat="6" name="deIduKA" chips="480" dealer="0" win="0" bet="20" muck="1" rebuy="0" addon="0" merge="0" rebuychips="0" reg_code="5066113599"/>
<player seat="10" name="Exivezzz2323" chips="415" dealer="1" win="0" bet="0" muck="1" rebuy="0" addon="0" merge="0" rebuychips="0" reg_code="5066114080"/>
<player seat="3" name="KOPKHUNKRAP" chips="605" dealer="0" win="40" bet="605" muck="1" rebuy="0" addon="0" merge="0" rebuychips="0" reg_code="5066112700"/>
</players>
</general>
<round no="0"><action no="1" player="KOPKHUNKRAP" type="1" sum="10"/>
<action no="2" player="deIduKA" type="2" discard="1" dealt="1" sum="20"/>
</round>
<round no="1"><cards type="Pocket" player="KOPKHUNKRAP">HA S10</cards>
<cards type="Pocket" player="Exivezzz2323">X X</cards>
<cards type="Pocket" player="deIduKA">X X</cards>
<action no="3" player="Exivezzz2323" type="0" discard="1" dealt="1" sum="0"/>
<action no="4" player="KOPKHUNKRAP" type="23" sum="605"/>
<action no="5" player="deIduKA" type="0" discard="1" dealt="1" sum="0"/>
</round>
</game>
<game gamecode="6504778872"><general><startdate>2025-10-14 11:40:47</startdate>
<round>1</round>
<failsafecounter/>
<players><player seat="10" name="Exivezzz2323" chips="415" dealer="0" win="0" bet="70" muck="1" rebuy="0" addon="0" merge="0" rebuychips="0" reg_code="5066114080"/>
<player seat="3" name="KOPKHUNKRAP" chips="625" dealer="1" win="150" bet="70" muck="0" rebuy="0" addon="0" merge="0" rebuychips="0" reg_code="5066112700"/>
<player seat="6" name="deIduKA" chips="460" dealer="0" win="0" bet="10" muck="1" rebuy="0" addon="0" merge="0" rebuychips="0" reg_code="5066113599"/>
</players>
</general>
<round no="0"><action no="1" player="deIduKA" type="1" discard="1" dealt="1" sum="10"/>
<action no="2" player="Exivezzz2323" type="2" discard="1" dealt="1" sum="20"/>
</round>
<round no="1"><cards type="Pocket" player="KOPKHUNKRAP">C8 S8</cards>
<cards type="Pocket" player="deIduKA">X X</cards>
<cards type="Pocket" player="Exivezzz2323">S7 CK</cards>
<action no="3" player="KOPKHUNKRAP" type="23" sum="40"/>
<action no="4" player="deIduKA" type="0" discard="1" dealt="1" sum="0"/>
<action no="5" player="Exivezzz2323" type="3" discard="1" dealt="1" sum="20"/>
</round>
<round no="2"><cards type="Flop">C10 D7 SQ</cards>
<action no="6" player="Exivezzz2323" type="4" discard="1" dealt="1" sum="0"/>
<action no="7" player="KOPKHUNKRAP" type="5" sum="30"/>
<action no="8" player="Exivezzz2323" type="3" discard="1" dealt="1" sum="30"/>
</round>
<round no="3"><cards type="Turn">D3</cards>
<action no="9" player="Exivezzz2323" type="4" discard="1" dealt="1" sum="0"/>
<action no="10" player="KOPKHUNKRAP" type="4" sum="0"/>
</round>
<round no="4"><cards type="River">H6</cards>
<action no="11" player="Exivezzz2323" type="4" discard="1" dealt="1" sum="0"/>
<action no="12" player="KOPKHUNKRAP" type="4" sum="0"/>
</round>
</game>
<game gamecode="6504778954"><general><startdate>2025-10-14 11:41:19</startdate>
<round>1</round>
<failsafecounter/>
<players><player seat="3" name="KOPKHUNKRAP" chips="705" dealer="0" win="0" bet="35" muck="1" rebuy="0" addon="0" merge="0" rebuychips="0" reg_code="5066112700"/>
<player seat="6" name="deIduKA" chips="450" dealer="1" win="0" bet="5" muck="1" rebuy="0" addon="0" merge="0" rebuychips="0" reg_code="5066113599"/>
<player seat="10" name="Exivezzz2323" chips="345" dealer="0" win="75" bet="65" muck="1" rebuy="0" addon="0" merge="0" rebuychips="0" reg_code="5066114080"/>
</players>
</general>
<round no="0"><action no="1" player="Exivezzz2323" type="15" discard="1" dealt="1" sum="5"/>
<action no="2" player="KOPKHUNKRAP" type="15" sum="5"/>
<action no="3" player="deIduKA" type="15" discard="1" dealt="1" sum="5"/>
<action no="4" player="Exivezzz2323" type="1" discard="1" dealt="1" sum="15"/>
<action no="5" player="KOPKHUNKRAP" type="2" sum="30"/>
</round>
<round no="1"><cards type="Pocket" player="KOPKHUNKRAP">CJ C5</cards>
<cards type="Pocket" player="deIduKA">X X</cards>
<cards type="Pocket" player="Exivezzz2323">X X</cards>
<action no="6" player="deIduKA" type="0" discard="1" dealt="1" sum="0"/>
<action no="7" player="Exivezzz2323" type="3" discard="1" dealt="1" sum="15"/>
<action no="8" player="KOPKHUNKRAP" type="4" sum="0"/>
</round>
<round no="2"><cards type="Flop">SK C6 DQ</cards>
<action no="9" player="Exivezzz2323" type="5" discard="1" dealt="1" sum="30"/>
<action no="10" player="KOPKHUNKRAP" type="0" sum="0"/>
</round>
</game>
<game gamecode="6504779014"><general><startdate>2025-10-14 11:41:45</startdate>
<round>1</round>
<failsafecounter/>
<players><player seat="6" name="deIduKA" chips="445" dealer="0" win="45" bet="35" muck="1" rebuy="0" addon="0" merge="0" rebuychips="0" reg_code="5066113599"/>
<player seat="10" name="Exivezzz2323" chips="385" dealer="1" win="0" bet="5" muck="1" rebuy="0" addon="0" merge="0" rebuychips="0" reg_code="5066114080"/>
<player seat="3" name="KOPKHUNKRAP" chips="670" dealer="0" win="0" bet="20" muck="1" rebuy="0" addon="0" merge="0" rebuychips="0" reg_code="5066112700"/>
</players>
</general>
<round no="0"><action no="1" player="KOPKHUNKRAP" type="15" sum="5"/>
<action no="2" player="deIduKA" type="15" discard="1" dealt="1" sum="5"/>
<action no="3" player="Exivezzz2323" type="15" discard="1" dealt="1" sum="5"/>
<action no="4" player="KOPKHUNKRAP" type="1" sum="15"/>
<action no="5" player="deIduKA" type="2" discard="1" dealt="1" sum="30"/>
</round>
<round no="1"><cards type="Pocket" player="KOPKHUNKRAP">C3 S6</cards>
<cards type="Pocket" player="Exivezzz2323">X X</cards>
<cards type="Pocket" player="deIduKA">X X</cards>
<action no="6" player="Exivezzz2323" type="0" discard="1" dealt="1" sum="0"/>
<action no="7" player="KOPKHUNKRAP" type="0" sum="0"/>
</round>
</game>
<game gamecode="6504779034"><general><startdate>2025-10-14 11:41:51</startdate>
<round>1</round>
<failsafecounter/>
<players><player seat="10" name="Exivezzz2323" chips="380" dealer="0" win="0" bet="35" muck="1" rebuy="0" addon="0" merge="0" rebuychips="0" reg_code="5066114080"/>
<player seat="3" name="KOPKHUNKRAP" chips="650" dealer="1" win="0" bet="5" muck="1" rebuy="0" addon="0" merge="0" rebuychips="0" reg_code="5066112700"/>
<player seat="6" name="deIduKA" chips="470" dealer="0" win="75" bet="470" muck="1" rebuy="0" addon="0" merge="0" rebuychips="0" reg_code="5066113599"/>
</players>
</general>
<round no="0"><action no="1" player="deIduKA" type="15" discard="1" dealt="1" sum="5"/>
<action no="2" player="Exivezzz2323" type="15" discard="1" dealt="1" sum="5"/>
<action no="3" player="KOPKHUNKRAP" type="15" sum="5"/>
<action no="4" player="deIduKA" type="1" discard="1" dealt="1" sum="15"/>
<action no="5" player="Exivezzz2323" type="2" discard="1" dealt="1" sum="30"/>
</round>
<round no="1"><cards type="Pocket" player="KOPKHUNKRAP">HQ D4</cards>
<cards type="Pocket" player="deIduKA">X X</cards>
<cards type="Pocket" player="Exivezzz2323">X X</cards>
<action no="6" player="KOPKHUNKRAP" type="0" sum="0"/>
<action no="7" player="deIduKA" type="23" discard="1" dealt="1" sum="465"/>
<action no="8" player="Exivezzz2323" type="0" discard="1" dealt="1" sum="0"/>
</round>
</game>
<game gamecode="6504779051"><general><startdate>2025-10-14 11:42:00</startdate>
<round>1</round>
<failsafecounter/>
<players><player seat="3" name="KOPKHUNKRAP" chips="645" dealer="0" win="0" bet="35" muck="1" rebuy="0" addon="0" merge="0" rebuychips="0" reg_code="5066112700"/>
<player seat="6" name="deIduKA" chips="510" dealer="1" win="0" bet="5" muck="1" rebuy="0" addon="0" merge="0" rebuychips="0" reg_code="5066113599"/>
<player seat="10" name="Exivezzz2323" chips="345" dealer="0" win="75" bet="345" muck="1" rebuy="0" addon="0" merge="0" rebuychips="0" reg_code="5066114080"/>
</players>
</general>
<round no="0"><action no="1" player="Exivezzz2323" type="15" discard="1" dealt="1" sum="5"/>
<action no="2" player="KOPKHUNKRAP" type="15" sum="5"/>
<action no="3" player="deIduKA" type="15" discard="1" dealt="1" sum="5"/>
<action no="4" player="Exivezzz2323" type="1" discard="1" dealt="1" sum="15"/>
<action no="5" player="KOPKHUNKRAP" type="2" sum="30"/>
</round>
<round no="1"><cards type="Pocket" player="deIduKA">X X</cards>
<cards type="Pocket" player="Exivezzz2323">X X</cards>
<cards type="Pocket" player="KOPKHUNKRAP">C7 HQ</cards>
<action no="6" player="deIduKA" type="0" discard="1" dealt="1" sum="0"/>
<action no="7" player="Exivezzz2323" type="23" discard="1" dealt="1" sum="340"/>
<action no="8" player="KOPKHUNKRAP" type="0" sum="0"/>
</round>
</game>
<game gamecode="6504779082"><general><startdate>2025-10-14 11:42:11</startdate>
<round>1</round>
<failsafecounter/>
<players><player seat="6" name="deIduKA" chips="505" dealer="0" win="0" bet="35" muck="1" rebuy="0" addon="0" merge="0" rebuychips="0" reg_code="5066113599"/>
<player seat="10" name="Exivezzz2323" chips="385" dealer="1" win="805" bet="385" muck="0" rebuy="0" addon="0" merge="0" rebuychips="0" reg_code="5066114080"/>
<player seat="3" name="KOPKHUNKRAP" chips="610" dealer="0" win="0" bet="610" muck="1" rebuy="0" addon="0" merge="0" rebuychips="0" reg_code="5066112700"/>
</players>
</general>
<round no="0"><action no="1" player="KOPKHUNKRAP" type="15" sum="5"/>
<action no="2" player="deIduKA" type="15" discard="1" dealt="1" sum="5"/>
<action no="3" player="Exivezzz2323" type="15" discard="1" dealt="1" sum="5"/>
<action no="4" player="KOPKHUNKRAP" type="1" sum="15"/>
<action no="5" player="deIduKA" type="2" discard="1" dealt="1" sum="30"/>
</round>
<round no="1"><cards type="Pocket" player="deIduKA">X X</cards>
<cards type="Pocket" player="KOPKHUNKRAP">SK D10</cards>
<cards type="Pocket" player="Exivezzz2323">SQ CK</cards>
<action no="6" player="Exivezzz2323" type="23" discard="1" dealt="1" sum="380"/>
<action no="7" player="KOPKHUNKRAP" type="7" sum="590"/>
<action no="8" player="deIduKA" type="0" discard="1" dealt="1" sum="0"/>
</round>
<round no="2"><cards type="Flop">H9 CJ H2</cards>
</round>
<round no="3"><cards type="Turn">D5</cards>
</round>
<round no="4"><cards type="River">HJ</cards>
</round>
</game>
<game gamecode="6504779159"><general><startdate>2025-10-14 11:42:39</startdate>
<round>1</round>
<failsafecounter/>
<players><player seat="10" name="Exivezzz2323" chips="805" dealer="0" win="238" bet="225" muck="0" rebuy="0" addon="0" merge="0" rebuychips="0" reg_code="5066114080"/>
<player seat="3" name="KOPKHUNKRAP" chips="225" dealer="1" win="237" bet="225" muck="0" rebuy="0" addon="0" merge="0" rebuychips="0" reg_code="5066112700"/>
<player seat="6" name="deIduKA" chips="470" dealer="0" win="0" bet="25" muck="1" rebuy="0" addon="0" merge="0" rebuychips="0" reg_code="5066113599"/>
</players>
</general>
<round no="0"><action no="1" player="deIduKA" type="15" discard="1" dealt="1" sum="5"/>
<action no="2" player="Exivezzz2323" type="15" discard="1" dealt="1" sum="5"/>
<action no="3" player="KOPKHUNKRAP" type="15" sum="5"/>
<action no="4" player="deIduKA" type="1" discard="1" dealt="1" sum="20"/>
<action no="5" player="Exivezzz2323" type="2" discard="1" dealt="1" sum="40"/>
</round>
<round no="1"><cards type="Pocket" player="deIduKA">X X</cards>
<cards type="Pocket" player="Exivezzz2323">CA H9</cards>
<cards type="Pocket" player="KOPKHUNKRAP">C9 SA</cards>
<action no="6" player="KOPKHUNKRAP" type="23" sum="220"/>
<action no="7" player="deIduKA" type="0" discard="1" dealt="1" sum="0"/>
<action no="8" player="Exivezzz2323" type="3" discard="1" dealt="1" sum="180"/>
</round>
<round no="2"><cards type="Flop">D8 CJ D4</cards>
</round>
<round no="3"><cards type="Turn">D10</cards>
</round>
<round no="4"><cards type="River">C10</cards>
</round>
</game>
<game gamecode="6504779226"><general><startdate>2025-10-14 11:43:01</startdate>
<round>1</round>
<failsafecounter/>
<players><player seat="3" name="KOPKHUNKRAP" chips="237" dealer="0" win="479" bet="237" muck="0" rebuy="0" addon="0" merge="0" rebuychips="0" reg_code="5066112700"/>
<player seat="6" name="deIduKA" chips="445" dealer="1" win="0" bet="5" muck="1" rebuy="0" addon="0" merge="0" rebuychips="0" reg_code="5066113599"/>
<player seat="10" name="Exivezzz2323" chips="818" dealer="0" win="0" bet="818" muck="1" rebuy="0" addon="0" merge="0" rebuychips="0" reg_code="5066114080"/>
</players>
</general>
<round no="0"><action no="1" player="Exivezzz2323" type="15" discard="1" dealt="1" sum="5"/>
<action no="2" player="KOPKHUNKRAP" type="15" sum="5"/>
<action no="3" player="deIduKA" type="15" discard="1" dealt="1" sum="5"/>
<action no="4" player="Exivezzz2323" type="1" discard="1" dealt="1" sum="20"/>
<action no="5" player="KOPKHUNKRAP" type="2" sum="40"/>
</round>
<round no="1"><cards type="Pocket" player="Exivezzz2323">D3 S10</cards>
<cards type="Pocket" player="KOPKHUNKRAP">DK H6</cards>
<cards type="Pocket" player="deIduKA">X X</cards>
<action no="6" player="deIduKA" type="0" discard="1" dealt="1" sum="0"/>
<action no="7" player="Exivezzz2323" type="23" discard="1" dealt="1" sum="813"/>
<action no="8" player="KOPKHUNKRAP" type="7" sum="192"/>
</round>
<round no="2"><cards type="Flop">C6 C7 D6</cards>
</round>
<round no="3"><cards type="Turn">SJ</cards>
</round>
<round no="4"><cards type="River">SA</cards>
</round>
</game>
<game gamecode="6504779291"><general><startdate>2025-10-14 11:43:24</startdate>
<round>1</round>
<failsafecounter/>
<players><player seat="6" name="deIduKA" chips="440" dealer="0" win="0" bet="45" muck="1" rebuy="0" addon="0" merge="0" rebuychips="0" reg_code="5066113599"/>
<player seat="10" name="Exivezzz2323" chips="581" dealer="1" win="0" bet="85" muck="1" rebuy="0" addon="0" merge="0" rebuychips="0" reg_code="5066114080"/>
<player seat="3" name="KOPKHUNKRAP" chips="479" dealer="0" win="215" bet="479" muck="1" rebuy="0" addon="0" merge="0" rebuychips="0" reg_code="5066112700"/>
</players>
</general>
<round no="0"><action no="1" player="KOPKHUNKRAP" type="15" sum="5"/>
<action no="2" player="deIduKA" type="15" discard="1" dealt="1" sum="5"/>
<action no="3" player="Exivezzz2323" type="15" discard="1" dealt="1" sum="5"/>
<action no="4" player="KOPKHUNKRAP" type="1" sum="20"/>
<action no="5" player="deIduKA" type="2" discard="1" dealt="1" sum="40"/>
</round>
<round no="1"><cards type="Pocket" player="deIduKA">X X</cards>
<cards type="Pocket" player="KOPKHUNKRAP">C7 SA</cards>
<cards type="Pocket" player="Exivezzz2323">X X</cards>
<action no="6" player="Exivezzz2323" type="23" discard="1" dealt="1" sum="80"/>
<action no="7" player="KOPKHUNKRAP" type="23" sum="474"/>
<action no="8" player="deIduKA" type="0" discard="1" dealt="1" sum="0"/>
<action no="9" player="Exivezzz2323" type="0" discard="1" dealt="1" sum="0"/>
</round>
</game>
<game gamecode="6504779361"><general><startdate>2025-10-14 11:43:49</startdate>
<round>1</round>
<failsafecounter/>
<players><player seat="10" name="Exivezzz2323" chips="496" dealer="0" win="0" bet="45" muck="1" rebuy="0" addon="0" merge="0" rebuychips="0" reg_code="5066114080"/>
<player seat="3" name="KOPKHUNKRAP" chips="609" dealer="1" win="0" bet="609" muck="0" rebuy="0" addon="0" merge="0" rebuychips="0" reg_code="5066112700"/>
<player seat="6" name="deIduKA" chips="395" dealer="0" win="835" bet="395" muck="0" rebuy="0" addon="0" merge="0" rebuychips="0" reg_code="5066113599"/>
</players>
</general>
<round no="0"><action no="1" player="deIduKA" type="15" discard="1" dealt="1" sum="5"/>
<action no="2" player="Exivezzz2323" type="15" discard="1" dealt="1" sum="5"/>
<action no="3" player="KOPKHUNKRAP" type="15" sum="5"/>
<action no="4" player="deIduKA" type="1" discard="1" dealt="1" sum="20"/>
<action no="5" player="Exivezzz2323" type="2" discard="1" dealt="1" sum="40"/>
</round>
<round no="1"><cards type="Pocket" player="KOPKHUNKRAP">D9 D10</cards>
<cards type="Pocket" player="Exivezzz2323">X X</cards>
<cards type="Pocket" player="deIduKA">CQ HQ</cards>
<action no="6" player="KOPKHUNKRAP" type="23" sum="604"/>
<action no="7" player="deIduKA" type="7" discard="1" dealt="1" sum="370"/>
<action no="8" player="Exivezzz2323" type="0" discard="1" dealt="1" sum="0"/>
</round>
<round no="2"><cards type="Flop">SQ H10 H9</cards>
</round>
<round no="3"><cards type="Turn">S10</cards>
</round>
<round no="4"><cards type="River">CA</cards>
</round>
</game>
<game gamecode="6504779433"><general><startdate>2025-10-14 11:44:10</startdate>
<round>1</round>
<failsafecounter/>
<players><player seat="3" name="KOPKHUNKRAP" chips="214" dealer="0" win="55" bet="45" muck="1" rebuy="0" addon="0" merge="0" rebuychips="0" reg_code="5066112700"/>
<player seat="6" name="deIduKA" chips="835" dealer="1" win="0" bet="5" muck="1" rebuy="0" addon="0" merge="0" rebuychips="0" reg_code="5066113599"/>
<player seat="10" name="Exivezzz2323" chips="451" dealer="0" win="0" bet="25" muck="1" rebuy="0" addon="0" merge="0" rebuychips="0" reg_code="5066114080"/>
</players>
</general>
<round no="0"><action no="1" player="Exivezzz2323" type="15" discard="1" dealt="1" sum="5"/>
<action no="2" player="KOPKHUNKRAP" type="15" sum="5"/>
<action no="3" player="deIduKA" type="15" discard="1" dealt="1" sum="5"/>
<action no="4" player="Exivezzz2323" type="1" discard="1" dealt="1" sum="20"/>
<action no="5" player="KOPKHUNKRAP" type="2" sum="40"/>
</round>
<round no="1"><cards type="Pocket" player="deIduKA">X X</cards>
<cards type="Pocket" player="KOPKHUNKRAP">HJ H5</cards>
<cards type="Pocket" player="Exivezzz2323">X X</cards>
<action no="6" player="deIduKA" type="0" discard="1" dealt="1" sum="0"/>
<action no="7" player="Exivezzz2323" type="0" discard="1" dealt="1" sum="0"/>
</round>
</game>
<game gamecode="6504779458"><general><startdate>2025-10-14 11:44:19</startdate>
<round>1</round>
<failsafecounter/>
<players><player seat="6" name="deIduKA" chips="830" dealer="0" win="0" bet="244" muck="1" rebuy="0" addon="0" merge="0" rebuychips="0" reg_code="5066113599"/>
<player seat="10" name="Exivezzz2323" chips="426" dealer="1" win="0" bet="5" muck="1" rebuy="0" addon="0" merge="0" rebuychips="0" reg_code="5066114080"/>
<player seat="3" name="KOPKHUNKRAP" chips="244" dealer="0" win="493" bet="244" muck="0" rebuy="0" addon="0" merge="0" rebuychips="0" reg_code="5066112700"/>
</players>
</general>
<round no="0"><action no="1" player="KOPKHUNKRAP" type="15" sum="5"/>
<action no="2" player="deIduKA" type="15" discard="1" dealt="1" sum="5"/>
<action no="3" player="Exivezzz2323" type="15" discard="1" dealt="1" sum="5"/>
<action no="4" player="KOPKHUNKRAP" type="1" sum="30"/>
<action no="5" player="deIduKA" type="2" discard="1" dealt="1" sum="60"/>
</round>
<round no="1"><cards type="Pocket" player="Exivezzz2323">X X</cards>
<cards type="Pocket" player="KOPKHUNKRAP">H7 H5</cards>
<cards type="Pocket" player="deIduKA">C5 S10</cards>
<action no="6" player="Exivezzz2323" type="0" discard="1" dealt="1" sum="0"/>
<action no="7" player="KOPKHUNKRAP" type="23" sum="239"/>
<action no="8" player="deIduKA" type="3" discard="1" dealt="1" sum="179"/>
</round>
<round no="2"><cards type="Flop">DQ DA C6</cards>
</round>
<round no="3"><cards type="Turn">S7</cards>
</round>
<round no="4"><cards type="River">S8</cards>
</round>
</game>
<game gamecode="6504779513"><general><startdate>2025-10-14 11:44:38</startdate>
<round>1</round>
<failsafecounter/>
<players><player seat="10" name="Exivezzz2323" chips="421" dealer="0" win="0" bet="65" muck="1" rebuy="0" addon="0" merge="0" rebuychips="0" reg_code="5066114080"/>
<player seat="3" name="KOPKHUNKRAP" chips="493" dealer="1" win="0" bet="5" muck="1" rebuy="0" addon="0" merge="0" rebuychips="0" reg_code="5066112700"/>
<player seat="6" name="deIduKA" chips="586" dealer="0" win="135" bet="586" muck="1" rebuy="0" addon="0" merge="0" rebuychips="0" reg_code="5066113599"/>
</players>
</general>
<round no="0"><action no="1" player="deIduKA" type="15" discard="1" dealt="1" sum="5"/>
<action no="2" player="Exivezzz2323" type="15" discard="1" dealt="1" sum="5"/>
<action no="3" player="KOPKHUNKRAP" type="15" sum="5"/>
<action no="4" player="deIduKA" type="1" discard="1" dealt="1" sum="30"/>
<action no="5" player="Exivezzz2323" type="2" discard="1" dealt="1" sum="60"/>
</round>
<round no="1"><cards type="Pocket" player="Exivezzz2323">X X</cards>
<cards type="Pocket" player="deIduKA">X X</cards>
<cards type="Pocket" player="KOPKHUNKRAP">H6 C9</cards>
<action no="6" player="KOPKHUNKRAP" type="0" sum="0"/>
<action no="7" player="deIduKA" type="23" discard="1" dealt="1" sum="581"/>
<action no="8" player="Exivezzz2323" type="0" discard="1" dealt="1" sum="0"/>
</round>
</game>
<game gamecode="6504779541"><general><startdate>2025-10-14 11:44:49</startdate>
<round>1</round>
<failsafecounter/>
<players><player seat="3" name="KOPKHUNKRAP" chips="488" dealer="0" win="0" bet="65" muck="1" rebuy="0" addon="0" merge="0" rebuychips="0" reg_code="5066112700"/>
<player seat="6" name="deIduKA" chips="656" dealer="1" win="0" bet="5" muck="1" rebuy="0" addon="0" merge="0" rebuychips="0" reg_code="5066113599"/>
<player seat="10" name="Exivezzz2323" chips="356" dealer="0" win="135" bet="356" muck="1" rebuy="0" addon="0" merge="0" rebuychips="0" reg_code="5066114080"/>
</players>
</general>
<round no="0"><action no="1" player="Exivezzz2323" type="15" discard="1" dealt="1" sum="5"/>
<action no="2" player="KOPKHUNKRAP" type="15" sum="5"/>
<action no="3" player="deIduKA" type="15" discard="1" dealt="1" sum="5"/>
<action no="4" player="Exivezzz2323" type="1" discard="1" dealt="1" sum="30"/>
<action no="5" player="KOPKHUNKRAP" type="2" sum="60"/>
</round>
<round no="1"><cards type="Pocket" player="KOPKHUNKRAP">S8 C5</cards>
<cards type="Pocket" player="Exivezzz2323">X X</cards>
<cards type="Pocket" player="deIduKA">X X</cards>
<action no="6" player="deIduKA" type="0" discard="1" dealt="1" sum="0"/>
<action no="7" player="Exivezzz2323" type="23" discard="1" dealt="1" sum="351"/>
<action no="8" player="KOPKHUNKRAP" type="0" sum="0"/>
</round>
</game>
<game gamecode="6504779569"><general><startdate>2025-10-14 11:44:58</startdate>
<round>1</round>
<failsafecounter/>
<players><player seat="6" name="deIduKA" chips="651" dealer="0" win="0" bet="65" muck="1" rebuy="0" addon="0" merge="0" rebuychips="0" reg_code="5066113599"/>
<player seat="10" name="Exivezzz2323" chips="426" dealer="1" win="0" bet="426" muck="0" rebuy="0" addon="0" merge="0" rebuychips="0" reg_code="5066114080"/>
<player seat="3" name="KOPKHUNKRAP" chips="423" dealer="0" win="911" bet="423" muck="0" rebuy="0" addon="0" merge="0" rebuychips="0" reg_code="5066112700"/>
</players>
</general>
<round no="0"><action no="1" player="KOPKHUNKRAP" type="15" sum="5"/>
<action no="2" player="deIduKA" type="15" discard="1" dealt="1" sum="5"/>
<action no="3" player="Exivezzz2323" type="15" discard="1" dealt="1" sum="5"/>
<action no="4" player="KOPKHUNKRAP" type="1" sum="30"/>
<action no="5" player="deIduKA" type="2" discard="1" dealt="1" sum="60"/>
</round>
<round no="1"><cards type="Pocket" player="deIduKA">X X</cards>
<cards type="Pocket" player="Exivezzz2323">D9 CA</cards>
<cards type="Pocket" player="KOPKHUNKRAP">DK HJ</cards>
<action no="6" player="Exivezzz2323" type="23" discard="1" dealt="1" sum="421"/>
<action no="7" player="KOPKHUNKRAP" type="7" sum="388"/>
<action no="8" player="deIduKA" type="0" discard="1" dealt="1" sum="0"/>
</round>
<round no="2"><cards type="Flop">H8 HQ H6</cards>
</round>
<round no="3"><cards type="Turn">S6</cards>
</round>
<round no="4"><cards type="River">H5</cards>
</round>
</game>
<game gamecode="6504779614"><general><startdate>2025-10-14 11:45:17</startdate>
<round>1</round>
<failsafecounter/>
<players><player seat="10" name="Exivezzz2323" chips="3" dealer="0" win="9" bet="3" muck="0" rebuy="0" addon="0" merge="0" rebuychips="0" reg_code="5066114080"/>
<player seat="3" name="KOPKHUNKRAP" chips="911" dealer="1" win="64" bet="911" muck="0" rebuy="0" addon="0" merge="0" rebuychips="0" reg_code="5066112700"/>
<player seat="6" name="deIduKA" chips="586" dealer="0" win="0" bet="35" muck="1" rebuy="0" addon="0" merge="0" rebuychips="0" reg_code="5066113599"/>
</players>
</general>
<round no="0"><action no="1" player="deIduKA" type="15" discard="1" dealt="1" sum="5"/>
<action no="2" player="Exivezzz2323" type="15" discard="1" dealt="1" sum="3"/>
<action no="3" player="KOPKHUNKRAP" type="15" sum="5"/>
<action no="4" player="deIduKA" type="1" discard="1" dealt="1" sum="30"/>
</round>
<round no="1"><cards type="Pocket" player="deIduKA">X X</cards>
<cards type="Pocket" player="Exivezzz2323">DQ D6</cards>
<cards type="Pocket" player="KOPKHUNKRAP">CJ HA</cards>
<action no="5" player="KOPKHUNKRAP" type="23" sum="906"/>
<action no="6" player="deIduKA" type="0" discard="1" dealt="1" sum="0"/>
</round>
<round no="2"><cards type="Flop">S9 HK H3</cards>
</round>
<round no="3"><cards type="Turn">S6</cards>
</round>
<round no="4"><cards type="River">S7</cards>
</round>
</game>
<game gamecode="6504779656"><general><startdate>2025-10-14 11:45:35</startdate>
<round>1</round>
<failsafecounter/>
<players><player seat="3" name="KOPKHUNKRAP" chips="940" dealer="0" win="0" bet="65" muck="0" rebuy="0" addon="0" merge="0" rebuychips="0" reg_code="5066112700"/>
<player seat="6" name="deIduKA" chips="551" dealer="1" win="0" bet="5" muck="1" rebuy="0" addon="0" merge="0" rebuychips="0" reg_code="5066113599"/>
<player seat="10" name="Exivezzz2323" chips="9" dealer="0" win="23" bet="9" muck="0" rebuy="0" addon="0" merge="0" rebuychips="0" reg_code="5066114080"/>
</players>
</general>
<round no="0"><action no="1" player="Exivezzz2323" type="15" discard="1" dealt="1" sum="5"/>
<action no="2" player="KOPKHUNKRAP" type="15" sum="5"/>
<action no="3" player="deIduKA" type="15" discard="1" dealt="1" sum="5"/>
<action no="4" player="Exivezzz2323" type="1" discard="1" dealt="1" sum="4"/>
<action no="5" player="KOPKHUNKRAP" type="2" sum="60"/>
</round>
<round no="1"><cards type="Pocket" player="deIduKA">X X</cards>
<cards type="Pocket" player="KOPKHUNKRAP">C7 HJ</cards>
<cards type="Pocket" player="Exivezzz2323">D3 D2</cards>
<action no="6" player="deIduKA" type="0" discard="1" dealt="1" sum="0"/>
</round>
<round no="2"><cards type="Flop">C6 S8 DA</cards>
</round>
<round no="3"><cards type="Turn">C9</cards>
</round>
<round no="4"><cards type="River">S3</cards>
</round>
</game>
<game gamecode="6504779685"><general><startdate>2025-10-14 11:45:48</startdate>
<round>1</round>
<failsafecounter/>
<players><player seat="6" name="deIduKA" chips="546" dealer="0" win="1,115" bet="546" muck="0" rebuy="0" addon="0" merge="0" rebuychips="0" reg_code="5066113599"/>
<player seat="10" name="Exivezzz2323" chips="23" dealer="1" win="0" bet="23" muck="0" rebuy="0" addon="0" merge="0" rebuychips="0" reg_code="5066114080"/>
<player seat="3" name="KOPKHUNKRAP" chips="931" dealer="0" win="0" bet="931" muck="1" rebuy="0" addon="0" merge="0" rebuychips="0" reg_code="5066112700"/>
</players>
</general>
<round no="0"><action no="1" player="KOPKHUNKRAP" type="15" sum="5"/>
<action no="2" player="deIduKA" type="15" discard="1" dealt="1" sum="5"/>
<action no="3" player="Exivezzz2323" type="15" discard="1" dealt="1" sum="5"/>
<action no="4" player="KOPKHUNKRAP" type="1" sum="30"/>
<action no="5" player="deIduKA" type="2" discard="1" dealt="1" sum="60"/>
</round>
<round no="1"><cards type="Pocket" player="Exivezzz2323">DK S6</cards>
<cards type="Pocket" player="deIduKA">H5 DA</cards>
<cards type="Pocket" player="KOPKHUNKRAP">SA D6</cards>
<action no="6" player="Exivezzz2323" type="7" discard="1" dealt="1" sum="18"/>
<action no="7" player="KOPKHUNKRAP" type="23" sum="926"/>
<action no="8" player="deIduKA" type="7" discard="1" dealt="1" sum="481"/>
</round>
<round no="2"><cards type="Flop">D10 C4 H9</cards>
</round>
<round no="3"><cards type="Turn">D3</cards>
</round>
<round no="4"><cards type="River">S2</cards>
</round>
</game>
<game gamecode="6504779737"><general><startdate>2025-10-14 11:46:07</startdate>
<round>1</round>
<failsafecounter/>
<players><player seat="6" name="deIduKA" chips="1,115" dealer="0" win="0" bet="88" muck="1" rebuy="0" addon="0" merge="0" rebuychips="0" reg_code="5066113599"/>
<player seat="3" name="KOPKHUNKRAP" chips="385" dealer="1" win="176" bet="385" muck="1" rebuy="0" addon="0" merge="0" rebuychips="0" reg_code="5066112700"/>
</players>
</general>
<round no="0"><action no="1" player="KOPKHUNKRAP" type="15" sum="8"/>
<action no="2" player="deIduKA" type="15" discard="1" dealt="1" sum="8"/>
<action no="3" player="KOPKHUNKRAP" type="1" sum="40"/>
<action no="4" player="deIduKA" type="2" discard="1" dealt="1" sum="80"/>
</round>
<round no="1"><cards type="Pocket" player="KOPKHUNKRAP">S9 H7</cards>
<cards type="Pocket" player="deIduKA">X X</cards>
<action no="5" player="KOPKHUNKRAP" type="23" sum="377"/>
<action no="6" player="deIduKA" type="0" discard="1" dealt="1" sum="0"/>
</round>
</game>
<game gamecode="6504779757"><general><startdate>2025-10-14 11:46:14</startdate>
<round>1</round>
<failsafecounter/>
<players><player seat="3" name="KOPKHUNKRAP" chips="473" dealer="0" win="96" bet="88" muck="1" rebuy="0" addon="0" merge="0" rebuychips="0" reg_code="5066112700"/>
<player seat="6" name="deIduKA" chips="1,027" dealer="1" win="0" bet="48" muck="1" rebuy="0" addon="0" merge="0" rebuychips="0" reg_code="5066113599"/>
</players>
</general>
<round no="0"><action no="1" player="deIduKA" type="15" discard="1" dealt="1" sum="8"/>
<action no="2" player="KOPKHUNKRAP" type="15" sum="8"/>
<action no="3" player="deIduKA" type="1" discard="1" dealt="1" sum="40"/>
<action no="4" player="KOPKHUNKRAP" type="2" sum="80"/>
</round>
<round no="1"><cards type="Pocket" player="KOPKHUNKRAP">C7 H9</cards>
<cards type="Pocket" player="deIduKA">X X</cards>
<action no="5" player="deIduKA" type="0" discard="1" dealt="1" sum="0"/>
</round>
</game>
<game gamecode="6504779770"><general><startdate>2025-10-14 11:46:21</startdate>
<round>1</round>
<failsafecounter/>
<players><player seat="6" name="deIduKA" chips="979" dealer="0" win="96" bet="88" muck="1" rebuy="0" addon="0" merge="0" rebuychips="0" reg_code="5066113599"/>
<player seat="3" name="KOPKHUNKRAP" chips="521" dealer="1" win="0" bet="48" muck="1" rebuy="0" addon="0" merge="0" rebuychips="0" reg_code="5066112700"/>
</players>
</general>
<round no="0"><action no="1" player="KOPKHUNKRAP" type="15" sum="8"/>
<action no="2" player="deIduKA" type="15" discard="1" dealt="1" sum="8"/>
<action no="3" player="KOPKHUNKRAP" type="1" sum="40"/>
<action no="4" player="deIduKA" type="2" discard="1" dealt="1" sum="80"/>
</round>
<round no="1"><cards type="Pocket" player="KOPKHUNKRAP">S2 D4</cards>
<cards type="Pocket" player="deIduKA">X X</cards>
<action no="5" player="KOPKHUNKRAP" type="0" sum="0"/>
</round>
</game>
<game gamecode="6504779788"><general><startdate>2025-10-14 11:46:26</startdate>
<round>1</round>
<failsafecounter/>
<players><player seat="3" name="KOPKHUNKRAP" chips="473" dealer="0" win="473" bet="473" muck="0" rebuy="0" addon="0" merge="0" rebuychips="0" reg_code="5066112700"/>
<player seat="6" name="deIduKA" chips="1,027" dealer="1" win="473" bet="1,027" muck="0" rebuy="0" addon="0" merge="0" rebuychips="0" reg_code="5066113599"/>
</players>
</general>
<round no="0"><action no="1" player="deIduKA" type="15" discard="1" dealt="1" sum="8"/>
<action no="2" player="KOPKHUNKRAP" type="15" sum="8"/>
<action no="3" player="deIduKA" type="1" discard="1" dealt="1" sum="40"/>
<action no="4" player="KOPKHUNKRAP" type="2" sum="80"/>
</round>
<round no="1"><cards type="Pocket" player="deIduKA">DA S2</cards>
<cards type="Pocket" player="KOPKHUNKRAP">D7 HA</cards>
<action no="5" player="deIduKA" type="23" discard="1" dealt="1" sum="1,019"/>
<action no="6" player="KOPKHUNKRAP" type="7" sum="385"/>
</round>
<round no="2"><cards type="Flop">D10 H4 C4</cards>
</round>
<round no="3"><cards type="Turn">H10</cards>
</round>
<round no="4"><cards type="River">H6</cards>
</round>
</game>
<game gamecode="6504779830"><general><startdate>2025-10-14 11:46:43</startdate>
<round>1</round>
<failsafecounter/>
<players><player seat="6" name="deIduKA" chips="1,027" dealer="0" win="96" bet="88" muck="1" rebuy="0" addon="0" merge="0" rebuychips="0" reg_code="5066113599"/>
<player seat="3" name="KOPKHUNKRAP" chips="473" dealer="1" win="0" bet="48" muck="1" rebuy="0" addon="0" merge="0" rebuychips="0" reg_code="5066112700"/>
</players>
</general>
<round no="0"><action no="1" player="KOPKHUNKRAP" type="15" sum="8"/>
<action no="2" player="deIduKA" type="15" discard="1" dealt="1" sum="8"/>
<action no="3" player="KOPKHUNKRAP" type="1" sum="40"/>
<action no="4" player="deIduKA" type="2" discard="1" dealt="1" sum="80"/>
</round>
<round no="1"><cards type="Pocket" player="deIduKA">X X</cards>
<cards type="Pocket" player="KOPKHUNKRAP">H2 C3</cards>
<action no="5" player="KOPKHUNKRAP" type="0" sum="0"/>
</round>
</game>
<game gamecode="6504779845"><general><startdate>2025-10-14 11:46:48</startdate>
<round>1</round>
<failsafecounter/>
<players><player seat="3" name="KOPKHUNKRAP" chips="425" dealer="0" win="96" bet="88" muck="1" rebuy="0" addon="0" merge="0" rebuychips="0" reg_code="5066112700"/>
<player seat="6" name="deIduKA" chips="1,075" dealer="1" win="0" bet="48" muck="1" rebuy="0" addon="0" merge="0" rebuychips="0" reg_code="5066113599"/>
</players>
</general>
<round no="0"><action no="1" player="deIduKA" type="15" discard="1" dealt="1" sum="8"/>
<action no="2" player="KOPKHUNKRAP" type="15" sum="8"/>
<action no="3" player="deIduKA" type="1" discard="1" dealt="1" sum="40"/>
<action no="4" player="KOPKHUNKRAP" type="2" sum="80"/>
</round>
<round no="1"><cards type="Pocket" player="KOPKHUNKRAP">D9 S9</cards>
<cards type="Pocket" player="deIduKA">X X</cards>
<action no="5" player="deIduKA" type="0" discard="1" dealt="1" sum="0"/>
</round>
</game>
<game gamecode="6504779857"><general><startdate>2025-10-14 11:46:53</startdate>
<round>1</round>
<failsafecounter/>
<players><player seat="6" name="deIduKA" chips="1,027" dealer="0" win="96" bet="88" muck="1" rebuy="0" addon="0" merge="0" rebuychips="0" reg_code="5066113599"/>
<player seat="3" name="KOPKHUNKRAP" chips="473" dealer="1" win="0" bet="48" muck="1" rebuy="0" addon="0" merge="0" rebuychips="0" reg_code="5066112700"/>
</players>
</general>
<round no="0"><action no="1" player="KOPKHUNKRAP" type="15" sum="8"/>
<action no="2" player="deIduKA" type="15" discard="1" dealt="1" sum="8"/>
<action no="3" player="KOPKHUNKRAP" type="1" sum="40"/>
<action no="4" player="deIduKA" type="2" discard="1" dealt="1" sum="80"/>
</round>
<round no="1"><cards type="Pocket" player="deIduKA">X X</cards>
<cards type="Pocket" player="KOPKHUNKRAP">S4 C8</cards>
<action no="5" player="KOPKHUNKRAP" type="0" sum="0"/>
</round>
</game>
<game gamecode="6504779877"><general><startdate>2025-10-14 11:46:58</startdate>
<round>1</round>
<failsafecounter/>
<players><player seat="3" name="KOPKHUNKRAP" chips="425" dealer="0" win="850" bet="425" muck="0" rebuy="0" addon="0" merge="0" rebuychips="0" reg_code="5066112700"/>
<player seat="6" name="deIduKA" chips="1,075" dealer="1" win="0" bet="1,075" muck="1" rebuy="0" addon="0" merge="0" rebuychips="0" reg_code="5066113599"/>
</players>
</general>
<round no="0"><action no="1" player="deIduKA" type="15" discard="1" dealt="1" sum="8"/>
<action no="2" player="KOPKHUNKRAP" type="15" sum="8"/>
<action no="3" player="deIduKA" type="1" discard="1" dealt="1" sum="40"/>
<action no="4" player="KOPKHUNKRAP" type="2" sum="80"/>
</round>
<round no="1"><cards type="Pocket" player="KOPKHUNKRAP">SA D7</cards>
<cards type="Pocket" player="deIduKA">DJ DK</cards>
<action no="5" player="deIduKA" type="23" discard="1" dealt="1" sum="1,067"/>
<action no="6" player="KOPKHUNKRAP" type="7" sum="337"/>
</round>
<round no="2"><cards type="Flop">C6 HA H5</cards>
</round>
<round no="3"><cards type="Turn">S9</cards>
</round>
<round no="4"><cards type="River">D5</cards>
</round>
</game>
<game gamecode="6504782714"><general><startdate>2025-10-14 11:47:13</startdate>
<round>1</round>
<failsafecounter/>
<players><player seat="6" name="deIduKA" chips="650" dealer="0" win="0" bet="88" muck="1" rebuy="0" addon="0" merge="0" rebuychips="0" reg_code="5066113599"/>
<player seat="3" name="KOPKHUNKRAP" chips="850" dealer="1" win="176" bet="850" muck="1" rebuy="0" addon="0" merge="0" rebuychips="0" reg_code="5066112700"/>
</players>
</general>
<round no="0"><action no="1" player="KOPKHUNKRAP" type="15" sum="8"/>
<action no="2" player="deIduKA" type="15" discard="1" dealt="1" sum="8"/>
<action no="3" player="KOPKHUNKRAP" type="1" sum="40"/>
<action no="4" player="deIduKA" type="2" discard="1" dealt="1" sum="80"/>
</round>
<round no="1"><cards type="Pocket" player="deIduKA">X X</cards>
<cards type="Pocket" player="KOPKHUNKRAP">SJ D8</cards>
<action no="5" player="KOPKHUNKRAP" type="23" sum="842"/>
<action no="6" player="deIduKA" type="0" discard="1" dealt="1" sum="0"/>
</round>
</game>
<game gamecode="6504782738"><general><startdate>2025-10-14 11:47:20</startdate>
<round>1</round>
<failsafecounter/>
<players><player seat="3" name="KOPKHUNKRAP" chips="938" dealer="0" win="1,124" bet="562" muck="0" rebuy="0" addon="0" merge="0" rebuychips="0" reg_code="5066112700"/>
<player seat="6" name="deIduKA" chips="562" dealer="1" win="0" bet="562" muck="0" rebuy="0" addon="0" merge="0" rebuychips="0" reg_code="5066113599"/>
</players>
</general>
<round no="0"><action no="1" player="deIduKA" type="15" discard="1" dealt="1" sum="8"/>
<action no="2" player="KOPKHUNKRAP" type="15" sum="8"/>
<action no="3" player="deIduKA" type="1" discard="1" dealt="1" sum="40"/>
<action no="4" player="KOPKHUNKRAP" type="2" sum="80"/>
</round>
<round no="1"><cards type="Pocket" player="deIduKA">S10 S7</cards>
<cards type="Pocket" player="KOPKHUNKRAP">S8 DJ</cards>
<action no="5" player="deIduKA" type="23" discard="1" dealt="1" sum="554"/>
<action no="6" player="KOPKHUNKRAP" type="3" sum="474"/>
</round>
<round no="2"><cards type="Flop">C9 DA H3</cards>
</round>
<round no="3"><cards type="Turn">CA</cards>
</round>
<round no="4"><cards type="River">D6</cards>
</round>
</game>
</session>
