<?xml version="1.0" encoding="UTF-8"?>
<session sessioncode="5066286775">
<general>
<client_version>24.7.1.15</client_version>
<mode>real</mode>
<gametype>Holdem NL</gametype>
<tablename>Twister €200 SNG, 819737790</tablename>
<tournamentcode>819737789</tournamentcode>
<tournamentname>Twister €200 SNG</tournamentname>
<buyin>€0 + €12 + €188</buyin>
<totalbuyin>€200</totalbuyin>
<rewarddrawn>€400</rewarddrawn>
<tournamentcurrency>EUR</tournamentcurrency>
<currency>EUR</currency>
<nickname>KOPKHUNKRAP</nickname>
<gamecount>31</gamecount>
<startdate>2025-10-15 01:38:36</startdate>
<place>1</place>
<win>€400</win>
<tablesize>3</tablesize>
</general>
<game gamecode="6505492433"><general><startdate>2025-10-15 01:38:51</startdate>
<round>1</round>
<failsafecounter/>
<players><player seat="6" name="Aomanuahi" chips="500" dealer="0" win="0" bet="500" muck="1" rebuy="0" addon="0" merge="0" rebuychips="0" reg_code="5066286776"/>
<player seat="10" name="Mrchash" chips="500" dealer="1" win="1,020" bet="500" muck="0" rebuy="0" addon="0" merge="0" rebuychips="0" reg_code="5066286973"/>
<player seat="3" name="KOPKHUNKRAP" chips="500" dealer="0" win="0" bet="20" muck="1" rebuy="0" addon="0" merge="0" rebuychips="0" reg_code="5066286775"/>
</players>
</general>
<round no="0"><action no="1" player="KOPKHUNKRAP" type="1" sum="10"/>
<action no="2" player="Aomanuahi" type="2" discard="1" dealt="1" sum="20"/>
</round>
<round no="1"><cards type="Pocket" player="KOPKHUNKRAP">SJ DQ</cards>
<cards type="Pocket" player="Aomanuahi">D7 D2</cards>
<cards type="Pocket" player="Mrchash">HA SA</cards>
<action no="3" player="Mrchash" type="3" discard="1" dealt="1" sum="20"/>
<action no="4" player="KOPKHUNKRAP" type="3" sum="10"/>
<action no="5" player="Aomanuahi" type="4" discard="1" dealt="1" sum="0"/>
</round>
<round no="2"><cards type="Flop">C7 C2 H4</cards>
<action no="6" player="KOPKHUNKRAP" type="4" sum="0"/>
<action no="7" player="Aomanuahi" type="4" discard="1" dealt="1" sum="0"/>
<action no="8" player="Mrchash" type="5" discard="1" dealt="1" sum="42"/>
<action no="9" player="KOPKHUNKRAP" type="0" sum="0"/>
<action no="10" player="Aomanuahi" type="23" discard="1" dealt="1" sum="480"/>
<action no="11" player="Mrchash" type="7" discard="1" dealt="1" sum="438"/>
</round>
<round no="3"><cards type="Turn">CA</cards>
</round>
<round no="4"><cards type="River">H10</cards>
</round>
</game>
<game gamecode="6505492483"><general><startdate>2025-10-15 01:39:23</startdate>
<round>1</round>
<failsafecounter/>
<players><player seat="10" name="Mrchash" chips="1,020" dealer="0" win="0" bet="20" muck="1" rebuy="0" addon="0" merge="0" rebuychips="0" reg_code="5066286973"/>
<player seat="3" name="KOPKHUNKRAP" chips="480" dealer="1" win="40" bet="40" muck="1" rebuy="0" addon="0" merge="0" rebuychips="0" reg_code="5066286775"/>
</players>
</general>
<round no="0"><action no="1" player="KOPKHUNKRAP" type="1" sum="10"/>
<action no="2" player="Mrchash" type="2" discard="1" dealt="1" sum="20"/>
</round>
<round no="1"><cards type="Pocket" player="Mrchash">X X</cards>
<cards type="Pocket" player="KOPKHUNKRAP">DJ H8</cards>
<action no="3" player="KOPKHUNKRAP" type="23" sum="40"/>
<action no="4" player="Mrchash" type="0" discard="1" dealt="1" sum="0"/>
</round>
</game>
<game gamecode="6505492496"><general><startdate>2025-10-15 01:39:32</startdate>
<round>1</round>
<failsafecounter/>
<players><player seat="3" name="KOPKHUNKRAP" chips="500" dealer="0" win="240" bet="120" muck="0" rebuy="0" addon="0" merge="0" rebuychips="0" reg_code="5066286775"/>
<player seat="10" name="Mrchash" chips="1,000" dealer="1" win="0" bet="120" muck="0" rebuy="0" addon="0" merge="0" rebuychips="0" reg_code="5066286973"/>
</players>
</general>
<round no="0"><action no="1" player="Mrchash" type="1" discard="1" dealt="1" sum="10"/>
<action no="2" player="KOPKHUNKRAP" type="2" sum="20"/>
</round>
<round no="1"><cards type="Pocket" player="KOPKHUNKRAP">CK H4</cards>
<cards type="Pocket" player="Mrchash">DA CJ</cards>
<action no="3" player="Mrchash" type="3" discard="1" dealt="1" sum="10"/>
<action no="4" player="KOPKHUNKRAP" type="4" sum="0"/>
</round>
<round no="2"><cards type="Flop">SK H2 S9</cards>
<action no="5" player="KOPKHUNKRAP" type="4" sum="0"/>
<action no="6" player="Mrchash" type="5" discard="1" dealt="1" sum="40"/>
<action no="7" player="KOPKHUNKRAP" type="3" sum="40"/>
</round>
<round no="3"><cards type="Turn">S7</cards>
<action no="8" player="KOPKHUNKRAP" type="4" sum="0"/>
<action no="9" player="Mrchash" type="4" discard="1" dealt="1" sum="0"/>
</round>
<round no="4"><cards type="River">S4</cards>
<action no="10" player="KOPKHUNKRAP" type="4" sum="0"/>
<action no="11" player="Mrchash" type="5" discard="1" dealt="1" sum="60"/>
<action no="12" player="KOPKHUNKRAP" type="3" sum="60"/>
</round>
</game>
<game gamecode="6505498209"><general><startdate>2025-10-15 01:40:01</startdate>
<round>1</round>
<failsafecounter/>
<players><player seat="10" name="Mrchash" chips="880" dealer="0" win="40" bet="20" muck="0" rebuy="0" addon="0" merge="0" rebuychips="0" reg_code="5066286973"/>
<player seat="3" name="KOPKHUNKRAP" chips="620" dealer="1" win="0" bet="20" muck="1" rebuy="0" addon="0" merge="0" rebuychips="0" reg_code="5066286775"/>
</players>
</general>
<round no="0"><action no="1" player="KOPKHUNKRAP" type="1" sum="10"/>
<action no="2" player="Mrchash" type="2" discard="1" dealt="1" sum="20"/>
</round>
<round no="1"><cards type="Pocket" player="Mrchash">H4 CK</cards>
<cards type="Pocket" player="KOPKHUNKRAP">S6 H8</cards>
<action no="3" player="KOPKHUNKRAP" type="3" sum="10"/>
<action no="4" player="Mrchash" type="4" discard="1" dealt="1" sum="0"/>
</round>
<round no="2"><cards type="Flop">D3 SQ SJ</cards>
<action no="5" player="Mrchash" type="4" discard="1" dealt="1" sum="0"/>
<action no="6" player="KOPKHUNKRAP" type="4" sum="0"/>
</round>
<round no="3"><cards type="Turn">C9</cards>
<action no="7" player="Mrchash" type="4" discard="1" dealt="1" sum="0"/>
<action no="8" player="KOPKHUNKRAP" type="4" sum="0"/>
</round>
<round no="4"><cards type="River">S4</cards>
<action no="9" player="Mrchash" type="4" discard="1" dealt="1" sum="0"/>
<action no="10" player="KOPKHUNKRAP" type="4" sum="0"/>
</round>
</game>
<game gamecode="6505498263"><general><startdate>2025-10-15 01:40:38</startdate>
<round>1</round>
<failsafecounter/>
<players><player seat="3" name="KOPKHUNKRAP" chips="600" dealer="0" win="70" bet="70" muck="1" rebuy="0" addon="0" merge="0" rebuychips="0" reg_code="5066286775"/>
<player seat="10" name="Mrchash" chips="900" dealer="1" win="0" bet="35" muck="1" rebuy="0" addon="0" merge="0" rebuychips="0" reg_code="5066286973"/>
</players>
</general>
<round no="0"><action no="1" player="Mrchash" type="15" discard="1" dealt="1" sum="5"/>
<action no="2" player="KOPKHUNKRAP" type="15" sum="5"/>
<action no="3" player="Mrchash" type="1" discard="1" dealt="1" sum="15"/>
<action no="4" player="KOPKHUNKRAP" type="2" sum="30"/>
</round>
<round no="1"><cards type="Pocket" player="Mrchash">X X</cards>
<cards type="Pocket" player="KOPKHUNKRAP">H10 S2</cards>
<action no="5" player="Mrchash" type="3" discard="1" dealt="1" sum="15"/>
<action no="6" player="KOPKHUNKRAP" type="4" sum="0"/>
</round>
<round no="2"><cards type="Flop">S3 C2 C6</cards>
<action no="7" player="KOPKHUNKRAP" type="4" sum="0"/>
<action no="8" player="Mrchash" type="4" discard="1" dealt="1" sum="0"/>
</round>
<round no="3"><cards type="Turn">H6</cards>
<action no="9" player="KOPKHUNKRAP" type="5" sum="35"/>
<action no="10" player="Mrchash" type="0" discard="1" dealt="1" sum="0"/>
</round>
</game>
<game gamecode="6505498298"><general><startdate>2025-10-15 01:40:59</startdate>
<round>1</round>
<failsafecounter/>
<players><player seat="10" name="Mrchash" chips="865" dealer="0" win="130" bet="195" muck="1" rebuy="0" addon="0" merge="0" rebuychips="0" reg_code="5066286973"/>
<player seat="3" name="KOPKHUNKRAP" chips="635" dealer="1" win="0" bet="65" muck="1" rebuy="0" addon="0" merge="0" rebuychips="0" reg_code="5066286775"/>
</players>
</general>
<round no="0"><action no="1" player="KOPKHUNKRAP" type="15" sum="5"/>
<action no="2" player="Mrchash" type="15" discard="1" dealt="1" sum="5"/>
<action no="3" player="KOPKHUNKRAP" type="1" sum="15"/>
<action no="4" player="Mrchash" type="2" discard="1" dealt="1" sum="30"/>
</round>
<round no="1"><cards type="Pocket" player="KOPKHUNKRAP">C10 S9</cards>
<cards type="Pocket" player="Mrchash">X X</cards>
<action no="5" player="KOPKHUNKRAP" type="23" sum="60"/>
<action no="6" player="Mrchash" type="3" discard="1" dealt="1" sum="30"/>
</round>
<round no="2"><cards type="Flop">S6 D5 S2</cards>
<action no="7" player="Mrchash" type="4" discard="1" dealt="1" sum="0"/>
<action no="8" player="KOPKHUNKRAP" type="4" sum="0"/>
</round>
<round no="3"><cards type="Turn">C4</cards>
<action no="9" player="Mrchash" type="5" discard="1" dealt="1" sum="130"/>
<action no="10" player="KOPKHUNKRAP" type="0" sum="0"/>
</round>
</game>
<game gamecode="6505498336"><general><startdate>2025-10-15 01:41:18</startdate>
<round>1</round>
<failsafecounter/>
<players><player seat="3" name="KOPKHUNKRAP" chips="570" dealer="0" win="0" bet="35" muck="1" rebuy="0" addon="0" merge="0" rebuychips="0" reg_code="5066286775"/>
<player seat="10" name="Mrchash" chips="930" dealer="1" win="70" bet="105" muck="1" rebuy="0" addon="0" merge="0" rebuychips="0" reg_code="5066286973"/>
</players>
</general>
<round no="0"><action no="1" player="Mrchash" type="15" discard="1" dealt="1" sum="5"/>
<action no="2" player="KOPKHUNKRAP" type="15" sum="5"/>
<action no="3" player="Mrchash" type="1" discard="1" dealt="1" sum="15"/>
<action no="4" player="KOPKHUNKRAP" type="2" sum="30"/>
</round>
<round no="1"><cards type="Pocket" player="Mrchash">X X</cards>
<cards type="Pocket" player="KOPKHUNKRAP">S5 SQ</cards>
<action no="5" player="Mrchash" type="3" discard="1" dealt="1" sum="15"/>
<action no="6" player="KOPKHUNKRAP" type="4" sum="0"/>
</round>
<round no="2"><cards type="Flop">C4 C10 C8</cards>
<action no="7" player="KOPKHUNKRAP" type="4" sum="0"/>
<action no="8" player="Mrchash" type="5" discard="1" dealt="1" sum="70"/>
<action no="9" player="KOPKHUNKRAP" type="0" sum="0"/>
</round>
</game>
<game gamecode="6505498366"><general><startdate>2025-10-15 01:41:43</startdate>
<round>1</round>
<failsafecounter/>
<players><player seat="10" name="Mrchash" chips="965" dealer="0" win="0" bet="35" muck="1" rebuy="0" addon="0" merge="0" rebuychips="0" reg_code="5066286973"/>
<player seat="3" name="KOPKHUNKRAP" chips="535" dealer="1" win="70" bet="65" muck="1" rebuy="0" addon="0" merge="0" rebuychips="0" reg_code="5066286775"/>
</players>
</general>
<round no="0"><action no="1" player="KOPKHUNKRAP" type="15" sum="5"/>
<action no="2" player="Mrchash" type="15" discard="1" dealt="1" sum="5"/>
<action no="3" player="KOPKHUNKRAP" type="1" sum="15"/>
<action no="4" player="Mrchash" type="2" discard="1" dealt="1" sum="30"/>
</round>
<round no="1"><cards type="Pocket" player="KOPKHUNKRAP">H5 S7</cards>
<cards type="Pocket" player="Mrchash">X X</cards>
<action no="5" player="KOPKHUNKRAP" type="3" sum="15"/>
<action no="6" player="Mrchash" type="4" discard="1" dealt="1" sum="0"/>
</round>
<round no="2"><cards type="Flop">S5 CA D2</cards>
<action no="7" player="Mrchash" type="4" discard="1" dealt="1" sum="0"/>
<action no="8" player="KOPKHUNKRAP" type="5" sum="30"/>
<action no="9" player="Mrchash" type="0" discard="1" dealt="1" sum="0"/>
</round>
</game>
<game gamecode="6505498382"><general><startdate>2025-10-15 01:41:55</startdate>
<round>1</round>
<failsafecounter/>
<players><player seat="3" name="KOPKHUNKRAP" chips="570" dealer="0" win="0" bet="65" muck="1" rebuy="0" addon="0" merge="0" rebuychips="0" reg_code="5066286775"/>
<player seat="10" name="Mrchash" chips="930" dealer="1" win="130" bet="195" muck="1" rebuy="0" addon="0" merge="0" rebuychips="0" reg_code="5066286973"/>
</players>
</general>
<round no="0"><action no="1" player="Mrchash" type="15" discard="1" dealt="1" sum="5"/>
<action no="2" player="KOPKHUNKRAP" type="15" sum="5"/>
<action no="3" player="Mrchash" type="1" discard="1" dealt="1" sum="15"/>
<action no="4" player="KOPKHUNKRAP" type="2" sum="30"/>
</round>
<round no="1"><cards type="Pocket" player="KOPKHUNKRAP">C2 C3</cards>
<cards type="Pocket" player="Mrchash">X X</cards>
<action no="5" player="Mrchash" type="23" discard="1" dealt="1" sum="60"/>
<action no="6" player="KOPKHUNKRAP" type="3" sum="30"/>
</round>
<round no="2"><cards type="Flop">CJ H6 HQ</cards>
<action no="7" player="KOPKHUNKRAP" type="4" sum="0"/>
<action no="8" player="Mrchash" type="5" discard="1" dealt="1" sum="130"/>
<action no="9" player="KOPKHUNKRAP" type="0" sum="0"/>
</round>
</game>
<game gamecode="6505498416"><general><startdate>2025-10-15 01:42:15</startdate>
<round>1</round>
<failsafecounter/>
<players><player seat="10" name="Mrchash" chips="995" dealer="0" win="90" bet="995" muck="1" rebuy="0" addon="0" merge="0" rebuychips="0" reg_code="5066286973"/>
<player seat="3" name="KOPKHUNKRAP" chips="505" dealer="1" win="0" bet="45" muck="1" rebuy="0" addon="0" merge="0" rebuychips="0" reg_code="5066286775"/>
</players>
</general>
<round no="0"><action no="1" player="KOPKHUNKRAP" type="15" sum="5"/>
<action no="2" player="Mrchash" type="15" discard="1" dealt="1" sum="5"/>
<action no="3" player="KOPKHUNKRAP" type="1" sum="20"/>
<action no="4" player="Mrchash" type="2" discard="1" dealt="1" sum="40"/>
</round>
<round no="1"><cards type="Pocket" player="KOPKHUNKRAP">SJ C8</cards>
<cards type="Pocket" player="Mrchash">X X</cards>
<action no="5" player="KOPKHUNKRAP" type="3" sum="20"/>
<action no="6" player="Mrchash" type="23" discard="1" dealt="1" sum="990"/>
<action no="7" player="KOPKHUNKRAP" type="0" sum="0"/>
</round>
</game>
<game gamecode="6505498434"><general><startdate>2025-10-15 01:42:26</startdate>
<round>1</round>
<failsafecounter/>
<players><player seat="3" name="KOPKHUNKRAP" chips="460" dealer="0" win="50" bet="45" muck="1" rebuy="0" addon="0" merge="0" rebuychips="0" reg_code="5066286775"/>
<player seat="10" name="Mrchash" chips="1,040" dealer="1" win="0" bet="25" muck="1" rebuy="0" addon="0" merge="0" rebuychips="0" reg_code="5066286973"/>
</players>
</general>
<round no="0"><action no="1" player="Mrchash" type="15" discard="1" dealt="1" sum="5"/>
<action no="2" player="KOPKHUNKRAP" type="15" sum="5"/>
<action no="3" player="Mrchash" type="1" discard="1" dealt="1" sum="20"/>
<action no="4" player="KOPKHUNKRAP" type="2" sum="40"/>
</round>
<round no="1"><cards type="Pocket" player="Mrchash">X X</cards>
<cards type="Pocket" player="KOPKHUNKRAP">CQ S6</cards>
<action no="5" player="Mrchash" type="0" discard="1" dealt="1" sum="0"/>
</round>
</game>
<game gamecode="6505498446"><general><startdate>2025-10-15 01:42:32</startdate>
<round>1</round>
<failsafecounter/>
<players><player seat="10" name="Mrchash" chips="1,015" dealer="0" win="0" bet="45" muck="1" rebuy="0" addon="0" merge="0" rebuychips="0" reg_code="5066286973"/>
<player seat="3" name="KOPKHUNKRAP" chips="485" dealer="1" win="90" bet="485" muck="1" rebuy="0" addon="0" merge="0" rebuychips="0" reg_code="5066286775"/>
</players>
</general>
<round no="0"><action no="1" player="KOPKHUNKRAP" type="15" sum="5"/>
<action no="2" player="Mrchash" type="15" discard="1" dealt="1" sum="5"/>
<action no="3" player="KOPKHUNKRAP" type="1" sum="20"/>
<action no="4" player="Mrchash" type="2" discard="1" dealt="1" sum="40"/>
</round>
<round no="1"><cards type="Pocket" player="KOPKHUNKRAP">CA CJ</cards>
<cards type="Pocket" player="Mrchash">X X</cards>
<action no="5" player="KOPKHUNKRAP" type="23" sum="480"/>
<action no="6" player="Mrchash" type="0" discard="1" dealt="1" sum="0"/>
</round>
</game>
<game gamecode="6505498468"><general><startdate>2025-10-15 01:42:45</startdate>
<round>1</round>
<failsafecounter/>
<players><player seat="3" name="KOPKHUNKRAP" chips="530" dealer="0" win="50" bet="45" muck="1" rebuy="0" addon="0" merge="0" rebuychips="0" reg_code="5066286775"/>
<player seat="10" name="Mrchash" chips="970" dealer="1" win="0" bet="25" muck="1" rebuy="0" addon="0" merge="0" rebuychips="0" reg_code="5066286973"/>
</players>
</general>
<round no="0"><action no="1" player="Mrchash" type="15" discard="1" dealt="1" sum="5"/>
<action no="2" player="KOPKHUNKRAP" type="15" sum="5"/>
<action no="3" player="Mrchash" type="1" discard="1" dealt="1" sum="20"/>
<action no="4" player="KOPKHUNKRAP" type="2" sum="40"/>
</round>
<round no="1"><cards type="Pocket" player="KOPKHUNKRAP">D2 DJ</cards>
<cards type="Pocket" player="Mrchash">X X</cards>
<action no="5" player="Mrchash" type="0" discard="1" dealt="1" sum="0"/>
</round>
</game>
<game gamecode="6505498479"><general><startdate>2025-10-15 01:42:51</startdate>
<round>1</round>
<failsafecounter/>
<players><player seat="10" name="Mrchash" chips="945" dealer="0" win="250" bet="165" muck="1" rebuy="0" addon="0" merge="0" rebuychips="0" reg_code="5066286973"/>
<player seat="3" name="KOPKHUNKRAP" chips="555" dealer="1" win="0" bet="125" muck="1" rebuy="0" addon="0" merge="0" rebuychips="0" reg_code="5066286775"/>
</players>
</general>
<round no="0"><action no="1" player="KOPKHUNKRAP" type="15" sum="5"/>
<action no="2" player="Mrchash" type="15" discard="1" dealt="1" sum="5"/>
<action no="3" player="KOPKHUNKRAP" type="1" sum="20"/>
<action no="4" player="Mrchash" type="2" discard="1" dealt="1" sum="40"/>
</round>
<round no="1"><cards type="Pocket" player="Mrchash">X X</cards>
<cards type="Pocket" player="KOPKHUNKRAP">D7 CA</cards>
<action no="5" player="KOPKHUNKRAP" type="3" sum="20"/>
<action no="6" player="Mrchash" type="4" discard="1" dealt="1" sum="0"/>
</round>
<round no="2"><cards type="Flop">S3 C3 SJ</cards>
<action no="7" player="Mrchash" type="5" discard="1" dealt="1" sum="40"/>
<action no="8" player="KOPKHUNKRAP" type="3" sum="40"/>
</round>
<round no="3"><cards type="Turn">D4</cards>
<action no="9" player="Mrchash" type="4" discard="1" dealt="1" sum="0"/>
<action no="10" player="KOPKHUNKRAP" type="5" sum="40"/>
<action no="11" player="Mrchash" type="3" discard="1" dealt="1" sum="40"/>
</round>
<round no="4"><cards type="River">S10</cards>
<action no="12" player="Mrchash" type="5" discard="1" dealt="1" sum="40"/>
<action no="13" player="KOPKHUNKRAP" type="0" sum="0"/>
</round>
</game>
<game gamecode="6505498514"><general><startdate>2025-10-15 01:43:18</startdate>
<round>1</round>
<failsafecounter/>
<players><player seat="3" name="KOPKHUNKRAP" chips="430" dealer="0" win="0" bet="45" muck="1" rebuy="0" addon="0" merge="0" rebuychips="0" reg_code="5066286775"/>
<player seat="10" name="Mrchash" chips="1,070" dealer="1" win="90" bet="165" muck="1" rebuy="0" addon="0" merge="0" rebuychips="0" reg_code="5066286973"/>
</players>
</general>
<round no="0"><action no="1" player="Mrchash" type="15" discard="1" dealt="1" sum="5"/>
<action no="2" player="KOPKHUNKRAP" type="15" sum="5"/>
<action no="3" player="Mrchash" type="1" discard="1" dealt="1" sum="20"/>
<action no="4" player="KOPKHUNKRAP" type="2" sum="40"/>
</round>
<round no="1"><cards type="Pocket" player="KOPKHUNKRAP">SK H5</cards>
<cards type="Pocket" player="Mrchash">X X</cards>
<action no="5" player="Mrchash" type="23" discard="1" dealt="1" sum="160"/>
<action no="6" player="KOPKHUNKRAP" type="0" sum="0"/>
</round>
</game>
<game gamecode="6505498528"><general><startdate>2025-10-15 01:43:29</startdate>
<round>1</round>
<failsafecounter/>
<players><player seat="10" name="Mrchash" chips="1,115" dealer="0" win="0" bet="45" muck="1" rebuy="0" addon="0" merge="0" rebuychips="0" reg_code="5066286973"/>
<player seat="3" name="KOPKHUNKRAP" chips="385" dealer="1" win="90" bet="385" muck="1" rebuy="0" addon="0" merge="0" rebuychips="0" reg_code="5066286775"/>
</players>
</general>
<round no="0"><action no="1" player="KOPKHUNKRAP" type="15" sum="5"/>
<action no="2" player="Mrchash" type="15" discard="1" dealt="1" sum="5"/>
<action no="3" player="KOPKHUNKRAP" type="1" sum="20"/>
<action no="4" player="Mrchash" type="2" discard="1" dealt="1" sum="40"/>
</round>
<round no="1"><cards type="Pocket" player="KOPKHUNKRAP">HA D4</cards>
<cards type="Pocket" player="Mrchash">X X</cards>
<action no="5" player="KOPKHUNKRAP" type="23" sum="380"/>
<action no="6" player="Mrchash" type="0" discard="1" dealt="1" sum="0"/>
</round>
</game>
<game gamecode="6505498544"><general><startdate>2025-10-15 01:43:37</startdate>
<round>1</round>
<failsafecounter/>
<players><player seat="3" name="KOPKHUNKRAP" chips="430" dealer="0" win="50" bet="45" muck="1" rebuy="0" addon="0" merge="0" rebuychips="0" reg_code="5066286775"/>
<player seat="10" name="Mrchash" chips="1,070" dealer="1" win="0" bet="25" muck="1" rebuy="0" addon="0" merge="0" rebuychips="0" reg_code="5066286973"/>
</players>
</general>
<round no="0"><action no="1" player="Mrchash" type="15" discard="1" dealt="1" sum="5"/>
<action no="2" player="KOPKHUNKRAP" type="15" sum="5"/>
<action no="3" player="Mrchash" type="1" discard="1" dealt="1" sum="20"/>
<action no="4" player="KOPKHUNKRAP" type="2" sum="40"/>
</round>
<round no="1"><cards type="Pocket" player="Mrchash">X X</cards>
<cards type="Pocket" player="KOPKHUNKRAP">H6 C10</cards>
<action no="5" player="Mrchash" type="0" discard="1" dealt="1" sum="0"/>
</round>
</game>
<game gamecode="6505498555"><general><startdate>2025-10-15 01:43:44</startdate>
<round>1</round>
<failsafecounter/>
<players><player seat="10" name="Mrchash" chips="1,045" dealer="0" win="50" bet="45" muck="1" rebuy="0" addon="0" merge="0" rebuychips="0" reg_code="5066286973"/>
<player seat="3" name="KOPKHUNKRAP" chips="455" dealer="1" win="0" bet="25" muck="1" rebuy="0" addon="0" merge="0" rebuychips="0" reg_code="5066286775"/>
</players>
</general>
<round no="0"><action no="1" player="KOPKHUNKRAP" type="15" sum="5"/>
<action no="2" player="Mrchash" type="15" discard="1" dealt="1" sum="5"/>
<action no="3" player="KOPKHUNKRAP" type="1" sum="20"/>
<action no="4" player="Mrchash" type="2" discard="1" dealt="1" sum="40"/>
</round>
<round no="1"><cards type="Pocket" player="KOPKHUNKRAP">D5 H2</cards>
<cards type="Pocket" player="Mrchash">X X</cards>
<action no="5" player="KOPKHUNKRAP" type="0" sum="0"/>
</round>
</game>
<game gamecode="6505498567"><general><startdate>2025-10-15 01:43:52</startdate>
<round>1</round>
<failsafecounter/>
<players><player seat="3" name="KOPKHUNKRAP" chips="430" dealer="0" win="70" bet="65" muck="1" rebuy="0" addon="0" merge="0" rebuychips="0" reg_code="5066286775"/>
<player seat="10" name="Mrchash" chips="1,070" dealer="1" win="0" bet="35" muck="1" rebuy="0" addon="0" merge="0" rebuychips="0" reg_code="5066286973"/>
</players>
</general>
<round no="0"><action no="1" player="Mrchash" type="15" discard="1" dealt="1" sum="5"/>
<action no="2" player="KOPKHUNKRAP" type="15" sum="5"/>
<action no="3" player="Mrchash" type="1" discard="1" dealt="1" sum="30"/>
<action no="4" player="KOPKHUNKRAP" type="2" sum="60"/>
</round>
<round no="1"><cards type="Pocket" player="Mrchash">X X</cards>
<cards type="Pocket" player="KOPKHUNKRAP">C7 D5</cards>
<action no="5" player="Mrchash" type="0" discard="1" dealt="1" sum="0"/>
</round>
</game>
<game gamecode="6505498573"><general><startdate>2025-10-15 01:43:58</startdate>
<round>1</round>
<failsafecounter/>
<players><player seat="10" name="Mrchash" chips="1,035" dealer="0" win="70" bet="65" muck="1" rebuy="0" addon="0" merge="0" rebuychips="0" reg_code="5066286973"/>
<player seat="3" name="KOPKHUNKRAP" chips="465" dealer="1" win="0" bet="35" muck="1" rebuy="0" addon="0" merge="0" rebuychips="0" reg_code="5066286775"/>
</players>
</general>
<round no="0"><action no="1" player="KOPKHUNKRAP" type="15" sum="5"/>
<action no="2" player="Mrchash" type="15" discard="1" dealt="1" sum="5"/>
<action no="3" player="KOPKHUNKRAP" type="1" sum="30"/>
<action no="4" player="Mrchash" type="2" discard="1" dealt="1" sum="60"/>
</round>
<round no="1"><cards type="Pocket" player="Mrchash">X X</cards>
<cards type="Pocket" player="KOPKHUNKRAP">S3 H9</cards>
<action no="5" player="KOPKHUNKRAP" type="0" sum="0"/>
</round>
</game>
<game gamecode="6505498593"><general><startdate>2025-10-15 01:44:06</startdate>
<round>1</round>
<failsafecounter/>
<players><player seat="3" name="KOPKHUNKRAP" chips="430" dealer="0" win="0" bet="65" muck="1" rebuy="0" addon="0" merge="0" rebuychips="0" reg_code="5066286775"/>
<player seat="10" name="Mrchash" chips="1,070" dealer="1" win="130" bet="125" muck="1" rebuy="0" addon="0" merge="0" rebuychips="0" reg_code="5066286973"/>
</players>
</general>
<round no="0"><action no="1" player="Mrchash" type="15" discard="1" dealt="1" sum="5"/>
<action no="2" player="KOPKHUNKRAP" type="15" sum="5"/>
<action no="3" player="Mrchash" type="1" discard="1" dealt="1" sum="30"/>
<action no="4" player="KOPKHUNKRAP" type="2" sum="60"/>
</round>
<round no="1"><cards type="Pocket" player="Mrchash">X X</cards>
<cards type="Pocket" player="KOPKHUNKRAP">H4 C7</cards>
<action no="5" player="Mrchash" type="3" discard="1" dealt="1" sum="30"/>
<action no="6" player="KOPKHUNKRAP" type="4" sum="0"/>
</round>
<round no="2"><cards type="Flop">D2 DJ CA</cards>
<action no="7" player="KOPKHUNKRAP" type="4" sum="0"/>
<action no="8" player="Mrchash" type="4" discard="1" dealt="1" sum="0"/>
</round>
<round no="3"><cards type="Turn">D8</cards>
<action no="9" player="KOPKHUNKRAP" type="4" sum="0"/>
<action no="10" player="Mrchash" type="5" discard="1" dealt="1" sum="60"/>
<action no="11" player="KOPKHUNKRAP" type="0" sum="0"/>
</round>
</game>
<game gamecode="6505498617"><general><startdate>2025-10-15 01:44:26</startdate>
<round>1</round>
<failsafecounter/>
<players><player seat="10" name="Mrchash" chips="1,135" dealer="0" win="0" bet="65" muck="1" rebuy="0" addon="0" merge="0" rebuychips="0" reg_code="5066286973"/>
<player seat="3" name="KOPKHUNKRAP" chips="365" dealer="1" win="130" bet="365" muck="1" rebuy="0" addon="0" merge="0" rebuychips="0" reg_code="5066286775"/>
</players>
</general>
<round no="0"><action no="1" player="KOPKHUNKRAP" type="15" sum="5"/>
<action no="2" player="Mrchash" type="15" discard="1" dealt="1" sum="5"/>
<action no="3" player="KOPKHUNKRAP" type="1" sum="30"/>
<action no="4" player="Mrchash" type="2" discard="1" dealt="1" sum="60"/>
</round>
<round no="1"><cards type="Pocket" player="Mrchash">X X</cards>
<cards type="Pocket" player="KOPKHUNKRAP">D7 H7</cards>
<action no="5" player="KOPKHUNKRAP" type="23" sum="360"/>
<action no="6" player="Mrchash" type="0" discard="1" dealt="1" sum="0"/>
</round>
</game>
<game gamecode="6505498634"><general><startdate>2025-10-15 01:44:37</startdate>
<round>1</round>
<failsafecounter/>
<players><player seat="3" name="KOPKHUNKRAP" chips="430" dealer="0" win="70" bet="65" muck="1" rebuy="0" addon="0" merge="0" rebuychips="0" reg_code="5066286775"/>
<player seat="10" name="Mrchash" chips="1,070" dealer="1" win="0" bet="35" muck="1" rebuy="0" addon="0" merge="0" rebuychips="0" reg_code="5066286973"/>
</players>
</general>
<round no="0"><action no="1" player="Mrchash" type="15" discard="1" dealt="1" sum="5"/>
<action no="2" player="KOPKHUNKRAP" type="15" sum="5"/>
<action no="3" player="Mrchash" type="1" discard="1" dealt="1" sum="30"/>
<action no="4" player="KOPKHUNKRAP" type="2" sum="60"/>
</round>
<round no="1"><cards type="Pocket" player="KOPKHUNKRAP">S10 CJ</cards>
<cards type="Pocket" player="Mrchash">X X</cards>
<action no="5" player="Mrchash" type="0" discard="1" dealt="1" sum="0"/>
</round>
</game>
<game gamecode="6505498645"><general><startdate>2025-10-15 01:44:42</startdate>
<round>1</round>
<failsafecounter/>
<players><player seat="10" name="Mrchash" chips="1,035" dealer="0" win="70" bet="65" muck="1" rebuy="0" addon="0" merge="0" rebuychips="0" reg_code="5066286973"/>
<player seat="3" name="KOPKHUNKRAP" chips="465" dealer="1" win="0" bet="35" muck="1" rebuy="0" addon="0" merge="0" rebuychips="0" reg_code="5066286775"/>
</players>
</general>
<round no="0"><action no="1" player="KOPKHUNKRAP" type="15" sum="5"/>
<action no="2" player="Mrchash" type="15" discard="1" dealt="1" sum="5"/>
<action no="3" player="KOPKHUNKRAP" type="1" sum="30"/>
<action no="4" player="Mrchash" type="2" discard="1" dealt="1" sum="60"/>
</round>
<round no="1"><cards type="Pocket" player="KOPKHUNKRAP">S3 H6</cards>
<cards type="Pocket" player="Mrchash">X X</cards>
<action no="5" player="KOPKHUNKRAP" type="0" sum="0"/>
</round>
</game>
<game gamecode="6505498658"><general><startdate>2025-10-15 01:44:50</startdate>
<round>1</round>
<failsafecounter/>
<players><player seat="3" name="KOPKHUNKRAP" chips="430" dealer="0" win="0" bet="65" muck="1" rebuy="0" addon="0" merge="0" rebuychips="0" reg_code="5066286775"/>
<player seat="10" name="Mrchash" chips="1,070" dealer="1" win="130" bet="1,070" muck="1" rebuy="0" addon="0" merge="0" rebuychips="0" reg_code="5066286973"/>
</players>
</general>
<round no="0"><action no="1" player="Mrchash" type="15" discard="1" dealt="1" sum="5"/>
<action no="2" player="KOPKHUNKRAP" type="15" sum="5"/>
<action no="3" player="Mrchash" type="1" discard="1" dealt="1" sum="30"/>
<action no="4" player="KOPKHUNKRAP" type="2" sum="60"/>
</round>
<round no="1"><cards type="Pocket" player="Mrchash">X X</cards>
<cards type="Pocket" player="KOPKHUNKRAP">HQ D7</cards>
<action no="5" player="Mrchash" type="23" discard="1" dealt="1" sum="1,065"/>
<action no="6" player="KOPKHUNKRAP" type="0" sum="0"/>
</round>
</game>
<game gamecode="6505498688"><general><startdate>2025-10-15 01:45:09</startdate>
<round>1</round>
<failsafecounter/>
<players><player seat="10" name="Mrchash" chips="1,135" dealer="0" win="70" bet="65" muck="1" rebuy="0" addon="0" merge="0" rebuychips="0" reg_code="5066286973"/>
<player seat="3" name="KOPKHUNKRAP" chips="365" dealer="1" win="0" bet="35" muck="1" rebuy="0" addon="0" merge="0" rebuychips="0" reg_code="5066286775"/>
</players>
</general>
<round no="0"><action no="1" player="KOPKHUNKRAP" type="15" sum="5"/>
<action no="2" player="Mrchash" type="15" discard="1" dealt="1" sum="5"/>
<action no="3" player="KOPKHUNKRAP" type="1" sum="30"/>
<action no="4" player="Mrchash" type="2" discard="1" dealt="1" sum="60"/>
</round>
<round no="1"><cards type="Pocket" player="KOPKHUNKRAP">S4 C8</cards>
<cards type="Pocket" player="Mrchash">X X</cards>
<action no="5" player="KOPKHUNKRAP" type="0" sum="0"/>
</round>
</game>
<game gamecode="6505498705"><general><startdate>2025-10-15 01:45:20</startdate>
<round>1</round>
<failsafecounter/>
<players><player seat="3" name="KOPKHUNKRAP" chips="330" dealer="0" win="0" bet="65" muck="1" rebuy="0" addon="0" merge="0" rebuychips="0" reg_code="5066286775"/>
<player seat="10" name="Mrchash" chips="1,170" dealer="1" win="130" bet="1,170" muck="1" rebuy="0" addon="0" merge="0" rebuychips="0" reg_code="5066286973"/>
</players>
</general>
<round no="0"><action no="1" player="Mrchash" type="15" discard="1" dealt="1" sum="5"/>
<action no="2" player="KOPKHUNKRAP" type="15" sum="5"/>
<action no="3" player="Mrchash" type="1" discard="1" dealt="1" sum="30"/>
<action no="4" player="KOPKHUNKRAP" type="2" sum="60"/>
</round>
<round no="1"><cards type="Pocket" player="KOPKHUNKRAP">C7 D4</cards>
<cards type="Pocket" player="Mrchash">X X</cards>
<action no="5" player="Mrchash" type="23" discard="1" dealt="1" sum="1,165"/>
<action no="6" player="KOPKHUNKRAP" type="0" sum="0"/>
</round>
</game>
<game gamecode="6505498723"><general><startdate>2025-10-15 01:45:30</startdate>
<round>1</round>
<failsafecounter/>
<players><player seat="10" name="Mrchash" chips="1,235" dealer="0" win="0" bet="88" muck="1" rebuy="0" addon="0" merge="0" rebuychips="0" reg_code="5066286973"/>
<player seat="3" name="KOPKHUNKRAP" chips="265" dealer="1" win="176" bet="265" muck="1" rebuy="0" addon="0" merge="0" rebuychips="0" reg_code="5066286775"/>
</players>
</general>
<round no="0"><action no="1" player="KOPKHUNKRAP" type="15" sum="8"/>
<action no="2" player="Mrchash" type="15" discard="1" dealt="1" sum="8"/>
<action no="3" player="KOPKHUNKRAP" type="1" sum="40"/>
<action no="4" player="Mrchash" type="2" discard="1" dealt="1" sum="80"/>
</round>
<round no="1"><cards type="Pocket" player="KOPKHUNKRAP">SA D2</cards>
<cards type="Pocket" player="Mrchash">X X</cards>
<action no="5" player="KOPKHUNKRAP" type="23" sum="257"/>
<action no="6" player="Mrchash" type="0" discard="1" dealt="1" sum="0"/>
</round>
</game>
<game gamecode="6505498738"><general><startdate>2025-10-15 01:45:40</startdate>
<round>1</round>
<failsafecounter/>
<players><player seat="3" name="KOPKHUNKRAP" chips="353" dealer="0" win="176" bet="353" muck="1" rebuy="0" addon="0" merge="0" rebuychips="0" reg_code="5066286775"/>
<player seat="10" name="Mrchash" chips="1,147" dealer="1" win="0" bet="88" muck="1" rebuy="0" addon="0" merge="0" rebuychips="0" reg_code="5066286973"/>
</players>
</general>
<round no="0"><action no="1" player="Mrchash" type="15" discard="1" dealt="1" sum="8"/>
<action no="2" player="KOPKHUNKRAP" type="15" sum="8"/>
<action no="3" player="Mrchash" type="1" discard="1" dealt="1" sum="40"/>
<action no="4" player="KOPKHUNKRAP" type="2" sum="80"/>
</round>
<round no="1"><cards type="Pocket" player="KOPKHUNKRAP">SK HQ</cards>
<cards type="Pocket" player="Mrchash">X X</cards>
<action no="5" player="Mrchash" type="3" discard="1" dealt="1" sum="40"/>
<action no="6" player="KOPKHUNKRAP" type="23" sum="345"/>
<action no="7" player="Mrchash" type="0" discard="1" dealt="1" sum="0"/>
</round>
</game>
<game gamecode="6505498762"><general><startdate>2025-10-15 01:45:53</startdate>
<round>1</round>
<failsafecounter/>
<players><player seat="10" name="Mrchash" chips="1,059" dealer="0" win="0" bet="441" muck="1" rebuy="0" addon="0" merge="0" rebuychips="0" reg_code="5066286973"/>
<player seat="3" name="KOPKHUNKRAP" chips="441" dealer="1" win="882" bet="441" muck="0" rebuy="0" addon="0" merge="0" rebuychips="0" reg_code="5066286775"/>
</players>
</general>
<round no="0"><action no="1" player="KOPKHUNKRAP" type="15" sum="8"/>
<action no="2" player="Mrchash" type="15" discard="1" dealt="1" sum="8"/>
<action no="3" player="KOPKHUNKRAP" type="1" sum="40"/>
<action no="4" player="Mrchash" type="2" discard="1" dealt="1" sum="80"/>
</round>
<round no="1"><cards type="Pocket" player="KOPKHUNKRAP">HQ S7</cards>
<cards type="Pocket" player="Mrchash">D9 SQ</cards>
<action no="5" player="KOPKHUNKRAP" type="23" sum="433"/>
<action no="6" player="Mrchash" type="3" discard="1" dealt="1" sum="353"/>
</round>
<round no="2"><cards type="Flop">HA H10 C7</cards>
</round>
<round no="3"><cards type="Turn">D2</cards>
</round>
<round no="4"><cards type="River">H5</cards>
</round>
</game>
<game gamecode="6505498781"><general><startdate>2025-10-15 01:46:08</startdate>
<round>1</round>
<failsafecounter/>
<players><player seat="3" name="KOPKHUNKRAP" chips="882" dealer="0" win="1,236" bet="618" muck="0" rebuy="0" addon="0" merge="0" rebuychips="0" reg_code="5066286775"/>
<player seat="10" name="Mrchash" chips="618" dealer="1" win="0" bet="618" muck="0" rebuy="0" addon="0" merge="0" rebuychips="0" reg_code="5066286973"/>
</players>
</general>
<round no="0"><action no="1" player="Mrchash" type="15" discard="1" dealt="1" sum="8"/>
<action no="2" player="KOPKHUNKRAP" type="15" sum="8"/>
<action no="3" player="Mrchash" type="1" discard="1" dealt="1" sum="40"/>
<action no="4" player="KOPKHUNKRAP" type="2" sum="80"/>
</round>
<round no="1"><cards type="Pocket" player="Mrchash">SJ CK</cards>
<cards type="Pocket" player="KOPKHUNKRAP">C4 D4</cards>
<action no="5" player="Mrchash" type="23" discard="1" dealt="1" sum="610"/>
<action no="6" player="KOPKHUNKRAP" type="3" sum="530"/>
</round>
<round no="2"><cards type="Flop">C7 S3 S6</cards>
</round>
<round no="3"><cards type="Turn">HA</cards>
</round>
<round no="4"><cards type="River">S10</cards>
</round>
</game>
</session>
