<?xml version="1.0" encoding="UTF-8"?>
<session sessioncode="5066557822">
<general>
<client_version>24.7.1.15</client_version>
<mode>real</mode>
<gametype>Holdem NL</gametype>
<tablename>Twister €200 SNG, 819827030</tablename>
<tournamentcode>819827029</tournamentcode>
<tournamentname>Twister €200 SNG</tournamentname>
<buyin>€0 + €12 + €188</buyin>
<totalbuyin>€200</totalbuyin>
<rewarddrawn>€800</rewarddrawn>
<tournamentcurrency>EUR</tournamentcurrency>
<currency>EUR</currency>
<nickname>KOPKHUNKRAP</nickname>
<gamecount>33</gamecount>
<startdate>2025-10-16 12:29:22</startdate>
<place>2</place>
<win>€0</win>
<tablesize>3</tablesize>
</general>
<game gamecode="6506590054"><general><startdate>2025-10-16 12:29:38</startdate>
<round>1</round>
<failsafecounter/>
<players><player seat="6" name="L1mltless" chips="500" dealer="0" win="90" bet="500" muck="1" rebuy="0" addon="0" merge="0" rebuychips="0" reg_code="5066555473"/>
<player seat="10" name="Cjdndndnd" chips="500" dealer="1" win="0" bet="40" muck="1" rebuy="0" addon="0" merge="0" rebuychips="0" reg_code="5066558246"/>
<player seat="3" name="KOPKHUNKRAP" chips="500" dealer="0" win="0" bet="10" muck="1" rebuy="0" addon="0" merge="0" rebuychips="0" reg_code="5066557822"/>
</players>
</general>
<round no="0"><action no="1" player="KOPKHUNKRAP" type="1" sum="10"/>
<action no="2" player="L1mltless" type="2" discard="1" dealt="1" sum="20"/>
</round>
<round no="1"><cards type="Pocket" player="KOPKHUNKRAP">H4 D6</cards>
<cards type="Pocket" player="L1mltless">X X</cards>
<cards type="Pocket" player="Cjdndndnd">X X</cards>
<action no="3" player="Cjdndndnd" type="23" discard="1" dealt="1" sum="40"/>
<action no="4" player="KOPKHUNKRAP" type="0" sum="0"/>
<action no="5" player="L1mltless" type="23" discard="1" dealt="1" sum="500"/>
<action no="6" player="Cjdndndnd" type="0" discard="1" dealt="1" sum="0"/>
</round>
</game>
<game gamecode="6506590074"><general><startdate>2025-10-16 12:29:47</startdate>
<round>1</round>
<failsafecounter/>
<players><player seat="10" name="Cjdndndnd" chips="460" dealer="0" win="80" bet="40" muck="0" rebuy="0" addon="0" merge="0" rebuychips="0" reg_code="5066558246"/>
<player seat="3" name="KOPKHUNKRAP" chips="490" dealer="1" win="0" bet="0" muck="1" rebuy="0" addon="0" merge="0" rebuychips="0" reg_code="5066557822"/>
<player seat="6" name="L1mltless" chips="550" dealer="0" win="0" bet="40" muck="1" rebuy="0" addon="0" merge="0" rebuychips="0" reg_code="5066555473"/>
</players>
</general>
<round no="0"><action no="1" player="L1mltless" type="1" discard="1" dealt="1" sum="10"/>
<action no="2" player="Cjdndndnd" type="2" discard="1" dealt="1" sum="20"/>
</round>
<round no="1"><cards type="Pocket" player="KOPKHUNKRAP">DJ D4</cards>
<cards type="Pocket" player="L1mltless">CJ H5</cards>
<cards type="Pocket" player="Cjdndndnd">DA H6</cards>
<action no="3" player="KOPKHUNKRAP" type="0" sum="0"/>
<action no="4" player="L1mltless" type="3" discard="1" dealt="1" sum="10"/>
<action no="5" player="Cjdndndnd" type="4" discard="1" dealt="1" sum="0"/>
</round>
<round no="2"><cards type="Flop">SQ S9 C7</cards>
<action no="6" player="L1mltless" type="5" discard="1" dealt="1" sum="20"/>
<action no="7" player="Cjdndndnd" type="3" discard="1" dealt="1" sum="20"/>
</round>
<round no="3"><cards type="Turn">H3</cards>
<action no="8" player="L1mltless" type="4" discard="1" dealt="1" sum="0"/>
<action no="9" player="Cjdndndnd" type="4" discard="1" dealt="1" sum="0"/>
</round>
<round no="4"><cards type="River">DK</cards>
<action no="10" player="L1mltless" type="4" discard="1" dealt="1" sum="0"/>
<action no="11" player="Cjdndndnd" type="4" discard="1" dealt="1" sum="0"/>
</round>
</game>
<game gamecode="6506590108"><general><startdate>2025-10-16 12:30:05</startdate>
<round>1</round>
<failsafecounter/>
<players><player seat="3" name="KOPKHUNKRAP" chips="490" dealer="0" win="0" bet="40" muck="1" rebuy="0" addon="0" merge="0" rebuychips="0" reg_code="5066557822"/>
<player seat="6" name="L1mltless" chips="510" dealer="1" win="0" bet="510" muck="0" rebuy="0" addon="0" merge="0" rebuychips="0" reg_code="5066555473"/>
<player seat="10" name="Cjdndndnd" chips="500" dealer="0" win="1,040" bet="500" muck="0" rebuy="0" addon="0" merge="0" rebuychips="0" reg_code="5066558246"/>
</players>
</general>
<round no="0"><action no="1" player="Cjdndndnd" type="1" discard="1" dealt="1" sum="10"/>
<action no="2" player="KOPKHUNKRAP" type="2" sum="20"/>
</round>
<round no="1"><cards type="Pocket" player="KOPKHUNKRAP">CA D7</cards>
<cards type="Pocket" player="Cjdndndnd">H6 S6</cards>
<cards type="Pocket" player="L1mltless">C7 DA</cards>
<action no="3" player="L1mltless" type="23" discard="1" dealt="1" sum="40"/>
<action no="4" player="Cjdndndnd" type="3" discard="1" dealt="1" sum="30"/>
<action no="5" player="KOPKHUNKRAP" type="3" sum="20"/>
</round>
<round no="2"><cards type="Flop">S4 D10 C10</cards>
<action no="6" player="Cjdndndnd" type="5" discard="1" dealt="1" sum="20"/>
<action no="7" player="KOPKHUNKRAP" type="0" sum="0"/>
<action no="8" player="L1mltless" type="3" discard="1" dealt="1" sum="20"/>
</round>
<round no="3"><cards type="Turn">D6</cards>
<action no="9" player="Cjdndndnd" type="5" discard="1" dealt="1" sum="60"/>
<action no="10" player="L1mltless" type="3" discard="1" dealt="1" sum="60"/>
</round>
<round no="4"><cards type="River">D5</cards>
<action no="11" player="Cjdndndnd" type="5" discard="1" dealt="1" sum="100"/>
<action no="12" player="L1mltless" type="23" discard="1" dealt="1" sum="390"/>
<action no="13" player="Cjdndndnd" type="7" discard="1" dealt="1" sum="280"/>
</round>
</game>
<game gamecode="6506590179"><general><startdate>2025-10-16 12:30:46</startdate>
<round>1</round>
<failsafecounter/>
<players><player seat="6" name="L1mltless" chips="10" dealer="0" win="0" bet="10" muck="0" rebuy="0" addon="0" merge="0" rebuychips="0" reg_code="5066555473"/>
<player seat="10" name="Cjdndndnd" chips="1,040" dealer="1" win="370" bet="180" muck="0" rebuy="0" addon="0" merge="0" rebuychips="0" reg_code="5066558246"/>
<player seat="3" name="KOPKHUNKRAP" chips="450" dealer="0" win="0" bet="180" muck="1" rebuy="0" addon="0" merge="0" rebuychips="0" reg_code="5066557822"/>
</players>
</general>
<round no="0"><action no="1" player="KOPKHUNKRAP" type="1" sum="10"/>
<action no="2" player="L1mltless" type="2" discard="1" dealt="1" sum="10"/>
</round>
<round no="1"><cards type="Pocket" player="L1mltless">S2 D7</cards>
<cards type="Pocket" player="KOPKHUNKRAP">HJ CJ</cards>
<cards type="Pocket" player="Cjdndndnd">C10 C4</cards>
<action no="3" player="Cjdndndnd" type="3" discard="1" dealt="1" sum="20"/>
<action no="4" player="KOPKHUNKRAP" type="23" sum="80"/>
<action no="5" player="Cjdndndnd" type="3" discard="1" dealt="1" sum="60"/>
</round>
<round no="2"><cards type="Flop">C8 SQ D9</cards>
<action no="6" player="KOPKHUNKRAP" type="4" sum="0"/>
<action no="7" player="Cjdndndnd" type="4" discard="1" dealt="1" sum="0"/>
</round>
<round no="3"><cards type="Turn">DJ</cards>
<action no="8" player="KOPKHUNKRAP" type="4" sum="0"/>
<action no="9" player="Cjdndndnd" type="5" discard="1" dealt="1" sum="100"/>
<action no="10" player="KOPKHUNKRAP" type="3" sum="100"/>
</round>
<round no="4"><cards type="River">H4</cards>
<action no="11" player="KOPKHUNKRAP" type="4" sum="0"/>
<action no="12" player="Cjdndndnd" type="4" discard="1" dealt="1" sum="0"/>
</round>
</game>
<game gamecode="6506590226"><general><startdate>2025-10-16 12:31:09</startdate>
<round>1</round>
<failsafecounter/>
<players><player seat="10" name="Cjdndndnd" chips="1,230" dealer="0" win="0" bet="840" muck="1" rebuy="0" addon="0" merge="0" rebuychips="0" reg_code="5066558246"/>
<player seat="3" name="KOPKHUNKRAP" chips="270" dealer="1" win="540" bet="270" muck="0" rebuy="0" addon="0" merge="0" rebuychips="0" reg_code="5066557822"/>
</players>
</general>
<round no="0"><action no="1" player="KOPKHUNKRAP" type="1" sum="10"/>
<action no="2" player="Cjdndndnd" type="2" discard="1" dealt="1" sum="20"/>
</round>
<round no="1"><cards type="Pocket" player="KOPKHUNKRAP">D10 DA</cards>
<cards type="Pocket" player="Cjdndndnd">H8 CA</cards>
<action no="3" player="KOPKHUNKRAP" type="3" sum="10"/>
<action no="4" player="Cjdndndnd" type="23" discard="1" dealt="1" sum="840"/>
<action no="5" player="KOPKHUNKRAP" type="7" sum="250"/>
</round>
<round no="2"><cards type="Flop">H4 S3 DQ</cards>
</round>
<round no="3"><cards type="Turn">S7</cards>
</round>
<round no="4"><cards type="River">H10</cards>
</round>
</game>
<game gamecode="6506590254"><general><startdate>2025-10-16 12:31:28</startdate>
<round>1</round>
<failsafecounter/>
<players><player seat="3" name="KOPKHUNKRAP" chips="540" dealer="0" win="0" bet="20" muck="1" rebuy="0" addon="0" merge="0" rebuychips="0" reg_code="5066557822"/>
<player seat="10" name="Cjdndndnd" chips="960" dealer="1" win="40" bet="40" muck="1" rebuy="0" addon="0" merge="0" rebuychips="0" reg_code="5066558246"/>
</players>
</general>
<round no="0"><action no="1" player="Cjdndndnd" type="1" discard="1" dealt="1" sum="10"/>
<action no="2" player="KOPKHUNKRAP" type="2" sum="20"/>
</round>
<round no="1"><cards type="Pocket" player="KOPKHUNKRAP">H9 C4</cards>
<cards type="Pocket" player="Cjdndndnd">X X</cards>
<action no="3" player="Cjdndndnd" type="23" discard="1" dealt="1" sum="40"/>
<action no="4" player="KOPKHUNKRAP" type="0" sum="0"/>
</round>
</game>
<game gamecode="6506590270"><general><startdate>2025-10-16 12:31:34</startdate>
<round>1</round>
<failsafecounter/>
<players><player seat="10" name="Cjdndndnd" chips="980" dealer="0" win="20" bet="20" muck="1" rebuy="0" addon="0" merge="0" rebuychips="0" reg_code="5066558246"/>
<player seat="3" name="KOPKHUNKRAP" chips="520" dealer="1" win="0" bet="10" muck="1" rebuy="0" addon="0" merge="0" rebuychips="0" reg_code="5066557822"/>
</players>
</general>
<round no="0"><action no="1" player="KOPKHUNKRAP" type="1" sum="10"/>
<action no="2" player="Cjdndndnd" type="2" discard="1" dealt="1" sum="20"/>
</round>
<round no="1"><cards type="Pocket" player="Cjdndndnd">X X</cards>
<cards type="Pocket" player="KOPKHUNKRAP">S2 D4</cards>
<action no="3" player="KOPKHUNKRAP" type="0" sum="0"/>
</round>
</game>
<game gamecode="6506590284"><general><startdate>2025-10-16 12:31:40</startdate>
<round>1</round>
<failsafecounter/>
<players><player seat="3" name="KOPKHUNKRAP" chips="510" dealer="0" win="0" bet="35" muck="1" rebuy="0" addon="0" merge="0" rebuychips="0" reg_code="5066557822"/>
<player seat="10" name="Cjdndndnd" chips="990" dealer="1" win="70" bet="95" muck="1" rebuy="0" addon="0" merge="0" rebuychips="0" reg_code="5066558246"/>
</players>
</general>
<round no="0"><action no="1" player="Cjdndndnd" type="15" discard="1" dealt="1" sum="5"/>
<action no="2" player="KOPKHUNKRAP" type="15" sum="5"/>
<action no="3" player="Cjdndndnd" type="1" discard="1" dealt="1" sum="15"/>
<action no="4" player="KOPKHUNKRAP" type="2" sum="30"/>
</round>
<round no="1"><cards type="Pocket" player="KOPKHUNKRAP">HK H2</cards>
<cards type="Pocket" player="Cjdndndnd">X X</cards>
<action no="5" player="Cjdndndnd" type="23" discard="1" dealt="1" sum="90"/>
<action no="6" player="KOPKHUNKRAP" type="0" sum="0"/>
</round>
</game>
<game gamecode="6506590296"><general><startdate>2025-10-16 12:31:47</startdate>
<round>1</round>
<failsafecounter/>
<players><player seat="10" name="Cjdndndnd" chips="1,025" dealer="0" win="70" bet="95" muck="1" rebuy="0" addon="0" merge="0" rebuychips="0" reg_code="5066558246"/>
<player seat="3" name="KOPKHUNKRAP" chips="475" dealer="1" win="0" bet="35" muck="1" rebuy="0" addon="0" merge="0" rebuychips="0" reg_code="5066557822"/>
</players>
</general>
<round no="0"><action no="1" player="KOPKHUNKRAP" type="15" sum="5"/>
<action no="2" player="Cjdndndnd" type="15" discard="1" dealt="1" sum="5"/>
<action no="3" player="KOPKHUNKRAP" type="1" sum="15"/>
<action no="4" player="Cjdndndnd" type="2" discard="1" dealt="1" sum="30"/>
</round>
<round no="1"><cards type="Pocket" player="Cjdndndnd">X X</cards>
<cards type="Pocket" player="KOPKHUNKRAP">C5 D10</cards>
<action no="5" player="KOPKHUNKRAP" type="3" sum="15"/>
<action no="6" player="Cjdndndnd" type="23" discard="1" dealt="1" sum="90"/>
<action no="7" player="KOPKHUNKRAP" type="0" sum="0"/>
</round>
</game>
<game gamecode="6506590310"><general><startdate>2025-10-16 12:31:54</startdate>
<round>1</round>
<failsafecounter/>
<players><player seat="3" name="KOPKHUNKRAP" chips="440" dealer="0" win="130" bet="65" muck="0" rebuy="0" addon="0" merge="0" rebuychips="0" reg_code="5066557822"/>
<player seat="10" name="Cjdndndnd" chips="1,060" dealer="1" win="0" bet="65" muck="1" rebuy="0" addon="0" merge="0" rebuychips="0" reg_code="5066558246"/>
</players>
</general>
<round no="0"><action no="1" player="Cjdndndnd" type="15" discard="1" dealt="1" sum="5"/>
<action no="2" player="KOPKHUNKRAP" type="15" sum="5"/>
<action no="3" player="Cjdndndnd" type="1" discard="1" dealt="1" sum="15"/>
<action no="4" player="KOPKHUNKRAP" type="2" sum="30"/>
</round>
<round no="1"><cards type="Pocket" player="KOPKHUNKRAP">C9 SJ</cards>
<cards type="Pocket" player="Cjdndndnd">SA D9</cards>
<action no="5" player="Cjdndndnd" type="3" discard="1" dealt="1" sum="15"/>
<action no="6" player="KOPKHUNKRAP" type="4" sum="0"/>
</round>
<round no="2"><cards type="Flop">D6 H7 DJ</cards>
<action no="7" player="KOPKHUNKRAP" type="4" sum="0"/>
<action no="8" player="Cjdndndnd" type="4" discard="1" dealt="1" sum="0"/>
</round>
<round no="3"><cards type="Turn">H5</cards>
<action no="9" player="KOPKHUNKRAP" type="4" sum="0"/>
<action no="10" player="Cjdndndnd" type="4" discard="1" dealt="1" sum="0"/>
</round>
<round no="4"><cards type="River">H6</cards>
<action no="11" player="KOPKHUNKRAP" type="5" sum="30"/>
<action no="12" player="Cjdndndnd" type="3" discard="1" dealt="1" sum="30"/>
</round>
</game>
<game gamecode="6506590340"><general><startdate>2025-10-16 12:32:09</startdate>
<round>1</round>
<failsafecounter/>
<players><player seat="10" name="Cjdndndnd" chips="995" dealer="0" win="0" bet="35" muck="1" rebuy="0" addon="0" merge="0" rebuychips="0" reg_code="5066558246"/>
<player seat="3" name="KOPKHUNKRAP" chips="505" dealer="1" win="70" bet="65" muck="1" rebuy="0" addon="0" merge="0" rebuychips="0" reg_code="5066557822"/>
</players>
</general>
<round no="0"><action no="1" player="KOPKHUNKRAP" type="15" sum="5"/>
<action no="2" player="Cjdndndnd" type="15" discard="1" dealt="1" sum="5"/>
<action no="3" player="KOPKHUNKRAP" type="1" sum="15"/>
<action no="4" player="Cjdndndnd" type="2" discard="1" dealt="1" sum="30"/>
</round>
<round no="1"><cards type="Pocket" player="KOPKHUNKRAP">SA SQ</cards>
<cards type="Pocket" player="Cjdndndnd">X X</cards>
<action no="5" player="KOPKHUNKRAP" type="3" sum="15"/>
<action no="6" player="Cjdndndnd" type="4" discard="1" dealt="1" sum="0"/>
</round>
<round no="2"><cards type="Flop">DJ C3 HQ</cards>
<action no="7" player="Cjdndndnd" type="4" discard="1" dealt="1" sum="0"/>
<action no="8" player="KOPKHUNKRAP" type="5" sum="30"/>
<action no="9" player="Cjdndndnd" type="0" discard="1" dealt="1" sum="0"/>
</round>
</game>
<game gamecode="6506590357"><general><startdate>2025-10-16 12:32:19</startdate>
<round>1</round>
<failsafecounter/>
<players><player seat="3" name="KOPKHUNKRAP" chips="540" dealer="0" win="130" bet="540" muck="1" rebuy="0" addon="0" merge="0" rebuychips="0" reg_code="5066557822"/>
<player seat="10" name="Cjdndndnd" chips="960" dealer="1" win="0" bet="65" muck="1" rebuy="0" addon="0" merge="0" rebuychips="0" reg_code="5066558246"/>
</players>
</general>
<round no="0"><action no="1" player="Cjdndndnd" type="15" discard="1" dealt="1" sum="5"/>
<action no="2" player="KOPKHUNKRAP" type="15" sum="5"/>
<action no="3" player="Cjdndndnd" type="1" discard="1" dealt="1" sum="15"/>
<action no="4" player="KOPKHUNKRAP" type="2" sum="30"/>
</round>
<round no="1"><cards type="Pocket" player="KOPKHUNKRAP">SA H9</cards>
<cards type="Pocket" player="Cjdndndnd">X X</cards>
<action no="5" player="Cjdndndnd" type="23" discard="1" dealt="1" sum="60"/>
<action no="6" player="KOPKHUNKRAP" type="23" sum="535"/>
<action no="7" player="Cjdndndnd" type="0" discard="1" dealt="1" sum="0"/>
</round>
</game>
<game gamecode="6506590375"><general><startdate>2025-10-16 12:32:28</startdate>
<round>1</round>
<failsafecounter/>
<players><player seat="10" name="Cjdndndnd" chips="895" dealer="0" win="70" bet="65" muck="1" rebuy="0" addon="0" merge="0" rebuychips="0" reg_code="5066558246"/>
<player seat="3" name="KOPKHUNKRAP" chips="605" dealer="1" win="0" bet="35" muck="1" rebuy="0" addon="0" merge="0" rebuychips="0" reg_code="5066557822"/>
</players>
</general>
<round no="0"><action no="1" player="KOPKHUNKRAP" type="15" sum="5"/>
<action no="2" player="Cjdndndnd" type="15" discard="1" dealt="1" sum="5"/>
<action no="3" player="KOPKHUNKRAP" type="1" sum="15"/>
<action no="4" player="Cjdndndnd" type="2" discard="1" dealt="1" sum="30"/>
</round>
<round no="1"><cards type="Pocket" player="KOPKHUNKRAP">D5 HK</cards>
<cards type="Pocket" player="Cjdndndnd">X X</cards>
<action no="5" player="KOPKHUNKRAP" type="3" sum="15"/>
<action no="6" player="Cjdndndnd" type="4" discard="1" dealt="1" sum="0"/>
</round>
<round no="2"><cards type="Flop">S2 C7 CQ</cards>
<action no="7" player="Cjdndndnd" type="4" discard="1" dealt="1" sum="0"/>
<action no="8" player="KOPKHUNKRAP" type="4" sum="0"/>
</round>
<round no="3"><cards type="Turn">C4</cards>
<action no="9" player="Cjdndndnd" type="5" discard="1" dealt="1" sum="30"/>
<action no="10" player="KOPKHUNKRAP" type="0" sum="0"/>
</round>
</game>
<game gamecode="6506590407"><general><startdate>2025-10-16 12:32:53</startdate>
<round>1</round>
<failsafecounter/>
<players><player seat="3" name="KOPKHUNKRAP" chips="570" dealer="0" win="130" bet="65" muck="0" rebuy="0" addon="0" merge="0" rebuychips="0" reg_code="5066557822"/>
<player seat="10" name="Cjdndndnd" chips="930" dealer="1" win="0" bet="65" muck="1" rebuy="0" addon="0" merge="0" rebuychips="0" reg_code="5066558246"/>
</players>
</general>
<round no="0"><action no="1" player="Cjdndndnd" type="15" discard="1" dealt="1" sum="5"/>
<action no="2" player="KOPKHUNKRAP" type="15" sum="5"/>
<action no="3" player="Cjdndndnd" type="1" discard="1" dealt="1" sum="15"/>
<action no="4" player="KOPKHUNKRAP" type="2" sum="30"/>
</round>
<round no="1"><cards type="Pocket" player="Cjdndndnd">SQ S3</cards>
<cards type="Pocket" player="KOPKHUNKRAP">DJ H7</cards>
<action no="5" player="Cjdndndnd" type="3" discard="1" dealt="1" sum="15"/>
<action no="6" player="KOPKHUNKRAP" type="4" sum="0"/>
</round>
<round no="2"><cards type="Flop">H8 CJ D8</cards>
<action no="7" player="KOPKHUNKRAP" type="4" sum="0"/>
<action no="8" player="Cjdndndnd" type="4" discard="1" dealt="1" sum="0"/>
</round>
<round no="3"><cards type="Turn">S8</cards>
<action no="9" player="KOPKHUNKRAP" type="4" sum="0"/>
<action no="10" player="Cjdndndnd" type="4" discard="1" dealt="1" sum="0"/>
</round>
<round no="4"><cards type="River">H4</cards>
<action no="11" player="KOPKHUNKRAP" type="5" sum="30"/>
<action no="12" player="Cjdndndnd" type="3" discard="1" dealt="1" sum="30"/>
</round>
</game>
<game gamecode="6506590471"><general><startdate>2025-10-16 12:33:25</startdate>
<round>1</round>
<failsafecounter/>
<players><player seat="10" name="Cjdndndnd" chips="865" dealer="0" win="0" bet="35" muck="1" rebuy="0" addon="0" merge="0" rebuychips="0" reg_code="5066558246"/>
<player seat="3" name="KOPKHUNKRAP" chips="635" dealer="1" win="70" bet="35" muck="0" rebuy="0" addon="0" merge="0" rebuychips="0" reg_code="5066557822"/>
</players>
</general>
<round no="0"><action no="1" player="KOPKHUNKRAP" type="15" sum="5"/>
<action no="2" player="Cjdndndnd" type="15" discard="1" dealt="1" sum="5"/>
<action no="3" player="KOPKHUNKRAP" type="1" sum="15"/>
<action no="4" player="Cjdndndnd" type="2" discard="1" dealt="1" sum="30"/>
</round>
<round no="1"><cards type="Pocket" player="Cjdndndnd">S5 D2</cards>
<cards type="Pocket" player="KOPKHUNKRAP">S3 CA</cards>
<action no="5" player="KOPKHUNKRAP" type="3" sum="15"/>
<action no="6" player="Cjdndndnd" type="4" discard="1" dealt="1" sum="0"/>
</round>
<round no="2"><cards type="Flop">CK C6 HQ</cards>
<action no="7" player="Cjdndndnd" type="4" discard="1" dealt="1" sum="0"/>
<action no="8" player="KOPKHUNKRAP" type="4" sum="0"/>
</round>
<round no="3"><cards type="Turn">C7</cards>
<action no="9" player="Cjdndndnd" type="4" discard="1" dealt="1" sum="0"/>
<action no="10" player="KOPKHUNKRAP" type="4" sum="0"/>
</round>
<round no="4"><cards type="River">S6</cards>
<action no="11" player="Cjdndndnd" type="4" discard="1" dealt="1" sum="0"/>
<action no="12" player="KOPKHUNKRAP" type="4" sum="0"/>
</round>
</game>
<game gamecode="6506590502"><general><startdate>2025-10-16 12:33:41</startdate>
<round>1</round>
<failsafecounter/>
<players><player seat="3" name="KOPKHUNKRAP" chips="670" dealer="0" win="0" bet="45" muck="1" rebuy="0" addon="0" merge="0" rebuychips="0" reg_code="5066557822"/>
<player seat="10" name="Cjdndndnd" chips="830" dealer="1" win="90" bet="85" muck="1" rebuy="0" addon="0" merge="0" rebuychips="0" reg_code="5066558246"/>
</players>
</general>
<round no="0"><action no="1" player="Cjdndndnd" type="15" discard="1" dealt="1" sum="5"/>
<action no="2" player="KOPKHUNKRAP" type="15" sum="5"/>
<action no="3" player="Cjdndndnd" type="1" discard="1" dealt="1" sum="20"/>
<action no="4" player="KOPKHUNKRAP" type="2" sum="40"/>
</round>
<round no="1"><cards type="Pocket" player="Cjdndndnd">X X</cards>
<cards type="Pocket" player="KOPKHUNKRAP">S7 D5</cards>
<action no="5" player="Cjdndndnd" type="23" discard="1" dealt="1" sum="80"/>
<action no="6" player="KOPKHUNKRAP" type="0" sum="0"/>
</round>
</game>
<game gamecode="6506590518"><general><startdate>2025-10-16 12:33:48</startdate>
<round>1</round>
<failsafecounter/>
<players><player seat="10" name="Cjdndndnd" chips="875" dealer="0" win="0" bet="85" muck="1" rebuy="0" addon="0" merge="0" rebuychips="0" reg_code="5066558246"/>
<player seat="3" name="KOPKHUNKRAP" chips="625" dealer="1" win="170" bet="205" muck="1" rebuy="0" addon="0" merge="0" rebuychips="0" reg_code="5066557822"/>
</players>
</general>
<round no="0"><action no="1" player="KOPKHUNKRAP" type="15" sum="5"/>
<action no="2" player="Cjdndndnd" type="15" discard="1" dealt="1" sum="5"/>
<action no="3" player="KOPKHUNKRAP" type="1" sum="20"/>
<action no="4" player="Cjdndndnd" type="2" discard="1" dealt="1" sum="40"/>
</round>
<round no="1"><cards type="Pocket" player="Cjdndndnd">X X</cards>
<cards type="Pocket" player="KOPKHUNKRAP">D6 H8</cards>
<action no="5" player="KOPKHUNKRAP" type="3" sum="20"/>
<action no="6" player="Cjdndndnd" type="4" discard="1" dealt="1" sum="0"/>
</round>
<round no="2"><cards type="Flop">C9 S3 C5</cards>
<action no="7" player="Cjdndndnd" type="4" discard="1" dealt="1" sum="0"/>
<action no="8" player="KOPKHUNKRAP" type="5" sum="40"/>
<action no="9" player="Cjdndndnd" type="3" discard="1" dealt="1" sum="40"/>
</round>
<round no="3"><cards type="Turn">DK</cards>
<action no="10" player="Cjdndndnd" type="4" discard="1" dealt="1" sum="0"/>
<action no="11" player="KOPKHUNKRAP" type="5" sum="120"/>
<action no="12" player="Cjdndndnd" type="0" discard="1" dealt="1" sum="0"/>
</round>
</game>
<game gamecode="6506590549"><general><startdate>2025-10-16 12:34:06</startdate>
<round>1</round>
<failsafecounter/>
<players><player seat="3" name="KOPKHUNKRAP" chips="710" dealer="0" win="330" bet="165" muck="0" rebuy="0" addon="0" merge="0" rebuychips="0" reg_code="5066557822"/>
<player seat="10" name="Cjdndndnd" chips="790" dealer="1" win="0" bet="165" muck="1" rebuy="0" addon="0" merge="0" rebuychips="0" reg_code="5066558246"/>
</players>
</general>
<round no="0"><action no="1" player="Cjdndndnd" type="15" discard="1" dealt="1" sum="5"/>
<action no="2" player="KOPKHUNKRAP" type="15" sum="5"/>
<action no="3" player="Cjdndndnd" type="1" discard="1" dealt="1" sum="20"/>
<action no="4" player="KOPKHUNKRAP" type="2" sum="40"/>
</round>
<round no="1"><cards type="Pocket" player="KOPKHUNKRAP">CK H8</cards>
<cards type="Pocket" player="Cjdndndnd">H3 SA</cards>
<action no="5" player="Cjdndndnd" type="3" discard="1" dealt="1" sum="20"/>
<action no="6" player="KOPKHUNKRAP" type="4" sum="0"/>
</round>
<round no="2"><cards type="Flop">D10 C8 S5</cards>
<action no="7" player="KOPKHUNKRAP" type="4" sum="0"/>
<action no="8" player="Cjdndndnd" type="4" discard="1" dealt="1" sum="0"/>
</round>
<round no="3"><cards type="Turn">S3</cards>
<action no="9" player="KOPKHUNKRAP" type="5" sum="40"/>
<action no="10" player="Cjdndndnd" type="3" discard="1" dealt="1" sum="40"/>
</round>
<round no="4"><cards type="River">S8</cards>
<action no="11" player="KOPKHUNKRAP" type="5" sum="80"/>
<action no="12" player="Cjdndndnd" type="3" discard="1" dealt="1" sum="80"/>
</round>
</game>
<game gamecode="6506590584"><general><startdate>2025-10-16 12:34:21</startdate>
<round>1</round>
<failsafecounter/>
<players><player seat="10" name="Cjdndndnd" chips="625" dealer="0" win="50" bet="45" muck="1" rebuy="0" addon="0" merge="0" rebuychips="0" reg_code="5066558246"/>
<player seat="3" name="KOPKHUNKRAP" chips="875" dealer="1" win="0" bet="25" muck="1" rebuy="0" addon="0" merge="0" rebuychips="0" reg_code="5066557822"/>
</players>
</general>
<round no="0"><action no="1" player="KOPKHUNKRAP" type="15" sum="5"/>
<action no="2" player="Cjdndndnd" type="15" discard="1" dealt="1" sum="5"/>
<action no="3" player="KOPKHUNKRAP" type="1" sum="20"/>
<action no="4" player="Cjdndndnd" type="2" discard="1" dealt="1" sum="40"/>
</round>
<round no="1"><cards type="Pocket" player="Cjdndndnd">X X</cards>
<cards type="Pocket" player="KOPKHUNKRAP">H7 D3</cards>
<action no="5" player="KOPKHUNKRAP" type="0" sum="0"/>
</round>
</game>
<game gamecode="6506590590"><general><startdate>2025-10-16 12:34:26</startdate>
<round>1</round>
<failsafecounter/>
<players><player seat="3" name="KOPKHUNKRAP" chips="850" dealer="0" win="170" bet="205" muck="1" rebuy="0" addon="0" merge="0" rebuychips="0" reg_code="5066557822"/>
<player seat="10" name="Cjdndndnd" chips="650" dealer="1" win="0" bet="85" muck="1" rebuy="0" addon="0" merge="0" rebuychips="0" reg_code="5066558246"/>
</players>
</general>
<round no="0"><action no="1" player="Cjdndndnd" type="15" discard="1" dealt="1" sum="5"/>
<action no="2" player="KOPKHUNKRAP" type="15" sum="5"/>
<action no="3" player="Cjdndndnd" type="1" discard="1" dealt="1" sum="20"/>
<action no="4" player="KOPKHUNKRAP" type="2" sum="40"/>
</round>
<round no="1"><cards type="Pocket" player="KOPKHUNKRAP">HQ D6</cards>
<cards type="Pocket" player="Cjdndndnd">X X</cards>
<action no="5" player="Cjdndndnd" type="3" discard="1" dealt="1" sum="20"/>
<action no="6" player="KOPKHUNKRAP" type="4" sum="0"/>
</round>
<round no="2"><cards type="Flop">CQ S9 D3</cards>
<action no="7" player="KOPKHUNKRAP" type="4" sum="0"/>
<action no="8" player="Cjdndndnd" type="4" discard="1" dealt="1" sum="0"/>
</round>
<round no="3"><cards type="Turn">H6</cards>
<action no="9" player="KOPKHUNKRAP" type="5" sum="40"/>
<action no="10" player="Cjdndndnd" type="3" discard="1" dealt="1" sum="40"/>
</round>
<round no="4"><cards type="River">SJ</cards>
<action no="11" player="KOPKHUNKRAP" type="5" sum="120"/>
<action no="12" player="Cjdndndnd" type="0" discard="1" dealt="1" sum="0"/>
</round>
</game>
<game gamecode="6506590631"><general><startdate>2025-10-16 12:34:46</startdate>
<round>1</round>
<failsafecounter/>
<players><player seat="10" name="Cjdndndnd" chips="565" dealer="0" win="0" bet="45" muck="1" rebuy="0" addon="0" merge="0" rebuychips="0" reg_code="5066558246"/>
<player seat="3" name="KOPKHUNKRAP" chips="935" dealer="1" win="90" bet="85" muck="1" rebuy="0" addon="0" merge="0" rebuychips="0" reg_code="5066557822"/>
</players>
</general>
<round no="0"><action no="1" player="KOPKHUNKRAP" type="15" sum="5"/>
<action no="2" player="Cjdndndnd" type="15" discard="1" dealt="1" sum="5"/>
<action no="3" player="KOPKHUNKRAP" type="1" sum="20"/>
<action no="4" player="Cjdndndnd" type="2" discard="1" dealt="1" sum="40"/>
</round>
<round no="1"><cards type="Pocket" player="KOPKHUNKRAP">H8 C10</cards>
<cards type="Pocket" player="Cjdndndnd">X X</cards>
<action no="5" player="KOPKHUNKRAP" type="3" sum="20"/>
<action no="6" player="Cjdndndnd" type="4" discard="1" dealt="1" sum="0"/>
</round>
<round no="2"><cards type="Flop">C6 SK HJ</cards>
<action no="7" player="Cjdndndnd" type="4" discard="1" dealt="1" sum="0"/>
<action no="8" player="KOPKHUNKRAP" type="5" sum="40"/>
<action no="9" player="Cjdndndnd" type="0" discard="1" dealt="1" sum="0"/>
</round>
</game>
<game gamecode="6506590647"><general><startdate>2025-10-16 12:34:55</startdate>
<round>1</round>
<failsafecounter/>
<players><player seat="3" name="KOPKHUNKRAP" chips="980" dealer="0" win="0" bet="45" muck="1" rebuy="0" addon="0" merge="0" rebuychips="0" reg_code="5066557822"/>
<player seat="10" name="Cjdndndnd" chips="520" dealer="1" win="90" bet="85" muck="1" rebuy="0" addon="0" merge="0" rebuychips="0" reg_code="5066558246"/>
</players>
</general>
<round no="0"><action no="1" player="Cjdndndnd" type="15" discard="1" dealt="1" sum="5"/>
<action no="2" player="KOPKHUNKRAP" type="15" sum="5"/>
<action no="3" player="Cjdndndnd" type="1" discard="1" dealt="1" sum="20"/>
<action no="4" player="KOPKHUNKRAP" type="2" sum="40"/>
</round>
<round no="1"><cards type="Pocket" player="Cjdndndnd">X X</cards>
<cards type="Pocket" player="KOPKHUNKRAP">C5 D2</cards>
<action no="5" player="Cjdndndnd" type="3" discard="1" dealt="1" sum="20"/>
<action no="6" player="KOPKHUNKRAP" type="4" sum="0"/>
</round>
<round no="2"><cards type="Flop">D8 HA CA</cards>
<action no="7" player="KOPKHUNKRAP" type="4" sum="0"/>
<action no="8" player="Cjdndndnd" type="5" discard="1" dealt="1" sum="40"/>
<action no="9" player="KOPKHUNKRAP" type="0" sum="0"/>
</round>
</game>
<game gamecode="6506590668"><general><startdate>2025-10-16 12:35:04</startdate>
<round>1</round>
<failsafecounter/>
<players><player seat="10" name="Cjdndndnd" chips="565" dealer="0" win="0" bet="45" muck="1" rebuy="0" addon="0" merge="0" rebuychips="0" reg_code="5066558246"/>
<player seat="3" name="KOPKHUNKRAP" chips="935" dealer="1" win="90" bet="45" muck="0" rebuy="0" addon="0" merge="0" rebuychips="0" reg_code="5066557822"/>
</players>
</general>
<round no="0"><action no="1" player="KOPKHUNKRAP" type="15" sum="5"/>
<action no="2" player="Cjdndndnd" type="15" discard="1" dealt="1" sum="5"/>
<action no="3" player="KOPKHUNKRAP" type="1" sum="20"/>
<action no="4" player="Cjdndndnd" type="2" discard="1" dealt="1" sum="40"/>
</round>
<round no="1"><cards type="Pocket" player="KOPKHUNKRAP">CJ S3</cards>
<cards type="Pocket" player="Cjdndndnd">D9 S2</cards>
<action no="5" player="KOPKHUNKRAP" type="3" sum="20"/>
<action no="6" player="Cjdndndnd" type="4" discard="1" dealt="1" sum="0"/>
</round>
<round no="2"><cards type="Flop">S8 CQ D7</cards>
<action no="7" player="Cjdndndnd" type="4" discard="1" dealt="1" sum="0"/>
<action no="8" player="KOPKHUNKRAP" type="4" sum="0"/>
</round>
<round no="3"><cards type="Turn">H10</cards>
<action no="9" player="Cjdndndnd" type="4" discard="1" dealt="1" sum="0"/>
<action no="10" player="KOPKHUNKRAP" type="4" sum="0"/>
</round>
<round no="4"><cards type="River">C4</cards>
<action no="11" player="Cjdndndnd" type="4" discard="1" dealt="1" sum="0"/>
<action no="12" player="KOPKHUNKRAP" type="4" sum="0"/>
</round>
</game>
<game gamecode="6506590696"><general><startdate>2025-10-16 12:35:18</startdate>
<round>1</round>
<failsafecounter/>
<players><player seat="3" name="KOPKHUNKRAP" chips="980" dealer="0" win="0" bet="45" muck="1" rebuy="0" addon="0" merge="0" rebuychips="0" reg_code="5066557822"/>
<player seat="10" name="Cjdndndnd" chips="520" dealer="1" win="90" bet="85" muck="1" rebuy="0" addon="0" merge="0" rebuychips="0" reg_code="5066558246"/>
</players>
</general>
<round no="0"><action no="1" player="Cjdndndnd" type="15" discard="1" dealt="1" sum="5"/>
<action no="2" player="KOPKHUNKRAP" type="15" sum="5"/>
<action no="3" player="Cjdndndnd" type="1" discard="1" dealt="1" sum="20"/>
<action no="4" player="KOPKHUNKRAP" type="2" sum="40"/>
</round>
<round no="1"><cards type="Pocket" player="Cjdndndnd">X X</cards>
<cards type="Pocket" player="KOPKHUNKRAP">C2 D5</cards>
<action no="5" player="Cjdndndnd" type="3" discard="1" dealt="1" sum="20"/>
<action no="6" player="KOPKHUNKRAP" type="4" sum="0"/>
</round>
<round no="2"><cards type="Flop">H9 SQ S6</cards>
<action no="7" player="KOPKHUNKRAP" type="4" sum="0"/>
<action no="8" player="Cjdndndnd" type="4" discard="1" dealt="1" sum="0"/>
</round>
<round no="3"><cards type="Turn">SA</cards>
<action no="9" player="KOPKHUNKRAP" type="4" sum="0"/>
<action no="10" player="Cjdndndnd" type="5" discard="1" dealt="1" sum="40"/>
<action no="11" player="KOPKHUNKRAP" type="0" sum="0"/>
</round>
</game>
<game gamecode="6506590718"><general><startdate>2025-10-16 12:35:29</startdate>
<round>1</round>
<failsafecounter/>
<players><player seat="10" name="Cjdndndnd" chips="565" dealer="0" win="0" bet="85" muck="1" rebuy="0" addon="0" merge="0" rebuychips="0" reg_code="5066558246"/>
<player seat="3" name="KOPKHUNKRAP" chips="935" dealer="1" win="170" bet="935" muck="1" rebuy="0" addon="0" merge="0" rebuychips="0" reg_code="5066557822"/>
</players>
</general>
<round no="0"><action no="1" player="KOPKHUNKRAP" type="15" sum="5"/>
<action no="2" player="Cjdndndnd" type="15" discard="1" dealt="1" sum="5"/>
<action no="3" player="KOPKHUNKRAP" type="1" sum="20"/>
<action no="4" player="Cjdndndnd" type="2" discard="1" dealt="1" sum="40"/>
</round>
<round no="1"><cards type="Pocket" player="Cjdndndnd">X X</cards>
<cards type="Pocket" player="KOPKHUNKRAP">CA DQ</cards>
<action no="5" player="KOPKHUNKRAP" type="3" sum="20"/>
<action no="6" player="Cjdndndnd" type="23" discard="1" dealt="1" sum="80"/>
<action no="7" player="KOPKHUNKRAP" type="23" sum="930"/>
<action no="8" player="Cjdndndnd" type="0" discard="1" dealt="1" sum="0"/>
</round>
</game>
<game gamecode="6506590736"><general><startdate>2025-10-16 12:35:38</startdate>
<round>1</round>
<failsafecounter/>
<players><player seat="3" name="KOPKHUNKRAP" chips="1,020" dealer="0" win="0" bet="1,020" muck="0" rebuy="0" addon="0" merge="0" rebuychips="0" reg_code="5066557822"/>
<player seat="10" name="Cjdndndnd" chips="480" dealer="1" win="960" bet="480" muck="0" rebuy="0" addon="0" merge="0" rebuychips="0" reg_code="5066558246"/>
</players>
</general>
<round no="0"><action no="1" player="Cjdndndnd" type="15" discard="1" dealt="1" sum="5"/>
<action no="2" player="KOPKHUNKRAP" type="15" sum="5"/>
<action no="3" player="Cjdndndnd" type="1" discard="1" dealt="1" sum="30"/>
<action no="4" player="KOPKHUNKRAP" type="2" sum="60"/>
</round>
<round no="1"><cards type="Pocket" player="KOPKHUNKRAP">DK D4</cards>
<cards type="Pocket" player="Cjdndndnd">DJ HJ</cards>
<action no="5" player="Cjdndndnd" type="3" discard="1" dealt="1" sum="30"/>
<action no="6" player="KOPKHUNKRAP" type="23" sum="1,015"/>
<action no="7" player="Cjdndndnd" type="7" discard="1" dealt="1" sum="415"/>
</round>
<round no="2"><cards type="Flop">SQ D9 CJ</cards>
</round>
<round no="3"><cards type="Turn">CK</cards>
</round>
<round no="4"><cards type="River">C6</cards>
</round>
</game>
<game gamecode="6506590773"><general><startdate>2025-10-16 12:35:54</startdate>
<round>1</round>
<failsafecounter/>
<players><player seat="10" name="Cjdndndnd" chips="960" dealer="0" win="250" bet="905" muck="1" rebuy="0" addon="0" merge="0" rebuychips="0" reg_code="5066558246"/>
<player seat="3" name="KOPKHUNKRAP" chips="540" dealer="1" win="0" bet="125" muck="1" rebuy="0" addon="0" merge="0" rebuychips="0" reg_code="5066557822"/>
</players>
</general>
<round no="0"><action no="1" player="KOPKHUNKRAP" type="15" sum="5"/>
<action no="2" player="Cjdndndnd" type="15" discard="1" dealt="1" sum="5"/>
<action no="3" player="KOPKHUNKRAP" type="1" sum="30"/>
<action no="4" player="Cjdndndnd" type="2" discard="1" dealt="1" sum="60"/>
</round>
<round no="1"><cards type="Pocket" player="KOPKHUNKRAP">H10 D6</cards>
<cards type="Pocket" player="Cjdndndnd">X X</cards>
<action no="5" player="KOPKHUNKRAP" type="3" sum="30"/>
<action no="6" player="Cjdndndnd" type="4" discard="1" dealt="1" sum="0"/>
</round>
<round no="2"><cards type="Flop">D8 HQ S9</cards>
<action no="7" player="Cjdndndnd" type="4" discard="1" dealt="1" sum="0"/>
<action no="8" player="KOPKHUNKRAP" type="5" sum="60"/>
<action no="9" player="Cjdndndnd" type="23" discard="1" dealt="1" sum="840"/>
<action no="10" player="KOPKHUNKRAP" type="0" sum="0"/>
</round>
</game>
<game gamecode="6506590798"><general><startdate>2025-10-16 12:36:06</startdate>
<round>1</round>
<failsafecounter/>
<players><player seat="3" name="KOPKHUNKRAP" chips="415" dealer="0" win="0" bet="65" muck="1" rebuy="0" addon="0" merge="0" rebuychips="0" reg_code="5066557822"/>
<player seat="10" name="Cjdndndnd" chips="1,085" dealer="1" win="130" bet="65" muck="0" rebuy="0" addon="0" merge="0" rebuychips="0" reg_code="5066558246"/>
</players>
</general>
<round no="0"><action no="1" player="Cjdndndnd" type="15" discard="1" dealt="1" sum="5"/>
<action no="2" player="KOPKHUNKRAP" type="15" sum="5"/>
<action no="3" player="Cjdndndnd" type="1" discard="1" dealt="1" sum="30"/>
<action no="4" player="KOPKHUNKRAP" type="2" sum="60"/>
</round>
<round no="1"><cards type="Pocket" player="KOPKHUNKRAP">C8 D6</cards>
<cards type="Pocket" player="Cjdndndnd">CJ H6</cards>
<action no="5" player="Cjdndndnd" type="3" discard="1" dealt="1" sum="30"/>
<action no="6" player="KOPKHUNKRAP" type="4" sum="0"/>
</round>
<round no="2"><cards type="Flop">S6 HQ H7</cards>
<action no="7" player="KOPKHUNKRAP" type="4" sum="0"/>
<action no="8" player="Cjdndndnd" type="4" discard="1" dealt="1" sum="0"/>
</round>
<round no="3"><cards type="Turn">C10</cards>
<action no="9" player="KOPKHUNKRAP" type="4" sum="0"/>
<action no="10" player="Cjdndndnd" type="4" discard="1" dealt="1" sum="0"/>
</round>
<round no="4"><cards type="River">S3</cards>
<action no="11" player="KOPKHUNKRAP" type="4" sum="0"/>
<action no="12" player="Cjdndndnd" type="4" discard="1" dealt="1" sum="0"/>
</round>
</game>
<game gamecode="6506590822"><general><startdate>2025-10-16 12:36:20</startdate>
<round>1</round>
<failsafecounter/>
<players><player seat="10" name="Cjdndndnd" chips="1,150" dealer="0" win="70" bet="65" muck="1" rebuy="0" addon="0" merge="0" rebuychips="0" reg_code="5066558246"/>
<player seat="3" name="KOPKHUNKRAP" chips="350" dealer="1" win="0" bet="35" muck="1" rebuy="0" addon="0" merge="0" rebuychips="0" reg_code="5066557822"/>
</players>
</general>
<round no="0"><action no="1" player="KOPKHUNKRAP" type="15" sum="5"/>
<action no="2" player="Cjdndndnd" type="15" discard="1" dealt="1" sum="5"/>
<action no="3" player="KOPKHUNKRAP" type="1" sum="30"/>
<action no="4" player="Cjdndndnd" type="2" discard="1" dealt="1" sum="60"/>
</round>
<round no="1"><cards type="Pocket" player="Cjdndndnd">X X</cards>
<cards type="Pocket" player="KOPKHUNKRAP">D3 C9</cards>
<action no="5" player="KOPKHUNKRAP" type="0" sum="0"/>
</round>
</game>
<game gamecode="6506595845"><general><startdate>2025-10-16 12:36:26</startdate>
<round>1</round>
<failsafecounter/>
<players><player seat="3" name="KOPKHUNKRAP" chips="315" dealer="0" win="70" bet="65" muck="1" rebuy="0" addon="0" merge="0" rebuychips="0" reg_code="5066557822"/>
<player seat="10" name="Cjdndndnd" chips="1,185" dealer="1" win="0" bet="35" muck="1" rebuy="0" addon="0" merge="0" rebuychips="0" reg_code="5066558246"/>
</players>
</general>
<round no="0"><action no="1" player="Cjdndndnd" type="15" discard="1" dealt="1" sum="5"/>
<action no="2" player="KOPKHUNKRAP" type="15" sum="5"/>
<action no="3" player="Cjdndndnd" type="1" discard="1" dealt="1" sum="30"/>
<action no="4" player="KOPKHUNKRAP" type="2" sum="60"/>
</round>
<round no="1"><cards type="Pocket" player="Cjdndndnd">X X</cards>
<cards type="Pocket" player="KOPKHUNKRAP">S3 H7</cards>
<action no="5" player="Cjdndndnd" type="0" discard="1" dealt="1" sum="0"/>
</round>
</game>
<game gamecode="6506595855"><general><startdate>2025-10-16 12:36:31</startdate>
<round>1</round>
<failsafecounter/>
<players><player seat="10" name="Cjdndndnd" chips="1,150" dealer="0" win="0" bet="65" muck="1" rebuy="0" addon="0" merge="0" rebuychips="0" reg_code="5066558246"/>
<player seat="3" name="KOPKHUNKRAP" chips="350" dealer="1" win="130" bet="350" muck="1" rebuy="0" addon="0" merge="0" rebuychips="0" reg_code="5066557822"/>
</players>
</general>
<round no="0"><action no="1" player="KOPKHUNKRAP" type="15" sum="5"/>
<action no="2" player="Cjdndndnd" type="15" discard="1" dealt="1" sum="5"/>
<action no="3" player="KOPKHUNKRAP" type="1" sum="30"/>
<action no="4" player="Cjdndndnd" type="2" discard="1" dealt="1" sum="60"/>
</round>
<round no="1"><cards type="Pocket" player="Cjdndndnd">X X</cards>
<cards type="Pocket" player="KOPKHUNKRAP">S2 D2</cards>
<action no="5" player="KOPKHUNKRAP" type="23" sum="345"/>
<action no="6" player="Cjdndndnd" type="0" discard="1" dealt="1" sum="0"/>
</round>
</game>
<game gamecode="6506595867"><general><startdate>2025-10-16 12:36:37</startdate>
<round>1</round>
<failsafecounter/>
<players><player seat="3" name="KOPKHUNKRAP" chips="415" dealer="0" win="250" bet="125" muck="0" rebuy="0" addon="0" merge="0" rebuychips="0" reg_code="5066557822"/>
<player seat="10" name="Cjdndndnd" chips="1,085" dealer="1" win="0" bet="125" muck="0" rebuy="0" addon="0" merge="0" rebuychips="0" reg_code="5066558246"/>
</players>
</general>
<round no="0"><action no="1" player="Cjdndndnd" type="15" discard="1" dealt="1" sum="5"/>
<action no="2" player="KOPKHUNKRAP" type="15" sum="5"/>
<action no="3" player="Cjdndndnd" type="1" discard="1" dealt="1" sum="30"/>
<action no="4" player="KOPKHUNKRAP" type="2" sum="60"/>
</round>
<round no="1"><cards type="Pocket" player="Cjdndndnd">D8 HQ</cards>
<cards type="Pocket" player="KOPKHUNKRAP">C9 S6</cards>
<action no="5" player="Cjdndndnd" type="3" discard="1" dealt="1" sum="30"/>
<action no="6" player="KOPKHUNKRAP" type="4" sum="0"/>
</round>
<round no="2"><cards type="Flop">SK S10 H10</cards>
<action no="7" player="KOPKHUNKRAP" type="4" sum="0"/>
<action no="8" player="Cjdndndnd" type="4" discard="1" dealt="1" sum="0"/>
</round>
<round no="3"><cards type="Turn">S8</cards>
<action no="9" player="KOPKHUNKRAP" type="4" sum="0"/>
<action no="10" player="Cjdndndnd" type="4" discard="1" dealt="1" sum="0"/>
</round>
<round no="4"><cards type="River">SQ</cards>
<action no="11" player="KOPKHUNKRAP" type="4" sum="0"/>
<action no="12" player="Cjdndndnd" type="5" discard="1" dealt="1" sum="60"/>
<action no="13" player="KOPKHUNKRAP" type="3" sum="60"/>
</round>
</game>
<game gamecode="6506595907"><general><startdate>2025-10-16 12:36:53</startdate>
<round>1</round>
<failsafecounter/>
<players><player seat="10" name="Cjdndndnd" chips="960" dealer="0" win="1,080" bet="540" muck="0" rebuy="0" addon="0" merge="0" rebuychips="0" reg_code="5066558246"/>
<player seat="3" name="KOPKHUNKRAP" chips="540" dealer="1" win="0" bet="540" muck="0" rebuy="0" addon="0" merge="0" rebuychips="0" reg_code="5066557822"/>
</players>
</general>
<round no="0"><action no="1" player="KOPKHUNKRAP" type="15" sum="5"/>
<action no="2" player="Cjdndndnd" type="15" discard="1" dealt="1" sum="5"/>
<action no="3" player="KOPKHUNKRAP" type="1" sum="30"/>
<action no="4" player="Cjdndndnd" type="2" discard="1" dealt="1" sum="60"/>
</round>
<round no="1"><cards type="Pocket" player="KOPKHUNKRAP">DK H2</cards>
<cards type="Pocket" player="Cjdndndnd">DJ SA</cards>
<action no="5" player="KOPKHUNKRAP" type="23" sum="535"/>
<action no="6" player="Cjdndndnd" type="3" discard="1" dealt="1" sum="475"/>
</round>
<round no="2"><cards type="Flop">C10 H8 D7</cards>
</round>
<round no="3"><cards type="Turn">H5</cards>
</round>
<round no="4"><cards type="River">S9</cards>
</round>
</game>
</session>
