<?xml version="1.0" encoding="UTF-8"?>
<session sessioncode="5066284490">
<general>
<client_version>25.1.1.16</client_version>
<mode>real</mode>
<gametype>Holdem NL</gametype>
<tablename>Twister €200 SNG, 819737519</tablename>
<tournamentcode>819737518</tournamentcode>
<tournamentname>Twister €200 SNG</tournamentname>
<buyin>€0 + €12 + €188</buyin>
<totalbuyin>€200</totalbuyin>
<rewarddrawn>€400</rewarddrawn>
<tournamentcurrency>EUR</tournamentcurrency>
<currency>EUR</currency>
<nickname>KOPKHUNKRAP</nickname>
<gamecount>32</gamecount>
<startdate>2025-10-15 01:17:07</startdate>
<place>2</place>
<win>€0</win>
<tablesize>3</tablesize>
</general>
<game gamecode="6505484610"><general><startdate>2025-10-15 01:17:22</startdate>
<round>1</round>
<failsafecounter/>
<players><player seat="3" name="KOPKHUNKRAP" chips="500" dealer="0" win="1,000" bet="500" muck="0" rebuy="0" addon="0" merge="0" rebuychips="0" reg_code="5066284490"/>
<player seat="6" name="Koci01" chips="500" dealer="1" win="0" bet="0" muck="1" rebuy="0" addon="0" merge="0" rebuychips="0" reg_code="5066284681"/>
<player seat="10" name="SVsaviomasc" chips="500" dealer="0" win="0" bet="500" muck="1" rebuy="0" addon="0" merge="0" rebuychips="0" reg_code="5066284828"/>
</players>
</general>
<round no="0"><action no="1" player="SVsaviomasc" type="1" discard="1" dealt="1" sum="10"/>
<action no="2" player="KOPKHUNKRAP" type="2" sum="20"/>
</round>
<round no="1"><cards type="Pocket" player="Koci01">X X</cards>
<cards type="Pocket" player="SVsaviomasc">D6 HJ</cards>
<cards type="Pocket" player="KOPKHUNKRAP">DQ DJ</cards>
<action no="3" player="Koci01" type="0" discard="1" dealt="1" sum="0"/>
<action no="4" player="SVsaviomasc" type="23" discard="1" dealt="1" sum="60"/>
<action no="5" player="KOPKHUNKRAP" type="3" sum="40"/>
</round>
<round no="2"><cards type="Flop">D9 SQ S9</cards>
<action no="6" player="SVsaviomasc" type="4" discard="1" dealt="1" sum="0"/>
<action no="7" player="KOPKHUNKRAP" type="4" sum="0"/>
</round>
<round no="3"><cards type="Turn">C4</cards>
<action no="8" player="SVsaviomasc" type="5" discard="1" dealt="1" sum="120"/>
<action no="9" player="KOPKHUNKRAP" type="3" sum="120"/>
</round>
<round no="4"><cards type="River">H6</cards>
<action no="10" player="SVsaviomasc" type="4" discard="1" dealt="1" sum="0"/>
<action no="11" player="KOPKHUNKRAP" type="5" sum="320"/>
<action no="12" player="SVsaviomasc" type="7" discard="1" dealt="1" sum="320"/>
</round>
</game>
<game gamecode="6505484663"><general><startdate>2025-10-15 01:17:57</startdate>
<round>1</round>
<failsafecounter/>
<players><player seat="6" name="Koci01" chips="500" dealer="0" win="0" bet="20" muck="1" rebuy="0" addon="0" merge="0" rebuychips="0" reg_code="5066284681"/>
<player seat="3" name="KOPKHUNKRAP" chips="1,000" dealer="1" win="40" bet="40" muck="1" rebuy="0" addon="0" merge="0" rebuychips="0" reg_code="5066284490"/>
</players>
</general>
<round no="0"><action no="1" player="KOPKHUNKRAP" type="1" sum="10"/>
<action no="2" player="Koci01" type="2" discard="1" dealt="1" sum="20"/>
</round>
<round no="1"><cards type="Pocket" player="KOPKHUNKRAP">HA C7</cards>
<cards type="Pocket" player="Koci01">X X</cards>
<action no="3" player="KOPKHUNKRAP" type="23" sum="40"/>
<action no="4" player="Koci01" type="0" discard="1" dealt="1" sum="0"/>
</round>
</game>
<game gamecode="6505484667"><general><startdate>2025-10-15 01:18:01</startdate>
<round>1</round>
<failsafecounter/>
<players><player seat="3" name="KOPKHUNKRAP" chips="1,020" dealer="0" win="20" bet="20" muck="1" rebuy="0" addon="0" merge="0" rebuychips="0" reg_code="5066284490"/>
<player seat="6" name="Koci01" chips="480" dealer="1" win="0" bet="10" muck="1" rebuy="0" addon="0" merge="0" rebuychips="0" reg_code="5066284681"/>
</players>
</general>
<round no="0"><action no="1" player="Koci01" type="1" discard="1" dealt="1" sum="10"/>
<action no="2" player="KOPKHUNKRAP" type="2" sum="20"/>
</round>
<round no="1"><cards type="Pocket" player="Koci01">X X</cards>
<cards type="Pocket" player="KOPKHUNKRAP">C5 HJ</cards>
<action no="3" player="Koci01" type="0" discard="1" dealt="1" sum="0"/>
</round>
</game>
<game gamecode="6505484675"><general><startdate>2025-10-15 01:18:05</startdate>
<round>1</round>
<failsafecounter/>
<players><player seat="6" name="Koci01" chips="470" dealer="0" win="0" bet="20" muck="1" rebuy="0" addon="0" merge="0" rebuychips="0" reg_code="5066284681"/>
<player seat="3" name="KOPKHUNKRAP" chips="1,030" dealer="1" win="40" bet="40" muck="1" rebuy="0" addon="0" merge="0" rebuychips="0" reg_code="5066284490"/>
</players>
</general>
<round no="0"><action no="1" player="KOPKHUNKRAP" type="1" sum="10"/>
<action no="2" player="Koci01" type="2" discard="1" dealt="1" sum="20"/>
</round>
<round no="1"><cards type="Pocket" player="Koci01">X X</cards>
<cards type="Pocket" player="KOPKHUNKRAP">D10 H6</cards>
<action no="3" player="KOPKHUNKRAP" type="23" sum="40"/>
<action no="4" player="Koci01" type="0" discard="1" dealt="1" sum="0"/>
</round>
</game>
<game gamecode="6505484679"><general><startdate>2025-10-15 01:18:09</startdate>
<round>1</round>
<failsafecounter/>
<players><player seat="3" name="KOPKHUNKRAP" chips="1,050" dealer="0" win="20" bet="20" muck="1" rebuy="0" addon="0" merge="0" rebuychips="0" reg_code="5066284490"/>
<player seat="6" name="Koci01" chips="450" dealer="1" win="0" bet="10" muck="1" rebuy="0" addon="0" merge="0" rebuychips="0" reg_code="5066284681"/>
</players>
</general>
<round no="0"><action no="1" player="Koci01" type="1" discard="1" dealt="1" sum="10"/>
<action no="2" player="KOPKHUNKRAP" type="2" sum="20"/>
</round>
<round no="1"><cards type="Pocket" player="KOPKHUNKRAP">SJ H8</cards>
<cards type="Pocket" player="Koci01">X X</cards>
<action no="3" player="Koci01" type="0" discard="1" dealt="1" sum="0"/>
</round>
</game>
<game gamecode="6505484684"><general><startdate>2025-10-15 01:18:13</startdate>
<round>1</round>
<failsafecounter/>
<players><player seat="6" name="Koci01" chips="440" dealer="0" win="0" bet="20" muck="1" rebuy="0" addon="0" merge="0" rebuychips="0" reg_code="5066284681"/>
<player seat="3" name="KOPKHUNKRAP" chips="1,060" dealer="1" win="40" bet="40" muck="1" rebuy="0" addon="0" merge="0" rebuychips="0" reg_code="5066284490"/>
</players>
</general>
<round no="0"><action no="1" player="KOPKHUNKRAP" type="1" sum="10"/>
<action no="2" player="Koci01" type="2" discard="1" dealt="1" sum="20"/>
</round>
<round no="1"><cards type="Pocket" player="KOPKHUNKRAP">CA DQ</cards>
<cards type="Pocket" player="Koci01">X X</cards>
<action no="3" player="KOPKHUNKRAP" type="23" sum="40"/>
<action no="4" player="Koci01" type="0" discard="1" dealt="1" sum="0"/>
</round>
</game>
<game gamecode="6505484693"><general><startdate>2025-10-15 01:18:17</startdate>
<round>1</round>
<failsafecounter/>
<players><player seat="3" name="KOPKHUNKRAP" chips="1,080" dealer="0" win="20" bet="20" muck="1" rebuy="0" addon="0" merge="0" rebuychips="0" reg_code="5066284490"/>
<player seat="6" name="Koci01" chips="420" dealer="1" win="0" bet="10" muck="1" rebuy="0" addon="0" merge="0" rebuychips="0" reg_code="5066284681"/>
</players>
</general>
<round no="0"><action no="1" player="Koci01" type="1" discard="1" dealt="1" sum="10"/>
<action no="2" player="KOPKHUNKRAP" type="2" sum="20"/>
</round>
<round no="1"><cards type="Pocket" player="Koci01">X X</cards>
<cards type="Pocket" player="KOPKHUNKRAP">DK S4</cards>
<action no="3" player="Koci01" type="0" discard="1" dealt="1" sum="0"/>
</round>
</game>
<game gamecode="6505484696"><general><startdate>2025-10-15 01:18:21</startdate>
<round>1</round>
<failsafecounter/>
<players><player seat="6" name="Koci01" chips="410" dealer="0" win="0" bet="20" muck="1" rebuy="0" addon="0" merge="0" rebuychips="0" reg_code="5066284681"/>
<player seat="3" name="KOPKHUNKRAP" chips="1,090" dealer="1" win="40" bet="40" muck="1" rebuy="0" addon="0" merge="0" rebuychips="0" reg_code="5066284490"/>
</players>
</general>
<round no="0"><action no="1" player="KOPKHUNKRAP" type="1" sum="10"/>
<action no="2" player="Koci01" type="2" discard="1" dealt="1" sum="20"/>
</round>
<round no="1"><cards type="Pocket" player="Koci01">X X</cards>
<cards type="Pocket" player="KOPKHUNKRAP">C8 SQ</cards>
<action no="3" player="KOPKHUNKRAP" type="23" sum="40"/>
<action no="4" player="Koci01" type="0" discard="1" dealt="1" sum="0"/>
</round>
</game>
<game gamecode="6505484702"><general><startdate>2025-10-15 01:18:26</startdate>
<round>1</round>
<failsafecounter/>
<players><player seat="3" name="KOPKHUNKRAP" chips="1,110" dealer="0" win="20" bet="20" muck="1" rebuy="0" addon="0" merge="0" rebuychips="0" reg_code="5066284490"/>
<player seat="6" name="Koci01" chips="390" dealer="1" win="0" bet="10" muck="1" rebuy="0" addon="0" merge="0" rebuychips="0" reg_code="5066284681"/>
</players>
</general>
<round no="0"><action no="1" player="Koci01" type="1" discard="1" dealt="1" sum="10"/>
<action no="2" player="KOPKHUNKRAP" type="2" sum="20"/>
</round>
<round no="1"><cards type="Pocket" player="KOPKHUNKRAP">SJ H3</cards>
<cards type="Pocket" player="Koci01">X X</cards>
<action no="3" player="Koci01" type="0" discard="1" dealt="1" sum="0"/>
</round>
</game>
<game gamecode="6505484709"><general><startdate>2025-10-15 01:18:30</startdate>
<round>1</round>
<failsafecounter/>
<players><player seat="6" name="Koci01" chips="380" dealer="0" win="0" bet="20" muck="1" rebuy="0" addon="0" merge="0" rebuychips="0" reg_code="5066284681"/>
<player seat="3" name="KOPKHUNKRAP" chips="1,120" dealer="1" win="40" bet="40" muck="1" rebuy="0" addon="0" merge="0" rebuychips="0" reg_code="5066284490"/>
</players>
</general>
<round no="0"><action no="1" player="KOPKHUNKRAP" type="1" sum="10"/>
<action no="2" player="Koci01" type="2" discard="1" dealt="1" sum="20"/>
</round>
<round no="1"><cards type="Pocket" player="Koci01">X X</cards>
<cards type="Pocket" player="KOPKHUNKRAP">S3 D7</cards>
<action no="3" player="KOPKHUNKRAP" type="23" sum="40"/>
<action no="4" player="Koci01" type="0" discard="1" dealt="1" sum="0"/>
</round>
</game>
<game gamecode="6505484715"><general><startdate>2025-10-15 01:18:34</startdate>
<round>1</round>
<failsafecounter/>
<players><player seat="3" name="KOPKHUNKRAP" chips="1,140" dealer="0" win="20" bet="20" muck="1" rebuy="0" addon="0" merge="0" rebuychips="0" reg_code="5066284490"/>
<player seat="6" name="Koci01" chips="360" dealer="1" win="0" bet="10" muck="1" rebuy="0" addon="0" merge="0" rebuychips="0" reg_code="5066284681"/>
</players>
</general>
<round no="0"><action no="1" player="Koci01" type="1" discard="1" dealt="1" sum="10"/>
<action no="2" player="KOPKHUNKRAP" type="2" sum="20"/>
</round>
<round no="1"><cards type="Pocket" player="KOPKHUNKRAP">H8 HK</cards>
<cards type="Pocket" player="Koci01">X X</cards>
<action no="3" player="Koci01" type="0" discard="1" dealt="1" sum="0"/>
</round>
</game>
<game gamecode="6505484722"><general><startdate>2025-10-15 01:18:38</startdate>
<round>1</round>
<failsafecounter/>
<players><player seat="6" name="Koci01" chips="350" dealer="0" win="80" bet="60" muck="1" rebuy="0" addon="0" merge="0" rebuychips="0" reg_code="5066284681"/>
<player seat="3" name="KOPKHUNKRAP" chips="1,150" dealer="1" win="0" bet="40" muck="1" rebuy="0" addon="0" merge="0" rebuychips="0" reg_code="5066284490"/>
</players>
</general>
<round no="0"><action no="1" player="KOPKHUNKRAP" type="1" sum="10"/>
<action no="2" player="Koci01" type="2" discard="1" dealt="1" sum="20"/>
</round>
<round no="1"><cards type="Pocket" player="Koci01">X X</cards>
<cards type="Pocket" player="KOPKHUNKRAP">HJ S3</cards>
<action no="3" player="KOPKHUNKRAP" type="23" sum="40"/>
<action no="4" player="Koci01" type="3" discard="1" dealt="1" sum="20"/>
</round>
<round no="2"><cards type="Flop">S10 D10 CA</cards>
<action no="5" player="Koci01" type="5" discard="1" dealt="1" sum="20"/>
<action no="6" player="KOPKHUNKRAP" type="0" sum="0"/>
</round>
</game>
<game gamecode="6505484751"><general><startdate>2025-10-15 01:18:55</startdate>
<round>1</round>
<failsafecounter/>
<players><player seat="3" name="KOPKHUNKRAP" chips="1,110" dealer="0" win="0" bet="60" muck="1" rebuy="0" addon="0" merge="0" rebuychips="0" reg_code="5066284490"/>
<player seat="6" name="Koci01" chips="390" dealer="1" win="120" bet="144" muck="1" rebuy="0" addon="0" merge="0" rebuychips="0" reg_code="5066284681"/>
</players>
</general>
<round no="0"><action no="1" player="Koci01" type="1" discard="1" dealt="1" sum="10"/>
<action no="2" player="KOPKHUNKRAP" type="2" sum="20"/>
</round>
<round no="1"><cards type="Pocket" player="KOPKHUNKRAP">HA H5</cards>
<cards type="Pocket" player="Koci01">X X</cards>
<action no="3" player="Koci01" type="23" discard="1" dealt="1" sum="40"/>
<action no="4" player="KOPKHUNKRAP" type="3" sum="20"/>
</round>
<round no="2"><cards type="Flop">HQ C9 CJ</cards>
<action no="5" player="KOPKHUNKRAP" type="4" sum="0"/>
<action no="6" player="Koci01" type="5" discard="1" dealt="1" sum="20"/>
<action no="7" player="KOPKHUNKRAP" type="3" sum="20"/>
</round>
<round no="3"><cards type="Turn">D5</cards>
<action no="8" player="KOPKHUNKRAP" type="4" sum="0"/>
<action no="9" player="Koci01" type="5" discard="1" dealt="1" sum="84"/>
<action no="10" player="KOPKHUNKRAP" type="0" sum="0"/>
</round>
</game>
<game gamecode="6505484774"><general><startdate>2025-10-15 01:19:11</startdate>
<round>1</round>
<failsafecounter/>
<players><player seat="6" name="Koci01" chips="450" dealer="0" win="70" bet="65" muck="1" rebuy="0" addon="0" merge="0" rebuychips="0" reg_code="5066284681"/>
<player seat="3" name="KOPKHUNKRAP" chips="1,050" dealer="1" win="0" bet="35" muck="1" rebuy="0" addon="0" merge="0" rebuychips="0" reg_code="5066284490"/>
</players>
</general>
<round no="0"><action no="1" player="KOPKHUNKRAP" type="15" sum="5"/>
<action no="2" player="Koci01" type="15" discard="1" dealt="1" sum="5"/>
<action no="3" player="KOPKHUNKRAP" type="1" sum="15"/>
<action no="4" player="Koci01" type="2" discard="1" dealt="1" sum="30"/>
</round>
<round no="1"><cards type="Pocket" player="Koci01">X X</cards>
<cards type="Pocket" player="KOPKHUNKRAP">S3 C4</cards>
<action no="5" player="KOPKHUNKRAP" type="3" sum="15"/>
<action no="6" player="Koci01" type="23" discard="1" dealt="1" sum="60"/>
<action no="7" player="KOPKHUNKRAP" type="0" sum="0"/>
</round>
</game>
<game gamecode="6505484784"><general><startdate>2025-10-15 01:19:19</startdate>
<round>1</round>
<failsafecounter/>
<players><player seat="3" name="KOPKHUNKRAP" chips="1,015" dealer="0" win="0" bet="35" muck="1" rebuy="0" addon="0" merge="0" rebuychips="0" reg_code="5066284490"/>
<player seat="6" name="Koci01" chips="485" dealer="1" win="70" bet="65" muck="1" rebuy="0" addon="0" merge="0" rebuychips="0" reg_code="5066284681"/>
</players>
</general>
<round no="0"><action no="1" player="Koci01" type="15" discard="1" dealt="1" sum="5"/>
<action no="2" player="KOPKHUNKRAP" type="15" sum="5"/>
<action no="3" player="Koci01" type="1" discard="1" dealt="1" sum="15"/>
<action no="4" player="KOPKHUNKRAP" type="2" sum="30"/>
</round>
<round no="1"><cards type="Pocket" player="Koci01">X X</cards>
<cards type="Pocket" player="KOPKHUNKRAP">H3 D6</cards>
<action no="5" player="Koci01" type="23" discard="1" dealt="1" sum="60"/>
<action no="6" player="KOPKHUNKRAP" type="0" sum="0"/>
</round>
</game>
<game gamecode="6505484798"><general><startdate>2025-10-15 01:19:26</startdate>
<round>1</round>
<failsafecounter/>
<players><player seat="6" name="Koci01" chips="520" dealer="0" win="40" bet="35" muck="1" rebuy="0" addon="0" merge="0" rebuychips="0" reg_code="5066284681"/>
<player seat="3" name="KOPKHUNKRAP" chips="980" dealer="1" win="0" bet="20" muck="1" rebuy="0" addon="0" merge="0" rebuychips="0" reg_code="5066284490"/>
</players>
</general>
<round no="0"><action no="1" player="KOPKHUNKRAP" type="15" sum="5"/>
<action no="2" player="Koci01" type="15" discard="1" dealt="1" sum="5"/>
<action no="3" player="KOPKHUNKRAP" type="1" sum="15"/>
<action no="4" player="Koci01" type="2" discard="1" dealt="1" sum="30"/>
</round>
<round no="1"><cards type="Pocket" player="KOPKHUNKRAP">S5 C2</cards>
<cards type="Pocket" player="Koci01">X X</cards>
<action no="5" player="KOPKHUNKRAP" type="0" sum="0"/>
</round>
</game>
<game gamecode="6505484803"><general><startdate>2025-10-15 01:19:32</startdate>
<round>1</round>
<failsafecounter/>
<players><player seat="3" name="KOPKHUNKRAP" chips="960" dealer="0" win="0" bet="35" muck="1" rebuy="0" addon="0" merge="0" rebuychips="0" reg_code="5066284490"/>
<player seat="6" name="Koci01" chips="540" dealer="1" win="70" bet="65" muck="1" rebuy="0" addon="0" merge="0" rebuychips="0" reg_code="5066284681"/>
</players>
</general>
<round no="0"><action no="1" player="Koci01" type="15" discard="1" dealt="1" sum="5"/>
<action no="2" player="KOPKHUNKRAP" type="15" sum="5"/>
<action no="3" player="Koci01" type="1" discard="1" dealt="1" sum="15"/>
<action no="4" player="KOPKHUNKRAP" type="2" sum="30"/>
</round>
<round no="1"><cards type="Pocket" player="KOPKHUNKRAP">D5 C4</cards>
<cards type="Pocket" player="Koci01">X X</cards>
<action no="5" player="Koci01" type="3" discard="1" dealt="1" sum="15"/>
<action no="6" player="KOPKHUNKRAP" type="4" sum="0"/>
</round>
<round no="2"><cards type="Flop">HQ C8 DJ</cards>
<action no="7" player="KOPKHUNKRAP" type="4" sum="0"/>
<action no="8" player="Koci01" type="5" discard="1" dealt="1" sum="30"/>
<action no="9" player="KOPKHUNKRAP" type="0" sum="0"/>
</round>
</game>
<game gamecode="6505484822"><general><startdate>2025-10-15 01:19:47</startdate>
<round>1</round>
<failsafecounter/>
<players><player seat="6" name="Koci01" chips="575" dealer="0" win="70" bet="575" muck="1" rebuy="0" addon="0" merge="0" rebuychips="0" reg_code="5066284681"/>
<player seat="3" name="KOPKHUNKRAP" chips="925" dealer="1" win="0" bet="35" muck="1" rebuy="0" addon="0" merge="0" rebuychips="0" reg_code="5066284490"/>
</players>
</general>
<round no="0"><action no="1" player="KOPKHUNKRAP" type="15" sum="5"/>
<action no="2" player="Koci01" type="15" discard="1" dealt="1" sum="5"/>
<action no="3" player="KOPKHUNKRAP" type="1" sum="15"/>
<action no="4" player="Koci01" type="2" discard="1" dealt="1" sum="30"/>
</round>
<round no="1"><cards type="Pocket" player="Koci01">X X</cards>
<cards type="Pocket" player="KOPKHUNKRAP">H7 C9</cards>
<action no="5" player="KOPKHUNKRAP" type="3" sum="15"/>
<action no="6" player="Koci01" type="23" discard="1" dealt="1" sum="570"/>
<action no="7" player="KOPKHUNKRAP" type="0" sum="0"/>
</round>
</game>
<game gamecode="6505484833"><general><startdate>2025-10-15 01:19:57</startdate>
<round>1</round>
<failsafecounter/>
<players><player seat="3" name="KOPKHUNKRAP" chips="890" dealer="0" win="0" bet="65" muck="1" rebuy="0" addon="0" merge="0" rebuychips="0" reg_code="5066284490"/>
<player seat="6" name="Koci01" chips="610" dealer="1" win="130" bet="156" muck="1" rebuy="0" addon="0" merge="0" rebuychips="0" reg_code="5066284681"/>
</players>
</general>
<round no="0"><action no="1" player="Koci01" type="15" discard="1" dealt="1" sum="5"/>
<action no="2" player="KOPKHUNKRAP" type="15" sum="5"/>
<action no="3" player="Koci01" type="1" discard="1" dealt="1" sum="15"/>
<action no="4" player="KOPKHUNKRAP" type="2" sum="30"/>
</round>
<round no="1"><cards type="Pocket" player="Koci01">X X</cards>
<cards type="Pocket" player="KOPKHUNKRAP">C9 S8</cards>
<action no="5" player="Koci01" type="23" discard="1" dealt="1" sum="60"/>
<action no="6" player="KOPKHUNKRAP" type="3" sum="30"/>
</round>
<round no="2"><cards type="Flop">CQ D5 H6</cards>
<action no="7" player="KOPKHUNKRAP" type="4" sum="0"/>
<action no="8" player="Koci01" type="5" discard="1" dealt="1" sum="91"/>
<action no="9" player="KOPKHUNKRAP" type="0" sum="0"/>
</round>
</game>
<game gamecode="6505484858"><general><startdate>2025-10-15 01:20:14</startdate>
<round>1</round>
<failsafecounter/>
<players><player seat="6" name="Koci01" chips="675" dealer="0" win="40" bet="35" muck="1" rebuy="0" addon="0" merge="0" rebuychips="0" reg_code="5066284681"/>
<player seat="3" name="KOPKHUNKRAP" chips="825" dealer="1" win="0" bet="20" muck="1" rebuy="0" addon="0" merge="0" rebuychips="0" reg_code="5066284490"/>
</players>
</general>
<round no="0"><action no="1" player="KOPKHUNKRAP" type="15" sum="5"/>
<action no="2" player="Koci01" type="15" discard="1" dealt="1" sum="5"/>
<action no="3" player="KOPKHUNKRAP" type="1" sum="15"/>
<action no="4" player="Koci01" type="2" discard="1" dealt="1" sum="30"/>
</round>
<round no="1"><cards type="Pocket" player="KOPKHUNKRAP">S9 D5</cards>
<cards type="Pocket" player="Koci01">X X</cards>
<action no="5" player="KOPKHUNKRAP" type="0" sum="0"/>
</round>
</game>
<game gamecode="6505484875"><general><startdate>2025-10-15 01:20:24</startdate>
<round>1</round>
<failsafecounter/>
<players><player seat="3" name="KOPKHUNKRAP" chips="805" dealer="0" win="0" bet="125" muck="0" rebuy="0" addon="0" merge="0" rebuychips="0" reg_code="5066284490"/>
<player seat="6" name="Koci01" chips="695" dealer="1" win="250" bet="125" muck="0" rebuy="0" addon="0" merge="0" rebuychips="0" reg_code="5066284681"/>
</players>
</general>
<round no="0"><action no="1" player="Koci01" type="15" discard="1" dealt="1" sum="5"/>
<action no="2" player="KOPKHUNKRAP" type="15" sum="5"/>
<action no="3" player="Koci01" type="1" discard="1" dealt="1" sum="15"/>
<action no="4" player="KOPKHUNKRAP" type="2" sum="30"/>
</round>
<round no="1"><cards type="Pocket" player="Koci01">D2 SA</cards>
<cards type="Pocket" player="KOPKHUNKRAP">D7 HJ</cards>
<action no="5" player="Koci01" type="3" discard="1" dealt="1" sum="15"/>
<action no="6" player="KOPKHUNKRAP" type="4" sum="0"/>
</round>
<round no="2"><cards type="Flop">S2 S4 C7</cards>
<action no="7" player="KOPKHUNKRAP" type="4" sum="0"/>
<action no="8" player="Koci01" type="5" discard="1" dealt="1" sum="30"/>
<action no="9" player="KOPKHUNKRAP" type="3" sum="30"/>
</round>
<round no="3"><cards type="Turn">C5</cards>
<action no="10" player="KOPKHUNKRAP" type="4" sum="0"/>
<action no="11" player="Koci01" type="4" discard="1" dealt="1" sum="0"/>
</round>
<round no="4"><cards type="River">CA</cards>
<action no="12" player="KOPKHUNKRAP" type="5" sum="60"/>
<action no="13" player="Koci01" type="3" discard="1" dealt="1" sum="60"/>
</round>
</game>
<game gamecode="6505484927"><general><startdate>2025-10-15 01:21:06</startdate>
<round>1</round>
<failsafecounter/>
<players><player seat="6" name="Koci01" chips="820" dealer="0" win="0" bet="165" muck="1" rebuy="0" addon="0" merge="0" rebuychips="0" reg_code="5066284681"/>
<player seat="3" name="KOPKHUNKRAP" chips="680" dealer="1" win="330" bet="165" muck="0" rebuy="0" addon="0" merge="0" rebuychips="0" reg_code="5066284490"/>
</players>
</general>
<round no="0"><action no="1" player="KOPKHUNKRAP" type="15" sum="5"/>
<action no="2" player="Koci01" type="15" discard="1" dealt="1" sum="5"/>
<action no="3" player="KOPKHUNKRAP" type="1" sum="20"/>
<action no="4" player="Koci01" type="2" discard="1" dealt="1" sum="40"/>
</round>
<round no="1"><cards type="Pocket" player="Koci01">D6 D10</cards>
<cards type="Pocket" player="KOPKHUNKRAP">DJ HJ</cards>
<action no="5" player="KOPKHUNKRAP" type="23" sum="80"/>
<action no="6" player="Koci01" type="3" discard="1" dealt="1" sum="40"/>
</round>
<round no="2"><cards type="Flop">SA CQ D9</cards>
<action no="7" player="Koci01" type="4" discard="1" dealt="1" sum="0"/>
<action no="8" player="KOPKHUNKRAP" type="4" sum="0"/>
</round>
<round no="3"><cards type="Turn">C3</cards>
<action no="9" player="Koci01" type="5" discard="1" dealt="1" sum="80"/>
<action no="10" player="KOPKHUNKRAP" type="3" sum="80"/>
</round>
<round no="4"><cards type="River">S8</cards>
<action no="11" player="Koci01" type="4" discard="1" dealt="1" sum="0"/>
<action no="12" player="KOPKHUNKRAP" type="4" sum="0"/>
</round>
</game>
<game gamecode="6505484960"><general><startdate>2025-10-15 01:21:26</startdate>
<round>1</round>
<failsafecounter/>
<players><player seat="3" name="KOPKHUNKRAP" chips="845" dealer="0" win="0" bet="204" muck="1" rebuy="0" addon="0" merge="0" rebuychips="0" reg_code="5066284490"/>
<player seat="6" name="Koci01" chips="655" dealer="1" win="408" bet="655" muck="1" rebuy="0" addon="0" merge="0" rebuychips="0" reg_code="5066284681"/>
</players>
</general>
<round no="0"><action no="1" player="Koci01" type="15" discard="1" dealt="1" sum="5"/>
<action no="2" player="KOPKHUNKRAP" type="15" sum="5"/>
<action no="3" player="Koci01" type="1" discard="1" dealt="1" sum="20"/>
<action no="4" player="KOPKHUNKRAP" type="2" sum="40"/>
</round>
<round no="1"><cards type="Pocket" player="Koci01">X X</cards>
<cards type="Pocket" player="KOPKHUNKRAP">C7 H10</cards>
<action no="5" player="Koci01" type="3" discard="1" dealt="1" sum="20"/>
<action no="6" player="KOPKHUNKRAP" type="4" sum="0"/>
</round>
<round no="2"><cards type="Flop">S10 D3 C9</cards>
<action no="7" player="KOPKHUNKRAP" type="4" sum="0"/>
<action no="8" player="Koci01" type="5" discard="1" dealt="1" sum="40"/>
<action no="9" player="KOPKHUNKRAP" type="3" sum="40"/>
</round>
<round no="3"><cards type="Turn">SA</cards>
<action no="10" player="KOPKHUNKRAP" type="4" sum="0"/>
<action no="11" player="Koci01" type="5" discard="1" dealt="1" sum="119"/>
<action no="12" player="KOPKHUNKRAP" type="3" sum="119"/>
</round>
<round no="4"><cards type="River">CK</cards>
<action no="13" player="KOPKHUNKRAP" type="4" sum="0"/>
<action no="14" player="Koci01" type="5" discard="1" dealt="1" sum="451"/>
<action no="15" player="KOPKHUNKRAP" type="0" sum="0"/>
</round>
</game>
<game gamecode="6505485022"><general><startdate>2025-10-15 01:22:07</startdate>
<round>1</round>
<failsafecounter/>
<players><player seat="6" name="Koci01" chips="859" dealer="0" win="0" bet="45" muck="1" rebuy="0" addon="0" merge="0" rebuychips="0" reg_code="5066284681"/>
<player seat="3" name="KOPKHUNKRAP" chips="641" dealer="1" win="90" bet="85" muck="1" rebuy="0" addon="0" merge="0" rebuychips="0" reg_code="5066284490"/>
</players>
</general>
<round no="0"><action no="1" player="KOPKHUNKRAP" type="15" sum="5"/>
<action no="2" player="Koci01" type="15" discard="1" dealt="1" sum="5"/>
<action no="3" player="KOPKHUNKRAP" type="1" sum="20"/>
<action no="4" player="Koci01" type="2" discard="1" dealt="1" sum="40"/>
</round>
<round no="1"><cards type="Pocket" player="KOPKHUNKRAP">DA CJ</cards>
<cards type="Pocket" player="Koci01">X X</cards>
<action no="5" player="KOPKHUNKRAP" type="23" sum="80"/>
<action no="6" player="Koci01" type="0" discard="1" dealt="1" sum="0"/>
</round>
</game>
<game gamecode="6505485038"><general><startdate>2025-10-15 01:22:13</startdate>
<round>1</round>
<failsafecounter/>
<players><player seat="3" name="KOPKHUNKRAP" chips="686" dealer="0" win="0" bet="45" muck="1" rebuy="0" addon="0" merge="0" rebuychips="0" reg_code="5066284490"/>
<player seat="6" name="Koci01" chips="814" dealer="1" win="90" bet="85" muck="1" rebuy="0" addon="0" merge="0" rebuychips="0" reg_code="5066284681"/>
</players>
</general>
<round no="0"><action no="1" player="Koci01" type="15" discard="1" dealt="1" sum="5"/>
<action no="2" player="KOPKHUNKRAP" type="15" sum="5"/>
<action no="3" player="Koci01" type="1" discard="1" dealt="1" sum="20"/>
<action no="4" player="KOPKHUNKRAP" type="2" sum="40"/>
</round>
<round no="1"><cards type="Pocket" player="KOPKHUNKRAP">S4 CJ</cards>
<cards type="Pocket" player="Koci01">X X</cards>
<action no="5" player="Koci01" type="3" discard="1" dealt="1" sum="20"/>
<action no="6" player="KOPKHUNKRAP" type="4" sum="0"/>
</round>
<round no="2"><cards type="Flop">D10 H3 D2</cards>
<action no="7" player="KOPKHUNKRAP" type="4" sum="0"/>
<action no="8" player="Koci01" type="5" discard="1" dealt="1" sum="40"/>
<action no="9" player="KOPKHUNKRAP" type="0" sum="0"/>
</round>
</game>
<game gamecode="6505485060"><general><startdate>2025-10-15 01:22:28</startdate>
<round>1</round>
<failsafecounter/>
<players><player seat="6" name="Koci01" chips="859" dealer="0" win="0" bet="65" muck="1" rebuy="0" addon="0" merge="0" rebuychips="0" reg_code="5066284681"/>
<player seat="3" name="KOPKHUNKRAP" chips="641" dealer="1" win="130" bet="125" muck="1" rebuy="0" addon="0" merge="0" rebuychips="0" reg_code="5066284490"/>
</players>
</general>
<round no="0"><action no="1" player="KOPKHUNKRAP" type="15" sum="5"/>
<action no="2" player="Koci01" type="15" discard="1" dealt="1" sum="5"/>
<action no="3" player="KOPKHUNKRAP" type="1" sum="30"/>
<action no="4" player="Koci01" type="2" discard="1" dealt="1" sum="60"/>
</round>
<round no="1"><cards type="Pocket" player="Koci01">X X</cards>
<cards type="Pocket" player="KOPKHUNKRAP">H4 H6</cards>
<action no="5" player="KOPKHUNKRAP" type="3" sum="30"/>
<action no="6" player="Koci01" type="4" discard="1" dealt="1" sum="0"/>
</round>
<round no="2"><cards type="Flop">H7 HK SQ</cards>
<action no="7" player="Koci01" type="4" discard="1" dealt="1" sum="0"/>
<action no="8" player="KOPKHUNKRAP" type="5" sum="60"/>
<action no="9" player="Koci01" type="0" discard="1" dealt="1" sum="0"/>
</round>
</game>
<game gamecode="6505485081"><general><startdate>2025-10-15 01:22:40</startdate>
<round>1</round>
<failsafecounter/>
<players><player seat="3" name="KOPKHUNKRAP" chips="706" dealer="0" win="0" bet="65" muck="1" rebuy="0" addon="0" merge="0" rebuychips="0" reg_code="5066284490"/>
<player seat="6" name="Koci01" chips="794" dealer="1" win="130" bet="125" muck="1" rebuy="0" addon="0" merge="0" rebuychips="0" reg_code="5066284681"/>
</players>
</general>
<round no="0"><action no="1" player="Koci01" type="15" discard="1" dealt="1" sum="5"/>
<action no="2" player="KOPKHUNKRAP" type="15" sum="5"/>
<action no="3" player="Koci01" type="1" discard="1" dealt="1" sum="30"/>
<action no="4" player="KOPKHUNKRAP" type="2" sum="60"/>
</round>
<round no="1"><cards type="Pocket" player="KOPKHUNKRAP">H8 D4</cards>
<cards type="Pocket" player="Koci01">X X</cards>
<action no="5" player="Koci01" type="3" discard="1" dealt="1" sum="30"/>
<action no="6" player="KOPKHUNKRAP" type="4" sum="0"/>
</round>
<round no="2"><cards type="Flop">C6 D10 DJ</cards>
<action no="7" player="KOPKHUNKRAP" type="4" sum="0"/>
<action no="8" player="Koci01" type="5" discard="1" dealt="1" sum="60"/>
<action no="9" player="KOPKHUNKRAP" type="0" sum="0"/>
</round>
</game>
<game gamecode="6505485100"><general><startdate>2025-10-15 01:22:50</startdate>
<round>1</round>
<failsafecounter/>
<players><player seat="6" name="Koci01" chips="859" dealer="0" win="130" bet="125" muck="1" rebuy="0" addon="0" merge="0" rebuychips="0" reg_code="5066284681"/>
<player seat="3" name="KOPKHUNKRAP" chips="641" dealer="1" win="0" bet="65" muck="1" rebuy="0" addon="0" merge="0" rebuychips="0" reg_code="5066284490"/>
</players>
</general>
<round no="0"><action no="1" player="KOPKHUNKRAP" type="15" sum="5"/>
<action no="2" player="Koci01" type="15" discard="1" dealt="1" sum="5"/>
<action no="3" player="KOPKHUNKRAP" type="1" sum="30"/>
<action no="4" player="Koci01" type="2" discard="1" dealt="1" sum="60"/>
</round>
<round no="1"><cards type="Pocket" player="KOPKHUNKRAP">H9 S6</cards>
<cards type="Pocket" player="Koci01">X X</cards>
<action no="5" player="KOPKHUNKRAP" type="3" sum="30"/>
<action no="6" player="Koci01" type="4" discard="1" dealt="1" sum="0"/>
</round>
<round no="2"><cards type="Flop">DQ D10 H7</cards>
<action no="7" player="Koci01" type="5" discard="1" dealt="1" sum="60"/>
<action no="8" player="KOPKHUNKRAP" type="0" sum="0"/>
</round>
</game>
<game gamecode="6505485118"><general><startdate>2025-10-15 01:23:02</startdate>
<round>1</round>
<failsafecounter/>
<players><player seat="3" name="KOPKHUNKRAP" chips="576" dealer="0" win="370" bet="576" muck="1" rebuy="0" addon="0" merge="0" rebuychips="0" reg_code="5066284490"/>
<player seat="6" name="Koci01" chips="924" dealer="1" win="0" bet="185" muck="1" rebuy="0" addon="0" merge="0" rebuychips="0" reg_code="5066284681"/>
</players>
</general>
<round no="0"><action no="1" player="Koci01" type="15" discard="1" dealt="1" sum="5"/>
<action no="2" player="KOPKHUNKRAP" type="15" sum="5"/>
<action no="3" player="Koci01" type="1" discard="1" dealt="1" sum="30"/>
<action no="4" player="KOPKHUNKRAP" type="2" sum="60"/>
</round>
<round no="1"><cards type="Pocket" player="KOPKHUNKRAP">S10 SJ</cards>
<cards type="Pocket" player="Koci01">X X</cards>
<action no="5" player="Koci01" type="23" discard="1" dealt="1" sum="120"/>
<action no="6" player="KOPKHUNKRAP" type="3" sum="60"/>
</round>
<round no="2"><cards type="Flop">C3 CQ H8</cards>
<action no="7" player="KOPKHUNKRAP" type="4" sum="0"/>
<action no="8" player="Koci01" type="5" discard="1" dealt="1" sum="60"/>
<action no="9" player="KOPKHUNKRAP" type="3" sum="60"/>
</round>
<round no="3"><cards type="Turn">S2</cards>
<action no="10" player="KOPKHUNKRAP" type="4" sum="0"/>
<action no="11" player="Koci01" type="4" discard="1" dealt="1" sum="0"/>
</round>
<round no="4"><cards type="River">H9</cards>
<action no="12" player="KOPKHUNKRAP" type="5" sum="391"/>
<action no="13" player="Koci01" type="0" discard="1" dealt="1" sum="0"/>
</round>
</game>
<game gamecode="6505485151"><general><startdate>2025-10-15 01:23:23</startdate>
<round>1</round>
<failsafecounter/>
<players><player seat="6" name="Koci01" chips="739" dealer="0" win="1,478" bet="739" muck="0" rebuy="0" addon="0" merge="0" rebuychips="0" reg_code="5066284681"/>
<player seat="3" name="KOPKHUNKRAP" chips="761" dealer="1" win="0" bet="739" muck="1" rebuy="0" addon="0" merge="0" rebuychips="0" reg_code="5066284490"/>
</players>
</general>
<round no="0"><action no="1" player="KOPKHUNKRAP" type="15" sum="5"/>
<action no="2" player="Koci01" type="15" discard="1" dealt="1" sum="5"/>
<action no="3" player="KOPKHUNKRAP" type="1" sum="30"/>
<action no="4" player="Koci01" type="2" discard="1" dealt="1" sum="60"/>
</round>
<round no="1"><cards type="Pocket" player="KOPKHUNKRAP">H10 CK</cards>
<cards type="Pocket" player="Koci01">HJ CA</cards>
<action no="5" player="KOPKHUNKRAP" type="3" sum="30"/>
<action no="6" player="Koci01" type="23" discard="1" dealt="1" sum="734"/>
<action no="7" player="KOPKHUNKRAP" type="3" sum="674"/>
</round>
<round no="2"><cards type="Flop">D4 DA C4</cards>
</round>
<round no="3"><cards type="Turn">H8</cards>
</round>
<round no="4"><cards type="River">H7</cards>
</round>
</game>
<game gamecode="6505485190"><general><startdate>2025-10-15 01:23:47</startdate>
<round>1</round>
<failsafecounter/>
<players><player seat="3" name="KOPKHUNKRAP" chips="22" dealer="0" win="44" bet="22" muck="0" rebuy="0" addon="0" merge="0" rebuychips="0" reg_code="5066284490"/>
<player seat="6" name="Koci01" chips="1,478" dealer="1" win="0" bet="35" muck="1" rebuy="0" addon="0" merge="0" rebuychips="0" reg_code="5066284681"/>
</players>
</general>
<round no="0"><action no="1" player="Koci01" type="15" discard="1" dealt="1" sum="5"/>
<action no="2" player="KOPKHUNKRAP" type="15" sum="5"/>
<action no="3" player="Koci01" type="1" discard="1" dealt="1" sum="30"/>
<action no="4" player="KOPKHUNKRAP" type="2" sum="17"/>
</round>
<round no="1"><cards type="Pocket" player="KOPKHUNKRAP">CJ S10</cards>
<cards type="Pocket" player="Koci01">C4 DA</cards>
</round>
<round no="2"><cards type="Flop">CQ D4 H3</cards>
</round>
<round no="3"><cards type="Turn">D2</cards>
</round>
<round no="4"><cards type="River">C10</cards>
</round>
</game>
<game gamecode="6505485202"><general><startdate>2025-10-15 01:23:59</startdate>
<round>1</round>
<failsafecounter/>
<players><player seat="6" name="Koci01" chips="1,456" dealer="0" win="88" bet="65" muck="0" rebuy="0" addon="0" merge="0" rebuychips="0" reg_code="5066284681"/>
<player seat="3" name="KOPKHUNKRAP" chips="44" dealer="1" win="0" bet="44" muck="0" rebuy="0" addon="0" merge="0" rebuychips="0" reg_code="5066284490"/>
</players>
</general>
<round no="0"><action no="1" player="KOPKHUNKRAP" type="15" sum="5"/>
<action no="2" player="Koci01" type="15" discard="1" dealt="1" sum="5"/>
<action no="3" player="KOPKHUNKRAP" type="1" sum="30"/>
<action no="4" player="Koci01" type="2" discard="1" dealt="1" sum="60"/>
</round>
<round no="1"><cards type="Pocket" player="KOPKHUNKRAP">HA C9</cards>
<cards type="Pocket" player="Koci01">S10 CA</cards>
<action no="5" player="KOPKHUNKRAP" type="7" sum="9"/>
</round>
<round no="2"><cards type="Flop">H2 H10 CK</cards>
</round>
<round no="3"><cards type="Turn">C6</cards>
</round>
<round no="4"><cards type="River">CQ</cards>
</round>
</game>
</session>
