<?xml version="1.0" encoding="UTF-8"?>
<session sessioncode="5066709739">
<general>
<client_version>25.1.1.16</client_version>
<mode>real</mode>
<gametype>Holdem NL</gametype>
<tablename>Twister €200 SNG, 819875019</tablename>
<tournamentcode>819875018</tournamentcode>
<tournamentname>Twister €200 SNG</tournamentname>
<buyin>€0 + €12 + €188</buyin>
<totalbuyin>€200</totalbuyin>
<rewarddrawn>€400</rewarddrawn>
<tournamentcurrency>EUR</tournamentcurrency>
<currency>EUR</currency>
<nickname>KOPKHUNKRAP</nickname>
<gamecount>1</gamecount>
<startdate>2025-10-17 00:00:10</startdate>
<place>3</place>
<win>€0</win>
<tablesize>3</tablesize>
</general>
<game gamecode="6507226617"><general><startdate>2025-10-17 00:00:25</startdate>
<round>1</round>
<failsafecounter/>
<players><player seat="3" name="SuBandiduu" chips="500" dealer="0" win="1,000" bet="500" muck="0" rebuy="0" addon="0" merge="0" rebuychips="0" reg_code="5066708147"/>
<player seat="6" name="OndaBianca1" chips="500" dealer="1" win="0" bet="0" muck="1" rebuy="0" addon="0" merge="0" rebuychips="0" reg_code="5066709571"/>
<player seat="10" name="KOPKHUNKRAP" chips="500" dealer="0" win="0" bet="500" muck="1" rebuy="0" addon="0" merge="0" rebuychips="0" reg_code="5066709739"/>
</players>
</general>
<round no="0"><action no="1" player="KOPKHUNKRAP" type="1" sum="10"/>
<action no="2" player="SuBandiduu" type="2" discard="1" dealt="1" sum="20"/>
</round>
<round no="1"><cards type="Pocket" player="KOPKHUNKRAP">D3 C3</cards>
<cards type="Pocket" player="OndaBianca1">X X</cards>
<cards type="Pocket" player="SuBandiduu">CA CJ</cards>
<action no="3" player="OndaBianca1" type="0" discard="1" dealt="1" sum="0"/>
<action no="4" player="KOPKHUNKRAP" type="23" sum="500"/>
<action no="5" player="SuBandiduu" type="7" discard="1" dealt="1" sum="480"/>
</round>
<round no="2"><cards type="Flop">HA HQ D7</cards>
</round>
<round no="3"><cards type="Turn">H7</cards>
</round>
<round no="4"><cards type="River">C9</cards>
</round>
</game>
</session>
