<?xml version="1.0" encoding="UTF-8"?>
<session sessioncode="5066926985">
<general>
<client_version>24.7.1.15</client_version>
<mode>real</mode>
<gametype>Holdem NL</gametype>
<tablename>Twister €200 SNG, 819943465</tablename>
<tournamentcode>819943464</tournamentcode>
<tournamentname>Twister €200 SNG</tournamentname>
<buyin>€0 + €12 + €188</buyin>
<totalbuyin>€200</totalbuyin>
<rewarddrawn>€400</rewarddrawn>
<tournamentcurrency>EUR</tournamentcurrency>
<currency>EUR</currency>
<nickname>KOPKHUNKRAP</nickname>
<gamecount>24</gamecount>
<startdate>2025-10-17 23:50:32</startdate>
<place>2</place>
<win>€0</win>
<tablesize>3</tablesize>
</general>
<game gamecode="6508101374"><general><startdate>2025-10-17 23:50:47</startdate>
<round>1</round>
<failsafecounter/>
<players><player seat="3" name="OndaBianca1" chips="500" dealer="0" win="0" bet="50" muck="1" rebuy="0" addon="0" merge="0" rebuychips="0" reg_code="5066926163"/>
<player seat="6" name="SuBandiduu" chips="500" dealer="1" win="0" bet="0" muck="1" rebuy="0" addon="0" merge="0" rebuychips="0" reg_code="5066926546"/>
<player seat="10" name="KOPKHUNKRAP" chips="500" dealer="0" win="100" bet="50" muck="0" rebuy="0" addon="0" merge="0" rebuychips="0" reg_code="5066926985"/>
</players>
</general>
<round no="0"><action no="1" player="KOPKHUNKRAP" type="1" sum="10"/>
<action no="2" player="OndaBianca1" type="2" discard="1" dealt="1" sum="20"/>
</round>
<round no="1"><cards type="Pocket" player="KOPKHUNKRAP">H7 SK</cards>
<cards type="Pocket" player="SuBandiduu">X X</cards>
<cards type="Pocket" player="OndaBianca1">H4 CQ</cards>
<action no="3" player="SuBandiduu" type="0" discard="1" dealt="1" sum="0"/>
<action no="4" player="KOPKHUNKRAP" type="23" sum="50"/>
<action no="5" player="OndaBianca1" type="3" discard="1" dealt="1" sum="30"/>
</round>
<round no="2"><cards type="Flop">DJ S7 S8</cards>
<action no="6" player="KOPKHUNKRAP" type="4" sum="0"/>
<action no="7" player="OndaBianca1" type="4" discard="1" dealt="1" sum="0"/>
</round>
<round no="3"><cards type="Turn">D10</cards>
<action no="8" player="KOPKHUNKRAP" type="4" sum="0"/>
<action no="9" player="OndaBianca1" type="4" discard="1" dealt="1" sum="0"/>
</round>
<round no="4"><cards type="River">S4</cards>
<action no="10" player="KOPKHUNKRAP" type="4" sum="0"/>
<action no="11" player="OndaBianca1" type="4" discard="1" dealt="1" sum="0"/>
</round>
</game>
<game gamecode="6508101495"><general><startdate>2025-10-17 23:51:12</startdate>
<round>1</round>
<failsafecounter/>
<players><player seat="6" name="SuBandiduu" chips="500" dealer="0" win="0" bet="60" muck="1" rebuy="0" addon="0" merge="0" rebuychips="0" reg_code="5066926546"/>
<player seat="10" name="KOPKHUNKRAP" chips="550" dealer="1" win="0" bet="0" muck="1" rebuy="0" addon="0" merge="0" rebuychips="0" reg_code="5066926985"/>
<player seat="3" name="OndaBianca1" chips="450" dealer="0" win="120" bet="60" muck="0" rebuy="0" addon="0" merge="0" rebuychips="0" reg_code="5066926163"/>
</players>
</general>
<round no="0"><action no="1" player="OndaBianca1" type="1" discard="1" dealt="1" sum="10"/>
<action no="2" player="SuBandiduu" type="2" discard="1" dealt="1" sum="20"/>
</round>
<round no="1"><cards type="Pocket" player="SuBandiduu">C7 S3</cards>
<cards type="Pocket" player="KOPKHUNKRAP">D8 H9</cards>
<cards type="Pocket" player="OndaBianca1">H10 CQ</cards>
<action no="3" player="KOPKHUNKRAP" type="0" sum="0"/>
<action no="4" player="OndaBianca1" type="3" discard="1" dealt="1" sum="10"/>
<action no="5" player="SuBandiduu" type="23" discard="1" dealt="1" sum="60"/>
<action no="6" player="OndaBianca1" type="3" discard="1" dealt="1" sum="40"/>
</round>
<round no="2"><cards type="Flop">D10 HK DK</cards>
<action no="7" player="OndaBianca1" type="4" discard="1" dealt="1" sum="0"/>
<action no="8" player="SuBandiduu" type="4" discard="1" dealt="1" sum="0"/>
</round>
<round no="3"><cards type="Turn">H4</cards>
<action no="9" player="OndaBianca1" type="4" discard="1" dealt="1" sum="0"/>
<action no="10" player="SuBandiduu" type="4" discard="1" dealt="1" sum="0"/>
</round>
<round no="4"><cards type="River">S6</cards>
<action no="11" player="OndaBianca1" type="4" discard="1" dealt="1" sum="0"/>
<action no="12" player="SuBandiduu" type="4" discard="1" dealt="1" sum="0"/>
</round>
</game>
<game gamecode="6508101654"><general><startdate>2025-10-17 23:51:42</startdate>
<round>1</round>
<failsafecounter/>
<players><player seat="10" name="KOPKHUNKRAP" chips="550" dealer="0" win="0" bet="20" muck="1" rebuy="0" addon="0" merge="0" rebuychips="0" reg_code="5066926985"/>
<player seat="3" name="OndaBianca1" chips="510" dealer="1" win="0" bet="0" muck="1" rebuy="0" addon="0" merge="0" rebuychips="0" reg_code="5066926163"/>
<player seat="6" name="SuBandiduu" chips="440" dealer="0" win="40" bet="50" muck="1" rebuy="0" addon="0" merge="0" rebuychips="0" reg_code="5066926546"/>
</players>
</general>
<round no="0"><action no="1" player="SuBandiduu" type="1" discard="1" dealt="1" sum="10"/>
<action no="2" player="KOPKHUNKRAP" type="2" sum="20"/>
</round>
<round no="1"><cards type="Pocket" player="SuBandiduu">X X</cards>
<cards type="Pocket" player="KOPKHUNKRAP">H6 C3</cards>
<cards type="Pocket" player="OndaBianca1">X X</cards>
<action no="3" player="OndaBianca1" type="0" discard="1" dealt="1" sum="0"/>
<action no="4" player="SuBandiduu" type="23" discard="1" dealt="1" sum="50"/>
<action no="5" player="KOPKHUNKRAP" type="0" sum="0"/>
</round>
</game>
<game gamecode="6508101729"><general><startdate>2025-10-17 23:51:55</startdate>
<round>1</round>
<failsafecounter/>
<players><player seat="3" name="OndaBianca1" chips="510" dealer="0" win="0" bet="20" muck="1" rebuy="0" addon="0" merge="0" rebuychips="0" reg_code="5066926163"/>
<player seat="6" name="SuBandiduu" chips="460" dealer="1" win="50" bet="40" muck="1" rebuy="0" addon="0" merge="0" rebuychips="0" reg_code="5066926546"/>
<player seat="10" name="KOPKHUNKRAP" chips="530" dealer="0" win="0" bet="10" muck="1" rebuy="0" addon="0" merge="0" rebuychips="0" reg_code="5066926985"/>
</players>
</general>
<round no="0"><action no="1" player="KOPKHUNKRAP" type="1" sum="10"/>
<action no="2" player="OndaBianca1" type="2" discard="1" dealt="1" sum="20"/>
</round>
<round no="1"><cards type="Pocket" player="KOPKHUNKRAP">D6 C3</cards>
<cards type="Pocket" player="OndaBianca1">X X</cards>
<cards type="Pocket" player="SuBandiduu">X X</cards>
<action no="3" player="SuBandiduu" type="23" discard="1" dealt="1" sum="40"/>
<action no="4" player="KOPKHUNKRAP" type="0" sum="0"/>
<action no="5" player="OndaBianca1" type="0" discard="1" dealt="1" sum="0"/>
</round>
</game>
<game gamecode="6508101782"><general><startdate>2025-10-17 23:52:04</startdate>
<round>1</round>
<failsafecounter/>
<players><player seat="6" name="SuBandiduu" chips="490" dealer="0" win="120" bet="490" muck="1" rebuy="0" addon="0" merge="0" rebuychips="0" reg_code="5066926546"/>
<player seat="10" name="KOPKHUNKRAP" chips="520" dealer="1" win="0" bet="0" muck="1" rebuy="0" addon="0" merge="0" rebuychips="0" reg_code="5066926985"/>
<player seat="3" name="OndaBianca1" chips="490" dealer="0" win="0" bet="60" muck="1" rebuy="0" addon="0" merge="0" rebuychips="0" reg_code="5066926163"/>
</players>
</general>
<round no="0"><action no="1" player="OndaBianca1" type="1" discard="1" dealt="1" sum="10"/>
<action no="2" player="SuBandiduu" type="2" discard="1" dealt="1" sum="20"/>
</round>
<round no="1"><cards type="Pocket" player="SuBandiduu">X X</cards>
<cards type="Pocket" player="OndaBianca1">X X</cards>
<cards type="Pocket" player="KOPKHUNKRAP">C10 S9</cards>
<action no="3" player="KOPKHUNKRAP" type="0" sum="0"/>
<action no="4" player="OndaBianca1" type="23" discard="1" dealt="1" sum="60"/>
<action no="5" player="SuBandiduu" type="3" discard="1" dealt="1" sum="40"/>
</round>
<round no="2"><cards type="Flop">C8 S10 C7</cards>
<action no="6" player="OndaBianca1" type="4" discard="1" dealt="1" sum="0"/>
<action no="7" player="SuBandiduu" type="5" discard="1" dealt="1" sum="430"/>
<action no="8" player="OndaBianca1" type="0" discard="1" dealt="1" sum="0"/>
</round>
</game>
<game gamecode="6508101864"><general><startdate>2025-10-17 23:52:24</startdate>
<round>1</round>
<failsafecounter/>
<players><player seat="10" name="KOPKHUNKRAP" chips="520" dealer="0" win="20" bet="20" muck="1" rebuy="0" addon="0" merge="0" rebuychips="0" reg_code="5066926985"/>
<player seat="3" name="OndaBianca1" chips="430" dealer="1" win="0" bet="0" muck="1" rebuy="0" addon="0" merge="0" rebuychips="0" reg_code="5066926163"/>
<player seat="6" name="SuBandiduu" chips="550" dealer="0" win="0" bet="10" muck="1" rebuy="0" addon="0" merge="0" rebuychips="0" reg_code="5066926546"/>
</players>
</general>
<round no="0"><action no="1" player="SuBandiduu" type="1" discard="1" dealt="1" sum="10"/>
<action no="2" player="KOPKHUNKRAP" type="2" sum="20"/>
</round>
<round no="1"><cards type="Pocket" player="KOPKHUNKRAP">C3 D6</cards>
<cards type="Pocket" player="SuBandiduu">X X</cards>
<cards type="Pocket" player="OndaBianca1">X X</cards>
<action no="3" player="OndaBianca1" type="0" discard="1" dealt="1" sum="0"/>
<action no="4" player="SuBandiduu" type="0" discard="1" dealt="1" sum="0"/>
</round>
</game>
<game gamecode="6508101897"><general><startdate>2025-10-17 23:52:30</startdate>
<round>1</round>
<failsafecounter/>
<players><player seat="3" name="OndaBianca1" chips="430" dealer="0" win="0" bet="35" muck="1" rebuy="0" addon="0" merge="0" rebuychips="0" reg_code="5066926163"/>
<player seat="6" name="SuBandiduu" chips="540" dealer="1" win="0" bet="540" muck="0" rebuy="0" addon="0" merge="0" rebuychips="0" reg_code="5066926546"/>
<player seat="10" name="KOPKHUNKRAP" chips="530" dealer="0" win="1,095" bet="530" muck="0" rebuy="0" addon="0" merge="0" rebuychips="0" reg_code="5066926985"/>
</players>
</general>
<round no="0"><action no="1" player="KOPKHUNKRAP" type="15" sum="5"/>
<action no="2" player="OndaBianca1" type="15" discard="1" dealt="1" sum="5"/>
<action no="3" player="SuBandiduu" type="15" discard="1" dealt="1" sum="5"/>
<action no="4" player="KOPKHUNKRAP" type="1" sum="15"/>
<action no="5" player="OndaBianca1" type="2" discard="1" dealt="1" sum="30"/>
</round>
<round no="1"><cards type="Pocket" player="KOPKHUNKRAP">SK DQ</cards>
<cards type="Pocket" player="SuBandiduu">S3 D3</cards>
<cards type="Pocket" player="OndaBianca1">X X</cards>
<action no="6" player="SuBandiduu" type="23" discard="1" dealt="1" sum="535"/>
<action no="7" player="KOPKHUNKRAP" type="7" sum="510"/>
<action no="8" player="OndaBianca1" type="0" discard="1" dealt="1" sum="0"/>
</round>
<round no="2"><cards type="Flop">S6 HQ S7</cards>
</round>
<round no="3"><cards type="Turn">H2</cards>
</round>
<round no="4"><cards type="River">C9</cards>
</round>
</game>
<game gamecode="6508102001"><general><startdate>2025-10-17 23:52:51</startdate>
<round>1</round>
<failsafecounter/>
<players><player seat="6" name="SuBandiduu" chips="10" dealer="0" win="0" bet="10" muck="1" rebuy="0" addon="0" merge="0" rebuychips="0" reg_code="5066926546"/>
<player seat="10" name="KOPKHUNKRAP" chips="1,095" dealer="1" win="0" bet="5" muck="1" rebuy="0" addon="0" merge="0" rebuychips="0" reg_code="5066926985"/>
<player seat="3" name="OndaBianca1" chips="395" dealer="0" win="25" bet="20" muck="0" rebuy="0" addon="0" merge="0" rebuychips="0" reg_code="5066926163"/>
</players>
</general>
<round no="0"><action no="1" player="OndaBianca1" type="15" discard="1" dealt="1" sum="5"/>
<action no="2" player="SuBandiduu" type="15" discard="1" dealt="1" sum="5"/>
<action no="3" player="KOPKHUNKRAP" type="15" sum="5"/>
<action no="4" player="OndaBianca1" type="1" discard="1" dealt="1" sum="15"/>
<action no="5" player="SuBandiduu" type="2" discard="1" dealt="1" sum="5"/>
</round>
<round no="1"><cards type="Pocket" player="OndaBianca1">H10 DK</cards>
<cards type="Pocket" player="SuBandiduu">CA S2</cards>
<cards type="Pocket" player="KOPKHUNKRAP">D7 C3</cards>
<action no="6" player="KOPKHUNKRAP" type="0" sum="0"/>
</round>
<round no="2"><cards type="Flop">S10 C2 D3</cards>
</round>
<round no="3"><cards type="Turn">H3</cards>
</round>
<round no="4"><cards type="River">S9</cards>
</round>
</game>
<game gamecode="6508102062"><general><startdate>2025-10-17 23:53:04</startdate>
<round>1</round>
<failsafecounter/>
<players><player seat="10" name="KOPKHUNKRAP" chips="1,090" dealer="0" win="190" bet="140" muck="1" rebuy="0" addon="0" merge="0" rebuychips="0" reg_code="5066926985"/>
<player seat="3" name="OndaBianca1" chips="410" dealer="1" win="0" bet="95" muck="1" rebuy="0" addon="0" merge="0" rebuychips="0" reg_code="5066926163"/>
</players>
</general>
<round no="0"><action no="1" player="OndaBianca1" type="15" discard="1" dealt="1" sum="5"/>
<action no="2" player="KOPKHUNKRAP" type="15" sum="5"/>
<action no="3" player="OndaBianca1" type="1" discard="1" dealt="1" sum="15"/>
<action no="4" player="KOPKHUNKRAP" type="2" sum="30"/>
</round>
<round no="1"><cards type="Pocket" player="OndaBianca1">X X</cards>
<cards type="Pocket" player="KOPKHUNKRAP">HK H10</cards>
<action no="5" player="OndaBianca1" type="3" discard="1" dealt="1" sum="15"/>
<action no="6" player="KOPKHUNKRAP" type="23" sum="90"/>
<action no="7" player="OndaBianca1" type="3" discard="1" dealt="1" sum="60"/>
</round>
<round no="2"><cards type="Flop">D3 CQ HQ</cards>
<action no="8" player="KOPKHUNKRAP" type="5" sum="45"/>
<action no="9" player="OndaBianca1" type="0" discard="1" dealt="1" sum="0"/>
</round>
</game>
<game gamecode="6508102127"><general><startdate>2025-10-17 23:53:20</startdate>
<round>1</round>
<failsafecounter/>
<players><player seat="3" name="OndaBianca1" chips="315" dealer="0" win="70" bet="80" muck="1" rebuy="0" addon="0" merge="0" rebuychips="0" reg_code="5066926163"/>
<player seat="10" name="KOPKHUNKRAP" chips="1,185" dealer="1" win="0" bet="35" muck="1" rebuy="0" addon="0" merge="0" rebuychips="0" reg_code="5066926985"/>
</players>
</general>
<round no="0"><action no="1" player="KOPKHUNKRAP" type="15" sum="5"/>
<action no="2" player="OndaBianca1" type="15" discard="1" dealt="1" sum="5"/>
<action no="3" player="KOPKHUNKRAP" type="1" sum="15"/>
<action no="4" player="OndaBianca1" type="2" discard="1" dealt="1" sum="30"/>
</round>
<round no="1"><cards type="Pocket" player="KOPKHUNKRAP">D9 H7</cards>
<cards type="Pocket" player="OndaBianca1">X X</cards>
<action no="5" player="KOPKHUNKRAP" type="3" sum="15"/>
<action no="6" player="OndaBianca1" type="23" discard="1" dealt="1" sum="75"/>
<action no="7" player="KOPKHUNKRAP" type="0" sum="0"/>
</round>
</game>
<game gamecode="6508105462"><general><startdate>2025-10-17 23:53:31</startdate>
<round>1</round>
<failsafecounter/>
<players><player seat="10" name="KOPKHUNKRAP" chips="1,150" dealer="0" win="350" bet="350" muck="0" rebuy="0" addon="0" merge="0" rebuychips="0" reg_code="5066926985"/>
<player seat="3" name="OndaBianca1" chips="350" dealer="1" win="350" bet="350" muck="0" rebuy="0" addon="0" merge="0" rebuychips="0" reg_code="5066926163"/>
</players>
</general>
<round no="0"><action no="1" player="OndaBianca1" type="15" discard="1" dealt="1" sum="5"/>
<action no="2" player="KOPKHUNKRAP" type="15" sum="5"/>
<action no="3" player="OndaBianca1" type="1" discard="1" dealt="1" sum="15"/>
<action no="4" player="KOPKHUNKRAP" type="2" sum="30"/>
</round>
<round no="1"><cards type="Pocket" player="OndaBianca1">S4 DA</cards>
<cards type="Pocket" player="KOPKHUNKRAP">SA D4</cards>
<action no="5" player="OndaBianca1" type="23" discard="1" dealt="1" sum="345"/>
<action no="6" player="KOPKHUNKRAP" type="3" sum="315"/>
</round>
<round no="2"><cards type="Flop">D6 CA SJ</cards>
</round>
<round no="3"><cards type="Turn">H8</cards>
</round>
<round no="4"><cards type="River">H6</cards>
</round>
</game>
<game gamecode="6508105546"><general><startdate>2025-10-17 23:53:46</startdate>
<round>1</round>
<failsafecounter/>
<players><player seat="3" name="OndaBianca1" chips="350" dealer="0" win="0" bet="35" muck="1" rebuy="0" addon="0" merge="0" rebuychips="0" reg_code="5066926163"/>
<player seat="10" name="KOPKHUNKRAP" chips="1,150" dealer="1" win="70" bet="35" muck="0" rebuy="0" addon="0" merge="0" rebuychips="0" reg_code="5066926985"/>
</players>
</general>
<round no="0"><action no="1" player="KOPKHUNKRAP" type="15" sum="5"/>
<action no="2" player="OndaBianca1" type="15" discard="1" dealt="1" sum="5"/>
<action no="3" player="KOPKHUNKRAP" type="1" sum="15"/>
<action no="4" player="OndaBianca1" type="2" discard="1" dealt="1" sum="30"/>
</round>
<round no="1"><cards type="Pocket" player="OndaBianca1">S3 H2</cards>
<cards type="Pocket" player="KOPKHUNKRAP">S2 S4</cards>
<action no="5" player="KOPKHUNKRAP" type="3" sum="15"/>
<action no="6" player="OndaBianca1" type="4" discard="1" dealt="1" sum="0"/>
</round>
<round no="2"><cards type="Flop">C7 S6 C4</cards>
<action no="7" player="OndaBianca1" type="4" discard="1" dealt="1" sum="0"/>
<action no="8" player="KOPKHUNKRAP" type="4" sum="0"/>
</round>
<round no="3"><cards type="Turn">DJ</cards>
<action no="9" player="OndaBianca1" type="4" discard="1" dealt="1" sum="0"/>
<action no="10" player="KOPKHUNKRAP" type="4" sum="0"/>
</round>
<round no="4"><cards type="River">HQ</cards>
<action no="11" player="OndaBianca1" type="4" discard="1" dealt="1" sum="0"/>
<action no="12" player="KOPKHUNKRAP" type="4" sum="0"/>
</round>
</game>
<game gamecode="6508105642"><general><startdate>2025-10-17 23:54:09</startdate>
<round>1</round>
<failsafecounter/>
<players><player seat="10" name="KOPKHUNKRAP" chips="1,185" dealer="0" win="0" bet="45" muck="1" rebuy="0" addon="0" merge="0" rebuychips="0" reg_code="5066926985"/>
<player seat="3" name="OndaBianca1" chips="315" dealer="1" win="90" bet="85" muck="1" rebuy="0" addon="0" merge="0" rebuychips="0" reg_code="5066926163"/>
</players>
</general>
<round no="0"><action no="1" player="OndaBianca1" type="15" discard="1" dealt="1" sum="5"/>
<action no="2" player="KOPKHUNKRAP" type="15" sum="5"/>
<action no="3" player="OndaBianca1" type="1" discard="1" dealt="1" sum="20"/>
<action no="4" player="KOPKHUNKRAP" type="2" sum="40"/>
</round>
<round no="1"><cards type="Pocket" player="OndaBianca1">X X</cards>
<cards type="Pocket" player="KOPKHUNKRAP">S4 H10</cards>
<action no="5" player="OndaBianca1" type="3" discard="1" dealt="1" sum="20"/>
<action no="6" player="KOPKHUNKRAP" type="4" sum="0"/>
</round>
<round no="2"><cards type="Flop">C2 D9 HA</cards>
<action no="7" player="KOPKHUNKRAP" type="4" sum="0"/>
<action no="8" player="OndaBianca1" type="5" discard="1" dealt="1" sum="40"/>
<action no="9" player="KOPKHUNKRAP" type="0" sum="0"/>
</round>
</game>
<game gamecode="6508105716"><general><startdate>2025-10-17 23:54:24</startdate>
<round>1</round>
<failsafecounter/>
<players><player seat="3" name="OndaBianca1" chips="360" dealer="0" win="50" bet="45" muck="1" rebuy="0" addon="0" merge="0" rebuychips="0" reg_code="5066926163"/>
<player seat="10" name="KOPKHUNKRAP" chips="1,140" dealer="1" win="0" bet="25" muck="1" rebuy="0" addon="0" merge="0" rebuychips="0" reg_code="5066926985"/>
</players>
</general>
<round no="0"><action no="1" player="KOPKHUNKRAP" type="15" sum="5"/>
<action no="2" player="OndaBianca1" type="15" discard="1" dealt="1" sum="5"/>
<action no="3" player="KOPKHUNKRAP" type="1" sum="20"/>
<action no="4" player="OndaBianca1" type="2" discard="1" dealt="1" sum="40"/>
</round>
<round no="1"><cards type="Pocket" player="KOPKHUNKRAP">D8 C3</cards>
<cards type="Pocket" player="OndaBianca1">X X</cards>
<action no="5" player="KOPKHUNKRAP" type="0" sum="0"/>
</round>
</game>
<game gamecode="6508105756"><general><startdate>2025-10-17 23:54:30</startdate>
<round>1</round>
<failsafecounter/>
<players><player seat="10" name="KOPKHUNKRAP" chips="1,115" dealer="0" win="170" bet="137" muck="1" rebuy="0" addon="0" merge="0" rebuychips="0" reg_code="5066926985"/>
<player seat="3" name="OndaBianca1" chips="385" dealer="1" win="0" bet="85" muck="1" rebuy="0" addon="0" merge="0" rebuychips="0" reg_code="5066926163"/>
</players>
</general>
<round no="0"><action no="1" player="OndaBianca1" type="15" discard="1" dealt="1" sum="5"/>
<action no="2" player="KOPKHUNKRAP" type="15" sum="5"/>
<action no="3" player="OndaBianca1" type="1" discard="1" dealt="1" sum="20"/>
<action no="4" player="KOPKHUNKRAP" type="2" sum="40"/>
</round>
<round no="1"><cards type="Pocket" player="OndaBianca1">X X</cards>
<cards type="Pocket" player="KOPKHUNKRAP">HJ H6</cards>
<action no="5" player="OndaBianca1" type="3" discard="1" dealt="1" sum="20"/>
<action no="6" player="KOPKHUNKRAP" type="4" sum="0"/>
</round>
<round no="2"><cards type="Flop">S8 HQ H8</cards>
<action no="7" player="KOPKHUNKRAP" type="4" sum="0"/>
<action no="8" player="OndaBianca1" type="5" discard="1" dealt="1" sum="40"/>
<action no="9" player="KOPKHUNKRAP" type="23" sum="92"/>
<action no="10" player="OndaBianca1" type="0" discard="1" dealt="1" sum="0"/>
</round>
</game>
<game gamecode="6508105829"><general><startdate>2025-10-17 23:54:48</startdate>
<round>1</round>
<failsafecounter/>
<players><player seat="3" name="OndaBianca1" chips="300" dealer="0" win="50" bet="45" muck="1" rebuy="0" addon="0" merge="0" rebuychips="0" reg_code="5066926163"/>
<player seat="10" name="KOPKHUNKRAP" chips="1,200" dealer="1" win="0" bet="25" muck="1" rebuy="0" addon="0" merge="0" rebuychips="0" reg_code="5066926985"/>
</players>
</general>
<round no="0"><action no="1" player="KOPKHUNKRAP" type="15" sum="5"/>
<action no="2" player="OndaBianca1" type="15" discard="1" dealt="1" sum="5"/>
<action no="3" player="KOPKHUNKRAP" type="1" sum="20"/>
<action no="4" player="OndaBianca1" type="2" discard="1" dealt="1" sum="40"/>
</round>
<round no="1"><cards type="Pocket" player="OndaBianca1">X X</cards>
<cards type="Pocket" player="KOPKHUNKRAP">H5 C6</cards>
<action no="5" player="KOPKHUNKRAP" type="0" sum="0"/>
</round>
</game>
<game gamecode="6508105867"><general><startdate>2025-10-17 23:54:55</startdate>
<round>1</round>
<failsafecounter/>
<players><player seat="10" name="KOPKHUNKRAP" chips="1,175" dealer="0" win="0" bet="45" muck="1" rebuy="0" addon="0" merge="0" rebuychips="0" reg_code="5066926985"/>
<player seat="3" name="OndaBianca1" chips="325" dealer="1" win="90" bet="115" muck="1" rebuy="0" addon="0" merge="0" rebuychips="0" reg_code="5066926163"/>
</players>
</general>
<round no="0"><action no="1" player="OndaBianca1" type="15" discard="1" dealt="1" sum="5"/>
<action no="2" player="KOPKHUNKRAP" type="15" sum="5"/>
<action no="3" player="OndaBianca1" type="1" discard="1" dealt="1" sum="20"/>
<action no="4" player="KOPKHUNKRAP" type="2" sum="40"/>
</round>
<round no="1"><cards type="Pocket" player="KOPKHUNKRAP">S4 DJ</cards>
<cards type="Pocket" player="OndaBianca1">X X</cards>
<action no="5" player="OndaBianca1" type="3" discard="1" dealt="1" sum="20"/>
<action no="6" player="KOPKHUNKRAP" type="4" sum="0"/>
</round>
<round no="2"><cards type="Flop">S6 H9 H4</cards>
<action no="7" player="KOPKHUNKRAP" type="4" sum="0"/>
<action no="8" player="OndaBianca1" type="5" discard="1" dealt="1" sum="70"/>
<action no="9" player="KOPKHUNKRAP" type="0" sum="0"/>
</round>
</game>
<game gamecode="6508105929"><general><startdate>2025-10-17 23:55:07</startdate>
<round>1</round>
<failsafecounter/>
<players><player seat="3" name="OndaBianca1" chips="370" dealer="0" win="0" bet="45" muck="1" rebuy="0" addon="0" merge="0" rebuychips="0" reg_code="5066926163"/>
<player seat="10" name="KOPKHUNKRAP" chips="1,130" dealer="1" win="90" bet="1,130" muck="1" rebuy="0" addon="0" merge="0" rebuychips="0" reg_code="5066926985"/>
</players>
</general>
<round no="0"><action no="1" player="KOPKHUNKRAP" type="15" sum="5"/>
<action no="2" player="OndaBianca1" type="15" discard="1" dealt="1" sum="5"/>
<action no="3" player="KOPKHUNKRAP" type="1" sum="20"/>
<action no="4" player="OndaBianca1" type="2" discard="1" dealt="1" sum="40"/>
</round>
<round no="1"><cards type="Pocket" player="KOPKHUNKRAP">DJ S7</cards>
<cards type="Pocket" player="OndaBianca1">X X</cards>
<action no="5" player="KOPKHUNKRAP" type="23" sum="1,125"/>
<action no="6" player="OndaBianca1" type="0" discard="1" dealt="1" sum="0"/>
</round>
</game>
<game gamecode="6508105972"><general><startdate>2025-10-17 23:55:17</startdate>
<round>1</round>
<failsafecounter/>
<players><player seat="10" name="KOPKHUNKRAP" chips="1,175" dealer="0" win="0" bet="45" muck="1" rebuy="0" addon="0" merge="0" rebuychips="0" reg_code="5066926985"/>
<player seat="3" name="OndaBianca1" chips="325" dealer="1" win="90" bet="85" muck="1" rebuy="0" addon="0" merge="0" rebuychips="0" reg_code="5066926163"/>
</players>
</general>
<round no="0"><action no="1" player="OndaBianca1" type="15" discard="1" dealt="1" sum="5"/>
<action no="2" player="KOPKHUNKRAP" type="15" sum="5"/>
<action no="3" player="OndaBianca1" type="1" discard="1" dealt="1" sum="20"/>
<action no="4" player="KOPKHUNKRAP" type="2" sum="40"/>
</round>
<round no="1"><cards type="Pocket" player="KOPKHUNKRAP">H5 D9</cards>
<cards type="Pocket" player="OndaBianca1">X X</cards>
<action no="5" player="OndaBianca1" type="3" discard="1" dealt="1" sum="20"/>
<action no="6" player="KOPKHUNKRAP" type="4" sum="0"/>
</round>
<round no="2"><cards type="Flop">C8 DK DJ</cards>
<action no="7" player="KOPKHUNKRAP" type="4" sum="0"/>
<action no="8" player="OndaBianca1" type="5" discard="1" dealt="1" sum="40"/>
<action no="9" player="KOPKHUNKRAP" type="0" sum="0"/>
</round>
</game>
<game gamecode="6508106031"><general><startdate>2025-10-17 23:55:30</startdate>
<round>1</round>
<failsafecounter/>
<players><player seat="3" name="OndaBianca1" chips="370" dealer="0" win="740" bet="370" muck="0" rebuy="0" addon="0" merge="0" rebuychips="0" reg_code="5066926163"/>
<player seat="10" name="KOPKHUNKRAP" chips="1,130" dealer="1" win="0" bet="1,130" muck="1" rebuy="0" addon="0" merge="0" rebuychips="0" reg_code="5066926985"/>
</players>
</general>
<round no="0"><action no="1" player="KOPKHUNKRAP" type="15" sum="5"/>
<action no="2" player="OndaBianca1" type="15" discard="1" dealt="1" sum="5"/>
<action no="3" player="KOPKHUNKRAP" type="1" sum="20"/>
<action no="4" player="OndaBianca1" type="2" discard="1" dealt="1" sum="40"/>
</round>
<round no="1"><cards type="Pocket" player="OndaBianca1">DQ C9</cards>
<cards type="Pocket" player="KOPKHUNKRAP">D6 SQ</cards>
<action no="5" player="KOPKHUNKRAP" type="23" sum="1,125"/>
<action no="6" player="OndaBianca1" type="7" discard="1" dealt="1" sum="325"/>
</round>
<round no="2"><cards type="Flop">D4 C10 C5</cards>
</round>
<round no="3"><cards type="Turn">SA</cards>
</round>
<round no="4"><cards type="River">HA</cards>
</round>
</game>
<game gamecode="6508106110"><general><startdate>2025-10-17 23:55:47</startdate>
<round>1</round>
<failsafecounter/>
<players><player seat="10" name="KOPKHUNKRAP" chips="760" dealer="0" win="0" bet="45" muck="1" rebuy="0" addon="0" merge="0" rebuychips="0" reg_code="5066926985"/>
<player seat="3" name="OndaBianca1" chips="740" dealer="1" win="90" bet="158" muck="1" rebuy="0" addon="0" merge="0" rebuychips="0" reg_code="5066926163"/>
</players>
</general>
<round no="0"><action no="1" player="OndaBianca1" type="15" discard="1" dealt="1" sum="5"/>
<action no="2" player="KOPKHUNKRAP" type="15" sum="5"/>
<action no="3" player="OndaBianca1" type="1" discard="1" dealt="1" sum="20"/>
<action no="4" player="KOPKHUNKRAP" type="2" sum="40"/>
</round>
<round no="1"><cards type="Pocket" player="OndaBianca1">X X</cards>
<cards type="Pocket" player="KOPKHUNKRAP">SJ D5</cards>
<action no="5" player="OndaBianca1" type="3" discard="1" dealt="1" sum="20"/>
<action no="6" player="KOPKHUNKRAP" type="4" sum="0"/>
</round>
<round no="2"><cards type="Flop">C8 C6 S7</cards>
<action no="7" player="KOPKHUNKRAP" type="4" sum="0"/>
<action no="8" player="OndaBianca1" type="4" discard="1" dealt="1" sum="0"/>
</round>
<round no="3"><cards type="Turn">S2</cards>
<action no="9" player="KOPKHUNKRAP" type="4" sum="0"/>
<action no="10" player="OndaBianca1" type="5" discard="1" dealt="1" sum="113"/>
<action no="11" player="KOPKHUNKRAP" type="0" sum="0"/>
</round>
</game>
<game gamecode="6508106190"><general><startdate>2025-10-17 23:56:02</startdate>
<round>1</round>
<failsafecounter/>
<players><player seat="3" name="OndaBianca1" chips="785" dealer="0" win="70" bet="65" muck="1" rebuy="0" addon="0" merge="0" rebuychips="0" reg_code="5066926163"/>
<player seat="10" name="KOPKHUNKRAP" chips="715" dealer="1" win="0" bet="35" muck="1" rebuy="0" addon="0" merge="0" rebuychips="0" reg_code="5066926985"/>
</players>
</general>
<round no="0"><action no="1" player="KOPKHUNKRAP" type="15" sum="5"/>
<action no="2" player="OndaBianca1" type="15" discard="1" dealt="1" sum="5"/>
<action no="3" player="KOPKHUNKRAP" type="1" sum="30"/>
<action no="4" player="OndaBianca1" type="2" discard="1" dealt="1" sum="60"/>
</round>
<round no="1"><cards type="Pocket" player="KOPKHUNKRAP">H3 D2</cards>
<cards type="Pocket" player="OndaBianca1">X X</cards>
<action no="5" player="KOPKHUNKRAP" type="0" sum="0"/>
</round>
</game>
<game gamecode="6508106216"><general><startdate>2025-10-17 23:56:07</startdate>
<round>1</round>
<failsafecounter/>
<players><player seat="10" name="KOPKHUNKRAP" chips="680" dealer="0" win="130" bet="680" muck="1" rebuy="0" addon="0" merge="0" rebuychips="0" reg_code="5066926985"/>
<player seat="3" name="OndaBianca1" chips="820" dealer="1" win="0" bet="65" muck="1" rebuy="0" addon="0" merge="0" rebuychips="0" reg_code="5066926163"/>
</players>
</general>
<round no="0"><action no="1" player="OndaBianca1" type="15" discard="1" dealt="1" sum="5"/>
<action no="2" player="KOPKHUNKRAP" type="15" sum="5"/>
<action no="3" player="OndaBianca1" type="1" discard="1" dealt="1" sum="30"/>
<action no="4" player="KOPKHUNKRAP" type="2" sum="60"/>
</round>
<round no="1"><cards type="Pocket" player="OndaBianca1">X X</cards>
<cards type="Pocket" player="KOPKHUNKRAP">HK D7</cards>
<action no="5" player="OndaBianca1" type="3" discard="1" dealt="1" sum="30"/>
<action no="6" player="KOPKHUNKRAP" type="23" sum="675"/>
<action no="7" player="OndaBianca1" type="0" discard="1" dealt="1" sum="0"/>
</round>
</game>
<game gamecode="6508106276"><general><startdate>2025-10-17 23:56:20</startdate>
<round>1</round>
<failsafecounter/>
<players><player seat="3" name="OndaBianca1" chips="755" dealer="0" win="1,490" bet="755" muck="0" rebuy="0" addon="0" merge="0" rebuychips="0" reg_code="5066926163"/>
<player seat="10" name="KOPKHUNKRAP" chips="745" dealer="1" win="0" bet="745" muck="1" rebuy="0" addon="0" merge="0" rebuychips="0" reg_code="5066926985"/>
</players>
</general>
<round no="0"><action no="1" player="KOPKHUNKRAP" type="15" sum="5"/>
<action no="2" player="OndaBianca1" type="15" discard="1" dealt="1" sum="5"/>
<action no="3" player="KOPKHUNKRAP" type="1" sum="30"/>
<action no="4" player="OndaBianca1" type="2" discard="1" dealt="1" sum="60"/>
</round>
<round no="1"><cards type="Pocket" player="OndaBianca1">S2 HA</cards>
<cards type="Pocket" player="KOPKHUNKRAP">S10 SK</cards>
<action no="5" player="KOPKHUNKRAP" type="3" sum="30"/>
<action no="6" player="OndaBianca1" type="23" discard="1" dealt="1" sum="750"/>
<action no="7" player="KOPKHUNKRAP" type="7" sum="680"/>
</round>
<round no="2"><cards type="Flop">H7 S8 CJ</cards>
</round>
<round no="3"><cards type="Turn">CA</cards>
</round>
<round no="4"><cards type="River">D3</cards>
</round>
</game>
</session>
