<?xml version="1.0" encoding="UTF-8"?>
<session sessioncode="5066922701">
<general>
<client_version>24.7.1.15</client_version>
<mode>real</mode>
<gametype>Holdem NL</gametype>
<tablename>Twister €200 SNG, 819942562</tablename>
<tournamentcode>819942560</tournamentcode>
<tournamentname>Twister €200 SNG</tournamentname>
<buyin>€0 + €12 + €188</buyin>
<totalbuyin>€200</totalbuyin>
<rewarddrawn>€600</rewarddrawn>
<tournamentcurrency>EUR</tournamentcurrency>
<currency>EUR</currency>
<nickname>KOPKHUNKRAP</nickname>
<gamecount>21</gamecount>
<startdate>2025-10-17 23:31:02</startdate>
<place>2</place>
<win>€0</win>
<tablesize>3</tablesize>
</general>
<game gamecode="6508077051"><general><startdate>2025-10-17 23:31:17</startdate>
<round>1</round>
<failsafecounter/>
<players><player seat="10" name="OndaBianca1" chips="500" dealer="0" win="500" bet="500" muck="0" rebuy="0" addon="0" merge="0" rebuychips="0" reg_code="5066922936"/>
<player seat="3" name="Ofiorbe74" chips="500" dealer="1" win="0" bet="0" muck="1" rebuy="0" addon="0" merge="0" rebuychips="0" reg_code="5066922699"/>
<player seat="6" name="KOPKHUNKRAP" chips="500" dealer="0" win="500" bet="500" muck="0" rebuy="0" addon="0" merge="0" rebuychips="0" reg_code="5066922701"/>
</players>
</general>
<round no="0"><action no="1" player="KOPKHUNKRAP" type="1" sum="10"/>
<action no="2" player="OndaBianca1" type="2" discard="1" dealt="1" sum="20"/>
</round>
<round no="1"><cards type="Pocket" player="Ofiorbe74">X X</cards>
<cards type="Pocket" player="KOPKHUNKRAP">S5 DA</cards>
<cards type="Pocket" player="OndaBianca1">HA S3</cards>
<action no="3" player="Ofiorbe74" type="0" discard="1" dealt="1" sum="0"/>
<action no="4" player="KOPKHUNKRAP" type="23" sum="50"/>
<action no="5" player="OndaBianca1" type="3" discard="1" dealt="1" sum="30"/>
</round>
<round no="2"><cards type="Flop">SJ H4 CA</cards>
<action no="6" player="KOPKHUNKRAP" type="5" sum="33"/>
<action no="7" player="OndaBianca1" type="3" discard="1" dealt="1" sum="33"/>
</round>
<round no="3"><cards type="Turn">CK</cards>
<action no="8" player="KOPKHUNKRAP" type="5" sum="100"/>
<action no="9" player="OndaBianca1" type="3" discard="1" dealt="1" sum="100"/>
</round>
<round no="4"><cards type="River">S8</cards>
<action no="10" player="KOPKHUNKRAP" type="5" sum="317"/>
<action no="11" player="OndaBianca1" type="7" discard="1" dealt="1" sum="317"/>
</round>
</game>
<game gamecode="6508077118"><general><startdate>2025-10-17 23:31:49</startdate>
<round>1</round>
<failsafecounter/>
<players><player seat="3" name="Ofiorbe74" chips="500" dealer="0" win="0" bet="40" muck="1" rebuy="0" addon="0" merge="0" rebuychips="0" reg_code="5066922699"/>
<player seat="6" name="KOPKHUNKRAP" chips="500" dealer="1" win="90" bet="60" muck="1" rebuy="0" addon="0" merge="0" rebuychips="0" reg_code="5066922701"/>
<player seat="10" name="OndaBianca1" chips="500" dealer="0" win="0" bet="10" muck="1" rebuy="0" addon="0" merge="0" rebuychips="0" reg_code="5066922936"/>
</players>
</general>
<round no="0"><action no="1" player="OndaBianca1" type="1" discard="1" dealt="1" sum="10"/>
<action no="2" player="Ofiorbe74" type="2" discard="1" dealt="1" sum="20"/>
</round>
<round no="1"><cards type="Pocket" player="Ofiorbe74">X X</cards>
<cards type="Pocket" player="KOPKHUNKRAP">HA C6</cards>
<cards type="Pocket" player="OndaBianca1">X X</cards>
<action no="3" player="KOPKHUNKRAP" type="23" sum="40"/>
<action no="4" player="OndaBianca1" type="0" discard="1" dealt="1" sum="0"/>
<action no="5" player="Ofiorbe74" type="3" discard="1" dealt="1" sum="20"/>
</round>
<round no="2"><cards type="Flop">H3 D8 S7</cards>
<action no="6" player="Ofiorbe74" type="4" discard="1" dealt="1" sum="0"/>
<action no="7" player="KOPKHUNKRAP" type="4" sum="0"/>
</round>
<round no="3"><cards type="Turn">D4</cards>
<action no="8" player="Ofiorbe74" type="4" discard="1" dealt="1" sum="0"/>
<action no="9" player="KOPKHUNKRAP" type="5" sum="20"/>
<action no="10" player="Ofiorbe74" type="0" discard="1" dealt="1" sum="0"/>
</round>
</game>
<game gamecode="6508077176"><general><startdate>2025-10-17 23:32:20</startdate>
<round>1</round>
<failsafecounter/>
<players><player seat="6" name="KOPKHUNKRAP" chips="550" dealer="0" win="130" bet="100" muck="1" rebuy="0" addon="0" merge="0" rebuychips="0" reg_code="5066922701"/>
<player seat="10" name="OndaBianca1" chips="490" dealer="1" win="0" bet="60" muck="1" rebuy="0" addon="0" merge="0" rebuychips="0" reg_code="5066922936"/>
<player seat="3" name="Ofiorbe74" chips="460" dealer="0" win="0" bet="10" muck="1" rebuy="0" addon="0" merge="0" rebuychips="0" reg_code="5066922699"/>
</players>
</general>
<round no="0"><action no="1" player="Ofiorbe74" type="1" discard="1" dealt="1" sum="10"/>
<action no="2" player="KOPKHUNKRAP" type="2" sum="20"/>
</round>
<round no="1"><cards type="Pocket" player="Ofiorbe74">X X</cards>
<cards type="Pocket" player="KOPKHUNKRAP">C3 C5</cards>
<cards type="Pocket" player="OndaBianca1">X X</cards>
<action no="3" player="OndaBianca1" type="23" discard="1" dealt="1" sum="40"/>
<action no="4" player="Ofiorbe74" type="0" discard="1" dealt="1" sum="0"/>
<action no="5" player="KOPKHUNKRAP" type="3" sum="20"/>
</round>
<round no="2"><cards type="Flop">S5 C7 H5</cards>
<action no="6" player="KOPKHUNKRAP" type="4" sum="0"/>
<action no="7" player="OndaBianca1" type="5" discard="1" dealt="1" sum="20"/>
<action no="8" player="KOPKHUNKRAP" type="23" sum="60"/>
<action no="9" player="OndaBianca1" type="0" discard="1" dealt="1" sum="0"/>
</round>
</game>
<game gamecode="6508077222"><general><startdate>2025-10-17 23:32:43</startdate>
<round>1</round>
<failsafecounter/>
<players><player seat="10" name="OndaBianca1" chips="430" dealer="0" win="0" bet="60" muck="1" rebuy="0" addon="0" merge="0" rebuychips="0" reg_code="5066922936"/>
<player seat="3" name="Ofiorbe74" chips="450" dealer="1" win="130" bet="125" muck="1" rebuy="0" addon="0" merge="0" rebuychips="0" reg_code="5066922699"/>
<player seat="6" name="KOPKHUNKRAP" chips="620" dealer="0" win="0" bet="10" muck="1" rebuy="0" addon="0" merge="0" rebuychips="0" reg_code="5066922701"/>
</players>
</general>
<round no="0"><action no="1" player="KOPKHUNKRAP" type="1" sum="10"/>
<action no="2" player="OndaBianca1" type="2" discard="1" dealt="1" sum="20"/>
</round>
<round no="1"><cards type="Pocket" player="OndaBianca1">X X</cards>
<cards type="Pocket" player="KOPKHUNKRAP">DQ C4</cards>
<cards type="Pocket" player="Ofiorbe74">X X</cards>
<action no="3" player="Ofiorbe74" type="23" discard="1" dealt="1" sum="40"/>
<action no="4" player="KOPKHUNKRAP" type="0" sum="0"/>
<action no="5" player="OndaBianca1" type="3" discard="1" dealt="1" sum="20"/>
</round>
<round no="2"><cards type="Flop">C8 D3 D4</cards>
<action no="6" player="OndaBianca1" type="4" discard="1" dealt="1" sum="0"/>
<action no="7" player="Ofiorbe74" type="5" discard="1" dealt="1" sum="20"/>
<action no="8" player="OndaBianca1" type="3" discard="1" dealt="1" sum="20"/>
</round>
<round no="3"><cards type="Turn">H3</cards>
<action no="9" player="OndaBianca1" type="4" discard="1" dealt="1" sum="0"/>
<action no="10" player="Ofiorbe74" type="5" discard="1" dealt="1" sum="65"/>
<action no="11" player="OndaBianca1" type="0" discard="1" dealt="1" sum="0"/>
</round>
</game>
<game gamecode="6508077284"><general><startdate>2025-10-17 23:33:19</startdate>
<round>1</round>
<failsafecounter/>
<players><player seat="3" name="Ofiorbe74" chips="520" dealer="0" win="0" bet="35" muck="1" rebuy="0" addon="0" merge="0" rebuychips="0" reg_code="5066922699"/>
<player seat="6" name="KOPKHUNKRAP" chips="610" dealer="1" win="0" bet="5" muck="1" rebuy="0" addon="0" merge="0" rebuychips="0" reg_code="5066922701"/>
<player seat="10" name="OndaBianca1" chips="370" dealer="0" win="75" bet="370" muck="1" rebuy="0" addon="0" merge="0" rebuychips="0" reg_code="5066922936"/>
</players>
</general>
<round no="0"><action no="1" player="OndaBianca1" type="15" discard="1" dealt="1" sum="5"/>
<action no="2" player="Ofiorbe74" type="15" discard="1" dealt="1" sum="5"/>
<action no="3" player="KOPKHUNKRAP" type="15" sum="5"/>
<action no="4" player="OndaBianca1" type="1" discard="1" dealt="1" sum="15"/>
<action no="5" player="Ofiorbe74" type="2" discard="1" dealt="1" sum="30"/>
</round>
<round no="1"><cards type="Pocket" player="Ofiorbe74">X X</cards>
<cards type="Pocket" player="OndaBianca1">X X</cards>
<cards type="Pocket" player="KOPKHUNKRAP">H9 S3</cards>
<action no="6" player="KOPKHUNKRAP" type="0" sum="0"/>
<action no="7" player="OndaBianca1" type="23" discard="1" dealt="1" sum="365"/>
<action no="8" player="Ofiorbe74" type="0" discard="1" dealt="1" sum="0"/>
</round>
</game>
<game gamecode="6508077301"><general><startdate>2025-10-17 23:33:29</startdate>
<round>1</round>
<failsafecounter/>
<players><player seat="6" name="KOPKHUNKRAP" chips="605" dealer="0" win="840" bet="605" muck="0" rebuy="0" addon="0" merge="0" rebuychips="0" reg_code="5066922701"/>
<player seat="10" name="OndaBianca1" chips="410" dealer="1" win="0" bet="410" muck="0" rebuy="0" addon="0" merge="0" rebuychips="0" reg_code="5066922936"/>
<player seat="3" name="Ofiorbe74" chips="485" dealer="0" win="0" bet="20" muck="1" rebuy="0" addon="0" merge="0" rebuychips="0" reg_code="5066922699"/>
</players>
</general>
<round no="0"><action no="1" player="Ofiorbe74" type="15" discard="1" dealt="1" sum="5"/>
<action no="2" player="KOPKHUNKRAP" type="15" sum="5"/>
<action no="3" player="OndaBianca1" type="15" discard="1" dealt="1" sum="5"/>
<action no="4" player="Ofiorbe74" type="1" discard="1" dealt="1" sum="15"/>
<action no="5" player="KOPKHUNKRAP" type="2" sum="30"/>
</round>
<round no="1"><cards type="Pocket" player="KOPKHUNKRAP">C10 S10</cards>
<cards type="Pocket" player="Ofiorbe74">X X</cards>
<cards type="Pocket" player="OndaBianca1">SA SQ</cards>
<action no="6" player="OndaBianca1" type="23" discard="1" dealt="1" sum="60"/>
<action no="7" player="Ofiorbe74" type="0" discard="1" dealt="1" sum="0"/>
<action no="8" player="KOPKHUNKRAP" type="23" sum="600"/>
<action no="9" player="OndaBianca1" type="7" discard="1" dealt="1" sum="345"/>
</round>
<round no="2"><cards type="Flop">C7 HJ D8</cards>
</round>
<round no="3"><cards type="Turn">D5</cards>
</round>
<round no="4"><cards type="River">D6</cards>
</round>
</game>
<game gamecode="6508077351"><general><startdate>2025-10-17 23:33:50</startdate>
<round>1</round>
<failsafecounter/>
<players><player seat="6" name="KOPKHUNKRAP" chips="1,035" dealer="0" win="0" bet="35" muck="1" rebuy="0" addon="0" merge="0" rebuychips="0" reg_code="5066922701"/>
<player seat="3" name="Ofiorbe74" chips="465" dealer="1" win="70" bet="65" muck="1" rebuy="0" addon="0" merge="0" rebuychips="0" reg_code="5066922699"/>
</players>
</general>
<round no="0"><action no="1" player="Ofiorbe74" type="15" discard="1" dealt="1" sum="5"/>
<action no="2" player="KOPKHUNKRAP" type="15" sum="5"/>
<action no="3" player="Ofiorbe74" type="1" discard="1" dealt="1" sum="15"/>
<action no="4" player="KOPKHUNKRAP" type="2" sum="30"/>
</round>
<round no="1"><cards type="Pocket" player="Ofiorbe74">X X</cards>
<cards type="Pocket" player="KOPKHUNKRAP">D5 S3</cards>
<action no="5" player="Ofiorbe74" type="23" discard="1" dealt="1" sum="60"/>
<action no="6" player="KOPKHUNKRAP" type="0" sum="0"/>
</round>
</game>
<game gamecode="6508077368"><general><startdate>2025-10-17 23:33:59</startdate>
<round>1</round>
<failsafecounter/>
<players><player seat="3" name="Ofiorbe74" chips="500" dealer="0" win="70" bet="500" muck="1" rebuy="0" addon="0" merge="0" rebuychips="0" reg_code="5066922699"/>
<player seat="6" name="KOPKHUNKRAP" chips="1,000" dealer="1" win="0" bet="35" muck="1" rebuy="0" addon="0" merge="0" rebuychips="0" reg_code="5066922701"/>
</players>
</general>
<round no="0"><action no="1" player="KOPKHUNKRAP" type="15" sum="5"/>
<action no="2" player="Ofiorbe74" type="15" discard="1" dealt="1" sum="5"/>
<action no="3" player="KOPKHUNKRAP" type="1" sum="15"/>
<action no="4" player="Ofiorbe74" type="2" discard="1" dealt="1" sum="30"/>
</round>
<round no="1"><cards type="Pocket" player="KOPKHUNKRAP">D7 S4</cards>
<cards type="Pocket" player="Ofiorbe74">X X</cards>
<action no="5" player="KOPKHUNKRAP" type="3" sum="15"/>
<action no="6" player="Ofiorbe74" type="23" discard="1" dealt="1" sum="495"/>
<action no="7" player="KOPKHUNKRAP" type="0" sum="0"/>
</round>
</game>
<game gamecode="6508077387"><general><startdate>2025-10-17 23:34:07</startdate>
<round>1</round>
<failsafecounter/>
<players><player seat="6" name="KOPKHUNKRAP" chips="965" dealer="0" win="70" bet="105" muck="1" rebuy="0" addon="0" merge="0" rebuychips="0" reg_code="5066922701"/>
<player seat="3" name="Ofiorbe74" chips="535" dealer="1" win="0" bet="35" muck="1" rebuy="0" addon="0" merge="0" rebuychips="0" reg_code="5066922699"/>
</players>
</general>
<round no="0"><action no="1" player="Ofiorbe74" type="15" discard="1" dealt="1" sum="5"/>
<action no="2" player="KOPKHUNKRAP" type="15" sum="5"/>
<action no="3" player="Ofiorbe74" type="1" discard="1" dealt="1" sum="15"/>
<action no="4" player="KOPKHUNKRAP" type="2" sum="30"/>
</round>
<round no="1"><cards type="Pocket" player="Ofiorbe74">X X</cards>
<cards type="Pocket" player="KOPKHUNKRAP">D4 S9</cards>
<action no="5" player="Ofiorbe74" type="3" discard="1" dealt="1" sum="15"/>
<action no="6" player="KOPKHUNKRAP" type="4" sum="0"/>
</round>
<round no="2"><cards type="Flop">C2 H5 DK</cards>
<action no="7" player="KOPKHUNKRAP" type="4" sum="0"/>
<action no="8" player="Ofiorbe74" type="4" discard="1" dealt="1" sum="0"/>
</round>
<round no="3"><cards type="Turn">C3</cards>
<action no="9" player="KOPKHUNKRAP" type="5" sum="70"/>
<action no="10" player="Ofiorbe74" type="0" discard="1" dealt="1" sum="0"/>
</round>
</game>
<game gamecode="6508077458"><general><startdate>2025-10-17 23:34:39</startdate>
<round>1</round>
<failsafecounter/>
<players><player seat="3" name="Ofiorbe74" chips="500" dealer="0" win="0" bet="85" muck="1" rebuy="0" addon="0" merge="0" rebuychips="0" reg_code="5066922699"/>
<player seat="6" name="KOPKHUNKRAP" chips="1,000" dealer="1" win="170" bet="85" muck="0" rebuy="0" addon="0" merge="0" rebuychips="0" reg_code="5066922701"/>
</players>
</general>
<round no="0"><action no="1" player="KOPKHUNKRAP" type="15" sum="5"/>
<action no="2" player="Ofiorbe74" type="15" discard="1" dealt="1" sum="5"/>
<action no="3" player="KOPKHUNKRAP" type="1" sum="20"/>
<action no="4" player="Ofiorbe74" type="2" discard="1" dealt="1" sum="40"/>
</round>
<round no="1"><cards type="Pocket" player="KOPKHUNKRAP">D7 H8</cards>
<cards type="Pocket" player="Ofiorbe74">S5 C10</cards>
<action no="5" player="KOPKHUNKRAP" type="3" sum="20"/>
<action no="6" player="Ofiorbe74" type="4" discard="1" dealt="1" sum="0"/>
</round>
<round no="2"><cards type="Flop">D3 H7 S10</cards>
<action no="7" player="Ofiorbe74" type="4" discard="1" dealt="1" sum="0"/>
<action no="8" player="KOPKHUNKRAP" type="4" sum="0"/>
</round>
<round no="3"><cards type="Turn">CJ</cards>
<action no="9" player="Ofiorbe74" type="4" discard="1" dealt="1" sum="0"/>
<action no="10" player="KOPKHUNKRAP" type="4" sum="0"/>
</round>
<round no="4"><cards type="River">C8</cards>
<action no="11" player="Ofiorbe74" type="4" discard="1" dealt="1" sum="0"/>
<action no="12" player="KOPKHUNKRAP" type="5" sum="40"/>
<action no="13" player="Ofiorbe74" type="3" discard="1" dealt="1" sum="40"/>
</round>
</game>
<game gamecode="6508077524"><general><startdate>2025-10-17 23:35:13</startdate>
<round>1</round>
<failsafecounter/>
<players><player seat="6" name="KOPKHUNKRAP" chips="1,085" dealer="0" win="0" bet="45" muck="1" rebuy="0" addon="0" merge="0" rebuychips="0" reg_code="5066922701"/>
<player seat="3" name="Ofiorbe74" chips="415" dealer="1" win="90" bet="85" muck="1" rebuy="0" addon="0" merge="0" rebuychips="0" reg_code="5066922699"/>
</players>
</general>
<round no="0"><action no="1" player="Ofiorbe74" type="15" discard="1" dealt="1" sum="5"/>
<action no="2" player="KOPKHUNKRAP" type="15" sum="5"/>
<action no="3" player="Ofiorbe74" type="1" discard="1" dealt="1" sum="20"/>
<action no="4" player="KOPKHUNKRAP" type="2" sum="40"/>
</round>
<round no="1"><cards type="Pocket" player="KOPKHUNKRAP">C5 CJ</cards>
<cards type="Pocket" player="Ofiorbe74">X X</cards>
<action no="5" player="Ofiorbe74" type="3" discard="1" dealt="1" sum="20"/>
<action no="6" player="KOPKHUNKRAP" type="4" sum="0"/>
</round>
<round no="2"><cards type="Flop">H8 C6 D6</cards>
<action no="7" player="KOPKHUNKRAP" type="4" sum="0"/>
<action no="8" player="Ofiorbe74" type="4" discard="1" dealt="1" sum="0"/>
</round>
<round no="3"><cards type="Turn">H7</cards>
<action no="9" player="KOPKHUNKRAP" type="4" sum="0"/>
<action no="10" player="Ofiorbe74" type="4" discard="1" dealt="1" sum="0"/>
</round>
<round no="4"><cards type="River">HK</cards>
<action no="11" player="KOPKHUNKRAP" type="4" sum="0"/>
<action no="12" player="Ofiorbe74" type="5" discard="1" dealt="1" sum="40"/>
<action no="13" player="KOPKHUNKRAP" type="0" sum="0"/>
</round>
</game>
<game gamecode="6508077555"><general><startdate>2025-10-17 23:35:30</startdate>
<round>1</round>
<failsafecounter/>
<players><player seat="3" name="Ofiorbe74" chips="460" dealer="0" win="90" bet="460" muck="1" rebuy="0" addon="0" merge="0" rebuychips="0" reg_code="5066922699"/>
<player seat="6" name="KOPKHUNKRAP" chips="1,040" dealer="1" win="0" bet="45" muck="1" rebuy="0" addon="0" merge="0" rebuychips="0" reg_code="5066922701"/>
</players>
</general>
<round no="0"><action no="1" player="KOPKHUNKRAP" type="15" sum="5"/>
<action no="2" player="Ofiorbe74" type="15" discard="1" dealt="1" sum="5"/>
<action no="3" player="KOPKHUNKRAP" type="1" sum="20"/>
<action no="4" player="Ofiorbe74" type="2" discard="1" dealt="1" sum="40"/>
</round>
<round no="1"><cards type="Pocket" player="Ofiorbe74">X X</cards>
<cards type="Pocket" player="KOPKHUNKRAP">SQ D6</cards>
<action no="5" player="KOPKHUNKRAP" type="3" sum="20"/>
<action no="6" player="Ofiorbe74" type="23" discard="1" dealt="1" sum="455"/>
<action no="7" player="KOPKHUNKRAP" type="0" sum="0"/>
</round>
</game>
<game gamecode="6508077580"><general><startdate>2025-10-17 23:35:41</startdate>
<round>1</round>
<failsafecounter/>
<players><player seat="6" name="KOPKHUNKRAP" chips="995" dealer="0" win="90" bet="995" muck="1" rebuy="0" addon="0" merge="0" rebuychips="0" reg_code="5066922701"/>
<player seat="3" name="Ofiorbe74" chips="505" dealer="1" win="0" bet="45" muck="1" rebuy="0" addon="0" merge="0" rebuychips="0" reg_code="5066922699"/>
</players>
</general>
<round no="0"><action no="1" player="Ofiorbe74" type="15" discard="1" dealt="1" sum="5"/>
<action no="2" player="KOPKHUNKRAP" type="15" sum="5"/>
<action no="3" player="Ofiorbe74" type="1" discard="1" dealt="1" sum="20"/>
<action no="4" player="KOPKHUNKRAP" type="2" sum="40"/>
</round>
<round no="1"><cards type="Pocket" player="KOPKHUNKRAP">SK H4</cards>
<cards type="Pocket" player="Ofiorbe74">X X</cards>
<action no="5" player="Ofiorbe74" type="3" discard="1" dealt="1" sum="20"/>
<action no="6" player="KOPKHUNKRAP" type="23" sum="990"/>
<action no="7" player="Ofiorbe74" type="0" discard="1" dealt="1" sum="0"/>
</round>
</game>
<game gamecode="6508077616"><general><startdate>2025-10-17 23:36:00</startdate>
<round>1</round>
<failsafecounter/>
<players><player seat="3" name="Ofiorbe74" chips="460" dealer="0" win="50" bet="45" muck="1" rebuy="0" addon="0" merge="0" rebuychips="0" reg_code="5066922699"/>
<player seat="6" name="KOPKHUNKRAP" chips="1,040" dealer="1" win="0" bet="25" muck="1" rebuy="0" addon="0" merge="0" rebuychips="0" reg_code="5066922701"/>
</players>
</general>
<round no="0"><action no="1" player="KOPKHUNKRAP" type="15" sum="5"/>
<action no="2" player="Ofiorbe74" type="15" discard="1" dealt="1" sum="5"/>
<action no="3" player="KOPKHUNKRAP" type="1" sum="20"/>
<action no="4" player="Ofiorbe74" type="2" discard="1" dealt="1" sum="40"/>
</round>
<round no="1"><cards type="Pocket" player="KOPKHUNKRAP">D5 H3</cards>
<cards type="Pocket" player="Ofiorbe74">X X</cards>
<action no="5" player="KOPKHUNKRAP" type="0" sum="0"/>
</round>
</game>
<game gamecode="6508077627"><general><startdate>2025-10-17 23:36:05</startdate>
<round>1</round>
<failsafecounter/>
<players><player seat="6" name="KOPKHUNKRAP" chips="1,015" dealer="0" win="170" bet="85" muck="0" rebuy="0" addon="0" merge="0" rebuychips="0" reg_code="5066922701"/>
<player seat="3" name="Ofiorbe74" chips="485" dealer="1" win="0" bet="85" muck="1" rebuy="0" addon="0" merge="0" rebuychips="0" reg_code="5066922699"/>
</players>
</general>
<round no="0"><action no="1" player="Ofiorbe74" type="15" discard="1" dealt="1" sum="5"/>
<action no="2" player="KOPKHUNKRAP" type="15" sum="5"/>
<action no="3" player="Ofiorbe74" type="1" discard="1" dealt="1" sum="20"/>
<action no="4" player="KOPKHUNKRAP" type="2" sum="40"/>
</round>
<round no="1"><cards type="Pocket" player="KOPKHUNKRAP">HQ D3</cards>
<cards type="Pocket" player="Ofiorbe74">CJ S7</cards>
<action no="5" player="Ofiorbe74" type="3" discard="1" dealt="1" sum="20"/>
<action no="6" player="KOPKHUNKRAP" type="4" sum="0"/>
</round>
<round no="2"><cards type="Flop">CA H8 SQ</cards>
<action no="7" player="KOPKHUNKRAP" type="4" sum="0"/>
<action no="8" player="Ofiorbe74" type="5" discard="1" dealt="1" sum="40"/>
<action no="9" player="KOPKHUNKRAP" type="3" sum="40"/>
</round>
<round no="3"><cards type="Turn">H5</cards>
<action no="10" player="KOPKHUNKRAP" type="4" sum="0"/>
<action no="11" player="Ofiorbe74" type="4" discard="1" dealt="1" sum="0"/>
</round>
<round no="4"><cards type="River">DK</cards>
<action no="12" player="KOPKHUNKRAP" type="4" sum="0"/>
<action no="13" player="Ofiorbe74" type="4" discard="1" dealt="1" sum="0"/>
</round>
</game>
<game gamecode="6508077690"><general><startdate>2025-10-17 23:36:38</startdate>
<round>1</round>
<failsafecounter/>
<players><player seat="3" name="Ofiorbe74" chips="400" dealer="0" win="70" bet="65" muck="1" rebuy="0" addon="0" merge="0" rebuychips="0" reg_code="5066922699"/>
<player seat="6" name="KOPKHUNKRAP" chips="1,100" dealer="1" win="0" bet="35" muck="1" rebuy="0" addon="0" merge="0" rebuychips="0" reg_code="5066922701"/>
</players>
</general>
<round no="0"><action no="1" player="KOPKHUNKRAP" type="15" sum="5"/>
<action no="2" player="Ofiorbe74" type="15" discard="1" dealt="1" sum="5"/>
<action no="3" player="KOPKHUNKRAP" type="1" sum="30"/>
<action no="4" player="Ofiorbe74" type="2" discard="1" dealt="1" sum="60"/>
</round>
<round no="1"><cards type="Pocket" player="KOPKHUNKRAP">S3 C7</cards>
<cards type="Pocket" player="Ofiorbe74">X X</cards>
<action no="5" player="KOPKHUNKRAP" type="0" sum="0"/>
</round>
</game>
<game gamecode="6508077698"><general><startdate>2025-10-17 23:36:44</startdate>
<round>1</round>
<failsafecounter/>
<players><player seat="6" name="KOPKHUNKRAP" chips="1,065" dealer="0" win="0" bet="65" muck="1" rebuy="0" addon="0" merge="0" rebuychips="0" reg_code="5066922701"/>
<player seat="3" name="Ofiorbe74" chips="435" dealer="1" win="130" bet="435" muck="1" rebuy="0" addon="0" merge="0" rebuychips="0" reg_code="5066922699"/>
</players>
</general>
<round no="0"><action no="1" player="Ofiorbe74" type="15" discard="1" dealt="1" sum="5"/>
<action no="2" player="KOPKHUNKRAP" type="15" sum="5"/>
<action no="3" player="Ofiorbe74" type="1" discard="1" dealt="1" sum="30"/>
<action no="4" player="KOPKHUNKRAP" type="2" sum="60"/>
</round>
<round no="1"><cards type="Pocket" player="Ofiorbe74">X X</cards>
<cards type="Pocket" player="KOPKHUNKRAP">H3 H4</cards>
<action no="5" player="Ofiorbe74" type="23" discard="1" dealt="1" sum="430"/>
<action no="6" player="KOPKHUNKRAP" type="0" sum="0"/>
</round>
</game>
<game gamecode="6508077716"><general><startdate>2025-10-17 23:36:50</startdate>
<round>1</round>
<failsafecounter/>
<players><player seat="3" name="Ofiorbe74" chips="500" dealer="0" win="1,000" bet="500" muck="0" rebuy="0" addon="0" merge="0" rebuychips="0" reg_code="5066922699"/>
<player seat="6" name="KOPKHUNKRAP" chips="1,000" dealer="1" win="0" bet="1,000" muck="1" rebuy="0" addon="0" merge="0" rebuychips="0" reg_code="5066922701"/>
</players>
</general>
<round no="0"><action no="1" player="KOPKHUNKRAP" type="15" sum="5"/>
<action no="2" player="Ofiorbe74" type="15" discard="1" dealt="1" sum="5"/>
<action no="3" player="KOPKHUNKRAP" type="1" sum="30"/>
<action no="4" player="Ofiorbe74" type="2" discard="1" dealt="1" sum="60"/>
</round>
<round no="1"><cards type="Pocket" player="KOPKHUNKRAP">HQ D7</cards>
<cards type="Pocket" player="Ofiorbe74">DA D9</cards>
<action no="5" player="KOPKHUNKRAP" type="23" sum="995"/>
<action no="6" player="Ofiorbe74" type="7" discard="1" dealt="1" sum="435"/>
</round>
<round no="2"><cards type="Flop">D10 D4 S9</cards>
</round>
<round no="3"><cards type="Turn">H9</cards>
</round>
<round no="4"><cards type="River">S7</cards>
</round>
</game>
<game gamecode="6508077747"><general><startdate>2025-10-17 23:37:07</startdate>
<round>1</round>
<failsafecounter/>
<players><player seat="6" name="KOPKHUNKRAP" chips="500" dealer="0" win="0" bet="65" muck="1" rebuy="0" addon="0" merge="0" rebuychips="0" reg_code="5066922701"/>
<player seat="3" name="Ofiorbe74" chips="1,000" dealer="1" win="130" bet="125" muck="1" rebuy="0" addon="0" merge="0" rebuychips="0" reg_code="5066922699"/>
</players>
</general>
<round no="0"><action no="1" player="Ofiorbe74" type="15" discard="1" dealt="1" sum="5"/>
<action no="2" player="KOPKHUNKRAP" type="15" sum="5"/>
<action no="3" player="Ofiorbe74" type="1" discard="1" dealt="1" sum="30"/>
<action no="4" player="KOPKHUNKRAP" type="2" sum="60"/>
</round>
<round no="1"><cards type="Pocket" player="Ofiorbe74">X X</cards>
<cards type="Pocket" player="KOPKHUNKRAP">H9 S4</cards>
<action no="5" player="Ofiorbe74" type="3" discard="1" dealt="1" sum="30"/>
<action no="6" player="KOPKHUNKRAP" type="4" sum="0"/>
</round>
<round no="2"><cards type="Flop">C8 S5 CK</cards>
<action no="7" player="KOPKHUNKRAP" type="4" sum="0"/>
<action no="8" player="Ofiorbe74" type="4" discard="1" dealt="1" sum="0"/>
</round>
<round no="3"><cards type="Turn">C3</cards>
<action no="9" player="KOPKHUNKRAP" type="4" sum="0"/>
<action no="10" player="Ofiorbe74" type="5" discard="1" dealt="1" sum="60"/>
<action no="11" player="KOPKHUNKRAP" type="0" sum="0"/>
</round>
</game>
<game gamecode="6508077812"><general><startdate>2025-10-17 23:37:32</startdate>
<round>1</round>
<failsafecounter/>
<players><player seat="3" name="Ofiorbe74" chips="1,065" dealer="0" win="70" bet="65" muck="1" rebuy="0" addon="0" merge="0" rebuychips="0" reg_code="5066922699"/>
<player seat="6" name="KOPKHUNKRAP" chips="435" dealer="1" win="0" bet="35" muck="1" rebuy="0" addon="0" merge="0" rebuychips="0" reg_code="5066922701"/>
</players>
</general>
<round no="0"><action no="1" player="KOPKHUNKRAP" type="15" sum="5"/>
<action no="2" player="Ofiorbe74" type="15" discard="1" dealt="1" sum="5"/>
<action no="3" player="KOPKHUNKRAP" type="1" sum="30"/>
<action no="4" player="Ofiorbe74" type="2" discard="1" dealt="1" sum="60"/>
</round>
<round no="1"><cards type="Pocket" player="Ofiorbe74">X X</cards>
<cards type="Pocket" player="KOPKHUNKRAP">C6 S3</cards>
<action no="5" player="KOPKHUNKRAP" type="0" sum="0"/>
</round>
</game>
<game gamecode="6508077820"><general><startdate>2025-10-17 23:37:37</startdate>
<round>1</round>
<failsafecounter/>
<players><player seat="6" name="KOPKHUNKRAP" chips="400" dealer="0" win="0" bet="400" muck="1" rebuy="0" addon="0" merge="0" rebuychips="0" reg_code="5066922701"/>
<player seat="3" name="Ofiorbe74" chips="1,100" dealer="1" win="800" bet="1,100" muck="0" rebuy="0" addon="0" merge="0" rebuychips="0" reg_code="5066922699"/>
</players>
</general>
<round no="0"><action no="1" player="Ofiorbe74" type="15" discard="1" dealt="1" sum="5"/>
<action no="2" player="KOPKHUNKRAP" type="15" sum="5"/>
<action no="3" player="Ofiorbe74" type="1" discard="1" dealt="1" sum="30"/>
<action no="4" player="KOPKHUNKRAP" type="2" sum="60"/>
</round>
<round no="1"><cards type="Pocket" player="Ofiorbe74">D2 CQ</cards>
<cards type="Pocket" player="KOPKHUNKRAP">C7 HA</cards>
<action no="5" player="Ofiorbe74" type="23" discard="1" dealt="1" sum="1,095"/>
<action no="6" player="KOPKHUNKRAP" type="7" sum="335"/>
</round>
<round no="2"><cards type="Flop">H6 H5 SQ</cards>
</round>
<round no="3"><cards type="Turn">HK</cards>
</round>
<round no="4"><cards type="River">S8</cards>
</round>
</game>
</session>
