<?xml version="1.0" encoding="UTF-8"?>
<session sessioncode="5066279742">
<general>
<client_version>25.1.1.16</client_version>
<mode>real</mode>
<gametype>Holdem NL</gametype>
<tablename>Twister €200 SNG, 819737343</tablename>
<tournamentcode>819737341</tournamentcode>
<tournamentname>Twister €200 SNG</tournamentname>
<buyin>€0 + €12 + €188</buyin>
<totalbuyin>€200</totalbuyin>
<rewarddrawn>€600</rewarddrawn>
<tournamentcurrency>EUR</tournamentcurrency>
<currency>EUR</currency>
<nickname>KOPKHUNKRAP</nickname>
<gamecount>19</gamecount>
<startdate>2025-10-15 00:36:50</startdate>
<place>1</place>
<win>€600</win>
<tablesize>3</tablesize>
</general>
<game gamecode="6505460171"><general><startdate>2025-10-15 00:37:05</startdate>
<round>1</round>
<failsafecounter/>
<players><player seat="6" name="Koci01" chips="500" dealer="0" win="0" bet="20" muck="1" rebuy="0" addon="0" merge="0" rebuychips="0" reg_code="5066278675"/>
<player seat="10" name="KOPKHUNKRAP" chips="500" dealer="1" win="50" bet="40" muck="1" rebuy="0" addon="0" merge="0" rebuychips="0" reg_code="5066279742"/>
<player seat="3" name="SuBandiduu" chips="500" dealer="0" win="0" bet="10" muck="1" rebuy="0" addon="0" merge="0" rebuychips="0" reg_code="5066276782"/>
</players>
</general>
<round no="0"><action no="1" player="SuBandiduu" type="1" discard="1" dealt="1" sum="10"/>
<action no="2" player="Koci01" type="2" discard="1" dealt="1" sum="20"/>
</round>
<round no="1"><cards type="Pocket" player="KOPKHUNKRAP">C9 C7</cards>
<cards type="Pocket" player="Koci01">X X</cards>
<cards type="Pocket" player="SuBandiduu">X X</cards>
<action no="3" player="KOPKHUNKRAP" type="23" sum="40"/>
<action no="4" player="SuBandiduu" type="0" discard="1" dealt="1" sum="0"/>
<action no="5" player="Koci01" type="0" discard="1" dealt="1" sum="0"/>
</round>
</game>
<game gamecode="6505460197"><general><startdate>2025-10-15 00:37:16</startdate>
<round>1</round>
<failsafecounter/>
<players><player seat="10" name="KOPKHUNKRAP" chips="530" dealer="0" win="0" bet="160" muck="1" rebuy="0" addon="0" merge="0" rebuychips="0" reg_code="5066279742"/>
<player seat="3" name="SuBandiduu" chips="490" dealer="1" win="0" bet="0" muck="1" rebuy="0" addon="0" merge="0" rebuychips="0" reg_code="5066276782"/>
<player seat="6" name="Koci01" chips="480" dealer="0" win="320" bet="160" muck="0" rebuy="0" addon="0" merge="0" rebuychips="0" reg_code="5066278675"/>
</players>
</general>
<round no="0"><action no="1" player="Koci01" type="1" discard="1" dealt="1" sum="10"/>
<action no="2" player="KOPKHUNKRAP" type="2" sum="20"/>
</round>
<round no="1"><cards type="Pocket" player="KOPKHUNKRAP">C7 C3</cards>
<cards type="Pocket" player="Koci01">HA HQ</cards>
<cards type="Pocket" player="SuBandiduu">X X</cards>
<action no="3" player="SuBandiduu" type="0" discard="1" dealt="1" sum="0"/>
<action no="4" player="Koci01" type="23" discard="1" dealt="1" sum="40"/>
<action no="5" player="KOPKHUNKRAP" type="3" sum="20"/>
</round>
<round no="2"><cards type="Flop">CK C8 SA</cards>
<action no="6" player="Koci01" type="5" discard="1" dealt="1" sum="40"/>
<action no="7" player="KOPKHUNKRAP" type="3" sum="40"/>
</round>
<round no="3"><cards type="Turn">DJ</cards>
<action no="8" player="Koci01" type="5" discard="1" dealt="1" sum="80"/>
<action no="9" player="KOPKHUNKRAP" type="3" sum="80"/>
</round>
<round no="4"><cards type="River">D8</cards>
<action no="10" player="Koci01" type="4" discard="1" dealt="1" sum="0"/>
<action no="11" player="KOPKHUNKRAP" type="4" sum="0"/>
</round>
</game>
<game gamecode="6505460250"><general><startdate>2025-10-15 00:37:46</startdate>
<round>1</round>
<failsafecounter/>
<players><player seat="3" name="SuBandiduu" chips="490" dealer="0" win="170" bet="80" muck="0" rebuy="0" addon="0" merge="0" rebuychips="0" reg_code="5066276782"/>
<player seat="6" name="Koci01" chips="640" dealer="1" win="0" bet="80" muck="1" rebuy="0" addon="0" merge="0" rebuychips="0" reg_code="5066278675"/>
<player seat="10" name="KOPKHUNKRAP" chips="370" dealer="0" win="0" bet="10" muck="1" rebuy="0" addon="0" merge="0" rebuychips="0" reg_code="5066279742"/>
</players>
</general>
<round no="0"><action no="1" player="KOPKHUNKRAP" type="1" sum="10"/>
<action no="2" player="SuBandiduu" type="2" discard="1" dealt="1" sum="20"/>
</round>
<round no="1"><cards type="Pocket" player="SuBandiduu">D8 S9</cards>
<cards type="Pocket" player="Koci01">H3 H4</cards>
<cards type="Pocket" player="KOPKHUNKRAP">DQ H6</cards>
<action no="3" player="Koci01" type="23" discard="1" dealt="1" sum="40"/>
<action no="4" player="KOPKHUNKRAP" type="0" sum="0"/>
<action no="5" player="SuBandiduu" type="3" discard="1" dealt="1" sum="20"/>
</round>
<round no="2"><cards type="Flop">D9 D3 S6</cards>
<action no="6" player="SuBandiduu" type="4" discard="1" dealt="1" sum="0"/>
<action no="7" player="Koci01" type="5" discard="1" dealt="1" sum="40"/>
<action no="8" player="SuBandiduu" type="3" discard="1" dealt="1" sum="40"/>
</round>
<round no="3"><cards type="Turn">C8</cards>
<action no="9" player="SuBandiduu" type="4" discard="1" dealt="1" sum="0"/>
<action no="10" player="Koci01" type="4" discard="1" dealt="1" sum="0"/>
</round>
<round no="4"><cards type="River">C5</cards>
<action no="11" player="SuBandiduu" type="4" discard="1" dealt="1" sum="0"/>
<action no="12" player="Koci01" type="4" discard="1" dealt="1" sum="0"/>
</round>
</game>
<game gamecode="6505460312"><general><startdate>2025-10-15 00:38:14</startdate>
<round>1</round>
<failsafecounter/>
<players><player seat="6" name="Koci01" chips="560" dealer="0" win="90" bet="60" muck="1" rebuy="0" addon="0" merge="0" rebuychips="0" reg_code="5066278675"/>
<player seat="10" name="KOPKHUNKRAP" chips="360" dealer="1" win="0" bet="40" muck="1" rebuy="0" addon="0" merge="0" rebuychips="0" reg_code="5066279742"/>
<player seat="3" name="SuBandiduu" chips="580" dealer="0" win="0" bet="10" muck="1" rebuy="0" addon="0" merge="0" rebuychips="0" reg_code="5066276782"/>
</players>
</general>
<round no="0"><action no="1" player="SuBandiduu" type="1" discard="1" dealt="1" sum="10"/>
<action no="2" player="Koci01" type="2" discard="1" dealt="1" sum="20"/>
</round>
<round no="1"><cards type="Pocket" player="KOPKHUNKRAP">H10 H8</cards>
<cards type="Pocket" player="Koci01">X X</cards>
<cards type="Pocket" player="SuBandiduu">X X</cards>
<action no="3" player="KOPKHUNKRAP" type="23" sum="40"/>
<action no="4" player="SuBandiduu" type="0" discard="1" dealt="1" sum="0"/>
<action no="5" player="Koci01" type="3" discard="1" dealt="1" sum="20"/>
</round>
<round no="2"><cards type="Flop">HK HJ SQ</cards>
<action no="6" player="Koci01" type="4" discard="1" dealt="1" sum="0"/>
<action no="7" player="KOPKHUNKRAP" type="4" sum="0"/>
</round>
<round no="3"><cards type="Turn">H5</cards>
<action no="8" player="Koci01" type="5" discard="1" dealt="1" sum="20"/>
<action no="9" player="KOPKHUNKRAP" type="0" sum="0"/>
</round>
</game>
<game gamecode="6505460358"><general><startdate>2025-10-15 00:38:40</startdate>
<round>1</round>
<failsafecounter/>
<players><player seat="10" name="KOPKHUNKRAP" chips="320" dealer="0" win="20" bet="20" muck="1" rebuy="0" addon="0" merge="0" rebuychips="0" reg_code="5066279742"/>
<player seat="3" name="SuBandiduu" chips="570" dealer="1" win="0" bet="0" muck="1" rebuy="0" addon="0" merge="0" rebuychips="0" reg_code="5066276782"/>
<player seat="6" name="Koci01" chips="610" dealer="0" win="0" bet="10" muck="1" rebuy="0" addon="0" merge="0" rebuychips="0" reg_code="5066278675"/>
</players>
</general>
<round no="0"><action no="1" player="Koci01" type="1" discard="1" dealt="1" sum="10"/>
<action no="2" player="KOPKHUNKRAP" type="2" sum="20"/>
</round>
<round no="1"><cards type="Pocket" player="SuBandiduu">X X</cards>
<cards type="Pocket" player="Koci01">X X</cards>
<cards type="Pocket" player="KOPKHUNKRAP">C4 D5</cards>
<action no="3" player="SuBandiduu" type="0" discard="1" dealt="1" sum="0"/>
<action no="4" player="Koci01" type="0" discard="1" dealt="1" sum="0"/>
</round>
</game>
<game gamecode="6505460374"><general><startdate>2025-10-15 00:38:47</startdate>
<round>1</round>
<failsafecounter/>
<players><player seat="3" name="SuBandiduu" chips="570" dealer="0" win="45" bet="35" muck="1" rebuy="0" addon="0" merge="0" rebuychips="0" reg_code="5066276782"/>
<player seat="6" name="Koci01" chips="600" dealer="1" win="0" bet="5" muck="1" rebuy="0" addon="0" merge="0" rebuychips="0" reg_code="5066278675"/>
<player seat="10" name="KOPKHUNKRAP" chips="330" dealer="0" win="0" bet="20" muck="1" rebuy="0" addon="0" merge="0" rebuychips="0" reg_code="5066279742"/>
</players>
</general>
<round no="0"><action no="1" player="KOPKHUNKRAP" type="15" sum="5"/>
<action no="2" player="SuBandiduu" type="15" discard="1" dealt="1" sum="5"/>
<action no="3" player="Koci01" type="15" discard="1" dealt="1" sum="5"/>
<action no="4" player="KOPKHUNKRAP" type="1" sum="15"/>
<action no="5" player="SuBandiduu" type="2" discard="1" dealt="1" sum="30"/>
</round>
<round no="1"><cards type="Pocket" player="SuBandiduu">X X</cards>
<cards type="Pocket" player="Koci01">X X</cards>
<cards type="Pocket" player="KOPKHUNKRAP">D6 S8</cards>
<action no="6" player="Koci01" type="0" discard="1" dealt="1" sum="0"/>
<action no="7" player="KOPKHUNKRAP" type="0" sum="0"/>
</round>
</game>
<game gamecode="6505460393"><general><startdate>2025-10-15 00:38:57</startdate>
<round>1</round>
<failsafecounter/>
<players><player seat="6" name="Koci01" chips="595" dealer="0" win="0" bet="65" muck="1" rebuy="0" addon="0" merge="0" rebuychips="0" reg_code="5066278675"/>
<player seat="10" name="KOPKHUNKRAP" chips="310" dealer="1" win="0" bet="5" muck="1" rebuy="0" addon="0" merge="0" rebuychips="0" reg_code="5066279742"/>
<player seat="3" name="SuBandiduu" chips="595" dealer="0" win="135" bet="65" muck="0" rebuy="0" addon="0" merge="0" rebuychips="0" reg_code="5066276782"/>
</players>
</general>
<round no="0"><action no="1" player="SuBandiduu" type="15" discard="1" dealt="1" sum="5"/>
<action no="2" player="Koci01" type="15" discard="1" dealt="1" sum="5"/>
<action no="3" player="KOPKHUNKRAP" type="15" sum="5"/>
<action no="4" player="SuBandiduu" type="1" discard="1" dealt="1" sum="15"/>
<action no="5" player="Koci01" type="2" discard="1" dealt="1" sum="30"/>
</round>
<round no="1"><cards type="Pocket" player="KOPKHUNKRAP">D3 D7</cards>
<cards type="Pocket" player="SuBandiduu">S6 D6</cards>
<cards type="Pocket" player="Koci01">SJ D2</cards>
<action no="6" player="KOPKHUNKRAP" type="0" sum="0"/>
<action no="7" player="SuBandiduu" type="3" discard="1" dealt="1" sum="15"/>
<action no="8" player="Koci01" type="4" discard="1" dealt="1" sum="0"/>
</round>
<round no="2"><cards type="Flop">C6 HJ D9</cards>
<action no="9" player="SuBandiduu" type="4" discard="1" dealt="1" sum="0"/>
<action no="10" player="Koci01" type="5" discard="1" dealt="1" sum="30"/>
<action no="11" player="SuBandiduu" type="3" discard="1" dealt="1" sum="30"/>
</round>
<round no="3"><cards type="Turn">S9</cards>
<action no="12" player="SuBandiduu" type="4" discard="1" dealt="1" sum="0"/>
<action no="13" player="Koci01" type="4" discard="1" dealt="1" sum="0"/>
</round>
<round no="4"><cards type="River">S4</cards>
<action no="14" player="SuBandiduu" type="4" discard="1" dealt="1" sum="0"/>
<action no="15" player="Koci01" type="4" discard="1" dealt="1" sum="0"/>
</round>
</game>
<game gamecode="6505460438"><general><startdate>2025-10-15 00:39:22</startdate>
<round>1</round>
<failsafecounter/>
<players><player seat="10" name="KOPKHUNKRAP" chips="305" dealer="0" win="0" bet="35" muck="1" rebuy="0" addon="0" merge="0" rebuychips="0" reg_code="5066279742"/>
<player seat="3" name="SuBandiduu" chips="665" dealer="1" win="0" bet="5" muck="1" rebuy="0" addon="0" merge="0" rebuychips="0" reg_code="5066276782"/>
<player seat="6" name="Koci01" chips="530" dealer="0" win="75" bet="65" muck="1" rebuy="0" addon="0" merge="0" rebuychips="0" reg_code="5066278675"/>
</players>
</general>
<round no="0"><action no="1" player="Koci01" type="15" discard="1" dealt="1" sum="5"/>
<action no="2" player="KOPKHUNKRAP" type="15" sum="5"/>
<action no="3" player="SuBandiduu" type="15" discard="1" dealt="1" sum="5"/>
<action no="4" player="Koci01" type="1" discard="1" dealt="1" sum="15"/>
<action no="5" player="KOPKHUNKRAP" type="2" sum="30"/>
</round>
<round no="1"><cards type="Pocket" player="SuBandiduu">X X</cards>
<cards type="Pocket" player="Koci01">X X</cards>
<cards type="Pocket" player="KOPKHUNKRAP">H9 H2</cards>
<action no="6" player="SuBandiduu" type="0" discard="1" dealt="1" sum="0"/>
<action no="7" player="Koci01" type="23" discard="1" dealt="1" sum="60"/>
<action no="8" player="KOPKHUNKRAP" type="0" sum="0"/>
</round>
</game>
<game gamecode="6505460463"><general><startdate>2025-10-15 00:39:33</startdate>
<round>1</round>
<failsafecounter/>
<players><player seat="3" name="SuBandiduu" chips="660" dealer="0" win="0" bet="35" muck="1" rebuy="0" addon="0" merge="0" rebuychips="0" reg_code="5066276782"/>
<player seat="6" name="Koci01" chips="570" dealer="1" win="0" bet="5" muck="1" rebuy="0" addon="0" merge="0" rebuychips="0" reg_code="5066278675"/>
<player seat="10" name="KOPKHUNKRAP" chips="270" dealer="0" win="75" bet="270" muck="1" rebuy="0" addon="0" merge="0" rebuychips="0" reg_code="5066279742"/>
</players>
</general>
<round no="0"><action no="1" player="KOPKHUNKRAP" type="15" sum="5"/>
<action no="2" player="SuBandiduu" type="15" discard="1" dealt="1" sum="5"/>
<action no="3" player="Koci01" type="15" discard="1" dealt="1" sum="5"/>
<action no="4" player="KOPKHUNKRAP" type="1" sum="15"/>
<action no="5" player="SuBandiduu" type="2" discard="1" dealt="1" sum="30"/>
</round>
<round no="1"><cards type="Pocket" player="KOPKHUNKRAP">HJ SQ</cards>
<cards type="Pocket" player="Koci01">X X</cards>
<cards type="Pocket" player="SuBandiduu">X X</cards>
<action no="6" player="Koci01" type="0" discard="1" dealt="1" sum="0"/>
<action no="7" player="KOPKHUNKRAP" type="23" sum="265"/>
<action no="8" player="SuBandiduu" type="0" discard="1" dealt="1" sum="0"/>
</round>
</game>
<game gamecode="6505460477"><general><startdate>2025-10-15 00:39:42</startdate>
<round>1</round>
<failsafecounter/>
<players><player seat="6" name="Koci01" chips="565" dealer="0" win="0" bet="35" muck="1" rebuy="0" addon="0" merge="0" rebuychips="0" reg_code="5066278675"/>
<player seat="10" name="KOPKHUNKRAP" chips="310" dealer="1" win="0" bet="5" muck="1" rebuy="0" addon="0" merge="0" rebuychips="0" reg_code="5066279742"/>
<player seat="3" name="SuBandiduu" chips="625" dealer="0" win="75" bet="625" muck="1" rebuy="0" addon="0" merge="0" rebuychips="0" reg_code="5066276782"/>
</players>
</general>
<round no="0"><action no="1" player="SuBandiduu" type="15" discard="1" dealt="1" sum="5"/>
<action no="2" player="Koci01" type="15" discard="1" dealt="1" sum="5"/>
<action no="3" player="KOPKHUNKRAP" type="15" sum="5"/>
<action no="4" player="SuBandiduu" type="1" discard="1" dealt="1" sum="15"/>
<action no="5" player="Koci01" type="2" discard="1" dealt="1" sum="30"/>
</round>
<round no="1"><cards type="Pocket" player="SuBandiduu">X X</cards>
<cards type="Pocket" player="Koci01">X X</cards>
<cards type="Pocket" player="KOPKHUNKRAP">D8 D2</cards>
<action no="6" player="KOPKHUNKRAP" type="0" sum="0"/>
<action no="7" player="SuBandiduu" type="23" discard="1" dealt="1" sum="620"/>
<action no="8" player="Koci01" type="0" discard="1" dealt="1" sum="0"/>
</round>
</game>
<game gamecode="6505460489"><general><startdate>2025-10-15 00:39:50</startdate>
<round>1</round>
<failsafecounter/>
<players><player seat="10" name="KOPKHUNKRAP" chips="305" dealer="0" win="0" bet="35" muck="1" rebuy="0" addon="0" merge="0" rebuychips="0" reg_code="5066279742"/>
<player seat="3" name="SuBandiduu" chips="665" dealer="1" win="0" bet="5" muck="1" rebuy="0" addon="0" merge="0" rebuychips="0" reg_code="5066276782"/>
<player seat="6" name="Koci01" chips="530" dealer="0" win="75" bet="65" muck="1" rebuy="0" addon="0" merge="0" rebuychips="0" reg_code="5066278675"/>
</players>
</general>
<round no="0"><action no="1" player="Koci01" type="15" discard="1" dealt="1" sum="5"/>
<action no="2" player="KOPKHUNKRAP" type="15" sum="5"/>
<action no="3" player="SuBandiduu" type="15" discard="1" dealt="1" sum="5"/>
<action no="4" player="Koci01" type="1" discard="1" dealt="1" sum="15"/>
<action no="5" player="KOPKHUNKRAP" type="2" sum="30"/>
</round>
<round no="1"><cards type="Pocket" player="SuBandiduu">X X</cards>
<cards type="Pocket" player="KOPKHUNKRAP">D2 H9</cards>
<cards type="Pocket" player="Koci01">X X</cards>
<action no="6" player="SuBandiduu" type="0" discard="1" dealt="1" sum="0"/>
<action no="7" player="Koci01" type="23" discard="1" dealt="1" sum="60"/>
<action no="8" player="KOPKHUNKRAP" type="0" sum="0"/>
</round>
</game>
<game gamecode="6505460509"><general><startdate>2025-10-15 00:40:01</startdate>
<round>1</round>
<failsafecounter/>
<players><player seat="3" name="SuBandiduu" chips="660" dealer="0" win="0" bet="305" muck="1" rebuy="0" addon="0" merge="0" rebuychips="0" reg_code="5066276782"/>
<player seat="6" name="Koci01" chips="570" dealer="1" win="630" bet="305" muck="0" rebuy="0" addon="0" merge="0" rebuychips="0" reg_code="5066278675"/>
<player seat="10" name="KOPKHUNKRAP" chips="270" dealer="0" win="0" bet="20" muck="1" rebuy="0" addon="0" merge="0" rebuychips="0" reg_code="5066279742"/>
</players>
</general>
<round no="0"><action no="1" player="KOPKHUNKRAP" type="15" sum="5"/>
<action no="2" player="SuBandiduu" type="15" discard="1" dealt="1" sum="5"/>
<action no="3" player="Koci01" type="15" discard="1" dealt="1" sum="5"/>
<action no="4" player="KOPKHUNKRAP" type="1" sum="15"/>
<action no="5" player="SuBandiduu" type="2" discard="1" dealt="1" sum="30"/>
</round>
<round no="1"><cards type="Pocket" player="Koci01">C8 DA</cards>
<cards type="Pocket" player="SuBandiduu">SK H9</cards>
<cards type="Pocket" player="KOPKHUNKRAP">C2 CK</cards>
<action no="6" player="Koci01" type="23" discard="1" dealt="1" sum="60"/>
<action no="7" player="KOPKHUNKRAP" type="0" sum="0"/>
<action no="8" player="SuBandiduu" type="3" discard="1" dealt="1" sum="30"/>
</round>
<round no="2"><cards type="Flop">S3 DK SA</cards>
<action no="9" player="SuBandiduu" type="4" discard="1" dealt="1" sum="0"/>
<action no="10" player="Koci01" type="5" discard="1" dealt="1" sum="60"/>
<action no="11" player="SuBandiduu" type="3" discard="1" dealt="1" sum="60"/>
</round>
<round no="3"><cards type="Turn">CQ</cards>
<action no="12" player="SuBandiduu" type="4" discard="1" dealt="1" sum="0"/>
<action no="13" player="Koci01" type="5" discard="1" dealt="1" sum="90"/>
<action no="14" player="SuBandiduu" type="3" discard="1" dealt="1" sum="90"/>
</round>
<round no="4"><cards type="River">S10</cards>
<action no="15" player="SuBandiduu" type="4" discard="1" dealt="1" sum="0"/>
<action no="16" player="Koci01" type="5" discard="1" dealt="1" sum="90"/>
<action no="17" player="SuBandiduu" type="3" discard="1" dealt="1" sum="90"/>
</round>
</game>
<game gamecode="6505460573"><general><startdate>2025-10-15 00:40:34</startdate>
<round>1</round>
<failsafecounter/>
<players><player seat="6" name="Koci01" chips="895" dealer="0" win="55" bet="45" muck="1" rebuy="0" addon="0" merge="0" rebuychips="0" reg_code="5066278675"/>
<player seat="10" name="KOPKHUNKRAP" chips="250" dealer="1" win="0" bet="5" muck="1" rebuy="0" addon="0" merge="0" rebuychips="0" reg_code="5066279742"/>
<player seat="3" name="SuBandiduu" chips="355" dealer="0" win="0" bet="25" muck="1" rebuy="0" addon="0" merge="0" rebuychips="0" reg_code="5066276782"/>
</players>
</general>
<round no="0"><action no="1" player="SuBandiduu" type="15" discard="1" dealt="1" sum="5"/>
<action no="2" player="Koci01" type="15" discard="1" dealt="1" sum="5"/>
<action no="3" player="KOPKHUNKRAP" type="15" sum="5"/>
<action no="4" player="SuBandiduu" type="1" discard="1" dealt="1" sum="20"/>
<action no="5" player="Koci01" type="2" discard="1" dealt="1" sum="40"/>
</round>
<round no="1"><cards type="Pocket" player="SuBandiduu">X X</cards>
<cards type="Pocket" player="Koci01">X X</cards>
<cards type="Pocket" player="KOPKHUNKRAP">DJ D5</cards>
<action no="6" player="KOPKHUNKRAP" type="0" sum="0"/>
<action no="7" player="SuBandiduu" type="0" discard="1" dealt="1" sum="0"/>
</round>
</game>
<game gamecode="6505460590"><general><startdate>2025-10-15 00:40:40</startdate>
<round>1</round>
<failsafecounter/>
<players><player seat="10" name="KOPKHUNKRAP" chips="245" dealer="0" win="258" bet="245" muck="0" rebuy="0" addon="0" merge="0" rebuychips="0" reg_code="5066279742"/>
<player seat="3" name="SuBandiduu" chips="330" dealer="1" win="257" bet="330" muck="0" rebuy="0" addon="0" merge="0" rebuychips="0" reg_code="5066276782"/>
<player seat="6" name="Koci01" chips="925" dealer="0" win="0" bet="25" muck="1" rebuy="0" addon="0" merge="0" rebuychips="0" reg_code="5066278675"/>
</players>
</general>
<round no="0"><action no="1" player="Koci01" type="15" discard="1" dealt="1" sum="5"/>
<action no="2" player="KOPKHUNKRAP" type="15" sum="5"/>
<action no="3" player="SuBandiduu" type="15" discard="1" dealt="1" sum="5"/>
<action no="4" player="Koci01" type="1" discard="1" dealt="1" sum="20"/>
<action no="5" player="KOPKHUNKRAP" type="2" sum="40"/>
</round>
<round no="1"><cards type="Pocket" player="SuBandiduu">SA H9</cards>
<cards type="Pocket" player="KOPKHUNKRAP">D3 CA</cards>
<cards type="Pocket" player="Koci01">X X</cards>
<action no="6" player="SuBandiduu" type="23" discard="1" dealt="1" sum="325"/>
<action no="7" player="Koci01" type="0" discard="1" dealt="1" sum="0"/>
<action no="8" player="KOPKHUNKRAP" type="7" sum="200"/>
</round>
<round no="2"><cards type="Flop">DA C2 SJ</cards>
</round>
<round no="3"><cards type="Turn">CJ</cards>
</round>
<round no="4"><cards type="River">D10</cards>
</round>
</game>
<game gamecode="6505460632"><general><startdate>2025-10-15 00:40:59</startdate>
<round>1</round>
<failsafecounter/>
<players><player seat="3" name="SuBandiduu" chips="342" dealer="0" win="0" bet="45" muck="1" rebuy="0" addon="0" merge="0" rebuychips="0" reg_code="5066276782"/>
<player seat="6" name="Koci01" chips="900" dealer="1" win="0" bet="258" muck="1" rebuy="0" addon="0" merge="0" rebuychips="0" reg_code="5066278675"/>
<player seat="10" name="KOPKHUNKRAP" chips="258" dealer="0" win="561" bet="258" muck="0" rebuy="0" addon="0" merge="0" rebuychips="0" reg_code="5066279742"/>
</players>
</general>
<round no="0"><action no="1" player="KOPKHUNKRAP" type="15" sum="5"/>
<action no="2" player="SuBandiduu" type="15" discard="1" dealt="1" sum="5"/>
<action no="3" player="Koci01" type="15" discard="1" dealt="1" sum="5"/>
<action no="4" player="KOPKHUNKRAP" type="1" sum="20"/>
<action no="5" player="SuBandiduu" type="2" discard="1" dealt="1" sum="40"/>
</round>
<round no="1"><cards type="Pocket" player="SuBandiduu">X X</cards>
<cards type="Pocket" player="KOPKHUNKRAP">C9 H9</cards>
<cards type="Pocket" player="Koci01">CK HJ</cards>
<action no="6" player="Koci01" type="23" discard="1" dealt="1" sum="80"/>
<action no="7" player="KOPKHUNKRAP" type="23" sum="253"/>
<action no="8" player="SuBandiduu" type="0" discard="1" dealt="1" sum="0"/>
<action no="9" player="Koci01" type="3" discard="1" dealt="1" sum="173"/>
</round>
<round no="2"><cards type="Flop">H10 C8 C3</cards>
</round>
<round no="3"><cards type="Turn">C4</cards>
</round>
<round no="4"><cards type="River">SA</cards>
</round>
</game>
<game gamecode="6505460667"><general><startdate>2025-10-15 00:41:15</startdate>
<round>1</round>
<failsafecounter/>
<players><player seat="6" name="Koci01" chips="642" dealer="0" win="0" bet="45" muck="1" rebuy="0" addon="0" merge="0" rebuychips="0" reg_code="5066278675"/>
<player seat="10" name="KOPKHUNKRAP" chips="561" dealer="1" win="115" bet="85" muck="1" rebuy="0" addon="0" merge="0" rebuychips="0" reg_code="5066279742"/>
<player seat="3" name="SuBandiduu" chips="297" dealer="0" win="0" bet="25" muck="1" rebuy="0" addon="0" merge="0" rebuychips="0" reg_code="5066276782"/>
</players>
</general>
<round no="0"><action no="1" player="SuBandiduu" type="15" discard="1" dealt="1" sum="5"/>
<action no="2" player="Koci01" type="15" discard="1" dealt="1" sum="5"/>
<action no="3" player="KOPKHUNKRAP" type="15" sum="5"/>
<action no="4" player="SuBandiduu" type="1" discard="1" dealt="1" sum="20"/>
<action no="5" player="Koci01" type="2" discard="1" dealt="1" sum="40"/>
</round>
<round no="1"><cards type="Pocket" player="KOPKHUNKRAP">HK H8</cards>
<cards type="Pocket" player="SuBandiduu">X X</cards>
<cards type="Pocket" player="Koci01">X X</cards>
<action no="6" player="KOPKHUNKRAP" type="23" sum="80"/>
<action no="7" player="SuBandiduu" type="0" discard="1" dealt="1" sum="0"/>
<action no="8" player="Koci01" type="0" discard="1" dealt="1" sum="0"/>
</round>
</game>
<game gamecode="6505460685"><general><startdate>2025-10-15 00:41:25</startdate>
<round>1</round>
<failsafecounter/>
<players><player seat="10" name="KOPKHUNKRAP" chips="631" dealer="0" win="569" bet="272" muck="0" rebuy="0" addon="0" merge="0" rebuychips="0" reg_code="5066279742"/>
<player seat="3" name="SuBandiduu" chips="272" dealer="1" win="0" bet="272" muck="0" rebuy="0" addon="0" merge="0" rebuychips="0" reg_code="5066276782"/>
<player seat="6" name="Koci01" chips="597" dealer="0" win="0" bet="25" muck="1" rebuy="0" addon="0" merge="0" rebuychips="0" reg_code="5066278675"/>
</players>
</general>
<round no="0"><action no="1" player="Koci01" type="15" discard="1" dealt="1" sum="5"/>
<action no="2" player="KOPKHUNKRAP" type="15" sum="5"/>
<action no="3" player="SuBandiduu" type="15" discard="1" dealt="1" sum="5"/>
<action no="4" player="Koci01" type="1" discard="1" dealt="1" sum="20"/>
<action no="5" player="KOPKHUNKRAP" type="2" sum="40"/>
</round>
<round no="1"><cards type="Pocket" player="SuBandiduu">CK C7</cards>
<cards type="Pocket" player="KOPKHUNKRAP">C10 HA</cards>
<cards type="Pocket" player="Koci01">X X</cards>
<action no="6" player="SuBandiduu" type="23" discard="1" dealt="1" sum="267"/>
<action no="7" player="Koci01" type="0" discard="1" dealt="1" sum="0"/>
<action no="8" player="KOPKHUNKRAP" type="3" sum="227"/>
</round>
<round no="2"><cards type="Flop">D9 S4 D2</cards>
</round>
<round no="3"><cards type="Turn">S8</cards>
</round>
<round no="4"><cards type="River">HJ</cards>
</round>
</game>
<game gamecode="6505460717"><general><startdate>2025-10-15 00:41:41</startdate>
<round>1</round>
<failsafecounter/>
<players><player seat="10" name="KOPKHUNKRAP" chips="928" dealer="0" win="170" bet="928" muck="1" rebuy="0" addon="0" merge="0" rebuychips="0" reg_code="5066279742"/>
<player seat="6" name="Koci01" chips="572" dealer="1" win="0" bet="85" muck="1" rebuy="0" addon="0" merge="0" rebuychips="0" reg_code="5066278675"/>
</players>
</general>
<round no="0"><action no="1" player="Koci01" type="15" discard="1" dealt="1" sum="5"/>
<action no="2" player="KOPKHUNKRAP" type="15" sum="5"/>
<action no="3" player="Koci01" type="1" discard="1" dealt="1" sum="20"/>
<action no="4" player="KOPKHUNKRAP" type="2" sum="40"/>
</round>
<round no="1"><cards type="Pocket" player="KOPKHUNKRAP">SQ DA</cards>
<cards type="Pocket" player="Koci01">X X</cards>
<action no="5" player="Koci01" type="23" discard="1" dealt="1" sum="80"/>
<action no="6" player="KOPKHUNKRAP" type="23" sum="923"/>
<action no="7" player="Koci01" type="0" discard="1" dealt="1" sum="0"/>
</round>
</game>
<game gamecode="6505460733"><general><startdate>2025-10-15 00:41:49</startdate>
<round>1</round>
<failsafecounter/>
<players><player seat="6" name="Koci01" chips="487" dealer="0" win="0" bet="487" muck="0" rebuy="0" addon="0" merge="0" rebuychips="0" reg_code="5066278675"/>
<player seat="10" name="KOPKHUNKRAP" chips="1,013" dealer="1" win="974" bet="1,013" muck="0" rebuy="0" addon="0" merge="0" rebuychips="0" reg_code="5066279742"/>
</players>
</general>
<round no="0"><action no="1" player="KOPKHUNKRAP" type="15" sum="5"/>
<action no="2" player="Koci01" type="15" discard="1" dealt="1" sum="5"/>
<action no="3" player="KOPKHUNKRAP" type="1" sum="20"/>
<action no="4" player="Koci01" type="2" discard="1" dealt="1" sum="40"/>
</round>
<round no="1"><cards type="Pocket" player="Koci01">C7 HJ</cards>
<cards type="Pocket" player="KOPKHUNKRAP">C8 S10</cards>
<action no="5" player="KOPKHUNKRAP" type="3" sum="20"/>
<action no="6" player="Koci01" type="4" discard="1" dealt="1" sum="0"/>
</round>
<round no="2"><cards type="Flop">C9 C3 H7</cards>
<action no="7" player="Koci01" type="5" discard="1" dealt="1" sum="40"/>
<action no="8" player="KOPKHUNKRAP" type="3" sum="40"/>
</round>
<round no="3"><cards type="Turn">SK</cards>
<action no="9" player="Koci01" type="5" discard="1" dealt="1" sum="40"/>
<action no="10" player="KOPKHUNKRAP" type="3" sum="40"/>
</round>
<round no="4"><cards type="River">SJ</cards>
<action no="11" player="Koci01" type="5" discard="1" dealt="1" sum="160"/>
<action no="12" player="KOPKHUNKRAP" type="23" sum="888"/>
<action no="13" player="Koci01" type="7" discard="1" dealt="1" sum="202"/>
</round>
</game>
</session>
