<?xml version="1.0" encoding="UTF-8"?>
<session sessioncode="5066119852">
<general>
<client_version>25.1.1.16</client_version>
<mode>real</mode>
<gametype>Holdem NL</gametype>
<tablename>Twister €200 SNG, 819691783</tablename>
<tournamentcode>819679484</tournamentcode>
<tournamentname>Twister €200 SNG</tournamentname>
<buyin>€0 + €12 + €188</buyin>
<totalbuyin>€200</totalbuyin>
<rewarddrawn>€400</rewarddrawn>
<tournamentcurrency>EUR</tournamentcurrency>
<currency>EUR</currency>
<nickname>KOPKHUNKRAP</nickname>
<gamecount>9</gamecount>
<startdate>2025-10-14 12:25:23</startdate>
<place>2</place>
<win>€0</win>
<tablesize>3</tablesize>
</general>
<game gamecode="6504801435"><general><startdate>2025-10-14 12:25:39</startdate>
<round>1</round>
<failsafecounter/>
<players><player seat="10" name="KOPKHUNKRAP" chips="500" dealer="0" win="0" bet="20" muck="1" rebuy="0" addon="0" merge="0" rebuychips="0" reg_code="5066119852"/>
<player seat="3" name="Exivezzz2323" chips="500" dealer="1" win="0" bet="60" muck="1" rebuy="0" addon="0" merge="0" rebuychips="0" reg_code="5066118320"/>
<player seat="6" name="lusimeo" chips="500" dealer="0" win="140" bet="100" muck="1" rebuy="0" addon="0" merge="0" rebuychips="0" reg_code="5066119251"/>
</players>
</general>
<round no="0"><action no="1" player="lusimeo" type="1" discard="1" dealt="1" sum="10"/>
<action no="2" player="KOPKHUNKRAP" type="2" sum="20"/>
</round>
<round no="1"><cards type="Pocket" player="KOPKHUNKRAP">DK C3</cards>
<cards type="Pocket" player="lusimeo">X X</cards>
<cards type="Pocket" player="Exivezzz2323">X X</cards>
<action no="3" player="Exivezzz2323" type="23" discard="1" dealt="1" sum="40"/>
<action no="4" player="lusimeo" type="3" discard="1" dealt="1" sum="30"/>
<action no="5" player="KOPKHUNKRAP" type="0" sum="0"/>
</round>
<round no="2"><cards type="Flop">S3 H7 DA</cards>
<action no="6" player="lusimeo" type="4" discard="1" dealt="1" sum="0"/>
<action no="7" player="Exivezzz2323" type="5" discard="1" dealt="1" sum="20"/>
<action no="8" player="lusimeo" type="23" discard="1" dealt="1" sum="60"/>
<action no="9" player="Exivezzz2323" type="0" discard="1" dealt="1" sum="0"/>
</round>
</game>
<game gamecode="6504801482"><general><startdate>2025-10-14 12:26:05</startdate>
<round>1</round>
<failsafecounter/>
<players><player seat="3" name="Exivezzz2323" chips="440" dealer="0" win="20" bet="20" muck="1" rebuy="0" addon="0" merge="0" rebuychips="0" reg_code="5066118320"/>
<player seat="6" name="lusimeo" chips="580" dealer="1" win="0" bet="0" muck="1" rebuy="0" addon="0" merge="0" rebuychips="0" reg_code="5066119251"/>
<player seat="10" name="KOPKHUNKRAP" chips="480" dealer="0" win="0" bet="10" muck="1" rebuy="0" addon="0" merge="0" rebuychips="0" reg_code="5066119852"/>
</players>
</general>
<round no="0"><action no="1" player="KOPKHUNKRAP" type="1" sum="10"/>
<action no="2" player="Exivezzz2323" type="2" discard="1" dealt="1" sum="20"/>
</round>
<round no="1"><cards type="Pocket" player="KOPKHUNKRAP">H6 S8</cards>
<cards type="Pocket" player="Exivezzz2323">X X</cards>
<cards type="Pocket" player="lusimeo">X X</cards>
<action no="3" player="lusimeo" type="0" discard="1" dealt="1" sum="0"/>
<action no="4" player="KOPKHUNKRAP" type="0" sum="0"/>
</round>
</game>
<game gamecode="6504801517"><general><startdate>2025-10-14 12:26:23</startdate>
<round>1</round>
<failsafecounter/>
<players><player seat="6" name="lusimeo" chips="580" dealer="0" win="0" bet="20" muck="1" rebuy="0" addon="0" merge="0" rebuychips="0" reg_code="5066119251"/>
<player seat="10" name="KOPKHUNKRAP" chips="470" dealer="1" win="0" bet="40" muck="1" rebuy="0" addon="0" merge="0" rebuychips="0" reg_code="5066119852"/>
<player seat="3" name="Exivezzz2323" chips="450" dealer="0" win="100" bet="450" muck="1" rebuy="0" addon="0" merge="0" rebuychips="0" reg_code="5066118320"/>
</players>
</general>
<round no="0"><action no="1" player="Exivezzz2323" type="1" discard="1" dealt="1" sum="10"/>
<action no="2" player="lusimeo" type="2" discard="1" dealt="1" sum="20"/>
</round>
<round no="1"><cards type="Pocket" player="KOPKHUNKRAP">DA H8</cards>
<cards type="Pocket" player="Exivezzz2323">X X</cards>
<cards type="Pocket" player="lusimeo">X X</cards>
<action no="3" player="KOPKHUNKRAP" type="23" sum="40"/>
<action no="4" player="Exivezzz2323" type="23" discard="1" dealt="1" sum="450"/>
<action no="5" player="lusimeo" type="0" discard="1" dealt="1" sum="0"/>
<action no="6" player="KOPKHUNKRAP" type="0" sum="0"/>
</round>
</game>
<game gamecode="6504801556"><general><startdate>2025-10-14 12:26:48</startdate>
<round>1</round>
<failsafecounter/>
<players><player seat="10" name="KOPKHUNKRAP" chips="430" dealer="0" win="0" bet="20" muck="1" rebuy="0" addon="0" merge="0" rebuychips="0" reg_code="5066119852"/>
<player seat="3" name="Exivezzz2323" chips="510" dealer="1" win="50" bet="40" muck="1" rebuy="0" addon="0" merge="0" rebuychips="0" reg_code="5066118320"/>
<player seat="6" name="lusimeo" chips="560" dealer="0" win="0" bet="10" muck="1" rebuy="0" addon="0" merge="0" rebuychips="0" reg_code="5066119251"/>
</players>
</general>
<round no="0"><action no="1" player="lusimeo" type="1" discard="1" dealt="1" sum="10"/>
<action no="2" player="KOPKHUNKRAP" type="2" sum="20"/>
</round>
<round no="1"><cards type="Pocket" player="Exivezzz2323">X X</cards>
<cards type="Pocket" player="KOPKHUNKRAP">H9 C2</cards>
<cards type="Pocket" player="lusimeo">X X</cards>
<action no="3" player="Exivezzz2323" type="23" discard="1" dealt="1" sum="40"/>
<action no="4" player="lusimeo" type="0" discard="1" dealt="1" sum="0"/>
<action no="5" player="KOPKHUNKRAP" type="0" sum="0"/>
</round>
</game>
<game gamecode="6504801591"><general><startdate>2025-10-14 12:27:05</startdate>
<round>1</round>
<failsafecounter/>
<players><player seat="3" name="Exivezzz2323" chips="540" dealer="0" win="120" bet="96" muck="1" rebuy="0" addon="0" merge="0" rebuychips="0" reg_code="5066118320"/>
<player seat="6" name="lusimeo" chips="550" dealer="1" win="0" bet="0" muck="1" rebuy="0" addon="0" merge="0" rebuychips="0" reg_code="5066119251"/>
<player seat="10" name="KOPKHUNKRAP" chips="410" dealer="0" win="0" bet="60" muck="1" rebuy="0" addon="0" merge="0" rebuychips="0" reg_code="5066119852"/>
</players>
</general>
<round no="0"><action no="1" player="KOPKHUNKRAP" type="1" sum="10"/>
<action no="2" player="Exivezzz2323" type="2" discard="1" dealt="1" sum="20"/>
</round>
<round no="1"><cards type="Pocket" player="Exivezzz2323">X X</cards>
<cards type="Pocket" player="lusimeo">X X</cards>
<cards type="Pocket" player="KOPKHUNKRAP">S3 SA</cards>
<action no="3" player="lusimeo" type="0" discard="1" dealt="1" sum="0"/>
<action no="4" player="KOPKHUNKRAP" type="3" sum="10"/>
<action no="5" player="Exivezzz2323" type="23" discard="1" dealt="1" sum="60"/>
<action no="6" player="KOPKHUNKRAP" type="3" sum="40"/>
</round>
<round no="2"><cards type="Flop">C2 CQ H9</cards>
<action no="7" player="KOPKHUNKRAP" type="4" sum="0"/>
<action no="8" player="Exivezzz2323" type="5" discard="1" dealt="1" sum="36"/>
<action no="9" player="KOPKHUNKRAP" type="0" sum="0"/>
</round>
</game>
<game gamecode="6504801672"><general><startdate>2025-10-14 12:27:52</startdate>
<round>1</round>
<failsafecounter/>
<players><player seat="6" name="lusimeo" chips="550" dealer="0" win="0" bet="65" muck="1" rebuy="0" addon="0" merge="0" rebuychips="0" reg_code="5066119251"/>
<player seat="10" name="KOPKHUNKRAP" chips="350" dealer="1" win="315" bet="350" muck="1" rebuy="0" addon="0" merge="0" rebuychips="0" reg_code="5066119852"/>
<player seat="3" name="Exivezzz2323" chips="600" dealer="0" win="0" bet="125" muck="1" rebuy="0" addon="0" merge="0" rebuychips="0" reg_code="5066118320"/>
</players>
</general>
<round no="0"><action no="1" player="Exivezzz2323" type="15" discard="1" dealt="1" sum="5"/>
<action no="2" player="lusimeo" type="15" discard="1" dealt="1" sum="5"/>
<action no="3" player="KOPKHUNKRAP" type="15" sum="5"/>
<action no="4" player="Exivezzz2323" type="1" discard="1" dealt="1" sum="15"/>
<action no="5" player="lusimeo" type="2" discard="1" dealt="1" sum="30"/>
</round>
<round no="1"><cards type="Pocket" player="KOPKHUNKRAP">C8 D8</cards>
<cards type="Pocket" player="lusimeo">X X</cards>
<cards type="Pocket" player="Exivezzz2323">X X</cards>
<action no="6" player="KOPKHUNKRAP" type="23" sum="60"/>
<action no="7" player="Exivezzz2323" type="3" discard="1" dealt="1" sum="45"/>
<action no="8" player="lusimeo" type="3" discard="1" dealt="1" sum="30"/>
</round>
<round no="2"><cards type="Flop">D5 S4 H4</cards>
<action no="9" player="Exivezzz2323" type="4" discard="1" dealt="1" sum="0"/>
<action no="10" player="lusimeo" type="4" discard="1" dealt="1" sum="0"/>
<action no="11" player="KOPKHUNKRAP" type="5" sum="60"/>
<action no="12" player="Exivezzz2323" type="3" discard="1" dealt="1" sum="60"/>
<action no="13" player="lusimeo" type="0" discard="1" dealt="1" sum="0"/>
</round>
<round no="3"><cards type="Turn">SK</cards>
<action no="14" player="Exivezzz2323" type="4" discard="1" dealt="1" sum="0"/>
<action no="15" player="KOPKHUNKRAP" type="4" sum="0"/>
</round>
<round no="4"><cards type="River">S8</cards>
<action no="16" player="Exivezzz2323" type="4" discard="1" dealt="1" sum="0"/>
<action no="17" player="KOPKHUNKRAP" type="5" sum="225"/>
<action no="18" player="Exivezzz2323" type="0" discard="1" dealt="1" sum="0"/>
</round>
</game>
<game gamecode="6504801799"><general><startdate>2025-10-14 12:28:57</startdate>
<round>1</round>
<failsafecounter/>
<players><player seat="10" name="KOPKHUNKRAP" chips="540" dealer="0" win="0" bet="475" muck="1" rebuy="0" addon="0" merge="0" rebuychips="0" reg_code="5066119852"/>
<player seat="3" name="Exivezzz2323" chips="475" dealer="1" win="975" bet="475" muck="0" rebuy="0" addon="0" merge="0" rebuychips="0" reg_code="5066118320"/>
<player seat="6" name="lusimeo" chips="485" dealer="0" win="0" bet="25" muck="1" rebuy="0" addon="0" merge="0" rebuychips="0" reg_code="5066119251"/>
</players>
</general>
<round no="0"><action no="1" player="lusimeo" type="15" discard="1" dealt="1" sum="5"/>
<action no="2" player="KOPKHUNKRAP" type="15" sum="5"/>
<action no="3" player="Exivezzz2323" type="15" discard="1" dealt="1" sum="5"/>
<action no="4" player="lusimeo" type="1" discard="1" dealt="1" sum="20"/>
<action no="5" player="KOPKHUNKRAP" type="2" sum="40"/>
</round>
<round no="1"><cards type="Pocket" player="lusimeo">X X</cards>
<cards type="Pocket" player="KOPKHUNKRAP">CQ DA</cards>
<cards type="Pocket" player="Exivezzz2323">HA S9</cards>
<action no="6" player="Exivezzz2323" type="23" discard="1" dealt="1" sum="470"/>
<action no="7" player="lusimeo" type="0" discard="1" dealt="1" sum="0"/>
<action no="8" player="KOPKHUNKRAP" type="3" sum="430"/>
</round>
<round no="2"><cards type="Flop">S7 C9 S8</cards>
</round>
<round no="3"><cards type="Turn">S4</cards>
</round>
<round no="4"><cards type="River">D9</cards>
</round>
</game>
<game gamecode="6504801855"><general><startdate>2025-10-14 12:29:30</startdate>
<round>1</round>
<failsafecounter/>
<players><player seat="3" name="Exivezzz2323" chips="975" dealer="0" win="790" bet="460" muck="0" rebuy="0" addon="0" merge="0" rebuychips="0" reg_code="5066118320"/>
<player seat="6" name="lusimeo" chips="460" dealer="1" win="0" bet="460" muck="0" rebuy="0" addon="0" merge="0" rebuychips="0" reg_code="5066119251"/>
<player seat="10" name="KOPKHUNKRAP" chips="65" dealer="0" win="195" bet="65" muck="0" rebuy="0" addon="0" merge="0" rebuychips="0" reg_code="5066119852"/>
</players>
</general>
<round no="0"><action no="1" player="KOPKHUNKRAP" type="15" sum="5"/>
<action no="2" player="Exivezzz2323" type="15" discard="1" dealt="1" sum="5"/>
<action no="3" player="lusimeo" type="15" discard="1" dealt="1" sum="5"/>
<action no="4" player="KOPKHUNKRAP" type="1" sum="20"/>
<action no="5" player="Exivezzz2323" type="2" discard="1" dealt="1" sum="40"/>
</round>
<round no="1"><cards type="Pocket" player="lusimeo">D2 C2</cards>
<cards type="Pocket" player="KOPKHUNKRAP">CA SK</cards>
<cards type="Pocket" player="Exivezzz2323">C5 S5</cards>
<action no="6" player="lusimeo" type="23" discard="1" dealt="1" sum="455"/>
<action no="7" player="KOPKHUNKRAP" type="7" sum="40"/>
<action no="8" player="Exivezzz2323" type="3" discard="1" dealt="1" sum="415"/>
</round>
<round no="2"><cards type="Flop">SA H4 CK</cards>
</round>
<round no="3"><cards type="Turn">H3</cards>
</round>
<round no="4"><cards type="River">CQ</cards>
</round>
</game>
<game gamecode="6504801883"><general><startdate>2025-10-14 12:29:48</startdate>
<round>1</round>
<failsafecounter/>
<players><player seat="3" name="Exivezzz2323" chips="1,305" dealer="0" win="390" bet="195" muck="0" rebuy="0" addon="0" merge="0" rebuychips="0" reg_code="5066118320"/>
<player seat="10" name="KOPKHUNKRAP" chips="195" dealer="1" win="0" bet="195" muck="0" rebuy="0" addon="0" merge="0" rebuychips="0" reg_code="5066119852"/>
</players>
</general>
<round no="0"><action no="1" player="KOPKHUNKRAP" type="15" sum="5"/>
<action no="2" player="Exivezzz2323" type="15" discard="1" dealt="1" sum="5"/>
<action no="3" player="KOPKHUNKRAP" type="1" sum="20"/>
<action no="4" player="Exivezzz2323" type="2" discard="1" dealt="1" sum="40"/>
</round>
<round no="1"><cards type="Pocket" player="Exivezzz2323">C2 D2</cards>
<cards type="Pocket" player="KOPKHUNKRAP">CA S4</cards>
<action no="5" player="KOPKHUNKRAP" type="23" sum="190"/>
<action no="6" player="Exivezzz2323" type="3" discard="1" dealt="1" sum="150"/>
</round>
<round no="2"><cards type="Flop">H8 H2 S8</cards>
</round>
<round no="3"><cards type="Turn">HJ</cards>
</round>
<round no="4"><cards type="River">CJ</cards>
</round>
</game>
</session>
