<?xml version="1.0" encoding="UTF-8"?>
<session sessioncode="5066705512">
<general>
<client_version>25.1.1.16</client_version>
<mode>real</mode>
<gametype>Holdem NL</gametype>
<tablename>Twister €200 SNG, 819874216</tablename>
<tournamentcode>819874215</tournamentcode>
<tournamentname>Twister €200 SNG</tournamentname>
<buyin>€0 + €12 + €188</buyin>
<totalbuyin>€200</totalbuyin>
<rewarddrawn>€600</rewarddrawn>
<tournamentcurrency>EUR</tournamentcurrency>
<currency>EUR</currency>
<nickname>KOPKHUNKRAP</nickname>
<gamecount>6</gamecount>
<startdate>2025-10-16 23:36:49</startdate>
<place>1</place>
<win>€600</win>
<tablesize>3</tablesize>
</general>
<game gamecode="6507201371"><general><startdate>2025-10-16 23:37:04</startdate>
<round>1</round>
<failsafecounter/>
<players><player seat="6" name="OndaBianca1" chips="500" dealer="0" win="0" bet="500" muck="1" rebuy="0" addon="0" merge="0" rebuychips="0" reg_code="5066705238"/>
<player seat="10" name="KOPKHUNKRAP" chips="500" dealer="1" win="0" bet="0" muck="1" rebuy="0" addon="0" merge="0" rebuychips="0" reg_code="5066705512"/>
<player seat="3" name="SuBandiduu" chips="500" dealer="0" win="1,000" bet="500" muck="0" rebuy="0" addon="0" merge="0" rebuychips="0" reg_code="5066703950"/>
</players>
</general>
<round no="0"><action no="1" player="SuBandiduu" type="1" discard="1" dealt="1" sum="10"/>
<action no="2" player="OndaBianca1" type="2" discard="1" dealt="1" sum="20"/>
</round>
<round no="1"><cards type="Pocket" player="SuBandiduu">H6 D6</cards>
<cards type="Pocket" player="OndaBianca1">H5 D7</cards>
<cards type="Pocket" player="KOPKHUNKRAP">DK C10</cards>
<action no="3" player="KOPKHUNKRAP" type="0" sum="0"/>
<action no="4" player="SuBandiduu" type="3" discard="1" dealt="1" sum="10"/>
<action no="5" player="OndaBianca1" type="4" discard="1" dealt="1" sum="0"/>
</round>
<round no="2"><cards type="Flop">S6 D9 C8</cards>
<action no="6" player="SuBandiduu" type="5" discard="1" dealt="1" sum="20"/>
<action no="7" player="OndaBianca1" type="3" discard="1" dealt="1" sum="20"/>
</round>
<round no="3"><cards type="Turn">S9</cards>
<action no="8" player="SuBandiduu" type="5" discard="1" dealt="1" sum="56"/>
<action no="9" player="OndaBianca1" type="23" discard="1" dealt="1" sum="170"/>
<action no="10" player="SuBandiduu" type="23" discard="1" dealt="1" sum="460"/>
<action no="11" player="OndaBianca1" type="7" discard="1" dealt="1" sum="290"/>
</round>
<round no="4"><cards type="River">DJ</cards>
</round>
</game>
<game gamecode="6507201426"><general><startdate>2025-10-16 23:37:36</startdate>
<round>1</round>
<failsafecounter/>
<players><player seat="10" name="KOPKHUNKRAP" chips="500" dealer="0" win="480" bet="240" muck="0" rebuy="0" addon="0" merge="0" rebuychips="0" reg_code="5066705512"/>
<player seat="3" name="SuBandiduu" chips="1,000" dealer="1" win="0" bet="240" muck="1" rebuy="0" addon="0" merge="0" rebuychips="0" reg_code="5066703950"/>
</players>
</general>
<round no="0"><action no="1" player="SuBandiduu" type="1" discard="1" dealt="1" sum="10"/>
<action no="2" player="KOPKHUNKRAP" type="2" sum="20"/>
</round>
<round no="1"><cards type="Pocket" player="SuBandiduu">CK S4</cards>
<cards type="Pocket" player="KOPKHUNKRAP">CQ SQ</cards>
<action no="3" player="SuBandiduu" type="3" discard="1" dealt="1" sum="10"/>
<action no="4" player="KOPKHUNKRAP" type="23" sum="60"/>
<action no="5" player="SuBandiduu" type="3" discard="1" dealt="1" sum="40"/>
</round>
<round no="2"><cards type="Flop">DK C8 DQ</cards>
<action no="6" player="KOPKHUNKRAP" type="5" sum="60"/>
<action no="7" player="SuBandiduu" type="3" discard="1" dealt="1" sum="60"/>
</round>
<round no="3"><cards type="Turn">D10</cards>
<action no="8" player="KOPKHUNKRAP" type="5" sum="120"/>
<action no="9" player="SuBandiduu" type="3" discard="1" dealt="1" sum="120"/>
</round>
<round no="4"><cards type="River">HJ</cards>
<action no="10" player="KOPKHUNKRAP" type="4" sum="0"/>
<action no="11" player="SuBandiduu" type="4" discard="1" dealt="1" sum="0"/>
</round>
</game>
<game gamecode="6507201495"><general><startdate>2025-10-16 23:38:20</startdate>
<round>1</round>
<failsafecounter/>
<players><player seat="3" name="SuBandiduu" chips="760" dealer="0" win="0" bet="140" muck="0" rebuy="0" addon="0" merge="0" rebuychips="0" reg_code="5066703950"/>
<player seat="10" name="KOPKHUNKRAP" chips="740" dealer="1" win="280" bet="140" muck="0" rebuy="0" addon="0" merge="0" rebuychips="0" reg_code="5066705512"/>
</players>
</general>
<round no="0"><action no="1" player="KOPKHUNKRAP" type="1" sum="10"/>
<action no="2" player="SuBandiduu" type="2" discard="1" dealt="1" sum="20"/>
</round>
<round no="1"><cards type="Pocket" player="KOPKHUNKRAP">SJ S5</cards>
<cards type="Pocket" player="SuBandiduu">C3 DA</cards>
<action no="3" player="KOPKHUNKRAP" type="3" sum="10"/>
<action no="4" player="SuBandiduu" type="4" discard="1" dealt="1" sum="0"/>
</round>
<round no="2"><cards type="Flop">SA DJ D9</cards>
<action no="5" player="SuBandiduu" type="4" discard="1" dealt="1" sum="0"/>
<action no="6" player="KOPKHUNKRAP" type="5" sum="20"/>
<action no="7" player="SuBandiduu" type="23" discard="1" dealt="1" sum="50"/>
<action no="8" player="KOPKHUNKRAP" type="3" sum="30"/>
</round>
<round no="3"><cards type="Turn">SK</cards>
<action no="9" player="SuBandiduu" type="4" discard="1" dealt="1" sum="0"/>
<action no="10" player="KOPKHUNKRAP" type="4" sum="0"/>
</round>
<round no="4"><cards type="River">HJ</cards>
<action no="11" player="SuBandiduu" type="5" discard="1" dealt="1" sum="70"/>
<action no="12" player="KOPKHUNKRAP" type="3" sum="70"/>
</round>
</game>
<game gamecode="6507201597"><general><startdate>2025-10-16 23:39:18</startdate>
<round>1</round>
<failsafecounter/>
<players><player seat="10" name="KOPKHUNKRAP" chips="880" dealer="0" win="0" bet="35" muck="1" rebuy="0" addon="0" merge="0" rebuychips="0" reg_code="5066705512"/>
<player seat="3" name="SuBandiduu" chips="620" dealer="1" win="70" bet="70" muck="1" rebuy="0" addon="0" merge="0" rebuychips="0" reg_code="5066703950"/>
</players>
</general>
<round no="0"><action no="1" player="SuBandiduu" type="15" discard="1" dealt="1" sum="5"/>
<action no="2" player="KOPKHUNKRAP" type="15" sum="5"/>
<action no="3" player="SuBandiduu" type="1" discard="1" dealt="1" sum="15"/>
<action no="4" player="KOPKHUNKRAP" type="2" sum="30"/>
</round>
<round no="1"><cards type="Pocket" player="SuBandiduu">X X</cards>
<cards type="Pocket" player="KOPKHUNKRAP">D5 D8</cards>
<action no="5" player="SuBandiduu" type="3" discard="1" dealt="1" sum="15"/>
<action no="6" player="KOPKHUNKRAP" type="4" sum="0"/>
</round>
<round no="2"><cards type="Flop">HJ H9 SA</cards>
<action no="7" player="KOPKHUNKRAP" type="4" sum="0"/>
<action no="8" player="SuBandiduu" type="5" discard="1" dealt="1" sum="35"/>
<action no="9" player="KOPKHUNKRAP" type="0" sum="0"/>
</round>
</game>
<game gamecode="6507201618"><general><startdate>2025-10-16 23:39:32</startdate>
<round>1</round>
<failsafecounter/>
<players><player seat="3" name="SuBandiduu" chips="655" dealer="0" win="70" bet="95" muck="1" rebuy="0" addon="0" merge="0" rebuychips="0" reg_code="5066703950"/>
<player seat="10" name="KOPKHUNKRAP" chips="845" dealer="1" win="0" bet="35" muck="1" rebuy="0" addon="0" merge="0" rebuychips="0" reg_code="5066705512"/>
</players>
</general>
<round no="0"><action no="1" player="KOPKHUNKRAP" type="15" sum="5"/>
<action no="2" player="SuBandiduu" type="15" discard="1" dealt="1" sum="5"/>
<action no="3" player="KOPKHUNKRAP" type="1" sum="15"/>
<action no="4" player="SuBandiduu" type="2" discard="1" dealt="1" sum="30"/>
</round>
<round no="1"><cards type="Pocket" player="SuBandiduu">X X</cards>
<cards type="Pocket" player="KOPKHUNKRAP">H7 DJ</cards>
<action no="5" player="KOPKHUNKRAP" type="3" sum="15"/>
<action no="6" player="SuBandiduu" type="23" discard="1" dealt="1" sum="90"/>
<action no="7" player="KOPKHUNKRAP" type="0" sum="0"/>
</round>
</game>
<game gamecode="6507201634"><general><startdate>2025-10-16 23:39:41</startdate>
<round>1</round>
<failsafecounter/>
<players><player seat="10" name="KOPKHUNKRAP" chips="810" dealer="0" win="1,380" bet="810" muck="0" rebuy="0" addon="0" merge="0" rebuychips="0" reg_code="5066705512"/>
<player seat="3" name="SuBandiduu" chips="690" dealer="1" win="0" bet="690" muck="0" rebuy="0" addon="0" merge="0" rebuychips="0" reg_code="5066703950"/>
</players>
</general>
<round no="0"><action no="1" player="SuBandiduu" type="15" discard="1" dealt="1" sum="5"/>
<action no="2" player="KOPKHUNKRAP" type="15" sum="5"/>
<action no="3" player="SuBandiduu" type="1" discard="1" dealt="1" sum="15"/>
<action no="4" player="KOPKHUNKRAP" type="2" sum="30"/>
</round>
<round no="1"><cards type="Pocket" player="KOPKHUNKRAP">D3 HA</cards>
<cards type="Pocket" player="SuBandiduu">H4 C4</cards>
<action no="5" player="SuBandiduu" type="3" discard="1" dealt="1" sum="15"/>
<action no="6" player="KOPKHUNKRAP" type="23" sum="805"/>
<action no="7" player="SuBandiduu" type="7" discard="1" dealt="1" sum="655"/>
</round>
<round no="2"><cards type="Flop">SJ D8 S5</cards>
</round>
<round no="3"><cards type="Turn">S8</cards>
</round>
<round no="4"><cards type="River">DA</cards>
</round>
</game>
</session>
