<?xml version="1.0" encoding="UTF-8"?>
<session sessioncode="5066314085">
<general>
<client_version>24.7.1.15</client_version>
<mode>real</mode>
<gametype>Holdem NL</gametype>
<tablename>Twister €200 SNG, 819756899</tablename>
<tournamentcode>819742880</tournamentcode>
<tournamentname>Twister €200 SNG</tournamentname>
<buyin>€0 + €12 + €188</buyin>
<totalbuyin>€200</totalbuyin>
<rewarddrawn>€400</rewarddrawn>
<tournamentcurrency>EUR</tournamentcurrency>
<currency>EUR</currency>
<nickname>KOPKHUNKRAP</nickname>
<gamecount>10</gamecount>
<startdate>2025-10-15 09:31:01</startdate>
<place>3</place>
<win>€0</win>
<tablesize>3</tablesize>
</general>
<game gamecode="6505612247"><general><startdate>2025-10-15 09:31:16</startdate>
<round>1</round>
<failsafecounter/>
<players><player seat="10" name="milito2288" chips="500" dealer="0" win="80" bet="80" muck="1" rebuy="0" addon="0" merge="0" rebuychips="0" reg_code="5066314094"/>
<player seat="3" name="MadunnaLupa" chips="500" dealer="1" win="0" bet="0" muck="1" rebuy="0" addon="0" merge="0" rebuychips="0" reg_code="5066313549"/>
<player seat="6" name="KOPKHUNKRAP" chips="500" dealer="0" win="0" bet="40" muck="1" rebuy="0" addon="0" merge="0" rebuychips="0" reg_code="5066314085"/>
</players>
</general>
<round no="0"><action no="1" player="KOPKHUNKRAP" type="1" sum="10"/>
<action no="2" player="milito2288" type="2" discard="1" dealt="1" sum="20"/>
</round>
<round no="1"><cards type="Pocket" player="KOPKHUNKRAP">DA CK</cards>
<cards type="Pocket" player="milito2288">X X</cards>
<cards type="Pocket" player="MadunnaLupa">X X</cards>
<action no="3" player="MadunnaLupa" type="0" discard="1" dealt="1" sum="0"/>
<action no="4" player="KOPKHUNKRAP" type="23" sum="40"/>
<action no="5" player="milito2288" type="3" discard="1" dealt="1" sum="20"/>
</round>
<round no="2"><cards type="Flop">H9 DQ H6</cards>
<action no="6" player="KOPKHUNKRAP" type="4" sum="0"/>
<action no="7" player="milito2288" type="4" discard="1" dealt="1" sum="0"/>
</round>
<round no="3"><cards type="Turn">D5</cards>
<action no="8" player="KOPKHUNKRAP" type="4" sum="0"/>
<action no="9" player="milito2288" type="5" discard="1" dealt="1" sum="40"/>
<action no="10" player="KOPKHUNKRAP" type="0" sum="0"/>
</round>
</game>
<game gamecode="6505612262"><general><startdate>2025-10-15 09:31:34</startdate>
<round>1</round>
<failsafecounter/>
<players><player seat="3" name="MadunnaLupa" chips="500" dealer="0" win="0" bet="20" muck="1" rebuy="0" addon="0" merge="0" rebuychips="0" reg_code="5066313549"/>
<player seat="6" name="KOPKHUNKRAP" chips="460" dealer="1" win="50" bet="40" muck="1" rebuy="0" addon="0" merge="0" rebuychips="0" reg_code="5066314085"/>
<player seat="10" name="milito2288" chips="540" dealer="0" win="0" bet="10" muck="1" rebuy="0" addon="0" merge="0" rebuychips="0" reg_code="5066314094"/>
</players>
</general>
<round no="0"><action no="1" player="milito2288" type="1" discard="1" dealt="1" sum="10"/>
<action no="2" player="MadunnaLupa" type="2" discard="1" dealt="1" sum="20"/>
</round>
<round no="1"><cards type="Pocket" player="KOPKHUNKRAP">S7 D7</cards>
<cards type="Pocket" player="milito2288">X X</cards>
<cards type="Pocket" player="MadunnaLupa">X X</cards>
<action no="3" player="KOPKHUNKRAP" type="23" sum="40"/>
<action no="4" player="milito2288" type="0" discard="1" dealt="1" sum="0"/>
<action no="5" player="MadunnaLupa" type="0" discard="1" dealt="1" sum="0"/>
</round>
</game>
<game gamecode="6505612270"><general><startdate>2025-10-15 09:31:43</startdate>
<round>1</round>
<failsafecounter/>
<players><player seat="6" name="KOPKHUNKRAP" chips="490" dealer="0" win="90" bet="490" muck="1" rebuy="0" addon="0" merge="0" rebuychips="0" reg_code="5066314085"/>
<player seat="10" name="milito2288" chips="530" dealer="1" win="0" bet="40" muck="1" rebuy="0" addon="0" merge="0" rebuychips="0" reg_code="5066314094"/>
<player seat="3" name="MadunnaLupa" chips="480" dealer="0" win="0" bet="10" muck="1" rebuy="0" addon="0" merge="0" rebuychips="0" reg_code="5066313549"/>
</players>
</general>
<round no="0"><action no="1" player="MadunnaLupa" type="1" discard="1" dealt="1" sum="10"/>
<action no="2" player="KOPKHUNKRAP" type="2" sum="20"/>
</round>
<round no="1"><cards type="Pocket" player="KOPKHUNKRAP">SJ SA</cards>
<cards type="Pocket" player="milito2288">X X</cards>
<cards type="Pocket" player="MadunnaLupa">X X</cards>
<action no="3" player="milito2288" type="23" discard="1" dealt="1" sum="40"/>
<action no="4" player="MadunnaLupa" type="0" discard="1" dealt="1" sum="0"/>
<action no="5" player="KOPKHUNKRAP" type="23" sum="490"/>
<action no="6" player="milito2288" type="0" discard="1" dealt="1" sum="0"/>
</round>
</game>
<game gamecode="6505612277"><general><startdate>2025-10-15 09:31:56</startdate>
<round>1</round>
<failsafecounter/>
<players><player seat="10" name="milito2288" chips="490" dealer="0" win="20" bet="20" muck="1" rebuy="0" addon="0" merge="0" rebuychips="0" reg_code="5066314094"/>
<player seat="3" name="MadunnaLupa" chips="470" dealer="1" win="0" bet="0" muck="1" rebuy="0" addon="0" merge="0" rebuychips="0" reg_code="5066313549"/>
<player seat="6" name="KOPKHUNKRAP" chips="540" dealer="0" win="0" bet="10" muck="1" rebuy="0" addon="0" merge="0" rebuychips="0" reg_code="5066314085"/>
</players>
</general>
<round no="0"><action no="1" player="KOPKHUNKRAP" type="1" sum="10"/>
<action no="2" player="milito2288" type="2" discard="1" dealt="1" sum="20"/>
</round>
<round no="1"><cards type="Pocket" player="milito2288">X X</cards>
<cards type="Pocket" player="MadunnaLupa">X X</cards>
<cards type="Pocket" player="KOPKHUNKRAP">H4 D8</cards>
<action no="3" player="MadunnaLupa" type="0" discard="1" dealt="1" sum="0"/>
<action no="4" player="KOPKHUNKRAP" type="0" sum="0"/>
</round>
</game>
<game gamecode="6505612284"><general><startdate>2025-10-15 09:32:04</startdate>
<round>1</round>
<failsafecounter/>
<players><player seat="3" name="MadunnaLupa" chips="470" dealer="0" win="0" bet="20" muck="1" rebuy="0" addon="0" merge="0" rebuychips="0" reg_code="5066313549"/>
<player seat="6" name="KOPKHUNKRAP" chips="530" dealer="1" win="0" bet="40" muck="1" rebuy="0" addon="0" merge="0" rebuychips="0" reg_code="5066314085"/>
<player seat="10" name="milito2288" chips="500" dealer="0" win="100" bet="500" muck="1" rebuy="0" addon="0" merge="0" rebuychips="0" reg_code="5066314094"/>
</players>
</general>
<round no="0"><action no="1" player="milito2288" type="1" discard="1" dealt="1" sum="10"/>
<action no="2" player="MadunnaLupa" type="2" discard="1" dealt="1" sum="20"/>
</round>
<round no="1"><cards type="Pocket" player="MadunnaLupa">X X</cards>
<cards type="Pocket" player="KOPKHUNKRAP">CK D9</cards>
<cards type="Pocket" player="milito2288">X X</cards>
<action no="3" player="KOPKHUNKRAP" type="23" sum="40"/>
<action no="4" player="milito2288" type="23" discard="1" dealt="1" sum="500"/>
<action no="5" player="MadunnaLupa" type="0" discard="1" dealt="1" sum="0"/>
<action no="6" player="KOPKHUNKRAP" type="0" sum="0"/>
</round>
</game>
<game gamecode="6505612291"><general><startdate>2025-10-15 09:32:15</startdate>
<round>1</round>
<failsafecounter/>
<players><player seat="6" name="KOPKHUNKRAP" chips="490" dealer="0" win="0" bet="450" muck="1" rebuy="0" addon="0" merge="0" rebuychips="0" reg_code="5066314085"/>
<player seat="10" name="milito2288" chips="560" dealer="1" win="0" bet="0" muck="1" rebuy="0" addon="0" merge="0" rebuychips="0" reg_code="5066314094"/>
<player seat="3" name="MadunnaLupa" chips="450" dealer="0" win="900" bet="450" muck="0" rebuy="0" addon="0" merge="0" rebuychips="0" reg_code="5066313549"/>
</players>
</general>
<round no="0"><action no="1" player="MadunnaLupa" type="1" discard="1" dealt="1" sum="10"/>
<action no="2" player="KOPKHUNKRAP" type="2" sum="20"/>
</round>
<round no="1"><cards type="Pocket" player="KOPKHUNKRAP">CQ SA</cards>
<cards type="Pocket" player="milito2288">X X</cards>
<cards type="Pocket" player="MadunnaLupa">HK D6</cards>
<action no="3" player="milito2288" type="0" discard="1" dealt="1" sum="0"/>
<action no="4" player="MadunnaLupa" type="23" discard="1" dealt="1" sum="450"/>
<action no="5" player="KOPKHUNKRAP" type="3" sum="430"/>
</round>
<round no="2"><cards type="Flop">H10 S3 S2</cards>
</round>
<round no="3"><cards type="Turn">S5</cards>
</round>
<round no="4"><cards type="River">C4</cards>
</round>
</game>
<game gamecode="6505612307"><general><startdate>2025-10-15 09:32:32</startdate>
<round>1</round>
<failsafecounter/>
<players><player seat="10" name="milito2288" chips="560" dealer="0" win="0" bet="40" muck="1" rebuy="0" addon="0" merge="0" rebuychips="0" reg_code="5066314094"/>
<player seat="3" name="MadunnaLupa" chips="900" dealer="1" win="0" bet="0" muck="1" rebuy="0" addon="0" merge="0" rebuychips="0" reg_code="5066313549"/>
<player seat="6" name="KOPKHUNKRAP" chips="40" dealer="0" win="80" bet="40" muck="0" rebuy="0" addon="0" merge="0" rebuychips="0" reg_code="5066314085"/>
</players>
</general>
<round no="0"><action no="1" player="KOPKHUNKRAP" type="1" sum="10"/>
<action no="2" player="milito2288" type="2" discard="1" dealt="1" sum="20"/>
</round>
<round no="1"><cards type="Pocket" player="milito2288">H7 C7</cards>
<cards type="Pocket" player="MadunnaLupa">X X</cards>
<cards type="Pocket" player="KOPKHUNKRAP">DK C3</cards>
<action no="3" player="MadunnaLupa" type="0" discard="1" dealt="1" sum="0"/>
<action no="4" player="KOPKHUNKRAP" type="7" sum="30"/>
<action no="5" player="milito2288" type="3" discard="1" dealt="1" sum="20"/>
</round>
<round no="2"><cards type="Flop">SA D6 H3</cards>
</round>
<round no="3"><cards type="Turn">D3</cards>
</round>
<round no="4"><cards type="River">DJ</cards>
</round>
</game>
<game gamecode="6505612319"><general><startdate>2025-10-15 09:32:49</startdate>
<round>1</round>
<failsafecounter/>
<players><player seat="3" name="MadunnaLupa" chips="900" dealer="0" win="0" bet="80" muck="1" rebuy="0" addon="0" merge="0" rebuychips="0" reg_code="5066313549"/>
<player seat="6" name="KOPKHUNKRAP" chips="80" dealer="1" win="170" bet="80" muck="0" rebuy="0" addon="0" merge="0" rebuychips="0" reg_code="5066314085"/>
<player seat="10" name="milito2288" chips="520" dealer="0" win="0" bet="10" muck="1" rebuy="0" addon="0" merge="0" rebuychips="0" reg_code="5066314094"/>
</players>
</general>
<round no="0"><action no="1" player="milito2288" type="1" discard="1" dealt="1" sum="10"/>
<action no="2" player="MadunnaLupa" type="2" discard="1" dealt="1" sum="20"/>
</round>
<round no="1"><cards type="Pocket" player="milito2288">X X</cards>
<cards type="Pocket" player="KOPKHUNKRAP">C3 CK</cards>
<cards type="Pocket" player="MadunnaLupa">HQ DQ</cards>
<action no="3" player="KOPKHUNKRAP" type="23" sum="80"/>
<action no="4" player="milito2288" type="0" discard="1" dealt="1" sum="0"/>
<action no="5" player="MadunnaLupa" type="3" discard="1" dealt="1" sum="60"/>
</round>
<round no="2"><cards type="Flop">D8 C6 HK</cards>
</round>
<round no="3"><cards type="Turn">HA</cards>
</round>
<round no="4"><cards type="River">H3</cards>
</round>
</game>
<game gamecode="6505612343"><general><startdate>2025-10-15 09:33:11</startdate>
<round>1</round>
<failsafecounter/>
<players><player seat="6" name="KOPKHUNKRAP" chips="170" dealer="0" win="45" bet="35" muck="1" rebuy="0" addon="0" merge="0" rebuychips="0" reg_code="5066314085"/>
<player seat="10" name="milito2288" chips="510" dealer="1" win="0" bet="5" muck="1" rebuy="0" addon="0" merge="0" rebuychips="0" reg_code="5066314094"/>
<player seat="3" name="MadunnaLupa" chips="820" dealer="0" win="0" bet="20" muck="1" rebuy="0" addon="0" merge="0" rebuychips="0" reg_code="5066313549"/>
</players>
</general>
<round no="0"><action no="1" player="MadunnaLupa" type="15" discard="1" dealt="1" sum="5"/>
<action no="2" player="KOPKHUNKRAP" type="15" sum="5"/>
<action no="3" player="milito2288" type="15" discard="1" dealt="1" sum="5"/>
<action no="4" player="MadunnaLupa" type="1" discard="1" dealt="1" sum="15"/>
<action no="5" player="KOPKHUNKRAP" type="2" sum="30"/>
</round>
<round no="1"><cards type="Pocket" player="MadunnaLupa">X X</cards>
<cards type="Pocket" player="KOPKHUNKRAP">S8 S5</cards>
<cards type="Pocket" player="milito2288">X X</cards>
<action no="6" player="milito2288" type="0" discard="1" dealt="1" sum="0"/>
<action no="7" player="MadunnaLupa" type="0" discard="1" dealt="1" sum="0"/>
</round>
</game>
<game gamecode="6505612353"><general><startdate>2025-10-15 09:33:20</startdate>
<round>1</round>
<failsafecounter/>
<players><player seat="10" name="milito2288" chips="505" dealer="0" win="395" bet="195" muck="0" rebuy="0" addon="0" merge="0" rebuychips="0" reg_code="5066314094"/>
<player seat="3" name="MadunnaLupa" chips="800" dealer="1" win="0" bet="5" muck="1" rebuy="0" addon="0" merge="0" rebuychips="0" reg_code="5066313549"/>
<player seat="6" name="KOPKHUNKRAP" chips="195" dealer="0" win="0" bet="195" muck="0" rebuy="0" addon="0" merge="0" rebuychips="0" reg_code="5066314085"/>
</players>
</general>
<round no="0"><action no="1" player="KOPKHUNKRAP" type="15" sum="5"/>
<action no="2" player="milito2288" type="15" discard="1" dealt="1" sum="5"/>
<action no="3" player="MadunnaLupa" type="15" discard="1" dealt="1" sum="5"/>
<action no="4" player="KOPKHUNKRAP" type="1" sum="15"/>
<action no="5" player="milito2288" type="2" discard="1" dealt="1" sum="30"/>
</round>
<round no="1"><cards type="Pocket" player="milito2288">DJ DA</cards>
<cards type="Pocket" player="MadunnaLupa">X X</cards>
<cards type="Pocket" player="KOPKHUNKRAP">DQ S3</cards>
<action no="6" player="MadunnaLupa" type="0" discard="1" dealt="1" sum="0"/>
<action no="7" player="KOPKHUNKRAP" type="23" sum="190"/>
<action no="8" player="milito2288" type="3" discard="1" dealt="1" sum="160"/>
</round>
<round no="2"><cards type="Flop">DK S5 D7</cards>
</round>
<round no="3"><cards type="Turn">H10</cards>
</round>
<round no="4"><cards type="River">CK</cards>
</round>
</game>
</session>
