<?xml version="1.0" encoding="UTF-8"?>
<session sessioncode="5066133198">
<general>
<client_version>24.7.1.15</client_version>
<mode>real</mode>
<gametype>Holdem NL</gametype>
<tablename>Twister €200 SNG, 819691574</tablename>
<tournamentcode>819689924</tournamentcode>
<tournamentname>Twister €200 SNG</tournamentname>
<buyin>€0 + €12 + €188</buyin>
<totalbuyin>€200</totalbuyin>
<rewarddrawn>€800</rewarddrawn>
<tournamentcurrency>EUR</tournamentcurrency>
<currency>EUR</currency>
<nickname>KOPKHUNKRAP</nickname>
<gamecount>19</gamecount>
<startdate>2025-10-14 13:54:14</startdate>
<place>1</place>
<win>€800</win>
<tablesize>3</tablesize>
</general>
<game gamecode="6504853770"><general><startdate>2025-10-14 13:54:29</startdate>
<round>1</round>
<failsafecounter/>
<players><player seat="10" name="Koci01" chips="500" dealer="0" win="40" bet="500" muck="1" rebuy="0" addon="0" merge="0" rebuychips="0" reg_code="5066133254"/>
<player seat="3" name="Exivezzz2323" chips="500" dealer="1" win="0" bet="0" muck="1" rebuy="0" addon="0" merge="0" rebuychips="0" reg_code="5066132329"/>
<player seat="6" name="KOPKHUNKRAP" chips="500" dealer="0" win="0" bet="20" muck="1" rebuy="0" addon="0" merge="0" rebuychips="0" reg_code="5066133198"/>
</players>
</general>
<round no="0"><action no="1" player="KOPKHUNKRAP" type="1" sum="10"/>
<action no="2" player="Koci01" type="2" discard="1" dealt="1" sum="20"/>
</round>
<round no="1"><cards type="Pocket" player="Exivezzz2323">X X</cards>
<cards type="Pocket" player="Koci01">X X</cards>
<cards type="Pocket" player="KOPKHUNKRAP">C2 SA</cards>
<action no="3" player="Exivezzz2323" type="0" discard="1" dealt="1" sum="0"/>
<action no="4" player="KOPKHUNKRAP" type="3" sum="10"/>
<action no="5" player="Koci01" type="23" discard="1" dealt="1" sum="500"/>
<action no="6" player="KOPKHUNKRAP" type="0" sum="0"/>
</round>
</game>
<game gamecode="6504857820"><general><startdate>2025-10-14 13:54:43</startdate>
<round>1</round>
<failsafecounter/>
<players><player seat="3" name="Exivezzz2323" chips="500" dealer="0" win="20" bet="20" muck="1" rebuy="0" addon="0" merge="0" rebuychips="0" reg_code="5066132329"/>
<player seat="6" name="KOPKHUNKRAP" chips="480" dealer="1" win="0" bet="0" muck="1" rebuy="0" addon="0" merge="0" rebuychips="0" reg_code="5066133198"/>
<player seat="10" name="Koci01" chips="520" dealer="0" win="0" bet="10" muck="1" rebuy="0" addon="0" merge="0" rebuychips="0" reg_code="5066133254"/>
</players>
</general>
<round no="0"><action no="1" player="Koci01" type="1" discard="1" dealt="1" sum="10"/>
<action no="2" player="Exivezzz2323" type="2" discard="1" dealt="1" sum="20"/>
</round>
<round no="1"><cards type="Pocket" player="KOPKHUNKRAP">C3 D9</cards>
<cards type="Pocket" player="Koci01">X X</cards>
<cards type="Pocket" player="Exivezzz2323">X X</cards>
<action no="3" player="KOPKHUNKRAP" type="0" sum="0"/>
<action no="4" player="Koci01" type="0" discard="1" dealt="1" sum="0"/>
</round>
</game>
<game gamecode="6504857850"><general><startdate>2025-10-14 13:54:50</startdate>
<round>1</round>
<failsafecounter/>
<players><player seat="6" name="KOPKHUNKRAP" chips="480" dealer="0" win="0" bet="50" muck="1" rebuy="0" addon="0" merge="0" rebuychips="0" reg_code="5066133198"/>
<player seat="10" name="Koci01" chips="510" dealer="1" win="0" bet="0" muck="1" rebuy="0" addon="0" merge="0" rebuychips="0" reg_code="5066133254"/>
<player seat="3" name="Exivezzz2323" chips="510" dealer="0" win="100" bet="80" muck="1" rebuy="0" addon="0" merge="0" rebuychips="0" reg_code="5066132329"/>
</players>
</general>
<round no="0"><action no="1" player="Exivezzz2323" type="1" discard="1" dealt="1" sum="10"/>
<action no="2" player="KOPKHUNKRAP" type="2" sum="20"/>
</round>
<round no="1"><cards type="Pocket" player="KOPKHUNKRAP">C3 C6</cards>
<cards type="Pocket" player="Koci01">X X</cards>
<cards type="Pocket" player="Exivezzz2323">X X</cards>
<action no="3" player="Koci01" type="0" discard="1" dealt="1" sum="0"/>
<action no="4" player="Exivezzz2323" type="23" discard="1" dealt="1" sum="50"/>
<action no="5" player="KOPKHUNKRAP" type="3" sum="30"/>
</round>
<round no="2"><cards type="Flop">HQ H4 CK</cards>
<action no="6" player="Exivezzz2323" type="5" discard="1" dealt="1" sum="30"/>
<action no="7" player="KOPKHUNKRAP" type="0" sum="0"/>
</round>
</game>
<game gamecode="6504857946"><general><startdate>2025-10-14 13:55:15</startdate>
<round>1</round>
<failsafecounter/>
<players><player seat="10" name="Koci01" chips="510" dealer="0" win="0" bet="20" muck="1" rebuy="0" addon="0" merge="0" rebuychips="0" reg_code="5066133254"/>
<player seat="3" name="Exivezzz2323" chips="560" dealer="1" win="50" bet="40" muck="1" rebuy="0" addon="0" merge="0" rebuychips="0" reg_code="5066132329"/>
<player seat="6" name="KOPKHUNKRAP" chips="430" dealer="0" win="0" bet="10" muck="1" rebuy="0" addon="0" merge="0" rebuychips="0" reg_code="5066133198"/>
</players>
</general>
<round no="0"><action no="1" player="KOPKHUNKRAP" type="1" sum="10"/>
<action no="2" player="Koci01" type="2" discard="1" dealt="1" sum="20"/>
</round>
<round no="1"><cards type="Pocket" player="Koci01">X X</cards>
<cards type="Pocket" player="Exivezzz2323">X X</cards>
<cards type="Pocket" player="KOPKHUNKRAP">H10 C6</cards>
<action no="3" player="Exivezzz2323" type="23" discard="1" dealt="1" sum="40"/>
<action no="4" player="KOPKHUNKRAP" type="0" sum="0"/>
<action no="5" player="Koci01" type="0" discard="1" dealt="1" sum="0"/>
</round>
</game>
<game gamecode="6504857979"><general><startdate>2025-10-14 13:55:23</startdate>
<round>1</round>
<failsafecounter/>
<players><player seat="3" name="Exivezzz2323" chips="590" dealer="0" win="440" bet="220" muck="0" rebuy="0" addon="0" merge="0" rebuychips="0" reg_code="5066132329"/>
<player seat="6" name="KOPKHUNKRAP" chips="420" dealer="1" win="0" bet="0" muck="1" rebuy="0" addon="0" merge="0" rebuychips="0" reg_code="5066133198"/>
<player seat="10" name="Koci01" chips="490" dealer="0" win="0" bet="220" muck="0" rebuy="0" addon="0" merge="0" rebuychips="0" reg_code="5066133254"/>
</players>
</general>
<round no="0"><action no="1" player="Koci01" type="1" discard="1" dealt="1" sum="10"/>
<action no="2" player="Exivezzz2323" type="2" discard="1" dealt="1" sum="20"/>
</round>
<round no="1"><cards type="Pocket" player="Exivezzz2323">D2 CQ</cards>
<cards type="Pocket" player="KOPKHUNKRAP">H3 D9</cards>
<cards type="Pocket" player="Koci01">DQ S9</cards>
<action no="3" player="KOPKHUNKRAP" type="0" sum="0"/>
<action no="4" player="Koci01" type="23" discard="1" dealt="1" sum="40"/>
<action no="5" player="Exivezzz2323" type="3" discard="1" dealt="1" sum="20"/>
</round>
<round no="2"><cards type="Flop">C2 DJ DK</cards>
<action no="6" player="Koci01" type="5" discard="1" dealt="1" sum="40"/>
<action no="7" player="Exivezzz2323" type="3" discard="1" dealt="1" sum="40"/>
</round>
<round no="3"><cards type="Turn">SQ</cards>
<action no="8" player="Koci01" type="5" discard="1" dealt="1" sum="60"/>
<action no="9" player="Exivezzz2323" type="3" discard="1" dealt="1" sum="60"/>
</round>
<round no="4"><cards type="River">H5</cards>
<action no="10" player="Koci01" type="5" discard="1" dealt="1" sum="80"/>
<action no="11" player="Exivezzz2323" type="3" discard="1" dealt="1" sum="80"/>
</round>
</game>
<game gamecode="6504858095"><general><startdate>2025-10-14 13:55:50</startdate>
<round>1</round>
<failsafecounter/>
<players><player seat="6" name="KOPKHUNKRAP" chips="420" dealer="0" win="40" bet="60" muck="1" rebuy="0" addon="0" merge="0" rebuychips="0" reg_code="5066133198"/>
<player seat="10" name="Koci01" chips="270" dealer="1" win="0" bet="0" muck="1" rebuy="0" addon="0" merge="0" rebuychips="0" reg_code="5066133254"/>
<player seat="3" name="Exivezzz2323" chips="810" dealer="0" win="0" bet="20" muck="1" rebuy="0" addon="0" merge="0" rebuychips="0" reg_code="5066132329"/>
</players>
</general>
<round no="0"><action no="1" player="Exivezzz2323" type="1" discard="1" dealt="1" sum="10"/>
<action no="2" player="KOPKHUNKRAP" type="2" sum="20"/>
</round>
<round no="1"><cards type="Pocket" player="Exivezzz2323">X X</cards>
<cards type="Pocket" player="Koci01">X X</cards>
<cards type="Pocket" player="KOPKHUNKRAP">C10 HJ</cards>
<action no="3" player="Koci01" type="0" discard="1" dealt="1" sum="0"/>
<action no="4" player="Exivezzz2323" type="3" discard="1" dealt="1" sum="10"/>
<action no="5" player="KOPKHUNKRAP" type="23" sum="60"/>
<action no="6" player="Exivezzz2323" type="0" discard="1" dealt="1" sum="0"/>
</round>
</game>
<game gamecode="6504858145"><general><startdate>2025-10-14 13:56:03</startdate>
<round>1</round>
<failsafecounter/>
<players><player seat="10" name="Koci01" chips="270" dealer="0" win="20" bet="20" muck="1" rebuy="0" addon="0" merge="0" rebuychips="0" reg_code="5066133254"/>
<player seat="3" name="Exivezzz2323" chips="790" dealer="1" win="0" bet="0" muck="1" rebuy="0" addon="0" merge="0" rebuychips="0" reg_code="5066132329"/>
<player seat="6" name="KOPKHUNKRAP" chips="440" dealer="0" win="0" bet="10" muck="1" rebuy="0" addon="0" merge="0" rebuychips="0" reg_code="5066133198"/>
</players>
</general>
<round no="0"><action no="1" player="KOPKHUNKRAP" type="1" sum="10"/>
<action no="2" player="Koci01" type="2" discard="1" dealt="1" sum="20"/>
</round>
<round no="1"><cards type="Pocket" player="Exivezzz2323">X X</cards>
<cards type="Pocket" player="KOPKHUNKRAP">D5 C2</cards>
<cards type="Pocket" player="Koci01">X X</cards>
<action no="3" player="Exivezzz2323" type="0" discard="1" dealt="1" sum="0"/>
<action no="4" player="KOPKHUNKRAP" type="0" sum="0"/>
</round>
</game>
<game gamecode="6504858171"><general><startdate>2025-10-14 13:56:10</startdate>
<round>1</round>
<failsafecounter/>
<players><player seat="3" name="Exivezzz2323" chips="790" dealer="0" win="0" bet="20" muck="1" rebuy="0" addon="0" merge="0" rebuychips="0" reg_code="5066132329"/>
<player seat="6" name="KOPKHUNKRAP" chips="430" dealer="1" win="220" bet="430" muck="1" rebuy="0" addon="0" merge="0" rebuychips="0" reg_code="5066133198"/>
<player seat="10" name="Koci01" chips="280" dealer="0" win="0" bet="100" muck="1" rebuy="0" addon="0" merge="0" rebuychips="0" reg_code="5066133254"/>
</players>
</general>
<round no="0"><action no="1" player="Koci01" type="1" discard="1" dealt="1" sum="10"/>
<action no="2" player="Exivezzz2323" type="2" discard="1" dealt="1" sum="20"/>
</round>
<round no="1"><cards type="Pocket" player="Exivezzz2323">X X</cards>
<cards type="Pocket" player="Koci01">X X</cards>
<cards type="Pocket" player="KOPKHUNKRAP">DA D5</cards>
<action no="3" player="KOPKHUNKRAP" type="23" sum="40"/>
<action no="4" player="Koci01" type="3" discard="1" dealt="1" sum="30"/>
<action no="5" player="Exivezzz2323" type="0" discard="1" dealt="1" sum="0"/>
</round>
<round no="2"><cards type="Flop">S3 S4 H8</cards>
<action no="6" player="Koci01" type="4" discard="1" dealt="1" sum="0"/>
<action no="7" player="KOPKHUNKRAP" type="4" sum="0"/>
</round>
<round no="3"><cards type="Turn">H5</cards>
<action no="8" player="Koci01" type="5" discard="1" dealt="1" sum="60"/>
<action no="9" player="KOPKHUNKRAP" type="23" sum="390"/>
<action no="10" player="Koci01" type="0" discard="1" dealt="1" sum="0"/>
</round>
</game>
<game gamecode="6504858284"><general><startdate>2025-10-14 13:56:37</startdate>
<round>1</round>
<failsafecounter/>
<players><player seat="6" name="KOPKHUNKRAP" chips="550" dealer="0" win="0" bet="35" muck="1" rebuy="0" addon="0" merge="0" rebuychips="0" reg_code="5066133198"/>
<player seat="10" name="Koci01" chips="180" dealer="1" win="90" bet="180" muck="1" rebuy="0" addon="0" merge="0" rebuychips="0" reg_code="5066133254"/>
<player seat="3" name="Exivezzz2323" chips="770" dealer="0" win="0" bet="20" muck="1" rebuy="0" addon="0" merge="0" rebuychips="0" reg_code="5066132329"/>
</players>
</general>
<round no="0"><action no="1" player="Exivezzz2323" type="15" discard="1" dealt="1" sum="5"/>
<action no="2" player="KOPKHUNKRAP" type="15" sum="5"/>
<action no="3" player="Koci01" type="15" discard="1" dealt="1" sum="5"/>
<action no="4" player="Exivezzz2323" type="1" discard="1" dealt="1" sum="15"/>
<action no="5" player="KOPKHUNKRAP" type="2" sum="30"/>
</round>
<round no="1"><cards type="Pocket" player="KOPKHUNKRAP">H8 S9</cards>
<cards type="Pocket" player="Koci01">X X</cards>
<cards type="Pocket" player="Exivezzz2323">X X</cards>
<action no="6" player="Koci01" type="23" discard="1" dealt="1" sum="175"/>
<action no="7" player="Exivezzz2323" type="0" discard="1" dealt="1" sum="0"/>
<action no="8" player="KOPKHUNKRAP" type="0" sum="0"/>
</round>
</game>
<game gamecode="6504858318"><general><startdate>2025-10-14 13:56:46</startdate>
<round>1</round>
<failsafecounter/>
<players><player seat="10" name="Koci01" chips="235" dealer="0" win="45" bet="35" muck="1" rebuy="0" addon="0" merge="0" rebuychips="0" reg_code="5066133254"/>
<player seat="3" name="Exivezzz2323" chips="750" dealer="1" win="0" bet="5" muck="1" rebuy="0" addon="0" merge="0" rebuychips="0" reg_code="5066132329"/>
<player seat="6" name="KOPKHUNKRAP" chips="515" dealer="0" win="0" bet="20" muck="1" rebuy="0" addon="0" merge="0" rebuychips="0" reg_code="5066133198"/>
</players>
</general>
<round no="0"><action no="1" player="KOPKHUNKRAP" type="15" sum="5"/>
<action no="2" player="Koci01" type="15" discard="1" dealt="1" sum="5"/>
<action no="3" player="Exivezzz2323" type="15" discard="1" dealt="1" sum="5"/>
<action no="4" player="KOPKHUNKRAP" type="1" sum="15"/>
<action no="5" player="Koci01" type="2" discard="1" dealt="1" sum="30"/>
</round>
<round no="1"><cards type="Pocket" player="Exivezzz2323">X X</cards>
<cards type="Pocket" player="KOPKHUNKRAP">D9 S4</cards>
<cards type="Pocket" player="Koci01">X X</cards>
<action no="6" player="Exivezzz2323" type="0" discard="1" dealt="1" sum="0"/>
<action no="7" player="KOPKHUNKRAP" type="0" sum="0"/>
</round>
</game>
<game gamecode="6504858355"><general><startdate>2025-10-14 13:56:53</startdate>
<round>1</round>
<failsafecounter/>
<players><player seat="3" name="Exivezzz2323" chips="745" dealer="0" win="0" bet="260" muck="1" rebuy="0" addon="0" merge="0" rebuychips="0" reg_code="5066132329"/>
<player seat="6" name="KOPKHUNKRAP" chips="495" dealer="1" win="0" bet="5" muck="1" rebuy="0" addon="0" merge="0" rebuychips="0" reg_code="5066133198"/>
<player seat="10" name="Koci01" chips="260" dealer="0" win="525" bet="260" muck="0" rebuy="0" addon="0" merge="0" rebuychips="0" reg_code="5066133254"/>
</players>
</general>
<round no="0"><action no="1" player="Koci01" type="15" discard="1" dealt="1" sum="5"/>
<action no="2" player="Exivezzz2323" type="15" discard="1" dealt="1" sum="5"/>
<action no="3" player="KOPKHUNKRAP" type="15" sum="5"/>
<action no="4" player="Koci01" type="1" discard="1" dealt="1" sum="15"/>
<action no="5" player="Exivezzz2323" type="2" discard="1" dealt="1" sum="30"/>
</round>
<round no="1"><cards type="Pocket" player="KOPKHUNKRAP">H3 DQ</cards>
<cards type="Pocket" player="Koci01">SA H9</cards>
<cards type="Pocket" player="Exivezzz2323">SK H6</cards>
<action no="6" player="KOPKHUNKRAP" type="0" sum="0"/>
<action no="7" player="Koci01" type="23" discard="1" dealt="1" sum="255"/>
<action no="8" player="Exivezzz2323" type="3" discard="1" dealt="1" sum="225"/>
</round>
<round no="2"><cards type="Flop">DJ S8 C4</cards>
</round>
<round no="3"><cards type="Turn">D5</cards>
</round>
<round no="4"><cards type="River">S9</cards>
</round>
</game>
<game gamecode="6504858435"><general><startdate>2025-10-14 13:57:13</startdate>
<round>1</round>
<failsafecounter/>
<players><player seat="6" name="KOPKHUNKRAP" chips="490" dealer="0" win="0" bet="35" muck="1" rebuy="0" addon="0" merge="0" rebuychips="0" reg_code="5066133198"/>
<player seat="10" name="Koci01" chips="525" dealer="1" win="0" bet="65" muck="1" rebuy="0" addon="0" merge="0" rebuychips="0" reg_code="5066133254"/>
<player seat="3" name="Exivezzz2323" chips="485" dealer="0" win="165" bet="485" muck="1" rebuy="0" addon="0" merge="0" rebuychips="0" reg_code="5066132329"/>
</players>
</general>
<round no="0"><action no="1" player="Exivezzz2323" type="15" discard="1" dealt="1" sum="5"/>
<action no="2" player="KOPKHUNKRAP" type="15" sum="5"/>
<action no="3" player="Koci01" type="15" discard="1" dealt="1" sum="5"/>
<action no="4" player="Exivezzz2323" type="1" discard="1" dealt="1" sum="15"/>
<action no="5" player="KOPKHUNKRAP" type="2" sum="30"/>
</round>
<round no="1"><cards type="Pocket" player="Exivezzz2323">X X</cards>
<cards type="Pocket" player="Koci01">X X</cards>
<cards type="Pocket" player="KOPKHUNKRAP">H8 S3</cards>
<action no="6" player="Koci01" type="23" discard="1" dealt="1" sum="60"/>
<action no="7" player="Exivezzz2323" type="23" discard="1" dealt="1" sum="480"/>
<action no="8" player="KOPKHUNKRAP" type="0" sum="0"/>
<action no="9" player="Koci01" type="0" discard="1" dealt="1" sum="0"/>
</round>
</game>
<game gamecode="6504858476"><general><startdate>2025-10-14 13:57:23</startdate>
<round>1</round>
<failsafecounter/>
<players><player seat="10" name="Koci01" chips="460" dealer="0" win="0" bet="35" muck="1" rebuy="0" addon="0" merge="0" rebuychips="0" reg_code="5066133254"/>
<player seat="3" name="Exivezzz2323" chips="585" dealer="1" win="90" bet="585" muck="1" rebuy="0" addon="0" merge="0" rebuychips="0" reg_code="5066132329"/>
<player seat="6" name="KOPKHUNKRAP" chips="455" dealer="0" win="0" bet="20" muck="1" rebuy="0" addon="0" merge="0" rebuychips="0" reg_code="5066133198"/>
</players>
</general>
<round no="0"><action no="1" player="KOPKHUNKRAP" type="15" sum="5"/>
<action no="2" player="Koci01" type="15" discard="1" dealt="1" sum="5"/>
<action no="3" player="Exivezzz2323" type="15" discard="1" dealt="1" sum="5"/>
<action no="4" player="KOPKHUNKRAP" type="1" sum="15"/>
<action no="5" player="Koci01" type="2" discard="1" dealt="1" sum="30"/>
</round>
<round no="1"><cards type="Pocket" player="Exivezzz2323">X X</cards>
<cards type="Pocket" player="KOPKHUNKRAP">D6 CQ</cards>
<cards type="Pocket" player="Koci01">X X</cards>
<action no="6" player="Exivezzz2323" type="23" discard="1" dealt="1" sum="580"/>
<action no="7" player="KOPKHUNKRAP" type="0" sum="0"/>
<action no="8" player="Koci01" type="0" discard="1" dealt="1" sum="0"/>
</round>
</game>
<game gamecode="6504858522"><general><startdate>2025-10-14 13:57:34</startdate>
<round>1</round>
<failsafecounter/>
<players><player seat="3" name="Exivezzz2323" chips="640" dealer="0" win="0" bet="95" muck="1" rebuy="0" addon="0" merge="0" rebuychips="0" reg_code="5066132329"/>
<player seat="6" name="KOPKHUNKRAP" chips="435" dealer="1" win="0" bet="5" muck="1" rebuy="0" addon="0" merge="0" rebuychips="0" reg_code="5066133198"/>
<player seat="10" name="Koci01" chips="425" dealer="0" win="195" bet="215" muck="1" rebuy="0" addon="0" merge="0" rebuychips="0" reg_code="5066133254"/>
</players>
</general>
<round no="0"><action no="1" player="Koci01" type="15" discard="1" dealt="1" sum="5"/>
<action no="2" player="Exivezzz2323" type="15" discard="1" dealt="1" sum="5"/>
<action no="3" player="KOPKHUNKRAP" type="15" sum="5"/>
<action no="4" player="Koci01" type="1" discard="1" dealt="1" sum="15"/>
<action no="5" player="Exivezzz2323" type="2" discard="1" dealt="1" sum="30"/>
</round>
<round no="1"><cards type="Pocket" player="Exivezzz2323">X X</cards>
<cards type="Pocket" player="Koci01">X X</cards>
<cards type="Pocket" player="KOPKHUNKRAP">H2 S3</cards>
<action no="6" player="KOPKHUNKRAP" type="0" sum="0"/>
<action no="7" player="Koci01" type="3" discard="1" dealt="1" sum="15"/>
<action no="8" player="Exivezzz2323" type="23" discard="1" dealt="1" sum="90"/>
<action no="9" player="Koci01" type="23" discard="1" dealt="1" sum="210"/>
<action no="10" player="Exivezzz2323" type="0" discard="1" dealt="1" sum="0"/>
</round>
</game>
<game gamecode="6504858611"><general><startdate>2025-10-14 13:57:55</startdate>
<round>1</round>
<failsafecounter/>
<players><player seat="6" name="KOPKHUNKRAP" chips="430" dealer="0" win="75" bet="430" muck="1" rebuy="0" addon="0" merge="0" rebuychips="0" reg_code="5066133198"/>
<player seat="10" name="Koci01" chips="525" dealer="1" win="0" bet="5" muck="1" rebuy="0" addon="0" merge="0" rebuychips="0" reg_code="5066133254"/>
<player seat="3" name="Exivezzz2323" chips="545" dealer="0" win="0" bet="35" muck="1" rebuy="0" addon="0" merge="0" rebuychips="0" reg_code="5066132329"/>
</players>
</general>
<round no="0"><action no="1" player="Exivezzz2323" type="15" discard="1" dealt="1" sum="5"/>
<action no="2" player="KOPKHUNKRAP" type="15" sum="5"/>
<action no="3" player="Koci01" type="15" discard="1" dealt="1" sum="5"/>
<action no="4" player="Exivezzz2323" type="1" discard="1" dealt="1" sum="15"/>
<action no="5" player="KOPKHUNKRAP" type="2" sum="30"/>
</round>
<round no="1"><cards type="Pocket" player="Exivezzz2323">X X</cards>
<cards type="Pocket" player="KOPKHUNKRAP">S5 HA</cards>
<cards type="Pocket" player="Koci01">X X</cards>
<action no="6" player="Koci01" type="0" discard="1" dealt="1" sum="0"/>
<action no="7" player="Exivezzz2323" type="3" discard="1" dealt="1" sum="15"/>
<action no="8" player="KOPKHUNKRAP" type="23" sum="425"/>
<action no="9" player="Exivezzz2323" type="0" discard="1" dealt="1" sum="0"/>
</round>
</game>
<game gamecode="6504858652"><general><startdate>2025-10-14 13:58:07</startdate>
<round>1</round>
<failsafecounter/>
<players><player seat="10" name="Koci01" chips="520" dealer="0" win="0" bet="470" muck="1" rebuy="0" addon="0" merge="0" rebuychips="0" reg_code="5066133254"/>
<player seat="3" name="Exivezzz2323" chips="510" dealer="1" win="0" bet="5" muck="1" rebuy="0" addon="0" merge="0" rebuychips="0" reg_code="5066132329"/>
<player seat="6" name="KOPKHUNKRAP" chips="470" dealer="0" win="945" bet="470" muck="0" rebuy="0" addon="0" merge="0" rebuychips="0" reg_code="5066133198"/>
</players>
</general>
<round no="0"><action no="1" player="KOPKHUNKRAP" type="15" sum="5"/>
<action no="2" player="Koci01" type="15" discard="1" dealt="1" sum="5"/>
<action no="3" player="Exivezzz2323" type="15" discard="1" dealt="1" sum="5"/>
<action no="4" player="KOPKHUNKRAP" type="1" sum="15"/>
<action no="5" player="Koci01" type="2" discard="1" dealt="1" sum="30"/>
</round>
<round no="1"><cards type="Pocket" player="KOPKHUNKRAP">SJ DQ</cards>
<cards type="Pocket" player="Koci01">C6 S6</cards>
<cards type="Pocket" player="Exivezzz2323">X X</cards>
<action no="6" player="Exivezzz2323" type="0" discard="1" dealt="1" sum="0"/>
<action no="7" player="KOPKHUNKRAP" type="23" sum="465"/>
<action no="8" player="Koci01" type="3" discard="1" dealt="1" sum="435"/>
</round>
<round no="2"><cards type="Flop">S10 H4 S9</cards>
</round>
<round no="3"><cards type="Turn">HJ</cards>
</round>
<round no="4"><cards type="River">DK</cards>
</round>
</game>
<game gamecode="6504858716"><general><startdate>2025-10-14 13:58:25</startdate>
<round>1</round>
<failsafecounter/>
<players><player seat="3" name="Exivezzz2323" chips="505" dealer="0" win="0" bet="50" muck="1" rebuy="0" addon="0" merge="0" rebuychips="0" reg_code="5066132329"/>
<player seat="6" name="KOPKHUNKRAP" chips="945" dealer="1" win="0" bet="5" muck="1" rebuy="0" addon="0" merge="0" rebuychips="0" reg_code="5066133198"/>
<player seat="10" name="Koci01" chips="50" dealer="0" win="105" bet="50" muck="0" rebuy="0" addon="0" merge="0" rebuychips="0" reg_code="5066133254"/>
</players>
</general>
<round no="0"><action no="1" player="Koci01" type="15" discard="1" dealt="1" sum="5"/>
<action no="2" player="Exivezzz2323" type="15" discard="1" dealt="1" sum="5"/>
<action no="3" player="KOPKHUNKRAP" type="15" sum="5"/>
<action no="4" player="Koci01" type="1" discard="1" dealt="1" sum="15"/>
<action no="5" player="Exivezzz2323" type="2" discard="1" dealt="1" sum="30"/>
</round>
<round no="1"><cards type="Pocket" player="Exivezzz2323">H3 H8</cards>
<cards type="Pocket" player="KOPKHUNKRAP">S8 C9</cards>
<cards type="Pocket" player="Koci01">D7 D9</cards>
<action no="6" player="KOPKHUNKRAP" type="0" sum="0"/>
<action no="7" player="Koci01" type="7" discard="1" dealt="1" sum="30"/>
<action no="8" player="Exivezzz2323" type="3" discard="1" dealt="1" sum="15"/>
</round>
<round no="2"><cards type="Flop">CJ DQ D6</cards>
</round>
<round no="3"><cards type="Turn">DK</cards>
</round>
<round no="4"><cards type="River">D8</cards>
</round>
</game>
<game gamecode="6504858800"><general><startdate>2025-10-14 13:58:45</startdate>
<round>1</round>
<failsafecounter/>
<players><player seat="6" name="KOPKHUNKRAP" chips="940" dealer="0" win="0" bet="45" muck="1" rebuy="0" addon="0" merge="0" rebuychips="0" reg_code="5066133198"/>
<player seat="10" name="Koci01" chips="105" dealer="1" win="0" bet="105" muck="0" rebuy="0" addon="0" merge="0" rebuychips="0" reg_code="5066133254"/>
<player seat="3" name="Exivezzz2323" chips="455" dealer="0" win="255" bet="455" muck="0" rebuy="0" addon="0" merge="0" rebuychips="0" reg_code="5066132329"/>
</players>
</general>
<round no="0"><action no="1" player="Exivezzz2323" type="15" discard="1" dealt="1" sum="5"/>
<action no="2" player="KOPKHUNKRAP" type="15" sum="5"/>
<action no="3" player="Koci01" type="15" discard="1" dealt="1" sum="5"/>
<action no="4" player="Exivezzz2323" type="1" discard="1" dealt="1" sum="20"/>
<action no="5" player="KOPKHUNKRAP" type="2" sum="40"/>
</round>
<round no="1"><cards type="Pocket" player="KOPKHUNKRAP">SQ H2</cards>
<cards type="Pocket" player="Exivezzz2323">C5 D5</cards>
<cards type="Pocket" player="Koci01">CA S5</cards>
<action no="6" player="Koci01" type="23" discard="1" dealt="1" sum="100"/>
<action no="7" player="Exivezzz2323" type="23" discard="1" dealt="1" sum="450"/>
<action no="8" player="KOPKHUNKRAP" type="0" sum="0"/>
</round>
<round no="2"><cards type="Flop">H10 SJ H6</cards>
</round>
<round no="3"><cards type="Turn">H3</cards>
</round>
<round no="4"><cards type="River">D9</cards>
</round>
</game>
<game gamecode="6504858879"><general><startdate>2025-10-14 13:59:04</startdate>
<round>1</round>
<failsafecounter/>
<players><player seat="6" name="KOPKHUNKRAP" chips="895" dealer="0" win="1,210" bet="895" muck="0" rebuy="0" addon="0" merge="0" rebuychips="0" reg_code="5066133198"/>
<player seat="3" name="Exivezzz2323" chips="605" dealer="1" win="0" bet="605" muck="0" rebuy="0" addon="0" merge="0" rebuychips="0" reg_code="5066132329"/>
</players>
</general>
<round no="0"><action no="1" player="Exivezzz2323" type="15" discard="1" dealt="1" sum="5"/>
<action no="2" player="KOPKHUNKRAP" type="15" sum="5"/>
<action no="3" player="Exivezzz2323" type="1" discard="1" dealt="1" sum="20"/>
<action no="4" player="KOPKHUNKRAP" type="2" sum="40"/>
</round>
<round no="1"><cards type="Pocket" player="KOPKHUNKRAP">S6 SQ</cards>
<cards type="Pocket" player="Exivezzz2323">S4 CQ</cards>
<action no="5" player="Exivezzz2323" type="3" discard="1" dealt="1" sum="20"/>
<action no="6" player="KOPKHUNKRAP" type="4" sum="0"/>
</round>
<round no="2"><cards type="Flop">C3 HQ D4</cards>
<action no="7" player="KOPKHUNKRAP" type="4" sum="0"/>
<action no="8" player="Exivezzz2323" type="5" discard="1" dealt="1" sum="40"/>
<action no="9" player="KOPKHUNKRAP" type="3" sum="40"/>
</round>
<round no="3"><cards type="Turn">D6</cards>
<action no="10" player="KOPKHUNKRAP" type="4" sum="0"/>
<action no="11" player="Exivezzz2323" type="5" discard="1" dealt="1" sum="120"/>
<action no="12" player="KOPKHUNKRAP" type="23" sum="810"/>
<action no="13" player="Exivezzz2323" type="7" discard="1" dealt="1" sum="400"/>
</round>
<round no="4"><cards type="River">C10</cards>
</round>
</game>
</session>
