<?xml version="1.0" encoding="UTF-8"?>
<session sessioncode="5067129290">
<general>
<client_version>24.7.1.15</client_version>
<mode>real</mode>
<gametype>Holdem NL</gametype>
<tablename>Twister €200 SNG, 820011335</tablename>
<tournamentcode>820011334</tournamentcode>
<tournamentname>Twister €200 SNG</tournamentname>
<buyin>€0 + €12 + €188</buyin>
<totalbuyin>€200</totalbuyin>
<rewarddrawn>€400</rewarddrawn>
<tournamentcurrency>EUR</tournamentcurrency>
<currency>EUR</currency>
<nickname>KOPKHUNKRAP</nickname>
<gamecount>1</gamecount>
<startdate>2025-10-18 23:12:19</startdate>
<place>3</place>
<win>€0</win>
<tablesize>3</tablesize>
</general>
<game gamecode="6508939043"><general><startdate>2025-10-18 23:12:34</startdate>
<round>1</round>
<failsafecounter/>
<players><player seat="10" name="KOPKHUNKRAP" chips="500" dealer="0" win="0" bet="500" muck="0" rebuy="0" addon="0" merge="0" rebuychips="0" reg_code="5067129290"/>
<player seat="3" name="SuBandiduu" chips="500" dealer="1" win="0" bet="0" muck="1" rebuy="0" addon="0" merge="0" rebuychips="0" reg_code="5067127316"/>
<player seat="6" name="OndaBianca1" chips="500" dealer="0" win="1,000" bet="500" muck="0" rebuy="0" addon="0" merge="0" rebuychips="0" reg_code="5067129007"/>
</players>
</general>
<round no="0"><action no="1" player="OndaBianca1" type="1" discard="1" dealt="1" sum="10"/>
<action no="2" player="KOPKHUNKRAP" type="2" sum="20"/>
</round>
<round no="1"><cards type="Pocket" player="OndaBianca1">SK HK</cards>
<cards type="Pocket" player="SuBandiduu">X X</cards>
<cards type="Pocket" player="KOPKHUNKRAP">SQ HA</cards>
<action no="3" player="SuBandiduu" type="0" discard="1" dealt="1" sum="0"/>
<action no="4" player="OndaBianca1" type="23" discard="1" dealt="1" sum="60"/>
<action no="5" player="KOPKHUNKRAP" type="23" sum="500"/>
<action no="6" player="OndaBianca1" type="7" discard="1" dealt="1" sum="440"/>
</round>
<round no="2"><cards type="Flop">C9 D7 C4</cards>
</round>
<round no="3"><cards type="Turn">D6</cards>
</round>
<round no="4"><cards type="River">H4</cards>
</round>
</game>
</session>
