<?xml version="1.0" encoding="UTF-8"?>
<session sessioncode="5068009152">
<general>
<client_version>24.7.1.15</client_version>
<mode>real</mode>
<gametype>Holdem NL</gametype>
<tablename>Twister €200 SNG, 820284022</tablename>
<tournamentcode>820284021</tournamentcode>
<tournamentname>Twister €200 SNG</tournamentname>
<buyin>€0 + €12 + €188</buyin>
<totalbuyin>€200</totalbuyin>
<rewarddrawn>€400</rewarddrawn>
<tournamentcurrency>EUR</tournamentcurrency>
<currency>EUR</currency>
<nickname>KOPKHUNKRAP</nickname>
<gamecount>28</gamecount>
<startdate>2025-10-23 01:19:34</startdate>
<place>2</place>
<win>€0</win>
<tablesize>3</tablesize>
</general>
<game gamecode="6512554736"><general><startdate>2025-10-23 01:19:49</startdate>
<round>1</round>
<failsafecounter/>
<players><player seat="6" name="LordSnow95" chips="500" dealer="0" win="20" bet="20" muck="1" rebuy="0" addon="0" merge="0" rebuychips="0" reg_code="5068009143"/>
<player seat="10" name="KOPKHUNKRAP" chips="500" dealer="1" win="0" bet="0" muck="1" rebuy="0" addon="0" merge="0" rebuychips="0" reg_code="5068009152"/>
<player seat="3" name="OndaBianca1" chips="500" dealer="0" win="0" bet="10" muck="1" rebuy="0" addon="0" merge="0" rebuychips="0" reg_code="5068008643"/>
</players>
</general>
<round no="0"><action no="1" player="OndaBianca1" type="1" discard="1" dealt="1" sum="10"/>
<action no="2" player="LordSnow95" type="2" discard="1" dealt="1" sum="20"/>
</round>
<round no="1"><cards type="Pocket" player="OndaBianca1">X X</cards>
<cards type="Pocket" player="KOPKHUNKRAP">C7 S10</cards>
<cards type="Pocket" player="LordSnow95">X X</cards>
<action no="3" player="KOPKHUNKRAP" type="0" sum="0"/>
<action no="4" player="OndaBianca1" type="0" discard="1" dealt="1" sum="0"/>
</round>
</game>
<game gamecode="6512554749"><general><startdate>2025-10-23 01:19:59</startdate>
<round>1</round>
<failsafecounter/>
<players><player seat="10" name="KOPKHUNKRAP" chips="500" dealer="0" win="0" bet="20" muck="1" rebuy="0" addon="0" merge="0" rebuychips="0" reg_code="5068009152"/>
<player seat="3" name="OndaBianca1" chips="490" dealer="1" win="0" bet="0" muck="1" rebuy="0" addon="0" merge="0" rebuychips="0" reg_code="5068008643"/>
<player seat="6" name="LordSnow95" chips="510" dealer="0" win="40" bet="510" muck="1" rebuy="0" addon="0" merge="0" rebuychips="0" reg_code="5068009143"/>
</players>
</general>
<round no="0"><action no="1" player="LordSnow95" type="1" discard="1" dealt="1" sum="10"/>
<action no="2" player="KOPKHUNKRAP" type="2" sum="20"/>
</round>
<round no="1"><cards type="Pocket" player="OndaBianca1">X X</cards>
<cards type="Pocket" player="LordSnow95">X X</cards>
<cards type="Pocket" player="KOPKHUNKRAP">S3 D6</cards>
<action no="3" player="OndaBianca1" type="0" discard="1" dealt="1" sum="0"/>
<action no="4" player="LordSnow95" type="23" discard="1" dealt="1" sum="510"/>
<action no="5" player="KOPKHUNKRAP" type="0" sum="0"/>
</round>
</game>
<game gamecode="6512554761"><general><startdate>2025-10-23 01:20:12</startdate>
<round>1</round>
<failsafecounter/>
<players><player seat="3" name="OndaBianca1" chips="490" dealer="0" win="20" bet="20" muck="1" rebuy="0" addon="0" merge="0" rebuychips="0" reg_code="5068008643"/>
<player seat="6" name="LordSnow95" chips="530" dealer="1" win="0" bet="0" muck="1" rebuy="0" addon="0" merge="0" rebuychips="0" reg_code="5068009143"/>
<player seat="10" name="KOPKHUNKRAP" chips="480" dealer="0" win="0" bet="10" muck="1" rebuy="0" addon="0" merge="0" rebuychips="0" reg_code="5068009152"/>
</players>
</general>
<round no="0"><action no="1" player="KOPKHUNKRAP" type="1" sum="10"/>
<action no="2" player="OndaBianca1" type="2" discard="1" dealt="1" sum="20"/>
</round>
<round no="1"><cards type="Pocket" player="OndaBianca1">X X</cards>
<cards type="Pocket" player="LordSnow95">X X</cards>
<cards type="Pocket" player="KOPKHUNKRAP">D2 S9</cards>
<action no="3" player="LordSnow95" type="0" discard="1" dealt="1" sum="0"/>
<action no="4" player="KOPKHUNKRAP" type="0" sum="0"/>
</round>
</game>
<game gamecode="6512554769"><general><startdate>2025-10-23 01:20:19</startdate>
<round>1</round>
<failsafecounter/>
<players><player seat="6" name="LordSnow95" chips="530" dealer="0" win="40" bet="60" muck="1" rebuy="0" addon="0" merge="0" rebuychips="0" reg_code="5068009143"/>
<player seat="10" name="KOPKHUNKRAP" chips="470" dealer="1" win="0" bet="0" muck="1" rebuy="0" addon="0" merge="0" rebuychips="0" reg_code="5068009152"/>
<player seat="3" name="OndaBianca1" chips="500" dealer="0" win="0" bet="20" muck="1" rebuy="0" addon="0" merge="0" rebuychips="0" reg_code="5068008643"/>
</players>
</general>
<round no="0"><action no="1" player="OndaBianca1" type="1" discard="1" dealt="1" sum="10"/>
<action no="2" player="LordSnow95" type="2" discard="1" dealt="1" sum="20"/>
</round>
<round no="1"><cards type="Pocket" player="OndaBianca1">X X</cards>
<cards type="Pocket" player="LordSnow95">X X</cards>
<cards type="Pocket" player="KOPKHUNKRAP">S2 CQ</cards>
<action no="3" player="KOPKHUNKRAP" type="0" sum="0"/>
<action no="4" player="OndaBianca1" type="3" discard="1" dealt="1" sum="10"/>
<action no="5" player="LordSnow95" type="23" discard="1" dealt="1" sum="60"/>
<action no="6" player="OndaBianca1" type="0" discard="1" dealt="1" sum="0"/>
</round>
</game>
<game gamecode="6512554791"><general><startdate>2025-10-23 01:20:32</startdate>
<round>1</round>
<failsafecounter/>
<players><player seat="10" name="KOPKHUNKRAP" chips="470" dealer="0" win="0" bet="20" muck="1" rebuy="0" addon="0" merge="0" rebuychips="0" reg_code="5068009152"/>
<player seat="3" name="OndaBianca1" chips="480" dealer="1" win="0" bet="0" muck="1" rebuy="0" addon="0" merge="0" rebuychips="0" reg_code="5068008643"/>
<player seat="6" name="LordSnow95" chips="550" dealer="0" win="40" bet="40" muck="1" rebuy="0" addon="0" merge="0" rebuychips="0" reg_code="5068009143"/>
</players>
</general>
<round no="0"><action no="1" player="LordSnow95" type="1" discard="1" dealt="1" sum="10"/>
<action no="2" player="KOPKHUNKRAP" type="2" sum="20"/>
</round>
<round no="1"><cards type="Pocket" player="LordSnow95">X X</cards>
<cards type="Pocket" player="KOPKHUNKRAP">DJ S7</cards>
<cards type="Pocket" player="OndaBianca1">X X</cards>
<action no="3" player="OndaBianca1" type="0" discard="1" dealt="1" sum="0"/>
<action no="4" player="LordSnow95" type="23" discard="1" dealt="1" sum="40"/>
<action no="5" player="KOPKHUNKRAP" type="0" sum="0"/>
</round>
</game>
<game gamecode="6512554800"><general><startdate>2025-10-23 01:20:40</startdate>
<round>1</round>
<failsafecounter/>
<players><player seat="3" name="OndaBianca1" chips="480" dealer="0" win="0" bet="44" muck="1" rebuy="0" addon="0" merge="0" rebuychips="0" reg_code="5068008643"/>
<player seat="6" name="LordSnow95" chips="570" dealer="1" win="98" bet="93" muck="1" rebuy="0" addon="0" merge="0" rebuychips="0" reg_code="5068009143"/>
<player seat="10" name="KOPKHUNKRAP" chips="450" dealer="0" win="0" bet="10" muck="1" rebuy="0" addon="0" merge="0" rebuychips="0" reg_code="5068009152"/>
</players>
</general>
<round no="0"><action no="1" player="KOPKHUNKRAP" type="1" sum="10"/>
<action no="2" player="OndaBianca1" type="2" discard="1" dealt="1" sum="20"/>
</round>
<round no="1"><cards type="Pocket" player="LordSnow95">X X</cards>
<cards type="Pocket" player="OndaBianca1">X X</cards>
<cards type="Pocket" player="KOPKHUNKRAP">D5 C7</cards>
<action no="3" player="LordSnow95" type="23" discard="1" dealt="1" sum="44"/>
<action no="4" player="KOPKHUNKRAP" type="0" sum="0"/>
<action no="5" player="OndaBianca1" type="3" discard="1" dealt="1" sum="24"/>
</round>
<round no="2"><cards type="Flop">SJ C9 D4</cards>
<action no="6" player="OndaBianca1" type="4" discard="1" dealt="1" sum="0"/>
<action no="7" player="LordSnow95" type="5" discard="1" dealt="1" sum="49"/>
<action no="8" player="OndaBianca1" type="0" discard="1" dealt="1" sum="0"/>
</round>
</game>
<game gamecode="6512554816"><general><startdate>2025-10-23 01:20:56</startdate>
<round>1</round>
<failsafecounter/>
<players><player seat="6" name="LordSnow95" chips="624" dealer="0" win="450" bet="220" muck="0" rebuy="0" addon="0" merge="0" rebuychips="0" reg_code="5068009143"/>
<player seat="10" name="KOPKHUNKRAP" chips="440" dealer="1" win="0" bet="220" muck="1" rebuy="0" addon="0" merge="0" rebuychips="0" reg_code="5068009152"/>
<player seat="3" name="OndaBianca1" chips="436" dealer="0" win="0" bet="10" muck="1" rebuy="0" addon="0" merge="0" rebuychips="0" reg_code="5068008643"/>
</players>
</general>
<round no="0"><action no="1" player="OndaBianca1" type="1" discard="1" dealt="1" sum="10"/>
<action no="2" player="LordSnow95" type="2" discard="1" dealt="1" sum="20"/>
</round>
<round no="1"><cards type="Pocket" player="KOPKHUNKRAP">HK S9</cards>
<cards type="Pocket" player="OndaBianca1">X X</cards>
<cards type="Pocket" player="LordSnow95">H5 C5</cards>
<action no="3" player="KOPKHUNKRAP" type="23" sum="40"/>
<action no="4" player="OndaBianca1" type="0" discard="1" dealt="1" sum="0"/>
<action no="5" player="LordSnow95" type="3" discard="1" dealt="1" sum="20"/>
</round>
<round no="2"><cards type="Flop">CJ SK D8</cards>
<action no="6" player="LordSnow95" type="4" discard="1" dealt="1" sum="0"/>
<action no="7" player="KOPKHUNKRAP" type="5" sum="20"/>
<action no="8" player="LordSnow95" type="3" discard="1" dealt="1" sum="20"/>
</round>
<round no="3"><cards type="Turn">S3</cards>
<action no="9" player="LordSnow95" type="4" discard="1" dealt="1" sum="0"/>
<action no="10" player="KOPKHUNKRAP" type="5" sum="60"/>
<action no="11" player="LordSnow95" type="3" discard="1" dealt="1" sum="60"/>
</round>
<round no="4"><cards type="River">D5</cards>
<action no="12" player="LordSnow95" type="5" discard="1" dealt="1" sum="100"/>
<action no="13" player="KOPKHUNKRAP" type="3" sum="100"/>
</round>
</game>
<game gamecode="6512563034"><general><startdate>2025-10-23 01:21:25</startdate>
<round>1</round>
<failsafecounter/>
<players><player seat="10" name="KOPKHUNKRAP" chips="220" dealer="0" win="20" bet="20" muck="1" rebuy="0" addon="0" merge="0" rebuychips="0" reg_code="5068009152"/>
<player seat="3" name="OndaBianca1" chips="426" dealer="1" win="0" bet="0" muck="1" rebuy="0" addon="0" merge="0" rebuychips="0" reg_code="5068008643"/>
<player seat="6" name="LordSnow95" chips="854" dealer="0" win="0" bet="10" muck="1" rebuy="0" addon="0" merge="0" rebuychips="0" reg_code="5068009143"/>
</players>
</general>
<round no="0"><action no="1" player="LordSnow95" type="1" discard="1" dealt="1" sum="10"/>
<action no="2" player="KOPKHUNKRAP" type="2" sum="20"/>
</round>
<round no="1"><cards type="Pocket" player="KOPKHUNKRAP">H3 CQ</cards>
<cards type="Pocket" player="OndaBianca1">X X</cards>
<cards type="Pocket" player="LordSnow95">X X</cards>
<action no="3" player="OndaBianca1" type="0" discard="1" dealt="1" sum="0"/>
<action no="4" player="LordSnow95" type="0" discard="1" dealt="1" sum="0"/>
</round>
</game>
<game gamecode="6512563044"><general><startdate>2025-10-23 01:21:34</startdate>
<round>1</round>
<failsafecounter/>
<players><player seat="3" name="OndaBianca1" chips="426" dealer="0" win="232" bet="230" muck="0" rebuy="0" addon="0" merge="0" rebuychips="0" reg_code="5068008643"/>
<player seat="6" name="LordSnow95" chips="844" dealer="1" win="0" bet="5" muck="1" rebuy="0" addon="0" merge="0" rebuychips="0" reg_code="5068009143"/>
<player seat="10" name="KOPKHUNKRAP" chips="230" dealer="0" win="233" bet="230" muck="0" rebuy="0" addon="0" merge="0" rebuychips="0" reg_code="5068009152"/>
</players>
</general>
<round no="0"><action no="1" player="KOPKHUNKRAP" type="15" sum="5"/>
<action no="2" player="OndaBianca1" type="15" discard="1" dealt="1" sum="5"/>
<action no="3" player="LordSnow95" type="15" discard="1" dealt="1" sum="5"/>
<action no="4" player="KOPKHUNKRAP" type="1" sum="15"/>
<action no="5" player="OndaBianca1" type="2" discard="1" dealt="1" sum="30"/>
</round>
<round no="1"><cards type="Pocket" player="KOPKHUNKRAP">CQ CA</cards>
<cards type="Pocket" player="OndaBianca1">HA C9</cards>
<cards type="Pocket" player="LordSnow95">X X</cards>
<action no="6" player="LordSnow95" type="0" discard="1" dealt="1" sum="0"/>
<action no="7" player="KOPKHUNKRAP" type="23" sum="225"/>
<action no="8" player="OndaBianca1" type="3" discard="1" dealt="1" sum="195"/>
</round>
<round no="2"><cards type="Flop">D5 S5 D7</cards>
</round>
<round no="3"><cards type="Turn">H7</cards>
</round>
<round no="4"><cards type="River">D2</cards>
</round>
</game>
<game gamecode="6512563059"><general><startdate>2025-10-23 01:21:54</startdate>
<round>1</round>
<failsafecounter/>
<players><player seat="6" name="LordSnow95" chips="839" dealer="0" win="255" bet="125" muck="0" rebuy="0" addon="0" merge="0" rebuychips="0" reg_code="5068009143"/>
<player seat="10" name="KOPKHUNKRAP" chips="233" dealer="1" win="0" bet="5" muck="1" rebuy="0" addon="0" merge="0" rebuychips="0" reg_code="5068009152"/>
<player seat="3" name="OndaBianca1" chips="428" dealer="0" win="0" bet="125" muck="1" rebuy="0" addon="0" merge="0" rebuychips="0" reg_code="5068008643"/>
</players>
</general>
<round no="0"><action no="1" player="OndaBianca1" type="15" discard="1" dealt="1" sum="5"/>
<action no="2" player="LordSnow95" type="15" discard="1" dealt="1" sum="5"/>
<action no="3" player="KOPKHUNKRAP" type="15" sum="5"/>
<action no="4" player="OndaBianca1" type="1" discard="1" dealt="1" sum="15"/>
<action no="5" player="LordSnow95" type="2" discard="1" dealt="1" sum="30"/>
</round>
<round no="1"><cards type="Pocket" player="LordSnow95">D9 DQ</cards>
<cards type="Pocket" player="OndaBianca1">S10 S7</cards>
<cards type="Pocket" player="KOPKHUNKRAP">H3 H5</cards>
<action no="6" player="KOPKHUNKRAP" type="0" sum="0"/>
<action no="7" player="OndaBianca1" type="3" discard="1" dealt="1" sum="15"/>
<action no="8" player="LordSnow95" type="4" discard="1" dealt="1" sum="0"/>
</round>
<round no="2"><cards type="Flop">CK H7 HK</cards>
<action no="9" player="OndaBianca1" type="5" discard="1" dealt="1" sum="30"/>
<action no="10" player="LordSnow95" type="3" discard="1" dealt="1" sum="30"/>
</round>
<round no="3"><cards type="Turn">SQ</cards>
<action no="11" player="OndaBianca1" type="4" discard="1" dealt="1" sum="0"/>
<action no="12" player="LordSnow95" type="5" discard="1" dealt="1" sum="30"/>
<action no="13" player="OndaBianca1" type="3" discard="1" dealt="1" sum="30"/>
</round>
<round no="4"><cards type="River">H8</cards>
<action no="14" player="OndaBianca1" type="4" discard="1" dealt="1" sum="0"/>
<action no="15" player="LordSnow95" type="5" discard="1" dealt="1" sum="30"/>
<action no="16" player="OndaBianca1" type="3" discard="1" dealt="1" sum="30"/>
</round>
</game>
<game gamecode="6512563073"><general><startdate>2025-10-23 01:22:11</startdate>
<round>1</round>
<failsafecounter/>
<players><player seat="10" name="KOPKHUNKRAP" chips="228" dealer="0" win="45" bet="35" muck="1" rebuy="0" addon="0" merge="0" rebuychips="0" reg_code="5068009152"/>
<player seat="3" name="OndaBianca1" chips="303" dealer="1" win="0" bet="5" muck="1" rebuy="0" addon="0" merge="0" rebuychips="0" reg_code="5068008643"/>
<player seat="6" name="LordSnow95" chips="969" dealer="0" win="0" bet="20" muck="1" rebuy="0" addon="0" merge="0" rebuychips="0" reg_code="5068009143"/>
</players>
</general>
<round no="0"><action no="1" player="LordSnow95" type="15" discard="1" dealt="1" sum="5"/>
<action no="2" player="KOPKHUNKRAP" type="15" sum="5"/>
<action no="3" player="OndaBianca1" type="15" discard="1" dealt="1" sum="5"/>
<action no="4" player="LordSnow95" type="1" discard="1" dealt="1" sum="15"/>
<action no="5" player="KOPKHUNKRAP" type="2" sum="30"/>
</round>
<round no="1"><cards type="Pocket" player="LordSnow95">X X</cards>
<cards type="Pocket" player="OndaBianca1">X X</cards>
<cards type="Pocket" player="KOPKHUNKRAP">DK S8</cards>
<action no="6" player="OndaBianca1" type="0" discard="1" dealt="1" sum="0"/>
<action no="7" player="LordSnow95" type="0" discard="1" dealt="1" sum="0"/>
</round>
</game>
<game gamecode="6512563080"><general><startdate>2025-10-23 01:22:19</startdate>
<round>1</round>
<failsafecounter/>
<players><player seat="3" name="OndaBianca1" chips="298" dealer="0" win="616" bet="298" muck="0" rebuy="0" addon="0" merge="0" rebuychips="0" reg_code="5068008643"/>
<player seat="6" name="LordSnow95" chips="949" dealer="1" win="0" bet="298" muck="1" rebuy="0" addon="0" merge="0" rebuychips="0" reg_code="5068009143"/>
<player seat="10" name="KOPKHUNKRAP" chips="253" dealer="0" win="0" bet="20" muck="1" rebuy="0" addon="0" merge="0" rebuychips="0" reg_code="5068009152"/>
</players>
</general>
<round no="0"><action no="1" player="KOPKHUNKRAP" type="15" sum="5"/>
<action no="2" player="OndaBianca1" type="15" discard="1" dealt="1" sum="5"/>
<action no="3" player="LordSnow95" type="15" discard="1" dealt="1" sum="5"/>
<action no="4" player="KOPKHUNKRAP" type="1" sum="15"/>
<action no="5" player="OndaBianca1" type="2" discard="1" dealt="1" sum="30"/>
</round>
<round no="1"><cards type="Pocket" player="KOPKHUNKRAP">SJ S4</cards>
<cards type="Pocket" player="OndaBianca1">CA H3</cards>
<cards type="Pocket" player="LordSnow95">C3 CK</cards>
<action no="6" player="LordSnow95" type="23" discard="1" dealt="1" sum="60"/>
<action no="7" player="KOPKHUNKRAP" type="0" sum="0"/>
<action no="8" player="OndaBianca1" type="23" discard="1" dealt="1" sum="293"/>
<action no="9" player="LordSnow95" type="3" discard="1" dealt="1" sum="233"/>
</round>
<round no="2"><cards type="Flop">H7 S7 H6</cards>
</round>
<round no="3"><cards type="Turn">D9</cards>
</round>
<round no="4"><cards type="River">H9</cards>
</round>
</game>
<game gamecode="6512563102"><general><startdate>2025-10-23 01:22:41</startdate>
<round>1</round>
<failsafecounter/>
<players><player seat="6" name="LordSnow95" chips="651" dealer="0" win="0" bet="133" muck="1" rebuy="0" addon="0" merge="0" rebuychips="0" reg_code="5068009143"/>
<player seat="10" name="KOPKHUNKRAP" chips="233" dealer="1" win="0" bet="5" muck="1" rebuy="0" addon="0" merge="0" rebuychips="0" reg_code="5068009152"/>
<player seat="3" name="OndaBianca1" chips="616" dealer="0" win="271" bet="269" muck="1" rebuy="0" addon="0" merge="0" rebuychips="0" reg_code="5068008643"/>
</players>
</general>
<round no="0"><action no="1" player="OndaBianca1" type="15" discard="1" dealt="1" sum="5"/>
<action no="2" player="LordSnow95" type="15" discard="1" dealt="1" sum="5"/>
<action no="3" player="KOPKHUNKRAP" type="15" sum="5"/>
<action no="4" player="OndaBianca1" type="1" discard="1" dealt="1" sum="15"/>
<action no="5" player="LordSnow95" type="2" discard="1" dealt="1" sum="30"/>
</round>
<round no="1"><cards type="Pocket" player="OndaBianca1">X X</cards>
<cards type="Pocket" player="LordSnow95">X X</cards>
<cards type="Pocket" player="KOPKHUNKRAP">H9 H4</cards>
<action no="6" player="KOPKHUNKRAP" type="0" sum="0"/>
<action no="7" player="OndaBianca1" type="3" discard="1" dealt="1" sum="15"/>
<action no="8" player="LordSnow95" type="4" discard="1" dealt="1" sum="0"/>
</round>
<round no="2"><cards type="Flop">S3 S2 C8</cards>
<action no="9" player="OndaBianca1" type="5" discard="1" dealt="1" sum="30"/>
<action no="10" player="LordSnow95" type="3" discard="1" dealt="1" sum="30"/>
</round>
<round no="3"><cards type="Turn">D4</cards>
<action no="11" player="OndaBianca1" type="5" discard="1" dealt="1" sum="68"/>
<action no="12" player="LordSnow95" type="3" discard="1" dealt="1" sum="68"/>
</round>
<round no="4"><cards type="River">SQ</cards>
<action no="13" player="OndaBianca1" type="5" discard="1" dealt="1" sum="136"/>
<action no="14" player="LordSnow95" type="0" discard="1" dealt="1" sum="0"/>
</round>
</game>
<game gamecode="6512563124"><general><startdate>2025-10-23 01:23:04</startdate>
<round>1</round>
<failsafecounter/>
<players><player seat="10" name="KOPKHUNKRAP" chips="228" dealer="0" win="476" bet="228" muck="0" rebuy="0" addon="0" merge="0" rebuychips="0" reg_code="5068009152"/>
<player seat="3" name="OndaBianca1" chips="754" dealer="1" win="0" bet="228" muck="1" rebuy="0" addon="0" merge="0" rebuychips="0" reg_code="5068008643"/>
<player seat="6" name="LordSnow95" chips="518" dealer="0" win="0" bet="20" muck="1" rebuy="0" addon="0" merge="0" rebuychips="0" reg_code="5068009143"/>
</players>
</general>
<round no="0"><action no="1" player="LordSnow95" type="15" discard="1" dealt="1" sum="5"/>
<action no="2" player="KOPKHUNKRAP" type="15" sum="5"/>
<action no="3" player="OndaBianca1" type="15" discard="1" dealt="1" sum="5"/>
<action no="4" player="LordSnow95" type="1" discard="1" dealt="1" sum="15"/>
<action no="5" player="KOPKHUNKRAP" type="2" sum="30"/>
</round>
<round no="1"><cards type="Pocket" player="KOPKHUNKRAP">C6 HA</cards>
<cards type="Pocket" player="OndaBianca1">CQ DQ</cards>
<cards type="Pocket" player="LordSnow95">X X</cards>
<action no="6" player="OndaBianca1" type="23" discard="1" dealt="1" sum="60"/>
<action no="7" player="LordSnow95" type="0" discard="1" dealt="1" sum="0"/>
<action no="8" player="KOPKHUNKRAP" type="23" sum="223"/>
<action no="9" player="OndaBianca1" type="3" discard="1" dealt="1" sum="163"/>
</round>
<round no="2"><cards type="Flop">HK D10 CA</cards>
</round>
<round no="3"><cards type="Turn">CK</cards>
</round>
<round no="4"><cards type="River">C4</cards>
</round>
</game>
<game gamecode="6512563139"><general><startdate>2025-10-23 01:23:22</startdate>
<round>1</round>
<failsafecounter/>
<players><player seat="3" name="OndaBianca1" chips="526" dealer="0" win="0" bet="45" muck="1" rebuy="0" addon="0" merge="0" rebuychips="0" reg_code="5068008643"/>
<player seat="6" name="LordSnow95" chips="498" dealer="1" win="115" bet="498" muck="1" rebuy="0" addon="0" merge="0" rebuychips="0" reg_code="5068009143"/>
<player seat="10" name="KOPKHUNKRAP" chips="476" dealer="0" win="0" bet="25" muck="1" rebuy="0" addon="0" merge="0" rebuychips="0" reg_code="5068009152"/>
</players>
</general>
<round no="0"><action no="1" player="KOPKHUNKRAP" type="15" sum="5"/>
<action no="2" player="OndaBianca1" type="15" discard="1" dealt="1" sum="5"/>
<action no="3" player="LordSnow95" type="15" discard="1" dealt="1" sum="5"/>
<action no="4" player="KOPKHUNKRAP" type="1" sum="20"/>
<action no="5" player="OndaBianca1" type="2" discard="1" dealt="1" sum="40"/>
</round>
<round no="1"><cards type="Pocket" player="LordSnow95">X X</cards>
<cards type="Pocket" player="KOPKHUNKRAP">HQ C6</cards>
<cards type="Pocket" player="OndaBianca1">X X</cards>
<action no="6" player="LordSnow95" type="23" discard="1" dealt="1" sum="493"/>
<action no="7" player="KOPKHUNKRAP" type="0" sum="0"/>
<action no="8" player="OndaBianca1" type="0" discard="1" dealt="1" sum="0"/>
</round>
</game>
<game gamecode="6512563148"><general><startdate>2025-10-23 01:23:31</startdate>
<round>1</round>
<failsafecounter/>
<players><player seat="6" name="LordSnow95" chips="568" dealer="0" win="0" bet="45" muck="1" rebuy="0" addon="0" merge="0" rebuychips="0" reg_code="5068009143"/>
<player seat="10" name="KOPKHUNKRAP" chips="451" dealer="1" win="947" bet="451" muck="0" rebuy="0" addon="0" merge="0" rebuychips="0" reg_code="5068009152"/>
<player seat="3" name="OndaBianca1" chips="481" dealer="0" win="0" bet="481" muck="1" rebuy="0" addon="0" merge="0" rebuychips="0" reg_code="5068008643"/>
</players>
</general>
<round no="0"><action no="1" player="OndaBianca1" type="15" discard="1" dealt="1" sum="5"/>
<action no="2" player="LordSnow95" type="15" discard="1" dealt="1" sum="5"/>
<action no="3" player="KOPKHUNKRAP" type="15" sum="5"/>
<action no="4" player="OndaBianca1" type="1" discard="1" dealt="1" sum="20"/>
<action no="5" player="LordSnow95" type="2" discard="1" dealt="1" sum="40"/>
</round>
<round no="1"><cards type="Pocket" player="LordSnow95">X X</cards>
<cards type="Pocket" player="KOPKHUNKRAP">HK SJ</cards>
<cards type="Pocket" player="OndaBianca1">D7 HA</cards>
<action no="6" player="KOPKHUNKRAP" type="23" sum="446"/>
<action no="7" player="OndaBianca1" type="7" discard="1" dealt="1" sum="456"/>
<action no="8" player="LordSnow95" type="0" discard="1" dealt="1" sum="0"/>
</round>
<round no="2"><cards type="Flop">S6 DK C3</cards>
</round>
<round no="3"><cards type="Turn">H4</cards>
</round>
<round no="4"><cards type="River">S8</cards>
</round>
</game>
<game gamecode="6512563162"><general><startdate>2025-10-23 01:23:48</startdate>
<round>1</round>
<failsafecounter/>
<players><player seat="10" name="KOPKHUNKRAP" chips="947" dealer="0" win="0" bet="45" muck="1" rebuy="0" addon="0" merge="0" rebuychips="0" reg_code="5068009152"/>
<player seat="3" name="OndaBianca1" chips="30" dealer="1" win="0" bet="30" muck="0" rebuy="0" addon="0" merge="0" rebuychips="0" reg_code="5068008643"/>
<player seat="6" name="LordSnow95" chips="523" dealer="0" win="120" bet="125" muck="0" rebuy="0" addon="0" merge="0" rebuychips="0" reg_code="5068009143"/>
</players>
</general>
<round no="0"><action no="1" player="LordSnow95" type="15" discard="1" dealt="1" sum="5"/>
<action no="2" player="KOPKHUNKRAP" type="15" sum="5"/>
<action no="3" player="OndaBianca1" type="15" discard="1" dealt="1" sum="5"/>
<action no="4" player="LordSnow95" type="1" discard="1" dealt="1" sum="20"/>
<action no="5" player="KOPKHUNKRAP" type="2" sum="40"/>
</round>
<round no="1"><cards type="Pocket" player="LordSnow95">C10 D10</cards>
<cards type="Pocket" player="KOPKHUNKRAP">S10 S4</cards>
<cards type="Pocket" player="OndaBianca1">D2 H10</cards>
<action no="6" player="OndaBianca1" type="7" discard="1" dealt="1" sum="25"/>
<action no="7" player="LordSnow95" type="3" discard="1" dealt="1" sum="20"/>
<action no="8" player="KOPKHUNKRAP" type="4" sum="0"/>
</round>
<round no="2"><cards type="Flop">DJ H4 S5</cards>
<action no="9" player="LordSnow95" type="5" discard="1" dealt="1" sum="80"/>
<action no="10" player="KOPKHUNKRAP" type="0" sum="0"/>
</round>
<round no="3"><cards type="Turn">S8</cards>
</round>
<round no="4"><cards type="River">D5</cards>
</round>
</game>
<game gamecode="6512563179"><general><startdate>2025-10-23 01:24:08</startdate>
<round>1</round>
<failsafecounter/>
<players><player seat="10" name="KOPKHUNKRAP" chips="902" dealer="0" win="0" bet="45" muck="1" rebuy="0" addon="0" merge="0" rebuychips="0" reg_code="5068009152"/>
<player seat="6" name="LordSnow95" chips="598" dealer="1" win="90" bet="85" muck="1" rebuy="0" addon="0" merge="0" rebuychips="0" reg_code="5068009143"/>
</players>
</general>
<round no="0"><action no="1" player="LordSnow95" type="15" discard="1" dealt="1" sum="5"/>
<action no="2" player="KOPKHUNKRAP" type="15" sum="5"/>
<action no="3" player="LordSnow95" type="1" discard="1" dealt="1" sum="20"/>
<action no="4" player="KOPKHUNKRAP" type="2" sum="40"/>
</round>
<round no="1"><cards type="Pocket" player="KOPKHUNKRAP">SQ H3</cards>
<cards type="Pocket" player="LordSnow95">X X</cards>
<action no="5" player="LordSnow95" type="23" discard="1" dealt="1" sum="80"/>
<action no="6" player="KOPKHUNKRAP" type="0" sum="0"/>
</round>
</game>
<game gamecode="6512563187"><general><startdate>2025-10-23 01:24:17</startdate>
<round>1</round>
<failsafecounter/>
<players><player seat="6" name="LordSnow95" chips="643" dealer="0" win="90" bet="85" muck="1" rebuy="0" addon="0" merge="0" rebuychips="0" reg_code="5068009143"/>
<player seat="10" name="KOPKHUNKRAP" chips="857" dealer="1" win="0" bet="45" muck="1" rebuy="0" addon="0" merge="0" rebuychips="0" reg_code="5068009152"/>
</players>
</general>
<round no="0"><action no="1" player="KOPKHUNKRAP" type="15" sum="5"/>
<action no="2" player="LordSnow95" type="15" discard="1" dealt="1" sum="5"/>
<action no="3" player="KOPKHUNKRAP" type="1" sum="20"/>
<action no="4" player="LordSnow95" type="2" discard="1" dealt="1" sum="40"/>
</round>
<round no="1"><cards type="Pocket" player="KOPKHUNKRAP">H10 HK</cards>
<cards type="Pocket" player="LordSnow95">X X</cards>
<action no="5" player="KOPKHUNKRAP" type="3" sum="20"/>
<action no="6" player="LordSnow95" type="4" discard="1" dealt="1" sum="0"/>
</round>
<round no="2"><cards type="Flop">D2 C5 DQ</cards>
<action no="7" player="LordSnow95" type="4" discard="1" dealt="1" sum="0"/>
<action no="8" player="KOPKHUNKRAP" type="4" sum="0"/>
</round>
<round no="3"><cards type="Turn">D6</cards>
<action no="9" player="LordSnow95" type="5" discard="1" dealt="1" sum="40"/>
<action no="10" player="KOPKHUNKRAP" type="0" sum="0"/>
</round>
</game>
<game gamecode="6512563210"><general><startdate>2025-10-23 01:24:44</startdate>
<round>1</round>
<failsafecounter/>
<players><player seat="10" name="KOPKHUNKRAP" chips="812" dealer="0" win="0" bet="445" muck="1" rebuy="0" addon="0" merge="0" rebuychips="0" reg_code="5068009152"/>
<player seat="6" name="LordSnow95" chips="688" dealer="1" win="890" bet="445" muck="0" rebuy="0" addon="0" merge="0" rebuychips="0" reg_code="5068009143"/>
</players>
</general>
<round no="0"><action no="1" player="LordSnow95" type="15" discard="1" dealt="1" sum="5"/>
<action no="2" player="KOPKHUNKRAP" type="15" sum="5"/>
<action no="3" player="LordSnow95" type="1" discard="1" dealt="1" sum="20"/>
<action no="4" player="KOPKHUNKRAP" type="2" sum="40"/>
</round>
<round no="1"><cards type="Pocket" player="LordSnow95">DK D9</cards>
<cards type="Pocket" player="KOPKHUNKRAP">S10 C8</cards>
<action no="5" player="LordSnow95" type="23" discard="1" dealt="1" sum="80"/>
<action no="6" player="KOPKHUNKRAP" type="3" sum="40"/>
</round>
<round no="2"><cards type="Flop">D6 D2 C9</cards>
<action no="7" player="KOPKHUNKRAP" type="4" sum="0"/>
<action no="8" player="LordSnow95" type="5" discard="1" dealt="1" sum="40"/>
<action no="9" player="KOPKHUNKRAP" type="3" sum="40"/>
</round>
<round no="3"><cards type="Turn">D4</cards>
<action no="10" player="KOPKHUNKRAP" type="4" sum="0"/>
<action no="11" player="LordSnow95" type="5" discard="1" dealt="1" sum="40"/>
<action no="12" player="KOPKHUNKRAP" type="3" sum="40"/>
</round>
<round no="4"><cards type="River">C7</cards>
<action no="13" player="KOPKHUNKRAP" type="4" sum="0"/>
<action no="14" player="LordSnow95" type="5" discard="1" dealt="1" sum="280"/>
<action no="15" player="KOPKHUNKRAP" type="3" sum="280"/>
</round>
</game>
<game gamecode="6512563247"><general><startdate>2025-10-23 01:25:17</startdate>
<round>1</round>
<failsafecounter/>
<players><player seat="6" name="LordSnow95" chips="1,133" dealer="0" win="0" bet="65" muck="1" rebuy="0" addon="0" merge="0" rebuychips="0" reg_code="5068009143"/>
<player seat="10" name="KOPKHUNKRAP" chips="367" dealer="1" win="130" bet="367" muck="1" rebuy="0" addon="0" merge="0" rebuychips="0" reg_code="5068009152"/>
</players>
</general>
<round no="0"><action no="1" player="KOPKHUNKRAP" type="15" sum="5"/>
<action no="2" player="LordSnow95" type="15" discard="1" dealt="1" sum="5"/>
<action no="3" player="KOPKHUNKRAP" type="1" sum="30"/>
<action no="4" player="LordSnow95" type="2" discard="1" dealt="1" sum="60"/>
</round>
<round no="1"><cards type="Pocket" player="KOPKHUNKRAP">H2 SQ</cards>
<cards type="Pocket" player="LordSnow95">X X</cards>
<action no="5" player="KOPKHUNKRAP" type="23" sum="362"/>
<action no="6" player="LordSnow95" type="0" discard="1" dealt="1" sum="0"/>
</round>
</game>
<game gamecode="6512563256"><general><startdate>2025-10-23 01:25:27</startdate>
<round>1</round>
<failsafecounter/>
<players><player seat="10" name="KOPKHUNKRAP" chips="432" dealer="0" win="70" bet="65" muck="1" rebuy="0" addon="0" merge="0" rebuychips="0" reg_code="5068009152"/>
<player seat="6" name="LordSnow95" chips="1,068" dealer="1" win="0" bet="35" muck="1" rebuy="0" addon="0" merge="0" rebuychips="0" reg_code="5068009143"/>
</players>
</general>
<round no="0"><action no="1" player="LordSnow95" type="15" discard="1" dealt="1" sum="5"/>
<action no="2" player="KOPKHUNKRAP" type="15" sum="5"/>
<action no="3" player="LordSnow95" type="1" discard="1" dealt="1" sum="30"/>
<action no="4" player="KOPKHUNKRAP" type="2" sum="60"/>
</round>
<round no="1"><cards type="Pocket" player="KOPKHUNKRAP">H5 D9</cards>
<cards type="Pocket" player="LordSnow95">X X</cards>
<action no="5" player="LordSnow95" type="0" discard="1" dealt="1" sum="0"/>
</round>
</game>
<game gamecode="6512563265"><general><startdate>2025-10-23 01:25:32</startdate>
<round>1</round>
<failsafecounter/>
<players><player seat="6" name="LordSnow95" chips="1,033" dealer="0" win="0" bet="65" muck="1" rebuy="0" addon="0" merge="0" rebuychips="0" reg_code="5068009143"/>
<player seat="10" name="KOPKHUNKRAP" chips="467" dealer="1" win="130" bet="467" muck="1" rebuy="0" addon="0" merge="0" rebuychips="0" reg_code="5068009152"/>
</players>
</general>
<round no="0"><action no="1" player="KOPKHUNKRAP" type="15" sum="5"/>
<action no="2" player="LordSnow95" type="15" discard="1" dealt="1" sum="5"/>
<action no="3" player="KOPKHUNKRAP" type="1" sum="30"/>
<action no="4" player="LordSnow95" type="2" discard="1" dealt="1" sum="60"/>
</round>
<round no="1"><cards type="Pocket" player="LordSnow95">X X</cards>
<cards type="Pocket" player="KOPKHUNKRAP">D7 DK</cards>
<action no="5" player="KOPKHUNKRAP" type="23" sum="462"/>
<action no="6" player="LordSnow95" type="0" discard="1" dealt="1" sum="0"/>
</round>
</game>
<game gamecode="6512563272"><general><startdate>2025-10-23 01:25:43</startdate>
<round>1</round>
<failsafecounter/>
<players><player seat="10" name="KOPKHUNKRAP" chips="532" dealer="0" win="70" bet="65" muck="1" rebuy="0" addon="0" merge="0" rebuychips="0" reg_code="5068009152"/>
<player seat="6" name="LordSnow95" chips="968" dealer="1" win="0" bet="35" muck="1" rebuy="0" addon="0" merge="0" rebuychips="0" reg_code="5068009143"/>
</players>
</general>
<round no="0"><action no="1" player="LordSnow95" type="15" discard="1" dealt="1" sum="5"/>
<action no="2" player="KOPKHUNKRAP" type="15" sum="5"/>
<action no="3" player="LordSnow95" type="1" discard="1" dealt="1" sum="30"/>
<action no="4" player="KOPKHUNKRAP" type="2" sum="60"/>
</round>
<round no="1"><cards type="Pocket" player="KOPKHUNKRAP">H10 HK</cards>
<cards type="Pocket" player="LordSnow95">X X</cards>
<action no="5" player="LordSnow95" type="0" discard="1" dealt="1" sum="0"/>
</round>
</game>
<game gamecode="6512563278"><general><startdate>2025-10-23 01:25:49</startdate>
<round>1</round>
<failsafecounter/>
<players><player seat="6" name="LordSnow95" chips="933" dealer="0" win="70" bet="65" muck="1" rebuy="0" addon="0" merge="0" rebuychips="0" reg_code="5068009143"/>
<player seat="10" name="KOPKHUNKRAP" chips="567" dealer="1" win="0" bet="35" muck="1" rebuy="0" addon="0" merge="0" rebuychips="0" reg_code="5068009152"/>
</players>
</general>
<round no="0"><action no="1" player="KOPKHUNKRAP" type="15" sum="5"/>
<action no="2" player="LordSnow95" type="15" discard="1" dealt="1" sum="5"/>
<action no="3" player="KOPKHUNKRAP" type="1" sum="30"/>
<action no="4" player="LordSnow95" type="2" discard="1" dealt="1" sum="60"/>
</round>
<round no="1"><cards type="Pocket" player="KOPKHUNKRAP">C2 S7</cards>
<cards type="Pocket" player="LordSnow95">X X</cards>
<action no="5" player="KOPKHUNKRAP" type="0" sum="0"/>
</round>
</game>
<game gamecode="6512563282"><general><startdate>2025-10-23 01:25:56</startdate>
<round>1</round>
<failsafecounter/>
<players><player seat="10" name="KOPKHUNKRAP" chips="532" dealer="0" win="0" bet="65" muck="1" rebuy="0" addon="0" merge="0" rebuychips="0" reg_code="5068009152"/>
<player seat="6" name="LordSnow95" chips="968" dealer="1" win="130" bet="185" muck="1" rebuy="0" addon="0" merge="0" rebuychips="0" reg_code="5068009143"/>
</players>
</general>
<round no="0"><action no="1" player="LordSnow95" type="15" discard="1" dealt="1" sum="5"/>
<action no="2" player="KOPKHUNKRAP" type="15" sum="5"/>
<action no="3" player="LordSnow95" type="1" discard="1" dealt="1" sum="30"/>
<action no="4" player="KOPKHUNKRAP" type="2" sum="60"/>
</round>
<round no="1"><cards type="Pocket" player="KOPKHUNKRAP">S9 DJ</cards>
<cards type="Pocket" player="LordSnow95">X X</cards>
<action no="5" player="LordSnow95" type="23" discard="1" dealt="1" sum="180"/>
<action no="6" player="KOPKHUNKRAP" type="0" sum="0"/>
</round>
</game>
<game gamecode="6512563293"><general><startdate>2025-10-23 01:26:05</startdate>
<round>1</round>
<failsafecounter/>
<players><player seat="6" name="LordSnow95" chips="1,033" dealer="0" win="130" bet="905" muck="1" rebuy="0" addon="0" merge="0" rebuychips="0" reg_code="5068009143"/>
<player seat="10" name="KOPKHUNKRAP" chips="467" dealer="1" win="0" bet="65" muck="1" rebuy="0" addon="0" merge="0" rebuychips="0" reg_code="5068009152"/>
</players>
</general>
<round no="0"><action no="1" player="KOPKHUNKRAP" type="15" sum="5"/>
<action no="2" player="LordSnow95" type="15" discard="1" dealt="1" sum="5"/>
<action no="3" player="KOPKHUNKRAP" type="1" sum="30"/>
<action no="4" player="LordSnow95" type="2" discard="1" dealt="1" sum="60"/>
</round>
<round no="1"><cards type="Pocket" player="LordSnow95">X X</cards>
<cards type="Pocket" player="KOPKHUNKRAP">C5 C4</cards>
<action no="5" player="KOPKHUNKRAP" type="3" sum="30"/>
<action no="6" player="LordSnow95" type="23" discard="1" dealt="1" sum="900"/>
<action no="7" player="KOPKHUNKRAP" type="0" sum="0"/>
</round>
</game>
<game gamecode="6512563307"><general><startdate>2025-10-23 01:26:16</startdate>
<round>1</round>
<failsafecounter/>
<players><player seat="10" name="KOPKHUNKRAP" chips="402" dealer="0" win="0" bet="402" muck="0" rebuy="0" addon="0" merge="0" rebuychips="0" reg_code="5068009152"/>
<player seat="6" name="LordSnow95" chips="1,098" dealer="1" win="804" bet="785" muck="0" rebuy="0" addon="0" merge="0" rebuychips="0" reg_code="5068009143"/>
</players>
</general>
<round no="0"><action no="1" player="LordSnow95" type="15" discard="1" dealt="1" sum="5"/>
<action no="2" player="KOPKHUNKRAP" type="15" sum="5"/>
<action no="3" player="LordSnow95" type="1" discard="1" dealt="1" sum="30"/>
<action no="4" player="KOPKHUNKRAP" type="2" sum="60"/>
</round>
<round no="1"><cards type="Pocket" player="KOPKHUNKRAP">DQ SA</cards>
<cards type="Pocket" player="LordSnow95">S3 H3</cards>
<action no="5" player="LordSnow95" type="23" discard="1" dealt="1" sum="780"/>
<action no="6" player="KOPKHUNKRAP" type="7" sum="337"/>
</round>
<round no="2"><cards type="Flop">S4 S2 SJ</cards>
</round>
<round no="3"><cards type="Turn">H10</cards>
</round>
<round no="4"><cards type="River">D7</cards>
</round>
</game>
</session>
