<?xml version="1.0" encoding="UTF-8"?>
<session sessioncode="5068008357">
<general>
<client_version>24.7.1.15</client_version>
<mode>real</mode>
<gametype>Holdem NL</gametype>
<tablename>Twister €200 SNG, 820283556</tablename>
<tournamentcode>820283555</tournamentcode>
<tournamentname>Twister €200 SNG</tournamentname>
<buyin>€0 + €12 + €188</buyin>
<totalbuyin>€200</totalbuyin>
<rewarddrawn>€400</rewarddrawn>
<tournamentcurrency>EUR</tournamentcurrency>
<currency>EUR</currency>
<nickname>KOPKHUNKRAP</nickname>
<gamecount>35</gamecount>
<startdate>2025-10-23 01:11:57</startdate>
<place>1</place>
<win>€400</win>
<tablesize>3</tablesize>
</general>
<game gamecode="6512554289"><general><startdate>2025-10-23 01:12:12</startdate>
<round>1</round>
<failsafecounter/>
<players><player seat="10" name="KOPKHUNKRAP" chips="500" dealer="0" win="0" bet="20" muck="1" rebuy="0" addon="0" merge="0" rebuychips="0" reg_code="5068008357"/>
<player seat="3" name="OndaBianca1" chips="500" dealer="1" win="0" bet="500" muck="0" rebuy="0" addon="0" merge="0" rebuychips="0" reg_code="5068008119"/>
<player seat="6" name="LordSnow95" chips="500" dealer="0" win="1,020" bet="500" muck="0" rebuy="0" addon="0" merge="0" rebuychips="0" reg_code="5068008352"/>
</players>
</general>
<round no="0"><action no="1" player="LordSnow95" type="1" discard="1" dealt="1" sum="10"/>
<action no="2" player="KOPKHUNKRAP" type="2" sum="20"/>
</round>
<round no="1"><cards type="Pocket" player="OndaBianca1">CK C9</cards>
<cards type="Pocket" player="KOPKHUNKRAP">D5 SK</cards>
<cards type="Pocket" player="LordSnow95">C4 C6</cards>
<action no="3" player="OndaBianca1" type="23" discard="1" dealt="1" sum="40"/>
<action no="4" player="LordSnow95" type="3" discard="1" dealt="1" sum="30"/>
<action no="5" player="KOPKHUNKRAP" type="0" sum="0"/>
</round>
<round no="2"><cards type="Flop">C5 C2 D6</cards>
<action no="6" player="LordSnow95" type="4" discard="1" dealt="1" sum="0"/>
<action no="7" player="OndaBianca1" type="5" discard="1" dealt="1" sum="33"/>
<action no="8" player="LordSnow95" type="23" discard="1" dealt="1" sum="86"/>
<action no="9" player="OndaBianca1" type="23" discard="1" dealt="1" sum="460"/>
<action no="10" player="LordSnow95" type="7" discard="1" dealt="1" sum="374"/>
</round>
<round no="3"><cards type="Turn">S4</cards>
</round>
<round no="4"><cards type="River">S6</cards>
</round>
</game>
<game gamecode="6512554317"><general><startdate>2025-10-23 01:12:40</startdate>
<round>1</round>
<failsafecounter/>
<players><player seat="10" name="KOPKHUNKRAP" chips="480" dealer="0" win="0" bet="67" muck="1" rebuy="0" addon="0" merge="0" rebuychips="0" reg_code="5068008357"/>
<player seat="6" name="LordSnow95" chips="1,020" dealer="1" win="134" bet="107" muck="1" rebuy="0" addon="0" merge="0" rebuychips="0" reg_code="5068008352"/>
</players>
</general>
<round no="0"><action no="1" player="LordSnow95" type="1" discard="1" dealt="1" sum="10"/>
<action no="2" player="KOPKHUNKRAP" type="2" sum="20"/>
</round>
<round no="1"><cards type="Pocket" player="KOPKHUNKRAP">C9 CA</cards>
<cards type="Pocket" player="LordSnow95">X X</cards>
<action no="3" player="LordSnow95" type="23" discard="1" dealt="1" sum="40"/>
<action no="4" player="KOPKHUNKRAP" type="3" sum="20"/>
</round>
<round no="2"><cards type="Flop">DK H4 H2</cards>
<action no="5" player="KOPKHUNKRAP" type="4" sum="0"/>
<action no="6" player="LordSnow95" type="5" discard="1" dealt="1" sum="27"/>
<action no="7" player="KOPKHUNKRAP" type="3" sum="27"/>
</round>
<round no="3"><cards type="Turn">H8</cards>
<action no="8" player="KOPKHUNKRAP" type="4" sum="0"/>
<action no="9" player="LordSnow95" type="4" discard="1" dealt="1" sum="0"/>
</round>
<round no="4"><cards type="River">H5</cards>
<action no="10" player="KOPKHUNKRAP" type="4" sum="0"/>
<action no="11" player="LordSnow95" type="5" discard="1" dealt="1" sum="40"/>
<action no="12" player="KOPKHUNKRAP" type="0" sum="0"/>
</round>
</game>
<game gamecode="6512554348"><general><startdate>2025-10-23 01:13:07</startdate>
<round>1</round>
<failsafecounter/>
<players><player seat="6" name="LordSnow95" chips="1,087" dealer="0" win="0" bet="20" muck="1" rebuy="0" addon="0" merge="0" rebuychips="0" reg_code="5068008352"/>
<player seat="10" name="KOPKHUNKRAP" chips="413" dealer="1" win="40" bet="40" muck="1" rebuy="0" addon="0" merge="0" rebuychips="0" reg_code="5068008357"/>
</players>
</general>
<round no="0"><action no="1" player="KOPKHUNKRAP" type="1" sum="10"/>
<action no="2" player="LordSnow95" type="2" discard="1" dealt="1" sum="20"/>
</round>
<round no="1"><cards type="Pocket" player="KOPKHUNKRAP">D8 SQ</cards>
<cards type="Pocket" player="LordSnow95">X X</cards>
<action no="3" player="KOPKHUNKRAP" type="3" sum="10"/>
<action no="4" player="LordSnow95" type="4" discard="1" dealt="1" sum="0"/>
</round>
<round no="2"><cards type="Flop">C3 HA CJ</cards>
<action no="5" player="LordSnow95" type="4" discard="1" dealt="1" sum="0"/>
<action no="6" player="KOPKHUNKRAP" type="5" sum="20"/>
<action no="7" player="LordSnow95" type="0" discard="1" dealt="1" sum="0"/>
</round>
</game>
<game gamecode="6512554363"><general><startdate>2025-10-23 01:13:22</startdate>
<round>1</round>
<failsafecounter/>
<players><player seat="10" name="KOPKHUNKRAP" chips="433" dealer="0" win="20" bet="20" muck="1" rebuy="0" addon="0" merge="0" rebuychips="0" reg_code="5068008357"/>
<player seat="6" name="LordSnow95" chips="1,067" dealer="1" win="0" bet="10" muck="1" rebuy="0" addon="0" merge="0" rebuychips="0" reg_code="5068008352"/>
</players>
</general>
<round no="0"><action no="1" player="LordSnow95" type="1" discard="1" dealt="1" sum="10"/>
<action no="2" player="KOPKHUNKRAP" type="2" sum="20"/>
</round>
<round no="1"><cards type="Pocket" player="LordSnow95">X X</cards>
<cards type="Pocket" player="KOPKHUNKRAP">CK S4</cards>
<action no="3" player="LordSnow95" type="0" discard="1" dealt="1" sum="0"/>
</round>
</game>
<game gamecode="6512554369"><general><startdate>2025-10-23 01:13:28</startdate>
<round>1</round>
<failsafecounter/>
<players><player seat="6" name="LordSnow95" chips="1,057" dealer="0" win="0" bet="20" muck="1" rebuy="0" addon="0" merge="0" rebuychips="0" reg_code="5068008352"/>
<player seat="10" name="KOPKHUNKRAP" chips="443" dealer="1" win="40" bet="40" muck="1" rebuy="0" addon="0" merge="0" rebuychips="0" reg_code="5068008357"/>
</players>
</general>
<round no="0"><action no="1" player="KOPKHUNKRAP" type="1" sum="10"/>
<action no="2" player="LordSnow95" type="2" discard="1" dealt="1" sum="20"/>
</round>
<round no="1"><cards type="Pocket" player="KOPKHUNKRAP">D4 D2</cards>
<cards type="Pocket" player="LordSnow95">X X</cards>
<action no="3" player="KOPKHUNKRAP" type="3" sum="10"/>
<action no="4" player="LordSnow95" type="4" discard="1" dealt="1" sum="0"/>
</round>
<round no="2"><cards type="Flop">D3 H4 C4</cards>
<action no="5" player="LordSnow95" type="4" discard="1" dealt="1" sum="0"/>
<action no="6" player="KOPKHUNKRAP" type="5" sum="20"/>
<action no="7" player="LordSnow95" type="0" discard="1" dealt="1" sum="0"/>
</round>
</game>
<game gamecode="6512554378"><general><startdate>2025-10-23 01:13:40</startdate>
<round>1</round>
<failsafecounter/>
<players><player seat="10" name="KOPKHUNKRAP" chips="463" dealer="0" win="0" bet="20" muck="1" rebuy="0" addon="0" merge="0" rebuychips="0" reg_code="5068008357"/>
<player seat="6" name="LordSnow95" chips="1,037" dealer="1" win="40" bet="40" muck="1" rebuy="0" addon="0" merge="0" rebuychips="0" reg_code="5068008352"/>
</players>
</general>
<round no="0"><action no="1" player="LordSnow95" type="1" discard="1" dealt="1" sum="10"/>
<action no="2" player="KOPKHUNKRAP" type="2" sum="20"/>
</round>
<round no="1"><cards type="Pocket" player="KOPKHUNKRAP">S5 DJ</cards>
<cards type="Pocket" player="LordSnow95">X X</cards>
<action no="3" player="LordSnow95" type="23" discard="1" dealt="1" sum="40"/>
<action no="4" player="KOPKHUNKRAP" type="0" sum="0"/>
</round>
</game>
<game gamecode="6512554384"><general><startdate>2025-10-23 01:13:48</startdate>
<round>1</round>
<failsafecounter/>
<players><player seat="6" name="LordSnow95" chips="1,057" dealer="0" win="0" bet="40" muck="1" rebuy="0" addon="0" merge="0" rebuychips="0" reg_code="5068008352"/>
<player seat="10" name="KOPKHUNKRAP" chips="443" dealer="1" win="80" bet="40" muck="0" rebuy="0" addon="0" merge="0" rebuychips="0" reg_code="5068008357"/>
</players>
</general>
<round no="0"><action no="1" player="KOPKHUNKRAP" type="1" sum="10"/>
<action no="2" player="LordSnow95" type="2" discard="1" dealt="1" sum="20"/>
</round>
<round no="1"><cards type="Pocket" player="KOPKHUNKRAP">H3 H10</cards>
<cards type="Pocket" player="LordSnow95">SJ D5</cards>
<action no="3" player="KOPKHUNKRAP" type="3" sum="10"/>
<action no="4" player="LordSnow95" type="4" discard="1" dealt="1" sum="0"/>
</round>
<round no="2"><cards type="Flop">S4 D6 C3</cards>
<action no="5" player="LordSnow95" type="4" discard="1" dealt="1" sum="0"/>
<action no="6" player="KOPKHUNKRAP" type="4" sum="0"/>
</round>
<round no="3"><cards type="Turn">SA</cards>
<action no="7" player="LordSnow95" type="5" discard="1" dealt="1" sum="20"/>
<action no="8" player="KOPKHUNKRAP" type="3" sum="20"/>
</round>
<round no="4"><cards type="River">SQ</cards>
<action no="9" player="LordSnow95" type="4" discard="1" dealt="1" sum="0"/>
<action no="10" player="KOPKHUNKRAP" type="4" sum="0"/>
</round>
</game>
<game gamecode="6512554400"><general><startdate>2025-10-23 01:14:09</startdate>
<round>1</round>
<failsafecounter/>
<players><player seat="10" name="KOPKHUNKRAP" chips="483" dealer="0" win="70" bet="483" muck="1" rebuy="0" addon="0" merge="0" rebuychips="0" reg_code="5068008357"/>
<player seat="6" name="LordSnow95" chips="1,017" dealer="1" win="0" bet="35" muck="1" rebuy="0" addon="0" merge="0" rebuychips="0" reg_code="5068008352"/>
</players>
</general>
<round no="0"><action no="1" player="LordSnow95" type="15" discard="1" dealt="1" sum="5"/>
<action no="2" player="KOPKHUNKRAP" type="15" sum="5"/>
<action no="3" player="LordSnow95" type="1" discard="1" dealt="1" sum="15"/>
<action no="4" player="KOPKHUNKRAP" type="2" sum="30"/>
</round>
<round no="1"><cards type="Pocket" player="KOPKHUNKRAP">CQ SA</cards>
<cards type="Pocket" player="LordSnow95">X X</cards>
<action no="5" player="LordSnow95" type="3" discard="1" dealt="1" sum="15"/>
<action no="6" player="KOPKHUNKRAP" type="23" sum="478"/>
<action no="7" player="LordSnow95" type="0" discard="1" dealt="1" sum="0"/>
</round>
</game>
<game gamecode="6512554407"><general><startdate>2025-10-23 01:14:20</startdate>
<round>1</round>
<failsafecounter/>
<players><player seat="6" name="LordSnow95" chips="982" dealer="0" win="0" bet="982" muck="0" rebuy="0" addon="0" merge="0" rebuychips="0" reg_code="5068008352"/>
<player seat="10" name="KOPKHUNKRAP" chips="518" dealer="1" win="1,036" bet="518" muck="0" rebuy="0" addon="0" merge="0" rebuychips="0" reg_code="5068008357"/>
</players>
</general>
<round no="0"><action no="1" player="KOPKHUNKRAP" type="15" sum="5"/>
<action no="2" player="LordSnow95" type="15" discard="1" dealt="1" sum="5"/>
<action no="3" player="KOPKHUNKRAP" type="1" sum="15"/>
<action no="4" player="LordSnow95" type="2" discard="1" dealt="1" sum="30"/>
</round>
<round no="1"><cards type="Pocket" player="LordSnow95">H7 DK</cards>
<cards type="Pocket" player="KOPKHUNKRAP">CK HA</cards>
<action no="5" player="KOPKHUNKRAP" type="23" sum="60"/>
<action no="6" player="LordSnow95" type="23" discard="1" dealt="1" sum="977"/>
<action no="7" player="KOPKHUNKRAP" type="7" sum="453"/>
</round>
<round no="2"><cards type="Flop">C8 CA S5</cards>
</round>
<round no="3"><cards type="Turn">HJ</cards>
</round>
<round no="4"><cards type="River">HK</cards>
</round>
</game>
<game gamecode="6512554420"><general><startdate>2025-10-23 01:14:38</startdate>
<round>1</round>
<failsafecounter/>
<players><player seat="10" name="KOPKHUNKRAP" chips="1,036" dealer="0" win="0" bet="35" muck="1" rebuy="0" addon="0" merge="0" rebuychips="0" reg_code="5068008357"/>
<player seat="6" name="LordSnow95" chips="464" dealer="1" win="70" bet="65" muck="1" rebuy="0" addon="0" merge="0" rebuychips="0" reg_code="5068008352"/>
</players>
</general>
<round no="0"><action no="1" player="LordSnow95" type="15" discard="1" dealt="1" sum="5"/>
<action no="2" player="KOPKHUNKRAP" type="15" sum="5"/>
<action no="3" player="LordSnow95" type="1" discard="1" dealt="1" sum="15"/>
<action no="4" player="KOPKHUNKRAP" type="2" sum="30"/>
</round>
<round no="1"><cards type="Pocket" player="LordSnow95">X X</cards>
<cards type="Pocket" player="KOPKHUNKRAP">H2 H5</cards>
<action no="5" player="LordSnow95" type="23" discard="1" dealt="1" sum="60"/>
<action no="6" player="KOPKHUNKRAP" type="0" sum="0"/>
</round>
</game>
<game gamecode="6512554428"><general><startdate>2025-10-23 01:14:46</startdate>
<round>1</round>
<failsafecounter/>
<players><player seat="6" name="LordSnow95" chips="499" dealer="0" win="998" bet="499" muck="0" rebuy="0" addon="0" merge="0" rebuychips="0" reg_code="5068008352"/>
<player seat="10" name="KOPKHUNKRAP" chips="1,001" dealer="1" win="0" bet="499" muck="1" rebuy="0" addon="0" merge="0" rebuychips="0" reg_code="5068008357"/>
</players>
</general>
<round no="0"><action no="1" player="KOPKHUNKRAP" type="15" sum="5"/>
<action no="2" player="LordSnow95" type="15" discard="1" dealt="1" sum="5"/>
<action no="3" player="KOPKHUNKRAP" type="1" sum="15"/>
<action no="4" player="LordSnow95" type="2" discard="1" dealt="1" sum="30"/>
</round>
<round no="1"><cards type="Pocket" player="KOPKHUNKRAP">S10 S9</cards>
<cards type="Pocket" player="LordSnow95">CK D8</cards>
<action no="5" player="KOPKHUNKRAP" type="3" sum="15"/>
<action no="6" player="LordSnow95" type="23" discard="1" dealt="1" sum="494"/>
<action no="7" player="KOPKHUNKRAP" type="3" sum="464"/>
</round>
<round no="2"><cards type="Flop">D9 DK S2</cards>
</round>
<round no="3"><cards type="Turn">H5</cards>
</round>
<round no="4"><cards type="River">D2</cards>
</round>
</game>
<game gamecode="6512554446"><general><startdate>2025-10-23 01:15:06</startdate>
<round>1</round>
<failsafecounter/>
<players><player seat="10" name="KOPKHUNKRAP" chips="502" dealer="0" win="40" bet="35" muck="1" rebuy="0" addon="0" merge="0" rebuychips="0" reg_code="5068008357"/>
<player seat="6" name="LordSnow95" chips="998" dealer="1" win="0" bet="20" muck="1" rebuy="0" addon="0" merge="0" rebuychips="0" reg_code="5068008352"/>
</players>
</general>
<round no="0"><action no="1" player="LordSnow95" type="15" discard="1" dealt="1" sum="5"/>
<action no="2" player="KOPKHUNKRAP" type="15" sum="5"/>
<action no="3" player="LordSnow95" type="1" discard="1" dealt="1" sum="15"/>
<action no="4" player="KOPKHUNKRAP" type="2" sum="30"/>
</round>
<round no="1"><cards type="Pocket" player="KOPKHUNKRAP">C4 H7</cards>
<cards type="Pocket" player="LordSnow95">X X</cards>
<action no="5" player="LordSnow95" type="0" discard="1" dealt="1" sum="0"/>
</round>
</game>
<game gamecode="6512554449"><general><startdate>2025-10-23 01:15:12</startdate>
<round>1</round>
<failsafecounter/>
<players><player seat="6" name="LordSnow95" chips="978" dealer="0" win="0" bet="35" muck="1" rebuy="0" addon="0" merge="0" rebuychips="0" reg_code="5068008352"/>
<player seat="10" name="KOPKHUNKRAP" chips="522" dealer="1" win="70" bet="65" muck="1" rebuy="0" addon="0" merge="0" rebuychips="0" reg_code="5068008357"/>
</players>
</general>
<round no="0"><action no="1" player="KOPKHUNKRAP" type="15" sum="5"/>
<action no="2" player="LordSnow95" type="15" discard="1" dealt="1" sum="5"/>
<action no="3" player="KOPKHUNKRAP" type="1" sum="15"/>
<action no="4" player="LordSnow95" type="2" discard="1" dealt="1" sum="30"/>
</round>
<round no="1"><cards type="Pocket" player="KOPKHUNKRAP">DA CK</cards>
<cards type="Pocket" player="LordSnow95">X X</cards>
<action no="5" player="KOPKHUNKRAP" type="23" sum="60"/>
<action no="6" player="LordSnow95" type="0" discard="1" dealt="1" sum="0"/>
</round>
</game>
<game gamecode="6512554458"><general><startdate>2025-10-23 01:15:22</startdate>
<round>1</round>
<failsafecounter/>
<players><player seat="10" name="KOPKHUNKRAP" chips="557" dealer="0" win="236" bet="231" muck="1" rebuy="0" addon="0" merge="0" rebuychips="0" reg_code="5068008357"/>
<player seat="6" name="LordSnow95" chips="943" dealer="1" win="0" bet="118" muck="1" rebuy="0" addon="0" merge="0" rebuychips="0" reg_code="5068008352"/>
</players>
</general>
<round no="0"><action no="1" player="LordSnow95" type="15" discard="1" dealt="1" sum="5"/>
<action no="2" player="KOPKHUNKRAP" type="15" sum="5"/>
<action no="3" player="LordSnow95" type="1" discard="1" dealt="1" sum="15"/>
<action no="4" player="KOPKHUNKRAP" type="2" sum="30"/>
</round>
<round no="1"><cards type="Pocket" player="KOPKHUNKRAP">SK S9</cards>
<cards type="Pocket" player="LordSnow95">X X</cards>
<action no="5" player="LordSnow95" type="23" discard="1" dealt="1" sum="60"/>
<action no="6" player="KOPKHUNKRAP" type="3" sum="30"/>
</round>
<round no="2"><cards type="Flop">H5 H6 C9</cards>
<action no="7" player="KOPKHUNKRAP" type="4" sum="0"/>
<action no="8" player="LordSnow95" type="5" discard="1" dealt="1" sum="53"/>
<action no="9" player="KOPKHUNKRAP" type="23" sum="166"/>
<action no="10" player="LordSnow95" type="0" discard="1" dealt="1" sum="0"/>
</round>
</game>
<game gamecode="6512554471"><general><startdate>2025-10-23 01:15:42</startdate>
<round>1</round>
<failsafecounter/>
<players><player seat="6" name="LordSnow95" chips="825" dealer="0" win="0" bet="45" muck="1" rebuy="0" addon="0" merge="0" rebuychips="0" reg_code="5068008352"/>
<player seat="10" name="KOPKHUNKRAP" chips="675" dealer="1" win="90" bet="675" muck="1" rebuy="0" addon="0" merge="0" rebuychips="0" reg_code="5068008357"/>
</players>
</general>
<round no="0"><action no="1" player="KOPKHUNKRAP" type="15" sum="5"/>
<action no="2" player="LordSnow95" type="15" discard="1" dealt="1" sum="5"/>
<action no="3" player="KOPKHUNKRAP" type="1" sum="20"/>
<action no="4" player="LordSnow95" type="2" discard="1" dealt="1" sum="40"/>
</round>
<round no="1"><cards type="Pocket" player="LordSnow95">X X</cards>
<cards type="Pocket" player="KOPKHUNKRAP">CA S4</cards>
<action no="5" player="KOPKHUNKRAP" type="23" sum="670"/>
<action no="6" player="LordSnow95" type="0" discard="1" dealt="1" sum="0"/>
</round>
</game>
<game gamecode="6512554479"><general><startdate>2025-10-23 01:15:50</startdate>
<round>1</round>
<failsafecounter/>
<players><player seat="10" name="KOPKHUNKRAP" chips="720" dealer="0" win="0" bet="45" muck="1" rebuy="0" addon="0" merge="0" rebuychips="0" reg_code="5068008357"/>
<player seat="6" name="LordSnow95" chips="780" dealer="1" win="90" bet="85" muck="1" rebuy="0" addon="0" merge="0" rebuychips="0" reg_code="5068008352"/>
</players>
</general>
<round no="0"><action no="1" player="LordSnow95" type="15" discard="1" dealt="1" sum="5"/>
<action no="2" player="KOPKHUNKRAP" type="15" sum="5"/>
<action no="3" player="LordSnow95" type="1" discard="1" dealt="1" sum="20"/>
<action no="4" player="KOPKHUNKRAP" type="2" sum="40"/>
</round>
<round no="1"><cards type="Pocket" player="KOPKHUNKRAP">C7 H5</cards>
<cards type="Pocket" player="LordSnow95">X X</cards>
<action no="5" player="LordSnow95" type="23" discard="1" dealt="1" sum="80"/>
<action no="6" player="KOPKHUNKRAP" type="0" sum="0"/>
</round>
</game>
<game gamecode="6512554485"><general><startdate>2025-10-23 01:15:57</startdate>
<round>1</round>
<failsafecounter/>
<players><player seat="6" name="LordSnow95" chips="825" dealer="0" win="50" bet="45" muck="1" rebuy="0" addon="0" merge="0" rebuychips="0" reg_code="5068008352"/>
<player seat="10" name="KOPKHUNKRAP" chips="675" dealer="1" win="0" bet="25" muck="1" rebuy="0" addon="0" merge="0" rebuychips="0" reg_code="5068008357"/>
</players>
</general>
<round no="0"><action no="1" player="KOPKHUNKRAP" type="15" sum="5"/>
<action no="2" player="LordSnow95" type="15" discard="1" dealt="1" sum="5"/>
<action no="3" player="KOPKHUNKRAP" type="1" sum="20"/>
<action no="4" player="LordSnow95" type="2" discard="1" dealt="1" sum="40"/>
</round>
<round no="1"><cards type="Pocket" player="LordSnow95">X X</cards>
<cards type="Pocket" player="KOPKHUNKRAP">S2 DJ</cards>
<action no="5" player="KOPKHUNKRAP" type="0" sum="0"/>
</round>
</game>
<game gamecode="6512554491"><general><startdate>2025-10-23 01:16:06</startdate>
<round>1</round>
<failsafecounter/>
<players><player seat="10" name="KOPKHUNKRAP" chips="650" dealer="0" win="50" bet="45" muck="1" rebuy="0" addon="0" merge="0" rebuychips="0" reg_code="5068008357"/>
<player seat="6" name="LordSnow95" chips="850" dealer="1" win="0" bet="25" muck="1" rebuy="0" addon="0" merge="0" rebuychips="0" reg_code="5068008352"/>
</players>
</general>
<round no="0"><action no="1" player="LordSnow95" type="15" discard="1" dealt="1" sum="5"/>
<action no="2" player="KOPKHUNKRAP" type="15" sum="5"/>
<action no="3" player="LordSnow95" type="1" discard="1" dealt="1" sum="20"/>
<action no="4" player="KOPKHUNKRAP" type="2" sum="40"/>
</round>
<round no="1"><cards type="Pocket" player="KOPKHUNKRAP">S4 C2</cards>
<cards type="Pocket" player="LordSnow95">X X</cards>
<action no="5" player="LordSnow95" type="0" discard="1" dealt="1" sum="0"/>
</round>
</game>
<game gamecode="6512554497"><general><startdate>2025-10-23 01:16:12</startdate>
<round>1</round>
<failsafecounter/>
<players><player seat="6" name="LordSnow95" chips="825" dealer="0" win="0" bet="45" muck="1" rebuy="0" addon="0" merge="0" rebuychips="0" reg_code="5068008352"/>
<player seat="10" name="KOPKHUNKRAP" chips="675" dealer="1" win="90" bet="85" muck="1" rebuy="0" addon="0" merge="0" rebuychips="0" reg_code="5068008357"/>
</players>
</general>
<round no="0"><action no="1" player="KOPKHUNKRAP" type="15" sum="5"/>
<action no="2" player="LordSnow95" type="15" discard="1" dealt="1" sum="5"/>
<action no="3" player="KOPKHUNKRAP" type="1" sum="20"/>
<action no="4" player="LordSnow95" type="2" discard="1" dealt="1" sum="40"/>
</round>
<round no="1"><cards type="Pocket" player="KOPKHUNKRAP">HJ C4</cards>
<cards type="Pocket" player="LordSnow95">X X</cards>
<action no="5" player="KOPKHUNKRAP" type="3" sum="20"/>
<action no="6" player="LordSnow95" type="4" discard="1" dealt="1" sum="0"/>
</round>
<round no="2"><cards type="Flop">D10 SA S3</cards>
<action no="7" player="LordSnow95" type="4" discard="1" dealt="1" sum="0"/>
<action no="8" player="KOPKHUNKRAP" type="5" sum="40"/>
<action no="9" player="LordSnow95" type="0" discard="1" dealt="1" sum="0"/>
</round>
</game>
<game gamecode="6512554511"><general><startdate>2025-10-23 01:16:25</startdate>
<round>1</round>
<failsafecounter/>
<players><player seat="10" name="KOPKHUNKRAP" chips="720" dealer="0" win="90" bet="125" muck="1" rebuy="0" addon="0" merge="0" rebuychips="0" reg_code="5068008357"/>
<player seat="6" name="LordSnow95" chips="780" dealer="1" win="0" bet="45" muck="1" rebuy="0" addon="0" merge="0" rebuychips="0" reg_code="5068008352"/>
</players>
</general>
<round no="0"><action no="1" player="LordSnow95" type="15" discard="1" dealt="1" sum="5"/>
<action no="2" player="KOPKHUNKRAP" type="15" sum="5"/>
<action no="3" player="LordSnow95" type="1" discard="1" dealt="1" sum="20"/>
<action no="4" player="KOPKHUNKRAP" type="2" sum="40"/>
</round>
<round no="1"><cards type="Pocket" player="LordSnow95">X X</cards>
<cards type="Pocket" player="KOPKHUNKRAP">S9 SQ</cards>
<action no="5" player="LordSnow95" type="3" discard="1" dealt="1" sum="20"/>
<action no="6" player="KOPKHUNKRAP" type="23" sum="120"/>
<action no="7" player="LordSnow95" type="0" discard="1" dealt="1" sum="0"/>
</round>
</game>
<game gamecode="6512554523"><general><startdate>2025-10-23 01:16:36</startdate>
<round>1</round>
<failsafecounter/>
<players><player seat="6" name="LordSnow95" chips="735" dealer="0" win="0" bet="45" muck="1" rebuy="0" addon="0" merge="0" rebuychips="0" reg_code="5068008352"/>
<player seat="10" name="KOPKHUNKRAP" chips="765" dealer="1" win="90" bet="85" muck="1" rebuy="0" addon="0" merge="0" rebuychips="0" reg_code="5068008357"/>
</players>
</general>
<round no="0"><action no="1" player="KOPKHUNKRAP" type="15" sum="5"/>
<action no="2" player="LordSnow95" type="15" discard="1" dealt="1" sum="5"/>
<action no="3" player="KOPKHUNKRAP" type="1" sum="20"/>
<action no="4" player="LordSnow95" type="2" discard="1" dealt="1" sum="40"/>
</round>
<round no="1"><cards type="Pocket" player="LordSnow95">X X</cards>
<cards type="Pocket" player="KOPKHUNKRAP">H4 CJ</cards>
<action no="5" player="KOPKHUNKRAP" type="3" sum="20"/>
<action no="6" player="LordSnow95" type="4" discard="1" dealt="1" sum="0"/>
</round>
<round no="2"><cards type="Flop">DJ HJ D5</cards>
<action no="7" player="LordSnow95" type="4" discard="1" dealt="1" sum="0"/>
<action no="8" player="KOPKHUNKRAP" type="5" sum="40"/>
<action no="9" player="LordSnow95" type="0" discard="1" dealt="1" sum="0"/>
</round>
</game>
<game gamecode="6512554537"><general><startdate>2025-10-23 01:16:51</startdate>
<round>1</round>
<failsafecounter/>
<players><player seat="10" name="KOPKHUNKRAP" chips="810" dealer="0" win="50" bet="45" muck="1" rebuy="0" addon="0" merge="0" rebuychips="0" reg_code="5068008357"/>
<player seat="6" name="LordSnow95" chips="690" dealer="1" win="0" bet="25" muck="1" rebuy="0" addon="0" merge="0" rebuychips="0" reg_code="5068008352"/>
</players>
</general>
<round no="0"><action no="1" player="LordSnow95" type="15" discard="1" dealt="1" sum="5"/>
<action no="2" player="KOPKHUNKRAP" type="15" sum="5"/>
<action no="3" player="LordSnow95" type="1" discard="1" dealt="1" sum="20"/>
<action no="4" player="KOPKHUNKRAP" type="2" sum="40"/>
</round>
<round no="1"><cards type="Pocket" player="LordSnow95">X X</cards>
<cards type="Pocket" player="KOPKHUNKRAP">C8 D2</cards>
<action no="5" player="LordSnow95" type="0" discard="1" dealt="1" sum="0"/>
</round>
</game>
<game gamecode="6512554543"><general><startdate>2025-10-23 01:16:57</startdate>
<round>1</round>
<failsafecounter/>
<players><player seat="6" name="LordSnow95" chips="665" dealer="0" win="0" bet="45" muck="1" rebuy="0" addon="0" merge="0" rebuychips="0" reg_code="5068008352"/>
<player seat="10" name="KOPKHUNKRAP" chips="835" dealer="1" win="90" bet="45" muck="0" rebuy="0" addon="0" merge="0" rebuychips="0" reg_code="5068008357"/>
</players>
</general>
<round no="0"><action no="1" player="KOPKHUNKRAP" type="15" sum="5"/>
<action no="2" player="LordSnow95" type="15" discard="1" dealt="1" sum="5"/>
<action no="3" player="KOPKHUNKRAP" type="1" sum="20"/>
<action no="4" player="LordSnow95" type="2" discard="1" dealt="1" sum="40"/>
</round>
<round no="1"><cards type="Pocket" player="KOPKHUNKRAP">C6 CA</cards>
<cards type="Pocket" player="LordSnow95">D4 S7</cards>
<action no="5" player="KOPKHUNKRAP" type="3" sum="20"/>
<action no="6" player="LordSnow95" type="4" discard="1" dealt="1" sum="0"/>
</round>
<round no="2"><cards type="Flop">CK DQ S8</cards>
<action no="7" player="LordSnow95" type="4" discard="1" dealt="1" sum="0"/>
<action no="8" player="KOPKHUNKRAP" type="4" sum="0"/>
</round>
<round no="3"><cards type="Turn">D9</cards>
<action no="9" player="LordSnow95" type="4" discard="1" dealt="1" sum="0"/>
<action no="10" player="KOPKHUNKRAP" type="4" sum="0"/>
</round>
<round no="4"><cards type="River">S6</cards>
<action no="11" player="LordSnow95" type="4" discard="1" dealt="1" sum="0"/>
<action no="12" player="KOPKHUNKRAP" type="4" sum="0"/>
</round>
</game>
<game gamecode="6512554574"><general><startdate>2025-10-23 01:17:28</startdate>
<round>1</round>
<failsafecounter/>
<players><player seat="10" name="KOPKHUNKRAP" chips="880" dealer="0" win="0" bet="65" muck="1" rebuy="0" addon="0" merge="0" rebuychips="0" reg_code="5068008357"/>
<player seat="6" name="LordSnow95" chips="620" dealer="1" win="130" bet="125" muck="1" rebuy="0" addon="0" merge="0" rebuychips="0" reg_code="5068008352"/>
</players>
</general>
<round no="0"><action no="1" player="LordSnow95" type="15" discard="1" dealt="1" sum="5"/>
<action no="2" player="KOPKHUNKRAP" type="15" sum="5"/>
<action no="3" player="LordSnow95" type="1" discard="1" dealt="1" sum="30"/>
<action no="4" player="KOPKHUNKRAP" type="2" sum="60"/>
</round>
<round no="1"><cards type="Pocket" player="KOPKHUNKRAP">H7 C9</cards>
<cards type="Pocket" player="LordSnow95">X X</cards>
<action no="5" player="LordSnow95" type="23" discard="1" dealt="1" sum="120"/>
<action no="6" player="KOPKHUNKRAP" type="0" sum="0"/>
</round>
</game>
<game gamecode="6512554588"><general><startdate>2025-10-23 01:17:37</startdate>
<round>1</round>
<failsafecounter/>
<players><player seat="6" name="LordSnow95" chips="685" dealer="0" win="70" bet="65" muck="1" rebuy="0" addon="0" merge="0" rebuychips="0" reg_code="5068008352"/>
<player seat="10" name="KOPKHUNKRAP" chips="815" dealer="1" win="0" bet="35" muck="1" rebuy="0" addon="0" merge="0" rebuychips="0" reg_code="5068008357"/>
</players>
</general>
<round no="0"><action no="1" player="KOPKHUNKRAP" type="15" sum="5"/>
<action no="2" player="LordSnow95" type="15" discard="1" dealt="1" sum="5"/>
<action no="3" player="KOPKHUNKRAP" type="1" sum="30"/>
<action no="4" player="LordSnow95" type="2" discard="1" dealt="1" sum="60"/>
</round>
<round no="1"><cards type="Pocket" player="LordSnow95">X X</cards>
<cards type="Pocket" player="KOPKHUNKRAP">H2 S10</cards>
<action no="5" player="KOPKHUNKRAP" type="0" sum="0"/>
</round>
</game>
<game gamecode="6512554593"><general><startdate>2025-10-23 01:17:43</startdate>
<round>1</round>
<failsafecounter/>
<players><player seat="10" name="KOPKHUNKRAP" chips="780" dealer="0" win="0" bet="65" muck="1" rebuy="0" addon="0" merge="0" rebuychips="0" reg_code="5068008357"/>
<player seat="6" name="LordSnow95" chips="720" dealer="1" win="130" bet="125" muck="1" rebuy="0" addon="0" merge="0" rebuychips="0" reg_code="5068008352"/>
</players>
</general>
<round no="0"><action no="1" player="LordSnow95" type="15" discard="1" dealt="1" sum="5"/>
<action no="2" player="KOPKHUNKRAP" type="15" sum="5"/>
<action no="3" player="LordSnow95" type="1" discard="1" dealt="1" sum="30"/>
<action no="4" player="KOPKHUNKRAP" type="2" sum="60"/>
</round>
<round no="1"><cards type="Pocket" player="KOPKHUNKRAP">C7 HJ</cards>
<cards type="Pocket" player="LordSnow95">X X</cards>
<action no="5" player="LordSnow95" type="23" discard="1" dealt="1" sum="120"/>
<action no="6" player="KOPKHUNKRAP" type="0" sum="0"/>
</round>
</game>
<game gamecode="6512554601"><general><startdate>2025-10-23 01:17:51</startdate>
<round>1</round>
<failsafecounter/>
<players><player seat="6" name="LordSnow95" chips="785" dealer="0" win="70" bet="65" muck="1" rebuy="0" addon="0" merge="0" rebuychips="0" reg_code="5068008352"/>
<player seat="10" name="KOPKHUNKRAP" chips="715" dealer="1" win="0" bet="35" muck="1" rebuy="0" addon="0" merge="0" rebuychips="0" reg_code="5068008357"/>
</players>
</general>
<round no="0"><action no="1" player="KOPKHUNKRAP" type="15" sum="5"/>
<action no="2" player="LordSnow95" type="15" discard="1" dealt="1" sum="5"/>
<action no="3" player="KOPKHUNKRAP" type="1" sum="30"/>
<action no="4" player="LordSnow95" type="2" discard="1" dealt="1" sum="60"/>
</round>
<round no="1"><cards type="Pocket" player="LordSnow95">X X</cards>
<cards type="Pocket" player="KOPKHUNKRAP">D6 H3</cards>
<action no="5" player="KOPKHUNKRAP" type="0" sum="0"/>
</round>
</game>
<game gamecode="6512554607"><general><startdate>2025-10-23 01:17:56</startdate>
<round>1</round>
<failsafecounter/>
<players><player seat="10" name="KOPKHUNKRAP" chips="680" dealer="0" win="70" bet="65" muck="1" rebuy="0" addon="0" merge="0" rebuychips="0" reg_code="5068008357"/>
<player seat="6" name="LordSnow95" chips="820" dealer="1" win="0" bet="35" muck="1" rebuy="0" addon="0" merge="0" rebuychips="0" reg_code="5068008352"/>
</players>
</general>
<round no="0"><action no="1" player="LordSnow95" type="15" discard="1" dealt="1" sum="5"/>
<action no="2" player="KOPKHUNKRAP" type="15" sum="5"/>
<action no="3" player="LordSnow95" type="1" discard="1" dealt="1" sum="30"/>
<action no="4" player="KOPKHUNKRAP" type="2" sum="60"/>
</round>
<round no="1"><cards type="Pocket" player="LordSnow95">X X</cards>
<cards type="Pocket" player="KOPKHUNKRAP">C7 CQ</cards>
<action no="5" player="LordSnow95" type="0" discard="1" dealt="1" sum="0"/>
</round>
</game>
<game gamecode="6512554612"><general><startdate>2025-10-23 01:18:02</startdate>
<round>1</round>
<failsafecounter/>
<players><player seat="6" name="LordSnow95" chips="785" dealer="0" win="0" bet="65" muck="1" rebuy="0" addon="0" merge="0" rebuychips="0" reg_code="5068008352"/>
<player seat="10" name="KOPKHUNKRAP" chips="715" dealer="1" win="130" bet="125" muck="1" rebuy="0" addon="0" merge="0" rebuychips="0" reg_code="5068008357"/>
</players>
</general>
<round no="0"><action no="1" player="KOPKHUNKRAP" type="15" sum="5"/>
<action no="2" player="LordSnow95" type="15" discard="1" dealt="1" sum="5"/>
<action no="3" player="KOPKHUNKRAP" type="1" sum="30"/>
<action no="4" player="LordSnow95" type="2" discard="1" dealt="1" sum="60"/>
</round>
<round no="1"><cards type="Pocket" player="LordSnow95">X X</cards>
<cards type="Pocket" player="KOPKHUNKRAP">C5 S9</cards>
<action no="5" player="KOPKHUNKRAP" type="3" sum="30"/>
<action no="6" player="LordSnow95" type="4" discard="1" dealt="1" sum="0"/>
</round>
<round no="2"><cards type="Flop">CJ SA DQ</cards>
<action no="7" player="LordSnow95" type="4" discard="1" dealt="1" sum="0"/>
<action no="8" player="KOPKHUNKRAP" type="5" sum="60"/>
<action no="9" player="LordSnow95" type="0" discard="1" dealt="1" sum="0"/>
</round>
</game>
<game gamecode="6512554630"><general><startdate>2025-10-23 01:18:15</startdate>
<round>1</round>
<failsafecounter/>
<players><player seat="10" name="KOPKHUNKRAP" chips="780" dealer="0" win="70" bet="65" muck="1" rebuy="0" addon="0" merge="0" rebuychips="0" reg_code="5068008357"/>
<player seat="6" name="LordSnow95" chips="720" dealer="1" win="0" bet="35" muck="1" rebuy="0" addon="0" merge="0" rebuychips="0" reg_code="5068008352"/>
</players>
</general>
<round no="0"><action no="1" player="LordSnow95" type="15" discard="1" dealt="1" sum="5"/>
<action no="2" player="KOPKHUNKRAP" type="15" sum="5"/>
<action no="3" player="LordSnow95" type="1" discard="1" dealt="1" sum="30"/>
<action no="4" player="KOPKHUNKRAP" type="2" sum="60"/>
</round>
<round no="1"><cards type="Pocket" player="LordSnow95">X X</cards>
<cards type="Pocket" player="KOPKHUNKRAP">S8 C6</cards>
<action no="5" player="LordSnow95" type="0" discard="1" dealt="1" sum="0"/>
</round>
</game>
<game gamecode="6512554637"><general><startdate>2025-10-23 01:18:21</startdate>
<round>1</round>
<failsafecounter/>
<players><player seat="6" name="LordSnow95" chips="685" dealer="0" win="130" bet="665" muck="1" rebuy="0" addon="0" merge="0" rebuychips="0" reg_code="5068008352"/>
<player seat="10" name="KOPKHUNKRAP" chips="815" dealer="1" win="0" bet="65" muck="1" rebuy="0" addon="0" merge="0" rebuychips="0" reg_code="5068008357"/>
</players>
</general>
<round no="0"><action no="1" player="KOPKHUNKRAP" type="15" sum="5"/>
<action no="2" player="LordSnow95" type="15" discard="1" dealt="1" sum="5"/>
<action no="3" player="KOPKHUNKRAP" type="1" sum="30"/>
<action no="4" player="LordSnow95" type="2" discard="1" dealt="1" sum="60"/>
</round>
<round no="1"><cards type="Pocket" player="KOPKHUNKRAP">D4 C5</cards>
<cards type="Pocket" player="LordSnow95">X X</cards>
<action no="5" player="KOPKHUNKRAP" type="3" sum="30"/>
<action no="6" player="LordSnow95" type="23" discard="1" dealt="1" sum="660"/>
<action no="7" player="KOPKHUNKRAP" type="0" sum="0"/>
</round>
</game>
<game gamecode="6512554649"><general><startdate>2025-10-23 01:18:34</startdate>
<round>1</round>
<failsafecounter/>
<players><player seat="10" name="KOPKHUNKRAP" chips="750" dealer="0" win="70" bet="65" muck="1" rebuy="0" addon="0" merge="0" rebuychips="0" reg_code="5068008357"/>
<player seat="6" name="LordSnow95" chips="750" dealer="1" win="0" bet="35" muck="1" rebuy="0" addon="0" merge="0" rebuychips="0" reg_code="5068008352"/>
</players>
</general>
<round no="0"><action no="1" player="LordSnow95" type="15" discard="1" dealt="1" sum="5"/>
<action no="2" player="KOPKHUNKRAP" type="15" sum="5"/>
<action no="3" player="LordSnow95" type="1" discard="1" dealt="1" sum="30"/>
<action no="4" player="KOPKHUNKRAP" type="2" sum="60"/>
</round>
<round no="1"><cards type="Pocket" player="LordSnow95">X X</cards>
<cards type="Pocket" player="KOPKHUNKRAP">C10 CQ</cards>
<action no="5" player="LordSnow95" type="0" discard="1" dealt="1" sum="0"/>
</round>
</game>
<game gamecode="6512554660"><general><startdate>2025-10-23 01:18:40</startdate>
<round>1</round>
<failsafecounter/>
<players><player seat="6" name="LordSnow95" chips="715" dealer="0" win="0" bet="65" muck="1" rebuy="0" addon="0" merge="0" rebuychips="0" reg_code="5068008352"/>
<player seat="10" name="KOPKHUNKRAP" chips="785" dealer="1" win="130" bet="785" muck="1" rebuy="0" addon="0" merge="0" rebuychips="0" reg_code="5068008357"/>
</players>
</general>
<round no="0"><action no="1" player="KOPKHUNKRAP" type="15" sum="5"/>
<action no="2" player="LordSnow95" type="15" discard="1" dealt="1" sum="5"/>
<action no="3" player="KOPKHUNKRAP" type="1" sum="30"/>
<action no="4" player="LordSnow95" type="2" discard="1" dealt="1" sum="60"/>
</round>
<round no="1"><cards type="Pocket" player="KOPKHUNKRAP">D5 S5</cards>
<cards type="Pocket" player="LordSnow95">X X</cards>
<action no="5" player="KOPKHUNKRAP" type="23" sum="780"/>
<action no="6" player="LordSnow95" type="0" discard="1" dealt="1" sum="0"/>
</round>
</game>
<game gamecode="6512554668"><general><startdate>2025-10-23 01:18:47</startdate>
<round>1</round>
<failsafecounter/>
<players><player seat="10" name="KOPKHUNKRAP" chips="850" dealer="0" win="430" bet="850" muck="1" rebuy="0" addon="0" merge="0" rebuychips="0" reg_code="5068008357"/>
<player seat="6" name="LordSnow95" chips="650" dealer="1" win="0" bet="215" muck="1" rebuy="0" addon="0" merge="0" rebuychips="0" reg_code="5068008352"/>
</players>
</general>
<round no="0"><action no="1" player="LordSnow95" type="15" discard="1" dealt="1" sum="5"/>
<action no="2" player="KOPKHUNKRAP" type="15" sum="5"/>
<action no="3" player="LordSnow95" type="1" discard="1" dealt="1" sum="30"/>
<action no="4" player="KOPKHUNKRAP" type="2" sum="60"/>
</round>
<round no="1"><cards type="Pocket" player="KOPKHUNKRAP">DJ D8</cards>
<cards type="Pocket" player="LordSnow95">X X</cards>
<action no="5" player="LordSnow95" type="23" discard="1" dealt="1" sum="120"/>
<action no="6" player="KOPKHUNKRAP" type="3" sum="60"/>
</round>
<round no="2"><cards type="Flop">S8 S10 C2</cards>
<action no="7" player="KOPKHUNKRAP" type="4" sum="0"/>
<action no="8" player="LordSnow95" type="5" discard="1" dealt="1" sum="90"/>
<action no="9" player="KOPKHUNKRAP" type="23" sum="725"/>
<action no="10" player="LordSnow95" type="0" discard="1" dealt="1" sum="0"/>
</round>
</game>
<game gamecode="6512554691"><general><startdate>2025-10-23 01:19:09</startdate>
<round>1</round>
<failsafecounter/>
<players><player seat="6" name="LordSnow95" chips="435" dealer="0" win="0" bet="435" muck="0" rebuy="0" addon="0" merge="0" rebuychips="0" reg_code="5068008352"/>
<player seat="10" name="KOPKHUNKRAP" chips="1,065" dealer="1" win="870" bet="1,065" muck="0" rebuy="0" addon="0" merge="0" rebuychips="0" reg_code="5068008357"/>
</players>
</general>
<round no="0"><action no="1" player="KOPKHUNKRAP" type="15" sum="8"/>
<action no="2" player="LordSnow95" type="15" discard="1" dealt="1" sum="8"/>
<action no="3" player="KOPKHUNKRAP" type="1" sum="40"/>
<action no="4" player="LordSnow95" type="2" discard="1" dealt="1" sum="80"/>
</round>
<round no="1"><cards type="Pocket" player="KOPKHUNKRAP">C9 S10</cards>
<cards type="Pocket" player="LordSnow95">D9 D7</cards>
<action no="5" player="KOPKHUNKRAP" type="23" sum="1,057"/>
<action no="6" player="LordSnow95" type="7" discard="1" dealt="1" sum="347"/>
</round>
<round no="2"><cards type="Flop">SK S3 D5</cards>
</round>
<round no="3"><cards type="Turn">HQ</cards>
</round>
<round no="4"><cards type="River">S8</cards>
</round>
</game>
</session>
