<?xml version="1.0" encoding="UTF-8"?>
<session sessioncode="5069034895">
<general>
<client_version>25.1.1.16</client_version>
<mode>real</mode>
<gametype>Holdem NL</gametype>
<tablename>Twister €100 SNG, 820607541</tablename>
<tournamentcode>820607539</tournamentcode>
<tournamentname>Twister €100 SNG</tournamentname>
<buyin>€0 + €7 + €93</buyin>
<totalbuyin>€100</totalbuyin>
<rewarddrawn>€300</rewarddrawn>
<tournamentcurrency>EUR</tournamentcurrency>
<currency>EUR</currency>
<nickname>KOPKHUNKRAP</nickname>
<gamecount>35</gamecount>
<startdate>2025-10-28 00:09:36</startdate>
<place>1</place>
<win>€300</win>
<tablesize>3</tablesize>
</general>
<game gamecode="6516745162"><general><startdate>2025-10-28 00:09:51</startdate>
<round>1</round>
<failsafecounter/>
<players><player seat="10" name="KOPKHUNKRAP" chips="500" dealer="0" win="0" bet="20" muck="1" rebuy="0" addon="0" merge="0" rebuychips="0" reg_code="5069034895"/>
<player seat="3" name="KL99" chips="500" dealer="1" win="0" bet="60" muck="1" rebuy="0" addon="0" merge="0" rebuychips="0" reg_code="5069034548"/>
<player seat="6" name="Thechosenoonee" chips="500" dealer="0" win="140" bet="500" muck="1" rebuy="0" addon="0" merge="0" rebuychips="0" reg_code="5069034842"/>
</players>
</general>
<round no="0"><action no="1" player="Thechosenoonee" type="1" discard="1" dealt="1" sum="10"/>
<action no="2" player="KOPKHUNKRAP" type="2" sum="20"/>
</round>
<round no="1"><cards type="Pocket" player="KOPKHUNKRAP">D4 C3</cards>
<cards type="Pocket" player="KL99">X X</cards>
<cards type="Pocket" player="Thechosenoonee">X X</cards>
<action no="3" player="KL99" type="23" discard="1" dealt="1" sum="60"/>
<action no="4" player="Thechosenoonee" type="23" discard="1" dealt="1" sum="500"/>
<action no="5" player="KOPKHUNKRAP" type="0" sum="0"/>
<action no="6" player="KL99" type="0" discard="1" dealt="1" sum="0"/>
</round>
</game>
<game gamecode="6516745180"><general><startdate>2025-10-28 00:10:03</startdate>
<round>1</round>
<failsafecounter/>
<players><player seat="3" name="KL99" chips="440" dealer="0" win="20" bet="20" muck="1" rebuy="0" addon="0" merge="0" rebuychips="0" reg_code="5069034548"/>
<player seat="6" name="Thechosenoonee" chips="580" dealer="1" win="0" bet="0" muck="1" rebuy="0" addon="0" merge="0" rebuychips="0" reg_code="5069034842"/>
<player seat="10" name="KOPKHUNKRAP" chips="480" dealer="0" win="0" bet="10" muck="1" rebuy="0" addon="0" merge="0" rebuychips="0" reg_code="5069034895"/>
</players>
</general>
<round no="0"><action no="1" player="KOPKHUNKRAP" type="1" sum="10"/>
<action no="2" player="KL99" type="2" discard="1" dealt="1" sum="20"/>
</round>
<round no="1"><cards type="Pocket" player="KL99">X X</cards>
<cards type="Pocket" player="Thechosenoonee">X X</cards>
<cards type="Pocket" player="KOPKHUNKRAP">C5 H8</cards>
<action no="3" player="Thechosenoonee" type="0" discard="1" dealt="1" sum="0"/>
<action no="4" player="KOPKHUNKRAP" type="0" sum="0"/>
</round>
</game>
<game gamecode="6516745199"><general><startdate>2025-10-28 00:10:12</startdate>
<round>1</round>
<failsafecounter/>
<players><player seat="6" name="Thechosenoonee" chips="580" dealer="0" win="160" bet="80" muck="0" rebuy="0" addon="0" merge="0" rebuychips="0" reg_code="5069034842"/>
<player seat="10" name="KOPKHUNKRAP" chips="470" dealer="1" win="0" bet="0" muck="1" rebuy="0" addon="0" merge="0" rebuychips="0" reg_code="5069034895"/>
<player seat="3" name="KL99" chips="450" dealer="0" win="0" bet="80" muck="0" rebuy="0" addon="0" merge="0" rebuychips="0" reg_code="5069034548"/>
</players>
</general>
<round no="0"><action no="1" player="KL99" type="1" discard="1" dealt="1" sum="10"/>
<action no="2" player="Thechosenoonee" type="2" discard="1" dealt="1" sum="20"/>
</round>
<round no="1"><cards type="Pocket" player="Thechosenoonee">DA S2</cards>
<cards type="Pocket" player="KOPKHUNKRAP">C3 H2</cards>
<cards type="Pocket" player="KL99">H8 DQ</cards>
<action no="3" player="KOPKHUNKRAP" type="0" sum="0"/>
<action no="4" player="KL99" type="3" discard="1" dealt="1" sum="10"/>
<action no="5" player="Thechosenoonee" type="4" discard="1" dealt="1" sum="0"/>
</round>
<round no="2"><cards type="Flop">D5 D8 SA</cards>
<action no="6" player="KL99" type="4" discard="1" dealt="1" sum="0"/>
<action no="7" player="Thechosenoonee" type="4" discard="1" dealt="1" sum="0"/>
</round>
<round no="3"><cards type="Turn">DJ</cards>
<action no="8" player="KL99" type="5" discard="1" dealt="1" sum="20"/>
<action no="9" player="Thechosenoonee" type="3" discard="1" dealt="1" sum="20"/>
</round>
<round no="4"><cards type="River">SJ</cards>
<action no="10" player="KL99" type="5" discard="1" dealt="1" sum="40"/>
<action no="11" player="Thechosenoonee" type="3" discard="1" dealt="1" sum="40"/>
</round>
</game>
<game gamecode="6516745238"><general><startdate>2025-10-28 00:10:37</startdate>
<round>1</round>
<failsafecounter/>
<players><player seat="10" name="KOPKHUNKRAP" chips="470" dealer="0" win="0" bet="20" muck="1" rebuy="0" addon="0" merge="0" rebuychips="0" reg_code="5069034895"/>
<player seat="3" name="KL99" chips="370" dealer="1" win="50" bet="40" muck="1" rebuy="0" addon="0" merge="0" rebuychips="0" reg_code="5069034548"/>
<player seat="6" name="Thechosenoonee" chips="660" dealer="0" win="0" bet="10" muck="1" rebuy="0" addon="0" merge="0" rebuychips="0" reg_code="5069034842"/>
</players>
</general>
<round no="0"><action no="1" player="Thechosenoonee" type="1" discard="1" dealt="1" sum="10"/>
<action no="2" player="KOPKHUNKRAP" type="2" sum="20"/>
</round>
<round no="1"><cards type="Pocket" player="KL99">X X</cards>
<cards type="Pocket" player="KOPKHUNKRAP">S7 D2</cards>
<cards type="Pocket" player="Thechosenoonee">X X</cards>
<action no="3" player="KL99" type="23" discard="1" dealt="1" sum="40"/>
<action no="4" player="Thechosenoonee" type="0" discard="1" dealt="1" sum="0"/>
<action no="5" player="KOPKHUNKRAP" type="0" sum="0"/>
</round>
</game>
<game gamecode="6516745260"><general><startdate>2025-10-28 00:10:49</startdate>
<round>1</round>
<failsafecounter/>
<players><player seat="3" name="KL99" chips="400" dealer="0" win="148" bet="69" muck="0" rebuy="0" addon="0" merge="0" rebuychips="0" reg_code="5069034548"/>
<player seat="6" name="Thechosenoonee" chips="650" dealer="1" win="0" bet="69" muck="1" rebuy="0" addon="0" merge="0" rebuychips="0" reg_code="5069034842"/>
<player seat="10" name="KOPKHUNKRAP" chips="450" dealer="0" win="0" bet="10" muck="1" rebuy="0" addon="0" merge="0" rebuychips="0" reg_code="5069034895"/>
</players>
</general>
<round no="0"><action no="1" player="KOPKHUNKRAP" type="1" sum="10"/>
<action no="2" player="KL99" type="2" discard="1" dealt="1" sum="20"/>
</round>
<round no="1"><cards type="Pocket" player="KOPKHUNKRAP">C6 H4</cards>
<cards type="Pocket" player="KL99">C10 C5</cards>
<cards type="Pocket" player="Thechosenoonee">SQ S10</cards>
<action no="3" player="Thechosenoonee" type="23" discard="1" dealt="1" sum="40"/>
<action no="4" player="KOPKHUNKRAP" type="0" sum="0"/>
<action no="5" player="KL99" type="3" discard="1" dealt="1" sum="20"/>
</round>
<round no="2"><cards type="Flop">CQ H6 C2</cards>
<action no="6" player="KL99" type="4" discard="1" dealt="1" sum="0"/>
<action no="7" player="Thechosenoonee" type="5" discard="1" dealt="1" sum="29"/>
<action no="8" player="KL99" type="3" discard="1" dealt="1" sum="29"/>
</round>
<round no="3"><cards type="Turn">CK</cards>
<action no="9" player="KL99" type="4" discard="1" dealt="1" sum="0"/>
<action no="10" player="Thechosenoonee" type="4" discard="1" dealt="1" sum="0"/>
</round>
<round no="4"><cards type="River">S2</cards>
<action no="11" player="KL99" type="4" discard="1" dealt="1" sum="0"/>
<action no="12" player="Thechosenoonee" type="4" discard="1" dealt="1" sum="0"/>
</round>
</game>
<game gamecode="6516745310"><general><startdate>2025-10-28 00:11:20</startdate>
<round>1</round>
<failsafecounter/>
<players><player seat="6" name="Thechosenoonee" chips="581" dealer="0" win="20" bet="20" muck="1" rebuy="0" addon="0" merge="0" rebuychips="0" reg_code="5069034842"/>
<player seat="10" name="KOPKHUNKRAP" chips="440" dealer="1" win="0" bet="0" muck="1" rebuy="0" addon="0" merge="0" rebuychips="0" reg_code="5069034895"/>
<player seat="3" name="KL99" chips="479" dealer="0" win="0" bet="10" muck="1" rebuy="0" addon="0" merge="0" rebuychips="0" reg_code="5069034548"/>
</players>
</general>
<round no="0"><action no="1" player="KL99" type="1" discard="1" dealt="1" sum="10"/>
<action no="2" player="Thechosenoonee" type="2" discard="1" dealt="1" sum="20"/>
</round>
<round no="1"><cards type="Pocket" player="Thechosenoonee">X X</cards>
<cards type="Pocket" player="KL99">X X</cards>
<cards type="Pocket" player="KOPKHUNKRAP">D5 SK</cards>
<action no="3" player="KOPKHUNKRAP" type="0" sum="0"/>
<action no="4" player="KL99" type="0" discard="1" dealt="1" sum="0"/>
</round>
</game>
<game gamecode="6516745327"><general><startdate>2025-10-28 00:11:27</startdate>
<round>1</round>
<failsafecounter/>
<players><player seat="10" name="KOPKHUNKRAP" chips="440" dealer="0" win="0" bet="20" muck="1" rebuy="0" addon="0" merge="0" rebuychips="0" reg_code="5069034895"/>
<player seat="3" name="KL99" chips="469" dealer="1" win="50" bet="40" muck="1" rebuy="0" addon="0" merge="0" rebuychips="0" reg_code="5069034548"/>
<player seat="6" name="Thechosenoonee" chips="591" dealer="0" win="0" bet="10" muck="1" rebuy="0" addon="0" merge="0" rebuychips="0" reg_code="5069034842"/>
</players>
</general>
<round no="0"><action no="1" player="Thechosenoonee" type="1" discard="1" dealt="1" sum="10"/>
<action no="2" player="KOPKHUNKRAP" type="2" sum="20"/>
</round>
<round no="1"><cards type="Pocket" player="Thechosenoonee">X X</cards>
<cards type="Pocket" player="KOPKHUNKRAP">SQ S2</cards>
<cards type="Pocket" player="KL99">X X</cards>
<action no="3" player="KL99" type="23" discard="1" dealt="1" sum="40"/>
<action no="4" player="Thechosenoonee" type="0" discard="1" dealt="1" sum="0"/>
<action no="5" player="KOPKHUNKRAP" type="0" sum="0"/>
</round>
</game>
<game gamecode="6516745369"><general><startdate>2025-10-28 00:11:51</startdate>
<round>1</round>
<failsafecounter/>
<players><player seat="3" name="KL99" chips="499" dealer="0" win="0" bet="35" muck="1" rebuy="0" addon="0" merge="0" rebuychips="0" reg_code="5069034548"/>
<player seat="6" name="Thechosenoonee" chips="581" dealer="1" win="90" bet="65" muck="1" rebuy="0" addon="0" merge="0" rebuychips="0" reg_code="5069034842"/>
<player seat="10" name="KOPKHUNKRAP" chips="420" dealer="0" win="0" bet="20" muck="1" rebuy="0" addon="0" merge="0" rebuychips="0" reg_code="5069034895"/>
</players>
</general>
<round no="0"><action no="1" player="KOPKHUNKRAP" type="15" sum="5"/>
<action no="2" player="KL99" type="15" discard="1" dealt="1" sum="5"/>
<action no="3" player="Thechosenoonee" type="15" discard="1" dealt="1" sum="5"/>
<action no="4" player="KOPKHUNKRAP" type="1" sum="15"/>
<action no="5" player="KL99" type="2" discard="1" dealt="1" sum="30"/>
</round>
<round no="1"><cards type="Pocket" player="Thechosenoonee">X X</cards>
<cards type="Pocket" player="KL99">X X</cards>
<cards type="Pocket" player="KOPKHUNKRAP">HA C8</cards>
<action no="6" player="Thechosenoonee" type="23" discard="1" dealt="1" sum="60"/>
<action no="7" player="KOPKHUNKRAP" type="0" sum="0"/>
<action no="8" player="KL99" type="0" discard="1" dealt="1" sum="0"/>
</round>
</game>
<game gamecode="6516745412"><general><startdate>2025-10-28 00:12:11</startdate>
<round>1</round>
<failsafecounter/>
<players><player seat="6" name="Thechosenoonee" chips="636" dealer="0" win="45" bet="35" muck="1" rebuy="0" addon="0" merge="0" rebuychips="0" reg_code="5069034842"/>
<player seat="10" name="KOPKHUNKRAP" chips="400" dealer="1" win="0" bet="5" muck="1" rebuy="0" addon="0" merge="0" rebuychips="0" reg_code="5069034895"/>
<player seat="3" name="KL99" chips="464" dealer="0" win="0" bet="20" muck="1" rebuy="0" addon="0" merge="0" rebuychips="0" reg_code="5069034548"/>
</players>
</general>
<round no="0"><action no="1" player="KL99" type="15" discard="1" dealt="1" sum="5"/>
<action no="2" player="Thechosenoonee" type="15" discard="1" dealt="1" sum="5"/>
<action no="3" player="KOPKHUNKRAP" type="15" sum="5"/>
<action no="4" player="KL99" type="1" discard="1" dealt="1" sum="15"/>
<action no="5" player="Thechosenoonee" type="2" discard="1" dealt="1" sum="30"/>
</round>
<round no="1"><cards type="Pocket" player="Thechosenoonee">X X</cards>
<cards type="Pocket" player="KL99">X X</cards>
<cards type="Pocket" player="KOPKHUNKRAP">C9 D5</cards>
<action no="6" player="KOPKHUNKRAP" type="0" sum="0"/>
<action no="7" player="KL99" type="0" discard="1" dealt="1" sum="0"/>
</round>
</game>
<game gamecode="6516745436"><general><startdate>2025-10-28 00:12:23</startdate>
<round>1</round>
<failsafecounter/>
<players><player seat="10" name="KOPKHUNKRAP" chips="395" dealer="0" win="0" bet="35" muck="1" rebuy="0" addon="0" merge="0" rebuychips="0" reg_code="5069034895"/>
<player seat="3" name="KL99" chips="444" dealer="1" win="90" bet="65" muck="1" rebuy="0" addon="0" merge="0" rebuychips="0" reg_code="5069034548"/>
<player seat="6" name="Thechosenoonee" chips="661" dealer="0" win="0" bet="20" muck="1" rebuy="0" addon="0" merge="0" rebuychips="0" reg_code="5069034842"/>
</players>
</general>
<round no="0"><action no="1" player="Thechosenoonee" type="15" discard="1" dealt="1" sum="5"/>
<action no="2" player="KOPKHUNKRAP" type="15" sum="5"/>
<action no="3" player="KL99" type="15" discard="1" dealt="1" sum="5"/>
<action no="4" player="Thechosenoonee" type="1" discard="1" dealt="1" sum="15"/>
<action no="5" player="KOPKHUNKRAP" type="2" sum="30"/>
</round>
<round no="1"><cards type="Pocket" player="Thechosenoonee">X X</cards>
<cards type="Pocket" player="KL99">X X</cards>
<cards type="Pocket" player="KOPKHUNKRAP">C2 HK</cards>
<action no="6" player="KL99" type="23" discard="1" dealt="1" sum="60"/>
<action no="7" player="Thechosenoonee" type="0" discard="1" dealt="1" sum="0"/>
<action no="8" player="KOPKHUNKRAP" type="0" sum="0"/>
</round>
</game>
<game gamecode="6516745466"><general><startdate>2025-10-28 00:12:43</startdate>
<round>1</round>
<failsafecounter/>
<players><player seat="3" name="KL99" chips="499" dealer="0" win="0" bet="35" muck="1" rebuy="0" addon="0" merge="0" rebuychips="0" reg_code="5069034548"/>
<player seat="6" name="Thechosenoonee" chips="641" dealer="1" win="0" bet="5" muck="1" rebuy="0" addon="0" merge="0" rebuychips="0" reg_code="5069034842"/>
<player seat="10" name="KOPKHUNKRAP" chips="360" dealer="0" win="75" bet="65" muck="1" rebuy="0" addon="0" merge="0" rebuychips="0" reg_code="5069034895"/>
</players>
</general>
<round no="0"><action no="1" player="KOPKHUNKRAP" type="15" sum="5"/>
<action no="2" player="KL99" type="15" discard="1" dealt="1" sum="5"/>
<action no="3" player="Thechosenoonee" type="15" discard="1" dealt="1" sum="5"/>
<action no="4" player="KOPKHUNKRAP" type="1" sum="15"/>
<action no="5" player="KL99" type="2" discard="1" dealt="1" sum="30"/>
</round>
<round no="1"><cards type="Pocket" player="KL99">X X</cards>
<cards type="Pocket" player="KOPKHUNKRAP">DA CA</cards>
<cards type="Pocket" player="Thechosenoonee">X X</cards>
<action no="6" player="Thechosenoonee" type="0" discard="1" dealt="1" sum="0"/>
<action no="7" player="KOPKHUNKRAP" type="23" sum="60"/>
<action no="8" player="KL99" type="0" discard="1" dealt="1" sum="0"/>
</round>
</game>
<game gamecode="6516745490"><general><startdate>2025-10-28 00:12:54</startdate>
<round>1</round>
<failsafecounter/>
<players><player seat="6" name="Thechosenoonee" chips="636" dealer="0" win="0" bet="35" muck="1" rebuy="0" addon="0" merge="0" rebuychips="0" reg_code="5069034842"/>
<player seat="10" name="KOPKHUNKRAP" chips="400" dealer="1" win="90" bet="65" muck="1" rebuy="0" addon="0" merge="0" rebuychips="0" reg_code="5069034895"/>
<player seat="3" name="KL99" chips="464" dealer="0" win="0" bet="20" muck="1" rebuy="0" addon="0" merge="0" rebuychips="0" reg_code="5069034548"/>
</players>
</general>
<round no="0"><action no="1" player="KL99" type="15" discard="1" dealt="1" sum="5"/>
<action no="2" player="Thechosenoonee" type="15" discard="1" dealt="1" sum="5"/>
<action no="3" player="KOPKHUNKRAP" type="15" sum="5"/>
<action no="4" player="KL99" type="1" discard="1" dealt="1" sum="15"/>
<action no="5" player="Thechosenoonee" type="2" discard="1" dealt="1" sum="30"/>
</round>
<round no="1"><cards type="Pocket" player="KL99">X X</cards>
<cards type="Pocket" player="Thechosenoonee">X X</cards>
<cards type="Pocket" player="KOPKHUNKRAP">DQ HQ</cards>
<action no="6" player="KOPKHUNKRAP" type="23" sum="60"/>
<action no="7" player="KL99" type="0" discard="1" dealt="1" sum="0"/>
<action no="8" player="Thechosenoonee" type="0" discard="1" dealt="1" sum="0"/>
</round>
</game>
<game gamecode="6516745509"><general><startdate>2025-10-28 00:13:03</startdate>
<round>1</round>
<failsafecounter/>
<players><player seat="10" name="KOPKHUNKRAP" chips="455" dealer="0" win="0" bet="35" muck="1" rebuy="0" addon="0" merge="0" rebuychips="0" reg_code="5069034895"/>
<player seat="3" name="KL99" chips="444" dealer="1" win="90" bet="65" muck="1" rebuy="0" addon="0" merge="0" rebuychips="0" reg_code="5069034548"/>
<player seat="6" name="Thechosenoonee" chips="601" dealer="0" win="0" bet="20" muck="1" rebuy="0" addon="0" merge="0" rebuychips="0" reg_code="5069034842"/>
</players>
</general>
<round no="0"><action no="1" player="Thechosenoonee" type="15" discard="1" dealt="1" sum="5"/>
<action no="2" player="KOPKHUNKRAP" type="15" sum="5"/>
<action no="3" player="KL99" type="15" discard="1" dealt="1" sum="5"/>
<action no="4" player="Thechosenoonee" type="1" discard="1" dealt="1" sum="15"/>
<action no="5" player="KOPKHUNKRAP" type="2" sum="30"/>
</round>
<round no="1"><cards type="Pocket" player="Thechosenoonee">X X</cards>
<cards type="Pocket" player="KOPKHUNKRAP">H8 H2</cards>
<cards type="Pocket" player="KL99">X X</cards>
<action no="6" player="KL99" type="23" discard="1" dealt="1" sum="60"/>
<action no="7" player="Thechosenoonee" type="0" discard="1" dealt="1" sum="0"/>
<action no="8" player="KOPKHUNKRAP" type="0" sum="0"/>
</round>
</game>
<game gamecode="6516745533"><general><startdate>2025-10-28 00:13:16</startdate>
<round>1</round>
<failsafecounter/>
<players><player seat="3" name="KL99" chips="499" dealer="0" win="0" bet="45" muck="1" rebuy="0" addon="0" merge="0" rebuychips="0" reg_code="5069034548"/>
<player seat="6" name="Thechosenoonee" chips="581" dealer="1" win="115" bet="581" muck="1" rebuy="0" addon="0" merge="0" rebuychips="0" reg_code="5069034842"/>
<player seat="10" name="KOPKHUNKRAP" chips="420" dealer="0" win="0" bet="25" muck="1" rebuy="0" addon="0" merge="0" rebuychips="0" reg_code="5069034895"/>
</players>
</general>
<round no="0"><action no="1" player="KOPKHUNKRAP" type="15" sum="5"/>
<action no="2" player="KL99" type="15" discard="1" dealt="1" sum="5"/>
<action no="3" player="Thechosenoonee" type="15" discard="1" dealt="1" sum="5"/>
<action no="4" player="KOPKHUNKRAP" type="1" sum="20"/>
<action no="5" player="KL99" type="2" discard="1" dealt="1" sum="40"/>
</round>
<round no="1"><cards type="Pocket" player="KL99">X X</cards>
<cards type="Pocket" player="KOPKHUNKRAP">S8 S5</cards>
<cards type="Pocket" player="Thechosenoonee">X X</cards>
<action no="6" player="Thechosenoonee" type="23" discard="1" dealt="1" sum="576"/>
<action no="7" player="KOPKHUNKRAP" type="0" sum="0"/>
<action no="8" player="KL99" type="0" discard="1" dealt="1" sum="0"/>
</round>
</game>
<game gamecode="6516745557"><general><startdate>2025-10-28 00:13:29</startdate>
<round>1</round>
<failsafecounter/>
<players><player seat="6" name="Thechosenoonee" chips="651" dealer="0" win="0" bet="45" muck="1" rebuy="0" addon="0" merge="0" rebuychips="0" reg_code="5069034842"/>
<player seat="10" name="KOPKHUNKRAP" chips="395" dealer="1" win="115" bet="395" muck="1" rebuy="0" addon="0" merge="0" rebuychips="0" reg_code="5069034895"/>
<player seat="3" name="KL99" chips="454" dealer="0" win="0" bet="25" muck="1" rebuy="0" addon="0" merge="0" rebuychips="0" reg_code="5069034548"/>
</players>
</general>
<round no="0"><action no="1" player="KL99" type="15" discard="1" dealt="1" sum="5"/>
<action no="2" player="Thechosenoonee" type="15" discard="1" dealt="1" sum="5"/>
<action no="3" player="KOPKHUNKRAP" type="15" sum="5"/>
<action no="4" player="KL99" type="1" discard="1" dealt="1" sum="20"/>
<action no="5" player="Thechosenoonee" type="2" discard="1" dealt="1" sum="40"/>
</round>
<round no="1"><cards type="Pocket" player="Thechosenoonee">X X</cards>
<cards type="Pocket" player="KOPKHUNKRAP">DK SK</cards>
<cards type="Pocket" player="KL99">X X</cards>
<action no="6" player="KOPKHUNKRAP" type="23" sum="390"/>
<action no="7" player="KL99" type="0" discard="1" dealt="1" sum="0"/>
<action no="8" player="Thechosenoonee" type="0" discard="1" dealt="1" sum="0"/>
</round>
</game>
<game gamecode="6516745580"><general><startdate>2025-10-28 00:13:42</startdate>
<round>1</round>
<failsafecounter/>
<players><player seat="10" name="KOPKHUNKRAP" chips="465" dealer="0" win="0" bet="45" muck="1" rebuy="0" addon="0" merge="0" rebuychips="0" reg_code="5069034895"/>
<player seat="3" name="KL99" chips="429" dealer="1" win="115" bet="85" muck="1" rebuy="0" addon="0" merge="0" rebuychips="0" reg_code="5069034548"/>
<player seat="6" name="Thechosenoonee" chips="606" dealer="0" win="0" bet="25" muck="1" rebuy="0" addon="0" merge="0" rebuychips="0" reg_code="5069034842"/>
</players>
</general>
<round no="0"><action no="1" player="Thechosenoonee" type="15" discard="1" dealt="1" sum="5"/>
<action no="2" player="KOPKHUNKRAP" type="15" sum="5"/>
<action no="3" player="KL99" type="15" discard="1" dealt="1" sum="5"/>
<action no="4" player="Thechosenoonee" type="1" discard="1" dealt="1" sum="20"/>
<action no="5" player="KOPKHUNKRAP" type="2" sum="40"/>
</round>
<round no="1"><cards type="Pocket" player="KOPKHUNKRAP">S6 SK</cards>
<cards type="Pocket" player="KL99">X X</cards>
<cards type="Pocket" player="Thechosenoonee">X X</cards>
<action no="6" player="KL99" type="23" discard="1" dealt="1" sum="80"/>
<action no="7" player="Thechosenoonee" type="0" discard="1" dealt="1" sum="0"/>
<action no="8" player="KOPKHUNKRAP" type="0" sum="0"/>
</round>
</game>
<game gamecode="6516745618"><general><startdate>2025-10-28 00:14:01</startdate>
<round>1</round>
<failsafecounter/>
<players><player seat="3" name="KL99" chips="499" dealer="0" win="0" bet="45" muck="1" rebuy="0" addon="0" merge="0" rebuychips="0" reg_code="5069034548"/>
<player seat="6" name="Thechosenoonee" chips="581" dealer="1" win="115" bet="581" muck="1" rebuy="0" addon="0" merge="0" rebuychips="0" reg_code="5069034842"/>
<player seat="10" name="KOPKHUNKRAP" chips="420" dealer="0" win="0" bet="25" muck="1" rebuy="0" addon="0" merge="0" rebuychips="0" reg_code="5069034895"/>
</players>
</general>
<round no="0"><action no="1" player="KOPKHUNKRAP" type="15" sum="5"/>
<action no="2" player="KL99" type="15" discard="1" dealt="1" sum="5"/>
<action no="3" player="Thechosenoonee" type="15" discard="1" dealt="1" sum="5"/>
<action no="4" player="KOPKHUNKRAP" type="1" sum="20"/>
<action no="5" player="KL99" type="2" discard="1" dealt="1" sum="40"/>
</round>
<round no="1"><cards type="Pocket" player="KOPKHUNKRAP">D8 D6</cards>
<cards type="Pocket" player="KL99">X X</cards>
<cards type="Pocket" player="Thechosenoonee">X X</cards>
<action no="6" player="Thechosenoonee" type="23" discard="1" dealt="1" sum="576"/>
<action no="7" player="KOPKHUNKRAP" type="0" sum="0"/>
<action no="8" player="KL99" type="0" discard="1" dealt="1" sum="0"/>
</round>
</game>
<game gamecode="6516745639"><general><startdate>2025-10-28 00:14:13</startdate>
<round>1</round>
<failsafecounter/>
<players><player seat="6" name="Thechosenoonee" chips="651" dealer="0" win="0" bet="395" muck="1" rebuy="0" addon="0" merge="0" rebuychips="0" reg_code="5069034842"/>
<player seat="10" name="KOPKHUNKRAP" chips="395" dealer="1" win="815" bet="395" muck="0" rebuy="0" addon="0" merge="0" rebuychips="0" reg_code="5069034895"/>
<player seat="3" name="KL99" chips="454" dealer="0" win="0" bet="25" muck="1" rebuy="0" addon="0" merge="0" rebuychips="0" reg_code="5069034548"/>
</players>
</general>
<round no="0"><action no="1" player="KL99" type="15" discard="1" dealt="1" sum="5"/>
<action no="2" player="Thechosenoonee" type="15" discard="1" dealt="1" sum="5"/>
<action no="3" player="KOPKHUNKRAP" type="15" sum="5"/>
<action no="4" player="KL99" type="1" discard="1" dealt="1" sum="20"/>
<action no="5" player="Thechosenoonee" type="2" discard="1" dealt="1" sum="40"/>
</round>
<round no="1"><cards type="Pocket" player="KOPKHUNKRAP">HQ CK</cards>
<cards type="Pocket" player="KL99">X X</cards>
<cards type="Pocket" player="Thechosenoonee">D7 HA</cards>
<action no="6" player="KOPKHUNKRAP" type="23" sum="390"/>
<action no="7" player="KL99" type="0" discard="1" dealt="1" sum="0"/>
<action no="8" player="Thechosenoonee" type="3" discard="1" dealt="1" sum="350"/>
</round>
<round no="2"><cards type="Flop">C7 SK C2</cards>
</round>
<round no="3"><cards type="Turn">D4</cards>
</round>
<round no="4"><cards type="River">HJ</cards>
</round>
</game>
<game gamecode="6516745666"><general><startdate>2025-10-28 00:14:32</startdate>
<round>1</round>
<failsafecounter/>
<players><player seat="10" name="KOPKHUNKRAP" chips="815" dealer="0" win="55" bet="45" muck="1" rebuy="0" addon="0" merge="0" rebuychips="0" reg_code="5069034895"/>
<player seat="3" name="KL99" chips="429" dealer="1" win="0" bet="5" muck="1" rebuy="0" addon="0" merge="0" rebuychips="0" reg_code="5069034548"/>
<player seat="6" name="Thechosenoonee" chips="256" dealer="0" win="0" bet="25" muck="1" rebuy="0" addon="0" merge="0" rebuychips="0" reg_code="5069034842"/>
</players>
</general>
<round no="0"><action no="1" player="Thechosenoonee" type="15" discard="1" dealt="1" sum="5"/>
<action no="2" player="KOPKHUNKRAP" type="15" sum="5"/>
<action no="3" player="KL99" type="15" discard="1" dealt="1" sum="5"/>
<action no="4" player="Thechosenoonee" type="1" discard="1" dealt="1" sum="20"/>
<action no="5" player="KOPKHUNKRAP" type="2" sum="40"/>
</round>
<round no="1"><cards type="Pocket" player="KL99">X X</cards>
<cards type="Pocket" player="Thechosenoonee">X X</cards>
<cards type="Pocket" player="KOPKHUNKRAP">H5 D5</cards>
<action no="6" player="KL99" type="0" discard="1" dealt="1" sum="0"/>
<action no="7" player="Thechosenoonee" type="0" discard="1" dealt="1" sum="0"/>
</round>
</game>
<game gamecode="6516745681"><general><startdate>2025-10-28 00:14:44</startdate>
<round>1</round>
<failsafecounter/>
<players><player seat="3" name="KL99" chips="424" dealer="0" win="0" bet="45" muck="1" rebuy="0" addon="0" merge="0" rebuychips="0" reg_code="5069034548"/>
<player seat="6" name="Thechosenoonee" chips="231" dealer="1" win="115" bet="231" muck="1" rebuy="0" addon="0" merge="0" rebuychips="0" reg_code="5069034842"/>
<player seat="10" name="KOPKHUNKRAP" chips="845" dealer="0" win="0" bet="25" muck="1" rebuy="0" addon="0" merge="0" rebuychips="0" reg_code="5069034895"/>
</players>
</general>
<round no="0"><action no="1" player="KOPKHUNKRAP" type="15" sum="5"/>
<action no="2" player="KL99" type="15" discard="1" dealt="1" sum="5"/>
<action no="3" player="Thechosenoonee" type="15" discard="1" dealt="1" sum="5"/>
<action no="4" player="KOPKHUNKRAP" type="1" sum="20"/>
<action no="5" player="KL99" type="2" discard="1" dealt="1" sum="40"/>
</round>
<round no="1"><cards type="Pocket" player="KL99">X X</cards>
<cards type="Pocket" player="KOPKHUNKRAP">CQ H7</cards>
<cards type="Pocket" player="Thechosenoonee">X X</cards>
<action no="6" player="Thechosenoonee" type="23" discard="1" dealt="1" sum="226"/>
<action no="7" player="KOPKHUNKRAP" type="0" sum="0"/>
<action no="8" player="KL99" type="0" discard="1" dealt="1" sum="0"/>
</round>
</game>
<game gamecode="6516745697"><general><startdate>2025-10-28 00:14:54</startdate>
<round>1</round>
<failsafecounter/>
<players><player seat="6" name="Thechosenoonee" chips="301" dealer="0" win="75" bet="65" muck="1" rebuy="0" addon="0" merge="0" rebuychips="0" reg_code="5069034842"/>
<player seat="10" name="KOPKHUNKRAP" chips="820" dealer="1" win="0" bet="5" muck="1" rebuy="0" addon="0" merge="0" rebuychips="0" reg_code="5069034895"/>
<player seat="3" name="KL99" chips="379" dealer="0" win="0" bet="35" muck="1" rebuy="0" addon="0" merge="0" rebuychips="0" reg_code="5069034548"/>
</players>
</general>
<round no="0"><action no="1" player="KL99" type="15" discard="1" dealt="1" sum="5"/>
<action no="2" player="Thechosenoonee" type="15" discard="1" dealt="1" sum="5"/>
<action no="3" player="KOPKHUNKRAP" type="15" sum="5"/>
<action no="4" player="KL99" type="1" discard="1" dealt="1" sum="30"/>
<action no="5" player="Thechosenoonee" type="2" discard="1" dealt="1" sum="60"/>
</round>
<round no="1"><cards type="Pocket" player="KL99">X X</cards>
<cards type="Pocket" player="Thechosenoonee">X X</cards>
<cards type="Pocket" player="KOPKHUNKRAP">C7 SJ</cards>
<action no="6" player="KOPKHUNKRAP" type="0" sum="0"/>
<action no="7" player="KL99" type="0" discard="1" dealt="1" sum="0"/>
</round>
</game>
<game gamecode="6516745708"><general><startdate>2025-10-28 00:15:03</startdate>
<round>1</round>
<failsafecounter/>
<players><player seat="10" name="KOPKHUNKRAP" chips="815" dealer="0" win="75" bet="65" muck="1" rebuy="0" addon="0" merge="0" rebuychips="0" reg_code="5069034895"/>
<player seat="3" name="KL99" chips="344" dealer="1" win="0" bet="5" muck="1" rebuy="0" addon="0" merge="0" rebuychips="0" reg_code="5069034548"/>
<player seat="6" name="Thechosenoonee" chips="341" dealer="0" win="0" bet="35" muck="1" rebuy="0" addon="0" merge="0" rebuychips="0" reg_code="5069034842"/>
</players>
</general>
<round no="0"><action no="1" player="Thechosenoonee" type="15" discard="1" dealt="1" sum="5"/>
<action no="2" player="KOPKHUNKRAP" type="15" sum="5"/>
<action no="3" player="KL99" type="15" discard="1" dealt="1" sum="5"/>
<action no="4" player="Thechosenoonee" type="1" discard="1" dealt="1" sum="30"/>
<action no="5" player="KOPKHUNKRAP" type="2" sum="60"/>
</round>
<round no="1"><cards type="Pocket" player="KOPKHUNKRAP">HQ C9</cards>
<cards type="Pocket" player="Thechosenoonee">X X</cards>
<cards type="Pocket" player="KL99">X X</cards>
<action no="6" player="KL99" type="0" discard="1" dealt="1" sum="0"/>
<action no="7" player="Thechosenoonee" type="0" discard="1" dealt="1" sum="0"/>
</round>
</game>
<game gamecode="6516745718"><general><startdate>2025-10-28 00:15:09</startdate>
<round>1</round>
<failsafecounter/>
<players><player seat="3" name="KL99" chips="339" dealer="0" win="0" bet="339" muck="0" rebuy="0" addon="0" merge="0" rebuychips="0" reg_code="5069034548"/>
<player seat="6" name="Thechosenoonee" chips="306" dealer="1" win="0" bet="5" muck="1" rebuy="0" addon="0" merge="0" rebuychips="0" reg_code="5069034842"/>
<player seat="10" name="KOPKHUNKRAP" chips="855" dealer="0" win="683" bet="855" muck="0" rebuy="0" addon="0" merge="0" rebuychips="0" reg_code="5069034895"/>
</players>
</general>
<round no="0"><action no="1" player="KOPKHUNKRAP" type="15" sum="5"/>
<action no="2" player="KL99" type="15" discard="1" dealt="1" sum="5"/>
<action no="3" player="Thechosenoonee" type="15" discard="1" dealt="1" sum="5"/>
<action no="4" player="KOPKHUNKRAP" type="1" sum="30"/>
<action no="5" player="KL99" type="2" discard="1" dealt="1" sum="60"/>
</round>
<round no="1"><cards type="Pocket" player="Thechosenoonee">X X</cards>
<cards type="Pocket" player="KL99">S6 D6</cards>
<cards type="Pocket" player="KOPKHUNKRAP">C8 DA</cards>
<action no="6" player="Thechosenoonee" type="0" discard="1" dealt="1" sum="0"/>
<action no="7" player="KOPKHUNKRAP" type="23" sum="850"/>
<action no="8" player="KL99" type="7" discard="1" dealt="1" sum="274"/>
</round>
<round no="2"><cards type="Flop">D10 D8 CK</cards>
</round>
<round no="3"><cards type="Turn">D4</cards>
</round>
<round no="4"><cards type="River">S10</cards>
</round>
</game>
<game gamecode="6516745753"><general><startdate>2025-10-28 00:15:28</startdate>
<round>1</round>
<failsafecounter/>
<players><player seat="6" name="Thechosenoonee" chips="301" dealer="0" win="0" bet="65" muck="1" rebuy="0" addon="0" merge="0" rebuychips="0" reg_code="5069034842"/>
<player seat="10" name="KOPKHUNKRAP" chips="1,199" dealer="1" win="130" bet="125" muck="1" rebuy="0" addon="0" merge="0" rebuychips="0" reg_code="5069034895"/>
</players>
</general>
<round no="0"><action no="1" player="KOPKHUNKRAP" type="15" sum="5"/>
<action no="2" player="Thechosenoonee" type="15" discard="1" dealt="1" sum="5"/>
<action no="3" player="KOPKHUNKRAP" type="1" sum="30"/>
<action no="4" player="Thechosenoonee" type="2" discard="1" dealt="1" sum="60"/>
</round>
<round no="1"><cards type="Pocket" player="Thechosenoonee">X X</cards>
<cards type="Pocket" player="KOPKHUNKRAP">D6 C6</cards>
<action no="5" player="KOPKHUNKRAP" type="23" sum="120"/>
<action no="6" player="Thechosenoonee" type="0" discard="1" dealt="1" sum="0"/>
</round>
</game>
<game gamecode="6516745771"><general><startdate>2025-10-28 00:15:38</startdate>
<round>1</round>
<failsafecounter/>
<players><player seat="10" name="KOPKHUNKRAP" chips="1,264" dealer="0" win="70" bet="65" muck="1" rebuy="0" addon="0" merge="0" rebuychips="0" reg_code="5069034895"/>
<player seat="6" name="Thechosenoonee" chips="236" dealer="1" win="0" bet="35" muck="1" rebuy="0" addon="0" merge="0" rebuychips="0" reg_code="5069034842"/>
</players>
</general>
<round no="0"><action no="1" player="Thechosenoonee" type="15" discard="1" dealt="1" sum="5"/>
<action no="2" player="KOPKHUNKRAP" type="15" sum="5"/>
<action no="3" player="Thechosenoonee" type="1" discard="1" dealt="1" sum="30"/>
<action no="4" player="KOPKHUNKRAP" type="2" sum="60"/>
</round>
<round no="1"><cards type="Pocket" player="KOPKHUNKRAP">DK H10</cards>
<cards type="Pocket" player="Thechosenoonee">X X</cards>
<action no="5" player="Thechosenoonee" type="0" discard="1" dealt="1" sum="0"/>
</round>
</game>
<game gamecode="6516745806"><general><startdate>2025-10-28 00:15:56</startdate>
<round>1</round>
<failsafecounter/>
<players><player seat="6" name="Thechosenoonee" chips="201" dealer="0" win="70" bet="65" muck="1" rebuy="0" addon="0" merge="0" rebuychips="0" reg_code="5069034842"/>
<player seat="10" name="KOPKHUNKRAP" chips="1,299" dealer="1" win="0" bet="35" muck="1" rebuy="0" addon="0" merge="0" rebuychips="0" reg_code="5069034895"/>
</players>
</general>
<round no="0"><action no="1" player="KOPKHUNKRAP" type="15" sum="5"/>
<action no="2" player="Thechosenoonee" type="15" discard="1" dealt="1" sum="5"/>
<action no="3" player="KOPKHUNKRAP" type="1" sum="30"/>
<action no="4" player="Thechosenoonee" type="2" discard="1" dealt="1" sum="60"/>
</round>
<round no="1"><cards type="Pocket" player="KOPKHUNKRAP">C2 C7</cards>
<cards type="Pocket" player="Thechosenoonee">X X</cards>
<action no="5" player="KOPKHUNKRAP" type="0" sum="0"/>
</round>
</game>
<game gamecode="6516745828"><general><startdate>2025-10-28 00:16:11</startdate>
<round>1</round>
<failsafecounter/>
<players><player seat="10" name="KOPKHUNKRAP" chips="1,264" dealer="0" win="0" bet="236" muck="1" rebuy="0" addon="0" merge="0" rebuychips="0" reg_code="5069034895"/>
<player seat="6" name="Thechosenoonee" chips="236" dealer="1" win="472" bet="236" muck="0" rebuy="0" addon="0" merge="0" rebuychips="0" reg_code="5069034842"/>
</players>
</general>
<round no="0"><action no="1" player="Thechosenoonee" type="15" discard="1" dealt="1" sum="5"/>
<action no="2" player="KOPKHUNKRAP" type="15" sum="5"/>
<action no="3" player="Thechosenoonee" type="1" discard="1" dealt="1" sum="30"/>
<action no="4" player="KOPKHUNKRAP" type="2" sum="60"/>
</round>
<round no="1"><cards type="Pocket" player="Thechosenoonee">CK HJ</cards>
<cards type="Pocket" player="KOPKHUNKRAP">D5 S10</cards>
<action no="5" player="Thechosenoonee" type="23" discard="1" dealt="1" sum="231"/>
<action no="6" player="KOPKHUNKRAP" type="3" sum="171"/>
</round>
<round no="2"><cards type="Flop">C4 CJ S3</cards>
</round>
<round no="3"><cards type="Turn">D9</cards>
</round>
<round no="4"><cards type="River">DJ</cards>
</round>
</game>
<game gamecode="6516755413"><general><startdate>2025-10-28 00:16:29</startdate>
<round>1</round>
<failsafecounter/>
<players><player seat="6" name="Thechosenoonee" chips="472" dealer="0" win="70" bet="65" muck="1" rebuy="0" addon="0" merge="0" rebuychips="0" reg_code="5069034842"/>
<player seat="10" name="KOPKHUNKRAP" chips="1,028" dealer="1" win="0" bet="35" muck="1" rebuy="0" addon="0" merge="0" rebuychips="0" reg_code="5069034895"/>
</players>
</general>
<round no="0"><action no="1" player="KOPKHUNKRAP" type="15" sum="5"/>
<action no="2" player="Thechosenoonee" type="15" discard="1" dealt="1" sum="5"/>
<action no="3" player="KOPKHUNKRAP" type="1" sum="30"/>
<action no="4" player="Thechosenoonee" type="2" discard="1" dealt="1" sum="60"/>
</round>
<round no="1"><cards type="Pocket" player="Thechosenoonee">X X</cards>
<cards type="Pocket" player="KOPKHUNKRAP">H2 D7</cards>
<action no="5" player="KOPKHUNKRAP" type="0" sum="0"/>
</round>
</game>
<game gamecode="6516755424"><general><startdate>2025-10-28 00:16:35</startdate>
<round>1</round>
<failsafecounter/>
<players><player seat="10" name="KOPKHUNKRAP" chips="993" dealer="0" win="0" bet="507" muck="1" rebuy="0" addon="0" merge="0" rebuychips="0" reg_code="5069034895"/>
<player seat="6" name="Thechosenoonee" chips="507" dealer="1" win="1,014" bet="507" muck="0" rebuy="0" addon="0" merge="0" rebuychips="0" reg_code="5069034842"/>
</players>
</general>
<round no="0"><action no="1" player="Thechosenoonee" type="15" discard="1" dealt="1" sum="8"/>
<action no="2" player="KOPKHUNKRAP" type="15" sum="8"/>
<action no="3" player="Thechosenoonee" type="1" discard="1" dealt="1" sum="40"/>
<action no="4" player="KOPKHUNKRAP" type="2" sum="80"/>
</round>
<round no="1"><cards type="Pocket" player="KOPKHUNKRAP">S3 HK</cards>
<cards type="Pocket" player="Thechosenoonee">DA D3</cards>
<action no="5" player="Thechosenoonee" type="23" discard="1" dealt="1" sum="499"/>
<action no="6" player="KOPKHUNKRAP" type="3" sum="419"/>
</round>
<round no="2"><cards type="Flop">SA H7 DK</cards>
</round>
<round no="3"><cards type="Turn">D4</cards>
</round>
<round no="4"><cards type="River">H5</cards>
</round>
</game>
<game gamecode="6516755472"><general><startdate>2025-10-28 00:17:02</startdate>
<round>1</round>
<failsafecounter/>
<players><player seat="6" name="Thechosenoonee" chips="1,014" dealer="0" win="0" bet="88" muck="1" rebuy="0" addon="0" merge="0" rebuychips="0" reg_code="5069034842"/>
<player seat="10" name="KOPKHUNKRAP" chips="486" dealer="1" win="176" bet="486" muck="1" rebuy="0" addon="0" merge="0" rebuychips="0" reg_code="5069034895"/>
</players>
</general>
<round no="0"><action no="1" player="KOPKHUNKRAP" type="15" sum="8"/>
<action no="2" player="Thechosenoonee" type="15" discard="1" dealt="1" sum="8"/>
<action no="3" player="KOPKHUNKRAP" type="1" sum="40"/>
<action no="4" player="Thechosenoonee" type="2" discard="1" dealt="1" sum="80"/>
</round>
<round no="1"><cards type="Pocket" player="Thechosenoonee">X X</cards>
<cards type="Pocket" player="KOPKHUNKRAP">CK H5</cards>
<action no="5" player="KOPKHUNKRAP" type="23" sum="478"/>
<action no="6" player="Thechosenoonee" type="0" discard="1" dealt="1" sum="0"/>
</round>
</game>
<game gamecode="6516755496"><general><startdate>2025-10-28 00:17:18</startdate>
<round>1</round>
<failsafecounter/>
<players><player seat="10" name="KOPKHUNKRAP" chips="574" dealer="0" win="96" bet="88" muck="1" rebuy="0" addon="0" merge="0" rebuychips="0" reg_code="5069034895"/>
<player seat="6" name="Thechosenoonee" chips="926" dealer="1" win="0" bet="48" muck="1" rebuy="0" addon="0" merge="0" rebuychips="0" reg_code="5069034842"/>
</players>
</general>
<round no="0"><action no="1" player="Thechosenoonee" type="15" discard="1" dealt="1" sum="8"/>
<action no="2" player="KOPKHUNKRAP" type="15" sum="8"/>
<action no="3" player="Thechosenoonee" type="1" discard="1" dealt="1" sum="40"/>
<action no="4" player="KOPKHUNKRAP" type="2" sum="80"/>
</round>
<round no="1"><cards type="Pocket" player="Thechosenoonee">X X</cards>
<cards type="Pocket" player="KOPKHUNKRAP">D7 D4</cards>
<action no="5" player="Thechosenoonee" type="0" discard="1" dealt="1" sum="0"/>
</round>
</game>
<game gamecode="6516755505"><general><startdate>2025-10-28 00:17:23</startdate>
<round>1</round>
<failsafecounter/>
<players><player seat="6" name="Thechosenoonee" chips="878" dealer="0" win="0" bet="622" muck="1" rebuy="0" addon="0" merge="0" rebuychips="0" reg_code="5069034842"/>
<player seat="10" name="KOPKHUNKRAP" chips="622" dealer="1" win="1,244" bet="622" muck="0" rebuy="0" addon="0" merge="0" rebuychips="0" reg_code="5069034895"/>
</players>
</general>
<round no="0"><action no="1" player="KOPKHUNKRAP" type="15" sum="8"/>
<action no="2" player="Thechosenoonee" type="15" discard="1" dealt="1" sum="8"/>
<action no="3" player="KOPKHUNKRAP" type="1" sum="40"/>
<action no="4" player="Thechosenoonee" type="2" discard="1" dealt="1" sum="80"/>
</round>
<round no="1"><cards type="Pocket" player="Thechosenoonee">DJ HK</cards>
<cards type="Pocket" player="KOPKHUNKRAP">C5 C4</cards>
<action no="5" player="KOPKHUNKRAP" type="23" sum="614"/>
<action no="6" player="Thechosenoonee" type="3" discard="1" dealt="1" sum="534"/>
</round>
<round no="2"><cards type="Flop">H7 SJ DK</cards>
</round>
<round no="3"><cards type="Turn">C6</cards>
</round>
<round no="4"><cards type="River">D3</cards>
</round>
</game>
<game gamecode="6516755533"><general><startdate>2025-10-28 00:17:39</startdate>
<round>1</round>
<failsafecounter/>
<players><player seat="10" name="KOPKHUNKRAP" chips="1,244" dealer="0" win="0" bet="88" muck="1" rebuy="0" addon="0" merge="0" rebuychips="0" reg_code="5069034895"/>
<player seat="6" name="Thechosenoonee" chips="256" dealer="1" win="176" bet="256" muck="1" rebuy="0" addon="0" merge="0" rebuychips="0" reg_code="5069034842"/>
</players>
</general>
<round no="0"><action no="1" player="Thechosenoonee" type="15" discard="1" dealt="1" sum="8"/>
<action no="2" player="KOPKHUNKRAP" type="15" sum="8"/>
<action no="3" player="Thechosenoonee" type="1" discard="1" dealt="1" sum="40"/>
<action no="4" player="KOPKHUNKRAP" type="2" sum="80"/>
</round>
<round no="1"><cards type="Pocket" player="Thechosenoonee">X X</cards>
<cards type="Pocket" player="KOPKHUNKRAP">D8 H3</cards>
<action no="5" player="Thechosenoonee" type="23" discard="1" dealt="1" sum="248"/>
<action no="6" player="KOPKHUNKRAP" type="0" sum="0"/>
</round>
</game>
<game gamecode="6516755567"><general><startdate>2025-10-28 00:17:57</startdate>
<round>1</round>
<failsafecounter/>
<players><player seat="6" name="Thechosenoonee" chips="344" dealer="0" win="0" bet="88" muck="1" rebuy="0" addon="0" merge="0" rebuychips="0" reg_code="5069034842"/>
<player seat="10" name="KOPKHUNKRAP" chips="1,156" dealer="1" win="176" bet="1,156" muck="1" rebuy="0" addon="0" merge="0" rebuychips="0" reg_code="5069034895"/>
</players>
</general>
<round no="0"><action no="1" player="KOPKHUNKRAP" type="15" sum="8"/>
<action no="2" player="Thechosenoonee" type="15" discard="1" dealt="1" sum="8"/>
<action no="3" player="KOPKHUNKRAP" type="1" sum="40"/>
<action no="4" player="Thechosenoonee" type="2" discard="1" dealt="1" sum="80"/>
</round>
<round no="1"><cards type="Pocket" player="KOPKHUNKRAP">CJ CQ</cards>
<cards type="Pocket" player="Thechosenoonee">X X</cards>
<action no="5" player="KOPKHUNKRAP" type="23" sum="1,148"/>
<action no="6" player="Thechosenoonee" type="0" discard="1" dealt="1" sum="0"/>
</round>
</game>
<game gamecode="6516755583"><general><startdate>2025-10-28 00:18:08</startdate>
<round>1</round>
<failsafecounter/>
<players><player seat="10" name="KOPKHUNKRAP" chips="1,244" dealer="0" win="512" bet="256" muck="0" rebuy="0" addon="0" merge="0" rebuychips="0" reg_code="5069034895"/>
<player seat="6" name="Thechosenoonee" chips="256" dealer="1" win="0" bet="256" muck="0" rebuy="0" addon="0" merge="0" rebuychips="0" reg_code="5069034842"/>
</players>
</general>
<round no="0"><action no="1" player="Thechosenoonee" type="15" discard="1" dealt="1" sum="8"/>
<action no="2" player="KOPKHUNKRAP" type="15" sum="8"/>
<action no="3" player="Thechosenoonee" type="1" discard="1" dealt="1" sum="40"/>
<action no="4" player="KOPKHUNKRAP" type="2" sum="80"/>
</round>
<round no="1"><cards type="Pocket" player="Thechosenoonee">S3 HA</cards>
<cards type="Pocket" player="KOPKHUNKRAP">H8 CK</cards>
<action no="5" player="Thechosenoonee" type="23" discard="1" dealt="1" sum="248"/>
<action no="6" player="KOPKHUNKRAP" type="3" sum="168"/>
</round>
<round no="2"><cards type="Flop">C2 H7 D8</cards>
</round>
<round no="3"><cards type="Turn">S9</cards>
</round>
<round no="4"><cards type="River">D5</cards>
</round>
</game>
</session>
