<?xml version="1.0" encoding="UTF-8"?>
<session sessioncode="5069294035">
<general>
<client_version>24.7.1.15</client_version>
<mode>real</mode>
<gametype>Holdem NL</gametype>
<tablename>Twister €100 SNG, 820678510</tablename>
<tournamentcode>820677844</tournamentcode>
<tournamentname>Twister €100 SNG</tournamentname>
<buyin>€0 + €7 + €93</buyin>
<totalbuyin>€100</totalbuyin>
<rewarddrawn>€200</rewarddrawn>
<tournamentcurrency>EUR</tournamentcurrency>
<currency>EUR</currency>
<nickname>KOPKHUNKRAP</nickname>
<gamecount>15</gamecount>
<startdate>2025-10-29 12:26:43</startdate>
<place>1</place>
<win>€200</win>
<tablesize>3</tablesize>
</general>
<game gamecode="6517701705"><general><startdate>2025-10-29 12:26:59</startdate>
<round>1</round>
<failsafecounter/>
<players><player seat="10" name="KOPKHUNKRAP" chips="500" dealer="0" win="0" bet="20" muck="1" rebuy="0" addon="0" merge="0" rebuychips="0" reg_code="5069294035"/>
<player seat="3" name="Ankalaev" chips="500" dealer="1" win="0" bet="0" muck="1" rebuy="0" addon="0" merge="0" rebuychips="0" reg_code="5069293491"/>
<player seat="6" name="StelioPk" chips="500" dealer="0" win="40" bet="20" muck="0" rebuy="0" addon="0" merge="0" rebuychips="0" reg_code="5069293989"/>
</players>
</general>
<round no="0"><action no="1" player="StelioPk" type="1" discard="1" dealt="1" sum="10"/>
<action no="2" player="KOPKHUNKRAP" type="2" sum="20"/>
</round>
<round no="1"><cards type="Pocket" player="KOPKHUNKRAP">C9 C6</cards>
<cards type="Pocket" player="StelioPk">C5 HK</cards>
<cards type="Pocket" player="Ankalaev">X X</cards>
<action no="3" player="Ankalaev" type="0" discard="1" dealt="1" sum="0"/>
<action no="4" player="StelioPk" type="3" discard="1" dealt="1" sum="10"/>
<action no="5" player="KOPKHUNKRAP" type="4" sum="0"/>
</round>
<round no="2"><cards type="Flop">D5 CQ HA</cards>
<action no="6" player="StelioPk" type="4" discard="1" dealt="1" sum="0"/>
<action no="7" player="KOPKHUNKRAP" type="4" sum="0"/>
</round>
<round no="3"><cards type="Turn">H7</cards>
<action no="8" player="StelioPk" type="4" discard="1" dealt="1" sum="0"/>
<action no="9" player="KOPKHUNKRAP" type="4" sum="0"/>
</round>
<round no="4"><cards type="River">C3</cards>
<action no="10" player="StelioPk" type="4" discard="1" dealt="1" sum="0"/>
<action no="11" player="KOPKHUNKRAP" type="4" sum="0"/>
</round>
</game>
<game gamecode="6517701745"><general><startdate>2025-10-29 12:27:49</startdate>
<round>1</round>
<failsafecounter/>
<players><player seat="3" name="Ankalaev" chips="500" dealer="0" win="1,010" bet="500" muck="0" rebuy="0" addon="0" merge="0" rebuychips="0" reg_code="5069293491"/>
<player seat="6" name="StelioPk" chips="520" dealer="1" win="0" bet="500" muck="1" rebuy="0" addon="0" merge="0" rebuychips="0" reg_code="5069293989"/>
<player seat="10" name="KOPKHUNKRAP" chips="480" dealer="0" win="0" bet="10" muck="1" rebuy="0" addon="0" merge="0" rebuychips="0" reg_code="5069294035"/>
</players>
</general>
<round no="0"><action no="1" player="KOPKHUNKRAP" type="1" sum="10"/>
<action no="2" player="Ankalaev" type="2" discard="1" dealt="1" sum="20"/>
</round>
<round no="1"><cards type="Pocket" player="Ankalaev">S7 C9</cards>
<cards type="Pocket" player="KOPKHUNKRAP">CK H2</cards>
<cards type="Pocket" player="StelioPk">D5 DA</cards>
<action no="3" player="StelioPk" type="23" discard="1" dealt="1" sum="40"/>
<action no="4" player="KOPKHUNKRAP" type="0" sum="0"/>
<action no="5" player="Ankalaev" type="3" discard="1" dealt="1" sum="20"/>
</round>
<round no="2"><cards type="Flop">H8 HA S10</cards>
<action no="6" player="Ankalaev" type="4" discard="1" dealt="1" sum="0"/>
<action no="7" player="StelioPk" type="5" discard="1" dealt="1" sum="100"/>
<action no="8" player="Ankalaev" type="3" discard="1" dealt="1" sum="100"/>
</round>
<round no="3"><cards type="Turn">CJ</cards>
<action no="9" player="Ankalaev" type="4" discard="1" dealt="1" sum="0"/>
<action no="10" player="StelioPk" type="5" discard="1" dealt="1" sum="145"/>
<action no="11" player="Ankalaev" type="23" discard="1" dealt="1" sum="360"/>
<action no="12" player="StelioPk" type="3" discard="1" dealt="1" sum="215"/>
</round>
<round no="4"><cards type="River">S6</cards>
</round>
</game>
<game gamecode="6517701791"><general><startdate>2025-10-29 12:28:36</startdate>
<round>1</round>
<failsafecounter/>
<players><player seat="6" name="StelioPk" chips="20" dealer="0" win="0" bet="20" muck="1" rebuy="0" addon="0" merge="0" rebuychips="0" reg_code="5069293989"/>
<player seat="10" name="KOPKHUNKRAP" chips="470" dealer="1" win="50" bet="40" muck="0" rebuy="0" addon="0" merge="0" rebuychips="0" reg_code="5069294035"/>
<player seat="3" name="Ankalaev" chips="1,010" dealer="0" win="0" bet="10" muck="1" rebuy="0" addon="0" merge="0" rebuychips="0" reg_code="5069293491"/>
</players>
</general>
<round no="0"><action no="1" player="Ankalaev" type="1" discard="1" dealt="1" sum="10"/>
<action no="2" player="StelioPk" type="2" discard="1" dealt="1" sum="20"/>
</round>
<round no="1"><cards type="Pocket" player="Ankalaev">X X</cards>
<cards type="Pocket" player="KOPKHUNKRAP">DK D7</cards>
<cards type="Pocket" player="StelioPk">S3 HQ</cards>
<action no="3" player="KOPKHUNKRAP" type="23" sum="40"/>
<action no="4" player="Ankalaev" type="0" discard="1" dealt="1" sum="0"/>
</round>
<round no="2"><cards type="Flop">D9 S7 D3</cards>
</round>
<round no="3"><cards type="Turn">C9</cards>
</round>
<round no="4"><cards type="River">HK</cards>
</round>
</game>
<game gamecode="6517701805"><general><startdate>2025-10-29 12:28:51</startdate>
<round>1</round>
<failsafecounter/>
<players><player seat="10" name="KOPKHUNKRAP" chips="500" dealer="0" win="140" bet="70" muck="0" rebuy="0" addon="0" merge="0" rebuychips="0" reg_code="5069294035"/>
<player seat="3" name="Ankalaev" chips="1,000" dealer="1" win="0" bet="70" muck="1" rebuy="0" addon="0" merge="0" rebuychips="0" reg_code="5069293491"/>
</players>
</general>
<round no="0"><action no="1" player="Ankalaev" type="15" discard="1" dealt="1" sum="5"/>
<action no="2" player="KOPKHUNKRAP" type="15" sum="5"/>
<action no="3" player="Ankalaev" type="1" discard="1" dealt="1" sum="15"/>
<action no="4" player="KOPKHUNKRAP" type="2" sum="30"/>
</round>
<round no="1"><cards type="Pocket" player="Ankalaev">C7 CK</cards>
<cards type="Pocket" player="KOPKHUNKRAP">S8 S2</cards>
<action no="5" player="Ankalaev" type="3" discard="1" dealt="1" sum="15"/>
<action no="6" player="KOPKHUNKRAP" type="4" sum="0"/>
</round>
<round no="2"><cards type="Flop">DQ D2 D6</cards>
<action no="7" player="KOPKHUNKRAP" type="4" sum="0"/>
<action no="8" player="Ankalaev" type="5" discard="1" dealt="1" sum="35"/>
<action no="9" player="KOPKHUNKRAP" type="3" sum="35"/>
</round>
<round no="3"><cards type="Turn">H4</cards>
<action no="10" player="KOPKHUNKRAP" type="4" sum="0"/>
<action no="11" player="Ankalaev" type="4" discard="1" dealt="1" sum="0"/>
</round>
<round no="4"><cards type="River">CQ</cards>
<action no="12" player="KOPKHUNKRAP" type="4" sum="0"/>
<action no="13" player="Ankalaev" type="4" discard="1" dealt="1" sum="0"/>
</round>
</game>
<game gamecode="6517701815"><general><startdate>2025-10-29 12:29:07</startdate>
<round>1</round>
<failsafecounter/>
<players><player seat="3" name="Ankalaev" chips="930" dealer="0" win="0" bet="35" muck="1" rebuy="0" addon="0" merge="0" rebuychips="0" reg_code="5069293491"/>
<player seat="10" name="KOPKHUNKRAP" chips="570" dealer="1" win="70" bet="65" muck="1" rebuy="0" addon="0" merge="0" rebuychips="0" reg_code="5069294035"/>
</players>
</general>
<round no="0"><action no="1" player="KOPKHUNKRAP" type="15" sum="5"/>
<action no="2" player="Ankalaev" type="15" discard="1" dealt="1" sum="5"/>
<action no="3" player="KOPKHUNKRAP" type="1" sum="15"/>
<action no="4" player="Ankalaev" type="2" discard="1" dealt="1" sum="30"/>
</round>
<round no="1"><cards type="Pocket" player="KOPKHUNKRAP">C6 DA</cards>
<cards type="Pocket" player="Ankalaev">X X</cards>
<action no="5" player="KOPKHUNKRAP" type="3" sum="15"/>
<action no="6" player="Ankalaev" type="4" discard="1" dealt="1" sum="0"/>
</round>
<round no="2"><cards type="Flop">S5 H3 CQ</cards>
<action no="7" player="Ankalaev" type="4" discard="1" dealt="1" sum="0"/>
<action no="8" player="KOPKHUNKRAP" type="4" sum="0"/>
</round>
<round no="3"><cards type="Turn">S10</cards>
<action no="9" player="Ankalaev" type="4" discard="1" dealt="1" sum="0"/>
<action no="10" player="KOPKHUNKRAP" type="4" sum="0"/>
</round>
<round no="4"><cards type="River">D6</cards>
<action no="11" player="Ankalaev" type="4" discard="1" dealt="1" sum="0"/>
<action no="12" player="KOPKHUNKRAP" type="5" sum="30"/>
<action no="13" player="Ankalaev" type="0" discard="1" dealt="1" sum="0"/>
</round>
</game>
<game gamecode="6517701831"><general><startdate>2025-10-29 12:29:24</startdate>
<round>1</round>
<failsafecounter/>
<players><player seat="10" name="KOPKHUNKRAP" chips="605" dealer="0" win="70" bet="105" muck="1" rebuy="0" addon="0" merge="0" rebuychips="0" reg_code="5069294035"/>
<player seat="3" name="Ankalaev" chips="895" dealer="1" win="0" bet="35" muck="1" rebuy="0" addon="0" merge="0" rebuychips="0" reg_code="5069293491"/>
</players>
</general>
<round no="0"><action no="1" player="Ankalaev" type="15" discard="1" dealt="1" sum="5"/>
<action no="2" player="KOPKHUNKRAP" type="15" sum="5"/>
<action no="3" player="Ankalaev" type="1" discard="1" dealt="1" sum="15"/>
<action no="4" player="KOPKHUNKRAP" type="2" sum="30"/>
</round>
<round no="1"><cards type="Pocket" player="KOPKHUNKRAP">SK S7</cards>
<cards type="Pocket" player="Ankalaev">X X</cards>
<action no="5" player="Ankalaev" type="3" discard="1" dealt="1" sum="15"/>
<action no="6" player="KOPKHUNKRAP" type="4" sum="0"/>
</round>
<round no="2"><cards type="Flop">C3 C10 C9</cards>
<action no="7" player="KOPKHUNKRAP" type="4" sum="0"/>
<action no="8" player="Ankalaev" type="4" discard="1" dealt="1" sum="0"/>
</round>
<round no="3"><cards type="Turn">HQ</cards>
<action no="9" player="KOPKHUNKRAP" type="4" sum="0"/>
<action no="10" player="Ankalaev" type="4" discard="1" dealt="1" sum="0"/>
</round>
<round no="4"><cards type="River">DJ</cards>
<action no="11" player="KOPKHUNKRAP" type="5" sum="70"/>
<action no="12" player="Ankalaev" type="0" discard="1" dealt="1" sum="0"/>
</round>
</game>
<game gamecode="6517701844"><general><startdate>2025-10-29 12:29:41</startdate>
<round>1</round>
<failsafecounter/>
<players><player seat="3" name="Ankalaev" chips="860" dealer="0" win="0" bet="65" muck="1" rebuy="0" addon="0" merge="0" rebuychips="0" reg_code="5069293491"/>
<player seat="10" name="KOPKHUNKRAP" chips="640" dealer="1" win="130" bet="65" muck="0" rebuy="0" addon="0" merge="0" rebuychips="0" reg_code="5069294035"/>
</players>
</general>
<round no="0"><action no="1" player="KOPKHUNKRAP" type="15" sum="5"/>
<action no="2" player="Ankalaev" type="15" discard="1" dealt="1" sum="5"/>
<action no="3" player="KOPKHUNKRAP" type="1" sum="15"/>
<action no="4" player="Ankalaev" type="2" discard="1" dealt="1" sum="30"/>
</round>
<round no="1"><cards type="Pocket" player="Ankalaev">D2 CQ</cards>
<cards type="Pocket" player="KOPKHUNKRAP">H5 DK</cards>
<action no="5" player="KOPKHUNKRAP" type="3" sum="15"/>
<action no="6" player="Ankalaev" type="4" discard="1" dealt="1" sum="0"/>
</round>
<round no="2"><cards type="Flop">HJ C2 D8</cards>
<action no="7" player="Ankalaev" type="4" discard="1" dealt="1" sum="0"/>
<action no="8" player="KOPKHUNKRAP" type="4" sum="0"/>
</round>
<round no="3"><cards type="Turn">H10</cards>
<action no="9" player="Ankalaev" type="4" discard="1" dealt="1" sum="0"/>
<action no="10" player="KOPKHUNKRAP" type="4" sum="0"/>
</round>
<round no="4"><cards type="River">C5</cards>
<action no="11" player="Ankalaev" type="4" discard="1" dealt="1" sum="0"/>
<action no="12" player="KOPKHUNKRAP" type="5" sum="30"/>
<action no="13" player="Ankalaev" type="3" discard="1" dealt="1" sum="30"/>
</round>
</game>
<game gamecode="6517701875"><general><startdate>2025-10-29 12:30:10</startdate>
<round>1</round>
<failsafecounter/>
<players><player seat="10" name="KOPKHUNKRAP" chips="705" dealer="0" win="0" bet="35" muck="1" rebuy="0" addon="0" merge="0" rebuychips="0" reg_code="5069294035"/>
<player seat="3" name="Ankalaev" chips="795" dealer="1" win="70" bet="70" muck="1" rebuy="0" addon="0" merge="0" rebuychips="0" reg_code="5069293491"/>
</players>
</general>
<round no="0"><action no="1" player="Ankalaev" type="15" discard="1" dealt="1" sum="5"/>
<action no="2" player="KOPKHUNKRAP" type="15" sum="5"/>
<action no="3" player="Ankalaev" type="1" discard="1" dealt="1" sum="15"/>
<action no="4" player="KOPKHUNKRAP" type="2" sum="30"/>
</round>
<round no="1"><cards type="Pocket" player="Ankalaev">X X</cards>
<cards type="Pocket" player="KOPKHUNKRAP">DQ H6</cards>
<action no="5" player="Ankalaev" type="3" discard="1" dealt="1" sum="15"/>
<action no="6" player="KOPKHUNKRAP" type="4" sum="0"/>
</round>
<round no="2"><cards type="Flop">H3 D7 CK</cards>
<action no="7" player="KOPKHUNKRAP" type="4" sum="0"/>
<action no="8" player="Ankalaev" type="5" discard="1" dealt="1" sum="35"/>
<action no="9" player="KOPKHUNKRAP" type="0" sum="0"/>
</round>
</game>
<game gamecode="6517701903"><general><startdate>2025-10-29 12:30:34</startdate>
<round>1</round>
<failsafecounter/>
<players><player seat="3" name="Ankalaev" chips="830" dealer="0" win="0" bet="85" muck="1" rebuy="0" addon="0" merge="0" rebuychips="0" reg_code="5069293491"/>
<player seat="10" name="KOPKHUNKRAP" chips="670" dealer="1" win="170" bet="85" muck="0" rebuy="0" addon="0" merge="0" rebuychips="0" reg_code="5069294035"/>
</players>
</general>
<round no="0"><action no="1" player="KOPKHUNKRAP" type="15" sum="5"/>
<action no="2" player="Ankalaev" type="15" discard="1" dealt="1" sum="5"/>
<action no="3" player="KOPKHUNKRAP" type="1" sum="20"/>
<action no="4" player="Ankalaev" type="2" discard="1" dealt="1" sum="40"/>
</round>
<round no="1"><cards type="Pocket" player="KOPKHUNKRAP">S10 HA</cards>
<cards type="Pocket" player="Ankalaev">CJ D5</cards>
<action no="5" player="KOPKHUNKRAP" type="3" sum="20"/>
<action no="6" player="Ankalaev" type="4" discard="1" dealt="1" sum="0"/>
</round>
<round no="2"><cards type="Flop">DQ DK SQ</cards>
<action no="7" player="Ankalaev" type="4" discard="1" dealt="1" sum="0"/>
<action no="8" player="KOPKHUNKRAP" type="4" sum="0"/>
</round>
<round no="3"><cards type="Turn">S8</cards>
<action no="9" player="Ankalaev" type="4" discard="1" dealt="1" sum="0"/>
<action no="10" player="KOPKHUNKRAP" type="4" sum="0"/>
</round>
<round no="4"><cards type="River">DA</cards>
<action no="11" player="Ankalaev" type="4" discard="1" dealt="1" sum="0"/>
<action no="12" player="KOPKHUNKRAP" type="5" sum="40"/>
<action no="13" player="Ankalaev" type="3" discard="1" dealt="1" sum="40"/>
</round>
</game>
<game gamecode="6517701937"><general><startdate>2025-10-29 12:31:06</startdate>
<round>1</round>
<failsafecounter/>
<players><player seat="10" name="KOPKHUNKRAP" chips="755" dealer="0" win="90" bet="755" muck="1" rebuy="0" addon="0" merge="0" rebuychips="0" reg_code="5069294035"/>
<player seat="3" name="Ankalaev" chips="745" dealer="1" win="0" bet="45" muck="1" rebuy="0" addon="0" merge="0" rebuychips="0" reg_code="5069293491"/>
</players>
</general>
<round no="0"><action no="1" player="Ankalaev" type="15" discard="1" dealt="1" sum="5"/>
<action no="2" player="KOPKHUNKRAP" type="15" sum="5"/>
<action no="3" player="Ankalaev" type="1" discard="1" dealt="1" sum="20"/>
<action no="4" player="KOPKHUNKRAP" type="2" sum="40"/>
</round>
<round no="1"><cards type="Pocket" player="Ankalaev">X X</cards>
<cards type="Pocket" player="KOPKHUNKRAP">S5 HA</cards>
<action no="5" player="Ankalaev" type="3" discard="1" dealt="1" sum="20"/>
<action no="6" player="KOPKHUNKRAP" type="23" sum="750"/>
<action no="7" player="Ankalaev" type="0" discard="1" dealt="1" sum="0"/>
</round>
</game>
<game gamecode="6517701943"><general><startdate>2025-10-29 12:31:14</startdate>
<round>1</round>
<failsafecounter/>
<players><player seat="3" name="Ankalaev" chips="700" dealer="0" win="0" bet="135" muck="1" rebuy="0" addon="0" merge="0" rebuychips="0" reg_code="5069293491"/>
<player seat="10" name="KOPKHUNKRAP" chips="800" dealer="1" win="270" bet="225" muck="1" rebuy="0" addon="0" merge="0" rebuychips="0" reg_code="5069294035"/>
</players>
</general>
<round no="0"><action no="1" player="KOPKHUNKRAP" type="15" sum="5"/>
<action no="2" player="Ankalaev" type="15" discard="1" dealt="1" sum="5"/>
<action no="3" player="KOPKHUNKRAP" type="1" sum="20"/>
<action no="4" player="Ankalaev" type="2" discard="1" dealt="1" sum="40"/>
</round>
<round no="1"><cards type="Pocket" player="KOPKHUNKRAP">C7 HK</cards>
<cards type="Pocket" player="Ankalaev">X X</cards>
<action no="5" player="KOPKHUNKRAP" type="3" sum="20"/>
<action no="6" player="Ankalaev" type="4" discard="1" dealt="1" sum="0"/>
</round>
<round no="2"><cards type="Flop">C9 S7 S10</cards>
<action no="7" player="Ankalaev" type="4" discard="1" dealt="1" sum="0"/>
<action no="8" player="KOPKHUNKRAP" type="4" sum="0"/>
</round>
<round no="3"><cards type="Turn">H10</cards>
<action no="9" player="Ankalaev" type="5" discard="1" dealt="1" sum="90"/>
<action no="10" player="KOPKHUNKRAP" type="23" sum="180"/>
<action no="11" player="Ankalaev" type="0" discard="1" dealt="1" sum="0"/>
</round>
</game>
<game gamecode="6517701977"><general><startdate>2025-10-29 12:31:37</startdate>
<round>1</round>
<failsafecounter/>
<players><player seat="10" name="KOPKHUNKRAP" chips="935" dealer="0" win="0" bet="45" muck="1" rebuy="0" addon="0" merge="0" rebuychips="0" reg_code="5069294035"/>
<player seat="3" name="Ankalaev" chips="565" dealer="1" win="90" bet="90" muck="1" rebuy="0" addon="0" merge="0" rebuychips="0" reg_code="5069293491"/>
</players>
</general>
<round no="0"><action no="1" player="Ankalaev" type="15" discard="1" dealt="1" sum="5"/>
<action no="2" player="KOPKHUNKRAP" type="15" sum="5"/>
<action no="3" player="Ankalaev" type="1" discard="1" dealt="1" sum="20"/>
<action no="4" player="KOPKHUNKRAP" type="2" sum="40"/>
</round>
<round no="1"><cards type="Pocket" player="Ankalaev">X X</cards>
<cards type="Pocket" player="KOPKHUNKRAP">H2 D8</cards>
<action no="5" player="Ankalaev" type="3" discard="1" dealt="1" sum="20"/>
<action no="6" player="KOPKHUNKRAP" type="4" sum="0"/>
</round>
<round no="2"><cards type="Flop">D7 D4 CK</cards>
<action no="7" player="KOPKHUNKRAP" type="4" sum="0"/>
<action no="8" player="Ankalaev" type="5" discard="1" dealt="1" sum="45"/>
<action no="9" player="KOPKHUNKRAP" type="0" sum="0"/>
</round>
</game>
<game gamecode="6517701989"><general><startdate>2025-10-29 12:31:47</startdate>
<round>1</round>
<failsafecounter/>
<players><player seat="3" name="Ankalaev" chips="610" dealer="0" win="50" bet="45" muck="1" rebuy="0" addon="0" merge="0" rebuychips="0" reg_code="5069293491"/>
<player seat="10" name="KOPKHUNKRAP" chips="890" dealer="1" win="0" bet="25" muck="1" rebuy="0" addon="0" merge="0" rebuychips="0" reg_code="5069294035"/>
</players>
</general>
<round no="0"><action no="1" player="KOPKHUNKRAP" type="15" sum="5"/>
<action no="2" player="Ankalaev" type="15" discard="1" dealt="1" sum="5"/>
<action no="3" player="KOPKHUNKRAP" type="1" sum="20"/>
<action no="4" player="Ankalaev" type="2" discard="1" dealt="1" sum="40"/>
</round>
<round no="1"><cards type="Pocket" player="KOPKHUNKRAP">H9 S2</cards>
<cards type="Pocket" player="Ankalaev">X X</cards>
<action no="5" player="KOPKHUNKRAP" type="0" sum="0"/>
</round>
</game>
<game gamecode="6517701997"><general><startdate>2025-10-29 12:31:52</startdate>
<round>1</round>
<failsafecounter/>
<players><player seat="10" name="KOPKHUNKRAP" chips="865" dealer="0" win="568" bet="865" muck="1" rebuy="0" addon="0" merge="0" rebuychips="0" reg_code="5069294035"/>
<player seat="3" name="Ankalaev" chips="635" dealer="1" win="0" bet="284" muck="1" rebuy="0" addon="0" merge="0" rebuychips="0" reg_code="5069293491"/>
</players>
</general>
<round no="0"><action no="1" player="Ankalaev" type="15" discard="1" dealt="1" sum="5"/>
<action no="2" player="KOPKHUNKRAP" type="15" sum="5"/>
<action no="3" player="Ankalaev" type="1" discard="1" dealt="1" sum="20"/>
<action no="4" player="KOPKHUNKRAP" type="2" sum="40"/>
</round>
<round no="1"><cards type="Pocket" player="KOPKHUNKRAP">HA SA</cards>
<cards type="Pocket" player="Ankalaev">X X</cards>
<action no="5" player="Ankalaev" type="3" discard="1" dealt="1" sum="20"/>
<action no="6" player="KOPKHUNKRAP" type="23" sum="120"/>
<action no="7" player="Ankalaev" type="3" discard="1" dealt="1" sum="80"/>
</round>
<round no="2"><cards type="Flop">S4 D9 C5</cards>
<action no="8" player="KOPKHUNKRAP" type="5" sum="60"/>
<action no="9" player="Ankalaev" type="3" discard="1" dealt="1" sum="60"/>
</round>
<round no="3"><cards type="Turn">C9</cards>
<action no="10" player="KOPKHUNKRAP" type="4" sum="0"/>
<action no="11" player="Ankalaev" type="5" discard="1" dealt="1" sum="99"/>
<action no="12" player="KOPKHUNKRAP" type="23" sum="680"/>
<action no="13" player="Ankalaev" type="0" discard="1" dealt="1" sum="0"/>
</round>
</game>
<game gamecode="6517702035"><general><startdate>2025-10-29 12:32:29</startdate>
<round>1</round>
<failsafecounter/>
<players><player seat="3" name="Ankalaev" chips="351" dealer="0" win="0" bet="351" muck="0" rebuy="0" addon="0" merge="0" rebuychips="0" reg_code="5069293491"/>
<player seat="10" name="KOPKHUNKRAP" chips="1,149" dealer="1" win="702" bet="1,149" muck="0" rebuy="0" addon="0" merge="0" rebuychips="0" reg_code="5069294035"/>
</players>
</general>
<round no="0"><action no="1" player="KOPKHUNKRAP" type="15" sum="5"/>
<action no="2" player="Ankalaev" type="15" discard="1" dealt="1" sum="5"/>
<action no="3" player="KOPKHUNKRAP" type="1" sum="30"/>
<action no="4" player="Ankalaev" type="2" discard="1" dealt="1" sum="60"/>
</round>
<round no="1"><cards type="Pocket" player="Ankalaev">S6 SQ</cards>
<cards type="Pocket" player="KOPKHUNKRAP">S8 SA</cards>
<action no="5" player="KOPKHUNKRAP" type="23" sum="1,144"/>
<action no="6" player="Ankalaev" type="7" discard="1" dealt="1" sum="286"/>
</round>
<round no="2"><cards type="Flop">HQ DA D4</cards>
</round>
<round no="3"><cards type="Turn">S3</cards>
</round>
<round no="4"><cards type="River">SK</cards>
</round>
</game>
</session>
