<?xml version="1.0" encoding="UTF-8"?>
<session sessioncode="5069037321">
<general>
<client_version>25.1.1.16</client_version>
<mode>real</mode>
<gametype>Holdem NL</gametype>
<tablename>Twister €200 SNG, 820608238</tablename>
<tournamentcode>820608236</tournamentcode>
<tournamentname>Twister €200 SNG</tournamentname>
<buyin>€0 + €12 + €188</buyin>
<totalbuyin>€200</totalbuyin>
<rewarddrawn>€600</rewarddrawn>
<tournamentcurrency>EUR</tournamentcurrency>
<currency>EUR</currency>
<nickname>KOPKHUNKRAP</nickname>
<gamecount>6</gamecount>
<startdate>2025-10-28 00:22:20</startdate>
<place>3</place>
<win>€0</win>
<tablesize>3</tablesize>
</general>
<game gamecode="6516756082"><general><startdate>2025-10-28 00:22:36</startdate>
<round>1</round>
<failsafecounter/>
<players><player seat="10" name="KOPKHUNKRAP" chips="500" dealer="0" win="0" bet="20" muck="1" rebuy="0" addon="0" merge="0" rebuychips="0" reg_code="5069037321"/>
<player seat="3" name="Exivezzz2323" chips="500" dealer="1" win="0" bet="0" muck="1" rebuy="0" addon="0" merge="0" rebuychips="0" reg_code="5069036846"/>
<player seat="6" name="deIduKA" chips="500" dealer="0" win="40" bet="40" muck="1" rebuy="0" addon="0" merge="0" rebuychips="0" reg_code="5069037244"/>
</players>
</general>
<round no="0"><action no="1" player="deIduKA" type="1" discard="1" dealt="1" sum="10"/>
<action no="2" player="KOPKHUNKRAP" type="2" sum="20"/>
</round>
<round no="1"><cards type="Pocket" player="Exivezzz2323">X X</cards>
<cards type="Pocket" player="deIduKA">X X</cards>
<cards type="Pocket" player="KOPKHUNKRAP">C9 C2</cards>
<action no="3" player="Exivezzz2323" type="0" discard="1" dealt="1" sum="0"/>
<action no="4" player="deIduKA" type="3" discard="1" dealt="1" sum="10"/>
<action no="5" player="KOPKHUNKRAP" type="4" sum="0"/>
</round>
<round no="2"><cards type="Flop">D4 DA D10</cards>
<action no="6" player="deIduKA" type="4" discard="1" dealt="1" sum="0"/>
<action no="7" player="KOPKHUNKRAP" type="4" sum="0"/>
</round>
<round no="3"><cards type="Turn">H5</cards>
<action no="8" player="deIduKA" type="5" discard="1" dealt="1" sum="20"/>
<action no="9" player="KOPKHUNKRAP" type="0" sum="0"/>
</round>
</game>
<game gamecode="6516756142"><general><startdate>2025-10-28 00:23:09</startdate>
<round>1</round>
<failsafecounter/>
<players><player seat="3" name="Exivezzz2323" chips="500" dealer="0" win="234" bet="500" muck="1" rebuy="0" addon="0" merge="0" rebuychips="0" reg_code="5069036846"/>
<player seat="6" name="deIduKA" chips="520" dealer="1" win="0" bet="0" muck="1" rebuy="0" addon="0" merge="0" rebuychips="0" reg_code="5069037244"/>
<player seat="10" name="KOPKHUNKRAP" chips="480" dealer="0" win="0" bet="117" muck="1" rebuy="0" addon="0" merge="0" rebuychips="0" reg_code="5069037321"/>
</players>
</general>
<round no="0"><action no="1" player="KOPKHUNKRAP" type="1" sum="10"/>
<action no="2" player="Exivezzz2323" type="2" discard="1" dealt="1" sum="20"/>
</round>
<round no="1"><cards type="Pocket" player="Exivezzz2323">X X</cards>
<cards type="Pocket" player="deIduKA">X X</cards>
<cards type="Pocket" player="KOPKHUNKRAP">D7 D5</cards>
<action no="3" player="deIduKA" type="0" discard="1" dealt="1" sum="0"/>
<action no="4" player="KOPKHUNKRAP" type="3" sum="10"/>
<action no="5" player="Exivezzz2323" type="23" discard="1" dealt="1" sum="60"/>
<action no="6" player="KOPKHUNKRAP" type="3" sum="40"/>
</round>
<round no="2"><cards type="Flop">D10 DJ S5</cards>
<action no="7" player="KOPKHUNKRAP" type="4" sum="0"/>
<action no="8" player="Exivezzz2323" type="4" discard="1" dealt="1" sum="0"/>
</round>
<round no="3"><cards type="Turn">CA</cards>
<action no="9" player="KOPKHUNKRAP" type="4" sum="0"/>
<action no="10" player="Exivezzz2323" type="5" discard="1" dealt="1" sum="57"/>
<action no="11" player="KOPKHUNKRAP" type="3" sum="57"/>
</round>
<round no="4"><cards type="River">S4</cards>
<action no="12" player="KOPKHUNKRAP" type="4" sum="0"/>
<action no="13" player="Exivezzz2323" type="5" discard="1" dealt="1" sum="383"/>
<action no="14" player="KOPKHUNKRAP" type="0" sum="0"/>
</round>
</game>
<game gamecode="6516756254"><general><startdate>2025-10-28 00:24:11</startdate>
<round>1</round>
<failsafecounter/>
<players><player seat="6" name="deIduKA" chips="520" dealer="0" win="20" bet="20" muck="1" rebuy="0" addon="0" merge="0" rebuychips="0" reg_code="5069037244"/>
<player seat="10" name="KOPKHUNKRAP" chips="363" dealer="1" win="0" bet="0" muck="1" rebuy="0" addon="0" merge="0" rebuychips="0" reg_code="5069037321"/>
<player seat="3" name="Exivezzz2323" chips="617" dealer="0" win="0" bet="10" muck="1" rebuy="0" addon="0" merge="0" rebuychips="0" reg_code="5069036846"/>
</players>
</general>
<round no="0"><action no="1" player="Exivezzz2323" type="1" discard="1" dealt="1" sum="10"/>
<action no="2" player="deIduKA" type="2" discard="1" dealt="1" sum="20"/>
</round>
<round no="1"><cards type="Pocket" player="KOPKHUNKRAP">D2 H5</cards>
<cards type="Pocket" player="deIduKA">X X</cards>
<cards type="Pocket" player="Exivezzz2323">X X</cards>
<action no="3" player="KOPKHUNKRAP" type="0" sum="0"/>
<action no="4" player="Exivezzz2323" type="0" discard="1" dealt="1" sum="0"/>
</round>
</game>
<game gamecode="6516756299"><general><startdate>2025-10-28 00:24:30</startdate>
<round>1</round>
<failsafecounter/>
<players><player seat="10" name="KOPKHUNKRAP" chips="363" dealer="0" win="45" bet="35" muck="1" rebuy="0" addon="0" merge="0" rebuychips="0" reg_code="5069037321"/>
<player seat="3" name="Exivezzz2323" chips="607" dealer="1" win="0" bet="5" muck="1" rebuy="0" addon="0" merge="0" rebuychips="0" reg_code="5069036846"/>
<player seat="6" name="deIduKA" chips="530" dealer="0" win="0" bet="20" muck="1" rebuy="0" addon="0" merge="0" rebuychips="0" reg_code="5069037244"/>
</players>
</general>
<round no="0"><action no="1" player="deIduKA" type="15" discard="1" dealt="1" sum="5"/>
<action no="2" player="KOPKHUNKRAP" type="15" sum="5"/>
<action no="3" player="Exivezzz2323" type="15" discard="1" dealt="1" sum="5"/>
<action no="4" player="deIduKA" type="1" discard="1" dealt="1" sum="15"/>
<action no="5" player="KOPKHUNKRAP" type="2" sum="30"/>
</round>
<round no="1"><cards type="Pocket" player="KOPKHUNKRAP">SK D9</cards>
<cards type="Pocket" player="Exivezzz2323">X X</cards>
<cards type="Pocket" player="deIduKA">X X</cards>
<action no="6" player="Exivezzz2323" type="0" discard="1" dealt="1" sum="0"/>
<action no="7" player="deIduKA" type="0" discard="1" dealt="1" sum="0"/>
</round>
</game>
<game gamecode="6516756317"><general><startdate>2025-10-28 00:24:37</startdate>
<round>1</round>
<failsafecounter/>
<players><player seat="3" name="Exivezzz2323" chips="602" dealer="0" win="45" bet="35" muck="1" rebuy="0" addon="0" merge="0" rebuychips="0" reg_code="5069036846"/>
<player seat="6" name="deIduKA" chips="510" dealer="1" win="0" bet="5" muck="1" rebuy="0" addon="0" merge="0" rebuychips="0" reg_code="5069037244"/>
<player seat="10" name="KOPKHUNKRAP" chips="388" dealer="0" win="0" bet="20" muck="1" rebuy="0" addon="0" merge="0" rebuychips="0" reg_code="5069037321"/>
</players>
</general>
<round no="0"><action no="1" player="KOPKHUNKRAP" type="15" sum="5"/>
<action no="2" player="Exivezzz2323" type="15" discard="1" dealt="1" sum="5"/>
<action no="3" player="deIduKA" type="15" discard="1" dealt="1" sum="5"/>
<action no="4" player="KOPKHUNKRAP" type="1" sum="15"/>
<action no="5" player="Exivezzz2323" type="2" discard="1" dealt="1" sum="30"/>
</round>
<round no="1"><cards type="Pocket" player="KOPKHUNKRAP">S10 H4</cards>
<cards type="Pocket" player="deIduKA">X X</cards>
<cards type="Pocket" player="Exivezzz2323">X X</cards>
<action no="6" player="deIduKA" type="0" discard="1" dealt="1" sum="0"/>
<action no="7" player="KOPKHUNKRAP" type="0" sum="0"/>
</round>
</game>
<game gamecode="6516756347"><general><startdate>2025-10-28 00:24:49</startdate>
<round>1</round>
<failsafecounter/>
<players><player seat="6" name="deIduKA" chips="505" dealer="0" win="0" bet="35" muck="1" rebuy="0" addon="0" merge="0" rebuychips="0" reg_code="5069037244"/>
<player seat="10" name="KOPKHUNKRAP" chips="368" dealer="1" win="0" bet="368" muck="0" rebuy="0" addon="0" merge="0" rebuychips="0" reg_code="5069037321"/>
<player seat="3" name="Exivezzz2323" chips="627" dealer="0" win="771" bet="627" muck="0" rebuy="0" addon="0" merge="0" rebuychips="0" reg_code="5069036846"/>
</players>
</general>
<round no="0"><action no="1" player="Exivezzz2323" type="15" discard="1" dealt="1" sum="5"/>
<action no="2" player="deIduKA" type="15" discard="1" dealt="1" sum="5"/>
<action no="3" player="KOPKHUNKRAP" type="15" sum="5"/>
<action no="4" player="Exivezzz2323" type="1" discard="1" dealt="1" sum="15"/>
<action no="5" player="deIduKA" type="2" discard="1" dealt="1" sum="30"/>
</round>
<round no="1"><cards type="Pocket" player="KOPKHUNKRAP">C3 S3</cards>
<cards type="Pocket" player="deIduKA">X X</cards>
<cards type="Pocket" player="Exivezzz2323">SK SA</cards>
<action no="6" player="KOPKHUNKRAP" type="23" sum="363"/>
<action no="7" player="Exivezzz2323" type="7" discard="1" dealt="1" sum="607"/>
<action no="8" player="deIduKA" type="0" discard="1" dealt="1" sum="0"/>
</round>
<round no="2"><cards type="Flop">C6 H7 C8</cards>
</round>
<round no="3"><cards type="Turn">HA</cards>
</round>
<round no="4"><cards type="River">C10</cards>
</round>
</game>
</session>
