<?xml version="1.0" encoding="UTF-8"?>
<session sessioncode="5073504361">
<general>
<client_version>25.7.1.34</client_version>
<mode>real</mode>
<gametype>Holdem NL</gametype>
<tablename>Twister €200 SNG, 821898869</tablename>
<tournamentcode>821898868</tournamentcode>
<tournamentname>Twister €200 SNG</tournamentname>
<buyin>€0 + €12 + €188</buyin>
<totalbuyin>€200</totalbuyin>
<rewarddrawn>€400</rewarddrawn>
<tournamentcurrency>EUR</tournamentcurrency>
<currency>EUR</currency>
<nickname>KOPKHUNKRAP</nickname>
<gamecount>28</gamecount>
<startdate>2025-11-18 01:56:15</startdate>
<place>2</place>
<win>€0</win>
<tablesize>3</tablesize>
</general>
<game gamecode="6534102601"><general><startdate>2025-11-18 01:56:30</startdate>
<round>1</round>
<failsafecounter/>
<players><player seat="10" name="Robbottino174" chips="500" dealer="0" win="0" bet="143" muck="0" rebuy="0" addon="0" merge="0" rebuychips="0" reg_code="5073504475"/>
<player seat="3" name="KOPKHUNKRAP" chips="500" dealer="1" win="296" bet="143" muck="0" rebuy="0" addon="0" merge="0" rebuychips="0" reg_code="5073504361"/>
<player seat="6" name="OndaBianca1" chips="500" dealer="0" win="0" bet="10" muck="1" rebuy="0" addon="0" merge="0" rebuychips="0" reg_code="5073504378"/>
</players>
</general>
<round no="0"><action no="1" player="OndaBianca1" type="1" discard="1" dealt="1" sum="10"/>
<action no="2" player="Robbottino174" type="2" discard="1" dealt="1" sum="20"/>
</round>
<round no="1"><cards type="Pocket" player="Robbottino174">SQ D10</cards>
<cards type="Pocket" player="OndaBianca1">X X</cards>
<cards type="Pocket" player="KOPKHUNKRAP">D7 S7</cards>
<action no="3" player="KOPKHUNKRAP" type="23" sum="40"/>
<action no="4" player="OndaBianca1" type="0" discard="1" dealt="1" sum="0"/>
<action no="5" player="Robbottino174" type="3" discard="1" dealt="1" sum="20"/>
</round>
<round no="2"><cards type="Flop">C6 SJ CA</cards>
<action no="6" player="Robbottino174" type="4" discard="1" dealt="1" sum="0"/>
<action no="7" player="KOPKHUNKRAP" type="5" sum="29"/>
<action no="8" player="Robbottino174" type="3" discard="1" dealt="1" sum="29"/>
</round>
<round no="3"><cards type="Turn">H2</cards>
<action no="9" player="Robbottino174" type="4" discard="1" dealt="1" sum="0"/>
<action no="10" player="KOPKHUNKRAP" type="4" sum="0"/>
</round>
<round no="4"><cards type="River">D4</cards>
<action no="11" player="Robbottino174" type="5" discard="1" dealt="1" sum="74"/>
<action no="12" player="KOPKHUNKRAP" type="3" sum="74"/>
</round>
</game>
<game gamecode="6534102656"><general><startdate>2025-11-18 01:57:04</startdate>
<round>1</round>
<failsafecounter/>
<players><player seat="3" name="KOPKHUNKRAP" chips="653" dealer="0" win="20" bet="20" muck="1" rebuy="0" addon="0" merge="0" rebuychips="0" reg_code="5073504361"/>
<player seat="6" name="OndaBianca1" chips="490" dealer="1" win="0" bet="0" muck="1" rebuy="0" addon="0" merge="0" rebuychips="0" reg_code="5073504378"/>
<player seat="10" name="Robbottino174" chips="357" dealer="0" win="0" bet="10" muck="1" rebuy="0" addon="0" merge="0" rebuychips="0" reg_code="5073504475"/>
</players>
</general>
<round no="0"><action no="1" player="Robbottino174" type="1" discard="1" dealt="1" sum="10"/>
<action no="2" player="KOPKHUNKRAP" type="2" sum="20"/>
</round>
<round no="1"><cards type="Pocket" player="Robbottino174">X X</cards>
<cards type="Pocket" player="OndaBianca1">X X</cards>
<cards type="Pocket" player="KOPKHUNKRAP">CA D9</cards>
<action no="3" player="OndaBianca1" type="0" discard="1" dealt="1" sum="0"/>
<action no="4" player="Robbottino174" type="0" discard="1" dealt="1" sum="0"/>
</round>
</game>
<game gamecode="6534102669"><general><startdate>2025-11-18 01:57:10</startdate>
<round>1</round>
<failsafecounter/>
<players><player seat="6" name="OndaBianca1" chips="490" dealer="0" win="0" bet="20" muck="1" rebuy="0" addon="0" merge="0" rebuychips="0" reg_code="5073504378"/>
<player seat="10" name="Robbottino174" chips="347" dealer="1" win="714" bet="347" muck="0" rebuy="0" addon="0" merge="0" rebuychips="0" reg_code="5073504475"/>
<player seat="3" name="KOPKHUNKRAP" chips="663" dealer="0" win="0" bet="663" muck="1" rebuy="0" addon="0" merge="0" rebuychips="0" reg_code="5073504361"/>
</players>
</general>
<round no="0"><action no="1" player="KOPKHUNKRAP" type="1" sum="10"/>
<action no="2" player="OndaBianca1" type="2" discard="1" dealt="1" sum="20"/>
</round>
<round no="1"><cards type="Pocket" player="OndaBianca1">X X</cards>
<cards type="Pocket" player="Robbottino174">SJ C2</cards>
<cards type="Pocket" player="KOPKHUNKRAP">HA CJ</cards>
<action no="3" player="Robbottino174" type="23" discard="1" dealt="1" sum="40"/>
<action no="4" player="KOPKHUNKRAP" type="23" sum="663"/>
<action no="5" player="OndaBianca1" type="0" discard="1" dealt="1" sum="0"/>
<action no="6" player="Robbottino174" type="7" discard="1" dealt="1" sum="307"/>
</round>
<round no="2"><cards type="Flop">H10 DJ S2</cards>
</round>
<round no="3"><cards type="Turn">D3</cards>
</round>
<round no="4"><cards type="River">D6</cards>
</round>
</game>
<game gamecode="6534102703"><general><startdate>2025-11-18 01:57:31</startdate>
<round>1</round>
<failsafecounter/>
<players><player seat="10" name="Robbottino174" chips="714" dealer="0" win="20" bet="20" muck="1" rebuy="0" addon="0" merge="0" rebuychips="0" reg_code="5073504475"/>
<player seat="3" name="KOPKHUNKRAP" chips="316" dealer="1" win="0" bet="0" muck="1" rebuy="0" addon="0" merge="0" rebuychips="0" reg_code="5073504361"/>
<player seat="6" name="OndaBianca1" chips="470" dealer="0" win="0" bet="10" muck="1" rebuy="0" addon="0" merge="0" rebuychips="0" reg_code="5073504378"/>
</players>
</general>
<round no="0"><action no="1" player="OndaBianca1" type="1" discard="1" dealt="1" sum="10"/>
<action no="2" player="Robbottino174" type="2" discard="1" dealt="1" sum="20"/>
</round>
<round no="1"><cards type="Pocket" player="KOPKHUNKRAP">H10 C9</cards>
<cards type="Pocket" player="OndaBianca1">X X</cards>
<cards type="Pocket" player="Robbottino174">X X</cards>
<action no="3" player="KOPKHUNKRAP" type="0" sum="0"/>
<action no="4" player="OndaBianca1" type="0" discard="1" dealt="1" sum="0"/>
</round>
</game>
<game gamecode="6534102714"><general><startdate>2025-11-18 01:57:42</startdate>
<round>1</round>
<failsafecounter/>
<players><player seat="3" name="KOPKHUNKRAP" chips="316" dealer="0" win="0" bet="20" muck="1" rebuy="0" addon="0" merge="0" rebuychips="0" reg_code="5073504361"/>
<player seat="6" name="OndaBianca1" chips="460" dealer="1" win="50" bet="40" muck="1" rebuy="0" addon="0" merge="0" rebuychips="0" reg_code="5073504378"/>
<player seat="10" name="Robbottino174" chips="724" dealer="0" win="0" bet="10" muck="1" rebuy="0" addon="0" merge="0" rebuychips="0" reg_code="5073504475"/>
</players>
</general>
<round no="0"><action no="1" player="Robbottino174" type="1" discard="1" dealt="1" sum="10"/>
<action no="2" player="KOPKHUNKRAP" type="2" sum="20"/>
</round>
<round no="1"><cards type="Pocket" player="KOPKHUNKRAP">SK D5</cards>
<cards type="Pocket" player="OndaBianca1">X X</cards>
<cards type="Pocket" player="Robbottino174">X X</cards>
<action no="3" player="OndaBianca1" type="23" discard="1" dealt="1" sum="40"/>
<action no="4" player="Robbottino174" type="0" discard="1" dealt="1" sum="0"/>
<action no="5" player="KOPKHUNKRAP" type="0" sum="0"/>
</round>
</game>
<game gamecode="6534102726"><general><startdate>2025-11-18 01:57:51</startdate>
<round>1</round>
<failsafecounter/>
<players><player seat="6" name="OndaBianca1" chips="490" dealer="0" win="20" bet="20" muck="1" rebuy="0" addon="0" merge="0" rebuychips="0" reg_code="5073504378"/>
<player seat="10" name="Robbottino174" chips="714" dealer="1" win="0" bet="0" muck="1" rebuy="0" addon="0" merge="0" rebuychips="0" reg_code="5073504475"/>
<player seat="3" name="KOPKHUNKRAP" chips="296" dealer="0" win="0" bet="10" muck="1" rebuy="0" addon="0" merge="0" rebuychips="0" reg_code="5073504361"/>
</players>
</general>
<round no="0"><action no="1" player="KOPKHUNKRAP" type="1" sum="10"/>
<action no="2" player="OndaBianca1" type="2" discard="1" dealt="1" sum="20"/>
</round>
<round no="1"><cards type="Pocket" player="Robbottino174">X X</cards>
<cards type="Pocket" player="OndaBianca1">X X</cards>
<cards type="Pocket" player="KOPKHUNKRAP">D2 HQ</cards>
<action no="3" player="Robbottino174" type="0" discard="1" dealt="1" sum="0"/>
<action no="4" player="KOPKHUNKRAP" type="0" sum="0"/>
</round>
</game>
<game gamecode="6534106754"><general><startdate>2025-11-18 01:58:02</startdate>
<round>1</round>
<failsafecounter/>
<players><player seat="10" name="Robbottino174" chips="714" dealer="0" win="40" bet="60" muck="1" rebuy="0" addon="0" merge="0" rebuychips="0" reg_code="5073504475"/>
<player seat="3" name="KOPKHUNKRAP" chips="286" dealer="1" win="0" bet="0" muck="1" rebuy="0" addon="0" merge="0" rebuychips="0" reg_code="5073504361"/>
<player seat="6" name="OndaBianca1" chips="500" dealer="0" win="0" bet="20" muck="1" rebuy="0" addon="0" merge="0" rebuychips="0" reg_code="5073504378"/>
</players>
</general>
<round no="0"><action no="1" player="OndaBianca1" type="1" discard="1" dealt="1" sum="10"/>
<action no="2" player="Robbottino174" type="2" discard="1" dealt="1" sum="20"/>
</round>
<round no="1"><cards type="Pocket" player="KOPKHUNKRAP">S5 S9</cards>
<cards type="Pocket" player="OndaBianca1">X X</cards>
<cards type="Pocket" player="Robbottino174">X X</cards>
<action no="3" player="KOPKHUNKRAP" type="0" sum="0"/>
<action no="4" player="OndaBianca1" type="3" discard="1" dealt="1" sum="10"/>
<action no="5" player="Robbottino174" type="23" discard="1" dealt="1" sum="60"/>
<action no="6" player="OndaBianca1" type="0" discard="1" dealt="1" sum="0"/>
</round>
</game>
<game gamecode="6534106779"><general><startdate>2025-11-18 01:58:20</startdate>
<round>1</round>
<failsafecounter/>
<players><player seat="3" name="KOPKHUNKRAP" chips="286" dealer="0" win="0" bet="35" muck="1" rebuy="0" addon="0" merge="0" rebuychips="0" reg_code="5073504361"/>
<player seat="6" name="OndaBianca1" chips="480" dealer="1" win="0" bet="5" muck="1" rebuy="0" addon="0" merge="0" rebuychips="0" reg_code="5073504378"/>
<player seat="10" name="Robbottino174" chips="734" dealer="0" win="75" bet="95" muck="1" rebuy="0" addon="0" merge="0" rebuychips="0" reg_code="5073504475"/>
</players>
</general>
<round no="0"><action no="1" player="Robbottino174" type="15" discard="1" dealt="1" sum="5"/>
<action no="2" player="KOPKHUNKRAP" type="15" sum="5"/>
<action no="3" player="OndaBianca1" type="15" discard="1" dealt="1" sum="5"/>
<action no="4" player="Robbottino174" type="1" discard="1" dealt="1" sum="15"/>
<action no="5" player="KOPKHUNKRAP" type="2" sum="30"/>
</round>
<round no="1"><cards type="Pocket" player="OndaBianca1">X X</cards>
<cards type="Pocket" player="KOPKHUNKRAP">H5 S9</cards>
<cards type="Pocket" player="Robbottino174">X X</cards>
<action no="6" player="OndaBianca1" type="0" discard="1" dealt="1" sum="0"/>
<action no="7" player="Robbottino174" type="23" discard="1" dealt="1" sum="90"/>
<action no="8" player="KOPKHUNKRAP" type="0" sum="0"/>
</round>
</game>
<game gamecode="6534106792"><general><startdate>2025-11-18 01:58:31</startdate>
<round>1</round>
<failsafecounter/>
<players><player seat="6" name="OndaBianca1" chips="475" dealer="0" win="970" bet="475" muck="0" rebuy="0" addon="0" merge="0" rebuychips="0" reg_code="5073504378"/>
<player seat="10" name="Robbottino174" chips="774" dealer="1" win="0" bet="475" muck="1" rebuy="0" addon="0" merge="0" rebuychips="0" reg_code="5073504475"/>
<player seat="3" name="KOPKHUNKRAP" chips="251" dealer="0" win="0" bet="20" muck="1" rebuy="0" addon="0" merge="0" rebuychips="0" reg_code="5073504361"/>
</players>
</general>
<round no="0"><action no="1" player="KOPKHUNKRAP" type="15" sum="5"/>
<action no="2" player="OndaBianca1" type="15" discard="1" dealt="1" sum="5"/>
<action no="3" player="Robbottino174" type="15" discard="1" dealt="1" sum="5"/>
<action no="4" player="KOPKHUNKRAP" type="1" sum="15"/>
<action no="5" player="OndaBianca1" type="2" discard="1" dealt="1" sum="30"/>
</round>
<round no="1"><cards type="Pocket" player="OndaBianca1">HK S10</cards>
<cards type="Pocket" player="KOPKHUNKRAP">HJ S2</cards>
<cards type="Pocket" player="Robbottino174">C10 SJ</cards>
<action no="6" player="Robbottino174" type="23" discard="1" dealt="1" sum="60"/>
<action no="7" player="KOPKHUNKRAP" type="0" sum="0"/>
<action no="8" player="OndaBianca1" type="23" discard="1" dealt="1" sum="470"/>
<action no="9" player="Robbottino174" type="3" discard="1" dealt="1" sum="410"/>
</round>
<round no="2"><cards type="Flop">H3 CK C8</cards>
</round>
<round no="3"><cards type="Turn">H8</cards>
</round>
<round no="4"><cards type="River">SK</cards>
</round>
</game>
<game gamecode="6534106845"><general><startdate>2025-11-18 01:59:03</startdate>
<round>1</round>
<failsafecounter/>
<players><player seat="10" name="Robbottino174" chips="299" dealer="0" win="45" bet="35" muck="1" rebuy="0" addon="0" merge="0" rebuychips="0" reg_code="5073504475"/>
<player seat="3" name="KOPKHUNKRAP" chips="231" dealer="1" win="0" bet="5" muck="1" rebuy="0" addon="0" merge="0" rebuychips="0" reg_code="5073504361"/>
<player seat="6" name="OndaBianca1" chips="970" dealer="0" win="0" bet="20" muck="1" rebuy="0" addon="0" merge="0" rebuychips="0" reg_code="5073504378"/>
</players>
</general>
<round no="0"><action no="1" player="OndaBianca1" type="15" discard="1" dealt="1" sum="5"/>
<action no="2" player="Robbottino174" type="15" discard="1" dealt="1" sum="5"/>
<action no="3" player="KOPKHUNKRAP" type="15" sum="5"/>
<action no="4" player="OndaBianca1" type="1" discard="1" dealt="1" sum="15"/>
<action no="5" player="Robbottino174" type="2" discard="1" dealt="1" sum="30"/>
</round>
<round no="1"><cards type="Pocket" player="KOPKHUNKRAP">S8 D6</cards>
<cards type="Pocket" player="OndaBianca1">X X</cards>
<cards type="Pocket" player="Robbottino174">X X</cards>
<action no="6" player="KOPKHUNKRAP" type="0" sum="0"/>
<action no="7" player="OndaBianca1" type="0" discard="1" dealt="1" sum="0"/>
</round>
</game>
<game gamecode="6534106856"><general><startdate>2025-11-18 01:59:10</startdate>
<round>1</round>
<failsafecounter/>
<players><player seat="3" name="KOPKHUNKRAP" chips="226" dealer="0" win="45" bet="35" muck="1" rebuy="0" addon="0" merge="0" rebuychips="0" reg_code="5073504361"/>
<player seat="6" name="OndaBianca1" chips="950" dealer="1" win="0" bet="5" muck="1" rebuy="0" addon="0" merge="0" rebuychips="0" reg_code="5073504378"/>
<player seat="10" name="Robbottino174" chips="324" dealer="0" win="0" bet="20" muck="1" rebuy="0" addon="0" merge="0" rebuychips="0" reg_code="5073504475"/>
</players>
</general>
<round no="0"><action no="1" player="Robbottino174" type="15" discard="1" dealt="1" sum="5"/>
<action no="2" player="KOPKHUNKRAP" type="15" sum="5"/>
<action no="3" player="OndaBianca1" type="15" discard="1" dealt="1" sum="5"/>
<action no="4" player="Robbottino174" type="1" discard="1" dealt="1" sum="15"/>
<action no="5" player="KOPKHUNKRAP" type="2" sum="30"/>
</round>
<round no="1"><cards type="Pocket" player="OndaBianca1">X X</cards>
<cards type="Pocket" player="KOPKHUNKRAP">C4 S8</cards>
<cards type="Pocket" player="Robbottino174">X X</cards>
<action no="6" player="OndaBianca1" type="0" discard="1" dealt="1" sum="0"/>
<action no="7" player="Robbottino174" type="0" discard="1" dealt="1" sum="0"/>
</round>
</game>
<game gamecode="6534106869"><general><startdate>2025-11-18 01:59:18</startdate>
<round>1</round>
<failsafecounter/>
<players><player seat="6" name="OndaBianca1" chips="945" dealer="0" win="0" bet="35" muck="1" rebuy="0" addon="0" merge="0" rebuychips="0" reg_code="5073504378"/>
<player seat="10" name="Robbottino174" chips="304" dealer="1" win="0" bet="5" muck="1" rebuy="0" addon="0" merge="0" rebuychips="0" reg_code="5073504475"/>
<player seat="3" name="KOPKHUNKRAP" chips="251" dealer="0" win="75" bet="251" muck="1" rebuy="0" addon="0" merge="0" rebuychips="0" reg_code="5073504361"/>
</players>
</general>
<round no="0"><action no="1" player="KOPKHUNKRAP" type="15" sum="5"/>
<action no="2" player="OndaBianca1" type="15" discard="1" dealt="1" sum="5"/>
<action no="3" player="Robbottino174" type="15" discard="1" dealt="1" sum="5"/>
<action no="4" player="KOPKHUNKRAP" type="1" sum="15"/>
<action no="5" player="OndaBianca1" type="2" discard="1" dealt="1" sum="30"/>
</round>
<round no="1"><cards type="Pocket" player="OndaBianca1">X X</cards>
<cards type="Pocket" player="KOPKHUNKRAP">S3 HQ</cards>
<cards type="Pocket" player="Robbottino174">X X</cards>
<action no="6" player="Robbottino174" type="0" discard="1" dealt="1" sum="0"/>
<action no="7" player="KOPKHUNKRAP" type="23" sum="246"/>
<action no="8" player="OndaBianca1" type="0" discard="1" dealt="1" sum="0"/>
</round>
</game>
<game gamecode="6534106894"><general><startdate>2025-11-18 01:59:36</startdate>
<round>1</round>
<failsafecounter/>
<players><player seat="10" name="Robbottino174" chips="299" dealer="0" win="0" bet="65" muck="1" rebuy="0" addon="0" merge="0" rebuychips="0" reg_code="5073504475"/>
<player seat="3" name="KOPKHUNKRAP" chips="291" dealer="1" win="0" bet="5" muck="1" rebuy="0" addon="0" merge="0" rebuychips="0" reg_code="5073504361"/>
<player seat="6" name="OndaBianca1" chips="910" dealer="0" win="135" bet="65" muck="0" rebuy="0" addon="0" merge="0" rebuychips="0" reg_code="5073504378"/>
</players>
</general>
<round no="0"><action no="1" player="OndaBianca1" type="15" discard="1" dealt="1" sum="5"/>
<action no="2" player="Robbottino174" type="15" discard="1" dealt="1" sum="5"/>
<action no="3" player="KOPKHUNKRAP" type="15" sum="5"/>
<action no="4" player="OndaBianca1" type="1" discard="1" dealt="1" sum="15"/>
<action no="5" player="Robbottino174" type="2" discard="1" dealt="1" sum="30"/>
</round>
<round no="1"><cards type="Pocket" player="Robbottino174">S9 H3</cards>
<cards type="Pocket" player="KOPKHUNKRAP">S4 D9</cards>
<cards type="Pocket" player="OndaBianca1">C4 C8</cards>
<action no="6" player="KOPKHUNKRAP" type="0" sum="0"/>
<action no="7" player="OndaBianca1" type="3" discard="1" dealt="1" sum="15"/>
<action no="8" player="Robbottino174" type="4" discard="1" dealt="1" sum="0"/>
</round>
<round no="2"><cards type="Flop">H8 CJ D8</cards>
<action no="9" player="OndaBianca1" type="4" discard="1" dealt="1" sum="0"/>
<action no="10" player="Robbottino174" type="5" discard="1" dealt="1" sum="30"/>
<action no="11" player="OndaBianca1" type="3" discard="1" dealt="1" sum="30"/>
</round>
<round no="3"><cards type="Turn">CK</cards>
<action no="12" player="OndaBianca1" type="4" discard="1" dealt="1" sum="0"/>
<action no="13" player="Robbottino174" type="4" discard="1" dealt="1" sum="0"/>
</round>
<round no="4"><cards type="River">S10</cards>
<action no="14" player="OndaBianca1" type="4" discard="1" dealt="1" sum="0"/>
<action no="15" player="Robbottino174" type="4" discard="1" dealt="1" sum="0"/>
</round>
</game>
<game gamecode="6534106914"><general><startdate>2025-11-18 01:59:54</startdate>
<round>1</round>
<failsafecounter/>
<players><player seat="3" name="KOPKHUNKRAP" chips="286" dealer="0" win="0" bet="45" muck="1" rebuy="0" addon="0" merge="0" rebuychips="0" reg_code="5073504361"/>
<player seat="6" name="OndaBianca1" chips="980" dealer="1" win="0" bet="5" muck="1" rebuy="0" addon="0" merge="0" rebuychips="0" reg_code="5073504378"/>
<player seat="10" name="Robbottino174" chips="234" dealer="0" win="95" bet="234" muck="1" rebuy="0" addon="0" merge="0" rebuychips="0" reg_code="5073504475"/>
</players>
</general>
<round no="0"><action no="1" player="Robbottino174" type="15" discard="1" dealt="1" sum="5"/>
<action no="2" player="KOPKHUNKRAP" type="15" sum="5"/>
<action no="3" player="OndaBianca1" type="15" discard="1" dealt="1" sum="5"/>
<action no="4" player="Robbottino174" type="1" discard="1" dealt="1" sum="20"/>
<action no="5" player="KOPKHUNKRAP" type="2" sum="40"/>
</round>
<round no="1"><cards type="Pocket" player="Robbottino174">X X</cards>
<cards type="Pocket" player="OndaBianca1">X X</cards>
<cards type="Pocket" player="KOPKHUNKRAP">D5 C9</cards>
<action no="6" player="OndaBianca1" type="0" discard="1" dealt="1" sum="0"/>
<action no="7" player="Robbottino174" type="23" discard="1" dealt="1" sum="229"/>
<action no="8" player="KOPKHUNKRAP" type="0" sum="0"/>
</round>
</game>
<game gamecode="6534106934"><general><startdate>2025-11-18 02:00:04</startdate>
<round>1</round>
<failsafecounter/>
<players><player seat="6" name="OndaBianca1" chips="975" dealer="0" win="55" bet="45" muck="1" rebuy="0" addon="0" merge="0" rebuychips="0" reg_code="5073504378"/>
<player seat="10" name="Robbottino174" chips="284" dealer="1" win="0" bet="5" muck="1" rebuy="0" addon="0" merge="0" rebuychips="0" reg_code="5073504475"/>
<player seat="3" name="KOPKHUNKRAP" chips="241" dealer="0" win="0" bet="25" muck="1" rebuy="0" addon="0" merge="0" rebuychips="0" reg_code="5073504361"/>
</players>
</general>
<round no="0"><action no="1" player="KOPKHUNKRAP" type="15" sum="5"/>
<action no="2" player="OndaBianca1" type="15" discard="1" dealt="1" sum="5"/>
<action no="3" player="Robbottino174" type="15" discard="1" dealt="1" sum="5"/>
<action no="4" player="KOPKHUNKRAP" type="1" sum="20"/>
<action no="5" player="OndaBianca1" type="2" discard="1" dealt="1" sum="40"/>
</round>
<round no="1"><cards type="Pocket" player="KOPKHUNKRAP">CJ S2</cards>
<cards type="Pocket" player="OndaBianca1">X X</cards>
<cards type="Pocket" player="Robbottino174">X X</cards>
<action no="6" player="Robbottino174" type="0" discard="1" dealt="1" sum="0"/>
<action no="7" player="KOPKHUNKRAP" type="0" sum="0"/>
</round>
</game>
<game gamecode="6534106947"><general><startdate>2025-11-18 02:00:13</startdate>
<round>1</round>
<failsafecounter/>
<players><player seat="10" name="Robbottino174" chips="279" dealer="0" win="55" bet="45" muck="1" rebuy="0" addon="0" merge="0" rebuychips="0" reg_code="5073504475"/>
<player seat="3" name="KOPKHUNKRAP" chips="216" dealer="1" win="0" bet="5" muck="1" rebuy="0" addon="0" merge="0" rebuychips="0" reg_code="5073504361"/>
<player seat="6" name="OndaBianca1" chips="1,005" dealer="0" win="0" bet="25" muck="1" rebuy="0" addon="0" merge="0" rebuychips="0" reg_code="5073504378"/>
</players>
</general>
<round no="0"><action no="1" player="OndaBianca1" type="15" discard="1" dealt="1" sum="5"/>
<action no="2" player="Robbottino174" type="15" discard="1" dealt="1" sum="5"/>
<action no="3" player="KOPKHUNKRAP" type="15" sum="5"/>
<action no="4" player="OndaBianca1" type="1" discard="1" dealt="1" sum="20"/>
<action no="5" player="Robbottino174" type="2" discard="1" dealt="1" sum="40"/>
</round>
<round no="1"><cards type="Pocket" player="KOPKHUNKRAP">C7 H10</cards>
<cards type="Pocket" player="Robbottino174">X X</cards>
<cards type="Pocket" player="OndaBianca1">X X</cards>
<action no="6" player="KOPKHUNKRAP" type="0" sum="0"/>
<action no="7" player="OndaBianca1" type="0" discard="1" dealt="1" sum="0"/>
</round>
</game>
<game gamecode="6534106960"><general><startdate>2025-11-18 02:00:20</startdate>
<round>1</round>
<failsafecounter/>
<players><player seat="3" name="KOPKHUNKRAP" chips="211" dealer="0" win="447" bet="211" muck="0" rebuy="0" addon="0" merge="0" rebuychips="0" reg_code="5073504361"/>
<player seat="6" name="OndaBianca1" chips="980" dealer="1" win="0" bet="980" muck="1" rebuy="0" addon="0" merge="0" rebuychips="0" reg_code="5073504378"/>
<player seat="10" name="Robbottino174" chips="309" dealer="0" win="0" bet="25" muck="1" rebuy="0" addon="0" merge="0" rebuychips="0" reg_code="5073504475"/>
</players>
</general>
<round no="0"><action no="1" player="Robbottino174" type="15" discard="1" dealt="1" sum="5"/>
<action no="2" player="KOPKHUNKRAP" type="15" sum="5"/>
<action no="3" player="OndaBianca1" type="15" discard="1" dealt="1" sum="5"/>
<action no="4" player="Robbottino174" type="1" discard="1" dealt="1" sum="20"/>
<action no="5" player="KOPKHUNKRAP" type="2" sum="40"/>
</round>
<round no="1"><cards type="Pocket" player="OndaBianca1">HQ D9</cards>
<cards type="Pocket" player="KOPKHUNKRAP">SA H9</cards>
<cards type="Pocket" player="Robbottino174">X X</cards>
<action no="6" player="OndaBianca1" type="23" discard="1" dealt="1" sum="975"/>
<action no="7" player="Robbottino174" type="0" discard="1" dealt="1" sum="0"/>
<action no="8" player="KOPKHUNKRAP" type="7" sum="166"/>
</round>
<round no="2"><cards type="Flop">S10 HA C6</cards>
</round>
<round no="3"><cards type="Turn">C9</cards>
</round>
<round no="4"><cards type="River">D3</cards>
</round>
</game>
<game gamecode="6534106988"><general><startdate>2025-11-18 02:00:39</startdate>
<round>1</round>
<failsafecounter/>
<players><player seat="6" name="OndaBianca1" chips="769" dealer="0" win="297" bet="284" muck="0" rebuy="0" addon="0" merge="0" rebuychips="0" reg_code="5073504378"/>
<player seat="10" name="Robbottino174" chips="284" dealer="1" win="296" bet="284" muck="0" rebuy="0" addon="0" merge="0" rebuychips="0" reg_code="5073504475"/>
<player seat="3" name="KOPKHUNKRAP" chips="447" dealer="0" win="0" bet="25" muck="1" rebuy="0" addon="0" merge="0" rebuychips="0" reg_code="5073504361"/>
</players>
</general>
<round no="0"><action no="1" player="KOPKHUNKRAP" type="15" sum="5"/>
<action no="2" player="OndaBianca1" type="15" discard="1" dealt="1" sum="5"/>
<action no="3" player="Robbottino174" type="15" discard="1" dealt="1" sum="5"/>
<action no="4" player="KOPKHUNKRAP" type="1" sum="20"/>
<action no="5" player="OndaBianca1" type="2" discard="1" dealt="1" sum="40"/>
</round>
<round no="1"><cards type="Pocket" player="KOPKHUNKRAP">C2 C9</cards>
<cards type="Pocket" player="Robbottino174">CJ HA</cards>
<cards type="Pocket" player="OndaBianca1">DA H6</cards>
<action no="6" player="Robbottino174" type="23" discard="1" dealt="1" sum="279"/>
<action no="7" player="KOPKHUNKRAP" type="0" sum="0"/>
<action no="8" player="OndaBianca1" type="3" discard="1" dealt="1" sum="239"/>
</round>
<round no="2"><cards type="Flop">DQ DJ S10</cards>
</round>
<round no="3"><cards type="Turn">S6</cards>
</round>
<round no="4"><cards type="River">SK</cards>
</round>
</game>
<game gamecode="6534107013"><general><startdate>2025-11-18 02:01:00</startdate>
<round>1</round>
<failsafecounter/>
<players><player seat="10" name="Robbottino174" chips="296" dealer="0" win="0" bet="45" muck="1" rebuy="0" addon="0" merge="0" rebuychips="0" reg_code="5073504475"/>
<player seat="3" name="KOPKHUNKRAP" chips="422" dealer="1" win="115" bet="422" muck="1" rebuy="0" addon="0" merge="0" rebuychips="0" reg_code="5073504361"/>
<player seat="6" name="OndaBianca1" chips="782" dealer="0" win="0" bet="25" muck="1" rebuy="0" addon="0" merge="0" rebuychips="0" reg_code="5073504378"/>
</players>
</general>
<round no="0"><action no="1" player="OndaBianca1" type="15" discard="1" dealt="1" sum="5"/>
<action no="2" player="Robbottino174" type="15" discard="1" dealt="1" sum="5"/>
<action no="3" player="KOPKHUNKRAP" type="15" sum="5"/>
<action no="4" player="OndaBianca1" type="1" discard="1" dealt="1" sum="20"/>
<action no="5" player="Robbottino174" type="2" discard="1" dealt="1" sum="40"/>
</round>
<round no="1"><cards type="Pocket" player="KOPKHUNKRAP">SQ SJ</cards>
<cards type="Pocket" player="Robbottino174">X X</cards>
<cards type="Pocket" player="OndaBianca1">X X</cards>
<action no="6" player="KOPKHUNKRAP" type="23" sum="417"/>
<action no="7" player="OndaBianca1" type="0" discard="1" dealt="1" sum="0"/>
<action no="8" player="Robbottino174" type="0" discard="1" dealt="1" sum="0"/>
</round>
</game>
<game gamecode="6534107024"><general><startdate>2025-11-18 02:01:09</startdate>
<round>1</round>
<failsafecounter/>
<players><player seat="3" name="KOPKHUNKRAP" chips="492" dealer="0" win="0" bet="45" muck="1" rebuy="0" addon="0" merge="0" rebuychips="0" reg_code="5073504361"/>
<player seat="6" name="OndaBianca1" chips="757" dealer="1" win="0" bet="5" muck="1" rebuy="0" addon="0" merge="0" rebuychips="0" reg_code="5073504378"/>
<player seat="10" name="Robbottino174" chips="251" dealer="0" win="95" bet="251" muck="1" rebuy="0" addon="0" merge="0" rebuychips="0" reg_code="5073504475"/>
</players>
</general>
<round no="0"><action no="1" player="Robbottino174" type="15" discard="1" dealt="1" sum="5"/>
<action no="2" player="KOPKHUNKRAP" type="15" sum="5"/>
<action no="3" player="OndaBianca1" type="15" discard="1" dealt="1" sum="5"/>
<action no="4" player="Robbottino174" type="1" discard="1" dealt="1" sum="20"/>
<action no="5" player="KOPKHUNKRAP" type="2" sum="40"/>
</round>
<round no="1"><cards type="Pocket" player="OndaBianca1">X X</cards>
<cards type="Pocket" player="Robbottino174">X X</cards>
<cards type="Pocket" player="KOPKHUNKRAP">S3 C8</cards>
<action no="6" player="OndaBianca1" type="0" discard="1" dealt="1" sum="0"/>
<action no="7" player="Robbottino174" type="23" discard="1" dealt="1" sum="246"/>
<action no="8" player="KOPKHUNKRAP" type="0" sum="0"/>
</round>
</game>
<game gamecode="6534107045"><general><startdate>2025-11-18 02:01:25</startdate>
<round>1</round>
<failsafecounter/>
<players><player seat="6" name="OndaBianca1" chips="752" dealer="0" win="95" bet="123" muck="1" rebuy="0" addon="0" merge="0" rebuychips="0" reg_code="5073504378"/>
<player seat="10" name="Robbottino174" chips="301" dealer="1" win="0" bet="5" muck="1" rebuy="0" addon="0" merge="0" rebuychips="0" reg_code="5073504475"/>
<player seat="3" name="KOPKHUNKRAP" chips="447" dealer="0" win="0" bet="45" muck="1" rebuy="0" addon="0" merge="0" rebuychips="0" reg_code="5073504361"/>
</players>
</general>
<round no="0"><action no="1" player="KOPKHUNKRAP" type="15" sum="5"/>
<action no="2" player="OndaBianca1" type="15" discard="1" dealt="1" sum="5"/>
<action no="3" player="Robbottino174" type="15" discard="1" dealt="1" sum="5"/>
<action no="4" player="KOPKHUNKRAP" type="1" sum="20"/>
<action no="5" player="OndaBianca1" type="2" discard="1" dealt="1" sum="40"/>
</round>
<round no="1"><cards type="Pocket" player="OndaBianca1">X X</cards>
<cards type="Pocket" player="KOPKHUNKRAP">CK C5</cards>
<cards type="Pocket" player="Robbottino174">X X</cards>
<action no="6" player="Robbottino174" type="0" discard="1" dealt="1" sum="0"/>
<action no="7" player="KOPKHUNKRAP" type="3" sum="20"/>
<action no="8" player="OndaBianca1" type="4" discard="1" dealt="1" sum="0"/>
</round>
<round no="2"><cards type="Flop">D9 D8 S2</cards>
<action no="9" player="KOPKHUNKRAP" type="4" sum="0"/>
<action no="10" player="OndaBianca1" type="4" discard="1" dealt="1" sum="0"/>
</round>
<round no="3"><cards type="Turn">H9</cards>
<action no="11" player="KOPKHUNKRAP" type="4" sum="0"/>
<action no="12" player="OndaBianca1" type="5" discard="1" dealt="1" sum="78"/>
<action no="13" player="KOPKHUNKRAP" type="0" sum="0"/>
</round>
</game>
<game gamecode="6534107103"><general><startdate>2025-11-18 02:02:15</startdate>
<round>1</round>
<failsafecounter/>
<players><player seat="10" name="Robbottino174" chips="296" dealer="0" win="0" bet="296" muck="0" rebuy="0" addon="0" merge="0" rebuychips="0" reg_code="5073504475"/>
<player seat="3" name="KOPKHUNKRAP" chips="402" dealer="1" win="0" bet="5" muck="1" rebuy="0" addon="0" merge="0" rebuychips="0" reg_code="5073504361"/>
<player seat="6" name="OndaBianca1" chips="802" dealer="0" win="597" bet="802" muck="0" rebuy="0" addon="0" merge="0" rebuychips="0" reg_code="5073504378"/>
</players>
</general>
<round no="0"><action no="1" player="OndaBianca1" type="15" discard="1" dealt="1" sum="5"/>
<action no="2" player="Robbottino174" type="15" discard="1" dealt="1" sum="5"/>
<action no="3" player="KOPKHUNKRAP" type="15" sum="5"/>
<action no="4" player="OndaBianca1" type="1" discard="1" dealt="1" sum="30"/>
<action no="5" player="Robbottino174" type="2" discard="1" dealt="1" sum="60"/>
</round>
<round no="1"><cards type="Pocket" player="Robbottino174">HA D3</cards>
<cards type="Pocket" player="OndaBianca1">SJ D4</cards>
<cards type="Pocket" player="KOPKHUNKRAP">C5 HJ</cards>
<action no="6" player="KOPKHUNKRAP" type="0" sum="0"/>
<action no="7" player="OndaBianca1" type="23" discard="1" dealt="1" sum="797"/>
<action no="8" player="Robbottino174" type="7" discard="1" dealt="1" sum="231"/>
</round>
<round no="2"><cards type="Flop">SA CQ S8</cards>
</round>
<round no="3"><cards type="Turn">HK</cards>
</round>
<round no="4"><cards type="River">D10</cards>
</round>
</game>
<game gamecode="6534107121"><general><startdate>2025-11-18 02:02:32</startdate>
<round>1</round>
<failsafecounter/>
<players><player seat="3" name="KOPKHUNKRAP" chips="397" dealer="0" win="794" bet="397" muck="0" rebuy="0" addon="0" merge="0" rebuychips="0" reg_code="5073504361"/>
<player seat="6" name="OndaBianca1" chips="1,103" dealer="1" win="0" bet="1,103" muck="1" rebuy="0" addon="0" merge="0" rebuychips="0" reg_code="5073504378"/>
</players>
</general>
<round no="0"><action no="1" player="OndaBianca1" type="15" discard="1" dealt="1" sum="5"/>
<action no="2" player="KOPKHUNKRAP" type="15" sum="5"/>
<action no="3" player="OndaBianca1" type="1" discard="1" dealt="1" sum="30"/>
<action no="4" player="KOPKHUNKRAP" type="2" sum="60"/>
</round>
<round no="1"><cards type="Pocket" player="OndaBianca1">HQ D5</cards>
<cards type="Pocket" player="KOPKHUNKRAP">DA S3</cards>
<action no="5" player="OndaBianca1" type="23" discard="1" dealt="1" sum="1,098"/>
<action no="6" player="KOPKHUNKRAP" type="7" sum="332"/>
</round>
<round no="2"><cards type="Flop">H4 C5 H7</cards>
</round>
<round no="3"><cards type="Turn">HA</cards>
</round>
<round no="4"><cards type="River">DK</cards>
</round>
</game>
<game gamecode="6534107140"><general><startdate>2025-11-18 02:02:48</startdate>
<round>1</round>
<failsafecounter/>
<players><player seat="6" name="OndaBianca1" chips="706" dealer="0" win="0" bet="65" muck="1" rebuy="0" addon="0" merge="0" rebuychips="0" reg_code="5073504378"/>
<player seat="3" name="KOPKHUNKRAP" chips="794" dealer="1" win="130" bet="794" muck="1" rebuy="0" addon="0" merge="0" rebuychips="0" reg_code="5073504361"/>
</players>
</general>
<round no="0"><action no="1" player="KOPKHUNKRAP" type="15" sum="5"/>
<action no="2" player="OndaBianca1" type="15" discard="1" dealt="1" sum="5"/>
<action no="3" player="KOPKHUNKRAP" type="1" sum="30"/>
<action no="4" player="OndaBianca1" type="2" discard="1" dealt="1" sum="60"/>
</round>
<round no="1"><cards type="Pocket" player="KOPKHUNKRAP">HA C2</cards>
<cards type="Pocket" player="OndaBianca1">X X</cards>
<action no="5" player="KOPKHUNKRAP" type="23" sum="789"/>
<action no="6" player="OndaBianca1" type="0" discard="1" dealt="1" sum="0"/>
</round>
</game>
<game gamecode="6534107154"><general><startdate>2025-11-18 02:03:01</startdate>
<round>1</round>
<failsafecounter/>
<players><player seat="3" name="KOPKHUNKRAP" chips="859" dealer="0" win="130" bet="859" muck="1" rebuy="0" addon="0" merge="0" rebuychips="0" reg_code="5073504361"/>
<player seat="6" name="OndaBianca1" chips="641" dealer="1" win="0" bet="65" muck="1" rebuy="0" addon="0" merge="0" rebuychips="0" reg_code="5073504378"/>
</players>
</general>
<round no="0"><action no="1" player="OndaBianca1" type="15" discard="1" dealt="1" sum="5"/>
<action no="2" player="KOPKHUNKRAP" type="15" sum="5"/>
<action no="3" player="OndaBianca1" type="1" discard="1" dealt="1" sum="30"/>
<action no="4" player="KOPKHUNKRAP" type="2" sum="60"/>
</round>
<round no="1"><cards type="Pocket" player="OndaBianca1">X X</cards>
<cards type="Pocket" player="KOPKHUNKRAP">S10 HA</cards>
<action no="5" player="OndaBianca1" type="3" discard="1" dealt="1" sum="30"/>
<action no="6" player="KOPKHUNKRAP" type="23" sum="854"/>
<action no="7" player="OndaBianca1" type="0" discard="1" dealt="1" sum="0"/>
</round>
</game>
<game gamecode="6534107167"><general><startdate>2025-11-18 02:03:12</startdate>
<round>1</round>
<failsafecounter/>
<players><player seat="6" name="OndaBianca1" chips="576" dealer="0" win="176" bet="208" muck="1" rebuy="0" addon="0" merge="0" rebuychips="0" reg_code="5073504378"/>
<player seat="3" name="KOPKHUNKRAP" chips="924" dealer="1" win="0" bet="88" muck="1" rebuy="0" addon="0" merge="0" rebuychips="0" reg_code="5073504361"/>
</players>
</general>
<round no="0"><action no="1" player="KOPKHUNKRAP" type="15" sum="8"/>
<action no="2" player="OndaBianca1" type="15" discard="1" dealt="1" sum="8"/>
<action no="3" player="KOPKHUNKRAP" type="1" sum="40"/>
<action no="4" player="OndaBianca1" type="2" discard="1" dealt="1" sum="80"/>
</round>
<round no="1"><cards type="Pocket" player="OndaBianca1">X X</cards>
<cards type="Pocket" player="KOPKHUNKRAP">S6 C4</cards>
<action no="5" player="KOPKHUNKRAP" type="3" sum="40"/>
<action no="6" player="OndaBianca1" type="23" discard="1" dealt="1" sum="200"/>
<action no="7" player="KOPKHUNKRAP" type="0" sum="0"/>
</round>
</game>
<game gamecode="6534107177"><general><startdate>2025-11-18 02:03:22</startdate>
<round>1</round>
<failsafecounter/>
<players><player seat="3" name="KOPKHUNKRAP" chips="836" dealer="0" win="0" bet="664" muck="1" rebuy="0" addon="0" merge="0" rebuychips="0" reg_code="5073504361"/>
<player seat="6" name="OndaBianca1" chips="664" dealer="1" win="1,328" bet="664" muck="0" rebuy="0" addon="0" merge="0" rebuychips="0" reg_code="5073504378"/>
</players>
</general>
<round no="0"><action no="1" player="OndaBianca1" type="15" discard="1" dealt="1" sum="8"/>
<action no="2" player="KOPKHUNKRAP" type="15" sum="8"/>
<action no="3" player="OndaBianca1" type="1" discard="1" dealt="1" sum="40"/>
<action no="4" player="KOPKHUNKRAP" type="2" sum="80"/>
</round>
<round no="1"><cards type="Pocket" player="KOPKHUNKRAP">HQ S8</cards>
<cards type="Pocket" player="OndaBianca1">D10 SK</cards>
<action no="5" player="OndaBianca1" type="23" discard="1" dealt="1" sum="656"/>
<action no="6" player="KOPKHUNKRAP" type="3" sum="576"/>
</round>
<round no="2"><cards type="Flop">S3 CJ C6</cards>
</round>
<round no="3"><cards type="Turn">C7</cards>
</round>
<round no="4"><cards type="River">C4</cards>
</round>
</game>
<game gamecode="6534107197"><general><startdate>2025-11-18 02:03:37</startdate>
<round>1</round>
<failsafecounter/>
<players><player seat="6" name="OndaBianca1" chips="1,328" dealer="0" win="344" bet="172" muck="0" rebuy="0" addon="0" merge="0" rebuychips="0" reg_code="5073504378"/>
<player seat="3" name="KOPKHUNKRAP" chips="172" dealer="1" win="0" bet="172" muck="0" rebuy="0" addon="0" merge="0" rebuychips="0" reg_code="5073504361"/>
</players>
</general>
<round no="0"><action no="1" player="KOPKHUNKRAP" type="15" sum="8"/>
<action no="2" player="OndaBianca1" type="15" discard="1" dealt="1" sum="8"/>
<action no="3" player="KOPKHUNKRAP" type="1" sum="40"/>
<action no="4" player="OndaBianca1" type="2" discard="1" dealt="1" sum="80"/>
</round>
<round no="1"><cards type="Pocket" player="OndaBianca1">DQ C5</cards>
<cards type="Pocket" player="KOPKHUNKRAP">S5 C4</cards>
<action no="5" player="KOPKHUNKRAP" type="23" sum="164"/>
<action no="6" player="OndaBianca1" type="3" discard="1" dealt="1" sum="84"/>
</round>
<round no="2"><cards type="Flop">H9 S9 CJ</cards>
</round>
<round no="3"><cards type="Turn">CK</cards>
</round>
<round no="4"><cards type="River">HQ</cards>
</round>
</game>
</session>
