<?xml version="1.0" encoding="UTF-8"?>
<session sessioncode="5073500921">
<general>
<client_version>25.7.1.34</client_version>
<mode>real</mode>
<gametype>Holdem NL</gametype>
<tablename>Twister €200 SNG, 821897466</tablename>
<tournamentcode>821897465</tournamentcode>
<tournamentname>Twister €200 SNG</tournamentname>
<buyin>€0 + €12 + €188</buyin>
<totalbuyin>€200</totalbuyin>
<rewarddrawn>€400</rewarddrawn>
<tournamentcurrency>EUR</tournamentcurrency>
<currency>EUR</currency>
<nickname>KOPKHUNKRAP</nickname>
<gamecount>5</gamecount>
<startdate>2025-11-18 01:31:27</startdate>
<place>3</place>
<win>€0</win>
<tablesize>3</tablesize>
</general>
<game gamecode="6534090389"><general><startdate>2025-11-18 01:31:42</startdate>
<round>1</round>
<failsafecounter/>
<players><player seat="10" name="KOPKHUNKRAP" chips="500" dealer="0" win="0" bet="170" muck="1" rebuy="0" addon="0" merge="0" rebuychips="0" reg_code="5073500921"/>
<player seat="3" name="OndaBianca1" chips="500" dealer="1" win="350" bet="500" muck="1" rebuy="0" addon="0" merge="0" rebuychips="0" reg_code="5073500806"/>
<player seat="6" name="Aomanuahi" chips="500" dealer="0" win="0" bet="10" muck="1" rebuy="0" addon="0" merge="0" rebuychips="0" reg_code="5073500829"/>
</players>
</general>
<round no="0"><action no="1" player="Aomanuahi" type="1" discard="1" dealt="1" sum="10"/>
<action no="2" player="KOPKHUNKRAP" type="2" sum="20"/>
</round>
<round no="1"><cards type="Pocket" player="KOPKHUNKRAP">H8 D9</cards>
<cards type="Pocket" player="OndaBianca1">X X</cards>
<cards type="Pocket" player="Aomanuahi">X X</cards>
<action no="3" player="OndaBianca1" type="23" discard="1" dealt="1" sum="40"/>
<action no="4" player="Aomanuahi" type="0" discard="1" dealt="1" sum="0"/>
<action no="5" player="KOPKHUNKRAP" type="3" sum="20"/>
</round>
<round no="2"><cards type="Flop">S5 C5 H7</cards>
<action no="6" player="KOPKHUNKRAP" type="4" sum="0"/>
<action no="7" player="OndaBianca1" type="5" discard="1" dealt="1" sum="30"/>
<action no="8" player="KOPKHUNKRAP" type="3" sum="30"/>
</round>
<round no="3"><cards type="Turn">S10</cards>
<action no="9" player="KOPKHUNKRAP" type="4" sum="0"/>
<action no="10" player="OndaBianca1" type="5" discard="1" dealt="1" sum="100"/>
<action no="11" player="KOPKHUNKRAP" type="3" sum="100"/>
</round>
<round no="4"><cards type="River">C2</cards>
<action no="12" player="KOPKHUNKRAP" type="4" sum="0"/>
<action no="13" player="OndaBianca1" type="5" discard="1" dealt="1" sum="330"/>
<action no="14" player="KOPKHUNKRAP" type="0" sum="0"/>
</round>
</game>
<game gamecode="6534090468"><general><startdate>2025-11-18 01:32:28</startdate>
<round>1</round>
<failsafecounter/>
<players><player seat="3" name="OndaBianca1" chips="680" dealer="0" win="0" bet="67" muck="1" rebuy="0" addon="0" merge="0" rebuychips="0" reg_code="5073500806"/>
<player seat="6" name="Aomanuahi" chips="490" dealer="1" win="144" bet="167" muck="1" rebuy="0" addon="0" merge="0" rebuychips="0" reg_code="5073500829"/>
<player seat="10" name="KOPKHUNKRAP" chips="330" dealer="0" win="0" bet="10" muck="1" rebuy="0" addon="0" merge="0" rebuychips="0" reg_code="5073500921"/>
</players>
</general>
<round no="0"><action no="1" player="KOPKHUNKRAP" type="1" sum="10"/>
<action no="2" player="OndaBianca1" type="2" discard="1" dealt="1" sum="20"/>
</round>
<round no="1"><cards type="Pocket" player="KOPKHUNKRAP">D6 HA</cards>
<cards type="Pocket" player="Aomanuahi">X X</cards>
<cards type="Pocket" player="OndaBianca1">X X</cards>
<action no="3" player="Aomanuahi" type="23" discard="1" dealt="1" sum="40"/>
<action no="4" player="KOPKHUNKRAP" type="0" sum="0"/>
<action no="5" player="OndaBianca1" type="3" discard="1" dealt="1" sum="20"/>
</round>
<round no="2"><cards type="Flop">D9 CK H8</cards>
<action no="6" player="OndaBianca1" type="4" discard="1" dealt="1" sum="0"/>
<action no="7" player="Aomanuahi" type="5" discard="1" dealt="1" sum="27"/>
<action no="8" player="OndaBianca1" type="3" discard="1" dealt="1" sum="27"/>
</round>
<round no="3"><cards type="Turn">DQ</cards>
<action no="9" player="OndaBianca1" type="4" discard="1" dealt="1" sum="0"/>
<action no="10" player="Aomanuahi" type="5" discard="1" dealt="1" sum="100"/>
<action no="11" player="OndaBianca1" type="0" discard="1" dealt="1" sum="0"/>
</round>
</game>
<game gamecode="6534090542"><general><startdate>2025-11-18 01:33:10</startdate>
<round>1</round>
<failsafecounter/>
<players><player seat="6" name="Aomanuahi" chips="567" dealer="0" win="40" bet="60" muck="1" rebuy="0" addon="0" merge="0" rebuychips="0" reg_code="5073500829"/>
<player seat="10" name="KOPKHUNKRAP" chips="320" dealer="1" win="0" bet="0" muck="1" rebuy="0" addon="0" merge="0" rebuychips="0" reg_code="5073500921"/>
<player seat="3" name="OndaBianca1" chips="613" dealer="0" win="0" bet="20" muck="1" rebuy="0" addon="0" merge="0" rebuychips="0" reg_code="5073500806"/>
</players>
</general>
<round no="0"><action no="1" player="OndaBianca1" type="1" discard="1" dealt="1" sum="10"/>
<action no="2" player="Aomanuahi" type="2" discard="1" dealt="1" sum="20"/>
</round>
<round no="1"><cards type="Pocket" player="KOPKHUNKRAP">S4 D3</cards>
<cards type="Pocket" player="Aomanuahi">X X</cards>
<cards type="Pocket" player="OndaBianca1">X X</cards>
<action no="3" player="KOPKHUNKRAP" type="0" sum="0"/>
<action no="4" player="OndaBianca1" type="3" discard="1" dealt="1" sum="10"/>
<action no="5" player="Aomanuahi" type="23" discard="1" dealt="1" sum="60"/>
<action no="6" player="OndaBianca1" type="0" discard="1" dealt="1" sum="0"/>
</round>
</game>
<game gamecode="6534090570"><general><startdate>2025-11-18 01:33:23</startdate>
<round>1</round>
<failsafecounter/>
<players><player seat="10" name="KOPKHUNKRAP" chips="320" dealer="0" win="45" bet="35" muck="1" rebuy="0" addon="0" merge="0" rebuychips="0" reg_code="5073500921"/>
<player seat="3" name="OndaBianca1" chips="593" dealer="1" win="0" bet="5" muck="1" rebuy="0" addon="0" merge="0" rebuychips="0" reg_code="5073500806"/>
<player seat="6" name="Aomanuahi" chips="587" dealer="0" win="0" bet="20" muck="1" rebuy="0" addon="0" merge="0" rebuychips="0" reg_code="5073500829"/>
</players>
</general>
<round no="0"><action no="1" player="Aomanuahi" type="15" discard="1" dealt="1" sum="5"/>
<action no="2" player="KOPKHUNKRAP" type="15" sum="5"/>
<action no="3" player="OndaBianca1" type="15" discard="1" dealt="1" sum="5"/>
<action no="4" player="Aomanuahi" type="1" discard="1" dealt="1" sum="15"/>
<action no="5" player="KOPKHUNKRAP" type="2" sum="30"/>
</round>
<round no="1"><cards type="Pocket" player="Aomanuahi">X X</cards>
<cards type="Pocket" player="KOPKHUNKRAP">H4 D2</cards>
<cards type="Pocket" player="OndaBianca1">X X</cards>
<action no="6" player="OndaBianca1" type="0" discard="1" dealt="1" sum="0"/>
<action no="7" player="Aomanuahi" type="0" discard="1" dealt="1" sum="0"/>
</round>
</game>
<game gamecode="6534090583"><general><startdate>2025-11-18 01:33:33</startdate>
<round>1</round>
<failsafecounter/>
<players><player seat="3" name="OndaBianca1" chips="588" dealer="0" win="695" bet="345" muck="0" rebuy="0" addon="0" merge="0" rebuychips="0" reg_code="5073500806"/>
<player seat="6" name="Aomanuahi" chips="567" dealer="1" win="0" bet="5" muck="1" rebuy="0" addon="0" merge="0" rebuychips="0" reg_code="5073500829"/>
<player seat="10" name="KOPKHUNKRAP" chips="345" dealer="0" win="0" bet="345" muck="0" rebuy="0" addon="0" merge="0" rebuychips="0" reg_code="5073500921"/>
</players>
</general>
<round no="0"><action no="1" player="KOPKHUNKRAP" type="15" sum="5"/>
<action no="2" player="OndaBianca1" type="15" discard="1" dealt="1" sum="5"/>
<action no="3" player="Aomanuahi" type="15" discard="1" dealt="1" sum="5"/>
<action no="4" player="KOPKHUNKRAP" type="1" sum="15"/>
<action no="5" player="OndaBianca1" type="2" discard="1" dealt="1" sum="30"/>
</round>
<round no="1"><cards type="Pocket" player="Aomanuahi">X X</cards>
<cards type="Pocket" player="OndaBianca1">H9 SA</cards>
<cards type="Pocket" player="KOPKHUNKRAP">D5 D4</cards>
<action no="6" player="Aomanuahi" type="0" discard="1" dealt="1" sum="0"/>
<action no="7" player="KOPKHUNKRAP" type="23" sum="340"/>
<action no="8" player="OndaBianca1" type="3" discard="1" dealt="1" sum="310"/>
</round>
<round no="2"><cards type="Flop">C7 CK S7</cards>
</round>
<round no="3"><cards type="Turn">D9</cards>
</round>
<round no="4"><cards type="River">C2</cards>
</round>
</game>
</session>
