<?xml version="1.0" encoding="UTF-8"?>
<session sessioncode="5073503074">
<general>
<client_version>25.7.1.34</client_version>
<mode>real</mode>
<gametype>Holdem NL</gametype>
<tablename>Twister €200 SNG, 821898364</tablename>
<tournamentcode>821898363</tournamentcode>
<tournamentname>Twister €200 SNG</tournamentname>
<buyin>€0 + €12 + €188</buyin>
<totalbuyin>€200</totalbuyin>
<rewarddrawn>€600</rewarddrawn>
<tournamentcurrency>EUR</tournamentcurrency>
<currency>EUR</currency>
<nickname>KOPKHUNKRAP</nickname>
<gamecount>12</gamecount>
<startdate>2025-11-18 01:45:24</startdate>
<place>2</place>
<win>€0</win>
<tablesize>3</tablesize>
</general>
<game gamecode="6534100349"><general><startdate>2025-11-18 01:45:39</startdate>
<round>1</round>
<failsafecounter/>
<players><player seat="10" name="KOPKHUNKRAP" chips="500" dealer="0" win="0" bet="40" muck="1" rebuy="0" addon="0" merge="0" rebuychips="0" reg_code="5073503074"/>
<player seat="3" name="eliadomilano" chips="500" dealer="1" win="0" bet="0" muck="1" rebuy="0" addon="0" merge="0" rebuychips="0" reg_code="5073503050"/>
<player seat="6" name="Aomanuahi" chips="500" dealer="0" win="80" bet="120" muck="1" rebuy="0" addon="0" merge="0" rebuychips="0" reg_code="5073503069"/>
</players>
</general>
<round no="0"><action no="1" player="Aomanuahi" type="1" discard="1" dealt="1" sum="10"/>
<action no="2" player="KOPKHUNKRAP" type="2" sum="20"/>
</round>
<round no="1"><cards type="Pocket" player="Aomanuahi">X X</cards>
<cards type="Pocket" player="eliadomilano">X X</cards>
<cards type="Pocket" player="KOPKHUNKRAP">D7 S5</cards>
<action no="3" player="eliadomilano" type="0" discard="1" dealt="1" sum="0"/>
<action no="4" player="Aomanuahi" type="3" discard="1" dealt="1" sum="10"/>
<action no="5" player="KOPKHUNKRAP" type="4" sum="0"/>
</round>
<round no="2"><cards type="Flop">S7 C2 SA</cards>
<action no="6" player="Aomanuahi" type="5" discard="1" dealt="1" sum="20"/>
<action no="7" player="KOPKHUNKRAP" type="3" sum="20"/>
</round>
<round no="3"><cards type="Turn">S3</cards>
<action no="8" player="Aomanuahi" type="5" discard="1" dealt="1" sum="80"/>
<action no="9" player="KOPKHUNKRAP" type="0" sum="0"/>
</round>
</game>
<game gamecode="6534100394"><general><startdate>2025-11-18 01:46:13</startdate>
<round>1</round>
<failsafecounter/>
<players><player seat="3" name="eliadomilano" chips="500" dealer="0" win="20" bet="20" muck="1" rebuy="0" addon="0" merge="0" rebuychips="0" reg_code="5073503050"/>
<player seat="6" name="Aomanuahi" chips="540" dealer="1" win="0" bet="0" muck="1" rebuy="0" addon="0" merge="0" rebuychips="0" reg_code="5073503069"/>
<player seat="10" name="KOPKHUNKRAP" chips="460" dealer="0" win="0" bet="10" muck="1" rebuy="0" addon="0" merge="0" rebuychips="0" reg_code="5073503074"/>
</players>
</general>
<round no="0"><action no="1" player="KOPKHUNKRAP" type="1" sum="10"/>
<action no="2" player="eliadomilano" type="2" discard="1" dealt="1" sum="20"/>
</round>
<round no="1"><cards type="Pocket" player="Aomanuahi">X X</cards>
<cards type="Pocket" player="KOPKHUNKRAP">H2 S7</cards>
<cards type="Pocket" player="eliadomilano">X X</cards>
<action no="3" player="Aomanuahi" type="0" discard="1" dealt="1" sum="0"/>
<action no="4" player="KOPKHUNKRAP" type="0" sum="0"/>
</round>
</game>
<game gamecode="6534100413"><general><startdate>2025-11-18 01:46:26</startdate>
<round>1</round>
<failsafecounter/>
<players><player seat="6" name="Aomanuahi" chips="540" dealer="0" win="20" bet="20" muck="1" rebuy="0" addon="0" merge="0" rebuychips="0" reg_code="5073503069"/>
<player seat="10" name="KOPKHUNKRAP" chips="450" dealer="1" win="0" bet="0" muck="1" rebuy="0" addon="0" merge="0" rebuychips="0" reg_code="5073503074"/>
<player seat="3" name="eliadomilano" chips="510" dealer="0" win="0" bet="10" muck="1" rebuy="0" addon="0" merge="0" rebuychips="0" reg_code="5073503050"/>
</players>
</general>
<round no="0"><action no="1" player="eliadomilano" type="1" discard="1" dealt="1" sum="10"/>
<action no="2" player="Aomanuahi" type="2" discard="1" dealt="1" sum="20"/>
</round>
<round no="1"><cards type="Pocket" player="KOPKHUNKRAP">H2 H8</cards>
<cards type="Pocket" player="eliadomilano">X X</cards>
<cards type="Pocket" player="Aomanuahi">X X</cards>
<action no="3" player="KOPKHUNKRAP" type="0" sum="0"/>
<action no="4" player="eliadomilano" type="0" discard="1" dealt="1" sum="0"/>
</round>
</game>
<game gamecode="6534100424"><general><startdate>2025-11-18 01:46:36</startdate>
<round>1</round>
<failsafecounter/>
<players><player seat="10" name="KOPKHUNKRAP" chips="450" dealer="0" win="0" bet="20" muck="1" rebuy="0" addon="0" merge="0" rebuychips="0" reg_code="5073503074"/>
<player seat="3" name="eliadomilano" chips="500" dealer="1" win="50" bet="70" muck="1" rebuy="0" addon="0" merge="0" rebuychips="0" reg_code="5073503050"/>
<player seat="6" name="Aomanuahi" chips="550" dealer="0" win="0" bet="10" muck="1" rebuy="0" addon="0" merge="0" rebuychips="0" reg_code="5073503069"/>
</players>
</general>
<round no="0"><action no="1" player="Aomanuahi" type="1" discard="1" dealt="1" sum="10"/>
<action no="2" player="KOPKHUNKRAP" type="2" sum="20"/>
</round>
<round no="1"><cards type="Pocket" player="Aomanuahi">X X</cards>
<cards type="Pocket" player="eliadomilano">X X</cards>
<cards type="Pocket" player="KOPKHUNKRAP">D8 S7</cards>
<action no="3" player="eliadomilano" type="3" discard="1" dealt="1" sum="20"/>
<action no="4" player="Aomanuahi" type="0" discard="1" dealt="1" sum="0"/>
<action no="5" player="KOPKHUNKRAP" type="4" sum="0"/>
</round>
<round no="2"><cards type="Flop">SQ HQ D4</cards>
<action no="6" player="KOPKHUNKRAP" type="4" sum="0"/>
<action no="7" player="eliadomilano" type="5" discard="1" dealt="1" sum="50"/>
<action no="8" player="KOPKHUNKRAP" type="0" sum="0"/>
</round>
</game>
<game gamecode="6534100447"><general><startdate>2025-11-18 01:46:52</startdate>
<round>1</round>
<failsafecounter/>
<players><player seat="3" name="eliadomilano" chips="530" dealer="0" win="0" bet="66" muck="1" rebuy="0" addon="0" merge="0" rebuychips="0" reg_code="5073503050"/>
<player seat="6" name="Aomanuahi" chips="540" dealer="1" win="0" bet="0" muck="1" rebuy="0" addon="0" merge="0" rebuychips="0" reg_code="5073503069"/>
<player seat="10" name="KOPKHUNKRAP" chips="430" dealer="0" win="132" bet="166" muck="1" rebuy="0" addon="0" merge="0" rebuychips="0" reg_code="5073503074"/>
</players>
</general>
<round no="0"><action no="1" player="KOPKHUNKRAP" type="1" sum="10"/>
<action no="2" player="eliadomilano" type="2" discard="1" dealt="1" sum="20"/>
</round>
<round no="1"><cards type="Pocket" player="KOPKHUNKRAP">HQ SA</cards>
<cards type="Pocket" player="eliadomilano">X X</cards>
<cards type="Pocket" player="Aomanuahi">X X</cards>
<action no="3" player="Aomanuahi" type="0" discard="1" dealt="1" sum="0"/>
<action no="4" player="KOPKHUNKRAP" type="23" sum="40"/>
<action no="5" player="eliadomilano" type="3" discard="1" dealt="1" sum="20"/>
</round>
<round no="2"><cards type="Flop">H8 S4 SQ</cards>
<action no="6" player="KOPKHUNKRAP" type="5" sum="26"/>
<action no="7" player="eliadomilano" type="3" discard="1" dealt="1" sum="26"/>
</round>
<round no="3"><cards type="Turn">H4</cards>
<action no="8" player="KOPKHUNKRAP" type="5" sum="100"/>
<action no="9" player="eliadomilano" type="0" discard="1" dealt="1" sum="0"/>
</round>
</game>
<game gamecode="6534100484"><general><startdate>2025-11-18 01:47:12</startdate>
<round>1</round>
<failsafecounter/>
<players><player seat="6" name="Aomanuahi" chips="540" dealer="0" win="0" bet="20" muck="1" rebuy="0" addon="0" merge="0" rebuychips="0" reg_code="5073503069"/>
<player seat="10" name="KOPKHUNKRAP" chips="496" dealer="1" win="50" bet="40" muck="1" rebuy="0" addon="0" merge="0" rebuychips="0" reg_code="5073503074"/>
<player seat="3" name="eliadomilano" chips="464" dealer="0" win="0" bet="10" muck="1" rebuy="0" addon="0" merge="0" rebuychips="0" reg_code="5073503050"/>
</players>
</general>
<round no="0"><action no="1" player="eliadomilano" type="1" discard="1" dealt="1" sum="10"/>
<action no="2" player="Aomanuahi" type="2" discard="1" dealt="1" sum="20"/>
</round>
<round no="1"><cards type="Pocket" player="KOPKHUNKRAP">DQ S9</cards>
<cards type="Pocket" player="eliadomilano">X X</cards>
<cards type="Pocket" player="Aomanuahi">X X</cards>
<action no="3" player="KOPKHUNKRAP" type="23" sum="40"/>
<action no="4" player="eliadomilano" type="0" discard="1" dealt="1" sum="0"/>
<action no="5" player="Aomanuahi" type="0" discard="1" dealt="1" sum="0"/>
</round>
</game>
<game gamecode="6534100496"><general><startdate>2025-11-18 01:47:21</startdate>
<round>1</round>
<failsafecounter/>
<players><player seat="10" name="KOPKHUNKRAP" chips="526" dealer="0" win="0" bet="35" muck="1" rebuy="0" addon="0" merge="0" rebuychips="0" reg_code="5073503074"/>
<player seat="3" name="eliadomilano" chips="454" dealer="1" win="417" bet="221" muck="1" rebuy="0" addon="0" merge="0" rebuychips="0" reg_code="5073503050"/>
<player seat="6" name="Aomanuahi" chips="520" dealer="0" win="0" bet="191" muck="1" rebuy="0" addon="0" merge="0" rebuychips="0" reg_code="5073503069"/>
</players>
</general>
<round no="0"><action no="1" player="Aomanuahi" type="15" discard="1" dealt="1" sum="5"/>
<action no="2" player="KOPKHUNKRAP" type="15" sum="5"/>
<action no="3" player="eliadomilano" type="15" discard="1" dealt="1" sum="5"/>
<action no="4" player="Aomanuahi" type="1" discard="1" dealt="1" sum="15"/>
<action no="5" player="KOPKHUNKRAP" type="2" sum="30"/>
</round>
<round no="1"><cards type="Pocket" player="Aomanuahi">X X</cards>
<cards type="Pocket" player="eliadomilano">X X</cards>
<cards type="Pocket" player="KOPKHUNKRAP">C9 C10</cards>
<action no="6" player="eliadomilano" type="3" discard="1" dealt="1" sum="30"/>
<action no="7" player="Aomanuahi" type="3" discard="1" dealt="1" sum="15"/>
<action no="8" player="KOPKHUNKRAP" type="4" sum="0"/>
</round>
<round no="2"><cards type="Flop">S4 SJ H3</cards>
<action no="9" player="Aomanuahi" type="4" discard="1" dealt="1" sum="0"/>
<action no="10" player="KOPKHUNKRAP" type="4" sum="0"/>
<action no="11" player="eliadomilano" type="5" discard="1" dealt="1" sum="52"/>
<action no="12" player="Aomanuahi" type="3" discard="1" dealt="1" sum="52"/>
<action no="13" player="KOPKHUNKRAP" type="0" sum="0"/>
</round>
<round no="3"><cards type="Turn">H5</cards>
<action no="14" player="Aomanuahi" type="4" discard="1" dealt="1" sum="0"/>
<action no="15" player="eliadomilano" type="5" discard="1" dealt="1" sum="104"/>
<action no="16" player="Aomanuahi" type="3" discard="1" dealt="1" sum="104"/>
</round>
<round no="4"><cards type="River">DA</cards>
<action no="17" player="Aomanuahi" type="4" discard="1" dealt="1" sum="0"/>
<action no="18" player="eliadomilano" type="5" discard="1" dealt="1" sum="30"/>
<action no="19" player="Aomanuahi" type="0" discard="1" dealt="1" sum="0"/>
</round>
</game>
<game gamecode="6534100606"><general><startdate>2025-11-18 01:48:32</startdate>
<round>1</round>
<failsafecounter/>
<players><player seat="3" name="eliadomilano" chips="680" dealer="0" win="0" bet="329" muck="1" rebuy="0" addon="0" merge="0" rebuychips="0" reg_code="5073503050"/>
<player seat="6" name="Aomanuahi" chips="329" dealer="1" win="678" bet="329" muck="0" rebuy="0" addon="0" merge="0" rebuychips="0" reg_code="5073503069"/>
<player seat="10" name="KOPKHUNKRAP" chips="491" dealer="0" win="0" bet="20" muck="1" rebuy="0" addon="0" merge="0" rebuychips="0" reg_code="5073503074"/>
</players>
</general>
<round no="0"><action no="1" player="KOPKHUNKRAP" type="15" sum="5"/>
<action no="2" player="eliadomilano" type="15" discard="1" dealt="1" sum="5"/>
<action no="3" player="Aomanuahi" type="15" discard="1" dealt="1" sum="5"/>
<action no="4" player="KOPKHUNKRAP" type="1" sum="15"/>
<action no="5" player="eliadomilano" type="2" discard="1" dealt="1" sum="30"/>
</round>
<round no="1"><cards type="Pocket" player="eliadomilano">SK DJ</cards>
<cards type="Pocket" player="KOPKHUNKRAP">D7 SQ</cards>
<cards type="Pocket" player="Aomanuahi">S5 HA</cards>
<action no="6" player="Aomanuahi" type="23" discard="1" dealt="1" sum="324"/>
<action no="7" player="KOPKHUNKRAP" type="0" sum="0"/>
<action no="8" player="eliadomilano" type="3" discard="1" dealt="1" sum="294"/>
</round>
<round no="2"><cards type="Flop">D8 C5 CK</cards>
</round>
<round no="3"><cards type="Turn">DQ</cards>
</round>
<round no="4"><cards type="River">CA</cards>
</round>
</game>
<game gamecode="6534100638"><general><startdate>2025-11-18 01:49:00</startdate>
<round>1</round>
<failsafecounter/>
<players><player seat="6" name="Aomanuahi" chips="678" dealer="0" win="95" bet="678" muck="1" rebuy="0" addon="0" merge="0" rebuychips="0" reg_code="5073503069"/>
<player seat="10" name="KOPKHUNKRAP" chips="471" dealer="1" win="0" bet="5" muck="1" rebuy="0" addon="0" merge="0" rebuychips="0" reg_code="5073503074"/>
<player seat="3" name="eliadomilano" chips="351" dealer="0" win="0" bet="45" muck="1" rebuy="0" addon="0" merge="0" rebuychips="0" reg_code="5073503050"/>
</players>
</general>
<round no="0"><action no="1" player="eliadomilano" type="15" discard="1" dealt="1" sum="5"/>
<action no="2" player="Aomanuahi" type="15" discard="1" dealt="1" sum="5"/>
<action no="3" player="KOPKHUNKRAP" type="15" sum="5"/>
<action no="4" player="eliadomilano" type="1" discard="1" dealt="1" sum="20"/>
<action no="5" player="Aomanuahi" type="2" discard="1" dealt="1" sum="40"/>
</round>
<round no="1"><cards type="Pocket" player="KOPKHUNKRAP">D4 S6</cards>
<cards type="Pocket" player="Aomanuahi">X X</cards>
<cards type="Pocket" player="eliadomilano">X X</cards>
<action no="6" player="KOPKHUNKRAP" type="0" sum="0"/>
<action no="7" player="eliadomilano" type="3" discard="1" dealt="1" sum="20"/>
<action no="8" player="Aomanuahi" type="23" discard="1" dealt="1" sum="673"/>
<action no="9" player="eliadomilano" type="0" discard="1" dealt="1" sum="0"/>
</round>
</game>
<game gamecode="6534100658"><general><startdate>2025-11-18 01:49:10</startdate>
<round>1</round>
<failsafecounter/>
<players><player seat="10" name="KOPKHUNKRAP" chips="466" dealer="0" win="0" bet="306" muck="1" rebuy="0" addon="0" merge="0" rebuychips="0" reg_code="5073503074"/>
<player seat="3" name="eliadomilano" chips="306" dealer="1" win="637" bet="306" muck="0" rebuy="0" addon="0" merge="0" rebuychips="0" reg_code="5073503050"/>
<player seat="6" name="Aomanuahi" chips="728" dealer="0" win="0" bet="25" muck="1" rebuy="0" addon="0" merge="0" rebuychips="0" reg_code="5073503069"/>
</players>
</general>
<round no="0"><action no="1" player="Aomanuahi" type="15" discard="1" dealt="1" sum="5"/>
<action no="2" player="KOPKHUNKRAP" type="15" sum="5"/>
<action no="3" player="eliadomilano" type="15" discard="1" dealt="1" sum="5"/>
<action no="4" player="Aomanuahi" type="1" discard="1" dealt="1" sum="20"/>
<action no="5" player="KOPKHUNKRAP" type="2" sum="40"/>
</round>
<round no="1"><cards type="Pocket" player="eliadomilano">DA HK</cards>
<cards type="Pocket" player="KOPKHUNKRAP">H2 CA</cards>
<cards type="Pocket" player="Aomanuahi">X X</cards>
<action no="6" player="eliadomilano" type="23" discard="1" dealt="1" sum="301"/>
<action no="7" player="Aomanuahi" type="0" discard="1" dealt="1" sum="0"/>
<action no="8" player="KOPKHUNKRAP" type="3" sum="261"/>
</round>
<round no="2"><cards type="Flop">D10 H8 DJ</cards>
</round>
<round no="3"><cards type="Turn">C6</cards>
</round>
<round no="4"><cards type="River">S5</cards>
</round>
</game>
<game gamecode="6534100688"><general><startdate>2025-11-18 01:49:30</startdate>
<round>1</round>
<failsafecounter/>
<players><player seat="3" name="eliadomilano" chips="637" dealer="0" win="0" bet="637" muck="0" rebuy="0" addon="0" merge="0" rebuychips="0" reg_code="5073503050"/>
<player seat="6" name="Aomanuahi" chips="703" dealer="1" win="1,299" bet="703" muck="0" rebuy="0" addon="0" merge="0" rebuychips="0" reg_code="5073503069"/>
<player seat="10" name="KOPKHUNKRAP" chips="160" dealer="0" win="0" bet="25" muck="1" rebuy="0" addon="0" merge="0" rebuychips="0" reg_code="5073503074"/>
</players>
</general>
<round no="0"><action no="1" player="KOPKHUNKRAP" type="15" sum="5"/>
<action no="2" player="eliadomilano" type="15" discard="1" dealt="1" sum="5"/>
<action no="3" player="Aomanuahi" type="15" discard="1" dealt="1" sum="5"/>
<action no="4" player="KOPKHUNKRAP" type="1" sum="20"/>
<action no="5" player="eliadomilano" type="2" discard="1" dealt="1" sum="40"/>
</round>
<round no="1"><cards type="Pocket" player="eliadomilano">DQ CK</cards>
<cards type="Pocket" player="Aomanuahi">CA D6</cards>
<cards type="Pocket" player="KOPKHUNKRAP">HQ S5</cards>
<action no="6" player="Aomanuahi" type="23" discard="1" dealt="1" sum="698"/>
<action no="7" player="KOPKHUNKRAP" type="0" sum="0"/>
<action no="8" player="eliadomilano" type="7" discard="1" dealt="1" sum="592"/>
</round>
<round no="2"><cards type="Flop">C4 S2 C9</cards>
</round>
<round no="3"><cards type="Turn">D4</cards>
</round>
<round no="4"><cards type="River">H6</cards>
</round>
</game>
<game gamecode="6534100721"><general><startdate>2025-11-18 01:49:51</startdate>
<round>1</round>
<failsafecounter/>
<players><player seat="6" name="Aomanuahi" chips="1,365" dealer="0" win="270" bet="135" muck="0" rebuy="0" addon="0" merge="0" rebuychips="0" reg_code="5073503069"/>
<player seat="10" name="KOPKHUNKRAP" chips="135" dealer="1" win="0" bet="135" muck="0" rebuy="0" addon="0" merge="0" rebuychips="0" reg_code="5073503074"/>
</players>
</general>
<round no="0"><action no="1" player="KOPKHUNKRAP" type="15" sum="5"/>
<action no="2" player="Aomanuahi" type="15" discard="1" dealt="1" sum="5"/>
<action no="3" player="KOPKHUNKRAP" type="1" sum="20"/>
<action no="4" player="Aomanuahi" type="2" discard="1" dealt="1" sum="40"/>
</round>
<round no="1"><cards type="Pocket" player="KOPKHUNKRAP">S6 DA</cards>
<cards type="Pocket" player="Aomanuahi">S9 S3</cards>
<action no="5" player="KOPKHUNKRAP" type="23" sum="130"/>
<action no="6" player="Aomanuahi" type="3" discard="1" dealt="1" sum="90"/>
</round>
<round no="2"><cards type="Flop">S10 DK C2</cards>
</round>
<round no="3"><cards type="Turn">C6</cards>
</round>
<round no="4"><cards type="River">C9</cards>
</round>
</game>
</session>
