<?xml version="1.0" encoding="UTF-8"?>
<session sessioncode="5073500477">
<general>
<client_version>25.7.1.34</client_version>
<mode>real</mode>
<gametype>Holdem NL</gametype>
<tablename>Twister €200 SNG, 821897328</tablename>
<tournamentcode>821897327</tournamentcode>
<tournamentname>Twister €200 SNG</tournamentname>
<buyin>€0 + €12 + €188</buyin>
<totalbuyin>€200</totalbuyin>
<rewarddrawn>€400</rewarddrawn>
<tournamentcurrency>EUR</tournamentcurrency>
<currency>EUR</currency>
<nickname>KOPKHUNKRAP</nickname>
<gamecount>12</gamecount>
<startdate>2025-11-18 01:28:49</startdate>
<place>2</place>
<win>€0</win>
<tablesize>3</tablesize>
</general>
<game gamecode="6534087743"><general><startdate>2025-11-18 01:29:04</startdate>
<round>1</round>
<failsafecounter/>
<players><player seat="3" name="KOPKHUNKRAP" chips="500" dealer="0" win="0" bet="20" muck="1" rebuy="0" addon="0" merge="0" rebuychips="0" reg_code="5073500477"/>
<player seat="6" name="LUCKINO004" chips="500" dealer="1" win="0" bet="500" muck="0" rebuy="0" addon="0" merge="0" rebuychips="0" reg_code="5073500488"/>
<player seat="10" name="al900000" chips="500" dealer="0" win="1,020" bet="500" muck="0" rebuy="0" addon="0" merge="0" rebuychips="0" reg_code="5073500497"/>
</players>
</general>
<round no="0"><action no="1" player="al900000" type="1" discard="1" dealt="1" sum="10"/>
<action no="2" player="KOPKHUNKRAP" type="2" sum="20"/>
</round>
<round no="1"><cards type="Pocket" player="al900000">SQ DK</cards>
<cards type="Pocket" player="KOPKHUNKRAP">H9 DA</cards>
<cards type="Pocket" player="LUCKINO004">CA CJ</cards>
<action no="3" player="LUCKINO004" type="23" discard="1" dealt="1" sum="40"/>
<action no="4" player="al900000" type="23" discard="1" dealt="1" sum="500"/>
<action no="5" player="KOPKHUNKRAP" type="0" sum="0"/>
<action no="6" player="LUCKINO004" type="7" discard="1" dealt="1" sum="460"/>
</round>
<round no="2"><cards type="Flop">C5 CK S4</cards>
</round>
<round no="3"><cards type="Turn">S7</cards>
</round>
<round no="4"><cards type="River">DQ</cards>
</round>
</game>
<game gamecode="6534087771"><general><startdate>2025-11-18 01:29:23</startdate>
<round>1</round>
<failsafecounter/>
<players><player seat="3" name="KOPKHUNKRAP" chips="480" dealer="0" win="0" bet="20" muck="1" rebuy="0" addon="0" merge="0" rebuychips="0" reg_code="5073500477"/>
<player seat="10" name="al900000" chips="1,020" dealer="1" win="40" bet="1,020" muck="1" rebuy="0" addon="0" merge="0" rebuychips="0" reg_code="5073500497"/>
</players>
</general>
<round no="0"><action no="1" player="al900000" type="1" discard="1" dealt="1" sum="10"/>
<action no="2" player="KOPKHUNKRAP" type="2" sum="20"/>
</round>
<round no="1"><cards type="Pocket" player="al900000">X X</cards>
<cards type="Pocket" player="KOPKHUNKRAP">H2 CQ</cards>
<action no="3" player="al900000" type="23" discard="1" dealt="1" sum="1,020"/>
<action no="4" player="KOPKHUNKRAP" type="0" sum="0"/>
</round>
</game>
<game gamecode="6534087785"><general><startdate>2025-11-18 01:29:31</startdate>
<round>1</round>
<failsafecounter/>
<players><player seat="10" name="al900000" chips="1,040" dealer="0" win="0" bet="60" muck="1" rebuy="0" addon="0" merge="0" rebuychips="0" reg_code="5073500497"/>
<player seat="3" name="KOPKHUNKRAP" chips="460" dealer="1" win="120" bet="100" muck="1" rebuy="0" addon="0" merge="0" rebuychips="0" reg_code="5073500477"/>
</players>
</general>
<round no="0"><action no="1" player="KOPKHUNKRAP" type="1" sum="10"/>
<action no="2" player="al900000" type="2" discard="1" dealt="1" sum="20"/>
</round>
<round no="1"><cards type="Pocket" player="KOPKHUNKRAP">SJ D5</cards>
<cards type="Pocket" player="al900000">X X</cards>
<action no="3" player="KOPKHUNKRAP" type="3" sum="10"/>
<action no="4" player="al900000" type="4" discard="1" dealt="1" sum="0"/>
</round>
<round no="2"><cards type="Flop">S4 H5 CK</cards>
<action no="5" player="al900000" type="5" discard="1" dealt="1" sum="40"/>
<action no="6" player="KOPKHUNKRAP" type="3" sum="40"/>
</round>
<round no="3"><cards type="Turn">D9</cards>
<action no="7" player="al900000" type="4" discard="1" dealt="1" sum="0"/>
<action no="8" player="KOPKHUNKRAP" type="5" sum="40"/>
<action no="9" player="al900000" type="0" discard="1" dealt="1" sum="0"/>
</round>
</game>
<game gamecode="6534087819"><general><startdate>2025-11-18 01:29:51</startdate>
<round>1</round>
<failsafecounter/>
<players><player seat="3" name="KOPKHUNKRAP" chips="520" dealer="0" win="20" bet="20" muck="1" rebuy="0" addon="0" merge="0" rebuychips="0" reg_code="5073500477"/>
<player seat="10" name="al900000" chips="980" dealer="1" win="0" bet="10" muck="1" rebuy="0" addon="0" merge="0" rebuychips="0" reg_code="5073500497"/>
</players>
</general>
<round no="0"><action no="1" player="al900000" type="1" discard="1" dealt="1" sum="10"/>
<action no="2" player="KOPKHUNKRAP" type="2" sum="20"/>
</round>
<round no="1"><cards type="Pocket" player="al900000">X X</cards>
<cards type="Pocket" player="KOPKHUNKRAP">CQ HK</cards>
<action no="3" player="al900000" type="0" discard="1" dealt="1" sum="0"/>
</round>
</game>
<game gamecode="6534087835"><general><startdate>2025-11-18 01:29:56</startdate>
<round>1</round>
<failsafecounter/>
<players><player seat="10" name="al900000" chips="970" dealer="0" win="0" bet="20" muck="1" rebuy="0" addon="0" merge="0" rebuychips="0" reg_code="5073500497"/>
<player seat="3" name="KOPKHUNKRAP" chips="530" dealer="1" win="40" bet="20" muck="1" rebuy="0" addon="0" merge="0" rebuychips="0" reg_code="5073500477"/>
</players>
</general>
<round no="0"><action no="1" player="KOPKHUNKRAP" type="1" sum="10"/>
<action no="2" player="al900000" type="2" discard="1" dealt="1" sum="20"/>
</round>
<round no="1"><cards type="Pocket" player="al900000">X X</cards>
<cards type="Pocket" player="KOPKHUNKRAP">H4 C10</cards>
<action no="3" player="KOPKHUNKRAP" type="3" sum="10"/>
<action no="4" player="al900000" type="0" discard="1" dealt="1" sum="0"/>
</round>
</game>
<game gamecode="6534087845"><general><startdate>2025-11-18 01:30:02</startdate>
<round>1</round>
<failsafecounter/>
<players><player seat="3" name="KOPKHUNKRAP" chips="550" dealer="0" win="0" bet="20" muck="1" rebuy="0" addon="0" merge="0" rebuychips="0" reg_code="5073500477"/>
<player seat="10" name="al900000" chips="950" dealer="1" win="40" bet="950" muck="1" rebuy="0" addon="0" merge="0" rebuychips="0" reg_code="5073500497"/>
</players>
</general>
<round no="0"><action no="1" player="al900000" type="1" discard="1" dealt="1" sum="10"/>
<action no="2" player="KOPKHUNKRAP" type="2" sum="20"/>
</round>
<round no="1"><cards type="Pocket" player="KOPKHUNKRAP">D2 H5</cards>
<cards type="Pocket" player="al900000">X X</cards>
<action no="3" player="al900000" type="23" discard="1" dealt="1" sum="950"/>
<action no="4" player="KOPKHUNKRAP" type="0" sum="0"/>
</round>
</game>
<game gamecode="6534087865"><general><startdate>2025-11-18 01:30:12</startdate>
<round>1</round>
<failsafecounter/>
<players><player seat="10" name="al900000" chips="970" dealer="0" win="0" bet="20" muck="1" rebuy="0" addon="0" merge="0" rebuychips="0" reg_code="5073500497"/>
<player seat="3" name="KOPKHUNKRAP" chips="530" dealer="1" win="40" bet="20" muck="1" rebuy="0" addon="0" merge="0" rebuychips="0" reg_code="5073500477"/>
</players>
</general>
<round no="0"><action no="1" player="KOPKHUNKRAP" type="1" sum="10"/>
<action no="2" player="al900000" type="2" discard="1" dealt="1" sum="20"/>
</round>
<round no="1"><cards type="Pocket" player="al900000">X X</cards>
<cards type="Pocket" player="KOPKHUNKRAP">HK C3</cards>
<action no="3" player="KOPKHUNKRAP" type="3" sum="10"/>
<action no="4" player="al900000" type="4" discard="1" dealt="1" sum="0"/>
</round>
<round no="2"><cards type="Flop">C10 S9 S4</cards>
<action no="5" player="al900000" type="0" discard="1" dealt="1" sum="0"/>
</round>
</game>
<game gamecode="6534087885"><general><startdate>2025-11-18 01:30:23</startdate>
<round>1</round>
<failsafecounter/>
<players><player seat="3" name="KOPKHUNKRAP" chips="550" dealer="0" win="20" bet="20" muck="1" rebuy="0" addon="0" merge="0" rebuychips="0" reg_code="5073500477"/>
<player seat="10" name="al900000" chips="950" dealer="1" win="0" bet="10" muck="1" rebuy="0" addon="0" merge="0" rebuychips="0" reg_code="5073500497"/>
</players>
</general>
<round no="0"><action no="1" player="al900000" type="1" discard="1" dealt="1" sum="10"/>
<action no="2" player="KOPKHUNKRAP" type="2" sum="20"/>
</round>
<round no="1"><cards type="Pocket" player="KOPKHUNKRAP">D3 C2</cards>
<cards type="Pocket" player="al900000">X X</cards>
<action no="3" player="al900000" type="0" discard="1" dealt="1" sum="0"/>
</round>
</game>
<game gamecode="6534087896"><general><startdate>2025-11-18 01:30:28</startdate>
<round>1</round>
<failsafecounter/>
<players><player seat="10" name="al900000" chips="940" dealer="0" win="0" bet="20" muck="1" rebuy="0" addon="0" merge="0" rebuychips="0" reg_code="5073500497"/>
<player seat="3" name="KOPKHUNKRAP" chips="560" dealer="1" win="40" bet="20" muck="1" rebuy="0" addon="0" merge="0" rebuychips="0" reg_code="5073500477"/>
</players>
</general>
<round no="0"><action no="1" player="KOPKHUNKRAP" type="1" sum="10"/>
<action no="2" player="al900000" type="2" discard="1" dealt="1" sum="20"/>
</round>
<round no="1"><cards type="Pocket" player="al900000">X X</cards>
<cards type="Pocket" player="KOPKHUNKRAP">D8 S9</cards>
<action no="3" player="KOPKHUNKRAP" type="3" sum="10"/>
<action no="4" player="al900000" type="4" discard="1" dealt="1" sum="0"/>
</round>
<round no="2"><cards type="Flop">C5 H2 CA</cards>
<action no="5" player="al900000" type="0" discard="1" dealt="1" sum="0"/>
</round>
</game>
<game gamecode="6534087924"><general><startdate>2025-11-18 01:30:43</startdate>
<round>1</round>
<failsafecounter/>
<players><player seat="3" name="KOPKHUNKRAP" chips="580" dealer="0" win="0" bet="35" muck="1" rebuy="0" addon="0" merge="0" rebuychips="0" reg_code="5073500477"/>
<player seat="10" name="al900000" chips="920" dealer="1" win="70" bet="920" muck="1" rebuy="0" addon="0" merge="0" rebuychips="0" reg_code="5073500497"/>
</players>
</general>
<round no="0"><action no="1" player="al900000" type="15" discard="1" dealt="1" sum="5"/>
<action no="2" player="KOPKHUNKRAP" type="15" sum="5"/>
<action no="3" player="al900000" type="1" discard="1" dealt="1" sum="15"/>
<action no="4" player="KOPKHUNKRAP" type="2" sum="30"/>
</round>
<round no="1"><cards type="Pocket" player="KOPKHUNKRAP">C5 D2</cards>
<cards type="Pocket" player="al900000">X X</cards>
<action no="5" player="al900000" type="23" discard="1" dealt="1" sum="915"/>
<action no="6" player="KOPKHUNKRAP" type="0" sum="0"/>
</round>
</game>
<game gamecode="6534087936"><general><startdate>2025-11-18 01:30:50</startdate>
<round>1</round>
<failsafecounter/>
<players><player seat="10" name="al900000" chips="955" dealer="0" win="0" bet="35" muck="1" rebuy="0" addon="0" merge="0" rebuychips="0" reg_code="5073500497"/>
<player seat="3" name="KOPKHUNKRAP" chips="545" dealer="1" win="70" bet="35" muck="1" rebuy="0" addon="0" merge="0" rebuychips="0" reg_code="5073500477"/>
</players>
</general>
<round no="0"><action no="1" player="KOPKHUNKRAP" type="15" sum="5"/>
<action no="2" player="al900000" type="15" discard="1" dealt="1" sum="5"/>
<action no="3" player="KOPKHUNKRAP" type="1" sum="15"/>
<action no="4" player="al900000" type="2" discard="1" dealt="1" sum="30"/>
</round>
<round no="1"><cards type="Pocket" player="al900000">X X</cards>
<cards type="Pocket" player="KOPKHUNKRAP">C7 H5</cards>
<action no="5" player="KOPKHUNKRAP" type="3" sum="15"/>
<action no="6" player="al900000" type="4" discard="1" dealt="1" sum="0"/>
</round>
<round no="2"><cards type="Flop">D8 C4 S7</cards>
<action no="7" player="al900000" type="0" discard="1" dealt="1" sum="0"/>
</round>
</game>
<game gamecode="6534087957"><general><startdate>2025-11-18 01:31:04</startdate>
<round>1</round>
<failsafecounter/>
<players><player seat="3" name="KOPKHUNKRAP" chips="580" dealer="0" win="0" bet="580" muck="0" rebuy="0" addon="0" merge="0" rebuychips="0" reg_code="5073500477"/>
<player seat="10" name="al900000" chips="920" dealer="1" win="1,160" bet="580" muck="0" rebuy="0" addon="0" merge="0" rebuychips="0" reg_code="5073500497"/>
</players>
</general>
<round no="0"><action no="1" player="al900000" type="15" discard="1" dealt="1" sum="5"/>
<action no="2" player="KOPKHUNKRAP" type="15" sum="5"/>
<action no="3" player="al900000" type="1" discard="1" dealt="1" sum="15"/>
<action no="4" player="KOPKHUNKRAP" type="2" sum="30"/>
</round>
<round no="1"><cards type="Pocket" player="al900000">S3 C3</cards>
<cards type="Pocket" player="KOPKHUNKRAP">D6 H6</cards>
<action no="5" player="al900000" type="23" discard="1" dealt="1" sum="90"/>
<action no="6" player="KOPKHUNKRAP" type="23" sum="575"/>
<action no="7" player="al900000" type="3" discard="1" dealt="1" sum="485"/>
</round>
<round no="2"><cards type="Flop">D3 HK H3</cards>
</round>
<round no="3"><cards type="Turn">CJ</cards>
</round>
<round no="4"><cards type="River">H7</cards>
</round>
</game>
</session>
