<?xml version="1.0" encoding="UTF-8"?>
<session sessioncode="5073311768">
<general>
<client_version>25.7.1.34</client_version>
<mode>real</mode>
<gametype>Holdem NL</gametype>
<tablename>Twister €200 SNG, 821841639</tablename>
<tournamentcode>821841638</tournamentcode>
<tournamentname>Twister €200 SNG</tournamentname>
<buyin>€0 + €12 + €188</buyin>
<totalbuyin>€200</totalbuyin>
<rewarddrawn>€800</rewarddrawn>
<tournamentcurrency>EUR</tournamentcurrency>
<currency>EUR</currency>
<nickname>KOPKHUNKRAP</nickname>
<gamecount>19</gamecount>
<startdate>2025-11-17 12:36:08</startdate>
<place>2</place>
<win>€0</win>
<tablesize>3</tablesize>
</general>
<game gamecode="6533371748"><general><startdate>2025-11-17 12:36:23</startdate>
<round>1</round>
<failsafecounter/>
<players><player seat="10" name="Rammesord2" chips="500" dealer="0" win="20" bet="20" muck="1" rebuy="0" addon="0" merge="0" rebuychips="0" reg_code="5073311832"/>
<player seat="3" name="Ankalaev" chips="500" dealer="1" win="0" bet="0" muck="1" rebuy="0" addon="0" merge="0" rebuychips="0" reg_code="5073311512"/>
<player seat="6" name="KOPKHUNKRAP" chips="500" dealer="0" win="0" bet="10" muck="1" rebuy="0" addon="0" merge="0" rebuychips="0" reg_code="5073311768"/>
</players>
</general>
<round no="0"><action no="1" player="KOPKHUNKRAP" type="1" sum="10"/>
<action no="2" player="Rammesord2" type="2" discard="1" dealt="1" sum="20"/>
</round>
<round no="1"><cards type="Pocket" player="Rammesord2">X X</cards>
<cards type="Pocket" player="Ankalaev">X X</cards>
<cards type="Pocket" player="KOPKHUNKRAP">C3 D10</cards>
<action no="3" player="Ankalaev" type="0" discard="1" dealt="1" sum="0"/>
<action no="4" player="KOPKHUNKRAP" type="0" sum="0"/>
</round>
</game>
<game gamecode="6533371777"><general><startdate>2025-11-17 12:36:39</startdate>
<round>1</round>
<failsafecounter/>
<players><player seat="3" name="Ankalaev" chips="500" dealer="0" win="20" bet="20" muck="1" rebuy="0" addon="0" merge="0" rebuychips="0" reg_code="5073311512"/>
<player seat="6" name="KOPKHUNKRAP" chips="490" dealer="1" win="0" bet="0" muck="1" rebuy="0" addon="0" merge="0" rebuychips="0" reg_code="5073311768"/>
<player seat="10" name="Rammesord2" chips="510" dealer="0" win="0" bet="10" muck="1" rebuy="0" addon="0" merge="0" rebuychips="0" reg_code="5073311832"/>
</players>
</general>
<round no="0"><action no="1" player="Rammesord2" type="1" discard="1" dealt="1" sum="10"/>
<action no="2" player="Ankalaev" type="2" discard="1" dealt="1" sum="20"/>
</round>
<round no="1"><cards type="Pocket" player="Rammesord2">X X</cards>
<cards type="Pocket" player="Ankalaev">X X</cards>
<cards type="Pocket" player="KOPKHUNKRAP">H4 SA</cards>
<action no="3" player="KOPKHUNKRAP" type="0" sum="0"/>
<action no="4" player="Rammesord2" type="0" discard="1" dealt="1" sum="0"/>
</round>
</game>
<game gamecode="6533371809"><general><startdate>2025-11-17 12:37:00</startdate>
<round>1</round>
<failsafecounter/>
<players><player seat="6" name="KOPKHUNKRAP" chips="490" dealer="0" win="0" bet="20" muck="1" rebuy="0" addon="0" merge="0" rebuychips="0" reg_code="5073311768"/>
<player seat="10" name="Rammesord2" chips="500" dealer="1" win="0" bet="0" muck="1" rebuy="0" addon="0" merge="0" rebuychips="0" reg_code="5073311832"/>
<player seat="3" name="Ankalaev" chips="510" dealer="0" win="40" bet="40" muck="1" rebuy="0" addon="0" merge="0" rebuychips="0" reg_code="5073311512"/>
</players>
</general>
<round no="0"><action no="1" player="Ankalaev" type="1" discard="1" dealt="1" sum="10"/>
<action no="2" player="KOPKHUNKRAP" type="2" sum="20"/>
</round>
<round no="1"><cards type="Pocket" player="Ankalaev">X X</cards>
<cards type="Pocket" player="Rammesord2">X X</cards>
<cards type="Pocket" player="KOPKHUNKRAP">D8 S6</cards>
<action no="3" player="Rammesord2" type="0" discard="1" dealt="1" sum="0"/>
<action no="4" player="Ankalaev" type="3" discard="1" dealt="1" sum="10"/>
<action no="5" player="KOPKHUNKRAP" type="4" sum="0"/>
</round>
<round no="2"><cards type="Flop">C4 CK D4</cards>
<action no="6" player="Ankalaev" type="5" discard="1" dealt="1" sum="20"/>
<action no="7" player="KOPKHUNKRAP" type="0" sum="0"/>
</round>
</game>
<game gamecode="6533371882"><general><startdate>2025-11-17 12:37:53</startdate>
<round>1</round>
<failsafecounter/>
<players><player seat="10" name="Rammesord2" chips="500" dealer="0" win="196" bet="500" muck="1" rebuy="0" addon="0" merge="0" rebuychips="0" reg_code="5073311832"/>
<player seat="3" name="Ankalaev" chips="530" dealer="1" win="0" bet="93" muck="1" rebuy="0" addon="0" merge="0" rebuychips="0" reg_code="5073311512"/>
<player seat="6" name="KOPKHUNKRAP" chips="470" dealer="0" win="0" bet="10" muck="1" rebuy="0" addon="0" merge="0" rebuychips="0" reg_code="5073311768"/>
</players>
</general>
<round no="0"><action no="1" player="KOPKHUNKRAP" type="1" sum="10"/>
<action no="2" player="Rammesord2" type="2" discard="1" dealt="1" sum="20"/>
</round>
<round no="1"><cards type="Pocket" player="KOPKHUNKRAP">HQ D9</cards>
<cards type="Pocket" player="Rammesord2">X X</cards>
<cards type="Pocket" player="Ankalaev">X X</cards>
<action no="3" player="Ankalaev" type="23" discard="1" dealt="1" sum="40"/>
<action no="4" player="KOPKHUNKRAP" type="0" sum="0"/>
<action no="5" player="Rammesord2" type="3" discard="1" dealt="1" sum="20"/>
</round>
<round no="2"><cards type="Flop">S8 H5 DJ</cards>
<action no="6" player="Rammesord2" type="4" discard="1" dealt="1" sum="0"/>
<action no="7" player="Ankalaev" type="5" discard="1" dealt="1" sum="24"/>
<action no="8" player="Rammesord2" type="23" discard="1" dealt="1" sum="53"/>
<action no="9" player="Ankalaev" type="3" discard="1" dealt="1" sum="29"/>
</round>
<round no="3"><cards type="Turn">SA</cards>
<action no="10" player="Rammesord2" type="4" discard="1" dealt="1" sum="0"/>
<action no="11" player="Ankalaev" type="4" discard="1" dealt="1" sum="0"/>
</round>
<round no="4"><cards type="River">C9</cards>
<action no="12" player="Rammesord2" type="5" discard="1" dealt="1" sum="407"/>
<action no="13" player="Ankalaev" type="0" discard="1" dealt="1" sum="0"/>
</round>
</game>
<game gamecode="6533371961"><general><startdate>2025-11-17 12:39:05</startdate>
<round>1</round>
<failsafecounter/>
<players><player seat="3" name="Ankalaev" chips="437" dealer="0" win="0" bet="35" muck="1" rebuy="0" addon="0" merge="0" rebuychips="0" reg_code="5073311512"/>
<player seat="6" name="KOPKHUNKRAP" chips="460" dealer="1" win="90" bet="65" muck="1" rebuy="0" addon="0" merge="0" rebuychips="0" reg_code="5073311768"/>
<player seat="10" name="Rammesord2" chips="603" dealer="0" win="0" bet="20" muck="1" rebuy="0" addon="0" merge="0" rebuychips="0" reg_code="5073311832"/>
</players>
</general>
<round no="0"><action no="1" player="Rammesord2" type="15" discard="1" dealt="1" sum="5"/>
<action no="2" player="Ankalaev" type="15" discard="1" dealt="1" sum="5"/>
<action no="3" player="KOPKHUNKRAP" type="15" sum="5"/>
<action no="4" player="Rammesord2" type="1" discard="1" dealt="1" sum="15"/>
<action no="5" player="Ankalaev" type="2" discard="1" dealt="1" sum="30"/>
</round>
<round no="1"><cards type="Pocket" player="Ankalaev">X X</cards>
<cards type="Pocket" player="KOPKHUNKRAP">HJ S9</cards>
<cards type="Pocket" player="Rammesord2">X X</cards>
<action no="6" player="KOPKHUNKRAP" type="23" sum="60"/>
<action no="7" player="Rammesord2" type="0" discard="1" dealt="1" sum="0"/>
<action no="8" player="Ankalaev" type="0" discard="1" dealt="1" sum="0"/>
</round>
</game>
<game gamecode="6533371998"><general><startdate>2025-11-17 12:39:30</startdate>
<round>1</round>
<failsafecounter/>
<players><player seat="6" name="KOPKHUNKRAP" chips="515" dealer="0" win="809" bet="402" muck="0" rebuy="0" addon="0" merge="0" rebuychips="0" reg_code="5073311768"/>
<player seat="10" name="Rammesord2" chips="583" dealer="1" win="0" bet="5" muck="1" rebuy="0" addon="0" merge="0" rebuychips="0" reg_code="5073311832"/>
<player seat="3" name="Ankalaev" chips="402" dealer="0" win="0" bet="402" muck="0" rebuy="0" addon="0" merge="0" rebuychips="0" reg_code="5073311512"/>
</players>
</general>
<round no="0"><action no="1" player="Ankalaev" type="15" discard="1" dealt="1" sum="5"/>
<action no="2" player="KOPKHUNKRAP" type="15" sum="5"/>
<action no="3" player="Rammesord2" type="15" discard="1" dealt="1" sum="5"/>
<action no="4" player="Ankalaev" type="1" discard="1" dealt="1" sum="15"/>
<action no="5" player="KOPKHUNKRAP" type="2" sum="30"/>
</round>
<round no="1"><cards type="Pocket" player="Rammesord2">X X</cards>
<cards type="Pocket" player="Ankalaev">S8 DA</cards>
<cards type="Pocket" player="KOPKHUNKRAP">CK D10</cards>
<action no="6" player="Rammesord2" type="0" discard="1" dealt="1" sum="0"/>
<action no="7" player="Ankalaev" type="23" discard="1" dealt="1" sum="397"/>
<action no="8" player="KOPKHUNKRAP" type="3" sum="367"/>
</round>
<round no="2"><cards type="Flop">D2 H6 HK</cards>
</round>
<round no="3"><cards type="Turn">H3</cards>
</round>
<round no="4"><cards type="River">DK</cards>
</round>
</game>
<game gamecode="6533372043"><general><startdate>2025-11-17 12:40:01</startdate>
<round>1</round>
<failsafecounter/>
<players><player seat="10" name="Rammesord2" chips="578" dealer="0" win="0" bet="35" muck="1" rebuy="0" addon="0" merge="0" rebuychips="0" reg_code="5073311832"/>
<player seat="6" name="KOPKHUNKRAP" chips="922" dealer="1" win="70" bet="65" muck="1" rebuy="0" addon="0" merge="0" rebuychips="0" reg_code="5073311768"/>
</players>
</general>
<round no="0"><action no="1" player="KOPKHUNKRAP" type="15" sum="5"/>
<action no="2" player="Rammesord2" type="15" discard="1" dealt="1" sum="5"/>
<action no="3" player="KOPKHUNKRAP" type="1" sum="15"/>
<action no="4" player="Rammesord2" type="2" discard="1" dealt="1" sum="30"/>
</round>
<round no="1"><cards type="Pocket" player="Rammesord2">X X</cards>
<cards type="Pocket" player="KOPKHUNKRAP">H6 CK</cards>
<action no="5" player="KOPKHUNKRAP" type="3" sum="15"/>
<action no="6" player="Rammesord2" type="4" discard="1" dealt="1" sum="0"/>
</round>
<round no="2"><cards type="Flop">D8 HA C8</cards>
<action no="7" player="Rammesord2" type="4" discard="1" dealt="1" sum="0"/>
<action no="8" player="KOPKHUNKRAP" type="5" sum="30"/>
<action no="9" player="Rammesord2" type="0" discard="1" dealt="1" sum="0"/>
</round>
</game>
<game gamecode="6533372077"><general><startdate>2025-11-17 12:40:24</startdate>
<round>1</round>
<failsafecounter/>
<players><player seat="6" name="KOPKHUNKRAP" chips="957" dealer="0" win="50" bet="45" muck="1" rebuy="0" addon="0" merge="0" rebuychips="0" reg_code="5073311768"/>
<player seat="10" name="Rammesord2" chips="543" dealer="1" win="0" bet="25" muck="1" rebuy="0" addon="0" merge="0" rebuychips="0" reg_code="5073311832"/>
</players>
</general>
<round no="0"><action no="1" player="Rammesord2" type="15" discard="1" dealt="1" sum="5"/>
<action no="2" player="KOPKHUNKRAP" type="15" sum="5"/>
<action no="3" player="Rammesord2" type="1" discard="1" dealt="1" sum="20"/>
<action no="4" player="KOPKHUNKRAP" type="2" sum="40"/>
</round>
<round no="1"><cards type="Pocket" player="Rammesord2">X X</cards>
<cards type="Pocket" player="KOPKHUNKRAP">SJ S5</cards>
<action no="5" player="Rammesord2" type="0" discard="1" dealt="1" sum="0"/>
</round>
</game>
<game gamecode="6533372084"><general><startdate>2025-11-17 12:40:31</startdate>
<round>1</round>
<failsafecounter/>
<players><player seat="10" name="Rammesord2" chips="518" dealer="0" win="0" bet="45" muck="1" rebuy="0" addon="0" merge="0" rebuychips="0" reg_code="5073311832"/>
<player seat="6" name="KOPKHUNKRAP" chips="982" dealer="1" win="90" bet="85" muck="1" rebuy="0" addon="0" merge="0" rebuychips="0" reg_code="5073311768"/>
</players>
</general>
<round no="0"><action no="1" player="KOPKHUNKRAP" type="15" sum="5"/>
<action no="2" player="Rammesord2" type="15" discard="1" dealt="1" sum="5"/>
<action no="3" player="KOPKHUNKRAP" type="1" sum="20"/>
<action no="4" player="Rammesord2" type="2" discard="1" dealt="1" sum="40"/>
</round>
<round no="1"><cards type="Pocket" player="Rammesord2">X X</cards>
<cards type="Pocket" player="KOPKHUNKRAP">S2 SJ</cards>
<action no="5" player="KOPKHUNKRAP" type="3" sum="20"/>
<action no="6" player="Rammesord2" type="4" discard="1" dealt="1" sum="0"/>
</round>
<round no="2"><cards type="Flop">DA H8 C8</cards>
<action no="7" player="Rammesord2" type="4" discard="1" dealt="1" sum="0"/>
<action no="8" player="KOPKHUNKRAP" type="5" sum="40"/>
<action no="9" player="Rammesord2" type="0" discard="1" dealt="1" sum="0"/>
</round>
</game>
<game gamecode="6533372102"><general><startdate>2025-11-17 12:40:45</startdate>
<round>1</round>
<failsafecounter/>
<players><player seat="6" name="KOPKHUNKRAP" chips="1,027" dealer="0" win="0" bet="45" muck="1" rebuy="0" addon="0" merge="0" rebuychips="0" reg_code="5073311768"/>
<player seat="10" name="Rammesord2" chips="473" dealer="1" win="90" bet="85" muck="1" rebuy="0" addon="0" merge="0" rebuychips="0" reg_code="5073311832"/>
</players>
</general>
<round no="0"><action no="1" player="Rammesord2" type="15" discard="1" dealt="1" sum="5"/>
<action no="2" player="KOPKHUNKRAP" type="15" sum="5"/>
<action no="3" player="Rammesord2" type="1" discard="1" dealt="1" sum="20"/>
<action no="4" player="KOPKHUNKRAP" type="2" sum="40"/>
</round>
<round no="1"><cards type="Pocket" player="Rammesord2">X X</cards>
<cards type="Pocket" player="KOPKHUNKRAP">D8 H3</cards>
<action no="5" player="Rammesord2" type="3" discard="1" dealt="1" sum="20"/>
<action no="6" player="KOPKHUNKRAP" type="4" sum="0"/>
</round>
<round no="2"><cards type="Flop">H7 H4 S3</cards>
<action no="7" player="KOPKHUNKRAP" type="4" sum="0"/>
<action no="8" player="Rammesord2" type="5" discard="1" dealt="1" sum="40"/>
<action no="9" player="KOPKHUNKRAP" type="0" sum="0"/>
</round>
</game>
<game gamecode="6533372121"><general><startdate>2025-11-17 12:41:05</startdate>
<round>1</round>
<failsafecounter/>
<players><player seat="10" name="Rammesord2" chips="518" dealer="0" win="90" bet="165" muck="1" rebuy="0" addon="0" merge="0" rebuychips="0" reg_code="5073311832"/>
<player seat="6" name="KOPKHUNKRAP" chips="982" dealer="1" win="0" bet="45" muck="1" rebuy="0" addon="0" merge="0" rebuychips="0" reg_code="5073311768"/>
</players>
</general>
<round no="0"><action no="1" player="KOPKHUNKRAP" type="15" sum="5"/>
<action no="2" player="Rammesord2" type="15" discard="1" dealt="1" sum="5"/>
<action no="3" player="KOPKHUNKRAP" type="1" sum="20"/>
<action no="4" player="Rammesord2" type="2" discard="1" dealt="1" sum="40"/>
</round>
<round no="1"><cards type="Pocket" player="KOPKHUNKRAP">CJ S2</cards>
<cards type="Pocket" player="Rammesord2">X X</cards>
<action no="5" player="KOPKHUNKRAP" type="3" sum="20"/>
<action no="6" player="Rammesord2" type="23" discard="1" dealt="1" sum="160"/>
<action no="7" player="KOPKHUNKRAP" type="0" sum="0"/>
</round>
</game>
<game gamecode="6533372129"><general><startdate>2025-11-17 12:41:15</startdate>
<round>1</round>
<failsafecounter/>
<players><player seat="6" name="KOPKHUNKRAP" chips="937" dealer="0" win="90" bet="937" muck="1" rebuy="0" addon="0" merge="0" rebuychips="0" reg_code="5073311768"/>
<player seat="10" name="Rammesord2" chips="563" dealer="1" win="0" bet="45" muck="1" rebuy="0" addon="0" merge="0" rebuychips="0" reg_code="5073311832"/>
</players>
</general>
<round no="0"><action no="1" player="Rammesord2" type="15" discard="1" dealt="1" sum="5"/>
<action no="2" player="KOPKHUNKRAP" type="15" sum="5"/>
<action no="3" player="Rammesord2" type="1" discard="1" dealt="1" sum="20"/>
<action no="4" player="KOPKHUNKRAP" type="2" sum="40"/>
</round>
<round no="1"><cards type="Pocket" player="Rammesord2">X X</cards>
<cards type="Pocket" player="KOPKHUNKRAP">S9 SA</cards>
<action no="5" player="Rammesord2" type="3" discard="1" dealt="1" sum="20"/>
<action no="6" player="KOPKHUNKRAP" type="23" sum="932"/>
<action no="7" player="Rammesord2" type="0" discard="1" dealt="1" sum="0"/>
</round>
</game>
<game gamecode="6533372146"><general><startdate>2025-11-17 12:41:26</startdate>
<round>1</round>
<failsafecounter/>
<players><player seat="10" name="Rammesord2" chips="518" dealer="0" win="1,036" bet="518" muck="0" rebuy="0" addon="0" merge="0" rebuychips="0" reg_code="5073311832"/>
<player seat="6" name="KOPKHUNKRAP" chips="982" dealer="1" win="0" bet="518" muck="1" rebuy="0" addon="0" merge="0" rebuychips="0" reg_code="5073311768"/>
</players>
</general>
<round no="0"><action no="1" player="KOPKHUNKRAP" type="15" sum="5"/>
<action no="2" player="Rammesord2" type="15" discard="1" dealt="1" sum="5"/>
<action no="3" player="KOPKHUNKRAP" type="1" sum="20"/>
<action no="4" player="Rammesord2" type="2" discard="1" dealt="1" sum="40"/>
</round>
<round no="1"><cards type="Pocket" player="Rammesord2">DA D4</cards>
<cards type="Pocket" player="KOPKHUNKRAP">DQ DK</cards>
<action no="5" player="KOPKHUNKRAP" type="3" sum="20"/>
<action no="6" player="Rammesord2" type="23" discard="1" dealt="1" sum="513"/>
<action no="7" player="KOPKHUNKRAP" type="3" sum="473"/>
</round>
<round no="2"><cards type="Flop">H7 C8 C3</cards>
</round>
<round no="3"><cards type="Turn">C7</cards>
</round>
<round no="4"><cards type="River">D9</cards>
</round>
</game>
<game gamecode="6533372167"><general><startdate>2025-11-17 12:41:45</startdate>
<round>1</round>
<failsafecounter/>
<players><player seat="6" name="KOPKHUNKRAP" chips="464" dealer="0" win="928" bet="464" muck="0" rebuy="0" addon="0" merge="0" rebuychips="0" reg_code="5073311768"/>
<player seat="10" name="Rammesord2" chips="1,036" dealer="1" win="0" bet="464" muck="1" rebuy="0" addon="0" merge="0" rebuychips="0" reg_code="5073311832"/>
</players>
</general>
<round no="0"><action no="1" player="Rammesord2" type="15" discard="1" dealt="1" sum="5"/>
<action no="2" player="KOPKHUNKRAP" type="15" sum="5"/>
<action no="3" player="Rammesord2" type="1" discard="1" dealt="1" sum="20"/>
<action no="4" player="KOPKHUNKRAP" type="2" sum="40"/>
</round>
<round no="1"><cards type="Pocket" player="Rammesord2">S7 HJ</cards>
<cards type="Pocket" player="KOPKHUNKRAP">C9 SA</cards>
<action no="5" player="Rammesord2" type="23" discard="1" dealt="1" sum="80"/>
<action no="6" player="KOPKHUNKRAP" type="23" sum="459"/>
<action no="7" player="Rammesord2" type="3" discard="1" dealt="1" sum="379"/>
</round>
<round no="2"><cards type="Flop">D8 D6 D2</cards>
</round>
<round no="3"><cards type="Turn">CK</cards>
</round>
<round no="4"><cards type="River">C6</cards>
</round>
</game>
<game gamecode="6533372191"><general><startdate>2025-11-17 12:42:12</startdate>
<round>1</round>
<failsafecounter/>
<players><player seat="10" name="Rammesord2" chips="572" dealer="0" win="90" bet="85" muck="1" rebuy="0" addon="0" merge="0" rebuychips="0" reg_code="5073311832"/>
<player seat="6" name="KOPKHUNKRAP" chips="928" dealer="1" win="0" bet="45" muck="1" rebuy="0" addon="0" merge="0" rebuychips="0" reg_code="5073311768"/>
</players>
</general>
<round no="0"><action no="1" player="KOPKHUNKRAP" type="15" sum="5"/>
<action no="2" player="Rammesord2" type="15" discard="1" dealt="1" sum="5"/>
<action no="3" player="KOPKHUNKRAP" type="1" sum="20"/>
<action no="4" player="Rammesord2" type="2" discard="1" dealt="1" sum="40"/>
</round>
<round no="1"><cards type="Pocket" player="Rammesord2">X X</cards>
<cards type="Pocket" player="KOPKHUNKRAP">H3 SK</cards>
<action no="5" player="KOPKHUNKRAP" type="3" sum="20"/>
<action no="6" player="Rammesord2" type="4" discard="1" dealt="1" sum="0"/>
</round>
<round no="2"><cards type="Flop">S5 H5 C4</cards>
<action no="7" player="Rammesord2" type="5" discard="1" dealt="1" sum="40"/>
<action no="8" player="KOPKHUNKRAP" type="0" sum="0"/>
</round>
</game>
<game gamecode="6533372205"><general><startdate>2025-11-17 12:42:28</startdate>
<round>1</round>
<failsafecounter/>
<players><player seat="6" name="KOPKHUNKRAP" chips="883" dealer="0" win="0" bet="617" muck="1" rebuy="0" addon="0" merge="0" rebuychips="0" reg_code="5073311768"/>
<player seat="10" name="Rammesord2" chips="617" dealer="1" win="1,234" bet="617" muck="0" rebuy="0" addon="0" merge="0" rebuychips="0" reg_code="5073311832"/>
</players>
</general>
<round no="0"><action no="1" player="Rammesord2" type="15" discard="1" dealt="1" sum="5"/>
<action no="2" player="KOPKHUNKRAP" type="15" sum="5"/>
<action no="3" player="Rammesord2" type="1" discard="1" dealt="1" sum="30"/>
<action no="4" player="KOPKHUNKRAP" type="2" sum="60"/>
</round>
<round no="1"><cards type="Pocket" player="Rammesord2">S8 DJ</cards>
<cards type="Pocket" player="KOPKHUNKRAP">H4 SA</cards>
<action no="5" player="Rammesord2" type="23" discard="1" dealt="1" sum="612"/>
<action no="6" player="KOPKHUNKRAP" type="3" sum="552"/>
</round>
<round no="2"><cards type="Flop">D2 C4 H10</cards>
</round>
<round no="3"><cards type="Turn">H5</cards>
</round>
<round no="4"><cards type="River">CJ</cards>
</round>
</game>
<game gamecode="6533372223"><general><startdate>2025-11-17 12:42:44</startdate>
<round>1</round>
<failsafecounter/>
<players><player seat="10" name="Rammesord2" chips="1,234" dealer="0" win="0" bet="65" muck="1" rebuy="0" addon="0" merge="0" rebuychips="0" reg_code="5073311832"/>
<player seat="6" name="KOPKHUNKRAP" chips="266" dealer="1" win="130" bet="266" muck="1" rebuy="0" addon="0" merge="0" rebuychips="0" reg_code="5073311768"/>
</players>
</general>
<round no="0"><action no="1" player="KOPKHUNKRAP" type="15" sum="5"/>
<action no="2" player="Rammesord2" type="15" discard="1" dealt="1" sum="5"/>
<action no="3" player="KOPKHUNKRAP" type="1" sum="30"/>
<action no="4" player="Rammesord2" type="2" discard="1" dealt="1" sum="60"/>
</round>
<round no="1"><cards type="Pocket" player="Rammesord2">X X</cards>
<cards type="Pocket" player="KOPKHUNKRAP">SK DJ</cards>
<action no="5" player="KOPKHUNKRAP" type="23" sum="261"/>
<action no="6" player="Rammesord2" type="0" discard="1" dealt="1" sum="0"/>
</round>
</game>
<game gamecode="6533372246"><general><startdate>2025-11-17 12:43:05</startdate>
<round>1</round>
<failsafecounter/>
<players><player seat="6" name="KOPKHUNKRAP" chips="331" dealer="0" win="70" bet="65" muck="1" rebuy="0" addon="0" merge="0" rebuychips="0" reg_code="5073311768"/>
<player seat="10" name="Rammesord2" chips="1,169" dealer="1" win="0" bet="35" muck="1" rebuy="0" addon="0" merge="0" rebuychips="0" reg_code="5073311832"/>
</players>
</general>
<round no="0"><action no="1" player="Rammesord2" type="15" discard="1" dealt="1" sum="5"/>
<action no="2" player="KOPKHUNKRAP" type="15" sum="5"/>
<action no="3" player="Rammesord2" type="1" discard="1" dealt="1" sum="30"/>
<action no="4" player="KOPKHUNKRAP" type="2" sum="60"/>
</round>
<round no="1"><cards type="Pocket" player="Rammesord2">X X</cards>
<cards type="Pocket" player="KOPKHUNKRAP">SA CJ</cards>
<action no="5" player="Rammesord2" type="0" discard="1" dealt="1" sum="0"/>
</round>
</game>
<game gamecode="6533372265"><general><startdate>2025-11-17 12:43:22</startdate>
<round>1</round>
<failsafecounter/>
<players><player seat="10" name="Rammesord2" chips="1,134" dealer="0" win="732" bet="366" muck="0" rebuy="0" addon="0" merge="0" rebuychips="0" reg_code="5073311832"/>
<player seat="6" name="KOPKHUNKRAP" chips="366" dealer="1" win="0" bet="366" muck="0" rebuy="0" addon="0" merge="0" rebuychips="0" reg_code="5073311768"/>
</players>
</general>
<round no="0"><action no="1" player="KOPKHUNKRAP" type="15" sum="5"/>
<action no="2" player="Rammesord2" type="15" discard="1" dealt="1" sum="5"/>
<action no="3" player="KOPKHUNKRAP" type="1" sum="30"/>
<action no="4" player="Rammesord2" type="2" discard="1" dealt="1" sum="60"/>
</round>
<round no="1"><cards type="Pocket" player="KOPKHUNKRAP">HQ H3</cards>
<cards type="Pocket" player="Rammesord2">S8 SQ</cards>
<action no="5" player="KOPKHUNKRAP" type="23" sum="361"/>
<action no="6" player="Rammesord2" type="3" discard="1" dealt="1" sum="301"/>
</round>
<round no="2"><cards type="Flop">C4 S9 CA</cards>
</round>
<round no="3"><cards type="Turn">H6</cards>
</round>
<round no="4"><cards type="River">HK</cards>
</round>
</game>
</session>
