<?xml version="1.0" encoding="UTF-8"?>
<session sessioncode="5073314005">
<general>
<client_version>25.7.1.34</client_version>
<mode>real</mode>
<gametype>Holdem NL</gametype>
<tablename>Twister €200 SNG, 821842521</tablename>
<tournamentcode>821842520</tournamentcode>
<tournamentname>Twister €200 SNG</tournamentname>
<buyin>€0 + €12 + €188</buyin>
<totalbuyin>€200</totalbuyin>
<rewarddrawn>€800</rewarddrawn>
<tournamentcurrency>EUR</tournamentcurrency>
<currency>EUR</currency>
<nickname>KOPKHUNKRAP</nickname>
<gamecount>24</gamecount>
<startdate>2025-11-17 12:53:26</startdate>
<place>1</place>
<win>€800</win>
<tablesize>3</tablesize>
</general>
<game gamecode="6533377487"><general><startdate>2025-11-17 12:53:41</startdate>
<round>1</round>
<failsafecounter/>
<players><player seat="3" name="Ankalaev" chips="500" dealer="0" win="0" bet="20" muck="1" rebuy="0" addon="0" merge="0" rebuychips="0" reg_code="5073313977"/>
<player seat="6" name="KOPKHUNKRAP" chips="500" dealer="1" win="0" bet="0" muck="1" rebuy="0" addon="0" merge="0" rebuychips="0" reg_code="5073314005"/>
<player seat="10" name="al900" chips="500" dealer="0" win="40" bet="500" muck="1" rebuy="0" addon="0" merge="0" rebuychips="0" reg_code="5073314302"/>
</players>
</general>
<round no="0"><action no="1" player="al900" type="1" discard="1" dealt="1" sum="10"/>
<action no="2" player="Ankalaev" type="2" discard="1" dealt="1" sum="20"/>
</round>
<round no="1"><cards type="Pocket" player="Ankalaev">X X</cards>
<cards type="Pocket" player="KOPKHUNKRAP">D2 S8</cards>
<cards type="Pocket" player="al900">X X</cards>
<action no="3" player="KOPKHUNKRAP" type="0" sum="0"/>
<action no="4" player="al900" type="23" discard="1" dealt="1" sum="500"/>
<action no="5" player="Ankalaev" type="0" discard="1" dealt="1" sum="0"/>
</round>
</game>
<game gamecode="6533377499"><general><startdate>2025-11-17 12:53:51</startdate>
<round>1</round>
<failsafecounter/>
<players><player seat="6" name="KOPKHUNKRAP" chips="500" dealer="0" win="0" bet="80" muck="1" rebuy="0" addon="0" merge="0" rebuychips="0" reg_code="5073314005"/>
<player seat="10" name="al900" chips="520" dealer="1" win="0" bet="0" muck="1" rebuy="0" addon="0" merge="0" rebuychips="0" reg_code="5073314302"/>
<player seat="3" name="Ankalaev" chips="480" dealer="0" win="160" bet="174" muck="1" rebuy="0" addon="0" merge="0" rebuychips="0" reg_code="5073313977"/>
</players>
</general>
<round no="0"><action no="1" player="Ankalaev" type="1" discard="1" dealt="1" sum="10"/>
<action no="2" player="KOPKHUNKRAP" type="2" sum="20"/>
</round>
<round no="1"><cards type="Pocket" player="Ankalaev">X X</cards>
<cards type="Pocket" player="al900">X X</cards>
<cards type="Pocket" player="KOPKHUNKRAP">CK S7</cards>
<action no="3" player="al900" type="0" discard="1" dealt="1" sum="0"/>
<action no="4" player="Ankalaev" type="3" discard="1" dealt="1" sum="10"/>
<action no="5" player="KOPKHUNKRAP" type="4" sum="0"/>
</round>
<round no="2"><cards type="Flop">DA D7 H5</cards>
<action no="6" player="Ankalaev" type="5" discard="1" dealt="1" sum="20"/>
<action no="7" player="KOPKHUNKRAP" type="23" sum="60"/>
<action no="8" player="Ankalaev" type="23" discard="1" dealt="1" sum="154"/>
<action no="9" player="KOPKHUNKRAP" type="0" sum="0"/>
</round>
</game>
<game gamecode="6533377542"><general><startdate>2025-11-17 12:54:25</startdate>
<round>1</round>
<failsafecounter/>
<players><player seat="10" name="al900" chips="520" dealer="0" win="1,050" bet="520" muck="0" rebuy="0" addon="0" merge="0" rebuychips="0" reg_code="5073314302"/>
<player seat="3" name="Ankalaev" chips="560" dealer="1" win="0" bet="520" muck="1" rebuy="0" addon="0" merge="0" rebuychips="0" reg_code="5073313977"/>
<player seat="6" name="KOPKHUNKRAP" chips="420" dealer="0" win="0" bet="10" muck="1" rebuy="0" addon="0" merge="0" rebuychips="0" reg_code="5073314005"/>
</players>
</general>
<round no="0"><action no="1" player="KOPKHUNKRAP" type="1" sum="10"/>
<action no="2" player="al900" type="2" discard="1" dealt="1" sum="20"/>
</round>
<round no="1"><cards type="Pocket" player="KOPKHUNKRAP">H6 C5</cards>
<cards type="Pocket" player="Ankalaev">DK DQ</cards>
<cards type="Pocket" player="al900">S5 H7</cards>
<action no="3" player="Ankalaev" type="23" discard="1" dealt="1" sum="40"/>
<action no="4" player="KOPKHUNKRAP" type="0" sum="0"/>
<action no="5" player="al900" type="3" discard="1" dealt="1" sum="20"/>
</round>
<round no="2"><cards type="Flop">CQ C4 C7</cards>
<action no="6" player="al900" type="5" discard="1" dealt="1" sum="480"/>
<action no="7" player="Ankalaev" type="3" discard="1" dealt="1" sum="480"/>
</round>
<round no="3"><cards type="Turn">S10</cards>
</round>
<round no="4"><cards type="River">H5</cards>
</round>
</game>
<game gamecode="6533381273"><general><startdate>2025-11-17 12:54:44</startdate>
<round>1</round>
<failsafecounter/>
<players><player seat="3" name="Ankalaev" chips="40" dealer="0" win="90" bet="40" muck="0" rebuy="0" addon="0" merge="0" rebuychips="0" reg_code="5073313977"/>
<player seat="6" name="KOPKHUNKRAP" chips="410" dealer="1" win="0" bet="40" muck="1" rebuy="0" addon="0" merge="0" rebuychips="0" reg_code="5073314005"/>
<player seat="10" name="al900" chips="1,050" dealer="0" win="0" bet="10" muck="1" rebuy="0" addon="0" merge="0" rebuychips="0" reg_code="5073314302"/>
</players>
</general>
<round no="0"><action no="1" player="al900" type="1" discard="1" dealt="1" sum="10"/>
<action no="2" player="Ankalaev" type="2" discard="1" dealt="1" sum="20"/>
</round>
<round no="1"><cards type="Pocket" player="al900">X X</cards>
<cards type="Pocket" player="Ankalaev">C2 C3</cards>
<cards type="Pocket" player="KOPKHUNKRAP">C6 HA</cards>
<action no="3" player="KOPKHUNKRAP" type="23" sum="40"/>
<action no="4" player="al900" type="0" discard="1" dealt="1" sum="0"/>
<action no="5" player="Ankalaev" type="7" discard="1" dealt="1" sum="20"/>
</round>
<round no="2"><cards type="Flop">CA S5 D7</cards>
</round>
<round no="3"><cards type="Turn">D5</cards>
</round>
<round no="4"><cards type="River">C4</cards>
</round>
</game>
<game gamecode="6533381307"><general><startdate>2025-11-17 12:55:08</startdate>
<round>1</round>
<failsafecounter/>
<players><player seat="6" name="KOPKHUNKRAP" chips="370" dealer="0" win="220" bet="370" muck="0" rebuy="0" addon="0" merge="0" rebuychips="0" reg_code="5073314005"/>
<player seat="10" name="al900" chips="1,040" dealer="1" win="0" bet="40" muck="1" rebuy="0" addon="0" merge="0" rebuychips="0" reg_code="5073314302"/>
<player seat="3" name="Ankalaev" chips="90" dealer="0" win="0" bet="90" muck="0" rebuy="0" addon="0" merge="0" rebuychips="0" reg_code="5073313977"/>
</players>
</general>
<round no="0"><action no="1" player="Ankalaev" type="1" discard="1" dealt="1" sum="10"/>
<action no="2" player="KOPKHUNKRAP" type="2" sum="20"/>
</round>
<round no="1"><cards type="Pocket" player="Ankalaev">HA SQ</cards>
<cards type="Pocket" player="KOPKHUNKRAP">SJ S10</cards>
<cards type="Pocket" player="al900">X X</cards>
<action no="3" player="al900" type="23" discard="1" dealt="1" sum="40"/>
<action no="4" player="Ankalaev" type="23" discard="1" dealt="1" sum="90"/>
<action no="5" player="KOPKHUNKRAP" type="23" sum="370"/>
<action no="6" player="al900" type="0" discard="1" dealt="1" sum="0"/>
</round>
<round no="2"><cards type="Flop">H2 C8 S3</cards>
</round>
<round no="3"><cards type="Turn">DJ</cards>
</round>
<round no="4"><cards type="River">C6</cards>
</round>
</game>
<game gamecode="6533381345"><general><startdate>2025-11-17 12:55:34</startdate>
<round>1</round>
<failsafecounter/>
<players><player seat="10" name="al900" chips="1,000" dealer="0" win="40" bet="60" muck="1" rebuy="0" addon="0" merge="0" rebuychips="0" reg_code="5073314302"/>
<player seat="6" name="KOPKHUNKRAP" chips="500" dealer="1" win="0" bet="20" muck="1" rebuy="0" addon="0" merge="0" rebuychips="0" reg_code="5073314005"/>
</players>
</general>
<round no="0"><action no="1" player="KOPKHUNKRAP" type="1" sum="10"/>
<action no="2" player="al900" type="2" discard="1" dealt="1" sum="20"/>
</round>
<round no="1"><cards type="Pocket" player="al900">X X</cards>
<cards type="Pocket" player="KOPKHUNKRAP">C10 D3</cards>
<action no="3" player="KOPKHUNKRAP" type="3" sum="10"/>
<action no="4" player="al900" type="4" discard="1" dealt="1" sum="0"/>
</round>
<round no="2"><cards type="Flop">C7 D7 CJ</cards>
<action no="5" player="al900" type="5" discard="1" dealt="1" sum="40"/>
<action no="6" player="KOPKHUNKRAP" type="0" sum="0"/>
</round>
</game>
<game gamecode="6533381361"><general><startdate>2025-11-17 12:55:47</startdate>
<round>1</round>
<failsafecounter/>
<players><player seat="6" name="KOPKHUNKRAP" chips="480" dealer="0" win="40" bet="35" muck="1" rebuy="0" addon="0" merge="0" rebuychips="0" reg_code="5073314005"/>
<player seat="10" name="al900" chips="1,020" dealer="1" win="0" bet="20" muck="1" rebuy="0" addon="0" merge="0" rebuychips="0" reg_code="5073314302"/>
</players>
</general>
<round no="0"><action no="1" player="al900" type="15" discard="1" dealt="1" sum="5"/>
<action no="2" player="KOPKHUNKRAP" type="15" sum="5"/>
<action no="3" player="al900" type="1" discard="1" dealt="1" sum="15"/>
<action no="4" player="KOPKHUNKRAP" type="2" sum="30"/>
</round>
<round no="1"><cards type="Pocket" player="KOPKHUNKRAP">D6 H10</cards>
<cards type="Pocket" player="al900">X X</cards>
<action no="5" player="al900" type="0" discard="1" dealt="1" sum="0"/>
</round>
</game>
<game gamecode="6533381375"><general><startdate>2025-11-17 12:55:53</startdate>
<round>1</round>
<failsafecounter/>
<players><player seat="10" name="al900" chips="1,000" dealer="0" win="70" bet="95" muck="1" rebuy="0" addon="0" merge="0" rebuychips="0" reg_code="5073314302"/>
<player seat="6" name="KOPKHUNKRAP" chips="500" dealer="1" win="0" bet="35" muck="1" rebuy="0" addon="0" merge="0" rebuychips="0" reg_code="5073314005"/>
</players>
</general>
<round no="0"><action no="1" player="KOPKHUNKRAP" type="15" sum="5"/>
<action no="2" player="al900" type="15" discard="1" dealt="1" sum="5"/>
<action no="3" player="KOPKHUNKRAP" type="1" sum="15"/>
<action no="4" player="al900" type="2" discard="1" dealt="1" sum="30"/>
</round>
<round no="1"><cards type="Pocket" player="al900">X X</cards>
<cards type="Pocket" player="KOPKHUNKRAP">C8 DJ</cards>
<action no="5" player="KOPKHUNKRAP" type="3" sum="15"/>
<action no="6" player="al900" type="23" discard="1" dealt="1" sum="90"/>
<action no="7" player="KOPKHUNKRAP" type="0" sum="0"/>
</round>
</game>
<game gamecode="6533381399"><general><startdate>2025-11-17 12:56:11</startdate>
<round>1</round>
<failsafecounter/>
<players><player seat="6" name="KOPKHUNKRAP" chips="465" dealer="0" win="0" bet="35" muck="1" rebuy="0" addon="0" merge="0" rebuychips="0" reg_code="5073314005"/>
<player seat="10" name="al900" chips="1,035" dealer="1" win="70" bet="95" muck="1" rebuy="0" addon="0" merge="0" rebuychips="0" reg_code="5073314302"/>
</players>
</general>
<round no="0"><action no="1" player="al900" type="15" discard="1" dealt="1" sum="5"/>
<action no="2" player="KOPKHUNKRAP" type="15" sum="5"/>
<action no="3" player="al900" type="1" discard="1" dealt="1" sum="15"/>
<action no="4" player="KOPKHUNKRAP" type="2" sum="30"/>
</round>
<round no="1"><cards type="Pocket" player="KOPKHUNKRAP">D7 CQ</cards>
<cards type="Pocket" player="al900">X X</cards>
<action no="5" player="al900" type="23" discard="1" dealt="1" sum="90"/>
<action no="6" player="KOPKHUNKRAP" type="0" sum="0"/>
</round>
</game>
<game gamecode="6533381413"><general><startdate>2025-11-17 12:56:20</startdate>
<round>1</round>
<failsafecounter/>
<players><player seat="10" name="al900" chips="1,070" dealer="0" win="0" bet="35" muck="1" rebuy="0" addon="0" merge="0" rebuychips="0" reg_code="5073314302"/>
<player seat="6" name="KOPKHUNKRAP" chips="430" dealer="1" win="70" bet="35" muck="1" rebuy="0" addon="0" merge="0" rebuychips="0" reg_code="5073314005"/>
</players>
</general>
<round no="0"><action no="1" player="KOPKHUNKRAP" type="15" sum="5"/>
<action no="2" player="al900" type="15" discard="1" dealt="1" sum="5"/>
<action no="3" player="KOPKHUNKRAP" type="1" sum="15"/>
<action no="4" player="al900" type="2" discard="1" dealt="1" sum="30"/>
</round>
<round no="1"><cards type="Pocket" player="al900">X X</cards>
<cards type="Pocket" player="KOPKHUNKRAP">H9 D10</cards>
<action no="5" player="KOPKHUNKRAP" type="3" sum="15"/>
<action no="6" player="al900" type="4" discard="1" dealt="1" sum="0"/>
</round>
<round no="2"><cards type="Flop">SJ SK C4</cards>
<action no="7" player="al900" type="0" discard="1" dealt="1" sum="0"/>
</round>
</game>
<game gamecode="6533381433"><general><startdate>2025-11-17 12:56:29</startdate>
<round>1</round>
<failsafecounter/>
<players><player seat="6" name="KOPKHUNKRAP" chips="465" dealer="0" win="40" bet="35" muck="1" rebuy="0" addon="0" merge="0" rebuychips="0" reg_code="5073314005"/>
<player seat="10" name="al900" chips="1,035" dealer="1" win="0" bet="20" muck="1" rebuy="0" addon="0" merge="0" rebuychips="0" reg_code="5073314302"/>
</players>
</general>
<round no="0"><action no="1" player="al900" type="15" discard="1" dealt="1" sum="5"/>
<action no="2" player="KOPKHUNKRAP" type="15" sum="5"/>
<action no="3" player="al900" type="1" discard="1" dealt="1" sum="15"/>
<action no="4" player="KOPKHUNKRAP" type="2" sum="30"/>
</round>
<round no="1"><cards type="Pocket" player="KOPKHUNKRAP">C7 D7</cards>
<cards type="Pocket" player="al900">X X</cards>
<action no="5" player="al900" type="0" discard="1" dealt="1" sum="0"/>
</round>
</game>
<game gamecode="6533381442"><general><startdate>2025-11-17 12:56:35</startdate>
<round>1</round>
<failsafecounter/>
<players><player seat="10" name="al900" chips="1,015" dealer="0" win="70" bet="105" muck="1" rebuy="0" addon="0" merge="0" rebuychips="0" reg_code="5073314302"/>
<player seat="6" name="KOPKHUNKRAP" chips="485" dealer="1" win="0" bet="35" muck="1" rebuy="0" addon="0" merge="0" rebuychips="0" reg_code="5073314005"/>
</players>
</general>
<round no="0"><action no="1" player="KOPKHUNKRAP" type="15" sum="5"/>
<action no="2" player="al900" type="15" discard="1" dealt="1" sum="5"/>
<action no="3" player="KOPKHUNKRAP" type="1" sum="15"/>
<action no="4" player="al900" type="2" discard="1" dealt="1" sum="30"/>
</round>
<round no="1"><cards type="Pocket" player="KOPKHUNKRAP">H6 DJ</cards>
<cards type="Pocket" player="al900">X X</cards>
<action no="5" player="KOPKHUNKRAP" type="3" sum="15"/>
<action no="6" player="al900" type="4" discard="1" dealt="1" sum="0"/>
</round>
<round no="2"><cards type="Flop">D4 H10 SA</cards>
<action no="7" player="al900" type="5" discard="1" dealt="1" sum="70"/>
<action no="8" player="KOPKHUNKRAP" type="0" sum="0"/>
</round>
</game>
<game gamecode="6533381473"><general><startdate>2025-11-17 12:56:52</startdate>
<round>1</round>
<failsafecounter/>
<players><player seat="6" name="KOPKHUNKRAP" chips="450" dealer="0" win="40" bet="35" muck="1" rebuy="0" addon="0" merge="0" rebuychips="0" reg_code="5073314005"/>
<player seat="10" name="al900" chips="1,050" dealer="1" win="0" bet="20" muck="1" rebuy="0" addon="0" merge="0" rebuychips="0" reg_code="5073314302"/>
</players>
</general>
<round no="0"><action no="1" player="al900" type="15" discard="1" dealt="1" sum="5"/>
<action no="2" player="KOPKHUNKRAP" type="15" sum="5"/>
<action no="3" player="al900" type="1" discard="1" dealt="1" sum="15"/>
<action no="4" player="KOPKHUNKRAP" type="2" sum="30"/>
</round>
<round no="1"><cards type="Pocket" player="al900">X X</cards>
<cards type="Pocket" player="KOPKHUNKRAP">HJ C6</cards>
<action no="5" player="al900" type="0" discard="1" dealt="1" sum="0"/>
</round>
</game>
<game gamecode="6533381484"><general><startdate>2025-11-17 12:56:58</startdate>
<round>1</round>
<failsafecounter/>
<players><player seat="10" name="al900" chips="1,030" dealer="0" win="0" bet="235" muck="1" rebuy="0" addon="0" merge="0" rebuychips="0" reg_code="5073314302"/>
<player seat="6" name="KOPKHUNKRAP" chips="470" dealer="1" win="470" bet="470" muck="1" rebuy="0" addon="0" merge="0" rebuychips="0" reg_code="5073314005"/>
</players>
</general>
<round no="0"><action no="1" player="KOPKHUNKRAP" type="15" sum="5"/>
<action no="2" player="al900" type="15" discard="1" dealt="1" sum="5"/>
<action no="3" player="KOPKHUNKRAP" type="1" sum="15"/>
<action no="4" player="al900" type="2" discard="1" dealt="1" sum="30"/>
</round>
<round no="1"><cards type="Pocket" player="al900">X X</cards>
<cards type="Pocket" player="KOPKHUNKRAP">DK S4</cards>
<action no="5" player="KOPKHUNKRAP" type="3" sum="15"/>
<action no="6" player="al900" type="4" discard="1" dealt="1" sum="0"/>
</round>
<round no="2"><cards type="Flop">D4 SA D2</cards>
<action no="7" player="al900" type="5" discard="1" dealt="1" sum="70"/>
<action no="8" player="KOPKHUNKRAP" type="23" sum="200"/>
<action no="9" player="al900" type="3" discard="1" dealt="1" sum="130"/>
</round>
<round no="3"><cards type="Turn">C8</cards>
<action no="10" player="al900" type="4" discard="1" dealt="1" sum="0"/>
<action no="11" player="KOPKHUNKRAP" type="5" sum="235"/>
<action no="12" player="al900" type="0" discard="1" dealt="1" sum="0"/>
</round>
</game>
<game gamecode="6533381530"><general><startdate>2025-11-17 12:57:24</startdate>
<round>1</round>
<failsafecounter/>
<players><player seat="6" name="KOPKHUNKRAP" chips="705" dealer="0" win="0" bet="35" muck="1" rebuy="0" addon="0" merge="0" rebuychips="0" reg_code="5073314005"/>
<player seat="10" name="al900" chips="795" dealer="1" win="70" bet="95" muck="1" rebuy="0" addon="0" merge="0" rebuychips="0" reg_code="5073314302"/>
</players>
</general>
<round no="0"><action no="1" player="al900" type="15" discard="1" dealt="1" sum="5"/>
<action no="2" player="KOPKHUNKRAP" type="15" sum="5"/>
<action no="3" player="al900" type="1" discard="1" dealt="1" sum="15"/>
<action no="4" player="KOPKHUNKRAP" type="2" sum="30"/>
</round>
<round no="1"><cards type="Pocket" player="KOPKHUNKRAP">D10 C4</cards>
<cards type="Pocket" player="al900">X X</cards>
<action no="5" player="al900" type="23" discard="1" dealt="1" sum="90"/>
<action no="6" player="KOPKHUNKRAP" type="0" sum="0"/>
</round>
</game>
<game gamecode="6533381548"><general><startdate>2025-11-17 12:57:32</startdate>
<round>1</round>
<failsafecounter/>
<players><player seat="10" name="al900" chips="830" dealer="0" win="0" bet="95" muck="1" rebuy="0" addon="0" merge="0" rebuychips="0" reg_code="5073314302"/>
<player seat="6" name="KOPKHUNKRAP" chips="670" dealer="1" win="190" bet="670" muck="1" rebuy="0" addon="0" merge="0" rebuychips="0" reg_code="5073314005"/>
</players>
</general>
<round no="0"><action no="1" player="KOPKHUNKRAP" type="15" sum="5"/>
<action no="2" player="al900" type="15" discard="1" dealt="1" sum="5"/>
<action no="3" player="KOPKHUNKRAP" type="1" sum="15"/>
<action no="4" player="al900" type="2" discard="1" dealt="1" sum="30"/>
</round>
<round no="1"><cards type="Pocket" player="KOPKHUNKRAP">CQ SA</cards>
<cards type="Pocket" player="al900">X X</cards>
<action no="5" player="KOPKHUNKRAP" type="3" sum="15"/>
<action no="6" player="al900" type="23" discard="1" dealt="1" sum="90"/>
<action no="7" player="KOPKHUNKRAP" type="23" sum="665"/>
<action no="8" player="al900" type="0" discard="1" dealt="1" sum="0"/>
</round>
</game>
<game gamecode="6533381574"><general><startdate>2025-11-17 12:57:47</startdate>
<round>1</round>
<failsafecounter/>
<players><player seat="6" name="KOPKHUNKRAP" chips="765" dealer="0" win="0" bet="125" muck="1" rebuy="0" addon="0" merge="0" rebuychips="0" reg_code="5073314005"/>
<player seat="10" name="al900" chips="735" dealer="1" win="250" bet="735" muck="1" rebuy="0" addon="0" merge="0" rebuychips="0" reg_code="5073314302"/>
</players>
</general>
<round no="0"><action no="1" player="al900" type="15" discard="1" dealt="1" sum="5"/>
<action no="2" player="KOPKHUNKRAP" type="15" sum="5"/>
<action no="3" player="al900" type="1" discard="1" dealt="1" sum="20"/>
<action no="4" player="KOPKHUNKRAP" type="2" sum="40"/>
</round>
<round no="1"><cards type="Pocket" player="KOPKHUNKRAP">HA H2</cards>
<cards type="Pocket" player="al900">X X</cards>
<action no="5" player="al900" type="23" discard="1" dealt="1" sum="120"/>
<action no="6" player="KOPKHUNKRAP" type="3" sum="80"/>
</round>
<round no="2"><cards type="Flop">S9 C7 C3</cards>
<action no="7" player="KOPKHUNKRAP" type="4" sum="0"/>
<action no="8" player="al900" type="5" discard="1" dealt="1" sum="610"/>
<action no="9" player="KOPKHUNKRAP" type="0" sum="0"/>
</round>
</game>
<game gamecode="6533381598"><general><startdate>2025-11-17 12:58:02</startdate>
<round>1</round>
<failsafecounter/>
<players><player seat="10" name="al900" chips="860" dealer="0" win="0" bet="45" muck="1" rebuy="0" addon="0" merge="0" rebuychips="0" reg_code="5073314302"/>
<player seat="6" name="KOPKHUNKRAP" chips="640" dealer="1" win="90" bet="45" muck="1" rebuy="0" addon="0" merge="0" rebuychips="0" reg_code="5073314005"/>
</players>
</general>
<round no="0"><action no="1" player="KOPKHUNKRAP" type="15" sum="5"/>
<action no="2" player="al900" type="15" discard="1" dealt="1" sum="5"/>
<action no="3" player="KOPKHUNKRAP" type="1" sum="20"/>
<action no="4" player="al900" type="2" discard="1" dealt="1" sum="40"/>
</round>
<round no="1"><cards type="Pocket" player="KOPKHUNKRAP">C9 HK</cards>
<cards type="Pocket" player="al900">X X</cards>
<action no="5" player="KOPKHUNKRAP" type="3" sum="20"/>
<action no="6" player="al900" type="4" discard="1" dealt="1" sum="0"/>
</round>
<round no="2"><cards type="Flop">C10 S6 D5</cards>
<action no="7" player="al900" type="0" discard="1" dealt="1" sum="0"/>
</round>
</game>
<game gamecode="6533381620"><general><startdate>2025-11-17 12:58:13</startdate>
<round>1</round>
<failsafecounter/>
<players><player seat="6" name="KOPKHUNKRAP" chips="685" dealer="0" win="50" bet="45" muck="1" rebuy="0" addon="0" merge="0" rebuychips="0" reg_code="5073314005"/>
<player seat="10" name="al900" chips="815" dealer="1" win="0" bet="25" muck="1" rebuy="0" addon="0" merge="0" rebuychips="0" reg_code="5073314302"/>
</players>
</general>
<round no="0"><action no="1" player="al900" type="15" discard="1" dealt="1" sum="5"/>
<action no="2" player="KOPKHUNKRAP" type="15" sum="5"/>
<action no="3" player="al900" type="1" discard="1" dealt="1" sum="20"/>
<action no="4" player="KOPKHUNKRAP" type="2" sum="40"/>
</round>
<round no="1"><cards type="Pocket" player="al900">X X</cards>
<cards type="Pocket" player="KOPKHUNKRAP">S8 S5</cards>
<action no="5" player="al900" type="0" discard="1" dealt="1" sum="0"/>
</round>
</game>
<game gamecode="6533381628"><general><startdate>2025-11-17 12:58:18</startdate>
<round>1</round>
<failsafecounter/>
<players><player seat="10" name="al900" chips="790" dealer="0" win="90" bet="790" muck="1" rebuy="0" addon="0" merge="0" rebuychips="0" reg_code="5073314302"/>
<player seat="6" name="KOPKHUNKRAP" chips="710" dealer="1" win="0" bet="45" muck="1" rebuy="0" addon="0" merge="0" rebuychips="0" reg_code="5073314005"/>
</players>
</general>
<round no="0"><action no="1" player="KOPKHUNKRAP" type="15" sum="5"/>
<action no="2" player="al900" type="15" discard="1" dealt="1" sum="5"/>
<action no="3" player="KOPKHUNKRAP" type="1" sum="20"/>
<action no="4" player="al900" type="2" discard="1" dealt="1" sum="40"/>
</round>
<round no="1"><cards type="Pocket" player="KOPKHUNKRAP">S3 CA</cards>
<cards type="Pocket" player="al900">X X</cards>
<action no="5" player="KOPKHUNKRAP" type="3" sum="20"/>
<action no="6" player="al900" type="23" discard="1" dealt="1" sum="785"/>
<action no="7" player="KOPKHUNKRAP" type="0" sum="0"/>
</round>
</game>
<game gamecode="6533381649"><general><startdate>2025-11-17 12:58:29</startdate>
<round>1</round>
<failsafecounter/>
<players><player seat="6" name="KOPKHUNKRAP" chips="665" dealer="0" win="50" bet="45" muck="1" rebuy="0" addon="0" merge="0" rebuychips="0" reg_code="5073314005"/>
<player seat="10" name="al900" chips="835" dealer="1" win="0" bet="25" muck="1" rebuy="0" addon="0" merge="0" rebuychips="0" reg_code="5073314302"/>
</players>
</general>
<round no="0"><action no="1" player="al900" type="15" discard="1" dealt="1" sum="5"/>
<action no="2" player="KOPKHUNKRAP" type="15" sum="5"/>
<action no="3" player="al900" type="1" discard="1" dealt="1" sum="20"/>
<action no="4" player="KOPKHUNKRAP" type="2" sum="40"/>
</round>
<round no="1"><cards type="Pocket" player="KOPKHUNKRAP">S6 S10</cards>
<cards type="Pocket" player="al900">X X</cards>
<action no="5" player="al900" type="0" discard="1" dealt="1" sum="0"/>
</round>
</game>
<game gamecode="6533381659"><general><startdate>2025-11-17 12:58:35</startdate>
<round>1</round>
<failsafecounter/>
<players><player seat="10" name="al900" chips="810" dealer="0" win="50" bet="45" muck="1" rebuy="0" addon="0" merge="0" rebuychips="0" reg_code="5073314302"/>
<player seat="6" name="KOPKHUNKRAP" chips="690" dealer="1" win="0" bet="25" muck="1" rebuy="0" addon="0" merge="0" rebuychips="0" reg_code="5073314005"/>
</players>
</general>
<round no="0"><action no="1" player="KOPKHUNKRAP" type="15" sum="5"/>
<action no="2" player="al900" type="15" discard="1" dealt="1" sum="5"/>
<action no="3" player="KOPKHUNKRAP" type="1" sum="20"/>
<action no="4" player="al900" type="2" discard="1" dealt="1" sum="40"/>
</round>
<round no="1"><cards type="Pocket" player="KOPKHUNKRAP">D3 S4</cards>
<cards type="Pocket" player="al900">X X</cards>
<action no="5" player="KOPKHUNKRAP" type="0" sum="0"/>
</round>
</game>
<game gamecode="6533381672"><general><startdate>2025-11-17 12:58:42</startdate>
<round>1</round>
<failsafecounter/>
<players><player seat="6" name="KOPKHUNKRAP" chips="665" dealer="0" win="1,330" bet="665" muck="0" rebuy="0" addon="0" merge="0" rebuychips="0" reg_code="5073314005"/>
<player seat="10" name="al900" chips="835" dealer="1" win="0" bet="835" muck="1" rebuy="0" addon="0" merge="0" rebuychips="0" reg_code="5073314302"/>
</players>
</general>
<round no="0"><action no="1" player="al900" type="15" discard="1" dealt="1" sum="5"/>
<action no="2" player="KOPKHUNKRAP" type="15" sum="5"/>
<action no="3" player="al900" type="1" discard="1" dealt="1" sum="20"/>
<action no="4" player="KOPKHUNKRAP" type="2" sum="40"/>
</round>
<round no="1"><cards type="Pocket" player="al900">D10 HK</cards>
<cards type="Pocket" player="KOPKHUNKRAP">D3 CA</cards>
<action no="5" player="al900" type="23" discard="1" dealt="1" sum="830"/>
<action no="6" player="KOPKHUNKRAP" type="7" sum="620"/>
</round>
<round no="2"><cards type="Flop">D5 DK H4</cards>
</round>
<round no="3"><cards type="Turn">D2</cards>
</round>
<round no="4"><cards type="River">C2</cards>
</round>
</game>
<game gamecode="6533381712"><general><startdate>2025-11-17 12:59:05</startdate>
<round>1</round>
<failsafecounter/>
<players><player seat="10" name="al900" chips="170" dealer="0" win="0" bet="170" muck="0" rebuy="0" addon="0" merge="0" rebuychips="0" reg_code="5073314302"/>
<player seat="6" name="KOPKHUNKRAP" chips="1,330" dealer="1" win="340" bet="1,330" muck="0" rebuy="0" addon="0" merge="0" rebuychips="0" reg_code="5073314005"/>
</players>
</general>
<round no="0"><action no="1" player="KOPKHUNKRAP" type="15" sum="5"/>
<action no="2" player="al900" type="15" discard="1" dealt="1" sum="5"/>
<action no="3" player="KOPKHUNKRAP" type="1" sum="20"/>
<action no="4" player="al900" type="2" discard="1" dealt="1" sum="40"/>
</round>
<round no="1"><cards type="Pocket" player="KOPKHUNKRAP">D4 HA</cards>
<cards type="Pocket" player="al900">C8 S6</cards>
<action no="5" player="KOPKHUNKRAP" type="23" sum="1,325"/>
<action no="6" player="al900" type="7" discard="1" dealt="1" sum="125"/>
</round>
<round no="2"><cards type="Flop">H4 CJ C4</cards>
</round>
<round no="3"><cards type="Turn">S5</cards>
</round>
<round no="4"><cards type="River">DK</cards>
</round>
</game>
</session>
