<?xml version="1.0" encoding="UTF-8"?>
<session sessioncode="5073505410">
<general>
<client_version>25.7.1.34</client_version>
<mode>real</mode>
<gametype>Holdem NL</gametype>
<tablename>Twister €200 SNG, 821899269</tablename>
<tournamentcode>821899268</tournamentcode>
<tournamentname>Twister €200 SNG</tournamentname>
<buyin>€0 + €12 + €188</buyin>
<totalbuyin>€200</totalbuyin>
<rewarddrawn>€600</rewarddrawn>
<tournamentcurrency>EUR</tournamentcurrency>
<currency>EUR</currency>
<nickname>KOPKHUNKRAP</nickname>
<gamecount>6</gamecount>
<startdate>2025-11-18 02:03:55</startdate>
<place>3</place>
<win>€0</win>
<tablesize>3</tablesize>
</general>
<game gamecode="6534109462"><general><startdate>2025-11-18 02:04:10</startdate>
<round>1</round>
<failsafecounter/>
<players><player seat="6" name="OndaBianca1" chips="500" dealer="0" win="20" bet="20" muck="1" rebuy="0" addon="0" merge="0" rebuychips="0" reg_code="5073505308"/>
<player seat="10" name="KOPKHUNKRAP" chips="500" dealer="1" win="0" bet="0" muck="1" rebuy="0" addon="0" merge="0" rebuychips="0" reg_code="5073505410"/>
<player seat="3" name="Aomanuahi" chips="500" dealer="0" win="0" bet="10" muck="1" rebuy="0" addon="0" merge="0" rebuychips="0" reg_code="5073505205"/>
</players>
</general>
<round no="0"><action no="1" player="Aomanuahi" type="1" discard="1" dealt="1" sum="10"/>
<action no="2" player="OndaBianca1" type="2" discard="1" dealt="1" sum="20"/>
</round>
<round no="1"><cards type="Pocket" player="KOPKHUNKRAP">S6 H9</cards>
<cards type="Pocket" player="OndaBianca1">X X</cards>
<cards type="Pocket" player="Aomanuahi">X X</cards>
<action no="3" player="KOPKHUNKRAP" type="0" sum="0"/>
<action no="4" player="Aomanuahi" type="0" discard="1" dealt="1" sum="0"/>
</round>
</game>
<game gamecode="6534109475"><general><startdate>2025-11-18 02:04:21</startdate>
<round>1</round>
<failsafecounter/>
<players><player seat="10" name="KOPKHUNKRAP" chips="500" dealer="0" win="0" bet="120" muck="1" rebuy="0" addon="0" merge="0" rebuychips="0" reg_code="5073505410"/>
<player seat="3" name="Aomanuahi" chips="490" dealer="1" win="0" bet="0" muck="1" rebuy="0" addon="0" merge="0" rebuychips="0" reg_code="5073505205"/>
<player seat="6" name="OndaBianca1" chips="510" dealer="0" win="240" bet="300" muck="1" rebuy="0" addon="0" merge="0" rebuychips="0" reg_code="5073505308"/>
</players>
</general>
<round no="0"><action no="1" player="OndaBianca1" type="1" discard="1" dealt="1" sum="10"/>
<action no="2" player="KOPKHUNKRAP" type="2" sum="20"/>
</round>
<round no="1"><cards type="Pocket" player="Aomanuahi">X X</cards>
<cards type="Pocket" player="OndaBianca1">X X</cards>
<cards type="Pocket" player="KOPKHUNKRAP">CA H9</cards>
<action no="3" player="Aomanuahi" type="0" discard="1" dealt="1" sum="0"/>
<action no="4" player="OndaBianca1" type="23" discard="1" dealt="1" sum="60"/>
<action no="5" player="KOPKHUNKRAP" type="3" sum="40"/>
</round>
<round no="2"><cards type="Flop">C2 C5 C7</cards>
<action no="6" player="OndaBianca1" type="5" discard="1" dealt="1" sum="60"/>
<action no="7" player="KOPKHUNKRAP" type="3" sum="60"/>
</round>
<round no="3"><cards type="Turn">S3</cards>
<action no="8" player="OndaBianca1" type="5" discard="1" dealt="1" sum="180"/>
<action no="9" player="KOPKHUNKRAP" type="0" sum="0"/>
</round>
</game>
<game gamecode="6534109536"><general><startdate>2025-11-18 02:05:04</startdate>
<round>1</round>
<failsafecounter/>
<players><player seat="3" name="Aomanuahi" chips="490" dealer="0" win="0" bet="20" muck="1" rebuy="0" addon="0" merge="0" rebuychips="0" reg_code="5073505205"/>
<player seat="6" name="OndaBianca1" chips="630" dealer="1" win="0" bet="0" muck="1" rebuy="0" addon="0" merge="0" rebuychips="0" reg_code="5073505308"/>
<player seat="10" name="KOPKHUNKRAP" chips="380" dealer="0" win="40" bet="20" muck="0" rebuy="0" addon="0" merge="0" rebuychips="0" reg_code="5073505410"/>
</players>
</general>
<round no="0"><action no="1" player="KOPKHUNKRAP" type="1" sum="10"/>
<action no="2" player="Aomanuahi" type="2" discard="1" dealt="1" sum="20"/>
</round>
<round no="1"><cards type="Pocket" player="Aomanuahi">S2 HQ</cards>
<cards type="Pocket" player="OndaBianca1">X X</cards>
<cards type="Pocket" player="KOPKHUNKRAP">H2 HA</cards>
<action no="3" player="OndaBianca1" type="0" discard="1" dealt="1" sum="0"/>
<action no="4" player="KOPKHUNKRAP" type="3" sum="10"/>
<action no="5" player="Aomanuahi" type="4" discard="1" dealt="1" sum="0"/>
</round>
<round no="2"><cards type="Flop">CK H7 D7</cards>
<action no="6" player="KOPKHUNKRAP" type="4" sum="0"/>
<action no="7" player="Aomanuahi" type="4" discard="1" dealt="1" sum="0"/>
</round>
<round no="3"><cards type="Turn">S6</cards>
<action no="8" player="KOPKHUNKRAP" type="4" sum="0"/>
<action no="9" player="Aomanuahi" type="4" discard="1" dealt="1" sum="0"/>
</round>
<round no="4"><cards type="River">DK</cards>
<action no="10" player="KOPKHUNKRAP" type="4" sum="0"/>
<action no="11" player="Aomanuahi" type="4" discard="1" dealt="1" sum="0"/>
</round>
</game>
<game gamecode="6534109608"><general><startdate>2025-11-18 02:05:52</startdate>
<round>1</round>
<failsafecounter/>
<players><player seat="6" name="OndaBianca1" chips="630" dealer="0" win="75" bet="630" muck="1" rebuy="0" addon="0" merge="0" rebuychips="0" reg_code="5073505308"/>
<player seat="10" name="KOPKHUNKRAP" chips="400" dealer="1" win="0" bet="5" muck="1" rebuy="0" addon="0" merge="0" rebuychips="0" reg_code="5073505410"/>
<player seat="3" name="Aomanuahi" chips="470" dealer="0" win="0" bet="35" muck="1" rebuy="0" addon="0" merge="0" rebuychips="0" reg_code="5073505205"/>
</players>
</general>
<round no="0"><action no="1" player="Aomanuahi" type="15" discard="1" dealt="1" sum="5"/>
<action no="2" player="OndaBianca1" type="15" discard="1" dealt="1" sum="5"/>
<action no="3" player="KOPKHUNKRAP" type="15" sum="5"/>
<action no="4" player="Aomanuahi" type="1" discard="1" dealt="1" sum="15"/>
<action no="5" player="OndaBianca1" type="2" discard="1" dealt="1" sum="30"/>
</round>
<round no="1"><cards type="Pocket" player="KOPKHUNKRAP">S8 C5</cards>
<cards type="Pocket" player="OndaBianca1">X X</cards>
<cards type="Pocket" player="Aomanuahi">X X</cards>
<action no="6" player="KOPKHUNKRAP" type="0" sum="0"/>
<action no="7" player="Aomanuahi" type="3" discard="1" dealt="1" sum="15"/>
<action no="8" player="OndaBianca1" type="23" discard="1" dealt="1" sum="625"/>
<action no="9" player="Aomanuahi" type="0" discard="1" dealt="1" sum="0"/>
</round>
</game>
<game gamecode="6534109647"><general><startdate>2025-11-18 02:06:14</startdate>
<round>1</round>
<failsafecounter/>
<players><player seat="10" name="KOPKHUNKRAP" chips="395" dealer="0" win="0" bet="35" muck="1" rebuy="0" addon="0" merge="0" rebuychips="0" reg_code="5073505410"/>
<player seat="3" name="Aomanuahi" chips="435" dealer="1" win="90" bet="435" muck="1" rebuy="0" addon="0" merge="0" rebuychips="0" reg_code="5073505205"/>
<player seat="6" name="OndaBianca1" chips="670" dealer="0" win="0" bet="20" muck="1" rebuy="0" addon="0" merge="0" rebuychips="0" reg_code="5073505308"/>
</players>
</general>
<round no="0"><action no="1" player="OndaBianca1" type="15" discard="1" dealt="1" sum="5"/>
<action no="2" player="KOPKHUNKRAP" type="15" sum="5"/>
<action no="3" player="Aomanuahi" type="15" discard="1" dealt="1" sum="5"/>
<action no="4" player="OndaBianca1" type="1" discard="1" dealt="1" sum="15"/>
<action no="5" player="KOPKHUNKRAP" type="2" sum="30"/>
</round>
<round no="1"><cards type="Pocket" player="Aomanuahi">X X</cards>
<cards type="Pocket" player="KOPKHUNKRAP">D4 S8</cards>
<cards type="Pocket" player="OndaBianca1">X X</cards>
<action no="6" player="Aomanuahi" type="23" discard="1" dealt="1" sum="430"/>
<action no="7" player="OndaBianca1" type="0" discard="1" dealt="1" sum="0"/>
<action no="8" player="KOPKHUNKRAP" type="0" sum="0"/>
</round>
</game>
<game gamecode="6534109661"><general><startdate>2025-11-18 02:06:24</startdate>
<round>1</round>
<failsafecounter/>
<players><player seat="3" name="Aomanuahi" chips="490" dealer="0" win="725" bet="360" muck="0" rebuy="0" addon="0" merge="0" rebuychips="0" reg_code="5073505205"/>
<player seat="6" name="OndaBianca1" chips="650" dealer="1" win="0" bet="5" muck="1" rebuy="0" addon="0" merge="0" rebuychips="0" reg_code="5073505308"/>
<player seat="10" name="KOPKHUNKRAP" chips="360" dealer="0" win="0" bet="360" muck="0" rebuy="0" addon="0" merge="0" rebuychips="0" reg_code="5073505410"/>
</players>
</general>
<round no="0"><action no="1" player="KOPKHUNKRAP" type="15" sum="5"/>
<action no="2" player="Aomanuahi" type="15" discard="1" dealt="1" sum="5"/>
<action no="3" player="OndaBianca1" type="15" discard="1" dealt="1" sum="5"/>
<action no="4" player="KOPKHUNKRAP" type="1" sum="15"/>
<action no="5" player="Aomanuahi" type="2" discard="1" dealt="1" sum="30"/>
</round>
<round no="1"><cards type="Pocket" player="OndaBianca1">X X</cards>
<cards type="Pocket" player="Aomanuahi">CA D3</cards>
<cards type="Pocket" player="KOPKHUNKRAP">CJ CK</cards>
<action no="6" player="OndaBianca1" type="0" discard="1" dealt="1" sum="0"/>
<action no="7" player="KOPKHUNKRAP" type="23" sum="355"/>
<action no="8" player="Aomanuahi" type="3" discard="1" dealt="1" sum="325"/>
</round>
<round no="2"><cards type="Flop">DK S10 HJ</cards>
</round>
<round no="3"><cards type="Turn">SQ</cards>
</round>
<round no="4"><cards type="River">D5</cards>
</round>
</game>
</session>
