<?xml version="1.0" encoding="UTF-8"?>
<session sessioncode="5073313581">
<general>
<client_version>25.7.1.34</client_version>
<mode>real</mode>
<gametype>Holdem NL</gametype>
<tablename>Twister €200 SNG, 821842432</tablename>
<tournamentcode>821842431</tournamentcode>
<tournamentname>Twister €200 SNG</tournamentname>
<buyin>€0 + €12 + €188</buyin>
<totalbuyin>€200</totalbuyin>
<rewarddrawn>€600</rewarddrawn>
<tournamentcurrency>EUR</tournamentcurrency>
<currency>EUR</currency>
<nickname>KOPKHUNKRAP</nickname>
<gamecount>3</gamecount>
<startdate>2025-11-17 12:50:48</startdate>
<place>3</place>
<win>€0</win>
<tablesize>3</tablesize>
</general>
<game gamecode="6533378143"><general><startdate>2025-11-17 12:51:03</startdate>
<round>1</round>
<failsafecounter/>
<players><player seat="6" name="KOPKHUNKRAP" chips="500" dealer="0" win="20" bet="20" muck="1" rebuy="0" addon="0" merge="0" rebuychips="0" reg_code="5073313581"/>
<player seat="10" name="Rammesord2" chips="500" dealer="1" win="0" bet="0" muck="1" rebuy="0" addon="0" merge="0" rebuychips="0" reg_code="5073313956"/>
<player seat="3" name="Ankalaev" chips="500" dealer="0" win="0" bet="10" muck="1" rebuy="0" addon="0" merge="0" rebuychips="0" reg_code="5073312976"/>
</players>
</general>
<round no="0"><action no="1" player="Ankalaev" type="1" discard="1" dealt="1" sum="10"/>
<action no="2" player="KOPKHUNKRAP" type="2" sum="20"/>
</round>
<round no="1"><cards type="Pocket" player="Ankalaev">X X</cards>
<cards type="Pocket" player="KOPKHUNKRAP">C4 H8</cards>
<cards type="Pocket" player="Rammesord2">X X</cards>
<action no="3" player="Rammesord2" type="0" discard="1" dealt="1" sum="0"/>
<action no="4" player="Ankalaev" type="0" discard="1" dealt="1" sum="0"/>
</round>
</game>
<game gamecode="6533378175"><general><startdate>2025-11-17 12:51:22</startdate>
<round>1</round>
<failsafecounter/>
<players><player seat="10" name="Rammesord2" chips="500" dealer="0" win="1,000" bet="500" muck="0" rebuy="0" addon="0" merge="0" rebuychips="0" reg_code="5073313956"/>
<player seat="3" name="Ankalaev" chips="490" dealer="1" win="0" bet="0" muck="1" rebuy="0" addon="0" merge="0" rebuychips="0" reg_code="5073312976"/>
<player seat="6" name="KOPKHUNKRAP" chips="510" dealer="0" win="0" bet="500" muck="1" rebuy="0" addon="0" merge="0" rebuychips="0" reg_code="5073313581"/>
</players>
</general>
<round no="0"><action no="1" player="KOPKHUNKRAP" type="1" sum="10"/>
<action no="2" player="Rammesord2" type="2" discard="1" dealt="1" sum="20"/>
</round>
<round no="1"><cards type="Pocket" player="KOPKHUNKRAP">C9 S7</cards>
<cards type="Pocket" player="Ankalaev">X X</cards>
<cards type="Pocket" player="Rammesord2">SA D7</cards>
<action no="3" player="Ankalaev" type="0" discard="1" dealt="1" sum="0"/>
<action no="4" player="KOPKHUNKRAP" type="3" sum="10"/>
<action no="5" player="Rammesord2" type="4" discard="1" dealt="1" sum="0"/>
</round>
<round no="2"><cards type="Flop">D6 H7 DA</cards>
<action no="6" player="KOPKHUNKRAP" type="5" sum="20"/>
<action no="7" player="Rammesord2" type="3" discard="1" dealt="1" sum="20"/>
</round>
<round no="3"><cards type="Turn">C7</cards>
<action no="8" player="KOPKHUNKRAP" type="5" sum="60"/>
<action no="9" player="Rammesord2" type="3" discard="1" dealt="1" sum="60"/>
</round>
<round no="4"><cards type="River">H10</cards>
<action no="10" player="KOPKHUNKRAP" type="4" sum="0"/>
<action no="11" player="Rammesord2" type="5" discard="1" dealt="1" sum="400"/>
<action no="12" player="KOPKHUNKRAP" type="3" sum="400"/>
</round>
</game>
<game gamecode="6533378308"><general><startdate>2025-11-17 12:52:46</startdate>
<round>1</round>
<failsafecounter/>
<players><player seat="3" name="Ankalaev" chips="490" dealer="0" win="0" bet="35" muck="1" rebuy="0" addon="0" merge="0" rebuychips="0" reg_code="5073312976"/>
<player seat="6" name="KOPKHUNKRAP" chips="10" dealer="1" win="0" bet="10" muck="0" rebuy="0" addon="0" merge="0" rebuychips="0" reg_code="5073313581"/>
<player seat="10" name="Rammesord2" chips="1,000" dealer="0" win="80" bet="35" muck="0" rebuy="0" addon="0" merge="0" rebuychips="0" reg_code="5073313956"/>
</players>
</general>
<round no="0"><action no="1" player="Rammesord2" type="15" discard="1" dealt="1" sum="5"/>
<action no="2" player="Ankalaev" type="15" discard="1" dealt="1" sum="5"/>
<action no="3" player="KOPKHUNKRAP" type="15" sum="5"/>
<action no="4" player="Rammesord2" type="1" discard="1" dealt="1" sum="15"/>
<action no="5" player="Ankalaev" type="2" discard="1" dealt="1" sum="30"/>
</round>
<round no="1"><cards type="Pocket" player="KOPKHUNKRAP">H2 D5</cards>
<cards type="Pocket" player="Rammesord2">C10 CA</cards>
<cards type="Pocket" player="Ankalaev">DK D4</cards>
<action no="6" player="KOPKHUNKRAP" type="7" sum="5"/>
<action no="7" player="Rammesord2" type="3" discard="1" dealt="1" sum="15"/>
<action no="8" player="Ankalaev" type="4" discard="1" dealt="1" sum="0"/>
</round>
<round no="2"><cards type="Flop">H3 S6 S7</cards>
<action no="9" player="Rammesord2" type="4" discard="1" dealt="1" sum="0"/>
<action no="10" player="Ankalaev" type="4" discard="1" dealt="1" sum="0"/>
</round>
<round no="3"><cards type="Turn">C6</cards>
<action no="11" player="Rammesord2" type="4" discard="1" dealt="1" sum="0"/>
<action no="12" player="Ankalaev" type="4" discard="1" dealt="1" sum="0"/>
</round>
<round no="4"><cards type="River">S9</cards>
<action no="13" player="Rammesord2" type="4" discard="1" dealt="1" sum="0"/>
<action no="14" player="Ankalaev" type="4" discard="1" dealt="1" sum="0"/>
</round>
</game>
</session>
