<?xml version="1.0" encoding="UTF-8"?>
<session sessioncode="5075798914">
<general>
<client_version>25.7.1.34</client_version>
<mode>real</mode>
<gametype>Holdem NL</gametype>
<tablename>Twister €100 SNG, 822498547</tablename>
<tournamentcode>822498546</tournamentcode>
<tournamentname>Twister €100 SNG</tournamentname>
<buyin>€0 + €7 + €93</buyin>
<totalbuyin>€100</totalbuyin>
<rewarddrawn>€300</rewarddrawn>
<tournamentcurrency>EUR</tournamentcurrency>
<currency>EUR</currency>
<nickname>KOPKHUNKRAP</nickname>
<gamecount>35</gamecount>
<startdate>2025-11-26 20:04:20</startdate>
<place>2</place>
<win>€0</win>
<tablesize>3</tablesize>
</general>
<game gamecode="6541866503"><general><startdate>2025-11-26 20:04:35</startdate>
<round>1</round>
<failsafecounter/>
<players><player seat="3" name="KOPKHUNKRAP" chips="500" dealer="0" win="90" bet="500" muck="1" rebuy="0" addon="0" merge="0" rebuychips="0" reg_code="5075798914"/>
<player seat="6" name="Tiuualex" chips="500" dealer="1" win="0" bet="40" muck="1" rebuy="0" addon="0" merge="0" rebuychips="0" reg_code="5075798343"/>
<player seat="10" name="Cornodimucca" chips="500" dealer="0" win="0" bet="10" muck="1" rebuy="0" addon="0" merge="0" rebuychips="0" reg_code="5075799593"/>
</players>
</general>
<round no="0"><action no="1" player="Cornodimucca" type="1" discard="1" dealt="1" sum="10"/>
<action no="2" player="KOPKHUNKRAP" type="2" sum="20"/>
</round>
<round no="1"><cards type="Pocket" player="Tiuualex">X X</cards>
<cards type="Pocket" player="Cornodimucca">X X</cards>
<cards type="Pocket" player="KOPKHUNKRAP">HQ SK</cards>
<action no="3" player="Tiuualex" type="23" discard="1" dealt="1" sum="40"/>
<action no="4" player="Cornodimucca" type="0" discard="1" dealt="1" sum="0"/>
<action no="5" player="KOPKHUNKRAP" type="23" sum="500"/>
<action no="6" player="Tiuualex" type="0" discard="1" dealt="1" sum="0"/>
</round>
</game>
<game gamecode="6541866530"><general><startdate>2025-11-26 20:04:47</startdate>
<round>1</round>
<failsafecounter/>
<players><player seat="6" name="Tiuualex" chips="460" dealer="0" win="0" bet="460" muck="0" rebuy="0" addon="0" merge="0" rebuychips="0" reg_code="5075798343"/>
<player seat="10" name="Cornodimucca" chips="490" dealer="1" win="0" bet="0" muck="1" rebuy="0" addon="0" merge="0" rebuychips="0" reg_code="5075799593"/>
<player seat="3" name="KOPKHUNKRAP" chips="550" dealer="0" win="920" bet="460" muck="0" rebuy="0" addon="0" merge="0" rebuychips="0" reg_code="5075798914"/>
</players>
</general>
<round no="0"><action no="1" player="KOPKHUNKRAP" type="1" sum="10"/>
<action no="2" player="Tiuualex" type="2" discard="1" dealt="1" sum="20"/>
</round>
<round no="1"><cards type="Pocket" player="Tiuualex">H10 H5</cards>
<cards type="Pocket" player="Cornodimucca">X X</cards>
<cards type="Pocket" player="KOPKHUNKRAP">HQ H3</cards>
<action no="3" player="Cornodimucca" type="0" discard="1" dealt="1" sum="0"/>
<action no="4" player="KOPKHUNKRAP" type="3" sum="10"/>
<action no="5" player="Tiuualex" type="4" discard="1" dealt="1" sum="0"/>
</round>
<round no="2"><cards type="Flop">S10 H4 H7</cards>
<action no="6" player="KOPKHUNKRAP" type="5" sum="20"/>
<action no="7" player="Tiuualex" type="23" discard="1" dealt="1" sum="60"/>
<action no="8" player="KOPKHUNKRAP" type="23" sum="150"/>
<action no="9" player="Tiuualex" type="23" discard="1" dealt="1" sum="440"/>
<action no="10" player="KOPKHUNKRAP" type="3" sum="290"/>
</round>
<round no="3"><cards type="Turn">C5</cards>
</round>
<round no="4"><cards type="River">H2</cards>
</round>
</game>
<game gamecode="6541866661"><general><startdate>2025-11-26 20:05:30</startdate>
<round>1</round>
<failsafecounter/>
<players><player seat="10" name="Cornodimucca" chips="490" dealer="0" win="0" bet="20" muck="1" rebuy="0" addon="0" merge="0" rebuychips="0" reg_code="5075799593"/>
<player seat="3" name="KOPKHUNKRAP" chips="1,010" dealer="1" win="40" bet="40" muck="1" rebuy="0" addon="0" merge="0" rebuychips="0" reg_code="5075798914"/>
</players>
</general>
<round no="0"><action no="1" player="KOPKHUNKRAP" type="1" sum="10"/>
<action no="2" player="Cornodimucca" type="2" discard="1" dealt="1" sum="20"/>
</round>
<round no="1"><cards type="Pocket" player="Cornodimucca">X X</cards>
<cards type="Pocket" player="KOPKHUNKRAP">CJ CA</cards>
<action no="3" player="KOPKHUNKRAP" type="23" sum="40"/>
<action no="4" player="Cornodimucca" type="0" discard="1" dealt="1" sum="0"/>
</round>
</game>
<game gamecode="6541866683"><general><startdate>2025-11-26 20:05:38</startdate>
<round>1</round>
<failsafecounter/>
<players><player seat="3" name="KOPKHUNKRAP" chips="1,030" dealer="0" win="80" bet="120" muck="1" rebuy="0" addon="0" merge="0" rebuychips="0" reg_code="5075798914"/>
<player seat="10" name="Cornodimucca" chips="470" dealer="1" win="0" bet="40" muck="1" rebuy="0" addon="0" merge="0" rebuychips="0" reg_code="5075799593"/>
</players>
</general>
<round no="0"><action no="1" player="Cornodimucca" type="1" discard="1" dealt="1" sum="10"/>
<action no="2" player="KOPKHUNKRAP" type="2" sum="20"/>
</round>
<round no="1"><cards type="Pocket" player="Cornodimucca">X X</cards>
<cards type="Pocket" player="KOPKHUNKRAP">CA S6</cards>
<action no="3" player="Cornodimucca" type="3" discard="1" dealt="1" sum="10"/>
<action no="4" player="KOPKHUNKRAP" type="4" sum="0"/>
</round>
<round no="2"><cards type="Flop">S7 H2 HA</cards>
<action no="5" player="KOPKHUNKRAP" type="4" sum="0"/>
<action no="6" player="Cornodimucca" type="5" discard="1" dealt="1" sum="20"/>
<action no="7" player="KOPKHUNKRAP" type="3" sum="20"/>
</round>
<round no="3"><cards type="Turn">DA</cards>
<action no="8" player="KOPKHUNKRAP" type="4" sum="0"/>
<action no="9" player="Cornodimucca" type="4" discard="1" dealt="1" sum="0"/>
</round>
<round no="4"><cards type="River">D8</cards>
<action no="10" player="KOPKHUNKRAP" type="5" sum="80"/>
<action no="11" player="Cornodimucca" type="0" discard="1" dealt="1" sum="0"/>
</round>
</game>
<game gamecode="6541866778"><general><startdate>2025-11-26 20:06:11</startdate>
<round>1</round>
<failsafecounter/>
<players><player seat="10" name="Cornodimucca" chips="430" dealer="0" win="160" bet="80" muck="0" rebuy="0" addon="0" merge="0" rebuychips="0" reg_code="5075799593"/>
<player seat="3" name="KOPKHUNKRAP" chips="1,070" dealer="1" win="0" bet="80" muck="1" rebuy="0" addon="0" merge="0" rebuychips="0" reg_code="5075798914"/>
</players>
</general>
<round no="0"><action no="1" player="KOPKHUNKRAP" type="1" sum="10"/>
<action no="2" player="Cornodimucca" type="2" discard="1" dealt="1" sum="20"/>
</round>
<round no="1"><cards type="Pocket" player="Cornodimucca">SK H7</cards>
<cards type="Pocket" player="KOPKHUNKRAP">D6 H3</cards>
<action no="3" player="KOPKHUNKRAP" type="3" sum="10"/>
<action no="4" player="Cornodimucca" type="4" discard="1" dealt="1" sum="0"/>
</round>
<round no="2"><cards type="Flop">SA HA HK</cards>
<action no="5" player="Cornodimucca" type="4" discard="1" dealt="1" sum="0"/>
<action no="6" player="KOPKHUNKRAP" type="5" sum="20"/>
<action no="7" player="Cornodimucca" type="3" discard="1" dealt="1" sum="20"/>
</round>
<round no="3"><cards type="Turn">D4</cards>
<action no="8" player="Cornodimucca" type="4" discard="1" dealt="1" sum="0"/>
<action no="9" player="KOPKHUNKRAP" type="5" sum="40"/>
<action no="10" player="Cornodimucca" type="3" discard="1" dealt="1" sum="40"/>
</round>
<round no="4"><cards type="River">CA</cards>
<action no="11" player="Cornodimucca" type="4" discard="1" dealt="1" sum="0"/>
<action no="12" player="KOPKHUNKRAP" type="4" sum="0"/>
</round>
</game>
<game gamecode="6541866881"><general><startdate>2025-11-26 20:06:58</startdate>
<round>1</round>
<failsafecounter/>
<players><player seat="3" name="KOPKHUNKRAP" chips="990" dealer="0" win="0" bet="35" muck="1" rebuy="0" addon="0" merge="0" rebuychips="0" reg_code="5075798914"/>
<player seat="10" name="Cornodimucca" chips="510" dealer="1" win="70" bet="65" muck="1" rebuy="0" addon="0" merge="0" rebuychips="0" reg_code="5075799593"/>
</players>
</general>
<round no="0"><action no="1" player="Cornodimucca" type="15" discard="1" dealt="1" sum="5"/>
<action no="2" player="KOPKHUNKRAP" type="15" sum="5"/>
<action no="3" player="Cornodimucca" type="1" discard="1" dealt="1" sum="15"/>
<action no="4" player="KOPKHUNKRAP" type="2" sum="30"/>
</round>
<round no="1"><cards type="Pocket" player="KOPKHUNKRAP">C4 S3</cards>
<cards type="Pocket" player="Cornodimucca">X X</cards>
<action no="5" player="Cornodimucca" type="23" discard="1" dealt="1" sum="60"/>
<action no="6" player="KOPKHUNKRAP" type="0" sum="0"/>
</round>
</game>
<game gamecode="6541866901"><general><startdate>2025-11-26 20:07:05</startdate>
<round>1</round>
<failsafecounter/>
<players><player seat="10" name="Cornodimucca" chips="545" dealer="0" win="70" bet="545" muck="1" rebuy="0" addon="0" merge="0" rebuychips="0" reg_code="5075799593"/>
<player seat="3" name="KOPKHUNKRAP" chips="955" dealer="1" win="0" bet="35" muck="1" rebuy="0" addon="0" merge="0" rebuychips="0" reg_code="5075798914"/>
</players>
</general>
<round no="0"><action no="1" player="KOPKHUNKRAP" type="15" sum="5"/>
<action no="2" player="Cornodimucca" type="15" discard="1" dealt="1" sum="5"/>
<action no="3" player="KOPKHUNKRAP" type="1" sum="15"/>
<action no="4" player="Cornodimucca" type="2" discard="1" dealt="1" sum="30"/>
</round>
<round no="1"><cards type="Pocket" player="Cornodimucca">X X</cards>
<cards type="Pocket" player="KOPKHUNKRAP">S7 D9</cards>
<action no="5" player="KOPKHUNKRAP" type="3" sum="15"/>
<action no="6" player="Cornodimucca" type="23" discard="1" dealt="1" sum="540"/>
<action no="7" player="KOPKHUNKRAP" type="0" sum="0"/>
</round>
</game>
<game gamecode="6541866931"><general><startdate>2025-11-26 20:07:18</startdate>
<round>1</round>
<failsafecounter/>
<players><player seat="3" name="KOPKHUNKRAP" chips="920" dealer="0" win="0" bet="35" muck="1" rebuy="0" addon="0" merge="0" rebuychips="0" reg_code="5075798914"/>
<player seat="10" name="Cornodimucca" chips="580" dealer="1" win="70" bet="65" muck="1" rebuy="0" addon="0" merge="0" rebuychips="0" reg_code="5075799593"/>
</players>
</general>
<round no="0"><action no="1" player="Cornodimucca" type="15" discard="1" dealt="1" sum="5"/>
<action no="2" player="KOPKHUNKRAP" type="15" sum="5"/>
<action no="3" player="Cornodimucca" type="1" discard="1" dealt="1" sum="15"/>
<action no="4" player="KOPKHUNKRAP" type="2" sum="30"/>
</round>
<round no="1"><cards type="Pocket" player="Cornodimucca">X X</cards>
<cards type="Pocket" player="KOPKHUNKRAP">D4 HK</cards>
<action no="5" player="Cornodimucca" type="23" discard="1" dealt="1" sum="60"/>
<action no="6" player="KOPKHUNKRAP" type="0" sum="0"/>
</round>
</game>
<game gamecode="6541866946"><general><startdate>2025-11-26 20:07:25</startdate>
<round>1</round>
<failsafecounter/>
<players><player seat="10" name="Cornodimucca" chips="615" dealer="0" win="130" bet="615" muck="1" rebuy="0" addon="0" merge="0" rebuychips="0" reg_code="5075799593"/>
<player seat="3" name="KOPKHUNKRAP" chips="885" dealer="1" win="0" bet="65" muck="1" rebuy="0" addon="0" merge="0" rebuychips="0" reg_code="5075798914"/>
</players>
</general>
<round no="0"><action no="1" player="KOPKHUNKRAP" type="15" sum="5"/>
<action no="2" player="Cornodimucca" type="15" discard="1" dealt="1" sum="5"/>
<action no="3" player="KOPKHUNKRAP" type="1" sum="15"/>
<action no="4" player="Cornodimucca" type="2" discard="1" dealt="1" sum="30"/>
</round>
<round no="1"><cards type="Pocket" player="Cornodimucca">X X</cards>
<cards type="Pocket" player="KOPKHUNKRAP">D8 S6</cards>
<action no="5" player="KOPKHUNKRAP" type="3" sum="15"/>
<action no="6" player="Cornodimucca" type="4" discard="1" dealt="1" sum="0"/>
</round>
<round no="2"><cards type="Flop">CK C9 CA</cards>
<action no="7" player="Cornodimucca" type="4" discard="1" dealt="1" sum="0"/>
<action no="8" player="KOPKHUNKRAP" type="5" sum="30"/>
<action no="9" player="Cornodimucca" type="3" discard="1" dealt="1" sum="30"/>
</round>
<round no="3"><cards type="Turn">S2</cards>
<action no="10" player="Cornodimucca" type="4" discard="1" dealt="1" sum="0"/>
<action no="11" player="KOPKHUNKRAP" type="4" sum="0"/>
</round>
<round no="4"><cards type="River">D9</cards>
<action no="12" player="Cornodimucca" type="5" discard="1" dealt="1" sum="550"/>
<action no="13" player="KOPKHUNKRAP" type="0" sum="0"/>
</round>
</game>
<game gamecode="6541867045"><general><startdate>2025-11-26 20:08:05</startdate>
<round>1</round>
<failsafecounter/>
<players><player seat="3" name="KOPKHUNKRAP" chips="820" dealer="0" win="0" bet="45" muck="1" rebuy="0" addon="0" merge="0" rebuychips="0" reg_code="5075798914"/>
<player seat="10" name="Cornodimucca" chips="680" dealer="1" win="90" bet="85" muck="1" rebuy="0" addon="0" merge="0" rebuychips="0" reg_code="5075799593"/>
</players>
</general>
<round no="0"><action no="1" player="Cornodimucca" type="15" discard="1" dealt="1" sum="5"/>
<action no="2" player="KOPKHUNKRAP" type="15" sum="5"/>
<action no="3" player="Cornodimucca" type="1" discard="1" dealt="1" sum="20"/>
<action no="4" player="KOPKHUNKRAP" type="2" sum="40"/>
</round>
<round no="1"><cards type="Pocket" player="KOPKHUNKRAP">C6 HJ</cards>
<cards type="Pocket" player="Cornodimucca">X X</cards>
<action no="5" player="Cornodimucca" type="3" discard="1" dealt="1" sum="20"/>
<action no="6" player="KOPKHUNKRAP" type="4" sum="0"/>
</round>
<round no="2"><cards type="Flop">C5 S5 HK</cards>
<action no="7" player="KOPKHUNKRAP" type="4" sum="0"/>
<action no="8" player="Cornodimucca" type="5" discard="1" dealt="1" sum="40"/>
<action no="9" player="KOPKHUNKRAP" type="0" sum="0"/>
</round>
</game>
<game gamecode="6541867078"><general><startdate>2025-11-26 20:08:18</startdate>
<round>1</round>
<failsafecounter/>
<players><player seat="10" name="Cornodimucca" chips="725" dealer="0" win="90" bet="125" muck="1" rebuy="0" addon="0" merge="0" rebuychips="0" reg_code="5075799593"/>
<player seat="3" name="KOPKHUNKRAP" chips="775" dealer="1" win="0" bet="45" muck="1" rebuy="0" addon="0" merge="0" rebuychips="0" reg_code="5075798914"/>
</players>
</general>
<round no="0"><action no="1" player="KOPKHUNKRAP" type="15" sum="5"/>
<action no="2" player="Cornodimucca" type="15" discard="1" dealt="1" sum="5"/>
<action no="3" player="KOPKHUNKRAP" type="1" sum="20"/>
<action no="4" player="Cornodimucca" type="2" discard="1" dealt="1" sum="40"/>
</round>
<round no="1"><cards type="Pocket" player="KOPKHUNKRAP">H2 CQ</cards>
<cards type="Pocket" player="Cornodimucca">X X</cards>
<action no="5" player="KOPKHUNKRAP" type="3" sum="20"/>
<action no="6" player="Cornodimucca" type="23" discard="1" dealt="1" sum="120"/>
<action no="7" player="KOPKHUNKRAP" type="0" sum="0"/>
</round>
</game>
<game gamecode="6541867120"><general><startdate>2025-11-26 20:08:32</startdate>
<round>1</round>
<failsafecounter/>
<players><player seat="3" name="KOPKHUNKRAP" chips="730" dealer="0" win="170" bet="170" muck="1" rebuy="0" addon="0" merge="0" rebuychips="0" reg_code="5075798914"/>
<player seat="10" name="Cornodimucca" chips="770" dealer="1" win="0" bet="85" muck="1" rebuy="0" addon="0" merge="0" rebuychips="0" reg_code="5075799593"/>
</players>
</general>
<round no="0"><action no="1" player="Cornodimucca" type="15" discard="1" dealt="1" sum="5"/>
<action no="2" player="KOPKHUNKRAP" type="15" sum="5"/>
<action no="3" player="Cornodimucca" type="1" discard="1" dealt="1" sum="20"/>
<action no="4" player="KOPKHUNKRAP" type="2" sum="40"/>
</round>
<round no="1"><cards type="Pocket" player="KOPKHUNKRAP">C9 DJ</cards>
<cards type="Pocket" player="Cornodimucca">X X</cards>
<action no="5" player="Cornodimucca" type="3" discard="1" dealt="1" sum="20"/>
<action no="6" player="KOPKHUNKRAP" type="4" sum="0"/>
</round>
<round no="2"><cards type="Flop">C3 HA CA</cards>
<action no="7" player="KOPKHUNKRAP" type="4" sum="0"/>
<action no="8" player="Cornodimucca" type="5" discard="1" dealt="1" sum="40"/>
<action no="9" player="KOPKHUNKRAP" type="3" sum="40"/>
</round>
<round no="3"><cards type="Turn">S3</cards>
<action no="10" player="KOPKHUNKRAP" type="5" sum="85"/>
<action no="11" player="Cornodimucca" type="0" discard="1" dealt="1" sum="0"/>
</round>
</game>
<game gamecode="6541867216"><general><startdate>2025-11-26 20:09:06</startdate>
<round>1</round>
<failsafecounter/>
<players><player seat="10" name="Cornodimucca" chips="685" dealer="0" win="90" bet="85" muck="1" rebuy="0" addon="0" merge="0" rebuychips="0" reg_code="5075799593"/>
<player seat="3" name="KOPKHUNKRAP" chips="815" dealer="1" win="0" bet="45" muck="1" rebuy="0" addon="0" merge="0" rebuychips="0" reg_code="5075798914"/>
</players>
</general>
<round no="0"><action no="1" player="KOPKHUNKRAP" type="15" sum="5"/>
<action no="2" player="Cornodimucca" type="15" discard="1" dealt="1" sum="5"/>
<action no="3" player="KOPKHUNKRAP" type="1" sum="20"/>
<action no="4" player="Cornodimucca" type="2" discard="1" dealt="1" sum="40"/>
</round>
<round no="1"><cards type="Pocket" player="Cornodimucca">X X</cards>
<cards type="Pocket" player="KOPKHUNKRAP">CA C2</cards>
<action no="5" player="KOPKHUNKRAP" type="3" sum="20"/>
<action no="6" player="Cornodimucca" type="4" discard="1" dealt="1" sum="0"/>
</round>
<round no="2"><cards type="Flop">C8 H8 DJ</cards>
<action no="7" player="Cornodimucca" type="4" discard="1" dealt="1" sum="0"/>
<action no="8" player="KOPKHUNKRAP" type="4" sum="0"/>
</round>
<round no="3"><cards type="Turn">D4</cards>
<action no="9" player="Cornodimucca" type="5" discard="1" dealt="1" sum="40"/>
<action no="10" player="KOPKHUNKRAP" type="0" sum="0"/>
</round>
</game>
<game gamecode="6541872649"><general><startdate>2025-11-26 20:09:37</startdate>
<round>1</round>
<failsafecounter/>
<players><player seat="3" name="KOPKHUNKRAP" chips="770" dealer="0" win="0" bet="65" muck="1" rebuy="0" addon="0" merge="0" rebuychips="0" reg_code="5075798914"/>
<player seat="10" name="Cornodimucca" chips="730" dealer="1" win="130" bet="125" muck="1" rebuy="0" addon="0" merge="0" rebuychips="0" reg_code="5075799593"/>
</players>
</general>
<round no="0"><action no="1" player="Cornodimucca" type="15" discard="1" dealt="1" sum="5"/>
<action no="2" player="KOPKHUNKRAP" type="15" sum="5"/>
<action no="3" player="Cornodimucca" type="1" discard="1" dealt="1" sum="30"/>
<action no="4" player="KOPKHUNKRAP" type="2" sum="60"/>
</round>
<round no="1"><cards type="Pocket" player="KOPKHUNKRAP">S10 H9</cards>
<cards type="Pocket" player="Cornodimucca">X X</cards>
<action no="5" player="Cornodimucca" type="3" discard="1" dealt="1" sum="30"/>
<action no="6" player="KOPKHUNKRAP" type="4" sum="0"/>
</round>
<round no="2"><cards type="Flop">H2 H5 D2</cards>
<action no="7" player="KOPKHUNKRAP" type="4" sum="0"/>
<action no="8" player="Cornodimucca" type="5" discard="1" dealt="1" sum="60"/>
<action no="9" player="KOPKHUNKRAP" type="0" sum="0"/>
</round>
</game>
<game gamecode="6541872694"><general><startdate>2025-11-26 20:09:54</startdate>
<round>1</round>
<failsafecounter/>
<players><player seat="10" name="Cornodimucca" chips="795" dealer="0" win="705" bet="795" muck="0" rebuy="0" addon="0" merge="0" rebuychips="0" reg_code="5075799593"/>
<player seat="3" name="KOPKHUNKRAP" chips="705" dealer="1" win="705" bet="705" muck="0" rebuy="0" addon="0" merge="0" rebuychips="0" reg_code="5075798914"/>
</players>
</general>
<round no="0"><action no="1" player="KOPKHUNKRAP" type="15" sum="5"/>
<action no="2" player="Cornodimucca" type="15" discard="1" dealt="1" sum="5"/>
<action no="3" player="KOPKHUNKRAP" type="1" sum="30"/>
<action no="4" player="Cornodimucca" type="2" discard="1" dealt="1" sum="60"/>
</round>
<round no="1"><cards type="Pocket" player="KOPKHUNKRAP">S10 HK</cards>
<cards type="Pocket" player="Cornodimucca">CK D10</cards>
<action no="5" player="KOPKHUNKRAP" type="3" sum="30"/>
<action no="6" player="Cornodimucca" type="23" discard="1" dealt="1" sum="790"/>
<action no="7" player="KOPKHUNKRAP" type="7" sum="640"/>
</round>
<round no="2"><cards type="Flop">DK CQ D5</cards>
</round>
<round no="3"><cards type="Turn">S6</cards>
</round>
<round no="4"><cards type="River">D2</cards>
</round>
</game>
<game gamecode="6541872743"><general><startdate>2025-11-26 20:10:13</startdate>
<round>1</round>
<failsafecounter/>
<players><player seat="3" name="KOPKHUNKRAP" chips="705" dealer="0" win="0" bet="250" muck="1" rebuy="0" addon="0" merge="0" rebuychips="0" reg_code="5075798914"/>
<player seat="10" name="Cornodimucca" chips="795" dealer="1" win="500" bet="250" muck="0" rebuy="0" addon="0" merge="0" rebuychips="0" reg_code="5075799593"/>
</players>
</general>
<round no="0"><action no="1" player="Cornodimucca" type="15" discard="1" dealt="1" sum="5"/>
<action no="2" player="KOPKHUNKRAP" type="15" sum="5"/>
<action no="3" player="Cornodimucca" type="1" discard="1" dealt="1" sum="30"/>
<action no="4" player="KOPKHUNKRAP" type="2" sum="60"/>
</round>
<round no="1"><cards type="Pocket" player="Cornodimucca">DJ DK</cards>
<cards type="Pocket" player="KOPKHUNKRAP">HJ C5</cards>
<action no="5" player="Cornodimucca" type="3" discard="1" dealt="1" sum="30"/>
<action no="6" player="KOPKHUNKRAP" type="4" sum="0"/>
</round>
<round no="2"><cards type="Flop">CJ D10 S4</cards>
<action no="7" player="KOPKHUNKRAP" type="4" sum="0"/>
<action no="8" player="Cornodimucca" type="5" discard="1" dealt="1" sum="60"/>
<action no="9" player="KOPKHUNKRAP" type="3" sum="60"/>
</round>
<round no="3"><cards type="Turn">H4</cards>
<action no="10" player="KOPKHUNKRAP" type="4" sum="0"/>
<action no="11" player="Cornodimucca" type="5" discard="1" dealt="1" sum="125"/>
<action no="12" player="KOPKHUNKRAP" type="3" sum="125"/>
</round>
<round no="4"><cards type="River">HQ</cards>
<action no="13" player="KOPKHUNKRAP" type="4" sum="0"/>
<action no="14" player="Cornodimucca" type="4" discard="1" dealt="1" sum="0"/>
</round>
</game>
<game gamecode="6541872860"><general><startdate>2025-11-26 20:10:49</startdate>
<round>1</round>
<failsafecounter/>
<players><player seat="10" name="Cornodimucca" chips="1,045" dealer="0" win="0" bet="65" muck="1" rebuy="0" addon="0" merge="0" rebuychips="0" reg_code="5075799593"/>
<player seat="3" name="KOPKHUNKRAP" chips="455" dealer="1" win="130" bet="455" muck="1" rebuy="0" addon="0" merge="0" rebuychips="0" reg_code="5075798914"/>
</players>
</general>
<round no="0"><action no="1" player="KOPKHUNKRAP" type="15" sum="5"/>
<action no="2" player="Cornodimucca" type="15" discard="1" dealt="1" sum="5"/>
<action no="3" player="KOPKHUNKRAP" type="1" sum="30"/>
<action no="4" player="Cornodimucca" type="2" discard="1" dealt="1" sum="60"/>
</round>
<round no="1"><cards type="Pocket" player="KOPKHUNKRAP">HJ S9</cards>
<cards type="Pocket" player="Cornodimucca">X X</cards>
<action no="5" player="KOPKHUNKRAP" type="23" sum="450"/>
<action no="6" player="Cornodimucca" type="0" discard="1" dealt="1" sum="0"/>
</round>
</game>
<game gamecode="6541872886"><general><startdate>2025-11-26 20:10:59</startdate>
<round>1</round>
<failsafecounter/>
<players><player seat="3" name="KOPKHUNKRAP" chips="520" dealer="0" win="0" bet="65" muck="1" rebuy="0" addon="0" merge="0" rebuychips="0" reg_code="5075798914"/>
<player seat="10" name="Cornodimucca" chips="980" dealer="1" win="130" bet="125" muck="1" rebuy="0" addon="0" merge="0" rebuychips="0" reg_code="5075799593"/>
</players>
</general>
<round no="0"><action no="1" player="Cornodimucca" type="15" discard="1" dealt="1" sum="5"/>
<action no="2" player="KOPKHUNKRAP" type="15" sum="5"/>
<action no="3" player="Cornodimucca" type="1" discard="1" dealt="1" sum="30"/>
<action no="4" player="KOPKHUNKRAP" type="2" sum="60"/>
</round>
<round no="1"><cards type="Pocket" player="Cornodimucca">X X</cards>
<cards type="Pocket" player="KOPKHUNKRAP">C4 D8</cards>
<action no="5" player="Cornodimucca" type="3" discard="1" dealt="1" sum="30"/>
<action no="6" player="KOPKHUNKRAP" type="4" sum="0"/>
</round>
<round no="2"><cards type="Flop">CK HJ C2</cards>
<action no="7" player="KOPKHUNKRAP" type="4" sum="0"/>
<action no="8" player="Cornodimucca" type="5" discard="1" dealt="1" sum="60"/>
<action no="9" player="KOPKHUNKRAP" type="0" sum="0"/>
</round>
</game>
<game gamecode="6541872933"><general><startdate>2025-11-26 20:11:15</startdate>
<round>1</round>
<failsafecounter/>
<players><player seat="10" name="Cornodimucca" chips="1,045" dealer="0" win="96" bet="88" muck="1" rebuy="0" addon="0" merge="0" rebuychips="0" reg_code="5075799593"/>
<player seat="3" name="KOPKHUNKRAP" chips="455" dealer="1" win="0" bet="48" muck="1" rebuy="0" addon="0" merge="0" rebuychips="0" reg_code="5075798914"/>
</players>
</general>
<round no="0"><action no="1" player="KOPKHUNKRAP" type="15" sum="8"/>
<action no="2" player="Cornodimucca" type="15" discard="1" dealt="1" sum="8"/>
<action no="3" player="KOPKHUNKRAP" type="1" sum="40"/>
<action no="4" player="Cornodimucca" type="2" discard="1" dealt="1" sum="80"/>
</round>
<round no="1"><cards type="Pocket" player="Cornodimucca">X X</cards>
<cards type="Pocket" player="KOPKHUNKRAP">H5 C2</cards>
<action no="5" player="KOPKHUNKRAP" type="0" sum="0"/>
</round>
</game>
<game gamecode="6541872945"><general><startdate>2025-11-26 20:11:20</startdate>
<round>1</round>
<failsafecounter/>
<players><player seat="3" name="KOPKHUNKRAP" chips="407" dealer="0" win="0" bet="88" muck="1" rebuy="0" addon="0" merge="0" rebuychips="0" reg_code="5075798914"/>
<player seat="10" name="Cornodimucca" chips="1,093" dealer="1" win="176" bet="1,093" muck="1" rebuy="0" addon="0" merge="0" rebuychips="0" reg_code="5075799593"/>
</players>
</general>
<round no="0"><action no="1" player="Cornodimucca" type="15" discard="1" dealt="1" sum="8"/>
<action no="2" player="KOPKHUNKRAP" type="15" sum="8"/>
<action no="3" player="Cornodimucca" type="1" discard="1" dealt="1" sum="40"/>
<action no="4" player="KOPKHUNKRAP" type="2" sum="80"/>
</round>
<round no="1"><cards type="Pocket" player="Cornodimucca">X X</cards>
<cards type="Pocket" player="KOPKHUNKRAP">D3 C6</cards>
<action no="5" player="Cornodimucca" type="23" discard="1" dealt="1" sum="1,085"/>
<action no="6" player="KOPKHUNKRAP" type="0" sum="0"/>
</round>
</game>
<game gamecode="6541872973"><general><startdate>2025-11-26 20:11:28</startdate>
<round>1</round>
<failsafecounter/>
<players><player seat="10" name="Cornodimucca" chips="1,181" dealer="0" win="96" bet="88" muck="1" rebuy="0" addon="0" merge="0" rebuychips="0" reg_code="5075799593"/>
<player seat="3" name="KOPKHUNKRAP" chips="319" dealer="1" win="0" bet="48" muck="1" rebuy="0" addon="0" merge="0" rebuychips="0" reg_code="5075798914"/>
</players>
</general>
<round no="0"><action no="1" player="KOPKHUNKRAP" type="15" sum="8"/>
<action no="2" player="Cornodimucca" type="15" discard="1" dealt="1" sum="8"/>
<action no="3" player="KOPKHUNKRAP" type="1" sum="40"/>
<action no="4" player="Cornodimucca" type="2" discard="1" dealt="1" sum="80"/>
</round>
<round no="1"><cards type="Pocket" player="KOPKHUNKRAP">D2 S10</cards>
<cards type="Pocket" player="Cornodimucca">X X</cards>
<action no="5" player="KOPKHUNKRAP" type="0" sum="0"/>
</round>
</game>
<game gamecode="6541872994"><general><startdate>2025-11-26 20:11:33</startdate>
<round>1</round>
<failsafecounter/>
<players><player seat="3" name="KOPKHUNKRAP" chips="271" dealer="0" win="542" bet="271" muck="0" rebuy="0" addon="0" merge="0" rebuychips="0" reg_code="5075798914"/>
<player seat="10" name="Cornodimucca" chips="1,229" dealer="1" win="0" bet="1,229" muck="1" rebuy="0" addon="0" merge="0" rebuychips="0" reg_code="5075799593"/>
</players>
</general>
<round no="0"><action no="1" player="Cornodimucca" type="15" discard="1" dealt="1" sum="8"/>
<action no="2" player="KOPKHUNKRAP" type="15" sum="8"/>
<action no="3" player="Cornodimucca" type="1" discard="1" dealt="1" sum="40"/>
<action no="4" player="KOPKHUNKRAP" type="2" sum="80"/>
</round>
<round no="1"><cards type="Pocket" player="KOPKHUNKRAP">D4 CA</cards>
<cards type="Pocket" player="Cornodimucca">H4 S10</cards>
<action no="5" player="Cornodimucca" type="23" discard="1" dealt="1" sum="1,221"/>
<action no="6" player="KOPKHUNKRAP" type="7" sum="183"/>
</round>
<round no="2"><cards type="Flop">DQ H7 D9</cards>
</round>
<round no="3"><cards type="Turn">S4</cards>
</round>
<round no="4"><cards type="River">C9</cards>
</round>
</game>
<game gamecode="6541873032"><general><startdate>2025-11-26 20:11:47</startdate>
<round>1</round>
<failsafecounter/>
<players><player seat="10" name="Cornodimucca" chips="958" dealer="0" win="0" bet="88" muck="1" rebuy="0" addon="0" merge="0" rebuychips="0" reg_code="5075799593"/>
<player seat="3" name="KOPKHUNKRAP" chips="542" dealer="1" win="176" bet="542" muck="1" rebuy="0" addon="0" merge="0" rebuychips="0" reg_code="5075798914"/>
</players>
</general>
<round no="0"><action no="1" player="KOPKHUNKRAP" type="15" sum="8"/>
<action no="2" player="Cornodimucca" type="15" discard="1" dealt="1" sum="8"/>
<action no="3" player="KOPKHUNKRAP" type="1" sum="40"/>
<action no="4" player="Cornodimucca" type="2" discard="1" dealt="1" sum="80"/>
</round>
<round no="1"><cards type="Pocket" player="Cornodimucca">X X</cards>
<cards type="Pocket" player="KOPKHUNKRAP">DA S5</cards>
<action no="5" player="KOPKHUNKRAP" type="23" sum="534"/>
<action no="6" player="Cornodimucca" type="0" discard="1" dealt="1" sum="0"/>
</round>
</game>
<game gamecode="6541873059"><general><startdate>2025-11-26 20:11:56</startdate>
<round>1</round>
<failsafecounter/>
<players><player seat="3" name="KOPKHUNKRAP" chips="630" dealer="0" win="0" bet="88" muck="1" rebuy="0" addon="0" merge="0" rebuychips="0" reg_code="5075798914"/>
<player seat="10" name="Cornodimucca" chips="870" dealer="1" win="176" bet="870" muck="1" rebuy="0" addon="0" merge="0" rebuychips="0" reg_code="5075799593"/>
</players>
</general>
<round no="0"><action no="1" player="Cornodimucca" type="15" discard="1" dealt="1" sum="8"/>
<action no="2" player="KOPKHUNKRAP" type="15" sum="8"/>
<action no="3" player="Cornodimucca" type="1" discard="1" dealt="1" sum="40"/>
<action no="4" player="KOPKHUNKRAP" type="2" sum="80"/>
</round>
<round no="1"><cards type="Pocket" player="Cornodimucca">X X</cards>
<cards type="Pocket" player="KOPKHUNKRAP">H7 S5</cards>
<action no="5" player="Cornodimucca" type="23" discard="1" dealt="1" sum="862"/>
<action no="6" player="KOPKHUNKRAP" type="0" sum="0"/>
</round>
</game>
<game gamecode="6541873074"><general><startdate>2025-11-26 20:12:02</startdate>
<round>1</round>
<failsafecounter/>
<players><player seat="10" name="Cornodimucca" chips="958" dealer="0" win="0" bet="88" muck="1" rebuy="0" addon="0" merge="0" rebuychips="0" reg_code="5075799593"/>
<player seat="3" name="KOPKHUNKRAP" chips="542" dealer="1" win="176" bet="542" muck="1" rebuy="0" addon="0" merge="0" rebuychips="0" reg_code="5075798914"/>
</players>
</general>
<round no="0"><action no="1" player="KOPKHUNKRAP" type="15" sum="8"/>
<action no="2" player="Cornodimucca" type="15" discard="1" dealt="1" sum="8"/>
<action no="3" player="KOPKHUNKRAP" type="1" sum="40"/>
<action no="4" player="Cornodimucca" type="2" discard="1" dealt="1" sum="80"/>
</round>
<round no="1"><cards type="Pocket" player="KOPKHUNKRAP">HQ D10</cards>
<cards type="Pocket" player="Cornodimucca">X X</cards>
<action no="5" player="KOPKHUNKRAP" type="23" sum="534"/>
<action no="6" player="Cornodimucca" type="0" discard="1" dealt="1" sum="0"/>
</round>
</game>
<game gamecode="6541873091"><general><startdate>2025-11-26 20:12:09</startdate>
<round>1</round>
<failsafecounter/>
<players><player seat="3" name="KOPKHUNKRAP" chips="630" dealer="0" win="0" bet="88" muck="1" rebuy="0" addon="0" merge="0" rebuychips="0" reg_code="5075798914"/>
<player seat="10" name="Cornodimucca" chips="870" dealer="1" win="176" bet="168" muck="1" rebuy="0" addon="0" merge="0" rebuychips="0" reg_code="5075799593"/>
</players>
</general>
<round no="0"><action no="1" player="Cornodimucca" type="15" discard="1" dealt="1" sum="8"/>
<action no="2" player="KOPKHUNKRAP" type="15" sum="8"/>
<action no="3" player="Cornodimucca" type="1" discard="1" dealt="1" sum="40"/>
<action no="4" player="KOPKHUNKRAP" type="2" sum="80"/>
</round>
<round no="1"><cards type="Pocket" player="KOPKHUNKRAP">H10 S3</cards>
<cards type="Pocket" player="Cornodimucca">X X</cards>
<action no="5" player="Cornodimucca" type="3" discard="1" dealt="1" sum="40"/>
<action no="6" player="KOPKHUNKRAP" type="4" sum="0"/>
</round>
<round no="2"><cards type="Flop">D7 HQ H7</cards>
<action no="7" player="KOPKHUNKRAP" type="4" sum="0"/>
<action no="8" player="Cornodimucca" type="5" discard="1" dealt="1" sum="80"/>
<action no="9" player="KOPKHUNKRAP" type="0" sum="0"/>
</round>
</game>
<game gamecode="6541873127"><general><startdate>2025-11-26 20:12:21</startdate>
<round>1</round>
<failsafecounter/>
<players><player seat="10" name="Cornodimucca" chips="958" dealer="0" win="336" bet="168" muck="0" rebuy="0" addon="0" merge="0" rebuychips="0" reg_code="5075799593"/>
<player seat="3" name="KOPKHUNKRAP" chips="542" dealer="1" win="0" bet="168" muck="0" rebuy="0" addon="0" merge="0" rebuychips="0" reg_code="5075798914"/>
</players>
</general>
<round no="0"><action no="1" player="KOPKHUNKRAP" type="15" sum="8"/>
<action no="2" player="Cornodimucca" type="15" discard="1" dealt="1" sum="8"/>
<action no="3" player="KOPKHUNKRAP" type="1" sum="40"/>
<action no="4" player="Cornodimucca" type="2" discard="1" dealt="1" sum="80"/>
</round>
<round no="1"><cards type="Pocket" player="KOPKHUNKRAP">C7 H10</cards>
<cards type="Pocket" player="Cornodimucca">D8 C3</cards>
<action no="5" player="KOPKHUNKRAP" type="3" sum="40"/>
<action no="6" player="Cornodimucca" type="4" discard="1" dealt="1" sum="0"/>
</round>
<round no="2"><cards type="Flop">D4 H5 S5</cards>
<action no="7" player="Cornodimucca" type="4" discard="1" dealt="1" sum="0"/>
<action no="8" player="KOPKHUNKRAP" type="4" sum="0"/>
</round>
<round no="3"><cards type="Turn">H8</cards>
<action no="9" player="Cornodimucca" type="4" discard="1" dealt="1" sum="0"/>
<action no="10" player="KOPKHUNKRAP" type="4" sum="0"/>
</round>
<round no="4"><cards type="River">HQ</cards>
<action no="11" player="Cornodimucca" type="4" discard="1" dealt="1" sum="0"/>
<action no="12" player="KOPKHUNKRAP" type="5" sum="80"/>
<action no="13" player="Cornodimucca" type="3" discard="1" dealt="1" sum="80"/>
</round>
</game>
<game gamecode="6541873198"><general><startdate>2025-11-26 20:12:52</startdate>
<round>1</round>
<failsafecounter/>
<players><player seat="3" name="KOPKHUNKRAP" chips="374" dealer="0" win="0" bet="88" muck="1" rebuy="0" addon="0" merge="0" rebuychips="0" reg_code="5075798914"/>
<player seat="10" name="Cornodimucca" chips="1,126" dealer="1" win="176" bet="648" muck="1" rebuy="0" addon="0" merge="0" rebuychips="0" reg_code="5075799593"/>
</players>
</general>
<round no="0"><action no="1" player="Cornodimucca" type="15" discard="1" dealt="1" sum="8"/>
<action no="2" player="KOPKHUNKRAP" type="15" sum="8"/>
<action no="3" player="Cornodimucca" type="1" discard="1" dealt="1" sum="40"/>
<action no="4" player="KOPKHUNKRAP" type="2" sum="80"/>
</round>
<round no="1"><cards type="Pocket" player="Cornodimucca">X X</cards>
<cards type="Pocket" player="KOPKHUNKRAP">H7 D5</cards>
<action no="5" player="Cornodimucca" type="23" discard="1" dealt="1" sum="640"/>
<action no="6" player="KOPKHUNKRAP" type="0" sum="0"/>
</round>
</game>
<game gamecode="6541873233"><general><startdate>2025-11-26 20:13:02</startdate>
<round>1</round>
<failsafecounter/>
<players><player seat="10" name="Cornodimucca" chips="1,214" dealer="0" win="0" bet="286" muck="1" rebuy="0" addon="0" merge="0" rebuychips="0" reg_code="5075799593"/>
<player seat="3" name="KOPKHUNKRAP" chips="286" dealer="1" win="572" bet="286" muck="0" rebuy="0" addon="0" merge="0" rebuychips="0" reg_code="5075798914"/>
</players>
</general>
<round no="0"><action no="1" player="KOPKHUNKRAP" type="15" sum="10"/>
<action no="2" player="Cornodimucca" type="15" discard="1" dealt="1" sum="10"/>
<action no="3" player="KOPKHUNKRAP" type="1" sum="50"/>
<action no="4" player="Cornodimucca" type="2" discard="1" dealt="1" sum="100"/>
</round>
<round no="1"><cards type="Pocket" player="KOPKHUNKRAP">CK D7</cards>
<cards type="Pocket" player="Cornodimucca">S4 D9</cards>
<action no="5" player="KOPKHUNKRAP" type="23" sum="276"/>
<action no="6" player="Cornodimucca" type="3" discard="1" dealt="1" sum="176"/>
</round>
<round no="2"><cards type="Flop">H8 D2 CQ</cards>
</round>
<round no="3"><cards type="Turn">S10</cards>
</round>
<round no="4"><cards type="River">HQ</cards>
</round>
</game>
<game gamecode="6541873274"><general><startdate>2025-11-26 20:13:18</startdate>
<round>1</round>
<failsafecounter/>
<players><player seat="3" name="KOPKHUNKRAP" chips="572" dealer="0" win="0" bet="110" muck="1" rebuy="0" addon="0" merge="0" rebuychips="0" reg_code="5075798914"/>
<player seat="10" name="Cornodimucca" chips="928" dealer="1" win="220" bet="928" muck="1" rebuy="0" addon="0" merge="0" rebuychips="0" reg_code="5075799593"/>
</players>
</general>
<round no="0"><action no="1" player="Cornodimucca" type="15" discard="1" dealt="1" sum="10"/>
<action no="2" player="KOPKHUNKRAP" type="15" sum="10"/>
<action no="3" player="Cornodimucca" type="1" discard="1" dealt="1" sum="50"/>
<action no="4" player="KOPKHUNKRAP" type="2" sum="100"/>
</round>
<round no="1"><cards type="Pocket" player="Cornodimucca">X X</cards>
<cards type="Pocket" player="KOPKHUNKRAP">H3 C8</cards>
<action no="5" player="Cornodimucca" type="23" discard="1" dealt="1" sum="918"/>
<action no="6" player="KOPKHUNKRAP" type="0" sum="0"/>
</round>
</game>
<game gamecode="6541873301"><general><startdate>2025-11-26 20:13:26</startdate>
<round>1</round>
<failsafecounter/>
<players><player seat="10" name="Cornodimucca" chips="1,038" dealer="0" win="0" bet="462" muck="1" rebuy="0" addon="0" merge="0" rebuychips="0" reg_code="5075799593"/>
<player seat="3" name="KOPKHUNKRAP" chips="462" dealer="1" win="924" bet="462" muck="0" rebuy="0" addon="0" merge="0" rebuychips="0" reg_code="5075798914"/>
</players>
</general>
<round no="0"><action no="1" player="KOPKHUNKRAP" type="15" sum="10"/>
<action no="2" player="Cornodimucca" type="15" discard="1" dealt="1" sum="10"/>
<action no="3" player="KOPKHUNKRAP" type="1" sum="50"/>
<action no="4" player="Cornodimucca" type="2" discard="1" dealt="1" sum="100"/>
</round>
<round no="1"><cards type="Pocket" player="KOPKHUNKRAP">S8 C6</cards>
<cards type="Pocket" player="Cornodimucca">DJ S5</cards>
<action no="5" player="KOPKHUNKRAP" type="23" sum="452"/>
<action no="6" player="Cornodimucca" type="3" discard="1" dealt="1" sum="352"/>
</round>
<round no="2"><cards type="Flop">S3 HK H3</cards>
</round>
<round no="3"><cards type="Turn">C4</cards>
</round>
<round no="4"><cards type="River">H6</cards>
</round>
</game>
<game gamecode="6541873351"><general><startdate>2025-11-26 20:13:42</startdate>
<round>1</round>
<failsafecounter/>
<players><player seat="3" name="KOPKHUNKRAP" chips="924" dealer="0" win="0" bet="110" muck="1" rebuy="0" addon="0" merge="0" rebuychips="0" reg_code="5075798914"/>
<player seat="10" name="Cornodimucca" chips="576" dealer="1" win="220" bet="576" muck="1" rebuy="0" addon="0" merge="0" rebuychips="0" reg_code="5075799593"/>
</players>
</general>
<round no="0"><action no="1" player="Cornodimucca" type="15" discard="1" dealt="1" sum="10"/>
<action no="2" player="KOPKHUNKRAP" type="15" sum="10"/>
<action no="3" player="Cornodimucca" type="1" discard="1" dealt="1" sum="50"/>
<action no="4" player="KOPKHUNKRAP" type="2" sum="100"/>
</round>
<round no="1"><cards type="Pocket" player="Cornodimucca">X X</cards>
<cards type="Pocket" player="KOPKHUNKRAP">H7 D9</cards>
<action no="5" player="Cornodimucca" type="23" discard="1" dealt="1" sum="566"/>
<action no="6" player="KOPKHUNKRAP" type="0" sum="0"/>
</round>
</game>
<game gamecode="6541873363"><general><startdate>2025-11-26 20:13:49</startdate>
<round>1</round>
<failsafecounter/>
<players><player seat="10" name="Cornodimucca" chips="686" dealer="0" win="120" bet="110" muck="1" rebuy="0" addon="0" merge="0" rebuychips="0" reg_code="5075799593"/>
<player seat="3" name="KOPKHUNKRAP" chips="814" dealer="1" win="0" bet="60" muck="1" rebuy="0" addon="0" merge="0" rebuychips="0" reg_code="5075798914"/>
</players>
</general>
<round no="0"><action no="1" player="KOPKHUNKRAP" type="15" sum="10"/>
<action no="2" player="Cornodimucca" type="15" discard="1" dealt="1" sum="10"/>
<action no="3" player="KOPKHUNKRAP" type="1" sum="50"/>
<action no="4" player="Cornodimucca" type="2" discard="1" dealt="1" sum="100"/>
</round>
<round no="1"><cards type="Pocket" player="KOPKHUNKRAP">C2 C7</cards>
<cards type="Pocket" player="Cornodimucca">X X</cards>
<action no="5" player="KOPKHUNKRAP" type="0" sum="0"/>
</round>
</game>
<game gamecode="6541873381"><general><startdate>2025-11-26 20:13:55</startdate>
<round>1</round>
<failsafecounter/>
<players><player seat="3" name="KOPKHUNKRAP" chips="754" dealer="0" win="0" bet="746" muck="1" rebuy="0" addon="0" merge="0" rebuychips="0" reg_code="5075798914"/>
<player seat="10" name="Cornodimucca" chips="746" dealer="1" win="1,492" bet="746" muck="0" rebuy="0" addon="0" merge="0" rebuychips="0" reg_code="5075799593"/>
</players>
</general>
<round no="0"><action no="1" player="Cornodimucca" type="15" discard="1" dealt="1" sum="10"/>
<action no="2" player="KOPKHUNKRAP" type="15" sum="10"/>
<action no="3" player="Cornodimucca" type="1" discard="1" dealt="1" sum="50"/>
<action no="4" player="KOPKHUNKRAP" type="2" sum="100"/>
</round>
<round no="1"><cards type="Pocket" player="Cornodimucca">D7 SA</cards>
<cards type="Pocket" player="KOPKHUNKRAP">D6 DK</cards>
<action no="5" player="Cornodimucca" type="23" discard="1" dealt="1" sum="736"/>
<action no="6" player="KOPKHUNKRAP" type="3" sum="636"/>
</round>
<round no="2"><cards type="Flop">HJ C9 C4</cards>
</round>
<round no="3"><cards type="Turn">H10</cards>
</round>
<round no="4"><cards type="River">C5</cards>
</round>
</game>
<game gamecode="6541873419"><general><startdate>2025-11-26 20:14:10</startdate>
<round>1</round>
<failsafecounter/>
<players><player seat="10" name="Cornodimucca" chips="1,492" dealer="0" win="16" bet="10" muck="0" rebuy="0" addon="0" merge="0" rebuychips="0" reg_code="5075799593"/>
<player seat="3" name="KOPKHUNKRAP" chips="8" dealer="1" win="0" bet="8" muck="0" rebuy="0" addon="0" merge="0" rebuychips="0" reg_code="5075798914"/>
</players>
</general>
<round no="0"><action no="1" player="KOPKHUNKRAP" type="15" sum="8"/>
<action no="2" player="Cornodimucca" type="15" discard="1" dealt="1" sum="10"/>
</round>
<round no="1"><cards type="Pocket" player="Cornodimucca">D6 D3</cards>
<cards type="Pocket" player="KOPKHUNKRAP">D5 H8</cards>
</round>
<round no="2"><cards type="Flop">S6 DJ D9</cards>
</round>
<round no="3"><cards type="Turn">CK</cards>
</round>
<round no="4"><cards type="River">C2</cards>
</round>
</game>
</session>
