<?xml version="1.0" encoding="UTF-8"?>
<session sessioncode="5075364858">
<general>
<client_version>24.7.1.15</client_version>
<mode>real</mode>
<gametype>Holdem NL</gametype>
<tablename>Twister €200 SNG, 822389721</tablename>
<tournamentcode>822389720</tournamentcode>
<tournamentname>Twister €200 SNG</tournamentname>
<buyin>€0 + €12 + €188</buyin>
<totalbuyin>€200</totalbuyin>
<rewarddrawn>€400</rewarddrawn>
<tournamentcurrency>EUR</tournamentcurrency>
<currency>EUR</currency>
<nickname>KOPKHUNKRAP</nickname>
<gamecount>40</gamecount>
<startdate>2025-11-25 03:44:43</startdate>
<place>2</place>
<win>€0</win>
<tablesize>3</tablesize>
</general>
<game gamecode="6540468526"><general><startdate>2025-11-25 03:44:59</startdate>
<round>1</round>
<failsafecounter/>
<players><player seat="10" name="KOPKHUNKRAP" chips="500" dealer="0" win="0" bet="106" muck="1" rebuy="0" addon="0" merge="0" rebuychips="0" reg_code="5075364858"/>
<player seat="3" name="SuBandiduu" chips="500" dealer="1" win="222" bet="500" muck="1" rebuy="0" addon="0" merge="0" rebuychips="0" reg_code="5075364516"/>
<player seat="6" name="Antares20244" chips="500" dealer="0" win="0" bet="10" muck="1" rebuy="0" addon="0" merge="0" rebuychips="0" reg_code="5075364853"/>
</players>
</general>
<round no="0"><action no="1" player="Antares20244" type="1" discard="1" dealt="1" sum="10"/>
<action no="2" player="KOPKHUNKRAP" type="2" sum="20"/>
</round>
<round no="1"><cards type="Pocket" player="Antares20244">X X</cards>
<cards type="Pocket" player="SuBandiduu">X X</cards>
<cards type="Pocket" player="KOPKHUNKRAP">D10 D3</cards>
<action no="3" player="SuBandiduu" type="23" discard="1" dealt="1" sum="40"/>
<action no="4" player="Antares20244" type="0" discard="1" dealt="1" sum="0"/>
<action no="5" player="KOPKHUNKRAP" type="3" sum="20"/>
</round>
<round no="2"><cards type="Flop">D4 C10 H2</cards>
<action no="6" player="KOPKHUNKRAP" type="4" sum="0"/>
<action no="7" player="SuBandiduu" type="5" discard="1" dealt="1" sum="30"/>
<action no="8" player="KOPKHUNKRAP" type="3" sum="30"/>
</round>
<round no="3"><cards type="Turn">C4</cards>
<action no="9" player="KOPKHUNKRAP" type="4" sum="0"/>
<action no="10" player="SuBandiduu" type="4" discard="1" dealt="1" sum="0"/>
</round>
<round no="4"><cards type="River">SJ</cards>
<action no="11" player="KOPKHUNKRAP" type="5" sum="36"/>
<action no="12" player="SuBandiduu" type="23" discard="1" dealt="1" sum="430"/>
<action no="13" player="KOPKHUNKRAP" type="0" sum="0"/>
</round>
</game>
<game gamecode="6540468561"><general><startdate>2025-11-25 03:45:46</startdate>
<round>1</round>
<failsafecounter/>
<players><player seat="3" name="SuBandiduu" chips="616" dealer="0" win="0" bet="20" muck="1" rebuy="0" addon="0" merge="0" rebuychips="0" reg_code="5075364516"/>
<player seat="6" name="Antares20244" chips="490" dealer="1" win="50" bet="60" muck="1" rebuy="0" addon="0" merge="0" rebuychips="0" reg_code="5075364853"/>
<player seat="10" name="KOPKHUNKRAP" chips="394" dealer="0" win="0" bet="10" muck="1" rebuy="0" addon="0" merge="0" rebuychips="0" reg_code="5075364858"/>
</players>
</general>
<round no="0"><action no="1" player="KOPKHUNKRAP" type="1" sum="10"/>
<action no="2" player="SuBandiduu" type="2" discard="1" dealt="1" sum="20"/>
</round>
<round no="1"><cards type="Pocket" player="KOPKHUNKRAP">D5 S10</cards>
<cards type="Pocket" player="Antares20244">X X</cards>
<cards type="Pocket" player="SuBandiduu">X X</cards>
<action no="3" player="Antares20244" type="23" discard="1" dealt="1" sum="60"/>
<action no="4" player="KOPKHUNKRAP" type="0" sum="0"/>
<action no="5" player="SuBandiduu" type="0" discard="1" dealt="1" sum="0"/>
</round>
</game>
<game gamecode="6540468578"><general><startdate>2025-11-25 03:46:04</startdate>
<round>1</round>
<failsafecounter/>
<players><player seat="6" name="Antares20244" chips="520" dealer="0" win="120" bet="520" muck="1" rebuy="0" addon="0" merge="0" rebuychips="0" reg_code="5075364853"/>
<player seat="10" name="KOPKHUNKRAP" chips="384" dealer="1" win="0" bet="0" muck="1" rebuy="0" addon="0" merge="0" rebuychips="0" reg_code="5075364858"/>
<player seat="3" name="SuBandiduu" chips="596" dealer="0" win="0" bet="60" muck="1" rebuy="0" addon="0" merge="0" rebuychips="0" reg_code="5075364516"/>
</players>
</general>
<round no="0"><action no="1" player="SuBandiduu" type="1" discard="1" dealt="1" sum="10"/>
<action no="2" player="Antares20244" type="2" discard="1" dealt="1" sum="20"/>
</round>
<round no="1"><cards type="Pocket" player="SuBandiduu">X X</cards>
<cards type="Pocket" player="Antares20244">X X</cards>
<cards type="Pocket" player="KOPKHUNKRAP">C6 C9</cards>
<action no="3" player="KOPKHUNKRAP" type="0" sum="0"/>
<action no="4" player="SuBandiduu" type="3" discard="1" dealt="1" sum="10"/>
<action no="5" player="Antares20244" type="4" discard="1" dealt="1" sum="0"/>
</round>
<round no="2"><cards type="Flop">D2 D6 C4</cards>
<action no="6" player="SuBandiduu" type="4" discard="1" dealt="1" sum="0"/>
<action no="7" player="Antares20244" type="5" discard="1" dealt="1" sum="40"/>
<action no="8" player="SuBandiduu" type="3" discard="1" dealt="1" sum="40"/>
</round>
<round no="3"><cards type="Turn">C8</cards>
<action no="9" player="SuBandiduu" type="4" discard="1" dealt="1" sum="0"/>
<action no="10" player="Antares20244" type="5" discard="1" dealt="1" sum="460"/>
<action no="11" player="SuBandiduu" type="0" discard="1" dealt="1" sum="0"/>
</round>
</game>
<game gamecode="6540468603"><general><startdate>2025-11-25 03:46:43</startdate>
<round>1</round>
<failsafecounter/>
<players><player seat="10" name="KOPKHUNKRAP" chips="384" dealer="0" win="135" bet="65" muck="0" rebuy="0" addon="0" merge="0" rebuychips="0" reg_code="5075364858"/>
<player seat="3" name="SuBandiduu" chips="536" dealer="1" win="0" bet="5" muck="1" rebuy="0" addon="0" merge="0" rebuychips="0" reg_code="5075364516"/>
<player seat="6" name="Antares20244" chips="580" dealer="0" win="0" bet="65" muck="1" rebuy="0" addon="0" merge="0" rebuychips="0" reg_code="5075364853"/>
</players>
</general>
<round no="0"><action no="1" player="Antares20244" type="15" discard="1" dealt="1" sum="5"/>
<action no="2" player="KOPKHUNKRAP" type="15" sum="5"/>
<action no="3" player="SuBandiduu" type="15" discard="1" dealt="1" sum="5"/>
<action no="4" player="Antares20244" type="1" discard="1" dealt="1" sum="15"/>
<action no="5" player="KOPKHUNKRAP" type="2" sum="30"/>
</round>
<round no="1"><cards type="Pocket" player="SuBandiduu">X X</cards>
<cards type="Pocket" player="KOPKHUNKRAP">H7 HJ</cards>
<cards type="Pocket" player="Antares20244">C7 C10</cards>
<action no="6" player="SuBandiduu" type="0" discard="1" dealt="1" sum="0"/>
<action no="7" player="Antares20244" type="3" discard="1" dealt="1" sum="15"/>
<action no="8" player="KOPKHUNKRAP" type="4" sum="0"/>
</round>
<round no="2"><cards type="Flop">DA S8 DJ</cards>
<action no="9" player="Antares20244" type="4" discard="1" dealt="1" sum="0"/>
<action no="10" player="KOPKHUNKRAP" type="5" sum="30"/>
<action no="11" player="Antares20244" type="3" discard="1" dealt="1" sum="30"/>
</round>
<round no="3"><cards type="Turn">C4</cards>
<action no="12" player="Antares20244" type="4" discard="1" dealt="1" sum="0"/>
<action no="13" player="KOPKHUNKRAP" type="4" sum="0"/>
</round>
<round no="4"><cards type="River">C8</cards>
<action no="14" player="Antares20244" type="4" discard="1" dealt="1" sum="0"/>
<action no="15" player="KOPKHUNKRAP" type="4" sum="0"/>
</round>
</game>
<game gamecode="6540468623"><general><startdate>2025-11-25 03:47:20</startdate>
<round>1</round>
<failsafecounter/>
<players><player seat="3" name="SuBandiduu" chips="531" dealer="0" win="75" bet="125" muck="1" rebuy="0" addon="0" merge="0" rebuychips="0" reg_code="5075364516"/>
<player seat="6" name="Antares20244" chips="515" dealer="1" win="0" bet="5" muck="1" rebuy="0" addon="0" merge="0" rebuychips="0" reg_code="5075364853"/>
<player seat="10" name="KOPKHUNKRAP" chips="454" dealer="0" win="0" bet="35" muck="1" rebuy="0" addon="0" merge="0" rebuychips="0" reg_code="5075364858"/>
</players>
</general>
<round no="0"><action no="1" player="KOPKHUNKRAP" type="15" sum="5"/>
<action no="2" player="SuBandiduu" type="15" discard="1" dealt="1" sum="5"/>
<action no="3" player="Antares20244" type="15" discard="1" dealt="1" sum="5"/>
<action no="4" player="KOPKHUNKRAP" type="1" sum="15"/>
<action no="5" player="SuBandiduu" type="2" discard="1" dealt="1" sum="30"/>
</round>
<round no="1"><cards type="Pocket" player="Antares20244">X X</cards>
<cards type="Pocket" player="SuBandiduu">X X</cards>
<cards type="Pocket" player="KOPKHUNKRAP">H6 H8</cards>
<action no="6" player="Antares20244" type="0" discard="1" dealt="1" sum="0"/>
<action no="7" player="KOPKHUNKRAP" type="3" sum="15"/>
<action no="8" player="SuBandiduu" type="23" discard="1" dealt="1" sum="120"/>
<action no="9" player="KOPKHUNKRAP" type="0" sum="0"/>
</round>
</game>
<game gamecode="6540468629"><general><startdate>2025-11-25 03:47:32</startdate>
<round>1</round>
<failsafecounter/>
<players><player seat="6" name="Antares20244" chips="510" dealer="0" win="45" bet="35" muck="1" rebuy="0" addon="0" merge="0" rebuychips="0" reg_code="5075364853"/>
<player seat="10" name="KOPKHUNKRAP" chips="419" dealer="1" win="0" bet="5" muck="1" rebuy="0" addon="0" merge="0" rebuychips="0" reg_code="5075364858"/>
<player seat="3" name="SuBandiduu" chips="571" dealer="0" win="0" bet="20" muck="1" rebuy="0" addon="0" merge="0" rebuychips="0" reg_code="5075364516"/>
</players>
</general>
<round no="0"><action no="1" player="SuBandiduu" type="15" discard="1" dealt="1" sum="5"/>
<action no="2" player="Antares20244" type="15" discard="1" dealt="1" sum="5"/>
<action no="3" player="KOPKHUNKRAP" type="15" sum="5"/>
<action no="4" player="SuBandiduu" type="1" discard="1" dealt="1" sum="15"/>
<action no="5" player="Antares20244" type="2" discard="1" dealt="1" sum="30"/>
</round>
<round no="1"><cards type="Pocket" player="KOPKHUNKRAP">D9 H3</cards>
<cards type="Pocket" player="Antares20244">X X</cards>
<cards type="Pocket" player="SuBandiduu">X X</cards>
<action no="6" player="KOPKHUNKRAP" type="0" sum="0"/>
<action no="7" player="SuBandiduu" type="0" discard="1" dealt="1" sum="0"/>
</round>
</game>
<game gamecode="6540468634"><general><startdate>2025-11-25 03:47:40</startdate>
<round>1</round>
<failsafecounter/>
<players><player seat="10" name="KOPKHUNKRAP" chips="414" dealer="0" win="0" bet="35" muck="1" rebuy="0" addon="0" merge="0" rebuychips="0" reg_code="5075364858"/>
<player seat="3" name="SuBandiduu" chips="551" dealer="1" win="90" bet="65" muck="1" rebuy="0" addon="0" merge="0" rebuychips="0" reg_code="5075364516"/>
<player seat="6" name="Antares20244" chips="535" dealer="0" win="0" bet="20" muck="1" rebuy="0" addon="0" merge="0" rebuychips="0" reg_code="5075364853"/>
</players>
</general>
<round no="0"><action no="1" player="Antares20244" type="15" discard="1" dealt="1" sum="5"/>
<action no="2" player="KOPKHUNKRAP" type="15" sum="5"/>
<action no="3" player="SuBandiduu" type="15" discard="1" dealt="1" sum="5"/>
<action no="4" player="Antares20244" type="1" discard="1" dealt="1" sum="15"/>
<action no="5" player="KOPKHUNKRAP" type="2" sum="30"/>
</round>
<round no="1"><cards type="Pocket" player="KOPKHUNKRAP">D5 C8</cards>
<cards type="Pocket" player="Antares20244">X X</cards>
<cards type="Pocket" player="SuBandiduu">X X</cards>
<action no="6" player="SuBandiduu" type="23" discard="1" dealt="1" sum="60"/>
<action no="7" player="Antares20244" type="0" discard="1" dealt="1" sum="0"/>
<action no="8" player="KOPKHUNKRAP" type="0" sum="0"/>
</round>
</game>
<game gamecode="6540468641"><general><startdate>2025-11-25 03:47:50</startdate>
<round>1</round>
<failsafecounter/>
<players><player seat="3" name="SuBandiduu" chips="606" dealer="0" win="0" bet="35" muck="1" rebuy="0" addon="0" merge="0" rebuychips="0" reg_code="5075364516"/>
<player seat="6" name="Antares20244" chips="515" dealer="1" win="90" bet="65" muck="1" rebuy="0" addon="0" merge="0" rebuychips="0" reg_code="5075364853"/>
<player seat="10" name="KOPKHUNKRAP" chips="379" dealer="0" win="0" bet="20" muck="1" rebuy="0" addon="0" merge="0" rebuychips="0" reg_code="5075364858"/>
</players>
</general>
<round no="0"><action no="1" player="KOPKHUNKRAP" type="15" sum="5"/>
<action no="2" player="SuBandiduu" type="15" discard="1" dealt="1" sum="5"/>
<action no="3" player="Antares20244" type="15" discard="1" dealt="1" sum="5"/>
<action no="4" player="KOPKHUNKRAP" type="1" sum="15"/>
<action no="5" player="SuBandiduu" type="2" discard="1" dealt="1" sum="30"/>
</round>
<round no="1"><cards type="Pocket" player="Antares20244">X X</cards>
<cards type="Pocket" player="SuBandiduu">X X</cards>
<cards type="Pocket" player="KOPKHUNKRAP">S7 H8</cards>
<action no="6" player="Antares20244" type="23" discard="1" dealt="1" sum="60"/>
<action no="7" player="KOPKHUNKRAP" type="0" sum="0"/>
<action no="8" player="SuBandiduu" type="0" discard="1" dealt="1" sum="0"/>
</round>
</game>
<game gamecode="6540468648"><general><startdate>2025-11-25 03:48:02</startdate>
<round>1</round>
<failsafecounter/>
<players><player seat="6" name="Antares20244" chips="570" dealer="0" win="75" bet="85" muck="1" rebuy="0" addon="0" merge="0" rebuychips="0" reg_code="5075364853"/>
<player seat="10" name="KOPKHUNKRAP" chips="359" dealer="1" win="0" bet="5" muck="1" rebuy="0" addon="0" merge="0" rebuychips="0" reg_code="5075364858"/>
<player seat="3" name="SuBandiduu" chips="571" dealer="0" win="0" bet="35" muck="1" rebuy="0" addon="0" merge="0" rebuychips="0" reg_code="5075364516"/>
</players>
</general>
<round no="0"><action no="1" player="SuBandiduu" type="15" discard="1" dealt="1" sum="5"/>
<action no="2" player="Antares20244" type="15" discard="1" dealt="1" sum="5"/>
<action no="3" player="KOPKHUNKRAP" type="15" sum="5"/>
<action no="4" player="SuBandiduu" type="1" discard="1" dealt="1" sum="15"/>
<action no="5" player="Antares20244" type="2" discard="1" dealt="1" sum="30"/>
</round>
<round no="1"><cards type="Pocket" player="KOPKHUNKRAP">DJ C3</cards>
<cards type="Pocket" player="SuBandiduu">X X</cards>
<cards type="Pocket" player="Antares20244">X X</cards>
<action no="6" player="KOPKHUNKRAP" type="0" sum="0"/>
<action no="7" player="SuBandiduu" type="3" discard="1" dealt="1" sum="15"/>
<action no="8" player="Antares20244" type="4" discard="1" dealt="1" sum="0"/>
</round>
<round no="2"><cards type="Flop">S5 D10 SA</cards>
<action no="9" player="SuBandiduu" type="4" discard="1" dealt="1" sum="0"/>
<action no="10" player="Antares20244" type="5" discard="1" dealt="1" sum="50"/>
<action no="11" player="SuBandiduu" type="0" discard="1" dealt="1" sum="0"/>
</round>
</game>
<game gamecode="6540468659"><general><startdate>2025-11-25 03:48:23</startdate>
<round>1</round>
<failsafecounter/>
<players><player seat="10" name="KOPKHUNKRAP" chips="354" dealer="0" win="55" bet="45" muck="1" rebuy="0" addon="0" merge="0" rebuychips="0" reg_code="5075364858"/>
<player seat="3" name="SuBandiduu" chips="536" dealer="1" win="0" bet="5" muck="1" rebuy="0" addon="0" merge="0" rebuychips="0" reg_code="5075364516"/>
<player seat="6" name="Antares20244" chips="610" dealer="0" win="0" bet="25" muck="1" rebuy="0" addon="0" merge="0" rebuychips="0" reg_code="5075364853"/>
</players>
</general>
<round no="0"><action no="1" player="Antares20244" type="15" discard="1" dealt="1" sum="5"/>
<action no="2" player="KOPKHUNKRAP" type="15" sum="5"/>
<action no="3" player="SuBandiduu" type="15" discard="1" dealt="1" sum="5"/>
<action no="4" player="Antares20244" type="1" discard="1" dealt="1" sum="20"/>
<action no="5" player="KOPKHUNKRAP" type="2" sum="40"/>
</round>
<round no="1"><cards type="Pocket" player="SuBandiduu">X X</cards>
<cards type="Pocket" player="KOPKHUNKRAP">SK HQ</cards>
<cards type="Pocket" player="Antares20244">X X</cards>
<action no="6" player="SuBandiduu" type="0" discard="1" dealt="1" sum="0"/>
<action no="7" player="Antares20244" type="0" discard="1" dealt="1" sum="0"/>
</round>
</game>
<game gamecode="6540468665"><general><startdate>2025-11-25 03:48:33</startdate>
<round>1</round>
<failsafecounter/>
<players><player seat="3" name="SuBandiduu" chips="531" dealer="0" win="0" bet="45" muck="1" rebuy="0" addon="0" merge="0" rebuychips="0" reg_code="5075364516"/>
<player seat="6" name="Antares20244" chips="585" dealer="1" win="115" bet="85" muck="1" rebuy="0" addon="0" merge="0" rebuychips="0" reg_code="5075364853"/>
<player seat="10" name="KOPKHUNKRAP" chips="384" dealer="0" win="0" bet="25" muck="1" rebuy="0" addon="0" merge="0" rebuychips="0" reg_code="5075364858"/>
</players>
</general>
<round no="0"><action no="1" player="KOPKHUNKRAP" type="15" sum="5"/>
<action no="2" player="SuBandiduu" type="15" discard="1" dealt="1" sum="5"/>
<action no="3" player="Antares20244" type="15" discard="1" dealt="1" sum="5"/>
<action no="4" player="KOPKHUNKRAP" type="1" sum="20"/>
<action no="5" player="SuBandiduu" type="2" discard="1" dealt="1" sum="40"/>
</round>
<round no="1"><cards type="Pocket" player="SuBandiduu">X X</cards>
<cards type="Pocket" player="Antares20244">X X</cards>
<cards type="Pocket" player="KOPKHUNKRAP">H10 C9</cards>
<action no="6" player="Antares20244" type="23" discard="1" dealt="1" sum="80"/>
<action no="7" player="KOPKHUNKRAP" type="0" sum="0"/>
<action no="8" player="SuBandiduu" type="0" discard="1" dealt="1" sum="0"/>
</round>
</game>
<game gamecode="6540468672"><general><startdate>2025-11-25 03:48:44</startdate>
<round>1</round>
<failsafecounter/>
<players><player seat="6" name="Antares20244" chips="655" dealer="0" win="0" bet="45" muck="1" rebuy="0" addon="0" merge="0" rebuychips="0" reg_code="5075364853"/>
<player seat="10" name="KOPKHUNKRAP" chips="359" dealer="1" win="115" bet="359" muck="1" rebuy="0" addon="0" merge="0" rebuychips="0" reg_code="5075364858"/>
<player seat="3" name="SuBandiduu" chips="486" dealer="0" win="0" bet="25" muck="1" rebuy="0" addon="0" merge="0" rebuychips="0" reg_code="5075364516"/>
</players>
</general>
<round no="0"><action no="1" player="SuBandiduu" type="15" discard="1" dealt="1" sum="5"/>
<action no="2" player="Antares20244" type="15" discard="1" dealt="1" sum="5"/>
<action no="3" player="KOPKHUNKRAP" type="15" sum="5"/>
<action no="4" player="SuBandiduu" type="1" discard="1" dealt="1" sum="20"/>
<action no="5" player="Antares20244" type="2" discard="1" dealt="1" sum="40"/>
</round>
<round no="1"><cards type="Pocket" player="SuBandiduu">X X</cards>
<cards type="Pocket" player="KOPKHUNKRAP">D9 D10</cards>
<cards type="Pocket" player="Antares20244">X X</cards>
<action no="6" player="KOPKHUNKRAP" type="23" sum="354"/>
<action no="7" player="SuBandiduu" type="0" discard="1" dealt="1" sum="0"/>
<action no="8" player="Antares20244" type="0" discard="1" dealt="1" sum="0"/>
</round>
</game>
<game gamecode="6540468676"><general><startdate>2025-11-25 03:48:54</startdate>
<round>1</round>
<failsafecounter/>
<players><player seat="10" name="KOPKHUNKRAP" chips="429" dealer="0" win="0" bet="45" muck="1" rebuy="0" addon="0" merge="0" rebuychips="0" reg_code="5075364858"/>
<player seat="3" name="SuBandiduu" chips="461" dealer="1" win="115" bet="461" muck="1" rebuy="0" addon="0" merge="0" rebuychips="0" reg_code="5075364516"/>
<player seat="6" name="Antares20244" chips="610" dealer="0" win="0" bet="25" muck="1" rebuy="0" addon="0" merge="0" rebuychips="0" reg_code="5075364853"/>
</players>
</general>
<round no="0"><action no="1" player="Antares20244" type="15" discard="1" dealt="1" sum="5"/>
<action no="2" player="KOPKHUNKRAP" type="15" sum="5"/>
<action no="3" player="SuBandiduu" type="15" discard="1" dealt="1" sum="5"/>
<action no="4" player="Antares20244" type="1" discard="1" dealt="1" sum="20"/>
<action no="5" player="KOPKHUNKRAP" type="2" sum="40"/>
</round>
<round no="1"><cards type="Pocket" player="KOPKHUNKRAP">D2 D7</cards>
<cards type="Pocket" player="SuBandiduu">X X</cards>
<cards type="Pocket" player="Antares20244">X X</cards>
<action no="6" player="SuBandiduu" type="23" discard="1" dealt="1" sum="456"/>
<action no="7" player="Antares20244" type="0" discard="1" dealt="1" sum="0"/>
<action no="8" player="KOPKHUNKRAP" type="0" sum="0"/>
</round>
</game>
<game gamecode="6540468681"><general><startdate>2025-11-25 03:49:03</startdate>
<round>1</round>
<failsafecounter/>
<players><player seat="3" name="SuBandiduu" chips="531" dealer="0" win="0" bet="45" muck="1" rebuy="0" addon="0" merge="0" rebuychips="0" reg_code="5075364516"/>
<player seat="6" name="Antares20244" chips="585" dealer="1" win="0" bet="585" muck="0" rebuy="0" addon="0" merge="0" rebuychips="0" reg_code="5075364853"/>
<player seat="10" name="KOPKHUNKRAP" chips="384" dealer="0" win="813" bet="384" muck="0" rebuy="0" addon="0" merge="0" rebuychips="0" reg_code="5075364858"/>
</players>
</general>
<round no="0"><action no="1" player="KOPKHUNKRAP" type="15" sum="5"/>
<action no="2" player="SuBandiduu" type="15" discard="1" dealt="1" sum="5"/>
<action no="3" player="Antares20244" type="15" discard="1" dealt="1" sum="5"/>
<action no="4" player="KOPKHUNKRAP" type="1" sum="20"/>
<action no="5" player="SuBandiduu" type="2" discard="1" dealt="1" sum="40"/>
</round>
<round no="1"><cards type="Pocket" player="SuBandiduu">X X</cards>
<cards type="Pocket" player="KOPKHUNKRAP">S6 HA</cards>
<cards type="Pocket" player="Antares20244">H8 CK</cards>
<action no="6" player="Antares20244" type="23" discard="1" dealt="1" sum="580"/>
<action no="7" player="KOPKHUNKRAP" type="7" sum="359"/>
<action no="8" player="SuBandiduu" type="0" discard="1" dealt="1" sum="0"/>
</round>
<round no="2"><cards type="Flop">C6 H6 H3</cards>
</round>
<round no="3"><cards type="Turn">DK</cards>
</round>
<round no="4"><cards type="River">C8</cards>
</round>
</game>
<game gamecode="6540468688"><general><startdate>2025-11-25 03:49:31</startdate>
<round>1</round>
<failsafecounter/>
<players><player seat="6" name="Antares20244" chips="201" dealer="0" win="0" bet="201" muck="1" rebuy="0" addon="0" merge="0" rebuychips="0" reg_code="5075364853"/>
<player seat="10" name="KOPKHUNKRAP" chips="813" dealer="1" win="0" bet="5" muck="1" rebuy="0" addon="0" merge="0" rebuychips="0" reg_code="5075364858"/>
<player seat="3" name="SuBandiduu" chips="486" dealer="0" win="407" bet="486" muck="0" rebuy="0" addon="0" merge="0" rebuychips="0" reg_code="5075364516"/>
</players>
</general>
<round no="0"><action no="1" player="SuBandiduu" type="15" discard="1" dealt="1" sum="5"/>
<action no="2" player="Antares20244" type="15" discard="1" dealt="1" sum="5"/>
<action no="3" player="KOPKHUNKRAP" type="15" sum="5"/>
<action no="4" player="SuBandiduu" type="1" discard="1" dealt="1" sum="20"/>
<action no="5" player="Antares20244" type="2" discard="1" dealt="1" sum="40"/>
</round>
<round no="1"><cards type="Pocket" player="SuBandiduu">C6 CA</cards>
<cards type="Pocket" player="Antares20244">C4 DK</cards>
<cards type="Pocket" player="KOPKHUNKRAP">H7 SJ</cards>
<action no="6" player="KOPKHUNKRAP" type="0" sum="0"/>
<action no="7" player="SuBandiduu" type="23" discard="1" dealt="1" sum="481"/>
<action no="8" player="Antares20244" type="7" discard="1" dealt="1" sum="156"/>
</round>
<round no="2"><cards type="Flop">HJ H3 H6</cards>
</round>
<round no="3"><cards type="Turn">S8</cards>
</round>
<round no="4"><cards type="River">S2</cards>
</round>
</game>
<game gamecode="6540468697"><general><startdate>2025-11-25 03:49:49</startdate>
<round>1</round>
<failsafecounter/>
<players><player seat="10" name="KOPKHUNKRAP" chips="808" dealer="0" win="90" bet="125" muck="1" rebuy="0" addon="0" merge="0" rebuychips="0" reg_code="5075364858"/>
<player seat="3" name="SuBandiduu" chips="692" dealer="1" win="0" bet="45" muck="1" rebuy="0" addon="0" merge="0" rebuychips="0" reg_code="5075364516"/>
</players>
</general>
<round no="0"><action no="1" player="SuBandiduu" type="15" discard="1" dealt="1" sum="5"/>
<action no="2" player="KOPKHUNKRAP" type="15" sum="5"/>
<action no="3" player="SuBandiduu" type="1" discard="1" dealt="1" sum="20"/>
<action no="4" player="KOPKHUNKRAP" type="2" sum="40"/>
</round>
<round no="1"><cards type="Pocket" player="KOPKHUNKRAP">HA DK</cards>
<cards type="Pocket" player="SuBandiduu">X X</cards>
<action no="5" player="SuBandiduu" type="3" discard="1" dealt="1" sum="20"/>
<action no="6" player="KOPKHUNKRAP" type="23" sum="120"/>
<action no="7" player="SuBandiduu" type="0" discard="1" dealt="1" sum="0"/>
</round>
</game>
<game gamecode="6540468704"><general><startdate>2025-11-25 03:50:01</startdate>
<round>1</round>
<failsafecounter/>
<players><player seat="3" name="SuBandiduu" chips="647" dealer="0" win="130" bet="245" muck="1" rebuy="0" addon="0" merge="0" rebuychips="0" reg_code="5075364516"/>
<player seat="10" name="KOPKHUNKRAP" chips="853" dealer="1" win="0" bet="65" muck="1" rebuy="0" addon="0" merge="0" rebuychips="0" reg_code="5075364858"/>
</players>
</general>
<round no="0"><action no="1" player="KOPKHUNKRAP" type="15" sum="5"/>
<action no="2" player="SuBandiduu" type="15" discard="1" dealt="1" sum="5"/>
<action no="3" player="KOPKHUNKRAP" type="1" sum="30"/>
<action no="4" player="SuBandiduu" type="2" discard="1" dealt="1" sum="60"/>
</round>
<round no="1"><cards type="Pocket" player="SuBandiduu">X X</cards>
<cards type="Pocket" player="KOPKHUNKRAP">H7 C6</cards>
<action no="5" player="KOPKHUNKRAP" type="3" sum="30"/>
<action no="6" player="SuBandiduu" type="23" discard="1" dealt="1" sum="240"/>
<action no="7" player="KOPKHUNKRAP" type="0" sum="0"/>
</round>
</game>
<game gamecode="6540468712"><general><startdate>2025-11-25 03:50:11</startdate>
<round>1</round>
<failsafecounter/>
<players><player seat="10" name="KOPKHUNKRAP" chips="788" dealer="0" win="70" bet="65" muck="1" rebuy="0" addon="0" merge="0" rebuychips="0" reg_code="5075364858"/>
<player seat="3" name="SuBandiduu" chips="712" dealer="1" win="0" bet="35" muck="1" rebuy="0" addon="0" merge="0" rebuychips="0" reg_code="5075364516"/>
</players>
</general>
<round no="0"><action no="1" player="SuBandiduu" type="15" discard="1" dealt="1" sum="5"/>
<action no="2" player="KOPKHUNKRAP" type="15" sum="5"/>
<action no="3" player="SuBandiduu" type="1" discard="1" dealt="1" sum="30"/>
<action no="4" player="KOPKHUNKRAP" type="2" sum="60"/>
</round>
<round no="1"><cards type="Pocket" player="SuBandiduu">X X</cards>
<cards type="Pocket" player="KOPKHUNKRAP">D8 D9</cards>
<action no="5" player="SuBandiduu" type="0" discard="1" dealt="1" sum="0"/>
</round>
</game>
<game gamecode="6540468718"><general><startdate>2025-11-25 03:50:16</startdate>
<round>1</round>
<failsafecounter/>
<players><player seat="3" name="SuBandiduu" chips="677" dealer="0" win="130" bet="155" muck="1" rebuy="0" addon="0" merge="0" rebuychips="0" reg_code="5075364516"/>
<player seat="10" name="KOPKHUNKRAP" chips="823" dealer="1" win="0" bet="65" muck="1" rebuy="0" addon="0" merge="0" rebuychips="0" reg_code="5075364858"/>
</players>
</general>
<round no="0"><action no="1" player="KOPKHUNKRAP" type="15" sum="5"/>
<action no="2" player="SuBandiduu" type="15" discard="1" dealt="1" sum="5"/>
<action no="3" player="KOPKHUNKRAP" type="1" sum="30"/>
<action no="4" player="SuBandiduu" type="2" discard="1" dealt="1" sum="60"/>
</round>
<round no="1"><cards type="Pocket" player="KOPKHUNKRAP">C10 S5</cards>
<cards type="Pocket" player="SuBandiduu">X X</cards>
<action no="5" player="KOPKHUNKRAP" type="3" sum="30"/>
<action no="6" player="SuBandiduu" type="23" discard="1" dealt="1" sum="150"/>
<action no="7" player="KOPKHUNKRAP" type="0" sum="0"/>
</round>
</game>
<game gamecode="6540468724"><general><startdate>2025-11-25 03:50:23</startdate>
<round>1</round>
<failsafecounter/>
<players><player seat="10" name="KOPKHUNKRAP" chips="758" dealer="0" win="0" bet="65" muck="1" rebuy="0" addon="0" merge="0" rebuychips="0" reg_code="5075364858"/>
<player seat="3" name="SuBandiduu" chips="742" dealer="1" win="130" bet="65" muck="0" rebuy="0" addon="0" merge="0" rebuychips="0" reg_code="5075364516"/>
</players>
</general>
<round no="0"><action no="1" player="SuBandiduu" type="15" discard="1" dealt="1" sum="5"/>
<action no="2" player="KOPKHUNKRAP" type="15" sum="5"/>
<action no="3" player="SuBandiduu" type="1" discard="1" dealt="1" sum="30"/>
<action no="4" player="KOPKHUNKRAP" type="2" sum="60"/>
</round>
<round no="1"><cards type="Pocket" player="SuBandiduu">SK C5</cards>
<cards type="Pocket" player="KOPKHUNKRAP">S4 S7</cards>
<action no="5" player="SuBandiduu" type="3" discard="1" dealt="1" sum="30"/>
<action no="6" player="KOPKHUNKRAP" type="4" sum="0"/>
</round>
<round no="2"><cards type="Flop">C2 HQ S8</cards>
<action no="7" player="KOPKHUNKRAP" type="4" sum="0"/>
<action no="8" player="SuBandiduu" type="4" discard="1" dealt="1" sum="0"/>
</round>
<round no="3"><cards type="Turn">HA</cards>
<action no="9" player="KOPKHUNKRAP" type="4" sum="0"/>
<action no="10" player="SuBandiduu" type="4" discard="1" dealt="1" sum="0"/>
</round>
<round no="4"><cards type="River">C10</cards>
<action no="11" player="KOPKHUNKRAP" type="4" sum="0"/>
<action no="12" player="SuBandiduu" type="4" discard="1" dealt="1" sum="0"/>
</round>
</game>
<game gamecode="6540468738"><general><startdate>2025-11-25 03:50:40</startdate>
<round>1</round>
<failsafecounter/>
<players><player seat="3" name="SuBandiduu" chips="807" dealer="0" win="130" bet="155" muck="1" rebuy="0" addon="0" merge="0" rebuychips="0" reg_code="5075364516"/>
<player seat="10" name="KOPKHUNKRAP" chips="693" dealer="1" win="0" bet="65" muck="1" rebuy="0" addon="0" merge="0" rebuychips="0" reg_code="5075364858"/>
</players>
</general>
<round no="0"><action no="1" player="KOPKHUNKRAP" type="15" sum="5"/>
<action no="2" player="SuBandiduu" type="15" discard="1" dealt="1" sum="5"/>
<action no="3" player="KOPKHUNKRAP" type="1" sum="30"/>
<action no="4" player="SuBandiduu" type="2" discard="1" dealt="1" sum="60"/>
</round>
<round no="1"><cards type="Pocket" player="KOPKHUNKRAP">C8 C4</cards>
<cards type="Pocket" player="SuBandiduu">X X</cards>
<action no="5" player="KOPKHUNKRAP" type="3" sum="30"/>
<action no="6" player="SuBandiduu" type="23" discard="1" dealt="1" sum="150"/>
<action no="7" player="KOPKHUNKRAP" type="0" sum="0"/>
</round>
</game>
<game gamecode="6540468746"><general><startdate>2025-11-25 03:50:48</startdate>
<round>1</round>
<failsafecounter/>
<players><player seat="10" name="KOPKHUNKRAP" chips="628" dealer="0" win="0" bet="65" muck="1" rebuy="0" addon="0" merge="0" rebuychips="0" reg_code="5075364858"/>
<player seat="3" name="SuBandiduu" chips="872" dealer="1" win="130" bet="125" muck="1" rebuy="0" addon="0" merge="0" rebuychips="0" reg_code="5075364516"/>
</players>
</general>
<round no="0"><action no="1" player="SuBandiduu" type="15" discard="1" dealt="1" sum="5"/>
<action no="2" player="KOPKHUNKRAP" type="15" sum="5"/>
<action no="3" player="SuBandiduu" type="1" discard="1" dealt="1" sum="30"/>
<action no="4" player="KOPKHUNKRAP" type="2" sum="60"/>
</round>
<round no="1"><cards type="Pocket" player="KOPKHUNKRAP">C6 DK</cards>
<cards type="Pocket" player="SuBandiduu">X X</cards>
<action no="5" player="SuBandiduu" type="3" discard="1" dealt="1" sum="30"/>
<action no="6" player="KOPKHUNKRAP" type="4" sum="0"/>
</round>
<round no="2"><cards type="Flop">D4 CQ DJ</cards>
<action no="7" player="KOPKHUNKRAP" type="4" sum="0"/>
<action no="8" player="SuBandiduu" type="4" discard="1" dealt="1" sum="0"/>
</round>
<round no="3"><cards type="Turn">S10</cards>
<action no="9" player="KOPKHUNKRAP" type="4" sum="0"/>
<action no="10" player="SuBandiduu" type="4" discard="1" dealt="1" sum="0"/>
</round>
<round no="4"><cards type="River">C7</cards>
<action no="11" player="KOPKHUNKRAP" type="4" sum="0"/>
<action no="12" player="SuBandiduu" type="5" discard="1" dealt="1" sum="60"/>
<action no="13" player="KOPKHUNKRAP" type="0" sum="0"/>
</round>
</game>
<game gamecode="6540468764"><general><startdate>2025-11-25 03:51:11</startdate>
<round>1</round>
<failsafecounter/>
<players><player seat="3" name="SuBandiduu" chips="937" dealer="0" win="0" bet="65" muck="1" rebuy="0" addon="0" merge="0" rebuychips="0" reg_code="5075364516"/>
<player seat="10" name="KOPKHUNKRAP" chips="563" dealer="1" win="130" bet="125" muck="1" rebuy="0" addon="0" merge="0" rebuychips="0" reg_code="5075364858"/>
</players>
</general>
<round no="0"><action no="1" player="KOPKHUNKRAP" type="15" sum="5"/>
<action no="2" player="SuBandiduu" type="15" discard="1" dealt="1" sum="5"/>
<action no="3" player="KOPKHUNKRAP" type="1" sum="30"/>
<action no="4" player="SuBandiduu" type="2" discard="1" dealt="1" sum="60"/>
</round>
<round no="1"><cards type="Pocket" player="SuBandiduu">X X</cards>
<cards type="Pocket" player="KOPKHUNKRAP">SJ H7</cards>
<action no="5" player="KOPKHUNKRAP" type="3" sum="30"/>
<action no="6" player="SuBandiduu" type="4" discard="1" dealt="1" sum="0"/>
</round>
<round no="2"><cards type="Flop">D10 C3 D4</cards>
<action no="7" player="SuBandiduu" type="4" discard="1" dealt="1" sum="0"/>
<action no="8" player="KOPKHUNKRAP" type="5" sum="60"/>
<action no="9" player="SuBandiduu" type="0" discard="1" dealt="1" sum="0"/>
</round>
</game>
<game gamecode="6540468778"><general><startdate>2025-11-25 03:51:23</startdate>
<round>1</round>
<failsafecounter/>
<players><player seat="10" name="KOPKHUNKRAP" chips="628" dealer="0" win="0" bet="65" muck="1" rebuy="0" addon="0" merge="0" rebuychips="0" reg_code="5075364858"/>
<player seat="3" name="SuBandiduu" chips="872" dealer="1" win="130" bet="872" muck="1" rebuy="0" addon="0" merge="0" rebuychips="0" reg_code="5075364516"/>
</players>
</general>
<round no="0"><action no="1" player="SuBandiduu" type="15" discard="1" dealt="1" sum="5"/>
<action no="2" player="KOPKHUNKRAP" type="15" sum="5"/>
<action no="3" player="SuBandiduu" type="1" discard="1" dealt="1" sum="30"/>
<action no="4" player="KOPKHUNKRAP" type="2" sum="60"/>
</round>
<round no="1"><cards type="Pocket" player="KOPKHUNKRAP">D3 HJ</cards>
<cards type="Pocket" player="SuBandiduu">X X</cards>
<action no="5" player="SuBandiduu" type="23" discard="1" dealt="1" sum="867"/>
<action no="6" player="KOPKHUNKRAP" type="0" sum="0"/>
</round>
</game>
<game gamecode="6540468781"><general><startdate>2025-11-25 03:51:30</startdate>
<round>1</round>
<failsafecounter/>
<players><player seat="3" name="SuBandiduu" chips="937" dealer="0" win="70" bet="65" muck="1" rebuy="0" addon="0" merge="0" rebuychips="0" reg_code="5075364516"/>
<player seat="10" name="KOPKHUNKRAP" chips="563" dealer="1" win="0" bet="35" muck="1" rebuy="0" addon="0" merge="0" rebuychips="0" reg_code="5075364858"/>
</players>
</general>
<round no="0"><action no="1" player="KOPKHUNKRAP" type="15" sum="5"/>
<action no="2" player="SuBandiduu" type="15" discard="1" dealt="1" sum="5"/>
<action no="3" player="KOPKHUNKRAP" type="1" sum="30"/>
<action no="4" player="SuBandiduu" type="2" discard="1" dealt="1" sum="60"/>
</round>
<round no="1"><cards type="Pocket" player="SuBandiduu">X X</cards>
<cards type="Pocket" player="KOPKHUNKRAP">DJ S2</cards>
<action no="5" player="KOPKHUNKRAP" type="0" sum="0"/>
</round>
</game>
<game gamecode="6540468785"><general><startdate>2025-11-25 03:51:35</startdate>
<round>1</round>
<failsafecounter/>
<players><player seat="10" name="KOPKHUNKRAP" chips="528" dealer="0" win="130" bet="528" muck="1" rebuy="0" addon="0" merge="0" rebuychips="0" reg_code="5075364858"/>
<player seat="3" name="SuBandiduu" chips="972" dealer="1" win="0" bet="65" muck="1" rebuy="0" addon="0" merge="0" rebuychips="0" reg_code="5075364516"/>
</players>
</general>
<round no="0"><action no="1" player="SuBandiduu" type="15" discard="1" dealt="1" sum="5"/>
<action no="2" player="KOPKHUNKRAP" type="15" sum="5"/>
<action no="3" player="SuBandiduu" type="1" discard="1" dealt="1" sum="30"/>
<action no="4" player="KOPKHUNKRAP" type="2" sum="60"/>
</round>
<round no="1"><cards type="Pocket" player="KOPKHUNKRAP">SA D2</cards>
<cards type="Pocket" player="SuBandiduu">X X</cards>
<action no="5" player="SuBandiduu" type="3" discard="1" dealt="1" sum="30"/>
<action no="6" player="KOPKHUNKRAP" type="23" sum="523"/>
<action no="7" player="SuBandiduu" type="0" discard="1" dealt="1" sum="0"/>
</round>
</game>
<game gamecode="6540468796"><general><startdate>2025-11-25 03:51:47</startdate>
<round>1</round>
<failsafecounter/>
<players><player seat="3" name="SuBandiduu" chips="907" dealer="0" win="96" bet="88" muck="1" rebuy="0" addon="0" merge="0" rebuychips="0" reg_code="5075364516"/>
<player seat="10" name="KOPKHUNKRAP" chips="593" dealer="1" win="0" bet="48" muck="1" rebuy="0" addon="0" merge="0" rebuychips="0" reg_code="5075364858"/>
</players>
</general>
<round no="0"><action no="1" player="KOPKHUNKRAP" type="15" sum="8"/>
<action no="2" player="SuBandiduu" type="15" discard="1" dealt="1" sum="8"/>
<action no="3" player="KOPKHUNKRAP" type="1" sum="40"/>
<action no="4" player="SuBandiduu" type="2" discard="1" dealt="1" sum="80"/>
</round>
<round no="1"><cards type="Pocket" player="SuBandiduu">X X</cards>
<cards type="Pocket" player="KOPKHUNKRAP">C8 S3</cards>
<action no="5" player="KOPKHUNKRAP" type="0" sum="0"/>
</round>
</game>
<game gamecode="6540468803"><general><startdate>2025-11-25 03:51:52</startdate>
<round>1</round>
<failsafecounter/>
<players><player seat="10" name="KOPKHUNKRAP" chips="545" dealer="0" win="0" bet="88" muck="1" rebuy="0" addon="0" merge="0" rebuychips="0" reg_code="5075364858"/>
<player seat="3" name="SuBandiduu" chips="955" dealer="1" win="176" bet="168" muck="1" rebuy="0" addon="0" merge="0" rebuychips="0" reg_code="5075364516"/>
</players>
</general>
<round no="0"><action no="1" player="SuBandiduu" type="15" discard="1" dealt="1" sum="8"/>
<action no="2" player="KOPKHUNKRAP" type="15" sum="8"/>
<action no="3" player="SuBandiduu" type="1" discard="1" dealt="1" sum="40"/>
<action no="4" player="KOPKHUNKRAP" type="2" sum="80"/>
</round>
<round no="1"><cards type="Pocket" player="KOPKHUNKRAP">DJ H9</cards>
<cards type="Pocket" player="SuBandiduu">X X</cards>
<action no="5" player="SuBandiduu" type="3" discard="1" dealt="1" sum="40"/>
<action no="6" player="KOPKHUNKRAP" type="4" sum="0"/>
</round>
<round no="2"><cards type="Flop">HK HA H2</cards>
<action no="7" player="KOPKHUNKRAP" type="4" sum="0"/>
<action no="8" player="SuBandiduu" type="5" discard="1" dealt="1" sum="80"/>
<action no="9" player="KOPKHUNKRAP" type="0" sum="0"/>
</round>
</game>
<game gamecode="6540468822"><general><startdate>2025-11-25 03:52:13</startdate>
<round>1</round>
<failsafecounter/>
<players><player seat="3" name="SuBandiduu" chips="1,043" dealer="0" win="96" bet="88" muck="1" rebuy="0" addon="0" merge="0" rebuychips="0" reg_code="5075364516"/>
<player seat="10" name="KOPKHUNKRAP" chips="457" dealer="1" win="0" bet="48" muck="1" rebuy="0" addon="0" merge="0" rebuychips="0" reg_code="5075364858"/>
</players>
</general>
<round no="0"><action no="1" player="KOPKHUNKRAP" type="15" sum="8"/>
<action no="2" player="SuBandiduu" type="15" discard="1" dealt="1" sum="8"/>
<action no="3" player="KOPKHUNKRAP" type="1" sum="40"/>
<action no="4" player="SuBandiduu" type="2" discard="1" dealt="1" sum="80"/>
</round>
<round no="1"><cards type="Pocket" player="SuBandiduu">X X</cards>
<cards type="Pocket" player="KOPKHUNKRAP">S10 H4</cards>
<action no="5" player="KOPKHUNKRAP" type="0" sum="0"/>
</round>
</game>
<game gamecode="6540468826"><general><startdate>2025-11-25 03:52:18</startdate>
<round>1</round>
<failsafecounter/>
<players><player seat="10" name="KOPKHUNKRAP" chips="409" dealer="0" win="96" bet="88" muck="1" rebuy="0" addon="0" merge="0" rebuychips="0" reg_code="5075364858"/>
<player seat="3" name="SuBandiduu" chips="1,091" dealer="1" win="0" bet="48" muck="1" rebuy="0" addon="0" merge="0" rebuychips="0" reg_code="5075364516"/>
</players>
</general>
<round no="0"><action no="1" player="SuBandiduu" type="15" discard="1" dealt="1" sum="8"/>
<action no="2" player="KOPKHUNKRAP" type="15" sum="8"/>
<action no="3" player="SuBandiduu" type="1" discard="1" dealt="1" sum="40"/>
<action no="4" player="KOPKHUNKRAP" type="2" sum="80"/>
</round>
<round no="1"><cards type="Pocket" player="SuBandiduu">X X</cards>
<cards type="Pocket" player="KOPKHUNKRAP">HJ S5</cards>
<action no="5" player="SuBandiduu" type="0" discard="1" dealt="1" sum="0"/>
</round>
</game>
<game gamecode="6540468834"><general><startdate>2025-11-25 03:52:22</startdate>
<round>1</round>
<failsafecounter/>
<players><player seat="3" name="SuBandiduu" chips="1,043" dealer="0" win="0" bet="88" muck="1" rebuy="0" addon="0" merge="0" rebuychips="0" reg_code="5075364516"/>
<player seat="10" name="KOPKHUNKRAP" chips="457" dealer="1" win="176" bet="457" muck="1" rebuy="0" addon="0" merge="0" rebuychips="0" reg_code="5075364858"/>
</players>
</general>
<round no="0"><action no="1" player="KOPKHUNKRAP" type="15" sum="8"/>
<action no="2" player="SuBandiduu" type="15" discard="1" dealt="1" sum="8"/>
<action no="3" player="KOPKHUNKRAP" type="1" sum="40"/>
<action no="4" player="SuBandiduu" type="2" discard="1" dealt="1" sum="80"/>
</round>
<round no="1"><cards type="Pocket" player="KOPKHUNKRAP">C9 D8</cards>
<cards type="Pocket" player="SuBandiduu">X X</cards>
<action no="5" player="KOPKHUNKRAP" type="23" sum="449"/>
<action no="6" player="SuBandiduu" type="0" discard="1" dealt="1" sum="0"/>
</round>
</game>
<game gamecode="6540468844"><general><startdate>2025-11-25 03:52:29</startdate>
<round>1</round>
<failsafecounter/>
<players><player seat="10" name="KOPKHUNKRAP" chips="545" dealer="0" win="1,090" bet="545" muck="0" rebuy="0" addon="0" merge="0" rebuychips="0" reg_code="5075364858"/>
<player seat="3" name="SuBandiduu" chips="955" dealer="1" win="0" bet="955" muck="0" rebuy="0" addon="0" merge="0" rebuychips="0" reg_code="5075364516"/>
</players>
</general>
<round no="0"><action no="1" player="SuBandiduu" type="15" discard="1" dealt="1" sum="8"/>
<action no="2" player="KOPKHUNKRAP" type="15" sum="8"/>
<action no="3" player="SuBandiduu" type="1" discard="1" dealt="1" sum="40"/>
<action no="4" player="KOPKHUNKRAP" type="2" sum="80"/>
</round>
<round no="1"><cards type="Pocket" player="KOPKHUNKRAP">SJ S9</cards>
<cards type="Pocket" player="SuBandiduu">HA C4</cards>
<action no="5" player="SuBandiduu" type="23" discard="1" dealt="1" sum="947"/>
<action no="6" player="KOPKHUNKRAP" type="7" sum="457"/>
</round>
<round no="2"><cards type="Flop">H3 S5 HJ</cards>
</round>
<round no="3"><cards type="Turn">DJ</cards>
</round>
<round no="4"><cards type="River">C3</cards>
</round>
</game>
<game gamecode="6540468854"><general><startdate>2025-11-25 03:52:44</startdate>
<round>1</round>
<failsafecounter/>
<players><player seat="3" name="SuBandiduu" chips="410" dealer="0" win="820" bet="410" muck="0" rebuy="0" addon="0" merge="0" rebuychips="0" reg_code="5075364516"/>
<player seat="10" name="KOPKHUNKRAP" chips="1,090" dealer="1" win="0" bet="1,090" muck="1" rebuy="0" addon="0" merge="0" rebuychips="0" reg_code="5075364858"/>
</players>
</general>
<round no="0"><action no="1" player="KOPKHUNKRAP" type="15" sum="8"/>
<action no="2" player="SuBandiduu" type="15" discard="1" dealt="1" sum="8"/>
<action no="3" player="KOPKHUNKRAP" type="1" sum="40"/>
<action no="4" player="SuBandiduu" type="2" discard="1" dealt="1" sum="80"/>
</round>
<round no="1"><cards type="Pocket" player="SuBandiduu">CJ DK</cards>
<cards type="Pocket" player="KOPKHUNKRAP">H7 C8</cards>
<action no="5" player="KOPKHUNKRAP" type="23" sum="1,082"/>
<action no="6" player="SuBandiduu" type="7" discard="1" dealt="1" sum="322"/>
</round>
<round no="2"><cards type="Flop">SK SQ H2</cards>
</round>
<round no="3"><cards type="Turn">HA</cards>
</round>
<round no="4"><cards type="River">H4</cards>
</round>
</game>
<game gamecode="6540468869"><general><startdate>2025-11-25 03:52:59</startdate>
<round>1</round>
<failsafecounter/>
<players><player seat="10" name="KOPKHUNKRAP" chips="680" dealer="0" win="96" bet="88" muck="1" rebuy="0" addon="0" merge="0" rebuychips="0" reg_code="5075364858"/>
<player seat="3" name="SuBandiduu" chips="820" dealer="1" win="0" bet="48" muck="1" rebuy="0" addon="0" merge="0" rebuychips="0" reg_code="5075364516"/>
</players>
</general>
<round no="0"><action no="1" player="SuBandiduu" type="15" discard="1" dealt="1" sum="8"/>
<action no="2" player="KOPKHUNKRAP" type="15" sum="8"/>
<action no="3" player="SuBandiduu" type="1" discard="1" dealt="1" sum="40"/>
<action no="4" player="KOPKHUNKRAP" type="2" sum="80"/>
</round>
<round no="1"><cards type="Pocket" player="SuBandiduu">X X</cards>
<cards type="Pocket" player="KOPKHUNKRAP">SA C3</cards>
<action no="5" player="SuBandiduu" type="0" discard="1" dealt="1" sum="0"/>
</round>
</game>
<game gamecode="6540468875"><general><startdate>2025-11-25 03:53:08</startdate>
<round>1</round>
<failsafecounter/>
<players><player seat="3" name="SuBandiduu" chips="772" dealer="0" win="96" bet="88" muck="1" rebuy="0" addon="0" merge="0" rebuychips="0" reg_code="5075364516"/>
<player seat="10" name="KOPKHUNKRAP" chips="728" dealer="1" win="0" bet="48" muck="1" rebuy="0" addon="0" merge="0" rebuychips="0" reg_code="5075364858"/>
</players>
</general>
<round no="0"><action no="1" player="KOPKHUNKRAP" type="15" sum="8"/>
<action no="2" player="SuBandiduu" type="15" discard="1" dealt="1" sum="8"/>
<action no="3" player="KOPKHUNKRAP" type="1" sum="40"/>
<action no="4" player="SuBandiduu" type="2" discard="1" dealt="1" sum="80"/>
</round>
<round no="1"><cards type="Pocket" player="SuBandiduu">X X</cards>
<cards type="Pocket" player="KOPKHUNKRAP">S8 S2</cards>
<action no="5" player="KOPKHUNKRAP" type="0" sum="0"/>
</round>
</game>
<game gamecode="6540468881"><general><startdate>2025-11-25 03:53:13</startdate>
<round>1</round>
<failsafecounter/>
<players><player seat="10" name="KOPKHUNKRAP" chips="680" dealer="0" win="176" bet="680" muck="1" rebuy="0" addon="0" merge="0" rebuychips="0" reg_code="5075364858"/>
<player seat="3" name="SuBandiduu" chips="820" dealer="1" win="0" bet="88" muck="1" rebuy="0" addon="0" merge="0" rebuychips="0" reg_code="5075364516"/>
</players>
</general>
<round no="0"><action no="1" player="SuBandiduu" type="15" discard="1" dealt="1" sum="8"/>
<action no="2" player="KOPKHUNKRAP" type="15" sum="8"/>
<action no="3" player="SuBandiduu" type="1" discard="1" dealt="1" sum="40"/>
<action no="4" player="KOPKHUNKRAP" type="2" sum="80"/>
</round>
<round no="1"><cards type="Pocket" player="SuBandiduu">X X</cards>
<cards type="Pocket" player="KOPKHUNKRAP">SA H6</cards>
<action no="5" player="SuBandiduu" type="3" discard="1" dealt="1" sum="40"/>
<action no="6" player="KOPKHUNKRAP" type="23" sum="672"/>
<action no="7" player="SuBandiduu" type="0" discard="1" dealt="1" sum="0"/>
</round>
</game>
<game gamecode="6540468891"><general><startdate>2025-11-25 03:53:21</startdate>
<round>1</round>
<failsafecounter/>
<players><player seat="3" name="SuBandiduu" chips="732" dealer="0" win="120" bet="110" muck="1" rebuy="0" addon="0" merge="0" rebuychips="0" reg_code="5075364516"/>
<player seat="10" name="KOPKHUNKRAP" chips="768" dealer="1" win="0" bet="60" muck="1" rebuy="0" addon="0" merge="0" rebuychips="0" reg_code="5075364858"/>
</players>
</general>
<round no="0"><action no="1" player="KOPKHUNKRAP" type="15" sum="10"/>
<action no="2" player="SuBandiduu" type="15" discard="1" dealt="1" sum="10"/>
<action no="3" player="KOPKHUNKRAP" type="1" sum="50"/>
<action no="4" player="SuBandiduu" type="2" discard="1" dealt="1" sum="100"/>
</round>
<round no="1"><cards type="Pocket" player="KOPKHUNKRAP">D2 C10</cards>
<cards type="Pocket" player="SuBandiduu">X X</cards>
<action no="5" player="KOPKHUNKRAP" type="0" sum="0"/>
</round>
</game>
<game gamecode="6540468894"><general><startdate>2025-11-25 03:53:26</startdate>
<round>1</round>
<failsafecounter/>
<players><player seat="10" name="KOPKHUNKRAP" chips="708" dealer="0" win="120" bet="110" muck="1" rebuy="0" addon="0" merge="0" rebuychips="0" reg_code="5075364858"/>
<player seat="3" name="SuBandiduu" chips="792" dealer="1" win="0" bet="60" muck="1" rebuy="0" addon="0" merge="0" rebuychips="0" reg_code="5075364516"/>
</players>
</general>
<round no="0"><action no="1" player="SuBandiduu" type="15" discard="1" dealt="1" sum="10"/>
<action no="2" player="KOPKHUNKRAP" type="15" sum="10"/>
<action no="3" player="SuBandiduu" type="1" discard="1" dealt="1" sum="50"/>
<action no="4" player="KOPKHUNKRAP" type="2" sum="100"/>
</round>
<round no="1"><cards type="Pocket" player="SuBandiduu">X X</cards>
<cards type="Pocket" player="KOPKHUNKRAP">H10 CA</cards>
<action no="5" player="SuBandiduu" type="0" discard="1" dealt="1" sum="0"/>
</round>
</game>
<game gamecode="6540468897"><general><startdate>2025-11-25 03:53:30</startdate>
<round>1</round>
<failsafecounter/>
<players><player seat="3" name="SuBandiduu" chips="732" dealer="0" win="1,464" bet="732" muck="0" rebuy="0" addon="0" merge="0" rebuychips="0" reg_code="5075364516"/>
<player seat="10" name="KOPKHUNKRAP" chips="768" dealer="1" win="0" bet="768" muck="1" rebuy="0" addon="0" merge="0" rebuychips="0" reg_code="5075364858"/>
</players>
</general>
<round no="0"><action no="1" player="KOPKHUNKRAP" type="15" sum="10"/>
<action no="2" player="SuBandiduu" type="15" discard="1" dealt="1" sum="10"/>
<action no="3" player="KOPKHUNKRAP" type="1" sum="50"/>
<action no="4" player="SuBandiduu" type="2" discard="1" dealt="1" sum="100"/>
</round>
<round no="1"><cards type="Pocket" player="SuBandiduu">H8 HK</cards>
<cards type="Pocket" player="KOPKHUNKRAP">H7 SQ</cards>
<action no="5" player="KOPKHUNKRAP" type="23" sum="758"/>
<action no="6" player="SuBandiduu" type="7" discard="1" dealt="1" sum="622"/>
</round>
<round no="2"><cards type="Flop">SJ C8 D6</cards>
</round>
<round no="3"><cards type="Turn">H5</cards>
</round>
<round no="4"><cards type="River">DJ</cards>
</round>
</game>
<game gamecode="6540468912"><general><startdate>2025-11-25 03:53:46</startdate>
<round>1</round>
<failsafecounter/>
<players><player seat="10" name="KOPKHUNKRAP" chips="36" dealer="0" win="0" bet="36" muck="1" rebuy="0" addon="0" merge="0" rebuychips="0" reg_code="5075364858"/>
<player seat="3" name="SuBandiduu" chips="1,464" dealer="1" win="72" bet="60" muck="0" rebuy="0" addon="0" merge="0" rebuychips="0" reg_code="5075364516"/>
</players>
</general>
<round no="0"><action no="1" player="SuBandiduu" type="15" discard="1" dealt="1" sum="10"/>
<action no="2" player="KOPKHUNKRAP" type="15" sum="10"/>
<action no="3" player="SuBandiduu" type="1" discard="1" dealt="1" sum="50"/>
<action no="4" player="KOPKHUNKRAP" type="2" sum="26"/>
</round>
<round no="1"><cards type="Pocket" player="KOPKHUNKRAP">H2 C5</cards>
<cards type="Pocket" player="SuBandiduu">C4 SJ</cards>
</round>
<round no="2"><cards type="Flop">H8 H5 CJ</cards>
</round>
<round no="3"><cards type="Turn">DK</cards>
</round>
<round no="4"><cards type="River">HK</cards>
</round>
</game>
</session>
