<?xml version="1.0" encoding="UTF-8"?>
<session sessioncode="5075364099">
<general>
<client_version>24.7.1.15</client_version>
<mode>real</mode>
<gametype>Holdem NL</gametype>
<tablename>Twister €200 SNG, 822389235</tablename>
<tournamentcode>822389234</tournamentcode>
<tournamentname>Twister €200 SNG</tournamentname>
<buyin>€0 + €12 + €188</buyin>
<totalbuyin>€200</totalbuyin>
<rewarddrawn>€600</rewarddrawn>
<tournamentcurrency>EUR</tournamentcurrency>
<currency>EUR</currency>
<nickname>KOPKHUNKRAP</nickname>
<gamecount>4</gamecount>
<startdate>2025-11-25 03:38:49</startdate>
<place>3</place>
<win>€0</win>
<tablesize>3</tablesize>
</general>
<game gamecode="6540464769"><general><startdate>2025-11-25 03:39:05</startdate>
<round>1</round>
<failsafecounter/>
<players><player seat="3" name="KOPKHUNKRAP" chips="500" dealer="0" win="0" bet="20" muck="1" rebuy="0" addon="0" merge="0" rebuychips="0" reg_code="5075364099"/>
<player seat="6" name="SuBandiduu" chips="500" dealer="1" win="0" bet="40" muck="1" rebuy="0" addon="0" merge="0" rebuychips="0" reg_code="5075364159"/>
<player seat="10" name="Mikeinthebike" chips="500" dealer="0" win="100" bet="110" muck="1" rebuy="0" addon="0" merge="0" rebuychips="0" reg_code="5075364302"/>
</players>
</general>
<round no="0"><action no="1" player="Mikeinthebike" type="1" discard="1" dealt="1" sum="10"/>
<action no="2" player="KOPKHUNKRAP" type="2" sum="20"/>
</round>
<round no="1"><cards type="Pocket" player="SuBandiduu">X X</cards>
<cards type="Pocket" player="KOPKHUNKRAP">C9 CA</cards>
<cards type="Pocket" player="Mikeinthebike">X X</cards>
<action no="3" player="SuBandiduu" type="23" discard="1" dealt="1" sum="40"/>
<action no="4" player="Mikeinthebike" type="23" discard="1" dealt="1" sum="110"/>
<action no="5" player="KOPKHUNKRAP" type="0" sum="0"/>
<action no="6" player="SuBandiduu" type="0" discard="1" dealt="1" sum="0"/>
</round>
</game>
<game gamecode="6540464792"><general><startdate>2025-11-25 03:39:27</startdate>
<round>1</round>
<failsafecounter/>
<players><player seat="6" name="SuBandiduu" chips="460" dealer="0" win="0" bet="40" muck="1" rebuy="0" addon="0" merge="0" rebuychips="0" reg_code="5075364159"/>
<player seat="10" name="Mikeinthebike" chips="560" dealer="1" win="90" bet="60" muck="1" rebuy="0" addon="0" merge="0" rebuychips="0" reg_code="5075364302"/>
<player seat="3" name="KOPKHUNKRAP" chips="480" dealer="0" win="0" bet="10" muck="1" rebuy="0" addon="0" merge="0" rebuychips="0" reg_code="5075364099"/>
</players>
</general>
<round no="0"><action no="1" player="KOPKHUNKRAP" type="1" sum="10"/>
<action no="2" player="SuBandiduu" type="2" discard="1" dealt="1" sum="20"/>
</round>
<round no="1"><cards type="Pocket" player="KOPKHUNKRAP">C4 S7</cards>
<cards type="Pocket" player="Mikeinthebike">X X</cards>
<cards type="Pocket" player="SuBandiduu">X X</cards>
<action no="3" player="Mikeinthebike" type="23" discard="1" dealt="1" sum="40"/>
<action no="4" player="KOPKHUNKRAP" type="0" sum="0"/>
<action no="5" player="SuBandiduu" type="3" discard="1" dealt="1" sum="20"/>
</round>
<round no="2"><cards type="Flop">D10 CA S4</cards>
<action no="6" player="SuBandiduu" type="4" discard="1" dealt="1" sum="0"/>
<action no="7" player="Mikeinthebike" type="5" discard="1" dealt="1" sum="20"/>
<action no="8" player="SuBandiduu" type="0" discard="1" dealt="1" sum="0"/>
</round>
</game>
<game gamecode="6540464807"><general><startdate>2025-11-25 03:39:43</startdate>
<round>1</round>
<failsafecounter/>
<players><player seat="10" name="Mikeinthebike" chips="610" dealer="0" win="0" bet="20" muck="1" rebuy="0" addon="0" merge="0" rebuychips="0" reg_code="5075364302"/>
<player seat="3" name="KOPKHUNKRAP" chips="470" dealer="1" win="0" bet="40" muck="1" rebuy="0" addon="0" merge="0" rebuychips="0" reg_code="5075364099"/>
<player seat="6" name="SuBandiduu" chips="420" dealer="0" win="100" bet="420" muck="1" rebuy="0" addon="0" merge="0" rebuychips="0" reg_code="5075364159"/>
</players>
</general>
<round no="0"><action no="1" player="SuBandiduu" type="1" discard="1" dealt="1" sum="10"/>
<action no="2" player="Mikeinthebike" type="2" discard="1" dealt="1" sum="20"/>
</round>
<round no="1"><cards type="Pocket" player="KOPKHUNKRAP">D10 DA</cards>
<cards type="Pocket" player="SuBandiduu">X X</cards>
<cards type="Pocket" player="Mikeinthebike">X X</cards>
<action no="3" player="KOPKHUNKRAP" type="23" sum="40"/>
<action no="4" player="SuBandiduu" type="23" discard="1" dealt="1" sum="420"/>
<action no="5" player="Mikeinthebike" type="0" discard="1" dealt="1" sum="0"/>
<action no="6" player="KOPKHUNKRAP" type="0" sum="0"/>
</round>
</game>
<game gamecode="6540464824"><general><startdate>2025-11-25 03:40:02</startdate>
<round>1</round>
<failsafecounter/>
<players><player seat="3" name="KOPKHUNKRAP" chips="430" dealer="0" win="0" bet="430" muck="0" rebuy="0" addon="0" merge="0" rebuychips="0" reg_code="5075364099"/>
<player seat="6" name="SuBandiduu" chips="480" dealer="1" win="0" bet="0" muck="1" rebuy="0" addon="0" merge="0" rebuychips="0" reg_code="5075364159"/>
<player seat="10" name="Mikeinthebike" chips="590" dealer="0" win="860" bet="430" muck="0" rebuy="0" addon="0" merge="0" rebuychips="0" reg_code="5075364302"/>
</players>
</general>
<round no="0"><action no="1" player="Mikeinthebike" type="1" discard="1" dealt="1" sum="10"/>
<action no="2" player="KOPKHUNKRAP" type="2" sum="20"/>
</round>
<round no="1"><cards type="Pocket" player="KOPKHUNKRAP">H4 C4</cards>
<cards type="Pocket" player="SuBandiduu">X X</cards>
<cards type="Pocket" player="Mikeinthebike">CJ DJ</cards>
<action no="3" player="SuBandiduu" type="0" discard="1" dealt="1" sum="0"/>
<action no="4" player="Mikeinthebike" type="23" discard="1" dealt="1" sum="45"/>
<action no="5" player="KOPKHUNKRAP" type="23" sum="430"/>
<action no="6" player="Mikeinthebike" type="3" discard="1" dealt="1" sum="385"/>
</round>
<round no="2"><cards type="Flop">H7 H6 D2</cards>
</round>
<round no="3"><cards type="Turn">SK</cards>
</round>
<round no="4"><cards type="River">D7</cards>
</round>
</game>
</session>
