<?xml version="1.0" encoding="UTF-8"?>
<session sessioncode="5075898271">
<general>
<client_version>25.7.1.34</client_version>
<mode>real</mode>
<gametype>Holdem NL</gametype>
<tablename>Twister €100 SNG, 822525226</tablename>
<tournamentcode>822525225</tournamentcode>
<tournamentname>Twister €100 SNG</tournamentname>
<buyin>€0 + €7 + €93</buyin>
<totalbuyin>€100</totalbuyin>
<rewarddrawn>€300</rewarddrawn>
<tournamentcurrency>EUR</tournamentcurrency>
<currency>EUR</currency>
<nickname>KOPKHUNKRAP</nickname>
<gamecount>11</gamecount>
<startdate>2025-11-27 02:31:24</startdate>
<place>2</place>
<win>€0</win>
<tablesize>3</tablesize>
</general>
<game gamecode="6542228829"><general><startdate>2025-11-27 02:31:39</startdate>
<round>1</round>
<failsafecounter/>
<players><player seat="10" name="bibbiii99" chips="500" dealer="0" win="0" bet="60" muck="1" rebuy="0" addon="0" merge="0" rebuychips="0" reg_code="5075898373"/>
<player seat="3" name="StelioPk" chips="500" dealer="1" win="130" bet="93" muck="1" rebuy="0" addon="0" merge="0" rebuychips="0" reg_code="5075898250"/>
<player seat="6" name="KOPKHUNKRAP" chips="500" dealer="0" win="0" bet="10" muck="1" rebuy="0" addon="0" merge="0" rebuychips="0" reg_code="5075898271"/>
</players>
</general>
<round no="0"><action no="1" player="KOPKHUNKRAP" type="1" sum="10"/>
<action no="2" player="bibbiii99" type="2" discard="1" dealt="1" sum="20"/>
</round>
<round no="1"><cards type="Pocket" player="KOPKHUNKRAP">H6 H5</cards>
<cards type="Pocket" player="StelioPk">X X</cards>
<cards type="Pocket" player="bibbiii99">X X</cards>
<action no="3" player="StelioPk" type="23" discard="1" dealt="1" sum="40"/>
<action no="4" player="KOPKHUNKRAP" type="0" sum="0"/>
<action no="5" player="bibbiii99" type="3" discard="1" dealt="1" sum="20"/>
</round>
<round no="2"><cards type="Flop">S3 D6 H3</cards>
<action no="6" player="bibbiii99" type="4" discard="1" dealt="1" sum="0"/>
<action no="7" player="StelioPk" type="5" discard="1" dealt="1" sum="20"/>
<action no="8" player="bibbiii99" type="3" discard="1" dealt="1" sum="20"/>
</round>
<round no="3"><cards type="Turn">DJ</cards>
<action no="9" player="bibbiii99" type="4" discard="1" dealt="1" sum="0"/>
<action no="10" player="StelioPk" type="5" discard="1" dealt="1" sum="33"/>
<action no="11" player="bibbiii99" type="0" discard="1" dealt="1" sum="0"/>
</round>
</game>
<game gamecode="6542228849"><general><startdate>2025-11-27 02:31:59</startdate>
<round>1</round>
<failsafecounter/>
<players><player seat="3" name="StelioPk" chips="570" dealer="0" win="0" bet="40" muck="1" rebuy="0" addon="0" merge="0" rebuychips="0" reg_code="5075898250"/>
<player seat="6" name="KOPKHUNKRAP" chips="490" dealer="1" win="0" bet="0" muck="1" rebuy="0" addon="0" merge="0" rebuychips="0" reg_code="5075898271"/>
<player seat="10" name="bibbiii99" chips="440" dealer="0" win="80" bet="100" muck="1" rebuy="0" addon="0" merge="0" rebuychips="0" reg_code="5075898373"/>
</players>
</general>
<round no="0"><action no="1" player="bibbiii99" type="1" discard="1" dealt="1" sum="10"/>
<action no="2" player="StelioPk" type="2" discard="1" dealt="1" sum="20"/>
</round>
<round no="1"><cards type="Pocket" player="bibbiii99">X X</cards>
<cards type="Pocket" player="StelioPk">X X</cards>
<cards type="Pocket" player="KOPKHUNKRAP">S6 H7</cards>
<action no="3" player="KOPKHUNKRAP" type="0" sum="0"/>
<action no="4" player="bibbiii99" type="3" discard="1" dealt="1" sum="10"/>
<action no="5" player="StelioPk" type="4" discard="1" dealt="1" sum="0"/>
</round>
<round no="2"><cards type="Flop">C4 H10 D4</cards>
<action no="6" player="bibbiii99" type="4" discard="1" dealt="1" sum="0"/>
<action no="7" player="StelioPk" type="5" discard="1" dealt="1" sum="20"/>
<action no="8" player="bibbiii99" type="3" discard="1" dealt="1" sum="20"/>
</round>
<round no="3"><cards type="Turn">C3</cards>
<action no="9" player="bibbiii99" type="4" discard="1" dealt="1" sum="0"/>
<action no="10" player="StelioPk" type="4" discard="1" dealt="1" sum="0"/>
</round>
<round no="4"><cards type="River">C2</cards>
<action no="11" player="bibbiii99" type="5" discard="1" dealt="1" sum="60"/>
<action no="12" player="StelioPk" type="0" discard="1" dealt="1" sum="0"/>
</round>
</game>
<game gamecode="6542228882"><general><startdate>2025-11-27 02:32:27</startdate>
<round>1</round>
<failsafecounter/>
<players><player seat="6" name="KOPKHUNKRAP" chips="490" dealer="0" win="0" bet="50" muck="1" rebuy="0" addon="0" merge="0" rebuychips="0" reg_code="5075898271"/>
<player seat="10" name="bibbiii99" chips="480" dealer="1" win="0" bet="0" muck="1" rebuy="0" addon="0" merge="0" rebuychips="0" reg_code="5075898373"/>
<player seat="3" name="StelioPk" chips="530" dealer="0" win="100" bet="125" muck="1" rebuy="0" addon="0" merge="0" rebuychips="0" reg_code="5075898250"/>
</players>
</general>
<round no="0"><action no="1" player="StelioPk" type="1" discard="1" dealt="1" sum="10"/>
<action no="2" player="KOPKHUNKRAP" type="2" sum="20"/>
</round>
<round no="1"><cards type="Pocket" player="bibbiii99">X X</cards>
<cards type="Pocket" player="KOPKHUNKRAP">H7 HK</cards>
<cards type="Pocket" player="StelioPk">X X</cards>
<action no="3" player="bibbiii99" type="0" discard="1" dealt="1" sum="0"/>
<action no="4" player="StelioPk" type="23" discard="1" dealt="1" sum="50"/>
<action no="5" player="KOPKHUNKRAP" type="3" sum="30"/>
</round>
<round no="2"><cards type="Flop">D9 C4 H5</cards>
<action no="6" player="StelioPk" type="5" discard="1" dealt="1" sum="75"/>
<action no="7" player="KOPKHUNKRAP" type="0" sum="0"/>
</round>
</game>
<game gamecode="6542228904"><general><startdate>2025-11-27 02:32:48</startdate>
<round>1</round>
<failsafecounter/>
<players><player seat="10" name="bibbiii99" chips="480" dealer="0" win="0" bet="60" muck="1" rebuy="0" addon="0" merge="0" rebuychips="0" reg_code="5075898373"/>
<player seat="3" name="StelioPk" chips="580" dealer="1" win="0" bet="0" muck="1" rebuy="0" addon="0" merge="0" rebuychips="0" reg_code="5075898250"/>
<player seat="6" name="KOPKHUNKRAP" chips="440" dealer="0" win="120" bet="140" muck="1" rebuy="0" addon="0" merge="0" rebuychips="0" reg_code="5075898271"/>
</players>
</general>
<round no="0"><action no="1" player="KOPKHUNKRAP" type="1" sum="10"/>
<action no="2" player="bibbiii99" type="2" discard="1" dealt="1" sum="20"/>
</round>
<round no="1"><cards type="Pocket" player="StelioPk">X X</cards>
<cards type="Pocket" player="bibbiii99">X X</cards>
<cards type="Pocket" player="KOPKHUNKRAP">C6 HK</cards>
<action no="3" player="StelioPk" type="0" discard="1" dealt="1" sum="0"/>
<action no="4" player="KOPKHUNKRAP" type="23" sum="40"/>
<action no="5" player="bibbiii99" type="3" discard="1" dealt="1" sum="20"/>
</round>
<round no="2"><cards type="Flop">H5 C9 HQ</cards>
<action no="6" player="KOPKHUNKRAP" type="5" sum="20"/>
<action no="7" player="bibbiii99" type="3" discard="1" dealt="1" sum="20"/>
</round>
<round no="3"><cards type="Turn">H10</cards>
<action no="8" player="KOPKHUNKRAP" type="5" sum="80"/>
<action no="9" player="bibbiii99" type="0" discard="1" dealt="1" sum="0"/>
</round>
</game>
<game gamecode="6542228924"><general><startdate>2025-11-27 02:33:09</startdate>
<round>1</round>
<failsafecounter/>
<players><player seat="3" name="StelioPk" chips="580" dealer="0" win="0" bet="20" muck="1" rebuy="0" addon="0" merge="0" rebuychips="0" reg_code="5075898250"/>
<player seat="6" name="KOPKHUNKRAP" chips="500" dealer="1" win="0" bet="0" muck="1" rebuy="0" addon="0" merge="0" rebuychips="0" reg_code="5075898271"/>
<player seat="10" name="bibbiii99" chips="420" dealer="0" win="40" bet="40" muck="1" rebuy="0" addon="0" merge="0" rebuychips="0" reg_code="5075898373"/>
</players>
</general>
<round no="0"><action no="1" player="bibbiii99" type="1" discard="1" dealt="1" sum="10"/>
<action no="2" player="StelioPk" type="2" discard="1" dealt="1" sum="20"/>
</round>
<round no="1"><cards type="Pocket" player="KOPKHUNKRAP">D10 C5</cards>
<cards type="Pocket" player="StelioPk">X X</cards>
<cards type="Pocket" player="bibbiii99">X X</cards>
<action no="3" player="KOPKHUNKRAP" type="0" sum="0"/>
<action no="4" player="bibbiii99" type="23" discard="1" dealt="1" sum="40"/>
<action no="5" player="StelioPk" type="0" discard="1" dealt="1" sum="0"/>
</round>
</game>
<game gamecode="6542232862"><general><startdate>2025-11-27 02:33:28</startdate>
<round>1</round>
<failsafecounter/>
<players><player seat="6" name="KOPKHUNKRAP" chips="500" dealer="0" win="0" bet="500" muck="1" rebuy="0" addon="0" merge="0" rebuychips="0" reg_code="5075898271"/>
<player seat="10" name="bibbiii99" chips="440" dealer="1" win="900" bet="440" muck="0" rebuy="0" addon="0" merge="0" rebuychips="0" reg_code="5075898373"/>
<player seat="3" name="StelioPk" chips="560" dealer="0" win="0" bet="20" muck="1" rebuy="0" addon="0" merge="0" rebuychips="0" reg_code="5075898250"/>
</players>
</general>
<round no="0"><action no="1" player="StelioPk" type="15" discard="1" dealt="1" sum="5"/>
<action no="2" player="KOPKHUNKRAP" type="15" sum="5"/>
<action no="3" player="bibbiii99" type="15" discard="1" dealt="1" sum="5"/>
<action no="4" player="StelioPk" type="1" discard="1" dealt="1" sum="15"/>
<action no="5" player="KOPKHUNKRAP" type="2" sum="30"/>
</round>
<round no="1"><cards type="Pocket" player="StelioPk">X X</cards>
<cards type="Pocket" player="KOPKHUNKRAP">H7 HA</cards>
<cards type="Pocket" player="bibbiii99">S8 H8</cards>
<action no="6" player="bibbiii99" type="3" discard="1" dealt="1" sum="30"/>
<action no="7" player="StelioPk" type="0" discard="1" dealt="1" sum="0"/>
<action no="8" player="KOPKHUNKRAP" type="23" sum="495"/>
<action no="9" player="bibbiii99" type="7" discard="1" dealt="1" sum="405"/>
</round>
<round no="2"><cards type="Flop">S6 CJ C7</cards>
</round>
<round no="3"><cards type="Turn">SQ</cards>
</round>
<round no="4"><cards type="River">H4</cards>
</round>
</game>
<game gamecode="6542232881"><general><startdate>2025-11-27 02:33:49</startdate>
<round>1</round>
<failsafecounter/>
<players><player seat="10" name="bibbiii99" chips="900" dealer="0" win="0" bet="60" muck="1" rebuy="0" addon="0" merge="0" rebuychips="0" reg_code="5075898373"/>
<player seat="3" name="StelioPk" chips="540" dealer="1" win="0" bet="5" muck="1" rebuy="0" addon="0" merge="0" rebuychips="0" reg_code="5075898250"/>
<player seat="6" name="KOPKHUNKRAP" chips="60" dealer="0" win="125" bet="60" muck="0" rebuy="0" addon="0" merge="0" rebuychips="0" reg_code="5075898271"/>
</players>
</general>
<round no="0"><action no="1" player="KOPKHUNKRAP" type="15" sum="5"/>
<action no="2" player="bibbiii99" type="15" discard="1" dealt="1" sum="5"/>
<action no="3" player="StelioPk" type="15" discard="1" dealt="1" sum="5"/>
<action no="4" player="KOPKHUNKRAP" type="1" sum="15"/>
<action no="5" player="bibbiii99" type="2" discard="1" dealt="1" sum="30"/>
</round>
<round no="1"><cards type="Pocket" player="bibbiii99">D2 C2</cards>
<cards type="Pocket" player="StelioPk">X X</cards>
<cards type="Pocket" player="KOPKHUNKRAP">H10 D3</cards>
<action no="6" player="StelioPk" type="0" discard="1" dealt="1" sum="0"/>
<action no="7" player="KOPKHUNKRAP" type="7" sum="40"/>
<action no="8" player="bibbiii99" type="3" discard="1" dealt="1" sum="25"/>
</round>
<round no="2"><cards type="Flop">DJ D9 HQ</cards>
</round>
<round no="3"><cards type="Turn">S5</cards>
</round>
<round no="4"><cards type="River">D8</cards>
</round>
</game>
<game gamecode="6542232892"><general><startdate>2025-11-27 02:34:04</startdate>
<round>1</round>
<failsafecounter/>
<players><player seat="3" name="StelioPk" chips="535" dealer="0" win="0" bet="65" muck="1" rebuy="0" addon="0" merge="0" rebuychips="0" reg_code="5075898250"/>
<player seat="6" name="KOPKHUNKRAP" chips="125" dealer="1" win="0" bet="5" muck="1" rebuy="0" addon="0" merge="0" rebuychips="0" reg_code="5075898271"/>
<player seat="10" name="bibbiii99" chips="840" dealer="0" win="135" bet="95" muck="1" rebuy="0" addon="0" merge="0" rebuychips="0" reg_code="5075898373"/>
</players>
</general>
<round no="0"><action no="1" player="bibbiii99" type="15" discard="1" dealt="1" sum="5"/>
<action no="2" player="StelioPk" type="15" discard="1" dealt="1" sum="5"/>
<action no="3" player="KOPKHUNKRAP" type="15" sum="5"/>
<action no="4" player="bibbiii99" type="1" discard="1" dealt="1" sum="15"/>
<action no="5" player="StelioPk" type="2" discard="1" dealt="1" sum="30"/>
</round>
<round no="1"><cards type="Pocket" player="StelioPk">X X</cards>
<cards type="Pocket" player="KOPKHUNKRAP">D3 S9</cards>
<cards type="Pocket" player="bibbiii99">X X</cards>
<action no="6" player="KOPKHUNKRAP" type="0" sum="0"/>
<action no="7" player="bibbiii99" type="3" discard="1" dealt="1" sum="15"/>
<action no="8" player="StelioPk" type="4" discard="1" dealt="1" sum="0"/>
</round>
<round no="2"><cards type="Flop">H10 HK H5</cards>
<action no="9" player="bibbiii99" type="4" discard="1" dealt="1" sum="0"/>
<action no="10" player="StelioPk" type="5" discard="1" dealt="1" sum="30"/>
<action no="11" player="bibbiii99" type="3" discard="1" dealt="1" sum="30"/>
</round>
<round no="3"><cards type="Turn">CJ</cards>
<action no="12" player="bibbiii99" type="5" discard="1" dealt="1" sum="30"/>
<action no="13" player="StelioPk" type="0" discard="1" dealt="1" sum="0"/>
</round>
</game>
<game gamecode="6542232920"><general><startdate>2025-11-27 02:34:33</startdate>
<round>1</round>
<failsafecounter/>
<players><player seat="6" name="KOPKHUNKRAP" chips="120" dealer="0" win="0" bet="35" muck="1" rebuy="0" addon="0" merge="0" rebuychips="0" reg_code="5075898271"/>
<player seat="10" name="bibbiii99" chips="910" dealer="1" win="975" bet="470" muck="0" rebuy="0" addon="0" merge="0" rebuychips="0" reg_code="5075898373"/>
<player seat="3" name="StelioPk" chips="470" dealer="0" win="0" bet="470" muck="0" rebuy="0" addon="0" merge="0" rebuychips="0" reg_code="5075898250"/>
</players>
</general>
<round no="0"><action no="1" player="StelioPk" type="15" discard="1" dealt="1" sum="5"/>
<action no="2" player="KOPKHUNKRAP" type="15" sum="5"/>
<action no="3" player="bibbiii99" type="15" discard="1" dealt="1" sum="5"/>
<action no="4" player="StelioPk" type="1" discard="1" dealt="1" sum="15"/>
<action no="5" player="KOPKHUNKRAP" type="2" sum="30"/>
</round>
<round no="1"><cards type="Pocket" player="bibbiii99">H8 DK</cards>
<cards type="Pocket" player="KOPKHUNKRAP">H3 C7</cards>
<cards type="Pocket" player="StelioPk">C5 SA</cards>
<action no="6" player="bibbiii99" type="3" discard="1" dealt="1" sum="30"/>
<action no="7" player="StelioPk" type="23" discard="1" dealt="1" sum="465"/>
<action no="8" player="KOPKHUNKRAP" type="0" sum="0"/>
<action no="9" player="bibbiii99" type="3" discard="1" dealt="1" sum="435"/>
</round>
<round no="2"><cards type="Flop">C8 D8 D3</cards>
</round>
<round no="3"><cards type="Turn">H9</cards>
</round>
<round no="4"><cards type="River">SK</cards>
</round>
</game>
<game gamecode="6542232944"><general><startdate>2025-11-27 02:34:54</startdate>
<round>1</round>
<failsafecounter/>
<players><player seat="10" name="bibbiii99" chips="1,415" dealer="0" win="0" bet="85" muck="1" rebuy="0" addon="0" merge="0" rebuychips="0" reg_code="5075898373"/>
<player seat="6" name="KOPKHUNKRAP" chips="85" dealer="1" win="170" bet="85" muck="0" rebuy="0" addon="0" merge="0" rebuychips="0" reg_code="5075898271"/>
</players>
</general>
<round no="0"><action no="1" player="KOPKHUNKRAP" type="15" sum="5"/>
<action no="2" player="bibbiii99" type="15" discard="1" dealt="1" sum="5"/>
<action no="3" player="KOPKHUNKRAP" type="1" sum="15"/>
<action no="4" player="bibbiii99" type="2" discard="1" dealt="1" sum="30"/>
</round>
<round no="1"><cards type="Pocket" player="bibbiii99">D8 SK</cards>
<cards type="Pocket" player="KOPKHUNKRAP">D10 D6</cards>
<action no="5" player="KOPKHUNKRAP" type="23" sum="80"/>
<action no="6" player="bibbiii99" type="3" discard="1" dealt="1" sum="50"/>
</round>
<round no="2"><cards type="Flop">C6 CJ S2</cards>
</round>
<round no="3"><cards type="Turn">SQ</cards>
</round>
<round no="4"><cards type="River">S9</cards>
</round>
</game>
<game gamecode="6542232962"><general><startdate>2025-11-27 02:35:09</startdate>
<round>1</round>
<failsafecounter/>
<players><player seat="6" name="KOPKHUNKRAP" chips="170" dealer="0" win="0" bet="170" muck="0" rebuy="0" addon="0" merge="0" rebuychips="0" reg_code="5075898271"/>
<player seat="10" name="bibbiii99" chips="1,330" dealer="1" win="340" bet="170" muck="0" rebuy="0" addon="0" merge="0" rebuychips="0" reg_code="5075898373"/>
</players>
</general>
<round no="0"><action no="1" player="bibbiii99" type="15" discard="1" dealt="1" sum="5"/>
<action no="2" player="KOPKHUNKRAP" type="15" sum="5"/>
<action no="3" player="bibbiii99" type="1" discard="1" dealt="1" sum="20"/>
<action no="4" player="KOPKHUNKRAP" type="2" sum="40"/>
</round>
<round no="1"><cards type="Pocket" player="bibbiii99">CQ CA</cards>
<cards type="Pocket" player="KOPKHUNKRAP">D5 D9</cards>
<action no="5" player="bibbiii99" type="23" discard="1" dealt="1" sum="160"/>
<action no="6" player="KOPKHUNKRAP" type="7" sum="125"/>
<action no="7" player="bibbiii99" type="3" discard="1" dealt="1" sum="5"/>
</round>
<round no="2"><cards type="Flop">CK D4 DA</cards>
</round>
<round no="3"><cards type="Turn">SQ</cards>
</round>
<round no="4"><cards type="River">H10</cards>
</round>
</game>
</session>
