<?xml version="1.0" encoding="UTF-8"?>
<session sessioncode="5075793096">
<general>
<client_version>25.7.1.34</client_version>
<mode>real</mode>
<gametype>Holdem NL</gametype>
<tablename>Twister €100 SNG, 822497249</tablename>
<tournamentcode>822497248</tournamentcode>
<tournamentname>Twister €100 SNG</tournamentname>
<buyin>€0 + €7 + €93</buyin>
<totalbuyin>€100</totalbuyin>
<rewarddrawn>€200</rewarddrawn>
<tournamentcurrency>EUR</tournamentcurrency>
<currency>EUR</currency>
<nickname>KOPKHUNKRAP</nickname>
<gamecount>7</gamecount>
<startdate>2025-11-26 19:40:39</startdate>
<place>3</place>
<win>€0</win>
<tablesize>3</tablesize>
</general>
<game gamecode="6541846351"><general><startdate>2025-11-26 19:40:55</startdate>
<round>1</round>
<failsafecounter/>
<players><player seat="10" name="KOPKHUNKRAP" chips="500" dealer="0" win="200" bet="100" muck="0" rebuy="0" addon="0" merge="0" rebuychips="0" reg_code="5075793096"/>
<player seat="3" name="Tiuualex" chips="500" dealer="1" win="0" bet="0" muck="1" rebuy="0" addon="0" merge="0" rebuychips="0" reg_code="5075792680"/>
<player seat="6" name="ilCapo6" chips="500" dealer="0" win="0" bet="100" muck="1" rebuy="0" addon="0" merge="0" rebuychips="0" reg_code="5075792840"/>
</players>
</general>
<round no="0"><action no="1" player="ilCapo6" type="1" discard="1" dealt="1" sum="10"/>
<action no="2" player="KOPKHUNKRAP" type="2" sum="20"/>
</round>
<round no="1"><cards type="Pocket" player="KOPKHUNKRAP">SA H8</cards>
<cards type="Pocket" player="ilCapo6">CJ CQ</cards>
<cards type="Pocket" player="Tiuualex">X X</cards>
<action no="3" player="Tiuualex" type="0" discard="1" dealt="1" sum="0"/>
<action no="4" player="ilCapo6" type="3" discard="1" dealt="1" sum="10"/>
<action no="5" player="KOPKHUNKRAP" type="23" sum="60"/>
<action no="6" player="ilCapo6" type="3" discard="1" dealt="1" sum="40"/>
</round>
<round no="2"><cards type="Flop">H10 D5 S3</cards>
<action no="7" player="ilCapo6" type="4" discard="1" dealt="1" sum="0"/>
<action no="8" player="KOPKHUNKRAP" type="5" sum="40"/>
<action no="9" player="ilCapo6" type="3" discard="1" dealt="1" sum="40"/>
</round>
<round no="3"><cards type="Turn">C8</cards>
<action no="10" player="ilCapo6" type="4" discard="1" dealt="1" sum="0"/>
<action no="11" player="KOPKHUNKRAP" type="4" sum="0"/>
</round>
<round no="4"><cards type="River">CK</cards>
<action no="12" player="ilCapo6" type="4" discard="1" dealt="1" sum="0"/>
<action no="13" player="KOPKHUNKRAP" type="4" sum="0"/>
</round>
</game>
<game gamecode="6541846532"><general><startdate>2025-11-26 19:41:54</startdate>
<round>1</round>
<failsafecounter/>
<players><player seat="3" name="Tiuualex" chips="500" dealer="0" win="0" bet="20" muck="1" rebuy="0" addon="0" merge="0" rebuychips="0" reg_code="5075792680"/>
<player seat="6" name="ilCapo6" chips="400" dealer="1" win="820" bet="400" muck="0" rebuy="0" addon="0" merge="0" rebuychips="0" reg_code="5075792840"/>
<player seat="10" name="KOPKHUNKRAP" chips="600" dealer="0" win="0" bet="600" muck="1" rebuy="0" addon="0" merge="0" rebuychips="0" reg_code="5075793096"/>
</players>
</general>
<round no="0"><action no="1" player="KOPKHUNKRAP" type="1" sum="10"/>
<action no="2" player="Tiuualex" type="2" discard="1" dealt="1" sum="20"/>
</round>
<round no="1"><cards type="Pocket" player="KOPKHUNKRAP">CK CJ</cards>
<cards type="Pocket" player="ilCapo6">C9 D9</cards>
<cards type="Pocket" player="Tiuualex">X X</cards>
<action no="3" player="ilCapo6" type="23" discard="1" dealt="1" sum="40"/>
<action no="4" player="KOPKHUNKRAP" type="23" sum="600"/>
<action no="5" player="Tiuualex" type="0" discard="1" dealt="1" sum="0"/>
<action no="6" player="ilCapo6" type="7" discard="1" dealt="1" sum="360"/>
</round>
<round no="2"><cards type="Flop">D6 H4 C4</cards>
</round>
<round no="3"><cards type="Turn">D3</cards>
</round>
<round no="4"><cards type="River">CA</cards>
</round>
</game>
<game gamecode="6541846601"><general><startdate>2025-11-26 19:42:18</startdate>
<round>1</round>
<failsafecounter/>
<players><player seat="6" name="ilCapo6" chips="820" dealer="0" win="20" bet="20" muck="1" rebuy="0" addon="0" merge="0" rebuychips="0" reg_code="5075792840"/>
<player seat="10" name="KOPKHUNKRAP" chips="200" dealer="1" win="0" bet="0" muck="1" rebuy="0" addon="0" merge="0" rebuychips="0" reg_code="5075793096"/>
<player seat="3" name="Tiuualex" chips="480" dealer="0" win="0" bet="10" muck="1" rebuy="0" addon="0" merge="0" rebuychips="0" reg_code="5075792680"/>
</players>
</general>
<round no="0"><action no="1" player="Tiuualex" type="1" discard="1" dealt="1" sum="10"/>
<action no="2" player="ilCapo6" type="2" discard="1" dealt="1" sum="20"/>
</round>
<round no="1"><cards type="Pocket" player="KOPKHUNKRAP">H6 C2</cards>
<cards type="Pocket" player="Tiuualex">X X</cards>
<cards type="Pocket" player="ilCapo6">X X</cards>
<action no="3" player="KOPKHUNKRAP" type="0" sum="0"/>
<action no="4" player="Tiuualex" type="0" discard="1" dealt="1" sum="0"/>
</round>
</game>
<game gamecode="6541846632"><general><startdate>2025-11-26 19:42:25</startdate>
<round>1</round>
<failsafecounter/>
<players><player seat="10" name="KOPKHUNKRAP" chips="200" dealer="0" win="0" bet="20" muck="1" rebuy="0" addon="0" merge="0" rebuychips="0" reg_code="5075793096"/>
<player seat="3" name="Tiuualex" chips="470" dealer="1" win="0" bet="0" muck="1" rebuy="0" addon="0" merge="0" rebuychips="0" reg_code="5075792680"/>
<player seat="6" name="ilCapo6" chips="830" dealer="0" win="40" bet="830" muck="1" rebuy="0" addon="0" merge="0" rebuychips="0" reg_code="5075792840"/>
</players>
</general>
<round no="0"><action no="1" player="ilCapo6" type="1" discard="1" dealt="1" sum="10"/>
<action no="2" player="KOPKHUNKRAP" type="2" sum="20"/>
</round>
<round no="1"><cards type="Pocket" player="KOPKHUNKRAP">H7 C10</cards>
<cards type="Pocket" player="ilCapo6">X X</cards>
<cards type="Pocket" player="Tiuualex">X X</cards>
<action no="3" player="Tiuualex" type="0" discard="1" dealt="1" sum="0"/>
<action no="4" player="ilCapo6" type="23" discard="1" dealt="1" sum="830"/>
<action no="5" player="KOPKHUNKRAP" type="0" sum="0"/>
</round>
</game>
<game gamecode="6541846697"><general><startdate>2025-11-26 19:42:47</startdate>
<round>1</round>
<failsafecounter/>
<players><player seat="3" name="Tiuualex" chips="470" dealer="0" win="0" bet="180" muck="1" rebuy="0" addon="0" merge="0" rebuychips="0" reg_code="5075792680"/>
<player seat="6" name="ilCapo6" chips="850" dealer="1" win="0" bet="5" muck="1" rebuy="0" addon="0" merge="0" rebuychips="0" reg_code="5075792840"/>
<player seat="10" name="KOPKHUNKRAP" chips="180" dealer="0" win="365" bet="180" muck="0" rebuy="0" addon="0" merge="0" rebuychips="0" reg_code="5075793096"/>
</players>
</general>
<round no="0"><action no="1" player="KOPKHUNKRAP" type="15" sum="5"/>
<action no="2" player="Tiuualex" type="15" discard="1" dealt="1" sum="5"/>
<action no="3" player="ilCapo6" type="15" discard="1" dealt="1" sum="5"/>
<action no="4" player="KOPKHUNKRAP" type="1" sum="15"/>
<action no="5" player="Tiuualex" type="2" discard="1" dealt="1" sum="30"/>
</round>
<round no="1"><cards type="Pocket" player="KOPKHUNKRAP">HK CK</cards>
<cards type="Pocket" player="ilCapo6">X X</cards>
<cards type="Pocket" player="Tiuualex">C7 DQ</cards>
<action no="6" player="ilCapo6" type="0" discard="1" dealt="1" sum="0"/>
<action no="7" player="KOPKHUNKRAP" type="23" sum="175"/>
<action no="8" player="Tiuualex" type="3" discard="1" dealt="1" sum="145"/>
</round>
<round no="2"><cards type="Flop">CA C5 C10</cards>
</round>
<round no="3"><cards type="Turn">C3</cards>
</round>
<round no="4"><cards type="River">CJ</cards>
</round>
</game>
<game gamecode="6541846784"><general><startdate>2025-11-26 19:43:10</startdate>
<round>1</round>
<failsafecounter/>
<players><player seat="6" name="ilCapo6" chips="845" dealer="0" win="0" bet="290" muck="1" rebuy="0" addon="0" merge="0" rebuychips="0" reg_code="5075792840"/>
<player seat="10" name="KOPKHUNKRAP" chips="365" dealer="1" win="0" bet="5" muck="1" rebuy="0" addon="0" merge="0" rebuychips="0" reg_code="5075793096"/>
<player seat="3" name="Tiuualex" chips="290" dealer="0" win="585" bet="290" muck="0" rebuy="0" addon="0" merge="0" rebuychips="0" reg_code="5075792680"/>
</players>
</general>
<round no="0"><action no="1" player="Tiuualex" type="15" discard="1" dealt="1" sum="5"/>
<action no="2" player="ilCapo6" type="15" discard="1" dealt="1" sum="5"/>
<action no="3" player="KOPKHUNKRAP" type="15" sum="5"/>
<action no="4" player="Tiuualex" type="1" discard="1" dealt="1" sum="15"/>
<action no="5" player="ilCapo6" type="2" discard="1" dealt="1" sum="30"/>
</round>
<round no="1"><cards type="Pocket" player="ilCapo6">H6 H9</cards>
<cards type="Pocket" player="KOPKHUNKRAP">S5 CJ</cards>
<cards type="Pocket" player="Tiuualex">C8 H8</cards>
<action no="6" player="KOPKHUNKRAP" type="0" sum="0"/>
<action no="7" player="Tiuualex" type="3" discard="1" dealt="1" sum="15"/>
<action no="8" player="ilCapo6" type="4" discard="1" dealt="1" sum="0"/>
</round>
<round no="2"><cards type="Flop">CQ D5 C6</cards>
<action no="9" player="Tiuualex" type="4" discard="1" dealt="1" sum="0"/>
<action no="10" player="ilCapo6" type="5" discard="1" dealt="1" sum="56"/>
<action no="11" player="Tiuualex" type="23" discard="1" dealt="1" sum="255"/>
<action no="12" player="ilCapo6" type="3" discard="1" dealt="1" sum="199"/>
</round>
<round no="3"><cards type="Turn">HK</cards>
</round>
<round no="4"><cards type="River">CK</cards>
</round>
</game>
<game gamecode="6541846910"><general><startdate>2025-11-26 19:43:50</startdate>
<round>1</round>
<failsafecounter/>
<players><player seat="10" name="KOPKHUNKRAP" chips="360" dealer="0" win="0" bet="360" muck="0" rebuy="0" addon="0" merge="0" rebuychips="0" reg_code="5075793096"/>
<player seat="3" name="Tiuualex" chips="585" dealer="1" win="740" bet="585" muck="0" rebuy="0" addon="0" merge="0" rebuychips="0" reg_code="5075792680"/>
<player seat="6" name="ilCapo6" chips="555" dealer="0" win="0" bet="20" muck="1" rebuy="0" addon="0" merge="0" rebuychips="0" reg_code="5075792840"/>
</players>
</general>
<round no="0"><action no="1" player="ilCapo6" type="15" discard="1" dealt="1" sum="5"/>
<action no="2" player="KOPKHUNKRAP" type="15" sum="5"/>
<action no="3" player="Tiuualex" type="15" discard="1" dealt="1" sum="5"/>
<action no="4" player="ilCapo6" type="1" discard="1" dealt="1" sum="15"/>
<action no="5" player="KOPKHUNKRAP" type="2" sum="30"/>
</round>
<round no="1"><cards type="Pocket" player="ilCapo6">X X</cards>
<cards type="Pocket" player="KOPKHUNKRAP">DQ HQ</cards>
<cards type="Pocket" player="Tiuualex">DA CK</cards>
<action no="6" player="Tiuualex" type="23" discard="1" dealt="1" sum="580"/>
<action no="7" player="ilCapo6" type="0" discard="1" dealt="1" sum="0"/>
<action no="8" player="KOPKHUNKRAP" type="7" sum="325"/>
</round>
<round no="2"><cards type="Flop">H8 SA SJ</cards>
</round>
<round no="3"><cards type="Turn">S7</cards>
</round>
<round no="4"><cards type="River">C4</cards>
</round>
</game>
</session>
