<?xml version="1.0" encoding="UTF-8"?>
<session sessioncode="5075364473">
<general>
<client_version>24.7.1.15</client_version>
<mode>real</mode>
<gametype>Holdem NL</gametype>
<tablename>Twister €200 SNG, 822389445</tablename>
<tournamentcode>822389444</tournamentcode>
<tournamentname>Twister €200 SNG</tournamentname>
<buyin>€0 + €12 + €188</buyin>
<totalbuyin>€200</totalbuyin>
<rewarddrawn>€600</rewarddrawn>
<tournamentcurrency>EUR</tournamentcurrency>
<currency>EUR</currency>
<nickname>KOPKHUNKRAP</nickname>
<gamecount>10</gamecount>
<startdate>2025-11-25 03:40:25</startdate>
<place>3</place>
<win>€0</win>
<tablesize>3</tablesize>
</general>
<game gamecode="6540466560"><general><startdate>2025-11-25 03:40:40</startdate>
<round>1</round>
<failsafecounter/>
<players><player seat="3" name="SuBandiduu" chips="500" dealer="0" win="334" bet="162" muck="0" rebuy="0" addon="0" merge="0" rebuychips="0" reg_code="5075364323"/>
<player seat="6" name="StelioPk" chips="500" dealer="1" win="0" bet="162" muck="1" rebuy="0" addon="0" merge="0" rebuychips="0" reg_code="5075364443"/>
<player seat="10" name="KOPKHUNKRAP" chips="500" dealer="0" win="0" bet="10" muck="1" rebuy="0" addon="0" merge="0" rebuychips="0" reg_code="5075364473"/>
</players>
</general>
<round no="0"><action no="1" player="KOPKHUNKRAP" type="1" sum="10"/>
<action no="2" player="SuBandiduu" type="2" discard="1" dealt="1" sum="20"/>
</round>
<round no="1"><cards type="Pocket" player="SuBandiduu">DJ SQ</cards>
<cards type="Pocket" player="StelioPk">C10 SK</cards>
<cards type="Pocket" player="KOPKHUNKRAP">CJ D3</cards>
<action no="3" player="StelioPk" type="23" discard="1" dealt="1" sum="40"/>
<action no="4" player="KOPKHUNKRAP" type="0" sum="0"/>
<action no="5" player="SuBandiduu" type="3" discard="1" dealt="1" sum="20"/>
</round>
<round no="2"><cards type="Flop">C9 DA DQ</cards>
<action no="6" player="SuBandiduu" type="4" discard="1" dealt="1" sum="0"/>
<action no="7" player="StelioPk" type="5" discard="1" dealt="1" sum="22"/>
<action no="8" player="SuBandiduu" type="3" discard="1" dealt="1" sum="22"/>
</round>
<round no="3"><cards type="Turn">S6</cards>
<action no="9" player="SuBandiduu" type="4" discard="1" dealt="1" sum="0"/>
<action no="10" player="StelioPk" type="5" discard="1" dealt="1" sum="100"/>
<action no="11" player="SuBandiduu" type="3" discard="1" dealt="1" sum="100"/>
</round>
<round no="4"><cards type="River">D4</cards>
<action no="12" player="SuBandiduu" type="4" discard="1" dealt="1" sum="0"/>
<action no="13" player="StelioPk" type="4" discard="1" dealt="1" sum="0"/>
</round>
</game>
<game gamecode="6540466583"><general><startdate>2025-11-25 03:41:16</startdate>
<round>1</round>
<failsafecounter/>
<players><player seat="6" name="StelioPk" chips="338" dealer="0" win="40" bet="40" muck="1" rebuy="0" addon="0" merge="0" rebuychips="0" reg_code="5075364443"/>
<player seat="10" name="KOPKHUNKRAP" chips="490" dealer="1" win="0" bet="0" muck="1" rebuy="0" addon="0" merge="0" rebuychips="0" reg_code="5075364473"/>
<player seat="3" name="SuBandiduu" chips="672" dealer="0" win="0" bet="20" muck="1" rebuy="0" addon="0" merge="0" rebuychips="0" reg_code="5075364323"/>
</players>
</general>
<round no="0"><action no="1" player="SuBandiduu" type="1" discard="1" dealt="1" sum="10"/>
<action no="2" player="StelioPk" type="2" discard="1" dealt="1" sum="20"/>
</round>
<round no="1"><cards type="Pocket" player="StelioPk">X X</cards>
<cards type="Pocket" player="KOPKHUNKRAP">SQ H4</cards>
<cards type="Pocket" player="SuBandiduu">X X</cards>
<action no="3" player="KOPKHUNKRAP" type="0" sum="0"/>
<action no="4" player="SuBandiduu" type="3" discard="1" dealt="1" sum="10"/>
<action no="5" player="StelioPk" type="4" discard="1" dealt="1" sum="0"/>
</round>
<round no="2"><cards type="Flop">D5 D6 S4</cards>
<action no="6" player="SuBandiduu" type="4" discard="1" dealt="1" sum="0"/>
<action no="7" player="StelioPk" type="4" discard="1" dealt="1" sum="0"/>
</round>
<round no="3"><cards type="Turn">D3</cards>
<action no="8" player="SuBandiduu" type="4" discard="1" dealt="1" sum="0"/>
<action no="9" player="StelioPk" type="5" discard="1" dealt="1" sum="20"/>
<action no="10" player="SuBandiduu" type="0" discard="1" dealt="1" sum="0"/>
</round>
</game>
<game gamecode="6540469180"><general><startdate>2025-11-25 03:41:49</startdate>
<round>1</round>
<failsafecounter/>
<players><player seat="10" name="KOPKHUNKRAP" chips="490" dealer="0" win="160" bet="140" muck="1" rebuy="0" addon="0" merge="0" rebuychips="0" reg_code="5075364473"/>
<player seat="3" name="SuBandiduu" chips="652" dealer="1" win="0" bet="0" muck="1" rebuy="0" addon="0" merge="0" rebuychips="0" reg_code="5075364323"/>
<player seat="6" name="StelioPk" chips="358" dealer="0" win="0" bet="80" muck="1" rebuy="0" addon="0" merge="0" rebuychips="0" reg_code="5075364443"/>
</players>
</general>
<round no="0"><action no="1" player="StelioPk" type="1" discard="1" dealt="1" sum="10"/>
<action no="2" player="KOPKHUNKRAP" type="2" sum="20"/>
</round>
<round no="1"><cards type="Pocket" player="KOPKHUNKRAP">DK H7</cards>
<cards type="Pocket" player="SuBandiduu">X X</cards>
<cards type="Pocket" player="StelioPk">X X</cards>
<action no="3" player="SuBandiduu" type="0" discard="1" dealt="1" sum="0"/>
<action no="4" player="StelioPk" type="3" discard="1" dealt="1" sum="10"/>
<action no="5" player="KOPKHUNKRAP" type="4" sum="0"/>
</round>
<round no="2"><cards type="Flop">D7 C3 S6</cards>
<action no="6" player="StelioPk" type="5" discard="1" dealt="1" sum="20"/>
<action no="7" player="KOPKHUNKRAP" type="23" sum="60"/>
<action no="8" player="StelioPk" type="3" discard="1" dealt="1" sum="40"/>
</round>
<round no="3"><cards type="Turn">S10</cards>
<action no="9" player="StelioPk" type="4" discard="1" dealt="1" sum="0"/>
<action no="10" player="KOPKHUNKRAP" type="5" sum="60"/>
<action no="11" player="StelioPk" type="0" discard="1" dealt="1" sum="0"/>
</round>
</game>
<game gamecode="6540469220"><general><startdate>2025-11-25 03:42:40</startdate>
<round>1</round>
<failsafecounter/>
<players><player seat="3" name="SuBandiduu" chips="652" dealer="0" win="0" bet="35" muck="1" rebuy="0" addon="0" merge="0" rebuychips="0" reg_code="5075364323"/>
<player seat="6" name="StelioPk" chips="278" dealer="1" win="90" bet="278" muck="1" rebuy="0" addon="0" merge="0" rebuychips="0" reg_code="5075364443"/>
<player seat="10" name="KOPKHUNKRAP" chips="570" dealer="0" win="0" bet="20" muck="1" rebuy="0" addon="0" merge="0" rebuychips="0" reg_code="5075364473"/>
</players>
</general>
<round no="0"><action no="1" player="KOPKHUNKRAP" type="15" sum="5"/>
<action no="2" player="SuBandiduu" type="15" discard="1" dealt="1" sum="5"/>
<action no="3" player="StelioPk" type="15" discard="1" dealt="1" sum="5"/>
<action no="4" player="KOPKHUNKRAP" type="1" sum="15"/>
<action no="5" player="SuBandiduu" type="2" discard="1" dealt="1" sum="30"/>
</round>
<round no="1"><cards type="Pocket" player="SuBandiduu">X X</cards>
<cards type="Pocket" player="KOPKHUNKRAP">H7 H10</cards>
<cards type="Pocket" player="StelioPk">X X</cards>
<action no="6" player="StelioPk" type="23" discard="1" dealt="1" sum="273"/>
<action no="7" player="KOPKHUNKRAP" type="0" sum="0"/>
<action no="8" player="SuBandiduu" type="0" discard="1" dealt="1" sum="0"/>
</round>
</game>
<game gamecode="6540469228"><general><startdate>2025-11-25 03:42:50</startdate>
<round>1</round>
<failsafecounter/>
<players><player seat="6" name="StelioPk" chips="333" dealer="0" win="0" bet="35" muck="1" rebuy="0" addon="0" merge="0" rebuychips="0" reg_code="5075364443"/>
<player seat="10" name="KOPKHUNKRAP" chips="550" dealer="1" win="0" bet="5" muck="1" rebuy="0" addon="0" merge="0" rebuychips="0" reg_code="5075364473"/>
<player seat="3" name="SuBandiduu" chips="617" dealer="0" win="75" bet="617" muck="1" rebuy="0" addon="0" merge="0" rebuychips="0" reg_code="5075364323"/>
</players>
</general>
<round no="0"><action no="1" player="SuBandiduu" type="15" discard="1" dealt="1" sum="5"/>
<action no="2" player="StelioPk" type="15" discard="1" dealt="1" sum="5"/>
<action no="3" player="KOPKHUNKRAP" type="15" sum="5"/>
<action no="4" player="SuBandiduu" type="1" discard="1" dealt="1" sum="15"/>
<action no="5" player="StelioPk" type="2" discard="1" dealt="1" sum="30"/>
</round>
<round no="1"><cards type="Pocket" player="StelioPk">X X</cards>
<cards type="Pocket" player="KOPKHUNKRAP">H6 C5</cards>
<cards type="Pocket" player="SuBandiduu">X X</cards>
<action no="6" player="KOPKHUNKRAP" type="0" sum="0"/>
<action no="7" player="SuBandiduu" type="23" discard="1" dealt="1" sum="612"/>
<action no="8" player="StelioPk" type="0" discard="1" dealt="1" sum="0"/>
</round>
</game>
<game gamecode="6540469240"><general><startdate>2025-11-25 03:42:58</startdate>
<round>1</round>
<failsafecounter/>
<players><player seat="10" name="KOPKHUNKRAP" chips="545" dealer="0" win="0" bet="35" muck="1" rebuy="0" addon="0" merge="0" rebuychips="0" reg_code="5075364473"/>
<player seat="3" name="SuBandiduu" chips="657" dealer="1" win="0" bet="298" muck="1" rebuy="0" addon="0" merge="0" rebuychips="0" reg_code="5075364323"/>
<player seat="6" name="StelioPk" chips="298" dealer="0" win="631" bet="298" muck="0" rebuy="0" addon="0" merge="0" rebuychips="0" reg_code="5075364443"/>
</players>
</general>
<round no="0"><action no="1" player="StelioPk" type="15" discard="1" dealt="1" sum="5"/>
<action no="2" player="KOPKHUNKRAP" type="15" sum="5"/>
<action no="3" player="SuBandiduu" type="15" discard="1" dealt="1" sum="5"/>
<action no="4" player="StelioPk" type="1" discard="1" dealt="1" sum="15"/>
<action no="5" player="KOPKHUNKRAP" type="2" sum="30"/>
</round>
<round no="1"><cards type="Pocket" player="StelioPk">DA DQ</cards>
<cards type="Pocket" player="SuBandiduu">H8 HK</cards>
<cards type="Pocket" player="KOPKHUNKRAP">D7 D5</cards>
<action no="6" player="SuBandiduu" type="23" discard="1" dealt="1" sum="60"/>
<action no="7" player="StelioPk" type="23" discard="1" dealt="1" sum="293"/>
<action no="8" player="KOPKHUNKRAP" type="0" sum="0"/>
<action no="9" player="SuBandiduu" type="3" discard="1" dealt="1" sum="233"/>
</round>
<round no="2"><cards type="Flop">C3 C2 H9</cards>
</round>
<round no="3"><cards type="Turn">SQ</cards>
</round>
<round no="4"><cards type="River">H10</cards>
</round>
</game>
<game gamecode="6540469261"><general><startdate>2025-11-25 03:43:18</startdate>
<round>1</round>
<failsafecounter/>
<players><player seat="3" name="SuBandiduu" chips="359" dealer="0" win="723" bet="359" muck="0" rebuy="0" addon="0" merge="0" rebuychips="0" reg_code="5075364323"/>
<player seat="6" name="StelioPk" chips="631" dealer="1" win="0" bet="5" muck="1" rebuy="0" addon="0" merge="0" rebuychips="0" reg_code="5075364443"/>
<player seat="10" name="KOPKHUNKRAP" chips="510" dealer="0" win="0" bet="510" muck="1" rebuy="0" addon="0" merge="0" rebuychips="0" reg_code="5075364473"/>
</players>
</general>
<round no="0"><action no="1" player="KOPKHUNKRAP" type="15" sum="5"/>
<action no="2" player="SuBandiduu" type="15" discard="1" dealt="1" sum="5"/>
<action no="3" player="StelioPk" type="15" discard="1" dealt="1" sum="5"/>
<action no="4" player="KOPKHUNKRAP" type="1" sum="15"/>
<action no="5" player="SuBandiduu" type="2" discard="1" dealt="1" sum="30"/>
</round>
<round no="1"><cards type="Pocket" player="SuBandiduu">S2 DA</cards>
<cards type="Pocket" player="KOPKHUNKRAP">C7 C10</cards>
<cards type="Pocket" player="StelioPk">X X</cards>
<action no="6" player="StelioPk" type="0" discard="1" dealt="1" sum="0"/>
<action no="7" player="KOPKHUNKRAP" type="23" sum="505"/>
<action no="8" player="SuBandiduu" type="7" discard="1" dealt="1" sum="324"/>
</round>
<round no="2"><cards type="Flop">S6 SQ CK</cards>
</round>
<round no="3"><cards type="Turn">SA</cards>
</round>
<round no="4"><cards type="River">C4</cards>
</round>
</game>
<game gamecode="6540469285"><general><startdate>2025-11-25 03:43:46</startdate>
<round>1</round>
<failsafecounter/>
<players><player seat="6" name="StelioPk" chips="626" dealer="0" win="165" bet="121" muck="1" rebuy="0" addon="0" merge="0" rebuychips="0" reg_code="5075364443"/>
<player seat="10" name="KOPKHUNKRAP" chips="151" dealer="1" win="0" bet="5" muck="1" rebuy="0" addon="0" merge="0" rebuychips="0" reg_code="5075364473"/>
<player seat="3" name="SuBandiduu" chips="723" dealer="0" win="0" bet="80" muck="1" rebuy="0" addon="0" merge="0" rebuychips="0" reg_code="5075364323"/>
</players>
</general>
<round no="0"><action no="1" player="SuBandiduu" type="15" discard="1" dealt="1" sum="5"/>
<action no="2" player="StelioPk" type="15" discard="1" dealt="1" sum="5"/>
<action no="3" player="KOPKHUNKRAP" type="15" sum="5"/>
<action no="4" player="SuBandiduu" type="1" discard="1" dealt="1" sum="15"/>
<action no="5" player="StelioPk" type="2" discard="1" dealt="1" sum="30"/>
</round>
<round no="1"><cards type="Pocket" player="SuBandiduu">X X</cards>
<cards type="Pocket" player="StelioPk">X X</cards>
<cards type="Pocket" player="KOPKHUNKRAP">C3 D9</cards>
<action no="6" player="KOPKHUNKRAP" type="0" sum="0"/>
<action no="7" player="SuBandiduu" type="23" discard="1" dealt="1" sum="75"/>
<action no="8" player="StelioPk" type="3" discard="1" dealt="1" sum="45"/>
</round>
<round no="2"><cards type="Flop">S9 HQ DJ</cards>
<action no="9" player="SuBandiduu" type="4" discard="1" dealt="1" sum="0"/>
<action no="10" player="StelioPk" type="5" discard="1" dealt="1" sum="41"/>
<action no="11" player="SuBandiduu" type="0" discard="1" dealt="1" sum="0"/>
</round>
</game>
<game gamecode="6540469303"><general><startdate>2025-11-25 03:44:13</startdate>
<round>1</round>
<failsafecounter/>
<players><player seat="10" name="KOPKHUNKRAP" chips="146" dealer="0" win="0" bet="45" muck="1" rebuy="0" addon="0" merge="0" rebuychips="0" reg_code="5075364473"/>
<player seat="3" name="SuBandiduu" chips="643" dealer="1" win="0" bet="5" muck="1" rebuy="0" addon="0" merge="0" rebuychips="0" reg_code="5075364323"/>
<player seat="6" name="StelioPk" chips="711" dealer="0" win="95" bet="711" muck="1" rebuy="0" addon="0" merge="0" rebuychips="0" reg_code="5075364443"/>
</players>
</general>
<round no="0"><action no="1" player="StelioPk" type="15" discard="1" dealt="1" sum="5"/>
<action no="2" player="KOPKHUNKRAP" type="15" sum="5"/>
<action no="3" player="SuBandiduu" type="15" discard="1" dealt="1" sum="5"/>
<action no="4" player="StelioPk" type="1" discard="1" dealt="1" sum="20"/>
<action no="5" player="KOPKHUNKRAP" type="2" sum="40"/>
</round>
<round no="1"><cards type="Pocket" player="KOPKHUNKRAP">C2 H4</cards>
<cards type="Pocket" player="StelioPk">X X</cards>
<cards type="Pocket" player="SuBandiduu">X X</cards>
<action no="6" player="SuBandiduu" type="0" discard="1" dealt="1" sum="0"/>
<action no="7" player="StelioPk" type="23" discard="1" dealt="1" sum="706"/>
<action no="8" player="KOPKHUNKRAP" type="0" sum="0"/>
</round>
</game>
<game gamecode="6540469310"><general><startdate>2025-11-25 03:44:22</startdate>
<round>1</round>
<failsafecounter/>
<players><player seat="3" name="SuBandiduu" chips="638" dealer="0" win="207" bet="101" muck="0" rebuy="0" addon="0" merge="0" rebuychips="0" reg_code="5075364323"/>
<player seat="6" name="StelioPk" chips="761" dealer="1" win="0" bet="5" muck="1" rebuy="0" addon="0" merge="0" rebuychips="0" reg_code="5075364443"/>
<player seat="10" name="KOPKHUNKRAP" chips="101" dealer="0" win="0" bet="101" muck="0" rebuy="0" addon="0" merge="0" rebuychips="0" reg_code="5075364473"/>
</players>
</general>
<round no="0"><action no="1" player="KOPKHUNKRAP" type="15" sum="5"/>
<action no="2" player="SuBandiduu" type="15" discard="1" dealt="1" sum="5"/>
<action no="3" player="StelioPk" type="15" discard="1" dealt="1" sum="5"/>
<action no="4" player="KOPKHUNKRAP" type="1" sum="20"/>
<action no="5" player="SuBandiduu" type="2" discard="1" dealt="1" sum="40"/>
</round>
<round no="1"><cards type="Pocket" player="StelioPk">X X</cards>
<cards type="Pocket" player="SuBandiduu">H3 D3</cards>
<cards type="Pocket" player="KOPKHUNKRAP">D5 S10</cards>
<action no="6" player="StelioPk" type="0" discard="1" dealt="1" sum="0"/>
<action no="7" player="KOPKHUNKRAP" type="23" sum="96"/>
<action no="8" player="SuBandiduu" type="3" discard="1" dealt="1" sum="56"/>
</round>
<round no="2"><cards type="Flop">DK CA D4</cards>
</round>
<round no="3"><cards type="Turn">S7</cards>
</round>
<round no="4"><cards type="River">C8</cards>
</round>
</game>
</session>
