<?xml version="1.0" encoding="UTF-8"?>
<session sessioncode="5075839760">
<general>
<client_version>25.7.1.34</client_version>
<mode>real</mode>
<gametype>Holdem NL</gametype>
<tablename>Twister €100 SNG, 822508777</tablename>
<tournamentcode>822508776</tournamentcode>
<tournamentname>Twister €100 SNG</tournamentname>
<buyin>€0 + €7 + €93</buyin>
<totalbuyin>€100</totalbuyin>
<rewarddrawn>€200</rewarddrawn>
<tournamentcurrency>EUR</tournamentcurrency>
<currency>EUR</currency>
<nickname>KOPKHUNKRAP</nickname>
<gamecount>34</gamecount>
<startdate>2025-11-26 22:11:12</startdate>
<place>1</place>
<win>€200</win>
<tablesize>3</tablesize>
</general>
<game gamecode="6541996331"><general><startdate>2025-11-26 22:11:27</startdate>
<round>1</round>
<failsafecounter/>
<players><player seat="3" name="IamtheGoat" chips="500" dealer="0" win="0" bet="20" muck="1" rebuy="0" addon="0" merge="0" rebuychips="0" reg_code="5075839747"/>
<player seat="6" name="Tiuualex" chips="500" dealer="1" win="0" bet="40" muck="1" rebuy="0" addon="0" merge="0" rebuychips="0" reg_code="5075839751"/>
<player seat="10" name="KOPKHUNKRAP" chips="500" dealer="0" win="100" bet="500" muck="1" rebuy="0" addon="0" merge="0" rebuychips="0" reg_code="5075839760"/>
</players>
</general>
<round no="0"><action no="1" player="KOPKHUNKRAP" type="1" sum="10"/>
<action no="2" player="IamtheGoat" type="2" discard="1" dealt="1" sum="20"/>
</round>
<round no="1"><cards type="Pocket" player="IamtheGoat">X X</cards>
<cards type="Pocket" player="KOPKHUNKRAP">C5 H5</cards>
<cards type="Pocket" player="Tiuualex">X X</cards>
<action no="3" player="Tiuualex" type="23" discard="1" dealt="1" sum="40"/>
<action no="4" player="KOPKHUNKRAP" type="23" sum="500"/>
<action no="5" player="IamtheGoat" type="0" discard="1" dealt="1" sum="0"/>
<action no="6" player="Tiuualex" type="0" discard="1" dealt="1" sum="0"/>
</round>
</game>
<game gamecode="6541996359"><general><startdate>2025-11-26 22:11:37</startdate>
<round>1</round>
<failsafecounter/>
<players><player seat="6" name="Tiuualex" chips="460" dealer="0" win="148" bet="125" muck="1" rebuy="0" addon="0" merge="0" rebuychips="0" reg_code="5075839751"/>
<player seat="10" name="KOPKHUNKRAP" chips="560" dealer="1" win="0" bet="69" muck="1" rebuy="0" addon="0" merge="0" rebuychips="0" reg_code="5075839760"/>
<player seat="3" name="IamtheGoat" chips="480" dealer="0" win="0" bet="10" muck="1" rebuy="0" addon="0" merge="0" rebuychips="0" reg_code="5075839747"/>
</players>
</general>
<round no="0"><action no="1" player="IamtheGoat" type="1" discard="1" dealt="1" sum="10"/>
<action no="2" player="Tiuualex" type="2" discard="1" dealt="1" sum="20"/>
</round>
<round no="1"><cards type="Pocket" player="IamtheGoat">X X</cards>
<cards type="Pocket" player="Tiuualex">X X</cards>
<cards type="Pocket" player="KOPKHUNKRAP">H5 S5</cards>
<action no="3" player="KOPKHUNKRAP" type="23" sum="40"/>
<action no="4" player="IamtheGoat" type="0" discard="1" dealt="1" sum="0"/>
<action no="5" player="Tiuualex" type="3" discard="1" dealt="1" sum="20"/>
</round>
<round no="2"><cards type="Flop">SJ CJ DA</cards>
<action no="6" player="Tiuualex" type="4" discard="1" dealt="1" sum="0"/>
<action no="7" player="KOPKHUNKRAP" type="5" sum="29"/>
<action no="8" player="Tiuualex" type="23" discard="1" dealt="1" sum="85"/>
<action no="9" player="KOPKHUNKRAP" type="0" sum="0"/>
</round>
</game>
<game gamecode="6541996467"><general><startdate>2025-11-26 22:12:11</startdate>
<round>1</round>
<failsafecounter/>
<players><player seat="10" name="KOPKHUNKRAP" chips="491" dealer="0" win="0" bet="40" muck="1" rebuy="0" addon="0" merge="0" rebuychips="0" reg_code="5075839760"/>
<player seat="3" name="IamtheGoat" chips="470" dealer="1" win="90" bet="60" muck="1" rebuy="0" addon="0" merge="0" rebuychips="0" reg_code="5075839747"/>
<player seat="6" name="Tiuualex" chips="539" dealer="0" win="0" bet="10" muck="1" rebuy="0" addon="0" merge="0" rebuychips="0" reg_code="5075839751"/>
</players>
</general>
<round no="0"><action no="1" player="Tiuualex" type="1" discard="1" dealt="1" sum="10"/>
<action no="2" player="KOPKHUNKRAP" type="2" sum="20"/>
</round>
<round no="1"><cards type="Pocket" player="KOPKHUNKRAP">HQ CJ</cards>
<cards type="Pocket" player="IamtheGoat">X X</cards>
<cards type="Pocket" player="Tiuualex">X X</cards>
<action no="3" player="IamtheGoat" type="23" discard="1" dealt="1" sum="40"/>
<action no="4" player="Tiuualex" type="0" discard="1" dealt="1" sum="0"/>
<action no="5" player="KOPKHUNKRAP" type="3" sum="20"/>
</round>
<round no="2"><cards type="Flop">H2 D4 CK</cards>
<action no="6" player="KOPKHUNKRAP" type="4" sum="0"/>
<action no="7" player="IamtheGoat" type="4" discard="1" dealt="1" sum="0"/>
</round>
<round no="3"><cards type="Turn">H8</cards>
<action no="8" player="KOPKHUNKRAP" type="4" sum="0"/>
<action no="9" player="IamtheGoat" type="5" discard="1" dealt="1" sum="20"/>
<action no="10" player="KOPKHUNKRAP" type="0" sum="0"/>
</round>
</game>
<game gamecode="6541996546"><general><startdate>2025-11-26 22:12:37</startdate>
<round>1</round>
<failsafecounter/>
<players><player seat="3" name="IamtheGoat" chips="520" dealer="0" win="0" bet="40" muck="1" rebuy="0" addon="0" merge="0" rebuychips="0" reg_code="5075839747"/>
<player seat="6" name="Tiuualex" chips="529" dealer="1" win="0" bet="0" muck="1" rebuy="0" addon="0" merge="0" rebuychips="0" reg_code="5075839751"/>
<player seat="10" name="KOPKHUNKRAP" chips="451" dealer="0" win="80" bet="80" muck="1" rebuy="0" addon="0" merge="0" rebuychips="0" reg_code="5075839760"/>
</players>
</general>
<round no="0"><action no="1" player="KOPKHUNKRAP" type="1" sum="10"/>
<action no="2" player="IamtheGoat" type="2" discard="1" dealt="1" sum="20"/>
</round>
<round no="1"><cards type="Pocket" player="KOPKHUNKRAP">SA D5</cards>
<cards type="Pocket" player="Tiuualex">X X</cards>
<cards type="Pocket" player="IamtheGoat">X X</cards>
<action no="3" player="Tiuualex" type="0" discard="1" dealt="1" sum="0"/>
<action no="4" player="KOPKHUNKRAP" type="23" sum="40"/>
<action no="5" player="IamtheGoat" type="3" discard="1" dealt="1" sum="20"/>
</round>
<round no="2"><cards type="Flop">H6 S10 S5</cards>
<action no="6" player="KOPKHUNKRAP" type="4" sum="0"/>
<action no="7" player="IamtheGoat" type="4" discard="1" dealt="1" sum="0"/>
</round>
<round no="3"><cards type="Turn">C10</cards>
<action no="8" player="KOPKHUNKRAP" type="5" sum="40"/>
<action no="9" player="IamtheGoat" type="0" discard="1" dealt="1" sum="0"/>
</round>
</game>
<game gamecode="6541996614"><general><startdate>2025-11-26 22:13:00</startdate>
<round>1</round>
<failsafecounter/>
<players><player seat="6" name="Tiuualex" chips="529" dealer="0" win="20" bet="20" muck="1" rebuy="0" addon="0" merge="0" rebuychips="0" reg_code="5075839751"/>
<player seat="10" name="KOPKHUNKRAP" chips="491" dealer="1" win="0" bet="0" muck="1" rebuy="0" addon="0" merge="0" rebuychips="0" reg_code="5075839760"/>
<player seat="3" name="IamtheGoat" chips="480" dealer="0" win="0" bet="10" muck="1" rebuy="0" addon="0" merge="0" rebuychips="0" reg_code="5075839747"/>
</players>
</general>
<round no="0"><action no="1" player="IamtheGoat" type="1" discard="1" dealt="1" sum="10"/>
<action no="2" player="Tiuualex" type="2" discard="1" dealt="1" sum="20"/>
</round>
<round no="1"><cards type="Pocket" player="KOPKHUNKRAP">S7 CQ</cards>
<cards type="Pocket" player="Tiuualex">X X</cards>
<cards type="Pocket" player="IamtheGoat">X X</cards>
<action no="3" player="KOPKHUNKRAP" type="0" sum="0"/>
<action no="4" player="IamtheGoat" type="0" discard="1" dealt="1" sum="0"/>
</round>
</game>
<game gamecode="6541996646"><general><startdate>2025-11-26 22:13:15</startdate>
<round>1</round>
<failsafecounter/>
<players><player seat="10" name="KOPKHUNKRAP" chips="491" dealer="0" win="450" bet="215" muck="0" rebuy="0" addon="0" merge="0" rebuychips="0" reg_code="5075839760"/>
<player seat="3" name="IamtheGoat" chips="470" dealer="1" win="0" bet="215" muck="1" rebuy="0" addon="0" merge="0" rebuychips="0" reg_code="5075839747"/>
<player seat="6" name="Tiuualex" chips="539" dealer="0" win="0" bet="20" muck="1" rebuy="0" addon="0" merge="0" rebuychips="0" reg_code="5075839751"/>
</players>
</general>
<round no="0"><action no="1" player="Tiuualex" type="15" discard="1" dealt="1" sum="5"/>
<action no="2" player="KOPKHUNKRAP" type="15" sum="5"/>
<action no="3" player="IamtheGoat" type="15" discard="1" dealt="1" sum="5"/>
<action no="4" player="Tiuualex" type="1" discard="1" dealt="1" sum="15"/>
<action no="5" player="KOPKHUNKRAP" type="2" sum="30"/>
</round>
<round no="1"><cards type="Pocket" player="KOPKHUNKRAP">CJ D8</cards>
<cards type="Pocket" player="Tiuualex">X X</cards>
<cards type="Pocket" player="IamtheGoat">HA C2</cards>
<action no="6" player="IamtheGoat" type="23" discard="1" dealt="1" sum="60"/>
<action no="7" player="Tiuualex" type="0" discard="1" dealt="1" sum="0"/>
<action no="8" player="KOPKHUNKRAP" type="3" sum="30"/>
</round>
<round no="2"><cards type="Flop">SK HK HJ</cards>
<action no="9" player="KOPKHUNKRAP" type="4" sum="0"/>
<action no="10" player="IamtheGoat" type="5" discard="1" dealt="1" sum="30"/>
<action no="11" player="KOPKHUNKRAP" type="3" sum="30"/>
</round>
<round no="3"><cards type="Turn">SJ</cards>
<action no="12" player="KOPKHUNKRAP" type="4" sum="0"/>
<action no="13" player="IamtheGoat" type="4" discard="1" dealt="1" sum="0"/>
</round>
<round no="4"><cards type="River">D10</cards>
<action no="14" player="KOPKHUNKRAP" type="5" sum="120"/>
<action no="15" player="IamtheGoat" type="3" discard="1" dealt="1" sum="120"/>
</round>
</game>
<game gamecode="6541996738"><general><startdate>2025-11-26 22:13:45</startdate>
<round>1</round>
<failsafecounter/>
<players><player seat="3" name="IamtheGoat" chips="255" dealer="0" win="45" bet="35" muck="1" rebuy="0" addon="0" merge="0" rebuychips="0" reg_code="5075839747"/>
<player seat="6" name="Tiuualex" chips="519" dealer="1" win="0" bet="5" muck="1" rebuy="0" addon="0" merge="0" rebuychips="0" reg_code="5075839751"/>
<player seat="10" name="KOPKHUNKRAP" chips="726" dealer="0" win="0" bet="20" muck="1" rebuy="0" addon="0" merge="0" rebuychips="0" reg_code="5075839760"/>
</players>
</general>
<round no="0"><action no="1" player="KOPKHUNKRAP" type="15" sum="5"/>
<action no="2" player="IamtheGoat" type="15" discard="1" dealt="1" sum="5"/>
<action no="3" player="Tiuualex" type="15" discard="1" dealt="1" sum="5"/>
<action no="4" player="KOPKHUNKRAP" type="1" sum="15"/>
<action no="5" player="IamtheGoat" type="2" discard="1" dealt="1" sum="30"/>
</round>
<round no="1"><cards type="Pocket" player="IamtheGoat">X X</cards>
<cards type="Pocket" player="KOPKHUNKRAP">H5 D10</cards>
<cards type="Pocket" player="Tiuualex">X X</cards>
<action no="6" player="Tiuualex" type="0" discard="1" dealt="1" sum="0"/>
<action no="7" player="KOPKHUNKRAP" type="0" sum="0"/>
</round>
</game>
<game gamecode="6541996765"><general><startdate>2025-11-26 22:13:53</startdate>
<round>1</round>
<failsafecounter/>
<players><player seat="6" name="Tiuualex" chips="514" dealer="0" win="0" bet="35" muck="1" rebuy="0" addon="0" merge="0" rebuychips="0" reg_code="5075839751"/>
<player seat="10" name="KOPKHUNKRAP" chips="706" dealer="1" win="90" bet="65" muck="1" rebuy="0" addon="0" merge="0" rebuychips="0" reg_code="5075839760"/>
<player seat="3" name="IamtheGoat" chips="280" dealer="0" win="0" bet="20" muck="1" rebuy="0" addon="0" merge="0" rebuychips="0" reg_code="5075839747"/>
</players>
</general>
<round no="0"><action no="1" player="IamtheGoat" type="15" discard="1" dealt="1" sum="5"/>
<action no="2" player="Tiuualex" type="15" discard="1" dealt="1" sum="5"/>
<action no="3" player="KOPKHUNKRAP" type="15" sum="5"/>
<action no="4" player="IamtheGoat" type="1" discard="1" dealt="1" sum="15"/>
<action no="5" player="Tiuualex" type="2" discard="1" dealt="1" sum="30"/>
</round>
<round no="1"><cards type="Pocket" player="IamtheGoat">X X</cards>
<cards type="Pocket" player="Tiuualex">X X</cards>
<cards type="Pocket" player="KOPKHUNKRAP">HQ D10</cards>
<action no="6" player="KOPKHUNKRAP" type="23" sum="60"/>
<action no="7" player="IamtheGoat" type="0" discard="1" dealt="1" sum="0"/>
<action no="8" player="Tiuualex" type="0" discard="1" dealt="1" sum="0"/>
</round>
</game>
<game gamecode="6541996799"><general><startdate>2025-11-26 22:14:01</startdate>
<round>1</round>
<failsafecounter/>
<players><player seat="10" name="KOPKHUNKRAP" chips="761" dealer="0" win="165" bet="761" muck="1" rebuy="0" addon="0" merge="0" rebuychips="0" reg_code="5075839760"/>
<player seat="3" name="IamtheGoat" chips="260" dealer="1" win="0" bet="5" muck="1" rebuy="0" addon="0" merge="0" rebuychips="0" reg_code="5075839747"/>
<player seat="6" name="Tiuualex" chips="479" dealer="0" win="0" bet="80" muck="1" rebuy="0" addon="0" merge="0" rebuychips="0" reg_code="5075839751"/>
</players>
</general>
<round no="0"><action no="1" player="Tiuualex" type="15" discard="1" dealt="1" sum="5"/>
<action no="2" player="KOPKHUNKRAP" type="15" sum="5"/>
<action no="3" player="IamtheGoat" type="15" discard="1" dealt="1" sum="5"/>
<action no="4" player="Tiuualex" type="1" discard="1" dealt="1" sum="15"/>
<action no="5" player="KOPKHUNKRAP" type="2" sum="30"/>
</round>
<round no="1"><cards type="Pocket" player="IamtheGoat">X X</cards>
<cards type="Pocket" player="KOPKHUNKRAP">DA DJ</cards>
<cards type="Pocket" player="Tiuualex">X X</cards>
<action no="6" player="IamtheGoat" type="0" discard="1" dealt="1" sum="0"/>
<action no="7" player="Tiuualex" type="23" discard="1" dealt="1" sum="75"/>
<action no="8" player="KOPKHUNKRAP" type="23" sum="756"/>
<action no="9" player="Tiuualex" type="0" discard="1" dealt="1" sum="0"/>
</round>
</game>
<game gamecode="6541996837"><general><startdate>2025-11-26 22:14:15</startdate>
<round>1</round>
<failsafecounter/>
<players><player seat="3" name="IamtheGoat" chips="255" dealer="0" win="0" bet="35" muck="1" rebuy="0" addon="0" merge="0" rebuychips="0" reg_code="5075839747"/>
<player seat="6" name="Tiuualex" chips="399" dealer="1" win="90" bet="399" muck="1" rebuy="0" addon="0" merge="0" rebuychips="0" reg_code="5075839751"/>
<player seat="10" name="KOPKHUNKRAP" chips="846" dealer="0" win="0" bet="20" muck="1" rebuy="0" addon="0" merge="0" rebuychips="0" reg_code="5075839760"/>
</players>
</general>
<round no="0"><action no="1" player="KOPKHUNKRAP" type="15" sum="5"/>
<action no="2" player="IamtheGoat" type="15" discard="1" dealt="1" sum="5"/>
<action no="3" player="Tiuualex" type="15" discard="1" dealt="1" sum="5"/>
<action no="4" player="KOPKHUNKRAP" type="1" sum="15"/>
<action no="5" player="IamtheGoat" type="2" discard="1" dealt="1" sum="30"/>
</round>
<round no="1"><cards type="Pocket" player="IamtheGoat">X X</cards>
<cards type="Pocket" player="Tiuualex">X X</cards>
<cards type="Pocket" player="KOPKHUNKRAP">S4 C8</cards>
<action no="6" player="Tiuualex" type="23" discard="1" dealt="1" sum="394"/>
<action no="7" player="KOPKHUNKRAP" type="0" sum="0"/>
<action no="8" player="IamtheGoat" type="0" discard="1" dealt="1" sum="0"/>
</round>
</game>
<game gamecode="6541996867"><general><startdate>2025-11-26 22:14:24</startdate>
<round>1</round>
<failsafecounter/>
<players><player seat="6" name="Tiuualex" chips="454" dealer="0" win="0" bet="35" muck="1" rebuy="0" addon="0" merge="0" rebuychips="0" reg_code="5075839751"/>
<player seat="10" name="KOPKHUNKRAP" chips="826" dealer="1" win="0" bet="826" muck="0" rebuy="0" addon="0" merge="0" rebuychips="0" reg_code="5075839760"/>
<player seat="3" name="IamtheGoat" chips="220" dealer="0" win="475" bet="220" muck="0" rebuy="0" addon="0" merge="0" rebuychips="0" reg_code="5075839747"/>
</players>
</general>
<round no="0"><action no="1" player="IamtheGoat" type="15" discard="1" dealt="1" sum="5"/>
<action no="2" player="Tiuualex" type="15" discard="1" dealt="1" sum="5"/>
<action no="3" player="KOPKHUNKRAP" type="15" sum="5"/>
<action no="4" player="IamtheGoat" type="1" discard="1" dealt="1" sum="15"/>
<action no="5" player="Tiuualex" type="2" discard="1" dealt="1" sum="30"/>
</round>
<round no="1"><cards type="Pocket" player="IamtheGoat">CK D9</cards>
<cards type="Pocket" player="KOPKHUNKRAP">D10 CA</cards>
<cards type="Pocket" player="Tiuualex">X X</cards>
<action no="6" player="KOPKHUNKRAP" type="23" sum="821"/>
<action no="7" player="IamtheGoat" type="7" discard="1" dealt="1" sum="200"/>
<action no="8" player="Tiuualex" type="0" discard="1" dealt="1" sum="0"/>
</round>
<round no="2"><cards type="Flop">H6 DK S4</cards>
</round>
<round no="3"><cards type="Turn">S6</cards>
</round>
<round no="4"><cards type="River">C2</cards>
</round>
</game>
<game gamecode="6541996918"><general><startdate>2025-11-26 22:14:42</startdate>
<round>1</round>
<failsafecounter/>
<players><player seat="10" name="KOPKHUNKRAP" chips="606" dealer="0" win="0" bet="35" muck="1" rebuy="0" addon="0" merge="0" rebuychips="0" reg_code="5075839760"/>
<player seat="3" name="IamtheGoat" chips="475" dealer="1" win="0" bet="5" muck="1" rebuy="0" addon="0" merge="0" rebuychips="0" reg_code="5075839747"/>
<player seat="6" name="Tiuualex" chips="419" dealer="0" win="75" bet="419" muck="1" rebuy="0" addon="0" merge="0" rebuychips="0" reg_code="5075839751"/>
</players>
</general>
<round no="0"><action no="1" player="Tiuualex" type="15" discard="1" dealt="1" sum="5"/>
<action no="2" player="KOPKHUNKRAP" type="15" sum="5"/>
<action no="3" player="IamtheGoat" type="15" discard="1" dealt="1" sum="5"/>
<action no="4" player="Tiuualex" type="1" discard="1" dealt="1" sum="15"/>
<action no="5" player="KOPKHUNKRAP" type="2" sum="30"/>
</round>
<round no="1"><cards type="Pocket" player="KOPKHUNKRAP">H10 D8</cards>
<cards type="Pocket" player="IamtheGoat">X X</cards>
<cards type="Pocket" player="Tiuualex">X X</cards>
<action no="6" player="IamtheGoat" type="0" discard="1" dealt="1" sum="0"/>
<action no="7" player="Tiuualex" type="23" discard="1" dealt="1" sum="414"/>
<action no="8" player="KOPKHUNKRAP" type="0" sum="0"/>
</round>
</game>
<game gamecode="6541996984"><general><startdate>2025-11-26 22:15:04</startdate>
<round>1</round>
<failsafecounter/>
<players><player seat="3" name="IamtheGoat" chips="470" dealer="0" win="0" bet="45" muck="1" rebuy="0" addon="0" merge="0" rebuychips="0" reg_code="5075839747"/>
<player seat="6" name="Tiuualex" chips="459" dealer="1" win="0" bet="5" muck="1" rebuy="0" addon="0" merge="0" rebuychips="0" reg_code="5075839751"/>
<player seat="10" name="KOPKHUNKRAP" chips="571" dealer="0" win="95" bet="85" muck="1" rebuy="0" addon="0" merge="0" rebuychips="0" reg_code="5075839760"/>
</players>
</general>
<round no="0"><action no="1" player="KOPKHUNKRAP" type="15" sum="5"/>
<action no="2" player="IamtheGoat" type="15" discard="1" dealt="1" sum="5"/>
<action no="3" player="Tiuualex" type="15" discard="1" dealt="1" sum="5"/>
<action no="4" player="KOPKHUNKRAP" type="1" sum="20"/>
<action no="5" player="IamtheGoat" type="2" discard="1" dealt="1" sum="40"/>
</round>
<round no="1"><cards type="Pocket" player="Tiuualex">X X</cards>
<cards type="Pocket" player="KOPKHUNKRAP">S6 C10</cards>
<cards type="Pocket" player="IamtheGoat">X X</cards>
<action no="6" player="Tiuualex" type="0" discard="1" dealt="1" sum="0"/>
<action no="7" player="KOPKHUNKRAP" type="3" sum="20"/>
<action no="8" player="IamtheGoat" type="4" discard="1" dealt="1" sum="0"/>
</round>
<round no="2"><cards type="Flop">DK CA H7</cards>
<action no="9" player="KOPKHUNKRAP" type="5" sum="40"/>
<action no="10" player="IamtheGoat" type="0" discard="1" dealt="1" sum="0"/>
</round>
</game>
<game gamecode="6541997022"><general><startdate>2025-11-26 22:15:17</startdate>
<round>1</round>
<failsafecounter/>
<players><player seat="6" name="Tiuualex" chips="454" dealer="0" win="0" bet="45" muck="1" rebuy="0" addon="0" merge="0" rebuychips="0" reg_code="5075839751"/>
<player seat="10" name="KOPKHUNKRAP" chips="621" dealer="1" win="0" bet="5" muck="1" rebuy="0" addon="0" merge="0" rebuychips="0" reg_code="5075839760"/>
<player seat="3" name="IamtheGoat" chips="425" dealer="0" win="95" bet="425" muck="1" rebuy="0" addon="0" merge="0" rebuychips="0" reg_code="5075839747"/>
</players>
</general>
<round no="0"><action no="1" player="IamtheGoat" type="15" discard="1" dealt="1" sum="5"/>
<action no="2" player="Tiuualex" type="15" discard="1" dealt="1" sum="5"/>
<action no="3" player="KOPKHUNKRAP" type="15" sum="5"/>
<action no="4" player="IamtheGoat" type="1" discard="1" dealt="1" sum="20"/>
<action no="5" player="Tiuualex" type="2" discard="1" dealt="1" sum="40"/>
</round>
<round no="1"><cards type="Pocket" player="KOPKHUNKRAP">S8 C7</cards>
<cards type="Pocket" player="Tiuualex">X X</cards>
<cards type="Pocket" player="IamtheGoat">X X</cards>
<action no="6" player="KOPKHUNKRAP" type="0" sum="0"/>
<action no="7" player="IamtheGoat" type="23" discard="1" dealt="1" sum="420"/>
<action no="8" player="Tiuualex" type="0" discard="1" dealt="1" sum="0"/>
</round>
</game>
<game gamecode="6541997083"><general><startdate>2025-11-26 22:15:38</startdate>
<round>1</round>
<failsafecounter/>
<players><player seat="10" name="KOPKHUNKRAP" chips="616" dealer="0" win="0" bet="45" muck="1" rebuy="0" addon="0" merge="0" rebuychips="0" reg_code="5075839760"/>
<player seat="3" name="IamtheGoat" chips="475" dealer="1" win="0" bet="475" muck="0" rebuy="0" addon="0" merge="0" rebuychips="0" reg_code="5075839747"/>
<player seat="6" name="Tiuualex" chips="409" dealer="0" win="863" bet="409" muck="0" rebuy="0" addon="0" merge="0" rebuychips="0" reg_code="5075839751"/>
</players>
</general>
<round no="0"><action no="1" player="Tiuualex" type="15" discard="1" dealt="1" sum="5"/>
<action no="2" player="KOPKHUNKRAP" type="15" sum="5"/>
<action no="3" player="IamtheGoat" type="15" discard="1" dealt="1" sum="5"/>
<action no="4" player="Tiuualex" type="1" discard="1" dealt="1" sum="20"/>
<action no="5" player="KOPKHUNKRAP" type="2" sum="40"/>
</round>
<round no="1"><cards type="Pocket" player="IamtheGoat">DK HQ</cards>
<cards type="Pocket" player="Tiuualex">DA H10</cards>
<cards type="Pocket" player="KOPKHUNKRAP">H7 D10</cards>
<action no="6" player="IamtheGoat" type="23" discard="1" dealt="1" sum="470"/>
<action no="7" player="Tiuualex" type="7" discard="1" dealt="1" sum="384"/>
<action no="8" player="KOPKHUNKRAP" type="0" sum="0"/>
</round>
<round no="2"><cards type="Flop">S7 D4 CA</cards>
</round>
<round no="3"><cards type="Turn">S10</cards>
</round>
<round no="4"><cards type="River">D5</cards>
</round>
</game>
<game gamecode="6541997150"><general><startdate>2025-11-26 22:16:02</startdate>
<round>1</round>
<failsafecounter/>
<players><player seat="3" name="IamtheGoat" chips="66" dealer="0" win="55" bet="45" muck="1" rebuy="0" addon="0" merge="0" rebuychips="0" reg_code="5075839747"/>
<player seat="6" name="Tiuualex" chips="863" dealer="1" win="0" bet="5" muck="1" rebuy="0" addon="0" merge="0" rebuychips="0" reg_code="5075839751"/>
<player seat="10" name="KOPKHUNKRAP" chips="571" dealer="0" win="0" bet="25" muck="1" rebuy="0" addon="0" merge="0" rebuychips="0" reg_code="5075839760"/>
</players>
</general>
<round no="0"><action no="1" player="KOPKHUNKRAP" type="15" sum="5"/>
<action no="2" player="IamtheGoat" type="15" discard="1" dealt="1" sum="5"/>
<action no="3" player="Tiuualex" type="15" discard="1" dealt="1" sum="5"/>
<action no="4" player="KOPKHUNKRAP" type="1" sum="20"/>
<action no="5" player="IamtheGoat" type="2" discard="1" dealt="1" sum="40"/>
</round>
<round no="1"><cards type="Pocket" player="Tiuualex">X X</cards>
<cards type="Pocket" player="KOPKHUNKRAP">D4 H9</cards>
<cards type="Pocket" player="IamtheGoat">X X</cards>
<action no="6" player="Tiuualex" type="0" discard="1" dealt="1" sum="0"/>
<action no="7" player="KOPKHUNKRAP" type="0" sum="0"/>
</round>
</game>
<game gamecode="6541997177"><general><startdate>2025-11-26 22:16:10</startdate>
<round>1</round>
<failsafecounter/>
<players><player seat="6" name="Tiuualex" chips="858" dealer="0" win="0" bet="45" muck="1" rebuy="0" addon="0" merge="0" rebuychips="0" reg_code="5075839751"/>
<player seat="10" name="KOPKHUNKRAP" chips="546" dealer="1" win="237" bet="96" muck="0" rebuy="0" addon="0" merge="0" rebuychips="0" reg_code="5075839760"/>
<player seat="3" name="IamtheGoat" chips="96" dealer="0" win="0" bet="96" muck="0" rebuy="0" addon="0" merge="0" rebuychips="0" reg_code="5075839747"/>
</players>
</general>
<round no="0"><action no="1" player="IamtheGoat" type="15" discard="1" dealt="1" sum="5"/>
<action no="2" player="Tiuualex" type="15" discard="1" dealt="1" sum="5"/>
<action no="3" player="KOPKHUNKRAP" type="15" sum="5"/>
<action no="4" player="IamtheGoat" type="1" discard="1" dealt="1" sum="20"/>
<action no="5" player="Tiuualex" type="2" discard="1" dealt="1" sum="40"/>
</round>
<round no="1"><cards type="Pocket" player="KOPKHUNKRAP">HA H8</cards>
<cards type="Pocket" player="IamtheGoat">HJ D4</cards>
<cards type="Pocket" player="Tiuualex">X X</cards>
<action no="6" player="KOPKHUNKRAP" type="23" sum="80"/>
<action no="7" player="IamtheGoat" type="7" discard="1" dealt="1" sum="71"/>
<action no="8" player="Tiuualex" type="0" discard="1" dealt="1" sum="0"/>
<action no="9" player="KOPKHUNKRAP" type="3" sum="11"/>
</round>
<round no="2"><cards type="Flop">H6 S9 H10</cards>
</round>
<round no="3"><cards type="Turn">S7</cards>
</round>
<round no="4"><cards type="River">CK</cards>
</round>
</game>
<game gamecode="6542004389"><general><startdate>2025-11-26 22:16:31</startdate>
<round>1</round>
<failsafecounter/>
<players><player seat="10" name="KOPKHUNKRAP" chips="687" dealer="0" win="0" bet="65" muck="1" rebuy="0" addon="0" merge="0" rebuychips="0" reg_code="5075839760"/>
<player seat="6" name="Tiuualex" chips="813" dealer="1" win="130" bet="813" muck="1" rebuy="0" addon="0" merge="0" rebuychips="0" reg_code="5075839751"/>
</players>
</general>
<round no="0"><action no="1" player="Tiuualex" type="15" discard="1" dealt="1" sum="5"/>
<action no="2" player="KOPKHUNKRAP" type="15" sum="5"/>
<action no="3" player="Tiuualex" type="1" discard="1" dealt="1" sum="30"/>
<action no="4" player="KOPKHUNKRAP" type="2" sum="60"/>
</round>
<round no="1"><cards type="Pocket" player="Tiuualex">X X</cards>
<cards type="Pocket" player="KOPKHUNKRAP">C2 SJ</cards>
<action no="5" player="Tiuualex" type="23" discard="1" dealt="1" sum="808"/>
<action no="6" player="KOPKHUNKRAP" type="0" sum="0"/>
</round>
</game>
<game gamecode="6542004413"><general><startdate>2025-11-26 22:16:39</startdate>
<round>1</round>
<failsafecounter/>
<players><player seat="6" name="Tiuualex" chips="878" dealer="0" win="70" bet="65" muck="1" rebuy="0" addon="0" merge="0" rebuychips="0" reg_code="5075839751"/>
<player seat="10" name="KOPKHUNKRAP" chips="622" dealer="1" win="0" bet="35" muck="1" rebuy="0" addon="0" merge="0" rebuychips="0" reg_code="5075839760"/>
</players>
</general>
<round no="0"><action no="1" player="KOPKHUNKRAP" type="15" sum="5"/>
<action no="2" player="Tiuualex" type="15" discard="1" dealt="1" sum="5"/>
<action no="3" player="KOPKHUNKRAP" type="1" sum="30"/>
<action no="4" player="Tiuualex" type="2" discard="1" dealt="1" sum="60"/>
</round>
<round no="1"><cards type="Pocket" player="Tiuualex">X X</cards>
<cards type="Pocket" player="KOPKHUNKRAP">S3 C6</cards>
<action no="5" player="KOPKHUNKRAP" type="0" sum="0"/>
</round>
</game>
<game gamecode="6542004433"><general><startdate>2025-11-26 22:16:45</startdate>
<round>1</round>
<failsafecounter/>
<players><player seat="10" name="KOPKHUNKRAP" chips="587" dealer="0" win="70" bet="65" muck="1" rebuy="0" addon="0" merge="0" rebuychips="0" reg_code="5075839760"/>
<player seat="6" name="Tiuualex" chips="913" dealer="1" win="0" bet="35" muck="1" rebuy="0" addon="0" merge="0" rebuychips="0" reg_code="5075839751"/>
</players>
</general>
<round no="0"><action no="1" player="Tiuualex" type="15" discard="1" dealt="1" sum="5"/>
<action no="2" player="KOPKHUNKRAP" type="15" sum="5"/>
<action no="3" player="Tiuualex" type="1" discard="1" dealt="1" sum="30"/>
<action no="4" player="KOPKHUNKRAP" type="2" sum="60"/>
</round>
<round no="1"><cards type="Pocket" player="KOPKHUNKRAP">S10 H9</cards>
<cards type="Pocket" player="Tiuualex">X X</cards>
<action no="5" player="Tiuualex" type="0" discard="1" dealt="1" sum="0"/>
</round>
</game>
<game gamecode="6542004467"><general><startdate>2025-11-26 22:16:55</startdate>
<round>1</round>
<failsafecounter/>
<players><player seat="6" name="Tiuualex" chips="878" dealer="0" win="0" bet="622" muck="1" rebuy="0" addon="0" merge="0" rebuychips="0" reg_code="5075839751"/>
<player seat="10" name="KOPKHUNKRAP" chips="622" dealer="1" win="1,244" bet="622" muck="0" rebuy="0" addon="0" merge="0" rebuychips="0" reg_code="5075839760"/>
</players>
</general>
<round no="0"><action no="1" player="KOPKHUNKRAP" type="15" sum="5"/>
<action no="2" player="Tiuualex" type="15" discard="1" dealt="1" sum="5"/>
<action no="3" player="KOPKHUNKRAP" type="1" sum="30"/>
<action no="4" player="Tiuualex" type="2" discard="1" dealt="1" sum="60"/>
</round>
<round no="1"><cards type="Pocket" player="Tiuualex">H10 DK</cards>
<cards type="Pocket" player="KOPKHUNKRAP">HA S5</cards>
<action no="5" player="KOPKHUNKRAP" type="23" sum="617"/>
<action no="6" player="Tiuualex" type="3" discard="1" dealt="1" sum="557"/>
</round>
<round no="2"><cards type="Flop">H7 D5 H8</cards>
</round>
<round no="3"><cards type="Turn">S3</cards>
</round>
<round no="4"><cards type="River">CJ</cards>
</round>
</game>
<game gamecode="6542004518"><general><startdate>2025-11-26 22:17:14</startdate>
<round>1</round>
<failsafecounter/>
<players><player seat="10" name="KOPKHUNKRAP" chips="1,244" dealer="0" win="0" bet="65" muck="1" rebuy="0" addon="0" merge="0" rebuychips="0" reg_code="5075839760"/>
<player seat="6" name="Tiuualex" chips="256" dealer="1" win="130" bet="256" muck="1" rebuy="0" addon="0" merge="0" rebuychips="0" reg_code="5075839751"/>
</players>
</general>
<round no="0"><action no="1" player="Tiuualex" type="15" discard="1" dealt="1" sum="5"/>
<action no="2" player="KOPKHUNKRAP" type="15" sum="5"/>
<action no="3" player="Tiuualex" type="1" discard="1" dealt="1" sum="30"/>
<action no="4" player="KOPKHUNKRAP" type="2" sum="60"/>
</round>
<round no="1"><cards type="Pocket" player="KOPKHUNKRAP">H7 D3</cards>
<cards type="Pocket" player="Tiuualex">X X</cards>
<action no="5" player="Tiuualex" type="23" discard="1" dealt="1" sum="251"/>
<action no="6" player="KOPKHUNKRAP" type="0" sum="0"/>
</round>
</game>
<game gamecode="6542004549"><general><startdate>2025-11-26 22:17:23</startdate>
<round>1</round>
<failsafecounter/>
<players><player seat="6" name="Tiuualex" chips="321" dealer="0" win="642" bet="321" muck="0" rebuy="0" addon="0" merge="0" rebuychips="0" reg_code="5075839751"/>
<player seat="10" name="KOPKHUNKRAP" chips="1,179" dealer="1" win="0" bet="1,179" muck="1" rebuy="0" addon="0" merge="0" rebuychips="0" reg_code="5075839760"/>
</players>
</general>
<round no="0"><action no="1" player="KOPKHUNKRAP" type="15" sum="5"/>
<action no="2" player="Tiuualex" type="15" discard="1" dealt="1" sum="5"/>
<action no="3" player="KOPKHUNKRAP" type="1" sum="30"/>
<action no="4" player="Tiuualex" type="2" discard="1" dealt="1" sum="60"/>
</round>
<round no="1"><cards type="Pocket" player="KOPKHUNKRAP">HJ H3</cards>
<cards type="Pocket" player="Tiuualex">C3 HA</cards>
<action no="5" player="KOPKHUNKRAP" type="23" sum="1,174"/>
<action no="6" player="Tiuualex" type="7" discard="1" dealt="1" sum="256"/>
</round>
<round no="2"><cards type="Flop">C10 D4 SQ</cards>
</round>
<round no="3"><cards type="Turn">SK</cards>
</round>
<round no="4"><cards type="River">HK</cards>
</round>
</game>
<game gamecode="6542004602"><general><startdate>2025-11-26 22:17:41</startdate>
<round>1</round>
<failsafecounter/>
<players><player seat="10" name="KOPKHUNKRAP" chips="858" dealer="0" win="0" bet="65" muck="1" rebuy="0" addon="0" merge="0" rebuychips="0" reg_code="5075839760"/>
<player seat="6" name="Tiuualex" chips="642" dealer="1" win="130" bet="261" muck="1" rebuy="0" addon="0" merge="0" rebuychips="0" reg_code="5075839751"/>
</players>
</general>
<round no="0"><action no="1" player="Tiuualex" type="15" discard="1" dealt="1" sum="5"/>
<action no="2" player="KOPKHUNKRAP" type="15" sum="5"/>
<action no="3" player="Tiuualex" type="1" discard="1" dealt="1" sum="30"/>
<action no="4" player="KOPKHUNKRAP" type="2" sum="60"/>
</round>
<round no="1"><cards type="Pocket" player="KOPKHUNKRAP">C5 S8</cards>
<cards type="Pocket" player="Tiuualex">X X</cards>
<action no="5" player="Tiuualex" type="3" discard="1" dealt="1" sum="30"/>
<action no="6" player="KOPKHUNKRAP" type="4" sum="0"/>
</round>
<round no="2"><cards type="Flop">CA D3 C6</cards>
<action no="7" player="KOPKHUNKRAP" type="4" sum="0"/>
<action no="8" player="Tiuualex" type="5" discard="1" dealt="1" sum="196"/>
<action no="9" player="KOPKHUNKRAP" type="0" sum="0"/>
</round>
</game>
<game gamecode="6542004654"><general><startdate>2025-11-26 22:17:58</startdate>
<round>1</round>
<failsafecounter/>
<players><player seat="6" name="Tiuualex" chips="707" dealer="0" win="130" bet="215" muck="1" rebuy="0" addon="0" merge="0" rebuychips="0" reg_code="5075839751"/>
<player seat="10" name="KOPKHUNKRAP" chips="793" dealer="1" win="0" bet="65" muck="1" rebuy="0" addon="0" merge="0" rebuychips="0" reg_code="5075839760"/>
</players>
</general>
<round no="0"><action no="1" player="KOPKHUNKRAP" type="15" sum="5"/>
<action no="2" player="Tiuualex" type="15" discard="1" dealt="1" sum="5"/>
<action no="3" player="KOPKHUNKRAP" type="1" sum="30"/>
<action no="4" player="Tiuualex" type="2" discard="1" dealt="1" sum="60"/>
</round>
<round no="1"><cards type="Pocket" player="KOPKHUNKRAP">C10 D9</cards>
<cards type="Pocket" player="Tiuualex">X X</cards>
<action no="5" player="KOPKHUNKRAP" type="3" sum="30"/>
<action no="6" player="Tiuualex" type="23" discard="1" dealt="1" sum="210"/>
<action no="7" player="KOPKHUNKRAP" type="0" sum="0"/>
</round>
</game>
<game gamecode="6542004692"><general><startdate>2025-11-26 22:18:11</startdate>
<round>1</round>
<failsafecounter/>
<players><player seat="10" name="KOPKHUNKRAP" chips="728" dealer="0" win="176" bet="264" muck="1" rebuy="0" addon="0" merge="0" rebuychips="0" reg_code="5075839760"/>
<player seat="6" name="Tiuualex" chips="772" dealer="1" win="0" bet="88" muck="1" rebuy="0" addon="0" merge="0" rebuychips="0" reg_code="5075839751"/>
</players>
</general>
<round no="0"><action no="1" player="Tiuualex" type="15" discard="1" dealt="1" sum="8"/>
<action no="2" player="KOPKHUNKRAP" type="15" sum="8"/>
<action no="3" player="Tiuualex" type="1" discard="1" dealt="1" sum="40"/>
<action no="4" player="KOPKHUNKRAP" type="2" sum="80"/>
</round>
<round no="1"><cards type="Pocket" player="Tiuualex">X X</cards>
<cards type="Pocket" player="KOPKHUNKRAP">S5 S4</cards>
<action no="5" player="Tiuualex" type="3" discard="1" dealt="1" sum="40"/>
<action no="6" player="KOPKHUNKRAP" type="4" sum="0"/>
</round>
<round no="2"><cards type="Flop">SA DA SQ</cards>
<action no="7" player="KOPKHUNKRAP" type="4" sum="0"/>
<action no="8" player="Tiuualex" type="4" discard="1" dealt="1" sum="0"/>
</round>
<round no="3"><cards type="Turn">H7</cards>
<action no="9" player="KOPKHUNKRAP" type="4" sum="0"/>
<action no="10" player="Tiuualex" type="4" discard="1" dealt="1" sum="0"/>
</round>
<round no="4"><cards type="River">S2</cards>
<action no="11" player="KOPKHUNKRAP" type="5" sum="176"/>
<action no="12" player="Tiuualex" type="0" discard="1" dealt="1" sum="0"/>
</round>
</game>
<game gamecode="6542004772"><general><startdate>2025-11-26 22:18:39</startdate>
<round>1</round>
<failsafecounter/>
<players><player seat="6" name="Tiuualex" chips="684" dealer="0" win="0" bet="88" muck="1" rebuy="0" addon="0" merge="0" rebuychips="0" reg_code="5075839751"/>
<player seat="10" name="KOPKHUNKRAP" chips="816" dealer="1" win="176" bet="816" muck="1" rebuy="0" addon="0" merge="0" rebuychips="0" reg_code="5075839760"/>
</players>
</general>
<round no="0"><action no="1" player="KOPKHUNKRAP" type="15" sum="8"/>
<action no="2" player="Tiuualex" type="15" discard="1" dealt="1" sum="8"/>
<action no="3" player="KOPKHUNKRAP" type="1" sum="40"/>
<action no="4" player="Tiuualex" type="2" discard="1" dealt="1" sum="80"/>
</round>
<round no="1"><cards type="Pocket" player="KOPKHUNKRAP">HK C3</cards>
<cards type="Pocket" player="Tiuualex">X X</cards>
<action no="5" player="KOPKHUNKRAP" type="23" sum="808"/>
<action no="6" player="Tiuualex" type="0" discard="1" dealt="1" sum="0"/>
</round>
</game>
<game gamecode="6542004794"><general><startdate>2025-11-26 22:18:46</startdate>
<round>1</round>
<failsafecounter/>
<players><player seat="10" name="KOPKHUNKRAP" chips="904" dealer="0" win="0" bet="88" muck="1" rebuy="0" addon="0" merge="0" rebuychips="0" reg_code="5075839760"/>
<player seat="6" name="Tiuualex" chips="596" dealer="1" win="176" bet="596" muck="1" rebuy="0" addon="0" merge="0" rebuychips="0" reg_code="5075839751"/>
</players>
</general>
<round no="0"><action no="1" player="Tiuualex" type="15" discard="1" dealt="1" sum="8"/>
<action no="2" player="KOPKHUNKRAP" type="15" sum="8"/>
<action no="3" player="Tiuualex" type="1" discard="1" dealt="1" sum="40"/>
<action no="4" player="KOPKHUNKRAP" type="2" sum="80"/>
</round>
<round no="1"><cards type="Pocket" player="KOPKHUNKRAP">H10 D3</cards>
<cards type="Pocket" player="Tiuualex">X X</cards>
<action no="5" player="Tiuualex" type="23" discard="1" dealt="1" sum="588"/>
<action no="6" player="KOPKHUNKRAP" type="0" sum="0"/>
</round>
</game>
<game gamecode="6542004853"><general><startdate>2025-11-26 22:19:08</startdate>
<round>1</round>
<failsafecounter/>
<players><player seat="6" name="Tiuualex" chips="684" dealer="0" win="0" bet="88" muck="1" rebuy="0" addon="0" merge="0" rebuychips="0" reg_code="5075839751"/>
<player seat="10" name="KOPKHUNKRAP" chips="816" dealer="1" win="176" bet="816" muck="1" rebuy="0" addon="0" merge="0" rebuychips="0" reg_code="5075839760"/>
</players>
</general>
<round no="0"><action no="1" player="KOPKHUNKRAP" type="15" sum="8"/>
<action no="2" player="Tiuualex" type="15" discard="1" dealt="1" sum="8"/>
<action no="3" player="KOPKHUNKRAP" type="1" sum="40"/>
<action no="4" player="Tiuualex" type="2" discard="1" dealt="1" sum="80"/>
</round>
<round no="1"><cards type="Pocket" player="KOPKHUNKRAP">S4 C4</cards>
<cards type="Pocket" player="Tiuualex">X X</cards>
<action no="5" player="KOPKHUNKRAP" type="23" sum="808"/>
<action no="6" player="Tiuualex" type="0" discard="1" dealt="1" sum="0"/>
</round>
</game>
<game gamecode="6542004875"><general><startdate>2025-11-26 22:19:16</startdate>
<round>1</round>
<failsafecounter/>
<players><player seat="10" name="KOPKHUNKRAP" chips="904" dealer="0" win="96" bet="88" muck="1" rebuy="0" addon="0" merge="0" rebuychips="0" reg_code="5075839760"/>
<player seat="6" name="Tiuualex" chips="596" dealer="1" win="0" bet="48" muck="1" rebuy="0" addon="0" merge="0" rebuychips="0" reg_code="5075839751"/>
</players>
</general>
<round no="0"><action no="1" player="Tiuualex" type="15" discard="1" dealt="1" sum="8"/>
<action no="2" player="KOPKHUNKRAP" type="15" sum="8"/>
<action no="3" player="Tiuualex" type="1" discard="1" dealt="1" sum="40"/>
<action no="4" player="KOPKHUNKRAP" type="2" sum="80"/>
</round>
<round no="1"><cards type="Pocket" player="KOPKHUNKRAP">H4 D10</cards>
<cards type="Pocket" player="Tiuualex">X X</cards>
<action no="5" player="Tiuualex" type="0" discard="1" dealt="1" sum="0"/>
</round>
</game>
<game gamecode="6542004900"><general><startdate>2025-11-26 22:19:27</startdate>
<round>1</round>
<failsafecounter/>
<players><player seat="6" name="Tiuualex" chips="548" dealer="0" win="96" bet="88" muck="1" rebuy="0" addon="0" merge="0" rebuychips="0" reg_code="5075839751"/>
<player seat="10" name="KOPKHUNKRAP" chips="952" dealer="1" win="0" bet="48" muck="1" rebuy="0" addon="0" merge="0" rebuychips="0" reg_code="5075839760"/>
</players>
</general>
<round no="0"><action no="1" player="KOPKHUNKRAP" type="15" sum="8"/>
<action no="2" player="Tiuualex" type="15" discard="1" dealt="1" sum="8"/>
<action no="3" player="KOPKHUNKRAP" type="1" sum="40"/>
<action no="4" player="Tiuualex" type="2" discard="1" dealt="1" sum="80"/>
</round>
<round no="1"><cards type="Pocket" player="Tiuualex">X X</cards>
<cards type="Pocket" player="KOPKHUNKRAP">D10 H2</cards>
<action no="5" player="KOPKHUNKRAP" type="0" sum="0"/>
</round>
</game>
<game gamecode="6542004916"><general><startdate>2025-11-26 22:19:32</startdate>
<round>1</round>
<failsafecounter/>
<players><player seat="10" name="KOPKHUNKRAP" chips="904" dealer="0" win="96" bet="88" muck="1" rebuy="0" addon="0" merge="0" rebuychips="0" reg_code="5075839760"/>
<player seat="6" name="Tiuualex" chips="596" dealer="1" win="0" bet="48" muck="1" rebuy="0" addon="0" merge="0" rebuychips="0" reg_code="5075839751"/>
</players>
</general>
<round no="0"><action no="1" player="Tiuualex" type="15" discard="1" dealt="1" sum="8"/>
<action no="2" player="KOPKHUNKRAP" type="15" sum="8"/>
<action no="3" player="Tiuualex" type="1" discard="1" dealt="1" sum="40"/>
<action no="4" player="KOPKHUNKRAP" type="2" sum="80"/>
</round>
<round no="1"><cards type="Pocket" player="KOPKHUNKRAP">C3 D5</cards>
<cards type="Pocket" player="Tiuualex">X X</cards>
<action no="5" player="Tiuualex" type="0" discard="1" dealt="1" sum="0"/>
</round>
</game>
<game gamecode="6542004931"><general><startdate>2025-11-26 22:19:37</startdate>
<round>1</round>
<failsafecounter/>
<players><player seat="6" name="Tiuualex" chips="548" dealer="0" win="0" bet="88" muck="1" rebuy="0" addon="0" merge="0" rebuychips="0" reg_code="5075839751"/>
<player seat="10" name="KOPKHUNKRAP" chips="952" dealer="1" win="176" bet="952" muck="1" rebuy="0" addon="0" merge="0" rebuychips="0" reg_code="5075839760"/>
</players>
</general>
<round no="0"><action no="1" player="KOPKHUNKRAP" type="15" sum="8"/>
<action no="2" player="Tiuualex" type="15" discard="1" dealt="1" sum="8"/>
<action no="3" player="KOPKHUNKRAP" type="1" sum="40"/>
<action no="4" player="Tiuualex" type="2" discard="1" dealt="1" sum="80"/>
</round>
<round no="1"><cards type="Pocket" player="KOPKHUNKRAP">SK C2</cards>
<cards type="Pocket" player="Tiuualex">X X</cards>
<action no="5" player="KOPKHUNKRAP" type="23" sum="944"/>
<action no="6" player="Tiuualex" type="0" discard="1" dealt="1" sum="0"/>
</round>
</game>
<game gamecode="6542004946"><general><startdate>2025-11-26 22:19:45</startdate>
<round>1</round>
<failsafecounter/>
<players><player seat="10" name="KOPKHUNKRAP" chips="1,040" dealer="0" win="920" bet="460" muck="0" rebuy="0" addon="0" merge="0" rebuychips="0" reg_code="5075839760"/>
<player seat="6" name="Tiuualex" chips="460" dealer="1" win="0" bet="460" muck="0" rebuy="0" addon="0" merge="0" rebuychips="0" reg_code="5075839751"/>
</players>
</general>
<round no="0"><action no="1" player="Tiuualex" type="15" discard="1" dealt="1" sum="8"/>
<action no="2" player="KOPKHUNKRAP" type="15" sum="8"/>
<action no="3" player="Tiuualex" type="1" discard="1" dealt="1" sum="40"/>
<action no="4" player="KOPKHUNKRAP" type="2" sum="80"/>
</round>
<round no="1"><cards type="Pocket" player="Tiuualex">HK S4</cards>
<cards type="Pocket" player="KOPKHUNKRAP">C10 DQ</cards>
<action no="5" player="Tiuualex" type="23" discard="1" dealt="1" sum="452"/>
<action no="6" player="KOPKHUNKRAP" type="3" sum="372"/>
</round>
<round no="2"><cards type="Flop">CA S8 SK</cards>
</round>
<round no="3"><cards type="Turn">SQ</cards>
</round>
<round no="4"><cards type="River">HQ</cards>
</round>
</game>
</session>
