<?xml version="1.0" encoding="UTF-8"?>
<session sessioncode="5075801317">
<general>
<client_version>25.7.1.34</client_version>
<mode>real</mode>
<gametype>Holdem NL</gametype>
<tablename>Twister €100 SNG, 822498795</tablename>
<tournamentcode>822498793</tournamentcode>
<tournamentname>Twister €100 SNG</tournamentname>
<buyin>€0 + €7 + €93</buyin>
<totalbuyin>€100</totalbuyin>
<rewarddrawn>€200</rewarddrawn>
<tournamentcurrency>EUR</tournamentcurrency>
<currency>EUR</currency>
<nickname>KOPKHUNKRAP</nickname>
<gamecount>26</gamecount>
<startdate>2025-11-26 20:10:15</startdate>
<place>3</place>
<win>€0</win>
<tablesize>3</tablesize>
</general>
<game gamecode="6541872796"><general><startdate>2025-11-26 20:10:30</startdate>
<round>1</round>
<failsafecounter/>
<players><player seat="10" name="KOPKHUNKRAP" chips="500" dealer="0" win="0" bet="120" muck="1" rebuy="0" addon="0" merge="0" rebuychips="0" reg_code="5075801317"/>
<player seat="3" name="Tiuualex" chips="500" dealer="1" win="0" bet="0" muck="1" rebuy="0" addon="0" merge="0" rebuychips="0" reg_code="5075799970"/>
<player seat="6" name="alwaysss" chips="500" dealer="0" win="240" bet="300" muck="1" rebuy="0" addon="0" merge="0" rebuychips="0" reg_code="5075801206"/>
</players>
</general>
<round no="0"><action no="1" player="alwaysss" type="1" discard="1" dealt="1" sum="10"/>
<action no="2" player="KOPKHUNKRAP" type="2" sum="20"/>
</round>
<round no="1"><cards type="Pocket" player="KOPKHUNKRAP">CK H10</cards>
<cards type="Pocket" player="alwaysss">X X</cards>
<cards type="Pocket" player="Tiuualex">X X</cards>
<action no="3" player="Tiuualex" type="0" discard="1" dealt="1" sum="0"/>
<action no="4" player="alwaysss" type="3" discard="1" dealt="1" sum="10"/>
<action no="5" player="KOPKHUNKRAP" type="23" sum="60"/>
<action no="6" player="alwaysss" type="3" discard="1" dealt="1" sum="40"/>
</round>
<round no="2"><cards type="Flop">CJ H7 S9</cards>
<action no="7" player="alwaysss" type="4" discard="1" dealt="1" sum="0"/>
<action no="8" player="KOPKHUNKRAP" type="5" sum="60"/>
<action no="9" player="alwaysss" type="3" discard="1" dealt="1" sum="60"/>
</round>
<round no="3"><cards type="Turn">C6</cards>
<action no="10" player="alwaysss" type="4" discard="1" dealt="1" sum="0"/>
<action no="11" player="KOPKHUNKRAP" type="4" sum="0"/>
</round>
<round no="4"><cards type="River">C5</cards>
<action no="12" player="alwaysss" type="5" discard="1" dealt="1" sum="180"/>
<action no="13" player="KOPKHUNKRAP" type="0" sum="0"/>
</round>
</game>
<game gamecode="6541872939"><general><startdate>2025-11-26 20:11:18</startdate>
<round>1</round>
<failsafecounter/>
<players><player seat="3" name="Tiuualex" chips="500" dealer="0" win="20" bet="20" muck="1" rebuy="0" addon="0" merge="0" rebuychips="0" reg_code="5075799970"/>
<player seat="6" name="alwaysss" chips="620" dealer="1" win="0" bet="0" muck="1" rebuy="0" addon="0" merge="0" rebuychips="0" reg_code="5075801206"/>
<player seat="10" name="KOPKHUNKRAP" chips="380" dealer="0" win="0" bet="10" muck="1" rebuy="0" addon="0" merge="0" rebuychips="0" reg_code="5075801317"/>
</players>
</general>
<round no="0"><action no="1" player="KOPKHUNKRAP" type="1" sum="10"/>
<action no="2" player="Tiuualex" type="2" discard="1" dealt="1" sum="20"/>
</round>
<round no="1"><cards type="Pocket" player="alwaysss">X X</cards>
<cards type="Pocket" player="KOPKHUNKRAP">D6 S4</cards>
<cards type="Pocket" player="Tiuualex">X X</cards>
<action no="3" player="alwaysss" type="0" discard="1" dealt="1" sum="0"/>
<action no="4" player="KOPKHUNKRAP" type="0" sum="0"/>
</round>
</game>
<game gamecode="6541872977"><general><startdate>2025-11-26 20:11:29</startdate>
<round>1</round>
<failsafecounter/>
<players><player seat="6" name="alwaysss" chips="620" dealer="0" win="0" bet="20" muck="1" rebuy="0" addon="0" merge="0" rebuychips="0" reg_code="5075801206"/>
<player seat="10" name="KOPKHUNKRAP" chips="370" dealer="1" win="0" bet="0" muck="1" rebuy="0" addon="0" merge="0" rebuychips="0" reg_code="5075801317"/>
<player seat="3" name="Tiuualex" chips="510" dealer="0" win="40" bet="42" muck="1" rebuy="0" addon="0" merge="0" rebuychips="0" reg_code="5075799970"/>
</players>
</general>
<round no="0"><action no="1" player="Tiuualex" type="1" discard="1" dealt="1" sum="10"/>
<action no="2" player="alwaysss" type="2" discard="1" dealt="1" sum="20"/>
</round>
<round no="1"><cards type="Pocket" player="Tiuualex">X X</cards>
<cards type="Pocket" player="KOPKHUNKRAP">H5 C7</cards>
<cards type="Pocket" player="alwaysss">X X</cards>
<action no="3" player="KOPKHUNKRAP" type="0" sum="0"/>
<action no="4" player="Tiuualex" type="23" discard="1" dealt="1" sum="42"/>
<action no="5" player="alwaysss" type="0" discard="1" dealt="1" sum="0"/>
</round>
</game>
<game gamecode="6541873027"><general><startdate>2025-11-26 20:11:46</startdate>
<round>1</round>
<failsafecounter/>
<players><player seat="10" name="KOPKHUNKRAP" chips="370" dealer="0" win="20" bet="20" muck="1" rebuy="0" addon="0" merge="0" rebuychips="0" reg_code="5075801317"/>
<player seat="3" name="Tiuualex" chips="530" dealer="1" win="0" bet="0" muck="1" rebuy="0" addon="0" merge="0" rebuychips="0" reg_code="5075799970"/>
<player seat="6" name="alwaysss" chips="600" dealer="0" win="0" bet="10" muck="1" rebuy="0" addon="0" merge="0" rebuychips="0" reg_code="5075801206"/>
</players>
</general>
<round no="0"><action no="1" player="alwaysss" type="1" discard="1" dealt="1" sum="10"/>
<action no="2" player="KOPKHUNKRAP" type="2" sum="20"/>
</round>
<round no="1"><cards type="Pocket" player="Tiuualex">X X</cards>
<cards type="Pocket" player="KOPKHUNKRAP">H8 D3</cards>
<cards type="Pocket" player="alwaysss">X X</cards>
<action no="3" player="Tiuualex" type="0" discard="1" dealt="1" sum="0"/>
<action no="4" player="alwaysss" type="0" discard="1" dealt="1" sum="0"/>
</round>
</game>
<game gamecode="6541873047"><general><startdate>2025-11-26 20:11:51</startdate>
<round>1</round>
<failsafecounter/>
<players><player seat="3" name="Tiuualex" chips="530" dealer="0" win="0" bet="20" muck="1" rebuy="0" addon="0" merge="0" rebuychips="0" reg_code="5075799970"/>
<player seat="6" name="alwaysss" chips="590" dealer="1" win="0" bet="0" muck="1" rebuy="0" addon="0" merge="0" rebuychips="0" reg_code="5075801206"/>
<player seat="10" name="KOPKHUNKRAP" chips="380" dealer="0" win="40" bet="50" muck="1" rebuy="0" addon="0" merge="0" rebuychips="0" reg_code="5075801317"/>
</players>
</general>
<round no="0"><action no="1" player="KOPKHUNKRAP" type="1" sum="10"/>
<action no="2" player="Tiuualex" type="2" discard="1" dealt="1" sum="20"/>
</round>
<round no="1"><cards type="Pocket" player="alwaysss">X X</cards>
<cards type="Pocket" player="KOPKHUNKRAP">S8 DA</cards>
<cards type="Pocket" player="Tiuualex">X X</cards>
<action no="3" player="alwaysss" type="0" discard="1" dealt="1" sum="0"/>
<action no="4" player="KOPKHUNKRAP" type="23" sum="50"/>
<action no="5" player="Tiuualex" type="0" discard="1" dealt="1" sum="0"/>
</round>
</game>
<game gamecode="6541873070"><general><startdate>2025-11-26 20:12:00</startdate>
<round>1</round>
<failsafecounter/>
<players><player seat="6" name="alwaysss" chips="590" dealer="0" win="124" bet="114" muck="1" rebuy="0" addon="0" merge="0" rebuychips="0" reg_code="5075801206"/>
<player seat="10" name="KOPKHUNKRAP" chips="400" dealer="1" win="0" bet="0" muck="1" rebuy="0" addon="0" merge="0" rebuychips="0" reg_code="5075801317"/>
<player seat="3" name="Tiuualex" chips="510" dealer="0" win="0" bet="62" muck="1" rebuy="0" addon="0" merge="0" rebuychips="0" reg_code="5075799970"/>
</players>
</general>
<round no="0"><action no="1" player="Tiuualex" type="1" discard="1" dealt="1" sum="10"/>
<action no="2" player="alwaysss" type="2" discard="1" dealt="1" sum="20"/>
</round>
<round no="1"><cards type="Pocket" player="Tiuualex">X X</cards>
<cards type="Pocket" player="alwaysss">X X</cards>
<cards type="Pocket" player="KOPKHUNKRAP">H6 D2</cards>
<action no="3" player="KOPKHUNKRAP" type="0" sum="0"/>
<action no="4" player="Tiuualex" type="23" discard="1" dealt="1" sum="42"/>
<action no="5" player="alwaysss" type="3" discard="1" dealt="1" sum="22"/>
</round>
<round no="2"><cards type="Flop">H10 S7 DQ</cards>
<action no="6" player="Tiuualex" type="5" discard="1" dealt="1" sum="20"/>
<action no="7" player="alwaysss" type="23" discard="1" dealt="1" sum="72"/>
<action no="8" player="Tiuualex" type="0" discard="1" dealt="1" sum="0"/>
</round>
</game>
<game gamecode="6541873105"><general><startdate>2025-11-26 20:12:15</startdate>
<round>1</round>
<failsafecounter/>
<players><player seat="10" name="KOPKHUNKRAP" chips="400" dealer="0" win="75" bet="400" muck="1" rebuy="0" addon="0" merge="0" rebuychips="0" reg_code="5075801317"/>
<player seat="3" name="Tiuualex" chips="448" dealer="1" win="0" bet="5" muck="1" rebuy="0" addon="0" merge="0" rebuychips="0" reg_code="5075799970"/>
<player seat="6" name="alwaysss" chips="652" dealer="0" win="0" bet="35" muck="1" rebuy="0" addon="0" merge="0" rebuychips="0" reg_code="5075801206"/>
</players>
</general>
<round no="0"><action no="1" player="alwaysss" type="15" discard="1" dealt="1" sum="5"/>
<action no="2" player="KOPKHUNKRAP" type="15" sum="5"/>
<action no="3" player="Tiuualex" type="15" discard="1" dealt="1" sum="5"/>
<action no="4" player="alwaysss" type="1" discard="1" dealt="1" sum="15"/>
<action no="5" player="KOPKHUNKRAP" type="2" sum="30"/>
</round>
<round no="1"><cards type="Pocket" player="Tiuualex">X X</cards>
<cards type="Pocket" player="KOPKHUNKRAP">DK HA</cards>
<cards type="Pocket" player="alwaysss">X X</cards>
<action no="6" player="Tiuualex" type="0" discard="1" dealt="1" sum="0"/>
<action no="7" player="alwaysss" type="3" discard="1" dealt="1" sum="15"/>
<action no="8" player="KOPKHUNKRAP" type="23" sum="395"/>
<action no="9" player="alwaysss" type="0" discard="1" dealt="1" sum="0"/>
</round>
</game>
<game gamecode="6541873136"><general><startdate>2025-11-26 20:12:28</startdate>
<round>1</round>
<failsafecounter/>
<players><player seat="3" name="Tiuualex" chips="443" dealer="0" win="90" bet="115" muck="1" rebuy="0" addon="0" merge="0" rebuychips="0" reg_code="5075799970"/>
<player seat="6" name="alwaysss" chips="617" dealer="1" win="0" bet="35" muck="1" rebuy="0" addon="0" merge="0" rebuychips="0" reg_code="5075801206"/>
<player seat="10" name="KOPKHUNKRAP" chips="440" dealer="0" win="0" bet="20" muck="1" rebuy="0" addon="0" merge="0" rebuychips="0" reg_code="5075801317"/>
</players>
</general>
<round no="0"><action no="1" player="KOPKHUNKRAP" type="15" sum="5"/>
<action no="2" player="Tiuualex" type="15" discard="1" dealt="1" sum="5"/>
<action no="3" player="alwaysss" type="15" discard="1" dealt="1" sum="5"/>
<action no="4" player="KOPKHUNKRAP" type="1" sum="15"/>
<action no="5" player="Tiuualex" type="2" discard="1" dealt="1" sum="30"/>
</round>
<round no="1"><cards type="Pocket" player="Tiuualex">X X</cards>
<cards type="Pocket" player="alwaysss">X X</cards>
<cards type="Pocket" player="KOPKHUNKRAP">DK C3</cards>
<action no="6" player="alwaysss" type="3" discard="1" dealt="1" sum="30"/>
<action no="7" player="KOPKHUNKRAP" type="0" sum="0"/>
<action no="8" player="Tiuualex" type="4" discard="1" dealt="1" sum="0"/>
</round>
<round no="2"><cards type="Flop">C9 DA S3</cards>
<action no="9" player="Tiuualex" type="4" discard="1" dealt="1" sum="0"/>
<action no="10" player="alwaysss" type="4" discard="1" dealt="1" sum="0"/>
</round>
<round no="3"><cards type="Turn">H5</cards>
<action no="11" player="Tiuualex" type="4" discard="1" dealt="1" sum="0"/>
<action no="12" player="alwaysss" type="4" discard="1" dealt="1" sum="0"/>
</round>
<round no="4"><cards type="River">H9</cards>
<action no="13" player="Tiuualex" type="5" discard="1" dealt="1" sum="80"/>
<action no="14" player="alwaysss" type="0" discard="1" dealt="1" sum="0"/>
</round>
</game>
<game gamecode="6541873205"><general><startdate>2025-11-26 20:12:53</startdate>
<round>1</round>
<failsafecounter/>
<players><player seat="6" name="alwaysss" chips="582" dealer="0" win="141" bet="582" muck="1" rebuy="0" addon="0" merge="0" rebuychips="0" reg_code="5075801206"/>
<player seat="10" name="KOPKHUNKRAP" chips="420" dealer="1" win="0" bet="5" muck="1" rebuy="0" addon="0" merge="0" rebuychips="0" reg_code="5075801317"/>
<player seat="3" name="Tiuualex" chips="498" dealer="0" win="0" bet="68" muck="1" rebuy="0" addon="0" merge="0" rebuychips="0" reg_code="5075799970"/>
</players>
</general>
<round no="0"><action no="1" player="Tiuualex" type="15" discard="1" dealt="1" sum="5"/>
<action no="2" player="alwaysss" type="15" discard="1" dealt="1" sum="5"/>
<action no="3" player="KOPKHUNKRAP" type="15" sum="5"/>
<action no="4" player="Tiuualex" type="1" discard="1" dealt="1" sum="15"/>
<action no="5" player="alwaysss" type="2" discard="1" dealt="1" sum="30"/>
</round>
<round no="1"><cards type="Pocket" player="alwaysss">X X</cards>
<cards type="Pocket" player="Tiuualex">X X</cards>
<cards type="Pocket" player="KOPKHUNKRAP">C8 H5</cards>
<action no="6" player="KOPKHUNKRAP" type="0" sum="0"/>
<action no="7" player="Tiuualex" type="23" discard="1" dealt="1" sum="63"/>
<action no="8" player="alwaysss" type="23" discard="1" dealt="1" sum="577"/>
<action no="9" player="Tiuualex" type="0" discard="1" dealt="1" sum="0"/>
</round>
</game>
<game gamecode="6541873238"><general><startdate>2025-11-26 20:13:03</startdate>
<round>1</round>
<failsafecounter/>
<players><player seat="10" name="KOPKHUNKRAP" chips="415" dealer="0" win="0" bet="35" muck="1" rebuy="0" addon="0" merge="0" rebuychips="0" reg_code="5075801317"/>
<player seat="3" name="Tiuualex" chips="430" dealer="1" win="165" bet="124" muck="1" rebuy="0" addon="0" merge="0" rebuychips="0" reg_code="5075799970"/>
<player seat="6" name="alwaysss" chips="655" dealer="0" win="0" bet="65" muck="1" rebuy="0" addon="0" merge="0" rebuychips="0" reg_code="5075801206"/>
</players>
</general>
<round no="0"><action no="1" player="alwaysss" type="15" discard="1" dealt="1" sum="5"/>
<action no="2" player="KOPKHUNKRAP" type="15" sum="5"/>
<action no="3" player="Tiuualex" type="15" discard="1" dealt="1" sum="5"/>
<action no="4" player="alwaysss" type="1" discard="1" dealt="1" sum="15"/>
<action no="5" player="KOPKHUNKRAP" type="2" sum="30"/>
</round>
<round no="1"><cards type="Pocket" player="alwaysss">X X</cards>
<cards type="Pocket" player="KOPKHUNKRAP">SJ H8</cards>
<cards type="Pocket" player="Tiuualex">X X</cards>
<action no="6" player="Tiuualex" type="23" discard="1" dealt="1" sum="60"/>
<action no="7" player="alwaysss" type="3" discard="1" dealt="1" sum="45"/>
<action no="8" player="KOPKHUNKRAP" type="0" sum="0"/>
</round>
<round no="2"><cards type="Flop">D8 S3 DQ</cards>
<action no="9" player="alwaysss" type="4" discard="1" dealt="1" sum="0"/>
<action no="10" player="Tiuualex" type="4" discard="1" dealt="1" sum="0"/>
</round>
<round no="3"><cards type="Turn">D6</cards>
<action no="11" player="alwaysss" type="4" discard="1" dealt="1" sum="0"/>
<action no="12" player="Tiuualex" type="5" discard="1" dealt="1" sum="59"/>
<action no="13" player="alwaysss" type="0" discard="1" dealt="1" sum="0"/>
</round>
</game>
<game gamecode="6541873292"><general><startdate>2025-11-26 20:13:24</startdate>
<round>1</round>
<failsafecounter/>
<players><player seat="3" name="Tiuualex" chips="530" dealer="0" win="420" bet="305" muck="1" rebuy="0" addon="0" merge="0" rebuychips="0" reg_code="5075799970"/>
<player seat="6" name="alwaysss" chips="590" dealer="1" win="0" bet="200" muck="1" rebuy="0" addon="0" merge="0" rebuychips="0" reg_code="5075801206"/>
<player seat="10" name="KOPKHUNKRAP" chips="380" dealer="0" win="0" bet="20" muck="1" rebuy="0" addon="0" merge="0" rebuychips="0" reg_code="5075801317"/>
</players>
</general>
<round no="0"><action no="1" player="KOPKHUNKRAP" type="15" sum="5"/>
<action no="2" player="Tiuualex" type="15" discard="1" dealt="1" sum="5"/>
<action no="3" player="alwaysss" type="15" discard="1" dealt="1" sum="5"/>
<action no="4" player="KOPKHUNKRAP" type="1" sum="15"/>
<action no="5" player="Tiuualex" type="2" discard="1" dealt="1" sum="30"/>
</round>
<round no="1"><cards type="Pocket" player="Tiuualex">X X</cards>
<cards type="Pocket" player="KOPKHUNKRAP">C3 D2</cards>
<cards type="Pocket" player="alwaysss">X X</cards>
<action no="6" player="alwaysss" type="23" discard="1" dealt="1" sum="90"/>
<action no="7" player="KOPKHUNKRAP" type="0" sum="0"/>
<action no="8" player="Tiuualex" type="3" discard="1" dealt="1" sum="60"/>
</round>
<round no="2"><cards type="Flop">D6 D3 CK</cards>
<action no="9" player="Tiuualex" type="4" discard="1" dealt="1" sum="0"/>
<action no="10" player="alwaysss" type="4" discard="1" dealt="1" sum="0"/>
</round>
<round no="3"><cards type="Turn">SK</cards>
<action no="11" player="Tiuualex" type="4" discard="1" dealt="1" sum="0"/>
<action no="12" player="alwaysss" type="5" discard="1" dealt="1" sum="105"/>
<action no="13" player="Tiuualex" type="23" discard="1" dealt="1" sum="210"/>
<action no="14" player="alwaysss" type="0" discard="1" dealt="1" sum="0"/>
</round>
</game>
<game gamecode="6541873371"><general><startdate>2025-11-26 20:13:53</startdate>
<round>1</round>
<failsafecounter/>
<players><player seat="6" name="alwaysss" chips="390" dealer="0" win="0" bet="45" muck="1" rebuy="0" addon="0" merge="0" rebuychips="0" reg_code="5075801206"/>
<player seat="10" name="KOPKHUNKRAP" chips="360" dealer="1" win="115" bet="360" muck="1" rebuy="0" addon="0" merge="0" rebuychips="0" reg_code="5075801317"/>
<player seat="3" name="Tiuualex" chips="750" dealer="0" win="0" bet="25" muck="1" rebuy="0" addon="0" merge="0" rebuychips="0" reg_code="5075799970"/>
</players>
</general>
<round no="0"><action no="1" player="Tiuualex" type="15" discard="1" dealt="1" sum="5"/>
<action no="2" player="alwaysss" type="15" discard="1" dealt="1" sum="5"/>
<action no="3" player="KOPKHUNKRAP" type="15" sum="5"/>
<action no="4" player="Tiuualex" type="1" discard="1" dealt="1" sum="20"/>
<action no="5" player="alwaysss" type="2" discard="1" dealt="1" sum="40"/>
</round>
<round no="1"><cards type="Pocket" player="KOPKHUNKRAP">SJ DQ</cards>
<cards type="Pocket" player="Tiuualex">X X</cards>
<cards type="Pocket" player="alwaysss">X X</cards>
<action no="6" player="KOPKHUNKRAP" type="23" sum="355"/>
<action no="7" player="Tiuualex" type="0" discard="1" dealt="1" sum="0"/>
<action no="8" player="alwaysss" type="0" discard="1" dealt="1" sum="0"/>
</round>
</game>
<game gamecode="6541873395"><general><startdate>2025-11-26 20:14:01</startdate>
<round>1</round>
<failsafecounter/>
<players><player seat="10" name="KOPKHUNKRAP" chips="430" dealer="0" win="0" bet="45" muck="1" rebuy="0" addon="0" merge="0" rebuychips="0" reg_code="5075801317"/>
<player seat="3" name="Tiuualex" chips="725" dealer="1" win="115" bet="725" muck="1" rebuy="0" addon="0" merge="0" rebuychips="0" reg_code="5075799970"/>
<player seat="6" name="alwaysss" chips="345" dealer="0" win="0" bet="25" muck="1" rebuy="0" addon="0" merge="0" rebuychips="0" reg_code="5075801206"/>
</players>
</general>
<round no="0"><action no="1" player="alwaysss" type="15" discard="1" dealt="1" sum="5"/>
<action no="2" player="KOPKHUNKRAP" type="15" sum="5"/>
<action no="3" player="Tiuualex" type="15" discard="1" dealt="1" sum="5"/>
<action no="4" player="alwaysss" type="1" discard="1" dealt="1" sum="20"/>
<action no="5" player="KOPKHUNKRAP" type="2" sum="40"/>
</round>
<round no="1"><cards type="Pocket" player="Tiuualex">X X</cards>
<cards type="Pocket" player="alwaysss">X X</cards>
<cards type="Pocket" player="KOPKHUNKRAP">S5 HQ</cards>
<action no="6" player="Tiuualex" type="23" discard="1" dealt="1" sum="720"/>
<action no="7" player="alwaysss" type="0" discard="1" dealt="1" sum="0"/>
<action no="8" player="KOPKHUNKRAP" type="0" sum="0"/>
</round>
</game>
<game gamecode="6541873422"><general><startdate>2025-11-26 20:14:11</startdate>
<round>1</round>
<failsafecounter/>
<players><player seat="3" name="Tiuualex" chips="795" dealer="0" win="0" bet="45" muck="1" rebuy="0" addon="0" merge="0" rebuychips="0" reg_code="5075799970"/>
<player seat="6" name="alwaysss" chips="320" dealer="1" win="0" bet="5" muck="1" rebuy="0" addon="0" merge="0" rebuychips="0" reg_code="5075801206"/>
<player seat="10" name="KOPKHUNKRAP" chips="385" dealer="0" win="95" bet="385" muck="1" rebuy="0" addon="0" merge="0" rebuychips="0" reg_code="5075801317"/>
</players>
</general>
<round no="0"><action no="1" player="KOPKHUNKRAP" type="15" sum="5"/>
<action no="2" player="Tiuualex" type="15" discard="1" dealt="1" sum="5"/>
<action no="3" player="alwaysss" type="15" discard="1" dealt="1" sum="5"/>
<action no="4" player="KOPKHUNKRAP" type="1" sum="20"/>
<action no="5" player="Tiuualex" type="2" discard="1" dealt="1" sum="40"/>
</round>
<round no="1"><cards type="Pocket" player="Tiuualex">X X</cards>
<cards type="Pocket" player="alwaysss">X X</cards>
<cards type="Pocket" player="KOPKHUNKRAP">H3 S3</cards>
<action no="6" player="alwaysss" type="0" discard="1" dealt="1" sum="0"/>
<action no="7" player="KOPKHUNKRAP" type="23" sum="380"/>
<action no="8" player="Tiuualex" type="0" discard="1" dealt="1" sum="0"/>
</round>
</game>
<game gamecode="6541873449"><general><startdate>2025-11-26 20:14:21</startdate>
<round>1</round>
<failsafecounter/>
<players><player seat="6" name="alwaysss" chips="315" dealer="0" win="0" bet="45" muck="1" rebuy="0" addon="0" merge="0" rebuychips="0" reg_code="5075801206"/>
<player seat="10" name="KOPKHUNKRAP" chips="435" dealer="1" win="0" bet="5" muck="1" rebuy="0" addon="0" merge="0" rebuychips="0" reg_code="5075801317"/>
<player seat="3" name="Tiuualex" chips="750" dealer="0" win="95" bet="750" muck="1" rebuy="0" addon="0" merge="0" rebuychips="0" reg_code="5075799970"/>
</players>
</general>
<round no="0"><action no="1" player="Tiuualex" type="15" discard="1" dealt="1" sum="5"/>
<action no="2" player="alwaysss" type="15" discard="1" dealt="1" sum="5"/>
<action no="3" player="KOPKHUNKRAP" type="15" sum="5"/>
<action no="4" player="Tiuualex" type="1" discard="1" dealt="1" sum="20"/>
<action no="5" player="alwaysss" type="2" discard="1" dealt="1" sum="40"/>
</round>
<round no="1"><cards type="Pocket" player="KOPKHUNKRAP">D7 C3</cards>
<cards type="Pocket" player="alwaysss">X X</cards>
<cards type="Pocket" player="Tiuualex">X X</cards>
<action no="6" player="KOPKHUNKRAP" type="0" sum="0"/>
<action no="7" player="Tiuualex" type="23" discard="1" dealt="1" sum="745"/>
<action no="8" player="alwaysss" type="0" discard="1" dealt="1" sum="0"/>
</round>
</game>
<game gamecode="6541873481"><general><startdate>2025-11-26 20:14:35</startdate>
<round>1</round>
<failsafecounter/>
<players><player seat="10" name="KOPKHUNKRAP" chips="430" dealer="0" win="0" bet="270" muck="1" rebuy="0" addon="0" merge="0" rebuychips="0" reg_code="5075801317"/>
<player seat="3" name="Tiuualex" chips="800" dealer="1" win="0" bet="5" muck="1" rebuy="0" addon="0" merge="0" rebuychips="0" reg_code="5075799970"/>
<player seat="6" name="alwaysss" chips="270" dealer="0" win="545" bet="270" muck="0" rebuy="0" addon="0" merge="0" rebuychips="0" reg_code="5075801206"/>
</players>
</general>
<round no="0"><action no="1" player="alwaysss" type="15" discard="1" dealt="1" sum="5"/>
<action no="2" player="KOPKHUNKRAP" type="15" sum="5"/>
<action no="3" player="Tiuualex" type="15" discard="1" dealt="1" sum="5"/>
<action no="4" player="alwaysss" type="1" discard="1" dealt="1" sum="20"/>
<action no="5" player="KOPKHUNKRAP" type="2" sum="40"/>
</round>
<round no="1"><cards type="Pocket" player="Tiuualex">X X</cards>
<cards type="Pocket" player="KOPKHUNKRAP">CJ DA</cards>
<cards type="Pocket" player="alwaysss">SA C9</cards>
<action no="6" player="Tiuualex" type="0" discard="1" dealt="1" sum="0"/>
<action no="7" player="alwaysss" type="23" discard="1" dealt="1" sum="265"/>
<action no="8" player="KOPKHUNKRAP" type="3" sum="225"/>
</round>
<round no="2"><cards type="Flop">H9 C7 C5</cards>
</round>
<round no="3"><cards type="Turn">D7</cards>
</round>
<round no="4"><cards type="River">C6</cards>
</round>
</game>
<game gamecode="6541873526"><general><startdate>2025-11-26 20:14:52</startdate>
<round>1</round>
<failsafecounter/>
<players><player seat="3" name="Tiuualex" chips="795" dealer="0" win="55" bet="45" muck="1" rebuy="0" addon="0" merge="0" rebuychips="0" reg_code="5075799970"/>
<player seat="6" name="alwaysss" chips="545" dealer="1" win="0" bet="5" muck="1" rebuy="0" addon="0" merge="0" rebuychips="0" reg_code="5075801206"/>
<player seat="10" name="KOPKHUNKRAP" chips="160" dealer="0" win="0" bet="25" muck="1" rebuy="0" addon="0" merge="0" rebuychips="0" reg_code="5075801317"/>
</players>
</general>
<round no="0"><action no="1" player="KOPKHUNKRAP" type="15" sum="5"/>
<action no="2" player="Tiuualex" type="15" discard="1" dealt="1" sum="5"/>
<action no="3" player="alwaysss" type="15" discard="1" dealt="1" sum="5"/>
<action no="4" player="KOPKHUNKRAP" type="1" sum="20"/>
<action no="5" player="Tiuualex" type="2" discard="1" dealt="1" sum="40"/>
</round>
<round no="1"><cards type="Pocket" player="alwaysss">X X</cards>
<cards type="Pocket" player="KOPKHUNKRAP">C9 H2</cards>
<cards type="Pocket" player="Tiuualex">X X</cards>
<action no="6" player="alwaysss" type="0" discard="1" dealt="1" sum="0"/>
<action no="7" player="KOPKHUNKRAP" type="0" sum="0"/>
</round>
</game>
<game gamecode="6541873544"><general><startdate>2025-11-26 20:14:59</startdate>
<round>1</round>
<failsafecounter/>
<players><player seat="6" name="alwaysss" chips="540" dealer="0" win="0" bet="135" muck="1" rebuy="0" addon="0" merge="0" rebuychips="0" reg_code="5075801206"/>
<player seat="10" name="KOPKHUNKRAP" chips="135" dealer="1" win="295" bet="135" muck="0" rebuy="0" addon="0" merge="0" rebuychips="0" reg_code="5075801317"/>
<player seat="3" name="Tiuualex" chips="825" dealer="0" win="0" bet="25" muck="1" rebuy="0" addon="0" merge="0" rebuychips="0" reg_code="5075799970"/>
</players>
</general>
<round no="0"><action no="1" player="Tiuualex" type="15" discard="1" dealt="1" sum="5"/>
<action no="2" player="alwaysss" type="15" discard="1" dealt="1" sum="5"/>
<action no="3" player="KOPKHUNKRAP" type="15" sum="5"/>
<action no="4" player="Tiuualex" type="1" discard="1" dealt="1" sum="20"/>
<action no="5" player="alwaysss" type="2" discard="1" dealt="1" sum="40"/>
</round>
<round no="1"><cards type="Pocket" player="alwaysss">D5 DQ</cards>
<cards type="Pocket" player="KOPKHUNKRAP">HK CA</cards>
<cards type="Pocket" player="Tiuualex">X X</cards>
<action no="6" player="KOPKHUNKRAP" type="23" sum="130"/>
<action no="7" player="Tiuualex" type="0" discard="1" dealt="1" sum="0"/>
<action no="8" player="alwaysss" type="3" discard="1" dealt="1" sum="90"/>
</round>
<round no="2"><cards type="Flop">S3 C3 H6</cards>
</round>
<round no="3"><cards type="Turn">CK</cards>
</round>
<round no="4"><cards type="River">C10</cards>
</round>
</game>
<game gamecode="6541873585"><general><startdate>2025-11-26 20:15:16</startdate>
<round>1</round>
<failsafecounter/>
<players><player seat="10" name="KOPKHUNKRAP" chips="295" dealer="0" win="0" bet="85" muck="1" rebuy="0" addon="0" merge="0" rebuychips="0" reg_code="5075801317"/>
<player seat="3" name="Tiuualex" chips="800" dealer="1" win="0" bet="5" muck="1" rebuy="0" addon="0" merge="0" rebuychips="0" reg_code="5075799970"/>
<player seat="6" name="alwaysss" chips="405" dealer="0" win="175" bet="172" muck="1" rebuy="0" addon="0" merge="0" rebuychips="0" reg_code="5075801206"/>
</players>
</general>
<round no="0"><action no="1" player="alwaysss" type="15" discard="1" dealt="1" sum="5"/>
<action no="2" player="KOPKHUNKRAP" type="15" sum="5"/>
<action no="3" player="Tiuualex" type="15" discard="1" dealt="1" sum="5"/>
<action no="4" player="alwaysss" type="1" discard="1" dealt="1" sum="20"/>
<action no="5" player="KOPKHUNKRAP" type="2" sum="40"/>
</round>
<round no="1"><cards type="Pocket" player="Tiuualex">X X</cards>
<cards type="Pocket" player="KOPKHUNKRAP">H10 H8</cards>
<cards type="Pocket" player="alwaysss">X X</cards>
<action no="6" player="Tiuualex" type="0" discard="1" dealt="1" sum="0"/>
<action no="7" player="alwaysss" type="3" discard="1" dealt="1" sum="20"/>
<action no="8" player="KOPKHUNKRAP" type="4" sum="0"/>
</round>
<round no="2"><cards type="Flop">HK S5 C6</cards>
<action no="9" player="alwaysss" type="4" discard="1" dealt="1" sum="0"/>
<action no="10" player="KOPKHUNKRAP" type="4" sum="0"/>
</round>
<round no="3"><cards type="Turn">C7</cards>
<action no="11" player="alwaysss" type="5" discard="1" dealt="1" sum="40"/>
<action no="12" player="KOPKHUNKRAP" type="3" sum="40"/>
</round>
<round no="4"><cards type="River">D7</cards>
<action no="13" player="alwaysss" type="5" discard="1" dealt="1" sum="87"/>
<action no="14" player="KOPKHUNKRAP" type="0" sum="0"/>
</round>
</game>
<game gamecode="6541878546"><general><startdate>2025-11-26 20:15:41</startdate>
<round>1</round>
<failsafecounter/>
<players><player seat="3" name="Tiuualex" chips="795" dealer="0" win="0" bet="210" muck="1" rebuy="0" addon="0" merge="0" rebuychips="0" reg_code="5075799970"/>
<player seat="6" name="alwaysss" chips="495" dealer="1" win="0" bet="5" muck="1" rebuy="0" addon="0" merge="0" rebuychips="0" reg_code="5075801206"/>
<player seat="10" name="KOPKHUNKRAP" chips="210" dealer="0" win="425" bet="210" muck="0" rebuy="0" addon="0" merge="0" rebuychips="0" reg_code="5075801317"/>
</players>
</general>
<round no="0"><action no="1" player="KOPKHUNKRAP" type="15" sum="5"/>
<action no="2" player="Tiuualex" type="15" discard="1" dealt="1" sum="5"/>
<action no="3" player="alwaysss" type="15" discard="1" dealt="1" sum="5"/>
<action no="4" player="KOPKHUNKRAP" type="1" sum="30"/>
<action no="5" player="Tiuualex" type="2" discard="1" dealt="1" sum="60"/>
</round>
<round no="1"><cards type="Pocket" player="alwaysss">X X</cards>
<cards type="Pocket" player="Tiuualex">C7 C9</cards>
<cards type="Pocket" player="KOPKHUNKRAP">H6 HK</cards>
<action no="6" player="alwaysss" type="0" discard="1" dealt="1" sum="0"/>
<action no="7" player="KOPKHUNKRAP" type="23" sum="205"/>
<action no="8" player="Tiuualex" type="3" discard="1" dealt="1" sum="145"/>
</round>
<round no="2"><cards type="Flop">DQ D10 D3</cards>
</round>
<round no="3"><cards type="Turn">C6</cards>
</round>
<round no="4"><cards type="River">CA</cards>
</round>
</game>
<game gamecode="6541878587"><general><startdate>2025-11-26 20:15:58</startdate>
<round>1</round>
<failsafecounter/>
<players><player seat="6" name="alwaysss" chips="490" dealer="0" win="0" bet="65" muck="1" rebuy="0" addon="0" merge="0" rebuychips="0" reg_code="5075801206"/>
<player seat="10" name="KOPKHUNKRAP" chips="425" dealer="1" win="0" bet="5" muck="1" rebuy="0" addon="0" merge="0" rebuychips="0" reg_code="5075801317"/>
<player seat="3" name="Tiuualex" chips="585" dealer="0" win="135" bet="585" muck="1" rebuy="0" addon="0" merge="0" rebuychips="0" reg_code="5075799970"/>
</players>
</general>
<round no="0"><action no="1" player="Tiuualex" type="15" discard="1" dealt="1" sum="5"/>
<action no="2" player="alwaysss" type="15" discard="1" dealt="1" sum="5"/>
<action no="3" player="KOPKHUNKRAP" type="15" sum="5"/>
<action no="4" player="Tiuualex" type="1" discard="1" dealt="1" sum="30"/>
<action no="5" player="alwaysss" type="2" discard="1" dealt="1" sum="60"/>
</round>
<round no="1"><cards type="Pocket" player="alwaysss">X X</cards>
<cards type="Pocket" player="Tiuualex">X X</cards>
<cards type="Pocket" player="KOPKHUNKRAP">S8 S4</cards>
<action no="6" player="KOPKHUNKRAP" type="0" sum="0"/>
<action no="7" player="Tiuualex" type="23" discard="1" dealt="1" sum="580"/>
<action no="8" player="alwaysss" type="0" discard="1" dealt="1" sum="0"/>
</round>
</game>
<game gamecode="6541878606"><general><startdate>2025-11-26 20:16:07</startdate>
<round>1</round>
<failsafecounter/>
<players><player seat="10" name="KOPKHUNKRAP" chips="420" dealer="0" win="75" bet="65" muck="1" rebuy="0" addon="0" merge="0" rebuychips="0" reg_code="5075801317"/>
<player seat="3" name="Tiuualex" chips="655" dealer="1" win="0" bet="5" muck="1" rebuy="0" addon="0" merge="0" rebuychips="0" reg_code="5075799970"/>
<player seat="6" name="alwaysss" chips="425" dealer="0" win="0" bet="35" muck="1" rebuy="0" addon="0" merge="0" rebuychips="0" reg_code="5075801206"/>
</players>
</general>
<round no="0"><action no="1" player="alwaysss" type="15" discard="1" dealt="1" sum="5"/>
<action no="2" player="KOPKHUNKRAP" type="15" sum="5"/>
<action no="3" player="Tiuualex" type="15" discard="1" dealt="1" sum="5"/>
<action no="4" player="alwaysss" type="1" discard="1" dealt="1" sum="30"/>
<action no="5" player="KOPKHUNKRAP" type="2" sum="60"/>
</round>
<round no="1"><cards type="Pocket" player="KOPKHUNKRAP">HA H6</cards>
<cards type="Pocket" player="Tiuualex">X X</cards>
<cards type="Pocket" player="alwaysss">X X</cards>
<action no="6" player="Tiuualex" type="0" discard="1" dealt="1" sum="0"/>
<action no="7" player="alwaysss" type="0" discard="1" dealt="1" sum="0"/>
</round>
</game>
<game gamecode="6541878623"><general><startdate>2025-11-26 20:16:14</startdate>
<round>1</round>
<failsafecounter/>
<players><player seat="3" name="Tiuualex" chips="650" dealer="0" win="75" bet="65" muck="1" rebuy="0" addon="0" merge="0" rebuychips="0" reg_code="5075799970"/>
<player seat="6" name="alwaysss" chips="390" dealer="1" win="0" bet="5" muck="1" rebuy="0" addon="0" merge="0" rebuychips="0" reg_code="5075801206"/>
<player seat="10" name="KOPKHUNKRAP" chips="460" dealer="0" win="0" bet="35" muck="1" rebuy="0" addon="0" merge="0" rebuychips="0" reg_code="5075801317"/>
</players>
</general>
<round no="0"><action no="1" player="KOPKHUNKRAP" type="15" sum="5"/>
<action no="2" player="Tiuualex" type="15" discard="1" dealt="1" sum="5"/>
<action no="3" player="alwaysss" type="15" discard="1" dealt="1" sum="5"/>
<action no="4" player="KOPKHUNKRAP" type="1" sum="30"/>
<action no="5" player="Tiuualex" type="2" discard="1" dealt="1" sum="60"/>
</round>
<round no="1"><cards type="Pocket" player="Tiuualex">X X</cards>
<cards type="Pocket" player="alwaysss">X X</cards>
<cards type="Pocket" player="KOPKHUNKRAP">S10 H3</cards>
<action no="6" player="alwaysss" type="0" discard="1" dealt="1" sum="0"/>
<action no="7" player="KOPKHUNKRAP" type="0" sum="0"/>
</round>
</game>
<game gamecode="6541878646"><general><startdate>2025-11-26 20:16:23</startdate>
<round>1</round>
<failsafecounter/>
<players><player seat="6" name="alwaysss" chips="385" dealer="0" win="0" bet="65" muck="1" rebuy="0" addon="0" merge="0" rebuychips="0" reg_code="5075801206"/>
<player seat="10" name="KOPKHUNKRAP" chips="425" dealer="1" win="0" bet="5" muck="1" rebuy="0" addon="0" merge="0" rebuychips="0" reg_code="5075801317"/>
<player seat="3" name="Tiuualex" chips="690" dealer="0" win="135" bet="690" muck="1" rebuy="0" addon="0" merge="0" rebuychips="0" reg_code="5075799970"/>
</players>
</general>
<round no="0"><action no="1" player="Tiuualex" type="15" discard="1" dealt="1" sum="5"/>
<action no="2" player="alwaysss" type="15" discard="1" dealt="1" sum="5"/>
<action no="3" player="KOPKHUNKRAP" type="15" sum="5"/>
<action no="4" player="Tiuualex" type="1" discard="1" dealt="1" sum="30"/>
<action no="5" player="alwaysss" type="2" discard="1" dealt="1" sum="60"/>
</round>
<round no="1"><cards type="Pocket" player="KOPKHUNKRAP">D8 C3</cards>
<cards type="Pocket" player="Tiuualex">X X</cards>
<cards type="Pocket" player="alwaysss">X X</cards>
<action no="6" player="KOPKHUNKRAP" type="0" sum="0"/>
<action no="7" player="Tiuualex" type="23" discard="1" dealt="1" sum="685"/>
<action no="8" player="alwaysss" type="0" discard="1" dealt="1" sum="0"/>
</round>
</game>
<game gamecode="6541878682"><general><startdate>2025-11-26 20:16:36</startdate>
<round>1</round>
<failsafecounter/>
<players><player seat="10" name="KOPKHUNKRAP" chips="420" dealer="0" win="0" bet="65" muck="1" rebuy="0" addon="0" merge="0" rebuychips="0" reg_code="5075801317"/>
<player seat="3" name="Tiuualex" chips="760" dealer="1" win="0" bet="5" muck="1" rebuy="0" addon="0" merge="0" rebuychips="0" reg_code="5075799970"/>
<player seat="6" name="alwaysss" chips="320" dealer="0" win="135" bet="320" muck="1" rebuy="0" addon="0" merge="0" rebuychips="0" reg_code="5075801206"/>
</players>
</general>
<round no="0"><action no="1" player="alwaysss" type="15" discard="1" dealt="1" sum="5"/>
<action no="2" player="KOPKHUNKRAP" type="15" sum="5"/>
<action no="3" player="Tiuualex" type="15" discard="1" dealt="1" sum="5"/>
<action no="4" player="alwaysss" type="1" discard="1" dealt="1" sum="30"/>
<action no="5" player="KOPKHUNKRAP" type="2" sum="60"/>
</round>
<round no="1"><cards type="Pocket" player="KOPKHUNKRAP">H3 H2</cards>
<cards type="Pocket" player="Tiuualex">X X</cards>
<cards type="Pocket" player="alwaysss">X X</cards>
<action no="6" player="Tiuualex" type="0" discard="1" dealt="1" sum="0"/>
<action no="7" player="alwaysss" type="23" discard="1" dealt="1" sum="315"/>
<action no="8" player="KOPKHUNKRAP" type="0" sum="0"/>
</round>
</game>
<game gamecode="6541878708"><general><startdate>2025-11-26 20:16:48</startdate>
<round>1</round>
<failsafecounter/>
<players><player seat="3" name="Tiuualex" chips="755" dealer="0" win="715" bet="355" muck="0" rebuy="0" addon="0" merge="0" rebuychips="0" reg_code="5075799970"/>
<player seat="6" name="alwaysss" chips="390" dealer="1" win="0" bet="5" muck="1" rebuy="0" addon="0" merge="0" rebuychips="0" reg_code="5075801206"/>
<player seat="10" name="KOPKHUNKRAP" chips="355" dealer="0" win="0" bet="355" muck="0" rebuy="0" addon="0" merge="0" rebuychips="0" reg_code="5075801317"/>
</players>
</general>
<round no="0"><action no="1" player="KOPKHUNKRAP" type="15" sum="5"/>
<action no="2" player="Tiuualex" type="15" discard="1" dealt="1" sum="5"/>
<action no="3" player="alwaysss" type="15" discard="1" dealt="1" sum="5"/>
<action no="4" player="KOPKHUNKRAP" type="1" sum="30"/>
<action no="5" player="Tiuualex" type="2" discard="1" dealt="1" sum="60"/>
</round>
<round no="1"><cards type="Pocket" player="KOPKHUNKRAP">H9 HJ</cards>
<cards type="Pocket" player="alwaysss">X X</cards>
<cards type="Pocket" player="Tiuualex">C7 SA</cards>
<action no="6" player="alwaysss" type="0" discard="1" dealt="1" sum="0"/>
<action no="7" player="KOPKHUNKRAP" type="23" sum="350"/>
<action no="8" player="Tiuualex" type="3" discard="1" dealt="1" sum="290"/>
</round>
<round no="2"><cards type="Flop">S10 S8 D8</cards>
</round>
<round no="3"><cards type="Turn">C2</cards>
</round>
<round no="4"><cards type="River">CK</cards>
</round>
</game>
</session>
