<?xml version="1.0" encoding="UTF-8"?>
<session sessioncode="5075829808">
<general>
<client_version>25.7.1.34</client_version>
<mode>real</mode>
<gametype>Holdem NL</gametype>
<tablename>Twister €100 SNG, 822506385</tablename>
<tournamentcode>822506383</tournamentcode>
<tournamentname>Twister €100 SNG</tournamentname>
<buyin>€0 + €7 + €93</buyin>
<totalbuyin>€100</totalbuyin>
<rewarddrawn>€400</rewarddrawn>
<tournamentcurrency>EUR</tournamentcurrency>
<currency>EUR</currency>
<nickname>KOPKHUNKRAP</nickname>
<gamecount>4</gamecount>
<startdate>2025-11-26 21:42:40</startdate>
<place>3</place>
<win>€0</win>
<tablesize>3</tablesize>
</general>
<game gamecode="6541961087"><general><startdate>2025-11-26 21:42:56</startdate>
<round>1</round>
<failsafecounter/>
<players><player seat="6" name="OFiorbe" chips="500" dealer="0" win="60" bet="20" muck="0" rebuy="0" addon="0" merge="0" rebuychips="0" reg_code="5075829813"/>
<player seat="10" name="4evercall" chips="500" dealer="1" win="0" bet="20" muck="1" rebuy="0" addon="0" merge="0" rebuychips="0" reg_code="5075830142"/>
<player seat="3" name="KOPKHUNKRAP" chips="500" dealer="0" win="0" bet="20" muck="1" rebuy="0" addon="0" merge="0" rebuychips="0" reg_code="5075829808"/>
</players>
</general>
<round no="0"><action no="1" player="KOPKHUNKRAP" type="1" sum="10"/>
<action no="2" player="OFiorbe" type="2" discard="1" dealt="1" sum="20"/>
</round>
<round no="1"><cards type="Pocket" player="4evercall">C6 HK</cards>
<cards type="Pocket" player="KOPKHUNKRAP">D9 H10</cards>
<cards type="Pocket" player="OFiorbe">C7 HJ</cards>
<action no="3" player="4evercall" type="3" discard="1" dealt="1" sum="20"/>
<action no="4" player="KOPKHUNKRAP" type="3" sum="10"/>
<action no="5" player="OFiorbe" type="4" discard="1" dealt="1" sum="0"/>
</round>
<round no="2"><cards type="Flop">D8 D10 SA</cards>
<action no="6" player="KOPKHUNKRAP" type="4" sum="0"/>
<action no="7" player="OFiorbe" type="4" discard="1" dealt="1" sum="0"/>
<action no="8" player="4evercall" type="4" discard="1" dealt="1" sum="0"/>
</round>
<round no="3"><cards type="Turn">H8</cards>
<action no="9" player="KOPKHUNKRAP" type="4" sum="0"/>
<action no="10" player="OFiorbe" type="4" discard="1" dealt="1" sum="0"/>
<action no="11" player="4evercall" type="4" discard="1" dealt="1" sum="0"/>
</round>
<round no="4"><cards type="River">CJ</cards>
<action no="12" player="KOPKHUNKRAP" type="4" sum="0"/>
<action no="13" player="OFiorbe" type="4" discard="1" dealt="1" sum="0"/>
<action no="14" player="4evercall" type="4" discard="1" dealt="1" sum="0"/>
</round>
</game>
<game gamecode="6541961176"><general><startdate>2025-11-26 21:43:37</startdate>
<round>1</round>
<failsafecounter/>
<players><player seat="10" name="4evercall" chips="480" dealer="0" win="0" bet="170" muck="1" rebuy="0" addon="0" merge="0" rebuychips="0" reg_code="5075830142"/>
<player seat="3" name="KOPKHUNKRAP" chips="480" dealer="1" win="0" bet="0" muck="1" rebuy="0" addon="0" merge="0" rebuychips="0" reg_code="5075829808"/>
<player seat="6" name="OFiorbe" chips="540" dealer="0" win="340" bet="255" muck="1" rebuy="0" addon="0" merge="0" rebuychips="0" reg_code="5075829813"/>
</players>
</general>
<round no="0"><action no="1" player="OFiorbe" type="1" discard="1" dealt="1" sum="10"/>
<action no="2" player="4evercall" type="2" discard="1" dealt="1" sum="20"/>
</round>
<round no="1"><cards type="Pocket" player="OFiorbe">X X</cards>
<cards type="Pocket" player="4evercall">X X</cards>
<cards type="Pocket" player="KOPKHUNKRAP">SJ H5</cards>
<action no="3" player="KOPKHUNKRAP" type="0" sum="0"/>
<action no="4" player="OFiorbe" type="23" discard="1" dealt="1" sum="50"/>
<action no="5" player="4evercall" type="3" discard="1" dealt="1" sum="30"/>
</round>
<round no="2"><cards type="Flop">C9 D9 D2</cards>
<action no="6" player="OFiorbe" type="5" discard="1" dealt="1" sum="35"/>
<action no="7" player="4evercall" type="3" discard="1" dealt="1" sum="35"/>
</round>
<round no="3"><cards type="Turn">S4</cards>
<action no="8" player="OFiorbe" type="5" discard="1" dealt="1" sum="85"/>
<action no="9" player="4evercall" type="3" discard="1" dealt="1" sum="85"/>
</round>
<round no="4"><cards type="River">S8</cards>
<action no="10" player="OFiorbe" type="5" discard="1" dealt="1" sum="85"/>
<action no="11" player="4evercall" type="0" discard="1" dealt="1" sum="0"/>
</round>
</game>
<game gamecode="6541961270"><general><startdate>2025-11-26 21:44:22</startdate>
<round>1</round>
<failsafecounter/>
<players><player seat="3" name="KOPKHUNKRAP" chips="480" dealer="0" win="0" bet="20" muck="1" rebuy="0" addon="0" merge="0" rebuychips="0" reg_code="5075829808"/>
<player seat="6" name="OFiorbe" chips="710" dealer="1" win="0" bet="310" muck="1" rebuy="0" addon="0" merge="0" rebuychips="0" reg_code="5075829813"/>
<player seat="10" name="4evercall" chips="310" dealer="0" win="640" bet="310" muck="0" rebuy="0" addon="0" merge="0" rebuychips="0" reg_code="5075830142"/>
</players>
</general>
<round no="0"><action no="1" player="4evercall" type="1" discard="1" dealt="1" sum="10"/>
<action no="2" player="KOPKHUNKRAP" type="2" sum="20"/>
</round>
<round no="1"><cards type="Pocket" player="4evercall">CJ CA</cards>
<cards type="Pocket" player="KOPKHUNKRAP">D10 S9</cards>
<cards type="Pocket" player="OFiorbe">SA C8</cards>
<action no="3" player="OFiorbe" type="23" discard="1" dealt="1" sum="40"/>
<action no="4" player="4evercall" type="23" discard="1" dealt="1" sum="310"/>
<action no="5" player="KOPKHUNKRAP" type="0" sum="0"/>
<action no="6" player="OFiorbe" type="3" discard="1" dealt="1" sum="270"/>
</round>
<round no="2"><cards type="Flop">SJ C2 S10</cards>
</round>
<round no="3"><cards type="Turn">SK</cards>
</round>
<round no="4"><cards type="River">D6</cards>
</round>
</game>
<game gamecode="6541961321"><general><startdate>2025-11-26 21:44:45</startdate>
<round>1</round>
<failsafecounter/>
<players><player seat="6" name="OFiorbe" chips="400" dealer="0" win="0" bet="20" muck="1" rebuy="0" addon="0" merge="0" rebuychips="0" reg_code="5075829813"/>
<player seat="10" name="4evercall" chips="640" dealer="1" win="940" bet="460" muck="0" rebuy="0" addon="0" merge="0" rebuychips="0" reg_code="5075830142"/>
<player seat="3" name="KOPKHUNKRAP" chips="460" dealer="0" win="0" bet="460" muck="0" rebuy="0" addon="0" merge="0" rebuychips="0" reg_code="5075829808"/>
</players>
</general>
<round no="0"><action no="1" player="KOPKHUNKRAP" type="1" sum="10"/>
<action no="2" player="OFiorbe" type="2" discard="1" dealt="1" sum="20"/>
</round>
<round no="1"><cards type="Pocket" player="OFiorbe">X X</cards>
<cards type="Pocket" player="4evercall">H5 S5</cards>
<cards type="Pocket" player="KOPKHUNKRAP">H9 HA</cards>
<action no="3" player="4evercall" type="3" discard="1" dealt="1" sum="20"/>
<action no="4" player="KOPKHUNKRAP" type="23" sum="460"/>
<action no="5" player="OFiorbe" type="0" discard="1" dealt="1" sum="0"/>
<action no="6" player="4evercall" type="3" discard="1" dealt="1" sum="440"/>
</round>
<round no="2"><cards type="Flop">C4 C3 D10</cards>
</round>
<round no="3"><cards type="Turn">D5</cards>
</round>
<round no="4"><cards type="River">S6</cards>
</round>
</game>
</session>
