<?xml version="1.0" encoding="UTF-8"?>
<session sessioncode="5075798947">
<general>
<client_version>25.7.1.34</client_version>
<mode>real</mode>
<gametype>Holdem NL</gametype>
<tablename>Twister €100 SNG, 822498635</tablename>
<tournamentcode>822498634</tournamentcode>
<tournamentname>Twister €100 SNG</tournamentname>
<buyin>€0 + €7 + €93</buyin>
<totalbuyin>€100</totalbuyin>
<rewarddrawn>€200</rewarddrawn>
<tournamentcurrency>EUR</tournamentcurrency>
<currency>EUR</currency>
<nickname>KOPKHUNKRAP</nickname>
<gamecount>14</gamecount>
<startdate>2025-11-26 20:05:45</startdate>
<place>1</place>
<win>€200</win>
<tablesize>3</tablesize>
</general>
<game gamecode="6541865684"><general><startdate>2025-11-26 20:06:00</startdate>
<round>1</round>
<failsafecounter/>
<players><player seat="3" name="KOPKHUNKRAP" chips="500" dealer="0" win="0" bet="20" muck="1" rebuy="0" addon="0" merge="0" rebuychips="0" reg_code="5075798947"/>
<player seat="6" name="Tiuualex" chips="500" dealer="1" win="50" bet="40" muck="1" rebuy="0" addon="0" merge="0" rebuychips="0" reg_code="5075799176"/>
<player seat="10" name="alwaysss" chips="500" dealer="0" win="0" bet="10" muck="1" rebuy="0" addon="0" merge="0" rebuychips="0" reg_code="5075800015"/>
</players>
</general>
<round no="0"><action no="1" player="alwaysss" type="1" discard="1" dealt="1" sum="10"/>
<action no="2" player="KOPKHUNKRAP" type="2" sum="20"/>
</round>
<round no="1"><cards type="Pocket" player="alwaysss">X X</cards>
<cards type="Pocket" player="KOPKHUNKRAP">CQ S4</cards>
<cards type="Pocket" player="Tiuualex">X X</cards>
<action no="3" player="Tiuualex" type="23" discard="1" dealt="1" sum="40"/>
<action no="4" player="alwaysss" type="0" discard="1" dealt="1" sum="0"/>
<action no="5" player="KOPKHUNKRAP" type="0" sum="0"/>
</round>
</game>
<game gamecode="6541865704"><general><startdate>2025-11-26 20:06:10</startdate>
<round>1</round>
<failsafecounter/>
<players><player seat="6" name="Tiuualex" chips="530" dealer="0" win="150" bet="530" muck="1" rebuy="0" addon="0" merge="0" rebuychips="0" reg_code="5075799176"/>
<player seat="10" name="alwaysss" chips="490" dealer="1" win="0" bet="0" muck="1" rebuy="0" addon="0" merge="0" rebuychips="0" reg_code="5075800015"/>
<player seat="3" name="KOPKHUNKRAP" chips="480" dealer="0" win="0" bet="75" muck="1" rebuy="0" addon="0" merge="0" rebuychips="0" reg_code="5075798947"/>
</players>
</general>
<round no="0"><action no="1" player="KOPKHUNKRAP" type="1" sum="10"/>
<action no="2" player="Tiuualex" type="2" discard="1" dealt="1" sum="20"/>
</round>
<round no="1"><cards type="Pocket" player="KOPKHUNKRAP">SA H5</cards>
<cards type="Pocket" player="Tiuualex">X X</cards>
<cards type="Pocket" player="alwaysss">X X</cards>
<action no="3" player="alwaysss" type="0" discard="1" dealt="1" sum="0"/>
<action no="4" player="KOPKHUNKRAP" type="23" sum="50"/>
<action no="5" player="Tiuualex" type="3" discard="1" dealt="1" sum="30"/>
</round>
<round no="2"><cards type="Flop">H6 D5 C8</cards>
<action no="6" player="KOPKHUNKRAP" type="4" sum="0"/>
<action no="7" player="Tiuualex" type="5" discard="1" dealt="1" sum="25"/>
<action no="8" player="KOPKHUNKRAP" type="3" sum="25"/>
</round>
<round no="3"><cards type="Turn">C6</cards>
<action no="9" player="KOPKHUNKRAP" type="4" sum="0"/>
<action no="10" player="Tiuualex" type="5" discard="1" dealt="1" sum="455"/>
<action no="11" player="KOPKHUNKRAP" type="0" sum="0"/>
</round>
</game>
<game gamecode="6541869905"><general><startdate>2025-11-26 20:06:36</startdate>
<round>1</round>
<failsafecounter/>
<players><player seat="10" name="alwaysss" chips="490" dealer="0" win="100" bet="100" muck="1" rebuy="0" addon="0" merge="0" rebuychips="0" reg_code="5075800015"/>
<player seat="3" name="KOPKHUNKRAP" chips="405" dealer="1" win="0" bet="0" muck="1" rebuy="0" addon="0" merge="0" rebuychips="0" reg_code="5075798947"/>
<player seat="6" name="Tiuualex" chips="605" dealer="0" win="0" bet="50" muck="1" rebuy="0" addon="0" merge="0" rebuychips="0" reg_code="5075799176"/>
</players>
</general>
<round no="0"><action no="1" player="Tiuualex" type="1" discard="1" dealt="1" sum="10"/>
<action no="2" player="alwaysss" type="2" discard="1" dealt="1" sum="20"/>
</round>
<round no="1"><cards type="Pocket" player="KOPKHUNKRAP">H7 S9</cards>
<cards type="Pocket" player="alwaysss">X X</cards>
<cards type="Pocket" player="Tiuualex">X X</cards>
<action no="3" player="KOPKHUNKRAP" type="0" sum="0"/>
<action no="4" player="Tiuualex" type="23" discard="1" dealt="1" sum="50"/>
<action no="5" player="alwaysss" type="3" discard="1" dealt="1" sum="30"/>
</round>
<round no="2"><cards type="Flop">H3 H4 C2</cards>
<action no="6" player="Tiuualex" type="4" discard="1" dealt="1" sum="0"/>
<action no="7" player="alwaysss" type="5" discard="1" dealt="1" sum="50"/>
<action no="8" player="Tiuualex" type="0" discard="1" dealt="1" sum="0"/>
</round>
</game>
<game gamecode="6541869970"><general><startdate>2025-11-26 20:07:05</startdate>
<round>1</round>
<failsafecounter/>
<players><player seat="3" name="KOPKHUNKRAP" chips="405" dealer="0" win="0" bet="60" muck="1" rebuy="0" addon="0" merge="0" rebuychips="0" reg_code="5075798947"/>
<player seat="6" name="Tiuualex" chips="555" dealer="1" win="0" bet="0" muck="1" rebuy="0" addon="0" merge="0" rebuychips="0" reg_code="5075799176"/>
<player seat="10" name="alwaysss" chips="540" dealer="0" win="120" bet="180" muck="1" rebuy="0" addon="0" merge="0" rebuychips="0" reg_code="5075800015"/>
</players>
</general>
<round no="0"><action no="1" player="alwaysss" type="1" discard="1" dealt="1" sum="10"/>
<action no="2" player="KOPKHUNKRAP" type="2" sum="20"/>
</round>
<round no="1"><cards type="Pocket" player="alwaysss">X X</cards>
<cards type="Pocket" player="KOPKHUNKRAP">DA CQ</cards>
<cards type="Pocket" player="Tiuualex">X X</cards>
<action no="3" player="Tiuualex" type="0" discard="1" dealt="1" sum="0"/>
<action no="4" player="alwaysss" type="3" discard="1" dealt="1" sum="10"/>
<action no="5" player="KOPKHUNKRAP" type="23" sum="60"/>
<action no="6" player="alwaysss" type="3" discard="1" dealt="1" sum="40"/>
</round>
<round no="2"><cards type="Flop">D8 H9 H6</cards>
<action no="7" player="alwaysss" type="4" discard="1" dealt="1" sum="0"/>
<action no="8" player="KOPKHUNKRAP" type="4" sum="0"/>
</round>
<round no="3"><cards type="Turn">D10</cards>
<action no="9" player="alwaysss" type="5" discard="1" dealt="1" sum="120"/>
<action no="10" player="KOPKHUNKRAP" type="0" sum="0"/>
</round>
</game>
<game gamecode="6541870039"><general><startdate>2025-11-26 20:07:34</startdate>
<round>1</round>
<failsafecounter/>
<players><player seat="6" name="Tiuualex" chips="555" dealer="0" win="0" bet="20" muck="1" rebuy="0" addon="0" merge="0" rebuychips="0" reg_code="5075799176"/>
<player seat="10" name="alwaysss" chips="600" dealer="1" win="50" bet="60" muck="1" rebuy="0" addon="0" merge="0" rebuychips="0" reg_code="5075800015"/>
<player seat="3" name="KOPKHUNKRAP" chips="345" dealer="0" win="0" bet="10" muck="1" rebuy="0" addon="0" merge="0" rebuychips="0" reg_code="5075798947"/>
</players>
</general>
<round no="0"><action no="1" player="KOPKHUNKRAP" type="1" sum="10"/>
<action no="2" player="Tiuualex" type="2" discard="1" dealt="1" sum="20"/>
</round>
<round no="1"><cards type="Pocket" player="alwaysss">X X</cards>
<cards type="Pocket" player="Tiuualex">X X</cards>
<cards type="Pocket" player="KOPKHUNKRAP">H4 D5</cards>
<action no="3" player="alwaysss" type="23" discard="1" dealt="1" sum="60"/>
<action no="4" player="KOPKHUNKRAP" type="0" sum="0"/>
<action no="5" player="Tiuualex" type="0" discard="1" dealt="1" sum="0"/>
</round>
</game>
<game gamecode="6541870065"><general><startdate>2025-11-26 20:07:43</startdate>
<round>1</round>
<failsafecounter/>
<players><player seat="10" name="alwaysss" chips="630" dealer="0" win="0" bet="35" muck="1" rebuy="0" addon="0" merge="0" rebuychips="0" reg_code="5075800015"/>
<player seat="3" name="KOPKHUNKRAP" chips="335" dealer="1" win="90" bet="335" muck="1" rebuy="0" addon="0" merge="0" rebuychips="0" reg_code="5075798947"/>
<player seat="6" name="Tiuualex" chips="535" dealer="0" win="0" bet="20" muck="1" rebuy="0" addon="0" merge="0" rebuychips="0" reg_code="5075799176"/>
</players>
</general>
<round no="0"><action no="1" player="Tiuualex" type="15" discard="1" dealt="1" sum="5"/>
<action no="2" player="alwaysss" type="15" discard="1" dealt="1" sum="5"/>
<action no="3" player="KOPKHUNKRAP" type="15" sum="5"/>
<action no="4" player="Tiuualex" type="1" discard="1" dealt="1" sum="15"/>
<action no="5" player="alwaysss" type="2" discard="1" dealt="1" sum="30"/>
</round>
<round no="1"><cards type="Pocket" player="KOPKHUNKRAP">DK CA</cards>
<cards type="Pocket" player="Tiuualex">X X</cards>
<cards type="Pocket" player="alwaysss">X X</cards>
<action no="6" player="KOPKHUNKRAP" type="23" sum="330"/>
<action no="7" player="Tiuualex" type="0" discard="1" dealt="1" sum="0"/>
<action no="8" player="alwaysss" type="0" discard="1" dealt="1" sum="0"/>
</round>
</game>
<game gamecode="6541870081"><general><startdate>2025-11-26 20:07:52</startdate>
<round>1</round>
<failsafecounter/>
<players><player seat="3" name="KOPKHUNKRAP" chips="390" dealer="0" win="785" bet="390" muck="0" rebuy="0" addon="0" merge="0" rebuychips="0" reg_code="5075798947"/>
<player seat="6" name="Tiuualex" chips="515" dealer="1" win="0" bet="5" muck="1" rebuy="0" addon="0" merge="0" rebuychips="0" reg_code="5075799176"/>
<player seat="10" name="alwaysss" chips="595" dealer="0" win="0" bet="390" muck="1" rebuy="0" addon="0" merge="0" rebuychips="0" reg_code="5075800015"/>
</players>
</general>
<round no="0"><action no="1" player="alwaysss" type="15" discard="1" dealt="1" sum="5"/>
<action no="2" player="KOPKHUNKRAP" type="15" sum="5"/>
<action no="3" player="Tiuualex" type="15" discard="1" dealt="1" sum="5"/>
<action no="4" player="alwaysss" type="1" discard="1" dealt="1" sum="15"/>
<action no="5" player="KOPKHUNKRAP" type="2" sum="30"/>
</round>
<round no="1"><cards type="Pocket" player="KOPKHUNKRAP">H4 C4</cards>
<cards type="Pocket" player="alwaysss">DA D2</cards>
<cards type="Pocket" player="Tiuualex">X X</cards>
<action no="6" player="Tiuualex" type="0" discard="1" dealt="1" sum="0"/>
<action no="7" player="alwaysss" type="23" discard="1" dealt="1" sum="90"/>
<action no="8" player="KOPKHUNKRAP" type="23" sum="385"/>
<action no="9" player="alwaysss" type="3" discard="1" dealt="1" sum="295"/>
</round>
<round no="2"><cards type="Flop">H2 D6 SK</cards>
</round>
<round no="3"><cards type="Turn">HJ</cards>
</round>
<round no="4"><cards type="River">D7</cards>
</round>
</game>
<game gamecode="6541870138"><general><startdate>2025-11-26 20:08:17</startdate>
<round>1</round>
<failsafecounter/>
<players><player seat="6" name="Tiuualex" chips="510" dealer="0" win="75" bet="65" muck="1" rebuy="0" addon="0" merge="0" rebuychips="0" reg_code="5075799176"/>
<player seat="10" name="alwaysss" chips="205" dealer="1" win="0" bet="5" muck="1" rebuy="0" addon="0" merge="0" rebuychips="0" reg_code="5075800015"/>
<player seat="3" name="KOPKHUNKRAP" chips="785" dealer="0" win="0" bet="35" muck="1" rebuy="0" addon="0" merge="0" rebuychips="0" reg_code="5075798947"/>
</players>
</general>
<round no="0"><action no="1" player="KOPKHUNKRAP" type="15" sum="5"/>
<action no="2" player="Tiuualex" type="15" discard="1" dealt="1" sum="5"/>
<action no="3" player="alwaysss" type="15" discard="1" dealt="1" sum="5"/>
<action no="4" player="KOPKHUNKRAP" type="1" sum="15"/>
<action no="5" player="Tiuualex" type="2" discard="1" dealt="1" sum="30"/>
</round>
<round no="1"><cards type="Pocket" player="alwaysss">X X</cards>
<cards type="Pocket" player="KOPKHUNKRAP">D5 D10</cards>
<cards type="Pocket" player="Tiuualex">X X</cards>
<action no="6" player="alwaysss" type="0" discard="1" dealt="1" sum="0"/>
<action no="7" player="KOPKHUNKRAP" type="3" sum="15"/>
<action no="8" player="Tiuualex" type="4" discard="1" dealt="1" sum="0"/>
</round>
<round no="2"><cards type="Flop">S4 H8 C3</cards>
<action no="9" player="KOPKHUNKRAP" type="4" sum="0"/>
<action no="10" player="Tiuualex" type="5" discard="1" dealt="1" sum="30"/>
<action no="11" player="KOPKHUNKRAP" type="0" sum="0"/>
</round>
</game>
<game gamecode="6541870202"><general><startdate>2025-11-26 20:08:42</startdate>
<round>1</round>
<failsafecounter/>
<players><player seat="10" name="alwaysss" chips="200" dealer="0" win="405" bet="200" muck="0" rebuy="0" addon="0" merge="0" rebuychips="0" reg_code="5075800015"/>
<player seat="3" name="KOPKHUNKRAP" chips="750" dealer="1" win="0" bet="5" muck="1" rebuy="0" addon="0" merge="0" rebuychips="0" reg_code="5075798947"/>
<player seat="6" name="Tiuualex" chips="550" dealer="0" win="0" bet="550" muck="1" rebuy="0" addon="0" merge="0" rebuychips="0" reg_code="5075799176"/>
</players>
</general>
<round no="0"><action no="1" player="Tiuualex" type="15" discard="1" dealt="1" sum="5"/>
<action no="2" player="alwaysss" type="15" discard="1" dealt="1" sum="5"/>
<action no="3" player="KOPKHUNKRAP" type="15" sum="5"/>
<action no="4" player="Tiuualex" type="1" discard="1" dealt="1" sum="15"/>
<action no="5" player="alwaysss" type="2" discard="1" dealt="1" sum="30"/>
</round>
<round no="1"><cards type="Pocket" player="Tiuualex">C9 HA</cards>
<cards type="Pocket" player="alwaysss">D6 H7</cards>
<cards type="Pocket" player="KOPKHUNKRAP">HJ C4</cards>
<action no="6" player="KOPKHUNKRAP" type="0" sum="0"/>
<action no="7" player="Tiuualex" type="23" discard="1" dealt="1" sum="545"/>
<action no="8" player="alwaysss" type="7" discard="1" dealt="1" sum="165"/>
</round>
<round no="2"><cards type="Flop">DQ S7 DJ</cards>
</round>
<round no="3"><cards type="Turn">D10</cards>
</round>
<round no="4"><cards type="River">D9</cards>
</round>
</game>
<game gamecode="6541870249"><general><startdate>2025-11-26 20:09:05</startdate>
<round>1</round>
<failsafecounter/>
<players><player seat="3" name="KOPKHUNKRAP" chips="745" dealer="0" win="0" bet="350" muck="1" rebuy="0" addon="0" merge="0" rebuychips="0" reg_code="5075798947"/>
<player seat="6" name="Tiuualex" chips="350" dealer="1" win="720" bet="350" muck="0" rebuy="0" addon="0" merge="0" rebuychips="0" reg_code="5075799176"/>
<player seat="10" name="alwaysss" chips="405" dealer="0" win="0" bet="20" muck="1" rebuy="0" addon="0" merge="0" rebuychips="0" reg_code="5075800015"/>
</players>
</general>
<round no="0"><action no="1" player="alwaysss" type="15" discard="1" dealt="1" sum="5"/>
<action no="2" player="KOPKHUNKRAP" type="15" sum="5"/>
<action no="3" player="Tiuualex" type="15" discard="1" dealt="1" sum="5"/>
<action no="4" player="alwaysss" type="1" discard="1" dealt="1" sum="15"/>
<action no="5" player="KOPKHUNKRAP" type="2" sum="30"/>
</round>
<round no="1"><cards type="Pocket" player="Tiuualex">CQ DJ</cards>
<cards type="Pocket" player="KOPKHUNKRAP">SA H6</cards>
<cards type="Pocket" player="alwaysss">X X</cards>
<action no="6" player="Tiuualex" type="23" discard="1" dealt="1" sum="345"/>
<action no="7" player="alwaysss" type="0" discard="1" dealt="1" sum="0"/>
<action no="8" player="KOPKHUNKRAP" type="3" sum="315"/>
</round>
<round no="2"><cards type="Flop">C9 H4 CJ</cards>
</round>
<round no="3"><cards type="Turn">C5</cards>
</round>
<round no="4"><cards type="River">D2</cards>
</round>
</game>
<game gamecode="6541870307"><general><startdate>2025-11-26 20:09:25</startdate>
<round>1</round>
<failsafecounter/>
<players><player seat="6" name="Tiuualex" chips="720" dealer="0" win="0" bet="45" muck="1" rebuy="0" addon="0" merge="0" rebuychips="0" reg_code="5075799176"/>
<player seat="10" name="alwaysss" chips="385" dealer="1" win="0" bet="5" muck="1" rebuy="0" addon="0" merge="0" rebuychips="0" reg_code="5075800015"/>
<player seat="3" name="KOPKHUNKRAP" chips="395" dealer="0" win="95" bet="395" muck="1" rebuy="0" addon="0" merge="0" rebuychips="0" reg_code="5075798947"/>
</players>
</general>
<round no="0"><action no="1" player="KOPKHUNKRAP" type="15" sum="5"/>
<action no="2" player="Tiuualex" type="15" discard="1" dealt="1" sum="5"/>
<action no="3" player="alwaysss" type="15" discard="1" dealt="1" sum="5"/>
<action no="4" player="KOPKHUNKRAP" type="1" sum="20"/>
<action no="5" player="Tiuualex" type="2" discard="1" dealt="1" sum="40"/>
</round>
<round no="1"><cards type="Pocket" player="Tiuualex">X X</cards>
<cards type="Pocket" player="KOPKHUNKRAP">CJ SJ</cards>
<cards type="Pocket" player="alwaysss">X X</cards>
<action no="6" player="alwaysss" type="0" discard="1" dealt="1" sum="0"/>
<action no="7" player="KOPKHUNKRAP" type="23" sum="390"/>
<action no="8" player="Tiuualex" type="0" discard="1" dealt="1" sum="0"/>
</round>
</game>
<game gamecode="6541870329"><general><startdate>2025-11-26 20:09:34</startdate>
<round>1</round>
<failsafecounter/>
<players><player seat="10" name="alwaysss" chips="380" dealer="0" win="0" bet="380" muck="0" rebuy="0" addon="0" merge="0" rebuychips="0" reg_code="5075800015"/>
<player seat="3" name="KOPKHUNKRAP" chips="445" dealer="1" win="1,270" bet="445" muck="0" rebuy="0" addon="0" merge="0" rebuychips="0" reg_code="5075798947"/>
<player seat="6" name="Tiuualex" chips="675" dealer="0" win="0" bet="675" muck="1" rebuy="0" addon="0" merge="0" rebuychips="0" reg_code="5075799176"/>
</players>
</general>
<round no="0"><action no="1" player="Tiuualex" type="15" discard="1" dealt="1" sum="5"/>
<action no="2" player="alwaysss" type="15" discard="1" dealt="1" sum="5"/>
<action no="3" player="KOPKHUNKRAP" type="15" sum="5"/>
<action no="4" player="Tiuualex" type="1" discard="1" dealt="1" sum="20"/>
<action no="5" player="alwaysss" type="2" discard="1" dealt="1" sum="40"/>
</round>
<round no="1"><cards type="Pocket" player="alwaysss">CK HQ</cards>
<cards type="Pocket" player="KOPKHUNKRAP">C9 H9</cards>
<cards type="Pocket" player="Tiuualex">DJ HK</cards>
<action no="6" player="KOPKHUNKRAP" type="23" sum="440"/>
<action no="7" player="Tiuualex" type="7" discard="1" dealt="1" sum="650"/>
<action no="8" player="alwaysss" type="7" discard="1" dealt="1" sum="335"/>
</round>
<round no="2"><cards type="Flop">SK D9 S4</cards>
</round>
<round no="3"><cards type="Turn">HJ</cards>
</round>
<round no="4"><cards type="River">D4</cards>
</round>
</game>
<game gamecode="6541870367"><general><startdate>2025-11-26 20:09:54</startdate>
<round>1</round>
<failsafecounter/>
<players><player seat="3" name="KOPKHUNKRAP" chips="1,270" dealer="0" win="50" bet="45" muck="1" rebuy="0" addon="0" merge="0" rebuychips="0" reg_code="5075798947"/>
<player seat="6" name="Tiuualex" chips="230" dealer="1" win="0" bet="25" muck="1" rebuy="0" addon="0" merge="0" rebuychips="0" reg_code="5075799176"/>
</players>
</general>
<round no="0"><action no="1" player="Tiuualex" type="15" discard="1" dealt="1" sum="5"/>
<action no="2" player="KOPKHUNKRAP" type="15" sum="5"/>
<action no="3" player="Tiuualex" type="1" discard="1" dealt="1" sum="20"/>
<action no="4" player="KOPKHUNKRAP" type="2" sum="40"/>
</round>
<round no="1"><cards type="Pocket" player="Tiuualex">X X</cards>
<cards type="Pocket" player="KOPKHUNKRAP">SK S4</cards>
<action no="5" player="Tiuualex" type="0" discard="1" dealt="1" sum="0"/>
</round>
</game>
<game gamecode="6541870379"><general><startdate>2025-11-26 20:10:00</startdate>
<round>1</round>
<failsafecounter/>
<players><player seat="6" name="Tiuualex" chips="205" dealer="0" win="0" bet="205" muck="1" rebuy="0" addon="0" merge="0" rebuychips="0" reg_code="5075799176"/>
<player seat="3" name="KOPKHUNKRAP" chips="1,295" dealer="1" win="410" bet="1,295" muck="0" rebuy="0" addon="0" merge="0" rebuychips="0" reg_code="5075798947"/>
</players>
</general>
<round no="0"><action no="1" player="KOPKHUNKRAP" type="15" sum="5"/>
<action no="2" player="Tiuualex" type="15" discard="1" dealt="1" sum="5"/>
<action no="3" player="KOPKHUNKRAP" type="1" sum="20"/>
<action no="4" player="Tiuualex" type="2" discard="1" dealt="1" sum="40"/>
</round>
<round no="1"><cards type="Pocket" player="Tiuualex">S8 HJ</cards>
<cards type="Pocket" player="KOPKHUNKRAP">D4 DQ</cards>
<action no="5" player="KOPKHUNKRAP" type="23" sum="1,290"/>
<action no="6" player="Tiuualex" type="7" discard="1" dealt="1" sum="160"/>
</round>
<round no="2"><cards type="Flop">C5 C4 H5</cards>
</round>
<round no="3"><cards type="Turn">S3</cards>
</round>
<round no="4"><cards type="River">HQ</cards>
</round>
</game>
</session>
