<?xml version="1.0" encoding="UTF-8"?>
<session sessioncode="5076526102">
<general>
<client_version>25.7.1.34</client_version>
<mode>real</mode>
<gametype>Holdem NL</gametype>
<tablename>Twister €100 SNG, 822677454</tablename>
<tournamentcode>822677453</tournamentcode>
<tournamentname>Twister €100 SNG</tournamentname>
<buyin>€0 + €7 + €93</buyin>
<totalbuyin>€100</totalbuyin>
<rewarddrawn>€500</rewarddrawn>
<tournamentcurrency>EUR</tournamentcurrency>
<currency>EUR</currency>
<nickname>KOPKHUNKRAP</nickname>
<gamecount>13</gamecount>
<startdate>2025-11-29 14:42:14</startdate>
<place>2</place>
<win>€0</win>
<tablesize>3</tablesize>
</general>
<game gamecode="6544271581"><general><startdate>2025-11-29 14:42:29</startdate>
<round>1</round>
<failsafecounter/>
<players><player seat="10" name="KOPKHUNKRAP" chips="500" dealer="0" win="0" bet="20" muck="1" rebuy="0" addon="0" merge="0" rebuychips="0" reg_code="5076526102"/>
<player seat="3" name="L1mltless" chips="500" dealer="1" win="50" bet="40" muck="1" rebuy="0" addon="0" merge="0" rebuychips="0" reg_code="5076525093"/>
<player seat="6" name="Romeo6" chips="500" dealer="0" win="0" bet="10" muck="1" rebuy="0" addon="0" merge="0" rebuychips="0" reg_code="5076525525"/>
</players>
</general>
<round no="0"><action no="1" player="Romeo6" type="1" discard="1" dealt="1" sum="10"/>
<action no="2" player="KOPKHUNKRAP" type="2" sum="20"/>
</round>
<round no="1"><cards type="Pocket" player="L1mltless">X X</cards>
<cards type="Pocket" player="KOPKHUNKRAP">S8 H4</cards>
<cards type="Pocket" player="Romeo6">X X</cards>
<action no="3" player="L1mltless" type="23" discard="1" dealt="1" sum="40"/>
<action no="4" player="Romeo6" type="0" discard="1" dealt="1" sum="0"/>
<action no="5" player="KOPKHUNKRAP" type="0" sum="0"/>
</round>
</game>
<game gamecode="6544271628"><general><startdate>2025-11-29 14:42:47</startdate>
<round>1</round>
<failsafecounter/>
<players><player seat="3" name="L1mltless" chips="530" dealer="0" win="0" bet="80" muck="1" rebuy="0" addon="0" merge="0" rebuychips="0" reg_code="5076525093"/>
<player seat="6" name="Romeo6" chips="490" dealer="1" win="170" bet="220" muck="1" rebuy="0" addon="0" merge="0" rebuychips="0" reg_code="5076525525"/>
<player seat="10" name="KOPKHUNKRAP" chips="480" dealer="0" win="0" bet="10" muck="1" rebuy="0" addon="0" merge="0" rebuychips="0" reg_code="5076526102"/>
</players>
</general>
<round no="0"><action no="1" player="KOPKHUNKRAP" type="1" sum="10"/>
<action no="2" player="L1mltless" type="2" discard="1" dealt="1" sum="20"/>
</round>
<round no="1"><cards type="Pocket" player="Romeo6">X X</cards>
<cards type="Pocket" player="L1mltless">X X</cards>
<cards type="Pocket" player="KOPKHUNKRAP">H2 D5</cards>
<action no="3" player="Romeo6" type="3" discard="1" dealt="1" sum="20"/>
<action no="4" player="KOPKHUNKRAP" type="0" sum="0"/>
<action no="5" player="L1mltless" type="4" discard="1" dealt="1" sum="0"/>
</round>
<round no="2"><cards type="Flop">DA C8 C6</cards>
<action no="6" player="L1mltless" type="4" discard="1" dealt="1" sum="0"/>
<action no="7" player="Romeo6" type="5" discard="1" dealt="1" sum="60"/>
<action no="8" player="L1mltless" type="3" discard="1" dealt="1" sum="60"/>
</round>
<round no="3"><cards type="Turn">S7</cards>
<action no="9" player="L1mltless" type="4" discard="1" dealt="1" sum="0"/>
<action no="10" player="Romeo6" type="5" discard="1" dealt="1" sum="140"/>
<action no="11" player="L1mltless" type="0" discard="1" dealt="1" sum="0"/>
</round>
</game>
<game gamecode="6544271691"><general><startdate>2025-11-29 14:43:12</startdate>
<round>1</round>
<failsafecounter/>
<players><player seat="6" name="Romeo6" chips="580" dealer="0" win="0" bet="450" muck="1" rebuy="0" addon="0" merge="0" rebuychips="0" reg_code="5076525525"/>
<player seat="10" name="KOPKHUNKRAP" chips="470" dealer="1" win="0" bet="0" muck="1" rebuy="0" addon="0" merge="0" rebuychips="0" reg_code="5076526102"/>
<player seat="3" name="L1mltless" chips="450" dealer="0" win="900" bet="450" muck="0" rebuy="0" addon="0" merge="0" rebuychips="0" reg_code="5076525093"/>
</players>
</general>
<round no="0"><action no="1" player="L1mltless" type="1" discard="1" dealt="1" sum="10"/>
<action no="2" player="Romeo6" type="2" discard="1" dealt="1" sum="20"/>
</round>
<round no="1"><cards type="Pocket" player="Romeo6">C3 CA</cards>
<cards type="Pocket" player="KOPKHUNKRAP">S4 D7</cards>
<cards type="Pocket" player="L1mltless">DA H10</cards>
<action no="3" player="KOPKHUNKRAP" type="0" sum="0"/>
<action no="4" player="L1mltless" type="23" discard="1" dealt="1" sum="450"/>
<action no="5" player="Romeo6" type="3" discard="1" dealt="1" sum="430"/>
</round>
<round no="2"><cards type="Flop">HK C8 S8</cards>
</round>
<round no="3"><cards type="Turn">S2</cards>
</round>
<round no="4"><cards type="River">D10</cards>
</round>
</game>
<game gamecode="6544271769"><general><startdate>2025-11-29 14:43:41</startdate>
<round>1</round>
<failsafecounter/>
<players><player seat="10" name="KOPKHUNKRAP" chips="470" dealer="0" win="130" bet="130" muck="0" rebuy="0" addon="0" merge="0" rebuychips="0" reg_code="5076526102"/>
<player seat="3" name="L1mltless" chips="900" dealer="1" win="0" bet="0" muck="1" rebuy="0" addon="0" merge="0" rebuychips="0" reg_code="5076525093"/>
<player seat="6" name="Romeo6" chips="130" dealer="0" win="130" bet="130" muck="0" rebuy="0" addon="0" merge="0" rebuychips="0" reg_code="5076525525"/>
</players>
</general>
<round no="0"><action no="1" player="Romeo6" type="1" discard="1" dealt="1" sum="10"/>
<action no="2" player="KOPKHUNKRAP" type="2" sum="20"/>
</round>
<round no="1"><cards type="Pocket" player="Romeo6">H8 C6</cards>
<cards type="Pocket" player="KOPKHUNKRAP">H9 S10</cards>
<cards type="Pocket" player="L1mltless">X X</cards>
<action no="3" player="L1mltless" type="0" discard="1" dealt="1" sum="0"/>
<action no="4" player="Romeo6" type="23" discard="1" dealt="1" sum="130"/>
<action no="5" player="KOPKHUNKRAP" type="3" sum="110"/>
</round>
<round no="2"><cards type="Flop">H7 D7 C3</cards>
</round>
<round no="3"><cards type="Turn">D3</cards>
</round>
<round no="4"><cards type="River">HQ</cards>
</round>
</game>
<game gamecode="6544271817"><general><startdate>2025-11-29 14:44:03</startdate>
<round>1</round>
<failsafecounter/>
<players><player seat="3" name="L1mltless" chips="900" dealer="0" win="0" bet="20" muck="1" rebuy="0" addon="0" merge="0" rebuychips="0" reg_code="5076525093"/>
<player seat="6" name="Romeo6" chips="130" dealer="1" win="280" bet="130" muck="0" rebuy="0" addon="0" merge="0" rebuychips="0" reg_code="5076525525"/>
<player seat="10" name="KOPKHUNKRAP" chips="470" dealer="0" win="0" bet="470" muck="1" rebuy="0" addon="0" merge="0" rebuychips="0" reg_code="5076526102"/>
</players>
</general>
<round no="0"><action no="1" player="KOPKHUNKRAP" type="1" sum="10"/>
<action no="2" player="L1mltless" type="2" discard="1" dealt="1" sum="20"/>
</round>
<round no="1"><cards type="Pocket" player="Romeo6">H7 CJ</cards>
<cards type="Pocket" player="KOPKHUNKRAP">DA D5</cards>
<cards type="Pocket" player="L1mltless">X X</cards>
<action no="3" player="Romeo6" type="23" discard="1" dealt="1" sum="130"/>
<action no="4" player="KOPKHUNKRAP" type="23" sum="470"/>
<action no="5" player="L1mltless" type="0" discard="1" dealt="1" sum="0"/>
</round>
<round no="2"><cards type="Flop">CQ H8 S9</cards>
</round>
<round no="3"><cards type="Turn">H10</cards>
</round>
<round no="4"><cards type="River">C2</cards>
</round>
</game>
<game gamecode="6544271866"><general><startdate>2025-11-29 14:44:21</startdate>
<round>1</round>
<failsafecounter/>
<players><player seat="6" name="Romeo6" chips="280" dealer="0" win="0" bet="280" muck="1" rebuy="0" addon="0" merge="0" rebuychips="0" reg_code="5076525525"/>
<player seat="10" name="KOPKHUNKRAP" chips="340" dealer="1" win="0" bet="0" muck="1" rebuy="0" addon="0" merge="0" rebuychips="0" reg_code="5076526102"/>
<player seat="3" name="L1mltless" chips="880" dealer="0" win="560" bet="880" muck="0" rebuy="0" addon="0" merge="0" rebuychips="0" reg_code="5076525093"/>
</players>
</general>
<round no="0"><action no="1" player="L1mltless" type="1" discard="1" dealt="1" sum="10"/>
<action no="2" player="Romeo6" type="2" discard="1" dealt="1" sum="20"/>
</round>
<round no="1"><cards type="Pocket" player="L1mltless">H7 H8</cards>
<cards type="Pocket" player="KOPKHUNKRAP">C8 C6</cards>
<cards type="Pocket" player="Romeo6">HA D5</cards>
<action no="3" player="KOPKHUNKRAP" type="0" sum="0"/>
<action no="4" player="L1mltless" type="23" discard="1" dealt="1" sum="880"/>
<action no="5" player="Romeo6" type="7" discard="1" dealt="1" sum="260"/>
</round>
<round no="2"><cards type="Flop">D9 C9 H3</cards>
</round>
<round no="3"><cards type="Turn">H10</cards>
</round>
<round no="4"><cards type="River">HJ</cards>
</round>
</game>
<game gamecode="6544271905"><general><startdate>2025-11-29 14:44:39</startdate>
<round>1</round>
<failsafecounter/>
<players><player seat="10" name="KOPKHUNKRAP" chips="340" dealer="0" win="0" bet="65" muck="1" rebuy="0" addon="0" merge="0" rebuychips="0" reg_code="5076526102"/>
<player seat="3" name="L1mltless" chips="1,160" dealer="1" win="130" bet="65" muck="0" rebuy="0" addon="0" merge="0" rebuychips="0" reg_code="5076525093"/>
</players>
</general>
<round no="0"><action no="1" player="L1mltless" type="15" discard="1" dealt="1" sum="5"/>
<action no="2" player="KOPKHUNKRAP" type="15" sum="5"/>
<action no="3" player="L1mltless" type="1" discard="1" dealt="1" sum="15"/>
<action no="4" player="KOPKHUNKRAP" type="2" sum="30"/>
</round>
<round no="1"><cards type="Pocket" player="KOPKHUNKRAP">SJ D2</cards>
<cards type="Pocket" player="L1mltless">C5 HJ</cards>
<action no="5" player="L1mltless" type="3" discard="1" dealt="1" sum="15"/>
<action no="6" player="KOPKHUNKRAP" type="4" sum="0"/>
</round>
<round no="2"><cards type="Flop">H9 DJ SK</cards>
<action no="7" player="KOPKHUNKRAP" type="4" sum="0"/>
<action no="8" player="L1mltless" type="4" discard="1" dealt="1" sum="0"/>
</round>
<round no="3"><cards type="Turn">S4</cards>
<action no="9" player="KOPKHUNKRAP" type="5" sum="30"/>
<action no="10" player="L1mltless" type="3" discard="1" dealt="1" sum="30"/>
</round>
<round no="4"><cards type="River">S3</cards>
<action no="11" player="KOPKHUNKRAP" type="4" sum="0"/>
<action no="12" player="L1mltless" type="4" discard="1" dealt="1" sum="0"/>
</round>
</game>
<game gamecode="6544271968"><general><startdate>2025-11-29 14:45:07</startdate>
<round>1</round>
<failsafecounter/>
<players><player seat="3" name="L1mltless" chips="1,225" dealer="0" win="0" bet="125" muck="1" rebuy="0" addon="0" merge="0" rebuychips="0" reg_code="5076525093"/>
<player seat="10" name="KOPKHUNKRAP" chips="275" dealer="1" win="250" bet="275" muck="1" rebuy="0" addon="0" merge="0" rebuychips="0" reg_code="5076526102"/>
</players>
</general>
<round no="0"><action no="1" player="KOPKHUNKRAP" type="15" sum="5"/>
<action no="2" player="L1mltless" type="15" discard="1" dealt="1" sum="5"/>
<action no="3" player="KOPKHUNKRAP" type="1" sum="15"/>
<action no="4" player="L1mltless" type="2" discard="1" dealt="1" sum="30"/>
</round>
<round no="1"><cards type="Pocket" player="L1mltless">X X</cards>
<cards type="Pocket" player="KOPKHUNKRAP">DQ DK</cards>
<action no="5" player="KOPKHUNKRAP" type="3" sum="15"/>
<action no="6" player="L1mltless" type="4" discard="1" dealt="1" sum="0"/>
</round>
<round no="2"><cards type="Flop">SJ DA H10</cards>
<action no="7" player="L1mltless" type="4" discard="1" dealt="1" sum="0"/>
<action no="8" player="KOPKHUNKRAP" type="5" sum="30"/>
<action no="9" player="L1mltless" type="3" discard="1" dealt="1" sum="30"/>
</round>
<round no="3"><cards type="Turn">C10</cards>
<action no="10" player="L1mltless" type="4" discard="1" dealt="1" sum="0"/>
<action no="11" player="KOPKHUNKRAP" type="5" sum="60"/>
<action no="12" player="L1mltless" type="3" discard="1" dealt="1" sum="60"/>
</round>
<round no="4"><cards type="River">D7</cards>
<action no="13" player="L1mltless" type="4" discard="1" dealt="1" sum="0"/>
<action no="14" player="KOPKHUNKRAP" type="5" sum="150"/>
<action no="15" player="L1mltless" type="0" discard="1" dealt="1" sum="0"/>
</round>
</game>
<game gamecode="6544272029"><general><startdate>2025-11-29 14:45:32</startdate>
<round>1</round>
<failsafecounter/>
<players><player seat="10" name="KOPKHUNKRAP" chips="400" dealer="0" win="0" bet="35" muck="1" rebuy="0" addon="0" merge="0" rebuychips="0" reg_code="5076526102"/>
<player seat="3" name="L1mltless" chips="1,100" dealer="1" win="70" bet="1,100" muck="1" rebuy="0" addon="0" merge="0" rebuychips="0" reg_code="5076525093"/>
</players>
</general>
<round no="0"><action no="1" player="L1mltless" type="15" discard="1" dealt="1" sum="5"/>
<action no="2" player="KOPKHUNKRAP" type="15" sum="5"/>
<action no="3" player="L1mltless" type="1" discard="1" dealt="1" sum="15"/>
<action no="4" player="KOPKHUNKRAP" type="2" sum="30"/>
</round>
<round no="1"><cards type="Pocket" player="L1mltless">X X</cards>
<cards type="Pocket" player="KOPKHUNKRAP">D4 C8</cards>
<action no="5" player="L1mltless" type="23" discard="1" dealt="1" sum="1,095"/>
<action no="6" player="KOPKHUNKRAP" type="0" sum="0"/>
</round>
</game>
<game gamecode="6544272052"><general><startdate>2025-11-29 14:45:39</startdate>
<round>1</round>
<failsafecounter/>
<players><player seat="3" name="L1mltless" chips="1,135" dealer="0" win="70" bet="1,135" muck="1" rebuy="0" addon="0" merge="0" rebuychips="0" reg_code="5076525093"/>
<player seat="10" name="KOPKHUNKRAP" chips="365" dealer="1" win="0" bet="35" muck="1" rebuy="0" addon="0" merge="0" rebuychips="0" reg_code="5076526102"/>
</players>
</general>
<round no="0"><action no="1" player="KOPKHUNKRAP" type="15" sum="5"/>
<action no="2" player="L1mltless" type="15" discard="1" dealt="1" sum="5"/>
<action no="3" player="KOPKHUNKRAP" type="1" sum="15"/>
<action no="4" player="L1mltless" type="2" discard="1" dealt="1" sum="30"/>
</round>
<round no="1"><cards type="Pocket" player="L1mltless">X X</cards>
<cards type="Pocket" player="KOPKHUNKRAP">DJ H9</cards>
<action no="5" player="KOPKHUNKRAP" type="3" sum="15"/>
<action no="6" player="L1mltless" type="23" discard="1" dealt="1" sum="1,130"/>
<action no="7" player="KOPKHUNKRAP" type="0" sum="0"/>
</round>
</game>
<game gamecode="6544272079"><general><startdate>2025-11-29 14:45:50</startdate>
<round>1</round>
<failsafecounter/>
<players><player seat="10" name="KOPKHUNKRAP" chips="330" dealer="0" win="0" bet="35" muck="1" rebuy="0" addon="0" merge="0" rebuychips="0" reg_code="5076526102"/>
<player seat="3" name="L1mltless" chips="1,170" dealer="1" win="70" bet="65" muck="1" rebuy="0" addon="0" merge="0" rebuychips="0" reg_code="5076525093"/>
</players>
</general>
<round no="0"><action no="1" player="L1mltless" type="15" discard="1" dealt="1" sum="5"/>
<action no="2" player="KOPKHUNKRAP" type="15" sum="5"/>
<action no="3" player="L1mltless" type="1" discard="1" dealt="1" sum="15"/>
<action no="4" player="KOPKHUNKRAP" type="2" sum="30"/>
</round>
<round no="1"><cards type="Pocket" player="L1mltless">X X</cards>
<cards type="Pocket" player="KOPKHUNKRAP">H7 D5</cards>
<action no="5" player="L1mltless" type="3" discard="1" dealt="1" sum="15"/>
<action no="6" player="KOPKHUNKRAP" type="4" sum="0"/>
</round>
<round no="2"><cards type="Flop">H8 HA SK</cards>
<action no="7" player="KOPKHUNKRAP" type="4" sum="0"/>
<action no="8" player="L1mltless" type="5" discard="1" dealt="1" sum="30"/>
<action no="9" player="KOPKHUNKRAP" type="0" sum="0"/>
</round>
</game>
<game gamecode="6544272115"><general><startdate>2025-11-29 14:46:03</startdate>
<round>1</round>
<failsafecounter/>
<players><player seat="3" name="L1mltless" chips="1,205" dealer="0" win="70" bet="1,205" muck="1" rebuy="0" addon="0" merge="0" rebuychips="0" reg_code="5076525093"/>
<player seat="10" name="KOPKHUNKRAP" chips="295" dealer="1" win="0" bet="35" muck="1" rebuy="0" addon="0" merge="0" rebuychips="0" reg_code="5076526102"/>
</players>
</general>
<round no="0"><action no="1" player="KOPKHUNKRAP" type="15" sum="5"/>
<action no="2" player="L1mltless" type="15" discard="1" dealt="1" sum="5"/>
<action no="3" player="KOPKHUNKRAP" type="1" sum="15"/>
<action no="4" player="L1mltless" type="2" discard="1" dealt="1" sum="30"/>
</round>
<round no="1"><cards type="Pocket" player="L1mltless">X X</cards>
<cards type="Pocket" player="KOPKHUNKRAP">D7 C10</cards>
<action no="5" player="KOPKHUNKRAP" type="3" sum="15"/>
<action no="6" player="L1mltless" type="23" discard="1" dealt="1" sum="1,200"/>
<action no="7" player="KOPKHUNKRAP" type="0" sum="0"/>
</round>
</game>
<game gamecode="6544272141"><general><startdate>2025-11-29 14:46:12</startdate>
<round>1</round>
<failsafecounter/>
<players><player seat="10" name="KOPKHUNKRAP" chips="260" dealer="0" win="0" bet="260" muck="1" rebuy="0" addon="0" merge="0" rebuychips="0" reg_code="5076526102"/>
<player seat="3" name="L1mltless" chips="1,240" dealer="1" win="520" bet="395" muck="0" rebuy="0" addon="0" merge="0" rebuychips="0" reg_code="5076525093"/>
</players>
</general>
<round no="0"><action no="1" player="L1mltless" type="15" discard="1" dealt="1" sum="5"/>
<action no="2" player="KOPKHUNKRAP" type="15" sum="5"/>
<action no="3" player="L1mltless" type="1" discard="1" dealt="1" sum="15"/>
<action no="4" player="KOPKHUNKRAP" type="2" sum="30"/>
</round>
<round no="1"><cards type="Pocket" player="KOPKHUNKRAP">SA H7</cards>
<cards type="Pocket" player="L1mltless">D7 DK</cards>
<action no="5" player="L1mltless" type="23" discard="1" dealt="1" sum="390"/>
<action no="6" player="KOPKHUNKRAP" type="7" sum="225"/>
</round>
<round no="2"><cards type="Flop">D10 S4 C4</cards>
</round>
<round no="3"><cards type="Turn">HK</cards>
</round>
<round no="4"><cards type="River">CK</cards>
</round>
</game>
</session>
