<?xml version="1.0" encoding="UTF-8"?>
<session sessioncode="5076512633">
<general>
<client_version>25.7.1.34</client_version>
<mode>real</mode>
<gametype>Holdem NL</gametype>
<tablename>Twister €100 SNG, 822673559</tablename>
<tournamentcode>822673558</tournamentcode>
<tournamentname>Twister €100 SNG</tournamentname>
<buyin>€0 + €7 + €93</buyin>
<totalbuyin>€100</totalbuyin>
<rewarddrawn>€200</rewarddrawn>
<tournamentcurrency>EUR</tournamentcurrency>
<currency>EUR</currency>
<nickname>KOPKHUNKRAP</nickname>
<gamecount>24</gamecount>
<startdate>2025-11-29 13:37:41</startdate>
<place>2</place>
<win>€0</win>
<tablesize>3</tablesize>
</general>
<game gamecode="6544224076"><general><startdate>2025-11-29 13:37:57</startdate>
<round>1</round>
<failsafecounter/>
<players><player seat="3" name="KOPKHUNKRAP" chips="500" dealer="0" win="0" bet="20" muck="1" rebuy="0" addon="0" merge="0" rebuychips="0" reg_code="5076512633"/>
<player seat="6" name="77jac" chips="500" dealer="1" win="0" bet="0" muck="1" rebuy="0" addon="0" merge="0" rebuychips="0" reg_code="5076513652"/>
<player seat="10" name="Mayu97" chips="500" dealer="0" win="40" bet="40" muck="1" rebuy="0" addon="0" merge="0" rebuychips="0" reg_code="5076513676"/>
</players>
</general>
<round no="0"><action no="1" player="Mayu97" type="1" discard="1" dealt="1" sum="10"/>
<action no="2" player="KOPKHUNKRAP" type="2" sum="20"/>
</round>
<round no="1"><cards type="Pocket" player="77jac">X X</cards>
<cards type="Pocket" player="Mayu97">X X</cards>
<cards type="Pocket" player="KOPKHUNKRAP">S9 D2</cards>
<action no="3" player="77jac" type="0" discard="1" dealt="1" sum="0"/>
<action no="4" player="Mayu97" type="3" discard="1" dealt="1" sum="10"/>
<action no="5" player="KOPKHUNKRAP" type="4" sum="0"/>
</round>
<round no="2"><cards type="Flop">C7 DQ CJ</cards>
<action no="6" player="Mayu97" type="5" discard="1" dealt="1" sum="20"/>
<action no="7" player="KOPKHUNKRAP" type="0" sum="0"/>
</round>
</game>
<game gamecode="6544224096"><general><startdate>2025-11-29 13:38:16</startdate>
<round>1</round>
<failsafecounter/>
<players><player seat="6" name="77jac" chips="500" dealer="0" win="0" bet="20" muck="1" rebuy="0" addon="0" merge="0" rebuychips="0" reg_code="5076513652"/>
<player seat="10" name="Mayu97" chips="520" dealer="1" win="50" bet="40" muck="1" rebuy="0" addon="0" merge="0" rebuychips="0" reg_code="5076513676"/>
<player seat="3" name="KOPKHUNKRAP" chips="480" dealer="0" win="0" bet="10" muck="1" rebuy="0" addon="0" merge="0" rebuychips="0" reg_code="5076512633"/>
</players>
</general>
<round no="0"><action no="1" player="KOPKHUNKRAP" type="1" sum="10"/>
<action no="2" player="77jac" type="2" discard="1" dealt="1" sum="20"/>
</round>
<round no="1"><cards type="Pocket" player="KOPKHUNKRAP">H4 SA</cards>
<cards type="Pocket" player="77jac">X X</cards>
<cards type="Pocket" player="Mayu97">X X</cards>
<action no="3" player="Mayu97" type="23" discard="1" dealt="1" sum="40"/>
<action no="4" player="KOPKHUNKRAP" type="0" sum="0"/>
<action no="5" player="77jac" type="0" discard="1" dealt="1" sum="0"/>
</round>
</game>
<game gamecode="6544224111"><general><startdate>2025-11-29 13:38:25</startdate>
<round>1</round>
<failsafecounter/>
<players><player seat="10" name="Mayu97" chips="550" dealer="0" win="20" bet="20" muck="1" rebuy="0" addon="0" merge="0" rebuychips="0" reg_code="5076513676"/>
<player seat="3" name="KOPKHUNKRAP" chips="470" dealer="1" win="0" bet="0" muck="1" rebuy="0" addon="0" merge="0" rebuychips="0" reg_code="5076512633"/>
<player seat="6" name="77jac" chips="480" dealer="0" win="0" bet="10" muck="1" rebuy="0" addon="0" merge="0" rebuychips="0" reg_code="5076513652"/>
</players>
</general>
<round no="0"><action no="1" player="77jac" type="1" discard="1" dealt="1" sum="10"/>
<action no="2" player="Mayu97" type="2" discard="1" dealt="1" sum="20"/>
</round>
<round no="1"><cards type="Pocket" player="Mayu97">X X</cards>
<cards type="Pocket" player="77jac">X X</cards>
<cards type="Pocket" player="KOPKHUNKRAP">D9 D4</cards>
<action no="3" player="KOPKHUNKRAP" type="0" sum="0"/>
<action no="4" player="77jac" type="0" discard="1" dealt="1" sum="0"/>
</round>
</game>
<game gamecode="6544224137"><general><startdate>2025-11-29 13:38:40</startdate>
<round>1</round>
<failsafecounter/>
<players><player seat="3" name="KOPKHUNKRAP" chips="470" dealer="0" win="40" bet="60" muck="1" rebuy="0" addon="0" merge="0" rebuychips="0" reg_code="5076512633"/>
<player seat="6" name="77jac" chips="470" dealer="1" win="0" bet="0" muck="1" rebuy="0" addon="0" merge="0" rebuychips="0" reg_code="5076513652"/>
<player seat="10" name="Mayu97" chips="560" dealer="0" win="0" bet="20" muck="1" rebuy="0" addon="0" merge="0" rebuychips="0" reg_code="5076513676"/>
</players>
</general>
<round no="0"><action no="1" player="Mayu97" type="1" discard="1" dealt="1" sum="10"/>
<action no="2" player="KOPKHUNKRAP" type="2" sum="20"/>
</round>
<round no="1"><cards type="Pocket" player="77jac">X X</cards>
<cards type="Pocket" player="Mayu97">X X</cards>
<cards type="Pocket" player="KOPKHUNKRAP">DA D5</cards>
<action no="3" player="77jac" type="0" discard="1" dealt="1" sum="0"/>
<action no="4" player="Mayu97" type="3" discard="1" dealt="1" sum="10"/>
<action no="5" player="KOPKHUNKRAP" type="23" sum="60"/>
<action no="6" player="Mayu97" type="0" discard="1" dealt="1" sum="0"/>
</round>
</game>
<game gamecode="6544224171"><general><startdate>2025-11-29 13:38:57</startdate>
<round>1</round>
<failsafecounter/>
<players><player seat="6" name="77jac" chips="470" dealer="0" win="140" bet="100" muck="1" rebuy="0" addon="0" merge="0" rebuychips="0" reg_code="5076513652"/>
<player seat="10" name="Mayu97" chips="540" dealer="1" win="0" bet="20" muck="1" rebuy="0" addon="0" merge="0" rebuychips="0" reg_code="5076513676"/>
<player seat="3" name="KOPKHUNKRAP" chips="490" dealer="0" win="0" bet="60" muck="1" rebuy="0" addon="0" merge="0" rebuychips="0" reg_code="5076512633"/>
</players>
</general>
<round no="0"><action no="1" player="KOPKHUNKRAP" type="1" sum="10"/>
<action no="2" player="77jac" type="2" discard="1" dealt="1" sum="20"/>
</round>
<round no="1"><cards type="Pocket" player="Mayu97">X X</cards>
<cards type="Pocket" player="77jac">X X</cards>
<cards type="Pocket" player="KOPKHUNKRAP">H9 H10</cards>
<action no="3" player="Mayu97" type="3" discard="1" dealt="1" sum="20"/>
<action no="4" player="KOPKHUNKRAP" type="3" sum="10"/>
<action no="5" player="77jac" type="23" discard="1" dealt="1" sum="60"/>
<action no="6" player="Mayu97" type="0" discard="1" dealt="1" sum="0"/>
<action no="7" player="KOPKHUNKRAP" type="3" sum="40"/>
</round>
<round no="2"><cards type="Flop">D6 S4 C5</cards>
<action no="8" player="KOPKHUNKRAP" type="4" sum="0"/>
<action no="9" player="77jac" type="5" discard="1" dealt="1" sum="40"/>
<action no="10" player="KOPKHUNKRAP" type="0" sum="0"/>
</round>
</game>
<game gamecode="6544228097"><general><startdate>2025-11-29 13:39:37</startdate>
<round>1</round>
<failsafecounter/>
<players><player seat="10" name="Mayu97" chips="520" dealer="0" win="45" bet="35" muck="1" rebuy="0" addon="0" merge="0" rebuychips="0" reg_code="5076513676"/>
<player seat="3" name="KOPKHUNKRAP" chips="430" dealer="1" win="0" bet="5" muck="1" rebuy="0" addon="0" merge="0" rebuychips="0" reg_code="5076512633"/>
<player seat="6" name="77jac" chips="550" dealer="0" win="0" bet="20" muck="1" rebuy="0" addon="0" merge="0" rebuychips="0" reg_code="5076513652"/>
</players>
</general>
<round no="0"><action no="1" player="77jac" type="15" discard="1" dealt="1" sum="5"/>
<action no="2" player="Mayu97" type="15" discard="1" dealt="1" sum="5"/>
<action no="3" player="KOPKHUNKRAP" type="15" sum="5"/>
<action no="4" player="77jac" type="1" discard="1" dealt="1" sum="15"/>
<action no="5" player="Mayu97" type="2" discard="1" dealt="1" sum="30"/>
</round>
<round no="1"><cards type="Pocket" player="KOPKHUNKRAP">DJ H6</cards>
<cards type="Pocket" player="Mayu97">X X</cards>
<cards type="Pocket" player="77jac">X X</cards>
<action no="6" player="KOPKHUNKRAP" type="0" sum="0"/>
<action no="7" player="77jac" type="0" discard="1" dealt="1" sum="0"/>
</round>
</game>
<game gamecode="6544228116"><general><startdate>2025-11-29 13:39:48</startdate>
<round>1</round>
<failsafecounter/>
<players><player seat="3" name="KOPKHUNKRAP" chips="425" dealer="0" win="75" bet="35" muck="0" rebuy="0" addon="0" merge="0" rebuychips="0" reg_code="5076512633"/>
<player seat="6" name="77jac" chips="530" dealer="1" win="0" bet="5" muck="1" rebuy="0" addon="0" merge="0" rebuychips="0" reg_code="5076513652"/>
<player seat="10" name="Mayu97" chips="545" dealer="0" win="0" bet="35" muck="1" rebuy="0" addon="0" merge="0" rebuychips="0" reg_code="5076513676"/>
</players>
</general>
<round no="0"><action no="1" player="Mayu97" type="15" discard="1" dealt="1" sum="5"/>
<action no="2" player="KOPKHUNKRAP" type="15" sum="5"/>
<action no="3" player="77jac" type="15" discard="1" dealt="1" sum="5"/>
<action no="4" player="Mayu97" type="1" discard="1" dealt="1" sum="15"/>
<action no="5" player="KOPKHUNKRAP" type="2" sum="30"/>
</round>
<round no="1"><cards type="Pocket" player="Mayu97">D6 D8</cards>
<cards type="Pocket" player="77jac">X X</cards>
<cards type="Pocket" player="KOPKHUNKRAP">DK S8</cards>
<action no="6" player="77jac" type="0" discard="1" dealt="1" sum="0"/>
<action no="7" player="Mayu97" type="3" discard="1" dealt="1" sum="15"/>
<action no="8" player="KOPKHUNKRAP" type="4" sum="0"/>
</round>
<round no="2"><cards type="Flop">CQ H4 C2</cards>
<action no="9" player="Mayu97" type="4" discard="1" dealt="1" sum="0"/>
<action no="10" player="KOPKHUNKRAP" type="4" sum="0"/>
</round>
<round no="3"><cards type="Turn">C5</cards>
<action no="11" player="Mayu97" type="4" discard="1" dealt="1" sum="0"/>
<action no="12" player="KOPKHUNKRAP" type="4" sum="0"/>
</round>
<round no="4"><cards type="River">CA</cards>
<action no="13" player="Mayu97" type="4" discard="1" dealt="1" sum="0"/>
<action no="14" player="KOPKHUNKRAP" type="4" sum="0"/>
</round>
</game>
<game gamecode="6544228204"><general><startdate>2025-11-29 13:40:39</startdate>
<round>1</round>
<failsafecounter/>
<players><player seat="6" name="77jac" chips="525" dealer="0" win="0" bet="35" muck="1" rebuy="0" addon="0" merge="0" rebuychips="0" reg_code="5076513652"/>
<player seat="10" name="Mayu97" chips="510" dealer="1" win="90" bet="65" muck="1" rebuy="0" addon="0" merge="0" rebuychips="0" reg_code="5076513676"/>
<player seat="3" name="KOPKHUNKRAP" chips="465" dealer="0" win="0" bet="20" muck="1" rebuy="0" addon="0" merge="0" rebuychips="0" reg_code="5076512633"/>
</players>
</general>
<round no="0"><action no="1" player="KOPKHUNKRAP" type="15" sum="5"/>
<action no="2" player="77jac" type="15" discard="1" dealt="1" sum="5"/>
<action no="3" player="Mayu97" type="15" discard="1" dealt="1" sum="5"/>
<action no="4" player="KOPKHUNKRAP" type="1" sum="15"/>
<action no="5" player="77jac" type="2" discard="1" dealt="1" sum="30"/>
</round>
<round no="1"><cards type="Pocket" player="77jac">X X</cards>
<cards type="Pocket" player="Mayu97">X X</cards>
<cards type="Pocket" player="KOPKHUNKRAP">S7 CJ</cards>
<action no="6" player="Mayu97" type="23" discard="1" dealt="1" sum="60"/>
<action no="7" player="KOPKHUNKRAP" type="0" sum="0"/>
<action no="8" player="77jac" type="0" discard="1" dealt="1" sum="0"/>
</round>
</game>
<game gamecode="6544228222"><general><startdate>2025-11-29 13:40:52</startdate>
<round>1</round>
<failsafecounter/>
<players><player seat="10" name="Mayu97" chips="565" dealer="0" win="45" bet="35" muck="1" rebuy="0" addon="0" merge="0" rebuychips="0" reg_code="5076513676"/>
<player seat="3" name="KOPKHUNKRAP" chips="445" dealer="1" win="0" bet="5" muck="1" rebuy="0" addon="0" merge="0" rebuychips="0" reg_code="5076512633"/>
<player seat="6" name="77jac" chips="490" dealer="0" win="0" bet="20" muck="1" rebuy="0" addon="0" merge="0" rebuychips="0" reg_code="5076513652"/>
</players>
</general>
<round no="0"><action no="1" player="77jac" type="15" discard="1" dealt="1" sum="5"/>
<action no="2" player="Mayu97" type="15" discard="1" dealt="1" sum="5"/>
<action no="3" player="KOPKHUNKRAP" type="15" sum="5"/>
<action no="4" player="77jac" type="1" discard="1" dealt="1" sum="15"/>
<action no="5" player="Mayu97" type="2" discard="1" dealt="1" sum="30"/>
</round>
<round no="1"><cards type="Pocket" player="77jac">X X</cards>
<cards type="Pocket" player="Mayu97">X X</cards>
<cards type="Pocket" player="KOPKHUNKRAP">H10 C2</cards>
<action no="6" player="KOPKHUNKRAP" type="0" sum="0"/>
<action no="7" player="77jac" type="0" discard="1" dealt="1" sum="0"/>
</round>
</game>
<game gamecode="6544228244"><general><startdate>2025-11-29 13:41:06</startdate>
<round>1</round>
<failsafecounter/>
<players><player seat="3" name="KOPKHUNKRAP" chips="440" dealer="0" win="0" bet="95" muck="1" rebuy="0" addon="0" merge="0" rebuychips="0" reg_code="5076512633"/>
<player seat="6" name="77jac" chips="470" dealer="1" win="0" bet="5" muck="1" rebuy="0" addon="0" merge="0" rebuychips="0" reg_code="5076513652"/>
<player seat="10" name="Mayu97" chips="590" dealer="0" win="195" bet="290" muck="1" rebuy="0" addon="0" merge="0" rebuychips="0" reg_code="5076513676"/>
</players>
</general>
<round no="0"><action no="1" player="Mayu97" type="15" discard="1" dealt="1" sum="5"/>
<action no="2" player="KOPKHUNKRAP" type="15" sum="5"/>
<action no="3" player="77jac" type="15" discard="1" dealt="1" sum="5"/>
<action no="4" player="Mayu97" type="1" discard="1" dealt="1" sum="15"/>
<action no="5" player="KOPKHUNKRAP" type="2" sum="30"/>
</round>
<round no="1"><cards type="Pocket" player="77jac">X X</cards>
<cards type="Pocket" player="KOPKHUNKRAP">D10 D8</cards>
<cards type="Pocket" player="Mayu97">X X</cards>
<action no="6" player="77jac" type="0" discard="1" dealt="1" sum="0"/>
<action no="7" player="Mayu97" type="23" discard="1" dealt="1" sum="90"/>
<action no="8" player="KOPKHUNKRAP" type="3" sum="60"/>
</round>
<round no="2"><cards type="Flop">DQ HA HJ</cards>
<action no="9" player="Mayu97" type="5" discard="1" dealt="1" sum="195"/>
<action no="10" player="KOPKHUNKRAP" type="0" sum="0"/>
</round>
</game>
<game gamecode="6544228282"><general><startdate>2025-11-29 13:41:26</startdate>
<round>1</round>
<failsafecounter/>
<players><player seat="6" name="77jac" chips="465" dealer="0" win="0" bet="45" muck="1" rebuy="0" addon="0" merge="0" rebuychips="0" reg_code="5076513652"/>
<player seat="10" name="Mayu97" chips="690" dealer="1" win="115" bet="125" muck="1" rebuy="0" addon="0" merge="0" rebuychips="0" reg_code="5076513676"/>
<player seat="3" name="KOPKHUNKRAP" chips="345" dealer="0" win="0" bet="25" muck="1" rebuy="0" addon="0" merge="0" rebuychips="0" reg_code="5076512633"/>
</players>
</general>
<round no="0"><action no="1" player="KOPKHUNKRAP" type="15" sum="5"/>
<action no="2" player="77jac" type="15" discard="1" dealt="1" sum="5"/>
<action no="3" player="Mayu97" type="15" discard="1" dealt="1" sum="5"/>
<action no="4" player="KOPKHUNKRAP" type="1" sum="20"/>
<action no="5" player="77jac" type="2" discard="1" dealt="1" sum="40"/>
</round>
<round no="1"><cards type="Pocket" player="Mayu97">X X</cards>
<cards type="Pocket" player="77jac">X X</cards>
<cards type="Pocket" player="KOPKHUNKRAP">C9 S4</cards>
<action no="6" player="Mayu97" type="3" discard="1" dealt="1" sum="40"/>
<action no="7" player="KOPKHUNKRAP" type="0" sum="0"/>
<action no="8" player="77jac" type="4" discard="1" dealt="1" sum="0"/>
</round>
<round no="2"><cards type="Flop">D3 H3 HJ</cards>
<action no="9" player="77jac" type="4" discard="1" dealt="1" sum="0"/>
<action no="10" player="Mayu97" type="5" discard="1" dealt="1" sum="80"/>
<action no="11" player="77jac" type="0" discard="1" dealt="1" sum="0"/>
</round>
</game>
<game gamecode="6544228332"><general><startdate>2025-11-29 13:41:53</startdate>
<round>1</round>
<failsafecounter/>
<players><player seat="10" name="Mayu97" chips="760" dealer="0" win="0" bet="45" muck="1" rebuy="0" addon="0" merge="0" rebuychips="0" reg_code="5076513676"/>
<player seat="3" name="KOPKHUNKRAP" chips="320" dealer="1" win="115" bet="320" muck="1" rebuy="0" addon="0" merge="0" rebuychips="0" reg_code="5076512633"/>
<player seat="6" name="77jac" chips="420" dealer="0" win="0" bet="25" muck="1" rebuy="0" addon="0" merge="0" rebuychips="0" reg_code="5076513652"/>
</players>
</general>
<round no="0"><action no="1" player="77jac" type="15" discard="1" dealt="1" sum="5"/>
<action no="2" player="Mayu97" type="15" discard="1" dealt="1" sum="5"/>
<action no="3" player="KOPKHUNKRAP" type="15" sum="5"/>
<action no="4" player="77jac" type="1" discard="1" dealt="1" sum="20"/>
<action no="5" player="Mayu97" type="2" discard="1" dealt="1" sum="40"/>
</round>
<round no="1"><cards type="Pocket" player="Mayu97">X X</cards>
<cards type="Pocket" player="77jac">X X</cards>
<cards type="Pocket" player="KOPKHUNKRAP">SJ CQ</cards>
<action no="6" player="KOPKHUNKRAP" type="23" sum="315"/>
<action no="7" player="77jac" type="0" discard="1" dealt="1" sum="0"/>
<action no="8" player="Mayu97" type="0" discard="1" dealt="1" sum="0"/>
</round>
</game>
<game gamecode="6544228353"><general><startdate>2025-11-29 13:42:06</startdate>
<round>1</round>
<failsafecounter/>
<players><player seat="3" name="KOPKHUNKRAP" chips="390" dealer="0" win="95" bet="390" muck="1" rebuy="0" addon="0" merge="0" rebuychips="0" reg_code="5076512633"/>
<player seat="6" name="77jac" chips="395" dealer="1" win="0" bet="5" muck="1" rebuy="0" addon="0" merge="0" rebuychips="0" reg_code="5076513652"/>
<player seat="10" name="Mayu97" chips="715" dealer="0" win="0" bet="45" muck="1" rebuy="0" addon="0" merge="0" rebuychips="0" reg_code="5076513676"/>
</players>
</general>
<round no="0"><action no="1" player="Mayu97" type="15" discard="1" dealt="1" sum="5"/>
<action no="2" player="KOPKHUNKRAP" type="15" sum="5"/>
<action no="3" player="77jac" type="15" discard="1" dealt="1" sum="5"/>
<action no="4" player="Mayu97" type="1" discard="1" dealt="1" sum="20"/>
<action no="5" player="KOPKHUNKRAP" type="2" sum="40"/>
</round>
<round no="1"><cards type="Pocket" player="77jac">X X</cards>
<cards type="Pocket" player="KOPKHUNKRAP">CA D7</cards>
<cards type="Pocket" player="Mayu97">X X</cards>
<action no="6" player="77jac" type="0" discard="1" dealt="1" sum="0"/>
<action no="7" player="Mayu97" type="3" discard="1" dealt="1" sum="20"/>
<action no="8" player="KOPKHUNKRAP" type="23" sum="385"/>
<action no="9" player="Mayu97" type="0" discard="1" dealt="1" sum="0"/>
</round>
</game>
<game gamecode="6544228370"><general><startdate>2025-11-29 13:42:17</startdate>
<round>1</round>
<failsafecounter/>
<players><player seat="6" name="77jac" chips="390" dealer="0" win="0" bet="45" muck="1" rebuy="0" addon="0" merge="0" rebuychips="0" reg_code="5076513652"/>
<player seat="10" name="Mayu97" chips="670" dealer="1" win="0" bet="5" muck="1" rebuy="0" addon="0" merge="0" rebuychips="0" reg_code="5076513676"/>
<player seat="3" name="KOPKHUNKRAP" chips="440" dealer="0" win="95" bet="440" muck="1" rebuy="0" addon="0" merge="0" rebuychips="0" reg_code="5076512633"/>
</players>
</general>
<round no="0"><action no="1" player="KOPKHUNKRAP" type="15" sum="5"/>
<action no="2" player="77jac" type="15" discard="1" dealt="1" sum="5"/>
<action no="3" player="Mayu97" type="15" discard="1" dealt="1" sum="5"/>
<action no="4" player="KOPKHUNKRAP" type="1" sum="20"/>
<action no="5" player="77jac" type="2" discard="1" dealt="1" sum="40"/>
</round>
<round no="1"><cards type="Pocket" player="77jac">X X</cards>
<cards type="Pocket" player="Mayu97">X X</cards>
<cards type="Pocket" player="KOPKHUNKRAP">H4 DK</cards>
<action no="6" player="Mayu97" type="0" discard="1" dealt="1" sum="0"/>
<action no="7" player="KOPKHUNKRAP" type="23" sum="435"/>
<action no="8" player="77jac" type="0" discard="1" dealt="1" sum="0"/>
</round>
</game>
<game gamecode="6544228381"><general><startdate>2025-11-29 13:42:27</startdate>
<round>1</round>
<failsafecounter/>
<players><player seat="10" name="Mayu97" chips="665" dealer="0" win="95" bet="165" muck="1" rebuy="0" addon="0" merge="0" rebuychips="0" reg_code="5076513676"/>
<player seat="3" name="KOPKHUNKRAP" chips="490" dealer="1" win="0" bet="5" muck="1" rebuy="0" addon="0" merge="0" rebuychips="0" reg_code="5076512633"/>
<player seat="6" name="77jac" chips="345" dealer="0" win="0" bet="45" muck="1" rebuy="0" addon="0" merge="0" rebuychips="0" reg_code="5076513652"/>
</players>
</general>
<round no="0"><action no="1" player="77jac" type="15" discard="1" dealt="1" sum="5"/>
<action no="2" player="Mayu97" type="15" discard="1" dealt="1" sum="5"/>
<action no="3" player="KOPKHUNKRAP" type="15" sum="5"/>
<action no="4" player="77jac" type="1" discard="1" dealt="1" sum="20"/>
<action no="5" player="Mayu97" type="2" discard="1" dealt="1" sum="40"/>
</round>
<round no="1"><cards type="Pocket" player="Mayu97">X X</cards>
<cards type="Pocket" player="77jac">X X</cards>
<cards type="Pocket" player="KOPKHUNKRAP">S7 S10</cards>
<action no="6" player="KOPKHUNKRAP" type="0" sum="0"/>
<action no="7" player="77jac" type="3" discard="1" dealt="1" sum="20"/>
<action no="8" player="Mayu97" type="23" discard="1" dealt="1" sum="160"/>
<action no="9" player="77jac" type="0" discard="1" dealt="1" sum="0"/>
</round>
</game>
<game gamecode="6544228404"><general><startdate>2025-11-29 13:42:41</startdate>
<round>1</round>
<failsafecounter/>
<players><player seat="3" name="KOPKHUNKRAP" chips="485" dealer="0" win="0" bet="45" muck="1" rebuy="0" addon="0" merge="0" rebuychips="0" reg_code="5076512633"/>
<player seat="6" name="77jac" chips="300" dealer="1" win="645" bet="300" muck="0" rebuy="0" addon="0" merge="0" rebuychips="0" reg_code="5076513652"/>
<player seat="10" name="Mayu97" chips="715" dealer="0" win="0" bet="300" muck="1" rebuy="0" addon="0" merge="0" rebuychips="0" reg_code="5076513676"/>
</players>
</general>
<round no="0"><action no="1" player="Mayu97" type="15" discard="1" dealt="1" sum="5"/>
<action no="2" player="KOPKHUNKRAP" type="15" sum="5"/>
<action no="3" player="77jac" type="15" discard="1" dealt="1" sum="5"/>
<action no="4" player="Mayu97" type="1" discard="1" dealt="1" sum="20"/>
<action no="5" player="KOPKHUNKRAP" type="2" sum="40"/>
</round>
<round no="1"><cards type="Pocket" player="Mayu97">H9 S9</cards>
<cards type="Pocket" player="77jac">C4 D5</cards>
<cards type="Pocket" player="KOPKHUNKRAP">SJ C6</cards>
<action no="6" player="77jac" type="23" discard="1" dealt="1" sum="295"/>
<action no="7" player="Mayu97" type="3" discard="1" dealt="1" sum="275"/>
<action no="8" player="KOPKHUNKRAP" type="0" sum="0"/>
</round>
<round no="2"><cards type="Flop">D8 D9 S7</cards>
</round>
<round no="3"><cards type="Turn">S3</cards>
</round>
<round no="4"><cards type="River">D6</cards>
</round>
</game>
<game gamecode="6544228427"><general><startdate>2025-11-29 13:42:58</startdate>
<round>1</round>
<failsafecounter/>
<players><player seat="6" name="77jac" chips="645" dealer="0" win="0" bet="65" muck="1" rebuy="0" addon="0" merge="0" rebuychips="0" reg_code="5076513652"/>
<player seat="10" name="Mayu97" chips="415" dealer="1" win="0" bet="65" muck="1" rebuy="0" addon="0" merge="0" rebuychips="0" reg_code="5076513676"/>
<player seat="3" name="KOPKHUNKRAP" chips="440" dealer="0" win="195" bet="440" muck="1" rebuy="0" addon="0" merge="0" rebuychips="0" reg_code="5076512633"/>
</players>
</general>
<round no="0"><action no="1" player="KOPKHUNKRAP" type="15" sum="5"/>
<action no="2" player="77jac" type="15" discard="1" dealt="1" sum="5"/>
<action no="3" player="Mayu97" type="15" discard="1" dealt="1" sum="5"/>
<action no="4" player="KOPKHUNKRAP" type="1" sum="30"/>
<action no="5" player="77jac" type="2" discard="1" dealt="1" sum="60"/>
</round>
<round no="1"><cards type="Pocket" player="77jac">X X</cards>
<cards type="Pocket" player="Mayu97">X X</cards>
<cards type="Pocket" player="KOPKHUNKRAP">HA S2</cards>
<action no="6" player="Mayu97" type="3" discard="1" dealt="1" sum="60"/>
<action no="7" player="KOPKHUNKRAP" type="23" sum="435"/>
<action no="8" player="77jac" type="0" discard="1" dealt="1" sum="0"/>
<action no="9" player="Mayu97" type="0" discard="1" dealt="1" sum="0"/>
</round>
</game>
<game gamecode="6544228440"><general><startdate>2025-11-29 13:43:09</startdate>
<round>1</round>
<failsafecounter/>
<players><player seat="10" name="Mayu97" chips="350" dealer="0" win="135" bet="350" muck="1" rebuy="0" addon="0" merge="0" rebuychips="0" reg_code="5076513676"/>
<player seat="3" name="KOPKHUNKRAP" chips="570" dealer="1" win="0" bet="5" muck="1" rebuy="0" addon="0" merge="0" rebuychips="0" reg_code="5076512633"/>
<player seat="6" name="77jac" chips="580" dealer="0" win="0" bet="65" muck="1" rebuy="0" addon="0" merge="0" rebuychips="0" reg_code="5076513652"/>
</players>
</general>
<round no="0"><action no="1" player="77jac" type="15" discard="1" dealt="1" sum="5"/>
<action no="2" player="Mayu97" type="15" discard="1" dealt="1" sum="5"/>
<action no="3" player="KOPKHUNKRAP" type="15" sum="5"/>
<action no="4" player="77jac" type="1" discard="1" dealt="1" sum="30"/>
<action no="5" player="Mayu97" type="2" discard="1" dealt="1" sum="60"/>
</round>
<round no="1"><cards type="Pocket" player="Mayu97">X X</cards>
<cards type="Pocket" player="77jac">X X</cards>
<cards type="Pocket" player="KOPKHUNKRAP">H5 D7</cards>
<action no="6" player="KOPKHUNKRAP" type="0" sum="0"/>
<action no="7" player="77jac" type="3" discard="1" dealt="1" sum="30"/>
<action no="8" player="Mayu97" type="4" discard="1" dealt="1" sum="0"/>
</round>
<round no="2"><cards type="Flop">DA SA H4</cards>
<action no="9" player="77jac" type="4" discard="1" dealt="1" sum="0"/>
<action no="10" player="Mayu97" type="5" discard="1" dealt="1" sum="285"/>
<action no="11" player="77jac" type="0" discard="1" dealt="1" sum="0"/>
</round>
</game>
<game gamecode="6544228474"><general><startdate>2025-11-29 13:43:31</startdate>
<round>1</round>
<failsafecounter/>
<players><player seat="3" name="KOPKHUNKRAP" chips="565" dealer="0" win="0" bet="65" muck="1" rebuy="0" addon="0" merge="0" rebuychips="0" reg_code="5076512633"/>
<player seat="6" name="77jac" chips="515" dealer="1" win="0" bet="5" muck="1" rebuy="0" addon="0" merge="0" rebuychips="0" reg_code="5076513652"/>
<player seat="10" name="Mayu97" chips="420" dealer="0" win="135" bet="420" muck="1" rebuy="0" addon="0" merge="0" rebuychips="0" reg_code="5076513676"/>
</players>
</general>
<round no="0"><action no="1" player="Mayu97" type="15" discard="1" dealt="1" sum="5"/>
<action no="2" player="KOPKHUNKRAP" type="15" sum="5"/>
<action no="3" player="77jac" type="15" discard="1" dealt="1" sum="5"/>
<action no="4" player="Mayu97" type="1" discard="1" dealt="1" sum="30"/>
<action no="5" player="KOPKHUNKRAP" type="2" sum="60"/>
</round>
<round no="1"><cards type="Pocket" player="KOPKHUNKRAP">H5 S4</cards>
<cards type="Pocket" player="77jac">X X</cards>
<cards type="Pocket" player="Mayu97">X X</cards>
<action no="6" player="77jac" type="0" discard="1" dealt="1" sum="0"/>
<action no="7" player="Mayu97" type="23" discard="1" dealt="1" sum="415"/>
<action no="8" player="KOPKHUNKRAP" type="0" sum="0"/>
</round>
</game>
<game gamecode="6544228492"><general><startdate>2025-11-29 13:43:40</startdate>
<round>1</round>
<failsafecounter/>
<players><player seat="6" name="77jac" chips="510" dealer="0" win="0" bet="490" muck="1" rebuy="0" addon="0" merge="0" rebuychips="0" reg_code="5076513652"/>
<player seat="10" name="Mayu97" chips="490" dealer="1" win="1,015" bet="490" muck="0" rebuy="0" addon="0" merge="0" rebuychips="0" reg_code="5076513676"/>
<player seat="3" name="KOPKHUNKRAP" chips="500" dealer="0" win="0" bet="35" muck="1" rebuy="0" addon="0" merge="0" rebuychips="0" reg_code="5076512633"/>
</players>
</general>
<round no="0"><action no="1" player="KOPKHUNKRAP" type="15" sum="5"/>
<action no="2" player="77jac" type="15" discard="1" dealt="1" sum="5"/>
<action no="3" player="Mayu97" type="15" discard="1" dealt="1" sum="5"/>
<action no="4" player="KOPKHUNKRAP" type="1" sum="30"/>
<action no="5" player="77jac" type="2" discard="1" dealt="1" sum="60"/>
</round>
<round no="1"><cards type="Pocket" player="77jac">H2 CA</cards>
<cards type="Pocket" player="Mayu97">S10 SJ</cards>
<cards type="Pocket" player="KOPKHUNKRAP">D8 S5</cards>
<action no="6" player="Mayu97" type="23" discard="1" dealt="1" sum="485"/>
<action no="7" player="KOPKHUNKRAP" type="0" sum="0"/>
<action no="8" player="77jac" type="3" discard="1" dealt="1" sum="425"/>
</round>
<round no="2"><cards type="Flop">DJ D5 HJ</cards>
</round>
<round no="3"><cards type="Turn">H3</cards>
</round>
<round no="4"><cards type="River">HK</cards>
</round>
</game>
<game gamecode="6544228522"><general><startdate>2025-11-29 13:43:56</startdate>
<round>1</round>
<failsafecounter/>
<players><player seat="10" name="Mayu97" chips="1,015" dealer="0" win="0" bet="65" muck="1" rebuy="0" addon="0" merge="0" rebuychips="0" reg_code="5076513676"/>
<player seat="3" name="KOPKHUNKRAP" chips="465" dealer="1" win="150" bet="465" muck="0" rebuy="0" addon="0" merge="0" rebuychips="0" reg_code="5076512633"/>
<player seat="6" name="77jac" chips="20" dealer="0" win="0" bet="20" muck="1" rebuy="0" addon="0" merge="0" rebuychips="0" reg_code="5076513652"/>
</players>
</general>
<round no="0"><action no="1" player="77jac" type="15" discard="1" dealt="1" sum="5"/>
<action no="2" player="Mayu97" type="15" discard="1" dealt="1" sum="5"/>
<action no="3" player="KOPKHUNKRAP" type="15" sum="5"/>
<action no="4" player="77jac" type="1" discard="1" dealt="1" sum="15"/>
<action no="5" player="Mayu97" type="2" discard="1" dealt="1" sum="60"/>
</round>
<round no="1"><cards type="Pocket" player="77jac">C10 D6</cards>
<cards type="Pocket" player="Mayu97">X X</cards>
<cards type="Pocket" player="KOPKHUNKRAP">DA S5</cards>
<action no="6" player="KOPKHUNKRAP" type="23" sum="460"/>
<action no="7" player="Mayu97" type="0" discard="1" dealt="1" sum="0"/>
</round>
<round no="2"><cards type="Flop">DJ D4 D2</cards>
</round>
<round no="3"><cards type="Turn">HJ</cards>
</round>
<round no="4"><cards type="River">D10</cards>
</round>
</game>
<game gamecode="6544228545"><general><startdate>2025-11-29 13:44:12</startdate>
<round>1</round>
<failsafecounter/>
<players><player seat="3" name="KOPKHUNKRAP" chips="550" dealer="0" win="70" bet="65" muck="1" rebuy="0" addon="0" merge="0" rebuychips="0" reg_code="5076512633"/>
<player seat="10" name="Mayu97" chips="950" dealer="1" win="0" bet="35" muck="1" rebuy="0" addon="0" merge="0" rebuychips="0" reg_code="5076513676"/>
</players>
</general>
<round no="0"><action no="1" player="Mayu97" type="15" discard="1" dealt="1" sum="5"/>
<action no="2" player="KOPKHUNKRAP" type="15" sum="5"/>
<action no="3" player="Mayu97" type="1" discard="1" dealt="1" sum="30"/>
<action no="4" player="KOPKHUNKRAP" type="2" sum="60"/>
</round>
<round no="1"><cards type="Pocket" player="KOPKHUNKRAP">H10 C4</cards>
<cards type="Pocket" player="Mayu97">X X</cards>
<action no="5" player="Mayu97" type="0" discard="1" dealt="1" sum="0"/>
</round>
</game>
<game gamecode="6544228558"><general><startdate>2025-11-29 13:44:17</startdate>
<round>1</round>
<failsafecounter/>
<players><player seat="10" name="Mayu97" chips="915" dealer="0" win="70" bet="65" muck="1" rebuy="0" addon="0" merge="0" rebuychips="0" reg_code="5076513676"/>
<player seat="3" name="KOPKHUNKRAP" chips="585" dealer="1" win="0" bet="35" muck="1" rebuy="0" addon="0" merge="0" rebuychips="0" reg_code="5076512633"/>
</players>
</general>
<round no="0"><action no="1" player="KOPKHUNKRAP" type="15" sum="5"/>
<action no="2" player="Mayu97" type="15" discard="1" dealt="1" sum="5"/>
<action no="3" player="KOPKHUNKRAP" type="1" sum="30"/>
<action no="4" player="Mayu97" type="2" discard="1" dealt="1" sum="60"/>
</round>
<round no="1"><cards type="Pocket" player="KOPKHUNKRAP">S10 H2</cards>
<cards type="Pocket" player="Mayu97">X X</cards>
<action no="5" player="KOPKHUNKRAP" type="0" sum="0"/>
</round>
</game>
<game gamecode="6544228569"><general><startdate>2025-11-29 13:44:25</startdate>
<round>1</round>
<failsafecounter/>
<players><player seat="3" name="KOPKHUNKRAP" chips="550" dealer="0" win="0" bet="550" muck="0" rebuy="0" addon="0" merge="0" rebuychips="0" reg_code="5076512633"/>
<player seat="10" name="Mayu97" chips="950" dealer="1" win="1,100" bet="950" muck="0" rebuy="0" addon="0" merge="0" rebuychips="0" reg_code="5076513676"/>
</players>
</general>
<round no="0"><action no="1" player="Mayu97" type="15" discard="1" dealt="1" sum="5"/>
<action no="2" player="KOPKHUNKRAP" type="15" sum="5"/>
<action no="3" player="Mayu97" type="1" discard="1" dealt="1" sum="30"/>
<action no="4" player="KOPKHUNKRAP" type="2" sum="60"/>
</round>
<round no="1"><cards type="Pocket" player="KOPKHUNKRAP">S4 CK</cards>
<cards type="Pocket" player="Mayu97">HA D8</cards>
<action no="5" player="Mayu97" type="23" discard="1" dealt="1" sum="945"/>
<action no="6" player="KOPKHUNKRAP" type="7" sum="485"/>
</round>
<round no="2"><cards type="Flop">DK S9 SJ</cards>
</round>
<round no="3"><cards type="Turn">DA</cards>
</round>
<round no="4"><cards type="River">CA</cards>
</round>
</game>
</session>
