<?xml version="1.0" encoding="UTF-8"?>
<session sessioncode="5076305509">
<general>
<client_version>24.7.1.15</client_version>
<mode>real</mode>
<gametype>Holdem NL</gametype>
<tablename>Twister €100 SNG, 822622661</tablename>
<tournamentcode>822622659</tournamentcode>
<tournamentname>Twister €100 SNG</tournamentname>
<buyin>€0 + €7 + €93</buyin>
<totalbuyin>€100</totalbuyin>
<rewarddrawn>€400</rewarddrawn>
<tournamentcurrency>EUR</tournamentcurrency>
<currency>EUR</currency>
<nickname>KOPKHUNKRAP</nickname>
<gamecount>1</gamecount>
<startdate>2025-11-28 18:45:19</startdate>
<place>3</place>
<win>€0</win>
<tablesize>3</tablesize>
</general>
<game gamecode="6543544466"><general><startdate>2025-11-28 18:45:34</startdate>
<round>1</round>
<failsafecounter/>
<players><player seat="3" name="Tiuualex" chips="500" dealer="0" win="1,000" bet="500" muck="0" rebuy="0" addon="0" merge="0" rebuychips="0" reg_code="5076304983"/>
<player seat="6" name="Linuccio96" chips="500" dealer="1" win="0" bet="0" muck="1" rebuy="0" addon="0" merge="0" rebuychips="0" reg_code="5076305485"/>
<player seat="10" name="KOPKHUNKRAP" chips="500" dealer="0" win="0" bet="500" muck="1" rebuy="0" addon="0" merge="0" rebuychips="0" reg_code="5076305509"/>
</players>
</general>
<round no="0"><action no="1" player="KOPKHUNKRAP" type="1" sum="10"/>
<action no="2" player="Tiuualex" type="2" discard="1" dealt="1" sum="20"/>
</round>
<round no="1"><cards type="Pocket" player="Tiuualex">C5 H5</cards>
<cards type="Pocket" player="KOPKHUNKRAP">S4 D4</cards>
<cards type="Pocket" player="Linuccio96">X X</cards>
<action no="3" player="Linuccio96" type="0" discard="1" dealt="1" sum="0"/>
<action no="4" player="KOPKHUNKRAP" type="3" sum="10"/>
<action no="5" player="Tiuualex" type="23" discard="1" dealt="1" sum="500"/>
<action no="6" player="KOPKHUNKRAP" type="7" sum="480"/>
</round>
<round no="2"><cards type="Flop">C9 HQ DA</cards>
</round>
<round no="3"><cards type="Turn">H8</cards>
</round>
<round no="4"><cards type="River">S6</cards>
</round>
</game>
</session>
