<?xml version="1.0" encoding="UTF-8"?>
<session sessioncode="5076075990">
<general>
<client_version>25.7.1.34</client_version>
<mode>real</mode>
<gametype>Holdem NL</gametype>
<tablename>Twister €100 SNG, 822571273</tablename>
<tournamentcode>822571272</tournamentcode>
<tournamentname>Twister €100 SNG</tournamentname>
<buyin>€0 + €7 + €93</buyin>
<totalbuyin>€100</totalbuyin>
<rewarddrawn>€300</rewarddrawn>
<tournamentcurrency>EUR</tournamentcurrency>
<currency>EUR</currency>
<nickname>KOPKHUNKRAP</nickname>
<gamecount>9</gamecount>
<startdate>2025-11-27 21:55:06</startdate>
<place>2</place>
<win>€0</win>
<tablesize>3</tablesize>
</general>
<game gamecode="6542839353"><general><startdate>2025-11-27 21:55:21</startdate>
<round>1</round>
<failsafecounter/>
<players><player seat="10" name="KOPKHUNKRAP" chips="500" dealer="0" win="0" bet="20" muck="1" rebuy="0" addon="0" merge="0" rebuychips="0" reg_code="5076075990"/>
<player seat="3" name="BERLUSCA17" chips="500" dealer="1" win="50" bet="60" muck="1" rebuy="0" addon="0" merge="0" rebuychips="0" reg_code="5076075932"/>
<player seat="6" name="deIduKA" chips="500" dealer="0" win="0" bet="10" muck="1" rebuy="0" addon="0" merge="0" rebuychips="0" reg_code="5076074176"/>
</players>
</general>
<round no="0"><action no="1" player="deIduKA" type="1" discard="1" dealt="1" sum="10"/>
<action no="2" player="KOPKHUNKRAP" type="2" sum="20"/>
</round>
<round no="1"><cards type="Pocket" player="deIduKA">X X</cards>
<cards type="Pocket" player="KOPKHUNKRAP">C7 H5</cards>
<cards type="Pocket" player="BERLUSCA17">X X</cards>
<action no="3" player="BERLUSCA17" type="23" discard="1" dealt="1" sum="60"/>
<action no="4" player="deIduKA" type="0" discard="1" dealt="1" sum="0"/>
<action no="5" player="KOPKHUNKRAP" type="0" sum="0"/>
</round>
</game>
<game gamecode="6542839402"><general><startdate>2025-11-27 21:55:36</startdate>
<round>1</round>
<failsafecounter/>
<players><player seat="3" name="BERLUSCA17" chips="530" dealer="0" win="0" bet="530" muck="0" rebuy="0" addon="0" merge="0" rebuychips="0" reg_code="5076075932"/>
<player seat="6" name="deIduKA" chips="490" dealer="1" win="990" bet="490" muck="0" rebuy="0" addon="0" merge="0" rebuychips="0" reg_code="5076074176"/>
<player seat="10" name="KOPKHUNKRAP" chips="480" dealer="0" win="0" bet="10" muck="1" rebuy="0" addon="0" merge="0" rebuychips="0" reg_code="5076075990"/>
</players>
</general>
<round no="0"><action no="1" player="KOPKHUNKRAP" type="1" sum="10"/>
<action no="2" player="BERLUSCA17" type="2" discard="1" dealt="1" sum="20"/>
</round>
<round no="1"><cards type="Pocket" player="deIduKA">HA S6</cards>
<cards type="Pocket" player="BERLUSCA17">S5 H6</cards>
<cards type="Pocket" player="KOPKHUNKRAP">SK H3</cards>
<action no="3" player="deIduKA" type="23" discard="1" dealt="1" sum="40"/>
<action no="4" player="KOPKHUNKRAP" type="0" sum="0"/>
<action no="5" player="BERLUSCA17" type="3" discard="1" dealt="1" sum="20"/>
</round>
<round no="2"><cards type="Flop">D3 DA C9</cards>
<action no="6" player="BERLUSCA17" type="5" discard="1" dealt="1" sum="60"/>
<action no="7" player="deIduKA" type="3" discard="1" dealt="1" sum="60"/>
</round>
<round no="3"><cards type="Turn">CA</cards>
<action no="8" player="BERLUSCA17" type="5" discard="1" dealt="1" sum="105"/>
<action no="9" player="deIduKA" type="3" discard="1" dealt="1" sum="105"/>
</round>
<round no="4"><cards type="River">C2</cards>
<action no="10" player="BERLUSCA17" type="5" discard="1" dealt="1" sum="325"/>
<action no="11" player="deIduKA" type="7" discard="1" dealt="1" sum="285"/>
</round>
</game>
<game gamecode="6542839531"><general><startdate>2025-11-27 21:56:30</startdate>
<round>1</round>
<failsafecounter/>
<players><player seat="6" name="deIduKA" chips="990" dealer="0" win="0" bet="40" muck="1" rebuy="0" addon="0" merge="0" rebuychips="0" reg_code="5076074176"/>
<player seat="10" name="KOPKHUNKRAP" chips="470" dealer="1" win="0" bet="0" muck="1" rebuy="0" addon="0" merge="0" rebuychips="0" reg_code="5076075990"/>
<player seat="3" name="BERLUSCA17" chips="40" dealer="0" win="80" bet="40" muck="0" rebuy="0" addon="0" merge="0" rebuychips="0" reg_code="5076075932"/>
</players>
</general>
<round no="0"><action no="1" player="BERLUSCA17" type="1" discard="1" dealt="1" sum="10"/>
<action no="2" player="deIduKA" type="2" discard="1" dealt="1" sum="20"/>
</round>
<round no="1"><cards type="Pocket" player="deIduKA">C6 H10</cards>
<cards type="Pocket" player="KOPKHUNKRAP">S4 H5</cards>
<cards type="Pocket" player="BERLUSCA17">D10 DJ</cards>
<action no="3" player="KOPKHUNKRAP" type="0" sum="0"/>
<action no="4" player="BERLUSCA17" type="7" discard="1" dealt="1" sum="30"/>
<action no="5" player="deIduKA" type="3" discard="1" dealt="1" sum="20"/>
</round>
<round no="2"><cards type="Flop">H7 CK D2</cards>
</round>
<round no="3"><cards type="Turn">SJ</cards>
</round>
<round no="4"><cards type="River">D5</cards>
</round>
</game>
<game gamecode="6542839590"><general><startdate>2025-11-27 21:56:55</startdate>
<round>1</round>
<failsafecounter/>
<players><player seat="10" name="KOPKHUNKRAP" chips="470" dealer="0" win="40" bet="60" muck="1" rebuy="0" addon="0" merge="0" rebuychips="0" reg_code="5076075990"/>
<player seat="3" name="BERLUSCA17" chips="80" dealer="1" win="0" bet="0" muck="1" rebuy="0" addon="0" merge="0" rebuychips="0" reg_code="5076075932"/>
<player seat="6" name="deIduKA" chips="950" dealer="0" win="0" bet="20" muck="1" rebuy="0" addon="0" merge="0" rebuychips="0" reg_code="5076074176"/>
</players>
</general>
<round no="0"><action no="1" player="deIduKA" type="1" discard="1" dealt="1" sum="10"/>
<action no="2" player="KOPKHUNKRAP" type="2" sum="20"/>
</round>
<round no="1"><cards type="Pocket" player="KOPKHUNKRAP">C10 HK</cards>
<cards type="Pocket" player="deIduKA">X X</cards>
<cards type="Pocket" player="BERLUSCA17">X X</cards>
<action no="3" player="BERLUSCA17" type="0" discard="1" dealt="1" sum="0"/>
<action no="4" player="deIduKA" type="3" discard="1" dealt="1" sum="10"/>
<action no="5" player="KOPKHUNKRAP" type="23" sum="60"/>
<action no="6" player="deIduKA" type="0" discard="1" dealt="1" sum="0"/>
</round>
</game>
<game gamecode="6542839644"><general><startdate>2025-11-27 21:57:14</startdate>
<round>1</round>
<failsafecounter/>
<players><player seat="3" name="BERLUSCA17" chips="80" dealer="0" win="0" bet="80" muck="0" rebuy="0" addon="0" merge="0" rebuychips="0" reg_code="5076075932"/>
<player seat="6" name="deIduKA" chips="930" dealer="1" win="0" bet="5" muck="1" rebuy="0" addon="0" merge="0" rebuychips="0" reg_code="5076074176"/>
<player seat="10" name="KOPKHUNKRAP" chips="490" dealer="0" win="165" bet="95" muck="0" rebuy="0" addon="0" merge="0" rebuychips="0" reg_code="5076075990"/>
</players>
</general>
<round no="0"><action no="1" player="KOPKHUNKRAP" type="15" sum="5"/>
<action no="2" player="BERLUSCA17" type="15" discard="1" dealt="1" sum="5"/>
<action no="3" player="deIduKA" type="15" discard="1" dealt="1" sum="5"/>
<action no="4" player="KOPKHUNKRAP" type="1" sum="15"/>
<action no="5" player="BERLUSCA17" type="2" discard="1" dealt="1" sum="30"/>
</round>
<round no="1"><cards type="Pocket" player="deIduKA">X X</cards>
<cards type="Pocket" player="BERLUSCA17">SK H2</cards>
<cards type="Pocket" player="KOPKHUNKRAP">CQ S10</cards>
<action no="6" player="deIduKA" type="0" discard="1" dealt="1" sum="0"/>
<action no="7" player="KOPKHUNKRAP" type="23" sum="90"/>
<action no="8" player="BERLUSCA17" type="7" discard="1" dealt="1" sum="45"/>
</round>
<round no="2"><cards type="Flop">H8 D8 C9</cards>
</round>
<round no="3"><cards type="Turn">C10</cards>
</round>
<round no="4"><cards type="River">H9</cards>
</round>
</game>
<game gamecode="6542839696"><general><startdate>2025-11-27 21:57:35</startdate>
<round>1</round>
<failsafecounter/>
<players><player seat="6" name="deIduKA" chips="925" dealer="0" win="155" bet="155" muck="0" rebuy="0" addon="0" merge="0" rebuychips="0" reg_code="5076074176"/>
<player seat="10" name="KOPKHUNKRAP" chips="575" dealer="1" win="155" bet="155" muck="0" rebuy="0" addon="0" merge="0" rebuychips="0" reg_code="5076075990"/>
</players>
</general>
<round no="0"><action no="1" player="KOPKHUNKRAP" type="15" sum="5"/>
<action no="2" player="deIduKA" type="15" discard="1" dealt="1" sum="5"/>
<action no="3" player="KOPKHUNKRAP" type="1" sum="15"/>
<action no="4" player="deIduKA" type="2" discard="1" dealt="1" sum="30"/>
</round>
<round no="1"><cards type="Pocket" player="deIduKA">H4 HK</cards>
<cards type="Pocket" player="KOPKHUNKRAP">DQ S4</cards>
<action no="5" player="KOPKHUNKRAP" type="3" sum="15"/>
<action no="6" player="deIduKA" type="4" discard="1" dealt="1" sum="0"/>
</round>
<round no="2"><cards type="Flop">D5 D3 S6</cards>
<action no="7" player="deIduKA" type="4" discard="1" dealt="1" sum="0"/>
<action no="8" player="KOPKHUNKRAP" type="4" sum="0"/>
</round>
<round no="3"><cards type="Turn">C2</cards>
<action no="9" player="deIduKA" type="4" discard="1" dealt="1" sum="0"/>
<action no="10" player="KOPKHUNKRAP" type="4" sum="0"/>
</round>
<round no="4"><cards type="River">S10</cards>
<action no="11" player="deIduKA" type="5" discard="1" dealt="1" sum="120"/>
<action no="12" player="KOPKHUNKRAP" type="3" sum="120"/>
</round>
</game>
<game gamecode="6542846692"><general><startdate>2025-11-27 21:58:26</startdate>
<round>1</round>
<failsafecounter/>
<players><player seat="10" name="KOPKHUNKRAP" chips="575" dealer="0" win="70" bet="35" muck="0" rebuy="0" addon="0" merge="0" rebuychips="0" reg_code="5076075990"/>
<player seat="6" name="deIduKA" chips="925" dealer="1" win="0" bet="35" muck="1" rebuy="0" addon="0" merge="0" rebuychips="0" reg_code="5076074176"/>
</players>
</general>
<round no="0"><action no="1" player="deIduKA" type="15" discard="1" dealt="1" sum="5"/>
<action no="2" player="KOPKHUNKRAP" type="15" sum="5"/>
<action no="3" player="deIduKA" type="1" discard="1" dealt="1" sum="15"/>
<action no="4" player="KOPKHUNKRAP" type="2" sum="30"/>
</round>
<round no="1"><cards type="Pocket" player="deIduKA">S4 CA</cards>
<cards type="Pocket" player="KOPKHUNKRAP">C8 D2</cards>
<action no="5" player="deIduKA" type="3" discard="1" dealt="1" sum="15"/>
<action no="6" player="KOPKHUNKRAP" type="4" sum="0"/>
</round>
<round no="2"><cards type="Flop">DK D6 DJ</cards>
<action no="7" player="KOPKHUNKRAP" type="4" sum="0"/>
<action no="8" player="deIduKA" type="4" discard="1" dealt="1" sum="0"/>
</round>
<round no="3"><cards type="Turn">S8</cards>
<action no="9" player="KOPKHUNKRAP" type="4" sum="0"/>
<action no="10" player="deIduKA" type="4" discard="1" dealt="1" sum="0"/>
</round>
<round no="4"><cards type="River">S9</cards>
<action no="11" player="KOPKHUNKRAP" type="4" sum="0"/>
<action no="12" player="deIduKA" type="4" discard="1" dealt="1" sum="0"/>
</round>
</game>
<game gamecode="6542846811"><general><startdate>2025-11-27 21:59:04</startdate>
<round>1</round>
<failsafecounter/>
<players><player seat="6" name="deIduKA" chips="890" dealer="0" win="90" bet="125" muck="1" rebuy="0" addon="0" merge="0" rebuychips="0" reg_code="5076074176"/>
<player seat="10" name="KOPKHUNKRAP" chips="610" dealer="1" win="0" bet="45" muck="1" rebuy="0" addon="0" merge="0" rebuychips="0" reg_code="5076075990"/>
</players>
</general>
<round no="0"><action no="1" player="KOPKHUNKRAP" type="15" sum="5"/>
<action no="2" player="deIduKA" type="15" discard="1" dealt="1" sum="5"/>
<action no="3" player="KOPKHUNKRAP" type="1" sum="20"/>
<action no="4" player="deIduKA" type="2" discard="1" dealt="1" sum="40"/>
</round>
<round no="1"><cards type="Pocket" player="KOPKHUNKRAP">D3 S4</cards>
<cards type="Pocket" player="deIduKA">X X</cards>
<action no="5" player="KOPKHUNKRAP" type="3" sum="20"/>
<action no="6" player="deIduKA" type="23" discard="1" dealt="1" sum="120"/>
<action no="7" player="KOPKHUNKRAP" type="0" sum="0"/>
</round>
</game>
<game gamecode="6542846871"><general><startdate>2025-11-27 21:59:21</startdate>
<round>1</round>
<failsafecounter/>
<players><player seat="10" name="KOPKHUNKRAP" chips="565" dealer="0" win="0" bet="565" muck="0" rebuy="0" addon="0" merge="0" rebuychips="0" reg_code="5076075990"/>
<player seat="6" name="deIduKA" chips="935" dealer="1" win="1,130" bet="565" muck="0" rebuy="0" addon="0" merge="0" rebuychips="0" reg_code="5076074176"/>
</players>
</general>
<round no="0"><action no="1" player="deIduKA" type="15" discard="1" dealt="1" sum="5"/>
<action no="2" player="KOPKHUNKRAP" type="15" sum="5"/>
<action no="3" player="deIduKA" type="1" discard="1" dealt="1" sum="20"/>
<action no="4" player="KOPKHUNKRAP" type="2" sum="40"/>
</round>
<round no="1"><cards type="Pocket" player="deIduKA">SA S3</cards>
<cards type="Pocket" player="KOPKHUNKRAP">SK SJ</cards>
<action no="5" player="deIduKA" type="3" discard="1" dealt="1" sum="20"/>
<action no="6" player="KOPKHUNKRAP" type="23" sum="120"/>
<action no="7" player="deIduKA" type="3" discard="1" dealt="1" sum="80"/>
</round>
<round no="2"><cards type="Flop">H9 DA D4</cards>
<action no="8" player="KOPKHUNKRAP" type="5" sum="60"/>
<action no="9" player="deIduKA" type="3" discard="1" dealt="1" sum="60"/>
</round>
<round no="3"><cards type="Turn">C10</cards>
<action no="10" player="KOPKHUNKRAP" type="5" sum="380"/>
<action no="11" player="deIduKA" type="3" discard="1" dealt="1" sum="380"/>
</round>
<round no="4"><cards type="River">D10</cards>
</round>
</game>
</session>
