<?xml version="1.0" encoding="UTF-8"?>
<session sessioncode="5076516308">
<general>
<client_version>25.7.1.34</client_version>
<mode>real</mode>
<gametype>Holdem NL</gametype>
<tablename>Twister €100 SNG, 822675124</tablename>
<tournamentcode>822675123</tournamentcode>
<tournamentname>Twister €100 SNG</tournamentname>
<buyin>€0 + €7 + €93</buyin>
<totalbuyin>€100</totalbuyin>
<rewarddrawn>€200</rewarddrawn>
<tournamentcurrency>EUR</tournamentcurrency>
<currency>EUR</currency>
<nickname>KOPKHUNKRAP</nickname>
<gamecount>25</gamecount>
<startdate>2025-11-29 13:54:22</startdate>
<place>2</place>
<win>€0</win>
<tablesize>3</tablesize>
</general>
<game gamecode="6544235200"><general><startdate>2025-11-29 13:54:37</startdate>
<round>1</round>
<failsafecounter/>
<players><player seat="10" name="Tomorrow381" chips="500" dealer="0" win="268" bet="129" muck="0" rebuy="0" addon="0" merge="0" rebuychips="0" reg_code="5076516536"/>
<player seat="3" name="KOPKHUNKRAP" chips="500" dealer="1" win="0" bet="129" muck="1" rebuy="0" addon="0" merge="0" rebuychips="0" reg_code="5076516308"/>
<player seat="6" name="L1mltless" chips="500" dealer="0" win="0" bet="10" muck="1" rebuy="0" addon="0" merge="0" rebuychips="0" reg_code="5076516346"/>
</players>
</general>
<round no="0"><action no="1" player="L1mltless" type="1" discard="1" dealt="1" sum="10"/>
<action no="2" player="Tomorrow381" type="2" discard="1" dealt="1" sum="20"/>
</round>
<round no="1"><cards type="Pocket" player="KOPKHUNKRAP">CJ C9</cards>
<cards type="Pocket" player="L1mltless">X X</cards>
<cards type="Pocket" player="Tomorrow381">D5 CA</cards>
<action no="3" player="KOPKHUNKRAP" type="23" sum="40"/>
<action no="4" player="L1mltless" type="0" discard="1" dealt="1" sum="0"/>
<action no="5" player="Tomorrow381" type="3" discard="1" dealt="1" sum="20"/>
</round>
<round no="2"><cards type="Flop">SJ H4 SA</cards>
<action no="6" player="Tomorrow381" type="4" discard="1" dealt="1" sum="0"/>
<action no="7" player="KOPKHUNKRAP" type="5" sum="29"/>
<action no="8" player="Tomorrow381" type="3" discard="1" dealt="1" sum="29"/>
</round>
<round no="3"><cards type="Turn">S10</cards>
<action no="9" player="Tomorrow381" type="4" discard="1" dealt="1" sum="0"/>
<action no="10" player="KOPKHUNKRAP" type="5" sum="60"/>
<action no="11" player="Tomorrow381" type="3" discard="1" dealt="1" sum="60"/>
</round>
<round no="4"><cards type="River">C3</cards>
<action no="12" player="Tomorrow381" type="4" discard="1" dealt="1" sum="0"/>
<action no="13" player="KOPKHUNKRAP" type="4" sum="0"/>
</round>
</game>
<game gamecode="6544235258"><general><startdate>2025-11-29 13:55:12</startdate>
<round>1</round>
<failsafecounter/>
<players><player seat="3" name="KOPKHUNKRAP" chips="371" dealer="0" win="0" bet="20" muck="1" rebuy="0" addon="0" merge="0" rebuychips="0" reg_code="5076516308"/>
<player seat="6" name="L1mltless" chips="490" dealer="1" win="0" bet="0" muck="1" rebuy="0" addon="0" merge="0" rebuychips="0" reg_code="5076516346"/>
<player seat="10" name="Tomorrow381" chips="639" dealer="0" win="40" bet="50" muck="1" rebuy="0" addon="0" merge="0" rebuychips="0" reg_code="5076516536"/>
</players>
</general>
<round no="0"><action no="1" player="Tomorrow381" type="1" discard="1" dealt="1" sum="10"/>
<action no="2" player="KOPKHUNKRAP" type="2" sum="20"/>
</round>
<round no="1"><cards type="Pocket" player="L1mltless">X X</cards>
<cards type="Pocket" player="KOPKHUNKRAP">C4 D2</cards>
<cards type="Pocket" player="Tomorrow381">X X</cards>
<action no="3" player="L1mltless" type="0" discard="1" dealt="1" sum="0"/>
<action no="4" player="Tomorrow381" type="3" discard="1" dealt="1" sum="10"/>
<action no="5" player="KOPKHUNKRAP" type="4" sum="0"/>
</round>
<round no="2"><cards type="Flop">SJ S7 S2</cards>
<action no="6" player="Tomorrow381" type="4" discard="1" dealt="1" sum="0"/>
<action no="7" player="KOPKHUNKRAP" type="4" sum="0"/>
</round>
<round no="3"><cards type="Turn">H5</cards>
<action no="8" player="Tomorrow381" type="5" discard="1" dealt="1" sum="30"/>
<action no="9" player="KOPKHUNKRAP" type="0" sum="0"/>
</round>
</game>
<game gamecode="6544235314"><general><startdate>2025-11-29 13:55:45</startdate>
<round>1</round>
<failsafecounter/>
<players><player seat="6" name="L1mltless" chips="490" dealer="0" win="0" bet="351" muck="1" rebuy="0" addon="0" merge="0" rebuychips="0" reg_code="5076516346"/>
<player seat="10" name="Tomorrow381" chips="659" dealer="1" win="0" bet="0" muck="1" rebuy="0" addon="0" merge="0" rebuychips="0" reg_code="5076516536"/>
<player seat="3" name="KOPKHUNKRAP" chips="351" dealer="0" win="702" bet="351" muck="0" rebuy="0" addon="0" merge="0" rebuychips="0" reg_code="5076516308"/>
</players>
</general>
<round no="0"><action no="1" player="KOPKHUNKRAP" type="1" sum="10"/>
<action no="2" player="L1mltless" type="2" discard="1" dealt="1" sum="20"/>
</round>
<round no="1"><cards type="Pocket" player="L1mltless">SA HK</cards>
<cards type="Pocket" player="KOPKHUNKRAP">CA S5</cards>
<cards type="Pocket" player="Tomorrow381">X X</cards>
<action no="3" player="Tomorrow381" type="0" discard="1" dealt="1" sum="0"/>
<action no="4" player="KOPKHUNKRAP" type="23" sum="351"/>
<action no="5" player="L1mltless" type="3" discard="1" dealt="1" sum="331"/>
</round>
<round no="2"><cards type="Flop">H7 C8 D5</cards>
</round>
<round no="3"><cards type="Turn">D8</cards>
</round>
<round no="4"><cards type="River">C5</cards>
</round>
</game>
<game gamecode="6544235354"><general><startdate>2025-11-29 13:56:05</startdate>
<round>1</round>
<failsafecounter/>
<players><player seat="10" name="Tomorrow381" chips="659" dealer="0" win="0" bet="20" muck="1" rebuy="0" addon="0" merge="0" rebuychips="0" reg_code="5076516536"/>
<player seat="3" name="KOPKHUNKRAP" chips="702" dealer="1" win="0" bet="0" muck="1" rebuy="0" addon="0" merge="0" rebuychips="0" reg_code="5076516308"/>
<player seat="6" name="L1mltless" chips="139" dealer="0" win="40" bet="139" muck="1" rebuy="0" addon="0" merge="0" rebuychips="0" reg_code="5076516346"/>
</players>
</general>
<round no="0"><action no="1" player="L1mltless" type="1" discard="1" dealt="1" sum="10"/>
<action no="2" player="Tomorrow381" type="2" discard="1" dealt="1" sum="20"/>
</round>
<round no="1"><cards type="Pocket" player="Tomorrow381">X X</cards>
<cards type="Pocket" player="KOPKHUNKRAP">DQ H7</cards>
<cards type="Pocket" player="L1mltless">X X</cards>
<action no="3" player="KOPKHUNKRAP" type="0" sum="0"/>
<action no="4" player="L1mltless" type="23" discard="1" dealt="1" sum="139"/>
<action no="5" player="Tomorrow381" type="0" discard="1" dealt="1" sum="0"/>
</round>
</game>
<game gamecode="6544235371"><general><startdate>2025-11-29 13:56:14</startdate>
<round>1</round>
<failsafecounter/>
<players><player seat="3" name="KOPKHUNKRAP" chips="702" dealer="0" win="0" bet="20" muck="1" rebuy="0" addon="0" merge="0" rebuychips="0" reg_code="5076516308"/>
<player seat="6" name="L1mltless" chips="159" dealer="1" win="50" bet="159" muck="1" rebuy="0" addon="0" merge="0" rebuychips="0" reg_code="5076516346"/>
<player seat="10" name="Tomorrow381" chips="639" dealer="0" win="0" bet="10" muck="1" rebuy="0" addon="0" merge="0" rebuychips="0" reg_code="5076516536"/>
</players>
</general>
<round no="0"><action no="1" player="Tomorrow381" type="1" discard="1" dealt="1" sum="10"/>
<action no="2" player="KOPKHUNKRAP" type="2" sum="20"/>
</round>
<round no="1"><cards type="Pocket" player="Tomorrow381">X X</cards>
<cards type="Pocket" player="L1mltless">X X</cards>
<cards type="Pocket" player="KOPKHUNKRAP">S4 D8</cards>
<action no="3" player="L1mltless" type="23" discard="1" dealt="1" sum="159"/>
<action no="4" player="Tomorrow381" type="0" discard="1" dealt="1" sum="0"/>
<action no="5" player="KOPKHUNKRAP" type="0" sum="0"/>
</round>
</game>
<game gamecode="6544235394"><general><startdate>2025-11-29 13:56:23</startdate>
<round>1</round>
<failsafecounter/>
<players><player seat="6" name="L1mltless" chips="189" dealer="0" win="45" bet="35" muck="1" rebuy="0" addon="0" merge="0" rebuychips="0" reg_code="5076516346"/>
<player seat="10" name="Tomorrow381" chips="629" dealer="1" win="0" bet="5" muck="1" rebuy="0" addon="0" merge="0" rebuychips="0" reg_code="5076516536"/>
<player seat="3" name="KOPKHUNKRAP" chips="682" dealer="0" win="0" bet="20" muck="1" rebuy="0" addon="0" merge="0" rebuychips="0" reg_code="5076516308"/>
</players>
</general>
<round no="0"><action no="1" player="KOPKHUNKRAP" type="15" sum="5"/>
<action no="2" player="L1mltless" type="15" discard="1" dealt="1" sum="5"/>
<action no="3" player="Tomorrow381" type="15" discard="1" dealt="1" sum="5"/>
<action no="4" player="KOPKHUNKRAP" type="1" sum="15"/>
<action no="5" player="L1mltless" type="2" discard="1" dealt="1" sum="30"/>
</round>
<round no="1"><cards type="Pocket" player="Tomorrow381">X X</cards>
<cards type="Pocket" player="KOPKHUNKRAP">S2 C7</cards>
<cards type="Pocket" player="L1mltless">X X</cards>
<action no="6" player="Tomorrow381" type="0" discard="1" dealt="1" sum="0"/>
<action no="7" player="KOPKHUNKRAP" type="0" sum="0"/>
</round>
</game>
<game gamecode="6544235411"><general><startdate>2025-11-29 13:56:32</startdate>
<round>1</round>
<failsafecounter/>
<players><player seat="10" name="Tomorrow381" chips="624" dealer="0" win="45" bet="35" muck="1" rebuy="0" addon="0" merge="0" rebuychips="0" reg_code="5076516536"/>
<player seat="3" name="KOPKHUNKRAP" chips="662" dealer="1" win="0" bet="5" muck="1" rebuy="0" addon="0" merge="0" rebuychips="0" reg_code="5076516308"/>
<player seat="6" name="L1mltless" chips="214" dealer="0" win="0" bet="20" muck="1" rebuy="0" addon="0" merge="0" rebuychips="0" reg_code="5076516346"/>
</players>
</general>
<round no="0"><action no="1" player="L1mltless" type="15" discard="1" dealt="1" sum="5"/>
<action no="2" player="Tomorrow381" type="15" discard="1" dealt="1" sum="5"/>
<action no="3" player="KOPKHUNKRAP" type="15" sum="5"/>
<action no="4" player="L1mltless" type="1" discard="1" dealt="1" sum="15"/>
<action no="5" player="Tomorrow381" type="2" discard="1" dealt="1" sum="30"/>
</round>
<round no="1"><cards type="Pocket" player="L1mltless">X X</cards>
<cards type="Pocket" player="KOPKHUNKRAP">D8 D5</cards>
<cards type="Pocket" player="Tomorrow381">X X</cards>
<action no="6" player="KOPKHUNKRAP" type="0" sum="0"/>
<action no="7" player="L1mltless" type="0" discard="1" dealt="1" sum="0"/>
</round>
</game>
<game gamecode="6544235425"><general><startdate>2025-11-29 13:56:38</startdate>
<round>1</round>
<failsafecounter/>
<players><player seat="3" name="KOPKHUNKRAP" chips="657" dealer="0" win="0" bet="35" muck="1" rebuy="0" addon="0" merge="0" rebuychips="0" reg_code="5076516308"/>
<player seat="6" name="L1mltless" chips="194" dealer="1" win="0" bet="5" muck="1" rebuy="0" addon="0" merge="0" rebuychips="0" reg_code="5076516346"/>
<player seat="10" name="Tomorrow381" chips="649" dealer="0" win="75" bet="80" muck="1" rebuy="0" addon="0" merge="0" rebuychips="0" reg_code="5076516536"/>
</players>
</general>
<round no="0"><action no="1" player="Tomorrow381" type="15" discard="1" dealt="1" sum="5"/>
<action no="2" player="KOPKHUNKRAP" type="15" sum="5"/>
<action no="3" player="L1mltless" type="15" discard="1" dealt="1" sum="5"/>
<action no="4" player="Tomorrow381" type="1" discard="1" dealt="1" sum="15"/>
<action no="5" player="KOPKHUNKRAP" type="2" sum="30"/>
</round>
<round no="1"><cards type="Pocket" player="KOPKHUNKRAP">H9 H3</cards>
<cards type="Pocket" player="Tomorrow381">X X</cards>
<cards type="Pocket" player="L1mltless">X X</cards>
<action no="6" player="L1mltless" type="0" discard="1" dealt="1" sum="0"/>
<action no="7" player="Tomorrow381" type="23" discard="1" dealt="1" sum="75"/>
<action no="8" player="KOPKHUNKRAP" type="0" sum="0"/>
</round>
</game>
<game gamecode="6544235461"><general><startdate>2025-11-29 13:56:55</startdate>
<round>1</round>
<failsafecounter/>
<players><player seat="6" name="L1mltless" chips="189" dealer="0" win="0" bet="35" muck="1" rebuy="0" addon="0" merge="0" rebuychips="0" reg_code="5076516346"/>
<player seat="10" name="Tomorrow381" chips="689" dealer="1" win="90" bet="65" muck="1" rebuy="0" addon="0" merge="0" rebuychips="0" reg_code="5076516536"/>
<player seat="3" name="KOPKHUNKRAP" chips="622" dealer="0" win="0" bet="20" muck="1" rebuy="0" addon="0" merge="0" rebuychips="0" reg_code="5076516308"/>
</players>
</general>
<round no="0"><action no="1" player="KOPKHUNKRAP" type="15" sum="5"/>
<action no="2" player="L1mltless" type="15" discard="1" dealt="1" sum="5"/>
<action no="3" player="Tomorrow381" type="15" discard="1" dealt="1" sum="5"/>
<action no="4" player="KOPKHUNKRAP" type="1" sum="15"/>
<action no="5" player="L1mltless" type="2" discard="1" dealt="1" sum="30"/>
</round>
<round no="1"><cards type="Pocket" player="Tomorrow381">X X</cards>
<cards type="Pocket" player="KOPKHUNKRAP">S8 S5</cards>
<cards type="Pocket" player="L1mltless">X X</cards>
<action no="6" player="Tomorrow381" type="23" discard="1" dealt="1" sum="60"/>
<action no="7" player="KOPKHUNKRAP" type="0" sum="0"/>
<action no="8" player="L1mltless" type="0" discard="1" dealt="1" sum="0"/>
</round>
</game>
<game gamecode="6544235484"><general><startdate>2025-11-29 13:57:06</startdate>
<round>1</round>
<failsafecounter/>
<players><player seat="10" name="Tomorrow381" chips="744" dealer="0" win="0" bet="154" muck="1" rebuy="0" addon="0" merge="0" rebuychips="0" reg_code="5076516536"/>
<player seat="3" name="KOPKHUNKRAP" chips="602" dealer="1" win="0" bet="5" muck="1" rebuy="0" addon="0" merge="0" rebuychips="0" reg_code="5076516308"/>
<player seat="6" name="L1mltless" chips="154" dealer="0" win="313" bet="154" muck="0" rebuy="0" addon="0" merge="0" rebuychips="0" reg_code="5076516346"/>
</players>
</general>
<round no="0"><action no="1" player="L1mltless" type="15" discard="1" dealt="1" sum="5"/>
<action no="2" player="Tomorrow381" type="15" discard="1" dealt="1" sum="5"/>
<action no="3" player="KOPKHUNKRAP" type="15" sum="5"/>
<action no="4" player="L1mltless" type="1" discard="1" dealt="1" sum="15"/>
<action no="5" player="Tomorrow381" type="2" discard="1" dealt="1" sum="30"/>
</round>
<round no="1"><cards type="Pocket" player="L1mltless">S4 DK</cards>
<cards type="Pocket" player="Tomorrow381">C3 CK</cards>
<cards type="Pocket" player="KOPKHUNKRAP">H3 CQ</cards>
<action no="6" player="KOPKHUNKRAP" type="0" sum="0"/>
<action no="7" player="L1mltless" type="23" discard="1" dealt="1" sum="149"/>
<action no="8" player="Tomorrow381" type="3" discard="1" dealt="1" sum="119"/>
</round>
<round no="2"><cards type="Flop">DA H10 C4</cards>
</round>
<round no="3"><cards type="Turn">D8</cards>
</round>
<round no="4"><cards type="River">S9</cards>
</round>
</game>
<game gamecode="6544235525"><general><startdate>2025-11-29 13:57:22</startdate>
<round>1</round>
<failsafecounter/>
<players><player seat="3" name="KOPKHUNKRAP" chips="597" dealer="0" win="0" bet="35" muck="1" rebuy="0" addon="0" merge="0" rebuychips="0" reg_code="5076516308"/>
<player seat="6" name="L1mltless" chips="313" dealer="1" win="0" bet="5" muck="1" rebuy="0" addon="0" merge="0" rebuychips="0" reg_code="5076516346"/>
<player seat="10" name="Tomorrow381" chips="590" dealer="0" win="75" bet="80" muck="1" rebuy="0" addon="0" merge="0" rebuychips="0" reg_code="5076516536"/>
</players>
</general>
<round no="0"><action no="1" player="Tomorrow381" type="15" discard="1" dealt="1" sum="5"/>
<action no="2" player="KOPKHUNKRAP" type="15" sum="5"/>
<action no="3" player="L1mltless" type="15" discard="1" dealt="1" sum="5"/>
<action no="4" player="Tomorrow381" type="1" discard="1" dealt="1" sum="15"/>
<action no="5" player="KOPKHUNKRAP" type="2" sum="30"/>
</round>
<round no="1"><cards type="Pocket" player="Tomorrow381">X X</cards>
<cards type="Pocket" player="KOPKHUNKRAP">D6 CQ</cards>
<cards type="Pocket" player="L1mltless">X X</cards>
<action no="6" player="L1mltless" type="0" discard="1" dealt="1" sum="0"/>
<action no="7" player="Tomorrow381" type="23" discard="1" dealt="1" sum="75"/>
<action no="8" player="KOPKHUNKRAP" type="0" sum="0"/>
</round>
</game>
<game gamecode="6544235543"><general><startdate>2025-11-29 13:57:33</startdate>
<round>1</round>
<failsafecounter/>
<players><player seat="6" name="L1mltless" chips="308" dealer="0" win="0" bet="35" muck="1" rebuy="0" addon="0" merge="0" rebuychips="0" reg_code="5076516346"/>
<player seat="10" name="Tomorrow381" chips="630" dealer="1" win="90" bet="65" muck="1" rebuy="0" addon="0" merge="0" rebuychips="0" reg_code="5076516536"/>
<player seat="3" name="KOPKHUNKRAP" chips="562" dealer="0" win="0" bet="20" muck="1" rebuy="0" addon="0" merge="0" rebuychips="0" reg_code="5076516308"/>
</players>
</general>
<round no="0"><action no="1" player="KOPKHUNKRAP" type="15" sum="5"/>
<action no="2" player="L1mltless" type="15" discard="1" dealt="1" sum="5"/>
<action no="3" player="Tomorrow381" type="15" discard="1" dealt="1" sum="5"/>
<action no="4" player="KOPKHUNKRAP" type="1" sum="15"/>
<action no="5" player="L1mltless" type="2" discard="1" dealt="1" sum="30"/>
</round>
<round no="1"><cards type="Pocket" player="L1mltless">X X</cards>
<cards type="Pocket" player="KOPKHUNKRAP">S2 H3</cards>
<cards type="Pocket" player="Tomorrow381">X X</cards>
<action no="6" player="Tomorrow381" type="23" discard="1" dealt="1" sum="60"/>
<action no="7" player="KOPKHUNKRAP" type="0" sum="0"/>
<action no="8" player="L1mltless" type="0" discard="1" dealt="1" sum="0"/>
</round>
</game>
<game gamecode="6544235568"><general><startdate>2025-11-29 13:57:44</startdate>
<round>1</round>
<failsafecounter/>
<players><player seat="10" name="Tomorrow381" chips="685" dealer="0" win="45" bet="35" muck="1" rebuy="0" addon="0" merge="0" rebuychips="0" reg_code="5076516536"/>
<player seat="3" name="KOPKHUNKRAP" chips="542" dealer="1" win="0" bet="5" muck="1" rebuy="0" addon="0" merge="0" rebuychips="0" reg_code="5076516308"/>
<player seat="6" name="L1mltless" chips="273" dealer="0" win="0" bet="20" muck="1" rebuy="0" addon="0" merge="0" rebuychips="0" reg_code="5076516346"/>
</players>
</general>
<round no="0"><action no="1" player="L1mltless" type="15" discard="1" dealt="1" sum="5"/>
<action no="2" player="Tomorrow381" type="15" discard="1" dealt="1" sum="5"/>
<action no="3" player="KOPKHUNKRAP" type="15" sum="5"/>
<action no="4" player="L1mltless" type="1" discard="1" dealt="1" sum="15"/>
<action no="5" player="Tomorrow381" type="2" discard="1" dealt="1" sum="30"/>
</round>
<round no="1"><cards type="Pocket" player="Tomorrow381">X X</cards>
<cards type="Pocket" player="L1mltless">X X</cards>
<cards type="Pocket" player="KOPKHUNKRAP">HJ H3</cards>
<action no="6" player="KOPKHUNKRAP" type="0" sum="0"/>
<action no="7" player="L1mltless" type="0" discard="1" dealt="1" sum="0"/>
</round>
</game>
<game gamecode="6544239520"><general><startdate>2025-11-29 13:57:51</startdate>
<round>1</round>
<failsafecounter/>
<players><player seat="3" name="KOPKHUNKRAP" chips="537" dealer="0" win="526" bet="253" muck="0" rebuy="0" addon="0" merge="0" rebuychips="0" reg_code="5076516308"/>
<player seat="6" name="L1mltless" chips="253" dealer="1" win="0" bet="253" muck="0" rebuy="0" addon="0" merge="0" rebuychips="0" reg_code="5076516346"/>
<player seat="10" name="Tomorrow381" chips="710" dealer="0" win="0" bet="20" muck="1" rebuy="0" addon="0" merge="0" rebuychips="0" reg_code="5076516536"/>
</players>
</general>
<round no="0"><action no="1" player="Tomorrow381" type="15" discard="1" dealt="1" sum="5"/>
<action no="2" player="KOPKHUNKRAP" type="15" sum="5"/>
<action no="3" player="L1mltless" type="15" discard="1" dealt="1" sum="5"/>
<action no="4" player="Tomorrow381" type="1" discard="1" dealt="1" sum="15"/>
<action no="5" player="KOPKHUNKRAP" type="2" sum="30"/>
</round>
<round no="1"><cards type="Pocket" player="L1mltless">HA HJ</cards>
<cards type="Pocket" player="Tomorrow381">X X</cards>
<cards type="Pocket" player="KOPKHUNKRAP">DA S7</cards>
<action no="6" player="L1mltless" type="23" discard="1" dealt="1" sum="248"/>
<action no="7" player="Tomorrow381" type="0" discard="1" dealt="1" sum="0"/>
<action no="8" player="KOPKHUNKRAP" type="3" sum="218"/>
</round>
<round no="2"><cards type="Flop">D3 D7 C7</cards>
</round>
<round no="3"><cards type="Turn">D9</cards>
</round>
<round no="4"><cards type="River">SQ</cards>
</round>
</game>
<game gamecode="6544239557"><general><startdate>2025-11-29 13:58:10</startdate>
<round>1</round>
<failsafecounter/>
<players><player seat="3" name="KOPKHUNKRAP" chips="810" dealer="0" win="0" bet="810" muck="0" rebuy="0" addon="0" merge="0" rebuychips="0" reg_code="5076516308"/>
<player seat="10" name="Tomorrow381" chips="690" dealer="1" win="1,380" bet="690" muck="0" rebuy="0" addon="0" merge="0" rebuychips="0" reg_code="5076516536"/>
</players>
</general>
<round no="0"><action no="1" player="Tomorrow381" type="15" discard="1" dealt="1" sum="5"/>
<action no="2" player="KOPKHUNKRAP" type="15" sum="5"/>
<action no="3" player="Tomorrow381" type="1" discard="1" dealt="1" sum="20"/>
<action no="4" player="KOPKHUNKRAP" type="2" sum="40"/>
</round>
<round no="1"><cards type="Pocket" player="Tomorrow381">DK SQ</cards>
<cards type="Pocket" player="KOPKHUNKRAP">C4 D4</cards>
<action no="5" player="Tomorrow381" type="23" discard="1" dealt="1" sum="80"/>
<action no="6" player="KOPKHUNKRAP" type="23" sum="805"/>
<action no="7" player="Tomorrow381" type="7" discard="1" dealt="1" sum="605"/>
</round>
<round no="2"><cards type="Flop">HK HQ D2</cards>
</round>
<round no="3"><cards type="Turn">H7</cards>
</round>
<round no="4"><cards type="River">CQ</cards>
</round>
</game>
<game gamecode="6544239591"><general><startdate>2025-11-29 13:58:28</startdate>
<round>1</round>
<failsafecounter/>
<players><player seat="10" name="Tomorrow381" chips="1,380" dealer="0" win="0" bet="120" muck="1" rebuy="0" addon="0" merge="0" rebuychips="0" reg_code="5076516536"/>
<player seat="3" name="KOPKHUNKRAP" chips="120" dealer="1" win="240" bet="120" muck="0" rebuy="0" addon="0" merge="0" rebuychips="0" reg_code="5076516308"/>
</players>
</general>
<round no="0"><action no="1" player="KOPKHUNKRAP" type="15" sum="5"/>
<action no="2" player="Tomorrow381" type="15" discard="1" dealt="1" sum="5"/>
<action no="3" player="KOPKHUNKRAP" type="1" sum="20"/>
<action no="4" player="Tomorrow381" type="2" discard="1" dealt="1" sum="40"/>
</round>
<round no="1"><cards type="Pocket" player="Tomorrow381">D9 C4</cards>
<cards type="Pocket" player="KOPKHUNKRAP">C7 HQ</cards>
<action no="5" player="KOPKHUNKRAP" type="23" sum="115"/>
<action no="6" player="Tomorrow381" type="3" discard="1" dealt="1" sum="75"/>
</round>
<round no="2"><cards type="Flop">SK H5 C5</cards>
</round>
<round no="3"><cards type="Turn">SQ</cards>
</round>
<round no="4"><cards type="River">H7</cards>
</round>
</game>
<game gamecode="6544239615"><general><startdate>2025-11-29 13:58:43</startdate>
<round>1</round>
<failsafecounter/>
<players><player seat="3" name="KOPKHUNKRAP" chips="240" dealer="0" win="50" bet="45" muck="1" rebuy="0" addon="0" merge="0" rebuychips="0" reg_code="5076516308"/>
<player seat="10" name="Tomorrow381" chips="1,260" dealer="1" win="0" bet="25" muck="1" rebuy="0" addon="0" merge="0" rebuychips="0" reg_code="5076516536"/>
</players>
</general>
<round no="0"><action no="1" player="Tomorrow381" type="15" discard="1" dealt="1" sum="5"/>
<action no="2" player="KOPKHUNKRAP" type="15" sum="5"/>
<action no="3" player="Tomorrow381" type="1" discard="1" dealt="1" sum="20"/>
<action no="4" player="KOPKHUNKRAP" type="2" sum="40"/>
</round>
<round no="1"><cards type="Pocket" player="KOPKHUNKRAP">S9 H2</cards>
<cards type="Pocket" player="Tomorrow381">X X</cards>
<action no="5" player="Tomorrow381" type="0" discard="1" dealt="1" sum="0"/>
</round>
</game>
<game gamecode="6544239621"><general><startdate>2025-11-29 13:58:48</startdate>
<round>1</round>
<failsafecounter/>
<players><player seat="10" name="Tomorrow381" chips="1,235" dealer="0" win="50" bet="45" muck="1" rebuy="0" addon="0" merge="0" rebuychips="0" reg_code="5076516536"/>
<player seat="3" name="KOPKHUNKRAP" chips="265" dealer="1" win="0" bet="25" muck="1" rebuy="0" addon="0" merge="0" rebuychips="0" reg_code="5076516308"/>
</players>
</general>
<round no="0"><action no="1" player="KOPKHUNKRAP" type="15" sum="5"/>
<action no="2" player="Tomorrow381" type="15" discard="1" dealt="1" sum="5"/>
<action no="3" player="KOPKHUNKRAP" type="1" sum="20"/>
<action no="4" player="Tomorrow381" type="2" discard="1" dealt="1" sum="40"/>
</round>
<round no="1"><cards type="Pocket" player="Tomorrow381">X X</cards>
<cards type="Pocket" player="KOPKHUNKRAP">D5 S10</cards>
<action no="5" player="KOPKHUNKRAP" type="0" sum="0"/>
</round>
</game>
<game gamecode="6544239636"><general><startdate>2025-11-29 13:58:57</startdate>
<round>1</round>
<failsafecounter/>
<players><player seat="3" name="KOPKHUNKRAP" chips="240" dealer="0" win="480" bet="240" muck="0" rebuy="0" addon="0" merge="0" rebuychips="0" reg_code="5076516308"/>
<player seat="10" name="Tomorrow381" chips="1,260" dealer="1" win="0" bet="1,260" muck="1" rebuy="0" addon="0" merge="0" rebuychips="0" reg_code="5076516536"/>
</players>
</general>
<round no="0"><action no="1" player="Tomorrow381" type="15" discard="1" dealt="1" sum="5"/>
<action no="2" player="KOPKHUNKRAP" type="15" sum="5"/>
<action no="3" player="Tomorrow381" type="1" discard="1" dealt="1" sum="20"/>
<action no="4" player="KOPKHUNKRAP" type="2" sum="40"/>
</round>
<round no="1"><cards type="Pocket" player="Tomorrow381">H6 H8</cards>
<cards type="Pocket" player="KOPKHUNKRAP">C4 D4</cards>
<action no="5" player="Tomorrow381" type="23" discard="1" dealt="1" sum="1,255"/>
<action no="6" player="KOPKHUNKRAP" type="7" sum="195"/>
</round>
<round no="2"><cards type="Flop">S5 SJ CA</cards>
</round>
<round no="3"><cards type="Turn">D3</cards>
</round>
<round no="4"><cards type="River">D9</cards>
</round>
</game>
<game gamecode="6544239662"><general><startdate>2025-11-29 13:59:11</startdate>
<round>1</round>
<failsafecounter/>
<players><player seat="10" name="Tomorrow381" chips="1,020" dealer="0" win="0" bet="45" muck="1" rebuy="0" addon="0" merge="0" rebuychips="0" reg_code="5076516536"/>
<player seat="3" name="KOPKHUNKRAP" chips="480" dealer="1" win="90" bet="85" muck="1" rebuy="0" addon="0" merge="0" rebuychips="0" reg_code="5076516308"/>
</players>
</general>
<round no="0"><action no="1" player="KOPKHUNKRAP" type="15" sum="5"/>
<action no="2" player="Tomorrow381" type="15" discard="1" dealt="1" sum="5"/>
<action no="3" player="KOPKHUNKRAP" type="1" sum="20"/>
<action no="4" player="Tomorrow381" type="2" discard="1" dealt="1" sum="40"/>
</round>
<round no="1"><cards type="Pocket" player="Tomorrow381">X X</cards>
<cards type="Pocket" player="KOPKHUNKRAP">D3 CK</cards>
<action no="5" player="KOPKHUNKRAP" type="3" sum="20"/>
<action no="6" player="Tomorrow381" type="4" discard="1" dealt="1" sum="0"/>
</round>
<round no="2"><cards type="Flop">SK H3 S6</cards>
<action no="7" player="Tomorrow381" type="4" discard="1" dealt="1" sum="0"/>
<action no="8" player="KOPKHUNKRAP" type="5" sum="40"/>
<action no="9" player="Tomorrow381" type="0" discard="1" dealt="1" sum="0"/>
</round>
</game>
<game gamecode="6544239690"><general><startdate>2025-11-29 13:59:24</startdate>
<round>1</round>
<failsafecounter/>
<players><player seat="3" name="KOPKHUNKRAP" chips="525" dealer="0" win="370" bet="525" muck="1" rebuy="0" addon="0" merge="0" rebuychips="0" reg_code="5076516308"/>
<player seat="10" name="Tomorrow381" chips="975" dealer="1" win="0" bet="185" muck="1" rebuy="0" addon="0" merge="0" rebuychips="0" reg_code="5076516536"/>
</players>
</general>
<round no="0"><action no="1" player="Tomorrow381" type="15" discard="1" dealt="1" sum="5"/>
<action no="2" player="KOPKHUNKRAP" type="15" sum="5"/>
<action no="3" player="Tomorrow381" type="1" discard="1" dealt="1" sum="20"/>
<action no="4" player="KOPKHUNKRAP" type="2" sum="40"/>
</round>
<round no="1"><cards type="Pocket" player="Tomorrow381">X X</cards>
<cards type="Pocket" player="KOPKHUNKRAP">S6 C4</cards>
<action no="5" player="Tomorrow381" type="3" discard="1" dealt="1" sum="20"/>
<action no="6" player="KOPKHUNKRAP" type="4" sum="0"/>
</round>
<round no="2"><cards type="Flop">D4 H4 S4</cards>
<action no="7" player="KOPKHUNKRAP" type="4" sum="0"/>
<action no="8" player="Tomorrow381" type="5" discard="1" dealt="1" sum="40"/>
<action no="9" player="KOPKHUNKRAP" type="3" sum="40"/>
</round>
<round no="3"><cards type="Turn">H2</cards>
<action no="10" player="KOPKHUNKRAP" type="4" sum="0"/>
<action no="11" player="Tomorrow381" type="4" discard="1" dealt="1" sum="0"/>
</round>
<round no="4"><cards type="River">C6</cards>
<action no="12" player="KOPKHUNKRAP" type="4" sum="0"/>
<action no="13" player="Tomorrow381" type="5" discard="1" dealt="1" sum="100"/>
<action no="14" player="KOPKHUNKRAP" type="23" sum="440"/>
<action no="15" player="Tomorrow381" type="0" discard="1" dealt="1" sum="0"/>
</round>
</game>
<game gamecode="6544239743"><general><startdate>2025-11-29 13:59:50</startdate>
<round>1</round>
<failsafecounter/>
<players><player seat="10" name="Tomorrow381" chips="790" dealer="0" win="0" bet="65" muck="1" rebuy="0" addon="0" merge="0" rebuychips="0" reg_code="5076516536"/>
<player seat="3" name="KOPKHUNKRAP" chips="710" dealer="1" win="130" bet="710" muck="1" rebuy="0" addon="0" merge="0" rebuychips="0" reg_code="5076516308"/>
</players>
</general>
<round no="0"><action no="1" player="KOPKHUNKRAP" type="15" sum="5"/>
<action no="2" player="Tomorrow381" type="15" discard="1" dealt="1" sum="5"/>
<action no="3" player="KOPKHUNKRAP" type="1" sum="30"/>
<action no="4" player="Tomorrow381" type="2" discard="1" dealt="1" sum="60"/>
</round>
<round no="1"><cards type="Pocket" player="KOPKHUNKRAP">H4 S4</cards>
<cards type="Pocket" player="Tomorrow381">X X</cards>
<action no="5" player="KOPKHUNKRAP" type="23" sum="705"/>
<action no="6" player="Tomorrow381" type="0" discard="1" dealt="1" sum="0"/>
</round>
</game>
<game gamecode="6544239753"><general><startdate>2025-11-29 13:59:57</startdate>
<round>1</round>
<failsafecounter/>
<players><player seat="3" name="KOPKHUNKRAP" chips="775" dealer="0" win="0" bet="65" muck="1" rebuy="0" addon="0" merge="0" rebuychips="0" reg_code="5076516308"/>
<player seat="10" name="Tomorrow381" chips="725" dealer="1" win="130" bet="155" muck="1" rebuy="0" addon="0" merge="0" rebuychips="0" reg_code="5076516536"/>
</players>
</general>
<round no="0"><action no="1" player="Tomorrow381" type="15" discard="1" dealt="1" sum="5"/>
<action no="2" player="KOPKHUNKRAP" type="15" sum="5"/>
<action no="3" player="Tomorrow381" type="1" discard="1" dealt="1" sum="30"/>
<action no="4" player="KOPKHUNKRAP" type="2" sum="60"/>
</round>
<round no="1"><cards type="Pocket" player="KOPKHUNKRAP">C10 D5</cards>
<cards type="Pocket" player="Tomorrow381">X X</cards>
<action no="5" player="Tomorrow381" type="3" discard="1" dealt="1" sum="30"/>
<action no="6" player="KOPKHUNKRAP" type="4" sum="0"/>
</round>
<round no="2"><cards type="Flop">S8 C3 D6</cards>
<action no="7" player="KOPKHUNKRAP" type="4" sum="0"/>
<action no="8" player="Tomorrow381" type="4" discard="1" dealt="1" sum="0"/>
</round>
<round no="3"><cards type="Turn">CQ</cards>
<action no="9" player="KOPKHUNKRAP" type="4" sum="0"/>
<action no="10" player="Tomorrow381" type="5" discard="1" dealt="1" sum="90"/>
<action no="11" player="KOPKHUNKRAP" type="0" sum="0"/>
</round>
</game>
<game gamecode="6544239786"><general><startdate>2025-11-29 14:00:11</startdate>
<round>1</round>
<failsafecounter/>
<players><player seat="10" name="Tomorrow381" chips="790" dealer="0" win="130" bet="790" muck="1" rebuy="0" addon="0" merge="0" rebuychips="0" reg_code="5076516536"/>
<player seat="3" name="KOPKHUNKRAP" chips="710" dealer="1" win="0" bet="65" muck="1" rebuy="0" addon="0" merge="0" rebuychips="0" reg_code="5076516308"/>
</players>
</general>
<round no="0"><action no="1" player="KOPKHUNKRAP" type="15" sum="5"/>
<action no="2" player="Tomorrow381" type="15" discard="1" dealt="1" sum="5"/>
<action no="3" player="KOPKHUNKRAP" type="1" sum="30"/>
<action no="4" player="Tomorrow381" type="2" discard="1" dealt="1" sum="60"/>
</round>
<round no="1"><cards type="Pocket" player="Tomorrow381">X X</cards>
<cards type="Pocket" player="KOPKHUNKRAP">S3 C7</cards>
<action no="5" player="KOPKHUNKRAP" type="3" sum="30"/>
<action no="6" player="Tomorrow381" type="23" discard="1" dealt="1" sum="785"/>
<action no="7" player="KOPKHUNKRAP" type="0" sum="0"/>
</round>
</game>
<game gamecode="6544239801"><general><startdate>2025-11-29 14:00:19</startdate>
<round>1</round>
<failsafecounter/>
<players><player seat="3" name="KOPKHUNKRAP" chips="645" dealer="0" win="0" bet="645" muck="0" rebuy="0" addon="0" merge="0" rebuychips="0" reg_code="5076516308"/>
<player seat="10" name="Tomorrow381" chips="855" dealer="1" win="1,290" bet="855" muck="0" rebuy="0" addon="0" merge="0" rebuychips="0" reg_code="5076516536"/>
</players>
</general>
<round no="0"><action no="1" player="Tomorrow381" type="15" discard="1" dealt="1" sum="5"/>
<action no="2" player="KOPKHUNKRAP" type="15" sum="5"/>
<action no="3" player="Tomorrow381" type="1" discard="1" dealt="1" sum="30"/>
<action no="4" player="KOPKHUNKRAP" type="2" sum="60"/>
</round>
<round no="1"><cards type="Pocket" player="KOPKHUNKRAP">C10 C4</cards>
<cards type="Pocket" player="Tomorrow381">S9 C9</cards>
<action no="5" player="Tomorrow381" type="3" discard="1" dealt="1" sum="30"/>
<action no="6" player="KOPKHUNKRAP" type="4" sum="0"/>
</round>
<round no="2"><cards type="Flop">S6 D10 D4</cards>
<action no="7" player="KOPKHUNKRAP" type="4" sum="0"/>
<action no="8" player="Tomorrow381" type="4" discard="1" dealt="1" sum="0"/>
</round>
<round no="3"><cards type="Turn">D9</cards>
<action no="9" player="KOPKHUNKRAP" type="5" sum="180"/>
<action no="10" player="Tomorrow381" type="23" discard="1" dealt="1" sum="790"/>
<action no="11" player="KOPKHUNKRAP" type="7" sum="400"/>
</round>
<round no="4"><cards type="River">S3</cards>
</round>
</game>
</session>
