<?xml version="1.0" encoding="UTF-8"?>
<session sessioncode="5076514184">
<general>
<client_version>25.7.1.34</client_version>
<mode>real</mode>
<gametype>Holdem NL</gametype>
<tablename>Twister €100 SNG, 822673674</tablename>
<tournamentcode>822673673</tournamentcode>
<tournamentname>Twister €100 SNG</tournamentname>
<buyin>€0 + €7 + €93</buyin>
<totalbuyin>€100</totalbuyin>
<rewarddrawn>€200</rewarddrawn>
<tournamentcurrency>EUR</tournamentcurrency>
<currency>EUR</currency>
<nickname>KOPKHUNKRAP</nickname>
<gamecount>6</gamecount>
<startdate>2025-11-29 13:44:30</startdate>
<place>2</place>
<win>€0</win>
<tablesize>3</tablesize>
</general>
<game gamecode="6544229592"><general><startdate>2025-11-29 13:44:45</startdate>
<round>1</round>
<failsafecounter/>
<players><player seat="10" name="flavix888" chips="500" dealer="0" win="90" bet="103" muck="1" rebuy="0" addon="0" merge="0" rebuychips="0" reg_code="5076514744"/>
<player seat="3" name="KOPKHUNKRAP" chips="500" dealer="1" win="0" bet="40" muck="1" rebuy="0" addon="0" merge="0" rebuychips="0" reg_code="5076514184"/>
<player seat="6" name="77jac" chips="500" dealer="0" win="0" bet="10" muck="1" rebuy="0" addon="0" merge="0" rebuychips="0" reg_code="5076514702"/>
</players>
</general>
<round no="0"><action no="1" player="77jac" type="1" discard="1" dealt="1" sum="10"/>
<action no="2" player="flavix888" type="2" discard="1" dealt="1" sum="20"/>
</round>
<round no="1"><cards type="Pocket" player="flavix888">X X</cards>
<cards type="Pocket" player="KOPKHUNKRAP">C10 HQ</cards>
<cards type="Pocket" player="77jac">X X</cards>
<action no="3" player="KOPKHUNKRAP" type="23" sum="40"/>
<action no="4" player="77jac" type="0" discard="1" dealt="1" sum="0"/>
<action no="5" player="flavix888" type="3" discard="1" dealt="1" sum="20"/>
</round>
<round no="2"><cards type="Flop">S8 S3 S7</cards>
<action no="6" player="flavix888" type="5" discard="1" dealt="1" sum="63"/>
<action no="7" player="KOPKHUNKRAP" type="0" sum="0"/>
</round>
</game>
<game gamecode="6544229633"><general><startdate>2025-11-29 13:45:08</startdate>
<round>1</round>
<failsafecounter/>
<players><player seat="3" name="KOPKHUNKRAP" chips="460" dealer="0" win="0" bet="40" muck="1" rebuy="0" addon="0" merge="0" rebuychips="0" reg_code="5076514184"/>
<player seat="6" name="77jac" chips="490" dealer="1" win="600" bet="280" muck="0" rebuy="0" addon="0" merge="0" rebuychips="0" reg_code="5076514702"/>
<player seat="10" name="flavix888" chips="550" dealer="0" win="0" bet="280" muck="1" rebuy="0" addon="0" merge="0" rebuychips="0" reg_code="5076514744"/>
</players>
</general>
<round no="0"><action no="1" player="flavix888" type="1" discard="1" dealt="1" sum="10"/>
<action no="2" player="KOPKHUNKRAP" type="2" sum="20"/>
</round>
<round no="1"><cards type="Pocket" player="flavix888">C5 C8</cards>
<cards type="Pocket" player="77jac">H6 H4</cards>
<cards type="Pocket" player="KOPKHUNKRAP">C9 C4</cards>
<action no="3" player="77jac" type="23" discard="1" dealt="1" sum="40"/>
<action no="4" player="flavix888" type="3" discard="1" dealt="1" sum="30"/>
<action no="5" player="KOPKHUNKRAP" type="3" sum="20"/>
</round>
<round no="2"><cards type="Flop">H5 H7 DQ</cards>
<action no="6" player="flavix888" type="5" discard="1" dealt="1" sum="40"/>
<action no="7" player="KOPKHUNKRAP" type="0" sum="0"/>
<action no="8" player="77jac" type="3" discard="1" dealt="1" sum="40"/>
</round>
<round no="3"><cards type="Turn">H3</cards>
<action no="9" player="flavix888" type="4" discard="1" dealt="1" sum="0"/>
<action no="10" player="77jac" type="4" discard="1" dealt="1" sum="0"/>
</round>
<round no="4"><cards type="River">D2</cards>
<action no="11" player="flavix888" type="4" discard="1" dealt="1" sum="0"/>
<action no="12" player="77jac" type="5" discard="1" dealt="1" sum="200"/>
<action no="13" player="flavix888" type="3" discard="1" dealt="1" sum="200"/>
</round>
</game>
<game gamecode="6544229697"><general><startdate>2025-11-29 13:45:44</startdate>
<round>1</round>
<failsafecounter/>
<players><player seat="6" name="77jac" chips="810" dealer="0" win="160" bet="240" muck="1" rebuy="0" addon="0" merge="0" rebuychips="0" reg_code="5076514702"/>
<player seat="10" name="flavix888" chips="270" dealer="1" win="0" bet="0" muck="1" rebuy="0" addon="0" merge="0" rebuychips="0" reg_code="5076514744"/>
<player seat="3" name="KOPKHUNKRAP" chips="420" dealer="0" win="0" bet="80" muck="1" rebuy="0" addon="0" merge="0" rebuychips="0" reg_code="5076514184"/>
</players>
</general>
<round no="0"><action no="1" player="KOPKHUNKRAP" type="1" sum="10"/>
<action no="2" player="77jac" type="2" discard="1" dealt="1" sum="20"/>
</round>
<round no="1"><cards type="Pocket" player="flavix888">X X</cards>
<cards type="Pocket" player="77jac">X X</cards>
<cards type="Pocket" player="KOPKHUNKRAP">C4 C9</cards>
<action no="3" player="flavix888" type="0" discard="1" dealt="1" sum="0"/>
<action no="4" player="KOPKHUNKRAP" type="3" sum="10"/>
<action no="5" player="77jac" type="4" discard="1" dealt="1" sum="0"/>
</round>
<round no="2"><cards type="Flop">C3 DK C8</cards>
<action no="6" player="KOPKHUNKRAP" type="5" sum="20"/>
<action no="7" player="77jac" type="23" discard="1" dealt="1" sum="40"/>
<action no="8" player="KOPKHUNKRAP" type="3" sum="20"/>
</round>
<round no="3"><cards type="Turn">D5</cards>
<action no="9" player="KOPKHUNKRAP" type="4" sum="0"/>
<action no="10" player="77jac" type="5" discard="1" dealt="1" sum="20"/>
<action no="11" player="KOPKHUNKRAP" type="3" sum="20"/>
</round>
<round no="4"><cards type="River">S9</cards>
<action no="12" player="KOPKHUNKRAP" type="4" sum="0"/>
<action no="13" player="77jac" type="5" discard="1" dealt="1" sum="160"/>
<action no="14" player="KOPKHUNKRAP" type="0" sum="0"/>
</round>
</game>
<game gamecode="6544229741"><general><startdate>2025-11-29 13:46:09</startdate>
<round>1</round>
<failsafecounter/>
<players><player seat="10" name="flavix888" chips="270" dealer="0" win="0" bet="270" muck="0" rebuy="0" addon="0" merge="0" rebuychips="0" reg_code="5076514744"/>
<player seat="3" name="KOPKHUNKRAP" chips="340" dealer="1" win="550" bet="270" muck="0" rebuy="0" addon="0" merge="0" rebuychips="0" reg_code="5076514184"/>
<player seat="6" name="77jac" chips="890" dealer="0" win="0" bet="10" muck="1" rebuy="0" addon="0" merge="0" rebuychips="0" reg_code="5076514702"/>
</players>
</general>
<round no="0"><action no="1" player="77jac" type="1" discard="1" dealt="1" sum="10"/>
<action no="2" player="flavix888" type="2" discard="1" dealt="1" sum="20"/>
</round>
<round no="1"><cards type="Pocket" player="flavix888">CK SQ</cards>
<cards type="Pocket" player="KOPKHUNKRAP">DK HK</cards>
<cards type="Pocket" player="77jac">X X</cards>
<action no="3" player="KOPKHUNKRAP" type="23" sum="40"/>
<action no="4" player="77jac" type="0" discard="1" dealt="1" sum="0"/>
<action no="5" player="flavix888" type="23" discard="1" dealt="1" sum="270"/>
<action no="6" player="KOPKHUNKRAP" type="3" sum="230"/>
</round>
<round no="2"><cards type="Flop">D7 C8 H5</cards>
</round>
<round no="3"><cards type="Turn">S5</cards>
</round>
<round no="4"><cards type="River">D4</cards>
</round>
</game>
<game gamecode="6544229783"><general><startdate>2025-11-29 13:46:28</startdate>
<round>1</round>
<failsafecounter/>
<players><player seat="3" name="KOPKHUNKRAP" chips="620" dealer="0" win="0" bet="35" muck="1" rebuy="0" addon="0" merge="0" rebuychips="0" reg_code="5076514184"/>
<player seat="6" name="77jac" chips="880" dealer="1" win="70" bet="65" muck="1" rebuy="0" addon="0" merge="0" rebuychips="0" reg_code="5076514702"/>
</players>
</general>
<round no="0"><action no="1" player="77jac" type="15" discard="1" dealt="1" sum="5"/>
<action no="2" player="KOPKHUNKRAP" type="15" sum="5"/>
<action no="3" player="77jac" type="1" discard="1" dealt="1" sum="15"/>
<action no="4" player="KOPKHUNKRAP" type="2" sum="30"/>
</round>
<round no="1"><cards type="Pocket" player="77jac">X X</cards>
<cards type="Pocket" player="KOPKHUNKRAP">H7 C3</cards>
<action no="5" player="77jac" type="3" discard="1" dealt="1" sum="15"/>
<action no="6" player="KOPKHUNKRAP" type="4" sum="0"/>
</round>
<round no="2"><cards type="Flop">SK HA DJ</cards>
<action no="7" player="KOPKHUNKRAP" type="4" sum="0"/>
<action no="8" player="77jac" type="5" discard="1" dealt="1" sum="30"/>
<action no="9" player="KOPKHUNKRAP" type="0" sum="0"/>
</round>
</game>
<game gamecode="6544229820"><general><startdate>2025-11-29 13:46:44</startdate>
<round>1</round>
<failsafecounter/>
<players><player seat="6" name="77jac" chips="915" dealer="0" win="1,170" bet="585" muck="0" rebuy="0" addon="0" merge="0" rebuychips="0" reg_code="5076514702"/>
<player seat="3" name="KOPKHUNKRAP" chips="585" dealer="1" win="0" bet="585" muck="0" rebuy="0" addon="0" merge="0" rebuychips="0" reg_code="5076514184"/>
</players>
</general>
<round no="0"><action no="1" player="KOPKHUNKRAP" type="15" sum="5"/>
<action no="2" player="77jac" type="15" discard="1" dealt="1" sum="5"/>
<action no="3" player="KOPKHUNKRAP" type="1" sum="15"/>
<action no="4" player="77jac" type="2" discard="1" dealt="1" sum="30"/>
</round>
<round no="1"><cards type="Pocket" player="KOPKHUNKRAP">H3 S3</cards>
<cards type="Pocket" player="77jac">HA SA</cards>
<action no="5" player="KOPKHUNKRAP" type="23" sum="580"/>
<action no="6" player="77jac" type="3" discard="1" dealt="1" sum="550"/>
</round>
<round no="2"><cards type="Flop">CQ C4 H6</cards>
</round>
<round no="3"><cards type="Turn">CK</cards>
</round>
<round no="4"><cards type="River">S8</cards>
</round>
</game>
</session>
