<?xml version="1.0" encoding="UTF-8"?>
<session sessioncode="5081259254">
<general>
<client_version>25.7.1.50</client_version>
<mode>real</mode>
<gametype>Holdem NL</gametype>
<tablename>Twister €100 SNG, 824053627</tablename>
<tournamentcode>824053626</tournamentcode>
<tournamentname>Twister €100 SNG</tournamentname>
<buyin>€0 + €7 + €93</buyin>
<totalbuyin>€100</totalbuyin>
<rewarddrawn>€200</rewarddrawn>
<tournamentcurrency>EUR</tournamentcurrency>
<currency>EUR</currency>
<nickname>M1ky3ste92</nickname>
<gamecount>13</gamecount>
<startdate>2025-12-17 19:16:17</startdate>
<place>3</place>
<win>€0</win>
<tablesize>3</tablesize>
</general>
<game gamecode="6562013458"><general>
<startdate>2025-12-17 19:16:33</startdate>
<round>1</round>
<failsafecounter/>
<players><player seat="10" name="Carlettopix" chips="500" dealer="0" win="20" bet="20" muck="1" rebuy="0" addon="0" merge="0" rebuychips="0" reg_code="5081259258"/>
<player seat="3" name="Tiuualex" chips="500" dealer="1" win="0" bet="0" muck="1" rebuy="0" addon="0" merge="0" rebuychips="0" reg_code="5081258299"/>
<player seat="6" name="M1ky3ste92" chips="500" dealer="0" win="0" bet="10" muck="1" rebuy="0" addon="0" merge="0" rebuychips="0" reg_code="5081259254"/>
</players>
</general>
<round no="0"><action no="1" player="M1ky3ste92" type="1" sum="10"/>
<action no="2" player="Carlettopix" type="2" discard="1" dealt="1" sum="20"/>
</round>
<round no="1"><cards type="Pocket" player="Tiuualex">X X</cards>
<cards type="Pocket" player="Carlettopix">X X</cards>
<cards type="Pocket" player="M1ky3ste92">SQ D3</cards>
<action no="3" player="Tiuualex" type="0" discard="1" dealt="1" sum="0"/>
<action no="4" player="M1ky3ste92" type="0" sum="0"/>
</round>
</game>
<game gamecode="6562013489"><general>
<startdate>2025-12-17 19:16:45</startdate>
<round>1</round>
<failsafecounter/>
<players><player seat="3" name="Tiuualex" chips="500" dealer="0" win="0" bet="20" muck="1" rebuy="0" addon="0" merge="0" rebuychips="0" reg_code="5081258299"/>
<player seat="6" name="M1ky3ste92" chips="490" dealer="1" win="0" bet="0" muck="1" rebuy="0" addon="0" merge="0" rebuychips="0" reg_code="5081259254"/>
<player seat="10" name="Carlettopix" chips="510" dealer="0" win="40" bet="40" muck="1" rebuy="0" addon="0" merge="0" rebuychips="0" reg_code="5081259258"/>
</players>
</general>
<round no="0"><action no="1" player="Carlettopix" type="1" discard="1" dealt="1" sum="10"/>
<action no="2" player="Tiuualex" type="2" discard="1" dealt="1" sum="20"/>
</round>
<round no="1"><cards type="Pocket" player="Tiuualex">X X</cards>
<cards type="Pocket" player="Carlettopix">X X</cards>
<cards type="Pocket" player="M1ky3ste92">S2 CK</cards>
<action no="3" player="M1ky3ste92" type="0" sum="0"/>
<action no="4" player="Carlettopix" type="23" discard="1" dealt="1" sum="40"/>
<action no="5" player="Tiuualex" type="0" discard="1" dealt="1" sum="0"/>
</round>
</game>
<game gamecode="6562013534"><general>
<startdate>2025-12-17 19:16:59</startdate>
<round>1</round>
<failsafecounter/>
<players><player seat="6" name="M1ky3ste92" chips="490" dealer="0" win="0" bet="20" muck="1" rebuy="0" addon="0" merge="0" rebuychips="0" reg_code="5081259254"/>
<player seat="10" name="Carlettopix" chips="530" dealer="1" win="50" bet="40" muck="1" rebuy="0" addon="0" merge="0" rebuychips="0" reg_code="5081259258"/>
<player seat="3" name="Tiuualex" chips="480" dealer="0" win="0" bet="10" muck="1" rebuy="0" addon="0" merge="0" rebuychips="0" reg_code="5081258299"/>
</players>
</general>
<round no="0"><action no="1" player="Tiuualex" type="1" discard="1" dealt="1" sum="10"/>
<action no="2" player="M1ky3ste92" type="2" sum="20"/>
</round>
<round no="1"><cards type="Pocket" player="Carlettopix">X X</cards>
<cards type="Pocket" player="Tiuualex">X X</cards>
<cards type="Pocket" player="M1ky3ste92">H10 S7</cards>
<action no="3" player="Carlettopix" type="23" discard="1" dealt="1" sum="40"/>
<action no="4" player="Tiuualex" type="0" discard="1" dealt="1" sum="0"/>
<action no="5" player="M1ky3ste92" type="0" sum="0"/>
</round>
</game>
<game gamecode="6562013562"><general>
<startdate>2025-12-17 19:17:12</startdate>
<round>1</round>
<failsafecounter/>
<players><player seat="10" name="Carlettopix" chips="560" dealer="0" win="20" bet="20" muck="1" rebuy="0" addon="0" merge="0" rebuychips="0" reg_code="5081259258"/>
<player seat="3" name="Tiuualex" chips="470" dealer="1" win="0" bet="0" muck="1" rebuy="0" addon="0" merge="0" rebuychips="0" reg_code="5081258299"/>
<player seat="6" name="M1ky3ste92" chips="470" dealer="0" win="0" bet="10" muck="1" rebuy="0" addon="0" merge="0" rebuychips="0" reg_code="5081259254"/>
</players>
</general>
<round no="0"><action no="1" player="M1ky3ste92" type="1" sum="10"/>
<action no="2" player="Carlettopix" type="2" discard="1" dealt="1" sum="20"/>
</round>
<round no="1"><cards type="Pocket" player="Carlettopix">X X</cards>
<cards type="Pocket" player="M1ky3ste92">C9 S2</cards>
<cards type="Pocket" player="Tiuualex">X X</cards>
<action no="3" player="Tiuualex" type="0" discard="1" dealt="1" sum="0"/>
<action no="4" player="M1ky3ste92" type="0" sum="0"/>
</round>
</game>
<game gamecode="6562013589"><general>
<startdate>2025-12-17 19:17:21</startdate>
<round>1</round>
<failsafecounter/>
<players><player seat="3" name="Tiuualex" chips="470" dealer="0" win="280" bet="470" muck="1" rebuy="0" addon="0" merge="0" rebuychips="0" reg_code="5081258299"/>
<player seat="6" name="M1ky3ste92" chips="460" dealer="1" win="0" bet="0" muck="1" rebuy="0" addon="0" merge="0" rebuychips="0" reg_code="5081259254"/>
<player seat="10" name="Carlettopix" chips="570" dealer="0" win="0" bet="140" muck="1" rebuy="0" addon="0" merge="0" rebuychips="0" reg_code="5081259258"/>
</players>
</general>
<round no="0"><action no="1" player="Carlettopix" type="1" discard="1" dealt="1" sum="10"/>
<action no="2" player="Tiuualex" type="2" discard="1" dealt="1" sum="20"/>
</round>
<round no="1"><cards type="Pocket" player="Carlettopix">X X</cards>
<cards type="Pocket" player="Tiuualex">X X</cards>
<cards type="Pocket" player="M1ky3ste92">C10 H9</cards>
<action no="3" player="M1ky3ste92" type="0" sum="0"/>
<action no="4" player="Carlettopix" type="3" discard="1" dealt="1" sum="10"/>
<action no="5" player="Tiuualex" type="23" discard="1" dealt="1" sum="60"/>
<action no="6" player="Carlettopix" type="3" discard="1" dealt="1" sum="40"/>
</round>
<round no="2"><cards type="Flop">S7 CK D9</cards>
<action no="7" player="Carlettopix" type="4" discard="1" dealt="1" sum="0"/>
<action no="8" player="Tiuualex" type="4" discard="1" dealt="1" sum="0"/>
</round>
<round no="3"><cards type="Turn">C5</cards>
<action no="9" player="Carlettopix" type="5" discard="1" dealt="1" sum="20"/>
<action no="10" player="Tiuualex" type="3" discard="1" dealt="1" sum="20"/>
</round>
<round no="4"><cards type="River">C9</cards>
<action no="11" player="Carlettopix" type="5" discard="1" dealt="1" sum="60"/>
<action no="12" player="Tiuualex" type="23" discard="1" dealt="1" sum="390"/>
<action no="13" player="Carlettopix" type="0" discard="1" dealt="1" sum="0"/>
</round>
</game>
<game gamecode="6562019496"><general>
<startdate>2025-12-17 19:17:48</startdate>
<round>1</round>
<failsafecounter/>
<players><player seat="6" name="M1ky3ste92" chips="460" dealer="0" win="0" bet="20" muck="1" rebuy="0" addon="0" merge="0" rebuychips="0" reg_code="5081259254"/>
<player seat="10" name="Carlettopix" chips="430" dealer="1" win="50" bet="40" muck="1" rebuy="0" addon="0" merge="0" rebuychips="0" reg_code="5081259258"/>
<player seat="3" name="Tiuualex" chips="610" dealer="0" win="0" bet="10" muck="1" rebuy="0" addon="0" merge="0" rebuychips="0" reg_code="5081258299"/>
</players>
</general>
<round no="0"><action no="1" player="Tiuualex" type="1" discard="1" dealt="1" sum="10"/>
<action no="2" player="M1ky3ste92" type="2" sum="20"/>
</round>
<round no="1"><cards type="Pocket" player="Carlettopix">X X</cards>
<cards type="Pocket" player="Tiuualex">X X</cards>
<cards type="Pocket" player="M1ky3ste92">S5 S3</cards>
<action no="3" player="Carlettopix" type="3" discard="1" dealt="1" sum="20"/>
<action no="4" player="Tiuualex" type="0" discard="1" dealt="1" sum="0"/>
<action no="5" player="M1ky3ste92" type="4" sum="0"/>
</round>
<round no="2"><cards type="Flop">CQ C6 DJ</cards>
<action no="6" player="M1ky3ste92" type="4" sum="0"/>
<action no="7" player="Carlettopix" type="5" discard="1" dealt="1" sum="20"/>
<action no="8" player="M1ky3ste92" type="0" sum="0"/>
</round>
</game>
<game gamecode="6562019548"><general>
<startdate>2025-12-17 19:18:06</startdate>
<round>1</round>
<failsafecounter/>
<players><player seat="10" name="Carlettopix" chips="460" dealer="0" win="0" bet="20" muck="1" rebuy="0" addon="0" merge="0" rebuychips="0" reg_code="5081259258"/>
<player seat="3" name="Tiuualex" chips="600" dealer="1" win="0" bet="0" muck="1" rebuy="0" addon="0" merge="0" rebuychips="0" reg_code="5081258299"/>
<player seat="6" name="M1ky3ste92" chips="440" dealer="0" win="40" bet="40" muck="1" rebuy="0" addon="0" merge="0" rebuychips="0" reg_code="5081259254"/>
</players>
</general>
<round no="0"><action no="1" player="M1ky3ste92" type="1" sum="10"/>
<action no="2" player="Carlettopix" type="2" discard="1" dealt="1" sum="20"/>
</round>
<round no="1"><cards type="Pocket" player="Carlettopix">X X</cards>
<cards type="Pocket" player="M1ky3ste92">C8 C7</cards>
<cards type="Pocket" player="Tiuualex">X X</cards>
<action no="3" player="Tiuualex" type="0" discard="1" dealt="1" sum="0"/>
<action no="4" player="M1ky3ste92" type="23" sum="40"/>
<action no="5" player="Carlettopix" type="0" discard="1" dealt="1" sum="0"/>
</round>
</game>
<game gamecode="6562019578"><general>
<startdate>2025-12-17 19:18:15</startdate>
<round>1</round>
<failsafecounter/>
<players><player seat="3" name="Tiuualex" chips="600" dealer="0" win="0" bet="35" muck="1" rebuy="0" addon="0" merge="0" rebuychips="0" reg_code="5081258299"/>
<player seat="6" name="M1ky3ste92" chips="460" dealer="1" win="90" bet="65" muck="1" rebuy="0" addon="0" merge="0" rebuychips="0" reg_code="5081259254"/>
<player seat="10" name="Carlettopix" chips="440" dealer="0" win="0" bet="20" muck="1" rebuy="0" addon="0" merge="0" rebuychips="0" reg_code="5081259258"/>
</players>
</general>
<round no="0"><action no="1" player="Carlettopix" type="15" discard="1" dealt="1" sum="5"/>
<action no="2" player="Tiuualex" type="15" discard="1" dealt="1" sum="5"/>
<action no="3" player="M1ky3ste92" type="15" sum="5"/>
<action no="4" player="Carlettopix" type="1" discard="1" dealt="1" sum="15"/>
<action no="5" player="Tiuualex" type="2" discard="1" dealt="1" sum="30"/>
</round>
<round no="1"><cards type="Pocket" player="M1ky3ste92">C3 DA</cards>
<cards type="Pocket" player="Carlettopix">X X</cards>
<cards type="Pocket" player="Tiuualex">X X</cards>
<action no="6" player="M1ky3ste92" type="23" sum="60"/>
<action no="7" player="Carlettopix" type="0" discard="1" dealt="1" sum="0"/>
<action no="8" player="Tiuualex" type="0" discard="1" dealt="1" sum="0"/>
</round>
</game>
<game gamecode="6562019598"><general>
<startdate>2025-12-17 19:18:24</startdate>
<round>1</round>
<failsafecounter/>
<players><player seat="6" name="M1ky3ste92" chips="515" dealer="0" win="0" bet="35" muck="1" rebuy="0" addon="0" merge="0" rebuychips="0" reg_code="5081259254"/>
<player seat="10" name="Carlettopix" chips="420" dealer="1" win="0" bet="65" muck="1" rebuy="0" addon="0" merge="0" rebuychips="0" reg_code="5081259258"/>
<player seat="3" name="Tiuualex" chips="565" dealer="0" win="165" bet="565" muck="1" rebuy="0" addon="0" merge="0" rebuychips="0" reg_code="5081258299"/>
</players>
</general>
<round no="0"><action no="1" player="Tiuualex" type="15" discard="1" dealt="1" sum="5"/>
<action no="2" player="M1ky3ste92" type="15" sum="5"/>
<action no="3" player="Carlettopix" type="15" discard="1" dealt="1" sum="5"/>
<action no="4" player="Tiuualex" type="1" discard="1" dealt="1" sum="15"/>
<action no="5" player="M1ky3ste92" type="2" sum="30"/>
</round>
<round no="1"><cards type="Pocket" player="M1ky3ste92">S2 D3</cards>
<cards type="Pocket" player="Carlettopix">X X</cards>
<cards type="Pocket" player="Tiuualex">X X</cards>
<action no="6" player="Carlettopix" type="23" discard="1" dealt="1" sum="60"/>
<action no="7" player="Tiuualex" type="23" discard="1" dealt="1" sum="560"/>
<action no="8" player="M1ky3ste92" type="0" sum="0"/>
<action no="9" player="Carlettopix" type="0" discard="1" dealt="1" sum="0"/>
</round>
</game>
<game gamecode="6562019638"><general>
<startdate>2025-12-17 19:18:39</startdate>
<round>1</round>
<failsafecounter/>
<players><player seat="10" name="Carlettopix" chips="355" dealer="0" win="0" bet="35" muck="1" rebuy="0" addon="0" merge="0" rebuychips="0" reg_code="5081259258"/>
<player seat="3" name="Tiuualex" chips="665" dealer="1" win="90" bet="665" muck="1" rebuy="0" addon="0" merge="0" rebuychips="0" reg_code="5081258299"/>
<player seat="6" name="M1ky3ste92" chips="480" dealer="0" win="0" bet="20" muck="1" rebuy="0" addon="0" merge="0" rebuychips="0" reg_code="5081259254"/>
</players>
</general>
<round no="0"><action no="1" player="M1ky3ste92" type="15" sum="5"/>
<action no="2" player="Carlettopix" type="15" discard="1" dealt="1" sum="5"/>
<action no="3" player="Tiuualex" type="15" discard="1" dealt="1" sum="5"/>
<action no="4" player="M1ky3ste92" type="1" sum="15"/>
<action no="5" player="Carlettopix" type="2" discard="1" dealt="1" sum="30"/>
</round>
<round no="1"><cards type="Pocket" player="Carlettopix">X X</cards>
<cards type="Pocket" player="Tiuualex">X X</cards>
<cards type="Pocket" player="M1ky3ste92">DK S8</cards>
<action no="6" player="Tiuualex" type="23" discard="1" dealt="1" sum="660"/>
<action no="7" player="M1ky3ste92" type="0" sum="0"/>
<action no="8" player="Carlettopix" type="0" discard="1" dealt="1" sum="0"/>
</round>
</game>
<game gamecode="6562019663"><general>
<startdate>2025-12-17 19:18:48</startdate>
<round>1</round>
<failsafecounter/>
<players><player seat="3" name="Tiuualex" chips="720" dealer="0" win="45" bet="35" muck="1" rebuy="0" addon="0" merge="0" rebuychips="0" reg_code="5081258299"/>
<player seat="6" name="M1ky3ste92" chips="460" dealer="1" win="0" bet="5" muck="1" rebuy="0" addon="0" merge="0" rebuychips="0" reg_code="5081259254"/>
<player seat="10" name="Carlettopix" chips="320" dealer="0" win="0" bet="20" muck="1" rebuy="0" addon="0" merge="0" rebuychips="0" reg_code="5081259258"/>
</players>
</general>
<round no="0"><action no="1" player="Carlettopix" type="15" discard="1" dealt="1" sum="5"/>
<action no="2" player="Tiuualex" type="15" discard="1" dealt="1" sum="5"/>
<action no="3" player="M1ky3ste92" type="15" sum="5"/>
<action no="4" player="Carlettopix" type="1" discard="1" dealt="1" sum="15"/>
<action no="5" player="Tiuualex" type="2" discard="1" dealt="1" sum="30"/>
</round>
<round no="1"><cards type="Pocket" player="M1ky3ste92">H8 C9</cards>
<cards type="Pocket" player="Tiuualex">X X</cards>
<cards type="Pocket" player="Carlettopix">X X</cards>
<action no="6" player="M1ky3ste92" type="0" sum="0"/>
<action no="7" player="Carlettopix" type="0" discard="1" dealt="1" sum="0"/>
</round>
</game>
<game gamecode="6562019683"><general>
<startdate>2025-12-17 19:18:55</startdate>
<round>1</round>
<failsafecounter/>
<players><player seat="6" name="M1ky3ste92" chips="455" dealer="0" win="0" bet="35" muck="1" rebuy="0" addon="0" merge="0" rebuychips="0" reg_code="5081259254"/>
<player seat="10" name="Carlettopix" chips="300" dealer="1" win="0" bet="35" muck="1" rebuy="0" addon="0" merge="0" rebuychips="0" reg_code="5081259258"/>
<player seat="3" name="Tiuualex" chips="745" dealer="0" win="105" bet="745" muck="1" rebuy="0" addon="0" merge="0" rebuychips="0" reg_code="5081258299"/>
</players>
</general>
<round no="0"><action no="1" player="Tiuualex" type="15" discard="1" dealt="1" sum="5"/>
<action no="2" player="M1ky3ste92" type="15" sum="5"/>
<action no="3" player="Carlettopix" type="15" discard="1" dealt="1" sum="5"/>
<action no="4" player="Tiuualex" type="1" discard="1" dealt="1" sum="15"/>
<action no="5" player="M1ky3ste92" type="2" sum="30"/>
</round>
<round no="1"><cards type="Pocket" player="Carlettopix">X X</cards>
<cards type="Pocket" player="M1ky3ste92">C10 C4</cards>
<cards type="Pocket" player="Tiuualex">X X</cards>
<action no="6" player="Carlettopix" type="3" discard="1" dealt="1" sum="30"/>
<action no="7" player="Tiuualex" type="23" discard="1" dealt="1" sum="740"/>
<action no="8" player="M1ky3ste92" type="0" sum="0"/>
<action no="9" player="Carlettopix" type="0" discard="1" dealt="1" sum="0"/>
</round>
</game>
<game gamecode="6562019718"><general>
<startdate>2025-12-17 19:19:08</startdate>
<round>1</round>
<failsafecounter/>
<players><player seat="10" name="Carlettopix" chips="265" dealer="0" win="0" bet="35" muck="1" rebuy="0" addon="0" merge="0" rebuychips="0" reg_code="5081259258"/>
<player seat="3" name="Tiuualex" chips="815" dealer="1" win="875" bet="815" muck="0" rebuy="0" addon="0" merge="0" rebuychips="0" reg_code="5081258299"/>
<player seat="6" name="M1ky3ste92" chips="420" dealer="0" win="0" bet="420" muck="1" rebuy="0" addon="0" merge="0" rebuychips="0" reg_code="5081259254"/>
</players>
</general>
<round no="0"><action no="1" player="M1ky3ste92" type="15" sum="5"/>
<action no="2" player="Carlettopix" type="15" discard="1" dealt="1" sum="5"/>
<action no="3" player="Tiuualex" type="15" discard="1" dealt="1" sum="5"/>
<action no="4" player="M1ky3ste92" type="1" sum="15"/>
<action no="5" player="Carlettopix" type="2" discard="1" dealt="1" sum="30"/>
</round>
<round no="1"><cards type="Pocket" player="M1ky3ste92">D8 DK</cards>
<cards type="Pocket" player="Carlettopix">X X</cards>
<cards type="Pocket" player="Tiuualex">HK HA</cards>
<action no="6" player="Tiuualex" type="23" discard="1" dealt="1" sum="810"/>
<action no="7" player="M1ky3ste92" type="7" sum="400"/>
<action no="8" player="Carlettopix" type="0" discard="1" dealt="1" sum="0"/>
</round>
<round no="2"><cards type="Flop">S3 CA H2</cards>
</round>
<round no="3"><cards type="Turn">S8</cards>
</round>
<round no="4"><cards type="River">S2</cards>
</round>
</game>
</session>
