<?xml version="1.0" encoding="UTF-8"?>
<session sessioncode="5082699384">
<general>
<client_version>24.7.1.18</client_version>
<mode>real</mode>
<gametype>Holdem NL</gametype>
<tablename>Twister €100 SNG, 824500766</tablename>
<tournamentcode>824500765</tournamentcode>
<tournamentname>Twister €100 SNG</tournamentname>
<buyin>€0 + €7 + €93</buyin>
<totalbuyin>€100</totalbuyin>
<rewarddrawn>€200</rewarddrawn>
<tournamentcurrency>EUR</tournamentcurrency>
<currency>EUR</currency>
<nickname>M1ky3ste92</nickname>
<gamecount>14</gamecount>
<startdate>2025-12-22 22:19:16</startdate>
<place>2</place>
<win>€0</win>
<tablesize>3</tablesize>
</general>
<game gamecode="6567770260"><general>
<startdate>2025-12-22 22:19:32</startdate>
<round>1</round>
<failsafecounter/>
<players><player seat="10" name="M1ky3ste92" chips="500" dealer="0" win="192" bet="96" muck="0" rebuy="0" addon="0" merge="0" rebuychips="0" reg_code="5082699384"/>
<player seat="3" name="deIduKA" chips="500" dealer="1" win="0" bet="0" muck="1" rebuy="0" addon="0" merge="0" rebuychips="0" reg_code="5082698939"/>
<player seat="6" name="Tiuualex" chips="500" dealer="0" win="0" bet="96" muck="1" rebuy="0" addon="0" merge="0" rebuychips="0" reg_code="5082699160"/>
</players>
</general>
<round no="0"><action no="1" player="Tiuualex" type="1" discard="1" dealt="1" sum="10"/>
<action no="2" player="M1ky3ste92" type="2" sum="20"/>
</round>
<round no="1"><cards type="Pocket" player="Tiuualex">CA DQ</cards>
<cards type="Pocket" player="M1ky3ste92">S9 H3</cards>
<cards type="Pocket" player="deIduKA">X X</cards>
<action no="3" player="deIduKA" type="0" discard="1" dealt="1" sum="0"/>
<action no="4" player="Tiuualex" type="3" discard="1" dealt="1" sum="10"/>
<action no="5" player="M1ky3ste92" type="4" sum="0"/>
</round>
<round no="2"><cards type="Flop">SJ HJ C3</cards>
<action no="6" player="Tiuualex" type="4" discard="1" dealt="1" sum="0"/>
<action no="7" player="M1ky3ste92" type="4" sum="0"/>
</round>
<round no="3"><cards type="Turn">C2</cards>
<action no="8" player="Tiuualex" type="5" discard="1" dealt="1" sum="20"/>
<action no="9" player="M1ky3ste92" type="3" sum="20"/>
</round>
<round no="4"><cards type="River">H10</cards>
<action no="10" player="Tiuualex" type="4" discard="1" dealt="1" sum="0"/>
<action no="11" player="M1ky3ste92" type="5" sum="56"/>
<action no="12" player="Tiuualex" type="3" discard="1" dealt="1" sum="56"/>
</round>
</game>
<game gamecode="6567770687"><general>
<startdate>2025-12-22 22:20:32</startdate>
<round>1</round>
<failsafecounter/>
<players><player seat="3" name="deIduKA" chips="500" dealer="0" win="240" bet="195" muck="1" rebuy="0" addon="0" merge="0" rebuychips="0" reg_code="5082698939"/>
<player seat="6" name="Tiuualex" chips="404" dealer="1" win="0" bet="115" muck="1" rebuy="0" addon="0" merge="0" rebuychips="0" reg_code="5082699160"/>
<player seat="10" name="M1ky3ste92" chips="596" dealer="0" win="0" bet="10" muck="1" rebuy="0" addon="0" merge="0" rebuychips="0" reg_code="5082699384"/>
</players>
</general>
<round no="0"><action no="1" player="M1ky3ste92" type="1" sum="10"/>
<action no="2" player="deIduKA" type="2" discard="1" dealt="1" sum="20"/>
</round>
<round no="1"><cards type="Pocket" player="deIduKA">X X</cards>
<cards type="Pocket" player="Tiuualex">X X</cards>
<cards type="Pocket" player="M1ky3ste92">S10 DK</cards>
<action no="3" player="Tiuualex" type="23" discard="1" dealt="1" sum="40"/>
<action no="4" player="M1ky3ste92" type="0" sum="0"/>
<action no="5" player="deIduKA" type="3" discard="1" dealt="1" sum="20"/>
</round>
<round no="2"><cards type="Flop">H8 C3 D2</cards>
<action no="6" player="deIduKA" type="4" discard="1" dealt="1" sum="0"/>
<action no="7" player="Tiuualex" type="5" discard="1" dealt="1" sum="20"/>
<action no="8" player="deIduKA" type="23" discard="1" dealt="1" sum="75"/>
<action no="9" player="Tiuualex" type="3" discard="1" dealt="1" sum="55"/>
</round>
<round no="3"><cards type="Turn">H6</cards>
<action no="10" player="deIduKA" type="5" discard="1" dealt="1" sum="80"/>
<action no="11" player="Tiuualex" type="0" discard="1" dealt="1" sum="0"/>
</round>
</game>
<game gamecode="6567770980"><general>
<startdate>2025-12-22 22:21:15</startdate>
<round>1</round>
<failsafecounter/>
<players><player seat="6" name="Tiuualex" chips="289" dealer="0" win="0" bet="289" muck="1" rebuy="0" addon="0" merge="0" rebuychips="0" reg_code="5082699160"/>
<player seat="10" name="M1ky3ste92" chips="586" dealer="1" win="0" bet="5" muck="1" rebuy="0" addon="0" merge="0" rebuychips="0" reg_code="5082699384"/>
<player seat="3" name="deIduKA" chips="625" dealer="0" win="583" bet="625" muck="0" rebuy="0" addon="0" merge="0" rebuychips="0" reg_code="5082698939"/>
</players>
</general>
<round no="0"><action no="1" player="deIduKA" type="15" discard="1" dealt="1" sum="5"/>
<action no="2" player="Tiuualex" type="15" discard="1" dealt="1" sum="5"/>
<action no="3" player="M1ky3ste92" type="15" sum="5"/>
<action no="4" player="deIduKA" type="1" discard="1" dealt="1" sum="15"/>
<action no="5" player="Tiuualex" type="2" discard="1" dealt="1" sum="30"/>
</round>
<round no="1"><cards type="Pocket" player="deIduKA">DA DQ</cards>
<cards type="Pocket" player="Tiuualex">S5 D5</cards>
<cards type="Pocket" player="M1ky3ste92">C10 C2</cards>
<action no="6" player="M1ky3ste92" type="0" sum="0"/>
<action no="7" player="deIduKA" type="23" discard="1" dealt="1" sum="620"/>
<action no="8" player="Tiuualex" type="7" discard="1" dealt="1" sum="254"/>
</round>
<round no="2"><cards type="Flop">H4 D7 C5</cards>
</round>
<round no="3"><cards type="Turn">D9</cards>
</round>
<round no="4"><cards type="River">D3</cards>
</round>
</game>
<game gamecode="6567776824"><general>
<startdate>2025-12-22 22:21:33</startdate>
<round>1</round>
<failsafecounter/>
<players><player seat="10" name="M1ky3ste92" chips="581" dealer="0" win="0" bet="35" muck="1" rebuy="0" addon="0" merge="0" rebuychips="0" reg_code="5082699384"/>
<player seat="3" name="deIduKA" chips="919" dealer="1" win="70" bet="70" muck="1" rebuy="0" addon="0" merge="0" rebuychips="0" reg_code="5082698939"/>
</players>
</general>
<round no="0"><action no="1" player="deIduKA" type="15" discard="1" dealt="1" sum="5"/>
<action no="2" player="M1ky3ste92" type="15" sum="5"/>
<action no="3" player="deIduKA" type="1" discard="1" dealt="1" sum="15"/>
<action no="4" player="M1ky3ste92" type="2" sum="30"/>
</round>
<round no="1"><cards type="Pocket" player="deIduKA">X X</cards>
<cards type="Pocket" player="M1ky3ste92">D4 H10</cards>
<action no="5" player="deIduKA" type="3" discard="1" dealt="1" sum="15"/>
<action no="6" player="M1ky3ste92" type="4" sum="0"/>
</round>
<round no="2"><cards type="Flop">S2 CA SJ</cards>
<action no="7" player="M1ky3ste92" type="4" sum="0"/>
<action no="8" player="deIduKA" type="5" discard="1" dealt="1" sum="35"/>
<action no="9" player="M1ky3ste92" type="0" sum="0"/>
</round>
</game>
<game gamecode="6567776935"><general>
<startdate>2025-12-22 22:21:48</startdate>
<round>1</round>
<failsafecounter/>
<players><player seat="3" name="deIduKA" chips="954" dealer="0" win="0" bet="162" muck="0" rebuy="0" addon="0" merge="0" rebuychips="0" reg_code="5082698939"/>
<player seat="10" name="M1ky3ste92" chips="546" dealer="1" win="324" bet="162" muck="0" rebuy="0" addon="0" merge="0" rebuychips="0" reg_code="5082699384"/>
</players>
</general>
<round no="0"><action no="1" player="M1ky3ste92" type="15" sum="5"/>
<action no="2" player="deIduKA" type="15" discard="1" dealt="1" sum="5"/>
<action no="3" player="M1ky3ste92" type="1" sum="15"/>
<action no="4" player="deIduKA" type="2" discard="1" dealt="1" sum="30"/>
</round>
<round no="1"><cards type="Pocket" player="M1ky3ste92">C6 C7</cards>
<cards type="Pocket" player="deIduKA">D5 H4</cards>
<action no="5" player="M1ky3ste92" type="3" sum="15"/>
<action no="6" player="deIduKA" type="4" discard="1" dealt="1" sum="0"/>
</round>
<round no="2"><cards type="Flop">H10 S7 H3</cards>
<action no="7" player="deIduKA" type="4" discard="1" dealt="1" sum="0"/>
<action no="8" player="M1ky3ste92" type="5" sum="30"/>
<action no="9" player="deIduKA" type="3" discard="1" dealt="1" sum="30"/>
</round>
<round no="3"><cards type="Turn">D10</cards>
<action no="10" player="deIduKA" type="4" discard="1" dealt="1" sum="0"/>
<action no="11" player="M1ky3ste92" type="4" sum="0"/>
</round>
<round no="4"><cards type="River">D2</cards>
<action no="12" player="deIduKA" type="5" discard="1" dealt="1" sum="97"/>
<action no="13" player="M1ky3ste92" type="3" sum="97"/>
</round>
</game>
<game gamecode="6567777111"><general>
<startdate>2025-12-22 22:22:13</startdate>
<round>1</round>
<failsafecounter/>
<players><player seat="10" name="M1ky3ste92" chips="708" dealer="0" win="40" bet="35" muck="1" rebuy="0" addon="0" merge="0" rebuychips="0" reg_code="5082699384"/>
<player seat="3" name="deIduKA" chips="792" dealer="1" win="0" bet="20" muck="1" rebuy="0" addon="0" merge="0" rebuychips="0" reg_code="5082698939"/>
</players>
</general>
<round no="0"><action no="1" player="deIduKA" type="15" discard="1" dealt="1" sum="5"/>
<action no="2" player="M1ky3ste92" type="15" sum="5"/>
<action no="3" player="deIduKA" type="1" discard="1" dealt="1" sum="15"/>
<action no="4" player="M1ky3ste92" type="2" sum="30"/>
</round>
<round no="1"><cards type="Pocket" player="M1ky3ste92">S9 C5</cards>
<cards type="Pocket" player="deIduKA">X X</cards>
<action no="5" player="deIduKA" type="0" discard="1" dealt="1" sum="0"/>
</round>
</game>
<game gamecode="6567777180"><general>
<startdate>2025-12-22 22:22:22</startdate>
<round>1</round>
<failsafecounter/>
<players><player seat="3" name="deIduKA" chips="772" dealer="0" win="130" bet="65" muck="0" rebuy="0" addon="0" merge="0" rebuychips="0" reg_code="5082698939"/>
<player seat="10" name="M1ky3ste92" chips="728" dealer="1" win="0" bet="65" muck="1" rebuy="0" addon="0" merge="0" rebuychips="0" reg_code="5082699384"/>
</players>
</general>
<round no="0"><action no="1" player="M1ky3ste92" type="15" sum="5"/>
<action no="2" player="deIduKA" type="15" discard="1" dealt="1" sum="5"/>
<action no="3" player="M1ky3ste92" type="1" sum="15"/>
<action no="4" player="deIduKA" type="2" discard="1" dealt="1" sum="30"/>
</round>
<round no="1"><cards type="Pocket" player="deIduKA">H7 H9</cards>
<cards type="Pocket" player="M1ky3ste92">HQ D3</cards>
<action no="5" player="M1ky3ste92" type="3" sum="15"/>
<action no="6" player="deIduKA" type="4" discard="1" dealt="1" sum="0"/>
</round>
<round no="2"><cards type="Flop">HK C3 S9</cards>
<action no="7" player="deIduKA" type="4" discard="1" dealt="1" sum="0"/>
<action no="8" player="M1ky3ste92" type="4" sum="0"/>
</round>
<round no="3"><cards type="Turn">CK</cards>
<action no="9" player="deIduKA" type="4" discard="1" dealt="1" sum="0"/>
<action no="10" player="M1ky3ste92" type="5" sum="30"/>
<action no="11" player="deIduKA" type="3" discard="1" dealt="1" sum="30"/>
</round>
<round no="4"><cards type="River">D2</cards>
<action no="12" player="deIduKA" type="4" discard="1" dealt="1" sum="0"/>
<action no="13" player="M1ky3ste92" type="4" sum="0"/>
</round>
</game>
<game gamecode="6567777436"><general>
<startdate>2025-12-22 22:22:57</startdate>
<round>1</round>
<failsafecounter/>
<players><player seat="10" name="M1ky3ste92" chips="663" dealer="0" win="90" bet="165" muck="1" rebuy="0" addon="0" merge="0" rebuychips="0" reg_code="5082699384"/>
<player seat="3" name="deIduKA" chips="837" dealer="1" win="0" bet="45" muck="1" rebuy="0" addon="0" merge="0" rebuychips="0" reg_code="5082698939"/>
</players>
</general>
<round no="0"><action no="1" player="deIduKA" type="15" discard="1" dealt="1" sum="5"/>
<action no="2" player="M1ky3ste92" type="15" sum="5"/>
<action no="3" player="deIduKA" type="1" discard="1" dealt="1" sum="20"/>
<action no="4" player="M1ky3ste92" type="2" sum="40"/>
</round>
<round no="1"><cards type="Pocket" player="deIduKA">X X</cards>
<cards type="Pocket" player="M1ky3ste92">D7 DK</cards>
<action no="5" player="deIduKA" type="3" discard="1" dealt="1" sum="20"/>
<action no="6" player="M1ky3ste92" type="23" sum="160"/>
<action no="7" player="deIduKA" type="0" discard="1" dealt="1" sum="0"/>
</round>
</game>
<game gamecode="6567777520"><general>
<startdate>2025-12-22 22:23:08</startdate>
<round>1</round>
<failsafecounter/>
<players><player seat="3" name="deIduKA" chips="792" dealer="0" win="0" bet="45" muck="1" rebuy="0" addon="0" merge="0" rebuychips="0" reg_code="5082698939"/>
<player seat="10" name="M1ky3ste92" chips="708" dealer="1" win="90" bet="85" muck="1" rebuy="0" addon="0" merge="0" rebuychips="0" reg_code="5082699384"/>
</players>
</general>
<round no="0"><action no="1" player="M1ky3ste92" type="15" sum="5"/>
<action no="2" player="deIduKA" type="15" discard="1" dealt="1" sum="5"/>
<action no="3" player="M1ky3ste92" type="1" sum="20"/>
<action no="4" player="deIduKA" type="2" discard="1" dealt="1" sum="40"/>
</round>
<round no="1"><cards type="Pocket" player="M1ky3ste92">C8 H7</cards>
<cards type="Pocket" player="deIduKA">X X</cards>
<action no="5" player="M1ky3ste92" type="3" sum="20"/>
<action no="6" player="deIduKA" type="4" discard="1" dealt="1" sum="0"/>
</round>
<round no="2"><cards type="Flop">DA DK H8</cards>
<action no="7" player="deIduKA" type="4" discard="1" dealt="1" sum="0"/>
<action no="8" player="M1ky3ste92" type="5" sum="40"/>
<action no="9" player="deIduKA" type="0" discard="1" dealt="1" sum="0"/>
</round>
</game>
<game gamecode="6567777617"><general>
<startdate>2025-12-22 22:23:20</startdate>
<round>1</round>
<failsafecounter/>
<players><player seat="10" name="M1ky3ste92" chips="753" dealer="0" win="0" bet="753" muck="1" rebuy="0" addon="0" merge="0" rebuychips="0" reg_code="5082699384"/>
<player seat="3" name="deIduKA" chips="747" dealer="1" win="1,494" bet="747" muck="0" rebuy="0" addon="0" merge="0" rebuychips="0" reg_code="5082698939"/>
</players>
</general>
<round no="0"><action no="1" player="deIduKA" type="15" discard="1" dealt="1" sum="5"/>
<action no="2" player="M1ky3ste92" type="15" sum="5"/>
<action no="3" player="deIduKA" type="1" discard="1" dealt="1" sum="20"/>
<action no="4" player="M1ky3ste92" type="2" sum="40"/>
</round>
<round no="1"><cards type="Pocket" player="deIduKA">DK DA</cards>
<cards type="Pocket" player="M1ky3ste92">H2 HA</cards>
<action no="5" player="deIduKA" type="23" discard="1" dealt="1" sum="80"/>
<action no="6" player="M1ky3ste92" type="23" sum="748"/>
<action no="7" player="deIduKA" type="7" discard="1" dealt="1" sum="662"/>
</round>
<round no="2"><cards type="Flop">H3 SK C3</cards>
</round>
<round no="3"><cards type="Turn">H9</cards>
</round>
<round no="4"><cards type="River">D6</cards>
</round>
</game>
<game gamecode="6567777813"><general>
<startdate>2025-12-22 22:23:46</startdate>
<round>1</round>
<failsafecounter/>
<players><player seat="3" name="deIduKA" chips="1,494" dealer="0" win="0" bet="45" muck="0" rebuy="0" addon="0" merge="0" rebuychips="0" reg_code="5082698939"/>
<player seat="10" name="M1ky3ste92" chips="6" dealer="1" win="12" bet="6" muck="0" rebuy="0" addon="0" merge="0" rebuychips="0" reg_code="5082699384"/>
</players>
</general>
<round no="0"><action no="1" player="M1ky3ste92" type="15" sum="5"/>
<action no="2" player="deIduKA" type="15" discard="1" dealt="1" sum="5"/>
<action no="3" player="M1ky3ste92" type="1" sum="1"/>
<action no="4" player="deIduKA" type="2" discard="1" dealt="1" sum="40"/>
</round>
<round no="1"><cards type="Pocket" player="M1ky3ste92">CQ C6</cards>
<cards type="Pocket" player="deIduKA">C5 D10</cards>
</round>
<round no="2"><cards type="Flop">DQ S10 H6</cards>
</round>
<round no="3"><cards type="Turn">S8</cards>
</round>
<round no="4"><cards type="River">CA</cards>
</round>
</game>
<game gamecode="6567777901"><general>
<startdate>2025-12-22 22:23:58</startdate>
<round>1</round>
<failsafecounter/>
<players><player seat="10" name="M1ky3ste92" chips="12" dealer="0" win="24" bet="12" muck="0" rebuy="0" addon="0" merge="0" rebuychips="0" reg_code="5082699384"/>
<player seat="3" name="deIduKA" chips="1,488" dealer="1" win="0" bet="25" muck="0" rebuy="0" addon="0" merge="0" rebuychips="0" reg_code="5082698939"/>
</players>
</general>
<round no="0"><action no="1" player="deIduKA" type="15" discard="1" dealt="1" sum="5"/>
<action no="2" player="M1ky3ste92" type="15" sum="5"/>
<action no="3" player="deIduKA" type="1" discard="1" dealt="1" sum="20"/>
<action no="4" player="M1ky3ste92" type="2" sum="7"/>
</round>
<round no="1"><cards type="Pocket" player="M1ky3ste92">H2 SA</cards>
<cards type="Pocket" player="deIduKA">C4 C5</cards>
</round>
<round no="2"><cards type="Flop">C10 S9 H6</cards>
</round>
<round no="3"><cards type="Turn">D6</cards>
</round>
<round no="4"><cards type="River">D3</cards>
</round>
</game>
<game gamecode="6567777979"><general>
<startdate>2025-12-22 22:24:10</startdate>
<round>1</round>
<failsafecounter/>
<players><player seat="3" name="deIduKA" chips="1,476" dealer="0" win="0" bet="45" muck="0" rebuy="0" addon="0" merge="0" rebuychips="0" reg_code="5082698939"/>
<player seat="10" name="M1ky3ste92" chips="24" dealer="1" win="48" bet="24" muck="0" rebuy="0" addon="0" merge="0" rebuychips="0" reg_code="5082699384"/>
</players>
</general>
<round no="0"><action no="1" player="M1ky3ste92" type="15" sum="5"/>
<action no="2" player="deIduKA" type="15" discard="1" dealt="1" sum="5"/>
<action no="3" player="M1ky3ste92" type="1" sum="19"/>
<action no="4" player="deIduKA" type="2" discard="1" dealt="1" sum="40"/>
</round>
<round no="1"><cards type="Pocket" player="deIduKA">H3 H8</cards>
<cards type="Pocket" player="M1ky3ste92">H10 DJ</cards>
</round>
<round no="2"><cards type="Flop">C10 C7 S2</cards>
</round>
<round no="3"><cards type="Turn">D5</cards>
</round>
<round no="4"><cards type="River">CQ</cards>
</round>
</game>
<game gamecode="6567778062"><general>
<startdate>2025-12-22 22:24:22</startdate>
<round>1</round>
<failsafecounter/>
<players><player seat="10" name="M1ky3ste92" chips="48" dealer="0" win="0" bet="48" muck="1" rebuy="0" addon="0" merge="0" rebuychips="0" reg_code="5082699384"/>
<player seat="3" name="deIduKA" chips="1,452" dealer="1" win="96" bet="1,452" muck="0" rebuy="0" addon="0" merge="0" rebuychips="0" reg_code="5082698939"/>
</players>
</general>
<round no="0"><action no="1" player="deIduKA" type="15" discard="1" dealt="1" sum="5"/>
<action no="2" player="M1ky3ste92" type="15" sum="5"/>
<action no="3" player="deIduKA" type="1" discard="1" dealt="1" sum="20"/>
<action no="4" player="M1ky3ste92" type="2" sum="40"/>
</round>
<round no="1"><cards type="Pocket" player="deIduKA">S10 C4</cards>
<cards type="Pocket" player="M1ky3ste92">S7 C6</cards>
<action no="5" player="deIduKA" type="23" discard="1" dealt="1" sum="1,447"/>
<action no="6" player="M1ky3ste92" type="7" sum="3"/>
</round>
<round no="2"><cards type="Flop">DJ C10 H5</cards>
</round>
<round no="3"><cards type="Turn">HK</cards>
</round>
<round no="4"><cards type="River">H3</cards>
</round>
</game>
</session>
