<?xml version="1.0" encoding="UTF-8"?>
<session sessioncode="5082694895">
<general>
<client_version>24.7.1.18</client_version>
<mode>real</mode>
<gametype>Holdem NL</gametype>
<tablename>Twister €100 SNG, 824499840</tablename>
<tournamentcode>824499839</tournamentcode>
<tournamentname>Twister €100 SNG</tournamentname>
<buyin>€0 + €7 + €93</buyin>
<totalbuyin>€100</totalbuyin>
<rewarddrawn>€200</rewarddrawn>
<tournamentcurrency>EUR</tournamentcurrency>
<currency>EUR</currency>
<nickname>M1ky3ste92</nickname>
<gamecount>18</gamecount>
<startdate>2025-12-22 22:07:27</startdate>
<place>1</place>
<win>€200</win>
<tablesize>3</tablesize>
</general>
<game gamecode="6567752117"><general>
<startdate>2025-12-22 22:07:43</startdate>
<round>1</round>
<failsafecounter/>
<players><player seat="6" name="M1ky3ste92" chips="500" dealer="0" win="0" bet="20" muck="1" rebuy="0" addon="0" merge="0" rebuychips="0" reg_code="5082694895"/>
<player seat="10" name="Tiuualex" chips="500" dealer="1" win="0" bet="40" muck="1" rebuy="0" addon="0" merge="0" rebuychips="0" reg_code="5082694957"/>
<player seat="3" name="deIduKA" chips="500" dealer="0" win="100" bet="500" muck="1" rebuy="0" addon="0" merge="0" rebuychips="0" reg_code="5082694516"/>
</players>
</general>
<round no="0"><action no="1" player="deIduKA" type="1" discard="1" dealt="1" sum="10"/>
<action no="2" player="M1ky3ste92" type="2" sum="20"/>
</round>
<round no="1"><cards type="Pocket" player="M1ky3ste92">SJ H6</cards>
<cards type="Pocket" player="deIduKA">X X</cards>
<cards type="Pocket" player="Tiuualex">X X</cards>
<action no="3" player="Tiuualex" type="23" discard="1" dealt="1" sum="40"/>
<action no="4" player="deIduKA" type="23" discard="1" dealt="1" sum="500"/>
<action no="5" player="M1ky3ste92" type="0" sum="0"/>
<action no="6" player="Tiuualex" type="0" discard="1" dealt="1" sum="0"/>
</round>
</game>
<game gamecode="6567752163"><general>
<startdate>2025-12-22 22:07:56</startdate>
<round>1</round>
<failsafecounter/>
<players><player seat="10" name="Tiuualex" chips="460" dealer="0" win="0" bet="20" muck="1" rebuy="0" addon="0" merge="0" rebuychips="0" reg_code="5082694957"/>
<player seat="3" name="deIduKA" chips="560" dealer="1" win="50" bet="40" muck="1" rebuy="0" addon="0" merge="0" rebuychips="0" reg_code="5082694516"/>
<player seat="6" name="M1ky3ste92" chips="480" dealer="0" win="0" bet="10" muck="1" rebuy="0" addon="0" merge="0" rebuychips="0" reg_code="5082694895"/>
</players>
</general>
<round no="0"><action no="1" player="M1ky3ste92" type="1" sum="10"/>
<action no="2" player="Tiuualex" type="2" discard="1" dealt="1" sum="20"/>
</round>
<round no="1"><cards type="Pocket" player="M1ky3ste92">HK S5</cards>
<cards type="Pocket" player="Tiuualex">X X</cards>
<cards type="Pocket" player="deIduKA">X X</cards>
<action no="3" player="deIduKA" type="23" discard="1" dealt="1" sum="40"/>
<action no="4" player="M1ky3ste92" type="0" sum="0"/>
<action no="5" player="Tiuualex" type="0" discard="1" dealt="1" sum="0"/>
</round>
</game>
<game gamecode="6567752199"><general>
<startdate>2025-12-22 22:08:08</startdate>
<round>1</round>
<failsafecounter/>
<players><player seat="3" name="deIduKA" chips="590" dealer="0" win="20" bet="20" muck="1" rebuy="0" addon="0" merge="0" rebuychips="0" reg_code="5082694516"/>
<player seat="6" name="M1ky3ste92" chips="470" dealer="1" win="0" bet="0" muck="1" rebuy="0" addon="0" merge="0" rebuychips="0" reg_code="5082694895"/>
<player seat="10" name="Tiuualex" chips="440" dealer="0" win="0" bet="10" muck="1" rebuy="0" addon="0" merge="0" rebuychips="0" reg_code="5082694957"/>
</players>
</general>
<round no="0"><action no="1" player="Tiuualex" type="1" discard="1" dealt="1" sum="10"/>
<action no="2" player="deIduKA" type="2" discard="1" dealt="1" sum="20"/>
</round>
<round no="1"><cards type="Pocket" player="Tiuualex">X X</cards>
<cards type="Pocket" player="deIduKA">X X</cards>
<cards type="Pocket" player="M1ky3ste92">D6 SJ</cards>
<action no="3" player="M1ky3ste92" type="0" sum="0"/>
<action no="4" player="Tiuualex" type="0" discard="1" dealt="1" sum="0"/>
</round>
</game>
<game gamecode="6567757725"><general>
<startdate>2025-12-22 22:08:16</startdate>
<round>1</round>
<failsafecounter/>
<players><player seat="6" name="M1ky3ste92" chips="470" dealer="0" win="940" bet="470" muck="0" rebuy="0" addon="0" merge="0" rebuychips="0" reg_code="5082694895"/>
<player seat="10" name="Tiuualex" chips="430" dealer="1" win="0" bet="0" muck="1" rebuy="0" addon="0" merge="0" rebuychips="0" reg_code="5082694957"/>
<player seat="3" name="deIduKA" chips="600" dealer="0" win="0" bet="600" muck="0" rebuy="0" addon="0" merge="0" rebuychips="0" reg_code="5082694516"/>
</players>
</general>
<round no="0"><action no="1" player="deIduKA" type="1" discard="1" dealt="1" sum="10"/>
<action no="2" player="M1ky3ste92" type="2" sum="20"/>
</round>
<round no="1"><cards type="Pocket" player="Tiuualex">X X</cards>
<cards type="Pocket" player="deIduKA">D10 C8</cards>
<cards type="Pocket" player="M1ky3ste92">C7 C10</cards>
<action no="3" player="Tiuualex" type="0" discard="1" dealt="1" sum="0"/>
<action no="4" player="deIduKA" type="23" discard="1" dealt="1" sum="50"/>
<action no="5" player="M1ky3ste92" type="3" sum="30"/>
</round>
<round no="2"><cards type="Flop">C9 C5 S9</cards>
<action no="6" player="deIduKA" type="5" discard="1" dealt="1" sum="33"/>
<action no="7" player="M1ky3ste92" type="3" sum="33"/>
</round>
<round no="3"><cards type="Turn">C4</cards>
<action no="8" player="deIduKA" type="5" discard="1" dealt="1" sum="83"/>
<action no="9" player="M1ky3ste92" type="3" sum="83"/>
</round>
<round no="4"><cards type="River">S7</cards>
<action no="10" player="deIduKA" type="5" discard="1" dealt="1" sum="434"/>
<action no="11" player="M1ky3ste92" type="7" sum="304"/>
</round>
</game>
<game gamecode="6567757893"><general>
<startdate>2025-12-22 22:09:12</startdate>
<round>1</round>
<failsafecounter/>
<players><player seat="10" name="Tiuualex" chips="430" dealer="0" win="0" bet="20" muck="1" rebuy="0" addon="0" merge="0" rebuychips="0" reg_code="5082694957"/>
<player seat="3" name="deIduKA" chips="130" dealer="1" win="50" bet="130" muck="1" rebuy="0" addon="0" merge="0" rebuychips="0" reg_code="5082694516"/>
<player seat="6" name="M1ky3ste92" chips="940" dealer="0" win="0" bet="10" muck="1" rebuy="0" addon="0" merge="0" rebuychips="0" reg_code="5082694895"/>
</players>
</general>
<round no="0"><action no="1" player="M1ky3ste92" type="1" sum="10"/>
<action no="2" player="Tiuualex" type="2" discard="1" dealt="1" sum="20"/>
</round>
<round no="1"><cards type="Pocket" player="M1ky3ste92">HK C5</cards>
<cards type="Pocket" player="deIduKA">X X</cards>
<cards type="Pocket" player="Tiuualex">X X</cards>
<action no="3" player="deIduKA" type="23" discard="1" dealt="1" sum="130"/>
<action no="4" player="M1ky3ste92" type="0" sum="0"/>
<action no="5" player="Tiuualex" type="0" discard="1" dealt="1" sum="0"/>
</round>
</game>
<game gamecode="6567757928"><general>
<startdate>2025-12-22 22:09:24</startdate>
<round>1</round>
<failsafecounter/>
<players><player seat="3" name="deIduKA" chips="160" dealer="0" win="0" bet="35" muck="1" rebuy="0" addon="0" merge="0" rebuychips="0" reg_code="5082694516"/>
<player seat="6" name="M1ky3ste92" chips="930" dealer="1" win="0" bet="5" muck="1" rebuy="0" addon="0" merge="0" rebuychips="0" reg_code="5082694895"/>
<player seat="10" name="Tiuualex" chips="410" dealer="0" win="75" bet="410" muck="1" rebuy="0" addon="0" merge="0" rebuychips="0" reg_code="5082694957"/>
</players>
</general>
<round no="0"><action no="1" player="Tiuualex" type="15" discard="1" dealt="1" sum="5"/>
<action no="2" player="deIduKA" type="15" discard="1" dealt="1" sum="5"/>
<action no="3" player="M1ky3ste92" type="15" sum="5"/>
<action no="4" player="Tiuualex" type="1" discard="1" dealt="1" sum="15"/>
<action no="5" player="deIduKA" type="2" discard="1" dealt="1" sum="30"/>
</round>
<round no="1"><cards type="Pocket" player="M1ky3ste92">H9 C8</cards>
<cards type="Pocket" player="Tiuualex">X X</cards>
<cards type="Pocket" player="deIduKA">X X</cards>
<action no="6" player="M1ky3ste92" type="0" sum="0"/>
<action no="7" player="Tiuualex" type="23" discard="1" dealt="1" sum="405"/>
<action no="8" player="deIduKA" type="0" discard="1" dealt="1" sum="0"/>
</round>
</game>
<game gamecode="6567757981"><general>
<startdate>2025-12-22 22:09:42</startdate>
<round>1</round>
<failsafecounter/>
<players><player seat="6" name="M1ky3ste92" chips="925" dealer="0" win="0" bet="125" muck="1" rebuy="0" addon="0" merge="0" rebuychips="0" reg_code="5082694895"/>
<player seat="10" name="Tiuualex" chips="450" dealer="1" win="0" bet="5" muck="1" rebuy="0" addon="0" merge="0" rebuychips="0" reg_code="5082694957"/>
<player seat="3" name="deIduKA" chips="125" dealer="0" win="255" bet="125" muck="0" rebuy="0" addon="0" merge="0" rebuychips="0" reg_code="5082694516"/>
</players>
</general>
<round no="0"><action no="1" player="deIduKA" type="15" discard="1" dealt="1" sum="5"/>
<action no="2" player="M1ky3ste92" type="15" sum="5"/>
<action no="3" player="Tiuualex" type="15" discard="1" dealt="1" sum="5"/>
<action no="4" player="deIduKA" type="1" discard="1" dealt="1" sum="15"/>
<action no="5" player="M1ky3ste92" type="2" sum="30"/>
</round>
<round no="1"><cards type="Pocket" player="Tiuualex">X X</cards>
<cards type="Pocket" player="M1ky3ste92">CK S10</cards>
<cards type="Pocket" player="deIduKA">C5 DK</cards>
<action no="6" player="Tiuualex" type="0" discard="1" dealt="1" sum="0"/>
<action no="7" player="deIduKA" type="23" discard="1" dealt="1" sum="120"/>
<action no="8" player="M1ky3ste92" type="3" sum="90"/>
</round>
<round no="2"><cards type="Flop">S5 D9 CJ</cards>
</round>
<round no="3"><cards type="Turn">D7</cards>
</round>
<round no="4"><cards type="River">DA</cards>
</round>
</game>
<game gamecode="6567758057"><general>
<startdate>2025-12-22 22:10:08</startdate>
<round>1</round>
<failsafecounter/>
<players><player seat="10" name="Tiuualex" chips="445" dealer="0" win="45" bet="35" muck="1" rebuy="0" addon="0" merge="0" rebuychips="0" reg_code="5082694957"/>
<player seat="3" name="deIduKA" chips="255" dealer="1" win="0" bet="5" muck="1" rebuy="0" addon="0" merge="0" rebuychips="0" reg_code="5082694516"/>
<player seat="6" name="M1ky3ste92" chips="800" dealer="0" win="0" bet="20" muck="1" rebuy="0" addon="0" merge="0" rebuychips="0" reg_code="5082694895"/>
</players>
</general>
<round no="0"><action no="1" player="M1ky3ste92" type="15" sum="5"/>
<action no="2" player="Tiuualex" type="15" discard="1" dealt="1" sum="5"/>
<action no="3" player="deIduKA" type="15" discard="1" dealt="1" sum="5"/>
<action no="4" player="M1ky3ste92" type="1" sum="15"/>
<action no="5" player="Tiuualex" type="2" discard="1" dealt="1" sum="30"/>
</round>
<round no="1"><cards type="Pocket" player="deIduKA">X X</cards>
<cards type="Pocket" player="Tiuualex">X X</cards>
<cards type="Pocket" player="M1ky3ste92">D6 D2</cards>
<action no="6" player="deIduKA" type="0" discard="1" dealt="1" sum="0"/>
<action no="7" player="M1ky3ste92" type="0" sum="0"/>
</round>
</game>
<game gamecode="6567758080"><general>
<startdate>2025-12-22 22:10:15</startdate>
<round>1</round>
<failsafecounter/>
<players><player seat="3" name="deIduKA" chips="250" dealer="0" win="505" bet="250" muck="0" rebuy="0" addon="0" merge="0" rebuychips="0" reg_code="5082694516"/>
<player seat="6" name="M1ky3ste92" chips="780" dealer="1" win="0" bet="5" muck="1" rebuy="0" addon="0" merge="0" rebuychips="0" reg_code="5082694895"/>
<player seat="10" name="Tiuualex" chips="470" dealer="0" win="0" bet="455" muck="1" rebuy="0" addon="0" merge="0" rebuychips="0" reg_code="5082694957"/>
</players>
</general>
<round no="0"><action no="1" player="Tiuualex" type="15" discard="1" dealt="1" sum="5"/>
<action no="2" player="deIduKA" type="15" discard="1" dealt="1" sum="5"/>
<action no="3" player="M1ky3ste92" type="15" sum="5"/>
<action no="4" player="Tiuualex" type="1" discard="1" dealt="1" sum="15"/>
<action no="5" player="deIduKA" type="2" discard="1" dealt="1" sum="30"/>
</round>
<round no="1"><cards type="Pocket" player="Tiuualex">S9 S8</cards>
<cards type="Pocket" player="deIduKA">SQ CJ</cards>
<cards type="Pocket" player="M1ky3ste92">H7 S6</cards>
<action no="6" player="M1ky3ste92" type="0" sum="0"/>
<action no="7" player="Tiuualex" type="23" discard="1" dealt="1" sum="450"/>
<action no="8" player="deIduKA" type="7" discard="1" dealt="1" sum="215"/>
</round>
<round no="2"><cards type="Flop">HA C6 SA</cards>
</round>
<round no="3"><cards type="Turn">DQ</cards>
</round>
<round no="4"><cards type="River">CK</cards>
</round>
</game>
<game gamecode="6567758153"><general>
<startdate>2025-12-22 22:10:37</startdate>
<round>1</round>
<failsafecounter/>
<players><player seat="6" name="M1ky3ste92" chips="775" dealer="0" win="0" bet="35" muck="1" rebuy="0" addon="0" merge="0" rebuychips="0" reg_code="5082694895"/>
<player seat="10" name="Tiuualex" chips="220" dealer="1" win="0" bet="5" muck="1" rebuy="0" addon="0" merge="0" rebuychips="0" reg_code="5082694957"/>
<player seat="3" name="deIduKA" chips="505" dealer="0" win="75" bet="80" muck="1" rebuy="0" addon="0" merge="0" rebuychips="0" reg_code="5082694516"/>
</players>
</general>
<round no="0"><action no="1" player="deIduKA" type="15" discard="1" dealt="1" sum="5"/>
<action no="2" player="M1ky3ste92" type="15" sum="5"/>
<action no="3" player="Tiuualex" type="15" discard="1" dealt="1" sum="5"/>
<action no="4" player="deIduKA" type="1" discard="1" dealt="1" sum="15"/>
<action no="5" player="M1ky3ste92" type="2" sum="30"/>
</round>
<round no="1"><cards type="Pocket" player="M1ky3ste92">SQ C6</cards>
<cards type="Pocket" player="Tiuualex">X X</cards>
<cards type="Pocket" player="deIduKA">X X</cards>
<action no="6" player="Tiuualex" type="0" discard="1" dealt="1" sum="0"/>
<action no="7" player="deIduKA" type="23" discard="1" dealt="1" sum="75"/>
<action no="8" player="M1ky3ste92" type="0" sum="0"/>
</round>
</game>
<game gamecode="6567758184"><general>
<startdate>2025-12-22 22:10:47</startdate>
<round>1</round>
<failsafecounter/>
<players><player seat="10" name="Tiuualex" chips="215" dealer="0" win="0" bet="35" muck="1" rebuy="0" addon="0" merge="0" rebuychips="0" reg_code="5082694957"/>
<player seat="3" name="deIduKA" chips="545" dealer="1" win="90" bet="65" muck="1" rebuy="0" addon="0" merge="0" rebuychips="0" reg_code="5082694516"/>
<player seat="6" name="M1ky3ste92" chips="740" dealer="0" win="0" bet="20" muck="1" rebuy="0" addon="0" merge="0" rebuychips="0" reg_code="5082694895"/>
</players>
</general>
<round no="0"><action no="1" player="M1ky3ste92" type="15" sum="5"/>
<action no="2" player="Tiuualex" type="15" discard="1" dealt="1" sum="5"/>
<action no="3" player="deIduKA" type="15" discard="1" dealt="1" sum="5"/>
<action no="4" player="M1ky3ste92" type="1" sum="15"/>
<action no="5" player="Tiuualex" type="2" discard="1" dealt="1" sum="30"/>
</round>
<round no="1"><cards type="Pocket" player="deIduKA">X X</cards>
<cards type="Pocket" player="M1ky3ste92">S2 SK</cards>
<cards type="Pocket" player="Tiuualex">X X</cards>
<action no="6" player="deIduKA" type="23" discard="1" dealt="1" sum="60"/>
<action no="7" player="M1ky3ste92" type="0" sum="0"/>
<action no="8" player="Tiuualex" type="0" discard="1" dealt="1" sum="0"/>
</round>
</game>
<game gamecode="6567758215"><general>
<startdate>2025-12-22 22:10:58</startdate>
<round>1</round>
<failsafecounter/>
<players><player seat="3" name="deIduKA" chips="600" dealer="0" win="0" bet="180" muck="1" rebuy="0" addon="0" merge="0" rebuychips="0" reg_code="5082694516"/>
<player seat="6" name="M1ky3ste92" chips="720" dealer="1" win="0" bet="5" muck="1" rebuy="0" addon="0" merge="0" rebuychips="0" reg_code="5082694895"/>
<player seat="10" name="Tiuualex" chips="180" dealer="0" win="365" bet="180" muck="0" rebuy="0" addon="0" merge="0" rebuychips="0" reg_code="5082694957"/>
</players>
</general>
<round no="0"><action no="1" player="Tiuualex" type="15" discard="1" dealt="1" sum="5"/>
<action no="2" player="deIduKA" type="15" discard="1" dealt="1" sum="5"/>
<action no="3" player="M1ky3ste92" type="15" sum="5"/>
<action no="4" player="Tiuualex" type="1" discard="1" dealt="1" sum="15"/>
<action no="5" player="deIduKA" type="2" discard="1" dealt="1" sum="30"/>
</round>
<round no="1"><cards type="Pocket" player="M1ky3ste92">SK C4</cards>
<cards type="Pocket" player="Tiuualex">DJ CA</cards>
<cards type="Pocket" player="deIduKA">D5 DA</cards>
<action no="6" player="M1ky3ste92" type="0" sum="0"/>
<action no="7" player="Tiuualex" type="23" discard="1" dealt="1" sum="175"/>
<action no="8" player="deIduKA" type="3" discard="1" dealt="1" sum="145"/>
</round>
<round no="2"><cards type="Flop">DQ CQ HA</cards>
</round>
<round no="3"><cards type="Turn">D10</cards>
</round>
<round no="4"><cards type="River">H8</cards>
</round>
</game>
<game gamecode="6567758310"><general>
<startdate>2025-12-22 22:11:28</startdate>
<round>1</round>
<failsafecounter/>
<players><player seat="6" name="M1ky3ste92" chips="715" dealer="0" win="0" bet="45" muck="1" rebuy="0" addon="0" merge="0" rebuychips="0" reg_code="5082694895"/>
<player seat="10" name="Tiuualex" chips="365" dealer="1" win="0" bet="5" muck="1" rebuy="0" addon="0" merge="0" rebuychips="0" reg_code="5082694957"/>
<player seat="3" name="deIduKA" chips="420" dealer="0" win="95" bet="140" muck="1" rebuy="0" addon="0" merge="0" rebuychips="0" reg_code="5082694516"/>
</players>
</general>
<round no="0"><action no="1" player="deIduKA" type="15" discard="1" dealt="1" sum="5"/>
<action no="2" player="M1ky3ste92" type="15" sum="5"/>
<action no="3" player="Tiuualex" type="15" discard="1" dealt="1" sum="5"/>
<action no="4" player="deIduKA" type="1" discard="1" dealt="1" sum="20"/>
<action no="5" player="M1ky3ste92" type="2" sum="40"/>
</round>
<round no="1"><cards type="Pocket" player="M1ky3ste92">HK C4</cards>
<cards type="Pocket" player="Tiuualex">X X</cards>
<cards type="Pocket" player="deIduKA">X X</cards>
<action no="6" player="Tiuualex" type="0" discard="1" dealt="1" sum="0"/>
<action no="7" player="deIduKA" type="3" discard="1" dealt="1" sum="20"/>
<action no="8" player="M1ky3ste92" type="4" sum="0"/>
</round>
<round no="2"><cards type="Flop">H3 D5 H9</cards>
<action no="9" player="deIduKA" type="5" discard="1" dealt="1" sum="95"/>
<action no="10" player="M1ky3ste92" type="0" sum="0"/>
</round>
</game>
<game gamecode="6567758391"><general>
<startdate>2025-12-22 22:11:54</startdate>
<round>1</round>
<failsafecounter/>
<players><player seat="10" name="Tiuualex" chips="360" dealer="0" win="0" bet="360" muck="0" rebuy="0" addon="0" merge="0" rebuychips="0" reg_code="5082694957"/>
<player seat="3" name="deIduKA" chips="470" dealer="1" win="0" bet="5" muck="1" rebuy="0" addon="0" merge="0" rebuychips="0" reg_code="5082694516"/>
<player seat="6" name="M1ky3ste92" chips="670" dealer="0" win="725" bet="670" muck="0" rebuy="0" addon="0" merge="0" rebuychips="0" reg_code="5082694895"/>
</players>
</general>
<round no="0"><action no="1" player="M1ky3ste92" type="15" sum="5"/>
<action no="2" player="Tiuualex" type="15" discard="1" dealt="1" sum="5"/>
<action no="3" player="deIduKA" type="15" discard="1" dealt="1" sum="5"/>
<action no="4" player="M1ky3ste92" type="1" sum="20"/>
<action no="5" player="Tiuualex" type="2" discard="1" dealt="1" sum="40"/>
</round>
<round no="1"><cards type="Pocket" player="Tiuualex">D10 H10</cards>
<cards type="Pocket" player="deIduKA">X X</cards>
<cards type="Pocket" player="M1ky3ste92">DK HQ</cards>
<action no="6" player="deIduKA" type="0" discard="1" dealt="1" sum="0"/>
<action no="7" player="M1ky3ste92" type="23" sum="665"/>
<action no="8" player="Tiuualex" type="7" discard="1" dealt="1" sum="315"/>
</round>
<round no="2"><cards type="Flop">HJ S4 H6</cards>
</round>
<round no="3"><cards type="Turn">H2</cards>
</round>
<round no="4"><cards type="River">H4</cards>
</round>
</game>
<game gamecode="6567758455"><general>
<startdate>2025-12-22 22:12:14</startdate>
<round>1</round>
<failsafecounter/>
<players><player seat="3" name="deIduKA" chips="465" dealer="0" win="0" bet="207" muck="1" rebuy="0" addon="0" merge="0" rebuychips="0" reg_code="5082694516"/>
<player seat="6" name="M1ky3ste92" chips="1,035" dealer="1" win="414" bet="1,035" muck="1" rebuy="0" addon="0" merge="0" rebuychips="0" reg_code="5082694895"/>
</players>
</general>
<round no="0"><action no="1" player="M1ky3ste92" type="15" sum="5"/>
<action no="2" player="deIduKA" type="15" discard="1" dealt="1" sum="5"/>
<action no="3" player="M1ky3ste92" type="1" sum="20"/>
<action no="4" player="deIduKA" type="2" discard="1" dealt="1" sum="40"/>
</round>
<round no="1"><cards type="Pocket" player="deIduKA">X X</cards>
<cards type="Pocket" player="M1ky3ste92">D9 HA</cards>
<action no="5" player="M1ky3ste92" type="3" sum="20"/>
<action no="6" player="deIduKA" type="4" discard="1" dealt="1" sum="0"/>
</round>
<round no="2"><cards type="Flop">DK C5 CA</cards>
<action no="7" player="deIduKA" type="4" discard="1" dealt="1" sum="0"/>
<action no="8" player="M1ky3ste92" type="5" sum="40"/>
<action no="9" player="deIduKA" type="23" discard="1" dealt="1" sum="80"/>
<action no="10" player="M1ky3ste92" type="3" sum="40"/>
</round>
<round no="3"><cards type="Turn">C10</cards>
<action no="11" player="deIduKA" type="5" discard="1" dealt="1" sum="82"/>
<action no="12" player="M1ky3ste92" type="3" sum="82"/>
</round>
<round no="4"><cards type="River">D2</cards>
<action no="13" player="deIduKA" type="4" discard="1" dealt="1" sum="0"/>
<action no="14" player="M1ky3ste92" type="5" sum="828"/>
<action no="15" player="deIduKA" type="0" discard="1" dealt="1" sum="0"/>
</round>
</game>
<game gamecode="6567758607"><general>
<startdate>2025-12-22 22:13:06</startdate>
<round>1</round>
<failsafecounter/>
<players><player seat="6" name="M1ky3ste92" chips="1,242" dealer="0" win="0" bet="65" muck="1" rebuy="0" addon="0" merge="0" rebuychips="0" reg_code="5082694895"/>
<player seat="3" name="deIduKA" chips="258" dealer="1" win="130" bet="258" muck="1" rebuy="0" addon="0" merge="0" rebuychips="0" reg_code="5082694516"/>
</players>
</general>
<round no="0"><action no="1" player="deIduKA" type="15" discard="1" dealt="1" sum="5"/>
<action no="2" player="M1ky3ste92" type="15" sum="5"/>
<action no="3" player="deIduKA" type="1" discard="1" dealt="1" sum="30"/>
<action no="4" player="M1ky3ste92" type="2" sum="60"/>
</round>
<round no="1"><cards type="Pocket" player="deIduKA">X X</cards>
<cards type="Pocket" player="M1ky3ste92">H6 C8</cards>
<action no="5" player="deIduKA" type="23" discard="1" dealt="1" sum="253"/>
<action no="6" player="M1ky3ste92" type="0" sum="0"/>
</round>
</game>
<game gamecode="6567758631"><general>
<startdate>2025-12-22 22:13:14</startdate>
<round>1</round>
<failsafecounter/>
<players><player seat="3" name="deIduKA" chips="323" dealer="0" win="0" bet="65" muck="1" rebuy="0" addon="0" merge="0" rebuychips="0" reg_code="5082694516"/>
<player seat="6" name="M1ky3ste92" chips="1,177" dealer="1" win="130" bet="1,177" muck="1" rebuy="0" addon="0" merge="0" rebuychips="0" reg_code="5082694895"/>
</players>
</general>
<round no="0"><action no="1" player="M1ky3ste92" type="15" sum="5"/>
<action no="2" player="deIduKA" type="15" discard="1" dealt="1" sum="5"/>
<action no="3" player="M1ky3ste92" type="1" sum="30"/>
<action no="4" player="deIduKA" type="2" discard="1" dealt="1" sum="60"/>
</round>
<round no="1"><cards type="Pocket" player="M1ky3ste92">H9 C10</cards>
<cards type="Pocket" player="deIduKA">X X</cards>
<action no="5" player="M1ky3ste92" type="23" sum="1,172"/>
<action no="6" player="deIduKA" type="0" discard="1" dealt="1" sum="0"/>
</round>
</game>
<game gamecode="6567758667"><general>
<startdate>2025-12-22 22:13:24</startdate>
<round>1</round>
<failsafecounter/>
<players><player seat="6" name="M1ky3ste92" chips="1,242" dealer="0" win="516" bet="258" muck="0" rebuy="0" addon="0" merge="0" rebuychips="0" reg_code="5082694895"/>
<player seat="3" name="deIduKA" chips="258" dealer="1" win="0" bet="258" muck="0" rebuy="0" addon="0" merge="0" rebuychips="0" reg_code="5082694516"/>
</players>
</general>
<round no="0"><action no="1" player="deIduKA" type="15" discard="1" dealt="1" sum="5"/>
<action no="2" player="M1ky3ste92" type="15" sum="5"/>
<action no="3" player="deIduKA" type="1" discard="1" dealt="1" sum="30"/>
<action no="4" player="M1ky3ste92" type="2" sum="60"/>
</round>
<round no="1"><cards type="Pocket" player="deIduKA">C5 C9</cards>
<cards type="Pocket" player="M1ky3ste92">H10 SK</cards>
<action no="5" player="deIduKA" type="23" discard="1" dealt="1" sum="253"/>
<action no="6" player="M1ky3ste92" type="3" sum="193"/>
</round>
<round no="2"><cards type="Flop">DA SJ H7</cards>
</round>
<round no="3"><cards type="Turn">HK</cards>
</round>
<round no="4"><cards type="River">C4</cards>
</round>
</game>
</session>
