<?xml version="1.0" encoding="UTF-8"?>
<session sessioncode="5083897599">
<general>
<client_version>24.7.1.18</client_version>
<mode>real</mode>
<gametype>Holdem NL</gametype>
<tablename>Twister €100 SNG, 824848563</tablename>
<tournamentcode>824848561</tournamentcode>
<tournamentname>Twister €100 SNG</tournamentname>
<buyin>€0 + €7 + €93</buyin>
<totalbuyin>€100</totalbuyin>
<rewarddrawn>€200</rewarddrawn>
<tournamentcurrency>EUR</tournamentcurrency>
<currency>EUR</currency>
<nickname>M1ky3ste92</nickname>
<gamecount>26</gamecount>
<startdate>2025-12-27 01:56:29</startdate>
<place>1</place>
<win>€200</win>
<tablesize>3</tablesize>
</general>
<game gamecode="6572485046"><general>
<startdate>2025-12-27 01:56:45</startdate>
<round>1</round>
<failsafecounter/>
<players><player seat="10" name="M1ky3ste92" chips="500" dealer="0" win="0" bet="20" muck="1" rebuy="0" addon="0" merge="0" rebuychips="0" reg_code="5083897599"/>
<player seat="3" name="OndaBianca1" chips="500" dealer="1" win="0" bet="0" muck="1" rebuy="0" addon="0" merge="0" rebuychips="0" reg_code="5083895575"/>
<player seat="6" name="john777" chips="500" dealer="0" win="40" bet="80" muck="1" rebuy="0" addon="0" merge="0" rebuychips="0" reg_code="5083897536"/>
</players>
</general>
<round no="0"><action no="1" player="john777" type="1" discard="1" dealt="1" sum="10"/>
<action no="2" player="M1ky3ste92" type="2" sum="20"/>
</round>
<round no="1"><cards type="Pocket" player="OndaBianca1">X X</cards>
<cards type="Pocket" player="M1ky3ste92">D6 CA</cards>
<cards type="Pocket" player="john777">X X</cards>
<action no="3" player="OndaBianca1" type="0" discard="1" dealt="1" sum="0"/>
<action no="4" player="john777" type="23" discard="1" dealt="1" sum="80"/>
<action no="5" player="M1ky3ste92" type="0" sum="0"/>
</round>
</game>
<game gamecode="6572485101"><general>
<startdate>2025-12-27 01:56:59</startdate>
<round>1</round>
<failsafecounter/>
<players><player seat="3" name="OndaBianca1" chips="500" dealer="0" win="0" bet="20" muck="1" rebuy="0" addon="0" merge="0" rebuychips="0" reg_code="5083895575"/>
<player seat="6" name="john777" chips="520" dealer="1" win="50" bet="80" muck="1" rebuy="0" addon="0" merge="0" rebuychips="0" reg_code="5083897536"/>
<player seat="10" name="M1ky3ste92" chips="480" dealer="0" win="0" bet="10" muck="1" rebuy="0" addon="0" merge="0" rebuychips="0" reg_code="5083897599"/>
</players>
</general>
<round no="0"><action no="1" player="M1ky3ste92" type="1" sum="10"/>
<action no="2" player="OndaBianca1" type="2" discard="1" dealt="1" sum="20"/>
</round>
<round no="1"><cards type="Pocket" player="M1ky3ste92">S3 HQ</cards>
<cards type="Pocket" player="OndaBianca1">X X</cards>
<cards type="Pocket" player="john777">X X</cards>
<action no="3" player="john777" type="23" discard="1" dealt="1" sum="80"/>
<action no="4" player="M1ky3ste92" type="0" sum="0"/>
<action no="5" player="OndaBianca1" type="0" discard="1" dealt="1" sum="0"/>
</round>
</game>
<game gamecode="6572485145"><general>
<startdate>2025-12-27 01:57:08</startdate>
<round>1</round>
<failsafecounter/>
<players><player seat="6" name="john777" chips="550" dealer="0" win="0" bet="20" muck="1" rebuy="0" addon="0" merge="0" rebuychips="0" reg_code="5083897536"/>
<player seat="10" name="M1ky3ste92" chips="470" dealer="1" win="0" bet="0" muck="1" rebuy="0" addon="0" merge="0" rebuychips="0" reg_code="5083897599"/>
<player seat="3" name="OndaBianca1" chips="480" dealer="0" win="40" bet="40" muck="1" rebuy="0" addon="0" merge="0" rebuychips="0" reg_code="5083895575"/>
</players>
</general>
<round no="0"><action no="1" player="OndaBianca1" type="1" discard="1" dealt="1" sum="10"/>
<action no="2" player="john777" type="2" discard="1" dealt="1" sum="20"/>
</round>
<round no="1"><cards type="Pocket" player="john777">X X</cards>
<cards type="Pocket" player="OndaBianca1">X X</cards>
<cards type="Pocket" player="M1ky3ste92">SQ S3</cards>
<action no="3" player="M1ky3ste92" type="0" sum="0"/>
<action no="4" player="OndaBianca1" type="3" discard="1" dealt="1" sum="10"/>
<action no="5" player="john777" type="4" discard="1" dealt="1" sum="0"/>
</round>
<round no="2"><cards type="Flop">D7 HK D5</cards>
<action no="6" player="OndaBianca1" type="5" discard="1" dealt="1" sum="20"/>
<action no="7" player="john777" type="0" discard="1" dealt="1" sum="0"/>
</round>
</game>
<game gamecode="6572485203"><general>
<startdate>2025-12-27 01:57:23</startdate>
<round>1</round>
<failsafecounter/>
<players><player seat="10" name="M1ky3ste92" chips="470" dealer="0" win="0" bet="40" muck="1" rebuy="0" addon="0" merge="0" rebuychips="0" reg_code="5083897599"/>
<player seat="3" name="OndaBianca1" chips="500" dealer="1" win="0" bet="220" muck="1" rebuy="0" addon="0" merge="0" rebuychips="0" reg_code="5083895575"/>
<player seat="6" name="john777" chips="530" dealer="0" win="480" bet="220" muck="0" rebuy="0" addon="0" merge="0" rebuychips="0" reg_code="5083897536"/>
</players>
</general>
<round no="0"><action no="1" player="john777" type="1" discard="1" dealt="1" sum="10"/>
<action no="2" player="M1ky3ste92" type="2" sum="20"/>
</round>
<round no="1"><cards type="Pocket" player="M1ky3ste92">S4 HQ</cards>
<cards type="Pocket" player="OndaBianca1">D9 C9</cards>
<cards type="Pocket" player="john777">C8 CA</cards>
<action no="3" player="OndaBianca1" type="23" discard="1" dealt="1" sum="40"/>
<action no="4" player="john777" type="3" discard="1" dealt="1" sum="30"/>
<action no="5" player="M1ky3ste92" type="3" sum="20"/>
</round>
<round no="2"><cards type="Flop">CK C10 C3</cards>
<action no="6" player="john777" type="4" discard="1" dealt="1" sum="0"/>
<action no="7" player="M1ky3ste92" type="4" sum="0"/>
<action no="8" player="OndaBianca1" type="4" discard="1" dealt="1" sum="0"/>
</round>
<round no="3"><cards type="Turn">D5</cards>
<action no="9" player="john777" type="5" discard="1" dealt="1" sum="60"/>
<action no="10" player="M1ky3ste92" type="0" sum="0"/>
<action no="11" player="OndaBianca1" type="3" discard="1" dealt="1" sum="60"/>
</round>
<round no="4"><cards type="River">CQ</cards>
<action no="12" player="john777" type="5" discard="1" dealt="1" sum="120"/>
<action no="13" player="OndaBianca1" type="3" discard="1" dealt="1" sum="120"/>
</round>
</game>
<game gamecode="6572488945"><general>
<startdate>2025-12-27 01:57:50</startdate>
<round>1</round>
<failsafecounter/>
<players><player seat="3" name="OndaBianca1" chips="280" dealer="0" win="560" bet="280" muck="0" rebuy="0" addon="0" merge="0" rebuychips="0" reg_code="5083895575"/>
<player seat="6" name="john777" chips="790" dealer="1" win="0" bet="0" muck="1" rebuy="0" addon="0" merge="0" rebuychips="0" reg_code="5083897536"/>
<player seat="10" name="M1ky3ste92" chips="430" dealer="0" win="0" bet="430" muck="1" rebuy="0" addon="0" merge="0" rebuychips="0" reg_code="5083897599"/>
</players>
</general>
<round no="0"><action no="1" player="M1ky3ste92" type="1" sum="10"/>
<action no="2" player="OndaBianca1" type="2" discard="1" dealt="1" sum="20"/>
</round>
<round no="1"><cards type="Pocket" player="OndaBianca1">CQ H10</cards>
<cards type="Pocket" player="M1ky3ste92">SQ S6</cards>
<cards type="Pocket" player="john777">X X</cards>
<action no="3" player="john777" type="0" discard="1" dealt="1" sum="0"/>
<action no="4" player="M1ky3ste92" type="23" sum="430"/>
<action no="5" player="OndaBianca1" type="7" discard="1" dealt="1" sum="260"/>
</round>
<round no="2"><cards type="Flop">C3 DJ D10</cards>
</round>
<round no="3"><cards type="Turn">SJ</cards>
</round>
<round no="4"><cards type="River">SA</cards>
</round>
</game>
<game gamecode="6572489051"><general>
<startdate>2025-12-27 01:58:15</startdate>
<round>1</round>
<failsafecounter/>
<players><player seat="6" name="john777" chips="790" dealer="0" win="0" bet="20" muck="1" rebuy="0" addon="0" merge="0" rebuychips="0" reg_code="5083897536"/>
<player seat="10" name="M1ky3ste92" chips="150" dealer="1" win="50" bet="150" muck="1" rebuy="0" addon="0" merge="0" rebuychips="0" reg_code="5083897599"/>
<player seat="3" name="OndaBianca1" chips="560" dealer="0" win="0" bet="10" muck="1" rebuy="0" addon="0" merge="0" rebuychips="0" reg_code="5083895575"/>
</players>
</general>
<round no="0"><action no="1" player="OndaBianca1" type="1" discard="1" dealt="1" sum="10"/>
<action no="2" player="john777" type="2" discard="1" dealt="1" sum="20"/>
</round>
<round no="1"><cards type="Pocket" player="OndaBianca1">X X</cards>
<cards type="Pocket" player="john777">X X</cards>
<cards type="Pocket" player="M1ky3ste92">CQ H8</cards>
<action no="3" player="M1ky3ste92" type="23" sum="150"/>
<action no="4" player="OndaBianca1" type="0" discard="1" dealt="1" sum="0"/>
<action no="5" player="john777" type="0" discard="1" dealt="1" sum="0"/>
</round>
</game>
<game gamecode="6572489110"><general>
<startdate>2025-12-27 01:58:27</startdate>
<round>1</round>
<failsafecounter/>
<players><player seat="10" name="M1ky3ste92" chips="180" dealer="0" win="365" bet="180" muck="0" rebuy="0" addon="0" merge="0" rebuychips="0" reg_code="5083897599"/>
<player seat="3" name="OndaBianca1" chips="550" dealer="1" win="0" bet="5" muck="1" rebuy="0" addon="0" merge="0" rebuychips="0" reg_code="5083895575"/>
<player seat="6" name="john777" chips="770" dealer="0" win="0" bet="180" muck="1" rebuy="0" addon="0" merge="0" rebuychips="0" reg_code="5083897536"/>
</players>
</general>
<round no="0"><action no="1" player="john777" type="15" discard="1" dealt="1" sum="5"/>
<action no="2" player="M1ky3ste92" type="15" sum="5"/>
<action no="3" player="OndaBianca1" type="15" discard="1" dealt="1" sum="5"/>
<action no="4" player="john777" type="1" discard="1" dealt="1" sum="15"/>
<action no="5" player="M1ky3ste92" type="2" sum="30"/>
</round>
<round no="1"><cards type="Pocket" player="M1ky3ste92">HA SA</cards>
<cards type="Pocket" player="john777">C10 D7</cards>
<cards type="Pocket" player="OndaBianca1">X X</cards>
<action no="6" player="OndaBianca1" type="0" discard="1" dealt="1" sum="0"/>
<action no="7" player="john777" type="3" discard="1" dealt="1" sum="15"/>
<action no="8" player="M1ky3ste92" type="23" sum="60"/>
<action no="9" player="john777" type="3" discard="1" dealt="1" sum="30"/>
</round>
<round no="2"><cards type="Flop">C6 H8 H5</cards>
<action no="10" player="john777" type="4" discard="1" dealt="1" sum="0"/>
<action no="11" player="M1ky3ste92" type="5" sum="30"/>
<action no="12" player="john777" type="3" discard="1" dealt="1" sum="30"/>
</round>
<round no="3"><cards type="Turn">D2</cards>
<action no="13" player="john777" type="4" discard="1" dealt="1" sum="0"/>
<action no="14" player="M1ky3ste92" type="5" sum="85"/>
<action no="15" player="john777" type="3" discard="1" dealt="1" sum="85"/>
</round>
<round no="4"><cards type="River">S6</cards>
</round>
</game>
<game gamecode="6572489231"><general>
<startdate>2025-12-27 01:58:53</startdate>
<round>1</round>
<failsafecounter/>
<players><player seat="3" name="OndaBianca1" chips="545" dealer="0" win="0" bet="35" muck="1" rebuy="0" addon="0" merge="0" rebuychips="0" reg_code="5083895575"/>
<player seat="6" name="john777" chips="590" dealer="1" win="90" bet="125" muck="1" rebuy="0" addon="0" merge="0" rebuychips="0" reg_code="5083897536"/>
<player seat="10" name="M1ky3ste92" chips="365" dealer="0" win="0" bet="20" muck="1" rebuy="0" addon="0" merge="0" rebuychips="0" reg_code="5083897599"/>
</players>
</general>
<round no="0"><action no="1" player="M1ky3ste92" type="15" sum="5"/>
<action no="2" player="OndaBianca1" type="15" discard="1" dealt="1" sum="5"/>
<action no="3" player="john777" type="15" discard="1" dealt="1" sum="5"/>
<action no="4" player="M1ky3ste92" type="1" sum="15"/>
<action no="5" player="OndaBianca1" type="2" discard="1" dealt="1" sum="30"/>
</round>
<round no="1"><cards type="Pocket" player="john777">X X</cards>
<cards type="Pocket" player="M1ky3ste92">C9 CJ</cards>
<cards type="Pocket" player="OndaBianca1">X X</cards>
<action no="6" player="john777" type="23" discard="1" dealt="1" sum="120"/>
<action no="7" player="M1ky3ste92" type="0" sum="0"/>
<action no="8" player="OndaBianca1" type="0" discard="1" dealt="1" sum="0"/>
</round>
</game>
<game gamecode="6572489277"><general>
<startdate>2025-12-27 01:59:03</startdate>
<round>1</round>
<failsafecounter/>
<players><player seat="6" name="john777" chips="645" dealer="0" win="0" bet="35" muck="1" rebuy="0" addon="0" merge="0" rebuychips="0" reg_code="5083897536"/>
<player seat="10" name="M1ky3ste92" chips="345" dealer="1" win="725" bet="345" muck="0" rebuy="0" addon="0" merge="0" rebuychips="0" reg_code="5083897599"/>
<player seat="3" name="OndaBianca1" chips="510" dealer="0" win="0" bet="510" muck="1" rebuy="0" addon="0" merge="0" rebuychips="0" reg_code="5083895575"/>
</players>
</general>
<round no="0"><action no="1" player="OndaBianca1" type="15" discard="1" dealt="1" sum="5"/>
<action no="2" player="john777" type="15" discard="1" dealt="1" sum="5"/>
<action no="3" player="M1ky3ste92" type="15" sum="5"/>
<action no="4" player="OndaBianca1" type="1" discard="1" dealt="1" sum="15"/>
<action no="5" player="john777" type="2" discard="1" dealt="1" sum="30"/>
</round>
<round no="1"><cards type="Pocket" player="OndaBianca1">HA S7</cards>
<cards type="Pocket" player="M1ky3ste92">SJ DJ</cards>
<cards type="Pocket" player="john777">X X</cards>
<action no="6" player="M1ky3ste92" type="23" sum="60"/>
<action no="7" player="OndaBianca1" type="23" discard="1" dealt="1" sum="505"/>
<action no="8" player="john777" type="0" discard="1" dealt="1" sum="0"/>
<action no="9" player="M1ky3ste92" type="7" sum="280"/>
</round>
<round no="2"><cards type="Flop">HJ D8 D5</cards>
</round>
<round no="3"><cards type="Turn">S5</cards>
</round>
<round no="4"><cards type="River">H4</cards>
</round>
</game>
<game gamecode="6572489399"><general>
<startdate>2025-12-27 01:59:28</startdate>
<round>1</round>
<failsafecounter/>
<players><player seat="10" name="M1ky3ste92" chips="725" dealer="0" win="45" bet="35" muck="1" rebuy="0" addon="0" merge="0" rebuychips="0" reg_code="5083897599"/>
<player seat="3" name="OndaBianca1" chips="165" dealer="1" win="0" bet="5" muck="1" rebuy="0" addon="0" merge="0" rebuychips="0" reg_code="5083895575"/>
<player seat="6" name="john777" chips="610" dealer="0" win="0" bet="20" muck="1" rebuy="0" addon="0" merge="0" rebuychips="0" reg_code="5083897536"/>
</players>
</general>
<round no="0"><action no="1" player="john777" type="15" discard="1" dealt="1" sum="5"/>
<action no="2" player="M1ky3ste92" type="15" sum="5"/>
<action no="3" player="OndaBianca1" type="15" discard="1" dealt="1" sum="5"/>
<action no="4" player="john777" type="1" discard="1" dealt="1" sum="15"/>
<action no="5" player="M1ky3ste92" type="2" sum="30"/>
</round>
<round no="1"><cards type="Pocket" player="OndaBianca1">X X</cards>
<cards type="Pocket" player="john777">X X</cards>
<cards type="Pocket" player="M1ky3ste92">DQ C5</cards>
<action no="6" player="OndaBianca1" type="0" discard="1" dealt="1" sum="0"/>
<action no="7" player="john777" type="0" discard="1" dealt="1" sum="0"/>
</round>
</game>
<game gamecode="6572489430"><general>
<startdate>2025-12-27 01:59:35</startdate>
<round>1</round>
<failsafecounter/>
<players><player seat="3" name="OndaBianca1" chips="160" dealer="0" win="0" bet="35" muck="1" rebuy="0" addon="0" merge="0" rebuychips="0" reg_code="5083895575"/>
<player seat="6" name="john777" chips="590" dealer="1" win="90" bet="125" muck="1" rebuy="0" addon="0" merge="0" rebuychips="0" reg_code="5083897536"/>
<player seat="10" name="M1ky3ste92" chips="750" dealer="0" win="0" bet="20" muck="1" rebuy="0" addon="0" merge="0" rebuychips="0" reg_code="5083897599"/>
</players>
</general>
<round no="0"><action no="1" player="M1ky3ste92" type="15" sum="5"/>
<action no="2" player="OndaBianca1" type="15" discard="1" dealt="1" sum="5"/>
<action no="3" player="john777" type="15" discard="1" dealt="1" sum="5"/>
<action no="4" player="M1ky3ste92" type="1" sum="15"/>
<action no="5" player="OndaBianca1" type="2" discard="1" dealt="1" sum="30"/>
</round>
<round no="1"><cards type="Pocket" player="M1ky3ste92">C4 D6</cards>
<cards type="Pocket" player="OndaBianca1">X X</cards>
<cards type="Pocket" player="john777">X X</cards>
<action no="6" player="john777" type="23" discard="1" dealt="1" sum="120"/>
<action no="7" player="M1ky3ste92" type="0" sum="0"/>
<action no="8" player="OndaBianca1" type="0" discard="1" dealt="1" sum="0"/>
</round>
</game>
<game gamecode="6572489476"><general>
<startdate>2025-12-27 01:59:44</startdate>
<round>1</round>
<failsafecounter/>
<players><player seat="6" name="john777" chips="645" dealer="0" win="0" bet="125" muck="1" rebuy="0" addon="0" merge="0" rebuychips="0" reg_code="5083897536"/>
<player seat="10" name="M1ky3ste92" chips="730" dealer="1" win="0" bet="5" muck="1" rebuy="0" addon="0" merge="0" rebuychips="0" reg_code="5083897599"/>
<player seat="3" name="OndaBianca1" chips="125" dealer="0" win="255" bet="125" muck="0" rebuy="0" addon="0" merge="0" rebuychips="0" reg_code="5083895575"/>
</players>
</general>
<round no="0"><action no="1" player="OndaBianca1" type="15" discard="1" dealt="1" sum="5"/>
<action no="2" player="john777" type="15" discard="1" dealt="1" sum="5"/>
<action no="3" player="M1ky3ste92" type="15" sum="5"/>
<action no="4" player="OndaBianca1" type="1" discard="1" dealt="1" sum="15"/>
<action no="5" player="john777" type="2" discard="1" dealt="1" sum="30"/>
</round>
<round no="1"><cards type="Pocket" player="OndaBianca1">SK C6</cards>
<cards type="Pocket" player="john777">CA C9</cards>
<cards type="Pocket" player="M1ky3ste92">CQ H2</cards>
<action no="6" player="M1ky3ste92" type="0" sum="0"/>
<action no="7" player="OndaBianca1" type="23" discard="1" dealt="1" sum="120"/>
<action no="8" player="john777" type="3" discard="1" dealt="1" sum="90"/>
</round>
<round no="2"><cards type="Flop">HJ H8 HK</cards>
</round>
<round no="3"><cards type="Turn">D2</cards>
</round>
<round no="4"><cards type="River">C3</cards>
</round>
</game>
<game gamecode="6572489557"><general>
<startdate>2025-12-27 02:00:01</startdate>
<round>1</round>
<failsafecounter/>
<players><player seat="10" name="M1ky3ste92" chips="725" dealer="0" win="45" bet="35" muck="1" rebuy="0" addon="0" merge="0" rebuychips="0" reg_code="5083897599"/>
<player seat="3" name="OndaBianca1" chips="255" dealer="1" win="0" bet="5" muck="1" rebuy="0" addon="0" merge="0" rebuychips="0" reg_code="5083895575"/>
<player seat="6" name="john777" chips="520" dealer="0" win="0" bet="20" muck="1" rebuy="0" addon="0" merge="0" rebuychips="0" reg_code="5083897536"/>
</players>
</general>
<round no="0"><action no="1" player="john777" type="15" discard="1" dealt="1" sum="5"/>
<action no="2" player="M1ky3ste92" type="15" sum="5"/>
<action no="3" player="OndaBianca1" type="15" discard="1" dealt="1" sum="5"/>
<action no="4" player="john777" type="1" discard="1" dealt="1" sum="15"/>
<action no="5" player="M1ky3ste92" type="2" sum="30"/>
</round>
<round no="1"><cards type="Pocket" player="M1ky3ste92">S8 C10</cards>
<cards type="Pocket" player="john777">X X</cards>
<cards type="Pocket" player="OndaBianca1">X X</cards>
<action no="6" player="OndaBianca1" type="0" discard="1" dealt="1" sum="0"/>
<action no="7" player="john777" type="0" discard="1" dealt="1" sum="0"/>
</round>
</game>
<game gamecode="6572489584"><general>
<startdate>2025-12-27 02:00:07</startdate>
<round>1</round>
<failsafecounter/>
<players><player seat="3" name="OndaBianca1" chips="250" dealer="0" win="0" bet="250" muck="0" rebuy="0" addon="0" merge="0" rebuychips="0" reg_code="5083895575"/>
<player seat="6" name="john777" chips="500" dealer="1" win="525" bet="500" muck="0" rebuy="0" addon="0" merge="0" rebuychips="0" reg_code="5083897536"/>
<player seat="10" name="M1ky3ste92" chips="750" dealer="0" win="0" bet="25" muck="1" rebuy="0" addon="0" merge="0" rebuychips="0" reg_code="5083897599"/>
</players>
</general>
<round no="0"><action no="1" player="M1ky3ste92" type="15" sum="5"/>
<action no="2" player="OndaBianca1" type="15" discard="1" dealt="1" sum="5"/>
<action no="3" player="john777" type="15" discard="1" dealt="1" sum="5"/>
<action no="4" player="M1ky3ste92" type="1" sum="20"/>
<action no="5" player="OndaBianca1" type="2" discard="1" dealt="1" sum="40"/>
</round>
<round no="1"><cards type="Pocket" player="john777">H7 D7</cards>
<cards type="Pocket" player="M1ky3ste92">CK C5</cards>
<cards type="Pocket" player="OndaBianca1">C10 DQ</cards>
<action no="6" player="john777" type="23" discard="1" dealt="1" sum="495"/>
<action no="7" player="M1ky3ste92" type="0" sum="0"/>
<action no="8" player="OndaBianca1" type="7" discard="1" dealt="1" sum="205"/>
</round>
<round no="2"><cards type="Flop">C3 C7 SJ</cards>
</round>
<round no="3"><cards type="Turn">S9</cards>
</round>
<round no="4"><cards type="River">CJ</cards>
</round>
</game>
<game gamecode="6572489660"><general>
<startdate>2025-12-27 02:00:26</startdate>
<round>1</round>
<failsafecounter/>
<players><player seat="6" name="john777" chips="775" dealer="0" win="330" bet="445" muck="1" rebuy="0" addon="0" merge="0" rebuychips="0" reg_code="5083897536"/>
<player seat="10" name="M1ky3ste92" chips="725" dealer="1" win="0" bet="165" muck="1" rebuy="0" addon="0" merge="0" rebuychips="0" reg_code="5083897599"/>
</players>
</general>
<round no="0"><action no="1" player="M1ky3ste92" type="15" sum="5"/>
<action no="2" player="john777" type="15" discard="1" dealt="1" sum="5"/>
<action no="3" player="M1ky3ste92" type="1" sum="20"/>
<action no="4" player="john777" type="2" discard="1" dealt="1" sum="40"/>
</round>
<round no="1"><cards type="Pocket" player="john777">X X</cards>
<cards type="Pocket" player="M1ky3ste92">D9 S10</cards>
<action no="5" player="M1ky3ste92" type="3" sum="20"/>
<action no="6" player="john777" type="23" discard="1" dealt="1" sum="160"/>
<action no="7" player="M1ky3ste92" type="3" sum="120"/>
</round>
<round no="2"><cards type="Flop">D6 CJ HJ</cards>
<action no="8" player="john777" type="5" discard="1" dealt="1" sum="280"/>
<action no="9" player="M1ky3ste92" type="0" sum="0"/>
</round>
</game>
<game gamecode="6572489722"><general>
<startdate>2025-12-27 02:00:40</startdate>
<round>1</round>
<failsafecounter/>
<players><player seat="10" name="M1ky3ste92" chips="560" dealer="0" win="90" bet="45" muck="0" rebuy="0" addon="0" merge="0" rebuychips="0" reg_code="5083897599"/>
<player seat="6" name="john777" chips="940" dealer="1" win="0" bet="45" muck="1" rebuy="0" addon="0" merge="0" rebuychips="0" reg_code="5083897536"/>
</players>
</general>
<round no="0"><action no="1" player="john777" type="15" discard="1" dealt="1" sum="5"/>
<action no="2" player="M1ky3ste92" type="15" sum="5"/>
<action no="3" player="john777" type="1" discard="1" dealt="1" sum="20"/>
<action no="4" player="M1ky3ste92" type="2" sum="40"/>
</round>
<round no="1"><cards type="Pocket" player="john777">D9 S8</cards>
<cards type="Pocket" player="M1ky3ste92">C8 HQ</cards>
<action no="5" player="john777" type="3" discard="1" dealt="1" sum="20"/>
<action no="6" player="M1ky3ste92" type="4" sum="0"/>
</round>
<round no="2"><cards type="Flop">CA H4 H10</cards>
<action no="7" player="M1ky3ste92" type="4" sum="0"/>
<action no="8" player="john777" type="4" discard="1" dealt="1" sum="0"/>
</round>
<round no="3"><cards type="Turn">C7</cards>
<action no="9" player="M1ky3ste92" type="4" sum="0"/>
<action no="10" player="john777" type="4" discard="1" dealt="1" sum="0"/>
</round>
<round no="4"><cards type="River">S3</cards>
<action no="11" player="M1ky3ste92" type="4" sum="0"/>
<action no="12" player="john777" type="4" discard="1" dealt="1" sum="0"/>
</round>
</game>
<game gamecode="6572489784"><general>
<startdate>2025-12-27 02:00:54</startdate>
<round>1</round>
<failsafecounter/>
<players><player seat="6" name="john777" chips="895" dealer="0" win="0" bet="165" muck="1" rebuy="0" addon="0" merge="0" rebuychips="0" reg_code="5083897536"/>
<player seat="10" name="M1ky3ste92" chips="605" dealer="1" win="330" bet="165" muck="0" rebuy="0" addon="0" merge="0" rebuychips="0" reg_code="5083897599"/>
</players>
</general>
<round no="0"><action no="1" player="M1ky3ste92" type="15" sum="5"/>
<action no="2" player="john777" type="15" discard="1" dealt="1" sum="5"/>
<action no="3" player="M1ky3ste92" type="1" sum="20"/>
<action no="4" player="john777" type="2" discard="1" dealt="1" sum="40"/>
</round>
<round no="1"><cards type="Pocket" player="M1ky3ste92">D5 H4</cards>
<cards type="Pocket" player="john777">D4 CK</cards>
<action no="5" player="M1ky3ste92" type="3" sum="20"/>
<action no="6" player="john777" type="23" discard="1" dealt="1" sum="80"/>
<action no="7" player="M1ky3ste92" type="3" sum="40"/>
</round>
<round no="2"><cards type="Flop">D10 D9 C5</cards>
<action no="8" player="john777" type="5" discard="1" dealt="1" sum="80"/>
<action no="9" player="M1ky3ste92" type="3" sum="80"/>
</round>
<round no="3"><cards type="Turn">DQ</cards>
<action no="10" player="john777" type="4" discard="1" dealt="1" sum="0"/>
<action no="11" player="M1ky3ste92" type="4" sum="0"/>
</round>
<round no="4"><cards type="River">H2</cards>
<action no="12" player="john777" type="4" discard="1" dealt="1" sum="0"/>
<action no="13" player="M1ky3ste92" type="4" sum="0"/>
</round>
</game>
<game gamecode="6572489859"><general>
<startdate>2025-12-27 02:01:13</startdate>
<round>1</round>
<failsafecounter/>
<players><player seat="10" name="M1ky3ste92" chips="770" dealer="0" win="0" bet="45" muck="1" rebuy="0" addon="0" merge="0" rebuychips="0" reg_code="5083897599"/>
<player seat="6" name="john777" chips="730" dealer="1" win="90" bet="165" muck="1" rebuy="0" addon="0" merge="0" rebuychips="0" reg_code="5083897536"/>
</players>
</general>
<round no="0"><action no="1" player="john777" type="15" discard="1" dealt="1" sum="5"/>
<action no="2" player="M1ky3ste92" type="15" sum="5"/>
<action no="3" player="john777" type="1" discard="1" dealt="1" sum="20"/>
<action no="4" player="M1ky3ste92" type="2" sum="40"/>
</round>
<round no="1"><cards type="Pocket" player="john777">X X</cards>
<cards type="Pocket" player="M1ky3ste92">C8 D5</cards>
<action no="5" player="john777" type="23" discard="1" dealt="1" sum="160"/>
<action no="6" player="M1ky3ste92" type="0" sum="0"/>
</round>
</game>
<game gamecode="6572489892"><general>
<startdate>2025-12-27 02:01:19</startdate>
<round>1</round>
<failsafecounter/>
<players><player seat="6" name="john777" chips="775" dealer="0" win="90" bet="165" muck="1" rebuy="0" addon="0" merge="0" rebuychips="0" reg_code="5083897536"/>
<player seat="10" name="M1ky3ste92" chips="725" dealer="1" win="0" bet="45" muck="1" rebuy="0" addon="0" merge="0" rebuychips="0" reg_code="5083897599"/>
</players>
</general>
<round no="0"><action no="1" player="M1ky3ste92" type="15" sum="5"/>
<action no="2" player="john777" type="15" discard="1" dealt="1" sum="5"/>
<action no="3" player="M1ky3ste92" type="1" sum="20"/>
<action no="4" player="john777" type="2" discard="1" dealt="1" sum="40"/>
</round>
<round no="1"><cards type="Pocket" player="M1ky3ste92">H10 C6</cards>
<cards type="Pocket" player="john777">X X</cards>
<action no="5" player="M1ky3ste92" type="3" sum="20"/>
<action no="6" player="john777" type="23" discard="1" dealt="1" sum="160"/>
<action no="7" player="M1ky3ste92" type="0" sum="0"/>
</round>
</game>
<game gamecode="6572489937"><general>
<startdate>2025-12-27 02:01:32</startdate>
<round>1</round>
<failsafecounter/>
<players><player seat="10" name="M1ky3ste92" chips="680" dealer="0" win="50" bet="45" muck="1" rebuy="0" addon="0" merge="0" rebuychips="0" reg_code="5083897599"/>
<player seat="6" name="john777" chips="820" dealer="1" win="0" bet="25" muck="1" rebuy="0" addon="0" merge="0" rebuychips="0" reg_code="5083897536"/>
</players>
</general>
<round no="0"><action no="1" player="john777" type="15" discard="1" dealt="1" sum="5"/>
<action no="2" player="M1ky3ste92" type="15" sum="5"/>
<action no="3" player="john777" type="1" discard="1" dealt="1" sum="20"/>
<action no="4" player="M1ky3ste92" type="2" sum="40"/>
</round>
<round no="1"><cards type="Pocket" player="M1ky3ste92">S10 C5</cards>
<cards type="Pocket" player="john777">X X</cards>
<action no="5" player="john777" type="0" discard="1" dealt="1" sum="0"/>
</round>
</game>
<game gamecode="6572489966"><general>
<startdate>2025-12-27 02:01:38</startdate>
<round>1</round>
<failsafecounter/>
<players><player seat="6" name="john777" chips="795" dealer="0" win="90" bet="135" muck="1" rebuy="0" addon="0" merge="0" rebuychips="0" reg_code="5083897536"/>
<player seat="10" name="M1ky3ste92" chips="705" dealer="1" win="0" bet="45" muck="1" rebuy="0" addon="0" merge="0" rebuychips="0" reg_code="5083897599"/>
</players>
</general>
<round no="0"><action no="1" player="M1ky3ste92" type="15" sum="5"/>
<action no="2" player="john777" type="15" discard="1" dealt="1" sum="5"/>
<action no="3" player="M1ky3ste92" type="1" sum="20"/>
<action no="4" player="john777" type="2" discard="1" dealt="1" sum="40"/>
</round>
<round no="1"><cards type="Pocket" player="john777">X X</cards>
<cards type="Pocket" player="M1ky3ste92">H6 HJ</cards>
<action no="5" player="M1ky3ste92" type="3" sum="20"/>
<action no="6" player="john777" type="4" discard="1" dealt="1" sum="0"/>
</round>
<round no="2"><cards type="Flop">C8 S5 H3</cards>
<action no="7" player="john777" type="4" discard="1" dealt="1" sum="0"/>
<action no="8" player="M1ky3ste92" type="4" sum="0"/>
</round>
<round no="3"><cards type="Turn">C9</cards>
<action no="9" player="john777" type="5" discard="1" dealt="1" sum="90"/>
<action no="10" player="M1ky3ste92" type="0" sum="0"/>
</round>
</game>
<game gamecode="6572490022"><general>
<startdate>2025-12-27 02:01:48</startdate>
<round>1</round>
<failsafecounter/>
<players><player seat="10" name="M1ky3ste92" chips="660" dealer="0" win="0" bet="65" muck="1" rebuy="0" addon="0" merge="0" rebuychips="0" reg_code="5083897599"/>
<player seat="6" name="john777" chips="840" dealer="1" win="130" bet="245" muck="1" rebuy="0" addon="0" merge="0" rebuychips="0" reg_code="5083897536"/>
</players>
</general>
<round no="0"><action no="1" player="john777" type="15" discard="1" dealt="1" sum="5"/>
<action no="2" player="M1ky3ste92" type="15" sum="5"/>
<action no="3" player="john777" type="1" discard="1" dealt="1" sum="30"/>
<action no="4" player="M1ky3ste92" type="2" sum="60"/>
</round>
<round no="1"><cards type="Pocket" player="M1ky3ste92">S7 H10</cards>
<cards type="Pocket" player="john777">X X</cards>
<action no="5" player="john777" type="23" discard="1" dealt="1" sum="240"/>
<action no="6" player="M1ky3ste92" type="0" sum="0"/>
</round>
</game>
<game gamecode="6572490047"><general>
<startdate>2025-12-27 02:01:56</startdate>
<round>1</round>
<failsafecounter/>
<players><player seat="6" name="john777" chips="905" dealer="0" win="0" bet="595" muck="1" rebuy="0" addon="0" merge="0" rebuychips="0" reg_code="5083897536"/>
<player seat="10" name="M1ky3ste92" chips="595" dealer="1" win="1,190" bet="595" muck="0" rebuy="0" addon="0" merge="0" rebuychips="0" reg_code="5083897599"/>
</players>
</general>
<round no="0"><action no="1" player="M1ky3ste92" type="15" sum="5"/>
<action no="2" player="john777" type="15" discard="1" dealt="1" sum="5"/>
<action no="3" player="M1ky3ste92" type="1" sum="30"/>
<action no="4" player="john777" type="2" discard="1" dealt="1" sum="60"/>
</round>
<round no="1"><cards type="Pocket" player="john777">H5 HA</cards>
<cards type="Pocket" player="M1ky3ste92">DA SJ</cards>
<action no="5" player="M1ky3ste92" type="3" sum="30"/>
<action no="6" player="john777" type="23" discard="1" dealt="1" sum="240"/>
<action no="7" player="M1ky3ste92" type="23" sum="590"/>
<action no="8" player="john777" type="3" discard="1" dealt="1" sum="350"/>
</round>
<round no="2"><cards type="Flop">H6 SA DK</cards>
</round>
<round no="3"><cards type="Turn">DQ</cards>
</round>
<round no="4"><cards type="River">D9</cards>
</round>
</game>
<game gamecode="6572490132"><general>
<startdate>2025-12-27 02:02:16</startdate>
<round>1</round>
<failsafecounter/>
<players><player seat="10" name="M1ky3ste92" chips="1,190" dealer="0" win="0" bet="65" muck="1" rebuy="0" addon="0" merge="0" rebuychips="0" reg_code="5083897599"/>
<player seat="6" name="john777" chips="310" dealer="1" win="130" bet="310" muck="1" rebuy="0" addon="0" merge="0" rebuychips="0" reg_code="5083897536"/>
</players>
</general>
<round no="0"><action no="1" player="john777" type="15" discard="1" dealt="1" sum="5"/>
<action no="2" player="M1ky3ste92" type="15" sum="5"/>
<action no="3" player="john777" type="1" discard="1" dealt="1" sum="30"/>
<action no="4" player="M1ky3ste92" type="2" sum="60"/>
</round>
<round no="1"><cards type="Pocket" player="M1ky3ste92">S2 D8</cards>
<cards type="Pocket" player="john777">X X</cards>
<action no="5" player="john777" type="23" discard="1" dealt="1" sum="305"/>
<action no="6" player="M1ky3ste92" type="0" sum="0"/>
</round>
</game>
<game gamecode="6572490162"><general>
<startdate>2025-12-27 02:02:23</startdate>
<round>1</round>
<failsafecounter/>
<players><player seat="6" name="john777" chips="375" dealer="0" win="70" bet="65" muck="1" rebuy="0" addon="0" merge="0" rebuychips="0" reg_code="5083897536"/>
<player seat="10" name="M1ky3ste92" chips="1,125" dealer="1" win="0" bet="35" muck="1" rebuy="0" addon="0" merge="0" rebuychips="0" reg_code="5083897599"/>
</players>
</general>
<round no="0"><action no="1" player="M1ky3ste92" type="15" sum="5"/>
<action no="2" player="john777" type="15" discard="1" dealt="1" sum="5"/>
<action no="3" player="M1ky3ste92" type="1" sum="30"/>
<action no="4" player="john777" type="2" discard="1" dealt="1" sum="60"/>
</round>
<round no="1"><cards type="Pocket" player="M1ky3ste92">C4 H10</cards>
<cards type="Pocket" player="john777">X X</cards>
<action no="5" player="M1ky3ste92" type="0" sum="0"/>
</round>
</game>
<game gamecode="6572490190"><general>
<startdate>2025-12-27 02:02:28</startdate>
<round>1</round>
<failsafecounter/>
<players><player seat="10" name="M1ky3ste92" chips="1,090" dealer="0" win="820" bet="410" muck="0" rebuy="0" addon="0" merge="0" rebuychips="0" reg_code="5083897599"/>
<player seat="6" name="john777" chips="410" dealer="1" win="0" bet="410" muck="0" rebuy="0" addon="0" merge="0" rebuychips="0" reg_code="5083897536"/>
</players>
</general>
<round no="0"><action no="1" player="john777" type="15" discard="1" dealt="1" sum="5"/>
<action no="2" player="M1ky3ste92" type="15" sum="5"/>
<action no="3" player="john777" type="1" discard="1" dealt="1" sum="30"/>
<action no="4" player="M1ky3ste92" type="2" sum="60"/>
</round>
<round no="1"><cards type="Pocket" player="M1ky3ste92">D5 C5</cards>
<cards type="Pocket" player="john777">H7 SJ</cards>
<action no="5" player="john777" type="23" discard="1" dealt="1" sum="405"/>
<action no="6" player="M1ky3ste92" type="3" sum="345"/>
</round>
<round no="2"><cards type="Flop">D9 HA D10</cards>
</round>
<round no="3"><cards type="Turn">DQ</cards>
</round>
<round no="4"><cards type="River">DA</cards>
</round>
</game>
</session>
