<?xml version="1.0" encoding="UTF-8"?>
<session sessioncode="5083899278">
<general>
<client_version>24.7.1.18</client_version>
<mode>real</mode>
<gametype>Holdem NL</gametype>
<tablename>Twister €100 SNG, 824848903</tablename>
<tournamentcode>824848901</tournamentcode>
<tournamentname>Twister €100 SNG</tournamentname>
<buyin>€0 + €7 + €93</buyin>
<totalbuyin>€100</totalbuyin>
<rewarddrawn>€200</rewarddrawn>
<tournamentcurrency>EUR</tournamentcurrency>
<currency>EUR</currency>
<nickname>M1ky3ste92</nickname>
<gamecount>16</gamecount>
<startdate>2025-12-27 02:08:28</startdate>
<place>2</place>
<win>€0</win>
<tablesize>3</tablesize>
</general>
<game gamecode="6572495370"><general>
<startdate>2025-12-27 02:08:44</startdate>
<round>1</round>
<failsafecounter/>
<players><player seat="3" name="OndaBianca1" chips="500" dealer="0" win="40" bet="500" muck="1" rebuy="0" addon="0" merge="0" rebuychips="0" reg_code="5083897541"/>
<player seat="6" name="M1ky3ste92" chips="500" dealer="1" win="0" bet="0" muck="1" rebuy="0" addon="0" merge="0" rebuychips="0" reg_code="5083899278"/>
<player seat="10" name="Matteo73730505" chips="500" dealer="0" win="0" bet="20" muck="1" rebuy="0" addon="0" merge="0" rebuychips="0" reg_code="5083899503"/>
</players>
</general>
<round no="0"><action no="1" player="Matteo73730505" type="1" discard="1" dealt="1" sum="10"/>
<action no="2" player="OndaBianca1" type="2" discard="1" dealt="1" sum="20"/>
</round>
<round no="1"><cards type="Pocket" player="M1ky3ste92">S8 DJ</cards>
<cards type="Pocket" player="Matteo73730505">X X</cards>
<cards type="Pocket" player="OndaBianca1">X X</cards>
<action no="3" player="M1ky3ste92" type="0" sum="0"/>
<action no="4" player="Matteo73730505" type="3" discard="1" dealt="1" sum="10"/>
<action no="5" player="OndaBianca1" type="23" discard="1" dealt="1" sum="500"/>
<action no="6" player="Matteo73730505" type="0" discard="1" dealt="1" sum="0"/>
</round>
</game>
<game gamecode="6572495415"><general>
<startdate>2025-12-27 02:08:55</startdate>
<round>1</round>
<failsafecounter/>
<players><player seat="6" name="M1ky3ste92" chips="500" dealer="0" win="0" bet="40" muck="1" rebuy="0" addon="0" merge="0" rebuychips="0" reg_code="5083899278"/>
<player seat="10" name="Matteo73730505" chips="480" dealer="1" win="90" bet="130" muck="1" rebuy="0" addon="0" merge="0" rebuychips="0" reg_code="5083899503"/>
<player seat="3" name="OndaBianca1" chips="520" dealer="0" win="0" bet="10" muck="1" rebuy="0" addon="0" merge="0" rebuychips="0" reg_code="5083897541"/>
</players>
</general>
<round no="0"><action no="1" player="OndaBianca1" type="1" discard="1" dealt="1" sum="10"/>
<action no="2" player="M1ky3ste92" type="2" sum="20"/>
</round>
<round no="1"><cards type="Pocket" player="OndaBianca1">X X</cards>
<cards type="Pocket" player="M1ky3ste92">CJ C2</cards>
<cards type="Pocket" player="Matteo73730505">X X</cards>
<action no="3" player="Matteo73730505" type="23" discard="1" dealt="1" sum="40"/>
<action no="4" player="OndaBianca1" type="0" discard="1" dealt="1" sum="0"/>
<action no="5" player="M1ky3ste92" type="3" sum="20"/>
</round>
<round no="2"><cards type="Flop">DK SK HQ</cards>
<action no="6" player="M1ky3ste92" type="4" sum="0"/>
<action no="7" player="Matteo73730505" type="5" discard="1" dealt="1" sum="90"/>
<action no="8" player="M1ky3ste92" type="0" sum="0"/>
</round>
</game>
<game gamecode="6572495532"><general>
<startdate>2025-12-27 02:09:20</startdate>
<round>1</round>
<failsafecounter/>
<players><player seat="10" name="Matteo73730505" chips="530" dealer="0" win="0" bet="60" muck="1" rebuy="0" addon="0" merge="0" rebuychips="0" reg_code="5083899503"/>
<player seat="3" name="OndaBianca1" chips="510" dealer="1" win="0" bet="0" muck="1" rebuy="0" addon="0" merge="0" rebuychips="0" reg_code="5083897541"/>
<player seat="6" name="M1ky3ste92" chips="460" dealer="0" win="120" bet="460" muck="1" rebuy="0" addon="0" merge="0" rebuychips="0" reg_code="5083899278"/>
</players>
</general>
<round no="0"><action no="1" player="M1ky3ste92" type="1" sum="10"/>
<action no="2" player="Matteo73730505" type="2" discard="1" dealt="1" sum="20"/>
</round>
<round no="1"><cards type="Pocket" player="M1ky3ste92">D6 S6</cards>
<cards type="Pocket" player="OndaBianca1">X X</cards>
<cards type="Pocket" player="Matteo73730505">X X</cards>
<action no="3" player="OndaBianca1" type="0" discard="1" dealt="1" sum="0"/>
<action no="4" player="M1ky3ste92" type="3" sum="10"/>
<action no="5" player="Matteo73730505" type="23" discard="1" dealt="1" sum="60"/>
<action no="6" player="M1ky3ste92" type="23" sum="460"/>
<action no="7" player="Matteo73730505" type="0" discard="1" dealt="1" sum="0"/>
</round>
</game>
<game gamecode="6572495585"><general>
<startdate>2025-12-27 02:09:34</startdate>
<round>1</round>
<failsafecounter/>
<players><player seat="3" name="OndaBianca1" chips="510" dealer="0" win="0" bet="20" muck="1" rebuy="0" addon="0" merge="0" rebuychips="0" reg_code="5083897541"/>
<player seat="6" name="M1ky3ste92" chips="520" dealer="1" win="0" bet="0" muck="1" rebuy="0" addon="0" merge="0" rebuychips="0" reg_code="5083899278"/>
<player seat="10" name="Matteo73730505" chips="470" dealer="0" win="40" bet="470" muck="1" rebuy="0" addon="0" merge="0" rebuychips="0" reg_code="5083899503"/>
</players>
</general>
<round no="0"><action no="1" player="Matteo73730505" type="1" discard="1" dealt="1" sum="10"/>
<action no="2" player="OndaBianca1" type="2" discard="1" dealt="1" sum="20"/>
</round>
<round no="1"><cards type="Pocket" player="OndaBianca1">X X</cards>
<cards type="Pocket" player="Matteo73730505">X X</cards>
<cards type="Pocket" player="M1ky3ste92">SQ C6</cards>
<action no="3" player="M1ky3ste92" type="0" sum="0"/>
<action no="4" player="Matteo73730505" type="23" discard="1" dealt="1" sum="470"/>
<action no="5" player="OndaBianca1" type="0" discard="1" dealt="1" sum="0"/>
</round>
</game>
<game gamecode="6572495640"><general>
<startdate>2025-12-27 02:09:47</startdate>
<round>1</round>
<failsafecounter/>
<players><player seat="6" name="M1ky3ste92" chips="520" dealer="0" win="150" bet="70" muck="0" rebuy="0" addon="0" merge="0" rebuychips="0" reg_code="5083899278"/>
<player seat="10" name="Matteo73730505" chips="490" dealer="1" win="0" bet="70" muck="1" rebuy="0" addon="0" merge="0" rebuychips="0" reg_code="5083899503"/>
<player seat="3" name="OndaBianca1" chips="490" dealer="0" win="0" bet="10" muck="1" rebuy="0" addon="0" merge="0" rebuychips="0" reg_code="5083897541"/>
</players>
</general>
<round no="0"><action no="1" player="OndaBianca1" type="1" discard="1" dealt="1" sum="10"/>
<action no="2" player="M1ky3ste92" type="2" sum="20"/>
</round>
<round no="1"><cards type="Pocket" player="M1ky3ste92">C8 S2</cards>
<cards type="Pocket" player="OndaBianca1">X X</cards>
<cards type="Pocket" player="Matteo73730505">C7 SJ</cards>
<action no="3" player="Matteo73730505" type="3" discard="1" dealt="1" sum="20"/>
<action no="4" player="OndaBianca1" type="0" discard="1" dealt="1" sum="0"/>
<action no="5" player="M1ky3ste92" type="4" sum="0"/>
</round>
<round no="2"><cards type="Flop">C2 C10 C3</cards>
<action no="6" player="M1ky3ste92" type="4" sum="0"/>
<action no="7" player="Matteo73730505" type="4" discard="1" dealt="1" sum="0"/>
</round>
<round no="3"><cards type="Turn">S7</cards>
<action no="8" player="M1ky3ste92" type="4" sum="0"/>
<action no="9" player="Matteo73730505" type="5" discard="1" dealt="1" sum="50"/>
<action no="10" player="M1ky3ste92" type="3" sum="50"/>
</round>
<round no="4"><cards type="River">D2</cards>
<action no="11" player="M1ky3ste92" type="4" sum="0"/>
<action no="12" player="Matteo73730505" type="4" discard="1" dealt="1" sum="0"/>
</round>
</game>
<game gamecode="6572495762"><general>
<startdate>2025-12-27 02:10:16</startdate>
<round>1</round>
<failsafecounter/>
<players><player seat="10" name="Matteo73730505" chips="420" dealer="0" win="20" bet="20" muck="1" rebuy="0" addon="0" merge="0" rebuychips="0" reg_code="5083899503"/>
<player seat="3" name="OndaBianca1" chips="480" dealer="1" win="0" bet="0" muck="1" rebuy="0" addon="0" merge="0" rebuychips="0" reg_code="5083897541"/>
<player seat="6" name="M1ky3ste92" chips="600" dealer="0" win="0" bet="10" muck="1" rebuy="0" addon="0" merge="0" rebuychips="0" reg_code="5083899278"/>
</players>
</general>
<round no="0"><action no="1" player="M1ky3ste92" type="1" sum="10"/>
<action no="2" player="Matteo73730505" type="2" discard="1" dealt="1" sum="20"/>
</round>
<round no="1"><cards type="Pocket" player="M1ky3ste92">H7 C4</cards>
<cards type="Pocket" player="OndaBianca1">X X</cards>
<cards type="Pocket" player="Matteo73730505">X X</cards>
<action no="3" player="OndaBianca1" type="0" discard="1" dealt="1" sum="0"/>
<action no="4" player="M1ky3ste92" type="0" sum="0"/>
</round>
</game>
<game gamecode="6572495813"><general>
<startdate>2025-12-27 02:10:25</startdate>
<round>1</round>
<failsafecounter/>
<players><player seat="3" name="OndaBianca1" chips="480" dealer="0" win="149" bet="170" muck="1" rebuy="0" addon="0" merge="0" rebuychips="0" reg_code="5083897541"/>
<player seat="6" name="M1ky3ste92" chips="590" dealer="1" win="0" bet="5" muck="1" rebuy="0" addon="0" merge="0" rebuychips="0" reg_code="5083899278"/>
<player seat="10" name="Matteo73730505" chips="430" dealer="0" win="0" bet="72" muck="1" rebuy="0" addon="0" merge="0" rebuychips="0" reg_code="5083899503"/>
</players>
</general>
<round no="0"><action no="1" player="Matteo73730505" type="15" discard="1" dealt="1" sum="5"/>
<action no="2" player="OndaBianca1" type="15" discard="1" dealt="1" sum="5"/>
<action no="3" player="M1ky3ste92" type="15" sum="5"/>
<action no="4" player="Matteo73730505" type="1" discard="1" dealt="1" sum="15"/>
<action no="5" player="OndaBianca1" type="2" discard="1" dealt="1" sum="30"/>
</round>
<round no="1"><cards type="Pocket" player="Matteo73730505">X X</cards>
<cards type="Pocket" player="M1ky3ste92">DJ C6</cards>
<cards type="Pocket" player="OndaBianca1">X X</cards>
<action no="6" player="M1ky3ste92" type="0" sum="0"/>
<action no="7" player="Matteo73730505" type="3" discard="1" dealt="1" sum="15"/>
<action no="8" player="OndaBianca1" type="4" discard="1" dealt="1" sum="0"/>
</round>
<round no="2"><cards type="Flop">H9 D3 S8</cards>
<action no="9" player="Matteo73730505" type="5" discard="1" dealt="1" sum="37"/>
<action no="10" player="OndaBianca1" type="3" discard="1" dealt="1" sum="37"/>
</round>
<round no="3"><cards type="Turn">D10</cards>
<action no="11" player="Matteo73730505" type="4" discard="1" dealt="1" sum="0"/>
<action no="12" player="OndaBianca1" type="5" discard="1" dealt="1" sum="98"/>
<action no="13" player="Matteo73730505" type="0" discard="1" dealt="1" sum="0"/>
</round>
</game>
<game gamecode="6572495924"><general>
<startdate>2025-12-27 02:10:50</startdate>
<round>1</round>
<failsafecounter/>
<players><player seat="6" name="M1ky3ste92" chips="585" dealer="0" win="0" bet="35" muck="1" rebuy="0" addon="0" merge="0" rebuychips="0" reg_code="5083899278"/>
<player seat="10" name="Matteo73730505" chips="358" dealer="1" win="90" bet="80" muck="1" rebuy="0" addon="0" merge="0" rebuychips="0" reg_code="5083899503"/>
<player seat="3" name="OndaBianca1" chips="557" dealer="0" win="0" bet="20" muck="1" rebuy="0" addon="0" merge="0" rebuychips="0" reg_code="5083897541"/>
</players>
</general>
<round no="0"><action no="1" player="OndaBianca1" type="15" discard="1" dealt="1" sum="5"/>
<action no="2" player="M1ky3ste92" type="15" sum="5"/>
<action no="3" player="Matteo73730505" type="15" discard="1" dealt="1" sum="5"/>
<action no="4" player="OndaBianca1" type="1" discard="1" dealt="1" sum="15"/>
<action no="5" player="M1ky3ste92" type="2" sum="30"/>
</round>
<round no="1"><cards type="Pocket" player="M1ky3ste92">D8 C3</cards>
<cards type="Pocket" player="Matteo73730505">X X</cards>
<cards type="Pocket" player="OndaBianca1">X X</cards>
<action no="6" player="Matteo73730505" type="3" discard="1" dealt="1" sum="30"/>
<action no="7" player="OndaBianca1" type="0" discard="1" dealt="1" sum="0"/>
<action no="8" player="M1ky3ste92" type="4" sum="0"/>
</round>
<round no="2"><cards type="Flop">CQ SK S2</cards>
<action no="9" player="M1ky3ste92" type="4" sum="0"/>
<action no="10" player="Matteo73730505" type="5" discard="1" dealt="1" sum="45"/>
<action no="11" player="M1ky3ste92" type="0" sum="0"/>
</round>
</game>
<game gamecode="6572496010"><general>
<startdate>2025-12-27 02:11:10</startdate>
<round>1</round>
<failsafecounter/>
<players><player seat="10" name="Matteo73730505" chips="413" dealer="0" win="0" bet="35" muck="1" rebuy="0" addon="0" merge="0" rebuychips="0" reg_code="5083899503"/>
<player seat="3" name="OndaBianca1" chips="537" dealer="1" win="0" bet="65" muck="1" rebuy="0" addon="0" merge="0" rebuychips="0" reg_code="5083897541"/>
<player seat="6" name="M1ky3ste92" chips="550" dealer="0" win="165" bet="550" muck="1" rebuy="0" addon="0" merge="0" rebuychips="0" reg_code="5083899278"/>
</players>
</general>
<round no="0"><action no="1" player="M1ky3ste92" type="15" sum="5"/>
<action no="2" player="Matteo73730505" type="15" discard="1" dealt="1" sum="5"/>
<action no="3" player="OndaBianca1" type="15" discard="1" dealt="1" sum="5"/>
<action no="4" player="M1ky3ste92" type="1" sum="15"/>
<action no="5" player="Matteo73730505" type="2" discard="1" dealt="1" sum="30"/>
</round>
<round no="1"><cards type="Pocket" player="OndaBianca1">X X</cards>
<cards type="Pocket" player="Matteo73730505">X X</cards>
<cards type="Pocket" player="M1ky3ste92">SA D6</cards>
<action no="6" player="OndaBianca1" type="23" discard="1" dealt="1" sum="60"/>
<action no="7" player="M1ky3ste92" type="23" sum="545"/>
<action no="8" player="Matteo73730505" type="0" discard="1" dealt="1" sum="0"/>
<action no="9" player="OndaBianca1" type="0" discard="1" dealt="1" sum="0"/>
</round>
</game>
<game gamecode="6572496095"><general>
<startdate>2025-12-27 02:11:29</startdate>
<round>1</round>
<failsafecounter/>
<players><player seat="3" name="OndaBianca1" chips="472" dealer="0" win="75" bet="65" muck="1" rebuy="0" addon="0" merge="0" rebuychips="0" reg_code="5083897541"/>
<player seat="6" name="M1ky3ste92" chips="650" dealer="1" win="0" bet="5" muck="1" rebuy="0" addon="0" merge="0" rebuychips="0" reg_code="5083899278"/>
<player seat="10" name="Matteo73730505" chips="378" dealer="0" win="0" bet="35" muck="1" rebuy="0" addon="0" merge="0" rebuychips="0" reg_code="5083899503"/>
</players>
</general>
<round no="0"><action no="1" player="Matteo73730505" type="15" discard="1" dealt="1" sum="5"/>
<action no="2" player="OndaBianca1" type="15" discard="1" dealt="1" sum="5"/>
<action no="3" player="M1ky3ste92" type="15" sum="5"/>
<action no="4" player="Matteo73730505" type="1" discard="1" dealt="1" sum="15"/>
<action no="5" player="OndaBianca1" type="2" discard="1" dealt="1" sum="30"/>
</round>
<round no="1"><cards type="Pocket" player="M1ky3ste92">H6 SK</cards>
<cards type="Pocket" player="Matteo73730505">X X</cards>
<cards type="Pocket" player="OndaBianca1">X X</cards>
<action no="6" player="M1ky3ste92" type="0" sum="0"/>
<action no="7" player="Matteo73730505" type="3" discard="1" dealt="1" sum="15"/>
<action no="8" player="OndaBianca1" type="4" discard="1" dealt="1" sum="0"/>
</round>
<round no="2"><cards type="Flop">D5 DQ CJ</cards>
<action no="9" player="Matteo73730505" type="4" discard="1" dealt="1" sum="0"/>
<action no="10" player="OndaBianca1" type="5" discard="1" dealt="1" sum="30"/>
<action no="11" player="Matteo73730505" type="0" discard="1" dealt="1" sum="0"/>
</round>
</game>
<game gamecode="6572496190"><general>
<startdate>2025-12-27 02:11:51</startdate>
<round>1</round>
<failsafecounter/>
<players><player seat="6" name="M1ky3ste92" chips="645" dealer="0" win="0" bet="35" muck="1" rebuy="0" addon="0" merge="0" rebuychips="0" reg_code="5083899278"/>
<player seat="10" name="Matteo73730505" chips="343" dealer="1" win="0" bet="343" muck="0" rebuy="0" addon="0" merge="0" rebuychips="0" reg_code="5083899503"/>
<player seat="3" name="OndaBianca1" chips="512" dealer="0" win="721" bet="512" muck="0" rebuy="0" addon="0" merge="0" rebuychips="0" reg_code="5083897541"/>
</players>
</general>
<round no="0"><action no="1" player="OndaBianca1" type="15" discard="1" dealt="1" sum="5"/>
<action no="2" player="M1ky3ste92" type="15" sum="5"/>
<action no="3" player="Matteo73730505" type="15" discard="1" dealt="1" sum="5"/>
<action no="4" player="OndaBianca1" type="1" discard="1" dealt="1" sum="15"/>
<action no="5" player="M1ky3ste92" type="2" sum="30"/>
</round>
<round no="1"><cards type="Pocket" player="OndaBianca1">HA S7</cards>
<cards type="Pocket" player="M1ky3ste92">D5 SJ</cards>
<cards type="Pocket" player="Matteo73730505">DQ HK</cards>
<action no="6" player="Matteo73730505" type="23" discard="1" dealt="1" sum="338"/>
<action no="7" player="OndaBianca1" type="7" discard="1" dealt="1" sum="492"/>
<action no="8" player="M1ky3ste92" type="0" sum="0"/>
</round>
<round no="2"><cards type="Flop">H2 CA H6</cards>
</round>
<round no="3"><cards type="Turn">S5</cards>
</round>
<round no="4"><cards type="River">H8</cards>
</round>
</game>
<game gamecode="6572499980"><general>
<startdate>2025-12-27 02:12:11</startdate>
<round>1</round>
<failsafecounter/>
<players><player seat="6" name="M1ky3ste92" chips="610" dealer="0" win="90" bet="125" muck="1" rebuy="0" addon="0" merge="0" rebuychips="0" reg_code="5083899278"/>
<player seat="3" name="OndaBianca1" chips="890" dealer="1" win="0" bet="45" muck="1" rebuy="0" addon="0" merge="0" rebuychips="0" reg_code="5083897541"/>
</players>
</general>
<round no="0"><action no="1" player="OndaBianca1" type="15" discard="1" dealt="1" sum="5"/>
<action no="2" player="M1ky3ste92" type="15" sum="5"/>
<action no="3" player="OndaBianca1" type="1" discard="1" dealt="1" sum="20"/>
<action no="4" player="M1ky3ste92" type="2" sum="40"/>
</round>
<round no="1"><cards type="Pocket" player="OndaBianca1">X X</cards>
<cards type="Pocket" player="M1ky3ste92">S10 SK</cards>
<action no="5" player="OndaBianca1" type="3" discard="1" dealt="1" sum="20"/>
<action no="6" player="M1ky3ste92" type="23" sum="120"/>
<action no="7" player="OndaBianca1" type="0" discard="1" dealt="1" sum="0"/>
</round>
</game>
<game gamecode="6572500045"><general>
<startdate>2025-12-27 02:12:27</startdate>
<round>1</round>
<failsafecounter/>
<players><player seat="3" name="OndaBianca1" chips="845" dealer="0" win="90" bet="113" muck="1" rebuy="0" addon="0" merge="0" rebuychips="0" reg_code="5083897541"/>
<player seat="6" name="M1ky3ste92" chips="655" dealer="1" win="0" bet="45" muck="1" rebuy="0" addon="0" merge="0" rebuychips="0" reg_code="5083899278"/>
</players>
</general>
<round no="0"><action no="1" player="M1ky3ste92" type="15" sum="5"/>
<action no="2" player="OndaBianca1" type="15" discard="1" dealt="1" sum="5"/>
<action no="3" player="M1ky3ste92" type="1" sum="20"/>
<action no="4" player="OndaBianca1" type="2" discard="1" dealt="1" sum="40"/>
</round>
<round no="1"><cards type="Pocket" player="OndaBianca1">X X</cards>
<cards type="Pocket" player="M1ky3ste92">D3 D10</cards>
<action no="5" player="M1ky3ste92" type="3" sum="20"/>
<action no="6" player="OndaBianca1" type="4" discard="1" dealt="1" sum="0"/>
</round>
<round no="2"><cards type="Flop">S9 DJ C2</cards>
<action no="7" player="OndaBianca1" type="4" discard="1" dealt="1" sum="0"/>
<action no="8" player="M1ky3ste92" type="4" sum="0"/>
</round>
<round no="3"><cards type="Turn">C5</cards>
<action no="9" player="OndaBianca1" type="5" discard="1" dealt="1" sum="68"/>
<action no="10" player="M1ky3ste92" type="0" sum="0"/>
</round>
</game>
<game gamecode="6572500159"><general>
<startdate>2025-12-27 02:12:58</startdate>
<round>1</round>
<failsafecounter/>
<players><player seat="6" name="M1ky3ste92" chips="610" dealer="0" win="170" bet="85" muck="0" rebuy="0" addon="0" merge="0" rebuychips="0" reg_code="5083899278"/>
<player seat="3" name="OndaBianca1" chips="890" dealer="1" win="0" bet="85" muck="1" rebuy="0" addon="0" merge="0" rebuychips="0" reg_code="5083897541"/>
</players>
</general>
<round no="0"><action no="1" player="OndaBianca1" type="15" discard="1" dealt="1" sum="5"/>
<action no="2" player="M1ky3ste92" type="15" sum="5"/>
<action no="3" player="OndaBianca1" type="1" discard="1" dealt="1" sum="20"/>
<action no="4" player="M1ky3ste92" type="2" sum="40"/>
</round>
<round no="1"><cards type="Pocket" player="M1ky3ste92">S10 C6</cards>
<cards type="Pocket" player="OndaBianca1">C4 D5</cards>
<action no="5" player="OndaBianca1" type="3" discard="1" dealt="1" sum="20"/>
<action no="6" player="M1ky3ste92" type="4" sum="0"/>
</round>
<round no="2"><cards type="Flop">D10 SJ H7</cards>
<action no="7" player="M1ky3ste92" type="4" sum="0"/>
<action no="8" player="OndaBianca1" type="5" discard="1" dealt="1" sum="40"/>
<action no="9" player="M1ky3ste92" type="3" sum="40"/>
</round>
<round no="3"><cards type="Turn">D7</cards>
<action no="10" player="M1ky3ste92" type="4" sum="0"/>
<action no="11" player="OndaBianca1" type="4" discard="1" dealt="1" sum="0"/>
</round>
<round no="4"><cards type="River">C9</cards>
<action no="12" player="M1ky3ste92" type="4" sum="0"/>
<action no="13" player="OndaBianca1" type="4" discard="1" dealt="1" sum="0"/>
</round>
</game>
<game gamecode="6572500325"><general>
<startdate>2025-12-27 02:13:42</startdate>
<round>1</round>
<failsafecounter/>
<players><player seat="3" name="OndaBianca1" chips="805" dealer="0" win="90" bet="805" muck="1" rebuy="0" addon="0" merge="0" rebuychips="0" reg_code="5083897541"/>
<player seat="6" name="M1ky3ste92" chips="695" dealer="1" win="0" bet="45" muck="1" rebuy="0" addon="0" merge="0" rebuychips="0" reg_code="5083899278"/>
</players>
</general>
<round no="0"><action no="1" player="M1ky3ste92" type="15" sum="5"/>
<action no="2" player="OndaBianca1" type="15" discard="1" dealt="1" sum="5"/>
<action no="3" player="M1ky3ste92" type="1" sum="20"/>
<action no="4" player="OndaBianca1" type="2" discard="1" dealt="1" sum="40"/>
</round>
<round no="1"><cards type="Pocket" player="M1ky3ste92">C10 H8</cards>
<cards type="Pocket" player="OndaBianca1">X X</cards>
<action no="5" player="M1ky3ste92" type="3" sum="20"/>
<action no="6" player="OndaBianca1" type="23" discard="1" dealt="1" sum="800"/>
<action no="7" player="M1ky3ste92" type="0" sum="0"/>
</round>
</game>
<game gamecode="6572500355"><general>
<startdate>2025-12-27 02:13:55</startdate>
<round>1</round>
<failsafecounter/>
<players><player seat="6" name="M1ky3ste92" chips="650" dealer="0" win="0" bet="650" muck="0" rebuy="0" addon="0" merge="0" rebuychips="0" reg_code="5083899278"/>
<player seat="3" name="OndaBianca1" chips="850" dealer="1" win="1,300" bet="650" muck="0" rebuy="0" addon="0" merge="0" rebuychips="0" reg_code="5083897541"/>
</players>
</general>
<round no="0"><action no="1" player="OndaBianca1" type="15" discard="1" dealt="1" sum="5"/>
<action no="2" player="M1ky3ste92" type="15" sum="5"/>
<action no="3" player="OndaBianca1" type="1" discard="1" dealt="1" sum="30"/>
<action no="4" player="M1ky3ste92" type="2" sum="60"/>
</round>
<round no="1"><cards type="Pocket" player="M1ky3ste92">C4 H4</cards>
<cards type="Pocket" player="OndaBianca1">HQ HA</cards>
<action no="5" player="OndaBianca1" type="3" discard="1" dealt="1" sum="30"/>
<action no="6" player="M1ky3ste92" type="23" sum="645"/>
<action no="7" player="OndaBianca1" type="3" discard="1" dealt="1" sum="585"/>
</round>
<round no="2"><cards type="Flop">CA S5 DQ</cards>
</round>
<round no="3"><cards type="Turn">C6</cards>
</round>
<round no="4"><cards type="River">H9</cards>
</round>
</game>
</session>
