<?xml version="1.0" encoding="UTF-8"?>
<session sessioncode="5083781753">
<general>
<client_version>24.7.1.18</client_version>
<mode>real</mode>
<gametype>Holdem NL</gametype>
<tablename>Twister €100 SNG, 824814600</tablename>
<tournamentcode>824814599</tournamentcode>
<tournamentname>Twister €100 SNG</tournamentname>
<buyin>€0 + €7 + €93</buyin>
<totalbuyin>€100</totalbuyin>
<rewarddrawn>€200</rewarddrawn>
<tournamentcurrency>EUR</tournamentcurrency>
<currency>EUR</currency>
<nickname>M1ky3ste92</nickname>
<gamecount>10</gamecount>
<startdate>2025-12-26 19:38:58</startdate>
<place>3</place>
<win>€0</win>
<tablesize>3</tablesize>
</general>
<game gamecode="6571998686"><general>
<startdate>2025-12-26 19:39:14</startdate>
<round>1</round>
<failsafecounter/>
<players><player seat="6" name="alwaysss" chips="500" dealer="0" win="160" bet="80" muck="0" rebuy="0" addon="0" merge="0" rebuychips="0" reg_code="5083781620"/>
<player seat="10" name="M1ky3ste92" chips="500" dealer="1" win="0" bet="0" muck="1" rebuy="0" addon="0" merge="0" rebuychips="0" reg_code="5083781753"/>
<player seat="3" name="Ankalaev" chips="500" dealer="0" win="0" bet="80" muck="1" rebuy="0" addon="0" merge="0" rebuychips="0" reg_code="5083778907"/>
</players>
</general>
<round no="0"><action no="1" player="Ankalaev" type="1" discard="1" dealt="1" sum="10"/>
<action no="2" player="alwaysss" type="2" discard="1" dealt="1" sum="20"/>
</round>
<round no="1"><cards type="Pocket" player="alwaysss">H2 CK</cards>
<cards type="Pocket" player="Ankalaev">H6 S8</cards>
<cards type="Pocket" player="M1ky3ste92">HK S6</cards>
<action no="3" player="M1ky3ste92" type="0" sum="0"/>
<action no="4" player="Ankalaev" type="3" discard="1" dealt="1" sum="10"/>
<action no="5" player="alwaysss" type="4" discard="1" dealt="1" sum="0"/>
</round>
<round no="2"><cards type="Flop">CJ C9 HA</cards>
<action no="6" player="Ankalaev" type="5" discard="1" dealt="1" sum="20"/>
<action no="7" player="alwaysss" type="3" discard="1" dealt="1" sum="20"/>
</round>
<round no="3"><cards type="Turn">H7</cards>
<action no="8" player="Ankalaev" type="4" discard="1" dealt="1" sum="0"/>
<action no="9" player="alwaysss" type="5" discard="1" dealt="1" sum="40"/>
<action no="10" player="Ankalaev" type="3" discard="1" dealt="1" sum="40"/>
</round>
<round no="4"><cards type="River">C7</cards>
<action no="11" player="Ankalaev" type="4" discard="1" dealt="1" sum="0"/>
<action no="12" player="alwaysss" type="4" discard="1" dealt="1" sum="0"/>
</round>
</game>
<game gamecode="6571998984"><general>
<startdate>2025-12-26 19:39:58</startdate>
<round>1</round>
<failsafecounter/>
<players><player seat="10" name="M1ky3ste92" chips="500" dealer="0" win="134" bet="155" muck="1" rebuy="0" addon="0" merge="0" rebuychips="0" reg_code="5083781753"/>
<player seat="3" name="Ankalaev" chips="420" dealer="1" win="0" bet="62" muck="1" rebuy="0" addon="0" merge="0" rebuychips="0" reg_code="5083778907"/>
<player seat="6" name="alwaysss" chips="580" dealer="0" win="0" bet="10" muck="1" rebuy="0" addon="0" merge="0" rebuychips="0" reg_code="5083781620"/>
</players>
</general>
<round no="0"><action no="1" player="alwaysss" type="1" discard="1" dealt="1" sum="10"/>
<action no="2" player="M1ky3ste92" type="2" sum="20"/>
</round>
<round no="1"><cards type="Pocket" player="M1ky3ste92">SJ S7</cards>
<cards type="Pocket" player="Ankalaev">X X</cards>
<cards type="Pocket" player="alwaysss">X X</cards>
<action no="3" player="Ankalaev" type="23" discard="1" dealt="1" sum="40"/>
<action no="4" player="alwaysss" type="0" discard="1" dealt="1" sum="0"/>
<action no="5" player="M1ky3ste92" type="3" sum="20"/>
</round>
<round no="2"><cards type="Flop">S2 H7 SA</cards>
<action no="6" player="M1ky3ste92" type="4" sum="0"/>
<action no="7" player="Ankalaev" type="5" discard="1" dealt="1" sum="22"/>
<action no="8" player="M1ky3ste92" type="3" sum="22"/>
</round>
<round no="3"><cards type="Turn">S5</cards>
<action no="9" player="M1ky3ste92" type="4" sum="0"/>
<action no="10" player="Ankalaev" type="4" discard="1" dealt="1" sum="0"/>
</round>
<round no="4"><cards type="River">D9</cards>
<action no="11" player="M1ky3ste92" type="5" sum="93"/>
<action no="12" player="Ankalaev" type="0" discard="1" dealt="1" sum="0"/>
</round>
</game>
<game gamecode="6572003088"><general>
<startdate>2025-12-26 19:40:28</startdate>
<round>1</round>
<failsafecounter/>
<players><player seat="3" name="Ankalaev" chips="358" dealer="0" win="0" bet="20" muck="1" rebuy="0" addon="0" merge="0" rebuychips="0" reg_code="5083778907"/>
<player seat="6" name="alwaysss" chips="570" dealer="1" win="50" bet="60" muck="1" rebuy="0" addon="0" merge="0" rebuychips="0" reg_code="5083781620"/>
<player seat="10" name="M1ky3ste92" chips="572" dealer="0" win="0" bet="10" muck="1" rebuy="0" addon="0" merge="0" rebuychips="0" reg_code="5083781753"/>
</players>
</general>
<round no="0"><action no="1" player="M1ky3ste92" type="1" sum="10"/>
<action no="2" player="Ankalaev" type="2" discard="1" dealt="1" sum="20"/>
</round>
<round no="1"><cards type="Pocket" player="Ankalaev">X X</cards>
<cards type="Pocket" player="M1ky3ste92">HA D8</cards>
<cards type="Pocket" player="alwaysss">X X</cards>
<action no="3" player="alwaysss" type="23" discard="1" dealt="1" sum="60"/>
<action no="4" player="M1ky3ste92" type="0" sum="0"/>
<action no="5" player="Ankalaev" type="0" discard="1" dealt="1" sum="0"/>
</round>
</game>
<game gamecode="6572003202"><general>
<startdate>2025-12-26 19:40:45</startdate>
<round>1</round>
<failsafecounter/>
<players><player seat="6" name="alwaysss" chips="600" dealer="0" win="0" bet="80" muck="1" rebuy="0" addon="0" merge="0" rebuychips="0" reg_code="5083781620"/>
<player seat="10" name="M1ky3ste92" chips="562" dealer="1" win="0" bet="0" muck="1" rebuy="0" addon="0" merge="0" rebuychips="0" reg_code="5083781753"/>
<player seat="3" name="Ankalaev" chips="338" dealer="0" win="160" bet="200" muck="1" rebuy="0" addon="0" merge="0" rebuychips="0" reg_code="5083778907"/>
</players>
</general>
<round no="0"><action no="1" player="Ankalaev" type="1" discard="1" dealt="1" sum="10"/>
<action no="2" player="alwaysss" type="2" discard="1" dealt="1" sum="20"/>
</round>
<round no="1"><cards type="Pocket" player="M1ky3ste92">H5 S8</cards>
<cards type="Pocket" player="Ankalaev">X X</cards>
<cards type="Pocket" player="alwaysss">X X</cards>
<action no="3" player="M1ky3ste92" type="0" sum="0"/>
<action no="4" player="Ankalaev" type="3" discard="1" dealt="1" sum="10"/>
<action no="5" player="alwaysss" type="4" discard="1" dealt="1" sum="0"/>
</round>
<round no="2"><cards type="Flop">C4 HA S7</cards>
<action no="6" player="Ankalaev" type="4" discard="1" dealt="1" sum="0"/>
<action no="7" player="alwaysss" type="5" discard="1" dealt="1" sum="20"/>
<action no="8" player="Ankalaev" type="3" discard="1" dealt="1" sum="20"/>
</round>
<round no="3"><cards type="Turn">DJ</cards>
<action no="9" player="Ankalaev" type="5" discard="1" dealt="1" sum="40"/>
<action no="10" player="alwaysss" type="3" discard="1" dealt="1" sum="40"/>
</round>
<round no="4"><cards type="River">S2</cards>
<action no="11" player="Ankalaev" type="5" discard="1" dealt="1" sum="120"/>
<action no="12" player="alwaysss" type="0" discard="1" dealt="1" sum="0"/>
</round>
</game>
<game gamecode="6572003458"><general>
<startdate>2025-12-26 19:41:23</startdate>
<round>1</round>
<failsafecounter/>
<players><player seat="10" name="M1ky3ste92" chips="562" dealer="0" win="0" bet="35" muck="1" rebuy="0" addon="0" merge="0" rebuychips="0" reg_code="5083781753"/>
<player seat="3" name="Ankalaev" chips="418" dealer="1" win="90" bet="418" muck="1" rebuy="0" addon="0" merge="0" rebuychips="0" reg_code="5083778907"/>
<player seat="6" name="alwaysss" chips="520" dealer="0" win="0" bet="20" muck="1" rebuy="0" addon="0" merge="0" rebuychips="0" reg_code="5083781620"/>
</players>
</general>
<round no="0"><action no="1" player="alwaysss" type="15" discard="1" dealt="1" sum="5"/>
<action no="2" player="M1ky3ste92" type="15" sum="5"/>
<action no="3" player="Ankalaev" type="15" discard="1" dealt="1" sum="5"/>
<action no="4" player="alwaysss" type="1" discard="1" dealt="1" sum="15"/>
<action no="5" player="M1ky3ste92" type="2" sum="30"/>
</round>
<round no="1"><cards type="Pocket" player="M1ky3ste92">D5 D10</cards>
<cards type="Pocket" player="Ankalaev">X X</cards>
<cards type="Pocket" player="alwaysss">X X</cards>
<action no="6" player="Ankalaev" type="23" discard="1" dealt="1" sum="413"/>
<action no="7" player="alwaysss" type="0" discard="1" dealt="1" sum="0"/>
<action no="8" player="M1ky3ste92" type="0" sum="0"/>
</round>
</game>
<game gamecode="6572003570"><general>
<startdate>2025-12-26 19:41:39</startdate>
<round>1</round>
<failsafecounter/>
<players><player seat="3" name="Ankalaev" chips="473" dealer="0" win="0" bet="35" muck="1" rebuy="0" addon="0" merge="0" rebuychips="0" reg_code="5083778907"/>
<player seat="6" name="alwaysss" chips="500" dealer="1" win="90" bet="500" muck="1" rebuy="0" addon="0" merge="0" rebuychips="0" reg_code="5083781620"/>
<player seat="10" name="M1ky3ste92" chips="527" dealer="0" win="0" bet="20" muck="1" rebuy="0" addon="0" merge="0" rebuychips="0" reg_code="5083781753"/>
</players>
</general>
<round no="0"><action no="1" player="M1ky3ste92" type="15" sum="5"/>
<action no="2" player="Ankalaev" type="15" discard="1" dealt="1" sum="5"/>
<action no="3" player="alwaysss" type="15" discard="1" dealt="1" sum="5"/>
<action no="4" player="M1ky3ste92" type="1" sum="15"/>
<action no="5" player="Ankalaev" type="2" discard="1" dealt="1" sum="30"/>
</round>
<round no="1"><cards type="Pocket" player="M1ky3ste92">DJ C10</cards>
<cards type="Pocket" player="Ankalaev">X X</cards>
<cards type="Pocket" player="alwaysss">X X</cards>
<action no="6" player="alwaysss" type="23" discard="1" dealt="1" sum="495"/>
<action no="7" player="M1ky3ste92" type="0" sum="0"/>
<action no="8" player="Ankalaev" type="0" discard="1" dealt="1" sum="0"/>
</round>
</game>
<game gamecode="6572003639"><general>
<startdate>2025-12-26 19:41:49</startdate>
<round>1</round>
<failsafecounter/>
<players><player seat="6" name="alwaysss" chips="555" dealer="0" win="75" bet="72" muck="1" rebuy="0" addon="0" merge="0" rebuychips="0" reg_code="5083781620"/>
<player seat="10" name="M1ky3ste92" chips="507" dealer="1" win="0" bet="5" muck="1" rebuy="0" addon="0" merge="0" rebuychips="0" reg_code="5083781753"/>
<player seat="3" name="Ankalaev" chips="438" dealer="0" win="0" bet="35" muck="1" rebuy="0" addon="0" merge="0" rebuychips="0" reg_code="5083778907"/>
</players>
</general>
<round no="0"><action no="1" player="Ankalaev" type="15" discard="1" dealt="1" sum="5"/>
<action no="2" player="alwaysss" type="15" discard="1" dealt="1" sum="5"/>
<action no="3" player="M1ky3ste92" type="15" sum="5"/>
<action no="4" player="Ankalaev" type="1" discard="1" dealt="1" sum="15"/>
<action no="5" player="alwaysss" type="2" discard="1" dealt="1" sum="30"/>
</round>
<round no="1"><cards type="Pocket" player="M1ky3ste92">D8 HK</cards>
<cards type="Pocket" player="Ankalaev">X X</cards>
<cards type="Pocket" player="alwaysss">X X</cards>
<action no="6" player="M1ky3ste92" type="0" sum="0"/>
<action no="7" player="Ankalaev" type="3" discard="1" dealt="1" sum="15"/>
<action no="8" player="alwaysss" type="4" discard="1" dealt="1" sum="0"/>
</round>
<round no="2"><cards type="Flop">DJ SJ C5</cards>
<action no="9" player="Ankalaev" type="4" discard="1" dealt="1" sum="0"/>
<action no="10" player="alwaysss" type="4" discard="1" dealt="1" sum="0"/>
</round>
<round no="3"><cards type="Turn">S4</cards>
<action no="11" player="Ankalaev" type="4" discard="1" dealt="1" sum="0"/>
<action no="12" player="alwaysss" type="5" discard="1" dealt="1" sum="37"/>
<action no="13" player="Ankalaev" type="0" discard="1" dealt="1" sum="0"/>
</round>
</game>
<game gamecode="6572003930"><general>
<startdate>2025-12-26 19:42:31</startdate>
<round>1</round>
<failsafecounter/>
<players><player seat="10" name="M1ky3ste92" chips="502" dealer="0" win="0" bet="35" muck="1" rebuy="0" addon="0" merge="0" rebuychips="0" reg_code="5083781753"/>
<player seat="3" name="Ankalaev" chips="403" dealer="1" win="90" bet="403" muck="1" rebuy="0" addon="0" merge="0" rebuychips="0" reg_code="5083778907"/>
<player seat="6" name="alwaysss" chips="595" dealer="0" win="0" bet="20" muck="1" rebuy="0" addon="0" merge="0" rebuychips="0" reg_code="5083781620"/>
</players>
</general>
<round no="0"><action no="1" player="alwaysss" type="15" discard="1" dealt="1" sum="5"/>
<action no="2" player="M1ky3ste92" type="15" sum="5"/>
<action no="3" player="Ankalaev" type="15" discard="1" dealt="1" sum="5"/>
<action no="4" player="alwaysss" type="1" discard="1" dealt="1" sum="15"/>
<action no="5" player="M1ky3ste92" type="2" sum="30"/>
</round>
<round no="1"><cards type="Pocket" player="M1ky3ste92">C7 SA</cards>
<cards type="Pocket" player="alwaysss">X X</cards>
<cards type="Pocket" player="Ankalaev">X X</cards>
<action no="6" player="Ankalaev" type="23" discard="1" dealt="1" sum="398"/>
<action no="7" player="alwaysss" type="0" discard="1" dealt="1" sum="0"/>
<action no="8" player="M1ky3ste92" type="0" sum="0"/>
</round>
</game>
<game gamecode="6572004034"><general>
<startdate>2025-12-26 19:42:44</startdate>
<round>1</round>
<failsafecounter/>
<players><player seat="3" name="Ankalaev" chips="458" dealer="0" win="921" bet="458" muck="0" rebuy="0" addon="0" merge="0" rebuychips="0" reg_code="5083778907"/>
<player seat="6" name="alwaysss" chips="575" dealer="1" win="0" bet="5" muck="1" rebuy="0" addon="0" merge="0" rebuychips="0" reg_code="5083781620"/>
<player seat="10" name="M1ky3ste92" chips="467" dealer="0" win="0" bet="458" muck="1" rebuy="0" addon="0" merge="0" rebuychips="0" reg_code="5083781753"/>
</players>
</general>
<round no="0"><action no="1" player="M1ky3ste92" type="15" sum="5"/>
<action no="2" player="Ankalaev" type="15" discard="1" dealt="1" sum="5"/>
<action no="3" player="alwaysss" type="15" discard="1" dealt="1" sum="5"/>
<action no="4" player="M1ky3ste92" type="1" sum="20"/>
<action no="5" player="Ankalaev" type="2" discard="1" dealt="1" sum="40"/>
</round>
<round no="1"><cards type="Pocket" player="Ankalaev">S9 SQ</cards>
<cards type="Pocket" player="M1ky3ste92">CQ HQ</cards>
<cards type="Pocket" player="alwaysss">X X</cards>
<action no="6" player="alwaysss" type="0" discard="1" dealt="1" sum="0"/>
<action no="7" player="M1ky3ste92" type="3" sum="20"/>
<action no="8" player="Ankalaev" type="23" discard="1" dealt="1" sum="100"/>
<action no="9" player="M1ky3ste92" type="3" sum="60"/>
</round>
<round no="2"><cards type="Flop">SA S7 D9</cards>
<action no="10" player="M1ky3ste92" type="4" sum="0"/>
<action no="11" player="Ankalaev" type="5" discard="1" dealt="1" sum="54"/>
<action no="12" player="M1ky3ste92" type="3" sum="54"/>
</round>
<round no="3"><cards type="Turn">HJ</cards>
<action no="13" player="M1ky3ste92" type="4" sum="0"/>
<action no="14" player="Ankalaev" type="4" discard="1" dealt="1" sum="0"/>
</round>
<round no="4"><cards type="River">S2</cards>
<action no="15" player="M1ky3ste92" type="4" sum="0"/>
<action no="16" player="Ankalaev" type="5" discard="1" dealt="1" sum="299"/>
<action no="17" player="M1ky3ste92" type="3" sum="299"/>
</round>
</game>
<game gamecode="6572004362"><general>
<startdate>2025-12-26 19:43:26</startdate>
<round>1</round>
<failsafecounter/>
<players><player seat="6" name="alwaysss" chips="570" dealer="0" win="0" bet="570" muck="1" rebuy="0" addon="0" merge="0" rebuychips="0" reg_code="5083781620"/>
<player seat="10" name="M1ky3ste92" chips="9" dealer="1" win="0" bet="9" muck="0" rebuy="0" addon="0" merge="0" rebuychips="0" reg_code="5083781753"/>
<player seat="3" name="Ankalaev" chips="921" dealer="0" win="1,149" bet="921" muck="0" rebuy="0" addon="0" merge="0" rebuychips="0" reg_code="5083778907"/>
</players>
</general>
<round no="0"><action no="1" player="Ankalaev" type="15" discard="1" dealt="1" sum="5"/>
<action no="2" player="alwaysss" type="15" discard="1" dealt="1" sum="5"/>
<action no="3" player="M1ky3ste92" type="15" sum="5"/>
<action no="4" player="Ankalaev" type="1" discard="1" dealt="1" sum="20"/>
<action no="5" player="alwaysss" type="2" discard="1" dealt="1" sum="40"/>
</round>
<round no="1"><cards type="Pocket" player="M1ky3ste92">D6 D8</cards>
<cards type="Pocket" player="alwaysss">S7 D7</cards>
<cards type="Pocket" player="Ankalaev">CK CQ</cards>
<action no="6" player="M1ky3ste92" type="7" sum="4"/>
<action no="7" player="Ankalaev" type="23" discard="1" dealt="1" sum="916"/>
<action no="8" player="alwaysss" type="7" discard="1" dealt="1" sum="525"/>
</round>
<round no="2"><cards type="Flop">H9 SQ SJ</cards>
</round>
<round no="3"><cards type="Turn">HJ</cards>
</round>
<round no="4"><cards type="River">D2</cards>
</round>
</game>
</session>
