<?xml version="1.0" encoding="UTF-8"?>
<session sessioncode="5083771265">
<general>
<client_version>24.7.1.18</client_version>
<mode>real</mode>
<gametype>Holdem NL</gametype>
<tablename>Twister €100 SNG, 824813644</tablename>
<tournamentcode>824813641</tournamentcode>
<tournamentname>Twister €100 SNG</tournamentname>
<buyin>€0 + €7 + €93</buyin>
<totalbuyin>€100</totalbuyin>
<rewarddrawn>€400</rewarddrawn>
<tournamentcurrency>EUR</tournamentcurrency>
<currency>EUR</currency>
<nickname>M1ky3ste92</nickname>
<gamecount>14</gamecount>
<startdate>2025-12-26 19:06:52</startdate>
<place>1</place>
<win>€400</win>
<tablesize>3</tablesize>
</general>
<game gamecode="6571961818"><general>
<startdate>2025-12-26 19:07:07</startdate>
<round>1</round>
<failsafecounter/>
<players><player seat="3" name="Ankalaev" chips="500" dealer="0" win="0" bet="100" muck="1" rebuy="0" addon="0" merge="0" rebuychips="0" reg_code="5083767229"/>
<player seat="6" name="M1ky3ste92" chips="500" dealer="1" win="0" bet="40" muck="1" rebuy="0" addon="0" merge="0" rebuychips="0" reg_code="5083771265"/>
<player seat="10" name="alwaysss" chips="500" dealer="0" win="240" bet="100" muck="0" rebuy="0" addon="0" merge="0" rebuychips="0" reg_code="5083771553"/>
</players>
</general>
<round no="0"><action no="1" player="alwaysss" type="1" discard="1" dealt="1" sum="10"/>
<action no="2" player="Ankalaev" type="2" discard="1" dealt="1" sum="20"/>
</round>
<round no="1"><cards type="Pocket" player="alwaysss">C8 SJ</cards>
<cards type="Pocket" player="M1ky3ste92">CA H9</cards>
<cards type="Pocket" player="Ankalaev">S10 HJ</cards>
<action no="3" player="M1ky3ste92" type="23" sum="40"/>
<action no="4" player="alwaysss" type="3" discard="1" dealt="1" sum="30"/>
<action no="5" player="Ankalaev" type="3" discard="1" dealt="1" sum="20"/>
</round>
<round no="2"><cards type="Flop">D10 S9 HK</cards>
<action no="6" player="alwaysss" type="4" discard="1" dealt="1" sum="0"/>
<action no="7" player="Ankalaev" type="4" discard="1" dealt="1" sum="0"/>
<action no="8" player="M1ky3ste92" type="4" sum="0"/>
</round>
<round no="3"><cards type="Turn">D3</cards>
<action no="9" player="alwaysss" type="4" discard="1" dealt="1" sum="0"/>
<action no="10" player="Ankalaev" type="4" discard="1" dealt="1" sum="0"/>
<action no="11" player="M1ky3ste92" type="4" sum="0"/>
</round>
<round no="4"><cards type="River">D7</cards>
<action no="12" player="alwaysss" type="5" discard="1" dealt="1" sum="60"/>
<action no="13" player="Ankalaev" type="3" discard="1" dealt="1" sum="60"/>
<action no="14" player="M1ky3ste92" type="0" sum="0"/>
</round>
</game>
<game gamecode="6571962272"><general>
<startdate>2025-12-26 19:08:08</startdate>
<round>1</round>
<failsafecounter/>
<players><player seat="6" name="M1ky3ste92" chips="460" dealer="0" win="0" bet="40" muck="1" rebuy="0" addon="0" merge="0" rebuychips="0" reg_code="5083771265"/>
<player seat="10" name="alwaysss" chips="640" dealer="1" win="0" bet="0" muck="1" rebuy="0" addon="0" merge="0" rebuychips="0" reg_code="5083771553"/>
<player seat="3" name="Ankalaev" chips="400" dealer="0" win="80" bet="40" muck="0" rebuy="0" addon="0" merge="0" rebuychips="0" reg_code="5083767229"/>
</players>
</general>
<round no="0"><action no="1" player="Ankalaev" type="1" discard="1" dealt="1" sum="10"/>
<action no="2" player="M1ky3ste92" type="2" sum="20"/>
</round>
<round no="1"><cards type="Pocket" player="alwaysss">X X</cards>
<cards type="Pocket" player="Ankalaev">D7 CJ</cards>
<cards type="Pocket" player="M1ky3ste92">S2 S3</cards>
<action no="3" player="alwaysss" type="0" discard="1" dealt="1" sum="0"/>
<action no="4" player="Ankalaev" type="3" discard="1" dealt="1" sum="10"/>
<action no="5" player="M1ky3ste92" type="4" sum="0"/>
</round>
<round no="2"><cards type="Flop">C10 H3 S8</cards>
<action no="6" player="Ankalaev" type="4" discard="1" dealt="1" sum="0"/>
<action no="7" player="M1ky3ste92" type="5" sum="20"/>
<action no="8" player="Ankalaev" type="3" discard="1" dealt="1" sum="20"/>
</round>
<round no="3"><cards type="Turn">C7</cards>
<action no="9" player="Ankalaev" type="4" discard="1" dealt="1" sum="0"/>
<action no="10" player="M1ky3ste92" type="4" sum="0"/>
</round>
<round no="4"><cards type="River">C6</cards>
<action no="11" player="Ankalaev" type="4" discard="1" dealt="1" sum="0"/>
<action no="12" player="M1ky3ste92" type="4" sum="0"/>
</round>
</game>
<game gamecode="6571962572"><general>
<startdate>2025-12-26 19:08:53</startdate>
<round>1</round>
<failsafecounter/>
<players><player seat="10" name="alwaysss" chips="640" dealer="0" win="0" bet="140" muck="1" rebuy="0" addon="0" merge="0" rebuychips="0" reg_code="5083771553"/>
<player seat="3" name="Ankalaev" chips="440" dealer="1" win="0" bet="0" muck="1" rebuy="0" addon="0" merge="0" rebuychips="0" reg_code="5083767229"/>
<player seat="6" name="M1ky3ste92" chips="420" dealer="0" win="280" bet="140" muck="0" rebuy="0" addon="0" merge="0" rebuychips="0" reg_code="5083771265"/>
</players>
</general>
<round no="0"><action no="1" player="M1ky3ste92" type="1" sum="10"/>
<action no="2" player="alwaysss" type="2" discard="1" dealt="1" sum="20"/>
</round>
<round no="1"><cards type="Pocket" player="M1ky3ste92">DJ D5</cards>
<cards type="Pocket" player="Ankalaev">X X</cards>
<cards type="Pocket" player="alwaysss">HA C8</cards>
<action no="3" player="Ankalaev" type="0" discard="1" dealt="1" sum="0"/>
<action no="4" player="M1ky3ste92" type="3" sum="10"/>
<action no="5" player="alwaysss" type="23" discard="1" dealt="1" sum="60"/>
<action no="6" player="M1ky3ste92" type="3" sum="40"/>
</round>
<round no="2"><cards type="Flop">SK D2 D10</cards>
<action no="7" player="M1ky3ste92" type="4" sum="0"/>
<action no="8" player="alwaysss" type="4" discard="1" dealt="1" sum="0"/>
</round>
<round no="3"><cards type="Turn">S9</cards>
<action no="9" player="M1ky3ste92" type="4" sum="0"/>
<action no="10" player="alwaysss" type="5" discard="1" dealt="1" sum="60"/>
<action no="11" player="M1ky3ste92" type="3" sum="60"/>
</round>
<round no="4"><cards type="River">CQ</cards>
<action no="12" player="M1ky3ste92" type="5" sum="20"/>
<action no="13" player="alwaysss" type="3" discard="1" dealt="1" sum="20"/>
</round>
</game>
<game gamecode="6571962831"><general>
<startdate>2025-12-26 19:09:30</startdate>
<round>1</round>
<failsafecounter/>
<players><player seat="3" name="Ankalaev" chips="440" dealer="0" win="0" bet="35" muck="1" rebuy="0" addon="0" merge="0" rebuychips="0" reg_code="5083767229"/>
<player seat="6" name="M1ky3ste92" chips="560" dealer="1" win="0" bet="5" muck="1" rebuy="0" addon="0" merge="0" rebuychips="0" reg_code="5083771265"/>
<player seat="10" name="alwaysss" chips="500" dealer="0" win="75" bet="500" muck="1" rebuy="0" addon="0" merge="0" rebuychips="0" reg_code="5083771553"/>
</players>
</general>
<round no="0"><action no="1" player="alwaysss" type="15" discard="1" dealt="1" sum="5"/>
<action no="2" player="Ankalaev" type="15" discard="1" dealt="1" sum="5"/>
<action no="3" player="M1ky3ste92" type="15" sum="5"/>
<action no="4" player="alwaysss" type="1" discard="1" dealt="1" sum="15"/>
<action no="5" player="Ankalaev" type="2" discard="1" dealt="1" sum="30"/>
</round>
<round no="1"><cards type="Pocket" player="Ankalaev">X X</cards>
<cards type="Pocket" player="M1ky3ste92">H5 S9</cards>
<cards type="Pocket" player="alwaysss">X X</cards>
<action no="6" player="M1ky3ste92" type="0" sum="0"/>
<action no="7" player="alwaysss" type="23" discard="1" dealt="1" sum="495"/>
<action no="8" player="Ankalaev" type="0" discard="1" dealt="1" sum="0"/>
</round>
</game>
<game gamecode="6571962964"><general>
<startdate>2025-12-26 19:09:48</startdate>
<round>1</round>
<failsafecounter/>
<players><player seat="6" name="M1ky3ste92" chips="555" dealer="0" win="0" bet="405" muck="1" rebuy="0" addon="0" merge="0" rebuychips="0" reg_code="5083771265"/>
<player seat="10" name="alwaysss" chips="540" dealer="1" win="0" bet="5" muck="1" rebuy="0" addon="0" merge="0" rebuychips="0" reg_code="5083771553"/>
<player seat="3" name="Ankalaev" chips="405" dealer="0" win="815" bet="405" muck="0" rebuy="0" addon="0" merge="0" rebuychips="0" reg_code="5083767229"/>
</players>
</general>
<round no="0"><action no="1" player="Ankalaev" type="15" discard="1" dealt="1" sum="5"/>
<action no="2" player="M1ky3ste92" type="15" sum="5"/>
<action no="3" player="alwaysss" type="15" discard="1" dealt="1" sum="5"/>
<action no="4" player="Ankalaev" type="1" discard="1" dealt="1" sum="15"/>
<action no="5" player="M1ky3ste92" type="2" sum="30"/>
</round>
<round no="1"><cards type="Pocket" player="Ankalaev">D9 SK</cards>
<cards type="Pocket" player="alwaysss">X X</cards>
<cards type="Pocket" player="M1ky3ste92">C6 CA</cards>
<action no="6" player="alwaysss" type="0" discard="1" dealt="1" sum="0"/>
<action no="7" player="Ankalaev" type="23" discard="1" dealt="1" sum="400"/>
<action no="8" player="M1ky3ste92" type="3" sum="370"/>
</round>
<round no="2"><cards type="Flop">H7 D8 CK</cards>
</round>
<round no="3"><cards type="Turn">S9</cards>
</round>
<round no="4"><cards type="River">CQ</cards>
</round>
</game>
<game gamecode="6571963143"><general>
<startdate>2025-12-26 19:10:13</startdate>
<round>1</round>
<failsafecounter/>
<players><player seat="10" name="alwaysss" chips="535" dealer="0" win="0" bet="35" muck="1" rebuy="0" addon="0" merge="0" rebuychips="0" reg_code="5083771553"/>
<player seat="3" name="Ankalaev" chips="815" dealer="1" win="90" bet="815" muck="1" rebuy="0" addon="0" merge="0" rebuychips="0" reg_code="5083767229"/>
<player seat="6" name="M1ky3ste92" chips="150" dealer="0" win="0" bet="20" muck="1" rebuy="0" addon="0" merge="0" rebuychips="0" reg_code="5083771265"/>
</players>
</general>
<round no="0"><action no="1" player="M1ky3ste92" type="15" sum="5"/>
<action no="2" player="alwaysss" type="15" discard="1" dealt="1" sum="5"/>
<action no="3" player="Ankalaev" type="15" discard="1" dealt="1" sum="5"/>
<action no="4" player="M1ky3ste92" type="1" sum="15"/>
<action no="5" player="alwaysss" type="2" discard="1" dealt="1" sum="30"/>
</round>
<round no="1"><cards type="Pocket" player="M1ky3ste92">S4 D6</cards>
<cards type="Pocket" player="alwaysss">X X</cards>
<cards type="Pocket" player="Ankalaev">X X</cards>
<action no="6" player="Ankalaev" type="23" discard="1" dealt="1" sum="810"/>
<action no="7" player="M1ky3ste92" type="0" sum="0"/>
<action no="8" player="alwaysss" type="0" discard="1" dealt="1" sum="0"/>
</round>
</game>
<game gamecode="6571963236"><general>
<startdate>2025-12-26 19:10:25</startdate>
<round>1</round>
<failsafecounter/>
<players><player seat="3" name="Ankalaev" chips="870" dealer="0" win="0" bet="290" muck="1" rebuy="0" addon="0" merge="0" rebuychips="0" reg_code="5083767229"/>
<player seat="6" name="M1ky3ste92" chips="130" dealer="1" win="0" bet="5" muck="1" rebuy="0" addon="0" merge="0" rebuychips="0" reg_code="5083771265"/>
<player seat="10" name="alwaysss" chips="500" dealer="0" win="585" bet="290" muck="0" rebuy="0" addon="0" merge="0" rebuychips="0" reg_code="5083771553"/>
</players>
</general>
<round no="0"><action no="1" player="alwaysss" type="15" discard="1" dealt="1" sum="5"/>
<action no="2" player="Ankalaev" type="15" discard="1" dealt="1" sum="5"/>
<action no="3" player="M1ky3ste92" type="15" sum="5"/>
<action no="4" player="alwaysss" type="1" discard="1" dealt="1" sum="15"/>
<action no="5" player="Ankalaev" type="2" discard="1" dealt="1" sum="30"/>
</round>
<round no="1"><cards type="Pocket" player="Ankalaev">D8 CK</cards>
<cards type="Pocket" player="M1ky3ste92">S7 H2</cards>
<cards type="Pocket" player="alwaysss">H10 HJ</cards>
<action no="6" player="M1ky3ste92" type="0" sum="0"/>
<action no="7" player="alwaysss" type="3" discard="1" dealt="1" sum="15"/>
<action no="8" player="Ankalaev" type="23" discard="1" dealt="1" sum="90"/>
<action no="9" player="alwaysss" type="3" discard="1" dealt="1" sum="60"/>
</round>
<round no="2"><cards type="Flop">C3 S9 DQ</cards>
<action no="10" player="alwaysss" type="4" discard="1" dealt="1" sum="0"/>
<action no="11" player="Ankalaev" type="5" discard="1" dealt="1" sum="49"/>
<action no="12" player="alwaysss" type="3" discard="1" dealt="1" sum="49"/>
</round>
<round no="3"><cards type="Turn">DA</cards>
<action no="13" player="alwaysss" type="4" discard="1" dealt="1" sum="0"/>
<action no="14" player="Ankalaev" type="4" discard="1" dealt="1" sum="0"/>
</round>
<round no="4"><cards type="River">S8</cards>
<action no="15" player="alwaysss" type="5" discard="1" dealt="1" sum="146"/>
<action no="16" player="Ankalaev" type="3" discard="1" dealt="1" sum="146"/>
</round>
</game>
<game gamecode="6571963490"><general>
<startdate>2025-12-26 19:11:01</startdate>
<round>1</round>
<failsafecounter/>
<players><player seat="6" name="M1ky3ste92" chips="125" dealer="0" win="45" bet="35" muck="1" rebuy="0" addon="0" merge="0" rebuychips="0" reg_code="5083771265"/>
<player seat="10" name="alwaysss" chips="795" dealer="1" win="0" bet="5" muck="1" rebuy="0" addon="0" merge="0" rebuychips="0" reg_code="5083771553"/>
<player seat="3" name="Ankalaev" chips="580" dealer="0" win="0" bet="20" muck="1" rebuy="0" addon="0" merge="0" rebuychips="0" reg_code="5083767229"/>
</players>
</general>
<round no="0"><action no="1" player="Ankalaev" type="15" discard="1" dealt="1" sum="5"/>
<action no="2" player="M1ky3ste92" type="15" sum="5"/>
<action no="3" player="alwaysss" type="15" discard="1" dealt="1" sum="5"/>
<action no="4" player="Ankalaev" type="1" discard="1" dealt="1" sum="15"/>
<action no="5" player="M1ky3ste92" type="2" sum="30"/>
</round>
<round no="1"><cards type="Pocket" player="M1ky3ste92">C8 S9</cards>
<cards type="Pocket" player="alwaysss">X X</cards>
<cards type="Pocket" player="Ankalaev">X X</cards>
<action no="6" player="alwaysss" type="0" discard="1" dealt="1" sum="0"/>
<action no="7" player="Ankalaev" type="0" discard="1" dealt="1" sum="0"/>
</round>
</game>
<game gamecode="6571963571"><general>
<startdate>2025-12-26 19:11:11</startdate>
<round>1</round>
<failsafecounter/>
<players><player seat="10" name="alwaysss" chips="790" dealer="0" win="0" bet="150" muck="1" rebuy="0" addon="0" merge="0" rebuychips="0" reg_code="5083771553"/>
<player seat="3" name="Ankalaev" chips="560" dealer="1" win="0" bet="5" muck="1" rebuy="0" addon="0" merge="0" rebuychips="0" reg_code="5083767229"/>
<player seat="6" name="M1ky3ste92" chips="150" dealer="0" win="305" bet="150" muck="0" rebuy="0" addon="0" merge="0" rebuychips="0" reg_code="5083771265"/>
</players>
</general>
<round no="0"><action no="1" player="M1ky3ste92" type="15" sum="5"/>
<action no="2" player="alwaysss" type="15" discard="1" dealt="1" sum="5"/>
<action no="3" player="Ankalaev" type="15" discard="1" dealt="1" sum="5"/>
<action no="4" player="M1ky3ste92" type="1" sum="20"/>
<action no="5" player="alwaysss" type="2" discard="1" dealt="1" sum="40"/>
</round>
<round no="1"><cards type="Pocket" player="M1ky3ste92">DK H3</cards>
<cards type="Pocket" player="Ankalaev">X X</cards>
<cards type="Pocket" player="alwaysss">S2 DA</cards>
<action no="6" player="Ankalaev" type="0" discard="1" dealt="1" sum="0"/>
<action no="7" player="M1ky3ste92" type="23" sum="120"/>
<action no="8" player="alwaysss" type="3" discard="1" dealt="1" sum="80"/>
</round>
<round no="2"><cards type="Flop">H5 HA D10</cards>
<action no="9" player="M1ky3ste92" type="7" sum="25"/>
<action no="10" player="alwaysss" type="3" discard="1" dealt="1" sum="25"/>
</round>
<round no="3"><cards type="Turn">HJ</cards>
</round>
<round no="4"><cards type="River">H8</cards>
</round>
</game>
<game gamecode="6571963759"><general>
<startdate>2025-12-26 19:11:38</startdate>
<round>1</round>
<failsafecounter/>
<players><player seat="3" name="Ankalaev" chips="555" dealer="0" win="0" bet="45" muck="1" rebuy="0" addon="0" merge="0" rebuychips="0" reg_code="5083767229"/>
<player seat="6" name="M1ky3ste92" chips="305" dealer="1" win="115" bet="305" muck="1" rebuy="0" addon="0" merge="0" rebuychips="0" reg_code="5083771265"/>
<player seat="10" name="alwaysss" chips="640" dealer="0" win="0" bet="25" muck="1" rebuy="0" addon="0" merge="0" rebuychips="0" reg_code="5083771553"/>
</players>
</general>
<round no="0"><action no="1" player="alwaysss" type="15" discard="1" dealt="1" sum="5"/>
<action no="2" player="Ankalaev" type="15" discard="1" dealt="1" sum="5"/>
<action no="3" player="M1ky3ste92" type="15" sum="5"/>
<action no="4" player="alwaysss" type="1" discard="1" dealt="1" sum="20"/>
<action no="5" player="Ankalaev" type="2" discard="1" dealt="1" sum="40"/>
</round>
<round no="1"><cards type="Pocket" player="M1ky3ste92">H9 SA</cards>
<cards type="Pocket" player="Ankalaev">X X</cards>
<cards type="Pocket" player="alwaysss">X X</cards>
<action no="6" player="M1ky3ste92" type="23" sum="300"/>
<action no="7" player="alwaysss" type="0" discard="1" dealt="1" sum="0"/>
<action no="8" player="Ankalaev" type="0" discard="1" dealt="1" sum="0"/>
</round>
</game>
<game gamecode="6571963875"><general>
<startdate>2025-12-26 19:11:56</startdate>
<round>1</round>
<failsafecounter/>
<players><player seat="6" name="M1ky3ste92" chips="375" dealer="0" win="755" bet="375" muck="0" rebuy="0" addon="0" merge="0" rebuychips="0" reg_code="5083771265"/>
<player seat="10" name="alwaysss" chips="615" dealer="1" win="0" bet="5" muck="1" rebuy="0" addon="0" merge="0" rebuychips="0" reg_code="5083771553"/>
<player seat="3" name="Ankalaev" chips="510" dealer="0" win="0" bet="510" muck="0" rebuy="0" addon="0" merge="0" rebuychips="0" reg_code="5083767229"/>
</players>
</general>
<round no="0"><action no="1" player="Ankalaev" type="15" discard="1" dealt="1" sum="5"/>
<action no="2" player="M1ky3ste92" type="15" sum="5"/>
<action no="3" player="alwaysss" type="15" discard="1" dealt="1" sum="5"/>
<action no="4" player="Ankalaev" type="1" discard="1" dealt="1" sum="20"/>
<action no="5" player="M1ky3ste92" type="2" sum="40"/>
</round>
<round no="1"><cards type="Pocket" player="Ankalaev">H6 H8</cards>
<cards type="Pocket" player="M1ky3ste92">SJ HA</cards>
<cards type="Pocket" player="alwaysss">X X</cards>
<action no="6" player="alwaysss" type="0" discard="1" dealt="1" sum="0"/>
<action no="7" player="Ankalaev" type="23" discard="1" dealt="1" sum="505"/>
<action no="8" player="M1ky3ste92" type="7" sum="330"/>
</round>
<round no="2"><cards type="Flop">SA C7 S7</cards>
</round>
<round no="3"><cards type="Turn">CJ</cards>
</round>
<round no="4"><cards type="River">S3</cards>
</round>
</game>
<game gamecode="6571969069"><general>
<startdate>2025-12-26 19:12:28</startdate>
<round>1</round>
<failsafecounter/>
<players><player seat="10" name="alwaysss" chips="610" dealer="0" win="55" bet="45" muck="1" rebuy="0" addon="0" merge="0" rebuychips="0" reg_code="5083771553"/>
<player seat="3" name="Ankalaev" chips="135" dealer="1" win="0" bet="5" muck="1" rebuy="0" addon="0" merge="0" rebuychips="0" reg_code="5083767229"/>
<player seat="6" name="M1ky3ste92" chips="755" dealer="0" win="0" bet="25" muck="1" rebuy="0" addon="0" merge="0" rebuychips="0" reg_code="5083771265"/>
</players>
</general>
<round no="0"><action no="1" player="M1ky3ste92" type="15" sum="5"/>
<action no="2" player="alwaysss" type="15" discard="1" dealt="1" sum="5"/>
<action no="3" player="Ankalaev" type="15" discard="1" dealt="1" sum="5"/>
<action no="4" player="M1ky3ste92" type="1" sum="20"/>
<action no="5" player="alwaysss" type="2" discard="1" dealt="1" sum="40"/>
</round>
<round no="1"><cards type="Pocket" player="alwaysss">X X</cards>
<cards type="Pocket" player="M1ky3ste92">S4 H9</cards>
<cards type="Pocket" player="Ankalaev">X X</cards>
<action no="6" player="Ankalaev" type="0" discard="1" dealt="1" sum="0"/>
<action no="7" player="M1ky3ste92" type="0" sum="0"/>
</round>
</game>
<game gamecode="6571969165"><general>
<startdate>2025-12-26 19:12:40</startdate>
<round>1</round>
<failsafecounter/>
<players><player seat="3" name="Ankalaev" chips="130" dealer="0" win="0" bet="45" muck="1" rebuy="0" addon="0" merge="0" rebuychips="0" reg_code="5083767229"/>
<player seat="6" name="M1ky3ste92" chips="730" dealer="1" win="115" bet="730" muck="1" rebuy="0" addon="0" merge="0" rebuychips="0" reg_code="5083771265"/>
<player seat="10" name="alwaysss" chips="640" dealer="0" win="0" bet="25" muck="1" rebuy="0" addon="0" merge="0" rebuychips="0" reg_code="5083771553"/>
</players>
</general>
<round no="0"><action no="1" player="alwaysss" type="15" discard="1" dealt="1" sum="5"/>
<action no="2" player="Ankalaev" type="15" discard="1" dealt="1" sum="5"/>
<action no="3" player="M1ky3ste92" type="15" sum="5"/>
<action no="4" player="alwaysss" type="1" discard="1" dealt="1" sum="20"/>
<action no="5" player="Ankalaev" type="2" discard="1" dealt="1" sum="40"/>
</round>
<round no="1"><cards type="Pocket" player="alwaysss">X X</cards>
<cards type="Pocket" player="Ankalaev">X X</cards>
<cards type="Pocket" player="M1ky3ste92">CA D7</cards>
<action no="6" player="M1ky3ste92" type="23" sum="725"/>
<action no="7" player="alwaysss" type="0" discard="1" dealt="1" sum="0"/>
<action no="8" player="Ankalaev" type="0" discard="1" dealt="1" sum="0"/>
</round>
</game>
<game gamecode="6571969277"><general>
<startdate>2025-12-26 19:12:58</startdate>
<round>1</round>
<failsafecounter/>
<players><player seat="6" name="M1ky3ste92" chips="800" dealer="0" win="1,315" bet="615" muck="0" rebuy="0" addon="0" merge="0" rebuychips="0" reg_code="5083771265"/>
<player seat="10" name="alwaysss" chips="615" dealer="1" win="0" bet="615" muck="0" rebuy="0" addon="0" merge="0" rebuychips="0" reg_code="5083771553"/>
<player seat="3" name="Ankalaev" chips="85" dealer="0" win="0" bet="85" muck="1" rebuy="0" addon="0" merge="0" rebuychips="0" reg_code="5083767229"/>
</players>
</general>
<round no="0"><action no="1" player="Ankalaev" type="15" discard="1" dealt="1" sum="5"/>
<action no="2" player="M1ky3ste92" type="15" sum="5"/>
<action no="3" player="alwaysss" type="15" discard="1" dealt="1" sum="5"/>
<action no="4" player="Ankalaev" type="1" discard="1" dealt="1" sum="20"/>
<action no="5" player="M1ky3ste92" type="2" sum="40"/>
</round>
<round no="1"><cards type="Pocket" player="Ankalaev">S4 D10</cards>
<cards type="Pocket" player="M1ky3ste92">CK CA</cards>
<cards type="Pocket" player="alwaysss">C5 H5</cards>
<action no="6" player="alwaysss" type="23" discard="1" dealt="1" sum="610"/>
<action no="7" player="Ankalaev" type="7" discard="1" dealt="1" sum="60"/>
<action no="8" player="M1ky3ste92" type="3" sum="570"/>
</round>
<round no="2"><cards type="Flop">H9 S10 SK</cards>
</round>
<round no="3"><cards type="Turn">HA</cards>
</round>
<round no="4"><cards type="River">DK</cards>
</round>
</game>
</session>
