<?xml version="1.0" encoding="UTF-8"?>
<session sessioncode="5083652150">
<general>
<client_version>24.7.1.18</client_version>
<mode>real</mode>
<gametype>Holdem NL</gametype>
<tablename>Twister €100 SNG, 824779184</tablename>
<tournamentcode>824779183</tournamentcode>
<tournamentname>Twister €100 SNG</tournamentname>
<buyin>€0 + €7 + €93</buyin>
<totalbuyin>€100</totalbuyin>
<rewarddrawn>€300</rewarddrawn>
<tournamentcurrency>EUR</tournamentcurrency>
<currency>EUR</currency>
<nickname>M1ky3ste92</nickname>
<gamecount>25</gamecount>
<startdate>2025-12-26 11:15:52</startdate>
<place>2</place>
<win>€0</win>
<tablesize>3</tablesize>
</general>
<game gamecode="6571502122"><general>
<startdate>2025-12-26 11:16:07</startdate>
<round>1</round>
<failsafecounter/>
<players><player seat="10" name="M1ky3ste92" chips="500" dealer="0" win="0" bet="80" muck="1" rebuy="0" addon="0" merge="0" rebuychips="0" reg_code="5083652150"/>
<player seat="3" name="Ankalaev" chips="500" dealer="1" win="0" bet="0" muck="1" rebuy="0" addon="0" merge="0" rebuychips="0" reg_code="5083651728"/>
<player seat="6" name="FanteDiDenari" chips="500" dealer="0" win="160" bet="500" muck="1" rebuy="0" addon="0" merge="0" rebuychips="0" reg_code="5083651892"/>
</players>
</general>
<round no="0"><action no="1" player="FanteDiDenari" type="1" discard="1" dealt="1" sum="10"/>
<action no="2" player="M1ky3ste92" type="2" sum="20"/>
</round>
<round no="1"><cards type="Pocket" player="M1ky3ste92">CQ C9</cards>
<cards type="Pocket" player="Ankalaev">X X</cards>
<cards type="Pocket" player="FanteDiDenari">X X</cards>
<action no="3" player="Ankalaev" type="0" discard="1" dealt="1" sum="0"/>
<action no="4" player="FanteDiDenari" type="3" discard="1" dealt="1" sum="10"/>
<action no="5" player="M1ky3ste92" type="23" sum="80"/>
<action no="6" player="FanteDiDenari" type="23" discard="1" dealt="1" sum="500"/>
<action no="7" player="M1ky3ste92" type="0" sum="0"/>
</round>
</game>
<game gamecode="6571502167"><general>
<startdate>2025-12-26 11:16:19</startdate>
<round>1</round>
<failsafecounter/>
<players><player seat="3" name="Ankalaev" chips="500" dealer="0" win="0" bet="40" muck="1" rebuy="0" addon="0" merge="0" rebuychips="0" reg_code="5083651728"/>
<player seat="6" name="FanteDiDenari" chips="580" dealer="1" win="0" bet="0" muck="1" rebuy="0" addon="0" merge="0" rebuychips="0" reg_code="5083651892"/>
<player seat="10" name="M1ky3ste92" chips="420" dealer="0" win="80" bet="60" muck="1" rebuy="0" addon="0" merge="0" rebuychips="0" reg_code="5083652150"/>
</players>
</general>
<round no="0"><action no="1" player="M1ky3ste92" type="1" sum="10"/>
<action no="2" player="Ankalaev" type="2" discard="1" dealt="1" sum="20"/>
</round>
<round no="1"><cards type="Pocket" player="FanteDiDenari">X X</cards>
<cards type="Pocket" player="M1ky3ste92">D10 S9</cards>
<cards type="Pocket" player="Ankalaev">X X</cards>
<action no="3" player="FanteDiDenari" type="0" discard="1" dealt="1" sum="0"/>
<action no="4" player="M1ky3ste92" type="23" sum="40"/>
<action no="5" player="Ankalaev" type="3" discard="1" dealt="1" sum="20"/>
</round>
<round no="2"><cards type="Flop">CA DK CJ</cards>
<action no="6" player="M1ky3ste92" type="5" sum="20"/>
<action no="7" player="Ankalaev" type="0" discard="1" dealt="1" sum="0"/>
</round>
</game>
<game gamecode="6571502216"><general>
<startdate>2025-12-26 11:16:34</startdate>
<round>1</round>
<failsafecounter/>
<players><player seat="6" name="FanteDiDenari" chips="580" dealer="0" win="0" bet="50" muck="1" rebuy="0" addon="0" merge="0" rebuychips="0" reg_code="5083651892"/>
<player seat="10" name="M1ky3ste92" chips="460" dealer="1" win="0" bet="0" muck="1" rebuy="0" addon="0" merge="0" rebuychips="0" reg_code="5083652150"/>
<player seat="3" name="Ankalaev" chips="460" dealer="0" win="100" bet="50" muck="0" rebuy="0" addon="0" merge="0" rebuychips="0" reg_code="5083651728"/>
</players>
</general>
<round no="0"><action no="1" player="Ankalaev" type="1" discard="1" dealt="1" sum="10"/>
<action no="2" player="FanteDiDenari" type="2" discard="1" dealt="1" sum="20"/>
</round>
<round no="1"><cards type="Pocket" player="M1ky3ste92">C4 H2</cards>
<cards type="Pocket" player="Ankalaev">H6 D6</cards>
<cards type="Pocket" player="FanteDiDenari">C5 H7</cards>
<action no="3" player="M1ky3ste92" type="0" sum="0"/>
<action no="4" player="Ankalaev" type="3" discard="1" dealt="1" sum="10"/>
<action no="5" player="FanteDiDenari" type="4" discard="1" dealt="1" sum="0"/>
</round>
<round no="2"><cards type="Flop">CK H8 HJ</cards>
<action no="6" player="Ankalaev" type="4" discard="1" dealt="1" sum="0"/>
<action no="7" player="FanteDiDenari" type="5" discard="1" dealt="1" sum="30"/>
<action no="8" player="Ankalaev" type="3" discard="1" dealt="1" sum="30"/>
</round>
<round no="3"><cards type="Turn">CA</cards>
<action no="9" player="Ankalaev" type="4" discard="1" dealt="1" sum="0"/>
<action no="10" player="FanteDiDenari" type="4" discard="1" dealt="1" sum="0"/>
</round>
<round no="4"><cards type="River">S3</cards>
<action no="11" player="Ankalaev" type="4" discard="1" dealt="1" sum="0"/>
<action no="12" player="FanteDiDenari" type="4" discard="1" dealt="1" sum="0"/>
</round>
</game>
<game gamecode="6571502344"><general>
<startdate>2025-12-26 11:17:07</startdate>
<round>1</round>
<failsafecounter/>
<players><player seat="10" name="M1ky3ste92" chips="460" dealer="0" win="0" bet="20" muck="1" rebuy="0" addon="0" merge="0" rebuychips="0" reg_code="5083652150"/>
<player seat="3" name="Ankalaev" chips="510" dealer="1" win="50" bet="40" muck="1" rebuy="0" addon="0" merge="0" rebuychips="0" reg_code="5083651728"/>
<player seat="6" name="FanteDiDenari" chips="530" dealer="0" win="0" bet="10" muck="1" rebuy="0" addon="0" merge="0" rebuychips="0" reg_code="5083651892"/>
</players>
</general>
<round no="0"><action no="1" player="FanteDiDenari" type="1" discard="1" dealt="1" sum="10"/>
<action no="2" player="M1ky3ste92" type="2" sum="20"/>
</round>
<round no="1"><cards type="Pocket" player="Ankalaev">X X</cards>
<cards type="Pocket" player="M1ky3ste92">SJ C5</cards>
<cards type="Pocket" player="FanteDiDenari">X X</cards>
<action no="3" player="Ankalaev" type="23" discard="1" dealt="1" sum="40"/>
<action no="4" player="FanteDiDenari" type="0" discard="1" dealt="1" sum="0"/>
<action no="5" player="M1ky3ste92" type="0" sum="0"/>
</round>
</game>
<game gamecode="6571502391"><general>
<startdate>2025-12-26 11:17:18</startdate>
<round>1</round>
<failsafecounter/>
<players><player seat="3" name="Ankalaev" chips="540" dealer="0" win="20" bet="20" muck="1" rebuy="0" addon="0" merge="0" rebuychips="0" reg_code="5083651728"/>
<player seat="6" name="FanteDiDenari" chips="520" dealer="1" win="0" bet="0" muck="1" rebuy="0" addon="0" merge="0" rebuychips="0" reg_code="5083651892"/>
<player seat="10" name="M1ky3ste92" chips="440" dealer="0" win="0" bet="10" muck="1" rebuy="0" addon="0" merge="0" rebuychips="0" reg_code="5083652150"/>
</players>
</general>
<round no="0"><action no="1" player="M1ky3ste92" type="1" sum="10"/>
<action no="2" player="Ankalaev" type="2" discard="1" dealt="1" sum="20"/>
</round>
<round no="1"><cards type="Pocket" player="FanteDiDenari">X X</cards>
<cards type="Pocket" player="Ankalaev">X X</cards>
<cards type="Pocket" player="M1ky3ste92">S3 H5</cards>
<action no="3" player="FanteDiDenari" type="0" discard="1" dealt="1" sum="0"/>
<action no="4" player="M1ky3ste92" type="0" sum="0"/>
</round>
</game>
<game gamecode="6571502413"><general>
<startdate>2025-12-26 11:17:25</startdate>
<round>1</round>
<failsafecounter/>
<players><player seat="6" name="FanteDiDenari" chips="520" dealer="0" win="0" bet="40" muck="1" rebuy="0" addon="0" merge="0" rebuychips="0" reg_code="5083651892"/>
<player seat="10" name="M1ky3ste92" chips="430" dealer="1" win="90" bet="60" muck="1" rebuy="0" addon="0" merge="0" rebuychips="0" reg_code="5083652150"/>
<player seat="3" name="Ankalaev" chips="550" dealer="0" win="0" bet="10" muck="1" rebuy="0" addon="0" merge="0" rebuychips="0" reg_code="5083651728"/>
</players>
</general>
<round no="0"><action no="1" player="Ankalaev" type="1" discard="1" dealt="1" sum="10"/>
<action no="2" player="FanteDiDenari" type="2" discard="1" dealt="1" sum="20"/>
</round>
<round no="1"><cards type="Pocket" player="M1ky3ste92">D8 D10</cards>
<cards type="Pocket" player="Ankalaev">X X</cards>
<cards type="Pocket" player="FanteDiDenari">X X</cards>
<action no="3" player="M1ky3ste92" type="23" sum="40"/>
<action no="4" player="Ankalaev" type="0" discard="1" dealt="1" sum="0"/>
<action no="5" player="FanteDiDenari" type="3" discard="1" dealt="1" sum="20"/>
</round>
<round no="2"><cards type="Flop">S7 HK DJ</cards>
<action no="6" player="FanteDiDenari" type="4" discard="1" dealt="1" sum="0"/>
<action no="7" player="M1ky3ste92" type="5" sum="20"/>
<action no="8" player="FanteDiDenari" type="0" discard="1" dealt="1" sum="0"/>
</round>
</game>
<game gamecode="6571502482"><general>
<startdate>2025-12-26 11:17:44</startdate>
<round>1</round>
<failsafecounter/>
<players><player seat="10" name="M1ky3ste92" chips="480" dealer="0" win="0" bet="155" muck="1" rebuy="0" addon="0" merge="0" rebuychips="0" reg_code="5083652150"/>
<player seat="3" name="Ankalaev" chips="540" dealer="1" win="320" bet="540" muck="1" rebuy="0" addon="0" merge="0" rebuychips="0" reg_code="5083651728"/>
<player seat="6" name="FanteDiDenari" chips="480" dealer="0" win="0" bet="10" muck="1" rebuy="0" addon="0" merge="0" rebuychips="0" reg_code="5083651892"/>
</players>
</general>
<round no="0"><action no="1" player="FanteDiDenari" type="1" discard="1" dealt="1" sum="10"/>
<action no="2" player="M1ky3ste92" type="2" sum="20"/>
</round>
<round no="1"><cards type="Pocket" player="FanteDiDenari">X X</cards>
<cards type="Pocket" player="M1ky3ste92">D6 C5</cards>
<cards type="Pocket" player="Ankalaev">X X</cards>
<action no="3" player="Ankalaev" type="23" discard="1" dealt="1" sum="40"/>
<action no="4" player="FanteDiDenari" type="0" discard="1" dealt="1" sum="0"/>
<action no="5" player="M1ky3ste92" type="3" sum="20"/>
</round>
<round no="2"><cards type="Flop">S2 S3 D3</cards>
<action no="6" player="M1ky3ste92" type="4" sum="0"/>
<action no="7" player="Ankalaev" type="5" discard="1" dealt="1" sum="22"/>
<action no="8" player="M1ky3ste92" type="3" sum="22"/>
</round>
<round no="3"><cards type="Turn">C7</cards>
<action no="9" player="M1ky3ste92" type="4" sum="0"/>
<action no="10" player="Ankalaev" type="4" discard="1" dealt="1" sum="0"/>
</round>
<round no="4"><cards type="River">C10</cards>
<action no="11" player="M1ky3ste92" type="5" sum="93"/>
<action no="12" player="Ankalaev" type="23" discard="1" dealt="1" sum="478"/>
<action no="13" player="M1ky3ste92" type="0" sum="0"/>
</round>
</game>
<game gamecode="6571502608"><general>
<startdate>2025-12-26 11:18:19</startdate>
<round>1</round>
<failsafecounter/>
<players><player seat="3" name="Ankalaev" chips="705" dealer="0" win="0" bet="325" muck="1" rebuy="0" addon="0" merge="0" rebuychips="0" reg_code="5083651728"/>
<player seat="6" name="FanteDiDenari" chips="470" dealer="1" win="0" bet="5" muck="1" rebuy="0" addon="0" merge="0" rebuychips="0" reg_code="5083651892"/>
<player seat="10" name="M1ky3ste92" chips="325" dealer="0" win="655" bet="325" muck="0" rebuy="0" addon="0" merge="0" rebuychips="0" reg_code="5083652150"/>
</players>
</general>
<round no="0"><action no="1" player="M1ky3ste92" type="15" sum="5"/>
<action no="2" player="Ankalaev" type="15" discard="1" dealt="1" sum="5"/>
<action no="3" player="FanteDiDenari" type="15" discard="1" dealt="1" sum="5"/>
<action no="4" player="M1ky3ste92" type="1" sum="15"/>
<action no="5" player="Ankalaev" type="2" discard="1" dealt="1" sum="30"/>
</round>
<round no="1"><cards type="Pocket" player="M1ky3ste92">H7 H10</cards>
<cards type="Pocket" player="Ankalaev">H8 SJ</cards>
<cards type="Pocket" player="FanteDiDenari">X X</cards>
<action no="6" player="FanteDiDenari" type="0" discard="1" dealt="1" sum="0"/>
<action no="7" player="M1ky3ste92" type="23" sum="60"/>
<action no="8" player="Ankalaev" type="3" discard="1" dealt="1" sum="30"/>
</round>
<round no="2"><cards type="Flop">C8 D3 H9</cards>
<action no="9" player="M1ky3ste92" type="5" sum="30"/>
<action no="10" player="Ankalaev" type="23" discard="1" dealt="1" sum="90"/>
<action no="11" player="M1ky3ste92" type="23" sum="260"/>
<action no="12" player="Ankalaev" type="3" discard="1" dealt="1" sum="170"/>
</round>
<round no="3"><cards type="Turn">C10</cards>
</round>
<round no="4"><cards type="River">D6</cards>
</round>
</game>
<game gamecode="6571502692"><general>
<startdate>2025-12-26 11:18:44</startdate>
<round>1</round>
<failsafecounter/>
<players><player seat="6" name="FanteDiDenari" chips="465" dealer="0" win="0" bet="35" muck="1" rebuy="0" addon="0" merge="0" rebuychips="0" reg_code="5083651892"/>
<player seat="10" name="M1ky3ste92" chips="655" dealer="1" win="0" bet="5" muck="1" rebuy="0" addon="0" merge="0" rebuychips="0" reg_code="5083652150"/>
<player seat="3" name="Ankalaev" chips="380" dealer="0" win="75" bet="380" muck="1" rebuy="0" addon="0" merge="0" rebuychips="0" reg_code="5083651728"/>
</players>
</general>
<round no="0"><action no="1" player="Ankalaev" type="15" discard="1" dealt="1" sum="5"/>
<action no="2" player="FanteDiDenari" type="15" discard="1" dealt="1" sum="5"/>
<action no="3" player="M1ky3ste92" type="15" sum="5"/>
<action no="4" player="Ankalaev" type="1" discard="1" dealt="1" sum="15"/>
<action no="5" player="FanteDiDenari" type="2" discard="1" dealt="1" sum="30"/>
</round>
<round no="1"><cards type="Pocket" player="Ankalaev">X X</cards>
<cards type="Pocket" player="M1ky3ste92">DQ C9</cards>
<cards type="Pocket" player="FanteDiDenari">X X</cards>
<action no="6" player="M1ky3ste92" type="0" sum="0"/>
<action no="7" player="Ankalaev" type="23" discard="1" dealt="1" sum="375"/>
<action no="8" player="FanteDiDenari" type="0" discard="1" dealt="1" sum="0"/>
</round>
</game>
<game gamecode="6571502733"><general>
<startdate>2025-12-26 11:18:55</startdate>
<round>1</round>
<failsafecounter/>
<players><player seat="10" name="M1ky3ste92" chips="650" dealer="0" win="45" bet="35" muck="1" rebuy="0" addon="0" merge="0" rebuychips="0" reg_code="5083652150"/>
<player seat="3" name="Ankalaev" chips="420" dealer="1" win="0" bet="5" muck="1" rebuy="0" addon="0" merge="0" rebuychips="0" reg_code="5083651728"/>
<player seat="6" name="FanteDiDenari" chips="430" dealer="0" win="0" bet="20" muck="1" rebuy="0" addon="0" merge="0" rebuychips="0" reg_code="5083651892"/>
</players>
</general>
<round no="0"><action no="1" player="FanteDiDenari" type="15" discard="1" dealt="1" sum="5"/>
<action no="2" player="M1ky3ste92" type="15" sum="5"/>
<action no="3" player="Ankalaev" type="15" discard="1" dealt="1" sum="5"/>
<action no="4" player="FanteDiDenari" type="1" discard="1" dealt="1" sum="15"/>
<action no="5" player="M1ky3ste92" type="2" sum="30"/>
</round>
<round no="1"><cards type="Pocket" player="Ankalaev">X X</cards>
<cards type="Pocket" player="M1ky3ste92">S9 H10</cards>
<cards type="Pocket" player="FanteDiDenari">X X</cards>
<action no="6" player="Ankalaev" type="0" discard="1" dealt="1" sum="0"/>
<action no="7" player="FanteDiDenari" type="0" discard="1" dealt="1" sum="0"/>
</round>
</game>
<game gamecode="6571502760"><general>
<startdate>2025-12-26 11:19:03</startdate>
<round>1</round>
<failsafecounter/>
<players><player seat="3" name="Ankalaev" chips="415" dealer="0" win="45" bet="35" muck="1" rebuy="0" addon="0" merge="0" rebuychips="0" reg_code="5083651728"/>
<player seat="6" name="FanteDiDenari" chips="410" dealer="1" win="0" bet="5" muck="1" rebuy="0" addon="0" merge="0" rebuychips="0" reg_code="5083651892"/>
<player seat="10" name="M1ky3ste92" chips="675" dealer="0" win="0" bet="20" muck="1" rebuy="0" addon="0" merge="0" rebuychips="0" reg_code="5083652150"/>
</players>
</general>
<round no="0"><action no="1" player="M1ky3ste92" type="15" sum="5"/>
<action no="2" player="Ankalaev" type="15" discard="1" dealt="1" sum="5"/>
<action no="3" player="FanteDiDenari" type="15" discard="1" dealt="1" sum="5"/>
<action no="4" player="M1ky3ste92" type="1" sum="15"/>
<action no="5" player="Ankalaev" type="2" discard="1" dealt="1" sum="30"/>
</round>
<round no="1"><cards type="Pocket" player="FanteDiDenari">X X</cards>
<cards type="Pocket" player="M1ky3ste92">S8 D4</cards>
<cards type="Pocket" player="Ankalaev">X X</cards>
<action no="6" player="FanteDiDenari" type="0" discard="1" dealt="1" sum="0"/>
<action no="7" player="M1ky3ste92" type="0" sum="0"/>
</round>
</game>
<game gamecode="6571502778"><general>
<startdate>2025-12-26 11:19:09</startdate>
<round>1</round>
<failsafecounter/>
<players><player seat="6" name="FanteDiDenari" chips="405" dealer="0" win="0" bet="35" muck="1" rebuy="0" addon="0" merge="0" rebuychips="0" reg_code="5083651892"/>
<player seat="10" name="M1ky3ste92" chips="655" dealer="1" win="90" bet="655" muck="1" rebuy="0" addon="0" merge="0" rebuychips="0" reg_code="5083652150"/>
<player seat="3" name="Ankalaev" chips="440" dealer="0" win="0" bet="20" muck="1" rebuy="0" addon="0" merge="0" rebuychips="0" reg_code="5083651728"/>
</players>
</general>
<round no="0"><action no="1" player="Ankalaev" type="15" discard="1" dealt="1" sum="5"/>
<action no="2" player="FanteDiDenari" type="15" discard="1" dealt="1" sum="5"/>
<action no="3" player="M1ky3ste92" type="15" sum="5"/>
<action no="4" player="Ankalaev" type="1" discard="1" dealt="1" sum="15"/>
<action no="5" player="FanteDiDenari" type="2" discard="1" dealt="1" sum="30"/>
</round>
<round no="1"><cards type="Pocket" player="Ankalaev">X X</cards>
<cards type="Pocket" player="M1ky3ste92">H10 CJ</cards>
<cards type="Pocket" player="FanteDiDenari">X X</cards>
<action no="6" player="M1ky3ste92" type="23" sum="650"/>
<action no="7" player="Ankalaev" type="0" discard="1" dealt="1" sum="0"/>
<action no="8" player="FanteDiDenari" type="0" discard="1" dealt="1" sum="0"/>
</round>
</game>
<game gamecode="6571502808"><general>
<startdate>2025-12-26 11:19:18</startdate>
<round>1</round>
<failsafecounter/>
<players><player seat="10" name="M1ky3ste92" chips="710" dealer="0" win="372" bet="370" muck="0" rebuy="0" addon="0" merge="0" rebuychips="0" reg_code="5083652150"/>
<player seat="3" name="Ankalaev" chips="420" dealer="1" win="0" bet="5" muck="1" rebuy="0" addon="0" merge="0" rebuychips="0" reg_code="5083651728"/>
<player seat="6" name="FanteDiDenari" chips="370" dealer="0" win="373" bet="370" muck="0" rebuy="0" addon="0" merge="0" rebuychips="0" reg_code="5083651892"/>
</players>
</general>
<round no="0"><action no="1" player="FanteDiDenari" type="15" discard="1" dealt="1" sum="5"/>
<action no="2" player="M1ky3ste92" type="15" sum="5"/>
<action no="3" player="Ankalaev" type="15" discard="1" dealt="1" sum="5"/>
<action no="4" player="FanteDiDenari" type="1" discard="1" dealt="1" sum="15"/>
<action no="5" player="M1ky3ste92" type="2" sum="30"/>
</round>
<round no="1"><cards type="Pocket" player="FanteDiDenari">SA DJ</cards>
<cards type="Pocket" player="Ankalaev">X X</cards>
<cards type="Pocket" player="M1ky3ste92">HA D4</cards>
<action no="6" player="Ankalaev" type="0" discard="1" dealt="1" sum="0"/>
<action no="7" player="FanteDiDenari" type="23" discard="1" dealt="1" sum="365"/>
<action no="8" player="M1ky3ste92" type="3" sum="335"/>
</round>
<round no="2"><cards type="Flop">C10 S7 S10</cards>
</round>
<round no="3"><cards type="Turn">S6</cards>
</round>
<round no="4"><cards type="River">C7</cards>
</round>
</game>
<game gamecode="6571502869"><general>
<startdate>2025-12-26 11:19:35</startdate>
<round>1</round>
<failsafecounter/>
<players><player seat="3" name="Ankalaev" chips="415" dealer="0" win="0" bet="45" muck="1" rebuy="0" addon="0" merge="0" rebuychips="0" reg_code="5083651728"/>
<player seat="6" name="FanteDiDenari" chips="373" dealer="1" win="115" bet="373" muck="1" rebuy="0" addon="0" merge="0" rebuychips="0" reg_code="5083651892"/>
<player seat="10" name="M1ky3ste92" chips="712" dealer="0" win="0" bet="25" muck="1" rebuy="0" addon="0" merge="0" rebuychips="0" reg_code="5083652150"/>
</players>
</general>
<round no="0"><action no="1" player="M1ky3ste92" type="15" sum="5"/>
<action no="2" player="Ankalaev" type="15" discard="1" dealt="1" sum="5"/>
<action no="3" player="FanteDiDenari" type="15" discard="1" dealt="1" sum="5"/>
<action no="4" player="M1ky3ste92" type="1" sum="20"/>
<action no="5" player="Ankalaev" type="2" discard="1" dealt="1" sum="40"/>
</round>
<round no="1"><cards type="Pocket" player="Ankalaev">X X</cards>
<cards type="Pocket" player="M1ky3ste92">D6 D4</cards>
<cards type="Pocket" player="FanteDiDenari">X X</cards>
<action no="6" player="FanteDiDenari" type="23" discard="1" dealt="1" sum="368"/>
<action no="7" player="M1ky3ste92" type="0" sum="0"/>
<action no="8" player="Ankalaev" type="0" discard="1" dealt="1" sum="0"/>
</round>
</game>
<game gamecode="6571502912"><general>
<startdate>2025-12-26 11:19:46</startdate>
<round>1</round>
<failsafecounter/>
<players><player seat="6" name="FanteDiDenari" chips="443" dealer="0" win="745" bet="370" muck="0" rebuy="0" addon="0" merge="0" rebuychips="0" reg_code="5083651892"/>
<player seat="10" name="M1ky3ste92" chips="687" dealer="1" win="0" bet="5" muck="1" rebuy="0" addon="0" merge="0" rebuychips="0" reg_code="5083652150"/>
<player seat="3" name="Ankalaev" chips="370" dealer="0" win="0" bet="370" muck="0" rebuy="0" addon="0" merge="0" rebuychips="0" reg_code="5083651728"/>
</players>
</general>
<round no="0"><action no="1" player="Ankalaev" type="15" discard="1" dealt="1" sum="5"/>
<action no="2" player="FanteDiDenari" type="15" discard="1" dealt="1" sum="5"/>
<action no="3" player="M1ky3ste92" type="15" sum="5"/>
<action no="4" player="Ankalaev" type="1" discard="1" dealt="1" sum="20"/>
<action no="5" player="FanteDiDenari" type="2" discard="1" dealt="1" sum="40"/>
</round>
<round no="1"><cards type="Pocket" player="Ankalaev">H8 CQ</cards>
<cards type="Pocket" player="M1ky3ste92">C2 DJ</cards>
<cards type="Pocket" player="FanteDiDenari">DQ S10</cards>
<action no="6" player="M1ky3ste92" type="0" sum="0"/>
<action no="7" player="Ankalaev" type="23" discard="1" dealt="1" sum="365"/>
<action no="8" player="FanteDiDenari" type="3" discard="1" dealt="1" sum="325"/>
</round>
<round no="2"><cards type="Flop">D4 C5 H7</cards>
</round>
<round no="3"><cards type="Turn">C7</cards>
</round>
<round no="4"><cards type="River">D2</cards>
</round>
</game>
<game gamecode="6571502980"><general>
<startdate>2025-12-26 11:20:04</startdate>
<round>1</round>
<failsafecounter/>
<players><player seat="10" name="M1ky3ste92" chips="682" dealer="0" win="0" bet="45" muck="1" rebuy="0" addon="0" merge="0" rebuychips="0" reg_code="5083652150"/>
<player seat="6" name="FanteDiDenari" chips="818" dealer="1" win="90" bet="85" muck="1" rebuy="0" addon="0" merge="0" rebuychips="0" reg_code="5083651892"/>
</players>
</general>
<round no="0"><action no="1" player="FanteDiDenari" type="15" discard="1" dealt="1" sum="5"/>
<action no="2" player="M1ky3ste92" type="15" sum="5"/>
<action no="3" player="FanteDiDenari" type="1" discard="1" dealt="1" sum="20"/>
<action no="4" player="M1ky3ste92" type="2" sum="40"/>
</round>
<round no="1"><cards type="Pocket" player="M1ky3ste92">D10 H2</cards>
<cards type="Pocket" player="FanteDiDenari">X X</cards>
<action no="5" player="FanteDiDenari" type="3" discard="1" dealt="1" sum="20"/>
<action no="6" player="M1ky3ste92" type="4" sum="0"/>
</round>
<round no="2"><cards type="Flop">D6 D7 H7</cards>
<action no="7" player="M1ky3ste92" type="4" sum="0"/>
<action no="8" player="FanteDiDenari" type="5" discard="1" dealt="1" sum="40"/>
<action no="9" player="M1ky3ste92" type="0" sum="0"/>
</round>
</game>
<game gamecode="6571503024"><general>
<startdate>2025-12-26 11:20:16</startdate>
<round>1</round>
<failsafecounter/>
<players><player seat="6" name="FanteDiDenari" chips="863" dealer="0" win="0" bet="45" muck="1" rebuy="0" addon="0" merge="0" rebuychips="0" reg_code="5083651892"/>
<player seat="10" name="M1ky3ste92" chips="637" dealer="1" win="90" bet="108" muck="1" rebuy="0" addon="0" merge="0" rebuychips="0" reg_code="5083652150"/>
</players>
</general>
<round no="0"><action no="1" player="M1ky3ste92" type="15" sum="5"/>
<action no="2" player="FanteDiDenari" type="15" discard="1" dealt="1" sum="5"/>
<action no="3" player="M1ky3ste92" type="1" sum="20"/>
<action no="4" player="FanteDiDenari" type="2" discard="1" dealt="1" sum="40"/>
</round>
<round no="1"><cards type="Pocket" player="FanteDiDenari">X X</cards>
<cards type="Pocket" player="M1ky3ste92">C6 SK</cards>
<action no="5" player="M1ky3ste92" type="3" sum="20"/>
<action no="6" player="FanteDiDenari" type="4" discard="1" dealt="1" sum="0"/>
</round>
<round no="2"><cards type="Flop">C2 H8 D6</cards>
<action no="7" player="FanteDiDenari" type="4" discard="1" dealt="1" sum="0"/>
<action no="8" player="M1ky3ste92" type="4" sum="0"/>
</round>
<round no="3"><cards type="Turn">S6</cards>
<action no="9" player="FanteDiDenari" type="4" discard="1" dealt="1" sum="0"/>
<action no="10" player="M1ky3ste92" type="5" sum="63"/>
<action no="11" player="FanteDiDenari" type="0" discard="1" dealt="1" sum="0"/>
</round>
</game>
<game gamecode="6571503117"><general>
<startdate>2025-12-26 11:20:40</startdate>
<round>1</round>
<failsafecounter/>
<players><player seat="10" name="M1ky3ste92" chips="682" dealer="0" win="0" bet="45" muck="1" rebuy="0" addon="0" merge="0" rebuychips="0" reg_code="5083652150"/>
<player seat="6" name="FanteDiDenari" chips="818" dealer="1" win="90" bet="140" muck="1" rebuy="0" addon="0" merge="0" rebuychips="0" reg_code="5083651892"/>
</players>
</general>
<round no="0"><action no="1" player="FanteDiDenari" type="15" discard="1" dealt="1" sum="5"/>
<action no="2" player="M1ky3ste92" type="15" sum="5"/>
<action no="3" player="FanteDiDenari" type="1" discard="1" dealt="1" sum="20"/>
<action no="4" player="M1ky3ste92" type="2" sum="40"/>
</round>
<round no="1"><cards type="Pocket" player="M1ky3ste92">D3 CJ</cards>
<cards type="Pocket" player="FanteDiDenari">X X</cards>
<action no="5" player="FanteDiDenari" type="3" discard="1" dealt="1" sum="20"/>
<action no="6" player="M1ky3ste92" type="4" sum="0"/>
</round>
<round no="2"><cards type="Flop">CA C8 D10</cards>
<action no="7" player="M1ky3ste92" type="4" sum="0"/>
<action no="8" player="FanteDiDenari" type="4" discard="1" dealt="1" sum="0"/>
</round>
<round no="3"><cards type="Turn">S4</cards>
<action no="9" player="M1ky3ste92" type="4" sum="0"/>
<action no="10" player="FanteDiDenari" type="5" discard="1" dealt="1" sum="95"/>
<action no="11" player="M1ky3ste92" type="0" sum="0"/>
</round>
</game>
<game gamecode="6571503184"><general>
<startdate>2025-12-26 11:20:59</startdate>
<round>1</round>
<failsafecounter/>
<players><player seat="6" name="FanteDiDenari" chips="863" dealer="0" win="50" bet="45" muck="1" rebuy="0" addon="0" merge="0" rebuychips="0" reg_code="5083651892"/>
<player seat="10" name="M1ky3ste92" chips="637" dealer="1" win="0" bet="25" muck="1" rebuy="0" addon="0" merge="0" rebuychips="0" reg_code="5083652150"/>
</players>
</general>
<round no="0"><action no="1" player="M1ky3ste92" type="15" sum="5"/>
<action no="2" player="FanteDiDenari" type="15" discard="1" dealt="1" sum="5"/>
<action no="3" player="M1ky3ste92" type="1" sum="20"/>
<action no="4" player="FanteDiDenari" type="2" discard="1" dealt="1" sum="40"/>
</round>
<round no="1"><cards type="Pocket" player="M1ky3ste92">S5 H10</cards>
<cards type="Pocket" player="FanteDiDenari">X X</cards>
<action no="5" player="M1ky3ste92" type="0" sum="0"/>
</round>
</game>
<game gamecode="6571503203"><general>
<startdate>2025-12-26 11:21:04</startdate>
<round>1</round>
<failsafecounter/>
<players><player seat="10" name="M1ky3ste92" chips="612" dealer="0" win="0" bet="85" muck="1" rebuy="0" addon="0" merge="0" rebuychips="0" reg_code="5083652150"/>
<player seat="6" name="FanteDiDenari" chips="888" dealer="1" win="170" bet="195" muck="1" rebuy="0" addon="0" merge="0" rebuychips="0" reg_code="5083651892"/>
</players>
</general>
<round no="0"><action no="1" player="FanteDiDenari" type="15" discard="1" dealt="1" sum="5"/>
<action no="2" player="M1ky3ste92" type="15" sum="5"/>
<action no="3" player="FanteDiDenari" type="1" discard="1" dealt="1" sum="20"/>
<action no="4" player="M1ky3ste92" type="2" sum="40"/>
</round>
<round no="1"><cards type="Pocket" player="M1ky3ste92">DJ C5</cards>
<cards type="Pocket" player="FanteDiDenari">X X</cards>
<action no="5" player="FanteDiDenari" type="3" discard="1" dealt="1" sum="20"/>
<action no="6" player="M1ky3ste92" type="4" sum="0"/>
</round>
<round no="2"><cards type="Flop">H3 H6 C2</cards>
<action no="7" player="M1ky3ste92" type="4" sum="0"/>
<action no="8" player="FanteDiDenari" type="4" discard="1" dealt="1" sum="0"/>
</round>
<round no="3"><cards type="Turn">S2</cards>
<action no="9" player="M1ky3ste92" type="5" sum="40"/>
<action no="10" player="FanteDiDenari" type="23" discard="1" dealt="1" sum="150"/>
<action no="11" player="M1ky3ste92" type="0" sum="0"/>
</round>
</game>
<game gamecode="6571503274"><general>
<startdate>2025-12-26 11:21:22</startdate>
<round>1</round>
<failsafecounter/>
<players><player seat="6" name="FanteDiDenari" chips="973" dealer="0" win="0" bet="65" muck="1" rebuy="0" addon="0" merge="0" rebuychips="0" reg_code="5083651892"/>
<player seat="10" name="M1ky3ste92" chips="527" dealer="1" win="130" bet="527" muck="1" rebuy="0" addon="0" merge="0" rebuychips="0" reg_code="5083652150"/>
</players>
</general>
<round no="0"><action no="1" player="M1ky3ste92" type="15" sum="5"/>
<action no="2" player="FanteDiDenari" type="15" discard="1" dealt="1" sum="5"/>
<action no="3" player="M1ky3ste92" type="1" sum="30"/>
<action no="4" player="FanteDiDenari" type="2" discard="1" dealt="1" sum="60"/>
</round>
<round no="1"><cards type="Pocket" player="FanteDiDenari">X X</cards>
<cards type="Pocket" player="M1ky3ste92">SJ C8</cards>
<action no="5" player="M1ky3ste92" type="23" sum="522"/>
<action no="6" player="FanteDiDenari" type="0" discard="1" dealt="1" sum="0"/>
</round>
</game>
<game gamecode="6571503293"><general>
<startdate>2025-12-26 11:21:30</startdate>
<round>1</round>
<failsafecounter/>
<players><player seat="10" name="M1ky3ste92" chips="592" dealer="0" win="130" bet="592" muck="1" rebuy="0" addon="0" merge="0" rebuychips="0" reg_code="5083652150"/>
<player seat="6" name="FanteDiDenari" chips="908" dealer="1" win="0" bet="65" muck="1" rebuy="0" addon="0" merge="0" rebuychips="0" reg_code="5083651892"/>
</players>
</general>
<round no="0"><action no="1" player="FanteDiDenari" type="15" discard="1" dealt="1" sum="5"/>
<action no="2" player="M1ky3ste92" type="15" sum="5"/>
<action no="3" player="FanteDiDenari" type="1" discard="1" dealt="1" sum="30"/>
<action no="4" player="M1ky3ste92" type="2" sum="60"/>
</round>
<round no="1"><cards type="Pocket" player="FanteDiDenari">X X</cards>
<cards type="Pocket" player="M1ky3ste92">SA D6</cards>
<action no="5" player="FanteDiDenari" type="3" discard="1" dealt="1" sum="30"/>
<action no="6" player="M1ky3ste92" type="23" sum="587"/>
<action no="7" player="FanteDiDenari" type="0" discard="1" dealt="1" sum="0"/>
</round>
</game>
<game gamecode="6571503339"><general>
<startdate>2025-12-26 11:21:39</startdate>
<round>1</round>
<failsafecounter/>
<players><player seat="6" name="FanteDiDenari" chips="843" dealer="0" win="0" bet="65" muck="1" rebuy="0" addon="0" merge="0" rebuychips="0" reg_code="5083651892"/>
<player seat="10" name="M1ky3ste92" chips="657" dealer="1" win="130" bet="657" muck="1" rebuy="0" addon="0" merge="0" rebuychips="0" reg_code="5083652150"/>
</players>
</general>
<round no="0"><action no="1" player="M1ky3ste92" type="15" sum="5"/>
<action no="2" player="FanteDiDenari" type="15" discard="1" dealt="1" sum="5"/>
<action no="3" player="M1ky3ste92" type="1" sum="30"/>
<action no="4" player="FanteDiDenari" type="2" discard="1" dealt="1" sum="60"/>
</round>
<round no="1"><cards type="Pocket" player="M1ky3ste92">DK S8</cards>
<cards type="Pocket" player="FanteDiDenari">X X</cards>
<action no="5" player="M1ky3ste92" type="23" sum="652"/>
<action no="6" player="FanteDiDenari" type="0" discard="1" dealt="1" sum="0"/>
</round>
</game>
<game gamecode="6571503382"><general>
<startdate>2025-12-26 11:21:51</startdate>
<round>1</round>
<failsafecounter/>
<players><player seat="10" name="M1ky3ste92" chips="722" dealer="0" win="0" bet="65" muck="1" rebuy="0" addon="0" merge="0" rebuychips="0" reg_code="5083652150"/>
<player seat="6" name="FanteDiDenari" chips="778" dealer="1" win="130" bet="125" muck="1" rebuy="0" addon="0" merge="0" rebuychips="0" reg_code="5083651892"/>
</players>
</general>
<round no="0"><action no="1" player="FanteDiDenari" type="15" discard="1" dealt="1" sum="5"/>
<action no="2" player="M1ky3ste92" type="15" sum="5"/>
<action no="3" player="FanteDiDenari" type="1" discard="1" dealt="1" sum="30"/>
<action no="4" player="M1ky3ste92" type="2" sum="60"/>
</round>
<round no="1"><cards type="Pocket" player="FanteDiDenari">X X</cards>
<cards type="Pocket" player="M1ky3ste92">DK D6</cards>
<action no="5" player="FanteDiDenari" type="3" discard="1" dealt="1" sum="30"/>
<action no="6" player="M1ky3ste92" type="4" sum="0"/>
</round>
<round no="2"><cards type="Flop">SJ S7 D5</cards>
<action no="7" player="M1ky3ste92" type="4" sum="0"/>
<action no="8" player="FanteDiDenari" type="5" discard="1" dealt="1" sum="60"/>
<action no="9" player="M1ky3ste92" type="0" sum="0"/>
</round>
</game>
<game gamecode="6571506260"><general>
<startdate>2025-12-26 11:22:05</startdate>
<round>1</round>
<failsafecounter/>
<players><player seat="6" name="FanteDiDenari" chips="843" dealer="0" win="1,314" bet="843" muck="0" rebuy="0" addon="0" merge="0" rebuychips="0" reg_code="5083651892"/>
<player seat="10" name="M1ky3ste92" chips="657" dealer="1" win="0" bet="657" muck="1" rebuy="0" addon="0" merge="0" rebuychips="0" reg_code="5083652150"/>
</players>
</general>
<round no="0"><action no="1" player="M1ky3ste92" type="15" sum="5"/>
<action no="2" player="FanteDiDenari" type="15" discard="1" dealt="1" sum="5"/>
<action no="3" player="M1ky3ste92" type="1" sum="30"/>
<action no="4" player="FanteDiDenari" type="2" discard="1" dealt="1" sum="60"/>
</round>
<round no="1"><cards type="Pocket" player="FanteDiDenari">HK S7</cards>
<cards type="Pocket" player="M1ky3ste92">HQ SQ</cards>
<action no="5" player="M1ky3ste92" type="3" sum="30"/>
<action no="6" player="FanteDiDenari" type="23" discard="1" dealt="1" sum="838"/>
<action no="7" player="M1ky3ste92" type="7" sum="592"/>
</round>
<round no="2"><cards type="Flop">DJ D8 H6</cards>
</round>
<round no="3"><cards type="Turn">SK</cards>
</round>
<round no="4"><cards type="River">D5</cards>
</round>
</game>
</session>
