<?xml version="1.0" encoding="UTF-8"?>
<session sessioncode="5083944488">
<general>
<client_version>24.7.1.18</client_version>
<mode>real</mode>
<gametype>Holdem NL</gametype>
<tablename>Twister €100 SNG, 824864932</tablename>
<tournamentcode>824864931</tournamentcode>
<tournamentname>Twister €100 SNG</tournamentname>
<buyin>€0 + €7 + €93</buyin>
<totalbuyin>€100</totalbuyin>
<rewarddrawn>€300</rewarddrawn>
<tournamentcurrency>EUR</tournamentcurrency>
<currency>EUR</currency>
<nickname>M1ky3ste92</nickname>
<gamecount>20</gamecount>
<startdate>2025-12-27 11:22:12</startdate>
<place>1</place>
<win>€300</win>
<tablesize>3</tablesize>
</general>
<game gamecode="6572690718"><general>
<startdate>2025-12-27 11:22:28</startdate>
<round>1</round>
<failsafecounter/>
<players><player seat="3" name="Ankalaev" chips="500" dealer="0" win="20" bet="20" muck="1" rebuy="0" addon="0" merge="0" rebuychips="0" reg_code="5083943543"/>
<player seat="6" name="StackEngineer2" chips="500" dealer="1" win="0" bet="0" muck="1" rebuy="0" addon="0" merge="0" rebuychips="0" reg_code="5083944271"/>
<player seat="10" name="M1ky3ste92" chips="500" dealer="0" win="0" bet="10" muck="1" rebuy="0" addon="0" merge="0" rebuychips="0" reg_code="5083944488"/>
</players>
</general>
<round no="0"><action no="1" player="M1ky3ste92" type="1" sum="10"/>
<action no="2" player="Ankalaev" type="2" discard="1" dealt="1" sum="20"/>
</round>
<round no="1"><cards type="Pocket" player="Ankalaev">X X</cards>
<cards type="Pocket" player="M1ky3ste92">H2 S10</cards>
<cards type="Pocket" player="StackEngineer2">X X</cards>
<action no="3" player="StackEngineer2" type="0" discard="1" dealt="1" sum="0"/>
<action no="4" player="M1ky3ste92" type="0" sum="0"/>
</round>
</game>
<game gamecode="6572690773"><general>
<startdate>2025-12-27 11:22:40</startdate>
<round>1</round>
<failsafecounter/>
<players><player seat="6" name="StackEngineer2" chips="500" dealer="0" win="90" bet="40" muck="0" rebuy="0" addon="0" merge="0" rebuychips="0" reg_code="5083944271"/>
<player seat="10" name="M1ky3ste92" chips="490" dealer="1" win="0" bet="40" muck="1" rebuy="0" addon="0" merge="0" rebuychips="0" reg_code="5083944488"/>
<player seat="3" name="Ankalaev" chips="510" dealer="0" win="0" bet="10" muck="1" rebuy="0" addon="0" merge="0" rebuychips="0" reg_code="5083943543"/>
</players>
</general>
<round no="0"><action no="1" player="Ankalaev" type="1" discard="1" dealt="1" sum="10"/>
<action no="2" player="StackEngineer2" type="2" discard="1" dealt="1" sum="20"/>
</round>
<round no="1"><cards type="Pocket" player="Ankalaev">X X</cards>
<cards type="Pocket" player="M1ky3ste92">CJ CQ</cards>
<cards type="Pocket" player="StackEngineer2">DA H2</cards>
<action no="3" player="M1ky3ste92" type="23" sum="40"/>
<action no="4" player="Ankalaev" type="0" discard="1" dealt="1" sum="0"/>
<action no="5" player="StackEngineer2" type="3" discard="1" dealt="1" sum="20"/>
</round>
<round no="2"><cards type="Flop">D3 S10 C7</cards>
<action no="6" player="StackEngineer2" type="4" discard="1" dealt="1" sum="0"/>
<action no="7" player="M1ky3ste92" type="4" sum="0"/>
</round>
<round no="3"><cards type="Turn">H5</cards>
<action no="8" player="StackEngineer2" type="4" discard="1" dealt="1" sum="0"/>
<action no="9" player="M1ky3ste92" type="4" sum="0"/>
</round>
<round no="4"><cards type="River">H3</cards>
<action no="10" player="StackEngineer2" type="4" discard="1" dealt="1" sum="0"/>
<action no="11" player="M1ky3ste92" type="4" sum="0"/>
</round>
</game>
<game gamecode="6572690879"><general>
<startdate>2025-12-27 11:23:07</startdate>
<round>1</round>
<failsafecounter/>
<players><player seat="10" name="M1ky3ste92" chips="450" dealer="0" win="0" bet="20" muck="1" rebuy="0" addon="0" merge="0" rebuychips="0" reg_code="5083944488"/>
<player seat="3" name="Ankalaev" chips="500" dealer="1" win="1,020" bet="500" muck="0" rebuy="0" addon="0" merge="0" rebuychips="0" reg_code="5083943543"/>
<player seat="6" name="StackEngineer2" chips="550" dealer="0" win="0" bet="550" muck="1" rebuy="0" addon="0" merge="0" rebuychips="0" reg_code="5083944271"/>
</players>
</general>
<round no="0"><action no="1" player="StackEngineer2" type="1" discard="1" dealt="1" sum="10"/>
<action no="2" player="M1ky3ste92" type="2" sum="20"/>
</round>
<round no="1"><cards type="Pocket" player="StackEngineer2">H8 C8</cards>
<cards type="Pocket" player="M1ky3ste92">S3 D5</cards>
<cards type="Pocket" player="Ankalaev">SA DK</cards>
<action no="3" player="Ankalaev" type="23" discard="1" dealt="1" sum="40"/>
<action no="4" player="StackEngineer2" type="23" discard="1" dealt="1" sum="550"/>
<action no="5" player="M1ky3ste92" type="0" sum="0"/>
<action no="6" player="Ankalaev" type="7" discard="1" dealt="1" sum="460"/>
</round>
<round no="2"><cards type="Flop">CJ SK H9</cards>
</round>
<round no="3"><cards type="Turn">D2</cards>
</round>
<round no="4"><cards type="River">C5</cards>
</round>
</game>
<game gamecode="6572690953"><general>
<startdate>2025-12-27 11:23:25</startdate>
<round>1</round>
<failsafecounter/>
<players><player seat="3" name="Ankalaev" chips="1,020" dealer="0" win="0" bet="120" muck="0" rebuy="0" addon="0" merge="0" rebuychips="0" reg_code="5083943543"/>
<player seat="6" name="StackEngineer2" chips="50" dealer="1" win="110" bet="50" muck="0" rebuy="0" addon="0" merge="0" rebuychips="0" reg_code="5083944271"/>
<player seat="10" name="M1ky3ste92" chips="430" dealer="0" win="0" bet="10" muck="1" rebuy="0" addon="0" merge="0" rebuychips="0" reg_code="5083944488"/>
</players>
</general>
<round no="0"><action no="1" player="M1ky3ste92" type="1" sum="10"/>
<action no="2" player="Ankalaev" type="2" discard="1" dealt="1" sum="20"/>
</round>
<round no="1"><cards type="Pocket" player="StackEngineer2">CK DK</cards>
<cards type="Pocket" player="M1ky3ste92">D10 S3</cards>
<cards type="Pocket" player="Ankalaev">D8 H7</cards>
<action no="3" player="StackEngineer2" type="23" discard="1" dealt="1" sum="40"/>
<action no="4" player="M1ky3ste92" type="0" sum="0"/>
<action no="5" player="Ankalaev" type="23" discard="1" dealt="1" sum="120"/>
<action no="6" player="StackEngineer2" type="7" discard="1" dealt="1" sum="10"/>
</round>
<round no="2"><cards type="Flop">S2 D9 C6</cards>
</round>
<round no="3"><cards type="Turn">H9</cards>
</round>
<round no="4"><cards type="River">HQ</cards>
</round>
</game>
<game gamecode="6572691029"><general>
<startdate>2025-12-27 11:23:44</startdate>
<round>1</round>
<failsafecounter/>
<players><player seat="6" name="StackEngineer2" chips="110" dealer="0" win="110" bet="110" muck="0" rebuy="0" addon="0" merge="0" rebuychips="0" reg_code="5083944271"/>
<player seat="10" name="M1ky3ste92" chips="420" dealer="1" win="0" bet="0" muck="1" rebuy="0" addon="0" merge="0" rebuychips="0" reg_code="5083944488"/>
<player seat="3" name="Ankalaev" chips="970" dealer="0" win="110" bet="970" muck="0" rebuy="0" addon="0" merge="0" rebuychips="0" reg_code="5083943543"/>
</players>
</general>
<round no="0"><action no="1" player="Ankalaev" type="1" discard="1" dealt="1" sum="10"/>
<action no="2" player="StackEngineer2" type="2" discard="1" dealt="1" sum="20"/>
</round>
<round no="1"><cards type="Pocket" player="M1ky3ste92">D3 H7</cards>
<cards type="Pocket" player="StackEngineer2">H10 CJ</cards>
<cards type="Pocket" player="Ankalaev">SJ H9</cards>
<action no="3" player="M1ky3ste92" type="0" sum="0"/>
<action no="4" player="Ankalaev" type="23" discard="1" dealt="1" sum="970"/>
<action no="5" player="StackEngineer2" type="7" discard="1" dealt="1" sum="90"/>
</round>
<round no="2"><cards type="Flop">H2 H4 C2</cards>
</round>
<round no="3"><cards type="Turn">S2</cards>
</round>
<round no="4"><cards type="River">CK</cards>
</round>
</game>
<game gamecode="6572691100"><general>
<startdate>2025-12-27 11:24:03</startdate>
<round>1</round>
<failsafecounter/>
<players><player seat="10" name="M1ky3ste92" chips="420" dealer="0" win="174" bet="82" muck="0" rebuy="0" addon="0" merge="0" rebuychips="0" reg_code="5083944488"/>
<player seat="3" name="Ankalaev" chips="970" dealer="1" win="0" bet="82" muck="1" rebuy="0" addon="0" merge="0" rebuychips="0" reg_code="5083943543"/>
<player seat="6" name="StackEngineer2" chips="110" dealer="0" win="0" bet="10" muck="1" rebuy="0" addon="0" merge="0" rebuychips="0" reg_code="5083944271"/>
</players>
</general>
<round no="0"><action no="1" player="StackEngineer2" type="1" discard="1" dealt="1" sum="10"/>
<action no="2" player="M1ky3ste92" type="2" sum="20"/>
</round>
<round no="1"><cards type="Pocket" player="M1ky3ste92">CQ C5</cards>
<cards type="Pocket" player="Ankalaev">D10 HJ</cards>
<cards type="Pocket" player="StackEngineer2">X X</cards>
<action no="3" player="Ankalaev" type="23" discard="1" dealt="1" sum="40"/>
<action no="4" player="StackEngineer2" type="0" discard="1" dealt="1" sum="0"/>
<action no="5" player="M1ky3ste92" type="3" sum="20"/>
</round>
<round no="2"><cards type="Flop">S10 HQ D6</cards>
<action no="6" player="M1ky3ste92" type="4" sum="0"/>
<action no="7" player="Ankalaev" type="5" discard="1" dealt="1" sum="22"/>
<action no="8" player="M1ky3ste92" type="3" sum="22"/>
</round>
<round no="3"><cards type="Turn">S9</cards>
<action no="9" player="M1ky3ste92" type="4" sum="0"/>
<action no="10" player="Ankalaev" type="4" discard="1" dealt="1" sum="0"/>
</round>
<round no="4"><cards type="River">S6</cards>
<action no="11" player="M1ky3ste92" type="5" sum="20"/>
<action no="12" player="Ankalaev" type="3" discard="1" dealt="1" sum="20"/>
</round>
</game>
<game gamecode="6572691188"><general>
<startdate>2025-12-27 11:24:26</startdate>
<round>1</round>
<failsafecounter/>
<players><player seat="3" name="Ankalaev" chips="888" dealer="0" win="0" bet="35" muck="1" rebuy="0" addon="0" merge="0" rebuychips="0" reg_code="5083943543"/>
<player seat="6" name="StackEngineer2" chips="100" dealer="1" win="235" bet="100" muck="0" rebuy="0" addon="0" merge="0" rebuychips="0" reg_code="5083944271"/>
<player seat="10" name="M1ky3ste92" chips="512" dealer="0" win="0" bet="512" muck="1" rebuy="0" addon="0" merge="0" rebuychips="0" reg_code="5083944488"/>
</players>
</general>
<round no="0"><action no="1" player="M1ky3ste92" type="15" sum="5"/>
<action no="2" player="Ankalaev" type="15" discard="1" dealt="1" sum="5"/>
<action no="3" player="StackEngineer2" type="15" discard="1" dealt="1" sum="5"/>
<action no="4" player="M1ky3ste92" type="1" sum="15"/>
<action no="5" player="Ankalaev" type="2" discard="1" dealt="1" sum="30"/>
</round>
<round no="1"><cards type="Pocket" player="Ankalaev">X X</cards>
<cards type="Pocket" player="M1ky3ste92">H6 DA</cards>
<cards type="Pocket" player="StackEngineer2">SA H2</cards>
<action no="6" player="StackEngineer2" type="23" discard="1" dealt="1" sum="95"/>
<action no="7" player="M1ky3ste92" type="23" sum="507"/>
<action no="8" player="Ankalaev" type="0" discard="1" dealt="1" sum="0"/>
</round>
<round no="2"><cards type="Flop">C10 D2 S5</cards>
</round>
<round no="3"><cards type="Turn">S4</cards>
</round>
<round no="4"><cards type="River">D5</cards>
</round>
</game>
<game gamecode="6572691244"><general>
<startdate>2025-12-27 11:24:44</startdate>
<round>1</round>
<failsafecounter/>
<players><player seat="6" name="StackEngineer2" chips="235" dealer="0" win="45" bet="35" muck="1" rebuy="0" addon="0" merge="0" rebuychips="0" reg_code="5083944271"/>
<player seat="10" name="M1ky3ste92" chips="412" dealer="1" win="0" bet="5" muck="1" rebuy="0" addon="0" merge="0" rebuychips="0" reg_code="5083944488"/>
<player seat="3" name="Ankalaev" chips="853" dealer="0" win="0" bet="20" muck="1" rebuy="0" addon="0" merge="0" rebuychips="0" reg_code="5083943543"/>
</players>
</general>
<round no="0"><action no="1" player="Ankalaev" type="15" discard="1" dealt="1" sum="5"/>
<action no="2" player="StackEngineer2" type="15" discard="1" dealt="1" sum="5"/>
<action no="3" player="M1ky3ste92" type="15" sum="5"/>
<action no="4" player="Ankalaev" type="1" discard="1" dealt="1" sum="15"/>
<action no="5" player="StackEngineer2" type="2" discard="1" dealt="1" sum="30"/>
</round>
<round no="1"><cards type="Pocket" player="StackEngineer2">X X</cards>
<cards type="Pocket" player="M1ky3ste92">H7 CK</cards>
<cards type="Pocket" player="Ankalaev">X X</cards>
<action no="6" player="M1ky3ste92" type="0" sum="0"/>
<action no="7" player="Ankalaev" type="0" discard="1" dealt="1" sum="0"/>
</round>
</game>
<game gamecode="6572691287"><general>
<startdate>2025-12-27 11:24:53</startdate>
<round>1</round>
<failsafecounter/>
<players><player seat="10" name="M1ky3ste92" chips="407" dealer="0" win="45" bet="35" muck="1" rebuy="0" addon="0" merge="0" rebuychips="0" reg_code="5083944488"/>
<player seat="3" name="Ankalaev" chips="833" dealer="1" win="0" bet="5" muck="1" rebuy="0" addon="0" merge="0" rebuychips="0" reg_code="5083943543"/>
<player seat="6" name="StackEngineer2" chips="260" dealer="0" win="0" bet="20" muck="1" rebuy="0" addon="0" merge="0" rebuychips="0" reg_code="5083944271"/>
</players>
</general>
<round no="0"><action no="1" player="StackEngineer2" type="15" discard="1" dealt="1" sum="5"/>
<action no="2" player="M1ky3ste92" type="15" sum="5"/>
<action no="3" player="Ankalaev" type="15" discard="1" dealt="1" sum="5"/>
<action no="4" player="StackEngineer2" type="1" discard="1" dealt="1" sum="15"/>
<action no="5" player="M1ky3ste92" type="2" sum="30"/>
</round>
<round no="1"><cards type="Pocket" player="M1ky3ste92">HJ D4</cards>
<cards type="Pocket" player="StackEngineer2">X X</cards>
<cards type="Pocket" player="Ankalaev">X X</cards>
<action no="6" player="Ankalaev" type="0" discard="1" dealt="1" sum="0"/>
<action no="7" player="StackEngineer2" type="0" discard="1" dealt="1" sum="0"/>
</round>
</game>
<game gamecode="6572691311"><general>
<startdate>2025-12-27 11:24:59</startdate>
<round>1</round>
<failsafecounter/>
<players><player seat="3" name="Ankalaev" chips="828" dealer="0" win="0" bet="35" muck="1" rebuy="0" addon="0" merge="0" rebuychips="0" reg_code="5083943543"/>
<player seat="6" name="StackEngineer2" chips="240" dealer="1" win="0" bet="5" muck="1" rebuy="0" addon="0" merge="0" rebuychips="0" reg_code="5083944271"/>
<player seat="10" name="M1ky3ste92" chips="432" dealer="0" win="75" bet="65" muck="1" rebuy="0" addon="0" merge="0" rebuychips="0" reg_code="5083944488"/>
</players>
</general>
<round no="0"><action no="1" player="M1ky3ste92" type="15" sum="5"/>
<action no="2" player="Ankalaev" type="15" discard="1" dealt="1" sum="5"/>
<action no="3" player="StackEngineer2" type="15" discard="1" dealt="1" sum="5"/>
<action no="4" player="M1ky3ste92" type="1" sum="15"/>
<action no="5" player="Ankalaev" type="2" discard="1" dealt="1" sum="30"/>
</round>
<round no="1"><cards type="Pocket" player="Ankalaev">X X</cards>
<cards type="Pocket" player="StackEngineer2">X X</cards>
<cards type="Pocket" player="M1ky3ste92">D9 CQ</cards>
<action no="6" player="StackEngineer2" type="0" discard="1" dealt="1" sum="0"/>
<action no="7" player="M1ky3ste92" type="3" sum="15"/>
<action no="8" player="Ankalaev" type="4" discard="1" dealt="1" sum="0"/>
</round>
<round no="2"><cards type="Flop">D10 CA C10</cards>
<action no="9" player="M1ky3ste92" type="5" sum="30"/>
<action no="10" player="Ankalaev" type="0" discard="1" dealt="1" sum="0"/>
</round>
</game>
<game gamecode="6572691390"><general>
<startdate>2025-12-27 11:25:17</startdate>
<round>1</round>
<failsafecounter/>
<players><player seat="6" name="StackEngineer2" chips="235" dealer="0" win="0" bet="35" muck="1" rebuy="0" addon="0" merge="0" rebuychips="0" reg_code="5083944271"/>
<player seat="10" name="M1ky3ste92" chips="472" dealer="1" win="0" bet="5" muck="1" rebuy="0" addon="0" merge="0" rebuychips="0" reg_code="5083944488"/>
<player seat="3" name="Ankalaev" chips="793" dealer="0" win="75" bet="793" muck="1" rebuy="0" addon="0" merge="0" rebuychips="0" reg_code="5083943543"/>
</players>
</general>
<round no="0"><action no="1" player="Ankalaev" type="15" discard="1" dealt="1" sum="5"/>
<action no="2" player="StackEngineer2" type="15" discard="1" dealt="1" sum="5"/>
<action no="3" player="M1ky3ste92" type="15" sum="5"/>
<action no="4" player="Ankalaev" type="1" discard="1" dealt="1" sum="15"/>
<action no="5" player="StackEngineer2" type="2" discard="1" dealt="1" sum="30"/>
</round>
<round no="1"><cards type="Pocket" player="M1ky3ste92">C2 S9</cards>
<cards type="Pocket" player="StackEngineer2">X X</cards>
<cards type="Pocket" player="Ankalaev">X X</cards>
<action no="6" player="M1ky3ste92" type="0" sum="0"/>
<action no="7" player="Ankalaev" type="23" discard="1" dealt="1" sum="788"/>
<action no="8" player="StackEngineer2" type="0" discard="1" dealt="1" sum="0"/>
</round>
</game>
<game gamecode="6572693952"><general>
<startdate>2025-12-27 11:25:26</startdate>
<round>1</round>
<failsafecounter/>
<players><player seat="10" name="M1ky3ste92" chips="467" dealer="0" win="0" bet="35" muck="1" rebuy="0" addon="0" merge="0" rebuychips="0" reg_code="5083944488"/>
<player seat="3" name="Ankalaev" chips="833" dealer="1" win="90" bet="833" muck="1" rebuy="0" addon="0" merge="0" rebuychips="0" reg_code="5083943543"/>
<player seat="6" name="StackEngineer2" chips="200" dealer="0" win="0" bet="20" muck="1" rebuy="0" addon="0" merge="0" rebuychips="0" reg_code="5083944271"/>
</players>
</general>
<round no="0"><action no="1" player="StackEngineer2" type="15" discard="1" dealt="1" sum="5"/>
<action no="2" player="M1ky3ste92" type="15" sum="5"/>
<action no="3" player="Ankalaev" type="15" discard="1" dealt="1" sum="5"/>
<action no="4" player="StackEngineer2" type="1" discard="1" dealt="1" sum="15"/>
<action no="5" player="M1ky3ste92" type="2" sum="30"/>
</round>
<round no="1"><cards type="Pocket" player="M1ky3ste92">D2 CK</cards>
<cards type="Pocket" player="Ankalaev">X X</cards>
<cards type="Pocket" player="StackEngineer2">X X</cards>
<action no="6" player="Ankalaev" type="23" discard="1" dealt="1" sum="828"/>
<action no="7" player="StackEngineer2" type="0" discard="1" dealt="1" sum="0"/>
<action no="8" player="M1ky3ste92" type="0" sum="0"/>
</round>
</game>
<game gamecode="6572693982"><general>
<startdate>2025-12-27 11:25:35</startdate>
<round>1</round>
<failsafecounter/>
<players><player seat="3" name="Ankalaev" chips="888" dealer="0" win="0" bet="35" muck="1" rebuy="0" addon="0" merge="0" rebuychips="0" reg_code="5083943543"/>
<player seat="6" name="StackEngineer2" chips="180" dealer="1" win="90" bet="180" muck="1" rebuy="0" addon="0" merge="0" rebuychips="0" reg_code="5083944271"/>
<player seat="10" name="M1ky3ste92" chips="432" dealer="0" win="0" bet="20" muck="1" rebuy="0" addon="0" merge="0" rebuychips="0" reg_code="5083944488"/>
</players>
</general>
<round no="0"><action no="1" player="M1ky3ste92" type="15" sum="5"/>
<action no="2" player="Ankalaev" type="15" discard="1" dealt="1" sum="5"/>
<action no="3" player="StackEngineer2" type="15" discard="1" dealt="1" sum="5"/>
<action no="4" player="M1ky3ste92" type="1" sum="15"/>
<action no="5" player="Ankalaev" type="2" discard="1" dealt="1" sum="30"/>
</round>
<round no="1"><cards type="Pocket" player="Ankalaev">X X</cards>
<cards type="Pocket" player="M1ky3ste92">HK C5</cards>
<cards type="Pocket" player="StackEngineer2">X X</cards>
<action no="6" player="StackEngineer2" type="23" discard="1" dealt="1" sum="175"/>
<action no="7" player="M1ky3ste92" type="0" sum="0"/>
<action no="8" player="Ankalaev" type="0" discard="1" dealt="1" sum="0"/>
</round>
</game>
<game gamecode="6572694020"><general>
<startdate>2025-12-27 11:25:45</startdate>
<round>1</round>
<failsafecounter/>
<players><player seat="6" name="StackEngineer2" chips="235" dealer="0" win="0" bet="35" muck="1" rebuy="0" addon="0" merge="0" rebuychips="0" reg_code="5083944271"/>
<player seat="10" name="M1ky3ste92" chips="412" dealer="1" win="0" bet="5" muck="1" rebuy="0" addon="0" merge="0" rebuychips="0" reg_code="5083944488"/>
<player seat="3" name="Ankalaev" chips="853" dealer="0" win="75" bet="853" muck="1" rebuy="0" addon="0" merge="0" rebuychips="0" reg_code="5083943543"/>
</players>
</general>
<round no="0"><action no="1" player="Ankalaev" type="15" discard="1" dealt="1" sum="5"/>
<action no="2" player="StackEngineer2" type="15" discard="1" dealt="1" sum="5"/>
<action no="3" player="M1ky3ste92" type="15" sum="5"/>
<action no="4" player="Ankalaev" type="1" discard="1" dealt="1" sum="15"/>
<action no="5" player="StackEngineer2" type="2" discard="1" dealt="1" sum="30"/>
</round>
<round no="1"><cards type="Pocket" player="StackEngineer2">X X</cards>
<cards type="Pocket" player="M1ky3ste92">C9 D3</cards>
<cards type="Pocket" player="Ankalaev">X X</cards>
<action no="6" player="M1ky3ste92" type="0" sum="0"/>
<action no="7" player="Ankalaev" type="23" discard="1" dealt="1" sum="848"/>
<action no="8" player="StackEngineer2" type="0" discard="1" dealt="1" sum="0"/>
</round>
</game>
<game gamecode="6572694054"><general>
<startdate>2025-12-27 11:25:53</startdate>
<round>1</round>
<failsafecounter/>
<players><player seat="10" name="M1ky3ste92" chips="407" dealer="0" win="55" bet="45" muck="1" rebuy="0" addon="0" merge="0" rebuychips="0" reg_code="5083944488"/>
<player seat="3" name="Ankalaev" chips="893" dealer="1" win="0" bet="5" muck="1" rebuy="0" addon="0" merge="0" rebuychips="0" reg_code="5083943543"/>
<player seat="6" name="StackEngineer2" chips="200" dealer="0" win="0" bet="25" muck="1" rebuy="0" addon="0" merge="0" rebuychips="0" reg_code="5083944271"/>
</players>
</general>
<round no="0"><action no="1" player="StackEngineer2" type="15" discard="1" dealt="1" sum="5"/>
<action no="2" player="M1ky3ste92" type="15" sum="5"/>
<action no="3" player="Ankalaev" type="15" discard="1" dealt="1" sum="5"/>
<action no="4" player="StackEngineer2" type="1" discard="1" dealt="1" sum="20"/>
<action no="5" player="M1ky3ste92" type="2" sum="40"/>
</round>
<round no="1"><cards type="Pocket" player="Ankalaev">X X</cards>
<cards type="Pocket" player="M1ky3ste92">H2 S8</cards>
<cards type="Pocket" player="StackEngineer2">X X</cards>
<action no="6" player="Ankalaev" type="0" discard="1" dealt="1" sum="0"/>
<action no="7" player="StackEngineer2" type="0" discard="1" dealt="1" sum="0"/>
</round>
</game>
<game gamecode="6572694080"><general>
<startdate>2025-12-27 11:26:00</startdate>
<round>1</round>
<failsafecounter/>
<players><player seat="3" name="Ankalaev" chips="888" dealer="0" win="0" bet="45" muck="1" rebuy="0" addon="0" merge="0" rebuychips="0" reg_code="5083943543"/>
<player seat="6" name="StackEngineer2" chips="175" dealer="1" win="0" bet="175" muck="0" rebuy="0" addon="0" merge="0" rebuychips="0" reg_code="5083944271"/>
<player seat="10" name="M1ky3ste92" chips="437" dealer="0" win="395" bet="437" muck="0" rebuy="0" addon="0" merge="0" rebuychips="0" reg_code="5083944488"/>
</players>
</general>
<round no="0"><action no="1" player="M1ky3ste92" type="15" sum="5"/>
<action no="2" player="Ankalaev" type="15" discard="1" dealt="1" sum="5"/>
<action no="3" player="StackEngineer2" type="15" discard="1" dealt="1" sum="5"/>
<action no="4" player="M1ky3ste92" type="1" sum="20"/>
<action no="5" player="Ankalaev" type="2" discard="1" dealt="1" sum="40"/>
</round>
<round no="1"><cards type="Pocket" player="M1ky3ste92">S9 SA</cards>
<cards type="Pocket" player="Ankalaev">X X</cards>
<cards type="Pocket" player="StackEngineer2">HK CQ</cards>
<action no="6" player="StackEngineer2" type="23" discard="1" dealt="1" sum="170"/>
<action no="7" player="M1ky3ste92" type="23" sum="432"/>
<action no="8" player="Ankalaev" type="0" discard="1" dealt="1" sum="0"/>
</round>
<round no="2"><cards type="Flop">SJ D4 S3</cards>
</round>
<round no="3"><cards type="Turn">H3</cards>
</round>
<round no="4"><cards type="River">H7</cards>
</round>
</game>
<game gamecode="6572694160"><general>
<startdate>2025-12-27 11:26:20</startdate>
<round>1</round>
<failsafecounter/>
<players><player seat="3" name="Ankalaev" chips="843" dealer="0" win="50" bet="45" muck="1" rebuy="0" addon="0" merge="0" rebuychips="0" reg_code="5083943543"/>
<player seat="10" name="M1ky3ste92" chips="657" dealer="1" win="0" bet="25" muck="1" rebuy="0" addon="0" merge="0" rebuychips="0" reg_code="5083944488"/>
</players>
</general>
<round no="0"><action no="1" player="M1ky3ste92" type="15" sum="5"/>
<action no="2" player="Ankalaev" type="15" discard="1" dealt="1" sum="5"/>
<action no="3" player="M1ky3ste92" type="1" sum="20"/>
<action no="4" player="Ankalaev" type="2" discard="1" dealt="1" sum="40"/>
</round>
<round no="1"><cards type="Pocket" player="M1ky3ste92">D7 H2</cards>
<cards type="Pocket" player="Ankalaev">X X</cards>
<action no="5" player="M1ky3ste92" type="0" sum="0"/>
</round>
</game>
<game gamecode="6572694185"><general>
<startdate>2025-12-27 11:26:25</startdate>
<round>1</round>
<failsafecounter/>
<players><player seat="10" name="M1ky3ste92" chips="632" dealer="0" win="50" bet="45" muck="1" rebuy="0" addon="0" merge="0" rebuychips="0" reg_code="5083944488"/>
<player seat="3" name="Ankalaev" chips="868" dealer="1" win="0" bet="25" muck="1" rebuy="0" addon="0" merge="0" rebuychips="0" reg_code="5083943543"/>
</players>
</general>
<round no="0"><action no="1" player="Ankalaev" type="15" discard="1" dealt="1" sum="5"/>
<action no="2" player="M1ky3ste92" type="15" sum="5"/>
<action no="3" player="Ankalaev" type="1" discard="1" dealt="1" sum="20"/>
<action no="4" player="M1ky3ste92" type="2" sum="40"/>
</round>
<round no="1"><cards type="Pocket" player="Ankalaev">X X</cards>
<cards type="Pocket" player="M1ky3ste92">H9 D10</cards>
<action no="5" player="Ankalaev" type="0" discard="1" dealt="1" sum="0"/>
</round>
</game>
<game gamecode="6572694211"><general>
<startdate>2025-12-27 11:26:31</startdate>
<round>1</round>
<failsafecounter/>
<players><player seat="3" name="Ankalaev" chips="843" dealer="0" win="0" bet="125" muck="1" rebuy="0" addon="0" merge="0" rebuychips="0" reg_code="5083943543"/>
<player seat="10" name="M1ky3ste92" chips="657" dealer="1" win="250" bet="657" muck="1" rebuy="0" addon="0" merge="0" rebuychips="0" reg_code="5083944488"/>
</players>
</general>
<round no="0"><action no="1" player="M1ky3ste92" type="15" sum="5"/>
<action no="2" player="Ankalaev" type="15" discard="1" dealt="1" sum="5"/>
<action no="3" player="M1ky3ste92" type="1" sum="20"/>
<action no="4" player="Ankalaev" type="2" discard="1" dealt="1" sum="40"/>
</round>
<round no="1"><cards type="Pocket" player="Ankalaev">X X</cards>
<cards type="Pocket" player="M1ky3ste92">HA H8</cards>
<action no="5" player="M1ky3ste92" type="3" sum="20"/>
<action no="6" player="Ankalaev" type="23" discard="1" dealt="1" sum="120"/>
<action no="7" player="M1ky3ste92" type="23" sum="652"/>
<action no="8" player="Ankalaev" type="0" discard="1" dealt="1" sum="0"/>
</round>
</game>
<game gamecode="6572694258"><general>
<startdate>2025-12-27 11:26:44</startdate>
<round>1</round>
<failsafecounter/>
<players><player seat="10" name="M1ky3ste92" chips="782" dealer="0" win="1,436" bet="782" muck="0" rebuy="0" addon="0" merge="0" rebuychips="0" reg_code="5083944488"/>
<player seat="3" name="Ankalaev" chips="718" dealer="1" win="0" bet="718" muck="0" rebuy="0" addon="0" merge="0" rebuychips="0" reg_code="5083943543"/>
</players>
</general>
<round no="0"><action no="1" player="Ankalaev" type="15" discard="1" dealt="1" sum="5"/>
<action no="2" player="M1ky3ste92" type="15" sum="5"/>
<action no="3" player="Ankalaev" type="1" discard="1" dealt="1" sum="20"/>
<action no="4" player="M1ky3ste92" type="2" sum="40"/>
</round>
<round no="1"><cards type="Pocket" player="Ankalaev">C6 S6</cards>
<cards type="Pocket" player="M1ky3ste92">DA D5</cards>
<action no="5" player="Ankalaev" type="3" discard="1" dealt="1" sum="20"/>
<action no="6" player="M1ky3ste92" type="23" sum="777"/>
<action no="7" player="Ankalaev" type="7" discard="1" dealt="1" sum="673"/>
</round>
<round no="2"><cards type="Flop">H9 CK D8</cards>
</round>
<round no="3"><cards type="Turn">D10</cards>
</round>
<round no="4"><cards type="River">D2</cards>
</round>
</game>
</session>
