<?xml version="1.0" encoding="UTF-8"?>
<session sessioncode="5084053985">
<general>
<client_version>24.7.1.18</client_version>
<mode>real</mode>
<gametype>Holdem NL</gametype>
<tablename>Twister €100 SNG, 824898185</tablename>
<tournamentcode>824898184</tournamentcode>
<tournamentname>Twister €100 SNG</tournamentname>
<buyin>€0 + €7 + €93</buyin>
<totalbuyin>€100</totalbuyin>
<rewarddrawn>€200</rewarddrawn>
<tournamentcurrency>EUR</tournamentcurrency>
<currency>EUR</currency>
<nickname>M1ky3ste92</nickname>
<gamecount>11</gamecount>
<startdate>2025-12-27 18:55:03</startdate>
<place>1</place>
<win>€200</win>
<tablesize>3</tablesize>
</general>
<game gamecode="6573136840"><general>
<startdate>2025-12-27 18:55:19</startdate>
<round>1</round>
<failsafecounter/>
<players><player seat="10" name="M1ky3ste92" chips="500" dealer="0" win="20" bet="20" muck="1" rebuy="0" addon="0" merge="0" rebuychips="0" reg_code="5084053985"/>
<player seat="3" name="raffaellogennari" chips="500" dealer="1" win="0" bet="0" muck="1" rebuy="0" addon="0" merge="0" rebuychips="0" reg_code="5084053626"/>
<player seat="6" name="SuBandiduu" chips="500" dealer="0" win="0" bet="10" muck="1" rebuy="0" addon="0" merge="0" rebuychips="0" reg_code="5084053970"/>
</players>
</general>
<round no="0"><action no="1" player="SuBandiduu" type="1" discard="1" dealt="1" sum="10"/>
<action no="2" player="M1ky3ste92" type="2" sum="20"/>
</round>
<round no="1"><cards type="Pocket" player="M1ky3ste92">HK S3</cards>
<cards type="Pocket" player="raffaellogennari">X X</cards>
<cards type="Pocket" player="SuBandiduu">X X</cards>
<action no="3" player="raffaellogennari" type="0" discard="1" dealt="1" sum="0"/>
<action no="4" player="SuBandiduu" type="0" discard="1" dealt="1" sum="0"/>
</round>
</game>
<game gamecode="6573136876"><general>
<startdate>2025-12-27 18:55:25</startdate>
<round>1</round>
<failsafecounter/>
<players><player seat="3" name="raffaellogennari" chips="500" dealer="0" win="0" bet="40" muck="1" rebuy="0" addon="0" merge="0" rebuychips="0" reg_code="5084053626"/>
<player seat="6" name="SuBandiduu" chips="490" dealer="1" win="0" bet="40" muck="1" rebuy="0" addon="0" merge="0" rebuychips="0" reg_code="5084053970"/>
<player seat="10" name="M1ky3ste92" chips="510" dealer="0" win="120" bet="100" muck="1" rebuy="0" addon="0" merge="0" rebuychips="0" reg_code="5084053985"/>
</players>
</general>
<round no="0"><action no="1" player="M1ky3ste92" type="1" sum="10"/>
<action no="2" player="raffaellogennari" type="2" discard="1" dealt="1" sum="20"/>
</round>
<round no="1"><cards type="Pocket" player="raffaellogennari">X X</cards>
<cards type="Pocket" player="SuBandiduu">X X</cards>
<cards type="Pocket" player="M1ky3ste92">DJ D9</cards>
<action no="3" player="SuBandiduu" type="23" discard="1" dealt="1" sum="40"/>
<action no="4" player="M1ky3ste92" type="3" sum="30"/>
<action no="5" player="raffaellogennari" type="3" discard="1" dealt="1" sum="20"/>
</round>
<round no="2"><cards type="Flop">H7 D10 HA</cards>
<action no="6" player="M1ky3ste92" type="4" sum="0"/>
<action no="7" player="raffaellogennari" type="4" discard="1" dealt="1" sum="0"/>
<action no="8" player="SuBandiduu" type="4" discard="1" dealt="1" sum="0"/>
</round>
<round no="3"><cards type="Turn">H8</cards>
<action no="9" player="M1ky3ste92" type="5" sum="60"/>
<action no="10" player="raffaellogennari" type="0" discard="1" dealt="1" sum="0"/>
<action no="11" player="SuBandiduu" type="0" discard="1" dealt="1" sum="0"/>
</round>
</game>
<game gamecode="6573137034"><general>
<startdate>2025-12-27 18:55:49</startdate>
<round>1</round>
<failsafecounter/>
<players><player seat="6" name="SuBandiduu" chips="450" dealer="0" win="0" bet="40" muck="1" rebuy="0" addon="0" merge="0" rebuychips="0" reg_code="5084053970"/>
<player seat="10" name="M1ky3ste92" chips="590" dealer="1" win="90" bet="60" muck="1" rebuy="0" addon="0" merge="0" rebuychips="0" reg_code="5084053985"/>
<player seat="3" name="raffaellogennari" chips="460" dealer="0" win="0" bet="10" muck="1" rebuy="0" addon="0" merge="0" rebuychips="0" reg_code="5084053626"/>
</players>
</general>
<round no="0"><action no="1" player="raffaellogennari" type="1" discard="1" dealt="1" sum="10"/>
<action no="2" player="SuBandiduu" type="2" discard="1" dealt="1" sum="20"/>
</round>
<round no="1"><cards type="Pocket" player="SuBandiduu">X X</cards>
<cards type="Pocket" player="M1ky3ste92">S8 S7</cards>
<cards type="Pocket" player="raffaellogennari">X X</cards>
<action no="3" player="M1ky3ste92" type="23" sum="40"/>
<action no="4" player="raffaellogennari" type="0" discard="1" dealt="1" sum="0"/>
<action no="5" player="SuBandiduu" type="3" discard="1" dealt="1" sum="20"/>
</round>
<round no="2"><cards type="Flop">CK S5 CQ</cards>
<action no="6" player="SuBandiduu" type="4" discard="1" dealt="1" sum="0"/>
<action no="7" player="M1ky3ste92" type="5" sum="20"/>
<action no="8" player="SuBandiduu" type="0" discard="1" dealt="1" sum="0"/>
</round>
</game>
<game gamecode="6573137166"><general>
<startdate>2025-12-27 18:56:08</startdate>
<round>1</round>
<failsafecounter/>
<players><player seat="10" name="M1ky3ste92" chips="640" dealer="0" win="100" bet="640" muck="1" rebuy="0" addon="0" merge="0" rebuychips="0" reg_code="5084053985"/>
<player seat="3" name="raffaellogennari" chips="450" dealer="1" win="0" bet="0" muck="1" rebuy="0" addon="0" merge="0" rebuychips="0" reg_code="5084053626"/>
<player seat="6" name="SuBandiduu" chips="410" dealer="0" win="0" bet="50" muck="1" rebuy="0" addon="0" merge="0" rebuychips="0" reg_code="5084053970"/>
</players>
</general>
<round no="0"><action no="1" player="SuBandiduu" type="1" discard="1" dealt="1" sum="10"/>
<action no="2" player="M1ky3ste92" type="2" sum="20"/>
</round>
<round no="1"><cards type="Pocket" player="M1ky3ste92">C4 S4</cards>
<cards type="Pocket" player="raffaellogennari">X X</cards>
<cards type="Pocket" player="SuBandiduu">X X</cards>
<action no="3" player="raffaellogennari" type="0" discard="1" dealt="1" sum="0"/>
<action no="4" player="SuBandiduu" type="23" discard="1" dealt="1" sum="50"/>
<action no="5" player="M1ky3ste92" type="23" sum="640"/>
<action no="6" player="SuBandiduu" type="0" discard="1" dealt="1" sum="0"/>
</round>
</game>
<game gamecode="6573137293"><general>
<startdate>2025-12-27 18:56:26</startdate>
<round>1</round>
<failsafecounter/>
<players><player seat="3" name="raffaellogennari" chips="450" dealer="0" win="0" bet="40" muck="1" rebuy="0" addon="0" merge="0" rebuychips="0" reg_code="5084053626"/>
<player seat="6" name="SuBandiduu" chips="360" dealer="1" win="90" bet="60" muck="1" rebuy="0" addon="0" merge="0" rebuychips="0" reg_code="5084053970"/>
<player seat="10" name="M1ky3ste92" chips="690" dealer="0" win="0" bet="10" muck="1" rebuy="0" addon="0" merge="0" rebuychips="0" reg_code="5084053985"/>
</players>
</general>
<round no="0"><action no="1" player="M1ky3ste92" type="1" sum="10"/>
<action no="2" player="raffaellogennari" type="2" discard="1" dealt="1" sum="20"/>
</round>
<round no="1"><cards type="Pocket" player="SuBandiduu">X X</cards>
<cards type="Pocket" player="M1ky3ste92">SK C3</cards>
<cards type="Pocket" player="raffaellogennari">X X</cards>
<action no="3" player="SuBandiduu" type="23" discard="1" dealt="1" sum="40"/>
<action no="4" player="M1ky3ste92" type="0" sum="0"/>
<action no="5" player="raffaellogennari" type="3" discard="1" dealt="1" sum="20"/>
</round>
<round no="2"><cards type="Flop">C5 H3 CQ</cards>
<action no="6" player="raffaellogennari" type="4" discard="1" dealt="1" sum="0"/>
<action no="7" player="SuBandiduu" type="5" discard="1" dealt="1" sum="20"/>
<action no="8" player="raffaellogennari" type="0" discard="1" dealt="1" sum="0"/>
</round>
</game>
<game gamecode="6573137471"><general>
<startdate>2025-12-27 18:56:53</startdate>
<round>1</round>
<failsafecounter/>
<players><player seat="6" name="SuBandiduu" chips="410" dealer="0" win="40" bet="50" muck="1" rebuy="0" addon="0" merge="0" rebuychips="0" reg_code="5084053970"/>
<player seat="10" name="M1ky3ste92" chips="680" dealer="1" win="0" bet="0" muck="1" rebuy="0" addon="0" merge="0" rebuychips="0" reg_code="5084053985"/>
<player seat="3" name="raffaellogennari" chips="410" dealer="0" win="0" bet="20" muck="1" rebuy="0" addon="0" merge="0" rebuychips="0" reg_code="5084053626"/>
</players>
</general>
<round no="0"><action no="1" player="raffaellogennari" type="1" discard="1" dealt="1" sum="10"/>
<action no="2" player="SuBandiduu" type="2" discard="1" dealt="1" sum="20"/>
</round>
<round no="1"><cards type="Pocket" player="raffaellogennari">X X</cards>
<cards type="Pocket" player="SuBandiduu">X X</cards>
<cards type="Pocket" player="M1ky3ste92">C8 H6</cards>
<action no="3" player="M1ky3ste92" type="0" sum="0"/>
<action no="4" player="raffaellogennari" type="3" discard="1" dealt="1" sum="10"/>
<action no="5" player="SuBandiduu" type="4" discard="1" dealt="1" sum="0"/>
</round>
<round no="2"><cards type="Flop">S9 H10 DJ</cards>
<action no="6" player="raffaellogennari" type="4" discard="1" dealt="1" sum="0"/>
<action no="7" player="SuBandiduu" type="4" discard="1" dealt="1" sum="0"/>
</round>
<round no="3"><cards type="Turn">S4</cards>
<action no="8" player="raffaellogennari" type="4" discard="1" dealt="1" sum="0"/>
<action no="9" player="SuBandiduu" type="5" discard="1" dealt="1" sum="30"/>
<action no="10" player="raffaellogennari" type="0" discard="1" dealt="1" sum="0"/>
</round>
</game>
<game gamecode="6573137676"><general>
<startdate>2025-12-27 18:57:23</startdate>
<round>1</round>
<failsafecounter/>
<players><player seat="10" name="M1ky3ste92" chips="680" dealer="0" win="75" bet="87" muck="1" rebuy="0" addon="0" merge="0" rebuychips="0" reg_code="5084053985"/>
<player seat="3" name="raffaellogennari" chips="390" dealer="1" win="0" bet="5" muck="1" rebuy="0" addon="0" merge="0" rebuychips="0" reg_code="5084053626"/>
<player seat="6" name="SuBandiduu" chips="430" dealer="0" win="0" bet="35" muck="1" rebuy="0" addon="0" merge="0" rebuychips="0" reg_code="5084053970"/>
</players>
</general>
<round no="0"><action no="1" player="SuBandiduu" type="15" discard="1" dealt="1" sum="5"/>
<action no="2" player="M1ky3ste92" type="15" sum="5"/>
<action no="3" player="raffaellogennari" type="15" discard="1" dealt="1" sum="5"/>
<action no="4" player="SuBandiduu" type="1" discard="1" dealt="1" sum="15"/>
<action no="5" player="M1ky3ste92" type="2" sum="30"/>
</round>
<round no="1"><cards type="Pocket" player="SuBandiduu">X X</cards>
<cards type="Pocket" player="M1ky3ste92">DK C7</cards>
<cards type="Pocket" player="raffaellogennari">X X</cards>
<action no="6" player="raffaellogennari" type="0" discard="1" dealt="1" sum="0"/>
<action no="7" player="SuBandiduu" type="3" discard="1" dealt="1" sum="15"/>
<action no="8" player="M1ky3ste92" type="4" sum="0"/>
</round>
<round no="2"><cards type="Flop">H2 S4 D7</cards>
<action no="9" player="SuBandiduu" type="4" discard="1" dealt="1" sum="0"/>
<action no="10" player="M1ky3ste92" type="5" sum="52"/>
<action no="11" player="SuBandiduu" type="0" discard="1" dealt="1" sum="0"/>
</round>
</game>
<game gamecode="6573137840"><general>
<startdate>2025-12-27 18:57:46</startdate>
<round>1</round>
<failsafecounter/>
<players><player seat="3" name="raffaellogennari" chips="385" dealer="0" win="0" bet="385" muck="0" rebuy="0" addon="0" merge="0" rebuychips="0" reg_code="5084053626"/>
<player seat="6" name="SuBandiduu" chips="395" dealer="1" win="0" bet="5" muck="1" rebuy="0" addon="0" merge="0" rebuychips="0" reg_code="5084053970"/>
<player seat="10" name="M1ky3ste92" chips="720" dealer="0" win="775" bet="720" muck="0" rebuy="0" addon="0" merge="0" rebuychips="0" reg_code="5084053985"/>
</players>
</general>
<round no="0"><action no="1" player="M1ky3ste92" type="15" sum="5"/>
<action no="2" player="raffaellogennari" type="15" discard="1" dealt="1" sum="5"/>
<action no="3" player="SuBandiduu" type="15" discard="1" dealt="1" sum="5"/>
<action no="4" player="M1ky3ste92" type="1" sum="15"/>
<action no="5" player="raffaellogennari" type="2" discard="1" dealt="1" sum="30"/>
</round>
<round no="1"><cards type="Pocket" player="M1ky3ste92">HK DJ</cards>
<cards type="Pocket" player="raffaellogennari">SA S2</cards>
<cards type="Pocket" player="SuBandiduu">X X</cards>
<action no="6" player="SuBandiduu" type="0" discard="1" dealt="1" sum="0"/>
<action no="7" player="M1ky3ste92" type="23" sum="715"/>
<action no="8" player="raffaellogennari" type="7" discard="1" dealt="1" sum="350"/>
</round>
<round no="2"><cards type="Flop">D3 CJ S8</cards>
</round>
<round no="3"><cards type="Turn">D9</cards>
</round>
<round no="4"><cards type="River">S4</cards>
</round>
</game>
<game gamecode="6573137993"><general>
<startdate>2025-12-27 18:58:06</startdate>
<round>1</round>
<failsafecounter/>
<players><player seat="6" name="SuBandiduu" chips="390" dealer="0" win="70" bet="80" muck="1" rebuy="0" addon="0" merge="0" rebuychips="0" reg_code="5084053970"/>
<player seat="10" name="M1ky3ste92" chips="1,110" dealer="1" win="0" bet="35" muck="1" rebuy="0" addon="0" merge="0" rebuychips="0" reg_code="5084053985"/>
</players>
</general>
<round no="0"><action no="1" player="M1ky3ste92" type="15" sum="5"/>
<action no="2" player="SuBandiduu" type="15" discard="1" dealt="1" sum="5"/>
<action no="3" player="M1ky3ste92" type="1" sum="15"/>
<action no="4" player="SuBandiduu" type="2" discard="1" dealt="1" sum="30"/>
</round>
<round no="1"><cards type="Pocket" player="M1ky3ste92">S7 H3</cards>
<cards type="Pocket" player="SuBandiduu">X X</cards>
<action no="5" player="M1ky3ste92" type="3" sum="15"/>
<action no="6" player="SuBandiduu" type="23" discard="1" dealt="1" sum="75"/>
<action no="7" player="M1ky3ste92" type="0" sum="0"/>
</round>
</game>
<game gamecode="6573138069"><general>
<startdate>2025-12-27 18:58:17</startdate>
<round>1</round>
<failsafecounter/>
<players><player seat="10" name="M1ky3ste92" chips="1,075" dealer="0" win="70" bet="80" muck="1" rebuy="0" addon="0" merge="0" rebuychips="0" reg_code="5084053985"/>
<player seat="6" name="SuBandiduu" chips="425" dealer="1" win="0" bet="35" muck="1" rebuy="0" addon="0" merge="0" rebuychips="0" reg_code="5084053970"/>
</players>
</general>
<round no="0"><action no="1" player="SuBandiduu" type="15" discard="1" dealt="1" sum="5"/>
<action no="2" player="M1ky3ste92" type="15" sum="5"/>
<action no="3" player="SuBandiduu" type="1" discard="1" dealt="1" sum="15"/>
<action no="4" player="M1ky3ste92" type="2" sum="30"/>
</round>
<round no="1"><cards type="Pocket" player="M1ky3ste92">CA SK</cards>
<cards type="Pocket" player="SuBandiduu">X X</cards>
<action no="5" player="SuBandiduu" type="3" discard="1" dealt="1" sum="15"/>
<action no="6" player="M1ky3ste92" type="23" sum="75"/>
<action no="7" player="SuBandiduu" type="0" discard="1" dealt="1" sum="0"/>
</round>
</game>
<game gamecode="6573138155"><general>
<startdate>2025-12-27 18:58:31</startdate>
<round>1</round>
<failsafecounter/>
<players><player seat="6" name="SuBandiduu" chips="390" dealer="0" win="0" bet="390" muck="0" rebuy="0" addon="0" merge="0" rebuychips="0" reg_code="5084053970"/>
<player seat="10" name="M1ky3ste92" chips="1,110" dealer="1" win="780" bet="390" muck="0" rebuy="0" addon="0" merge="0" rebuychips="0" reg_code="5084053985"/>
</players>
</general>
<round no="0"><action no="1" player="M1ky3ste92" type="15" sum="5"/>
<action no="2" player="SuBandiduu" type="15" discard="1" dealt="1" sum="5"/>
<action no="3" player="M1ky3ste92" type="1" sum="15"/>
<action no="4" player="SuBandiduu" type="2" discard="1" dealt="1" sum="30"/>
</round>
<round no="1"><cards type="Pocket" player="M1ky3ste92">C8 D9</cards>
<cards type="Pocket" player="SuBandiduu">H3 H5</cards>
<action no="5" player="M1ky3ste92" type="3" sum="15"/>
<action no="6" player="SuBandiduu" type="4" discard="1" dealt="1" sum="0"/>
</round>
<round no="2"><cards type="Flop">D4 C9 D6</cards>
<action no="7" player="SuBandiduu" type="4" discard="1" dealt="1" sum="0"/>
<action no="8" player="M1ky3ste92" type="5" sum="30"/>
<action no="9" player="SuBandiduu" type="3" discard="1" dealt="1" sum="30"/>
</round>
<round no="3"><cards type="Turn">HA</cards>
<action no="10" player="SuBandiduu" type="4" discard="1" dealt="1" sum="0"/>
<action no="11" player="M1ky3ste92" type="5" sum="65"/>
<action no="12" player="SuBandiduu" type="3" discard="1" dealt="1" sum="65"/>
</round>
<round no="4"><cards type="River">DA</cards>
<action no="13" player="SuBandiduu" type="5" discard="1" dealt="1" sum="260"/>
<action no="14" player="M1ky3ste92" type="3" sum="260"/>
</round>
</game>
</session>
