<?xml version="1.0" encoding="UTF-8"?>
<session sessioncode="5084654575">
<general>
<client_version>24.7.1.18</client_version>
<mode>real</mode>
<gametype>Holdem NL</gametype>
<tablename>Twister €100 SNG, 825083430</tablename>
<tournamentcode>825083429</tournamentcode>
<tournamentname>Twister €100 SNG</tournamentname>
<buyin>€0 + €7 + €93</buyin>
<totalbuyin>€100</totalbuyin>
<rewarddrawn>€400</rewarddrawn>
<tournamentcurrency>EUR</tournamentcurrency>
<currency>EUR</currency>
<nickname>M1ky3ste92</nickname>
<gamecount>5</gamecount>
<startdate>2025-12-29 19:40:26</startdate>
<place>3</place>
<win>€0</win>
<tablesize>3</tablesize>
</general>
<game gamecode="6575651273"><general>
<startdate>2025-12-29 19:40:41</startdate>
<round>1</round>
<failsafecounter/>
<players><player seat="3" name="Tiuualex" chips="500" dealer="0" win="20" bet="20" muck="1" rebuy="0" addon="0" merge="0" rebuychips="0" reg_code="5084654356"/>
<player seat="6" name="M1ky3ste92" chips="500" dealer="1" win="0" bet="0" muck="1" rebuy="0" addon="0" merge="0" rebuychips="0" reg_code="5084654575"/>
<player seat="10" name="valerio2292" chips="500" dealer="0" win="0" bet="10" muck="1" rebuy="0" addon="0" merge="0" rebuychips="0" reg_code="5084654588"/>
</players>
</general>
<round no="0"><action no="1" player="valerio2292" type="1" discard="1" dealt="1" sum="10"/>
<action no="2" player="Tiuualex" type="2" discard="1" dealt="1" sum="20"/>
</round>
<round no="1"><cards type="Pocket" player="M1ky3ste92">D4 D8</cards>
<cards type="Pocket" player="valerio2292">X X</cards>
<cards type="Pocket" player="Tiuualex">X X</cards>
<action no="3" player="M1ky3ste92" type="0" sum="0"/>
<action no="4" player="valerio2292" type="0" discard="1" dealt="1" sum="0"/>
</round>
</game>
<game gamecode="6575651365"><general>
<startdate>2025-12-29 19:40:50</startdate>
<round>1</round>
<failsafecounter/>
<players><player seat="6" name="M1ky3ste92" chips="500" dealer="0" win="20" bet="20" muck="1" rebuy="0" addon="0" merge="0" rebuychips="0" reg_code="5084654575"/>
<player seat="10" name="valerio2292" chips="490" dealer="1" win="0" bet="0" muck="1" rebuy="0" addon="0" merge="0" rebuychips="0" reg_code="5084654588"/>
<player seat="3" name="Tiuualex" chips="510" dealer="0" win="0" bet="10" muck="1" rebuy="0" addon="0" merge="0" rebuychips="0" reg_code="5084654356"/>
</players>
</general>
<round no="0"><action no="1" player="Tiuualex" type="1" discard="1" dealt="1" sum="10"/>
<action no="2" player="M1ky3ste92" type="2" sum="20"/>
</round>
<round no="1"><cards type="Pocket" player="M1ky3ste92">C2 SQ</cards>
<cards type="Pocket" player="Tiuualex">X X</cards>
<cards type="Pocket" player="valerio2292">X X</cards>
<action no="3" player="valerio2292" type="0" discard="1" dealt="1" sum="0"/>
<action no="4" player="Tiuualex" type="0" discard="1" dealt="1" sum="0"/>
</round>
</game>
<game gamecode="6575651468"><general>
<startdate>2025-12-29 19:41:02</startdate>
<round>1</round>
<failsafecounter/>
<players><player seat="10" name="valerio2292" chips="490" dealer="0" win="20" bet="20" muck="1" rebuy="0" addon="0" merge="0" rebuychips="0" reg_code="5084654588"/>
<player seat="3" name="Tiuualex" chips="500" dealer="1" win="0" bet="0" muck="1" rebuy="0" addon="0" merge="0" rebuychips="0" reg_code="5084654356"/>
<player seat="6" name="M1ky3ste92" chips="510" dealer="0" win="0" bet="10" muck="1" rebuy="0" addon="0" merge="0" rebuychips="0" reg_code="5084654575"/>
</players>
</general>
<round no="0"><action no="1" player="M1ky3ste92" type="1" sum="10"/>
<action no="2" player="valerio2292" type="2" discard="1" dealt="1" sum="20"/>
</round>
<round no="1"><cards type="Pocket" player="Tiuualex">X X</cards>
<cards type="Pocket" player="M1ky3ste92">D9 S3</cards>
<cards type="Pocket" player="valerio2292">X X</cards>
<action no="3" player="Tiuualex" type="0" discard="1" dealt="1" sum="0"/>
<action no="4" player="M1ky3ste92" type="0" sum="0"/>
</round>
</game>
<game gamecode="6575651579"><general>
<startdate>2025-12-29 19:41:14</startdate>
<round>1</round>
<failsafecounter/>
<players><player seat="3" name="Tiuualex" chips="500" dealer="0" win="90" bet="500" muck="1" rebuy="0" addon="0" merge="0" rebuychips="0" reg_code="5084654356"/>
<player seat="6" name="M1ky3ste92" chips="500" dealer="1" win="0" bet="40" muck="1" rebuy="0" addon="0" merge="0" rebuychips="0" reg_code="5084654575"/>
<player seat="10" name="valerio2292" chips="500" dealer="0" win="0" bet="10" muck="1" rebuy="0" addon="0" merge="0" rebuychips="0" reg_code="5084654588"/>
</players>
</general>
<round no="0"><action no="1" player="valerio2292" type="1" discard="1" dealt="1" sum="10"/>
<action no="2" player="Tiuualex" type="2" discard="1" dealt="1" sum="20"/>
</round>
<round no="1"><cards type="Pocket" player="Tiuualex">X X</cards>
<cards type="Pocket" player="valerio2292">X X</cards>
<cards type="Pocket" player="M1ky3ste92">SA S9</cards>
<action no="3" player="M1ky3ste92" type="23" sum="40"/>
<action no="4" player="valerio2292" type="0" discard="1" dealt="1" sum="0"/>
<action no="5" player="Tiuualex" type="23" discard="1" dealt="1" sum="500"/>
<action no="6" player="M1ky3ste92" type="0" sum="0"/>
</round>
</game>
<game gamecode="6575651771"><general>
<startdate>2025-12-29 19:41:36</startdate>
<round>1</round>
<failsafecounter/>
<players><player seat="6" name="M1ky3ste92" chips="460" dealer="0" win="0" bet="460" muck="1" rebuy="0" addon="0" merge="0" rebuychips="0" reg_code="5084654575"/>
<player seat="10" name="valerio2292" chips="490" dealer="1" win="0" bet="0" muck="1" rebuy="0" addon="0" merge="0" rebuychips="0" reg_code="5084654588"/>
<player seat="3" name="Tiuualex" chips="550" dealer="0" win="920" bet="550" muck="0" rebuy="0" addon="0" merge="0" rebuychips="0" reg_code="5084654356"/>
</players>
</general>
<round no="0"><action no="1" player="Tiuualex" type="1" discard="1" dealt="1" sum="10"/>
<action no="2" player="M1ky3ste92" type="2" sum="20"/>
</round>
<round no="1"><cards type="Pocket" player="M1ky3ste92">H9 HA</cards>
<cards type="Pocket" player="valerio2292">X X</cards>
<cards type="Pocket" player="Tiuualex">D5 C5</cards>
<action no="3" player="valerio2292" type="0" discard="1" dealt="1" sum="0"/>
<action no="4" player="Tiuualex" type="3" discard="1" dealt="1" sum="10"/>
<action no="5" player="M1ky3ste92" type="23" sum="100"/>
<action no="6" player="Tiuualex" type="23" discard="1" dealt="1" sum="550"/>
<action no="7" player="M1ky3ste92" type="7" sum="360"/>
</round>
<round no="2"><cards type="Flop">S4 DJ SK</cards>
</round>
<round no="3"><cards type="Turn">C2</cards>
</round>
<round no="4"><cards type="River">D2</cards>
</round>
</game>
</session>
