<?xml version="1.0" encoding="UTF-8"?>
<session sessioncode="5084986478">
<general>
<client_version>24.7.1.18</client_version>
<mode>real</mode>
<gametype>Holdem NL</gametype>
<tablename>Twister €100 SNG, 825189315</tablename>
<tournamentcode>825189314</tournamentcode>
<tournamentname>Twister €100 SNG</tournamentname>
<buyin>€0 + €7 + €93</buyin>
<totalbuyin>€100</totalbuyin>
<rewarddrawn>€400</rewarddrawn>
<tournamentcurrency>EUR</tournamentcurrency>
<currency>EUR</currency>
<nickname>M1ky3ste92</nickname>
<gamecount>17</gamecount>
<startdate>2025-12-30 21:21:36</startdate>
<place>2</place>
<win>€0</win>
<tablesize>3</tablesize>
</general>
<game gamecode="6577035911"><general>
<startdate>2025-12-30 21:21:52</startdate>
<round>1</round>
<failsafecounter/>
<players><player seat="10" name="marano" chips="500" dealer="0" win="200" bet="300" muck="1" rebuy="0" addon="0" merge="0" rebuychips="0" reg_code="5084986600"/>
<player seat="3" name="Tiuualex" chips="500" dealer="1" win="0" bet="0" muck="1" rebuy="0" addon="0" merge="0" rebuychips="0" reg_code="5084985704"/>
<player seat="6" name="M1ky3ste92" chips="500" dealer="0" win="0" bet="100" muck="1" rebuy="0" addon="0" merge="0" rebuychips="0" reg_code="5084986478"/>
</players>
</general>
<round no="0"><action no="1" player="M1ky3ste92" type="1" sum="10"/>
<action no="2" player="marano" type="2" discard="1" dealt="1" sum="20"/>
</round>
<round no="1"><cards type="Pocket" player="M1ky3ste92">C7 C6</cards>
<cards type="Pocket" player="marano">X X</cards>
<cards type="Pocket" player="Tiuualex">X X</cards>
<action no="3" player="Tiuualex" type="0" discard="1" dealt="1" sum="0"/>
<action no="4" player="M1ky3ste92" type="23" sum="60"/>
<action no="5" player="marano" type="3" discard="1" dealt="1" sum="40"/>
</round>
<round no="2"><cards type="Flop">S8 C5 D3</cards>
<action no="6" player="M1ky3ste92" type="5" sum="40"/>
<action no="7" player="marano" type="3" discard="1" dealt="1" sum="40"/>
</round>
<round no="3"><cards type="Turn">S6</cards>
<action no="8" player="M1ky3ste92" type="4" sum="0"/>
<action no="9" player="marano" type="4" discard="1" dealt="1" sum="0"/>
</round>
<round no="4"><cards type="River">DK</cards>
<action no="10" player="M1ky3ste92" type="4" sum="0"/>
<action no="11" player="marano" type="5" discard="1" dealt="1" sum="200"/>
<action no="12" player="M1ky3ste92" type="0" sum="0"/>
</round>
</game>
<game gamecode="6577036165"><general>
<startdate>2025-12-30 21:22:28</startdate>
<round>1</round>
<failsafecounter/>
<players><player seat="3" name="Tiuualex" chips="500" dealer="0" win="0" bet="20" muck="1" rebuy="0" addon="0" merge="0" rebuychips="0" reg_code="5084985704"/>
<player seat="6" name="M1ky3ste92" chips="400" dealer="1" win="0" bet="0" muck="1" rebuy="0" addon="0" merge="0" rebuychips="0" reg_code="5084986478"/>
<player seat="10" name="marano" chips="600" dealer="0" win="40" bet="80" muck="1" rebuy="0" addon="0" merge="0" rebuychips="0" reg_code="5084986600"/>
</players>
</general>
<round no="0"><action no="1" player="marano" type="1" discard="1" dealt="1" sum="10"/>
<action no="2" player="Tiuualex" type="2" discard="1" dealt="1" sum="20"/>
</round>
<round no="1"><cards type="Pocket" player="Tiuualex">X X</cards>
<cards type="Pocket" player="marano">X X</cards>
<cards type="Pocket" player="M1ky3ste92">H6 S2</cards>
<action no="3" player="M1ky3ste92" type="0" sum="0"/>
<action no="4" player="marano" type="23" discard="1" dealt="1" sum="80"/>
<action no="5" player="Tiuualex" type="0" discard="1" dealt="1" sum="0"/>
</round>
</game>
<game gamecode="6577036245"><general>
<startdate>2025-12-30 21:22:39</startdate>
<round>1</round>
<failsafecounter/>
<players><player seat="6" name="M1ky3ste92" chips="400" dealer="0" win="0" bet="20" muck="1" rebuy="0" addon="0" merge="0" rebuychips="0" reg_code="5084986478"/>
<player seat="10" name="marano" chips="620" dealer="1" win="50" bet="60" muck="1" rebuy="0" addon="0" merge="0" rebuychips="0" reg_code="5084986600"/>
<player seat="3" name="Tiuualex" chips="480" dealer="0" win="0" bet="10" muck="1" rebuy="0" addon="0" merge="0" rebuychips="0" reg_code="5084985704"/>
</players>
</general>
<round no="0"><action no="1" player="Tiuualex" type="1" discard="1" dealt="1" sum="10"/>
<action no="2" player="M1ky3ste92" type="2" sum="20"/>
</round>
<round no="1"><cards type="Pocket" player="M1ky3ste92">S5 DJ</cards>
<cards type="Pocket" player="marano">X X</cards>
<cards type="Pocket" player="Tiuualex">X X</cards>
<action no="3" player="marano" type="3" discard="1" dealt="1" sum="20"/>
<action no="4" player="Tiuualex" type="0" discard="1" dealt="1" sum="0"/>
<action no="5" player="M1ky3ste92" type="4" sum="0"/>
</round>
<round no="2"><cards type="Flop">SK HA SA</cards>
<action no="6" player="M1ky3ste92" type="4" sum="0"/>
<action no="7" player="marano" type="5" discard="1" dealt="1" sum="40"/>
<action no="8" player="M1ky3ste92" type="0" sum="0"/>
</round>
</game>
<game gamecode="6577036394"><general>
<startdate>2025-12-30 21:23:02</startdate>
<round>1</round>
<failsafecounter/>
<players><player seat="10" name="marano" chips="650" dealer="0" win="0" bet="80" muck="1" rebuy="0" addon="0" merge="0" rebuychips="0" reg_code="5084986600"/>
<player seat="3" name="Tiuualex" chips="470" dealer="1" win="170" bet="470" muck="1" rebuy="0" addon="0" merge="0" rebuychips="0" reg_code="5084985704"/>
<player seat="6" name="M1ky3ste92" chips="380" dealer="0" win="0" bet="10" muck="1" rebuy="0" addon="0" merge="0" rebuychips="0" reg_code="5084986478"/>
</players>
</general>
<round no="0"><action no="1" player="M1ky3ste92" type="1" sum="10"/>
<action no="2" player="marano" type="2" discard="1" dealt="1" sum="20"/>
</round>
<round no="1"><cards type="Pocket" player="marano">X X</cards>
<cards type="Pocket" player="M1ky3ste92">H5 CA</cards>
<cards type="Pocket" player="Tiuualex">X X</cards>
<action no="3" player="Tiuualex" type="23" discard="1" dealt="1" sum="40"/>
<action no="4" player="M1ky3ste92" type="0" sum="0"/>
<action no="5" player="marano" type="3" discard="1" dealt="1" sum="20"/>
</round>
<round no="2"><cards type="Flop">CJ C5 SQ</cards>
<action no="6" player="marano" type="5" discard="1" dealt="1" sum="20"/>
<action no="7" player="Tiuualex" type="3" discard="1" dealt="1" sum="20"/>
</round>
<round no="3"><cards type="Turn">CK</cards>
<action no="8" player="marano" type="5" discard="1" dealt="1" sum="20"/>
<action no="9" player="Tiuualex" type="3" discard="1" dealt="1" sum="20"/>
</round>
<round no="4"><cards type="River">H10</cards>
<action no="10" player="marano" type="4" discard="1" dealt="1" sum="0"/>
<action no="11" player="Tiuualex" type="5" discard="1" dealt="1" sum="390"/>
<action no="12" player="marano" type="0" discard="1" dealt="1" sum="0"/>
</round>
</game>
<game gamecode="6577036586"><general>
<startdate>2025-12-30 21:23:31</startdate>
<round>1</round>
<failsafecounter/>
<players><player seat="3" name="Tiuualex" chips="560" dealer="0" win="0" bet="40" muck="1" rebuy="0" addon="0" merge="0" rebuychips="0" reg_code="5084985704"/>
<player seat="6" name="M1ky3ste92" chips="370" dealer="1" win="0" bet="0" muck="1" rebuy="0" addon="0" merge="0" rebuychips="0" reg_code="5084986478"/>
<player seat="10" name="marano" chips="570" dealer="0" win="80" bet="120" muck="1" rebuy="0" addon="0" merge="0" rebuychips="0" reg_code="5084986600"/>
</players>
</general>
<round no="0"><action no="1" player="marano" type="1" discard="1" dealt="1" sum="10"/>
<action no="2" player="Tiuualex" type="2" discard="1" dealt="1" sum="20"/>
</round>
<round no="1"><cards type="Pocket" player="M1ky3ste92">D4 C6</cards>
<cards type="Pocket" player="Tiuualex">X X</cards>
<cards type="Pocket" player="marano">X X</cards>
<action no="3" player="M1ky3ste92" type="0" sum="0"/>
<action no="4" player="marano" type="23" discard="1" dealt="1" sum="40"/>
<action no="5" player="Tiuualex" type="3" discard="1" dealt="1" sum="20"/>
</round>
<round no="2"><cards type="Flop">H6 H7 H2</cards>
<action no="6" player="marano" type="5" discard="1" dealt="1" sum="80"/>
<action no="7" player="Tiuualex" type="0" discard="1" dealt="1" sum="0"/>
</round>
</game>
<game gamecode="6577036678"><general>
<startdate>2025-12-30 21:23:43</startdate>
<round>1</round>
<failsafecounter/>
<players><player seat="6" name="M1ky3ste92" chips="370" dealer="0" win="0" bet="20" muck="1" rebuy="0" addon="0" merge="0" rebuychips="0" reg_code="5084986478"/>
<player seat="10" name="marano" chips="610" dealer="1" win="50" bet="80" muck="1" rebuy="0" addon="0" merge="0" rebuychips="0" reg_code="5084986600"/>
<player seat="3" name="Tiuualex" chips="520" dealer="0" win="0" bet="10" muck="1" rebuy="0" addon="0" merge="0" rebuychips="0" reg_code="5084985704"/>
</players>
</general>
<round no="0"><action no="1" player="Tiuualex" type="1" discard="1" dealt="1" sum="10"/>
<action no="2" player="M1ky3ste92" type="2" sum="20"/>
</round>
<round no="1"><cards type="Pocket" player="Tiuualex">X X</cards>
<cards type="Pocket" player="M1ky3ste92">D6 SJ</cards>
<cards type="Pocket" player="marano">X X</cards>
<action no="3" player="marano" type="23" discard="1" dealt="1" sum="80"/>
<action no="4" player="Tiuualex" type="0" discard="1" dealt="1" sum="0"/>
<action no="5" player="M1ky3ste92" type="0" sum="0"/>
</round>
</game>
<game gamecode="6577036811"><general>
<startdate>2025-12-30 21:24:01</startdate>
<round>1</round>
<failsafecounter/>
<players><player seat="10" name="marano" chips="640" dealer="0" win="0" bet="640" muck="0" rebuy="0" addon="0" merge="0" rebuychips="0" reg_code="5084986600"/>
<player seat="3" name="Tiuualex" chips="510" dealer="1" win="1,040" bet="510" muck="0" rebuy="0" addon="0" merge="0" rebuychips="0" reg_code="5084985704"/>
<player seat="6" name="M1ky3ste92" chips="350" dealer="0" win="0" bet="20" muck="1" rebuy="0" addon="0" merge="0" rebuychips="0" reg_code="5084986478"/>
</players>
</general>
<round no="0"><action no="1" player="M1ky3ste92" type="15" sum="5"/>
<action no="2" player="marano" type="15" discard="1" dealt="1" sum="5"/>
<action no="3" player="Tiuualex" type="15" discard="1" dealt="1" sum="5"/>
<action no="4" player="M1ky3ste92" type="1" sum="15"/>
<action no="5" player="marano" type="2" discard="1" dealt="1" sum="30"/>
</round>
<round no="1"><cards type="Pocket" player="marano">H6 H7</cards>
<cards type="Pocket" player="Tiuualex">C6 C5</cards>
<cards type="Pocket" player="M1ky3ste92">D8 D2</cards>
<action no="6" player="Tiuualex" type="23" discard="1" dealt="1" sum="60"/>
<action no="7" player="M1ky3ste92" type="0" sum="0"/>
<action no="8" player="marano" type="3" discard="1" dealt="1" sum="30"/>
</round>
<round no="2"><cards type="Flop">H2 S4 S3</cards>
<action no="9" player="marano" type="4" discard="1" dealt="1" sum="0"/>
<action no="10" player="Tiuualex" type="5" discard="1" dealt="1" sum="75"/>
<action no="11" player="marano" type="3" discard="1" dealt="1" sum="75"/>
</round>
<round no="3"><cards type="Turn">HQ</cards>
<action no="12" player="marano" type="4" discard="1" dealt="1" sum="0"/>
<action no="13" player="Tiuualex" type="5" discard="1" dealt="1" sum="75"/>
<action no="14" player="marano" type="3" discard="1" dealt="1" sum="75"/>
</round>
<round no="4"><cards type="River">C9</cards>
<action no="15" player="marano" type="5" discard="1" dealt="1" sum="425"/>
<action no="16" player="Tiuualex" type="7" discard="1" dealt="1" sum="295"/>
</round>
</game>
<game gamecode="6577037006"><general>
<startdate>2025-12-30 21:24:29</startdate>
<round>1</round>
<failsafecounter/>
<players><player seat="3" name="Tiuualex" chips="1,040" dealer="0" win="0" bet="35" muck="1" rebuy="0" addon="0" merge="0" rebuychips="0" reg_code="5084985704"/>
<player seat="6" name="M1ky3ste92" chips="330" dealer="1" win="295" bet="330" muck="0" rebuy="0" addon="0" merge="0" rebuychips="0" reg_code="5084986478"/>
<player seat="10" name="marano" chips="130" dealer="0" win="0" bet="130" muck="1" rebuy="0" addon="0" merge="0" rebuychips="0" reg_code="5084986600"/>
</players>
</general>
<round no="0"><action no="1" player="marano" type="15" discard="1" dealt="1" sum="5"/>
<action no="2" player="Tiuualex" type="15" discard="1" dealt="1" sum="5"/>
<action no="3" player="M1ky3ste92" type="15" sum="5"/>
<action no="4" player="marano" type="1" discard="1" dealt="1" sum="15"/>
<action no="5" player="Tiuualex" type="2" discard="1" dealt="1" sum="30"/>
</round>
<round no="1"><cards type="Pocket" player="M1ky3ste92">CA SJ</cards>
<cards type="Pocket" player="marano">CJ C2</cards>
<cards type="Pocket" player="Tiuualex">X X</cards>
<action no="6" player="M1ky3ste92" type="23" sum="325"/>
<action no="7" player="marano" type="7" discard="1" dealt="1" sum="110"/>
<action no="8" player="Tiuualex" type="0" discard="1" dealt="1" sum="0"/>
</round>
<round no="2"><cards type="Flop">C6 D7 C9</cards>
</round>
<round no="3"><cards type="Turn">D8</cards>
</round>
<round no="4"><cards type="River">H4</cards>
</round>
</game>
<game gamecode="6577043631"><general>
<startdate>2025-12-30 21:24:52</startdate>
<round>1</round>
<failsafecounter/>
<players><player seat="6" name="M1ky3ste92" chips="495" dealer="0" win="0" bet="35" muck="1" rebuy="0" addon="0" merge="0" rebuychips="0" reg_code="5084986478"/>
<player seat="3" name="Tiuualex" chips="1,005" dealer="1" win="70" bet="35" muck="0" rebuy="0" addon="0" merge="0" rebuychips="0" reg_code="5084985704"/>
</players>
</general>
<round no="0"><action no="1" player="Tiuualex" type="15" discard="1" dealt="1" sum="5"/>
<action no="2" player="M1ky3ste92" type="15" sum="5"/>
<action no="3" player="Tiuualex" type="1" discard="1" dealt="1" sum="15"/>
<action no="4" player="M1ky3ste92" type="2" sum="30"/>
</round>
<round no="1"><cards type="Pocket" player="Tiuualex">D3 HK</cards>
<cards type="Pocket" player="M1ky3ste92">S5 C3</cards>
<action no="5" player="Tiuualex" type="3" discard="1" dealt="1" sum="15"/>
<action no="6" player="M1ky3ste92" type="4" sum="0"/>
</round>
<round no="2"><cards type="Flop">C8 H9 D6</cards>
<action no="7" player="M1ky3ste92" type="4" sum="0"/>
<action no="8" player="Tiuualex" type="4" discard="1" dealt="1" sum="0"/>
</round>
<round no="3"><cards type="Turn">D4</cards>
<action no="9" player="M1ky3ste92" type="4" sum="0"/>
<action no="10" player="Tiuualex" type="4" discard="1" dealt="1" sum="0"/>
</round>
<round no="4"><cards type="River">C6</cards>
<action no="11" player="M1ky3ste92" type="4" sum="0"/>
<action no="12" player="Tiuualex" type="4" discard="1" dealt="1" sum="0"/>
</round>
</game>
<game gamecode="6577043885"><general>
<startdate>2025-12-30 21:25:25</startdate>
<round>1</round>
<failsafecounter/>
<players><player seat="3" name="Tiuualex" chips="1,040" dealer="0" win="70" bet="95" muck="1" rebuy="0" addon="0" merge="0" rebuychips="0" reg_code="5084985704"/>
<player seat="6" name="M1ky3ste92" chips="460" dealer="1" win="0" bet="35" muck="1" rebuy="0" addon="0" merge="0" rebuychips="0" reg_code="5084986478"/>
</players>
</general>
<round no="0"><action no="1" player="M1ky3ste92" type="15" sum="5"/>
<action no="2" player="Tiuualex" type="15" discard="1" dealt="1" sum="5"/>
<action no="3" player="M1ky3ste92" type="1" sum="15"/>
<action no="4" player="Tiuualex" type="2" discard="1" dealt="1" sum="30"/>
</round>
<round no="1"><cards type="Pocket" player="M1ky3ste92">DK S3</cards>
<cards type="Pocket" player="Tiuualex">X X</cards>
<action no="5" player="M1ky3ste92" type="3" sum="15"/>
<action no="6" player="Tiuualex" type="23" discard="1" dealt="1" sum="90"/>
<action no="7" player="M1ky3ste92" type="0" sum="0"/>
</round>
</game>
<game gamecode="6577044016"><general>
<startdate>2025-12-30 21:25:42</startdate>
<round>1</round>
<failsafecounter/>
<players><player seat="6" name="M1ky3ste92" chips="425" dealer="0" win="0" bet="35" muck="1" rebuy="0" addon="0" merge="0" rebuychips="0" reg_code="5084986478"/>
<player seat="3" name="Tiuualex" chips="1,075" dealer="1" win="70" bet="65" muck="1" rebuy="0" addon="0" merge="0" rebuychips="0" reg_code="5084985704"/>
</players>
</general>
<round no="0"><action no="1" player="Tiuualex" type="15" discard="1" dealt="1" sum="5"/>
<action no="2" player="M1ky3ste92" type="15" sum="5"/>
<action no="3" player="Tiuualex" type="1" discard="1" dealt="1" sum="15"/>
<action no="4" player="M1ky3ste92" type="2" sum="30"/>
</round>
<round no="1"><cards type="Pocket" player="Tiuualex">X X</cards>
<cards type="Pocket" player="M1ky3ste92">H8 DK</cards>
<action no="5" player="Tiuualex" type="3" discard="1" dealt="1" sum="15"/>
<action no="6" player="M1ky3ste92" type="4" sum="0"/>
</round>
<round no="2"><cards type="Flop">D5 H4 D9</cards>
<action no="7" player="M1ky3ste92" type="4" sum="0"/>
<action no="8" player="Tiuualex" type="5" discard="1" dealt="1" sum="30"/>
<action no="9" player="M1ky3ste92" type="0" sum="0"/>
</round>
</game>
<game gamecode="6577044186"><general>
<startdate>2025-12-30 21:26:04</startdate>
<round>1</round>
<failsafecounter/>
<players><player seat="3" name="Tiuualex" chips="1,110" dealer="0" win="0" bet="85" muck="1" rebuy="0" addon="0" merge="0" rebuychips="0" reg_code="5084985704"/>
<player seat="6" name="M1ky3ste92" chips="390" dealer="1" win="170" bet="165" muck="1" rebuy="0" addon="0" merge="0" rebuychips="0" reg_code="5084986478"/>
</players>
</general>
<round no="0"><action no="1" player="M1ky3ste92" type="15" sum="5"/>
<action no="2" player="Tiuualex" type="15" discard="1" dealt="1" sum="5"/>
<action no="3" player="M1ky3ste92" type="1" sum="20"/>
<action no="4" player="Tiuualex" type="2" discard="1" dealt="1" sum="40"/>
</round>
<round no="1"><cards type="Pocket" player="M1ky3ste92">H9 SQ</cards>
<cards type="Pocket" player="Tiuualex">X X</cards>
<action no="5" player="M1ky3ste92" type="3" sum="20"/>
<action no="6" player="Tiuualex" type="4" discard="1" dealt="1" sum="0"/>
</round>
<round no="2"><cards type="Flop">CQ C4 D9</cards>
<action no="7" player="Tiuualex" type="4" discard="1" dealt="1" sum="0"/>
<action no="8" player="M1ky3ste92" type="5" sum="40"/>
<action no="9" player="Tiuualex" type="3" discard="1" dealt="1" sum="40"/>
</round>
<round no="3"><cards type="Turn">H6</cards>
<action no="10" player="Tiuualex" type="4" discard="1" dealt="1" sum="0"/>
<action no="11" player="M1ky3ste92" type="5" sum="80"/>
<action no="12" player="Tiuualex" type="0" discard="1" dealt="1" sum="0"/>
</round>
</game>
<game gamecode="6577044386"><general>
<startdate>2025-12-30 21:26:29</startdate>
<round>1</round>
<failsafecounter/>
<players><player seat="6" name="M1ky3ste92" chips="475" dealer="0" win="0" bet="45" muck="1" rebuy="0" addon="0" merge="0" rebuychips="0" reg_code="5084986478"/>
<player seat="3" name="Tiuualex" chips="1,025" dealer="1" win="90" bet="117" muck="1" rebuy="0" addon="0" merge="0" rebuychips="0" reg_code="5084985704"/>
</players>
</general>
<round no="0"><action no="1" player="Tiuualex" type="15" discard="1" dealt="1" sum="5"/>
<action no="2" player="M1ky3ste92" type="15" sum="5"/>
<action no="3" player="Tiuualex" type="1" discard="1" dealt="1" sum="20"/>
<action no="4" player="M1ky3ste92" type="2" sum="40"/>
</round>
<round no="1"><cards type="Pocket" player="M1ky3ste92">S5 S10</cards>
<cards type="Pocket" player="Tiuualex">X X</cards>
<action no="5" player="Tiuualex" type="3" discard="1" dealt="1" sum="20"/>
<action no="6" player="M1ky3ste92" type="4" sum="0"/>
</round>
<round no="2"><cards type="Flop">S3 CQ CJ</cards>
<action no="7" player="M1ky3ste92" type="4" sum="0"/>
<action no="8" player="Tiuualex" type="4" discard="1" dealt="1" sum="0"/>
</round>
<round no="3"><cards type="Turn">D9</cards>
<action no="9" player="M1ky3ste92" type="4" sum="0"/>
<action no="10" player="Tiuualex" type="5" discard="1" dealt="1" sum="72"/>
<action no="11" player="M1ky3ste92" type="0" sum="0"/>
</round>
</game>
<game gamecode="6577044535"><general>
<startdate>2025-12-30 21:26:49</startdate>
<round>1</round>
<failsafecounter/>
<players><player seat="3" name="Tiuualex" chips="1,070" dealer="0" win="90" bet="145" muck="1" rebuy="0" addon="0" merge="0" rebuychips="0" reg_code="5084985704"/>
<player seat="6" name="M1ky3ste92" chips="430" dealer="1" win="0" bet="45" muck="1" rebuy="0" addon="0" merge="0" rebuychips="0" reg_code="5084986478"/>
</players>
</general>
<round no="0"><action no="1" player="M1ky3ste92" type="15" sum="5"/>
<action no="2" player="Tiuualex" type="15" discard="1" dealt="1" sum="5"/>
<action no="3" player="M1ky3ste92" type="1" sum="20"/>
<action no="4" player="Tiuualex" type="2" discard="1" dealt="1" sum="40"/>
</round>
<round no="1"><cards type="Pocket" player="M1ky3ste92">SJ H7</cards>
<cards type="Pocket" player="Tiuualex">X X</cards>
<action no="5" player="M1ky3ste92" type="3" sum="20"/>
<action no="6" player="Tiuualex" type="23" discard="1" dealt="1" sum="140"/>
<action no="7" player="M1ky3ste92" type="0" sum="0"/>
</round>
</game>
<game gamecode="6577044631"><general>
<startdate>2025-12-30 21:27:01</startdate>
<round>1</round>
<failsafecounter/>
<players><player seat="6" name="M1ky3ste92" chips="385" dealer="0" win="0" bet="45" muck="1" rebuy="0" addon="0" merge="0" rebuychips="0" reg_code="5084986478"/>
<player seat="3" name="Tiuualex" chips="1,115" dealer="1" win="90" bet="90" muck="1" rebuy="0" addon="0" merge="0" rebuychips="0" reg_code="5084985704"/>
</players>
</general>
<round no="0"><action no="1" player="Tiuualex" type="15" discard="1" dealt="1" sum="5"/>
<action no="2" player="M1ky3ste92" type="15" sum="5"/>
<action no="3" player="Tiuualex" type="1" discard="1" dealt="1" sum="20"/>
<action no="4" player="M1ky3ste92" type="2" sum="40"/>
</round>
<round no="1"><cards type="Pocket" player="Tiuualex">X X</cards>
<cards type="Pocket" player="M1ky3ste92">S10 DQ</cards>
<action no="5" player="Tiuualex" type="3" discard="1" dealt="1" sum="20"/>
<action no="6" player="M1ky3ste92" type="4" sum="0"/>
</round>
<round no="2"><cards type="Flop">C8 C5 D4</cards>
<action no="7" player="M1ky3ste92" type="4" sum="0"/>
<action no="8" player="Tiuualex" type="4" discard="1" dealt="1" sum="0"/>
</round>
<round no="3"><cards type="Turn">S4</cards>
<action no="9" player="M1ky3ste92" type="4" sum="0"/>
<action no="10" player="Tiuualex" type="5" discard="1" dealt="1" sum="45"/>
<action no="11" player="M1ky3ste92" type="0" sum="0"/>
</round>
</game>
<game gamecode="6577044814"><general>
<startdate>2025-12-30 21:27:28</startdate>
<round>1</round>
<failsafecounter/>
<players><player seat="3" name="Tiuualex" chips="1,160" dealer="0" win="90" bet="117" muck="1" rebuy="0" addon="0" merge="0" rebuychips="0" reg_code="5084985704"/>
<player seat="6" name="M1ky3ste92" chips="340" dealer="1" win="0" bet="45" muck="1" rebuy="0" addon="0" merge="0" rebuychips="0" reg_code="5084986478"/>
</players>
</general>
<round no="0"><action no="1" player="M1ky3ste92" type="15" sum="5"/>
<action no="2" player="Tiuualex" type="15" discard="1" dealt="1" sum="5"/>
<action no="3" player="M1ky3ste92" type="1" sum="20"/>
<action no="4" player="Tiuualex" type="2" discard="1" dealt="1" sum="40"/>
</round>
<round no="1"><cards type="Pocket" player="M1ky3ste92">D5 H7</cards>
<cards type="Pocket" player="Tiuualex">X X</cards>
<action no="5" player="M1ky3ste92" type="3" sum="20"/>
<action no="6" player="Tiuualex" type="4" discard="1" dealt="1" sum="0"/>
</round>
<round no="2"><cards type="Flop">D6 D9 C10</cards>
<action no="7" player="Tiuualex" type="4" discard="1" dealt="1" sum="0"/>
<action no="8" player="M1ky3ste92" type="4" sum="0"/>
</round>
<round no="3"><cards type="Turn">D10</cards>
<action no="9" player="Tiuualex" type="5" discard="1" dealt="1" sum="72"/>
<action no="10" player="M1ky3ste92" type="0" sum="0"/>
</round>
</game>
<game gamecode="6577045014"><general>
<startdate>2025-12-30 21:27:54</startdate>
<round>1</round>
<failsafecounter/>
<players><player seat="6" name="M1ky3ste92" chips="295" dealer="0" win="0" bet="295" muck="0" rebuy="0" addon="0" merge="0" rebuychips="0" reg_code="5084986478"/>
<player seat="3" name="Tiuualex" chips="1,205" dealer="1" win="590" bet="295" muck="0" rebuy="0" addon="0" merge="0" rebuychips="0" reg_code="5084985704"/>
</players>
</general>
<round no="0"><action no="1" player="Tiuualex" type="15" discard="1" dealt="1" sum="5"/>
<action no="2" player="M1ky3ste92" type="15" sum="5"/>
<action no="3" player="Tiuualex" type="1" discard="1" dealt="1" sum="30"/>
<action no="4" player="M1ky3ste92" type="2" sum="60"/>
</round>
<round no="1"><cards type="Pocket" player="M1ky3ste92">DJ CJ</cards>
<cards type="Pocket" player="Tiuualex">H10 CK</cards>
<action no="5" player="Tiuualex" type="23" discard="1" dealt="1" sum="270"/>
<action no="6" player="M1ky3ste92" type="7" sum="230"/>
<action no="7" player="Tiuualex" type="3" discard="1" dealt="1" sum="20"/>
</round>
<round no="2"><cards type="Flop">SQ H7 HA</cards>
</round>
<round no="3"><cards type="Turn">HK</cards>
</round>
<round no="4"><cards type="River">S3</cards>
</round>
</game>
</session>
