<?xml version="1.0" encoding="UTF-8"?>
<session sessioncode="5084738389">
<general>
<client_version>24.7.1.18</client_version>
<mode>real</mode>
<gametype>Holdem NL</gametype>
<tablename>Twister €100 SNG, 825109862</tablename>
<tournamentcode>825109861</tournamentcode>
<tournamentname>Twister €100 SNG</tournamentname>
<buyin>€0 + €7 + €93</buyin>
<totalbuyin>€100</totalbuyin>
<rewarddrawn>€200</rewarddrawn>
<tournamentcurrency>EUR</tournamentcurrency>
<currency>EUR</currency>
<nickname>M1ky3ste92</nickname>
<gamecount>23</gamecount>
<startdate>2025-12-29 23:30:53</startdate>
<place>2</place>
<win>€0</win>
<tablesize>3</tablesize>
</general>
<game gamecode="6575980879"><general>
<startdate>2025-12-29 23:31:09</startdate>
<round>1</round>
<failsafecounter/>
<players><player seat="6" name="Tiuualex" chips="500" dealer="0" win="40" bet="60" muck="1" rebuy="0" addon="0" merge="0" rebuychips="0" reg_code="5084738266"/>
<player seat="10" name="M1ky3ste92" chips="500" dealer="1" win="0" bet="0" muck="1" rebuy="0" addon="0" merge="0" rebuychips="0" reg_code="5084738389"/>
<player seat="3" name="raffaellogennari" chips="500" dealer="0" win="0" bet="20" muck="1" rebuy="0" addon="0" merge="0" rebuychips="0" reg_code="5084738097"/>
</players>
</general>
<round no="0"><action no="1" player="raffaellogennari" type="1" discard="1" dealt="1" sum="10"/>
<action no="2" player="Tiuualex" type="2" discard="1" dealt="1" sum="20"/>
</round>
<round no="1"><cards type="Pocket" player="M1ky3ste92">D5 CJ</cards>
<cards type="Pocket" player="raffaellogennari">X X</cards>
<cards type="Pocket" player="Tiuualex">X X</cards>
<action no="3" player="M1ky3ste92" type="0" sum="0"/>
<action no="4" player="raffaellogennari" type="3" discard="1" dealt="1" sum="10"/>
<action no="5" player="Tiuualex" type="4" discard="1" dealt="1" sum="0"/>
</round>
<round no="2"><cards type="Flop">SJ C3 H2</cards>
<action no="6" player="raffaellogennari" type="4" discard="1" dealt="1" sum="0"/>
<action no="7" player="Tiuualex" type="4" discard="1" dealt="1" sum="0"/>
</round>
<round no="3"><cards type="Turn">C2</cards>
<action no="8" player="raffaellogennari" type="4" discard="1" dealt="1" sum="0"/>
<action no="9" player="Tiuualex" type="5" discard="1" dealt="1" sum="40"/>
<action no="10" player="raffaellogennari" type="0" discard="1" dealt="1" sum="0"/>
</round>
</game>
<game gamecode="6575981271"><general>
<startdate>2025-12-29 23:31:46</startdate>
<round>1</round>
<failsafecounter/>
<players><player seat="10" name="M1ky3ste92" chips="500" dealer="0" win="120" bet="500" muck="1" rebuy="0" addon="0" merge="0" rebuychips="0" reg_code="5084738389"/>
<player seat="3" name="raffaellogennari" chips="480" dealer="1" win="0" bet="40" muck="1" rebuy="0" addon="0" merge="0" rebuychips="0" reg_code="5084738097"/>
<player seat="6" name="Tiuualex" chips="520" dealer="0" win="0" bet="40" muck="1" rebuy="0" addon="0" merge="0" rebuychips="0" reg_code="5084738266"/>
</players>
</general>
<round no="0"><action no="1" player="Tiuualex" type="1" discard="1" dealt="1" sum="10"/>
<action no="2" player="M1ky3ste92" type="2" sum="20"/>
</round>
<round no="1"><cards type="Pocket" player="M1ky3ste92">H5 C5</cards>
<cards type="Pocket" player="raffaellogennari">X X</cards>
<cards type="Pocket" player="Tiuualex">X X</cards>
<action no="3" player="raffaellogennari" type="23" discard="1" dealt="1" sum="40"/>
<action no="4" player="Tiuualex" type="3" discard="1" dealt="1" sum="30"/>
<action no="5" player="M1ky3ste92" type="23" sum="500"/>
<action no="6" player="raffaellogennari" type="0" discard="1" dealt="1" sum="0"/>
<action no="7" player="Tiuualex" type="0" discard="1" dealt="1" sum="0"/>
</round>
</game>
<game gamecode="6575981402"><general>
<startdate>2025-12-29 23:32:00</startdate>
<round>1</round>
<failsafecounter/>
<players><player seat="3" name="raffaellogennari" chips="440" dealer="0" win="90" bet="120" muck="1" rebuy="0" addon="0" merge="0" rebuychips="0" reg_code="5084738097"/>
<player seat="6" name="Tiuualex" chips="480" dealer="1" win="0" bet="40" muck="1" rebuy="0" addon="0" merge="0" rebuychips="0" reg_code="5084738266"/>
<player seat="10" name="M1ky3ste92" chips="580" dealer="0" win="0" bet="10" muck="1" rebuy="0" addon="0" merge="0" rebuychips="0" reg_code="5084738389"/>
</players>
</general>
<round no="0"><action no="1" player="M1ky3ste92" type="1" sum="10"/>
<action no="2" player="raffaellogennari" type="2" discard="1" dealt="1" sum="20"/>
</round>
<round no="1"><cards type="Pocket" player="raffaellogennari">X X</cards>
<cards type="Pocket" player="M1ky3ste92">D5 HK</cards>
<cards type="Pocket" player="Tiuualex">X X</cards>
<action no="3" player="Tiuualex" type="23" discard="1" dealt="1" sum="40"/>
<action no="4" player="M1ky3ste92" type="0" sum="0"/>
<action no="5" player="raffaellogennari" type="23" discard="1" dealt="1" sum="120"/>
<action no="6" player="Tiuualex" type="0" discard="1" dealt="1" sum="0"/>
</round>
</game>
<game gamecode="6575981649"><general>
<startdate>2025-12-29 23:32:24</startdate>
<round>1</round>
<failsafecounter/>
<players><player seat="6" name="Tiuualex" chips="440" dealer="0" win="20" bet="20" muck="1" rebuy="0" addon="0" merge="0" rebuychips="0" reg_code="5084738266"/>
<player seat="10" name="M1ky3ste92" chips="570" dealer="1" win="0" bet="0" muck="1" rebuy="0" addon="0" merge="0" rebuychips="0" reg_code="5084738389"/>
<player seat="3" name="raffaellogennari" chips="490" dealer="0" win="0" bet="10" muck="1" rebuy="0" addon="0" merge="0" rebuychips="0" reg_code="5084738097"/>
</players>
</general>
<round no="0"><action no="1" player="raffaellogennari" type="1" discard="1" dealt="1" sum="10"/>
<action no="2" player="Tiuualex" type="2" discard="1" dealt="1" sum="20"/>
</round>
<round no="1"><cards type="Pocket" player="Tiuualex">X X</cards>
<cards type="Pocket" player="M1ky3ste92">C3 CJ</cards>
<cards type="Pocket" player="raffaellogennari">X X</cards>
<action no="3" player="M1ky3ste92" type="0" sum="0"/>
<action no="4" player="raffaellogennari" type="0" discard="1" dealt="1" sum="0"/>
</round>
</game>
<game gamecode="6575988779"><general>
<startdate>2025-12-29 23:32:32</startdate>
<round>1</round>
<failsafecounter/>
<players><player seat="10" name="M1ky3ste92" chips="570" dealer="0" win="0" bet="50" muck="1" rebuy="0" addon="0" merge="0" rebuychips="0" reg_code="5084738389"/>
<player seat="3" name="raffaellogennari" chips="480" dealer="1" win="0" bet="0" muck="1" rebuy="0" addon="0" merge="0" rebuychips="0" reg_code="5084738097"/>
<player seat="6" name="Tiuualex" chips="450" dealer="0" win="100" bet="150" muck="1" rebuy="0" addon="0" merge="0" rebuychips="0" reg_code="5084738266"/>
</players>
</general>
<round no="0"><action no="1" player="Tiuualex" type="1" discard="1" dealt="1" sum="10"/>
<action no="2" player="M1ky3ste92" type="2" sum="20"/>
</round>
<round no="1"><cards type="Pocket" player="Tiuualex">X X</cards>
<cards type="Pocket" player="M1ky3ste92">D4 HK</cards>
<cards type="Pocket" player="raffaellogennari">X X</cards>
<action no="3" player="raffaellogennari" type="0" discard="1" dealt="1" sum="0"/>
<action no="4" player="Tiuualex" type="23" discard="1" dealt="1" sum="50"/>
<action no="5" player="M1ky3ste92" type="3" sum="30"/>
</round>
<round no="2"><cards type="Flop">D8 CA D6</cards>
<action no="6" player="Tiuualex" type="5" discard="1" dealt="1" sum="100"/>
<action no="7" player="M1ky3ste92" type="0" sum="0"/>
</round>
</game>
<game gamecode="6575988940"><general>
<startdate>2025-12-29 23:32:49</startdate>
<round>1</round>
<failsafecounter/>
<players><player seat="3" name="raffaellogennari" chips="480" dealer="0" win="300" bet="480" muck="1" rebuy="0" addon="0" merge="0" rebuychips="0" reg_code="5084738097"/>
<player seat="6" name="Tiuualex" chips="500" dealer="1" win="0" bet="140" muck="1" rebuy="0" addon="0" merge="0" rebuychips="0" reg_code="5084738266"/>
<player seat="10" name="M1ky3ste92" chips="520" dealer="0" win="0" bet="20" muck="1" rebuy="0" addon="0" merge="0" rebuychips="0" reg_code="5084738389"/>
</players>
</general>
<round no="0"><action no="1" player="M1ky3ste92" type="15" sum="5"/>
<action no="2" player="raffaellogennari" type="15" discard="1" dealt="1" sum="5"/>
<action no="3" player="Tiuualex" type="15" discard="1" dealt="1" sum="5"/>
<action no="4" player="M1ky3ste92" type="1" sum="15"/>
<action no="5" player="raffaellogennari" type="2" discard="1" dealt="1" sum="30"/>
</round>
<round no="1"><cards type="Pocket" player="M1ky3ste92">H4 S5</cards>
<cards type="Pocket" player="Tiuualex">X X</cards>
<cards type="Pocket" player="raffaellogennari">X X</cards>
<action no="6" player="Tiuualex" type="23" discard="1" dealt="1" sum="60"/>
<action no="7" player="M1ky3ste92" type="0" sum="0"/>
<action no="8" player="raffaellogennari" type="3" discard="1" dealt="1" sum="30"/>
</round>
<round no="2"><cards type="Flop">C4 S6 S3</cards>
<action no="9" player="raffaellogennari" type="4" discard="1" dealt="1" sum="0"/>
<action no="10" player="Tiuualex" type="5" discard="1" dealt="1" sum="75"/>
<action no="11" player="raffaellogennari" type="23" discard="1" dealt="1" sum="415"/>
<action no="12" player="Tiuualex" type="0" discard="1" dealt="1" sum="0"/>
</round>
</game>
<game gamecode="6575989203"><general>
<startdate>2025-12-29 23:33:18</startdate>
<round>1</round>
<failsafecounter/>
<players><player seat="6" name="Tiuualex" chips="360" dealer="0" win="725" bet="360" muck="0" rebuy="0" addon="0" merge="0" rebuychips="0" reg_code="5084738266"/>
<player seat="10" name="M1ky3ste92" chips="500" dealer="1" win="0" bet="5" muck="1" rebuy="0" addon="0" merge="0" rebuychips="0" reg_code="5084738389"/>
<player seat="3" name="raffaellogennari" chips="640" dealer="0" win="0" bet="640" muck="0" rebuy="0" addon="0" merge="0" rebuychips="0" reg_code="5084738097"/>
</players>
</general>
<round no="0"><action no="1" player="raffaellogennari" type="15" discard="1" dealt="1" sum="5"/>
<action no="2" player="Tiuualex" type="15" discard="1" dealt="1" sum="5"/>
<action no="3" player="M1ky3ste92" type="15" sum="5"/>
<action no="4" player="raffaellogennari" type="1" discard="1" dealt="1" sum="15"/>
<action no="5" player="Tiuualex" type="2" discard="1" dealt="1" sum="30"/>
</round>
<round no="1"><cards type="Pocket" player="M1ky3ste92">C5 DK</cards>
<cards type="Pocket" player="Tiuualex">S10 H5</cards>
<cards type="Pocket" player="raffaellogennari">C10 C8</cards>
<action no="6" player="M1ky3ste92" type="0" sum="0"/>
<action no="7" player="raffaellogennari" type="3" discard="1" dealt="1" sum="15"/>
<action no="8" player="Tiuualex" type="23" discard="1" dealt="1" sum="75"/>
<action no="9" player="raffaellogennari" type="3" discard="1" dealt="1" sum="45"/>
</round>
<round no="2"><cards type="Flop">C6 S7 S4</cards>
<action no="10" player="raffaellogennari" type="5" discard="1" dealt="1" sum="82"/>
<action no="11" player="Tiuualex" type="3" discard="1" dealt="1" sum="82"/>
</round>
<round no="3"><cards type="Turn">SQ</cards>
<action no="12" player="raffaellogennari" type="5" discard="1" dealt="1" sum="478"/>
<action no="13" player="Tiuualex" type="7" discard="1" dealt="1" sum="198"/>
</round>
<round no="4"><cards type="River">SA</cards>
</round>
</game>
<game gamecode="6575989609"><general>
<startdate>2025-12-29 23:34:03</startdate>
<round>1</round>
<failsafecounter/>
<players><player seat="10" name="M1ky3ste92" chips="495" dealer="0" win="0" bet="35" muck="1" rebuy="0" addon="0" merge="0" rebuychips="0" reg_code="5084738389"/>
<player seat="3" name="raffaellogennari" chips="280" dealer="1" win="90" bet="280" muck="1" rebuy="0" addon="0" merge="0" rebuychips="0" reg_code="5084738097"/>
<player seat="6" name="Tiuualex" chips="725" dealer="0" win="0" bet="20" muck="1" rebuy="0" addon="0" merge="0" rebuychips="0" reg_code="5084738266"/>
</players>
</general>
<round no="0"><action no="1" player="Tiuualex" type="15" discard="1" dealt="1" sum="5"/>
<action no="2" player="M1ky3ste92" type="15" sum="5"/>
<action no="3" player="raffaellogennari" type="15" discard="1" dealt="1" sum="5"/>
<action no="4" player="Tiuualex" type="1" discard="1" dealt="1" sum="15"/>
<action no="5" player="M1ky3ste92" type="2" sum="30"/>
</round>
<round no="1"><cards type="Pocket" player="M1ky3ste92">S6 C3</cards>
<cards type="Pocket" player="Tiuualex">X X</cards>
<cards type="Pocket" player="raffaellogennari">X X</cards>
<action no="6" player="raffaellogennari" type="23" discard="1" dealt="1" sum="275"/>
<action no="7" player="Tiuualex" type="0" discard="1" dealt="1" sum="0"/>
<action no="8" player="M1ky3ste92" type="0" sum="0"/>
</round>
</game>
<game gamecode="6575989691"><general>
<startdate>2025-12-29 23:34:12</startdate>
<round>1</round>
<failsafecounter/>
<players><player seat="3" name="raffaellogennari" chips="335" dealer="0" win="0" bet="35" muck="1" rebuy="0" addon="0" merge="0" rebuychips="0" reg_code="5084738097"/>
<player seat="6" name="Tiuualex" chips="705" dealer="1" win="0" bet="5" muck="1" rebuy="0" addon="0" merge="0" rebuychips="0" reg_code="5084738266"/>
<player seat="10" name="M1ky3ste92" chips="460" dealer="0" win="75" bet="65" muck="1" rebuy="0" addon="0" merge="0" rebuychips="0" reg_code="5084738389"/>
</players>
</general>
<round no="0"><action no="1" player="M1ky3ste92" type="15" sum="5"/>
<action no="2" player="raffaellogennari" type="15" discard="1" dealt="1" sum="5"/>
<action no="3" player="Tiuualex" type="15" discard="1" dealt="1" sum="5"/>
<action no="4" player="M1ky3ste92" type="1" sum="15"/>
<action no="5" player="raffaellogennari" type="2" discard="1" dealt="1" sum="30"/>
</round>
<round no="1"><cards type="Pocket" player="Tiuualex">X X</cards>
<cards type="Pocket" player="raffaellogennari">X X</cards>
<cards type="Pocket" player="M1ky3ste92">CQ DK</cards>
<action no="6" player="Tiuualex" type="0" discard="1" dealt="1" sum="0"/>
<action no="7" player="M1ky3ste92" type="3" sum="15"/>
<action no="8" player="raffaellogennari" type="4" discard="1" dealt="1" sum="0"/>
</round>
<round no="2"><cards type="Flop">SJ C2 DA</cards>
<action no="9" player="M1ky3ste92" type="5" sum="30"/>
<action no="10" player="raffaellogennari" type="0" discard="1" dealt="1" sum="0"/>
</round>
</game>
<game gamecode="6575990016"><general>
<startdate>2025-12-29 23:34:48</startdate>
<round>1</round>
<failsafecounter/>
<players><player seat="6" name="Tiuualex" chips="700" dealer="0" win="0" bet="45" muck="1" rebuy="0" addon="0" merge="0" rebuychips="0" reg_code="5084738266"/>
<player seat="10" name="M1ky3ste92" chips="500" dealer="1" win="115" bet="500" muck="1" rebuy="0" addon="0" merge="0" rebuychips="0" reg_code="5084738389"/>
<player seat="3" name="raffaellogennari" chips="300" dealer="0" win="0" bet="25" muck="1" rebuy="0" addon="0" merge="0" rebuychips="0" reg_code="5084738097"/>
</players>
</general>
<round no="0"><action no="1" player="raffaellogennari" type="15" discard="1" dealt="1" sum="5"/>
<action no="2" player="Tiuualex" type="15" discard="1" dealt="1" sum="5"/>
<action no="3" player="M1ky3ste92" type="15" sum="5"/>
<action no="4" player="raffaellogennari" type="1" discard="1" dealt="1" sum="20"/>
<action no="5" player="Tiuualex" type="2" discard="1" dealt="1" sum="40"/>
</round>
<round no="1"><cards type="Pocket" player="M1ky3ste92">S10 S7</cards>
<cards type="Pocket" player="raffaellogennari">X X</cards>
<cards type="Pocket" player="Tiuualex">X X</cards>
<action no="6" player="M1ky3ste92" type="23" sum="495"/>
<action no="7" player="raffaellogennari" type="0" discard="1" dealt="1" sum="0"/>
<action no="8" player="Tiuualex" type="0" discard="1" dealt="1" sum="0"/>
</round>
</game>
<game gamecode="6575990183"><general>
<startdate>2025-12-29 23:35:06</startdate>
<round>1</round>
<failsafecounter/>
<players><player seat="10" name="M1ky3ste92" chips="570" dealer="0" win="0" bet="45" muck="1" rebuy="0" addon="0" merge="0" rebuychips="0" reg_code="5084738389"/>
<player seat="3" name="raffaellogennari" chips="275" dealer="1" win="0" bet="5" muck="1" rebuy="0" addon="0" merge="0" rebuychips="0" reg_code="5084738097"/>
<player seat="6" name="Tiuualex" chips="655" dealer="0" win="95" bet="655" muck="1" rebuy="0" addon="0" merge="0" rebuychips="0" reg_code="5084738266"/>
</players>
</general>
<round no="0"><action no="1" player="Tiuualex" type="15" discard="1" dealt="1" sum="5"/>
<action no="2" player="M1ky3ste92" type="15" sum="5"/>
<action no="3" player="raffaellogennari" type="15" discard="1" dealt="1" sum="5"/>
<action no="4" player="Tiuualex" type="1" discard="1" dealt="1" sum="20"/>
<action no="5" player="M1ky3ste92" type="2" sum="40"/>
</round>
<round no="1"><cards type="Pocket" player="raffaellogennari">X X</cards>
<cards type="Pocket" player="Tiuualex">X X</cards>
<cards type="Pocket" player="M1ky3ste92">D2 D7</cards>
<action no="6" player="raffaellogennari" type="0" discard="1" dealt="1" sum="0"/>
<action no="7" player="Tiuualex" type="23" discard="1" dealt="1" sum="650"/>
<action no="8" player="M1ky3ste92" type="0" sum="0"/>
</round>
</game>
<game gamecode="6575990356"><general>
<startdate>2025-12-29 23:35:23</startdate>
<round>1</round>
<failsafecounter/>
<players><player seat="3" name="raffaellogennari" chips="270" dealer="0" win="0" bet="45" muck="1" rebuy="0" addon="0" merge="0" rebuychips="0" reg_code="5084738097"/>
<player seat="6" name="Tiuualex" chips="705" dealer="1" win="0" bet="5" muck="1" rebuy="0" addon="0" merge="0" rebuychips="0" reg_code="5084738266"/>
<player seat="10" name="M1ky3ste92" chips="525" dealer="0" win="95" bet="525" muck="1" rebuy="0" addon="0" merge="0" rebuychips="0" reg_code="5084738389"/>
</players>
</general>
<round no="0"><action no="1" player="M1ky3ste92" type="15" sum="5"/>
<action no="2" player="raffaellogennari" type="15" discard="1" dealt="1" sum="5"/>
<action no="3" player="Tiuualex" type="15" discard="1" dealt="1" sum="5"/>
<action no="4" player="M1ky3ste92" type="1" sum="20"/>
<action no="5" player="raffaellogennari" type="2" discard="1" dealt="1" sum="40"/>
</round>
<round no="1"><cards type="Pocket" player="raffaellogennari">X X</cards>
<cards type="Pocket" player="M1ky3ste92">S9 H8</cards>
<cards type="Pocket" player="Tiuualex">X X</cards>
<action no="6" player="Tiuualex" type="0" discard="1" dealt="1" sum="0"/>
<action no="7" player="M1ky3ste92" type="23" sum="520"/>
<action no="8" player="raffaellogennari" type="0" discard="1" dealt="1" sum="0"/>
</round>
</game>
<game gamecode="6575990482"><general>
<startdate>2025-12-29 23:35:37</startdate>
<round>1</round>
<failsafecounter/>
<players><player seat="6" name="Tiuualex" chips="700" dealer="0" win="0" bet="45" muck="1" rebuy="0" addon="0" merge="0" rebuychips="0" reg_code="5084738266"/>
<player seat="10" name="M1ky3ste92" chips="575" dealer="1" win="115" bet="575" muck="1" rebuy="0" addon="0" merge="0" rebuychips="0" reg_code="5084738389"/>
<player seat="3" name="raffaellogennari" chips="225" dealer="0" win="0" bet="25" muck="1" rebuy="0" addon="0" merge="0" rebuychips="0" reg_code="5084738097"/>
</players>
</general>
<round no="0"><action no="1" player="raffaellogennari" type="15" discard="1" dealt="1" sum="5"/>
<action no="2" player="Tiuualex" type="15" discard="1" dealt="1" sum="5"/>
<action no="3" player="M1ky3ste92" type="15" sum="5"/>
<action no="4" player="raffaellogennari" type="1" discard="1" dealt="1" sum="20"/>
<action no="5" player="Tiuualex" type="2" discard="1" dealt="1" sum="40"/>
</round>
<round no="1"><cards type="Pocket" player="Tiuualex">X X</cards>
<cards type="Pocket" player="raffaellogennari">X X</cards>
<cards type="Pocket" player="M1ky3ste92">HK H10</cards>
<action no="6" player="M1ky3ste92" type="23" sum="570"/>
<action no="7" player="raffaellogennari" type="0" discard="1" dealt="1" sum="0"/>
<action no="8" player="Tiuualex" type="0" discard="1" dealt="1" sum="0"/>
</round>
</game>
<game gamecode="6575990658"><general>
<startdate>2025-12-29 23:35:55</startdate>
<round>1</round>
<failsafecounter/>
<players><player seat="10" name="M1ky3ste92" chips="645" dealer="0" win="95" bet="205" muck="1" rebuy="0" addon="0" merge="0" rebuychips="0" reg_code="5084738389"/>
<player seat="3" name="raffaellogennari" chips="200" dealer="1" win="0" bet="5" muck="1" rebuy="0" addon="0" merge="0" rebuychips="0" reg_code="5084738097"/>
<player seat="6" name="Tiuualex" chips="655" dealer="0" win="0" bet="45" muck="1" rebuy="0" addon="0" merge="0" rebuychips="0" reg_code="5084738266"/>
</players>
</general>
<round no="0"><action no="1" player="Tiuualex" type="15" discard="1" dealt="1" sum="5"/>
<action no="2" player="M1ky3ste92" type="15" sum="5"/>
<action no="3" player="raffaellogennari" type="15" discard="1" dealt="1" sum="5"/>
<action no="4" player="Tiuualex" type="1" discard="1" dealt="1" sum="20"/>
<action no="5" player="M1ky3ste92" type="2" sum="40"/>
</round>
<round no="1"><cards type="Pocket" player="M1ky3ste92">D9 CA</cards>
<cards type="Pocket" player="raffaellogennari">X X</cards>
<cards type="Pocket" player="Tiuualex">X X</cards>
<action no="6" player="raffaellogennari" type="0" discard="1" dealt="1" sum="0"/>
<action no="7" player="Tiuualex" type="3" discard="1" dealt="1" sum="20"/>
<action no="8" player="M1ky3ste92" type="23" sum="200"/>
<action no="9" player="Tiuualex" type="0" discard="1" dealt="1" sum="0"/>
</round>
</game>
<game gamecode="6575990809"><general>
<startdate>2025-12-29 23:36:10</startdate>
<round>1</round>
<failsafecounter/>
<players><player seat="3" name="raffaellogennari" chips="195" dealer="0" win="395" bet="195" muck="0" rebuy="0" addon="0" merge="0" rebuychips="0" reg_code="5084738097"/>
<player seat="6" name="Tiuualex" chips="610" dealer="1" win="0" bet="5" muck="1" rebuy="0" addon="0" merge="0" rebuychips="0" reg_code="5084738266"/>
<player seat="10" name="M1ky3ste92" chips="695" dealer="0" win="0" bet="695" muck="1" rebuy="0" addon="0" merge="0" rebuychips="0" reg_code="5084738389"/>
</players>
</general>
<round no="0"><action no="1" player="M1ky3ste92" type="15" sum="5"/>
<action no="2" player="raffaellogennari" type="15" discard="1" dealt="1" sum="5"/>
<action no="3" player="Tiuualex" type="15" discard="1" dealt="1" sum="5"/>
<action no="4" player="M1ky3ste92" type="1" sum="30"/>
<action no="5" player="raffaellogennari" type="2" discard="1" dealt="1" sum="60"/>
</round>
<round no="1"><cards type="Pocket" player="raffaellogennari">S7 C4</cards>
<cards type="Pocket" player="M1ky3ste92">S2 DQ</cards>
<cards type="Pocket" player="Tiuualex">X X</cards>
<action no="6" player="Tiuualex" type="0" discard="1" dealt="1" sum="0"/>
<action no="7" player="M1ky3ste92" type="23" sum="690"/>
<action no="8" player="raffaellogennari" type="7" discard="1" dealt="1" sum="130"/>
</round>
<round no="2"><cards type="Flop">D8 C7 D2</cards>
</round>
<round no="3"><cards type="Turn">S3</cards>
</round>
<round no="4"><cards type="River">D10</cards>
</round>
</game>
<game gamecode="6575991006"><general>
<startdate>2025-12-29 23:36:30</startdate>
<round>1</round>
<failsafecounter/>
<players><player seat="6" name="Tiuualex" chips="605" dealer="0" win="0" bet="65" muck="1" rebuy="0" addon="0" merge="0" rebuychips="0" reg_code="5084738266"/>
<player seat="10" name="M1ky3ste92" chips="500" dealer="1" win="0" bet="5" muck="1" rebuy="0" addon="0" merge="0" rebuychips="0" reg_code="5084738389"/>
<player seat="3" name="raffaellogennari" chips="395" dealer="0" win="135" bet="395" muck="1" rebuy="0" addon="0" merge="0" rebuychips="0" reg_code="5084738097"/>
</players>
</general>
<round no="0"><action no="1" player="raffaellogennari" type="15" discard="1" dealt="1" sum="5"/>
<action no="2" player="Tiuualex" type="15" discard="1" dealt="1" sum="5"/>
<action no="3" player="M1ky3ste92" type="15" sum="5"/>
<action no="4" player="raffaellogennari" type="1" discard="1" dealt="1" sum="30"/>
<action no="5" player="Tiuualex" type="2" discard="1" dealt="1" sum="60"/>
</round>
<round no="1"><cards type="Pocket" player="raffaellogennari">X X</cards>
<cards type="Pocket" player="Tiuualex">X X</cards>
<cards type="Pocket" player="M1ky3ste92">S2 H6</cards>
<action no="6" player="M1ky3ste92" type="0" sum="0"/>
<action no="7" player="raffaellogennari" type="23" discard="1" dealt="1" sum="390"/>
<action no="8" player="Tiuualex" type="0" discard="1" dealt="1" sum="0"/>
</round>
</game>
<game gamecode="6575991167"><general>
<startdate>2025-12-29 23:36:48</startdate>
<round>1</round>
<failsafecounter/>
<players><player seat="10" name="M1ky3ste92" chips="495" dealer="0" win="965" bet="465" muck="0" rebuy="0" addon="0" merge="0" rebuychips="0" reg_code="5084738389"/>
<player seat="3" name="raffaellogennari" chips="465" dealer="1" win="0" bet="465" muck="0" rebuy="0" addon="0" merge="0" rebuychips="0" reg_code="5084738097"/>
<player seat="6" name="Tiuualex" chips="540" dealer="0" win="0" bet="35" muck="1" rebuy="0" addon="0" merge="0" rebuychips="0" reg_code="5084738266"/>
</players>
</general>
<round no="0"><action no="1" player="Tiuualex" type="15" discard="1" dealt="1" sum="5"/>
<action no="2" player="M1ky3ste92" type="15" sum="5"/>
<action no="3" player="raffaellogennari" type="15" discard="1" dealt="1" sum="5"/>
<action no="4" player="Tiuualex" type="1" discard="1" dealt="1" sum="30"/>
<action no="5" player="M1ky3ste92" type="2" sum="60"/>
</round>
<round no="1"><cards type="Pocket" player="raffaellogennari">CA S3</cards>
<cards type="Pocket" player="M1ky3ste92">H10 C10</cards>
<cards type="Pocket" player="Tiuualex">X X</cards>
<action no="6" player="raffaellogennari" type="23" discard="1" dealt="1" sum="460"/>
<action no="7" player="Tiuualex" type="0" discard="1" dealt="1" sum="0"/>
<action no="8" player="M1ky3ste92" type="3" sum="400"/>
</round>
<round no="2"><cards type="Flop">C9 D7 S8</cards>
</round>
<round no="3"><cards type="Turn">HJ</cards>
</round>
<round no="4"><cards type="River">SK</cards>
</round>
</game>
<game gamecode="6575991322"><general>
<startdate>2025-12-29 23:37:05</startdate>
<round>1</round>
<failsafecounter/>
<players><player seat="10" name="M1ky3ste92" chips="995" dealer="0" win="0" bet="505" muck="1" rebuy="0" addon="0" merge="0" rebuychips="0" reg_code="5084738389"/>
<player seat="6" name="Tiuualex" chips="505" dealer="1" win="1,010" bet="505" muck="0" rebuy="0" addon="0" merge="0" rebuychips="0" reg_code="5084738266"/>
</players>
</general>
<round no="0"><action no="1" player="Tiuualex" type="15" discard="1" dealt="1" sum="5"/>
<action no="2" player="M1ky3ste92" type="15" sum="5"/>
<action no="3" player="Tiuualex" type="1" discard="1" dealt="1" sum="30"/>
<action no="4" player="M1ky3ste92" type="2" sum="60"/>
</round>
<round no="1"><cards type="Pocket" player="Tiuualex">H5 SA</cards>
<cards type="Pocket" player="M1ky3ste92">HJ D10</cards>
<action no="5" player="Tiuualex" type="23" discard="1" dealt="1" sum="500"/>
<action no="6" player="M1ky3ste92" type="3" sum="440"/>
</round>
<round no="2"><cards type="Flop">S2 SJ S5</cards>
</round>
<round no="3"><cards type="Turn">S8</cards>
</round>
<round no="4"><cards type="River">SK</cards>
</round>
</game>
<game gamecode="6575991501"><general>
<startdate>2025-12-29 23:37:25</startdate>
<round>1</round>
<failsafecounter/>
<players><player seat="6" name="Tiuualex" chips="1,010" dealer="0" win="70" bet="65" muck="1" rebuy="0" addon="0" merge="0" rebuychips="0" reg_code="5084738266"/>
<player seat="10" name="M1ky3ste92" chips="490" dealer="1" win="0" bet="35" muck="1" rebuy="0" addon="0" merge="0" rebuychips="0" reg_code="5084738389"/>
</players>
</general>
<round no="0"><action no="1" player="M1ky3ste92" type="15" sum="5"/>
<action no="2" player="Tiuualex" type="15" discard="1" dealt="1" sum="5"/>
<action no="3" player="M1ky3ste92" type="1" sum="30"/>
<action no="4" player="Tiuualex" type="2" discard="1" dealt="1" sum="60"/>
</round>
<round no="1"><cards type="Pocket" player="Tiuualex">X X</cards>
<cards type="Pocket" player="M1ky3ste92">D3 C10</cards>
<action no="5" player="M1ky3ste92" type="0" sum="0"/>
</round>
</game>
<game gamecode="6575995626"><general>
<startdate>2025-12-29 23:37:42</startdate>
<round>1</round>
<failsafecounter/>
<players><player seat="10" name="M1ky3ste92" chips="455" dealer="0" win="0" bet="65" muck="1" rebuy="0" addon="0" merge="0" rebuychips="0" reg_code="5084738389"/>
<player seat="6" name="Tiuualex" chips="1,045" dealer="1" win="130" bet="65" muck="0" rebuy="0" addon="0" merge="0" rebuychips="0" reg_code="5084738266"/>
</players>
</general>
<round no="0"><action no="1" player="Tiuualex" type="15" discard="1" dealt="1" sum="5"/>
<action no="2" player="M1ky3ste92" type="15" sum="5"/>
<action no="3" player="Tiuualex" type="1" discard="1" dealt="1" sum="30"/>
<action no="4" player="M1ky3ste92" type="2" sum="60"/>
</round>
<round no="1"><cards type="Pocket" player="M1ky3ste92">D4 D2</cards>
<cards type="Pocket" player="Tiuualex">S5 HJ</cards>
<action no="5" player="Tiuualex" type="3" discard="1" dealt="1" sum="30"/>
<action no="6" player="M1ky3ste92" type="4" sum="0"/>
</round>
<round no="2"><cards type="Flop">HQ C6 H10</cards>
<action no="7" player="M1ky3ste92" type="4" sum="0"/>
<action no="8" player="Tiuualex" type="4" discard="1" dealt="1" sum="0"/>
</round>
<round no="3"><cards type="Turn">H6</cards>
<action no="9" player="M1ky3ste92" type="4" sum="0"/>
<action no="10" player="Tiuualex" type="4" discard="1" dealt="1" sum="0"/>
</round>
<round no="4"><cards type="River">C5</cards>
<action no="11" player="M1ky3ste92" type="4" sum="0"/>
<action no="12" player="Tiuualex" type="4" discard="1" dealt="1" sum="0"/>
</round>
</game>
<game gamecode="6575995976"><general>
<startdate>2025-12-29 23:38:24</startdate>
<round>1</round>
<failsafecounter/>
<players><player seat="6" name="Tiuualex" chips="1,110" dealer="0" win="0" bet="88" muck="1" rebuy="0" addon="0" merge="0" rebuychips="0" reg_code="5084738266"/>
<player seat="10" name="M1ky3ste92" chips="390" dealer="1" win="176" bet="390" muck="1" rebuy="0" addon="0" merge="0" rebuychips="0" reg_code="5084738389"/>
</players>
</general>
<round no="0"><action no="1" player="M1ky3ste92" type="15" sum="8"/>
<action no="2" player="Tiuualex" type="15" discard="1" dealt="1" sum="8"/>
<action no="3" player="M1ky3ste92" type="1" sum="40"/>
<action no="4" player="Tiuualex" type="2" discard="1" dealt="1" sum="80"/>
</round>
<round no="1"><cards type="Pocket" player="Tiuualex">X X</cards>
<cards type="Pocket" player="M1ky3ste92">CQ S4</cards>
<action no="5" player="M1ky3ste92" type="23" sum="382"/>
<action no="6" player="Tiuualex" type="0" discard="1" dealt="1" sum="0"/>
</round>
</game>
<game gamecode="6575996116"><general>
<startdate>2025-12-29 23:38:39</startdate>
<round>1</round>
<failsafecounter/>
<players><player seat="10" name="M1ky3ste92" chips="478" dealer="0" win="0" bet="88" muck="1" rebuy="0" addon="0" merge="0" rebuychips="0" reg_code="5084738389"/>
<player seat="6" name="Tiuualex" chips="1,022" dealer="1" win="176" bet="1,022" muck="1" rebuy="0" addon="0" merge="0" rebuychips="0" reg_code="5084738266"/>
</players>
</general>
<round no="0"><action no="1" player="Tiuualex" type="15" discard="1" dealt="1" sum="8"/>
<action no="2" player="M1ky3ste92" type="15" sum="8"/>
<action no="3" player="Tiuualex" type="1" discard="1" dealt="1" sum="40"/>
<action no="4" player="M1ky3ste92" type="2" sum="80"/>
</round>
<round no="1"><cards type="Pocket" player="M1ky3ste92">H4 D8</cards>
<cards type="Pocket" player="Tiuualex">X X</cards>
<action no="5" player="Tiuualex" type="23" discard="1" dealt="1" sum="1,014"/>
<action no="6" player="M1ky3ste92" type="0" sum="0"/>
</round>
</game>
<game gamecode="6575996192"><general>
<startdate>2025-12-29 23:38:48</startdate>
<round>1</round>
<failsafecounter/>
<players><player seat="6" name="Tiuualex" chips="1,110" dealer="0" win="780" bet="390" muck="0" rebuy="0" addon="0" merge="0" rebuychips="0" reg_code="5084738266"/>
<player seat="10" name="M1ky3ste92" chips="390" dealer="1" win="0" bet="390" muck="0" rebuy="0" addon="0" merge="0" rebuychips="0" reg_code="5084738389"/>
</players>
</general>
<round no="0"><action no="1" player="M1ky3ste92" type="15" sum="8"/>
<action no="2" player="Tiuualex" type="15" discard="1" dealt="1" sum="8"/>
<action no="3" player="M1ky3ste92" type="1" sum="40"/>
<action no="4" player="Tiuualex" type="2" discard="1" dealt="1" sum="80"/>
</round>
<round no="1"><cards type="Pocket" player="Tiuualex">DA C8</cards>
<cards type="Pocket" player="M1ky3ste92">SA S4</cards>
<action no="5" player="M1ky3ste92" type="23" sum="382"/>
<action no="6" player="Tiuualex" type="3" discard="1" dealt="1" sum="302"/>
</round>
<round no="2"><cards type="Flop">HJ D6 H2</cards>
</round>
<round no="3"><cards type="Turn">S9</cards>
</round>
<round no="4"><cards type="River">H7</cards>
</round>
</game>
</session>
