<?xml version="1.0" encoding="UTF-8"?>
<session sessioncode="5084663611">
<general>
<client_version>24.7.1.18</client_version>
<mode>real</mode>
<gametype>Holdem NL</gametype>
<tablename>Twister €100 SNG, 825085117</tablename>
<tournamentcode>825085116</tournamentcode>
<tournamentname>Twister €100 SNG</tournamentname>
<buyin>€0 + €7 + €93</buyin>
<totalbuyin>€100</totalbuyin>
<rewarddrawn>€200</rewarddrawn>
<tournamentcurrency>EUR</tournamentcurrency>
<currency>EUR</currency>
<nickname>M1ky3ste92</nickname>
<gamecount>23</gamecount>
<startdate>2025-12-29 20:09:48</startdate>
<place>1</place>
<win>€200</win>
<tablesize>3</tablesize>
</general>
<game gamecode="6575687071"><general>
<startdate>2025-12-29 20:10:03</startdate>
<round>1</round>
<failsafecounter/>
<players><player seat="3" name="raffaellogennari" chips="500" dealer="0" win="392" bet="191" muck="0" rebuy="0" addon="0" merge="0" rebuychips="0" reg_code="5084660480"/>
<player seat="6" name="OFiorbe" chips="500" dealer="1" win="0" bet="191" muck="1" rebuy="0" addon="0" merge="0" rebuychips="0" reg_code="5084661992"/>
<player seat="10" name="M1ky3ste92" chips="500" dealer="0" win="0" bet="10" muck="1" rebuy="0" addon="0" merge="0" rebuychips="0" reg_code="5084663611"/>
</players>
</general>
<round no="0"><action no="1" player="M1ky3ste92" type="1" sum="10"/>
<action no="2" player="raffaellogennari" type="2" discard="1" dealt="1" sum="20"/>
</round>
<round no="1"><cards type="Pocket" player="OFiorbe">D10 SA</cards>
<cards type="Pocket" player="M1ky3ste92">HQ S10</cards>
<cards type="Pocket" player="raffaellogennari">CK D9</cards>
<action no="3" player="OFiorbe" type="23" discard="1" dealt="1" sum="40"/>
<action no="4" player="M1ky3ste92" type="0" sum="0"/>
<action no="5" player="raffaellogennari" type="3" discard="1" dealt="1" sum="20"/>
</round>
<round no="2"><cards type="Flop">DJ H2 S9</cards>
<action no="6" player="raffaellogennari" type="4" discard="1" dealt="1" sum="0"/>
<action no="7" player="OFiorbe" type="5" discard="1" dealt="1" sum="31"/>
<action no="8" player="raffaellogennari" type="3" discard="1" dealt="1" sum="31"/>
</round>
<round no="3"><cards type="Turn">H3</cards>
<action no="9" player="raffaellogennari" type="4" discard="1" dealt="1" sum="0"/>
<action no="10" player="OFiorbe" type="5" discard="1" dealt="1" sum="120"/>
<action no="11" player="raffaellogennari" type="3" discard="1" dealt="1" sum="120"/>
</round>
<round no="4"><cards type="River">SK</cards>
<action no="12" player="raffaellogennari" type="4" discard="1" dealt="1" sum="0"/>
<action no="13" player="OFiorbe" type="4" discard="1" dealt="1" sum="0"/>
</round>
</game>
<game gamecode="6575687258"><general>
<startdate>2025-12-29 20:11:00</startdate>
<round>1</round>
<failsafecounter/>
<players><player seat="6" name="OFiorbe" chips="309" dealer="0" win="40" bet="50" muck="1" rebuy="0" addon="0" merge="0" rebuychips="0" reg_code="5084661992"/>
<player seat="10" name="M1ky3ste92" chips="490" dealer="1" win="0" bet="0" muck="1" rebuy="0" addon="0" merge="0" rebuychips="0" reg_code="5084663611"/>
<player seat="3" name="raffaellogennari" chips="701" dealer="0" win="0" bet="20" muck="1" rebuy="0" addon="0" merge="0" rebuychips="0" reg_code="5084660480"/>
</players>
</general>
<round no="0"><action no="1" player="raffaellogennari" type="1" discard="1" dealt="1" sum="10"/>
<action no="2" player="OFiorbe" type="2" discard="1" dealt="1" sum="20"/>
</round>
<round no="1"><cards type="Pocket" player="raffaellogennari">X X</cards>
<cards type="Pocket" player="OFiorbe">X X</cards>
<cards type="Pocket" player="M1ky3ste92">S4 DJ</cards>
<action no="3" player="M1ky3ste92" type="0" sum="0"/>
<action no="4" player="raffaellogennari" type="3" discard="1" dealt="1" sum="10"/>
<action no="5" player="OFiorbe" type="23" discard="1" dealt="1" sum="50"/>
<action no="6" player="raffaellogennari" type="0" discard="1" dealt="1" sum="0"/>
</round>
</game>
<game gamecode="6575687293"><general>
<startdate>2025-12-29 20:11:11</startdate>
<round>1</round>
<failsafecounter/>
<players><player seat="10" name="M1ky3ste92" chips="490" dealer="0" win="0" bet="20" muck="1" rebuy="0" addon="0" merge="0" rebuychips="0" reg_code="5084663611"/>
<player seat="3" name="raffaellogennari" chips="681" dealer="1" win="50" bet="40" muck="1" rebuy="0" addon="0" merge="0" rebuychips="0" reg_code="5084660480"/>
<player seat="6" name="OFiorbe" chips="329" dealer="0" win="0" bet="10" muck="1" rebuy="0" addon="0" merge="0" rebuychips="0" reg_code="5084661992"/>
</players>
</general>
<round no="0"><action no="1" player="OFiorbe" type="1" discard="1" dealt="1" sum="10"/>
<action no="2" player="M1ky3ste92" type="2" sum="20"/>
</round>
<round no="1"><cards type="Pocket" player="raffaellogennari">X X</cards>
<cards type="Pocket" player="M1ky3ste92">S9 H4</cards>
<cards type="Pocket" player="OFiorbe">X X</cards>
<action no="3" player="raffaellogennari" type="23" discard="1" dealt="1" sum="40"/>
<action no="4" player="OFiorbe" type="0" discard="1" dealt="1" sum="0"/>
<action no="5" player="M1ky3ste92" type="0" sum="0"/>
</round>
</game>
<game gamecode="6575687322"><general>
<startdate>2025-12-29 20:11:19</startdate>
<round>1</round>
<failsafecounter/>
<players><player seat="3" name="raffaellogennari" chips="711" dealer="0" win="20" bet="20" muck="1" rebuy="0" addon="0" merge="0" rebuychips="0" reg_code="5084660480"/>
<player seat="6" name="OFiorbe" chips="319" dealer="1" win="0" bet="0" muck="1" rebuy="0" addon="0" merge="0" rebuychips="0" reg_code="5084661992"/>
<player seat="10" name="M1ky3ste92" chips="470" dealer="0" win="0" bet="10" muck="1" rebuy="0" addon="0" merge="0" rebuychips="0" reg_code="5084663611"/>
</players>
</general>
<round no="0"><action no="1" player="M1ky3ste92" type="1" sum="10"/>
<action no="2" player="raffaellogennari" type="2" discard="1" dealt="1" sum="20"/>
</round>
<round no="1"><cards type="Pocket" player="raffaellogennari">X X</cards>
<cards type="Pocket" player="OFiorbe">X X</cards>
<cards type="Pocket" player="M1ky3ste92">D8 C5</cards>
<action no="3" player="OFiorbe" type="0" discard="1" dealt="1" sum="0"/>
<action no="4" player="M1ky3ste92" type="0" sum="0"/>
</round>
</game>
<game gamecode="6575687372"><general>
<startdate>2025-12-29 20:11:32</startdate>
<round>1</round>
<failsafecounter/>
<players><player seat="6" name="OFiorbe" chips="319" dealer="0" win="250" bet="125" muck="0" rebuy="0" addon="0" merge="0" rebuychips="0" reg_code="5084661992"/>
<player seat="10" name="M1ky3ste92" chips="460" dealer="1" win="0" bet="0" muck="1" rebuy="0" addon="0" merge="0" rebuychips="0" reg_code="5084663611"/>
<player seat="3" name="raffaellogennari" chips="721" dealer="0" win="0" bet="125" muck="1" rebuy="0" addon="0" merge="0" rebuychips="0" reg_code="5084660480"/>
</players>
</general>
<round no="0"><action no="1" player="raffaellogennari" type="1" discard="1" dealt="1" sum="10"/>
<action no="2" player="OFiorbe" type="2" discard="1" dealt="1" sum="20"/>
</round>
<round no="1"><cards type="Pocket" player="raffaellogennari">C9 HJ</cards>
<cards type="Pocket" player="OFiorbe">C5 CK</cards>
<cards type="Pocket" player="M1ky3ste92">S6 C7</cards>
<action no="3" player="M1ky3ste92" type="0" sum="0"/>
<action no="4" player="raffaellogennari" type="23" discard="1" dealt="1" sum="50"/>
<action no="5" player="OFiorbe" type="3" discard="1" dealt="1" sum="30"/>
</round>
<round no="2"><cards type="Flop">D10 H9 S4</cards>
<action no="6" player="raffaellogennari" type="4" discard="1" dealt="1" sum="0"/>
<action no="7" player="OFiorbe" type="4" discard="1" dealt="1" sum="0"/>
</round>
<round no="3"><cards type="Turn">HK</cards>
<action no="8" player="raffaellogennari" type="4" discard="1" dealt="1" sum="0"/>
<action no="9" player="OFiorbe" type="5" discard="1" dealt="1" sum="75"/>
<action no="10" player="raffaellogennari" type="3" discard="1" dealt="1" sum="75"/>
</round>
<round no="4"><cards type="River">SA</cards>
<action no="11" player="raffaellogennari" type="4" discard="1" dealt="1" sum="0"/>
<action no="12" player="OFiorbe" type="4" discard="1" dealt="1" sum="0"/>
</round>
</game>
<game gamecode="6575687474"><general>
<startdate>2025-12-29 20:12:02</startdate>
<round>1</round>
<failsafecounter/>
<players><player seat="10" name="M1ky3ste92" chips="460" dealer="0" win="0" bet="35" muck="1" rebuy="0" addon="0" merge="0" rebuychips="0" reg_code="5084663611"/>
<player seat="3" name="raffaellogennari" chips="596" dealer="1" win="0" bet="5" muck="1" rebuy="0" addon="0" merge="0" rebuychips="0" reg_code="5084660480"/>
<player seat="6" name="OFiorbe" chips="444" dealer="0" win="75" bet="65" muck="1" rebuy="0" addon="0" merge="0" rebuychips="0" reg_code="5084661992"/>
</players>
</general>
<round no="0"><action no="1" player="OFiorbe" type="15" discard="1" dealt="1" sum="5"/>
<action no="2" player="M1ky3ste92" type="15" sum="5"/>
<action no="3" player="raffaellogennari" type="15" discard="1" dealt="1" sum="5"/>
<action no="4" player="OFiorbe" type="1" discard="1" dealt="1" sum="15"/>
<action no="5" player="M1ky3ste92" type="2" sum="30"/>
</round>
<round no="1"><cards type="Pocket" player="M1ky3ste92">DQ H4</cards>
<cards type="Pocket" player="raffaellogennari">X X</cards>
<cards type="Pocket" player="OFiorbe">X X</cards>
<action no="6" player="raffaellogennari" type="0" discard="1" dealt="1" sum="0"/>
<action no="7" player="OFiorbe" type="3" discard="1" dealt="1" sum="15"/>
<action no="8" player="M1ky3ste92" type="4" sum="0"/>
</round>
<round no="2"><cards type="Flop">D3 D7 C8</cards>
<action no="9" player="OFiorbe" type="5" discard="1" dealt="1" sum="30"/>
<action no="10" player="M1ky3ste92" type="0" sum="0"/>
</round>
</game>
<game gamecode="6575687546"><general>
<startdate>2025-12-29 20:12:25</startdate>
<round>1</round>
<failsafecounter/>
<players><player seat="3" name="raffaellogennari" chips="591" dealer="0" win="45" bet="35" muck="1" rebuy="0" addon="0" merge="0" rebuychips="0" reg_code="5084660480"/>
<player seat="6" name="OFiorbe" chips="484" dealer="1" win="0" bet="5" muck="1" rebuy="0" addon="0" merge="0" rebuychips="0" reg_code="5084661992"/>
<player seat="10" name="M1ky3ste92" chips="425" dealer="0" win="0" bet="20" muck="1" rebuy="0" addon="0" merge="0" rebuychips="0" reg_code="5084663611"/>
</players>
</general>
<round no="0"><action no="1" player="M1ky3ste92" type="15" sum="5"/>
<action no="2" player="raffaellogennari" type="15" discard="1" dealt="1" sum="5"/>
<action no="3" player="OFiorbe" type="15" discard="1" dealt="1" sum="5"/>
<action no="4" player="M1ky3ste92" type="1" sum="15"/>
<action no="5" player="raffaellogennari" type="2" discard="1" dealt="1" sum="30"/>
</round>
<round no="1"><cards type="Pocket" player="M1ky3ste92">S7 D3</cards>
<cards type="Pocket" player="OFiorbe">X X</cards>
<cards type="Pocket" player="raffaellogennari">X X</cards>
<action no="6" player="OFiorbe" type="0" discard="1" dealt="1" sum="0"/>
<action no="7" player="M1ky3ste92" type="0" sum="0"/>
</round>
</game>
<game gamecode="6575687571"><general>
<startdate>2025-12-29 20:12:33</startdate>
<round>1</round>
<failsafecounter/>
<players><player seat="6" name="OFiorbe" chips="479" dealer="0" win="0" bet="35" muck="1" rebuy="0" addon="0" merge="0" rebuychips="0" reg_code="5084661992"/>
<player seat="10" name="M1ky3ste92" chips="405" dealer="1" win="90" bet="405" muck="1" rebuy="0" addon="0" merge="0" rebuychips="0" reg_code="5084663611"/>
<player seat="3" name="raffaellogennari" chips="616" dealer="0" win="0" bet="20" muck="1" rebuy="0" addon="0" merge="0" rebuychips="0" reg_code="5084660480"/>
</players>
</general>
<round no="0"><action no="1" player="raffaellogennari" type="15" discard="1" dealt="1" sum="5"/>
<action no="2" player="OFiorbe" type="15" discard="1" dealt="1" sum="5"/>
<action no="3" player="M1ky3ste92" type="15" sum="5"/>
<action no="4" player="raffaellogennari" type="1" discard="1" dealt="1" sum="15"/>
<action no="5" player="OFiorbe" type="2" discard="1" dealt="1" sum="30"/>
</round>
<round no="1"><cards type="Pocket" player="raffaellogennari">X X</cards>
<cards type="Pocket" player="M1ky3ste92">C9 CQ</cards>
<cards type="Pocket" player="OFiorbe">X X</cards>
<action no="6" player="M1ky3ste92" type="23" sum="400"/>
<action no="7" player="raffaellogennari" type="0" discard="1" dealt="1" sum="0"/>
<action no="8" player="OFiorbe" type="0" discard="1" dealt="1" sum="0"/>
</round>
</game>
<game gamecode="6575687602"><general>
<startdate>2025-12-29 20:12:43</startdate>
<round>1</round>
<failsafecounter/>
<players><player seat="10" name="M1ky3ste92" chips="460" dealer="0" win="508" bet="460" muck="1" rebuy="0" addon="0" merge="0" rebuychips="0" reg_code="5084663611"/>
<player seat="3" name="raffaellogennari" chips="596" dealer="1" win="0" bet="244" muck="1" rebuy="0" addon="0" merge="0" rebuychips="0" reg_code="5084660480"/>
<player seat="6" name="OFiorbe" chips="444" dealer="0" win="0" bet="20" muck="1" rebuy="0" addon="0" merge="0" rebuychips="0" reg_code="5084661992"/>
</players>
</general>
<round no="0"><action no="1" player="OFiorbe" type="15" discard="1" dealt="1" sum="5"/>
<action no="2" player="M1ky3ste92" type="15" sum="5"/>
<action no="3" player="raffaellogennari" type="15" discard="1" dealt="1" sum="5"/>
<action no="4" player="OFiorbe" type="1" discard="1" dealt="1" sum="15"/>
<action no="5" player="M1ky3ste92" type="2" sum="30"/>
</round>
<round no="1"><cards type="Pocket" player="M1ky3ste92">CA D5</cards>
<cards type="Pocket" player="raffaellogennari">X X</cards>
<cards type="Pocket" player="OFiorbe">X X</cards>
<action no="6" player="raffaellogennari" type="23" discard="1" dealt="1" sum="60"/>
<action no="7" player="OFiorbe" type="0" discard="1" dealt="1" sum="0"/>
<action no="8" player="M1ky3ste92" type="3" sum="30"/>
</round>
<round no="2"><cards type="Flop">SA D2 S3</cards>
<action no="9" player="M1ky3ste92" type="4" sum="0"/>
<action no="10" player="raffaellogennari" type="5" discard="1" dealt="1" sum="91"/>
<action no="11" player="M1ky3ste92" type="3" sum="91"/>
</round>
<round no="3"><cards type="Turn">H9</cards>
<action no="12" player="M1ky3ste92" type="4" sum="0"/>
<action no="13" player="raffaellogennari" type="5" discard="1" dealt="1" sum="88"/>
<action no="14" player="M1ky3ste92" type="23" sum="304"/>
<action no="15" player="raffaellogennari" type="0" discard="1" dealt="1" sum="0"/>
</round>
</game>
<game gamecode="6575687749"><general>
<startdate>2025-12-29 20:13:26</startdate>
<round>1</round>
<failsafecounter/>
<players><player seat="3" name="raffaellogennari" chips="352" dealer="0" win="0" bet="85" muck="1" rebuy="0" addon="0" merge="0" rebuychips="0" reg_code="5084660480"/>
<player seat="6" name="OFiorbe" chips="424" dealer="1" win="195" bet="424" muck="1" rebuy="0" addon="0" merge="0" rebuychips="0" reg_code="5084661992"/>
<player seat="10" name="M1ky3ste92" chips="724" dealer="0" win="0" bet="25" muck="1" rebuy="0" addon="0" merge="0" rebuychips="0" reg_code="5084663611"/>
</players>
</general>
<round no="0"><action no="1" player="M1ky3ste92" type="15" sum="5"/>
<action no="2" player="raffaellogennari" type="15" discard="1" dealt="1" sum="5"/>
<action no="3" player="OFiorbe" type="15" discard="1" dealt="1" sum="5"/>
<action no="4" player="M1ky3ste92" type="1" sum="20"/>
<action no="5" player="raffaellogennari" type="2" discard="1" dealt="1" sum="40"/>
</round>
<round no="1"><cards type="Pocket" player="raffaellogennari">X X</cards>
<cards type="Pocket" player="OFiorbe">X X</cards>
<cards type="Pocket" player="M1ky3ste92">DJ HQ</cards>
<action no="6" player="OFiorbe" type="23" discard="1" dealt="1" sum="80"/>
<action no="7" player="M1ky3ste92" type="0" sum="0"/>
<action no="8" player="raffaellogennari" type="3" discard="1" dealt="1" sum="40"/>
</round>
<round no="2"><cards type="Flop">H8 H6 D9</cards>
<action no="9" player="raffaellogennari" type="4" discard="1" dealt="1" sum="0"/>
<action no="10" player="OFiorbe" type="5" discard="1" dealt="1" sum="339"/>
<action no="11" player="raffaellogennari" type="0" discard="1" dealt="1" sum="0"/>
</round>
</game>
<game gamecode="6575687821"><general>
<startdate>2025-12-29 20:13:49</startdate>
<round>1</round>
<failsafecounter/>
<players><player seat="6" name="OFiorbe" chips="534" dealer="0" win="0" bet="45" muck="1" rebuy="0" addon="0" merge="0" rebuychips="0" reg_code="5084661992"/>
<player seat="10" name="M1ky3ste92" chips="699" dealer="1" win="0" bet="5" muck="1" rebuy="0" addon="0" merge="0" rebuychips="0" reg_code="5084663611"/>
<player seat="3" name="raffaellogennari" chips="267" dealer="0" win="95" bet="267" muck="1" rebuy="0" addon="0" merge="0" rebuychips="0" reg_code="5084660480"/>
</players>
</general>
<round no="0"><action no="1" player="raffaellogennari" type="15" discard="1" dealt="1" sum="5"/>
<action no="2" player="OFiorbe" type="15" discard="1" dealt="1" sum="5"/>
<action no="3" player="M1ky3ste92" type="15" sum="5"/>
<action no="4" player="raffaellogennari" type="1" discard="1" dealt="1" sum="20"/>
<action no="5" player="OFiorbe" type="2" discard="1" dealt="1" sum="40"/>
</round>
<round no="1"><cards type="Pocket" player="M1ky3ste92">SQ D8</cards>
<cards type="Pocket" player="raffaellogennari">X X</cards>
<cards type="Pocket" player="OFiorbe">X X</cards>
<action no="6" player="M1ky3ste92" type="0" sum="0"/>
<action no="7" player="raffaellogennari" type="23" discard="1" dealt="1" sum="262"/>
<action no="8" player="OFiorbe" type="0" discard="1" dealt="1" sum="0"/>
</round>
</game>
<game gamecode="6575687869"><general>
<startdate>2025-12-29 20:14:01</startdate>
<round>1</round>
<failsafecounter/>
<players><player seat="10" name="M1ky3ste92" chips="694" dealer="0" win="0" bet="45" muck="1" rebuy="0" addon="0" merge="0" rebuychips="0" reg_code="5084663611"/>
<player seat="3" name="raffaellogennari" chips="317" dealer="1" win="115" bet="317" muck="1" rebuy="0" addon="0" merge="0" rebuychips="0" reg_code="5084660480"/>
<player seat="6" name="OFiorbe" chips="489" dealer="0" win="0" bet="25" muck="1" rebuy="0" addon="0" merge="0" rebuychips="0" reg_code="5084661992"/>
</players>
</general>
<round no="0"><action no="1" player="OFiorbe" type="15" discard="1" dealt="1" sum="5"/>
<action no="2" player="M1ky3ste92" type="15" sum="5"/>
<action no="3" player="raffaellogennari" type="15" discard="1" dealt="1" sum="5"/>
<action no="4" player="OFiorbe" type="1" discard="1" dealt="1" sum="20"/>
<action no="5" player="M1ky3ste92" type="2" sum="40"/>
</round>
<round no="1"><cards type="Pocket" player="M1ky3ste92">H4 S5</cards>
<cards type="Pocket" player="OFiorbe">X X</cards>
<cards type="Pocket" player="raffaellogennari">X X</cards>
<action no="6" player="raffaellogennari" type="23" discard="1" dealt="1" sum="312"/>
<action no="7" player="OFiorbe" type="0" discard="1" dealt="1" sum="0"/>
<action no="8" player="M1ky3ste92" type="0" sum="0"/>
</round>
</game>
<game gamecode="6575687894"><general>
<startdate>2025-12-29 20:14:09</startdate>
<round>1</round>
<failsafecounter/>
<players><player seat="3" name="raffaellogennari" chips="387" dealer="0" win="0" bet="387" muck="0" rebuy="0" addon="0" merge="0" rebuychips="0" reg_code="5084660480"/>
<player seat="6" name="OFiorbe" chips="464" dealer="1" win="0" bet="5" muck="1" rebuy="0" addon="0" merge="0" rebuychips="0" reg_code="5084661992"/>
<player seat="10" name="M1ky3ste92" chips="649" dealer="0" win="779" bet="387" muck="0" rebuy="0" addon="0" merge="0" rebuychips="0" reg_code="5084663611"/>
</players>
</general>
<round no="0"><action no="1" player="M1ky3ste92" type="15" sum="5"/>
<action no="2" player="raffaellogennari" type="15" discard="1" dealt="1" sum="5"/>
<action no="3" player="OFiorbe" type="15" discard="1" dealt="1" sum="5"/>
<action no="4" player="M1ky3ste92" type="1" sum="20"/>
<action no="5" player="raffaellogennari" type="2" discard="1" dealt="1" sum="40"/>
</round>
<round no="1"><cards type="Pocket" player="OFiorbe">X X</cards>
<cards type="Pocket" player="M1ky3ste92">DA CQ</cards>
<cards type="Pocket" player="raffaellogennari">SJ S10</cards>
<action no="6" player="OFiorbe" type="0" discard="1" dealt="1" sum="0"/>
<action no="7" player="M1ky3ste92" type="3" sum="20"/>
<action no="8" player="raffaellogennari" type="23" discard="1" dealt="1" sum="382"/>
<action no="9" player="M1ky3ste92" type="3" sum="342"/>
</round>
<round no="2"><cards type="Flop">S9 CJ C5</cards>
</round>
<round no="3"><cards type="Turn">H6</cards>
</round>
<round no="4"><cards type="River">DQ</cards>
</round>
</game>
<game gamecode="6575692979"><general>
<startdate>2025-12-29 20:14:33</startdate>
<round>1</round>
<failsafecounter/>
<players><player seat="6" name="OFiorbe" chips="459" dealer="0" win="510" bet="255" muck="0" rebuy="0" addon="0" merge="0" rebuychips="0" reg_code="5084661992"/>
<player seat="10" name="M1ky3ste92" chips="1,041" dealer="1" win="0" bet="255" muck="1" rebuy="0" addon="0" merge="0" rebuychips="0" reg_code="5084663611"/>
</players>
</general>
<round no="0"><action no="1" player="M1ky3ste92" type="15" sum="5"/>
<action no="2" player="OFiorbe" type="15" discard="1" dealt="1" sum="5"/>
<action no="3" player="M1ky3ste92" type="1" sum="20"/>
<action no="4" player="OFiorbe" type="2" discard="1" dealt="1" sum="40"/>
</round>
<round no="1"><cards type="Pocket" player="M1ky3ste92">SK HA</cards>
<cards type="Pocket" player="OFiorbe">D9 S2</cards>
<action no="5" player="M1ky3ste92" type="3" sum="20"/>
<action no="6" player="OFiorbe" type="4" discard="1" dealt="1" sum="0"/>
</round>
<round no="2"><cards type="Flop">S5 C9 SJ</cards>
<action no="7" player="OFiorbe" type="4" discard="1" dealt="1" sum="0"/>
<action no="8" player="M1ky3ste92" type="4" sum="0"/>
</round>
<round no="3"><cards type="Turn">C5</cards>
<action no="9" player="OFiorbe" type="4" discard="1" dealt="1" sum="0"/>
<action no="10" player="M1ky3ste92" type="5" sum="40"/>
<action no="11" player="OFiorbe" type="3" discard="1" dealt="1" sum="40"/>
</round>
<round no="4"><cards type="River">H9</cards>
<action no="12" player="OFiorbe" type="5" discard="1" dealt="1" sum="170"/>
<action no="13" player="M1ky3ste92" type="3" sum="170"/>
</round>
</game>
<game gamecode="6575693140"><general>
<startdate>2025-12-29 20:15:23</startdate>
<round>1</round>
<failsafecounter/>
<players><player seat="10" name="M1ky3ste92" chips="786" dealer="0" win="0" bet="65" muck="1" rebuy="0" addon="0" merge="0" rebuychips="0" reg_code="5084663611"/>
<player seat="6" name="OFiorbe" chips="714" dealer="1" win="130" bet="125" muck="1" rebuy="0" addon="0" merge="0" rebuychips="0" reg_code="5084661992"/>
</players>
</general>
<round no="0"><action no="1" player="OFiorbe" type="15" discard="1" dealt="1" sum="5"/>
<action no="2" player="M1ky3ste92" type="15" sum="5"/>
<action no="3" player="OFiorbe" type="1" discard="1" dealt="1" sum="30"/>
<action no="4" player="M1ky3ste92" type="2" sum="60"/>
</round>
<round no="1"><cards type="Pocket" player="M1ky3ste92">D4 S3</cards>
<cards type="Pocket" player="OFiorbe">X X</cards>
<action no="5" player="OFiorbe" type="3" discard="1" dealt="1" sum="30"/>
<action no="6" player="M1ky3ste92" type="4" sum="0"/>
</round>
<round no="2"><cards type="Flop">C5 CJ HJ</cards>
<action no="7" player="M1ky3ste92" type="4" sum="0"/>
<action no="8" player="OFiorbe" type="5" discard="1" dealt="1" sum="60"/>
<action no="9" player="M1ky3ste92" type="0" sum="0"/>
</round>
</game>
<game gamecode="6575693244"><general>
<startdate>2025-12-29 20:15:53</startdate>
<round>1</round>
<failsafecounter/>
<players><player seat="6" name="OFiorbe" chips="779" dealer="0" win="0" bet="65" muck="1" rebuy="0" addon="0" merge="0" rebuychips="0" reg_code="5084661992"/>
<player seat="10" name="M1ky3ste92" chips="721" dealer="1" win="130" bet="721" muck="1" rebuy="0" addon="0" merge="0" rebuychips="0" reg_code="5084663611"/>
</players>
</general>
<round no="0"><action no="1" player="M1ky3ste92" type="15" sum="5"/>
<action no="2" player="OFiorbe" type="15" discard="1" dealt="1" sum="5"/>
<action no="3" player="M1ky3ste92" type="1" sum="30"/>
<action no="4" player="OFiorbe" type="2" discard="1" dealt="1" sum="60"/>
</round>
<round no="1"><cards type="Pocket" player="OFiorbe">X X</cards>
<cards type="Pocket" player="M1ky3ste92">D2 CK</cards>
<action no="5" player="M1ky3ste92" type="23" sum="716"/>
<action no="6" player="OFiorbe" type="0" discard="1" dealt="1" sum="0"/>
</round>
</game>
<game gamecode="6575693275"><general>
<startdate>2025-12-29 20:16:02</startdate>
<round>1</round>
<failsafecounter/>
<players><player seat="10" name="M1ky3ste92" chips="786" dealer="0" win="0" bet="65" muck="1" rebuy="0" addon="0" merge="0" rebuychips="0" reg_code="5084663611"/>
<player seat="6" name="OFiorbe" chips="714" dealer="1" win="130" bet="125" muck="1" rebuy="0" addon="0" merge="0" rebuychips="0" reg_code="5084661992"/>
</players>
</general>
<round no="0"><action no="1" player="OFiorbe" type="15" discard="1" dealt="1" sum="5"/>
<action no="2" player="M1ky3ste92" type="15" sum="5"/>
<action no="3" player="OFiorbe" type="1" discard="1" dealt="1" sum="30"/>
<action no="4" player="M1ky3ste92" type="2" sum="60"/>
</round>
<round no="1"><cards type="Pocket" player="M1ky3ste92">H5 CQ</cards>
<cards type="Pocket" player="OFiorbe">X X</cards>
<action no="5" player="OFiorbe" type="23" discard="1" dealt="1" sum="120"/>
<action no="6" player="M1ky3ste92" type="0" sum="0"/>
</round>
</game>
<game gamecode="6575693323"><general>
<startdate>2025-12-29 20:16:16</startdate>
<round>1</round>
<failsafecounter/>
<players><player seat="6" name="OFiorbe" chips="779" dealer="0" win="0" bet="65" muck="1" rebuy="0" addon="0" merge="0" rebuychips="0" reg_code="5084661992"/>
<player seat="10" name="M1ky3ste92" chips="721" dealer="1" win="130" bet="721" muck="1" rebuy="0" addon="0" merge="0" rebuychips="0" reg_code="5084663611"/>
</players>
</general>
<round no="0"><action no="1" player="M1ky3ste92" type="15" sum="5"/>
<action no="2" player="OFiorbe" type="15" discard="1" dealt="1" sum="5"/>
<action no="3" player="M1ky3ste92" type="1" sum="30"/>
<action no="4" player="OFiorbe" type="2" discard="1" dealt="1" sum="60"/>
</round>
<round no="1"><cards type="Pocket" player="OFiorbe">X X</cards>
<cards type="Pocket" player="M1ky3ste92">D3 H3</cards>
<action no="5" player="M1ky3ste92" type="23" sum="716"/>
<action no="6" player="OFiorbe" type="0" discard="1" dealt="1" sum="0"/>
</round>
</game>
<game gamecode="6575693360"><general>
<startdate>2025-12-29 20:16:24</startdate>
<round>1</round>
<failsafecounter/>
<players><player seat="10" name="M1ky3ste92" chips="786" dealer="0" win="250" bet="786" muck="1" rebuy="0" addon="0" merge="0" rebuychips="0" reg_code="5084663611"/>
<player seat="6" name="OFiorbe" chips="714" dealer="1" win="0" bet="125" muck="1" rebuy="0" addon="0" merge="0" rebuychips="0" reg_code="5084661992"/>
</players>
</general>
<round no="0"><action no="1" player="OFiorbe" type="15" discard="1" dealt="1" sum="5"/>
<action no="2" player="M1ky3ste92" type="15" sum="5"/>
<action no="3" player="OFiorbe" type="1" discard="1" dealt="1" sum="30"/>
<action no="4" player="M1ky3ste92" type="2" sum="60"/>
</round>
<round no="1"><cards type="Pocket" player="M1ky3ste92">H9 D5</cards>
<cards type="Pocket" player="OFiorbe">X X</cards>
<action no="5" player="OFiorbe" type="3" discard="1" dealt="1" sum="30"/>
<action no="6" player="M1ky3ste92" type="4" sum="0"/>
</round>
<round no="2"><cards type="Flop">D6 D3 D9</cards>
<action no="7" player="M1ky3ste92" type="4" sum="0"/>
<action no="8" player="OFiorbe" type="5" discard="1" dealt="1" sum="60"/>
<action no="9" player="M1ky3ste92" type="23" sum="721"/>
<action no="10" player="OFiorbe" type="0" discard="1" dealt="1" sum="0"/>
</round>
</game>
<game gamecode="6575693426"><general>
<startdate>2025-12-29 20:16:45</startdate>
<round>1</round>
<failsafecounter/>
<players><player seat="6" name="OFiorbe" chips="589" dealer="0" win="96" bet="88" muck="1" rebuy="0" addon="0" merge="0" rebuychips="0" reg_code="5084661992"/>
<player seat="10" name="M1ky3ste92" chips="911" dealer="1" win="0" bet="48" muck="1" rebuy="0" addon="0" merge="0" rebuychips="0" reg_code="5084663611"/>
</players>
</general>
<round no="0"><action no="1" player="M1ky3ste92" type="15" sum="8"/>
<action no="2" player="OFiorbe" type="15" discard="1" dealt="1" sum="8"/>
<action no="3" player="M1ky3ste92" type="1" sum="40"/>
<action no="4" player="OFiorbe" type="2" discard="1" dealt="1" sum="80"/>
</round>
<round no="1"><cards type="Pocket" player="M1ky3ste92">D2 C10</cards>
<cards type="Pocket" player="OFiorbe">X X</cards>
<action no="5" player="M1ky3ste92" type="0" sum="0"/>
</round>
</game>
<game gamecode="6575693441"><general>
<startdate>2025-12-29 20:16:50</startdate>
<round>1</round>
<failsafecounter/>
<players><player seat="10" name="M1ky3ste92" chips="863" dealer="0" win="0" bet="88" muck="1" rebuy="0" addon="0" merge="0" rebuychips="0" reg_code="5084663611"/>
<player seat="6" name="OFiorbe" chips="637" dealer="1" win="176" bet="637" muck="1" rebuy="0" addon="0" merge="0" rebuychips="0" reg_code="5084661992"/>
</players>
</general>
<round no="0"><action no="1" player="OFiorbe" type="15" discard="1" dealt="1" sum="8"/>
<action no="2" player="M1ky3ste92" type="15" sum="8"/>
<action no="3" player="OFiorbe" type="1" discard="1" dealt="1" sum="40"/>
<action no="4" player="M1ky3ste92" type="2" sum="80"/>
</round>
<round no="1"><cards type="Pocket" player="OFiorbe">X X</cards>
<cards type="Pocket" player="M1ky3ste92">H6 D2</cards>
<action no="5" player="OFiorbe" type="23" discard="1" dealt="1" sum="629"/>
<action no="6" player="M1ky3ste92" type="0" sum="0"/>
</round>
</game>
<game gamecode="6575693469"><general>
<startdate>2025-12-29 20:16:57</startdate>
<round>1</round>
<failsafecounter/>
<players><player seat="6" name="OFiorbe" chips="725" dealer="0" win="0" bet="88" muck="1" rebuy="0" addon="0" merge="0" rebuychips="0" reg_code="5084661992"/>
<player seat="10" name="M1ky3ste92" chips="775" dealer="1" win="176" bet="775" muck="1" rebuy="0" addon="0" merge="0" rebuychips="0" reg_code="5084663611"/>
</players>
</general>
<round no="0"><action no="1" player="M1ky3ste92" type="15" sum="8"/>
<action no="2" player="OFiorbe" type="15" discard="1" dealt="1" sum="8"/>
<action no="3" player="M1ky3ste92" type="1" sum="40"/>
<action no="4" player="OFiorbe" type="2" discard="1" dealt="1" sum="80"/>
</round>
<round no="1"><cards type="Pocket" player="M1ky3ste92">D10 HJ</cards>
<cards type="Pocket" player="OFiorbe">X X</cards>
<action no="5" player="M1ky3ste92" type="23" sum="767"/>
<action no="6" player="OFiorbe" type="0" discard="1" dealt="1" sum="0"/>
</round>
</game>
<game gamecode="6575693500"><general>
<startdate>2025-12-29 20:17:09</startdate>
<round>1</round>
<failsafecounter/>
<players><player seat="10" name="M1ky3ste92" chips="863" dealer="0" win="1,274" bet="637" muck="0" rebuy="0" addon="0" merge="0" rebuychips="0" reg_code="5084663611"/>
<player seat="6" name="OFiorbe" chips="637" dealer="1" win="0" bet="637" muck="0" rebuy="0" addon="0" merge="0" rebuychips="0" reg_code="5084661992"/>
</players>
</general>
<round no="0"><action no="1" player="OFiorbe" type="15" discard="1" dealt="1" sum="8"/>
<action no="2" player="M1ky3ste92" type="15" sum="8"/>
<action no="3" player="OFiorbe" type="1" discard="1" dealt="1" sum="40"/>
<action no="4" player="M1ky3ste92" type="2" sum="80"/>
</round>
<round no="1"><cards type="Pocket" player="OFiorbe">D8 H6</cards>
<cards type="Pocket" player="M1ky3ste92">C8 D9</cards>
<action no="5" player="OFiorbe" type="3" discard="1" dealt="1" sum="40"/>
<action no="6" player="M1ky3ste92" type="4" sum="0"/>
</round>
<round no="2"><cards type="Flop">S8 H8 S3</cards>
<action no="7" player="M1ky3ste92" type="4" sum="0"/>
<action no="8" player="OFiorbe" type="5" discard="1" dealt="1" sum="80"/>
<action no="9" player="M1ky3ste92" type="3" sum="80"/>
</round>
<round no="3"><cards type="Turn">C2</cards>
<action no="10" player="M1ky3ste92" type="4" sum="0"/>
<action no="11" player="OFiorbe" type="5" discard="1" dealt="1" sum="168"/>
<action no="12" player="M1ky3ste92" type="3" sum="168"/>
</round>
<round no="4"><cards type="River">S10</cards>
<action no="13" player="M1ky3ste92" type="4" sum="0"/>
<action no="14" player="OFiorbe" type="5" discard="1" dealt="1" sum="301"/>
<action no="15" player="M1ky3ste92" type="3" sum="301"/>
</round>
</game>
</session>
