<?xml version="1.0" encoding="UTF-8"?>
<session sessioncode="5084802290">
<general>
<client_version>25.7.1.50</client_version>
<mode>real</mode>
<gametype>Holdem NL</gametype>
<tablename>Twister €100 SNG, 825131776</tablename>
<tournamentcode>825131775</tournamentcode>
<tournamentname>Twister €100 SNG</tournamentname>
<buyin>€0 + €7 + €93</buyin>
<totalbuyin>€100</totalbuyin>
<rewarddrawn>€400</rewarddrawn>
<tournamentcurrency>EUR</tournamentcurrency>
<currency>EUR</currency>
<nickname>M1ky3ste92</nickname>
<gamecount>22</gamecount>
<startdate>2025-12-30 05:52:18</startdate>
<place>2</place>
<win>€0</win>
<tablesize>3</tablesize>
</general>
<game gamecode="6576275034"><general>
<startdate>2025-12-30 05:52:34</startdate>
<round>1</round>
<failsafecounter/>
<players><player seat="10" name="M1ky3ste92" chips="500" dealer="0" win="100" bet="500" muck="1" rebuy="0" addon="0" merge="0" rebuychips="0" reg_code="5084802290"/>
<player seat="3" name="Focomelico52" chips="500" dealer="1" win="0" bet="0" muck="1" rebuy="0" addon="0" merge="0" rebuychips="0" reg_code="5084802119"/>
<player seat="6" name="Zeeria" chips="500" dealer="0" win="0" bet="50" muck="1" rebuy="0" addon="0" merge="0" rebuychips="0" reg_code="5084802169"/>
</players>
</general>
<round no="0"><action no="1" player="Zeeria" type="1" discard="1" dealt="1" sum="10"/>
<action no="2" player="M1ky3ste92" type="2" sum="20"/>
</round>
<round no="1"><cards type="Pocket" player="Focomelico52">X X</cards>
<cards type="Pocket" player="M1ky3ste92">C5 H5</cards>
<cards type="Pocket" player="Zeeria">X X</cards>
<action no="3" player="Focomelico52" type="0" discard="1" dealt="1" sum="0"/>
<action no="4" player="Zeeria" type="23" discard="1" dealt="1" sum="50"/>
<action no="5" player="M1ky3ste92" type="23" sum="500"/>
<action no="6" player="Zeeria" type="0" discard="1" dealt="1" sum="0"/>
</round>
</game>
<game gamecode="6576275057"><general>
<startdate>2025-12-30 05:52:50</startdate>
<round>1</round>
<failsafecounter/>
<players><player seat="3" name="Focomelico52" chips="500" dealer="0" win="90" bet="500" muck="1" rebuy="0" addon="0" merge="0" rebuychips="0" reg_code="5084802119"/>
<player seat="6" name="Zeeria" chips="450" dealer="1" win="0" bet="40" muck="1" rebuy="0" addon="0" merge="0" rebuychips="0" reg_code="5084802169"/>
<player seat="10" name="M1ky3ste92" chips="550" dealer="0" win="0" bet="10" muck="1" rebuy="0" addon="0" merge="0" rebuychips="0" reg_code="5084802290"/>
</players>
</general>
<round no="0"><action no="1" player="M1ky3ste92" type="1" sum="10"/>
<action no="2" player="Focomelico52" type="2" discard="1" dealt="1" sum="20"/>
</round>
<round no="1"><cards type="Pocket" player="M1ky3ste92">S10 H3</cards>
<cards type="Pocket" player="Focomelico52">X X</cards>
<cards type="Pocket" player="Zeeria">X X</cards>
<action no="3" player="Zeeria" type="23" discard="1" dealt="1" sum="40"/>
<action no="4" player="M1ky3ste92" type="0" sum="0"/>
<action no="5" player="Focomelico52" type="23" discard="1" dealt="1" sum="500"/>
<action no="6" player="Zeeria" type="0" discard="1" dealt="1" sum="0"/>
</round>
</game>
<game gamecode="6576275078"><general>
<startdate>2025-12-30 05:53:06</startdate>
<round>1</round>
<failsafecounter/>
<players><player seat="6" name="Zeeria" chips="410" dealer="0" win="0" bet="20" muck="1" rebuy="0" addon="0" merge="0" rebuychips="0" reg_code="5084802169"/>
<player seat="10" name="M1ky3ste92" chips="540" dealer="1" win="0" bet="80" muck="1" rebuy="0" addon="0" merge="0" rebuychips="0" reg_code="5084802290"/>
<player seat="3" name="Focomelico52" chips="550" dealer="0" win="180" bet="80" muck="0" rebuy="0" addon="0" merge="0" rebuychips="0" reg_code="5084802119"/>
</players>
</general>
<round no="0"><action no="1" player="Focomelico52" type="1" discard="1" dealt="1" sum="10"/>
<action no="2" player="Zeeria" type="2" discard="1" dealt="1" sum="20"/>
</round>
<round no="1"><cards type="Pocket" player="Zeeria">X X</cards>
<cards type="Pocket" player="M1ky3ste92">C5 HA</cards>
<cards type="Pocket" player="Focomelico52">HJ SQ</cards>
<action no="3" player="M1ky3ste92" type="23" sum="40"/>
<action no="4" player="Focomelico52" type="3" discard="1" dealt="1" sum="30"/>
<action no="5" player="Zeeria" type="0" discard="1" dealt="1" sum="0"/>
</round>
<round no="2"><cards type="Flop">D3 HQ D2</cards>
<action no="6" player="Focomelico52" type="4" discard="1" dealt="1" sum="0"/>
<action no="7" player="M1ky3ste92" type="5" sum="40"/>
<action no="8" player="Focomelico52" type="3" discard="1" dealt="1" sum="40"/>
</round>
<round no="3"><cards type="Turn">C7</cards>
<action no="9" player="Focomelico52" type="4" discard="1" dealt="1" sum="0"/>
<action no="10" player="M1ky3ste92" type="4" sum="0"/>
</round>
<round no="4"><cards type="River">H8</cards>
<action no="11" player="Focomelico52" type="4" discard="1" dealt="1" sum="0"/>
<action no="12" player="M1ky3ste92" type="4" sum="0"/>
</round>
</game>
<game gamecode="6576275134"><general>
<startdate>2025-12-30 05:53:42</startdate>
<round>1</round>
<failsafecounter/>
<players><player seat="10" name="M1ky3ste92" chips="460" dealer="0" win="0" bet="20" muck="1" rebuy="0" addon="0" merge="0" rebuychips="0" reg_code="5084802290"/>
<player seat="3" name="Focomelico52" chips="650" dealer="1" win="0" bet="0" muck="1" rebuy="0" addon="0" merge="0" rebuychips="0" reg_code="5084802119"/>
<player seat="6" name="Zeeria" chips="390" dealer="0" win="40" bet="50" muck="1" rebuy="0" addon="0" merge="0" rebuychips="0" reg_code="5084802169"/>
</players>
</general>
<round no="0"><action no="1" player="Zeeria" type="1" discard="1" dealt="1" sum="10"/>
<action no="2" player="M1ky3ste92" type="2" sum="20"/>
</round>
<round no="1"><cards type="Pocket" player="M1ky3ste92">H8 S3</cards>
<cards type="Pocket" player="Focomelico52">X X</cards>
<cards type="Pocket" player="Zeeria">X X</cards>
<action no="3" player="Focomelico52" type="0" discard="1" dealt="1" sum="0"/>
<action no="4" player="Zeeria" type="23" discard="1" dealt="1" sum="50"/>
<action no="5" player="M1ky3ste92" type="0" sum="0"/>
</round>
</game>
<game gamecode="6576275151"><general>
<startdate>2025-12-30 05:53:52</startdate>
<round>1</round>
<failsafecounter/>
<players><player seat="3" name="Focomelico52" chips="650" dealer="0" win="20" bet="20" muck="1" rebuy="0" addon="0" merge="0" rebuychips="0" reg_code="5084802119"/>
<player seat="6" name="Zeeria" chips="410" dealer="1" win="0" bet="0" muck="1" rebuy="0" addon="0" merge="0" rebuychips="0" reg_code="5084802169"/>
<player seat="10" name="M1ky3ste92" chips="440" dealer="0" win="0" bet="10" muck="1" rebuy="0" addon="0" merge="0" rebuychips="0" reg_code="5084802290"/>
</players>
</general>
<round no="0"><action no="1" player="M1ky3ste92" type="1" sum="10"/>
<action no="2" player="Focomelico52" type="2" discard="1" dealt="1" sum="20"/>
</round>
<round no="1"><cards type="Pocket" player="Zeeria">X X</cards>
<cards type="Pocket" player="Focomelico52">X X</cards>
<cards type="Pocket" player="M1ky3ste92">S7 C5</cards>
<action no="3" player="Zeeria" type="0" discard="1" dealt="1" sum="0"/>
<action no="4" player="M1ky3ste92" type="0" sum="0"/>
</round>
</game>
<game gamecode="6576275159"><general>
<startdate>2025-12-30 05:53:59</startdate>
<round>1</round>
<failsafecounter/>
<players><player seat="6" name="Zeeria" chips="410" dealer="0" win="360" bet="410" muck="1" rebuy="0" addon="0" merge="0" rebuychips="0" reg_code="5084802169"/>
<player seat="10" name="M1ky3ste92" chips="430" dealer="1" win="0" bet="0" muck="1" rebuy="0" addon="0" merge="0" rebuychips="0" reg_code="5084802290"/>
<player seat="3" name="Focomelico52" chips="660" dealer="0" win="0" bet="180" muck="1" rebuy="0" addon="0" merge="0" rebuychips="0" reg_code="5084802119"/>
</players>
</general>
<round no="0"><action no="1" player="Focomelico52" type="1" discard="1" dealt="1" sum="10"/>
<action no="2" player="Zeeria" type="2" discard="1" dealt="1" sum="20"/>
</round>
<round no="1"><cards type="Pocket" player="M1ky3ste92">S4 HQ</cards>
<cards type="Pocket" player="Focomelico52">X X</cards>
<cards type="Pocket" player="Zeeria">X X</cards>
<action no="3" player="M1ky3ste92" type="0" sum="0"/>
<action no="4" player="Focomelico52" type="23" discard="1" dealt="1" sum="40"/>
<action no="5" player="Zeeria" type="3" discard="1" dealt="1" sum="20"/>
</round>
<round no="2"><cards type="Flop">CA D9 C2</cards>
<action no="6" player="Focomelico52" type="5" discard="1" dealt="1" sum="20"/>
<action no="7" player="Zeeria" type="3" discard="1" dealt="1" sum="20"/>
</round>
<round no="3"><cards type="Turn">S6</cards>
<action no="8" player="Focomelico52" type="5" discard="1" dealt="1" sum="60"/>
<action no="9" player="Zeeria" type="3" discard="1" dealt="1" sum="60"/>
</round>
<round no="4"><cards type="River">C10</cards>
<action no="10" player="Focomelico52" type="5" discard="1" dealt="1" sum="60"/>
<action no="11" player="Zeeria" type="23" discard="1" dealt="1" sum="290"/>
<action no="12" player="Focomelico52" type="0" discard="1" dealt="1" sum="0"/>
</round>
</game>
<game gamecode="6576275235"><general>
<startdate>2025-12-30 05:54:55</startdate>
<round>1</round>
<failsafecounter/>
<players><player seat="10" name="M1ky3ste92" chips="430" dealer="0" win="0" bet="35" muck="1" rebuy="0" addon="0" merge="0" rebuychips="0" reg_code="5084802290"/>
<player seat="3" name="Focomelico52" chips="480" dealer="1" win="0" bet="5" muck="1" rebuy="0" addon="0" merge="0" rebuychips="0" reg_code="5084802119"/>
<player seat="6" name="Zeeria" chips="590" dealer="0" win="75" bet="80" muck="1" rebuy="0" addon="0" merge="0" rebuychips="0" reg_code="5084802169"/>
</players>
</general>
<round no="0"><action no="1" player="Zeeria" type="15" discard="1" dealt="1" sum="5"/>
<action no="2" player="M1ky3ste92" type="15" sum="5"/>
<action no="3" player="Focomelico52" type="15" discard="1" dealt="1" sum="5"/>
<action no="4" player="Zeeria" type="1" discard="1" dealt="1" sum="15"/>
<action no="5" player="M1ky3ste92" type="2" sum="30"/>
</round>
<round no="1"><cards type="Pocket" player="Zeeria">X X</cards>
<cards type="Pocket" player="Focomelico52">X X</cards>
<cards type="Pocket" player="M1ky3ste92">H2 D5</cards>
<action no="6" player="Focomelico52" type="0" discard="1" dealt="1" sum="0"/>
<action no="7" player="Zeeria" type="23" discard="1" dealt="1" sum="75"/>
<action no="8" player="M1ky3ste92" type="0" sum="0"/>
</round>
</game>
<game gamecode="6576275254"><general>
<startdate>2025-12-30 05:55:12</startdate>
<round>1</round>
<failsafecounter/>
<players><player seat="3" name="Focomelico52" chips="475" dealer="0" win="0" bet="35" muck="1" rebuy="0" addon="0" merge="0" rebuychips="0" reg_code="5084802119"/>
<player seat="6" name="Zeeria" chips="630" dealer="1" win="90" bet="65" muck="1" rebuy="0" addon="0" merge="0" rebuychips="0" reg_code="5084802169"/>
<player seat="10" name="M1ky3ste92" chips="395" dealer="0" win="0" bet="20" muck="1" rebuy="0" addon="0" merge="0" rebuychips="0" reg_code="5084802290"/>
</players>
</general>
<round no="0"><action no="1" player="M1ky3ste92" type="15" sum="5"/>
<action no="2" player="Focomelico52" type="15" discard="1" dealt="1" sum="5"/>
<action no="3" player="Zeeria" type="15" discard="1" dealt="1" sum="5"/>
<action no="4" player="M1ky3ste92" type="1" sum="15"/>
<action no="5" player="Focomelico52" type="2" discard="1" dealt="1" sum="30"/>
</round>
<round no="1"><cards type="Pocket" player="Zeeria">X X</cards>
<cards type="Pocket" player="M1ky3ste92">HJ C9</cards>
<cards type="Pocket" player="Focomelico52">X X</cards>
<action no="6" player="Zeeria" type="23" discard="1" dealt="1" sum="60"/>
<action no="7" player="M1ky3ste92" type="0" sum="0"/>
<action no="8" player="Focomelico52" type="0" discard="1" dealt="1" sum="0"/>
</round>
</game>
<game gamecode="6576275273"><general>
<startdate>2025-12-30 05:55:23</startdate>
<round>1</round>
<failsafecounter/>
<players><player seat="6" name="Zeeria" chips="685" dealer="0" win="0" bet="35" muck="1" rebuy="0" addon="0" merge="0" rebuychips="0" reg_code="5084802169"/>
<player seat="10" name="M1ky3ste92" chips="375" dealer="1" win="0" bet="5" muck="1" rebuy="0" addon="0" merge="0" rebuychips="0" reg_code="5084802290"/>
<player seat="3" name="Focomelico52" chips="440" dealer="0" win="75" bet="440" muck="1" rebuy="0" addon="0" merge="0" rebuychips="0" reg_code="5084802119"/>
</players>
</general>
<round no="0"><action no="1" player="Focomelico52" type="15" discard="1" dealt="1" sum="5"/>
<action no="2" player="Zeeria" type="15" discard="1" dealt="1" sum="5"/>
<action no="3" player="M1ky3ste92" type="15" sum="5"/>
<action no="4" player="Focomelico52" type="1" discard="1" dealt="1" sum="15"/>
<action no="5" player="Zeeria" type="2" discard="1" dealt="1" sum="30"/>
</round>
<round no="1"><cards type="Pocket" player="Focomelico52">X X</cards>
<cards type="Pocket" player="M1ky3ste92">CK H2</cards>
<cards type="Pocket" player="Zeeria">X X</cards>
<action no="6" player="M1ky3ste92" type="0" sum="0"/>
<action no="7" player="Focomelico52" type="23" discard="1" dealt="1" sum="435"/>
<action no="8" player="Zeeria" type="0" discard="1" dealt="1" sum="0"/>
</round>
</game>
<game gamecode="6576275287"><general>
<startdate>2025-12-30 05:55:35</startdate>
<round>1</round>
<failsafecounter/>
<players><player seat="10" name="M1ky3ste92" chips="370" dealer="0" win="150" bet="215" muck="1" rebuy="0" addon="0" merge="0" rebuychips="0" reg_code="5084802290"/>
<player seat="3" name="Focomelico52" chips="480" dealer="1" win="0" bet="65" muck="1" rebuy="0" addon="0" merge="0" rebuychips="0" reg_code="5084802119"/>
<player seat="6" name="Zeeria" chips="650" dealer="0" win="0" bet="20" muck="1" rebuy="0" addon="0" merge="0" rebuychips="0" reg_code="5084802169"/>
</players>
</general>
<round no="0"><action no="1" player="Zeeria" type="15" discard="1" dealt="1" sum="5"/>
<action no="2" player="M1ky3ste92" type="15" sum="5"/>
<action no="3" player="Focomelico52" type="15" discard="1" dealt="1" sum="5"/>
<action no="4" player="Zeeria" type="1" discard="1" dealt="1" sum="15"/>
<action no="5" player="M1ky3ste92" type="2" sum="30"/>
</round>
<round no="1"><cards type="Pocket" player="M1ky3ste92">S8 S9</cards>
<cards type="Pocket" player="Focomelico52">X X</cards>
<cards type="Pocket" player="Zeeria">X X</cards>
<action no="6" player="Focomelico52" type="23" discard="1" dealt="1" sum="60"/>
<action no="7" player="Zeeria" type="0" discard="1" dealt="1" sum="0"/>
<action no="8" player="M1ky3ste92" type="3" sum="30"/>
</round>
<round no="2"><cards type="Flop">CJ H8 C4</cards>
<action no="9" player="M1ky3ste92" type="4" sum="0"/>
<action no="10" player="Focomelico52" type="4" discard="1" dealt="1" sum="0"/>
</round>
<round no="3"><cards type="Turn">C8</cards>
<action no="11" player="M1ky3ste92" type="5" sum="150"/>
<action no="12" player="Focomelico52" type="0" discard="1" dealt="1" sum="0"/>
</round>
</game>
<game gamecode="6576275318"><general>
<startdate>2025-12-30 05:56:03</startdate>
<round>1</round>
<failsafecounter/>
<players><player seat="3" name="Focomelico52" chips="415" dealer="0" win="0" bet="65" muck="1" rebuy="0" addon="0" merge="0" rebuychips="0" reg_code="5084802119"/>
<player seat="6" name="Zeeria" chips="630" dealer="1" win="0" bet="5" muck="1" rebuy="0" addon="0" merge="0" rebuychips="0" reg_code="5084802169"/>
<player seat="10" name="M1ky3ste92" chips="455" dealer="0" win="135" bet="155" muck="1" rebuy="0" addon="0" merge="0" rebuychips="0" reg_code="5084802290"/>
</players>
</general>
<round no="0"><action no="1" player="M1ky3ste92" type="15" sum="5"/>
<action no="2" player="Focomelico52" type="15" discard="1" dealt="1" sum="5"/>
<action no="3" player="Zeeria" type="15" discard="1" dealt="1" sum="5"/>
<action no="4" player="M1ky3ste92" type="1" sum="15"/>
<action no="5" player="Focomelico52" type="2" discard="1" dealt="1" sum="30"/>
</round>
<round no="1"><cards type="Pocket" player="Zeeria">X X</cards>
<cards type="Pocket" player="M1ky3ste92">S8 H8</cards>
<cards type="Pocket" player="Focomelico52">X X</cards>
<action no="6" player="Zeeria" type="0" discard="1" dealt="1" sum="0"/>
<action no="7" player="M1ky3ste92" type="3" sum="15"/>
<action no="8" player="Focomelico52" type="4" discard="1" dealt="1" sum="0"/>
</round>
<round no="2"><cards type="Flop">CK C8 H4</cards>
<action no="9" player="M1ky3ste92" type="5" sum="30"/>
<action no="10" player="Focomelico52" type="3" discard="1" dealt="1" sum="30"/>
</round>
<round no="3"><cards type="Turn">S6</cards>
<action no="11" player="M1ky3ste92" type="5" sum="90"/>
<action no="12" player="Focomelico52" type="0" discard="1" dealt="1" sum="0"/>
</round>
</game>
<game gamecode="6576275355"><general>
<startdate>2025-12-30 05:56:44</startdate>
<round>1</round>
<failsafecounter/>
<players><player seat="6" name="Zeeria" chips="625" dealer="0" win="55" bet="45" muck="1" rebuy="0" addon="0" merge="0" rebuychips="0" reg_code="5084802169"/>
<player seat="10" name="M1ky3ste92" chips="525" dealer="1" win="0" bet="5" muck="1" rebuy="0" addon="0" merge="0" rebuychips="0" reg_code="5084802290"/>
<player seat="3" name="Focomelico52" chips="350" dealer="0" win="0" bet="25" muck="1" rebuy="0" addon="0" merge="0" rebuychips="0" reg_code="5084802119"/>
</players>
</general>
<round no="0"><action no="1" player="Focomelico52" type="15" discard="1" dealt="1" sum="5"/>
<action no="2" player="Zeeria" type="15" discard="1" dealt="1" sum="5"/>
<action no="3" player="M1ky3ste92" type="15" sum="5"/>
<action no="4" player="Focomelico52" type="1" discard="1" dealt="1" sum="20"/>
<action no="5" player="Zeeria" type="2" discard="1" dealt="1" sum="40"/>
</round>
<round no="1"><cards type="Pocket" player="Zeeria">X X</cards>
<cards type="Pocket" player="M1ky3ste92">S9 S4</cards>
<cards type="Pocket" player="Focomelico52">X X</cards>
<action no="6" player="M1ky3ste92" type="0" sum="0"/>
<action no="7" player="Focomelico52" type="0" discard="1" dealt="1" sum="0"/>
</round>
</game>
<game gamecode="6576275372"><general>
<startdate>2025-12-30 05:57:02</startdate>
<round>1</round>
<failsafecounter/>
<players><player seat="10" name="M1ky3ste92" chips="520" dealer="0" win="0" bet="45" muck="1" rebuy="0" addon="0" merge="0" rebuychips="0" reg_code="5084802290"/>
<player seat="3" name="Focomelico52" chips="325" dealer="1" win="0" bet="5" muck="1" rebuy="0" addon="0" merge="0" rebuychips="0" reg_code="5084802119"/>
<player seat="6" name="Zeeria" chips="655" dealer="0" win="95" bet="655" muck="1" rebuy="0" addon="0" merge="0" rebuychips="0" reg_code="5084802169"/>
</players>
</general>
<round no="0"><action no="1" player="Zeeria" type="15" discard="1" dealt="1" sum="5"/>
<action no="2" player="M1ky3ste92" type="15" sum="5"/>
<action no="3" player="Focomelico52" type="15" discard="1" dealt="1" sum="5"/>
<action no="4" player="Zeeria" type="1" discard="1" dealt="1" sum="20"/>
<action no="5" player="M1ky3ste92" type="2" sum="40"/>
</round>
<round no="1"><cards type="Pocket" player="M1ky3ste92">D9 H10</cards>
<cards type="Pocket" player="Focomelico52">X X</cards>
<cards type="Pocket" player="Zeeria">X X</cards>
<action no="6" player="Focomelico52" type="0" discard="1" dealt="1" sum="0"/>
<action no="7" player="Zeeria" type="23" discard="1" dealt="1" sum="650"/>
<action no="8" player="M1ky3ste92" type="0" sum="0"/>
</round>
</game>
<game gamecode="6576275402"><general>
<startdate>2025-12-30 05:57:28</startdate>
<round>1</round>
<failsafecounter/>
<players><player seat="3" name="Focomelico52" chips="320" dealer="0" win="55" bet="45" muck="1" rebuy="0" addon="0" merge="0" rebuychips="0" reg_code="5084802119"/>
<player seat="6" name="Zeeria" chips="705" dealer="1" win="0" bet="5" muck="1" rebuy="0" addon="0" merge="0" rebuychips="0" reg_code="5084802169"/>
<player seat="10" name="M1ky3ste92" chips="475" dealer="0" win="0" bet="25" muck="1" rebuy="0" addon="0" merge="0" rebuychips="0" reg_code="5084802290"/>
</players>
</general>
<round no="0"><action no="1" player="M1ky3ste92" type="15" sum="5"/>
<action no="2" player="Focomelico52" type="15" discard="1" dealt="1" sum="5"/>
<action no="3" player="Zeeria" type="15" discard="1" dealt="1" sum="5"/>
<action no="4" player="M1ky3ste92" type="1" sum="20"/>
<action no="5" player="Focomelico52" type="2" discard="1" dealt="1" sum="40"/>
</round>
<round no="1"><cards type="Pocket" player="Focomelico52">X X</cards>
<cards type="Pocket" player="M1ky3ste92">S10 C3</cards>
<cards type="Pocket" player="Zeeria">X X</cards>
<action no="6" player="Zeeria" type="0" discard="1" dealt="1" sum="0"/>
<action no="7" player="M1ky3ste92" type="0" sum="0"/>
</round>
</game>
<game gamecode="6576275413"><general>
<startdate>2025-12-30 05:57:40</startdate>
<round>1</round>
<failsafecounter/>
<players><player seat="6" name="Zeeria" chips="700" dealer="0" win="0" bet="45" muck="1" rebuy="0" addon="0" merge="0" rebuychips="0" reg_code="5084802169"/>
<player seat="10" name="M1ky3ste92" chips="450" dealer="1" win="115" bet="450" muck="1" rebuy="0" addon="0" merge="0" rebuychips="0" reg_code="5084802290"/>
<player seat="3" name="Focomelico52" chips="350" dealer="0" win="0" bet="25" muck="1" rebuy="0" addon="0" merge="0" rebuychips="0" reg_code="5084802119"/>
</players>
</general>
<round no="0"><action no="1" player="Focomelico52" type="15" discard="1" dealt="1" sum="5"/>
<action no="2" player="Zeeria" type="15" discard="1" dealt="1" sum="5"/>
<action no="3" player="M1ky3ste92" type="15" sum="5"/>
<action no="4" player="Focomelico52" type="1" discard="1" dealt="1" sum="20"/>
<action no="5" player="Zeeria" type="2" discard="1" dealt="1" sum="40"/>
</round>
<round no="1"><cards type="Pocket" player="Focomelico52">X X</cards>
<cards type="Pocket" player="M1ky3ste92">HJ H9</cards>
<cards type="Pocket" player="Zeeria">X X</cards>
<action no="6" player="M1ky3ste92" type="23" sum="445"/>
<action no="7" player="Focomelico52" type="0" discard="1" dealt="1" sum="0"/>
<action no="8" player="Zeeria" type="0" discard="1" dealt="1" sum="0"/>
</round>
</game>
<game gamecode="6576275433"><general>
<startdate>2025-12-30 05:57:53</startdate>
<round>1</round>
<failsafecounter/>
<players><player seat="10" name="M1ky3ste92" chips="520" dealer="0" win="0" bet="45" muck="1" rebuy="0" addon="0" merge="0" rebuychips="0" reg_code="5084802290"/>
<player seat="3" name="Focomelico52" chips="325" dealer="1" win="115" bet="325" muck="1" rebuy="0" addon="0" merge="0" rebuychips="0" reg_code="5084802119"/>
<player seat="6" name="Zeeria" chips="655" dealer="0" win="0" bet="25" muck="1" rebuy="0" addon="0" merge="0" rebuychips="0" reg_code="5084802169"/>
</players>
</general>
<round no="0"><action no="1" player="Zeeria" type="15" discard="1" dealt="1" sum="5"/>
<action no="2" player="M1ky3ste92" type="15" sum="5"/>
<action no="3" player="Focomelico52" type="15" discard="1" dealt="1" sum="5"/>
<action no="4" player="Zeeria" type="1" discard="1" dealt="1" sum="20"/>
<action no="5" player="M1ky3ste92" type="2" sum="40"/>
</round>
<round no="1"><cards type="Pocket" player="M1ky3ste92">H5 DQ</cards>
<cards type="Pocket" player="Focomelico52">X X</cards>
<cards type="Pocket" player="Zeeria">X X</cards>
<action no="6" player="Focomelico52" type="23" discard="1" dealt="1" sum="320"/>
<action no="7" player="Zeeria" type="0" discard="1" dealt="1" sum="0"/>
<action no="8" player="M1ky3ste92" type="0" sum="0"/>
</round>
</game>
<game gamecode="6576275455"><general>
<startdate>2025-12-30 05:58:08</startdate>
<round>1</round>
<failsafecounter/>
<players><player seat="3" name="Focomelico52" chips="395" dealer="0" win="0" bet="395" muck="0" rebuy="0" addon="0" merge="0" rebuychips="0" reg_code="5084802119"/>
<player seat="6" name="Zeeria" chips="630" dealer="1" win="0" bet="5" muck="1" rebuy="0" addon="0" merge="0" rebuychips="0" reg_code="5084802169"/>
<player seat="10" name="M1ky3ste92" chips="475" dealer="0" win="795" bet="475" muck="0" rebuy="0" addon="0" merge="0" rebuychips="0" reg_code="5084802290"/>
</players>
</general>
<round no="0"><action no="1" player="M1ky3ste92" type="15" sum="5"/>
<action no="2" player="Focomelico52" type="15" discard="1" dealt="1" sum="5"/>
<action no="3" player="Zeeria" type="15" discard="1" dealt="1" sum="5"/>
<action no="4" player="M1ky3ste92" type="1" sum="20"/>
<action no="5" player="Focomelico52" type="2" discard="1" dealt="1" sum="40"/>
</round>
<round no="1"><cards type="Pocket" player="Focomelico52">S10 D9</cards>
<cards type="Pocket" player="M1ky3ste92">C10 SQ</cards>
<cards type="Pocket" player="Zeeria">X X</cards>
<action no="6" player="Zeeria" type="0" discard="1" dealt="1" sum="0"/>
<action no="7" player="M1ky3ste92" type="23" sum="470"/>
<action no="8" player="Focomelico52" type="7" discard="1" dealt="1" sum="350"/>
</round>
<round no="2"><cards type="Flop">S4 C3 DJ</cards>
</round>
<round no="3"><cards type="Turn">SJ</cards>
</round>
<round no="4"><cards type="River">S2</cards>
</round>
</game>
<game gamecode="6576275483"><general>
<startdate>2025-12-30 05:58:33</startdate>
<round>1</round>
<failsafecounter/>
<players><player seat="6" name="Zeeria" chips="625" dealer="0" win="0" bet="45" muck="1" rebuy="0" addon="0" merge="0" rebuychips="0" reg_code="5084802169"/>
<player seat="10" name="M1ky3ste92" chips="875" dealer="1" win="90" bet="875" muck="1" rebuy="0" addon="0" merge="0" rebuychips="0" reg_code="5084802290"/>
</players>
</general>
<round no="0"><action no="1" player="M1ky3ste92" type="15" sum="5"/>
<action no="2" player="Zeeria" type="15" discard="1" dealt="1" sum="5"/>
<action no="3" player="M1ky3ste92" type="1" sum="20"/>
<action no="4" player="Zeeria" type="2" discard="1" dealt="1" sum="40"/>
</round>
<round no="1"><cards type="Pocket" player="Zeeria">X X</cards>
<cards type="Pocket" player="M1ky3ste92">H2 C2</cards>
<action no="5" player="M1ky3ste92" type="23" sum="870"/>
<action no="6" player="Zeeria" type="0" discard="1" dealt="1" sum="0"/>
</round>
</game>
<game gamecode="6576275492"><general>
<startdate>2025-12-30 05:58:41</startdate>
<round>1</round>
<failsafecounter/>
<players><player seat="10" name="M1ky3ste92" chips="920" dealer="0" win="0" bet="580" muck="1" rebuy="0" addon="0" merge="0" rebuychips="0" reg_code="5084802290"/>
<player seat="6" name="Zeeria" chips="580" dealer="1" win="1,160" bet="580" muck="0" rebuy="0" addon="0" merge="0" rebuychips="0" reg_code="5084802169"/>
</players>
</general>
<round no="0"><action no="1" player="Zeeria" type="15" discard="1" dealt="1" sum="5"/>
<action no="2" player="M1ky3ste92" type="15" sum="5"/>
<action no="3" player="Zeeria" type="1" discard="1" dealt="1" sum="30"/>
<action no="4" player="M1ky3ste92" type="2" sum="60"/>
</round>
<round no="1"><cards type="Pocket" player="Zeeria">HA D7</cards>
<cards type="Pocket" player="M1ky3ste92">DQ HK</cards>
<action no="5" player="Zeeria" type="23" discard="1" dealt="1" sum="575"/>
<action no="6" player="M1ky3ste92" type="3" sum="515"/>
</round>
<round no="2"><cards type="Flop">S9 H3 S4</cards>
</round>
<round no="3"><cards type="Turn">CJ</cards>
</round>
<round no="4"><cards type="River">D8</cards>
</round>
</game>
<game gamecode="6576277389"><general>
<startdate>2025-12-30 05:59:01</startdate>
<round>1</round>
<failsafecounter/>
<players><player seat="6" name="Zeeria" chips="1,160" dealer="0" win="0" bet="65" muck="1" rebuy="0" addon="0" merge="0" rebuychips="0" reg_code="5084802169"/>
<player seat="10" name="M1ky3ste92" chips="340" dealer="1" win="130" bet="340" muck="1" rebuy="0" addon="0" merge="0" rebuychips="0" reg_code="5084802290"/>
</players>
</general>
<round no="0"><action no="1" player="M1ky3ste92" type="15" sum="5"/>
<action no="2" player="Zeeria" type="15" discard="1" dealt="1" sum="5"/>
<action no="3" player="M1ky3ste92" type="1" sum="30"/>
<action no="4" player="Zeeria" type="2" discard="1" dealt="1" sum="60"/>
</round>
<round no="1"><cards type="Pocket" player="Zeeria">X X</cards>
<cards type="Pocket" player="M1ky3ste92">CA D6</cards>
<action no="5" player="M1ky3ste92" type="23" sum="335"/>
<action no="6" player="Zeeria" type="0" discard="1" dealt="1" sum="0"/>
</round>
</game>
<game gamecode="6576277411"><general>
<startdate>2025-12-30 05:59:17</startdate>
<round>1</round>
<failsafecounter/>
<players><player seat="10" name="M1ky3ste92" chips="405" dealer="0" win="130" bet="405" muck="1" rebuy="0" addon="0" merge="0" rebuychips="0" reg_code="5084802290"/>
<player seat="6" name="Zeeria" chips="1,095" dealer="1" win="0" bet="65" muck="1" rebuy="0" addon="0" merge="0" rebuychips="0" reg_code="5084802169"/>
</players>
</general>
<round no="0"><action no="1" player="Zeeria" type="15" discard="1" dealt="1" sum="5"/>
<action no="2" player="M1ky3ste92" type="15" sum="5"/>
<action no="3" player="Zeeria" type="1" discard="1" dealt="1" sum="30"/>
<action no="4" player="M1ky3ste92" type="2" sum="60"/>
</round>
<round no="1"><cards type="Pocket" player="M1ky3ste92">C9 C7</cards>
<cards type="Pocket" player="Zeeria">X X</cards>
<action no="5" player="Zeeria" type="3" discard="1" dealt="1" sum="30"/>
<action no="6" player="M1ky3ste92" type="23" sum="400"/>
<action no="7" player="Zeeria" type="0" discard="1" dealt="1" sum="0"/>
</round>
</game>
<game gamecode="6576277431"><general>
<startdate>2025-12-30 05:59:37</startdate>
<round>1</round>
<failsafecounter/>
<players><player seat="6" name="Zeeria" chips="1,030" dealer="0" win="940" bet="470" muck="0" rebuy="0" addon="0" merge="0" rebuychips="0" reg_code="5084802169"/>
<player seat="10" name="M1ky3ste92" chips="470" dealer="1" win="0" bet="470" muck="0" rebuy="0" addon="0" merge="0" rebuychips="0" reg_code="5084802290"/>
</players>
</general>
<round no="0"><action no="1" player="M1ky3ste92" type="15" sum="5"/>
<action no="2" player="Zeeria" type="15" discard="1" dealt="1" sum="5"/>
<action no="3" player="M1ky3ste92" type="1" sum="30"/>
<action no="4" player="Zeeria" type="2" discard="1" dealt="1" sum="60"/>
</round>
<round no="1"><cards type="Pocket" player="M1ky3ste92">C9 S10</cards>
<cards type="Pocket" player="Zeeria">C6 HK</cards>
<action no="5" player="M1ky3ste92" type="23" sum="465"/>
<action no="6" player="Zeeria" type="3" discard="1" dealt="1" sum="405"/>
</round>
<round no="2"><cards type="Flop">C4 C8 HA</cards>
</round>
<round no="3"><cards type="Turn">SQ</cards>
</round>
<round no="4"><cards type="River">S3</cards>
</round>
</game>
</session>
