<?xml version="1.0" encoding="UTF-8"?>
<session sessioncode="5084658482">
<general>
<client_version>24.7.1.18</client_version>
<mode>real</mode>
<gametype>Holdem NL</gametype>
<tablename>Twister €100 SNG, 825084672</tablename>
<tournamentcode>825084671</tournamentcode>
<tournamentname>Twister €100 SNG</tournamentname>
<buyin>€0 + €7 + €93</buyin>
<totalbuyin>€100</totalbuyin>
<rewarddrawn>€300</rewarddrawn>
<tournamentcurrency>EUR</tournamentcurrency>
<currency>EUR</currency>
<nickname>M1ky3ste92</nickname>
<gamecount>16</gamecount>
<startdate>2025-12-29 19:53:42</startdate>
<place>2</place>
<win>€0</win>
<tablesize>3</tablesize>
</general>
<game gamecode="6575667725"><general>
<startdate>2025-12-29 19:53:57</startdate>
<round>1</round>
<failsafecounter/>
<players><player seat="10" name="M1ky3ste92" chips="500" dealer="0" win="400" bet="500" muck="1" rebuy="0" addon="0" merge="0" rebuychips="0" reg_code="5084658482"/>
<player seat="3" name="Tiuualex" chips="500" dealer="1" win="0" bet="0" muck="1" rebuy="0" addon="0" merge="0" rebuychips="0" reg_code="5084657958"/>
<player seat="6" name="fernando1993" chips="500" dealer="0" win="0" bet="200" muck="1" rebuy="0" addon="0" merge="0" rebuychips="0" reg_code="5084658380"/>
</players>
</general>
<round no="0"><action no="1" player="fernando1993" type="1" discard="1" dealt="1" sum="10"/>
<action no="2" player="M1ky3ste92" type="2" sum="20"/>
</round>
<round no="1"><cards type="Pocket" player="fernando1993">X X</cards>
<cards type="Pocket" player="M1ky3ste92">D4 D3</cards>
<cards type="Pocket" player="Tiuualex">X X</cards>
<action no="3" player="Tiuualex" type="0" discard="1" dealt="1" sum="0"/>
<action no="4" player="fernando1993" type="23" discard="1" dealt="1" sum="40"/>
<action no="5" player="M1ky3ste92" type="3" sum="20"/>
</round>
<round no="2"><cards type="Flop">H2 D5 CJ</cards>
<action no="6" player="fernando1993" type="5" discard="1" dealt="1" sum="60"/>
<action no="7" player="M1ky3ste92" type="3" sum="60"/>
</round>
<round no="3"><cards type="Turn">H10</cards>
<action no="8" player="fernando1993" type="4" discard="1" dealt="1" sum="0"/>
<action no="9" player="M1ky3ste92" type="5" sum="100"/>
<action no="10" player="fernando1993" type="3" discard="1" dealt="1" sum="100"/>
</round>
<round no="4"><cards type="River">H9</cards>
<action no="11" player="fernando1993" type="4" discard="1" dealt="1" sum="0"/>
<action no="12" player="M1ky3ste92" type="5" sum="300"/>
<action no="13" player="fernando1993" type="0" discard="1" dealt="1" sum="0"/>
</round>
</game>
<game gamecode="6575667841"><general>
<startdate>2025-12-29 19:54:36</startdate>
<round>1</round>
<failsafecounter/>
<players><player seat="3" name="Tiuualex" chips="500" dealer="0" win="90" bet="500" muck="1" rebuy="0" addon="0" merge="0" rebuychips="0" reg_code="5084657958"/>
<player seat="6" name="fernando1993" chips="300" dealer="1" win="0" bet="40" muck="1" rebuy="0" addon="0" merge="0" rebuychips="0" reg_code="5084658380"/>
<player seat="10" name="M1ky3ste92" chips="700" dealer="0" win="0" bet="10" muck="1" rebuy="0" addon="0" merge="0" rebuychips="0" reg_code="5084658482"/>
</players>
</general>
<round no="0"><action no="1" player="M1ky3ste92" type="1" sum="10"/>
<action no="2" player="Tiuualex" type="2" discard="1" dealt="1" sum="20"/>
</round>
<round no="1"><cards type="Pocket" player="fernando1993">X X</cards>
<cards type="Pocket" player="M1ky3ste92">SK D2</cards>
<cards type="Pocket" player="Tiuualex">X X</cards>
<action no="3" player="fernando1993" type="23" discard="1" dealt="1" sum="40"/>
<action no="4" player="M1ky3ste92" type="0" sum="0"/>
<action no="5" player="Tiuualex" type="23" discard="1" dealt="1" sum="500"/>
<action no="6" player="fernando1993" type="0" discard="1" dealt="1" sum="0"/>
</round>
</game>
<game gamecode="6575667871"><general>
<startdate>2025-12-29 19:54:47</startdate>
<round>1</round>
<failsafecounter/>
<players><player seat="6" name="fernando1993" chips="260" dealer="0" win="520" bet="260" muck="0" rebuy="0" addon="0" merge="0" rebuychips="0" reg_code="5084658380"/>
<player seat="10" name="M1ky3ste92" chips="690" dealer="1" win="0" bet="0" muck="1" rebuy="0" addon="0" merge="0" rebuychips="0" reg_code="5084658482"/>
<player seat="3" name="Tiuualex" chips="550" dealer="0" win="0" bet="550" muck="0" rebuy="0" addon="0" merge="0" rebuychips="0" reg_code="5084657958"/>
</players>
</general>
<round no="0"><action no="1" player="Tiuualex" type="1" discard="1" dealt="1" sum="10"/>
<action no="2" player="fernando1993" type="2" discard="1" dealt="1" sum="20"/>
</round>
<round no="1"><cards type="Pocket" player="fernando1993">D2 DA</cards>
<cards type="Pocket" player="M1ky3ste92">C7 D9</cards>
<cards type="Pocket" player="Tiuualex">D8 SA</cards>
<action no="3" player="M1ky3ste92" type="0" sum="0"/>
<action no="4" player="Tiuualex" type="23" discard="1" dealt="1" sum="550"/>
<action no="5" player="fernando1993" type="7" discard="1" dealt="1" sum="240"/>
</round>
<round no="2"><cards type="Flop">HK H4 D10</cards>
</round>
<round no="3"><cards type="Turn">D5</cards>
</round>
<round no="4"><cards type="River">D6</cards>
</round>
</game>
<game gamecode="6575667929"><general>
<startdate>2025-12-29 19:55:04</startdate>
<round>1</round>
<failsafecounter/>
<players><player seat="10" name="M1ky3ste92" chips="690" dealer="0" win="0" bet="20" muck="1" rebuy="0" addon="0" merge="0" rebuychips="0" reg_code="5084658482"/>
<player seat="3" name="Tiuualex" chips="290" dealer="1" win="0" bet="0" muck="1" rebuy="0" addon="0" merge="0" rebuychips="0" reg_code="5084657958"/>
<player seat="6" name="fernando1993" chips="520" dealer="0" win="40" bet="40" muck="1" rebuy="0" addon="0" merge="0" rebuychips="0" reg_code="5084658380"/>
</players>
</general>
<round no="0"><action no="1" player="fernando1993" type="1" discard="1" dealt="1" sum="10"/>
<action no="2" player="M1ky3ste92" type="2" sum="20"/>
</round>
<round no="1"><cards type="Pocket" player="fernando1993">X X</cards>
<cards type="Pocket" player="Tiuualex">X X</cards>
<cards type="Pocket" player="M1ky3ste92">D8 H5</cards>
<action no="3" player="Tiuualex" type="0" discard="1" dealt="1" sum="0"/>
<action no="4" player="fernando1993" type="3" discard="1" dealt="1" sum="10"/>
<action no="5" player="M1ky3ste92" type="4" sum="0"/>
</round>
<round no="2"><cards type="Flop">CQ S6 D6</cards>
<action no="6" player="fernando1993" type="5" discard="1" dealt="1" sum="20"/>
<action no="7" player="M1ky3ste92" type="0" sum="0"/>
</round>
</game>
<game gamecode="6575667965"><general>
<startdate>2025-12-29 19:55:16</startdate>
<round>1</round>
<failsafecounter/>
<players><player seat="3" name="Tiuualex" chips="290" dealer="0" win="0" bet="290" muck="0" rebuy="0" addon="0" merge="0" rebuychips="0" reg_code="5084657958"/>
<player seat="6" name="fernando1993" chips="540" dealer="1" win="590" bet="290" muck="0" rebuy="0" addon="0" merge="0" rebuychips="0" reg_code="5084658380"/>
<player seat="10" name="M1ky3ste92" chips="670" dealer="0" win="0" bet="10" muck="1" rebuy="0" addon="0" merge="0" rebuychips="0" reg_code="5084658482"/>
</players>
</general>
<round no="0"><action no="1" player="M1ky3ste92" type="1" sum="10"/>
<action no="2" player="Tiuualex" type="2" discard="1" dealt="1" sum="20"/>
</round>
<round no="1"><cards type="Pocket" player="fernando1993">SA S6</cards>
<cards type="Pocket" player="Tiuualex">H5 D5</cards>
<cards type="Pocket" player="M1ky3ste92">D7 S5</cards>
<action no="3" player="fernando1993" type="23" discard="1" dealt="1" sum="40"/>
<action no="4" player="M1ky3ste92" type="0" sum="0"/>
<action no="5" player="Tiuualex" type="23" discard="1" dealt="1" sum="290"/>
<action no="6" player="fernando1993" type="3" discard="1" dealt="1" sum="250"/>
</round>
<round no="2"><cards type="Flop">DA D10 C4</cards>
</round>
<round no="3"><cards type="Turn">S7</cards>
</round>
<round no="4"><cards type="River">C9</cards>
</round>
</game>
<game gamecode="6575668040"><general>
<startdate>2025-12-29 19:55:40</startdate>
<round>1</round>
<failsafecounter/>
<players><player seat="6" name="fernando1993" chips="840" dealer="0" win="0" bet="95" muck="1" rebuy="0" addon="0" merge="0" rebuychips="0" reg_code="5084658380"/>
<player seat="10" name="M1ky3ste92" chips="660" dealer="1" win="190" bet="95" muck="0" rebuy="0" addon="0" merge="0" rebuychips="0" reg_code="5084658482"/>
</players>
</general>
<round no="0"><action no="1" player="M1ky3ste92" type="15" sum="5"/>
<action no="2" player="fernando1993" type="15" discard="1" dealt="1" sum="5"/>
<action no="3" player="M1ky3ste92" type="1" sum="15"/>
<action no="4" player="fernando1993" type="2" discard="1" dealt="1" sum="30"/>
</round>
<round no="1"><cards type="Pocket" player="M1ky3ste92">DQ HA</cards>
<cards type="Pocket" player="fernando1993">HK S4</cards>
<action no="5" player="M1ky3ste92" type="23" sum="60"/>
<action no="6" player="fernando1993" type="3" discard="1" dealt="1" sum="30"/>
</round>
<round no="2"><cards type="Flop">C2 DJ C3</cards>
<action no="7" player="fernando1993" type="4" discard="1" dealt="1" sum="0"/>
<action no="8" player="M1ky3ste92" type="4" sum="0"/>
</round>
<round no="3"><cards type="Turn">CJ</cards>
<action no="9" player="fernando1993" type="4" discard="1" dealt="1" sum="0"/>
<action no="10" player="M1ky3ste92" type="4" sum="0"/>
</round>
<round no="4"><cards type="River">S6</cards>
<action no="11" player="fernando1993" type="4" discard="1" dealt="1" sum="0"/>
<action no="12" player="M1ky3ste92" type="5" sum="30"/>
<action no="13" player="fernando1993" type="3" discard="1" dealt="1" sum="30"/>
</round>
</game>
<game gamecode="6575668104"><general>
<startdate>2025-12-29 19:56:00</startdate>
<round>1</round>
<failsafecounter/>
<players><player seat="10" name="M1ky3ste92" chips="755" dealer="0" win="70" bet="125" muck="1" rebuy="0" addon="0" merge="0" rebuychips="0" reg_code="5084658482"/>
<player seat="6" name="fernando1993" chips="745" dealer="1" win="0" bet="35" muck="1" rebuy="0" addon="0" merge="0" rebuychips="0" reg_code="5084658380"/>
</players>
</general>
<round no="0"><action no="1" player="fernando1993" type="15" discard="1" dealt="1" sum="5"/>
<action no="2" player="M1ky3ste92" type="15" sum="5"/>
<action no="3" player="fernando1993" type="1" discard="1" dealt="1" sum="15"/>
<action no="4" player="M1ky3ste92" type="2" sum="30"/>
</round>
<round no="1"><cards type="Pocket" player="M1ky3ste92">SQ DA</cards>
<cards type="Pocket" player="fernando1993">X X</cards>
<action no="5" player="fernando1993" type="3" discard="1" dealt="1" sum="15"/>
<action no="6" player="M1ky3ste92" type="23" sum="120"/>
<action no="7" player="fernando1993" type="0" discard="1" dealt="1" sum="0"/>
</round>
</game>
<game gamecode="6575668134"><general>
<startdate>2025-12-29 19:56:08</startdate>
<round>1</round>
<failsafecounter/>
<players><player seat="6" name="fernando1993" chips="710" dealer="0" win="70" bet="710" muck="1" rebuy="0" addon="0" merge="0" rebuychips="0" reg_code="5084658380"/>
<player seat="10" name="M1ky3ste92" chips="790" dealer="1" win="0" bet="35" muck="1" rebuy="0" addon="0" merge="0" rebuychips="0" reg_code="5084658482"/>
</players>
</general>
<round no="0"><action no="1" player="M1ky3ste92" type="15" sum="5"/>
<action no="2" player="fernando1993" type="15" discard="1" dealt="1" sum="5"/>
<action no="3" player="M1ky3ste92" type="1" sum="15"/>
<action no="4" player="fernando1993" type="2" discard="1" dealt="1" sum="30"/>
</round>
<round no="1"><cards type="Pocket" player="fernando1993">X X</cards>
<cards type="Pocket" player="M1ky3ste92">D6 H10</cards>
<action no="5" player="M1ky3ste92" type="3" sum="15"/>
<action no="6" player="fernando1993" type="23" discard="1" dealt="1" sum="705"/>
<action no="7" player="M1ky3ste92" type="0" sum="0"/>
</round>
</game>
<game gamecode="6575668164"><general>
<startdate>2025-12-29 19:56:17</startdate>
<round>1</round>
<failsafecounter/>
<players><player seat="10" name="M1ky3ste92" chips="755" dealer="0" win="250" bet="215" muck="1" rebuy="0" addon="0" merge="0" rebuychips="0" reg_code="5084658482"/>
<player seat="6" name="fernando1993" chips="745" dealer="1" win="0" bet="125" muck="1" rebuy="0" addon="0" merge="0" rebuychips="0" reg_code="5084658380"/>
</players>
</general>
<round no="0"><action no="1" player="fernando1993" type="15" discard="1" dealt="1" sum="5"/>
<action no="2" player="M1ky3ste92" type="15" sum="5"/>
<action no="3" player="fernando1993" type="1" discard="1" dealt="1" sum="15"/>
<action no="4" player="M1ky3ste92" type="2" sum="30"/>
</round>
<round no="1"><cards type="Pocket" player="M1ky3ste92">SK CK</cards>
<cards type="Pocket" player="fernando1993">X X</cards>
<action no="5" player="fernando1993" type="3" discard="1" dealt="1" sum="15"/>
<action no="6" player="M1ky3ste92" type="23" sum="120"/>
<action no="7" player="fernando1993" type="3" discard="1" dealt="1" sum="90"/>
</round>
<round no="2"><cards type="Flop">H10 S10 H4</cards>
<action no="8" player="M1ky3ste92" type="5" sum="90"/>
<action no="9" player="fernando1993" type="0" discard="1" dealt="1" sum="0"/>
</round>
</game>
<game gamecode="6575668210"><general>
<startdate>2025-12-29 19:56:31</startdate>
<round>1</round>
<failsafecounter/>
<players><player seat="6" name="fernando1993" chips="620" dealer="0" win="125" bet="125" muck="0" rebuy="0" addon="0" merge="0" rebuychips="0" reg_code="5084658380"/>
<player seat="10" name="M1ky3ste92" chips="880" dealer="1" win="125" bet="125" muck="0" rebuy="0" addon="0" merge="0" rebuychips="0" reg_code="5084658482"/>
</players>
</general>
<round no="0"><action no="1" player="M1ky3ste92" type="15" sum="5"/>
<action no="2" player="fernando1993" type="15" discard="1" dealt="1" sum="5"/>
<action no="3" player="M1ky3ste92" type="1" sum="15"/>
<action no="4" player="fernando1993" type="2" discard="1" dealt="1" sum="30"/>
</round>
<round no="1"><cards type="Pocket" player="M1ky3ste92">S5 HK</cards>
<cards type="Pocket" player="fernando1993">H6 S7</cards>
<action no="5" player="M1ky3ste92" type="23" sum="60"/>
<action no="6" player="fernando1993" type="3" discard="1" dealt="1" sum="30"/>
</round>
<round no="2"><cards type="Flop">C6 C7 H9</cards>
<action no="7" player="fernando1993" type="4" discard="1" dealt="1" sum="0"/>
<action no="8" player="M1ky3ste92" type="4" sum="0"/>
</round>
<round no="3"><cards type="Turn">H8</cards>
<action no="9" player="fernando1993" type="5" discard="1" dealt="1" sum="30"/>
<action no="10" player="M1ky3ste92" type="3" sum="30"/>
</round>
<round no="4"><cards type="River">C10</cards>
<action no="11" player="fernando1993" type="5" discard="1" dealt="1" sum="30"/>
<action no="12" player="M1ky3ste92" type="3" sum="30"/>
</round>
</game>
<game gamecode="6575668271"><general>
<startdate>2025-12-29 19:56:49</startdate>
<round>1</round>
<failsafecounter/>
<players><player seat="10" name="M1ky3ste92" chips="880" dealer="0" win="0" bet="35" muck="1" rebuy="0" addon="0" merge="0" rebuychips="0" reg_code="5084658482"/>
<player seat="6" name="fernando1993" chips="620" dealer="1" win="70" bet="65" muck="1" rebuy="0" addon="0" merge="0" rebuychips="0" reg_code="5084658380"/>
</players>
</general>
<round no="0"><action no="1" player="fernando1993" type="15" discard="1" dealt="1" sum="5"/>
<action no="2" player="M1ky3ste92" type="15" sum="5"/>
<action no="3" player="fernando1993" type="1" discard="1" dealt="1" sum="15"/>
<action no="4" player="M1ky3ste92" type="2" sum="30"/>
</round>
<round no="1"><cards type="Pocket" player="fernando1993">X X</cards>
<cards type="Pocket" player="M1ky3ste92">H3 D9</cards>
<action no="5" player="fernando1993" type="3" discard="1" dealt="1" sum="15"/>
<action no="6" player="M1ky3ste92" type="4" sum="0"/>
</round>
<round no="2"><cards type="Flop">SK DQ S2</cards>
<action no="7" player="M1ky3ste92" type="4" sum="0"/>
<action no="8" player="fernando1993" type="4" discard="1" dealt="1" sum="0"/>
</round>
<round no="3"><cards type="Turn">D6</cards>
<action no="9" player="M1ky3ste92" type="4" sum="0"/>
<action no="10" player="fernando1993" type="5" discard="1" dealt="1" sum="30"/>
<action no="11" player="M1ky3ste92" type="0" sum="0"/>
</round>
</game>
<game gamecode="6575668298"><general>
<startdate>2025-12-29 19:57:00</startdate>
<round>1</round>
<failsafecounter/>
<players><player seat="6" name="fernando1993" chips="655" dealer="0" win="0" bet="95" muck="1" rebuy="0" addon="0" merge="0" rebuychips="0" reg_code="5084658380"/>
<player seat="10" name="M1ky3ste92" chips="845" dealer="1" win="190" bet="95" muck="0" rebuy="0" addon="0" merge="0" rebuychips="0" reg_code="5084658482"/>
</players>
</general>
<round no="0"><action no="1" player="M1ky3ste92" type="15" sum="5"/>
<action no="2" player="fernando1993" type="15" discard="1" dealt="1" sum="5"/>
<action no="3" player="M1ky3ste92" type="1" sum="15"/>
<action no="4" player="fernando1993" type="2" discard="1" dealt="1" sum="30"/>
</round>
<round no="1"><cards type="Pocket" player="fernando1993">D6 S10</cards>
<cards type="Pocket" player="M1ky3ste92">H4 DA</cards>
<action no="5" player="M1ky3ste92" type="23" sum="60"/>
<action no="6" player="fernando1993" type="3" discard="1" dealt="1" sum="30"/>
</round>
<round no="2"><cards type="Flop">HJ D4 D5</cards>
<action no="7" player="fernando1993" type="4" discard="1" dealt="1" sum="0"/>
<action no="8" player="M1ky3ste92" type="4" sum="0"/>
</round>
<round no="3"><cards type="Turn">C3</cards>
<action no="9" player="fernando1993" type="5" discard="1" dealt="1" sum="30"/>
<action no="10" player="M1ky3ste92" type="3" sum="30"/>
</round>
<round no="4"><cards type="River">D3</cards>
<action no="11" player="fernando1993" type="4" discard="1" dealt="1" sum="0"/>
<action no="12" player="M1ky3ste92" type="4" sum="0"/>
</round>
</game>
<game gamecode="6575668361"><general>
<startdate>2025-12-29 19:57:18</startdate>
<round>1</round>
<failsafecounter/>
<players><player seat="10" name="M1ky3ste92" chips="940" dealer="0" win="90" bet="165" muck="1" rebuy="0" addon="0" merge="0" rebuychips="0" reg_code="5084658482"/>
<player seat="6" name="fernando1993" chips="560" dealer="1" win="0" bet="45" muck="1" rebuy="0" addon="0" merge="0" rebuychips="0" reg_code="5084658380"/>
</players>
</general>
<round no="0"><action no="1" player="fernando1993" type="15" discard="1" dealt="1" sum="5"/>
<action no="2" player="M1ky3ste92" type="15" sum="5"/>
<action no="3" player="fernando1993" type="1" discard="1" dealt="1" sum="20"/>
<action no="4" player="M1ky3ste92" type="2" sum="40"/>
</round>
<round no="1"><cards type="Pocket" player="M1ky3ste92">C7 CQ</cards>
<cards type="Pocket" player="fernando1993">X X</cards>
<action no="5" player="fernando1993" type="3" discard="1" dealt="1" sum="20"/>
<action no="6" player="M1ky3ste92" type="23" sum="160"/>
<action no="7" player="fernando1993" type="0" discard="1" dealt="1" sum="0"/>
</round>
</game>
<game gamecode="6575668395"><general>
<startdate>2025-12-29 19:57:28</startdate>
<round>1</round>
<failsafecounter/>
<players><player seat="6" name="fernando1993" chips="515" dealer="0" win="0" bet="45" muck="1" rebuy="0" addon="0" merge="0" rebuychips="0" reg_code="5084658380"/>
<player seat="10" name="M1ky3ste92" chips="985" dealer="1" win="90" bet="985" muck="1" rebuy="0" addon="0" merge="0" rebuychips="0" reg_code="5084658482"/>
</players>
</general>
<round no="0"><action no="1" player="M1ky3ste92" type="15" sum="5"/>
<action no="2" player="fernando1993" type="15" discard="1" dealt="1" sum="5"/>
<action no="3" player="M1ky3ste92" type="1" sum="20"/>
<action no="4" player="fernando1993" type="2" discard="1" dealt="1" sum="40"/>
</round>
<round no="1"><cards type="Pocket" player="fernando1993">X X</cards>
<cards type="Pocket" player="M1ky3ste92">CQ C9</cards>
<action no="5" player="M1ky3ste92" type="23" sum="980"/>
<action no="6" player="fernando1993" type="0" discard="1" dealt="1" sum="0"/>
</round>
</game>
<game gamecode="6575668419"><general>
<startdate>2025-12-29 19:57:36</startdate>
<round>1</round>
<failsafecounter/>
<players><player seat="10" name="M1ky3ste92" chips="1,030" dealer="0" win="0" bet="470" muck="1" rebuy="0" addon="0" merge="0" rebuychips="0" reg_code="5084658482"/>
<player seat="6" name="fernando1993" chips="470" dealer="1" win="940" bet="470" muck="0" rebuy="0" addon="0" merge="0" rebuychips="0" reg_code="5084658380"/>
</players>
</general>
<round no="0"><action no="1" player="fernando1993" type="15" discard="1" dealt="1" sum="5"/>
<action no="2" player="M1ky3ste92" type="15" sum="5"/>
<action no="3" player="fernando1993" type="1" discard="1" dealt="1" sum="20"/>
<action no="4" player="M1ky3ste92" type="2" sum="40"/>
</round>
<round no="1"><cards type="Pocket" player="M1ky3ste92">SJ H9</cards>
<cards type="Pocket" player="fernando1993">C9 CQ</cards>
<action no="5" player="fernando1993" type="3" discard="1" dealt="1" sum="20"/>
<action no="6" player="M1ky3ste92" type="4" sum="0"/>
</round>
<round no="2"><cards type="Flop">C5 C8 D10</cards>
<action no="7" player="M1ky3ste92" type="4" sum="0"/>
<action no="8" player="fernando1993" type="5" discard="1" dealt="1" sum="40"/>
<action no="9" player="M1ky3ste92" type="23" sum="120"/>
<action no="10" player="fernando1993" type="23" discard="1" dealt="1" sum="425"/>
<action no="11" player="M1ky3ste92" type="3" sum="305"/>
</round>
<round no="3"><cards type="Turn">CK</cards>
</round>
<round no="4"><cards type="River">DJ</cards>
</round>
</game>
<game gamecode="6575668491"><general>
<startdate>2025-12-29 19:57:57</startdate>
<round>1</round>
<failsafecounter/>
<players><player seat="6" name="fernando1993" chips="940" dealer="0" win="1,120" bet="940" muck="0" rebuy="0" addon="0" merge="0" rebuychips="0" reg_code="5084658380"/>
<player seat="10" name="M1ky3ste92" chips="560" dealer="1" win="0" bet="560" muck="1" rebuy="0" addon="0" merge="0" rebuychips="0" reg_code="5084658482"/>
</players>
</general>
<round no="0"><action no="1" player="M1ky3ste92" type="15" sum="5"/>
<action no="2" player="fernando1993" type="15" discard="1" dealt="1" sum="5"/>
<action no="3" player="M1ky3ste92" type="1" sum="20"/>
<action no="4" player="fernando1993" type="2" discard="1" dealt="1" sum="40"/>
</round>
<round no="1"><cards type="Pocket" player="fernando1993">D8 CK</cards>
<cards type="Pocket" player="M1ky3ste92">C7 S7</cards>
<action no="5" player="M1ky3ste92" type="23" sum="80"/>
<action no="6" player="fernando1993" type="3" discard="1" dealt="1" sum="40"/>
</round>
<round no="2"><cards type="Flop">HK H9 DK</cards>
<action no="7" player="fernando1993" type="4" discard="1" dealt="1" sum="0"/>
<action no="8" player="M1ky3ste92" type="5" sum="40"/>
<action no="9" player="fernando1993" type="23" discard="1" dealt="1" sum="855"/>
<action no="10" player="M1ky3ste92" type="7" sum="435"/>
</round>
<round no="3"><cards type="Turn">HJ</cards>
</round>
<round no="4"><cards type="River">S2</cards>
</round>
</game>
</session>
