<?xml version="1.0" encoding="UTF-8"?>
<session sessioncode="5085048436">
<general>
<client_version>25.7.1.50</client_version>
<mode>real</mode>
<gametype>Holdem NL</gametype>
<tablename>Twister €100 SNG, 825209104</tablename>
<tournamentcode>825209103</tournamentcode>
<tournamentname>Twister €100 SNG</tournamentname>
<buyin>€0 + €7 + €93</buyin>
<totalbuyin>€100</totalbuyin>
<rewarddrawn>€300</rewarddrawn>
<tournamentcurrency>EUR</tournamentcurrency>
<currency>EUR</currency>
<nickname>M1ky3ste92</nickname>
<gamecount>3</gamecount>
<startdate>2025-12-31 00:22:22</startdate>
<place>3</place>
<win>€0</win>
<tablesize>3</tablesize>
</general>
<game gamecode="6577304160"><general>
<startdate>2025-12-31 00:22:38</startdate>
<round>1</round>
<failsafecounter/>
<players><player seat="10" name="smokie" chips="500" dealer="0" win="160" bet="80" muck="0" rebuy="0" addon="0" merge="0" rebuychips="0" reg_code="5085048589"/>
<player seat="3" name="FanteDiDenari" chips="500" dealer="1" win="0" bet="0" muck="1" rebuy="0" addon="0" merge="0" rebuychips="0" reg_code="5085047715"/>
<player seat="6" name="M1ky3ste92" chips="500" dealer="0" win="0" bet="80" muck="1" rebuy="0" addon="0" merge="0" rebuychips="0" reg_code="5085048436"/>
</players>
</general>
<round no="0"><action no="1" player="M1ky3ste92" type="1" sum="10"/>
<action no="2" player="smokie" type="2" discard="1" dealt="1" sum="20"/>
</round>
<round no="1"><cards type="Pocket" player="M1ky3ste92">S3 S7</cards>
<cards type="Pocket" player="FanteDiDenari">X X</cards>
<cards type="Pocket" player="smokie">S10 C8</cards>
<action no="3" player="FanteDiDenari" type="0" discard="1" dealt="1" sum="0"/>
<action no="4" player="M1ky3ste92" type="23" sum="40"/>
<action no="5" player="smokie" type="3" discard="1" dealt="1" sum="20"/>
</round>
<round no="2"><cards type="Flop">H5 H8 HK</cards>
<action no="6" player="M1ky3ste92" type="4" sum="0"/>
<action no="7" player="smokie" type="4" discard="1" dealt="1" sum="0"/>
</round>
<round no="3"><cards type="Turn">S2</cards>
<action no="8" player="M1ky3ste92" type="5" sum="40"/>
<action no="9" player="smokie" type="3" discard="1" dealt="1" sum="40"/>
</round>
<round no="4"><cards type="River">SJ</cards>
<action no="10" player="M1ky3ste92" type="4" sum="0"/>
<action no="11" player="smokie" type="4" discard="1" dealt="1" sum="0"/>
</round>
</game>
<game gamecode="6577304233"><general>
<startdate>2025-12-31 00:23:00</startdate>
<round>1</round>
<failsafecounter/>
<players><player seat="3" name="FanteDiDenari" chips="500" dealer="0" win="120" bet="40" muck="0" rebuy="0" addon="0" merge="0" rebuychips="0" reg_code="5085047715"/>
<player seat="6" name="M1ky3ste92" chips="420" dealer="1" win="0" bet="40" muck="1" rebuy="0" addon="0" merge="0" rebuychips="0" reg_code="5085048436"/>
<player seat="10" name="smokie" chips="580" dealer="0" win="0" bet="40" muck="1" rebuy="0" addon="0" merge="0" rebuychips="0" reg_code="5085048589"/>
</players>
</general>
<round no="0"><action no="1" player="smokie" type="1" discard="1" dealt="1" sum="10"/>
<action no="2" player="FanteDiDenari" type="2" discard="1" dealt="1" sum="20"/>
</round>
<round no="1"><cards type="Pocket" player="M1ky3ste92">DK HA</cards>
<cards type="Pocket" player="FanteDiDenari">S7 SK</cards>
<cards type="Pocket" player="smokie">H3 DA</cards>
<action no="3" player="M1ky3ste92" type="23" sum="40"/>
<action no="4" player="smokie" type="3" discard="1" dealt="1" sum="30"/>
<action no="5" player="FanteDiDenari" type="3" discard="1" dealt="1" sum="20"/>
</round>
<round no="2"><cards type="Flop">S10 S8 H9</cards>
<action no="6" player="smokie" type="4" discard="1" dealt="1" sum="0"/>
<action no="7" player="FanteDiDenari" type="4" discard="1" dealt="1" sum="0"/>
<action no="8" player="M1ky3ste92" type="4" sum="0"/>
</round>
<round no="3"><cards type="Turn">C8</cards>
<action no="9" player="smokie" type="4" discard="1" dealt="1" sum="0"/>
<action no="10" player="FanteDiDenari" type="4" discard="1" dealt="1" sum="0"/>
<action no="11" player="M1ky3ste92" type="4" sum="0"/>
</round>
<round no="4"><cards type="River">D7</cards>
<action no="12" player="smokie" type="4" discard="1" dealt="1" sum="0"/>
<action no="13" player="FanteDiDenari" type="4" discard="1" dealt="1" sum="0"/>
<action no="14" player="M1ky3ste92" type="4" sum="0"/>
</round>
</game>
<game gamecode="6577304322"><general>
<startdate>2025-12-31 00:23:27</startdate>
<round>1</round>
<failsafecounter/>
<players><player seat="6" name="M1ky3ste92" chips="380" dealer="0" win="0" bet="380" muck="1" rebuy="0" addon="0" merge="0" rebuychips="0" reg_code="5085048436"/>
<player seat="10" name="smokie" chips="540" dealer="1" win="770" bet="540" muck="0" rebuy="0" addon="0" merge="0" rebuychips="0" reg_code="5085048589"/>
<player seat="3" name="FanteDiDenari" chips="580" dealer="0" win="0" bet="10" muck="1" rebuy="0" addon="0" merge="0" rebuychips="0" reg_code="5085047715"/>
</players>
</general>
<round no="0"><action no="1" player="FanteDiDenari" type="1" discard="1" dealt="1" sum="10"/>
<action no="2" player="M1ky3ste92" type="2" sum="20"/>
</round>
<round no="1"><cards type="Pocket" player="FanteDiDenari">X X</cards>
<cards type="Pocket" player="M1ky3ste92">HA SJ</cards>
<cards type="Pocket" player="smokie">H10 DA</cards>
<action no="3" player="smokie" type="3" discard="1" dealt="1" sum="20"/>
<action no="4" player="FanteDiDenari" type="0" discard="1" dealt="1" sum="0"/>
<action no="5" player="M1ky3ste92" type="23" sum="80"/>
<action no="6" player="smokie" type="23" discard="1" dealt="1" sum="540"/>
<action no="7" player="M1ky3ste92" type="7" sum="300"/>
</round>
<round no="2"><cards type="Flop">C2 S2 S10</cards>
</round>
<round no="3"><cards type="Turn">DK</cards>
</round>
<round no="4"><cards type="River">CA</cards>
</round>
</game>
</session>
