<?xml version="1.0" encoding="UTF-8"?>
<session sessioncode="5085052738">
<general>
<client_version>25.7.1.50</client_version>
<mode>real</mode>
<gametype>Holdem NL</gametype>
<tablename>Twister €100 SNG, 825211766</tablename>
<tournamentcode>825211765</tournamentcode>
<tournamentname>Twister €100 SNG</tournamentname>
<buyin>€0 + €7 + €93</buyin>
<totalbuyin>€100</totalbuyin>
<rewarddrawn>€400</rewarddrawn>
<tournamentcurrency>EUR</tournamentcurrency>
<currency>EUR</currency>
<nickname>M1ky3ste92</nickname>
<gamecount>5</gamecount>
<startdate>2025-12-31 00:35:56</startdate>
<place>3</place>
<win>€0</win>
<tablesize>3</tablesize>
</general>
<game gamecode="6577323509"><general>
<startdate>2025-12-31 00:36:12</startdate>
<round>1</round>
<failsafecounter/>
<players><player seat="3" name="FanteDiDenari" chips="500" dealer="0" win="20" bet="20" muck="1" rebuy="0" addon="0" merge="0" rebuychips="0" reg_code="5085052391"/>
<player seat="6" name="stocca" chips="500" dealer="1" win="0" bet="0" muck="1" rebuy="0" addon="0" merge="0" rebuychips="0" reg_code="5085052586"/>
<player seat="10" name="M1ky3ste92" chips="500" dealer="0" win="0" bet="10" muck="1" rebuy="0" addon="0" merge="0" rebuychips="0" reg_code="5085052738"/>
</players>
</general>
<round no="0"><action no="1" player="M1ky3ste92" type="1" sum="10"/>
<action no="2" player="FanteDiDenari" type="2" discard="1" dealt="1" sum="20"/>
</round>
<round no="1"><cards type="Pocket" player="FanteDiDenari">X X</cards>
<cards type="Pocket" player="stocca">X X</cards>
<cards type="Pocket" player="M1ky3ste92">D2 SK</cards>
<action no="3" player="stocca" type="0" discard="1" dealt="1" sum="0"/>
<action no="4" player="M1ky3ste92" type="0" sum="0"/>
</round>
</game>
<game gamecode="6577323537"><general>
<startdate>2025-12-31 00:36:20</startdate>
<round>1</round>
<failsafecounter/>
<players><player seat="6" name="stocca" chips="500" dealer="0" win="40" bet="60" muck="1" rebuy="0" addon="0" merge="0" rebuychips="0" reg_code="5085052586"/>
<player seat="10" name="M1ky3ste92" chips="490" dealer="1" win="0" bet="0" muck="1" rebuy="0" addon="0" merge="0" rebuychips="0" reg_code="5085052738"/>
<player seat="3" name="FanteDiDenari" chips="510" dealer="0" win="0" bet="20" muck="1" rebuy="0" addon="0" merge="0" rebuychips="0" reg_code="5085052391"/>
</players>
</general>
<round no="0"><action no="1" player="FanteDiDenari" type="1" discard="1" dealt="1" sum="10"/>
<action no="2" player="stocca" type="2" discard="1" dealt="1" sum="20"/>
</round>
<round no="1"><cards type="Pocket" player="stocca">X X</cards>
<cards type="Pocket" player="FanteDiDenari">X X</cards>
<cards type="Pocket" player="M1ky3ste92">C4 C7</cards>
<action no="3" player="M1ky3ste92" type="0" sum="0"/>
<action no="4" player="FanteDiDenari" type="3" discard="1" dealt="1" sum="10"/>
<action no="5" player="stocca" type="23" discard="1" dealt="1" sum="60"/>
<action no="6" player="FanteDiDenari" type="0" discard="1" dealt="1" sum="0"/>
</round>
</game>
<game gamecode="6577323592"><general>
<startdate>2025-12-31 00:36:32</startdate>
<round>1</round>
<failsafecounter/>
<players><player seat="10" name="M1ky3ste92" chips="490" dealer="0" win="20" bet="20" muck="1" rebuy="0" addon="0" merge="0" rebuychips="0" reg_code="5085052738"/>
<player seat="3" name="FanteDiDenari" chips="490" dealer="1" win="0" bet="0" muck="1" rebuy="0" addon="0" merge="0" rebuychips="0" reg_code="5085052391"/>
<player seat="6" name="stocca" chips="520" dealer="0" win="0" bet="10" muck="1" rebuy="0" addon="0" merge="0" rebuychips="0" reg_code="5085052586"/>
</players>
</general>
<round no="0"><action no="1" player="stocca" type="1" discard="1" dealt="1" sum="10"/>
<action no="2" player="M1ky3ste92" type="2" sum="20"/>
</round>
<round no="1"><cards type="Pocket" player="M1ky3ste92">CQ S2</cards>
<cards type="Pocket" player="FanteDiDenari">X X</cards>
<cards type="Pocket" player="stocca">X X</cards>
<action no="3" player="FanteDiDenari" type="0" discard="1" dealt="1" sum="0"/>
<action no="4" player="stocca" type="0" discard="1" dealt="1" sum="0"/>
</round>
</game>
<game gamecode="6577328720"><general>
<startdate>2025-12-31 00:36:40</startdate>
<round>1</round>
<failsafecounter/>
<players><player seat="3" name="FanteDiDenari" chips="490" dealer="0" win="0" bet="140" muck="1" rebuy="0" addon="0" merge="0" rebuychips="0" reg_code="5085052391"/>
<player seat="6" name="stocca" chips="510" dealer="1" win="290" bet="140" muck="0" rebuy="0" addon="0" merge="0" rebuychips="0" reg_code="5085052586"/>
<player seat="10" name="M1ky3ste92" chips="500" dealer="0" win="0" bet="10" muck="1" rebuy="0" addon="0" merge="0" rebuychips="0" reg_code="5085052738"/>
</players>
</general>
<round no="0"><action no="1" player="M1ky3ste92" type="1" sum="10"/>
<action no="2" player="FanteDiDenari" type="2" discard="1" dealt="1" sum="20"/>
</round>
<round no="1"><cards type="Pocket" player="M1ky3ste92">D7 S6</cards>
<cards type="Pocket" player="stocca">D9 SQ</cards>
<cards type="Pocket" player="FanteDiDenari">D10 CK</cards>
<action no="3" player="stocca" type="23" discard="1" dealt="1" sum="60"/>
<action no="4" player="M1ky3ste92" type="0" sum="0"/>
<action no="5" player="FanteDiDenari" type="3" discard="1" dealt="1" sum="40"/>
</round>
<round no="2"><cards type="Flop">HQ SJ DK</cards>
<action no="6" player="FanteDiDenari" type="4" discard="1" dealt="1" sum="0"/>
<action no="7" player="stocca" type="5" discard="1" dealt="1" sum="60"/>
<action no="8" player="FanteDiDenari" type="3" discard="1" dealt="1" sum="60"/>
</round>
<round no="3"><cards type="Turn">C10</cards>
<action no="9" player="FanteDiDenari" type="4" discard="1" dealt="1" sum="0"/>
<action no="10" player="stocca" type="4" discard="1" dealt="1" sum="0"/>
</round>
<round no="4"><cards type="River">H2</cards>
<action no="11" player="FanteDiDenari" type="4" discard="1" dealt="1" sum="0"/>
<action no="12" player="stocca" type="5" discard="1" dealt="1" sum="20"/>
<action no="13" player="FanteDiDenari" type="3" discard="1" dealt="1" sum="20"/>
</round>
</game>
<game gamecode="6577328863"><general>
<startdate>2025-12-31 00:37:16</startdate>
<round>1</round>
<failsafecounter/>
<players><player seat="6" name="stocca" chips="660" dealer="0" win="990" bet="660" muck="0" rebuy="0" addon="0" merge="0" rebuychips="0" reg_code="5085052586"/>
<player seat="10" name="M1ky3ste92" chips="490" dealer="1" win="0" bet="490" muck="0" rebuy="0" addon="0" merge="0" rebuychips="0" reg_code="5085052738"/>
<player seat="3" name="FanteDiDenari" chips="350" dealer="0" win="0" bet="10" muck="1" rebuy="0" addon="0" merge="0" rebuychips="0" reg_code="5085052391"/>
</players>
</general>
<round no="0"><action no="1" player="FanteDiDenari" type="1" discard="1" dealt="1" sum="10"/>
<action no="2" player="stocca" type="2" discard="1" dealt="1" sum="20"/>
</round>
<round no="1"><cards type="Pocket" player="M1ky3ste92">DJ H10</cards>
<cards type="Pocket" player="FanteDiDenari">X X</cards>
<cards type="Pocket" player="stocca">HQ HA</cards>
<action no="3" player="M1ky3ste92" type="23" sum="40"/>
<action no="4" player="FanteDiDenari" type="0" discard="1" dealt="1" sum="0"/>
<action no="5" player="stocca" type="23" discard="1" dealt="1" sum="130"/>
<action no="6" player="M1ky3ste92" type="3" sum="90"/>
</round>
<round no="2"><cards type="Flop">C4 C10 CJ</cards>
<action no="7" player="stocca" type="4" discard="1" dealt="1" sum="0"/>
<action no="8" player="M1ky3ste92" type="5" sum="89"/>
<action no="9" player="stocca" type="3" discard="1" dealt="1" sum="89"/>
</round>
<round no="3"><cards type="Turn">SK</cards>
<action no="10" player="stocca" type="5" discard="1" dealt="1" sum="441"/>
<action no="11" player="M1ky3ste92" type="7" sum="271"/>
</round>
<round no="4"><cards type="River">C6</cards>
</round>
</game>
</session>
