<?xml version="1.0" encoding="UTF-8"?>
<session sessioncode="5085184751">
<general>
<client_version>25.7.1.50</client_version>
<mode>real</mode>
<gametype>Holdem NL</gametype>
<tablename>Twister €100 SNG, 825256394</tablename>
<tournamentcode>825256392</tournamentcode>
<tournamentname>Twister €100 SNG</tournamentname>
<buyin>€0 + €7 + €93</buyin>
<totalbuyin>€100</totalbuyin>
<rewarddrawn>€300</rewarddrawn>
<tournamentcurrency>EUR</tournamentcurrency>
<currency>EUR</currency>
<nickname>M1ky3ste92</nickname>
<gamecount>6</gamecount>
<startdate>2025-12-31 15:48:04</startdate>
<place>3</place>
<win>€0</win>
<tablesize>3</tablesize>
</general>
<game gamecode="6577900647"><general>
<startdate>2025-12-31 15:48:19</startdate>
<round>1</round>
<failsafecounter/>
<players><player seat="3" name="M1ky3ste92" chips="500" dealer="0" win="0" bet="20" muck="1" rebuy="0" addon="0" merge="0" rebuychips="0" reg_code="5085184751"/>
<player seat="6" name="FanteDiDenari" chips="500" dealer="1" win="200" bet="190" muck="1" rebuy="0" addon="0" merge="0" rebuychips="0" reg_code="5085184788"/>
<player seat="10" name="Dan222222" chips="500" dealer="0" win="0" bet="90" muck="1" rebuy="0" addon="0" merge="0" rebuychips="0" reg_code="5085184951"/>
</players>
</general>
<round no="0"><action no="1" player="Dan222222" type="1" discard="1" dealt="1" sum="10"/>
<action no="2" player="M1ky3ste92" type="2" sum="20"/>
</round>
<round no="1"><cards type="Pocket" player="M1ky3ste92">H9 C4</cards>
<cards type="Pocket" player="FanteDiDenari">X X</cards>
<cards type="Pocket" player="Dan222222">X X</cards>
<action no="3" player="FanteDiDenari" type="23" discard="1" dealt="1" sum="40"/>
<action no="4" player="Dan222222" type="3" discard="1" dealt="1" sum="30"/>
<action no="5" player="M1ky3ste92" type="0" sum="0"/>
</round>
<round no="2"><cards type="Flop">H8 C9 S2</cards>
<action no="6" player="Dan222222" type="5" discard="1" dealt="1" sum="50"/>
<action no="7" player="FanteDiDenari" type="23" discard="1" dealt="1" sum="150"/>
<action no="8" player="Dan222222" type="0" discard="1" dealt="1" sum="0"/>
</round>
</game>
<game gamecode="6577900911"><general>
<startdate>2025-12-31 15:48:51</startdate>
<round>1</round>
<failsafecounter/>
<players><player seat="6" name="FanteDiDenari" chips="610" dealer="0" win="0" bet="40" muck="1" rebuy="0" addon="0" merge="0" rebuychips="0" reg_code="5085184788"/>
<player seat="10" name="Dan222222" chips="410" dealer="1" win="90" bet="85" muck="1" rebuy="0" addon="0" merge="0" rebuychips="0" reg_code="5085184951"/>
<player seat="3" name="M1ky3ste92" chips="480" dealer="0" win="0" bet="10" muck="1" rebuy="0" addon="0" merge="0" rebuychips="0" reg_code="5085184751"/>
</players>
</general>
<round no="0"><action no="1" player="M1ky3ste92" type="1" sum="10"/>
<action no="2" player="FanteDiDenari" type="2" discard="1" dealt="1" sum="20"/>
</round>
<round no="1"><cards type="Pocket" player="Dan222222">X X</cards>
<cards type="Pocket" player="FanteDiDenari">X X</cards>
<cards type="Pocket" player="M1ky3ste92">SK C4</cards>
<action no="3" player="Dan222222" type="23" discard="1" dealt="1" sum="40"/>
<action no="4" player="M1ky3ste92" type="0" sum="0"/>
<action no="5" player="FanteDiDenari" type="3" discard="1" dealt="1" sum="20"/>
</round>
<round no="2"><cards type="Flop">S3 DJ H9</cards>
<action no="6" player="FanteDiDenari" type="4" discard="1" dealt="1" sum="0"/>
<action no="7" player="Dan222222" type="5" discard="1" dealt="1" sum="45"/>
<action no="8" player="FanteDiDenari" type="0" discard="1" dealt="1" sum="0"/>
</round>
</game>
<game gamecode="6577901104"><general>
<startdate>2025-12-31 15:49:14</startdate>
<round>1</round>
<failsafecounter/>
<players><player seat="10" name="Dan222222" chips="460" dealer="0" win="20" bet="20" muck="1" rebuy="0" addon="0" merge="0" rebuychips="0" reg_code="5085184951"/>
<player seat="3" name="M1ky3ste92" chips="470" dealer="1" win="0" bet="0" muck="1" rebuy="0" addon="0" merge="0" rebuychips="0" reg_code="5085184751"/>
<player seat="6" name="FanteDiDenari" chips="570" dealer="0" win="0" bet="10" muck="1" rebuy="0" addon="0" merge="0" rebuychips="0" reg_code="5085184788"/>
</players>
</general>
<round no="0"><action no="1" player="FanteDiDenari" type="1" discard="1" dealt="1" sum="10"/>
<action no="2" player="Dan222222" type="2" discard="1" dealt="1" sum="20"/>
</round>
<round no="1"><cards type="Pocket" player="M1ky3ste92">H7 D6</cards>
<cards type="Pocket" player="Dan222222">X X</cards>
<cards type="Pocket" player="FanteDiDenari">X X</cards>
<action no="3" player="M1ky3ste92" type="0" sum="0"/>
<action no="4" player="FanteDiDenari" type="0" discard="1" dealt="1" sum="0"/>
</round>
</game>
<game gamecode="6577901183"><general>
<startdate>2025-12-31 15:49:25</startdate>
<round>1</round>
<failsafecounter/>
<players><player seat="3" name="M1ky3ste92" chips="470" dealer="0" win="20" bet="20" muck="1" rebuy="0" addon="0" merge="0" rebuychips="0" reg_code="5085184751"/>
<player seat="6" name="FanteDiDenari" chips="560" dealer="1" win="0" bet="0" muck="1" rebuy="0" addon="0" merge="0" rebuychips="0" reg_code="5085184788"/>
<player seat="10" name="Dan222222" chips="470" dealer="0" win="0" bet="10" muck="1" rebuy="0" addon="0" merge="0" rebuychips="0" reg_code="5085184951"/>
</players>
</general>
<round no="0"><action no="1" player="Dan222222" type="1" discard="1" dealt="1" sum="10"/>
<action no="2" player="M1ky3ste92" type="2" sum="20"/>
</round>
<round no="1"><cards type="Pocket" player="Dan222222">X X</cards>
<cards type="Pocket" player="M1ky3ste92">H5 H3</cards>
<cards type="Pocket" player="FanteDiDenari">X X</cards>
<action no="3" player="FanteDiDenari" type="0" discard="1" dealt="1" sum="0"/>
<action no="4" player="Dan222222" type="0" discard="1" dealt="1" sum="0"/>
</round>
</game>
<game gamecode="6577901248"><general>
<startdate>2025-12-31 15:49:31</startdate>
<round>1</round>
<failsafecounter/>
<players><player seat="6" name="FanteDiDenari" chips="560" dealer="0" win="20" bet="20" muck="1" rebuy="0" addon="0" merge="0" rebuychips="0" reg_code="5085184788"/>
<player seat="10" name="Dan222222" chips="460" dealer="1" win="0" bet="0" muck="1" rebuy="0" addon="0" merge="0" rebuychips="0" reg_code="5085184951"/>
<player seat="3" name="M1ky3ste92" chips="480" dealer="0" win="0" bet="10" muck="1" rebuy="0" addon="0" merge="0" rebuychips="0" reg_code="5085184751"/>
</players>
</general>
<round no="0"><action no="1" player="M1ky3ste92" type="1" sum="10"/>
<action no="2" player="FanteDiDenari" type="2" discard="1" dealt="1" sum="20"/>
</round>
<round no="1"><cards type="Pocket" player="FanteDiDenari">X X</cards>
<cards type="Pocket" player="Dan222222">X X</cards>
<cards type="Pocket" player="M1ky3ste92">D9 H7</cards>
<action no="3" player="Dan222222" type="0" discard="1" dealt="1" sum="0"/>
<action no="4" player="M1ky3ste92" type="0" sum="0"/>
</round>
</game>
<game gamecode="6577901335"><general>
<startdate>2025-12-31 15:49:40</startdate>
<round>1</round>
<failsafecounter/>
<players><player seat="10" name="Dan222222" chips="460" dealer="0" win="0" bet="20" muck="1" rebuy="0" addon="0" merge="0" rebuychips="0" reg_code="5085184951"/>
<player seat="3" name="M1ky3ste92" chips="470" dealer="1" win="0" bet="470" muck="0" rebuy="0" addon="0" merge="0" rebuychips="0" reg_code="5085184751"/>
<player seat="6" name="FanteDiDenari" chips="570" dealer="0" win="960" bet="570" muck="0" rebuy="0" addon="0" merge="0" rebuychips="0" reg_code="5085184788"/>
</players>
</general>
<round no="0"><action no="1" player="FanteDiDenari" type="1" discard="1" dealt="1" sum="10"/>
<action no="2" player="Dan222222" type="2" discard="1" dealt="1" sum="20"/>
</round>
<round no="1"><cards type="Pocket" player="FanteDiDenari">SA S5</cards>
<cards type="Pocket" player="M1ky3ste92">C2 H2</cards>
<cards type="Pocket" player="Dan222222">X X</cards>
<action no="3" player="M1ky3ste92" type="23" sum="40"/>
<action no="4" player="FanteDiDenari" type="23" discard="1" dealt="1" sum="570"/>
<action no="5" player="Dan222222" type="0" discard="1" dealt="1" sum="0"/>
<action no="6" player="M1ky3ste92" type="7" sum="430"/>
</round>
<round no="2"><cards type="Flop">H10 SQ S6</cards>
</round>
<round no="3"><cards type="Turn">H5</cards>
</round>
<round no="4"><cards type="River">DJ</cards>
</round>
</game>
</session>
