<?xml version="1.0" encoding="UTF-8"?>
<session sessioncode="5085218775">
<general>
<client_version>25.7.1.50</client_version>
<mode>real</mode>
<gametype>Holdem NL</gametype>
<tablename>Twister €100 SNG, 825267030</tablename>
<tournamentcode>825267029</tournamentcode>
<tournamentname>Twister €100 SNG</tournamentname>
<buyin>€0 + €7 + €93</buyin>
<totalbuyin>€100</totalbuyin>
<rewarddrawn>€200</rewarddrawn>
<tournamentcurrency>EUR</tournamentcurrency>
<currency>EUR</currency>
<nickname>M1ky3ste92</nickname>
<gamecount>15</gamecount>
<startdate>2025-12-31 17:49:11</startdate>
<place>2</place>
<win>€0</win>
<tablesize>3</tablesize>
</general>
<game gamecode="6578055598"><general>
<startdate>2025-12-31 17:49:26</startdate>
<round>1</round>
<failsafecounter/>
<players><player seat="6" name="Tiuualex" chips="500" dealer="0" win="650" bet="320" muck="0" rebuy="0" addon="0" merge="0" rebuychips="0" reg_code="5085220689"/>
<player seat="10" name="AceSuperManu" chips="500" dealer="1" win="0" bet="320" muck="1" rebuy="0" addon="0" merge="0" rebuychips="0" reg_code="5085220735"/>
<player seat="3" name="M1ky3ste92" chips="500" dealer="0" win="0" bet="10" muck="1" rebuy="0" addon="0" merge="0" rebuychips="0" reg_code="5085218775"/>
</players>
</general>
<round no="0"><action no="1" player="M1ky3ste92" type="1" sum="10"/>
<action no="2" player="Tiuualex" type="2" discard="1" dealt="1" sum="20"/>
</round>
<round no="1"><cards type="Pocket" player="Tiuualex">D3 DQ</cards>
<cards type="Pocket" player="AceSuperManu">HQ SK</cards>
<cards type="Pocket" player="M1ky3ste92">H5 CA</cards>
<action no="3" player="AceSuperManu" type="23" discard="1" dealt="1" sum="40"/>
<action no="4" player="M1ky3ste92" type="0" sum="0"/>
<action no="5" player="Tiuualex" type="3" discard="1" dealt="1" sum="20"/>
</round>
<round no="2"><cards type="Flop">C8 SJ S3</cards>
<action no="6" player="Tiuualex" type="4" discard="1" dealt="1" sum="0"/>
<action no="7" player="AceSuperManu" type="4" discard="1" dealt="1" sum="0"/>
</round>
<round no="3"><cards type="Turn">SQ</cards>
<action no="8" player="Tiuualex" type="4" discard="1" dealt="1" sum="0"/>
<action no="9" player="AceSuperManu" type="5" discard="1" dealt="1" sum="60"/>
<action no="10" player="Tiuualex" type="23" discard="1" dealt="1" sum="130"/>
<action no="11" player="AceSuperManu" type="3" discard="1" dealt="1" sum="70"/>
</round>
<round no="4"><cards type="River">C2</cards>
<action no="12" player="Tiuualex" type="5" discard="1" dealt="1" sum="150"/>
<action no="13" player="AceSuperManu" type="3" discard="1" dealt="1" sum="150"/>
</round>
</game>
<game gamecode="6578055931"><general>
<startdate>2025-12-31 17:50:11</startdate>
<round>1</round>
<failsafecounter/>
<players><player seat="10" name="AceSuperManu" chips="180" dealer="0" win="20" bet="20" muck="1" rebuy="0" addon="0" merge="0" rebuychips="0" reg_code="5085220735"/>
<player seat="3" name="M1ky3ste92" chips="490" dealer="1" win="0" bet="0" muck="1" rebuy="0" addon="0" merge="0" rebuychips="0" reg_code="5085218775"/>
<player seat="6" name="Tiuualex" chips="830" dealer="0" win="0" bet="10" muck="1" rebuy="0" addon="0" merge="0" rebuychips="0" reg_code="5085220689"/>
</players>
</general>
<round no="0"><action no="1" player="Tiuualex" type="1" discard="1" dealt="1" sum="10"/>
<action no="2" player="AceSuperManu" type="2" discard="1" dealt="1" sum="20"/>
</round>
<round no="1"><cards type="Pocket" player="Tiuualex">X X</cards>
<cards type="Pocket" player="M1ky3ste92">S4 H2</cards>
<cards type="Pocket" player="AceSuperManu">X X</cards>
<action no="3" player="M1ky3ste92" type="0" sum="0"/>
<action no="4" player="Tiuualex" type="0" discard="1" dealt="1" sum="0"/>
</round>
</game>
<game gamecode="6578055983"><general>
<startdate>2025-12-31 17:50:18</startdate>
<round>1</round>
<failsafecounter/>
<players><player seat="3" name="M1ky3ste92" chips="490" dealer="0" win="0" bet="20" muck="1" rebuy="0" addon="0" merge="0" rebuychips="0" reg_code="5085218775"/>
<player seat="6" name="Tiuualex" chips="820" dealer="1" win="0" bet="0" muck="1" rebuy="0" addon="0" merge="0" rebuychips="0" reg_code="5085220689"/>
<player seat="10" name="AceSuperManu" chips="190" dealer="0" win="40" bet="40" muck="1" rebuy="0" addon="0" merge="0" rebuychips="0" reg_code="5085220735"/>
</players>
</general>
<round no="0"><action no="1" player="AceSuperManu" type="1" discard="1" dealt="1" sum="10"/>
<action no="2" player="M1ky3ste92" type="2" sum="20"/>
</round>
<round no="1"><cards type="Pocket" player="M1ky3ste92">C4 S2</cards>
<cards type="Pocket" player="Tiuualex">X X</cards>
<cards type="Pocket" player="AceSuperManu">X X</cards>
<action no="3" player="Tiuualex" type="0" discard="1" dealt="1" sum="0"/>
<action no="4" player="AceSuperManu" type="23" discard="1" dealt="1" sum="40"/>
<action no="5" player="M1ky3ste92" type="0" sum="0"/>
</round>
</game>
<game gamecode="6578056043"><general>
<startdate>2025-12-31 17:50:26</startdate>
<round>1</round>
<failsafecounter/>
<players><player seat="6" name="Tiuualex" chips="820" dealer="0" win="0" bet="40" muck="1" rebuy="0" addon="0" merge="0" rebuychips="0" reg_code="5085220689"/>
<player seat="10" name="AceSuperManu" chips="210" dealer="1" win="0" bet="0" muck="1" rebuy="0" addon="0" merge="0" rebuychips="0" reg_code="5085220735"/>
<player seat="3" name="M1ky3ste92" chips="470" dealer="0" win="80" bet="40" muck="0" rebuy="0" addon="0" merge="0" rebuychips="0" reg_code="5085218775"/>
</players>
</general>
<round no="0"><action no="1" player="M1ky3ste92" type="1" sum="10"/>
<action no="2" player="Tiuualex" type="2" discard="1" dealt="1" sum="20"/>
</round>
<round no="1"><cards type="Pocket" player="Tiuualex">C3 CK</cards>
<cards type="Pocket" player="AceSuperManu">X X</cards>
<cards type="Pocket" player="M1ky3ste92">HA HJ</cards>
<action no="3" player="AceSuperManu" type="0" discard="1" dealt="1" sum="0"/>
<action no="4" player="M1ky3ste92" type="3" sum="10"/>
<action no="5" player="Tiuualex" type="4" discard="1" dealt="1" sum="0"/>
</round>
<round no="2"><cards type="Flop">H2 CQ CJ</cards>
<action no="6" player="M1ky3ste92" type="5" sum="20"/>
<action no="7" player="Tiuualex" type="3" discard="1" dealt="1" sum="20"/>
</round>
<round no="3"><cards type="Turn">SQ</cards>
<action no="8" player="M1ky3ste92" type="4" sum="0"/>
<action no="9" player="Tiuualex" type="4" discard="1" dealt="1" sum="0"/>
</round>
<round no="4"><cards type="River">H5</cards>
<action no="10" player="M1ky3ste92" type="4" sum="0"/>
<action no="11" player="Tiuualex" type="4" discard="1" dealt="1" sum="0"/>
</round>
</game>
<game gamecode="6578056283"><general>
<startdate>2025-12-31 17:50:59</startdate>
<round>1</round>
<failsafecounter/>
<players><player seat="10" name="AceSuperManu" chips="210" dealer="0" win="120" bet="180" muck="1" rebuy="0" addon="0" merge="0" rebuychips="0" reg_code="5085220735"/>
<player seat="3" name="M1ky3ste92" chips="510" dealer="1" win="0" bet="0" muck="1" rebuy="0" addon="0" merge="0" rebuychips="0" reg_code="5085218775"/>
<player seat="6" name="Tiuualex" chips="780" dealer="0" win="0" bet="60" muck="1" rebuy="0" addon="0" merge="0" rebuychips="0" reg_code="5085220689"/>
</players>
</general>
<round no="0"><action no="1" player="Tiuualex" type="1" discard="1" dealt="1" sum="10"/>
<action no="2" player="AceSuperManu" type="2" discard="1" dealt="1" sum="20"/>
</round>
<round no="1"><cards type="Pocket" player="AceSuperManu">X X</cards>
<cards type="Pocket" player="M1ky3ste92">C5 C2</cards>
<cards type="Pocket" player="Tiuualex">X X</cards>
<action no="3" player="M1ky3ste92" type="0" sum="0"/>
<action no="4" player="Tiuualex" type="3" discard="1" dealt="1" sum="10"/>
<action no="5" player="AceSuperManu" type="4" discard="1" dealt="1" sum="0"/>
</round>
<round no="2"><cards type="Flop">S5 D8 CK</cards>
<action no="6" player="Tiuualex" type="4" discard="1" dealt="1" sum="0"/>
<action no="7" player="AceSuperManu" type="5" discard="1" dealt="1" sum="40"/>
<action no="8" player="Tiuualex" type="3" discard="1" dealt="1" sum="40"/>
</round>
<round no="3"><cards type="Turn">HQ</cards>
<action no="9" player="Tiuualex" type="4" discard="1" dealt="1" sum="0"/>
<action no="10" player="AceSuperManu" type="5" discard="1" dealt="1" sum="120"/>
<action no="11" player="Tiuualex" type="0" discard="1" dealt="1" sum="0"/>
</round>
</game>
<game gamecode="6578056541"><general>
<startdate>2025-12-31 17:51:40</startdate>
<round>1</round>
<failsafecounter/>
<players><player seat="3" name="M1ky3ste92" chips="510" dealer="0" win="75" bet="510" muck="1" rebuy="0" addon="0" merge="0" rebuychips="0" reg_code="5085218775"/>
<player seat="6" name="Tiuualex" chips="720" dealer="1" win="0" bet="5" muck="1" rebuy="0" addon="0" merge="0" rebuychips="0" reg_code="5085220689"/>
<player seat="10" name="AceSuperManu" chips="270" dealer="0" win="0" bet="35" muck="1" rebuy="0" addon="0" merge="0" rebuychips="0" reg_code="5085220735"/>
</players>
</general>
<round no="0"><action no="1" player="AceSuperManu" type="15" discard="1" dealt="1" sum="5"/>
<action no="2" player="M1ky3ste92" type="15" sum="5"/>
<action no="3" player="Tiuualex" type="15" discard="1" dealt="1" sum="5"/>
<action no="4" player="AceSuperManu" type="1" discard="1" dealt="1" sum="15"/>
<action no="5" player="M1ky3ste92" type="2" sum="30"/>
</round>
<round no="1"><cards type="Pocket" player="AceSuperManu">X X</cards>
<cards type="Pocket" player="Tiuualex">X X</cards>
<cards type="Pocket" player="M1ky3ste92">HA S7</cards>
<action no="6" player="Tiuualex" type="0" discard="1" dealt="1" sum="0"/>
<action no="7" player="AceSuperManu" type="3" discard="1" dealt="1" sum="15"/>
<action no="8" player="M1ky3ste92" type="23" sum="505"/>
<action no="9" player="AceSuperManu" type="0" discard="1" dealt="1" sum="0"/>
</round>
</game>
<game gamecode="6578056685"><general>
<startdate>2025-12-31 17:52:01</startdate>
<round>1</round>
<failsafecounter/>
<players><player seat="6" name="Tiuualex" chips="715" dealer="0" win="0" bet="35" muck="1" rebuy="0" addon="0" merge="0" rebuychips="0" reg_code="5085220689"/>
<player seat="10" name="AceSuperManu" chips="235" dealer="1" win="0" bet="235" muck="0" rebuy="0" addon="0" merge="0" rebuychips="0" reg_code="5085220735"/>
<player seat="3" name="M1ky3ste92" chips="550" dealer="0" win="505" bet="550" muck="0" rebuy="0" addon="0" merge="0" rebuychips="0" reg_code="5085218775"/>
</players>
</general>
<round no="0"><action no="1" player="M1ky3ste92" type="15" sum="5"/>
<action no="2" player="Tiuualex" type="15" discard="1" dealt="1" sum="5"/>
<action no="3" player="AceSuperManu" type="15" discard="1" dealt="1" sum="5"/>
<action no="4" player="M1ky3ste92" type="1" sum="15"/>
<action no="5" player="Tiuualex" type="2" discard="1" dealt="1" sum="30"/>
</round>
<round no="1"><cards type="Pocket" player="AceSuperManu">C10 HK</cards>
<cards type="Pocket" player="Tiuualex">X X</cards>
<cards type="Pocket" player="M1ky3ste92">CA H9</cards>
<action no="6" player="AceSuperManu" type="3" discard="1" dealt="1" sum="30"/>
<action no="7" player="M1ky3ste92" type="23" sum="545"/>
<action no="8" player="Tiuualex" type="0" discard="1" dealt="1" sum="0"/>
<action no="9" player="AceSuperManu" type="7" discard="1" dealt="1" sum="200"/>
</round>
<round no="2"><cards type="Flop">D3 D9 HJ</cards>
</round>
<round no="3"><cards type="Turn">C8</cards>
</round>
<round no="4"><cards type="River">S2</cards>
</round>
</game>
<game gamecode="6578056887"><general>
<startdate>2025-12-31 17:52:30</startdate>
<round>1</round>
<failsafecounter/>
<players><player seat="6" name="Tiuualex" chips="680" dealer="0" win="70" bet="95" muck="1" rebuy="0" addon="0" merge="0" rebuychips="0" reg_code="5085220689"/>
<player seat="3" name="M1ky3ste92" chips="820" dealer="1" win="0" bet="35" muck="1" rebuy="0" addon="0" merge="0" rebuychips="0" reg_code="5085218775"/>
</players>
</general>
<round no="0"><action no="1" player="M1ky3ste92" type="15" sum="5"/>
<action no="2" player="Tiuualex" type="15" discard="1" dealt="1" sum="5"/>
<action no="3" player="M1ky3ste92" type="1" sum="15"/>
<action no="4" player="Tiuualex" type="2" discard="1" dealt="1" sum="30"/>
</round>
<round no="1"><cards type="Pocket" player="Tiuualex">X X</cards>
<cards type="Pocket" player="M1ky3ste92">H10 S4</cards>
<action no="5" player="M1ky3ste92" type="3" sum="15"/>
<action no="6" player="Tiuualex" type="23" discard="1" dealt="1" sum="90"/>
<action no="7" player="M1ky3ste92" type="0" sum="0"/>
</round>
</game>
<game gamecode="6578057008"><general>
<startdate>2025-12-31 17:52:47</startdate>
<round>1</round>
<failsafecounter/>
<players><player seat="3" name="M1ky3ste92" chips="785" dealer="0" win="0" bet="45" muck="1" rebuy="0" addon="0" merge="0" rebuychips="0" reg_code="5085218775"/>
<player seat="6" name="Tiuualex" chips="715" dealer="1" win="90" bet="111" muck="1" rebuy="0" addon="0" merge="0" rebuychips="0" reg_code="5085220689"/>
</players>
</general>
<round no="0"><action no="1" player="Tiuualex" type="15" discard="1" dealt="1" sum="5"/>
<action no="2" player="M1ky3ste92" type="15" sum="5"/>
<action no="3" player="Tiuualex" type="1" discard="1" dealt="1" sum="20"/>
<action no="4" player="M1ky3ste92" type="2" sum="40"/>
</round>
<round no="1"><cards type="Pocket" player="Tiuualex">X X</cards>
<cards type="Pocket" player="M1ky3ste92">H6 C5</cards>
<action no="5" player="Tiuualex" type="3" discard="1" dealt="1" sum="20"/>
<action no="6" player="M1ky3ste92" type="4" sum="0"/>
</round>
<round no="2"><cards type="Flop">SA S4 D10</cards>
<action no="7" player="M1ky3ste92" type="4" sum="0"/>
<action no="8" player="Tiuualex" type="5" discard="1" dealt="1" sum="66"/>
<action no="9" player="M1ky3ste92" type="0" sum="0"/>
</round>
</game>
<game gamecode="6578057186"><general>
<startdate>2025-12-31 17:53:11</startdate>
<round>1</round>
<failsafecounter/>
<players><player seat="6" name="Tiuualex" chips="760" dealer="0" win="0" bet="45" muck="1" rebuy="0" addon="0" merge="0" rebuychips="0" reg_code="5085220689"/>
<player seat="3" name="M1ky3ste92" chips="740" dealer="1" win="90" bet="85" muck="1" rebuy="0" addon="0" merge="0" rebuychips="0" reg_code="5085218775"/>
</players>
</general>
<round no="0"><action no="1" player="M1ky3ste92" type="15" sum="5"/>
<action no="2" player="Tiuualex" type="15" discard="1" dealt="1" sum="5"/>
<action no="3" player="M1ky3ste92" type="1" sum="20"/>
<action no="4" player="Tiuualex" type="2" discard="1" dealt="1" sum="40"/>
</round>
<round no="1"><cards type="Pocket" player="M1ky3ste92">S3 S9</cards>
<cards type="Pocket" player="Tiuualex">X X</cards>
<action no="5" player="M1ky3ste92" type="3" sum="20"/>
<action no="6" player="Tiuualex" type="4" discard="1" dealt="1" sum="0"/>
</round>
<round no="2"><cards type="Flop">CK SJ H3</cards>
<action no="7" player="Tiuualex" type="4" discard="1" dealt="1" sum="0"/>
<action no="8" player="M1ky3ste92" type="5" sum="40"/>
<action no="9" player="Tiuualex" type="0" discard="1" dealt="1" sum="0"/>
</round>
</game>
<game gamecode="6578057354"><general>
<startdate>2025-12-31 17:53:33</startdate>
<round>1</round>
<failsafecounter/>
<players><player seat="3" name="M1ky3ste92" chips="785" dealer="0" win="715" bet="785" muck="0" rebuy="0" addon="0" merge="0" rebuychips="0" reg_code="5085218775"/>
<player seat="6" name="Tiuualex" chips="715" dealer="1" win="715" bet="715" muck="0" rebuy="0" addon="0" merge="0" rebuychips="0" reg_code="5085220689"/>
</players>
</general>
<round no="0"><action no="1" player="Tiuualex" type="15" discard="1" dealt="1" sum="5"/>
<action no="2" player="M1ky3ste92" type="15" sum="5"/>
<action no="3" player="Tiuualex" type="1" discard="1" dealt="1" sum="20"/>
<action no="4" player="M1ky3ste92" type="2" sum="40"/>
</round>
<round no="1"><cards type="Pocket" player="M1ky3ste92">CK H9</cards>
<cards type="Pocket" player="Tiuualex">HK D9</cards>
<action no="5" player="Tiuualex" type="3" discard="1" dealt="1" sum="20"/>
<action no="6" player="M1ky3ste92" type="23" sum="160"/>
<action no="7" player="Tiuualex" type="3" discard="1" dealt="1" sum="120"/>
</round>
<round no="2"><cards type="Flop">S9 CA S4</cards>
<action no="8" player="M1ky3ste92" type="5" sum="80"/>
<action no="9" player="Tiuualex" type="3" discard="1" dealt="1" sum="80"/>
</round>
<round no="3"><cards type="Turn">D6</cards>
<action no="10" player="M1ky3ste92" type="4" sum="0"/>
<action no="11" player="Tiuualex" type="5" discard="1" dealt="1" sum="80"/>
<action no="12" player="M1ky3ste92" type="23" sum="540"/>
<action no="13" player="Tiuualex" type="7" discard="1" dealt="1" sum="390"/>
</round>
<round no="4"><cards type="River">S3</cards>
</round>
</game>
<game gamecode="6578057766"><general>
<startdate>2025-12-31 17:54:27</startdate>
<round>1</round>
<failsafecounter/>
<players><player seat="6" name="Tiuualex" chips="715" dealer="0" win="0" bet="45" muck="1" rebuy="0" addon="0" merge="0" rebuychips="0" reg_code="5085220689"/>
<player seat="3" name="M1ky3ste92" chips="785" dealer="1" win="90" bet="85" muck="1" rebuy="0" addon="0" merge="0" rebuychips="0" reg_code="5085218775"/>
</players>
</general>
<round no="0"><action no="1" player="M1ky3ste92" type="15" sum="5"/>
<action no="2" player="Tiuualex" type="15" discard="1" dealt="1" sum="5"/>
<action no="3" player="M1ky3ste92" type="1" sum="20"/>
<action no="4" player="Tiuualex" type="2" discard="1" dealt="1" sum="40"/>
</round>
<round no="1"><cards type="Pocket" player="Tiuualex">X X</cards>
<cards type="Pocket" player="M1ky3ste92">S10 DQ</cards>
<action no="5" player="M1ky3ste92" type="3" sum="20"/>
<action no="6" player="Tiuualex" type="4" discard="1" dealt="1" sum="0"/>
</round>
<round no="2"><cards type="Flop">CJ H8 D3</cards>
<action no="7" player="Tiuualex" type="4" discard="1" dealt="1" sum="0"/>
<action no="8" player="M1ky3ste92" type="5" sum="40"/>
<action no="9" player="Tiuualex" type="0" discard="1" dealt="1" sum="0"/>
</round>
</game>
<game gamecode="6578057892"><general>
<startdate>2025-12-31 17:54:45</startdate>
<round>1</round>
<failsafecounter/>
<players><player seat="3" name="M1ky3ste92" chips="830" dealer="0" win="130" bet="830" muck="1" rebuy="0" addon="0" merge="0" rebuychips="0" reg_code="5085218775"/>
<player seat="6" name="Tiuualex" chips="670" dealer="1" win="0" bet="65" muck="1" rebuy="0" addon="0" merge="0" rebuychips="0" reg_code="5085220689"/>
</players>
</general>
<round no="0"><action no="1" player="Tiuualex" type="15" discard="1" dealt="1" sum="5"/>
<action no="2" player="M1ky3ste92" type="15" sum="5"/>
<action no="3" player="Tiuualex" type="1" discard="1" dealt="1" sum="30"/>
<action no="4" player="M1ky3ste92" type="2" sum="60"/>
</round>
<round no="1"><cards type="Pocket" player="M1ky3ste92">H4 HA</cards>
<cards type="Pocket" player="Tiuualex">X X</cards>
<action no="5" player="Tiuualex" type="3" discard="1" dealt="1" sum="30"/>
<action no="6" player="M1ky3ste92" type="23" sum="825"/>
<action no="7" player="Tiuualex" type="0" discard="1" dealt="1" sum="0"/>
</round>
</game>
<game gamecode="6578061887"><general>
<startdate>2025-12-31 17:54:53</startdate>
<round>1</round>
<failsafecounter/>
<players><player seat="6" name="Tiuualex" chips="605" dealer="0" win="1,210" bet="605" muck="0" rebuy="0" addon="0" merge="0" rebuychips="0" reg_code="5085220689"/>
<player seat="3" name="M1ky3ste92" chips="895" dealer="1" win="0" bet="895" muck="0" rebuy="0" addon="0" merge="0" rebuychips="0" reg_code="5085218775"/>
</players>
</general>
<round no="0"><action no="1" player="M1ky3ste92" type="15" sum="5"/>
<action no="2" player="Tiuualex" type="15" discard="1" dealt="1" sum="5"/>
<action no="3" player="M1ky3ste92" type="1" sum="30"/>
<action no="4" player="Tiuualex" type="2" discard="1" dealt="1" sum="60"/>
</round>
<round no="1"><cards type="Pocket" player="M1ky3ste92">SJ S7</cards>
<cards type="Pocket" player="Tiuualex">S10 D10</cards>
<action no="5" player="M1ky3ste92" type="23" sum="890"/>
<action no="6" player="Tiuualex" type="7" discard="1" dealt="1" sum="540"/>
</round>
<round no="2"><cards type="Flop">H10 DA C7</cards>
</round>
<round no="3"><cards type="Turn">DQ</cards>
</round>
<round no="4"><cards type="River">S6</cards>
</round>
</game>
<game gamecode="6578062003"><general>
<startdate>2025-12-31 17:55:08</startdate>
<round>1</round>
<failsafecounter/>
<players><player seat="3" name="M1ky3ste92" chips="290" dealer="0" win="0" bet="290" muck="0" rebuy="0" addon="0" merge="0" rebuychips="0" reg_code="5085218775"/>
<player seat="6" name="Tiuualex" chips="1,210" dealer="1" win="580" bet="365" muck="0" rebuy="0" addon="0" merge="0" rebuychips="0" reg_code="5085220689"/>
</players>
</general>
<round no="0"><action no="1" player="Tiuualex" type="15" discard="1" dealt="1" sum="5"/>
<action no="2" player="M1ky3ste92" type="15" sum="5"/>
<action no="3" player="Tiuualex" type="1" discard="1" dealt="1" sum="30"/>
<action no="4" player="M1ky3ste92" type="2" sum="60"/>
</round>
<round no="1"><cards type="Pocket" player="Tiuualex">DQ DA</cards>
<cards type="Pocket" player="M1ky3ste92">HQ D5</cards>
<action no="5" player="Tiuualex" type="23" discard="1" dealt="1" sum="360"/>
<action no="6" player="M1ky3ste92" type="7" sum="225"/>
</round>
<round no="2"><cards type="Flop">C8 H5 HA</cards>
</round>
<round no="3"><cards type="Turn">HJ</cards>
</round>
<round no="4"><cards type="River">SK</cards>
</round>
</game>
</session>
