<?xml version="1.0" encoding="UTF-8"?>
<session sessioncode="5085213357">
<general>
<client_version>25.7.1.50</client_version>
<mode>real</mode>
<gametype>Holdem NL</gametype>
<tablename>Twister €100 SNG, 825266186</tablename>
<tournamentcode>825266185</tournamentcode>
<tournamentname>Twister €100 SNG</tournamentname>
<buyin>€0 + €7 + €93</buyin>
<totalbuyin>€100</totalbuyin>
<rewarddrawn>€300</rewarddrawn>
<tournamentcurrency>EUR</tournamentcurrency>
<currency>EUR</currency>
<nickname>M1ky3ste92</nickname>
<gamecount>5</gamecount>
<startdate>2025-12-31 17:22:56</startdate>
<place>2</place>
<win>€0</win>
<tablesize>3</tablesize>
</general>
<game gamecode="6578020512"><general>
<startdate>2025-12-31 17:23:11</startdate>
<round>1</round>
<failsafecounter/>
<players><player seat="3" name="M1ky3ste92" chips="500" dealer="0" win="40" bet="100" muck="1" rebuy="0" addon="0" merge="0" rebuychips="0" reg_code="5085213357"/>
<player seat="6" name="Polletto71" chips="500" dealer="1" win="0" bet="0" muck="1" rebuy="0" addon="0" merge="0" rebuychips="0" reg_code="5085213434"/>
<player seat="10" name="diabloroma70" chips="500" dealer="0" win="0" bet="20" muck="1" rebuy="0" addon="0" merge="0" rebuychips="0" reg_code="5085213597"/>
</players>
</general>
<round no="0"><action no="1" player="diabloroma70" type="1" discard="1" dealt="1" sum="10"/>
<action no="2" player="M1ky3ste92" type="2" sum="20"/>
</round>
<round no="1"><cards type="Pocket" player="diabloroma70">X X</cards>
<cards type="Pocket" player="M1ky3ste92">D5 C5</cards>
<cards type="Pocket" player="Polletto71">X X</cards>
<action no="3" player="Polletto71" type="0" discard="1" dealt="1" sum="0"/>
<action no="4" player="diabloroma70" type="3" discard="1" dealt="1" sum="10"/>
<action no="5" player="M1ky3ste92" type="23" sum="100"/>
<action no="6" player="diabloroma70" type="0" discard="1" dealt="1" sum="0"/>
</round>
</game>
<game gamecode="6578020569"><general>
<startdate>2025-12-31 17:23:29</startdate>
<round>1</round>
<failsafecounter/>
<players><player seat="6" name="Polletto71" chips="500" dealer="0" win="970" bet="480" muck="0" rebuy="0" addon="0" merge="0" rebuychips="0" reg_code="5085213434"/>
<player seat="10" name="diabloroma70" chips="480" dealer="1" win="0" bet="480" muck="0" rebuy="0" addon="0" merge="0" rebuychips="0" reg_code="5085213597"/>
<player seat="3" name="M1ky3ste92" chips="520" dealer="0" win="0" bet="10" muck="1" rebuy="0" addon="0" merge="0" rebuychips="0" reg_code="5085213357"/>
</players>
</general>
<round no="0"><action no="1" player="M1ky3ste92" type="1" sum="10"/>
<action no="2" player="Polletto71" type="2" discard="1" dealt="1" sum="20"/>
</round>
<round no="1"><cards type="Pocket" player="M1ky3ste92">H2 S5</cards>
<cards type="Pocket" player="diabloroma70">D10 C7</cards>
<cards type="Pocket" player="Polletto71">CK H5</cards>
<action no="3" player="diabloroma70" type="23" discard="1" dealt="1" sum="40"/>
<action no="4" player="M1ky3ste92" type="0" sum="0"/>
<action no="5" player="Polletto71" type="3" discard="1" dealt="1" sum="20"/>
</round>
<round no="2"><cards type="Flop">HJ S2 D9</cards>
<action no="6" player="Polletto71" type="4" discard="1" dealt="1" sum="0"/>
<action no="7" player="diabloroma70" type="5" discard="1" dealt="1" sum="45"/>
<action no="8" player="Polletto71" type="23" discard="1" dealt="1" sum="90"/>
<action no="9" player="diabloroma70" type="3" discard="1" dealt="1" sum="45"/>
</round>
<round no="3"><cards type="Turn">HK</cards>
<action no="10" player="Polletto71" type="5" discard="1" dealt="1" sum="40"/>
<action no="11" player="diabloroma70" type="3" discard="1" dealt="1" sum="40"/>
</round>
<round no="4"><cards type="River">DA</cards>
<action no="12" player="Polletto71" type="4" discard="1" dealt="1" sum="0"/>
<action no="13" player="diabloroma70" type="5" discard="1" dealt="1" sum="310"/>
<action no="14" player="Polletto71" type="3" discard="1" dealt="1" sum="310"/>
</round>
</game>
<game gamecode="6578020688"><general>
<startdate>2025-12-31 17:24:08</startdate>
<round>1</round>
<failsafecounter/>
<players><player seat="6" name="Polletto71" chips="990" dealer="0" win="0" bet="20" muck="1" rebuy="0" addon="0" merge="0" rebuychips="0" reg_code="5085213434"/>
<player seat="3" name="M1ky3ste92" chips="510" dealer="1" win="40" bet="40" muck="1" rebuy="0" addon="0" merge="0" rebuychips="0" reg_code="5085213357"/>
</players>
</general>
<round no="0"><action no="1" player="M1ky3ste92" type="1" sum="10"/>
<action no="2" player="Polletto71" type="2" discard="1" dealt="1" sum="20"/>
</round>
<round no="1"><cards type="Pocket" player="M1ky3ste92">SA CK</cards>
<cards type="Pocket" player="Polletto71">X X</cards>
<action no="3" player="M1ky3ste92" type="23" sum="40"/>
<action no="4" player="Polletto71" type="0" discard="1" dealt="1" sum="0"/>
</round>
</game>
<game gamecode="6578020708"><general>
<startdate>2025-12-31 17:24:18</startdate>
<round>1</round>
<failsafecounter/>
<players><player seat="3" name="M1ky3ste92" chips="530" dealer="0" win="20" bet="20" muck="1" rebuy="0" addon="0" merge="0" rebuychips="0" reg_code="5085213357"/>
<player seat="6" name="Polletto71" chips="970" dealer="1" win="0" bet="10" muck="1" rebuy="0" addon="0" merge="0" rebuychips="0" reg_code="5085213434"/>
</players>
</general>
<round no="0"><action no="1" player="Polletto71" type="1" discard="1" dealt="1" sum="10"/>
<action no="2" player="M1ky3ste92" type="2" sum="20"/>
</round>
<round no="1"><cards type="Pocket" player="Polletto71">X X</cards>
<cards type="Pocket" player="M1ky3ste92">D6 H7</cards>
<action no="3" player="Polletto71" type="0" discard="1" dealt="1" sum="0"/>
</round>
</game>
<game gamecode="6578020732"><general>
<startdate>2025-12-31 17:24:24</startdate>
<round>1</round>
<failsafecounter/>
<players><player seat="6" name="Polletto71" chips="960" dealer="0" win="1,080" bet="540" muck="0" rebuy="0" addon="0" merge="0" rebuychips="0" reg_code="5085213434"/>
<player seat="3" name="M1ky3ste92" chips="540" dealer="1" win="0" bet="540" muck="0" rebuy="0" addon="0" merge="0" rebuychips="0" reg_code="5085213357"/>
</players>
</general>
<round no="0"><action no="1" player="M1ky3ste92" type="1" sum="10"/>
<action no="2" player="Polletto71" type="2" discard="1" dealt="1" sum="20"/>
</round>
<round no="1"><cards type="Pocket" player="M1ky3ste92">HA SJ</cards>
<cards type="Pocket" player="Polletto71">D9 DA</cards>
<action no="3" player="M1ky3ste92" type="23" sum="40"/>
<action no="4" player="Polletto71" type="23" discard="1" dealt="1" sum="80"/>
<action no="5" player="M1ky3ste92" type="23" sum="540"/>
<action no="6" player="Polletto71" type="3" discard="1" dealt="1" sum="460"/>
</round>
<round no="2"><cards type="Flop">DK DJ CQ</cards>
</round>
<round no="3"><cards type="Turn">C4</cards>
</round>
<round no="4"><cards type="River">D8</cards>
</round>
</game>
</session>
