<?xml version="1.0" encoding="UTF-8"?>
<session sessioncode="5085185761">
<general>
<client_version>25.7.1.50</client_version>
<mode>real</mode>
<gametype>Holdem NL</gametype>
<tablename>Twister €100 SNG, 825256879</tablename>
<tournamentcode>825256877</tournamentcode>
<tournamentname>Twister €100 SNG</tournamentname>
<buyin>€0 + €7 + €93</buyin>
<totalbuyin>€100</totalbuyin>
<rewarddrawn>€200</rewarddrawn>
<tournamentcurrency>EUR</tournamentcurrency>
<currency>EUR</currency>
<nickname>M1ky3ste92</nickname>
<gamecount>17</gamecount>
<startdate>2025-12-31 15:52:21</startdate>
<place>1</place>
<win>€200</win>
<tablesize>3</tablesize>
</general>
<game gamecode="6577907935"><general>
<startdate>2025-12-31 15:52:37</startdate>
<round>1</round>
<failsafecounter/>
<players><player seat="10" name="leonardobezzi" chips="500" dealer="0" win="0" bet="40" muck="1" rebuy="0" addon="0" merge="0" rebuychips="0" reg_code="5085186308"/>
<player seat="3" name="M1ky3ste92" chips="500" dealer="1" win="0" bet="0" muck="1" rebuy="0" addon="0" merge="0" rebuychips="0" reg_code="5085185761"/>
<player seat="6" name="FanteDiDenari" chips="500" dealer="0" win="80" bet="100" muck="1" rebuy="0" addon="0" merge="0" rebuychips="0" reg_code="5085185993"/>
</players>
</general>
<round no="0"><action no="1" player="FanteDiDenari" type="1" discard="1" dealt="1" sum="10"/>
<action no="2" player="leonardobezzi" type="2" discard="1" dealt="1" sum="20"/>
</round>
<round no="1"><cards type="Pocket" player="M1ky3ste92">S8 D3</cards>
<cards type="Pocket" player="leonardobezzi">X X</cards>
<cards type="Pocket" player="FanteDiDenari">X X</cards>
<action no="3" player="M1ky3ste92" type="0" sum="0"/>
<action no="4" player="FanteDiDenari" type="3" discard="1" dealt="1" sum="10"/>
<action no="5" player="leonardobezzi" type="4" discard="1" dealt="1" sum="0"/>
</round>
<round no="2"><cards type="Flop">SJ C2 H7</cards>
<action no="6" player="FanteDiDenari" type="5" discard="1" dealt="1" sum="20"/>
<action no="7" player="leonardobezzi" type="3" discard="1" dealt="1" sum="20"/>
</round>
<round no="3"><cards type="Turn">H10</cards>
<action no="8" player="FanteDiDenari" type="5" discard="1" dealt="1" sum="60"/>
<action no="9" player="leonardobezzi" type="0" discard="1" dealt="1" sum="0"/>
</round>
</game>
<game gamecode="6577908156"><general>
<startdate>2025-12-31 15:53:02</startdate>
<round>1</round>
<failsafecounter/>
<players><player seat="3" name="M1ky3ste92" chips="500" dealer="0" win="0" bet="20" muck="1" rebuy="0" addon="0" merge="0" rebuychips="0" reg_code="5085185761"/>
<player seat="6" name="FanteDiDenari" chips="540" dealer="1" win="416" bet="540" muck="1" rebuy="0" addon="0" merge="0" rebuychips="0" reg_code="5085185993"/>
<player seat="10" name="leonardobezzi" chips="460" dealer="0" win="0" bet="198" muck="1" rebuy="0" addon="0" merge="0" rebuychips="0" reg_code="5085186308"/>
</players>
</general>
<round no="0"><action no="1" player="leonardobezzi" type="1" discard="1" dealt="1" sum="10"/>
<action no="2" player="M1ky3ste92" type="2" sum="20"/>
</round>
<round no="1"><cards type="Pocket" player="FanteDiDenari">X X</cards>
<cards type="Pocket" player="M1ky3ste92">H2 C6</cards>
<cards type="Pocket" player="leonardobezzi">X X</cards>
<action no="3" player="FanteDiDenari" type="23" discard="1" dealt="1" sum="40"/>
<action no="4" player="leonardobezzi" type="3" discard="1" dealt="1" sum="30"/>
<action no="5" player="M1ky3ste92" type="0" sum="0"/>
</round>
<round no="2"><cards type="Flop">C8 H9 HK</cards>
<action no="6" player="leonardobezzi" type="4" discard="1" dealt="1" sum="0"/>
<action no="7" player="FanteDiDenari" type="5" discard="1" dealt="1" sum="49"/>
<action no="8" player="leonardobezzi" type="3" discard="1" dealt="1" sum="49"/>
</round>
<round no="3"><cards type="Turn">C3</cards>
<action no="9" player="leonardobezzi" type="4" discard="1" dealt="1" sum="0"/>
<action no="10" player="FanteDiDenari" type="5" discard="1" dealt="1" sum="109"/>
<action no="11" player="leonardobezzi" type="3" discard="1" dealt="1" sum="109"/>
</round>
<round no="4"><cards type="River">DK</cards>
<action no="12" player="leonardobezzi" type="4" discard="1" dealt="1" sum="0"/>
<action no="13" player="FanteDiDenari" type="5" discard="1" dealt="1" sum="342"/>
<action no="14" player="leonardobezzi" type="0" discard="1" dealt="1" sum="0"/>
</round>
</game>
<game gamecode="6577908543"><general>
<startdate>2025-12-31 15:53:46</startdate>
<round>1</round>
<failsafecounter/>
<players><player seat="6" name="FanteDiDenari" chips="758" dealer="0" win="20" bet="20" muck="1" rebuy="0" addon="0" merge="0" rebuychips="0" reg_code="5085185993"/>
<player seat="10" name="leonardobezzi" chips="262" dealer="1" win="0" bet="0" muck="1" rebuy="0" addon="0" merge="0" rebuychips="0" reg_code="5085186308"/>
<player seat="3" name="M1ky3ste92" chips="480" dealer="0" win="0" bet="10" muck="1" rebuy="0" addon="0" merge="0" rebuychips="0" reg_code="5085185761"/>
</players>
</general>
<round no="0"><action no="1" player="M1ky3ste92" type="1" sum="10"/>
<action no="2" player="FanteDiDenari" type="2" discard="1" dealt="1" sum="20"/>
</round>
<round no="1"><cards type="Pocket" player="M1ky3ste92">H5 C6</cards>
<cards type="Pocket" player="FanteDiDenari">X X</cards>
<cards type="Pocket" player="leonardobezzi">X X</cards>
<action no="3" player="leonardobezzi" type="0" discard="1" dealt="1" sum="0"/>
<action no="4" player="M1ky3ste92" type="0" sum="0"/>
</round>
</game>
<game gamecode="6577908718"><general>
<startdate>2025-12-31 15:54:03</startdate>
<round>1</round>
<failsafecounter/>
<players><player seat="10" name="leonardobezzi" chips="262" dealer="0" win="0" bet="262" muck="0" rebuy="0" addon="0" merge="0" rebuychips="0" reg_code="5085186308"/>
<player seat="3" name="M1ky3ste92" chips="470" dealer="1" win="0" bet="0" muck="1" rebuy="0" addon="0" merge="0" rebuychips="0" reg_code="5085185761"/>
<player seat="6" name="FanteDiDenari" chips="768" dealer="0" win="524" bet="768" muck="0" rebuy="0" addon="0" merge="0" rebuychips="0" reg_code="5085185993"/>
</players>
</general>
<round no="0"><action no="1" player="FanteDiDenari" type="1" discard="1" dealt="1" sum="10"/>
<action no="2" player="leonardobezzi" type="2" discard="1" dealt="1" sum="20"/>
</round>
<round no="1"><cards type="Pocket" player="FanteDiDenari">H4 S4</cards>
<cards type="Pocket" player="M1ky3ste92">H7 DQ</cards>
<cards type="Pocket" player="leonardobezzi">C9 HK</cards>
<action no="3" player="M1ky3ste92" type="0" sum="0"/>
<action no="4" player="FanteDiDenari" type="23" discard="1" dealt="1" sum="768"/>
<action no="5" player="leonardobezzi" type="7" discard="1" dealt="1" sum="242"/>
</round>
<round no="2"><cards type="Flop">C4 HJ D6</cards>
</round>
<round no="3"><cards type="Turn">SK</cards>
</round>
<round no="4"><cards type="River">C10</cards>
</round>
</game>
<game gamecode="6577908899"><general>
<startdate>2025-12-31 15:54:25</startdate>
<round>1</round>
<failsafecounter/>
<players><player seat="3" name="M1ky3ste92" chips="470" dealer="0" win="0" bet="35" muck="1" rebuy="0" addon="0" merge="0" rebuychips="0" reg_code="5085185761"/>
<player seat="6" name="FanteDiDenari" chips="1,030" dealer="1" win="70" bet="65" muck="1" rebuy="0" addon="0" merge="0" rebuychips="0" reg_code="5085185993"/>
</players>
</general>
<round no="0"><action no="1" player="FanteDiDenari" type="15" discard="1" dealt="1" sum="5"/>
<action no="2" player="M1ky3ste92" type="15" sum="5"/>
<action no="3" player="FanteDiDenari" type="1" discard="1" dealt="1" sum="15"/>
<action no="4" player="M1ky3ste92" type="2" sum="30"/>
</round>
<round no="1"><cards type="Pocket" player="M1ky3ste92">D3 C5</cards>
<cards type="Pocket" player="FanteDiDenari">X X</cards>
<action no="5" player="FanteDiDenari" type="3" discard="1" dealt="1" sum="15"/>
<action no="6" player="M1ky3ste92" type="4" sum="0"/>
</round>
<round no="2"><cards type="Flop">CK H8 H10</cards>
<action no="7" player="M1ky3ste92" type="4" sum="0"/>
<action no="8" player="FanteDiDenari" type="5" discard="1" dealt="1" sum="30"/>
<action no="9" player="M1ky3ste92" type="0" sum="0"/>
</round>
</game>
<game gamecode="6577909073"><general>
<startdate>2025-12-31 15:54:44</startdate>
<round>1</round>
<failsafecounter/>
<players><player seat="6" name="FanteDiDenari" chips="1,065" dealer="0" win="40" bet="35" muck="1" rebuy="0" addon="0" merge="0" rebuychips="0" reg_code="5085185993"/>
<player seat="3" name="M1ky3ste92" chips="435" dealer="1" win="0" bet="20" muck="1" rebuy="0" addon="0" merge="0" rebuychips="0" reg_code="5085185761"/>
</players>
</general>
<round no="0"><action no="1" player="M1ky3ste92" type="15" sum="5"/>
<action no="2" player="FanteDiDenari" type="15" discard="1" dealt="1" sum="5"/>
<action no="3" player="M1ky3ste92" type="1" sum="15"/>
<action no="4" player="FanteDiDenari" type="2" discard="1" dealt="1" sum="30"/>
</round>
<round no="1"><cards type="Pocket" player="M1ky3ste92">S2 C9</cards>
<cards type="Pocket" player="FanteDiDenari">X X</cards>
<action no="5" player="M1ky3ste92" type="0" sum="0"/>
</round>
</game>
<game gamecode="6577909139"><general>
<startdate>2025-12-31 15:54:51</startdate>
<round>1</round>
<failsafecounter/>
<players><player seat="3" name="M1ky3ste92" chips="415" dealer="0" win="130" bet="65" muck="0" rebuy="0" addon="0" merge="0" rebuychips="0" reg_code="5085185761"/>
<player seat="6" name="FanteDiDenari" chips="1,085" dealer="1" win="0" bet="65" muck="1" rebuy="0" addon="0" merge="0" rebuychips="0" reg_code="5085185993"/>
</players>
</general>
<round no="0"><action no="1" player="FanteDiDenari" type="15" discard="1" dealt="1" sum="5"/>
<action no="2" player="M1ky3ste92" type="15" sum="5"/>
<action no="3" player="FanteDiDenari" type="1" discard="1" dealt="1" sum="15"/>
<action no="4" player="M1ky3ste92" type="2" sum="30"/>
</round>
<round no="1"><cards type="Pocket" player="FanteDiDenari">D2 H9</cards>
<cards type="Pocket" player="M1ky3ste92">CJ D9</cards>
<action no="5" player="FanteDiDenari" type="3" discard="1" dealt="1" sum="15"/>
<action no="6" player="M1ky3ste92" type="4" sum="0"/>
</round>
<round no="2"><cards type="Flop">D6 S9 C10</cards>
<action no="7" player="M1ky3ste92" type="4" sum="0"/>
<action no="8" player="FanteDiDenari" type="5" discard="1" dealt="1" sum="30"/>
<action no="9" player="M1ky3ste92" type="3" sum="30"/>
</round>
<round no="3"><cards type="Turn">D8</cards>
<action no="10" player="M1ky3ste92" type="4" sum="0"/>
<action no="11" player="FanteDiDenari" type="4" discard="1" dealt="1" sum="0"/>
</round>
<round no="4"><cards type="River">C7</cards>
<action no="12" player="M1ky3ste92" type="4" sum="0"/>
<action no="13" player="FanteDiDenari" type="4" discard="1" dealt="1" sum="0"/>
</round>
</game>
<game gamecode="6577909455"><general>
<startdate>2025-12-31 15:55:28</startdate>
<round>1</round>
<failsafecounter/>
<players><player seat="6" name="FanteDiDenari" chips="1,020" dealer="0" win="70" bet="35" muck="0" rebuy="0" addon="0" merge="0" rebuychips="0" reg_code="5085185993"/>
<player seat="3" name="M1ky3ste92" chips="480" dealer="1" win="0" bet="35" muck="1" rebuy="0" addon="0" merge="0" rebuychips="0" reg_code="5085185761"/>
</players>
</general>
<round no="0"><action no="1" player="M1ky3ste92" type="15" sum="5"/>
<action no="2" player="FanteDiDenari" type="15" discard="1" dealt="1" sum="5"/>
<action no="3" player="M1ky3ste92" type="1" sum="15"/>
<action no="4" player="FanteDiDenari" type="2" discard="1" dealt="1" sum="30"/>
</round>
<round no="1"><cards type="Pocket" player="M1ky3ste92">D3 CK</cards>
<cards type="Pocket" player="FanteDiDenari">S8 CJ</cards>
<action no="5" player="M1ky3ste92" type="3" sum="15"/>
<action no="6" player="FanteDiDenari" type="4" discard="1" dealt="1" sum="0"/>
</round>
<round no="2"><cards type="Flop">S7 H8 H9</cards>
<action no="7" player="FanteDiDenari" type="4" discard="1" dealt="1" sum="0"/>
<action no="8" player="M1ky3ste92" type="4" sum="0"/>
</round>
<round no="3"><cards type="Turn">CQ</cards>
<action no="9" player="FanteDiDenari" type="4" discard="1" dealt="1" sum="0"/>
<action no="10" player="M1ky3ste92" type="4" sum="0"/>
</round>
<round no="4"><cards type="River">C4</cards>
<action no="11" player="FanteDiDenari" type="4" discard="1" dealt="1" sum="0"/>
<action no="12" player="M1ky3ste92" type="4" sum="0"/>
</round>
</game>
<game gamecode="6577909790"><general>
<startdate>2025-12-31 15:56:12</startdate>
<round>1</round>
<failsafecounter/>
<players><player seat="3" name="M1ky3ste92" chips="445" dealer="0" win="890" bet="445" muck="0" rebuy="0" addon="0" merge="0" rebuychips="0" reg_code="5085185761"/>
<player seat="6" name="FanteDiDenari" chips="1,055" dealer="1" win="0" bet="1,055" muck="1" rebuy="0" addon="0" merge="0" rebuychips="0" reg_code="5085185993"/>
</players>
</general>
<round no="0"><action no="1" player="FanteDiDenari" type="15" discard="1" dealt="1" sum="5"/>
<action no="2" player="M1ky3ste92" type="15" sum="5"/>
<action no="3" player="FanteDiDenari" type="1" discard="1" dealt="1" sum="20"/>
<action no="4" player="M1ky3ste92" type="2" sum="40"/>
</round>
<round no="1"><cards type="Pocket" player="FanteDiDenari">HK C8</cards>
<cards type="Pocket" player="M1ky3ste92">HA C6</cards>
<action no="5" player="FanteDiDenari" type="23" discard="1" dealt="1" sum="1,050"/>
<action no="6" player="M1ky3ste92" type="7" sum="400"/>
</round>
<round no="2"><cards type="Flop">SQ S9 DA</cards>
</round>
<round no="3"><cards type="Turn">H4</cards>
</round>
<round no="4"><cards type="River">H3</cards>
</round>
</game>
<game gamecode="6577909905"><general>
<startdate>2025-12-31 15:56:26</startdate>
<round>1</round>
<failsafecounter/>
<players><player seat="6" name="FanteDiDenari" chips="610" dealer="0" win="0" bet="45" muck="1" rebuy="0" addon="0" merge="0" rebuychips="0" reg_code="5085185993"/>
<player seat="3" name="M1ky3ste92" chips="890" dealer="1" win="90" bet="90" muck="1" rebuy="0" addon="0" merge="0" rebuychips="0" reg_code="5085185761"/>
</players>
</general>
<round no="0"><action no="1" player="M1ky3ste92" type="15" sum="5"/>
<action no="2" player="FanteDiDenari" type="15" discard="1" dealt="1" sum="5"/>
<action no="3" player="M1ky3ste92" type="1" sum="20"/>
<action no="4" player="FanteDiDenari" type="2" discard="1" dealt="1" sum="40"/>
</round>
<round no="1"><cards type="Pocket" player="FanteDiDenari">X X</cards>
<cards type="Pocket" player="M1ky3ste92">CK SJ</cards>
<action no="5" player="M1ky3ste92" type="3" sum="20"/>
<action no="6" player="FanteDiDenari" type="4" discard="1" dealt="1" sum="0"/>
</round>
<round no="2"><cards type="Flop">HJ SK C6</cards>
<action no="7" player="FanteDiDenari" type="4" discard="1" dealt="1" sum="0"/>
<action no="8" player="M1ky3ste92" type="5" sum="45"/>
<action no="9" player="FanteDiDenari" type="0" discard="1" dealt="1" sum="0"/>
</round>
</game>
<game gamecode="6577910036"><general>
<startdate>2025-12-31 15:56:45</startdate>
<round>1</round>
<failsafecounter/>
<players><player seat="3" name="M1ky3ste92" chips="935" dealer="0" win="0" bet="45" muck="1" rebuy="0" addon="0" merge="0" rebuychips="0" reg_code="5085185761"/>
<player seat="6" name="FanteDiDenari" chips="565" dealer="1" win="90" bet="85" muck="1" rebuy="0" addon="0" merge="0" rebuychips="0" reg_code="5085185993"/>
</players>
</general>
<round no="0"><action no="1" player="FanteDiDenari" type="15" discard="1" dealt="1" sum="5"/>
<action no="2" player="M1ky3ste92" type="15" sum="5"/>
<action no="3" player="FanteDiDenari" type="1" discard="1" dealt="1" sum="20"/>
<action no="4" player="M1ky3ste92" type="2" sum="40"/>
</round>
<round no="1"><cards type="Pocket" player="M1ky3ste92">H3 S10</cards>
<cards type="Pocket" player="FanteDiDenari">X X</cards>
<action no="5" player="FanteDiDenari" type="23" discard="1" dealt="1" sum="80"/>
<action no="6" player="M1ky3ste92" type="0" sum="0"/>
</round>
</game>
<game gamecode="6577910121"><general>
<startdate>2025-12-31 15:56:54</startdate>
<round>1</round>
<failsafecounter/>
<players><player seat="6" name="FanteDiDenari" chips="610" dealer="0" win="90" bet="85" muck="1" rebuy="0" addon="0" merge="0" rebuychips="0" reg_code="5085185993"/>
<player seat="3" name="M1ky3ste92" chips="890" dealer="1" win="0" bet="45" muck="1" rebuy="0" addon="0" merge="0" rebuychips="0" reg_code="5085185761"/>
</players>
</general>
<round no="0"><action no="1" player="M1ky3ste92" type="15" sum="5"/>
<action no="2" player="FanteDiDenari" type="15" discard="1" dealt="1" sum="5"/>
<action no="3" player="M1ky3ste92" type="1" sum="20"/>
<action no="4" player="FanteDiDenari" type="2" discard="1" dealt="1" sum="40"/>
</round>
<round no="1"><cards type="Pocket" player="M1ky3ste92">DK S2</cards>
<cards type="Pocket" player="FanteDiDenari">X X</cards>
<action no="5" player="M1ky3ste92" type="3" sum="20"/>
<action no="6" player="FanteDiDenari" type="4" discard="1" dealt="1" sum="0"/>
</round>
<round no="2"><cards type="Flop">HQ H8 D5</cards>
<action no="7" player="FanteDiDenari" type="4" discard="1" dealt="1" sum="0"/>
<action no="8" player="M1ky3ste92" type="4" sum="0"/>
</round>
<round no="3"><cards type="Turn">D10</cards>
<action no="9" player="FanteDiDenari" type="5" discard="1" dealt="1" sum="40"/>
<action no="10" player="M1ky3ste92" type="0" sum="0"/>
</round>
</game>
<game gamecode="6577910292"><general>
<startdate>2025-12-31 15:57:17</startdate>
<round>1</round>
<failsafecounter/>
<players><player seat="3" name="M1ky3ste92" chips="845" dealer="0" win="0" bet="45" muck="1" rebuy="0" addon="0" merge="0" rebuychips="0" reg_code="5085185761"/>
<player seat="6" name="FanteDiDenari" chips="655" dealer="1" win="90" bet="45" muck="0" rebuy="0" addon="0" merge="0" rebuychips="0" reg_code="5085185993"/>
</players>
</general>
<round no="0"><action no="1" player="FanteDiDenari" type="15" discard="1" dealt="1" sum="5"/>
<action no="2" player="M1ky3ste92" type="15" sum="5"/>
<action no="3" player="FanteDiDenari" type="1" discard="1" dealt="1" sum="20"/>
<action no="4" player="M1ky3ste92" type="2" sum="40"/>
</round>
<round no="1"><cards type="Pocket" player="FanteDiDenari">S4 H8</cards>
<cards type="Pocket" player="M1ky3ste92">S10 C2</cards>
<action no="5" player="FanteDiDenari" type="3" discard="1" dealt="1" sum="20"/>
<action no="6" player="M1ky3ste92" type="4" sum="0"/>
</round>
<round no="2"><cards type="Flop">SJ S9 HK</cards>
<action no="7" player="M1ky3ste92" type="4" sum="0"/>
<action no="8" player="FanteDiDenari" type="4" discard="1" dealt="1" sum="0"/>
</round>
<round no="3"><cards type="Turn">H4</cards>
<action no="9" player="M1ky3ste92" type="4" sum="0"/>
<action no="10" player="FanteDiDenari" type="4" discard="1" dealt="1" sum="0"/>
</round>
<round no="4"><cards type="River">S3</cards>
<action no="11" player="M1ky3ste92" type="4" sum="0"/>
<action no="12" player="FanteDiDenari" type="4" discard="1" dealt="1" sum="0"/>
</round>
</game>
<game gamecode="6577910456"><general>
<startdate>2025-12-31 15:57:37</startdate>
<round>1</round>
<failsafecounter/>
<players><player seat="6" name="FanteDiDenari" chips="700" dealer="0" win="130" bet="700" muck="1" rebuy="0" addon="0" merge="0" rebuychips="0" reg_code="5085185993"/>
<player seat="3" name="M1ky3ste92" chips="800" dealer="1" win="0" bet="65" muck="1" rebuy="0" addon="0" merge="0" rebuychips="0" reg_code="5085185761"/>
</players>
</general>
<round no="0"><action no="1" player="M1ky3ste92" type="15" sum="5"/>
<action no="2" player="FanteDiDenari" type="15" discard="1" dealt="1" sum="5"/>
<action no="3" player="M1ky3ste92" type="1" sum="30"/>
<action no="4" player="FanteDiDenari" type="2" discard="1" dealt="1" sum="60"/>
</round>
<round no="1"><cards type="Pocket" player="M1ky3ste92">S2 H9</cards>
<cards type="Pocket" player="FanteDiDenari">X X</cards>
<action no="5" player="M1ky3ste92" type="3" sum="30"/>
<action no="6" player="FanteDiDenari" type="23" discard="1" dealt="1" sum="695"/>
<action no="7" player="M1ky3ste92" type="0" sum="0"/>
</round>
</game>
<game gamecode="6577910530"><general>
<startdate>2025-12-31 15:57:46</startdate>
<round>1</round>
<failsafecounter/>
<players><player seat="3" name="M1ky3ste92" chips="735" dealer="0" win="1,470" bet="735" muck="0" rebuy="0" addon="0" merge="0" rebuychips="0" reg_code="5085185761"/>
<player seat="6" name="FanteDiDenari" chips="765" dealer="1" win="0" bet="765" muck="1" rebuy="0" addon="0" merge="0" rebuychips="0" reg_code="5085185993"/>
</players>
</general>
<round no="0"><action no="1" player="FanteDiDenari" type="15" discard="1" dealt="1" sum="5"/>
<action no="2" player="M1ky3ste92" type="15" sum="5"/>
<action no="3" player="FanteDiDenari" type="1" discard="1" dealt="1" sum="30"/>
<action no="4" player="M1ky3ste92" type="2" sum="60"/>
</round>
<round no="1"><cards type="Pocket" player="M1ky3ste92">CA CK</cards>
<cards type="Pocket" player="FanteDiDenari">H4 HK</cards>
<action no="5" player="FanteDiDenari" type="23" discard="1" dealt="1" sum="760"/>
<action no="6" player="M1ky3ste92" type="7" sum="670"/>
</round>
<round no="2"><cards type="Flop">C2 H7 H10</cards>
</round>
<round no="3"><cards type="Turn">DQ</cards>
</round>
<round no="4"><cards type="River">CQ</cards>
</round>
</game>
<game gamecode="6577914332"><general>
<startdate>2025-12-31 15:58:01</startdate>
<round>1</round>
<failsafecounter/>
<players><player seat="6" name="FanteDiDenari" chips="30" dealer="0" win="60" bet="30" muck="0" rebuy="0" addon="0" merge="0" rebuychips="0" reg_code="5085185993"/>
<player seat="3" name="M1ky3ste92" chips="1,470" dealer="1" win="0" bet="35" muck="0" rebuy="0" addon="0" merge="0" rebuychips="0" reg_code="5085185761"/>
</players>
</general>
<round no="0"><action no="1" player="M1ky3ste92" type="15" sum="5"/>
<action no="2" player="FanteDiDenari" type="15" discard="1" dealt="1" sum="5"/>
<action no="3" player="M1ky3ste92" type="1" sum="30"/>
<action no="4" player="FanteDiDenari" type="2" discard="1" dealt="1" sum="25"/>
</round>
<round no="1"><cards type="Pocket" player="M1ky3ste92">H10 SJ</cards>
<cards type="Pocket" player="FanteDiDenari">H4 S5</cards>
</round>
<round no="2"><cards type="Flop">H8 S2 D2</cards>
</round>
<round no="3"><cards type="Turn">H9</cards>
</round>
<round no="4"><cards type="River">C4</cards>
</round>
</game>
<game gamecode="6577914430"><general>
<startdate>2025-12-31 15:58:13</startdate>
<round>1</round>
<failsafecounter/>
<players><player seat="3" name="M1ky3ste92" chips="1,440" dealer="0" win="120" bet="65" muck="0" rebuy="0" addon="0" merge="0" rebuychips="0" reg_code="5085185761"/>
<player seat="6" name="FanteDiDenari" chips="60" dealer="1" win="0" bet="60" muck="1" rebuy="0" addon="0" merge="0" rebuychips="0" reg_code="5085185993"/>
</players>
</general>
<round no="0"><action no="1" player="FanteDiDenari" type="15" discard="1" dealt="1" sum="5"/>
<action no="2" player="M1ky3ste92" type="15" sum="5"/>
<action no="3" player="FanteDiDenari" type="1" discard="1" dealt="1" sum="30"/>
<action no="4" player="M1ky3ste92" type="2" sum="60"/>
</round>
<round no="1"><cards type="Pocket" player="FanteDiDenari">D8 DA</cards>
<cards type="Pocket" player="M1ky3ste92">HQ SQ</cards>
<action no="5" player="FanteDiDenari" type="7" discard="1" dealt="1" sum="25"/>
</round>
<round no="2"><cards type="Flop">S4 C9 D6</cards>
</round>
<round no="3"><cards type="Turn">H10</cards>
</round>
<round no="4"><cards type="River">S10</cards>
</round>
</game>
</session>
