<?xml version="1.0" encoding="UTF-8"?>
<session sessioncode="5085182112">
<general>
<client_version>25.7.1.50</client_version>
<mode>real</mode>
<gametype>Holdem NL</gametype>
<tablename>Twister €100 SNG, 825255367</tablename>
<tournamentcode>825255366</tournamentcode>
<tournamentname>Twister €100 SNG</tournamentname>
<buyin>€0 + €7 + €93</buyin>
<totalbuyin>€100</totalbuyin>
<rewarddrawn>€300</rewarddrawn>
<tournamentcurrency>EUR</tournamentcurrency>
<currency>EUR</currency>
<nickname>M1ky3ste92</nickname>
<gamecount>11</gamecount>
<startdate>2025-12-31 15:38:55</startdate>
<place>2</place>
<win>€0</win>
<tablesize>3</tablesize>
</general>
<game gamecode="6577888448"><general>
<startdate>2025-12-31 15:39:10</startdate>
<round>1</round>
<failsafecounter/>
<players><player seat="6" name="maxx111361" chips="500" dealer="0" win="0" bet="182" muck="1" rebuy="0" addon="0" merge="0" rebuychips="0" reg_code="5085181857"/>
<player seat="10" name="M1ky3ste92" chips="500" dealer="1" win="0" bet="0" muck="1" rebuy="0" addon="0" merge="0" rebuychips="0" reg_code="5085182112"/>
<player seat="3" name="FanteDiDenari" chips="500" dealer="0" win="364" bet="182" muck="0" rebuy="0" addon="0" merge="0" rebuychips="0" reg_code="5085180945"/>
</players>
</general>
<round no="0"><action no="1" player="FanteDiDenari" type="1" discard="1" dealt="1" sum="10"/>
<action no="2" player="maxx111361" type="2" discard="1" dealt="1" sum="20"/>
</round>
<round no="1"><cards type="Pocket" player="M1ky3ste92">C5 D6</cards>
<cards type="Pocket" player="maxx111361">S8 HJ</cards>
<cards type="Pocket" player="FanteDiDenari">C10 DK</cards>
<action no="3" player="M1ky3ste92" type="0" sum="0"/>
<action no="4" player="FanteDiDenari" type="3" discard="1" dealt="1" sum="10"/>
<action no="5" player="maxx111361" type="23" discard="1" dealt="1" sum="60"/>
<action no="6" player="FanteDiDenari" type="3" discard="1" dealt="1" sum="40"/>
</round>
<round no="2"><cards type="Flop">DJ SK DA</cards>
<action no="7" player="FanteDiDenari" type="4" discard="1" dealt="1" sum="0"/>
<action no="8" player="maxx111361" type="5" discard="1" dealt="1" sum="60"/>
<action no="9" player="FanteDiDenari" type="3" discard="1" dealt="1" sum="60"/>
</round>
<round no="3"><cards type="Turn">CA</cards>
<action no="10" player="FanteDiDenari" type="4" discard="1" dealt="1" sum="0"/>
<action no="11" player="maxx111361" type="4" discard="1" dealt="1" sum="0"/>
</round>
<round no="4"><cards type="River">C6</cards>
<action no="12" player="FanteDiDenari" type="5" discard="1" dealt="1" sum="62"/>
<action no="13" player="maxx111361" type="3" discard="1" dealt="1" sum="62"/>
</round>
</game>
<game gamecode="6577888726"><general>
<startdate>2025-12-31 15:39:41</startdate>
<round>1</round>
<failsafecounter/>
<players><player seat="10" name="M1ky3ste92" chips="500" dealer="0" win="20" bet="20" muck="1" rebuy="0" addon="0" merge="0" rebuychips="0" reg_code="5085182112"/>
<player seat="3" name="FanteDiDenari" chips="682" dealer="1" win="0" bet="0" muck="1" rebuy="0" addon="0" merge="0" rebuychips="0" reg_code="5085180945"/>
<player seat="6" name="maxx111361" chips="318" dealer="0" win="0" bet="10" muck="1" rebuy="0" addon="0" merge="0" rebuychips="0" reg_code="5085181857"/>
</players>
</general>
<round no="0"><action no="1" player="maxx111361" type="1" discard="1" dealt="1" sum="10"/>
<action no="2" player="M1ky3ste92" type="2" sum="20"/>
</round>
<round no="1"><cards type="Pocket" player="maxx111361">X X</cards>
<cards type="Pocket" player="M1ky3ste92">H2 H9</cards>
<cards type="Pocket" player="FanteDiDenari">X X</cards>
<action no="3" player="FanteDiDenari" type="0" discard="1" dealt="1" sum="0"/>
<action no="4" player="maxx111361" type="0" discard="1" dealt="1" sum="0"/>
</round>
</game>
<game gamecode="6577888777"><general>
<startdate>2025-12-31 15:39:47</startdate>
<round>1</round>
<failsafecounter/>
<players><player seat="3" name="FanteDiDenari" chips="682" dealer="0" win="0" bet="40" muck="1" rebuy="0" addon="0" merge="0" rebuychips="0" reg_code="5085180945"/>
<player seat="6" name="maxx111361" chips="308" dealer="1" win="90" bet="130" muck="1" rebuy="0" addon="0" merge="0" rebuychips="0" reg_code="5085181857"/>
<player seat="10" name="M1ky3ste92" chips="510" dealer="0" win="0" bet="10" muck="1" rebuy="0" addon="0" merge="0" rebuychips="0" reg_code="5085182112"/>
</players>
</general>
<round no="0"><action no="1" player="M1ky3ste92" type="1" sum="10"/>
<action no="2" player="FanteDiDenari" type="2" discard="1" dealt="1" sum="20"/>
</round>
<round no="1"><cards type="Pocket" player="maxx111361">X X</cards>
<cards type="Pocket" player="FanteDiDenari">X X</cards>
<cards type="Pocket" player="M1ky3ste92">H7 HK</cards>
<action no="3" player="maxx111361" type="23" discard="1" dealt="1" sum="40"/>
<action no="4" player="M1ky3ste92" type="0" sum="0"/>
<action no="5" player="FanteDiDenari" type="3" discard="1" dealt="1" sum="20"/>
</round>
<round no="2"><cards type="Flop">CA C3 S9</cards>
<action no="6" player="FanteDiDenari" type="4" discard="1" dealt="1" sum="0"/>
<action no="7" player="maxx111361" type="5" discard="1" dealt="1" sum="90"/>
<action no="8" player="FanteDiDenari" type="0" discard="1" dealt="1" sum="0"/>
</round>
</game>
<game gamecode="6577888965"><general>
<startdate>2025-12-31 15:40:08</startdate>
<round>1</round>
<failsafecounter/>
<players><player seat="6" name="maxx111361" chips="358" dealer="0" win="716" bet="358" muck="0" rebuy="0" addon="0" merge="0" rebuychips="0" reg_code="5085181857"/>
<player seat="10" name="M1ky3ste92" chips="500" dealer="1" win="0" bet="0" muck="1" rebuy="0" addon="0" merge="0" rebuychips="0" reg_code="5085182112"/>
<player seat="3" name="FanteDiDenari" chips="642" dealer="0" win="0" bet="642" muck="0" rebuy="0" addon="0" merge="0" rebuychips="0" reg_code="5085180945"/>
</players>
</general>
<round no="0"><action no="1" player="FanteDiDenari" type="1" discard="1" dealt="1" sum="10"/>
<action no="2" player="maxx111361" type="2" discard="1" dealt="1" sum="20"/>
</round>
<round no="1"><cards type="Pocket" player="maxx111361">DJ DQ</cards>
<cards type="Pocket" player="M1ky3ste92">D6 C5</cards>
<cards type="Pocket" player="FanteDiDenari">HA H3</cards>
<action no="3" player="M1ky3ste92" type="0" sum="0"/>
<action no="4" player="FanteDiDenari" type="3" discard="1" dealt="1" sum="10"/>
<action no="5" player="maxx111361" type="23" discard="1" dealt="1" sum="60"/>
<action no="6" player="FanteDiDenari" type="23" discard="1" dealt="1" sum="642"/>
<action no="7" player="maxx111361" type="7" discard="1" dealt="1" sum="298"/>
</round>
<round no="2"><cards type="Flop">S10 S3 HJ</cards>
</round>
<round no="3"><cards type="Turn">D4</cards>
</round>
<round no="4"><cards type="River">H5</cards>
</round>
</game>
<game gamecode="6577889136"><general>
<startdate>2025-12-31 15:40:30</startdate>
<round>1</round>
<failsafecounter/>
<players><player seat="10" name="M1ky3ste92" chips="500" dealer="0" win="578" bet="500" muck="0" rebuy="0" addon="0" merge="0" rebuychips="0" reg_code="5085182112"/>
<player seat="3" name="FanteDiDenari" chips="284" dealer="1" win="0" bet="284" muck="1" rebuy="0" addon="0" merge="0" rebuychips="0" reg_code="5085180945"/>
<player seat="6" name="maxx111361" chips="716" dealer="0" win="0" bet="10" muck="1" rebuy="0" addon="0" merge="0" rebuychips="0" reg_code="5085181857"/>
</players>
</general>
<round no="0"><action no="1" player="maxx111361" type="1" discard="1" dealt="1" sum="10"/>
<action no="2" player="M1ky3ste92" type="2" sum="20"/>
</round>
<round no="1"><cards type="Pocket" player="maxx111361">X X</cards>
<cards type="Pocket" player="M1ky3ste92">H4 H2</cards>
<cards type="Pocket" player="FanteDiDenari">DA C3</cards>
<action no="3" player="FanteDiDenari" type="23" discard="1" dealt="1" sum="40"/>
<action no="4" player="maxx111361" type="0" discard="1" dealt="1" sum="0"/>
<action no="5" player="M1ky3ste92" type="3" sum="20"/>
</round>
<round no="2"><cards type="Flop">S5 D2 D3</cards>
<action no="6" player="M1ky3ste92" type="4" sum="0"/>
<action no="7" player="FanteDiDenari" type="5" discard="1" dealt="1" sum="20"/>
<action no="8" player="M1ky3ste92" type="23" sum="460"/>
<action no="9" player="FanteDiDenari" type="7" discard="1" dealt="1" sum="224"/>
</round>
<round no="3"><cards type="Turn">C5</cards>
</round>
<round no="4"><cards type="River">SA</cards>
</round>
</game>
<game gamecode="6577889367"><general>
<startdate>2025-12-31 15:40:58</startdate>
<round>1</round>
<failsafecounter/>
<players><player seat="10" name="M1ky3ste92" chips="794" dealer="0" win="0" bet="35" muck="1" rebuy="0" addon="0" merge="0" rebuychips="0" reg_code="5085182112"/>
<player seat="6" name="maxx111361" chips="706" dealer="1" win="70" bet="65" muck="1" rebuy="0" addon="0" merge="0" rebuychips="0" reg_code="5085181857"/>
</players>
</general>
<round no="0"><action no="1" player="maxx111361" type="15" discard="1" dealt="1" sum="5"/>
<action no="2" player="M1ky3ste92" type="15" sum="5"/>
<action no="3" player="maxx111361" type="1" discard="1" dealt="1" sum="15"/>
<action no="4" player="M1ky3ste92" type="2" sum="30"/>
</round>
<round no="1"><cards type="Pocket" player="M1ky3ste92">C4 DQ</cards>
<cards type="Pocket" player="maxx111361">X X</cards>
<action no="5" player="maxx111361" type="3" discard="1" dealt="1" sum="15"/>
<action no="6" player="M1ky3ste92" type="4" sum="0"/>
</round>
<round no="2"><cards type="Flop">C7 S8 C9</cards>
<action no="7" player="M1ky3ste92" type="4" sum="0"/>
<action no="8" player="maxx111361" type="5" discard="1" dealt="1" sum="30"/>
<action no="9" player="M1ky3ste92" type="0" sum="0"/>
</round>
</game>
<game gamecode="6577889455"><general>
<startdate>2025-12-31 15:41:11</startdate>
<round>1</round>
<failsafecounter/>
<players><player seat="6" name="maxx111361" chips="741" dealer="0" win="0" bet="125" muck="1" rebuy="0" addon="0" merge="0" rebuychips="0" reg_code="5085181857"/>
<player seat="10" name="M1ky3ste92" chips="759" dealer="1" win="250" bet="235" muck="1" rebuy="0" addon="0" merge="0" rebuychips="0" reg_code="5085182112"/>
</players>
</general>
<round no="0"><action no="1" player="M1ky3ste92" type="15" sum="5"/>
<action no="2" player="maxx111361" type="15" discard="1" dealt="1" sum="5"/>
<action no="3" player="M1ky3ste92" type="1" sum="15"/>
<action no="4" player="maxx111361" type="2" discard="1" dealt="1" sum="30"/>
</round>
<round no="1"><cards type="Pocket" player="M1ky3ste92">S6 DK</cards>
<cards type="Pocket" player="maxx111361">X X</cards>
<action no="5" player="M1ky3ste92" type="23" sum="60"/>
<action no="6" player="maxx111361" type="3" discard="1" dealt="1" sum="30"/>
</round>
<round no="2"><cards type="Flop">S5 H10 C3</cards>
<action no="7" player="maxx111361" type="4" discard="1" dealt="1" sum="0"/>
<action no="8" player="M1ky3ste92" type="4" sum="0"/>
</round>
<round no="3"><cards type="Turn">SK</cards>
<action no="9" player="maxx111361" type="5" discard="1" dealt="1" sum="30"/>
<action no="10" player="M1ky3ste92" type="3" sum="30"/>
</round>
<round no="4"><cards type="River">H2</cards>
<action no="11" player="maxx111361" type="5" discard="1" dealt="1" sum="30"/>
<action no="12" player="M1ky3ste92" type="23" sum="140"/>
<action no="13" player="maxx111361" type="0" discard="1" dealt="1" sum="0"/>
</round>
</game>
<game gamecode="6577889618"><general>
<startdate>2025-12-31 15:41:30</startdate>
<round>1</round>
<failsafecounter/>
<players><player seat="10" name="M1ky3ste92" chips="884" dealer="0" win="288" bet="144" muck="0" rebuy="0" addon="0" merge="0" rebuychips="0" reg_code="5085182112"/>
<player seat="6" name="maxx111361" chips="616" dealer="1" win="0" bet="144" muck="1" rebuy="0" addon="0" merge="0" rebuychips="0" reg_code="5085181857"/>
</players>
</general>
<round no="0"><action no="1" player="maxx111361" type="15" discard="1" dealt="1" sum="5"/>
<action no="2" player="M1ky3ste92" type="15" sum="5"/>
<action no="3" player="maxx111361" type="1" discard="1" dealt="1" sum="15"/>
<action no="4" player="M1ky3ste92" type="2" sum="30"/>
</round>
<round no="1"><cards type="Pocket" player="maxx111361">C8 C9</cards>
<cards type="Pocket" player="M1ky3ste92">CA S6</cards>
<action no="5" player="maxx111361" type="3" discard="1" dealt="1" sum="15"/>
<action no="6" player="M1ky3ste92" type="4" sum="0"/>
</round>
<round no="2"><cards type="Flop">S9 DJ CJ</cards>
<action no="7" player="M1ky3ste92" type="4" sum="0"/>
<action no="8" player="maxx111361" type="5" discard="1" dealt="1" sum="49"/>
<action no="9" player="M1ky3ste92" type="3" sum="49"/>
</round>
<round no="3"><cards type="Turn">SA</cards>
<action no="10" player="M1ky3ste92" type="4" sum="0"/>
<action no="11" player="maxx111361" type="5" discard="1" dealt="1" sum="60"/>
<action no="12" player="M1ky3ste92" type="3" sum="60"/>
</round>
<round no="4"><cards type="River">H8</cards>
<action no="13" player="M1ky3ste92" type="4" sum="0"/>
<action no="14" player="maxx111361" type="4" discard="1" dealt="1" sum="0"/>
</round>
</game>
<game gamecode="6577889856"><general>
<startdate>2025-12-31 15:42:01</startdate>
<round>1</round>
<failsafecounter/>
<players><player seat="6" name="maxx111361" chips="472" dealer="0" win="944" bet="472" muck="0" rebuy="0" addon="0" merge="0" rebuychips="0" reg_code="5085181857"/>
<player seat="10" name="M1ky3ste92" chips="1,028" dealer="1" win="0" bet="472" muck="1" rebuy="0" addon="0" merge="0" rebuychips="0" reg_code="5085182112"/>
</players>
</general>
<round no="0"><action no="1" player="M1ky3ste92" type="15" sum="5"/>
<action no="2" player="maxx111361" type="15" discard="1" dealt="1" sum="5"/>
<action no="3" player="M1ky3ste92" type="1" sum="15"/>
<action no="4" player="maxx111361" type="2" discard="1" dealt="1" sum="30"/>
</round>
<round no="1"><cards type="Pocket" player="M1ky3ste92">H3 CK</cards>
<cards type="Pocket" player="maxx111361">D2 H8</cards>
<action no="5" player="M1ky3ste92" type="3" sum="15"/>
<action no="6" player="maxx111361" type="4" discard="1" dealt="1" sum="0"/>
</round>
<round no="2"><cards type="Flop">SK H4 C2</cards>
<action no="7" player="maxx111361" type="5" discard="1" dealt="1" sum="30"/>
<action no="8" player="M1ky3ste92" type="3" sum="30"/>
</round>
<round no="3"><cards type="Turn">D8</cards>
<action no="9" player="maxx111361" type="5" discard="1" dealt="1" sum="60"/>
<action no="10" player="M1ky3ste92" type="3" sum="60"/>
</round>
<round no="4"><cards type="River">SQ</cards>
<action no="11" player="maxx111361" type="5" discard="1" dealt="1" sum="347"/>
<action no="12" player="M1ky3ste92" type="3" sum="347"/>
</round>
</game>
<game gamecode="6577892771"><general>
<startdate>2025-12-31 15:42:26</startdate>
<round>1</round>
<failsafecounter/>
<players><player seat="10" name="M1ky3ste92" chips="556" dealer="0" win="0" bet="405" muck="1" rebuy="0" addon="0" merge="0" rebuychips="0" reg_code="5085182112"/>
<player seat="6" name="maxx111361" chips="944" dealer="1" win="810" bet="405" muck="0" rebuy="0" addon="0" merge="0" rebuychips="0" reg_code="5085181857"/>
</players>
</general>
<round no="0"><action no="1" player="maxx111361" type="15" discard="1" dealt="1" sum="5"/>
<action no="2" player="M1ky3ste92" type="15" sum="5"/>
<action no="3" player="maxx111361" type="1" discard="1" dealt="1" sum="15"/>
<action no="4" player="M1ky3ste92" type="2" sum="30"/>
</round>
<round no="1"><cards type="Pocket" player="maxx111361">HJ D10</cards>
<cards type="Pocket" player="M1ky3ste92">CJ H8</cards>
<action no="5" player="maxx111361" type="3" discard="1" dealt="1" sum="15"/>
<action no="6" player="M1ky3ste92" type="4" sum="0"/>
</round>
<round no="2"><cards type="Flop">H10 C10 D8</cards>
<action no="7" player="M1ky3ste92" type="4" sum="0"/>
<action no="8" player="maxx111361" type="4" discard="1" dealt="1" sum="0"/>
</round>
<round no="3"><cards type="Turn">S8</cards>
<action no="9" player="M1ky3ste92" type="5" sum="70"/>
<action no="10" player="maxx111361" type="3" discard="1" dealt="1" sum="70"/>
</round>
<round no="4"><cards type="River">CK</cards>
<action no="11" player="M1ky3ste92" type="5" sum="30"/>
<action no="12" player="maxx111361" type="23" discard="1" dealt="1" sum="300"/>
<action no="13" player="M1ky3ste92" type="3" sum="270"/>
</round>
</game>
<game gamecode="6577893014"><general>
<startdate>2025-12-31 15:42:55</startdate>
<round>1</round>
<failsafecounter/>
<players><player seat="6" name="maxx111361" chips="1,349" dealer="0" win="302" bet="151" muck="0" rebuy="0" addon="0" merge="0" rebuychips="0" reg_code="5085181857"/>
<player seat="10" name="M1ky3ste92" chips="151" dealer="1" win="0" bet="151" muck="0" rebuy="0" addon="0" merge="0" rebuychips="0" reg_code="5085182112"/>
</players>
</general>
<round no="0"><action no="1" player="M1ky3ste92" type="15" sum="5"/>
<action no="2" player="maxx111361" type="15" discard="1" dealt="1" sum="5"/>
<action no="3" player="M1ky3ste92" type="1" sum="20"/>
<action no="4" player="maxx111361" type="2" discard="1" dealt="1" sum="40"/>
</round>
<round no="1"><cards type="Pocket" player="M1ky3ste92">C4 S4</cards>
<cards type="Pocket" player="maxx111361">HK C8</cards>
<action no="5" player="M1ky3ste92" type="23" sum="146"/>
<action no="6" player="maxx111361" type="3" discard="1" dealt="1" sum="106"/>
</round>
<round no="2"><cards type="Flop">CK D10 S3</cards>
</round>
<round no="3"><cards type="Turn">HJ</cards>
</round>
<round no="4"><cards type="River">D7</cards>
</round>
</game>
</session>
