<?xml version="1.0" encoding="UTF-8"?>
<session sessioncode="5085191033">
<general>
<client_version>25.7.1.50</client_version>
<mode>real</mode>
<gametype>Holdem NL</gametype>
<tablename>Twister €100 SNG, 825258379</tablename>
<tournamentcode>825258378</tournamentcode>
<tournamentname>Twister €100 SNG</tournamentname>
<buyin>€0 + €7 + €93</buyin>
<totalbuyin>€100</totalbuyin>
<rewarddrawn>€200</rewarddrawn>
<tournamentcurrency>EUR</tournamentcurrency>
<currency>EUR</currency>
<nickname>M1ky3ste92</nickname>
<gamecount>25</gamecount>
<startdate>2025-12-31 16:10:11</startdate>
<place>2</place>
<win>€0</win>
<tablesize>3</tablesize>
</general>
<game gamecode="6577926352"><general>
<startdate>2025-12-31 16:10:27</startdate>
<round>1</round>
<failsafecounter/>
<players><player seat="6" name="EA93" chips="500" dealer="0" win="1,010" bet="500" muck="0" rebuy="0" addon="0" merge="0" rebuychips="0" reg_code="5085191852"/>
<player seat="10" name="leonardobezzi" chips="500" dealer="1" win="0" bet="500" muck="0" rebuy="0" addon="0" merge="0" rebuychips="0" reg_code="5085192108"/>
<player seat="3" name="M1ky3ste92" chips="500" dealer="0" win="0" bet="10" muck="1" rebuy="0" addon="0" merge="0" rebuychips="0" reg_code="5085191033"/>
</players>
</general>
<round no="0"><action no="1" player="M1ky3ste92" type="1" sum="10"/>
<action no="2" player="EA93" type="2" discard="1" dealt="1" sum="20"/>
</round>
<round no="1"><cards type="Pocket" player="EA93">D7 HK</cards>
<cards type="Pocket" player="leonardobezzi">H4 DJ</cards>
<cards type="Pocket" player="M1ky3ste92">S10 C3</cards>
<action no="3" player="leonardobezzi" type="23" discard="1" dealt="1" sum="80"/>
<action no="4" player="M1ky3ste92" type="0" sum="0"/>
<action no="5" player="EA93" type="3" discard="1" dealt="1" sum="60"/>
</round>
<round no="2"><cards type="Flop">CJ C2 C7</cards>
<action no="6" player="EA93" type="5" discard="1" dealt="1" sum="85"/>
<action no="7" player="leonardobezzi" type="23" discard="1" dealt="1" sum="420"/>
<action no="8" player="EA93" type="7" discard="1" dealt="1" sum="335"/>
</round>
<round no="3"><cards type="Turn">S8</cards>
</round>
<round no="4"><cards type="River">CK</cards>
</round>
</game>
<game gamecode="6577926418"><general>
<startdate>2025-12-31 16:10:45</startdate>
<round>1</round>
<failsafecounter/>
<players><player seat="6" name="EA93" chips="1,010" dealer="0" win="20" bet="20" muck="1" rebuy="0" addon="0" merge="0" rebuychips="0" reg_code="5085191852"/>
<player seat="3" name="M1ky3ste92" chips="490" dealer="1" win="0" bet="10" muck="1" rebuy="0" addon="0" merge="0" rebuychips="0" reg_code="5085191033"/>
</players>
</general>
<round no="0"><action no="1" player="M1ky3ste92" type="1" sum="10"/>
<action no="2" player="EA93" type="2" discard="1" dealt="1" sum="20"/>
</round>
<round no="1"><cards type="Pocket" player="M1ky3ste92">HJ S4</cards>
<cards type="Pocket" player="EA93">X X</cards>
<action no="3" player="M1ky3ste92" type="0" sum="0"/>
</round>
</game>
<game gamecode="6577933749"><general>
<startdate>2025-12-31 16:10:50</startdate>
<round>1</round>
<failsafecounter/>
<players><player seat="3" name="M1ky3ste92" chips="480" dealer="0" win="20" bet="20" muck="1" rebuy="0" addon="0" merge="0" rebuychips="0" reg_code="5085191033"/>
<player seat="6" name="EA93" chips="1,020" dealer="1" win="0" bet="10" muck="1" rebuy="0" addon="0" merge="0" rebuychips="0" reg_code="5085191852"/>
</players>
</general>
<round no="0"><action no="1" player="EA93" type="1" discard="1" dealt="1" sum="10"/>
<action no="2" player="M1ky3ste92" type="2" sum="20"/>
</round>
<round no="1"><cards type="Pocket" player="EA93">X X</cards>
<cards type="Pocket" player="M1ky3ste92">H5 H3</cards>
<action no="3" player="EA93" type="0" discard="1" dealt="1" sum="0"/>
</round>
</game>
<game gamecode="6577933772"><general>
<startdate>2025-12-31 16:10:55</startdate>
<round>1</round>
<failsafecounter/>
<players><player seat="6" name="EA93" chips="1,010" dealer="0" win="40" bet="60" muck="1" rebuy="0" addon="0" merge="0" rebuychips="0" reg_code="5085191852"/>
<player seat="3" name="M1ky3ste92" chips="490" dealer="1" win="0" bet="20" muck="1" rebuy="0" addon="0" merge="0" rebuychips="0" reg_code="5085191033"/>
</players>
</general>
<round no="0"><action no="1" player="M1ky3ste92" type="1" sum="10"/>
<action no="2" player="EA93" type="2" discard="1" dealt="1" sum="20"/>
</round>
<round no="1"><cards type="Pocket" player="EA93">X X</cards>
<cards type="Pocket" player="M1ky3ste92">S4 CJ</cards>
<action no="3" player="M1ky3ste92" type="3" sum="10"/>
<action no="4" player="EA93" type="23" discard="1" dealt="1" sum="60"/>
<action no="5" player="M1ky3ste92" type="0" sum="0"/>
</round>
</game>
<game gamecode="6577933812"><general>
<startdate>2025-12-31 16:11:04</startdate>
<round>1</round>
<failsafecounter/>
<players><player seat="3" name="M1ky3ste92" chips="470" dealer="0" win="0" bet="20" muck="1" rebuy="0" addon="0" merge="0" rebuychips="0" reg_code="5085191033"/>
<player seat="6" name="EA93" chips="1,030" dealer="1" win="40" bet="40" muck="1" rebuy="0" addon="0" merge="0" rebuychips="0" reg_code="5085191852"/>
</players>
</general>
<round no="0"><action no="1" player="EA93" type="1" discard="1" dealt="1" sum="10"/>
<action no="2" player="M1ky3ste92" type="2" sum="20"/>
</round>
<round no="1"><cards type="Pocket" player="M1ky3ste92">D3 S6</cards>
<cards type="Pocket" player="EA93">X X</cards>
<action no="3" player="EA93" type="23" discard="1" dealt="1" sum="40"/>
<action no="4" player="M1ky3ste92" type="0" sum="0"/>
</round>
</game>
<game gamecode="6577933847"><general>
<startdate>2025-12-31 16:11:12</startdate>
<round>1</round>
<failsafecounter/>
<players><player seat="6" name="EA93" chips="1,050" dealer="0" win="160" bet="1,050" muck="1" rebuy="0" addon="0" merge="0" rebuychips="0" reg_code="5085191852"/>
<player seat="3" name="M1ky3ste92" chips="450" dealer="1" win="0" bet="80" muck="1" rebuy="0" addon="0" merge="0" rebuychips="0" reg_code="5085191033"/>
</players>
</general>
<round no="0"><action no="1" player="M1ky3ste92" type="1" sum="10"/>
<action no="2" player="EA93" type="2" discard="1" dealt="1" sum="20"/>
</round>
<round no="1"><cards type="Pocket" player="M1ky3ste92">C9 HA</cards>
<cards type="Pocket" player="EA93">X X</cards>
<action no="3" player="M1ky3ste92" type="23" sum="40"/>
<action no="4" player="EA93" type="23" discard="1" dealt="1" sum="80"/>
<action no="5" player="M1ky3ste92" type="3" sum="40"/>
</round>
<round no="2"><cards type="Flop">D10 S10 C4</cards>
<action no="6" player="EA93" type="5" discard="1" dealt="1" sum="970"/>
<action no="7" player="M1ky3ste92" type="0" sum="0"/>
</round>
</game>
<game gamecode="6577933926"><general>
<startdate>2025-12-31 16:11:31</startdate>
<round>1</round>
<failsafecounter/>
<players><player seat="3" name="M1ky3ste92" chips="370" dealer="0" win="0" bet="20" muck="1" rebuy="0" addon="0" merge="0" rebuychips="0" reg_code="5085191033"/>
<player seat="6" name="EA93" chips="1,130" dealer="1" win="40" bet="1,130" muck="1" rebuy="0" addon="0" merge="0" rebuychips="0" reg_code="5085191852"/>
</players>
</general>
<round no="0"><action no="1" player="EA93" type="1" discard="1" dealt="1" sum="10"/>
<action no="2" player="M1ky3ste92" type="2" sum="20"/>
</round>
<round no="1"><cards type="Pocket" player="EA93">X X</cards>
<cards type="Pocket" player="M1ky3ste92">C2 D9</cards>
<action no="3" player="EA93" type="23" discard="1" dealt="1" sum="1,130"/>
<action no="4" player="M1ky3ste92" type="0" sum="0"/>
</round>
</game>
<game gamecode="6577933955"><general>
<startdate>2025-12-31 16:11:38</startdate>
<round>1</round>
<failsafecounter/>
<players><player seat="6" name="EA93" chips="1,150" dealer="0" win="160" bet="80" muck="0" rebuy="0" addon="0" merge="0" rebuychips="0" reg_code="5085191852"/>
<player seat="3" name="M1ky3ste92" chips="350" dealer="1" win="0" bet="80" muck="1" rebuy="0" addon="0" merge="0" rebuychips="0" reg_code="5085191033"/>
</players>
</general>
<round no="0"><action no="1" player="M1ky3ste92" type="1" sum="10"/>
<action no="2" player="EA93" type="2" discard="1" dealt="1" sum="20"/>
</round>
<round no="1"><cards type="Pocket" player="EA93">S8 S4</cards>
<cards type="Pocket" player="M1ky3ste92">S3 CK</cards>
<action no="3" player="M1ky3ste92" type="3" sum="10"/>
<action no="4" player="EA93" type="4" discard="1" dealt="1" sum="0"/>
</round>
<round no="2"><cards type="Flop">DQ C4 CQ</cards>
<action no="5" player="EA93" type="5" discard="1" dealt="1" sum="20"/>
<action no="6" player="M1ky3ste92" type="3" sum="20"/>
</round>
<round no="3"><cards type="Turn">H2</cards>
<action no="7" player="EA93" type="5" discard="1" dealt="1" sum="20"/>
<action no="8" player="M1ky3ste92" type="3" sum="20"/>
</round>
<round no="4"><cards type="River">S2</cards>
<action no="9" player="EA93" type="5" discard="1" dealt="1" sum="20"/>
<action no="10" player="M1ky3ste92" type="3" sum="20"/>
</round>
</game>
<game gamecode="6577934009"><general>
<startdate>2025-12-31 16:11:53</startdate>
<round>1</round>
<failsafecounter/>
<players><player seat="3" name="M1ky3ste92" chips="270" dealer="0" win="20" bet="20" muck="1" rebuy="0" addon="0" merge="0" rebuychips="0" reg_code="5085191033"/>
<player seat="6" name="EA93" chips="1,230" dealer="1" win="0" bet="10" muck="1" rebuy="0" addon="0" merge="0" rebuychips="0" reg_code="5085191852"/>
</players>
</general>
<round no="0"><action no="1" player="EA93" type="1" discard="1" dealt="1" sum="10"/>
<action no="2" player="M1ky3ste92" type="2" sum="20"/>
</round>
<round no="1"><cards type="Pocket" player="M1ky3ste92">D5 S10</cards>
<cards type="Pocket" player="EA93">X X</cards>
<action no="3" player="EA93" type="0" discard="1" dealt="1" sum="0"/>
</round>
</game>
<game gamecode="6577934031"><general>
<startdate>2025-12-31 16:11:58</startdate>
<round>1</round>
<failsafecounter/>
<players><player seat="6" name="EA93" chips="1,220" dealer="0" win="40" bet="40" muck="1" rebuy="0" addon="0" merge="0" rebuychips="0" reg_code="5085191852"/>
<player seat="3" name="M1ky3ste92" chips="280" dealer="1" win="0" bet="20" muck="1" rebuy="0" addon="0" merge="0" rebuychips="0" reg_code="5085191033"/>
</players>
</general>
<round no="0"><action no="1" player="M1ky3ste92" type="1" sum="10"/>
<action no="2" player="EA93" type="2" discard="1" dealt="1" sum="20"/>
</round>
<round no="1"><cards type="Pocket" player="EA93">X X</cards>
<cards type="Pocket" player="M1ky3ste92">S10 C6</cards>
<action no="3" player="M1ky3ste92" type="3" sum="10"/>
<action no="4" player="EA93" type="4" discard="1" dealt="1" sum="0"/>
</round>
<round no="2"><cards type="Flop">S4 CJ S2</cards>
<action no="5" player="EA93" type="5" discard="1" dealt="1" sum="20"/>
<action no="6" player="M1ky3ste92" type="0" sum="0"/>
</round>
</game>
<game gamecode="6577934085"><general>
<startdate>2025-12-31 16:12:13</startdate>
<round>1</round>
<failsafecounter/>
<players><player seat="3" name="M1ky3ste92" chips="260" dealer="0" win="520" bet="260" muck="0" rebuy="0" addon="0" merge="0" rebuychips="0" reg_code="5085191033"/>
<player seat="6" name="EA93" chips="1,240" dealer="1" win="0" bet="1,240" muck="1" rebuy="0" addon="0" merge="0" rebuychips="0" reg_code="5085191852"/>
</players>
</general>
<round no="0"><action no="1" player="EA93" type="15" discard="1" dealt="1" sum="5"/>
<action no="2" player="M1ky3ste92" type="15" sum="5"/>
<action no="3" player="EA93" type="1" discard="1" dealt="1" sum="15"/>
<action no="4" player="M1ky3ste92" type="2" sum="30"/>
</round>
<round no="1"><cards type="Pocket" player="EA93">DJ D5</cards>
<cards type="Pocket" player="M1ky3ste92">H4 CA</cards>
<action no="5" player="EA93" type="23" discard="1" dealt="1" sum="1,235"/>
<action no="6" player="M1ky3ste92" type="7" sum="225"/>
</round>
<round no="2"><cards type="Flop">H10 HQ C10</cards>
</round>
<round no="3"><cards type="Turn">H6</cards>
</round>
<round no="4"><cards type="River">S2</cards>
</round>
</game>
<game gamecode="6577934143"><general>
<startdate>2025-12-31 16:12:30</startdate>
<round>1</round>
<failsafecounter/>
<players><player seat="6" name="EA93" chips="980" dealer="0" win="70" bet="980" muck="1" rebuy="0" addon="0" merge="0" rebuychips="0" reg_code="5085191852"/>
<player seat="3" name="M1ky3ste92" chips="520" dealer="1" win="0" bet="35" muck="1" rebuy="0" addon="0" merge="0" rebuychips="0" reg_code="5085191033"/>
</players>
</general>
<round no="0"><action no="1" player="M1ky3ste92" type="15" sum="5"/>
<action no="2" player="EA93" type="15" discard="1" dealt="1" sum="5"/>
<action no="3" player="M1ky3ste92" type="1" sum="15"/>
<action no="4" player="EA93" type="2" discard="1" dealt="1" sum="30"/>
</round>
<round no="1"><cards type="Pocket" player="M1ky3ste92">C7 HQ</cards>
<cards type="Pocket" player="EA93">X X</cards>
<action no="5" player="M1ky3ste92" type="3" sum="15"/>
<action no="6" player="EA93" type="23" discard="1" dealt="1" sum="975"/>
<action no="7" player="M1ky3ste92" type="0" sum="0"/>
</round>
</game>
<game gamecode="6577934183"><general>
<startdate>2025-12-31 16:12:41</startdate>
<round>1</round>
<failsafecounter/>
<players><player seat="3" name="M1ky3ste92" chips="485" dealer="0" win="0" bet="35" muck="1" rebuy="0" addon="0" merge="0" rebuychips="0" reg_code="5085191033"/>
<player seat="6" name="EA93" chips="1,015" dealer="1" win="70" bet="1,015" muck="1" rebuy="0" addon="0" merge="0" rebuychips="0" reg_code="5085191852"/>
</players>
</general>
<round no="0"><action no="1" player="EA93" type="15" discard="1" dealt="1" sum="5"/>
<action no="2" player="M1ky3ste92" type="15" sum="5"/>
<action no="3" player="EA93" type="1" discard="1" dealt="1" sum="15"/>
<action no="4" player="M1ky3ste92" type="2" sum="30"/>
</round>
<round no="1"><cards type="Pocket" player="M1ky3ste92">D6 C3</cards>
<cards type="Pocket" player="EA93">X X</cards>
<action no="5" player="EA93" type="23" discard="1" dealt="1" sum="1,010"/>
<action no="6" player="M1ky3ste92" type="0" sum="0"/>
</round>
</game>
<game gamecode="6577934216"><general>
<startdate>2025-12-31 16:12:49</startdate>
<round>1</round>
<failsafecounter/>
<players><player seat="6" name="EA93" chips="1,050" dealer="0" win="70" bet="1,050" muck="1" rebuy="0" addon="0" merge="0" rebuychips="0" reg_code="5085191852"/>
<player seat="3" name="M1ky3ste92" chips="450" dealer="1" win="0" bet="35" muck="1" rebuy="0" addon="0" merge="0" rebuychips="0" reg_code="5085191033"/>
</players>
</general>
<round no="0"><action no="1" player="M1ky3ste92" type="15" sum="5"/>
<action no="2" player="EA93" type="15" discard="1" dealt="1" sum="5"/>
<action no="3" player="M1ky3ste92" type="1" sum="15"/>
<action no="4" player="EA93" type="2" discard="1" dealt="1" sum="30"/>
</round>
<round no="1"><cards type="Pocket" player="EA93">X X</cards>
<cards type="Pocket" player="M1ky3ste92">C4 C7</cards>
<action no="5" player="M1ky3ste92" type="3" sum="15"/>
<action no="6" player="EA93" type="23" discard="1" dealt="1" sum="1,045"/>
<action no="7" player="M1ky3ste92" type="0" sum="0"/>
</round>
</game>
<game gamecode="6577934269"><general>
<startdate>2025-12-31 16:13:04</startdate>
<round>1</round>
<failsafecounter/>
<players><player seat="3" name="M1ky3ste92" chips="415" dealer="0" win="40" bet="35" muck="1" rebuy="0" addon="0" merge="0" rebuychips="0" reg_code="5085191033"/>
<player seat="6" name="EA93" chips="1,085" dealer="1" win="0" bet="20" muck="1" rebuy="0" addon="0" merge="0" rebuychips="0" reg_code="5085191852"/>
</players>
</general>
<round no="0"><action no="1" player="EA93" type="15" discard="1" dealt="1" sum="5"/>
<action no="2" player="M1ky3ste92" type="15" sum="5"/>
<action no="3" player="EA93" type="1" discard="1" dealt="1" sum="15"/>
<action no="4" player="M1ky3ste92" type="2" sum="30"/>
</round>
<round no="1"><cards type="Pocket" player="EA93">X X</cards>
<cards type="Pocket" player="M1ky3ste92">H6 S6</cards>
<action no="5" player="EA93" type="0" discard="1" dealt="1" sum="0"/>
</round>
</game>
<game gamecode="6577934287"><general>
<startdate>2025-12-31 16:13:09</startdate>
<round>1</round>
<failsafecounter/>
<players><player seat="6" name="EA93" chips="1,065" dealer="0" win="0" bet="35" muck="1" rebuy="0" addon="0" merge="0" rebuychips="0" reg_code="5085191852"/>
<player seat="3" name="M1ky3ste92" chips="435" dealer="1" win="70" bet="65" muck="1" rebuy="0" addon="0" merge="0" rebuychips="0" reg_code="5085191033"/>
</players>
</general>
<round no="0"><action no="1" player="M1ky3ste92" type="15" sum="5"/>
<action no="2" player="EA93" type="15" discard="1" dealt="1" sum="5"/>
<action no="3" player="M1ky3ste92" type="1" sum="15"/>
<action no="4" player="EA93" type="2" discard="1" dealt="1" sum="30"/>
</round>
<round no="1"><cards type="Pocket" player="M1ky3ste92">D6 DA</cards>
<cards type="Pocket" player="EA93">X X</cards>
<action no="5" player="M1ky3ste92" type="3" sum="15"/>
<action no="6" player="EA93" type="4" discard="1" dealt="1" sum="0"/>
</round>
<round no="2"><cards type="Flop">S8 DK HA</cards>
<action no="7" player="EA93" type="4" discard="1" dealt="1" sum="0"/>
<action no="8" player="M1ky3ste92" type="5" sum="30"/>
<action no="9" player="EA93" type="0" discard="1" dealt="1" sum="0"/>
</round>
</game>
<game gamecode="6577934383"><general>
<startdate>2025-12-31 16:13:34</startdate>
<round>1</round>
<failsafecounter/>
<players><player seat="3" name="M1ky3ste92" chips="470" dealer="0" win="40" bet="35" muck="1" rebuy="0" addon="0" merge="0" rebuychips="0" reg_code="5085191033"/>
<player seat="6" name="EA93" chips="1,030" dealer="1" win="0" bet="20" muck="1" rebuy="0" addon="0" merge="0" rebuychips="0" reg_code="5085191852"/>
</players>
</general>
<round no="0"><action no="1" player="EA93" type="15" discard="1" dealt="1" sum="5"/>
<action no="2" player="M1ky3ste92" type="15" sum="5"/>
<action no="3" player="EA93" type="1" discard="1" dealt="1" sum="15"/>
<action no="4" player="M1ky3ste92" type="2" sum="30"/>
</round>
<round no="1"><cards type="Pocket" player="EA93">X X</cards>
<cards type="Pocket" player="M1ky3ste92">D6 C8</cards>
<action no="5" player="EA93" type="0" discard="1" dealt="1" sum="0"/>
</round>
</game>
<game gamecode="6577934402"><general>
<startdate>2025-12-31 16:13:39</startdate>
<round>1</round>
<failsafecounter/>
<players><player seat="6" name="EA93" chips="1,010" dealer="0" win="0" bet="35" muck="1" rebuy="0" addon="0" merge="0" rebuychips="0" reg_code="5085191852"/>
<player seat="3" name="M1ky3ste92" chips="490" dealer="1" win="70" bet="65" muck="1" rebuy="0" addon="0" merge="0" rebuychips="0" reg_code="5085191033"/>
</players>
</general>
<round no="0"><action no="1" player="M1ky3ste92" type="15" sum="5"/>
<action no="2" player="EA93" type="15" discard="1" dealt="1" sum="5"/>
<action no="3" player="M1ky3ste92" type="1" sum="15"/>
<action no="4" player="EA93" type="2" discard="1" dealt="1" sum="30"/>
</round>
<round no="1"><cards type="Pocket" player="EA93">X X</cards>
<cards type="Pocket" player="M1ky3ste92">C4 D4</cards>
<action no="5" player="M1ky3ste92" type="3" sum="15"/>
<action no="6" player="EA93" type="4" discard="1" dealt="1" sum="0"/>
</round>
<round no="2"><cards type="Flop">H7 HA C5</cards>
<action no="7" player="EA93" type="4" discard="1" dealt="1" sum="0"/>
<action no="8" player="M1ky3ste92" type="4" sum="0"/>
</round>
<round no="3"><cards type="Turn">D6</cards>
<action no="9" player="EA93" type="4" discard="1" dealt="1" sum="0"/>
<action no="10" player="M1ky3ste92" type="5" sum="30"/>
<action no="11" player="EA93" type="0" discard="1" dealt="1" sum="0"/>
</round>
</game>
<game gamecode="6577934465"><general>
<startdate>2025-12-31 16:13:54</startdate>
<round>1</round>
<failsafecounter/>
<players><player seat="3" name="M1ky3ste92" chips="525" dealer="0" win="0" bet="45" muck="1" rebuy="0" addon="0" merge="0" rebuychips="0" reg_code="5085191033"/>
<player seat="6" name="EA93" chips="975" dealer="1" win="90" bet="85" muck="1" rebuy="0" addon="0" merge="0" rebuychips="0" reg_code="5085191852"/>
</players>
</general>
<round no="0"><action no="1" player="EA93" type="15" discard="1" dealt="1" sum="5"/>
<action no="2" player="M1ky3ste92" type="15" sum="5"/>
<action no="3" player="EA93" type="1" discard="1" dealt="1" sum="20"/>
<action no="4" player="M1ky3ste92" type="2" sum="40"/>
</round>
<round no="1"><cards type="Pocket" player="M1ky3ste92">H2 C6</cards>
<cards type="Pocket" player="EA93">X X</cards>
<action no="5" player="EA93" type="23" discard="1" dealt="1" sum="80"/>
<action no="6" player="M1ky3ste92" type="0" sum="0"/>
</round>
</game>
<game gamecode="6577934490"><general>
<startdate>2025-12-31 16:14:00</startdate>
<round>1</round>
<failsafecounter/>
<players><player seat="6" name="EA93" chips="1,020" dealer="0" win="0" bet="480" muck="1" rebuy="0" addon="0" merge="0" rebuychips="0" reg_code="5085191852"/>
<player seat="3" name="M1ky3ste92" chips="480" dealer="1" win="960" bet="480" muck="0" rebuy="0" addon="0" merge="0" rebuychips="0" reg_code="5085191033"/>
</players>
</general>
<round no="0"><action no="1" player="M1ky3ste92" type="15" sum="5"/>
<action no="2" player="EA93" type="15" discard="1" dealt="1" sum="5"/>
<action no="3" player="M1ky3ste92" type="1" sum="20"/>
<action no="4" player="EA93" type="2" discard="1" dealt="1" sum="40"/>
</round>
<round no="1"><cards type="Pocket" player="EA93">C9 C8</cards>
<cards type="Pocket" player="M1ky3ste92">SK HJ</cards>
<action no="5" player="M1ky3ste92" type="3" sum="20"/>
<action no="6" player="EA93" type="23" discard="1" dealt="1" sum="80"/>
<action no="7" player="M1ky3ste92" type="23" sum="475"/>
<action no="8" player="EA93" type="3" discard="1" dealt="1" sum="395"/>
</round>
<round no="2"><cards type="Flop">D2 H10 C4</cards>
</round>
<round no="3"><cards type="Turn">S7</cards>
</round>
<round no="4"><cards type="River">H2</cards>
</round>
</game>
<game gamecode="6577934557"><general>
<startdate>2025-12-31 16:14:18</startdate>
<round>1</round>
<failsafecounter/>
<players><player seat="3" name="M1ky3ste92" chips="960" dealer="0" win="50" bet="45" muck="1" rebuy="0" addon="0" merge="0" rebuychips="0" reg_code="5085191033"/>
<player seat="6" name="EA93" chips="540" dealer="1" win="0" bet="25" muck="1" rebuy="0" addon="0" merge="0" rebuychips="0" reg_code="5085191852"/>
</players>
</general>
<round no="0"><action no="1" player="EA93" type="15" discard="1" dealt="1" sum="5"/>
<action no="2" player="M1ky3ste92" type="15" sum="5"/>
<action no="3" player="EA93" type="1" discard="1" dealt="1" sum="20"/>
<action no="4" player="M1ky3ste92" type="2" sum="40"/>
</round>
<round no="1"><cards type="Pocket" player="M1ky3ste92">D3 C8</cards>
<cards type="Pocket" player="EA93">X X</cards>
<action no="5" player="EA93" type="0" discard="1" dealt="1" sum="0"/>
</round>
</game>
<game gamecode="6577934584"><general>
<startdate>2025-12-31 16:14:25</startdate>
<round>1</round>
<failsafecounter/>
<players><player seat="6" name="EA93" chips="515" dealer="0" win="1,030" bet="515" muck="0" rebuy="0" addon="0" merge="0" rebuychips="0" reg_code="5085191852"/>
<player seat="3" name="M1ky3ste92" chips="985" dealer="1" win="0" bet="515" muck="1" rebuy="0" addon="0" merge="0" rebuychips="0" reg_code="5085191033"/>
</players>
</general>
<round no="0"><action no="1" player="M1ky3ste92" type="15" sum="5"/>
<action no="2" player="EA93" type="15" discard="1" dealt="1" sum="5"/>
<action no="3" player="M1ky3ste92" type="1" sum="20"/>
<action no="4" player="EA93" type="2" discard="1" dealt="1" sum="40"/>
</round>
<round no="1"><cards type="Pocket" player="M1ky3ste92">HA C5</cards>
<cards type="Pocket" player="EA93">H2 D3</cards>
<action no="5" player="M1ky3ste92" type="3" sum="20"/>
<action no="6" player="EA93" type="4" discard="1" dealt="1" sum="0"/>
</round>
<round no="2"><cards type="Flop">C4 C9 H5</cards>
<action no="7" player="EA93" type="5" discard="1" dealt="1" sum="470"/>
<action no="8" player="M1ky3ste92" type="3" sum="470"/>
</round>
<round no="3"><cards type="Turn">D4</cards>
</round>
<round no="4"><cards type="River">H6</cards>
</round>
</game>
<game gamecode="6577934660"><general>
<startdate>2025-12-31 16:14:43</startdate>
<round>1</round>
<failsafecounter/>
<players><player seat="3" name="M1ky3ste92" chips="470" dealer="0" win="210" bet="145" muck="1" rebuy="0" addon="0" merge="0" rebuychips="0" reg_code="5085191033"/>
<player seat="6" name="EA93" chips="1,030" dealer="1" win="0" bet="105" muck="1" rebuy="0" addon="0" merge="0" rebuychips="0" reg_code="5085191852"/>
</players>
</general>
<round no="0"><action no="1" player="EA93" type="15" discard="1" dealt="1" sum="5"/>
<action no="2" player="M1ky3ste92" type="15" sum="5"/>
<action no="3" player="EA93" type="1" discard="1" dealt="1" sum="20"/>
<action no="4" player="M1ky3ste92" type="2" sum="40"/>
</round>
<round no="1"><cards type="Pocket" player="M1ky3ste92">CK CJ</cards>
<cards type="Pocket" player="EA93">X X</cards>
<action no="5" player="EA93" type="3" discard="1" dealt="1" sum="20"/>
<action no="6" player="M1ky3ste92" type="23" sum="100"/>
<action no="7" player="EA93" type="3" discard="1" dealt="1" sum="60"/>
</round>
<round no="2"><cards type="Flop">CA D8 HJ</cards>
<action no="8" player="M1ky3ste92" type="5" sum="40"/>
<action no="9" player="EA93" type="0" discard="1" dealt="1" sum="0"/>
</round>
</game>
<game gamecode="6577934703"><general>
<startdate>2025-12-31 16:14:56</startdate>
<round>1</round>
<failsafecounter/>
<players><player seat="6" name="EA93" chips="925" dealer="0" win="50" bet="45" muck="1" rebuy="0" addon="0" merge="0" rebuychips="0" reg_code="5085191852"/>
<player seat="3" name="M1ky3ste92" chips="575" dealer="1" win="0" bet="25" muck="1" rebuy="0" addon="0" merge="0" rebuychips="0" reg_code="5085191033"/>
</players>
</general>
<round no="0"><action no="1" player="M1ky3ste92" type="15" sum="5"/>
<action no="2" player="EA93" type="15" discard="1" dealt="1" sum="5"/>
<action no="3" player="M1ky3ste92" type="1" sum="20"/>
<action no="4" player="EA93" type="2" discard="1" dealt="1" sum="40"/>
</round>
<round no="1"><cards type="Pocket" player="EA93">X X</cards>
<cards type="Pocket" player="M1ky3ste92">D4 C9</cards>
<action no="5" player="M1ky3ste92" type="0" sum="0"/>
</round>
</game>
<game gamecode="6577934725"><general>
<startdate>2025-12-31 16:15:02</startdate>
<round>1</round>
<failsafecounter/>
<players><player seat="3" name="M1ky3ste92" chips="550" dealer="0" win="0" bet="550" muck="0" rebuy="0" addon="0" merge="0" rebuychips="0" reg_code="5085191033"/>
<player seat="6" name="EA93" chips="950" dealer="1" win="1,100" bet="550" muck="0" rebuy="0" addon="0" merge="0" rebuychips="0" reg_code="5085191852"/>
</players>
</general>
<round no="0"><action no="1" player="EA93" type="15" discard="1" dealt="1" sum="5"/>
<action no="2" player="M1ky3ste92" type="15" sum="5"/>
<action no="3" player="EA93" type="1" discard="1" dealt="1" sum="20"/>
<action no="4" player="M1ky3ste92" type="2" sum="40"/>
</round>
<round no="1"><cards type="Pocket" player="M1ky3ste92">H2 HA</cards>
<cards type="Pocket" player="EA93">D4 D2</cards>
<action no="5" player="EA93" type="23" discard="1" dealt="1" sum="80"/>
<action no="6" player="M1ky3ste92" type="23" sum="545"/>
<action no="7" player="EA93" type="3" discard="1" dealt="1" sum="465"/>
</round>
<round no="2"><cards type="Flop">H8 C2 C10</cards>
</round>
<round no="3"><cards type="Turn">D10</cards>
</round>
<round no="4"><cards type="River">S4</cards>
</round>
</game>
</session>
