<?xml version="1.0" encoding="UTF-8"?>
<session sessioncode="5085212063">
<general>
<client_version>25.7.1.50</client_version>
<mode>real</mode>
<gametype>Holdem NL</gametype>
<tablename>Twister €100 SNG, 825265885</tablename>
<tournamentcode>825265884</tournamentcode>
<tournamentname>Twister €100 SNG</tournamentname>
<buyin>€0 + €7 + €93</buyin>
<totalbuyin>€100</totalbuyin>
<rewarddrawn>€200</rewarddrawn>
<tournamentcurrency>EUR</tournamentcurrency>
<currency>EUR</currency>
<nickname>M1ky3ste92</nickname>
<gamecount>6</gamecount>
<startdate>2025-12-31 17:19:20</startdate>
<place>3</place>
<win>€0</win>
<tablesize>3</tablesize>
</general>
<game gamecode="6578015690"><general>
<startdate>2025-12-31 17:19:36</startdate>
<round>1</round>
<failsafecounter/>
<players><player seat="6" name="sbilos2" chips="500" dealer="0" win="0" bet="20" muck="1" rebuy="0" addon="0" merge="0" rebuychips="0" reg_code="5085212305"/>
<player seat="10" name="Zeeria" chips="500" dealer="1" win="424" bet="500" muck="1" rebuy="0" addon="0" merge="0" rebuychips="0" reg_code="5085212583"/>
<player seat="3" name="M1ky3ste92" chips="500" dealer="0" win="0" bet="202" muck="1" rebuy="0" addon="0" merge="0" rebuychips="0" reg_code="5085212063"/>
</players>
</general>
<round no="0"><action no="1" player="M1ky3ste92" type="1" sum="10"/>
<action no="2" player="sbilos2" type="2" discard="1" dealt="1" sum="20"/>
</round>
<round no="1"><cards type="Pocket" player="sbilos2">X X</cards>
<cards type="Pocket" player="M1ky3ste92">CQ DJ</cards>
<cards type="Pocket" player="Zeeria">X X</cards>
<action no="3" player="Zeeria" type="23" discard="1" dealt="1" sum="40"/>
<action no="4" player="M1ky3ste92" type="3" sum="30"/>
<action no="5" player="sbilos2" type="0" discard="1" dealt="1" sum="0"/>
</round>
<round no="2"><cards type="Flop">C10 HA S8</cards>
<action no="6" player="M1ky3ste92" type="4" sum="0"/>
<action no="7" player="Zeeria" type="5" discard="1" dealt="1" sum="30"/>
<action no="8" player="M1ky3ste92" type="23" sum="62"/>
<action no="9" player="Zeeria" type="3" discard="1" dealt="1" sum="32"/>
</round>
<round no="3"><cards type="Turn">H8</cards>
<action no="10" player="M1ky3ste92" type="5" sum="100"/>
<action no="11" player="Zeeria" type="3" discard="1" dealt="1" sum="100"/>
</round>
<round no="4"><cards type="River">D8</cards>
<action no="12" player="M1ky3ste92" type="4" sum="0"/>
<action no="13" player="Zeeria" type="5" discard="1" dealt="1" sum="298"/>
<action no="14" player="M1ky3ste92" type="0" sum="0"/>
</round>
</game>
<game gamecode="6578015830"><general>
<startdate>2025-12-31 17:20:27</startdate>
<round>1</round>
<failsafecounter/>
<players><player seat="10" name="Zeeria" chips="722" dealer="0" win="0" bet="244" muck="1" rebuy="0" addon="0" merge="0" rebuychips="0" reg_code="5085212583"/>
<player seat="3" name="M1ky3ste92" chips="298" dealer="1" win="0" bet="0" muck="1" rebuy="0" addon="0" merge="0" rebuychips="0" reg_code="5085212063"/>
<player seat="6" name="sbilos2" chips="480" dealer="0" win="488" bet="480" muck="1" rebuy="0" addon="0" merge="0" rebuychips="0" reg_code="5085212305"/>
</players>
</general>
<round no="0"><action no="1" player="sbilos2" type="1" discard="1" dealt="1" sum="10"/>
<action no="2" player="Zeeria" type="2" discard="1" dealt="1" sum="20"/>
</round>
<round no="1"><cards type="Pocket" player="Zeeria">X X</cards>
<cards type="Pocket" player="M1ky3ste92">HK D4</cards>
<cards type="Pocket" player="sbilos2">X X</cards>
<action no="3" player="M1ky3ste92" type="0" sum="0"/>
<action no="4" player="sbilos2" type="23" discard="1" dealt="1" sum="60"/>
<action no="5" player="Zeeria" type="3" discard="1" dealt="1" sum="40"/>
</round>
<round no="2"><cards type="Flop">D7 S4 C9</cards>
<action no="6" player="sbilos2" type="5" discard="1" dealt="1" sum="42"/>
<action no="7" player="Zeeria" type="3" discard="1" dealt="1" sum="42"/>
</round>
<round no="3"><cards type="Turn">SK</cards>
<action no="8" player="sbilos2" type="5" discard="1" dealt="1" sum="142"/>
<action no="9" player="Zeeria" type="3" discard="1" dealt="1" sum="142"/>
</round>
<round no="4"><cards type="River">C10</cards>
<action no="10" player="sbilos2" type="5" discard="1" dealt="1" sum="236"/>
<action no="11" player="Zeeria" type="0" discard="1" dealt="1" sum="0"/>
</round>
</game>
<game gamecode="6578015938"><general>
<startdate>2025-12-31 17:21:04</startdate>
<round>1</round>
<failsafecounter/>
<players><player seat="3" name="M1ky3ste92" chips="298" dealer="0" win="0" bet="20" muck="1" rebuy="0" addon="0" merge="0" rebuychips="0" reg_code="5085212063"/>
<player seat="6" name="sbilos2" chips="724" dealer="1" win="0" bet="0" muck="1" rebuy="0" addon="0" merge="0" rebuychips="0" reg_code="5085212305"/>
<player seat="10" name="Zeeria" chips="478" dealer="0" win="40" bet="478" muck="1" rebuy="0" addon="0" merge="0" rebuychips="0" reg_code="5085212583"/>
</players>
</general>
<round no="0"><action no="1" player="Zeeria" type="1" discard="1" dealt="1" sum="10"/>
<action no="2" player="M1ky3ste92" type="2" sum="20"/>
</round>
<round no="1"><cards type="Pocket" player="Zeeria">X X</cards>
<cards type="Pocket" player="sbilos2">X X</cards>
<cards type="Pocket" player="M1ky3ste92">H7 S3</cards>
<action no="3" player="sbilos2" type="0" discard="1" dealt="1" sum="0"/>
<action no="4" player="Zeeria" type="23" discard="1" dealt="1" sum="478"/>
<action no="5" player="M1ky3ste92" type="0" sum="0"/>
</round>
</game>
<game gamecode="6578020185"><general>
<startdate>2025-12-31 17:21:21</startdate>
<round>1</round>
<failsafecounter/>
<players><player seat="6" name="sbilos2" chips="724" dealer="0" win="75" bet="724" muck="1" rebuy="0" addon="0" merge="0" rebuychips="0" reg_code="5085212305"/>
<player seat="10" name="Zeeria" chips="498" dealer="1" win="0" bet="5" muck="1" rebuy="0" addon="0" merge="0" rebuychips="0" reg_code="5085212583"/>
<player seat="3" name="M1ky3ste92" chips="278" dealer="0" win="0" bet="35" muck="1" rebuy="0" addon="0" merge="0" rebuychips="0" reg_code="5085212063"/>
</players>
</general>
<round no="0"><action no="1" player="M1ky3ste92" type="15" sum="5"/>
<action no="2" player="sbilos2" type="15" discard="1" dealt="1" sum="5"/>
<action no="3" player="Zeeria" type="15" discard="1" dealt="1" sum="5"/>
<action no="4" player="M1ky3ste92" type="1" sum="15"/>
<action no="5" player="sbilos2" type="2" discard="1" dealt="1" sum="30"/>
</round>
<round no="1"><cards type="Pocket" player="sbilos2">X X</cards>
<cards type="Pocket" player="Zeeria">X X</cards>
<cards type="Pocket" player="M1ky3ste92">C4 S5</cards>
<action no="6" player="Zeeria" type="0" discard="1" dealt="1" sum="0"/>
<action no="7" player="M1ky3ste92" type="3" sum="15"/>
<action no="8" player="sbilos2" type="23" discard="1" dealt="1" sum="719"/>
<action no="9" player="M1ky3ste92" type="0" sum="0"/>
</round>
</game>
<game gamecode="6578020231"><general>
<startdate>2025-12-31 17:21:33</startdate>
<round>1</round>
<failsafecounter/>
<players><player seat="10" name="Zeeria" chips="493" dealer="0" win="75" bet="493" muck="1" rebuy="0" addon="0" merge="0" rebuychips="0" reg_code="5085212583"/>
<player seat="3" name="M1ky3ste92" chips="243" dealer="1" win="0" bet="5" muck="1" rebuy="0" addon="0" merge="0" rebuychips="0" reg_code="5085212063"/>
<player seat="6" name="sbilos2" chips="764" dealer="0" win="0" bet="35" muck="1" rebuy="0" addon="0" merge="0" rebuychips="0" reg_code="5085212305"/>
</players>
</general>
<round no="0"><action no="1" player="sbilos2" type="15" discard="1" dealt="1" sum="5"/>
<action no="2" player="Zeeria" type="15" discard="1" dealt="1" sum="5"/>
<action no="3" player="M1ky3ste92" type="15" sum="5"/>
<action no="4" player="sbilos2" type="1" discard="1" dealt="1" sum="15"/>
<action no="5" player="Zeeria" type="2" discard="1" dealt="1" sum="30"/>
</round>
<round no="1"><cards type="Pocket" player="sbilos2">X X</cards>
<cards type="Pocket" player="Zeeria">X X</cards>
<cards type="Pocket" player="M1ky3ste92">D3 DQ</cards>
<action no="6" player="M1ky3ste92" type="0" sum="0"/>
<action no="7" player="sbilos2" type="3" discard="1" dealt="1" sum="15"/>
<action no="8" player="Zeeria" type="23" discard="1" dealt="1" sum="488"/>
<action no="9" player="sbilos2" type="0" discard="1" dealt="1" sum="0"/>
</round>
</game>
<game gamecode="6578020253"><general>
<startdate>2025-12-31 17:21:45</startdate>
<round>1</round>
<failsafecounter/>
<players><player seat="3" name="M1ky3ste92" chips="238" dealer="0" win="0" bet="238" muck="0" rebuy="0" addon="0" merge="0" rebuychips="0" reg_code="5085212063"/>
<player seat="6" name="sbilos2" chips="729" dealer="1" win="496" bet="729" muck="0" rebuy="0" addon="0" merge="0" rebuychips="0" reg_code="5085212305"/>
<player seat="10" name="Zeeria" chips="533" dealer="0" win="0" bet="20" muck="1" rebuy="0" addon="0" merge="0" rebuychips="0" reg_code="5085212583"/>
</players>
</general>
<round no="0"><action no="1" player="Zeeria" type="15" discard="1" dealt="1" sum="5"/>
<action no="2" player="M1ky3ste92" type="15" sum="5"/>
<action no="3" player="sbilos2" type="15" discard="1" dealt="1" sum="5"/>
<action no="4" player="Zeeria" type="1" discard="1" dealt="1" sum="15"/>
<action no="5" player="M1ky3ste92" type="2" sum="30"/>
</round>
<round no="1"><cards type="Pocket" player="M1ky3ste92">H8 S8</cards>
<cards type="Pocket" player="Zeeria">X X</cards>
<cards type="Pocket" player="sbilos2">HA SQ</cards>
<action no="6" player="sbilos2" type="23" discard="1" dealt="1" sum="724"/>
<action no="7" player="Zeeria" type="0" discard="1" dealt="1" sum="0"/>
<action no="8" player="M1ky3ste92" type="7" sum="203"/>
</round>
<round no="2"><cards type="Flop">SA D5 H3</cards>
</round>
<round no="3"><cards type="Turn">HJ</cards>
</round>
<round no="4"><cards type="River">H6</cards>
</round>
</game>
</session>
