<?xml version="1.0" encoding="UTF-8"?>
<session sessioncode="5085055583">
<general>
<client_version>25.7.1.50</client_version>
<mode>real</mode>
<gametype>Holdem NL</gametype>
<tablename>Twister €100 SNG, 825212134</tablename>
<tournamentcode>825212133</tournamentcode>
<tournamentname>Twister €100 SNG</tournamentname>
<buyin>€0 + €7 + €93</buyin>
<totalbuyin>€100</totalbuyin>
<rewarddrawn>€300</rewarddrawn>
<tournamentcurrency>EUR</tournamentcurrency>
<currency>EUR</currency>
<nickname>M1ky3ste92</nickname>
<gamecount>34</gamecount>
<startdate>2025-12-31 00:45:21</startdate>
<place>1</place>
<win>€300</win>
<tablesize>3</tablesize>
</general>
<game gamecode="6577335354"><general>
<startdate>2025-12-31 00:45:37</startdate>
<round>1</round>
<failsafecounter/>
<players><player seat="6" name="Zeeria" chips="500" dealer="0" win="0" bet="20" muck="1" rebuy="0" addon="0" merge="0" rebuychips="0" reg_code="5085054708"/>
<player seat="10" name="M1ky3ste92" chips="500" dealer="1" win="50" bet="40" muck="1" rebuy="0" addon="0" merge="0" rebuychips="0" reg_code="5085055583"/>
<player seat="3" name="FanteDiDenari" chips="500" dealer="0" win="0" bet="10" muck="1" rebuy="0" addon="0" merge="0" rebuychips="0" reg_code="5085054703"/>
</players>
</general>
<round no="0"><action no="1" player="FanteDiDenari" type="1" discard="1" dealt="1" sum="10"/>
<action no="2" player="Zeeria" type="2" discard="1" dealt="1" sum="20"/>
</round>
<round no="1"><cards type="Pocket" player="Zeeria">X X</cards>
<cards type="Pocket" player="M1ky3ste92">CK CJ</cards>
<cards type="Pocket" player="FanteDiDenari">X X</cards>
<action no="3" player="M1ky3ste92" type="23" sum="40"/>
<action no="4" player="FanteDiDenari" type="0" discard="1" dealt="1" sum="0"/>
<action no="5" player="Zeeria" type="0" discard="1" dealt="1" sum="0"/>
</round>
</game>
<game gamecode="6577335444"><general>
<startdate>2025-12-31 00:45:49</startdate>
<round>1</round>
<failsafecounter/>
<players><player seat="10" name="M1ky3ste92" chips="530" dealer="0" win="300" bet="150" muck="0" rebuy="0" addon="0" merge="0" rebuychips="0" reg_code="5085055583"/>
<player seat="3" name="FanteDiDenari" chips="490" dealer="1" win="0" bet="0" muck="1" rebuy="0" addon="0" merge="0" rebuychips="0" reg_code="5085054703"/>
<player seat="6" name="Zeeria" chips="480" dealer="0" win="0" bet="150" muck="1" rebuy="0" addon="0" merge="0" rebuychips="0" reg_code="5085054708"/>
</players>
</general>
<round no="0"><action no="1" player="Zeeria" type="1" discard="1" dealt="1" sum="10"/>
<action no="2" player="M1ky3ste92" type="2" sum="20"/>
</round>
<round no="1"><cards type="Pocket" player="FanteDiDenari">X X</cards>
<cards type="Pocket" player="M1ky3ste92">D9 DJ</cards>
<cards type="Pocket" player="Zeeria">C7 CA</cards>
<action no="3" player="FanteDiDenari" type="0" discard="1" dealt="1" sum="0"/>
<action no="4" player="Zeeria" type="23" discard="1" dealt="1" sum="50"/>
<action no="5" player="M1ky3ste92" type="3" sum="30"/>
</round>
<round no="2"><cards type="Flop">SK S5 CK</cards>
<action no="6" player="Zeeria" type="4" discard="1" dealt="1" sum="0"/>
<action no="7" player="M1ky3ste92" type="4" sum="0"/>
</round>
<round no="3"><cards type="Turn">C9</cards>
<action no="8" player="Zeeria" type="4" discard="1" dealt="1" sum="0"/>
<action no="9" player="M1ky3ste92" type="4" sum="0"/>
</round>
<round no="4"><cards type="River">HK</cards>
<action no="10" player="Zeeria" type="4" discard="1" dealt="1" sum="0"/>
<action no="11" player="M1ky3ste92" type="5" sum="100"/>
<action no="12" player="Zeeria" type="3" discard="1" dealt="1" sum="100"/>
</round>
</game>
<game gamecode="6577335685"><general>
<startdate>2025-12-31 00:46:21</startdate>
<round>1</round>
<failsafecounter/>
<players><player seat="3" name="FanteDiDenari" chips="490" dealer="0" win="40" bet="40" muck="1" rebuy="0" addon="0" merge="0" rebuychips="0" reg_code="5085054703"/>
<player seat="6" name="Zeeria" chips="330" dealer="1" win="0" bet="0" muck="1" rebuy="0" addon="0" merge="0" rebuychips="0" reg_code="5085054708"/>
<player seat="10" name="M1ky3ste92" chips="680" dealer="0" win="0" bet="20" muck="1" rebuy="0" addon="0" merge="0" rebuychips="0" reg_code="5085055583"/>
</players>
</general>
<round no="0"><action no="1" player="M1ky3ste92" type="1" sum="10"/>
<action no="2" player="FanteDiDenari" type="2" discard="1" dealt="1" sum="20"/>
</round>
<round no="1"><cards type="Pocket" player="FanteDiDenari">X X</cards>
<cards type="Pocket" player="Zeeria">X X</cards>
<cards type="Pocket" player="M1ky3ste92">HQ D7</cards>
<action no="3" player="Zeeria" type="0" discard="1" dealt="1" sum="0"/>
<action no="4" player="M1ky3ste92" type="3" sum="10"/>
<action no="5" player="FanteDiDenari" type="4" discard="1" dealt="1" sum="0"/>
</round>
<round no="2"><cards type="Flop">S2 DJ D10</cards>
<action no="6" player="M1ky3ste92" type="4" sum="0"/>
<action no="7" player="FanteDiDenari" type="5" discard="1" dealt="1" sum="20"/>
<action no="8" player="M1ky3ste92" type="0" sum="0"/>
</round>
</game>
<game gamecode="6577335825"><general>
<startdate>2025-12-31 00:46:40</startdate>
<round>1</round>
<failsafecounter/>
<players><player seat="6" name="Zeeria" chips="330" dealer="0" win="0" bet="20" muck="1" rebuy="0" addon="0" merge="0" rebuychips="0" reg_code="5085054708"/>
<player seat="10" name="M1ky3ste92" chips="660" dealer="1" win="50" bet="40" muck="1" rebuy="0" addon="0" merge="0" rebuychips="0" reg_code="5085055583"/>
<player seat="3" name="FanteDiDenari" chips="510" dealer="0" win="0" bet="10" muck="1" rebuy="0" addon="0" merge="0" rebuychips="0" reg_code="5085054703"/>
</players>
</general>
<round no="0"><action no="1" player="FanteDiDenari" type="1" discard="1" dealt="1" sum="10"/>
<action no="2" player="Zeeria" type="2" discard="1" dealt="1" sum="20"/>
</round>
<round no="1"><cards type="Pocket" player="M1ky3ste92">C10 C7</cards>
<cards type="Pocket" player="Zeeria">X X</cards>
<cards type="Pocket" player="FanteDiDenari">X X</cards>
<action no="3" player="M1ky3ste92" type="23" sum="40"/>
<action no="4" player="FanteDiDenari" type="0" discard="1" dealt="1" sum="0"/>
<action no="5" player="Zeeria" type="0" discard="1" dealt="1" sum="0"/>
</round>
</game>
<game gamecode="6577335962"><general>
<startdate>2025-12-31 00:46:58</startdate>
<round>1</round>
<failsafecounter/>
<players><player seat="10" name="M1ky3ste92" chips="690" dealer="0" win="0" bet="20" muck="1" rebuy="0" addon="0" merge="0" rebuychips="0" reg_code="5085055583"/>
<player seat="3" name="FanteDiDenari" chips="500" dealer="1" win="640" bet="310" muck="0" rebuy="0" addon="0" merge="0" rebuychips="0" reg_code="5085054703"/>
<player seat="6" name="Zeeria" chips="310" dealer="0" win="0" bet="310" muck="0" rebuy="0" addon="0" merge="0" rebuychips="0" reg_code="5085054708"/>
</players>
</general>
<round no="0"><action no="1" player="Zeeria" type="1" discard="1" dealt="1" sum="10"/>
<action no="2" player="M1ky3ste92" type="2" sum="20"/>
</round>
<round no="1"><cards type="Pocket" player="Zeeria">HJ H10</cards>
<cards type="Pocket" player="M1ky3ste92">D10 DJ</cards>
<cards type="Pocket" player="FanteDiDenari">S10 DA</cards>
<action no="3" player="FanteDiDenari" type="23" discard="1" dealt="1" sum="40"/>
<action no="4" player="Zeeria" type="23" discard="1" dealt="1" sum="310"/>
<action no="5" player="M1ky3ste92" type="0" sum="0"/>
<action no="6" player="FanteDiDenari" type="3" discard="1" dealt="1" sum="270"/>
</round>
<round no="2"><cards type="Flop">H4 C9 S7</cards>
</round>
<round no="3"><cards type="Turn">D9</cards>
</round>
<round no="4"><cards type="River">H9</cards>
</round>
</game>
<game gamecode="6577336119"><general>
<startdate>2025-12-31 00:47:20</startdate>
<round>1</round>
<failsafecounter/>
<players><player seat="3" name="FanteDiDenari" chips="830" dealer="0" win="0" bet="95" muck="1" rebuy="0" addon="0" merge="0" rebuychips="0" reg_code="5085054703"/>
<player seat="10" name="M1ky3ste92" chips="670" dealer="1" win="190" bet="245" muck="1" rebuy="0" addon="0" merge="0" rebuychips="0" reg_code="5085055583"/>
</players>
</general>
<round no="0"><action no="1" player="M1ky3ste92" type="15" sum="5"/>
<action no="2" player="FanteDiDenari" type="15" discard="1" dealt="1" sum="5"/>
<action no="3" player="M1ky3ste92" type="1" sum="15"/>
<action no="4" player="FanteDiDenari" type="2" discard="1" dealt="1" sum="30"/>
</round>
<round no="1"><cards type="Pocket" player="FanteDiDenari">X X</cards>
<cards type="Pocket" player="M1ky3ste92">DA DJ</cards>
<action no="5" player="M1ky3ste92" type="23" sum="60"/>
<action no="6" player="FanteDiDenari" type="3" discard="1" dealt="1" sum="30"/>
</round>
<round no="2"><cards type="Flop">CQ SJ S10</cards>
<action no="7" player="FanteDiDenari" type="4" discard="1" dealt="1" sum="0"/>
<action no="8" player="M1ky3ste92" type="5" sum="30"/>
<action no="9" player="FanteDiDenari" type="3" discard="1" dealt="1" sum="30"/>
</round>
<round no="3"><cards type="Turn">S7</cards>
<action no="10" player="FanteDiDenari" type="4" discard="1" dealt="1" sum="0"/>
<action no="11" player="M1ky3ste92" type="4" sum="0"/>
</round>
<round no="4"><cards type="River">H7</cards>
<action no="12" player="FanteDiDenari" type="4" discard="1" dealt="1" sum="0"/>
<action no="13" player="M1ky3ste92" type="5" sum="150"/>
<action no="14" player="FanteDiDenari" type="0" discard="1" dealt="1" sum="0"/>
</round>
</game>
<game gamecode="6577340835"><general>
<startdate>2025-12-31 00:48:04</startdate>
<round>1</round>
<failsafecounter/>
<players><player seat="10" name="M1ky3ste92" chips="765" dealer="0" win="130" bet="115" muck="1" rebuy="0" addon="0" merge="0" rebuychips="0" reg_code="5085055583"/>
<player seat="3" name="FanteDiDenari" chips="735" dealer="1" win="0" bet="65" muck="1" rebuy="0" addon="0" merge="0" rebuychips="0" reg_code="5085054703"/>
</players>
</general>
<round no="0"><action no="1" player="FanteDiDenari" type="15" discard="1" dealt="1" sum="5"/>
<action no="2" player="M1ky3ste92" type="15" sum="5"/>
<action no="3" player="FanteDiDenari" type="1" discard="1" dealt="1" sum="15"/>
<action no="4" player="M1ky3ste92" type="2" sum="30"/>
</round>
<round no="1"><cards type="Pocket" player="FanteDiDenari">X X</cards>
<cards type="Pocket" player="M1ky3ste92">HQ C4</cards>
<action no="5" player="FanteDiDenari" type="3" discard="1" dealt="1" sum="15"/>
<action no="6" player="M1ky3ste92" type="4" sum="0"/>
</round>
<round no="2"><cards type="Flop">HK CK C10</cards>
<action no="7" player="M1ky3ste92" type="4" sum="0"/>
<action no="8" player="FanteDiDenari" type="5" discard="1" dealt="1" sum="30"/>
<action no="9" player="M1ky3ste92" type="23" sum="80"/>
<action no="10" player="FanteDiDenari" type="0" discard="1" dealt="1" sum="0"/>
</round>
</game>
<game gamecode="6577340949"><general>
<startdate>2025-12-31 00:48:21</startdate>
<round>1</round>
<failsafecounter/>
<players><player seat="3" name="FanteDiDenari" chips="670" dealer="0" win="130" bet="670" muck="1" rebuy="0" addon="0" merge="0" rebuychips="0" reg_code="5085054703"/>
<player seat="10" name="M1ky3ste92" chips="830" dealer="1" win="0" bet="65" muck="1" rebuy="0" addon="0" merge="0" rebuychips="0" reg_code="5085055583"/>
</players>
</general>
<round no="0"><action no="1" player="M1ky3ste92" type="15" sum="5"/>
<action no="2" player="FanteDiDenari" type="15" discard="1" dealt="1" sum="5"/>
<action no="3" player="M1ky3ste92" type="1" sum="15"/>
<action no="4" player="FanteDiDenari" type="2" discard="1" dealt="1" sum="30"/>
</round>
<round no="1"><cards type="Pocket" player="FanteDiDenari">X X</cards>
<cards type="Pocket" player="M1ky3ste92">C8 HK</cards>
<action no="5" player="M1ky3ste92" type="23" sum="60"/>
<action no="6" player="FanteDiDenari" type="23" discard="1" dealt="1" sum="665"/>
<action no="7" player="M1ky3ste92" type="0" sum="0"/>
</round>
</game>
<game gamecode="6577341011"><general>
<startdate>2025-12-31 00:48:30</startdate>
<round>1</round>
<failsafecounter/>
<players><player seat="10" name="M1ky3ste92" chips="765" dealer="0" win="0" bet="35" muck="1" rebuy="0" addon="0" merge="0" rebuychips="0" reg_code="5085055583"/>
<player seat="3" name="FanteDiDenari" chips="735" dealer="1" win="70" bet="65" muck="1" rebuy="0" addon="0" merge="0" rebuychips="0" reg_code="5085054703"/>
</players>
</general>
<round no="0"><action no="1" player="FanteDiDenari" type="15" discard="1" dealt="1" sum="5"/>
<action no="2" player="M1ky3ste92" type="15" sum="5"/>
<action no="3" player="FanteDiDenari" type="1" discard="1" dealt="1" sum="15"/>
<action no="4" player="M1ky3ste92" type="2" sum="30"/>
</round>
<round no="1"><cards type="Pocket" player="FanteDiDenari">X X</cards>
<cards type="Pocket" player="M1ky3ste92">H5 CK</cards>
<action no="5" player="FanteDiDenari" type="3" discard="1" dealt="1" sum="15"/>
<action no="6" player="M1ky3ste92" type="4" sum="0"/>
</round>
<round no="2"><cards type="Flop">D7 H7 C6</cards>
<action no="7" player="M1ky3ste92" type="4" sum="0"/>
<action no="8" player="FanteDiDenari" type="5" discard="1" dealt="1" sum="30"/>
<action no="9" player="M1ky3ste92" type="0" sum="0"/>
</round>
</game>
<game gamecode="6577341100"><general>
<startdate>2025-12-31 00:48:42</startdate>
<round>1</round>
<failsafecounter/>
<players><player seat="3" name="FanteDiDenari" chips="770" dealer="0" win="0" bet="35" muck="1" rebuy="0" addon="0" merge="0" rebuychips="0" reg_code="5085054703"/>
<player seat="10" name="M1ky3ste92" chips="730" dealer="1" win="70" bet="65" muck="1" rebuy="0" addon="0" merge="0" rebuychips="0" reg_code="5085055583"/>
</players>
</general>
<round no="0"><action no="1" player="M1ky3ste92" type="15" sum="5"/>
<action no="2" player="FanteDiDenari" type="15" discard="1" dealt="1" sum="5"/>
<action no="3" player="M1ky3ste92" type="1" sum="15"/>
<action no="4" player="FanteDiDenari" type="2" discard="1" dealt="1" sum="30"/>
</round>
<round no="1"><cards type="Pocket" player="M1ky3ste92">HA DQ</cards>
<cards type="Pocket" player="FanteDiDenari">X X</cards>
<action no="5" player="M1ky3ste92" type="23" sum="60"/>
<action no="6" player="FanteDiDenari" type="0" discard="1" dealt="1" sum="0"/>
</round>
</game>
<game gamecode="6577341146"><general>
<startdate>2025-12-31 00:48:49</startdate>
<round>1</round>
<failsafecounter/>
<players><player seat="10" name="M1ky3ste92" chips="765" dealer="0" win="70" bet="70" muck="1" rebuy="0" addon="0" merge="0" rebuychips="0" reg_code="5085055583"/>
<player seat="3" name="FanteDiDenari" chips="735" dealer="1" win="0" bet="35" muck="1" rebuy="0" addon="0" merge="0" rebuychips="0" reg_code="5085054703"/>
</players>
</general>
<round no="0"><action no="1" player="FanteDiDenari" type="15" discard="1" dealt="1" sum="5"/>
<action no="2" player="M1ky3ste92" type="15" sum="5"/>
<action no="3" player="FanteDiDenari" type="1" discard="1" dealt="1" sum="15"/>
<action no="4" player="M1ky3ste92" type="2" sum="30"/>
</round>
<round no="1"><cards type="Pocket" player="M1ky3ste92">C3 SQ</cards>
<cards type="Pocket" player="FanteDiDenari">X X</cards>
<action no="5" player="FanteDiDenari" type="3" discard="1" dealt="1" sum="15"/>
<action no="6" player="M1ky3ste92" type="4" sum="0"/>
</round>
<round no="2"><cards type="Flop">HQ D7 SJ</cards>
<action no="7" player="M1ky3ste92" type="4" sum="0"/>
<action no="8" player="FanteDiDenari" type="4" discard="1" dealt="1" sum="0"/>
</round>
<round no="3"><cards type="Turn">C8</cards>
<action no="9" player="M1ky3ste92" type="5" sum="35"/>
<action no="10" player="FanteDiDenari" type="0" discard="1" dealt="1" sum="0"/>
</round>
</game>
<game gamecode="6577341287"><general>
<startdate>2025-12-31 00:49:09</startdate>
<round>1</round>
<failsafecounter/>
<players><player seat="3" name="FanteDiDenari" chips="700" dealer="0" win="0" bet="45" muck="1" rebuy="0" addon="0" merge="0" rebuychips="0" reg_code="5085054703"/>
<player seat="10" name="M1ky3ste92" chips="800" dealer="1" win="90" bet="85" muck="1" rebuy="0" addon="0" merge="0" rebuychips="0" reg_code="5085055583"/>
</players>
</general>
<round no="0"><action no="1" player="M1ky3ste92" type="15" sum="5"/>
<action no="2" player="FanteDiDenari" type="15" discard="1" dealt="1" sum="5"/>
<action no="3" player="M1ky3ste92" type="1" sum="20"/>
<action no="4" player="FanteDiDenari" type="2" discard="1" dealt="1" sum="40"/>
</round>
<round no="1"><cards type="Pocket" player="M1ky3ste92">DJ S8</cards>
<cards type="Pocket" player="FanteDiDenari">X X</cards>
<action no="5" player="M1ky3ste92" type="23" sum="80"/>
<action no="6" player="FanteDiDenari" type="0" discard="1" dealt="1" sum="0"/>
</round>
</game>
<game gamecode="6577341330"><general>
<startdate>2025-12-31 00:49:16</startdate>
<round>1</round>
<failsafecounter/>
<players><player seat="10" name="M1ky3ste92" chips="845" dealer="0" win="90" bet="845" muck="1" rebuy="0" addon="0" merge="0" rebuychips="0" reg_code="5085055583"/>
<player seat="3" name="FanteDiDenari" chips="655" dealer="1" win="0" bet="45" muck="1" rebuy="0" addon="0" merge="0" rebuychips="0" reg_code="5085054703"/>
</players>
</general>
<round no="0"><action no="1" player="FanteDiDenari" type="15" discard="1" dealt="1" sum="5"/>
<action no="2" player="M1ky3ste92" type="15" sum="5"/>
<action no="3" player="FanteDiDenari" type="1" discard="1" dealt="1" sum="20"/>
<action no="4" player="M1ky3ste92" type="2" sum="40"/>
</round>
<round no="1"><cards type="Pocket" player="M1ky3ste92">S9 CA</cards>
<cards type="Pocket" player="FanteDiDenari">X X</cards>
<action no="5" player="FanteDiDenari" type="3" discard="1" dealt="1" sum="20"/>
<action no="6" player="M1ky3ste92" type="23" sum="840"/>
<action no="7" player="FanteDiDenari" type="0" discard="1" dealt="1" sum="0"/>
</round>
</game>
<game gamecode="6577341386"><general>
<startdate>2025-12-31 00:49:25</startdate>
<round>1</round>
<failsafecounter/>
<players><player seat="3" name="FanteDiDenari" chips="610" dealer="0" win="0" bet="45" muck="1" rebuy="0" addon="0" merge="0" rebuychips="0" reg_code="5085054703"/>
<player seat="10" name="M1ky3ste92" chips="890" dealer="1" win="90" bet="890" muck="1" rebuy="0" addon="0" merge="0" rebuychips="0" reg_code="5085055583"/>
</players>
</general>
<round no="0"><action no="1" player="M1ky3ste92" type="15" sum="5"/>
<action no="2" player="FanteDiDenari" type="15" discard="1" dealt="1" sum="5"/>
<action no="3" player="M1ky3ste92" type="1" sum="20"/>
<action no="4" player="FanteDiDenari" type="2" discard="1" dealt="1" sum="40"/>
</round>
<round no="1"><cards type="Pocket" player="FanteDiDenari">X X</cards>
<cards type="Pocket" player="M1ky3ste92">CJ SQ</cards>
<action no="5" player="M1ky3ste92" type="23" sum="885"/>
<action no="6" player="FanteDiDenari" type="0" discard="1" dealt="1" sum="0"/>
</round>
</game>
<game gamecode="6577341458"><general>
<startdate>2025-12-31 00:49:34</startdate>
<round>1</round>
<failsafecounter/>
<players><player seat="10" name="M1ky3ste92" chips="935" dealer="0" win="0" bet="45" muck="1" rebuy="0" addon="0" merge="0" rebuychips="0" reg_code="5085055583"/>
<player seat="3" name="FanteDiDenari" chips="565" dealer="1" win="90" bet="565" muck="1" rebuy="0" addon="0" merge="0" rebuychips="0" reg_code="5085054703"/>
</players>
</general>
<round no="0"><action no="1" player="FanteDiDenari" type="15" discard="1" dealt="1" sum="5"/>
<action no="2" player="M1ky3ste92" type="15" sum="5"/>
<action no="3" player="FanteDiDenari" type="1" discard="1" dealt="1" sum="20"/>
<action no="4" player="M1ky3ste92" type="2" sum="40"/>
</round>
<round no="1"><cards type="Pocket" player="M1ky3ste92">D7 D10</cards>
<cards type="Pocket" player="FanteDiDenari">X X</cards>
<action no="5" player="FanteDiDenari" type="23" discard="1" dealt="1" sum="560"/>
<action no="6" player="M1ky3ste92" type="0" sum="0"/>
</round>
</game>
<game gamecode="6577341503"><general>
<startdate>2025-12-31 00:49:41</startdate>
<round>1</round>
<failsafecounter/>
<players><player seat="3" name="FanteDiDenari" chips="610" dealer="0" win="0" bet="45" muck="1" rebuy="0" addon="0" merge="0" rebuychips="0" reg_code="5085054703"/>
<player seat="10" name="M1ky3ste92" chips="890" dealer="1" win="90" bet="85" muck="1" rebuy="0" addon="0" merge="0" rebuychips="0" reg_code="5085055583"/>
</players>
</general>
<round no="0"><action no="1" player="M1ky3ste92" type="15" sum="5"/>
<action no="2" player="FanteDiDenari" type="15" discard="1" dealt="1" sum="5"/>
<action no="3" player="M1ky3ste92" type="1" sum="20"/>
<action no="4" player="FanteDiDenari" type="2" discard="1" dealt="1" sum="40"/>
</round>
<round no="1"><cards type="Pocket" player="FanteDiDenari">X X</cards>
<cards type="Pocket" player="M1ky3ste92">C7 DQ</cards>
<action no="5" player="M1ky3ste92" type="3" sum="20"/>
<action no="6" player="FanteDiDenari" type="4" discard="1" dealt="1" sum="0"/>
</round>
<round no="2"><cards type="Flop">S9 D6 HK</cards>
<action no="7" player="FanteDiDenari" type="4" discard="1" dealt="1" sum="0"/>
<action no="8" player="M1ky3ste92" type="5" sum="40"/>
<action no="9" player="FanteDiDenari" type="0" discard="1" dealt="1" sum="0"/>
</round>
</game>
<game gamecode="6577341589"><general>
<startdate>2025-12-31 00:49:54</startdate>
<round>1</round>
<failsafecounter/>
<players><player seat="10" name="M1ky3ste92" chips="935" dealer="0" win="0" bet="45" muck="1" rebuy="0" addon="0" merge="0" rebuychips="0" reg_code="5085055583"/>
<player seat="3" name="FanteDiDenari" chips="565" dealer="1" win="90" bet="85" muck="1" rebuy="0" addon="0" merge="0" rebuychips="0" reg_code="5085054703"/>
</players>
</general>
<round no="0"><action no="1" player="FanteDiDenari" type="15" discard="1" dealt="1" sum="5"/>
<action no="2" player="M1ky3ste92" type="15" sum="5"/>
<action no="3" player="FanteDiDenari" type="1" discard="1" dealt="1" sum="20"/>
<action no="4" player="M1ky3ste92" type="2" sum="40"/>
</round>
<round no="1"><cards type="Pocket" player="FanteDiDenari">X X</cards>
<cards type="Pocket" player="M1ky3ste92">S2 C8</cards>
<action no="5" player="FanteDiDenari" type="3" discard="1" dealt="1" sum="20"/>
<action no="6" player="M1ky3ste92" type="4" sum="0"/>
</round>
<round no="2"><cards type="Flop">HA SQ CK</cards>
<action no="7" player="M1ky3ste92" type="4" sum="0"/>
<action no="8" player="FanteDiDenari" type="5" discard="1" dealt="1" sum="40"/>
<action no="9" player="M1ky3ste92" type="0" sum="0"/>
</round>
</game>
<game gamecode="6577341662"><general>
<startdate>2025-12-31 00:50:06</startdate>
<round>1</round>
<failsafecounter/>
<players><player seat="3" name="FanteDiDenari" chips="610" dealer="0" win="90" bet="610" muck="1" rebuy="0" addon="0" merge="0" rebuychips="0" reg_code="5085054703"/>
<player seat="10" name="M1ky3ste92" chips="890" dealer="1" win="0" bet="45" muck="1" rebuy="0" addon="0" merge="0" rebuychips="0" reg_code="5085055583"/>
</players>
</general>
<round no="0"><action no="1" player="M1ky3ste92" type="15" sum="5"/>
<action no="2" player="FanteDiDenari" type="15" discard="1" dealt="1" sum="5"/>
<action no="3" player="M1ky3ste92" type="1" sum="20"/>
<action no="4" player="FanteDiDenari" type="2" discard="1" dealt="1" sum="40"/>
</round>
<round no="1"><cards type="Pocket" player="FanteDiDenari">X X</cards>
<cards type="Pocket" player="M1ky3ste92">S4 CK</cards>
<action no="5" player="M1ky3ste92" type="3" sum="20"/>
<action no="6" player="FanteDiDenari" type="23" discard="1" dealt="1" sum="605"/>
<action no="7" player="M1ky3ste92" type="0" sum="0"/>
</round>
</game>
<game gamecode="6577341727"><general>
<startdate>2025-12-31 00:50:15</startdate>
<round>1</round>
<failsafecounter/>
<players><player seat="10" name="M1ky3ste92" chips="845" dealer="0" win="90" bet="105" muck="1" rebuy="0" addon="0" merge="0" rebuychips="0" reg_code="5085055583"/>
<player seat="3" name="FanteDiDenari" chips="655" dealer="1" win="0" bet="45" muck="1" rebuy="0" addon="0" merge="0" rebuychips="0" reg_code="5085054703"/>
</players>
</general>
<round no="0"><action no="1" player="FanteDiDenari" type="15" discard="1" dealt="1" sum="5"/>
<action no="2" player="M1ky3ste92" type="15" sum="5"/>
<action no="3" player="FanteDiDenari" type="1" discard="1" dealt="1" sum="20"/>
<action no="4" player="M1ky3ste92" type="2" sum="40"/>
</round>
<round no="1"><cards type="Pocket" player="M1ky3ste92">C8 H5</cards>
<cards type="Pocket" player="FanteDiDenari">X X</cards>
<action no="5" player="FanteDiDenari" type="3" discard="1" dealt="1" sum="20"/>
<action no="6" player="M1ky3ste92" type="23" sum="100"/>
<action no="7" player="FanteDiDenari" type="0" discard="1" dealt="1" sum="0"/>
</round>
</game>
<game gamecode="6577341792"><general>
<startdate>2025-12-31 00:50:25</startdate>
<round>1</round>
<failsafecounter/>
<players><player seat="3" name="FanteDiDenari" chips="610" dealer="0" win="0" bet="45" muck="1" rebuy="0" addon="0" merge="0" rebuychips="0" reg_code="5085054703"/>
<player seat="10" name="M1ky3ste92" chips="890" dealer="1" win="90" bet="85" muck="1" rebuy="0" addon="0" merge="0" rebuychips="0" reg_code="5085055583"/>
</players>
</general>
<round no="0"><action no="1" player="M1ky3ste92" type="15" sum="5"/>
<action no="2" player="FanteDiDenari" type="15" discard="1" dealt="1" sum="5"/>
<action no="3" player="M1ky3ste92" type="1" sum="20"/>
<action no="4" player="FanteDiDenari" type="2" discard="1" dealt="1" sum="40"/>
</round>
<round no="1"><cards type="Pocket" player="M1ky3ste92">HQ C8</cards>
<cards type="Pocket" player="FanteDiDenari">X X</cards>
<action no="5" player="M1ky3ste92" type="3" sum="20"/>
<action no="6" player="FanteDiDenari" type="4" discard="1" dealt="1" sum="0"/>
</round>
<round no="2"><cards type="Flop">CQ S3 CK</cards>
<action no="7" player="FanteDiDenari" type="4" discard="1" dealt="1" sum="0"/>
<action no="8" player="M1ky3ste92" type="5" sum="40"/>
<action no="9" player="FanteDiDenari" type="0" discard="1" dealt="1" sum="0"/>
</round>
</game>
<game gamecode="6577341866"><general>
<startdate>2025-12-31 00:50:38</startdate>
<round>1</round>
<failsafecounter/>
<players><player seat="10" name="M1ky3ste92" chips="935" dealer="0" win="130" bet="185" muck="1" rebuy="0" addon="0" merge="0" rebuychips="0" reg_code="5085055583"/>
<player seat="3" name="FanteDiDenari" chips="565" dealer="1" win="0" bet="65" muck="1" rebuy="0" addon="0" merge="0" rebuychips="0" reg_code="5085054703"/>
</players>
</general>
<round no="0"><action no="1" player="FanteDiDenari" type="15" discard="1" dealt="1" sum="5"/>
<action no="2" player="M1ky3ste92" type="15" sum="5"/>
<action no="3" player="FanteDiDenari" type="1" discard="1" dealt="1" sum="30"/>
<action no="4" player="M1ky3ste92" type="2" sum="60"/>
</round>
<round no="1"><cards type="Pocket" player="M1ky3ste92">C8 C3</cards>
<cards type="Pocket" player="FanteDiDenari">X X</cards>
<action no="5" player="FanteDiDenari" type="3" discard="1" dealt="1" sum="30"/>
<action no="6" player="M1ky3ste92" type="4" sum="0"/>
</round>
<round no="2"><cards type="Flop">C4 S10 C6</cards>
<action no="7" player="M1ky3ste92" type="4" sum="0"/>
<action no="8" player="FanteDiDenari" type="4" discard="1" dealt="1" sum="0"/>
</round>
<round no="3"><cards type="Turn">D5</cards>
<action no="9" player="M1ky3ste92" type="5" sum="120"/>
<action no="10" player="FanteDiDenari" type="0" discard="1" dealt="1" sum="0"/>
</round>
</game>
<game gamecode="6577341992"><general>
<startdate>2025-12-31 00:50:59</startdate>
<round>1</round>
<failsafecounter/>
<players><player seat="3" name="FanteDiDenari" chips="500" dealer="0" win="1,000" bet="500" muck="0" rebuy="0" addon="0" merge="0" rebuychips="0" reg_code="5085054703"/>
<player seat="10" name="M1ky3ste92" chips="1,000" dealer="1" win="0" bet="1,000" muck="1" rebuy="0" addon="0" merge="0" rebuychips="0" reg_code="5085055583"/>
</players>
</general>
<round no="0"><action no="1" player="M1ky3ste92" type="15" sum="5"/>
<action no="2" player="FanteDiDenari" type="15" discard="1" dealt="1" sum="5"/>
<action no="3" player="M1ky3ste92" type="1" sum="30"/>
<action no="4" player="FanteDiDenari" type="2" discard="1" dealt="1" sum="60"/>
</round>
<round no="1"><cards type="Pocket" player="FanteDiDenari">CJ H10</cards>
<cards type="Pocket" player="M1ky3ste92">C8 DK</cards>
<action no="5" player="M1ky3ste92" type="23" sum="995"/>
<action no="6" player="FanteDiDenari" type="7" discard="1" dealt="1" sum="435"/>
</round>
<round no="2"><cards type="Flop">CK H5 S10</cards>
</round>
<round no="3"><cards type="Turn">SQ</cards>
</round>
<round no="4"><cards type="River">D9</cards>
</round>
</game>
<game gamecode="6577342079"><general>
<startdate>2025-12-31 00:51:14</startdate>
<round>1</round>
<failsafecounter/>
<players><player seat="10" name="M1ky3ste92" chips="500" dealer="0" win="0" bet="65" muck="1" rebuy="0" addon="0" merge="0" rebuychips="0" reg_code="5085055583"/>
<player seat="3" name="FanteDiDenari" chips="1,000" dealer="1" win="130" bet="130" muck="1" rebuy="0" addon="0" merge="0" rebuychips="0" reg_code="5085054703"/>
</players>
</general>
<round no="0"><action no="1" player="FanteDiDenari" type="15" discard="1" dealt="1" sum="5"/>
<action no="2" player="M1ky3ste92" type="15" sum="5"/>
<action no="3" player="FanteDiDenari" type="1" discard="1" dealt="1" sum="30"/>
<action no="4" player="M1ky3ste92" type="2" sum="60"/>
</round>
<round no="1"><cards type="Pocket" player="M1ky3ste92">S7 C5</cards>
<cards type="Pocket" player="FanteDiDenari">X X</cards>
<action no="5" player="FanteDiDenari" type="3" discard="1" dealt="1" sum="30"/>
<action no="6" player="M1ky3ste92" type="4" sum="0"/>
</round>
<round no="2"><cards type="Flop">DJ H10 S8</cards>
<action no="7" player="M1ky3ste92" type="4" sum="0"/>
<action no="8" player="FanteDiDenari" type="4" discard="1" dealt="1" sum="0"/>
</round>
<round no="3"><cards type="Turn">C7</cards>
<action no="9" player="M1ky3ste92" type="4" sum="0"/>
<action no="10" player="FanteDiDenari" type="5" discard="1" dealt="1" sum="65"/>
<action no="11" player="M1ky3ste92" type="0" sum="0"/>
</round>
</game>
<game gamecode="6577342208"><general>
<startdate>2025-12-31 00:51:33</startdate>
<round>1</round>
<failsafecounter/>
<players><player seat="3" name="FanteDiDenari" chips="1,065" dealer="0" win="0" bet="435" muck="1" rebuy="0" addon="0" merge="0" rebuychips="0" reg_code="5085054703"/>
<player seat="10" name="M1ky3ste92" chips="435" dealer="1" win="870" bet="435" muck="0" rebuy="0" addon="0" merge="0" rebuychips="0" reg_code="5085055583"/>
</players>
</general>
<round no="0"><action no="1" player="M1ky3ste92" type="15" sum="5"/>
<action no="2" player="FanteDiDenari" type="15" discard="1" dealt="1" sum="5"/>
<action no="3" player="M1ky3ste92" type="1" sum="30"/>
<action no="4" player="FanteDiDenari" type="2" discard="1" dealt="1" sum="60"/>
</round>
<round no="1"><cards type="Pocket" player="FanteDiDenari">D6 H3</cards>
<cards type="Pocket" player="M1ky3ste92">SJ DJ</cards>
<action no="5" player="M1ky3ste92" type="3" sum="30"/>
<action no="6" player="FanteDiDenari" type="4" discard="1" dealt="1" sum="0"/>
</round>
<round no="2"><cards type="Flop">DA S6 D2</cards>
<action no="7" player="FanteDiDenari" type="4" discard="1" dealt="1" sum="0"/>
<action no="8" player="M1ky3ste92" type="5" sum="60"/>
<action no="9" player="FanteDiDenari" type="23" discard="1" dealt="1" sum="150"/>
<action no="10" player="M1ky3ste92" type="23" sum="370"/>
<action no="11" player="FanteDiDenari" type="3" discard="1" dealt="1" sum="220"/>
</round>
<round no="3"><cards type="Turn">H4</cards>
</round>
<round no="4"><cards type="River">D4</cards>
</round>
</game>
<game gamecode="6577342414"><general>
<startdate>2025-12-31 00:52:03</startdate>
<round>1</round>
<failsafecounter/>
<players><player seat="10" name="M1ky3ste92" chips="870" dealer="0" win="0" bet="65" muck="1" rebuy="0" addon="0" merge="0" rebuychips="0" reg_code="5085055583"/>
<player seat="3" name="FanteDiDenari" chips="630" dealer="1" win="130" bet="130" muck="1" rebuy="0" addon="0" merge="0" rebuychips="0" reg_code="5085054703"/>
</players>
</general>
<round no="0"><action no="1" player="FanteDiDenari" type="15" discard="1" dealt="1" sum="5"/>
<action no="2" player="M1ky3ste92" type="15" sum="5"/>
<action no="3" player="FanteDiDenari" type="1" discard="1" dealt="1" sum="30"/>
<action no="4" player="M1ky3ste92" type="2" sum="60"/>
</round>
<round no="1"><cards type="Pocket" player="M1ky3ste92">D5 HJ</cards>
<cards type="Pocket" player="FanteDiDenari">X X</cards>
<action no="5" player="FanteDiDenari" type="3" discard="1" dealt="1" sum="30"/>
<action no="6" player="M1ky3ste92" type="4" sum="0"/>
</round>
<round no="2"><cards type="Flop">C3 C8 D6</cards>
<action no="7" player="M1ky3ste92" type="4" sum="0"/>
<action no="8" player="FanteDiDenari" type="4" discard="1" dealt="1" sum="0"/>
</round>
<round no="3"><cards type="Turn">C6</cards>
<action no="9" player="M1ky3ste92" type="4" sum="0"/>
<action no="10" player="FanteDiDenari" type="5" discard="1" dealt="1" sum="65"/>
<action no="11" player="M1ky3ste92" type="0" sum="0"/>
</round>
</game>
<game gamecode="6577342542"><general>
<startdate>2025-12-31 00:52:23</startdate>
<round>1</round>
<failsafecounter/>
<players><player seat="3" name="FanteDiDenari" chips="695" dealer="0" win="0" bet="88" muck="1" rebuy="0" addon="0" merge="0" rebuychips="0" reg_code="5085054703"/>
<player seat="10" name="M1ky3ste92" chips="805" dealer="1" win="176" bet="805" muck="1" rebuy="0" addon="0" merge="0" rebuychips="0" reg_code="5085055583"/>
</players>
</general>
<round no="0"><action no="1" player="M1ky3ste92" type="15" sum="8"/>
<action no="2" player="FanteDiDenari" type="15" discard="1" dealt="1" sum="8"/>
<action no="3" player="M1ky3ste92" type="1" sum="40"/>
<action no="4" player="FanteDiDenari" type="2" discard="1" dealt="1" sum="80"/>
</round>
<round no="1"><cards type="Pocket" player="M1ky3ste92">S8 C7</cards>
<cards type="Pocket" player="FanteDiDenari">X X</cards>
<action no="5" player="M1ky3ste92" type="23" sum="797"/>
<action no="6" player="FanteDiDenari" type="0" discard="1" dealt="1" sum="0"/>
</round>
</game>
<game gamecode="6577342588"><general>
<startdate>2025-12-31 00:52:30</startdate>
<round>1</round>
<failsafecounter/>
<players><player seat="10" name="M1ky3ste92" chips="893" dealer="0" win="0" bet="88" muck="1" rebuy="0" addon="0" merge="0" rebuychips="0" reg_code="5085055583"/>
<player seat="3" name="FanteDiDenari" chips="607" dealer="1" win="176" bet="607" muck="1" rebuy="0" addon="0" merge="0" rebuychips="0" reg_code="5085054703"/>
</players>
</general>
<round no="0"><action no="1" player="FanteDiDenari" type="15" discard="1" dealt="1" sum="8"/>
<action no="2" player="M1ky3ste92" type="15" sum="8"/>
<action no="3" player="FanteDiDenari" type="1" discard="1" dealt="1" sum="40"/>
<action no="4" player="M1ky3ste92" type="2" sum="80"/>
</round>
<round no="1"><cards type="Pocket" player="FanteDiDenari">X X</cards>
<cards type="Pocket" player="M1ky3ste92">D8 CJ</cards>
<action no="5" player="FanteDiDenari" type="23" discard="1" dealt="1" sum="599"/>
<action no="6" player="M1ky3ste92" type="0" sum="0"/>
</round>
</game>
<game gamecode="6577342636"><general>
<startdate>2025-12-31 00:52:38</startdate>
<round>1</round>
<failsafecounter/>
<players><player seat="3" name="FanteDiDenari" chips="695" dealer="0" win="176" bet="208" muck="1" rebuy="0" addon="0" merge="0" rebuychips="0" reg_code="5085054703"/>
<player seat="10" name="M1ky3ste92" chips="805" dealer="1" win="0" bet="88" muck="1" rebuy="0" addon="0" merge="0" rebuychips="0" reg_code="5085055583"/>
</players>
</general>
<round no="0"><action no="1" player="M1ky3ste92" type="15" sum="8"/>
<action no="2" player="FanteDiDenari" type="15" discard="1" dealt="1" sum="8"/>
<action no="3" player="M1ky3ste92" type="1" sum="40"/>
<action no="4" player="FanteDiDenari" type="2" discard="1" dealt="1" sum="80"/>
</round>
<round no="1"><cards type="Pocket" player="FanteDiDenari">X X</cards>
<cards type="Pocket" player="M1ky3ste92">S10 D5</cards>
<action no="5" player="M1ky3ste92" type="3" sum="40"/>
<action no="6" player="FanteDiDenari" type="23" discard="1" dealt="1" sum="200"/>
<action no="7" player="M1ky3ste92" type="0" sum="0"/>
</round>
</game>
<game gamecode="6577342726"><general>
<startdate>2025-12-31 00:52:52</startdate>
<round>1</round>
<failsafecounter/>
<players><player seat="10" name="M1ky3ste92" chips="717" dealer="0" win="96" bet="88" muck="1" rebuy="0" addon="0" merge="0" rebuychips="0" reg_code="5085055583"/>
<player seat="3" name="FanteDiDenari" chips="783" dealer="1" win="0" bet="48" muck="1" rebuy="0" addon="0" merge="0" rebuychips="0" reg_code="5085054703"/>
</players>
</general>
<round no="0"><action no="1" player="FanteDiDenari" type="15" discard="1" dealt="1" sum="8"/>
<action no="2" player="M1ky3ste92" type="15" sum="8"/>
<action no="3" player="FanteDiDenari" type="1" discard="1" dealt="1" sum="40"/>
<action no="4" player="M1ky3ste92" type="2" sum="80"/>
</round>
<round no="1"><cards type="Pocket" player="M1ky3ste92">D8 H8</cards>
<cards type="Pocket" player="FanteDiDenari">X X</cards>
<action no="5" player="FanteDiDenari" type="0" discard="1" dealt="1" sum="0"/>
</round>
</game>
<game gamecode="6577342777"><general>
<startdate>2025-12-31 00:52:58</startdate>
<round>1</round>
<failsafecounter/>
<players><player seat="3" name="FanteDiDenari" chips="735" dealer="0" win="96" bet="88" muck="1" rebuy="0" addon="0" merge="0" rebuychips="0" reg_code="5085054703"/>
<player seat="10" name="M1ky3ste92" chips="765" dealer="1" win="0" bet="48" muck="1" rebuy="0" addon="0" merge="0" rebuychips="0" reg_code="5085055583"/>
</players>
</general>
<round no="0"><action no="1" player="M1ky3ste92" type="15" sum="8"/>
<action no="2" player="FanteDiDenari" type="15" discard="1" dealt="1" sum="8"/>
<action no="3" player="M1ky3ste92" type="1" sum="40"/>
<action no="4" player="FanteDiDenari" type="2" discard="1" dealt="1" sum="80"/>
</round>
<round no="1"><cards type="Pocket" player="M1ky3ste92">D6 H10</cards>
<cards type="Pocket" player="FanteDiDenari">X X</cards>
<action no="5" player="M1ky3ste92" type="0" sum="0"/>
</round>
</game>
<game gamecode="6577342813"><general>
<startdate>2025-12-31 00:53:04</startdate>
<round>1</round>
<failsafecounter/>
<players><player seat="10" name="M1ky3ste92" chips="717" dealer="0" win="0" bet="88" muck="1" rebuy="0" addon="0" merge="0" rebuychips="0" reg_code="5085055583"/>
<player seat="3" name="FanteDiDenari" chips="783" dealer="1" win="176" bet="783" muck="1" rebuy="0" addon="0" merge="0" rebuychips="0" reg_code="5085054703"/>
</players>
</general>
<round no="0"><action no="1" player="FanteDiDenari" type="15" discard="1" dealt="1" sum="8"/>
<action no="2" player="M1ky3ste92" type="15" sum="8"/>
<action no="3" player="FanteDiDenari" type="1" discard="1" dealt="1" sum="40"/>
<action no="4" player="M1ky3ste92" type="2" sum="80"/>
</round>
<round no="1"><cards type="Pocket" player="M1ky3ste92">D7 S3</cards>
<cards type="Pocket" player="FanteDiDenari">X X</cards>
<action no="5" player="FanteDiDenari" type="23" discard="1" dealt="1" sum="775"/>
<action no="6" player="M1ky3ste92" type="0" sum="0"/>
</round>
</game>
<game gamecode="6577342854"><general>
<startdate>2025-12-31 00:53:11</startdate>
<round>1</round>
<failsafecounter/>
<players><player seat="3" name="FanteDiDenari" chips="871" dealer="0" win="0" bet="88" muck="1" rebuy="0" addon="0" merge="0" rebuychips="0" reg_code="5085054703"/>
<player seat="10" name="M1ky3ste92" chips="629" dealer="1" win="176" bet="629" muck="1" rebuy="0" addon="0" merge="0" rebuychips="0" reg_code="5085055583"/>
</players>
</general>
<round no="0"><action no="1" player="M1ky3ste92" type="15" sum="8"/>
<action no="2" player="FanteDiDenari" type="15" discard="1" dealt="1" sum="8"/>
<action no="3" player="M1ky3ste92" type="1" sum="40"/>
<action no="4" player="FanteDiDenari" type="2" discard="1" dealt="1" sum="80"/>
</round>
<round no="1"><cards type="Pocket" player="FanteDiDenari">X X</cards>
<cards type="Pocket" player="M1ky3ste92">SA D8</cards>
<action no="5" player="M1ky3ste92" type="23" sum="621"/>
<action no="6" player="FanteDiDenari" type="0" discard="1" dealt="1" sum="0"/>
</round>
</game>
<game gamecode="6577342916"><general>
<startdate>2025-12-31 00:53:19</startdate>
<round>1</round>
<failsafecounter/>
<players><player seat="10" name="M1ky3ste92" chips="717" dealer="0" win="1,434" bet="717" muck="0" rebuy="0" addon="0" merge="0" rebuychips="0" reg_code="5085055583"/>
<player seat="3" name="FanteDiDenari" chips="783" dealer="1" win="0" bet="783" muck="0" rebuy="0" addon="0" merge="0" rebuychips="0" reg_code="5085054703"/>
</players>
</general>
<round no="0"><action no="1" player="FanteDiDenari" type="15" discard="1" dealt="1" sum="8"/>
<action no="2" player="M1ky3ste92" type="15" sum="8"/>
<action no="3" player="FanteDiDenari" type="1" discard="1" dealt="1" sum="40"/>
<action no="4" player="M1ky3ste92" type="2" sum="80"/>
</round>
<round no="1"><cards type="Pocket" player="M1ky3ste92">SK CJ</cards>
<cards type="Pocket" player="FanteDiDenari">C3 SA</cards>
<action no="5" player="FanteDiDenari" type="23" discard="1" dealt="1" sum="775"/>
<action no="6" player="M1ky3ste92" type="7" sum="629"/>
</round>
<round no="2"><cards type="Flop">H6 CQ H5</cards>
</round>
<round no="3"><cards type="Turn">HJ</cards>
</round>
<round no="4"><cards type="River">D9</cards>
</round>
</game>
<game gamecode="6577343007"><general>
<startdate>2025-12-31 00:53:34</startdate>
<round>1</round>
<failsafecounter/>
<players><player seat="3" name="FanteDiDenari" chips="66" dealer="0" win="0" bet="66" muck="0" rebuy="0" addon="0" merge="0" rebuychips="0" reg_code="5085054703"/>
<player seat="10" name="M1ky3ste92" chips="1,434" dealer="1" win="132" bet="66" muck="0" rebuy="0" addon="0" merge="0" rebuychips="0" reg_code="5085055583"/>
</players>
</general>
<round no="0"><action no="1" player="M1ky3ste92" type="15" sum="8"/>
<action no="2" player="FanteDiDenari" type="15" discard="1" dealt="1" sum="8"/>
<action no="3" player="M1ky3ste92" type="1" sum="40"/>
<action no="4" player="FanteDiDenari" type="2" discard="1" dealt="1" sum="58"/>
</round>
<round no="1"><cards type="Pocket" player="M1ky3ste92">S5 C10</cards>
<cards type="Pocket" player="FanteDiDenari">SA CK</cards>
<action no="5" player="M1ky3ste92" type="3" sum="18"/>
</round>
<round no="2"><cards type="Flop">H8 D5 H6</cards>
</round>
<round no="3"><cards type="Turn">H3</cards>
</round>
<round no="4"><cards type="River">D2</cards>
</round>
</game>
</session>
