<?xml version="1.0" encoding="UTF-8"?>
<session sessioncode="5085215999">
<general>
<client_version>25.7.1.50</client_version>
<mode>real</mode>
<gametype>Holdem NL</gametype>
<tablename>Twister €100 SNG, 825266810</tablename>
<tournamentcode>825266809</tournamentcode>
<tournamentname>Twister €100 SNG</tournamentname>
<buyin>€0 + €7 + €93</buyin>
<totalbuyin>€100</totalbuyin>
<rewarddrawn>€400</rewarddrawn>
<tournamentcurrency>EUR</tournamentcurrency>
<currency>EUR</currency>
<nickname>M1ky3ste92</nickname>
<gamecount>32</gamecount>
<startdate>2025-12-31 17:34:49</startdate>
<place>2</place>
<win>€0</win>
<tablesize>3</tablesize>
</general>
<game gamecode="6578034467"><general>
<startdate>2025-12-31 17:35:04</startdate>
<round>1</round>
<failsafecounter/>
<players><player seat="10" name="Summer78" chips="500" dealer="0" win="0" bet="80" muck="1" rebuy="0" addon="0" merge="0" rebuychips="0" reg_code="5085216760"/>
<player seat="3" name="Polletto71" chips="500" dealer="1" win="0" bet="20" muck="1" rebuy="0" addon="0" merge="0" rebuychips="0" reg_code="5085215989"/>
<player seat="6" name="M1ky3ste92" chips="500" dealer="0" win="180" bet="80" muck="0" rebuy="0" addon="0" merge="0" rebuychips="0" reg_code="5085215999"/>
</players>
</general>
<round no="0"><action no="1" player="M1ky3ste92" type="1" sum="10"/>
<action no="2" player="Summer78" type="2" discard="1" dealt="1" sum="20"/>
</round>
<round no="1"><cards type="Pocket" player="Polletto71">X X</cards>
<cards type="Pocket" player="M1ky3ste92">H4 H7</cards>
<cards type="Pocket" player="Summer78">H3 D4</cards>
<action no="3" player="Polletto71" type="3" discard="1" dealt="1" sum="20"/>
<action no="4" player="M1ky3ste92" type="3" sum="10"/>
<action no="5" player="Summer78" type="4" discard="1" dealt="1" sum="0"/>
</round>
<round no="2"><cards type="Flop">S5 HK C3</cards>
<action no="6" player="M1ky3ste92" type="4" sum="0"/>
<action no="7" player="Summer78" type="4" discard="1" dealt="1" sum="0"/>
<action no="8" player="Polletto71" type="4" discard="1" dealt="1" sum="0"/>
</round>
<round no="3"><cards type="Turn">H5</cards>
<action no="9" player="M1ky3ste92" type="5" sum="60"/>
<action no="10" player="Summer78" type="3" discard="1" dealt="1" sum="60"/>
<action no="11" player="Polletto71" type="0" discard="1" dealt="1" sum="0"/>
</round>
<round no="4"><cards type="River">CK</cards>
<action no="12" player="M1ky3ste92" type="4" sum="0"/>
<action no="13" player="Summer78" type="4" discard="1" dealt="1" sum="0"/>
</round>
</game>
<game gamecode="6578034803"><general>
<startdate>2025-12-31 17:35:50</startdate>
<round>1</round>
<failsafecounter/>
<players><player seat="3" name="Polletto71" chips="480" dealer="0" win="900" bet="480" muck="0" rebuy="0" addon="0" merge="0" rebuychips="0" reg_code="5085215989"/>
<player seat="6" name="M1ky3ste92" chips="600" dealer="1" win="0" bet="60" muck="1" rebuy="0" addon="0" merge="0" rebuychips="0" reg_code="5085215999"/>
<player seat="10" name="Summer78" chips="420" dealer="0" win="0" bet="420" muck="1" rebuy="0" addon="0" merge="0" rebuychips="0" reg_code="5085216760"/>
</players>
</general>
<round no="0"><action no="1" player="Summer78" type="1" discard="1" dealt="1" sum="10"/>
<action no="2" player="Polletto71" type="2" discard="1" dealt="1" sum="20"/>
</round>
<round no="1"><cards type="Pocket" player="Polletto71">H7 D10</cards>
<cards type="Pocket" player="Summer78">DQ HQ</cards>
<cards type="Pocket" player="M1ky3ste92">DJ D9</cards>
<action no="3" player="M1ky3ste92" type="23" sum="40"/>
<action no="4" player="Summer78" type="23" discard="1" dealt="1" sum="60"/>
<action no="5" player="Polletto71" type="3" discard="1" dealt="1" sum="40"/>
<action no="6" player="M1ky3ste92" type="3" sum="20"/>
</round>
<round no="2"><cards type="Flop">H3 S6 C10</cards>
<action no="7" player="Summer78" type="5" discard="1" dealt="1" sum="180"/>
<action no="8" player="Polletto71" type="23" discard="1" dealt="1" sum="420"/>
<action no="9" player="M1ky3ste92" type="0" sum="0"/>
<action no="10" player="Summer78" type="7" discard="1" dealt="1" sum="180"/>
</round>
<round no="3"><cards type="Turn">S7</cards>
</round>
<round no="4"><cards type="River">S8</cards>
</round>
</game>
<game gamecode="6578035073"><general>
<startdate>2025-12-31 17:36:26</startdate>
<round>1</round>
<failsafecounter/>
<players><player seat="6" name="M1ky3ste92" chips="540" dealer="0" win="320" bet="540" muck="1" rebuy="0" addon="0" merge="0" rebuychips="0" reg_code="5085215999"/>
<player seat="3" name="Polletto71" chips="960" dealer="1" win="0" bet="160" muck="1" rebuy="0" addon="0" merge="0" rebuychips="0" reg_code="5085215989"/>
</players>
</general>
<round no="0"><action no="1" player="Polletto71" type="1" discard="1" dealt="1" sum="10"/>
<action no="2" player="M1ky3ste92" type="2" sum="20"/>
</round>
<round no="1"><cards type="Pocket" player="Polletto71">X X</cards>
<cards type="Pocket" player="M1ky3ste92">D10 D9</cards>
<action no="3" player="Polletto71" type="23" discard="1" dealt="1" sum="80"/>
<action no="4" player="M1ky3ste92" type="3" sum="60"/>
</round>
<round no="2"><cards type="Flop">D2 H7 H3</cards>
<action no="5" player="M1ky3ste92" type="4" sum="0"/>
<action no="6" player="Polletto71" type="4" discard="1" dealt="1" sum="0"/>
</round>
<round no="3"><cards type="Turn">D7</cards>
<action no="7" player="M1ky3ste92" type="5" sum="80"/>
<action no="8" player="Polletto71" type="3" discard="1" dealt="1" sum="80"/>
</round>
<round no="4"><cards type="River">H5</cards>
<action no="9" player="M1ky3ste92" type="5" sum="380"/>
<action no="10" player="Polletto71" type="0" discard="1" dealt="1" sum="0"/>
</round>
</game>
<game gamecode="6578035258"><general>
<startdate>2025-12-31 17:36:50</startdate>
<round>1</round>
<failsafecounter/>
<players><player seat="3" name="Polletto71" chips="800" dealer="0" win="80" bet="800" muck="1" rebuy="0" addon="0" merge="0" rebuychips="0" reg_code="5085215989"/>
<player seat="6" name="M1ky3ste92" chips="700" dealer="1" win="0" bet="40" muck="1" rebuy="0" addon="0" merge="0" rebuychips="0" reg_code="5085215999"/>
</players>
</general>
<round no="0"><action no="1" player="M1ky3ste92" type="1" sum="10"/>
<action no="2" player="Polletto71" type="2" discard="1" dealt="1" sum="20"/>
</round>
<round no="1"><cards type="Pocket" player="Polletto71">X X</cards>
<cards type="Pocket" player="M1ky3ste92">C8 H7</cards>
<action no="3" player="M1ky3ste92" type="23" sum="40"/>
<action no="4" player="Polletto71" type="23" discard="1" dealt="1" sum="800"/>
<action no="5" player="M1ky3ste92" type="0" sum="0"/>
</round>
</game>
<game gamecode="6578035320"><general>
<startdate>2025-12-31 17:36:59</startdate>
<round>1</round>
<failsafecounter/>
<players><player seat="6" name="M1ky3ste92" chips="660" dealer="0" win="40" bet="60" muck="1" rebuy="0" addon="0" merge="0" rebuychips="0" reg_code="5085215999"/>
<player seat="3" name="Polletto71" chips="840" dealer="1" win="0" bet="20" muck="1" rebuy="0" addon="0" merge="0" rebuychips="0" reg_code="5085215989"/>
</players>
</general>
<round no="0"><action no="1" player="Polletto71" type="1" discard="1" dealt="1" sum="10"/>
<action no="2" player="M1ky3ste92" type="2" sum="20"/>
</round>
<round no="1"><cards type="Pocket" player="M1ky3ste92">H7 HA</cards>
<cards type="Pocket" player="Polletto71">X X</cards>
<action no="3" player="Polletto71" type="3" discard="1" dealt="1" sum="10"/>
<action no="4" player="M1ky3ste92" type="23" sum="60"/>
<action no="5" player="Polletto71" type="0" discard="1" dealt="1" sum="0"/>
</round>
</game>
<game gamecode="6578035403"><general>
<startdate>2025-12-31 17:37:09</startdate>
<round>1</round>
<failsafecounter/>
<players><player seat="3" name="Polletto71" chips="820" dealer="0" win="0" bet="95" muck="0" rebuy="0" addon="0" merge="0" rebuychips="0" reg_code="5085215989"/>
<player seat="6" name="M1ky3ste92" chips="680" dealer="1" win="190" bet="95" muck="0" rebuy="0" addon="0" merge="0" rebuychips="0" reg_code="5085215999"/>
</players>
</general>
<round no="0"><action no="1" player="M1ky3ste92" type="15" sum="5"/>
<action no="2" player="Polletto71" type="15" discard="1" dealt="1" sum="5"/>
<action no="3" player="M1ky3ste92" type="1" sum="15"/>
<action no="4" player="Polletto71" type="2" discard="1" dealt="1" sum="30"/>
</round>
<round no="1"><cards type="Pocket" player="Polletto71">C6 D8</cards>
<cards type="Pocket" player="M1ky3ste92">DA H9</cards>
<action no="5" player="M1ky3ste92" type="23" sum="60"/>
<action no="6" player="Polletto71" type="3" discard="1" dealt="1" sum="30"/>
</round>
<round no="2"><cards type="Flop">H6 D5 SJ</cards>
<action no="7" player="Polletto71" type="4" discard="1" dealt="1" sum="0"/>
<action no="8" player="M1ky3ste92" type="4" sum="0"/>
</round>
<round no="3"><cards type="Turn">HQ</cards>
<action no="9" player="Polletto71" type="4" discard="1" dealt="1" sum="0"/>
<action no="10" player="M1ky3ste92" type="4" sum="0"/>
</round>
<round no="4"><cards type="River">S9</cards>
<action no="11" player="Polletto71" type="5" discard="1" dealt="1" sum="30"/>
<action no="12" player="M1ky3ste92" type="3" sum="30"/>
</round>
</game>
<game gamecode="6578035554"><general>
<startdate>2025-12-31 17:37:29</startdate>
<round>1</round>
<failsafecounter/>
<players><player seat="6" name="M1ky3ste92" chips="775" dealer="0" win="0" bet="35" muck="1" rebuy="0" addon="0" merge="0" rebuychips="0" reg_code="5085215999"/>
<player seat="3" name="Polletto71" chips="725" dealer="1" win="70" bet="125" muck="1" rebuy="0" addon="0" merge="0" rebuychips="0" reg_code="5085215989"/>
</players>
</general>
<round no="0"><action no="1" player="Polletto71" type="15" discard="1" dealt="1" sum="5"/>
<action no="2" player="M1ky3ste92" type="15" sum="5"/>
<action no="3" player="Polletto71" type="1" discard="1" dealt="1" sum="15"/>
<action no="4" player="M1ky3ste92" type="2" sum="30"/>
</round>
<round no="1"><cards type="Pocket" player="Polletto71">X X</cards>
<cards type="Pocket" player="M1ky3ste92">H3 D4</cards>
<action no="5" player="Polletto71" type="23" discard="1" dealt="1" sum="120"/>
<action no="6" player="M1ky3ste92" type="0" sum="0"/>
</round>
</game>
<game gamecode="6578035599"><general>
<startdate>2025-12-31 17:37:36</startdate>
<round>1</round>
<failsafecounter/>
<players><player seat="3" name="Polletto71" chips="760" dealer="0" win="70" bet="125" muck="1" rebuy="0" addon="0" merge="0" rebuychips="0" reg_code="5085215989"/>
<player seat="6" name="M1ky3ste92" chips="740" dealer="1" win="0" bet="35" muck="1" rebuy="0" addon="0" merge="0" rebuychips="0" reg_code="5085215999"/>
</players>
</general>
<round no="0"><action no="1" player="M1ky3ste92" type="15" sum="5"/>
<action no="2" player="Polletto71" type="15" discard="1" dealt="1" sum="5"/>
<action no="3" player="M1ky3ste92" type="1" sum="15"/>
<action no="4" player="Polletto71" type="2" discard="1" dealt="1" sum="30"/>
</round>
<round no="1"><cards type="Pocket" player="Polletto71">X X</cards>
<cards type="Pocket" player="M1ky3ste92">S10 H7</cards>
<action no="5" player="M1ky3ste92" type="3" sum="15"/>
<action no="6" player="Polletto71" type="23" discard="1" dealt="1" sum="120"/>
<action no="7" player="M1ky3ste92" type="0" sum="0"/>
</round>
</game>
<game gamecode="6578035668"><general>
<startdate>2025-12-31 17:37:44</startdate>
<round>1</round>
<failsafecounter/>
<players><player seat="6" name="M1ky3ste92" chips="705" dealer="0" win="70" bet="705" muck="1" rebuy="0" addon="0" merge="0" rebuychips="0" reg_code="5085215999"/>
<player seat="3" name="Polletto71" chips="795" dealer="1" win="0" bet="35" muck="1" rebuy="0" addon="0" merge="0" rebuychips="0" reg_code="5085215989"/>
</players>
</general>
<round no="0"><action no="1" player="Polletto71" type="15" discard="1" dealt="1" sum="5"/>
<action no="2" player="M1ky3ste92" type="15" sum="5"/>
<action no="3" player="Polletto71" type="1" discard="1" dealt="1" sum="15"/>
<action no="4" player="M1ky3ste92" type="2" sum="30"/>
</round>
<round no="1"><cards type="Pocket" player="M1ky3ste92">C3 S3</cards>
<cards type="Pocket" player="Polletto71">X X</cards>
<action no="5" player="Polletto71" type="3" discard="1" dealt="1" sum="15"/>
<action no="6" player="M1ky3ste92" type="23" sum="700"/>
<action no="7" player="Polletto71" type="0" discard="1" dealt="1" sum="0"/>
</round>
</game>
<game gamecode="6578035720"><general>
<startdate>2025-12-31 17:37:52</startdate>
<round>1</round>
<failsafecounter/>
<players><player seat="3" name="Polletto71" chips="760" dealer="0" win="70" bet="760" muck="1" rebuy="0" addon="0" merge="0" rebuychips="0" reg_code="5085215989"/>
<player seat="6" name="M1ky3ste92" chips="740" dealer="1" win="0" bet="35" muck="1" rebuy="0" addon="0" merge="0" rebuychips="0" reg_code="5085215999"/>
</players>
</general>
<round no="0"><action no="1" player="M1ky3ste92" type="15" sum="5"/>
<action no="2" player="Polletto71" type="15" discard="1" dealt="1" sum="5"/>
<action no="3" player="M1ky3ste92" type="1" sum="15"/>
<action no="4" player="Polletto71" type="2" discard="1" dealt="1" sum="30"/>
</round>
<round no="1"><cards type="Pocket" player="M1ky3ste92">C9 SQ</cards>
<cards type="Pocket" player="Polletto71">X X</cards>
<action no="5" player="M1ky3ste92" type="3" sum="15"/>
<action no="6" player="Polletto71" type="23" discard="1" dealt="1" sum="755"/>
<action no="7" player="M1ky3ste92" type="0" sum="0"/>
</round>
</game>
<game gamecode="6578042322"><general>
<startdate>2025-12-31 17:38:07</startdate>
<round>1</round>
<failsafecounter/>
<players><player seat="6" name="M1ky3ste92" chips="705" dealer="0" win="0" bet="35" muck="1" rebuy="0" addon="0" merge="0" rebuychips="0" reg_code="5085215999"/>
<player seat="3" name="Polletto71" chips="795" dealer="1" win="70" bet="65" muck="1" rebuy="0" addon="0" merge="0" rebuychips="0" reg_code="5085215989"/>
</players>
</general>
<round no="0"><action no="1" player="Polletto71" type="15" discard="1" dealt="1" sum="5"/>
<action no="2" player="M1ky3ste92" type="15" sum="5"/>
<action no="3" player="Polletto71" type="1" discard="1" dealt="1" sum="15"/>
<action no="4" player="M1ky3ste92" type="2" sum="30"/>
</round>
<round no="1"><cards type="Pocket" player="Polletto71">X X</cards>
<cards type="Pocket" player="M1ky3ste92">SA H4</cards>
<action no="5" player="Polletto71" type="3" discard="1" dealt="1" sum="15"/>
<action no="6" player="M1ky3ste92" type="4" sum="0"/>
</round>
<round no="2"><cards type="Flop">DJ C8 CQ</cards>
<action no="7" player="M1ky3ste92" type="4" sum="0"/>
<action no="8" player="Polletto71" type="4" discard="1" dealt="1" sum="0"/>
</round>
<round no="3"><cards type="Turn">D8</cards>
<action no="9" player="M1ky3ste92" type="4" sum="0"/>
<action no="10" player="Polletto71" type="5" discard="1" dealt="1" sum="30"/>
<action no="11" player="M1ky3ste92" type="0" sum="0"/>
</round>
</game>
<game gamecode="6578042425"><general>
<startdate>2025-12-31 17:38:21</startdate>
<round>1</round>
<failsafecounter/>
<players><player seat="3" name="Polletto71" chips="830" dealer="0" win="0" bet="35" muck="1" rebuy="0" addon="0" merge="0" rebuychips="0" reg_code="5085215989"/>
<player seat="6" name="M1ky3ste92" chips="670" dealer="1" win="70" bet="65" muck="1" rebuy="0" addon="0" merge="0" rebuychips="0" reg_code="5085215999"/>
</players>
</general>
<round no="0"><action no="1" player="M1ky3ste92" type="15" sum="5"/>
<action no="2" player="Polletto71" type="15" discard="1" dealt="1" sum="5"/>
<action no="3" player="M1ky3ste92" type="1" sum="15"/>
<action no="4" player="Polletto71" type="2" discard="1" dealt="1" sum="30"/>
</round>
<round no="1"><cards type="Pocket" player="M1ky3ste92">C4 C9</cards>
<cards type="Pocket" player="Polletto71">X X</cards>
<action no="5" player="M1ky3ste92" type="3" sum="15"/>
<action no="6" player="Polletto71" type="4" discard="1" dealt="1" sum="0"/>
</round>
<round no="2"><cards type="Flop">CA H9 S9</cards>
<action no="7" player="Polletto71" type="4" discard="1" dealt="1" sum="0"/>
<action no="8" player="M1ky3ste92" type="4" sum="0"/>
</round>
<round no="3"><cards type="Turn">H7</cards>
<action no="9" player="Polletto71" type="4" discard="1" dealt="1" sum="0"/>
<action no="10" player="M1ky3ste92" type="5" sum="30"/>
<action no="11" player="Polletto71" type="0" discard="1" dealt="1" sum="0"/>
</round>
</game>
<game gamecode="6578042540"><general>
<startdate>2025-12-31 17:38:37</startdate>
<round>1</round>
<failsafecounter/>
<players><player seat="6" name="M1ky3ste92" chips="705" dealer="0" win="260" bet="390" muck="1" rebuy="0" addon="0" merge="0" rebuychips="0" reg_code="5085215999"/>
<player seat="3" name="Polletto71" chips="795" dealer="1" win="0" bet="130" muck="1" rebuy="0" addon="0" merge="0" rebuychips="0" reg_code="5085215989"/>
</players>
</general>
<round no="0"><action no="1" player="Polletto71" type="15" discard="1" dealt="1" sum="5"/>
<action no="2" player="M1ky3ste92" type="15" sum="5"/>
<action no="3" player="Polletto71" type="1" discard="1" dealt="1" sum="15"/>
<action no="4" player="M1ky3ste92" type="2" sum="30"/>
</round>
<round no="1"><cards type="Pocket" player="Polletto71">X X</cards>
<cards type="Pocket" player="M1ky3ste92">C6 C3</cards>
<action no="5" player="Polletto71" type="23" discard="1" dealt="1" sum="60"/>
<action no="6" player="M1ky3ste92" type="3" sum="30"/>
</round>
<round no="2"><cards type="Flop">DK D6 H3</cards>
<action no="7" player="M1ky3ste92" type="4" sum="0"/>
<action no="8" player="Polletto71" type="4" discard="1" dealt="1" sum="0"/>
</round>
<round no="3"><cards type="Turn">D7</cards>
<action no="9" player="M1ky3ste92" type="5" sum="65"/>
<action no="10" player="Polletto71" type="3" discard="1" dealt="1" sum="65"/>
</round>
<round no="4"><cards type="River">CQ</cards>
<action no="11" player="M1ky3ste92" type="5" sum="260"/>
<action no="12" player="Polletto71" type="0" discard="1" dealt="1" sum="0"/>
</round>
</game>
<game gamecode="6578042690"><general>
<startdate>2025-12-31 17:38:57</startdate>
<round>1</round>
<failsafecounter/>
<players><player seat="3" name="Polletto71" chips="665" dealer="0" win="70" bet="665" muck="1" rebuy="0" addon="0" merge="0" rebuychips="0" reg_code="5085215989"/>
<player seat="6" name="M1ky3ste92" chips="835" dealer="1" win="0" bet="35" muck="1" rebuy="0" addon="0" merge="0" rebuychips="0" reg_code="5085215999"/>
</players>
</general>
<round no="0"><action no="1" player="M1ky3ste92" type="15" sum="5"/>
<action no="2" player="Polletto71" type="15" discard="1" dealt="1" sum="5"/>
<action no="3" player="M1ky3ste92" type="1" sum="15"/>
<action no="4" player="Polletto71" type="2" discard="1" dealt="1" sum="30"/>
</round>
<round no="1"><cards type="Pocket" player="M1ky3ste92">H8 HQ</cards>
<cards type="Pocket" player="Polletto71">X X</cards>
<action no="5" player="M1ky3ste92" type="3" sum="15"/>
<action no="6" player="Polletto71" type="23" discard="1" dealt="1" sum="660"/>
<action no="7" player="M1ky3ste92" type="0" sum="0"/>
</round>
</game>
<game gamecode="6578042763"><general>
<startdate>2025-12-31 17:39:06</startdate>
<round>1</round>
<failsafecounter/>
<players><player seat="6" name="M1ky3ste92" chips="800" dealer="0" win="0" bet="45" muck="1" rebuy="0" addon="0" merge="0" rebuychips="0" reg_code="5085215999"/>
<player seat="3" name="Polletto71" chips="700" dealer="1" win="90" bet="165" muck="1" rebuy="0" addon="0" merge="0" rebuychips="0" reg_code="5085215989"/>
</players>
</general>
<round no="0"><action no="1" player="Polletto71" type="15" discard="1" dealt="1" sum="5"/>
<action no="2" player="M1ky3ste92" type="15" sum="5"/>
<action no="3" player="Polletto71" type="1" discard="1" dealt="1" sum="20"/>
<action no="4" player="M1ky3ste92" type="2" sum="40"/>
</round>
<round no="1"><cards type="Pocket" player="Polletto71">X X</cards>
<cards type="Pocket" player="M1ky3ste92">HQ H5</cards>
<action no="5" player="Polletto71" type="23" discard="1" dealt="1" sum="160"/>
<action no="6" player="M1ky3ste92" type="0" sum="0"/>
</round>
</game>
<game gamecode="6578042829"><general>
<startdate>2025-12-31 17:39:14</startdate>
<round>1</round>
<failsafecounter/>
<players><player seat="3" name="Polletto71" chips="745" dealer="0" win="0" bet="45" muck="1" rebuy="0" addon="0" merge="0" rebuychips="0" reg_code="5085215989"/>
<player seat="6" name="M1ky3ste92" chips="755" dealer="1" win="90" bet="45" muck="0" rebuy="0" addon="0" merge="0" rebuychips="0" reg_code="5085215999"/>
</players>
</general>
<round no="0"><action no="1" player="M1ky3ste92" type="15" sum="5"/>
<action no="2" player="Polletto71" type="15" discard="1" dealt="1" sum="5"/>
<action no="3" player="M1ky3ste92" type="1" sum="20"/>
<action no="4" player="Polletto71" type="2" discard="1" dealt="1" sum="40"/>
</round>
<round no="1"><cards type="Pocket" player="M1ky3ste92">DQ H2</cards>
<cards type="Pocket" player="Polletto71">H4 C8</cards>
<action no="5" player="M1ky3ste92" type="3" sum="20"/>
<action no="6" player="Polletto71" type="4" discard="1" dealt="1" sum="0"/>
</round>
<round no="2"><cards type="Flop">H5 CJ C5</cards>
<action no="7" player="Polletto71" type="4" discard="1" dealt="1" sum="0"/>
<action no="8" player="M1ky3ste92" type="4" sum="0"/>
</round>
<round no="3"><cards type="Turn">S9</cards>
<action no="9" player="Polletto71" type="4" discard="1" dealt="1" sum="0"/>
<action no="10" player="M1ky3ste92" type="4" sum="0"/>
</round>
<round no="4"><cards type="River">D10</cards>
<action no="11" player="Polletto71" type="4" discard="1" dealt="1" sum="0"/>
<action no="12" player="M1ky3ste92" type="4" sum="0"/>
</round>
</game>
<game gamecode="6578042995"><general>
<startdate>2025-12-31 17:39:35</startdate>
<round>1</round>
<failsafecounter/>
<players><player seat="6" name="M1ky3ste92" chips="800" dealer="0" win="0" bet="45" muck="1" rebuy="0" addon="0" merge="0" rebuychips="0" reg_code="5085215999"/>
<player seat="3" name="Polletto71" chips="700" dealer="1" win="90" bet="165" muck="1" rebuy="0" addon="0" merge="0" rebuychips="0" reg_code="5085215989"/>
</players>
</general>
<round no="0"><action no="1" player="Polletto71" type="15" discard="1" dealt="1" sum="5"/>
<action no="2" player="M1ky3ste92" type="15" sum="5"/>
<action no="3" player="Polletto71" type="1" discard="1" dealt="1" sum="20"/>
<action no="4" player="M1ky3ste92" type="2" sum="40"/>
</round>
<round no="1"><cards type="Pocket" player="M1ky3ste92">C6 CK</cards>
<cards type="Pocket" player="Polletto71">X X</cards>
<action no="5" player="Polletto71" type="23" discard="1" dealt="1" sum="160"/>
<action no="6" player="M1ky3ste92" type="0" sum="0"/>
</round>
</game>
<game gamecode="6578043058"><general>
<startdate>2025-12-31 17:39:44</startdate>
<round>1</round>
<failsafecounter/>
<players><player seat="3" name="Polletto71" chips="745" dealer="0" win="0" bet="45" muck="1" rebuy="0" addon="0" merge="0" rebuychips="0" reg_code="5085215989"/>
<player seat="6" name="M1ky3ste92" chips="755" dealer="1" win="90" bet="85" muck="1" rebuy="0" addon="0" merge="0" rebuychips="0" reg_code="5085215999"/>
</players>
</general>
<round no="0"><action no="1" player="M1ky3ste92" type="15" sum="5"/>
<action no="2" player="Polletto71" type="15" discard="1" dealt="1" sum="5"/>
<action no="3" player="M1ky3ste92" type="1" sum="20"/>
<action no="4" player="Polletto71" type="2" discard="1" dealt="1" sum="40"/>
</round>
<round no="1"><cards type="Pocket" player="Polletto71">X X</cards>
<cards type="Pocket" player="M1ky3ste92">C8 D10</cards>
<action no="5" player="M1ky3ste92" type="3" sum="20"/>
<action no="6" player="Polletto71" type="4" discard="1" dealt="1" sum="0"/>
</round>
<round no="2"><cards type="Flop">S9 C9 CK</cards>
<action no="7" player="Polletto71" type="4" discard="1" dealt="1" sum="0"/>
<action no="8" player="M1ky3ste92" type="5" sum="40"/>
<action no="9" player="Polletto71" type="0" discard="1" dealt="1" sum="0"/>
</round>
</game>
<game gamecode="6578043132"><general>
<startdate>2025-12-31 17:39:54</startdate>
<round>1</round>
<failsafecounter/>
<players><player seat="6" name="M1ky3ste92" chips="800" dealer="0" win="0" bet="45" muck="1" rebuy="0" addon="0" merge="0" rebuychips="0" reg_code="5085215999"/>
<player seat="3" name="Polletto71" chips="700" dealer="1" win="90" bet="85" muck="1" rebuy="0" addon="0" merge="0" rebuychips="0" reg_code="5085215989"/>
</players>
</general>
<round no="0"><action no="1" player="Polletto71" type="15" discard="1" dealt="1" sum="5"/>
<action no="2" player="M1ky3ste92" type="15" sum="5"/>
<action no="3" player="Polletto71" type="1" discard="1" dealt="1" sum="20"/>
<action no="4" player="M1ky3ste92" type="2" sum="40"/>
</round>
<round no="1"><cards type="Pocket" player="Polletto71">X X</cards>
<cards type="Pocket" player="M1ky3ste92">S3 C8</cards>
<action no="5" player="Polletto71" type="3" discard="1" dealt="1" sum="20"/>
<action no="6" player="M1ky3ste92" type="4" sum="0"/>
</round>
<round no="2"><cards type="Flop">D9 C5 H2</cards>
<action no="7" player="M1ky3ste92" type="4" sum="0"/>
<action no="8" player="Polletto71" type="5" discard="1" dealt="1" sum="40"/>
<action no="9" player="M1ky3ste92" type="0" sum="0"/>
</round>
</game>
<game gamecode="6578043217"><general>
<startdate>2025-12-31 17:40:05</startdate>
<round>1</round>
<failsafecounter/>
<players><player seat="3" name="Polletto71" chips="745" dealer="0" win="90" bet="745" muck="1" rebuy="0" addon="0" merge="0" rebuychips="0" reg_code="5085215989"/>
<player seat="6" name="M1ky3ste92" chips="755" dealer="1" win="0" bet="45" muck="1" rebuy="0" addon="0" merge="0" rebuychips="0" reg_code="5085215999"/>
</players>
</general>
<round no="0"><action no="1" player="M1ky3ste92" type="15" sum="5"/>
<action no="2" player="Polletto71" type="15" discard="1" dealt="1" sum="5"/>
<action no="3" player="M1ky3ste92" type="1" sum="20"/>
<action no="4" player="Polletto71" type="2" discard="1" dealt="1" sum="40"/>
</round>
<round no="1"><cards type="Pocket" player="M1ky3ste92">H10 S7</cards>
<cards type="Pocket" player="Polletto71">X X</cards>
<action no="5" player="M1ky3ste92" type="3" sum="20"/>
<action no="6" player="Polletto71" type="23" discard="1" dealt="1" sum="740"/>
<action no="7" player="M1ky3ste92" type="0" sum="0"/>
</round>
</game>
<game gamecode="6578043285"><general>
<startdate>2025-12-31 17:40:13</startdate>
<round>1</round>
<failsafecounter/>
<players><player seat="6" name="M1ky3ste92" chips="710" dealer="0" win="50" bet="45" muck="1" rebuy="0" addon="0" merge="0" rebuychips="0" reg_code="5085215999"/>
<player seat="3" name="Polletto71" chips="790" dealer="1" win="0" bet="25" muck="1" rebuy="0" addon="0" merge="0" rebuychips="0" reg_code="5085215989"/>
</players>
</general>
<round no="0"><action no="1" player="Polletto71" type="15" discard="1" dealt="1" sum="5"/>
<action no="2" player="M1ky3ste92" type="15" sum="5"/>
<action no="3" player="Polletto71" type="1" discard="1" dealt="1" sum="20"/>
<action no="4" player="M1ky3ste92" type="2" sum="40"/>
</round>
<round no="1"><cards type="Pocket" player="M1ky3ste92">S3 D7</cards>
<cards type="Pocket" player="Polletto71">X X</cards>
<action no="5" player="Polletto71" type="0" discard="1" dealt="1" sum="0"/>
</round>
</game>
<game gamecode="6578043325"><general>
<startdate>2025-12-31 17:40:19</startdate>
<round>1</round>
<failsafecounter/>
<players><player seat="3" name="Polletto71" chips="765" dealer="0" win="0" bet="85" muck="1" rebuy="0" addon="0" merge="0" rebuychips="0" reg_code="5085215989"/>
<player seat="6" name="M1ky3ste92" chips="735" dealer="1" win="170" bet="85" muck="0" rebuy="0" addon="0" merge="0" rebuychips="0" reg_code="5085215999"/>
</players>
</general>
<round no="0"><action no="1" player="M1ky3ste92" type="15" sum="5"/>
<action no="2" player="Polletto71" type="15" discard="1" dealt="1" sum="5"/>
<action no="3" player="M1ky3ste92" type="1" sum="20"/>
<action no="4" player="Polletto71" type="2" discard="1" dealt="1" sum="40"/>
</round>
<round no="1"><cards type="Pocket" player="Polletto71">CQ C8</cards>
<cards type="Pocket" player="M1ky3ste92">DK C2</cards>
<action no="5" player="M1ky3ste92" type="3" sum="20"/>
<action no="6" player="Polletto71" type="4" discard="1" dealt="1" sum="0"/>
</round>
<round no="2"><cards type="Flop">S3 C9 C6</cards>
<action no="7" player="Polletto71" type="4" discard="1" dealt="1" sum="0"/>
<action no="8" player="M1ky3ste92" type="4" sum="0"/>
</round>
<round no="3"><cards type="Turn">H9</cards>
<action no="9" player="Polletto71" type="5" discard="1" dealt="1" sum="40"/>
<action no="10" player="M1ky3ste92" type="3" sum="40"/>
</round>
<round no="4"><cards type="River">D10</cards>
<action no="11" player="Polletto71" type="4" discard="1" dealt="1" sum="0"/>
<action no="12" player="M1ky3ste92" type="4" sum="0"/>
</round>
</game>
<game gamecode="6578043448"><general>
<startdate>2025-12-31 17:40:36</startdate>
<round>1</round>
<failsafecounter/>
<players><player seat="6" name="M1ky3ste92" chips="820" dealer="0" win="50" bet="45" muck="1" rebuy="0" addon="0" merge="0" rebuychips="0" reg_code="5085215999"/>
<player seat="3" name="Polletto71" chips="680" dealer="1" win="0" bet="25" muck="1" rebuy="0" addon="0" merge="0" rebuychips="0" reg_code="5085215989"/>
</players>
</general>
<round no="0"><action no="1" player="Polletto71" type="15" discard="1" dealt="1" sum="5"/>
<action no="2" player="M1ky3ste92" type="15" sum="5"/>
<action no="3" player="Polletto71" type="1" discard="1" dealt="1" sum="20"/>
<action no="4" player="M1ky3ste92" type="2" sum="40"/>
</round>
<round no="1"><cards type="Pocket" player="Polletto71">X X</cards>
<cards type="Pocket" player="M1ky3ste92">S7 H2</cards>
<action no="5" player="Polletto71" type="0" discard="1" dealt="1" sum="0"/>
</round>
</game>
<game gamecode="6578043491"><general>
<startdate>2025-12-31 17:40:42</startdate>
<round>1</round>
<failsafecounter/>
<players><player seat="3" name="Polletto71" chips="655" dealer="0" win="90" bet="655" muck="1" rebuy="0" addon="0" merge="0" rebuychips="0" reg_code="5085215989"/>
<player seat="6" name="M1ky3ste92" chips="845" dealer="1" win="0" bet="45" muck="1" rebuy="0" addon="0" merge="0" rebuychips="0" reg_code="5085215999"/>
</players>
</general>
<round no="0"><action no="1" player="M1ky3ste92" type="15" sum="5"/>
<action no="2" player="Polletto71" type="15" discard="1" dealt="1" sum="5"/>
<action no="3" player="M1ky3ste92" type="1" sum="20"/>
<action no="4" player="Polletto71" type="2" discard="1" dealt="1" sum="40"/>
</round>
<round no="1"><cards type="Pocket" player="Polletto71">X X</cards>
<cards type="Pocket" player="M1ky3ste92">S4 S10</cards>
<action no="5" player="M1ky3ste92" type="3" sum="20"/>
<action no="6" player="Polletto71" type="23" discard="1" dealt="1" sum="650"/>
<action no="7" player="M1ky3ste92" type="0" sum="0"/>
</round>
</game>
<game gamecode="6578043566"><general>
<startdate>2025-12-31 17:40:52</startdate>
<round>1</round>
<failsafecounter/>
<players><player seat="6" name="M1ky3ste92" chips="800" dealer="0" win="170" bet="800" muck="1" rebuy="0" addon="0" merge="0" rebuychips="0" reg_code="5085215999"/>
<player seat="3" name="Polletto71" chips="700" dealer="1" win="0" bet="85" muck="1" rebuy="0" addon="0" merge="0" rebuychips="0" reg_code="5085215989"/>
</players>
</general>
<round no="0"><action no="1" player="Polletto71" type="15" discard="1" dealt="1" sum="5"/>
<action no="2" player="M1ky3ste92" type="15" sum="5"/>
<action no="3" player="Polletto71" type="1" discard="1" dealt="1" sum="20"/>
<action no="4" player="M1ky3ste92" type="2" sum="40"/>
</round>
<round no="1"><cards type="Pocket" player="Polletto71">X X</cards>
<cards type="Pocket" player="M1ky3ste92">DQ SK</cards>
<action no="5" player="Polletto71" type="23" discard="1" dealt="1" sum="80"/>
<action no="6" player="M1ky3ste92" type="23" sum="795"/>
<action no="7" player="Polletto71" type="0" discard="1" dealt="1" sum="0"/>
</round>
</game>
<game gamecode="6578043626"><general>
<startdate>2025-12-31 17:41:00</startdate>
<round>1</round>
<failsafecounter/>
<players><player seat="3" name="Polletto71" chips="615" dealer="0" win="90" bet="615" muck="1" rebuy="0" addon="0" merge="0" rebuychips="0" reg_code="5085215989"/>
<player seat="6" name="M1ky3ste92" chips="885" dealer="1" win="0" bet="45" muck="1" rebuy="0" addon="0" merge="0" rebuychips="0" reg_code="5085215999"/>
</players>
</general>
<round no="0"><action no="1" player="M1ky3ste92" type="15" sum="5"/>
<action no="2" player="Polletto71" type="15" discard="1" dealt="1" sum="5"/>
<action no="3" player="M1ky3ste92" type="1" sum="20"/>
<action no="4" player="Polletto71" type="2" discard="1" dealt="1" sum="40"/>
</round>
<round no="1"><cards type="Pocket" player="Polletto71">X X</cards>
<cards type="Pocket" player="M1ky3ste92">H3 SK</cards>
<action no="5" player="M1ky3ste92" type="3" sum="20"/>
<action no="6" player="Polletto71" type="23" discard="1" dealt="1" sum="610"/>
<action no="7" player="M1ky3ste92" type="0" sum="0"/>
</round>
</game>
<game gamecode="6578043703"><general>
<startdate>2025-12-31 17:41:10</startdate>
<round>1</round>
<failsafecounter/>
<players><player seat="6" name="M1ky3ste92" chips="840" dealer="0" win="0" bet="660" muck="1" rebuy="0" addon="0" merge="0" rebuychips="0" reg_code="5085215999"/>
<player seat="3" name="Polletto71" chips="660" dealer="1" win="1,320" bet="660" muck="0" rebuy="0" addon="0" merge="0" rebuychips="0" reg_code="5085215989"/>
</players>
</general>
<round no="0"><action no="1" player="Polletto71" type="15" discard="1" dealt="1" sum="5"/>
<action no="2" player="M1ky3ste92" type="15" sum="5"/>
<action no="3" player="Polletto71" type="1" discard="1" dealt="1" sum="30"/>
<action no="4" player="M1ky3ste92" type="2" sum="60"/>
</round>
<round no="1"><cards type="Pocket" player="M1ky3ste92">DQ H10</cards>
<cards type="Pocket" player="Polletto71">CK S10</cards>
<action no="5" player="Polletto71" type="23" discard="1" dealt="1" sum="120"/>
<action no="6" player="M1ky3ste92" type="3" sum="60"/>
</round>
<round no="2"><cards type="Flop">D9 CJ S3</cards>
<action no="7" player="M1ky3ste92" type="4" sum="0"/>
<action no="8" player="Polletto71" type="5" discard="1" dealt="1" sum="535"/>
<action no="9" player="M1ky3ste92" type="3" sum="535"/>
</round>
<round no="3"><cards type="Turn">C2</cards>
</round>
<round no="4"><cards type="River">CQ</cards>
</round>
</game>
<game gamecode="6578043821"><general>
<startdate>2025-12-31 17:41:27</startdate>
<round>1</round>
<failsafecounter/>
<players><player seat="3" name="Polletto71" chips="1,320" dealer="0" win="0" bet="180" muck="1" rebuy="0" addon="0" merge="0" rebuychips="0" reg_code="5085215989"/>
<player seat="6" name="M1ky3ste92" chips="180" dealer="1" win="360" bet="180" muck="0" rebuy="0" addon="0" merge="0" rebuychips="0" reg_code="5085215999"/>
</players>
</general>
<round no="0"><action no="1" player="M1ky3ste92" type="15" sum="5"/>
<action no="2" player="Polletto71" type="15" discard="1" dealt="1" sum="5"/>
<action no="3" player="M1ky3ste92" type="1" sum="30"/>
<action no="4" player="Polletto71" type="2" discard="1" dealt="1" sum="60"/>
</round>
<round no="1"><cards type="Pocket" player="M1ky3ste92">D9 D5</cards>
<cards type="Pocket" player="Polletto71">DQ S2</cards>
<action no="5" player="M1ky3ste92" type="23" sum="175"/>
<action no="6" player="Polletto71" type="3" discard="1" dealt="1" sum="115"/>
</round>
<round no="2"><cards type="Flop">S6 S5 DJ</cards>
</round>
<round no="3"><cards type="Turn">D4</cards>
</round>
<round no="4"><cards type="River">C6</cards>
</round>
</game>
<game gamecode="6578043934"><general>
<startdate>2025-12-31 17:41:42</startdate>
<round>1</round>
<failsafecounter/>
<players><player seat="6" name="M1ky3ste92" chips="360" dealer="0" win="70" bet="65" muck="1" rebuy="0" addon="0" merge="0" rebuychips="0" reg_code="5085215999"/>
<player seat="3" name="Polletto71" chips="1,140" dealer="1" win="0" bet="35" muck="1" rebuy="0" addon="0" merge="0" rebuychips="0" reg_code="5085215989"/>
</players>
</general>
<round no="0"><action no="1" player="Polletto71" type="15" discard="1" dealt="1" sum="5"/>
<action no="2" player="M1ky3ste92" type="15" sum="5"/>
<action no="3" player="Polletto71" type="1" discard="1" dealt="1" sum="30"/>
<action no="4" player="M1ky3ste92" type="2" sum="60"/>
</round>
<round no="1"><cards type="Pocket" player="Polletto71">X X</cards>
<cards type="Pocket" player="M1ky3ste92">C4 C7</cards>
<action no="5" player="Polletto71" type="0" discard="1" dealt="1" sum="0"/>
</round>
</game>
<game gamecode="6578043966"><general>
<startdate>2025-12-31 17:41:47</startdate>
<round>1</round>
<failsafecounter/>
<players><player seat="3" name="Polletto71" chips="1,105" dealer="0" win="70" bet="65" muck="1" rebuy="0" addon="0" merge="0" rebuychips="0" reg_code="5085215989"/>
<player seat="6" name="M1ky3ste92" chips="395" dealer="1" win="0" bet="35" muck="1" rebuy="0" addon="0" merge="0" rebuychips="0" reg_code="5085215999"/>
</players>
</general>
<round no="0"><action no="1" player="M1ky3ste92" type="15" sum="5"/>
<action no="2" player="Polletto71" type="15" discard="1" dealt="1" sum="5"/>
<action no="3" player="M1ky3ste92" type="1" sum="30"/>
<action no="4" player="Polletto71" type="2" discard="1" dealt="1" sum="60"/>
</round>
<round no="1"><cards type="Pocket" player="M1ky3ste92">S2 S8</cards>
<cards type="Pocket" player="Polletto71">X X</cards>
<action no="5" player="M1ky3ste92" type="0" sum="0"/>
</round>
</game>
<game gamecode="6578044004"><general>
<startdate>2025-12-31 17:41:53</startdate>
<round>1</round>
<failsafecounter/>
<players><player seat="6" name="M1ky3ste92" chips="360" dealer="0" win="0" bet="65" muck="1" rebuy="0" addon="0" merge="0" rebuychips="0" reg_code="5085215999"/>
<player seat="3" name="Polletto71" chips="1,140" dealer="1" win="130" bet="305" muck="1" rebuy="0" addon="0" merge="0" rebuychips="0" reg_code="5085215989"/>
</players>
</general>
<round no="0"><action no="1" player="Polletto71" type="15" discard="1" dealt="1" sum="5"/>
<action no="2" player="M1ky3ste92" type="15" sum="5"/>
<action no="3" player="Polletto71" type="1" discard="1" dealt="1" sum="30"/>
<action no="4" player="M1ky3ste92" type="2" sum="60"/>
</round>
<round no="1"><cards type="Pocket" player="Polletto71">X X</cards>
<cards type="Pocket" player="M1ky3ste92">S8 C5</cards>
<action no="5" player="Polletto71" type="23" discard="1" dealt="1" sum="300"/>
<action no="6" player="M1ky3ste92" type="0" sum="0"/>
</round>
</game>
<game gamecode="6578044078"><general>
<startdate>2025-12-31 17:42:02</startdate>
<round>1</round>
<failsafecounter/>
<players><player seat="3" name="Polletto71" chips="1,205" dealer="0" win="590" bet="295" muck="0" rebuy="0" addon="0" merge="0" rebuychips="0" reg_code="5085215989"/>
<player seat="6" name="M1ky3ste92" chips="295" dealer="1" win="0" bet="295" muck="0" rebuy="0" addon="0" merge="0" rebuychips="0" reg_code="5085215999"/>
</players>
</general>
<round no="0"><action no="1" player="M1ky3ste92" type="15" sum="5"/>
<action no="2" player="Polletto71" type="15" discard="1" dealt="1" sum="5"/>
<action no="3" player="M1ky3ste92" type="1" sum="30"/>
<action no="4" player="Polletto71" type="2" discard="1" dealt="1" sum="60"/>
</round>
<round no="1"><cards type="Pocket" player="M1ky3ste92">D8 DQ</cards>
<cards type="Pocket" player="Polletto71">SK H2</cards>
<action no="5" player="M1ky3ste92" type="23" sum="290"/>
<action no="6" player="Polletto71" type="3" discard="1" dealt="1" sum="230"/>
</round>
<round no="2"><cards type="Flop">DJ S9 S7</cards>
</round>
<round no="3"><cards type="Turn">C4</cards>
</round>
<round no="4"><cards type="River">H9</cards>
</round>
</game>
</session>
