<?xml version="1.0" encoding="UTF-8"?>
<session sessioncode="5085215604">
<general>
<client_version>25.7.1.50</client_version>
<mode>real</mode>
<gametype>Holdem NL</gametype>
<tablename>Twister €100 SNG, 825266695</tablename>
<tournamentcode>825266694</tournamentcode>
<tournamentname>Twister €100 SNG</tournamentname>
<buyin>€0 + €7 + €93</buyin>
<totalbuyin>€100</totalbuyin>
<rewarddrawn>€400</rewarddrawn>
<tournamentcurrency>EUR</tournamentcurrency>
<currency>EUR</currency>
<nickname>M1ky3ste92</nickname>
<gamecount>26</gamecount>
<startdate>2025-12-31 17:32:09</startdate>
<place>1</place>
<win>€400</win>
<tablesize>3</tablesize>
</general>
<game gamecode="6578033312"><general>
<startdate>2025-12-31 17:32:24</startdate>
<round>1</round>
<failsafecounter/>
<players><player seat="10" name="SVcristian1994" chips="500" dealer="0" win="0" bet="40" muck="1" rebuy="0" addon="0" merge="0" rebuychips="0" reg_code="5085216021"/>
<player seat="3" name="Polletto71" chips="500" dealer="1" win="90" bet="80" muck="1" rebuy="0" addon="0" merge="0" rebuychips="0" reg_code="5085215598"/>
<player seat="6" name="M1ky3ste92" chips="500" dealer="0" win="0" bet="10" muck="1" rebuy="0" addon="0" merge="0" rebuychips="0" reg_code="5085215604"/>
</players>
</general>
<round no="0"><action no="1" player="M1ky3ste92" type="1" sum="10"/>
<action no="2" player="SVcristian1994" type="2" discard="1" dealt="1" sum="20"/>
</round>
<round no="1"><cards type="Pocket" player="M1ky3ste92">D10 S9</cards>
<cards type="Pocket" player="SVcristian1994">X X</cards>
<cards type="Pocket" player="Polletto71">X X</cards>
<action no="3" player="Polletto71" type="23" discard="1" dealt="1" sum="40"/>
<action no="4" player="M1ky3ste92" type="0" sum="0"/>
<action no="5" player="SVcristian1994" type="3" discard="1" dealt="1" sum="20"/>
</round>
<round no="2"><cards type="Flop">H10 H3 DQ</cards>
<action no="6" player="SVcristian1994" type="4" discard="1" dealt="1" sum="0"/>
<action no="7" player="Polletto71" type="4" discard="1" dealt="1" sum="0"/>
</round>
<round no="3"><cards type="Turn">S7</cards>
<action no="8" player="SVcristian1994" type="4" discard="1" dealt="1" sum="0"/>
<action no="9" player="Polletto71" type="5" discard="1" dealt="1" sum="40"/>
<action no="10" player="SVcristian1994" type="0" discard="1" dealt="1" sum="0"/>
</round>
</game>
<game gamecode="6578033452"><general>
<startdate>2025-12-31 17:32:43</startdate>
<round>1</round>
<failsafecounter/>
<players><player seat="3" name="Polletto71" chips="550" dealer="0" win="20" bet="20" muck="1" rebuy="0" addon="0" merge="0" rebuychips="0" reg_code="5085215598"/>
<player seat="6" name="M1ky3ste92" chips="490" dealer="1" win="0" bet="0" muck="1" rebuy="0" addon="0" merge="0" rebuychips="0" reg_code="5085215604"/>
<player seat="10" name="SVcristian1994" chips="460" dealer="0" win="0" bet="10" muck="1" rebuy="0" addon="0" merge="0" rebuychips="0" reg_code="5085216021"/>
</players>
</general>
<round no="0"><action no="1" player="SVcristian1994" type="1" discard="1" dealt="1" sum="10"/>
<action no="2" player="Polletto71" type="2" discard="1" dealt="1" sum="20"/>
</round>
<round no="1"><cards type="Pocket" player="Polletto71">X X</cards>
<cards type="Pocket" player="SVcristian1994">X X</cards>
<cards type="Pocket" player="M1ky3ste92">D5 D2</cards>
<action no="3" player="M1ky3ste92" type="0" sum="0"/>
<action no="4" player="SVcristian1994" type="0" discard="1" dealt="1" sum="0"/>
</round>
</game>
<game gamecode="6578033496"><general>
<startdate>2025-12-31 17:32:49</startdate>
<round>1</round>
<failsafecounter/>
<players><player seat="6" name="M1ky3ste92" chips="490" dealer="0" win="40" bet="80" muck="1" rebuy="0" addon="0" merge="0" rebuychips="0" reg_code="5085215604"/>
<player seat="10" name="SVcristian1994" chips="450" dealer="1" win="0" bet="0" muck="1" rebuy="0" addon="0" merge="0" rebuychips="0" reg_code="5085216021"/>
<player seat="3" name="Polletto71" chips="560" dealer="0" win="0" bet="20" muck="1" rebuy="0" addon="0" merge="0" rebuychips="0" reg_code="5085215598"/>
</players>
</general>
<round no="0"><action no="1" player="Polletto71" type="1" discard="1" dealt="1" sum="10"/>
<action no="2" player="M1ky3ste92" type="2" sum="20"/>
</round>
<round no="1"><cards type="Pocket" player="M1ky3ste92">C8 S8</cards>
<cards type="Pocket" player="SVcristian1994">X X</cards>
<cards type="Pocket" player="Polletto71">X X</cards>
<action no="3" player="SVcristian1994" type="0" discard="1" dealt="1" sum="0"/>
<action no="4" player="Polletto71" type="3" discard="1" dealt="1" sum="10"/>
<action no="5" player="M1ky3ste92" type="23" sum="80"/>
<action no="6" player="Polletto71" type="0" discard="1" dealt="1" sum="0"/>
</round>
</game>
<game gamecode="6578033574"><general>
<startdate>2025-12-31 17:33:00</startdate>
<round>1</round>
<failsafecounter/>
<players><player seat="10" name="SVcristian1994" chips="450" dealer="0" win="0" bet="240" muck="1" rebuy="0" addon="0" merge="0" rebuychips="0" reg_code="5085216021"/>
<player seat="3" name="Polletto71" chips="540" dealer="1" win="0" bet="0" muck="1" rebuy="0" addon="0" merge="0" rebuychips="0" reg_code="5085215598"/>
<player seat="6" name="M1ky3ste92" chips="510" dealer="0" win="480" bet="240" muck="0" rebuy="0" addon="0" merge="0" rebuychips="0" reg_code="5085215604"/>
</players>
</general>
<round no="0"><action no="1" player="M1ky3ste92" type="1" sum="10"/>
<action no="2" player="SVcristian1994" type="2" discard="1" dealt="1" sum="20"/>
</round>
<round no="1"><cards type="Pocket" player="Polletto71">X X</cards>
<cards type="Pocket" player="M1ky3ste92">D8 D7</cards>
<cards type="Pocket" player="SVcristian1994">SJ C10</cards>
<action no="3" player="Polletto71" type="0" discard="1" dealt="1" sum="0"/>
<action no="4" player="M1ky3ste92" type="3" sum="10"/>
<action no="5" player="SVcristian1994" type="4" discard="1" dealt="1" sum="0"/>
</round>
<round no="2"><cards type="Flop">HK H5 D9</cards>
<action no="6" player="M1ky3ste92" type="5" sum="20"/>
<action no="7" player="SVcristian1994" type="3" discard="1" dealt="1" sum="20"/>
</round>
<round no="3"><cards type="Turn">S10</cards>
<action no="8" player="M1ky3ste92" type="5" sum="40"/>
<action no="9" player="SVcristian1994" type="3" discard="1" dealt="1" sum="40"/>
</round>
<round no="4"><cards type="River">C6</cards>
<action no="10" player="M1ky3ste92" type="5" sum="160"/>
<action no="11" player="SVcristian1994" type="3" discard="1" dealt="1" sum="160"/>
</round>
</game>
<game gamecode="6578033761"><general>
<startdate>2025-12-31 17:33:25</startdate>
<round>1</round>
<failsafecounter/>
<players><player seat="3" name="Polletto71" chips="540" dealer="0" win="0" bet="40" muck="1" rebuy="0" addon="0" merge="0" rebuychips="0" reg_code="5085215598"/>
<player seat="6" name="M1ky3ste92" chips="750" dealer="1" win="90" bet="85" muck="1" rebuy="0" addon="0" merge="0" rebuychips="0" reg_code="5085215604"/>
<player seat="10" name="SVcristian1994" chips="210" dealer="0" win="0" bet="10" muck="1" rebuy="0" addon="0" merge="0" rebuychips="0" reg_code="5085216021"/>
</players>
</general>
<round no="0"><action no="1" player="SVcristian1994" type="1" discard="1" dealt="1" sum="10"/>
<action no="2" player="Polletto71" type="2" discard="1" dealt="1" sum="20"/>
</round>
<round no="1"><cards type="Pocket" player="Polletto71">X X</cards>
<cards type="Pocket" player="SVcristian1994">X X</cards>
<cards type="Pocket" player="M1ky3ste92">C7 DA</cards>
<action no="3" player="M1ky3ste92" type="23" sum="40"/>
<action no="4" player="SVcristian1994" type="0" discard="1" dealt="1" sum="0"/>
<action no="5" player="Polletto71" type="3" discard="1" dealt="1" sum="20"/>
</round>
<round no="2"><cards type="Flop">H7 S9 S10</cards>
<action no="6" player="Polletto71" type="4" discard="1" dealt="1" sum="0"/>
<action no="7" player="M1ky3ste92" type="4" sum="0"/>
</round>
<round no="3"><cards type="Turn">HA</cards>
<action no="8" player="Polletto71" type="4" discard="1" dealt="1" sum="0"/>
<action no="9" player="M1ky3ste92" type="5" sum="45"/>
<action no="10" player="Polletto71" type="0" discard="1" dealt="1" sum="0"/>
</round>
</game>
<game gamecode="6578033895"><general>
<startdate>2025-12-31 17:33:44</startdate>
<round>1</round>
<failsafecounter/>
<players><player seat="6" name="M1ky3ste92" chips="800" dealer="0" win="0" bet="20" muck="1" rebuy="0" addon="0" merge="0" rebuychips="0" reg_code="5085215604"/>
<player seat="10" name="SVcristian1994" chips="200" dealer="1" win="420" bet="200" muck="0" rebuy="0" addon="0" merge="0" rebuychips="0" reg_code="5085216021"/>
<player seat="3" name="Polletto71" chips="500" dealer="0" win="0" bet="200" muck="1" rebuy="0" addon="0" merge="0" rebuychips="0" reg_code="5085215598"/>
</players>
</general>
<round no="0"><action no="1" player="Polletto71" type="1" discard="1" dealt="1" sum="10"/>
<action no="2" player="M1ky3ste92" type="2" sum="20"/>
</round>
<round no="1"><cards type="Pocket" player="M1ky3ste92">H2 D10</cards>
<cards type="Pocket" player="Polletto71">C4 CA</cards>
<cards type="Pocket" player="SVcristian1994">CQ HQ</cards>
<action no="3" player="SVcristian1994" type="23" discard="1" dealt="1" sum="200"/>
<action no="4" player="Polletto71" type="3" discard="1" dealt="1" sum="190"/>
<action no="5" player="M1ky3ste92" type="0" sum="0"/>
</round>
<round no="2"><cards type="Flop">HJ C9 D8</cards>
</round>
<round no="3"><cards type="Turn">C2</cards>
</round>
<round no="4"><cards type="River">H4</cards>
</round>
</game>
<game gamecode="6578034022"><general>
<startdate>2025-12-31 17:34:01</startdate>
<round>1</round>
<failsafecounter/>
<players><player seat="10" name="SVcristian1994" chips="420" dealer="0" win="0" bet="20" muck="1" rebuy="0" addon="0" merge="0" rebuychips="0" reg_code="5085216021"/>
<player seat="3" name="Polletto71" chips="300" dealer="1" win="620" bet="300" muck="0" rebuy="0" addon="0" merge="0" rebuychips="0" reg_code="5085215598"/>
<player seat="6" name="M1ky3ste92" chips="780" dealer="0" win="0" bet="780" muck="1" rebuy="0" addon="0" merge="0" rebuychips="0" reg_code="5085215604"/>
</players>
</general>
<round no="0"><action no="1" player="M1ky3ste92" type="1" sum="10"/>
<action no="2" player="SVcristian1994" type="2" discard="1" dealt="1" sum="20"/>
</round>
<round no="1"><cards type="Pocket" player="M1ky3ste92">H9 CA</cards>
<cards type="Pocket" player="SVcristian1994">X X</cards>
<cards type="Pocket" player="Polletto71">S10 C7</cards>
<action no="3" player="Polletto71" type="23" discard="1" dealt="1" sum="80"/>
<action no="4" player="M1ky3ste92" type="23" sum="780"/>
<action no="5" player="SVcristian1994" type="0" discard="1" dealt="1" sum="0"/>
<action no="6" player="Polletto71" type="7" discard="1" dealt="1" sum="220"/>
</round>
<round no="2"><cards type="Flop">D6 HJ CK</cards>
</round>
<round no="3"><cards type="Turn">SK</cards>
</round>
<round no="4"><cards type="River">H10</cards>
</round>
</game>
<game gamecode="6578034148"><general>
<startdate>2025-12-31 17:34:20</startdate>
<round>1</round>
<failsafecounter/>
<players><player seat="3" name="Polletto71" chips="620" dealer="0" win="0" bet="40" muck="1" rebuy="0" addon="0" merge="0" rebuychips="0" reg_code="5085215598"/>
<player seat="6" name="M1ky3ste92" chips="480" dealer="1" win="0" bet="0" muck="1" rebuy="0" addon="0" merge="0" rebuychips="0" reg_code="5085215604"/>
<player seat="10" name="SVcristian1994" chips="400" dealer="0" win="80" bet="80" muck="1" rebuy="0" addon="0" merge="0" rebuychips="0" reg_code="5085216021"/>
</players>
</general>
<round no="0"><action no="1" player="SVcristian1994" type="1" discard="1" dealt="1" sum="10"/>
<action no="2" player="Polletto71" type="2" discard="1" dealt="1" sum="20"/>
</round>
<round no="1"><cards type="Pocket" player="Polletto71">X X</cards>
<cards type="Pocket" player="M1ky3ste92">H7 C10</cards>
<cards type="Pocket" player="SVcristian1994">X X</cards>
<action no="3" player="M1ky3ste92" type="0" sum="0"/>
<action no="4" player="SVcristian1994" type="3" discard="1" dealt="1" sum="10"/>
<action no="5" player="Polletto71" type="4" discard="1" dealt="1" sum="0"/>
</round>
<round no="2"><cards type="Flop">D5 CQ S6</cards>
<action no="6" player="SVcristian1994" type="5" discard="1" dealt="1" sum="20"/>
<action no="7" player="Polletto71" type="3" discard="1" dealt="1" sum="20"/>
</round>
<round no="3"><cards type="Turn">C5</cards>
<action no="8" player="SVcristian1994" type="4" discard="1" dealt="1" sum="0"/>
<action no="9" player="Polletto71" type="4" discard="1" dealt="1" sum="0"/>
</round>
<round no="4"><cards type="River">SK</cards>
<action no="10" player="SVcristian1994" type="5" discard="1" dealt="1" sum="40"/>
<action no="11" player="Polletto71" type="0" discard="1" dealt="1" sum="0"/>
</round>
</game>
<game gamecode="6578034270"><general>
<startdate>2025-12-31 17:34:36</startdate>
<round>1</round>
<failsafecounter/>
<players><player seat="6" name="M1ky3ste92" chips="480" dealer="0" win="0" bet="35" muck="1" rebuy="0" addon="0" merge="0" rebuychips="0" reg_code="5085215604"/>
<player seat="10" name="SVcristian1994" chips="440" dealer="1" win="0" bet="35" muck="1" rebuy="0" addon="0" merge="0" rebuychips="0" reg_code="5085216021"/>
<player seat="3" name="Polletto71" chips="580" dealer="0" win="105" bet="125" muck="1" rebuy="0" addon="0" merge="0" rebuychips="0" reg_code="5085215598"/>
</players>
</general>
<round no="0"><action no="1" player="Polletto71" type="15" discard="1" dealt="1" sum="5"/>
<action no="2" player="M1ky3ste92" type="15" sum="5"/>
<action no="3" player="SVcristian1994" type="15" discard="1" dealt="1" sum="5"/>
<action no="4" player="Polletto71" type="1" discard="1" dealt="1" sum="15"/>
<action no="5" player="M1ky3ste92" type="2" sum="30"/>
</round>
<round no="1"><cards type="Pocket" player="SVcristian1994">X X</cards>
<cards type="Pocket" player="M1ky3ste92">CK C3</cards>
<cards type="Pocket" player="Polletto71">X X</cards>
<action no="6" player="SVcristian1994" type="3" discard="1" dealt="1" sum="30"/>
<action no="7" player="Polletto71" type="23" discard="1" dealt="1" sum="120"/>
<action no="8" player="M1ky3ste92" type="0" sum="0"/>
<action no="9" player="SVcristian1994" type="0" discard="1" dealt="1" sum="0"/>
</round>
</game>
<game gamecode="6578034351"><general>
<startdate>2025-12-31 17:34:47</startdate>
<round>1</round>
<failsafecounter/>
<players><player seat="10" name="SVcristian1994" chips="405" dealer="0" win="165" bet="95" muck="1" rebuy="0" addon="0" merge="0" rebuychips="0" reg_code="5085216021"/>
<player seat="3" name="Polletto71" chips="650" dealer="1" win="0" bet="65" muck="1" rebuy="0" addon="0" merge="0" rebuychips="0" reg_code="5085215598"/>
<player seat="6" name="M1ky3ste92" chips="445" dealer="0" win="0" bet="35" muck="1" rebuy="0" addon="0" merge="0" rebuychips="0" reg_code="5085215604"/>
</players>
</general>
<round no="0"><action no="1" player="M1ky3ste92" type="15" sum="5"/>
<action no="2" player="SVcristian1994" type="15" discard="1" dealt="1" sum="5"/>
<action no="3" player="Polletto71" type="15" discard="1" dealt="1" sum="5"/>
<action no="4" player="M1ky3ste92" type="1" sum="15"/>
<action no="5" player="SVcristian1994" type="2" discard="1" dealt="1" sum="30"/>
</round>
<round no="1"><cards type="Pocket" player="SVcristian1994">X X</cards>
<cards type="Pocket" player="M1ky3ste92">D6 D4</cards>
<cards type="Pocket" player="Polletto71">X X</cards>
<action no="6" player="Polletto71" type="3" discard="1" dealt="1" sum="30"/>
<action no="7" player="M1ky3ste92" type="3" sum="15"/>
<action no="8" player="SVcristian1994" type="4" discard="1" dealt="1" sum="0"/>
</round>
<round no="2"><cards type="Flop">H3 H10 S9</cards>
<action no="9" player="M1ky3ste92" type="4" sum="0"/>
<action no="10" player="SVcristian1994" type="4" discard="1" dealt="1" sum="0"/>
<action no="11" player="Polletto71" type="5" discard="1" dealt="1" sum="30"/>
<action no="12" player="M1ky3ste92" type="0" sum="0"/>
<action no="13" player="SVcristian1994" type="3" discard="1" dealt="1" sum="30"/>
</round>
<round no="3"><cards type="Turn">H6</cards>
<action no="14" player="SVcristian1994" type="4" discard="1" dealt="1" sum="0"/>
<action no="15" player="Polletto71" type="4" discard="1" dealt="1" sum="0"/>
</round>
<round no="4"><cards type="River">H9</cards>
<action no="16" player="SVcristian1994" type="5" discard="1" dealt="1" sum="30"/>
<action no="17" player="Polletto71" type="0" discard="1" dealt="1" sum="0"/>
</round>
</game>
<game gamecode="6578034512"><general>
<startdate>2025-12-31 17:35:10</startdate>
<round>1</round>
<failsafecounter/>
<players><player seat="3" name="Polletto71" chips="585" dealer="0" win="0" bet="410" muck="1" rebuy="0" addon="0" merge="0" rebuychips="0" reg_code="5085215598"/>
<player seat="6" name="M1ky3ste92" chips="410" dealer="1" win="840" bet="410" muck="0" rebuy="0" addon="0" merge="0" rebuychips="0" reg_code="5085215604"/>
<player seat="10" name="SVcristian1994" chips="505" dealer="0" win="0" bet="20" muck="1" rebuy="0" addon="0" merge="0" rebuychips="0" reg_code="5085216021"/>
</players>
</general>
<round no="0"><action no="1" player="SVcristian1994" type="15" discard="1" dealt="1" sum="5"/>
<action no="2" player="Polletto71" type="15" discard="1" dealt="1" sum="5"/>
<action no="3" player="M1ky3ste92" type="15" sum="5"/>
<action no="4" player="SVcristian1994" type="1" discard="1" dealt="1" sum="15"/>
<action no="5" player="Polletto71" type="2" discard="1" dealt="1" sum="30"/>
</round>
<round no="1"><cards type="Pocket" player="Polletto71">SA H10</cards>
<cards type="Pocket" player="SVcristian1994">X X</cards>
<cards type="Pocket" player="M1ky3ste92">H9 HQ</cards>
<action no="6" player="M1ky3ste92" type="23" sum="405"/>
<action no="7" player="SVcristian1994" type="0" discard="1" dealt="1" sum="0"/>
<action no="8" player="Polletto71" type="3" discard="1" dealt="1" sum="375"/>
</round>
<round no="2"><cards type="Flop">D8 SK H5</cards>
</round>
<round no="3"><cards type="Turn">S6</cards>
</round>
<round no="4"><cards type="River">DQ</cards>
</round>
</game>
<game gamecode="6578034661"><general>
<startdate>2025-12-31 17:35:32</startdate>
<round>1</round>
<failsafecounter/>
<players><player seat="6" name="M1ky3ste92" chips="840" dealer="0" win="0" bet="35" muck="1" rebuy="0" addon="0" merge="0" rebuychips="0" reg_code="5085215604"/>
<player seat="10" name="SVcristian1994" chips="485" dealer="1" win="0" bet="175" muck="1" rebuy="0" addon="0" merge="0" rebuychips="0" reg_code="5085216021"/>
<player seat="3" name="Polletto71" chips="175" dealer="0" win="385" bet="175" muck="0" rebuy="0" addon="0" merge="0" rebuychips="0" reg_code="5085215598"/>
</players>
</general>
<round no="0"><action no="1" player="Polletto71" type="15" discard="1" dealt="1" sum="5"/>
<action no="2" player="M1ky3ste92" type="15" sum="5"/>
<action no="3" player="SVcristian1994" type="15" discard="1" dealt="1" sum="5"/>
<action no="4" player="Polletto71" type="1" discard="1" dealt="1" sum="15"/>
<action no="5" player="M1ky3ste92" type="2" sum="30"/>
</round>
<round no="1"><cards type="Pocket" player="M1ky3ste92">S7 H8</cards>
<cards type="Pocket" player="Polletto71">HK D5</cards>
<cards type="Pocket" player="SVcristian1994">DA S8</cards>
<action no="6" player="SVcristian1994" type="3" discard="1" dealt="1" sum="30"/>
<action no="7" player="Polletto71" type="23" discard="1" dealt="1" sum="170"/>
<action no="8" player="M1ky3ste92" type="0" sum="0"/>
<action no="9" player="SVcristian1994" type="3" discard="1" dealt="1" sum="140"/>
</round>
<round no="2"><cards type="Flop">S4 C5 D7</cards>
</round>
<round no="3"><cards type="Turn">H9</cards>
</round>
<round no="4"><cards type="River">S10</cards>
</round>
</game>
<game gamecode="6578034807"><general>
<startdate>2025-12-31 17:35:51</startdate>
<round>1</round>
<failsafecounter/>
<players><player seat="10" name="SVcristian1994" chips="310" dealer="0" win="640" bet="310" muck="0" rebuy="0" addon="0" merge="0" rebuychips="0" reg_code="5085216021"/>
<player seat="3" name="Polletto71" chips="385" dealer="1" win="0" bet="385" muck="1" rebuy="0" addon="0" merge="0" rebuychips="0" reg_code="5085215598"/>
<player seat="6" name="M1ky3ste92" chips="805" dealer="0" win="0" bet="20" muck="1" rebuy="0" addon="0" merge="0" rebuychips="0" reg_code="5085215604"/>
</players>
</general>
<round no="0"><action no="1" player="M1ky3ste92" type="15" sum="5"/>
<action no="2" player="SVcristian1994" type="15" discard="1" dealt="1" sum="5"/>
<action no="3" player="Polletto71" type="15" discard="1" dealt="1" sum="5"/>
<action no="4" player="M1ky3ste92" type="1" sum="15"/>
<action no="5" player="SVcristian1994" type="2" discard="1" dealt="1" sum="30"/>
</round>
<round no="1"><cards type="Pocket" player="M1ky3ste92">D2 H10</cards>
<cards type="Pocket" player="SVcristian1994">HK HJ</cards>
<cards type="Pocket" player="Polletto71">C4 S4</cards>
<action no="6" player="Polletto71" type="23" discard="1" dealt="1" sum="380"/>
<action no="7" player="M1ky3ste92" type="0" sum="0"/>
<action no="8" player="SVcristian1994" type="7" discard="1" dealt="1" sum="275"/>
</round>
<round no="2"><cards type="Flop">S5 DQ S10</cards>
</round>
<round no="3"><cards type="Turn">C10</cards>
</round>
<round no="4"><cards type="River">SA</cards>
</round>
</game>
<game gamecode="6578034930"><general>
<startdate>2025-12-31 17:36:08</startdate>
<round>1</round>
<failsafecounter/>
<players><player seat="3" name="Polletto71" chips="75" dealer="0" win="0" bet="35" muck="1" rebuy="0" addon="0" merge="0" rebuychips="0" reg_code="5085215598"/>
<player seat="6" name="M1ky3ste92" chips="785" dealer="1" win="165" bet="95" muck="1" rebuy="0" addon="0" merge="0" rebuychips="0" reg_code="5085215604"/>
<player seat="10" name="SVcristian1994" chips="640" dealer="0" win="0" bet="65" muck="1" rebuy="0" addon="0" merge="0" rebuychips="0" reg_code="5085216021"/>
</players>
</general>
<round no="0"><action no="1" player="SVcristian1994" type="15" discard="1" dealt="1" sum="5"/>
<action no="2" player="Polletto71" type="15" discard="1" dealt="1" sum="5"/>
<action no="3" player="M1ky3ste92" type="15" sum="5"/>
<action no="4" player="SVcristian1994" type="1" discard="1" dealt="1" sum="15"/>
<action no="5" player="Polletto71" type="2" discard="1" dealt="1" sum="30"/>
</round>
<round no="1"><cards type="Pocket" player="M1ky3ste92">DK DQ</cards>
<cards type="Pocket" player="SVcristian1994">X X</cards>
<cards type="Pocket" player="Polletto71">X X</cards>
<action no="6" player="M1ky3ste92" type="23" sum="60"/>
<action no="7" player="SVcristian1994" type="3" discard="1" dealt="1" sum="45"/>
<action no="8" player="Polletto71" type="0" discard="1" dealt="1" sum="0"/>
</round>
<round no="2"><cards type="Flop">HK S10 SJ</cards>
<action no="9" player="SVcristian1994" type="4" discard="1" dealt="1" sum="0"/>
<action no="10" player="M1ky3ste92" type="5" sum="30"/>
<action no="11" player="SVcristian1994" type="0" discard="1" dealt="1" sum="0"/>
</round>
</game>
<game gamecode="6578035053"><general>
<startdate>2025-12-31 17:36:23</startdate>
<round>1</round>
<failsafecounter/>
<players><player seat="6" name="M1ky3ste92" chips="885" dealer="0" win="0" bet="45" muck="1" rebuy="0" addon="0" merge="0" rebuychips="0" reg_code="5085215604"/>
<player seat="10" name="SVcristian1994" chips="575" dealer="1" win="130" bet="85" muck="0" rebuy="0" addon="0" merge="0" rebuychips="0" reg_code="5085216021"/>
<player seat="3" name="Polletto71" chips="40" dealer="0" win="0" bet="40" muck="1" rebuy="0" addon="0" merge="0" rebuychips="0" reg_code="5085215598"/>
</players>
</general>
<round no="0"><action no="1" player="Polletto71" type="15" discard="1" dealt="1" sum="5"/>
<action no="2" player="M1ky3ste92" type="15" sum="5"/>
<action no="3" player="SVcristian1994" type="15" discard="1" dealt="1" sum="5"/>
<action no="4" player="Polletto71" type="1" discard="1" dealt="1" sum="20"/>
<action no="5" player="M1ky3ste92" type="2" sum="40"/>
</round>
<round no="1"><cards type="Pocket" player="Polletto71">C6 S6</cards>
<cards type="Pocket" player="M1ky3ste92">D2 H7</cards>
<cards type="Pocket" player="SVcristian1994">HQ SJ</cards>
<action no="6" player="SVcristian1994" type="3" discard="1" dealt="1" sum="40"/>
<action no="7" player="Polletto71" type="7" discard="1" dealt="1" sum="15"/>
<action no="8" player="M1ky3ste92" type="4" sum="0"/>
</round>
<round no="2"><cards type="Flop">DJ CK HA</cards>
<action no="9" player="M1ky3ste92" type="4" sum="0"/>
<action no="10" player="SVcristian1994" type="4" discard="1" dealt="1" sum="0"/>
</round>
<round no="3"><cards type="Turn">S4</cards>
<action no="11" player="M1ky3ste92" type="4" sum="0"/>
<action no="12" player="SVcristian1994" type="4" discard="1" dealt="1" sum="0"/>
</round>
<round no="4"><cards type="River">C4</cards>
<action no="13" player="M1ky3ste92" type="4" sum="0"/>
<action no="14" player="SVcristian1994" type="5" discard="1" dealt="1" sum="40"/>
<action no="15" player="M1ky3ste92" type="0" sum="0"/>
</round>
</game>
<game gamecode="6578035330"><general>
<startdate>2025-12-31 17:37:00</startdate>
<round>1</round>
<failsafecounter/>
<players><player seat="10" name="SVcristian1994" chips="660" dealer="0" win="0" bet="45" muck="1" rebuy="0" addon="0" merge="0" rebuychips="0" reg_code="5085216021"/>
<player seat="6" name="M1ky3ste92" chips="840" dealer="1" win="90" bet="85" muck="1" rebuy="0" addon="0" merge="0" rebuychips="0" reg_code="5085215604"/>
</players>
</general>
<round no="0"><action no="1" player="M1ky3ste92" type="15" sum="5"/>
<action no="2" player="SVcristian1994" type="15" discard="1" dealt="1" sum="5"/>
<action no="3" player="M1ky3ste92" type="1" sum="20"/>
<action no="4" player="SVcristian1994" type="2" discard="1" dealt="1" sum="40"/>
</round>
<round no="1"><cards type="Pocket" player="SVcristian1994">X X</cards>
<cards type="Pocket" player="M1ky3ste92">S9 H4</cards>
<action no="5" player="M1ky3ste92" type="3" sum="20"/>
<action no="6" player="SVcristian1994" type="4" discard="1" dealt="1" sum="0"/>
</round>
<round no="2"><cards type="Flop">S3 H10 HJ</cards>
<action no="7" player="SVcristian1994" type="4" discard="1" dealt="1" sum="0"/>
<action no="8" player="M1ky3ste92" type="5" sum="40"/>
<action no="9" player="SVcristian1994" type="0" discard="1" dealt="1" sum="0"/>
</round>
</game>
<game gamecode="6578035426"><general>
<startdate>2025-12-31 17:37:13</startdate>
<round>1</round>
<failsafecounter/>
<players><player seat="6" name="M1ky3ste92" chips="885" dealer="0" win="90" bet="45" muck="0" rebuy="0" addon="0" merge="0" rebuychips="0" reg_code="5085215604"/>
<player seat="10" name="SVcristian1994" chips="615" dealer="1" win="0" bet="45" muck="1" rebuy="0" addon="0" merge="0" rebuychips="0" reg_code="5085216021"/>
</players>
</general>
<round no="0"><action no="1" player="SVcristian1994" type="15" discard="1" dealt="1" sum="5"/>
<action no="2" player="M1ky3ste92" type="15" sum="5"/>
<action no="3" player="SVcristian1994" type="1" discard="1" dealt="1" sum="20"/>
<action no="4" player="M1ky3ste92" type="2" sum="40"/>
</round>
<round no="1"><cards type="Pocket" player="SVcristian1994">C5 DK</cards>
<cards type="Pocket" player="M1ky3ste92">C8 D4</cards>
<action no="5" player="SVcristian1994" type="3" discard="1" dealt="1" sum="20"/>
<action no="6" player="M1ky3ste92" type="4" sum="0"/>
</round>
<round no="2"><cards type="Flop">C9 H3 CQ</cards>
<action no="7" player="M1ky3ste92" type="4" sum="0"/>
<action no="8" player="SVcristian1994" type="4" discard="1" dealt="1" sum="0"/>
</round>
<round no="3"><cards type="Turn">H8</cards>
<action no="9" player="M1ky3ste92" type="4" sum="0"/>
<action no="10" player="SVcristian1994" type="4" discard="1" dealt="1" sum="0"/>
</round>
<round no="4"><cards type="River">HJ</cards>
<action no="11" player="M1ky3ste92" type="4" sum="0"/>
<action no="12" player="SVcristian1994" type="4" discard="1" dealt="1" sum="0"/>
</round>
</game>
<game gamecode="6578035583"><general>
<startdate>2025-12-31 17:37:34</startdate>
<round>1</round>
<failsafecounter/>
<players><player seat="10" name="SVcristian1994" chips="570" dealer="0" win="50" bet="45" muck="1" rebuy="0" addon="0" merge="0" rebuychips="0" reg_code="5085216021"/>
<player seat="6" name="M1ky3ste92" chips="930" dealer="1" win="0" bet="25" muck="1" rebuy="0" addon="0" merge="0" rebuychips="0" reg_code="5085215604"/>
</players>
</general>
<round no="0"><action no="1" player="M1ky3ste92" type="15" sum="5"/>
<action no="2" player="SVcristian1994" type="15" discard="1" dealt="1" sum="5"/>
<action no="3" player="M1ky3ste92" type="1" sum="20"/>
<action no="4" player="SVcristian1994" type="2" discard="1" dealt="1" sum="40"/>
</round>
<round no="1"><cards type="Pocket" player="SVcristian1994">X X</cards>
<cards type="Pocket" player="M1ky3ste92">D6 S2</cards>
<action no="5" player="M1ky3ste92" type="0" sum="0"/>
</round>
</game>
<game gamecode="6578035626"><general>
<startdate>2025-12-31 17:37:39</startdate>
<round>1</round>
<failsafecounter/>
<players><player seat="6" name="M1ky3ste92" chips="905" dealer="0" win="0" bet="45" muck="1" rebuy="0" addon="0" merge="0" rebuychips="0" reg_code="5085215604"/>
<player seat="10" name="SVcristian1994" chips="595" dealer="1" win="90" bet="85" muck="1" rebuy="0" addon="0" merge="0" rebuychips="0" reg_code="5085216021"/>
</players>
</general>
<round no="0"><action no="1" player="SVcristian1994" type="15" discard="1" dealt="1" sum="5"/>
<action no="2" player="M1ky3ste92" type="15" sum="5"/>
<action no="3" player="SVcristian1994" type="1" discard="1" dealt="1" sum="20"/>
<action no="4" player="M1ky3ste92" type="2" sum="40"/>
</round>
<round no="1"><cards type="Pocket" player="M1ky3ste92">H5 HK</cards>
<cards type="Pocket" player="SVcristian1994">X X</cards>
<action no="5" player="SVcristian1994" type="3" discard="1" dealt="1" sum="20"/>
<action no="6" player="M1ky3ste92" type="4" sum="0"/>
</round>
<round no="2"><cards type="Flop">D6 DJ S2</cards>
<action no="7" player="M1ky3ste92" type="4" sum="0"/>
<action no="8" player="SVcristian1994" type="5" discard="1" dealt="1" sum="40"/>
<action no="9" player="M1ky3ste92" type="0" sum="0"/>
</round>
</game>
<game gamecode="6578035724"><general>
<startdate>2025-12-31 17:37:53</startdate>
<round>1</round>
<failsafecounter/>
<players><player seat="10" name="SVcristian1994" chips="640" dealer="0" win="0" bet="45" muck="1" rebuy="0" addon="0" merge="0" rebuychips="0" reg_code="5085216021"/>
<player seat="6" name="M1ky3ste92" chips="860" dealer="1" win="90" bet="85" muck="1" rebuy="0" addon="0" merge="0" rebuychips="0" reg_code="5085215604"/>
</players>
</general>
<round no="0"><action no="1" player="M1ky3ste92" type="15" sum="5"/>
<action no="2" player="SVcristian1994" type="15" discard="1" dealt="1" sum="5"/>
<action no="3" player="M1ky3ste92" type="1" sum="20"/>
<action no="4" player="SVcristian1994" type="2" discard="1" dealt="1" sum="40"/>
</round>
<round no="1"><cards type="Pocket" player="M1ky3ste92">D7 CQ</cards>
<cards type="Pocket" player="SVcristian1994">X X</cards>
<action no="5" player="M1ky3ste92" type="3" sum="20"/>
<action no="6" player="SVcristian1994" type="4" discard="1" dealt="1" sum="0"/>
</round>
<round no="2"><cards type="Flop">CK H8 S4</cards>
<action no="7" player="SVcristian1994" type="4" discard="1" dealt="1" sum="0"/>
<action no="8" player="M1ky3ste92" type="5" sum="40"/>
<action no="9" player="SVcristian1994" type="0" discard="1" dealt="1" sum="0"/>
</round>
</game>
<game gamecode="6578042340"><general>
<startdate>2025-12-31 17:38:10</startdate>
<round>1</round>
<failsafecounter/>
<players><player seat="6" name="M1ky3ste92" chips="905" dealer="0" win="0" bet="45" muck="1" rebuy="0" addon="0" merge="0" rebuychips="0" reg_code="5085215604"/>
<player seat="10" name="SVcristian1994" chips="595" dealer="1" win="90" bet="45" muck="0" rebuy="0" addon="0" merge="0" rebuychips="0" reg_code="5085216021"/>
</players>
</general>
<round no="0"><action no="1" player="SVcristian1994" type="15" discard="1" dealt="1" sum="5"/>
<action no="2" player="M1ky3ste92" type="15" sum="5"/>
<action no="3" player="SVcristian1994" type="1" discard="1" dealt="1" sum="20"/>
<action no="4" player="M1ky3ste92" type="2" sum="40"/>
</round>
<round no="1"><cards type="Pocket" player="SVcristian1994">C7 D6</cards>
<cards type="Pocket" player="M1ky3ste92">D4 S2</cards>
<action no="5" player="SVcristian1994" type="3" discard="1" dealt="1" sum="20"/>
<action no="6" player="M1ky3ste92" type="4" sum="0"/>
</round>
<round no="2"><cards type="Flop">DJ D10 C9</cards>
<action no="7" player="M1ky3ste92" type="4" sum="0"/>
<action no="8" player="SVcristian1994" type="4" discard="1" dealt="1" sum="0"/>
</round>
<round no="3"><cards type="Turn">C3</cards>
<action no="9" player="M1ky3ste92" type="4" sum="0"/>
<action no="10" player="SVcristian1994" type="4" discard="1" dealt="1" sum="0"/>
</round>
<round no="4"><cards type="River">CK</cards>
<action no="11" player="M1ky3ste92" type="4" sum="0"/>
<action no="12" player="SVcristian1994" type="4" discard="1" dealt="1" sum="0"/>
</round>
</game>
<game gamecode="6578042459"><general>
<startdate>2025-12-31 17:38:27</startdate>
<round>1</round>
<failsafecounter/>
<players><player seat="10" name="SVcristian1994" chips="640" dealer="0" win="0" bet="65" muck="1" rebuy="0" addon="0" merge="0" rebuychips="0" reg_code="5085216021"/>
<player seat="6" name="M1ky3ste92" chips="860" dealer="1" win="130" bet="125" muck="1" rebuy="0" addon="0" merge="0" rebuychips="0" reg_code="5085215604"/>
</players>
</general>
<round no="0"><action no="1" player="M1ky3ste92" type="15" sum="5"/>
<action no="2" player="SVcristian1994" type="15" discard="1" dealt="1" sum="5"/>
<action no="3" player="M1ky3ste92" type="1" sum="30"/>
<action no="4" player="SVcristian1994" type="2" discard="1" dealt="1" sum="60"/>
</round>
<round no="1"><cards type="Pocket" player="SVcristian1994">X X</cards>
<cards type="Pocket" player="M1ky3ste92">H5 S9</cards>
<action no="5" player="M1ky3ste92" type="3" sum="30"/>
<action no="6" player="SVcristian1994" type="4" discard="1" dealt="1" sum="0"/>
</round>
<round no="2"><cards type="Flop">H2 C9 CA</cards>
<action no="7" player="SVcristian1994" type="4" discard="1" dealt="1" sum="0"/>
<action no="8" player="M1ky3ste92" type="5" sum="60"/>
<action no="9" player="SVcristian1994" type="0" discard="1" dealt="1" sum="0"/>
</round>
</game>
<game gamecode="6578042562"><general>
<startdate>2025-12-31 17:38:40</startdate>
<round>1</round>
<failsafecounter/>
<players><player seat="6" name="M1ky3ste92" chips="925" dealer="0" win="0" bet="65" muck="1" rebuy="0" addon="0" merge="0" rebuychips="0" reg_code="5085215604"/>
<player seat="10" name="SVcristian1994" chips="575" dealer="1" win="130" bet="125" muck="1" rebuy="0" addon="0" merge="0" rebuychips="0" reg_code="5085216021"/>
</players>
</general>
<round no="0"><action no="1" player="SVcristian1994" type="15" discard="1" dealt="1" sum="5"/>
<action no="2" player="M1ky3ste92" type="15" sum="5"/>
<action no="3" player="SVcristian1994" type="1" discard="1" dealt="1" sum="30"/>
<action no="4" player="M1ky3ste92" type="2" sum="60"/>
</round>
<round no="1"><cards type="Pocket" player="SVcristian1994">X X</cards>
<cards type="Pocket" player="M1ky3ste92">D6 C7</cards>
<action no="5" player="SVcristian1994" type="3" discard="1" dealt="1" sum="30"/>
<action no="6" player="M1ky3ste92" type="4" sum="0"/>
</round>
<round no="2"><cards type="Flop">HQ SQ H8</cards>
<action no="7" player="M1ky3ste92" type="4" sum="0"/>
<action no="8" player="SVcristian1994" type="5" discard="1" dealt="1" sum="60"/>
<action no="9" player="M1ky3ste92" type="0" sum="0"/>
</round>
</game>
<game gamecode="6578042705"><general>
<startdate>2025-12-31 17:38:59</startdate>
<round>1</round>
<failsafecounter/>
<players><player seat="10" name="SVcristian1994" chips="640" dealer="0" win="0" bet="65" muck="1" rebuy="0" addon="0" merge="0" rebuychips="0" reg_code="5085216021"/>
<player seat="6" name="M1ky3ste92" chips="860" dealer="1" win="130" bet="125" muck="1" rebuy="0" addon="0" merge="0" rebuychips="0" reg_code="5085215604"/>
</players>
</general>
<round no="0"><action no="1" player="M1ky3ste92" type="15" sum="5"/>
<action no="2" player="SVcristian1994" type="15" discard="1" dealt="1" sum="5"/>
<action no="3" player="M1ky3ste92" type="1" sum="30"/>
<action no="4" player="SVcristian1994" type="2" discard="1" dealt="1" sum="60"/>
</round>
<round no="1"><cards type="Pocket" player="M1ky3ste92">HJ C8</cards>
<cards type="Pocket" player="SVcristian1994">X X</cards>
<action no="5" player="M1ky3ste92" type="3" sum="30"/>
<action no="6" player="SVcristian1994" type="4" discard="1" dealt="1" sum="0"/>
</round>
<round no="2"><cards type="Flop">C10 S8 H4</cards>
<action no="7" player="SVcristian1994" type="4" discard="1" dealt="1" sum="0"/>
<action no="8" player="M1ky3ste92" type="4" sum="0"/>
</round>
<round no="3"><cards type="Turn">D10</cards>
<action no="9" player="SVcristian1994" type="4" discard="1" dealt="1" sum="0"/>
<action no="10" player="M1ky3ste92" type="5" sum="60"/>
<action no="11" player="SVcristian1994" type="0" discard="1" dealt="1" sum="0"/>
</round>
</game>
<game gamecode="6578042820"><general>
<startdate>2025-12-31 17:39:12</startdate>
<round>1</round>
<failsafecounter/>
<players><player seat="6" name="M1ky3ste92" chips="925" dealer="0" win="130" bet="925" muck="1" rebuy="0" addon="0" merge="0" rebuychips="0" reg_code="5085215604"/>
<player seat="10" name="SVcristian1994" chips="575" dealer="1" win="0" bet="65" muck="1" rebuy="0" addon="0" merge="0" rebuychips="0" reg_code="5085216021"/>
</players>
</general>
<round no="0"><action no="1" player="SVcristian1994" type="15" discard="1" dealt="1" sum="5"/>
<action no="2" player="M1ky3ste92" type="15" sum="5"/>
<action no="3" player="SVcristian1994" type="1" discard="1" dealt="1" sum="30"/>
<action no="4" player="M1ky3ste92" type="2" sum="60"/>
</round>
<round no="1"><cards type="Pocket" player="M1ky3ste92">CJ C4</cards>
<cards type="Pocket" player="SVcristian1994">X X</cards>
<action no="5" player="SVcristian1994" type="3" discard="1" dealt="1" sum="30"/>
<action no="6" player="M1ky3ste92" type="23" sum="920"/>
<action no="7" player="SVcristian1994" type="0" discard="1" dealt="1" sum="0"/>
</round>
</game>
<game gamecode="6578042885"><general>
<startdate>2025-12-31 17:39:21</startdate>
<round>1</round>
<failsafecounter/>
<players><player seat="10" name="SVcristian1994" chips="510" dealer="0" win="0" bet="510" muck="0" rebuy="0" addon="0" merge="0" rebuychips="0" reg_code="5085216021"/>
<player seat="6" name="M1ky3ste92" chips="990" dealer="1" win="1,020" bet="510" muck="0" rebuy="0" addon="0" merge="0" rebuychips="0" reg_code="5085215604"/>
</players>
</general>
<round no="0"><action no="1" player="M1ky3ste92" type="15" sum="5"/>
<action no="2" player="SVcristian1994" type="15" discard="1" dealt="1" sum="5"/>
<action no="3" player="M1ky3ste92" type="1" sum="30"/>
<action no="4" player="SVcristian1994" type="2" discard="1" dealt="1" sum="60"/>
</round>
<round no="1"><cards type="Pocket" player="SVcristian1994">SA D6</cards>
<cards type="Pocket" player="M1ky3ste92">DK SK</cards>
<action no="5" player="M1ky3ste92" type="3" sum="30"/>
<action no="6" player="SVcristian1994" type="23" discard="1" dealt="1" sum="505"/>
<action no="7" player="M1ky3ste92" type="3" sum="445"/>
</round>
<round no="2"><cards type="Flop">SJ H7 HJ</cards>
</round>
<round no="3"><cards type="Turn">D10</cards>
</round>
<round no="4"><cards type="River">D5</cards>
</round>
</game>
</session>
