<?xml version="1.0" encoding="UTF-8"?>
<session sessioncode="5085174475">
<general>
<client_version>25.7.1.50</client_version>
<mode>real</mode>
<gametype>Holdem NL</gametype>
<tablename>Twister €100 SNG, 825253396</tablename>
<tournamentcode>825253395</tournamentcode>
<tournamentname>Twister €100 SNG</tournamentname>
<buyin>€0 + €7 + €93</buyin>
<totalbuyin>€100</totalbuyin>
<rewarddrawn>€300</rewarddrawn>
<tournamentcurrency>EUR</tournamentcurrency>
<currency>EUR</currency>
<nickname>M1ky3ste92</nickname>
<gamecount>8</gamecount>
<startdate>2025-12-31 15:16:57</startdate>
<place>3</place>
<win>€0</win>
<tablesize>3</tablesize>
</general>
<game gamecode="6577860853"><general>
<startdate>2025-12-31 15:17:13</startdate>
<round>1</round>
<failsafecounter/>
<players><player seat="3" name="FanteDiDenari" chips="500" dealer="0" win="40" bet="60" muck="1" rebuy="0" addon="0" merge="0" rebuychips="0" reg_code="5085174279"/>
<player seat="6" name="M1ky3ste92" chips="500" dealer="1" win="0" bet="0" muck="1" rebuy="0" addon="0" merge="0" rebuychips="0" reg_code="5085174475"/>
<player seat="10" name="Polletto71" chips="500" dealer="0" win="0" bet="20" muck="1" rebuy="0" addon="0" merge="0" rebuychips="0" reg_code="5085175170"/>
</players>
</general>
<round no="0"><action no="1" player="Polletto71" type="1" discard="1" dealt="1" sum="10"/>
<action no="2" player="FanteDiDenari" type="2" discard="1" dealt="1" sum="20"/>
</round>
<round no="1"><cards type="Pocket" player="Polletto71">X X</cards>
<cards type="Pocket" player="M1ky3ste92">C7 D2</cards>
<cards type="Pocket" player="FanteDiDenari">X X</cards>
<action no="3" player="M1ky3ste92" type="0" sum="0"/>
<action no="4" player="Polletto71" type="3" discard="1" dealt="1" sum="10"/>
<action no="5" player="FanteDiDenari" type="23" discard="1" dealt="1" sum="60"/>
<action no="6" player="Polletto71" type="0" discard="1" dealt="1" sum="0"/>
</round>
</game>
<game gamecode="6577860980"><general>
<startdate>2025-12-31 15:17:26</startdate>
<round>1</round>
<failsafecounter/>
<players><player seat="6" name="M1ky3ste92" chips="500" dealer="0" win="500" bet="500" muck="0" rebuy="0" addon="0" merge="0" rebuychips="0" reg_code="5085174475"/>
<player seat="10" name="Polletto71" chips="480" dealer="1" win="0" bet="0" muck="1" rebuy="0" addon="0" merge="0" rebuychips="0" reg_code="5085175170"/>
<player seat="3" name="FanteDiDenari" chips="520" dealer="0" win="500" bet="500" muck="0" rebuy="0" addon="0" merge="0" rebuychips="0" reg_code="5085174279"/>
</players>
</general>
<round no="0"><action no="1" player="FanteDiDenari" type="1" discard="1" dealt="1" sum="10"/>
<action no="2" player="M1ky3ste92" type="2" sum="20"/>
</round>
<round no="1"><cards type="Pocket" player="FanteDiDenari">HA D9</cards>
<cards type="Pocket" player="Polletto71">X X</cards>
<cards type="Pocket" player="M1ky3ste92">C9 DA</cards>
<action no="3" player="Polletto71" type="0" discard="1" dealt="1" sum="0"/>
<action no="4" player="FanteDiDenari" type="23" discard="1" dealt="1" sum="60"/>
<action no="5" player="M1ky3ste92" type="23" sum="500"/>
<action no="6" player="FanteDiDenari" type="3" discard="1" dealt="1" sum="440"/>
</round>
<round no="2"><cards type="Flop">C4 CK S4</cards>
</round>
<round no="3"><cards type="Turn">S9</cards>
</round>
<round no="4"><cards type="River">DQ</cards>
</round>
</game>
<game gamecode="6577861158"><general>
<startdate>2025-12-31 15:17:49</startdate>
<round>1</round>
<failsafecounter/>
<players><player seat="10" name="Polletto71" chips="480" dealer="0" win="20" bet="20" muck="1" rebuy="0" addon="0" merge="0" rebuychips="0" reg_code="5085175170"/>
<player seat="3" name="FanteDiDenari" chips="520" dealer="1" win="0" bet="0" muck="1" rebuy="0" addon="0" merge="0" rebuychips="0" reg_code="5085174279"/>
<player seat="6" name="M1ky3ste92" chips="500" dealer="0" win="0" bet="10" muck="1" rebuy="0" addon="0" merge="0" rebuychips="0" reg_code="5085174475"/>
</players>
</general>
<round no="0"><action no="1" player="M1ky3ste92" type="1" sum="10"/>
<action no="2" player="Polletto71" type="2" discard="1" dealt="1" sum="20"/>
</round>
<round no="1"><cards type="Pocket" player="M1ky3ste92">C10 D3</cards>
<cards type="Pocket" player="FanteDiDenari">X X</cards>
<cards type="Pocket" player="Polletto71">X X</cards>
<action no="3" player="FanteDiDenari" type="0" discard="1" dealt="1" sum="0"/>
<action no="4" player="M1ky3ste92" type="0" sum="0"/>
</round>
</game>
<game gamecode="6577861237"><general>
<startdate>2025-12-31 15:18:00</startdate>
<round>1</round>
<failsafecounter/>
<players><player seat="3" name="FanteDiDenari" chips="520" dealer="0" win="0" bet="20" muck="1" rebuy="0" addon="0" merge="0" rebuychips="0" reg_code="5085174279"/>
<player seat="6" name="M1ky3ste92" chips="490" dealer="1" win="0" bet="0" muck="1" rebuy="0" addon="0" merge="0" rebuychips="0" reg_code="5085174475"/>
<player seat="10" name="Polletto71" chips="490" dealer="0" win="40" bet="20" muck="0" rebuy="0" addon="0" merge="0" rebuychips="0" reg_code="5085175170"/>
</players>
</general>
<round no="0"><action no="1" player="Polletto71" type="1" discard="1" dealt="1" sum="10"/>
<action no="2" player="FanteDiDenari" type="2" discard="1" dealt="1" sum="20"/>
</round>
<round no="1"><cards type="Pocket" player="M1ky3ste92">D7 H9</cards>
<cards type="Pocket" player="FanteDiDenari">DQ H10</cards>
<cards type="Pocket" player="Polletto71">SK H4</cards>
<action no="3" player="M1ky3ste92" type="0" sum="0"/>
<action no="4" player="Polletto71" type="3" discard="1" dealt="1" sum="10"/>
<action no="5" player="FanteDiDenari" type="4" discard="1" dealt="1" sum="0"/>
</round>
<round no="2"><cards type="Flop">CJ H6 SA</cards>
<action no="6" player="Polletto71" type="4" discard="1" dealt="1" sum="0"/>
<action no="7" player="FanteDiDenari" type="4" discard="1" dealt="1" sum="0"/>
</round>
<round no="3"><cards type="Turn">H2</cards>
<action no="8" player="Polletto71" type="4" discard="1" dealt="1" sum="0"/>
<action no="9" player="FanteDiDenari" type="4" discard="1" dealt="1" sum="0"/>
</round>
<round no="4"><cards type="River">D6</cards>
<action no="10" player="Polletto71" type="4" discard="1" dealt="1" sum="0"/>
<action no="11" player="FanteDiDenari" type="4" discard="1" dealt="1" sum="0"/>
</round>
</game>
<game gamecode="6577861523"><general>
<startdate>2025-12-31 15:18:34</startdate>
<round>1</round>
<failsafecounter/>
<players><player seat="6" name="M1ky3ste92" chips="490" dealer="0" win="20" bet="20" muck="1" rebuy="0" addon="0" merge="0" rebuychips="0" reg_code="5085174475"/>
<player seat="10" name="Polletto71" chips="510" dealer="1" win="0" bet="0" muck="1" rebuy="0" addon="0" merge="0" rebuychips="0" reg_code="5085175170"/>
<player seat="3" name="FanteDiDenari" chips="500" dealer="0" win="0" bet="10" muck="1" rebuy="0" addon="0" merge="0" rebuychips="0" reg_code="5085174279"/>
</players>
</general>
<round no="0"><action no="1" player="FanteDiDenari" type="1" discard="1" dealt="1" sum="10"/>
<action no="2" player="M1ky3ste92" type="2" sum="20"/>
</round>
<round no="1"><cards type="Pocket" player="M1ky3ste92">HA D3</cards>
<cards type="Pocket" player="FanteDiDenari">X X</cards>
<cards type="Pocket" player="Polletto71">X X</cards>
<action no="3" player="Polletto71" type="0" discard="1" dealt="1" sum="0"/>
<action no="4" player="FanteDiDenari" type="0" discard="1" dealt="1" sum="0"/>
</round>
</game>
<game gamecode="6577861579"><general>
<startdate>2025-12-31 15:18:42</startdate>
<round>1</round>
<failsafecounter/>
<players><player seat="10" name="Polletto71" chips="510" dealer="0" win="40" bet="80" muck="1" rebuy="0" addon="0" merge="0" rebuychips="0" reg_code="5085175170"/>
<player seat="3" name="FanteDiDenari" chips="490" dealer="1" win="0" bet="0" muck="1" rebuy="0" addon="0" merge="0" rebuychips="0" reg_code="5085174279"/>
<player seat="6" name="M1ky3ste92" chips="500" dealer="0" win="0" bet="20" muck="1" rebuy="0" addon="0" merge="0" rebuychips="0" reg_code="5085174475"/>
</players>
</general>
<round no="0"><action no="1" player="M1ky3ste92" type="1" sum="10"/>
<action no="2" player="Polletto71" type="2" discard="1" dealt="1" sum="20"/>
</round>
<round no="1"><cards type="Pocket" player="FanteDiDenari">X X</cards>
<cards type="Pocket" player="M1ky3ste92">DJ S5</cards>
<cards type="Pocket" player="Polletto71">X X</cards>
<action no="3" player="FanteDiDenari" type="0" discard="1" dealt="1" sum="0"/>
<action no="4" player="M1ky3ste92" type="3" sum="10"/>
<action no="5" player="Polletto71" type="23" discard="1" dealt="1" sum="80"/>
<action no="6" player="M1ky3ste92" type="0" sum="0"/>
</round>
</game>
<game gamecode="6577861666"><general>
<startdate>2025-12-31 15:18:52</startdate>
<round>1</round>
<failsafecounter/>
<players><player seat="3" name="FanteDiDenari" chips="490" dealer="0" win="45" bet="35" muck="1" rebuy="0" addon="0" merge="0" rebuychips="0" reg_code="5085174279"/>
<player seat="6" name="M1ky3ste92" chips="480" dealer="1" win="0" bet="5" muck="1" rebuy="0" addon="0" merge="0" rebuychips="0" reg_code="5085174475"/>
<player seat="10" name="Polletto71" chips="530" dealer="0" win="0" bet="20" muck="1" rebuy="0" addon="0" merge="0" rebuychips="0" reg_code="5085175170"/>
</players>
</general>
<round no="0"><action no="1" player="Polletto71" type="15" discard="1" dealt="1" sum="5"/>
<action no="2" player="FanteDiDenari" type="15" discard="1" dealt="1" sum="5"/>
<action no="3" player="M1ky3ste92" type="15" sum="5"/>
<action no="4" player="Polletto71" type="1" discard="1" dealt="1" sum="15"/>
<action no="5" player="FanteDiDenari" type="2" discard="1" dealt="1" sum="30"/>
</round>
<round no="1"><cards type="Pocket" player="FanteDiDenari">X X</cards>
<cards type="Pocket" player="M1ky3ste92">S3 SQ</cards>
<cards type="Pocket" player="Polletto71">X X</cards>
<action no="6" player="M1ky3ste92" type="0" sum="0"/>
<action no="7" player="Polletto71" type="0" discard="1" dealt="1" sum="0"/>
</round>
</game>
<game gamecode="6577861721"><general>
<startdate>2025-12-31 15:18:59</startdate>
<round>1</round>
<failsafecounter/>
<players><player seat="6" name="M1ky3ste92" chips="475" dealer="0" win="0" bet="475" muck="1" rebuy="0" addon="0" merge="0" rebuychips="0" reg_code="5085174475"/>
<player seat="10" name="Polletto71" chips="510" dealer="1" win="0" bet="5" muck="1" rebuy="0" addon="0" merge="0" rebuychips="0" reg_code="5085175170"/>
<player seat="3" name="FanteDiDenari" chips="515" dealer="0" win="955" bet="515" muck="0" rebuy="0" addon="0" merge="0" rebuychips="0" reg_code="5085174279"/>
</players>
</general>
<round no="0"><action no="1" player="FanteDiDenari" type="15" discard="1" dealt="1" sum="5"/>
<action no="2" player="M1ky3ste92" type="15" sum="5"/>
<action no="3" player="Polletto71" type="15" discard="1" dealt="1" sum="5"/>
<action no="4" player="FanteDiDenari" type="1" discard="1" dealt="1" sum="15"/>
<action no="5" player="M1ky3ste92" type="2" sum="30"/>
</round>
<round no="1"><cards type="Pocket" player="Polletto71">X X</cards>
<cards type="Pocket" player="FanteDiDenari">S9 CA</cards>
<cards type="Pocket" player="M1ky3ste92">DK SK</cards>
<action no="6" player="Polletto71" type="0" discard="1" dealt="1" sum="0"/>
<action no="7" player="FanteDiDenari" type="23" discard="1" dealt="1" sum="510"/>
<action no="8" player="M1ky3ste92" type="7" sum="440"/>
</round>
<round no="2"><cards type="Flop">C10 C5 SA</cards>
</round>
<round no="3"><cards type="Turn">HA</cards>
</round>
<round no="4"><cards type="River">DA</cards>
</round>
</game>
</session>
