<?xml version="1.0" encoding="UTF-8"?>
<session sessioncode="5085058184">
<general>
<client_version>25.7.1.50</client_version>
<mode>real</mode>
<gametype>Holdem NL</gametype>
<tablename>Twister €100 SNG, 825212972</tablename>
<tournamentcode>825212970</tournamentcode>
<tournamentname>Twister €100 SNG</tournamentname>
<buyin>€0 + €7 + €93</buyin>
<totalbuyin>€100</totalbuyin>
<rewarddrawn>€200</rewarddrawn>
<tournamentcurrency>EUR</tournamentcurrency>
<currency>EUR</currency>
<nickname>M1ky3ste92</nickname>
<gamecount>11</gamecount>
<startdate>2025-12-31 00:54:42</startdate>
<place>1</place>
<win>€200</win>
<tablesize>3</tablesize>
</general>
<game gamecode="6577348802"><general>
<startdate>2025-12-31 00:54:57</startdate>
<round>1</round>
<failsafecounter/>
<players><player seat="3" name="FanteDiDenari" chips="500" dealer="0" win="20" bet="20" muck="1" rebuy="0" addon="0" merge="0" rebuychips="0" reg_code="5085058130"/>
<player seat="6" name="M1ky3ste92" chips="500" dealer="1" win="0" bet="0" muck="1" rebuy="0" addon="0" merge="0" rebuychips="0" reg_code="5085058184"/>
<player seat="10" name="Zeeria" chips="500" dealer="0" win="0" bet="10" muck="1" rebuy="0" addon="0" merge="0" rebuychips="0" reg_code="5085058307"/>
</players>
</general>
<round no="0"><action no="1" player="Zeeria" type="1" discard="1" dealt="1" sum="10"/>
<action no="2" player="FanteDiDenari" type="2" discard="1" dealt="1" sum="20"/>
</round>
<round no="1"><cards type="Pocket" player="Zeeria">X X</cards>
<cards type="Pocket" player="FanteDiDenari">X X</cards>
<cards type="Pocket" player="M1ky3ste92">S5 C3</cards>
<action no="3" player="M1ky3ste92" type="0" sum="0"/>
<action no="4" player="Zeeria" type="0" discard="1" dealt="1" sum="0"/>
</round>
</game>
<game gamecode="6577348847"><general>
<startdate>2025-12-31 00:55:05</startdate>
<round>1</round>
<failsafecounter/>
<players><player seat="6" name="M1ky3ste92" chips="500" dealer="0" win="0" bet="20" muck="1" rebuy="0" addon="0" merge="0" rebuychips="0" reg_code="5085058184"/>
<player seat="10" name="Zeeria" chips="490" dealer="1" win="0" bet="40" muck="1" rebuy="0" addon="0" merge="0" rebuychips="0" reg_code="5085058307"/>
<player seat="3" name="FanteDiDenari" chips="510" dealer="0" win="100" bet="510" muck="1" rebuy="0" addon="0" merge="0" rebuychips="0" reg_code="5085058130"/>
</players>
</general>
<round no="0"><action no="1" player="FanteDiDenari" type="1" discard="1" dealt="1" sum="10"/>
<action no="2" player="M1ky3ste92" type="2" sum="20"/>
</round>
<round no="1"><cards type="Pocket" player="M1ky3ste92">D2 SA</cards>
<cards type="Pocket" player="FanteDiDenari">X X</cards>
<cards type="Pocket" player="Zeeria">X X</cards>
<action no="3" player="Zeeria" type="23" discard="1" dealt="1" sum="40"/>
<action no="4" player="FanteDiDenari" type="23" discard="1" dealt="1" sum="510"/>
<action no="5" player="M1ky3ste92" type="0" sum="0"/>
<action no="6" player="Zeeria" type="0" discard="1" dealt="1" sum="0"/>
</round>
</game>
<game gamecode="6577348983"><general>
<startdate>2025-12-31 00:55:26</startdate>
<round>1</round>
<failsafecounter/>
<players><player seat="10" name="Zeeria" chips="450" dealer="0" win="330" bet="450" muck="1" rebuy="0" addon="0" merge="0" rebuychips="0" reg_code="5085058307"/>
<player seat="3" name="FanteDiDenari" chips="570" dealer="1" win="0" bet="160" muck="1" rebuy="0" addon="0" merge="0" rebuychips="0" reg_code="5085058130"/>
<player seat="6" name="M1ky3ste92" chips="480" dealer="0" win="0" bet="10" muck="1" rebuy="0" addon="0" merge="0" rebuychips="0" reg_code="5085058184"/>
</players>
</general>
<round no="0"><action no="1" player="M1ky3ste92" type="1" sum="10"/>
<action no="2" player="Zeeria" type="2" discard="1" dealt="1" sum="20"/>
</round>
<round no="1"><cards type="Pocket" player="FanteDiDenari">X X</cards>
<cards type="Pocket" player="M1ky3ste92">D8 CQ</cards>
<cards type="Pocket" player="Zeeria">X X</cards>
<action no="3" player="FanteDiDenari" type="23" discard="1" dealt="1" sum="40"/>
<action no="4" player="M1ky3ste92" type="0" sum="0"/>
<action no="5" player="Zeeria" type="3" discard="1" dealt="1" sum="20"/>
</round>
<round no="2"><cards type="Flop">CK DJ H8</cards>
<action no="6" player="Zeeria" type="4" discard="1" dealt="1" sum="0"/>
<action no="7" player="FanteDiDenari" type="4" discard="1" dealt="1" sum="0"/>
</round>
<round no="3"><cards type="Turn">H3</cards>
<action no="8" player="Zeeria" type="5" discard="1" dealt="1" sum="120"/>
<action no="9" player="FanteDiDenari" type="3" discard="1" dealt="1" sum="120"/>
</round>
<round no="4"><cards type="River">S4</cards>
<action no="10" player="Zeeria" type="5" discard="1" dealt="1" sum="290"/>
<action no="11" player="FanteDiDenari" type="0" discard="1" dealt="1" sum="0"/>
</round>
</game>
<game gamecode="6577349305"><general>
<startdate>2025-12-31 00:56:11</startdate>
<round>1</round>
<failsafecounter/>
<players><player seat="3" name="FanteDiDenari" chips="410" dealer="0" win="820" bet="410" muck="0" rebuy="0" addon="0" merge="0" rebuychips="0" reg_code="5085058130"/>
<player seat="6" name="M1ky3ste92" chips="470" dealer="1" win="0" bet="0" muck="1" rebuy="0" addon="0" merge="0" rebuychips="0" reg_code="5085058184"/>
<player seat="10" name="Zeeria" chips="620" dealer="0" win="0" bet="410" muck="1" rebuy="0" addon="0" merge="0" rebuychips="0" reg_code="5085058307"/>
</players>
</general>
<round no="0"><action no="1" player="Zeeria" type="1" discard="1" dealt="1" sum="10"/>
<action no="2" player="FanteDiDenari" type="2" discard="1" dealt="1" sum="20"/>
</round>
<round no="1"><cards type="Pocket" player="FanteDiDenari">HK D6</cards>
<cards type="Pocket" player="M1ky3ste92">CQ C3</cards>
<cards type="Pocket" player="Zeeria">H9 H8</cards>
<action no="3" player="M1ky3ste92" type="0" sum="0"/>
<action no="4" player="Zeeria" type="23" discard="1" dealt="1" sum="50"/>
<action no="5" player="FanteDiDenari" type="23" discard="1" dealt="1" sum="410"/>
<action no="6" player="Zeeria" type="3" discard="1" dealt="1" sum="360"/>
</round>
<round no="2"><cards type="Flop">C5 H10 S6</cards>
</round>
<round no="3"><cards type="Turn">DQ</cards>
</round>
<round no="4"><cards type="River">SA</cards>
</round>
</game>
<game gamecode="6577349473"><general>
<startdate>2025-12-31 00:56:36</startdate>
<round>1</round>
<failsafecounter/>
<players><player seat="6" name="M1ky3ste92" chips="470" dealer="0" win="0" bet="20" muck="1" rebuy="0" addon="0" merge="0" rebuychips="0" reg_code="5085058184"/>
<player seat="10" name="Zeeria" chips="210" dealer="1" win="0" bet="0" muck="1" rebuy="0" addon="0" merge="0" rebuychips="0" reg_code="5085058307"/>
<player seat="3" name="FanteDiDenari" chips="820" dealer="0" win="40" bet="60" muck="1" rebuy="0" addon="0" merge="0" rebuychips="0" reg_code="5085058130"/>
</players>
</general>
<round no="0"><action no="1" player="FanteDiDenari" type="1" discard="1" dealt="1" sum="10"/>
<action no="2" player="M1ky3ste92" type="2" sum="20"/>
</round>
<round no="1"><cards type="Pocket" player="M1ky3ste92">H2 CJ</cards>
<cards type="Pocket" player="Zeeria">X X</cards>
<cards type="Pocket" player="FanteDiDenari">X X</cards>
<action no="3" player="Zeeria" type="0" discard="1" dealt="1" sum="0"/>
<action no="4" player="FanteDiDenari" type="23" discard="1" dealt="1" sum="60"/>
<action no="5" player="M1ky3ste92" type="0" sum="0"/>
</round>
</game>
<game gamecode="6577349559"><general>
<startdate>2025-12-31 00:56:47</startdate>
<round>1</round>
<failsafecounter/>
<players><player seat="10" name="Zeeria" chips="210" dealer="0" win="45" bet="35" muck="1" rebuy="0" addon="0" merge="0" rebuychips="0" reg_code="5085058307"/>
<player seat="3" name="FanteDiDenari" chips="840" dealer="1" win="0" bet="5" muck="1" rebuy="0" addon="0" merge="0" rebuychips="0" reg_code="5085058130"/>
<player seat="6" name="M1ky3ste92" chips="450" dealer="0" win="0" bet="20" muck="1" rebuy="0" addon="0" merge="0" rebuychips="0" reg_code="5085058184"/>
</players>
</general>
<round no="0"><action no="1" player="M1ky3ste92" type="15" sum="5"/>
<action no="2" player="Zeeria" type="15" discard="1" dealt="1" sum="5"/>
<action no="3" player="FanteDiDenari" type="15" discard="1" dealt="1" sum="5"/>
<action no="4" player="M1ky3ste92" type="1" sum="15"/>
<action no="5" player="Zeeria" type="2" discard="1" dealt="1" sum="30"/>
</round>
<round no="1"><cards type="Pocket" player="FanteDiDenari">X X</cards>
<cards type="Pocket" player="M1ky3ste92">D5 C4</cards>
<cards type="Pocket" player="Zeeria">X X</cards>
<action no="6" player="FanteDiDenari" type="0" discard="1" dealt="1" sum="0"/>
<action no="7" player="M1ky3ste92" type="0" sum="0"/>
</round>
</game>
<game gamecode="6577349633"><general>
<startdate>2025-12-31 00:56:59</startdate>
<round>1</round>
<failsafecounter/>
<players><player seat="3" name="FanteDiDenari" chips="835" dealer="0" win="0" bet="35" muck="1" rebuy="0" addon="0" merge="0" rebuychips="0" reg_code="5085058130"/>
<player seat="6" name="M1ky3ste92" chips="430" dealer="1" win="90" bet="430" muck="1" rebuy="0" addon="0" merge="0" rebuychips="0" reg_code="5085058184"/>
<player seat="10" name="Zeeria" chips="235" dealer="0" win="0" bet="20" muck="1" rebuy="0" addon="0" merge="0" rebuychips="0" reg_code="5085058307"/>
</players>
</general>
<round no="0"><action no="1" player="Zeeria" type="15" discard="1" dealt="1" sum="5"/>
<action no="2" player="FanteDiDenari" type="15" discard="1" dealt="1" sum="5"/>
<action no="3" player="M1ky3ste92" type="15" sum="5"/>
<action no="4" player="Zeeria" type="1" discard="1" dealt="1" sum="15"/>
<action no="5" player="FanteDiDenari" type="2" discard="1" dealt="1" sum="30"/>
</round>
<round no="1"><cards type="Pocket" player="M1ky3ste92">S3 HA</cards>
<cards type="Pocket" player="FanteDiDenari">X X</cards>
<cards type="Pocket" player="Zeeria">X X</cards>
<action no="6" player="M1ky3ste92" type="23" sum="425"/>
<action no="7" player="Zeeria" type="0" discard="1" dealt="1" sum="0"/>
<action no="8" player="FanteDiDenari" type="0" discard="1" dealt="1" sum="0"/>
</round>
</game>
<game gamecode="6577349707"><general>
<startdate>2025-12-31 00:57:08</startdate>
<round>1</round>
<failsafecounter/>
<players><player seat="6" name="M1ky3ste92" chips="485" dealer="0" win="450" bet="215" muck="0" rebuy="0" addon="0" merge="0" rebuychips="0" reg_code="5085058184"/>
<player seat="10" name="Zeeria" chips="215" dealer="1" win="0" bet="215" muck="0" rebuy="0" addon="0" merge="0" rebuychips="0" reg_code="5085058307"/>
<player seat="3" name="FanteDiDenari" chips="800" dealer="0" win="0" bet="20" muck="1" rebuy="0" addon="0" merge="0" rebuychips="0" reg_code="5085058130"/>
</players>
</general>
<round no="0"><action no="1" player="FanteDiDenari" type="15" discard="1" dealt="1" sum="5"/>
<action no="2" player="M1ky3ste92" type="15" sum="5"/>
<action no="3" player="Zeeria" type="15" discard="1" dealt="1" sum="5"/>
<action no="4" player="FanteDiDenari" type="1" discard="1" dealt="1" sum="15"/>
<action no="5" player="M1ky3ste92" type="2" sum="30"/>
</round>
<round no="1"><cards type="Pocket" player="Zeeria">CA D8</cards>
<cards type="Pocket" player="M1ky3ste92">H10 C10</cards>
<cards type="Pocket" player="FanteDiDenari">X X</cards>
<action no="6" player="Zeeria" type="23" discard="1" dealt="1" sum="210"/>
<action no="7" player="FanteDiDenari" type="0" discard="1" dealt="1" sum="0"/>
<action no="8" player="M1ky3ste92" type="3" sum="180"/>
</round>
<round no="2"><cards type="Flop">SQ D9 SK</cards>
</round>
<round no="3"><cards type="Turn">DA</cards>
</round>
<round no="4"><cards type="River">S10</cards>
</round>
</game>
<game gamecode="6577349831"><general>
<startdate>2025-12-31 00:57:25</startdate>
<round>1</round>
<failsafecounter/>
<players><player seat="6" name="M1ky3ste92" chips="720" dealer="0" win="0" bet="65" muck="1" rebuy="0" addon="0" merge="0" rebuychips="0" reg_code="5085058184"/>
<player seat="3" name="FanteDiDenari" chips="780" dealer="1" win="130" bet="65" muck="0" rebuy="0" addon="0" merge="0" rebuychips="0" reg_code="5085058130"/>
</players>
</general>
<round no="0"><action no="1" player="FanteDiDenari" type="15" discard="1" dealt="1" sum="5"/>
<action no="2" player="M1ky3ste92" type="15" sum="5"/>
<action no="3" player="FanteDiDenari" type="1" discard="1" dealt="1" sum="15"/>
<action no="4" player="M1ky3ste92" type="2" sum="30"/>
</round>
<round no="1"><cards type="Pocket" player="FanteDiDenari">HK H9</cards>
<cards type="Pocket" player="M1ky3ste92">CQ H4</cards>
<action no="5" player="FanteDiDenari" type="3" discard="1" dealt="1" sum="15"/>
<action no="6" player="M1ky3ste92" type="4" sum="0"/>
</round>
<round no="2"><cards type="Flop">H2 H3 C3</cards>
<action no="7" player="M1ky3ste92" type="4" sum="0"/>
<action no="8" player="FanteDiDenari" type="4" discard="1" dealt="1" sum="0"/>
</round>
<round no="3"><cards type="Turn">SA</cards>
<action no="9" player="M1ky3ste92" type="4" sum="0"/>
<action no="10" player="FanteDiDenari" type="5" discard="1" dealt="1" sum="30"/>
<action no="11" player="M1ky3ste92" type="3" sum="30"/>
</round>
<round no="4"><cards type="River">SJ</cards>
<action no="12" player="M1ky3ste92" type="4" sum="0"/>
<action no="13" player="FanteDiDenari" type="4" discard="1" dealt="1" sum="0"/>
</round>
</game>
<game gamecode="6577350111"><general>
<startdate>2025-12-31 00:58:02</startdate>
<round>1</round>
<failsafecounter/>
<players><player seat="3" name="FanteDiDenari" chips="845" dealer="0" win="0" bet="837" muck="0" rebuy="0" addon="0" merge="0" rebuychips="0" reg_code="5085058130"/>
<player seat="6" name="M1ky3ste92" chips="655" dealer="1" win="1,310" bet="655" muck="0" rebuy="0" addon="0" merge="0" rebuychips="0" reg_code="5085058184"/>
</players>
</general>
<round no="0"><action no="1" player="M1ky3ste92" type="15" sum="5"/>
<action no="2" player="FanteDiDenari" type="15" discard="1" dealt="1" sum="5"/>
<action no="3" player="M1ky3ste92" type="1" sum="15"/>
<action no="4" player="FanteDiDenari" type="2" discard="1" dealt="1" sum="30"/>
</round>
<round no="1"><cards type="Pocket" player="FanteDiDenari">CK S10</cards>
<cards type="Pocket" player="M1ky3ste92">H10 CA</cards>
<action no="5" player="M1ky3ste92" type="3" sum="15"/>
<action no="6" player="FanteDiDenari" type="4" discard="1" dealt="1" sum="0"/>
</round>
<round no="2"><cards type="Flop">H4 D10 HA</cards>
<action no="7" player="FanteDiDenari" type="4" discard="1" dealt="1" sum="0"/>
<action no="8" player="M1ky3ste92" type="5" sum="30"/>
<action no="9" player="FanteDiDenari" type="3" discard="1" dealt="1" sum="30"/>
</round>
<round no="3"><cards type="Turn">C7</cards>
<action no="10" player="FanteDiDenari" type="4" discard="1" dealt="1" sum="0"/>
<action no="11" player="M1ky3ste92" type="5" sum="90"/>
<action no="12" player="FanteDiDenari" type="23" discard="1" dealt="1" sum="270"/>
<action no="13" player="M1ky3ste92" type="3" sum="180"/>
</round>
<round no="4"><cards type="River">DA</cards>
<action no="14" player="FanteDiDenari" type="5" discard="1" dealt="1" sum="502"/>
<action no="15" player="M1ky3ste92" type="7" sum="320"/>
</round>
</game>
<game gamecode="6577350581"><general>
<startdate>2025-12-31 00:59:09</startdate>
<round>1</round>
<failsafecounter/>
<players><player seat="6" name="M1ky3ste92" chips="1,310" dealer="0" win="380" bet="190" muck="0" rebuy="0" addon="0" merge="0" rebuychips="0" reg_code="5085058184"/>
<player seat="3" name="FanteDiDenari" chips="190" dealer="1" win="0" bet="190" muck="0" rebuy="0" addon="0" merge="0" rebuychips="0" reg_code="5085058130"/>
</players>
</general>
<round no="0"><action no="1" player="FanteDiDenari" type="15" discard="1" dealt="1" sum="5"/>
<action no="2" player="M1ky3ste92" type="15" sum="5"/>
<action no="3" player="FanteDiDenari" type="1" discard="1" dealt="1" sum="20"/>
<action no="4" player="M1ky3ste92" type="2" sum="40"/>
</round>
<round no="1"><cards type="Pocket" player="FanteDiDenari">CK D8</cards>
<cards type="Pocket" player="M1ky3ste92">H10 DK</cards>
<action no="5" player="FanteDiDenari" type="23" discard="1" dealt="1" sum="185"/>
<action no="6" player="M1ky3ste92" type="3" sum="145"/>
</round>
<round no="2"><cards type="Flop">C9 C6 S2</cards>
</round>
<round no="3"><cards type="Turn">H4</cards>
</round>
<round no="4"><cards type="River">D9</cards>
</round>
</game>
</session>
