<?xml version="1.0" encoding="UTF-8"?>
<session sessioncode="5085053315">
<general>
<client_version>25.7.1.50</client_version>
<mode>real</mode>
<gametype>Holdem NL</gametype>
<tablename>Twister €100 SNG, 825212019</tablename>
<tournamentcode>825212018</tournamentcode>
<tournamentname>Twister €100 SNG</tournamentname>
<buyin>€0 + €7 + €93</buyin>
<totalbuyin>€100</totalbuyin>
<rewarddrawn>€200</rewarddrawn>
<tournamentcurrency>EUR</tournamentcurrency>
<currency>EUR</currency>
<nickname>M1ky3ste92</nickname>
<gamecount>10</gamecount>
<startdate>2025-12-31 00:40:05</startdate>
<place>3</place>
<win>€0</win>
<tablesize>3</tablesize>
</general>
<game gamecode="6577327369"><general>
<startdate>2025-12-31 00:40:20</startdate>
<round>1</round>
<failsafecounter/>
<players><player seat="3" name="M1ky3ste92" chips="500" dealer="0" win="210" bet="100" muck="0" rebuy="0" addon="0" merge="0" rebuychips="0" reg_code="5085053315"/>
<player seat="6" name="Zeeria" chips="500" dealer="1" win="0" bet="100" muck="1" rebuy="0" addon="0" merge="0" rebuychips="0" reg_code="5085053966"/>
<player seat="10" name="FanteDiDenari" chips="500" dealer="0" win="0" bet="10" muck="1" rebuy="0" addon="0" merge="0" rebuychips="0" reg_code="5085053982"/>
</players>
</general>
<round no="0"><action no="1" player="FanteDiDenari" type="1" discard="1" dealt="1" sum="10"/>
<action no="2" player="M1ky3ste92" type="2" sum="20"/>
</round>
<round no="1"><cards type="Pocket" player="Zeeria">C5 D5</cards>
<cards type="Pocket" player="FanteDiDenari">X X</cards>
<cards type="Pocket" player="M1ky3ste92">SA C7</cards>
<action no="3" player="Zeeria" type="23" discard="1" dealt="1" sum="40"/>
<action no="4" player="FanteDiDenari" type="0" discard="1" dealt="1" sum="0"/>
<action no="5" player="M1ky3ste92" type="3" sum="20"/>
</round>
<round no="2"><cards type="Flop">H7 H9 S9</cards>
<action no="6" player="M1ky3ste92" type="4" sum="0"/>
<action no="7" player="Zeeria" type="4" discard="1" dealt="1" sum="0"/>
</round>
<round no="3"><cards type="Turn">D2</cards>
<action no="8" player="M1ky3ste92" type="5" sum="60"/>
<action no="9" player="Zeeria" type="3" discard="1" dealt="1" sum="60"/>
</round>
<round no="4"><cards type="River">SJ</cards>
<action no="10" player="M1ky3ste92" type="4" sum="0"/>
<action no="11" player="Zeeria" type="4" discard="1" dealt="1" sum="0"/>
</round>
</game>
<game gamecode="6577327538"><general>
<startdate>2025-12-31 00:40:41</startdate>
<round>1</round>
<failsafecounter/>
<players><player seat="6" name="Zeeria" chips="400" dealer="0" win="0" bet="20" muck="1" rebuy="0" addon="0" merge="0" rebuychips="0" reg_code="5085053966"/>
<player seat="10" name="FanteDiDenari" chips="490" dealer="1" win="0" bet="0" muck="1" rebuy="0" addon="0" merge="0" rebuychips="0" reg_code="5085053982"/>
<player seat="3" name="M1ky3ste92" chips="610" dealer="0" win="40" bet="50" muck="1" rebuy="0" addon="0" merge="0" rebuychips="0" reg_code="5085053315"/>
</players>
</general>
<round no="0"><action no="1" player="M1ky3ste92" type="1" sum="10"/>
<action no="2" player="Zeeria" type="2" discard="1" dealt="1" sum="20"/>
</round>
<round no="1"><cards type="Pocket" player="Zeeria">X X</cards>
<cards type="Pocket" player="FanteDiDenari">X X</cards>
<cards type="Pocket" player="M1ky3ste92">HJ DK</cards>
<action no="3" player="FanteDiDenari" type="0" discard="1" dealt="1" sum="0"/>
<action no="4" player="M1ky3ste92" type="23" sum="50"/>
<action no="5" player="Zeeria" type="0" discard="1" dealt="1" sum="0"/>
</round>
</game>
<game gamecode="6577327618"><general>
<startdate>2025-12-31 00:40:50</startdate>
<round>1</round>
<failsafecounter/>
<players><player seat="10" name="FanteDiDenari" chips="490" dealer="0" win="20" bet="20" muck="1" rebuy="0" addon="0" merge="0" rebuychips="0" reg_code="5085053982"/>
<player seat="3" name="M1ky3ste92" chips="630" dealer="1" win="0" bet="0" muck="1" rebuy="0" addon="0" merge="0" rebuychips="0" reg_code="5085053315"/>
<player seat="6" name="Zeeria" chips="380" dealer="0" win="0" bet="10" muck="1" rebuy="0" addon="0" merge="0" rebuychips="0" reg_code="5085053966"/>
</players>
</general>
<round no="0"><action no="1" player="Zeeria" type="1" discard="1" dealt="1" sum="10"/>
<action no="2" player="FanteDiDenari" type="2" discard="1" dealt="1" sum="20"/>
</round>
<round no="1"><cards type="Pocket" player="FanteDiDenari">X X</cards>
<cards type="Pocket" player="M1ky3ste92">S7 H3</cards>
<cards type="Pocket" player="Zeeria">X X</cards>
<action no="3" player="M1ky3ste92" type="0" sum="0"/>
<action no="4" player="Zeeria" type="0" discard="1" dealt="1" sum="0"/>
</round>
</game>
<game gamecode="6577327670"><general>
<startdate>2025-12-31 00:40:56</startdate>
<round>1</round>
<failsafecounter/>
<players><player seat="3" name="M1ky3ste92" chips="630" dealer="0" win="0" bet="200" muck="1" rebuy="0" addon="0" merge="0" rebuychips="0" reg_code="5085053315"/>
<player seat="6" name="Zeeria" chips="370" dealer="1" win="0" bet="0" muck="1" rebuy="0" addon="0" merge="0" rebuychips="0" reg_code="5085053966"/>
<player seat="10" name="FanteDiDenari" chips="500" dealer="0" win="400" bet="500" muck="1" rebuy="0" addon="0" merge="0" rebuychips="0" reg_code="5085053982"/>
</players>
</general>
<round no="0"><action no="1" player="FanteDiDenari" type="1" discard="1" dealt="1" sum="10"/>
<action no="2" player="M1ky3ste92" type="2" sum="20"/>
</round>
<round no="1"><cards type="Pocket" player="M1ky3ste92">H2 S6</cards>
<cards type="Pocket" player="Zeeria">X X</cards>
<cards type="Pocket" player="FanteDiDenari">X X</cards>
<action no="3" player="Zeeria" type="0" discard="1" dealt="1" sum="0"/>
<action no="4" player="FanteDiDenari" type="3" discard="1" dealt="1" sum="10"/>
<action no="5" player="M1ky3ste92" type="4" sum="0"/>
</round>
<round no="2"><cards type="Flop">D2 H3 S4</cards>
<action no="6" player="FanteDiDenari" type="5" discard="1" dealt="1" sum="20"/>
<action no="7" player="M1ky3ste92" type="23" sum="100"/>
<action no="8" player="FanteDiDenari" type="23" discard="1" dealt="1" sum="180"/>
<action no="9" player="M1ky3ste92" type="3" sum="80"/>
</round>
<round no="3"><cards type="Turn">SJ</cards>
<action no="10" player="FanteDiDenari" type="4" discard="1" dealt="1" sum="0"/>
<action no="11" player="M1ky3ste92" type="4" sum="0"/>
</round>
<round no="4"><cards type="River">C3</cards>
<action no="12" player="FanteDiDenari" type="5" discard="1" dealt="1" sum="300"/>
<action no="13" player="M1ky3ste92" type="0" sum="0"/>
</round>
</game>
<game gamecode="6577333638"><general>
<startdate>2025-12-31 00:41:46</startdate>
<round>1</round>
<failsafecounter/>
<players><player seat="6" name="Zeeria" chips="370" dealer="0" win="20" bet="20" muck="1" rebuy="0" addon="0" merge="0" rebuychips="0" reg_code="5085053966"/>
<player seat="10" name="FanteDiDenari" chips="700" dealer="1" win="0" bet="0" muck="1" rebuy="0" addon="0" merge="0" rebuychips="0" reg_code="5085053982"/>
<player seat="3" name="M1ky3ste92" chips="430" dealer="0" win="0" bet="10" muck="1" rebuy="0" addon="0" merge="0" rebuychips="0" reg_code="5085053315"/>
</players>
</general>
<round no="0"><action no="1" player="M1ky3ste92" type="1" sum="10"/>
<action no="2" player="Zeeria" type="2" discard="1" dealt="1" sum="20"/>
</round>
<round no="1"><cards type="Pocket" player="M1ky3ste92">D4 HQ</cards>
<cards type="Pocket" player="FanteDiDenari">X X</cards>
<cards type="Pocket" player="Zeeria">X X</cards>
<action no="3" player="FanteDiDenari" type="0" discard="1" dealt="1" sum="0"/>
<action no="4" player="M1ky3ste92" type="0" sum="0"/>
</round>
</game>
<game gamecode="6577333687"><general>
<startdate>2025-12-31 00:41:52</startdate>
<round>1</round>
<failsafecounter/>
<players><player seat="10" name="FanteDiDenari" chips="700" dealer="0" win="100" bet="76" muck="1" rebuy="0" addon="0" merge="0" rebuychips="0" reg_code="5085053982"/>
<player seat="3" name="M1ky3ste92" chips="420" dealer="1" win="0" bet="0" muck="1" rebuy="0" addon="0" merge="0" rebuychips="0" reg_code="5085053315"/>
<player seat="6" name="Zeeria" chips="380" dealer="0" win="0" bet="50" muck="1" rebuy="0" addon="0" merge="0" rebuychips="0" reg_code="5085053966"/>
</players>
</general>
<round no="0"><action no="1" player="Zeeria" type="1" discard="1" dealt="1" sum="10"/>
<action no="2" player="FanteDiDenari" type="2" discard="1" dealt="1" sum="20"/>
</round>
<round no="1"><cards type="Pocket" player="M1ky3ste92">S5 S3</cards>
<cards type="Pocket" player="FanteDiDenari">X X</cards>
<cards type="Pocket" player="Zeeria">X X</cards>
<action no="3" player="M1ky3ste92" type="0" sum="0"/>
<action no="4" player="Zeeria" type="23" discard="1" dealt="1" sum="50"/>
<action no="5" player="FanteDiDenari" type="3" discard="1" dealt="1" sum="30"/>
</round>
<round no="2"><cards type="Flop">H2 CJ CK</cards>
<action no="6" player="Zeeria" type="4" discard="1" dealt="1" sum="0"/>
<action no="7" player="FanteDiDenari" type="5" discard="1" dealt="1" sum="26"/>
<action no="8" player="Zeeria" type="0" discard="1" dealt="1" sum="0"/>
</round>
</game>
<game gamecode="6577333897"><general>
<startdate>2025-12-31 00:42:19</startdate>
<round>1</round>
<failsafecounter/>
<players><player seat="3" name="M1ky3ste92" chips="420" dealer="0" win="422" bet="420" muck="0" rebuy="0" addon="0" merge="0" rebuychips="0" reg_code="5085053315"/>
<player seat="6" name="Zeeria" chips="330" dealer="1" win="0" bet="5" muck="1" rebuy="0" addon="0" merge="0" rebuychips="0" reg_code="5085053966"/>
<player seat="10" name="FanteDiDenari" chips="750" dealer="0" win="423" bet="750" muck="0" rebuy="0" addon="0" merge="0" rebuychips="0" reg_code="5085053982"/>
</players>
</general>
<round no="0"><action no="1" player="FanteDiDenari" type="15" discard="1" dealt="1" sum="5"/>
<action no="2" player="M1ky3ste92" type="15" sum="5"/>
<action no="3" player="Zeeria" type="15" discard="1" dealt="1" sum="5"/>
<action no="4" player="FanteDiDenari" type="1" discard="1" dealt="1" sum="15"/>
<action no="5" player="M1ky3ste92" type="2" sum="30"/>
</round>
<round no="1"><cards type="Pocket" player="Zeeria">X X</cards>
<cards type="Pocket" player="M1ky3ste92">SA C7</cards>
<cards type="Pocket" player="FanteDiDenari">D7 CA</cards>
<action no="6" player="Zeeria" type="0" discard="1" dealt="1" sum="0"/>
<action no="7" player="FanteDiDenari" type="23" discard="1" dealt="1" sum="745"/>
<action no="8" player="M1ky3ste92" type="7" sum="385"/>
</round>
<round no="2"><cards type="Flop">HK H9 H4</cards>
</round>
<round no="3"><cards type="Turn">H6</cards>
</round>
<round no="4"><cards type="River">DA</cards>
</round>
</game>
<game gamecode="6577334088"><general>
<startdate>2025-12-31 00:42:45</startdate>
<round>1</round>
<failsafecounter/>
<players><player seat="6" name="Zeeria" chips="325" dealer="0" win="655" bet="325" muck="0" rebuy="0" addon="0" merge="0" rebuychips="0" reg_code="5085053966"/>
<player seat="10" name="FanteDiDenari" chips="753" dealer="1" win="0" bet="5" muck="1" rebuy="0" addon="0" merge="0" rebuychips="0" reg_code="5085053982"/>
<player seat="3" name="M1ky3ste92" chips="422" dealer="0" win="0" bet="422" muck="0" rebuy="0" addon="0" merge="0" rebuychips="0" reg_code="5085053315"/>
</players>
</general>
<round no="0"><action no="1" player="M1ky3ste92" type="15" sum="5"/>
<action no="2" player="Zeeria" type="15" discard="1" dealt="1" sum="5"/>
<action no="3" player="FanteDiDenari" type="15" discard="1" dealt="1" sum="5"/>
<action no="4" player="M1ky3ste92" type="1" sum="15"/>
<action no="5" player="Zeeria" type="2" discard="1" dealt="1" sum="30"/>
</round>
<round no="1"><cards type="Pocket" player="FanteDiDenari">X X</cards>
<cards type="Pocket" player="Zeeria">HA S9</cards>
<cards type="Pocket" player="M1ky3ste92">DQ D6</cards>
<action no="6" player="FanteDiDenari" type="0" discard="1" dealt="1" sum="0"/>
<action no="7" player="M1ky3ste92" type="23" sum="417"/>
<action no="8" player="Zeeria" type="7" discard="1" dealt="1" sum="290"/>
</round>
<round no="2"><cards type="Flop">SK HJ C8</cards>
</round>
<round no="3"><cards type="Turn">DA</cards>
</round>
<round no="4"><cards type="River">D8</cards>
</round>
</game>
<game gamecode="6577334224"><general>
<startdate>2025-12-31 00:43:03</startdate>
<round>1</round>
<failsafecounter/>
<players><player seat="10" name="FanteDiDenari" chips="748" dealer="0" win="165" bet="748" muck="1" rebuy="0" addon="0" merge="0" rebuychips="0" reg_code="5085053982"/>
<player seat="3" name="M1ky3ste92" chips="97" dealer="1" win="0" bet="5" muck="1" rebuy="0" addon="0" merge="0" rebuychips="0" reg_code="5085053315"/>
<player seat="6" name="Zeeria" chips="655" dealer="0" win="0" bet="80" muck="1" rebuy="0" addon="0" merge="0" rebuychips="0" reg_code="5085053966"/>
</players>
</general>
<round no="0"><action no="1" player="Zeeria" type="15" discard="1" dealt="1" sum="5"/>
<action no="2" player="FanteDiDenari" type="15" discard="1" dealt="1" sum="5"/>
<action no="3" player="M1ky3ste92" type="15" sum="5"/>
<action no="4" player="Zeeria" type="1" discard="1" dealt="1" sum="15"/>
<action no="5" player="FanteDiDenari" type="2" discard="1" dealt="1" sum="30"/>
</round>
<round no="1"><cards type="Pocket" player="Zeeria">X X</cards>
<cards type="Pocket" player="M1ky3ste92">S8 C3</cards>
<cards type="Pocket" player="FanteDiDenari">X X</cards>
<action no="6" player="M1ky3ste92" type="0" sum="0"/>
<action no="7" player="Zeeria" type="23" discard="1" dealt="1" sum="75"/>
<action no="8" player="FanteDiDenari" type="23" discard="1" dealt="1" sum="743"/>
<action no="9" player="Zeeria" type="0" discard="1" dealt="1" sum="0"/>
</round>
</game>
<game gamecode="6577334334"><general>
<startdate>2025-12-31 00:43:18</startdate>
<round>1</round>
<failsafecounter/>
<players><player seat="3" name="M1ky3ste92" chips="92" dealer="0" win="0" bet="92" muck="0" rebuy="0" addon="0" merge="0" rebuychips="0" reg_code="5085053315"/>
<player seat="6" name="Zeeria" chips="575" dealer="1" win="204" bet="92" muck="0" rebuy="0" addon="0" merge="0" rebuychips="0" reg_code="5085053966"/>
<player seat="10" name="FanteDiDenari" chips="833" dealer="0" win="0" bet="20" muck="1" rebuy="0" addon="0" merge="0" rebuychips="0" reg_code="5085053982"/>
</players>
</general>
<round no="0"><action no="1" player="FanteDiDenari" type="15" discard="1" dealt="1" sum="5"/>
<action no="2" player="M1ky3ste92" type="15" sum="5"/>
<action no="3" player="Zeeria" type="15" discard="1" dealt="1" sum="5"/>
<action no="4" player="FanteDiDenari" type="1" discard="1" dealt="1" sum="15"/>
<action no="5" player="M1ky3ste92" type="2" sum="30"/>
</round>
<round no="1"><cards type="Pocket" player="FanteDiDenari">X X</cards>
<cards type="Pocket" player="M1ky3ste92">D7 H8</cards>
<cards type="Pocket" player="Zeeria">HQ C9</cards>
<action no="6" player="Zeeria" type="23" discard="1" dealt="1" sum="60"/>
<action no="7" player="FanteDiDenari" type="0" discard="1" dealt="1" sum="0"/>
<action no="8" player="M1ky3ste92" type="7" sum="57"/>
<action no="9" player="Zeeria" type="3" discard="1" dealt="1" sum="27"/>
</round>
<round no="2"><cards type="Flop">H4 D6 S3</cards>
</round>
<round no="3"><cards type="Turn">H9</cards>
</round>
<round no="4"><cards type="River">DA</cards>
</round>
</game>
</session>
