<?xml version="1.0" encoding="UTF-8"?>
<session sessioncode="5085171708">
<general>
<client_version>25.7.1.50</client_version>
<mode>real</mode>
<gametype>Holdem NL</gametype>
<tablename>Twister €100 SNG, 825251126</tablename>
<tournamentcode>825251125</tournamentcode>
<tournamentname>Twister €100 SNG</tournamentname>
<buyin>€0 + €7 + €93</buyin>
<totalbuyin>€100</totalbuyin>
<rewarddrawn>€200</rewarddrawn>
<tournamentcurrency>EUR</tournamentcurrency>
<currency>EUR</currency>
<nickname>M1ky3ste92</nickname>
<gamecount>15</gamecount>
<startdate>2025-12-31 15:05:40</startdate>
<place>3</place>
<win>€0</win>
<tablesize>3</tablesize>
</general>
<game gamecode="6577844191"><general>
<startdate>2025-12-31 15:05:56</startdate>
<round>1</round>
<failsafecounter/>
<players><player seat="3" name="FanteDiDenari" chips="500" dealer="0" win="90" bet="40" muck="0" rebuy="0" addon="0" merge="0" rebuychips="0" reg_code="5085171282"/>
<player seat="6" name="M1ky3ste92" chips="500" dealer="1" win="0" bet="40" muck="1" rebuy="0" addon="0" merge="0" rebuychips="0" reg_code="5085171708"/>
<player seat="10" name="OFiorbe" chips="500" dealer="0" win="0" bet="10" muck="1" rebuy="0" addon="0" merge="0" rebuychips="0" reg_code="5085171818"/>
</players>
</general>
<round no="0"><action no="1" player="OFiorbe" type="1" discard="1" dealt="1" sum="10"/>
<action no="2" player="FanteDiDenari" type="2" discard="1" dealt="1" sum="20"/>
</round>
<round no="1"><cards type="Pocket" player="M1ky3ste92">C10 CK</cards>
<cards type="Pocket" player="OFiorbe">X X</cards>
<cards type="Pocket" player="FanteDiDenari">HA D2</cards>
<action no="3" player="M1ky3ste92" type="23" sum="40"/>
<action no="4" player="OFiorbe" type="0" discard="1" dealt="1" sum="0"/>
<action no="5" player="FanteDiDenari" type="3" discard="1" dealt="1" sum="20"/>
</round>
<round no="2"><cards type="Flop">H8 S7 DQ</cards>
<action no="6" player="FanteDiDenari" type="4" discard="1" dealt="1" sum="0"/>
<action no="7" player="M1ky3ste92" type="4" sum="0"/>
</round>
<round no="3"><cards type="Turn">D8</cards>
<action no="8" player="FanteDiDenari" type="4" discard="1" dealt="1" sum="0"/>
<action no="9" player="M1ky3ste92" type="4" sum="0"/>
</round>
<round no="4"><cards type="River">D7</cards>
<action no="10" player="FanteDiDenari" type="4" discard="1" dealt="1" sum="0"/>
<action no="11" player="M1ky3ste92" type="4" sum="0"/>
</round>
</game>
<game gamecode="6577844265"><general>
<startdate>2025-12-31 15:06:21</startdate>
<round>1</round>
<failsafecounter/>
<players><player seat="6" name="M1ky3ste92" chips="460" dealer="0" win="20" bet="20" muck="1" rebuy="0" addon="0" merge="0" rebuychips="0" reg_code="5085171708"/>
<player seat="10" name="OFiorbe" chips="490" dealer="1" win="0" bet="0" muck="1" rebuy="0" addon="0" merge="0" rebuychips="0" reg_code="5085171818"/>
<player seat="3" name="FanteDiDenari" chips="550" dealer="0" win="0" bet="10" muck="1" rebuy="0" addon="0" merge="0" rebuychips="0" reg_code="5085171282"/>
</players>
</general>
<round no="0"><action no="1" player="FanteDiDenari" type="1" discard="1" dealt="1" sum="10"/>
<action no="2" player="M1ky3ste92" type="2" sum="20"/>
</round>
<round no="1"><cards type="Pocket" player="OFiorbe">X X</cards>
<cards type="Pocket" player="M1ky3ste92">SQ S5</cards>
<cards type="Pocket" player="FanteDiDenari">X X</cards>
<action no="3" player="OFiorbe" type="0" discard="1" dealt="1" sum="0"/>
<action no="4" player="FanteDiDenari" type="0" discard="1" dealt="1" sum="0"/>
</round>
</game>
<game gamecode="6577844304"><general>
<startdate>2025-12-31 15:06:30</startdate>
<round>1</round>
<failsafecounter/>
<players><player seat="10" name="OFiorbe" chips="490" dealer="0" win="324" bet="205" muck="1" rebuy="0" addon="0" merge="0" rebuychips="0" reg_code="5085171818"/>
<player seat="3" name="FanteDiDenari" chips="540" dealer="1" win="0" bet="157" muck="1" rebuy="0" addon="0" merge="0" rebuychips="0" reg_code="5085171282"/>
<player seat="6" name="M1ky3ste92" chips="470" dealer="0" win="0" bet="10" muck="1" rebuy="0" addon="0" merge="0" rebuychips="0" reg_code="5085171708"/>
</players>
</general>
<round no="0"><action no="1" player="M1ky3ste92" type="1" sum="10"/>
<action no="2" player="OFiorbe" type="2" discard="1" dealt="1" sum="20"/>
</round>
<round no="1"><cards type="Pocket" player="OFiorbe">X X</cards>
<cards type="Pocket" player="FanteDiDenari">X X</cards>
<cards type="Pocket" player="M1ky3ste92">H4 CQ</cards>
<action no="3" player="FanteDiDenari" type="23" discard="1" dealt="1" sum="40"/>
<action no="4" player="M1ky3ste92" type="0" sum="0"/>
<action no="5" player="OFiorbe" type="3" discard="1" dealt="1" sum="20"/>
</round>
<round no="2"><cards type="Flop">H10 C9 SQ</cards>
<action no="6" player="OFiorbe" type="4" discard="1" dealt="1" sum="0"/>
<action no="7" player="FanteDiDenari" type="5" discard="1" dealt="1" sum="20"/>
<action no="8" player="OFiorbe" type="3" discard="1" dealt="1" sum="20"/>
</round>
<round no="3"><cards type="Turn">C8</cards>
<action no="9" player="OFiorbe" type="5" discard="1" dealt="1" sum="97"/>
<action no="10" player="FanteDiDenari" type="3" discard="1" dealt="1" sum="97"/>
</round>
<round no="4"><cards type="River">C4</cards>
<action no="11" player="OFiorbe" type="5" discard="1" dealt="1" sum="48"/>
<action no="12" player="FanteDiDenari" type="0" discard="1" dealt="1" sum="0"/>
</round>
</game>
<game gamecode="6577844488"><general>
<startdate>2025-12-31 15:07:24</startdate>
<round>1</round>
<failsafecounter/>
<players><player seat="3" name="FanteDiDenari" chips="383" dealer="0" win="0" bet="40" muck="1" rebuy="0" addon="0" merge="0" rebuychips="0" reg_code="5085171282"/>
<player seat="6" name="M1ky3ste92" chips="460" dealer="1" win="90" bet="60" muck="1" rebuy="0" addon="0" merge="0" rebuychips="0" reg_code="5085171708"/>
<player seat="10" name="OFiorbe" chips="657" dealer="0" win="0" bet="10" muck="1" rebuy="0" addon="0" merge="0" rebuychips="0" reg_code="5085171818"/>
</players>
</general>
<round no="0"><action no="1" player="OFiorbe" type="1" discard="1" dealt="1" sum="10"/>
<action no="2" player="FanteDiDenari" type="2" discard="1" dealt="1" sum="20"/>
</round>
<round no="1"><cards type="Pocket" player="FanteDiDenari">X X</cards>
<cards type="Pocket" player="M1ky3ste92">HQ SA</cards>
<cards type="Pocket" player="OFiorbe">X X</cards>
<action no="3" player="M1ky3ste92" type="23" sum="40"/>
<action no="4" player="OFiorbe" type="0" discard="1" dealt="1" sum="0"/>
<action no="5" player="FanteDiDenari" type="3" discard="1" dealt="1" sum="20"/>
</round>
<round no="2"><cards type="Flop">CA D10 C10</cards>
<action no="6" player="FanteDiDenari" type="4" discard="1" dealt="1" sum="0"/>
<action no="7" player="M1ky3ste92" type="5" sum="20"/>
<action no="8" player="FanteDiDenari" type="0" discard="1" dealt="1" sum="0"/>
</round>
</game>
<game gamecode="6577849605"><general>
<startdate>2025-12-31 15:07:48</startdate>
<round>1</round>
<failsafecounter/>
<players><player seat="6" name="M1ky3ste92" chips="510" dealer="0" win="0" bet="35" muck="1" rebuy="0" addon="0" merge="0" rebuychips="0" reg_code="5085171708"/>
<player seat="10" name="OFiorbe" chips="647" dealer="1" win="0" bet="5" muck="1" rebuy="0" addon="0" merge="0" rebuychips="0" reg_code="5085171818"/>
<player seat="3" name="FanteDiDenari" chips="343" dealer="0" win="75" bet="343" muck="1" rebuy="0" addon="0" merge="0" rebuychips="0" reg_code="5085171282"/>
</players>
</general>
<round no="0"><action no="1" player="FanteDiDenari" type="15" discard="1" dealt="1" sum="5"/>
<action no="2" player="M1ky3ste92" type="15" sum="5"/>
<action no="3" player="OFiorbe" type="15" discard="1" dealt="1" sum="5"/>
<action no="4" player="FanteDiDenari" type="1" discard="1" dealt="1" sum="15"/>
<action no="5" player="M1ky3ste92" type="2" sum="30"/>
</round>
<round no="1"><cards type="Pocket" player="OFiorbe">X X</cards>
<cards type="Pocket" player="FanteDiDenari">X X</cards>
<cards type="Pocket" player="M1ky3ste92">S3 DJ</cards>
<action no="6" player="OFiorbe" type="0" discard="1" dealt="1" sum="0"/>
<action no="7" player="FanteDiDenari" type="23" discard="1" dealt="1" sum="338"/>
<action no="8" player="M1ky3ste92" type="0" sum="0"/>
</round>
</game>
<game gamecode="6577849645"><general>
<startdate>2025-12-31 15:07:59</startdate>
<round>1</round>
<failsafecounter/>
<players><player seat="10" name="OFiorbe" chips="642" dealer="0" win="0" bet="115" muck="1" rebuy="0" addon="0" merge="0" rebuychips="0" reg_code="5085171818"/>
<player seat="3" name="FanteDiDenari" chips="383" dealer="1" win="250" bet="240" muck="1" rebuy="0" addon="0" merge="0" rebuychips="0" reg_code="5085171282"/>
<player seat="6" name="M1ky3ste92" chips="475" dealer="0" win="0" bet="20" muck="1" rebuy="0" addon="0" merge="0" rebuychips="0" reg_code="5085171708"/>
</players>
</general>
<round no="0"><action no="1" player="M1ky3ste92" type="15" sum="5"/>
<action no="2" player="OFiorbe" type="15" discard="1" dealt="1" sum="5"/>
<action no="3" player="FanteDiDenari" type="15" discard="1" dealt="1" sum="5"/>
<action no="4" player="M1ky3ste92" type="1" sum="15"/>
<action no="5" player="OFiorbe" type="2" discard="1" dealt="1" sum="30"/>
</round>
<round no="1"><cards type="Pocket" player="M1ky3ste92">H3 S8</cards>
<cards type="Pocket" player="OFiorbe">X X</cards>
<cards type="Pocket" player="FanteDiDenari">X X</cards>
<action no="6" player="FanteDiDenari" type="23" discard="1" dealt="1" sum="60"/>
<action no="7" player="M1ky3ste92" type="0" sum="0"/>
<action no="8" player="OFiorbe" type="3" discard="1" dealt="1" sum="30"/>
</round>
<round no="2"><cards type="Flop">S5 HA H10</cards>
<action no="9" player="OFiorbe" type="4" discard="1" dealt="1" sum="0"/>
<action no="10" player="FanteDiDenari" type="5" discard="1" dealt="1" sum="50"/>
<action no="11" player="OFiorbe" type="3" discard="1" dealt="1" sum="50"/>
</round>
<round no="3"><cards type="Turn">D8</cards>
<action no="12" player="OFiorbe" type="4" discard="1" dealt="1" sum="0"/>
<action no="13" player="FanteDiDenari" type="5" discard="1" dealt="1" sum="125"/>
<action no="14" player="OFiorbe" type="0" discard="1" dealt="1" sum="0"/>
</round>
</game>
<game gamecode="6577849818"><general>
<startdate>2025-12-31 15:08:53</startdate>
<round>1</round>
<failsafecounter/>
<players><player seat="3" name="FanteDiDenari" chips="518" dealer="0" win="45" bet="35" muck="1" rebuy="0" addon="0" merge="0" rebuychips="0" reg_code="5085171282"/>
<player seat="6" name="M1ky3ste92" chips="455" dealer="1" win="0" bet="5" muck="1" rebuy="0" addon="0" merge="0" rebuychips="0" reg_code="5085171708"/>
<player seat="10" name="OFiorbe" chips="527" dealer="0" win="0" bet="20" muck="1" rebuy="0" addon="0" merge="0" rebuychips="0" reg_code="5085171818"/>
</players>
</general>
<round no="0"><action no="1" player="OFiorbe" type="15" discard="1" dealt="1" sum="5"/>
<action no="2" player="FanteDiDenari" type="15" discard="1" dealt="1" sum="5"/>
<action no="3" player="M1ky3ste92" type="15" sum="5"/>
<action no="4" player="OFiorbe" type="1" discard="1" dealt="1" sum="15"/>
<action no="5" player="FanteDiDenari" type="2" discard="1" dealt="1" sum="30"/>
</round>
<round no="1"><cards type="Pocket" player="OFiorbe">X X</cards>
<cards type="Pocket" player="FanteDiDenari">X X</cards>
<cards type="Pocket" player="M1ky3ste92">S2 SQ</cards>
<action no="6" player="M1ky3ste92" type="0" sum="0"/>
<action no="7" player="OFiorbe" type="0" discard="1" dealt="1" sum="0"/>
</round>
</game>
<game gamecode="6577849851"><general>
<startdate>2025-12-31 15:09:02</startdate>
<round>1</round>
<failsafecounter/>
<players><player seat="6" name="M1ky3ste92" chips="450" dealer="0" win="45" bet="35" muck="1" rebuy="0" addon="0" merge="0" rebuychips="0" reg_code="5085171708"/>
<player seat="10" name="OFiorbe" chips="507" dealer="1" win="0" bet="5" muck="1" rebuy="0" addon="0" merge="0" rebuychips="0" reg_code="5085171818"/>
<player seat="3" name="FanteDiDenari" chips="543" dealer="0" win="0" bet="20" muck="1" rebuy="0" addon="0" merge="0" rebuychips="0" reg_code="5085171282"/>
</players>
</general>
<round no="0"><action no="1" player="FanteDiDenari" type="15" discard="1" dealt="1" sum="5"/>
<action no="2" player="M1ky3ste92" type="15" sum="5"/>
<action no="3" player="OFiorbe" type="15" discard="1" dealt="1" sum="5"/>
<action no="4" player="FanteDiDenari" type="1" discard="1" dealt="1" sum="15"/>
<action no="5" player="M1ky3ste92" type="2" sum="30"/>
</round>
<round no="1"><cards type="Pocket" player="OFiorbe">X X</cards>
<cards type="Pocket" player="FanteDiDenari">X X</cards>
<cards type="Pocket" player="M1ky3ste92">CK S7</cards>
<action no="6" player="OFiorbe" type="0" discard="1" dealt="1" sum="0"/>
<action no="7" player="FanteDiDenari" type="0" discard="1" dealt="1" sum="0"/>
</round>
</game>
<game gamecode="6577849880"><general>
<startdate>2025-12-31 15:09:10</startdate>
<round>1</round>
<failsafecounter/>
<players><player seat="10" name="OFiorbe" chips="502" dealer="0" win="0" bet="35" muck="1" rebuy="0" addon="0" merge="0" rebuychips="0" reg_code="5085171818"/>
<player seat="3" name="FanteDiDenari" chips="523" dealer="1" win="0" bet="5" muck="1" rebuy="0" addon="0" merge="0" rebuychips="0" reg_code="5085171282"/>
<player seat="6" name="M1ky3ste92" chips="475" dealer="0" win="75" bet="65" muck="1" rebuy="0" addon="0" merge="0" rebuychips="0" reg_code="5085171708"/>
</players>
</general>
<round no="0"><action no="1" player="M1ky3ste92" type="15" sum="5"/>
<action no="2" player="OFiorbe" type="15" discard="1" dealt="1" sum="5"/>
<action no="3" player="FanteDiDenari" type="15" discard="1" dealt="1" sum="5"/>
<action no="4" player="M1ky3ste92" type="1" sum="15"/>
<action no="5" player="OFiorbe" type="2" discard="1" dealt="1" sum="30"/>
</round>
<round no="1"><cards type="Pocket" player="FanteDiDenari">X X</cards>
<cards type="Pocket" player="M1ky3ste92">S10 D7</cards>
<cards type="Pocket" player="OFiorbe">X X</cards>
<action no="6" player="FanteDiDenari" type="0" discard="1" dealt="1" sum="0"/>
<action no="7" player="M1ky3ste92" type="3" sum="15"/>
<action no="8" player="OFiorbe" type="4" discard="1" dealt="1" sum="0"/>
</round>
<round no="2"><cards type="Flop">SK HA S8</cards>
<action no="9" player="M1ky3ste92" type="5" sum="30"/>
<action no="10" player="OFiorbe" type="0" discard="1" dealt="1" sum="0"/>
</round>
</game>
<game gamecode="6577849938"><general>
<startdate>2025-12-31 15:09:25</startdate>
<round>1</round>
<failsafecounter/>
<players><player seat="3" name="FanteDiDenari" chips="518" dealer="0" win="0" bet="45" muck="1" rebuy="0" addon="0" merge="0" rebuychips="0" reg_code="5085171282"/>
<player seat="6" name="M1ky3ste92" chips="515" dealer="1" win="115" bet="85" muck="1" rebuy="0" addon="0" merge="0" rebuychips="0" reg_code="5085171708"/>
<player seat="10" name="OFiorbe" chips="467" dealer="0" win="0" bet="25" muck="1" rebuy="0" addon="0" merge="0" rebuychips="0" reg_code="5085171818"/>
</players>
</general>
<round no="0"><action no="1" player="OFiorbe" type="15" discard="1" dealt="1" sum="5"/>
<action no="2" player="FanteDiDenari" type="15" discard="1" dealt="1" sum="5"/>
<action no="3" player="M1ky3ste92" type="15" sum="5"/>
<action no="4" player="OFiorbe" type="1" discard="1" dealt="1" sum="20"/>
<action no="5" player="FanteDiDenari" type="2" discard="1" dealt="1" sum="40"/>
</round>
<round no="1"><cards type="Pocket" player="M1ky3ste92">S8 H8</cards>
<cards type="Pocket" player="FanteDiDenari">X X</cards>
<cards type="Pocket" player="OFiorbe">X X</cards>
<action no="6" player="M1ky3ste92" type="23" sum="80"/>
<action no="7" player="OFiorbe" type="0" discard="1" dealt="1" sum="0"/>
<action no="8" player="FanteDiDenari" type="0" discard="1" dealt="1" sum="0"/>
</round>
</game>
<game gamecode="6577849970"><general>
<startdate>2025-12-31 15:09:34</startdate>
<round>1</round>
<failsafecounter/>
<players><player seat="6" name="M1ky3ste92" chips="585" dealer="0" win="0" bet="45" muck="1" rebuy="0" addon="0" merge="0" rebuychips="0" reg_code="5085171708"/>
<player seat="10" name="OFiorbe" chips="442" dealer="1" win="0" bet="5" muck="1" rebuy="0" addon="0" merge="0" rebuychips="0" reg_code="5085171818"/>
<player seat="3" name="FanteDiDenari" chips="473" dealer="0" win="95" bet="473" muck="1" rebuy="0" addon="0" merge="0" rebuychips="0" reg_code="5085171282"/>
</players>
</general>
<round no="0"><action no="1" player="FanteDiDenari" type="15" discard="1" dealt="1" sum="5"/>
<action no="2" player="M1ky3ste92" type="15" sum="5"/>
<action no="3" player="OFiorbe" type="15" discard="1" dealt="1" sum="5"/>
<action no="4" player="FanteDiDenari" type="1" discard="1" dealt="1" sum="20"/>
<action no="5" player="M1ky3ste92" type="2" sum="40"/>
</round>
<round no="1"><cards type="Pocket" player="OFiorbe">X X</cards>
<cards type="Pocket" player="M1ky3ste92">D10 S8</cards>
<cards type="Pocket" player="FanteDiDenari">X X</cards>
<action no="6" player="OFiorbe" type="0" discard="1" dealt="1" sum="0"/>
<action no="7" player="FanteDiDenari" type="23" discard="1" dealt="1" sum="468"/>
<action no="8" player="M1ky3ste92" type="0" sum="0"/>
</round>
</game>
<game gamecode="6577850004"><general>
<startdate>2025-12-31 15:09:44</startdate>
<round>1</round>
<failsafecounter/>
<players><player seat="10" name="OFiorbe" chips="437" dealer="0" win="879" bet="437" muck="0" rebuy="0" addon="0" merge="0" rebuychips="0" reg_code="5085171818"/>
<player seat="3" name="FanteDiDenari" chips="523" dealer="1" win="0" bet="5" muck="1" rebuy="0" addon="0" merge="0" rebuychips="0" reg_code="5085171282"/>
<player seat="6" name="M1ky3ste92" chips="540" dealer="0" win="0" bet="540" muck="1" rebuy="0" addon="0" merge="0" rebuychips="0" reg_code="5085171708"/>
</players>
</general>
<round no="0"><action no="1" player="M1ky3ste92" type="15" sum="5"/>
<action no="2" player="OFiorbe" type="15" discard="1" dealt="1" sum="5"/>
<action no="3" player="FanteDiDenari" type="15" discard="1" dealt="1" sum="5"/>
<action no="4" player="M1ky3ste92" type="1" sum="20"/>
<action no="5" player="OFiorbe" type="2" discard="1" dealt="1" sum="40"/>
</round>
<round no="1"><cards type="Pocket" player="FanteDiDenari">X X</cards>
<cards type="Pocket" player="M1ky3ste92">D3 C4</cards>
<cards type="Pocket" player="OFiorbe">C6 C7</cards>
<action no="6" player="FanteDiDenari" type="0" discard="1" dealt="1" sum="0"/>
<action no="7" player="M1ky3ste92" type="3" sum="20"/>
<action no="8" player="OFiorbe" type="4" discard="1" dealt="1" sum="0"/>
</round>
<round no="2"><cards type="Flop">D6 C5 H10</cards>
<action no="9" player="M1ky3ste92" type="5" sum="40"/>
<action no="10" player="OFiorbe" type="3" discard="1" dealt="1" sum="40"/>
</round>
<round no="3"><cards type="Turn">CQ</cards>
<action no="11" player="M1ky3ste92" type="5" sum="80"/>
<action no="12" player="OFiorbe" type="3" discard="1" dealt="1" sum="80"/>
</round>
<round no="4"><cards type="River">SK</cards>
<action no="13" player="M1ky3ste92" type="5" sum="375"/>
<action no="14" player="OFiorbe" type="7" discard="1" dealt="1" sum="272"/>
</round>
</game>
<game gamecode="6577850169"><general>
<startdate>2025-12-31 15:10:33</startdate>
<round>1</round>
<failsafecounter/>
<players><player seat="3" name="FanteDiDenari" chips="518" dealer="0" win="0" bet="45" muck="1" rebuy="0" addon="0" merge="0" rebuychips="0" reg_code="5085171282"/>
<player seat="6" name="M1ky3ste92" chips="103" dealer="1" win="251" bet="103" muck="0" rebuy="0" addon="0" merge="0" rebuychips="0" reg_code="5085171708"/>
<player seat="10" name="OFiorbe" chips="879" dealer="0" win="0" bet="879" muck="1" rebuy="0" addon="0" merge="0" rebuychips="0" reg_code="5085171818"/>
</players>
</general>
<round no="0"><action no="1" player="OFiorbe" type="15" discard="1" dealt="1" sum="5"/>
<action no="2" player="FanteDiDenari" type="15" discard="1" dealt="1" sum="5"/>
<action no="3" player="M1ky3ste92" type="15" sum="5"/>
<action no="4" player="OFiorbe" type="1" discard="1" dealt="1" sum="20"/>
<action no="5" player="FanteDiDenari" type="2" discard="1" dealt="1" sum="40"/>
</round>
<round no="1"><cards type="Pocket" player="FanteDiDenari">X X</cards>
<cards type="Pocket" player="OFiorbe">D10 SK</cards>
<cards type="Pocket" player="M1ky3ste92">SA DK</cards>
<action no="6" player="M1ky3ste92" type="23" sum="98"/>
<action no="7" player="OFiorbe" type="23" discard="1" dealt="1" sum="874"/>
<action no="8" player="FanteDiDenari" type="0" discard="1" dealt="1" sum="0"/>
</round>
<round no="2"><cards type="Flop">H2 CQ C6</cards>
</round>
<round no="3"><cards type="Turn">H7</cards>
</round>
<round no="4"><cards type="River">D2</cards>
</round>
</game>
<game gamecode="6577850232"><general>
<startdate>2025-12-31 15:10:52</startdate>
<round>1</round>
<failsafecounter/>
<players><player seat="6" name="M1ky3ste92" chips="251" dealer="0" win="253" bet="251" muck="0" rebuy="0" addon="0" merge="0" rebuychips="0" reg_code="5085171708"/>
<player seat="10" name="OFiorbe" chips="776" dealer="1" win="0" bet="5" muck="1" rebuy="0" addon="0" merge="0" rebuychips="0" reg_code="5085171818"/>
<player seat="3" name="FanteDiDenari" chips="473" dealer="0" win="254" bet="473" muck="0" rebuy="0" addon="0" merge="0" rebuychips="0" reg_code="5085171282"/>
</players>
</general>
<round no="0"><action no="1" player="FanteDiDenari" type="15" discard="1" dealt="1" sum="5"/>
<action no="2" player="M1ky3ste92" type="15" sum="5"/>
<action no="3" player="OFiorbe" type="15" discard="1" dealt="1" sum="5"/>
<action no="4" player="FanteDiDenari" type="1" discard="1" dealt="1" sum="20"/>
<action no="5" player="M1ky3ste92" type="2" sum="40"/>
</round>
<round no="1"><cards type="Pocket" player="M1ky3ste92">SA H6</cards>
<cards type="Pocket" player="OFiorbe">X X</cards>
<cards type="Pocket" player="FanteDiDenari">D6 HA</cards>
<action no="6" player="OFiorbe" type="0" discard="1" dealt="1" sum="0"/>
<action no="7" player="FanteDiDenari" type="23" discard="1" dealt="1" sum="468"/>
<action no="8" player="M1ky3ste92" type="7" sum="206"/>
</round>
<round no="2"><cards type="Flop">DJ D9 HQ</cards>
</round>
<round no="3"><cards type="Turn">D4</cards>
</round>
<round no="4"><cards type="River">S7</cards>
</round>
</game>
<game gamecode="6577850295"><general>
<startdate>2025-12-31 15:11:10</startdate>
<round>1</round>
<failsafecounter/>
<players><player seat="10" name="OFiorbe" chips="771" dealer="0" win="511" bet="253" muck="0" rebuy="0" addon="0" merge="0" rebuychips="0" reg_code="5085171818"/>
<player seat="3" name="FanteDiDenari" chips="476" dealer="1" win="0" bet="5" muck="1" rebuy="0" addon="0" merge="0" rebuychips="0" reg_code="5085171282"/>
<player seat="6" name="M1ky3ste92" chips="253" dealer="0" win="0" bet="253" muck="0" rebuy="0" addon="0" merge="0" rebuychips="0" reg_code="5085171708"/>
</players>
</general>
<round no="0"><action no="1" player="M1ky3ste92" type="15" sum="5"/>
<action no="2" player="OFiorbe" type="15" discard="1" dealt="1" sum="5"/>
<action no="3" player="FanteDiDenari" type="15" discard="1" dealt="1" sum="5"/>
<action no="4" player="M1ky3ste92" type="1" sum="30"/>
<action no="5" player="OFiorbe" type="2" discard="1" dealt="1" sum="60"/>
</round>
<round no="1"><cards type="Pocket" player="FanteDiDenari">X X</cards>
<cards type="Pocket" player="OFiorbe">D2 DQ</cards>
<cards type="Pocket" player="M1ky3ste92">C9 S3</cards>
<action no="6" player="FanteDiDenari" type="0" discard="1" dealt="1" sum="0"/>
<action no="7" player="M1ky3ste92" type="23" sum="248"/>
<action no="8" player="OFiorbe" type="3" discard="1" dealt="1" sum="188"/>
</round>
<round no="2"><cards type="Flop">D3 DA S7</cards>
</round>
<round no="3"><cards type="Turn">S5</cards>
</round>
<round no="4"><cards type="River">SQ</cards>
</round>
</game>
</session>
