<?xml version="1.0" encoding="UTF-8"?>
<session sessioncode="5085466635">
<general>
<client_version>24.7.1.18</client_version>
<mode>real</mode>
<gametype>Holdem NL</gametype>
<tablename>Twister €100 SNG, 825341264</tablename>
<tournamentcode>825341262</tournamentcode>
<tournamentname>Twister €100 SNG</tournamentname>
<buyin>€0 + €7 + €93</buyin>
<totalbuyin>€100</totalbuyin>
<rewarddrawn>€400</rewarddrawn>
<tournamentcurrency>EUR</tournamentcurrency>
<currency>EUR</currency>
<nickname>M1ky3ste92</nickname>
<gamecount>21</gamecount>
<startdate>2026-01-01 17:56:28</startdate>
<place>3</place>
<win>€0</win>
<tablesize>3</tablesize>
</general>
<game gamecode="6578999541"><general>
<startdate>2026-01-01 17:56:43</startdate>
<round>1</round>
<failsafecounter/>
<players><player seat="6" name="M1ky3ste92" chips="500" dealer="0" win="0" bet="20" muck="1" rebuy="0" addon="0" merge="0" rebuychips="0" reg_code="5085466635"/>
<player seat="10" name="Fratmsksksjs" chips="500" dealer="1" win="0" bet="20" muck="1" rebuy="0" addon="0" merge="0" rebuychips="0" reg_code="5085467685"/>
<player seat="3" name="bayernciappy2020" chips="500" dealer="0" win="60" bet="40" muck="1" rebuy="0" addon="0" merge="0" rebuychips="0" reg_code="5085466488"/>
</players>
</general>
<round no="0"><action no="1" player="bayernciappy2020" type="1" discard="1" dealt="1" sum="10"/>
<action no="2" player="M1ky3ste92" type="2" sum="20"/>
</round>
<round no="1"><cards type="Pocket" player="M1ky3ste92">S2 D7</cards>
<cards type="Pocket" player="bayernciappy2020">X X</cards>
<cards type="Pocket" player="Fratmsksksjs">X X</cards>
<action no="3" player="Fratmsksksjs" type="3" discard="1" dealt="1" sum="20"/>
<action no="4" player="bayernciappy2020" type="3" discard="1" dealt="1" sum="10"/>
<action no="5" player="M1ky3ste92" type="4" sum="0"/>
</round>
<round no="2"><cards type="Flop">SK S3 C9</cards>
<action no="6" player="bayernciappy2020" type="4" discard="1" dealt="1" sum="0"/>
<action no="7" player="M1ky3ste92" type="4" sum="0"/>
<action no="8" player="Fratmsksksjs" type="4" discard="1" dealt="1" sum="0"/>
</round>
<round no="3"><cards type="Turn">D3</cards>
<action no="9" player="bayernciappy2020" type="5" discard="1" dealt="1" sum="20"/>
<action no="10" player="M1ky3ste92" type="0" sum="0"/>
<action no="11" player="Fratmsksksjs" type="0" discard="1" dealt="1" sum="0"/>
</round>
</game>
<game gamecode="6578999656"><general>
<startdate>2026-01-01 17:57:01</startdate>
<round>1</round>
<failsafecounter/>
<players><player seat="10" name="Fratmsksksjs" chips="480" dealer="0" win="0" bet="50" muck="1" rebuy="0" addon="0" merge="0" rebuychips="0" reg_code="5085467685"/>
<player seat="3" name="bayernciappy2020" chips="540" dealer="1" win="0" bet="20" muck="1" rebuy="0" addon="0" merge="0" rebuychips="0" reg_code="5085466488"/>
<player seat="6" name="M1ky3ste92" chips="480" dealer="0" win="120" bet="134" muck="1" rebuy="0" addon="0" merge="0" rebuychips="0" reg_code="5085466635"/>
</players>
</general>
<round no="0"><action no="1" player="M1ky3ste92" type="1" sum="10"/>
<action no="2" player="Fratmsksksjs" type="2" discard="1" dealt="1" sum="20"/>
</round>
<round no="1"><cards type="Pocket" player="bayernciappy2020">X X</cards>
<cards type="Pocket" player="Fratmsksksjs">X X</cards>
<cards type="Pocket" player="M1ky3ste92">HK C9</cards>
<action no="3" player="bayernciappy2020" type="3" discard="1" dealt="1" sum="20"/>
<action no="4" player="M1ky3ste92" type="3" sum="10"/>
<action no="5" player="Fratmsksksjs" type="4" discard="1" dealt="1" sum="0"/>
</round>
<round no="2"><cards type="Flop">CQ CK D9</cards>
<action no="6" player="M1ky3ste92" type="4" sum="0"/>
<action no="7" player="Fratmsksksjs" type="4" discard="1" dealt="1" sum="0"/>
<action no="8" player="bayernciappy2020" type="4" discard="1" dealt="1" sum="0"/>
</round>
<round no="3"><cards type="Turn">D7</cards>
<action no="9" player="M1ky3ste92" type="5" sum="30"/>
<action no="10" player="Fratmsksksjs" type="3" discard="1" dealt="1" sum="30"/>
<action no="11" player="bayernciappy2020" type="0" discard="1" dealt="1" sum="0"/>
</round>
<round no="4"><cards type="River">C8</cards>
<action no="12" player="M1ky3ste92" type="5" sum="84"/>
<action no="13" player="Fratmsksksjs" type="0" discard="1" dealt="1" sum="0"/>
</round>
</game>
<game gamecode="6578999864"><general>
<startdate>2026-01-01 17:57:29</startdate>
<round>1</round>
<failsafecounter/>
<players><player seat="3" name="bayernciappy2020" chips="520" dealer="0" win="40" bet="40" muck="1" rebuy="0" addon="0" merge="0" rebuychips="0" reg_code="5085466488"/>
<player seat="6" name="M1ky3ste92" chips="550" dealer="1" win="0" bet="0" muck="1" rebuy="0" addon="0" merge="0" rebuychips="0" reg_code="5085466635"/>
<player seat="10" name="Fratmsksksjs" chips="430" dealer="0" win="0" bet="20" muck="1" rebuy="0" addon="0" merge="0" rebuychips="0" reg_code="5085467685"/>
</players>
</general>
<round no="0"><action no="1" player="Fratmsksksjs" type="1" discard="1" dealt="1" sum="10"/>
<action no="2" player="bayernciappy2020" type="2" discard="1" dealt="1" sum="20"/>
</round>
<round no="1"><cards type="Pocket" player="M1ky3ste92">CJ S7</cards>
<cards type="Pocket" player="bayernciappy2020">X X</cards>
<cards type="Pocket" player="Fratmsksksjs">X X</cards>
<action no="3" player="M1ky3ste92" type="0" sum="0"/>
<action no="4" player="Fratmsksksjs" type="3" discard="1" dealt="1" sum="10"/>
<action no="5" player="bayernciappy2020" type="4" discard="1" dealt="1" sum="0"/>
</round>
<round no="2"><cards type="Flop">C2 SQ C10</cards>
<action no="6" player="Fratmsksksjs" type="4" discard="1" dealt="1" sum="0"/>
<action no="7" player="bayernciappy2020" type="5" discard="1" dealt="1" sum="20"/>
<action no="8" player="Fratmsksksjs" type="0" discard="1" dealt="1" sum="0"/>
</round>
</game>
<game gamecode="6578999957"><general>
<startdate>2026-01-01 17:57:43</startdate>
<round>1</round>
<failsafecounter/>
<players><player seat="6" name="M1ky3ste92" chips="550" dealer="0" win="0" bet="20" muck="1" rebuy="0" addon="0" merge="0" rebuychips="0" reg_code="5085466635"/>
<player seat="10" name="Fratmsksksjs" chips="410" dealer="1" win="0" bet="140" muck="1" rebuy="0" addon="0" merge="0" rebuychips="0" reg_code="5085467685"/>
<player seat="3" name="bayernciappy2020" chips="540" dealer="0" win="300" bet="140" muck="0" rebuy="0" addon="0" merge="0" rebuychips="0" reg_code="5085466488"/>
</players>
</general>
<round no="0"><action no="1" player="bayernciappy2020" type="1" discard="1" dealt="1" sum="10"/>
<action no="2" player="M1ky3ste92" type="2" sum="20"/>
</round>
<round no="1"><cards type="Pocket" player="M1ky3ste92">C6 S5</cards>
<cards type="Pocket" player="Fratmsksksjs">S7 CJ</cards>
<cards type="Pocket" player="bayernciappy2020">CA D7</cards>
<action no="3" player="Fratmsksksjs" type="3" discard="1" dealt="1" sum="20"/>
<action no="4" player="bayernciappy2020" type="3" discard="1" dealt="1" sum="10"/>
<action no="5" player="M1ky3ste92" type="4" sum="0"/>
</round>
<round no="2"><cards type="Flop">SK DJ S2</cards>
<action no="6" player="bayernciappy2020" type="4" discard="1" dealt="1" sum="0"/>
<action no="7" player="M1ky3ste92" type="4" sum="0"/>
<action no="8" player="Fratmsksksjs" type="4" discard="1" dealt="1" sum="0"/>
</round>
<round no="3"><cards type="Turn">DA</cards>
<action no="9" player="bayernciappy2020" type="5" discard="1" dealt="1" sum="20"/>
<action no="10" player="M1ky3ste92" type="0" sum="0"/>
<action no="11" player="Fratmsksksjs" type="23" discard="1" dealt="1" sum="120"/>
<action no="12" player="bayernciappy2020" type="3" discard="1" dealt="1" sum="100"/>
</round>
<round no="4"><cards type="River">S4</cards>
<action no="13" player="bayernciappy2020" type="4" discard="1" dealt="1" sum="0"/>
<action no="14" player="Fratmsksksjs" type="4" discard="1" dealt="1" sum="0"/>
</round>
</game>
<game gamecode="6579000178"><general>
<startdate>2026-01-01 17:58:15</startdate>
<round>1</round>
<failsafecounter/>
<players><player seat="10" name="Fratmsksksjs" chips="270" dealer="0" win="0" bet="40" muck="1" rebuy="0" addon="0" merge="0" rebuychips="0" reg_code="5085467685"/>
<player seat="3" name="bayernciappy2020" chips="700" dealer="1" win="0" bet="0" muck="1" rebuy="0" addon="0" merge="0" rebuychips="0" reg_code="5085466488"/>
<player seat="6" name="M1ky3ste92" chips="530" dealer="0" win="80" bet="40" muck="0" rebuy="0" addon="0" merge="0" rebuychips="0" reg_code="5085466635"/>
</players>
</general>
<round no="0"><action no="1" player="M1ky3ste92" type="1" sum="10"/>
<action no="2" player="Fratmsksksjs" type="2" discard="1" dealt="1" sum="20"/>
</round>
<round no="1"><cards type="Pocket" player="bayernciappy2020">X X</cards>
<cards type="Pocket" player="M1ky3ste92">D5 S6</cards>
<cards type="Pocket" player="Fratmsksksjs">S7 CK</cards>
<action no="3" player="bayernciappy2020" type="0" discard="1" dealt="1" sum="0"/>
<action no="4" player="M1ky3ste92" type="3" sum="10"/>
<action no="5" player="Fratmsksksjs" type="4" discard="1" dealt="1" sum="0"/>
</round>
<round no="2"><cards type="Flop">C5 H4 DA</cards>
<action no="6" player="M1ky3ste92" type="4" sum="0"/>
<action no="7" player="Fratmsksksjs" type="4" discard="1" dealt="1" sum="0"/>
</round>
<round no="3"><cards type="Turn">D9</cards>
<action no="8" player="M1ky3ste92" type="4" sum="0"/>
<action no="9" player="Fratmsksksjs" type="5" discard="1" dealt="1" sum="20"/>
<action no="10" player="M1ky3ste92" type="3" sum="20"/>
</round>
<round no="4"><cards type="River">CJ</cards>
<action no="11" player="M1ky3ste92" type="4" sum="0"/>
<action no="12" player="Fratmsksksjs" type="4" discard="1" dealt="1" sum="0"/>
</round>
</game>
<game gamecode="6579000315"><general>
<startdate>2026-01-01 17:58:36</startdate>
<round>1</round>
<failsafecounter/>
<players><player seat="3" name="bayernciappy2020" chips="700" dealer="0" win="40" bet="60" muck="1" rebuy="0" addon="0" merge="0" rebuychips="0" reg_code="5085466488"/>
<player seat="6" name="M1ky3ste92" chips="570" dealer="1" win="0" bet="0" muck="1" rebuy="0" addon="0" merge="0" rebuychips="0" reg_code="5085466635"/>
<player seat="10" name="Fratmsksksjs" chips="230" dealer="0" win="0" bet="20" muck="1" rebuy="0" addon="0" merge="0" rebuychips="0" reg_code="5085467685"/>
</players>
</general>
<round no="0"><action no="1" player="Fratmsksksjs" type="1" discard="1" dealt="1" sum="10"/>
<action no="2" player="bayernciappy2020" type="2" discard="1" dealt="1" sum="20"/>
</round>
<round no="1"><cards type="Pocket" player="M1ky3ste92">S8 D10</cards>
<cards type="Pocket" player="Fratmsksksjs">X X</cards>
<cards type="Pocket" player="bayernciappy2020">X X</cards>
<action no="3" player="M1ky3ste92" type="0" sum="0"/>
<action no="4" player="Fratmsksksjs" type="3" discard="1" dealt="1" sum="10"/>
<action no="5" player="bayernciappy2020" type="4" discard="1" dealt="1" sum="0"/>
</round>
<round no="2"><cards type="Flop">S7 H9 HA</cards>
<action no="6" player="Fratmsksksjs" type="4" discard="1" dealt="1" sum="0"/>
<action no="7" player="bayernciappy2020" type="5" discard="1" dealt="1" sum="40"/>
<action no="8" player="Fratmsksksjs" type="0" discard="1" dealt="1" sum="0"/>
</round>
</game>
<game gamecode="6579000432"><general>
<startdate>2026-01-01 17:58:51</startdate>
<round>1</round>
<failsafecounter/>
<players><player seat="6" name="M1ky3ste92" chips="570" dealer="0" win="45" bet="35" muck="1" rebuy="0" addon="0" merge="0" rebuychips="0" reg_code="5085466635"/>
<player seat="10" name="Fratmsksksjs" chips="210" dealer="1" win="0" bet="5" muck="1" rebuy="0" addon="0" merge="0" rebuychips="0" reg_code="5085467685"/>
<player seat="3" name="bayernciappy2020" chips="720" dealer="0" win="0" bet="20" muck="1" rebuy="0" addon="0" merge="0" rebuychips="0" reg_code="5085466488"/>
</players>
</general>
<round no="0"><action no="1" player="bayernciappy2020" type="15" discard="1" dealt="1" sum="5"/>
<action no="2" player="M1ky3ste92" type="15" sum="5"/>
<action no="3" player="Fratmsksksjs" type="15" discard="1" dealt="1" sum="5"/>
<action no="4" player="bayernciappy2020" type="1" discard="1" dealt="1" sum="15"/>
<action no="5" player="M1ky3ste92" type="2" sum="30"/>
</round>
<round no="1"><cards type="Pocket" player="M1ky3ste92">S2 DK</cards>
<cards type="Pocket" player="bayernciappy2020">X X</cards>
<cards type="Pocket" player="Fratmsksksjs">X X</cards>
<action no="6" player="Fratmsksksjs" type="0" discard="1" dealt="1" sum="0"/>
<action no="7" player="bayernciappy2020" type="0" discard="1" dealt="1" sum="0"/>
</round>
</game>
<game gamecode="6579004005"><general>
<startdate>2026-01-01 17:58:58</startdate>
<round>1</round>
<failsafecounter/>
<players><player seat="10" name="Fratmsksksjs" chips="205" dealer="0" win="105" bet="125" muck="1" rebuy="0" addon="0" merge="0" rebuychips="0" reg_code="5085467685"/>
<player seat="3" name="bayernciappy2020" chips="700" dealer="1" win="0" bet="35" muck="1" rebuy="0" addon="0" merge="0" rebuychips="0" reg_code="5085466488"/>
<player seat="6" name="M1ky3ste92" chips="595" dealer="0" win="0" bet="35" muck="1" rebuy="0" addon="0" merge="0" rebuychips="0" reg_code="5085466635"/>
</players>
</general>
<round no="0"><action no="1" player="M1ky3ste92" type="15" sum="5"/>
<action no="2" player="Fratmsksksjs" type="15" discard="1" dealt="1" sum="5"/>
<action no="3" player="bayernciappy2020" type="15" discard="1" dealt="1" sum="5"/>
<action no="4" player="M1ky3ste92" type="1" sum="15"/>
<action no="5" player="Fratmsksksjs" type="2" discard="1" dealt="1" sum="30"/>
</round>
<round no="1"><cards type="Pocket" player="Fratmsksksjs">X X</cards>
<cards type="Pocket" player="M1ky3ste92">S8 HQ</cards>
<cards type="Pocket" player="bayernciappy2020">X X</cards>
<action no="6" player="bayernciappy2020" type="3" discard="1" dealt="1" sum="30"/>
<action no="7" player="M1ky3ste92" type="3" sum="15"/>
<action no="8" player="Fratmsksksjs" type="23" discard="1" dealt="1" sum="120"/>
<action no="9" player="bayernciappy2020" type="0" discard="1" dealt="1" sum="0"/>
<action no="10" player="M1ky3ste92" type="0" sum="0"/>
</round>
</game>
<game gamecode="6579004118"><general>
<startdate>2026-01-01 17:59:15</startdate>
<round>1</round>
<failsafecounter/>
<players><player seat="3" name="bayernciappy2020" chips="665" dealer="0" win="0" bet="35" muck="1" rebuy="0" addon="0" merge="0" rebuychips="0" reg_code="5085466488"/>
<player seat="6" name="M1ky3ste92" chips="560" dealer="1" win="0" bet="5" muck="1" rebuy="0" addon="0" merge="0" rebuychips="0" reg_code="5085466635"/>
<player seat="10" name="Fratmsksksjs" chips="275" dealer="0" win="75" bet="125" muck="1" rebuy="0" addon="0" merge="0" rebuychips="0" reg_code="5085467685"/>
</players>
</general>
<round no="0"><action no="1" player="Fratmsksksjs" type="15" discard="1" dealt="1" sum="5"/>
<action no="2" player="bayernciappy2020" type="15" discard="1" dealt="1" sum="5"/>
<action no="3" player="M1ky3ste92" type="15" sum="5"/>
<action no="4" player="Fratmsksksjs" type="1" discard="1" dealt="1" sum="15"/>
<action no="5" player="bayernciappy2020" type="2" discard="1" dealt="1" sum="30"/>
</round>
<round no="1"><cards type="Pocket" player="bayernciappy2020">X X</cards>
<cards type="Pocket" player="M1ky3ste92">S3 DJ</cards>
<cards type="Pocket" player="Fratmsksksjs">X X</cards>
<action no="6" player="M1ky3ste92" type="0" sum="0"/>
<action no="7" player="Fratmsksksjs" type="3" discard="1" dealt="1" sum="15"/>
<action no="8" player="bayernciappy2020" type="4" discard="1" dealt="1" sum="0"/>
</round>
<round no="2"><cards type="Flop">C7 SJ S7</cards>
<action no="9" player="Fratmsksksjs" type="5" discard="1" dealt="1" sum="90"/>
<action no="10" player="bayernciappy2020" type="0" discard="1" dealt="1" sum="0"/>
</round>
</game>
<game gamecode="6579004219"><general>
<startdate>2026-01-01 17:59:29</startdate>
<round>1</round>
<failsafecounter/>
<players><player seat="6" name="M1ky3ste92" chips="555" dealer="0" win="0" bet="35" muck="1" rebuy="0" addon="0" merge="0" rebuychips="0" reg_code="5085466635"/>
<player seat="10" name="Fratmsksksjs" chips="315" dealer="1" win="105" bet="140" muck="1" rebuy="0" addon="0" merge="0" rebuychips="0" reg_code="5085467685"/>
<player seat="3" name="bayernciappy2020" chips="630" dealer="0" win="0" bet="35" muck="1" rebuy="0" addon="0" merge="0" rebuychips="0" reg_code="5085466488"/>
</players>
</general>
<round no="0"><action no="1" player="bayernciappy2020" type="15" discard="1" dealt="1" sum="5"/>
<action no="2" player="M1ky3ste92" type="15" sum="5"/>
<action no="3" player="Fratmsksksjs" type="15" discard="1" dealt="1" sum="5"/>
<action no="4" player="bayernciappy2020" type="1" discard="1" dealt="1" sum="15"/>
<action no="5" player="M1ky3ste92" type="2" sum="30"/>
</round>
<round no="1"><cards type="Pocket" player="Fratmsksksjs">X X</cards>
<cards type="Pocket" player="M1ky3ste92">CQ S4</cards>
<cards type="Pocket" player="bayernciappy2020">X X</cards>
<action no="6" player="Fratmsksksjs" type="3" discard="1" dealt="1" sum="30"/>
<action no="7" player="bayernciappy2020" type="3" discard="1" dealt="1" sum="15"/>
<action no="8" player="M1ky3ste92" type="4" sum="0"/>
</round>
<round no="2"><cards type="Flop">H5 C2 H4</cards>
<action no="9" player="bayernciappy2020" type="4" discard="1" dealt="1" sum="0"/>
<action no="10" player="M1ky3ste92" type="4" sum="0"/>
<action no="11" player="Fratmsksksjs" type="5" discard="1" dealt="1" sum="105"/>
<action no="12" player="bayernciappy2020" type="0" discard="1" dealt="1" sum="0"/>
<action no="13" player="M1ky3ste92" type="0" sum="0"/>
</round>
</game>
<game gamecode="6579004334"><general>
<startdate>2026-01-01 17:59:45</startdate>
<round>1</round>
<failsafecounter/>
<players><player seat="10" name="Fratmsksksjs" chips="385" dealer="0" win="0" bet="35" muck="1" rebuy="0" addon="0" merge="0" rebuychips="0" reg_code="5085467685"/>
<player seat="3" name="bayernciappy2020" chips="595" dealer="1" win="90" bet="595" muck="1" rebuy="0" addon="0" merge="0" rebuychips="0" reg_code="5085466488"/>
<player seat="6" name="M1ky3ste92" chips="520" dealer="0" win="0" bet="20" muck="1" rebuy="0" addon="0" merge="0" rebuychips="0" reg_code="5085466635"/>
</players>
</general>
<round no="0"><action no="1" player="M1ky3ste92" type="15" sum="5"/>
<action no="2" player="Fratmsksksjs" type="15" discard="1" dealt="1" sum="5"/>
<action no="3" player="bayernciappy2020" type="15" discard="1" dealt="1" sum="5"/>
<action no="4" player="M1ky3ste92" type="1" sum="15"/>
<action no="5" player="Fratmsksksjs" type="2" discard="1" dealt="1" sum="30"/>
</round>
<round no="1"><cards type="Pocket" player="bayernciappy2020">X X</cards>
<cards type="Pocket" player="M1ky3ste92">S8 S4</cards>
<cards type="Pocket" player="Fratmsksksjs">X X</cards>
<action no="6" player="bayernciappy2020" type="23" discard="1" dealt="1" sum="590"/>
<action no="7" player="M1ky3ste92" type="0" sum="0"/>
<action no="8" player="Fratmsksksjs" type="0" discard="1" dealt="1" sum="0"/>
</round>
</game>
<game gamecode="6579004398"><general>
<startdate>2026-01-01 17:59:54</startdate>
<round>1</round>
<failsafecounter/>
<players><player seat="3" name="bayernciappy2020" chips="650" dealer="0" win="0" bet="65" muck="1" rebuy="0" addon="0" merge="0" rebuychips="0" reg_code="5085466488"/>
<player seat="6" name="M1ky3ste92" chips="500" dealer="1" win="0" bet="65" muck="1" rebuy="0" addon="0" merge="0" rebuychips="0" reg_code="5085466635"/>
<player seat="10" name="Fratmsksksjs" chips="350" dealer="0" win="195" bet="350" muck="1" rebuy="0" addon="0" merge="0" rebuychips="0" reg_code="5085467685"/>
</players>
</general>
<round no="0"><action no="1" player="Fratmsksksjs" type="15" discard="1" dealt="1" sum="5"/>
<action no="2" player="bayernciappy2020" type="15" discard="1" dealt="1" sum="5"/>
<action no="3" player="M1ky3ste92" type="15" sum="5"/>
<action no="4" player="Fratmsksksjs" type="1" discard="1" dealt="1" sum="15"/>
<action no="5" player="bayernciappy2020" type="2" discard="1" dealt="1" sum="30"/>
</round>
<round no="1"><cards type="Pocket" player="bayernciappy2020">X X</cards>
<cards type="Pocket" player="M1ky3ste92">H9 SK</cards>
<cards type="Pocket" player="Fratmsksksjs">X X</cards>
<action no="6" player="M1ky3ste92" type="23" sum="60"/>
<action no="7" player="Fratmsksksjs" type="3" discard="1" dealt="1" sum="45"/>
<action no="8" player="bayernciappy2020" type="3" discard="1" dealt="1" sum="30"/>
</round>
<round no="2"><cards type="Flop">H7 D10 S8</cards>
<action no="9" player="Fratmsksksjs" type="5" discard="1" dealt="1" sum="285"/>
<action no="10" player="bayernciappy2020" type="0" discard="1" dealt="1" sum="0"/>
<action no="11" player="M1ky3ste92" type="0" sum="0"/>
</round>
</game>
<game gamecode="6579004552"><general>
<startdate>2026-01-01 18:00:16</startdate>
<round>1</round>
<failsafecounter/>
<players><player seat="6" name="M1ky3ste92" chips="435" dealer="0" win="75" bet="125" muck="1" rebuy="0" addon="0" merge="0" rebuychips="0" reg_code="5085466635"/>
<player seat="10" name="Fratmsksksjs" chips="480" dealer="1" win="0" bet="5" muck="1" rebuy="0" addon="0" merge="0" rebuychips="0" reg_code="5085467685"/>
<player seat="3" name="bayernciappy2020" chips="585" dealer="0" win="0" bet="35" muck="1" rebuy="0" addon="0" merge="0" rebuychips="0" reg_code="5085466488"/>
</players>
</general>
<round no="0"><action no="1" player="bayernciappy2020" type="15" discard="1" dealt="1" sum="5"/>
<action no="2" player="M1ky3ste92" type="15" sum="5"/>
<action no="3" player="Fratmsksksjs" type="15" discard="1" dealt="1" sum="5"/>
<action no="4" player="bayernciappy2020" type="1" discard="1" dealt="1" sum="15"/>
<action no="5" player="M1ky3ste92" type="2" sum="30"/>
</round>
<round no="1"><cards type="Pocket" player="Fratmsksksjs">X X</cards>
<cards type="Pocket" player="bayernciappy2020">X X</cards>
<cards type="Pocket" player="M1ky3ste92">CK HA</cards>
<action no="6" player="Fratmsksksjs" type="0" discard="1" dealt="1" sum="0"/>
<action no="7" player="bayernciappy2020" type="3" discard="1" dealt="1" sum="15"/>
<action no="8" player="M1ky3ste92" type="23" sum="120"/>
<action no="9" player="bayernciappy2020" type="0" discard="1" dealt="1" sum="0"/>
</round>
</game>
<game gamecode="6579004631"><general>
<startdate>2026-01-01 18:00:28</startdate>
<round>1</round>
<failsafecounter/>
<players><player seat="10" name="Fratmsksksjs" chips="475" dealer="0" win="0" bet="35" muck="1" rebuy="0" addon="0" merge="0" rebuychips="0" reg_code="5085467685"/>
<player seat="3" name="bayernciappy2020" chips="550" dealer="1" win="0" bet="5" muck="1" rebuy="0" addon="0" merge="0" rebuychips="0" reg_code="5085466488"/>
<player seat="6" name="M1ky3ste92" chips="475" dealer="0" win="75" bet="110" muck="1" rebuy="0" addon="0" merge="0" rebuychips="0" reg_code="5085466635"/>
</players>
</general>
<round no="0"><action no="1" player="M1ky3ste92" type="15" sum="5"/>
<action no="2" player="Fratmsksksjs" type="15" discard="1" dealt="1" sum="5"/>
<action no="3" player="bayernciappy2020" type="15" discard="1" dealt="1" sum="5"/>
<action no="4" player="M1ky3ste92" type="1" sum="15"/>
<action no="5" player="Fratmsksksjs" type="2" discard="1" dealt="1" sum="30"/>
</round>
<round no="1"><cards type="Pocket" player="Fratmsksksjs">X X</cards>
<cards type="Pocket" player="M1ky3ste92">H2 H7</cards>
<cards type="Pocket" player="bayernciappy2020">X X</cards>
<action no="6" player="bayernciappy2020" type="0" discard="1" dealt="1" sum="0"/>
<action no="7" player="M1ky3ste92" type="3" sum="15"/>
<action no="8" player="Fratmsksksjs" type="4" discard="1" dealt="1" sum="0"/>
</round>
<round no="2"><cards type="Flop">D9 CA S2</cards>
<action no="9" player="M1ky3ste92" type="4" sum="0"/>
<action no="10" player="Fratmsksksjs" type="4" discard="1" dealt="1" sum="0"/>
</round>
<round no="3"><cards type="Turn">H10</cards>
<action no="11" player="M1ky3ste92" type="4" sum="0"/>
<action no="12" player="Fratmsksksjs" type="4" discard="1" dealt="1" sum="0"/>
</round>
<round no="4"><cards type="River">C7</cards>
<action no="13" player="M1ky3ste92" type="5" sum="75"/>
<action no="14" player="Fratmsksksjs" type="0" discard="1" dealt="1" sum="0"/>
</round>
</game>
<game gamecode="6579004737"><general>
<startdate>2026-01-01 18:00:43</startdate>
<round>1</round>
<failsafecounter/>
<players><player seat="3" name="bayernciappy2020" chips="545" dealer="0" win="0" bet="545" muck="0" rebuy="0" addon="0" merge="0" rebuychips="0" reg_code="5085466488"/>
<player seat="6" name="M1ky3ste92" chips="515" dealer="1" win="0" bet="5" muck="1" rebuy="0" addon="0" merge="0" rebuychips="0" reg_code="5085466635"/>
<player seat="10" name="Fratmsksksjs" chips="440" dealer="0" win="885" bet="440" muck="0" rebuy="0" addon="0" merge="0" rebuychips="0" reg_code="5085467685"/>
</players>
</general>
<round no="0"><action no="1" player="Fratmsksksjs" type="15" discard="1" dealt="1" sum="5"/>
<action no="2" player="bayernciappy2020" type="15" discard="1" dealt="1" sum="5"/>
<action no="3" player="M1ky3ste92" type="15" sum="5"/>
<action no="4" player="Fratmsksksjs" type="1" discard="1" dealt="1" sum="20"/>
<action no="5" player="bayernciappy2020" type="2" discard="1" dealt="1" sum="40"/>
</round>
<round no="1"><cards type="Pocket" player="M1ky3ste92">D7 HK</cards>
<cards type="Pocket" player="bayernciappy2020">C6 SK</cards>
<cards type="Pocket" player="Fratmsksksjs">DA DK</cards>
<action no="6" player="M1ky3ste92" type="0" sum="0"/>
<action no="7" player="Fratmsksksjs" type="3" discard="1" dealt="1" sum="20"/>
<action no="8" player="bayernciappy2020" type="23" discard="1" dealt="1" sum="540"/>
<action no="9" player="Fratmsksksjs" type="7" discard="1" dealt="1" sum="395"/>
</round>
<round no="2"><cards type="Flop">D5 C2 D2</cards>
</round>
<round no="3"><cards type="Turn">DJ</cards>
</round>
<round no="4"><cards type="River">H5</cards>
</round>
</game>
<game gamecode="6579004879"><general>
<startdate>2026-01-01 18:01:02</startdate>
<round>1</round>
<failsafecounter/>
<players><player seat="6" name="M1ky3ste92" chips="510" dealer="0" win="0" bet="45" muck="1" rebuy="0" addon="0" merge="0" rebuychips="0" reg_code="5085466635"/>
<player seat="10" name="Fratmsksksjs" chips="885" dealer="1" win="0" bet="165" muck="0" rebuy="0" addon="0" merge="0" rebuychips="0" reg_code="5085467685"/>
<player seat="3" name="bayernciappy2020" chips="105" dealer="0" win="255" bet="105" muck="0" rebuy="0" addon="0" merge="0" rebuychips="0" reg_code="5085466488"/>
</players>
</general>
<round no="0"><action no="1" player="bayernciappy2020" type="15" discard="1" dealt="1" sum="5"/>
<action no="2" player="M1ky3ste92" type="15" sum="5"/>
<action no="3" player="Fratmsksksjs" type="15" discard="1" dealt="1" sum="5"/>
<action no="4" player="bayernciappy2020" type="1" discard="1" dealt="1" sum="20"/>
<action no="5" player="M1ky3ste92" type="2" sum="40"/>
</round>
<round no="1"><cards type="Pocket" player="M1ky3ste92">DJ S8</cards>
<cards type="Pocket" player="Fratmsksksjs">S6 SK</cards>
<cards type="Pocket" player="bayernciappy2020">CA SJ</cards>
<action no="6" player="Fratmsksksjs" type="23" discard="1" dealt="1" sum="160"/>
<action no="7" player="bayernciappy2020" type="7" discard="1" dealt="1" sum="80"/>
<action no="8" player="M1ky3ste92" type="0" sum="0"/>
</round>
<round no="2"><cards type="Flop">D9 C9 S7</cards>
</round>
<round no="3"><cards type="Turn">H7</cards>
</round>
<round no="4"><cards type="River">S3</cards>
</round>
</game>
<game gamecode="6579005035"><general>
<startdate>2026-01-01 18:01:21</startdate>
<round>1</round>
<failsafecounter/>
<players><player seat="10" name="Fratmsksksjs" chips="780" dealer="0" win="0" bet="45" muck="1" rebuy="0" addon="0" merge="0" rebuychips="0" reg_code="5085467685"/>
<player seat="3" name="bayernciappy2020" chips="255" dealer="1" win="115" bet="255" muck="1" rebuy="0" addon="0" merge="0" rebuychips="0" reg_code="5085466488"/>
<player seat="6" name="M1ky3ste92" chips="465" dealer="0" win="0" bet="25" muck="1" rebuy="0" addon="0" merge="0" rebuychips="0" reg_code="5085466635"/>
</players>
</general>
<round no="0"><action no="1" player="M1ky3ste92" type="15" sum="5"/>
<action no="2" player="Fratmsksksjs" type="15" discard="1" dealt="1" sum="5"/>
<action no="3" player="bayernciappy2020" type="15" discard="1" dealt="1" sum="5"/>
<action no="4" player="M1ky3ste92" type="1" sum="20"/>
<action no="5" player="Fratmsksksjs" type="2" discard="1" dealt="1" sum="40"/>
</round>
<round no="1"><cards type="Pocket" player="bayernciappy2020">X X</cards>
<cards type="Pocket" player="M1ky3ste92">H5 SK</cards>
<cards type="Pocket" player="Fratmsksksjs">X X</cards>
<action no="6" player="bayernciappy2020" type="23" discard="1" dealt="1" sum="250"/>
<action no="7" player="M1ky3ste92" type="0" sum="0"/>
<action no="8" player="Fratmsksksjs" type="0" discard="1" dealt="1" sum="0"/>
</round>
</game>
<game gamecode="6579005091"><general>
<startdate>2026-01-01 18:01:30</startdate>
<round>1</round>
<failsafecounter/>
<players><player seat="3" name="bayernciappy2020" chips="325" dealer="0" win="675" bet="325" muck="0" rebuy="0" addon="0" merge="0" rebuychips="0" reg_code="5085466488"/>
<player seat="6" name="M1ky3ste92" chips="440" dealer="1" win="0" bet="440" muck="1" rebuy="0" addon="0" merge="0" rebuychips="0" reg_code="5085466635"/>
<player seat="10" name="Fratmsksksjs" chips="735" dealer="0" win="0" bet="25" muck="1" rebuy="0" addon="0" merge="0" rebuychips="0" reg_code="5085467685"/>
</players>
</general>
<round no="0"><action no="1" player="Fratmsksksjs" type="15" discard="1" dealt="1" sum="5"/>
<action no="2" player="bayernciappy2020" type="15" discard="1" dealt="1" sum="5"/>
<action no="3" player="M1ky3ste92" type="15" sum="5"/>
<action no="4" player="Fratmsksksjs" type="1" discard="1" dealt="1" sum="20"/>
<action no="5" player="bayernciappy2020" type="2" discard="1" dealt="1" sum="40"/>
</round>
<round no="1"><cards type="Pocket" player="Fratmsksksjs">X X</cards>
<cards type="Pocket" player="bayernciappy2020">SA DK</cards>
<cards type="Pocket" player="M1ky3ste92">C6 DA</cards>
<action no="6" player="M1ky3ste92" type="23" sum="435"/>
<action no="7" player="Fratmsksksjs" type="0" discard="1" dealt="1" sum="0"/>
<action no="8" player="bayernciappy2020" type="7" discard="1" dealt="1" sum="280"/>
</round>
<round no="2"><cards type="Flop">S4 C5 SJ</cards>
</round>
<round no="3"><cards type="Turn">H10</cards>
</round>
<round no="4"><cards type="River">C8</cards>
</round>
</game>
<game gamecode="6579005217"><general>
<startdate>2026-01-01 18:01:48</startdate>
<round>1</round>
<failsafecounter/>
<players><player seat="6" name="M1ky3ste92" chips="115" dealer="0" win="55" bet="45" muck="1" rebuy="0" addon="0" merge="0" rebuychips="0" reg_code="5085466635"/>
<player seat="10" name="Fratmsksksjs" chips="710" dealer="1" win="0" bet="5" muck="1" rebuy="0" addon="0" merge="0" rebuychips="0" reg_code="5085467685"/>
<player seat="3" name="bayernciappy2020" chips="675" dealer="0" win="0" bet="25" muck="1" rebuy="0" addon="0" merge="0" rebuychips="0" reg_code="5085466488"/>
</players>
</general>
<round no="0"><action no="1" player="bayernciappy2020" type="15" discard="1" dealt="1" sum="5"/>
<action no="2" player="M1ky3ste92" type="15" sum="5"/>
<action no="3" player="Fratmsksksjs" type="15" discard="1" dealt="1" sum="5"/>
<action no="4" player="bayernciappy2020" type="1" discard="1" dealt="1" sum="20"/>
<action no="5" player="M1ky3ste92" type="2" sum="40"/>
</round>
<round no="1"><cards type="Pocket" player="M1ky3ste92">D3 C9</cards>
<cards type="Pocket" player="bayernciappy2020">X X</cards>
<cards type="Pocket" player="Fratmsksksjs">X X</cards>
<action no="6" player="Fratmsksksjs" type="0" discard="1" dealt="1" sum="0"/>
<action no="7" player="bayernciappy2020" type="0" discard="1" dealt="1" sum="0"/>
</round>
</game>
<game gamecode="6579005281"><general>
<startdate>2026-01-01 18:01:57</startdate>
<round>1</round>
<failsafecounter/>
<players><player seat="10" name="Fratmsksksjs" chips="705" dealer="0" win="55" bet="45" muck="1" rebuy="0" addon="0" merge="0" rebuychips="0" reg_code="5085467685"/>
<player seat="3" name="bayernciappy2020" chips="650" dealer="1" win="0" bet="5" muck="1" rebuy="0" addon="0" merge="0" rebuychips="0" reg_code="5085466488"/>
<player seat="6" name="M1ky3ste92" chips="145" dealer="0" win="0" bet="25" muck="1" rebuy="0" addon="0" merge="0" rebuychips="0" reg_code="5085466635"/>
</players>
</general>
<round no="0"><action no="1" player="M1ky3ste92" type="15" sum="5"/>
<action no="2" player="Fratmsksksjs" type="15" discard="1" dealt="1" sum="5"/>
<action no="3" player="bayernciappy2020" type="15" discard="1" dealt="1" sum="5"/>
<action no="4" player="M1ky3ste92" type="1" sum="20"/>
<action no="5" player="Fratmsksksjs" type="2" discard="1" dealt="1" sum="40"/>
</round>
<round no="1"><cards type="Pocket" player="M1ky3ste92">D4 S7</cards>
<cards type="Pocket" player="Fratmsksksjs">X X</cards>
<cards type="Pocket" player="bayernciappy2020">X X</cards>
<action no="6" player="bayernciappy2020" type="0" discard="1" dealt="1" sum="0"/>
<action no="7" player="M1ky3ste92" type="0" sum="0"/>
</round>
</game>
<game gamecode="6579005356"><general>
<startdate>2026-01-01 18:02:08</startdate>
<round>1</round>
<failsafecounter/>
<players><player seat="3" name="bayernciappy2020" chips="645" dealer="0" win="0" bet="45" muck="1" rebuy="0" addon="0" merge="0" rebuychips="0" reg_code="5085466488"/>
<player seat="6" name="M1ky3ste92" chips="120" dealer="1" win="0" bet="120" muck="0" rebuy="0" addon="0" merge="0" rebuychips="0" reg_code="5085466635"/>
<player seat="10" name="Fratmsksksjs" chips="735" dealer="0" win="285" bet="120" muck="0" rebuy="0" addon="0" merge="0" rebuychips="0" reg_code="5085467685"/>
</players>
</general>
<round no="0"><action no="1" player="Fratmsksksjs" type="15" discard="1" dealt="1" sum="5"/>
<action no="2" player="bayernciappy2020" type="15" discard="1" dealt="1" sum="5"/>
<action no="3" player="M1ky3ste92" type="15" sum="5"/>
<action no="4" player="Fratmsksksjs" type="1" discard="1" dealt="1" sum="20"/>
<action no="5" player="bayernciappy2020" type="2" discard="1" dealt="1" sum="40"/>
</round>
<round no="1"><cards type="Pocket" player="Fratmsksksjs">D6 DJ</cards>
<cards type="Pocket" player="M1ky3ste92">C4 CK</cards>
<cards type="Pocket" player="bayernciappy2020">X X</cards>
<action no="6" player="M1ky3ste92" type="23" sum="115"/>
<action no="7" player="Fratmsksksjs" type="3" discard="1" dealt="1" sum="95"/>
<action no="8" player="bayernciappy2020" type="0" discard="1" dealt="1" sum="0"/>
</round>
<round no="2"><cards type="Flop">CJ S8 H9</cards>
</round>
<round no="3"><cards type="Turn">S4</cards>
</round>
<round no="4"><cards type="River">H5</cards>
</round>
</game>
</session>
