<?xml version="1.0" encoding="UTF-8"?>
<session sessioncode="5085042031">
<general>
<client_version>25.7.1.50</client_version>
<mode>real</mode>
<gametype>Holdem NL</gametype>
<tablename>Twister €100 SNG, 825207893</tablename>
<tournamentcode>825207892</tournamentcode>
<tournamentname>Twister €100 SNG</tournamentname>
<buyin>€0 + €7 + €93</buyin>
<totalbuyin>€100</totalbuyin>
<rewarddrawn>€400</rewarddrawn>
<tournamentcurrency>EUR</tournamentcurrency>
<currency>EUR</currency>
<nickname>M1ky3ste92</nickname>
<gamecount>7</gamecount>
<startdate>2025-12-31 00:05:28</startdate>
<place>3</place>
<win>€0</win>
<tablesize>3</tablesize>
</general>
<game gamecode="6577281218"><general>
<startdate>2025-12-31 00:05:43</startdate>
<round>1</round>
<failsafecounter/>
<players><player seat="3" name="M1ky3ste92" chips="500" dealer="0" win="40" bet="20" muck="0" rebuy="0" addon="0" merge="0" rebuychips="0" reg_code="5085042031"/>
<player seat="6" name="Svboys1908Sv" chips="500" dealer="1" win="0" bet="0" muck="1" rebuy="0" addon="0" merge="0" rebuychips="0" reg_code="5085043134"/>
<player seat="10" name="Superjackie" chips="500" dealer="0" win="0" bet="20" muck="1" rebuy="0" addon="0" merge="0" rebuychips="0" reg_code="5085043152"/>
</players>
</general>
<round no="0"><action no="1" player="Superjackie" type="1" discard="1" dealt="1" sum="10"/>
<action no="2" player="M1ky3ste92" type="2" sum="20"/>
</round>
<round no="1"><cards type="Pocket" player="M1ky3ste92">SQ D7</cards>
<cards type="Pocket" player="Svboys1908Sv">X X</cards>
<cards type="Pocket" player="Superjackie">C4 C6</cards>
<action no="3" player="Svboys1908Sv" type="0" discard="1" dealt="1" sum="0"/>
<action no="4" player="Superjackie" type="3" discard="1" dealt="1" sum="10"/>
<action no="5" player="M1ky3ste92" type="4" sum="0"/>
</round>
<round no="2"><cards type="Flop">CK HJ C7</cards>
<action no="6" player="Superjackie" type="4" discard="1" dealt="1" sum="0"/>
<action no="7" player="M1ky3ste92" type="4" sum="0"/>
</round>
<round no="3"><cards type="Turn">H10</cards>
<action no="8" player="Superjackie" type="4" discard="1" dealt="1" sum="0"/>
<action no="9" player="M1ky3ste92" type="4" sum="0"/>
</round>
<round no="4"><cards type="River">D4</cards>
<action no="10" player="Superjackie" type="4" discard="1" dealt="1" sum="0"/>
<action no="11" player="M1ky3ste92" type="4" sum="0"/>
</round>
</game>
<game gamecode="6577281391"><general>
<startdate>2025-12-31 00:06:08</startdate>
<round>1</round>
<failsafecounter/>
<players><player seat="6" name="Svboys1908Sv" chips="500" dealer="0" win="20" bet="20" muck="1" rebuy="0" addon="0" merge="0" rebuychips="0" reg_code="5085043134"/>
<player seat="10" name="Superjackie" chips="480" dealer="1" win="0" bet="0" muck="1" rebuy="0" addon="0" merge="0" rebuychips="0" reg_code="5085043152"/>
<player seat="3" name="M1ky3ste92" chips="520" dealer="0" win="0" bet="10" muck="1" rebuy="0" addon="0" merge="0" rebuychips="0" reg_code="5085042031"/>
</players>
</general>
<round no="0"><action no="1" player="M1ky3ste92" type="1" sum="10"/>
<action no="2" player="Svboys1908Sv" type="2" discard="1" dealt="1" sum="20"/>
</round>
<round no="1"><cards type="Pocket" player="Svboys1908Sv">X X</cards>
<cards type="Pocket" player="Superjackie">X X</cards>
<cards type="Pocket" player="M1ky3ste92">H3 D8</cards>
<action no="3" player="Superjackie" type="0" discard="1" dealt="1" sum="0"/>
<action no="4" player="M1ky3ste92" type="0" sum="0"/>
</round>
</game>
<game gamecode="6577281449"><general>
<startdate>2025-12-31 00:06:15</startdate>
<round>1</round>
<failsafecounter/>
<players><player seat="10" name="Superjackie" chips="480" dealer="0" win="120" bet="480" muck="1" rebuy="0" addon="0" merge="0" rebuychips="0" reg_code="5085043152"/>
<player seat="3" name="M1ky3ste92" chips="510" dealer="1" win="0" bet="40" muck="1" rebuy="0" addon="0" merge="0" rebuychips="0" reg_code="5085042031"/>
<player seat="6" name="Svboys1908Sv" chips="510" dealer="0" win="0" bet="40" muck="1" rebuy="0" addon="0" merge="0" rebuychips="0" reg_code="5085043134"/>
</players>
</general>
<round no="0"><action no="1" player="Svboys1908Sv" type="1" discard="1" dealt="1" sum="10"/>
<action no="2" player="Superjackie" type="2" discard="1" dealt="1" sum="20"/>
</round>
<round no="1"><cards type="Pocket" player="M1ky3ste92">SJ C10</cards>
<cards type="Pocket" player="Svboys1908Sv">X X</cards>
<cards type="Pocket" player="Superjackie">X X</cards>
<action no="3" player="M1ky3ste92" type="23" sum="40"/>
<action no="4" player="Svboys1908Sv" type="3" discard="1" dealt="1" sum="30"/>
<action no="5" player="Superjackie" type="23" discard="1" dealt="1" sum="480"/>
<action no="6" player="M1ky3ste92" type="0" sum="0"/>
<action no="7" player="Svboys1908Sv" type="0" discard="1" dealt="1" sum="0"/>
</round>
</game>
<game gamecode="6577281534"><general>
<startdate>2025-12-31 00:06:27</startdate>
<round>1</round>
<failsafecounter/>
<players><player seat="3" name="M1ky3ste92" chips="470" dealer="0" win="0" bet="20" muck="1" rebuy="0" addon="0" merge="0" rebuychips="0" reg_code="5085042031"/>
<player seat="6" name="Svboys1908Sv" chips="470" dealer="1" win="50" bet="60" muck="1" rebuy="0" addon="0" merge="0" rebuychips="0" reg_code="5085043134"/>
<player seat="10" name="Superjackie" chips="560" dealer="0" win="0" bet="10" muck="1" rebuy="0" addon="0" merge="0" rebuychips="0" reg_code="5085043152"/>
</players>
</general>
<round no="0"><action no="1" player="Superjackie" type="1" discard="1" dealt="1" sum="10"/>
<action no="2" player="M1ky3ste92" type="2" sum="20"/>
</round>
<round no="1"><cards type="Pocket" player="Superjackie">X X</cards>
<cards type="Pocket" player="Svboys1908Sv">X X</cards>
<cards type="Pocket" player="M1ky3ste92">H5 HQ</cards>
<action no="3" player="Svboys1908Sv" type="3" discard="1" dealt="1" sum="20"/>
<action no="4" player="Superjackie" type="0" discard="1" dealt="1" sum="0"/>
<action no="5" player="M1ky3ste92" type="4" sum="0"/>
</round>
<round no="2"><cards type="Flop">D2 C2 SA</cards>
<action no="6" player="M1ky3ste92" type="4" sum="0"/>
<action no="7" player="Svboys1908Sv" type="5" discard="1" dealt="1" sum="40"/>
<action no="8" player="M1ky3ste92" type="0" sum="0"/>
</round>
</game>
<game gamecode="6577281619"><general>
<startdate>2025-12-31 00:06:39</startdate>
<round>1</round>
<failsafecounter/>
<players><player seat="6" name="Svboys1908Sv" chips="500" dealer="0" win="170" bet="160" muck="1" rebuy="0" addon="0" merge="0" rebuychips="0" reg_code="5085043134"/>
<player seat="10" name="Superjackie" chips="550" dealer="1" win="0" bet="80" muck="1" rebuy="0" addon="0" merge="0" rebuychips="0" reg_code="5085043152"/>
<player seat="3" name="M1ky3ste92" chips="450" dealer="0" win="0" bet="10" muck="1" rebuy="0" addon="0" merge="0" rebuychips="0" reg_code="5085042031"/>
</players>
</general>
<round no="0"><action no="1" player="M1ky3ste92" type="1" sum="10"/>
<action no="2" player="Svboys1908Sv" type="2" discard="1" dealt="1" sum="20"/>
</round>
<round no="1"><cards type="Pocket" player="M1ky3ste92">C5 D3</cards>
<cards type="Pocket" player="Superjackie">X X</cards>
<cards type="Pocket" player="Svboys1908Sv">X X</cards>
<action no="3" player="Superjackie" type="3" discard="1" dealt="1" sum="20"/>
<action no="4" player="M1ky3ste92" type="0" sum="0"/>
<action no="5" player="Svboys1908Sv" type="23" discard="1" dealt="1" sum="80"/>
<action no="6" player="Superjackie" type="3" discard="1" dealt="1" sum="60"/>
</round>
<round no="2"><cards type="Flop">DA D5 CJ</cards>
<action no="7" player="Svboys1908Sv" type="5" discard="1" dealt="1" sum="80"/>
<action no="8" player="Superjackie" type="0" discard="1" dealt="1" sum="0"/>
</round>
</game>
<game gamecode="6577281795"><general>
<startdate>2025-12-31 00:07:00</startdate>
<round>1</round>
<failsafecounter/>
<players><player seat="10" name="Superjackie" chips="470" dealer="0" win="20" bet="20" muck="1" rebuy="0" addon="0" merge="0" rebuychips="0" reg_code="5085043152"/>
<player seat="3" name="M1ky3ste92" chips="440" dealer="1" win="0" bet="0" muck="1" rebuy="0" addon="0" merge="0" rebuychips="0" reg_code="5085042031"/>
<player seat="6" name="Svboys1908Sv" chips="590" dealer="0" win="0" bet="10" muck="1" rebuy="0" addon="0" merge="0" rebuychips="0" reg_code="5085043134"/>
</players>
</general>
<round no="0"><action no="1" player="Svboys1908Sv" type="1" discard="1" dealt="1" sum="10"/>
<action no="2" player="Superjackie" type="2" discard="1" dealt="1" sum="20"/>
</round>
<round no="1"><cards type="Pocket" player="Superjackie">X X</cards>
<cards type="Pocket" player="Svboys1908Sv">X X</cards>
<cards type="Pocket" player="M1ky3ste92">C2 S6</cards>
<action no="3" player="M1ky3ste92" type="0" sum="0"/>
<action no="4" player="Svboys1908Sv" type="0" discard="1" dealt="1" sum="0"/>
</round>
</game>
<game gamecode="6577281874"><general>
<startdate>2025-12-31 00:07:11</startdate>
<round>1</round>
<failsafecounter/>
<players><player seat="3" name="M1ky3ste92" chips="440" dealer="0" win="0" bet="440" muck="0" rebuy="0" addon="0" merge="0" rebuychips="0" reg_code="5085042031"/>
<player seat="6" name="Svboys1908Sv" chips="580" dealer="1" win="1,400" bet="480" muck="0" rebuy="0" addon="0" merge="0" rebuychips="0" reg_code="5085043134"/>
<player seat="10" name="Superjackie" chips="480" dealer="0" win="0" bet="480" muck="1" rebuy="0" addon="0" merge="0" rebuychips="0" reg_code="5085043152"/>
</players>
</general>
<round no="0"><action no="1" player="Superjackie" type="1" discard="1" dealt="1" sum="10"/>
<action no="2" player="M1ky3ste92" type="2" sum="20"/>
</round>
<round no="1"><cards type="Pocket" player="Superjackie">DJ SQ</cards>
<cards type="Pocket" player="M1ky3ste92">CQ DA</cards>
<cards type="Pocket" player="Svboys1908Sv">SA H9</cards>
<action no="3" player="Svboys1908Sv" type="23" discard="1" dealt="1" sum="40"/>
<action no="4" player="Superjackie" type="3" discard="1" dealt="1" sum="30"/>
<action no="5" player="M1ky3ste92" type="23" sum="440"/>
<action no="6" player="Svboys1908Sv" type="3" discard="1" dealt="1" sum="400"/>
<action no="7" player="Superjackie" type="7" discard="1" dealt="1" sum="440"/>
<action no="8" player="Svboys1908Sv" type="3" discard="1" dealt="1" sum="40"/>
</round>
<round no="2"><cards type="Flop">SJ S9 H3</cards>
</round>
<round no="3"><cards type="Turn">C9</cards>
</round>
<round no="4"><cards type="River">D5</cards>
</round>
</game>
</session>
