<?xml version="1.0" encoding="UTF-8"?>
<session sessioncode="5085236869">
<general>
<client_version>24.7.1.18</client_version>
<mode>real</mode>
<gametype>Holdem NL</gametype>
<tablename>Twister €100 SNG, 825271715</tablename>
<tournamentcode>825271714</tournamentcode>
<tournamentname>Twister €100 SNG</tournamentname>
<buyin>€0 + €7 + €93</buyin>
<totalbuyin>€100</totalbuyin>
<rewarddrawn>€200</rewarddrawn>
<tournamentcurrency>EUR</tournamentcurrency>
<currency>EUR</currency>
<nickname>M1ky3ste92</nickname>
<gamecount>20</gamecount>
<startdate>2025-12-31 18:49:40</startdate>
<place>2</place>
<win>€0</win>
<tablesize>3</tablesize>
</general>
<game gamecode="6578120944"><general>
<startdate>2025-12-31 18:49:56</startdate>
<round>1</round>
<failsafecounter/>
<players><player seat="10" name="Flaviettaasr" chips="500" dealer="0" win="0" bet="280" muck="0" rebuy="0" addon="0" merge="0" rebuychips="0" reg_code="5085237035"/>
<player seat="3" name="Tiuualex" chips="500" dealer="1" win="0" bet="0" muck="1" rebuy="0" addon="0" merge="0" rebuychips="0" reg_code="5085236698"/>
<player seat="6" name="M1ky3ste92" chips="500" dealer="0" win="560" bet="280" muck="0" rebuy="0" addon="0" merge="0" rebuychips="0" reg_code="5085236869"/>
</players>
</general>
<round no="0"><action no="1" player="M1ky3ste92" type="1" sum="10"/>
<action no="2" player="Flaviettaasr" type="2" discard="1" dealt="1" sum="20"/>
</round>
<round no="1"><cards type="Pocket" player="Tiuualex">X X</cards>
<cards type="Pocket" player="M1ky3ste92">H10 H7</cards>
<cards type="Pocket" player="Flaviettaasr">C10 DQ</cards>
<action no="3" player="Tiuualex" type="0" discard="1" dealt="1" sum="0"/>
<action no="4" player="M1ky3ste92" type="23" sum="60"/>
<action no="5" player="Flaviettaasr" type="3" discard="1" dealt="1" sum="40"/>
</round>
<round no="2"><cards type="Flop">C7 H3 CA</cards>
<action no="6" player="M1ky3ste92" type="5" sum="20"/>
<action no="7" player="Flaviettaasr" type="3" discard="1" dealt="1" sum="20"/>
</round>
<round no="3"><cards type="Turn">SA</cards>
<action no="8" player="M1ky3ste92" type="4" sum="0"/>
<action no="9" player="Flaviettaasr" type="5" discard="1" dealt="1" sum="60"/>
<action no="10" player="M1ky3ste92" type="3" sum="60"/>
</round>
<round no="4"><cards type="River">D6</cards>
<action no="11" player="M1ky3ste92" type="4" sum="0"/>
<action no="12" player="Flaviettaasr" type="5" discard="1" dealt="1" sum="140"/>
<action no="13" player="M1ky3ste92" type="3" sum="140"/>
</round>
</game>
<game gamecode="6578121105"><general>
<startdate>2025-12-31 18:50:20</startdate>
<round>1</round>
<failsafecounter/>
<players><player seat="3" name="Tiuualex" chips="500" dealer="0" win="0" bet="20" muck="1" rebuy="0" addon="0" merge="0" rebuychips="0" reg_code="5085236698"/>
<player seat="6" name="M1ky3ste92" chips="780" dealer="1" win="220" bet="100" muck="0" rebuy="0" addon="0" merge="0" rebuychips="0" reg_code="5085236869"/>
<player seat="10" name="Flaviettaasr" chips="220" dealer="0" win="0" bet="100" muck="0" rebuy="0" addon="0" merge="0" rebuychips="0" reg_code="5085237035"/>
</players>
</general>
<round no="0"><action no="1" player="Flaviettaasr" type="1" discard="1" dealt="1" sum="10"/>
<action no="2" player="Tiuualex" type="2" discard="1" dealt="1" sum="20"/>
</round>
<round no="1"><cards type="Pocket" player="M1ky3ste92">CQ DK</cards>
<cards type="Pocket" player="Tiuualex">X X</cards>
<cards type="Pocket" player="Flaviettaasr">D4 S6</cards>
<action no="3" player="M1ky3ste92" type="23" sum="40"/>
<action no="4" player="Flaviettaasr" type="3" discard="1" dealt="1" sum="30"/>
<action no="5" player="Tiuualex" type="0" discard="1" dealt="1" sum="0"/>
</round>
<round no="2"><cards type="Flop">HA CA D9</cards>
<action no="6" player="Flaviettaasr" type="4" discard="1" dealt="1" sum="0"/>
<action no="7" player="M1ky3ste92" type="4" sum="0"/>
</round>
<round no="3"><cards type="Turn">S8</cards>
<action no="8" player="Flaviettaasr" type="5" discard="1" dealt="1" sum="20"/>
<action no="9" player="M1ky3ste92" type="3" sum="20"/>
</round>
<round no="4"><cards type="River">D2</cards>
<action no="10" player="Flaviettaasr" type="5" discard="1" dealt="1" sum="40"/>
<action no="11" player="M1ky3ste92" type="3" sum="40"/>
</round>
</game>
<game gamecode="6578121249"><general>
<startdate>2025-12-31 18:50:41</startdate>
<round>1</round>
<failsafecounter/>
<players><player seat="6" name="M1ky3ste92" chips="900" dealer="0" win="0" bet="120" muck="1" rebuy="0" addon="0" merge="0" rebuychips="0" reg_code="5085236869"/>
<player seat="10" name="Flaviettaasr" chips="120" dealer="1" win="250" bet="120" muck="0" rebuy="0" addon="0" merge="0" rebuychips="0" reg_code="5085237035"/>
<player seat="3" name="Tiuualex" chips="480" dealer="0" win="0" bet="10" muck="1" rebuy="0" addon="0" merge="0" rebuychips="0" reg_code="5085236698"/>
</players>
</general>
<round no="0"><action no="1" player="Tiuualex" type="1" discard="1" dealt="1" sum="10"/>
<action no="2" player="M1ky3ste92" type="2" sum="20"/>
</round>
<round no="1"><cards type="Pocket" player="Tiuualex">X X</cards>
<cards type="Pocket" player="Flaviettaasr">H10 CK</cards>
<cards type="Pocket" player="M1ky3ste92">S8 C9</cards>
<action no="3" player="Flaviettaasr" type="23" discard="1" dealt="1" sum="120"/>
<action no="4" player="Tiuualex" type="0" discard="1" dealt="1" sum="0"/>
<action no="5" player="M1ky3ste92" type="3" sum="100"/>
</round>
<round no="2"><cards type="Flop">D10 S5 D9</cards>
</round>
<round no="3"><cards type="Turn">D4</cards>
</round>
<round no="4"><cards type="River">D7</cards>
</round>
</game>
<game gamecode="6578121368"><general>
<startdate>2025-12-31 18:50:58</startdate>
<round>1</round>
<failsafecounter/>
<players><player seat="10" name="Flaviettaasr" chips="250" dealer="0" win="0" bet="20" muck="1" rebuy="0" addon="0" merge="0" rebuychips="0" reg_code="5085237035"/>
<player seat="3" name="Tiuualex" chips="470" dealer="1" win="0" bet="0" muck="1" rebuy="0" addon="0" merge="0" rebuychips="0" reg_code="5085236698"/>
<player seat="6" name="M1ky3ste92" chips="780" dealer="0" win="40" bet="40" muck="1" rebuy="0" addon="0" merge="0" rebuychips="0" reg_code="5085236869"/>
</players>
</general>
<round no="0"><action no="1" player="M1ky3ste92" type="1" sum="10"/>
<action no="2" player="Flaviettaasr" type="2" discard="1" dealt="1" sum="20"/>
</round>
<round no="1"><cards type="Pocket" player="Flaviettaasr">X X</cards>
<cards type="Pocket" player="Tiuualex">X X</cards>
<cards type="Pocket" player="M1ky3ste92">HJ SQ</cards>
<action no="3" player="Tiuualex" type="0" discard="1" dealt="1" sum="0"/>
<action no="4" player="M1ky3ste92" type="3" sum="10"/>
<action no="5" player="Flaviettaasr" type="4" discard="1" dealt="1" sum="0"/>
</round>
<round no="2"><cards type="Flop">D8 S10 S2</cards>
<action no="6" player="M1ky3ste92" type="4" sum="0"/>
<action no="7" player="Flaviettaasr" type="4" discard="1" dealt="1" sum="0"/>
</round>
<round no="3"><cards type="Turn">H3</cards>
<action no="8" player="M1ky3ste92" type="5" sum="20"/>
<action no="9" player="Flaviettaasr" type="0" discard="1" dealt="1" sum="0"/>
</round>
</game>
<game gamecode="6578121457"><general>
<startdate>2025-12-31 18:51:13</startdate>
<round>1</round>
<failsafecounter/>
<players><player seat="3" name="Tiuualex" chips="470" dealer="0" win="0" bet="20" muck="1" rebuy="0" addon="0" merge="0" rebuychips="0" reg_code="5085236698"/>
<player seat="6" name="M1ky3ste92" chips="800" dealer="1" win="0" bet="0" muck="1" rebuy="0" addon="0" merge="0" rebuychips="0" reg_code="5085236869"/>
<player seat="10" name="Flaviettaasr" chips="230" dealer="0" win="40" bet="60" muck="1" rebuy="0" addon="0" merge="0" rebuychips="0" reg_code="5085237035"/>
</players>
</general>
<round no="0"><action no="1" player="Flaviettaasr" type="1" discard="1" dealt="1" sum="10"/>
<action no="2" player="Tiuualex" type="2" discard="1" dealt="1" sum="20"/>
</round>
<round no="1"><cards type="Pocket" player="Flaviettaasr">X X</cards>
<cards type="Pocket" player="M1ky3ste92">H10 S3</cards>
<cards type="Pocket" player="Tiuualex">X X</cards>
<action no="3" player="M1ky3ste92" type="0" sum="0"/>
<action no="4" player="Flaviettaasr" type="3" discard="1" dealt="1" sum="10"/>
<action no="5" player="Tiuualex" type="4" discard="1" dealt="1" sum="0"/>
</round>
<round no="2"><cards type="Flop">D2 H6 CA</cards>
<action no="6" player="Flaviettaasr" type="5" discard="1" dealt="1" sum="40"/>
<action no="7" player="Tiuualex" type="0" discard="1" dealt="1" sum="0"/>
</round>
</game>
<game gamecode="6578121589"><general>
<startdate>2025-12-31 18:51:33</startdate>
<round>1</round>
<failsafecounter/>
<players><player seat="6" name="M1ky3ste92" chips="800" dealer="0" win="0" bet="800" muck="1" rebuy="0" addon="0" merge="0" rebuychips="0" reg_code="5085236869"/>
<player seat="10" name="Flaviettaasr" chips="250" dealer="1" win="510" bet="250" muck="0" rebuy="0" addon="0" merge="0" rebuychips="0" reg_code="5085237035"/>
<player seat="3" name="Tiuualex" chips="450" dealer="0" win="0" bet="10" muck="1" rebuy="0" addon="0" merge="0" rebuychips="0" reg_code="5085236698"/>
</players>
</general>
<round no="0"><action no="1" player="Tiuualex" type="1" discard="1" dealt="1" sum="10"/>
<action no="2" player="M1ky3ste92" type="2" sum="20"/>
</round>
<round no="1"><cards type="Pocket" player="Flaviettaasr">SJ D3</cards>
<cards type="Pocket" player="M1ky3ste92">CA C8</cards>
<cards type="Pocket" player="Tiuualex">X X</cards>
<action no="3" player="Flaviettaasr" type="23" discard="1" dealt="1" sum="60"/>
<action no="4" player="Tiuualex" type="0" discard="1" dealt="1" sum="0"/>
<action no="5" player="M1ky3ste92" type="23" sum="800"/>
<action no="6" player="Flaviettaasr" type="7" discard="1" dealt="1" sum="190"/>
</round>
<round no="2"><cards type="Flop">CJ HK S10</cards>
</round>
<round no="3"><cards type="Turn">C10</cards>
</round>
<round no="4"><cards type="River">D6</cards>
</round>
</game>
<game gamecode="6578121751"><general>
<startdate>2025-12-31 18:51:55</startdate>
<round>1</round>
<failsafecounter/>
<players><player seat="10" name="Flaviettaasr" chips="510" dealer="0" win="0" bet="440" muck="1" rebuy="0" addon="0" merge="0" rebuychips="0" reg_code="5085237035"/>
<player seat="3" name="Tiuualex" chips="440" dealer="1" win="900" bet="440" muck="0" rebuy="0" addon="0" merge="0" rebuychips="0" reg_code="5085236698"/>
<player seat="6" name="M1ky3ste92" chips="550" dealer="0" win="0" bet="20" muck="1" rebuy="0" addon="0" merge="0" rebuychips="0" reg_code="5085236869"/>
</players>
</general>
<round no="0"><action no="1" player="M1ky3ste92" type="15" sum="5"/>
<action no="2" player="Flaviettaasr" type="15" discard="1" dealt="1" sum="5"/>
<action no="3" player="Tiuualex" type="15" discard="1" dealt="1" sum="5"/>
<action no="4" player="M1ky3ste92" type="1" sum="15"/>
<action no="5" player="Flaviettaasr" type="2" discard="1" dealt="1" sum="30"/>
</round>
<round no="1"><cards type="Pocket" player="Tiuualex">C10 HA</cards>
<cards type="Pocket" player="M1ky3ste92">S2 C5</cards>
<cards type="Pocket" player="Flaviettaasr">SK S3</cards>
<action no="6" player="Tiuualex" type="23" discard="1" dealt="1" sum="435"/>
<action no="7" player="M1ky3ste92" type="0" sum="0"/>
<action no="8" player="Flaviettaasr" type="3" discard="1" dealt="1" sum="405"/>
</round>
<round no="2"><cards type="Flop">C7 DA D4</cards>
</round>
<round no="3"><cards type="Turn">S4</cards>
</round>
<round no="4"><cards type="River">D2</cards>
</round>
</game>
<game gamecode="6578123586"><general>
<startdate>2025-12-31 18:52:21</startdate>
<round>1</round>
<failsafecounter/>
<players><player seat="3" name="Tiuualex" chips="900" dealer="0" win="0" bet="70" muck="1" rebuy="0" addon="0" merge="0" rebuychips="0" reg_code="5085236698"/>
<player seat="6" name="M1ky3ste92" chips="530" dealer="1" win="210" bet="130" muck="0" rebuy="0" addon="0" merge="0" rebuychips="0" reg_code="5085236869"/>
<player seat="10" name="Flaviettaasr" chips="70" dealer="0" win="0" bet="70" muck="1" rebuy="0" addon="0" merge="0" rebuychips="0" reg_code="5085237035"/>
</players>
</general>
<round no="0"><action no="1" player="Flaviettaasr" type="15" discard="1" dealt="1" sum="5"/>
<action no="2" player="Tiuualex" type="15" discard="1" dealt="1" sum="5"/>
<action no="3" player="M1ky3ste92" type="15" sum="5"/>
<action no="4" player="Flaviettaasr" type="1" discard="1" dealt="1" sum="15"/>
<action no="5" player="Tiuualex" type="2" discard="1" dealt="1" sum="30"/>
</round>
<round no="1"><cards type="Pocket" player="M1ky3ste92">S9 CK</cards>
<cards type="Pocket" player="Flaviettaasr">H2 D6</cards>
<cards type="Pocket" player="Tiuualex">X X</cards>
<action no="6" player="M1ky3ste92" type="23" sum="60"/>
<action no="7" player="Flaviettaasr" type="7" discard="1" dealt="1" sum="50"/>
<action no="8" player="Tiuualex" type="3" discard="1" dealt="1" sum="35"/>
<action no="9" player="M1ky3ste92" type="3" sum="5"/>
</round>
<round no="2"><cards type="Flop">DK H8 CQ</cards>
<action no="10" player="Tiuualex" type="4" discard="1" dealt="1" sum="0"/>
<action no="11" player="M1ky3ste92" type="5" sum="60"/>
<action no="12" player="Tiuualex" type="0" discard="1" dealt="1" sum="0"/>
</round>
<round no="3"><cards type="Turn">D3</cards>
</round>
<round no="4"><cards type="River">H9</cards>
</round>
</game>
<game gamecode="6578123831"><general>
<startdate>2025-12-31 18:52:58</startdate>
<round>1</round>
<failsafecounter/>
<players><player seat="6" name="M1ky3ste92" chips="670" dealer="0" win="70" bet="155" muck="1" rebuy="0" addon="0" merge="0" rebuychips="0" reg_code="5085236869"/>
<player seat="3" name="Tiuualex" chips="830" dealer="1" win="0" bet="35" muck="1" rebuy="0" addon="0" merge="0" rebuychips="0" reg_code="5085236698"/>
</players>
</general>
<round no="0"><action no="1" player="Tiuualex" type="15" discard="1" dealt="1" sum="5"/>
<action no="2" player="M1ky3ste92" type="15" sum="5"/>
<action no="3" player="Tiuualex" type="1" discard="1" dealt="1" sum="15"/>
<action no="4" player="M1ky3ste92" type="2" sum="30"/>
</round>
<round no="1"><cards type="Pocket" player="Tiuualex">X X</cards>
<cards type="Pocket" player="M1ky3ste92">C9 S5</cards>
<action no="5" player="Tiuualex" type="3" discard="1" dealt="1" sum="15"/>
<action no="6" player="M1ky3ste92" type="23" sum="150"/>
<action no="7" player="Tiuualex" type="0" discard="1" dealt="1" sum="0"/>
</round>
</game>
<game gamecode="6578123961"><general>
<startdate>2025-12-31 18:53:17</startdate>
<round>1</round>
<failsafecounter/>
<players><player seat="3" name="Tiuualex" chips="795" dealer="0" win="50" bet="45" muck="1" rebuy="0" addon="0" merge="0" rebuychips="0" reg_code="5085236698"/>
<player seat="6" name="M1ky3ste92" chips="705" dealer="1" win="0" bet="25" muck="1" rebuy="0" addon="0" merge="0" rebuychips="0" reg_code="5085236869"/>
</players>
</general>
<round no="0"><action no="1" player="M1ky3ste92" type="15" sum="5"/>
<action no="2" player="Tiuualex" type="15" discard="1" dealt="1" sum="5"/>
<action no="3" player="M1ky3ste92" type="1" sum="20"/>
<action no="4" player="Tiuualex" type="2" discard="1" dealt="1" sum="40"/>
</round>
<round no="1"><cards type="Pocket" player="M1ky3ste92">H8 D5</cards>
<cards type="Pocket" player="Tiuualex">X X</cards>
<action no="5" player="M1ky3ste92" type="0" sum="0"/>
</round>
</game>
<game gamecode="6578123993"><general>
<startdate>2025-12-31 18:53:22</startdate>
<round>1</round>
<failsafecounter/>
<players><player seat="6" name="M1ky3ste92" chips="680" dealer="0" win="0" bet="85" muck="1" rebuy="0" addon="0" merge="0" rebuychips="0" reg_code="5085236869"/>
<player seat="3" name="Tiuualex" chips="820" dealer="1" win="170" bet="820" muck="1" rebuy="0" addon="0" merge="0" rebuychips="0" reg_code="5085236698"/>
</players>
</general>
<round no="0"><action no="1" player="Tiuualex" type="15" discard="1" dealt="1" sum="5"/>
<action no="2" player="M1ky3ste92" type="15" sum="5"/>
<action no="3" player="Tiuualex" type="1" discard="1" dealt="1" sum="20"/>
<action no="4" player="M1ky3ste92" type="2" sum="40"/>
</round>
<round no="1"><cards type="Pocket" player="Tiuualex">X X</cards>
<cards type="Pocket" player="M1ky3ste92">H8 SQ</cards>
<action no="5" player="Tiuualex" type="3" discard="1" dealt="1" sum="20"/>
<action no="6" player="M1ky3ste92" type="4" sum="0"/>
</round>
<round no="2"><cards type="Flop">C4 S6 D6</cards>
<action no="7" player="M1ky3ste92" type="4" sum="0"/>
<action no="8" player="Tiuualex" type="4" discard="1" dealt="1" sum="0"/>
</round>
<round no="3"><cards type="Turn">S8</cards>
<action no="9" player="M1ky3ste92" type="5" sum="40"/>
<action no="10" player="Tiuualex" type="3" discard="1" dealt="1" sum="40"/>
</round>
<round no="4"><cards type="River">DK</cards>
<action no="11" player="M1ky3ste92" type="4" sum="0"/>
<action no="12" player="Tiuualex" type="5" discard="1" dealt="1" sum="735"/>
<action no="13" player="M1ky3ste92" type="0" sum="0"/>
</round>
</game>
<game gamecode="6578124300"><general>
<startdate>2025-12-31 18:54:09</startdate>
<round>1</round>
<failsafecounter/>
<players><player seat="3" name="Tiuualex" chips="905" dealer="0" win="90" bet="165" muck="1" rebuy="0" addon="0" merge="0" rebuychips="0" reg_code="5085236698"/>
<player seat="6" name="M1ky3ste92" chips="595" dealer="1" win="0" bet="45" muck="1" rebuy="0" addon="0" merge="0" rebuychips="0" reg_code="5085236869"/>
</players>
</general>
<round no="0"><action no="1" player="M1ky3ste92" type="15" sum="5"/>
<action no="2" player="Tiuualex" type="15" discard="1" dealt="1" sum="5"/>
<action no="3" player="M1ky3ste92" type="1" sum="20"/>
<action no="4" player="Tiuualex" type="2" discard="1" dealt="1" sum="40"/>
</round>
<round no="1"><cards type="Pocket" player="M1ky3ste92">S2 DQ</cards>
<cards type="Pocket" player="Tiuualex">X X</cards>
<action no="5" player="M1ky3ste92" type="3" sum="20"/>
<action no="6" player="Tiuualex" type="23" discard="1" dealt="1" sum="160"/>
<action no="7" player="M1ky3ste92" type="0" sum="0"/>
</round>
</game>
<game gamecode="6578124437"><general>
<startdate>2025-12-31 18:54:30</startdate>
<round>1</round>
<failsafecounter/>
<players><player seat="6" name="M1ky3ste92" chips="550" dealer="0" win="1,100" bet="550" muck="0" rebuy="0" addon="0" merge="0" rebuychips="0" reg_code="5085236869"/>
<player seat="3" name="Tiuualex" chips="950" dealer="1" win="0" bet="550" muck="1" rebuy="0" addon="0" merge="0" rebuychips="0" reg_code="5085236698"/>
</players>
</general>
<round no="0"><action no="1" player="Tiuualex" type="15" discard="1" dealt="1" sum="5"/>
<action no="2" player="M1ky3ste92" type="15" sum="5"/>
<action no="3" player="Tiuualex" type="1" discard="1" dealt="1" sum="20"/>
<action no="4" player="M1ky3ste92" type="2" sum="40"/>
</round>
<round no="1"><cards type="Pocket" player="M1ky3ste92">S3 C3</cards>
<cards type="Pocket" player="Tiuualex">SJ DA</cards>
<action no="5" player="Tiuualex" type="3" discard="1" dealt="1" sum="20"/>
<action no="6" player="M1ky3ste92" type="23" sum="545"/>
<action no="7" player="Tiuualex" type="3" discard="1" dealt="1" sum="505"/>
</round>
<round no="2"><cards type="Flop">C7 D8 H5</cards>
</round>
<round no="3"><cards type="Turn">C10</cards>
</round>
<round no="4"><cards type="River">D2</cards>
</round>
</game>
<game gamecode="6578124605"><general>
<startdate>2025-12-31 18:54:53</startdate>
<round>1</round>
<failsafecounter/>
<players><player seat="3" name="Tiuualex" chips="400" dealer="0" win="0" bet="45" muck="1" rebuy="0" addon="0" merge="0" rebuychips="0" reg_code="5085236698"/>
<player seat="6" name="M1ky3ste92" chips="1,100" dealer="1" win="90" bet="1,100" muck="1" rebuy="0" addon="0" merge="0" rebuychips="0" reg_code="5085236869"/>
</players>
</general>
<round no="0"><action no="1" player="M1ky3ste92" type="15" sum="5"/>
<action no="2" player="Tiuualex" type="15" discard="1" dealt="1" sum="5"/>
<action no="3" player="M1ky3ste92" type="1" sum="20"/>
<action no="4" player="Tiuualex" type="2" discard="1" dealt="1" sum="40"/>
</round>
<round no="1"><cards type="Pocket" player="Tiuualex">X X</cards>
<cards type="Pocket" player="M1ky3ste92">S9 S7</cards>
<action no="5" player="M1ky3ste92" type="23" sum="1,095"/>
<action no="6" player="Tiuualex" type="0" discard="1" dealt="1" sum="0"/>
</round>
</game>
<game gamecode="6578124729"><general>
<startdate>2025-12-31 18:55:12</startdate>
<round>1</round>
<failsafecounter/>
<players><player seat="6" name="M1ky3ste92" chips="1,145" dealer="0" win="0" bet="65" muck="1" rebuy="0" addon="0" merge="0" rebuychips="0" reg_code="5085236869"/>
<player seat="3" name="Tiuualex" chips="355" dealer="1" win="130" bet="130" muck="1" rebuy="0" addon="0" merge="0" rebuychips="0" reg_code="5085236698"/>
</players>
</general>
<round no="0"><action no="1" player="Tiuualex" type="15" discard="1" dealt="1" sum="5"/>
<action no="2" player="M1ky3ste92" type="15" sum="5"/>
<action no="3" player="Tiuualex" type="1" discard="1" dealt="1" sum="30"/>
<action no="4" player="M1ky3ste92" type="2" sum="60"/>
</round>
<round no="1"><cards type="Pocket" player="Tiuualex">X X</cards>
<cards type="Pocket" player="M1ky3ste92">D2 S8</cards>
<action no="5" player="Tiuualex" type="3" discard="1" dealt="1" sum="30"/>
<action no="6" player="M1ky3ste92" type="4" sum="0"/>
</round>
<round no="2"><cards type="Flop">S7 C7 SJ</cards>
<action no="7" player="M1ky3ste92" type="4" sum="0"/>
<action no="8" player="Tiuualex" type="5" discard="1" dealt="1" sum="65"/>
<action no="9" player="M1ky3ste92" type="0" sum="0"/>
</round>
</game>
<game gamecode="6578124867"><general>
<startdate>2025-12-31 18:55:32</startdate>
<round>1</round>
<failsafecounter/>
<players><player seat="3" name="Tiuualex" chips="420" dealer="0" win="840" bet="420" muck="0" rebuy="0" addon="0" merge="0" rebuychips="0" reg_code="5085236698"/>
<player seat="6" name="M1ky3ste92" chips="1,080" dealer="1" win="0" bet="420" muck="1" rebuy="0" addon="0" merge="0" rebuychips="0" reg_code="5085236869"/>
</players>
</general>
<round no="0"><action no="1" player="M1ky3ste92" type="15" sum="5"/>
<action no="2" player="Tiuualex" type="15" discard="1" dealt="1" sum="5"/>
<action no="3" player="M1ky3ste92" type="1" sum="30"/>
<action no="4" player="Tiuualex" type="2" discard="1" dealt="1" sum="60"/>
</round>
<round no="1"><cards type="Pocket" player="M1ky3ste92">CK C10</cards>
<cards type="Pocket" player="Tiuualex">H7 C6</cards>
<action no="5" player="M1ky3ste92" type="3" sum="30"/>
<action no="6" player="Tiuualex" type="4" discard="1" dealt="1" sum="0"/>
</round>
<round no="2"><cards type="Flop">HK D4 C3</cards>
<action no="7" player="Tiuualex" type="4" discard="1" dealt="1" sum="0"/>
<action no="8" player="M1ky3ste92" type="5" sum="60"/>
<action no="9" player="Tiuualex" type="23" discard="1" dealt="1" sum="355"/>
<action no="10" player="M1ky3ste92" type="3" sum="295"/>
</round>
<round no="3"><cards type="Turn">D6</cards>
</round>
<round no="4"><cards type="River">D7</cards>
</round>
</game>
<game gamecode="6578125105"><general>
<startdate>2025-12-31 18:56:07</startdate>
<round>1</round>
<failsafecounter/>
<players><player seat="6" name="M1ky3ste92" chips="660" dealer="0" win="250" bet="300" muck="1" rebuy="0" addon="0" merge="0" rebuychips="0" reg_code="5085236869"/>
<player seat="3" name="Tiuualex" chips="840" dealer="1" win="0" bet="125" muck="1" rebuy="0" addon="0" merge="0" rebuychips="0" reg_code="5085236698"/>
</players>
</general>
<round no="0"><action no="1" player="Tiuualex" type="15" discard="1" dealt="1" sum="5"/>
<action no="2" player="M1ky3ste92" type="15" sum="5"/>
<action no="3" player="Tiuualex" type="1" discard="1" dealt="1" sum="30"/>
<action no="4" player="M1ky3ste92" type="2" sum="60"/>
</round>
<round no="1"><cards type="Pocket" player="M1ky3ste92">SJ H3</cards>
<cards type="Pocket" player="Tiuualex">X X</cards>
<action no="5" player="Tiuualex" type="3" discard="1" dealt="1" sum="30"/>
<action no="6" player="M1ky3ste92" type="4" sum="0"/>
</round>
<round no="2"><cards type="Flop">SA CJ C2</cards>
<action no="7" player="M1ky3ste92" type="4" sum="0"/>
<action no="8" player="Tiuualex" type="5" discard="1" dealt="1" sum="60"/>
<action no="9" player="M1ky3ste92" type="3" sum="60"/>
</round>
<round no="3"><cards type="Turn">DK</cards>
<action no="10" player="M1ky3ste92" type="4" sum="0"/>
<action no="11" player="Tiuualex" type="4" discard="1" dealt="1" sum="0"/>
</round>
<round no="4"><cards type="River">HJ</cards>
<action no="12" player="M1ky3ste92" type="5" sum="175"/>
<action no="13" player="Tiuualex" type="0" discard="1" dealt="1" sum="0"/>
</round>
</game>
<game gamecode="6578125492"><general>
<startdate>2025-12-31 18:57:05</startdate>
<round>1</round>
<failsafecounter/>
<players><player seat="3" name="Tiuualex" chips="715" dealer="0" win="1,430" bet="715" muck="0" rebuy="0" addon="0" merge="0" rebuychips="0" reg_code="5085236698"/>
<player seat="6" name="M1ky3ste92" chips="785" dealer="1" win="0" bet="785" muck="1" rebuy="0" addon="0" merge="0" rebuychips="0" reg_code="5085236869"/>
</players>
</general>
<round no="0"><action no="1" player="M1ky3ste92" type="15" sum="8"/>
<action no="2" player="Tiuualex" type="15" discard="1" dealt="1" sum="8"/>
<action no="3" player="M1ky3ste92" type="1" sum="40"/>
<action no="4" player="Tiuualex" type="2" discard="1" dealt="1" sum="80"/>
</round>
<round no="1"><cards type="Pocket" player="M1ky3ste92">C5 SK</cards>
<cards type="Pocket" player="Tiuualex">SJ HQ</cards>
<action no="5" player="M1ky3ste92" type="23" sum="777"/>
<action no="6" player="Tiuualex" type="7" discard="1" dealt="1" sum="627"/>
</round>
<round no="2"><cards type="Flop">C2 H9 C4</cards>
</round>
<round no="3"><cards type="Turn">S10</cards>
</round>
<round no="4"><cards type="River">C8</cards>
</round>
</game>
<game gamecode="6578125611"><general>
<startdate>2025-12-31 18:57:25</startdate>
<round>1</round>
<failsafecounter/>
<players><player seat="6" name="M1ky3ste92" chips="70" dealer="0" win="140" bet="70" muck="0" rebuy="0" addon="0" merge="0" rebuychips="0" reg_code="5085236869"/>
<player seat="3" name="Tiuualex" chips="1,430" dealer="1" win="0" bet="70" muck="1" rebuy="0" addon="0" merge="0" rebuychips="0" reg_code="5085236698"/>
</players>
</general>
<round no="0"><action no="1" player="Tiuualex" type="15" discard="1" dealt="1" sum="8"/>
<action no="2" player="M1ky3ste92" type="15" sum="8"/>
<action no="3" player="Tiuualex" type="1" discard="1" dealt="1" sum="40"/>
<action no="4" player="M1ky3ste92" type="2" sum="62"/>
</round>
<round no="1"><cards type="Pocket" player="Tiuualex">H9 DJ</cards>
<cards type="Pocket" player="M1ky3ste92">C7 D8</cards>
<action no="5" player="Tiuualex" type="3" discard="1" dealt="1" sum="22"/>
</round>
<round no="2"><cards type="Flop">SA H6 SJ</cards>
</round>
<round no="3"><cards type="Turn">D5</cards>
</round>
<round no="4"><cards type="River">S9</cards>
</round>
</game>
<game gamecode="6578125710"><general>
<startdate>2025-12-31 18:57:41</startdate>
<round>1</round>
<failsafecounter/>
<players><player seat="3" name="Tiuualex" chips="1,360" dealer="0" win="280" bet="140" muck="0" rebuy="0" addon="0" merge="0" rebuychips="0" reg_code="5085236698"/>
<player seat="6" name="M1ky3ste92" chips="140" dealer="1" win="0" bet="140" muck="0" rebuy="0" addon="0" merge="0" rebuychips="0" reg_code="5085236869"/>
</players>
</general>
<round no="0"><action no="1" player="M1ky3ste92" type="15" sum="8"/>
<action no="2" player="Tiuualex" type="15" discard="1" dealt="1" sum="8"/>
<action no="3" player="M1ky3ste92" type="1" sum="40"/>
<action no="4" player="Tiuualex" type="2" discard="1" dealt="1" sum="80"/>
</round>
<round no="1"><cards type="Pocket" player="M1ky3ste92">C8 H4</cards>
<cards type="Pocket" player="Tiuualex">HA C3</cards>
<action no="5" player="M1ky3ste92" type="7" sum="92"/>
<action no="6" player="Tiuualex" type="3" discard="1" dealt="1" sum="52"/>
</round>
<round no="2"><cards type="Flop">CA S9 C10</cards>
</round>
<round no="3"><cards type="Turn">D6</cards>
</round>
<round no="4"><cards type="River">DJ</cards>
</round>
</game>
</session>
