<?xml version="1.0" encoding="UTF-8"?>
<session sessioncode="5085060023">
<general>
<client_version>25.7.1.50</client_version>
<mode>real</mode>
<gametype>Holdem NL</gametype>
<tablename>Twister €100 SNG, 825213536</tablename>
<tournamentcode>825213535</tournamentcode>
<tournamentname>Twister €100 SNG</tournamentname>
<buyin>€0 + €7 + €93</buyin>
<totalbuyin>€100</totalbuyin>
<rewarddrawn>€300</rewarddrawn>
<tournamentcurrency>EUR</tournamentcurrency>
<currency>EUR</currency>
<nickname>M1ky3ste92</nickname>
<gamecount>12</gamecount>
<startdate>2025-12-31 01:01:52</startdate>
<place>2</place>
<win>€0</win>
<tablesize>3</tablesize>
</general>
<game gamecode="6577358095"><general>
<startdate>2025-12-31 01:02:08</startdate>
<round>1</round>
<failsafecounter/>
<players><player seat="6" name="M1ky3ste92" chips="500" dealer="0" win="0" bet="20" muck="1" rebuy="0" addon="0" merge="0" rebuychips="0" reg_code="5085060023"/>
<player seat="10" name="StackCrusher9" chips="500" dealer="1" win="0" bet="500" muck="0" rebuy="0" addon="0" merge="0" rebuychips="0" reg_code="5085060159"/>
<player seat="3" name="FanteDiDenari" chips="500" dealer="0" win="1,020" bet="500" muck="0" rebuy="0" addon="0" merge="0" rebuychips="0" reg_code="5085059940"/>
</players>
</general>
<round no="0"><action no="1" player="FanteDiDenari" type="1" discard="1" dealt="1" sum="10"/>
<action no="2" player="M1ky3ste92" type="2" sum="20"/>
</round>
<round no="1"><cards type="Pocket" player="M1ky3ste92">S3 SK</cards>
<cards type="Pocket" player="FanteDiDenari">DA SJ</cards>
<cards type="Pocket" player="StackCrusher9">H3 C3</cards>
<action no="3" player="StackCrusher9" type="23" discard="1" dealt="1" sum="40"/>
<action no="4" player="FanteDiDenari" type="23" discard="1" dealt="1" sum="500"/>
<action no="5" player="M1ky3ste92" type="0" sum="0"/>
<action no="6" player="StackCrusher9" type="7" discard="1" dealt="1" sum="460"/>
</round>
<round no="2"><cards type="Flop">DJ D2 HK</cards>
</round>
<round no="3"><cards type="Turn">CJ</cards>
</round>
<round no="4"><cards type="River">HQ</cards>
</round>
</game>
<game gamecode="6577358228"><general>
<startdate>2025-12-31 01:02:28</startdate>
<round>1</round>
<failsafecounter/>
<players><player seat="6" name="M1ky3ste92" chips="480" dealer="0" win="0" bet="20" muck="1" rebuy="0" addon="0" merge="0" rebuychips="0" reg_code="5085060023"/>
<player seat="3" name="FanteDiDenari" chips="1,020" dealer="1" win="40" bet="40" muck="1" rebuy="0" addon="0" merge="0" rebuychips="0" reg_code="5085059940"/>
</players>
</general>
<round no="0"><action no="1" player="FanteDiDenari" type="1" discard="1" dealt="1" sum="10"/>
<action no="2" player="M1ky3ste92" type="2" sum="20"/>
</round>
<round no="1"><cards type="Pocket" player="FanteDiDenari">X X</cards>
<cards type="Pocket" player="M1ky3ste92">DQ D7</cards>
<action no="3" player="FanteDiDenari" type="3" discard="1" dealt="1" sum="10"/>
<action no="4" player="M1ky3ste92" type="4" sum="0"/>
</round>
<round no="2"><cards type="Flop">H9 HA D4</cards>
<action no="5" player="M1ky3ste92" type="4" sum="0"/>
<action no="6" player="FanteDiDenari" type="5" discard="1" dealt="1" sum="20"/>
<action no="7" player="M1ky3ste92" type="0" sum="0"/>
</round>
</game>
<game gamecode="6577358351"><general>
<startdate>2025-12-31 01:02:47</startdate>
<round>1</round>
<failsafecounter/>
<players><player seat="3" name="FanteDiDenari" chips="1,040" dealer="0" win="20" bet="20" muck="1" rebuy="0" addon="0" merge="0" rebuychips="0" reg_code="5085059940"/>
<player seat="6" name="M1ky3ste92" chips="460" dealer="1" win="0" bet="10" muck="1" rebuy="0" addon="0" merge="0" rebuychips="0" reg_code="5085060023"/>
</players>
</general>
<round no="0"><action no="1" player="M1ky3ste92" type="1" sum="10"/>
<action no="2" player="FanteDiDenari" type="2" discard="1" dealt="1" sum="20"/>
</round>
<round no="1"><cards type="Pocket" player="M1ky3ste92">C2 DJ</cards>
<cards type="Pocket" player="FanteDiDenari">X X</cards>
<action no="3" player="M1ky3ste92" type="0" sum="0"/>
</round>
</game>
<game gamecode="6577358390"><general>
<startdate>2025-12-31 01:02:53</startdate>
<round>1</round>
<failsafecounter/>
<players><player seat="6" name="M1ky3ste92" chips="450" dealer="0" win="360" bet="180" muck="0" rebuy="0" addon="0" merge="0" rebuychips="0" reg_code="5085060023"/>
<player seat="3" name="FanteDiDenari" chips="1,050" dealer="1" win="0" bet="180" muck="1" rebuy="0" addon="0" merge="0" rebuychips="0" reg_code="5085059940"/>
</players>
</general>
<round no="0"><action no="1" player="FanteDiDenari" type="1" discard="1" dealt="1" sum="10"/>
<action no="2" player="M1ky3ste92" type="2" sum="20"/>
</round>
<round no="1"><cards type="Pocket" player="M1ky3ste92">D4 D7</cards>
<cards type="Pocket" player="FanteDiDenari">S10 SQ</cards>
<action no="3" player="FanteDiDenari" type="3" discard="1" dealt="1" sum="10"/>
<action no="4" player="M1ky3ste92" type="4" sum="0"/>
</round>
<round no="2"><cards type="Flop">DK S5 HQ</cards>
<action no="5" player="M1ky3ste92" type="4" sum="0"/>
<action no="6" player="FanteDiDenari" type="4" discard="1" dealt="1" sum="0"/>
</round>
<round no="3"><cards type="Turn">S6</cards>
<action no="7" player="M1ky3ste92" type="5" sum="40"/>
<action no="8" player="FanteDiDenari" type="3" discard="1" dealt="1" sum="40"/>
</round>
<round no="4"><cards type="River">H8</cards>
<action no="9" player="M1ky3ste92" type="5" sum="120"/>
<action no="10" player="FanteDiDenari" type="3" discard="1" dealt="1" sum="120"/>
</round>
</game>
<game gamecode="6577358640"><general>
<startdate>2025-12-31 01:03:31</startdate>
<round>1</round>
<failsafecounter/>
<players><player seat="3" name="FanteDiDenari" chips="870" dealer="0" win="0" bet="20" muck="1" rebuy="0" addon="0" merge="0" rebuychips="0" reg_code="5085059940"/>
<player seat="6" name="M1ky3ste92" chips="630" dealer="1" win="40" bet="40" muck="1" rebuy="0" addon="0" merge="0" rebuychips="0" reg_code="5085060023"/>
</players>
</general>
<round no="0"><action no="1" player="M1ky3ste92" type="1" sum="10"/>
<action no="2" player="FanteDiDenari" type="2" discard="1" dealt="1" sum="20"/>
</round>
<round no="1"><cards type="Pocket" player="FanteDiDenari">X X</cards>
<cards type="Pocket" player="M1ky3ste92">H7 H6</cards>
<action no="3" player="M1ky3ste92" type="23" sum="40"/>
<action no="4" player="FanteDiDenari" type="0" discard="1" dealt="1" sum="0"/>
</round>
</game>
<game gamecode="6577358682"><general>
<startdate>2025-12-31 01:03:39</startdate>
<round>1</round>
<failsafecounter/>
<players><player seat="6" name="M1ky3ste92" chips="650" dealer="0" win="320" bet="160" muck="0" rebuy="0" addon="0" merge="0" rebuychips="0" reg_code="5085060023"/>
<player seat="3" name="FanteDiDenari" chips="850" dealer="1" win="0" bet="160" muck="1" rebuy="0" addon="0" merge="0" rebuychips="0" reg_code="5085059940"/>
</players>
</general>
<round no="0"><action no="1" player="FanteDiDenari" type="1" discard="1" dealt="1" sum="10"/>
<action no="2" player="M1ky3ste92" type="2" sum="20"/>
</round>
<round no="1"><cards type="Pocket" player="M1ky3ste92">S10 CQ</cards>
<cards type="Pocket" player="FanteDiDenari">C8 H8</cards>
<action no="3" player="FanteDiDenari" type="23" discard="1" dealt="1" sum="40"/>
<action no="4" player="M1ky3ste92" type="3" sum="20"/>
</round>
<round no="2"><cards type="Flop">D7 SJ DQ</cards>
<action no="5" player="M1ky3ste92" type="5" sum="40"/>
<action no="6" player="FanteDiDenari" type="3" discard="1" dealt="1" sum="40"/>
</round>
<round no="3"><cards type="Turn">S2</cards>
<action no="7" player="M1ky3ste92" type="5" sum="80"/>
<action no="8" player="FanteDiDenari" type="3" discard="1" dealt="1" sum="80"/>
</round>
<round no="4"><cards type="River">D9</cards>
<action no="9" player="M1ky3ste92" type="4" sum="0"/>
<action no="10" player="FanteDiDenari" type="4" discard="1" dealt="1" sum="0"/>
</round>
</game>
<game gamecode="6577359003"><general>
<startdate>2025-12-31 01:04:28</startdate>
<round>1</round>
<failsafecounter/>
<players><player seat="3" name="FanteDiDenari" chips="690" dealer="0" win="40" bet="35" muck="1" rebuy="0" addon="0" merge="0" rebuychips="0" reg_code="5085059940"/>
<player seat="6" name="M1ky3ste92" chips="810" dealer="1" win="0" bet="20" muck="1" rebuy="0" addon="0" merge="0" rebuychips="0" reg_code="5085060023"/>
</players>
</general>
<round no="0"><action no="1" player="M1ky3ste92" type="15" sum="5"/>
<action no="2" player="FanteDiDenari" type="15" discard="1" dealt="1" sum="5"/>
<action no="3" player="M1ky3ste92" type="1" sum="15"/>
<action no="4" player="FanteDiDenari" type="2" discard="1" dealt="1" sum="30"/>
</round>
<round no="1"><cards type="Pocket" player="M1ky3ste92">H7 CQ</cards>
<cards type="Pocket" player="FanteDiDenari">X X</cards>
<action no="5" player="M1ky3ste92" type="0" sum="0"/>
</round>
</game>
<game gamecode="6577359064"><general>
<startdate>2025-12-31 01:04:38</startdate>
<round>1</round>
<failsafecounter/>
<players><player seat="6" name="M1ky3ste92" chips="790" dealer="0" win="0" bet="65" muck="1" rebuy="0" addon="0" merge="0" rebuychips="0" reg_code="5085060023"/>
<player seat="3" name="FanteDiDenari" chips="710" dealer="1" win="130" bet="169" muck="1" rebuy="0" addon="0" merge="0" rebuychips="0" reg_code="5085059940"/>
</players>
</general>
<round no="0"><action no="1" player="FanteDiDenari" type="15" discard="1" dealt="1" sum="5"/>
<action no="2" player="M1ky3ste92" type="15" sum="5"/>
<action no="3" player="FanteDiDenari" type="1" discard="1" dealt="1" sum="15"/>
<action no="4" player="M1ky3ste92" type="2" sum="30"/>
</round>
<round no="1"><cards type="Pocket" player="M1ky3ste92">DQ H6</cards>
<cards type="Pocket" player="FanteDiDenari">X X</cards>
<action no="5" player="FanteDiDenari" type="3" discard="1" dealt="1" sum="15"/>
<action no="6" player="M1ky3ste92" type="4" sum="0"/>
</round>
<round no="2"><cards type="Flop">C5 CK C6</cards>
<action no="7" player="M1ky3ste92" type="4" sum="0"/>
<action no="8" player="FanteDiDenari" type="5" discard="1" dealt="1" sum="30"/>
<action no="9" player="M1ky3ste92" type="3" sum="30"/>
</round>
<round no="3"><cards type="Turn">D2</cards>
<action no="10" player="M1ky3ste92" type="4" sum="0"/>
<action no="11" player="FanteDiDenari" type="5" discard="1" dealt="1" sum="104"/>
<action no="12" player="M1ky3ste92" type="0" sum="0"/>
</round>
</game>
<game gamecode="6577359297"><general>
<startdate>2025-12-31 01:05:10</startdate>
<round>1</round>
<failsafecounter/>
<players><player seat="3" name="FanteDiDenari" chips="775" dealer="0" win="70" bet="140" muck="1" rebuy="0" addon="0" merge="0" rebuychips="0" reg_code="5085059940"/>
<player seat="6" name="M1ky3ste92" chips="725" dealer="1" win="0" bet="35" muck="1" rebuy="0" addon="0" merge="0" rebuychips="0" reg_code="5085060023"/>
</players>
</general>
<round no="0"><action no="1" player="M1ky3ste92" type="15" sum="5"/>
<action no="2" player="FanteDiDenari" type="15" discard="1" dealt="1" sum="5"/>
<action no="3" player="M1ky3ste92" type="1" sum="15"/>
<action no="4" player="FanteDiDenari" type="2" discard="1" dealt="1" sum="30"/>
</round>
<round no="1"><cards type="Pocket" player="FanteDiDenari">X X</cards>
<cards type="Pocket" player="M1ky3ste92">S5 S8</cards>
<action no="5" player="M1ky3ste92" type="3" sum="15"/>
<action no="6" player="FanteDiDenari" type="4" discard="1" dealt="1" sum="0"/>
</round>
<round no="2"><cards type="Flop">C6 DK HA</cards>
<action no="7" player="FanteDiDenari" type="4" discard="1" dealt="1" sum="0"/>
<action no="8" player="M1ky3ste92" type="4" sum="0"/>
</round>
<round no="3"><cards type="Turn">CK</cards>
<action no="9" player="FanteDiDenari" type="4" discard="1" dealt="1" sum="0"/>
<action no="10" player="M1ky3ste92" type="4" sum="0"/>
</round>
<round no="4"><cards type="River">D6</cards>
<action no="11" player="FanteDiDenari" type="5" discard="1" dealt="1" sum="105"/>
<action no="12" player="M1ky3ste92" type="0" sum="0"/>
</round>
</game>
<game gamecode="6577359493"><general>
<startdate>2025-12-31 01:05:40</startdate>
<round>1</round>
<failsafecounter/>
<players><player seat="6" name="M1ky3ste92" chips="690" dealer="0" win="0" bet="270" muck="0" rebuy="0" addon="0" merge="0" rebuychips="0" reg_code="5085060023"/>
<player seat="3" name="FanteDiDenari" chips="810" dealer="1" win="540" bet="270" muck="0" rebuy="0" addon="0" merge="0" rebuychips="0" reg_code="5085059940"/>
</players>
</general>
<round no="0"><action no="1" player="FanteDiDenari" type="15" discard="1" dealt="1" sum="5"/>
<action no="2" player="M1ky3ste92" type="15" sum="5"/>
<action no="3" player="FanteDiDenari" type="1" discard="1" dealt="1" sum="20"/>
<action no="4" player="M1ky3ste92" type="2" sum="40"/>
</round>
<round no="1"><cards type="Pocket" player="M1ky3ste92">D10 D7</cards>
<cards type="Pocket" player="FanteDiDenari">CJ HJ</cards>
<action no="5" player="FanteDiDenari" type="3" discard="1" dealt="1" sum="20"/>
<action no="6" player="M1ky3ste92" type="4" sum="0"/>
</round>
<round no="2"><cards type="Flop">H3 HQ D6</cards>
<action no="7" player="M1ky3ste92" type="4" sum="0"/>
<action no="8" player="FanteDiDenari" type="4" discard="1" dealt="1" sum="0"/>
</round>
<round no="3"><cards type="Turn">D9</cards>
<action no="9" player="M1ky3ste92" type="5" sum="90"/>
<action no="10" player="FanteDiDenari" type="3" discard="1" dealt="1" sum="90"/>
</round>
<round no="4"><cards type="River">CA</cards>
<action no="11" player="M1ky3ste92" type="5" sum="135"/>
<action no="12" player="FanteDiDenari" type="3" discard="1" dealt="1" sum="135"/>
</round>
</game>
<game gamecode="6577364165"><general>
<startdate>2025-12-31 01:06:08</startdate>
<round>1</round>
<failsafecounter/>
<players><player seat="3" name="FanteDiDenari" chips="1,080" dealer="0" win="0" bet="45" muck="1" rebuy="0" addon="0" merge="0" rebuychips="0" reg_code="5085059940"/>
<player seat="6" name="M1ky3ste92" chips="420" dealer="1" win="90" bet="85" muck="1" rebuy="0" addon="0" merge="0" rebuychips="0" reg_code="5085060023"/>
</players>
</general>
<round no="0"><action no="1" player="M1ky3ste92" type="15" sum="5"/>
<action no="2" player="FanteDiDenari" type="15" discard="1" dealt="1" sum="5"/>
<action no="3" player="M1ky3ste92" type="1" sum="20"/>
<action no="4" player="FanteDiDenari" type="2" discard="1" dealt="1" sum="40"/>
</round>
<round no="1"><cards type="Pocket" player="M1ky3ste92">S8 D9</cards>
<cards type="Pocket" player="FanteDiDenari">X X</cards>
<action no="5" player="M1ky3ste92" type="3" sum="20"/>
<action no="6" player="FanteDiDenari" type="4" discard="1" dealt="1" sum="0"/>
</round>
<round no="2"><cards type="Flop">CK D8 HJ</cards>
<action no="7" player="FanteDiDenari" type="4" discard="1" dealt="1" sum="0"/>
<action no="8" player="M1ky3ste92" type="5" sum="40"/>
<action no="9" player="FanteDiDenari" type="0" discard="1" dealt="1" sum="0"/>
</round>
</game>
<game gamecode="6577364295"><general>
<startdate>2025-12-31 01:06:26</startdate>
<round>1</round>
<failsafecounter/>
<players><player seat="6" name="M1ky3ste92" chips="465" dealer="0" win="0" bet="465" muck="1" rebuy="0" addon="0" merge="0" rebuychips="0" reg_code="5085060023"/>
<player seat="3" name="FanteDiDenari" chips="1,035" dealer="1" win="930" bet="1,035" muck="0" rebuy="0" addon="0" merge="0" rebuychips="0" reg_code="5085059940"/>
</players>
</general>
<round no="0"><action no="1" player="FanteDiDenari" type="15" discard="1" dealt="1" sum="5"/>
<action no="2" player="M1ky3ste92" type="15" sum="5"/>
<action no="3" player="FanteDiDenari" type="1" discard="1" dealt="1" sum="20"/>
<action no="4" player="M1ky3ste92" type="2" sum="40"/>
</round>
<round no="1"><cards type="Pocket" player="FanteDiDenari">HA S5</cards>
<cards type="Pocket" player="M1ky3ste92">S2 DA</cards>
<action no="5" player="FanteDiDenari" type="23" discard="1" dealt="1" sum="1,030"/>
<action no="6" player="M1ky3ste92" type="7" sum="420"/>
</round>
<round no="2"><cards type="Flop">D7 HK S6</cards>
</round>
<round no="3"><cards type="Turn">H5</cards>
</round>
<round no="4"><cards type="River">D8</cards>
</round>
</game>
</session>
