<?xml version="1.0" encoding="UTF-8"?>
<session sessioncode="5085184749">
<general>
<client_version>25.7.1.50</client_version>
<mode>real</mode>
<gametype>Holdem NL</gametype>
<tablename>Twister €100 SNG, 825256149</tablename>
<tournamentcode>825256148</tournamentcode>
<tournamentname>Twister €100 SNG</tournamentname>
<buyin>€0 + €7 + €93</buyin>
<totalbuyin>€100</totalbuyin>
<rewarddrawn>€200</rewarddrawn>
<tournamentcurrency>EUR</tournamentcurrency>
<currency>EUR</currency>
<nickname>M1ky3ste92</nickname>
<gamecount>34</gamecount>
<startdate>2025-12-31 15:47:17</startdate>
<place>1</place>
<win>€200</win>
<tablesize>3</tablesize>
</general>
<game gamecode="6577898520"><general>
<startdate>2025-12-31 15:47:33</startdate>
<round>1</round>
<failsafecounter/>
<players><player seat="3" name="FanteDiDenari" chips="500" dealer="0" win="0" bet="20" muck="1" rebuy="0" addon="0" merge="0" rebuychips="0" reg_code="5085184336"/>
<player seat="6" name="Polletto71" chips="500" dealer="1" win="50" bet="80" muck="1" rebuy="0" addon="0" merge="0" rebuychips="0" reg_code="5085184747"/>
<player seat="10" name="M1ky3ste92" chips="500" dealer="0" win="0" bet="10" muck="1" rebuy="0" addon="0" merge="0" rebuychips="0" reg_code="5085184749"/>
</players>
</general>
<round no="0"><action no="1" player="M1ky3ste92" type="1" sum="10"/>
<action no="2" player="FanteDiDenari" type="2" discard="1" dealt="1" sum="20"/>
</round>
<round no="1"><cards type="Pocket" player="Polletto71">X X</cards>
<cards type="Pocket" player="M1ky3ste92">S4 C2</cards>
<cards type="Pocket" player="FanteDiDenari">X X</cards>
<action no="3" player="Polletto71" type="23" discard="1" dealt="1" sum="80"/>
<action no="4" player="M1ky3ste92" type="0" sum="0"/>
<action no="5" player="FanteDiDenari" type="0" discard="1" dealt="1" sum="0"/>
</round>
</game>
<game gamecode="6577898558"><general>
<startdate>2025-12-31 15:47:45</startdate>
<round>1</round>
<failsafecounter/>
<players><player seat="6" name="Polletto71" chips="530" dealer="0" win="0" bet="20" muck="1" rebuy="0" addon="0" merge="0" rebuychips="0" reg_code="5085184747"/>
<player seat="10" name="M1ky3ste92" chips="490" dealer="1" win="50" bet="40" muck="1" rebuy="0" addon="0" merge="0" rebuychips="0" reg_code="5085184749"/>
<player seat="3" name="FanteDiDenari" chips="480" dealer="0" win="0" bet="10" muck="1" rebuy="0" addon="0" merge="0" rebuychips="0" reg_code="5085184336"/>
</players>
</general>
<round no="0"><action no="1" player="FanteDiDenari" type="1" discard="1" dealt="1" sum="10"/>
<action no="2" player="Polletto71" type="2" discard="1" dealt="1" sum="20"/>
</round>
<round no="1"><cards type="Pocket" player="FanteDiDenari">X X</cards>
<cards type="Pocket" player="Polletto71">X X</cards>
<cards type="Pocket" player="M1ky3ste92">DK C9</cards>
<action no="3" player="M1ky3ste92" type="23" sum="40"/>
<action no="4" player="FanteDiDenari" type="0" discard="1" dealt="1" sum="0"/>
<action no="5" player="Polletto71" type="0" discard="1" dealt="1" sum="0"/>
</round>
</game>
<game gamecode="6577898603"><general>
<startdate>2025-12-31 15:47:54</startdate>
<round>1</round>
<failsafecounter/>
<players><player seat="10" name="M1ky3ste92" chips="520" dealer="0" win="20" bet="20" muck="1" rebuy="0" addon="0" merge="0" rebuychips="0" reg_code="5085184749"/>
<player seat="3" name="FanteDiDenari" chips="470" dealer="1" win="0" bet="0" muck="1" rebuy="0" addon="0" merge="0" rebuychips="0" reg_code="5085184336"/>
<player seat="6" name="Polletto71" chips="510" dealer="0" win="0" bet="10" muck="1" rebuy="0" addon="0" merge="0" rebuychips="0" reg_code="5085184747"/>
</players>
</general>
<round no="0"><action no="1" player="Polletto71" type="1" discard="1" dealt="1" sum="10"/>
<action no="2" player="M1ky3ste92" type="2" sum="20"/>
</round>
<round no="1"><cards type="Pocket" player="Polletto71">X X</cards>
<cards type="Pocket" player="M1ky3ste92">C5 D2</cards>
<cards type="Pocket" player="FanteDiDenari">X X</cards>
<action no="3" player="FanteDiDenari" type="0" discard="1" dealt="1" sum="0"/>
<action no="4" player="Polletto71" type="0" discard="1" dealt="1" sum="0"/>
</round>
</game>
<game gamecode="6577898643"><general>
<startdate>2025-12-31 15:48:03</startdate>
<round>1</round>
<failsafecounter/>
<players><player seat="3" name="FanteDiDenari" chips="470" dealer="0" win="0" bet="40" muck="1" rebuy="0" addon="0" merge="0" rebuychips="0" reg_code="5085184336"/>
<player seat="6" name="Polletto71" chips="500" dealer="1" win="0" bet="0" muck="1" rebuy="0" addon="0" merge="0" rebuychips="0" reg_code="5085184747"/>
<player seat="10" name="M1ky3ste92" chips="530" dealer="0" win="80" bet="40" muck="0" rebuy="0" addon="0" merge="0" rebuychips="0" reg_code="5085184749"/>
</players>
</general>
<round no="0"><action no="1" player="M1ky3ste92" type="1" sum="10"/>
<action no="2" player="FanteDiDenari" type="2" discard="1" dealt="1" sum="20"/>
</round>
<round no="1"><cards type="Pocket" player="FanteDiDenari">D3 SJ</cards>
<cards type="Pocket" player="Polletto71">X X</cards>
<cards type="Pocket" player="M1ky3ste92">C9 C4</cards>
<action no="3" player="Polletto71" type="0" discard="1" dealt="1" sum="0"/>
<action no="4" player="M1ky3ste92" type="3" sum="10"/>
<action no="5" player="FanteDiDenari" type="4" discard="1" dealt="1" sum="0"/>
</round>
<round no="2"><cards type="Flop">C6 DA S4</cards>
<action no="6" player="M1ky3ste92" type="4" sum="0"/>
<action no="7" player="FanteDiDenari" type="5" discard="1" dealt="1" sum="20"/>
<action no="8" player="M1ky3ste92" type="3" sum="20"/>
</round>
<round no="3"><cards type="Turn">C10</cards>
<action no="9" player="M1ky3ste92" type="4" sum="0"/>
<action no="10" player="FanteDiDenari" type="4" discard="1" dealt="1" sum="0"/>
</round>
<round no="4"><cards type="River">S2</cards>
<action no="11" player="M1ky3ste92" type="4" sum="0"/>
<action no="12" player="FanteDiDenari" type="4" discard="1" dealt="1" sum="0"/>
</round>
</game>
<game gamecode="6577898795"><general>
<startdate>2025-12-31 15:48:44</startdate>
<round>1</round>
<failsafecounter/>
<players><player seat="6" name="Polletto71" chips="500" dealer="0" win="0" bet="20" muck="1" rebuy="0" addon="0" merge="0" rebuychips="0" reg_code="5085184747"/>
<player seat="10" name="M1ky3ste92" chips="570" dealer="1" win="0" bet="0" muck="1" rebuy="0" addon="0" merge="0" rebuychips="0" reg_code="5085184749"/>
<player seat="3" name="FanteDiDenari" chips="430" dealer="0" win="40" bet="40" muck="1" rebuy="0" addon="0" merge="0" rebuychips="0" reg_code="5085184336"/>
</players>
</general>
<round no="0"><action no="1" player="FanteDiDenari" type="1" discard="1" dealt="1" sum="10"/>
<action no="2" player="Polletto71" type="2" discard="1" dealt="1" sum="20"/>
</round>
<round no="1"><cards type="Pocket" player="Polletto71">X X</cards>
<cards type="Pocket" player="M1ky3ste92">C10 D6</cards>
<cards type="Pocket" player="FanteDiDenari">X X</cards>
<action no="3" player="M1ky3ste92" type="0" sum="0"/>
<action no="4" player="FanteDiDenari" type="3" discard="1" dealt="1" sum="10"/>
<action no="5" player="Polletto71" type="4" discard="1" dealt="1" sum="0"/>
</round>
<round no="2"><cards type="Flop">CA D9 H6</cards>
<action no="6" player="FanteDiDenari" type="5" discard="1" dealt="1" sum="20"/>
<action no="7" player="Polletto71" type="0" discard="1" dealt="1" sum="0"/>
</round>
</game>
<game gamecode="6577898866"><general>
<startdate>2025-12-31 15:49:00</startdate>
<round>1</round>
<failsafecounter/>
<players><player seat="10" name="M1ky3ste92" chips="570" dealer="0" win="0" bet="20" muck="1" rebuy="0" addon="0" merge="0" rebuychips="0" reg_code="5085184749"/>
<player seat="3" name="FanteDiDenari" chips="450" dealer="1" win="0" bet="0" muck="1" rebuy="0" addon="0" merge="0" rebuychips="0" reg_code="5085184336"/>
<player seat="6" name="Polletto71" chips="480" dealer="0" win="40" bet="40" muck="1" rebuy="0" addon="0" merge="0" rebuychips="0" reg_code="5085184747"/>
</players>
</general>
<round no="0"><action no="1" player="Polletto71" type="1" discard="1" dealt="1" sum="10"/>
<action no="2" player="M1ky3ste92" type="2" sum="20"/>
</round>
<round no="1"><cards type="Pocket" player="FanteDiDenari">X X</cards>
<cards type="Pocket" player="Polletto71">X X</cards>
<cards type="Pocket" player="M1ky3ste92">D3 H6</cards>
<action no="3" player="FanteDiDenari" type="0" discard="1" dealt="1" sum="0"/>
<action no="4" player="Polletto71" type="23" discard="1" dealt="1" sum="40"/>
<action no="5" player="M1ky3ste92" type="0" sum="0"/>
</round>
</game>
<game gamecode="6577898903"><general>
<startdate>2025-12-31 15:49:08</startdate>
<round>1</round>
<failsafecounter/>
<players><player seat="3" name="FanteDiDenari" chips="450" dealer="0" win="0" bet="40" muck="1" rebuy="0" addon="0" merge="0" rebuychips="0" reg_code="5085184336"/>
<player seat="6" name="Polletto71" chips="500" dealer="1" win="100" bet="140" muck="1" rebuy="0" addon="0" merge="0" rebuychips="0" reg_code="5085184747"/>
<player seat="10" name="M1ky3ste92" chips="550" dealer="0" win="0" bet="20" muck="1" rebuy="0" addon="0" merge="0" rebuychips="0" reg_code="5085184749"/>
</players>
</general>
<round no="0"><action no="1" player="M1ky3ste92" type="1" sum="10"/>
<action no="2" player="FanteDiDenari" type="2" discard="1" dealt="1" sum="20"/>
</round>
<round no="1"><cards type="Pocket" player="FanteDiDenari">X X</cards>
<cards type="Pocket" player="M1ky3ste92">H7 CJ</cards>
<cards type="Pocket" player="Polletto71">X X</cards>
<action no="3" player="Polletto71" type="3" discard="1" dealt="1" sum="20"/>
<action no="4" player="M1ky3ste92" type="3" sum="10"/>
<action no="5" player="FanteDiDenari" type="4" discard="1" dealt="1" sum="0"/>
</round>
<round no="2"><cards type="Flop">S10 SQ S7</cards>
<action no="6" player="M1ky3ste92" type="4" sum="0"/>
<action no="7" player="FanteDiDenari" type="4" discard="1" dealt="1" sum="0"/>
<action no="8" player="Polletto71" type="4" discard="1" dealt="1" sum="0"/>
</round>
<round no="3"><cards type="Turn">S3</cards>
<action no="9" player="M1ky3ste92" type="4" sum="0"/>
<action no="10" player="FanteDiDenari" type="4" discard="1" dealt="1" sum="0"/>
<action no="11" player="Polletto71" type="5" discard="1" dealt="1" sum="20"/>
<action no="12" player="M1ky3ste92" type="0" sum="0"/>
<action no="13" player="FanteDiDenari" type="3" discard="1" dealt="1" sum="20"/>
</round>
<round no="4"><cards type="River">DA</cards>
<action no="14" player="FanteDiDenari" type="4" discard="1" dealt="1" sum="0"/>
<action no="15" player="Polletto71" type="5" discard="1" dealt="1" sum="100"/>
<action no="16" player="FanteDiDenari" type="0" discard="1" dealt="1" sum="0"/>
</round>
</game>
<game gamecode="6577904705"><general>
<startdate>2025-12-31 15:49:51</startdate>
<round>1</round>
<failsafecounter/>
<players><player seat="6" name="Polletto71" chips="560" dealer="0" win="0" bet="73" muck="1" rebuy="0" addon="0" merge="0" rebuychips="0" reg_code="5085184747"/>
<player seat="10" name="M1ky3ste92" chips="530" dealer="1" win="0" bet="5" muck="1" rebuy="0" addon="0" merge="0" rebuychips="0" reg_code="5085184749"/>
<player seat="3" name="FanteDiDenari" chips="410" dealer="0" win="151" bet="195" muck="1" rebuy="0" addon="0" merge="0" rebuychips="0" reg_code="5085184336"/>
</players>
</general>
<round no="0"><action no="1" player="FanteDiDenari" type="15" discard="1" dealt="1" sum="5"/>
<action no="2" player="Polletto71" type="15" discard="1" dealt="1" sum="5"/>
<action no="3" player="M1ky3ste92" type="15" sum="5"/>
<action no="4" player="FanteDiDenari" type="1" discard="1" dealt="1" sum="15"/>
<action no="5" player="Polletto71" type="2" discard="1" dealt="1" sum="30"/>
</round>
<round no="1"><cards type="Pocket" player="FanteDiDenari">X X</cards>
<cards type="Pocket" player="M1ky3ste92">H10 D5</cards>
<cards type="Pocket" player="Polletto71">X X</cards>
<action no="6" player="M1ky3ste92" type="0" sum="0"/>
<action no="7" player="FanteDiDenari" type="3" discard="1" dealt="1" sum="15"/>
<action no="8" player="Polletto71" type="4" discard="1" dealt="1" sum="0"/>
</round>
<round no="2"><cards type="Flop">D7 C9 C6</cards>
<action no="9" player="FanteDiDenari" type="4" discard="1" dealt="1" sum="0"/>
<action no="10" player="Polletto71" type="4" discard="1" dealt="1" sum="0"/>
</round>
<round no="3"><cards type="Turn">S10</cards>
<action no="11" player="FanteDiDenari" type="5" discard="1" dealt="1" sum="38"/>
<action no="12" player="Polletto71" type="3" discard="1" dealt="1" sum="38"/>
</round>
<round no="4"><cards type="River">HA</cards>
<action no="13" player="FanteDiDenari" type="5" discard="1" dealt="1" sum="122"/>
<action no="14" player="Polletto71" type="0" discard="1" dealt="1" sum="0"/>
</round>
</game>
<game gamecode="6577904798"><general>
<startdate>2025-12-31 15:50:17</startdate>
<round>1</round>
<failsafecounter/>
<players><player seat="10" name="M1ky3ste92" chips="525" dealer="0" win="45" bet="35" muck="1" rebuy="0" addon="0" merge="0" rebuychips="0" reg_code="5085184749"/>
<player seat="3" name="FanteDiDenari" chips="488" dealer="1" win="0" bet="5" muck="1" rebuy="0" addon="0" merge="0" rebuychips="0" reg_code="5085184336"/>
<player seat="6" name="Polletto71" chips="487" dealer="0" win="0" bet="20" muck="1" rebuy="0" addon="0" merge="0" rebuychips="0" reg_code="5085184747"/>
</players>
</general>
<round no="0"><action no="1" player="Polletto71" type="15" discard="1" dealt="1" sum="5"/>
<action no="2" player="M1ky3ste92" type="15" sum="5"/>
<action no="3" player="FanteDiDenari" type="15" discard="1" dealt="1" sum="5"/>
<action no="4" player="Polletto71" type="1" discard="1" dealt="1" sum="15"/>
<action no="5" player="M1ky3ste92" type="2" sum="30"/>
</round>
<round no="1"><cards type="Pocket" player="Polletto71">X X</cards>
<cards type="Pocket" player="M1ky3ste92">D4 C7</cards>
<cards type="Pocket" player="FanteDiDenari">X X</cards>
<action no="6" player="FanteDiDenari" type="0" discard="1" dealt="1" sum="0"/>
<action no="7" player="Polletto71" type="0" discard="1" dealt="1" sum="0"/>
</round>
</game>
<game gamecode="6577904824"><general>
<startdate>2025-12-31 15:50:24</startdate>
<round>1</round>
<failsafecounter/>
<players><player seat="3" name="FanteDiDenari" chips="483" dealer="0" win="0" bet="35" muck="1" rebuy="0" addon="0" merge="0" rebuychips="0" reg_code="5085184336"/>
<player seat="6" name="Polletto71" chips="467" dealer="1" win="90" bet="125" muck="1" rebuy="0" addon="0" merge="0" rebuychips="0" reg_code="5085184747"/>
<player seat="10" name="M1ky3ste92" chips="550" dealer="0" win="0" bet="20" muck="1" rebuy="0" addon="0" merge="0" rebuychips="0" reg_code="5085184749"/>
</players>
</general>
<round no="0"><action no="1" player="M1ky3ste92" type="15" sum="5"/>
<action no="2" player="FanteDiDenari" type="15" discard="1" dealt="1" sum="5"/>
<action no="3" player="Polletto71" type="15" discard="1" dealt="1" sum="5"/>
<action no="4" player="M1ky3ste92" type="1" sum="15"/>
<action no="5" player="FanteDiDenari" type="2" discard="1" dealt="1" sum="30"/>
</round>
<round no="1"><cards type="Pocket" player="FanteDiDenari">X X</cards>
<cards type="Pocket" player="Polletto71">X X</cards>
<cards type="Pocket" player="M1ky3ste92">C8 S2</cards>
<action no="6" player="Polletto71" type="23" discard="1" dealt="1" sum="120"/>
<action no="7" player="M1ky3ste92" type="0" sum="0"/>
<action no="8" player="FanteDiDenari" type="0" discard="1" dealt="1" sum="0"/>
</round>
</game>
<game gamecode="6577904855"><general>
<startdate>2025-12-31 15:50:33</startdate>
<round>1</round>
<failsafecounter/>
<players><player seat="6" name="Polletto71" chips="522" dealer="0" win="0" bet="35" muck="1" rebuy="0" addon="0" merge="0" rebuychips="0" reg_code="5085184747"/>
<player seat="10" name="M1ky3ste92" chips="530" dealer="1" win="0" bet="5" muck="1" rebuy="0" addon="0" merge="0" rebuychips="0" reg_code="5085184749"/>
<player seat="3" name="FanteDiDenari" chips="448" dealer="0" win="75" bet="81" muck="1" rebuy="0" addon="0" merge="0" rebuychips="0" reg_code="5085184336"/>
</players>
</general>
<round no="0"><action no="1" player="FanteDiDenari" type="15" discard="1" dealt="1" sum="5"/>
<action no="2" player="Polletto71" type="15" discard="1" dealt="1" sum="5"/>
<action no="3" player="M1ky3ste92" type="15" sum="5"/>
<action no="4" player="FanteDiDenari" type="1" discard="1" dealt="1" sum="15"/>
<action no="5" player="Polletto71" type="2" discard="1" dealt="1" sum="30"/>
</round>
<round no="1"><cards type="Pocket" player="FanteDiDenari">X X</cards>
<cards type="Pocket" player="Polletto71">X X</cards>
<cards type="Pocket" player="M1ky3ste92">H6 S7</cards>
<action no="6" player="M1ky3ste92" type="0" sum="0"/>
<action no="7" player="FanteDiDenari" type="3" discard="1" dealt="1" sum="15"/>
<action no="8" player="Polletto71" type="4" discard="1" dealt="1" sum="0"/>
</round>
<round no="2"><cards type="Flop">D7 CJ H10</cards>
<action no="9" player="FanteDiDenari" type="4" discard="1" dealt="1" sum="0"/>
<action no="10" player="Polletto71" type="4" discard="1" dealt="1" sum="0"/>
</round>
<round no="3"><cards type="Turn">CA</cards>
<action no="11" player="FanteDiDenari" type="5" discard="1" dealt="1" sum="46"/>
<action no="12" player="Polletto71" type="0" discard="1" dealt="1" sum="0"/>
</round>
</game>
<game gamecode="6577904948"><general>
<startdate>2025-12-31 15:50:57</startdate>
<round>1</round>
<failsafecounter/>
<players><player seat="10" name="M1ky3ste92" chips="525" dealer="0" win="1,001" bet="488" muck="0" rebuy="0" addon="0" merge="0" rebuychips="0" reg_code="5085184749"/>
<player seat="3" name="FanteDiDenari" chips="488" dealer="1" win="0" bet="488" muck="0" rebuy="0" addon="0" merge="0" rebuychips="0" reg_code="5085184336"/>
<player seat="6" name="Polletto71" chips="487" dealer="0" win="0" bet="25" muck="1" rebuy="0" addon="0" merge="0" rebuychips="0" reg_code="5085184747"/>
</players>
</general>
<round no="0"><action no="1" player="Polletto71" type="15" discard="1" dealt="1" sum="5"/>
<action no="2" player="M1ky3ste92" type="15" sum="5"/>
<action no="3" player="FanteDiDenari" type="15" discard="1" dealt="1" sum="5"/>
<action no="4" player="Polletto71" type="1" discard="1" dealt="1" sum="20"/>
<action no="5" player="M1ky3ste92" type="2" sum="40"/>
</round>
<round no="1"><cards type="Pocket" player="M1ky3ste92">D8 D9</cards>
<cards type="Pocket" player="Polletto71">X X</cards>
<cards type="Pocket" player="FanteDiDenari">D6 DA</cards>
<action no="6" player="FanteDiDenari" type="23" discard="1" dealt="1" sum="483"/>
<action no="7" player="Polletto71" type="0" discard="1" dealt="1" sum="0"/>
<action no="8" player="M1ky3ste92" type="3" sum="443"/>
</round>
<round no="2"><cards type="Flop">H9 C6 S10</cards>
</round>
<round no="3"><cards type="Turn">D4</cards>
</round>
<round no="4"><cards type="River">S3</cards>
</round>
</game>
<game gamecode="6577905017"><general>
<startdate>2025-12-31 15:51:15</startdate>
<round>1</round>
<failsafecounter/>
<players><player seat="10" name="M1ky3ste92" chips="1,038" dealer="0" win="50" bet="45" muck="1" rebuy="0" addon="0" merge="0" rebuychips="0" reg_code="5085184749"/>
<player seat="6" name="Polletto71" chips="462" dealer="1" win="0" bet="25" muck="1" rebuy="0" addon="0" merge="0" rebuychips="0" reg_code="5085184747"/>
</players>
</general>
<round no="0"><action no="1" player="Polletto71" type="15" discard="1" dealt="1" sum="5"/>
<action no="2" player="M1ky3ste92" type="15" sum="5"/>
<action no="3" player="Polletto71" type="1" discard="1" dealt="1" sum="20"/>
<action no="4" player="M1ky3ste92" type="2" sum="40"/>
</round>
<round no="1"><cards type="Pocket" player="Polletto71">X X</cards>
<cards type="Pocket" player="M1ky3ste92">S2 H10</cards>
<action no="5" player="Polletto71" type="0" discard="1" dealt="1" sum="0"/>
</round>
</game>
<game gamecode="6577905033"><general>
<startdate>2025-12-31 15:51:21</startdate>
<round>1</round>
<failsafecounter/>
<players><player seat="6" name="Polletto71" chips="437" dealer="0" win="50" bet="45" muck="1" rebuy="0" addon="0" merge="0" rebuychips="0" reg_code="5085184747"/>
<player seat="10" name="M1ky3ste92" chips="1,063" dealer="1" win="0" bet="25" muck="1" rebuy="0" addon="0" merge="0" rebuychips="0" reg_code="5085184749"/>
</players>
</general>
<round no="0"><action no="1" player="M1ky3ste92" type="15" sum="5"/>
<action no="2" player="Polletto71" type="15" discard="1" dealt="1" sum="5"/>
<action no="3" player="M1ky3ste92" type="1" sum="20"/>
<action no="4" player="Polletto71" type="2" discard="1" dealt="1" sum="40"/>
</round>
<round no="1"><cards type="Pocket" player="Polletto71">X X</cards>
<cards type="Pocket" player="M1ky3ste92">C7 S2</cards>
<action no="5" player="M1ky3ste92" type="0" sum="0"/>
</round>
</game>
<game gamecode="6577905063"><general>
<startdate>2025-12-31 15:51:26</startdate>
<round>1</round>
<failsafecounter/>
<players><player seat="10" name="M1ky3ste92" chips="1,038" dealer="0" win="50" bet="45" muck="1" rebuy="0" addon="0" merge="0" rebuychips="0" reg_code="5085184749"/>
<player seat="6" name="Polletto71" chips="462" dealer="1" win="0" bet="25" muck="1" rebuy="0" addon="0" merge="0" rebuychips="0" reg_code="5085184747"/>
</players>
</general>
<round no="0"><action no="1" player="Polletto71" type="15" discard="1" dealt="1" sum="5"/>
<action no="2" player="M1ky3ste92" type="15" sum="5"/>
<action no="3" player="Polletto71" type="1" discard="1" dealt="1" sum="20"/>
<action no="4" player="M1ky3ste92" type="2" sum="40"/>
</round>
<round no="1"><cards type="Pocket" player="M1ky3ste92">SQ S5</cards>
<cards type="Pocket" player="Polletto71">X X</cards>
<action no="5" player="Polletto71" type="0" discard="1" dealt="1" sum="0"/>
</round>
</game>
<game gamecode="6577905084"><general>
<startdate>2025-12-31 15:51:32</startdate>
<round>1</round>
<failsafecounter/>
<players><player seat="6" name="Polletto71" chips="437" dealer="0" win="50" bet="45" muck="1" rebuy="0" addon="0" merge="0" rebuychips="0" reg_code="5085184747"/>
<player seat="10" name="M1ky3ste92" chips="1,063" dealer="1" win="0" bet="25" muck="1" rebuy="0" addon="0" merge="0" rebuychips="0" reg_code="5085184749"/>
</players>
</general>
<round no="0"><action no="1" player="M1ky3ste92" type="15" sum="5"/>
<action no="2" player="Polletto71" type="15" discard="1" dealt="1" sum="5"/>
<action no="3" player="M1ky3ste92" type="1" sum="20"/>
<action no="4" player="Polletto71" type="2" discard="1" dealt="1" sum="40"/>
</round>
<round no="1"><cards type="Pocket" player="M1ky3ste92">S3 C2</cards>
<cards type="Pocket" player="Polletto71">X X</cards>
<action no="5" player="M1ky3ste92" type="0" sum="0"/>
</round>
</game>
<game gamecode="6577905113"><general>
<startdate>2025-12-31 15:51:39</startdate>
<round>1</round>
<failsafecounter/>
<players><player seat="10" name="M1ky3ste92" chips="1,038" dealer="0" win="0" bet="45" muck="1" rebuy="0" addon="0" merge="0" rebuychips="0" reg_code="5085184749"/>
<player seat="6" name="Polletto71" chips="462" dealer="1" win="90" bet="462" muck="1" rebuy="0" addon="0" merge="0" rebuychips="0" reg_code="5085184747"/>
</players>
</general>
<round no="0"><action no="1" player="Polletto71" type="15" discard="1" dealt="1" sum="5"/>
<action no="2" player="M1ky3ste92" type="15" sum="5"/>
<action no="3" player="Polletto71" type="1" discard="1" dealt="1" sum="20"/>
<action no="4" player="M1ky3ste92" type="2" sum="40"/>
</round>
<round no="1"><cards type="Pocket" player="M1ky3ste92">H4 H9</cards>
<cards type="Pocket" player="Polletto71">X X</cards>
<action no="5" player="Polletto71" type="23" discard="1" dealt="1" sum="457"/>
<action no="6" player="M1ky3ste92" type="0" sum="0"/>
</round>
</game>
<game gamecode="6577905144"><general>
<startdate>2025-12-31 15:51:47</startdate>
<round>1</round>
<failsafecounter/>
<players><player seat="6" name="Polletto71" chips="507" dealer="0" win="0" bet="45" muck="1" rebuy="0" addon="0" merge="0" rebuychips="0" reg_code="5085184747"/>
<player seat="10" name="M1ky3ste92" chips="993" dealer="1" win="90" bet="85" muck="1" rebuy="0" addon="0" merge="0" rebuychips="0" reg_code="5085184749"/>
</players>
</general>
<round no="0"><action no="1" player="M1ky3ste92" type="15" sum="5"/>
<action no="2" player="Polletto71" type="15" discard="1" dealt="1" sum="5"/>
<action no="3" player="M1ky3ste92" type="1" sum="20"/>
<action no="4" player="Polletto71" type="2" discard="1" dealt="1" sum="40"/>
</round>
<round no="1"><cards type="Pocket" player="Polletto71">X X</cards>
<cards type="Pocket" player="M1ky3ste92">H4 S6</cards>
<action no="5" player="M1ky3ste92" type="3" sum="20"/>
<action no="6" player="Polletto71" type="4" discard="1" dealt="1" sum="0"/>
</round>
<round no="2"><cards type="Flop">D3 CQ D2</cards>
<action no="7" player="Polletto71" type="4" discard="1" dealt="1" sum="0"/>
<action no="8" player="M1ky3ste92" type="5" sum="40"/>
<action no="9" player="Polletto71" type="0" discard="1" dealt="1" sum="0"/>
</round>
</game>
<game gamecode="6577905183"><general>
<startdate>2025-12-31 15:51:57</startdate>
<round>1</round>
<failsafecounter/>
<players><player seat="10" name="M1ky3ste92" chips="1,038" dealer="0" win="170" bet="85" muck="0" rebuy="0" addon="0" merge="0" rebuychips="0" reg_code="5085184749"/>
<player seat="6" name="Polletto71" chips="462" dealer="1" win="0" bet="85" muck="1" rebuy="0" addon="0" merge="0" rebuychips="0" reg_code="5085184747"/>
</players>
</general>
<round no="0"><action no="1" player="Polletto71" type="15" discard="1" dealt="1" sum="5"/>
<action no="2" player="M1ky3ste92" type="15" sum="5"/>
<action no="3" player="Polletto71" type="1" discard="1" dealt="1" sum="20"/>
<action no="4" player="M1ky3ste92" type="2" sum="40"/>
</round>
<round no="1"><cards type="Pocket" player="M1ky3ste92">D4 C9</cards>
<cards type="Pocket" player="Polletto71">C5 DQ</cards>
<action no="5" player="Polletto71" type="3" discard="1" dealt="1" sum="20"/>
<action no="6" player="M1ky3ste92" type="4" sum="0"/>
</round>
<round no="2"><cards type="Flop">H9 C2 CK</cards>
<action no="7" player="M1ky3ste92" type="4" sum="0"/>
<action no="8" player="Polletto71" type="5" discard="1" dealt="1" sum="40"/>
<action no="9" player="M1ky3ste92" type="3" sum="40"/>
</round>
<round no="3"><cards type="Turn">C7</cards>
<action no="10" player="M1ky3ste92" type="4" sum="0"/>
<action no="11" player="Polletto71" type="4" discard="1" dealt="1" sum="0"/>
</round>
<round no="4"><cards type="River">CQ</cards>
<action no="12" player="M1ky3ste92" type="4" sum="0"/>
<action no="13" player="Polletto71" type="4" discard="1" dealt="1" sum="0"/>
</round>
</game>
<game gamecode="6577905284"><general>
<startdate>2025-12-31 15:52:23</startdate>
<round>1</round>
<failsafecounter/>
<players><player seat="6" name="Polletto71" chips="377" dealer="0" win="754" bet="377" muck="0" rebuy="0" addon="0" merge="0" rebuychips="0" reg_code="5085184747"/>
<player seat="10" name="M1ky3ste92" chips="1,123" dealer="1" win="0" bet="1,123" muck="1" rebuy="0" addon="0" merge="0" rebuychips="0" reg_code="5085184749"/>
</players>
</general>
<round no="0"><action no="1" player="M1ky3ste92" type="15" sum="5"/>
<action no="2" player="Polletto71" type="15" discard="1" dealt="1" sum="5"/>
<action no="3" player="M1ky3ste92" type="1" sum="20"/>
<action no="4" player="Polletto71" type="2" discard="1" dealt="1" sum="40"/>
</round>
<round no="1"><cards type="Pocket" player="Polletto71">C3 H3</cards>
<cards type="Pocket" player="M1ky3ste92">CK H8</cards>
<action no="5" player="M1ky3ste92" type="23" sum="1,118"/>
<action no="6" player="Polletto71" type="7" discard="1" dealt="1" sum="332"/>
</round>
<round no="2"><cards type="Flop">S2 HQ S7</cards>
</round>
<round no="3"><cards type="Turn">H4</cards>
</round>
<round no="4"><cards type="River">DQ</cards>
</round>
</game>
<game gamecode="6577905346"><general>
<startdate>2025-12-31 15:52:38</startdate>
<round>1</round>
<failsafecounter/>
<players><player seat="10" name="M1ky3ste92" chips="746" dealer="0" win="0" bet="65" muck="1" rebuy="0" addon="0" merge="0" rebuychips="0" reg_code="5085184749"/>
<player seat="6" name="Polletto71" chips="754" dealer="1" win="130" bet="754" muck="1" rebuy="0" addon="0" merge="0" rebuychips="0" reg_code="5085184747"/>
</players>
</general>
<round no="0"><action no="1" player="Polletto71" type="15" discard="1" dealt="1" sum="5"/>
<action no="2" player="M1ky3ste92" type="15" sum="5"/>
<action no="3" player="Polletto71" type="1" discard="1" dealt="1" sum="30"/>
<action no="4" player="M1ky3ste92" type="2" sum="60"/>
</round>
<round no="1"><cards type="Pocket" player="M1ky3ste92">CK H4</cards>
<cards type="Pocket" player="Polletto71">X X</cards>
<action no="5" player="Polletto71" type="23" discard="1" dealt="1" sum="749"/>
<action no="6" player="M1ky3ste92" type="0" sum="0"/>
</round>
</game>
<game gamecode="6577905399"><general>
<startdate>2025-12-31 15:52:51</startdate>
<round>1</round>
<failsafecounter/>
<players><player seat="6" name="Polletto71" chips="819" dealer="0" win="70" bet="65" muck="1" rebuy="0" addon="0" merge="0" rebuychips="0" reg_code="5085184747"/>
<player seat="10" name="M1ky3ste92" chips="681" dealer="1" win="0" bet="35" muck="1" rebuy="0" addon="0" merge="0" rebuychips="0" reg_code="5085184749"/>
</players>
</general>
<round no="0"><action no="1" player="M1ky3ste92" type="15" sum="5"/>
<action no="2" player="Polletto71" type="15" discard="1" dealt="1" sum="5"/>
<action no="3" player="M1ky3ste92" type="1" sum="30"/>
<action no="4" player="Polletto71" type="2" discard="1" dealt="1" sum="60"/>
</round>
<round no="1"><cards type="Pocket" player="M1ky3ste92">H4 S7</cards>
<cards type="Pocket" player="Polletto71">X X</cards>
<action no="5" player="M1ky3ste92" type="0" sum="0"/>
</round>
</game>
<game gamecode="6577905418"><general>
<startdate>2025-12-31 15:52:57</startdate>
<round>1</round>
<failsafecounter/>
<players><player seat="10" name="M1ky3ste92" chips="646" dealer="0" win="0" bet="65" muck="1" rebuy="0" addon="0" merge="0" rebuychips="0" reg_code="5085184749"/>
<player seat="6" name="Polletto71" chips="854" dealer="1" win="130" bet="125" muck="1" rebuy="0" addon="0" merge="0" rebuychips="0" reg_code="5085184747"/>
</players>
</general>
<round no="0"><action no="1" player="Polletto71" type="15" discard="1" dealt="1" sum="5"/>
<action no="2" player="M1ky3ste92" type="15" sum="5"/>
<action no="3" player="Polletto71" type="1" discard="1" dealt="1" sum="30"/>
<action no="4" player="M1ky3ste92" type="2" sum="60"/>
</round>
<round no="1"><cards type="Pocket" player="M1ky3ste92">H4 C8</cards>
<cards type="Pocket" player="Polletto71">X X</cards>
<action no="5" player="Polletto71" type="23" discard="1" dealt="1" sum="120"/>
<action no="6" player="M1ky3ste92" type="0" sum="0"/>
</round>
</game>
<game gamecode="6577905447"><general>
<startdate>2025-12-31 15:53:04</startdate>
<round>1</round>
<failsafecounter/>
<players><player seat="6" name="Polletto71" chips="919" dealer="0" win="70" bet="65" muck="1" rebuy="0" addon="0" merge="0" rebuychips="0" reg_code="5085184747"/>
<player seat="10" name="M1ky3ste92" chips="581" dealer="1" win="0" bet="35" muck="1" rebuy="0" addon="0" merge="0" rebuychips="0" reg_code="5085184749"/>
</players>
</general>
<round no="0"><action no="1" player="M1ky3ste92" type="15" sum="5"/>
<action no="2" player="Polletto71" type="15" discard="1" dealt="1" sum="5"/>
<action no="3" player="M1ky3ste92" type="1" sum="30"/>
<action no="4" player="Polletto71" type="2" discard="1" dealt="1" sum="60"/>
</round>
<round no="1"><cards type="Pocket" player="Polletto71">X X</cards>
<cards type="Pocket" player="M1ky3ste92">C9 H3</cards>
<action no="5" player="M1ky3ste92" type="0" sum="0"/>
</round>
</game>
<game gamecode="6577905461"><general>
<startdate>2025-12-31 15:53:09</startdate>
<round>1</round>
<failsafecounter/>
<players><player seat="10" name="M1ky3ste92" chips="546" dealer="0" win="130" bet="546" muck="1" rebuy="0" addon="0" merge="0" rebuychips="0" reg_code="5085184749"/>
<player seat="6" name="Polletto71" chips="954" dealer="1" win="0" bet="65" muck="1" rebuy="0" addon="0" merge="0" rebuychips="0" reg_code="5085184747"/>
</players>
</general>
<round no="0"><action no="1" player="Polletto71" type="15" discard="1" dealt="1" sum="5"/>
<action no="2" player="M1ky3ste92" type="15" sum="5"/>
<action no="3" player="Polletto71" type="1" discard="1" dealt="1" sum="30"/>
<action no="4" player="M1ky3ste92" type="2" sum="60"/>
</round>
<round no="1"><cards type="Pocket" player="M1ky3ste92">SK C7</cards>
<cards type="Pocket" player="Polletto71">X X</cards>
<action no="5" player="Polletto71" type="3" discard="1" dealt="1" sum="30"/>
<action no="6" player="M1ky3ste92" type="23" sum="541"/>
<action no="7" player="Polletto71" type="0" discard="1" dealt="1" sum="0"/>
</round>
</game>
<game gamecode="6577905492"><general>
<startdate>2025-12-31 15:53:17</startdate>
<round>1</round>
<failsafecounter/>
<players><player seat="6" name="Polletto71" chips="889" dealer="0" win="0" bet="65" muck="1" rebuy="0" addon="0" merge="0" rebuychips="0" reg_code="5085184747"/>
<player seat="10" name="M1ky3ste92" chips="611" dealer="1" win="130" bet="611" muck="1" rebuy="0" addon="0" merge="0" rebuychips="0" reg_code="5085184749"/>
</players>
</general>
<round no="0"><action no="1" player="M1ky3ste92" type="15" sum="5"/>
<action no="2" player="Polletto71" type="15" discard="1" dealt="1" sum="5"/>
<action no="3" player="M1ky3ste92" type="1" sum="30"/>
<action no="4" player="Polletto71" type="2" discard="1" dealt="1" sum="60"/>
</round>
<round no="1"><cards type="Pocket" player="Polletto71">X X</cards>
<cards type="Pocket" player="M1ky3ste92">D7 CA</cards>
<action no="5" player="M1ky3ste92" type="23" sum="606"/>
<action no="6" player="Polletto71" type="0" discard="1" dealt="1" sum="0"/>
</round>
</game>
<game gamecode="6577905520"><general>
<startdate>2025-12-31 15:53:27</startdate>
<round>1</round>
<failsafecounter/>
<players><player seat="10" name="M1ky3ste92" chips="676" dealer="0" win="70" bet="65" muck="1" rebuy="0" addon="0" merge="0" rebuychips="0" reg_code="5085184749"/>
<player seat="6" name="Polletto71" chips="824" dealer="1" win="0" bet="35" muck="1" rebuy="0" addon="0" merge="0" rebuychips="0" reg_code="5085184747"/>
</players>
</general>
<round no="0"><action no="1" player="Polletto71" type="15" discard="1" dealt="1" sum="5"/>
<action no="2" player="M1ky3ste92" type="15" sum="5"/>
<action no="3" player="Polletto71" type="1" discard="1" dealt="1" sum="30"/>
<action no="4" player="M1ky3ste92" type="2" sum="60"/>
</round>
<round no="1"><cards type="Pocket" player="Polletto71">X X</cards>
<cards type="Pocket" player="M1ky3ste92">C3 S2</cards>
<action no="5" player="Polletto71" type="0" discard="1" dealt="1" sum="0"/>
</round>
</game>
<game gamecode="6577905538"><general>
<startdate>2025-12-31 15:53:33</startdate>
<round>1</round>
<failsafecounter/>
<players><player seat="6" name="Polletto71" chips="789" dealer="0" win="130" bet="789" muck="1" rebuy="0" addon="0" merge="0" rebuychips="0" reg_code="5085184747"/>
<player seat="10" name="M1ky3ste92" chips="711" dealer="1" win="0" bet="65" muck="1" rebuy="0" addon="0" merge="0" rebuychips="0" reg_code="5085184749"/>
</players>
</general>
<round no="0"><action no="1" player="M1ky3ste92" type="15" sum="5"/>
<action no="2" player="Polletto71" type="15" discard="1" dealt="1" sum="5"/>
<action no="3" player="M1ky3ste92" type="1" sum="30"/>
<action no="4" player="Polletto71" type="2" discard="1" dealt="1" sum="60"/>
</round>
<round no="1"><cards type="Pocket" player="M1ky3ste92">S8 DJ</cards>
<cards type="Pocket" player="Polletto71">X X</cards>
<action no="5" player="M1ky3ste92" type="3" sum="30"/>
<action no="6" player="Polletto71" type="23" discard="1" dealt="1" sum="784"/>
<action no="7" player="M1ky3ste92" type="0" sum="0"/>
</round>
</game>
<game gamecode="6577905571"><general>
<startdate>2025-12-31 15:53:43</startdate>
<round>1</round>
<failsafecounter/>
<players><player seat="10" name="M1ky3ste92" chips="646" dealer="0" win="0" bet="65" muck="1" rebuy="0" addon="0" merge="0" rebuychips="0" reg_code="5085184749"/>
<player seat="6" name="Polletto71" chips="854" dealer="1" win="130" bet="854" muck="1" rebuy="0" addon="0" merge="0" rebuychips="0" reg_code="5085184747"/>
</players>
</general>
<round no="0"><action no="1" player="Polletto71" type="15" discard="1" dealt="1" sum="5"/>
<action no="2" player="M1ky3ste92" type="15" sum="5"/>
<action no="3" player="Polletto71" type="1" discard="1" dealt="1" sum="30"/>
<action no="4" player="M1ky3ste92" type="2" sum="60"/>
</round>
<round no="1"><cards type="Pocket" player="Polletto71">X X</cards>
<cards type="Pocket" player="M1ky3ste92">H4 S3</cards>
<action no="5" player="Polletto71" type="23" discard="1" dealt="1" sum="849"/>
<action no="6" player="M1ky3ste92" type="0" sum="0"/>
</round>
</game>
<game gamecode="6577905596"><general>
<startdate>2025-12-31 15:53:52</startdate>
<round>1</round>
<failsafecounter/>
<players><player seat="6" name="Polletto71" chips="919" dealer="0" win="0" bet="65" muck="1" rebuy="0" addon="0" merge="0" rebuychips="0" reg_code="5085184747"/>
<player seat="10" name="M1ky3ste92" chips="581" dealer="1" win="130" bet="65" muck="0" rebuy="0" addon="0" merge="0" rebuychips="0" reg_code="5085184749"/>
</players>
</general>
<round no="0"><action no="1" player="M1ky3ste92" type="15" sum="5"/>
<action no="2" player="Polletto71" type="15" discard="1" dealt="1" sum="5"/>
<action no="3" player="M1ky3ste92" type="1" sum="30"/>
<action no="4" player="Polletto71" type="2" discard="1" dealt="1" sum="60"/>
</round>
<round no="1"><cards type="Pocket" player="M1ky3ste92">H5 CA</cards>
<cards type="Pocket" player="Polletto71">S3 HJ</cards>
<action no="5" player="M1ky3ste92" type="3" sum="30"/>
<action no="6" player="Polletto71" type="4" discard="1" dealt="1" sum="0"/>
</round>
<round no="2"><cards type="Flop">HK C2 D5</cards>
<action no="7" player="Polletto71" type="4" discard="1" dealt="1" sum="0"/>
<action no="8" player="M1ky3ste92" type="4" sum="0"/>
</round>
<round no="3"><cards type="Turn">S8</cards>
<action no="9" player="Polletto71" type="4" discard="1" dealt="1" sum="0"/>
<action no="10" player="M1ky3ste92" type="4" sum="0"/>
</round>
<round no="4"><cards type="River">D7</cards>
<action no="11" player="Polletto71" type="4" discard="1" dealt="1" sum="0"/>
<action no="12" player="M1ky3ste92" type="4" sum="0"/>
</round>
</game>
<game gamecode="6577905673"><general>
<startdate>2025-12-31 15:54:12</startdate>
<round>1</round>
<failsafecounter/>
<players><player seat="10" name="M1ky3ste92" chips="646" dealer="0" win="70" bet="65" muck="1" rebuy="0" addon="0" merge="0" rebuychips="0" reg_code="5085184749"/>
<player seat="6" name="Polletto71" chips="854" dealer="1" win="0" bet="35" muck="1" rebuy="0" addon="0" merge="0" rebuychips="0" reg_code="5085184747"/>
</players>
</general>
<round no="0"><action no="1" player="Polletto71" type="15" discard="1" dealt="1" sum="5"/>
<action no="2" player="M1ky3ste92" type="15" sum="5"/>
<action no="3" player="Polletto71" type="1" discard="1" dealt="1" sum="30"/>
<action no="4" player="M1ky3ste92" type="2" sum="60"/>
</round>
<round no="1"><cards type="Pocket" player="Polletto71">X X</cards>
<cards type="Pocket" player="M1ky3ste92">D7 D8</cards>
<action no="5" player="Polletto71" type="0" discard="1" dealt="1" sum="0"/>
</round>
</game>
<game gamecode="6577905690"><general>
<startdate>2025-12-31 15:54:17</startdate>
<round>1</round>
<failsafecounter/>
<players><player seat="6" name="Polletto71" chips="819" dealer="0" win="0" bet="819" muck="0" rebuy="0" addon="0" merge="0" rebuychips="0" reg_code="5085184747"/>
<player seat="10" name="M1ky3ste92" chips="681" dealer="1" win="1,362" bet="681" muck="0" rebuy="0" addon="0" merge="0" rebuychips="0" reg_code="5085184749"/>
</players>
</general>
<round no="0"><action no="1" player="M1ky3ste92" type="15" sum="8"/>
<action no="2" player="Polletto71" type="15" discard="1" dealt="1" sum="8"/>
<action no="3" player="M1ky3ste92" type="1" sum="40"/>
<action no="4" player="Polletto71" type="2" discard="1" dealt="1" sum="80"/>
</round>
<round no="1"><cards type="Pocket" player="M1ky3ste92">CQ HA</cards>
<cards type="Pocket" player="Polletto71">CK C6</cards>
<action no="5" player="M1ky3ste92" type="3" sum="40"/>
<action no="6" player="Polletto71" type="23" discard="1" dealt="1" sum="811"/>
<action no="7" player="M1ky3ste92" type="7" sum="593"/>
</round>
<round no="2"><cards type="Flop">C4 D10 SA</cards>
</round>
<round no="3"><cards type="Turn">C10</cards>
</round>
<round no="4"><cards type="River">CA</cards>
</round>
</game>
<game gamecode="6577911294"><general>
<startdate>2025-12-31 15:54:36</startdate>
<round>1</round>
<failsafecounter/>
<players><player seat="10" name="M1ky3ste92" chips="1,362" dealer="0" win="0" bet="138" muck="1" rebuy="0" addon="0" merge="0" rebuychips="0" reg_code="5085184749"/>
<player seat="6" name="Polletto71" chips="138" dealer="1" win="276" bet="138" muck="0" rebuy="0" addon="0" merge="0" rebuychips="0" reg_code="5085184747"/>
</players>
</general>
<round no="0"><action no="1" player="Polletto71" type="15" discard="1" dealt="1" sum="8"/>
<action no="2" player="M1ky3ste92" type="15" sum="8"/>
<action no="3" player="Polletto71" type="1" discard="1" dealt="1" sum="40"/>
<action no="4" player="M1ky3ste92" type="2" sum="80"/>
</round>
<round no="1"><cards type="Pocket" player="M1ky3ste92">C8 S10</cards>
<cards type="Pocket" player="Polletto71">D10 D6</cards>
<action no="5" player="Polletto71" type="7" discard="1" dealt="1" sum="90"/>
<action no="6" player="M1ky3ste92" type="3" sum="50"/>
</round>
<round no="2"><cards type="Flop">H5 H2 S6</cards>
</round>
<round no="3"><cards type="Turn">C10</cards>
</round>
<round no="4"><cards type="River">HA</cards>
</round>
</game>
<game gamecode="6577911338"><general>
<startdate>2025-12-31 15:54:50</startdate>
<round>1</round>
<failsafecounter/>
<players><player seat="6" name="Polletto71" chips="276" dealer="0" win="0" bet="276" muck="0" rebuy="0" addon="0" merge="0" rebuychips="0" reg_code="5085184747"/>
<player seat="10" name="M1ky3ste92" chips="1,224" dealer="1" win="552" bet="1,224" muck="0" rebuy="0" addon="0" merge="0" rebuychips="0" reg_code="5085184749"/>
</players>
</general>
<round no="0"><action no="1" player="M1ky3ste92" type="15" sum="8"/>
<action no="2" player="Polletto71" type="15" discard="1" dealt="1" sum="8"/>
<action no="3" player="M1ky3ste92" type="1" sum="40"/>
<action no="4" player="Polletto71" type="2" discard="1" dealt="1" sum="80"/>
</round>
<round no="1"><cards type="Pocket" player="Polletto71">C6 S5</cards>
<cards type="Pocket" player="M1ky3ste92">S6 H9</cards>
<action no="5" player="M1ky3ste92" type="23" sum="1,216"/>
<action no="6" player="Polletto71" type="7" discard="1" dealt="1" sum="188"/>
</round>
<round no="2"><cards type="Flop">H2 C2 S2</cards>
</round>
<round no="3"><cards type="Turn">D9</cards>
</round>
<round no="4"><cards type="River">S7</cards>
</round>
</game>
</session>
