<?xml version="1.0" encoding="UTF-8"?>
<session sessioncode="5077000747">
<general>
<client_version>25.7.1.34</client_version>
<mode>real</mode>
<gametype>Holdem NL</gametype>
<tablename>Twister €1 SNG, 822807621</tablename>
<tournamentcode>822807620</tournamentcode>
<tournamentname>Twister €1 SNG</tournamentname>
<buyin>€0 + €0.07 + €0.93</buyin>
<totalbuyin>€1</totalbuyin>
<rewarddrawn>€2</rewarddrawn>
<tournamentcurrency>EUR</tournamentcurrency>
<currency>EUR</currency>
<nickname>M1ky3ste92</nickname>
<gamecount>8</gamecount>
<startdate>2025-12-01 13:23:49</startdate>
<place>1</place>
<win>€2</win>
<tablesize>3</tablesize>
</general>
<game gamecode="6545997361"><general>
<startdate>2025-12-01 13:24:04</startdate>
<round>1</round>
<failsafecounter/>
<players><player seat="10" name="DyC76" chips="500" dealer="0" win="0" bet="20" muck="1" rebuy="0" addon="0" merge="0" rebuychips="0" reg_code="5077000753"/>
<player seat="3" name="tp13" chips="500" dealer="1" win="0" bet="20" muck="1" rebuy="0" addon="0" merge="0" rebuychips="0" reg_code="5077000737"/>
<player seat="6" name="M1ky3ste92" chips="500" dealer="0" win="60" bet="500" muck="1" rebuy="0" addon="0" merge="0" rebuychips="0" reg_code="5077000747"/>
</players>
</general>
<round no="0"><action no="1" player="M1ky3ste92" type="1" sum="10"/>
<action no="2" player="DyC76" type="2" discard="1" dealt="1" sum="20"/>
</round>
<round no="1"><cards type="Pocket" player="M1ky3ste92">H7 S6</cards>
<cards type="Pocket" player="DyC76">X X</cards>
<cards type="Pocket" player="tp13">X X</cards>
<action no="3" player="tp13" type="3" discard="1" dealt="1" sum="20"/>
<action no="4" player="M1ky3ste92" type="23" sum="500"/>
<action no="5" player="DyC76" type="0" discard="1" dealt="1" sum="0"/>
<action no="6" player="tp13" type="0" discard="1" dealt="1" sum="0"/>
</round>
</game>
<game gamecode="6545997381"><general>
<startdate>2025-12-01 13:24:15</startdate>
<round>1</round>
<failsafecounter/>
<players><player seat="3" name="tp13" chips="480" dealer="0" win="0" bet="20" muck="1" rebuy="0" addon="0" merge="0" rebuychips="0" reg_code="5077000737"/>
<player seat="6" name="M1ky3ste92" chips="540" dealer="1" win="50" bet="540" muck="1" rebuy="0" addon="0" merge="0" rebuychips="0" reg_code="5077000747"/>
<player seat="10" name="DyC76" chips="480" dealer="0" win="0" bet="10" muck="1" rebuy="0" addon="0" merge="0" rebuychips="0" reg_code="5077000753"/>
</players>
</general>
<round no="0"><action no="1" player="DyC76" type="1" discard="1" dealt="1" sum="10"/>
<action no="2" player="tp13" type="2" discard="1" dealt="1" sum="20"/>
</round>
<round no="1"><cards type="Pocket" player="DyC76">X X</cards>
<cards type="Pocket" player="M1ky3ste92">D3 CQ</cards>
<cards type="Pocket" player="tp13">X X</cards>
<action no="3" player="M1ky3ste92" type="23" sum="540"/>
<action no="4" player="DyC76" type="0" discard="1" dealt="1" sum="0"/>
<action no="5" player="tp13" type="0" discard="1" dealt="1" sum="0"/>
</round>
</game>
<game gamecode="6545997395"><general>
<startdate>2025-12-01 13:24:23</startdate>
<round>1</round>
<failsafecounter/>
<players><player seat="6" name="M1ky3ste92" chips="570" dealer="0" win="40" bet="570" muck="1" rebuy="0" addon="0" merge="0" rebuychips="0" reg_code="5077000747"/>
<player seat="10" name="DyC76" chips="470" dealer="1" win="0" bet="0" muck="1" rebuy="0" addon="0" merge="0" rebuychips="0" reg_code="5077000753"/>
<player seat="3" name="tp13" chips="460" dealer="0" win="0" bet="20" muck="1" rebuy="0" addon="0" merge="0" rebuychips="0" reg_code="5077000737"/>
</players>
</general>
<round no="0"><action no="1" player="tp13" type="1" discard="1" dealt="1" sum="10"/>
<action no="2" player="M1ky3ste92" type="2" sum="20"/>
</round>
<round no="1"><cards type="Pocket" player="DyC76">X X</cards>
<cards type="Pocket" player="M1ky3ste92">H9 D8</cards>
<cards type="Pocket" player="tp13">X X</cards>
<action no="3" player="DyC76" type="0" discard="1" dealt="1" sum="0"/>
<action no="4" player="tp13" type="3" discard="1" dealt="1" sum="10"/>
<action no="5" player="M1ky3ste92" type="23" sum="570"/>
<action no="6" player="tp13" type="0" discard="1" dealt="1" sum="0"/>
</round>
</game>
<game gamecode="6545997418"><general>
<startdate>2025-12-01 13:24:35</startdate>
<round>1</round>
<failsafecounter/>
<players><player seat="10" name="DyC76" chips="470" dealer="0" win="0" bet="20" muck="1" rebuy="0" addon="0" merge="0" rebuychips="0" reg_code="5077000753"/>
<player seat="3" name="tp13" chips="440" dealer="1" win="0" bet="0" muck="1" rebuy="0" addon="0" merge="0" rebuychips="0" reg_code="5077000737"/>
<player seat="6" name="M1ky3ste92" chips="590" dealer="0" win="40" bet="590" muck="1" rebuy="0" addon="0" merge="0" rebuychips="0" reg_code="5077000747"/>
</players>
</general>
<round no="0"><action no="1" player="M1ky3ste92" type="1" sum="10"/>
<action no="2" player="DyC76" type="2" discard="1" dealt="1" sum="20"/>
</round>
<round no="1"><cards type="Pocket" player="DyC76">X X</cards>
<cards type="Pocket" player="tp13">X X</cards>
<cards type="Pocket" player="M1ky3ste92">HQ D9</cards>
<action no="3" player="tp13" type="0" discard="1" dealt="1" sum="0"/>
<action no="4" player="M1ky3ste92" type="23" sum="590"/>
<action no="5" player="DyC76" type="0" discard="1" dealt="1" sum="0"/>
</round>
</game>
<game gamecode="6545997430"><general>
<startdate>2025-12-01 13:24:45</startdate>
<round>1</round>
<failsafecounter/>
<players><player seat="3" name="tp13" chips="440" dealer="0" win="0" bet="20" muck="1" rebuy="0" addon="0" merge="0" rebuychips="0" reg_code="5077000737"/>
<player seat="6" name="M1ky3ste92" chips="610" dealer="1" win="50" bet="610" muck="1" rebuy="0" addon="0" merge="0" rebuychips="0" reg_code="5077000747"/>
<player seat="10" name="DyC76" chips="450" dealer="0" win="0" bet="10" muck="1" rebuy="0" addon="0" merge="0" rebuychips="0" reg_code="5077000753"/>
</players>
</general>
<round no="0"><action no="1" player="DyC76" type="1" discard="1" dealt="1" sum="10"/>
<action no="2" player="tp13" type="2" discard="1" dealt="1" sum="20"/>
</round>
<round no="1"><cards type="Pocket" player="DyC76">X X</cards>
<cards type="Pocket" player="M1ky3ste92">H8 H3</cards>
<cards type="Pocket" player="tp13">X X</cards>
<action no="3" player="M1ky3ste92" type="23" sum="610"/>
<action no="4" player="DyC76" type="0" discard="1" dealt="1" sum="0"/>
<action no="5" player="tp13" type="0" discard="1" dealt="1" sum="0"/>
</round>
</game>
<game gamecode="6545997460"><general>
<startdate>2025-12-01 13:25:03</startdate>
<round>1</round>
<failsafecounter/>
<players><player seat="6" name="M1ky3ste92" chips="640" dealer="0" win="900" bet="640" muck="0" rebuy="0" addon="0" merge="0" rebuychips="0" reg_code="5077000747"/>
<player seat="10" name="DyC76" chips="440" dealer="1" win="0" bet="440" muck="0" rebuy="0" addon="0" merge="0" rebuychips="0" reg_code="5077000753"/>
<player seat="3" name="tp13" chips="420" dealer="0" win="0" bet="20" muck="1" rebuy="0" addon="0" merge="0" rebuychips="0" reg_code="5077000737"/>
</players>
</general>
<round no="0"><action no="1" player="tp13" type="1" discard="1" dealt="1" sum="10"/>
<action no="2" player="M1ky3ste92" type="2" sum="20"/>
</round>
<round no="1"><cards type="Pocket" player="DyC76">CQ H10</cards>
<cards type="Pocket" player="tp13">X X</cards>
<cards type="Pocket" player="M1ky3ste92">C9 C7</cards>
<action no="3" player="DyC76" type="3" discard="1" dealt="1" sum="20"/>
<action no="4" player="tp13" type="3" discard="1" dealt="1" sum="10"/>
<action no="5" player="M1ky3ste92" type="23" sum="640"/>
<action no="6" player="DyC76" type="7" discard="1" dealt="1" sum="420"/>
<action no="7" player="tp13" type="0" discard="1" dealt="1" sum="0"/>
</round>
<round no="2"><cards type="Flop">CA H5 H7</cards>
</round>
<round no="3"><cards type="Turn">H2</cards>
</round>
<round no="4"><cards type="River">D3</cards>
</round>
</game>
<game gamecode="6545997493"><general>
<startdate>2025-12-01 13:25:24</startdate>
<round>1</round>
<failsafecounter/>
<players><player seat="6" name="M1ky3ste92" chips="1,100" dealer="0" win="40" bet="1,100" muck="1" rebuy="0" addon="0" merge="0" rebuychips="0" reg_code="5077000747"/>
<player seat="3" name="tp13" chips="400" dealer="1" win="0" bet="20" muck="1" rebuy="0" addon="0" merge="0" rebuychips="0" reg_code="5077000737"/>
</players>
</general>
<round no="0"><action no="1" player="tp13" type="1" discard="1" dealt="1" sum="10"/>
<action no="2" player="M1ky3ste92" type="2" sum="20"/>
</round>
<round no="1"><cards type="Pocket" player="M1ky3ste92">SK C7</cards>
<cards type="Pocket" player="tp13">X X</cards>
<action no="3" player="tp13" type="3" discard="1" dealt="1" sum="10"/>
<action no="4" player="M1ky3ste92" type="23" sum="1,100"/>
<action no="5" player="tp13" type="0" discard="1" dealt="1" sum="0"/>
</round>
</game>
<game gamecode="6545997515"><general>
<startdate>2025-12-01 13:25:33</startdate>
<round>1</round>
<failsafecounter/>
<players><player seat="3" name="tp13" chips="380" dealer="0" win="0" bet="380" muck="0" rebuy="0" addon="0" merge="0" rebuychips="0" reg_code="5077000737"/>
<player seat="6" name="M1ky3ste92" chips="1,120" dealer="1" win="760" bet="1,120" muck="0" rebuy="0" addon="0" merge="0" rebuychips="0" reg_code="5077000747"/>
</players>
</general>
<round no="0"><action no="1" player="M1ky3ste92" type="1" sum="10"/>
<action no="2" player="tp13" type="2" discard="1" dealt="1" sum="20"/>
</round>
<round no="1"><cards type="Pocket" player="M1ky3ste92">S7 SJ</cards>
<cards type="Pocket" player="tp13">C4 S4</cards>
<action no="3" player="M1ky3ste92" type="23" sum="1,120"/>
<action no="4" player="tp13" type="7" discard="1" dealt="1" sum="360"/>
</round>
<round no="2"><cards type="Flop">S6 D5 C9</cards>
</round>
<round no="3"><cards type="Turn">C3</cards>
</round>
<round no="4"><cards type="River">D4</cards>
</round>
</game>
</session>
