<?xml version="1.0" encoding="UTF-8"?>
<session sessioncode="5079640092">
<general>
<client_version>25.7.1.34</client_version>
<mode>real</mode>
<gametype>Holdem NL</gametype>
<tablename>Twister €100 SNG, 823561004</tablename>
<tournamentcode>823561003</tournamentcode>
<tournamentname>Twister €100 SNG</tournamentname>
<buyin>€0 + €7 + €93</buyin>
<totalbuyin>€100</totalbuyin>
<rewarddrawn>€400</rewarddrawn>
<tournamentcurrency>EUR</tournamentcurrency>
<currency>EUR</currency>
<nickname>M1ky3ste92</nickname>
<gamecount>4</gamecount>
<startdate>2025-12-11 18:44:47</startdate>
<place>3</place>
<win>€0</win>
<tablesize>3</tablesize>
</general>
<game gamecode="6555786812"><general>
<startdate>2025-12-11 18:45:03</startdate>
<round>1</round>
<failsafecounter/>
<players><player seat="3" name="M1ky3ste92" chips="500" dealer="0" win="0" bet="20" muck="1" rebuy="0" addon="0" merge="0" rebuychips="0" reg_code="5079640092"/>
<player seat="6" name="Cinghialetto8" chips="500" dealer="1" win="50" bet="40" muck="1" rebuy="0" addon="0" merge="0" rebuychips="0" reg_code="5079640378"/>
<player seat="10" name="limousin333" chips="500" dealer="0" win="0" bet="10" muck="1" rebuy="0" addon="0" merge="0" rebuychips="0" reg_code="5079640384"/>
</players>
</general>
<round no="0"><action no="1" player="limousin333" type="1" discard="1" dealt="1" sum="10"/>
<action no="2" player="M1ky3ste92" type="2" sum="20"/>
</round>
<round no="1"><cards type="Pocket" player="Cinghialetto8">X X</cards>
<cards type="Pocket" player="M1ky3ste92">C4 S3</cards>
<cards type="Pocket" player="limousin333">X X</cards>
<action no="3" player="Cinghialetto8" type="23" discard="1" dealt="1" sum="40"/>
<action no="4" player="limousin333" type="0" discard="1" dealt="1" sum="0"/>
<action no="5" player="M1ky3ste92" type="0" sum="0"/>
</round>
</game>
<game gamecode="6555786860"><general>
<startdate>2025-12-11 18:45:22</startdate>
<round>1</round>
<failsafecounter/>
<players><player seat="6" name="Cinghialetto8" chips="530" dealer="0" win="0" bet="20" muck="1" rebuy="0" addon="0" merge="0" rebuychips="0" reg_code="5079640378"/>
<player seat="10" name="limousin333" chips="490" dealer="1" win="50" bet="40" muck="1" rebuy="0" addon="0" merge="0" rebuychips="0" reg_code="5079640384"/>
<player seat="3" name="M1ky3ste92" chips="480" dealer="0" win="0" bet="10" muck="1" rebuy="0" addon="0" merge="0" rebuychips="0" reg_code="5079640092"/>
</players>
</general>
<round no="0"><action no="1" player="M1ky3ste92" type="1" sum="10"/>
<action no="2" player="Cinghialetto8" type="2" discard="1" dealt="1" sum="20"/>
</round>
<round no="1"><cards type="Pocket" player="M1ky3ste92">C3 C5</cards>
<cards type="Pocket" player="limousin333">X X</cards>
<cards type="Pocket" player="Cinghialetto8">X X</cards>
<action no="3" player="limousin333" type="23" discard="1" dealt="1" sum="40"/>
<action no="4" player="M1ky3ste92" type="0" sum="0"/>
<action no="5" player="Cinghialetto8" type="0" discard="1" dealt="1" sum="0"/>
</round>
</game>
<game gamecode="6555786892"><general>
<startdate>2025-12-11 18:45:38</startdate>
<round>1</round>
<failsafecounter/>
<players><player seat="10" name="limousin333" chips="520" dealer="0" win="0" bet="20" muck="1" rebuy="0" addon="0" merge="0" rebuychips="0" reg_code="5079640384"/>
<player seat="3" name="M1ky3ste92" chips="470" dealer="1" win="0" bet="73" muck="1" rebuy="0" addon="0" merge="0" rebuychips="0" reg_code="5079640092"/>
<player seat="6" name="Cinghialetto8" chips="510" dealer="0" win="166" bet="139" muck="1" rebuy="0" addon="0" merge="0" rebuychips="0" reg_code="5079640378"/>
</players>
</general>
<round no="0"><action no="1" player="Cinghialetto8" type="1" discard="1" dealt="1" sum="10"/>
<action no="2" player="limousin333" type="2" discard="1" dealt="1" sum="20"/>
</round>
<round no="1"><cards type="Pocket" player="limousin333">X X</cards>
<cards type="Pocket" player="M1ky3ste92">SA C8</cards>
<cards type="Pocket" player="Cinghialetto8">X X</cards>
<action no="3" player="M1ky3ste92" type="23" sum="40"/>
<action no="4" player="Cinghialetto8" type="3" discard="1" dealt="1" sum="30"/>
<action no="5" player="limousin333" type="0" discard="1" dealt="1" sum="0"/>
</round>
<round no="2"><cards type="Flop">H7 D7 HQ</cards>
<action no="6" player="Cinghialetto8" type="4" discard="1" dealt="1" sum="0"/>
<action no="7" player="M1ky3ste92" type="5" sum="33"/>
<action no="8" player="Cinghialetto8" type="23" discard="1" dealt="1" sum="99"/>
<action no="9" player="M1ky3ste92" type="0" sum="0"/>
</round>
</game>
<game gamecode="6555793056"><general>
<startdate>2025-12-11 18:46:30</startdate>
<round>1</round>
<failsafecounter/>
<players><player seat="3" name="M1ky3ste92" chips="397" dealer="0" win="0" bet="397" muck="0" rebuy="0" addon="0" merge="0" rebuychips="0" reg_code="5079640092"/>
<player seat="6" name="Cinghialetto8" chips="603" dealer="1" win="0" bet="0" muck="1" rebuy="0" addon="0" merge="0" rebuychips="0" reg_code="5079640378"/>
<player seat="10" name="limousin333" chips="500" dealer="0" win="794" bet="500" muck="0" rebuy="0" addon="0" merge="0" rebuychips="0" reg_code="5079640384"/>
</players>
</general>
<round no="0"><action no="1" player="limousin333" type="1" discard="1" dealt="1" sum="10"/>
<action no="2" player="M1ky3ste92" type="2" sum="20"/>
</round>
<round no="1"><cards type="Pocket" player="Cinghialetto8">X X</cards>
<cards type="Pocket" player="limousin333">D4 DA</cards>
<cards type="Pocket" player="M1ky3ste92">HA CK</cards>
<action no="3" player="Cinghialetto8" type="0" discard="1" dealt="1" sum="0"/>
<action no="4" player="limousin333" type="23" discard="1" dealt="1" sum="500"/>
<action no="5" player="M1ky3ste92" type="7" sum="377"/>
</round>
<round no="2"><cards type="Flop">D5 D8 D9</cards>
</round>
<round no="3"><cards type="Turn">H6</cards>
</round>
<round no="4"><cards type="River">C6</cards>
</round>
</game>
</session>
