<?xml version="1.0" encoding="UTF-8"?>
<session sessioncode="5079552797">
<general>
<client_version>25.7.1.34</client_version>
<mode>real</mode>
<gametype>Holdem NL</gametype>
<tablename>Twister €100 SNG, 823538702</tablename>
<tournamentcode>823538701</tournamentcode>
<tournamentname>Twister €100 SNG</tournamentname>
<buyin>€0 + €7 + €93</buyin>
<totalbuyin>€100</totalbuyin>
<rewarddrawn>€400</rewarddrawn>
<tournamentcurrency>EUR</tournamentcurrency>
<currency>EUR</currency>
<nickname>M1ky3ste92</nickname>
<gamecount>23</gamecount>
<startdate>2025-12-11 11:52:15</startdate>
<place>3</place>
<win>€0</win>
<tablesize>3</tablesize>
</general>
<game gamecode="6555465266"><general>
<startdate>2025-12-11 11:52:30</startdate>
<round>1</round>
<failsafecounter/>
<players><player seat="3" name="Ankalaev" chips="500" dealer="0" win="0" bet="40" muck="1" rebuy="0" addon="0" merge="0" rebuychips="0" reg_code="5079552770"/>
<player seat="6" name="M1ky3ste92" chips="500" dealer="1" win="90" bet="60" muck="1" rebuy="0" addon="0" merge="0" rebuychips="0" reg_code="5079552797"/>
<player seat="10" name="Focomelico52" chips="500" dealer="0" win="0" bet="10" muck="1" rebuy="0" addon="0" merge="0" rebuychips="0" reg_code="5079552813"/>
</players>
</general>
<round no="0"><action no="1" player="Focomelico52" type="1" discard="1" dealt="1" sum="10"/>
<action no="2" player="Ankalaev" type="2" discard="1" dealt="1" sum="20"/>
</round>
<round no="1"><cards type="Pocket" player="Ankalaev">X X</cards>
<cards type="Pocket" player="M1ky3ste92">D7 DQ</cards>
<cards type="Pocket" player="Focomelico52">X X</cards>
<action no="3" player="M1ky3ste92" type="23" sum="40"/>
<action no="4" player="Focomelico52" type="0" discard="1" dealt="1" sum="0"/>
<action no="5" player="Ankalaev" type="3" discard="1" dealt="1" sum="20"/>
</round>
<round no="2"><cards type="Flop">DA CA H9</cards>
<action no="6" player="Ankalaev" type="4" discard="1" dealt="1" sum="0"/>
<action no="7" player="M1ky3ste92" type="5" sum="20"/>
<action no="8" player="Ankalaev" type="0" discard="1" dealt="1" sum="0"/>
</round>
</game>
<game gamecode="6555465341"><general>
<startdate>2025-12-11 11:52:52</startdate>
<round>1</round>
<failsafecounter/>
<players><player seat="6" name="M1ky3ste92" chips="550" dealer="0" win="20" bet="20" muck="1" rebuy="0" addon="0" merge="0" rebuychips="0" reg_code="5079552797"/>
<player seat="10" name="Focomelico52" chips="490" dealer="1" win="0" bet="0" muck="1" rebuy="0" addon="0" merge="0" rebuychips="0" reg_code="5079552813"/>
<player seat="3" name="Ankalaev" chips="460" dealer="0" win="0" bet="10" muck="1" rebuy="0" addon="0" merge="0" rebuychips="0" reg_code="5079552770"/>
</players>
</general>
<round no="0"><action no="1" player="Ankalaev" type="1" discard="1" dealt="1" sum="10"/>
<action no="2" player="M1ky3ste92" type="2" sum="20"/>
</round>
<round no="1"><cards type="Pocket" player="Focomelico52">X X</cards>
<cards type="Pocket" player="Ankalaev">X X</cards>
<cards type="Pocket" player="M1ky3ste92">C6 DA</cards>
<action no="3" player="Focomelico52" type="0" discard="1" dealt="1" sum="0"/>
<action no="4" player="Ankalaev" type="0" discard="1" dealt="1" sum="0"/>
</round>
</game>
<game gamecode="6555465368"><general>
<startdate>2025-12-11 11:52:59</startdate>
<round>1</round>
<failsafecounter/>
<players><player seat="10" name="Focomelico52" chips="490" dealer="0" win="120" bet="140" muck="1" rebuy="0" addon="0" merge="0" rebuychips="0" reg_code="5079552813"/>
<player seat="3" name="Ankalaev" chips="450" dealer="1" win="0" bet="0" muck="1" rebuy="0" addon="0" merge="0" rebuychips="0" reg_code="5079552770"/>
<player seat="6" name="M1ky3ste92" chips="560" dealer="0" win="0" bet="60" muck="1" rebuy="0" addon="0" merge="0" rebuychips="0" reg_code="5079552797"/>
</players>
</general>
<round no="0"><action no="1" player="M1ky3ste92" type="1" sum="10"/>
<action no="2" player="Focomelico52" type="2" discard="1" dealt="1" sum="20"/>
</round>
<round no="1"><cards type="Pocket" player="M1ky3ste92">DK D2</cards>
<cards type="Pocket" player="Ankalaev">X X</cards>
<cards type="Pocket" player="Focomelico52">X X</cards>
<action no="3" player="Ankalaev" type="0" discard="1" dealt="1" sum="0"/>
<action no="4" player="M1ky3ste92" type="3" sum="10"/>
<action no="5" player="Focomelico52" type="4" discard="1" dealt="1" sum="0"/>
</round>
<round no="2"><cards type="Flop">C2 S6 H7</cards>
<action no="6" player="M1ky3ste92" type="4" sum="0"/>
<action no="7" player="Focomelico52" type="4" discard="1" dealt="1" sum="0"/>
</round>
<round no="3"><cards type="Turn">C4</cards>
<action no="8" player="M1ky3ste92" type="4" sum="0"/>
<action no="9" player="Focomelico52" type="5" discard="1" dealt="1" sum="40"/>
<action no="10" player="M1ky3ste92" type="3" sum="40"/>
</round>
<round no="4"><cards type="River">H8</cards>
<action no="11" player="M1ky3ste92" type="4" sum="0"/>
<action no="12" player="Focomelico52" type="5" discard="1" dealt="1" sum="80"/>
<action no="13" player="M1ky3ste92" type="0" sum="0"/>
</round>
</game>
<game gamecode="6555465579"><general>
<startdate>2025-12-11 11:54:00</startdate>
<round>1</round>
<failsafecounter/>
<players><player seat="3" name="Ankalaev" chips="450" dealer="0" win="20" bet="20" muck="1" rebuy="0" addon="0" merge="0" rebuychips="0" reg_code="5079552770"/>
<player seat="6" name="M1ky3ste92" chips="500" dealer="1" win="0" bet="0" muck="1" rebuy="0" addon="0" merge="0" rebuychips="0" reg_code="5079552797"/>
<player seat="10" name="Focomelico52" chips="550" dealer="0" win="0" bet="10" muck="1" rebuy="0" addon="0" merge="0" rebuychips="0" reg_code="5079552813"/>
</players>
</general>
<round no="0"><action no="1" player="Focomelico52" type="1" discard="1" dealt="1" sum="10"/>
<action no="2" player="Ankalaev" type="2" discard="1" dealt="1" sum="20"/>
</round>
<round no="1"><cards type="Pocket" player="Focomelico52">X X</cards>
<cards type="Pocket" player="M1ky3ste92">H4 S8</cards>
<cards type="Pocket" player="Ankalaev">X X</cards>
<action no="3" player="M1ky3ste92" type="0" sum="0"/>
<action no="4" player="Focomelico52" type="0" discard="1" dealt="1" sum="0"/>
</round>
</game>
<game gamecode="6555465599"><general>
<startdate>2025-12-11 11:54:08</startdate>
<round>1</round>
<failsafecounter/>
<players><player seat="6" name="M1ky3ste92" chips="500" dealer="0" win="0" bet="80" muck="1" rebuy="0" addon="0" merge="0" rebuychips="0" reg_code="5079552797"/>
<player seat="10" name="Focomelico52" chips="540" dealer="1" win="170" bet="80" muck="0" rebuy="0" addon="0" merge="0" rebuychips="0" reg_code="5079552813"/>
<player seat="3" name="Ankalaev" chips="460" dealer="0" win="0" bet="10" muck="1" rebuy="0" addon="0" merge="0" rebuychips="0" reg_code="5079552770"/>
</players>
</general>
<round no="0"><action no="1" player="Ankalaev" type="1" discard="1" dealt="1" sum="10"/>
<action no="2" player="M1ky3ste92" type="2" sum="20"/>
</round>
<round no="1"><cards type="Pocket" player="Focomelico52">C6 CK</cards>
<cards type="Pocket" player="M1ky3ste92">S7 S6</cards>
<cards type="Pocket" player="Ankalaev">X X</cards>
<action no="3" player="Focomelico52" type="23" discard="1" dealt="1" sum="40"/>
<action no="4" player="Ankalaev" type="0" discard="1" dealt="1" sum="0"/>
<action no="5" player="M1ky3ste92" type="3" sum="20"/>
</round>
<round no="2"><cards type="Flop">CQ S8 H9</cards>
<action no="6" player="M1ky3ste92" type="4" sum="0"/>
<action no="7" player="Focomelico52" type="4" discard="1" dealt="1" sum="0"/>
</round>
<round no="3"><cards type="Turn">DA</cards>
<action no="8" player="M1ky3ste92" type="4" sum="0"/>
<action no="9" player="Focomelico52" type="5" discard="1" dealt="1" sum="40"/>
<action no="10" player="M1ky3ste92" type="3" sum="40"/>
</round>
<round no="4"><cards type="River">H8</cards>
<action no="11" player="M1ky3ste92" type="4" sum="0"/>
<action no="12" player="Focomelico52" type="4" discard="1" dealt="1" sum="0"/>
</round>
</game>
<game gamecode="6555465739"><general>
<startdate>2025-12-11 11:54:51</startdate>
<round>1</round>
<failsafecounter/>
<players><player seat="10" name="Focomelico52" chips="630" dealer="0" win="0" bet="35" muck="1" rebuy="0" addon="0" merge="0" rebuychips="0" reg_code="5079552813"/>
<player seat="3" name="Ankalaev" chips="450" dealer="1" win="0" bet="5" muck="1" rebuy="0" addon="0" merge="0" rebuychips="0" reg_code="5079552770"/>
<player seat="6" name="M1ky3ste92" chips="420" dealer="0" win="75" bet="420" muck="1" rebuy="0" addon="0" merge="0" rebuychips="0" reg_code="5079552797"/>
</players>
</general>
<round no="0"><action no="1" player="M1ky3ste92" type="15" sum="5"/>
<action no="2" player="Focomelico52" type="15" discard="1" dealt="1" sum="5"/>
<action no="3" player="Ankalaev" type="15" discard="1" dealt="1" sum="5"/>
<action no="4" player="M1ky3ste92" type="1" sum="15"/>
<action no="5" player="Focomelico52" type="2" discard="1" dealt="1" sum="30"/>
</round>
<round no="1"><cards type="Pocket" player="M1ky3ste92">HA DJ</cards>
<cards type="Pocket" player="Ankalaev">X X</cards>
<cards type="Pocket" player="Focomelico52">X X</cards>
<action no="6" player="Ankalaev" type="0" discard="1" dealt="1" sum="0"/>
<action no="7" player="M1ky3ste92" type="23" sum="415"/>
<action no="8" player="Focomelico52" type="0" discard="1" dealt="1" sum="0"/>
</round>
</game>
<game gamecode="6555465789"><general>
<startdate>2025-12-11 11:55:07</startdate>
<round>1</round>
<failsafecounter/>
<players><player seat="3" name="Ankalaev" chips="445" dealer="0" win="45" bet="35" muck="1" rebuy="0" addon="0" merge="0" rebuychips="0" reg_code="5079552770"/>
<player seat="6" name="M1ky3ste92" chips="460" dealer="1" win="0" bet="5" muck="1" rebuy="0" addon="0" merge="0" rebuychips="0" reg_code="5079552797"/>
<player seat="10" name="Focomelico52" chips="595" dealer="0" win="0" bet="20" muck="1" rebuy="0" addon="0" merge="0" rebuychips="0" reg_code="5079552813"/>
</players>
</general>
<round no="0"><action no="1" player="Focomelico52" type="15" discard="1" dealt="1" sum="5"/>
<action no="2" player="Ankalaev" type="15" discard="1" dealt="1" sum="5"/>
<action no="3" player="M1ky3ste92" type="15" sum="5"/>
<action no="4" player="Focomelico52" type="1" discard="1" dealt="1" sum="15"/>
<action no="5" player="Ankalaev" type="2" discard="1" dealt="1" sum="30"/>
</round>
<round no="1"><cards type="Pocket" player="Focomelico52">X X</cards>
<cards type="Pocket" player="Ankalaev">X X</cards>
<cards type="Pocket" player="M1ky3ste92">S10 S7</cards>
<action no="6" player="M1ky3ste92" type="0" sum="0"/>
<action no="7" player="Focomelico52" type="0" discard="1" dealt="1" sum="0"/>
</round>
</game>
<game gamecode="6555465814"><general>
<startdate>2025-12-11 11:55:14</startdate>
<round>1</round>
<failsafecounter/>
<players><player seat="6" name="M1ky3ste92" chips="455" dealer="0" win="75" bet="455" muck="1" rebuy="0" addon="0" merge="0" rebuychips="0" reg_code="5079552797"/>
<player seat="10" name="Focomelico52" chips="575" dealer="1" win="0" bet="5" muck="1" rebuy="0" addon="0" merge="0" rebuychips="0" reg_code="5079552813"/>
<player seat="3" name="Ankalaev" chips="470" dealer="0" win="0" bet="35" muck="1" rebuy="0" addon="0" merge="0" rebuychips="0" reg_code="5079552770"/>
</players>
</general>
<round no="0"><action no="1" player="Ankalaev" type="15" discard="1" dealt="1" sum="5"/>
<action no="2" player="M1ky3ste92" type="15" sum="5"/>
<action no="3" player="Focomelico52" type="15" discard="1" dealt="1" sum="5"/>
<action no="4" player="Ankalaev" type="1" discard="1" dealt="1" sum="15"/>
<action no="5" player="M1ky3ste92" type="2" sum="30"/>
</round>
<round no="1"><cards type="Pocket" player="Ankalaev">X X</cards>
<cards type="Pocket" player="Focomelico52">X X</cards>
<cards type="Pocket" player="M1ky3ste92">D6 SA</cards>
<action no="6" player="Focomelico52" type="0" discard="1" dealt="1" sum="0"/>
<action no="7" player="Ankalaev" type="3" discard="1" dealt="1" sum="15"/>
<action no="8" player="M1ky3ste92" type="23" sum="450"/>
<action no="9" player="Ankalaev" type="0" discard="1" dealt="1" sum="0"/>
</round>
</game>
<game gamecode="6555465908"><general>
<startdate>2025-12-11 11:55:45</startdate>
<round>1</round>
<failsafecounter/>
<players><player seat="10" name="Focomelico52" chips="570" dealer="0" win="45" bet="35" muck="1" rebuy="0" addon="0" merge="0" rebuychips="0" reg_code="5079552813"/>
<player seat="3" name="Ankalaev" chips="435" dealer="1" win="0" bet="5" muck="1" rebuy="0" addon="0" merge="0" rebuychips="0" reg_code="5079552770"/>
<player seat="6" name="M1ky3ste92" chips="495" dealer="0" win="0" bet="20" muck="1" rebuy="0" addon="0" merge="0" rebuychips="0" reg_code="5079552797"/>
</players>
</general>
<round no="0"><action no="1" player="M1ky3ste92" type="15" sum="5"/>
<action no="2" player="Focomelico52" type="15" discard="1" dealt="1" sum="5"/>
<action no="3" player="Ankalaev" type="15" discard="1" dealt="1" sum="5"/>
<action no="4" player="M1ky3ste92" type="1" sum="15"/>
<action no="5" player="Focomelico52" type="2" discard="1" dealt="1" sum="30"/>
</round>
<round no="1"><cards type="Pocket" player="Ankalaev">X X</cards>
<cards type="Pocket" player="M1ky3ste92">H6 CQ</cards>
<cards type="Pocket" player="Focomelico52">X X</cards>
<action no="6" player="Ankalaev" type="0" discard="1" dealt="1" sum="0"/>
<action no="7" player="M1ky3ste92" type="0" sum="0"/>
</round>
</game>
<game gamecode="6555465935"><general>
<startdate>2025-12-11 11:55:54</startdate>
<round>1</round>
<failsafecounter/>
<players><player seat="3" name="Ankalaev" chips="430" dealer="0" win="0" bet="35" muck="1" rebuy="0" addon="0" merge="0" rebuychips="0" reg_code="5079552770"/>
<player seat="6" name="M1ky3ste92" chips="475" dealer="1" win="90" bet="65" muck="1" rebuy="0" addon="0" merge="0" rebuychips="0" reg_code="5079552797"/>
<player seat="10" name="Focomelico52" chips="595" dealer="0" win="0" bet="20" muck="1" rebuy="0" addon="0" merge="0" rebuychips="0" reg_code="5079552813"/>
</players>
</general>
<round no="0"><action no="1" player="Focomelico52" type="15" discard="1" dealt="1" sum="5"/>
<action no="2" player="Ankalaev" type="15" discard="1" dealt="1" sum="5"/>
<action no="3" player="M1ky3ste92" type="15" sum="5"/>
<action no="4" player="Focomelico52" type="1" discard="1" dealt="1" sum="15"/>
<action no="5" player="Ankalaev" type="2" discard="1" dealt="1" sum="30"/>
</round>
<round no="1"><cards type="Pocket" player="Ankalaev">X X</cards>
<cards type="Pocket" player="M1ky3ste92">DK D5</cards>
<cards type="Pocket" player="Focomelico52">X X</cards>
<action no="6" player="M1ky3ste92" type="23" sum="60"/>
<action no="7" player="Focomelico52" type="0" discard="1" dealt="1" sum="0"/>
<action no="8" player="Ankalaev" type="0" discard="1" dealt="1" sum="0"/>
</round>
</game>
<game gamecode="6555465989"><general>
<startdate>2025-12-11 11:56:11</startdate>
<round>1</round>
<failsafecounter/>
<players><player seat="6" name="M1ky3ste92" chips="530" dealer="0" win="0" bet="35" muck="1" rebuy="0" addon="0" merge="0" rebuychips="0" reg_code="5079552797"/>
<player seat="10" name="Focomelico52" chips="575" dealer="1" win="0" bet="5" muck="1" rebuy="0" addon="0" merge="0" rebuychips="0" reg_code="5079552813"/>
<player seat="3" name="Ankalaev" chips="395" dealer="0" win="75" bet="395" muck="1" rebuy="0" addon="0" merge="0" rebuychips="0" reg_code="5079552770"/>
</players>
</general>
<round no="0"><action no="1" player="Ankalaev" type="15" discard="1" dealt="1" sum="5"/>
<action no="2" player="M1ky3ste92" type="15" sum="5"/>
<action no="3" player="Focomelico52" type="15" discard="1" dealt="1" sum="5"/>
<action no="4" player="Ankalaev" type="1" discard="1" dealt="1" sum="15"/>
<action no="5" player="M1ky3ste92" type="2" sum="30"/>
</round>
<round no="1"><cards type="Pocket" player="M1ky3ste92">S8 S4</cards>
<cards type="Pocket" player="Focomelico52">X X</cards>
<cards type="Pocket" player="Ankalaev">X X</cards>
<action no="6" player="Focomelico52" type="0" discard="1" dealt="1" sum="0"/>
<action no="7" player="Ankalaev" type="23" discard="1" dealt="1" sum="390"/>
<action no="8" player="M1ky3ste92" type="0" sum="0"/>
</round>
</game>
<game gamecode="6555466025"><general>
<startdate>2025-12-11 11:56:22</startdate>
<round>1</round>
<failsafecounter/>
<players><player seat="10" name="Focomelico52" chips="570" dealer="0" win="75" bet="35" muck="0" rebuy="0" addon="0" merge="0" rebuychips="0" reg_code="5079552813"/>
<player seat="3" name="Ankalaev" chips="435" dealer="1" win="0" bet="5" muck="1" rebuy="0" addon="0" merge="0" rebuychips="0" reg_code="5079552770"/>
<player seat="6" name="M1ky3ste92" chips="495" dealer="0" win="0" bet="35" muck="1" rebuy="0" addon="0" merge="0" rebuychips="0" reg_code="5079552797"/>
</players>
</general>
<round no="0"><action no="1" player="M1ky3ste92" type="15" sum="5"/>
<action no="2" player="Focomelico52" type="15" discard="1" dealt="1" sum="5"/>
<action no="3" player="Ankalaev" type="15" discard="1" dealt="1" sum="5"/>
<action no="4" player="M1ky3ste92" type="1" sum="15"/>
<action no="5" player="Focomelico52" type="2" discard="1" dealt="1" sum="30"/>
</round>
<round no="1"><cards type="Pocket" player="Focomelico52">S3 S8</cards>
<cards type="Pocket" player="M1ky3ste92">CA S2</cards>
<cards type="Pocket" player="Ankalaev">X X</cards>
<action no="6" player="Ankalaev" type="0" discard="1" dealt="1" sum="0"/>
<action no="7" player="M1ky3ste92" type="3" sum="15"/>
<action no="8" player="Focomelico52" type="4" discard="1" dealt="1" sum="0"/>
</round>
<round no="2"><cards type="Flop">D6 C2 CJ</cards>
<action no="9" player="M1ky3ste92" type="4" sum="0"/>
<action no="10" player="Focomelico52" type="4" discard="1" dealt="1" sum="0"/>
</round>
<round no="3"><cards type="Turn">H3</cards>
<action no="11" player="M1ky3ste92" type="4" sum="0"/>
<action no="12" player="Focomelico52" type="4" discard="1" dealt="1" sum="0"/>
</round>
<round no="4"><cards type="River">H10</cards>
<action no="13" player="M1ky3ste92" type="4" sum="0"/>
<action no="14" player="Focomelico52" type="4" discard="1" dealt="1" sum="0"/>
</round>
</game>
<game gamecode="6555466147"><general>
<startdate>2025-12-11 11:56:56</startdate>
<round>1</round>
<failsafecounter/>
<players><player seat="3" name="Ankalaev" chips="430" dealer="0" win="95" bet="125" muck="1" rebuy="0" addon="0" merge="0" rebuychips="0" reg_code="5079552770"/>
<player seat="6" name="M1ky3ste92" chips="460" dealer="1" win="0" bet="5" muck="1" rebuy="0" addon="0" merge="0" rebuychips="0" reg_code="5079552797"/>
<player seat="10" name="Focomelico52" chips="610" dealer="0" win="0" bet="45" muck="1" rebuy="0" addon="0" merge="0" rebuychips="0" reg_code="5079552813"/>
</players>
</general>
<round no="0"><action no="1" player="Focomelico52" type="15" discard="1" dealt="1" sum="5"/>
<action no="2" player="Ankalaev" type="15" discard="1" dealt="1" sum="5"/>
<action no="3" player="M1ky3ste92" type="15" sum="5"/>
<action no="4" player="Focomelico52" type="1" discard="1" dealt="1" sum="20"/>
<action no="5" player="Ankalaev" type="2" discard="1" dealt="1" sum="40"/>
</round>
<round no="1"><cards type="Pocket" player="Ankalaev">X X</cards>
<cards type="Pocket" player="Focomelico52">X X</cards>
<cards type="Pocket" player="M1ky3ste92">S8 D7</cards>
<action no="6" player="M1ky3ste92" type="0" sum="0"/>
<action no="7" player="Focomelico52" type="3" discard="1" dealt="1" sum="20"/>
<action no="8" player="Ankalaev" type="23" discard="1" dealt="1" sum="120"/>
<action no="9" player="Focomelico52" type="0" discard="1" dealt="1" sum="0"/>
</round>
</game>
<game gamecode="6555466201"><general>
<startdate>2025-12-11 11:57:12</startdate>
<round>1</round>
<failsafecounter/>
<players><player seat="6" name="M1ky3ste92" chips="455" dealer="0" win="55" bet="45" muck="1" rebuy="0" addon="0" merge="0" rebuychips="0" reg_code="5079552797"/>
<player seat="10" name="Focomelico52" chips="565" dealer="1" win="0" bet="5" muck="1" rebuy="0" addon="0" merge="0" rebuychips="0" reg_code="5079552813"/>
<player seat="3" name="Ankalaev" chips="480" dealer="0" win="0" bet="25" muck="1" rebuy="0" addon="0" merge="0" rebuychips="0" reg_code="5079552770"/>
</players>
</general>
<round no="0"><action no="1" player="Ankalaev" type="15" discard="1" dealt="1" sum="5"/>
<action no="2" player="M1ky3ste92" type="15" sum="5"/>
<action no="3" player="Focomelico52" type="15" discard="1" dealt="1" sum="5"/>
<action no="4" player="Ankalaev" type="1" discard="1" dealt="1" sum="20"/>
<action no="5" player="M1ky3ste92" type="2" sum="40"/>
</round>
<round no="1"><cards type="Pocket" player="Ankalaev">X X</cards>
<cards type="Pocket" player="Focomelico52">X X</cards>
<cards type="Pocket" player="M1ky3ste92">S2 D5</cards>
<action no="6" player="Focomelico52" type="0" discard="1" dealt="1" sum="0"/>
<action no="7" player="Ankalaev" type="0" discard="1" dealt="1" sum="0"/>
</round>
</game>
<game gamecode="6555466230"><general>
<startdate>2025-12-11 11:57:20</startdate>
<round>1</round>
<failsafecounter/>
<players><player seat="10" name="Focomelico52" chips="560" dealer="0" win="55" bet="45" muck="1" rebuy="0" addon="0" merge="0" rebuychips="0" reg_code="5079552813"/>
<player seat="3" name="Ankalaev" chips="455" dealer="1" win="0" bet="5" muck="1" rebuy="0" addon="0" merge="0" rebuychips="0" reg_code="5079552770"/>
<player seat="6" name="M1ky3ste92" chips="485" dealer="0" win="0" bet="25" muck="1" rebuy="0" addon="0" merge="0" rebuychips="0" reg_code="5079552797"/>
</players>
</general>
<round no="0"><action no="1" player="M1ky3ste92" type="15" sum="5"/>
<action no="2" player="Focomelico52" type="15" discard="1" dealt="1" sum="5"/>
<action no="3" player="Ankalaev" type="15" discard="1" dealt="1" sum="5"/>
<action no="4" player="M1ky3ste92" type="1" sum="20"/>
<action no="5" player="Focomelico52" type="2" discard="1" dealt="1" sum="40"/>
</round>
<round no="1"><cards type="Pocket" player="Focomelico52">X X</cards>
<cards type="Pocket" player="Ankalaev">X X</cards>
<cards type="Pocket" player="M1ky3ste92">DJ C7</cards>
<action no="6" player="Ankalaev" type="0" discard="1" dealt="1" sum="0"/>
<action no="7" player="M1ky3ste92" type="0" sum="0"/>
</round>
</game>
<game gamecode="6555466271"><general>
<startdate>2025-12-11 11:57:30</startdate>
<round>1</round>
<failsafecounter/>
<players><player seat="3" name="Ankalaev" chips="450" dealer="0" win="0" bet="125" muck="1" rebuy="0" addon="0" merge="0" rebuychips="0" reg_code="5079552770"/>
<player seat="6" name="M1ky3ste92" chips="460" dealer="1" win="275" bet="460" muck="1" rebuy="0" addon="0" merge="0" rebuychips="0" reg_code="5079552797"/>
<player seat="10" name="Focomelico52" chips="590" dealer="0" win="0" bet="25" muck="1" rebuy="0" addon="0" merge="0" rebuychips="0" reg_code="5079552813"/>
</players>
</general>
<round no="0"><action no="1" player="Focomelico52" type="15" discard="1" dealt="1" sum="5"/>
<action no="2" player="Ankalaev" type="15" discard="1" dealt="1" sum="5"/>
<action no="3" player="M1ky3ste92" type="15" sum="5"/>
<action no="4" player="Focomelico52" type="1" discard="1" dealt="1" sum="20"/>
<action no="5" player="Ankalaev" type="2" discard="1" dealt="1" sum="40"/>
</round>
<round no="1"><cards type="Pocket" player="Focomelico52">X X</cards>
<cards type="Pocket" player="Ankalaev">X X</cards>
<cards type="Pocket" player="M1ky3ste92">CA SA</cards>
<action no="6" player="M1ky3ste92" type="23" sum="80"/>
<action no="7" player="Focomelico52" type="0" discard="1" dealt="1" sum="0"/>
<action no="8" player="Ankalaev" type="3" discard="1" dealt="1" sum="40"/>
</round>
<round no="2"><cards type="Flop">DA C4 H4</cards>
<action no="9" player="Ankalaev" type="4" discard="1" dealt="1" sum="0"/>
<action no="10" player="M1ky3ste92" type="5" sum="40"/>
<action no="11" player="Ankalaev" type="3" discard="1" dealt="1" sum="40"/>
</round>
<round no="3"><cards type="Turn">C8</cards>
<action no="12" player="Ankalaev" type="4" discard="1" dealt="1" sum="0"/>
<action no="13" player="M1ky3ste92" type="4" sum="0"/>
</round>
<round no="4"><cards type="River">C7</cards>
<action no="14" player="Ankalaev" type="4" discard="1" dealt="1" sum="0"/>
<action no="15" player="M1ky3ste92" type="5" sum="335"/>
<action no="16" player="Ankalaev" type="0" discard="1" dealt="1" sum="0"/>
</round>
</game>
<game gamecode="6555466346"><general>
<startdate>2025-12-11 11:57:56</startdate>
<round>1</round>
<failsafecounter/>
<players><player seat="6" name="M1ky3ste92" chips="610" dealer="0" win="0" bet="45" muck="1" rebuy="0" addon="0" merge="0" rebuychips="0" reg_code="5079552797"/>
<player seat="10" name="Focomelico52" chips="565" dealer="1" win="0" bet="5" muck="1" rebuy="0" addon="0" merge="0" rebuychips="0" reg_code="5079552813"/>
<player seat="3" name="Ankalaev" chips="325" dealer="0" win="95" bet="325" muck="1" rebuy="0" addon="0" merge="0" rebuychips="0" reg_code="5079552770"/>
</players>
</general>
<round no="0"><action no="1" player="Ankalaev" type="15" discard="1" dealt="1" sum="5"/>
<action no="2" player="M1ky3ste92" type="15" sum="5"/>
<action no="3" player="Focomelico52" type="15" discard="1" dealt="1" sum="5"/>
<action no="4" player="Ankalaev" type="1" discard="1" dealt="1" sum="20"/>
<action no="5" player="M1ky3ste92" type="2" sum="40"/>
</round>
<round no="1"><cards type="Pocket" player="M1ky3ste92">CJ S3</cards>
<cards type="Pocket" player="Focomelico52">X X</cards>
<cards type="Pocket" player="Ankalaev">X X</cards>
<action no="6" player="Focomelico52" type="0" discard="1" dealt="1" sum="0"/>
<action no="7" player="Ankalaev" type="23" discard="1" dealt="1" sum="320"/>
<action no="8" player="M1ky3ste92" type="0" sum="0"/>
</round>
</game>
<game gamecode="6555466383"><general>
<startdate>2025-12-11 11:58:09</startdate>
<round>1</round>
<failsafecounter/>
<players><player seat="10" name="Focomelico52" chips="560" dealer="0" win="255" bet="443" muck="1" rebuy="0" addon="0" merge="0" rebuychips="0" reg_code="5079552813"/>
<player seat="3" name="Ankalaev" chips="375" dealer="1" win="0" bet="5" muck="1" rebuy="0" addon="0" merge="0" rebuychips="0" reg_code="5079552770"/>
<player seat="6" name="M1ky3ste92" chips="565" dealer="0" win="0" bet="125" muck="1" rebuy="0" addon="0" merge="0" rebuychips="0" reg_code="5079552797"/>
</players>
</general>
<round no="0"><action no="1" player="M1ky3ste92" type="15" sum="5"/>
<action no="2" player="Focomelico52" type="15" discard="1" dealt="1" sum="5"/>
<action no="3" player="Ankalaev" type="15" discard="1" dealt="1" sum="5"/>
<action no="4" player="M1ky3ste92" type="1" sum="20"/>
<action no="5" player="Focomelico52" type="2" discard="1" dealt="1" sum="40"/>
</round>
<round no="1"><cards type="Pocket" player="Ankalaev">X X</cards>
<cards type="Pocket" player="Focomelico52">X X</cards>
<cards type="Pocket" player="M1ky3ste92">HK HA</cards>
<action no="6" player="Ankalaev" type="0" discard="1" dealt="1" sum="0"/>
<action no="7" player="M1ky3ste92" type="23" sum="80"/>
<action no="8" player="Focomelico52" type="3" discard="1" dealt="1" sum="40"/>
</round>
<round no="2"><cards type="Flop">C5 C8 D8</cards>
<action no="9" player="M1ky3ste92" type="4" sum="0"/>
<action no="10" player="Focomelico52" type="5" discard="1" dealt="1" sum="40"/>
<action no="11" player="M1ky3ste92" type="3" sum="40"/>
</round>
<round no="3"><cards type="Turn">S3</cards>
<action no="12" player="M1ky3ste92" type="4" sum="0"/>
<action no="13" player="Focomelico52" type="4" discard="1" dealt="1" sum="0"/>
</round>
<round no="4"><cards type="River">D2</cards>
<action no="14" player="M1ky3ste92" type="4" sum="0"/>
<action no="15" player="Focomelico52" type="5" discard="1" dealt="1" sum="318"/>
<action no="16" player="M1ky3ste92" type="0" sum="0"/>
</round>
</game>
<game gamecode="6555466548"><general>
<startdate>2025-12-11 11:59:07</startdate>
<round>1</round>
<failsafecounter/>
<players><player seat="3" name="Ankalaev" chips="370" dealer="0" win="75" bet="65" muck="1" rebuy="0" addon="0" merge="0" rebuychips="0" reg_code="5079552770"/>
<player seat="6" name="M1ky3ste92" chips="440" dealer="1" win="0" bet="5" muck="1" rebuy="0" addon="0" merge="0" rebuychips="0" reg_code="5079552797"/>
<player seat="10" name="Focomelico52" chips="690" dealer="0" win="0" bet="35" muck="1" rebuy="0" addon="0" merge="0" rebuychips="0" reg_code="5079552813"/>
</players>
</general>
<round no="0"><action no="1" player="Focomelico52" type="15" discard="1" dealt="1" sum="5"/>
<action no="2" player="Ankalaev" type="15" discard="1" dealt="1" sum="5"/>
<action no="3" player="M1ky3ste92" type="15" sum="5"/>
<action no="4" player="Focomelico52" type="1" discard="1" dealt="1" sum="30"/>
<action no="5" player="Ankalaev" type="2" discard="1" dealt="1" sum="60"/>
</round>
<round no="1"><cards type="Pocket" player="M1ky3ste92">S6 D7</cards>
<cards type="Pocket" player="Focomelico52">X X</cards>
<cards type="Pocket" player="Ankalaev">X X</cards>
<action no="6" player="M1ky3ste92" type="0" sum="0"/>
<action no="7" player="Focomelico52" type="0" discard="1" dealt="1" sum="0"/>
</round>
</game>
<game gamecode="6555466584"><general>
<startdate>2025-12-11 11:59:17</startdate>
<round>1</round>
<failsafecounter/>
<players><player seat="6" name="M1ky3ste92" chips="435" dealer="0" win="0" bet="410" muck="1" rebuy="0" addon="0" merge="0" rebuychips="0" reg_code="5079552797"/>
<player seat="10" name="Focomelico52" chips="655" dealer="1" win="0" bet="5" muck="1" rebuy="0" addon="0" merge="0" rebuychips="0" reg_code="5079552813"/>
<player seat="3" name="Ankalaev" chips="410" dealer="0" win="825" bet="410" muck="0" rebuy="0" addon="0" merge="0" rebuychips="0" reg_code="5079552770"/>
</players>
</general>
<round no="0"><action no="1" player="Ankalaev" type="15" discard="1" dealt="1" sum="5"/>
<action no="2" player="M1ky3ste92" type="15" sum="5"/>
<action no="3" player="Focomelico52" type="15" discard="1" dealt="1" sum="5"/>
<action no="4" player="Ankalaev" type="1" discard="1" dealt="1" sum="30"/>
<action no="5" player="M1ky3ste92" type="2" sum="60"/>
</round>
<round no="1"><cards type="Pocket" player="M1ky3ste92">S4 CK</cards>
<cards type="Pocket" player="Focomelico52">X X</cards>
<cards type="Pocket" player="Ankalaev">DJ DA</cards>
<action no="6" player="Focomelico52" type="0" discard="1" dealt="1" sum="0"/>
<action no="7" player="Ankalaev" type="23" discard="1" dealt="1" sum="405"/>
<action no="8" player="M1ky3ste92" type="3" sum="345"/>
</round>
<round no="2"><cards type="Flop">C2 D3 HJ</cards>
</round>
<round no="3"><cards type="Turn">S6</cards>
</round>
<round no="4"><cards type="River">H8</cards>
</round>
</game>
<game gamecode="6555466664"><general>
<startdate>2025-12-11 11:59:43</startdate>
<round>1</round>
<failsafecounter/>
<players><player seat="10" name="Focomelico52" chips="650" dealer="0" win="0" bet="65" muck="0" rebuy="0" addon="0" merge="0" rebuychips="0" reg_code="5079552813"/>
<player seat="3" name="Ankalaev" chips="825" dealer="1" win="0" bet="5" muck="1" rebuy="0" addon="0" merge="0" rebuychips="0" reg_code="5079552770"/>
<player seat="6" name="M1ky3ste92" chips="25" dealer="0" win="55" bet="25" muck="0" rebuy="0" addon="0" merge="0" rebuychips="0" reg_code="5079552797"/>
</players>
</general>
<round no="0"><action no="1" player="M1ky3ste92" type="15" sum="5"/>
<action no="2" player="Focomelico52" type="15" discard="1" dealt="1" sum="5"/>
<action no="3" player="Ankalaev" type="15" discard="1" dealt="1" sum="5"/>
<action no="4" player="M1ky3ste92" type="1" sum="20"/>
<action no="5" player="Focomelico52" type="2" discard="1" dealt="1" sum="60"/>
</round>
<round no="1"><cards type="Pocket" player="Ankalaev">X X</cards>
<cards type="Pocket" player="Focomelico52">D2 HK</cards>
<cards type="Pocket" player="M1ky3ste92">S10 C10</cards>
<action no="6" player="Ankalaev" type="0" discard="1" dealt="1" sum="0"/>
</round>
<round no="2"><cards type="Flop">DQ C6 CQ</cards>
</round>
<round no="3"><cards type="Turn">D10</cards>
</round>
<round no="4"><cards type="River">H4</cards>
</round>
</game>
<game gamecode="6555466711"><general>
<startdate>2025-12-11 11:59:57</startdate>
<round>1</round>
<failsafecounter/>
<players><player seat="3" name="Ankalaev" chips="820" dealer="0" win="135" bet="820" muck="1" rebuy="0" addon="0" merge="0" rebuychips="0" reg_code="5079552770"/>
<player seat="6" name="M1ky3ste92" chips="55" dealer="1" win="0" bet="5" muck="1" rebuy="0" addon="0" merge="0" rebuychips="0" reg_code="5079552797"/>
<player seat="10" name="Focomelico52" chips="625" dealer="0" win="0" bet="65" muck="1" rebuy="0" addon="0" merge="0" rebuychips="0" reg_code="5079552813"/>
</players>
</general>
<round no="0"><action no="1" player="Focomelico52" type="15" discard="1" dealt="1" sum="5"/>
<action no="2" player="Ankalaev" type="15" discard="1" dealt="1" sum="5"/>
<action no="3" player="M1ky3ste92" type="15" sum="5"/>
<action no="4" player="Focomelico52" type="1" discard="1" dealt="1" sum="30"/>
<action no="5" player="Ankalaev" type="2" discard="1" dealt="1" sum="60"/>
</round>
<round no="1"><cards type="Pocket" player="M1ky3ste92">D8 C2</cards>
<cards type="Pocket" player="Focomelico52">X X</cards>
<cards type="Pocket" player="Ankalaev">X X</cards>
<action no="6" player="M1ky3ste92" type="0" sum="0"/>
<action no="7" player="Focomelico52" type="3" discard="1" dealt="1" sum="30"/>
<action no="8" player="Ankalaev" type="23" discard="1" dealt="1" sum="815"/>
<action no="9" player="Focomelico52" type="0" discard="1" dealt="1" sum="0"/>
</round>
</game>
<game gamecode="6555466767"><general>
<startdate>2025-12-11 12:00:16</startdate>
<round>1</round>
<failsafecounter/>
<players><player seat="6" name="M1ky3ste92" chips="50" dealer="0" win="0" bet="50" muck="0" rebuy="0" addon="0" merge="0" rebuychips="0" reg_code="5079552797"/>
<player seat="10" name="Focomelico52" chips="560" dealer="1" win="0" bet="5" muck="1" rebuy="0" addon="0" merge="0" rebuychips="0" reg_code="5079552813"/>
<player seat="3" name="Ankalaev" chips="890" dealer="0" win="105" bet="50" muck="0" rebuy="0" addon="0" merge="0" rebuychips="0" reg_code="5079552770"/>
</players>
</general>
<round no="0"><action no="1" player="Ankalaev" type="15" discard="1" dealt="1" sum="5"/>
<action no="2" player="M1ky3ste92" type="15" sum="5"/>
<action no="3" player="Focomelico52" type="15" discard="1" dealt="1" sum="5"/>
<action no="4" player="Ankalaev" type="1" discard="1" dealt="1" sum="30"/>
<action no="5" player="M1ky3ste92" type="2" sum="45"/>
</round>
<round no="1"><cards type="Pocket" player="Ankalaev">H4 HA</cards>
<cards type="Pocket" player="Focomelico52">X X</cards>
<cards type="Pocket" player="M1ky3ste92">SJ D2</cards>
<action no="6" player="Focomelico52" type="0" discard="1" dealt="1" sum="0"/>
<action no="7" player="Ankalaev" type="3" discard="1" dealt="1" sum="15"/>
</round>
<round no="2"><cards type="Flop">C3 S2 D5</cards>
</round>
<round no="3"><cards type="Turn">CK</cards>
</round>
<round no="4"><cards type="River">H7</cards>
</round>
</game>
</session>
