<?xml version="1.0" encoding="UTF-8"?>
<session sessioncode="5079639862">
<general>
<client_version>25.7.1.34</client_version>
<mode>real</mode>
<gametype>Holdem NL</gametype>
<tablename>Twister €100 SNG, 823559358</tablename>
<tournamentcode>823559357</tournamentcode>
<tournamentname>Twister €100 SNG</tournamentname>
<buyin>€0 + €7 + €93</buyin>
<totalbuyin>€100</totalbuyin>
<rewarddrawn>€400</rewarddrawn>
<tournamentcurrency>EUR</tournamentcurrency>
<currency>EUR</currency>
<nickname>M1ky3ste92</nickname>
<gamecount>10</gamecount>
<startdate>2025-12-11 18:44:47</startdate>
<place>3</place>
<win>€0</win>
<tablesize>3</tablesize>
</general>
<game gamecode="6555790147"><general>
<startdate>2025-12-11 18:45:03</startdate>
<round>1</round>
<failsafecounter/>
<players><player seat="6" name="Cinghialetto8" chips="500" dealer="0" win="0" bet="20" muck="1" rebuy="0" addon="0" merge="0" rebuychips="0" reg_code="5079640377"/>
<player seat="10" name="limousin333" chips="500" dealer="1" win="50" bet="40" muck="1" rebuy="0" addon="0" merge="0" rebuychips="0" reg_code="5079640383"/>
<player seat="3" name="M1ky3ste92" chips="500" dealer="0" win="0" bet="10" muck="1" rebuy="0" addon="0" merge="0" rebuychips="0" reg_code="5079639862"/>
</players>
</general>
<round no="0"><action no="1" player="M1ky3ste92" type="1" sum="10"/>
<action no="2" player="Cinghialetto8" type="2" discard="1" dealt="1" sum="20"/>
</round>
<round no="1"><cards type="Pocket" player="M1ky3ste92">C7 S8</cards>
<cards type="Pocket" player="Cinghialetto8">X X</cards>
<cards type="Pocket" player="limousin333">X X</cards>
<action no="3" player="limousin333" type="23" discard="1" dealt="1" sum="40"/>
<action no="4" player="M1ky3ste92" type="0" sum="0"/>
<action no="5" player="Cinghialetto8" type="0" discard="1" dealt="1" sum="0"/>
</round>
</game>
<game gamecode="6555790244"><general>
<startdate>2025-12-11 18:45:19</startdate>
<round>1</round>
<failsafecounter/>
<players><player seat="10" name="limousin333" chips="530" dealer="0" win="20" bet="20" muck="1" rebuy="0" addon="0" merge="0" rebuychips="0" reg_code="5079640383"/>
<player seat="3" name="M1ky3ste92" chips="490" dealer="1" win="0" bet="0" muck="1" rebuy="0" addon="0" merge="0" rebuychips="0" reg_code="5079639862"/>
<player seat="6" name="Cinghialetto8" chips="480" dealer="0" win="0" bet="10" muck="1" rebuy="0" addon="0" merge="0" rebuychips="0" reg_code="5079640377"/>
</players>
</general>
<round no="0"><action no="1" player="Cinghialetto8" type="1" discard="1" dealt="1" sum="10"/>
<action no="2" player="limousin333" type="2" discard="1" dealt="1" sum="20"/>
</round>
<round no="1"><cards type="Pocket" player="M1ky3ste92">D2 C8</cards>
<cards type="Pocket" player="Cinghialetto8">X X</cards>
<cards type="Pocket" player="limousin333">X X</cards>
<action no="3" player="M1ky3ste92" type="0" sum="0"/>
<action no="4" player="Cinghialetto8" type="0" discard="1" dealt="1" sum="0"/>
</round>
</game>
<game gamecode="6555790312"><general>
<startdate>2025-12-11 18:45:31</startdate>
<round>1</round>
<failsafecounter/>
<players><player seat="3" name="M1ky3ste92" chips="490" dealer="0" win="20" bet="20" muck="1" rebuy="0" addon="0" merge="0" rebuychips="0" reg_code="5079639862"/>
<player seat="6" name="Cinghialetto8" chips="470" dealer="1" win="0" bet="0" muck="1" rebuy="0" addon="0" merge="0" rebuychips="0" reg_code="5079640377"/>
<player seat="10" name="limousin333" chips="540" dealer="0" win="0" bet="10" muck="1" rebuy="0" addon="0" merge="0" rebuychips="0" reg_code="5079640383"/>
</players>
</general>
<round no="0"><action no="1" player="limousin333" type="1" discard="1" dealt="1" sum="10"/>
<action no="2" player="M1ky3ste92" type="2" sum="20"/>
</round>
<round no="1"><cards type="Pocket" player="M1ky3ste92">D4 H6</cards>
<cards type="Pocket" player="limousin333">X X</cards>
<cards type="Pocket" player="Cinghialetto8">X X</cards>
<action no="3" player="Cinghialetto8" type="0" discard="1" dealt="1" sum="0"/>
<action no="4" player="limousin333" type="0" discard="1" dealt="1" sum="0"/>
</round>
</game>
<game gamecode="6555790371"><general>
<startdate>2025-12-11 18:45:42</startdate>
<round>1</round>
<failsafecounter/>
<players><player seat="6" name="Cinghialetto8" chips="470" dealer="0" win="80" bet="120" muck="1" rebuy="0" addon="0" merge="0" rebuychips="0" reg_code="5079640377"/>
<player seat="10" name="limousin333" chips="530" dealer="1" win="0" bet="0" muck="1" rebuy="0" addon="0" merge="0" rebuychips="0" reg_code="5079640383"/>
<player seat="3" name="M1ky3ste92" chips="500" dealer="0" win="0" bet="40" muck="1" rebuy="0" addon="0" merge="0" rebuychips="0" reg_code="5079639862"/>
</players>
</general>
<round no="0"><action no="1" player="M1ky3ste92" type="1" sum="10"/>
<action no="2" player="Cinghialetto8" type="2" discard="1" dealt="1" sum="20"/>
</round>
<round no="1"><cards type="Pocket" player="Cinghialetto8">X X</cards>
<cards type="Pocket" player="limousin333">X X</cards>
<cards type="Pocket" player="M1ky3ste92">H6 DK</cards>
<action no="3" player="limousin333" type="0" discard="1" dealt="1" sum="0"/>
<action no="4" player="M1ky3ste92" type="23" sum="40"/>
<action no="5" player="Cinghialetto8" type="23" discard="1" dealt="1" sum="120"/>
<action no="6" player="M1ky3ste92" type="0" sum="0"/>
</round>
</game>
<game gamecode="6555790558"><general>
<startdate>2025-12-11 18:46:15</startdate>
<round>1</round>
<failsafecounter/>
<players><player seat="10" name="limousin333" chips="530" dealer="0" win="0" bet="20" muck="1" rebuy="0" addon="0" merge="0" rebuychips="0" reg_code="5079640383"/>
<player seat="3" name="M1ky3ste92" chips="460" dealer="1" win="50" bet="40" muck="1" rebuy="0" addon="0" merge="0" rebuychips="0" reg_code="5079639862"/>
<player seat="6" name="Cinghialetto8" chips="510" dealer="0" win="0" bet="10" muck="1" rebuy="0" addon="0" merge="0" rebuychips="0" reg_code="5079640377"/>
</players>
</general>
<round no="0"><action no="1" player="Cinghialetto8" type="1" discard="1" dealt="1" sum="10"/>
<action no="2" player="limousin333" type="2" discard="1" dealt="1" sum="20"/>
</round>
<round no="1"><cards type="Pocket" player="limousin333">X X</cards>
<cards type="Pocket" player="Cinghialetto8">X X</cards>
<cards type="Pocket" player="M1ky3ste92">D10 D9</cards>
<action no="3" player="M1ky3ste92" type="23" sum="40"/>
<action no="4" player="Cinghialetto8" type="0" discard="1" dealt="1" sum="0"/>
<action no="5" player="limousin333" type="0" discard="1" dealt="1" sum="0"/>
</round>
</game>
<game gamecode="6555790625"><general>
<startdate>2025-12-11 18:46:29</startdate>
<round>1</round>
<failsafecounter/>
<players><player seat="3" name="M1ky3ste92" chips="490" dealer="0" win="20" bet="20" muck="1" rebuy="0" addon="0" merge="0" rebuychips="0" reg_code="5079639862"/>
<player seat="6" name="Cinghialetto8" chips="500" dealer="1" win="0" bet="0" muck="1" rebuy="0" addon="0" merge="0" rebuychips="0" reg_code="5079640377"/>
<player seat="10" name="limousin333" chips="510" dealer="0" win="0" bet="10" muck="1" rebuy="0" addon="0" merge="0" rebuychips="0" reg_code="5079640383"/>
</players>
</general>
<round no="0"><action no="1" player="limousin333" type="1" discard="1" dealt="1" sum="10"/>
<action no="2" player="M1ky3ste92" type="2" sum="20"/>
</round>
<round no="1"><cards type="Pocket" player="Cinghialetto8">X X</cards>
<cards type="Pocket" player="limousin333">X X</cards>
<cards type="Pocket" player="M1ky3ste92">HQ D5</cards>
<action no="3" player="Cinghialetto8" type="0" discard="1" dealt="1" sum="0"/>
<action no="4" player="limousin333" type="0" discard="1" dealt="1" sum="0"/>
</round>
</game>
<game gamecode="6555790715"><general>
<startdate>2025-12-11 18:46:44</startdate>
<round>1</round>
<failsafecounter/>
<players><player seat="6" name="Cinghialetto8" chips="500" dealer="0" win="0" bet="20" muck="1" rebuy="0" addon="0" merge="0" rebuychips="0" reg_code="5079640377"/>
<player seat="10" name="limousin333" chips="500" dealer="1" win="50" bet="40" muck="1" rebuy="0" addon="0" merge="0" rebuychips="0" reg_code="5079640383"/>
<player seat="3" name="M1ky3ste92" chips="500" dealer="0" win="0" bet="10" muck="1" rebuy="0" addon="0" merge="0" rebuychips="0" reg_code="5079639862"/>
</players>
</general>
<round no="0"><action no="1" player="M1ky3ste92" type="1" sum="10"/>
<action no="2" player="Cinghialetto8" type="2" discard="1" dealt="1" sum="20"/>
</round>
<round no="1"><cards type="Pocket" player="M1ky3ste92">H8 S6</cards>
<cards type="Pocket" player="Cinghialetto8">X X</cards>
<cards type="Pocket" player="limousin333">X X</cards>
<action no="3" player="limousin333" type="23" discard="1" dealt="1" sum="40"/>
<action no="4" player="M1ky3ste92" type="0" sum="0"/>
<action no="5" player="Cinghialetto8" type="0" discard="1" dealt="1" sum="0"/>
</round>
</game>
<game gamecode="6555790821"><general>
<startdate>2025-12-11 18:47:04</startdate>
<round>1</round>
<failsafecounter/>
<players><player seat="10" name="limousin333" chips="530" dealer="0" win="135" bet="530" muck="1" rebuy="0" addon="0" merge="0" rebuychips="0" reg_code="5079640383"/>
<player seat="3" name="M1ky3ste92" chips="490" dealer="1" win="0" bet="5" muck="1" rebuy="0" addon="0" merge="0" rebuychips="0" reg_code="5079639862"/>
<player seat="6" name="Cinghialetto8" chips="480" dealer="0" win="0" bet="65" muck="1" rebuy="0" addon="0" merge="0" rebuychips="0" reg_code="5079640377"/>
</players>
</general>
<round no="0"><action no="1" player="Cinghialetto8" type="15" discard="1" dealt="1" sum="5"/>
<action no="2" player="limousin333" type="15" discard="1" dealt="1" sum="5"/>
<action no="3" player="M1ky3ste92" type="15" sum="5"/>
<action no="4" player="Cinghialetto8" type="1" discard="1" dealt="1" sum="15"/>
<action no="5" player="limousin333" type="2" discard="1" dealt="1" sum="30"/>
</round>
<round no="1"><cards type="Pocket" player="Cinghialetto8">X X</cards>
<cards type="Pocket" player="M1ky3ste92">DK S8</cards>
<cards type="Pocket" player="limousin333">X X</cards>
<action no="6" player="M1ky3ste92" type="0" sum="0"/>
<action no="7" player="Cinghialetto8" type="23" discard="1" dealt="1" sum="60"/>
<action no="8" player="limousin333" type="23" discard="1" dealt="1" sum="525"/>
<action no="9" player="Cinghialetto8" type="0" discard="1" dealt="1" sum="0"/>
</round>
</game>
<game gamecode="6555791009"><general>
<startdate>2025-12-11 18:47:40</startdate>
<round>1</round>
<failsafecounter/>
<players><player seat="3" name="M1ky3ste92" chips="485" dealer="0" win="0" bet="35" muck="1" rebuy="0" addon="0" merge="0" rebuychips="0" reg_code="5079639862"/>
<player seat="6" name="Cinghialetto8" chips="415" dealer="1" win="90" bet="415" muck="1" rebuy="0" addon="0" merge="0" rebuychips="0" reg_code="5079640377"/>
<player seat="10" name="limousin333" chips="600" dealer="0" win="0" bet="20" muck="1" rebuy="0" addon="0" merge="0" rebuychips="0" reg_code="5079640383"/>
</players>
</general>
<round no="0"><action no="1" player="limousin333" type="15" discard="1" dealt="1" sum="5"/>
<action no="2" player="M1ky3ste92" type="15" sum="5"/>
<action no="3" player="Cinghialetto8" type="15" discard="1" dealt="1" sum="5"/>
<action no="4" player="limousin333" type="1" discard="1" dealt="1" sum="15"/>
<action no="5" player="M1ky3ste92" type="2" sum="30"/>
</round>
<round no="1"><cards type="Pocket" player="M1ky3ste92">H2 D7</cards>
<cards type="Pocket" player="Cinghialetto8">X X</cards>
<cards type="Pocket" player="limousin333">X X</cards>
<action no="6" player="Cinghialetto8" type="23" discard="1" dealt="1" sum="410"/>
<action no="7" player="limousin333" type="0" discard="1" dealt="1" sum="0"/>
<action no="8" player="M1ky3ste92" type="0" sum="0"/>
</round>
</game>
<game gamecode="6555791135"><general>
<startdate>2025-12-11 18:48:03</startdate>
<round>1</round>
<failsafecounter/>
<players><player seat="6" name="Cinghialetto8" chips="470" dealer="0" win="905" bet="450" muck="0" rebuy="0" addon="0" merge="0" rebuychips="0" reg_code="5079640377"/>
<player seat="10" name="limousin333" chips="580" dealer="1" win="0" bet="5" muck="1" rebuy="0" addon="0" merge="0" rebuychips="0" reg_code="5079640383"/>
<player seat="3" name="M1ky3ste92" chips="450" dealer="0" win="0" bet="450" muck="0" rebuy="0" addon="0" merge="0" rebuychips="0" reg_code="5079639862"/>
</players>
</general>
<round no="0"><action no="1" player="M1ky3ste92" type="15" sum="5"/>
<action no="2" player="Cinghialetto8" type="15" discard="1" dealt="1" sum="5"/>
<action no="3" player="limousin333" type="15" discard="1" dealt="1" sum="5"/>
<action no="4" player="M1ky3ste92" type="1" sum="15"/>
<action no="5" player="Cinghialetto8" type="2" discard="1" dealt="1" sum="30"/>
</round>
<round no="1"><cards type="Pocket" player="limousin333">X X</cards>
<cards type="Pocket" player="Cinghialetto8">HK DK</cards>
<cards type="Pocket" player="M1ky3ste92">SA S9</cards>
<action no="6" player="limousin333" type="0" discard="1" dealt="1" sum="0"/>
<action no="7" player="M1ky3ste92" type="23" sum="445"/>
<action no="8" player="Cinghialetto8" type="3" discard="1" dealt="1" sum="415"/>
</round>
<round no="2"><cards type="Flop">H10 DJ C8</cards>
</round>
<round no="3"><cards type="Turn">C2</cards>
</round>
<round no="4"><cards type="River">D3</cards>
</round>
</game>
</session>
