<?xml version="1.0" encoding="UTF-8"?>
<session sessioncode="5079552269">
<general>
<client_version>25.7.1.34</client_version>
<mode>real</mode>
<gametype>Holdem NL</gametype>
<tablename>Twister €100 SNG, 823538474</tablename>
<tournamentcode>823538473</tournamentcode>
<tournamentname>Twister €100 SNG</tournamentname>
<buyin>€0 + €7 + €93</buyin>
<totalbuyin>€100</totalbuyin>
<rewarddrawn>€400</rewarddrawn>
<tournamentcurrency>EUR</tournamentcurrency>
<currency>EUR</currency>
<nickname>M1ky3ste92</nickname>
<gamecount>13</gamecount>
<startdate>2025-12-11 11:50:23</startdate>
<place>1</place>
<win>€400</win>
<tablesize>3</tablesize>
</general>
<game gamecode="6555461360"><general>
<startdate>2025-12-11 11:50:38</startdate>
<round>1</round>
<failsafecounter/>
<players><player seat="6" name="strong1992" chips="500" dealer="0" win="0" bet="500" muck="1" rebuy="0" addon="0" merge="0" rebuychips="0" reg_code="5079552321"/>
<player seat="10" name="Ankalaev" chips="500" dealer="1" win="0" bet="40" muck="1" rebuy="0" addon="0" merge="0" rebuychips="0" reg_code="5079552506"/>
<player seat="3" name="M1ky3ste92" chips="500" dealer="0" win="1,040" bet="500" muck="0" rebuy="0" addon="0" merge="0" rebuychips="0" reg_code="5079552269"/>
</players>
</general>
<round no="0"><action no="1" player="M1ky3ste92" type="1" sum="10"/>
<action no="2" player="strong1992" type="2" discard="1" dealt="1" sum="20"/>
</round>
<round no="1"><cards type="Pocket" player="strong1992">D3 C2</cards>
<cards type="Pocket" player="Ankalaev">X X</cards>
<cards type="Pocket" player="M1ky3ste92">HK H9</cards>
<action no="3" player="Ankalaev" type="23" discard="1" dealt="1" sum="40"/>
<action no="4" player="M1ky3ste92" type="3" sum="30"/>
<action no="5" player="strong1992" type="3" discard="1" dealt="1" sum="20"/>
</round>
<round no="2"><cards type="Flop">H4 S5 H6</cards>
<action no="6" player="M1ky3ste92" type="4" sum="0"/>
<action no="7" player="strong1992" type="4" discard="1" dealt="1" sum="0"/>
<action no="8" player="Ankalaev" type="4" discard="1" dealt="1" sum="0"/>
</round>
<round no="3"><cards type="Turn">H3</cards>
<action no="9" player="M1ky3ste92" type="4" sum="0"/>
<action no="10" player="strong1992" type="4" discard="1" dealt="1" sum="0"/>
<action no="11" player="Ankalaev" type="4" discard="1" dealt="1" sum="0"/>
</round>
<round no="4"><cards type="River">D10</cards>
<action no="12" player="M1ky3ste92" type="5" sum="120"/>
<action no="13" player="strong1992" type="23" discard="1" dealt="1" sum="240"/>
<action no="14" player="Ankalaev" type="0" discard="1" dealt="1" sum="0"/>
<action no="15" player="M1ky3ste92" type="23" sum="460"/>
<action no="16" player="strong1992" type="7" discard="1" dealt="1" sum="220"/>
</round>
</game>
<game gamecode="6555461538"><general>
<startdate>2025-12-11 11:51:37</startdate>
<round>1</round>
<failsafecounter/>
<players><player seat="10" name="Ankalaev" chips="460" dealer="0" win="0" bet="40" muck="1" rebuy="0" addon="0" merge="0" rebuychips="0" reg_code="5079552506"/>
<player seat="3" name="M1ky3ste92" chips="1,040" dealer="1" win="80" bet="60" muck="1" rebuy="0" addon="0" merge="0" rebuychips="0" reg_code="5079552269"/>
</players>
</general>
<round no="0"><action no="1" player="M1ky3ste92" type="1" sum="10"/>
<action no="2" player="Ankalaev" type="2" discard="1" dealt="1" sum="20"/>
</round>
<round no="1"><cards type="Pocket" player="Ankalaev">X X</cards>
<cards type="Pocket" player="M1ky3ste92">DK SQ</cards>
<action no="3" player="M1ky3ste92" type="23" sum="40"/>
<action no="4" player="Ankalaev" type="3" discard="1" dealt="1" sum="20"/>
</round>
<round no="2"><cards type="Flop">S7 CA SA</cards>
<action no="5" player="Ankalaev" type="4" discard="1" dealt="1" sum="0"/>
<action no="6" player="M1ky3ste92" type="5" sum="20"/>
<action no="7" player="Ankalaev" type="0" discard="1" dealt="1" sum="0"/>
</round>
</game>
<game gamecode="6555465131"><general>
<startdate>2025-12-11 11:51:52</startdate>
<round>1</round>
<failsafecounter/>
<players><player seat="3" name="M1ky3ste92" chips="1,080" dealer="0" win="282" bet="141" muck="0" rebuy="0" addon="0" merge="0" rebuychips="0" reg_code="5079552269"/>
<player seat="10" name="Ankalaev" chips="420" dealer="1" win="0" bet="141" muck="0" rebuy="0" addon="0" merge="0" rebuychips="0" reg_code="5079552506"/>
</players>
</general>
<round no="0"><action no="1" player="Ankalaev" type="1" discard="1" dealt="1" sum="10"/>
<action no="2" player="M1ky3ste92" type="2" sum="20"/>
</round>
<round no="1"><cards type="Pocket" player="M1ky3ste92">D8 SJ</cards>
<cards type="Pocket" player="Ankalaev">D3 SQ</cards>
<action no="3" player="Ankalaev" type="3" discard="1" dealt="1" sum="10"/>
<action no="4" player="M1ky3ste92" type="4" sum="0"/>
</round>
<round no="2"><cards type="Flop">S9 H6 DJ</cards>
<action no="5" player="M1ky3ste92" type="4" sum="0"/>
<action no="6" player="Ankalaev" type="4" discard="1" dealt="1" sum="0"/>
</round>
<round no="3"><cards type="Turn">HK</cards>
<action no="7" player="M1ky3ste92" type="4" sum="0"/>
<action no="8" player="Ankalaev" type="5" discard="1" dealt="1" sum="27"/>
<action no="9" player="M1ky3ste92" type="3" sum="27"/>
</round>
<round no="4"><cards type="River">D5</cards>
<action no="10" player="M1ky3ste92" type="4" sum="0"/>
<action no="11" player="Ankalaev" type="5" discard="1" dealt="1" sum="94"/>
<action no="12" player="M1ky3ste92" type="3" sum="94"/>
</round>
</game>
<game gamecode="6555465280"><general>
<startdate>2025-12-11 11:52:36</startdate>
<round>1</round>
<failsafecounter/>
<players><player seat="10" name="Ankalaev" chips="279" dealer="0" win="20" bet="20" muck="1" rebuy="0" addon="0" merge="0" rebuychips="0" reg_code="5079552506"/>
<player seat="3" name="M1ky3ste92" chips="1,221" dealer="1" win="0" bet="10" muck="1" rebuy="0" addon="0" merge="0" rebuychips="0" reg_code="5079552269"/>
</players>
</general>
<round no="0"><action no="1" player="M1ky3ste92" type="1" sum="10"/>
<action no="2" player="Ankalaev" type="2" discard="1" dealt="1" sum="20"/>
</round>
<round no="1"><cards type="Pocket" player="Ankalaev">X X</cards>
<cards type="Pocket" player="M1ky3ste92">S10 D2</cards>
<action no="3" player="M1ky3ste92" type="0" sum="0"/>
</round>
</game>
<game gamecode="6555465299"><general>
<startdate>2025-12-11 11:52:41</startdate>
<round>1</round>
<failsafecounter/>
<players><player seat="3" name="M1ky3ste92" chips="1,211" dealer="0" win="0" bet="100" muck="0" rebuy="0" addon="0" merge="0" rebuychips="0" reg_code="5079552269"/>
<player seat="10" name="Ankalaev" chips="289" dealer="1" win="200" bet="100" muck="0" rebuy="0" addon="0" merge="0" rebuychips="0" reg_code="5079552506"/>
</players>
</general>
<round no="0"><action no="1" player="Ankalaev" type="15" discard="1" dealt="1" sum="5"/>
<action no="2" player="M1ky3ste92" type="15" sum="5"/>
<action no="3" player="Ankalaev" type="1" discard="1" dealt="1" sum="15"/>
<action no="4" player="M1ky3ste92" type="2" sum="30"/>
</round>
<round no="1"><cards type="Pocket" player="M1ky3ste92">S5 C4</cards>
<cards type="Pocket" player="Ankalaev">C10 D10</cards>
<action no="5" player="Ankalaev" type="3" discard="1" dealt="1" sum="15"/>
<action no="6" player="M1ky3ste92" type="4" sum="0"/>
</round>
<round no="2"><cards type="Flop">CA HJ H5</cards>
<action no="7" player="M1ky3ste92" type="4" sum="0"/>
<action no="8" player="Ankalaev" type="5" discard="1" dealt="1" sum="35"/>
<action no="9" player="M1ky3ste92" type="3" sum="35"/>
</round>
<round no="3"><cards type="Turn">HA</cards>
<action no="10" player="M1ky3ste92" type="4" sum="0"/>
<action no="11" player="Ankalaev" type="4" discard="1" dealt="1" sum="0"/>
</round>
<round no="4"><cards type="River">D7</cards>
<action no="12" player="M1ky3ste92" type="5" sum="30"/>
<action no="13" player="Ankalaev" type="3" discard="1" dealt="1" sum="30"/>
</round>
</game>
<game gamecode="6555465437"><general>
<startdate>2025-12-11 11:53:18</startdate>
<round>1</round>
<failsafecounter/>
<players><player seat="10" name="Ankalaev" chips="389" dealer="0" win="40" bet="35" muck="1" rebuy="0" addon="0" merge="0" rebuychips="0" reg_code="5079552506"/>
<player seat="3" name="M1ky3ste92" chips="1,111" dealer="1" win="0" bet="20" muck="1" rebuy="0" addon="0" merge="0" rebuychips="0" reg_code="5079552269"/>
</players>
</general>
<round no="0"><action no="1" player="M1ky3ste92" type="15" sum="5"/>
<action no="2" player="Ankalaev" type="15" discard="1" dealt="1" sum="5"/>
<action no="3" player="M1ky3ste92" type="1" sum="15"/>
<action no="4" player="Ankalaev" type="2" discard="1" dealt="1" sum="30"/>
</round>
<round no="1"><cards type="Pocket" player="Ankalaev">X X</cards>
<cards type="Pocket" player="M1ky3ste92">C2 S7</cards>
<action no="5" player="M1ky3ste92" type="0" sum="0"/>
</round>
</game>
<game gamecode="6555465471"><general>
<startdate>2025-12-11 11:53:28</startdate>
<round>1</round>
<failsafecounter/>
<players><player seat="3" name="M1ky3ste92" chips="1,091" dealer="0" win="0" bet="70" muck="1" rebuy="0" addon="0" merge="0" rebuychips="0" reg_code="5079552269"/>
<player seat="10" name="Ankalaev" chips="409" dealer="1" win="140" bet="165" muck="1" rebuy="0" addon="0" merge="0" rebuychips="0" reg_code="5079552506"/>
</players>
</general>
<round no="0"><action no="1" player="Ankalaev" type="15" discard="1" dealt="1" sum="5"/>
<action no="2" player="M1ky3ste92" type="15" sum="5"/>
<action no="3" player="Ankalaev" type="1" discard="1" dealt="1" sum="15"/>
<action no="4" player="M1ky3ste92" type="2" sum="30"/>
</round>
<round no="1"><cards type="Pocket" player="M1ky3ste92">DQ D4</cards>
<cards type="Pocket" player="Ankalaev">X X</cards>
<action no="5" player="Ankalaev" type="3" discard="1" dealt="1" sum="15"/>
<action no="6" player="M1ky3ste92" type="4" sum="0"/>
</round>
<round no="2"><cards type="Flop">C5 DK S3</cards>
<action no="7" player="M1ky3ste92" type="4" sum="0"/>
<action no="8" player="Ankalaev" type="5" discard="1" dealt="1" sum="35"/>
<action no="9" player="M1ky3ste92" type="3" sum="35"/>
</round>
<round no="3"><cards type="Turn">S7</cards>
<action no="10" player="M1ky3ste92" type="4" sum="0"/>
<action no="11" player="Ankalaev" type="5" discard="1" dealt="1" sum="95"/>
<action no="12" player="M1ky3ste92" type="0" sum="0"/>
</round>
</game>
<game gamecode="6555465565"><general>
<startdate>2025-12-11 11:53:56</startdate>
<round>1</round>
<failsafecounter/>
<players><player seat="10" name="Ankalaev" chips="479" dealer="0" win="0" bet="70" muck="1" rebuy="0" addon="0" merge="0" rebuychips="0" reg_code="5079552506"/>
<player seat="3" name="M1ky3ste92" chips="1,021" dealer="1" win="140" bet="70" muck="0" rebuy="0" addon="0" merge="0" rebuychips="0" reg_code="5079552269"/>
</players>
</general>
<round no="0"><action no="1" player="M1ky3ste92" type="15" sum="5"/>
<action no="2" player="Ankalaev" type="15" discard="1" dealt="1" sum="5"/>
<action no="3" player="M1ky3ste92" type="1" sum="15"/>
<action no="4" player="Ankalaev" type="2" discard="1" dealt="1" sum="30"/>
</round>
<round no="1"><cards type="Pocket" player="M1ky3ste92">C2 CQ</cards>
<cards type="Pocket" player="Ankalaev">S3 H6</cards>
<action no="5" player="M1ky3ste92" type="3" sum="15"/>
<action no="6" player="Ankalaev" type="4" discard="1" dealt="1" sum="0"/>
</round>
<round no="2"><cards type="Flop">H9 SQ S9</cards>
<action no="7" player="Ankalaev" type="4" discard="1" dealt="1" sum="0"/>
<action no="8" player="M1ky3ste92" type="4" sum="0"/>
</round>
<round no="3"><cards type="Turn">H3</cards>
<action no="9" player="Ankalaev" type="4" discard="1" dealt="1" sum="0"/>
<action no="10" player="M1ky3ste92" type="4" sum="0"/>
</round>
<round no="4"><cards type="River">DJ</cards>
<action no="11" player="Ankalaev" type="4" discard="1" dealt="1" sum="0"/>
<action no="12" player="M1ky3ste92" type="5" sum="35"/>
<action no="13" player="Ankalaev" type="3" discard="1" dealt="1" sum="35"/>
</round>
</game>
<game gamecode="6555465701"><general>
<startdate>2025-12-11 11:54:40</startdate>
<round>1</round>
<failsafecounter/>
<players><player seat="3" name="M1ky3ste92" chips="1,091" dealer="0" win="0" bet="1,091" muck="0" rebuy="0" addon="0" merge="0" rebuychips="0" reg_code="5079552269"/>
<player seat="10" name="Ankalaev" chips="409" dealer="1" win="818" bet="409" muck="0" rebuy="0" addon="0" merge="0" rebuychips="0" reg_code="5079552506"/>
</players>
</general>
<round no="0"><action no="1" player="Ankalaev" type="15" discard="1" dealt="1" sum="5"/>
<action no="2" player="M1ky3ste92" type="15" sum="5"/>
<action no="3" player="Ankalaev" type="1" discard="1" dealt="1" sum="20"/>
<action no="4" player="M1ky3ste92" type="2" sum="40"/>
</round>
<round no="1"><cards type="Pocket" player="Ankalaev">CJ C8</cards>
<cards type="Pocket" player="M1ky3ste92">HK SA</cards>
<action no="5" player="Ankalaev" type="3" discard="1" dealt="1" sum="20"/>
<action no="6" player="M1ky3ste92" type="23" sum="1,086"/>
<action no="7" player="Ankalaev" type="7" discard="1" dealt="1" sum="364"/>
</round>
<round no="2"><cards type="Flop">CQ D10 C10</cards>
</round>
<round no="3"><cards type="Turn">C9</cards>
</round>
<round no="4"><cards type="River">H3</cards>
</round>
</game>
<game gamecode="6555465797"><general>
<startdate>2025-12-11 11:55:09</startdate>
<round>1</round>
<failsafecounter/>
<players><player seat="10" name="Ankalaev" chips="818" dealer="0" win="0" bet="45" muck="1" rebuy="0" addon="0" merge="0" rebuychips="0" reg_code="5079552506"/>
<player seat="3" name="M1ky3ste92" chips="682" dealer="1" win="90" bet="85" muck="1" rebuy="0" addon="0" merge="0" rebuychips="0" reg_code="5079552269"/>
</players>
</general>
<round no="0"><action no="1" player="M1ky3ste92" type="15" sum="5"/>
<action no="2" player="Ankalaev" type="15" discard="1" dealt="1" sum="5"/>
<action no="3" player="M1ky3ste92" type="1" sum="20"/>
<action no="4" player="Ankalaev" type="2" discard="1" dealt="1" sum="40"/>
</round>
<round no="1"><cards type="Pocket" player="Ankalaev">X X</cards>
<cards type="Pocket" player="M1ky3ste92">H9 CQ</cards>
<action no="5" player="M1ky3ste92" type="3" sum="20"/>
<action no="6" player="Ankalaev" type="4" discard="1" dealt="1" sum="0"/>
</round>
<round no="2"><cards type="Flop">C9 CJ DQ</cards>
<action no="7" player="Ankalaev" type="4" discard="1" dealt="1" sum="0"/>
<action no="8" player="M1ky3ste92" type="5" sum="40"/>
<action no="9" player="Ankalaev" type="0" discard="1" dealt="1" sum="0"/>
</round>
</game>
<game gamecode="6555465872"><general>
<startdate>2025-12-11 11:55:35</startdate>
<round>1</round>
<failsafecounter/>
<players><player seat="3" name="M1ky3ste92" chips="727" dealer="0" win="50" bet="45" muck="1" rebuy="0" addon="0" merge="0" rebuychips="0" reg_code="5079552269"/>
<player seat="10" name="Ankalaev" chips="773" dealer="1" win="0" bet="25" muck="1" rebuy="0" addon="0" merge="0" rebuychips="0" reg_code="5079552506"/>
</players>
</general>
<round no="0"><action no="1" player="Ankalaev" type="15" discard="1" dealt="1" sum="5"/>
<action no="2" player="M1ky3ste92" type="15" sum="5"/>
<action no="3" player="Ankalaev" type="1" discard="1" dealt="1" sum="20"/>
<action no="4" player="M1ky3ste92" type="2" sum="40"/>
</round>
<round no="1"><cards type="Pocket" player="M1ky3ste92">S2 HJ</cards>
<cards type="Pocket" player="Ankalaev">X X</cards>
<action no="5" player="Ankalaev" type="0" discard="1" dealt="1" sum="0"/>
</round>
</game>
<game gamecode="6555465917"><general>
<startdate>2025-12-11 11:55:49</startdate>
<round>1</round>
<failsafecounter/>
<players><player seat="10" name="Ankalaev" chips="748" dealer="0" win="0" bet="45" muck="1" rebuy="0" addon="0" merge="0" rebuychips="0" reg_code="5079552506"/>
<player seat="3" name="M1ky3ste92" chips="752" dealer="1" win="90" bet="85" muck="1" rebuy="0" addon="0" merge="0" rebuychips="0" reg_code="5079552269"/>
</players>
</general>
<round no="0"><action no="1" player="M1ky3ste92" type="15" sum="5"/>
<action no="2" player="Ankalaev" type="15" discard="1" dealt="1" sum="5"/>
<action no="3" player="M1ky3ste92" type="1" sum="20"/>
<action no="4" player="Ankalaev" type="2" discard="1" dealt="1" sum="40"/>
</round>
<round no="1"><cards type="Pocket" player="M1ky3ste92">HA SK</cards>
<cards type="Pocket" player="Ankalaev">X X</cards>
<action no="5" player="M1ky3ste92" type="23" sum="80"/>
<action no="6" player="Ankalaev" type="0" discard="1" dealt="1" sum="0"/>
</round>
</game>
<game gamecode="6555465947"><general>
<startdate>2025-12-11 11:55:57</startdate>
<round>1</round>
<failsafecounter/>
<players><player seat="3" name="M1ky3ste92" chips="797" dealer="0" win="1,406" bet="703" muck="0" rebuy="0" addon="0" merge="0" rebuychips="0" reg_code="5079552269"/>
<player seat="10" name="Ankalaev" chips="703" dealer="1" win="0" bet="703" muck="0" rebuy="0" addon="0" merge="0" rebuychips="0" reg_code="5079552506"/>
</players>
</general>
<round no="0"><action no="1" player="Ankalaev" type="15" discard="1" dealt="1" sum="5"/>
<action no="2" player="M1ky3ste92" type="15" sum="5"/>
<action no="3" player="Ankalaev" type="1" discard="1" dealt="1" sum="20"/>
<action no="4" player="M1ky3ste92" type="2" sum="40"/>
</round>
<round no="1"><cards type="Pocket" player="M1ky3ste92">S7 S10</cards>
<cards type="Pocket" player="Ankalaev">C6 HQ</cards>
<action no="5" player="Ankalaev" type="3" discard="1" dealt="1" sum="20"/>
<action no="6" player="M1ky3ste92" type="4" sum="0"/>
</round>
<round no="2"><cards type="Flop">S4 SQ C9</cards>
<action no="7" player="M1ky3ste92" type="4" sum="0"/>
<action no="8" player="Ankalaev" type="5" discard="1" dealt="1" sum="45"/>
<action no="9" player="M1ky3ste92" type="3" sum="45"/>
</round>
<round no="3"><cards type="Turn">SJ</cards>
<action no="10" player="M1ky3ste92" type="4" sum="0"/>
<action no="11" player="Ankalaev" type="5" discard="1" dealt="1" sum="122"/>
<action no="12" player="M1ky3ste92" type="3" sum="122"/>
</round>
<round no="4"><cards type="River">D6</cards>
<action no="13" player="M1ky3ste92" type="4" sum="0"/>
<action no="14" player="Ankalaev" type="5" discard="1" dealt="1" sum="491"/>
<action no="15" player="M1ky3ste92" type="3" sum="491"/>
</round>
</game>
</session>
