<?xml version="1.0" encoding="UTF-8"?>
<session sessioncode="5079637802">
<general>
<client_version>25.7.1.34</client_version>
<mode>real</mode>
<gametype>Holdem NL</gametype>
<tablename>Twister €100 SNG, 823558536</tablename>
<tournamentcode>823558535</tournamentcode>
<tournamentname>Twister €100 SNG</tournamentname>
<buyin>€0 + €7 + €93</buyin>
<totalbuyin>€100</totalbuyin>
<rewarddrawn>€400</rewarddrawn>
<tournamentcurrency>EUR</tournamentcurrency>
<currency>EUR</currency>
<nickname>M1ky3ste92</nickname>
<gamecount>6</gamecount>
<startdate>2025-12-11 18:39:36</startdate>
<place>3</place>
<win>€0</win>
<tablesize>3</tablesize>
</general>
<game gamecode="6555786086"><general>
<startdate>2025-12-11 18:39:51</startdate>
<round>1</round>
<failsafecounter/>
<players><player seat="3" name="M1ky3ste92" chips="500" dealer="0" win="0" bet="60" muck="1" rebuy="0" addon="0" merge="0" rebuychips="0" reg_code="5079637802"/>
<player seat="6" name="Cinghialetto8" chips="500" dealer="1" win="130" bet="190" muck="1" rebuy="0" addon="0" merge="0" rebuychips="0" reg_code="5079638963"/>
<player seat="10" name="limousin333" chips="500" dealer="0" win="0" bet="10" muck="1" rebuy="0" addon="0" merge="0" rebuychips="0" reg_code="5079638975"/>
</players>
</general>
<round no="0"><action no="1" player="limousin333" type="1" discard="1" dealt="1" sum="10"/>
<action no="2" player="M1ky3ste92" type="2" sum="20"/>
</round>
<round no="1"><cards type="Pocket" player="Cinghialetto8">X X</cards>
<cards type="Pocket" player="M1ky3ste92">CA H7</cards>
<cards type="Pocket" player="limousin333">X X</cards>
<action no="3" player="Cinghialetto8" type="23" discard="1" dealt="1" sum="40"/>
<action no="4" player="limousin333" type="0" discard="1" dealt="1" sum="0"/>
<action no="5" player="M1ky3ste92" type="3" sum="20"/>
</round>
<round no="2"><cards type="Flop">HQ C2 C9</cards>
<action no="6" player="M1ky3ste92" type="4" sum="0"/>
<action no="7" player="Cinghialetto8" type="5" discard="1" dealt="1" sum="20"/>
<action no="8" player="M1ky3ste92" type="3" sum="20"/>
</round>
<round no="3"><cards type="Turn">S7</cards>
<action no="9" player="M1ky3ste92" type="4" sum="0"/>
<action no="10" player="Cinghialetto8" type="5" discard="1" dealt="1" sum="130"/>
<action no="11" player="M1ky3ste92" type="0" sum="0"/>
</round>
</game>
<game gamecode="6555786190"><general>
<startdate>2025-12-11 18:40:38</startdate>
<round>1</round>
<failsafecounter/>
<players><player seat="6" name="Cinghialetto8" chips="570" dealer="0" win="160" bet="160" muck="1" rebuy="0" addon="0" merge="0" rebuychips="0" reg_code="5079638963"/>
<player seat="10" name="limousin333" chips="490" dealer="1" win="0" bet="0" muck="1" rebuy="0" addon="0" merge="0" rebuychips="0" reg_code="5079638975"/>
<player seat="3" name="M1ky3ste92" chips="440" dealer="0" win="0" bet="80" muck="1" rebuy="0" addon="0" merge="0" rebuychips="0" reg_code="5079637802"/>
</players>
</general>
<round no="0"><action no="1" player="M1ky3ste92" type="1" sum="10"/>
<action no="2" player="Cinghialetto8" type="2" discard="1" dealt="1" sum="20"/>
</round>
<round no="1"><cards type="Pocket" player="Cinghialetto8">X X</cards>
<cards type="Pocket" player="M1ky3ste92">H7 C8</cards>
<cards type="Pocket" player="limousin333">X X</cards>
<action no="3" player="limousin333" type="0" discard="1" dealt="1" sum="0"/>
<action no="4" player="M1ky3ste92" type="23" sum="40"/>
<action no="5" player="Cinghialetto8" type="3" discard="1" dealt="1" sum="20"/>
</round>
<round no="2"><cards type="Flop">S9 SQ DK</cards>
<action no="6" player="M1ky3ste92" type="5" sum="40"/>
<action no="7" player="Cinghialetto8" type="3" discard="1" dealt="1" sum="40"/>
</round>
<round no="3"><cards type="Turn">HK</cards>
<action no="8" player="M1ky3ste92" type="4" sum="0"/>
<action no="9" player="Cinghialetto8" type="4" discard="1" dealt="1" sum="0"/>
</round>
<round no="4"><cards type="River">D5</cards>
<action no="10" player="M1ky3ste92" type="4" sum="0"/>
<action no="11" player="Cinghialetto8" type="5" discard="1" dealt="1" sum="80"/>
<action no="12" player="M1ky3ste92" type="0" sum="0"/>
</round>
</game>
<game gamecode="6555786310"><general>
<startdate>2025-12-11 18:41:25</startdate>
<round>1</round>
<failsafecounter/>
<players><player seat="10" name="limousin333" chips="490" dealer="0" win="90" bet="490" muck="1" rebuy="0" addon="0" merge="0" rebuychips="0" reg_code="5079638975"/>
<player seat="3" name="M1ky3ste92" chips="360" dealer="1" win="0" bet="40" muck="1" rebuy="0" addon="0" merge="0" rebuychips="0" reg_code="5079637802"/>
<player seat="6" name="Cinghialetto8" chips="650" dealer="0" win="0" bet="10" muck="1" rebuy="0" addon="0" merge="0" rebuychips="0" reg_code="5079638963"/>
</players>
</general>
<round no="0"><action no="1" player="Cinghialetto8" type="1" discard="1" dealt="1" sum="10"/>
<action no="2" player="limousin333" type="2" discard="1" dealt="1" sum="20"/>
</round>
<round no="1"><cards type="Pocket" player="Cinghialetto8">X X</cards>
<cards type="Pocket" player="M1ky3ste92">HQ H7</cards>
<cards type="Pocket" player="limousin333">X X</cards>
<action no="3" player="M1ky3ste92" type="23" sum="40"/>
<action no="4" player="Cinghialetto8" type="0" discard="1" dealt="1" sum="0"/>
<action no="5" player="limousin333" type="23" discard="1" dealt="1" sum="490"/>
<action no="6" player="M1ky3ste92" type="0" sum="0"/>
</round>
</game>
<game gamecode="6555786375"><general>
<startdate>2025-12-11 18:41:46</startdate>
<round>1</round>
<failsafecounter/>
<players><player seat="3" name="M1ky3ste92" chips="320" dealer="0" win="20" bet="20" muck="1" rebuy="0" addon="0" merge="0" rebuychips="0" reg_code="5079637802"/>
<player seat="6" name="Cinghialetto8" chips="640" dealer="1" win="0" bet="0" muck="1" rebuy="0" addon="0" merge="0" rebuychips="0" reg_code="5079638963"/>
<player seat="10" name="limousin333" chips="540" dealer="0" win="0" bet="10" muck="1" rebuy="0" addon="0" merge="0" rebuychips="0" reg_code="5079638975"/>
</players>
</general>
<round no="0"><action no="1" player="limousin333" type="1" discard="1" dealt="1" sum="10"/>
<action no="2" player="M1ky3ste92" type="2" sum="20"/>
</round>
<round no="1"><cards type="Pocket" player="M1ky3ste92">S5 H10</cards>
<cards type="Pocket" player="limousin333">X X</cards>
<cards type="Pocket" player="Cinghialetto8">X X</cards>
<action no="3" player="Cinghialetto8" type="0" discard="1" dealt="1" sum="0"/>
<action no="4" player="limousin333" type="0" discard="1" dealt="1" sum="0"/>
</round>
</game>
<game gamecode="6555786401"><general>
<startdate>2025-12-11 18:41:56</startdate>
<round>1</round>
<failsafecounter/>
<players><player seat="6" name="Cinghialetto8" chips="640" dealer="0" win="0" bet="35" muck="1" rebuy="0" addon="0" merge="0" rebuychips="0" reg_code="5079638963"/>
<player seat="10" name="limousin333" chips="530" dealer="1" win="0" bet="5" muck="1" rebuy="0" addon="0" merge="0" rebuychips="0" reg_code="5079638975"/>
<player seat="3" name="M1ky3ste92" chips="330" dealer="0" win="75" bet="330" muck="1" rebuy="0" addon="0" merge="0" rebuychips="0" reg_code="5079637802"/>
</players>
</general>
<round no="0"><action no="1" player="M1ky3ste92" type="15" sum="5"/>
<action no="2" player="Cinghialetto8" type="15" discard="1" dealt="1" sum="5"/>
<action no="3" player="limousin333" type="15" discard="1" dealt="1" sum="5"/>
<action no="4" player="M1ky3ste92" type="1" sum="15"/>
<action no="5" player="Cinghialetto8" type="2" discard="1" dealt="1" sum="30"/>
</round>
<round no="1"><cards type="Pocket" player="M1ky3ste92">C6 CJ</cards>
<cards type="Pocket" player="Cinghialetto8">X X</cards>
<cards type="Pocket" player="limousin333">X X</cards>
<action no="6" player="limousin333" type="0" discard="1" dealt="1" sum="0"/>
<action no="7" player="M1ky3ste92" type="23" sum="325"/>
<action no="8" player="Cinghialetto8" type="0" discard="1" dealt="1" sum="0"/>
</round>
</game>
<game gamecode="6555786443"><general>
<startdate>2025-12-11 18:42:13</startdate>
<round>1</round>
<failsafecounter/>
<players><player seat="10" name="limousin333" chips="525" dealer="0" win="760" bet="525" muck="0" rebuy="0" addon="0" merge="0" rebuychips="0" reg_code="5079638975"/>
<player seat="3" name="M1ky3ste92" chips="370" dealer="1" win="0" bet="370" muck="1" rebuy="0" addon="0" merge="0" rebuychips="0" reg_code="5079637802"/>
<player seat="6" name="Cinghialetto8" chips="605" dealer="0" win="0" bet="20" muck="1" rebuy="0" addon="0" merge="0" rebuychips="0" reg_code="5079638963"/>
</players>
</general>
<round no="0"><action no="1" player="Cinghialetto8" type="15" discard="1" dealt="1" sum="5"/>
<action no="2" player="limousin333" type="15" discard="1" dealt="1" sum="5"/>
<action no="3" player="M1ky3ste92" type="15" sum="5"/>
<action no="4" player="Cinghialetto8" type="1" discard="1" dealt="1" sum="15"/>
<action no="5" player="limousin333" type="2" discard="1" dealt="1" sum="30"/>
</round>
<round no="1"><cards type="Pocket" player="M1ky3ste92">D9 H9</cards>
<cards type="Pocket" player="limousin333">CA S6</cards>
<cards type="Pocket" player="Cinghialetto8">X X</cards>
<action no="6" player="M1ky3ste92" type="23" sum="60"/>
<action no="7" player="Cinghialetto8" type="0" discard="1" dealt="1" sum="0"/>
<action no="8" player="limousin333" type="23" discard="1" dealt="1" sum="520"/>
<action no="9" player="M1ky3ste92" type="7" sum="305"/>
</round>
<round no="2"><cards type="Flop">CK DA DQ</cards>
</round>
<round no="3"><cards type="Turn">S7</cards>
</round>
<round no="4"><cards type="River">S3</cards>
</round>
</game>
</session>
