<?xml version="1.0" encoding="UTF-8"?>
<session sessioncode="5079551750">
<general>
<client_version>25.7.1.34</client_version>
<mode>real</mode>
<gametype>Holdem NL</gametype>
<tablename>Twister €100 SNG, 823538123</tablename>
<tournamentcode>823538122</tournamentcode>
<tournamentname>Twister €100 SNG</tournamentname>
<buyin>€0 + €7 + €93</buyin>
<totalbuyin>€100</totalbuyin>
<rewarddrawn>€300</rewarddrawn>
<tournamentcurrency>EUR</tournamentcurrency>
<currency>EUR</currency>
<nickname>M1ky3ste92</nickname>
<gamecount>3</gamecount>
<startdate>2025-12-11 11:45:26</startdate>
<place>3</place>
<win>€0</win>
<tablesize>3</tablesize>
</general>
<game gamecode="6555459497"><general>
<startdate>2025-12-11 11:45:42</startdate>
<round>1</round>
<failsafecounter/>
<players><player seat="6" name="OFiorbe" chips="500" dealer="0" win="80" bet="70" muck="1" rebuy="0" addon="0" merge="0" rebuychips="0" reg_code="5079551330"/>
<player seat="10" name="M1ky3ste92" chips="500" dealer="1" win="0" bet="0" muck="1" rebuy="0" addon="0" merge="0" rebuychips="0" reg_code="5079551750"/>
<player seat="3" name="Ankalaev" chips="500" dealer="0" win="0" bet="40" muck="1" rebuy="0" addon="0" merge="0" rebuychips="0" reg_code="5079551253"/>
</players>
</general>
<round no="0"><action no="1" player="Ankalaev" type="1" discard="1" dealt="1" sum="10"/>
<action no="2" player="OFiorbe" type="2" discard="1" dealt="1" sum="20"/>
</round>
<round no="1"><cards type="Pocket" player="OFiorbe">X X</cards>
<cards type="Pocket" player="M1ky3ste92">D7 SQ</cards>
<cards type="Pocket" player="Ankalaev">X X</cards>
<action no="3" player="M1ky3ste92" type="0" sum="0"/>
<action no="4" player="Ankalaev" type="3" discard="1" dealt="1" sum="10"/>
<action no="5" player="OFiorbe" type="4" discard="1" dealt="1" sum="0"/>
</round>
<round no="2"><cards type="Flop">HQ D5 D10</cards>
<action no="6" player="Ankalaev" type="5" discard="1" dealt="1" sum="20"/>
<action no="7" player="OFiorbe" type="23" discard="1" dealt="1" sum="50"/>
<action no="8" player="Ankalaev" type="0" discard="1" dealt="1" sum="0"/>
</round>
</game>
<game gamecode="6555459563"><general>
<startdate>2025-12-11 11:46:16</startdate>
<round>1</round>
<failsafecounter/>
<players><player seat="10" name="M1ky3ste92" chips="500" dealer="0" win="0" bet="40" muck="1" rebuy="0" addon="0" merge="0" rebuychips="0" reg_code="5079551750"/>
<player seat="3" name="Ankalaev" chips="460" dealer="1" win="90" bet="62" muck="1" rebuy="0" addon="0" merge="0" rebuychips="0" reg_code="5079551253"/>
<player seat="6" name="OFiorbe" chips="540" dealer="0" win="0" bet="10" muck="1" rebuy="0" addon="0" merge="0" rebuychips="0" reg_code="5079551330"/>
</players>
</general>
<round no="0"><action no="1" player="OFiorbe" type="1" discard="1" dealt="1" sum="10"/>
<action no="2" player="M1ky3ste92" type="2" sum="20"/>
</round>
<round no="1"><cards type="Pocket" player="Ankalaev">X X</cards>
<cards type="Pocket" player="OFiorbe">X X</cards>
<cards type="Pocket" player="M1ky3ste92">D6 S7</cards>
<action no="3" player="Ankalaev" type="23" discard="1" dealt="1" sum="40"/>
<action no="4" player="OFiorbe" type="0" discard="1" dealt="1" sum="0"/>
<action no="5" player="M1ky3ste92" type="3" sum="20"/>
</round>
<round no="2"><cards type="Flop">CA H3 D3</cards>
<action no="6" player="M1ky3ste92" type="4" sum="0"/>
<action no="7" player="Ankalaev" type="5" discard="1" dealt="1" sum="22"/>
<action no="8" player="M1ky3ste92" type="0" sum="0"/>
</round>
</game>
<game gamecode="6555463111"><general>
<startdate>2025-12-11 11:46:43</startdate>
<round>1</round>
<failsafecounter/>
<players><player seat="3" name="Ankalaev" chips="510" dealer="0" win="920" bet="510" muck="0" rebuy="0" addon="0" merge="0" rebuychips="0" reg_code="5079551253"/>
<player seat="6" name="OFiorbe" chips="530" dealer="1" win="0" bet="0" muck="1" rebuy="0" addon="0" merge="0" rebuychips="0" reg_code="5079551330"/>
<player seat="10" name="M1ky3ste92" chips="460" dealer="0" win="0" bet="460" muck="1" rebuy="0" addon="0" merge="0" rebuychips="0" reg_code="5079551750"/>
</players>
</general>
<round no="0"><action no="1" player="M1ky3ste92" type="1" sum="10"/>
<action no="2" player="Ankalaev" type="2" discard="1" dealt="1" sum="20"/>
</round>
<round no="1"><cards type="Pocket" player="M1ky3ste92">H10 HQ</cards>
<cards type="Pocket" player="Ankalaev">C6 H6</cards>
<cards type="Pocket" player="OFiorbe">X X</cards>
<action no="3" player="OFiorbe" type="0" discard="1" dealt="1" sum="0"/>
<action no="4" player="M1ky3ste92" type="23" sum="40"/>
<action no="5" player="Ankalaev" type="23" discard="1" dealt="1" sum="510"/>
<action no="6" player="M1ky3ste92" type="7" sum="420"/>
</round>
<round no="2"><cards type="Flop">S6 H3 D10</cards>
</round>
<round no="3"><cards type="Turn">H5</cards>
</round>
<round no="4"><cards type="River">C5</cards>
</round>
</game>
</session>
