<?xml version="1.0" encoding="UTF-8"?>
<session sessioncode="5080814321">
<general>
<client_version>24.7.1.18</client_version>
<mode>real</mode>
<gametype>Holdem NL</gametype>
<tablename>Twister €100 SNG, 823914424</tablename>
<tournamentcode>823914422</tournamentcode>
<tournamentname>Twister €100 SNG</tournamentname>
<buyin>€0 + €7 + €93</buyin>
<totalbuyin>€100</totalbuyin>
<rewarddrawn>€200</rewarddrawn>
<tournamentcurrency>EUR</tournamentcurrency>
<currency>EUR</currency>
<nickname>M1ky3ste92</nickname>
<gamecount>12</gamecount>
<startdate>2025-12-16 01:11:22</startdate>
<place>1</place>
<win>€200</win>
<tablesize>3</tablesize>
</general>
<game gamecode="6560279755"><general>
<startdate>2025-12-16 01:11:38</startdate>
<round>1</round>
<failsafecounter/>
<players><player seat="6" name="M1ky3ste92" chips="500" dealer="0" win="150" bet="155" muck="1" rebuy="0" addon="0" merge="0" rebuychips="0" reg_code="5080814321"/>
<player seat="10" name="Sesme97" chips="500" dealer="1" win="0" bet="50" muck="1" rebuy="0" addon="0" merge="0" rebuychips="0" reg_code="5080814503"/>
<player seat="3" name="M31st3rTAsKdp33" chips="500" dealer="0" win="0" bet="50" muck="1" rebuy="0" addon="0" merge="0" rebuychips="0" reg_code="5080814214"/>
</players>
</general>
<round no="0"><action no="1" player="M31st3rTAsKdp33" type="1" discard="1" dealt="1" sum="10"/>
<action no="2" player="M1ky3ste92" type="2" sum="20"/>
</round>
<round no="1"><cards type="Pocket" player="M31st3rTAsKdp33">X X</cards>
<cards type="Pocket" player="Sesme97">X X</cards>
<cards type="Pocket" player="M1ky3ste92">C5 S3</cards>
<action no="3" player="Sesme97" type="3" discard="1" dealt="1" sum="20"/>
<action no="4" player="M31st3rTAsKdp33" type="3" discard="1" dealt="1" sum="10"/>
<action no="5" player="M1ky3ste92" type="4" sum="0"/>
</round>
<round no="2"><cards type="Flop">H3 D3 D9</cards>
<action no="6" player="M31st3rTAsKdp33" type="4" discard="1" dealt="1" sum="0"/>
<action no="7" player="M1ky3ste92" type="5" sum="30"/>
<action no="8" player="Sesme97" type="3" discard="1" dealt="1" sum="30"/>
<action no="9" player="M31st3rTAsKdp33" type="3" discard="1" dealt="1" sum="30"/>
</round>
<round no="3"><cards type="Turn">HJ</cards>
<action no="10" player="M31st3rTAsKdp33" type="4" discard="1" dealt="1" sum="0"/>
<action no="11" player="M1ky3ste92" type="5" sum="105"/>
<action no="12" player="Sesme97" type="0" discard="1" dealt="1" sum="0"/>
<action no="13" player="M31st3rTAsKdp33" type="0" discard="1" dealt="1" sum="0"/>
</round>
</game>
<game gamecode="6560279897"><general>
<startdate>2025-12-16 01:12:33</startdate>
<round>1</round>
<failsafecounter/>
<players><player seat="10" name="Sesme97" chips="450" dealer="0" win="40" bet="100" muck="1" rebuy="0" addon="0" merge="0" rebuychips="0" reg_code="5080814503"/>
<player seat="3" name="M31st3rTAsKdp33" chips="450" dealer="1" win="0" bet="0" muck="1" rebuy="0" addon="0" merge="0" rebuychips="0" reg_code="5080814214"/>
<player seat="6" name="M1ky3ste92" chips="600" dealer="0" win="0" bet="20" muck="1" rebuy="0" addon="0" merge="0" rebuychips="0" reg_code="5080814321"/>
</players>
</general>
<round no="0"><action no="1" player="M1ky3ste92" type="1" sum="10"/>
<action no="2" player="Sesme97" type="2" discard="1" dealt="1" sum="20"/>
</round>
<round no="1"><cards type="Pocket" player="Sesme97">X X</cards>
<cards type="Pocket" player="M31st3rTAsKdp33">X X</cards>
<cards type="Pocket" player="M1ky3ste92">D10 S9</cards>
<action no="3" player="M31st3rTAsKdp33" type="0" discard="1" dealt="1" sum="0"/>
<action no="4" player="M1ky3ste92" type="3" sum="10"/>
<action no="5" player="Sesme97" type="23" discard="1" dealt="1" sum="100"/>
<action no="6" player="M1ky3ste92" type="0" sum="0"/>
</round>
</game>
<game gamecode="6560279932"><general>
<startdate>2025-12-16 01:12:47</startdate>
<round>1</round>
<failsafecounter/>
<players><player seat="3" name="M31st3rTAsKdp33" chips="450" dealer="0" win="0" bet="20" muck="1" rebuy="0" addon="0" merge="0" rebuychips="0" reg_code="5080814214"/>
<player seat="6" name="M1ky3ste92" chips="580" dealer="1" win="220" bet="100" muck="0" rebuy="0" addon="0" merge="0" rebuychips="0" reg_code="5080814321"/>
<player seat="10" name="Sesme97" chips="470" dealer="0" win="0" bet="100" muck="1" rebuy="0" addon="0" merge="0" rebuychips="0" reg_code="5080814503"/>
</players>
</general>
<round no="0"><action no="1" player="Sesme97" type="1" discard="1" dealt="1" sum="10"/>
<action no="2" player="M31st3rTAsKdp33" type="2" discard="1" dealt="1" sum="20"/>
</round>
<round no="1"><cards type="Pocket" player="M31st3rTAsKdp33">X X</cards>
<cards type="Pocket" player="Sesme97">H7 D4</cards>
<cards type="Pocket" player="M1ky3ste92">CA C5</cards>
<action no="3" player="M1ky3ste92" type="23" sum="40"/>
<action no="4" player="Sesme97" type="23" discard="1" dealt="1" sum="100"/>
<action no="5" player="M31st3rTAsKdp33" type="0" discard="1" dealt="1" sum="0"/>
<action no="6" player="M1ky3ste92" type="3" sum="60"/>
</round>
<round no="2"><cards type="Flop">S10 S3 DJ</cards>
<action no="7" player="Sesme97" type="4" discard="1" dealt="1" sum="0"/>
<action no="8" player="M1ky3ste92" type="4" sum="0"/>
</round>
<round no="3"><cards type="Turn">HK</cards>
<action no="9" player="Sesme97" type="4" discard="1" dealt="1" sum="0"/>
<action no="10" player="M1ky3ste92" type="4" sum="0"/>
</round>
<round no="4"><cards type="River">S2</cards>
<action no="11" player="Sesme97" type="4" discard="1" dealt="1" sum="0"/>
<action no="12" player="M1ky3ste92" type="4" sum="0"/>
</round>
</game>
<game gamecode="6560280050"><general>
<startdate>2025-12-16 01:13:41</startdate>
<round>1</round>
<failsafecounter/>
<players><player seat="6" name="M1ky3ste92" chips="700" dealer="0" win="45" bet="35" muck="1" rebuy="0" addon="0" merge="0" rebuychips="0" reg_code="5080814321"/>
<player seat="10" name="Sesme97" chips="370" dealer="1" win="0" bet="5" muck="1" rebuy="0" addon="0" merge="0" rebuychips="0" reg_code="5080814503"/>
<player seat="3" name="M31st3rTAsKdp33" chips="430" dealer="0" win="0" bet="20" muck="1" rebuy="0" addon="0" merge="0" rebuychips="0" reg_code="5080814214"/>
</players>
</general>
<round no="0"><action no="1" player="M31st3rTAsKdp33" type="15" discard="1" dealt="1" sum="5"/>
<action no="2" player="M1ky3ste92" type="15" sum="5"/>
<action no="3" player="Sesme97" type="15" discard="1" dealt="1" sum="5"/>
<action no="4" player="M31st3rTAsKdp33" type="1" discard="1" dealt="1" sum="15"/>
<action no="5" player="M1ky3ste92" type="2" sum="30"/>
</round>
<round no="1"><cards type="Pocket" player="M31st3rTAsKdp33">X X</cards>
<cards type="Pocket" player="Sesme97">X X</cards>
<cards type="Pocket" player="M1ky3ste92">CJ C5</cards>
<action no="6" player="Sesme97" type="0" discard="1" dealt="1" sum="0"/>
<action no="7" player="M31st3rTAsKdp33" type="0" discard="1" dealt="1" sum="0"/>
</round>
</game>
<game gamecode="6560280070"><general>
<startdate>2025-12-16 01:13:49</startdate>
<round>1</round>
<failsafecounter/>
<players><player seat="10" name="Sesme97" chips="365" dealer="0" win="750" bet="365" muck="0" rebuy="0" addon="0" merge="0" rebuychips="0" reg_code="5080814503"/>
<player seat="3" name="M31st3rTAsKdp33" chips="410" dealer="1" win="0" bet="410" muck="1" rebuy="0" addon="0" merge="0" rebuychips="0" reg_code="5080814214"/>
<player seat="6" name="M1ky3ste92" chips="725" dealer="0" win="0" bet="20" muck="1" rebuy="0" addon="0" merge="0" rebuychips="0" reg_code="5080814321"/>
</players>
</general>
<round no="0"><action no="1" player="M1ky3ste92" type="15" sum="5"/>
<action no="2" player="Sesme97" type="15" discard="1" dealt="1" sum="5"/>
<action no="3" player="M31st3rTAsKdp33" type="15" discard="1" dealt="1" sum="5"/>
<action no="4" player="M1ky3ste92" type="1" sum="15"/>
<action no="5" player="Sesme97" type="2" discard="1" dealt="1" sum="30"/>
</round>
<round no="1"><cards type="Pocket" player="M1ky3ste92">S6 DA</cards>
<cards type="Pocket" player="Sesme97">C5 CA</cards>
<cards type="Pocket" player="M31st3rTAsKdp33">S9 SJ</cards>
<action no="6" player="M31st3rTAsKdp33" type="23" discard="1" dealt="1" sum="405"/>
<action no="7" player="M1ky3ste92" type="0" sum="0"/>
<action no="8" player="Sesme97" type="7" discard="1" dealt="1" sum="330"/>
</round>
<round no="2"><cards type="Flop">H10 C8 CJ</cards>
</round>
<round no="3"><cards type="Turn">C6</cards>
</round>
<round no="4"><cards type="River">SQ</cards>
</round>
</game>
<game gamecode="6560280121"><general>
<startdate>2025-12-16 01:14:09</startdate>
<round>1</round>
<failsafecounter/>
<players><player seat="3" name="M31st3rTAsKdp33" chips="45" dealer="0" win="110" bet="45" muck="0" rebuy="0" addon="0" merge="0" rebuychips="0" reg_code="5080814214"/>
<player seat="6" name="M1ky3ste92" chips="705" dealer="1" win="0" bet="65" muck="1" rebuy="0" addon="0" merge="0" rebuychips="0" reg_code="5080814321"/>
<player seat="10" name="Sesme97" chips="750" dealer="0" win="0" bet="20" muck="1" rebuy="0" addon="0" merge="0" rebuychips="0" reg_code="5080814503"/>
</players>
</general>
<round no="0"><action no="1" player="Sesme97" type="15" discard="1" dealt="1" sum="5"/>
<action no="2" player="M31st3rTAsKdp33" type="15" discard="1" dealt="1" sum="5"/>
<action no="3" player="M1ky3ste92" type="15" sum="5"/>
<action no="4" player="Sesme97" type="1" discard="1" dealt="1" sum="15"/>
<action no="5" player="M31st3rTAsKdp33" type="2" discard="1" dealt="1" sum="30"/>
</round>
<round no="1"><cards type="Pocket" player="M1ky3ste92">C7 DA</cards>
<cards type="Pocket" player="M31st3rTAsKdp33">H9 HA</cards>
<cards type="Pocket" player="Sesme97">X X</cards>
<action no="6" player="M1ky3ste92" type="23" sum="60"/>
<action no="7" player="Sesme97" type="0" discard="1" dealt="1" sum="0"/>
<action no="8" player="M31st3rTAsKdp33" type="7" discard="1" dealt="1" sum="10"/>
</round>
<round no="2"><cards type="Flop">S5 D8 SK</cards>
</round>
<round no="3"><cards type="Turn">D9</cards>
</round>
<round no="4"><cards type="River">D5</cards>
</round>
</game>
<game gamecode="6560280211"><general>
<startdate>2025-12-16 01:14:46</startdate>
<round>1</round>
<failsafecounter/>
<players><player seat="6" name="M1ky3ste92" chips="660" dealer="0" win="0" bet="35" muck="1" rebuy="0" addon="0" merge="0" rebuychips="0" reg_code="5080814321"/>
<player seat="10" name="Sesme97" chips="730" dealer="1" win="0" bet="125" muck="0" rebuy="0" addon="0" merge="0" rebuychips="0" reg_code="5080814503"/>
<player seat="3" name="M31st3rTAsKdp33" chips="110" dealer="0" win="255" bet="110" muck="0" rebuy="0" addon="0" merge="0" rebuychips="0" reg_code="5080814214"/>
</players>
</general>
<round no="0"><action no="1" player="M31st3rTAsKdp33" type="15" discard="1" dealt="1" sum="5"/>
<action no="2" player="M1ky3ste92" type="15" sum="5"/>
<action no="3" player="Sesme97" type="15" discard="1" dealt="1" sum="5"/>
<action no="4" player="M31st3rTAsKdp33" type="1" discard="1" dealt="1" sum="15"/>
<action no="5" player="M1ky3ste92" type="2" sum="30"/>
</round>
<round no="1"><cards type="Pocket" player="Sesme97">HK CQ</cards>
<cards type="Pocket" player="M31st3rTAsKdp33">SA DQ</cards>
<cards type="Pocket" player="M1ky3ste92">C10 S4</cards>
<action no="6" player="Sesme97" type="23" discard="1" dealt="1" sum="120"/>
<action no="7" player="M31st3rTAsKdp33" type="7" discard="1" dealt="1" sum="90"/>
<action no="8" player="M1ky3ste92" type="0" sum="0"/>
</round>
<round no="2"><cards type="Flop">D2 SQ D4</cards>
</round>
<round no="3"><cards type="Turn">C9</cards>
</round>
<round no="4"><cards type="River">H3</cards>
</round>
</game>
<game gamecode="6560280260"><general>
<startdate>2025-12-16 01:15:07</startdate>
<round>1</round>
<failsafecounter/>
<players><player seat="10" name="Sesme97" chips="620" dealer="0" win="95" bet="205" muck="1" rebuy="0" addon="0" merge="0" rebuychips="0" reg_code="5080814503"/>
<player seat="3" name="M31st3rTAsKdp33" chips="255" dealer="1" win="0" bet="5" muck="1" rebuy="0" addon="0" merge="0" rebuychips="0" reg_code="5080814214"/>
<player seat="6" name="M1ky3ste92" chips="625" dealer="0" win="0" bet="45" muck="1" rebuy="0" addon="0" merge="0" rebuychips="0" reg_code="5080814321"/>
</players>
</general>
<round no="0"><action no="1" player="M1ky3ste92" type="15" sum="5"/>
<action no="2" player="Sesme97" type="15" discard="1" dealt="1" sum="5"/>
<action no="3" player="M31st3rTAsKdp33" type="15" discard="1" dealt="1" sum="5"/>
<action no="4" player="M1ky3ste92" type="1" sum="20"/>
<action no="5" player="Sesme97" type="2" discard="1" dealt="1" sum="40"/>
</round>
<round no="1"><cards type="Pocket" player="M1ky3ste92">HQ H3</cards>
<cards type="Pocket" player="M31st3rTAsKdp33">X X</cards>
<cards type="Pocket" player="Sesme97">X X</cards>
<action no="6" player="M31st3rTAsKdp33" type="0" discard="1" dealt="1" sum="0"/>
<action no="7" player="M1ky3ste92" type="3" sum="20"/>
<action no="8" player="Sesme97" type="23" discard="1" dealt="1" sum="200"/>
<action no="9" player="M1ky3ste92" type="0" sum="0"/>
</round>
</game>
<game gamecode="6560280294"><general>
<startdate>2025-12-16 01:15:19</startdate>
<round>1</round>
<failsafecounter/>
<players><player seat="3" name="M31st3rTAsKdp33" chips="250" dealer="0" win="95" bet="250" muck="1" rebuy="0" addon="0" merge="0" rebuychips="0" reg_code="5080814214"/>
<player seat="6" name="M1ky3ste92" chips="580" dealer="1" win="0" bet="5" muck="1" rebuy="0" addon="0" merge="0" rebuychips="0" reg_code="5080814321"/>
<player seat="10" name="Sesme97" chips="670" dealer="0" win="0" bet="45" muck="1" rebuy="0" addon="0" merge="0" rebuychips="0" reg_code="5080814503"/>
</players>
</general>
<round no="0"><action no="1" player="Sesme97" type="15" discard="1" dealt="1" sum="5"/>
<action no="2" player="M31st3rTAsKdp33" type="15" discard="1" dealt="1" sum="5"/>
<action no="3" player="M1ky3ste92" type="15" sum="5"/>
<action no="4" player="Sesme97" type="1" discard="1" dealt="1" sum="20"/>
<action no="5" player="M31st3rTAsKdp33" type="2" discard="1" dealt="1" sum="40"/>
</round>
<round no="1"><cards type="Pocket" player="M31st3rTAsKdp33">X X</cards>
<cards type="Pocket" player="M1ky3ste92">DJ H8</cards>
<cards type="Pocket" player="Sesme97">X X</cards>
<action no="6" player="M1ky3ste92" type="0" sum="0"/>
<action no="7" player="Sesme97" type="3" discard="1" dealt="1" sum="20"/>
<action no="8" player="M31st3rTAsKdp33" type="23" discard="1" dealt="1" sum="245"/>
<action no="9" player="Sesme97" type="0" discard="1" dealt="1" sum="0"/>
</round>
</game>
<game gamecode="6560280336"><general>
<startdate>2025-12-16 01:15:40</startdate>
<round>1</round>
<failsafecounter/>
<players><player seat="6" name="M1ky3ste92" chips="575" dealer="0" win="0" bet="45" muck="1" rebuy="0" addon="0" merge="0" rebuychips="0" reg_code="5080814321"/>
<player seat="10" name="Sesme97" chips="625" dealer="1" win="0" bet="5" muck="1" rebuy="0" addon="0" merge="0" rebuychips="0" reg_code="5080814503"/>
<player seat="3" name="M31st3rTAsKdp33" chips="300" dealer="0" win="95" bet="300" muck="1" rebuy="0" addon="0" merge="0" rebuychips="0" reg_code="5080814214"/>
</players>
</general>
<round no="0"><action no="1" player="M31st3rTAsKdp33" type="15" discard="1" dealt="1" sum="5"/>
<action no="2" player="M1ky3ste92" type="15" sum="5"/>
<action no="3" player="Sesme97" type="15" discard="1" dealt="1" sum="5"/>
<action no="4" player="M31st3rTAsKdp33" type="1" discard="1" dealt="1" sum="20"/>
<action no="5" player="M1ky3ste92" type="2" sum="40"/>
</round>
<round no="1"><cards type="Pocket" player="Sesme97">X X</cards>
<cards type="Pocket" player="M31st3rTAsKdp33">X X</cards>
<cards type="Pocket" player="M1ky3ste92">S4 SQ</cards>
<action no="6" player="Sesme97" type="0" discard="1" dealt="1" sum="0"/>
<action no="7" player="M31st3rTAsKdp33" type="23" discard="1" dealt="1" sum="295"/>
<action no="8" player="M1ky3ste92" type="0" sum="0"/>
</round>
</game>
<game gamecode="6560280374"><general>
<startdate>2025-12-16 01:15:54</startdate>
<round>1</round>
<failsafecounter/>
<players><player seat="10" name="Sesme97" chips="620" dealer="0" win="0" bet="530" muck="1" rebuy="0" addon="0" merge="0" rebuychips="0" reg_code="5080814503"/>
<player seat="3" name="M31st3rTAsKdp33" chips="350" dealer="1" win="0" bet="350" muck="0" rebuy="0" addon="0" merge="0" rebuychips="0" reg_code="5080814214"/>
<player seat="6" name="M1ky3ste92" chips="530" dealer="0" win="1,410" bet="530" muck="0" rebuy="0" addon="0" merge="0" rebuychips="0" reg_code="5080814321"/>
</players>
</general>
<round no="0"><action no="1" player="M1ky3ste92" type="15" sum="5"/>
<action no="2" player="Sesme97" type="15" discard="1" dealt="1" sum="5"/>
<action no="3" player="M31st3rTAsKdp33" type="15" discard="1" dealt="1" sum="5"/>
<action no="4" player="M1ky3ste92" type="1" sum="20"/>
<action no="5" player="Sesme97" type="2" discard="1" dealt="1" sum="40"/>
</round>
<round no="1"><cards type="Pocket" player="M1ky3ste92">SJ CJ</cards>
<cards type="Pocket" player="Sesme97">HQ D7</cards>
<cards type="Pocket" player="M31st3rTAsKdp33">HJ H8</cards>
<action no="6" player="M31st3rTAsKdp33" type="23" discard="1" dealt="1" sum="345"/>
<action no="7" player="M1ky3ste92" type="7" sum="505"/>
<action no="8" player="Sesme97" type="3" discard="1" dealt="1" sum="485"/>
</round>
<round no="2"><cards type="Flop">CA S5 H6</cards>
</round>
<round no="3"><cards type="Turn">SA</cards>
</round>
<round no="4"><cards type="River">D9</cards>
</round>
</game>
<game gamecode="6560280422"><general>
<startdate>2025-12-16 01:16:12</startdate>
<round>1</round>
<failsafecounter/>
<players><player seat="10" name="Sesme97" chips="90" dealer="0" win="0" bet="90" muck="0" rebuy="0" addon="0" merge="0" rebuychips="0" reg_code="5080814503"/>
<player seat="6" name="M1ky3ste92" chips="1,410" dealer="1" win="180" bet="125" muck="0" rebuy="0" addon="0" merge="0" rebuychips="0" reg_code="5080814321"/>
</players>
</general>
<round no="0"><action no="1" player="M1ky3ste92" type="15" sum="5"/>
<action no="2" player="Sesme97" type="15" discard="1" dealt="1" sum="5"/>
<action no="3" player="M1ky3ste92" type="1" sum="20"/>
<action no="4" player="Sesme97" type="2" discard="1" dealt="1" sum="40"/>
</round>
<round no="1"><cards type="Pocket" player="Sesme97">C4 D5</cards>
<cards type="Pocket" player="M1ky3ste92">H9 D9</cards>
<action no="5" player="M1ky3ste92" type="23" sum="120"/>
<action no="6" player="Sesme97" type="7" discard="1" dealt="1" sum="45"/>
</round>
<round no="2"><cards type="Flop">D10 H6 C10</cards>
</round>
<round no="3"><cards type="Turn">D6</cards>
</round>
<round no="4"><cards type="River">CK</cards>
</round>
</game>
</session>
