<?xml version="1.0" encoding="UTF-8"?>
<session sessioncode="5081332092">
<general>
<client_version>24.7.1.18</client_version>
<mode>real</mode>
<gametype>Holdem NL</gametype>
<tablename>Twister €100 SNG, 824075452</tablename>
<tournamentcode>824075449</tournamentcode>
<tournamentname>Twister €100 SNG</tournamentname>
<buyin>€0 + €7 + €93</buyin>
<totalbuyin>€100</totalbuyin>
<rewarddrawn>€300</rewarddrawn>
<tournamentcurrency>EUR</tournamentcurrency>
<currency>EUR</currency>
<nickname>M1ky3ste92</nickname>
<gamecount>15</gamecount>
<startdate>2025-12-17 23:00:18</startdate>
<place>2</place>
<win>€0</win>
<tablesize>3</tablesize>
</general>
<game gamecode="6562295864"><general>
<startdate>2025-12-17 23:00:33</startdate>
<round>1</round>
<failsafecounter/>
<players><player seat="6" name="OndaBianca1" chips="500" dealer="0" win="40" bet="60" muck="1" rebuy="0" addon="0" merge="0" rebuychips="0" reg_code="5081332051"/>
<player seat="10" name="M1ky3ste92" chips="500" dealer="1" win="0" bet="0" muck="1" rebuy="0" addon="0" merge="0" rebuychips="0" reg_code="5081332092"/>
<player seat="3" name="Thechosenoonee" chips="500" dealer="0" win="0" bet="20" muck="1" rebuy="0" addon="0" merge="0" rebuychips="0" reg_code="5081331818"/>
</players>
</general>
<round no="0"><action no="1" player="Thechosenoonee" type="1" discard="1" dealt="1" sum="10"/>
<action no="2" player="OndaBianca1" type="2" discard="1" dealt="1" sum="20"/>
</round>
<round no="1"><cards type="Pocket" player="OndaBianca1">X X</cards>
<cards type="Pocket" player="M1ky3ste92">D3 D5</cards>
<cards type="Pocket" player="Thechosenoonee">X X</cards>
<action no="3" player="M1ky3ste92" type="0" sum="0"/>
<action no="4" player="Thechosenoonee" type="3" discard="1" dealt="1" sum="10"/>
<action no="5" player="OndaBianca1" type="23" discard="1" dealt="1" sum="60"/>
<action no="6" player="Thechosenoonee" type="0" discard="1" dealt="1" sum="0"/>
</round>
</game>
<game gamecode="6562295975"><general>
<startdate>2025-12-17 23:00:46</startdate>
<round>1</round>
<failsafecounter/>
<players><player seat="10" name="M1ky3ste92" chips="500" dealer="0" win="0" bet="40" muck="1" rebuy="0" addon="0" merge="0" rebuychips="0" reg_code="5081332092"/>
<player seat="3" name="Thechosenoonee" chips="480" dealer="1" win="0" bet="160" muck="1" rebuy="0" addon="0" merge="0" rebuychips="0" reg_code="5081331818"/>
<player seat="6" name="OndaBianca1" chips="520" dealer="0" win="360" bet="520" muck="1" rebuy="0" addon="0" merge="0" rebuychips="0" reg_code="5081332051"/>
</players>
</general>
<round no="0"><action no="1" player="OndaBianca1" type="1" discard="1" dealt="1" sum="10"/>
<action no="2" player="M1ky3ste92" type="2" sum="20"/>
</round>
<round no="1"><cards type="Pocket" player="Thechosenoonee">X X</cards>
<cards type="Pocket" player="M1ky3ste92">CK C6</cards>
<cards type="Pocket" player="OndaBianca1">X X</cards>
<action no="3" player="Thechosenoonee" type="23" discard="1" dealt="1" sum="40"/>
<action no="4" player="OndaBianca1" type="3" discard="1" dealt="1" sum="30"/>
<action no="5" player="M1ky3ste92" type="3" sum="20"/>
</round>
<round no="2"><cards type="Flop">D4 H8 H3</cards>
<action no="6" player="OndaBianca1" type="4" discard="1" dealt="1" sum="0"/>
<action no="7" player="M1ky3ste92" type="4" sum="0"/>
<action no="8" player="Thechosenoonee" type="5" discard="1" dealt="1" sum="120"/>
<action no="9" player="OndaBianca1" type="3" discard="1" dealt="1" sum="120"/>
<action no="10" player="M1ky3ste92" type="0" sum="0"/>
</round>
<round no="3"><cards type="Turn">SA</cards>
<action no="11" player="OndaBianca1" type="4" discard="1" dealt="1" sum="0"/>
<action no="12" player="Thechosenoonee" type="4" discard="1" dealt="1" sum="0"/>
</round>
<round no="4"><cards type="River">S7</cards>
<action no="13" player="OndaBianca1" type="5" discard="1" dealt="1" sum="360"/>
<action no="14" player="Thechosenoonee" type="0" discard="1" dealt="1" sum="0"/>
</round>
</game>
<game gamecode="6562296320"><general>
<startdate>2025-12-17 23:01:30</startdate>
<round>1</round>
<failsafecounter/>
<players><player seat="3" name="Thechosenoonee" chips="320" dealer="0" win="20" bet="20" muck="1" rebuy="0" addon="0" merge="0" rebuychips="0" reg_code="5081331818"/>
<player seat="6" name="OndaBianca1" chips="720" dealer="1" win="0" bet="0" muck="1" rebuy="0" addon="0" merge="0" rebuychips="0" reg_code="5081332051"/>
<player seat="10" name="M1ky3ste92" chips="460" dealer="0" win="0" bet="10" muck="1" rebuy="0" addon="0" merge="0" rebuychips="0" reg_code="5081332092"/>
</players>
</general>
<round no="0"><action no="1" player="M1ky3ste92" type="1" sum="10"/>
<action no="2" player="Thechosenoonee" type="2" discard="1" dealt="1" sum="20"/>
</round>
<round no="1"><cards type="Pocket" player="OndaBianca1">X X</cards>
<cards type="Pocket" player="M1ky3ste92">C5 DJ</cards>
<cards type="Pocket" player="Thechosenoonee">X X</cards>
<action no="3" player="OndaBianca1" type="0" discard="1" dealt="1" sum="0"/>
<action no="4" player="M1ky3ste92" type="0" sum="0"/>
</round>
</game>
<game gamecode="6562296378"><general>
<startdate>2025-12-17 23:01:38</startdate>
<round>1</round>
<failsafecounter/>
<players><player seat="6" name="OndaBianca1" chips="720" dealer="0" win="700" bet="720" muck="0" rebuy="0" addon="0" merge="0" rebuychips="0" reg_code="5081332051"/>
<player seat="10" name="M1ky3ste92" chips="450" dealer="1" win="0" bet="40" muck="1" rebuy="0" addon="0" merge="0" rebuychips="0" reg_code="5081332092"/>
<player seat="3" name="Thechosenoonee" chips="330" dealer="0" win="0" bet="330" muck="0" rebuy="0" addon="0" merge="0" rebuychips="0" reg_code="5081331818"/>
</players>
</general>
<round no="0"><action no="1" player="Thechosenoonee" type="1" discard="1" dealt="1" sum="10"/>
<action no="2" player="OndaBianca1" type="2" discard="1" dealt="1" sum="20"/>
</round>
<round no="1"><cards type="Pocket" player="Thechosenoonee">D2 H2</cards>
<cards type="Pocket" player="OndaBianca1">C5 H5</cards>
<cards type="Pocket" player="M1ky3ste92">HJ S8</cards>
<action no="3" player="M1ky3ste92" type="23" sum="40"/>
<action no="4" player="Thechosenoonee" type="23" discard="1" dealt="1" sum="330"/>
<action no="5" player="OndaBianca1" type="23" discard="1" dealt="1" sum="720"/>
<action no="6" player="M1ky3ste92" type="0" sum="0"/>
</round>
<round no="2"><cards type="Flop">DQ D9 SQ</cards>
</round>
<round no="3"><cards type="Turn">C3</cards>
</round>
<round no="4"><cards type="River">CJ</cards>
</round>
</game>
<game gamecode="6562296519"><general>
<startdate>2025-12-17 23:01:56</startdate>
<round>1</round>
<failsafecounter/>
<players><player seat="10" name="M1ky3ste92" chips="410" dealer="0" win="0" bet="20" muck="1" rebuy="0" addon="0" merge="0" rebuychips="0" reg_code="5081332092"/>
<player seat="6" name="OndaBianca1" chips="1,090" dealer="1" win="40" bet="40" muck="1" rebuy="0" addon="0" merge="0" rebuychips="0" reg_code="5081332051"/>
</players>
</general>
<round no="0"><action no="1" player="OndaBianca1" type="1" discard="1" dealt="1" sum="10"/>
<action no="2" player="M1ky3ste92" type="2" sum="20"/>
</round>
<round no="1"><cards type="Pocket" player="M1ky3ste92">D6 C3</cards>
<cards type="Pocket" player="OndaBianca1">X X</cards>
<action no="3" player="OndaBianca1" type="3" discard="1" dealt="1" sum="10"/>
<action no="4" player="M1ky3ste92" type="4" sum="0"/>
</round>
<round no="2"><cards type="Flop">S9 D2 C10</cards>
<action no="5" player="M1ky3ste92" type="4" sum="0"/>
<action no="6" player="OndaBianca1" type="5" discard="1" dealt="1" sum="20"/>
<action no="7" player="M1ky3ste92" type="0" sum="0"/>
</round>
</game>
<game gamecode="6562296603"><general>
<startdate>2025-12-17 23:02:09</startdate>
<round>1</round>
<failsafecounter/>
<players><player seat="6" name="OndaBianca1" chips="1,110" dealer="0" win="20" bet="20" muck="1" rebuy="0" addon="0" merge="0" rebuychips="0" reg_code="5081332051"/>
<player seat="10" name="M1ky3ste92" chips="390" dealer="1" win="0" bet="10" muck="1" rebuy="0" addon="0" merge="0" rebuychips="0" reg_code="5081332092"/>
</players>
</general>
<round no="0"><action no="1" player="M1ky3ste92" type="1" sum="10"/>
<action no="2" player="OndaBianca1" type="2" discard="1" dealt="1" sum="20"/>
</round>
<round no="1"><cards type="Pocket" player="OndaBianca1">X X</cards>
<cards type="Pocket" player="M1ky3ste92">H2 S7</cards>
<action no="3" player="M1ky3ste92" type="0" sum="0"/>
</round>
</game>
<game gamecode="6562296653"><general>
<startdate>2025-12-17 23:02:14</startdate>
<round>1</round>
<failsafecounter/>
<players><player seat="10" name="M1ky3ste92" chips="380" dealer="0" win="70" bet="380" muck="1" rebuy="0" addon="0" merge="0" rebuychips="0" reg_code="5081332092"/>
<player seat="6" name="OndaBianca1" chips="1,120" dealer="1" win="0" bet="35" muck="1" rebuy="0" addon="0" merge="0" rebuychips="0" reg_code="5081332051"/>
</players>
</general>
<round no="0"><action no="1" player="OndaBianca1" type="15" discard="1" dealt="1" sum="5"/>
<action no="2" player="M1ky3ste92" type="15" sum="5"/>
<action no="3" player="OndaBianca1" type="1" discard="1" dealt="1" sum="15"/>
<action no="4" player="M1ky3ste92" type="2" sum="30"/>
</round>
<round no="1"><cards type="Pocket" player="OndaBianca1">X X</cards>
<cards type="Pocket" player="M1ky3ste92">D4 SA</cards>
<action no="5" player="OndaBianca1" type="3" discard="1" dealt="1" sum="15"/>
<action no="6" player="M1ky3ste92" type="23" sum="375"/>
<action no="7" player="OndaBianca1" type="0" discard="1" dealt="1" sum="0"/>
</round>
</game>
<game gamecode="6562296729"><general>
<startdate>2025-12-17 23:02:25</startdate>
<round>1</round>
<failsafecounter/>
<players><player seat="6" name="OndaBianca1" chips="1,085" dealer="0" win="0" bet="35" muck="1" rebuy="0" addon="0" merge="0" rebuychips="0" reg_code="5081332051"/>
<player seat="10" name="M1ky3ste92" chips="415" dealer="1" win="70" bet="415" muck="1" rebuy="0" addon="0" merge="0" rebuychips="0" reg_code="5081332092"/>
</players>
</general>
<round no="0"><action no="1" player="M1ky3ste92" type="15" sum="5"/>
<action no="2" player="OndaBianca1" type="15" discard="1" dealt="1" sum="5"/>
<action no="3" player="M1ky3ste92" type="1" sum="15"/>
<action no="4" player="OndaBianca1" type="2" discard="1" dealt="1" sum="30"/>
</round>
<round no="1"><cards type="Pocket" player="OndaBianca1">X X</cards>
<cards type="Pocket" player="M1ky3ste92">SA H8</cards>
<action no="5" player="M1ky3ste92" type="23" sum="410"/>
<action no="6" player="OndaBianca1" type="0" discard="1" dealt="1" sum="0"/>
</round>
</game>
<game gamecode="6562296787"><general>
<startdate>2025-12-17 23:02:32</startdate>
<round>1</round>
<failsafecounter/>
<players><player seat="10" name="M1ky3ste92" chips="450" dealer="0" win="0" bet="35" muck="1" rebuy="0" addon="0" merge="0" rebuychips="0" reg_code="5081332092"/>
<player seat="6" name="OndaBianca1" chips="1,050" dealer="1" win="70" bet="65" muck="1" rebuy="0" addon="0" merge="0" rebuychips="0" reg_code="5081332051"/>
</players>
</general>
<round no="0"><action no="1" player="OndaBianca1" type="15" discard="1" dealt="1" sum="5"/>
<action no="2" player="M1ky3ste92" type="15" sum="5"/>
<action no="3" player="OndaBianca1" type="1" discard="1" dealt="1" sum="15"/>
<action no="4" player="M1ky3ste92" type="2" sum="30"/>
</round>
<round no="1"><cards type="Pocket" player="M1ky3ste92">C7 CQ</cards>
<cards type="Pocket" player="OndaBianca1">X X</cards>
<action no="5" player="OndaBianca1" type="3" discard="1" dealt="1" sum="15"/>
<action no="6" player="M1ky3ste92" type="4" sum="0"/>
</round>
<round no="2"><cards type="Flop">S10 H2 S3</cards>
<action no="7" player="M1ky3ste92" type="4" sum="0"/>
<action no="8" player="OndaBianca1" type="5" discard="1" dealt="1" sum="30"/>
<action no="9" player="M1ky3ste92" type="0" sum="0"/>
</round>
</game>
<game gamecode="6562296861"><general>
<startdate>2025-12-17 23:02:43</startdate>
<round>1</round>
<failsafecounter/>
<players><player seat="6" name="OndaBianca1" chips="1,085" dealer="0" win="0" bet="35" muck="1" rebuy="0" addon="0" merge="0" rebuychips="0" reg_code="5081332051"/>
<player seat="10" name="M1ky3ste92" chips="415" dealer="1" win="70" bet="35" muck="0" rebuy="0" addon="0" merge="0" rebuychips="0" reg_code="5081332092"/>
</players>
</general>
<round no="0"><action no="1" player="M1ky3ste92" type="15" sum="5"/>
<action no="2" player="OndaBianca1" type="15" discard="1" dealt="1" sum="5"/>
<action no="3" player="M1ky3ste92" type="1" sum="15"/>
<action no="4" player="OndaBianca1" type="2" discard="1" dealt="1" sum="30"/>
</round>
<round no="1"><cards type="Pocket" player="OndaBianca1">S2 SK</cards>
<cards type="Pocket" player="M1ky3ste92">D6 C5</cards>
<action no="5" player="M1ky3ste92" type="3" sum="15"/>
<action no="6" player="OndaBianca1" type="4" discard="1" dealt="1" sum="0"/>
</round>
<round no="2"><cards type="Flop">DJ H7 S6</cards>
<action no="7" player="OndaBianca1" type="4" discard="1" dealt="1" sum="0"/>
<action no="8" player="M1ky3ste92" type="4" sum="0"/>
</round>
<round no="3"><cards type="Turn">CA</cards>
<action no="9" player="OndaBianca1" type="4" discard="1" dealt="1" sum="0"/>
<action no="10" player="M1ky3ste92" type="4" sum="0"/>
</round>
<round no="4"><cards type="River">C2</cards>
<action no="11" player="OndaBianca1" type="4" discard="1" dealt="1" sum="0"/>
<action no="12" player="M1ky3ste92" type="4" sum="0"/>
</round>
</game>
<game gamecode="6562301128"><general>
<startdate>2025-12-17 23:03:12</startdate>
<round>1</round>
<failsafecounter/>
<players><player seat="10" name="M1ky3ste92" chips="450" dealer="0" win="0" bet="130" muck="1" rebuy="0" addon="0" merge="0" rebuychips="0" reg_code="5081332092"/>
<player seat="6" name="OndaBianca1" chips="1,050" dealer="1" win="260" bet="130" muck="0" rebuy="0" addon="0" merge="0" rebuychips="0" reg_code="5081332051"/>
</players>
</general>
<round no="0"><action no="1" player="OndaBianca1" type="15" discard="1" dealt="1" sum="5"/>
<action no="2" player="M1ky3ste92" type="15" sum="5"/>
<action no="3" player="OndaBianca1" type="1" discard="1" dealt="1" sum="15"/>
<action no="4" player="M1ky3ste92" type="2" sum="30"/>
</round>
<round no="1"><cards type="Pocket" player="M1ky3ste92">S2 HQ</cards>
<cards type="Pocket" player="OndaBianca1">CA D5</cards>
<action no="5" player="OndaBianca1" type="3" discard="1" dealt="1" sum="15"/>
<action no="6" player="M1ky3ste92" type="4" sum="0"/>
</round>
<round no="2"><cards type="Flop">H4 C2 HA</cards>
<action no="7" player="M1ky3ste92" type="4" sum="0"/>
<action no="8" player="OndaBianca1" type="5" discard="1" dealt="1" sum="30"/>
<action no="9" player="M1ky3ste92" type="3" sum="30"/>
</round>
<round no="3"><cards type="Turn">D4</cards>
<action no="10" player="M1ky3ste92" type="4" sum="0"/>
<action no="11" player="OndaBianca1" type="5" discard="1" dealt="1" sum="65"/>
<action no="12" player="M1ky3ste92" type="3" sum="65"/>
</round>
<round no="4"><cards type="River">H7</cards>
<action no="13" player="M1ky3ste92" type="4" sum="0"/>
<action no="14" player="OndaBianca1" type="4" discard="1" dealt="1" sum="0"/>
</round>
</game>
<game gamecode="6562301338"><general>
<startdate>2025-12-17 23:03:40</startdate>
<round>1</round>
<failsafecounter/>
<players><player seat="6" name="OndaBianca1" chips="1,180" dealer="0" win="0" bet="320" muck="1" rebuy="0" addon="0" merge="0" rebuychips="0" reg_code="5081332051"/>
<player seat="10" name="M1ky3ste92" chips="320" dealer="1" win="640" bet="320" muck="0" rebuy="0" addon="0" merge="0" rebuychips="0" reg_code="5081332092"/>
</players>
</general>
<round no="0"><action no="1" player="M1ky3ste92" type="15" sum="5"/>
<action no="2" player="OndaBianca1" type="15" discard="1" dealt="1" sum="5"/>
<action no="3" player="M1ky3ste92" type="1" sum="15"/>
<action no="4" player="OndaBianca1" type="2" discard="1" dealt="1" sum="30"/>
</round>
<round no="1"><cards type="Pocket" player="OndaBianca1">CA D6</cards>
<cards type="Pocket" player="M1ky3ste92">D9 CK</cards>
<action no="5" player="M1ky3ste92" type="23" sum="315"/>
<action no="6" player="OndaBianca1" type="3" discard="1" dealt="1" sum="285"/>
</round>
<round no="2"><cards type="Flop">S6 S9 S5</cards>
</round>
<round no="3"><cards type="Turn">D5</cards>
</round>
<round no="4"><cards type="River">H5</cards>
</round>
</game>
<game gamecode="6562301449"><general>
<startdate>2025-12-17 23:03:56</startdate>
<round>1</round>
<failsafecounter/>
<players><player seat="10" name="M1ky3ste92" chips="640" dealer="0" win="90" bet="640" muck="1" rebuy="0" addon="0" merge="0" rebuychips="0" reg_code="5081332092"/>
<player seat="6" name="OndaBianca1" chips="860" dealer="1" win="0" bet="45" muck="1" rebuy="0" addon="0" merge="0" rebuychips="0" reg_code="5081332051"/>
</players>
</general>
<round no="0"><action no="1" player="OndaBianca1" type="15" discard="1" dealt="1" sum="5"/>
<action no="2" player="M1ky3ste92" type="15" sum="5"/>
<action no="3" player="OndaBianca1" type="1" discard="1" dealt="1" sum="20"/>
<action no="4" player="M1ky3ste92" type="2" sum="40"/>
</round>
<round no="1"><cards type="Pocket" player="M1ky3ste92">D4 CA</cards>
<cards type="Pocket" player="OndaBianca1">X X</cards>
<action no="5" player="OndaBianca1" type="3" discard="1" dealt="1" sum="20"/>
<action no="6" player="M1ky3ste92" type="23" sum="635"/>
<action no="7" player="OndaBianca1" type="0" discard="1" dealt="1" sum="0"/>
</round>
</game>
<game gamecode="6562301510"><general>
<startdate>2025-12-17 23:04:04</startdate>
<round>1</round>
<failsafecounter/>
<players><player seat="6" name="OndaBianca1" chips="815" dealer="0" win="50" bet="45" muck="1" rebuy="0" addon="0" merge="0" rebuychips="0" reg_code="5081332051"/>
<player seat="10" name="M1ky3ste92" chips="685" dealer="1" win="0" bet="25" muck="1" rebuy="0" addon="0" merge="0" rebuychips="0" reg_code="5081332092"/>
</players>
</general>
<round no="0"><action no="1" player="M1ky3ste92" type="15" sum="5"/>
<action no="2" player="OndaBianca1" type="15" discard="1" dealt="1" sum="5"/>
<action no="3" player="M1ky3ste92" type="1" sum="20"/>
<action no="4" player="OndaBianca1" type="2" discard="1" dealt="1" sum="40"/>
</round>
<round no="1"><cards type="Pocket" player="OndaBianca1">X X</cards>
<cards type="Pocket" player="M1ky3ste92">D2 C4</cards>
<action no="5" player="M1ky3ste92" type="0" sum="0"/>
</round>
</game>
<game gamecode="6562301544"><general>
<startdate>2025-12-17 23:04:09</startdate>
<round>1</round>
<failsafecounter/>
<players><player seat="10" name="M1ky3ste92" chips="660" dealer="0" win="0" bet="660" muck="0" rebuy="0" addon="0" merge="0" rebuychips="0" reg_code="5081332092"/>
<player seat="6" name="OndaBianca1" chips="840" dealer="1" win="1,320" bet="660" muck="0" rebuy="0" addon="0" merge="0" rebuychips="0" reg_code="5081332051"/>
</players>
</general>
<round no="0"><action no="1" player="OndaBianca1" type="15" discard="1" dealt="1" sum="5"/>
<action no="2" player="M1ky3ste92" type="15" sum="5"/>
<action no="3" player="OndaBianca1" type="1" discard="1" dealt="1" sum="20"/>
<action no="4" player="M1ky3ste92" type="2" sum="40"/>
</round>
<round no="1"><cards type="Pocket" player="OndaBianca1">H2 CA</cards>
<cards type="Pocket" player="M1ky3ste92">S9 C7</cards>
<action no="5" player="OndaBianca1" type="3" discard="1" dealt="1" sum="20"/>
<action no="6" player="M1ky3ste92" type="4" sum="0"/>
</round>
<round no="2"><cards type="Flop">D2 C9 C5</cards>
<action no="7" player="M1ky3ste92" type="4" sum="0"/>
<action no="8" player="OndaBianca1" type="5" discard="1" dealt="1" sum="40"/>
<action no="9" player="M1ky3ste92" type="23" sum="105"/>
<action no="10" player="OndaBianca1" type="3" discard="1" dealt="1" sum="65"/>
</round>
<round no="3"><cards type="Turn">C2</cards>
<action no="11" player="M1ky3ste92" type="4" sum="0"/>
<action no="12" player="OndaBianca1" type="5" discard="1" dealt="1" sum="220"/>
<action no="13" player="M1ky3ste92" type="23" sum="510"/>
<action no="14" player="OndaBianca1" type="3" discard="1" dealt="1" sum="290"/>
</round>
<round no="4"><cards type="River">CJ</cards>
</round>
</game>
</session>
