<?xml version="1.0" encoding="UTF-8"?>
<session sessioncode="5081072566">
<general>
<client_version>24.7.1.18</client_version>
<mode>real</mode>
<gametype>Holdem NL</gametype>
<tablename>Twister €100 SNG, 823994620</tablename>
<tournamentcode>823994619</tournamentcode>
<tournamentname>Twister €100 SNG</tournamentname>
<buyin>€0 + €7 + €93</buyin>
<totalbuyin>€100</totalbuyin>
<rewarddrawn>€200</rewarddrawn>
<tournamentcurrency>EUR</tournamentcurrency>
<currency>EUR</currency>
<nickname>M1ky3ste92</nickname>
<gamecount>23</gamecount>
<startdate>2025-12-16 23:15:24</startdate>
<place>3</place>
<win>€0</win>
<tablesize>3</tablesize>
</general>
<game gamecode="6561260482"><general>
<startdate>2025-12-16 23:15:40</startdate>
<round>1</round>
<failsafecounter/>
<players><player seat="6" name="Thechosenoonee" chips="500" dealer="0" win="0" bet="20" muck="1" rebuy="0" addon="0" merge="0" rebuychips="0" reg_code="5081072366"/>
<player seat="10" name="M1ky3ste92" chips="500" dealer="1" win="0" bet="0" muck="1" rebuy="0" addon="0" merge="0" rebuychips="0" reg_code="5081072566"/>
<player seat="3" name="Dalibetprime" chips="500" dealer="0" win="40" bet="500" muck="1" rebuy="0" addon="0" merge="0" rebuychips="0" reg_code="5081072348"/>
</players>
</general>
<round no="0"><action no="1" player="Dalibetprime" type="1" discard="1" dealt="1" sum="10"/>
<action no="2" player="Thechosenoonee" type="2" discard="1" dealt="1" sum="20"/>
</round>
<round no="1"><cards type="Pocket" player="Dalibetprime">X X</cards>
<cards type="Pocket" player="Thechosenoonee">X X</cards>
<cards type="Pocket" player="M1ky3ste92">DJ H4</cards>
<action no="3" player="M1ky3ste92" type="0" sum="0"/>
<action no="4" player="Dalibetprime" type="23" discard="1" dealt="1" sum="500"/>
<action no="5" player="Thechosenoonee" type="0" discard="1" dealt="1" sum="0"/>
</round>
</game>
<game gamecode="6561260552"><general>
<startdate>2025-12-16 23:15:49</startdate>
<round>1</round>
<failsafecounter/>
<players><player seat="10" name="M1ky3ste92" chips="500" dealer="0" win="0" bet="140" muck="1" rebuy="0" addon="0" merge="0" rebuychips="0" reg_code="5081072566"/>
<player seat="3" name="Dalibetprime" chips="520" dealer="1" win="0" bet="0" muck="1" rebuy="0" addon="0" merge="0" rebuychips="0" reg_code="5081072348"/>
<player seat="6" name="Thechosenoonee" chips="480" dealer="0" win="280" bet="140" muck="0" rebuy="0" addon="0" merge="0" rebuychips="0" reg_code="5081072366"/>
</players>
</general>
<round no="0"><action no="1" player="Thechosenoonee" type="1" discard="1" dealt="1" sum="10"/>
<action no="2" player="M1ky3ste92" type="2" sum="20"/>
</round>
<round no="1"><cards type="Pocket" player="Thechosenoonee">C2 C5</cards>
<cards type="Pocket" player="Dalibetprime">X X</cards>
<cards type="Pocket" player="M1ky3ste92">S9 DA</cards>
<action no="3" player="Dalibetprime" type="0" discard="1" dealt="1" sum="0"/>
<action no="4" player="Thechosenoonee" type="3" discard="1" dealt="1" sum="10"/>
<action no="5" player="M1ky3ste92" type="4" sum="0"/>
</round>
<round no="2"><cards type="Flop">CA C6 D7</cards>
<action no="6" player="Thechosenoonee" type="5" discard="1" dealt="1" sum="20"/>
<action no="7" player="M1ky3ste92" type="3" sum="20"/>
</round>
<round no="3"><cards type="Turn">CQ</cards>
<action no="8" player="Thechosenoonee" type="5" discard="1" dealt="1" sum="60"/>
<action no="9" player="M1ky3ste92" type="3" sum="60"/>
</round>
<round no="4"><cards type="River">C8</cards>
<action no="10" player="Thechosenoonee" type="5" discard="1" dealt="1" sum="40"/>
<action no="11" player="M1ky3ste92" type="3" sum="40"/>
</round>
</game>
<game gamecode="6561260763"><general>
<startdate>2025-12-16 23:16:18</startdate>
<round>1</round>
<failsafecounter/>
<players><player seat="3" name="Dalibetprime" chips="520" dealer="0" win="20" bet="20" muck="1" rebuy="0" addon="0" merge="0" rebuychips="0" reg_code="5081072348"/>
<player seat="6" name="Thechosenoonee" chips="620" dealer="1" win="0" bet="0" muck="1" rebuy="0" addon="0" merge="0" rebuychips="0" reg_code="5081072366"/>
<player seat="10" name="M1ky3ste92" chips="360" dealer="0" win="0" bet="10" muck="1" rebuy="0" addon="0" merge="0" rebuychips="0" reg_code="5081072566"/>
</players>
</general>
<round no="0"><action no="1" player="M1ky3ste92" type="1" sum="10"/>
<action no="2" player="Dalibetprime" type="2" discard="1" dealt="1" sum="20"/>
</round>
<round no="1"><cards type="Pocket" player="Thechosenoonee">X X</cards>
<cards type="Pocket" player="M1ky3ste92">C10 S5</cards>
<cards type="Pocket" player="Dalibetprime">X X</cards>
<action no="3" player="Thechosenoonee" type="0" discard="1" dealt="1" sum="0"/>
<action no="4" player="M1ky3ste92" type="0" sum="0"/>
</round>
</game>
<game gamecode="6561260837"><general>
<startdate>2025-12-16 23:16:28</startdate>
<round>1</round>
<failsafecounter/>
<players><player seat="6" name="Thechosenoonee" chips="620" dealer="0" win="0" bet="20" muck="1" rebuy="0" addon="0" merge="0" rebuychips="0" reg_code="5081072366"/>
<player seat="10" name="M1ky3ste92" chips="350" dealer="1" win="0" bet="0" muck="1" rebuy="0" addon="0" merge="0" rebuychips="0" reg_code="5081072566"/>
<player seat="3" name="Dalibetprime" chips="530" dealer="0" win="40" bet="530" muck="1" rebuy="0" addon="0" merge="0" rebuychips="0" reg_code="5081072348"/>
</players>
</general>
<round no="0"><action no="1" player="Dalibetprime" type="1" discard="1" dealt="1" sum="10"/>
<action no="2" player="Thechosenoonee" type="2" discard="1" dealt="1" sum="20"/>
</round>
<round no="1"><cards type="Pocket" player="M1ky3ste92">D3 CQ</cards>
<cards type="Pocket" player="Dalibetprime">X X</cards>
<cards type="Pocket" player="Thechosenoonee">X X</cards>
<action no="3" player="M1ky3ste92" type="0" sum="0"/>
<action no="4" player="Dalibetprime" type="23" discard="1" dealt="1" sum="530"/>
<action no="5" player="Thechosenoonee" type="0" discard="1" dealt="1" sum="0"/>
</round>
</game>
<game gamecode="6561260909"><general>
<startdate>2025-12-16 23:16:38</startdate>
<round>1</round>
<failsafecounter/>
<players><player seat="10" name="M1ky3ste92" chips="350" dealer="0" win="720" bet="350" muck="0" rebuy="0" addon="0" merge="0" rebuychips="0" reg_code="5081072566"/>
<player seat="3" name="Dalibetprime" chips="550" dealer="1" win="0" bet="20" muck="1" rebuy="0" addon="0" merge="0" rebuychips="0" reg_code="5081072348"/>
<player seat="6" name="Thechosenoonee" chips="600" dealer="0" win="0" bet="350" muck="1" rebuy="0" addon="0" merge="0" rebuychips="0" reg_code="5081072366"/>
</players>
</general>
<round no="0"><action no="1" player="Thechosenoonee" type="1" discard="1" dealt="1" sum="10"/>
<action no="2" player="M1ky3ste92" type="2" sum="20"/>
</round>
<round no="1"><cards type="Pocket" player="Thechosenoonee">HK H10</cards>
<cards type="Pocket" player="M1ky3ste92">D6 S6</cards>
<cards type="Pocket" player="Dalibetprime">X X</cards>
<action no="3" player="Dalibetprime" type="3" discard="1" dealt="1" sum="20"/>
<action no="4" player="Thechosenoonee" type="23" discard="1" dealt="1" sum="80"/>
<action no="5" player="M1ky3ste92" type="23" sum="350"/>
<action no="6" player="Dalibetprime" type="0" discard="1" dealt="1" sum="0"/>
<action no="7" player="Thechosenoonee" type="3" discard="1" dealt="1" sum="270"/>
</round>
<round no="2"><cards type="Flop">C9 C5 CJ</cards>
</round>
<round no="3"><cards type="Turn">DJ</cards>
</round>
<round no="4"><cards type="River">D4</cards>
</round>
</game>
<game gamecode="6561261101"><general>
<startdate>2025-12-16 23:17:02</startdate>
<round>1</round>
<failsafecounter/>
<players><player seat="3" name="Dalibetprime" chips="530" dealer="0" win="20" bet="20" muck="1" rebuy="0" addon="0" merge="0" rebuychips="0" reg_code="5081072348"/>
<player seat="6" name="Thechosenoonee" chips="250" dealer="1" win="0" bet="0" muck="1" rebuy="0" addon="0" merge="0" rebuychips="0" reg_code="5081072366"/>
<player seat="10" name="M1ky3ste92" chips="720" dealer="0" win="0" bet="10" muck="1" rebuy="0" addon="0" merge="0" rebuychips="0" reg_code="5081072566"/>
</players>
</general>
<round no="0"><action no="1" player="M1ky3ste92" type="1" sum="10"/>
<action no="2" player="Dalibetprime" type="2" discard="1" dealt="1" sum="20"/>
</round>
<round no="1"><cards type="Pocket" player="M1ky3ste92">H3 H4</cards>
<cards type="Pocket" player="Thechosenoonee">X X</cards>
<cards type="Pocket" player="Dalibetprime">X X</cards>
<action no="3" player="Thechosenoonee" type="0" discard="1" dealt="1" sum="0"/>
<action no="4" player="M1ky3ste92" type="0" sum="0"/>
</round>
</game>
<game gamecode="6561261182"><general>
<startdate>2025-12-16 23:17:13</startdate>
<round>1</round>
<failsafecounter/>
<players><player seat="6" name="Thechosenoonee" chips="250" dealer="0" win="90" bet="250" muck="1" rebuy="0" addon="0" merge="0" rebuychips="0" reg_code="5081072366"/>
<player seat="10" name="M1ky3ste92" chips="710" dealer="1" win="0" bet="40" muck="1" rebuy="0" addon="0" merge="0" rebuychips="0" reg_code="5081072566"/>
<player seat="3" name="Dalibetprime" chips="540" dealer="0" win="0" bet="10" muck="1" rebuy="0" addon="0" merge="0" rebuychips="0" reg_code="5081072348"/>
</players>
</general>
<round no="0"><action no="1" player="Dalibetprime" type="1" discard="1" dealt="1" sum="10"/>
<action no="2" player="Thechosenoonee" type="2" discard="1" dealt="1" sum="20"/>
</round>
<round no="1"><cards type="Pocket" player="M1ky3ste92">SQ S7</cards>
<cards type="Pocket" player="Thechosenoonee">X X</cards>
<cards type="Pocket" player="Dalibetprime">X X</cards>
<action no="3" player="M1ky3ste92" type="23" sum="40"/>
<action no="4" player="Dalibetprime" type="0" discard="1" dealt="1" sum="0"/>
<action no="5" player="Thechosenoonee" type="23" discard="1" dealt="1" sum="250"/>
<action no="6" player="M1ky3ste92" type="0" sum="0"/>
</round>
</game>
<game gamecode="6561261306"><general>
<startdate>2025-12-16 23:17:28</startdate>
<round>1</round>
<failsafecounter/>
<players><player seat="10" name="M1ky3ste92" chips="670" dealer="0" win="0" bet="35" muck="1" rebuy="0" addon="0" merge="0" rebuychips="0" reg_code="5081072566"/>
<player seat="3" name="Dalibetprime" chips="530" dealer="1" win="0" bet="5" muck="1" rebuy="0" addon="0" merge="0" rebuychips="0" reg_code="5081072348"/>
<player seat="6" name="Thechosenoonee" chips="300" dealer="0" win="75" bet="300" muck="1" rebuy="0" addon="0" merge="0" rebuychips="0" reg_code="5081072366"/>
</players>
</general>
<round no="0"><action no="1" player="Thechosenoonee" type="15" discard="1" dealt="1" sum="5"/>
<action no="2" player="M1ky3ste92" type="15" sum="5"/>
<action no="3" player="Dalibetprime" type="15" discard="1" dealt="1" sum="5"/>
<action no="4" player="Thechosenoonee" type="1" discard="1" dealt="1" sum="15"/>
<action no="5" player="M1ky3ste92" type="2" sum="30"/>
</round>
<round no="1"><cards type="Pocket" player="Thechosenoonee">X X</cards>
<cards type="Pocket" player="M1ky3ste92">D7 C10</cards>
<cards type="Pocket" player="Dalibetprime">X X</cards>
<action no="6" player="Dalibetprime" type="0" discard="1" dealt="1" sum="0"/>
<action no="7" player="Thechosenoonee" type="23" discard="1" dealt="1" sum="295"/>
<action no="8" player="M1ky3ste92" type="0" sum="0"/>
</round>
</game>
<game gamecode="6561261382"><general>
<startdate>2025-12-16 23:17:37</startdate>
<round>1</round>
<failsafecounter/>
<players><player seat="3" name="Dalibetprime" chips="525" dealer="0" win="0" bet="35" muck="1" rebuy="0" addon="0" merge="0" rebuychips="0" reg_code="5081072348"/>
<player seat="6" name="Thechosenoonee" chips="340" dealer="1" win="90" bet="340" muck="1" rebuy="0" addon="0" merge="0" rebuychips="0" reg_code="5081072366"/>
<player seat="10" name="M1ky3ste92" chips="635" dealer="0" win="0" bet="20" muck="1" rebuy="0" addon="0" merge="0" rebuychips="0" reg_code="5081072566"/>
</players>
</general>
<round no="0"><action no="1" player="M1ky3ste92" type="15" sum="5"/>
<action no="2" player="Dalibetprime" type="15" discard="1" dealt="1" sum="5"/>
<action no="3" player="Thechosenoonee" type="15" discard="1" dealt="1" sum="5"/>
<action no="4" player="M1ky3ste92" type="1" sum="15"/>
<action no="5" player="Dalibetprime" type="2" discard="1" dealt="1" sum="30"/>
</round>
<round no="1"><cards type="Pocket" player="Dalibetprime">X X</cards>
<cards type="Pocket" player="M1ky3ste92">C2 H7</cards>
<cards type="Pocket" player="Thechosenoonee">X X</cards>
<action no="6" player="Thechosenoonee" type="23" discard="1" dealt="1" sum="335"/>
<action no="7" player="M1ky3ste92" type="0" sum="0"/>
<action no="8" player="Dalibetprime" type="0" discard="1" dealt="1" sum="0"/>
</round>
</game>
<game gamecode="6561261456"><general>
<startdate>2025-12-16 23:17:47</startdate>
<round>1</round>
<failsafecounter/>
<players><player seat="6" name="Thechosenoonee" chips="395" dealer="0" win="248" bet="176" muck="1" rebuy="0" addon="0" merge="0" rebuychips="0" reg_code="5081072366"/>
<player seat="10" name="M1ky3ste92" chips="615" dealer="1" win="0" bet="114" muck="1" rebuy="0" addon="0" merge="0" rebuychips="0" reg_code="5081072566"/>
<player seat="3" name="Dalibetprime" chips="490" dealer="0" win="0" bet="20" muck="1" rebuy="0" addon="0" merge="0" rebuychips="0" reg_code="5081072348"/>
</players>
</general>
<round no="0"><action no="1" player="Dalibetprime" type="15" discard="1" dealt="1" sum="5"/>
<action no="2" player="Thechosenoonee" type="15" discard="1" dealt="1" sum="5"/>
<action no="3" player="M1ky3ste92" type="15" sum="5"/>
<action no="4" player="Dalibetprime" type="1" discard="1" dealt="1" sum="15"/>
<action no="5" player="Thechosenoonee" type="2" discard="1" dealt="1" sum="30"/>
</round>
<round no="1"><cards type="Pocket" player="Dalibetprime">X X</cards>
<cards type="Pocket" player="Thechosenoonee">X X</cards>
<cards type="Pocket" player="M1ky3ste92">HJ CA</cards>
<action no="6" player="M1ky3ste92" type="23" sum="60"/>
<action no="7" player="Dalibetprime" type="0" discard="1" dealt="1" sum="0"/>
<action no="8" player="Thechosenoonee" type="3" discard="1" dealt="1" sum="30"/>
</round>
<round no="2"><cards type="Flop">C7 S6 D8</cards>
<action no="9" player="Thechosenoonee" type="4" discard="1" dealt="1" sum="0"/>
<action no="10" player="M1ky3ste92" type="4" sum="0"/>
</round>
<round no="3"><cards type="Turn">H10</cards>
<action no="11" player="Thechosenoonee" type="5" discard="1" dealt="1" sum="49"/>
<action no="12" player="M1ky3ste92" type="3" sum="49"/>
</round>
<round no="4"><cards type="River">H8</cards>
<action no="13" player="Thechosenoonee" type="5" discard="1" dealt="1" sum="62"/>
<action no="14" player="M1ky3ste92" type="0" sum="0"/>
</round>
</game>
<game gamecode="6561261687"><general>
<startdate>2025-12-16 23:18:18</startdate>
<round>1</round>
<failsafecounter/>
<players><player seat="10" name="M1ky3ste92" chips="501" dealer="0" win="0" bet="35" muck="1" rebuy="0" addon="0" merge="0" rebuychips="0" reg_code="5081072566"/>
<player seat="3" name="Dalibetprime" chips="470" dealer="1" win="0" bet="5" muck="1" rebuy="0" addon="0" merge="0" rebuychips="0" reg_code="5081072348"/>
<player seat="6" name="Thechosenoonee" chips="529" dealer="0" win="75" bet="35" muck="0" rebuy="0" addon="0" merge="0" rebuychips="0" reg_code="5081072366"/>
</players>
</general>
<round no="0"><action no="1" player="Thechosenoonee" type="15" discard="1" dealt="1" sum="5"/>
<action no="2" player="M1ky3ste92" type="15" sum="5"/>
<action no="3" player="Dalibetprime" type="15" discard="1" dealt="1" sum="5"/>
<action no="4" player="Thechosenoonee" type="1" discard="1" dealt="1" sum="15"/>
<action no="5" player="M1ky3ste92" type="2" sum="30"/>
</round>
<round no="1"><cards type="Pocket" player="M1ky3ste92">C9 H4</cards>
<cards type="Pocket" player="Dalibetprime">X X</cards>
<cards type="Pocket" player="Thechosenoonee">DQ S4</cards>
<action no="6" player="Dalibetprime" type="0" discard="1" dealt="1" sum="0"/>
<action no="7" player="Thechosenoonee" type="3" discard="1" dealt="1" sum="15"/>
<action no="8" player="M1ky3ste92" type="4" sum="0"/>
</round>
<round no="2"><cards type="Flop">SQ C5 SK</cards>
<action no="9" player="Thechosenoonee" type="4" discard="1" dealt="1" sum="0"/>
<action no="10" player="M1ky3ste92" type="4" sum="0"/>
</round>
<round no="3"><cards type="Turn">DK</cards>
<action no="11" player="Thechosenoonee" type="4" discard="1" dealt="1" sum="0"/>
<action no="12" player="M1ky3ste92" type="4" sum="0"/>
</round>
<round no="4"><cards type="River">C8</cards>
<action no="13" player="Thechosenoonee" type="4" discard="1" dealt="1" sum="0"/>
<action no="14" player="M1ky3ste92" type="4" sum="0"/>
</round>
</game>
<game gamecode="6561261854"><general>
<startdate>2025-12-16 23:18:40</startdate>
<round>1</round>
<failsafecounter/>
<players><player seat="3" name="Dalibetprime" chips="465" dealer="0" win="75" bet="465" muck="1" rebuy="0" addon="0" merge="0" rebuychips="0" reg_code="5081072348"/>
<player seat="6" name="Thechosenoonee" chips="569" dealer="1" win="0" bet="5" muck="1" rebuy="0" addon="0" merge="0" rebuychips="0" reg_code="5081072366"/>
<player seat="10" name="M1ky3ste92" chips="466" dealer="0" win="0" bet="35" muck="1" rebuy="0" addon="0" merge="0" rebuychips="0" reg_code="5081072566"/>
</players>
</general>
<round no="0"><action no="1" player="M1ky3ste92" type="15" sum="5"/>
<action no="2" player="Dalibetprime" type="15" discard="1" dealt="1" sum="5"/>
<action no="3" player="Thechosenoonee" type="15" discard="1" dealt="1" sum="5"/>
<action no="4" player="M1ky3ste92" type="1" sum="15"/>
<action no="5" player="Dalibetprime" type="2" discard="1" dealt="1" sum="30"/>
</round>
<round no="1"><cards type="Pocket" player="Dalibetprime">X X</cards>
<cards type="Pocket" player="M1ky3ste92">D9 H5</cards>
<cards type="Pocket" player="Thechosenoonee">X X</cards>
<action no="6" player="Thechosenoonee" type="0" discard="1" dealt="1" sum="0"/>
<action no="7" player="M1ky3ste92" type="3" sum="15"/>
<action no="8" player="Dalibetprime" type="23" discard="1" dealt="1" sum="460"/>
<action no="9" player="M1ky3ste92" type="0" sum="0"/>
</round>
</game>
<game gamecode="6561261938"><general>
<startdate>2025-12-16 23:18:52</startdate>
<round>1</round>
<failsafecounter/>
<players><player seat="6" name="Thechosenoonee" chips="564" dealer="0" win="150" bet="65" muck="0" rebuy="0" addon="0" merge="0" rebuychips="0" reg_code="5081072366"/>
<player seat="10" name="M1ky3ste92" chips="431" dealer="1" win="0" bet="65" muck="1" rebuy="0" addon="0" merge="0" rebuychips="0" reg_code="5081072566"/>
<player seat="3" name="Dalibetprime" chips="505" dealer="0" win="0" bet="20" muck="1" rebuy="0" addon="0" merge="0" rebuychips="0" reg_code="5081072348"/>
</players>
</general>
<round no="0"><action no="1" player="Dalibetprime" type="15" discard="1" dealt="1" sum="5"/>
<action no="2" player="Thechosenoonee" type="15" discard="1" dealt="1" sum="5"/>
<action no="3" player="M1ky3ste92" type="15" sum="5"/>
<action no="4" player="Dalibetprime" type="1" discard="1" dealt="1" sum="15"/>
<action no="5" player="Thechosenoonee" type="2" discard="1" dealt="1" sum="30"/>
</round>
<round no="1"><cards type="Pocket" player="Thechosenoonee">D7 C8</cards>
<cards type="Pocket" player="Dalibetprime">X X</cards>
<cards type="Pocket" player="M1ky3ste92">DA HQ</cards>
<action no="6" player="M1ky3ste92" type="23" sum="60"/>
<action no="7" player="Dalibetprime" type="0" discard="1" dealt="1" sum="0"/>
<action no="8" player="Thechosenoonee" type="3" discard="1" dealt="1" sum="30"/>
</round>
<round no="2"><cards type="Flop">DJ HK S3</cards>
<action no="9" player="Thechosenoonee" type="4" discard="1" dealt="1" sum="0"/>
<action no="10" player="M1ky3ste92" type="4" sum="0"/>
</round>
<round no="3"><cards type="Turn">S7</cards>
<action no="11" player="Thechosenoonee" type="4" discard="1" dealt="1" sum="0"/>
<action no="12" player="M1ky3ste92" type="4" sum="0"/>
</round>
<round no="4"><cards type="River">H5</cards>
<action no="13" player="Thechosenoonee" type="4" discard="1" dealt="1" sum="0"/>
<action no="14" player="M1ky3ste92" type="4" sum="0"/>
</round>
</game>
<game gamecode="6561268326"><general>
<startdate>2025-12-16 23:19:36</startdate>
<round>1</round>
<failsafecounter/>
<players><player seat="10" name="M1ky3ste92" chips="366" dealer="0" win="0" bet="45" muck="1" rebuy="0" addon="0" merge="0" rebuychips="0" reg_code="5081072566"/>
<player seat="3" name="Dalibetprime" chips="485" dealer="1" win="0" bet="5" muck="1" rebuy="0" addon="0" merge="0" rebuychips="0" reg_code="5081072348"/>
<player seat="6" name="Thechosenoonee" chips="649" dealer="0" win="95" bet="116" muck="1" rebuy="0" addon="0" merge="0" rebuychips="0" reg_code="5081072366"/>
</players>
</general>
<round no="0"><action no="1" player="Thechosenoonee" type="15" discard="1" dealt="1" sum="5"/>
<action no="2" player="M1ky3ste92" type="15" sum="5"/>
<action no="3" player="Dalibetprime" type="15" discard="1" dealt="1" sum="5"/>
<action no="4" player="Thechosenoonee" type="1" discard="1" dealt="1" sum="20"/>
<action no="5" player="M1ky3ste92" type="2" sum="40"/>
</round>
<round no="1"><cards type="Pocket" player="Dalibetprime">X X</cards>
<cards type="Pocket" player="M1ky3ste92">CJ S3</cards>
<cards type="Pocket" player="Thechosenoonee">X X</cards>
<action no="6" player="Dalibetprime" type="0" discard="1" dealt="1" sum="0"/>
<action no="7" player="Thechosenoonee" type="3" discard="1" dealt="1" sum="20"/>
<action no="8" player="M1ky3ste92" type="4" sum="0"/>
</round>
<round no="2"><cards type="Flop">C9 D5 C10</cards>
<action no="9" player="Thechosenoonee" type="4" discard="1" dealt="1" sum="0"/>
<action no="10" player="M1ky3ste92" type="4" sum="0"/>
</round>
<round no="3"><cards type="Turn">H7</cards>
<action no="11" player="Thechosenoonee" type="5" discard="1" dealt="1" sum="71"/>
<action no="12" player="M1ky3ste92" type="0" sum="0"/>
</round>
</game>
<game gamecode="6561268590"><general>
<startdate>2025-12-16 23:20:12</startdate>
<round>1</round>
<failsafecounter/>
<players><player seat="3" name="Dalibetprime" chips="480" dealer="0" win="0" bet="45" muck="1" rebuy="0" addon="0" merge="0" rebuychips="0" reg_code="5081072348"/>
<player seat="6" name="Thechosenoonee" chips="699" dealer="1" win="0" bet="5" muck="1" rebuy="0" addon="0" merge="0" rebuychips="0" reg_code="5081072366"/>
<player seat="10" name="M1ky3ste92" chips="321" dealer="0" win="95" bet="321" muck="1" rebuy="0" addon="0" merge="0" rebuychips="0" reg_code="5081072566"/>
</players>
</general>
<round no="0"><action no="1" player="M1ky3ste92" type="15" sum="5"/>
<action no="2" player="Dalibetprime" type="15" discard="1" dealt="1" sum="5"/>
<action no="3" player="Thechosenoonee" type="15" discard="1" dealt="1" sum="5"/>
<action no="4" player="M1ky3ste92" type="1" sum="20"/>
<action no="5" player="Dalibetprime" type="2" discard="1" dealt="1" sum="40"/>
</round>
<round no="1"><cards type="Pocket" player="M1ky3ste92">D7 SQ</cards>
<cards type="Pocket" player="Dalibetprime">X X</cards>
<cards type="Pocket" player="Thechosenoonee">X X</cards>
<action no="6" player="Thechosenoonee" type="0" discard="1" dealt="1" sum="0"/>
<action no="7" player="M1ky3ste92" type="23" sum="316"/>
<action no="8" player="Dalibetprime" type="0" discard="1" dealt="1" sum="0"/>
</round>
</game>
<game gamecode="6561268670"><general>
<startdate>2025-12-16 23:20:20</startdate>
<round>1</round>
<failsafecounter/>
<players><player seat="6" name="Thechosenoonee" chips="694" dealer="0" win="55" bet="45" muck="1" rebuy="0" addon="0" merge="0" rebuychips="0" reg_code="5081072366"/>
<player seat="10" name="M1ky3ste92" chips="371" dealer="1" win="0" bet="5" muck="1" rebuy="0" addon="0" merge="0" rebuychips="0" reg_code="5081072566"/>
<player seat="3" name="Dalibetprime" chips="435" dealer="0" win="0" bet="25" muck="1" rebuy="0" addon="0" merge="0" rebuychips="0" reg_code="5081072348"/>
</players>
</general>
<round no="0"><action no="1" player="Dalibetprime" type="15" discard="1" dealt="1" sum="5"/>
<action no="2" player="Thechosenoonee" type="15" discard="1" dealt="1" sum="5"/>
<action no="3" player="M1ky3ste92" type="15" sum="5"/>
<action no="4" player="Dalibetprime" type="1" discard="1" dealt="1" sum="20"/>
<action no="5" player="Thechosenoonee" type="2" discard="1" dealt="1" sum="40"/>
</round>
<round no="1"><cards type="Pocket" player="Thechosenoonee">X X</cards>
<cards type="Pocket" player="M1ky3ste92">H8 S3</cards>
<cards type="Pocket" player="Dalibetprime">X X</cards>
<action no="6" player="M1ky3ste92" type="0" sum="0"/>
<action no="7" player="Dalibetprime" type="0" discard="1" dealt="1" sum="0"/>
</round>
</game>
<game gamecode="6561268725"><general>
<startdate>2025-12-16 23:20:28</startdate>
<round>1</round>
<failsafecounter/>
<players><player seat="10" name="M1ky3ste92" chips="366" dealer="0" win="0" bet="45" muck="1" rebuy="0" addon="0" merge="0" rebuychips="0" reg_code="5081072566"/>
<player seat="3" name="Dalibetprime" chips="410" dealer="1" win="0" bet="5" muck="1" rebuy="0" addon="0" merge="0" rebuychips="0" reg_code="5081072348"/>
<player seat="6" name="Thechosenoonee" chips="724" dealer="0" win="95" bet="724" muck="1" rebuy="0" addon="0" merge="0" rebuychips="0" reg_code="5081072366"/>
</players>
</general>
<round no="0"><action no="1" player="Thechosenoonee" type="15" discard="1" dealt="1" sum="5"/>
<action no="2" player="M1ky3ste92" type="15" sum="5"/>
<action no="3" player="Dalibetprime" type="15" discard="1" dealt="1" sum="5"/>
<action no="4" player="Thechosenoonee" type="1" discard="1" dealt="1" sum="20"/>
<action no="5" player="M1ky3ste92" type="2" sum="40"/>
</round>
<round no="1"><cards type="Pocket" player="Thechosenoonee">X X</cards>
<cards type="Pocket" player="M1ky3ste92">C6 H8</cards>
<cards type="Pocket" player="Dalibetprime">X X</cards>
<action no="6" player="Dalibetprime" type="0" discard="1" dealt="1" sum="0"/>
<action no="7" player="Thechosenoonee" type="23" discard="1" dealt="1" sum="719"/>
<action no="8" player="M1ky3ste92" type="0" sum="0"/>
</round>
</game>
<game gamecode="6561268805"><general>
<startdate>2025-12-16 23:20:40</startdate>
<round>1</round>
<failsafecounter/>
<players><player seat="3" name="Dalibetprime" chips="405" dealer="0" win="0" bet="65" muck="1" rebuy="0" addon="0" merge="0" rebuychips="0" reg_code="5081072348"/>
<player seat="6" name="Thechosenoonee" chips="774" dealer="1" win="0" bet="774" muck="0" rebuy="0" addon="0" merge="0" rebuychips="0" reg_code="5081072366"/>
<player seat="10" name="M1ky3ste92" chips="321" dealer="0" win="707" bet="321" muck="0" rebuy="0" addon="0" merge="0" rebuychips="0" reg_code="5081072566"/>
</players>
</general>
<round no="0"><action no="1" player="M1ky3ste92" type="15" sum="5"/>
<action no="2" player="Dalibetprime" type="15" discard="1" dealt="1" sum="5"/>
<action no="3" player="Thechosenoonee" type="15" discard="1" dealt="1" sum="5"/>
<action no="4" player="M1ky3ste92" type="1" sum="30"/>
<action no="5" player="Dalibetprime" type="2" discard="1" dealt="1" sum="60"/>
</round>
<round no="1"><cards type="Pocket" player="M1ky3ste92">D8 S8</cards>
<cards type="Pocket" player="Thechosenoonee">DA S6</cards>
<cards type="Pocket" player="Dalibetprime">X X</cards>
<action no="6" player="Thechosenoonee" type="23" discard="1" dealt="1" sum="769"/>
<action no="7" player="M1ky3ste92" type="7" sum="286"/>
<action no="8" player="Dalibetprime" type="0" discard="1" dealt="1" sum="0"/>
</round>
<round no="2"><cards type="Flop">C3 H9 H10</cards>
</round>
<round no="3"><cards type="Turn">D9</cards>
</round>
<round no="4"><cards type="River">S3</cards>
</round>
</game>
<game gamecode="6561268933"><general>
<startdate>2025-12-16 23:20:56</startdate>
<round>1</round>
<failsafecounter/>
<players><player seat="6" name="Thechosenoonee" chips="453" dealer="0" win="0" bet="340" muck="1" rebuy="0" addon="0" merge="0" rebuychips="0" reg_code="5081072366"/>
<player seat="10" name="M1ky3ste92" chips="707" dealer="1" win="0" bet="5" muck="1" rebuy="0" addon="0" merge="0" rebuychips="0" reg_code="5081072566"/>
<player seat="3" name="Dalibetprime" chips="340" dealer="0" win="685" bet="340" muck="0" rebuy="0" addon="0" merge="0" rebuychips="0" reg_code="5081072348"/>
</players>
</general>
<round no="0"><action no="1" player="Dalibetprime" type="15" discard="1" dealt="1" sum="5"/>
<action no="2" player="Thechosenoonee" type="15" discard="1" dealt="1" sum="5"/>
<action no="3" player="M1ky3ste92" type="15" sum="5"/>
<action no="4" player="Dalibetprime" type="1" discard="1" dealt="1" sum="30"/>
<action no="5" player="Thechosenoonee" type="2" discard="1" dealt="1" sum="60"/>
</round>
<round no="1"><cards type="Pocket" player="M1ky3ste92">D9 C2</cards>
<cards type="Pocket" player="Thechosenoonee">H8 H10</cards>
<cards type="Pocket" player="Dalibetprime">H5 HK</cards>
<action no="6" player="M1ky3ste92" type="0" sum="0"/>
<action no="7" player="Dalibetprime" type="23" discard="1" dealt="1" sum="335"/>
<action no="8" player="Thechosenoonee" type="3" discard="1" dealt="1" sum="275"/>
</round>
<round no="2"><cards type="Flop">CA CQ HQ</cards>
</round>
<round no="3"><cards type="Turn">H7</cards>
</round>
<round no="4"><cards type="River">H2</cards>
</round>
</game>
<game gamecode="6561269069"><general>
<startdate>2025-12-16 23:21:15</startdate>
<round>1</round>
<failsafecounter/>
<players><player seat="10" name="M1ky3ste92" chips="702" dealer="0" win="0" bet="113" muck="1" rebuy="0" addon="0" merge="0" rebuychips="0" reg_code="5081072566"/>
<player seat="3" name="Dalibetprime" chips="685" dealer="1" win="0" bet="5" muck="1" rebuy="0" addon="0" merge="0" rebuychips="0" reg_code="5081072348"/>
<player seat="6" name="Thechosenoonee" chips="113" dealer="0" win="231" bet="113" muck="0" rebuy="0" addon="0" merge="0" rebuychips="0" reg_code="5081072366"/>
</players>
</general>
<round no="0"><action no="1" player="Thechosenoonee" type="15" discard="1" dealt="1" sum="5"/>
<action no="2" player="M1ky3ste92" type="15" sum="5"/>
<action no="3" player="Dalibetprime" type="15" discard="1" dealt="1" sum="5"/>
<action no="4" player="Thechosenoonee" type="1" discard="1" dealt="1" sum="30"/>
<action no="5" player="M1ky3ste92" type="2" sum="60"/>
</round>
<round no="1"><cards type="Pocket" player="Thechosenoonee">S8 DJ</cards>
<cards type="Pocket" player="M1ky3ste92">C9 D7</cards>
<cards type="Pocket" player="Dalibetprime">X X</cards>
<action no="6" player="Dalibetprime" type="0" discard="1" dealt="1" sum="0"/>
<action no="7" player="Thechosenoonee" type="7" discard="1" dealt="1" sum="78"/>
<action no="8" player="M1ky3ste92" type="3" sum="48"/>
</round>
<round no="2"><cards type="Flop">S4 H4 HK</cards>
</round>
<round no="3"><cards type="Turn">HQ</cards>
</round>
<round no="4"><cards type="River">H5</cards>
</round>
</game>
<game gamecode="6561269208"><general>
<startdate>2025-12-16 23:21:33</startdate>
<round>1</round>
<failsafecounter/>
<players><player seat="3" name="Dalibetprime" chips="680" dealer="0" win="0" bet="65" muck="1" rebuy="0" addon="0" merge="0" rebuychips="0" reg_code="5081072348"/>
<player seat="6" name="Thechosenoonee" chips="231" dealer="1" win="165" bet="231" muck="1" rebuy="0" addon="0" merge="0" rebuychips="0" reg_code="5081072366"/>
<player seat="10" name="M1ky3ste92" chips="589" dealer="0" win="0" bet="35" muck="1" rebuy="0" addon="0" merge="0" rebuychips="0" reg_code="5081072566"/>
</players>
</general>
<round no="0"><action no="1" player="M1ky3ste92" type="15" sum="5"/>
<action no="2" player="Dalibetprime" type="15" discard="1" dealt="1" sum="5"/>
<action no="3" player="Thechosenoonee" type="15" discard="1" dealt="1" sum="5"/>
<action no="4" player="M1ky3ste92" type="1" sum="30"/>
<action no="5" player="Dalibetprime" type="2" discard="1" dealt="1" sum="60"/>
</round>
<round no="1"><cards type="Pocket" player="Thechosenoonee">X X</cards>
<cards type="Pocket" player="M1ky3ste92">H5 HJ</cards>
<cards type="Pocket" player="Dalibetprime">X X</cards>
<action no="6" player="Thechosenoonee" type="23" discard="1" dealt="1" sum="226"/>
<action no="7" player="M1ky3ste92" type="0" sum="0"/>
<action no="8" player="Dalibetprime" type="0" discard="1" dealt="1" sum="0"/>
</round>
</game>
<game gamecode="6561269275"><general>
<startdate>2025-12-16 23:21:42</startdate>
<round>1</round>
<failsafecounter/>
<players><player seat="6" name="Thechosenoonee" chips="331" dealer="0" win="667" bet="331" muck="0" rebuy="0" addon="0" merge="0" rebuychips="0" reg_code="5081072366"/>
<player seat="10" name="M1ky3ste92" chips="554" dealer="1" win="0" bet="5" muck="1" rebuy="0" addon="0" merge="0" rebuychips="0" reg_code="5081072566"/>
<player seat="3" name="Dalibetprime" chips="615" dealer="0" win="0" bet="615" muck="0" rebuy="0" addon="0" merge="0" rebuychips="0" reg_code="5081072348"/>
</players>
</general>
<round no="0"><action no="1" player="Dalibetprime" type="15" discard="1" dealt="1" sum="5"/>
<action no="2" player="Thechosenoonee" type="15" discard="1" dealt="1" sum="5"/>
<action no="3" player="M1ky3ste92" type="15" sum="5"/>
<action no="4" player="Dalibetprime" type="1" discard="1" dealt="1" sum="30"/>
<action no="5" player="Thechosenoonee" type="2" discard="1" dealt="1" sum="60"/>
</round>
<round no="1"><cards type="Pocket" player="M1ky3ste92">C6 H3</cards>
<cards type="Pocket" player="Thechosenoonee">HA DJ</cards>
<cards type="Pocket" player="Dalibetprime">HQ H2</cards>
<action no="6" player="M1ky3ste92" type="0" sum="0"/>
<action no="7" player="Dalibetprime" type="23" discard="1" dealt="1" sum="610"/>
<action no="8" player="Thechosenoonee" type="7" discard="1" dealt="1" sum="266"/>
</round>
<round no="2"><cards type="Flop">CJ D10 DA</cards>
</round>
<round no="3"><cards type="Turn">C10</cards>
</round>
<round no="4"><cards type="River">DQ</cards>
</round>
</game>
<game gamecode="6561269426"><general>
<startdate>2025-12-16 23:22:01</startdate>
<round>1</round>
<failsafecounter/>
<players><player seat="10" name="M1ky3ste92" chips="549" dealer="0" win="0" bet="549" muck="0" rebuy="0" addon="0" merge="0" rebuychips="0" reg_code="5081072566"/>
<player seat="3" name="Dalibetprime" chips="284" dealer="1" win="0" bet="5" muck="1" rebuy="0" addon="0" merge="0" rebuychips="0" reg_code="5081072348"/>
<player seat="6" name="Thechosenoonee" chips="667" dealer="0" win="1,103" bet="667" muck="0" rebuy="0" addon="0" merge="0" rebuychips="0" reg_code="5081072366"/>
</players>
</general>
<round no="0"><action no="1" player="Thechosenoonee" type="15" discard="1" dealt="1" sum="5"/>
<action no="2" player="M1ky3ste92" type="15" sum="5"/>
<action no="3" player="Dalibetprime" type="15" discard="1" dealt="1" sum="5"/>
<action no="4" player="Thechosenoonee" type="1" discard="1" dealt="1" sum="30"/>
<action no="5" player="M1ky3ste92" type="2" sum="60"/>
</round>
<round no="1"><cards type="Pocket" player="Dalibetprime">X X</cards>
<cards type="Pocket" player="M1ky3ste92">D8 HA</cards>
<cards type="Pocket" player="Thechosenoonee">C6 SQ</cards>
<action no="6" player="Dalibetprime" type="0" discard="1" dealt="1" sum="0"/>
<action no="7" player="Thechosenoonee" type="23" discard="1" dealt="1" sum="662"/>
<action no="8" player="M1ky3ste92" type="7" sum="484"/>
</round>
<round no="2"><cards type="Flop">D6 S5 H7</cards>
</round>
<round no="3"><cards type="Turn">C2</cards>
</round>
<round no="4"><cards type="River">D3</cards>
</round>
</game>
</session>
