<?xml version="1.0" encoding="UTF-8"?>
<session sessioncode="5089221188">
<general>
<client_version>25.7.1.50</client_version>
<mode>real</mode>
<gametype>Holdem NL</gametype>
<tablename>Twister €100 SNG, 826424348</tablename>
<tournamentcode>826424347</tournamentcode>
<tournamentname>Twister €100 SNG</tournamentname>
<buyin>€0 + €7 + €93</buyin>
<totalbuyin>€100</totalbuyin>
<rewarddrawn>€300</rewarddrawn>
<tournamentcurrency>EUR</tournamentcurrency>
<currency>EUR</currency>
<nickname>22vidi22</nickname>
<gamecount>8</gamecount>
<startdate>2026-01-14 09:33:16</startdate>
<place>3</place>
<win>€0</win>
<tablesize>3</tablesize>
</general>
<game gamecode="6594178031"><general>
<startdate>2026-01-14 09:33:32</startdate>
<round>1</round>
<failsafecounter/>
<players><player seat="10" name="22vidi22" chips="500" dealer="0" win="20" bet="20" muck="1" rebuy="0" addon="0" merge="0" rebuychips="0" reg_code="5089221188"/>
<player seat="3" name="Ankalaev" chips="500" dealer="1" win="0" bet="0" muck="1" rebuy="0" addon="0" merge="0" rebuychips="0" reg_code="5089220998"/>
<player seat="6" name="L1mltless" chips="500" dealer="0" win="0" bet="10" muck="1" rebuy="0" addon="0" merge="0" rebuychips="0" reg_code="5089221152"/>
</players>
</general>
<round no="0"><action no="1" player="L1mltless" type="1" discard="1" dealt="1" sum="10"/>
<action no="2" player="22vidi22" type="2" sum="20"/>
</round>
<round no="1"><cards type="Pocket" player="22vidi22">H3 C4</cards>
<cards type="Pocket" player="L1mltless">X X</cards>
<cards type="Pocket" player="Ankalaev">X X</cards>
<action no="3" player="Ankalaev" type="0" discard="1" dealt="1" sum="0"/>
<action no="4" player="L1mltless" type="0" discard="1" dealt="1" sum="0"/>
</round>
</game>
<game gamecode="6594178055"><general>
<startdate>2026-01-14 09:33:42</startdate>
<round>1</round>
<failsafecounter/>
<players><player seat="3" name="Ankalaev" chips="500" dealer="0" win="90" bet="120" muck="1" rebuy="0" addon="0" merge="0" rebuychips="0" reg_code="5089220998"/>
<player seat="6" name="L1mltless" chips="490" dealer="1" win="0" bet="40" muck="1" rebuy="0" addon="0" merge="0" rebuychips="0" reg_code="5089221152"/>
<player seat="10" name="22vidi22" chips="510" dealer="0" win="0" bet="10" muck="1" rebuy="0" addon="0" merge="0" rebuychips="0" reg_code="5089221188"/>
</players>
</general>
<round no="0"><action no="1" player="22vidi22" type="1" sum="10"/>
<action no="2" player="Ankalaev" type="2" discard="1" dealt="1" sum="20"/>
</round>
<round no="1"><cards type="Pocket" player="Ankalaev">X X</cards>
<cards type="Pocket" player="L1mltless">X X</cards>
<cards type="Pocket" player="22vidi22">C6 D5</cards>
<action no="3" player="L1mltless" type="23" discard="1" dealt="1" sum="40"/>
<action no="4" player="22vidi22" type="0" sum="0"/>
<action no="5" player="Ankalaev" type="3" discard="1" dealt="1" sum="20"/>
</round>
<round no="2"><cards type="Flop">S4 H6 S8</cards>
<action no="6" player="Ankalaev" type="4" discard="1" dealt="1" sum="0"/>
<action no="7" player="L1mltless" type="4" discard="1" dealt="1" sum="0"/>
</round>
<round no="3"><cards type="Turn">C3</cards>
<action no="8" player="Ankalaev" type="5" discard="1" dealt="1" sum="80"/>
<action no="9" player="L1mltless" type="0" discard="1" dealt="1" sum="0"/>
</round>
</game>
<game gamecode="6594178136"><general>
<startdate>2026-01-14 09:34:14</startdate>
<round>1</round>
<failsafecounter/>
<players><player seat="6" name="L1mltless" chips="450" dealer="0" win="216" bet="450" muck="1" rebuy="0" addon="0" merge="0" rebuychips="0" reg_code="5089221152"/>
<player seat="10" name="22vidi22" chips="500" dealer="1" win="0" bet="103" muck="1" rebuy="0" addon="0" merge="0" rebuychips="0" reg_code="5089221188"/>
<player seat="3" name="Ankalaev" chips="550" dealer="0" win="0" bet="10" muck="1" rebuy="0" addon="0" merge="0" rebuychips="0" reg_code="5089220998"/>
</players>
</general>
<round no="0"><action no="1" player="Ankalaev" type="1" discard="1" dealt="1" sum="10"/>
<action no="2" player="L1mltless" type="2" discard="1" dealt="1" sum="20"/>
</round>
<round no="1"><cards type="Pocket" player="22vidi22">DQ HJ</cards>
<cards type="Pocket" player="Ankalaev">X X</cards>
<cards type="Pocket" player="L1mltless">X X</cards>
<action no="3" player="22vidi22" type="23" sum="40"/>
<action no="4" player="Ankalaev" type="0" discard="1" dealt="1" sum="0"/>
<action no="5" player="L1mltless" type="3" discard="1" dealt="1" sum="20"/>
</round>
<round no="2"><cards type="Flop">D2 H7 D8</cards>
<action no="6" player="L1mltless" type="4" discard="1" dealt="1" sum="0"/>
<action no="7" player="22vidi22" type="4" sum="0"/>
</round>
<round no="3"><cards type="Turn">CK</cards>
<action no="8" player="L1mltless" type="4" discard="1" dealt="1" sum="0"/>
<action no="9" player="22vidi22" type="5" sum="63"/>
<action no="10" player="L1mltless" type="3" discard="1" dealt="1" sum="63"/>
</round>
<round no="4"><cards type="River">DJ</cards>
<action no="11" player="L1mltless" type="5" discard="1" dealt="1" sum="347"/>
<action no="12" player="22vidi22" type="0" sum="0"/>
</round>
</game>
<game gamecode="6594178267"><general>
<startdate>2026-01-14 09:34:59</startdate>
<round>1</round>
<failsafecounter/>
<players><player seat="10" name="22vidi22" chips="397" dealer="0" win="0" bet="20" muck="1" rebuy="0" addon="0" merge="0" rebuychips="0" reg_code="5089221188"/>
<player seat="3" name="Ankalaev" chips="540" dealer="1" win="0" bet="0" muck="1" rebuy="0" addon="0" merge="0" rebuychips="0" reg_code="5089220998"/>
<player seat="6" name="L1mltless" chips="563" dealer="0" win="40" bet="50" muck="1" rebuy="0" addon="0" merge="0" rebuychips="0" reg_code="5089221152"/>
</players>
</general>
<round no="0"><action no="1" player="L1mltless" type="1" discard="1" dealt="1" sum="10"/>
<action no="2" player="22vidi22" type="2" sum="20"/>
</round>
<round no="1"><cards type="Pocket" player="L1mltless">X X</cards>
<cards type="Pocket" player="22vidi22">H2 S6</cards>
<cards type="Pocket" player="Ankalaev">X X</cards>
<action no="3" player="Ankalaev" type="0" discard="1" dealt="1" sum="0"/>
<action no="4" player="L1mltless" type="23" discard="1" dealt="1" sum="50"/>
<action no="5" player="22vidi22" type="0" sum="0"/>
</round>
</game>
<game gamecode="6594178303"><general>
<startdate>2026-01-14 09:35:09</startdate>
<round>1</round>
<failsafecounter/>
<players><player seat="3" name="Ankalaev" chips="540" dealer="0" win="384" bet="540" muck="1" rebuy="0" addon="0" merge="0" rebuychips="0" reg_code="5089220998"/>
<player seat="6" name="L1mltless" chips="583" dealer="1" win="0" bet="0" muck="1" rebuy="0" addon="0" merge="0" rebuychips="0" reg_code="5089221152"/>
<player seat="10" name="22vidi22" chips="377" dealer="0" win="0" bet="192" muck="1" rebuy="0" addon="0" merge="0" rebuychips="0" reg_code="5089221188"/>
</players>
</general>
<round no="0"><action no="1" player="22vidi22" type="1" sum="10"/>
<action no="2" player="Ankalaev" type="2" discard="1" dealt="1" sum="20"/>
</round>
<round no="1"><cards type="Pocket" player="22vidi22">HA D4</cards>
<cards type="Pocket" player="L1mltless">X X</cards>
<cards type="Pocket" player="Ankalaev">X X</cards>
<action no="3" player="L1mltless" type="0" discard="1" dealt="1" sum="0"/>
<action no="4" player="22vidi22" type="23" sum="40"/>
<action no="5" player="Ankalaev" type="3" discard="1" dealt="1" sum="20"/>
</round>
<round no="2"><cards type="Flop">H5 CQ CK</cards>
<action no="6" player="22vidi22" type="4" sum="0"/>
<action no="7" player="Ankalaev" type="4" discard="1" dealt="1" sum="0"/>
</round>
<round no="3"><cards type="Turn">DA</cards>
<action no="8" player="22vidi22" type="5" sum="40"/>
<action no="9" player="Ankalaev" type="3" discard="1" dealt="1" sum="40"/>
</round>
<round no="4"><cards type="River">S8</cards>
<action no="10" player="22vidi22" type="5" sum="112"/>
<action no="11" player="Ankalaev" type="23" discard="1" dealt="1" sum="460"/>
<action no="12" player="22vidi22" type="0" sum="0"/>
</round>
</game>
<game gamecode="6594178435"><general>
<startdate>2026-01-14 09:35:55</startdate>
<round>1</round>
<failsafecounter/>
<players><player seat="6" name="L1mltless" chips="583" dealer="0" win="0" bet="35" muck="1" rebuy="0" addon="0" merge="0" rebuychips="0" reg_code="5089221152"/>
<player seat="10" name="22vidi22" chips="185" dealer="1" win="90" bet="185" muck="1" rebuy="0" addon="0" merge="0" rebuychips="0" reg_code="5089221188"/>
<player seat="3" name="Ankalaev" chips="732" dealer="0" win="0" bet="20" muck="1" rebuy="0" addon="0" merge="0" rebuychips="0" reg_code="5089220998"/>
</players>
</general>
<round no="0"><action no="1" player="Ankalaev" type="15" discard="1" dealt="1" sum="5"/>
<action no="2" player="L1mltless" type="15" discard="1" dealt="1" sum="5"/>
<action no="3" player="22vidi22" type="15" sum="5"/>
<action no="4" player="Ankalaev" type="1" discard="1" dealt="1" sum="15"/>
<action no="5" player="L1mltless" type="2" discard="1" dealt="1" sum="30"/>
</round>
<round no="1"><cards type="Pocket" player="L1mltless">X X</cards>
<cards type="Pocket" player="Ankalaev">X X</cards>
<cards type="Pocket" player="22vidi22">HJ D10</cards>
<action no="6" player="22vidi22" type="23" sum="180"/>
<action no="7" player="Ankalaev" type="0" discard="1" dealt="1" sum="0"/>
<action no="8" player="L1mltless" type="0" discard="1" dealt="1" sum="0"/>
</round>
</game>
<game gamecode="6594178480"><general>
<startdate>2026-01-14 09:36:06</startdate>
<round>1</round>
<failsafecounter/>
<players><player seat="10" name="22vidi22" chips="240" dealer="0" win="45" bet="35" muck="1" rebuy="0" addon="0" merge="0" rebuychips="0" reg_code="5089221188"/>
<player seat="3" name="Ankalaev" chips="712" dealer="1" win="0" bet="5" muck="1" rebuy="0" addon="0" merge="0" rebuychips="0" reg_code="5089220998"/>
<player seat="6" name="L1mltless" chips="548" dealer="0" win="0" bet="20" muck="1" rebuy="0" addon="0" merge="0" rebuychips="0" reg_code="5089221152"/>
</players>
</general>
<round no="0"><action no="1" player="L1mltless" type="15" discard="1" dealt="1" sum="5"/>
<action no="2" player="22vidi22" type="15" sum="5"/>
<action no="3" player="Ankalaev" type="15" discard="1" dealt="1" sum="5"/>
<action no="4" player="L1mltless" type="1" discard="1" dealt="1" sum="15"/>
<action no="5" player="22vidi22" type="2" sum="30"/>
</round>
<round no="1"><cards type="Pocket" player="22vidi22">D2 S8</cards>
<cards type="Pocket" player="Ankalaev">X X</cards>
<cards type="Pocket" player="L1mltless">X X</cards>
<action no="6" player="Ankalaev" type="0" discard="1" dealt="1" sum="0"/>
<action no="7" player="L1mltless" type="0" discard="1" dealt="1" sum="0"/>
</round>
</game>
<game gamecode="6594178503"><general>
<startdate>2026-01-14 09:36:14</startdate>
<round>1</round>
<failsafecounter/>
<players><player seat="3" name="Ankalaev" chips="707" dealer="0" win="535" bet="265" muck="0" rebuy="0" addon="0" merge="0" rebuychips="0" reg_code="5089220998"/>
<player seat="6" name="L1mltless" chips="528" dealer="1" win="0" bet="5" muck="1" rebuy="0" addon="0" merge="0" rebuychips="0" reg_code="5089221152"/>
<player seat="10" name="22vidi22" chips="265" dealer="0" win="0" bet="265" muck="0" rebuy="0" addon="0" merge="0" rebuychips="0" reg_code="5089221188"/>
</players>
</general>
<round no="0"><action no="1" player="22vidi22" type="15" sum="5"/>
<action no="2" player="Ankalaev" type="15" discard="1" dealt="1" sum="5"/>
<action no="3" player="L1mltless" type="15" discard="1" dealt="1" sum="5"/>
<action no="4" player="22vidi22" type="1" sum="15"/>
<action no="5" player="Ankalaev" type="2" discard="1" dealt="1" sum="30"/>
</round>
<round no="1"><cards type="Pocket" player="22vidi22">D8 HA</cards>
<cards type="Pocket" player="Ankalaev">H5 C5</cards>
<cards type="Pocket" player="L1mltless">X X</cards>
<action no="6" player="L1mltless" type="0" discard="1" dealt="1" sum="0"/>
<action no="7" player="22vidi22" type="23" sum="260"/>
<action no="8" player="Ankalaev" type="3" discard="1" dealt="1" sum="230"/>
</round>
<round no="2"><cards type="Flop">DK CQ SJ</cards>
</round>
<round no="3"><cards type="Turn">S4</cards>
</round>
<round no="4"><cards type="River">D6</cards>
</round>
</game>
</session>
